0.2965 0.0037 0.0282 0.0478
1.1014 0.0037 0.0497 0.1576
1.1014 0.0037 0.0505 0.1576
1.1014 0.0037 0.0524 0.1582
1.1014 0.0037 0.0576 0.1642
1.1014 0.0037 0.0593 0.1646
1.1014 0.0037 0.0599 0.1645
1.1014 0.0037 0.0606 0.1644
1.1014 0.0037 0.0616 0.1644
1.1014 0.0037 0.0754 0.1887
1.1014 0.0037 0.0764 0.1886
1.1014 0.0037 0.0802 0.1924
1.1014 0.0037 0.0856 0.1946
1.1014 0.0037 0.0862 0.1944
1.1014 0.0037 0.0873 0.1943
1.1014 0.0037 0.0881 0.1941
1.1014 0.0037 0.0982 0.2137
1.1014 0.0037 0.0990 0.2135
1.1014 0.0037 0.1013 0.2134
1.1014 0.0037 0.1024 0.2132
1.1014 0.0037 0.1030 0.2131
1.1014 0.0037 0.1069 0.2148
1.1014 0.0037 0.1075 0.2146
1.1014 0.0037 0.1100 0.2146
1.1014 0.0037 0.1153 0.2180
1.1014 0.0037 0.1161 0.2177
1.5894 0.0037 0.1318 0.2622
1.5894 0.0037 0.1333 0.2619
1.5894 0.0037 0.1345 0.2624
2.1405 0.0037 0.1541 0.3297
2.1405 0.0037 0.1575 0.3319
2.1405 0.0037 0.1582 0.3316
2.1405 0.0037 0.1594 0.3313
2.1405 0.0037 0.1603 0.3310
2.1405 0.0037 0.1632 0.3309
2.1405 0.0037 0.1692 0.3335
2.1405 0.0037 0.1701 0.3332
2.1405 0.0037 0.1717 0.3328
2.1405 0.0037 0.1740 0.3325
2.1405 0.0037 0.1746 0.3322
2.1405 0.0037 0.1750 0.3322
2.1405 0.0037 0.1940 0.3855
2.1405 0.0037 0.1944 0.3854
2.1405 0.0037 0.1999 0.3871
2.1405 0.0037 0.2026 0.3867
2.1405 0.0037 0.2211 0.4298
2.1405 0.0037 0.2337 0.4334
2.1405 0.0037 0.2343 0.4331
2.1405 0.0037 0.2400 0.4320
2.1405 0.0037 0.2423 0.4314
2.1405 0.0037 0.2432 0.4310
2.1405 0.0037 0.2484 0.4302
2.1405 0.0037 0.2512 0.4295
2.1405 0.0037 0.2541 0.4289
2.1405 0.0037 0.2680 0.4522
2.1405 0.0037 0.3019 0.4953
2.1405 0.0037 0.3042 0.4949
2.1405 0.0037 0.3048 0.4945
2.1405 0.0037 0.3096 0.4932
2.1405 0.0037 0.3102 0.4932
2.1405 0.0037 0.3102 0.4932
2.1405 0.0037 0.3201 0.4971
2.1405 0.0037 0.3202 0.4971
2.1405 0.0037 0.3359 0.5163
2.1405 0.0037 0.3368 0.5161
2.1405 0.0037 0.3577 0.5412
2.1405 0.0037 0.3589 0.5407
2.1405 0.0037 0.3637 0.5423
2.1405 0.0037 0.3648 0.5418
2.1405 0.0037 0.3654 0.5414
2.1405 0.0037 0.3675 0.5416
2.1405 0.0037 0.3675 0.5416
2.1405 0.0037 0.3768 0.5444
2.1405 0.0037 0.3797 0.5432
2.1405 0.0037 0.3797 0.5432
2.1405 0.0037 0.3804 0.5428
2.1405 0.0037 0.3828 0.5417
2.1405 0.0037 0.3856 0.5405
2.1405 0.0037 0.3857 0.5406
2.1405 0.0037 0.3857 0.5406
2.1405 0.0037 0.3857 0.5406
2.1405 0.0037 0.3886 0.5393
2.1405 0.0037 0.3896 0.5396
2.1405 0.0037 0.3896 0.5396
2.1405 0.0037 0.3933 0.5391
2.1405 0.0037 0.3959 0.5378
2.1405 0.0037 0.4013 0.5355
2.1405 0.0037 0.4109 0.5340
2.1405 0.0037 0.4109 0.5340
2.1405 0.0037 0.4116 0.5335
2.1405 0.0037 0.4149 0.5325
2.1405 0.0037 0.4177 0.5326
2.1405 0.0037 0.4183 0.5322
2.1405 0.0037 0.4219 0.5325
2.1405 0.0037 0.4274 0.5311
2.1405 0.0037 0.4297 0.5301
2.1405 0.0037 0.4315 0.5295
2.1405 0.0037 0.4333 0.5287
2.1405 0.0037 0.4333 0.5287
2.1405 0.0037 0.4406 0.5415
2.1405 0.0037 0.4447 0.5408
2.1405 0.0037 0.4529 0.5448
2.1405 0.0037 0.4704 0.5672
2.1405 0.0037 0.4704 0.5672
2.1405 0.0037 0.4730 0.5667
2.1405 0.0037 0.4730 0.5667
2.1405 0.0037 0.4796 0.5651
2.1405 0.0037 0.4796 0.5651
2.1405 0.0037 0.4821 0.5635
2.1405 0.0037 0.4884 0.5617
2.1405 0.0037 0.4959 0.5606
2.1405 0.0037 0.4966 0.5601
2.1405 0.0037 0.4976 0.5614
2.1405 0.0037 0.4976 0.5614
2.1405 0.0037 0.5107 0.5637
2.1405 0.0071 0.5168 0.5602
2.1405 0.0071 0.5235 0.5592
2.1405 0.0071 0.5235 0.5592
2.1405 0.0071 0.5262 0.5576
2.1405 0.0071 0.5289 0.5561
2.1405 0.0071 0.5445 0.5649
2.1405 0.0071 0.5515 0.5633
2.1405 0.0071 0.5704 0.5825
2.1405 0.0071 0.5707 0.5829
2.1405 0.0071 0.5756 0.5812
2.1405 0.0071 0.5762 0.5806
2.1405 0.0071 0.5780 0.5791
2.1405 0.0071 0.5953 0.5874
2.1405 0.0071 0.6031 0.5855
2.1405 0.0071 0.6074 0.5831
2.1405 0.0071 0.6110 0.5807
2.1475 0.0071 0.6291 0.5998
2.1692 0.0071 0.6477 0.6179
2.1692 0.0071 0.6498 0.6170
2.1692 0.0071 0.6586 0.6251
2.1692 0.0071 0.6749 0.6275
2.1692 0.0071 0.6785 0.6250
2.1692 0.0071 0.6838 0.6317
2.1692 0.0071 0.6947 0.6288
2.1692 0.0071 0.6979 0.6278
2.1692 0.0071 0.6996 0.6269
2.1692 0.0071 0.6996 0.6269
2.1692 0.0071 0.7020 0.6277
2.1692 0.0071 0.7146 0.6320
2.1692 0.0071 0.7231 0.6394
2.1692 0.0071 0.7379 0.6548
2.1692 0.0100 0.7477 0.6526
2.1692 0.0100 0.7486 0.6520
2.1692 0.0100 0.7486 0.6520
2.1692 0.0100 0.7634 0.6611
2.1692 0.0100 0.7771 0.6656
2.1692 0.0100 0.7831 0.6640
2.1692 0.0100 0.7985 0.6638
2.1692 0.0100 0.8034 0.6597
2.1692 0.0100 0.8034 0.6597
2.1692 0.0100 0.8201 0.6724
2.1692 0.0100 0.8243 0.6690
2.1692 0.0100 0.8291 0.6654
2.1692 0.0100 0.8361 0.6625
2.1692 0.0100 0.8536 0.6699
2.1692 0.0100 0.8536 0.6699
2.1692 0.0100 0.8610 0.6701
2.2137 0.0100 0.8655 0.6774
2.2137 0.0100 0.8704 0.6730
2.2137 0.0100 0.8704 0.6730
2.2137 0.0100 0.8788 0.6784
2.2137 0.0100 0.8827 0.6749
2.2137 0.0100 0.8881 0.6705
2.2137 0.0100 0.8884 0.6705
2.2137 0.0100 0.9078 0.6756
2.2137 0.0100 0.9204 0.6791
2.2137 0.0100 0.9248 0.6856
2.2137 0.0100 0.9368 0.6885
2.2137 0.0100 0.9387 0.6878
2.2137 0.0100 0.9436 0.6834
2.2246 0.0100 0.9486 0.6904
2.2246 0.0100 0.9527 0.6960
2.2246 0.0100 0.9556 0.6947
2.2246 0.0100 0.9594 0.6911
2.2246 0.0100 0.9611 0.6938
2.2246 0.0100 0.9754 0.6948
2.2246 0.0100 0.9807 0.7019
2.2246 0.0100 0.9830 0.6993
2.2246 0.0100 0.9853 0.6986
2.2246 0.0100 0.9868 0.6975
2.2246 0.0100 0.9994 0.7054
2.2246 0.0100 1.0005 0.7048
2.2246 0.0100 1.0168 0.7020
2.2246 0.0100 1.0174 0.7016
2.2246 0.0100 1.0323 0.6971
2.2246 0.0100 1.0360 0.6936
2.2246 0.0100 1.0405 0.6902
2.2246 0.0100 1.0501 0.6825
2.2246 0.0100 1.0582 0.6834
2.2246 0.0100 1.0723 0.6820
2.2246 0.0100 1.0723 0.6819
2.2246 0.0100 1.0782 0.6830
2.2246 0.0100 1.0826 0.6797
2.2246 0.0100 1.0932 0.6811
2.2246 0.0100 1.1051 0.6787
2.2246 0.0100 1.1065 0.6777
2.2246 0.0100 1.1205 0.6767
2.2246 0.0100 1.1205 0.6767
2.2246 0.0100 1.1229 0.6793
2.5759 0.0100 1.1371 0.7010
2.5759 0.0100 1.1382 0.7001
2.5759 0.0100 1.1556 0.7070
2.5759 0.0100 1.1699 0.7140
2.5759 0.0100 1.1840 0.7159
2.5759 0.0100 1.1893 0.7217
2.5759 0.0100 1.1955 0.7150
2.5759 0.0100 1.2015 0.7075
2.5759 0.0100 1.2197 0.7106
2.5759 0.0100 1.2246 0.7138
2.5759 0.0100 1.2264 0.7133
2.5759 0.0100 1.2334 0.7083
2.5759 0.0100 1.2334 0.7083
2.5759 0.0100 1.2334 0.7083
2.5759 0.0100 1.2348 0.7084
2.5759 0.0100 1.2349 0.7084
2.5759 0.0100 1.2394 0.7062
2.5759 0.0100 1.2424 0.7031
2.5759 0.0100 1.2570 0.6985
2.5759 0.0100 1.2638 0.6950
2.5759 0.0100 1.2748 0.7031
2.5759 0.0100 1.2815 0.7026
2.5759 0.0100 1.2999 0.7007
2.5759 0.0100 1.3069 0.7087
2.5759 0.0100 1.3260 0.7123
2.5759 0.0100 1.3270 0.7135
2.5759 0.0100 1.3297 0.7122
2.5759 0.0100 1.3403 0.7097
2.5759 0.0100 1.3542 0.7029
2.5759 0.0100 1.3589 0.7067
2.5759 0.0100 1.3589 0.7067
2.5759 0.0100 1.3756 0.7053
2.5759 0.0100 1.3809 0.7101
2.5759 0.0100 1.3832 0.7095
2.5759 0.0100 1.3875 0.7155
2.5759 0.0100 1.3885 0.7165
2.5759 0.0100 1.3986 0.7260
2.5759 0.0100 1.4150 0.7265
2.5759 0.0100 1.4361 0.7243
2.5759 0.0100 1.4396 0.7289
2.5759 0.0100 1.4549 0.7274
2.5759 0.0100 1.4572 0.7304
2.5759 0.0100 1.4587 0.7307
2.5759 0.0100 1.4685 0.7284
2.5759 0.0100 1.4936 0.7230
2.5759 0.0100 1.5104 0.7183
2.5759 0.0100 1.5145 0.7212
2.5759 0.0100 1.5145 0.7212
2.5759 0.0100 1.5145 0.7212
2.5759 0.0100 1.5256 0.7235
2.5885 0.0100 1.5286 0.7273
2.5885 0.0100 1.5397 0.7294
2.5885 0.0100 1.5407 0.7303
2.5885 0.0100 1.5590 0.7331
2.5885 0.0100 1.5653 0.7281
2.5885 0.0100 1.5680 0.7306
2.5885 0.0100 1.5680 0.7306
2.5885 0.0719 1.5765 0.7172
2.5885 0.0719 1.5771 0.7176
2.5885 0.0719 1.5771 0.7176
2.5885 0.0719 1.5812 0.7149
2.5885 0.0719 1.5898 0.7144
2.5885 0.0719 1.5908 0.7148
2.5885 0.0719 1.6096 0.7042
2.5885 0.0719 1.6231 0.7032
2.5885 0.0719 1.6234 0.7035
2.5885 0.0951 1.6396 0.6860
2.5885 0.0951 1.6523 0.6845
2.5885 0.0951 1.6539 0.6858
2.5885 0.0951 1.6544 0.6864
2.5885 0.0951 1.6544 0.6864
2.5885 0.0951 1.6693 0.6897
2.5885 0.0951 1.6736 0.6914
2.5885 0.0951 1.6895 0.6850
2.5885 0.0951 1.6941 0.6866
2.5885 0.0951 1.6946 0.6871
2.5885 0.0951 1.6956 0.6878
2.5885 0.0951 1.6956 0.6878
2.5885 0.0951 1.7089 0.6747
2.5885 0.0951 1.7093 0.6751
2.5885 0.0951 1.7191 0.6661
2.5885 0.0951 1.7194 0.6663
2.6741 0.0951 1.7212 0.6688
2.6741 0.0951 1.7272 0.6737
2.6741 0.0951 1.7273 0.6737
2.6741 0.0951 1.7287 0.6738
2.6741 0.0951 1.7352 0.6779
2.6741 0.0951 1.7579 0.6674
2.6741 0.0951 1.7580 0.6674
2.6741 0.0951 1.7588 0.6679
2.6741 0.0951 1.7588 0.6679
2.6741 0.0951 1.7588 0.6679
2.6741 0.0951 1.7588 0.6679
2.6741 0.0951 1.7589 0.6680
2.6741 0.0951 1.7589 0.6680
2.6741 0.0951 1.7603 0.6692
2.6741 0.0951 1.7702 0.6749
2.6741 0.0951 1.7792 0.6780
2.6741 0.0951 1.7832 0.6789
2.6741 0.0951 1.7903 0.6692
2.6741 0.0951 1.7903 0.6692
2.6741 0.0951 1.7903 0.6692
2.6741 0.0951 1.7921 0.6708
2.6741 0.0951 1.8010 0.6758
2.6741 0.0951 1.8064 0.6805
2.6833 0.0951 1.8112 0.6850
2.6833 0.0951 1.8114 0.6850
2.6833 0.0951 1.8177 0.6856
2.6833 0.0951 1.8302 0.6725
2.6833 0.0951 1.8302 0.6725
2.6833 0.0951 1.8375 0.6749
2.6833 0.0951 1.8472 0.6799
2.6833 0.0951 1.8492 0.6814
2.6833 0.0951 1.8579 0.6835
2.6833 0.0951 1.8592 0.6841
2.6833 0.0951 1.8803 0.6744
2.6833 0.0951 1.8822 0.6757
2.6833 0.0951 1.8822 0.6757
2.6833 0.0951 1.8846 0.6755
2.6833 0.5621 1.9053 0.6517
2.6833 0.5621 1.9228 0.6433
2.6833 0.5621 1.9228 0.6433
2.6833 0.5621 1.9319 0.6474
2.6833 0.5621 1.9432 0.6411
2.6833 0.5621 1.9432 0.6411
2.6833 0.5621 1.9432 0.6411
2.6833 0.5621 1.9464 0.6428
2.6833 0.5621 1.9487 0.6432
2.6833 0.5621 1.9520 0.6384
2.6833 0.5621 1.9528 0.6368
2.6833 0.5621 1.9528 0.6368
2.6833 0.5621 1.9535 0.6375
2.6833 0.5621 1.9611 0.6389
2.6833 0.5621 1.9613 0.6390
2.6833 0.5621 1.9748 0.6253
2.6833 0.5621 1.9788 0.6258
2.6833 0.5621 1.9819 0.6275
2.6833 0.5621 1.9977 0.6112
2.6833 0.5621 1.9984 0.6114
2.6833 0.5621 2.0032 0.6146
2.6833 0.5621 2.0072 0.6165
2.6833 0.5621 2.0073 0.6166
2.6833 0.5621 2.0167 0.6180
2.6833 0.5621 2.0190 0.6198
2.6833 0.5621 2.0190 0.6198
2.6833 0.5621 2.0190 0.6198
2.6833 0.5621 2.0297 0.6074
2.6833 0.5621 2.0297 0.6074
2.6833 0.5621 2.0323 0.6088
2.6833 0.5621 2.0331 0.6090
2.6833 0.5621 2.0331 0.6090
2.6833 0.5621 2.0520 0.5980
2.6833 0.5621 2.0528 0.5982
2.6833 0.5621 2.0528 0.5982
2.6833 0.5621 2.0528 0.5982
2.6833 0.5621 2.0528 0.5982
2.6833 0.5621 2.0531 0.5983
2.6833 0.5621 2.0531 0.5983
2.6833 0.5621 2.0550 0.5988
2.6833 0.5621 2.0572 0.5989
2.6833 0.5621 2.0572 0.5989
2.6833 0.5621 2.0572 0.5989
2.6833 0.5621 2.0579 0.5996
2.6833 0.5621 2.0692 0.5818
2.6833 0.5621 2.0764 0.5821
2.6833 0.5621 2.0764 0.5821
2.6833 0.5621 2.0852 0.5832
2.6833 0.5621 2.0852 0.5832
2.6833 0.5621 2.0878 0.5843
2.6833 0.6095 2.1001 0.5646
2.6833 0.6095 2.1077 0.5643
2.6833 0.6095 2.1077 0.5643
2.6833 0.6095 2.1081 0.5644
2.6833 0.6095 2.1155 0.5650
2.6833 0.6095 2.1155 0.5650
2.6833 0.6095 2.1271 0.5600
2.6833 0.6095 2.1307 0.5585
2.6833 0.6095 2.1307 0.5585
2.6833 0.6095 2.1307 0.5585
2.6833 0.6095 2.1307 0.5585
2.6833 0.6095 2.1356 0.5592
2.6833 0.6095 2.1356 0.5592
2.6833 0.6095 2.1381 0.5600
2.6833 0.6095 2.1382 0.5600
2.6833 0.6095 2.1551 0.5430
2.6833 0.6095 2.1564 0.5439
2.6833 0.6095 2.1621 0.5456
2.6833 0.6095 2.1621 0.5456
2.6833 0.6095 2.1632 0.5464
2.6833 0.6095 2.1656 0.5479
2.6833 0.6095 2.1771 0.5345
2.6833 0.6095 2.1925 0.5129
2.6833 0.6095 2.1928 0.5131
2.6833 0.6095 2.1929 0.5131
2.6833 0.6095 2.1946 0.5137
2.6833 0.6095 2.1946 0.5137
2.6833 0.6095 2.2033 0.5041
2.6833 0.6095 2.2169 0.4841
2.6833 0.6095 2.2189 0.4855
2.6833 0.6095 2.2225 0.4836
2.6833 0.6095 2.2226 0.4836
2.6833 0.6095 2.2226 0.4836
2.7045 0.6095 2.2239 0.4847
2.7045 0.6095 2.2327 0.4838
2.7045 0.6095 2.2393 0.4754
2.7045 0.6095 2.2393 0.4754
2.7045 0.6095 2.2396 0.4755
2.7045 0.6095 2.2396 0.4755
2.7045 0.6095 2.2398 0.4757
2.7045 0.6095 2.2433 0.4737
2.7045 0.6095 2.2508 0.4647
2.7045 0.6095 2.2657 0.4391
2.7045 0.6095 2.2792 0.4244
2.7045 0.6095 2.2792 0.4244
2.7045 0.6095 2.2837 0.4261
2.7045 0.6095 2.2837 0.4261
2.7045 0.6095 2.2837 0.4261
2.7045 0.6095 2.2847 0.4260
2.7045 0.6095 2.2861 0.4264
2.7045 0.6095 2.2867 0.4267
2.7045 0.6095 2.2867 0.4267
2.7045 0.6095 2.2965 0.4240
2.7045 0.6095 2.3002 0.4255
2.7045 0.6095 2.3002 0.4255
2.7045 0.6095 2.3180 0.3962
2.7045 0.6095 2.3218 0.3971
2.7045 0.6095 2.3218 0.3971
2.7045 0.6095 2.3273 0.3973
2.7045 0.6095 2.3273 0.3973
2.7045 0.6095 2.3280 0.3969
2.7045 0.6095 2.3280 0.3969
2.7045 0.6095 2.3280 0.3969
2.7045 0.6095 2.3283 0.3971
2.7045 0.6095 2.3283 0.3971
2.7910 0.6095 2.3295 0.3982
2.7910 0.6095 2.3295 0.3982
2.7910 0.6095 2.3295 0.3983
2.7910 0.6095 2.3295 0.3983
2.7910 0.6095 2.3296 0.3983
2.7910 0.6095 2.3296 0.3983
2.7910 0.6095 2.3329 0.3989
2.7910 0.6095 2.3348 0.4002
2.7910 0.6095 2.3348 0.4002
2.7910 0.6095 2.3349 0.4003
2.7910 0.6095 2.3349 0.4003
2.7910 0.6095 2.3353 0.4005
2.7910 0.6095 2.3353 0.4005
2.7910 0.6095 2.3353 0.4005
2.7910 0.6095 2.3353 0.4005
2.7910 0.6095 2.3496 0.3783
2.7910 0.6095 2.3496 0.3783
2.7910 0.6095 2.3518 0.3795
2.7910 0.6095 2.3519 0.3795
2.7910 0.6095 2.3519 0.3795
2.7910 0.6095 2.3519 0.3795
2.7910 0.6095 2.3566 0.3816
2.7910 0.6095 2.3566 0.3816
2.7910 0.6095 2.3610 0.3828
2.7910 0.6095 2.3627 0.3823
2.7910 0.6095 2.3628 0.3824
2.7910 0.6095 2.3628 0.3824
2.7910 0.6095 2.3658 0.3820
2.7910 0.6095 2.3658 0.3820
2.7910 0.6095 2.3667 0.3826
2.7910 0.6095 2.3685 0.3816
2.7910 0.6095 2.3693 0.3818
2.7910 0.6095 2.3714 0.3828
2.7910 0.6095 2.3714 0.3828
2.7910 0.6095 2.3715 0.3828
2.7910 0.6095 2.3751 0.3805
2.7910 0.6095 2.3883 0.3621
2.7910 0.6095 2.3887 0.3619
2.7910 0.6095 2.4042 0.3452
2.7910 0.6095 2.4057 0.3462
2.7910 0.6095 2.4078 0.3473
2.7910 0.6095 2.4080 0.3472
2.7910 0.6095 2.4119 0.3470
2.7910 0.6095 2.4119 0.3470
2.7910 0.6095 2.4139 0.3478
2.7910 0.6095 2.4156 0.3488
2.7910 0.6095 2.4163 0.3492
2.7910 0.6095 2.4163 0.3492
2.7910 0.6095 2.4196 0.3481
2.7910 0.6095 2.4206 0.3484
2.7910 0.6095 2.4235 0.3474
2.7910 0.6095 2.4235 0.3474
2.7910 0.6095 2.4260 0.3485
2.7910 0.6095 2.4260 0.3485
2.7910 0.6095 2.4260 0.3485
2.7910 0.6095 2.4269 0.3490
2.7910 0.6095 2.4269 0.3490
2.7910 0.6095 2.4281 0.3501
2.7910 0.6095 2.4317 0.3500
2.7910 0.6095 2.4356 0.3511
2.7910 0.6095 2.4356 0.3511
2.7910 0.6095 2.4366 0.3514
2.7910 0.6095 2.4408 0.3494
2.7910 0.6095 2.4408 0.3494
2.7910 0.6095 2.4408 0.3494
2.7910 0.6095 2.4408 0.3494
2.7910 0.6095 2.4449 0.3479
2.7910 0.6095 2.4503 0.3485
2.8646 0.6095 2.4521 0.3502
2.8646 0.6095 2.4526 0.3501
2.8646 0.6095 2.4526 0.3502
2.8646 0.6095 2.4613 0.3398
2.8646 0.6095 2.4613 0.3398
2.8646 0.6095 2.4625 0.3400
2.8646 0.6095 2.4627 0.3402
2.8646 0.6095 2.4729 0.3279
2.8646 0.6095 2.4745 0.3285
2.8646 0.6095 2.4815 0.2960
2.8646 0.6095 2.4815 0.2960
2.8646 0.6095 2.4815 0.2960
2.8646 0.6095 2.4831 0.2962
2.8646 0.6095 2.4831 0.2962
2.8646 0.6095 2.4853 0.2954
2.8646 0.6095 2.4853 0.2954
2.8646 0.6095 2.4853 0.2954
2.8646 0.6095 2.4870 0.2958
2.8646 0.6095 2.4871 0.2958
2.8646 1.3840 2.5078 0.2285
2.8646 1.3840 2.5112 0.2281
2.8646 1.3840 2.5112 0.2281
2.8646 1.3840 2.5112 0.2281
2.8646 1.3840 2.5112 0.2281
2.8646 1.3840 2.5112 0.2281
2.8646 1.3840 2.5112 0.2281
2.8646 1.3840 2.5112 0.2281
2.8646 1.3840 2.5112 0.2281
2.8646 1.3840 2.5135 0.2266
2.8646 1.3840 2.5184 0.2250
2.8646 1.3840 2.5190 0.2241
2.8646 1.3840 2.5190 0.2241
2.8646 1.3840 2.5211 0.2249
2.8646 1.3840 2.5211 0.2249
2.8646 1.6983 2.5321 0.1937
2.8646 1.6983 2.5321 0.1937
2.8646 1.6983 2.5322 0.1938
2.8646 1.6983 2.5363 0.1902
2.8646 1.6983 2.5363 0.1902
2.8646 1.6983 2.5363 0.1902
2.8646 1.6983 2.5393 0.1876
2.8646 1.6983 2.5393 0.1876
2.8646 1.6983 2.5393 0.1876
2.8646 1.6983 2.5405 0.1881
2.8646 1.6983 2.5406 0.1883
2.8646 1.6983 2.5412 0.1885
2.8646 1.6983 2.5460 0.1857
2.8646 1.6983 2.5491 0.1835
2.8646 1.6983 2.5509 0.1836
2.8646 1.6983 2.5525 0.1837
2.8646 1.6983 2.5525 0.1837
2.8646 1.6983 2.5525 0.1837
2.8646 1.6983 2.5538 0.1839
2.8646 1.6983 2.5582 0.1796
2.8646 1.6983 2.5582 0.1796
2.8646 1.6983 2.5585 0.1797
2.8646 1.6983 2.5585 0.1797
2.8646 1.6983 2.5639 0.1751
2.8646 1.6983 2.5639 0.1751
2.8646 1.6983 2.5639 0.1751
2.8646 1.6983 2.5639 0.1751
2.8646 1.6983 2.5668 0.1722
2.8646 1.6983 2.5680 0.1720
2.8646 1.6983 2.5687 0.1721
2.8646 1.6983 2.5687 0.1721
2.8646 1.6983 2.5687 0.1721
2.8646 1.6983 2.5687 0.1721
2.8646 1.6983 2.5702 0.1739
2.8646 1.6983 2.5722 0.1747
2.8646 1.6983 2.5748 0.1710
2.8646 1.6983 2.5749 0.1710
2.8646 1.6983 2.5749 0.1710
2.8646 1.6983 2.5785 0.1673
2.8646 1.6983 2.5790 0.1674
2.8646 1.6983 2.5790 0.1674
2.8646 1.6983 2.5790 0.1674
2.8646 1.6983 2.5790 0.1674
2.8646 1.6983 2.5790 0.1674
2.8646 1.6983 2.5805 0.1670
2.8646 1.6983 2.5813 0.1672
2.8646 1.6983 2.5813 0.1672
2.8646 1.6983 2.5845 0.1679
2.8646 1.6983 2.5871 0.1640
2.8646 1.6983 2.5871 0.1640
2.8646 1.6983 2.5878 0.1641
2.8646 1.6983 2.5878 0.1641
2.8646 1.6983 2.5928 0.1586
2.8646 1.6983 2.5931 0.1587
2.8646 1.6983 2.5944 0.1587
2.8646 1.6983 2.5944 0.1587
2.8646 1.6983 2.5948 0.1587
2.8646 1.6983 2.5948 0.1587
2.8646 1.6983 2.5948 0.1587
2.8646 1.6983 2.5961 0.1591
2.8646 1.6983 2.5981 0.1589
2.8646 1.6983 2.6031 0.1546
2.8646 1.6983 2.6031 0.1546
2.8646 1.6983 2.6056 0.1543
2.8646 1.6983 2.6056 0.1543
2.8646 1.6983 2.6056 0.1543
2.8646 1.6983 2.6058 0.1543
2.8646 1.6983 2.6058 0.1543
2.8646 1.6983 2.6077 0.1507
2.8646 1.6983 2.6077 0.1507
2.8646 1.6983 2.6092 0.1496
2.8646 1.6983 2.6096 0.1497
2.8646 1.6983 2.6103 0.1498
2.8646 1.6983 2.6124 0.1518
2.8646 1.6983 2.6127 0.1520
2.8646 1.6983 2.6140 0.1521
2.8646 1.6983 2.6140 0.1521
2.8646 1.6983 2.6173 0.1528
2.8646 1.6983 2.6175 0.1528
2.8646 1.6983 2.6193 0.1520
2.8646 1.6983 2.6211 0.1528
2.8646 1.6983 2.6219 0.1532
2.8646 1.6983 2.6219 0.1532
2.8646 1.6983 2.6219 0.1532
2.8646 1.6983 2.6219 0.1532
2.8646 1.6983 2.6245 0.1526
2.8646 1.6983 2.6255 0.1527
2.8646 1.6983 2.6306 0.1467
2.8646 1.6983 2.6308 0.1467
2.8646 1.6983 2.6318 0.1461
2.8646 1.6983 2.6318 0.1461
2.8646 2.1958 2.6414 0.1119
2.8646 2.1958 2.6417 0.1118
2.8646 2.1958 2.6417 0.1118
2.8646 2.1958 2.6440 0.1134
2.8646 2.1958 2.6440 0.1134
2.8646 2.1958 2.6446 0.1129
2.8646 2.1958 2.6454 0.1136
2.8646 2.1958 2.6462 0.1134
2.8646 2.1958 2.6462 0.1134
2.8646 2.1958 2.6468 0.1135
2.8646 2.1958 2.6468 0.1135
2.8646 2.1958 2.6486 0.1143
2.8646 2.1958 2.6490 0.1144
2.8646 2.1958 2.6490 0.1144
2.8646 2.1958 2.6499 0.1151
2.8646 2.1958 2.6499 0.1151
2.8646 2.1958 2.6509 0.1152
2.8646 2.1958 2.6509 0.1152
2.8646 2.1958 2.6535 0.1137
2.8646 2.1958 2.6536 0.1137
2.8646 2.1958 2.6541 0.1137
2.8646 2.1958 2.6543 0.1138
2.8646 2.1958 2.6544 0.1138
2.8646 2.1958 2.6545 0.1138
2.8646 2.1958 2.6567 0.1125
2.8646 2.1958 2.6567 0.1125
2.8646 2.1958 2.6567 0.1125
2.8646 2.1958 2.6567 0.1125
2.8646 2.1958 2.6567 0.1125
2.8646 2.1958 2.6568 0.1125
2.8646 2.1958 2.6576 0.1122
2.8646 2.1958 2.6576 0.1123
2.8646 2.1958 2.6577 0.1123
2.8646 2.1958 2.6579 0.1123
2.8646 2.1958 2.6579 0.1123
2.8646 2.1958 2.6579 0.1123
2.8646 2.1958 2.6579 0.1123
2.8646 2.1958 2.6579 0.1123
2.8646 2.1958 2.6591 0.1128
2.8646 2.1958 2.6591 0.1128
2.8646 2.1958 2.6591 0.1128
2.8646 2.1958 2.6598 0.1133
2.8646 2.1958 2.6627 0.1123
2.8646 2.1958 2.6627 0.1123
2.8646 2.1958 2.6630 0.1124
2.8646 2.1958 2.6644 0.1137
2.8646 2.2229 2.6696 0.1036
2.8646 2.2229 2.6704 0.1038
2.8646 2.2229 2.6709 0.1040
2.8646 2.2229 2.6716 0.1034
2.8646 2.2229 2.6723 0.1038
2.8646 2.2229 2.6723 0.1038
2.8646 2.2229 2.6735 0.1020
2.8646 2.2229 2.6735 0.1020
2.8646 2.2229 2.6747 0.1015
2.8646 2.2229 2.6759 0.1019
2.8646 2.2229 2.6767 0.1025
2.8646 2.2229 2.6773 0.1026
2.8646 2.2229 2.6782 0.1024
2.8646 2.2229 2.6784 0.1025
2.8646 2.2229 2.6788 0.1023
2.8646 2.2229 2.6792 0.1024
2.8646 2.2229 2.6792 0.1024
2.8646 2.2229 2.6796 0.1025
2.8646 2.2229 2.6797 0.1025
2.8646 2.2229 2.6807 0.1024
2.8646 2.2229 2.6810 0.1022
2.8646 2.2229 2.6810 0.1022
2.8646 2.2229 2.6815 0.1030
2.8646 2.2229 2.6819 0.1029
2.8646 2.2229 2.6819 0.1029
2.8646 2.2229 2.6819 0.1029
2.8646 2.2229 2.6829 0.1033
2.8646 2.2229 2.6836 0.1036
2.8646 2.2229 2.6836 0.1036
2.8646 2.2229 2.6837 0.1036
2.8646 2.2229 2.6853 0.1037
2.8646 2.2229 2.6853 0.1037
2.8646 2.2229 2.6854 0.1033
2.8646 2.2229 2.6854 0.1033
2.8646 2.2229 2.6854 0.1033
2.8646 2.2229 2.6866 0.1041
2.8646 2.2229 2.6872 0.1044
2.8646 2.2229 2.6913 0.0946
2.8646 2.2229 2.6913 0.0946
2.8646 2.2229 2.6913 0.0946
2.8646 2.2229 2.6931 0.0924
2.8646 2.2229 2.6931 0.0924
2.8646 2.4569 2.6986 0.0798
2.8646 2.4569 2.6986 0.0798
2.8646 2.4569 2.6988 0.0797
2.8646 2.4569 2.6994 0.0799
2.8646 2.4569 2.6994 0.0799
2.8703 2.4569 2.6996 0.0804
2.8703 2.4569 2.7001 0.0804
2.8703 2.4569 2.7004 0.0805
2.8703 2.4569 2.7004 0.0805
2.8703 2.4569 2.7011 0.0802
2.8703 2.4569 2.7011 0.0802
2.8703 2.4569 2.7011 0.0802
2.8703 2.4569 2.7024 0.0818
2.8703 2.4569 2.7046 0.0790
2.8703 2.4569 2.7060 0.0779
2.8703 2.4569 2.7060 0.0779
2.8703 2.4569 2.7060 0.0779
2.8846 2.4569 2.7061 0.0783
2.8846 2.4569 2.7061 0.0783
2.8901 2.4569 2.7092 0.0793
2.8901 2.4569 2.7094 0.0794
2.8901 2.4569 2.7097 0.0793
2.8901 2.4569 2.7100 0.0793
2.8901 2.4569 2.7100 0.0793
2.8901 2.4569 2.7111 0.0796
2.8901 2.4569 2.7118 0.0799
2.8901 2.4569 2.7120 0.0799
2.8901 2.4569 2.7123 0.0800
2.8901 2.4569 2.7123 0.0800
2.8901 2.4569 2.7123 0.0800
2.8901 2.4569 2.7123 0.0800
2.8901 2.4569 2.7123 0.0800
2.8901 2.4569 2.7123 0.0800
2.8901 2.4569 2.7124 0.0799
2.8901 2.4569 2.7126 0.0798
2.8901 2.4569 2.7126 0.0798
2.8901 2.4569 2.7130 0.0794
2.8901 2.4569 2.7130 0.0794
2.8901 2.4569 2.7130 0.0794
2.8901 2.4569 2.7130 0.0794
2.9024 2.4569 2.7152 0.0816
2.9712 2.4569 2.7191 0.0887
2.9712 2.4569 2.7198 0.0890
2.9712 2.4569 2.7204 0.0888
2.9712 2.4569 2.7207 0.0886
2.9712 2.4569 2.7207 0.0886
2.9712 2.4569 2.7212 0.0887
2.9712 2.4569 2.7222 0.0888
2.9712 2.4569 2.7227 0.0884
2.9712 2.4569 2.7237 0.0877
2.9712 2.4569 2.7238 0.0877
2.9712 2.4569 2.7258 0.0886
2.9712 2.4569 2.7258 0.0886
2.9712 2.4569 2.7258 0.0886
2.9712 2.4569 2.7258 0.0886
2.9712 2.4569 2.7260 0.0885
2.9712 2.4569 2.7269 0.0885
2.9712 2.4569 2.7269 0.0885
2.9712 2.4569 2.7280 0.0872
2.9712 2.4569 2.7296 0.0845
2.9712 2.4569 2.7299 0.0844
2.9712 2.4569 2.7299 0.0844
2.9712 2.4569 2.7299 0.0844
2.9712 2.4569 2.7299 0.0844
2.9712 2.4569 2.7312 0.0847
2.9712 2.4569 2.7313 0.0846
2.9712 2.4569 2.7326 0.0823
2.9712 2.4569 2.7330 0.0822
2.9712 2.4569 2.7344 0.0849
2.9712 2.4569 2.7344 0.0849
2.9712 2.4569 2.7344 0.0849
2.9712 2.4569 2.7352 0.0846
2.9712 2.4569 2.7352 0.0846
2.9712 2.4569 2.7352 0.0846
2.9712 2.4569 2.7357 0.0847
2.9803 2.4569 2.7358 0.0849
2.9803 2.4569 2.7358 0.0849
2.9803 2.4569 2.7362 0.0852
2.9803 2.4569 2.7372 0.0856
2.9803 2.4569 2.7372 0.0856
2.9803 2.4569 2.7372 0.0856
2.9803 2.4569 2.7372 0.0856
2.9803 2.4569 2.7372 0.0856
2.9803 2.4569 2.7372 0.0856
2.9803 2.4569 2.7377 0.0849
2.9803 2.4569 2.7389 0.0859
2.9803 2.4569 2.7389 0.0859
2.9803 2.4569 2.7390 0.0858
2.9803 2.4569 2.7419 0.0862
2.9803 2.4569 2.7419 0.0862
2.9803 2.4569 2.7419 0.0862
2.9803 2.4569 2.7428 0.0873
2.9803 2.4569 2.7428 0.0873
2.9803 2.4569 2.7428 0.0873
2.9803 2.4569 2.7429 0.0873
2.9803 2.4569 2.7436 0.0867
2.9803 2.4569 2.7436 0.0867
2.9803 2.4569 2.7436 0.0867
2.9803 2.4569 2.7444 0.0874
2.9803 2.4569 2.7444 0.0874
2.9803 2.4569 2.7444 0.0874
2.9803 2.4569 2.7444 0.0874
2.9803 2.4569 2.7444 0.0874
2.9803 2.4569 2.7444 0.0874
2.9803 2.4569 2.7444 0.0874
2.9803 2.4569 2.7445 0.0874
2.9803 2.4569 2.7454 0.0882
2.9803 2.4569 2.7459 0.0879
2.9803 2.4569 2.7460 0.0878
2.9803 2.4569 2.7472 0.0885
2.9803 2.4569 2.7472 0.0885
2.9803 2.4569 2.7474 0.0884
2.9803 2.4569 2.7482 0.0880
2.9803 2.4569 2.7504 0.0875
2.9803 2.4569 2.7523 0.0857
2.9803 2.4569 2.7536 0.0860
2.9803 2.4569 2.7536 0.0861
2.9803 2.4569 2.7536 0.0861
2.9803 2.4569 2.7536 0.0861
2.9803 2.4569 2.7537 0.0860
2.9803 2.4569 2.7547 0.0855
2.9803 2.4569 2.7553 0.0858
2.9803 2.4569 2.7553 0.0858
2.9803 2.4569 2.7553 0.0858
2.9803 2.4569 2.7553 0.0858
2.9803 2.4569 2.7553 0.0858
2.9803 2.4569 2.7554 0.0859
2.9803 2.4569 2.7554 0.0859
2.9803 2.4569 2.7576 0.0863
2.9803 2.4569 2.7580 0.0862
2.9803 2.4569 2.7587 0.0856
2.9803 2.4569 2.7593 0.0855
2.9803 2.4569 2.7623 0.0885
2.9803 2.4569 2.7623 0.0885
2.9803 2.4569 2.7631 0.0883
2.9803 2.4569 2.7643 0.0885
2.9803 2.4569 2.7643 0.0885
2.9803 2.4569 2.7661 0.0881
2.9803 2.4569 2.7669 0.0867
2.9803 2.4569 2.7669 0.0867
2.9803 2.4569 2.7669 0.0867
2.9803 2.4569 2.7669 0.0867
2.9803 2.4569 2.7669 0.0867
2.9803 2.4569 2.7669 0.0867
2.9803 2.4569 2.7669 0.0867
2.9803 2.4569 2.7682 0.0881
2.9803 2.4569 2.7688 0.0876
2.9803 2.4569 2.7702 0.0879
2.9803 2.4569 2.7702 0.0879
2.9803 2.4569 2.7702 0.0879
2.9803 2.4569 2.7702 0.0879
2.9803 2.4569 2.7702 0.0879
2.9803 2.4569 2.7708 0.0882
2.9803 2.4569 2.7708 0.0882
2.9803 2.4569 2.7712 0.0878
2.9803 2.4569 2.7720 0.0882
2.9803 2.4569 2.7720 0.0882
2.9803 2.4569 2.7720 0.0882
2.9803 2.4569 2.7748 0.0900
2.9803 2.4569 2.7748 0.0900
2.9803 2.4569 2.7748 0.0900
2.9803 2.4569 2.7748 0.0900
2.9803 2.4569 2.7757 0.0911
2.9803 2.4569 2.7757 0.0911
2.9803 2.4569 2.7768 0.0904
2.9803 2.4569 2.7769 0.0904
2.9803 2.4569 2.7769 0.0904
2.9803 2.4569 2.7769 0.0904
2.9803 2.4569 2.7783 0.0905
2.9803 2.4569 2.7796 0.0898
2.9803 2.4569 2.7796 0.0898
2.9803 2.4569 2.7796 0.0898
2.9803 2.4569 2.7796 0.0898
2.9803 2.4569 2.7803 0.0895
2.9803 2.4569 2.7809 0.0898
2.9803 2.4569 2.7812 0.0896
2.9803 2.4569 2.7812 0.0897
2.9803 2.4569 2.7813 0.0898
2.9803 2.4569 2.7813 0.0898
2.9803 2.4569 2.7813 0.0898
2.9803 2.4569 2.7813 0.0898
2.9803 2.4569 2.7813 0.0898
2.9803 2.4569 2.7832 0.0892
2.9803 2.4569 2.7851 0.0889
2.9803 2.4569 2.7853 0.0891
2.9803 2.4569 2.7853 0.0891
2.9803 2.4569 2.7853 0.0891
2.9803 2.4569 2.7860 0.0892
2.9803 2.4569 2.7862 0.0890
2.9803 2.4569 2.7862 0.0890
2.9803 2.4569 2.7862 0.0890
2.9803 2.4569 2.7862 0.0890
2.9803 2.4569 2.7862 0.0890
2.9803 2.4569 2.7863 0.0892
2.9803 2.4569 2.7874 0.0892
2.9803 2.4569 2.7874 0.0892
2.9803 2.4569 2.7879 0.0890
2.9803 2.4569 2.7879 0.0890
2.9803 2.4569 2.7879 0.0890
2.9803 2.4569 2.7879 0.0890
2.9803 2.6171 2.7919 0.0827
2.9803 2.6171 2.7919 0.0827
2.9803 2.6171 2.7919 0.0827
2.9803 2.6171 2.7919 0.0827
2.9803 2.6171 2.7922 0.0829
2.9803 2.6171 2.7922 0.0829
2.9803 2.6171 2.7926 0.0831
2.9803 2.6171 2.7927 0.0832
2.9803 2.6171 2.7927 0.0832
2.9803 2.6171 2.7927 0.0832
2.9803 2.6171 2.7929 0.0832
2.9803 2.6171 2.7929 0.0832
2.9803 2.6171 2.7932 0.0831
2.9803 2.6171 2.7932 0.0831
2.9803 2.6171 2.7936 0.0829
2.9803 2.6171 2.7936 0.0829
2.9803 2.6171 2.7936 0.0829
2.9803 2.6171 2.7936 0.0829
2.9803 2.6171 2.7943 0.0831
2.9803 2.6171 2.7943 0.0831
2.9803 2.6171 2.7943 0.0831
2.9803 2.6171 2.7958 0.0826
2.9803 2.6171 2.7965 0.0829
2.9803 2.6171 2.7965 0.0829
2.9803 2.6171 2.7965 0.0829
2.9803 2.6171 2.7987 0.0829
2.9803 2.6171 2.7990 0.0827
2.9803 2.6171 2.7990 0.0827
2.9803 2.6171 2.7990 0.0827
2.9803 2.6171 2.7997 0.0829
2.9803 2.6171 2.8005 0.0839
2.9803 2.6171 2.8018 0.0839
2.9891 2.6171 2.8035 0.0860
2.9891 2.6171 2.8048 0.0848
2.9891 2.6171 2.8059 0.0847
2.9891 2.6171 2.8059 0.0847
2.9891 2.6171 2.8059 0.0847
2.9891 2.6171 2.8066 0.0848
2.9891 2.6171 2.8067 0.0849
2.9891 2.6171 2.8075 0.0851
2.9891 2.6171 2.8076 0.0852
2.9891 2.6171 2.8076 0.0852
2.9891 2.6171 2.8076 0.0852
2.9891 2.6171 2.8081 0.0857
2.9891 2.6171 2.8101 0.0875
2.9891 2.6171 2.8110 0.0876
2.9891 2.6171 2.8126 0.0865
2.9891 2.6171 2.8128 0.0865
2.9891 2.6171 2.8128 0.0865
2.9891 2.6171 2.8129 0.0866
2.9891 2.6171 2.8130 0.0866
2.9891 2.6171 2.8141 0.0866
2.9891 2.6171 2.8141 0.0866
2.9891 2.6171 2.8141 0.0866
2.9891 2.6171 2.8143 0.0866
2.9891 2.6171 2.8150 0.0867
2.9891 2.6171 2.8150 0.0867
2.9891 2.6171 2.8160 0.0867
2.9891 2.6171 2.8160 0.0867
2.9891 2.6171 2.8164 0.0869
2.9891 2.6171 2.8164 0.0869
2.9891 2.6171 2.8164 0.0869
2.9891 2.6591 2.8180 0.0847
2.9891 2.6591 2.8180 0.0847
2.9891 2.6591 2.8181 0.0847
2.9891 2.6591 2.8181 0.0847
2.9891 2.6591 2.8182 0.0846
2.9891 2.6591 2.8182 0.0846
2.9891 2.6591 2.8189 0.0845
2.9891 2.6591 2.8189 0.0845
2.9891 2.6591 2.8209 0.0831
2.9891 2.6591 2.8212 0.0827
2.9891 2.6591 2.8216 0.0826
2.9891 2.6591 2.8216 0.0826
2.9891 2.6591 2.8217 0.0826
2.9891 2.6591 2.8220 0.0827
2.9891 2.6591 2.8220 0.0827
2.9891 2.6591 2.8220 0.0827
2.9891 2.6591 2.8222 0.0825
2.9891 2.6591 2.8224 0.0821
2.9891 2.6591 2.8233 0.0812
2.9891 2.6591 2.8233 0.0812
2.9891 2.6591 2.8256 0.0820
2.9891 2.6591 2.8265 0.0819
2.9891 2.6591 2.8265 0.0819
2.9891 2.6591 2.8265 0.0819
2.9891 2.6591 2.8265 0.0819
2.9891 2.6591 2.8265 0.0819
2.9891 2.6591 2.8275 0.0820
2.9891 2.6591 2.8275 0.0820
2.9891 2.6591 2.8285 0.0830
2.9891 2.6591 2.8285 0.0830
2.9891 2.6591 2.8285 0.0830
2.9891 2.6591 2.8286 0.0827
2.9891 2.6591 2.8303 0.0817
2.9891 2.6591 2.8303 0.0817
2.9891 2.6591 2.8312 0.0826
2.9891 2.6591 2.8312 0.0826
2.9891 2.6591 2.8320 0.0825
2.9891 2.6591 2.8321 0.0826
2.9891 2.6591 2.8329 0.0814
2.9891 2.6591 2.8337 0.0823
2.9891 2.6591 2.8337 0.0823
2.9891 2.6591 2.8339 0.0823
2.9891 2.6591 2.8339 0.0823
2.9891 2.6591 2.8339 0.0823
2.9891 2.6591 2.8339 0.0823
2.9891 2.6591 2.8339 0.0823
2.9891 2.6591 2.8358 0.0830
2.9891 2.6591 2.8360 0.0831
2.9891 2.6591 2.8360 0.0831
2.9891 2.6591 2.8360 0.0831
2.9891 2.6591 2.8360 0.0831
2.9891 2.6591 2.8379 0.0826
2.9891 2.6591 2.8379 0.0826
2.9891 2.6591 2.8379 0.0826
2.9891 2.6591 2.8396 0.0830
2.9891 2.6591 2.8415 0.0822
2.9891 2.6591 2.8415 0.0822
2.9891 2.6591 2.8415 0.0822
2.9891 2.6591 2.8422 0.0820
2.9891 2.6591 2.8428 0.0813
2.9891 2.6591 2.8434 0.0811
2.9891 2.6591 2.8434 0.0811
2.9891 2.6591 2.8461 0.0799
2.9891 2.6591 2.8461 0.0799
2.9891 2.6591 2.8461 0.0799
2.9891 2.6591 2.8461 0.0799
2.9891 2.6591 2.8461 0.0799
2.9891 2.6591 2.8463 0.0800
2.9891 2.6591 2.8476 0.0798
2.9891 2.6591 2.8477 0.0796
2.9891 2.6591 2.8498 0.0786
2.9891 2.6591 2.8512 0.0781
2.9891 2.6591 2.8513 0.0783
2.9891 2.6591 2.8531 0.0764
2.9891 2.6591 2.8531 0.0764
2.9891 2.6591 2.8543 0.0775
2.9891 2.6591 2.8543 0.0775
2.9891 2.6591 2.8543 0.0775
2.9891 2.6591 2.8543 0.0775
2.9891 2.6591 2.8543 0.0775
2.9891 2.6591 2.8552 0.0781
2.9891 2.6591 2.8552 0.0781
2.9891 2.6591 2.8566 0.0774
2.9891 2.6591 2.8566 0.0774
2.9891 2.6591 2.8566 0.0774
2.9891 2.6591 2.8567 0.0774
2.9891 2.6591 2.8573 0.0774
2.9891 2.6591 2.8579 0.0776
2.9891 2.6591 2.8579 0.0776
2.9891 2.6591 2.8579 0.0776
2.9891 2.6591 2.8579 0.0776
2.9891 2.6591 2.8579 0.0776
2.9891 2.6591 2.8592 0.0775
2.9891 2.6591 2.8592 0.0775
2.9891 2.6591 2.8599 0.0779
2.9891 2.6591 2.8599 0.0779
2.9891 2.6591 2.8599 0.0779
2.9891 2.6591 2.8600 0.0779
2.9891 2.6591 2.8609 0.0787
2.9891 2.6591 2.8609 0.0787
2.9891 2.6591 2.8609 0.0787
2.9891 2.6591 2.8609 0.0787
2.9891 2.6591 2.8609 0.0787
2.9891 2.6591 2.8623 0.0785
2.9891 2.6591 2.8623 0.0785
2.9891 2.6591 2.8623 0.0785
2.9891 2.6591 2.8624 0.0785
2.9891 2.6591 2.8638 0.0771
2.9891 2.6591 2.8638 0.0771
2.9891 2.6591 2.8638 0.0771
2.9891 2.6591 2.8643 0.0773
2.9891 2.6591 2.8650 0.0767
2.9891 2.6591 2.8650 0.0767
2.9891 2.6591 2.8650 0.0767
2.9891 2.6591 2.8650 0.0767
2.9891 2.6591 2.8650 0.0767
2.9891 2.6591 2.8658 0.0771
2.9891 2.6591 2.8667 0.0776
2.9891 2.6591 2.8680 0.0774
2.9891 2.6591 2.8698 0.0759
2.9891 2.6591 2.8701 0.0760
2.9891 2.6591 2.8701 0.0760
2.9891 2.6591 2.8708 0.0761
2.9891 2.6591 2.8708 0.0761
2.9891 2.6591 2.8708 0.0761
2.9891 2.6591 2.8717 0.0762
2.9891 2.6591 2.8734 0.0749
2.9891 2.6591 2.8734 0.0749
2.9891 2.6591 2.8734 0.0750
2.9891 2.6591 2.8734 0.0750
2.9891 2.6591 2.8734 0.0750
2.9891 2.6591 2.8753 0.0747
3.0101 2.6591 2.8763 0.0758
3.0101 2.6591 2.8763 0.0758
3.0101 2.6591 2.8763 0.0758
3.0101 2.6591 2.8763 0.0758
3.0101 2.6591 2.8763 0.0758
3.0101 2.6591 2.8763 0.0758
3.0101 2.6591 2.8764 0.0759
3.0101 2.6591 2.8764 0.0759
3.0101 2.6591 2.8764 0.0759
3.0101 2.6591 2.8764 0.0759
3.0101 2.6591 2.8764 0.0759
3.0101 2.6591 2.8764 0.0759
3.0101 2.6591 2.8764 0.0759
3.0101 2.6591 2.8764 0.0759
3.0101 2.6591 2.8774 0.0757
3.0101 2.6591 2.8774 0.0757
3.0101 2.6591 2.8786 0.0738
3.0101 2.6591 2.8791 0.0737
3.0101 2.6591 2.8791 0.0737
3.0101 2.6591 2.8791 0.0737
3.0101 2.6591 2.8791 0.0737
3.0101 2.6591 2.8792 0.0738
3.0101 2.6591 2.8797 0.0740
3.0101 2.6591 2.8797 0.0740
3.0101 2.6591 2.8797 0.0740
3.0101 2.6591 2.8824 0.0727
3.0101 2.6674 2.8825 0.0724
3.0101 2.6674 2.8829 0.0728
3.0101 2.6674 2.8829 0.0728
3.0101 2.6674 2.8833 0.0733
3.0101 2.6674 2.8833 0.0733
3.0101 2.6674 2.8836 0.0737
3.0101 2.6674 2.8849 0.0728
3.0101 2.6674 2.8861 0.0718
3.0101 2.6674 2.8868 0.0717
3.0101 2.6674 2.8869 0.0718
3.0101 2.6674 2.8875 0.0720
3.0101 2.6674 2.8875 0.0720
3.0101 2.6674 2.8875 0.0720
3.0101 2.6674 2.8885 0.0725
3.0101 2.6674 2.8887 0.0724
3.0101 2.6674 2.8887 0.0724
3.0101 2.6674 2.8887 0.0724
3.0101 2.6674 2.8888 0.0724
3.0101 2.6674 2.8899 0.0717
3.0101 2.6674 2.8901 0.0719
3.0101 2.6674 2.8906 0.0719
3.0101 2.6674 2.8907 0.0720
3.0101 2.6674 2.8907 0.0720
3.0101 2.6674 2.8926 0.0719
3.0101 2.6674 2.8927 0.0719
3.0101 2.6674 2.8952 0.0706
3.0101 2.6674 2.8952 0.0706
3.0101 2.6674 2.8962 0.0713
3.0101 2.6674 2.8962 0.0713
3.0101 2.6674 2.8962 0.0713
3.0101 2.6674 2.8962 0.0713
3.0101 2.6674 2.8962 0.0713
3.0101 2.6674 2.8962 0.0713
3.0101 2.6674 2.8962 0.0713
3.0101 2.6674 2.8984 0.0707
3.0101 2.6674 2.8985 0.0707
3.0101 2.6674 2.8988 0.0707
3.0101 2.6674 2.9014 0.0688
3.0101 2.6674 2.9025 0.0692
3.0101 2.6674 2.9025 0.0692
3.0101 2.6674 2.9050 0.0677
3.0101 2.6674 2.9050 0.0677
3.0101 2.6674 2.9059 0.0680
3.0101 2.6674 2.9059 0.0680
3.0101 2.6674 2.9059 0.0680
3.0101 2.6674 2.9066 0.0679
3.0101 2.6674 2.9068 0.0680
3.0101 2.6674 2.9068 0.0680
3.0101 2.6674 2.9068 0.0680
3.0101 2.6674 2.9068 0.0680
3.0101 2.6674 2.9068 0.0680
3.0101 2.6674 2.9068 0.0680
3.0101 2.6674 2.9071 0.0680
3.0101 2.6674 2.9087 0.0658
3.0101 2.6674 2.9087 0.0658
3.0101 2.6674 2.9094 0.0659
3.0101 2.6674 2.9094 0.0659
3.0101 2.6674 2.9095 0.0658
3.0101 2.6674 2.9095 0.0658
3.0101 2.6674 2.9095 0.0658
3.0101 2.6674 2.9095 0.0658
3.0101 2.6674 2.9095 0.0658
3.0101 2.6674 2.9095 0.0658
3.0101 2.6674 2.9099 0.0661
3.0101 2.6674 2.9104 0.0665
3.0101 2.6674 2.9109 0.0667
3.0101 2.6674 2.9110 0.0667
3.0101 2.6674 2.9111 0.0667
3.0101 2.6674 2.9111 0.0668
3.0101 2.6674 2.9116 0.0669
3.0101 2.6674 2.9119 0.0672
3.0101 2.6674 2.9122 0.0674
3.0101 2.6674 2.9128 0.0668
3.0101 2.6674 2.9136 0.0670
3.0101 2.6674 2.9136 0.0670
3.0114 2.6674 2.9148 0.0677
3.0114 2.6674 2.9161 0.0679
3.0114 2.6674 2.9167 0.0670
3.0114 2.6674 2.9167 0.0670
3.0114 2.6674 2.9168 0.0669
3.0114 2.6674 2.9168 0.0669
3.0114 2.6674 2.9170 0.0669
3.0114 2.6674 2.9170 0.0669
3.0114 2.6674 2.9170 0.0669
3.0114 2.6674 2.9170 0.0669
3.0114 2.6674 2.9170 0.0669
3.0114 2.6674 2.9170 0.0669
3.0114 2.6674 2.9170 0.0669
3.0114 2.6674 2.9183 0.0646
3.0114 2.6674 2.9193 0.0642
3.0114 2.6674 2.9193 0.0642
3.0114 2.6674 2.9193 0.0642
3.0114 2.6674 2.9202 0.0645
3.0114 2.6674 2.9202 0.0645
3.0114 2.6674 2.9218 0.0648
3.0114 2.6674 2.9218 0.0648
3.0114 2.6674 2.9218 0.0648
3.0114 2.6674 2.9231 0.0651
3.0114 2.6674 2.9231 0.0651
3.0114 2.6674 2.9243 0.0645
3.0114 2.6674 2.9243 0.0645
3.0114 2.6674 2.9243 0.0645
3.0114 2.6674 2.9243 0.0645
3.0114 2.6674 2.9246 0.0646
3.0114 2.6674 2.9246 0.0646
3.0114 2.6674 2.9260 0.0645
3.0114 2.6674 2.9260 0.0645
3.0114 2.6674 2.9260 0.0645
3.0114 2.6674 2.9262 0.0643
3.0114 2.6674 2.9266 0.0645
3.0114 2.6674 2.9281 0.0640
3.0114 2.6674 2.9281 0.0640
3.0114 2.6674 2.9281 0.0640
3.0114 2.6674 2.9281 0.0640
3.0114 2.6674 2.9282 0.0641
3.0114 2.6674 2.9282 0.0641
3.0114 2.6674 2.9282 0.0642
3.0114 2.6674 2.9282 0.0642
3.0114 2.6674 2.9286 0.0642
3.0114 2.6674 2.9286 0.0642
3.0114 2.6674 2.9301 0.0609
3.0114 2.6674 2.9304 0.0609
3.0114 2.6674 2.9313 0.0606
3.0114 2.6674 2.9314 0.0607
3.0114 2.6674 2.9314 0.0607
3.0114 2.6674 2.9320 0.0608
3.0114 2.6674 2.9320 0.0608
3.0114 2.6674 2.9320 0.0608
3.0114 2.6674 2.9331 0.0607
3.0114 2.6674 2.9334 0.0607
3.0114 2.6674 2.9334 0.0607
3.0114 2.6674 2.9345 0.0604
3.0114 2.6674 2.9345 0.0604
3.0114 2.6674 2.9345 0.0604
3.0114 2.6674 2.9345 0.0604
3.0114 2.6674 2.9347 0.0604
3.0114 2.6674 2.9350 0.0605
3.0114 2.6674 2.9356 0.0601
3.0114 2.6674 2.9369 0.0597
3.0114 2.6674 2.9377 0.0598
3.0114 2.6674 2.9377 0.0598
3.0114 2.6674 2.9377 0.0598
3.0114 2.6674 2.9382 0.0594
3.0114 2.6674 2.9390 0.0590
3.0114 2.6674 2.9392 0.0591
3.0114 2.6674 2.9399 0.0592
3.0114 2.6674 2.9399 0.0592
3.0114 2.6674 2.9404 0.0594
3.0114 2.6674 2.9404 0.0594
3.0114 2.6674 2.9405 0.0595
3.0114 2.6674 2.9409 0.0598
3.0114 2.6674 2.9411 0.0600
3.0114 2.6674 2.9411 0.0600
3.0114 2.6674 2.9419 0.0583
3.0114 2.6674 2.9419 0.0583
3.0114 2.6674 2.9419 0.0583
3.0114 2.6674 2.9419 0.0583
3.0114 2.6674 2.9424 0.0584
3.0114 2.6674 2.9424 0.0584
3.0238 2.6674 2.9428 0.0587
3.0238 2.6674 2.9428 0.0587
3.0238 2.6674 2.9428 0.0587
3.0238 2.6674 2.9428 0.0587
3.0238 2.6674 2.9428 0.0587
3.0238 2.6674 2.9428 0.0587
3.0238 2.6674 2.9431 0.0584
3.0238 2.6674 2.9432 0.0585
3.0238 2.6674 2.9436 0.0582
3.0238 2.6674 2.9436 0.0582
3.0238 2.6674 2.9436 0.0582
3.0238 2.6674 2.9438 0.0583
3.0238 2.6674 2.9438 0.0583
3.0238 2.6674 2.9447 0.0581
3.0238 2.6674 2.9447 0.0581
3.0238 2.6674 2.9447 0.0581
3.0238 2.6674 2.9447 0.0581
3.0238 2.6674 2.9451 0.0582
3.0238 2.6674 2.9459 0.0579
3.0238 2.6674 2.9459 0.0579
3.0238 2.6674 2.9459 0.0579
3.0238 2.6674 2.9461 0.0582
3.0238 2.6674 2.9461 0.0582
3.0238 2.6674 2.9461 0.0582
3.0238 2.6674 2.9465 0.0580
3.0238 2.6674 2.9465 0.0580
3.0238 2.6674 2.9465 0.0580
3.0238 2.6674 2.9465 0.0580
3.0314 2.6674 2.9466 0.0581
3.0314 2.6674 2.9467 0.0582
3.0314 2.6674 2.9467 0.0582
3.0314 2.6674 2.9476 0.0586
3.0314 2.6674 2.9476 0.0586
3.0314 2.6674 2.9476 0.0586
3.0314 2.6674 2.9488 0.0581
3.0314 2.6674 2.9488 0.0581
3.0314 2.6674 2.9489 0.0582
3.0314 2.6674 2.9493 0.0585
3.0314 2.6674 2.9493 0.0585
3.0314 2.6674 2.9493 0.0585
3.0314 2.6674 2.9493 0.0585
3.0314 2.6674 2.9495 0.0584
3.0314 2.6674 2.9495 0.0584
3.0314 2.6674 2.9495 0.0584
3.0314 2.6674 2.9500 0.0587
3.0314 2.6674 2.9500 0.0587
3.0314 2.6674 2.9500 0.0587
3.0314 2.6674 2.9500 0.0587
3.0314 2.6674 2.9500 0.0587
3.0314 2.6674 2.9500 0.0587
3.0314 2.7579 2.9525 0.0515
3.0560 2.7579 2.9538 0.0532
3.0560 2.7579 2.9552 0.0526
3.0560 2.7579 2.9559 0.0529
3.0560 2.7579 2.9561 0.0530
3.0560 2.7579 2.9565 0.0526
3.0560 2.7579 2.9565 0.0526
3.0560 2.7579 2.9565 0.0525
3.0560 2.7579 2.9565 0.0525
3.0560 2.7579 2.9570 0.0519
3.0560 2.7579 2.9570 0.0519
3.0560 2.7579 2.9570 0.0519
3.0560 2.7579 2.9570 0.0519
3.0560 2.7579 2.9571 0.0519
3.0560 2.7579 2.9571 0.0519
3.0560 2.7579 2.9573 0.0518
3.0560 2.7579 2.9573 0.0518
3.0560 2.7579 2.9577 0.0517
3.0560 2.7579 2.9577 0.0517
3.0560 2.7579 2.9577 0.0517
3.0560 2.7579 2.9577 0.0517
3.0560 2.7579 2.9577 0.0517
3.0560 2.7579 2.9577 0.0517
3.0560 2.7579 2.9578 0.0518
3.0560 2.7579 2.9584 0.0525
3.0560 2.7579 2.9584 0.0525
3.0560 2.7579 2.9596 0.0517
3.0560 2.7579 2.9598 0.0519
3.0560 2.7579 2.9598 0.0519
3.0560 2.7579 2.9600 0.0520
3.0560 2.7579 2.9601 0.0520
3.0560 2.7579 2.9605 0.0521
3.0560 2.7579 2.9615 0.0508
3.0560 2.7579 2.9625 0.0499
3.0560 2.7579 2.9635 0.0492
3.0560 2.7579 2.9642 0.0490
3.0560 2.7579 2.9643 0.0490
3.0560 2.7579 2.9645 0.0490
3.0560 2.7579 2.9646 0.0491
3.0560 2.7579 2.9648 0.0493
3.0560 2.7579 2.9651 0.0491
3.0560 2.7579 2.9652 0.0491
3.0560 2.7579 2.9660 0.0482
3.0560 2.7579 2.9660 0.0482
3.0560 2.7579 2.9660 0.0482
3.0560 2.7579 2.9660 0.0482
3.0560 2.7579 2.9663 0.0481
3.0560 2.7579 2.9664 0.0482
3.0560 2.7579 2.9664 0.0482
3.0560 2.7579 2.9664 0.0482
3.0560 2.7579 2.9665 0.0482
3.0560 2.7579 2.9667 0.0480
3.0560 2.7579 2.9667 0.0480
3.0560 2.7579 2.9672 0.0477
3.0571 2.7579 2.9679 0.0485
3.0571 2.7579 2.9682 0.0486
3.0571 2.7579 2.9690 0.0482
3.0571 2.7579 2.9690 0.0482
3.0571 2.7579 2.9690 0.0482
3.0571 2.7579 2.9690 0.0482
3.0571 2.7579 2.9693 0.0477
3.0571 2.7579 2.9693 0.0477
3.0571 2.7579 2.9700 0.0478
3.0571 2.7579 2.9700 0.0478
3.0571 2.7579 2.9700 0.0478
3.0571 2.7579 2.9703 0.0476
3.0571 2.7579 2.9703 0.0476
3.0571 2.7579 2.9703 0.0476
3.0571 2.7579 2.9703 0.0476
3.0571 2.7579 2.9706 0.0476
3.0571 2.7579 2.9706 0.0476
3.0571 2.7579 2.9706 0.0476
3.0571 2.7579 2.9706 0.0476
3.0571 2.7579 2.9706 0.0476
3.0571 2.8138 2.9716 0.0442
3.0571 2.8138 2.9720 0.0441
3.0571 2.8138 2.9720 0.0441
3.0571 2.8138 2.9739 0.0428
3.0571 2.8138 2.9739 0.0428
3.0571 2.8138 2.9741 0.0427
3.0571 2.8138 2.9741 0.0427
3.0571 2.8138 2.9746 0.0431
3.0571 2.8138 2.9746 0.0431
3.0571 2.8138 2.9748 0.0431
3.0571 2.8138 2.9748 0.0431
3.0571 2.8138 2.9748 0.0431
3.0571 2.8138 2.9748 0.0431
3.0571 2.8138 2.9748 0.0431
3.0571 2.8138 2.9748 0.0431
3.0571 2.8138 2.9756 0.0427
3.0571 2.8138 2.9756 0.0427
3.0571 2.8138 2.9756 0.0427
3.0571 2.8138 2.9761 0.0430
3.0571 2.8138 2.9764 0.0428
3.0571 2.8138 2.9767 0.0428
3.0571 2.8138 2.9771 0.0432
3.0571 2.8138 2.9786 0.0420
3.0571 2.8138 2.9793 0.0419
3.0571 2.8138 2.9793 0.0419
3.0571 2.8138 2.9793 0.0419
3.0571 2.8138 2.9793 0.0419
3.0571 2.8138 2.9793 0.0419
3.0571 2.8138 2.9795 0.0419
3.0571 2.8138 2.9797 0.0420
3.0571 2.8138 2.9797 0.0420
3.0571 2.8138 2.9797 0.0420
3.0571 2.8138 2.9797 0.0420
3.0571 2.8138 2.9797 0.0420
3.0571 2.8138 2.9798 0.0421
3.0571 2.8138 2.9798 0.0421
3.0571 2.8138 2.9807 0.0412
3.0571 2.8138 2.9807 0.0412
3.0571 2.8138 2.9812 0.0413
3.0571 2.8138 2.9812 0.0413
3.0571 2.8138 2.9812 0.0413
3.0571 2.8138 2.9812 0.0413
3.0571 2.8370 2.9820 0.0386
3.0571 2.8370 2.9820 0.0386
3.0571 2.8370 2.9823 0.0385
3.0571 2.8370 2.9830 0.0387
3.0571 2.8370 2.9830 0.0387
3.0571 2.8370 2.9841 0.0393
3.0571 2.8370 2.9841 0.0393
3.0571 2.8370 2.9841 0.0393
3.0571 2.8370 2.9841 0.0393
3.0571 2.8370 2.9841 0.0393
3.0571 2.8370 2.9841 0.0393
3.0571 2.8370 2.9841 0.0393
3.0571 2.8370 2.9841 0.0393
3.0571 2.8370 2.9841 0.0393
3.0571 2.8370 2.9841 0.0393
3.0571 2.8370 2.9841 0.0393
3.0571 2.8370 2.9841 0.0393
3.0571 2.8370 2.9841 0.0393
3.0571 2.8370 2.9841 0.0393
3.0571 2.8370 2.9841 0.0393
3.0571 2.8370 2.9841 0.0393
3.0571 2.8370 2.9841 0.0393
3.0571 2.8370 2.9845 0.0394
3.0571 2.8370 2.9851 0.0401
3.0571 2.8370 2.9851 0.0401
3.0571 2.8370 2.9857 0.0402
3.0571 2.8370 2.9863 0.0396
3.0571 2.8370 2.9874 0.0387
3.0571 2.8370 2.9876 0.0388
3.0571 2.8370 2.9876 0.0388
3.0571 2.8370 2.9876 0.0388
3.0571 2.8370 2.9876 0.0388
3.0571 2.8370 2.9876 0.0388
3.0571 2.8370 2.9876 0.0388
3.0571 2.8370 2.9876 0.0388
3.0571 2.8370 2.9877 0.0389
3.0571 2.8370 2.9877 0.0389
3.0571 2.8370 2.9881 0.0395
3.0571 2.8370 2.9881 0.0395
3.0571 2.8370 2.9881 0.0395
3.0571 2.8370 2.9882 0.0395
3.0571 2.8370 2.9890 0.0400
3.0571 2.8370 2.9890 0.0400
3.0571 2.8370 2.9890 0.0400
3.0571 2.8370 2.9891 0.0400
3.0571 2.8370 2.9893 0.0400
3.0571 2.8370 2.9893 0.0400
3.0571 2.8370 2.9896 0.0400
3.0571 2.8529 2.9913 0.0370
3.0571 2.8529 2.9913 0.0370
3.0571 2.8529 2.9913 0.0370
3.0571 2.8529 2.9913 0.0370
3.0571 2.8529 2.9913 0.0370
3.0571 2.8529 2.9913 0.0370
3.0571 2.8529 2.9913 0.0370
3.0571 2.8529 2.9913 0.0370
3.0571 2.8529 2.9918 0.0368
3.0571 2.8529 2.9920 0.0366
3.0571 2.8529 2.9921 0.0365
3.0571 2.8529 2.9921 0.0365
3.0571 2.8529 2.9921 0.0365
3.0571 2.8529 2.9921 0.0365
3.0571 2.8529 2.9921 0.0365
3.0571 2.8529 2.9931 0.0369
3.0733 2.8529 2.9939 0.0378
3.0733 2.8529 2.9943 0.0377
3.0733 2.8529 2.9950 0.0382
3.0733 2.8529 2.9950 0.0382
3.0733 2.8529 2.9951 0.0383
3.0733 2.8529 2.9955 0.0382
3.0733 2.8529 2.9955 0.0382
3.0733 2.8529 2.9958 0.0386
3.0733 2.8529 2.9967 0.0375
3.0733 2.8529 2.9971 0.0372
3.0733 2.8529 2.9971 0.0372
3.0733 2.8529 2.9974 0.0372
3.0733 2.8529 2.9974 0.0372
3.0733 2.8529 2.9986 0.0348
3.0733 2.8529 2.9988 0.0347
3.0733 2.8529 2.9988 0.0347
3.0733 2.8529 2.9988 0.0347
3.0733 2.8529 2.9989 0.0348
3.0733 2.8529 2.9989 0.0348
3.0733 2.8529 2.9991 0.0347
3.0733 2.8529 2.9991 0.0347
3.0733 2.8529 2.9991 0.0347
3.0733 2.8529 2.9991 0.0347
3.0733 2.8529 2.9991 0.0347
3.0733 2.8529 2.9991 0.0347
3.0733 2.8529 2.9991 0.0347
3.0733 2.8529 2.9994 0.0345
3.0733 2.8529 2.9995 0.0345
3.0733 2.8529 2.9998 0.0348
3.0733 2.8529 3.0000 0.0351
3.0733 2.8529 3.0000 0.0351
3.0733 2.8529 3.0007 0.0354
3.0733 2.8529 3.0015 0.0358
3.0733 2.8529 3.0015 0.0358
3.0733 2.8529 3.0021 0.0362
3.0733 2.8529 3.0021 0.0362
3.0733 2.8529 3.0022 0.0362
3.0733 2.8529 3.0027 0.0364
3.0733 2.8529 3.0027 0.0364
3.0733 2.8529 3.0029 0.0364
3.0733 2.8529 3.0029 0.0364
3.0733 2.8529 3.0032 0.0364
3.0733 2.8529 3.0034 0.0365
3.0733 2.8529 3.0034 0.0365
3.0733 2.8529 3.0034 0.0365
3.0733 2.8529 3.0034 0.0365
3.0733 2.8529 3.0034 0.0365
3.0733 2.8529 3.0034 0.0365
3.0733 2.8529 3.0040 0.0367
3.0733 2.8529 3.0040 0.0367
3.0733 2.8529 3.0040 0.0367
3.0733 2.8529 3.0040 0.0367
3.0733 2.8529 3.0040 0.0367
3.0733 2.8529 3.0040 0.0367
3.0733 2.8529 3.0040 0.0367
3.0733 2.8529 3.0046 0.0368
3.0733 2.8529 3.0046 0.0368
3.0733 2.8529 3.0046 0.0368
3.0733 2.8529 3.0046 0.0368
3.0733 2.8529 3.0047 0.0370
3.0733 2.8529 3.0047 0.0370
3.0733 2.8529 3.0049 0.0370
3.0733 2.8529 3.0051 0.0366
3.0733 2.8529 3.0051 0.0366
3.0733 2.8529 3.0051 0.0366
3.0733 2.8529 3.0051 0.0366
3.0733 2.8529 3.0051 0.0366
3.0733 2.8529 3.0051 0.0366
3.0733 2.8529 3.0059 0.0372
3.0733 2.8529 3.0059 0.0372
3.0733 2.8529 3.0060 0.0371
3.0733 2.8529 3.0060 0.0371
3.0733 2.8529 3.0060 0.0371
3.0733 2.8529 3.0060 0.0371
3.0733 2.8529 3.0060 0.0371
3.0733 2.8529 3.0060 0.0372
3.0733 2.8529 3.0068 0.0367
3.0733 2.8529 3.0068 0.0367
3.0733 2.8529 3.0068 0.0367
3.0733 2.8529 3.0072 0.0368
3.0733 2.8529 3.0075 0.0367
3.0733 2.8529 3.0075 0.0367
3.0733 2.8529 3.0075 0.0367
3.0733 2.8529 3.0075 0.0367
3.0733 2.8529 3.0077 0.0369
3.0733 2.8529 3.0085 0.0370
3.0733 2.8529 3.0085 0.0370
3.0733 2.8529 3.0094 0.0375
3.0995 2.8529 3.0101 0.0388
3.0995 2.8529 3.0101 0.0388
3.0995 2.8529 3.0101 0.0388
3.0995 2.8529 3.0101 0.0388
3.0995 2.8529 3.0101 0.0388
3.0995 2.8529 3.0101 0.0388
3.0995 2.8529 3.0101 0.0388
3.0995 2.8529 3.0102 0.0388
3.0995 2.8529 3.0115 0.0379
3.0995 2.8529 3.0115 0.0379
3.0995 2.8529 3.0115 0.0379
3.0995 2.8529 3.0125 0.0377
3.0995 2.8529 3.0125 0.0377
3.0995 2.8529 3.0125 0.0377
3.0995 2.8529 3.0125 0.0377
3.0995 2.8529 3.0130 0.0370
3.0995 2.8529 3.0130 0.0370
3.0995 2.8529 3.0130 0.0370
3.0995 2.8529 3.0130 0.0370
3.0995 2.8529 3.0130 0.0370
3.0995 2.8529 3.0130 0.0370
3.0995 2.8529 3.0130 0.0370
3.0995 2.8529 3.0132 0.0371
3.0995 2.8529 3.0132 0.0371
3.0995 2.8529 3.0133 0.0372
3.0995 2.8529 3.0133 0.0372
3.0995 2.8529 3.0135 0.0373
3.0995 2.8529 3.0137 0.0372
3.0995 2.8529 3.0137 0.0372
3.0995 2.8529 3.0140 0.0371
3.0995 2.8529 3.0144 0.0370
3.0995 2.8529 3.0147 0.0371
3.0995 2.8529 3.0148 0.0369
3.0995 2.8529 3.0154 0.0371
3.0995 2.8529 3.0154 0.0371
3.0995 2.8529 3.0154 0.0371
3.0995 2.8529 3.0154 0.0371
3.0995 2.8529 3.0154 0.0371
3.0995 2.8529 3.0154 0.0371
3.0995 2.8529 3.0154 0.0371
3.0995 2.8529 3.0154 0.0371
3.0995 2.8529 3.0159 0.0373
3.0995 2.8529 3.0163 0.0375
3.0995 2.8529 3.0169 0.0375
3.0995 2.8529 3.0169 0.0375
3.0995 2.8529 3.0171 0.0379
3.0995 2.8529 3.0171 0.0379
3.0995 2.8529 3.0178 0.0380
3.0995 2.8529 3.0178 0.0380
3.0995 2.8529 3.0181 0.0381
3.0995 2.8529 3.0181 0.0381
3.0995 2.8529 3.0181 0.0381
3.0995 2.8529 3.0184 0.0383
3.0995 2.8529 3.0185 0.0384
3.0995 2.8529 3.0185 0.0384
3.0995 2.8529 3.0191 0.0385
3.0995 2.8529 3.0196 0.0386
3.0995 2.8529 3.0196 0.0386
3.0995 2.8529 3.0196 0.0386
3.0995 2.9024 3.0205 0.0357
3.0995 2.9024 3.0206 0.0355
3.0995 2.9024 3.0206 0.0355
3.0995 2.9024 3.0213 0.0355
3.0995 2.9024 3.0213 0.0355
3.0995 2.9024 3.0213 0.0355
3.0995 2.9024 3.0217 0.0355
3.0995 2.9024 3.0219 0.0355
3.0995 2.9024 3.0219 0.0355
3.0995 2.9024 3.0219 0.0355
3.0995 2.9024 3.0219 0.0355
3.0995 2.9024 3.0219 0.0355
3.0995 2.9024 3.0219 0.0355
3.0995 2.9024 3.0219 0.0355
3.0995 2.9024 3.0223 0.0354
3.0995 2.9024 3.0223 0.0354
3.0995 2.9024 3.0226 0.0356
3.0995 2.9024 3.0226 0.0356
3.0995 2.9024 3.0226 0.0356
3.0995 2.9024 3.0227 0.0355
3.0995 2.9024 3.0227 0.0355
3.0995 2.9024 3.0230 0.0358
3.0995 2.9024 3.0240 0.0350
3.0995 2.9024 3.0240 0.0350
3.0995 2.9024 3.0240 0.0350
3.0995 2.9024 3.0240 0.0350
3.0995 2.9024 3.0240 0.0350
3.0995 2.9024 3.0240 0.0350
3.0995 2.9024 3.0240 0.0350
3.0995 2.9024 3.0240 0.0350
3.0995 2.9024 3.0240 0.0350
3.0995 2.9024 3.0240 0.0350
3.0995 2.9024 3.0240 0.0350
3.0995 2.9024 3.0243 0.0347
3.0995 2.9024 3.0245 0.0347
3.0995 2.9024 3.0253 0.0340
3.0995 2.9024 3.0255 0.0337
3.0995 2.9024 3.0256 0.0338
3.0995 2.9024 3.0261 0.0339
3.0995 2.9024 3.0261 0.0339
3.0995 2.9024 3.0265 0.0340
3.0995 2.9024 3.0265 0.0340
3.0995 2.9024 3.0266 0.0341
3.0995 2.9024 3.0269 0.0339
3.0995 2.9024 3.0269 0.0339
3.0995 2.9024 3.0269 0.0339
3.0995 2.9024 3.0269 0.0339
3.0995 2.9024 3.0269 0.0339
3.0995 2.9024 3.0269 0.0339
3.0995 2.9024 3.0269 0.0339
3.0995 2.9024 3.0272 0.0339
3.0995 2.9024 3.0272 0.0339
3.0995 2.9024 3.0272 0.0339
3.0995 2.9024 3.0272 0.0339
3.0995 2.9024 3.0274 0.0338
3.0995 2.9024 3.0279 0.0336
3.0995 2.9024 3.0279 0.0336
3.0995 2.9024 3.0279 0.0336
3.0995 2.9024 3.0279 0.0336
3.0995 2.9024 3.0279 0.0336
3.0995 2.9024 3.0279 0.0336
3.0995 2.9024 3.0279 0.0336
3.0995 2.9024 3.0279 0.0336
3.0995 2.9024 3.0283 0.0337
3.0995 2.9024 3.0283 0.0337
3.0995 2.9340 3.0286 0.0327
3.0995 2.9340 3.0286 0.0327
3.0995 2.9340 3.0286 0.0327
3.0995 2.9340 3.0286 0.0327
3.0995 2.9340 3.0286 0.0327
3.0995 2.9340 3.0286 0.0327
3.0995 2.9340 3.0287 0.0327
3.0995 2.9340 3.0287 0.0327
3.0995 2.9340 3.0287 0.0327
3.0995 2.9340 3.0290 0.0327
3.0995 2.9340 3.0290 0.0327
3.0995 2.9340 3.0290 0.0327
3.0995 2.9340 3.0290 0.0327
3.0995 2.9340 3.0291 0.0326
3.0995 2.9340 3.0297 0.0330
3.0995 2.9340 3.0300 0.0331
3.0995 2.9340 3.0302 0.0332
3.0995 2.9340 3.0309 0.0331
3.0995 2.9340 3.0309 0.0331
3.0995 2.9340 3.0309 0.0331
3.0995 2.9340 3.0309 0.0331
3.0995 2.9340 3.0310 0.0332
3.0995 2.9340 3.0310 0.0332
3.0995 2.9340 3.0316 0.0327
3.0995 2.9340 3.0316 0.0327
3.0995 2.9340 3.0316 0.0327
3.0995 2.9340 3.0316 0.0327
3.0995 2.9340 3.0316 0.0327
3.0995 2.9340 3.0316 0.0327
3.0995 2.9340 3.0316 0.0327
3.0995 2.9340 3.0318 0.0325
3.0995 2.9340 3.0320 0.0323
3.0995 2.9340 3.0321 0.0324
3.0995 2.9340 3.0321 0.0324
3.0995 2.9340 3.0321 0.0324
3.0995 2.9340 3.0321 0.0324
3.0995 2.9340 3.0323 0.0324
3.0995 2.9340 3.0326 0.0321
3.0995 2.9340 3.0331 0.0318
3.0995 2.9340 3.0331 0.0318
3.0995 2.9340 3.0331 0.0318
3.0995 2.9340 3.0331 0.0318
3.0995 2.9340 3.0331 0.0318
3.0995 2.9340 3.0331 0.0318
3.0995 2.9340 3.0336 0.0313
3.0995 2.9340 3.0336 0.0313
3.0995 2.9340 3.0336 0.0313
3.0995 2.9340 3.0339 0.0315
3.0995 2.9340 3.0341 0.0316
3.0995 2.9340 3.0341 0.0316
3.1024 2.9340 3.0341 0.0316
3.1024 2.9340 3.0341 0.0316
3.1024 2.9340 3.0341 0.0316
3.1024 2.9340 3.0341 0.0316
3.1024 2.9340 3.0341 0.0316
3.1024 2.9340 3.0341 0.0316
3.1024 2.9340 3.0346 0.0316
3.1024 2.9340 3.0346 0.0316
3.1024 2.9340 3.0349 0.0316
3.1024 2.9340 3.0349 0.0316
3.1024 2.9340 3.0349 0.0316
3.1024 2.9340 3.0351 0.0315
3.1024 2.9340 3.0356 0.0313
3.1024 2.9340 3.0356 0.0313
3.1024 2.9340 3.0356 0.0313
3.1024 2.9340 3.0356 0.0313
3.1024 2.9340 3.0356 0.0313
3.1024 2.9340 3.0356 0.0313
3.1024 2.9340 3.0356 0.0313
3.1024 2.9340 3.0358 0.0313
3.1024 2.9340 3.0358 0.0313
3.1024 2.9340 3.0359 0.0312
3.1024 2.9340 3.0359 0.0312
3.1024 2.9340 3.0359 0.0312
3.1024 2.9340 3.0359 0.0312
3.1024 2.9340 3.0359 0.0312
3.1024 2.9340 3.0360 0.0312
3.1024 2.9340 3.0360 0.0312
3.1024 2.9340 3.0360 0.0312
3.1024 2.9340 3.0362 0.0313
3.1024 2.9340 3.0362 0.0314
3.1024 2.9340 3.0362 0.0314
3.1024 2.9340 3.0362 0.0314
3.1024 2.9340 3.0369 0.0316
3.1024 2.9340 3.0370 0.0317
3.1024 2.9340 3.0370 0.0317
3.1024 2.9340 3.0373 0.0317
3.1024 2.9340 3.0377 0.0317
3.1024 2.9340 3.0384 0.0310
3.1024 2.9340 3.0384 0.0311
3.1024 2.9340 3.0384 0.0311
3.1024 2.9340 3.0387 0.0315
3.1024 2.9340 3.0387 0.0315
3.1024 2.9340 3.0393 0.0310
3.1024 2.9340 3.0393 0.0310
3.1024 2.9340 3.0394 0.0310
3.1024 2.9340 3.0394 0.0310
3.1024 2.9340 3.0394 0.0310
3.1024 2.9340 3.0398 0.0309
3.1024 2.9340 3.0399 0.0309
3.1024 2.9340 3.0402 0.0309
3.1024 2.9340 3.0402 0.0309
3.1024 2.9340 3.0406 0.0306
3.1024 2.9340 3.0406 0.0306
3.1024 2.9340 3.0410 0.0311
3.1024 2.9340 3.0410 0.0311
3.1024 2.9340 3.0410 0.0311
3.1024 2.9340 3.0410 0.0311
3.1024 2.9340 3.0413 0.0311
3.1024 2.9340 3.0416 0.0314
3.1024 2.9340 3.0416 0.0314
3.1024 2.9340 3.0416 0.0314
3.1024 2.9340 3.0416 0.0314
3.1024 2.9340 3.0416 0.0314
3.1024 2.9340 3.0416 0.0314
3.1024 2.9340 3.0419 0.0314
3.1024 2.9340 3.0419 0.0314
3.1024 2.9340 3.0419 0.0314
3.1024 2.9340 3.0419 0.0314
3.1024 2.9340 3.0419 0.0314
3.1024 2.9340 3.0419 0.0314
3.1024 2.9340 3.0420 0.0315
3.1024 2.9340 3.0423 0.0312
3.1024 2.9340 3.0424 0.0313
3.1024 2.9340 3.0427 0.0312
3.1024 2.9340 3.0427 0.0312
3.1024 2.9340 3.0427 0.0312
3.1024 2.9340 3.0428 0.0313
3.1024 2.9340 3.0428 0.0313
3.1024 2.9340 3.0429 0.0313
3.1024 2.9340 3.0429 0.0313
3.1024 2.9340 3.0429 0.0313
3.1024 2.9340 3.0429 0.0313
3.1024 2.9340 3.0429 0.0313
3.1024 2.9340 3.0433 0.0311
3.1024 2.9340 3.0436 0.0311
3.1024 2.9340 3.0436 0.0311
3.1024 2.9340 3.0436 0.0311
3.1024 2.9340 3.0445 0.0314
3.1024 2.9340 3.0453 0.0309
3.1024 2.9340 3.0455 0.0307
3.1024 2.9340 3.0455 0.0307
3.1024 2.9340 3.0455 0.0308
3.1024 2.9340 3.0455 0.0308
3.1024 2.9340 3.0459 0.0306
3.1024 2.9340 3.0461 0.0308
3.1024 2.9340 3.0461 0.0308
3.1024 2.9340 3.0466 0.0306
3.1024 2.9428 3.0475 0.0285
3.1024 2.9428 3.0475 0.0285
3.1024 2.9428 3.0475 0.0285
3.1024 2.9428 3.0477 0.0283
3.1024 2.9428 3.0483 0.0288
3.1024 2.9428 3.0483 0.0288
3.1024 2.9428 3.0483 0.0288
3.1024 2.9428 3.0486 0.0287
3.1024 2.9428 3.0492 0.0279
3.1024 2.9428 3.0498 0.0281
3.1024 2.9428 3.0498 0.0281
3.1024 2.9428 3.0498 0.0281
3.1024 2.9428 3.0498 0.0281
3.1024 2.9428 3.0498 0.0281
3.1024 2.9428 3.0499 0.0282
3.1024 2.9428 3.0499 0.0282
3.1024 2.9428 3.0499 0.0282
3.1024 2.9428 3.0503 0.0282
3.1024 2.9428 3.0503 0.0282
3.1024 2.9428 3.0503 0.0282
3.1024 2.9428 3.0505 0.0282
3.1024 2.9428 3.0505 0.0282
3.1024 2.9428 3.0505 0.0282
3.1024 2.9428 3.0505 0.0282
3.1024 2.9428 3.0505 0.0282
3.1024 2.9428 3.0507 0.0282
3.1024 2.9428 3.0507 0.0282
3.1024 2.9428 3.0507 0.0282
3.1024 2.9428 3.0507 0.0282
3.1024 2.9428 3.0507 0.0282
3.1024 2.9428 3.0512 0.0287
3.1024 2.9428 3.0512 0.0287
3.1024 2.9428 3.0512 0.0287
3.1024 2.9428 3.0512 0.0287
3.1024 2.9428 3.0514 0.0286
3.1024 2.9428 3.0514 0.0286
3.1024 2.9428 3.0514 0.0286
3.1024 2.9428 3.0518 0.0284
3.1024 2.9428 3.0522 0.0280
3.1024 2.9428 3.0526 0.0277
3.1024 2.9428 3.0527 0.0277
3.1024 2.9428 3.0527 0.0277
3.1024 2.9428 3.0527 0.0277
3.1024 2.9428 3.0534 0.0268
3.1024 2.9428 3.0536 0.0268
3.1024 2.9428 3.0536 0.0268
3.1024 2.9428 3.0536 0.0268
3.1024 2.9428 3.0536 0.0268
3.1024 2.9428 3.0536 0.0268
3.1024 2.9428 3.0537 0.0268
3.1024 2.9428 3.0537 0.0268
3.1024 2.9428 3.0537 0.0268
3.1024 2.9428 3.0537 0.0268
3.1024 2.9428 3.0537 0.0268
3.1024 2.9428 3.0539 0.0269
3.1024 2.9428 3.0541 0.0270
3.1024 2.9428 3.0544 0.0272
3.1024 2.9428 3.0545 0.0272
3.1024 2.9428 3.0545 0.0272
3.1024 2.9428 3.0545 0.0272
3.1024 2.9428 3.0545 0.0272
3.1024 2.9428 3.0545 0.0272
3.1024 2.9712 3.0556 0.0248
3.1024 2.9712 3.0556 0.0248
3.1024 2.9712 3.0557 0.0248
3.1024 2.9712 3.0561 0.0251
3.1024 2.9712 3.0563 0.0249
3.1024 2.9712 3.0563 0.0249
3.1024 2.9712 3.0563 0.0249
3.1024 2.9712 3.0563 0.0249
3.1024 2.9712 3.0563 0.0249
3.1024 2.9712 3.0563 0.0249
3.1024 2.9712 3.0565 0.0249
3.1024 2.9712 3.0565 0.0249
3.1024 2.9712 3.0572 0.0234
3.1024 2.9712 3.0574 0.0235
3.1024 2.9712 3.0574 0.0235
3.1024 2.9712 3.0575 0.0235
3.1024 2.9712 3.0576 0.0235
3.1024 2.9712 3.0576 0.0235
3.1024 2.9712 3.0576 0.0235
3.1024 2.9712 3.0576 0.0235
3.1024 2.9712 3.0576 0.0235
3.1024 2.9712 3.0576 0.0235
3.1024 2.9712 3.0576 0.0235
3.1024 2.9712 3.0576 0.0235
3.1024 2.9712 3.0576 0.0235
3.1024 2.9712 3.0576 0.0235
3.1024 2.9712 3.0577 0.0235
3.1024 2.9712 3.0577 0.0235
3.1024 2.9712 3.0577 0.0235
3.1024 2.9712 3.0577 0.0235
3.1024 2.9712 3.0577 0.0235
3.1024 2.9712 3.0577 0.0235
3.1024 2.9712 3.0577 0.0236
3.1108 2.9712 3.0584 0.0241
3.1108 2.9712 3.0584 0.0241
3.1108 2.9712 3.0584 0.0241
3.1108 2.9712 3.0584 0.0241
3.1108 2.9712 3.0585 0.0241
3.1108 2.9712 3.0585 0.0241
3.1108 2.9712 3.0585 0.0241
3.1108 2.9712 3.0593 0.0231
3.1108 2.9712 3.0596 0.0230
3.1108 2.9712 3.0596 0.0230
3.1108 2.9712 3.0596 0.0230
3.1108 2.9712 3.0596 0.0230
3.1108 2.9712 3.0596 0.0230
3.1108 2.9712 3.0596 0.0230
3.1108 2.9712 3.0597 0.0230
3.1108 2.9712 3.0598 0.0231
3.1108 2.9712 3.0598 0.0231
3.1108 2.9712 3.0598 0.0231
3.1108 2.9712 3.0599 0.0231
3.1108 2.9712 3.0599 0.0231
3.1108 2.9712 3.0599 0.0231
3.1108 2.9712 3.0599 0.0231
3.1108 2.9712 3.0601 0.0231
3.1108 2.9712 3.0602 0.0232
3.1108 2.9712 3.0602 0.0232
3.1108 2.9712 3.0607 0.0222
3.1108 2.9712 3.0607 0.0222
3.1108 2.9712 3.0607 0.0222
3.1108 2.9712 3.0607 0.0222
3.1108 2.9712 3.0613 0.0224
3.1108 2.9712 3.0613 0.0224
3.1108 2.9712 3.0613 0.0224
3.1108 2.9712 3.0614 0.0224
3.1108 2.9712 3.0614 0.0224
3.1108 2.9712 3.0615 0.0224
3.1108 2.9712 3.0615 0.0224
3.1108 2.9712 3.0615 0.0225
3.1108 2.9712 3.0616 0.0225
3.1108 2.9712 3.0616 0.0225
3.1108 2.9712 3.0616 0.0225
3.1108 2.9712 3.0616 0.0225
3.1108 2.9712 3.0616 0.0225
3.1108 2.9712 3.0622 0.0228
3.1108 2.9712 3.0622 0.0228
3.1108 2.9712 3.0627 0.0225
3.1108 2.9712 3.0627 0.0225
3.1108 2.9712 3.0627 0.0225
3.1108 2.9712 3.0627 0.0225
3.1108 2.9712 3.0631 0.0224
3.1108 2.9712 3.0632 0.0223
3.1108 2.9712 3.0635 0.0225
3.1108 2.9712 3.0635 0.0225
3.1108 2.9712 3.0635 0.0225
3.1108 2.9712 3.0636 0.0224
3.1108 2.9712 3.0637 0.0224
3.1108 2.9712 3.0637 0.0224
3.1108 2.9712 3.0637 0.0224
3.1108 2.9712 3.0637 0.0224
3.1108 2.9712 3.0637 0.0224
3.1108 2.9712 3.0637 0.0224
3.1108 2.9712 3.0638 0.0224
3.1108 2.9712 3.0639 0.0224
3.1108 2.9712 3.0639 0.0224
3.1108 2.9712 3.0642 0.0225
3.1108 2.9712 3.0643 0.0226
3.1108 2.9712 3.0646 0.0228
3.1108 2.9712 3.0649 0.0228
3.1108 2.9712 3.0649 0.0228
3.1108 2.9712 3.0651 0.0227
3.1108 2.9712 3.0654 0.0227
3.1108 2.9712 3.0654 0.0227
3.1108 2.9712 3.0655 0.0227
3.1108 2.9712 3.0660 0.0226
3.1108 2.9712 3.0661 0.0225
3.1108 2.9712 3.0663 0.0225
3.1108 2.9712 3.0663 0.0225
3.1108 2.9712 3.0666 0.0226
3.1108 2.9712 3.0666 0.0226
3.1108 2.9712 3.0669 0.0227
3.1108 2.9712 3.0669 0.0227
3.1108 2.9712 3.0669 0.0227
3.1108 2.9712 3.0669 0.0227
3.1108 2.9712 3.0671 0.0228
3.1108 2.9712 3.0671 0.0228
3.1108 2.9712 3.0671 0.0228
3.1108 2.9712 3.0672 0.0228
3.1108 2.9712 3.0672 0.0228
3.1108 2.9712 3.0672 0.0228
3.1108 2.9712 3.0672 0.0228
3.1108 2.9712 3.0672 0.0228
3.1108 2.9712 3.0674 0.0231
3.1108 2.9712 3.0677 0.0233
3.1108 2.9712 3.0680 0.0235
3.1108 2.9712 3.0680 0.0235
3.1108 2.9712 3.0680 0.0235
3.1108 2.9712 3.0680 0.0235
3.1108 2.9712 3.0680 0.0235
3.1108 2.9712 3.0680 0.0235
3.1108 2.9712 3.0680 0.0235
3.1108 2.9712 3.0680 0.0235
3.1108 2.9712 3.0681 0.0235
3.1108 2.9712 3.0681 0.0235
3.1108 2.9712 3.0681 0.0235
3.1108 2.9712 3.0686 0.0238
3.1108 2.9712 3.0686 0.0238
3.1108 2.9712 3.0689 0.0238
3.1108 2.9712 3.0690 0.0238
3.1108 2.9712 3.0690 0.0238
3.1108 2.9712 3.0690 0.0238
3.1108 2.9712 3.0690 0.0238
3.1108 2.9712 3.0693 0.0233
3.1108 2.9712 3.0695 0.0233
3.1108 2.9712 3.0697 0.0233
3.1108 2.9712 3.0697 0.0234
3.1108 2.9712 3.0697 0.0234
3.1108 2.9712 3.0700 0.0230
3.1108 2.9712 3.0701 0.0230
3.1108 2.9712 3.0701 0.0230
3.1108 2.9712 3.0701 0.0230
3.1108 2.9712 3.0701 0.0229
3.1108 2.9712 3.0704 0.0229
3.1108 2.9712 3.0704 0.0229
3.1108 2.9712 3.0704 0.0229
3.1108 2.9712 3.0705 0.0229
3.1108 2.9712 3.0709 0.0222
3.1108 2.9712 3.0709 0.0222
3.1108 2.9712 3.0709 0.0222
3.1108 2.9712 3.0709 0.0222
3.1108 2.9712 3.0709 0.0222
3.1108 2.9712 3.0709 0.0222
3.1108 2.9712 3.0709 0.0222
3.1108 2.9712 3.0712 0.0222
3.1108 2.9712 3.0712 0.0222
3.1108 2.9712 3.0714 0.0222
3.1108 2.9712 3.0714 0.0222
3.1108 2.9712 3.0716 0.0222
3.1108 2.9712 3.0716 0.0222
3.1108 2.9712 3.0716 0.0222
3.1108 2.9712 3.0717 0.0221
3.1108 2.9712 3.0717 0.0221
3.1108 2.9712 3.0717 0.0221
3.1108 2.9712 3.0717 0.0221
3.1108 2.9712 3.0719 0.0218
3.1108 2.9712 3.0719 0.0218
3.1108 2.9712 3.0719 0.0218
3.1108 2.9712 3.0719 0.0218
3.1108 2.9712 3.0719 0.0218
3.1108 2.9712 3.0719 0.0218
3.1108 2.9712 3.0719 0.0218
3.1108 2.9712 3.0719 0.0218
3.1108 2.9712 3.0724 0.0218
3.1108 2.9712 3.0727 0.0218
3.1108 2.9712 3.0727 0.0218
3.1108 2.9712 3.0727 0.0218
3.1108 2.9712 3.0729 0.0218
3.1108 2.9712 3.0730 0.0218
3.1108 2.9712 3.0730 0.0218
3.1108 2.9712 3.0737 0.0209
3.1108 2.9712 3.0737 0.0209
3.1108 2.9712 3.0737 0.0209
3.1108 2.9712 3.0737 0.0209
3.1108 2.9712 3.0739 0.0209
3.1108 2.9712 3.0742 0.0209
3.1108 2.9712 3.0746 0.0210
3.1108 2.9712 3.0749 0.0208
3.1108 2.9712 3.0749 0.0208
3.1108 2.9712 3.0749 0.0208
3.1108 2.9712 3.0749 0.0208
3.1108 2.9712 3.0749 0.0208
3.1108 2.9712 3.0751 0.0209
3.1108 2.9712 3.0754 0.0212
3.1108 2.9712 3.0755 0.0212
3.1108 2.9712 3.0758 0.0212
3.1108 2.9712 3.0758 0.0211
3.1108 2.9931 3.0760 0.0202
3.1108 2.9931 3.0760 0.0202
3.1108 2.9931 3.0760 0.0202
3.1108 2.9931 3.0760 0.0202
3.1108 2.9931 3.0760 0.0202
3.1108 2.9931 3.0762 0.0199
3.1108 2.9931 3.0765 0.0199
3.1108 2.9931 3.0765 0.0199
3.1108 2.9931 3.0765 0.0199
3.1108 2.9931 3.0767 0.0198
3.1108 2.9931 3.0768 0.0199
3.1108 2.9931 3.0768 0.0199
3.1108 2.9931 3.0768 0.0199
3.1108 2.9931 3.0770 0.0199
3.1108 2.9931 3.0770 0.0199
3.1108 2.9931 3.0770 0.0199
3.1108 2.9931 3.0773 0.0201
3.1108 2.9931 3.0775 0.0199
3.1108 2.9931 3.0775 0.0199
3.1108 2.9931 3.0775 0.0199
3.1108 2.9931 3.0775 0.0199
3.1108 2.9931 3.0778 0.0200
3.1108 2.9931 3.0778 0.0200
3.1108 2.9931 3.0778 0.0200
3.1108 2.9931 3.0778 0.0200
3.1108 2.9931 3.0778 0.0200
3.1108 2.9931 3.0778 0.0200
3.1108 2.9931 3.0778 0.0200
3.1108 2.9931 3.0781 0.0198
3.1108 2.9931 3.0781 0.0198
3.1108 2.9931 3.0783 0.0199
3.1108 2.9931 3.0785 0.0198
3.1108 2.9931 3.0785 0.0198
3.1108 2.9931 3.0785 0.0198
3.1108 2.9931 3.0787 0.0197
3.1108 2.9931 3.0788 0.0198
3.1108 2.9931 3.0788 0.0198
3.1108 2.9931 3.0789 0.0198
3.1108 2.9931 3.0789 0.0198
3.1108 2.9931 3.0790 0.0199
3.1108 2.9931 3.0791 0.0200
3.1108 2.9931 3.0791 0.0200
3.1108 2.9931 3.0791 0.0200
3.1108 2.9931 3.0791 0.0200
3.1108 2.9931 3.0791 0.0200
3.1108 2.9931 3.0791 0.0200
3.1108 2.9931 3.0793 0.0201
3.1108 2.9931 3.0793 0.0201
3.1108 2.9931 3.0794 0.0202
3.1108 2.9931 3.0800 0.0200
3.1108 2.9931 3.0800 0.0200
3.1108 2.9931 3.0803 0.0203
3.1108 2.9931 3.0803 0.0203
3.1108 2.9931 3.0803 0.0203
3.1108 2.9931 3.0803 0.0203
3.1108 2.9931 3.0804 0.0203
3.1108 2.9931 3.0804 0.0203
3.1108 2.9931 3.0804 0.0203
3.1108 2.9931 3.0808 0.0204
3.1108 2.9931 3.0811 0.0203
3.1108 2.9931 3.0818 0.0196
3.1108 2.9931 3.0819 0.0197
3.1108 2.9931 3.0819 0.0197
3.1108 2.9931 3.0819 0.0197
3.1108 2.9931 3.0819 0.0197
3.1108 2.9931 3.0819 0.0197
3.1108 2.9931 3.0824 0.0196
3.1108 2.9931 3.0824 0.0196
3.1108 2.9931 3.0824 0.0196
3.1108 2.9931 3.0824 0.0196
3.1108 2.9931 3.0825 0.0197
3.1108 2.9931 3.0826 0.0197
3.1108 2.9931 3.0826 0.0197
3.1108 2.9931 3.0827 0.0197
3.1108 2.9931 3.0827 0.0197
3.1108 2.9931 3.0827 0.0197
3.1108 2.9931 3.0827 0.0197
3.1108 2.9931 3.0827 0.0197
3.1108 2.9931 3.0827 0.0197
3.1108 2.9931 3.0830 0.0197
3.1108 2.9931 3.0830 0.0198
3.1108 2.9931 3.0834 0.0199
3.1108 2.9931 3.0834 0.0200
3.1108 2.9931 3.0834 0.0200
3.1108 2.9931 3.0837 0.0201
3.1108 2.9931 3.0837 0.0201
3.1108 2.9931 3.0839 0.0203
3.1108 2.9931 3.0839 0.0203
3.1108 2.9931 3.0839 0.0203
3.1108 2.9931 3.0840 0.0203
3.1108 2.9931 3.0841 0.0202
3.1108 2.9931 3.0841 0.0202
3.1108 2.9931 3.0842 0.0201
3.1108 2.9931 3.0842 0.0201
3.1108 2.9931 3.0842 0.0201
3.1108 2.9931 3.0842 0.0201
3.1108 2.9931 3.0842 0.0201
3.1108 2.9931 3.0843 0.0202
3.1108 2.9931 3.0843 0.0202
3.1108 2.9931 3.0847 0.0196
3.1108 2.9931 3.0847 0.0196
3.1108 2.9931 3.0850 0.0195
3.1108 2.9931 3.0850 0.0195
3.1108 2.9931 3.0850 0.0194
3.1108 2.9931 3.0856 0.0188
3.1108 2.9931 3.0856 0.0188
3.1108 2.9931 3.0856 0.0188
3.1108 2.9931 3.0856 0.0188
3.1108 2.9931 3.0856 0.0188
3.1108 2.9931 3.0857 0.0188
3.1108 2.9931 3.0858 0.0188
3.1108 2.9931 3.0858 0.0188
3.1108 2.9931 3.0858 0.0188
3.1108 2.9931 3.0858 0.0188
3.1108 2.9931 3.0858 0.0188
3.1108 2.9931 3.0858 0.0188
3.1108 2.9931 3.0861 0.0185
3.1108 2.9931 3.0861 0.0185
3.1108 2.9931 3.0864 0.0183
3.1108 2.9931 3.0864 0.0183
3.1108 2.9931 3.0864 0.0183
3.1108 2.9931 3.0864 0.0183
3.1108 2.9931 3.0864 0.0183
3.1108 2.9931 3.0867 0.0184
3.1108 2.9931 3.0867 0.0184
3.1108 2.9931 3.0867 0.0184
3.1108 2.9931 3.0870 0.0184
3.1108 2.9931 3.0873 0.0184
3.1108 2.9931 3.0874 0.0184
3.1108 2.9931 3.0874 0.0184
3.1108 2.9931 3.0874 0.0184
3.1108 2.9931 3.0874 0.0184
3.1108 2.9931 3.0874 0.0184
3.1108 2.9931 3.0877 0.0181
3.1108 2.9931 3.0877 0.0181
3.1108 2.9931 3.0877 0.0181
3.1108 2.9931 3.0878 0.0181
3.1108 2.9931 3.0879 0.0180
3.1108 2.9931 3.0879 0.0180
3.1108 2.9931 3.0879 0.0180
3.1108 2.9931 3.0879 0.0180
3.1108 2.9931 3.0879 0.0180
3.1108 2.9931 3.0879 0.0180
3.1108 2.9931 3.0881 0.0179
3.1108 2.9931 3.0881 0.0179
3.1108 2.9931 3.0881 0.0179
3.1108 2.9931 3.0882 0.0179
3.1108 2.9931 3.0882 0.0179
3.1108 2.9931 3.0882 0.0179
3.1108 2.9931 3.0882 0.0179
3.1108 2.9931 3.0882 0.0179
3.1108 2.9931 3.0882 0.0179
3.1108 2.9931 3.0882 0.0179
3.1108 2.9931 3.0884 0.0180
3.1108 2.9931 3.0884 0.0180
3.1108 2.9931 3.0884 0.0180
3.1108 2.9931 3.0884 0.0180
3.1108 2.9931 3.0885 0.0179
3.1108 2.9931 3.0885 0.0179
3.1108 2.9931 3.0885 0.0179
3.1108 2.9931 3.0886 0.0178
3.1108 2.9931 3.0888 0.0179
3.1108 2.9931 3.0891 0.0176
3.1108 2.9931 3.0891 0.0176
3.1108 2.9931 3.0892 0.0174
3.1108 2.9931 3.0895 0.0175
3.1108 2.9931 3.0895 0.0175
3.1108 2.9931 3.0896 0.0175
3.1108 2.9931 3.0896 0.0175
3.1108 2.9931 3.0896 0.0175
3.1108 2.9931 3.0896 0.0175
3.1108 2.9931 3.0898 0.0175
3.1108 2.9931 3.0898 0.0175
3.1108 2.9931 3.0900 0.0175
3.1108 2.9931 3.0900 0.0175
3.1108 2.9931 3.0900 0.0175
3.1108 2.9931 3.0900 0.0175
3.1108 2.9931 3.0900 0.0175
3.1108 2.9931 3.0900 0.0175
3.1108 2.9931 3.0900 0.0175
3.1108 2.9931 3.0900 0.0175
3.1108 2.9931 3.0901 0.0175
3.1108 2.9931 3.0902 0.0175
3.1108 2.9931 3.0903 0.0176
3.1108 2.9931 3.0903 0.0176
3.1108 2.9931 3.0906 0.0175
3.1108 2.9931 3.0907 0.0175
3.1108 2.9931 3.0907 0.0175
3.1108 2.9931 3.0907 0.0175
3.1108 2.9931 3.0907 0.0176
3.1108 2.9931 3.0907 0.0176
3.1108 2.9931 3.0907 0.0176
3.1108 2.9931 3.0907 0.0176
3.1108 2.9931 3.0907 0.0176
3.1108 2.9931 3.0907 0.0176
3.1108 2.9931 3.0908 0.0176
3.1108 2.9931 3.0908 0.0176
3.1108 2.9931 3.0908 0.0176
3.1108 2.9931 3.0908 0.0176
3.1108 2.9931 3.0908 0.0176
3.1108 2.9931 3.0909 0.0174
3.1108 2.9931 3.0909 0.0174
3.1108 2.9931 3.0909 0.0174
3.1108 2.9931 3.0909 0.0174
3.1108 2.9931 3.0909 0.0174
3.1108 2.9931 3.0910 0.0174
3.1108 2.9931 3.0910 0.0174
3.1108 2.9931 3.0910 0.0174
3.1108 2.9931 3.0910 0.0174
3.1108 2.9931 3.0910 0.0174
3.1108 2.9931 3.0912 0.0172
3.1108 2.9931 3.0912 0.0172
3.1108 2.9931 3.0912 0.0172
3.1108 2.9931 3.0914 0.0168
3.1108 2.9931 3.0916 0.0169
3.1108 2.9931 3.0919 0.0166
3.1108 2.9931 3.0922 0.0166
3.1108 2.9931 3.0922 0.0166
3.1108 2.9931 3.0922 0.0166
3.1108 2.9931 3.0922 0.0166
3.1108 2.9931 3.0922 0.0166
3.1108 2.9931 3.0922 0.0166
3.1108 2.9931 3.0922 0.0166
3.1108 2.9931 3.0923 0.0167
3.1108 2.9931 3.0923 0.0167
3.1108 2.9931 3.0925 0.0168
3.1108 2.9931 3.0926 0.0168
3.1108 2.9931 3.0926 0.0168
3.1108 2.9931 3.0926 0.0168
3.1108 2.9931 3.0930 0.0164
3.1108 2.9931 3.0930 0.0164
3.1108 2.9931 3.0930 0.0164
3.1108 2.9931 3.0931 0.0164
3.1108 2.9931 3.0931 0.0164
3.1108 2.9931 3.0931 0.0164
3.1108 2.9931 3.0931 0.0164
3.1108 2.9931 3.0936 0.0160
3.1108 2.9931 3.0936 0.0160
3.1108 2.9931 3.0937 0.0161
3.1108 2.9931 3.0940 0.0162
3.1108 2.9931 3.0940 0.0162
3.1108 2.9931 3.0940 0.0162
3.1108 2.9931 3.0940 0.0162
3.1108 2.9931 3.0943 0.0160
3.1108 2.9931 3.0945 0.0160
3.1108 2.9931 3.0945 0.0160
3.1207 2.9931 3.0947 0.0162
3.1207 2.9931 3.0947 0.0162
3.1207 2.9931 3.0949 0.0162
3.1207 2.9931 3.0949 0.0162
3.1207 2.9931 3.0949 0.0162
3.1207 2.9931 3.0949 0.0162
3.1207 2.9931 3.0949 0.0162
3.1207 2.9931 3.0949 0.0162
3.1207 2.9931 3.0952 0.0162
3.1207 2.9931 3.0952 0.0162
3.1207 2.9931 3.0952 0.0162
3.1207 2.9931 3.0952 0.0162
3.1207 2.9931 3.0952 0.0162
3.1207 2.9931 3.0956 0.0160
3.1207 2.9931 3.0956 0.0160
3.1207 2.9931 3.0956 0.0160
3.1207 2.9931 3.0956 0.0160
3.1207 2.9931 3.0957 0.0161
3.1207 2.9931 3.0957 0.0161
3.1207 2.9931 3.0957 0.0161
3.1207 2.9931 3.0957 0.0161
3.1207 2.9931 3.0957 0.0161
3.1207 2.9931 3.0957 0.0161
3.1207 2.9931 3.0958 0.0162
3.1207 2.9931 3.0958 0.0162
3.1207 2.9931 3.0958 0.0162
3.1207 2.9931 3.0958 0.0162
3.1207 2.9931 3.0959 0.0161
3.1207 2.9931 3.0961 0.0162
3.1207 2.9931 3.0961 0.0162
3.1207 2.9931 3.0961 0.0162
3.1207 2.9931 3.0961 0.0162
3.1207 2.9931 3.0961 0.0162
3.1207 2.9931 3.0961 0.0162
3.1207 2.9931 3.0961 0.0162
3.1207 2.9931 3.0961 0.0162
3.1207 2.9931 3.0961 0.0162
3.1207 2.9931 3.0962 0.0162
3.1207 2.9931 3.0962 0.0162
3.1207 2.9931 3.0962 0.0162
3.1207 2.9931 3.0964 0.0161
3.1207 2.9931 3.0968 0.0161
3.1207 2.9931 3.0971 0.0160
3.1207 2.9931 3.0971 0.0160
3.1207 2.9931 3.0971 0.0160
3.1207 2.9931 3.0971 0.0160
3.1207 2.9931 3.0974 0.0160
3.1207 2.9931 3.0974 0.0160
3.1207 2.9931 3.0974 0.0161
3.1207 2.9931 3.0976 0.0161
3.1207 3.0606 3.0987 0.0122
3.1207 3.0606 3.0987 0.0122
3.1207 3.0606 3.0988 0.0122
3.1207 3.0606 3.0988 0.0122
3.1207 3.0606 3.0988 0.0122
3.1207 3.0606 3.0991 0.0119
3.1207 3.0606 3.0991 0.0119
3.1207 3.0606 3.0991 0.0119
3.1278 3.0606 3.0994 0.0123
3.1278 3.0606 3.0994 0.0123
3.1278 3.0606 3.0994 0.0123
3.1278 3.0606 3.0996 0.0122
3.1278 3.0606 3.0996 0.0122
3.1278 3.0606 3.0996 0.0122
3.1278 3.0606 3.0996 0.0122
3.1278 3.0606 3.0996 0.0122
3.1278 3.0606 3.0996 0.0122
3.1278 3.0606 3.0997 0.0124
3.1278 3.0606 3.0997 0.0124
3.1278 3.0606 3.0998 0.0124
3.1278 3.0606 3.0998 0.0124
3.1278 3.0606 3.0998 0.0124
3.1278 3.0606 3.0998 0.0124
3.1278 3.0606 3.0998 0.0124
3.1278 3.0606 3.0998 0.0124
3.1278 3.0606 3.0998 0.0124
3.1278 3.0606 3.0998 0.0124
3.1278 3.0606 3.0998 0.0124
3.1278 3.0606 3.0998 0.0124
3.1278 3.0606 3.1000 0.0124
3.1278 3.0606 3.1004 0.0126
3.1278 3.0606 3.1004 0.0126
3.1278 3.0606 3.1004 0.0126
3.1278 3.0606 3.1004 0.0126
3.1278 3.0606 3.1004 0.0126
3.1278 3.0606 3.1004 0.0126
3.1278 3.0606 3.1005 0.0126
3.1278 3.0606 3.1005 0.0126
3.1278 3.0606 3.1005 0.0126
3.1278 3.0606 3.1007 0.0126
3.1278 3.0606 3.1007 0.0126
3.1278 3.0606 3.1007 0.0126
3.1278 3.0606 3.1007 0.0126
3.1278 3.0606 3.1007 0.0126
3.1278 3.0606 3.1007 0.0126
3.1278 3.0606 3.1007 0.0126
3.1278 3.0606 3.1007 0.0126
3.1278 3.0606 3.1007 0.0126
3.1278 3.0606 3.1008 0.0127
3.1278 3.0606 3.1008 0.0127
3.1278 3.0606 3.1008 0.0127
3.1278 3.0606 3.1010 0.0126
3.1278 3.0606 3.1010 0.0126
3.1278 3.0606 3.1010 0.0126
3.1278 3.0606 3.1010 0.0126
3.1278 3.0606 3.1012 0.0127
3.1278 3.0689 3.1015 0.0122
3.1278 3.0689 3.1017 0.0121
3.1278 3.0689 3.1017 0.0121
3.1278 3.0689 3.1018 0.0121
3.1278 3.0689 3.1018 0.0121
3.1278 3.0689 3.1019 0.0119
3.1278 3.0689 3.1019 0.0119
3.1278 3.0689 3.1019 0.0119
3.1278 3.0689 3.1019 0.0119
3.1278 3.0689 3.1019 0.0119
3.1278 3.0689 3.1019 0.0119
3.1278 3.0689 3.1019 0.0119
3.1278 3.0689 3.1019 0.0119
3.1278 3.0689 3.1021 0.0119
3.1278 3.0689 3.1021 0.0119
3.1278 3.0689 3.1021 0.0119
3.1278 3.0689 3.1021 0.0119
3.1278 3.0689 3.1021 0.0119
3.1278 3.0689 3.1021 0.0119
3.1278 3.0689 3.1021 0.0119
3.1278 3.0689 3.1023 0.0117
3.1278 3.0689 3.1023 0.0117
3.1278 3.0689 3.1023 0.0117
3.1278 3.0689 3.1023 0.0117
3.1278 3.0689 3.1023 0.0117
3.1278 3.0689 3.1024 0.0116
3.1278 3.0689 3.1024 0.0116
3.1278 3.0689 3.1024 0.0116
3.1278 3.0689 3.1024 0.0116
3.1278 3.0689 3.1024 0.0116
3.1278 3.0689 3.1024 0.0116
3.1278 3.0689 3.1024 0.0116
3.1278 3.0689 3.1024 0.0116
3.1278 3.0689 3.1024 0.0116
3.1278 3.0689 3.1024 0.0116
3.1278 3.0689 3.1025 0.0116
3.1278 3.0689 3.1025 0.0116
3.1278 3.0689 3.1025 0.0116
3.1278 3.0689 3.1025 0.0116
3.1278 3.0689 3.1025 0.0116
3.1278 3.0689 3.1025 0.0116
3.1278 3.0689 3.1025 0.0116
3.1278 3.0689 3.1025 0.0116
3.1278 3.0689 3.1026 0.0116
3.1278 3.0714 3.1027 0.0114
3.1278 3.0714 3.1028 0.0114
3.1278 3.0714 3.1028 0.0114
3.1278 3.0714 3.1028 0.0114
3.1278 3.0714 3.1028 0.0114
3.1278 3.0714 3.1028 0.0114
3.1278 3.0714 3.1029 0.0114
3.1278 3.0714 3.1029 0.0114
3.1278 3.0714 3.1029 0.0114
3.1278 3.0714 3.1030 0.0115
3.1278 3.0714 3.1033 0.0115
3.1278 3.0714 3.1036 0.0110
3.1278 3.0714 3.1039 0.0109
3.1278 3.0714 3.1039 0.0109
3.1278 3.0714 3.1039 0.0109
3.1278 3.0714 3.1039 0.0109
3.1278 3.0714 3.1039 0.0109
3.1278 3.0714 3.1040 0.0109
3.1278 3.0714 3.1040 0.0109
3.1278 3.0714 3.1041 0.0109
3.1278 3.0714 3.1041 0.0109
3.1278 3.0714 3.1041 0.0109
3.1278 3.0714 3.1041 0.0109
3.1278 3.0714 3.1041 0.0109
3.1278 3.0714 3.1041 0.0109
3.1278 3.0714 3.1043 0.0112
3.1278 3.0714 3.1043 0.0112
3.1278 3.0714 3.1043 0.0112
3.1278 3.0714 3.1043 0.0112
3.1278 3.0714 3.1043 0.0112
3.1278 3.0714 3.1043 0.0112
3.1278 3.0714 3.1043 0.0112
3.1278 3.0714 3.1043 0.0112
3.1278 3.0714 3.1043 0.0112
3.1278 3.0714 3.1044 0.0112
3.1278 3.0714 3.1044 0.0112
3.1278 3.0714 3.1047 0.0110
3.1278 3.0714 3.1048 0.0111
3.1278 3.0714 3.1048 0.0111
3.1278 3.0714 3.1048 0.0111
3.1278 3.0714 3.1048 0.0111
3.1278 3.0714 3.1049 0.0111
3.1278 3.0714 3.1049 0.0111
3.1278 3.0714 3.1049 0.0111
3.1278 3.0714 3.1049 0.0111
3.1278 3.0714 3.1049 0.0111
3.1278 3.0714 3.1050 0.0111
3.1278 3.0714 3.1054 0.0107
3.1278 3.0714 3.1054 0.0107
3.1278 3.0714 3.1054 0.0107
3.1278 3.0714 3.1054 0.0107
3.1278 3.0714 3.1055 0.0108
3.1278 3.0714 3.1056 0.0108
3.1278 3.0714 3.1057 0.0109
3.1278 3.0714 3.1057 0.0109
3.1278 3.0714 3.1058 0.0110
3.1278 3.0714 3.1058 0.0110
3.1278 3.0714 3.1058 0.0110
3.1278 3.0714 3.1058 0.0110
3.1278 3.0714 3.1059 0.0109
3.1278 3.0714 3.1059 0.0109
3.1278 3.0714 3.1059 0.0109
3.1278 3.0714 3.1059 0.0109
3.1278 3.0714 3.1063 0.0110
3.1278 3.0714 3.1064 0.0109
3.1278 3.0714 3.1064 0.0109
3.1278 3.0714 3.1064 0.0109
3.1278 3.0714 3.1064 0.0109
3.1278 3.0714 3.1064 0.0109
3.1278 3.0714 3.1064 0.0109
3.1278 3.0714 3.1064 0.0109
3.1278 3.0714 3.1064 0.0109
3.1278 3.0714 3.1064 0.0109
3.1278 3.0714 3.1064 0.0109
3.1278 3.0714 3.1064 0.0109
3.1278 3.0714 3.1064 0.0110
3.1278 3.0714 3.1064 0.0109
3.1278 3.0714 3.1064 0.0109
3.1278 3.0714 3.1064 0.0109
3.1278 3.0714 3.1065 0.0108
3.1278 3.0714 3.1065 0.0108
3.1278 3.0714 3.1066 0.0108
3.1278 3.0714 3.1066 0.0108
3.1278 3.0714 3.1066 0.0108
3.1278 3.0714 3.1066 0.0108
3.1278 3.0714 3.1066 0.0108
3.1278 3.0714 3.1066 0.0108
3.1278 3.0714 3.1066 0.0108
3.1278 3.0714 3.1066 0.0108
3.1278 3.0714 3.1066 0.0108
3.1278 3.0714 3.1067 0.0108
3.1278 3.0714 3.1067 0.0108
3.1278 3.0714 3.1067 0.0108
3.1278 3.0714 3.1069 0.0107
3.1278 3.0714 3.1069 0.0107
3.1278 3.0714 3.1070 0.0106
3.1278 3.0714 3.1070 0.0106
3.1278 3.0714 3.1070 0.0106
3.1278 3.0714 3.1070 0.0106
3.1278 3.0714 3.1070 0.0106
3.1278 3.0714 3.1070 0.0106
3.1278 3.0714 3.1070 0.0106
3.1278 3.0714 3.1070 0.0106
3.1278 3.0714 3.1070 0.0106
3.1278 3.0714 3.1071 0.0106
3.1278 3.0714 3.1074 0.0103
3.1278 3.0714 3.1074 0.0103
3.1278 3.0714 3.1078 0.0100
3.1278 3.0714 3.1078 0.0100
3.1278 3.0714 3.1078 0.0100
3.1278 3.0714 3.1078 0.0100
3.1278 3.0714 3.1078 0.0100
3.1278 3.0714 3.1078 0.0100
3.1278 3.0714 3.1079 0.0100
3.1278 3.0714 3.1079 0.0100
3.1278 3.0714 3.1079 0.0100
3.1278 3.0714 3.1079 0.0100
3.1278 3.0714 3.1079 0.0100
3.1278 3.0714 3.1079 0.0100
3.1278 3.0714 3.1080 0.0100
3.1278 3.0714 3.1080 0.0100
3.1278 3.0714 3.1080 0.0100
3.1278 3.0714 3.1083 0.0099
3.1278 3.0714 3.1083 0.0099
3.1278 3.0714 3.1084 0.0098
3.1278 3.0714 3.1084 0.0098
3.1278 3.0714 3.1084 0.0098
3.1278 3.0714 3.1085 0.0098
3.1278 3.0714 3.1085 0.0098
3.1278 3.0714 3.1085 0.0098
3.1278 3.0714 3.1085 0.0098
3.1278 3.0714 3.1085 0.0098
3.1278 3.0714 3.1085 0.0098
3.1278 3.0714 3.1085 0.0098
3.1278 3.0714 3.1085 0.0098
3.1278 3.0714 3.1087 0.0097
3.1278 3.0714 3.1088 0.0096
3.1278 3.0714 3.1088 0.0096
3.1278 3.0714 3.1088 0.0096
3.1278 3.0714 3.1092 0.0089
3.1278 3.0714 3.1092 0.0089
3.1278 3.0714 3.1092 0.0089
3.1278 3.0829 3.1095 0.0080
3.1278 3.0829 3.1095 0.0080
3.1278 3.0829 3.1095 0.0080
3.1278 3.0829 3.1095 0.0080
3.1278 3.0829 3.1095 0.0081
3.1278 3.0829 3.1095 0.0081
3.1278 3.0829 3.1096 0.0081
3.1278 3.0829 3.1096 0.0081
3.1278 3.0829 3.1096 0.0081
3.1278 3.0829 3.1098 0.0080
3.1278 3.0829 3.1098 0.0080
3.1278 3.0829 3.1100 0.0079
3.1278 3.0829 3.1100 0.0079
3.1278 3.0829 3.1100 0.0079
3.1278 3.0829 3.1102 0.0077
3.1278 3.0829 3.1102 0.0077
3.1278 3.0829 3.1102 0.0077
3.1278 3.0829 3.1104 0.0074
3.1278 3.0829 3.1104 0.0074
3.1278 3.0829 3.1104 0.0074
3.1278 3.0829 3.1104 0.0074
3.1278 3.0829 3.1104 0.0074
3.1278 3.0829 3.1105 0.0074
3.1278 3.0829 3.1106 0.0072
3.1278 3.0829 3.1106 0.0072
3.1278 3.0829 3.1106 0.0072
3.1278 3.0829 3.1107 0.0072
3.1278 3.0829 3.1107 0.0072
3.1278 3.0829 3.1107 0.0072
3.1278 3.0829 3.1107 0.0072
3.1278 3.0829 3.1107 0.0072
3.1278 3.0829 3.1107 0.0072
3.1278 3.0829 3.1108 0.0070
3.1278 3.0829 3.1108 0.0070
3.1278 3.0829 3.1108 0.0070
3.1278 3.0829 3.1108 0.0070
3.1278 3.0829 3.1108 0.0070
3.1278 3.0829 3.1108 0.0070
3.1278 3.0829 3.1108 0.0070
3.1278 3.0829 3.1108 0.0070
3.1278 3.0829 3.1108 0.0070
3.1278 3.0829 3.1108 0.0070
3.1278 3.0829 3.1108 0.0070
3.1278 3.0829 3.1108 0.0070
3.1278 3.0829 3.1108 0.0070
3.1278 3.0829 3.1109 0.0072
3.1278 3.0829 3.1109 0.0072
3.1278 3.0829 3.1109 0.0072
3.1278 3.0829 3.1110 0.0071
3.1278 3.0829 3.1110 0.0071
3.1278 3.0829 3.1110 0.0071
3.1278 3.0829 3.1110 0.0071
3.1278 3.0829 3.1110 0.0071
3.1278 3.0829 3.1110 0.0071
3.1278 3.0829 3.1110 0.0071
3.1278 3.0829 3.1110 0.0071
3.1278 3.0829 3.1110 0.0071
3.1278 3.0829 3.1110 0.0071
3.1278 3.0829 3.1111 0.0071
3.1278 3.0829 3.1112 0.0073
3.1278 3.0829 3.1112 0.0073
3.1278 3.0855 3.1113 0.0072
3.1278 3.0855 3.1113 0.0072
3.1278 3.0855 3.1113 0.0072
3.1278 3.0855 3.1113 0.0072
3.1278 3.0855 3.1113 0.0072
3.1278 3.0855 3.1114 0.0073
3.1278 3.0855 3.1114 0.0073
3.1278 3.0855 3.1114 0.0073
3.1278 3.0855 3.1114 0.0073
3.1278 3.0855 3.1114 0.0073
3.1278 3.0855 3.1114 0.0073
3.1278 3.0855 3.1116 0.0074
3.1278 3.0855 3.1116 0.0074
3.1278 3.0855 3.1116 0.0074
3.1278 3.0855 3.1116 0.0074
3.1278 3.0855 3.1116 0.0074
3.1278 3.0855 3.1116 0.0074
3.1278 3.0855 3.1116 0.0074
3.1278 3.0855 3.1116 0.0074
3.1278 3.0855 3.1117 0.0074
3.1278 3.0855 3.1117 0.0076
3.1278 3.0855 3.1118 0.0076
3.1278 3.0855 3.1118 0.0076
3.1278 3.0855 3.1118 0.0076
3.1278 3.0855 3.1118 0.0076
3.1278 3.0855 3.1119 0.0076
3.1278 3.0855 3.1119 0.0076
3.1278 3.0855 3.1119 0.0076
3.1278 3.0855 3.1119 0.0075
3.1278 3.0855 3.1120 0.0074
3.1278 3.0855 3.1120 0.0074
3.1278 3.0855 3.1120 0.0074
3.1278 3.0855 3.1120 0.0074
3.1278 3.0855 3.1120 0.0074
3.1278 3.0855 3.1120 0.0074
3.1278 3.0855 3.1120 0.0074
3.1278 3.0855 3.1120 0.0074
3.1278 3.0855 3.1121 0.0074
3.1278 3.0855 3.1121 0.0074
3.1278 3.0855 3.1121 0.0074
3.1278 3.0855 3.1121 0.0074
3.1278 3.0855 3.1123 0.0074
3.1278 3.0855 3.1123 0.0074
3.1278 3.0855 3.1123 0.0074
3.1278 3.0855 3.1123 0.0074
3.1278 3.0855 3.1123 0.0074
3.1278 3.0855 3.1124 0.0074
3.1278 3.0855 3.1124 0.0074
3.1278 3.0855 3.1124 0.0074
3.1278 3.0855 3.1124 0.0074
3.1278 3.0855 3.1124 0.0074
3.1278 3.0855 3.1124 0.0074
3.1278 3.0855 3.1124 0.0074
3.1278 3.0855 3.1124 0.0074
3.1278 3.0855 3.1125 0.0074
3.1278 3.0855 3.1125 0.0074
3.1278 3.0855 3.1125 0.0074
3.1278 3.0855 3.1125 0.0074
3.1278 3.0855 3.1125 0.0074
3.1278 3.0855 3.1125 0.0074
3.1278 3.0855 3.1127 0.0074
3.1278 3.0855 3.1127 0.0074
3.1278 3.0855 3.1127 0.0074
3.1278 3.0855 3.1129 0.0075
3.1278 3.0855 3.1129 0.0075
3.1278 3.0855 3.1130 0.0075
3.1278 3.0855 3.1130 0.0075
3.1278 3.0855 3.1130 0.0075
3.1278 3.0855 3.1130 0.0075
3.1278 3.0855 3.1130 0.0075
3.1278 3.0855 3.1130 0.0075
3.1278 3.0855 3.1130 0.0075
3.1278 3.0855 3.1131 0.0073
3.1278 3.0855 3.1132 0.0073
3.1278 3.0855 3.1135 0.0074
3.1278 3.0855 3.1135 0.0074
3.1278 3.0855 3.1135 0.0074
3.1278 3.0855 3.1135 0.0074
3.1278 3.0855 3.1135 0.0074
3.1278 3.0855 3.1135 0.0074
3.1278 3.0855 3.1135 0.0074
3.1278 3.0855 3.1136 0.0074
3.1278 3.0855 3.1137 0.0074
3.1278 3.0855 3.1137 0.0074
3.1311 3.0855 3.1139 0.0076
3.1311 3.0855 3.1139 0.0076
3.1311 3.0855 3.1139 0.0076
3.1311 3.0855 3.1139 0.0076
3.1311 3.0855 3.1139 0.0076
3.1311 3.0855 3.1139 0.0076
3.1311 3.0855 3.1140 0.0077
3.1311 3.0855 3.1140 0.0077
3.1311 3.0855 3.1140 0.0077
3.1311 3.0855 3.1140 0.0077
3.1311 3.0855 3.1141 0.0078
3.1311 3.0855 3.1141 0.0078
3.1311 3.0855 3.1143 0.0078
3.1311 3.0855 3.1144 0.0079
3.1311 3.0855 3.1146 0.0080
3.1311 3.0855 3.1146 0.0080
3.1311 3.0855 3.1147 0.0079
3.1311 3.0855 3.1147 0.0079
3.1311 3.0855 3.1147 0.0078
3.1311 3.0855 3.1147 0.0078
3.1311 3.0855 3.1147 0.0078
3.1311 3.0855 3.1147 0.0078
3.1311 3.0855 3.1147 0.0078
3.1311 3.0855 3.1147 0.0078
3.1311 3.0855 3.1147 0.0078
3.1311 3.0855 3.1147 0.0078
3.1311 3.0855 3.1147 0.0078
3.1311 3.0855 3.1147 0.0078
3.1311 3.0855 3.1147 0.0079
3.1311 3.0855 3.1147 0.0079
3.1311 3.0855 3.1148 0.0079
3.1311 3.0855 3.1148 0.0079
3.1311 3.0855 3.1148 0.0079
3.1311 3.0855 3.1148 0.0079
3.1311 3.0855 3.1148 0.0079
3.1311 3.0855 3.1148 0.0079
3.1311 3.0855 3.1148 0.0079
3.1311 3.0855 3.1149 0.0078
3.1311 3.0855 3.1149 0.0078
3.1311 3.0855 3.1149 0.0078
3.1311 3.0855 3.1149 0.0079
3.1311 3.0855 3.1149 0.0079
3.1311 3.0855 3.1149 0.0079
3.1311 3.0855 3.1149 0.0079
3.1311 3.0855 3.1149 0.0079
3.1311 3.0855 3.1149 0.0079
3.1311 3.0855 3.1149 0.0079
3.1311 3.0855 3.1150 0.0079
3.1311 3.0855 3.1150 0.0079
3.1311 3.0930 3.1153 0.0073
3.1311 3.0930 3.1154 0.0073
3.1311 3.0930 3.1155 0.0072
3.1311 3.0930 3.1155 0.0072
3.1311 3.0930 3.1155 0.0072
3.1311 3.0930 3.1155 0.0072
3.1311 3.0930 3.1156 0.0072
3.1311 3.0930 3.1156 0.0072
3.1311 3.0930 3.1157 0.0072
3.1311 3.0930 3.1157 0.0072
3.1311 3.0930 3.1157 0.0072
3.1311 3.0930 3.1158 0.0072
3.1311 3.0930 3.1159 0.0073
3.1311 3.0930 3.1159 0.0073
3.1311 3.0930 3.1160 0.0073
3.1311 3.0930 3.1160 0.0073
3.1311 3.0930 3.1160 0.0073
3.1311 3.0930 3.1160 0.0073
3.1311 3.0930 3.1160 0.0073
3.1311 3.0930 3.1160 0.0073
3.1311 3.0930 3.1160 0.0073
3.1311 3.0930 3.1161 0.0073
3.1311 3.0930 3.1161 0.0073
3.1311 3.0930 3.1162 0.0074
3.1311 3.0930 3.1163 0.0074
3.1311 3.0930 3.1163 0.0073
3.1311 3.0930 3.1164 0.0073
3.1311 3.0930 3.1164 0.0073
3.1311 3.0930 3.1164 0.0073
3.1311 3.0930 3.1164 0.0073
3.1311 3.0930 3.1165 0.0074
3.1311 3.0930 3.1165 0.0074
3.1311 3.0930 3.1165 0.0074
3.1311 3.0930 3.1165 0.0074
3.1311 3.0930 3.1166 0.0074
3.1311 3.0930 3.1166 0.0074
3.1311 3.0930 3.1167 0.0074
3.1311 3.0930 3.1167 0.0074
3.1311 3.0930 3.1167 0.0074
3.1311 3.0930 3.1169 0.0075
3.1311 3.0930 3.1169 0.0075
3.1311 3.0930 3.1170 0.0075
3.1311 3.0930 3.1170 0.0075
3.1311 3.0930 3.1170 0.0075
3.1311 3.0930 3.1170 0.0075
3.1311 3.0930 3.1170 0.0075
3.1311 3.0930 3.1170 0.0075
3.1311 3.0930 3.1170 0.0075
3.1311 3.0930 3.1171 0.0074
3.1311 3.0930 3.1172 0.0074
3.1311 3.0930 3.1172 0.0074
3.1311 3.0930 3.1172 0.0074
3.1311 3.0930 3.1174 0.0074
3.1311 3.0930 3.1175 0.0074
3.1311 3.0930 3.1175 0.0074
3.1311 3.0930 3.1175 0.0074
3.1311 3.0930 3.1175 0.0074
3.1311 3.0930 3.1175 0.0074
3.1311 3.0930 3.1175 0.0074
3.1311 3.0930 3.1177 0.0075
3.1311 3.0930 3.1177 0.0075
3.1311 3.0930 3.1177 0.0075
3.1311 3.0930 3.1177 0.0075
3.1311 3.0930 3.1177 0.0076
3.1311 3.0930 3.1177 0.0076
3.1311 3.0930 3.1177 0.0076
3.1311 3.0930 3.1177 0.0076
3.1311 3.0930 3.1178 0.0075
3.1311 3.0930 3.1178 0.0076
3.1311 3.0930 3.1178 0.0076
3.1311 3.0930 3.1178 0.0076
3.1311 3.0930 3.1178 0.0076
3.1311 3.1024 3.1180 0.0072
3.1311 3.1024 3.1180 0.0072
3.1311 3.1024 3.1180 0.0072
3.1311 3.1024 3.1181 0.0071
3.1311 3.1024 3.1181 0.0071
3.1311 3.1024 3.1181 0.0071
3.1311 3.1024 3.1183 0.0072
3.1311 3.1024 3.1183 0.0072
3.1311 3.1024 3.1183 0.0072
3.1314 3.1024 3.1184 0.0073
3.1314 3.1024 3.1184 0.0073
3.1314 3.1024 3.1185 0.0073
3.1314 3.1024 3.1186 0.0073
3.1314 3.1024 3.1186 0.0073
3.1314 3.1024 3.1187 0.0073
3.1314 3.1024 3.1187 0.0073
3.1314 3.1024 3.1189 0.0074
3.1314 3.1024 3.1190 0.0073
3.1314 3.1024 3.1190 0.0073
3.1314 3.1024 3.1192 0.0072
3.1314 3.1024 3.1193 0.0072
3.1314 3.1024 3.1193 0.0072
3.1314 3.1024 3.1194 0.0071
3.1314 3.1024 3.1194 0.0071
3.1314 3.1024 3.1194 0.0071
3.1314 3.1024 3.1195 0.0070
3.1314 3.1024 3.1195 0.0070
3.1314 3.1024 3.1195 0.0070
3.1314 3.1024 3.1197 0.0071
3.1314 3.1024 3.1197 0.0071
3.1314 3.1024 3.1197 0.0071
3.1314 3.1024 3.1197 0.0071
3.1314 3.1024 3.1197 0.0071
3.1314 3.1024 3.1197 0.0071
3.1314 3.1024 3.1197 0.0071
3.1314 3.1024 3.1197 0.0071
3.1314 3.1024 3.1197 0.0071
3.1314 3.1024 3.1197 0.0071
3.1314 3.1024 3.1197 0.0071
3.1314 3.1024 3.1198 0.0070
3.1314 3.1024 3.1198 0.0070
3.1314 3.1024 3.1198 0.0070
3.1314 3.1024 3.1198 0.0070
3.1314 3.1024 3.1199 0.0069
3.1314 3.1024 3.1199 0.0069
3.1314 3.1024 3.1201 0.0069
3.1314 3.1024 3.1201 0.0069
3.1314 3.1024 3.1203 0.0069
3.1314 3.1024 3.1203 0.0069
3.1314 3.1024 3.1203 0.0069
3.1314 3.1024 3.1203 0.0069
3.1314 3.1024 3.1203 0.0069
3.1314 3.1024 3.1203 0.0069
3.1314 3.1024 3.1203 0.0069
3.1344 3.1024 3.1207 0.0071
3.1344 3.1024 3.1207 0.0071
3.1344 3.1024 3.1208 0.0071
3.1344 3.1024 3.1208 0.0071
3.1344 3.1024 3.1208 0.0071
3.1344 3.1024 3.1208 0.0071
3.1344 3.1024 3.1208 0.0071
3.1344 3.1024 3.1208 0.0071
3.1344 3.1024 3.1208 0.0071
3.1344 3.1024 3.1208 0.0071
3.1344 3.1024 3.1208 0.0071
3.1344 3.1024 3.1208 0.0071
3.1344 3.1024 3.1208 0.0071
3.1344 3.1024 3.1208 0.0071
3.1344 3.1024 3.1208 0.0071
3.1344 3.1024 3.1208 0.0071
3.1344 3.1024 3.1208 0.0071
3.1344 3.1024 3.1208 0.0071
3.1344 3.1024 3.1209 0.0070
3.1344 3.1024 3.1209 0.0070
3.1344 3.1024 3.1211 0.0072
3.1344 3.1024 3.1211 0.0072
3.1344 3.1024 3.1211 0.0072
3.1344 3.1024 3.1211 0.0072
3.1344 3.1024 3.1211 0.0072
3.1344 3.1024 3.1211 0.0072
3.1344 3.1024 3.1211 0.0072
3.1344 3.1024 3.1211 0.0072
3.1344 3.1024 3.1211 0.0072
3.1344 3.1024 3.1211 0.0072
3.1344 3.1024 3.1211 0.0072
3.1344 3.1024 3.1211 0.0072
3.1344 3.1024 3.1212 0.0072
3.1344 3.1024 3.1212 0.0072
3.1344 3.1024 3.1212 0.0072
3.1344 3.1024 3.1214 0.0069
3.1344 3.1024 3.1214 0.0069
3.1344 3.1024 3.1214 0.0069
3.1344 3.1024 3.1214 0.0069
3.1344 3.1024 3.1214 0.0069
3.1344 3.1024 3.1215 0.0069
3.1344 3.1024 3.1215 0.0069
3.1344 3.1024 3.1215 0.0069
3.1344 3.1024 3.1215 0.0069
3.1344 3.1024 3.1216 0.0068
3.1344 3.1024 3.1217 0.0068
3.1344 3.1024 3.1219 0.0068
3.1344 3.1024 3.1222 0.0069
3.1344 3.1024 3.1222 0.0069
3.1344 3.1024 3.1222 0.0069
3.1344 3.1024 3.1223 0.0070
3.1344 3.1024 3.1223 0.0070
3.1344 3.1024 3.1223 0.0070
3.1344 3.1024 3.1223 0.0070
3.1344 3.1024 3.1223 0.0070
3.1344 3.1024 3.1223 0.0070
3.1344 3.1024 3.1223 0.0070
3.1344 3.1024 3.1223 0.0070
3.1344 3.1024 3.1223 0.0070
3.1344 3.1024 3.1223 0.0070
3.1344 3.1024 3.1223 0.0070
3.1344 3.1024 3.1225 0.0069
3.1344 3.1024 3.1225 0.0069
3.1344 3.1024 3.1226 0.0070
3.1344 3.1024 3.1227 0.0070
3.1344 3.1024 3.1227 0.0070
3.1344 3.1024 3.1227 0.0070
3.1344 3.1024 3.1227 0.0070
3.1344 3.1024 3.1227 0.0070
3.1344 3.1024 3.1227 0.0070
3.1344 3.1024 3.1228 0.0070
3.1344 3.1024 3.1228 0.0070
3.1344 3.1024 3.1228 0.0070
3.1344 3.1024 3.1228 0.0070
3.1344 3.1024 3.1228 0.0070
3.1344 3.1024 3.1228 0.0070
3.1344 3.1024 3.1228 0.0070
3.1344 3.1024 3.1228 0.0070
3.1344 3.1024 3.1229 0.0070
3.1344 3.1024 3.1229 0.0070
3.1344 3.1024 3.1229 0.0070
3.1344 3.1024 3.1231 0.0071
3.1344 3.1024 3.1231 0.0071
3.1344 3.1024 3.1232 0.0072
3.1344 3.1024 3.1232 0.0072
3.1344 3.1024 3.1232 0.0072
3.1344 3.1024 3.1233 0.0072
3.1344 3.1024 3.1233 0.0072
3.1344 3.1024 3.1233 0.0072
3.1344 3.1024 3.1234 0.0072
3.1344 3.1024 3.1235 0.0072
3.1344 3.1024 3.1235 0.0072
3.1344 3.1024 3.1235 0.0072
3.1344 3.1024 3.1235 0.0071
3.1344 3.1024 3.1236 0.0071
3.1344 3.1024 3.1236 0.0071
3.1344 3.1024 3.1236 0.0071
3.1344 3.1024 3.1236 0.0071
3.1344 3.1024 3.1237 0.0071
3.1344 3.1024 3.1237 0.0071
3.1344 3.1024 3.1238 0.0070
3.1344 3.1024 3.1239 0.0070
3.1344 3.1024 3.1241 0.0070
3.1344 3.1024 3.1241 0.0070
3.1344 3.1024 3.1241 0.0070
3.1344 3.1024 3.1241 0.0070
3.1344 3.1024 3.1241 0.0070
3.1344 3.1024 3.1241 0.0070
3.1344 3.1024 3.1241 0.0070
3.1344 3.1024 3.1241 0.0070
3.1344 3.1024 3.1241 0.0070
3.1344 3.1024 3.1241 0.0070
3.1344 3.1024 3.1241 0.0070
3.1344 3.1024 3.1242 0.0070
3.1344 3.1024 3.1242 0.0070
3.1344 3.1024 3.1242 0.0071
3.1344 3.1024 3.1242 0.0071
3.1344 3.1024 3.1242 0.0071
3.1344 3.1024 3.1242 0.0071
3.1344 3.1024 3.1242 0.0071
3.1344 3.1024 3.1242 0.0071
3.1344 3.1024 3.1245 0.0069
3.1344 3.1024 3.1245 0.0069
3.1344 3.1024 3.1245 0.0069
3.1344 3.1024 3.1245 0.0069
3.1344 3.1024 3.1245 0.0069
3.1344 3.1024 3.1245 0.0069
3.1344 3.1024 3.1245 0.0069
3.1344 3.1024 3.1245 0.0069
3.1344 3.1024 3.1245 0.0069
3.1344 3.1024 3.1245 0.0069
3.1344 3.1024 3.1245 0.0069
3.1344 3.1024 3.1245 0.0069
3.1344 3.1024 3.1245 0.0069
3.1344 3.1024 3.1245 0.0069
3.1344 3.1024 3.1245 0.0069
3.1344 3.1024 3.1245 0.0069
3.1344 3.1024 3.1245 0.0069
3.1344 3.1024 3.1247 0.0069
3.1344 3.1024 3.1247 0.0069
3.1344 3.1024 3.1248 0.0070
3.1344 3.1024 3.1249 0.0070
3.1344 3.1024 3.1249 0.0070
3.1344 3.1024 3.1250 0.0068
3.1344 3.1024 3.1250 0.0068
3.1344 3.1024 3.1250 0.0068
3.1344 3.1024 3.1250 0.0068
3.1344 3.1024 3.1250 0.0068
3.1344 3.1024 3.1250 0.0068
3.1344 3.1024 3.1252 0.0069
3.1344 3.1024 3.1252 0.0069
3.1344 3.1024 3.1253 0.0068
3.1344 3.1024 3.1253 0.0068
3.1344 3.1024 3.1253 0.0067
3.1344 3.1024 3.1253 0.0067
3.1344 3.1024 3.1253 0.0067
3.1344 3.1024 3.1253 0.0067
3.1344 3.1024 3.1254 0.0068
3.1344 3.1024 3.1254 0.0068
3.1344 3.1024 3.1254 0.0068
3.1344 3.1024 3.1254 0.0068
3.1344 3.1024 3.1254 0.0068
3.1344 3.1024 3.1254 0.0068
3.1344 3.1024 3.1254 0.0068
3.1344 3.1024 3.1254 0.0068
3.1344 3.1024 3.1254 0.0068
3.1344 3.1024 3.1255 0.0068
3.1344 3.1024 3.1255 0.0068
3.1344 3.1024 3.1257 0.0067
3.1344 3.1024 3.1257 0.0067
3.1344 3.1024 3.1257 0.0067
3.1344 3.1024 3.1257 0.0067
3.1344 3.1024 3.1257 0.0067
3.1344 3.1024 3.1257 0.0067
3.1344 3.1024 3.1257 0.0067
3.1344 3.1024 3.1257 0.0067
3.1344 3.1024 3.1257 0.0067
3.1344 3.1024 3.1257 0.0067
3.1344 3.1024 3.1257 0.0067
3.1344 3.1024 3.1257 0.0067
3.1344 3.1024 3.1257 0.0067
3.1344 3.1024 3.1257 0.0067
3.1344 3.1024 3.1257 0.0067
3.1344 3.1024 3.1257 0.0067
3.1344 3.1024 3.1257 0.0067
3.1344 3.1024 3.1257 0.0067
3.1344 3.1024 3.1257 0.0067
3.1344 3.1024 3.1257 0.0067
3.1344 3.1024 3.1257 0.0067
3.1344 3.1024 3.1257 0.0067
3.1344 3.1024 3.1257 0.0067
3.1344 3.1024 3.1257 0.0067
3.1344 3.1024 3.1257 0.0067
3.1344 3.1024 3.1257 0.0067
3.1344 3.1024 3.1258 0.0065
3.1344 3.1024 3.1258 0.0065
3.1344 3.1024 3.1258 0.0065
3.1344 3.1024 3.1258 0.0065
3.1344 3.1024 3.1258 0.0065
3.1344 3.1024 3.1258 0.0065
3.1344 3.1024 3.1258 0.0065
3.1344 3.1024 3.1258 0.0065
3.1344 3.1024 3.1258 0.0065
3.1344 3.1024 3.1259 0.0064
3.1344 3.1024 3.1260 0.0065
3.1344 3.1024 3.1260 0.0065
3.1344 3.1024 3.1260 0.0065
3.1344 3.1024 3.1261 0.0065
3.1344 3.1024 3.1261 0.0065
3.1344 3.1024 3.1261 0.0065
3.1344 3.1024 3.1262 0.0065
3.1344 3.1024 3.1262 0.0065
3.1344 3.1024 3.1262 0.0065
3.1344 3.1024 3.1262 0.0065
3.1344 3.1024 3.1262 0.0065
3.1344 3.1024 3.1262 0.0065
3.1344 3.1024 3.1263 0.0064
3.1344 3.1024 3.1264 0.0064
3.1344 3.1024 3.1264 0.0064
3.1344 3.1024 3.1265 0.0063
3.1344 3.1024 3.1265 0.0063
3.1344 3.1024 3.1265 0.0063
3.1344 3.1024 3.1265 0.0063
3.1344 3.1024 3.1267 0.0063
3.1344 3.1024 3.1268 0.0063
3.1344 3.1024 3.1268 0.0063
3.1344 3.1024 3.1268 0.0063
3.1344 3.1024 3.1268 0.0063
3.1344 3.1024 3.1268 0.0063
3.1344 3.1024 3.1268 0.0063
3.1344 3.1024 3.1268 0.0063
3.1344 3.1024 3.1269 0.0062
3.1344 3.1024 3.1269 0.0062
3.1344 3.1024 3.1269 0.0062
3.1344 3.1024 3.1269 0.0062
3.1344 3.1024 3.1269 0.0062
3.1344 3.1024 3.1269 0.0062
3.1344 3.1024 3.1269 0.0062
3.1344 3.1024 3.1269 0.0063
3.1344 3.1024 3.1270 0.0063
3.1344 3.1024 3.1270 0.0063
3.1344 3.1024 3.1271 0.0063
3.1344 3.1024 3.1271 0.0063
3.1344 3.1024 3.1271 0.0063
3.1344 3.1024 3.1272 0.0063
3.1344 3.1024 3.1272 0.0063
3.1344 3.1024 3.1272 0.0063
3.1344 3.1024 3.1272 0.0063
3.1344 3.1024 3.1272 0.0063
3.1344 3.1024 3.1273 0.0063
3.1344 3.1024 3.1274 0.0064
3.1344 3.1024 3.1274 0.0064
3.1344 3.1024 3.1274 0.0064
3.1344 3.1024 3.1275 0.0063
3.1344 3.1024 3.1276 0.0064
3.1344 3.1024 3.1277 0.0063
3.1344 3.1024 3.1277 0.0063
3.1353 3.1024 3.1278 0.0063
3.1353 3.1024 3.1278 0.0063
3.1353 3.1024 3.1278 0.0063
3.1353 3.1024 3.1278 0.0063
3.1353 3.1024 3.1278 0.0063
3.1353 3.1024 3.1278 0.0063
3.1353 3.1024 3.1278 0.0063
3.1353 3.1024 3.1278 0.0063
3.1353 3.1024 3.1279 0.0063
3.1353 3.1024 3.1279 0.0063
3.1353 3.1024 3.1280 0.0063
3.1353 3.1024 3.1280 0.0063
3.1353 3.1024 3.1280 0.0063
3.1353 3.1024 3.1282 0.0061
3.1353 3.1024 3.1282 0.0061
3.1353 3.1090 3.1286 0.0056
3.1437 3.1090 3.1287 0.0057
3.1437 3.1090 3.1287 0.0057
3.1437 3.1090 3.1287 0.0057
3.1437 3.1090 3.1288 0.0057
3.1437 3.1090 3.1288 0.0057
3.1437 3.1090 3.1289 0.0057
3.1437 3.1090 3.1289 0.0057
3.1437 3.1090 3.1289 0.0057
3.1437 3.1090 3.1289 0.0057
3.1437 3.1090 3.1289 0.0057
3.1437 3.1090 3.1289 0.0057
3.1437 3.1090 3.1290 0.0057
3.1437 3.1090 3.1290 0.0057
3.1437 3.1090 3.1290 0.0057
3.1437 3.1090 3.1290 0.0057
3.1437 3.1090 3.1291 0.0057
3.1437 3.1090 3.1292 0.0056
3.1437 3.1090 3.1292 0.0056
3.1437 3.1090 3.1292 0.0056
3.1437 3.1090 3.1292 0.0056
3.1437 3.1090 3.1292 0.0056
3.1437 3.1090 3.1292 0.0056
3.1437 3.1090 3.1292 0.0056
3.1437 3.1090 3.1292 0.0056
3.1437 3.1090 3.1292 0.0056
3.1437 3.1090 3.1292 0.0057
3.1437 3.1090 3.1293 0.0057
3.1437 3.1090 3.1293 0.0057
3.1437 3.1090 3.1293 0.0057
3.1437 3.1090 3.1293 0.0057
3.1437 3.1090 3.1293 0.0057
3.1437 3.1090 3.1293 0.0057
3.1437 3.1090 3.1293 0.0057
3.1437 3.1090 3.1293 0.0057
3.1437 3.1090 3.1293 0.0057
3.1437 3.1090 3.1293 0.0057
3.1437 3.1090 3.1293 0.0057
3.1437 3.1090 3.1293 0.0057
3.1437 3.1090 3.1293 0.0057
3.1437 3.1090 3.1293 0.0057
3.1437 3.1090 3.1294 0.0057
3.1437 3.1090 3.1294 0.0057
3.1437 3.1090 3.1294 0.0057
3.1437 3.1090 3.1294 0.0057
3.1437 3.1090 3.1294 0.0057
3.1437 3.1090 3.1294 0.0057
3.1437 3.1090 3.1294 0.0057
3.1437 3.1090 3.1294 0.0057
3.1437 3.1090 3.1294 0.0057
3.1437 3.1090 3.1294 0.0057
3.1437 3.1090 3.1294 0.0057
3.1437 3.1090 3.1295 0.0059
3.1437 3.1090 3.1295 0.0059
3.1437 3.1090 3.1295 0.0059
3.1437 3.1090 3.1295 0.0059
3.1437 3.1090 3.1297 0.0059
3.1437 3.1090 3.1298 0.0060
3.1437 3.1090 3.1298 0.0060
3.1437 3.1090 3.1299 0.0060
3.1437 3.1090 3.1300 0.0058
3.1437 3.1090 3.1300 0.0058
3.1437 3.1090 3.1300 0.0058
3.1437 3.1090 3.1300 0.0058
3.1437 3.1090 3.1300 0.0057
3.1437 3.1090 3.1300 0.0057
3.1437 3.1090 3.1300 0.0057
3.1437 3.1090 3.1300 0.0057
3.1437 3.1090 3.1301 0.0057
3.1437 3.1126 3.1303 0.0053
3.1437 3.1126 3.1304 0.0054
3.1437 3.1126 3.1304 0.0054
3.1437 3.1126 3.1305 0.0053
3.1437 3.1126 3.1306 0.0054
3.1437 3.1126 3.1306 0.0054
3.1437 3.1126 3.1307 0.0055
3.1437 3.1126 3.1307 0.0055
3.1437 3.1126 3.1307 0.0055
3.1437 3.1126 3.1307 0.0055
3.1437 3.1126 3.1307 0.0055
3.1437 3.1126 3.1307 0.0055
3.1437 3.1126 3.1307 0.0055
3.1437 3.1126 3.1307 0.0055
3.1437 3.1126 3.1307 0.0055
3.1437 3.1126 3.1307 0.0055
3.1437 3.1126 3.1307 0.0055
3.1437 3.1126 3.1307 0.0055
3.1437 3.1126 3.1307 0.0055
3.1437 3.1126 3.1307 0.0055
3.1437 3.1126 3.1307 0.0055
3.1437 3.1126 3.1307 0.0055
3.1437 3.1126 3.1307 0.0055
3.1437 3.1126 3.1307 0.0055
3.1437 3.1126 3.1308 0.0057
3.1437 3.1126 3.1308 0.0057
3.1437 3.1126 3.1308 0.0057
3.1437 3.1126 3.1308 0.0057
3.1437 3.1126 3.1309 0.0057
3.1437 3.1126 3.1309 0.0057
3.1437 3.1126 3.1310 0.0056
3.1437 3.1126 3.1311 0.0057
3.1437 3.1126 3.1311 0.0057
3.1437 3.1126 3.1312 0.0057
3.1437 3.1126 3.1312 0.0057
3.1437 3.1126 3.1312 0.0057
3.1437 3.1126 3.1313 0.0057
3.1437 3.1126 3.1313 0.0057
3.1437 3.1126 3.1313 0.0057
3.1437 3.1126 3.1313 0.0057
3.1437 3.1126 3.1313 0.0057
3.1437 3.1126 3.1314 0.0057
3.1437 3.1126 3.1314 0.0057
3.1437 3.1126 3.1314 0.0057
3.1437 3.1126 3.1314 0.0057
3.1437 3.1126 3.1314 0.0057
3.1437 3.1126 3.1315 0.0058
3.1437 3.1126 3.1315 0.0058
3.1437 3.1126 3.1315 0.0058
3.1437 3.1126 3.1315 0.0058
3.1437 3.1126 3.1315 0.0058
3.1437 3.1126 3.1315 0.0058
3.1437 3.1126 3.1317 0.0059
3.1437 3.1126 3.1317 0.0059
3.1437 3.1126 3.1317 0.0059
3.1437 3.1126 3.1317 0.0059
3.1437 3.1126 3.1317 0.0059
3.1437 3.1126 3.1317 0.0059
3.1437 3.1126 3.1317 0.0059
3.1437 3.1126 3.1317 0.0059
3.1437 3.1126 3.1317 0.0059
3.1437 3.1126 3.1317 0.0059
3.1437 3.1126 3.1318 0.0059
3.1437 3.1126 3.1318 0.0059
3.1437 3.1126 3.1320 0.0060
3.1437 3.1126 3.1320 0.0060
3.1437 3.1126 3.1320 0.0060
3.1437 3.1126 3.1320 0.0060
3.1437 3.1126 3.1320 0.0060
3.1437 3.1126 3.1321 0.0059
3.1437 3.1126 3.1322 0.0059
3.1437 3.1126 3.1322 0.0060
3.1437 3.1126 3.1322 0.0060
3.1437 3.1126 3.1322 0.0060
3.1437 3.1126 3.1322 0.0060
3.1437 3.1126 3.1322 0.0060
3.1437 3.1126 3.1323 0.0060
3.1437 3.1126 3.1323 0.0060
3.1437 3.1126 3.1323 0.0060
3.1437 3.1126 3.1323 0.0060
3.1437 3.1126 3.1324 0.0060
3.1437 3.1126 3.1324 0.0060
3.1437 3.1126 3.1324 0.0060
3.1437 3.1126 3.1325 0.0060
3.1437 3.1126 3.1325 0.0060
3.1437 3.1126 3.1325 0.0060
3.1437 3.1126 3.1326 0.0061
3.1437 3.1126 3.1326 0.0061
3.1437 3.1126 3.1326 0.0061
3.1437 3.1126 3.1326 0.0061
3.1437 3.1126 3.1327 0.0062
3.1437 3.1126 3.1328 0.0061
3.1437 3.1126 3.1328 0.0061
3.1437 3.1126 3.1328 0.0061
3.1437 3.1126 3.1328 0.0061
3.1437 3.1126 3.1328 0.0061
3.1437 3.1126 3.1329 0.0062
3.1437 3.1126 3.1329 0.0063
3.1437 3.1126 3.1329 0.0063
3.1437 3.1126 3.1329 0.0063
3.1437 3.1126 3.1329 0.0063
3.1437 3.1126 3.1330 0.0063
3.1437 3.1126 3.1330 0.0063
3.1437 3.1126 3.1331 0.0063
3.1437 3.1126 3.1331 0.0063
3.1437 3.1126 3.1331 0.0063
3.1437 3.1126 3.1331 0.0063
3.1437 3.1126 3.1333 0.0063
3.1437 3.1126 3.1334 0.0063
3.1437 3.1126 3.1334 0.0062
3.1437 3.1126 3.1334 0.0062
3.1437 3.1126 3.1334 0.0062
3.1437 3.1126 3.1334 0.0062
3.1437 3.1126 3.1334 0.0062
3.1437 3.1126 3.1335 0.0062
3.1437 3.1126 3.1335 0.0062
3.1437 3.1126 3.1335 0.0062
3.1437 3.1126 3.1336 0.0060
3.1437 3.1126 3.1336 0.0060
3.1437 3.1126 3.1336 0.0060
3.1437 3.1126 3.1336 0.0060
3.1437 3.1126 3.1336 0.0060
3.1437 3.1126 3.1336 0.0060
3.1437 3.1126 3.1336 0.0060
3.1437 3.1126 3.1336 0.0060
3.1437 3.1126 3.1336 0.0060
3.1437 3.1126 3.1336 0.0060
3.1437 3.1126 3.1336 0.0060
3.1437 3.1126 3.1336 0.0060
3.1437 3.1126 3.1336 0.0060
3.1437 3.1126 3.1336 0.0060
3.1437 3.1126 3.1336 0.0060
3.1437 3.1126 3.1337 0.0061
3.1437 3.1126 3.1337 0.0061
3.1437 3.1126 3.1337 0.0061
3.1437 3.1126 3.1338 0.0062
3.1437 3.1126 3.1338 0.0062
3.1449 3.1126 3.1338 0.0062
3.1449 3.1126 3.1338 0.0062
3.1449 3.1126 3.1340 0.0063
3.1449 3.1126 3.1341 0.0063
3.1449 3.1126 3.1341 0.0063
3.1449 3.1126 3.1342 0.0064
3.1449 3.1126 3.1342 0.0064
3.1449 3.1126 3.1342 0.0064
3.1449 3.1126 3.1342 0.0064
3.1449 3.1126 3.1342 0.0064
3.1449 3.1126 3.1342 0.0064
3.1449 3.1126 3.1342 0.0064
3.1449 3.1126 3.1343 0.0063
3.1449 3.1126 3.1343 0.0063
3.1449 3.1126 3.1343 0.0063
3.1449 3.1126 3.1343 0.0063
3.1449 3.1126 3.1343 0.0063
3.1449 3.1126 3.1343 0.0063
3.1449 3.1126 3.1343 0.0063
3.1449 3.1126 3.1343 0.0063
3.1449 3.1126 3.1343 0.0063
3.1449 3.1126 3.1343 0.0063
3.1449 3.1126 3.1343 0.0063
3.1449 3.1126 3.1343 0.0063
3.1449 3.1126 3.1343 0.0063
3.1449 3.1126 3.1343 0.0063
3.1449 3.1126 3.1343 0.0063
3.1449 3.1126 3.1343 0.0063
3.1449 3.1126 3.1343 0.0063
3.1449 3.1126 3.1343 0.0063
3.1449 3.1126 3.1343 0.0063
3.1449 3.1126 3.1343 0.0063
3.1449 3.1126 3.1344 0.0064
3.1449 3.1126 3.1345 0.0065
3.1449 3.1126 3.1345 0.0065
3.1449 3.1126 3.1346 0.0065
3.1449 3.1126 3.1346 0.0065
3.1449 3.1126 3.1346 0.0065
3.1449 3.1126 3.1346 0.0065
3.1449 3.1126 3.1346 0.0065
3.1449 3.1126 3.1346 0.0065
3.1449 3.1126 3.1346 0.0065
3.1449 3.1126 3.1347 0.0065
3.1449 3.1126 3.1347 0.0065
3.1449 3.1126 3.1347 0.0065
3.1449 3.1126 3.1347 0.0065
3.1449 3.1126 3.1347 0.0065
3.1449 3.1126 3.1347 0.0065
3.1449 3.1126 3.1347 0.0065
3.1449 3.1126 3.1348 0.0065
3.1449 3.1126 3.1348 0.0065
3.1449 3.1126 3.1348 0.0065
3.1449 3.1126 3.1348 0.0065
3.1449 3.1126 3.1349 0.0065
3.1449 3.1126 3.1350 0.0064
3.1449 3.1126 3.1350 0.0064
3.1449 3.1126 3.1350 0.0064
3.1449 3.1126 3.1350 0.0064
3.1449 3.1126 3.1350 0.0064
3.1449 3.1126 3.1350 0.0064
3.1449 3.1126 3.1350 0.0064
3.1449 3.1126 3.1350 0.0064
3.1449 3.1126 3.1350 0.0064
3.1449 3.1126 3.1350 0.0064
3.1449 3.1126 3.1352 0.0064
3.1449 3.1126 3.1353 0.0061
3.1449 3.1126 3.1353 0.0061
3.1449 3.1126 3.1353 0.0061
3.1449 3.1126 3.1354 0.0062
3.1449 3.1126 3.1354 0.0062
3.1449 3.1126 3.1354 0.0062
3.1449 3.1126 3.1354 0.0062
3.1449 3.1126 3.1354 0.0062
3.1449 3.1126 3.1354 0.0062
3.1449 3.1126 3.1354 0.0062
3.1449 3.1126 3.1354 0.0062
3.1449 3.1126 3.1354 0.0062
3.1449 3.1126 3.1354 0.0062
3.1449 3.1126 3.1354 0.0062
3.1449 3.1126 3.1355 0.0062
3.1449 3.1126 3.1355 0.0062
3.1449 3.1126 3.1356 0.0062
3.1449 3.1126 3.1356 0.0062
3.1449 3.1126 3.1356 0.0062
3.1449 3.1126 3.1356 0.0062
3.1449 3.1126 3.1357 0.0061
3.1449 3.1126 3.1357 0.0061
3.1449 3.1126 3.1357 0.0061
3.1449 3.1126 3.1357 0.0061
3.1449 3.1126 3.1357 0.0061
3.1449 3.1126 3.1358 0.0062
3.1449 3.1126 3.1358 0.0062
3.1449 3.1126 3.1358 0.0062
3.1449 3.1126 3.1358 0.0062
3.1449 3.1126 3.1359 0.0062
3.1449 3.1126 3.1359 0.0062
3.1449 3.1126 3.1359 0.0062
3.1449 3.1126 3.1360 0.0063
3.1449 3.1126 3.1360 0.0063
3.1449 3.1126 3.1360 0.0063
3.1449 3.1126 3.1360 0.0063
3.1449 3.1126 3.1361 0.0062
3.1449 3.1126 3.1361 0.0062
3.1449 3.1126 3.1361 0.0063
3.1449 3.1126 3.1363 0.0062
3.1449 3.1126 3.1363 0.0062
3.1449 3.1126 3.1363 0.0062
3.1449 3.1126 3.1363 0.0062
3.1449 3.1126 3.1363 0.0062
3.1449 3.1126 3.1363 0.0062
3.1449 3.1126 3.1363 0.0062
3.1449 3.1126 3.1363 0.0062
3.1449 3.1126 3.1366 0.0060
3.1449 3.1126 3.1367 0.0061
3.1449 3.1213 3.1370 0.0056
3.1449 3.1213 3.1370 0.0056
3.1449 3.1213 3.1370 0.0056
3.1449 3.1213 3.1372 0.0055
3.1449 3.1213 3.1372 0.0055
3.1449 3.1213 3.1372 0.0055
3.1449 3.1213 3.1373 0.0054
3.1449 3.1213 3.1373 0.0054
3.1449 3.1213 3.1373 0.0054
3.1449 3.1213 3.1373 0.0054
3.1449 3.1213 3.1373 0.0054
3.1449 3.1213 3.1374 0.0054
3.1449 3.1213 3.1374 0.0054
3.1449 3.1213 3.1374 0.0054
3.1449 3.1213 3.1374 0.0054
3.1449 3.1213 3.1374 0.0054
3.1449 3.1213 3.1374 0.0054
3.1449 3.1213 3.1374 0.0054
3.1449 3.1213 3.1375 0.0054
3.1449 3.1213 3.1375 0.0054
3.1449 3.1213 3.1375 0.0054
3.1449 3.1213 3.1376 0.0054
3.1449 3.1213 3.1377 0.0055
3.1449 3.1213 3.1377 0.0055
3.1449 3.1213 3.1377 0.0055
3.1449 3.1213 3.1377 0.0055
3.1449 3.1213 3.1377 0.0055
3.1449 3.1213 3.1377 0.0055
3.1449 3.1213 3.1377 0.0055
3.1449 3.1213 3.1377 0.0055
3.1449 3.1213 3.1378 0.0054
3.1449 3.1213 3.1379 0.0054
3.1449 3.1213 3.1380 0.0053
3.1449 3.1213 3.1380 0.0053
3.1449 3.1213 3.1380 0.0053
3.1449 3.1213 3.1380 0.0053
3.1449 3.1213 3.1381 0.0052
3.1449 3.1213 3.1381 0.0052
3.1449 3.1213 3.1381 0.0052
3.1449 3.1213 3.1382 0.0052
3.1449 3.1213 3.1382 0.0052
3.1449 3.1213 3.1382 0.0052
3.1449 3.1213 3.1383 0.0052
3.1449 3.1213 3.1383 0.0052
3.1449 3.1213 3.1384 0.0052
3.1449 3.1213 3.1384 0.0052
3.1449 3.1213 3.1384 0.0052
3.1449 3.1213 3.1384 0.0052
3.1449 3.1213 3.1384 0.0052
3.1449 3.1213 3.1384 0.0052
3.1449 3.1213 3.1384 0.0052
3.1449 3.1213 3.1384 0.0052
3.1449 3.1213 3.1384 0.0052
3.1449 3.1213 3.1384 0.0052
3.1449 3.1213 3.1384 0.0052
3.1449 3.1213 3.1384 0.0052
3.1449 3.1213 3.1384 0.0052
3.1449 3.1213 3.1384 0.0052
3.1449 3.1213 3.1385 0.0052
3.1449 3.1213 3.1385 0.0052
3.1449 3.1213 3.1385 0.0052
3.1449 3.1213 3.1385 0.0052
3.1449 3.1213 3.1385 0.0052
3.1449 3.1213 3.1386 0.0050
3.1449 3.1213 3.1387 0.0051
3.1449 3.1213 3.1388 0.0051
3.1449 3.1213 3.1388 0.0051
3.1449 3.1213 3.1389 0.0051
3.1449 3.1213 3.1390 0.0051
3.1449 3.1213 3.1391 0.0051
3.1449 3.1213 3.1391 0.0051
3.1449 3.1213 3.1391 0.0051
3.1449 3.1213 3.1391 0.0051
3.1449 3.1213 3.1392 0.0051
3.1449 3.1213 3.1393 0.0050
3.1449 3.1213 3.1393 0.0050
3.1449 3.1213 3.1394 0.0050
3.1449 3.1213 3.1394 0.0050
3.1449 3.1213 3.1394 0.0050
3.1449 3.1213 3.1395 0.0050
3.1449 3.1213 3.1395 0.0050
3.1449 3.1213 3.1396 0.0050
3.1449 3.1213 3.1397 0.0050
3.1449 3.1213 3.1397 0.0050
3.1449 3.1213 3.1397 0.0050
3.1449 3.1213 3.1397 0.0050
3.1449 3.1213 3.1397 0.0050
3.1449 3.1213 3.1397 0.0050
3.1449 3.1213 3.1397 0.0050
3.1449 3.1278 3.1399 0.0047
3.1449 3.1278 3.1400 0.0047
3.1449 3.1278 3.1400 0.0047
3.1449 3.1278 3.1400 0.0047
3.1449 3.1278 3.1400 0.0047
3.1449 3.1278 3.1400 0.0047
3.1449 3.1278 3.1400 0.0047
3.1449 3.1278 3.1400 0.0047
3.1449 3.1278 3.1400 0.0047
3.1449 3.1278 3.1400 0.0047
3.1449 3.1278 3.1401 0.0046
3.1449 3.1278 3.1402 0.0046
3.1449 3.1278 3.1402 0.0046
3.1449 3.1278 3.1403 0.0046
3.1449 3.1278 3.1403 0.0046
3.1449 3.1278 3.1403 0.0046
3.1449 3.1278 3.1403 0.0046
3.1449 3.1278 3.1403 0.0046
3.1449 3.1278 3.1403 0.0046
3.1449 3.1278 3.1403 0.0046
3.1449 3.1278 3.1403 0.0046
3.1449 3.1278 3.1404 0.0046
3.1449 3.1278 3.1405 0.0045
3.1449 3.1278 3.1405 0.0045
3.1449 3.1278 3.1405 0.0045
3.1449 3.1278 3.1405 0.0045
3.1449 3.1278 3.1405 0.0045
3.1449 3.1278 3.1405 0.0045
3.1449 3.1278 3.1405 0.0045
3.1449 3.1322 3.1406 0.0044
3.1449 3.1322 3.1406 0.0044
3.1449 3.1322 3.1406 0.0044
3.1449 3.1322 3.1406 0.0044
3.1449 3.1322 3.1406 0.0044
3.1449 3.1322 3.1407 0.0043
3.1449 3.1322 3.1407 0.0043
3.1449 3.1322 3.1407 0.0043
3.1449 3.1322 3.1407 0.0043
3.1449 3.1322 3.1407 0.0043
3.1449 3.1322 3.1408 0.0043
3.1449 3.1322 3.1408 0.0043
3.1449 3.1322 3.1409 0.0043
3.1449 3.1324 3.1409 0.0043
3.1449 3.1324 3.1409 0.0043
3.1449 3.1324 3.1409 0.0043
3.1449 3.1324 3.1409 0.0043
3.1449 3.1324 3.1409 0.0043
3.1449 3.1324 3.1409 0.0043
3.1449 3.1324 3.1409 0.0043
3.1449 3.1324 3.1410 0.0042
3.1449 3.1324 3.1410 0.0042
3.1449 3.1324 3.1410 0.0042
3.1449 3.1324 3.1410 0.0042
3.1449 3.1324 3.1410 0.0042
3.1449 3.1324 3.1410 0.0042
3.1449 3.1324 3.1410 0.0042
3.1449 3.1324 3.1410 0.0042
3.1449 3.1324 3.1411 0.0042
3.1449 3.1324 3.1411 0.0042
3.1449 3.1324 3.1411 0.0042
3.1449 3.1324 3.1411 0.0042
3.1449 3.1324 3.1411 0.0042
3.1449 3.1324 3.1411 0.0042
3.1449 3.1324 3.1411 0.0042
3.1449 3.1324 3.1412 0.0041
3.1449 3.1324 3.1412 0.0041
3.1449 3.1324 3.1413 0.0041
3.1449 3.1324 3.1413 0.0041
3.1449 3.1344 3.1414 0.0040
3.1449 3.1344 3.1414 0.0040
3.1449 3.1344 3.1415 0.0040
3.1449 3.1344 3.1415 0.0040
3.1449 3.1344 3.1415 0.0040
3.1449 3.1344 3.1415 0.0040
3.1449 3.1344 3.1415 0.0040
3.1449 3.1344 3.1415 0.0040
3.1449 3.1344 3.1415 0.0040
3.1449 3.1344 3.1415 0.0040
3.1449 3.1344 3.1415 0.0040
3.1449 3.1344 3.1415 0.0040
3.1449 3.1344 3.1415 0.0040
3.1449 3.1344 3.1415 0.0040
3.1449 3.1344 3.1415 0.0040
3.1449 3.1344 3.1415 0.0040
3.1449 3.1344 3.1415 0.0040
3.1449 3.1344 3.1415 0.0040
3.1449 3.1344 3.1415 0.0040
3.1449 3.1344 3.1415 0.0040
3.1449 3.1344 3.1415 0.0040
3.1449 3.1344 3.1415 0.0040
3.1449 3.1344 3.1415 0.0040
3.1449 3.1344 3.1415 0.0040
3.1449 3.1344 3.1415 0.0040
3.1449 3.1344 3.1415 0.0040
3.1449 3.1344 3.1416 0.0039
3.1449 3.1344 3.1416 0.0039
3.1449 3.1344 3.1416 0.0039
3.1449 3.1344 3.1417 0.0039
3.1449 3.1344 3.1417 0.0039
3.1449 3.1344 3.1417 0.0039
3.1449 3.1344 3.1417 0.0039
3.1449 3.1344 3.1418 0.0038
3.1449 3.1344 3.1418 0.0038
3.1449 3.1344 3.1418 0.0038
3.1449 3.1344 3.1418 0.0038
3.1449 3.1344 3.1418 0.0038
3.1449 3.1344 3.1418 0.0038
3.1449 3.1344 3.1418 0.0038
3.1449 3.1344 3.1418 0.0038
3.1449 3.1344 3.1418 0.0038
3.1449 3.1344 3.1418 0.0038
3.1449 3.1344 3.1418 0.0038
3.1449 3.1344 3.1418 0.0038
3.1449 3.1344 3.1418 0.0038
3.1449 3.1344 3.1418 0.0038
3.1449 3.1344 3.1418 0.0038
3.1449 3.1344 3.1418 0.0038
3.1449 3.1344 3.1418 0.0038
3.1449 3.1344 3.1418 0.0038
3.1449 3.1344 3.1418 0.0038
3.1449 3.1344 3.1418 0.0038
3.1449 3.1344 3.1418 0.0038
3.1449 3.1344 3.1418 0.0038
3.1463 3.1344 3.1418 0.0038
3.1463 3.1344 3.1419 0.0037
3.1463 3.1344 3.1420 0.0037
3.1463 3.1344 3.1420 0.0036
3.1463 3.1344 3.1421 0.0036
3.1463 3.1344 3.1421 0.0036
3.1463 3.1344 3.1422 0.0035
3.1463 3.1344 3.1422 0.0035
3.1463 3.1344 3.1422 0.0035
3.1463 3.1344 3.1422 0.0035
3.1463 3.1344 3.1422 0.0035
3.1463 3.1344 3.1422 0.0035
3.1463 3.1344 3.1422 0.0035
3.1463 3.1344 3.1422 0.0035
3.1463 3.1344 3.1422 0.0035
3.1463 3.1344 3.1422 0.0035
3.1463 3.1344 3.1423 0.0035
3.1463 3.1344 3.1424 0.0034
3.1463 3.1344 3.1424 0.0034
3.1463 3.1344 3.1424 0.0034
3.1463 3.1344 3.1424 0.0034
3.1463 3.1344 3.1424 0.0034
3.1463 3.1344 3.1424 0.0034
3.1463 3.1344 3.1424 0.0034
3.1463 3.1344 3.1424 0.0034
3.1463 3.1344 3.1424 0.0034
3.1463 3.1344 3.1424 0.0034
3.1463 3.1344 3.1424 0.0034
3.1463 3.1344 3.1424 0.0034
3.1463 3.1344 3.1424 0.0034
3.1463 3.1344 3.1424 0.0034
3.1463 3.1344 3.1424 0.0034
3.1463 3.1344 3.1424 0.0034
3.1463 3.1344 3.1424 0.0034
3.1463 3.1344 3.1424 0.0034
3.1463 3.1344 3.1424 0.0034
3.1463 3.1344 3.1424 0.0034
3.1463 3.1344 3.1424 0.0034
3.1463 3.1344 3.1424 0.0034
3.1463 3.1344 3.1424 0.0034
3.1463 3.1344 3.1424 0.0034
3.1463 3.1344 3.1424 0.0034
3.1463 3.1344 3.1425 0.0033
3.1463 3.1344 3.1425 0.0033
3.1463 3.1344 3.1425 0.0033
3.1463 3.1344 3.1425 0.0033
3.1463 3.1344 3.1426 0.0033
3.1463 3.1344 3.1426 0.0033
3.1463 3.1344 3.1426 0.0033
3.1463 3.1344 3.1427 0.0032
3.1463 3.1344 3.1427 0.0032
3.1463 3.1344 3.1427 0.0032
3.1463 3.1344 3.1427 0.0032
3.1463 3.1344 3.1427 0.0032
3.1463 3.1344 3.1427 0.0031
3.1463 3.1344 3.1427 0.0031
3.1463 3.1344 3.1427 0.0031
3.1463 3.1344 3.1428 0.0030
3.1463 3.1344 3.1428 0.0030
3.1463 3.1344 3.1428 0.0030
3.1463 3.1344 3.1428 0.0030
3.1463 3.1344 3.1428 0.0030
3.1463 3.1344 3.1428 0.0030
3.1463 3.1344 3.1428 0.0030
3.1463 3.1344 3.1428 0.0030
3.1463 3.1344 3.1428 0.0030
3.1463 3.1344 3.1428 0.0030
3.1463 3.1344 3.1428 0.0030
3.1463 3.1344 3.1429 0.0029
3.1463 3.1344 3.1429 0.0029
3.1463 3.1344 3.1429 0.0029
3.1463 3.1344 3.1429 0.0029
3.1463 3.1344 3.1429 0.0029
3.1463 3.1344 3.1429 0.0029
3.1463 3.1344 3.1429 0.0029
3.1463 3.1344 3.1429 0.0029
3.1463 3.1344 3.1430 0.0029
3.1463 3.1344 3.1430 0.0029
3.1463 3.1344 3.1430 0.0029
3.1463 3.1344 3.1430 0.0029
3.1463 3.1344 3.1430 0.0030
3.1463 3.1344 3.1430 0.0030
3.1463 3.1344 3.1430 0.0030
3.1463 3.1344 3.1430 0.0030
3.1463 3.1344 3.1430 0.0030
3.1463 3.1344 3.1430 0.0030
3.1463 3.1344 3.1430 0.0030
3.1463 3.1344 3.1430 0.0030
3.1463 3.1344 3.1430 0.0030
3.1463 3.1344 3.1430 0.0030
3.1463 3.1344 3.1430 0.0030
3.1463 3.1344 3.1430 0.0030
3.1463 3.1344 3.1430 0.0030
3.1463 3.1344 3.1430 0.0030
3.1463 3.1344 3.1430 0.0030
3.1463 3.1344 3.1430 0.0030
3.1463 3.1344 3.1430 0.0030
3.1463 3.1344 3.1430 0.0030
3.1463 3.1344 3.1430 0.0030
3.1463 3.1344 3.1430 0.0030
3.1463 3.1344 3.1430 0.0030
3.1463 3.1344 3.1430 0.0030
3.1463 3.1344 3.1430 0.0030
3.1463 3.1344 3.1430 0.0030
3.1463 3.1344 3.1430 0.0030
3.1463 3.1344 3.1430 0.0030
3.1463 3.1344 3.1430 0.0030
3.1463 3.1344 3.1430 0.0030
3.1463 3.1344 3.1432 0.0029
3.1463 3.1344 3.1432 0.0029
3.1463 3.1344 3.1433 0.0027
3.1463 3.1344 3.1433 0.0027
3.1463 3.1344 3.1433 0.0027
3.1463 3.1344 3.1433 0.0027
3.1463 3.1344 3.1433 0.0027
3.1463 3.1344 3.1433 0.0027
3.1463 3.1344 3.1433 0.0027
3.1463 3.1344 3.1433 0.0027
3.1463 3.1344 3.1433 0.0027
3.1463 3.1344 3.1433 0.0027
3.1463 3.1344 3.1433 0.0027
3.1463 3.1344 3.1433 0.0027
3.1463 3.1344 3.1433 0.0027
3.1463 3.1344 3.1433 0.0027
3.1463 3.1344 3.1433 0.0027
3.1463 3.1344 3.1433 0.0027
3.1463 3.1344 3.1433 0.0027
3.1463 3.1344 3.1433 0.0027
3.1463 3.1344 3.1433 0.0027
3.1463 3.1344 3.1433 0.0027
3.1463 3.1344 3.1433 0.0027
3.1463 3.1344 3.1433 0.0027
3.1463 3.1344 3.1433 0.0028
3.1463 3.1344 3.1434 0.0027
3.1463 3.1344 3.1434 0.0027
3.1463 3.1344 3.1434 0.0027
3.1463 3.1344 3.1434 0.0027
3.1463 3.1344 3.1434 0.0027
3.1463 3.1344 3.1434 0.0027
3.1463 3.1344 3.1434 0.0027
3.1463 3.1344 3.1434 0.0027
3.1463 3.1344 3.1434 0.0027
3.1463 3.1344 3.1434 0.0027
3.1463 3.1344 3.1434 0.0027
3.1463 3.1344 3.1435 0.0025
3.1463 3.1344 3.1435 0.0026
3.1463 3.1344 3.1435 0.0026
3.1463 3.1344 3.1435 0.0026
3.1463 3.1344 3.1435 0.0026
3.1463 3.1344 3.1435 0.0026
3.1463 3.1344 3.1435 0.0026
3.1463 3.1344 3.1435 0.0026
3.1463 3.1344 3.1436 0.0026
3.1463 3.1344 3.1436 0.0026
3.1463 3.1344 3.1436 0.0026
3.1463 3.1344 3.1436 0.0026
3.1463 3.1344 3.1436 0.0026
3.1463 3.1344 3.1437 0.0024
3.1463 3.1344 3.1437 0.0024
3.1463 3.1344 3.1437 0.0024
3.1463 3.1344 3.1438 0.0022
3.1463 3.1344 3.1438 0.0022
3.1463 3.1344 3.1438 0.0022
3.1463 3.1344 3.1438 0.0022
3.1463 3.1344 3.1438 0.0022
3.1463 3.1344 3.1438 0.0022
3.1463 3.1344 3.1438 0.0022
3.1463 3.1344 3.1438 0.0022
3.1463 3.1344 3.1438 0.0022
3.1463 3.1344 3.1438 0.0022
3.1463 3.1344 3.1438 0.0022
3.1463 3.1344 3.1438 0.0022
3.1463 3.1344 3.1438 0.0022
3.1463 3.1344 3.1438 0.0022
3.1463 3.1344 3.1438 0.0022
3.1463 3.1344 3.1438 0.0022
3.1463 3.1344 3.1438 0.0022
3.1463 3.1344 3.1438 0.0022
3.1463 3.1344 3.1438 0.0022
3.1463 3.1344 3.1438 0.0022
3.1463 3.1344 3.1438 0.0022
3.1463 3.1344 3.1438 0.0022
3.1463 3.1344 3.1438 0.0022
3.1463 3.1344 3.1438 0.0022
3.1463 3.1344 3.1438 0.0022
3.1463 3.1344 3.1438 0.0022
3.1463 3.1344 3.1438 0.0022
3.1463 3.1344 3.1438 0.0022
3.1463 3.1344 3.1438 0.0022
3.1463 3.1344 3.1439 0.0020
3.1463 3.1344 3.1439 0.0020
3.1463 3.1344 3.1439 0.0020
3.1463 3.1344 3.1439 0.0020
3.1463 3.1344 3.1439 0.0020
3.1463 3.1344 3.1439 0.0020
3.1463 3.1344 3.1439 0.0020
3.1463 3.1344 3.1439 0.0020
3.1463 3.1344 3.1439 0.0020
3.1463 3.1344 3.1439 0.0020
3.1463 3.1344 3.1439 0.0020
3.1463 3.1344 3.1440 0.0020
3.1463 3.1344 3.1440 0.0020
3.1463 3.1344 3.1440 0.0020
3.1463 3.1344 3.1440 0.0020
3.1463 3.1344 3.1440 0.0020
3.1463 3.1344 3.1440 0.0020
3.1463 3.1344 3.1440 0.0020
3.1463 3.1344 3.1440 0.0020
3.1463 3.1344 3.1441 0.0018
3.1463 3.1344 3.1441 0.0018
3.1463 3.1344 3.1441 0.0018
3.1463 3.1344 3.1441 0.0018
3.1463 3.1344 3.1441 0.0018
3.1463 3.1344 3.1441 0.0018
3.1463 3.1344 3.1441 0.0018
3.1463 3.1344 3.1441 0.0018
3.1463 3.1344 3.1441 0.0018
3.1463 3.1344 3.1441 0.0018
3.1463 3.1344 3.1441 0.0018
3.1463 3.1346 3.1442 0.0015
3.1463 3.1346 3.1442 0.0015
3.1463 3.1346 3.1442 0.0015
3.1463 3.1346 3.1442 0.0015
3.1463 3.1346 3.1442 0.0015
3.1463 3.1346 3.1442 0.0015
3.1463 3.1346 3.1442 0.0015
3.1463 3.1346 3.1442 0.0015
3.1463 3.1346 3.1442 0.0015
3.1463 3.1346 3.1442 0.0015
3.1463 3.1346 3.1442 0.0015
3.1463 3.1346 3.1442 0.0015
3.1463 3.1346 3.1443 0.0013
3.1463 3.1346 3.1443 0.0013
3.1463 3.1346 3.1443 0.0013
3.1463 3.1346 3.1443 0.0013
3.1463 3.1346 3.1443 0.0013
3.1463 3.1346 3.1443 0.0013
3.1463 3.1346 3.1443 0.0013
3.1463 3.1346 3.1443 0.0013
3.1463 3.1346 3.1443 0.0013
3.1463 3.1346 3.1443 0.0013
3.1463 3.1346 3.1443 0.0013
3.1463 3.1346 3.1443 0.0013
3.1463 3.1346 3.1443 0.0013
3.1463 3.1346 3.1443 0.0013
3.1463 3.1346 3.1443 0.0013
3.1463 3.1346 3.1443 0.0013
3.1463 3.1346 3.1443 0.0013
3.1463 3.1346 3.1443 0.0013
3.1463 3.1346 3.1443 0.0013
3.1463 3.1346 3.1443 0.0013
3.1463 3.1346 3.1443 0.0013
3.1463 3.1346 3.1443 0.0013
3.1463 3.1346 3.1443 0.0013
3.1463 3.1346 3.1443 0.0013
3.1463 3.1346 3.1443 0.0013
3.1463 3.1346 3.1443 0.0013
3.1463 3.1346 3.1443 0.0013
3.1463 3.1346 3.1443 0.0013
3.1463 3.1346 3.1443 0.0013
3.1463 3.1346 3.1443 0.0013
3.1463 3.1346 3.1444 0.0013
3.1463 3.1346 3.1444 0.0013
3.1463 3.1346 3.1444 0.0013
3.1463 3.1346 3.1444 0.0013
3.1463 3.1346 3.1444 0.0013
3.1463 3.1346 3.1444 0.0013
3.1463 3.1346 3.1444 0.0013
3.1463 3.1346 3.1444 0.0013
3.1463 3.1346 3.1444 0.0013
3.1463 3.1346 3.1444 0.0013
3.1464 3.1346 3.1444 0.0013
3.1464 3.1346 3.1444 0.0013
3.1464 3.1346 3.1444 0.0013
3.1464 3.1346 3.1444 0.0013
3.1464 3.1346 3.1444 0.0013
3.1464 3.1346 3.1444 0.0013
3.1466 3.1346 3.1444 0.0014
3.1466 3.1346 3.1444 0.0014
3.1466 3.1346 3.1444 0.0014
3.1466 3.1346 3.1444 0.0014
3.1466 3.1346 3.1444 0.0014
3.1466 3.1346 3.1444 0.0014
3.1466 3.1346 3.1444 0.0014
3.1466 3.1346 3.1445 0.0014
3.1466 3.1346 3.1445 0.0014
3.1466 3.1346 3.1445 0.0014
3.1466 3.1346 3.1445 0.0014
3.1466 3.1346 3.1445 0.0014
3.1466 3.1346 3.1445 0.0014
3.1466 3.1346 3.1445 0.0014
3.1466 3.1346 3.1445 0.0014
3.1466 3.1346 3.1445 0.0014
3.1466 3.1346 3.1445 0.0014
3.1466 3.1346 3.1445 0.0014
3.1466 3.1346 3.1445 0.0014
3.1466 3.1346 3.1445 0.0014
3.1466 3.1346 3.1445 0.0014
3.1466 3.1346 3.1445 0.0014
3.1466 3.1346 3.1445 0.0014
3.1466 3.1346 3.1445 0.0014
3.1466 3.1346 3.1445 0.0014
3.1466 3.1346 3.1445 0.0014
3.1466 3.1346 3.1445 0.0014
3.1466 3.1346 3.1445 0.0014
3.1466 3.1346 3.1445 0.0014
3.1466 3.1346 3.1445 0.0014
3.1466 3.1346 3.1445 0.0014
3.1466 3.1346 3.1445 0.0014
3.1466 3.1346 3.1445 0.0014
3.1466 3.1346 3.1445 0.0014
3.1466 3.1346 3.1445 0.0014
3.1466 3.1346 3.1445 0.0014
3.1466 3.1346 3.1445 0.0014
3.1466 3.1346 3.1445 0.0014
3.1466 3.1346 3.1445 0.0014
3.1466 3.1346 3.1445 0.0014
3.1466 3.1346 3.1446 0.0014
3.1466 3.1346 3.1446 0.0014
3.1466 3.1346 3.1446 0.0014
3.1466 3.1346 3.1446 0.0014
3.1466 3.1346 3.1446 0.0014
3.1466 3.1346 3.1446 0.0014
3.1466 3.1346 3.1446 0.0014
3.1466 3.1346 3.1446 0.0014
3.1466 3.1346 3.1446 0.0014
3.1466 3.1346 3.1446 0.0014
3.1466 3.1346 3.1446 0.0014
3.1466 3.1346 3.1446 0.0014
3.1466 3.1346 3.1446 0.0014
3.1466 3.1346 3.1446 0.0014
3.1466 3.1346 3.1446 0.0014
3.1466 3.1346 3.1447 0.0014
3.1466 3.1346 3.1447 0.0014
3.1466 3.1346 3.1447 0.0014
3.1466 3.1346 3.1447 0.0014
3.1466 3.1346 3.1447 0.0014
3.1466 3.1346 3.1447 0.0014
3.1466 3.1346 3.1447 0.0014
3.1466 3.1346 3.1447 0.0014
3.1466 3.1346 3.1447 0.0014
3.1466 3.1346 3.1447 0.0014
3.1466 3.1346 3.1447 0.0014
3.1466 3.1346 3.1447 0.0014
3.1466 3.1346 3.1447 0.0014
3.1466 3.1346 3.1447 0.0014
3.1466 3.1346 3.1447 0.0014
3.1466 3.1346 3.1448 0.0014
3.1466 3.1346 3.1448 0.0014
3.1466 3.1346 3.1448 0.0014
3.1466 3.1346 3.1448 0.0014
3.1466 3.1346 3.1448 0.0014
3.1466 3.1346 3.1448 0.0014
3.1466 3.1346 3.1448 0.0014
3.1466 3.1346 3.1448 0.0014
3.1466 3.1346 3.1448 0.0014
3.1466 3.1346 3.1448 0.0014
3.1466 3.1346 3.1448 0.0014
3.1466 3.1346 3.1448 0.0014
3.1466 3.1346 3.1448 0.0014
3.1466 3.1346 3.1448 0.0014
3.1466 3.1346 3.1448 0.0014
3.1466 3.1346 3.1448 0.0014
3.1466 3.1437 3.1449 0.0010
3.1466 3.1437 3.1449 0.0010
3.1466 3.1437 3.1449 0.0010
3.1466 3.1437 3.1449 0.0010
3.1466 3.1437 3.1449 0.0010
3.1466 3.1437 3.1449 0.0010
3.1466 3.1437 3.1449 0.0010
3.1466 3.1437 3.1449 0.0010
3.1466 3.1437 3.1449 0.0010
3.1466 3.1437 3.1449 0.0010
3.1466 3.1437 3.1449 0.0010
3.1466 3.1437 3.1449 0.0010
3.1466 3.1437 3.1449 0.0010
3.1466 3.1437 3.1450 0.0010
3.1466 3.1437 3.1450 0.0010
3.1466 3.1437 3.1450 0.0010
3.1466 3.1437 3.1450 0.0010
3.1466 3.1437 3.1450 0.0011
3.1466 3.1437 3.1450 0.0011
3.1466 3.1437 3.1450 0.0011
3.1466 3.1437 3.1450 0.0011
3.1466 3.1437 3.1450 0.0011
3.1466 3.1437 3.1450 0.0011
3.1466 3.1437 3.1450 0.0011
3.1466 3.1437 3.1450 0.0011
3.1466 3.1437 3.1450 0.0011
3.1466 3.1437 3.1450 0.0011
3.1466 3.1437 3.1450 0.0011
3.1466 3.1437 3.1450 0.0011
3.1466 3.1437 3.1450 0.0011
3.1466 3.1437 3.1451 0.0011
3.1466 3.1437 3.1451 0.0011
3.1466 3.1437 3.1451 0.0011
3.1466 3.1437 3.1451 0.0011
3.1466 3.1437 3.1451 0.0011
3.1466 3.1437 3.1451 0.0011
3.1466 3.1437 3.1451 0.0011
3.1466 3.1437 3.1451 0.0011
3.1466 3.1437 3.1451 0.0011
3.1466 3.1437 3.1451 0.0011
3.1466 3.1437 3.1451 0.0011
3.1466 3.1437 3.1451 0.0011
3.1466 3.1437 3.1451 0.0011
3.1466 3.1437 3.1451 0.0011
3.1466 3.1437 3.1451 0.0011
3.1466 3.1437 3.1451 0.0011
3.1466 3.1437 3.1451 0.0011
3.1466 3.1437 3.1451 0.0011
3.1466 3.1437 3.1451 0.0011
3.1466 3.1437 3.1451 0.0011
3.1466 3.1437 3.1451 0.0011
3.1466 3.1437 3.1451 0.0011
3.1466 3.1437 3.1452 0.0011
3.1466 3.1437 3.1452 0.0011
3.1466 3.1437 3.1452 0.0011
3.1466 3.1437 3.1452 0.0011
3.1466 3.1437 3.1452 0.0011
3.1466 3.1437 3.1452 0.0011
3.1466 3.1437 3.1452 0.0011
3.1466 3.1437 3.1452 0.0011
3.1466 3.1437 3.1452 0.0011
3.1466 3.1437 3.1452 0.0011
3.1466 3.1437 3.1452 0.0011
3.1466 3.1437 3.1452 0.0011
3.1466 3.1437 3.1452 0.0011
3.1466 3.1437 3.1452 0.0011
3.1466 3.1437 3.1452 0.0010
3.1466 3.1437 3.1452 0.0011
3.1466 3.1437 3.1452 0.0011
3.1466 3.1437 3.1452 0.0011
3.1466 3.1437 3.1452 0.0011
3.1466 3.1437 3.1452 0.0011
3.1466 3.1437 3.1452 0.0011
3.1466 3.1437 3.1452 0.0011
3.1466 3.1437 3.1452 0.0011
3.1466 3.1437 3.1453 0.0011
3.1466 3.1437 3.1453 0.0011
3.1466 3.1437 3.1453 0.0011
3.1466 3.1437 3.1453 0.0011
3.1466 3.1437 3.1453 0.0011
3.1466 3.1437 3.1453 0.0011
3.1466 3.1437 3.1453 0.0011
3.1466 3.1437 3.1453 0.0011
3.1466 3.1437 3.1453 0.0011
3.1466 3.1437 3.1453 0.0011
3.1466 3.1437 3.1453 0.0010
3.1466 3.1437 3.1453 0.0010
3.1466 3.1437 3.1453 0.0010
3.1466 3.1437 3.1453 0.0010
3.1466 3.1437 3.1453 0.0010
3.1466 3.1437 3.1453 0.0010
3.1466 3.1437 3.1453 0.0010
3.1466 3.1437 3.1453 0.0010
3.1466 3.1437 3.1453 0.0010
3.1466 3.1437 3.1453 0.0010
3.1466 3.1437 3.1453 0.0010
3.1466 3.1437 3.1453 0.0010
3.1466 3.1437 3.1454 0.0010
3.1466 3.1437 3.1454 0.0010
3.1466 3.1437 3.1454 0.0010
3.1466 3.1437 3.1454 0.0010
3.1466 3.1437 3.1454 0.0010
3.1466 3.1437 3.1454 0.0010
3.1466 3.1437 3.1454 0.0010
3.1466 3.1437 3.1454 0.0010
3.1466 3.1437 3.1454 0.0010
3.1466 3.1437 3.1454 0.0010
3.1466 3.1437 3.1454 0.0010
3.1466 3.1437 3.1454 0.0010
3.1466 3.1437 3.1454 0.0010
3.1466 3.1437 3.1454 0.0010
3.1466 3.1437 3.1454 0.0010
3.1466 3.1437 3.1454 0.0010
3.1466 3.1437 3.1454 0.0010
3.1466 3.1437 3.1454 0.0010
3.1466 3.1437 3.1454 0.0010
3.1466 3.1437 3.1454 0.0010
3.1466 3.1437 3.1454 0.0010
3.1466 3.1437 3.1454 0.0010
3.1466 3.1437 3.1454 0.0010
3.1466 3.1437 3.1455 0.0010
3.1466 3.1437 3.1455 0.0010
3.1466 3.1437 3.1455 0.0010
3.1466 3.1437 3.1455 0.0010
3.1466 3.1437 3.1455 0.0010
3.1466 3.1437 3.1455 0.0010
3.1466 3.1437 3.1455 0.0010
3.1466 3.1437 3.1455 0.0010
3.1466 3.1437 3.1455 0.0010
3.1466 3.1437 3.1455 0.0010
3.1466 3.1437 3.1455 0.0010
3.1466 3.1437 3.1455 0.0010
3.1466 3.1437 3.1455 0.0010
3.1466 3.1437 3.1455 0.0010
3.1466 3.1437 3.1455 0.0010
3.1466 3.1437 3.1455 0.0010
3.1466 3.1437 3.1455 0.0010
3.1466 3.1437 3.1455 0.0010
3.1466 3.1437 3.1455 0.0010
3.1466 3.1437 3.1455 0.0010
3.1466 3.1437 3.1455 0.0010
3.1466 3.1437 3.1455 0.0010
3.1466 3.1437 3.1455 0.0010
3.1466 3.1437 3.1455 0.0010
3.1466 3.1437 3.1455 0.0010
3.1466 3.1437 3.1455 0.0010
3.1466 3.1437 3.1455 0.0010
3.1466 3.1437 3.1455 0.0010
3.1466 3.1437 3.1455 0.0010
3.1466 3.1437 3.1455 0.0010
3.1466 3.1437 3.1455 0.0010
3.1466 3.1437 3.1455 0.0010
3.1466 3.1437 3.1456 0.0010
3.1466 3.1437 3.1456 0.0010
3.1466 3.1437 3.1456 0.0010
3.1466 3.1437 3.1456 0.0010
3.1466 3.1437 3.1456 0.0010
3.1466 3.1437 3.1456 0.0010
3.1466 3.1437 3.1456 0.0010
3.1466 3.1437 3.1456 0.0010
3.1466 3.1437 3.1456 0.0010
3.1466 3.1437 3.1456 0.0010
3.1466 3.1437 3.1456 0.0010
3.1466 3.1437 3.1456 0.0010
3.1466 3.1437 3.1456 0.0010
3.1466 3.1437 3.1456 0.0010
3.1466 3.1437 3.1456 0.0010
3.1466 3.1437 3.1456 0.0010
3.1466 3.1437 3.1456 0.0010
3.1466 3.1437 3.1456 0.0010
3.1466 3.1437 3.1456 0.0010
3.1466 3.1437 3.1456 0.0010
3.1466 3.1437 3.1457 0.0010
3.1466 3.1437 3.1457 0.0010
3.1466 3.1437 3.1457 0.0010
3.1466 3.1437 3.1457 0.0010
3.1466 3.1437 3.1457 0.0010
3.1466 3.1437 3.1457 0.0010
3.1466 3.1437 3.1457 0.0010
3.1466 3.1437 3.1457 0.0010
3.1466 3.1437 3.1457 0.0010
3.1466 3.1437 3.1457 0.0009
3.1466 3.1437 3.1457 0.0009
3.1466 3.1437 3.1457 0.0009
3.1466 3.1437 3.1457 0.0009
3.1466 3.1437 3.1457 0.0009
3.1466 3.1437 3.1457 0.0009
3.1466 3.1437 3.1457 0.0009
3.1466 3.1437 3.1457 0.0009
3.1466 3.1437 3.1457 0.0009
3.1466 3.1437 3.1457 0.0009
3.1466 3.1437 3.1458 0.0009
3.1466 3.1437 3.1458 0.0009
3.1466 3.1437 3.1458 0.0009
3.1466 3.1437 3.1458 0.0009
3.1466 3.1437 3.1458 0.0009
3.1466 3.1437 3.1458 0.0009
3.1466 3.1437 3.1458 0.0009
3.1466 3.1437 3.1458 0.0009
3.1466 3.1437 3.1458 0.0009
3.1466 3.1437 3.1458 0.0009
3.1466 3.1437 3.1458 0.0009
3.1466 3.1437 3.1458 0.0009
3.1466 3.1437 3.1458 0.0009
3.1466 3.1437 3.1458 0.0009
3.1466 3.1437 3.1458 0.0009
3.1466 3.1437 3.1458 0.0009
3.1466 3.1437 3.1458 0.0009
3.1466 3.1437 3.1458 0.0009
3.1466 3.1437 3.1458 0.0009
3.1466 3.1437 3.1458 0.0009
3.1466 3.1437 3.1459 0.0009
3.1466 3.1437 3.1459 0.0009
3.1466 3.1437 3.1459 0.0009
3.1466 3.1437 3.1459 0.0009
3.1466 3.1437 3.1459 0.0009
3.1466 3.1437 3.1459 0.0009
3.1466 3.1437 3.1459 0.0009
3.1466 3.1437 3.1459 0.0009
3.1466 3.1437 3.1459 0.0009
3.1466 3.1437 3.1459 0.0009
3.1466 3.1437 3.1459 0.0009
3.1466 3.1437 3.1459 0.0009
3.1466 3.1437 3.1459 0.0009
3.1466 3.1437 3.1459 0.0009
3.1466 3.1437 3.1459 0.0009
3.1466 3.1437 3.1459 0.0009
3.1466 3.1437 3.1459 0.0009
3.1466 3.1437 3.1459 0.0009
3.1466 3.1437 3.1459 0.0009
3.1466 3.1437 3.1459 0.0009
3.1466 3.1437 3.1459 0.0009
3.1466 3.1437 3.1459 0.0009
3.1466 3.1437 3.1459 0.0009
3.1466 3.1437 3.1459 0.0009
3.1466 3.1437 3.1459 0.0009
3.1466 3.1437 3.1459 0.0009
3.1466 3.1437 3.1459 0.0009
3.1466 3.1437 3.1459 0.0009
3.1466 3.1437 3.1459 0.0009
3.1466 3.1437 3.1459 0.0009
3.1466 3.1437 3.1459 0.0009
3.1466 3.1437 3.1459 0.0009
3.1466 3.1437 3.1459 0.0009
3.1466 3.1437 3.1459 0.0009
3.1466 3.1437 3.1459 0.0009
3.1466 3.1437 3.1459 0.0009
3.1466 3.1437 3.1459 0.0009
3.1466 3.1437 3.1459 0.0009
3.1466 3.1437 3.1459 0.0009
3.1466 3.1437 3.1459 0.0009
3.1466 3.1437 3.1459 0.0009
3.1466 3.1437 3.1459 0.0009
3.1466 3.1437 3.1459 0.0009
3.1466 3.1437 3.1459 0.0009
3.1466 3.1437 3.1459 0.0009
3.1466 3.1437 3.1460 0.0009
3.1466 3.1437 3.1460 0.0009
3.1466 3.1437 3.1460 0.0009
3.1466 3.1437 3.1460 0.0009
3.1466 3.1437 3.1460 0.0009
3.1466 3.1437 3.1460 0.0009
3.1466 3.1437 3.1460 0.0009
3.1466 3.1437 3.1460 0.0009
3.1466 3.1437 3.1460 0.0009
3.1466 3.1437 3.1460 0.0009
3.1466 3.1437 3.1460 0.0009
3.1466 3.1437 3.1460 0.0008
3.1466 3.1437 3.1460 0.0008
3.1466 3.1437 3.1460 0.0008
3.1466 3.1437 3.1460 0.0008
3.1466 3.1437 3.1460 0.0008
3.1466 3.1437 3.1460 0.0008
3.1466 3.1437 3.1460 0.0008
3.1466 3.1437 3.1460 0.0008
3.1466 3.1437 3.1460 0.0008
3.1466 3.1437 3.1461 0.0008
3.1466 3.1437 3.1461 0.0008
3.1466 3.1437 3.1461 0.0008
3.1466 3.1437 3.1461 0.0008
3.1466 3.1437 3.1461 0.0008
3.1466 3.1437 3.1461 0.0008
3.1467 3.1437 3.1461 0.0008
3.1467 3.1437 3.1461 0.0008
3.1467 3.1437 3.1461 0.0008
3.1467 3.1437 3.1461 0.0008
3.1467 3.1437 3.1461 0.0008
3.1467 3.1437 3.1461 0.0008
3.1467 3.1437 3.1461 0.0008
3.1467 3.1437 3.1461 0.0008
3.1467 3.1437 3.1461 0.0008
3.1467 3.1437 3.1461 0.0008
3.1467 3.1437 3.1461 0.0008
3.1467 3.1437 3.1461 0.0008
3.1467 3.1437 3.1461 0.0008
3.1467 3.1437 3.1461 0.0008
3.1467 3.1437 3.1461 0.0008
3.1467 3.1437 3.1461 0.0008
3.1467 3.1437 3.1461 0.0008
3.1467 3.1437 3.1461 0.0008
3.1467 3.1437 3.1461 0.0008
3.1467 3.1437 3.1461 0.0008
3.1467 3.1437 3.1461 0.0008
3.1467 3.1437 3.1461 0.0008
3.1467 3.1437 3.1461 0.0008
3.1467 3.1437 3.1461 0.0008
3.1467 3.1437 3.1461 0.0008
3.1467 3.1437 3.1461 0.0008
3.1467 3.1437 3.1461 0.0008
3.1467 3.1437 3.1461 0.0008
3.1467 3.1437 3.1461 0.0008
3.1467 3.1437 3.1461 0.0008
3.1467 3.1437 3.1461 0.0008
3.1467 3.1437 3.1461 0.0008
3.1467 3.1437 3.1461 0.0008
3.1467 3.1437 3.1461 0.0008
3.1467 3.1437 3.1461 0.0008
3.1467 3.1437 3.1461 0.0008
3.1467 3.1437 3.1461 0.0008
3.1467 3.1437 3.1461 0.0008
3.1467 3.1437 3.1461 0.0008
3.1467 3.1437 3.1461 0.0008
3.1467 3.1437 3.1461 0.0008
3.1467 3.1437 3.1461 0.0008
3.1467 3.1437 3.1461 0.0008
3.1467 3.1437 3.1462 0.0008
3.1467 3.1437 3.1462 0.0008
3.1467 3.1437 3.1462 0.0007
3.1467 3.1437 3.1462 0.0007
3.1467 3.1437 3.1462 0.0007
3.1467 3.1437 3.1462 0.0007
3.1467 3.1437 3.1462 0.0007
3.1467 3.1437 3.1462 0.0007
3.1467 3.1437 3.1462 0.0007
3.1467 3.1437 3.1462 0.0007
3.1467 3.1437 3.1462 0.0007
3.1467 3.1437 3.1462 0.0007
3.1467 3.1437 3.1462 0.0007
3.1467 3.1437 3.1462 0.0007
3.1467 3.1437 3.1462 0.0007
3.1467 3.1437 3.1462 0.0007
3.1467 3.1437 3.1462 0.0007
3.1467 3.1437 3.1462 0.0007
3.1467 3.1437 3.1462 0.0007
3.1467 3.1437 3.1462 0.0007
3.1467 3.1437 3.1462 0.0007
3.1467 3.1437 3.1462 0.0007
3.1467 3.1437 3.1462 0.0007
3.1467 3.1437 3.1462 0.0007
3.1467 3.1437 3.1462 0.0007
3.1467 3.1437 3.1462 0.0007
3.1467 3.1437 3.1462 0.0007
3.1467 3.1437 3.1462 0.0007
3.1467 3.1437 3.1462 0.0007
3.1467 3.1437 3.1462 0.0007
3.1467 3.1437 3.1462 0.0007
3.1467 3.1437 3.1462 0.0007
3.1467 3.1437 3.1462 0.0007
3.1467 3.1437 3.1463 0.0007
3.1467 3.1437 3.1463 0.0007
3.1467 3.1437 3.1463 0.0007
3.1467 3.1437 3.1463 0.0007
3.1467 3.1437 3.1463 0.0007
3.1467 3.1437 3.1463 0.0007
3.1467 3.1437 3.1463 0.0007
3.1467 3.1437 3.1463 0.0007
3.1467 3.1437 3.1463 0.0007
3.1467 3.1437 3.1463 0.0007
3.1467 3.1437 3.1463 0.0007
3.1467 3.1437 3.1463 0.0007
3.1467 3.1437 3.1463 0.0007
3.1467 3.1437 3.1463 0.0007
3.1467 3.1437 3.1463 0.0007
3.1467 3.1437 3.1463 0.0007
3.1467 3.1437 3.1463 0.0007
3.1467 3.1437 3.1463 0.0007
3.1467 3.1437 3.1463 0.0007
3.1467 3.1437 3.1463 0.0007
3.1467 3.1437 3.1463 0.0007
3.1467 3.1437 3.1463 0.0007
3.1467 3.1437 3.1463 0.0007
3.1467 3.1437 3.1463 0.0007
3.1467 3.1437 3.1463 0.0007
3.1467 3.1437 3.1463 0.0007
3.1467 3.1437 3.1463 0.0007
3.1467 3.1437 3.1463 0.0007
3.1467 3.1437 3.1463 0.0007
3.1467 3.1437 3.1463 0.0007
3.1467 3.1437 3.1463 0.0007
3.1467 3.1437 3.1463 0.0007
3.1467 3.1437 3.1463 0.0007
3.1467 3.1437 3.1463 0.0007
3.1467 3.1437 3.1463 0.0007
3.1467 3.1437 3.1463 0.0007
3.1467 3.1437 3.1463 0.0007
3.1467 3.1437 3.1463 0.0007
3.1467 3.1437 3.1463 0.0007
3.1467 3.1437 3.1463 0.0007
3.1467 3.1437 3.1463 0.0007
3.1467 3.1437 3.1463 0.0007
3.1467 3.1437 3.1463 0.0007
3.1467 3.1437 3.1463 0.0007
3.1467 3.1437 3.1463 0.0007
3.1467 3.1437 3.1463 0.0007
3.1467 3.1437 3.1463 0.0007
3.1467 3.1437 3.1463 0.0007
3.1467 3.1437 3.1463 0.0007
3.1467 3.1437 3.1463 0.0007
3.1467 3.1437 3.1463 0.0007
3.1467 3.1437 3.1463 0.0007
3.1467 3.1437 3.1463 0.0006
3.1467 3.1437 3.1463 0.0006
3.1467 3.1437 3.1463 0.0006
3.1467 3.1437 3.1463 0.0006
3.1467 3.1437 3.1463 0.0006
3.1467 3.1437 3.1463 0.0006
3.1467 3.1437 3.1463 0.0006
3.1467 3.1437 3.1463 0.0006
3.1467 3.1437 3.1463 0.0006
3.1467 3.1437 3.1463 0.0006
3.1467 3.1437 3.1463 0.0006
3.1467 3.1437 3.1463 0.0006
3.1467 3.1437 3.1463 0.0006
3.1467 3.1437 3.1463 0.0006
3.1467 3.1437 3.1463 0.0006
3.1467 3.1437 3.1463 0.0006
3.1467 3.1437 3.1463 0.0006
3.1467 3.1437 3.1463 0.0006
3.1467 3.1437 3.1463 0.0006
3.1467 3.1437 3.1463 0.0006
3.1467 3.1437 3.1463 0.0006
3.1467 3.1437 3.1463 0.0006
3.1467 3.1437 3.1463 0.0006
3.1467 3.1437 3.1463 0.0006
3.1467 3.1437 3.1463 0.0006
3.1467 3.1437 3.1463 0.0006
3.1467 3.1437 3.1463 0.0006
3.1467 3.1437 3.1463 0.0006
3.1467 3.1437 3.1463 0.0006
3.1467 3.1437 3.1463 0.0006
3.1467 3.1437 3.1463 0.0006
3.1467 3.1437 3.1463 0.0006
3.1467 3.1437 3.1463 0.0006
3.1467 3.1437 3.1463 0.0006
3.1467 3.1437 3.1463 0.0006
3.1467 3.1437 3.1464 0.0006
3.1467 3.1437 3.1464 0.0006
3.1467 3.1437 3.1464 0.0006
3.1467 3.1437 3.1464 0.0006
3.1467 3.1437 3.1464 0.0006
3.1467 3.1437 3.1464 0.0006
3.1467 3.1437 3.1464 0.0006
3.1467 3.1437 3.1464 0.0006
3.1467 3.1437 3.1464 0.0006
3.1467 3.1437 3.1464 0.0006
3.1467 3.1437 3.1464 0.0006
3.1467 3.1437 3.1464 0.0006
3.1467 3.1437 3.1464 0.0006
3.1467 3.1437 3.1464 0.0006
3.1467 3.1437 3.1464 0.0006
3.1467 3.1437 3.1464 0.0006
3.1467 3.1437 3.1464 0.0006
3.1467 3.1437 3.1464 0.0006
3.1467 3.1437 3.1464 0.0006
3.1467 3.1437 3.1464 0.0006
3.1467 3.1437 3.1464 0.0006
3.1467 3.1437 3.1464 0.0006
3.1467 3.1437 3.1464 0.0006
3.1467 3.1437 3.1464 0.0006
3.1467 3.1437 3.1464 0.0006
3.1467 3.1437 3.1464 0.0006
3.1467 3.1437 3.1464 0.0006
3.1467 3.1437 3.1464 0.0006
3.1467 3.1437 3.1464 0.0006
3.1467 3.1437 3.1464 0.0006
3.1467 3.1437 3.1464 0.0006
3.1467 3.1437 3.1465 0.0005
3.1467 3.1437 3.1465 0.0005
3.1467 3.1437 3.1465 0.0005
3.1467 3.1437 3.1465 0.0005
3.1467 3.1437 3.1465 0.0005
3.1467 3.1437 3.1465 0.0005
3.1467 3.1437 3.1465 0.0005
3.1467 3.1437 3.1465 0.0005
3.1467 3.1437 3.1465 0.0005
3.1467 3.1437 3.1465 0.0005
3.1467 3.1437 3.1465 0.0005
3.1467 3.1437 3.1465 0.0005
3.1467 3.1437 3.1465 0.0005
3.1467 3.1437 3.1465 0.0005
3.1467 3.1437 3.1465 0.0005
3.1467 3.1437 3.1465 0.0005
3.1467 3.1437 3.1465 0.0005
3.1467 3.1437 3.1465 0.0005
3.1467 3.1437 3.1465 0.0005
3.1467 3.1437 3.1465 0.0005
3.1467 3.1437 3.1465 0.0005
3.1467 3.1437 3.1465 0.0005
3.1467 3.1437 3.1465 0.0005
3.1467 3.1437 3.1465 0.0005
3.1467 3.1437 3.1465 0.0005
3.1467 3.1437 3.1465 0.0005
3.1467 3.1437 3.1465 0.0005
3.1467 3.1437 3.1465 0.0005
3.1467 3.1437 3.1465 0.0005
3.1467 3.1437 3.1465 0.0005
3.1467 3.1437 3.1465 0.0005
3.1467 3.1437 3.1465 0.0005
3.1467 3.1437 3.1465 0.0005
3.1467 3.1437 3.1465 0.0005
3.1467 3.1437 3.1465 0.0005
3.1467 3.1437 3.1465 0.0005
3.1467 3.1437 3.1465 0.0005
3.1467 3.1437 3.1465 0.0005
3.1467 3.1437 3.1465 0.0005
3.1467 3.1437 3.1465 0.0005
3.1467 3.1437 3.1465 0.0005
3.1467 3.1437 3.1465 0.0005
3.1467 3.1437 3.1465 0.0005
3.1467 3.1437 3.1465 0.0005
3.1471 3.1437 3.1465 0.0005
3.1471 3.1437 3.1465 0.0005
3.1471 3.1437 3.1465 0.0005
3.1471 3.1437 3.1465 0.0005
3.1471 3.1437 3.1465 0.0005
3.1471 3.1437 3.1465 0.0005
3.1471 3.1437 3.1465 0.0005
3.1471 3.1437 3.1465 0.0005
3.1471 3.1437 3.1465 0.0005
3.1471 3.1437 3.1465 0.0005
3.1471 3.1437 3.1465 0.0005
3.1471 3.1437 3.1465 0.0005
3.1471 3.1437 3.1465 0.0005
3.1471 3.1437 3.1465 0.0005
3.1471 3.1437 3.1465 0.0005
3.1471 3.1437 3.1465 0.0005
3.1471 3.1437 3.1465 0.0005
3.1471 3.1437 3.1465 0.0005
3.1471 3.1437 3.1465 0.0005
3.1471 3.1437 3.1465 0.0005
3.1471 3.1437 3.1465 0.0005
3.1471 3.1437 3.1465 0.0005
3.1471 3.1437 3.1465 0.0005
3.1471 3.1437 3.1465 0.0005
3.1471 3.1437 3.1465 0.0005
3.1471 3.1437 3.1465 0.0005
3.1471 3.1437 3.1465 0.0005
3.1471 3.1437 3.1465 0.0005
3.1471 3.1437 3.1465 0.0005
3.1471 3.1437 3.1465 0.0005
3.1471 3.1437 3.1465 0.0005
3.1471 3.1437 3.1465 0.0005
3.1482 3.1437 3.1465 0.0005
3.1482 3.1437 3.1465 0.0005
3.1482 3.1437 3.1465 0.0005
3.1482 3.1437 3.1465 0.0005
3.1482 3.1437 3.1465 0.0005
3.1482 3.1437 3.1465 0.0005
3.1482 3.1437 3.1465 0.0005
3.1482 3.1437 3.1465 0.0005
3.1482 3.1437 3.1465 0.0005
3.1482 3.1437 3.1465 0.0005
3.1482 3.1437 3.1465 0.0005
3.1482 3.1437 3.1465 0.0005
3.1482 3.1437 3.1465 0.0005
3.1482 3.1437 3.1465 0.0005
3.1482 3.1437 3.1465 0.0005
3.1482 3.1437 3.1465 0.0005
3.1482 3.1437 3.1465 0.0005
3.1482 3.1437 3.1465 0.0005
3.1482 3.1437 3.1465 0.0005
3.1482 3.1437 3.1465 0.0005
3.1482 3.1437 3.1465 0.0004
3.1482 3.1437 3.1465 0.0004
3.1482 3.1437 3.1465 0.0004
3.1482 3.1437 3.1465 0.0004
3.1482 3.1437 3.1465 0.0004
3.1482 3.1437 3.1465 0.0004
3.1482 3.1437 3.1465 0.0004
3.1482 3.1437 3.1465 0.0004
3.1482 3.1437 3.1465 0.0004
3.1482 3.1437 3.1465 0.0004
3.1482 3.1437 3.1465 0.0004
3.1482 3.1437 3.1465 0.0004
3.1482 3.1437 3.1465 0.0004
3.1482 3.1437 3.1465 0.0004
3.1482 3.1437 3.1465 0.0004
3.1482 3.1437 3.1465 0.0004
3.1482 3.1437 3.1465 0.0004
3.1482 3.1437 3.1465 0.0004
3.1482 3.1437 3.1465 0.0004
3.1482 3.1437 3.1465 0.0004
3.1482 3.1437 3.1465 0.0004
3.1482 3.1437 3.1465 0.0004
3.1482 3.1437 3.1465 0.0004
3.1482 3.1437 3.1466 0.0004
3.1482 3.1437 3.1466 0.0004
3.1482 3.1437 3.1466 0.0004
3.1482 3.1437 3.1466 0.0004
3.1482 3.1437 3.1466 0.0004
3.1482 3.1437 3.1466 0.0004
3.1482 3.1437 3.1466 0.0004
3.1482 3.1437 3.1466 0.0004
3.1482 3.1437 3.1466 0.0004
3.1482 3.1437 3.1466 0.0004
3.1482 3.1437 3.1466 0.0004
3.1482 3.1437 3.1466 0.0004
3.1482 3.1437 3.1466 0.0004
3.1482 3.1437 3.1466 0.0004
3.1482 3.1437 3.1466 0.0004
3.1482 3.1437 3.1466 0.0004
3.1482 3.1437 3.1466 0.0004
3.1482 3.1437 3.1466 0.0004
3.1482 3.1437 3.1466 0.0004
3.1482 3.1437 3.1466 0.0004
3.1482 3.1437 3.1466 0.0004
3.1482 3.1437 3.1466 0.0004
3.1482 3.1437 3.1466 0.0004
3.1482 3.1437 3.1466 0.0004
3.1482 3.1437 3.1466 0.0004
3.1482 3.1437 3.1466 0.0004
3.1482 3.1437 3.1466 0.0004
3.1482 3.1437 3.1466 0.0004
3.1482 3.1437 3.1466 0.0004
3.1482 3.1437 3.1466 0.0004
3.1482 3.1437 3.1466 0.0004
3.1482 3.1437 3.1466 0.0004
3.1482 3.1437 3.1466 0.0004
3.1482 3.1437 3.1466 0.0004
3.1482 3.1449 3.1466 0.0003
3.1482 3.1449 3.1466 0.0003
3.1482 3.1449 3.1466 0.0003
3.1482 3.1449 3.1466 0.0003
3.1482 3.1449 3.1466 0.0003
3.1482 3.1449 3.1466 0.0003
3.1482 3.1449 3.1466 0.0003
3.1482 3.1449 3.1466 0.0003
3.1482 3.1449 3.1466 0.0003
3.1482 3.1449 3.1466 0.0003
3.1482 3.1449 3.1466 0.0003
3.1482 3.1449 3.1466 0.0003
3.1482 3.1449 3.1466 0.0003
3.1482 3.1449 3.1466 0.0003
3.1482 3.1449 3.1466 0.0003
3.1482 3.1449 3.1466 0.0003
3.1482 3.1449 3.1466 0.0003
3.1482 3.1449 3.1466 0.0003
3.1482 3.1449 3.1466 0.0003
3.1482 3.1449 3.1466 0.0003
3.1482 3.1449 3.1466 0.0003
3.1482 3.1449 3.1466 0.0003
3.1482 3.1449 3.1466 0.0003
3.1482 3.1449 3.1466 0.0003
3.1482 3.1449 3.1466 0.0003
3.1482 3.1449 3.1466 0.0003
3.1482 3.1449 3.1466 0.0003
3.1482 3.1449 3.1466 0.0003
3.1482 3.1449 3.1466 0.0003
3.1482 3.1449 3.1466 0.0003
3.1482 3.1449 3.1466 0.0003
3.1482 3.1449 3.1466 0.0003
3.1482 3.1449 3.1466 0.0003
3.1482 3.1449 3.1466 0.0003
3.1482 3.1449 3.1466 0.0003
3.1482 3.1449 3.1466 0.0003
3.1482 3.1449 3.1466 0.0003
3.1482 3.1449 3.1466 0.0003
3.1482 3.1449 3.1466 0.0003
3.1482 3.1449 3.1466 0.0003
3.1482 3.1449 3.1466 0.0003
3.1482 3.1449 3.1466 0.0003
3.1482 3.1449 3.1466 0.0003
3.1482 3.1449 3.1466 0.0003
3.1482 3.1449 3.1466 0.0003
3.1482 3.1449 3.1466 0.0003
3.1482 3.1449 3.1466 0.0003
3.1482 3.1449 3.1466 0.0003
3.1482 3.1449 3.1466 0.0003
3.1482 3.1449 3.1466 0.0003
3.1482 3.1449 3.1466 0.0003
3.1482 3.1449 3.1466 0.0003
3.1482 3.1449 3.1466 0.0003
3.1482 3.1449 3.1466 0.0003
3.1482 3.1449 3.1466 0.0003
3.1482 3.1449 3.1466 0.0003
3.1482 3.1449 3.1466 0.0003
3.1482 3.1449 3.1466 0.0003
3.1482 3.1449 3.1466 0.0003
3.1482 3.1449 3.1466 0.0003
3.1482 3.1449 3.1466 0.0003
3.1482 3.1449 3.1466 0.0003
3.1482 3.1449 3.1466 0.0003
3.1482 3.1449 3.1466 0.0003
3.1482 3.1449 3.1466 0.0003
3.1482 3.1449 3.1466 0.0003
3.1482 3.1449 3.1466 0.0003
3.1482 3.1449 3.1466 0.0003
3.1482 3.1449 3.1466 0.0003
3.1482 3.1449 3.1466 0.0003
3.1482 3.1449 3.1466 0.0003
3.1482 3.1449 3.1466 0.0003
3.1482 3.1449 3.1466 0.0003
3.1482 3.1449 3.1466 0.0003
3.1482 3.1449 3.1466 0.0003
3.1482 3.1449 3.1466 0.0003
3.1482 3.1449 3.1466 0.0003
3.1482 3.1449 3.1466 0.0003
3.1482 3.1449 3.1466 0.0003
3.1482 3.1449 3.1466 0.0003
3.1482 3.1449 3.1466 0.0003
3.1482 3.1449 3.1466 0.0003
3.1482 3.1449 3.1466 0.0003
3.1482 3.1463 3.1467 0.0003
3.1482 3.1463 3.1467 0.0003
3.1482 3.1463 3.1467 0.0003
3.1482 3.1463 3.1467 0.0003
3.1482 3.1463 3.1467 0.0003
3.1482 3.1463 3.1467 0.0003
3.1482 3.1463 3.1467 0.0003
3.1482 3.1463 3.1467 0.0003
3.1482 3.1463 3.1467 0.0003
3.1482 3.1463 3.1467 0.0003
3.1482 3.1463 3.1467 0.0003
3.1482 3.1463 3.1467 0.0003
3.1482 3.1463 3.1467 0.0003
3.1482 3.1463 3.1467 0.0003
3.1482 3.1463 3.1467 0.0003
3.1482 3.1463 3.1467 0.0003
3.1482 3.1463 3.1467 0.0003
3.1482 3.1463 3.1467 0.0003
3.1482 3.1463 3.1467 0.0003
3.1482 3.1463 3.1467 0.0003
3.1482 3.1463 3.1467 0.0003
3.1482 3.1463 3.1467 0.0003
3.1482 3.1463 3.1467 0.0003
3.1482 3.1463 3.1467 0.0003
3.1482 3.1463 3.1467 0.0003
3.1482 3.1463 3.1467 0.0003
3.1482 3.1463 3.1467 0.0003
3.1482 3.1463 3.1467 0.0003
3.1482 3.1463 3.1467 0.0003
3.1482 3.1463 3.1467 0.0003
3.1483 3.1463 3.1467 0.0003
3.1483 3.1463 3.1467 0.0003
3.1483 3.1463 3.1467 0.0003
3.1483 3.1463 3.1467 0.0003
3.1483 3.1463 3.1467 0.0003
3.1483 3.1463 3.1467 0.0003
3.1483 3.1463 3.1467 0.0003
3.1483 3.1463 3.1467 0.0003
3.1483 3.1463 3.1467 0.0004
3.1483 3.1463 3.1467 0.0004
3.1483 3.1463 3.1467 0.0004
3.1483 3.1463 3.1467 0.0004
3.1483 3.1463 3.1467 0.0004
3.1483 3.1463 3.1467 0.0004
3.1483 3.1463 3.1467 0.0004
3.1483 3.1463 3.1467 0.0004
3.1483 3.1463 3.1467 0.0004
3.1483 3.1463 3.1467 0.0004
3.1483 3.1463 3.1467 0.0004
3.1483 3.1463 3.1467 0.0004
3.1483 3.1463 3.1467 0.0004
3.1483 3.1463 3.1468 0.0004
3.1483 3.1463 3.1468 0.0004
3.1483 3.1463 3.1468 0.0004
3.1483 3.1463 3.1468 0.0004
3.1483 3.1463 3.1468 0.0004
3.1483 3.1463 3.1468 0.0004
3.1483 3.1463 3.1468 0.0004
3.1483 3.1463 3.1468 0.0004
3.1483 3.1463 3.1468 0.0004
3.1483 3.1463 3.1468 0.0004
3.1483 3.1463 3.1468 0.0004
3.1483 3.1463 3.1468 0.0004
3.1483 3.1463 3.1468 0.0004
3.1483 3.1463 3.1468 0.0004
3.1483 3.1463 3.1468 0.0004
3.1483 3.1463 3.1468 0.0004
3.1483 3.1463 3.1468 0.0004
3.1483 3.1463 3.1468 0.0004
3.1483 3.1463 3.1468 0.0004
3.1483 3.1463 3.1468 0.0004
3.1483 3.1463 3.1468 0.0004
3.1483 3.1463 3.1468 0.0004
3.1483 3.1463 3.1468 0.0004
3.1483 3.1463 3.1468 0.0004
3.1483 3.1463 3.1468 0.0004
3.1483 3.1463 3.1468 0.0004
3.1483 3.1463 3.1468 0.0004
3.1483 3.1463 3.1468 0.0004
3.1483 3.1463 3.1468 0.0004
3.1483 3.1463 3.1468 0.0004
3.1483 3.1463 3.1468 0.0004
3.1483 3.1463 3.1468 0.0004
3.1483 3.1463 3.1468 0.0004
3.1483 3.1463 3.1468 0.0004
3.1483 3.1463 3.1468 0.0004
3.1483 3.1463 3.1468 0.0004
3.1483 3.1463 3.1468 0.0004
3.1483 3.1463 3.1468 0.0004
3.1483 3.1463 3.1468 0.0004
3.1483 3.1463 3.1468 0.0004
3.1483 3.1463 3.1468 0.0004
3.1483 3.1463 3.1468 0.0004
3.1483 3.1463 3.1468 0.0004
3.1483 3.1463 3.1468 0.0004
3.1483 3.1463 3.1468 0.0004
3.1483 3.1463 3.1468 0.0004
3.1483 3.1463 3.1468 0.0004
3.1483 3.1463 3.1468 0.0004
3.1483 3.1463 3.1468 0.0004
3.1483 3.1463 3.1468 0.0004
3.1483 3.1463 3.1468 0.0004
3.1483 3.1463 3.1468 0.0004
3.1483 3.1463 3.1468 0.0004
3.1483 3.1463 3.1468 0.0004
3.1483 3.1463 3.1468 0.0004
3.1483 3.1463 3.1468 0.0004
3.1483 3.1463 3.1468 0.0004
3.1483 3.1463 3.1468 0.0004
3.1483 3.1463 3.1468 0.0004
3.1483 3.1463 3.1468 0.0004
3.1483 3.1463 3.1468 0.0004
3.1483 3.1463 3.1468 0.0004
3.1483 3.1463 3.1468 0.0004
3.1483 3.1463 3.1468 0.0005
3.1483 3.1463 3.1468 0.0005
3.1483 3.1463 3.1468 0.0005
3.1483 3.1463 3.1468 0.0005
3.1483 3.1463 3.1468 0.0005
3.1483 3.1463 3.1468 0.0005
3.1483 3.1463 3.1468 0.0005
3.1483 3.1463 3.1468 0.0005
3.1483 3.1463 3.1468 0.0005
3.1483 3.1463 3.1468 0.0005
3.1483 3.1463 3.1468 0.0005
3.1483 3.1463 3.1468 0.0005
3.1483 3.1463 3.1468 0.0005
3.1483 3.1463 3.1468 0.0005
3.1483 3.1463 3.1468 0.0005
3.1483 3.1463 3.1468 0.0005
3.1483 3.1463 3.1468 0.0005
3.1483 3.1463 3.1468 0.0005
3.1483 3.1463 3.1468 0.0005
3.1483 3.1463 3.1468 0.0005
3.1483 3.1463 3.1468 0.0005
3.1483 3.1463 3.1468 0.0005
3.1483 3.1463 3.1468 0.0005
3.1483 3.1463 3.1468 0.0005
3.1483 3.1463 3.1468 0.0005
3.1483 3.1463 3.1468 0.0005
3.1483 3.1463 3.1468 0.0005
3.1483 3.1463 3.1468 0.0005
3.1483 3.1463 3.1468 0.0005
3.1483 3.1463 3.1468 0.0005
3.1483 3.1463 3.1468 0.0005
3.1483 3.1463 3.1468 0.0005
3.1483 3.1463 3.1468 0.0005
3.1483 3.1463 3.1468 0.0005
3.1483 3.1463 3.1468 0.0005
3.1483 3.1463 3.1468 0.0005
3.1483 3.1463 3.1468 0.0005
3.1483 3.1463 3.1468 0.0005
3.1483 3.1463 3.1469 0.0005
3.1483 3.1463 3.1469 0.0005
3.1483 3.1463 3.1469 0.0005
3.1483 3.1463 3.1469 0.0005
3.1483 3.1463 3.1469 0.0005
3.1483 3.1463 3.1469 0.0005
3.1483 3.1463 3.1469 0.0005
3.1483 3.1463 3.1469 0.0005
3.1483 3.1463 3.1469 0.0005
3.1483 3.1463 3.1469 0.0005
3.1483 3.1463 3.1469 0.0005
3.1483 3.1463 3.1469 0.0005
3.1483 3.1463 3.1469 0.0005
3.1483 3.1463 3.1469 0.0005
3.1483 3.1463 3.1469 0.0005
3.1483 3.1463 3.1469 0.0005
3.1483 3.1463 3.1469 0.0005
3.1483 3.1463 3.1469 0.0005
3.1483 3.1463 3.1469 0.0005
3.1483 3.1463 3.1469 0.0005
3.1483 3.1463 3.1469 0.0005
3.1483 3.1463 3.1469 0.0005
3.1483 3.1463 3.1469 0.0005
3.1483 3.1463 3.1469 0.0005
3.1483 3.1463 3.1469 0.0005
3.1483 3.1463 3.1469 0.0005
3.1483 3.1463 3.1469 0.0005
3.1483 3.1463 3.1469 0.0005
3.1483 3.1463 3.1469 0.0005
3.1483 3.1463 3.1469 0.0005
3.1483 3.1463 3.1469 0.0005
3.1483 3.1463 3.1469 0.0005
3.1483 3.1463 3.1469 0.0005
3.1483 3.1463 3.1469 0.0005
3.1483 3.1463 3.1469 0.0005
3.1483 3.1463 3.1469 0.0005
3.1483 3.1463 3.1469 0.0005
3.1483 3.1463 3.1469 0.0005
3.1483 3.1463 3.1469 0.0005
3.1483 3.1463 3.1469 0.0005
3.1483 3.1463 3.1469 0.0005
3.1483 3.1463 3.1469 0.0005
3.1483 3.1463 3.1469 0.0005
3.1483 3.1463 3.1469 0.0005
3.1483 3.1463 3.1469 0.0005
3.1483 3.1463 3.1469 0.0005
3.1483 3.1463 3.1469 0.0005
3.1483 3.1463 3.1469 0.0005
3.1483 3.1463 3.1469 0.0005
3.1483 3.1463 3.1469 0.0005
3.1483 3.1463 3.1469 0.0005
3.1483 3.1463 3.1469 0.0005
3.1483 3.1463 3.1469 0.0005
3.1483 3.1463 3.1469 0.0005
3.1483 3.1463 3.1469 0.0005
3.1483 3.1463 3.1469 0.0005
3.1483 3.1463 3.1469 0.0005
3.1483 3.1463 3.1469 0.0005
3.1483 3.1463 3.1469 0.0005
3.1483 3.1463 3.1469 0.0005
3.1483 3.1463 3.1469 0.0005
3.1483 3.1463 3.1469 0.0005
3.1483 3.1463 3.1469 0.0005
3.1483 3.1463 3.1469 0.0005
3.1483 3.1463 3.1470 0.0006
3.1483 3.1463 3.1470 0.0006
3.1483 3.1463 3.1470 0.0006
3.1483 3.1463 3.1470 0.0006
3.1483 3.1463 3.1470 0.0006
3.1483 3.1463 3.1470 0.0006
3.1483 3.1463 3.1470 0.0006
3.1483 3.1463 3.1470 0.0006
3.1483 3.1463 3.1470 0.0006
3.1483 3.1463 3.1470 0.0006
3.1483 3.1463 3.1470 0.0006
3.1483 3.1463 3.1470 0.0006
3.1483 3.1463 3.1470 0.0006
3.1483 3.1463 3.1470 0.0006
3.1483 3.1463 3.1470 0.0006
3.1483 3.1463 3.1470 0.0006
3.1483 3.1463 3.1470 0.0006
3.1483 3.1463 3.1470 0.0006
3.1483 3.1463 3.1470 0.0006
3.1483 3.1463 3.1470 0.0006
3.1483 3.1463 3.1470 0.0006
3.1483 3.1463 3.1470 0.0006
3.1483 3.1463 3.1470 0.0006
3.1483 3.1463 3.1470 0.0006
3.1483 3.1463 3.1470 0.0006
3.1483 3.1463 3.1470 0.0006
3.1483 3.1463 3.1470 0.0006
3.1483 3.1463 3.1470 0.0006
3.1483 3.1463 3.1470 0.0006
3.1483 3.1463 3.1470 0.0006
3.1483 3.1463 3.1470 0.0006
3.1483 3.1463 3.1470 0.0006
3.1483 3.1463 3.1470 0.0006
3.1483 3.1463 3.1470 0.0006
3.1483 3.1463 3.1470 0.0006
3.1483 3.1463 3.1470 0.0006
3.1483 3.1463 3.1470 0.0006
3.1483 3.1463 3.1470 0.0006
3.1483 3.1463 3.1470 0.0006
3.1483 3.1463 3.1470 0.0006
3.1483 3.1463 3.1470 0.0006
3.1483 3.1463 3.1470 0.0006
3.1483 3.1463 3.1470 0.0006
3.1483 3.1463 3.1470 0.0006
3.1483 3.1463 3.1470 0.0006
3.1483 3.1463 3.1470 0.0006
3.1483 3.1463 3.1470 0.0006
3.1483 3.1463 3.1470 0.0006
3.1483 3.1463 3.1470 0.0006
3.1483 3.1463 3.1470 0.0006
3.1483 3.1463 3.1470 0.0006
3.1483 3.1463 3.1470 0.0006
3.1483 3.1463 3.1471 0.0006
3.1483 3.1463 3.1471 0.0006
3.1483 3.1463 3.1471 0.0006
3.1483 3.1463 3.1471 0.0006
3.1483 3.1463 3.1471 0.0006
3.1483 3.1463 3.1471 0.0006
3.1483 3.1463 3.1471 0.0006
3.1483 3.1463 3.1471 0.0006
3.1483 3.1463 3.1471 0.0006
3.1483 3.1463 3.1471 0.0006
3.1483 3.1463 3.1471 0.0006
3.1483 3.1463 3.1471 0.0006
3.1483 3.1463 3.1471 0.0006
3.1483 3.1463 3.1471 0.0006
3.1483 3.1463 3.1471 0.0006
3.1483 3.1463 3.1471 0.0006
3.1483 3.1463 3.1471 0.0006
3.1483 3.1463 3.1472 0.0006
3.1483 3.1463 3.1472 0.0006
3.1483 3.1463 3.1472 0.0006
3.1483 3.1463 3.1472 0.0006
3.1483 3.1463 3.1472 0.0007
3.1483 3.1463 3.1472 0.0007
3.1483 3.1463 3.1472 0.0007
3.1483 3.1463 3.1472 0.0007
3.1483 3.1463 3.1472 0.0007
3.1483 3.1463 3.1472 0.0007
3.1483 3.1463 3.1472 0.0007
3.1483 3.1463 3.1472 0.0007
3.1483 3.1463 3.1472 0.0007
3.1483 3.1463 3.1472 0.0007
3.1483 3.1463 3.1472 0.0007
3.1483 3.1463 3.1472 0.0007
3.1483 3.1463 3.1472 0.0007
3.1483 3.1463 3.1472 0.0007
3.1483 3.1463 3.1472 0.0007
3.1483 3.1463 3.1472 0.0007
3.1483 3.1463 3.1472 0.0007
3.1483 3.1463 3.1472 0.0007
3.1483 3.1463 3.1472 0.0007
3.1483 3.1463 3.1472 0.0007
3.1483 3.1463 3.1472 0.0007
3.1483 3.1463 3.1472 0.0007
3.1483 3.1463 3.1472 0.0007
3.1483 3.1463 3.1472 0.0007
3.1483 3.1463 3.1472 0.0007
3.1483 3.1463 3.1472 0.0007
3.1483 3.1463 3.1472 0.0007
3.1483 3.1463 3.1472 0.0007
3.1483 3.1463 3.1472 0.0007
3.1483 3.1463 3.1472 0.0007
3.1483 3.1463 3.1472 0.0007
3.1483 3.1463 3.1472 0.0007
3.1483 3.1463 3.1472 0.0007
3.1483 3.1463 3.1472 0.0007
3.1483 3.1463 3.1472 0.0007
3.1483 3.1463 3.1472 0.0007
3.1483 3.1463 3.1472 0.0007
3.1483 3.1463 3.1472 0.0007
3.1483 3.1463 3.1472 0.0007
3.1483 3.1463 3.1472 0.0007
3.1483 3.1463 3.1472 0.0007
3.1483 3.1463 3.1472 0.0007
3.1483 3.1463 3.1472 0.0007
3.1483 3.1463 3.1472 0.0007
3.1483 3.1463 3.1472 0.0007
3.1483 3.1463 3.1473 0.0007
3.1483 3.1463 3.1473 0.0007
3.1483 3.1463 3.1473 0.0007
3.1483 3.1463 3.1473 0.0007
3.1483 3.1463 3.1473 0.0007
3.1483 3.1463 3.1473 0.0007
3.1483 3.1463 3.1473 0.0007
3.1483 3.1463 3.1473 0.0007
3.1483 3.1463 3.1473 0.0007
3.1483 3.1463 3.1473 0.0007
3.1483 3.1463 3.1473 0.0007
3.1483 3.1463 3.1473 0.0007
3.1483 3.1463 3.1473 0.0007
3.1483 3.1463 3.1473 0.0007
3.1483 3.1463 3.1473 0.0007
3.1483 3.1463 3.1473 0.0007
3.1483 3.1463 3.1473 0.0007
3.1483 3.1463 3.1473 0.0007
3.1483 3.1463 3.1473 0.0007
3.1483 3.1463 3.1473 0.0007
3.1483 3.1463 3.1473 0.0007
3.1483 3.1463 3.1473 0.0007
3.1483 3.1463 3.1473 0.0007
3.1483 3.1463 3.1473 0.0007
3.1483 3.1463 3.1473 0.0007
3.1483 3.1463 3.1473 0.0007
3.1483 3.1463 3.1473 0.0007
3.1483 3.1463 3.1473 0.0007
3.1483 3.1463 3.1473 0.0007
3.1483 3.1463 3.1473 0.0007
3.1483 3.1463 3.1473 0.0007
3.1483 3.1463 3.1473 0.0007
3.1483 3.1463 3.1473 0.0007
3.1483 3.1463 3.1473 0.0007
3.1483 3.1463 3.1473 0.0007
3.1483 3.1463 3.1473 0.0007
3.1483 3.1463 3.1473 0.0007
3.1483 3.1463 3.1473 0.0007
3.1483 3.1463 3.1473 0.0007
3.1483 3.1463 3.1473 0.0007
3.1483 3.1463 3.1473 0.0007
3.1483 3.1463 3.1473 0.0007
3.1483 3.1463 3.1473 0.0007
3.1483 3.1463 3.1473 0.0007
3.1483 3.1463 3.1474 0.0007
3.1483 3.1463 3.1474 0.0007
3.1483 3.1463 3.1474 0.0007
3.1483 3.1463 3.1474 0.0007
3.1483 3.1463 3.1474 0.0007
3.1483 3.1463 3.1474 0.0007
3.1483 3.1463 3.1474 0.0007
3.1483 3.1463 3.1474 0.0007
3.1483 3.1463 3.1474 0.0007
3.1483 3.1463 3.1474 0.0007
3.1483 3.1463 3.1474 0.0007
3.1483 3.1463 3.1474 0.0007
3.1483 3.1463 3.1474 0.0007
3.1483 3.1463 3.1474 0.0007
3.1483 3.1463 3.1474 0.0007
3.1483 3.1463 3.1474 0.0007
3.1483 3.1463 3.1474 0.0007
3.1483 3.1463 3.1474 0.0007
3.1483 3.1463 3.1474 0.0007
3.1483 3.1463 3.1474 0.0007
3.1483 3.1463 3.1474 0.0007
3.1483 3.1463 3.1474 0.0007
3.1483 3.1463 3.1474 0.0007
3.1483 3.1463 3.1474 0.0007
3.1483 3.1463 3.1474 0.0007
3.1483 3.1463 3.1474 0.0007
3.1483 3.1463 3.1474 0.0007
3.1483 3.1463 3.1474 0.0007
3.1483 3.1463 3.1474 0.0007
3.1483 3.1463 3.1474 0.0007
3.1483 3.1463 3.1474 0.0007
3.1483 3.1463 3.1474 0.0007
3.1483 3.1463 3.1474 0.0007
3.1483 3.1463 3.1474 0.0007
3.1483 3.1463 3.1474 0.0007
3.1483 3.1463 3.1474 0.0007
3.1483 3.1463 3.1475 0.0007
3.1483 3.1463 3.1475 0.0007
3.1483 3.1463 3.1475 0.0007
3.1483 3.1463 3.1475 0.0007
3.1483 3.1463 3.1475 0.0007
3.1483 3.1463 3.1475 0.0007
3.1483 3.1463 3.1475 0.0007
3.1483 3.1463 3.1475 0.0007
3.1483 3.1463 3.1475 0.0007
3.1483 3.1463 3.1475 0.0007
3.1483 3.1463 3.1475 0.0007
3.1483 3.1463 3.1475 0.0007
3.1483 3.1463 3.1475 0.0007
3.1483 3.1463 3.1475 0.0007
3.1483 3.1463 3.1475 0.0007
3.1483 3.1463 3.1475 0.0007
3.1483 3.1463 3.1475 0.0007
3.1483 3.1463 3.1475 0.0007
3.1483 3.1463 3.1475 0.0007
3.1483 3.1463 3.1475 0.0007
3.1483 3.1463 3.1475 0.0007
3.1483 3.1463 3.1475 0.0007
3.1483 3.1463 3.1475 0.0007
3.1483 3.1463 3.1475 0.0007
3.1483 3.1463 3.1475 0.0007
3.1483 3.1463 3.1475 0.0007
3.1483 3.1463 3.1475 0.0007
3.1483 3.1463 3.1475 0.0007
3.1483 3.1463 3.1475 0.0007
3.1483 3.1463 3.1475 0.0007
3.1483 3.1463 3.1475 0.0007
3.1483 3.1463 3.1475 0.0007
3.1483 3.1463 3.1475 0.0007
3.1483 3.1463 3.1475 0.0007
3.1483 3.1463 3.1475 0.0007
3.1483 3.1463 3.1475 0.0007
3.1483 3.1463 3.1475 0.0007
3.1483 3.1463 3.1476 0.0007
3.1483 3.1463 3.1476 0.0007
3.1483 3.1463 3.1476 0.0007
3.1483 3.1463 3.1476 0.0007
3.1483 3.1463 3.1476 0.0007
3.1483 3.1463 3.1476 0.0007
3.1483 3.1463 3.1476 0.0007
3.1483 3.1463 3.1476 0.0007
3.1483 3.1463 3.1476 0.0007
3.1483 3.1466 3.1476 0.0007
3.1483 3.1466 3.1476 0.0007
3.1483 3.1466 3.1476 0.0007
3.1483 3.1466 3.1476 0.0007
3.1483 3.1466 3.1476 0.0007
3.1483 3.1466 3.1476 0.0007
3.1483 3.1466 3.1476 0.0007
3.1483 3.1466 3.1476 0.0007
3.1483 3.1466 3.1476 0.0007
3.1483 3.1466 3.1476 0.0007
3.1483 3.1466 3.1476 0.0007
3.1483 3.1466 3.1476 0.0007
3.1483 3.1466 3.1476 0.0007
3.1483 3.1466 3.1476 0.0007
3.1483 3.1466 3.1476 0.0007
3.1483 3.1466 3.1476 0.0007
3.1483 3.1466 3.1476 0.0007
3.1483 3.1466 3.1476 0.0007
3.1483 3.1466 3.1476 0.0007
3.1483 3.1466 3.1477 0.0007
3.1483 3.1466 3.1477 0.0007
3.1483 3.1466 3.1477 0.0007
3.1483 3.1466 3.1477 0.0007
3.1483 3.1466 3.1477 0.0007
3.1483 3.1466 3.1477 0.0007
3.1483 3.1466 3.1477 0.0007
3.1483 3.1466 3.1477 0.0007
3.1483 3.1466 3.1477 0.0007
3.1483 3.1466 3.1477 0.0007
3.1483 3.1466 3.1477 0.0007
3.1483 3.1466 3.1477 0.0007
3.1483 3.1466 3.1477 0.0007
3.1483 3.1466 3.1477 0.0007
3.1483 3.1466 3.1477 0.0007
3.1483 3.1466 3.1477 0.0007
3.1483 3.1466 3.1477 0.0007
3.1483 3.1466 3.1477 0.0007
3.1483 3.1466 3.1477 0.0007
3.1483 3.1466 3.1477 0.0007
3.1483 3.1466 3.1477 0.0007
3.1483 3.1466 3.1477 0.0007
3.1483 3.1466 3.1477 0.0007
3.1483 3.1466 3.1477 0.0007
3.1483 3.1466 3.1477 0.0007
3.1483 3.1466 3.1477 0.0006
3.1483 3.1466 3.1477 0.0006
3.1483 3.1466 3.1477 0.0006
3.1483 3.1466 3.1477 0.0006
3.1483 3.1466 3.1477 0.0006
3.1483 3.1466 3.1477 0.0006
3.1483 3.1466 3.1477 0.0006
3.1483 3.1466 3.1477 0.0006
3.1483 3.1466 3.1477 0.0006
3.1483 3.1466 3.1477 0.0006
3.1483 3.1466 3.1477 0.0006
3.1483 3.1466 3.1478 0.0006
3.1483 3.1466 3.1478 0.0006
3.1483 3.1466 3.1478 0.0006
3.1483 3.1466 3.1478 0.0006
3.1483 3.1466 3.1478 0.0006
3.1483 3.1466 3.1478 0.0006
3.1483 3.1466 3.1478 0.0006
3.1483 3.1466 3.1478 0.0006
3.1483 3.1466 3.1478 0.0006
3.1483 3.1466 3.1478 0.0006
3.1483 3.1466 3.1478 0.0006
3.1483 3.1466 3.1478 0.0006
3.1483 3.1466 3.1478 0.0006
3.1483 3.1466 3.1478 0.0006
3.1483 3.1466 3.1478 0.0006
3.1483 3.1466 3.1478 0.0006
3.1483 3.1466 3.1478 0.0006
3.1483 3.1466 3.1478 0.0006
3.1483 3.1466 3.1478 0.0006
3.1483 3.1466 3.1478 0.0006
3.1483 3.1466 3.1478 0.0006
3.1483 3.1466 3.1478 0.0006
3.1483 3.1466 3.1478 0.0006
3.1483 3.1466 3.1478 0.0006
3.1483 3.1466 3.1478 0.0006
3.1483 3.1466 3.1478 0.0006
3.1486 3.1466 3.1478 0.0006
3.1486 3.1466 3.1478 0.0006
3.1486 3.1466 3.1478 0.0006
3.1486 3.1466 3.1478 0.0006
3.1486 3.1466 3.1478 0.0006
3.1486 3.1466 3.1478 0.0006
3.1486 3.1466 3.1478 0.0006
3.1486 3.1466 3.1478 0.0006
3.1486 3.1466 3.1478 0.0006
3.1486 3.1466 3.1479 0.0006
3.1486 3.1466 3.1479 0.0006
3.1486 3.1466 3.1479 0.0006
3.1486 3.1466 3.1479 0.0006
3.1486 3.1466 3.1479 0.0006
3.1486 3.1466 3.1479 0.0006
3.1486 3.1466 3.1479 0.0006
3.1486 3.1466 3.1479 0.0006
3.1486 3.1466 3.1479 0.0006
3.1486 3.1466 3.1479 0.0006
3.1486 3.1466 3.1479 0.0006
3.1486 3.1466 3.1479 0.0006
3.1486 3.1466 3.1479 0.0006
3.1486 3.1466 3.1479 0.0006
3.1486 3.1466 3.1479 0.0006
3.1486 3.1466 3.1479 0.0006
3.1486 3.1466 3.1479 0.0006
3.1486 3.1466 3.1479 0.0006
3.1486 3.1466 3.1479 0.0006
3.1486 3.1466 3.1479 0.0006
3.1486 3.1466 3.1479 0.0006
3.1486 3.1466 3.1479 0.0006
3.1486 3.1466 3.1479 0.0006
3.1486 3.1466 3.1479 0.0006
3.1486 3.1466 3.1479 0.0006
3.1486 3.1466 3.1479 0.0006
3.1486 3.1466 3.1479 0.0006
3.1486 3.1466 3.1479 0.0006
3.1486 3.1466 3.1479 0.0006
3.1486 3.1466 3.1479 0.0006
3.1486 3.1466 3.1479 0.0006
3.1486 3.1466 3.1479 0.0006
3.1486 3.1466 3.1479 0.0006
3.1486 3.1466 3.1479 0.0006
3.1486 3.1466 3.1479 0.0006
3.1486 3.1466 3.1479 0.0006
3.1486 3.1466 3.1479 0.0006
3.1486 3.1466 3.1479 0.0006
3.1486 3.1466 3.1479 0.0006
3.1486 3.1466 3.1479 0.0006
3.1486 3.1466 3.1479 0.0006
3.1486 3.1466 3.1479 0.0006
3.1486 3.1466 3.1479 0.0006
3.1486 3.1466 3.1479 0.0006
3.1486 3.1466 3.1479 0.0006
3.1486 3.1466 3.1479 0.0006
3.1486 3.1466 3.1479 0.0006
3.1486 3.1466 3.1479 0.0006
3.1486 3.1466 3.1479 0.0006
3.1486 3.1466 3.1479 0.0006
3.1486 3.1466 3.1479 0.0006
3.1486 3.1466 3.1479 0.0006
3.1486 3.1466 3.1479 0.0006
3.1486 3.1466 3.1480 0.0005
3.1486 3.1466 3.1480 0.0005
3.1486 3.1466 3.1480 0.0005
3.1486 3.1466 3.1480 0.0005
3.1486 3.1466 3.1480 0.0005
3.1486 3.1466 3.1480 0.0005
3.1486 3.1466 3.1480 0.0005
3.1486 3.1466 3.1480 0.0005
3.1486 3.1466 3.1480 0.0005
3.1486 3.1466 3.1480 0.0005
3.1486 3.1466 3.1480 0.0005
3.1486 3.1466 3.1480 0.0005
3.1486 3.1466 3.1480 0.0005
3.1486 3.1466 3.1480 0.0005
3.1486 3.1466 3.1480 0.0005
3.1486 3.1466 3.1480 0.0005
3.1486 3.1466 3.1480 0.0005
3.1486 3.1466 3.1480 0.0005
3.1486 3.1466 3.1480 0.0005
3.1486 3.1466 3.1480 0.0005
3.1486 3.1466 3.1480 0.0005
3.1486 3.1466 3.1480 0.0005
3.1486 3.1466 3.1480 0.0005
3.1486 3.1466 3.1480 0.0005
3.1486 3.1466 3.1480 0.0005
3.1486 3.1466 3.1480 0.0005
3.1486 3.1466 3.1480 0.0005
3.1486 3.1466 3.1480 0.0005
3.1486 3.1466 3.1480 0.0005
3.1486 3.1466 3.1480 0.0005
3.1486 3.1466 3.1480 0.0005
3.1486 3.1466 3.1480 0.0005
3.1486 3.1466 3.1480 0.0005
3.1486 3.1466 3.1480 0.0005
3.1486 3.1466 3.1480 0.0005
3.1486 3.1466 3.1480 0.0005
3.1486 3.1466 3.1480 0.0005
3.1486 3.1466 3.1480 0.0005
3.1486 3.1466 3.1480 0.0005
3.1486 3.1466 3.1480 0.0005
3.1486 3.1466 3.1480 0.0005
3.1486 3.1466 3.1480 0.0005
3.1486 3.1466 3.1480 0.0005
3.1486 3.1466 3.1480 0.0005
3.1486 3.1466 3.1480 0.0005
3.1486 3.1466 3.1480 0.0005
3.1486 3.1466 3.1480 0.0005
3.1486 3.1466 3.1480 0.0005
3.1486 3.1466 3.1480 0.0005
3.1486 3.1466 3.1480 0.0005
3.1486 3.1466 3.1480 0.0005
3.1486 3.1466 3.1480 0.0005
3.1486 3.1466 3.1480 0.0005
3.1486 3.1466 3.1480 0.0005
3.1486 3.1466 3.1480 0.0005
3.1486 3.1466 3.1480 0.0005
3.1486 3.1466 3.1480 0.0005
3.1486 3.1466 3.1480 0.0005
3.1486 3.1466 3.1480 0.0005
3.1486 3.1466 3.1480 0.0005
3.1486 3.1466 3.1480 0.0005
3.1486 3.1466 3.1480 0.0005
3.1486 3.1466 3.1480 0.0005
3.1486 3.1466 3.1480 0.0005
3.1486 3.1466 3.1480 0.0005
3.1486 3.1466 3.1481 0.0005
3.1486 3.1466 3.1481 0.0005
3.1486 3.1466 3.1481 0.0005
3.1486 3.1466 3.1481 0.0005
3.1486 3.1466 3.1481 0.0005
3.1486 3.1466 3.1481 0.0005
3.1486 3.1466 3.1481 0.0005
3.1486 3.1466 3.1481 0.0005
3.1486 3.1466 3.1481 0.0005
3.1486 3.1466 3.1481 0.0005
3.1486 3.1466 3.1481 0.0005
3.1486 3.1466 3.1481 0.0005
3.1486 3.1466 3.1481 0.0005
3.1486 3.1466 3.1481 0.0005
3.1486 3.1466 3.1481 0.0005
3.1486 3.1466 3.1481 0.0005
3.1486 3.1466 3.1481 0.0005
3.1486 3.1466 3.1481 0.0005
3.1486 3.1466 3.1481 0.0005
3.1486 3.1466 3.1481 0.0005
3.1486 3.1466 3.1481 0.0005
3.1486 3.1466 3.1481 0.0005
3.1486 3.1466 3.1481 0.0005
3.1486 3.1466 3.1481 0.0005
3.1486 3.1466 3.1481 0.0005
3.1486 3.1466 3.1481 0.0005
3.1486 3.1466 3.1481 0.0005
3.1486 3.1466 3.1481 0.0005
3.1486 3.1466 3.1481 0.0005
3.1486 3.1466 3.1481 0.0005
3.1486 3.1466 3.1481 0.0005
3.1486 3.1466 3.1481 0.0005
3.1486 3.1466 3.1481 0.0005
3.1486 3.1466 3.1481 0.0005
3.1486 3.1466 3.1481 0.0005
3.1486 3.1466 3.1481 0.0005
3.1486 3.1466 3.1481 0.0005
3.1486 3.1466 3.1481 0.0005
3.1486 3.1466 3.1481 0.0005
3.1486 3.1466 3.1481 0.0005
3.1486 3.1466 3.1481 0.0005
3.1486 3.1466 3.1481 0.0005
3.1486 3.1466 3.1481 0.0005
3.1486 3.1466 3.1481 0.0005
3.1486 3.1466 3.1481 0.0005
3.1486 3.1466 3.1481 0.0005
3.1486 3.1466 3.1481 0.0004
3.1486 3.1466 3.1481 0.0004
3.1486 3.1466 3.1481 0.0004
3.1486 3.1466 3.1481 0.0004
3.1486 3.1466 3.1481 0.0004
3.1486 3.1466 3.1481 0.0004
3.1486 3.1466 3.1481 0.0004
3.1486 3.1466 3.1481 0.0004
3.1486 3.1466 3.1481 0.0004
3.1486 3.1466 3.1481 0.0004
3.1486 3.1466 3.1481 0.0004
3.1486 3.1466 3.1481 0.0004
3.1486 3.1466 3.1481 0.0004
3.1486 3.1466 3.1481 0.0004
3.1486 3.1466 3.1481 0.0004
3.1486 3.1466 3.1481 0.0004
3.1486 3.1466 3.1481 0.0004
3.1486 3.1466 3.1481 0.0004
3.1486 3.1466 3.1481 0.0004
3.1486 3.1466 3.1481 0.0004
3.1486 3.1466 3.1481 0.0004
3.1486 3.1466 3.1481 0.0004
3.1486 3.1466 3.1481 0.0004
3.1486 3.1466 3.1481 0.0004
3.1486 3.1466 3.1481 0.0004
3.1486 3.1466 3.1481 0.0004
3.1486 3.1466 3.1481 0.0004
3.1486 3.1466 3.1481 0.0004
3.1486 3.1466 3.1481 0.0004
3.1486 3.1466 3.1481 0.0004
3.1486 3.1466 3.1481 0.0004
3.1486 3.1466 3.1481 0.0004
3.1486 3.1466 3.1481 0.0004
3.1486 3.1466 3.1481 0.0004
3.1486 3.1466 3.1481 0.0004
3.1486 3.1466 3.1481 0.0004
3.1486 3.1466 3.1481 0.0004
3.1486 3.1466 3.1481 0.0004
3.1486 3.1466 3.1481 0.0004
3.1486 3.1466 3.1481 0.0004
3.1486 3.1466 3.1481 0.0004
3.1486 3.1466 3.1481 0.0004
3.1486 3.1466 3.1481 0.0004
3.1486 3.1466 3.1481 0.0004
3.1486 3.1466 3.1481 0.0004
3.1486 3.1466 3.1481 0.0004
3.1486 3.1466 3.1481 0.0004
3.1486 3.1466 3.1481 0.0004
3.1486 3.1466 3.1481 0.0004
3.1486 3.1466 3.1481 0.0004
3.1486 3.1466 3.1481 0.0004
3.1486 3.1466 3.1481 0.0004
3.1486 3.1466 3.1481 0.0004
3.1486 3.1466 3.1481 0.0004
3.1486 3.1466 3.1481 0.0004
3.1486 3.1466 3.1481 0.0004
3.1486 3.1466 3.1481 0.0004
3.1486 3.1466 3.1481 0.0004
3.1486 3.1466 3.1481 0.0004
3.1486 3.1466 3.1481 0.0004
3.1486 3.1466 3.1481 0.0004
3.1486 3.1466 3.1481 0.0004
3.1486 3.1466 3.1481 0.0004
3.1486 3.1466 3.1481 0.0004
3.1486 3.1466 3.1481 0.0004
3.1486 3.1466 3.1481 0.0004
3.1486 3.1466 3.1481 0.0004
3.1486 3.1466 3.1481 0.0004
3.1486 3.1466 3.1481 0.0004
3.1486 3.1466 3.1481 0.0004
3.1486 3.1466 3.1481 0.0004
3.1486 3.1466 3.1481 0.0004
3.1486 3.1466 3.1481 0.0004
3.1486 3.1466 3.1481 0.0004
3.1486 3.1466 3.1481 0.0004
3.1486 3.1466 3.1481 0.0004
3.1486 3.1466 3.1481 0.0004
3.1486 3.1466 3.1481 0.0004
3.1486 3.1466 3.1481 0.0004
3.1486 3.1466 3.1481 0.0004
3.1486 3.1466 3.1482 0.0004
3.1486 3.1466 3.1482 0.0004
3.1486 3.1466 3.1482 0.0004
3.1486 3.1466 3.1482 0.0004
3.1486 3.1466 3.1482 0.0004
3.1486 3.1466 3.1482 0.0004
3.1486 3.1466 3.1482 0.0004
3.1486 3.1466 3.1482 0.0004
3.1486 3.1466 3.1482 0.0004
3.1486 3.1466 3.1482 0.0004
3.1486 3.1466 3.1482 0.0004
3.1486 3.1466 3.1482 0.0004
3.1486 3.1466 3.1482 0.0004
3.1486 3.1466 3.1482 0.0004
3.1486 3.1466 3.1482 0.0004
3.1486 3.1466 3.1482 0.0004
3.1486 3.1466 3.1482 0.0004
3.1486 3.1466 3.1482 0.0004
3.1486 3.1466 3.1482 0.0003
3.1486 3.1466 3.1482 0.0003
3.1486 3.1466 3.1482 0.0003
3.1486 3.1466 3.1482 0.0003
3.1486 3.1466 3.1482 0.0003
3.1486 3.1466 3.1482 0.0003
3.1486 3.1466 3.1482 0.0003
3.1486 3.1466 3.1482 0.0003
3.1486 3.1466 3.1482 0.0003
3.1486 3.1466 3.1482 0.0003
3.1486 3.1466 3.1482 0.0003
3.1486 3.1466 3.1482 0.0003
3.1486 3.1466 3.1482 0.0003
3.1486 3.1466 3.1482 0.0003
3.1486 3.1466 3.1482 0.0003
3.1486 3.1466 3.1482 0.0003
3.1486 3.1466 3.1482 0.0003
3.1486 3.1466 3.1482 0.0003
3.1486 3.1466 3.1482 0.0003
3.1486 3.1466 3.1482 0.0003
3.1486 3.1466 3.1482 0.0003
3.1486 3.1466 3.1482 0.0003
3.1486 3.1466 3.1482 0.0003
3.1486 3.1466 3.1482 0.0003
3.1488 3.1466 3.1482 0.0003
3.1488 3.1466 3.1482 0.0003
3.1488 3.1466 3.1482 0.0003
3.1488 3.1466 3.1482 0.0003
3.1488 3.1466 3.1482 0.0003
3.1488 3.1466 3.1482 0.0003
3.1488 3.1466 3.1482 0.0003
3.1488 3.1466 3.1482 0.0003
3.1488 3.1466 3.1482 0.0003
3.1488 3.1466 3.1482 0.0003
3.1488 3.1466 3.1482 0.0003
3.1488 3.1466 3.1482 0.0003
3.1488 3.1466 3.1482 0.0003
3.1488 3.1466 3.1482 0.0003
3.1488 3.1466 3.1482 0.0003
3.1488 3.1466 3.1482 0.0003
3.1488 3.1466 3.1482 0.0003
3.1488 3.1466 3.1482 0.0003
3.1488 3.1466 3.1482 0.0003
3.1488 3.1466 3.1482 0.0003
3.1488 3.1466 3.1482 0.0003
3.1488 3.1466 3.1482 0.0003
3.1488 3.1466 3.1482 0.0003
3.1488 3.1466 3.1482 0.0003
3.1488 3.1466 3.1482 0.0003
3.1488 3.1466 3.1482 0.0003
3.1488 3.1466 3.1482 0.0003
3.1488 3.1466 3.1482 0.0003
3.1488 3.1466 3.1482 0.0004
3.1488 3.1466 3.1482 0.0004
3.1488 3.1466 3.1482 0.0004
3.1488 3.1466 3.1482 0.0004
3.1488 3.1466 3.1482 0.0004
3.1488 3.1466 3.1482 0.0004
3.1488 3.1466 3.1482 0.0004
3.1488 3.1466 3.1482 0.0004
3.1488 3.1466 3.1482 0.0004
3.1488 3.1466 3.1482 0.0004
3.1488 3.1466 3.1482 0.0003
3.1488 3.1466 3.1482 0.0003
3.1488 3.1466 3.1482 0.0003
3.1488 3.1466 3.1482 0.0003
3.1488 3.1466 3.1482 0.0003
3.1488 3.1466 3.1482 0.0003
3.1488 3.1466 3.1482 0.0003
3.1488 3.1466 3.1482 0.0003
3.1488 3.1466 3.1482 0.0003
3.1488 3.1466 3.1482 0.0003
3.1488 3.1466 3.1482 0.0003
3.1488 3.1466 3.1482 0.0003
3.1488 3.1466 3.1482 0.0003
3.1488 3.1466 3.1482 0.0003
3.1488 3.1466 3.1482 0.0003
3.1488 3.1466 3.1482 0.0003
3.1488 3.1466 3.1482 0.0003
3.1488 3.1466 3.1482 0.0003
3.1488 3.1466 3.1482 0.0003
3.1488 3.1466 3.1482 0.0003
3.1488 3.1466 3.1482 0.0003
3.1488 3.1466 3.1482 0.0003
3.1488 3.1466 3.1482 0.0003
3.1488 3.1466 3.1482 0.0003
3.1488 3.1466 3.1482 0.0003
3.1488 3.1466 3.1482 0.0003
3.1488 3.1466 3.1482 0.0003
3.1488 3.1466 3.1482 0.0003
3.1488 3.1466 3.1482 0.0003
3.1488 3.1466 3.1482 0.0003
3.1488 3.1466 3.1483 0.0003
3.1488 3.1466 3.1483 0.0003
3.1488 3.1466 3.1483 0.0003
3.1488 3.1466 3.1483 0.0003
3.1488 3.1466 3.1483 0.0003
3.1488 3.1466 3.1483 0.0003
3.1488 3.1466 3.1483 0.0003
3.1488 3.1466 3.1483 0.0003
3.1488 3.1466 3.1483 0.0003
3.1488 3.1466 3.1483 0.0003
3.1488 3.1466 3.1483 0.0003
3.1488 3.1466 3.1483 0.0003
3.1488 3.1466 3.1483 0.0003
3.1488 3.1466 3.1483 0.0003
3.1488 3.1466 3.1483 0.0003
3.1488 3.1466 3.1483 0.0003
3.1488 3.1466 3.1483 0.0003
3.1488 3.1466 3.1483 0.0003
3.1488 3.1466 3.1483 0.0003
3.1488 3.1466 3.1483 0.0003
3.1488 3.1466 3.1483 0.0003
3.1488 3.1466 3.1483 0.0003
3.1488 3.1466 3.1483 0.0003
3.1488 3.1466 3.1483 0.0003
3.1488 3.1466 3.1483 0.0003
3.1488 3.1466 3.1483 0.0003
3.1488 3.1466 3.1483 0.0003
3.1488 3.1466 3.1483 0.0003
3.1488 3.1466 3.1483 0.0003
3.1488 3.1470 3.1483 0.0002
3.1488 3.1470 3.1483 0.0002
3.1488 3.1470 3.1483 0.0002
3.1488 3.1470 3.1483 0.0002
3.1488 3.1470 3.1483 0.0002
3.1488 3.1470 3.1483 0.0002
3.1488 3.1470 3.1483 0.0002
3.1488 3.1470 3.1483 0.0002
3.1488 3.1470 3.1483 0.0002
3.1488 3.1470 3.1483 0.0002
3.1488 3.1470 3.1483 0.0002
3.1488 3.1470 3.1483 0.0002
3.1488 3.1470 3.1483 0.0002
3.1488 3.1470 3.1483 0.0003
3.1488 3.1470 3.1483 0.0003
3.1488 3.1470 3.1483 0.0003
3.1488 3.1470 3.1483 0.0003
3.1488 3.1470 3.1483 0.0002
3.1488 3.1470 3.1483 0.0002
3.1488 3.1470 3.1483 0.0002
3.1488 3.1470 3.1483 0.0002
3.1488 3.1470 3.1483 0.0002
3.1488 3.1470 3.1483 0.0002
3.1488 3.1470 3.1483 0.0002
3.1488 3.1470 3.1483 0.0002
3.1488 3.1470 3.1483 0.0002
3.1488 3.1470 3.1483 0.0002
3.1488 3.1470 3.1483 0.0002
3.1488 3.1470 3.1483 0.0002
3.1488 3.1470 3.1483 0.0002
3.1488 3.1470 3.1483 0.0002
3.1488 3.1470 3.1483 0.0002
3.1488 3.1470 3.1483 0.0002
3.1488 3.1470 3.1483 0.0002
3.1488 3.1470 3.1483 0.0002
3.1488 3.1470 3.1483 0.0002
3.1488 3.1470 3.1483 0.0002
3.1488 3.1470 3.1483 0.0002
3.1488 3.1470 3.1483 0.0002
3.1488 3.1470 3.1483 0.0002
3.1488 3.1470 3.1483 0.0002
3.1488 3.1470 3.1483 0.0002
3.1488 3.1470 3.1483 0.0002
3.1488 3.1470 3.1483 0.0002
3.1488 3.1470 3.1483 0.0002
3.1488 3.1470 3.1483 0.0002
3.1488 3.1470 3.1483 0.0002
3.1488 3.1470 3.1483 0.0002
3.1488 3.1470 3.1483 0.0002
3.1488 3.1470 3.1483 0.0002
3.1488 3.1470 3.1483 0.0002
3.1488 3.1470 3.1483 0.0002
3.1488 3.1470 3.1483 0.0002
3.1488 3.1470 3.1483 0.0002
3.1488 3.1470 3.1483 0.0002
3.1488 3.1470 3.1483 0.0002
3.1488 3.1470 3.1483 0.0002
3.1488 3.1470 3.1483 0.0002
3.1488 3.1470 3.1483 0.0002
3.1488 3.1470 3.1483 0.0002
3.1488 3.1470 3.1483 0.0002
3.1488 3.1470 3.1483 0.0002
3.1488 3.1470 3.1483 0.0002
3.1488 3.1470 3.1483 0.0002
3.1488 3.1470 3.1483 0.0002
3.1488 3.1470 3.1483 0.0002
3.1488 3.1470 3.1483 0.0002
3.1488 3.1470 3.1483 0.0002
3.1488 3.1470 3.1483 0.0002
3.1488 3.1470 3.1483 0.0002
3.1488 3.1470 3.1483 0.0002
3.1488 3.1470 3.1483 0.0002
3.1488 3.1470 3.1483 0.0002
3.1488 3.1470 3.1483 0.0002
3.1488 3.1470 3.1483 0.0002
3.1488 3.1470 3.1483 0.0002
3.1488 3.1470 3.1483 0.0002
3.1488 3.1470 3.1483 0.0002
3.1488 3.1470 3.1483 0.0002
3.1488 3.1470 3.1483 0.0002
3.1488 3.1470 3.1483 0.0002
3.1488 3.1470 3.1483 0.0002
3.1488 3.1470 3.1483 0.0002
3.1488 3.1470 3.1483 0.0002
3.1488 3.1470 3.1483 0.0002
3.1488 3.1470 3.1483 0.0002
3.1488 3.1470 3.1483 0.0002
3.1488 3.1470 3.1483 0.0002
3.1488 3.1470 3.1483 0.0002
3.1488 3.1470 3.1483 0.0002
3.1488 3.1470 3.1483 0.0002
3.1488 3.1470 3.1483 0.0002
3.1488 3.1470 3.1483 0.0002
3.1488 3.1470 3.1483 0.0002
3.1488 3.1470 3.1483 0.0002
3.1488 3.1470 3.1483 0.0002
3.1488 3.1470 3.1483 0.0002
3.1488 3.1470 3.1483 0.0002
3.1488 3.1470 3.1483 0.0002
3.1488 3.1470 3.1483 0.0002
3.1488 3.1470 3.1483 0.0002
3.1488 3.1470 3.1483 0.0002
3.1488 3.1470 3.1484 0.0003
3.1488 3.1470 3.1484 0.0003
3.1488 3.1470 3.1484 0.0003
3.1488 3.1470 3.1484 0.0003
3.1488 3.1470 3.1484 0.0003
3.1488 3.1470 3.1484 0.0003
3.1488 3.1470 3.1484 0.0003
3.1488 3.1470 3.1484 0.0003
3.1488 3.1470 3.1484 0.0003
3.1488 3.1470 3.1484 0.0003
3.1488 3.1470 3.1484 0.0003
3.1488 3.1470 3.1484 0.0003
3.1488 3.1470 3.1484 0.0003
3.1488 3.1470 3.1484 0.0003
3.1488 3.1470 3.1484 0.0003
3.1488 3.1470 3.1484 0.0003
3.1488 3.1470 3.1484 0.0003
3.1488 3.1470 3.1484 0.0003
3.1488 3.1470 3.1484 0.0003
3.1488 3.1470 3.1484 0.0003
3.1488 3.1470 3.1484 0.0003
3.1488 3.1470 3.1484 0.0003
3.1488 3.1470 3.1484 0.0003
3.1488 3.1470 3.1484 0.0003
3.1488 3.1470 3.1484 0.0003
3.1488 3.1470 3.1484 0.0003
3.1488 3.1470 3.1484 0.0003
3.1488 3.1470 3.1484 0.0003
3.1488 3.1470 3.1484 0.0003
3.1488 3.1470 3.1484 0.0003
3.1488 3.1470 3.1484 0.0003
3.1488 3.1470 3.1484 0.0003
3.1488 3.1470 3.1484 0.0003
3.1488 3.1470 3.1484 0.0003
3.1488 3.1470 3.1484 0.0003
3.1488 3.1470 3.1484 0.0003
3.1488 3.1470 3.1484 0.0003
3.1488 3.1470 3.1484 0.0003
3.1488 3.1470 3.1484 0.0003
3.1488 3.1470 3.1484 0.0003
3.1488 3.1470 3.1484 0.0003
3.1488 3.1470 3.1484 0.0003
3.1488 3.1470 3.1484 0.0003
3.1488 3.1470 3.1484 0.0003
3.1488 3.1470 3.1484 0.0003
3.1488 3.1470 3.1484 0.0003
3.1488 3.1470 3.1484 0.0003
3.1488 3.1470 3.1484 0.0003
3.1488 3.1470 3.1484 0.0003
3.1488 3.1470 3.1484 0.0003
3.1488 3.1470 3.1484 0.0003
3.1488 3.1470 3.1484 0.0003
3.1488 3.1474 3.1484 0.0002
3.1488 3.1474 3.1484 0.0002
3.1488 3.1474 3.1484 0.0002
3.1488 3.1474 3.1484 0.0002
3.1488 3.1474 3.1484 0.0002
3.1488 3.1474 3.1484 0.0002
3.1488 3.1474 3.1484 0.0002
3.1488 3.1474 3.1484 0.0002
3.1488 3.1474 3.1484 0.0002
3.1488 3.1474 3.1484 0.0002
3.1488 3.1474 3.1484 0.0002
3.1488 3.1474 3.1484 0.0002
3.1488 3.1474 3.1484 0.0002
3.1488 3.1474 3.1484 0.0002
3.1488 3.1474 3.1484 0.0002
3.1488 3.1474 3.1484 0.0002
3.1488 3.1474 3.1484 0.0002
3.1488 3.1474 3.1484 0.0002
3.1488 3.1474 3.1484 0.0002
3.1488 3.1474 3.1484 0.0002
3.1488 3.1474 3.1484 0.0002
3.1488 3.1474 3.1484 0.0002
3.1488 3.1474 3.1484 0.0002
3.1488 3.1474 3.1484 0.0002
3.1488 3.1474 3.1485 0.0002
3.1488 3.1474 3.1485 0.0002
3.1488 3.1474 3.1485 0.0002
3.1488 3.1474 3.1485 0.0002
3.1488 3.1474 3.1485 0.0002
3.1488 3.1481 3.1485 0.0002
3.1488 3.1481 3.1485 0.0002
3.1488 3.1481 3.1485 0.0002
3.1488 3.1481 3.1485 0.0002
3.1488 3.1481 3.1485 0.0002
3.1488 3.1481 3.1485 0.0002
3.1488 3.1481 3.1485 0.0002
3.1488 3.1481 3.1485 0.0002
3.1488 3.1481 3.1485 0.0002
3.1488 3.1481 3.1485 0.0002
3.1488 3.1481 3.1485 0.0002
3.1488 3.1481 3.1485 0.0002
3.1488 3.1481 3.1485 0.0002
3.1488 3.1481 3.1485 0.0002
3.1488 3.1481 3.1485 0.0002
3.1488 3.1481 3.1485 0.0002
3.1488 3.1481 3.1485 0.0002
3.1488 3.1481 3.1485 0.0002
3.1488 3.1481 3.1485 0.0002
3.1488 3.1481 3.1485 0.0002
3.1488 3.1481 3.1485 0.0002
3.1488 3.1481 3.1485 0.0002
3.1488 3.1481 3.1485 0.0002
3.1488 3.1481 3.1485 0.0002
3.1488 3.1481 3.1485 0.0002
3.1488 3.1481 3.1485 0.0002
3.1488 3.1481 3.1485 0.0002
3.1488 3.1481 3.1485 0.0002
3.1488 3.1481 3.1485 0.0002
3.1488 3.1481 3.1485 0.0002
3.1488 3.1481 3.1485 0.0002
3.1488 3.1481 3.1485 0.0002
3.1488 3.1481 3.1485 0.0002
3.1488 3.1481 3.1485 0.0002
3.1488 3.1481 3.1485 0.0002
3.1488 3.1481 3.1485 0.0002
3.1488 3.1481 3.1485 0.0002
3.1488 3.1481 3.1485 0.0002
3.1488 3.1481 3.1485 0.0002
3.1488 3.1481 3.1485 0.0002
3.1488 3.1481 3.1485 0.0002
3.1488 3.1481 3.1485 0.0002
3.1488 3.1481 3.1485 0.0002
3.1488 3.1481 3.1485 0.0002
3.1488 3.1481 3.1485 0.0002
3.1488 3.1481 3.1485 0.0002
3.1488 3.1481 3.1485 0.0002
3.1488 3.1481 3.1485 0.0002
3.1488 3.1481 3.1485 0.0002
3.1488 3.1481 3.1485 0.0002
3.1488 3.1481 3.1485 0.0002
3.1488 3.1481 3.1485 0.0002
3.1488 3.1481 3.1485 0.0002
3.1488 3.1481 3.1485 0.0002
3.1488 3.1481 3.1485 0.0002
3.1488 3.1481 3.1485 0.0002
3.1488 3.1481 3.1485 0.0002
3.1488 3.1481 3.1485 0.0002
3.1488 3.1481 3.1485 0.0002
3.1488 3.1481 3.1485 0.0002
3.1488 3.1481 3.1485 0.0002
3.1488 3.1481 3.1485 0.0002
3.1488 3.1481 3.1485 0.0002
3.1488 3.1481 3.1485 0.0002
3.1488 3.1481 3.1485 0.0002
3.1488 3.1481 3.1485 0.0002
3.1488 3.1481 3.1485 0.0002
3.1488 3.1481 3.1485 0.0002
3.1488 3.1481 3.1485 0.0002
3.1488 3.1481 3.1485 0.0002
3.1488 3.1481 3.1485 0.0002
3.1488 3.1481 3.1485 0.0002
3.1488 3.1481 3.1485 0.0002
3.1488 3.1481 3.1485 0.0002
3.1488 3.1481 3.1485 0.0002
3.1488 3.1481 3.1485 0.0002
3.1488 3.1481 3.1485 0.0002
3.1488 3.1481 3.1485 0.0002
3.1488 3.1481 3.1485 0.0002
3.1488 3.1481 3.1485 0.0002
3.1488 3.1481 3.1485 0.0002
3.1488 3.1481 3.1485 0.0002
3.1488 3.1481 3.1485 0.0002
3.1488 3.1481 3.1485 0.0002
3.1488 3.1481 3.1485 0.0002
3.1488 3.1481 3.1485 0.0002
3.1488 3.1481 3.1485 0.0002
3.1488 3.1481 3.1485 0.0002
3.1488 3.1481 3.1485 0.0002
3.1488 3.1481 3.1485 0.0002
3.1488 3.1481 3.1485 0.0002
3.1488 3.1481 3.1485 0.0002
3.1488 3.1481 3.1485 0.0002
3.1488 3.1481 3.1485 0.0002
3.1488 3.1481 3.1485 0.0002
3.1488 3.1481 3.1485 0.0002
3.1488 3.1481 3.1485 0.0002
3.1488 3.1481 3.1485 0.0002
3.1488 3.1481 3.1485 0.0002
3.1488 3.1481 3.1485 0.0002
3.1488 3.1481 3.1485 0.0002
3.1488 3.1481 3.1485 0.0002
3.1488 3.1481 3.1485 0.0002
3.1488 3.1481 3.1485 0.0002
3.1488 3.1481 3.1485 0.0002
3.1488 3.1481 3.1485 0.0002
3.1488 3.1481 3.1485 0.0002
3.1488 3.1481 3.1485 0.0002
3.1488 3.1481 3.1485 0.0002
3.1488 3.1481 3.1485 0.0002
3.1488 3.1481 3.1485 0.0002
3.1488 3.1481 3.1485 0.0002
3.1488 3.1481 3.1485 0.0002
3.1488 3.1481 3.1485 0.0002
3.1488 3.1481 3.1485 0.0002
3.1488 3.1481 3.1485 0.0002
3.1488 3.1481 3.1485 0.0002
3.1488 3.1481 3.1485 0.0002
3.1488 3.1481 3.1485 0.0002
3.1488 3.1481 3.1485 0.0002
3.1488 3.1481 3.1485 0.0002
3.1488 3.1481 3.1485 0.0002
3.1488 3.1481 3.1485 0.0002
3.1488 3.1481 3.1486 0.0002
3.1488 3.1481 3.1486 0.0002
3.1488 3.1481 3.1486 0.0002
3.1488 3.1481 3.1486 0.0002
3.1488 3.1481 3.1486 0.0002
3.1488 3.1481 3.1486 0.0002
3.1488 3.1481 3.1486 0.0002
3.1488 3.1481 3.1486 0.0002
3.1488 3.1481 3.1486 0.0002
3.1488 3.1481 3.1486 0.0002
3.1488 3.1481 3.1486 0.0002
3.1488 3.1481 3.1486 0.0002
3.1488 3.1481 3.1486 0.0002
3.1488 3.1481 3.1486 0.0002
3.1488 3.1481 3.1486 0.0002
3.1488 3.1481 3.1486 0.0002
3.1488 3.1481 3.1486 0.0002
3.1488 3.1481 3.1486 0.0002
3.1488 3.1481 3.1486 0.0002
3.1488 3.1481 3.1486 0.0002
3.1488 3.1481 3.1486 0.0002
3.1488 3.1481 3.1486 0.0002
3.1492 3.1481 3.1486 0.0002
3.1492 3.1481 3.1486 0.0002
3.1492 3.1481 3.1486 0.0002
3.1492 3.1481 3.1486 0.0002
3.1492 3.1481 3.1486 0.0002
3.1492 3.1481 3.1486 0.0002
3.1492 3.1481 3.1486 0.0002
3.1492 3.1481 3.1486 0.0002
3.1492 3.1481 3.1486 0.0002
3.1492 3.1481 3.1486 0.0002
3.1492 3.1481 3.1486 0.0002
3.1492 3.1481 3.1486 0.0002
3.1492 3.1481 3.1486 0.0002
3.1492 3.1481 3.1486 0.0002
3.1492 3.1481 3.1486 0.0002
3.1492 3.1481 3.1486 0.0002
3.1492 3.1481 3.1486 0.0002
3.1492 3.1481 3.1486 0.0002
3.1492 3.1481 3.1486 0.0002
3.1492 3.1481 3.1486 0.0002
3.1492 3.1481 3.1486 0.0002
3.1492 3.1481 3.1486 0.0002
3.1492 3.1481 3.1486 0.0002
3.1492 3.1481 3.1486 0.0002
3.1492 3.1481 3.1486 0.0002
3.1492 3.1481 3.1486 0.0002
3.1492 3.1481 3.1486 0.0002
3.1492 3.1481 3.1486 0.0002
3.1492 3.1481 3.1486 0.0002
3.1492 3.1481 3.1486 0.0002
3.1492 3.1481 3.1486 0.0002
3.1492 3.1481 3.1486 0.0002
3.1492 3.1481 3.1486 0.0002
3.1492 3.1481 3.1486 0.0002
3.1492 3.1481 3.1486 0.0002
3.1492 3.1481 3.1486 0.0002
3.1492 3.1481 3.1486 0.0002
3.1492 3.1481 3.1486 0.0002
3.1492 3.1481 3.1486 0.0002
3.1492 3.1481 3.1486 0.0002
3.1492 3.1481 3.1486 0.0002
3.1492 3.1481 3.1486 0.0002
3.1492 3.1481 3.1486 0.0002
3.1492 3.1481 3.1486 0.0002
3.1492 3.1481 3.1486 0.0002
3.1492 3.1481 3.1486 0.0002
3.1492 3.1481 3.1486 0.0002
3.1492 3.1481 3.1486 0.0002
3.1492 3.1481 3.1486 0.0002
3.1492 3.1481 3.1486 0.0002
3.1492 3.1481 3.1486 0.0002
3.1492 3.1481 3.1486 0.0002
3.1492 3.1481 3.1486 0.0002
3.1492 3.1481 3.1486 0.0002
3.1492 3.1481 3.1486 0.0002
3.1492 3.1481 3.1486 0.0002
3.1492 3.1481 3.1486 0.0002
3.1492 3.1481 3.1486 0.0002
3.1492 3.1481 3.1486 0.0002
3.1492 3.1481 3.1486 0.0002
3.1492 3.1481 3.1486 0.0002
3.1492 3.1481 3.1486 0.0002
3.1492 3.1481 3.1486 0.0002
3.1492 3.1481 3.1486 0.0002
3.1492 3.1481 3.1486 0.0002
3.1492 3.1481 3.1486 0.0002
3.1492 3.1481 3.1486 0.0002
3.1492 3.1481 3.1486 0.0002
3.1492 3.1481 3.1486 0.0002
3.1492 3.1481 3.1486 0.0002
3.1492 3.1481 3.1486 0.0002
3.1492 3.1481 3.1486 0.0002
3.1492 3.1481 3.1486 0.0002
3.1492 3.1481 3.1486 0.0002
3.1492 3.1481 3.1486 0.0002
3.1492 3.1481 3.1486 0.0002
3.1492 3.1481 3.1486 0.0002
3.1492 3.1481 3.1486 0.0002
3.1492 3.1481 3.1486 0.0002
3.1492 3.1481 3.1486 0.0002
3.1492 3.1481 3.1486 0.0002
3.1492 3.1481 3.1486 0.0002
3.1492 3.1481 3.1486 0.0002
3.1492 3.1481 3.1486 0.0002
3.1492 3.1481 3.1486 0.0002
3.1492 3.1481 3.1486 0.0002
3.1492 3.1481 3.1486 0.0002
3.1492 3.1481 3.1486 0.0002
3.1492 3.1481 3.1486 0.0002
3.1492 3.1481 3.1486 0.0002
3.1492 3.1481 3.1486 0.0002
3.1492 3.1481 3.1486 0.0002
3.1492 3.1481 3.1486 0.0002
3.1492 3.1481 3.1486 0.0002
3.1492 3.1481 3.1486 0.0002
3.1492 3.1481 3.1486 0.0002
3.1492 3.1481 3.1486 0.0002
3.1492 3.1481 3.1486 0.0002
3.1492 3.1481 3.1486 0.0002
3.1492 3.1481 3.1486 0.0002
3.1492 3.1481 3.1486 0.0002
3.1492 3.1481 3.1486 0.0002
3.1492 3.1481 3.1486 0.0002
3.1492 3.1481 3.1486 0.0002
3.1492 3.1481 3.1486 0.0002
3.1492 3.1481 3.1486 0.0002
3.1492 3.1481 3.1486 0.0002
3.1492 3.1481 3.1486 0.0002
3.1492 3.1481 3.1486 0.0002
3.1492 3.1481 3.1486 0.0002
3.1492 3.1481 3.1486 0.0002
3.1492 3.1481 3.1486 0.0002
3.1492 3.1481 3.1486 0.0002
3.1492 3.1481 3.1486 0.0002
3.1492 3.1481 3.1486 0.0002
3.1492 3.1481 3.1486 0.0002
3.1492 3.1481 3.1486 0.0002
3.1492 3.1481 3.1486 0.0002
3.1492 3.1481 3.1486 0.0002
3.1492 3.1481 3.1486 0.0002
3.1492 3.1481 3.1487 0.0002
3.1492 3.1481 3.1487 0.0002
3.1492 3.1481 3.1487 0.0002
3.1492 3.1481 3.1487 0.0002
3.1492 3.1481 3.1487 0.0002
3.1492 3.1482 3.1487 0.0002
3.1492 3.1482 3.1487 0.0002
3.1492 3.1482 3.1487 0.0002
3.1492 3.1482 3.1487 0.0002
3.1492 3.1482 3.1487 0.0002
3.1492 3.1482 3.1487 0.0002
3.1492 3.1482 3.1487 0.0002
3.1492 3.1482 3.1487 0.0002
3.1492 3.1482 3.1487 0.0002
3.1492 3.1482 3.1487 0.0002
3.1492 3.1482 3.1487 0.0002
3.1492 3.1482 3.1487 0.0002
3.1492 3.1482 3.1487 0.0002
3.1492 3.1482 3.1487 0.0002
3.1492 3.1482 3.1487 0.0002
3.1492 3.1482 3.1487 0.0002
3.1492 3.1482 3.1487 0.0002
3.1492 3.1482 3.1487 0.0002
3.1492 3.1482 3.1487 0.0002
3.1492 3.1482 3.1487 0.0002
3.1492 3.1482 3.1487 0.0002
3.1492 3.1482 3.1487 0.0002
3.1492 3.1482 3.1487 0.0002
3.1492 3.1482 3.1487 0.0002
3.1492 3.1482 3.1487 0.0002
3.1492 3.1482 3.1487 0.0002
3.1492 3.1482 3.1487 0.0002
3.1492 3.1482 3.1487 0.0002
3.1492 3.1482 3.1487 0.0002
3.1492 3.1482 3.1487 0.0002
3.1492 3.1482 3.1487 0.0002
3.1492 3.1482 3.1487 0.0002
3.1492 3.1482 3.1487 0.0002
3.1492 3.1482 3.1487 0.0002
3.1492 3.1482 3.1487 0.0002
3.1492 3.1482 3.1487 0.0002
3.1492 3.1482 3.1487 0.0002
3.1492 3.1482 3.1487 0.0002
3.1492 3.1482 3.1487 0.0002
3.1492 3.1482 3.1487 0.0002
3.1492 3.1482 3.1487 0.0002
3.1492 3.1482 3.1487 0.0002
3.1492 3.1482 3.1487 0.0002
3.1492 3.1482 3.1487 0.0002
3.1492 3.1482 3.1487 0.0002
3.1492 3.1482 3.1487 0.0002
3.1492 3.1482 3.1487 0.0002
3.1492 3.1482 3.1487 0.0002
3.1492 3.1482 3.1487 0.0002
3.1492 3.1482 3.1487 0.0002
3.1492 3.1482 3.1487 0.0002
3.1492 3.1482 3.1487 0.0002
3.1492 3.1482 3.1487 0.0002
3.1492 3.1482 3.1487 0.0002
3.1492 3.1482 3.1487 0.0002
3.1492 3.1482 3.1487 0.0002
3.1492 3.1482 3.1487 0.0002
3.1492 3.1482 3.1487 0.0002
3.1492 3.1482 3.1487 0.0002
3.1492 3.1482 3.1487 0.0002
3.1492 3.1482 3.1487 0.0002
3.1492 3.1482 3.1487 0.0002
3.1492 3.1482 3.1487 0.0002
3.1492 3.1482 3.1487 0.0002
3.1492 3.1482 3.1487 0.0002
3.1492 3.1482 3.1487 0.0002
3.1492 3.1482 3.1487 0.0002
3.1492 3.1482 3.1487 0.0002
3.1492 3.1482 3.1487 0.0002
3.1492 3.1482 3.1487 0.0002
3.1492 3.1482 3.1487 0.0002
3.1492 3.1482 3.1487 0.0002
3.1492 3.1482 3.1487 0.0002
3.1492 3.1482 3.1487 0.0002
3.1492 3.1482 3.1487 0.0002
3.1492 3.1482 3.1487 0.0002
3.1492 3.1482 3.1487 0.0002
3.1492 3.1482 3.1487 0.0002
3.1492 3.1482 3.1487 0.0002
3.1492 3.1482 3.1487 0.0002
3.1492 3.1482 3.1487 0.0002
3.1492 3.1482 3.1487 0.0002
3.1492 3.1482 3.1487 0.0002
3.1492 3.1482 3.1487 0.0002
3.1492 3.1482 3.1487 0.0002
3.1492 3.1482 3.1487 0.0002
3.1492 3.1482 3.1487 0.0002
3.1492 3.1482 3.1487 0.0002
3.1492 3.1482 3.1487 0.0002
3.1492 3.1482 3.1487 0.0002
3.1492 3.1482 3.1487 0.0002
3.1492 3.1482 3.1487 0.0002
3.1492 3.1482 3.1487 0.0002
3.1492 3.1482 3.1487 0.0002
3.1492 3.1482 3.1487 0.0002
3.1492 3.1482 3.1487 0.0002
3.1492 3.1482 3.1487 0.0002
3.1492 3.1482 3.1487 0.0002
3.1492 3.1483 3.1487 0.0002
3.1492 3.1483 3.1487 0.0002
3.1492 3.1483 3.1487 0.0002
3.1492 3.1483 3.1487 0.0002
3.1492 3.1483 3.1487 0.0002
3.1492 3.1483 3.1487 0.0002
3.1492 3.1483 3.1487 0.0002
3.1492 3.1483 3.1487 0.0002
3.1492 3.1483 3.1487 0.0002
3.1493 3.1483 3.1487 0.0002
3.1493 3.1483 3.1487 0.0002
3.1493 3.1483 3.1487 0.0002
3.1493 3.1483 3.1487 0.0002
3.1493 3.1483 3.1487 0.0002
3.1493 3.1483 3.1487 0.0002
3.1493 3.1483 3.1487 0.0002
3.1493 3.1483 3.1487 0.0002
3.1493 3.1483 3.1487 0.0002
3.1493 3.1483 3.1487 0.0002
3.1493 3.1483 3.1487 0.0002
3.1493 3.1483 3.1487 0.0002
3.1493 3.1483 3.1487 0.0002
3.1493 3.1483 3.1487 0.0002
3.1493 3.1483 3.1487 0.0002
3.1493 3.1483 3.1487 0.0002
3.1493 3.1483 3.1487 0.0002
3.1493 3.1483 3.1487 0.0002
3.1493 3.1483 3.1487 0.0002
3.1493 3.1483 3.1487 0.0002
3.1493 3.1483 3.1487 0.0002
3.1493 3.1483 3.1487 0.0001
3.1493 3.1483 3.1487 0.0001
3.1493 3.1483 3.1487 0.0001
3.1493 3.1483 3.1487 0.0001
3.1493 3.1483 3.1487 0.0001
3.1493 3.1483 3.1487 0.0001
3.1493 3.1483 3.1487 0.0001
3.1493 3.1483 3.1487 0.0001
3.1493 3.1483 3.1487 0.0001
3.1493 3.1483 3.1487 0.0001
3.1493 3.1483 3.1487 0.0001
3.1493 3.1483 3.1487 0.0001
3.1493 3.1483 3.1487 0.0001
3.1493 3.1483 3.1487 0.0001
3.1493 3.1483 3.1487 0.0001
3.1501 3.1483 3.1487 0.0002
3.1501 3.1483 3.1487 0.0002
3.1501 3.1483 3.1487 0.0002
3.1501 3.1483 3.1487 0.0002
3.1501 3.1483 3.1487 0.0002
3.1501 3.1483 3.1487 0.0002
3.1501 3.1483 3.1487 0.0002
3.1501 3.1483 3.1487 0.0002
3.1501 3.1483 3.1487 0.0002
3.1501 3.1483 3.1487 0.0002
3.1501 3.1483 3.1487 0.0002
3.1501 3.1483 3.1487 0.0002
3.1501 3.1483 3.1487 0.0002
3.1501 3.1483 3.1487 0.0002
3.1501 3.1483 3.1487 0.0002
3.1501 3.1483 3.1487 0.0002
3.1501 3.1483 3.1487 0.0002
3.1501 3.1483 3.1487 0.0002
3.1501 3.1483 3.1487 0.0002
3.1501 3.1483 3.1487 0.0002
3.1501 3.1483 3.1487 0.0002
3.1501 3.1483 3.1487 0.0002
3.1501 3.1483 3.1487 0.0002
3.1501 3.1483 3.1487 0.0002
3.1501 3.1483 3.1487 0.0002
3.1501 3.1483 3.1487 0.0002
3.1501 3.1483 3.1487 0.0002
3.1501 3.1483 3.1487 0.0002
3.1501 3.1483 3.1487 0.0002
3.1501 3.1483 3.1488 0.0002
3.1501 3.1483 3.1488 0.0002
3.1501 3.1483 3.1488 0.0002
3.1501 3.1483 3.1488 0.0002
3.1501 3.1483 3.1488 0.0002
3.1501 3.1483 3.1488 0.0002
3.1501 3.1483 3.1488 0.0002
3.1501 3.1483 3.1488 0.0002
3.1501 3.1483 3.1488 0.0002
3.1501 3.1483 3.1488 0.0002
3.1501 3.1483 3.1488 0.0002
3.1501 3.1483 3.1488 0.0002
3.1501 3.1483 3.1488 0.0002
3.1501 3.1483 3.1488 0.0002
3.1501 3.1483 3.1488 0.0002
3.1501 3.1483 3.1488 0.0002
3.1501 3.1483 3.1488 0.0002
3.1501 3.1483 3.1488 0.0002
3.1501 3.1483 3.1488 0.0002
3.1501 3.1483 3.1488 0.0002
3.1501 3.1483 3.1488 0.0002
3.1501 3.1483 3.1488 0.0002
3.1501 3.1483 3.1488 0.0002
3.1501 3.1483 3.1488 0.0002
3.1501 3.1483 3.1488 0.0002
3.1501 3.1483 3.1488 0.0002
3.1501 3.1483 3.1488 0.0002
3.1501 3.1483 3.1488 0.0002
3.1501 3.1483 3.1488 0.0002
3.1501 3.1483 3.1488 0.0002
3.1501 3.1483 3.1488 0.0002
3.1501 3.1483 3.1488 0.0002
3.1501 3.1483 3.1488 0.0002
3.1501 3.1483 3.1488 0.0002
3.1501 3.1483 3.1488 0.0002
3.1501 3.1483 3.1488 0.0002
3.1501 3.1483 3.1488 0.0002
3.1501 3.1483 3.1488 0.0002
3.1501 3.1483 3.1488 0.0002
3.1501 3.1483 3.1488 0.0002
3.1501 3.1483 3.1488 0.0002
3.1501 3.1483 3.1488 0.0002
3.1501 3.1483 3.1488 0.0002
3.1501 3.1483 3.1488 0.0002
3.1501 3.1483 3.1488 0.0002
3.1501 3.1483 3.1488 0.0002
3.1501 3.1483 3.1488 0.0002
3.1501 3.1483 3.1488 0.0002
3.1501 3.1483 3.1488 0.0002
3.1501 3.1483 3.1488 0.0002
3.1501 3.1483 3.1488 0.0002
3.1501 3.1483 3.1488 0.0002
3.1501 3.1483 3.1488 0.0002
3.1501 3.1483 3.1488 0.0002
3.1501 3.1483 3.1488 0.0002
3.1515 3.1483 3.1488 0.0003
3.1515 3.1483 3.1488 0.0003
3.1515 3.1483 3.1488 0.0003
3.1515 3.1483 3.1488 0.0003
3.1515 3.1483 3.1488 0.0003
3.1515 3.1483 3.1488 0.0003
3.1515 3.1483 3.1488 0.0003
3.1515 3.1483 3.1488 0.0003
3.1515 3.1483 3.1488 0.0003
3.1515 3.1483 3.1488 0.0003
3.1515 3.1483 3.1488 0.0003
3.1515 3.1483 3.1488 0.0003
3.1515 3.1483 3.1488 0.0003
3.1515 3.1483 3.1488 0.0003
3.1515 3.1483 3.1488 0.0003
3.1515 3.1483 3.1488 0.0003
3.1515 3.1483 3.1488 0.0003
3.1515 3.1483 3.1488 0.0003
3.1515 3.1483 3.1488 0.0003
3.1515 3.1483 3.1488 0.0003
3.1515 3.1483 3.1488 0.0003
3.1515 3.1483 3.1488 0.0003
3.1515 3.1483 3.1488 0.0003
3.1515 3.1483 3.1488 0.0003
3.1515 3.1483 3.1488 0.0003
3.1515 3.1483 3.1488 0.0003
3.1515 3.1483 3.1488 0.0003
3.1515 3.1483 3.1488 0.0003
3.1515 3.1483 3.1488 0.0003
3.1515 3.1483 3.1488 0.0003
3.1515 3.1483 3.1488 0.0003
3.1515 3.1483 3.1488 0.0003
3.1515 3.1483 3.1488 0.0003
3.1515 3.1483 3.1488 0.0003
3.1515 3.1483 3.1488 0.0003
3.1515 3.1483 3.1488 0.0003
3.1515 3.1483 3.1488 0.0003
3.1515 3.1483 3.1488 0.0003
3.1515 3.1483 3.1488 0.0003
3.1515 3.1483 3.1488 0.0003
3.1515 3.1483 3.1488 0.0003
3.1515 3.1483 3.1488 0.0003
3.1515 3.1483 3.1488 0.0003
3.1515 3.1483 3.1488 0.0003
3.1515 3.1483 3.1488 0.0003
3.1515 3.1483 3.1488 0.0003
3.1515 3.1483 3.1488 0.0003
3.1515 3.1483 3.1488 0.0003
3.1515 3.1483 3.1488 0.0003
3.1515 3.1483 3.1488 0.0003
3.1515 3.1483 3.1488 0.0003
3.1515 3.1483 3.1488 0.0003
3.1515 3.1483 3.1488 0.0003
3.1515 3.1483 3.1488 0.0003
3.1515 3.1483 3.1488 0.0003
3.1515 3.1483 3.1488 0.0003
3.1515 3.1483 3.1488 0.0003
3.1515 3.1483 3.1488 0.0003
3.1515 3.1483 3.1488 0.0003
3.1515 3.1483 3.1488 0.0003
3.1515 3.1483 3.1488 0.0003
3.1515 3.1483 3.1488 0.0003
3.1515 3.1483 3.1488 0.0003
3.1515 3.1483 3.1488 0.0003
3.1515 3.1483 3.1488 0.0003
3.1515 3.1483 3.1488 0.0003
3.1515 3.1483 3.1488 0.0003
3.1515 3.1483 3.1488 0.0003
3.1515 3.1483 3.1488 0.0003
3.1515 3.1483 3.1488 0.0003
3.1515 3.1483 3.1488 0.0003
3.1515 3.1483 3.1488 0.0003
3.1515 3.1483 3.1488 0.0003
3.1515 3.1486 3.1488 0.0003
3.1515 3.1486 3.1488 0.0003
3.1515 3.1486 3.1488 0.0003
3.1515 3.1486 3.1488 0.0003
3.1515 3.1486 3.1488 0.0003
3.1515 3.1486 3.1488 0.0003
3.1515 3.1486 3.1488 0.0003
3.1515 3.1486 3.1488 0.0003
3.1515 3.1486 3.1488 0.0003
3.1515 3.1486 3.1488 0.0003
3.1515 3.1486 3.1488 0.0003
3.1515 3.1486 3.1488 0.0003
3.1515 3.1486 3.1488 0.0003
3.1515 3.1486 3.1488 0.0003
3.1515 3.1486 3.1488 0.0003
3.1515 3.1486 3.1488 0.0003
3.1515 3.1486 3.1488 0.0003
3.1515 3.1486 3.1488 0.0003
3.1515 3.1486 3.1488 0.0003
3.1515 3.1486 3.1488 0.0003
3.1515 3.1486 3.1488 0.0003
3.1515 3.1486 3.1488 0.0003
3.1515 3.1486 3.1488 0.0003
3.1515 3.1486 3.1488 0.0003
3.1515 3.1486 3.1488 0.0003
3.1515 3.1486 3.1488 0.0003
3.1515 3.1486 3.1488 0.0003
3.1515 3.1486 3.1488 0.0003
3.1515 3.1486 3.1488 0.0003
3.1515 3.1486 3.1488 0.0003
3.1515 3.1486 3.1488 0.0003
3.1515 3.1486 3.1488 0.0003
3.1515 3.1486 3.1488 0.0003
3.1515 3.1486 3.1488 0.0003
3.1515 3.1486 3.1488 0.0003
3.1515 3.1486 3.1488 0.0003
3.1515 3.1486 3.1488 0.0003
3.1515 3.1486 3.1488 0.0003
3.1515 3.1486 3.1488 0.0003
3.1515 3.1486 3.1488 0.0003
3.1515 3.1486 3.1488 0.0003
3.1515 3.1486 3.1488 0.0003
3.1515 3.1486 3.1488 0.0003
3.1515 3.1486 3.1488 0.0003
3.1515 3.1486 3.1488 0.0003
3.1515 3.1486 3.1488 0.0003
3.1515 3.1486 3.1488 0.0003
3.1515 3.1486 3.1488 0.0003
3.1515 3.1486 3.1488 0.0003
3.1515 3.1486 3.1488 0.0003
3.1515 3.1486 3.1488 0.0003
3.1515 3.1486 3.1488 0.0003
3.1515 3.1486 3.1488 0.0003
3.1515 3.1486 3.1488 0.0003
3.1515 3.1486 3.1488 0.0003
3.1515 3.1486 3.1488 0.0003
3.1515 3.1486 3.1488 0.0003
3.1515 3.1486 3.1488 0.0003
3.1515 3.1486 3.1488 0.0003
3.1515 3.1486 3.1488 0.0003
3.1515 3.1486 3.1488 0.0003
3.1515 3.1486 3.1488 0.0003
3.1515 3.1486 3.1488 0.0003
3.1515 3.1486 3.1488 0.0003
3.1515 3.1486 3.1488 0.0003
3.1515 3.1486 3.1488 0.0003
3.1515 3.1486 3.1488 0.0003
3.1515 3.1486 3.1488 0.0003
3.1515 3.1486 3.1488 0.0003
3.1515 3.1486 3.1488 0.0003
3.1515 3.1486 3.1488 0.0003
3.1515 3.1486 3.1488 0.0003
3.1515 3.1486 3.1488 0.0003
3.1515 3.1486 3.1488 0.0003
3.1515 3.1486 3.1488 0.0003
3.1515 3.1486 3.1488 0.0003
3.1515 3.1486 3.1488 0.0003
3.1515 3.1486 3.1488 0.0003
3.1515 3.1486 3.1488 0.0003
3.1515 3.1486 3.1488 0.0003
3.1515 3.1486 3.1488 0.0003
3.1515 3.1486 3.1488 0.0003
3.1515 3.1486 3.1488 0.0003
3.1515 3.1486 3.1488 0.0003
3.1515 3.1486 3.1488 0.0003
3.1515 3.1486 3.1488 0.0003
3.1515 3.1486 3.1488 0.0003
3.1515 3.1486 3.1488 0.0003
3.1515 3.1486 3.1488 0.0003
3.1515 3.1486 3.1488 0.0003
3.1515 3.1486 3.1488 0.0003
3.1515 3.1486 3.1488 0.0003
3.1515 3.1486 3.1488 0.0003
3.1515 3.1486 3.1488 0.0003
3.1515 3.1486 3.1488 0.0003
3.1515 3.1486 3.1489 0.0004
3.1515 3.1486 3.1489 0.0004
3.1515 3.1486 3.1489 0.0004
3.1515 3.1486 3.1489 0.0004
3.1515 3.1486 3.1489 0.0004
3.1515 3.1486 3.1489 0.0004
3.1515 3.1486 3.1489 0.0004
3.1515 3.1486 3.1489 0.0004
3.1515 3.1486 3.1489 0.0004
3.1515 3.1486 3.1489 0.0004
3.1515 3.1486 3.1489 0.0004
3.1515 3.1486 3.1489 0.0004
3.1515 3.1486 3.1489 0.0004
3.1515 3.1486 3.1489 0.0004
3.1515 3.1486 3.1489 0.0004
3.1515 3.1486 3.1489 0.0004
3.1515 3.1486 3.1489 0.0004
3.1515 3.1486 3.1489 0.0004
3.1515 3.1486 3.1489 0.0004
3.1530 3.1486 3.1489 0.0006
3.1530 3.1486 3.1489 0.0006
3.1530 3.1486 3.1489 0.0006
3.1530 3.1486 3.1489 0.0006
3.1530 3.1486 3.1489 0.0006
3.1530 3.1486 3.1489 0.0006
3.1530 3.1486 3.1489 0.0006
3.1530 3.1486 3.1489 0.0006
3.1530 3.1486 3.1489 0.0006
3.1530 3.1486 3.1489 0.0006
3.1530 3.1486 3.1489 0.0006
3.1530 3.1486 3.1489 0.0006
3.1530 3.1486 3.1489 0.0006
3.1530 3.1486 3.1489 0.0006
3.1530 3.1486 3.1489 0.0006
3.1530 3.1486 3.1489 0.0006
3.1530 3.1486 3.1489 0.0006
3.1530 3.1486 3.1489 0.0006
3.1530 3.1486 3.1489 0.0006
3.1530 3.1486 3.1489 0.0006
3.1530 3.1486 3.1489 0.0006
3.1530 3.1486 3.1489 0.0006
3.1530 3.1486 3.1489 0.0006
3.1530 3.1486 3.1489 0.0006
3.1530 3.1486 3.1490 0.0007
3.1530 3.1486 3.1490 0.0007
3.1530 3.1486 3.1490 0.0007
3.1530 3.1486 3.1490 0.0007
3.1530 3.1486 3.1490 0.0007
3.1530 3.1486 3.1490 0.0007
3.1530 3.1486 3.1490 0.0007
3.1530 3.1486 3.1490 0.0007
3.1530 3.1486 3.1490 0.0007
3.1530 3.1486 3.1490 0.0007
3.1530 3.1486 3.1490 0.0007
3.1530 3.1486 3.1490 0.0007
3.1530 3.1486 3.1490 0.0007
3.1530 3.1486 3.1490 0.0007
3.1530 3.1486 3.1490 0.0007
3.1530 3.1486 3.1490 0.0007
3.1530 3.1486 3.1490 0.0007
3.1530 3.1486 3.1490 0.0007
3.1530 3.1486 3.1490 0.0007
3.1530 3.1486 3.1490 0.0007
3.1530 3.1486 3.1490 0.0007
3.1530 3.1486 3.1490 0.0007
3.1530 3.1486 3.1490 0.0008
3.1530 3.1486 3.1490 0.0008
3.1530 3.1486 3.1490 0.0008
3.1530 3.1486 3.1490 0.0008
3.1530 3.1486 3.1490 0.0008
3.1530 3.1486 3.1490 0.0008
3.1530 3.1486 3.1490 0.0008
3.1530 3.1486 3.1490 0.0008
3.1530 3.1486 3.1490 0.0008
3.1530 3.1486 3.1490 0.0008
3.1530 3.1486 3.1490 0.0008
3.1530 3.1486 3.1490 0.0008
3.1530 3.1486 3.1490 0.0008
3.1530 3.1486 3.1491 0.0008
3.1530 3.1486 3.1491 0.0008
3.1530 3.1486 3.1491 0.0008
3.1530 3.1486 3.1491 0.0008
3.1530 3.1486 3.1491 0.0008
3.1530 3.1486 3.1491 0.0008
3.1530 3.1486 3.1491 0.0008
3.1530 3.1486 3.1491 0.0008
3.1530 3.1486 3.1491 0.0008
3.1530 3.1486 3.1491 0.0008
3.1530 3.1486 3.1491 0.0008
3.1530 3.1486 3.1491 0.0008
3.1530 3.1486 3.1491 0.0008
3.1530 3.1486 3.1491 0.0008
3.1530 3.1486 3.1491 0.0008
3.1530 3.1486 3.1491 0.0008
3.1530 3.1486 3.1491 0.0008
3.1530 3.1486 3.1491 0.0008
3.1530 3.1486 3.1491 0.0008
3.1530 3.1486 3.1491 0.0009
3.1530 3.1486 3.1491 0.0009
3.1530 3.1486 3.1491 0.0009
3.1530 3.1486 3.1491 0.0009
3.1530 3.1486 3.1491 0.0009
3.1530 3.1486 3.1491 0.0009
3.1530 3.1486 3.1491 0.0009
3.1530 3.1486 3.1491 0.0009
3.1530 3.1486 3.1491 0.0009
3.1530 3.1486 3.1491 0.0009
3.1530 3.1486 3.1491 0.0009
3.1530 3.1486 3.1491 0.0009
3.1530 3.1486 3.1491 0.0009
3.1530 3.1486 3.1491 0.0009
3.1530 3.1486 3.1491 0.0009
3.1530 3.1486 3.1491 0.0009
3.1530 3.1486 3.1491 0.0009
3.1530 3.1486 3.1491 0.0009
3.1530 3.1486 3.1491 0.0009
3.1530 3.1486 3.1491 0.0009
3.1530 3.1486 3.1491 0.0009
3.1530 3.1486 3.1491 0.0009
3.1530 3.1486 3.1491 0.0009
3.1530 3.1486 3.1491 0.0009
3.1530 3.1486 3.1491 0.0009
3.1530 3.1486 3.1491 0.0009
3.1530 3.1486 3.1491 0.0009
3.1530 3.1486 3.1491 0.0009
3.1530 3.1486 3.1491 0.0009
3.1530 3.1486 3.1491 0.0009
3.1530 3.1486 3.1491 0.0009
3.1530 3.1486 3.1492 0.0009
3.1530 3.1486 3.1492 0.0009
3.1530 3.1486 3.1492 0.0009
3.1530 3.1486 3.1492 0.0010
3.1530 3.1486 3.1492 0.0010
3.1530 3.1486 3.1492 0.0010
3.1530 3.1486 3.1492 0.0010
3.1530 3.1486 3.1492 0.0010
3.1530 3.1486 3.1492 0.0010
3.1530 3.1486 3.1492 0.0010
3.1530 3.1486 3.1492 0.0010
3.1530 3.1486 3.1492 0.0010
3.1530 3.1486 3.1492 0.0010
3.1530 3.1486 3.1492 0.0010
3.1530 3.1486 3.1492 0.0010
3.1530 3.1486 3.1492 0.0010
3.1530 3.1486 3.1492 0.0010
3.1530 3.1486 3.1492 0.0010
3.1530 3.1486 3.1492 0.0010
3.1530 3.1486 3.1492 0.0010
3.1530 3.1486 3.1492 0.0010
3.1530 3.1486 3.1492 0.0010
3.1530 3.1486 3.1492 0.0010
3.1530 3.1486 3.1492 0.0010
3.1530 3.1486 3.1492 0.0010
3.1530 3.1486 3.1492 0.0010
3.1530 3.1486 3.1492 0.0010
3.1530 3.1486 3.1492 0.0010
3.1530 3.1486 3.1492 0.0010
3.1530 3.1486 3.1492 0.0010
3.1530 3.1486 3.1492 0.0010
3.1530 3.1486 3.1492 0.0010
3.1530 3.1486 3.1492 0.0010
3.1530 3.1486 3.1492 0.0010
3.1530 3.1486 3.1492 0.0010
3.1530 3.1486 3.1492 0.0010
3.1530 3.1486 3.1492 0.0010
3.1530 3.1486 3.1492 0.0010
3.1530 3.1486 3.1492 0.0010
3.1530 3.1486 3.1492 0.0010
3.1530 3.1486 3.1492 0.0010
3.1530 3.1486 3.1492 0.0010
3.1530 3.1486 3.1492 0.0010
3.1530 3.1486 3.1493 0.0011
3.1530 3.1486 3.1493 0.0011
3.1530 3.1486 3.1493 0.0011
3.1530 3.1486 3.1493 0.0011
3.1530 3.1486 3.1493 0.0011
3.1530 3.1486 3.1493 0.0011
3.1530 3.1486 3.1493 0.0011
3.1530 3.1486 3.1493 0.0011
3.1530 3.1486 3.1493 0.0011
3.1530 3.1486 3.1493 0.0011
3.1530 3.1486 3.1493 0.0011
3.1530 3.1486 3.1493 0.0011
3.1530 3.1486 3.1493 0.0011
3.1530 3.1486 3.1493 0.0011
3.1530 3.1486 3.1493 0.0011
3.1530 3.1486 3.1493 0.0011
3.1530 3.1486 3.1493 0.0011
3.1530 3.1486 3.1493 0.0011
3.1530 3.1486 3.1493 0.0011
3.1530 3.1486 3.1494 0.0011
3.1530 3.1486 3.1494 0.0011
3.1530 3.1486 3.1494 0.0011
3.1530 3.1486 3.1494 0.0011
3.1530 3.1486 3.1494 0.0011
3.1530 3.1486 3.1494 0.0011
3.1530 3.1486 3.1494 0.0011
3.1530 3.1486 3.1494 0.0011
3.1530 3.1486 3.1494 0.0011
3.1530 3.1486 3.1494 0.0011
3.1530 3.1486 3.1494 0.0011
3.1530 3.1486 3.1494 0.0011
3.1530 3.1486 3.1494 0.0011
3.1530 3.1486 3.1494 0.0011
3.1530 3.1486 3.1494 0.0011
3.1530 3.1486 3.1494 0.0011
3.1530 3.1486 3.1494 0.0011
3.1530 3.1486 3.1494 0.0011
3.1530 3.1486 3.1494 0.0012
3.1530 3.1486 3.1494 0.0012
3.1530 3.1486 3.1494 0.0012
3.1530 3.1486 3.1494 0.0012
3.1530 3.1486 3.1494 0.0012
3.1530 3.1486 3.1494 0.0012
3.1530 3.1486 3.1495 0.0012
3.1530 3.1486 3.1495 0.0012
3.1530 3.1486 3.1495 0.0012
3.1530 3.1486 3.1495 0.0012
3.1530 3.1486 3.1495 0.0012
3.1530 3.1486 3.1495 0.0012
3.1530 3.1486 3.1495 0.0012
3.1530 3.1486 3.1495 0.0012
3.1530 3.1486 3.1495 0.0012
3.1530 3.1486 3.1495 0.0013
3.1530 3.1486 3.1495 0.0013
3.1530 3.1486 3.1495 0.0013
3.1530 3.1486 3.1496 0.0013
3.1530 3.1486 3.1496 0.0013
3.1530 3.1486 3.1496 0.0013
3.1530 3.1486 3.1496 0.0014
3.1530 3.1486 3.1496 0.0014
3.1530 3.1486 3.1496 0.0014
3.1530 3.1486 3.1496 0.0014
3.1530 3.1486 3.1496 0.0014
3.1530 3.1486 3.1496 0.0014
3.1530 3.1486 3.1496 0.0014
3.1530 3.1486 3.1496 0.0014
3.1530 3.1486 3.1496 0.0014
3.1530 3.1486 3.1496 0.0014
3.1530 3.1486 3.1496 0.0014
3.1530 3.1486 3.1496 0.0014
3.1530 3.1486 3.1496 0.0014
3.1530 3.1486 3.1496 0.0014
3.1530 3.1486 3.1497 0.0014
3.1530 3.1486 3.1497 0.0014
3.1530 3.1486 3.1497 0.0014
3.1530 3.1486 3.1497 0.0014
3.1530 3.1486 3.1497 0.0014
3.1530 3.1486 3.1497 0.0014
3.1530 3.1486 3.1497 0.0014
3.1530 3.1486 3.1497 0.0014
3.1530 3.1486 3.1498 0.0015
3.1530 3.1486 3.1498 0.0015
3.1530 3.1486 3.1498 0.0015
3.1530 3.1486 3.1498 0.0015
3.1530 3.1486 3.1498 0.0015
3.1530 3.1486 3.1498 0.0015
3.1530 3.1486 3.1498 0.0015
3.1530 3.1486 3.1498 0.0015
3.1530 3.1486 3.1498 0.0015
3.1530 3.1486 3.1498 0.0015
3.1530 3.1486 3.1498 0.0015
3.1530 3.1486 3.1498 0.0015
3.1530 3.1486 3.1498 0.0015
3.1530 3.1486 3.1498 0.0015
3.1530 3.1486 3.1498 0.0015
3.1530 3.1486 3.1498 0.0015
3.1530 3.1486 3.1499 0.0016
3.1530 3.1486 3.1499 0.0016
3.1530 3.1486 3.1499 0.0016
3.1530 3.1486 3.1499 0.0016
3.1530 3.1486 3.1499 0.0016
3.1530 3.1486 3.1499 0.0016
3.1530 3.1486 3.1499 0.0016
3.1530 3.1486 3.1499 0.0016
3.1530 3.1486 3.1499 0.0016
3.1530 3.1486 3.1499 0.0016
3.1530 3.1486 3.1499 0.0016
3.1530 3.1486 3.1499 0.0016
3.1530 3.1486 3.1500 0.0016
3.1530 3.1486 3.1500 0.0016
3.1530 3.1486 3.1500 0.0016
3.1530 3.1486 3.1500 0.0016
3.1530 3.1486 3.1500 0.0016
3.1530 3.1486 3.1500 0.0016
3.1530 3.1486 3.1500 0.0016
3.1530 3.1486 3.1500 0.0016
3.1530 3.1486 3.1500 0.0016
3.1530 3.1486 3.1500 0.0016
3.1530 3.1486 3.1500 0.0016
3.1530 3.1486 3.1500 0.0016
3.1530 3.1486 3.1500 0.0016
3.1530 3.1486 3.1500 0.0016
3.1530 3.1486 3.1500 0.0016
3.1530 3.1486 3.1500 0.0016
3.1530 3.1486 3.1500 0.0016
3.1530 3.1486 3.1500 0.0016
3.1530 3.1486 3.1500 0.0016
3.1530 3.1486 3.1500 0.0016
3.1530 3.1486 3.1500 0.0016
3.1530 3.1486 3.1501 0.0017
3.1530 3.1486 3.1501 0.0017
3.1530 3.1486 3.1501 0.0017
3.1530 3.1486 3.1501 0.0017
3.1530 3.1486 3.1501 0.0017
3.1530 3.1486 3.1501 0.0017
3.1530 3.1486 3.1501 0.0017
3.1530 3.1486 3.1501 0.0017
3.1530 3.1486 3.1501 0.0017
3.1530 3.1486 3.1501 0.0017
3.1530 3.1486 3.1501 0.0017
3.1530 3.1486 3.1501 0.0017
3.1530 3.1486 3.1501 0.0016
3.1530 3.1486 3.1501 0.0016
3.1530 3.1486 3.1501 0.0016
3.1530 3.1486 3.1501 0.0016
3.1530 3.1486 3.1501 0.0017
3.1530 3.1486 3.1501 0.0017
3.1530 3.1486 3.1501 0.0017
3.1530 3.1486 3.1501 0.0017
3.1530 3.1486 3.1502 0.0017
3.1530 3.1486 3.1502 0.0017
3.1530 3.1486 3.1502 0.0017
3.1530 3.1486 3.1502 0.0017
3.1530 3.1486 3.1502 0.0017
3.1530 3.1486 3.1502 0.0017
3.1530 3.1486 3.1502 0.0017
3.1530 3.1486 3.1502 0.0017
3.1530 3.1486 3.1502 0.0017
3.1530 3.1486 3.1502 0.0017
3.1540 3.1486 3.1503 0.0018
3.1540 3.1486 3.1503 0.0018
3.1540 3.1486 3.1503 0.0018
3.1540 3.1486 3.1503 0.0018
3.1540 3.1486 3.1503 0.0018
3.1540 3.1486 3.1503 0.0018
3.1540 3.1486 3.1503 0.0018
3.1540 3.1486 3.1503 0.0018
3.1540 3.1486 3.1503 0.0018
3.1540 3.1486 3.1504 0.0018
3.1540 3.1486 3.1504 0.0018
3.1540 3.1486 3.1504 0.0018
3.1540 3.1486 3.1504 0.0018
3.1540 3.1486 3.1504 0.0018
3.1540 3.1486 3.1504 0.0018
3.1540 3.1486 3.1504 0.0018
3.1540 3.1486 3.1504 0.0018
3.1540 3.1486 3.1504 0.0018
3.1540 3.1486 3.1504 0.0018
3.1540 3.1486 3.1505 0.0018
3.1540 3.1486 3.1505 0.0018
3.1540 3.1486 3.1505 0.0018
3.1540 3.1486 3.1505 0.0018
3.1540 3.1486 3.1505 0.0018
3.1540 3.1486 3.1505 0.0018
3.1540 3.1486 3.1505 0.0018
3.1540 3.1486 3.1505 0.0018
3.1540 3.1486 3.1505 0.0018
3.1540 3.1486 3.1505 0.0018
3.1540 3.1486 3.1505 0.0018
3.1540 3.1486 3.1505 0.0018
3.1540 3.1486 3.1505 0.0018
3.1540 3.1486 3.1505 0.0018
3.1540 3.1486 3.1505 0.0018
3.1540 3.1486 3.1505 0.0018
3.1540 3.1486 3.1505 0.0018
3.1540 3.1486 3.1505 0.0018
3.1540 3.1486 3.1505 0.0018
3.1540 3.1486 3.1505 0.0018
3.1540 3.1486 3.1505 0.0018
3.1540 3.1486 3.1505 0.0018
3.1540 3.1486 3.1505 0.0018
3.1540 3.1486 3.1505 0.0018
3.1540 3.1486 3.1505 0.0018
3.1540 3.1486 3.1505 0.0018
3.1540 3.1486 3.1505 0.0018
3.1540 3.1486 3.1505 0.0018
3.1540 3.1486 3.1506 0.0019
3.1540 3.1486 3.1506 0.0019
3.1540 3.1486 3.1506 0.0019
3.1540 3.1486 3.1506 0.0019
3.1540 3.1486 3.1506 0.0019
3.1540 3.1486 3.1506 0.0019
3.1540 3.1486 3.1506 0.0019
3.1540 3.1486 3.1506 0.0019
3.1540 3.1486 3.1506 0.0019
3.1540 3.1486 3.1507 0.0019
3.1540 3.1486 3.1507 0.0019
3.1540 3.1486 3.1507 0.0019
3.1540 3.1486 3.1508 0.0019
3.1540 3.1486 3.1508 0.0019
3.1540 3.1486 3.1508 0.0019
3.1540 3.1486 3.1508 0.0019
3.1540 3.1486 3.1508 0.0019
3.1540 3.1486 3.1508 0.0019
3.1540 3.1486 3.1508 0.0019
3.1540 3.1486 3.1508 0.0019
3.1540 3.1486 3.1508 0.0019
3.1540 3.1486 3.1508 0.0019
3.1540 3.1486 3.1508 0.0019
3.1540 3.1486 3.1508 0.0019
3.1540 3.1486 3.1508 0.0019
3.1540 3.1486 3.1508 0.0019
3.1540 3.1486 3.1508 0.0019
3.1540 3.1486 3.1508 0.0019
3.1540 3.1486 3.1508 0.0019
3.1540 3.1486 3.1508 0.0019
3.1540 3.1486 3.1508 0.0019
3.1540 3.1486 3.1508 0.0019
3.1540 3.1486 3.1508 0.0019
3.1540 3.1486 3.1508 0.0019
3.1540 3.1486 3.1508 0.0019
3.1540 3.1486 3.1508 0.0019
3.1540 3.1486 3.1508 0.0019
3.1540 3.1486 3.1509 0.0020
3.1540 3.1486 3.1509 0.0020
3.1540 3.1486 3.1509 0.0020
3.1540 3.1486 3.1509 0.0020
3.1540 3.1486 3.1509 0.0020
3.1540 3.1486 3.1509 0.0020
3.1540 3.1486 3.1509 0.0020
3.1540 3.1486 3.1510 0.0020
3.1540 3.1486 3.1510 0.0020
3.1540 3.1486 3.1510 0.0020
3.1540 3.1486 3.1510 0.0020
3.1540 3.1486 3.1510 0.0020
3.1540 3.1486 3.1510 0.0020
3.1540 3.1486 3.1510 0.0020
3.1540 3.1486 3.1510 0.0020
3.1540 3.1486 3.1510 0.0020
3.1540 3.1488 3.1510 0.0019
3.1540 3.1488 3.1510 0.0019
3.1540 3.1488 3.1510 0.0019
3.1540 3.1488 3.1510 0.0019
3.1540 3.1488 3.1510 0.0019
3.1540 3.1488 3.1510 0.0019
3.1540 3.1488 3.1510 0.0019
3.1540 3.1488 3.1510 0.0019
3.1540 3.1488 3.1511 0.0020
3.1540 3.1488 3.1511 0.0020
3.1540 3.1488 3.1511 0.0019
3.1540 3.1488 3.1511 0.0020
3.1540 3.1488 3.1511 0.0020
3.1540 3.1488 3.1511 0.0020
3.1540 3.1488 3.1511 0.0020
3.1540 3.1488 3.1511 0.0020
3.1540 3.1488 3.1511 0.0020
3.1540 3.1488 3.1511 0.0020
3.1540 3.1488 3.1511 0.0020
3.1540 3.1488 3.1511 0.0020
3.1540 3.1488 3.1512 0.0020
3.1540 3.1488 3.1512 0.0020
3.1540 3.1488 3.1512 0.0020
3.1540 3.1488 3.1512 0.0020
3.1540 3.1488 3.1512 0.0020
3.1540 3.1488 3.1512 0.0020
3.1540 3.1488 3.1512 0.0020
3.1540 3.1488 3.1512 0.0020
3.1540 3.1488 3.1513 0.0020
3.1540 3.1488 3.1513 0.0020
3.1540 3.1488 3.1513 0.0020
3.1540 3.1488 3.1513 0.0020
3.1540 3.1488 3.1513 0.0020
3.1540 3.1488 3.1513 0.0020
3.1540 3.1488 3.1513 0.0020
3.1540 3.1488 3.1513 0.0020
3.1540 3.1488 3.1513 0.0020
3.1540 3.1488 3.1513 0.0020
3.1540 3.1488 3.1514 0.0020
3.1540 3.1488 3.1514 0.0020
3.1540 3.1488 3.1514 0.0020
3.1540 3.1488 3.1514 0.0020
3.1540 3.1488 3.1514 0.0020
3.1540 3.1488 3.1514 0.0020
3.1540 3.1488 3.1514 0.0020
3.1540 3.1488 3.1514 0.0020
3.1540 3.1488 3.1514 0.0019
3.1540 3.1488 3.1514 0.0019
3.1540 3.1488 3.1514 0.0019
3.1540 3.1488 3.1514 0.0019
3.1540 3.1488 3.1515 0.0019
3.1540 3.1488 3.1515 0.0019
3.1540 3.1488 3.1515 0.0019
3.1540 3.1488 3.1515 0.0019
3.1540 3.1488 3.1516 0.0019
3.1540 3.1488 3.1516 0.0019
3.1540 3.1488 3.1516 0.0019
3.1540 3.1488 3.1516 0.0019
3.1540 3.1488 3.1516 0.0019
3.1540 3.1488 3.1516 0.0019
3.1540 3.1488 3.1516 0.0019
3.1540 3.1488 3.1516 0.0019
3.1540 3.1488 3.1516 0.0019
3.1540 3.1488 3.1516 0.0019
3.1540 3.1488 3.1516 0.0019
3.1540 3.1488 3.1516 0.0019
3.1540 3.1488 3.1516 0.0019
3.1540 3.1488 3.1516 0.0019
3.1540 3.1488 3.1516 0.0019
3.1540 3.1488 3.1517 0.0019
3.1540 3.1488 3.1517 0.0019
3.1540 3.1488 3.1517 0.0019
3.1540 3.1488 3.1517 0.0019
3.1540 3.1488 3.1517 0.0019
3.1540 3.1488 3.1517 0.0020
3.1540 3.1488 3.1517 0.0020
3.1540 3.1488 3.1517 0.0020
3.1541 3.1488 3.1517 0.0020
3.1541 3.1488 3.1518 0.0020
3.1541 3.1488 3.1518 0.0020
3.1541 3.1488 3.1518 0.0020
3.1541 3.1488 3.1518 0.0020
3.1544 3.1488 3.1518 0.0020
3.1544 3.1488 3.1518 0.0020
3.1544 3.1488 3.1518 0.0020
3.1544 3.1488 3.1518 0.0020
3.1544 3.1488 3.1518 0.0020
3.1544 3.1488 3.1518 0.0020
3.1544 3.1488 3.1518 0.0020
3.1544 3.1488 3.1518 0.0020
3.1544 3.1488 3.1518 0.0020
3.1544 3.1488 3.1518 0.0020
3.1544 3.1488 3.1518 0.0020
3.1544 3.1488 3.1518 0.0020
3.1544 3.1488 3.1519 0.0020
3.1544 3.1488 3.1519 0.0020
3.1544 3.1488 3.1519 0.0020
3.1544 3.1488 3.1519 0.0020
3.1544 3.1488 3.1519 0.0020
3.1544 3.1488 3.1519 0.0020
3.1544 3.1488 3.1519 0.0020
3.1544 3.1488 3.1519 0.0020
3.1544 3.1488 3.1520 0.0019
3.1544 3.1488 3.1520 0.0019
3.1544 3.1488 3.1520 0.0019
3.1544 3.1488 3.1520 0.0019
3.1544 3.1488 3.1520 0.0019
3.1544 3.1488 3.1520 0.0019
3.1544 3.1488 3.1520 0.0019
3.1544 3.1488 3.1520 0.0019
3.1544 3.1488 3.1520 0.0019
3.1544 3.1488 3.1520 0.0019
3.1544 3.1488 3.1520 0.0019
3.1544 3.1488 3.1520 0.0019
3.1544 3.1488 3.1521 0.0019
3.1544 3.1488 3.1521 0.0019
3.1544 3.1488 3.1521 0.0019
3.1544 3.1488 3.1521 0.0019
3.1544 3.1488 3.1521 0.0019
3.1544 3.1488 3.1521 0.0019
3.1544 3.1488 3.1521 0.0019
3.1544 3.1488 3.1521 0.0019
3.1544 3.1488 3.1521 0.0019
3.1546 3.1488 3.1521 0.0019
3.1546 3.1488 3.1521 0.0019
3.1546 3.1488 3.1521 0.0019
3.1546 3.1488 3.1521 0.0019
3.1546 3.1488 3.1522 0.0019
3.1546 3.1488 3.1522 0.0019
3.1546 3.1488 3.1522 0.0019
3.1546 3.1488 3.1522 0.0019
3.1546 3.1488 3.1522 0.0019
3.1546 3.1488 3.1522 0.0019
3.1546 3.1488 3.1522 0.0019
3.1546 3.1488 3.1522 0.0019
3.1546 3.1488 3.1523 0.0019
3.1546 3.1488 3.1523 0.0019
3.1546 3.1488 3.1523 0.0019
3.1546 3.1488 3.1523 0.0019
3.1546 3.1488 3.1523 0.0019
3.1546 3.1488 3.1523 0.0019
3.1546 3.1488 3.1523 0.0019
3.1546 3.1488 3.1523 0.0019
3.1546 3.1488 3.1523 0.0019
3.1546 3.1488 3.1523 0.0019
3.1546 3.1488 3.1523 0.0019
3.1546 3.1488 3.1523 0.0019
3.1546 3.1488 3.1523 0.0019
3.1546 3.1488 3.1523 0.0019
3.1546 3.1488 3.1523 0.0019
3.1546 3.1488 3.1523 0.0019
3.1546 3.1488 3.1523 0.0019
3.1546 3.1488 3.1523 0.0019
3.1546 3.1488 3.1523 0.0019
3.1546 3.1488 3.1523 0.0019
3.1546 3.1488 3.1524 0.0019
3.1546 3.1488 3.1524 0.0019
3.1546 3.1488 3.1524 0.0019
3.1546 3.1488 3.1524 0.0019
3.1546 3.1488 3.1524 0.0019
3.1546 3.1488 3.1524 0.0019
3.1546 3.1488 3.1524 0.0019
3.1546 3.1488 3.1524 0.0019
3.1546 3.1488 3.1525 0.0018
3.1546 3.1488 3.1525 0.0018
3.1546 3.1488 3.1525 0.0018
3.1546 3.1488 3.1525 0.0018
3.1546 3.1488 3.1525 0.0018
3.1546 3.1488 3.1525 0.0018
3.1546 3.1488 3.1525 0.0018
3.1546 3.1488 3.1525 0.0018
3.1546 3.1488 3.1525 0.0018
3.1546 3.1488 3.1525 0.0018
3.1546 3.1488 3.1525 0.0018
3.1546 3.1488 3.1525 0.0018
3.1546 3.1488 3.1525 0.0018
3.1546 3.1488 3.1525 0.0018
3.1546 3.1488 3.1525 0.0018
3.1546 3.1488 3.1525 0.0018
3.1546 3.1488 3.1526 0.0018
3.1546 3.1488 3.1526 0.0018
3.1546 3.1488 3.1526 0.0018
3.1546 3.1488 3.1526 0.0018
3.1546 3.1488 3.1526 0.0018
3.1546 3.1488 3.1526 0.0018
3.1546 3.1488 3.1526 0.0018
3.1546 3.1488 3.1526 0.0018
3.1546 3.1488 3.1526 0.0018
3.1546 3.1488 3.1526 0.0018
3.1546 3.1488 3.1526 0.0018
3.1546 3.1488 3.1526 0.0018
3.1546 3.1488 3.1526 0.0018
3.1546 3.1488 3.1526 0.0018
3.1546 3.1488 3.1526 0.0018
3.1546 3.1488 3.1526 0.0018
3.1546 3.1488 3.1526 0.0018
3.1546 3.1488 3.1526 0.0018
3.1546 3.1488 3.1526 0.0018
3.1546 3.1488 3.1526 0.0018
3.1546 3.1488 3.1526 0.0018
3.1546 3.1488 3.1526 0.0018
3.1546 3.1488 3.1526 0.0018
3.1546 3.1488 3.1526 0.0018
3.1546 3.1488 3.1526 0.0018
3.1546 3.1488 3.1526 0.0018
3.1546 3.1488 3.1526 0.0018
3.1546 3.1488 3.1527 0.0018
3.1546 3.1488 3.1527 0.0018
3.1546 3.1488 3.1527 0.0018
3.1546 3.1488 3.1527 0.0018
3.1546 3.1488 3.1527 0.0018
3.1546 3.1488 3.1527 0.0018
3.1546 3.1488 3.1527 0.0018
3.1546 3.1488 3.1527 0.0018
3.1546 3.1488 3.1527 0.0018
3.1546 3.1488 3.1527 0.0018
3.1546 3.1488 3.1527 0.0018
3.1546 3.1488 3.1527 0.0018
3.1546 3.1488 3.1528 0.0018
3.1546 3.1488 3.1528 0.0018
3.1546 3.1488 3.1528 0.0018
3.1546 3.1488 3.1528 0.0018
3.1546 3.1488 3.1528 0.0018
3.1546 3.1488 3.1528 0.0018
3.1546 3.1488 3.1528 0.0018
3.1546 3.1488 3.1528 0.0018
3.1546 3.1488 3.1528 0.0018
3.1546 3.1488 3.1528 0.0018
3.1546 3.1488 3.1528 0.0018
3.1546 3.1488 3.1528 0.0018
3.1546 3.1488 3.1528 0.0018
3.1546 3.1488 3.1528 0.0018
3.1546 3.1488 3.1528 0.0018
3.1546 3.1488 3.1528 0.0018
3.1546 3.1488 3.1528 0.0018
3.1546 3.1488 3.1529 0.0017
3.1546 3.1488 3.1529 0.0017
3.1546 3.1488 3.1530 0.0017
3.1546 3.1488 3.1530 0.0017
3.1546 3.1488 3.1530 0.0017
3.1546 3.1488 3.1530 0.0017
3.1546 3.1488 3.1530 0.0017
3.1546 3.1488 3.1530 0.0017
3.1546 3.1488 3.1530 0.0017
3.1546 3.1488 3.1530 0.0017
3.1546 3.1488 3.1530 0.0017
3.1546 3.1488 3.1530 0.0017
3.1546 3.1488 3.1530 0.0017
3.1546 3.1488 3.1530 0.0017
3.1546 3.1488 3.1530 0.0017
3.1546 3.1488 3.1530 0.0017
3.1546 3.1488 3.1530 0.0017
3.1546 3.1488 3.1530 0.0017
3.1546 3.1488 3.1530 0.0017
3.1546 3.1488 3.1531 0.0016
3.1546 3.1488 3.1531 0.0016
3.1546 3.1488 3.1531 0.0016
3.1546 3.1488 3.1531 0.0016
3.1546 3.1488 3.1532 0.0015
3.1546 3.1488 3.1532 0.0015
3.1546 3.1488 3.1532 0.0015
3.1546 3.1488 3.1532 0.0015
3.1546 3.1488 3.1532 0.0015
3.1546 3.1488 3.1532 0.0015
3.1546 3.1488 3.1532 0.0015
3.1546 3.1488 3.1532 0.0015
3.1546 3.1488 3.1532 0.0015
3.1546 3.1488 3.1532 0.0015
3.1546 3.1488 3.1532 0.0015
3.1546 3.1488 3.1532 0.0015
3.1546 3.1488 3.1533 0.0014
3.1546 3.1488 3.1533 0.0014
3.1546 3.1488 3.1533 0.0014
3.1546 3.1488 3.1533 0.0014
3.1546 3.1488 3.1533 0.0014
3.1546 3.1488 3.1533 0.0014
3.1546 3.1488 3.1533 0.0014
3.1546 3.1488 3.1533 0.0014
3.1546 3.1488 3.1533 0.0014
3.1546 3.1488 3.1533 0.0014
3.1546 3.1488 3.1533 0.0014
3.1546 3.1488 3.1533 0.0014
3.1546 3.1488 3.1533 0.0014
3.1546 3.1488 3.1533 0.0014
3.1546 3.1488 3.1533 0.0014
3.1546 3.1488 3.1533 0.0014
3.1546 3.1488 3.1533 0.0014
3.1546 3.1488 3.1533 0.0014
3.1546 3.1488 3.1533 0.0014
3.1546 3.1488 3.1533 0.0014
3.1546 3.1488 3.1533 0.0014
3.1546 3.1488 3.1534 0.0014
3.1546 3.1488 3.1534 0.0014
3.1546 3.1488 3.1534 0.0014
3.1546 3.1488 3.1534 0.0014
3.1546 3.1488 3.1534 0.0014
3.1546 3.1488 3.1534 0.0014
3.1546 3.1488 3.1534 0.0014
3.1546 3.1488 3.1534 0.0014
3.1546 3.1488 3.1534 0.0014
3.1546 3.1488 3.1534 0.0014
3.1546 3.1488 3.1534 0.0014
3.1546 3.1488 3.1534 0.0014
3.1546 3.1488 3.1534 0.0014
3.1546 3.1488 3.1534 0.0014
3.1546 3.1488 3.1534 0.0014
3.1546 3.1488 3.1534 0.0014
3.1546 3.1488 3.1534 0.0014
3.1546 3.1488 3.1534 0.0014
3.1546 3.1488 3.1534 0.0014
3.1546 3.1488 3.1534 0.0014
3.1546 3.1488 3.1534 0.0014
3.1546 3.1488 3.1534 0.0014
3.1546 3.1488 3.1534 0.0014
3.1546 3.1488 3.1534 0.0014
3.1546 3.1488 3.1534 0.0014
3.1546 3.1488 3.1534 0.0014
3.1546 3.1488 3.1534 0.0014
3.1546 3.1488 3.1534 0.0014
3.1546 3.1488 3.1534 0.0014
3.1546 3.1488 3.1534 0.0014
3.1546 3.1488 3.1534 0.0014
3.1546 3.1488 3.1534 0.0014
3.1546 3.1488 3.1534 0.0014
3.1546 3.1488 3.1534 0.0014
3.1546 3.1488 3.1534 0.0014
3.1546 3.1488 3.1534 0.0014
3.1546 3.1488 3.1534 0.0014
3.1546 3.1488 3.1534 0.0014
3.1546 3.1488 3.1534 0.0014
3.1546 3.1488 3.1534 0.0014
3.1546 3.1488 3.1534 0.0014
3.1546 3.1488 3.1534 0.0014
3.1546 3.1488 3.1535 0.0014
3.1546 3.1488 3.1535 0.0014
3.1546 3.1488 3.1535 0.0014
3.1546 3.1488 3.1535 0.0013
3.1546 3.1488 3.1535 0.0013
3.1546 3.1488 3.1535 0.0013
3.1546 3.1488 3.1535 0.0013
3.1546 3.1488 3.1535 0.0012
3.1546 3.1488 3.1535 0.0012
3.1546 3.1488 3.1535 0.0012
3.1546 3.1488 3.1536 0.0012
3.1546 3.1488 3.1536 0.0011
3.1546 3.1488 3.1536 0.0011
3.1546 3.1488 3.1536 0.0011
3.1546 3.1488 3.1536 0.0011
3.1546 3.1488 3.1536 0.0011
3.1546 3.1488 3.1536 0.0011
3.1546 3.1488 3.1536 0.0011
3.1546 3.1488 3.1536 0.0011
3.1546 3.1488 3.1536 0.0011
3.1546 3.1488 3.1536 0.0011
3.1546 3.1488 3.1536 0.0011
3.1546 3.1488 3.1536 0.0011
3.1546 3.1488 3.1536 0.0011
3.1546 3.1488 3.1536 0.0011
3.1546 3.1493 3.1536 0.0010
3.1546 3.1493 3.1536 0.0010
3.1546 3.1493 3.1536 0.0010
3.1546 3.1493 3.1536 0.0010
3.1546 3.1493 3.1536 0.0010
3.1546 3.1493 3.1537 0.0009
3.1546 3.1493 3.1537 0.0009
3.1546 3.1493 3.1537 0.0009
3.1546 3.1493 3.1537 0.0009
3.1546 3.1493 3.1537 0.0009
3.1546 3.1493 3.1537 0.0010
3.1546 3.1493 3.1537 0.0010
3.1546 3.1493 3.1537 0.0010
3.1546 3.1493 3.1537 0.0010
3.1546 3.1493 3.1537 0.0010
3.1546 3.1493 3.1537 0.0010
3.1546 3.1493 3.1537 0.0010
3.1546 3.1493 3.1537 0.0010
3.1546 3.1493 3.1537 0.0010
3.1546 3.1493 3.1537 0.0010
3.1546 3.1493 3.1537 0.0010
3.1546 3.1493 3.1537 0.0010
3.1546 3.1493 3.1537 0.0010
3.1546 3.1493 3.1537 0.0010
3.1546 3.1493 3.1537 0.0010
3.1546 3.1493 3.1537 0.0010
3.1546 3.1493 3.1537 0.0010
3.1546 3.1493 3.1537 0.0010
3.1546 3.1493 3.1537 0.0010
3.1546 3.1493 3.1537 0.0010
3.1546 3.1493 3.1537 0.0010
3.1546 3.1493 3.1537 0.0010
3.1546 3.1493 3.1537 0.0010
3.1546 3.1493 3.1537 0.0010
3.1546 3.1493 3.1538 0.0010
3.1546 3.1493 3.1538 0.0010
3.1546 3.1493 3.1538 0.0010
3.1546 3.1493 3.1538 0.0010
3.1546 3.1493 3.1538 0.0010
3.1546 3.1493 3.1538 0.0010
3.1546 3.1493 3.1538 0.0010
3.1546 3.1493 3.1538 0.0010
3.1546 3.1493 3.1538 0.0010
3.1546 3.1493 3.1538 0.0010
3.1546 3.1493 3.1538 0.0010
3.1546 3.1493 3.1538 0.0010
3.1546 3.1493 3.1538 0.0010
3.1546 3.1493 3.1538 0.0010
3.1546 3.1493 3.1538 0.0010
3.1546 3.1493 3.1538 0.0010
3.1546 3.1493 3.1538 0.0010
3.1546 3.1493 3.1538 0.0010
3.1546 3.1493 3.1538 0.0010
3.1546 3.1493 3.1538 0.0010
3.1546 3.1493 3.1538 0.0010
3.1546 3.1493 3.1538 0.0010
3.1546 3.1493 3.1538 0.0010
3.1546 3.1493 3.1538 0.0010
3.1546 3.1493 3.1538 0.0010
3.1546 3.1493 3.1538 0.0010
3.1546 3.1493 3.1538 0.0010
3.1546 3.1493 3.1538 0.0010
3.1546 3.1493 3.1538 0.0010
3.1546 3.1493 3.1538 0.0010
3.1546 3.1493 3.1538 0.0010
3.1546 3.1493 3.1538 0.0010
3.1546 3.1493 3.1538 0.0010
3.1546 3.1493 3.1538 0.0010
3.1546 3.1493 3.1538 0.0009
3.1546 3.1493 3.1538 0.0009
3.1546 3.1493 3.1538 0.0009
3.1546 3.1493 3.1538 0.0009
3.1546 3.1493 3.1538 0.0009
3.1546 3.1493 3.1538 0.0009
3.1546 3.1493 3.1538 0.0009
3.1546 3.1493 3.1538 0.0009
3.1546 3.1493 3.1538 0.0009
3.1546 3.1493 3.1538 0.0009
3.1546 3.1493 3.1538 0.0009
3.1546 3.1493 3.1539 0.0009
3.1546 3.1493 3.1539 0.0009
3.1546 3.1493 3.1539 0.0009
3.1546 3.1493 3.1539 0.0009
3.1546 3.1493 3.1539 0.0009
3.1546 3.1493 3.1539 0.0009
3.1546 3.1493 3.1539 0.0009
3.1546 3.1493 3.1539 0.0009
3.1546 3.1493 3.1539 0.0009
3.1546 3.1493 3.1539 0.0009
3.1546 3.1493 3.1539 0.0009
3.1546 3.1493 3.1539 0.0009
3.1546 3.1493 3.1539 0.0009
3.1546 3.1493 3.1539 0.0009
3.1546 3.1493 3.1539 0.0009
3.1546 3.1493 3.1539 0.0009
3.1546 3.1493 3.1539 0.0009
3.1546 3.1493 3.1539 0.0009
3.1546 3.1493 3.1539 0.0009
3.1546 3.1493 3.1539 0.0009
3.1546 3.1493 3.1539 0.0009
3.1546 3.1493 3.1539 0.0009
3.1546 3.1493 3.1539 0.0009
3.1546 3.1493 3.1539 0.0009
3.1546 3.1493 3.1539 0.0009
3.1546 3.1493 3.1539 0.0009
3.1546 3.1493 3.1539 0.0009
3.1546 3.1493 3.1539 0.0009
3.1546 3.1493 3.1539 0.0009
3.1546 3.1493 3.1539 0.0009
3.1546 3.1493 3.1539 0.0009
3.1546 3.1493 3.1539 0.0009
3.1546 3.1493 3.1539 0.0009
3.1546 3.1493 3.1539 0.0009
3.1546 3.1493 3.1539 0.0009
3.1546 3.1493 3.1539 0.0009
3.1546 3.1493 3.1539 0.0009
3.1546 3.1493 3.1539 0.0009
3.1546 3.1493 3.1539 0.0009
3.1546 3.1493 3.1539 0.0009
3.1546 3.1493 3.1539 0.0009
3.1546 3.1493 3.1539 0.0009
3.1546 3.1493 3.1539 0.0009
3.1546 3.1493 3.1539 0.0009
3.1546 3.1493 3.1539 0.0009
3.1546 3.1493 3.1539 0.0009
3.1546 3.1493 3.1539 0.0009
3.1546 3.1493 3.1539 0.0009
3.1546 3.1493 3.1539 0.0008
3.1546 3.1493 3.1540 0.0008
3.1546 3.1493 3.1540 0.0008
3.1546 3.1493 3.1540 0.0008
3.1546 3.1493 3.1540 0.0008
3.1546 3.1493 3.1540 0.0008
3.1546 3.1493 3.1540 0.0008
3.1546 3.1493 3.1540 0.0008
3.1546 3.1493 3.1540 0.0008
3.1546 3.1493 3.1540 0.0008
3.1546 3.1493 3.1540 0.0008
3.1546 3.1493 3.1540 0.0008
3.1546 3.1493 3.1540 0.0008
3.1546 3.1493 3.1540 0.0008
3.1546 3.1493 3.1540 0.0008
3.1546 3.1493 3.1540 0.0008
3.1546 3.1493 3.1540 0.0008
3.1546 3.1493 3.1540 0.0008
3.1546 3.1493 3.1540 0.0008
3.1546 3.1493 3.1540 0.0008
3.1546 3.1493 3.1540 0.0008
3.1546 3.1493 3.1540 0.0008
3.1546 3.1493 3.1540 0.0008
3.1546 3.1493 3.1540 0.0008
3.1546 3.1493 3.1540 0.0008
3.1546 3.1493 3.1540 0.0008
3.1546 3.1493 3.1540 0.0008
3.1546 3.1493 3.1540 0.0008
3.1546 3.1493 3.1540 0.0008
3.1546 3.1493 3.1540 0.0008
3.1546 3.1493 3.1540 0.0008
3.1546 3.1493 3.1540 0.0008
3.1546 3.1493 3.1540 0.0008
3.1546 3.1493 3.1540 0.0008
3.1546 3.1493 3.1540 0.0008
3.1546 3.1493 3.1540 0.0008
3.1546 3.1493 3.1540 0.0008
3.1546 3.1493 3.1540 0.0008
3.1546 3.1493 3.1540 0.0008
3.1546 3.1493 3.1540 0.0008
3.1546 3.1493 3.1540 0.0008
3.1546 3.1493 3.1540 0.0008
3.1546 3.1493 3.1540 0.0008
3.1546 3.1493 3.1540 0.0008
3.1546 3.1493 3.1540 0.0008
3.1546 3.1493 3.1540 0.0008
3.1546 3.1493 3.1541 0.0007
3.1546 3.1493 3.1541 0.0007
3.1546 3.1493 3.1541 0.0007
3.1546 3.1493 3.1541 0.0007
3.1546 3.1493 3.1541 0.0007
3.1546 3.1493 3.1541 0.0007
3.1546 3.1493 3.1541 0.0007
3.1546 3.1493 3.1541 0.0007
3.1546 3.1493 3.1541 0.0007
3.1546 3.1493 3.1541 0.0007
3.1546 3.1493 3.1541 0.0007
3.1546 3.1530 3.1541 0.0005
3.1546 3.1530 3.1541 0.0005
3.1546 3.1530 3.1541 0.0005
3.1546 3.1530 3.1541 0.0005
3.1546 3.1530 3.1541 0.0005
3.1546 3.1530 3.1541 0.0005
3.1546 3.1530 3.1541 0.0005
3.1546 3.1530 3.1542 0.0005
3.1546 3.1530 3.1542 0.0005
3.1546 3.1530 3.1542 0.0005
3.1546 3.1530 3.1542 0.0005
3.1546 3.1530 3.1542 0.0005
3.1546 3.1530 3.1542 0.0005
3.1546 3.1530 3.1542 0.0005
3.1546 3.1530 3.1542 0.0005
3.1546 3.1530 3.1542 0.0005
3.1546 3.1530 3.1542 0.0005
3.1546 3.1530 3.1542 0.0005
3.1546 3.1530 3.1542 0.0005
3.1546 3.1530 3.1542 0.0005
3.1546 3.1530 3.1542 0.0005
3.1546 3.1530 3.1542 0.0005
3.1546 3.1530 3.1542 0.0005
3.1546 3.1530 3.1542 0.0005
3.1546 3.1530 3.1542 0.0005
3.1546 3.1530 3.1542 0.0005
3.1546 3.1530 3.1542 0.0005
3.1546 3.1530 3.1542 0.0005
3.1546 3.1530 3.1542 0.0005
3.1546 3.1530 3.1542 0.0005
3.1546 3.1530 3.1542 0.0005
3.1546 3.1530 3.1542 0.0005
3.1546 3.1530 3.1542 0.0005
3.1546 3.1530 3.1542 0.0005
3.1546 3.1530 3.1542 0.0005
3.1546 3.1530 3.1542 0.0005
3.1546 3.1530 3.1542 0.0005
3.1546 3.1530 3.1542 0.0005
3.1546 3.1530 3.1542 0.0005
3.1546 3.1530 3.1542 0.0005
3.1546 3.1530 3.1542 0.0005
3.1546 3.1530 3.1542 0.0005
3.1546 3.1530 3.1542 0.0005
3.1546 3.1530 3.1542 0.0005
3.1546 3.1530 3.1542 0.0005
3.1546 3.1530 3.1542 0.0005
3.1546 3.1530 3.1542 0.0005
3.1546 3.1530 3.1542 0.0005
3.1546 3.1530 3.1542 0.0005
3.1546 3.1530 3.1543 0.0005
3.1546 3.1530 3.1543 0.0005
3.1546 3.1530 3.1543 0.0005
3.1546 3.1530 3.1543 0.0005
3.1546 3.1530 3.1543 0.0005
3.1546 3.1530 3.1543 0.0005
3.1546 3.1530 3.1543 0.0005
3.1546 3.1530 3.1543 0.0005
3.1546 3.1530 3.1543 0.0005
3.1546 3.1530 3.1543 0.0005
3.1546 3.1530 3.1543 0.0005
3.1546 3.1530 3.1543 0.0005
3.1572 3.1530 3.1543 0.0005
3.1572 3.1530 3.1543 0.0005
3.1572 3.1530 3.1543 0.0005
3.1572 3.1530 3.1543 0.0005
3.1572 3.1530 3.1543 0.0005
3.1572 3.1530 3.1543 0.0005
3.1572 3.1530 3.1543 0.0005
3.1572 3.1530 3.1543 0.0005
3.1572 3.1530 3.1543 0.0005
3.1572 3.1530 3.1543 0.0005
3.1572 3.1530 3.1543 0.0005
3.1572 3.1530 3.1543 0.0005
3.1572 3.1530 3.1543 0.0005
3.1572 3.1530 3.1543 0.0005
3.1572 3.1530 3.1543 0.0005
3.1572 3.1530 3.1543 0.0005
3.1572 3.1530 3.1543 0.0005
3.1572 3.1530 3.1543 0.0005
3.1572 3.1530 3.1543 0.0005
3.1572 3.1530 3.1543 0.0005
3.1572 3.1530 3.1543 0.0005
3.1572 3.1530 3.1543 0.0005
3.1572 3.1530 3.1543 0.0005
3.1572 3.1530 3.1543 0.0005
3.1572 3.1530 3.1543 0.0005
3.1572 3.1530 3.1543 0.0005
3.1572 3.1530 3.1543 0.0005
3.1572 3.1530 3.1543 0.0005
3.1572 3.1530 3.1543 0.0005
3.1572 3.1530 3.1543 0.0005
3.1572 3.1530 3.1543 0.0005
3.1572 3.1530 3.1543 0.0005
3.1572 3.1530 3.1543 0.0005
3.1572 3.1530 3.1543 0.0005
3.1572 3.1530 3.1544 0.0005
3.1572 3.1530 3.1544 0.0005
3.1572 3.1530 3.1544 0.0005
3.1572 3.1530 3.1544 0.0005
3.1572 3.1530 3.1544 0.0005
3.1572 3.1530 3.1544 0.0005
3.1572 3.1530 3.1544 0.0005
3.1572 3.1530 3.1544 0.0005
3.1572 3.1530 3.1544 0.0005
3.1572 3.1530 3.1544 0.0005
3.1572 3.1530 3.1544 0.0005
3.1572 3.1530 3.1544 0.0005
3.1572 3.1530 3.1544 0.0005
3.1572 3.1530 3.1544 0.0005
3.1572 3.1530 3.1544 0.0005
3.1572 3.1530 3.1544 0.0005
3.1572 3.1530 3.1544 0.0005
3.1572 3.1530 3.1544 0.0005
3.1572 3.1530 3.1544 0.0005
3.1572 3.1530 3.1544 0.0005
3.1572 3.1530 3.1544 0.0005
3.1572 3.1530 3.1544 0.0005
3.1572 3.1530 3.1544 0.0005
3.1572 3.1530 3.1544 0.0005
3.1572 3.1530 3.1544 0.0005
3.1572 3.1530 3.1544 0.0005
3.1572 3.1530 3.1544 0.0005
3.1572 3.1530 3.1544 0.0005
3.1572 3.1530 3.1544 0.0005
3.1572 3.1530 3.1544 0.0005
3.1572 3.1530 3.1544 0.0005
3.1572 3.1530 3.1544 0.0005
3.1572 3.1530 3.1544 0.0005
3.1572 3.1530 3.1544 0.0005
3.1572 3.1530 3.1544 0.0005
3.1572 3.1530 3.1544 0.0005
3.1572 3.1530 3.1544 0.0005
3.1572 3.1530 3.1544 0.0005
3.1572 3.1530 3.1544 0.0005
3.1572 3.1530 3.1544 0.0005
3.1572 3.1530 3.1544 0.0005
3.1572 3.1530 3.1544 0.0005
3.1572 3.1530 3.1544 0.0005
3.1572 3.1530 3.1544 0.0005
3.1572 3.1530 3.1544 0.0005
3.1572 3.1530 3.1544 0.0005
3.1572 3.1530 3.1544 0.0005
3.1572 3.1530 3.1544 0.0005
3.1572 3.1530 3.1544 0.0005
3.1572 3.1530 3.1544 0.0005
3.1572 3.1530 3.1544 0.0005
3.1572 3.1530 3.1544 0.0005
3.1572 3.1530 3.1544 0.0005
3.1572 3.1530 3.1544 0.0005
3.1572 3.1530 3.1544 0.0005
3.1572 3.1530 3.1544 0.0005
3.1572 3.1530 3.1544 0.0005
3.1572 3.1530 3.1544 0.0005
3.1572 3.1530 3.1544 0.0005
3.1572 3.1530 3.1544 0.0005
3.1572 3.1530 3.1544 0.0005
3.1572 3.1530 3.1544 0.0005
3.1572 3.1530 3.1544 0.0005
3.1572 3.1530 3.1544 0.0005
3.1572 3.1530 3.1544 0.0005
3.1572 3.1530 3.1544 0.0005
3.1572 3.1530 3.1544 0.0005
3.1572 3.1530 3.1544 0.0005
3.1572 3.1530 3.1544 0.0005
3.1572 3.1530 3.1544 0.0005
3.1572 3.1530 3.1544 0.0005
3.1572 3.1530 3.1544 0.0005
3.1572 3.1530 3.1544 0.0005
3.1572 3.1530 3.1544 0.0005
3.1572 3.1530 3.1544 0.0005
3.1572 3.1530 3.1544 0.0005
3.1572 3.1530 3.1544 0.0005
3.1572 3.1530 3.1544 0.0005
3.1572 3.1530 3.1544 0.0005
3.1572 3.1530 3.1544 0.0005
3.1572 3.1530 3.1544 0.0005
3.1572 3.1530 3.1544 0.0005
3.1572 3.1530 3.1544 0.0005
3.1572 3.1530 3.1544 0.0005
3.1572 3.1530 3.1544 0.0005
3.1572 3.1530 3.1544 0.0005
3.1572 3.1530 3.1544 0.0005
3.1572 3.1530 3.1544 0.0005
3.1572 3.1530 3.1544 0.0005
3.1572 3.1530 3.1544 0.0005
3.1572 3.1530 3.1544 0.0005
3.1572 3.1530 3.1544 0.0005
3.1572 3.1530 3.1544 0.0005
3.1572 3.1530 3.1544 0.0005
3.1572 3.1530 3.1544 0.0005
3.1572 3.1530 3.1545 0.0005
3.1572 3.1530 3.1545 0.0005
3.1572 3.1530 3.1545 0.0005
3.1572 3.1530 3.1545 0.0005
3.1572 3.1530 3.1545 0.0005
3.1572 3.1530 3.1545 0.0005
3.1572 3.1530 3.1545 0.0005
3.1572 3.1530 3.1545 0.0005
3.1572 3.1530 3.1545 0.0005
3.1572 3.1530 3.1545 0.0005
3.1572 3.1530 3.1545 0.0005
3.1572 3.1530 3.1545 0.0005
3.1572 3.1530 3.1545 0.0005
3.1572 3.1530 3.1545 0.0005
3.1572 3.1530 3.1545 0.0005
3.1572 3.1530 3.1545 0.0005
3.1572 3.1530 3.1545 0.0005
3.1572 3.1530 3.1545 0.0005
3.1572 3.1530 3.1545 0.0005
3.1572 3.1530 3.1545 0.0005
3.1572 3.1530 3.1545 0.0005
3.1572 3.1530 3.1545 0.0005
3.1572 3.1530 3.1545 0.0005
3.1572 3.1530 3.1545 0.0004
3.1572 3.1530 3.1545 0.0004
3.1572 3.1530 3.1545 0.0004
3.1572 3.1530 3.1545 0.0004
3.1572 3.1530 3.1545 0.0004
3.1572 3.1530 3.1545 0.0004
3.1572 3.1530 3.1545 0.0004
3.1572 3.1530 3.1545 0.0004
3.1572 3.1530 3.1545 0.0004
3.1572 3.1530 3.1545 0.0004
3.1572 3.1530 3.1545 0.0004
3.1572 3.1530 3.1545 0.0004
3.1572 3.1530 3.1545 0.0004
3.1572 3.1530 3.1545 0.0004
3.1572 3.1530 3.1545 0.0004
3.1572 3.1530 3.1545 0.0004
3.1572 3.1530 3.1545 0.0004
3.1572 3.1530 3.1545 0.0004
3.1572 3.1530 3.1545 0.0004
3.1572 3.1530 3.1545 0.0004
3.1572 3.1530 3.1545 0.0004
3.1572 3.1530 3.1545 0.0004
3.1572 3.1530 3.1545 0.0004
3.1572 3.1530 3.1545 0.0004
3.1572 3.1530 3.1545 0.0004
3.1572 3.1530 3.1545 0.0004
3.1572 3.1530 3.1545 0.0004
3.1572 3.1530 3.1545 0.0004
3.1572 3.1530 3.1545 0.0004
3.1572 3.1530 3.1545 0.0004
3.1572 3.1530 3.1545 0.0004
3.1572 3.1530 3.1545 0.0004
3.1572 3.1530 3.1545 0.0004
3.1572 3.1530 3.1545 0.0004
3.1572 3.1530 3.1545 0.0004
3.1572 3.1530 3.1545 0.0004
3.1572 3.1530 3.1545 0.0004
3.1572 3.1530 3.1545 0.0004
3.1572 3.1530 3.1546 0.0004
3.1572 3.1530 3.1546 0.0004
3.1572 3.1530 3.1546 0.0004
3.1572 3.1530 3.1546 0.0004
3.1572 3.1530 3.1546 0.0004
3.1572 3.1530 3.1546 0.0004
3.1572 3.1530 3.1546 0.0004
3.1572 3.1530 3.1546 0.0004
3.1572 3.1530 3.1546 0.0004
3.1572 3.1530 3.1546 0.0004
3.1572 3.1530 3.1546 0.0004
3.1572 3.1530 3.1546 0.0004
3.1572 3.1530 3.1546 0.0004
3.1572 3.1530 3.1546 0.0004
3.1572 3.1530 3.1546 0.0004
3.1572 3.1530 3.1546 0.0004
3.1572 3.1530 3.1546 0.0004
3.1572 3.1530 3.1546 0.0004
3.1572 3.1530 3.1546 0.0004
3.1572 3.1530 3.1546 0.0004
3.1572 3.1530 3.1546 0.0004
3.1572 3.1530 3.1546 0.0004
3.1572 3.1530 3.1546 0.0004
3.1572 3.1530 3.1546 0.0004
3.1572 3.1530 3.1546 0.0004
3.1572 3.1530 3.1546 0.0004
3.1572 3.1530 3.1546 0.0004
3.1572 3.1530 3.1546 0.0004
3.1572 3.1540 3.1546 0.0003
3.1572 3.1540 3.1546 0.0003
3.1572 3.1540 3.1546 0.0003
3.1572 3.1540 3.1546 0.0003
3.1572 3.1540 3.1546 0.0003
3.1572 3.1540 3.1546 0.0003
3.1572 3.1540 3.1546 0.0003
3.1572 3.1540 3.1546 0.0003
3.1572 3.1540 3.1546 0.0003
3.1572 3.1540 3.1546 0.0003
3.1572 3.1540 3.1546 0.0003
3.1572 3.1540 3.1546 0.0003
3.1572 3.1540 3.1546 0.0003
3.1572 3.1540 3.1546 0.0003
3.1572 3.1540 3.1546 0.0003
3.1572 3.1540 3.1546 0.0003
3.1572 3.1540 3.1546 0.0003
3.1572 3.1540 3.1546 0.0003
3.1572 3.1540 3.1546 0.0003
3.1572 3.1540 3.1546 0.0003
3.1572 3.1540 3.1546 0.0003
3.1572 3.1540 3.1546 0.0003
3.1572 3.1540 3.1546 0.0003
3.1572 3.1540 3.1546 0.0003
3.1572 3.1540 3.1546 0.0003
3.1572 3.1540 3.1546 0.0003
3.1572 3.1540 3.1546 0.0003
3.1572 3.1540 3.1546 0.0003
3.1572 3.1540 3.1546 0.0003
3.1572 3.1540 3.1546 0.0003
3.1572 3.1540 3.1546 0.0003
3.1572 3.1540 3.1546 0.0003
3.1572 3.1540 3.1546 0.0003
3.1572 3.1540 3.1546 0.0003
3.1572 3.1540 3.1546 0.0003
3.1572 3.1540 3.1546 0.0003
3.1572 3.1540 3.1546 0.0003
3.1572 3.1540 3.1546 0.0003
3.1572 3.1540 3.1546 0.0003
3.1572 3.1540 3.1546 0.0003
3.1572 3.1540 3.1546 0.0003
3.1572 3.1540 3.1546 0.0003
3.1572 3.1540 3.1546 0.0003
3.1572 3.1540 3.1546 0.0003
3.1572 3.1540 3.1546 0.0003
3.1572 3.1540 3.1546 0.0003
3.1572 3.1540 3.1546 0.0003
3.1572 3.1540 3.1546 0.0003
3.1572 3.1540 3.1546 0.0003
3.1572 3.1540 3.1546 0.0003
3.1572 3.1540 3.1546 0.0003
3.1572 3.1540 3.1546 0.0003
3.1572 3.1540 3.1546 0.0003
3.1572 3.1540 3.1546 0.0003
3.1572 3.1540 3.1546 0.0003
3.1572 3.1540 3.1546 0.0003
3.1572 3.1540 3.1546 0.0003
3.1572 3.1540 3.1546 0.0003
3.1572 3.1540 3.1546 0.0003
3.1572 3.1540 3.1546 0.0003
3.1572 3.1540 3.1546 0.0003
3.1572 3.1540 3.1546 0.0003
3.1572 3.1540 3.1546 0.0003
3.1572 3.1540 3.1546 0.0003
3.1572 3.1540 3.1546 0.0003
3.1572 3.1540 3.1546 0.0003
3.1572 3.1540 3.1546 0.0003
3.1572 3.1540 3.1546 0.0003
3.1572 3.1540 3.1546 0.0003
3.1572 3.1540 3.1546 0.0003
3.1572 3.1540 3.1546 0.0003
3.1572 3.1540 3.1546 0.0003
3.1572 3.1540 3.1546 0.0003
3.1572 3.1540 3.1546 0.0003
3.1572 3.1540 3.1546 0.0003
3.1572 3.1540 3.1546 0.0003
3.1572 3.1540 3.1547 0.0003
3.1572 3.1540 3.1547 0.0003
3.1572 3.1540 3.1547 0.0003
3.1572 3.1540 3.1547 0.0003
3.1572 3.1540 3.1547 0.0003
3.1572 3.1540 3.1547 0.0003
3.1572 3.1540 3.1547 0.0003
3.1572 3.1540 3.1547 0.0003
3.1572 3.1540 3.1547 0.0003
3.1572 3.1540 3.1547 0.0003
3.1572 3.1540 3.1547 0.0003
3.1572 3.1540 3.1547 0.0003
3.1572 3.1540 3.1547 0.0003
3.1572 3.1540 3.1547 0.0003
3.1572 3.1540 3.1547 0.0003
3.1572 3.1540 3.1547 0.0003
3.1572 3.1540 3.1547 0.0003
3.1572 3.1540 3.1547 0.0003
3.1572 3.1540 3.1547 0.0003
3.1572 3.1540 3.1547 0.0003
3.1572 3.1540 3.1547 0.0003
3.1572 3.1540 3.1547 0.0003
3.1572 3.1540 3.1547 0.0003
3.1572 3.1540 3.1547 0.0003
3.1572 3.1540 3.1547 0.0003
3.1572 3.1540 3.1547 0.0003
3.1572 3.1540 3.1547 0.0003
3.1572 3.1540 3.1547 0.0003
3.1572 3.1540 3.1547 0.0003
3.1572 3.1540 3.1547 0.0003
3.1572 3.1540 3.1547 0.0003
3.1572 3.1540 3.1547 0.0003
3.1572 3.1540 3.1547 0.0003
3.1572 3.1540 3.1547 0.0003
3.1572 3.1540 3.1547 0.0003
3.1572 3.1540 3.1547 0.0003
3.1572 3.1540 3.1547 0.0003
3.1572 3.1540 3.1547 0.0003
3.1572 3.1540 3.1547 0.0003
3.1572 3.1540 3.1547 0.0003
3.1572 3.1540 3.1547 0.0003
3.1572 3.1540 3.1547 0.0003
3.1572 3.1540 3.1547 0.0003
3.1588 3.1540 3.1547 0.0005
3.1588 3.1540 3.1547 0.0005
3.1588 3.1540 3.1547 0.0005
3.1588 3.1540 3.1547 0.0005
3.1588 3.1540 3.1547 0.0005
3.1588 3.1540 3.1547 0.0005
3.1588 3.1540 3.1547 0.0005
3.1588 3.1540 3.1547 0.0005
3.1588 3.1540 3.1547 0.0005
3.1588 3.1540 3.1547 0.0005
3.1588 3.1540 3.1547 0.0005
3.1588 3.1540 3.1547 0.0005
3.1588 3.1540 3.1547 0.0005
3.1588 3.1540 3.1547 0.0005
3.1588 3.1540 3.1547 0.0005
3.1588 3.1540 3.1547 0.0005
3.1588 3.1540 3.1547 0.0005
3.1588 3.1540 3.1547 0.0005
3.1588 3.1540 3.1547 0.0005
3.1588 3.1540 3.1547 0.0005
3.1588 3.1540 3.1547 0.0005
3.1588 3.1540 3.1547 0.0005
3.1588 3.1540 3.1547 0.0005
3.1588 3.1540 3.1547 0.0005
3.1588 3.1540 3.1547 0.0005
3.1588 3.1540 3.1547 0.0005
3.1588 3.1540 3.1547 0.0005
3.1588 3.1540 3.1547 0.0005
3.1588 3.1540 3.1547 0.0005
3.1588 3.1540 3.1548 0.0006
3.1588 3.1540 3.1548 0.0006
3.1588 3.1540 3.1548 0.0006
3.1588 3.1540 3.1548 0.0006
3.1588 3.1540 3.1548 0.0006
3.1588 3.1540 3.1548 0.0006
3.1588 3.1540 3.1548 0.0006
3.1588 3.1540 3.1548 0.0006
3.1588 3.1540 3.1548 0.0006
3.1588 3.1540 3.1548 0.0006
3.1588 3.1540 3.1548 0.0006
3.1588 3.1540 3.1548 0.0006
3.1588 3.1540 3.1548 0.0006
3.1588 3.1540 3.1548 0.0006
3.1588 3.1540 3.1548 0.0006
3.1588 3.1540 3.1548 0.0006
3.1588 3.1540 3.1548 0.0006
3.1588 3.1540 3.1548 0.0006
3.1588 3.1540 3.1548 0.0006
3.1588 3.1540 3.1548 0.0006
3.1588 3.1540 3.1548 0.0006
3.1588 3.1540 3.1548 0.0006
3.1588 3.1540 3.1548 0.0006
3.1588 3.1540 3.1548 0.0006
3.1588 3.1540 3.1548 0.0007
3.1588 3.1540 3.1548 0.0007
3.1588 3.1540 3.1548 0.0007
3.1588 3.1540 3.1548 0.0007
3.1588 3.1540 3.1548 0.0007
3.1588 3.1540 3.1548 0.0007
3.1588 3.1540 3.1548 0.0007
3.1588 3.1540 3.1548 0.0007
3.1588 3.1540 3.1548 0.0007
3.1588 3.1540 3.1548 0.0007
3.1588 3.1540 3.1548 0.0007
3.1588 3.1540 3.1549 0.0007
3.1588 3.1540 3.1549 0.0007
3.1588 3.1540 3.1549 0.0008
3.1588 3.1540 3.1549 0.0008
3.1588 3.1540 3.1549 0.0008
3.1588 3.1540 3.1549 0.0008
3.1588 3.1540 3.1549 0.0008
3.1588 3.1540 3.1549 0.0008
3.1588 3.1540 3.1549 0.0008
3.1588 3.1540 3.1549 0.0008
3.1588 3.1540 3.1549 0.0008
3.1588 3.1540 3.1549 0.0008
3.1588 3.1540 3.1549 0.0008
3.1588 3.1540 3.1549 0.0008
3.1588 3.1540 3.1549 0.0008
3.1588 3.1540 3.1549 0.0008
3.1588 3.1540 3.1549 0.0008
3.1588 3.1540 3.1549 0.0008
3.1588 3.1540 3.1549 0.0008
3.1588 3.1540 3.1549 0.0008
3.1588 3.1540 3.1549 0.0008
3.1588 3.1540 3.1549 0.0008
3.1588 3.1540 3.1549 0.0008
3.1588 3.1540 3.1549 0.0008
3.1588 3.1540 3.1549 0.0008
3.1588 3.1540 3.1549 0.0008
3.1588 3.1540 3.1549 0.0008
3.1588 3.1540 3.1549 0.0008
3.1588 3.1540 3.1549 0.0008
3.1588 3.1540 3.1549 0.0008
3.1588 3.1540 3.1549 0.0008
3.1588 3.1540 3.1549 0.0008
3.1588 3.1540 3.1549 0.0008
3.1588 3.1540 3.1549 0.0008
3.1588 3.1540 3.1549 0.0008
3.1588 3.1540 3.1549 0.0009
3.1588 3.1540 3.1550 0.0009
3.1588 3.1540 3.1550 0.0010
3.1588 3.1540 3.1550 0.0010
3.1588 3.1540 3.1550 0.0010
3.1588 3.1540 3.1550 0.0010
3.1588 3.1540 3.1550 0.0010
3.1588 3.1540 3.1550 0.0010
3.1588 3.1540 3.1550 0.0010
3.1588 3.1540 3.1550 0.0010
3.1588 3.1540 3.1550 0.0010
3.1588 3.1540 3.1550 0.0010
3.1588 3.1540 3.1550 0.0010
3.1588 3.1540 3.1550 0.0010
3.1588 3.1540 3.1550 0.0010
3.1588 3.1540 3.1550 0.0010
3.1588 3.1540 3.1550 0.0010
3.1588 3.1540 3.1550 0.0010
3.1588 3.1540 3.1550 0.0010
3.1588 3.1540 3.1550 0.0010
3.1588 3.1540 3.1550 0.0010
3.1588 3.1540 3.1550 0.0010
3.1588 3.1540 3.1550 0.0010
3.1588 3.1540 3.1550 0.0010
3.1588 3.1540 3.1550 0.0010
3.1588 3.1540 3.1550 0.0010
3.1588 3.1540 3.1550 0.0010
3.1588 3.1540 3.1550 0.0010
3.1588 3.1540 3.1550 0.0010
3.1588 3.1540 3.1550 0.0010
3.1588 3.1540 3.1550 0.0010
3.1588 3.1540 3.1550 0.0010
3.1588 3.1540 3.1550 0.0010
3.1588 3.1540 3.1550 0.0010
3.1588 3.1540 3.1550 0.0010
3.1588 3.1540 3.1550 0.0010
3.1588 3.1540 3.1550 0.0010
3.1588 3.1540 3.1550 0.0010
3.1588 3.1540 3.1550 0.0010
3.1588 3.1540 3.1551 0.0011
3.1588 3.1540 3.1551 0.0011
3.1588 3.1540 3.1551 0.0011
3.1588 3.1540 3.1551 0.0011
3.1588 3.1540 3.1551 0.0011
3.1588 3.1540 3.1551 0.0011
3.1588 3.1540 3.1551 0.0011
3.1588 3.1540 3.1551 0.0011
3.1588 3.1540 3.1551 0.0011
3.1588 3.1540 3.1551 0.0011
3.1588 3.1540 3.1551 0.0011
3.1588 3.1540 3.1551 0.0011
3.1588 3.1540 3.1551 0.0011
3.1588 3.1540 3.1551 0.0011
3.1588 3.1540 3.1551 0.0011
3.1588 3.1540 3.1551 0.0011
3.1588 3.1540 3.1551 0.0011
3.1588 3.1540 3.1551 0.0011
3.1588 3.1540 3.1551 0.0011
3.1588 3.1540 3.1551 0.0011
3.1588 3.1540 3.1552 0.0011
3.1588 3.1540 3.1552 0.0011
3.1588 3.1540 3.1552 0.0011
3.1588 3.1540 3.1552 0.0011
3.1588 3.1540 3.1552 0.0011
3.1588 3.1540 3.1552 0.0011
3.1588 3.1540 3.1552 0.0011
3.1588 3.1540 3.1552 0.0011
3.1588 3.1540 3.1552 0.0011
3.1588 3.1540 3.1552 0.0011
3.1588 3.1540 3.1552 0.0011
3.1588 3.1540 3.1552 0.0011
3.1588 3.1540 3.1552 0.0011
3.1588 3.1540 3.1552 0.0011
3.1588 3.1540 3.1552 0.0011
3.1588 3.1540 3.1552 0.0011
3.1588 3.1540 3.1552 0.0011
3.1588 3.1540 3.1552 0.0011
3.1588 3.1540 3.1552 0.0011
3.1588 3.1540 3.1552 0.0011
3.1588 3.1540 3.1552 0.0011
3.1588 3.1540 3.1552 0.0011
3.1588 3.1540 3.1552 0.0011
3.1588 3.1540 3.1552 0.0011
3.1588 3.1540 3.1552 0.0011
3.1588 3.1540 3.1552 0.0011
3.1588 3.1540 3.1552 0.0011
3.1588 3.1540 3.1552 0.0011
3.1588 3.1540 3.1552 0.0011
3.1588 3.1540 3.1552 0.0011
3.1588 3.1540 3.1552 0.0011
3.1588 3.1540 3.1552 0.0011
3.1588 3.1540 3.1552 0.0011
3.1588 3.1540 3.1552 0.0011
3.1588 3.1540 3.1552 0.0011
3.1588 3.1540 3.1552 0.0011
3.1588 3.1540 3.1552 0.0011
3.1588 3.1540 3.1552 0.0011
3.1588 3.1540 3.1552 0.0011
3.1588 3.1540 3.1552 0.0011
3.1588 3.1540 3.1552 0.0011
3.1588 3.1540 3.1552 0.0011
3.1588 3.1540 3.1553 0.0012
3.1588 3.1540 3.1553 0.0012
3.1588 3.1540 3.1553 0.0012
3.1588 3.1540 3.1553 0.0012
3.1588 3.1540 3.1553 0.0012
3.1588 3.1540 3.1553 0.0012
3.1588 3.1540 3.1553 0.0012
3.1588 3.1540 3.1553 0.0012
3.1588 3.1540 3.1553 0.0012
3.1588 3.1540 3.1553 0.0012
3.1588 3.1540 3.1553 0.0012
3.1591 3.1540 3.1553 0.0012
3.1591 3.1540 3.1553 0.0012
3.1591 3.1540 3.1553 0.0012
3.1591 3.1540 3.1553 0.0013
3.1591 3.1540 3.1553 0.0013
3.1591 3.1540 3.1553 0.0013
3.1591 3.1540 3.1553 0.0013
3.1591 3.1540 3.1553 0.0013
3.1591 3.1540 3.1553 0.0013
3.1591 3.1540 3.1553 0.0013
3.1591 3.1540 3.1553 0.0013
3.1591 3.1540 3.1554 0.0013
3.1591 3.1540 3.1554 0.0013
3.1591 3.1540 3.1554 0.0013
3.1591 3.1540 3.1554 0.0013
3.1591 3.1540 3.1554 0.0013
3.1591 3.1540 3.1554 0.0013
3.1591 3.1540 3.1554 0.0013
3.1591 3.1540 3.1554 0.0013
3.1591 3.1540 3.1554 0.0013
3.1591 3.1540 3.1554 0.0013
3.1591 3.1540 3.1554 0.0014
3.1591 3.1540 3.1554 0.0014
3.1591 3.1540 3.1554 0.0014
3.1591 3.1540 3.1554 0.0014
3.1591 3.1540 3.1554 0.0014
3.1591 3.1546 3.1554 0.0014
3.1591 3.1546 3.1554 0.0014
3.1591 3.1546 3.1554 0.0014
3.1591 3.1546 3.1554 0.0014
3.1591 3.1546 3.1554 0.0014
3.1591 3.1546 3.1554 0.0014
3.1591 3.1546 3.1554 0.0014
3.1591 3.1546 3.1554 0.0014
3.1591 3.1546 3.1555 0.0014
3.1591 3.1546 3.1555 0.0014
3.1591 3.1546 3.1555 0.0014
3.1591 3.1546 3.1555 0.0014
3.1591 3.1546 3.1555 0.0014
3.1591 3.1546 3.1555 0.0014
3.1591 3.1546 3.1555 0.0014
3.1591 3.1546 3.1555 0.0014
3.1591 3.1546 3.1555 0.0014
3.1591 3.1546 3.1555 0.0014
3.1591 3.1546 3.1555 0.0014
3.1591 3.1546 3.1555 0.0014
3.1591 3.1546 3.1555 0.0014
3.1591 3.1546 3.1555 0.0014
3.1591 3.1546 3.1555 0.0014
3.1591 3.1546 3.1555 0.0014
3.1591 3.1546 3.1556 0.0014
3.1591 3.1546 3.1556 0.0014
3.1591 3.1546 3.1556 0.0014
3.1591 3.1546 3.1556 0.0014
3.1591 3.1546 3.1556 0.0014
3.1591 3.1546 3.1556 0.0014
3.1591 3.1546 3.1556 0.0014
3.1591 3.1546 3.1556 0.0015
3.1591 3.1546 3.1556 0.0015
3.1591 3.1546 3.1556 0.0015
3.1591 3.1546 3.1556 0.0015
3.1591 3.1546 3.1556 0.0015
3.1591 3.1546 3.1556 0.0015
3.1591 3.1546 3.1556 0.0015
3.1591 3.1546 3.1556 0.0015
3.1591 3.1546 3.1556 0.0015
3.1591 3.1546 3.1556 0.0015
3.1591 3.1546 3.1556 0.0015
3.1591 3.1546 3.1556 0.0015
3.1591 3.1546 3.1556 0.0015
3.1591 3.1546 3.1556 0.0015
3.1591 3.1546 3.1556 0.0015
3.1591 3.1546 3.1556 0.0015
3.1591 3.1546 3.1556 0.0015
3.1591 3.1546 3.1556 0.0015
3.1591 3.1546 3.1556 0.0015
3.1591 3.1546 3.1556 0.0015
3.1591 3.1546 3.1556 0.0015
3.1591 3.1546 3.1556 0.0015
3.1591 3.1546 3.1556 0.0015
3.1591 3.1546 3.1557 0.0015
3.1591 3.1546 3.1557 0.0015
3.1591 3.1546 3.1557 0.0015
3.1591 3.1546 3.1557 0.0015
3.1591 3.1546 3.1557 0.0015
3.1591 3.1546 3.1557 0.0015
3.1591 3.1546 3.1557 0.0015
3.1591 3.1546 3.1557 0.0015
3.1591 3.1546 3.1557 0.0015
3.1591 3.1546 3.1557 0.0015
3.1591 3.1546 3.1557 0.0015
3.1591 3.1546 3.1558 0.0016
3.1591 3.1546 3.1558 0.0016
3.1591 3.1546 3.1558 0.0016
3.1591 3.1546 3.1558 0.0016
3.1591 3.1546 3.1558 0.0016
3.1591 3.1546 3.1558 0.0016
3.1591 3.1546 3.1558 0.0016
3.1591 3.1546 3.1558 0.0016
3.1591 3.1546 3.1558 0.0016
3.1591 3.1546 3.1558 0.0016
3.1591 3.1546 3.1558 0.0016
3.1591 3.1546 3.1558 0.0016
3.1591 3.1546 3.1558 0.0016
3.1591 3.1546 3.1558 0.0016
3.1591 3.1546 3.1558 0.0016
3.1591 3.1546 3.1558 0.0016
3.1591 3.1546 3.1558 0.0016
3.1591 3.1546 3.1558 0.0016
3.1591 3.1546 3.1558 0.0016
3.1591 3.1546 3.1558 0.0016
3.1591 3.1546 3.1558 0.0016
3.1591 3.1546 3.1558 0.0016
3.1591 3.1546 3.1558 0.0016
3.1591 3.1546 3.1558 0.0016
3.1591 3.1546 3.1558 0.0016
3.1591 3.1546 3.1558 0.0016
3.1591 3.1546 3.1558 0.0016
3.1591 3.1546 3.1558 0.0016
3.1591 3.1546 3.1558 0.0016
3.1591 3.1546 3.1558 0.0016
3.1591 3.1546 3.1558 0.0016
3.1591 3.1546 3.1558 0.0016
3.1591 3.1546 3.1558 0.0016
3.1591 3.1546 3.1558 0.0016
3.1591 3.1546 3.1558 0.0016
3.1591 3.1546 3.1559 0.0016
3.1591 3.1546 3.1559 0.0016
3.1591 3.1546 3.1559 0.0016
3.1591 3.1546 3.1559 0.0016
3.1591 3.1546 3.1559 0.0016
3.1591 3.1546 3.1559 0.0016
3.1591 3.1546 3.1559 0.0016
3.1591 3.1546 3.1559 0.0016
3.1591 3.1546 3.1559 0.0016
3.1591 3.1546 3.1559 0.0016
3.1591 3.1546 3.1559 0.0016
3.1591 3.1546 3.1559 0.0016
3.1591 3.1546 3.1559 0.0016
3.1591 3.1546 3.1559 0.0016
3.1591 3.1546 3.1559 0.0016
3.1591 3.1546 3.1559 0.0016
3.1591 3.1546 3.1559 0.0016
3.1591 3.1546 3.1559 0.0016
3.1591 3.1546 3.1559 0.0016
3.1591 3.1546 3.1559 0.0016
3.1591 3.1546 3.1559 0.0016
3.1591 3.1546 3.1559 0.0016
3.1591 3.1546 3.1560 0.0017
3.1591 3.1546 3.1560 0.0017
3.1614 3.1546 3.1561 0.0018
3.1614 3.1546 3.1561 0.0018
3.1614 3.1546 3.1561 0.0018
3.1614 3.1546 3.1561 0.0018
3.1614 3.1546 3.1561 0.0018
3.1614 3.1546 3.1562 0.0018
3.1614 3.1546 3.1562 0.0018
3.1614 3.1546 3.1562 0.0018
3.1614 3.1546 3.1562 0.0018
3.1614 3.1546 3.1562 0.0018
3.1614 3.1546 3.1562 0.0018
3.1614 3.1546 3.1562 0.0018
3.1614 3.1546 3.1562 0.0018
3.1614 3.1546 3.1562 0.0018
3.1614 3.1546 3.1562 0.0018
3.1614 3.1546 3.1562 0.0018
3.1614 3.1546 3.1562 0.0018
3.1614 3.1546 3.1562 0.0018
3.1614 3.1546 3.1562 0.0018
3.1614 3.1546 3.1562 0.0018
3.1614 3.1546 3.1562 0.0019
3.1614 3.1546 3.1563 0.0019
3.1614 3.1546 3.1563 0.0019
3.1614 3.1546 3.1563 0.0019
3.1614 3.1546 3.1563 0.0019
3.1614 3.1546 3.1563 0.0019
3.1614 3.1546 3.1563 0.0019
3.1614 3.1546 3.1563 0.0019
3.1614 3.1546 3.1563 0.0019
3.1614 3.1546 3.1563 0.0019
3.1614 3.1546 3.1563 0.0019
3.1614 3.1546 3.1563 0.0019
3.1614 3.1546 3.1564 0.0019
3.1614 3.1546 3.1564 0.0019
3.1614 3.1546 3.1564 0.0019
3.1614 3.1546 3.1564 0.0019
3.1614 3.1546 3.1564 0.0019
3.1614 3.1546 3.1564 0.0019
3.1614 3.1546 3.1564 0.0019
3.1614 3.1546 3.1564 0.0019
3.1614 3.1546 3.1564 0.0019
3.1614 3.1546 3.1564 0.0019
3.1614 3.1546 3.1564 0.0019
3.1614 3.1546 3.1564 0.0019
3.1614 3.1546 3.1564 0.0019
3.1614 3.1546 3.1564 0.0019
3.1614 3.1546 3.1564 0.0019
3.1614 3.1546 3.1565 0.0019
3.1614 3.1546 3.1565 0.0019
3.1614 3.1546 3.1565 0.0019
3.1614 3.1546 3.1565 0.0019
3.1614 3.1546 3.1565 0.0019
3.1614 3.1546 3.1565 0.0019
3.1614 3.1546 3.1565 0.0019
3.1614 3.1546 3.1565 0.0019
3.1614 3.1546 3.1565 0.0019
3.1614 3.1546 3.1565 0.0019
3.1614 3.1546 3.1565 0.0019
3.1614 3.1546 3.1565 0.0019
3.1614 3.1546 3.1565 0.0019
3.1614 3.1546 3.1565 0.0019
3.1614 3.1546 3.1566 0.0020
3.1614 3.1546 3.1566 0.0020
3.1614 3.1546 3.1566 0.0021
3.1614 3.1546 3.1566 0.0021
3.1614 3.1546 3.1566 0.0021
3.1614 3.1546 3.1566 0.0021
3.1614 3.1546 3.1566 0.0021
3.1614 3.1546 3.1567 0.0021
3.1614 3.1546 3.1567 0.0021
3.1614 3.1546 3.1567 0.0021
3.1614 3.1546 3.1567 0.0021
3.1614 3.1546 3.1567 0.0021
3.1614 3.1546 3.1567 0.0021
3.1614 3.1546 3.1567 0.0021
3.1614 3.1546 3.1567 0.0021
3.1614 3.1546 3.1567 0.0021
3.1614 3.1546 3.1567 0.0021
3.1614 3.1546 3.1567 0.0021
3.1614 3.1546 3.1568 0.0021
3.1614 3.1546 3.1568 0.0021
3.1614 3.1546 3.1568 0.0021
3.1614 3.1546 3.1568 0.0021
3.1614 3.1546 3.1568 0.0021
3.1614 3.1546 3.1568 0.0021
3.1614 3.1546 3.1568 0.0021
3.1614 3.1546 3.1568 0.0021
3.1614 3.1546 3.1568 0.0021
3.1614 3.1546 3.1568 0.0021
3.1614 3.1546 3.1568 0.0021
3.1614 3.1546 3.1568 0.0021
3.1614 3.1546 3.1568 0.0021
3.1614 3.1546 3.1568 0.0021
3.1614 3.1546 3.1568 0.0021
3.1614 3.1546 3.1568 0.0021
3.1614 3.1546 3.1568 0.0021
3.1614 3.1546 3.1568 0.0021
3.1614 3.1546 3.1568 0.0021
3.1614 3.1546 3.1569 0.0021
3.1614 3.1546 3.1569 0.0021
3.1614 3.1546 3.1569 0.0021
3.1614 3.1546 3.1569 0.0021
3.1614 3.1546 3.1569 0.0021
3.1614 3.1546 3.1569 0.0021
3.1614 3.1546 3.1569 0.0021
3.1614 3.1546 3.1569 0.0021
3.1614 3.1546 3.1569 0.0021
3.1614 3.1546 3.1569 0.0021
3.1614 3.1546 3.1569 0.0021
3.1614 3.1546 3.1569 0.0021
3.1614 3.1546 3.1569 0.0021
3.1614 3.1546 3.1570 0.0021
3.1614 3.1546 3.1570 0.0021
3.1614 3.1546 3.1570 0.0022
3.1614 3.1546 3.1570 0.0022
3.1614 3.1546 3.1570 0.0022
3.1614 3.1546 3.1570 0.0022
3.1614 3.1546 3.1571 0.0022
3.1614 3.1546 3.1571 0.0022
3.1614 3.1546 3.1571 0.0022
3.1614 3.1546 3.1571 0.0022
3.1614 3.1546 3.1571 0.0022
3.1614 3.1546 3.1571 0.0022
3.1614 3.1546 3.1571 0.0022
3.1614 3.1546 3.1571 0.0022
3.1614 3.1546 3.1571 0.0022
3.1614 3.1546 3.1571 0.0022
3.1614 3.1546 3.1571 0.0022
3.1614 3.1546 3.1571 0.0022
3.1614 3.1546 3.1571 0.0022
3.1614 3.1546 3.1571 0.0022
3.1614 3.1546 3.1571 0.0022
3.1614 3.1546 3.1572 0.0022
3.1614 3.1546 3.1572 0.0022
3.1614 3.1546 3.1572 0.0022
3.1614 3.1546 3.1572 0.0022
3.1614 3.1546 3.1572 0.0022
3.1614 3.1546 3.1572 0.0022
3.1614 3.1546 3.1572 0.0022
3.1614 3.1546 3.1572 0.0022
3.1614 3.1546 3.1572 0.0022
3.1617 3.1546 3.1572 0.0022
3.1617 3.1546 3.1572 0.0022
3.1617 3.1546 3.1572 0.0022
3.1617 3.1546 3.1572 0.0022
3.1617 3.1546 3.1572 0.0022
3.1617 3.1546 3.1572 0.0022
3.1617 3.1546 3.1572 0.0022
3.1617 3.1546 3.1572 0.0022
3.1617 3.1546 3.1572 0.0022
3.1617 3.1546 3.1572 0.0022
3.1617 3.1546 3.1573 0.0022
3.1617 3.1546 3.1573 0.0022
3.1617 3.1546 3.1573 0.0022
3.1617 3.1546 3.1573 0.0022
3.1617 3.1546 3.1573 0.0022
3.1617 3.1546 3.1573 0.0022
3.1617 3.1546 3.1573 0.0022
3.1617 3.1546 3.1573 0.0022
3.1617 3.1546 3.1573 0.0022
3.1617 3.1546 3.1574 0.0022
3.1617 3.1546 3.1574 0.0022
3.1617 3.1546 3.1574 0.0022
3.1617 3.1546 3.1574 0.0022
3.1617 3.1546 3.1574 0.0022
3.1617 3.1546 3.1574 0.0022
3.1617 3.1546 3.1574 0.0022
3.1617 3.1546 3.1575 0.0022
3.1617 3.1546 3.1575 0.0022
3.1617 3.1546 3.1575 0.0022
3.1617 3.1546 3.1575 0.0022
3.1617 3.1546 3.1575 0.0022
3.1617 3.1546 3.1575 0.0022
3.1617 3.1546 3.1575 0.0022
3.1617 3.1546 3.1575 0.0022
3.1617 3.1546 3.1575 0.0022
3.1617 3.1546 3.1575 0.0022
3.1617 3.1546 3.1575 0.0022
3.1617 3.1546 3.1575 0.0022
3.1617 3.1546 3.1575 0.0022
3.1617 3.1546 3.1576 0.0022
3.1617 3.1546 3.1576 0.0022
3.1617 3.1546 3.1576 0.0022
3.1617 3.1546 3.1576 0.0022
3.1617 3.1546 3.1576 0.0022
3.1617 3.1546 3.1576 0.0022
3.1617 3.1546 3.1576 0.0022
3.1617 3.1546 3.1576 0.0022
3.1617 3.1546 3.1576 0.0022
3.1617 3.1546 3.1576 0.0022
3.1617 3.1546 3.1576 0.0022
3.1617 3.1546 3.1576 0.0022
3.1617 3.1546 3.1577 0.0022
3.1617 3.1546 3.1577 0.0022
3.1617 3.1546 3.1577 0.0022
3.1617 3.1546 3.1577 0.0022
3.1617 3.1546 3.1577 0.0022
3.1617 3.1546 3.1577 0.0022
3.1617 3.1546 3.1577 0.0022
3.1617 3.1546 3.1577 0.0022
3.1617 3.1546 3.1577 0.0022
3.1617 3.1546 3.1577 0.0022
3.1617 3.1546 3.1577 0.0022
3.1617 3.1546 3.1577 0.0022
3.1617 3.1546 3.1577 0.0022
3.1617 3.1546 3.1577 0.0022
3.1617 3.1546 3.1578 0.0021
3.1617 3.1546 3.1578 0.0021
3.1617 3.1546 3.1578 0.0021
3.1617 3.1546 3.1578 0.0021
3.1617 3.1546 3.1578 0.0021
3.1617 3.1546 3.1578 0.0021
3.1617 3.1546 3.1578 0.0021
3.1617 3.1546 3.1578 0.0021
3.1617 3.1546 3.1578 0.0021
3.1617 3.1546 3.1578 0.0021
3.1617 3.1546 3.1578 0.0021
3.1617 3.1546 3.1579 0.0022
3.1617 3.1546 3.1579 0.0022
3.1617 3.1546 3.1579 0.0022
3.1617 3.1546 3.1579 0.0022
3.1617 3.1546 3.1579 0.0022
3.1617 3.1546 3.1579 0.0022
3.1617 3.1546 3.1579 0.0022
3.1617 3.1546 3.1579 0.0022
3.1617 3.1546 3.1579 0.0022
3.1617 3.1546 3.1579 0.0021
3.1617 3.1546 3.1579 0.0021
3.1617 3.1546 3.1580 0.0021
3.1617 3.1546 3.1580 0.0021
3.1617 3.1546 3.1580 0.0021
3.1617 3.1546 3.1580 0.0021
3.1617 3.1546 3.1580 0.0021
3.1617 3.1546 3.1580 0.0021
3.1617 3.1546 3.1580 0.0021
3.1617 3.1546 3.1580 0.0021
3.1617 3.1546 3.1580 0.0021
3.1617 3.1546 3.1580 0.0021
3.1617 3.1546 3.1580 0.0021
3.1617 3.1546 3.1580 0.0021
3.1617 3.1546 3.1580 0.0021
3.1617 3.1546 3.1580 0.0021
3.1617 3.1546 3.1581 0.0021
3.1617 3.1546 3.1581 0.0021
3.1617 3.1546 3.1581 0.0021
3.1617 3.1546 3.1581 0.0021
3.1617 3.1546 3.1581 0.0021
3.1617 3.1546 3.1581 0.0021
3.1617 3.1546 3.1581 0.0021
3.1617 3.1546 3.1581 0.0021
3.1617 3.1546 3.1581 0.0021
3.1617 3.1546 3.1581 0.0021
3.1617 3.1546 3.1581 0.0021
3.1617 3.1546 3.1581 0.0021
3.1617 3.1546 3.1581 0.0021
3.1617 3.1546 3.1581 0.0021
3.1617 3.1546 3.1581 0.0021
3.1617 3.1546 3.1581 0.0021
3.1617 3.1546 3.1581 0.0020
3.1617 3.1546 3.1581 0.0020
3.1617 3.1546 3.1581 0.0020
3.1617 3.1546 3.1582 0.0020
3.1617 3.1546 3.1582 0.0020
3.1617 3.1546 3.1582 0.0020
3.1617 3.1546 3.1583 0.0020
3.1617 3.1546 3.1583 0.0020
3.1617 3.1546 3.1583 0.0020
3.1617 3.1546 3.1583 0.0020
3.1617 3.1546 3.1583 0.0020
3.1617 3.1546 3.1583 0.0020
3.1617 3.1546 3.1584 0.0019
3.1617 3.1546 3.1584 0.0019
3.1617 3.1546 3.1584 0.0019
3.1617 3.1546 3.1584 0.0019
3.1617 3.1546 3.1584 0.0019
3.1617 3.1546 3.1584 0.0020
3.1617 3.1546 3.1584 0.0020
3.1617 3.1546 3.1584 0.0020
3.1617 3.1546 3.1584 0.0020
3.1617 3.1546 3.1584 0.0020
3.1617 3.1546 3.1584 0.0020
3.1617 3.1546 3.1584 0.0020
3.1617 3.1546 3.1584 0.0020
3.1617 3.1546 3.1585 0.0020
3.1617 3.1546 3.1585 0.0020
3.1617 3.1546 3.1585 0.0020
3.1617 3.1546 3.1585 0.0020
3.1617 3.1546 3.1585 0.0020
3.1617 3.1546 3.1585 0.0019
3.1617 3.1546 3.1585 0.0019
3.1617 3.1546 3.1585 0.0019
3.1617 3.1546 3.1585 0.0019
3.1617 3.1546 3.1585 0.0019
3.1617 3.1546 3.1585 0.0019
3.1617 3.1546 3.1585 0.0020
3.1617 3.1546 3.1585 0.0020
3.1617 3.1546 3.1585 0.0020
3.1617 3.1546 3.1585 0.0020
3.1617 3.1546 3.1585 0.0020
3.1617 3.1546 3.1586 0.0020
3.1617 3.1546 3.1586 0.0020
3.1617 3.1546 3.1586 0.0020
3.1617 3.1546 3.1586 0.0020
3.1617 3.1546 3.1586 0.0020
3.1617 3.1546 3.1586 0.0020
3.1617 3.1546 3.1586 0.0020
3.1617 3.1546 3.1586 0.0020
3.1617 3.1546 3.1586 0.0020
3.1617 3.1546 3.1586 0.0020
3.1617 3.1546 3.1586 0.0020
3.1617 3.1546 3.1586 0.0020
3.1617 3.1546 3.1586 0.0020
3.1617 3.1546 3.1586 0.0020
3.1617 3.1546 3.1586 0.0020
3.1617 3.1546 3.1586 0.0020
3.1617 3.1546 3.1587 0.0020
3.1617 3.1546 3.1587 0.0020
3.1617 3.1546 3.1587 0.0020
3.1617 3.1546 3.1587 0.0020
3.1617 3.1546 3.1587 0.0020
3.1617 3.1546 3.1587 0.0020
3.1617 3.1546 3.1587 0.0020
3.1617 3.1546 3.1587 0.0020
3.1617 3.1546 3.1588 0.0020
3.1617 3.1546 3.1588 0.0020
3.1617 3.1546 3.1588 0.0020
3.1617 3.1546 3.1588 0.0020
3.1617 3.1546 3.1588 0.0020
3.1617 3.1546 3.1589 0.0020
3.1617 3.1546 3.1589 0.0020
3.1617 3.1546 3.1589 0.0020
3.1617 3.1546 3.1589 0.0020
3.1617 3.1546 3.1589 0.0020
3.1617 3.1546 3.1589 0.0020
3.1617 3.1546 3.1589 0.0020
3.1617 3.1546 3.1589 0.0020
3.1617 3.1546 3.1589 0.0020
3.1617 3.1546 3.1589 0.0020
3.1617 3.1546 3.1589 0.0020
3.1617 3.1546 3.1589 0.0020
3.1617 3.1546 3.1589 0.0020
3.1617 3.1546 3.1589 0.0020
3.1617 3.1546 3.1590 0.0020
3.1626 3.1546 3.1590 0.0021
3.1626 3.1546 3.1590 0.0021
3.1626 3.1546 3.1590 0.0021
3.1626 3.1546 3.1590 0.0021
3.1626 3.1546 3.1590 0.0021
3.1626 3.1546 3.1590 0.0021
3.1626 3.1546 3.1590 0.0021
3.1626 3.1546 3.1590 0.0021
3.1626 3.1546 3.1591 0.0021
3.1626 3.1546 3.1591 0.0021
3.1626 3.1546 3.1591 0.0021
3.1626 3.1546 3.1591 0.0021
3.1626 3.1546 3.1591 0.0021
3.1626 3.1546 3.1591 0.0021
3.1626 3.1546 3.1591 0.0021
3.1626 3.1546 3.1591 0.0021
3.1626 3.1546 3.1591 0.0021
3.1626 3.1546 3.1591 0.0021
3.1626 3.1546 3.1592 0.0021
3.1626 3.1546 3.1592 0.0021
3.1626 3.1546 3.1592 0.0021
3.1626 3.1546 3.1592 0.0021
3.1626 3.1546 3.1592 0.0021
3.1626 3.1546 3.1592 0.0021
3.1626 3.1546 3.1592 0.0021
3.1626 3.1546 3.1592 0.0021
3.1626 3.1546 3.1592 0.0021
3.1626 3.1546 3.1593 0.0021
3.1626 3.1546 3.1593 0.0021
3.1626 3.1546 3.1593 0.0021
3.1626 3.1546 3.1593 0.0021
3.1626 3.1546 3.1593 0.0020
3.1626 3.1546 3.1593 0.0020
3.1626 3.1546 3.1593 0.0020
3.1626 3.1546 3.1593 0.0020
3.1626 3.1546 3.1593 0.0020
3.1626 3.1546 3.1593 0.0020
3.1626 3.1546 3.1593 0.0020
3.1626 3.1546 3.1593 0.0020
3.1626 3.1546 3.1593 0.0020
3.1626 3.1546 3.1593 0.0020
3.1626 3.1546 3.1593 0.0020
3.1626 3.1546 3.1593 0.0020
3.1626 3.1546 3.1593 0.0020
3.1626 3.1546 3.1594 0.0020
3.1626 3.1546 3.1594 0.0021
3.1626 3.1546 3.1594 0.0021
3.1626 3.1546 3.1594 0.0020
3.1626 3.1546 3.1594 0.0020
3.1626 3.1546 3.1594 0.0020
3.1626 3.1546 3.1594 0.0020
3.1626 3.1546 3.1594 0.0020
3.1626 3.1546 3.1594 0.0020
3.1626 3.1546 3.1594 0.0020
3.1626 3.1546 3.1594 0.0020
3.1626 3.1546 3.1594 0.0020
3.1626 3.1546 3.1594 0.0020
3.1626 3.1546 3.1594 0.0020
3.1626 3.1546 3.1594 0.0020
3.1626 3.1546 3.1594 0.0020
3.1626 3.1546 3.1595 0.0020
3.1626 3.1546 3.1595 0.0020
3.1626 3.1546 3.1595 0.0020
3.1626 3.1546 3.1595 0.0020
3.1626 3.1546 3.1595 0.0020
3.1626 3.1546 3.1595 0.0020
3.1626 3.1546 3.1595 0.0020
3.1626 3.1546 3.1595 0.0020
3.1626 3.1546 3.1595 0.0020
3.1626 3.1546 3.1595 0.0020
3.1626 3.1546 3.1595 0.0020
3.1626 3.1546 3.1595 0.0020
3.1626 3.1546 3.1595 0.0020
3.1626 3.1546 3.1595 0.0020
3.1626 3.1546 3.1595 0.0020
3.1626 3.1546 3.1595 0.0020
3.1626 3.1546 3.1595 0.0020
3.1626 3.1546 3.1595 0.0020
3.1626 3.1546 3.1596 0.0020
3.1626 3.1546 3.1596 0.0020
3.1626 3.1546 3.1596 0.0020
3.1626 3.1546 3.1596 0.0020
3.1626 3.1546 3.1596 0.0020
3.1626 3.1546 3.1596 0.0020
3.1626 3.1546 3.1596 0.0020
3.1626 3.1546 3.1596 0.0020
3.1626 3.1546 3.1596 0.0020
3.1626 3.1546 3.1596 0.0020
3.1626 3.1546 3.1596 0.0020
3.1626 3.1546 3.1596 0.0020
3.1626 3.1546 3.1596 0.0020
3.1626 3.1546 3.1596 0.0020
3.1626 3.1546 3.1596 0.0020
3.1626 3.1546 3.1596 0.0020
3.1626 3.1546 3.1596 0.0020
3.1626 3.1546 3.1596 0.0020
3.1626 3.1546 3.1596 0.0020
3.1626 3.1546 3.1596 0.0020
3.1626 3.1546 3.1596 0.0020
3.1626 3.1546 3.1596 0.0020
3.1626 3.1546 3.1596 0.0020
3.1626 3.1546 3.1596 0.0020
3.1626 3.1546 3.1597 0.0020
3.1626 3.1546 3.1597 0.0020
3.1626 3.1546 3.1597 0.0020
3.1626 3.1546 3.1597 0.0020
3.1626 3.1546 3.1597 0.0020
3.1626 3.1546 3.1598 0.0020
3.1626 3.1546 3.1598 0.0020
3.1626 3.1546 3.1598 0.0020
3.1626 3.1546 3.1598 0.0020
3.1626 3.1546 3.1598 0.0020
3.1626 3.1546 3.1598 0.0020
3.1626 3.1546 3.1598 0.0020
3.1626 3.1546 3.1598 0.0020
3.1626 3.1546 3.1598 0.0020
3.1626 3.1546 3.1598 0.0020
3.1626 3.1546 3.1598 0.0020
3.1626 3.1546 3.1598 0.0020
3.1626 3.1546 3.1598 0.0020
3.1626 3.1546 3.1598 0.0020
3.1626 3.1546 3.1598 0.0019
3.1626 3.1546 3.1598 0.0019
3.1626 3.1546 3.1599 0.0019
3.1626 3.1546 3.1599 0.0019
3.1626 3.1546 3.1599 0.0019
3.1626 3.1546 3.1599 0.0019
3.1626 3.1546 3.1599 0.0020
3.1626 3.1546 3.1600 0.0020
3.1626 3.1546 3.1600 0.0020
3.1626 3.1546 3.1600 0.0020
3.1626 3.1546 3.1600 0.0020
3.1626 3.1546 3.1600 0.0019
3.1626 3.1546 3.1600 0.0018
3.1626 3.1546 3.1600 0.0018
3.1626 3.1546 3.1600 0.0018
3.1626 3.1546 3.1600 0.0018
3.1626 3.1546 3.1600 0.0018
3.1626 3.1546 3.1600 0.0018
3.1626 3.1546 3.1601 0.0018
3.1626 3.1546 3.1601 0.0018
3.1626 3.1546 3.1601 0.0018
3.1626 3.1546 3.1601 0.0018
3.1626 3.1546 3.1601 0.0018
3.1626 3.1546 3.1601 0.0018
3.1626 3.1546 3.1601 0.0018
3.1626 3.1546 3.1601 0.0018
3.1626 3.1546 3.1601 0.0018
3.1626 3.1546 3.1601 0.0018
3.1626 3.1546 3.1602 0.0018
3.1626 3.1546 3.1602 0.0018
3.1626 3.1546 3.1602 0.0018
3.1626 3.1546 3.1602 0.0018
3.1626 3.1546 3.1602 0.0018
3.1626 3.1546 3.1602 0.0018
3.1626 3.1546 3.1602 0.0018
3.1626 3.1546 3.1602 0.0018
3.1626 3.1546 3.1602 0.0018
3.1626 3.1546 3.1602 0.0018
3.1626 3.1546 3.1602 0.0018
3.1626 3.1546 3.1602 0.0018
3.1626 3.1546 3.1602 0.0018
3.1626 3.1546 3.1602 0.0018
3.1626 3.1546 3.1602 0.0018
3.1626 3.1546 3.1603 0.0018
3.1626 3.1546 3.1603 0.0018
3.1626 3.1546 3.1603 0.0018
3.1626 3.1546 3.1603 0.0018
3.1626 3.1546 3.1603 0.0018
3.1626 3.1546 3.1603 0.0018
3.1626 3.1546 3.1603 0.0018
3.1626 3.1546 3.1603 0.0018
3.1626 3.1546 3.1603 0.0018
3.1626 3.1546 3.1603 0.0018
3.1626 3.1546 3.1604 0.0017
3.1626 3.1546 3.1604 0.0017
3.1626 3.1546 3.1604 0.0017
3.1626 3.1546 3.1604 0.0017
3.1626 3.1546 3.1604 0.0017
3.1626 3.1546 3.1604 0.0017
3.1626 3.1546 3.1604 0.0017
3.1626 3.1546 3.1604 0.0017
3.1626 3.1546 3.1605 0.0017
3.1626 3.1546 3.1605 0.0017
3.1626 3.1546 3.1605 0.0017
3.1626 3.1546 3.1605 0.0017
3.1626 3.1546 3.1605 0.0017
3.1626 3.1546 3.1605 0.0017
3.1626 3.1546 3.1605 0.0017
3.1626 3.1546 3.1605 0.0017
3.1626 3.1546 3.1605 0.0017
3.1626 3.1546 3.1605 0.0017
3.1626 3.1546 3.1605 0.0017
3.1626 3.1546 3.1605 0.0017
3.1626 3.1546 3.1605 0.0017
3.1626 3.1546 3.1606 0.0017
3.1626 3.1546 3.1606 0.0017
3.1626 3.1546 3.1606 0.0017
3.1626 3.1546 3.1606 0.0017
3.1626 3.1546 3.1606 0.0017
3.1626 3.1546 3.1606 0.0017
3.1626 3.1546 3.1606 0.0017
3.1626 3.1546 3.1606 0.0017
3.1628 3.1546 3.1606 0.0017
3.1628 3.1546 3.1606 0.0017
3.1628 3.1546 3.1607 0.0017
3.1628 3.1546 3.1607 0.0017
3.1628 3.1546 3.1607 0.0017
3.1628 3.1546 3.1607 0.0017
3.1628 3.1546 3.1607 0.0017
3.1628 3.1546 3.1607 0.0017
3.1628 3.1546 3.1607 0.0017
3.1628 3.1546 3.1607 0.0017
3.1628 3.1546 3.1607 0.0016
3.1628 3.1546 3.1607 0.0016
3.1628 3.1546 3.1607 0.0016
3.1647 3.1546 3.1608 0.0017
3.1647 3.1552 3.1608 0.0016
3.1647 3.1552 3.1608 0.0016
3.1647 3.1552 3.1608 0.0016
3.1647 3.1552 3.1608 0.0016
3.1647 3.1552 3.1608 0.0016
3.1647 3.1552 3.1608 0.0015
3.1647 3.1552 3.1608 0.0015
3.1647 3.1552 3.1608 0.0015
3.1647 3.1552 3.1608 0.0015
3.1647 3.1552 3.1608 0.0015
3.1647 3.1552 3.1608 0.0015
3.1647 3.1552 3.1608 0.0015
3.1647 3.1552 3.1608 0.0015
3.1647 3.1552 3.1609 0.0015
3.1647 3.1552 3.1609 0.0015
3.1647 3.1552 3.1609 0.0015
3.1647 3.1552 3.1609 0.0015
3.1647 3.1552 3.1609 0.0015
3.1647 3.1552 3.1609 0.0015
3.1647 3.1552 3.1609 0.0015
3.1647 3.1552 3.1609 0.0015
3.1647 3.1552 3.1609 0.0015
3.1647 3.1552 3.1609 0.0015
3.1647 3.1552 3.1609 0.0015
3.1647 3.1552 3.1609 0.0015
3.1647 3.1552 3.1609 0.0015
3.1647 3.1552 3.1609 0.0015
3.1647 3.1552 3.1609 0.0015
3.1647 3.1552 3.1609 0.0015
3.1647 3.1552 3.1609 0.0015
3.1647 3.1552 3.1609 0.0015
3.1647 3.1552 3.1609 0.0015
3.1647 3.1552 3.1609 0.0015
3.1647 3.1552 3.1609 0.0015
3.1647 3.1552 3.1609 0.0015
3.1647 3.1552 3.1609 0.0015
3.1647 3.1552 3.1609 0.0015
3.1647 3.1552 3.1609 0.0015
3.1647 3.1552 3.1610 0.0015
3.1647 3.1552 3.1610 0.0015
3.1647 3.1552 3.1610 0.0015
3.1647 3.1552 3.1610 0.0015
3.1647 3.1552 3.1610 0.0015
3.1647 3.1552 3.1610 0.0015
3.1647 3.1552 3.1610 0.0015
3.1647 3.1552 3.1610 0.0015
3.1647 3.1552 3.1610 0.0015
3.1647 3.1552 3.1610 0.0015
3.1647 3.1552 3.1610 0.0015
3.1647 3.1552 3.1610 0.0015
3.1647 3.1553 3.1610 0.0014
3.1647 3.1553 3.1610 0.0014
3.1647 3.1553 3.1610 0.0014
3.1647 3.1553 3.1610 0.0014
3.1647 3.1553 3.1610 0.0014
3.1647 3.1553 3.1610 0.0014
3.1647 3.1553 3.1610 0.0014
3.1647 3.1553 3.1611 0.0014
3.1647 3.1553 3.1611 0.0013
3.1647 3.1553 3.1611 0.0013
3.1647 3.1553 3.1611 0.0013
3.1647 3.1553 3.1611 0.0013
3.1647 3.1553 3.1611 0.0013
3.1647 3.1553 3.1611 0.0013
3.1647 3.1553 3.1612 0.0013
3.1647 3.1553 3.1612 0.0013
3.1647 3.1553 3.1612 0.0013
3.1647 3.1553 3.1612 0.0013
3.1647 3.1553 3.1612 0.0013
3.1647 3.1553 3.1612 0.0013
3.1647 3.1553 3.1612 0.0013
3.1647 3.1553 3.1612 0.0013
3.1647 3.1553 3.1612 0.0013
3.1647 3.1553 3.1612 0.0013
3.1647 3.1553 3.1612 0.0013
3.1647 3.1553 3.1612 0.0013
3.1647 3.1553 3.1612 0.0013
3.1647 3.1553 3.1612 0.0012
3.1647 3.1553 3.1612 0.0012
3.1647 3.1553 3.1612 0.0012
3.1647 3.1553 3.1612 0.0012
3.1647 3.1553 3.1613 0.0012
3.1647 3.1553 3.1613 0.0012
3.1647 3.1553 3.1613 0.0012
3.1647 3.1553 3.1613 0.0012
3.1647 3.1553 3.1613 0.0012
3.1647 3.1553 3.1613 0.0012
3.1647 3.1553 3.1613 0.0012
3.1647 3.1553 3.1613 0.0012
3.1647 3.1553 3.1613 0.0012
3.1647 3.1553 3.1613 0.0012
3.1647 3.1553 3.1613 0.0012
3.1647 3.1553 3.1613 0.0012
3.1647 3.1553 3.1613 0.0012
3.1647 3.1588 3.1613 0.0011
3.1647 3.1588 3.1613 0.0011
3.1647 3.1588 3.1613 0.0011
3.1647 3.1588 3.1613 0.0011
3.1647 3.1588 3.1613 0.0011
3.1647 3.1588 3.1613 0.0011
3.1647 3.1588 3.1613 0.0011
3.1647 3.1588 3.1613 0.0011
3.1647 3.1588 3.1613 0.0011
3.1647 3.1588 3.1614 0.0010
3.1647 3.1588 3.1614 0.0010
3.1647 3.1588 3.1614 0.0010
3.1647 3.1588 3.1614 0.0010
3.1647 3.1588 3.1614 0.0010
3.1647 3.1588 3.1614 0.0010
3.1647 3.1588 3.1614 0.0010
3.1647 3.1588 3.1614 0.0010
3.1647 3.1588 3.1614 0.0010
3.1647 3.1588 3.1614 0.0010
3.1647 3.1588 3.1614 0.0010
3.1647 3.1588 3.1614 0.0010
3.1647 3.1588 3.1614 0.0011
3.1647 3.1588 3.1614 0.0011
3.1647 3.1588 3.1614 0.0011
3.1647 3.1588 3.1614 0.0011
3.1647 3.1588 3.1614 0.0011
3.1647 3.1588 3.1614 0.0011
3.1647 3.1588 3.1614 0.0010
3.1647 3.1588 3.1614 0.0010
3.1647 3.1588 3.1614 0.0010
3.1647 3.1588 3.1614 0.0010
3.1647 3.1588 3.1614 0.0010
3.1647 3.1588 3.1614 0.0010
3.1647 3.1588 3.1614 0.0010
3.1647 3.1588 3.1614 0.0010
3.1647 3.1588 3.1614 0.0010
3.1647 3.1588 3.1614 0.0010
3.1647 3.1588 3.1614 0.0010
3.1647 3.1588 3.1614 0.0011
3.1647 3.1588 3.1614 0.0011
3.1647 3.1588 3.1614 0.0011
3.1647 3.1588 3.1614 0.0011
3.1647 3.1588 3.1614 0.0011
3.1647 3.1588 3.1614 0.0011
3.1647 3.1588 3.1614 0.0011
3.1647 3.1588 3.1614 0.0011
3.1647 3.1588 3.1614 0.0011
3.1647 3.1588 3.1614 0.0011
3.1647 3.1588 3.1614 0.0011
3.1647 3.1588 3.1614 0.0011
3.1647 3.1588 3.1614 0.0011
3.1647 3.1588 3.1614 0.0011
3.1647 3.1588 3.1614 0.0011
3.1647 3.1588 3.1614 0.0011
3.1647 3.1588 3.1614 0.0011
3.1647 3.1588 3.1614 0.0011
3.1647 3.1588 3.1614 0.0011
3.1647 3.1588 3.1614 0.0011
3.1647 3.1588 3.1614 0.0011
3.1647 3.1588 3.1614 0.0011
3.1647 3.1588 3.1614 0.0011
3.1647 3.1588 3.1614 0.0011
3.1647 3.1588 3.1615 0.0010
3.1647 3.1588 3.1615 0.0010
3.1647 3.1588 3.1615 0.0010
3.1647 3.1588 3.1615 0.0010
3.1647 3.1588 3.1615 0.0010
3.1647 3.1588 3.1615 0.0010
3.1647 3.1588 3.1615 0.0010
3.1647 3.1588 3.1615 0.0010
3.1647 3.1588 3.1615 0.0010
3.1647 3.1588 3.1615 0.0010
3.1647 3.1588 3.1615 0.0010
3.1647 3.1588 3.1615 0.0010
3.1647 3.1588 3.1615 0.0010
3.1647 3.1588 3.1615 0.0010
3.1647 3.1588 3.1615 0.0010
3.1647 3.1588 3.1615 0.0010
3.1647 3.1588 3.1615 0.0010
3.1647 3.1588 3.1615 0.0010
3.1647 3.1588 3.1615 0.0010
3.1647 3.1588 3.1615 0.0010
3.1647 3.1588 3.1615 0.0010
3.1647 3.1588 3.1615 0.0010
3.1647 3.1588 3.1615 0.0010
3.1647 3.1588 3.1615 0.0010
3.1647 3.1588 3.1615 0.0010
3.1647 3.1588 3.1615 0.0010
3.1647 3.1588 3.1615 0.0010
3.1647 3.1588 3.1615 0.0010
3.1647 3.1588 3.1615 0.0010
3.1647 3.1588 3.1615 0.0010
3.1647 3.1588 3.1615 0.0010
3.1647 3.1588 3.1615 0.0010
3.1647 3.1588 3.1615 0.0010
3.1647 3.1588 3.1615 0.0010
3.1647 3.1588 3.1615 0.0010
3.1647 3.1588 3.1615 0.0010
3.1647 3.1588 3.1615 0.0010
3.1647 3.1588 3.1615 0.0010
3.1647 3.1588 3.1615 0.0010
3.1647 3.1588 3.1615 0.0010
3.1647 3.1588 3.1615 0.0010
3.1647 3.1588 3.1615 0.0010
3.1647 3.1588 3.1615 0.0010
3.1647 3.1588 3.1615 0.0010
3.1647 3.1588 3.1615 0.0010
3.1647 3.1588 3.1615 0.0010
3.1647 3.1588 3.1615 0.0010
3.1647 3.1588 3.1615 0.0010
3.1647 3.1588 3.1616 0.0010
3.1647 3.1588 3.1616 0.0010
3.1647 3.1588 3.1616 0.0010
3.1647 3.1588 3.1616 0.0010
3.1647 3.1588 3.1616 0.0010
3.1647 3.1588 3.1616 0.0010
3.1647 3.1588 3.1616 0.0010
3.1647 3.1588 3.1616 0.0010
3.1647 3.1588 3.1616 0.0010
3.1647 3.1588 3.1616 0.0010
3.1647 3.1588 3.1616 0.0010
3.1647 3.1588 3.1616 0.0010
3.1647 3.1588 3.1616 0.0010
3.1647 3.1588 3.1616 0.0010
3.1647 3.1588 3.1616 0.0010
3.1647 3.1588 3.1616 0.0010
3.1647 3.1588 3.1616 0.0010
3.1647 3.1588 3.1616 0.0010
3.1647 3.1588 3.1616 0.0010
3.1647 3.1588 3.1616 0.0010
3.1647 3.1588 3.1616 0.0010
3.1647 3.1588 3.1616 0.0010
3.1647 3.1588 3.1616 0.0010
3.1647 3.1588 3.1616 0.0010
3.1647 3.1588 3.1616 0.0010
3.1647 3.1588 3.1616 0.0010
3.1647 3.1588 3.1616 0.0010
3.1647 3.1588 3.1616 0.0010
3.1647 3.1588 3.1616 0.0010
3.1647 3.1588 3.1616 0.0010
3.1647 3.1588 3.1616 0.0010
3.1647 3.1588 3.1616 0.0010
3.1647 3.1588 3.1616 0.0010
3.1647 3.1588 3.1616 0.0010
3.1647 3.1588 3.1616 0.0010
3.1647 3.1588 3.1616 0.0010
3.1647 3.1588 3.1616 0.0010
3.1647 3.1588 3.1616 0.0010
3.1647 3.1588 3.1616 0.0010
3.1647 3.1588 3.1616 0.0010
3.1647 3.1588 3.1617 0.0010
3.1647 3.1588 3.1617 0.0010
3.1647 3.1588 3.1617 0.0010
3.1647 3.1588 3.1617 0.0010
3.1647 3.1588 3.1617 0.0010
3.1647 3.1588 3.1617 0.0010
3.1647 3.1588 3.1617 0.0010
3.1647 3.1588 3.1617 0.0010
3.1647 3.1588 3.1617 0.0010
3.1647 3.1588 3.1617 0.0010
3.1647 3.1588 3.1617 0.0010
3.1647 3.1588 3.1617 0.0010
3.1647 3.1588 3.1617 0.0010
3.1647 3.1588 3.1617 0.0010
3.1647 3.1588 3.1617 0.0010
3.1647 3.1588 3.1617 0.0010
3.1647 3.1588 3.1617 0.0010
3.1647 3.1588 3.1617 0.0010
3.1647 3.1588 3.1617 0.0010
3.1647 3.1588 3.1617 0.0010
3.1647 3.1588 3.1617 0.0010
3.1647 3.1588 3.1617 0.0010
3.1647 3.1588 3.1617 0.0010
3.1647 3.1588 3.1617 0.0010
3.1647 3.1588 3.1617 0.0010
3.1647 3.1588 3.1617 0.0010
3.1647 3.1588 3.1617 0.0010
3.1647 3.1588 3.1617 0.0010
3.1647 3.1588 3.1617 0.0010
3.1647 3.1588 3.1617 0.0010
3.1647 3.1588 3.1617 0.0010
3.1647 3.1588 3.1617 0.0010
3.1647 3.1588 3.1618 0.0009
3.1647 3.1588 3.1618 0.0009
3.1647 3.1588 3.1618 0.0009
3.1647 3.1588 3.1618 0.0009
3.1647 3.1588 3.1618 0.0009
3.1647 3.1588 3.1618 0.0009
3.1647 3.1588 3.1618 0.0009
3.1647 3.1588 3.1618 0.0009
3.1647 3.1588 3.1618 0.0009
3.1647 3.1588 3.1618 0.0009
3.1647 3.1588 3.1618 0.0009
3.1647 3.1588 3.1618 0.0009
3.1647 3.1588 3.1618 0.0009
3.1647 3.1588 3.1618 0.0009
3.1647 3.1588 3.1618 0.0009
3.1647 3.1588 3.1618 0.0009
3.1647 3.1588 3.1618 0.0009
3.1647 3.1588 3.1618 0.0009
3.1647 3.1588 3.1618 0.0009
3.1647 3.1588 3.1618 0.0009
3.1647 3.1588 3.1618 0.0009
3.1647 3.1588 3.1618 0.0009
3.1647 3.1588 3.1618 0.0009
3.1647 3.1588 3.1618 0.0009
3.1647 3.1588 3.1618 0.0009
3.1647 3.1588 3.1618 0.0009
3.1647 3.1588 3.1618 0.0009
3.1647 3.1588 3.1618 0.0009
3.1647 3.1588 3.1618 0.0009
3.1647 3.1588 3.1618 0.0009
3.1647 3.1588 3.1618 0.0009
3.1647 3.1588 3.1618 0.0009
3.1647 3.1588 3.1618 0.0009
3.1647 3.1588 3.1618 0.0009
3.1647 3.1588 3.1619 0.0009
3.1647 3.1588 3.1619 0.0009
3.1647 3.1588 3.1619 0.0009
3.1647 3.1588 3.1619 0.0009
3.1647 3.1588 3.1619 0.0009
3.1647 3.1588 3.1619 0.0009
3.1647 3.1588 3.1619 0.0009
3.1647 3.1588 3.1619 0.0009
3.1647 3.1588 3.1619 0.0009
3.1647 3.1588 3.1619 0.0009
3.1647 3.1588 3.1619 0.0009
3.1647 3.1588 3.1619 0.0009
3.1647 3.1588 3.1619 0.0009
3.1647 3.1588 3.1619 0.0009
3.1647 3.1588 3.1619 0.0009
3.1647 3.1588 3.1619 0.0009
3.1647 3.1588 3.1619 0.0009
3.1647 3.1588 3.1619 0.0009
3.1647 3.1588 3.1619 0.0009
3.1647 3.1588 3.1619 0.0009
3.1647 3.1588 3.1619 0.0009
3.1647 3.1588 3.1619 0.0009
3.1647 3.1588 3.1619 0.0009
3.1647 3.1588 3.1619 0.0009
3.1647 3.1588 3.1619 0.0009
3.1647 3.1588 3.1619 0.0009
3.1647 3.1588 3.1619 0.0009
3.1647 3.1588 3.1619 0.0009
3.1647 3.1588 3.1619 0.0009
3.1647 3.1588 3.1619 0.0009
3.1647 3.1588 3.1619 0.0009
3.1647 3.1588 3.1619 0.0009
3.1647 3.1588 3.1619 0.0009
3.1647 3.1588 3.1619 0.0009
3.1647 3.1588 3.1619 0.0009
3.1647 3.1588 3.1619 0.0009
3.1647 3.1588 3.1619 0.0009
3.1647 3.1588 3.1619 0.0009
3.1647 3.1588 3.1619 0.0009
3.1647 3.1588 3.1619 0.0009
3.1647 3.1588 3.1619 0.0009
3.1647 3.1588 3.1619 0.0009
3.1647 3.1588 3.1619 0.0009
3.1647 3.1588 3.1620 0.0009
3.1647 3.1588 3.1620 0.0009
3.1647 3.1588 3.1620 0.0009
3.1647 3.1588 3.1620 0.0009
3.1647 3.1588 3.1620 0.0009
3.1647 3.1588 3.1620 0.0009
3.1647 3.1588 3.1620 0.0009
3.1647 3.1588 3.1620 0.0009
3.1647 3.1588 3.1620 0.0009
3.1647 3.1588 3.1620 0.0009
3.1647 3.1588 3.1620 0.0009
3.1647 3.1588 3.1620 0.0009
3.1647 3.1588 3.1620 0.0009
3.1647 3.1588 3.1620 0.0009
3.1647 3.1588 3.1620 0.0009
3.1647 3.1588 3.1620 0.0009
3.1647 3.1588 3.1620 0.0009
3.1647 3.1588 3.1620 0.0009
3.1647 3.1588 3.1620 0.0009
3.1647 3.1588 3.1620 0.0009
3.1647 3.1588 3.1620 0.0009
3.1647 3.1588 3.1620 0.0009
3.1647 3.1588 3.1621 0.0008
3.1647 3.1588 3.1621 0.0008
3.1647 3.1588 3.1621 0.0008
3.1647 3.1588 3.1621 0.0008
3.1647 3.1588 3.1621 0.0008
3.1647 3.1588 3.1621 0.0008
3.1647 3.1588 3.1621 0.0008
3.1647 3.1588 3.1621 0.0008
3.1647 3.1588 3.1621 0.0008
3.1647 3.1588 3.1621 0.0008
3.1647 3.1588 3.1621 0.0008
3.1647 3.1588 3.1621 0.0008
3.1647 3.1588 3.1621 0.0008
3.1647 3.1588 3.1621 0.0008
3.1647 3.1588 3.1621 0.0008
3.1647 3.1588 3.1621 0.0008
3.1647 3.1588 3.1621 0.0008
3.1647 3.1588 3.1621 0.0008
3.1647 3.1591 3.1621 0.0008
3.1647 3.1591 3.1621 0.0008
3.1647 3.1591 3.1621 0.0008
3.1647 3.1591 3.1622 0.0008
3.1647 3.1591 3.1622 0.0008
3.1647 3.1591 3.1622 0.0008
3.1647 3.1591 3.1622 0.0008
3.1647 3.1591 3.1622 0.0008
3.1647 3.1591 3.1622 0.0008
3.1647 3.1591 3.1622 0.0008
3.1647 3.1591 3.1622 0.0008
3.1647 3.1591 3.1622 0.0008
3.1647 3.1591 3.1622 0.0008
3.1647 3.1591 3.1622 0.0008
3.1647 3.1591 3.1622 0.0008
3.1647 3.1591 3.1622 0.0008
3.1647 3.1591 3.1622 0.0008
3.1647 3.1591 3.1622 0.0008
3.1647 3.1591 3.1622 0.0008
3.1647 3.1591 3.1622 0.0008
3.1647 3.1591 3.1622 0.0008
3.1647 3.1591 3.1622 0.0008
3.1647 3.1591 3.1622 0.0008
3.1647 3.1591 3.1622 0.0008
3.1647 3.1591 3.1622 0.0008
3.1647 3.1591 3.1622 0.0008
3.1647 3.1591 3.1622 0.0008
3.1647 3.1591 3.1622 0.0008
3.1647 3.1591 3.1622 0.0008
3.1647 3.1591 3.1622 0.0008
3.1647 3.1591 3.1622 0.0008
3.1647 3.1591 3.1622 0.0008
3.1647 3.1591 3.1622 0.0008
3.1647 3.1591 3.1622 0.0008
3.1647 3.1591 3.1622 0.0008
3.1647 3.1591 3.1622 0.0008
3.1647 3.1591 3.1622 0.0008
3.1647 3.1591 3.1622 0.0008
3.1647 3.1591 3.1622 0.0008
3.1647 3.1591 3.1623 0.0008
3.1647 3.1591 3.1623 0.0008
3.1647 3.1591 3.1623 0.0008
3.1647 3.1591 3.1623 0.0008
3.1647 3.1591 3.1623 0.0008
3.1647 3.1591 3.1623 0.0008
3.1647 3.1591 3.1623 0.0008
3.1647 3.1591 3.1623 0.0008
3.1647 3.1591 3.1623 0.0008
3.1647 3.1591 3.1623 0.0008
3.1647 3.1591 3.1623 0.0008
3.1647 3.1591 3.1623 0.0008
3.1647 3.1591 3.1623 0.0008
3.1647 3.1591 3.1623 0.0008
3.1647 3.1591 3.1623 0.0008
3.1647 3.1591 3.1623 0.0008
3.1647 3.1591 3.1623 0.0008
3.1647 3.1591 3.1623 0.0008
3.1647 3.1591 3.1623 0.0008
3.1647 3.1591 3.1623 0.0008
3.1647 3.1591 3.1623 0.0008
3.1647 3.1591 3.1623 0.0008
3.1647 3.1591 3.1623 0.0008
3.1647 3.1591 3.1623 0.0008
3.1647 3.1591 3.1623 0.0008
3.1647 3.1591 3.1623 0.0008
3.1647 3.1591 3.1623 0.0008
3.1647 3.1591 3.1623 0.0008
3.1647 3.1591 3.1623 0.0008
3.1647 3.1591 3.1623 0.0008
3.1647 3.1591 3.1623 0.0008
3.1647 3.1591 3.1623 0.0008
3.1647 3.1591 3.1623 0.0008
3.1647 3.1591 3.1623 0.0008
3.1647 3.1591 3.1623 0.0008
3.1647 3.1591 3.1623 0.0008
3.1647 3.1591 3.1623 0.0008
3.1647 3.1591 3.1623 0.0008
3.1647 3.1591 3.1623 0.0008
3.1647 3.1591 3.1623 0.0008
3.1647 3.1591 3.1623 0.0008
3.1647 3.1591 3.1623 0.0008
3.1647 3.1591 3.1623 0.0008
3.1647 3.1591 3.1623 0.0008
3.1647 3.1591 3.1623 0.0008
3.1647 3.1591 3.1623 0.0008
3.1647 3.1591 3.1623 0.0008
3.1647 3.1591 3.1623 0.0008
3.1647 3.1591 3.1623 0.0008
3.1647 3.1591 3.1623 0.0008
3.1647 3.1591 3.1623 0.0008
3.1647 3.1591 3.1623 0.0007
3.1647 3.1591 3.1623 0.0007
3.1647 3.1591 3.1623 0.0007
3.1647 3.1591 3.1623 0.0007
3.1647 3.1591 3.1623 0.0007
3.1647 3.1591 3.1623 0.0007
3.1647 3.1591 3.1623 0.0007
3.1647 3.1591 3.1623 0.0007
3.1647 3.1591 3.1623 0.0007
3.1647 3.1591 3.1623 0.0007
3.1647 3.1591 3.1623 0.0007
3.1647 3.1591 3.1623 0.0007
3.1647 3.1591 3.1623 0.0007
3.1647 3.1591 3.1623 0.0007
3.1647 3.1591 3.1623 0.0007
3.1647 3.1591 3.1623 0.0007
3.1647 3.1591 3.1623 0.0007
3.1647 3.1591 3.1623 0.0007
3.1647 3.1591 3.1623 0.0007
3.1647 3.1591 3.1623 0.0007
3.1647 3.1591 3.1623 0.0007
3.1647 3.1591 3.1623 0.0007
3.1647 3.1591 3.1623 0.0007
3.1647 3.1591 3.1623 0.0007
3.1647 3.1591 3.1623 0.0007
3.1647 3.1591 3.1623 0.0007
3.1647 3.1591 3.1623 0.0007
3.1647 3.1591 3.1623 0.0007
3.1647 3.1591 3.1623 0.0007
3.1647 3.1591 3.1623 0.0007
3.1647 3.1591 3.1623 0.0007
3.1647 3.1591 3.1623 0.0007
3.1647 3.1591 3.1623 0.0007
3.1647 3.1591 3.1623 0.0007
3.1647 3.1591 3.1624 0.0007
3.1647 3.1591 3.1624 0.0007
3.1647 3.1591 3.1624 0.0007
3.1647 3.1591 3.1624 0.0007
3.1647 3.1591 3.1624 0.0007
3.1647 3.1591 3.1624 0.0007
3.1647 3.1591 3.1624 0.0007
3.1647 3.1591 3.1624 0.0007
3.1647 3.1591 3.1624 0.0007
3.1647 3.1591 3.1624 0.0007
3.1647 3.1591 3.1624 0.0007
3.1647 3.1591 3.1624 0.0007
3.1647 3.1591 3.1624 0.0007
3.1647 3.1591 3.1624 0.0007
3.1647 3.1591 3.1624 0.0008
3.1647 3.1591 3.1624 0.0008
3.1647 3.1591 3.1624 0.0008
3.1647 3.1591 3.1624 0.0008
3.1647 3.1591 3.1624 0.0008
3.1647 3.1591 3.1624 0.0008
3.1647 3.1591 3.1624 0.0008
3.1647 3.1591 3.1624 0.0008
3.1647 3.1591 3.1624 0.0008
3.1647 3.1591 3.1624 0.0008
3.1647 3.1591 3.1624 0.0008
3.1647 3.1591 3.1624 0.0008
3.1647 3.1591 3.1624 0.0008
3.1647 3.1591 3.1624 0.0008
3.1647 3.1591 3.1624 0.0008
3.1647 3.1591 3.1624 0.0008
3.1647 3.1591 3.1624 0.0008
3.1647 3.1591 3.1624 0.0008
3.1647 3.1591 3.1624 0.0008
3.1647 3.1591 3.1625 0.0008
3.1647 3.1591 3.1625 0.0008
3.1647 3.1591 3.1625 0.0008
3.1647 3.1591 3.1625 0.0008
3.1647 3.1591 3.1625 0.0008
3.1647 3.1591 3.1625 0.0008
3.1647 3.1591 3.1625 0.0008
3.1647 3.1591 3.1625 0.0008
3.1647 3.1591 3.1625 0.0008
3.1647 3.1591 3.1625 0.0008
3.1647 3.1591 3.1625 0.0008
3.1647 3.1591 3.1625 0.0008
3.1647 3.1591 3.1625 0.0008
3.1647 3.1591 3.1625 0.0008
3.1647 3.1591 3.1625 0.0008
3.1647 3.1591 3.1625 0.0008
3.1647 3.1591 3.1625 0.0008
3.1647 3.1591 3.1625 0.0008
3.1647 3.1591 3.1625 0.0008
3.1647 3.1591 3.1625 0.0008
3.1647 3.1591 3.1625 0.0008
3.1647 3.1591 3.1625 0.0008
3.1647 3.1591 3.1625 0.0008
3.1647 3.1612 3.1625 0.0008
3.1647 3.1612 3.1625 0.0008
3.1647 3.1612 3.1625 0.0008
3.1647 3.1612 3.1625 0.0008
3.1647 3.1612 3.1625 0.0008
3.1647 3.1612 3.1625 0.0008
3.1647 3.1612 3.1625 0.0008
3.1647 3.1612 3.1625 0.0008
3.1647 3.1612 3.1625 0.0008
3.1647 3.1612 3.1625 0.0008
3.1647 3.1612 3.1625 0.0008
3.1647 3.1612 3.1625 0.0008
3.1647 3.1612 3.1625 0.0008
3.1647 3.1612 3.1625 0.0008
3.1647 3.1612 3.1625 0.0008
3.1647 3.1612 3.1625 0.0008
3.1647 3.1612 3.1625 0.0008
3.1647 3.1612 3.1625 0.0008
3.1647 3.1612 3.1625 0.0008
3.1647 3.1612 3.1625 0.0008
3.1647 3.1612 3.1625 0.0008
3.1647 3.1612 3.1626 0.0008
3.1647 3.1612 3.1626 0.0008
3.1647 3.1612 3.1626 0.0008
3.1647 3.1612 3.1626 0.0008
3.1647 3.1612 3.1626 0.0008
3.1647 3.1612 3.1626 0.0008
3.1647 3.1612 3.1626 0.0008
3.1647 3.1612 3.1626 0.0007
3.1647 3.1612 3.1626 0.0007
3.1647 3.1612 3.1626 0.0007
3.1647 3.1612 3.1626 0.0007
3.1647 3.1612 3.1626 0.0007
3.1647 3.1612 3.1626 0.0007
3.1647 3.1612 3.1626 0.0007
3.1647 3.1612 3.1626 0.0007
3.1647 3.1612 3.1626 0.0007
3.1647 3.1612 3.1626 0.0007
3.1647 3.1612 3.1626 0.0007
3.1647 3.1612 3.1626 0.0007
3.1647 3.1612 3.1626 0.0007
3.1647 3.1612 3.1626 0.0007
3.1647 3.1612 3.1626 0.0007
3.1647 3.1612 3.1626 0.0007
3.1647 3.1612 3.1626 0.0007
3.1647 3.1612 3.1626 0.0007
3.1647 3.1612 3.1626 0.0007
3.1647 3.1612 3.1626 0.0007
3.1647 3.1612 3.1626 0.0007
3.1647 3.1612 3.1626 0.0007
3.1647 3.1612 3.1626 0.0007
3.1647 3.1612 3.1626 0.0007
3.1647 3.1612 3.1626 0.0008
3.1647 3.1612 3.1626 0.0008
3.1647 3.1612 3.1626 0.0008
3.1647 3.1612 3.1626 0.0008
3.1647 3.1612 3.1626 0.0008
3.1647 3.1612 3.1626 0.0008
3.1647 3.1612 3.1626 0.0008
3.1647 3.1612 3.1626 0.0008
3.1647 3.1612 3.1626 0.0008
3.1647 3.1612 3.1626 0.0008
3.1647 3.1612 3.1626 0.0008
3.1647 3.1612 3.1626 0.0008
3.1647 3.1612 3.1626 0.0008
3.1647 3.1612 3.1626 0.0008
3.1647 3.1612 3.1626 0.0008
3.1647 3.1612 3.1626 0.0008
3.1647 3.1612 3.1626 0.0008
3.1647 3.1612 3.1626 0.0008
3.1647 3.1612 3.1626 0.0008
3.1647 3.1612 3.1626 0.0008
3.1647 3.1612 3.1626 0.0008
3.1647 3.1612 3.1626 0.0008
3.1647 3.1612 3.1626 0.0008
3.1647 3.1612 3.1626 0.0008
3.1647 3.1612 3.1626 0.0008
3.1647 3.1612 3.1626 0.0008
3.1647 3.1612 3.1626 0.0008
3.1647 3.1612 3.1626 0.0008
3.1647 3.1612 3.1626 0.0008
3.1647 3.1612 3.1626 0.0008
3.1647 3.1612 3.1626 0.0008
3.1647 3.1612 3.1626 0.0008
3.1647 3.1612 3.1626 0.0008
3.1647 3.1612 3.1626 0.0008
3.1647 3.1612 3.1626 0.0008
3.1647 3.1612 3.1626 0.0008
3.1647 3.1612 3.1626 0.0008
3.1647 3.1612 3.1626 0.0008
3.1647 3.1612 3.1626 0.0008
3.1647 3.1612 3.1626 0.0008
3.1647 3.1612 3.1626 0.0008
3.1647 3.1612 3.1626 0.0008
3.1647 3.1612 3.1626 0.0008
3.1647 3.1612 3.1626 0.0008
3.1647 3.1612 3.1626 0.0008
3.1647 3.1612 3.1626 0.0008
3.1647 3.1612 3.1626 0.0008
3.1647 3.1612 3.1626 0.0008
3.1647 3.1612 3.1627 0.0008
3.1647 3.1612 3.1627 0.0008
3.1647 3.1612 3.1627 0.0008
3.1647 3.1612 3.1627 0.0008
3.1647 3.1612 3.1627 0.0008
3.1647 3.1612 3.1627 0.0008
3.1647 3.1612 3.1627 0.0008
3.1647 3.1612 3.1627 0.0008
3.1647 3.1612 3.1627 0.0008
3.1647 3.1612 3.1627 0.0008
3.1647 3.1612 3.1627 0.0008
3.1647 3.1612 3.1627 0.0008
3.1647 3.1612 3.1627 0.0008
3.1647 3.1612 3.1627 0.0008
3.1647 3.1612 3.1627 0.0008
3.1647 3.1612 3.1627 0.0008
3.1647 3.1612 3.1627 0.0008
3.1647 3.1612 3.1627 0.0008
3.1647 3.1612 3.1627 0.0008
3.1647 3.1612 3.1627 0.0008
3.1647 3.1612 3.1627 0.0008
3.1647 3.1612 3.1627 0.0008
3.1647 3.1612 3.1627 0.0008
3.1647 3.1612 3.1627 0.0008
3.1647 3.1612 3.1627 0.0008
3.1647 3.1612 3.1627 0.0008
3.1647 3.1612 3.1627 0.0008
3.1647 3.1612 3.1627 0.0008
3.1647 3.1612 3.1628 0.0008
3.1647 3.1612 3.1628 0.0008
3.1647 3.1612 3.1628 0.0008
3.1647 3.1612 3.1628 0.0008
3.1647 3.1612 3.1628 0.0008
3.1647 3.1612 3.1628 0.0008
3.1647 3.1612 3.1628 0.0008
3.1647 3.1612 3.1628 0.0008
3.1647 3.1612 3.1628 0.0008
3.1647 3.1612 3.1628 0.0008
3.1647 3.1612 3.1628 0.0008
3.1647 3.1612 3.1628 0.0008
3.1647 3.1612 3.1628 0.0008
3.1647 3.1612 3.1628 0.0008
3.1647 3.1612 3.1628 0.0008
3.1647 3.1612 3.1628 0.0008
3.1647 3.1612 3.1628 0.0008
3.1647 3.1612 3.1628 0.0008
3.1647 3.1612 3.1628 0.0008
3.1647 3.1612 3.1628 0.0008
3.1647 3.1612 3.1628 0.0008
3.1647 3.1612 3.1628 0.0008
3.1647 3.1612 3.1628 0.0008
3.1647 3.1612 3.1628 0.0008
3.1647 3.1612 3.1628 0.0008
3.1647 3.1612 3.1628 0.0008
3.1647 3.1612 3.1628 0.0008
3.1647 3.1612 3.1628 0.0008
3.1647 3.1612 3.1628 0.0008
3.1647 3.1612 3.1628 0.0008
3.1647 3.1612 3.1628 0.0008
3.1647 3.1612 3.1628 0.0008
3.1647 3.1612 3.1628 0.0008
3.1647 3.1612 3.1628 0.0008
3.1647 3.1612 3.1628 0.0008
3.1647 3.1612 3.1628 0.0008
3.1647 3.1612 3.1628 0.0008
3.1647 3.1612 3.1628 0.0008
3.1647 3.1612 3.1628 0.0008
3.1647 3.1612 3.1628 0.0008
3.1647 3.1612 3.1628 0.0008
3.1647 3.1612 3.1628 0.0008
3.1647 3.1612 3.1628 0.0008
3.1647 3.1612 3.1628 0.0008
3.1647 3.1612 3.1628 0.0008
3.1647 3.1612 3.1628 0.0008
3.1647 3.1612 3.1628 0.0008
3.1647 3.1612 3.1628 0.0008
3.1647 3.1612 3.1629 0.0008
3.1647 3.1612 3.1629 0.0008
3.1647 3.1612 3.1629 0.0008
3.1647 3.1612 3.1629 0.0008
3.1647 3.1612 3.1629 0.0008
3.1647 3.1612 3.1629 0.0008
3.1647 3.1612 3.1629 0.0008
3.1647 3.1612 3.1629 0.0008
3.1647 3.1612 3.1629 0.0008
3.1647 3.1612 3.1629 0.0008
3.1647 3.1612 3.1629 0.0008
3.1647 3.1612 3.1629 0.0008
3.1647 3.1612 3.1629 0.0008
3.1647 3.1612 3.1629 0.0008
3.1647 3.1612 3.1629 0.0008
3.1647 3.1612 3.1629 0.0008
3.1647 3.1612 3.1629 0.0008
3.1647 3.1612 3.1629 0.0008
3.1647 3.1612 3.1629 0.0008
3.1647 3.1612 3.1630 0.0008
3.1647 3.1612 3.1630 0.0008
3.1647 3.1612 3.1630 0.0008
3.1647 3.1612 3.1630 0.0008
3.1647 3.1612 3.1630 0.0008
3.1647 3.1612 3.1630 0.0008
3.1647 3.1612 3.1630 0.0008
3.1647 3.1612 3.1630 0.0008
3.1647 3.1612 3.1630 0.0008
3.1647 3.1612 3.1630 0.0008
3.1647 3.1612 3.1630 0.0008
3.1647 3.1612 3.1630 0.0008
3.1647 3.1612 3.1630 0.0008
3.1647 3.1612 3.1630 0.0008
3.1647 3.1612 3.1630 0.0008
3.1647 3.1612 3.1630 0.0008
3.1647 3.1612 3.1630 0.0008
3.1647 3.1612 3.1630 0.0008
3.1647 3.1612 3.1630 0.0009
3.1647 3.1612 3.1630 0.0009
3.1647 3.1612 3.1630 0.0009
3.1647 3.1612 3.1630 0.0009
3.1647 3.1612 3.1631 0.0009
3.1647 3.1612 3.1631 0.0009
3.1647 3.1617 3.1631 0.0009
3.1647 3.1617 3.1631 0.0009
3.1647 3.1617 3.1631 0.0009
3.1647 3.1617 3.1631 0.0009
3.1647 3.1617 3.1631 0.0009
3.1647 3.1617 3.1631 0.0009
3.1647 3.1617 3.1631 0.0009
3.1647 3.1617 3.1631 0.0009
3.1647 3.1617 3.1631 0.0009
3.1647 3.1617 3.1631 0.0009
3.1647 3.1617 3.1631 0.0009
3.1655 3.1617 3.1631 0.0009
3.1655 3.1617 3.1631 0.0009
3.1655 3.1617 3.1631 0.0009
3.1655 3.1617 3.1631 0.0009
3.1655 3.1617 3.1631 0.0009
3.1655 3.1617 3.1631 0.0009
3.1655 3.1617 3.1631 0.0009
3.1655 3.1617 3.1631 0.0009
3.1655 3.1617 3.1631 0.0009
3.1655 3.1617 3.1631 0.0009
3.1655 3.1617 3.1631 0.0009
3.1655 3.1617 3.1631 0.0009
3.1655 3.1617 3.1631 0.0009
3.1655 3.1617 3.1631 0.0009
3.1655 3.1617 3.1631 0.0009
3.1655 3.1617 3.1631 0.0009
3.1655 3.1617 3.1631 0.0009
3.1655 3.1617 3.1631 0.0009
3.1655 3.1617 3.1631 0.0009
3.1655 3.1617 3.1631 0.0009
3.1655 3.1617 3.1632 0.0009
3.1655 3.1617 3.1632 0.0009
3.1655 3.1617 3.1632 0.0009
3.1655 3.1617 3.1632 0.0009
3.1655 3.1617 3.1632 0.0009
3.1655 3.1617 3.1632 0.0009
3.1655 3.1617 3.1632 0.0009
3.1655 3.1617 3.1632 0.0009
3.1655 3.1617 3.1632 0.0009
3.1655 3.1617 3.1632 0.0009
3.1655 3.1617 3.1632 0.0009
3.1655 3.1617 3.1632 0.0009
3.1655 3.1617 3.1632 0.0009
3.1655 3.1617 3.1632 0.0009
3.1655 3.1617 3.1633 0.0010
3.1655 3.1617 3.1633 0.0010
3.1655 3.1617 3.1633 0.0010
3.1655 3.1617 3.1633 0.0010
3.1655 3.1617 3.1633 0.0010
3.1655 3.1617 3.1633 0.0010
3.1655 3.1617 3.1633 0.0010
3.1655 3.1617 3.1633 0.0010
3.1655 3.1617 3.1633 0.0010
3.1655 3.1617 3.1633 0.0010
3.1655 3.1617 3.1633 0.0010
3.1655 3.1617 3.1633 0.0010
3.1655 3.1617 3.1633 0.0010
3.1655 3.1617 3.1633 0.0010
3.1655 3.1617 3.1633 0.0010
3.1655 3.1617 3.1633 0.0010
3.1655 3.1617 3.1633 0.0010
3.1655 3.1617 3.1633 0.0010
3.1655 3.1617 3.1633 0.0010
3.1655 3.1617 3.1633 0.0010
3.1655 3.1617 3.1633 0.0010
3.1655 3.1617 3.1633 0.0010
3.1655 3.1617 3.1633 0.0010
3.1655 3.1617 3.1633 0.0010
3.1655 3.1617 3.1633 0.0010
3.1655 3.1617 3.1633 0.0010
3.1655 3.1617 3.1633 0.0010
3.1655 3.1617 3.1634 0.0010
3.1655 3.1617 3.1634 0.0010
3.1655 3.1617 3.1634 0.0010
3.1655 3.1617 3.1634 0.0010
3.1655 3.1617 3.1634 0.0010
3.1655 3.1617 3.1634 0.0010
3.1655 3.1617 3.1634 0.0010
3.1655 3.1617 3.1634 0.0010
3.1655 3.1617 3.1634 0.0010
3.1655 3.1617 3.1634 0.0010
3.1655 3.1617 3.1634 0.0010
3.1655 3.1617 3.1634 0.0010
3.1655 3.1617 3.1634 0.0010
3.1655 3.1617 3.1634 0.0010
3.1655 3.1617 3.1634 0.0010
3.1655 3.1617 3.1634 0.0010
3.1655 3.1617 3.1634 0.0010
3.1655 3.1617 3.1634 0.0010
3.1655 3.1617 3.1634 0.0010
3.1655 3.1617 3.1634 0.0010
3.1655 3.1617 3.1634 0.0010
3.1655 3.1617 3.1634 0.0010
3.1655 3.1617 3.1634 0.0010
3.1655 3.1617 3.1634 0.0010
3.1655 3.1617 3.1634 0.0010
3.1655 3.1617 3.1634 0.0010
3.1655 3.1617 3.1634 0.0010
3.1655 3.1617 3.1634 0.0010
3.1655 3.1617 3.1634 0.0010
3.1655 3.1617 3.1634 0.0010
3.1655 3.1617 3.1634 0.0010
3.1655 3.1617 3.1634 0.0010
3.1655 3.1617 3.1634 0.0010
3.1655 3.1617 3.1634 0.0010
3.1655 3.1617 3.1634 0.0010
3.1655 3.1617 3.1634 0.0010
3.1655 3.1617 3.1634 0.0010
3.1655 3.1617 3.1634 0.0010
3.1655 3.1617 3.1634 0.0010
3.1655 3.1617 3.1634 0.0010
3.1655 3.1617 3.1634 0.0010
3.1655 3.1617 3.1634 0.0010
3.1655 3.1617 3.1634 0.0010
3.1655 3.1617 3.1635 0.0010
3.1655 3.1617 3.1635 0.0010
3.1655 3.1617 3.1635 0.0010
3.1655 3.1617 3.1635 0.0010
3.1655 3.1617 3.1635 0.0010
3.1655 3.1617 3.1635 0.0010
3.1655 3.1617 3.1635 0.0010
3.1655 3.1617 3.1635 0.0010
3.1655 3.1617 3.1635 0.0010
3.1655 3.1617 3.1635 0.0010
3.1655 3.1617 3.1635 0.0010
3.1655 3.1617 3.1635 0.0010
3.1655 3.1617 3.1635 0.0010
3.1655 3.1617 3.1635 0.0010
3.1655 3.1617 3.1635 0.0010
3.1655 3.1617 3.1635 0.0010
3.1655 3.1617 3.1635 0.0010
3.1655 3.1617 3.1635 0.0010
3.1655 3.1617 3.1635 0.0010
3.1655 3.1617 3.1635 0.0010
3.1655 3.1617 3.1635 0.0010
3.1655 3.1617 3.1635 0.0010
3.1655 3.1617 3.1635 0.0010
3.1655 3.1617 3.1635 0.0010
3.1655 3.1617 3.1635 0.0010
3.1655 3.1617 3.1635 0.0010
3.1655 3.1617 3.1635 0.0010
3.1655 3.1617 3.1635 0.0010
3.1655 3.1617 3.1635 0.0010
3.1655 3.1617 3.1636 0.0010
3.1655 3.1617 3.1636 0.0010
3.1655 3.1617 3.1636 0.0010
3.1655 3.1617 3.1636 0.0010
3.1655 3.1617 3.1636 0.0010
3.1655 3.1617 3.1636 0.0010
3.1655 3.1617 3.1636 0.0010
3.1655 3.1617 3.1636 0.0010
3.1655 3.1617 3.1636 0.0010
3.1655 3.1617 3.1636 0.0010
3.1655 3.1617 3.1636 0.0010
3.1655 3.1617 3.1636 0.0010
3.1655 3.1617 3.1636 0.0010
3.1655 3.1617 3.1636 0.0010
3.1655 3.1617 3.1636 0.0010
3.1655 3.1617 3.1636 0.0010
3.1655 3.1617 3.1636 0.0010
3.1655 3.1617 3.1636 0.0010
3.1655 3.1617 3.1636 0.0010
3.1655 3.1617 3.1636 0.0011
3.1655 3.1617 3.1636 0.0011
3.1655 3.1617 3.1637 0.0011
3.1655 3.1617 3.1637 0.0011
3.1655 3.1617 3.1637 0.0011
3.1655 3.1617 3.1637 0.0011
3.1655 3.1617 3.1637 0.0011
3.1655 3.1617 3.1637 0.0011
3.1655 3.1617 3.1637 0.0010
3.1655 3.1617 3.1637 0.0010
3.1655 3.1617 3.1637 0.0010
3.1655 3.1617 3.1637 0.0010
3.1655 3.1617 3.1637 0.0010
3.1655 3.1617 3.1637 0.0010
3.1655 3.1617 3.1637 0.0010
3.1655 3.1617 3.1637 0.0010
3.1655 3.1617 3.1637 0.0010
3.1655 3.1617 3.1637 0.0010
3.1655 3.1617 3.1637 0.0010
3.1655 3.1617 3.1637 0.0010
3.1655 3.1617 3.1637 0.0010
3.1655 3.1617 3.1637 0.0010
3.1655 3.1617 3.1637 0.0010
3.1655 3.1617 3.1637 0.0010
3.1655 3.1617 3.1637 0.0010
3.1655 3.1617 3.1637 0.0011
3.1655 3.1617 3.1638 0.0011
3.1655 3.1617 3.1638 0.0011
3.1655 3.1617 3.1638 0.0011
3.1655 3.1617 3.1638 0.0011
3.1655 3.1617 3.1638 0.0011
3.1655 3.1617 3.1638 0.0011
3.1655 3.1617 3.1638 0.0011
3.1655 3.1617 3.1638 0.0011
3.1655 3.1617 3.1638 0.0011
3.1655 3.1617 3.1638 0.0011
3.1655 3.1617 3.1638 0.0011
3.1655 3.1617 3.1638 0.0011
3.1655 3.1617 3.1638 0.0011
3.1655 3.1617 3.1638 0.0011
3.1655 3.1617 3.1638 0.0010
3.1655 3.1617 3.1638 0.0010
3.1655 3.1617 3.1638 0.0010
3.1655 3.1617 3.1638 0.0010
3.1655 3.1617 3.1638 0.0010
3.1655 3.1617 3.1638 0.0010
3.1655 3.1617 3.1638 0.0010
3.1655 3.1617 3.1638 0.0010
3.1655 3.1617 3.1638 0.0010
3.1655 3.1617 3.1638 0.0010
3.1655 3.1617 3.1638 0.0010
3.1655 3.1617 3.1638 0.0010
3.1655 3.1617 3.1638 0.0010
3.1655 3.1617 3.1638 0.0010
3.1655 3.1617 3.1638 0.0010
3.1655 3.1617 3.1638 0.0010
3.1655 3.1617 3.1638 0.0010
3.1655 3.1617 3.1638 0.0010
3.1655 3.1617 3.1638 0.0010
3.1655 3.1617 3.1638 0.0010
3.1655 3.1617 3.1638 0.0010
3.1655 3.1617 3.1638 0.0010
3.1655 3.1617 3.1638 0.0010
3.1655 3.1617 3.1638 0.0010
3.1655 3.1617 3.1638 0.0010
3.1655 3.1617 3.1638 0.0010
3.1655 3.1617 3.1639 0.0010
3.1655 3.1617 3.1639 0.0010
3.1655 3.1617 3.1639 0.0010
3.1655 3.1617 3.1639 0.0010
3.1655 3.1617 3.1639 0.0011
3.1655 3.1617 3.1639 0.0011
3.1655 3.1617 3.1639 0.0011
3.1655 3.1617 3.1639 0.0011
3.1655 3.1617 3.1640 0.0011
3.1655 3.1617 3.1640 0.0011
3.1655 3.1617 3.1640 0.0011
3.1655 3.1617 3.1640 0.0011
3.1655 3.1617 3.1640 0.0011
