2.2818 0.0045 0.1212 0.2935
2.2818 0.0045 0.1242 0.2937
2.2818 0.0045 0.1298 0.2942
2.2818 0.0045 0.1415 0.3117
2.2818 0.0045 0.1443 0.3118
2.2818 0.0045 0.1542 0.3151
2.2818 0.0045 0.1602 0.3179
2.2818 0.0045 0.1704 0.3291
2.2818 0.0045 0.1825 0.3339
2.2818 0.0045 0.1881 0.3382
2.2818 0.0045 0.1998 0.3516
2.2818 0.0045 0.2070 0.3549
2.2818 0.0045 0.2103 0.3546
2.2818 0.0045 0.2131 0.3541
2.2818 0.0045 0.2160 0.3536
2.2818 0.0045 0.2317 0.3667
2.2818 0.0045 0.2437 0.3691
2.2818 0.0045 0.2553 0.3797
2.2818 0.0045 0.2582 0.3789
2.2818 0.0045 0.2582 0.3789
2.2818 0.0045 0.2639 0.3794
2.2818 0.0045 0.2668 0.3786
2.2818 0.0045 0.2703 0.3796
2.2818 0.0045 0.2704 0.3796
2.2818 0.0045 0.2793 0.3813
2.2818 0.0045 0.2954 0.3867
2.2818 0.0045 0.2999 0.3941
2.2818 0.0045 0.3044 0.3966
2.2818 0.0045 0.3183 0.4099
2.2818 0.0045 0.3326 0.4259
2.2818 0.0045 0.3433 0.4331
2.2818 0.0045 0.3494 0.4305
2.2818 0.0045 0.3551 0.4278
2.2818 0.0045 0.3611 0.4287
2.2818 0.0045 0.3710 0.4301
2.2818 0.0045 0.3732 0.4288
2.2818 0.0045 0.3789 0.4277
2.2818 0.0045 0.3893 0.4448
2.2818 0.0045 0.4019 0.4549
2.2818 0.0045 0.4048 0.4533
2.2818 0.0045 0.4084 0.4538
2.2818 0.0045 0.4113 0.4522
2.2818 0.0045 0.4113 0.4522
2.2818 0.0045 0.4114 0.4522
2.2818 0.0045 0.4114 0.4522
2.2818 0.0045 0.4143 0.4505
2.2818 0.0045 0.4158 0.4504
2.2818 0.0045 0.4255 0.4538
2.2818 0.0045 0.4357 0.4543
2.2818 0.0045 0.4411 0.4594
2.2818 0.0045 0.4498 0.4648
2.2818 0.0045 0.4542 0.4657
2.2818 0.0045 0.4542 0.4657
2.2818 0.0045 0.4542 0.4657
2.2818 0.0045 0.4619 0.4645
2.2818 0.0045 0.4650 0.4630
2.2818 0.0045 0.4739 0.4626
2.2818 0.0045 0.4827 0.4674
2.2818 0.0045 0.4854 0.4667
2.2818 0.0045 0.5052 0.4874
2.2818 0.0045 0.5220 0.5086
2.2818 0.0045 0.5220 0.5086
2.2818 0.0045 0.5220 0.5086
2.2818 0.0045 0.5306 0.5123
2.2818 0.0045 0.5426 0.5069
2.2818 0.0045 0.5452 0.5079
2.2818 0.0045 0.5527 0.5166
2.2818 0.0045 0.5540 0.5173
2.2818 0.0045 0.5570 0.5150
2.2818 0.0045 0.5617 0.5141
2.2818 0.0045 0.5650 0.5115
2.2818 0.0045 0.5841 0.5345
2.2818 0.0045 0.5957 0.5345
2.2818 0.0045 0.5986 0.5321
2.2818 0.0045 0.6057 0.5288
2.2818 0.0045 0.6057 0.5288
2.2818 0.0045 0.6116 0.5238
2.2818 0.0045 0.6116 0.5238
2.2818 0.0045 0.6116 0.5238
2.2818 0.0045 0.6189 0.5264
2.2818 0.0045 0.6314 0.5473
2.2818 0.0045 0.6344 0.5496
2.2818 0.0045 0.6404 0.5460
2.2818 0.0045 0.6404 0.5460
2.2818 0.0045 0.6580 0.5611
2.2818 0.0045 0.6586 0.5608
2.2818 0.0045 0.6631 0.5631
2.2818 0.0045 0.6650 0.5671
2.2818 0.0045 0.6685 0.5641
2.2818 0.0045 0.6770 0.5652
2.2818 0.0045 0.6826 0.5673
2.2818 0.0045 0.6828 0.5672
2.2818 0.0045 0.6883 0.5662
2.2818 0.0045 0.6923 0.5628
2.2818 0.0045 0.6934 0.5622
2.2818 0.0045 0.7001 0.5656
2.2818 0.0045 0.7089 0.5660
2.2818 0.0045 0.7098 0.5658
2.2818 0.0045 0.7214 0.5632
2.2818 0.0045 0.7301 0.5768
2.2818 0.0045 0.7310 0.5765
2.2818 0.0045 0.7400 0.5705
2.2818 0.0045 0.7400 0.5705
2.2818 0.0045 0.7511 0.5891
2.2818 0.0045 0.7650 0.5878
2.2818 0.0045 0.7724 0.5980
2.2818 0.0045 0.7764 0.5961
2.2818 0.0045 0.7830 0.5978
2.2818 0.0045 0.7831 0.5979
2.2818 0.0045 0.7950 0.6118
2.2818 0.0045 0.8006 0.6126
2.2818 0.0045 0.8179 0.6218
2.2818 0.0045 0.8232 0.6202
2.3025 0.0045 0.8362 0.6362
2.3025 0.0045 0.8389 0.6351
2.3025 0.0045 0.8494 0.6300
2.3025 0.0045 0.8677 0.6319
2.3025 0.0045 0.8889 0.6431
2.3025 0.0045 0.8889 0.6431
2.3025 0.0045 0.8947 0.6430
2.3025 0.0045 0.8991 0.6423
2.3025 0.0045 0.9108 0.6512
2.3025 0.0045 0.9130 0.6532
2.3025 0.0045 0.9227 0.6519
2.3025 0.0045 0.9275 0.6513
2.3025 0.0045 0.9275 0.6513
2.3025 0.0045 0.9417 0.6465
2.3025 0.0045 0.9444 0.6469
2.4775 0.0045 0.9623 0.6641
2.4775 0.0045 0.9739 0.6575
2.4775 0.0045 0.9748 0.6567
2.4775 0.0045 0.9813 0.6631
2.4775 0.0045 0.9874 0.6675
2.4775 0.0045 1.0009 0.6786
2.4775 0.0045 1.0085 0.6717
2.5729 0.0045 1.0350 0.6833
2.5729 0.0045 1.0408 0.6819
2.5729 0.0045 1.0438 0.6824
2.5729 0.0045 1.0466 0.6786
2.5729 0.0045 1.0539 0.6761
2.5729 0.0045 1.0626 0.6719
2.5729 0.0045 1.0626 0.6719
2.5729 0.0045 1.0672 0.6743
2.5729 0.0045 1.0672 0.6743
2.5729 0.0045 1.0714 0.6690
2.5729 0.0045 1.0714 0.6690
2.5729 0.0045 1.0855 0.6772
2.5729 0.0045 1.0855 0.6772
2.5729 0.0045 1.0882 0.6745
2.5729 0.0045 1.0931 0.6735
2.5729 0.0045 1.0931 0.6735
2.5729 0.0100 1.1133 0.6708
2.5729 0.0100 1.1219 0.6698
2.5729 0.0100 1.1219 0.6698
2.5729 0.0100 1.1314 0.6648
2.5729 0.0100 1.1333 0.6653
2.5729 0.0100 1.1520 0.6679
2.5729 0.0100 1.1540 0.6685
2.5729 0.0100 1.1686 0.6642
2.5729 0.0100 1.1880 0.6584
2.5729 0.0100 1.1970 0.6469
2.5729 0.0100 1.2099 0.6593
2.5729 0.0100 1.2276 0.6647
2.5729 0.0100 1.2285 0.6657
2.5729 0.0100 1.2291 0.6652
2.5729 0.0100 1.2386 0.6732
2.5729 0.0100 1.2486 0.6795
2.5729 0.0100 1.2505 0.6789
2.8398 0.0100 1.2790 0.6982
2.8398 0.0100 1.2878 0.6913
2.8398 0.0100 1.2878 0.6913
2.8398 0.0100 1.2993 0.6868
2.8398 0.0100 1.3116 0.6964
2.8398 0.0100 1.3173 0.7036
2.8398 0.0100 1.3216 0.7066
2.8398 0.0100 1.3332 0.7023
2.8398 0.0100 1.3332 0.7023
3.4062 0.0100 1.3446 0.7261
3.4062 0.0100 1.3552 0.7184
3.4062 0.0100 1.3609 0.7148
3.4062 0.0100 1.3622 0.7129
3.4062 0.0100 1.3779 0.7293
3.4062 0.0100 1.3790 0.7278
3.4062 0.0100 1.3840 0.7281
3.4062 0.0100 1.3871 0.7278
3.4062 0.0100 1.3883 0.7280
3.4062 0.0100 1.3942 0.7320
3.4062 0.0100 1.3988 0.7362
3.4062 0.0100 1.4057 0.7320
3.4062 0.0100 1.4105 0.7339
3.4062 0.0100 1.4267 0.7342
3.4062 0.0100 1.4331 0.7291
3.4062 0.0100 1.4355 0.7321
3.4062 0.0100 1.4359 0.7324
3.4062 0.0100 1.4519 0.7440
3.4062 0.0100 1.4551 0.7421
3.4062 0.0100 1.4573 0.7415
3.4062 0.0100 1.4623 0.7384
3.4062 0.0100 1.4805 0.7512
3.4062 0.0100 1.5138 0.7591
3.4062 0.0100 1.5232 0.7627
3.4062 0.0100 1.5317 0.7635
3.4062 0.0100 1.5317 0.7635
3.4062 0.0100 1.5485 0.7636
3.4062 0.0100 1.5594 0.7503
3.4062 0.0100 1.5677 0.7505
3.4062 0.0100 1.5788 0.7527
3.4062 0.0100 1.5800 0.7528
3.4062 0.0100 1.5925 0.7548
3.4062 0.0100 1.5932 0.7552
3.4062 0.0100 1.6001 0.7558
3.4062 0.0100 1.6003 0.7557
3.4062 0.0100 1.6076 0.7553
3.4062 0.0100 1.6132 0.7499
3.4062 0.0100 1.6133 0.7499
3.4062 0.0100 1.6190 0.7612
3.4062 0.0100 1.6190 0.7612
3.4062 0.0100 1.6258 0.7666
3.4062 0.0100 1.6303 0.7710
3.4062 0.0100 1.6411 0.7641
3.4062 0.0100 1.6492 0.7634
3.4062 0.2981 1.6690 0.7461
3.4062 0.2981 1.6784 0.7464
3.4062 0.2981 1.6836 0.7386
3.4062 0.2981 1.6995 0.7374
3.4062 0.2981 1.7074 0.7440
3.4062 0.2981 1.7178 0.7454
3.4062 0.2981 1.7178 0.7454
3.4062 0.2981 1.7241 0.7500
3.4062 0.2981 1.7286 0.7516
3.4062 0.2981 1.7360 0.7424
3.4062 0.2981 1.7551 0.7377
3.4062 0.2981 1.7585 0.7362
3.4062 0.2981 1.7610 0.7380
3.4062 0.2981 1.7734 0.7409
3.4062 0.2981 1.7866 0.7355
3.4062 0.2981 1.7933 0.7265
3.4062 0.2981 1.7933 0.7265
3.4062 0.2981 1.8099 0.7109
3.4062 0.2981 1.8131 0.7152
3.4062 0.2981 1.8216 0.7217
3.4062 0.2981 1.8239 0.7217
3.4062 0.2981 1.8292 0.7244
3.4062 0.2981 1.8292 0.7244
3.4062 0.2981 1.8399 0.7141
3.4062 0.2981 1.8399 0.7141
3.4062 0.2981 1.8484 0.7111
3.4062 0.2981 1.8560 0.7079
3.4062 0.2981 1.8571 0.7086
3.4062 0.2981 1.8773 0.6964
3.4062 0.2981 1.8865 0.6868
3.4062 0.2981 1.8952 0.6939
3.4062 0.2981 1.9097 0.6937
3.4062 0.2981 1.9153 0.6965
3.4062 0.2981 1.9297 0.6959
3.4062 0.2981 1.9297 0.6959
3.4062 0.2981 1.9297 0.6959
3.4062 0.2981 1.9324 0.6932
3.4062 0.2981 1.9354 0.6964
3.4062 0.2981 1.9434 0.6957
3.4062 0.2981 1.9445 0.6933
3.4062 0.2981 1.9451 0.6941
3.4062 0.2981 1.9451 0.6941
3.4062 0.2981 1.9532 0.6992
3.4062 0.2981 1.9545 0.6993
3.4062 0.2981 1.9545 0.6993
3.4062 0.2981 1.9627 0.6949
3.4062 0.2981 1.9655 0.6995
3.4062 0.2981 1.9675 0.7002
3.4062 0.2981 1.9694 0.7012
3.4062 0.2981 1.9732 0.7066
3.4062 0.2981 1.9902 0.6978
3.4062 0.2981 1.9904 0.6979
3.4062 0.2981 1.9907 0.6977
3.4062 0.2981 1.9978 0.6937
3.4062 0.2981 2.0000 0.6948
3.4062 0.2981 2.0043 0.7018
3.4062 0.2981 2.0073 0.7021
3.4062 0.2981 2.0162 0.7035
3.4062 0.2981 2.0363 0.6916
3.4062 0.2981 2.0374 0.6921
3.4062 0.2981 2.0458 0.6924
3.4062 0.2981 2.0586 0.6879
3.4062 0.2981 2.0586 0.6879
3.4062 0.2981 2.0704 0.6900
3.4062 0.2981 2.0719 0.6906
3.4062 0.2981 2.0720 0.6906
3.4062 0.2981 2.0755 0.6907
3.4062 0.2981 2.0758 0.6911
3.4062 0.2981 2.0758 0.6911
3.4062 0.2981 2.0758 0.6911
3.4062 0.2981 2.0783 0.6890
3.4062 0.2981 2.1032 0.6715
3.4062 0.2981 2.1032 0.6715
3.4062 0.2981 2.1032 0.6715
3.4062 0.2981 2.1033 0.6716
3.4062 0.2981 2.1207 0.6698
3.4062 0.2981 2.1208 0.6697
3.4062 0.2981 2.1208 0.6697
3.4062 0.2981 2.1244 0.6655
3.4062 0.2981 2.1244 0.6655
3.4062 0.2981 2.1297 0.6666
3.4062 0.2981 2.1297 0.6666
3.4062 0.2981 2.1305 0.6655
3.4062 0.2981 2.1305 0.6655
3.4062 0.2981 2.1358 0.6679
3.4062 0.2981 2.1362 0.6682
3.4062 0.2981 2.1374 0.6686
3.4062 0.2981 2.1374 0.6686
3.4062 0.2981 2.1402 0.6693
3.4062 0.2981 2.1402 0.6693
3.4062 0.2981 2.1537 0.6634
3.4062 0.2981 2.1537 0.6634
3.4062 0.2981 2.1592 0.6644
3.4062 0.2981 2.1666 0.6583
3.4062 0.2981 2.1724 0.6542
3.4062 0.2981 2.1724 0.6542
3.4062 0.2981 2.1724 0.6542
3.4062 0.2981 2.1736 0.6546
3.4062 0.2981 2.1736 0.6546
3.4062 0.2981 2.1796 0.6496
3.4062 0.2981 2.1869 0.6436
3.4986 0.2981 2.2039 0.6592
3.4986 0.2981 2.2167 0.6514
3.4986 0.2981 2.2184 0.6522
3.4986 0.2981 2.2192 0.6529
3.4986 0.2981 2.2213 0.6545
3.4986 0.2981 2.2234 0.6559
3.4986 0.2981 2.2234 0.6559
3.4986 0.2981 2.2234 0.6559
3.4986 0.2981 2.2292 0.6487
3.4986 0.2981 2.2323 0.6513
3.4986 0.2981 2.2323 0.6513
3.4986 0.2981 2.2365 0.6542
3.4986 0.2981 2.2399 0.6539
3.4986 0.2981 2.2399 0.6539
3.4986 0.2981 2.2465 0.6473
3.4986 0.2981 2.2465 0.6473
3.4986 0.2981 2.2551 0.6402
3.4986 0.2981 2.2551 0.6402
3.4986 0.2981 2.2703 0.6172
3.4986 0.2981 2.2703 0.6172
3.4986 0.2981 2.2830 0.6148
3.4986 0.2981 2.2957 0.6047
3.4986 0.2981 2.2983 0.6089
3.4986 0.2981 2.2989 0.6091
3.4986 0.2981 2.2991 0.6091
3.4986 0.2981 2.3154 0.5762
3.4986 0.2981 2.3155 0.5762
3.4986 0.2981 2.3296 0.5918
3.4986 0.2981 2.3296 0.5918
3.4986 0.2981 2.3296 0.5918
3.4986 0.2981 2.3296 0.5918
3.4986 0.2981 2.3296 0.5918
3.4986 0.2981 2.3344 0.5884
3.4986 0.2981 2.3353 0.5886
3.4986 0.2981 2.3353 0.5886
3.4986 0.2981 2.3382 0.5876
3.4986 0.2981 2.3382 0.5876
3.4986 0.2981 2.3382 0.5876
3.4986 0.2981 2.3489 0.5725
3.4986 0.2981 2.3492 0.5726
3.4986 0.2981 2.3492 0.5726
3.4986 0.2981 2.3508 0.5726
3.4986 0.2981 2.3541 0.5732
3.4986 0.2981 2.3569 0.5736
3.4986 0.2981 2.3599 0.5714
3.4986 0.2981 2.3599 0.5714
3.4986 0.2981 2.3625 0.5702
3.4986 0.2981 2.3689 0.5604
3.4986 0.2981 2.3689 0.5604
3.4986 0.2981 2.3689 0.5604
3.4986 0.2981 2.3689 0.5604
3.4986 0.2981 2.3689 0.5604
3.4986 0.2981 2.3689 0.5604
3.4986 0.2981 2.3704 0.5596
3.4986 0.2981 2.3704 0.5596
3.4986 0.2981 2.3704 0.5596
3.4986 0.2981 2.3766 0.5626
3.4986 0.2981 2.3848 0.5586
3.4986 0.2981 2.3848 0.5586
3.4986 0.2981 2.3919 0.5548
3.4986 0.2981 2.3919 0.5548
3.4986 0.2981 2.4138 0.5188
3.4986 0.2981 2.4138 0.5188
3.4986 0.2981 2.4179 0.5166
3.4986 0.2981 2.4194 0.5168
3.4986 0.2981 2.4194 0.5168
3.4986 0.2981 2.4194 0.5168
3.4986 0.2981 2.4203 0.5170
3.4986 0.2981 2.4203 0.5170
3.4986 0.2981 2.4203 0.5170
3.4986 0.2981 2.4203 0.5170
3.4986 0.2981 2.4203 0.5170
3.4986 0.2981 2.4203 0.5170
3.4986 0.2981 2.4208 0.5172
3.4986 0.2981 2.4208 0.5172
3.4986 0.2981 2.4208 0.5172
3.4986 0.2981 2.4327 0.5122
3.4986 0.2981 2.4348 0.5100
3.4986 0.2981 2.4370 0.5073
3.4986 0.2981 2.4443 0.5125
3.4986 0.2981 2.4572 0.4963
3.4986 0.2981 2.4586 0.4952
3.4986 0.2981 2.4621 0.4965
3.4986 0.2981 2.4621 0.4965
3.4986 0.2981 2.4633 0.4968
3.4986 0.2981 2.4633 0.4968
3.4986 0.2981 2.4680 0.4900
3.4986 0.2981 2.4735 0.4882
3.4986 0.2981 2.4766 0.4868
3.4986 0.2981 2.4766 0.4868
3.4986 0.2981 2.4821 0.4845
3.4986 0.2981 2.4822 0.4844
3.4986 0.2981 2.4849 0.4840
3.4986 0.2981 2.4852 0.4841
3.4986 0.2981 2.4854 0.4841
3.4986 0.2981 2.4942 0.4767
3.4986 0.2981 2.4949 0.4769
3.4986 0.2981 2.5076 0.4822
3.4986 0.2981 2.5076 0.4822
3.4986 0.2981 2.5125 0.4827
3.4986 0.2981 2.5221 0.4920
3.4986 0.2981 2.5221 0.4920
3.4986 0.2981 2.5362 0.4732
3.4986 0.2981 2.5362 0.4732
3.4986 0.2981 2.5451 0.4798
3.4986 0.2981 2.5457 0.4799
3.4986 0.2981 2.5458 0.4799
3.4986 0.2981 2.5513 0.4859
3.4986 0.2981 2.5570 0.4830
3.4986 0.2981 2.5619 0.4845
3.4986 0.2981 2.5619 0.4845
3.4986 0.2981 2.5623 0.4842
3.4986 0.2981 2.5623 0.4842
3.4986 0.2981 2.5623 0.4842
3.4986 0.2981 2.5623 0.4842
3.4986 0.2981 2.5644 0.4822
3.4986 0.2981 2.5667 0.4829
3.4986 0.2981 2.5671 0.4828
3.4986 0.2981 2.5718 0.4796
3.4986 0.2981 2.5755 0.4804
3.4986 0.2981 2.5755 0.4804
3.4986 0.2981 2.5755 0.4804
3.4986 0.2981 2.5755 0.4804
3.4986 0.2981 2.5769 0.4813
3.4986 0.2981 2.5777 0.4803
3.4986 0.2981 2.5785 0.4803
3.4986 0.2981 2.5793 0.4806
3.5027 0.2981 2.5809 0.4834
3.5027 0.2981 2.5853 0.4815
3.5027 0.2981 2.5853 0.4815
3.5027 0.2981 2.5853 0.4815
3.5027 0.2981 2.5908 0.4869
3.5027 0.2981 2.5909 0.4869
3.5027 0.2981 2.5909 0.4869
3.5027 0.2981 2.5910 0.4869
3.5027 0.2981 2.5910 0.4869
3.5027 0.2981 2.5936 0.4862
3.5027 0.2981 2.5936 0.4862
3.5027 0.2981 2.6003 0.4847
3.5027 0.2981 2.6131 0.4895
3.7050 0.2981 2.6273 0.5079
3.7050 0.2981 2.6302 0.5079
3.7050 0.2981 2.6393 0.5050
3.7050 0.2981 2.6395 0.5051
3.7050 0.2981 2.6483 0.5110
3.7050 0.2981 2.6483 0.5110
3.7050 0.2981 2.6483 0.5110
3.7050 0.2981 2.6483 0.5110
3.7050 0.2981 2.6516 0.5079
3.7050 0.2981 2.6516 0.5079
3.7050 0.2981 2.6516 0.5079
3.7050 0.2981 2.6516 0.5079
3.7050 0.2981 2.6516 0.5079
3.7050 0.2981 2.6528 0.5083
3.7050 0.2981 2.6541 0.5089
3.7050 0.2981 2.6541 0.5089
3.7050 0.2981 2.6629 0.5063
3.7050 0.2981 2.6665 0.5063
3.7050 0.2981 2.6697 0.5070
3.7050 0.2981 2.6742 0.5024
3.7050 0.2981 2.6742 0.5024
3.7050 0.2981 2.6853 0.5102
3.7050 0.2981 2.6935 0.4997
3.7050 0.2981 2.6967 0.4967
3.7050 0.2981 2.7024 0.4942
3.7050 0.2981 2.7119 0.4985
3.7050 0.2981 2.7163 0.5021
3.7050 0.2981 2.7163 0.5021
3.7050 0.2981 2.7163 0.5021
3.7050 0.2981 2.7187 0.5019
3.7050 0.2981 2.7203 0.5013
3.7050 0.2981 2.7203 0.5013
3.7050 0.2981 2.7226 0.5015
3.7050 0.2981 2.7226 0.5015
3.7050 0.2981 2.7233 0.5024
3.7050 0.2981 2.7233 0.5024
3.7198 0.2981 2.7367 0.5109
3.7198 0.2981 2.7400 0.5147
3.7198 0.2981 2.7450 0.5132
3.7198 0.2981 2.7507 0.5149
3.7198 0.2981 2.7507 0.5149
3.7198 0.2981 2.7507 0.5149
3.7198 0.2981 2.7603 0.5181
3.7198 0.2981 2.7665 0.5166
3.7198 0.2981 2.7665 0.5166
3.7198 0.2981 2.7665 0.5166
3.7198 0.2981 2.7666 0.5166
3.7198 0.2981 2.7678 0.5168
3.7198 0.2981 2.7679 0.5166
3.7198 0.2981 2.7684 0.5165
3.7198 0.2981 2.7691 0.5167
3.7198 0.2981 2.7750 0.5179
3.7198 0.2981 2.7775 0.5161
3.7198 0.2981 2.7829 0.5154
3.7198 0.2981 2.7842 0.5152
3.7198 0.2981 2.7897 0.5191
3.7198 0.2981 2.7897 0.5191
3.7198 0.2981 2.7931 0.5191
3.7198 0.2981 2.7998 0.5253
3.7198 0.2981 2.8077 0.5287
3.7198 0.2981 2.8077 0.5287
3.7198 0.2981 2.8077 0.5287
3.7198 0.2981 2.8121 0.5305
3.7198 0.2981 2.8124 0.5303
3.7198 0.2981 2.8186 0.5340
3.7198 0.2981 2.8212 0.5359
3.7198 0.2981 2.8249 0.5353
3.7198 0.2981 2.8382 0.5316
3.7198 0.2981 2.8398 0.5310
3.7198 0.2981 2.8398 0.5310
3.7198 0.2981 2.8460 0.5287
3.7198 0.2981 2.8543 0.5319
3.7198 0.2981 2.8644 0.5238
3.7198 0.2981 2.8753 0.5222
3.7198 0.2981 2.8767 0.5221
3.7198 0.2981 2.8842 0.5285
3.7198 0.2981 2.8842 0.5285
3.7198 0.2981 2.8867 0.5311
3.7198 0.2981 2.8908 0.5293
3.7198 0.2981 2.8958 0.5323
3.7198 0.2981 2.8981 0.5349
3.7198 0.2981 2.9043 0.5306
3.7198 0.2981 2.9175 0.5144
3.7198 0.2981 2.9233 0.5168
3.7198 0.2981 2.9233 0.5168
3.7198 0.2981 2.9233 0.5168
3.7198 0.9461 2.9298 0.4870
3.7198 0.9461 2.9332 0.4849
3.7825 0.9461 2.9420 0.4922
3.7825 0.9461 2.9420 0.4922
3.7825 0.9461 2.9544 0.4964
3.7825 0.9461 2.9560 0.4955
3.7825 0.9461 2.9572 0.4967
3.7825 0.9461 2.9597 0.4925
3.7825 0.9461 2.9612 0.4913
3.7825 0.9461 2.9675 0.4866
3.7825 0.9461 2.9707 0.4874
3.7825 0.9461 2.9785 0.4807
3.7825 0.9461 2.9877 0.4824
3.7825 0.9461 3.0009 0.4808
3.7825 0.9461 3.0009 0.4808
3.7825 0.9461 3.0069 0.4812
3.7825 0.9461 3.0075 0.4820
3.7825 0.9461 3.0075 0.4820
3.7825 0.9461 3.0075 0.4820
3.7825 0.9461 3.0150 0.4870
3.7825 0.9461 3.0150 0.4870
3.7825 0.9461 3.0283 0.4896
3.7825 0.9461 3.0283 0.4896
3.7825 0.9461 3.0283 0.4896
3.7825 0.9461 3.0283 0.4896
3.7825 0.9461 3.0294 0.4895
3.7825 0.9461 3.0312 0.4882
3.7825 0.9461 3.0331 0.4867
3.7825 0.9461 3.0398 0.4848
3.7825 0.9461 3.0475 0.4874
3.7825 0.9461 3.0559 0.4867
3.7825 0.9461 3.0559 0.4867
3.7825 0.9461 3.0579 0.4879
3.7825 0.9461 3.0579 0.4879
3.7825 0.9461 3.0579 0.4879
3.7825 0.9461 3.0587 0.4877
3.7825 0.9461 3.0587 0.4877
3.7825 0.9461 3.0587 0.4877
3.7825 0.9461 3.0738 0.4840
3.7825 0.9461 3.0749 0.4848
3.7825 0.9461 3.0755 0.4844
3.7825 0.9461 3.0779 0.4817
3.7825 0.9461 3.0779 0.4817
3.7825 0.9461 3.0835 0.4815
3.7825 0.9461 3.0858 0.4843
3.7825 0.9461 3.0976 0.4849
3.7825 0.9461 3.1056 0.4837
3.7825 0.9461 3.1056 0.4837
3.7825 0.9461 3.1056 0.4837
3.7825 0.9461 3.1083 0.4863
3.7825 0.9461 3.1102 0.4878
3.7825 0.9461 3.1167 0.4873
3.7825 0.9461 3.1181 0.4854
3.7825 0.9461 3.1181 0.4854
3.7825 0.9461 3.1181 0.4854
3.7825 0.9461 3.1181 0.4854
3.7825 0.9461 3.1251 0.4865
3.7825 0.9461 3.1254 0.4867
3.7825 1.9311 3.1452 0.4352
3.7911 1.9311 3.1481 0.4385
3.7911 1.9311 3.1491 0.4379
3.7911 1.9311 3.1491 0.4379
3.7911 1.9311 3.1550 0.4386
3.7911 1.9311 3.1550 0.4386
3.7911 1.9311 3.1568 0.4405
3.7911 1.9311 3.1571 0.4407
3.7911 1.9311 3.1661 0.4442
3.7911 1.9311 3.1677 0.4418
3.7911 1.9311 3.1677 0.4418
3.7911 1.9311 3.1679 0.4416
3.7911 1.9311 3.1758 0.4397
3.7911 1.9311 3.1758 0.4397
3.8012 1.9311 3.1768 0.4409
3.8012 1.9311 3.1768 0.4409
3.8012 1.9311 3.1860 0.4424
3.8012 1.9311 3.1860 0.4424
3.8012 1.9311 3.1860 0.4424
3.8012 1.9311 3.1902 0.4419
3.8012 1.9311 3.1940 0.4460
3.8012 1.9311 3.1940 0.4460
3.8012 1.9908 3.1946 0.4443
3.8012 1.9908 3.1946 0.4443
3.8012 1.9908 3.1946 0.4443
3.8012 1.9908 3.1949 0.4442
3.8012 1.9908 3.1949 0.4442
3.8012 1.9908 3.1949 0.4441
3.8012 1.9908 3.2017 0.4365
3.8012 1.9908 3.2115 0.4342
3.8012 1.9908 3.2190 0.4292
3.8012 1.9908 3.2190 0.4292
3.8012 1.9908 3.2190 0.4292
3.8012 1.9908 3.2190 0.4292
3.8012 1.9908 3.2208 0.4300
3.8012 1.9908 3.2243 0.4332
3.8012 1.9908 3.2251 0.4341
3.8012 1.9908 3.2251 0.4341
3.8012 2.0559 3.2376 0.4160
3.8012 2.0559 3.2394 0.4171
3.8012 2.0559 3.2394 0.4171
3.8012 2.0559 3.2394 0.4171
3.8012 2.0559 3.2492 0.4116
3.8012 2.0559 3.2546 0.4109
3.8012 2.1525 3.2674 0.3929
3.8012 2.1525 3.2674 0.3929
3.8012 2.1525 3.2681 0.3931
3.8012 2.1525 3.2706 0.3951
3.8012 2.1525 3.2828 0.3882
3.8012 2.1525 3.2907 0.3854
3.8012 2.1525 3.2907 0.3854
3.8012 2.1525 3.2907 0.3854
3.8012 2.1525 3.2911 0.3856
3.8012 2.1525 3.2911 0.3856
3.8012 2.1525 3.2915 0.3858
3.8012 2.1525 3.2919 0.3858
3.8015 2.1525 3.2919 0.3858
3.8015 2.1525 3.2919 0.3858
3.8015 2.1525 3.2949 0.3842
3.8015 2.1525 3.2949 0.3842
3.8015 2.1525 3.2949 0.3842
3.8015 2.1525 3.2996 0.3809
3.8015 2.1525 3.3084 0.3801
3.8015 2.1525 3.3091 0.3793
3.8015 2.1525 3.3175 0.3804
3.8015 2.1525 3.3184 0.3790
3.8015 2.1525 3.3259 0.3782
3.8015 2.1525 3.3264 0.3781
3.8015 2.1525 3.3304 0.3761
3.8015 2.1525 3.3354 0.3744
3.8015 2.1525 3.3354 0.3744
3.8015 2.1525 3.3354 0.3744
3.8015 2.1525 3.3382 0.3761
3.8015 2.1525 3.3382 0.3761
3.8015 2.1525 3.3478 0.3751
3.8015 2.1525 3.3478 0.3751
3.8015 2.1525 3.3489 0.3759
3.8015 2.1525 3.3489 0.3759
3.8015 2.1525 3.3499 0.3762
3.8015 2.1525 3.3585 0.3762
3.8015 2.1525 3.3594 0.3771
3.8015 2.1525 3.3679 0.3690
3.8015 2.1525 3.3679 0.3690
3.8015 2.1525 3.3679 0.3690
3.8015 2.1525 3.3683 0.3689
3.8015 2.1525 3.3683 0.3689
3.8015 2.1525 3.3683 0.3689
3.8015 2.1525 3.3684 0.3689
3.8015 2.1525 3.3684 0.3689
3.8015 2.1525 3.3684 0.3689
3.8015 2.1525 3.3684 0.3689
3.8015 2.1525 3.3684 0.3689
3.8015 2.1525 3.3684 0.3689
3.8015 2.1525 3.3700 0.3698
3.8015 2.1525 3.3703 0.3701
3.8015 2.1525 3.3720 0.3704
3.8015 2.1525 3.3802 0.3625
3.8015 2.1525 3.3802 0.3625
3.8015 2.1525 3.3802 0.3625
3.8015 2.1525 3.3864 0.3578
3.8015 2.1525 3.3943 0.3557
3.8015 2.1525 3.3973 0.3566
3.8015 2.1525 3.3981 0.3574
3.8015 2.1525 3.3981 0.3574
3.8015 2.1525 3.4023 0.3595
3.8015 2.1525 3.4023 0.3595
3.8015 2.1525 3.4079 0.3568
3.8015 2.1525 3.4102 0.3585
3.8015 2.1525 3.4102 0.3585
3.8015 2.1525 3.4175 0.3609
3.8015 2.1525 3.4262 0.3596
3.8015 2.1525 3.4262 0.3596
3.8015 2.1525 3.4262 0.3596
3.8015 2.1525 3.4262 0.3596
3.8015 2.1525 3.4324 0.3526
3.8015 2.1525 3.4324 0.3526
3.8015 2.1525 3.4364 0.3545
3.8015 2.1525 3.4378 0.3554
3.8015 2.1525 3.4378 0.3554
3.8015 2.1525 3.4426 0.3516
3.8015 2.1525 3.4449 0.3523
3.8015 2.1525 3.4476 0.3539
3.8015 2.1525 3.4481 0.3525
3.8015 2.1525 3.4491 0.3521
3.8015 2.1525 3.4491 0.3521
3.8830 2.1525 3.4514 0.3541
3.8830 2.1525 3.4516 0.3544
3.8830 2.1525 3.4516 0.3544
3.8830 2.1525 3.4549 0.3511
3.8830 2.1525 3.4551 0.3513
3.8830 2.1525 3.4573 0.3465
3.8830 2.1525 3.4598 0.3480
3.8830 2.1525 3.4598 0.3480
3.8830 2.1525 3.4598 0.3480
3.8830 2.1525 3.4602 0.3484
3.8830 2.2458 3.4739 0.3227
3.8830 2.2458 3.4739 0.3227
3.8830 2.2458 3.4752 0.3240
3.8830 2.2458 3.4752 0.3240
3.8830 2.2458 3.4754 0.3242
3.8830 2.2458 3.4781 0.3249
3.8830 2.2458 3.4804 0.3258
3.8830 2.2458 3.4811 0.3265
3.8830 2.2458 3.4811 0.3265
3.8830 2.2458 3.4889 0.3224
3.8830 2.2458 3.4941 0.3225
3.8830 2.2458 3.4962 0.3229
3.8830 2.2458 3.4999 0.3240
3.8830 2.2458 3.4999 0.3240
3.8830 2.2458 3.5024 0.3242
3.8830 2.2458 3.5034 0.3250
3.8830 2.2458 3.5094 0.3202
3.8830 2.2458 3.5190 0.3145
3.8830 2.2458 3.5199 0.3141
3.8830 2.2458 3.5199 0.3141
3.8830 2.6149 3.5305 0.2877
3.8830 2.6149 3.5305 0.2877
3.8830 2.6149 3.5402 0.2788
3.8830 2.6149 3.5402 0.2788
3.8830 2.6149 3.5402 0.2788
3.8830 2.6149 3.5408 0.2795
3.8830 2.6149 3.5435 0.2781
3.8830 2.6149 3.5463 0.2791
3.8830 2.6149 3.5506 0.2783
3.8830 2.6149 3.5515 0.2780
3.8830 2.6149 3.5515 0.2780
3.8830 2.6149 3.5515 0.2780
3.8830 2.6149 3.5522 0.2785
3.8830 2.6149 3.5555 0.2759
3.8830 2.6149 3.5593 0.2778
3.8830 2.6149 3.5593 0.2778
3.8830 2.6149 3.5593 0.2778
3.8830 2.6149 3.5593 0.2778
3.8830 2.6149 3.5593 0.2778
3.8830 2.6149 3.5605 0.2781
3.8830 2.6149 3.5605 0.2781
3.8830 2.6149 3.5610 0.2782
3.8830 2.6149 3.5614 0.2779
3.8830 2.6149 3.5652 0.2789
3.8830 2.6149 3.5652 0.2789
3.8830 2.6182 3.5777 0.2636
3.8830 2.6182 3.5796 0.2626
3.8830 2.6182 3.5796 0.2626
3.8830 2.6182 3.5796 0.2626
3.8830 2.6182 3.5805 0.2620
3.8830 2.6182 3.5805 0.2620
3.8830 2.6182 3.5805 0.2620
3.8830 2.6182 3.5833 0.2618
3.8830 2.6182 3.5834 0.2619
3.8830 2.6182 3.5834 0.2619
3.8830 2.6182 3.5834 0.2619
3.8830 2.6182 3.5846 0.2619
3.8830 2.6182 3.5882 0.2611
3.8830 2.6182 3.5882 0.2611
3.8830 2.6182 3.5882 0.2611
3.8830 2.6182 3.5882 0.2611
3.8830 2.6182 3.5882 0.2611
3.8830 2.6182 3.5882 0.2611
3.8830 2.6182 3.5966 0.2524
3.8830 2.6182 3.6007 0.2532
3.9132 2.6182 3.6079 0.2564
3.9132 2.6182 3.6093 0.2573
3.9132 2.6182 3.6093 0.2573
3.9132 2.6182 3.6093 0.2573
3.9132 2.6182 3.6097 0.2576
3.9132 2.6182 3.6098 0.2575
3.9132 2.6182 3.6115 0.2582
3.9132 2.6182 3.6134 0.2576
3.9132 2.6182 3.6150 0.2561
3.9132 2.6182 3.6219 0.2473
3.9132 2.6182 3.6219 0.2473
3.9132 2.6182 3.6219 0.2473
3.9132 2.6182 3.6219 0.2473
3.9132 2.6182 3.6242 0.2474
3.9132 2.6182 3.6261 0.2472
3.9132 2.6182 3.6261 0.2472
3.9132 2.6182 3.6334 0.2448
3.9132 2.6182 3.6337 0.2447
3.9132 2.6182 3.6422 0.2345
3.9132 2.6182 3.6449 0.2338
3.9132 2.6182 3.6449 0.2338
3.9132 2.6182 3.6495 0.2323
3.9887 2.6182 3.6516 0.2344
3.9887 2.6182 3.6516 0.2344
3.9887 2.6182 3.6516 0.2344
3.9887 2.6182 3.6575 0.2240
3.9887 2.6182 3.6575 0.2241
3.9887 2.6182 3.6577 0.2242
3.9887 2.6182 3.6587 0.2242
3.9887 2.6182 3.6587 0.2242
3.9887 2.6182 3.6592 0.2245
3.9887 2.6182 3.6598 0.2247
3.9887 2.6182 3.6598 0.2247
4.0455 2.6182 3.6657 0.2308
4.0455 2.6182 3.6666 0.2311
4.0455 2.6182 3.6666 0.2311
4.0455 2.6182 3.6667 0.2312
4.0455 2.6182 3.6702 0.2305
4.0455 2.6182 3.6715 0.2322
4.0455 2.6182 3.6735 0.2330
4.0455 2.6182 3.6781 0.2309
4.0455 2.6182 3.6781 0.2309
4.0455 2.6182 3.6813 0.2284
4.0455 2.6182 3.6823 0.2296
4.0455 2.6182 3.6834 0.2305
4.0455 2.6182 3.6834 0.2305
4.0455 2.6182 3.6866 0.2279
4.0455 2.6182 3.6866 0.2279
4.0455 2.6182 3.6866 0.2279
4.0455 2.7302 3.6974 0.2010
4.0455 2.7302 3.7011 0.2010
4.0455 2.7302 3.7011 0.2010
4.0455 2.7302 3.7036 0.2008
4.2647 2.7302 3.7071 0.2074
4.2647 2.7302 3.7145 0.1965
4.2647 2.7302 3.7145 0.1965
4.2647 2.7302 3.7147 0.1965
4.2647 2.7302 3.7147 0.1965
4.2647 2.7302 3.7158 0.1969
4.2647 2.7302 3.7182 0.1991
4.2647 2.7302 3.7182 0.1991
4.2647 2.7302 3.7185 0.1992
4.2647 2.7302 3.7228 0.1948
4.2647 2.7302 3.7228 0.1948
4.2647 2.7302 3.7238 0.1949
4.2647 2.7302 3.7238 0.1949
4.2647 2.7302 3.7238 0.1949
4.2647 2.7302 3.7285 0.1935
4.2647 2.7302 3.7285 0.1935
4.2647 2.7302 3.7305 0.1942
4.2647 2.7302 3.7305 0.1942
4.2647 2.7302 3.7305 0.1942
4.2647 2.7302 3.7313 0.1947
4.2647 2.7302 3.7313 0.1947
4.2647 2.7302 3.7326 0.1947
4.2647 2.7302 3.7326 0.1947
4.2647 2.7302 3.7334 0.1951
4.2647 2.7302 3.7334 0.1951
4.2647 2.7302 3.7352 0.1957
4.2647 2.7302 3.7352 0.1957
4.2647 2.7302 3.7370 0.1938
4.2647 2.7302 3.7378 0.1935
4.2647 2.7302 3.7382 0.1934
4.2647 2.7302 3.7382 0.1934
4.2647 2.7302 3.7382 0.1934
4.2647 2.7302 3.7407 0.1922
4.2647 2.7302 3.7407 0.1922
4.2647 2.7302 3.7407 0.1922
4.2647 2.7302 3.7407 0.1922
4.2647 3.0547 3.7478 0.1662
4.2647 3.0547 3.7496 0.1662
4.2647 3.0547 3.7508 0.1679
4.2647 3.0547 3.7543 0.1703
4.2647 3.0547 3.7543 0.1703
4.2647 3.0547 3.7568 0.1691
4.2647 3.0547 3.7568 0.1691
4.2647 3.0547 3.7573 0.1695
4.2647 3.0547 3.7586 0.1682
4.2647 3.0547 3.7586 0.1682
4.2647 3.0547 3.7599 0.1679
4.2647 3.0547 3.7599 0.1679
4.2647 3.0547 3.7601 0.1679
4.2647 3.0547 3.7606 0.1681
4.2647 3.0547 3.7636 0.1689
4.2647 3.0547 3.7639 0.1690
4.2647 3.0547 3.7639 0.1690
4.2647 3.0547 3.7641 0.1688
4.2647 3.0547 3.7647 0.1690
4.2647 3.0547 3.7649 0.1690
4.2647 3.0547 3.7711 0.1679
4.2647 3.0547 3.7718 0.1679
4.2647 3.0547 3.7720 0.1678
4.2647 3.0547 3.7720 0.1678
4.2647 3.0547 3.7720 0.1678
4.2647 3.0547 3.7734 0.1683
4.2647 3.0547 3.7734 0.1683
4.2647 3.0547 3.7734 0.1683
4.2647 3.0547 3.7792 0.1603
4.2647 3.0547 3.7814 0.1602
4.2647 3.0547 3.7816 0.1602
4.2647 3.0547 3.7820 0.1600
4.2647 3.0547 3.7820 0.1600
4.2647 3.0547 3.7820 0.1600
4.2647 3.0547 3.7843 0.1625
4.2647 3.0547 3.7843 0.1625
4.2647 3.0547 3.7875 0.1586
4.2647 3.0547 3.7886 0.1589
4.2647 3.0547 3.7903 0.1589
4.2647 3.0547 3.7926 0.1612
4.2647 3.0547 3.7928 0.1612
4.2647 3.0547 3.7928 0.1612
4.2647 3.0547 3.7952 0.1632
4.2647 3.0547 3.7976 0.1651
4.2647 3.0547 3.7986 0.1653
4.2647 3.0547 3.8007 0.1667
4.2647 3.0547 3.8008 0.1668
4.2647 3.0547 3.8008 0.1668
4.2647 3.0547 3.8008 0.1668
4.2647 3.0547 3.8058 0.1717
4.2647 3.0547 3.8058 0.1717
4.2647 3.0547 3.8058 0.1717
4.2647 3.0547 3.8069 0.1719
4.2647 3.0547 3.8072 0.1721
4.2647 3.0547 3.8093 0.1708
4.2647 3.0547 3.8121 0.1729
4.2647 3.0547 3.8123 0.1729
4.2647 3.0547 3.8145 0.1752
4.2647 3.0547 3.8145 0.1752
4.2647 3.0547 3.8148 0.1750
4.2647 3.0547 3.8167 0.1768
4.2647 3.0547 3.8184 0.1776
4.2647 3.0547 3.8211 0.1780
4.2647 3.0547 3.8214 0.1780
4.2647 3.0547 3.8214 0.1780
4.2647 3.0547 3.8232 0.1778
4.2647 3.0547 3.8234 0.1777
4.2647 3.0547 3.8239 0.1777
4.2647 3.0547 3.8239 0.1777
4.2647 3.0547 3.8248 0.1792
4.2647 3.0547 3.8248 0.1792
4.2647 3.0547 3.8258 0.1793
4.2647 3.0547 3.8258 0.1793
4.2647 3.0547 3.8286 0.1738
4.2647 3.0547 3.8286 0.1738
4.2647 3.0547 3.8286 0.1738
4.2647 3.0547 3.8302 0.1734
4.2647 3.0547 3.8311 0.1735
4.2647 3.0547 3.8312 0.1734
4.2647 3.0547 3.8312 0.1734
4.2647 3.0547 3.8312 0.1734
4.2647 3.0547 3.8312 0.1734
4.2647 3.0547 3.8312 0.1734
4.2647 3.0547 3.8312 0.1734
4.2647 3.0547 3.8312 0.1734
4.2647 3.0547 3.8312 0.1734
4.2647 3.0547 3.8327 0.1731
4.2647 3.0547 3.8327 0.1731
4.2647 3.0547 3.8374 0.1739
4.2647 3.0547 3.8374 0.1739
4.2647 3.0547 3.8392 0.1753
4.2647 3.0547 3.8392 0.1753
4.2647 3.0547 3.8393 0.1753
4.2647 3.0547 3.8393 0.1753
4.2647 3.0547 3.8404 0.1759
4.2647 3.0547 3.8406 0.1761
4.2647 3.0547 3.8406 0.1761
4.2647 3.0547 3.8406 0.1761
4.2647 3.0547 3.8409 0.1760
4.2647 3.0547 3.8409 0.1760
4.2647 3.0547 3.8409 0.1760
4.2647 3.0547 3.8411 0.1761
4.2647 3.0547 3.8432 0.1768
4.2647 3.0547 3.8452 0.1778
4.2647 3.0547 3.8452 0.1778
4.2647 3.0547 3.8452 0.1778
4.2647 3.0547 3.8471 0.1778
4.2647 3.0547 3.8490 0.1775
4.2647 3.0547 3.8490 0.1775
4.2647 3.0547 3.8490 0.1775
4.2647 3.0547 3.8490 0.1775
4.2647 3.0547 3.8490 0.1775
4.2647 3.0547 3.8490 0.1775
4.2647 3.0547 3.8505 0.1766
4.2647 3.0547 3.8570 0.1755
4.2647 3.0547 3.8590 0.1749
4.2647 3.0547 3.8602 0.1749
4.2647 3.0547 3.8602 0.1749
4.2647 3.0547 3.8602 0.1749
4.2647 3.0547 3.8602 0.1749
4.2647 3.0547 3.8643 0.1753
4.2647 3.0547 3.8660 0.1761
4.2647 3.0547 3.8660 0.1760
4.2647 3.0547 3.8660 0.1760
4.2647 3.0547 3.8717 0.1680
4.2647 3.0547 3.8721 0.1680
4.2647 3.0547 3.8721 0.1680
4.2647 3.0547 3.8729 0.1681
4.2647 3.0547 3.8764 0.1678
4.2647 3.0547 3.8764 0.1678
4.2647 3.0547 3.8764 0.1678
4.2647 3.0547 3.8764 0.1678
4.2647 3.0547 3.8793 0.1672
4.2647 3.0547 3.8811 0.1664
4.2647 3.0547 3.8816 0.1664
4.2647 3.0547 3.8816 0.1664
4.2647 3.0547 3.8816 0.1664
4.2647 3.0547 3.8846 0.1659
4.2647 3.0547 3.8847 0.1659
4.2647 3.0547 3.8856 0.1662
4.2647 3.0547 3.8872 0.1680
4.2647 3.0547 3.8885 0.1683
4.2647 3.0547 3.8905 0.1696
4.2647 3.4317 3.8984 0.1474
4.2647 3.4317 3.9039 0.1496
4.2647 3.4317 3.9039 0.1496
4.2647 3.4317 3.9039 0.1496
4.2647 3.4317 3.9064 0.1512
4.2647 3.4317 3.9064 0.1512
4.2647 3.4317 3.9064 0.1512
4.2647 3.4317 3.9064 0.1512
4.2647 3.4317 3.9064 0.1512
4.2647 3.4317 3.9064 0.1512
4.2647 3.4317 3.9078 0.1507
4.2647 3.4317 3.9120 0.1488
4.2647 3.4317 3.9146 0.1498
4.2647 3.4317 3.9179 0.1488
4.2647 3.4317 3.9179 0.1488
4.2647 3.4317 3.9179 0.1488
4.2647 3.4317 3.9179 0.1488
4.2647 3.4317 3.9203 0.1488
4.2647 3.4317 3.9206 0.1487
4.2647 3.4317 3.9220 0.1482
4.2647 3.4317 3.9229 0.1485
4.2647 3.5541 3.9302 0.1419
4.2647 3.5541 3.9309 0.1405
4.2647 3.5541 3.9309 0.1405
4.2647 3.5541 3.9309 0.1405
4.2647 3.5541 3.9309 0.1405
4.2647 3.5541 3.9309 0.1405
4.2647 3.5541 3.9309 0.1405
4.2647 3.5541 3.9309 0.1405
4.2647 3.5541 3.9315 0.1401
4.2647 3.5541 3.9315 0.1401
4.2647 3.5541 3.9315 0.1401
4.2647 3.5541 3.9315 0.1401
4.2647 3.5541 3.9336 0.1376
4.2647 3.5541 3.9336 0.1376
4.2647 3.5541 3.9341 0.1379
4.2647 3.5541 3.9341 0.1379
4.2647 3.5541 3.9341 0.1379
4.2647 3.5541 3.9341 0.1379
4.2647 3.5541 3.9353 0.1381
4.2647 3.5541 3.9374 0.1359
4.2647 3.5541 3.9374 0.1359
4.2647 3.5541 3.9374 0.1359
4.2647 3.5541 3.9395 0.1355
4.2647 3.5541 3.9397 0.1354
4.2647 3.5541 3.9401 0.1358
4.2647 3.5541 3.9427 0.1373
4.2647 3.5541 3.9427 0.1373
4.2647 3.5541 3.9427 0.1373
4.2647 3.5541 3.9447 0.1382
4.3908 3.5541 3.9498 0.1447
4.3908 3.5541 3.9498 0.1447
4.3908 3.5541 3.9498 0.1447
4.3908 3.5541 3.9515 0.1420
4.3908 3.5541 3.9515 0.1420
4.3908 3.5541 3.9517 0.1423
4.3908 3.5541 3.9517 0.1423
4.3908 3.5541 3.9517 0.1423
4.3908 3.5541 3.9537 0.1417
4.3908 3.5541 3.9537 0.1417
4.3908 3.5541 3.9537 0.1417
4.3908 3.5541 3.9547 0.1416
4.3908 3.5541 3.9547 0.1416
4.3908 3.5541 3.9558 0.1408
4.3908 3.5541 3.9558 0.1408
4.3908 3.5541 3.9564 0.1407
4.3908 3.5541 3.9564 0.1407
4.3908 3.5541 3.9565 0.1407
4.3908 3.5541 3.9565 0.1407
4.3908 3.5541 3.9573 0.1400
4.3908 3.5541 3.9573 0.1400
4.3908 3.5541 3.9573 0.1400
4.3908 3.5541 3.9592 0.1391
4.3908 3.5541 3.9615 0.1403
4.3908 3.5541 3.9615 0.1403
4.3908 3.5541 3.9615 0.1403
4.3908 3.5541 3.9619 0.1405
4.3908 3.5541 3.9627 0.1403
4.3908 3.5541 3.9627 0.1403
4.3908 3.5541 3.9627 0.1403
4.3908 3.5541 3.9641 0.1405
4.3908 3.5541 3.9661 0.1422
4.3908 3.5541 3.9661 0.1422
4.3908 3.5541 3.9674 0.1412
4.3908 3.5541 3.9719 0.1422
4.3908 3.5541 3.9719 0.1422
4.3908 3.5541 3.9742 0.1429
4.3908 3.5541 3.9742 0.1429
4.3908 3.5541 3.9742 0.1429
4.3908 3.5541 3.9758 0.1407
4.3908 3.5541 3.9768 0.1406
4.3908 3.5541 3.9768 0.1406
4.3908 3.5541 3.9768 0.1406
4.3908 3.5541 3.9801 0.1403
4.3908 3.5541 3.9801 0.1403
4.3908 3.5541 3.9807 0.1397
4.3908 3.5541 3.9831 0.1446
4.3908 3.5541 3.9846 0.1444
4.3908 3.5541 3.9846 0.1444
4.3908 3.5541 3.9846 0.1444
4.3908 3.5541 3.9846 0.1444
4.4144 3.5541 3.9899 0.1502
4.4144 3.5541 3.9910 0.1504
4.4144 3.5541 3.9910 0.1504
4.4144 3.5541 3.9929 0.1524
4.4144 3.5541 3.9939 0.1521
4.4144 3.5541 3.9939 0.1521
4.4144 3.5541 3.9940 0.1521
4.4144 3.5541 3.9940 0.1521
4.4144 3.5541 3.9947 0.1521
4.4144 3.5541 3.9947 0.1521
4.4144 3.5541 3.9947 0.1521
4.4144 3.5541 3.9947 0.1521
4.4144 3.5541 3.9961 0.1507
4.4144 3.5541 4.0003 0.1471
4.4144 3.5541 4.0014 0.1482
4.4144 3.5541 4.0014 0.1482
4.4144 3.5541 4.0024 0.1491
4.4144 3.5541 4.0024 0.1491
4.4144 3.5541 4.0024 0.1491
4.4144 3.5541 4.0061 0.1496
4.4144 3.5541 4.0078 0.1483
4.4144 3.5541 4.0078 0.1483
4.4144 3.5541 4.0078 0.1483
4.4144 3.5541 4.0090 0.1476
4.4144 3.5541 4.0118 0.1467
4.4144 3.5541 4.0118 0.1467
4.4144 3.5541 4.0118 0.1467
4.4144 3.5541 4.0119 0.1467
4.4144 3.5541 4.0128 0.1467
4.4144 3.5541 4.0145 0.1450
4.4144 3.5541 4.0145 0.1450
4.4144 3.5541 4.0176 0.1440
4.4144 3.5541 4.0176 0.1440
4.4144 3.5541 4.0180 0.1438
4.4144 3.5541 4.0184 0.1433
4.4144 3.5541 4.0184 0.1433
4.4144 3.5541 4.0184 0.1433
4.4144 3.5541 4.0184 0.1433
4.4144 3.5541 4.0202 0.1442
4.4144 3.5541 4.0202 0.1442
4.4144 3.5541 4.0217 0.1433
4.4144 3.5541 4.0240 0.1454
4.4144 3.5541 4.0240 0.1454
4.4144 3.5541 4.0240 0.1454
4.4144 3.5541 4.0240 0.1454
4.4144 3.5541 4.0240 0.1454
4.4144 3.5541 4.0246 0.1446
4.4144 3.5541 4.0280 0.1410
4.4144 3.5541 4.0285 0.1409
4.4144 3.5541 4.0304 0.1402
4.4144 3.5541 4.0322 0.1377
4.4144 3.5541 4.0322 0.1377
4.4144 3.5541 4.0322 0.1377
4.4144 3.5541 4.0328 0.1370
4.4144 3.6401 4.0379 0.1283
4.4144 3.6401 4.0406 0.1285
4.4144 3.6401 4.0417 0.1277
4.4144 3.6401 4.0417 0.1277
4.4144 3.6401 4.0469 0.1311
4.4144 3.6401 4.0469 0.1311
4.4144 3.6401 4.0506 0.1355
4.4144 3.6401 4.0506 0.1355
4.4144 3.6401 4.0518 0.1354
4.4144 3.6401 4.0518 0.1354
4.4144 3.6401 4.0531 0.1355
4.4144 3.6401 4.0531 0.1355
4.4144 3.6401 4.0531 0.1355
4.4144 3.6401 4.0531 0.1355
4.4144 3.6401 4.0545 0.1343
4.4144 3.6401 4.0545 0.1343
4.4144 3.6401 4.0547 0.1343
4.4144 3.6401 4.0571 0.1330
4.4144 3.6401 4.0575 0.1330
4.4144 3.6401 4.0575 0.1330
4.4144 3.6401 4.0575 0.1330
4.4144 3.6401 4.0583 0.1330
4.4144 3.6401 4.0583 0.1330
4.4144 3.6401 4.0583 0.1330
4.4144 3.6401 4.0583 0.1330
4.4144 3.6401 4.0583 0.1330
4.4144 3.6401 4.0592 0.1333
4.4144 3.6401 4.0616 0.1329
4.4144 3.6401 4.0616 0.1329
4.4144 3.6401 4.0616 0.1329
4.4144 3.6401 4.0622 0.1329
4.4144 3.6401 4.0622 0.1329
4.4144 3.6401 4.0625 0.1328
4.4144 3.6401 4.0640 0.1330
4.4144 3.6401 4.0658 0.1307
4.4144 3.6401 4.0660 0.1310
4.4144 3.6401 4.0672 0.1299
4.4144 3.6401 4.0690 0.1276
4.4144 3.6401 4.0690 0.1276
4.4144 3.6401 4.0701 0.1282
4.4144 3.6401 4.0701 0.1282
4.4144 3.6401 4.0707 0.1284
4.4144 3.6401 4.0707 0.1284
4.4144 3.6401 4.0707 0.1284
4.4144 3.6401 4.0719 0.1293
4.4144 3.6401 4.0733 0.1295
4.4144 3.6401 4.0733 0.1295
4.4681 3.8033 4.0816 0.1280
4.4681 3.8033 4.0827 0.1284
4.4681 3.8033 4.0827 0.1284
4.4681 3.8033 4.0827 0.1284
4.4681 3.8033 4.0827 0.1284
4.4681 3.8033 4.0841 0.1284
4.4681 3.8033 4.0846 0.1289
4.4681 3.8033 4.0850 0.1287
4.4681 3.8033 4.0873 0.1269
4.4681 3.8033 4.0873 0.1269
4.4681 3.8033 4.0873 0.1269
4.4681 3.8033 4.0886 0.1274
4.4681 3.8033 4.0889 0.1272
4.4681 3.8033 4.0893 0.1274
4.4681 3.8033 4.0893 0.1274
4.4681 3.8033 4.0894 0.1274
4.4681 3.8033 4.0894 0.1274
4.4681 3.8033 4.0894 0.1274
4.4681 3.8033 4.0901 0.1274
4.4681 3.8033 4.0901 0.1274
4.4681 3.8033 4.0901 0.1274
4.4681 3.8033 4.0901 0.1274
4.4681 3.8033 4.0902 0.1274
4.4681 3.8033 4.0902 0.1274
4.4681 3.8033 4.0957 0.1317
4.4681 3.8033 4.0957 0.1317
4.4681 3.8033 4.0973 0.1321
4.4681 3.8033 4.0973 0.1321
4.4681 3.8033 4.0986 0.1328
4.4681 3.8033 4.0986 0.1328
4.4681 3.8033 4.1007 0.1334
4.4681 3.8033 4.1029 0.1338
4.4681 3.8033 4.1029 0.1338
4.4681 3.8033 4.1050 0.1318
4.4681 3.8033 4.1056 0.1315
4.4681 3.8033 4.1071 0.1320
4.4681 3.8033 4.1071 0.1320
4.4681 3.8033 4.1088 0.1341
4.4681 3.8033 4.1088 0.1341
4.4681 3.8033 4.1088 0.1341
4.4681 3.8033 4.1100 0.1341
4.4681 3.8033 4.1143 0.1371
4.4681 3.8033 4.1149 0.1369
4.4681 3.8033 4.1149 0.1369
4.4681 3.8033 4.1158 0.1368
4.4681 3.8033 4.1158 0.1368
4.4681 3.8033 4.1158 0.1368
4.4681 3.8033 4.1158 0.1368
4.4681 3.8033 4.1174 0.1373
4.4681 3.8033 4.1174 0.1373
4.4681 3.8033 4.1174 0.1373
4.4681 3.8033 4.1210 0.1355
4.4681 3.8033 4.1220 0.1357
4.4681 3.8033 4.1229 0.1356
4.4681 3.8033 4.1232 0.1357
4.4681 3.8033 4.1251 0.1360
4.4681 3.8033 4.1275 0.1324
4.4681 3.8033 4.1282 0.1327
4.4681 3.8033 4.1318 0.1369
4.4681 3.8033 4.1335 0.1358
4.4681 3.8033 4.1335 0.1358
4.4681 3.8033 4.1338 0.1357
4.4950 3.8033 4.1345 0.1374
4.4950 3.8033 4.1363 0.1398
4.4950 3.8033 4.1363 0.1398
4.4950 3.8033 4.1384 0.1381
4.4950 3.8033 4.1414 0.1391
4.4950 3.8033 4.1414 0.1391
4.4950 3.8033 4.1430 0.1411
4.4950 3.8033 4.1430 0.1411
4.4950 3.8033 4.1441 0.1401
4.4950 3.8033 4.1446 0.1400
4.4950 3.8033 4.1446 0.1400
4.4950 3.8033 4.1470 0.1394
4.4950 3.8033 4.1477 0.1400
4.4950 3.8033 4.1478 0.1400
4.4950 3.8033 4.1478 0.1400
4.4950 3.8033 4.1478 0.1400
4.4950 3.8033 4.1478 0.1400
4.4950 3.8033 4.1478 0.1400
4.5185 3.8033 4.1488 0.1423
4.5185 3.8033 4.1488 0.1423
4.5185 3.8033 4.1488 0.1423
4.5185 3.8033 4.1488 0.1423
4.5185 3.8033 4.1508 0.1411
4.5185 3.8033 4.1532 0.1404
4.5185 3.8033 4.1560 0.1438
4.5185 3.8033 4.1576 0.1434
4.5185 3.8033 4.1576 0.1434
4.5185 3.8033 4.1578 0.1431
4.5185 3.8033 4.1578 0.1431
4.5185 3.8033 4.1578 0.1431
4.5185 3.8033 4.1599 0.1440
4.5185 3.8033 4.1599 0.1440
4.5185 3.8033 4.1599 0.1440
4.5185 3.8033 4.1615 0.1456
4.5185 3.8033 4.1615 0.1456
4.5185 3.8033 4.1615 0.1456
4.5185 3.8033 4.1639 0.1452
4.5185 3.8033 4.1645 0.1454
4.5185 3.8033 4.1674 0.1481
4.5185 3.8668 4.1746 0.1476
4.5185 3.8668 4.1752 0.1472
4.5185 3.8668 4.1752 0.1472
4.5185 3.8668 4.1752 0.1472
4.5185 3.8668 4.1752 0.1472
4.5185 3.8668 4.1764 0.1471
4.5185 3.8668 4.1764 0.1471
4.5185 3.8668 4.1764 0.1471
4.5185 3.8668 4.1764 0.1471
4.5185 3.8668 4.1778 0.1462
4.5185 3.8668 4.1804 0.1451
4.5185 3.8668 4.1822 0.1437
4.5185 3.8668 4.1824 0.1436
4.5185 3.8668 4.1824 0.1436
4.5185 3.8668 4.1824 0.1436
4.5185 3.8668 4.1845 0.1445
4.5185 3.8668 4.1845 0.1445
4.5185 3.8668 4.1875 0.1474
4.5185 3.8668 4.1875 0.1474
4.5185 3.8668 4.1875 0.1474
4.5185 3.8668 4.1879 0.1482
4.5185 3.8668 4.1901 0.1502
4.5185 3.8668 4.1901 0.1502
4.5185 3.8668 4.1914 0.1510
4.5185 3.8668 4.1936 0.1510
4.5185 3.8668 4.1936 0.1510
4.5185 3.8668 4.1936 0.1510
4.5185 3.8668 4.1936 0.1510
4.5185 3.8668 4.1936 0.1510
4.5185 3.8668 4.1936 0.1510
4.5185 3.8668 4.1936 0.1510
4.5185 3.8668 4.1936 0.1510
4.5185 3.8668 4.1936 0.1510
4.5185 3.8668 4.1965 0.1524
4.5185 3.8668 4.1965 0.1524
4.5185 3.8668 4.1972 0.1526
4.5185 3.8668 4.1974 0.1526
4.5185 3.8668 4.1989 0.1537
4.5185 3.8668 4.1989 0.1537
4.5185 3.8668 4.2006 0.1529
4.5185 3.8668 4.2006 0.1529
4.5185 3.8668 4.2006 0.1529
4.5185 3.8668 4.2025 0.1514
4.5185 3.8668 4.2025 0.1514
4.5185 3.8668 4.2025 0.1514
4.5185 3.8668 4.2048 0.1499
4.5185 3.8668 4.2048 0.1499
4.5185 3.8668 4.2048 0.1499
4.5185 3.8668 4.2082 0.1508
4.5185 3.8668 4.2082 0.1508
4.5185 3.8668 4.2082 0.1508
4.5185 3.8668 4.2083 0.1508
4.5185 3.8668 4.2115 0.1486
4.5185 3.8668 4.2115 0.1486
4.5185 3.8668 4.2134 0.1475
4.5185 3.8668 4.2134 0.1475
4.5185 3.8668 4.2134 0.1475
4.5185 3.8668 4.2134 0.1475
4.5185 3.8668 4.2134 0.1475
4.5185 3.8668 4.2158 0.1493
4.5185 3.8668 4.2158 0.1493
4.5185 3.8668 4.2165 0.1493
4.5185 3.8668 4.2178 0.1474
4.5185 3.8668 4.2209 0.1493
4.5185 3.8668 4.2209 0.1493
4.5185 3.8668 4.2212 0.1492
4.5185 3.8668 4.2221 0.1491
4.5185 3.8668 4.2232 0.1497
4.5185 3.8668 4.2265 0.1507
4.5185 3.8668 4.2290 0.1498
4.5185 3.8668 4.2295 0.1506
4.5185 3.8668 4.2299 0.1511
4.5185 3.8668 4.2299 0.1511
4.5185 3.8668 4.2299 0.1511
4.5185 3.8668 4.2301 0.1510
4.5185 3.8668 4.2301 0.1510
4.5185 3.8668 4.2301 0.1510
4.5185 3.8668 4.2301 0.1510
4.5185 3.8668 4.2301 0.1510
4.5185 3.8668 4.2323 0.1528
4.5185 3.8668 4.2344 0.1536
4.5185 3.8668 4.2344 0.1536
4.5185 3.8668 4.2385 0.1543
4.5185 3.8668 4.2385 0.1543
4.5185 3.8668 4.2385 0.1543
4.5185 3.8668 4.2385 0.1543
4.5185 3.8668 4.2408 0.1543
4.5185 3.8668 4.2426 0.1527
4.5185 3.8668 4.2430 0.1528
4.5185 3.8668 4.2430 0.1528
4.5185 3.8668 4.2442 0.1532
4.5185 3.8668 4.2449 0.1528
4.5185 3.8668 4.2449 0.1528
4.5185 3.8668 4.2450 0.1528
4.5185 3.8668 4.2452 0.1526
4.5185 3.8668 4.2458 0.1520
4.5185 3.8668 4.2458 0.1520
4.5185 3.8668 4.2460 0.1518
4.5185 3.8668 4.2460 0.1518
4.5185 3.8668 4.2460 0.1518
4.5185 3.8668 4.2460 0.1518
4.5185 3.8668 4.2460 0.1518
4.5185 3.8668 4.2463 0.1516
4.5185 3.8668 4.2499 0.1531
4.5185 3.8668 4.2499 0.1531
4.5185 3.8668 4.2499 0.1531
4.5185 3.8668 4.2499 0.1531
4.5185 3.8668 4.2499 0.1531
4.5185 3.8668 4.2503 0.1529
4.5185 3.8668 4.2503 0.1529
4.5185 3.8668 4.2519 0.1528
4.5185 3.8668 4.2527 0.1531
4.5185 3.8668 4.2528 0.1532
4.5185 3.8668 4.2548 0.1532
4.5185 3.8668 4.2548 0.1532
4.5185 3.8668 4.2576 0.1554
4.5185 3.8668 4.2585 0.1553
4.5185 3.8668 4.2621 0.1558
4.5185 3.8668 4.2650 0.1539
4.5185 3.8668 4.2675 0.1555
4.5185 3.8668 4.2675 0.1555
4.5185 3.8668 4.2675 0.1555
4.5185 3.8668 4.2675 0.1555
4.6793 3.8668 4.2728 0.1604
4.6793 3.8668 4.2734 0.1608
4.6793 3.8668 4.2734 0.1608
4.6793 3.8668 4.2738 0.1605
4.6793 3.8668 4.2745 0.1603
4.6793 3.8668 4.2796 0.1598
4.6793 3.8668 4.2796 0.1598
4.6793 3.8668 4.2810 0.1588
4.6793 3.8668 4.2810 0.1588
4.6793 3.8668 4.2810 0.1588
4.6793 3.8668 4.2821 0.1577
4.6793 3.8668 4.2828 0.1575
4.6793 3.8668 4.2847 0.1591
4.6793 3.8668 4.2868 0.1601
4.6793 3.8668 4.2870 0.1601
4.6793 3.8668 4.2883 0.1597
4.6793 3.8668 4.2883 0.1597
4.6793 3.8668 4.2925 0.1588
4.6793 3.8668 4.2925 0.1588
4.6793 3.8668 4.2940 0.1597
4.6793 3.8668 4.2940 0.1597
4.6793 3.8668 4.2973 0.1615
4.6793 3.8668 4.2977 0.1611
4.6793 3.8668 4.2993 0.1611
4.6793 3.8668 4.3008 0.1606
4.6793 3.8668 4.3008 0.1606
4.6793 3.8668 4.3019 0.1596
4.6793 3.8668 4.3019 0.1596
4.6793 3.8668 4.3019 0.1596
4.6793 3.8668 4.3019 0.1596
4.6793 3.8668 4.3025 0.1601
4.6793 3.8668 4.3066 0.1595
4.6793 3.8668 4.3066 0.1595
4.6793 3.8668 4.3091 0.1605
4.6793 3.8668 4.3091 0.1605
4.6793 3.8668 4.3091 0.1605
4.6793 3.8668 4.3091 0.1605
4.6793 3.8668 4.3119 0.1588
4.6793 3.8668 4.3122 0.1586
4.6793 3.8668 4.3144 0.1594
4.6793 3.8668 4.3166 0.1602
4.6793 3.8668 4.3166 0.1602
4.6793 3.8668 4.3166 0.1602
4.6793 3.8668 4.3213 0.1582
4.6793 3.8668 4.3240 0.1584
4.6793 3.8668 4.3240 0.1584
4.6793 3.8668 4.3240 0.1584
4.6793 3.8668 4.3277 0.1594
4.6793 3.8668 4.3277 0.1594
4.6793 3.8668 4.3277 0.1594
4.6793 3.8668 4.3300 0.1552
4.6793 3.8668 4.3300 0.1552
4.6793 3.8668 4.3300 0.1552
4.6793 3.8668 4.3305 0.1547
4.6793 3.8668 4.3311 0.1552
4.6793 3.8668 4.3341 0.1549
4.6793 3.8668 4.3363 0.1553
4.6793 3.8668 4.3402 0.1518
4.6793 3.8668 4.3420 0.1522
4.6793 3.8668 4.3420 0.1522
4.6793 3.8668 4.3429 0.1513
4.6793 3.8668 4.3429 0.1513
4.6793 3.8668 4.3431 0.1513
4.6793 3.8668 4.3440 0.1518
4.6793 3.8668 4.3518 0.1486
4.6793 3.8668 4.3518 0.1486
4.6793 3.8668 4.3518 0.1486
4.6793 3.8668 4.3519 0.1487
4.6793 3.8668 4.3536 0.1491
4.6793 3.8668 4.3539 0.1494
4.6793 3.8668 4.3539 0.1494
4.6793 3.8668 4.3550 0.1501
4.6793 3.8668 4.3575 0.1498
4.6793 3.8668 4.3575 0.1498
4.6793 3.8668 4.3585 0.1486
4.6793 3.8668 4.3585 0.1486
4.6793 3.8668 4.3613 0.1480
4.6793 3.8668 4.3635 0.1466
4.6793 3.8668 4.3653 0.1451
4.6793 3.8668 4.3653 0.1451
4.6793 3.8668 4.3658 0.1451
4.6793 3.8668 4.3658 0.1451
4.6793 3.8668 4.3669 0.1455
4.6793 3.8668 4.3694 0.1440
4.6793 3.8668 4.3710 0.1443
4.6793 3.8668 4.3717 0.1446
4.6793 3.8668 4.3717 0.1446
4.6793 3.8668 4.3725 0.1453
4.6793 3.8668 4.3727 0.1454
4.6793 3.8668 4.3727 0.1454
4.6793 3.8668 4.3744 0.1462
4.6793 3.8668 4.3744 0.1462
4.6793 3.8668 4.3744 0.1462
4.6793 3.8668 4.3760 0.1472
4.6793 3.8668 4.3760 0.1472
4.6793 3.8668 4.3790 0.1467
4.6793 3.8668 4.3790 0.1467
4.6793 3.8668 4.3798 0.1460
4.6793 3.8668 4.3818 0.1442
4.6793 3.8668 4.3818 0.1442
4.6793 3.8668 4.3821 0.1444
4.6793 3.8668 4.3855 0.1441
4.6793 3.8668 4.3856 0.1440
4.6793 3.8668 4.3856 0.1440
4.6793 3.8668 4.3872 0.1440
4.6793 3.8668 4.3872 0.1440
4.6793 3.8668 4.3872 0.1440
4.6793 3.8668 4.3878 0.1444
4.6793 3.8668 4.3881 0.1447
4.6793 3.8668 4.3888 0.1432
4.6793 3.8668 4.3888 0.1432
4.6793 3.8668 4.3888 0.1432
4.6793 3.8668 4.3888 0.1432
4.6793 3.8668 4.3905 0.1431
4.6793 3.8668 4.3905 0.1431
4.6793 3.8668 4.3953 0.1375
4.6793 3.8668 4.3955 0.1377
4.6793 3.8668 4.3979 0.1368
4.6793 3.8668 4.3979 0.1368
4.6793 3.8668 4.3979 0.1368
4.6793 3.8668 4.3979 0.1368
4.6793 3.8668 4.4008 0.1356
4.6793 3.8668 4.4012 0.1360
4.6793 3.8668 4.4012 0.1360
4.6793 3.8668 4.4027 0.1351
4.6793 3.8668 4.4069 0.1330
4.6793 3.8668 4.4069 0.1330
4.6793 3.8668 4.4077 0.1331
4.6793 3.8668 4.4077 0.1331
4.6793 3.8668 4.4077 0.1331
4.6793 3.8668 4.4077 0.1331
4.6793 3.8668 4.4098 0.1322
4.6793 3.8668 4.4098 0.1322
4.6793 3.8668 4.4100 0.1323
4.6793 3.8668 4.4100 0.1323
4.6793 3.8668 4.4121 0.1317
4.6793 3.8668 4.4121 0.1317
4.6793 3.8668 4.4121 0.1317
4.6793 4.1013 4.4159 0.1210
4.6793 4.1013 4.4159 0.1210
4.6793 4.1013 4.4159 0.1210
4.6793 4.1013 4.4159 0.1210
4.6793 4.1013 4.4161 0.1211
4.6793 4.1013 4.4172 0.1199
4.6793 4.1013 4.4199 0.1193
4.6793 4.1013 4.4212 0.1193
4.6793 4.1013 4.4215 0.1194
4.6793 4.1013 4.4215 0.1194
4.6793 4.1013 4.4215 0.1194
4.6793 4.1013 4.4215 0.1194
4.6793 4.1013 4.4215 0.1194
4.6793 4.1013 4.4223 0.1195
4.6793 4.1013 4.4240 0.1197
4.6793 4.1013 4.4261 0.1187
4.6793 4.1013 4.4262 0.1188
4.6793 4.1013 4.4264 0.1189
4.6793 4.1013 4.4264 0.1189
4.6793 4.1013 4.4288 0.1173
4.6793 4.1013 4.4288 0.1173
4.6793 4.1013 4.4311 0.1159
4.6793 4.1013 4.4311 0.1159
4.6793 4.1013 4.4314 0.1160
4.6793 4.1013 4.4314 0.1160
4.6793 4.1013 4.4314 0.1160
4.6793 4.1013 4.4314 0.1160
4.6793 4.1013 4.4314 0.1160
4.6793 4.1013 4.4327 0.1159
4.6793 4.1013 4.4327 0.1159
4.6793 4.1013 4.4348 0.1147
4.6793 4.1144 4.4384 0.1097
4.6793 4.1144 4.4384 0.1097
4.6793 4.1144 4.4387 0.1098
4.6793 4.1144 4.4390 0.1099
4.6793 4.1144 4.4390 0.1099
4.6793 4.1144 4.4394 0.1094
4.6793 4.1144 4.4394 0.1094
4.6793 4.1144 4.4394 0.1094
4.6793 4.1144 4.4394 0.1094
4.6793 4.1144 4.4394 0.1094
4.6793 4.1144 4.4394 0.1094
4.6793 4.1144 4.4394 0.1094
4.6793 4.1144 4.4394 0.1094
4.6793 4.1144 4.4394 0.1094
4.6793 4.1144 4.4394 0.1094
4.6793 4.1144 4.4403 0.1093
4.6793 4.1144 4.4412 0.1090
4.6793 4.1144 4.4414 0.1091
4.6793 4.1144 4.4414 0.1091
4.6793 4.1144 4.4422 0.1096
4.6793 4.1144 4.4422 0.1096
4.6793 4.1144 4.4430 0.1100
4.6793 4.1144 4.4442 0.1097
4.6793 4.1144 4.4456 0.1109
4.6793 4.1144 4.4456 0.1109
4.6793 4.1144 4.4456 0.1109
4.6793 4.1144 4.4456 0.1109
4.6793 4.1144 4.4456 0.1109
4.6793 4.1144 4.4462 0.1114
4.6793 4.1144 4.4462 0.1114
4.6793 4.1144 4.4462 0.1114
4.6793 4.1144 4.4462 0.1114
4.6793 4.1144 4.4496 0.1074
4.6793 4.1144 4.4497 0.1074
4.6793 4.1144 4.4497 0.1074
4.6793 4.1144 4.4502 0.1078
4.6793 4.1144 4.4508 0.1081
4.6793 4.1144 4.4522 0.1075
4.6793 4.1144 4.4522 0.1075
4.6793 4.1144 4.4522 0.1075
4.6793 4.1144 4.4522 0.1075
4.6793 4.1144 4.4522 0.1075
4.6793 4.1144 4.4546 0.1051
4.6793 4.1144 4.4546 0.1051
4.6793 4.1144 4.4546 0.1051
4.6793 4.1144 4.4546 0.1051
4.6793 4.1144 4.4560 0.1055
4.6793 4.1144 4.4576 0.1057
4.6793 4.1144 4.4581 0.1043
4.6793 4.1144 4.4614 0.1024
4.6793 4.1144 4.4633 0.0998
4.6793 4.1144 4.4633 0.0998
4.6793 4.1144 4.4633 0.0998
4.6793 4.1144 4.4639 0.0997
4.6793 4.1144 4.4639 0.0997
4.6793 4.1144 4.4639 0.0997
4.6793 4.1144 4.4647 0.1001
4.6793 4.1144 4.4647 0.1001
4.6793 4.1144 4.4647 0.1001
4.6793 4.1144 4.4647 0.1001
4.6793 4.1144 4.4647 0.1001
4.6793 4.1144 4.4652 0.1003
4.6793 4.1144 4.4662 0.1000
4.6793 4.1144 4.4664 0.1001
4.6793 4.1144 4.4668 0.1003
4.6793 4.1144 4.4668 0.1003
4.6793 4.1144 4.4668 0.1003
4.6793 4.1144 4.4678 0.0998
4.6793 4.1144 4.4678 0.0998
4.6793 4.1600 4.4696 0.0949
4.6793 4.1600 4.4709 0.0934
4.6793 4.1600 4.4709 0.0934
4.6793 4.1600 4.4709 0.0934
4.6793 4.1600 4.4710 0.0934
4.6793 4.1600 4.4743 0.0881
4.6793 4.1600 4.4772 0.0856
4.6793 4.1600 4.4776 0.0856
4.6793 4.1600 4.4776 0.0856
4.6793 4.1600 4.4778 0.0856
4.6793 4.1600 4.4783 0.0858
4.6793 4.1600 4.4783 0.0858
4.6793 4.1600 4.4783 0.0858
4.6793 4.1600 4.4784 0.0858
4.6793 4.1600 4.4784 0.0858
4.6793 4.1600 4.4784 0.0858
4.6793 4.1600 4.4804 0.0874
4.6793 4.1600 4.4804 0.0874
4.6793 4.1600 4.4805 0.0874
4.6793 4.1600 4.4818 0.0875
4.6793 4.1600 4.4818 0.0875
4.6793 4.1600 4.4818 0.0875
4.6793 4.1600 4.4827 0.0877
4.6793 4.1600 4.4827 0.0877
4.6793 4.1600 4.4827 0.0877
4.6793 4.1600 4.4827 0.0877
4.6793 4.1600 4.4827 0.0877
4.6793 4.1600 4.4861 0.0818
4.6793 4.1600 4.4861 0.0818
4.6793 4.1600 4.4861 0.0818
4.6793 4.1600 4.4877 0.0775
4.6793 4.1600 4.4877 0.0775
4.6793 4.1600 4.4883 0.0772
4.6793 4.1600 4.4889 0.0774
4.6793 4.1600 4.4905 0.0770
4.6793 4.1600 4.4905 0.0770
4.6793 4.1600 4.4905 0.0770
4.6793 4.1600 4.4905 0.0770
4.6793 4.1600 4.4905 0.0770
4.6793 4.1600 4.4905 0.0770
4.6793 4.1600 4.4907 0.0770
4.6793 4.1600 4.4918 0.0771
4.6793 4.1600 4.4931 0.0757
4.6793 4.1600 4.4942 0.0763
4.6793 4.1600 4.4957 0.0747
4.6793 4.1600 4.4957 0.0747
4.6793 4.1600 4.4963 0.0749
4.6793 4.1600 4.4968 0.0740
4.6793 4.1600 4.4972 0.0744
4.6793 4.1600 4.4974 0.0743
4.6793 4.1600 4.4974 0.0743
4.6793 4.1600 4.4982 0.0745
4.6793 4.1600 4.4982 0.0745
4.6793 4.1600 4.4982 0.0745
4.6793 4.1600 4.4986 0.0744
4.6793 4.1600 4.4986 0.0744
4.6793 4.1600 4.4986 0.0744
4.6793 4.1600 4.4986 0.0744
4.6793 4.1600 4.4986 0.0744
4.6793 4.1600 4.4986 0.0744
4.6793 4.1600 4.4994 0.0737
4.6793 4.1600 4.4996 0.0737
4.6793 4.1600 4.5003 0.0738
4.6793 4.1600 4.5009 0.0740
4.6793 4.1600 4.5010 0.0739
4.6793 4.1600 4.5010 0.0739
4.6793 4.1600 4.5010 0.0739
4.6793 4.1600 4.5010 0.0739
4.6793 4.1600 4.5011 0.0740
4.6793 4.1600 4.5017 0.0741
4.6793 4.1600 4.5017 0.0741
4.6793 4.1600 4.5034 0.0752
4.6793 4.1600 4.5069 0.0690
4.6793 4.1600 4.5069 0.0690
4.6793 4.1600 4.5069 0.0690
4.6793 4.1600 4.5072 0.0691
4.6793 4.1600 4.5083 0.0695
4.6793 4.1600 4.5086 0.0694
4.6793 4.1600 4.5086 0.0694
4.6793 4.1600 4.5092 0.0698
4.6793 4.1600 4.5102 0.0702
4.6793 4.1600 4.5102 0.0702
4.6793 4.1600 4.5107 0.0701
4.6793 4.1600 4.5107 0.0701
4.6793 4.1600 4.5110 0.0702
4.6793 4.1600 4.5110 0.0702
4.6793 4.1600 4.5110 0.0702
4.6793 4.1600 4.5127 0.0662
4.6793 4.1600 4.5127 0.0662
4.6793 4.1600 4.5136 0.0662
4.6793 4.1600 4.5148 0.0664
4.6793 4.1600 4.5148 0.0664
4.6793 4.1600 4.5148 0.0664
4.6793 4.1600 4.5149 0.0664
4.6793 4.1600 4.5149 0.0664
4.6793 4.1600 4.5149 0.0664
4.6793 4.1600 4.5149 0.0664
4.6793 4.1600 4.5152 0.0663
4.6793 4.1600 4.5152 0.0663
4.6793 4.1600 4.5163 0.0664
4.6793 4.1600 4.5166 0.0665
4.6793 4.1600 4.5166 0.0665
4.6793 4.1600 4.5166 0.0665
4.6793 4.1600 4.5167 0.0664
4.6793 4.1600 4.5168 0.0664
4.6793 4.1600 4.5168 0.0664
4.6793 4.1600 4.5168 0.0664
4.6793 4.1600 4.5174 0.0664
4.6793 4.1600 4.5191 0.0653
4.6793 4.1600 4.5191 0.0653
4.6793 4.1600 4.5204 0.0656
4.6793 4.1600 4.5240 0.0643
4.6793 4.1600 4.5240 0.0643
4.6793 4.1600 4.5240 0.0643
4.6793 4.1600 4.5240 0.0643
4.6793 4.1600 4.5240 0.0643
4.6793 4.1600 4.5240 0.0643
4.6793 4.1600 4.5246 0.0642
4.6793 4.1600 4.5247 0.0642
4.6793 4.1600 4.5247 0.0642
4.6793 4.1600 4.5247 0.0642
4.6793 4.1600 4.5249 0.0642
4.6793 4.1600 4.5256 0.0645
4.7210 4.1600 4.5281 0.0672
4.7210 4.1600 4.5286 0.0671
4.7210 4.1600 4.5295 0.0668
4.7210 4.1600 4.5295 0.0668
4.7210 4.1600 4.5295 0.0668
4.7210 4.1600 4.5306 0.0670
4.7210 4.1600 4.5307 0.0669
4.7210 4.1600 4.5311 0.0669
4.7210 4.1600 4.5327 0.0662
4.7210 4.1600 4.5327 0.0662
4.7210 4.1600 4.5327 0.0662
4.7210 4.1600 4.5327 0.0662
4.7210 4.1600 4.5342 0.0634
4.7210 4.1600 4.5342 0.0634
4.7210 4.1600 4.5350 0.0631
4.7210 4.1600 4.5356 0.0629
4.7210 4.1600 4.5356 0.0629
4.7210 4.1600 4.5369 0.0645
4.7210 4.1600 4.5374 0.0645
4.7210 4.1600 4.5374 0.0645
4.7210 4.1600 4.5374 0.0645
4.7210 4.1600 4.5374 0.0645
4.7210 4.1600 4.5375 0.0644
4.7210 4.1600 4.5377 0.0645
4.7210 4.1600 4.5383 0.0644
4.7210 4.1600 4.5383 0.0644
4.7210 4.1600 4.5391 0.0640
4.7210 4.1600 4.5403 0.0639
4.7210 4.1600 4.5407 0.0642
4.7210 4.1600 4.5407 0.0642
4.7210 4.1600 4.5418 0.0643
4.7210 4.1600 4.5418 0.0643
4.7210 4.1600 4.5418 0.0643
4.7210 4.1600 4.5426 0.0638
4.7210 4.1600 4.5431 0.0640
4.7210 4.1600 4.5440 0.0639
4.7210 4.1600 4.5440 0.0639
4.7210 4.1600 4.5443 0.0640
4.7210 4.1600 4.5443 0.0640
4.7210 4.1600 4.5443 0.0640
4.7210 4.1600 4.5443 0.0640
4.7210 4.1600 4.5449 0.0638
4.7210 4.1600 4.5458 0.0637
4.7210 4.1600 4.5460 0.0636
4.7210 4.1600 4.5460 0.0636
4.7210 4.1600 4.5460 0.0636
4.7210 4.1600 4.5460 0.0636
4.7210 4.1600 4.5460 0.0636
4.7210 4.1600 4.5460 0.0636
4.7210 4.1600 4.5460 0.0636
4.7210 4.1600 4.5461 0.0636
4.7210 4.1600 4.5461 0.0636
4.7210 4.1600 4.5467 0.0634
4.7210 4.1600 4.5467 0.0635
4.7210 4.1600 4.5467 0.0635
4.7210 4.1600 4.5467 0.0635
4.7210 4.1600 4.5467 0.0635
4.7210 4.1600 4.5467 0.0635
4.7210 4.1600 4.5472 0.0636
4.7210 4.1600 4.5475 0.0635
4.7210 4.1600 4.5483 0.0630
4.7210 4.1600 4.5483 0.0630
4.7210 4.1600 4.5483 0.0630
4.7210 4.1600 4.5488 0.0633
4.7210 4.1600 4.5492 0.0634
4.7210 4.1600 4.5500 0.0633
4.7210 4.1600 4.5506 0.0629
4.7210 4.1600 4.5506 0.0629
4.7210 4.1600 4.5506 0.0629
4.7210 4.1600 4.5506 0.0629
4.7210 4.1600 4.5509 0.0628
4.7210 4.1600 4.5510 0.0629
4.7210 4.1600 4.5523 0.0625
4.7210 4.1600 4.5529 0.0627
4.7210 4.1600 4.5529 0.0627
4.7210 4.1600 4.5530 0.0628
4.7210 4.1600 4.5530 0.0628
4.7210 4.1600 4.5540 0.0625
4.7210 4.1600 4.5548 0.0636
4.7210 4.4189 4.5587 0.0497
4.7210 4.4189 4.5590 0.0497
4.7210 4.4189 4.5593 0.0495
4.7210 4.4189 4.5593 0.0495
4.7210 4.4189 4.5594 0.0496
4.7210 4.4189 4.5594 0.0496
4.7210 4.4189 4.5603 0.0492
4.7210 4.4189 4.5612 0.0491
4.7210 4.4189 4.5617 0.0493
4.7210 4.4189 4.5617 0.0493
4.7210 4.4189 4.5617 0.0493
4.7210 4.4189 4.5617 0.0493
4.7210 4.4189 4.5617 0.0493
4.7210 4.4189 4.5617 0.0493
4.7210 4.4189 4.5617 0.0493
4.7210 4.4189 4.5617 0.0493
4.7210 4.4189 4.5617 0.0493
4.7210 4.4189 4.5617 0.0493
4.7210 4.4189 4.5620 0.0493
4.7210 4.4189 4.5620 0.0493
4.7210 4.4189 4.5620 0.0493
4.7210 4.4189 4.5621 0.0493
4.7210 4.4189 4.5621 0.0493
4.7210 4.4189 4.5621 0.0493
4.7210 4.4189 4.5621 0.0493
4.7210 4.4189 4.5621 0.0493
4.7210 4.4189 4.5629 0.0492
4.7210 4.4189 4.5629 0.0492
4.7210 4.4189 4.5629 0.0492
4.7210 4.4189 4.5629 0.0492
4.7210 4.4189 4.5638 0.0488
4.7210 4.4189 4.5638 0.0488
4.7210 4.4189 4.5638 0.0488
4.7210 4.4189 4.5638 0.0488
4.7210 4.4189 4.5638 0.0488
4.7210 4.4189 4.5638 0.0488
4.7210 4.4189 4.5638 0.0488
4.7210 4.4189 4.5640 0.0489
4.7210 4.4189 4.5643 0.0490
4.7210 4.4189 4.5644 0.0490
4.7210 4.4189 4.5654 0.0485
4.7210 4.4189 4.5654 0.0485
4.7210 4.4189 4.5654 0.0485
4.7210 4.4189 4.5654 0.0485
4.7210 4.4189 4.5654 0.0485
4.7210 4.4189 4.5654 0.0485
4.7210 4.4189 4.5658 0.0486
4.7210 4.4189 4.5658 0.0486
4.7210 4.4189 4.5659 0.0487
4.7210 4.4189 4.5659 0.0487
4.7210 4.4189 4.5665 0.0488
4.7210 4.4189 4.5665 0.0488
4.7210 4.4189 4.5665 0.0488
4.7210 4.4189 4.5668 0.0485
4.7210 4.4189 4.5675 0.0483
4.7210 4.4189 4.5675 0.0483
4.7210 4.4189 4.5679 0.0483
4.7210 4.4189 4.5680 0.0485
4.7210 4.4189 4.5689 0.0480
4.7210 4.4189 4.5689 0.0480
4.7210 4.4189 4.5689 0.0480
4.7210 4.4189 4.5698 0.0492
4.7210 4.4189 4.5698 0.0492
4.7210 4.4189 4.5699 0.0493
4.7210 4.4189 4.5702 0.0489
4.7210 4.4189 4.5702 0.0489
4.7210 4.4367 4.5707 0.0476
4.7210 4.4367 4.5709 0.0477
4.7210 4.4367 4.5713 0.0477
4.7210 4.4367 4.5713 0.0477
4.7210 4.4367 4.5713 0.0477
4.7210 4.4367 4.5713 0.0477
4.7210 4.4367 4.5713 0.0477
4.7210 4.4367 4.5713 0.0477
4.7210 4.4367 4.5718 0.0477
4.7210 4.4367 4.5722 0.0477
4.7210 4.4367 4.5722 0.0477
4.7210 4.4367 4.5724 0.0477
4.7210 4.4367 4.5735 0.0468
4.7210 4.4367 4.5735 0.0468
4.7210 4.4367 4.5737 0.0467
4.7210 4.4367 4.5737 0.0467
4.7210 4.4367 4.5737 0.0467
4.7210 4.4367 4.5750 0.0478
4.7210 4.4367 4.5760 0.0471
4.7210 4.4367 4.5760 0.0471
4.7210 4.4367 4.5760 0.0471
4.7210 4.4367 4.5760 0.0471
4.7210 4.4367 4.5762 0.0473
4.7210 4.4367 4.5763 0.0473
4.7210 4.4367 4.5767 0.0472
4.7210 4.4367 4.5767 0.0472
4.7210 4.4367 4.5767 0.0472
4.7210 4.4367 4.5767 0.0472
4.7210 4.4367 4.5767 0.0472
4.7210 4.4681 4.5778 0.0452
4.7210 4.4681 4.5783 0.0452
4.7210 4.4681 4.5798 0.0457
4.7210 4.4681 4.5798 0.0457
4.7210 4.4681 4.5807 0.0454
4.7210 4.4681 4.5811 0.0454
4.7210 4.4681 4.5815 0.0453
4.7210 4.4681 4.5821 0.0449
4.7210 4.4681 4.5825 0.0448
4.7210 4.4681 4.5825 0.0448
4.7210 4.4681 4.5826 0.0448
4.7210 4.4681 4.5829 0.0445
4.7210 4.4681 4.5829 0.0445
4.7210 4.4681 4.5829 0.0445
4.7210 4.4681 4.5829 0.0445
4.7210 4.4681 4.5831 0.0445
4.7210 4.4681 4.5831 0.0445
4.7210 4.4681 4.5834 0.0444
4.7210 4.4681 4.5834 0.0444
4.7210 4.4681 4.5834 0.0444
4.7210 4.4681 4.5834 0.0444
4.7210 4.4681 4.5834 0.0444
4.7210 4.4681 4.5836 0.0445
4.7210 4.4681 4.5836 0.0445
4.7210 4.4681 4.5836 0.0445
4.7210 4.4681 4.5836 0.0445
4.7210 4.4681 4.5850 0.0465
4.7210 4.4681 4.5854 0.0466
4.7210 4.4681 4.5854 0.0466
4.7210 4.4681 4.5854 0.0466
4.7210 4.4681 4.5854 0.0466
4.7210 4.4681 4.5859 0.0465
4.7210 4.4681 4.5871 0.0484
4.7210 4.4681 4.5871 0.0483
4.7210 4.4681 4.5875 0.0482
4.7210 4.4681 4.5880 0.0481
4.7210 4.4681 4.5891 0.0466
4.7210 4.4681 4.5896 0.0464
4.7210 4.4681 4.5896 0.0464
4.7210 4.4681 4.5896 0.0464
4.7210 4.4681 4.5910 0.0482
4.7210 4.4681 4.5910 0.0482
4.7210 4.4681 4.5910 0.0482
4.7210 4.4903 4.5925 0.0467
4.7210 4.4903 4.5925 0.0467
4.7210 4.4903 4.5925 0.0467
4.7210 4.4903 4.5925 0.0467
4.7210 4.4903 4.5925 0.0467
4.7210 4.4903 4.5925 0.0467
4.7210 4.4903 4.5925 0.0467
4.7210 4.4903 4.5929 0.0464
4.7210 4.4903 4.5941 0.0482
4.7210 4.4903 4.5941 0.0482
4.7210 4.4903 4.5941 0.0482
4.7210 4.4903 4.5944 0.0480
4.7210 4.4903 4.5948 0.0478
4.7210 4.4903 4.5950 0.0478
4.7210 4.4903 4.5955 0.0479
4.7210 4.4903 4.5963 0.0478
4.7210 4.4903 4.5963 0.0478
4.7210 4.4903 4.5968 0.0483
4.7210 4.4903 4.5976 0.0490
4.7210 4.4903 4.5976 0.0490
4.7210 4.4903 4.5976 0.0490
4.7210 4.4903 4.5981 0.0491
4.7210 4.4903 4.5981 0.0491
4.7210 4.4903 4.5985 0.0489
4.7210 4.4903 4.5985 0.0489
4.7210 4.4903 4.5985 0.0489
4.7210 4.4903 4.5985 0.0489
4.7210 4.4903 4.5995 0.0490
4.7210 4.4903 4.5995 0.0490
4.7210 4.4903 4.5999 0.0488
4.7210 4.4903 4.6006 0.0491
4.7210 4.4903 4.6006 0.0491
4.7210 4.4903 4.6006 0.0491
4.7210 4.4903 4.6006 0.0491
4.7210 4.4903 4.6008 0.0491
4.7210 4.4903 4.6018 0.0480
4.7210 4.4903 4.6018 0.0480
4.7210 4.4903 4.6018 0.0480
4.7210 4.4903 4.6024 0.0486
4.7210 4.4903 4.6024 0.0486
4.7210 4.4903 4.6024 0.0486
4.7380 4.4903 4.6038 0.0505
4.7380 4.4903 4.6038 0.0505
4.7380 4.4903 4.6051 0.0507
4.7380 4.4903 4.6052 0.0507
4.7380 4.4903 4.6057 0.0504
4.7380 4.4903 4.6082 0.0507
4.7380 4.4903 4.6082 0.0507
4.7380 4.4903 4.6086 0.0507
4.7380 4.4903 4.6093 0.0510
4.7380 4.4903 4.6094 0.0510
4.7380 4.4903 4.6099 0.0510
4.7380 4.4903 4.6102 0.0513
4.7380 4.4903 4.6105 0.0513
4.7380 4.4903 4.6117 0.0514
4.7380 4.4903 4.6117 0.0514
4.7380 4.4903 4.6117 0.0514
4.7380 4.4903 4.6117 0.0514
4.7380 4.4903 4.6117 0.0514
4.7380 4.4903 4.6117 0.0514
4.7380 4.4903 4.6125 0.0518
4.7380 4.4903 4.6125 0.0518
4.7380 4.4903 4.6125 0.0518
4.7380 4.4903 4.6125 0.0518
4.7380 4.4903 4.6127 0.0518
4.7380 4.4903 4.6127 0.0518
4.7380 4.4903 4.6127 0.0518
4.7380 4.4903 4.6137 0.0522
4.7380 4.4903 4.6140 0.0522
4.7380 4.4903 4.6140 0.0522
4.7380 4.4903 4.6141 0.0523
4.7380 4.4903 4.6158 0.0530
4.7380 4.4903 4.6158 0.0530
4.7380 4.4903 4.6158 0.0530
4.7380 4.4903 4.6158 0.0530
4.7380 4.4903 4.6163 0.0526
4.7380 4.4903 4.6163 0.0526
4.7380 4.4903 4.6163 0.0526
4.7380 4.4903 4.6167 0.0527
4.7380 4.4903 4.6169 0.0526
4.7380 4.4903 4.6169 0.0526
4.7380 4.4903 4.6178 0.0525
4.7380 4.4903 4.6178 0.0525
4.7380 4.4903 4.6178 0.0525
4.7380 4.4903 4.6182 0.0522
4.7380 4.4903 4.6182 0.0522
4.7380 4.4903 4.6184 0.0521
4.7380 4.4903 4.6184 0.0521
4.7380 4.4903 4.6186 0.0521
4.7380 4.4903 4.6186 0.0521
4.7380 4.4903 4.6186 0.0521
4.7380 4.4903 4.6186 0.0521
4.7380 4.4903 4.6186 0.0521
4.7380 4.4903 4.6190 0.0518
4.7380 4.4903 4.6190 0.0518
4.7380 4.4903 4.6190 0.0518
4.7380 4.4903 4.6190 0.0518
4.7380 4.4903 4.6190 0.0518
4.7380 4.4903 4.6190 0.0518
4.7380 4.4903 4.6196 0.0527
4.7380 4.4903 4.6196 0.0527
4.7380 4.4903 4.6205 0.0529
4.7380 4.4903 4.6215 0.0535
4.7380 4.4903 4.6227 0.0547
4.7380 4.4903 4.6227 0.0547
4.7380 4.4903 4.6232 0.0548
4.7380 4.4903 4.6232 0.0548
4.7380 4.4956 4.6256 0.0540
4.7380 4.4956 4.6256 0.0540
4.7380 4.5021 4.6278 0.0532
4.7380 4.5021 4.6278 0.0532
4.7380 4.5021 4.6286 0.0527
4.7380 4.5021 4.6291 0.0525
4.7380 4.5021 4.6300 0.0525
4.7380 4.5021 4.6304 0.0524
4.7691 4.5021 4.6308 0.0535
4.7691 4.5021 4.6308 0.0535
4.7691 4.5021 4.6312 0.0531
4.7691 4.5021 4.6312 0.0531
4.7691 4.5021 4.6313 0.0531
4.7691 4.5021 4.6313 0.0531
4.7691 4.5021 4.6322 0.0531
4.7691 4.5021 4.6322 0.0531
4.7691 4.5021 4.6322 0.0531
4.7691 4.5021 4.6322 0.0531
4.7691 4.5021 4.6327 0.0526
4.7691 4.5021 4.6332 0.0524
4.7691 4.5021 4.6332 0.0524
4.7691 4.5021 4.6337 0.0532
4.7691 4.5021 4.6337 0.0532
4.7691 4.5021 4.6342 0.0533
4.7691 4.5021 4.6342 0.0533
4.7691 4.5021 4.6342 0.0533
4.7691 4.5021 4.6342 0.0533
4.7691 4.5021 4.6342 0.0533
4.7691 4.5021 4.6347 0.0535
4.7691 4.5021 4.6348 0.0535
4.7691 4.5021 4.6351 0.0534
4.7691 4.5021 4.6361 0.0534
4.7691 4.5021 4.6370 0.0534
4.7691 4.5021 4.6370 0.0534
4.7691 4.5021 4.6380 0.0528
4.7691 4.5021 4.6380 0.0528
4.7691 4.5021 4.6380 0.0528
4.7691 4.5021 4.6386 0.0525
4.7691 4.5021 4.6386 0.0525
4.7691 4.5021 4.6396 0.0534
4.7691 4.5021 4.6396 0.0534
4.7691 4.5021 4.6396 0.0534
4.7691 4.5021 4.6397 0.0534
4.7691 4.5021 4.6397 0.0534
4.7691 4.5021 4.6397 0.0534
4.7691 4.5021 4.6407 0.0536
4.7691 4.5021 4.6407 0.0536
4.7691 4.5021 4.6414 0.0545
4.7691 4.5021 4.6422 0.0537
4.7691 4.5021 4.6436 0.0541
4.7691 4.5021 4.6443 0.0548
4.7691 4.5021 4.6456 0.0550
4.7691 4.5021 4.6456 0.0550
4.7691 4.5021 4.6460 0.0554
4.7691 4.5021 4.6460 0.0554
4.7691 4.5021 4.6460 0.0554
4.7691 4.5021 4.6474 0.0556
4.7691 4.5021 4.6474 0.0556
4.7691 4.5021 4.6474 0.0556
4.7691 4.5021 4.6474 0.0556
4.7691 4.5021 4.6474 0.0556
4.7691 4.5021 4.6483 0.0553
4.7691 4.5021 4.6500 0.0549
4.7691 4.5021 4.6501 0.0548
4.7691 4.5021 4.6501 0.0548
4.7691 4.5021 4.6501 0.0548
4.7691 4.5021 4.6509 0.0552
4.7691 4.5021 4.6510 0.0553
4.7691 4.5021 4.6510 0.0553
4.7691 4.5021 4.6510 0.0553
4.7691 4.5021 4.6518 0.0557
4.7691 4.5512 4.6527 0.0540
4.7691 4.5512 4.6527 0.0540
4.7691 4.5512 4.6527 0.0540
4.7691 4.5512 4.6531 0.0537
4.7691 4.5512 4.6543 0.0538
4.7691 4.5512 4.6543 0.0538
4.7691 4.5512 4.6543 0.0538
4.7691 4.5512 4.6543 0.0538
4.7691 4.5512 4.6543 0.0538
4.7691 4.5512 4.6543 0.0538
4.7691 4.5512 4.6557 0.0550
4.7691 4.5512 4.6563 0.0550
4.7691 4.5512 4.6563 0.0550
4.7691 4.5512 4.6583 0.0556
4.7691 4.5512 4.6583 0.0556
4.7691 4.5512 4.6583 0.0556
4.7691 4.5512 4.6594 0.0559
4.7691 4.5512 4.6595 0.0560
4.7691 4.5512 4.6598 0.0560
4.7691 4.5512 4.6606 0.0551
4.7691 4.5512 4.6606 0.0551
4.7691 4.5512 4.6606 0.0551
4.7691 4.5512 4.6609 0.0550
4.7691 4.5512 4.6618 0.0540
4.7691 4.5512 4.6619 0.0540
4.7691 4.5512 4.6619 0.0540
4.7691 4.5512 4.6619 0.0540
4.7691 4.5512 4.6619 0.0540
4.8041 4.5512 4.6636 0.0562
4.8041 4.5512 4.6641 0.0561
4.8041 4.5512 4.6646 0.0557
4.8041 4.5512 4.6646 0.0557
4.8041 4.5512 4.6646 0.0557
4.8041 4.5512 4.6646 0.0557
4.8180 4.5512 4.6647 0.0561
4.8180 4.5512 4.6653 0.0567
4.8180 4.5512 4.6663 0.0562
4.8180 4.5512 4.6663 0.0562
4.8180 4.5512 4.6663 0.0562
4.8180 4.5512 4.6663 0.0562
4.8180 4.5512 4.6663 0.0562
4.8180 4.5512 4.6663 0.0562
4.8180 4.5512 4.6663 0.0562
4.8180 4.5512 4.6681 0.0565
4.8180 4.5512 4.6681 0.0565
4.8180 4.5512 4.6681 0.0565
4.8180 4.5512 4.6681 0.0565
4.8852 4.5512 4.6703 0.0605
4.8852 4.5512 4.6703 0.0605
4.8852 4.5512 4.6703 0.0605
4.8852 4.5512 4.6711 0.0606
4.8852 4.5512 4.6713 0.0608
4.8852 4.5512 4.6713 0.0608
4.8852 4.5512 4.6727 0.0608
4.8852 4.5512 4.6729 0.0611
4.8852 4.5512 4.6729 0.0611
4.8852 4.5512 4.6729 0.0611
4.8852 4.5512 4.6729 0.0611
4.8852 4.5512 4.6729 0.0611
4.8852 4.5512 4.6736 0.0613
4.8852 4.5512 4.6752 0.0621
4.8852 4.5512 4.6757 0.0624
4.8852 4.5512 4.6761 0.0625
4.8852 4.5512 4.6761 0.0625
4.8852 4.5512 4.6763 0.0627
4.8852 4.5512 4.6777 0.0632
4.8852 4.5512 4.6777 0.0632
4.8852 4.5512 4.6805 0.0660
4.8852 4.5512 4.6830 0.0689
4.8852 4.5512 4.6835 0.0690
4.8852 4.5512 4.6835 0.0690
4.8852 4.5512 4.6851 0.0690
4.8852 4.5512 4.6851 0.0690
4.8852 4.5512 4.6856 0.0691
4.8852 4.5512 4.6856 0.0691
4.8852 4.5512 4.6864 0.0690
4.8852 4.5512 4.6870 0.0692
4.8852 4.5512 4.6870 0.0691
4.8852 4.5512 4.6870 0.0691
4.8852 4.5512 4.6871 0.0692
4.8852 4.5512 4.6886 0.0697
4.8852 4.5512 4.6900 0.0694
4.8852 4.5512 4.6903 0.0696
4.8852 4.5512 4.6903 0.0696
4.8852 4.5512 4.6903 0.0696
4.8852 4.5512 4.6904 0.0695
4.8852 4.5512 4.6904 0.0695
4.8852 4.5512 4.6904 0.0695
4.8852 4.5512 4.6904 0.0695
4.8852 4.5512 4.6906 0.0693
4.8852 4.5512 4.6906 0.0693
4.8852 4.5872 4.6910 0.0686
4.8852 4.5872 4.6925 0.0679
4.8852 4.5872 4.6925 0.0679
4.8852 4.5872 4.6925 0.0679
4.8852 4.5872 4.6934 0.0685
4.8852 4.5872 4.6934 0.0685
4.8852 4.5872 4.6949 0.0710
4.8852 4.5872 4.6949 0.0710
4.8852 4.5872 4.6949 0.0710
4.8852 4.5872 4.6949 0.0710
4.8852 4.5872 4.6950 0.0711
4.8852 4.5872 4.6972 0.0735
4.8852 4.5872 4.6972 0.0735
4.8852 4.5872 4.6972 0.0735
4.8852 4.5872 4.6972 0.0735
4.8852 4.5872 4.6978 0.0743
4.8852 4.5872 4.6979 0.0741
4.8852 4.5872 4.6979 0.0741
4.8852 4.5872 4.6979 0.0741
4.8852 4.5872 4.6989 0.0744
4.8852 4.5872 4.6989 0.0744
4.8852 4.5872 4.6989 0.0744
4.8852 4.5872 4.6989 0.0744
4.8852 4.5872 4.6989 0.0744
4.8852 4.5872 4.6989 0.0744
4.8852 4.5872 4.6989 0.0744
4.8852 4.5872 4.6997 0.0742
4.8852 4.5872 4.6997 0.0742
4.8852 4.5872 4.6997 0.0742
4.8852 4.5872 4.6997 0.0742
4.8852 4.5872 4.6997 0.0742
4.8852 4.5872 4.7002 0.0744
4.8852 4.5872 4.7002 0.0744
4.8852 4.5872 4.7002 0.0744
4.8852 4.5872 4.7002 0.0744
4.8852 4.5872 4.7002 0.0744
4.8852 4.5872 4.7007 0.0747
4.8852 4.5872 4.7007 0.0747
4.8852 4.5872 4.7017 0.0745
4.8852 4.5872 4.7017 0.0745
4.8852 4.5872 4.7021 0.0745
4.8852 4.5872 4.7021 0.0745
4.8852 4.5872 4.7027 0.0739
4.8852 4.5872 4.7031 0.0739
4.8852 4.5872 4.7031 0.0739
4.8852 4.5872 4.7031 0.0739
4.8852 4.5872 4.7031 0.0739
4.8852 4.5872 4.7031 0.0739
4.8852 4.5872 4.7031 0.0739
4.8852 4.5872 4.7031 0.0739
4.8852 4.5872 4.7033 0.0739
4.8852 4.5872 4.7033 0.0739
4.8852 4.5872 4.7038 0.0740
4.8852 4.5872 4.7046 0.0751
4.8852 4.5872 4.7049 0.0749
4.8852 4.5872 4.7049 0.0749
4.8852 4.5872 4.7050 0.0750
4.8852 4.5872 4.7059 0.0749
4.8852 4.5872 4.7059 0.0749
4.8852 4.5872 4.7059 0.0749
4.8852 4.5872 4.7072 0.0748
4.8852 4.5872 4.7073 0.0748
4.8852 4.5872 4.7084 0.0745
4.8852 4.5872 4.7086 0.0747
4.8852 4.5872 4.7091 0.0746
4.8852 4.5872 4.7103 0.0759
4.8852 4.5872 4.7112 0.0755
4.8852 4.5872 4.7112 0.0756
4.8852 4.5872 4.7112 0.0756
4.8852 4.5872 4.7112 0.0756
4.8852 4.5872 4.7112 0.0756
4.8852 4.5872 4.7119 0.0749
4.8852 4.5872 4.7119 0.0749
4.8852 4.5872 4.7125 0.0748
4.8852 4.5872 4.7125 0.0748
4.8852 4.5872 4.7125 0.0748
4.8852 4.5872 4.7142 0.0742
4.8852 4.5872 4.7147 0.0744
4.8852 4.5872 4.7147 0.0744
4.8852 4.5872 4.7147 0.0744
4.8852 4.5872 4.7149 0.0740
4.8852 4.5872 4.7156 0.0741
4.8852 4.5872 4.7161 0.0740
4.8852 4.5872 4.7161 0.0740
4.8852 4.5872 4.7174 0.0731
4.8852 4.5872 4.7174 0.0731
4.8852 4.5872 4.7189 0.0723
4.8852 4.5872 4.7189 0.0723
4.8852 4.5872 4.7189 0.0723
4.8852 4.5872 4.7192 0.0727
4.8852 4.5872 4.7195 0.0729
4.8852 4.5872 4.7195 0.0729
4.8852 4.5872 4.7195 0.0729
4.8852 4.5872 4.7195 0.0729
4.8852 4.5872 4.7212 0.0747
4.8852 4.5872 4.7212 0.0747
4.8852 4.5872 4.7214 0.0748
4.8852 4.5872 4.7217 0.0743
4.8852 4.5872 4.7217 0.0743
4.8852 4.5872 4.7217 0.0743
4.8852 4.5872 4.7217 0.0743
4.8852 4.5872 4.7233 0.0760
4.8852 4.5872 4.7233 0.0760
4.8852 4.5872 4.7233 0.0760
4.8852 4.5872 4.7235 0.0762
4.8852 4.5872 4.7242 0.0757
4.8852 4.5872 4.7250 0.0762
4.8852 4.5872 4.7250 0.0762
4.8852 4.5872 4.7250 0.0762
4.8852 4.5872 4.7250 0.0762
4.8852 4.5872 4.7265 0.0769
4.8852 4.5872 4.7265 0.0769
4.8852 4.5872 4.7270 0.0771
4.8852 4.5872 4.7272 0.0770
4.8852 4.5872 4.7275 0.0766
4.8852 4.5872 4.7275 0.0766
4.8852 4.5872 4.7275 0.0766
4.8852 4.5872 4.7278 0.0763
4.8852 4.5872 4.7278 0.0763
4.8852 4.5872 4.7278 0.0763
4.8852 4.5872 4.7278 0.0763
4.8852 4.5872 4.7278 0.0763
4.8852 4.5872 4.7291 0.0775
4.8852 4.5872 4.7291 0.0775
4.8852 4.5872 4.7291 0.0775
4.8852 4.5872 4.7305 0.0791
4.8852 4.5872 4.7305 0.0791
4.8852 4.5872 4.7305 0.0791
4.8852 4.5872 4.7324 0.0782
4.8852 4.5872 4.7324 0.0782
4.8852 4.5872 4.7324 0.0782
4.8852 4.5872 4.7327 0.0778
4.8852 4.5872 4.7330 0.0777
4.8852 4.5872 4.7331 0.0777
4.8852 4.5872 4.7331 0.0777
4.8852 4.5872 4.7331 0.0777
4.8852 4.5872 4.7334 0.0777
4.8852 4.5872 4.7336 0.0779
4.8852 4.5872 4.7336 0.0779
4.8852 4.5872 4.7336 0.0779
4.8852 4.5872 4.7340 0.0777
4.8852 4.5872 4.7351 0.0772
4.8852 4.5872 4.7362 0.0763
4.8852 4.5872 4.7362 0.0763
4.8852 4.5872 4.7362 0.0763
4.8852 4.5872 4.7365 0.0758
4.8852 4.5872 4.7365 0.0758
4.8852 4.5872 4.7365 0.0758
4.8852 4.5872 4.7373 0.0768
4.8852 4.5872 4.7373 0.0768
4.8898 4.5872 4.7378 0.0777
4.8898 4.5872 4.7403 0.0777
4.8898 4.5872 4.7403 0.0777
4.8898 4.5872 4.7407 0.0777
4.8898 4.5872 4.7410 0.0777
4.8898 4.5872 4.7410 0.0777
4.8898 4.5872 4.7423 0.0777
4.8898 4.5872 4.7436 0.0790
4.8898 4.5872 4.7436 0.0790
4.8898 4.5872 4.7436 0.0790
4.8898 4.5872 4.7436 0.0790
4.8898 4.5872 4.7442 0.0791
4.8898 4.5872 4.7442 0.0791
4.8898 4.5872 4.7443 0.0791
4.8898 4.5872 4.7451 0.0789
4.8898 4.5872 4.7451 0.0789
4.8898 4.5872 4.7451 0.0789
4.8898 4.5872 4.7454 0.0789
4.8898 4.5872 4.7456 0.0789
4.8898 4.5872 4.7456 0.0789
4.8898 4.5872 4.7456 0.0789
4.8898 4.5872 4.7458 0.0789
4.8898 4.5872 4.7458 0.0789
4.8898 4.5872 4.7458 0.0789
4.8898 4.5872 4.7458 0.0789
4.8898 4.5872 4.7485 0.0784
4.8898 4.5872 4.7486 0.0783
4.8898 4.5872 4.7493 0.0789
4.8898 4.5872 4.7501 0.0790
4.8898 4.5872 4.7501 0.0790
4.8898 4.5872 4.7501 0.0790
4.8898 4.5872 4.7501 0.0790
4.8898 4.5872 4.7516 0.0776
4.8898 4.5872 4.7521 0.0776
4.8898 4.5872 4.7521 0.0776
4.8898 4.5872 4.7529 0.0781
4.8898 4.5872 4.7541 0.0767
4.8898 4.5872 4.7541 0.0767
4.8898 4.5872 4.7541 0.0767
4.8898 4.5872 4.7541 0.0767
4.8898 4.6014 4.7549 0.0754
4.8898 4.6014 4.7549 0.0754
4.8898 4.6014 4.7554 0.0754
4.8898 4.6014 4.7559 0.0753
4.8898 4.6014 4.7566 0.0749
4.8898 4.6014 4.7566 0.0749
4.8898 4.6014 4.7566 0.0749
4.8898 4.6014 4.7581 0.0737
4.8898 4.6014 4.7597 0.0747
4.8898 4.6014 4.7597 0.0747
4.8898 4.6014 4.7597 0.0748
4.8898 4.6014 4.7597 0.0748
4.8898 4.6014 4.7604 0.0752
4.8898 4.6014 4.7607 0.0752
4.8898 4.6014 4.7607 0.0752
4.8898 4.6014 4.7607 0.0752
4.8898 4.6014 4.7619 0.0757
4.8898 4.6014 4.7628 0.0766
4.8898 4.6014 4.7628 0.0766
4.8898 4.6014 4.7628 0.0766
4.8898 4.6014 4.7628 0.0766
4.8898 4.6014 4.7628 0.0766
4.8898 4.6014 4.7629 0.0766
4.8898 4.6014 4.7630 0.0766
4.8898 4.6014 4.7638 0.0771
4.8898 4.6014 4.7646 0.0775
4.8898 4.6014 4.7646 0.0775
4.8898 4.6014 4.7646 0.0775
4.8898 4.6014 4.7652 0.0775
4.8898 4.6014 4.7655 0.0775
4.8898 4.6014 4.7655 0.0775
4.8898 4.6014 4.7655 0.0775
4.8898 4.6014 4.7655 0.0775
4.8898 4.6014 4.7679 0.0765
4.8898 4.6014 4.7689 0.0774
4.8898 4.6014 4.7689 0.0774
4.8898 4.6014 4.7689 0.0774
4.8898 4.6014 4.7689 0.0774
4.8898 4.6014 4.7701 0.0757
4.8898 4.6014 4.7701 0.0757
4.8898 4.6014 4.7701 0.0757
4.8898 4.6014 4.7718 0.0738
4.8898 4.6014 4.7718 0.0738
4.8898 4.6014 4.7720 0.0737
4.8898 4.6014 4.7720 0.0737
4.8898 4.6014 4.7720 0.0737
4.8898 4.6014 4.7720 0.0737
4.8898 4.6014 4.7725 0.0735
4.8898 4.6014 4.7725 0.0735
4.8898 4.6014 4.7728 0.0735
4.8898 4.6014 4.7752 0.0728
4.8898 4.6014 4.7752 0.0728
4.8898 4.6014 4.7756 0.0728
4.8898 4.6014 4.7756 0.0728
4.8898 4.6014 4.7756 0.0728
4.8898 4.6014 4.7766 0.0736
4.8898 4.6014 4.7766 0.0736
4.8898 4.6014 4.7766 0.0736
4.8898 4.6014 4.7766 0.0736
4.8898 4.6014 4.7766 0.0736
4.8898 4.6014 4.7766 0.0736
4.8898 4.6014 4.7776 0.0743
4.8898 4.6014 4.7776 0.0743
4.8898 4.6014 4.7781 0.0737
4.8898 4.6014 4.7781 0.0737
4.8898 4.6014 4.7787 0.0738
4.8898 4.6014 4.7792 0.0733
4.8898 4.6014 4.7792 0.0733
4.8898 4.6014 4.7792 0.0733
4.8898 4.6014 4.7803 0.0740
4.8898 4.6014 4.7809 0.0728
4.8898 4.6014 4.7810 0.0727
4.8898 4.6014 4.7810 0.0727
4.8898 4.6014 4.7812 0.0726
4.8898 4.6014 4.7812 0.0726
4.8898 4.6014 4.7812 0.0726
4.8898 4.6014 4.7812 0.0726
4.8898 4.6014 4.7820 0.0724
4.8898 4.6014 4.7821 0.0725
4.8898 4.6014 4.7826 0.0728
4.8898 4.6014 4.7826 0.0728
4.8898 4.6014 4.7830 0.0728
4.8898 4.6014 4.7830 0.0728
4.8898 4.6014 4.7830 0.0728
4.8898 4.6014 4.7830 0.0728
4.8898 4.6014 4.7833 0.0727
4.8898 4.6014 4.7833 0.0727
4.8898 4.6014 4.7833 0.0727
4.8898 4.6014 4.7833 0.0727
4.8898 4.6014 4.7847 0.0733
4.8898 4.6014 4.7849 0.0732
4.8898 4.6014 4.7849 0.0732
4.8898 4.6014 4.7859 0.0738
4.8898 4.6014 4.7881 0.0735
4.8898 4.6014 4.7881 0.0735
4.8898 4.6014 4.7881 0.0735
4.8898 4.6014 4.7894 0.0724
4.8898 4.6014 4.7894 0.0724
4.8898 4.6014 4.7894 0.0724
4.8898 4.6014 4.7894 0.0724
4.8898 4.6014 4.7900 0.0729
4.8898 4.6014 4.7900 0.0729
4.8898 4.6014 4.7917 0.0728
4.8898 4.6014 4.7917 0.0728
4.8898 4.6014 4.7917 0.0728
4.8898 4.6014 4.7917 0.0728
4.8898 4.6014 4.7922 0.0725
4.8898 4.6014 4.7934 0.0708
4.8898 4.6014 4.7945 0.0708
4.8898 4.6014 4.7949 0.0702
4.8898 4.6014 4.7962 0.0707
4.8898 4.6014 4.7962 0.0707
4.8898 4.6014 4.7966 0.0711
4.8898 4.6014 4.7966 0.0711
4.8898 4.6014 4.7966 0.0711
4.8898 4.6014 4.7966 0.0711
4.8898 4.6014 4.7966 0.0711
4.8898 4.6014 4.7970 0.0710
4.8898 4.6014 4.7970 0.0710
4.8898 4.6014 4.7987 0.0711
4.8898 4.6014 4.7987 0.0711
4.8898 4.6014 4.7987 0.0711
4.8898 4.6014 4.7987 0.0711
4.8898 4.6014 4.7987 0.0711
4.8898 4.6014 4.7987 0.0711
4.8898 4.6014 4.7987 0.0711
4.8898 4.6014 4.7999 0.0715
4.8898 4.6014 4.7999 0.0715
4.8898 4.6014 4.8010 0.0714
4.8898 4.6014 4.8010 0.0714
4.8898 4.6014 4.8010 0.0714
4.8898 4.6014 4.8016 0.0716
4.8898 4.6014 4.8019 0.0715
4.8898 4.6014 4.8019 0.0715
4.8898 4.6014 4.8026 0.0717
4.8898 4.6014 4.8026 0.0717
4.8898 4.6014 4.8041 0.0719
4.8898 4.6014 4.8066 0.0691
4.8898 4.6014 4.8066 0.0691
4.8898 4.6014 4.8066 0.0691
4.8898 4.6014 4.8078 0.0694
4.8898 4.6014 4.8078 0.0694
4.8898 4.6014 4.8078 0.0694
4.8898 4.6014 4.8078 0.0694
4.8898 4.6014 4.8099 0.0686
4.8898 4.6014 4.8099 0.0686
4.8898 4.6014 4.8110 0.0686
4.8936 4.6014 4.8114 0.0690
4.8936 4.6014 4.8127 0.0691
4.8936 4.6014 4.8127 0.0691
4.8936 4.6014 4.8132 0.0688
4.8936 4.6014 4.8132 0.0688
4.8936 4.6014 4.8132 0.0688
4.8936 4.6014 4.8132 0.0688
4.8936 4.6014 4.8132 0.0688
4.8936 4.6014 4.8132 0.0688
4.8936 4.6014 4.8132 0.0688
4.8936 4.6014 4.8132 0.0688
4.8936 4.6014 4.8132 0.0688
4.8936 4.6014 4.8137 0.0689
4.8936 4.6014 4.8147 0.0690
4.8936 4.6014 4.8147 0.0690
4.8936 4.6014 4.8159 0.0692
4.8936 4.6014 4.8170 0.0694
4.8936 4.6014 4.8186 0.0690
4.8936 4.6014 4.8194 0.0689
4.8936 4.6014 4.8197 0.0691
4.8936 4.6014 4.8197 0.0691
4.8936 4.6014 4.8203 0.0692
4.8936 4.6014 4.8209 0.0692
4.8936 4.6014 4.8209 0.0692
4.8936 4.6014 4.8222 0.0685
4.8936 4.6014 4.8222 0.0685
4.8936 4.6014 4.8222 0.0685
4.8936 4.6014 4.8239 0.0671
4.8936 4.6014 4.8248 0.0669
4.8936 4.6014 4.8248 0.0669
4.8936 4.6014 4.8257 0.0672
4.8936 4.6014 4.8257 0.0672
4.8936 4.6014 4.8260 0.0674
4.8936 4.6014 4.8260 0.0674
4.8936 4.6014 4.8277 0.0668
4.8936 4.6014 4.8277 0.0668
4.8936 4.6014 4.8277 0.0668
4.8936 4.6014 4.8277 0.0668
4.8936 4.6014 4.8277 0.0668
4.8936 4.6014 4.8277 0.0667
4.8936 4.6014 4.8277 0.0667
4.8936 4.6014 4.8279 0.0668
4.8936 4.6014 4.8285 0.0662
4.8936 4.6014 4.8296 0.0663
4.8936 4.6014 4.8298 0.0663
4.8936 4.6014 4.8299 0.0664
4.8936 4.6014 4.8306 0.0666
4.8936 4.6014 4.8306 0.0666
4.8936 4.6014 4.8306 0.0666
4.8936 4.6014 4.8329 0.0636
4.8936 4.6014 4.8329 0.0636
5.0150 4.6014 4.8343 0.0660
5.0150 4.6014 4.8353 0.0675
5.0150 4.6014 4.8353 0.0675
5.0150 4.6014 4.8355 0.0675
5.0150 4.6014 4.8355 0.0675
5.0150 4.6014 4.8355 0.0675
5.0150 4.6014 4.8367 0.0674
5.0150 4.6014 4.8367 0.0674
5.0150 4.6014 4.8370 0.0676
5.0150 4.6014 4.8370 0.0676
5.0150 4.6014 4.8370 0.0676
5.0150 4.6014 4.8371 0.0676
5.0150 4.6014 4.8371 0.0676
5.0150 4.6014 4.8371 0.0676
5.0150 4.6014 4.8371 0.0676
5.0150 4.6014 4.8381 0.0674
5.0150 4.6014 4.8381 0.0674
5.0150 4.6014 4.8381 0.0674
5.0150 4.6014 4.8381 0.0674
5.0150 4.6014 4.8381 0.0674
5.0150 4.6014 4.8381 0.0674
5.0150 4.6014 4.8393 0.0669
5.0150 4.6014 4.8396 0.0664
5.0150 4.6014 4.8398 0.0665
5.0150 4.6014 4.8398 0.0665
5.0150 4.6014 4.8398 0.0665
5.0150 4.6014 4.8398 0.0665
5.0150 4.6014 4.8411 0.0661
5.0150 4.6014 4.8411 0.0661
5.0150 4.6014 4.8411 0.0661
5.0150 4.6014 4.8423 0.0656
5.0150 4.6014 4.8423 0.0656
5.0150 4.6014 4.8425 0.0657
5.0150 4.6014 4.8426 0.0658
5.0150 4.6014 4.8452 0.0624
5.0150 4.6014 4.8452 0.0624
5.0150 4.6014 4.8452 0.0624
5.0150 4.6014 4.8453 0.0624
5.0150 4.6014 4.8453 0.0624
5.0150 4.6014 4.8453 0.0624
5.0150 4.6014 4.8468 0.0616
5.0150 4.6014 4.8470 0.0617
5.0150 4.6014 4.8470 0.0617
5.0150 4.6014 4.8470 0.0617
5.0150 4.6014 4.8470 0.0617
5.0150 4.6014 4.8470 0.0617
5.0150 4.6014 4.8470 0.0617
5.0150 4.6014 4.8470 0.0617
5.0150 4.6793 4.8498 0.0567
5.0150 4.6793 4.8498 0.0567
5.0150 4.6793 4.8498 0.0567
5.0150 4.6793 4.8498 0.0567
5.0150 4.6793 4.8498 0.0567
5.0150 4.6793 4.8498 0.0567
5.0150 4.6793 4.8498 0.0567
5.0150 4.6793 4.8498 0.0567
5.0150 4.6793 4.8501 0.0568
5.0150 4.6793 4.8501 0.0568
5.0150 4.6793 4.8505 0.0569
5.0150 4.6793 4.8505 0.0570
5.0150 4.6793 4.8505 0.0570
5.0150 4.6793 4.8505 0.0570
5.0150 4.6793 4.8505 0.0570
5.0150 4.6793 4.8506 0.0570
5.0150 4.6793 4.8509 0.0571
5.0150 4.6793 4.8509 0.0571
5.0150 4.6793 4.8514 0.0569
5.0150 4.6793 4.8515 0.0570
5.0150 4.6793 4.8517 0.0571
5.0150 4.6793 4.8528 0.0565
5.0150 4.6793 4.8538 0.0563
5.0150 4.6793 4.8538 0.0563
5.0150 4.6793 4.8538 0.0563
5.0150 4.6793 4.8538 0.0563
5.0150 4.6793 4.8538 0.0563
5.0150 4.6793 4.8554 0.0552
5.0150 4.6793 4.8554 0.0552
5.0150 4.6793 4.8555 0.0553
5.0150 4.6793 4.8568 0.0545
5.0150 4.6793 4.8568 0.0545
5.0150 4.6793 4.8570 0.0545
5.0150 4.6793 4.8572 0.0545
5.0150 4.6793 4.8572 0.0545
5.0150 4.6793 4.8580 0.0538
5.0150 4.6793 4.8583 0.0539
5.0150 4.6793 4.8599 0.0561
5.0150 4.6793 4.8600 0.0562
5.0150 4.6793 4.8601 0.0562
5.0150 4.6793 4.8601 0.0562
5.0150 4.6793 4.8601 0.0562
5.0150 4.6793 4.8610 0.0560
5.0150 4.6793 4.8610 0.0560
5.0150 4.6793 4.8610 0.0560
5.0150 4.6793 4.8611 0.0560
5.0150 4.6793 4.8611 0.0560
5.0150 4.6793 4.8611 0.0560
5.0150 4.7120 4.8628 0.0530
5.0150 4.7120 4.8628 0.0530
5.0150 4.7120 4.8630 0.0530
5.0150 4.7120 4.8630 0.0530
5.0150 4.7120 4.8630 0.0530
5.0150 4.7120 4.8634 0.0531
5.0150 4.7120 4.8635 0.0531
5.0150 4.7120 4.8635 0.0531
5.0150 4.7120 4.8636 0.0532
5.0150 4.7120 4.8639 0.0532
5.0150 4.7120 4.8640 0.0532
5.0150 4.7120 4.8643 0.0527
5.0150 4.7120 4.8643 0.0527
5.0150 4.7120 4.8643 0.0527
5.0150 4.7120 4.8651 0.0512
5.0150 4.7120 4.8651 0.0512
5.0150 4.7120 4.8651 0.0512
5.0150 4.7120 4.8651 0.0512
5.0150 4.7120 4.8656 0.0512
5.0150 4.7120 4.8657 0.0512
5.0150 4.7120 4.8669 0.0501
5.0150 4.7120 4.8669 0.0501
5.0150 4.7120 4.8669 0.0501
5.0150 4.7120 4.8669 0.0501
5.0150 4.7120 4.8669 0.0501
5.0150 4.7120 4.8682 0.0522
5.0150 4.7120 4.8682 0.0522
5.0150 4.7120 4.8682 0.0522
5.0150 4.7120 4.8683 0.0522
5.0150 4.7120 4.8683 0.0522
5.0150 4.7120 4.8683 0.0522
5.0150 4.7120 4.8683 0.0522
5.0150 4.7120 4.8683 0.0522
5.0150 4.7120 4.8683 0.0522
5.0150 4.7120 4.8690 0.0514
5.0150 4.7120 4.8692 0.0514
5.0150 4.7120 4.8693 0.0514
5.0150 4.7120 4.8693 0.0514
5.0150 4.7120 4.8693 0.0514
5.0150 4.7120 4.8693 0.0514
5.0150 4.7120 4.8693 0.0514
5.0150 4.7120 4.8693 0.0514
5.0150 4.7120 4.8704 0.0504
5.0150 4.7120 4.8704 0.0504
5.0150 4.7120 4.8704 0.0504
5.0150 4.7120 4.8704 0.0504
5.0150 4.7120 4.8704 0.0504
5.0150 4.7120 4.8704 0.0504
5.0150 4.7120 4.8704 0.0504
5.0150 4.7120 4.8704 0.0504
5.0150 4.7120 4.8704 0.0504
5.0150 4.7120 4.8704 0.0504
5.0150 4.7120 4.8704 0.0504
5.0150 4.7120 4.8705 0.0505
5.0150 4.7120 4.8705 0.0505
5.0150 4.7120 4.8709 0.0504
5.0150 4.7120 4.8721 0.0494
5.0150 4.7120 4.8721 0.0494
5.0150 4.7120 4.8721 0.0494
5.0150 4.7120 4.8722 0.0495
5.0150 4.7120 4.8722 0.0495
5.0150 4.7120 4.8722 0.0495
5.0150 4.7120 4.8722 0.0495
5.0150 4.7120 4.8722 0.0495
5.0150 4.7120 4.8722 0.0495
5.0150 4.7120 4.8722 0.0495
5.0150 4.7120 4.8723 0.0495
5.0150 4.7120 4.8723 0.0495
5.0150 4.7120 4.8729 0.0489
5.0150 4.7120 4.8729 0.0489
5.0150 4.7120 4.8729 0.0489
5.0150 4.7120 4.8729 0.0489
5.0150 4.7120 4.8745 0.0470
5.0150 4.7120 4.8745 0.0470
5.0150 4.7120 4.8745 0.0470
5.0150 4.7120 4.8745 0.0470
5.0150 4.7120 4.8745 0.0470
5.0150 4.7120 4.8746 0.0471
5.0150 4.7120 4.8746 0.0471
5.0150 4.7120 4.8749 0.0470
5.0150 4.7120 4.8757 0.0464
5.0150 4.7120 4.8757 0.0464
5.0150 4.7120 4.8758 0.0464
5.0150 4.7120 4.8759 0.0465
5.0150 4.7120 4.8759 0.0465
5.0150 4.7120 4.8759 0.0465
5.0150 4.7120 4.8759 0.0465
5.0150 4.7120 4.8768 0.0449
5.0150 4.7120 4.8768 0.0449
5.0150 4.7120 4.8770 0.0450
5.0150 4.7120 4.8780 0.0463
5.0150 4.7120 4.8780 0.0463
5.0150 4.7120 4.8782 0.0464
5.0150 4.7120 4.8792 0.0475
5.0150 4.7120 4.8792 0.0475
5.0150 4.7120 4.8792 0.0475
5.0150 4.7120 4.8810 0.0481
5.0150 4.7120 4.8814 0.0479
5.0150 4.7120 4.8814 0.0479
5.0150 4.7120 4.8824 0.0460
5.0150 4.7120 4.8826 0.0459
5.0150 4.7120 4.8826 0.0459
5.0150 4.7120 4.8828 0.0459
5.0150 4.7120 4.8840 0.0474
5.0150 4.7120 4.8840 0.0474
5.0150 4.7120 4.8840 0.0474
5.0150 4.7120 4.8840 0.0474
5.0150 4.7120 4.8840 0.0474
5.0150 4.7120 4.8841 0.0473
5.0150 4.7120 4.8841 0.0473
5.0150 4.7120 4.8849 0.0466
5.0150 4.7120 4.8849 0.0466
5.0150 4.7120 4.8849 0.0466
5.0150 4.7120 4.8849 0.0466
5.0150 4.7120 4.8853 0.0465
5.0150 4.7120 4.8853 0.0465
5.0150 4.7120 4.8853 0.0465
5.0150 4.7120 4.8853 0.0465
5.0150 4.7120 4.8853 0.0465
5.0150 4.7120 4.8853 0.0465
5.0150 4.7120 4.8857 0.0463
5.0150 4.7120 4.8857 0.0463
5.0150 4.7120 4.8857 0.0463
5.0150 4.7120 4.8857 0.0463
5.0150 4.7120 4.8859 0.0464
5.0150 4.7120 4.8859 0.0464
5.0150 4.7120 4.8859 0.0464
5.0150 4.7120 4.8860 0.0464
5.0150 4.7120 4.8870 0.0454
5.0150 4.7120 4.8870 0.0454
5.0150 4.7120 4.8888 0.0422
5.0150 4.7120 4.8888 0.0422
5.0150 4.7120 4.8888 0.0422
5.0150 4.7120 4.8889 0.0421
5.0150 4.7120 4.8889 0.0421
5.0150 4.7120 4.8889 0.0421
5.0150 4.7120 4.8890 0.0421
5.0150 4.7120 4.8890 0.0421
5.0150 4.7120 4.8895 0.0419
5.0150 4.7210 4.8896 0.0415
5.0150 4.7210 4.8896 0.0415
5.0150 4.7210 4.8896 0.0415
5.0150 4.7210 4.8897 0.0415
5.0150 4.7210 4.8897 0.0415
5.0150 4.7899 4.8914 0.0379
5.0150 4.7899 4.8914 0.0379
5.0150 4.7899 4.8914 0.0379
5.0150 4.7899 4.8918 0.0377
5.0150 4.7899 4.8918 0.0377
5.0150 4.7899 4.8918 0.0377
5.0150 4.7899 4.8921 0.0375
5.0150 4.7899 4.8921 0.0375
5.0150 4.7899 4.8921 0.0375
5.0150 4.7899 4.8921 0.0375
5.0150 4.7899 4.8921 0.0375
5.0150 4.7899 4.8921 0.0375
5.0150 4.7899 4.8921 0.0375
5.0150 4.7899 4.8921 0.0375
5.0150 4.7899 4.8930 0.0386
5.0150 4.7899 4.8930 0.0386
5.0150 4.7899 4.8941 0.0396
5.0150 4.7899 4.8943 0.0397
5.0150 4.7899 4.8960 0.0412
5.0150 4.7899 4.8960 0.0412
5.0150 4.7899 4.8960 0.0412
5.0150 4.7899 4.8974 0.0418
5.0150 4.7899 4.8984 0.0427
5.0241 4.7899 4.8999 0.0447
5.0241 4.7899 4.9000 0.0447
5.0241 4.7899 4.9000 0.0447
5.0241 4.7899 4.9000 0.0447
5.0241 4.7899 4.9000 0.0447
5.0241 4.7899 4.9000 0.0447
5.0241 4.7899 4.9000 0.0446
5.0241 4.7899 4.9000 0.0446
5.0241 4.7899 4.9000 0.0446
5.0241 4.7899 4.9000 0.0446
5.0241 4.7899 4.9000 0.0446
5.0606 4.7899 4.9008 0.0467
5.0606 4.7899 4.9008 0.0467
5.0606 4.7899 4.9008 0.0467
5.0606 4.7899 4.9008 0.0467
5.0606 4.7899 4.9008 0.0467
5.0606 4.7899 4.9008 0.0467
5.0606 4.7899 4.9008 0.0467
5.0606 4.7899 4.9008 0.0467
5.0606 4.7899 4.9008 0.0467
5.0606 4.7899 4.9009 0.0467
5.0606 4.7899 4.9009 0.0467
5.0606 4.7899 4.9019 0.0474
5.0606 4.7899 4.9019 0.0474
5.0606 4.7899 4.9019 0.0474
5.0606 4.7899 4.9019 0.0474
5.0606 4.7899 4.9019 0.0474
5.0606 4.7899 4.9019 0.0474
5.0606 4.7899 4.9032 0.0489
5.0606 4.7899 4.9032 0.0489
5.0606 4.7899 4.9032 0.0489
5.0606 4.7899 4.9032 0.0489
5.0606 4.7899 4.9032 0.0489
5.0606 4.7899 4.9032 0.0489
5.0606 4.7899 4.9032 0.0489
5.0606 4.7899 4.9033 0.0489
5.0606 4.7899 4.9034 0.0489
5.0606 4.7899 4.9037 0.0484
5.0606 4.7899 4.9037 0.0484
5.0606 4.7899 4.9037 0.0484
5.0606 4.7899 4.9037 0.0484
5.0606 4.7899 4.9037 0.0484
5.0606 4.7899 4.9046 0.0491
5.0606 4.7899 4.9046 0.0491
5.0606 4.7899 4.9057 0.0498
5.0606 4.7899 4.9057 0.0498
5.0606 4.7899 4.9057 0.0498
5.0606 4.7899 4.9068 0.0503
5.0606 4.7899 4.9068 0.0505
5.0606 4.7899 4.9078 0.0510
5.0606 4.7899 4.9080 0.0509
5.0606 4.7899 4.9080 0.0509
5.0606 4.7899 4.9080 0.0509
5.0606 4.7899 4.9081 0.0509
5.0606 4.7899 4.9090 0.0514
5.0606 4.7899 4.9093 0.0512
5.0606 4.7899 4.9093 0.0512
5.0606 4.7899 4.9093 0.0512
5.0606 4.7899 4.9093 0.0512
5.0606 4.7899 4.9093 0.0512
5.0606 4.7899 4.9093 0.0512
5.0606 4.7899 4.9093 0.0512
5.0606 4.7899 4.9093 0.0512
5.0606 4.7899 4.9093 0.0512
5.0606 4.7899 4.9093 0.0512
5.0606 4.7899 4.9093 0.0512
5.0606 4.7899 4.9099 0.0507
5.0606 4.7899 4.9113 0.0522
5.0606 4.7899 4.9113 0.0522
5.0606 4.7899 4.9113 0.0522
5.0606 4.7899 4.9116 0.0521
5.0606 4.7899 4.9116 0.0521
5.0606 4.7899 4.9116 0.0521
5.0606 4.7899 4.9116 0.0521
5.0606 4.7899 4.9116 0.0521
5.0606 4.7899 4.9128 0.0531
5.0606 4.7899 4.9138 0.0518
5.0606 4.7899 4.9138 0.0518
5.0606 4.7899 4.9138 0.0518
5.0606 4.7899 4.9138 0.0518
5.0606 4.7899 4.9139 0.0517
5.0606 4.7899 4.9139 0.0517
5.0606 4.7899 4.9139 0.0517
5.0606 4.7899 4.9140 0.0517
5.0606 4.7899 4.9151 0.0524
5.0606 4.7899 4.9161 0.0528
5.0606 4.7899 4.9161 0.0528
5.0606 4.7899 4.9161 0.0528
5.0606 4.7899 4.9175 0.0539
5.0606 4.7899 4.9188 0.0549
5.0606 4.7899 4.9188 0.0549
5.0606 4.7899 4.9199 0.0555
5.0606 4.7899 4.9199 0.0555
5.0606 4.7899 4.9201 0.0554
5.0606 4.7899 4.9201 0.0554
5.0606 4.8033 4.9220 0.0542
5.0606 4.8033 4.9220 0.0542
5.0606 4.8033 4.9220 0.0542
5.0606 4.8033 4.9220 0.0542
5.0606 4.8033 4.9220 0.0542
5.0606 4.8033 4.9220 0.0542
5.0606 4.8033 4.9230 0.0548
5.0606 4.8033 4.9230 0.0548
5.0606 4.8033 4.9240 0.0551
5.0606 4.8033 4.9240 0.0551
5.0606 4.8033 4.9241 0.0550
5.0606 4.8033 4.9241 0.0550
5.0606 4.8033 4.9250 0.0553
5.0606 4.8033 4.9250 0.0553
5.0606 4.8033 4.9254 0.0548
5.0606 4.8033 4.9265 0.0551
5.0606 4.8033 4.9275 0.0552
5.0606 4.8033 4.9275 0.0552
5.0606 4.8033 4.9276 0.0551
5.0606 4.8033 4.9276 0.0551
5.0606 4.8033 4.9276 0.0551
5.0606 4.8033 4.9280 0.0558
5.0606 4.8033 4.9280 0.0558
5.0606 4.8033 4.9280 0.0558
5.0606 4.8033 4.9280 0.0558
5.0606 4.8033 4.9299 0.0563
5.0606 4.8033 4.9299 0.0563
5.0606 4.8033 4.9299 0.0563
5.0606 4.8033 4.9299 0.0563
5.0606 4.8033 4.9299 0.0563
5.0606 4.8033 4.9299 0.0563
5.0606 4.8033 4.9300 0.0563
5.0606 4.8033 4.9306 0.0564
5.0606 4.8033 4.9315 0.0565
5.0606 4.8033 4.9315 0.0565
5.0606 4.8033 4.9320 0.0572
5.0606 4.8033 4.9320 0.0572
5.0606 4.8033 4.9320 0.0572
5.0606 4.8033 4.9320 0.0572
5.0606 4.8033 4.9321 0.0571
5.0606 4.8033 4.9321 0.0571
5.0606 4.8033 4.9321 0.0571
5.0606 4.8033 4.9321 0.0571
5.0606 4.8033 4.9321 0.0571
5.0606 4.8033 4.9321 0.0571
5.0606 4.8033 4.9321 0.0571
5.0606 4.8033 4.9321 0.0571
5.0606 4.8033 4.9322 0.0570
5.0606 4.8033 4.9322 0.0570
5.0606 4.8033 4.9326 0.0575
5.0606 4.8033 4.9326 0.0575
5.0606 4.8033 4.9326 0.0575
5.0606 4.8033 4.9327 0.0575
5.0606 4.8033 4.9327 0.0575
5.0606 4.8033 4.9338 0.0578
5.0606 4.8033 4.9342 0.0577
5.0606 4.8033 4.9342 0.0577
5.0606 4.8033 4.9342 0.0577
5.0606 4.8033 4.9342 0.0577
5.0606 4.8033 4.9342 0.0577
5.0606 4.8033 4.9342 0.0577
5.0606 4.8033 4.9355 0.0584
5.0606 4.8033 4.9355 0.0584
5.0606 4.8480 4.9373 0.0571
5.0606 4.8480 4.9373 0.0571
5.0606 4.8480 4.9373 0.0570
5.0606 4.8480 4.9373 0.0570
5.0606 4.8480 4.9386 0.0575
5.0606 4.8480 4.9386 0.0575
5.0606 4.8480 4.9386 0.0575
5.0606 4.8480 4.9399 0.0579
5.0606 4.8480 4.9400 0.0578
5.0606 4.8480 4.9413 0.0581
5.0606 4.8480 4.9415 0.0580
5.0606 4.8480 4.9424 0.0579
5.0606 4.8480 4.9434 0.0579
5.0606 4.8480 4.9443 0.0578
5.0606 4.8480 4.9458 0.0583
5.0606 4.8480 4.9467 0.0582
5.0606 4.8480 4.9479 0.0586
5.0606 4.8480 4.9479 0.0586
5.0606 4.8480 4.9479 0.0586
5.0606 4.8480 4.9479 0.0586
5.0606 4.8480 4.9480 0.0587
5.0606 4.8480 4.9494 0.0589
5.0606 4.8480 4.9495 0.0589
5.0606 4.8480 4.9505 0.0587
5.0606 4.8480 4.9506 0.0588
5.0606 4.8480 4.9506 0.0588
5.0606 4.8480 4.9515 0.0586
5.0606 4.8480 4.9515 0.0586
5.0606 4.8480 4.9524 0.0584
5.0606 4.8480 4.9524 0.0584
5.0606 4.8480 4.9524 0.0584
5.0606 4.8480 4.9535 0.0581
5.0606 4.8480 4.9535 0.0581
5.0606 4.8480 4.9535 0.0581
5.0606 4.8480 4.9535 0.0581
5.0606 4.8480 4.9535 0.0581
5.0606 4.8480 4.9536 0.0582
5.0606 4.8480 4.9539 0.0585
5.0606 4.8480 4.9539 0.0585
5.0606 4.8480 4.9539 0.0585
5.0606 4.8480 4.9539 0.0585
5.0606 4.8480 4.9539 0.0586
5.0606 4.8480 4.9544 0.0590
5.0606 4.8480 4.9548 0.0594
5.0606 4.8480 4.9548 0.0594
5.0606 4.8480 4.9558 0.0590
5.0606 4.8480 4.9558 0.0590
5.0606 4.8480 4.9559 0.0589
5.0606 4.8480 4.9560 0.0590
5.0606 4.8480 4.9564 0.0594
5.0606 4.8480 4.9579 0.0594
5.0606 4.8480 4.9579 0.0594
5.0606 4.8480 4.9583 0.0597
5.0606 4.8480 4.9583 0.0597
5.0606 4.8480 4.9589 0.0596
5.0606 4.8480 4.9589 0.0596
5.0606 4.8480 4.9589 0.0596
5.0606 4.8480 4.9600 0.0593
5.0606 4.8480 4.9600 0.0593
5.0606 4.8480 4.9600 0.0593
5.0606 4.8480 4.9600 0.0593
5.0606 4.8480 4.9600 0.0593
5.0606 4.8480 4.9600 0.0593
5.0606 4.8480 4.9600 0.0593
5.0606 4.8480 4.9600 0.0593
5.0606 4.8480 4.9610 0.0589
5.0606 4.8480 4.9612 0.0591
5.0606 4.8480 4.9623 0.0589
5.0606 4.8480 4.9637 0.0588
5.0606 4.8480 4.9637 0.0588
5.0606 4.8480 4.9637 0.0587
5.0606 4.8480 4.9637 0.0587
5.0606 4.8480 4.9641 0.0590
5.0606 4.8480 4.9641 0.0590
5.0606 4.8480 4.9655 0.0589
5.0606 4.8480 4.9663 0.0585
5.0606 4.8480 4.9675 0.0581
5.0606 4.8480 4.9675 0.0581
5.0606 4.8480 4.9688 0.0579
5.0606 4.8480 4.9688 0.0579
5.0606 4.8480 4.9688 0.0579
5.0606 4.8480 4.9688 0.0579
5.0606 4.8480 4.9697 0.0574
5.0715 4.8480 4.9698 0.0576
5.0715 4.8480 4.9698 0.0576
5.0715 4.8480 4.9698 0.0576
5.0715 4.8480 4.9698 0.0576
5.0715 4.8480 4.9698 0.0576
5.0715 4.8480 4.9698 0.0576
5.0715 4.8480 4.9712 0.0574
5.0715 4.8480 4.9712 0.0574
5.0715 4.8480 4.9712 0.0574
5.0715 4.8480 4.9712 0.0574
5.0715 4.8480 4.9712 0.0574
5.0715 4.8480 4.9712 0.0574
5.0715 4.8480 4.9713 0.0573
5.0715 4.8480 4.9716 0.0575
5.0715 4.8480 4.9716 0.0575
5.0715 4.8480 4.9729 0.0572
5.0715 4.8480 4.9730 0.0572
5.0715 4.8480 4.9739 0.0567
5.0715 4.8480 4.9739 0.0567
5.0715 4.8480 4.9740 0.0567
5.0715 4.8480 4.9740 0.0567
5.0715 4.8480 4.9740 0.0567
5.0715 4.8480 4.9740 0.0567
5.0715 4.8480 4.9740 0.0567
5.0715 4.8480 4.9740 0.0567
5.0715 4.8480 4.9752 0.0563
5.0715 4.8480 4.9755 0.0564
5.0715 4.8480 4.9768 0.0560
5.0715 4.8480 4.9768 0.0560
5.0715 4.8480 4.9768 0.0560
5.0715 4.8480 4.9768 0.0560
5.0715 4.8480 4.9768 0.0560
5.0715 4.8480 4.9768 0.0560
5.0715 4.8480 4.9768 0.0560
5.0715 4.8480 4.9768 0.0560
5.0715 4.8480 4.9768 0.0560
5.0715 4.8480 4.9772 0.0562
5.0715 4.8480 4.9772 0.0562
5.0715 4.8480 4.9785 0.0558
5.0715 4.8480 4.9799 0.0553
5.0715 4.8480 4.9800 0.0554
5.0715 4.8480 4.9806 0.0549
5.0715 4.8480 4.9806 0.0549
5.0715 4.8480 4.9806 0.0549
5.0715 4.8480 4.9806 0.0549
5.0715 4.8480 4.9808 0.0550
5.0715 4.8480 4.9811 0.0550
5.0715 4.8480 4.9811 0.0550
5.0715 4.8480 4.9816 0.0552
5.0715 4.8480 4.9826 0.0544
5.0715 4.8480 4.9826 0.0544
5.0715 4.8480 4.9826 0.0544
5.0715 4.8480 4.9826 0.0544
5.0715 4.8480 4.9827 0.0542
5.0715 4.8480 4.9841 0.0537
5.0715 4.8480 4.9841 0.0537
5.0715 4.8480 4.9841 0.0537
5.0715 4.8480 4.9842 0.0538
5.0715 4.8480 4.9842 0.0538
5.0715 4.8480 4.9844 0.0539
5.0715 4.8480 4.9844 0.0539
5.0715 4.8480 4.9844 0.0539
5.0715 4.8480 4.9844 0.0539
5.0715 4.8480 4.9844 0.0539
5.0715 4.8480 4.9846 0.0541
5.0715 4.8480 4.9846 0.0541
5.0715 4.8480 4.9858 0.0535
5.0715 4.8480 4.9862 0.0537
5.0715 4.8480 4.9868 0.0542
5.0715 4.8480 4.9873 0.0543
5.0715 4.8480 4.9885 0.0536
5.0715 4.8480 4.9885 0.0536
5.0715 4.8480 4.9885 0.0536
5.0715 4.8480 4.9885 0.0536
5.0715 4.8852 4.9890 0.0525
5.0715 4.8852 4.9900 0.0516
5.0715 4.8852 4.9900 0.0516
5.0715 4.8852 4.9900 0.0516
5.0715 4.8852 4.9901 0.0516
5.0715 4.8852 4.9902 0.0517
5.0715 4.8852 4.9902 0.0517
5.0715 4.8852 4.9902 0.0517
5.0715 4.8852 4.9904 0.0518
5.0715 4.8852 4.9907 0.0519
5.0715 4.8852 4.9919 0.0511
5.0715 4.8852 4.9923 0.0513
5.0715 4.8852 4.9928 0.0513
5.0715 4.8852 4.9928 0.0513
5.0715 4.8852 4.9942 0.0502
5.0715 4.8852 4.9942 0.0502
5.0715 4.8852 4.9942 0.0502
5.0715 4.8852 4.9942 0.0502
5.0715 4.8852 4.9942 0.0502
5.0715 4.8852 4.9942 0.0502
5.0715 4.8852 4.9942 0.0502
5.0715 4.8852 4.9953 0.0494
5.0715 4.8852 4.9956 0.0495
5.0715 4.8852 4.9956 0.0495
5.0715 4.8852 4.9956 0.0495
5.0715 4.8852 4.9956 0.0495
5.0715 4.8852 4.9956 0.0495
5.0715 4.8852 4.9959 0.0495
5.0715 4.8852 4.9975 0.0487
5.0715 4.8852 4.9975 0.0487
5.0715 4.8852 4.9989 0.0477
5.0715 4.8852 4.9993 0.0468
5.0715 4.8852 4.9995 0.0469
5.0715 4.8852 4.9995 0.0469
5.0715 4.8852 4.9995 0.0469
5.0715 4.8852 5.0001 0.0468
5.0715 4.8852 5.0005 0.0469
5.0715 4.8852 5.0005 0.0469
5.0715 4.8852 5.0014 0.0457
5.0715 4.8852 5.0014 0.0457
5.0715 4.8852 5.0024 0.0454
5.0715 4.8852 5.0024 0.0454
5.0715 4.8852 5.0024 0.0454
5.0715 4.8852 5.0024 0.0454
5.0715 4.8852 5.0024 0.0454
5.0715 4.8852 5.0037 0.0441
5.0715 4.8852 5.0037 0.0441
5.0715 4.8852 5.0037 0.0441
5.0715 4.8852 5.0037 0.0441
5.0715 4.8852 5.0037 0.0441
5.0715 4.8852 5.0037 0.0441
5.0715 4.8852 5.0038 0.0441
5.0715 4.8852 5.0038 0.0441
5.0715 4.8852 5.0040 0.0442
5.0715 4.8852 5.0042 0.0443
5.0715 4.8852 5.0042 0.0443
5.0715 4.8852 5.0042 0.0443
5.0715 4.8852 5.0042 0.0443
5.0715 4.8852 5.0042 0.0443
5.0715 4.8852 5.0042 0.0443
5.0715 4.8852 5.0042 0.0443
5.0715 4.8914 5.0043 0.0440
5.0715 4.8914 5.0043 0.0440
5.0715 4.8914 5.0043 0.0440
5.0715 4.8914 5.0043 0.0440
5.0715 4.8914 5.0052 0.0427
5.0715 4.8914 5.0052 0.0427
5.0715 4.8914 5.0052 0.0427
5.0715 4.8914 5.0052 0.0427
5.0715 4.8914 5.0052 0.0427
5.0715 4.8914 5.0052 0.0427
5.0715 4.8914 5.0057 0.0427
5.0715 4.8914 5.0060 0.0428
5.0715 4.8914 5.0060 0.0428
5.0715 4.8914 5.0074 0.0414
5.0715 4.8914 5.0074 0.0414
5.0715 4.8914 5.0079 0.0414
5.0715 4.8914 5.0084 0.0415
5.0715 4.8914 5.0084 0.0415
5.0715 4.8914 5.0084 0.0415
5.0715 4.8914 5.0085 0.0414
5.0715 4.8914 5.0085 0.0414
5.0715 4.8914 5.0086 0.0415
5.0715 4.8914 5.0098 0.0403
5.0715 4.8914 5.0098 0.0403
5.0715 4.8914 5.0098 0.0403
5.0715 4.8914 5.0111 0.0385
5.0715 4.8914 5.0111 0.0385
5.0715 4.8914 5.0111 0.0385
5.0715 4.8914 5.0112 0.0385
5.0950 4.8914 5.0122 0.0394
5.0950 4.8914 5.0122 0.0394
5.0950 4.8914 5.0124 0.0394
5.0950 4.8914 5.0124 0.0394
5.0950 4.8914 5.0124 0.0394
5.0950 4.8914 5.0124 0.0395
5.0950 4.8914 5.0124 0.0395
5.0950 4.8914 5.0124 0.0395
5.0950 4.8914 5.0124 0.0395
5.0950 4.8914 5.0124 0.0395
5.0950 4.8914 5.0136 0.0380
5.0950 4.8914 5.0140 0.0375
5.0950 4.8914 5.0141 0.0375
5.0950 4.8914 5.0141 0.0375
5.0950 4.8914 5.0154 0.0355
5.0950 4.8914 5.0154 0.0355
5.0950 4.8914 5.0154 0.0355
5.0950 4.8914 5.0154 0.0355
5.0950 4.8914 5.0154 0.0355
5.0950 4.8914 5.0161 0.0356
5.0950 4.8914 5.0161 0.0356
5.0950 4.8914 5.0161 0.0356
5.0950 4.8914 5.0161 0.0356
5.0950 4.8914 5.0161 0.0356
5.0950 4.8914 5.0161 0.0356
5.0950 4.8914 5.0161 0.0356
5.0950 4.8914 5.0161 0.0356
5.0950 4.8914 5.0161 0.0356
5.0950 4.8914 5.0162 0.0357
5.0950 4.8914 5.0162 0.0357
5.0950 4.8914 5.0175 0.0335
5.0950 4.8914 5.0177 0.0335
5.0950 4.8914 5.0186 0.0313
5.0950 4.8914 5.0187 0.0313
5.0950 4.8914 5.0187 0.0313
5.0950 4.8914 5.0187 0.0313
5.0950 4.8914 5.0187 0.0313
5.0950 4.8914 5.0187 0.0313
5.0950 4.8914 5.0188 0.0314
5.0950 4.8914 5.0188 0.0314
5.0950 4.8914 5.0188 0.0314
5.0950 4.8914 5.0193 0.0312
5.0950 4.8914 5.0193 0.0312
5.0950 4.8914 5.0195 0.0313
5.0950 4.8914 5.0197 0.0313
5.0950 4.8914 5.0197 0.0313
5.0950 4.8914 5.0197 0.0313
5.0950 4.8914 5.0197 0.0313
5.0950 4.8914 5.0201 0.0312
5.0950 4.8914 5.0201 0.0312
5.0950 4.8914 5.0201 0.0312
5.0950 4.8914 5.0201 0.0312
5.0950 4.8914 5.0203 0.0313
5.0950 4.8914 5.0203 0.0313
5.0950 4.8914 5.0206 0.0313
5.0950 4.8947 5.0220 0.0285
5.0950 4.8947 5.0223 0.0283
5.0950 4.8947 5.0223 0.0283
5.0950 4.8947 5.0223 0.0283
5.0950 4.8947 5.0224 0.0284
5.0950 4.8947 5.0224 0.0284
5.0950 4.8947 5.0224 0.0284
5.0950 4.8947 5.0225 0.0283
5.0950 4.8947 5.0225 0.0283
5.0950 4.8947 5.0225 0.0283
5.0950 4.8947 5.0226 0.0283
5.0950 4.8947 5.0228 0.0283
5.0950 4.8947 5.0228 0.0283
5.0950 4.8947 5.0229 0.0284
5.0950 4.8947 5.0229 0.0284
5.0950 4.8947 5.0233 0.0282
5.0950 4.8947 5.0233 0.0282
5.0950 4.8947 5.0233 0.0282
5.0950 4.8947 5.0233 0.0282
5.0950 4.8947 5.0233 0.0282
5.0950 4.8947 5.0236 0.0280
5.0950 4.8947 5.0237 0.0280
5.0950 4.8947 5.0237 0.0280
5.0950 4.8947 5.0238 0.0280
5.0950 4.8947 5.0238 0.0280
5.0950 4.8947 5.0238 0.0280
5.0950 4.8947 5.0241 0.0277
5.0950 4.8947 5.0241 0.0277
5.0950 4.8947 5.0241 0.0277
5.0950 4.8947 5.0241 0.0277
5.0950 4.8947 5.0241 0.0277
5.0950 4.8947 5.0243 0.0278
5.0950 4.8947 5.0243 0.0278
5.0950 4.8947 5.0243 0.0278
5.0950 4.8947 5.0243 0.0278
5.0950 4.8947 5.0246 0.0278
5.0950 4.8947 5.0246 0.0278
5.0950 4.8947 5.0250 0.0276
5.0950 4.8947 5.0250 0.0276
5.0950 4.8947 5.0250 0.0276
5.0950 4.8947 5.0251 0.0276
5.0950 4.8947 5.0251 0.0276
5.0950 4.8947 5.0251 0.0276
5.0950 4.8947 5.0254 0.0274
5.0950 4.8947 5.0254 0.0274
5.0950 4.8947 5.0254 0.0274
5.0950 4.8947 5.0255 0.0274
5.0950 4.8947 5.0256 0.0275
5.0950 4.8947 5.0256 0.0275
5.0950 4.8947 5.0259 0.0275
5.0950 4.8947 5.0259 0.0275
5.0950 4.8947 5.0259 0.0275
5.0950 4.8947 5.0259 0.0275
5.0950 4.8947 5.0259 0.0275
5.0950 4.8947 5.0259 0.0275
5.0950 4.8947 5.0259 0.0275
5.0950 4.8947 5.0259 0.0275
5.0950 4.8947 5.0259 0.0275
5.0950 4.8947 5.0259 0.0275
5.0950 4.8947 5.0261 0.0275
5.0950 4.8947 5.0261 0.0275
5.0950 4.8947 5.0266 0.0272
5.0950 4.8947 5.0266 0.0272
5.0950 4.8947 5.0267 0.0272
5.0950 4.8947 5.0267 0.0272
5.0950 4.8947 5.0267 0.0272
5.0950 4.8947 5.0269 0.0270
5.0950 4.8947 5.0269 0.0270
5.0950 4.8947 5.0269 0.0270
5.0950 4.8947 5.0270 0.0271
5.0950 4.8947 5.0270 0.0271
5.0950 4.8947 5.0270 0.0271
5.0950 4.8947 5.0270 0.0271
5.0950 4.8947 5.0284 0.0236
5.0950 4.8947 5.0284 0.0236
5.0950 4.8947 5.0284 0.0236
5.0950 4.8947 5.0285 0.0236
5.0950 4.8947 5.0285 0.0236
5.0950 4.8947 5.0285 0.0236
5.0950 4.8947 5.0285 0.0236
5.0950 4.8947 5.0285 0.0236
5.0950 4.8947 5.0287 0.0236
5.0950 4.8947 5.0291 0.0238
5.0950 4.8947 5.0291 0.0238
5.0950 4.8947 5.0291 0.0238
5.0950 4.8947 5.0298 0.0242
5.0950 4.8947 5.0298 0.0242
5.0950 4.8947 5.0304 0.0249
5.0950 4.8947 5.0304 0.0249
5.0950 4.8947 5.0304 0.0249
5.0950 4.8947 5.0305 0.0249
5.0950 4.8947 5.0305 0.0249
5.0950 4.8947 5.0305 0.0249
5.0950 4.8947 5.0305 0.0249
5.0950 4.8947 5.0309 0.0251
5.0950 4.8947 5.0309 0.0251
5.0950 4.8947 5.0309 0.0251
5.0950 4.8947 5.0309 0.0251
5.0950 4.8947 5.0320 0.0255
5.0950 4.8947 5.0320 0.0255
5.0950 4.8947 5.0320 0.0255
5.0950 4.8947 5.0320 0.0255
5.0950 4.8947 5.0320 0.0255
5.0950 4.8947 5.0320 0.0255
5.0950 4.8947 5.0320 0.0255
5.0950 4.8947 5.0323 0.0257
5.0950 4.8947 5.0323 0.0257
5.0950 4.8947 5.0323 0.0257
5.0950 4.8947 5.0323 0.0257
5.0950 4.8947 5.0323 0.0257
5.0950 4.8947 5.0326 0.0259
5.0950 4.8947 5.0329 0.0259
5.0950 4.8947 5.0331 0.0259
5.0950 4.8947 5.0332 0.0258
5.0950 4.8947 5.0332 0.0258
5.0950 4.8947 5.0332 0.0258
5.0950 4.8947 5.0337 0.0253
5.0950 4.8947 5.0337 0.0253
5.0950 4.8947 5.0337 0.0253
5.0950 4.8947 5.0338 0.0253
5.0950 4.8947 5.0338 0.0253
5.0950 4.8947 5.0338 0.0253
5.0950 4.8947 5.0338 0.0253
5.0950 4.8947 5.0338 0.0253
5.0950 4.8947 5.0341 0.0254
5.0950 4.8947 5.0341 0.0254
5.0950 4.8947 5.0341 0.0254
5.0950 4.8947 5.0341 0.0254
5.0950 4.8947 5.0342 0.0254
5.0950 4.8947 5.0342 0.0254
5.0950 4.8947 5.0342 0.0254
5.0950 4.8947 5.0342 0.0254
5.0950 4.8947 5.0342 0.0254
5.0950 4.8947 5.0342 0.0254
5.0950 4.8947 5.0342 0.0254
5.0950 4.8947 5.0342 0.0254
5.0950 4.8947 5.0342 0.0254
5.1202 4.8947 5.0354 0.0276
5.1202 4.8947 5.0354 0.0276
5.1202 4.8947 5.0354 0.0276
5.1202 4.8947 5.0354 0.0275
5.1202 4.8947 5.0354 0.0275
5.1202 4.8947 5.0354 0.0275
5.1202 4.8947 5.0354 0.0275
5.1202 4.8947 5.0357 0.0277
5.1202 4.8947 5.0357 0.0277
5.1202 4.8947 5.0357 0.0277
5.1202 4.8947 5.0357 0.0277
5.1202 4.8947 5.0357 0.0277
5.1202 4.8947 5.0357 0.0277
5.1202 4.8947 5.0357 0.0277
5.1202 4.8947 5.0357 0.0277
5.1202 4.8947 5.0357 0.0277
5.1202 4.8947 5.0357 0.0277
5.1202 4.8947 5.0357 0.0277
5.1202 4.8947 5.0357 0.0277
5.1202 4.8947 5.0357 0.0277
5.1202 4.8947 5.0357 0.0277
5.1202 4.8947 5.0357 0.0277
5.1202 4.8947 5.0357 0.0277
5.1202 4.8947 5.0359 0.0278
5.1202 4.8947 5.0360 0.0278
5.1202 4.8947 5.0360 0.0278
5.1202 4.8947 5.0362 0.0277
5.1202 4.8947 5.0362 0.0277
5.1202 4.8947 5.0362 0.0277
5.1202 4.8947 5.0362 0.0277
5.1202 4.8947 5.0363 0.0277
5.1202 4.8947 5.0363 0.0277
5.1202 4.8947 5.0363 0.0277
5.1202 4.8947 5.0363 0.0277
5.1202 4.8947 5.0363 0.0277
5.1202 4.8947 5.0363 0.0277
5.1202 4.8947 5.0363 0.0277
5.1202 4.8947 5.0363 0.0277
5.1202 4.8947 5.0366 0.0278
5.1202 4.8947 5.0366 0.0278
5.1202 4.8947 5.0366 0.0278
5.1202 4.8947 5.0366 0.0278
5.1202 4.8947 5.0366 0.0278
5.1202 4.8947 5.0369 0.0279
5.1202 4.8947 5.0373 0.0281
5.1202 4.8947 5.0373 0.0281
5.1202 4.8947 5.0373 0.0281
5.1202 4.8947 5.0373 0.0281
5.1202 4.8947 5.0373 0.0281
5.1202 4.8947 5.0373 0.0281
5.1202 4.8947 5.0373 0.0281
5.1202 4.8947 5.0380 0.0287
5.1202 4.8947 5.0384 0.0283
5.1202 4.8947 5.0386 0.0283
5.1202 4.8947 5.0387 0.0282
5.1202 4.8947 5.0387 0.0282
5.1202 4.8947 5.0387 0.0282
5.1202 4.8947 5.0387 0.0282
5.1202 4.8947 5.0387 0.0282
5.1202 4.8947 5.0387 0.0282
5.1202 4.8947 5.0388 0.0282
5.1202 4.8947 5.0388 0.0282
5.1202 4.8947 5.0388 0.0282
5.1202 4.8947 5.0388 0.0282
5.1202 4.8947 5.0388 0.0282
5.1202 4.8947 5.0389 0.0281
5.1202 4.8947 5.0389 0.0281
5.1202 4.8947 5.0394 0.0282
5.1202 4.8947 5.0394 0.0282
5.1202 4.8947 5.0394 0.0282
5.1202 4.8947 5.0411 0.0244
5.1202 4.8947 5.0411 0.0244
5.1202 4.8947 5.0414 0.0246
5.1202 4.8947 5.0415 0.0245
5.1202 4.8947 5.0415 0.0245
5.1202 4.8947 5.0415 0.0245
5.1202 4.8947 5.0415 0.0245
5.1202 4.8947 5.0417 0.0244
5.1202 4.8947 5.0418 0.0244
5.1202 4.8947 5.0418 0.0244
5.1202 4.8947 5.0418 0.0244
5.1202 4.8947 5.0418 0.0244
5.1202 4.8947 5.0418 0.0244
5.1202 4.8947 5.0418 0.0244
5.1202 4.8947 5.0418 0.0244
5.1202 4.8947 5.0418 0.0244
5.1202 4.8947 5.0418 0.0244
5.1202 4.8947 5.0418 0.0244
5.1202 4.8947 5.0418 0.0244
5.1202 4.8947 5.0418 0.0244
5.1202 4.8947 5.0418 0.0244
5.1202 4.8947 5.0418 0.0244
5.1202 4.8947 5.0418 0.0244
5.1202 4.8947 5.0418 0.0244
5.1202 4.8947 5.0418 0.0244
5.1202 4.8947 5.0419 0.0244
5.1202 4.8947 5.0419 0.0244
5.1202 4.8947 5.0419 0.0244
5.1202 4.8947 5.0419 0.0244
5.1202 4.8947 5.0419 0.0244
5.1202 4.8947 5.0419 0.0244
5.1202 4.8947 5.0421 0.0245
5.1202 4.8947 5.0421 0.0245
5.1202 4.8947 5.0422 0.0244
5.1202 4.9851 5.0436 0.0194
5.1202 4.9851 5.0436 0.0194
5.1202 4.9851 5.0436 0.0195
5.1202 4.9851 5.0437 0.0195
5.1202 4.9851 5.0437 0.0195
5.1202 4.9851 5.0437 0.0195
5.1202 4.9851 5.0437 0.0195
5.1202 4.9851 5.0437 0.0195
5.1202 4.9851 5.0439 0.0195
5.1202 4.9851 5.0439 0.0195
5.1202 4.9851 5.0439 0.0195
5.1202 4.9851 5.0439 0.0195
5.1202 4.9851 5.0440 0.0195
5.1202 4.9851 5.0440 0.0195
5.1202 4.9851 5.0441 0.0194
5.1202 4.9851 5.0444 0.0195
5.1202 4.9851 5.0444 0.0195
5.1202 4.9851 5.0445 0.0194
5.1202 4.9851 5.0445 0.0194
5.1202 4.9851 5.0445 0.0194
5.1202 4.9851 5.0445 0.0194
5.1202 4.9851 5.0445 0.0194
5.1202 4.9851 5.0446 0.0194
5.1202 4.9851 5.0446 0.0194
5.1202 4.9851 5.0446 0.0194
5.1202 4.9851 5.0450 0.0200
5.1202 4.9851 5.0450 0.0200
5.1202 4.9851 5.0450 0.0200
5.1202 4.9851 5.0450 0.0200
5.1202 4.9851 5.0450 0.0200
5.1202 4.9851 5.0450 0.0200
5.1202 4.9851 5.0450 0.0200
5.1202 4.9851 5.0450 0.0200
5.1202 4.9851 5.0450 0.0200
5.1202 4.9851 5.0450 0.0200
5.1202 4.9851 5.0454 0.0201
5.1202 4.9851 5.0454 0.0201
5.1202 4.9851 5.0454 0.0201
5.1202 4.9851 5.0456 0.0201
5.1202 4.9851 5.0457 0.0200
5.1202 4.9851 5.0457 0.0200
5.1202 4.9851 5.0463 0.0211
5.1202 4.9851 5.0463 0.0211
5.1202 4.9851 5.0465 0.0212
5.1202 4.9851 5.0465 0.0212
5.1202 4.9851 5.0466 0.0211
5.1202 4.9851 5.0466 0.0211
5.1202 4.9851 5.0466 0.0211
5.1202 4.9851 5.0466 0.0211
5.1202 4.9851 5.0466 0.0211
5.1202 4.9851 5.0466 0.0211
5.1202 4.9851 5.0467 0.0211
5.1202 4.9851 5.0467 0.0211
5.1202 4.9851 5.0469 0.0211
5.1202 4.9851 5.0469 0.0211
5.1202 4.9851 5.0469 0.0211
5.1202 4.9851 5.0470 0.0211
5.1202 4.9851 5.0470 0.0211
5.1202 4.9851 5.0474 0.0220
5.1202 4.9851 5.0474 0.0220
5.1202 4.9851 5.0474 0.0220
5.1202 4.9851 5.0474 0.0220
5.1202 4.9851 5.0474 0.0220
5.1202 4.9851 5.0478 0.0221
5.1202 4.9851 5.0478 0.0221
5.1202 4.9851 5.0478 0.0221
5.1202 4.9851 5.0478 0.0220
5.1202 4.9851 5.0479 0.0220
5.1202 4.9851 5.0479 0.0221
5.1202 4.9851 5.0487 0.0230
5.1202 4.9851 5.0487 0.0230
5.1202 4.9851 5.0487 0.0230
5.1202 4.9851 5.0487 0.0230
5.1202 4.9851 5.0487 0.0230
5.1202 4.9851 5.0487 0.0230
5.1202 4.9851 5.0487 0.0230
5.1202 4.9851 5.0487 0.0230
5.1202 4.9851 5.0491 0.0230
5.1202 4.9851 5.0491 0.0230
5.1202 4.9851 5.0491 0.0230
5.1202 4.9851 5.0491 0.0230
5.1202 4.9851 5.0491 0.0230
5.1202 4.9851 5.0491 0.0230
5.1202 4.9851 5.0492 0.0229
5.1202 4.9851 5.0492 0.0230
5.1202 4.9851 5.0494 0.0228
5.1202 4.9851 5.0494 0.0228
5.1202 4.9851 5.0497 0.0228
5.1202 4.9851 5.0500 0.0227
5.1202 4.9851 5.0500 0.0227
5.1202 4.9851 5.0500 0.0227
5.1202 4.9851 5.0500 0.0227
5.1202 4.9851 5.0500 0.0227
5.1348 4.9851 5.0502 0.0234
5.1348 4.9851 5.0502 0.0234
5.1348 5.0284 5.0506 0.0226
5.1348 5.0284 5.0506 0.0226
5.1348 5.0284 5.0507 0.0226
5.1348 5.0284 5.0507 0.0226
5.1348 5.0284 5.0507 0.0226
5.1348 5.0284 5.0507 0.0226
5.1348 5.0284 5.0507 0.0226
5.1348 5.0284 5.0507 0.0226
5.1348 5.0284 5.0507 0.0226
5.1348 5.0284 5.0513 0.0229
5.1348 5.0284 5.0514 0.0229
5.1348 5.0284 5.0514 0.0229
5.1348 5.0284 5.0514 0.0229
5.1348 5.0327 5.0517 0.0228
5.1348 5.0327 5.0517 0.0228
5.1348 5.0327 5.0517 0.0228
5.1348 5.0327 5.0517 0.0228
5.1348 5.0327 5.0517 0.0228
5.1348 5.0327 5.0517 0.0228
5.1348 5.0327 5.0517 0.0228
5.1348 5.0327 5.0517 0.0228
5.1348 5.0327 5.0517 0.0228
5.1348 5.0327 5.0517 0.0228
5.1348 5.0327 5.0517 0.0228
5.1348 5.0327 5.0517 0.0228
5.1348 5.0327 5.0519 0.0228
5.1348 5.0327 5.0519 0.0228
5.1348 5.0327 5.0519 0.0228
5.1348 5.0327 5.0519 0.0228
5.1348 5.0327 5.0520 0.0228
5.1348 5.0327 5.0520 0.0228
5.1348 5.0327 5.0520 0.0228
5.1348 5.0327 5.0520 0.0228
5.1348 5.0327 5.0520 0.0228
5.1348 5.0327 5.0520 0.0228
5.1348 5.0327 5.0520 0.0228
5.1348 5.0327 5.0523 0.0232
5.1348 5.0327 5.0523 0.0232
5.1348 5.0327 5.0523 0.0232
5.1348 5.0327 5.0523 0.0232
5.1348 5.0327 5.0523 0.0232
5.1348 5.0327 5.0523 0.0232
5.1348 5.0327 5.0523 0.0231
5.1348 5.0327 5.0523 0.0231
5.1348 5.0327 5.0523 0.0231
5.1348 5.0327 5.0526 0.0231
5.1348 5.0327 5.0526 0.0231
5.1348 5.0327 5.0526 0.0231
5.1348 5.0327 5.0526 0.0231
5.1348 5.0327 5.0526 0.0231
5.1348 5.0327 5.0526 0.0231
5.1348 5.0327 5.0526 0.0231
5.1348 5.0327 5.0526 0.0231
5.1348 5.0327 5.0526 0.0231
5.1348 5.0327 5.0529 0.0230
5.1348 5.0327 5.0529 0.0230
5.1348 5.0327 5.0535 0.0234
5.1348 5.0327 5.0535 0.0234
5.1348 5.0327 5.0535 0.0234
5.1348 5.0327 5.0535 0.0234
5.1348 5.0327 5.0541 0.0237
5.1348 5.0327 5.0541 0.0237
5.1348 5.0327 5.0541 0.0237
5.1348 5.0327 5.0541 0.0237
5.1348 5.0327 5.0541 0.0237
5.1348 5.0327 5.0541 0.0237
5.1348 5.0327 5.0541 0.0237
5.1348 5.0327 5.0547 0.0239
5.1348 5.0327 5.0547 0.0239
5.1348 5.0327 5.0553 0.0249
5.1348 5.0327 5.0553 0.0249
5.1348 5.0327 5.0554 0.0249
5.1348 5.0327 5.0554 0.0249
5.1348 5.0327 5.0554 0.0249
5.1348 5.0327 5.0554 0.0249
5.1348 5.0327 5.0554 0.0249
5.1348 5.0327 5.0557 0.0248
5.1348 5.0327 5.0557 0.0248
5.1348 5.0327 5.0557 0.0248
5.1348 5.0327 5.0557 0.0248
5.1348 5.0327 5.0557 0.0248
5.1348 5.0327 5.0557 0.0248
5.1348 5.0327 5.0558 0.0252
5.1348 5.0327 5.0558 0.0252
5.1348 5.0327 5.0558 0.0252
5.1348 5.0327 5.0559 0.0252
5.1348 5.0327 5.0562 0.0252
5.1348 5.0327 5.0562 0.0252
5.1348 5.0327 5.0562 0.0252
5.1348 5.0327 5.0562 0.0252
5.1348 5.0327 5.0569 0.0254
5.1348 5.0327 5.0569 0.0254
5.1348 5.0327 5.0574 0.0257
5.1348 5.0327 5.0577 0.0259
5.1348 5.0327 5.0579 0.0258
5.1348 5.0327 5.0579 0.0258
5.1348 5.0327 5.0582 0.0261
5.1348 5.0327 5.0582 0.0261
5.1348 5.0327 5.0582 0.0261
5.1348 5.0327 5.0582 0.0261
5.1348 5.0327 5.0582 0.0261
5.1348 5.0327 5.0582 0.0261
5.1348 5.0327 5.0585 0.0260
5.1348 5.0327 5.0585 0.0260
5.1348 5.0327 5.0591 0.0267
5.1348 5.0327 5.0591 0.0267
5.1348 5.0327 5.0591 0.0267
5.1348 5.0327 5.0591 0.0267
5.1348 5.0327 5.0594 0.0270
5.1348 5.0327 5.0594 0.0270
5.1348 5.0327 5.0596 0.0269
5.1348 5.0327 5.0601 0.0272
5.1348 5.0327 5.0601 0.0272
5.1348 5.0327 5.0601 0.0272
5.1348 5.0327 5.0601 0.0272
5.1348 5.0327 5.0601 0.0272
5.1348 5.0327 5.0602 0.0271
5.1348 5.0327 5.0602 0.0271
5.1348 5.0327 5.0608 0.0272
5.1348 5.0327 5.0608 0.0272
5.1348 5.0327 5.0608 0.0272
5.1348 5.0327 5.0608 0.0272
5.1348 5.0327 5.0608 0.0272
5.1348 5.0327 5.0608 0.0272
5.1348 5.0327 5.0608 0.0272
5.1348 5.0327 5.0613 0.0278
5.1348 5.0327 5.0616 0.0279
5.1348 5.0327 5.0616 0.0279
5.1348 5.0327 5.0616 0.0279
5.1348 5.0327 5.0616 0.0279
5.1348 5.0327 5.0616 0.0279
5.1348 5.0327 5.0616 0.0279
5.1348 5.0327 5.0616 0.0279
5.1348 5.0327 5.0619 0.0281
5.1348 5.0327 5.0619 0.0281
5.1348 5.0327 5.0619 0.0281
5.1348 5.0327 5.0621 0.0280
5.1348 5.0327 5.0621 0.0280
5.1348 5.0327 5.0622 0.0280
5.1348 5.0327 5.0625 0.0285
5.1348 5.0327 5.0625 0.0285
5.1348 5.0327 5.0627 0.0287
5.1348 5.0327 5.0627 0.0287
5.1348 5.0327 5.0627 0.0287
5.1348 5.0327 5.0627 0.0287
5.1348 5.0327 5.0629 0.0290
5.1348 5.0327 5.0629 0.0290
5.1348 5.0327 5.0634 0.0294
5.1348 5.0327 5.0634 0.0294
5.1348 5.0327 5.0634 0.0294
5.1348 5.0327 5.0635 0.0293
5.1348 5.0327 5.0635 0.0293
5.1348 5.0327 5.0637 0.0295
5.1348 5.0327 5.0638 0.0298
5.1348 5.0327 5.0638 0.0298
5.1348 5.0327 5.0638 0.0298
5.1348 5.0327 5.0638 0.0298
5.1348 5.0327 5.0641 0.0297
5.1348 5.0327 5.0645 0.0299
5.1348 5.0327 5.0645 0.0299
5.1348 5.0327 5.0645 0.0299
5.1348 5.0327 5.0645 0.0299
5.1348 5.0327 5.0645 0.0299
5.1348 5.0327 5.0645 0.0299
5.1348 5.0327 5.0645 0.0299
5.1348 5.0327 5.0651 0.0300
5.1348 5.0327 5.0651 0.0300
5.1348 5.0327 5.0651 0.0300
5.1348 5.0327 5.0655 0.0302
5.1348 5.0327 5.0655 0.0302
5.1348 5.0327 5.0655 0.0302
5.1348 5.0327 5.0655 0.0302
5.1348 5.0327 5.0655 0.0302
5.1348 5.0327 5.0655 0.0302
5.1348 5.0327 5.0657 0.0303
5.1348 5.0327 5.0657 0.0303
5.1348 5.0327 5.0660 0.0302
5.1512 5.0327 5.0669 0.0314
5.1512 5.0327 5.0672 0.0312
5.1512 5.0327 5.0672 0.0312
5.1512 5.0327 5.0672 0.0312
5.1512 5.0327 5.0672 0.0312
5.1512 5.0327 5.0672 0.0312
5.1512 5.0327 5.0676 0.0314
5.1512 5.0327 5.0676 0.0314
5.1512 5.0327 5.0678 0.0313
5.1512 5.0327 5.0679 0.0315
5.1512 5.0327 5.0688 0.0318
5.1512 5.0327 5.0688 0.0318
5.1512 5.0327 5.0688 0.0318
5.1512 5.0327 5.0688 0.0318
5.1512 5.0327 5.0688 0.0318
5.1512 5.0327 5.0688 0.0318
5.1512 5.0327 5.0688 0.0318
5.1512 5.0327 5.0688 0.0318
5.1512 5.0327 5.0688 0.0318
5.1512 5.0327 5.0690 0.0321
5.1512 5.0327 5.0690 0.0321
5.1512 5.0327 5.0690 0.0321
5.1512 5.0327 5.0690 0.0321
5.1512 5.0327 5.0690 0.0321
5.1512 5.0327 5.0690 0.0321
5.1512 5.0327 5.0690 0.0321
5.1512 5.0327 5.0690 0.0321
5.1512 5.0327 5.0690 0.0321
5.1512 5.0327 5.0691 0.0320
5.1512 5.0327 5.0697 0.0320
5.1512 5.0327 5.0701 0.0321
5.1512 5.0327 5.0709 0.0324
5.1512 5.0327 5.0709 0.0324
5.1512 5.0327 5.0717 0.0325
5.1512 5.0327 5.0717 0.0325
5.1512 5.0327 5.0717 0.0325
5.1512 5.0327 5.0717 0.0325
5.1512 5.0327 5.0717 0.0325
5.1512 5.0327 5.0718 0.0325
5.1512 5.0327 5.0718 0.0325
5.1512 5.0327 5.0719 0.0325
5.1512 5.0327 5.0719 0.0325
5.1512 5.0327 5.0720 0.0326
5.1512 5.0327 5.0723 0.0323
5.1512 5.0327 5.0726 0.0321
5.1512 5.0327 5.0726 0.0321
5.1512 5.0327 5.0737 0.0329
5.1512 5.0327 5.0737 0.0329
5.1512 5.0327 5.0742 0.0332
5.1512 5.0327 5.0751 0.0332
5.1512 5.0327 5.0751 0.0332
5.1512 5.0327 5.0751 0.0332
5.1512 5.0327 5.0757 0.0331
5.1512 5.0327 5.0757 0.0331
5.1512 5.0327 5.0758 0.0331
5.1512 5.0327 5.0758 0.0331
5.1512 5.0327 5.0758 0.0331
5.1512 5.0327 5.0758 0.0331
5.1512 5.0327 5.0758 0.0331
5.1512 5.0327 5.0758 0.0331
5.1512 5.0327 5.0758 0.0330
5.1512 5.0327 5.0761 0.0330
5.1512 5.0327 5.0767 0.0334
5.1512 5.0327 5.0768 0.0333
5.1512 5.0327 5.0768 0.0333
5.1512 5.0327 5.0768 0.0333
5.1512 5.0327 5.0768 0.0333
5.1512 5.0327 5.0768 0.0333
5.1512 5.0327 5.0768 0.0333
5.1512 5.0327 5.0768 0.0333
5.1512 5.0327 5.0771 0.0334
5.1512 5.0327 5.0779 0.0340
5.1512 5.0327 5.0779 0.0340
5.1512 5.0327 5.0786 0.0338
5.1512 5.0327 5.0789 0.0336
5.1512 5.0327 5.0799 0.0338
5.1512 5.0327 5.0799 0.0338
5.1512 5.0327 5.0799 0.0338
5.1512 5.0327 5.0805 0.0346
5.1512 5.0327 5.0805 0.0345
5.1699 5.0327 5.0810 0.0354
5.1699 5.0327 5.0810 0.0354
5.1699 5.0327 5.0810 0.0354
5.1699 5.0327 5.0815 0.0354
5.1699 5.0344 5.0816 0.0353
5.1699 5.0344 5.0827 0.0357
5.1699 5.0344 5.0827 0.0357
5.1699 5.0344 5.0827 0.0357
5.1699 5.0344 5.0830 0.0357
5.1699 5.0344 5.0839 0.0356
5.1699 5.0344 5.0839 0.0356
5.1699 5.0344 5.0839 0.0356
5.1699 5.0344 5.0839 0.0356
5.1699 5.0344 5.0839 0.0356
5.1699 5.0344 5.0841 0.0357
5.1699 5.0344 5.0842 0.0358
5.1699 5.0344 5.0850 0.0355
5.1699 5.0344 5.0852 0.0355
5.1699 5.0344 5.0852 0.0355
5.1699 5.0344 5.0852 0.0355
5.1699 5.0344 5.0852 0.0355
5.1699 5.0344 5.0852 0.0355
5.1699 5.0344 5.0852 0.0355
5.1699 5.0344 5.0859 0.0352
5.1699 5.0344 5.0859 0.0352
5.1699 5.0344 5.0859 0.0352
5.1699 5.0344 5.0859 0.0353
5.1699 5.0344 5.0867 0.0351
5.1699 5.0344 5.0878 0.0353
5.1699 5.0344 5.0878 0.0352
5.1699 5.0344 5.0878 0.0352
5.1699 5.0344 5.0879 0.0353
5.1699 5.0344 5.0879 0.0353
5.1699 5.0344 5.0879 0.0353
5.1699 5.0344 5.0879 0.0353
5.1699 5.0344 5.0881 0.0354
5.1699 5.0344 5.0881 0.0354
5.1699 5.0344 5.0881 0.0354
5.1699 5.0344 5.0881 0.0354
5.1699 5.0344 5.0886 0.0360
5.1699 5.0344 5.0891 0.0368
5.1699 5.0344 5.0891 0.0368
5.1699 5.0344 5.0891 0.0368
5.1699 5.0344 5.0891 0.0368
5.1699 5.0344 5.0891 0.0368
5.1699 5.0344 5.0891 0.0368
5.1699 5.0344 5.0891 0.0368
5.1699 5.0344 5.0891 0.0368
5.1699 5.0344 5.0891 0.0368
5.1699 5.0344 5.0891 0.0368
5.1699 5.0344 5.0891 0.0368
5.1699 5.0344 5.0893 0.0368
5.1699 5.0344 5.0893 0.0368
5.1699 5.0344 5.0893 0.0368
5.1699 5.0344 5.0900 0.0365
5.1699 5.0344 5.0900 0.0365
5.1699 5.0344 5.0900 0.0365
5.1699 5.0344 5.0907 0.0373
5.1699 5.0344 5.0907 0.0373
5.1699 5.0354 5.0915 0.0370
5.1699 5.0354 5.0915 0.0370
5.1699 5.0354 5.0915 0.0370
5.1699 5.0354 5.0921 0.0370
5.1699 5.0354 5.0921 0.0370
5.1699 5.0354 5.0921 0.0370
5.1699 5.0354 5.0925 0.0374
5.1699 5.0354 5.0930 0.0378
5.1699 5.0354 5.0930 0.0378
5.1699 5.0354 5.0930 0.0378
5.1699 5.0354 5.0930 0.0378
5.1699 5.0354 5.0930 0.0378
5.1699 5.0354 5.0933 0.0380
5.1699 5.0354 5.0936 0.0378
5.1699 5.0354 5.0939 0.0381
5.1699 5.0354 5.0939 0.0381
5.1699 5.0354 5.0939 0.0381
5.1699 5.0354 5.0939 0.0381
5.1699 5.0354 5.0939 0.0381
5.1699 5.0354 5.0949 0.0380
5.1699 5.0354 5.0949 0.0380
5.1699 5.0354 5.0949 0.0380
5.1699 5.0354 5.0959 0.0377
5.1699 5.0354 5.0959 0.0377
5.1699 5.0354 5.0959 0.0377
5.1699 5.0355 5.0971 0.0378
5.1699 5.0355 5.0971 0.0378
5.1699 5.0355 5.0971 0.0378
5.1699 5.0355 5.0971 0.0378
5.1699 5.0355 5.0971 0.0378
5.1699 5.0355 5.0971 0.0378
5.1699 5.0355 5.0974 0.0377
5.1699 5.0355 5.0974 0.0377
5.1699 5.0355 5.0974 0.0376
5.1699 5.0355 5.0974 0.0376
5.1699 5.0355 5.0981 0.0372
5.1699 5.0355 5.0981 0.0372
5.1699 5.0355 5.0981 0.0372
5.1699 5.0355 5.0981 0.0372
5.1699 5.0355 5.0985 0.0373
5.1699 5.0355 5.0993 0.0369
5.1699 5.0355 5.0993 0.0369
5.1699 5.0355 5.0993 0.0369
5.1699 5.0356 5.1001 0.0364
5.1699 5.0356 5.1002 0.0365
5.1699 5.0356 5.1002 0.0365
5.1699 5.0356 5.1002 0.0365
5.1699 5.0356 5.1005 0.0366
5.1699 5.0356 5.1005 0.0366
5.1699 5.0356 5.1005 0.0366
5.1699 5.0356 5.1005 0.0366
5.1699 5.0356 5.1006 0.0367
5.1699 5.0356 5.1008 0.0365
5.1699 5.0356 5.1015 0.0360
5.1699 5.0356 5.1018 0.0359
5.1699 5.0356 5.1018 0.0359
5.1699 5.0356 5.1022 0.0362
5.1699 5.0356 5.1025 0.0364
5.1699 5.0356 5.1025 0.0364
5.1699 5.0356 5.1025 0.0364
5.1699 5.0356 5.1028 0.0360
5.1699 5.0356 5.1031 0.0363
5.1699 5.0356 5.1036 0.0368
5.1699 5.0356 5.1039 0.0370
5.1699 5.0356 5.1048 0.0370
5.1699 5.0356 5.1057 0.0368
5.1699 5.0356 5.1057 0.0368
5.1699 5.0356 5.1057 0.0368
5.1699 5.0356 5.1068 0.0364
5.1699 5.0356 5.1068 0.0364
5.1699 5.0356 5.1075 0.0362
5.1699 5.0356 5.1075 0.0362
5.1699 5.0356 5.1075 0.0362
5.1699 5.0356 5.1075 0.0362
5.1699 5.0356 5.1076 0.0363
5.1699 5.0356 5.1076 0.0363
5.1699 5.0356 5.1076 0.0363
5.1699 5.0356 5.1081 0.0368
5.1699 5.0356 5.1081 0.0368
5.1699 5.0356 5.1082 0.0369
5.1699 5.0356 5.1082 0.0369
5.1699 5.0356 5.1083 0.0370
5.1699 5.0356 5.1083 0.0370
5.1699 5.0356 5.1083 0.0370
5.1699 5.0356 5.1093 0.0365
5.1699 5.0356 5.1095 0.0366
5.1699 5.0356 5.1099 0.0368
5.1699 5.0356 5.1100 0.0369
5.1699 5.0356 5.1100 0.0369
5.1699 5.0356 5.1100 0.0369
5.1699 5.0356 5.1100 0.0369
5.1699 5.0356 5.1105 0.0367
5.1699 5.0356 5.1113 0.0366
5.1699 5.0356 5.1113 0.0366
5.1699 5.0356 5.1113 0.0366
5.1699 5.0356 5.1113 0.0366
5.1699 5.0356 5.1113 0.0366
5.1699 5.0356 5.1113 0.0366
5.1699 5.0356 5.1113 0.0366
5.1699 5.0356 5.1113 0.0366
5.1699 5.0356 5.1114 0.0367
5.1699 5.0356 5.1114 0.0367
5.1699 5.0356 5.1127 0.0367
5.1699 5.0356 5.1127 0.0367
5.1699 5.0356 5.1127 0.0367
5.1699 5.0356 5.1127 0.0367
5.1699 5.0356 5.1132 0.0365
5.1699 5.0356 5.1136 0.0362
5.1699 5.0356 5.1145 0.0360
5.1699 5.0356 5.1145 0.0360
5.1699 5.0356 5.1153 0.0359
5.1699 5.0356 5.1153 0.0359
5.1758 5.0356 5.1157 0.0363
5.1758 5.0356 5.1162 0.0367
5.1758 5.0356 5.1175 0.0363
5.1758 5.0356 5.1175 0.0363
5.1758 5.0356 5.1180 0.0355
5.1758 5.0356 5.1180 0.0355
5.1758 5.0356 5.1180 0.0355
5.1758 5.0356 5.1181 0.0355
5.1758 5.0356 5.1181 0.0355
5.1758 5.0356 5.1192 0.0348
5.1758 5.0356 5.1192 0.0348
5.1758 5.0356 5.1199 0.0338
5.1758 5.0356 5.1206 0.0340
5.1758 5.0356 5.1206 0.0340
5.1758 5.0356 5.1214 0.0331
5.1758 5.0356 5.1217 0.0333
5.1758 5.0356 5.1218 0.0334
5.1758 5.0356 5.1218 0.0334
5.1758 5.0356 5.1228 0.0339
5.1758 5.0356 5.1230 0.0339
5.1758 5.0356 5.1232 0.0338
5.1758 5.0356 5.1238 0.0333
5.1758 5.0356 5.1244 0.0334
5.1758 5.0356 5.1244 0.0334
5.1758 5.0356 5.1244 0.0334
5.1758 5.0356 5.1244 0.0334
5.1758 5.0356 5.1244 0.0334
5.1758 5.0356 5.1244 0.0334
5.1758 5.0356 5.1254 0.0333
5.1758 5.0356 5.1254 0.0333
5.1758 5.0356 5.1254 0.0333
5.1758 5.0356 5.1254 0.0333
5.1758 5.0356 5.1254 0.0333
5.1758 5.0356 5.1261 0.0335
5.1758 5.0356 5.1261 0.0335
5.1758 5.0356 5.1261 0.0335
5.1758 5.0356 5.1261 0.0335
5.1758 5.0356 5.1261 0.0335
5.1758 5.0356 5.1262 0.0335
5.1758 5.0356 5.1271 0.0329
5.1758 5.0356 5.1271 0.0329
5.1758 5.0356 5.1271 0.0329
5.1758 5.0356 5.1271 0.0329
5.1758 5.0356 5.1271 0.0329
5.1758 5.0356 5.1271 0.0329
5.1758 5.0356 5.1271 0.0329
5.1758 5.0356 5.1273 0.0330
5.1758 5.0356 5.1282 0.0324
5.1758 5.0356 5.1282 0.0324
5.1758 5.0356 5.1282 0.0324
5.1758 5.0356 5.1282 0.0324
5.1758 5.0356 5.1282 0.0324
5.1758 5.0356 5.1285 0.0325
5.1758 5.0356 5.1289 0.0323
5.1758 5.0356 5.1297 0.0321
5.1758 5.0356 5.1297 0.0321
5.1758 5.0356 5.1300 0.0322
5.1758 5.0356 5.1308 0.0314
5.1758 5.0356 5.1308 0.0314
5.1758 5.0356 5.1308 0.0314
5.1758 5.0356 5.1310 0.0315
5.1758 5.0356 5.1310 0.0315
5.1758 5.0356 5.1310 0.0315
5.1758 5.0356 5.1310 0.0315
5.1758 5.0356 5.1313 0.0315
5.1758 5.0356 5.1316 0.0316
5.1758 5.0356 5.1316 0.0316
5.1758 5.0356 5.1316 0.0316
5.1758 5.0356 5.1316 0.0316
5.1758 5.0356 5.1318 0.0315
5.1758 5.0356 5.1324 0.0316
5.1758 5.0356 5.1328 0.0314
5.1758 5.0356 5.1328 0.0314
5.1758 5.0356 5.1328 0.0314
5.1758 5.0356 5.1328 0.0314
5.1758 5.0356 5.1328 0.0314
5.1758 5.0356 5.1330 0.0313
5.1758 5.0356 5.1330 0.0313
5.1758 5.0356 5.1330 0.0313
5.1758 5.0356 5.1330 0.0313
5.1758 5.0356 5.1330 0.0313
5.1758 5.0356 5.1331 0.0314
5.1758 5.0356 5.1331 0.0314
5.1758 5.0356 5.1331 0.0314
5.1758 5.0356 5.1332 0.0314
5.1758 5.0356 5.1332 0.0314
5.1758 5.0356 5.1332 0.0314
5.1758 5.0361 5.1342 0.0298
5.1758 5.0361 5.1342 0.0298
5.1758 5.0361 5.1345 0.0294
5.1758 5.0361 5.1345 0.0294
5.1758 5.0361 5.1345 0.0295
5.1758 5.0361 5.1345 0.0295
5.1758 5.0361 5.1345 0.0295
5.1758 5.0361 5.1347 0.0293
5.1758 5.0361 5.1347 0.0293
5.1758 5.0361 5.1347 0.0293
5.1758 5.0361 5.1350 0.0294
5.1758 5.0361 5.1350 0.0294
5.1758 5.0361 5.1350 0.0294
5.1758 5.0361 5.1361 0.0287
5.1758 5.0361 5.1364 0.0284
5.1758 5.0361 5.1377 0.0268
5.1758 5.0361 5.1381 0.0265
5.1758 5.0361 5.1383 0.0266
5.1758 5.0361 5.1384 0.0266
5.1758 5.0361 5.1388 0.0266
5.1758 5.0361 5.1388 0.0266
5.1758 5.0361 5.1390 0.0266
5.1758 5.0361 5.1395 0.0268
5.1758 5.0361 5.1395 0.0268
5.1758 5.0361 5.1395 0.0268
5.1758 5.0361 5.1395 0.0268
5.1758 5.0361 5.1401 0.0268
5.1758 5.0361 5.1409 0.0266
5.1758 5.0361 5.1409 0.0266
5.1758 5.0361 5.1409 0.0266
5.1758 5.0361 5.1415 0.0267
5.1758 5.0361 5.1415 0.0267
5.1758 5.0361 5.1415 0.0267
5.1758 5.0361 5.1415 0.0267
5.1758 5.0699 5.1429 0.0246
5.1758 5.0699 5.1429 0.0246
5.1758 5.0699 5.1429 0.0246
5.1758 5.0699 5.1429 0.0246
5.1758 5.0699 5.1429 0.0246
5.1758 5.0699 5.1431 0.0245
5.1758 5.0699 5.1431 0.0245
5.1758 5.0699 5.1431 0.0246
5.1758 5.0699 5.1436 0.0245
5.1758 5.0699 5.1436 0.0245
5.1758 5.0699 5.1441 0.0244
5.1758 5.0699 5.1441 0.0244
5.1758 5.0699 5.1441 0.0244
5.1758 5.0699 5.1442 0.0244
5.1758 5.0699 5.1444 0.0244
5.1758 5.0699 5.1444 0.0244
5.1758 5.0699 5.1448 0.0245
5.1758 5.0699 5.1453 0.0244
5.1758 5.0699 5.1453 0.0244
5.1758 5.0699 5.1455 0.0245
5.1758 5.0699 5.1455 0.0245
5.1758 5.0699 5.1456 0.0246
5.1758 5.0699 5.1461 0.0244
5.1758 5.0699 5.1462 0.0244
5.1758 5.0699 5.1462 0.0244
5.1758 5.0699 5.1469 0.0240
5.1758 5.0699 5.1471 0.0241
5.1758 5.0699 5.1474 0.0243
5.1758 5.0699 5.1475 0.0243
5.1758 5.0699 5.1475 0.0243
5.1758 5.0699 5.1475 0.0243
5.1758 5.0699 5.1476 0.0243
5.1758 5.0699 5.1476 0.0243
5.1758 5.0699 5.1476 0.0243
5.1758 5.0699 5.1478 0.0244
5.1758 5.0699 5.1478 0.0244
5.1758 5.0699 5.1478 0.0244
5.1758 5.0699 5.1478 0.0244
5.1758 5.0699 5.1478 0.0244
5.1758 5.0699 5.1478 0.0244
5.1758 5.0699 5.1478 0.0244
5.1758 5.0699 5.1478 0.0244
5.1758 5.0699 5.1481 0.0240
5.1758 5.0699 5.1485 0.0238
5.1758 5.0699 5.1485 0.0238
5.1758 5.0699 5.1489 0.0239
5.1758 5.0699 5.1489 0.0239
5.1758 5.0699 5.1489 0.0239
5.1758 5.0699 5.1491 0.0239
5.1758 5.0699 5.1497 0.0233
5.1758 5.0699 5.1501 0.0230
5.1758 5.0699 5.1501 0.0230
5.1758 5.0699 5.1501 0.0230
5.1758 5.0699 5.1504 0.0230
5.1758 5.0699 5.1504 0.0230
5.1758 5.0699 5.1504 0.0230
5.1758 5.0699 5.1508 0.0229
5.1758 5.0699 5.1511 0.0227
5.1758 5.0699 5.1512 0.0227
5.1758 5.0699 5.1512 0.0227
5.1758 5.0699 5.1512 0.0227
5.1758 5.0699 5.1512 0.0227
5.1758 5.0699 5.1512 0.0227
5.1758 5.0699 5.1516 0.0227
5.1758 5.0699 5.1516 0.0227
5.1758 5.0699 5.1516 0.0227
5.1758 5.0699 5.1516 0.0227
5.1758 5.0699 5.1516 0.0227
5.1758 5.0699 5.1516 0.0227
5.1758 5.0699 5.1516 0.0227
5.1758 5.0699 5.1516 0.0227
5.1758 5.0699 5.1517 0.0228
5.1758 5.0699 5.1518 0.0228
5.1758 5.0699 5.1518 0.0228
5.1758 5.0699 5.1518 0.0229
5.1758 5.0699 5.1518 0.0229
5.1758 5.0699 5.1518 0.0229
5.1758 5.0699 5.1518 0.0229
5.1758 5.0699 5.1520 0.0230
5.1758 5.0699 5.1520 0.0230
5.1758 5.0699 5.1521 0.0229
5.1758 5.0699 5.1523 0.0230
5.1758 5.0699 5.1524 0.0230
5.1758 5.0699 5.1524 0.0230
5.1758 5.0699 5.1531 0.0223
5.1758 5.0699 5.1531 0.0223
5.1758 5.0699 5.1531 0.0223
5.1758 5.0699 5.1533 0.0224
5.1758 5.0699 5.1533 0.0224
5.1758 5.0699 5.1533 0.0224
5.1758 5.0699 5.1533 0.0224
5.1758 5.0699 5.1533 0.0224
5.1758 5.0699 5.1533 0.0224
5.1758 5.0699 5.1533 0.0224
5.1758 5.0699 5.1533 0.0224
5.2565 5.0699 5.1549 0.0244
5.2565 5.0699 5.1549 0.0244
5.2565 5.0699 5.1552 0.0246
5.2565 5.0699 5.1555 0.0246
5.2565 5.0699 5.1563 0.0239
5.2565 5.0699 5.1563 0.0239
5.2565 5.0699 5.1563 0.0239
5.2565 5.0699 5.1575 0.0257
5.2565 5.0699 5.1575 0.0257
5.2565 5.0699 5.1575 0.0257
5.2565 5.0699 5.1576 0.0257
5.2565 5.0699 5.1576 0.0257
5.2565 5.0699 5.1576 0.0257
5.2565 5.0699 5.1582 0.0258
5.2565 5.0699 5.1583 0.0257
5.2565 5.0699 5.1583 0.0257
5.2565 5.0699 5.1583 0.0257
5.2565 5.0699 5.1588 0.0253
5.2565 5.0699 5.1588 0.0253
5.2565 5.0699 5.1588 0.0253
5.2565 5.0699 5.1589 0.0253
5.2565 5.0699 5.1590 0.0253
5.2565 5.0699 5.1591 0.0253
5.2565 5.0699 5.1591 0.0253
5.2565 5.0699 5.1593 0.0254
5.2565 5.0699 5.1593 0.0254
5.2565 5.0699 5.1596 0.0257
5.2565 5.0699 5.1596 0.0257
5.2565 5.0699 5.1596 0.0257
5.2565 5.0699 5.1596 0.0257
5.2565 5.0699 5.1598 0.0259
5.2565 5.0699 5.1598 0.0259
5.2565 5.0699 5.1599 0.0259
5.2565 5.0699 5.1599 0.0259
5.2565 5.0699 5.1599 0.0259
5.2565 5.0699 5.1599 0.0259
5.2565 5.0736 5.1613 0.0246
5.2565 5.0736 5.1613 0.0246
5.2565 5.0736 5.1613 0.0246
5.2565 5.0736 5.1613 0.0246
5.2565 5.0736 5.1613 0.0246
5.2565 5.0736 5.1613 0.0246
5.2565 5.0736 5.1614 0.0246
5.2565 5.0736 5.1619 0.0250
5.2565 5.0736 5.1622 0.0250
5.2565 5.0736 5.1622 0.0250
5.2565 5.0736 5.1623 0.0251
5.2565 5.0736 5.1624 0.0251
5.2565 5.0736 5.1627 0.0250
5.2565 5.0736 5.1627 0.0250
5.2565 5.0736 5.1627 0.0250
5.2565 5.0736 5.1627 0.0250
5.2565 5.0736 5.1627 0.0250
5.2565 5.0736 5.1627 0.0250
5.2565 5.0736 5.1628 0.0250
5.2565 5.0736 5.1628 0.0250
5.2565 5.0736 5.1628 0.0250
5.2565 5.0736 5.1628 0.0250
5.2565 5.0736 5.1631 0.0248
5.2565 5.0736 5.1634 0.0249
5.2565 5.0736 5.1634 0.0249
5.2565 5.0736 5.1649 0.0259
5.2565 5.0736 5.1655 0.0252
5.2565 5.0736 5.1661 0.0247
5.2565 5.0947 5.1673 0.0230
5.2565 5.0947 5.1673 0.0230
5.2565 5.0947 5.1673 0.0230
5.2565 5.0947 5.1673 0.0230
5.2565 5.0947 5.1673 0.0230
5.2565 5.0947 5.1678 0.0230
5.2565 5.0947 5.1678 0.0230
5.2565 5.0947 5.1678 0.0230
5.2565 5.0947 5.1678 0.0230
5.2565 5.0947 5.1678 0.0230
5.2565 5.0947 5.1678 0.0230
5.2565 5.0947 5.1678 0.0230
5.2565 5.0947 5.1678 0.0230
5.2565 5.0947 5.1678 0.0230
5.2565 5.0947 5.1679 0.0231
5.2565 5.0947 5.1681 0.0230
5.2565 5.0947 5.1681 0.0230
5.2565 5.0947 5.1681 0.0230
5.2565 5.0947 5.1685 0.0226
5.2565 5.0947 5.1685 0.0226
5.2565 5.0947 5.1688 0.0228
5.2565 5.0947 5.1688 0.0228
5.2565 5.0947 5.1690 0.0229
5.2565 5.0947 5.1693 0.0227
5.2565 5.0947 5.1693 0.0227
5.2565 5.0947 5.1695 0.0227
5.2565 5.0947 5.1695 0.0227
5.2565 5.0947 5.1697 0.0226
5.2565 5.0947 5.1697 0.0226
5.2565 5.0947 5.1697 0.0226
5.2565 5.0947 5.1697 0.0226
5.2565 5.0947 5.1699 0.0223
5.2565 5.0947 5.1703 0.0217
5.2565 5.0947 5.1703 0.0217
5.2565 5.0947 5.1703 0.0217
5.2565 5.0947 5.1703 0.0217
5.2565 5.0947 5.1705 0.0216
5.2565 5.0947 5.1706 0.0216
5.2565 5.0947 5.1711 0.0210
5.2565 5.0947 5.1711 0.0210
5.2565 5.0947 5.1711 0.0210
5.2565 5.0947 5.1714 0.0211
5.2565 5.0947 5.1714 0.0211
5.2565 5.0947 5.1719 0.0217
5.2565 5.0947 5.1719 0.0217
5.2565 5.0947 5.1719 0.0217
5.2565 5.0947 5.1721 0.0217
5.2565 5.0947 5.1721 0.0217
5.2565 5.0947 5.1721 0.0217
5.2565 5.0947 5.1721 0.0217
5.2565 5.0947 5.1721 0.0217
5.2565 5.0947 5.1721 0.0217
5.2565 5.0947 5.1721 0.0217
5.2565 5.0947 5.1728 0.0232
5.2565 5.0947 5.1728 0.0232
5.2565 5.0947 5.1728 0.0232
5.2565 5.0947 5.1728 0.0232
5.2565 5.0947 5.1728 0.0232
5.2565 5.0947 5.1730 0.0231
5.2565 5.0947 5.1730 0.0231
5.2565 5.0947 5.1732 0.0231
5.2565 5.0947 5.1732 0.0231
5.2565 5.1270 5.1740 0.0217
5.2565 5.1385 5.1753 0.0226
5.2565 5.1385 5.1754 0.0226
5.2565 5.1385 5.1755 0.0226
5.2565 5.1385 5.1757 0.0227
5.2565 5.1385 5.1757 0.0227
5.2565 5.1385 5.1759 0.0227
5.2565 5.1385 5.1764 0.0231
5.2565 5.1385 5.1764 0.0231
5.2565 5.1385 5.1766 0.0230
5.2565 5.1385 5.1774 0.0243
5.2565 5.1385 5.1774 0.0243
5.2565 5.1385 5.1776 0.0242
5.2565 5.1385 5.1776 0.0242
5.2565 5.1385 5.1776 0.0242
5.2565 5.1385 5.1777 0.0243
5.2565 5.1385 5.1779 0.0244
5.2565 5.1385 5.1782 0.0245
5.2565 5.1385 5.1782 0.0245
5.2565 5.1385 5.1783 0.0244
5.2565 5.1385 5.1783 0.0244
5.2565 5.1385 5.1783 0.0244
5.2565 5.1385 5.1783 0.0244
5.2565 5.1385 5.1783 0.0244
5.2565 5.1385 5.1783 0.0244
5.2565 5.1385 5.1783 0.0244
5.2565 5.1385 5.1783 0.0244
5.2565 5.1385 5.1794 0.0254
5.2565 5.1385 5.1803 0.0265
5.2565 5.1385 5.1804 0.0266
5.2565 5.1385 5.1804 0.0266
5.2565 5.1385 5.1804 0.0266
5.2565 5.1385 5.1812 0.0270
5.2565 5.1385 5.1812 0.0270
5.2565 5.1385 5.1813 0.0270
5.2565 5.1385 5.1813 0.0270
5.2565 5.1385 5.1813 0.0270
5.2565 5.1385 5.1815 0.0270
5.2565 5.1385 5.1815 0.0270
5.2565 5.1385 5.1817 0.0270
5.2565 5.1385 5.1817 0.0270
5.2565 5.1385 5.1823 0.0267
5.2565 5.1385 5.1823 0.0267
5.2565 5.1385 5.1823 0.0267
5.2565 5.1385 5.1823 0.0267
5.2565 5.1385 5.1823 0.0267
5.2565 5.1385 5.1823 0.0267
5.2565 5.1385 5.1823 0.0267
5.2565 5.1385 5.1824 0.0266
5.2565 5.1385 5.1825 0.0266
5.2565 5.1385 5.1825 0.0266
5.2565 5.1385 5.1826 0.0266
5.2565 5.1385 5.1826 0.0266
5.2565 5.1385 5.1826 0.0266
5.2565 5.1385 5.1827 0.0266
5.2565 5.1385 5.1827 0.0266
5.2565 5.1385 5.1832 0.0267
5.2565 5.1385 5.1832 0.0267
5.2565 5.1385 5.1833 0.0266
5.2565 5.1385 5.1835 0.0265
5.2565 5.1385 5.1836 0.0265
5.2565 5.1385 5.1836 0.0265
5.2565 5.1385 5.1837 0.0265
5.2565 5.1385 5.1837 0.0265
5.2565 5.1385 5.1840 0.0263
5.2565 5.1385 5.1842 0.0263
5.2565 5.1385 5.1842 0.0263
5.2565 5.1385 5.1842 0.0263
5.2565 5.1385 5.1845 0.0262
5.2565 5.1385 5.1845 0.0262
5.2565 5.1385 5.1846 0.0262
5.2565 5.1385 5.1846 0.0262
5.2565 5.1385 5.1850 0.0260
5.2565 5.1385 5.1851 0.0259
5.2565 5.1385 5.1852 0.0258
5.2565 5.1385 5.1852 0.0258
5.2565 5.1385 5.1852 0.0258
5.2565 5.1385 5.1852 0.0258
5.2565 5.1385 5.1852 0.0258
5.2565 5.1385 5.1852 0.0258
5.2565 5.1385 5.1852 0.0258
5.2565 5.1385 5.1852 0.0258
5.2565 5.1385 5.1855 0.0259
5.2565 5.1385 5.1856 0.0258
5.2565 5.1385 5.1856 0.0258
5.2565 5.1385 5.1856 0.0258
5.2565 5.1385 5.1856 0.0258
5.2565 5.1385 5.1859 0.0258
5.2565 5.1385 5.1859 0.0258
5.2565 5.1385 5.1859 0.0258
5.2565 5.1385 5.1859 0.0258
5.2565 5.1385 5.1862 0.0258
5.2565 5.1385 5.1862 0.0258
5.2565 5.1385 5.1862 0.0258
5.2565 5.1385 5.1867 0.0257
5.2565 5.1385 5.1867 0.0257
5.2565 5.1385 5.1867 0.0257
5.2565 5.1385 5.1867 0.0257
5.2565 5.1385 5.1867 0.0257
5.2565 5.1385 5.1867 0.0257
5.2565 5.1385 5.1867 0.0257
5.2565 5.1385 5.1867 0.0257
5.2565 5.1385 5.1867 0.0257
5.2565 5.1385 5.1867 0.0257
5.2565 5.1385 5.1869 0.0257
5.2565 5.1385 5.1873 0.0261
5.2565 5.1385 5.1873 0.0261
5.2565 5.1385 5.1873 0.0261
5.2565 5.1385 5.1873 0.0261
5.2565 5.1385 5.1878 0.0263
5.2565 5.1385 5.1878 0.0262
5.2565 5.1385 5.1878 0.0262
5.2565 5.1385 5.1880 0.0262
5.2565 5.1385 5.1880 0.0262
5.2565 5.1385 5.1880 0.0262
5.2565 5.1385 5.1880 0.0262
5.2565 5.1385 5.1880 0.0262
5.2565 5.1385 5.1882 0.0264
5.2565 5.1385 5.1883 0.0264
5.2565 5.1385 5.1883 0.0264
5.2565 5.1385 5.1883 0.0264
5.2565 5.1385 5.1883 0.0264
5.2565 5.1385 5.1886 0.0261
5.2565 5.1385 5.1886 0.0261
5.2565 5.1385 5.1886 0.0261
5.2565 5.1385 5.1886 0.0261
5.2565 5.1385 5.1886 0.0261
5.2565 5.1385 5.1895 0.0269
5.2565 5.1385 5.1895 0.0269
5.2565 5.1385 5.1895 0.0269
5.2565 5.1385 5.1900 0.0270
5.2565 5.1385 5.1900 0.0270
5.2565 5.1385 5.1900 0.0270
5.2565 5.1385 5.1900 0.0270
5.2661 5.1385 5.1903 0.0277
5.2661 5.1385 5.1908 0.0276
5.2661 5.1385 5.1908 0.0276
5.2661 5.1385 5.1908 0.0276
5.2701 5.1385 5.1909 0.0280
5.2773 5.1385 5.1911 0.0286
5.2773 5.1385 5.1911 0.0286
5.2773 5.1385 5.1911 0.0286
5.2773 5.1385 5.1919 0.0296
5.2773 5.1385 5.1920 0.0296
5.2773 5.1385 5.1922 0.0296
5.2773 5.1385 5.1922 0.0296
5.2773 5.1385 5.1922 0.0296
5.2773 5.1385 5.1922 0.0296
5.2773 5.1385 5.1922 0.0296
5.2773 5.1385 5.1929 0.0298
5.2773 5.1385 5.1929 0.0298
5.2773 5.1385 5.1929 0.0298
5.2773 5.1385 5.1929 0.0298
5.2773 5.1385 5.1935 0.0305
5.2773 5.1385 5.1935 0.0305
5.2773 5.1385 5.1935 0.0305
5.2773 5.1385 5.1936 0.0304
5.2773 5.1385 5.1936 0.0304
5.2773 5.1385 5.1936 0.0304
5.2773 5.1385 5.1936 0.0304
5.2773 5.1385 5.1937 0.0304
5.2773 5.1385 5.1937 0.0304
5.2773 5.1385 5.1937 0.0304
5.2773 5.1385 5.1937 0.0304
5.2773 5.1385 5.1937 0.0304
5.2773 5.1385 5.1937 0.0304
5.2773 5.1385 5.1937 0.0304
5.2773 5.1385 5.1939 0.0303
5.2773 5.1385 5.1939 0.0303
5.2773 5.1385 5.1945 0.0309
5.2773 5.1385 5.1950 0.0312
5.2773 5.1385 5.1950 0.0312
5.2773 5.1385 5.1950 0.0312
5.2773 5.1385 5.1950 0.0312
5.2773 5.1385 5.1952 0.0310
5.2773 5.1385 5.1954 0.0309
5.2773 5.1385 5.1954 0.0309
5.2773 5.1385 5.1954 0.0310
5.2773 5.1385 5.1954 0.0310
5.2773 5.1385 5.1955 0.0310
5.2773 5.1385 5.1957 0.0310
5.2773 5.1385 5.1958 0.0310
5.2773 5.1385 5.1960 0.0309
5.2773 5.1385 5.1960 0.0309
5.2773 5.1385 5.1960 0.0309
5.2773 5.1385 5.1960 0.0309
5.2773 5.1385 5.1960 0.0309
5.2773 5.1385 5.1966 0.0314
5.2773 5.1385 5.1966 0.0314
5.2773 5.1385 5.1966 0.0314
5.2773 5.1385 5.1966 0.0314
5.2773 5.1385 5.1968 0.0312
5.2773 5.1385 5.1968 0.0312
5.2773 5.1385 5.1968 0.0312
5.2773 5.1385 5.1970 0.0312
5.2773 5.1385 5.1970 0.0312
5.2773 5.1385 5.1976 0.0314
5.2773 5.1385 5.1976 0.0314
5.2773 5.1385 5.1976 0.0314
5.2773 5.1385 5.1976 0.0314
5.2773 5.1385 5.1977 0.0315
5.2773 5.1385 5.1979 0.0317
5.2773 5.1385 5.1979 0.0317
5.2773 5.1385 5.1979 0.0317
5.2773 5.1385 5.1979 0.0317
5.2773 5.1385 5.1979 0.0317
5.2773 5.1385 5.1979 0.0317
5.2773 5.1385 5.1979 0.0318
5.2773 5.1385 5.1979 0.0318
5.2773 5.1385 5.1981 0.0317
5.2773 5.1385 5.1981 0.0317
5.2773 5.1385 5.1981 0.0317
5.2773 5.1385 5.1984 0.0316
5.2773 5.1385 5.1988 0.0316
5.2773 5.1385 5.1988 0.0316
5.2773 5.1385 5.1988 0.0316
5.2773 5.1385 5.1988 0.0316
5.2773 5.1385 5.1988 0.0316
5.2773 5.1385 5.1988 0.0316
5.2773 5.1385 5.1993 0.0319
5.2773 5.1385 5.1995 0.0320
5.2773 5.1385 5.1998 0.0319
5.2773 5.1385 5.1998 0.0319
5.2773 5.1385 5.1998 0.0319
5.2773 5.1385 5.2001 0.0322
5.2773 5.1385 5.2001 0.0322
5.2773 5.1385 5.2001 0.0322
5.2773 5.1385 5.2001 0.0322
5.2773 5.1385 5.2001 0.0322
5.2773 5.1385 5.2001 0.0322
5.2773 5.1385 5.2001 0.0322
5.2773 5.1385 5.2001 0.0322
5.2773 5.1385 5.2001 0.0322
5.2773 5.1385 5.2004 0.0324
5.2773 5.1385 5.2004 0.0324
5.2773 5.1385 5.2006 0.0323
5.2773 5.1385 5.2009 0.0321
5.2773 5.1385 5.2009 0.0321
5.2773 5.1385 5.2009 0.0321
5.2773 5.1512 5.2016 0.0315
5.2773 5.1512 5.2017 0.0315
5.2773 5.1512 5.2017 0.0315
5.2773 5.1512 5.2017 0.0315
5.2773 5.1512 5.2017 0.0315
5.2773 5.1512 5.2017 0.0315
5.2773 5.1512 5.2017 0.0315
5.2773 5.1512 5.2019 0.0315
5.2773 5.1512 5.2019 0.0315
5.2773 5.1512 5.2019 0.0315
5.2773 5.1512 5.2027 0.0318
5.2773 5.1512 5.2032 0.0320
5.2773 5.1512 5.2038 0.0324
5.2773 5.1512 5.2038 0.0324
5.2773 5.1512 5.2039 0.0324
5.2773 5.1512 5.2039 0.0324
5.2773 5.1512 5.2039 0.0324
5.2773 5.1512 5.2042 0.0324
5.2773 5.1512 5.2045 0.0328
5.2773 5.1512 5.2045 0.0328
5.2773 5.1512 5.2045 0.0328
5.2773 5.1512 5.2045 0.0328
5.2773 5.1512 5.2046 0.0327
5.2773 5.1512 5.2049 0.0326
5.2773 5.1512 5.2055 0.0329
5.2773 5.1512 5.2057 0.0327
5.2773 5.1512 5.2059 0.0326
5.2773 5.1512 5.2059 0.0326
5.2773 5.1512 5.2059 0.0326
5.2773 5.1512 5.2061 0.0324
5.2773 5.1512 5.2061 0.0324
5.2773 5.1512 5.2066 0.0323
5.2773 5.1512 5.2066 0.0323
5.2773 5.1512 5.2068 0.0322
5.2773 5.1512 5.2068 0.0322
5.2773 5.1512 5.2068 0.0322
5.2773 5.1512 5.2068 0.0322
5.2773 5.1512 5.2071 0.0323
5.2773 5.1512 5.2074 0.0326
5.2773 5.1512 5.2074 0.0326
5.2773 5.1512 5.2080 0.0326
5.2773 5.1512 5.2080 0.0326
5.2773 5.1512 5.2080 0.0326
5.2773 5.1512 5.2085 0.0324
5.2773 5.1512 5.2091 0.0325
5.2773 5.1512 5.2093 0.0327
5.2773 5.1512 5.2096 0.0325
5.2773 5.1512 5.2096 0.0325
5.2773 5.1512 5.2096 0.0325
5.2773 5.1512 5.2098 0.0324
5.2773 5.1512 5.2098 0.0324
5.2773 5.1512 5.2098 0.0324
5.2773 5.1512 5.2105 0.0326
5.2773 5.1512 5.2105 0.0326
5.2773 5.1512 5.2108 0.0329
5.2773 5.1512 5.2108 0.0329
5.2773 5.1512 5.2108 0.0329
5.2773 5.1512 5.2108 0.0329
5.2773 5.1512 5.2113 0.0330
5.2773 5.1512 5.2113 0.0330
5.2773 5.1512 5.2121 0.0331
5.2773 5.1512 5.2130 0.0338
5.2773 5.1512 5.2130 0.0338
5.2773 5.1512 5.2130 0.0338
5.2773 5.1512 5.2133 0.0336
5.2773 5.1512 5.2133 0.0336
5.2773 5.1512 5.2133 0.0336
5.2773 5.1512 5.2133 0.0336
5.2773 5.1512 5.2137 0.0331
5.2773 5.1512 5.2137 0.0331
5.2773 5.1512 5.2137 0.0331
5.2773 5.1512 5.2137 0.0331
5.2773 5.1512 5.2137 0.0331
5.2773 5.1512 5.2137 0.0331
5.2773 5.1512 5.2137 0.0331
5.2773 5.1512 5.2137 0.0331
5.2773 5.1512 5.2143 0.0333
5.2773 5.1512 5.2143 0.0333
5.2773 5.1512 5.2143 0.0333
5.2773 5.1512 5.2143 0.0333
5.2773 5.1512 5.2146 0.0331
5.2773 5.1512 5.2146 0.0331
5.2773 5.1512 5.2146 0.0331
5.2773 5.1512 5.2146 0.0331
5.2773 5.1512 5.2151 0.0331
5.2773 5.1512 5.2151 0.0331
5.2773 5.1512 5.2151 0.0331
5.2773 5.1512 5.2156 0.0330
5.2773 5.1512 5.2157 0.0330
5.2773 5.1580 5.2159 0.0328
5.2773 5.1580 5.2159 0.0328
5.2773 5.1580 5.2164 0.0330
5.2773 5.1580 5.2164 0.0330
5.2773 5.1580 5.2164 0.0330
5.2773 5.1580 5.2165 0.0331
5.2773 5.1580 5.2165 0.0331
5.2773 5.1580 5.2167 0.0330
5.2773 5.1580 5.2167 0.0330
5.2773 5.1580 5.2167 0.0330
5.2773 5.1580 5.2168 0.0329
5.2773 5.1580 5.2169 0.0329
5.2773 5.1580 5.2169 0.0329
5.2773 5.1580 5.2169 0.0329
5.2804 5.1580 5.2177 0.0335
5.2804 5.1580 5.2177 0.0335
5.2804 5.1580 5.2177 0.0335
5.2804 5.1580 5.2177 0.0335
5.2804 5.1580 5.2177 0.0335
5.2804 5.1580 5.2177 0.0335
5.2804 5.1580 5.2181 0.0336
5.2804 5.1580 5.2183 0.0339
5.2880 5.1580 5.2186 0.0344
5.2880 5.1580 5.2186 0.0344
5.2880 5.1580 5.2195 0.0349
5.2880 5.1580 5.2199 0.0349
5.3337 5.1580 5.2206 0.0365
5.3337 5.1580 5.2206 0.0365
5.3337 5.1580 5.2206 0.0365
5.3337 5.1580 5.2207 0.0365
5.3337 5.1580 5.2207 0.0365
5.3337 5.1580 5.2207 0.0365
5.3337 5.1580 5.2207 0.0365
5.3337 5.1580 5.2211 0.0364
5.3337 5.1580 5.2211 0.0364
5.3337 5.1580 5.2211 0.0364
5.3337 5.1612 5.2223 0.0362
5.3337 5.1612 5.2226 0.0362
5.3337 5.1612 5.2226 0.0362
5.3337 5.1612 5.2226 0.0362
5.3337 5.1612 5.2226 0.0363
5.3337 5.1612 5.2230 0.0362
5.3337 5.1612 5.2232 0.0362
5.3337 5.1612 5.2232 0.0362
5.3337 5.1612 5.2232 0.0362
5.3337 5.1612 5.2232 0.0362
5.3337 5.1612 5.2240 0.0360
5.3337 5.1612 5.2240 0.0360
5.3337 5.1612 5.2240 0.0360
5.3337 5.1612 5.2240 0.0360
5.3337 5.1612 5.2245 0.0361
5.3337 5.1612 5.2247 0.0362
5.3337 5.1612 5.2247 0.0362
5.3337 5.1612 5.2248 0.0363
5.3337 5.1612 5.2248 0.0363
5.3337 5.1612 5.2254 0.0366
5.3337 5.1612 5.2254 0.0366
5.3337 5.1612 5.2255 0.0366
5.3337 5.1612 5.2255 0.0366
5.3337 5.1612 5.2255 0.0366
5.3337 5.1612 5.2258 0.0369
5.3337 5.1612 5.2258 0.0369
5.3337 5.1612 5.2258 0.0369
5.3337 5.1612 5.2258 0.0369
5.3337 5.1612 5.2258 0.0369
5.3337 5.1612 5.2258 0.0369
5.3337 5.1612 5.2259 0.0370
5.3337 5.1612 5.2263 0.0370
5.3337 5.1612 5.2263 0.0370
5.3337 5.1612 5.2265 0.0372
5.3337 5.1612 5.2265 0.0372
5.3337 5.1619 5.2266 0.0371
5.3337 5.1619 5.2266 0.0371
5.3337 5.1619 5.2266 0.0371
5.3337 5.1619 5.2268 0.0373
5.3337 5.1619 5.2268 0.0373
5.3337 5.1619 5.2275 0.0373
5.3337 5.1619 5.2275 0.0373
5.3337 5.1619 5.2282 0.0369
5.3337 5.1619 5.2282 0.0369
5.3337 5.1619 5.2282 0.0369
5.3337 5.1619 5.2282 0.0369
5.3337 5.1619 5.2285 0.0367
5.3337 5.1619 5.2285 0.0367
5.3337 5.1619 5.2285 0.0367
5.3337 5.1619 5.2287 0.0369
5.3337 5.1619 5.2301 0.0381
5.3337 5.1619 5.2302 0.0380
5.3337 5.1619 5.2302 0.0380
5.3337 5.1619 5.2305 0.0378
5.3337 5.1619 5.2305 0.0378
5.3337 5.1619 5.2305 0.0378
5.3337 5.1619 5.2308 0.0379
5.3746 5.1619 5.2323 0.0405
5.3746 5.1619 5.2323 0.0405
5.3746 5.1619 5.2323 0.0405
5.3746 5.1619 5.2323 0.0405
5.3746 5.1619 5.2327 0.0401
5.3746 5.1619 5.2338 0.0396
5.3746 5.1619 5.2338 0.0396
5.3746 5.1619 5.2338 0.0396
5.3746 5.1619 5.2340 0.0395
5.3746 5.1619 5.2340 0.0395
5.3746 5.1619 5.2342 0.0396
5.3746 5.1619 5.2342 0.0396
5.3746 5.1619 5.2342 0.0396
5.3746 5.1619 5.2352 0.0408
5.3746 5.1619 5.2352 0.0408
5.3746 5.1619 5.2352 0.0408
5.3746 5.1619 5.2352 0.0408
5.3746 5.1619 5.2352 0.0408
5.3746 5.1619 5.2352 0.0408
5.3746 5.1619 5.2352 0.0408
5.3746 5.1619 5.2352 0.0408
5.3746 5.1619 5.2352 0.0408
5.3746 5.1619 5.2352 0.0408
5.3746 5.1619 5.2352 0.0408
5.3746 5.1619 5.2352 0.0408
5.3746 5.1619 5.2352 0.0408
5.3746 5.1619 5.2352 0.0408
5.3746 5.1619 5.2352 0.0408
5.3746 5.1619 5.2352 0.0408
5.3746 5.1619 5.2352 0.0408
5.3746 5.1619 5.2354 0.0409
5.3746 5.1619 5.2361 0.0406
5.3746 5.1619 5.2370 0.0413
5.3746 5.1619 5.2370 0.0413
5.3746 5.1619 5.2370 0.0413
5.3746 5.1619 5.2372 0.0414
5.3746 5.1619 5.2388 0.0420
5.3746 5.1619 5.2395 0.0419
5.3746 5.1619 5.2395 0.0419
5.3746 5.1619 5.2395 0.0419
5.3746 5.1619 5.2395 0.0419
5.3746 5.1619 5.2395 0.0419
5.3746 5.1619 5.2395 0.0419
5.3746 5.1619 5.2395 0.0419
5.3746 5.1619 5.2397 0.0420
5.3746 5.1619 5.2397 0.0420
5.3746 5.1619 5.2397 0.0420
5.3746 5.1619 5.2397 0.0420
5.3746 5.1619 5.2411 0.0429
5.3746 5.1619 5.2411 0.0429
5.3746 5.1619 5.2411 0.0429
5.3746 5.1619 5.2416 0.0426
5.3746 5.1619 5.2416 0.0426
5.3746 5.1619 5.2416 0.0427
5.3746 5.1619 5.2416 0.0427
5.3746 5.1619 5.2417 0.0427
5.3746 5.1619 5.2421 0.0426
5.3746 5.1619 5.2421 0.0426
5.3746 5.1619 5.2421 0.0426
5.3746 5.1619 5.2421 0.0426
5.3746 5.1619 5.2421 0.0426
5.3746 5.1619 5.2421 0.0426
5.3746 5.1619 5.2422 0.0426
5.3746 5.1619 5.2432 0.0437
5.3746 5.1619 5.2432 0.0437
5.3746 5.1619 5.2432 0.0437
5.3746 5.1619 5.2432 0.0437
5.3746 5.1619 5.2432 0.0437
5.3746 5.1619 5.2432 0.0437
5.3746 5.1619 5.2432 0.0437
5.3746 5.1619 5.2432 0.0437
5.3746 5.1619 5.2438 0.0437
5.4004 5.1619 5.2455 0.0463
5.4004 5.1619 5.2458 0.0464
5.4004 5.1619 5.2460 0.0463
5.4004 5.1619 5.2464 0.0465
5.4004 5.1619 5.2464 0.0465
5.4004 5.1619 5.2464 0.0465
5.4004 5.1619 5.2464 0.0465
5.4004 5.1619 5.2464 0.0465
5.4004 5.1619 5.2468 0.0467
5.4004 5.1619 5.2482 0.0491
5.4004 5.1619 5.2482 0.0491
5.4004 5.1619 5.2482 0.0491
5.4004 5.1689 5.2493 0.0484
5.4004 5.1689 5.2493 0.0484
5.4004 5.1689 5.2493 0.0484
5.4004 5.1689 5.2493 0.0484
5.4004 5.1689 5.2500 0.0488
5.4004 5.1689 5.2500 0.0488
5.4004 5.1689 5.2502 0.0488
5.4004 5.1689 5.2510 0.0491
5.4004 5.1689 5.2510 0.0491
5.4004 5.1689 5.2511 0.0492
5.4004 5.1689 5.2513 0.0489
5.4004 5.1689 5.2513 0.0489
5.4004 5.1689 5.2513 0.0489
5.4004 5.1689 5.2516 0.0487
5.4004 5.1689 5.2516 0.0487
5.4004 5.1689 5.2516 0.0487
5.4004 5.1689 5.2516 0.0487
5.4004 5.1689 5.2516 0.0487
5.4004 5.1689 5.2517 0.0487
5.4004 5.1689 5.2517 0.0487
5.4004 5.1689 5.2517 0.0487
5.4004 5.1689 5.2529 0.0508
5.4004 5.1689 5.2531 0.0508
5.4004 5.1738 5.2538 0.0501
5.4004 5.1738 5.2543 0.0498
5.4004 5.1738 5.2544 0.0497
5.4004 5.1738 5.2550 0.0501
5.4004 5.1738 5.2550 0.0501
5.4004 5.1739 5.2566 0.0501
5.4004 5.1739 5.2566 0.0501
5.4004 5.1739 5.2566 0.0501
5.4004 5.1739 5.2569 0.0501
5.4004 5.1739 5.2569 0.0501
5.4004 5.1739 5.2569 0.0501
5.4004 5.1739 5.2569 0.0501
5.4004 5.1739 5.2569 0.0501
5.4004 5.1739 5.2569 0.0501
5.4004 5.1739 5.2569 0.0501
5.4004 5.1739 5.2569 0.0501
5.4004 5.1739 5.2573 0.0504
5.4004 5.1739 5.2574 0.0503
5.4004 5.1739 5.2583 0.0501
5.4004 5.1739 5.2583 0.0501
5.4004 5.1739 5.2585 0.0500
5.4004 5.1739 5.2585 0.0500
5.4004 5.1739 5.2598 0.0498
5.4004 5.1739 5.2598 0.0498
5.4004 5.1739 5.2598 0.0498
5.4004 5.1739 5.2599 0.0497
5.4004 5.1739 5.2599 0.0497
5.4004 5.1739 5.2599 0.0497
5.4004 5.1739 5.2599 0.0497
5.4004 5.1739 5.2599 0.0497
5.4004 5.1739 5.2599 0.0497
5.4004 5.1739 5.2599 0.0497
5.4004 5.1739 5.2599 0.0497
5.4004 5.1739 5.2599 0.0497
5.4004 5.1739 5.2610 0.0515
5.4004 5.1739 5.2610 0.0515
5.4004 5.1739 5.2610 0.0515
5.4004 5.1739 5.2613 0.0516
5.4004 5.1739 5.2613 0.0516
5.4004 5.1739 5.2634 0.0530
5.4004 5.1739 5.2634 0.0530
5.4004 5.1739 5.2635 0.0530
5.4004 5.1739 5.2635 0.0530
5.4004 5.1739 5.2635 0.0530
5.4004 5.1739 5.2645 0.0524
5.4004 5.1739 5.2655 0.0517
5.4004 5.1739 5.2655 0.0517
5.4004 5.1739 5.2670 0.0518
5.4004 5.1739 5.2676 0.0519
5.4004 5.1739 5.2676 0.0519
5.4004 5.1739 5.2682 0.0523
5.4004 5.1739 5.2682 0.0523
5.4004 5.1739 5.2682 0.0523
5.4004 5.1739 5.2682 0.0523
5.4004 5.1739 5.2682 0.0523
5.4004 5.1739 5.2686 0.0519
5.4004 5.1739 5.2687 0.0519
5.4004 5.1739 5.2687 0.0519
5.4004 5.1739 5.2690 0.0518
5.4004 5.1739 5.2690 0.0518
5.4004 5.1739 5.2690 0.0518
5.4004 5.1739 5.2690 0.0518
5.4004 5.1739 5.2690 0.0518
5.4004 5.1739 5.2690 0.0518
5.4004 5.1739 5.2690 0.0518
5.4004 5.1739 5.2695 0.0522
5.4004 5.1739 5.2711 0.0519
5.4004 5.1739 5.2711 0.0519
5.4004 5.1739 5.2720 0.0522
5.4004 5.1739 5.2725 0.0517
5.4004 5.1739 5.2725 0.0517
5.4004 5.1739 5.2725 0.0517
5.4004 5.1776 5.2742 0.0512
5.4004 5.1776 5.2742 0.0512
5.4004 5.1776 5.2750 0.0506
5.4004 5.1776 5.2750 0.0506
5.4004 5.1776 5.2750 0.0506
5.4004 5.1776 5.2767 0.0519
5.4004 5.1776 5.2767 0.0519
5.4004 5.1776 5.2767 0.0519
5.4004 5.1776 5.2767 0.0519
5.4004 5.1776 5.2767 0.0519
5.4004 5.1776 5.2767 0.0519
5.4004 5.1776 5.2767 0.0519
5.4004 5.1776 5.2768 0.0519
5.4004 5.1776 5.2768 0.0519
5.4004 5.1776 5.2771 0.0520
5.4004 5.1776 5.2771 0.0520
5.4004 5.1776 5.2777 0.0521
5.4004 5.1776 5.2784 0.0520
5.4004 5.1776 5.2784 0.0520
5.4004 5.1776 5.2786 0.0522
5.4004 5.1776 5.2792 0.0523
5.4004 5.1776 5.2793 0.0522
5.4004 5.1776 5.2809 0.0534
5.4004 5.1776 5.2813 0.0535
5.4004 5.1784 5.2829 0.0527
5.4004 5.1784 5.2835 0.0527
5.4004 5.1784 5.2835 0.0527
5.4004 5.1784 5.2848 0.0519
5.4004 5.1784 5.2848 0.0519
5.4004 5.1784 5.2848 0.0519
5.4004 5.1784 5.2858 0.0520
5.4004 5.1784 5.2858 0.0520
5.4004 5.1784 5.2866 0.0521
5.4004 5.1784 5.2876 0.0521
5.4004 5.1784 5.2882 0.0514
5.4004 5.1784 5.2882 0.0514
5.4004 5.1784 5.2882 0.0514
5.4004 5.1784 5.2882 0.0514
5.4004 5.1784 5.2897 0.0525
5.4004 5.1784 5.2903 0.0517
5.4004 5.1784 5.2903 0.0517
5.4004 5.1784 5.2911 0.0506
5.4004 5.1784 5.2918 0.0516
5.4004 5.1784 5.2918 0.0516
5.4004 5.1784 5.2918 0.0516
5.4004 5.1784 5.2918 0.0516
5.4004 5.1784 5.2918 0.0516
5.4004 5.1784 5.2918 0.0516
5.4004 5.1784 5.2924 0.0510
5.4004 5.1784 5.2924 0.0510
5.4004 5.1784 5.2924 0.0510
5.4004 5.1784 5.2924 0.0510
5.4004 5.1784 5.2925 0.0510
5.4004 5.1784 5.2925 0.0510
5.4004 5.1784 5.2929 0.0509
5.4004 5.1784 5.2929 0.0509
5.4004 5.1784 5.2929 0.0509
5.4004 5.1784 5.2929 0.0509
5.4004 5.1784 5.2937 0.0509
5.4004 5.1784 5.2941 0.0509
5.4004 5.1784 5.2941 0.0509
5.4004 5.1784 5.2941 0.0509
5.4004 5.1784 5.2941 0.0509
5.4004 5.1784 5.2955 0.0502
5.4004 5.1784 5.2965 0.0504
5.4004 5.1784 5.2972 0.0505
5.4004 5.1784 5.2972 0.0505
5.4004 5.1784 5.2972 0.0505
5.4004 5.1784 5.2979 0.0498
5.4004 5.1784 5.2979 0.0498
5.4004 5.1784 5.2981 0.0497
5.4004 5.1784 5.2983 0.0499
5.4004 5.1784 5.2998 0.0507
5.4004 5.1784 5.3007 0.0505
5.4004 5.1784 5.3014 0.0506
5.4004 5.1784 5.3017 0.0506
5.4004 5.1784 5.3027 0.0492
5.4004 5.1784 5.3027 0.0492
5.4004 5.1784 5.3027 0.0492
5.4004 5.1784 5.3027 0.0492
5.4004 5.1784 5.3027 0.0492
5.4004 5.1784 5.3031 0.0493
5.4004 5.1784 5.3033 0.0491
5.4004 5.1784 5.3040 0.0492
5.4004 5.1784 5.3049 0.0491
5.4004 5.1784 5.3052 0.0492
5.4004 5.1784 5.3053 0.0492
5.4004 5.1784 5.3053 0.0492
5.4004 5.1784 5.3053 0.0492
5.4004 5.1784 5.3064 0.0490
5.4004 5.1784 5.3067 0.0489
5.4004 5.1784 5.3082 0.0494
5.4004 5.1784 5.3083 0.0495
5.4004 5.1784 5.3088 0.0490
5.4004 5.1784 5.3088 0.0490
5.4004 5.1784 5.3089 0.0490
5.4004 5.1784 5.3091 0.0491
5.4004 5.1784 5.3091 0.0491
5.4004 5.1784 5.3095 0.0490
5.4004 5.1784 5.3095 0.0490
5.4004 5.1784 5.3095 0.0490
5.4004 5.1784 5.3095 0.0490
5.4004 5.1784 5.3095 0.0490
5.4004 5.1784 5.3095 0.0490
5.4004 5.1784 5.3095 0.0490
5.4004 5.1784 5.3095 0.0490
5.4004 5.1784 5.3095 0.0490
5.4004 5.1784 5.3095 0.0490
5.4004 5.1784 5.3095 0.0490
5.4004 5.1784 5.3095 0.0490
5.4004 5.1784 5.3095 0.0490
5.4004 5.1784 5.3095 0.0490
5.4004 5.1784 5.3095 0.0490
5.4004 5.1784 5.3095 0.0490
5.4004 5.1784 5.3102 0.0497
5.4004 5.1784 5.3102 0.0497
5.4004 5.1784 5.3102 0.0497
5.4004 5.1784 5.3104 0.0498
5.4004 5.1784 5.3104 0.0498
5.4004 5.1784 5.3105 0.0498
5.4004 5.1784 5.3118 0.0486
5.4108 5.1784 5.3126 0.0496
5.4108 5.1784 5.3126 0.0496
5.4108 5.1784 5.3130 0.0493
5.4108 5.1784 5.3130 0.0493
5.4108 5.1784 5.3132 0.0492
5.4108 5.1784 5.3135 0.0492
5.4108 5.1784 5.3135 0.0492
5.4108 5.1784 5.3135 0.0492
5.4108 5.1784 5.3139 0.0495
5.4108 5.1784 5.3139 0.0495
5.4108 5.1784 5.3139 0.0495
5.4108 5.1784 5.3139 0.0495
5.4108 5.1784 5.3139 0.0495
5.4108 5.1784 5.3144 0.0501
5.4108 5.1784 5.3146 0.0499
5.4108 5.1784 5.3153 0.0497
5.4108 5.1784 5.3153 0.0497
5.4108 5.1784 5.3153 0.0497
5.4108 5.1784 5.3153 0.0497
5.4108 5.1784 5.3153 0.0497
5.4108 5.1784 5.3153 0.0497
5.4108 5.1784 5.3153 0.0497
5.4108 5.1784 5.3162 0.0505
5.4108 5.1784 5.3165 0.0503
5.4108 5.1784 5.3165 0.0503
5.4108 5.1784 5.3171 0.0493
5.4108 5.2253 5.3179 0.0477
5.4108 5.2253 5.3179 0.0477
5.4108 5.2253 5.3181 0.0475
5.4108 5.2253 5.3181 0.0475
5.4108 5.2253 5.3185 0.0474
5.4108 5.2253 5.3189 0.0475
5.4108 5.2253 5.3189 0.0475
5.4108 5.2253 5.3189 0.0475
5.4108 5.2253 5.3189 0.0475
5.4108 5.2253 5.3193 0.0474
5.4108 5.2253 5.3196 0.0474
5.4108 5.2253 5.3200 0.0472
5.4108 5.2253 5.3213 0.0477
5.4108 5.2253 5.3213 0.0477
5.4108 5.2253 5.3213 0.0477
5.4108 5.2253 5.3221 0.0475
5.4108 5.2253 5.3221 0.0475
5.4108 5.2253 5.3221 0.0475
5.4108 5.2253 5.3221 0.0475
5.4108 5.2253 5.3223 0.0475
5.4108 5.2253 5.3223 0.0475
5.4108 5.2253 5.3223 0.0475
5.4108 5.2253 5.3236 0.0478
5.4108 5.2253 5.3237 0.0478
5.4108 5.2253 5.3237 0.0478
5.4108 5.2253 5.3240 0.0479
5.4108 5.2253 5.3247 0.0485
5.4108 5.2253 5.3247 0.0485
5.4108 5.2253 5.3247 0.0485
5.4108 5.2253 5.3251 0.0480
5.4108 5.2253 5.3251 0.0480
5.4108 5.2253 5.3251 0.0480
5.4108 5.2253 5.3262 0.0482
5.4108 5.2253 5.3262 0.0482
5.4108 5.2253 5.3262 0.0482
5.4108 5.2253 5.3270 0.0477
5.4108 5.2253 5.3270 0.0477
5.4108 5.2253 5.3270 0.0477
5.4108 5.2253 5.3270 0.0477
5.4108 5.2253 5.3280 0.0470
5.4108 5.2253 5.3280 0.0470
5.4108 5.2253 5.3280 0.0470
5.4108 5.2253 5.3284 0.0471
5.4108 5.2253 5.3284 0.0471
5.4108 5.2253 5.3287 0.0471
5.4108 5.2253 5.3292 0.0469
5.4108 5.2253 5.3292 0.0469
5.4108 5.2253 5.3292 0.0469
5.4108 5.2253 5.3293 0.0468
5.4108 5.2253 5.3293 0.0468
5.4108 5.2253 5.3295 0.0469
5.4108 5.2253 5.3295 0.0469
5.4108 5.2253 5.3295 0.0469
5.4108 5.2253 5.3295 0.0469
5.4108 5.2253 5.3295 0.0469
5.4108 5.2253 5.3295 0.0469
5.4108 5.2253 5.3295 0.0469
5.4108 5.2253 5.3295 0.0469
5.4108 5.2253 5.3301 0.0464
5.4108 5.2253 5.3301 0.0464
5.4108 5.2253 5.3301 0.0464
5.4108 5.2253 5.3301 0.0464
5.4108 5.2253 5.3301 0.0464
5.4108 5.2253 5.3311 0.0454
5.4108 5.2253 5.3312 0.0453
5.4108 5.2253 5.3312 0.0453
5.4389 5.2253 5.3320 0.0465
5.4389 5.2253 5.3320 0.0465
5.4389 5.2253 5.3322 0.0462
5.4389 5.2253 5.3322 0.0462
5.4389 5.2253 5.3328 0.0459
5.4389 5.2253 5.3328 0.0459
5.4389 5.2253 5.3328 0.0459
5.4389 5.2253 5.3335 0.0457
5.4389 5.2253 5.3340 0.0451
5.4389 5.2253 5.3340 0.0451
5.4389 5.2253 5.3340 0.0451
5.4389 5.2253 5.3340 0.0451
5.4389 5.2253 5.3342 0.0451
5.4389 5.2253 5.3342 0.0451
5.4389 5.2253 5.3351 0.0455
5.4389 5.2253 5.3351 0.0455
5.4389 5.2253 5.3356 0.0459
5.4389 5.2253 5.3356 0.0459
5.4389 5.2253 5.3356 0.0459
5.4389 5.2253 5.3356 0.0459
5.4389 5.2253 5.3356 0.0459
5.4389 5.2253 5.3356 0.0459
5.4389 5.2253 5.3356 0.0459
5.4389 5.2253 5.3362 0.0456
5.4389 5.2253 5.3362 0.0456
5.4389 5.2253 5.3362 0.0456
5.4389 5.2253 5.3369 0.0451
5.4389 5.2253 5.3369 0.0451
5.4389 5.2253 5.3375 0.0455
5.4389 5.2253 5.3375 0.0455
5.4389 5.2253 5.3388 0.0455
5.4389 5.2253 5.3390 0.0455
5.4389 5.2253 5.3390 0.0455
5.4389 5.2253 5.3390 0.0455
5.4389 5.2253 5.3399 0.0456
5.4389 5.2253 5.3400 0.0456
5.4389 5.2253 5.3400 0.0456
5.4389 5.2253 5.3400 0.0456
5.4389 5.2253 5.3400 0.0456
5.4389 5.2253 5.3400 0.0456
5.4389 5.2253 5.3400 0.0456
5.4389 5.2253 5.3402 0.0456
5.4389 5.2253 5.3402 0.0456
5.4389 5.2253 5.3402 0.0456
5.4389 5.2253 5.3402 0.0456
5.4389 5.2253 5.3402 0.0456
5.4389 5.2253 5.3410 0.0450
5.4389 5.2253 5.3421 0.0450
5.4389 5.2253 5.3424 0.0451
5.4389 5.2253 5.3424 0.0451
5.4389 5.2253 5.3429 0.0453
5.4389 5.2253 5.3429 0.0453
5.4389 5.2253 5.3429 0.0453
5.4389 5.2253 5.3429 0.0453
5.4389 5.2253 5.3429 0.0453
5.4389 5.2253 5.3430 0.0455
5.4389 5.2253 5.3430 0.0455
5.4389 5.2253 5.3432 0.0455
5.4389 5.2253 5.3432 0.0455
5.4389 5.2253 5.3437 0.0459
5.4389 5.2253 5.3443 0.0451
5.4389 5.2253 5.3446 0.0450
5.4389 5.2253 5.3446 0.0450
5.4389 5.2253 5.3446 0.0450
5.4389 5.2253 5.3448 0.0453
5.4389 5.2253 5.3448 0.0453
5.4389 5.2253 5.3448 0.0453
5.4389 5.2253 5.3448 0.0453
5.4389 5.2253 5.3449 0.0454
5.4389 5.2253 5.3453 0.0454
5.4389 5.2253 5.3453 0.0454
5.4389 5.2253 5.3453 0.0454
5.4389 5.2253 5.3454 0.0454
5.4389 5.2253 5.3467 0.0448
5.4389 5.2253 5.3470 0.0451
5.4389 5.2253 5.3470 0.0451
5.4389 5.2253 5.3470 0.0451
5.4389 5.2253 5.3474 0.0449
5.4460 5.2253 5.3479 0.0457
5.4460 5.2253 5.3487 0.0462
5.4460 5.2253 5.3492 0.0465
5.4460 5.2253 5.3492 0.0465
5.4460 5.2253 5.3492 0.0465
5.4460 5.2253 5.3492 0.0465
5.4460 5.2253 5.3492 0.0465
5.4460 5.2253 5.3492 0.0465
5.4460 5.2253 5.3499 0.0469
5.4460 5.2253 5.3499 0.0469
5.4460 5.2253 5.3499 0.0469
5.4460 5.2253 5.3499 0.0469
5.4460 5.2253 5.3499 0.0469
5.4460 5.2253 5.3499 0.0469
5.4460 5.2253 5.3499 0.0469
5.4460 5.2253 5.3500 0.0470
5.4460 5.2253 5.3500 0.0470
5.4460 5.2253 5.3500 0.0470
5.4460 5.2253 5.3510 0.0473
5.4460 5.2253 5.3510 0.0473
5.4460 5.2253 5.3512 0.0470
5.4460 5.2253 5.3512 0.0470
5.4460 5.2253 5.3513 0.0470
5.4460 5.2253 5.3513 0.0470
5.4460 5.2253 5.3513 0.0470
5.4460 5.2253 5.3513 0.0470
5.4460 5.2253 5.3525 0.0476
5.4460 5.2253 5.3538 0.0471
5.4460 5.2253 5.3538 0.0471
5.4460 5.2253 5.3543 0.0474
5.4460 5.2253 5.3547 0.0473
5.4460 5.2253 5.3549 0.0474
5.4460 5.2253 5.3559 0.0480
5.4460 5.2253 5.3561 0.0479
5.4460 5.2253 5.3569 0.0478
5.4460 5.2253 5.3571 0.0478
5.4460 5.2253 5.3582 0.0474
5.4460 5.2253 5.3582 0.0474
5.4460 5.2253 5.3582 0.0474
5.4460 5.2253 5.3582 0.0474
5.4460 5.2253 5.3582 0.0474
5.4460 5.2253 5.3582 0.0474
5.4460 5.2253 5.3589 0.0476
5.4460 5.2253 5.3589 0.0476
5.4460 5.2253 5.3589 0.0476
5.4460 5.2253 5.3596 0.0469
5.4460 5.2253 5.3596 0.0469
5.4460 5.2253 5.3596 0.0469
5.4460 5.2253 5.3604 0.0470
5.4460 5.2253 5.3604 0.0470
5.4460 5.2253 5.3605 0.0469
5.4460 5.2253 5.3605 0.0469
5.4460 5.2253 5.3606 0.0470
5.4460 5.2253 5.3606 0.0470
5.4460 5.2253 5.3606 0.0470
5.4461 5.2253 5.3606 0.0470
5.4461 5.2253 5.3606 0.0470
5.4461 5.2253 5.3606 0.0470
5.4461 5.2253 5.3606 0.0470
5.4461 5.2253 5.3608 0.0470
5.4461 5.2253 5.3608 0.0470
5.4461 5.2253 5.3616 0.0471
5.4461 5.2253 5.3617 0.0470
5.4461 5.2253 5.3622 0.0465
5.4461 5.2253 5.3625 0.0468
5.4461 5.2253 5.3625 0.0468
5.4461 5.2253 5.3625 0.0468
5.4461 5.2253 5.3633 0.0476
5.4461 5.2253 5.3635 0.0473
5.4461 5.2253 5.3642 0.0466
5.4461 5.2253 5.3642 0.0466
5.4461 5.2253 5.3642 0.0466
5.4461 5.2253 5.3642 0.0466
5.4461 5.2253 5.3652 0.0473
5.4461 5.2253 5.3654 0.0469
5.4461 5.2253 5.3657 0.0472
5.4461 5.2253 5.3662 0.0475
5.4461 5.2253 5.3663 0.0475
5.4461 5.2253 5.3663 0.0475
5.4461 5.2253 5.3663 0.0475
5.4723 5.2253 5.3679 0.0483
5.4723 5.2253 5.3685 0.0485
5.4723 5.2253 5.3685 0.0485
5.4723 5.2253 5.3685 0.0485
5.4723 5.2253 5.3685 0.0485
5.4723 5.2253 5.3685 0.0485
5.4723 5.2253 5.3687 0.0485
5.4723 5.2253 5.3692 0.0477
5.4723 5.2253 5.3692 0.0477
5.4723 5.2253 5.3704 0.0492
5.4723 5.2253 5.3704 0.0492
5.4723 5.2253 5.3708 0.0489
5.4723 5.2253 5.3708 0.0489
5.4723 5.2253 5.3717 0.0490
5.4723 5.2253 5.3718 0.0489
5.4723 5.2253 5.3721 0.0490
5.4723 5.2253 5.3721 0.0490
5.4723 5.2253 5.3721 0.0490
5.4723 5.2253 5.3732 0.0483
5.4723 5.2253 5.3732 0.0483
5.4723 5.2253 5.3732 0.0483
5.4723 5.2253 5.3733 0.0483
5.4723 5.2253 5.3735 0.0483
5.4723 5.2253 5.3735 0.0483
5.4723 5.2253 5.3735 0.0483
5.4723 5.2253 5.3735 0.0483
5.4723 5.2253 5.3735 0.0483
5.4723 5.2253 5.3735 0.0483
5.4854 5.2253 5.3758 0.0501
5.4854 5.2253 5.3758 0.0501
5.4854 5.2253 5.3758 0.0501
5.4854 5.2253 5.3767 0.0490
5.4854 5.2253 5.3767 0.0490
5.4854 5.2253 5.3767 0.0490
5.4854 5.2253 5.3777 0.0494
5.4854 5.2253 5.3777 0.0494
5.4854 5.2253 5.3780 0.0492
5.4854 5.2253 5.3786 0.0492
5.4854 5.2253 5.3790 0.0491
5.5347 5.2253 5.3818 0.0499
5.5347 5.2253 5.3822 0.0491
5.5347 5.2253 5.3829 0.0495
5.5347 5.2253 5.3834 0.0494
5.5347 5.2253 5.3834 0.0494
5.5347 5.2253 5.3834 0.0494
5.5347 5.2253 5.3834 0.0494
5.5347 5.2253 5.3838 0.0494
5.5347 5.2253 5.3839 0.0494
5.5347 5.2253 5.3839 0.0494
5.5347 5.2253 5.3843 0.0489
5.5347 5.2253 5.3843 0.0489
5.5347 5.2253 5.3843 0.0489
5.5347 5.2253 5.3843 0.0489
5.5347 5.2253 5.3843 0.0489
5.5347 5.2253 5.3843 0.0489
5.5347 5.2253 5.3848 0.0494
5.5347 5.2253 5.3858 0.0487
5.5347 5.2253 5.3858 0.0487
5.5347 5.2253 5.3862 0.0487
5.5347 5.2253 5.3866 0.0491
5.5347 5.2253 5.3869 0.0494
5.5347 5.2253 5.3874 0.0491
5.5347 5.2253 5.3874 0.0491
5.5347 5.2253 5.3874 0.0491
5.5347 5.2253 5.3884 0.0483
5.5347 5.2253 5.3888 0.0484
5.5347 5.2253 5.3889 0.0484
5.5347 5.2253 5.3889 0.0484
5.5347 5.2253 5.3889 0.0484
5.5347 5.2253 5.3889 0.0484
5.5347 5.2253 5.3889 0.0484
5.5347 5.2253 5.3889 0.0484
5.5347 5.2253 5.3892 0.0486
5.5347 5.2253 5.3892 0.0486
5.5347 5.2253 5.3892 0.0486
5.5347 5.2253 5.3901 0.0496
5.5347 5.2253 5.3901 0.0496
5.5347 5.2253 5.3903 0.0491
5.5347 5.2253 5.3903 0.0491
5.5347 5.2253 5.3903 0.0491
5.5347 5.2253 5.3910 0.0487
5.5347 5.2253 5.3921 0.0500
5.5347 5.2253 5.3921 0.0500
5.5347 5.2253 5.3922 0.0500
5.5347 5.2253 5.3922 0.0498
5.5347 5.2253 5.3922 0.0498
5.5347 5.2253 5.3922 0.0498
5.5347 5.2253 5.3922 0.0498
5.5347 5.2253 5.3922 0.0498
5.5347 5.2253 5.3922 0.0498
5.5347 5.2253 5.3922 0.0499
5.5347 5.2253 5.3926 0.0496
5.5347 5.2253 5.3933 0.0502
5.5347 5.2253 5.3935 0.0500
5.5347 5.2253 5.3939 0.0499
5.5347 5.2253 5.3939 0.0499
5.5347 5.2253 5.3944 0.0498
5.5347 5.2253 5.3944 0.0498
5.5347 5.2253 5.3950 0.0495
5.5347 5.2253 5.3950 0.0495
5.5347 5.2253 5.3958 0.0503
5.5347 5.2253 5.3958 0.0503
5.5347 5.2253 5.3959 0.0502
5.5347 5.2253 5.3967 0.0500
5.5347 5.2253 5.3970 0.0495
5.5347 5.2253 5.3976 0.0498
5.5347 5.2253 5.3983 0.0507
5.5347 5.2253 5.3986 0.0506
5.5347 5.2253 5.3988 0.0506
5.5347 5.2253 5.3994 0.0509
5.5347 5.2253 5.3996 0.0510
5.5347 5.2253 5.3996 0.0510
5.5347 5.2253 5.3996 0.0510
5.5347 5.2253 5.4003 0.0512
5.5347 5.2253 5.4013 0.0509
5.5347 5.2253 5.4023 0.0509
5.5347 5.2253 5.4023 0.0509
5.5347 5.2253 5.4023 0.0509
5.5347 5.2253 5.4023 0.0509
5.5347 5.2253 5.4034 0.0496
5.5347 5.2253 5.4034 0.0497
5.5347 5.2253 5.4045 0.0507
5.5347 5.2253 5.4050 0.0504
5.5347 5.2253 5.4058 0.0510
5.5347 5.2253 5.4060 0.0510
5.5347 5.2253 5.4060 0.0510
5.5347 5.2253 5.4064 0.0512
5.5347 5.2253 5.4064 0.0512
5.5347 5.2253 5.4064 0.0512
5.5347 5.2253 5.4067 0.0515
5.5347 5.2253 5.4067 0.0515
5.5347 5.2253 5.4070 0.0513
5.5347 5.2253 5.4077 0.0501
5.5347 5.2253 5.4080 0.0496
5.5347 5.2253 5.4080 0.0496
5.5347 5.2253 5.4080 0.0496
5.5347 5.2253 5.4080 0.0496
5.5347 5.2253 5.4082 0.0497
5.5347 5.2253 5.4085 0.0501
5.5347 5.2253 5.4087 0.0497
5.5347 5.2253 5.4087 0.0497
5.5347 5.2253 5.4087 0.0497
5.5347 5.2253 5.4087 0.0497
5.5347 5.2253 5.4087 0.0497
5.5347 5.2253 5.4093 0.0493
5.5347 5.2253 5.4094 0.0493
5.5347 5.2253 5.4094 0.0493
5.5347 5.2253 5.4101 0.0496
5.5347 5.2253 5.4101 0.0496
5.5347 5.2253 5.4110 0.0491
5.5347 5.2253 5.4110 0.0491
5.5347 5.2253 5.4110 0.0491
5.5347 5.3161 5.4127 0.0454
5.5347 5.3161 5.4137 0.0445
5.5347 5.3161 5.4139 0.0443
5.5347 5.3161 5.4139 0.0443
5.5347 5.3161 5.4139 0.0443
5.5347 5.3161 5.4139 0.0443
5.5347 5.3161 5.4142 0.0445
5.5347 5.3161 5.4143 0.0444
5.5347 5.3161 5.4144 0.0444
5.5347 5.3161 5.4144 0.0444
5.5347 5.3161 5.4149 0.0439
5.5347 5.3161 5.4151 0.0436
5.5347 5.3161 5.4151 0.0436
5.5347 5.3161 5.4151 0.0436
5.5347 5.3161 5.4151 0.0436
5.5347 5.3161 5.4151 0.0436
5.5347 5.3161 5.4151 0.0436
5.5347 5.3161 5.4155 0.0441
5.5347 5.3161 5.4155 0.0441
5.5347 5.3161 5.4157 0.0441
5.5347 5.3161 5.4157 0.0441
5.5347 5.3161 5.4157 0.0441
5.5347 5.3161 5.4157 0.0441
5.5347 5.3161 5.4166 0.0435
5.5347 5.3161 5.4166 0.0435
5.5347 5.3161 5.4166 0.0435
5.5347 5.3161 5.4178 0.0429
5.5347 5.3161 5.4184 0.0431
5.5347 5.3161 5.4184 0.0431
5.5347 5.3161 5.4185 0.0430
5.5347 5.3161 5.4189 0.0432
5.5347 5.3161 5.4189 0.0432
5.5347 5.3161 5.4189 0.0432
5.5347 5.3161 5.4199 0.0433
5.5347 5.3161 5.4201 0.0436
5.5347 5.3161 5.4202 0.0436
5.5347 5.3161 5.4218 0.0437
5.5347 5.3161 5.4218 0.0437
5.5347 5.3161 5.4218 0.0437
5.5347 5.3161 5.4219 0.0437
5.5347 5.3161 5.4219 0.0436
5.5347 5.3161 5.4232 0.0435
5.5347 5.3161 5.4232 0.0435
5.5347 5.3161 5.4238 0.0437
5.5347 5.3161 5.4238 0.0437
5.5347 5.3161 5.4238 0.0437
5.5347 5.3161 5.4238 0.0437
5.5347 5.3161 5.4238 0.0437
5.5347 5.3161 5.4238 0.0437
5.5347 5.3161 5.4238 0.0437
5.5347 5.3161 5.4247 0.0438
5.5347 5.3161 5.4250 0.0441
5.5347 5.3161 5.4250 0.0441
5.5347 5.3161 5.4251 0.0442
5.5347 5.3161 5.4253 0.0443
5.5347 5.3161 5.4253 0.0443
5.5347 5.3161 5.4253 0.0443
5.5347 5.3161 5.4254 0.0444
5.5347 5.3161 5.4254 0.0444
5.5347 5.3161 5.4261 0.0450
5.5347 5.3161 5.4262 0.0450
5.5347 5.3161 5.4263 0.0450
5.5347 5.3161 5.4263 0.0450
5.5347 5.3161 5.4265 0.0449
5.5401 5.3161 5.4266 0.0451
5.5401 5.3161 5.4273 0.0452
5.5401 5.3161 5.4284 0.0458
5.5401 5.3161 5.4290 0.0462
5.5401 5.3161 5.4296 0.0458
5.5401 5.3161 5.4296 0.0458
5.5401 5.3161 5.4300 0.0462
5.5401 5.3161 5.4319 0.0468
5.5401 5.3161 5.4319 0.0468
5.5401 5.3161 5.4319 0.0468
5.5401 5.3161 5.4319 0.0468
5.5401 5.3161 5.4322 0.0470
5.5401 5.3161 5.4322 0.0470
5.5401 5.3161 5.4322 0.0470
5.5401 5.3161 5.4322 0.0470
5.5401 5.3161 5.4322 0.0470
5.5401 5.3161 5.4324 0.0471
5.5401 5.3161 5.4326 0.0470
5.5401 5.3161 5.4326 0.0470
5.5401 5.3161 5.4326 0.0470
5.5401 5.3161 5.4326 0.0470
5.5401 5.3161 5.4326 0.0470
5.5401 5.3161 5.4326 0.0470
5.5401 5.3161 5.4335 0.0472
5.5401 5.3161 5.4335 0.0472
5.5401 5.3161 5.4342 0.0478
5.5401 5.3161 5.4347 0.0482
5.5401 5.3161 5.4357 0.0476
5.5401 5.3161 5.4357 0.0476
5.5401 5.3161 5.4359 0.0477
5.5401 5.3161 5.4363 0.0472
5.5401 5.3161 5.4367 0.0474
5.5401 5.3161 5.4367 0.0474
5.5401 5.3161 5.4373 0.0473
5.5401 5.3161 5.4381 0.0474
5.5401 5.3161 5.4381 0.0474
5.5401 5.3161 5.4381 0.0474
5.5401 5.3161 5.4383 0.0473
5.5401 5.3161 5.4390 0.0473
5.5401 5.3161 5.4390 0.0473
5.5401 5.3161 5.4392 0.0475
5.5401 5.3161 5.4392 0.0476
5.5401 5.3161 5.4400 0.0486
5.5401 5.3161 5.4402 0.0486
5.5401 5.3161 5.4406 0.0493
5.5401 5.3161 5.4406 0.0493
5.5401 5.3161 5.4406 0.0493
5.5401 5.3161 5.4408 0.0493
5.5401 5.3161 5.4408 0.0493
5.5401 5.3161 5.4417 0.0494
5.5401 5.3161 5.4422 0.0493
5.5401 5.3161 5.4422 0.0493
5.5401 5.3161 5.4427 0.0497
5.5401 5.3161 5.4427 0.0497
5.5401 5.3161 5.4427 0.0497
5.5401 5.3161 5.4427 0.0497
5.5401 5.3161 5.4427 0.0497
5.5401 5.3161 5.4427 0.0497
5.5401 5.3337 5.4438 0.0481
5.5401 5.3337 5.4439 0.0482
5.5401 5.3337 5.4440 0.0480
5.5401 5.3337 5.4445 0.0478
5.5401 5.3337 5.4453 0.0480
5.5401 5.3337 5.4453 0.0480
5.5401 5.3337 5.4454 0.0479
5.5401 5.3337 5.4462 0.0474
5.5401 5.3337 5.4462 0.0474
5.5401 5.3337 5.4462 0.0474
5.5401 5.3337 5.4462 0.0474
5.5401 5.3337 5.4462 0.0474
5.5401 5.3337 5.4462 0.0474
5.5401 5.3337 5.4470 0.0473
5.5401 5.3337 5.4470 0.0473
5.5401 5.3337 5.4471 0.0471
5.5401 5.3337 5.4471 0.0471
5.5401 5.3337 5.4480 0.0471
5.5401 5.3337 5.4492 0.0471
5.5401 5.3337 5.4492 0.0472
5.5401 5.3337 5.4492 0.0472
5.5401 5.3337 5.4502 0.0465
5.5401 5.3337 5.4502 0.0465
5.5401 5.3337 5.4511 0.0467
5.5401 5.3337 5.4511 0.0467
5.5401 5.3337 5.4512 0.0467
5.5401 5.3337 5.4512 0.0467
5.5401 5.3337 5.4522 0.0468
5.5401 5.3337 5.4522 0.0468
5.5401 5.3337 5.4522 0.0468
5.5401 5.3337 5.4522 0.0468
5.5401 5.3337 5.4523 0.0468
5.5401 5.3337 5.4524 0.0469
5.5401 5.3337 5.4526 0.0470
5.5401 5.3337 5.4539 0.0457
5.5401 5.3337 5.4539 0.0457
5.5401 5.3337 5.4539 0.0457
5.5401 5.3337 5.4542 0.0457
5.5401 5.3337 5.4551 0.0455
5.5401 5.3337 5.4551 0.0455
5.5401 5.3337 5.4551 0.0455
5.5401 5.3337 5.4558 0.0452
5.5401 5.3337 5.4561 0.0450
5.5401 5.3337 5.4561 0.0450
5.5401 5.3337 5.4561 0.0450
5.5401 5.3337 5.4561 0.0450
5.5401 5.3337 5.4561 0.0450
5.5401 5.3337 5.4561 0.0450
5.5401 5.3337 5.4561 0.0450
5.5401 5.3337 5.4561 0.0450
5.5401 5.3337 5.4564 0.0448
5.5401 5.3337 5.4564 0.0448
5.5401 5.3337 5.4564 0.0448
5.5401 5.3337 5.4564 0.0448
5.5401 5.3337 5.4570 0.0447
5.5401 5.3337 5.4570 0.0447
5.5401 5.3337 5.4574 0.0446
5.5401 5.3337 5.4574 0.0446
5.5401 5.3337 5.4577 0.0447
5.5401 5.3337 5.4577 0.0447
5.5401 5.3337 5.4578 0.0447
5.5401 5.3337 5.4578 0.0447
5.5401 5.3337 5.4583 0.0451
5.5401 5.3337 5.4594 0.0448
5.5401 5.3337 5.4594 0.0448
5.5401 5.3425 5.4606 0.0430
5.5401 5.3425 5.4610 0.0434
5.5401 5.3425 5.4610 0.0434
5.5401 5.3425 5.4613 0.0435
5.5401 5.3425 5.4613 0.0435
5.5401 5.3425 5.4632 0.0425
5.5401 5.3425 5.4635 0.0421
5.5401 5.3425 5.4635 0.0421
5.5401 5.3425 5.4635 0.0421
5.5401 5.3425 5.4641 0.0419
5.5401 5.3425 5.4644 0.0419
5.5401 5.3425 5.4657 0.0407
5.5401 5.3425 5.4664 0.0402
5.5401 5.3425 5.4664 0.0402
5.5401 5.3425 5.4665 0.0402
5.5401 5.3425 5.4665 0.0402
5.5401 5.3425 5.4665 0.0402
5.5401 5.3425 5.4667 0.0402
5.5401 5.3425 5.4668 0.0403
5.5401 5.3425 5.4668 0.0403
5.5401 5.3425 5.4669 0.0401
5.5401 5.3425 5.4669 0.0401
5.5401 5.3425 5.4669 0.0401
5.5401 5.3425 5.4669 0.0401
5.5401 5.3425 5.4669 0.0401
5.5401 5.3425 5.4669 0.0401
5.5401 5.3425 5.4669 0.0401
5.5401 5.3425 5.4671 0.0403
5.5401 5.3425 5.4671 0.0403
5.5401 5.3425 5.4671 0.0403
5.5401 5.3425 5.4676 0.0404
5.5401 5.3425 5.4681 0.0402
5.5401 5.3425 5.4690 0.0401
5.5401 5.3425 5.4690 0.0401
5.5401 5.3425 5.4690 0.0401
5.5401 5.3425 5.4692 0.0401
5.5401 5.3425 5.4692 0.0401
5.5401 5.3425 5.4692 0.0401
5.5401 5.3425 5.4696 0.0404
5.5401 5.3425 5.4696 0.0404
5.5401 5.3425 5.4697 0.0404
5.5401 5.3425 5.4697 0.0404
5.5401 5.3425 5.4697 0.0404
5.5401 5.3425 5.4699 0.0405
5.5401 5.3425 5.4709 0.0404
5.5401 5.3425 5.4713 0.0399
5.5401 5.3425 5.4713 0.0399
5.5401 5.3425 5.4713 0.0399
5.5401 5.3425 5.4713 0.0399
5.5401 5.3425 5.4713 0.0399
5.5401 5.3425 5.4723 0.0395
5.5401 5.3425 5.4723 0.0395
5.5401 5.3425 5.4723 0.0395
5.5401 5.3425 5.4723 0.0395
5.5401 5.3425 5.4723 0.0395
5.5401 5.3425 5.4724 0.0396
5.5401 5.3425 5.4724 0.0396
5.5401 5.3425 5.4724 0.0396
5.5401 5.3425 5.4732 0.0392
5.5401 5.3425 5.4732 0.0392
5.5401 5.3425 5.4740 0.0391
5.5401 5.3425 5.4740 0.0391
5.5401 5.3425 5.4741 0.0391
5.5401 5.3425 5.4745 0.0391
5.5401 5.3425 5.4745 0.0391
5.5401 5.3425 5.4745 0.0391
5.5401 5.3425 5.4745 0.0391
5.5401 5.3425 5.4754 0.0388
5.5401 5.3425 5.4755 0.0388
5.5401 5.3425 5.4755 0.0388
5.5401 5.3425 5.4757 0.0390
5.5401 5.3425 5.4757 0.0389
5.5401 5.3425 5.4760 0.0389
5.5401 5.3425 5.4760 0.0389
5.5401 5.3425 5.4761 0.0390
5.5401 5.3425 5.4761 0.0390
5.5401 5.3425 5.4762 0.0390
5.5401 5.3425 5.4764 0.0390
5.5401 5.3425 5.4764 0.0390
5.5401 5.3425 5.4764 0.0390
5.5401 5.3425 5.4767 0.0392
5.5401 5.3425 5.4767 0.0392
5.5401 5.3425 5.4770 0.0391
5.5401 5.3425 5.4774 0.0387
5.5401 5.3425 5.4774 0.0387
5.5401 5.3425 5.4774 0.0387
5.5401 5.3425 5.4774 0.0387
5.5401 5.3425 5.4774 0.0387
5.5401 5.3425 5.4780 0.0382
5.5401 5.3425 5.4780 0.0382
5.5401 5.3425 5.4789 0.0378
5.5401 5.3425 5.4789 0.0378
5.5401 5.3425 5.4797 0.0377
5.5401 5.3425 5.4806 0.0381
5.5401 5.3425 5.4813 0.0376
5.5401 5.3425 5.4817 0.0376
5.5401 5.3425 5.4817 0.0376
5.5401 5.3425 5.4817 0.0376
5.5647 5.3425 5.4825 0.0385
5.5647 5.3425 5.4825 0.0385
5.5647 5.3425 5.4825 0.0385
5.5647 5.3425 5.4825 0.0385
5.5647 5.3425 5.4826 0.0386
5.5647 5.3425 5.4826 0.0386
5.5647 5.3425 5.4826 0.0386
5.5647 5.3425 5.4831 0.0385
5.5647 5.3871 5.4844 0.0359
5.5647 5.3871 5.4845 0.0359
5.5647 5.3871 5.4845 0.0359
5.5647 5.3871 5.4847 0.0358
5.5647 5.3871 5.4848 0.0358
5.5647 5.3871 5.4855 0.0349
5.5647 5.3871 5.4857 0.0350
5.5647 5.3871 5.4857 0.0350
5.5647 5.3871 5.4861 0.0349
5.5647 5.3871 5.4863 0.0350
5.5647 5.3871 5.4865 0.0351
5.5647 5.3871 5.4868 0.0351
5.5647 5.3871 5.4868 0.0351
5.5647 5.3871 5.4868 0.0351
5.5647 5.3871 5.4871 0.0349
5.5647 5.3871 5.4871 0.0349
5.5647 5.3871 5.4882 0.0338
5.5647 5.3871 5.4882 0.0338
5.5647 5.3871 5.4883 0.0338
5.5647 5.3871 5.4887 0.0336
5.5647 5.3871 5.4887 0.0336
5.5647 5.3871 5.4888 0.0337
5.5647 5.3871 5.4888 0.0337
5.5647 5.3871 5.4888 0.0337
5.5647 5.3871 5.4888 0.0337
5.5647 5.3871 5.4890 0.0336
5.5647 5.3871 5.4891 0.0337
5.5647 5.3871 5.4891 0.0337
5.5647 5.3871 5.4891 0.0337
5.5647 5.3871 5.4891 0.0337
5.5647 5.3871 5.4891 0.0337
5.5647 5.3871 5.4891 0.0337
5.5647 5.3871 5.4891 0.0337
5.5647 5.3871 5.4892 0.0336
5.5647 5.3871 5.4892 0.0336
5.5647 5.3871 5.4892 0.0336
5.5647 5.3871 5.4892 0.0336
5.5647 5.3871 5.4897 0.0338
5.5647 5.3871 5.4897 0.0338
5.5647 5.3871 5.4900 0.0339
5.5647 5.3871 5.4901 0.0339
5.5647 5.3871 5.4901 0.0339
5.5647 5.3871 5.4901 0.0339
5.5647 5.3871 5.4901 0.0339
5.5647 5.3871 5.4901 0.0339
5.5647 5.3871 5.4901 0.0339
5.5647 5.3871 5.4901 0.0339
5.5647 5.3871 5.4901 0.0339
5.5647 5.3871 5.4902 0.0339
5.5647 5.3871 5.4912 0.0327
5.5647 5.3871 5.4912 0.0327
5.5647 5.3871 5.4912 0.0327
5.5647 5.3871 5.4912 0.0327
5.5647 5.3871 5.4917 0.0327
5.5647 5.3871 5.4923 0.0326
5.5647 5.3871 5.4925 0.0326
5.5647 5.3871 5.4926 0.0326
5.5647 5.3871 5.4935 0.0335
5.5647 5.3871 5.4935 0.0335
5.5647 5.3871 5.4935 0.0335
5.5647 5.3871 5.4937 0.0335
5.5647 5.3871 5.4937 0.0335
5.5647 5.3871 5.4952 0.0326
5.5647 5.3871 5.4952 0.0326
5.5647 5.3871 5.4954 0.0327
5.5647 5.3871 5.4956 0.0330
5.5647 5.3871 5.4956 0.0330
5.5647 5.3871 5.4957 0.0330
5.5647 5.3871 5.4960 0.0333
5.5647 5.3871 5.4961 0.0333
5.5647 5.3871 5.4972 0.0319
5.5647 5.3871 5.4972 0.0319
5.5647 5.3871 5.4976 0.0319
5.5647 5.3871 5.4976 0.0319
5.5647 5.3871 5.4983 0.0321
5.5647 5.3871 5.4983 0.0321
5.5647 5.3871 5.4984 0.0321
5.5647 5.3871 5.4984 0.0321
5.5647 5.3871 5.4984 0.0321
5.5647 5.3871 5.4985 0.0321
5.5647 5.3871 5.4993 0.0323
5.5647 5.3871 5.5003 0.0308
5.5647 5.3871 5.5003 0.0308
5.5647 5.3871 5.5003 0.0308
5.5647 5.3871 5.5005 0.0308
5.5647 5.3871 5.5005 0.0308
5.5647 5.3871 5.5005 0.0308
5.5647 5.3871 5.5006 0.0308
5.5647 5.3871 5.5007 0.0307
5.5647 5.3871 5.5009 0.0307
5.5647 5.3871 5.5015 0.0303
5.5647 5.3871 5.5015 0.0303
5.5647 5.3871 5.5022 0.0304
5.5647 5.3871 5.5032 0.0305
5.5647 5.3871 5.5032 0.0305
5.5647 5.3871 5.5032 0.0305
5.5647 5.3871 5.5032 0.0305
5.5647 5.3871 5.5033 0.0304
5.5647 5.3871 5.5033 0.0304
5.5647 5.3871 5.5033 0.0304
5.5647 5.3871 5.5035 0.0305
5.5647 5.3871 5.5035 0.0305
5.5647 5.3871 5.5035 0.0305
5.5647 5.3871 5.5035 0.0305
5.5647 5.3871 5.5039 0.0304
5.5647 5.3871 5.5039 0.0304
5.5647 5.3871 5.5045 0.0304
5.5647 5.3871 5.5045 0.0304
5.5647 5.3871 5.5045 0.0304
5.5647 5.3871 5.5048 0.0306
5.5647 5.3871 5.5048 0.0306
5.5647 5.3871 5.5052 0.0308
5.5647 5.3871 5.5055 0.0310
5.5647 5.3871 5.5056 0.0310
5.5647 5.3871 5.5056 0.0310
5.5647 5.3871 5.5057 0.0310
5.5647 5.3871 5.5057 0.0310
5.5647 5.3871 5.5065 0.0293
5.5647 5.3871 5.5065 0.0293
5.5647 5.3871 5.5065 0.0293
5.5647 5.3871 5.5065 0.0293
5.5647 5.3871 5.5065 0.0293
5.5647 5.3871 5.5069 0.0290
5.5647 5.3871 5.5070 0.0290
5.5647 5.3871 5.5073 0.0291
5.5647 5.3871 5.5073 0.0291
5.5647 5.3871 5.5074 0.0291
5.5647 5.3871 5.5074 0.0291
5.5647 5.3871 5.5078 0.0290
5.5647 5.3871 5.5078 0.0290
5.5647 5.3871 5.5080 0.0291
5.5647 5.3871 5.5080 0.0291
5.5647 5.3871 5.5080 0.0291
5.5647 5.3871 5.5080 0.0291
5.5647 5.3871 5.5080 0.0291
5.5647 5.3871 5.5080 0.0291
5.5647 5.3871 5.5080 0.0292
5.5647 5.3871 5.5084 0.0293
5.5647 5.3871 5.5084 0.0293
5.5647 5.3871 5.5084 0.0293
5.5647 5.3871 5.5084 0.0293
5.5647 5.3871 5.5086 0.0292
5.5647 5.3871 5.5086 0.0292
5.5647 5.3871 5.5086 0.0292
5.5647 5.3871 5.5086 0.0292
5.5647 5.3871 5.5088 0.0291
5.5647 5.3871 5.5088 0.0291
5.5647 5.3871 5.5088 0.0291
5.5647 5.3871 5.5090 0.0291
5.5647 5.3987 5.5102 0.0264
5.5647 5.3987 5.5103 0.0264
5.5647 5.3987 5.5103 0.0264
5.5647 5.3987 5.5104 0.0261
5.5647 5.3987 5.5104 0.0261
5.5647 5.3987 5.5104 0.0261
5.5647 5.3987 5.5104 0.0261
5.5647 5.3987 5.5104 0.0261
5.5647 5.3987 5.5105 0.0262
5.5647 5.3987 5.5108 0.0262
5.5647 5.3987 5.5112 0.0264
5.5647 5.3987 5.5112 0.0264
5.5647 5.3987 5.5112 0.0264
5.5647 5.3987 5.5112 0.0264
5.5647 5.3987 5.5117 0.0264
5.5647 5.3987 5.5118 0.0265
5.5647 5.3987 5.5118 0.0265
5.5647 5.3987 5.5120 0.0265
5.5647 5.3987 5.5120 0.0265
5.5647 5.3987 5.5124 0.0266
5.5647 5.3987 5.5124 0.0266
5.5647 5.3987 5.5124 0.0266
5.5647 5.3987 5.5124 0.0266
5.5647 5.3987 5.5124 0.0266
5.5647 5.3987 5.5124 0.0266
5.5647 5.3987 5.5125 0.0267
5.5647 5.3987 5.5125 0.0267
5.5647 5.3987 5.5126 0.0267
5.5647 5.3987 5.5126 0.0268
5.5647 5.3987 5.5126 0.0268
5.5647 5.3987 5.5127 0.0268
5.5647 5.3987 5.5127 0.0268
5.5647 5.3987 5.5131 0.0267
5.5647 5.3987 5.5131 0.0267
5.5647 5.3987 5.5131 0.0267
5.5647 5.3987 5.5131 0.0267
5.5647 5.3987 5.5131 0.0267
5.5647 5.3987 5.5133 0.0267
5.5647 5.3987 5.5134 0.0267
5.5647 5.4317 5.5145 0.0241
5.5647 5.4317 5.5145 0.0241
5.5647 5.4317 5.5149 0.0238
5.5647 5.4317 5.5149 0.0238
5.5647 5.4317 5.5149 0.0238
5.5647 5.4338 5.5150 0.0235
5.5647 5.4338 5.5150 0.0235
5.5647 5.4338 5.5150 0.0235
5.5647 5.4338 5.5150 0.0235
5.5647 5.4338 5.5151 0.0236
5.5647 5.4338 5.5151 0.0236
5.5647 5.4338 5.5152 0.0236
5.5647 5.4338 5.5155 0.0237
5.5647 5.4338 5.5156 0.0238
5.5647 5.4338 5.5156 0.0238
5.5647 5.4338 5.5156 0.0238
5.5647 5.4338 5.5156 0.0238
5.5647 5.4338 5.5156 0.0238
5.5647 5.4338 5.5160 0.0239
5.5647 5.4338 5.5160 0.0239
5.5647 5.4338 5.5161 0.0241
5.5647 5.4338 5.5165 0.0243
5.5647 5.4338 5.5165 0.0243
5.5647 5.4338 5.5165 0.0243
5.5647 5.4338 5.5165 0.0243
5.5647 5.4338 5.5165 0.0243
5.5647 5.4338 5.5165 0.0243
5.5647 5.4338 5.5165 0.0243
5.5647 5.4338 5.5165 0.0243
5.5647 5.4338 5.5165 0.0243
5.5647 5.4338 5.5166 0.0244
5.5647 5.4338 5.5168 0.0247
5.5647 5.4338 5.5168 0.0247
5.5647 5.4338 5.5169 0.0246
5.5647 5.4338 5.5169 0.0246
5.5647 5.4338 5.5170 0.0246
5.5647 5.4338 5.5175 0.0245
5.5647 5.4338 5.5176 0.0245
5.5647 5.4338 5.5176 0.0245
5.5647 5.4338 5.5177 0.0245
5.5647 5.4338 5.5177 0.0245
5.5647 5.4338 5.5181 0.0242
5.5647 5.4338 5.5183 0.0243
5.5647 5.4338 5.5187 0.0245
5.5647 5.4338 5.5187 0.0245
5.5647 5.4338 5.5187 0.0245
5.5647 5.4338 5.5187 0.0245
5.5647 5.4338 5.5191 0.0246
5.5647 5.4338 5.5191 0.0246
5.5647 5.4338 5.5191 0.0246
5.5647 5.4338 5.5192 0.0246
5.5647 5.4338 5.5194 0.0244
5.5647 5.4338 5.5195 0.0244
5.5647 5.4338 5.5195 0.0244
5.5647 5.4338 5.5195 0.0244
5.5647 5.4338 5.5195 0.0244
5.5647 5.4338 5.5195 0.0244
5.5647 5.4338 5.5195 0.0244
5.5647 5.4338 5.5195 0.0244
5.5647 5.4338 5.5195 0.0244
5.5647 5.4338 5.5197 0.0244
5.5647 5.4338 5.5197 0.0244
5.5647 5.4338 5.5198 0.0244
5.5647 5.4338 5.5203 0.0242
5.5647 5.4338 5.5210 0.0245
5.5647 5.4338 5.5210 0.0245
5.5647 5.4338 5.5212 0.0245
5.5647 5.4338 5.5212 0.0245
5.5647 5.4338 5.5212 0.0245
5.5647 5.4338 5.5212 0.0245
5.5647 5.4338 5.5212 0.0245
5.5647 5.4338 5.5213 0.0243
5.5647 5.4338 5.5218 0.0246
5.5647 5.4338 5.5220 0.0246
5.5647 5.4338 5.5220 0.0246
5.5647 5.4338 5.5220 0.0246
5.5647 5.4338 5.5226 0.0246
5.5647 5.4338 5.5226 0.0246
5.5647 5.4338 5.5226 0.0246
5.5647 5.4338 5.5226 0.0246
5.5647 5.4338 5.5226 0.0246
5.5647 5.4338 5.5226 0.0246
5.5647 5.4338 5.5226 0.0246
5.5647 5.4338 5.5229 0.0248
5.5647 5.4338 5.5232 0.0247
5.5647 5.4338 5.5233 0.0247
5.5647 5.4338 5.5235 0.0245
5.5647 5.4338 5.5240 0.0242
5.5647 5.4338 5.5240 0.0242
5.5647 5.4338 5.5240 0.0242
5.5647 5.4338 5.5240 0.0242
5.5647 5.4338 5.5240 0.0242
5.5647 5.4338 5.5240 0.0242
5.5647 5.4338 5.5240 0.0242
5.5647 5.4338 5.5240 0.0242
5.5647 5.4338 5.5240 0.0242
5.5647 5.4338 5.5242 0.0241
5.5647 5.4338 5.5242 0.0241
5.5647 5.4338 5.5249 0.0227
5.5647 5.4338 5.5250 0.0228
5.5647 5.4338 5.5250 0.0228
5.5647 5.4338 5.5251 0.0228
5.5647 5.4338 5.5251 0.0228
5.5647 5.4338 5.5252 0.0227
5.5647 5.4338 5.5252 0.0227
5.5647 5.4338 5.5252 0.0227
5.5647 5.4338 5.5254 0.0227
5.5647 5.4338 5.5254 0.0227
5.5647 5.4338 5.5254 0.0227
5.5647 5.4338 5.5254 0.0227
5.5647 5.4338 5.5254 0.0227
5.5647 5.4338 5.5254 0.0227
5.5647 5.4338 5.5255 0.0228
5.5647 5.4338 5.5255 0.0228
5.5647 5.4338 5.5256 0.0227
5.5647 5.4338 5.5256 0.0227
5.5647 5.4338 5.5256 0.0227
5.5647 5.4338 5.5256 0.0227
5.5647 5.4338 5.5257 0.0228
5.5647 5.4338 5.5258 0.0230
5.5647 5.4338 5.5258 0.0230
5.5647 5.4338 5.5259 0.0230
5.5647 5.4338 5.5259 0.0230
5.5647 5.4338 5.5259 0.0230
5.5647 5.4338 5.5259 0.0230
5.5647 5.4338 5.5259 0.0230
5.5647 5.4338 5.5259 0.0230
5.5647 5.4338 5.5259 0.0230
5.5647 5.4338 5.5259 0.0230
5.5647 5.4338 5.5260 0.0230
5.5647 5.4338 5.5261 0.0228
5.5647 5.4338 5.5267 0.0231
5.5647 5.4338 5.5267 0.0231
5.5647 5.4338 5.5267 0.0232
5.5647 5.4338 5.5274 0.0225
5.5647 5.4338 5.5274 0.0225
5.5647 5.4338 5.5276 0.0225
5.5647 5.4338 5.5276 0.0225
5.5647 5.4338 5.5278 0.0226
5.5647 5.4338 5.5278 0.0226
5.5647 5.4338 5.5279 0.0227
5.5647 5.4338 5.5280 0.0227
5.5647 5.4338 5.5282 0.0225
5.5647 5.4338 5.5285 0.0226
5.5647 5.4338 5.5289 0.0226
5.5647 5.4338 5.5289 0.0226
5.5647 5.4338 5.5291 0.0225
5.5647 5.4338 5.5293 0.0225
5.5647 5.4338 5.5293 0.0225
5.5647 5.4338 5.5294 0.0223
5.5647 5.4338 5.5294 0.0223
5.5647 5.4338 5.5294 0.0223
5.5647 5.4338 5.5294 0.0223
5.5647 5.4338 5.5295 0.0224
5.5647 5.4338 5.5295 0.0224
5.5647 5.4338 5.5295 0.0224
5.5647 5.4338 5.5295 0.0224
5.5647 5.4338 5.5295 0.0224
5.5647 5.4338 5.5299 0.0224
5.5647 5.4338 5.5299 0.0224
5.5647 5.4338 5.5302 0.0223
5.5647 5.4338 5.5302 0.0223
5.5647 5.4338 5.5305 0.0222
5.5647 5.4338 5.5305 0.0222
5.5647 5.4338 5.5305 0.0222
5.5647 5.4338 5.5305 0.0222
5.5647 5.4338 5.5312 0.0213
5.5647 5.4338 5.5314 0.0211
5.5647 5.4338 5.5314 0.0211
5.5647 5.4338 5.5315 0.0212
5.5647 5.4338 5.5318 0.0212
5.5647 5.4338 5.5318 0.0212
5.5647 5.4338 5.5323 0.0213
5.5647 5.4338 5.5324 0.0214
5.5647 5.4338 5.5324 0.0214
5.5647 5.4338 5.5326 0.0212
5.5647 5.4338 5.5326 0.0212
5.5647 5.4338 5.5328 0.0212
5.5647 5.4338 5.5328 0.0212
5.5647 5.4338 5.5328 0.0212
5.5647 5.4338 5.5328 0.0212
5.5647 5.4338 5.5328 0.0212
5.5647 5.4338 5.5328 0.0212
5.5647 5.4338 5.5328 0.0212
5.5647 5.4338 5.5334 0.0212
5.5647 5.4338 5.5337 0.0211
5.5647 5.4338 5.5340 0.0211
5.5647 5.4338 5.5340 0.0211
5.5647 5.4338 5.5344 0.0210
5.5647 5.4338 5.5346 0.0209
5.5647 5.4338 5.5349 0.0209
5.5647 5.4338 5.5352 0.0211
5.5647 5.4338 5.5354 0.0210
5.5647 5.4338 5.5354 0.0210
5.5647 5.4338 5.5357 0.0209
5.5647 5.4338 5.5357 0.0209
5.5647 5.4338 5.5360 0.0211
5.5647 5.4338 5.5361 0.0212
5.5647 5.4338 5.5362 0.0212
5.5647 5.4338 5.5362 0.0212
5.5647 5.4338 5.5362 0.0212
5.5647 5.4338 5.5365 0.0214
5.5647 5.4338 5.5365 0.0214
5.5647 5.4338 5.5365 0.0214
5.5647 5.4338 5.5365 0.0214
5.5647 5.4338 5.5365 0.0214
5.5647 5.4338 5.5365 0.0214
5.5647 5.4338 5.5365 0.0214
5.5647 5.4338 5.5367 0.0213
5.5647 5.4338 5.5367 0.0213
5.5647 5.4338 5.5367 0.0213
5.5647 5.4338 5.5367 0.0213
5.5647 5.4338 5.5367 0.0213
5.5647 5.4338 5.5367 0.0213
5.5647 5.4338 5.5367 0.0213
5.5647 5.4338 5.5367 0.0213
5.5647 5.4338 5.5369 0.0212
5.6195 5.4338 5.5377 0.0228
5.6195 5.4338 5.5377 0.0228
5.6195 5.4338 5.5377 0.0228
5.6195 5.4338 5.5377 0.0228
5.6195 5.4338 5.5385 0.0242
5.6195 5.4338 5.5385 0.0242
5.6195 5.4338 5.5385 0.0242
5.6195 5.4338 5.5385 0.0242
5.6195 5.4338 5.5385 0.0242
5.6195 5.4338 5.5385 0.0242
5.6195 5.4338 5.5385 0.0242
5.6195 5.4338 5.5388 0.0241
5.6195 5.4338 5.5388 0.0241
5.6195 5.4338 5.5388 0.0241
5.6195 5.4338 5.5392 0.0239
5.6195 5.4338 5.5393 0.0239
5.6195 5.4338 5.5397 0.0240
5.6195 5.4338 5.5398 0.0240
5.6195 5.4338 5.5401 0.0242
5.6195 5.4338 5.5401 0.0242
5.6195 5.4338 5.5401 0.0242
5.6195 5.4338 5.5401 0.0242
5.6195 5.4338 5.5401 0.0242
5.6195 5.4338 5.5401 0.0242
5.6195 5.4338 5.5403 0.0241
5.6195 5.4338 5.5403 0.0241
5.6195 5.4338 5.5403 0.0241
5.6195 5.4338 5.5403 0.0241
5.6195 5.4338 5.5403 0.0241
5.6195 5.4338 5.5403 0.0241
5.6195 5.4338 5.5403 0.0241
5.6195 5.4338 5.5403 0.0241
5.6195 5.4338 5.5403 0.0241
5.6195 5.4338 5.5403 0.0241
5.6195 5.4338 5.5403 0.0241
5.6195 5.4338 5.5404 0.0241
5.6195 5.4338 5.5404 0.0241
5.6195 5.4338 5.5410 0.0240
5.6195 5.4338 5.5411 0.0240
5.6195 5.4338 5.5411 0.0240
5.6195 5.4338 5.5411 0.0240
5.6195 5.4338 5.5413 0.0242
5.6195 5.4338 5.5414 0.0242
5.6195 5.4338 5.5416 0.0243
5.6195 5.4338 5.5416 0.0243
5.6195 5.4338 5.5417 0.0242
5.6195 5.4338 5.5417 0.0242
5.6195 5.4338 5.5417 0.0242
5.6195 5.4338 5.5419 0.0243
5.6195 5.4338 5.5419 0.0243
5.6195 5.4540 5.5430 0.0217
5.6195 5.4540 5.5431 0.0217
5.6195 5.4540 5.5431 0.0217
5.6195 5.4540 5.5431 0.0217
5.6195 5.4540 5.5431 0.0217
5.6195 5.4540 5.5432 0.0218
5.6195 5.4540 5.5432 0.0218
5.6195 5.4540 5.5432 0.0218
5.6195 5.4540 5.5432 0.0217
5.6195 5.4540 5.5432 0.0217
5.6195 5.4540 5.5434 0.0217
5.6195 5.4540 5.5434 0.0217
5.6195 5.4540 5.5434 0.0217
5.6195 5.4540 5.5434 0.0217
5.6195 5.4540 5.5434 0.0217
5.6195 5.4540 5.5435 0.0217
5.6195 5.4540 5.5435 0.0217
5.6195 5.4540 5.5439 0.0218
5.6195 5.4540 5.5439 0.0218
5.6195 5.4540 5.5440 0.0218
5.6195 5.4540 5.5441 0.0218
5.6195 5.4540 5.5441 0.0218
5.6195 5.4540 5.5444 0.0217
5.6195 5.4540 5.5446 0.0218
5.6195 5.4540 5.5446 0.0218
5.6195 5.4540 5.5450 0.0216
5.6195 5.4540 5.5451 0.0216
5.6195 5.4540 5.5451 0.0216
5.6195 5.4540 5.5452 0.0216
5.6195 5.4540 5.5452 0.0216
5.6195 5.4540 5.5452 0.0216
5.6195 5.4540 5.5455 0.0215
5.6195 5.4540 5.5458 0.0220
5.6195 5.4540 5.5459 0.0220
5.6195 5.4540 5.5459 0.0220
5.6195 5.4540 5.5459 0.0220
5.6195 5.4540 5.5460 0.0220
5.6195 5.4540 5.5460 0.0220
5.6195 5.4540 5.5460 0.0220
5.6195 5.4540 5.5460 0.0220
5.6195 5.4540 5.5460 0.0220
5.6195 5.4540 5.5469 0.0231
5.6195 5.4540 5.5469 0.0231
5.6195 5.4540 5.5469 0.0231
5.6195 5.4540 5.5469 0.0231
5.6195 5.4540 5.5470 0.0232
5.6195 5.4540 5.5476 0.0229
5.6195 5.4540 5.5476 0.0229
5.6195 5.4540 5.5478 0.0230
5.6195 5.4540 5.5480 0.0231
5.6195 5.4540 5.5480 0.0231
5.6195 5.4540 5.5482 0.0231
5.6195 5.4540 5.5483 0.0232
5.6195 5.4540 5.5485 0.0232
5.6195 5.4540 5.5490 0.0236
5.6195 5.4540 5.5490 0.0236
5.6195 5.4540 5.5494 0.0235
5.6195 5.4540 5.5497 0.0238
5.6195 5.4540 5.5503 0.0232
5.6195 5.4540 5.5506 0.0233
5.6195 5.4540 5.5509 0.0229
5.6195 5.4540 5.5509 0.0229
5.6195 5.4540 5.5509 0.0229
5.6195 5.4540 5.5509 0.0229
5.6195 5.4540 5.5509 0.0229
5.6195 5.4540 5.5512 0.0230
5.6195 5.4540 5.5512 0.0230
5.6195 5.4540 5.5512 0.0230
5.6195 5.4540 5.5514 0.0230
5.6195 5.4540 5.5514 0.0230
5.6195 5.4540 5.5514 0.0231
5.6195 5.4540 5.5514 0.0231
5.6195 5.4540 5.5517 0.0228
5.6195 5.4540 5.5517 0.0228
5.6195 5.4540 5.5517 0.0228
5.6195 5.4540 5.5517 0.0228
5.6195 5.4540 5.5517 0.0228
5.6195 5.4540 5.5517 0.0228
5.6195 5.4540 5.5518 0.0227
5.6195 5.4540 5.5518 0.0227
5.6195 5.4540 5.5518 0.0227
5.6195 5.4540 5.5518 0.0227
5.6195 5.4540 5.5523 0.0221
5.6195 5.4540 5.5523 0.0221
5.6195 5.4540 5.5523 0.0221
5.6195 5.4540 5.5523 0.0221
5.6195 5.4540 5.5525 0.0221
5.6195 5.4540 5.5525 0.0221
5.6195 5.4540 5.5525 0.0221
5.6195 5.4540 5.5525 0.0221
5.6195 5.4540 5.5527 0.0222
5.6195 5.4540 5.5529 0.0226
5.6195 5.4540 5.5529 0.0226
5.6195 5.4540 5.5529 0.0226
5.6195 5.4540 5.5530 0.0226
5.6195 5.4540 5.5530 0.0226
5.6195 5.4540 5.5530 0.0226
5.6195 5.4540 5.5530 0.0226
5.6195 5.4540 5.5530 0.0226
5.6195 5.4540 5.5530 0.0226
5.6195 5.4540 5.5532 0.0227
5.6195 5.4540 5.5532 0.0227
5.6195 5.4540 5.5532 0.0227
5.6195 5.4540 5.5532 0.0227
5.6195 5.4540 5.5532 0.0227
5.6195 5.4540 5.5532 0.0227
5.6195 5.4540 5.5533 0.0227
5.6195 5.4540 5.5533 0.0227
5.6195 5.4540 5.5535 0.0227
5.6195 5.4540 5.5535 0.0227
5.6195 5.4540 5.5535 0.0227
5.6195 5.4540 5.5535 0.0227
5.6195 5.4540 5.5535 0.0227
5.6195 5.4540 5.5538 0.0227
5.6195 5.4540 5.5538 0.0227
5.6195 5.4540 5.5538 0.0227
5.6195 5.4540 5.5541 0.0226
5.6195 5.4540 5.5541 0.0226
5.6195 5.4540 5.5541 0.0226
5.6195 5.4540 5.5541 0.0226
5.6195 5.4540 5.5541 0.0226
5.6195 5.4540 5.5547 0.0225
5.6195 5.4540 5.5547 0.0225
5.6195 5.4540 5.5549 0.0225
5.6195 5.4540 5.5549 0.0225
5.6195 5.4540 5.5549 0.0225
5.6195 5.4540 5.5549 0.0225
5.6195 5.4540 5.5549 0.0225
5.6195 5.4540 5.5549 0.0225
5.6195 5.4540 5.5549 0.0225
5.6195 5.4540 5.5549 0.0225
5.6195 5.4540 5.5549 0.0225
5.6195 5.4540 5.5549 0.0225
5.6195 5.4540 5.5549 0.0225
5.6195 5.4540 5.5550 0.0225
5.6195 5.4540 5.5550 0.0225
5.6195 5.4540 5.5550 0.0225
5.6195 5.4540 5.5550 0.0225
5.6195 5.4929 5.5560 0.0201
5.6195 5.4929 5.5560 0.0201
5.6195 5.4929 5.5560 0.0201
5.6195 5.4929 5.5560 0.0201
5.6195 5.4929 5.5562 0.0198
5.6195 5.4929 5.5562 0.0198
5.6195 5.4929 5.5562 0.0198
5.6195 5.4929 5.5562 0.0198
5.6195 5.4929 5.5562 0.0198
5.6195 5.4929 5.5562 0.0198
5.6195 5.4929 5.5562 0.0199
5.6195 5.4929 5.5563 0.0200
5.6195 5.4929 5.5563 0.0200
5.6195 5.4929 5.5563 0.0199
5.6195 5.4929 5.5563 0.0199
5.6195 5.4929 5.5563 0.0199
5.6195 5.4929 5.5563 0.0199
5.6195 5.4929 5.5563 0.0199
5.6195 5.4929 5.5566 0.0195
5.6195 5.4929 5.5566 0.0195
5.6195 5.4929 5.5566 0.0195
5.6195 5.4929 5.5567 0.0195
5.6195 5.4929 5.5571 0.0196
5.6195 5.4929 5.5571 0.0196
5.6195 5.4929 5.5574 0.0196
5.6195 5.4929 5.5574 0.0196
5.6195 5.4929 5.5574 0.0196
5.6195 5.4929 5.5578 0.0190
5.6195 5.4929 5.5578 0.0190
5.6195 5.4929 5.5578 0.0190
5.6195 5.4929 5.5579 0.0189
5.6195 5.4929 5.5579 0.0189
5.6195 5.4929 5.5579 0.0189
5.6195 5.4929 5.5579 0.0189
5.6195 5.4929 5.5580 0.0189
5.6195 5.4929 5.5580 0.0189
5.6195 5.4929 5.5585 0.0195
5.6195 5.4929 5.5587 0.0198
5.6195 5.4929 5.5590 0.0201
5.6195 5.4929 5.5590 0.0201
5.6195 5.4929 5.5593 0.0199
5.6195 5.4929 5.5593 0.0199
5.6195 5.4929 5.5593 0.0199
5.6195 5.4929 5.5593 0.0199
5.6195 5.4929 5.5595 0.0199
5.6195 5.4929 5.5595 0.0199
5.6195 5.4929 5.5598 0.0201
5.6195 5.4929 5.5598 0.0201
5.6195 5.4929 5.5601 0.0201
5.6195 5.4929 5.5601 0.0201
5.6195 5.4929 5.5603 0.0201
5.6195 5.4929 5.5603 0.0201
5.6195 5.4929 5.5603 0.0201
5.6195 5.4929 5.5603 0.0201
5.6195 5.4929 5.5603 0.0201
5.6195 5.4929 5.5603 0.0201
5.6195 5.4929 5.5604 0.0201
5.6195 5.4929 5.5604 0.0201
5.6195 5.4929 5.5604 0.0201
5.6195 5.4929 5.5607 0.0200
5.6195 5.4929 5.5607 0.0200
5.6195 5.4929 5.5608 0.0200
5.6195 5.4929 5.5608 0.0200
5.6195 5.4929 5.5608 0.0200
5.6195 5.4929 5.5608 0.0200
5.6195 5.4929 5.5608 0.0200
5.6195 5.4929 5.5608 0.0200
5.6195 5.4929 5.5608 0.0200
5.6195 5.4929 5.5608 0.0200
5.6195 5.4929 5.5608 0.0200
5.6195 5.4929 5.5608 0.0200
5.6195 5.4929 5.5608 0.0200
5.6195 5.4929 5.5608 0.0200
5.6195 5.4929 5.5608 0.0199
5.6195 5.4929 5.5609 0.0199
5.6195 5.4929 5.5612 0.0200
5.6195 5.4929 5.5612 0.0200
5.6195 5.4929 5.5615 0.0199
5.6195 5.4929 5.5616 0.0199
5.6195 5.4929 5.5616 0.0199
5.6195 5.4929 5.5616 0.0199
5.6195 5.4929 5.5616 0.0199
5.6195 5.4929 5.5616 0.0199
5.6195 5.4929 5.5616 0.0199
5.6195 5.4929 5.5616 0.0199
5.6195 5.4929 5.5616 0.0199
5.6195 5.5140 5.5625 0.0187
5.6195 5.5140 5.5625 0.0187
5.6195 5.5140 5.5625 0.0187
5.6195 5.5140 5.5629 0.0185
5.6195 5.5140 5.5629 0.0185
5.6195 5.5140 5.5629 0.0185
5.6195 5.5140 5.5629 0.0185
5.6195 5.5140 5.5630 0.0185
5.6195 5.5140 5.5630 0.0185
5.6195 5.5140 5.5630 0.0185
5.6195 5.5140 5.5630 0.0185
5.6195 5.5140 5.5632 0.0187
5.6195 5.5140 5.5632 0.0187
5.6195 5.5140 5.5632 0.0187
5.6195 5.5140 5.5632 0.0187
5.6195 5.5140 5.5632 0.0187
5.6195 5.5140 5.5632 0.0187
5.6195 5.5140 5.5632 0.0187
5.6195 5.5140 5.5632 0.0187
5.6195 5.5140 5.5632 0.0187
5.6195 5.5140 5.5632 0.0187
5.6195 5.5140 5.5632 0.0187
5.6195 5.5140 5.5632 0.0187
5.6195 5.5140 5.5632 0.0187
5.6195 5.5140 5.5632 0.0187
5.6195 5.5140 5.5632 0.0187
5.6195 5.5252 5.5640 0.0182
5.6195 5.5252 5.5640 0.0182
5.6195 5.5252 5.5640 0.0182
5.6195 5.5252 5.5640 0.0182
5.6195 5.5252 5.5644 0.0182
5.6195 5.5252 5.5644 0.0182
5.6195 5.5252 5.5644 0.0182
5.6195 5.5252 5.5644 0.0182
5.6195 5.5252 5.5644 0.0182
5.6195 5.5252 5.5648 0.0182
5.6195 5.5252 5.5648 0.0182
5.6195 5.5252 5.5649 0.0182
5.6195 5.5252 5.5649 0.0182
5.6195 5.5252 5.5651 0.0181
5.6195 5.5252 5.5651 0.0181
5.6195 5.5252 5.5651 0.0181
5.6195 5.5252 5.5651 0.0181
5.6195 5.5252 5.5651 0.0181
5.6195 5.5252 5.5651 0.0181
5.6195 5.5252 5.5652 0.0181
5.6195 5.5252 5.5652 0.0181
5.6195 5.5252 5.5654 0.0180
5.6195 5.5252 5.5654 0.0180
5.6195 5.5252 5.5659 0.0181
5.6195 5.5252 5.5662 0.0182
5.6195 5.5252 5.5662 0.0182
5.6195 5.5252 5.5662 0.0182
5.6290 5.5252 5.5669 0.0192
5.6290 5.5252 5.5671 0.0192
5.6290 5.5252 5.5672 0.0191
5.6290 5.5252 5.5674 0.0192
5.6290 5.5252 5.5674 0.0192
5.6290 5.5252 5.5674 0.0192
5.6290 5.5252 5.5674 0.0192
5.6290 5.5252 5.5676 0.0194
5.6290 5.5252 5.5681 0.0197
5.6290 5.5252 5.5681 0.0197
5.6290 5.5252 5.5683 0.0197
5.6290 5.5252 5.5683 0.0197
5.6290 5.5252 5.5683 0.0197
5.6290 5.5252 5.5683 0.0197
5.6290 5.5252 5.5683 0.0197
5.6290 5.5252 5.5683 0.0197
5.6290 5.5252 5.5683 0.0197
5.6290 5.5252 5.5683 0.0197
5.6290 5.5252 5.5683 0.0197
5.6290 5.5252 5.5685 0.0198
5.6290 5.5252 5.5690 0.0201
5.6290 5.5252 5.5690 0.0201
5.6290 5.5252 5.5690 0.0201
5.6290 5.5252 5.5690 0.0201
5.6290 5.5252 5.5690 0.0201
5.6290 5.5252 5.5692 0.0200
5.6290 5.5252 5.5694 0.0198
5.6290 5.5252 5.5700 0.0203
5.6290 5.5252 5.5702 0.0204
5.6290 5.5252 5.5706 0.0204
5.6290 5.5252 5.5706 0.0204
5.6290 5.5252 5.5706 0.0204
5.6290 5.5252 5.5707 0.0204
5.6290 5.5252 5.5707 0.0204
5.6290 5.5252 5.5707 0.0204
5.6290 5.5252 5.5707 0.0204
5.6290 5.5252 5.5707 0.0203
5.6290 5.5252 5.5707 0.0203
5.6290 5.5252 5.5707 0.0203
5.6290 5.5252 5.5707 0.0203
5.6290 5.5252 5.5707 0.0203
5.6290 5.5252 5.5707 0.0203
5.6290 5.5252 5.5707 0.0203
5.6290 5.5252 5.5707 0.0204
5.6290 5.5252 5.5707 0.0204
5.6290 5.5252 5.5707 0.0204
5.6290 5.5252 5.5707 0.0204
5.6290 5.5252 5.5707 0.0204
5.6290 5.5252 5.5709 0.0206
5.6290 5.5252 5.5709 0.0205
5.6290 5.5252 5.5712 0.0206
5.6290 5.5252 5.5712 0.0206
5.6290 5.5252 5.5712 0.0206
5.6290 5.5252 5.5716 0.0213
5.6290 5.5252 5.5716 0.0213
5.6290 5.5252 5.5716 0.0212
5.6290 5.5252 5.5720 0.0214
5.6290 5.5252 5.5720 0.0214
5.6290 5.5252 5.5724 0.0219
5.6290 5.5252 5.5724 0.0219
5.6290 5.5252 5.5725 0.0220
5.6290 5.5252 5.5725 0.0220
5.6290 5.5252 5.5725 0.0220
5.6290 5.5252 5.5725 0.0220
5.6290 5.5252 5.5725 0.0220
5.6290 5.5252 5.5725 0.0220
5.6290 5.5323 5.5729 0.0215
5.6290 5.5323 5.5731 0.0215
5.6290 5.5323 5.5735 0.0217
5.6290 5.5323 5.5735 0.0217
5.6290 5.5323 5.5737 0.0219
5.6290 5.5323 5.5740 0.0217
5.6290 5.5323 5.5742 0.0218
5.6290 5.5323 5.5746 0.0220
5.6290 5.5323 5.5749 0.0220
5.6290 5.5323 5.5749 0.0220
5.6290 5.5323 5.5752 0.0221
5.6290 5.5323 5.5755 0.0224
5.6290 5.5323 5.5755 0.0224
5.6290 5.5323 5.5755 0.0224
5.6290 5.5323 5.5755 0.0223
5.6290 5.5323 5.5757 0.0221
5.6290 5.5323 5.5757 0.0221
5.6290 5.5323 5.5757 0.0221
5.6290 5.5323 5.5761 0.0222
5.6290 5.5323 5.5761 0.0222
5.6290 5.5323 5.5763 0.0222
5.6290 5.5323 5.5763 0.0222
5.6290 5.5323 5.5763 0.0222
5.6290 5.5323 5.5763 0.0222
5.6290 5.5323 5.5765 0.0221
5.6290 5.5323 5.5765 0.0221
5.6290 5.5323 5.5765 0.0221
5.6290 5.5323 5.5765 0.0221
5.6290 5.5323 5.5768 0.0220
5.6290 5.5323 5.5771 0.0222
5.6290 5.5323 5.5771 0.0222
5.6290 5.5323 5.5771 0.0222
5.6290 5.5323 5.5774 0.0222
5.6290 5.5323 5.5774 0.0222
5.6290 5.5323 5.5778 0.0224
5.6290 5.5323 5.5778 0.0224
5.6290 5.5323 5.5779 0.0224
5.6290 5.5323 5.5783 0.0227
5.6290 5.5323 5.5783 0.0227
5.6290 5.5323 5.5783 0.0227
5.6290 5.5323 5.5783 0.0227
5.6290 5.5323 5.5784 0.0225
5.6290 5.5323 5.5784 0.0225
5.6290 5.5323 5.5784 0.0225
5.6290 5.5323 5.5785 0.0225
5.6290 5.5323 5.5786 0.0224
5.6290 5.5323 5.5786 0.0224
5.6290 5.5323 5.5786 0.0224
5.6290 5.5323 5.5786 0.0224
5.6290 5.5323 5.5790 0.0225
5.6290 5.5323 5.5790 0.0225
5.6290 5.5323 5.5790 0.0225
5.6290 5.5323 5.5790 0.0225
5.6290 5.5323 5.5796 0.0227
5.6290 5.5323 5.5796 0.0227
5.6290 5.5323 5.5796 0.0227
5.6290 5.5323 5.5796 0.0227
5.6290 5.5323 5.5796 0.0227
5.6290 5.5323 5.5797 0.0225
5.6290 5.5323 5.5797 0.0225
5.6290 5.5323 5.5797 0.0225
5.6290 5.5323 5.5799 0.0223
5.6290 5.5323 5.5801 0.0220
5.6290 5.5323 5.5803 0.0220
5.6290 5.5323 5.5803 0.0220
5.6290 5.5323 5.5803 0.0220
5.6290 5.5323 5.5806 0.0220
5.6290 5.5323 5.5806 0.0220
5.6290 5.5323 5.5807 0.0222
5.6290 5.5323 5.5810 0.0221
5.6290 5.5323 5.5811 0.0221
5.6290 5.5323 5.5813 0.0223
5.6290 5.5323 5.5813 0.0223
5.6290 5.5323 5.5816 0.0223
5.6290 5.5323 5.5816 0.0223
5.6290 5.5323 5.5816 0.0223
5.6290 5.5323 5.5816 0.0223
5.6290 5.5323 5.5819 0.0225
5.6290 5.5323 5.5822 0.0224
5.6290 5.5323 5.5824 0.0224
5.6290 5.5323 5.5824 0.0224
5.6290 5.5323 5.5824 0.0224
5.6290 5.5323 5.5824 0.0224
5.6290 5.5363 5.5825 0.0221
5.6290 5.5363 5.5825 0.0221
5.6290 5.5363 5.5828 0.0220
5.6290 5.5363 5.5828 0.0220
5.6290 5.5363 5.5830 0.0220
5.6290 5.5363 5.5830 0.0220
5.6290 5.5453 5.5832 0.0216
5.6290 5.5453 5.5832 0.0216
5.6290 5.5453 5.5832 0.0216
5.6290 5.5453 5.5836 0.0219
5.6290 5.5453 5.5841 0.0216
5.6290 5.5453 5.5841 0.0216
5.6290 5.5453 5.5841 0.0216
5.6290 5.5453 5.5842 0.0214
5.6290 5.5453 5.5844 0.0215
5.6290 5.5453 5.5845 0.0215
5.6290 5.5453 5.5848 0.0215
5.6290 5.5453 5.5848 0.0215
5.6290 5.5453 5.5848 0.0215
5.6290 5.5453 5.5849 0.0215
5.6290 5.5453 5.5849 0.0215
5.6290 5.5453 5.5849 0.0215
5.6290 5.5453 5.5850 0.0215
5.6290 5.5453 5.5850 0.0215
5.6290 5.5453 5.5851 0.0217
5.6290 5.5453 5.5852 0.0217
5.6290 5.5453 5.5852 0.0217
5.6290 5.5453 5.5855 0.0220
5.6290 5.5453 5.5855 0.0220
5.6290 5.5453 5.5856 0.0220
5.6290 5.5453 5.5856 0.0220
5.6290 5.5453 5.5858 0.0220
5.6290 5.5453 5.5858 0.0220
5.6290 5.5453 5.5860 0.0222
5.6290 5.5453 5.5862 0.0224
5.6290 5.5453 5.5862 0.0224
5.6290 5.5453 5.5863 0.0224
5.6290 5.5453 5.5863 0.0224
5.6290 5.5453 5.5863 0.0224
5.6290 5.5453 5.5867 0.0223
5.6290 5.5453 5.5873 0.0221
5.6290 5.5453 5.5873 0.0221
5.6290 5.5453 5.5874 0.0222
5.6290 5.5453 5.5874 0.0222
5.6290 5.5453 5.5874 0.0222
5.6290 5.5453 5.5874 0.0222
5.6290 5.5453 5.5880 0.0223
5.6290 5.5453 5.5880 0.0223
5.6290 5.5453 5.5880 0.0223
5.6290 5.5453 5.5886 0.0224
5.6290 5.5453 5.5886 0.0224
5.6290 5.5453 5.5886 0.0224
5.6290 5.5453 5.5888 0.0226
5.6290 5.5453 5.5893 0.0227
5.6290 5.5453 5.5895 0.0225
5.6290 5.5453 5.5895 0.0225
5.6290 5.5453 5.5895 0.0225
5.6290 5.5453 5.5897 0.0225
5.6290 5.5453 5.5897 0.0225
5.6290 5.5453 5.5897 0.0225
5.6290 5.5453 5.5897 0.0224
5.6290 5.5453 5.5897 0.0224
5.6290 5.5453 5.5903 0.0225
5.6290 5.5453 5.5903 0.0225
5.6290 5.5453 5.5903 0.0225
5.6290 5.5453 5.5904 0.0225
5.6290 5.5453 5.5904 0.0225
5.6290 5.5453 5.5904 0.0225
5.6290 5.5453 5.5904 0.0225
5.6290 5.5453 5.5904 0.0225
5.6290 5.5453 5.5904 0.0225
5.6382 5.5453 5.5905 0.0227
5.6382 5.5453 5.5905 0.0227
5.6382 5.5453 5.5905 0.0227
5.6382 5.5453 5.5910 0.0227
5.6382 5.5453 5.5916 0.0227
5.6382 5.5453 5.5916 0.0227
5.6382 5.5453 5.5916 0.0227
5.6382 5.5453 5.5916 0.0227
5.6382 5.5453 5.5920 0.0231
5.6382 5.5453 5.5920 0.0231
5.6382 5.5453 5.5920 0.0231
5.6382 5.5453 5.5920 0.0231
5.6382 5.5453 5.5920 0.0231
5.6382 5.5453 5.5921 0.0230
5.6382 5.5453 5.5927 0.0229
5.6382 5.5453 5.5927 0.0229
5.6382 5.5453 5.5929 0.0230
5.6382 5.5453 5.5930 0.0231
5.6382 5.5453 5.5934 0.0228
5.6382 5.5453 5.5934 0.0228
5.6382 5.5453 5.5938 0.0228
5.6382 5.5453 5.5938 0.0228
5.6382 5.5453 5.5940 0.0226
5.6382 5.5453 5.5940 0.0226
5.6382 5.5453 5.5943 0.0224
5.6382 5.5453 5.5943 0.0224
5.6382 5.5453 5.5943 0.0224
5.6382 5.5453 5.5943 0.0224
5.6382 5.5453 5.5947 0.0220
5.6382 5.5453 5.5947 0.0220
5.6382 5.5453 5.5947 0.0220
5.6382 5.5453 5.5950 0.0218
5.6382 5.5453 5.5950 0.0218
5.6387 5.5453 5.5953 0.0223
5.6387 5.5453 5.5953 0.0223
5.6387 5.5453 5.5953 0.0223
5.6387 5.5453 5.5956 0.0220
5.6387 5.5453 5.5959 0.0221
5.6387 5.5453 5.5960 0.0221
5.6387 5.5453 5.5961 0.0221
5.6450 5.5453 5.5969 0.0223
5.6450 5.5453 5.5969 0.0223
5.6450 5.5453 5.5969 0.0223
5.6450 5.5453 5.5970 0.0223
5.6450 5.5453 5.5970 0.0223
5.6450 5.5453 5.5971 0.0224
5.6450 5.5453 5.5973 0.0220
5.6450 5.5453 5.5975 0.0221
5.6450 5.5453 5.5975 0.0221
5.6450 5.5453 5.5975 0.0221
5.6450 5.5453 5.5975 0.0221
5.6450 5.5453 5.5975 0.0221
5.6450 5.5453 5.5975 0.0221
5.6450 5.5453 5.5975 0.0221
5.6450 5.5453 5.5979 0.0221
5.6450 5.5453 5.5979 0.0221
5.6450 5.5453 5.5979 0.0221
5.6450 5.5453 5.5979 0.0221
5.6450 5.5453 5.5981 0.0222
5.6450 5.5453 5.5981 0.0222
5.6450 5.5453 5.5981 0.0222
5.6450 5.5453 5.5981 0.0222
5.6450 5.5453 5.5981 0.0222
5.6450 5.5453 5.5981 0.0222
5.6450 5.5453 5.5981 0.0222
5.6450 5.5457 5.5988 0.0216
5.6450 5.5457 5.5988 0.0216
5.6450 5.5457 5.5989 0.0216
5.6450 5.5457 5.5989 0.0216
5.6450 5.5457 5.5992 0.0213
5.6450 5.5457 5.5996 0.0211
5.6450 5.5457 5.5996 0.0211
5.6450 5.5457 5.5996 0.0211
5.6450 5.5457 5.5996 0.0211
5.6450 5.5457 5.5996 0.0211
5.6450 5.5457 5.5996 0.0211
5.6450 5.5457 5.5996 0.0211
5.6450 5.5457 5.5996 0.0211
5.6450 5.5457 5.6000 0.0208
5.6450 5.5457 5.6000 0.0208
5.6450 5.5457 5.6000 0.0208
5.6450 5.5457 5.6000 0.0208
5.6450 5.5457 5.6006 0.0206
5.6450 5.5457 5.6007 0.0205
5.6450 5.5457 5.6007 0.0205
5.6450 5.5457 5.6007 0.0205
5.6450 5.5457 5.6007 0.0205
5.6450 5.5457 5.6007 0.0206
5.6450 5.5457 5.6009 0.0206
5.6450 5.5457 5.6013 0.0203
5.6450 5.5457 5.6016 0.0206
5.6450 5.5457 5.6018 0.0209
5.6450 5.5457 5.6018 0.0209
5.6450 5.5457 5.6018 0.0209
5.6450 5.5457 5.6018 0.0209
5.6450 5.5457 5.6022 0.0206
5.6450 5.5457 5.6022 0.0206
5.6450 5.5457 5.6028 0.0202
5.6450 5.5457 5.6028 0.0202
5.6450 5.5457 5.6030 0.0205
5.6450 5.5457 5.6030 0.0205
5.6450 5.5457 5.6034 0.0204
5.6450 5.5457 5.6034 0.0204
5.6450 5.5457 5.6037 0.0204
5.6450 5.5457 5.6037 0.0204
5.6450 5.5457 5.6037 0.0204
5.6450 5.5457 5.6037 0.0204
5.6450 5.5457 5.6039 0.0204
5.6450 5.5457 5.6039 0.0204
5.6450 5.5457 5.6039 0.0204
5.6450 5.5457 5.6039 0.0204
5.6450 5.5457 5.6039 0.0204
5.6450 5.5457 5.6039 0.0204
5.6450 5.5457 5.6039 0.0204
5.6450 5.5457 5.6039 0.0204
5.6450 5.5457 5.6039 0.0204
5.6450 5.5457 5.6041 0.0205
5.6450 5.5457 5.6041 0.0205
5.6450 5.5457 5.6045 0.0206
5.6450 5.5457 5.6045 0.0206
5.6450 5.5457 5.6045 0.0206
5.6450 5.5457 5.6048 0.0203
5.6450 5.5457 5.6048 0.0203
5.6450 5.5457 5.6048 0.0203
5.6450 5.5457 5.6052 0.0196
5.6450 5.5457 5.6053 0.0195
5.6450 5.5457 5.6053 0.0195
5.6450 5.5457 5.6054 0.0195
5.6450 5.5457 5.6054 0.0195
5.6450 5.5457 5.6054 0.0194
5.6450 5.5457 5.6054 0.0194
5.6450 5.5457 5.6059 0.0194
5.6450 5.5457 5.6059 0.0194
5.6450 5.5457 5.6059 0.0194
5.6450 5.5457 5.6059 0.0194
5.6450 5.5457 5.6061 0.0194
5.6450 5.5457 5.6061 0.0194
5.6450 5.5457 5.6061 0.0194
5.6450 5.5457 5.6061 0.0194
5.6450 5.5457 5.6061 0.0194
5.6450 5.5457 5.6061 0.0194
5.6450 5.5457 5.6066 0.0198
5.6450 5.5457 5.6066 0.0198
5.6450 5.5457 5.6066 0.0198
5.6450 5.5457 5.6066 0.0198
5.6450 5.5457 5.6066 0.0198
5.6450 5.5457 5.6066 0.0198
5.6450 5.5457 5.6066 0.0198
5.6450 5.5457 5.6066 0.0198
5.6450 5.5457 5.6066 0.0198
5.6450 5.5457 5.6066 0.0198
5.6450 5.5457 5.6066 0.0198
5.6450 5.5457 5.6066 0.0198
5.6450 5.5457 5.6066 0.0197
5.6450 5.5457 5.6067 0.0197
5.6450 5.5457 5.6067 0.0197
5.6450 5.5457 5.6070 0.0197
5.6450 5.5457 5.6070 0.0197
5.6609 5.5457 5.6072 0.0202
5.6609 5.5457 5.6072 0.0202
5.6609 5.5457 5.6074 0.0201
5.6609 5.5457 5.6074 0.0201
5.6609 5.5457 5.6074 0.0201
5.6609 5.5457 5.6074 0.0201
5.6609 5.5457 5.6074 0.0201
5.6609 5.5457 5.6074 0.0201
5.6609 5.5457 5.6074 0.0201
5.6609 5.5457 5.6077 0.0201
5.6609 5.5457 5.6077 0.0201
5.6609 5.5457 5.6077 0.0201
5.6609 5.5457 5.6077 0.0201
5.6609 5.5457 5.6077 0.0201
5.6609 5.5457 5.6077 0.0201
5.6609 5.5457 5.6077 0.0201
5.6609 5.5457 5.6078 0.0202
5.6609 5.5457 5.6080 0.0204
5.6609 5.5457 5.6080 0.0204
5.6609 5.5457 5.6080 0.0204
5.6609 5.5457 5.6081 0.0204
5.6609 5.5457 5.6081 0.0204
5.6609 5.5457 5.6083 0.0206
5.6609 5.5457 5.6083 0.0206
5.6609 5.5457 5.6083 0.0206
5.6609 5.5457 5.6088 0.0209
5.6609 5.5457 5.6088 0.0209
5.6609 5.5457 5.6088 0.0209
5.6609 5.5457 5.6088 0.0209
5.6609 5.5457 5.6088 0.0209
5.6609 5.5457 5.6088 0.0209
5.6609 5.5457 5.6093 0.0210
5.6609 5.5457 5.6093 0.0209
5.6609 5.5457 5.6093 0.0209
5.6609 5.5457 5.6095 0.0210
5.6609 5.5457 5.6100 0.0212
5.6609 5.5457 5.6103 0.0213
5.6609 5.5457 5.6103 0.0213
5.6609 5.5457 5.6103 0.0213
5.6609 5.5457 5.6105 0.0214
5.6609 5.5457 5.6107 0.0216
5.6609 5.5457 5.6110 0.0215
5.6609 5.5457 5.6110 0.0215
5.6609 5.5457 5.6110 0.0215
5.6609 5.5457 5.6110 0.0215
5.6609 5.5457 5.6113 0.0212
5.6609 5.5457 5.6113 0.0212
5.6609 5.5457 5.6113 0.0212
5.6609 5.5457 5.6115 0.0212
5.6609 5.5457 5.6115 0.0212
5.6609 5.5457 5.6115 0.0212
5.6609 5.5457 5.6115 0.0212
5.6609 5.5457 5.6115 0.0212
5.6609 5.5457 5.6115 0.0212
5.6609 5.5457 5.6115 0.0212
5.6609 5.5457 5.6115 0.0212
5.6609 5.5457 5.6117 0.0212
5.6609 5.5457 5.6117 0.0212
5.6609 5.5457 5.6117 0.0212
5.6609 5.5457 5.6117 0.0212
5.6609 5.5457 5.6119 0.0214
5.6609 5.5457 5.6120 0.0215
5.6609 5.5457 5.6120 0.0215
5.6609 5.5457 5.6120 0.0215
5.6609 5.5457 5.6120 0.0215
5.6609 5.5457 5.6120 0.0215
5.6609 5.5457 5.6127 0.0215
5.6609 5.5457 5.6127 0.0215
5.6609 5.5457 5.6130 0.0216
5.6609 5.5457 5.6130 0.0216
5.6609 5.5457 5.6130 0.0216
5.6609 5.5457 5.6130 0.0216
5.6609 5.5457 5.6130 0.0216
5.6609 5.5457 5.6130 0.0216
5.6609 5.5457 5.6133 0.0218
5.6609 5.5457 5.6133 0.0218
5.6609 5.5457 5.6133 0.0218
5.6609 5.5457 5.6133 0.0218
5.6609 5.5457 5.6133 0.0218
5.6609 5.5457 5.6133 0.0218
5.6609 5.5457 5.6136 0.0217
5.6609 5.5457 5.6136 0.0217
5.6609 5.5457 5.6138 0.0217
5.6609 5.5457 5.6138 0.0217
5.6609 5.5457 5.6138 0.0217
5.6609 5.5457 5.6138 0.0217
5.6609 5.5457 5.6141 0.0216
5.6609 5.5457 5.6141 0.0216
5.6609 5.5457 5.6141 0.0216
5.6609 5.5457 5.6141 0.0216
5.6609 5.5457 5.6141 0.0216
5.6609 5.5457 5.6141 0.0216
5.6609 5.5457 5.6141 0.0216
5.6609 5.5457 5.6141 0.0216
5.6609 5.5457 5.6141 0.0216
5.6609 5.5457 5.6142 0.0216
5.6609 5.5457 5.6142 0.0216
5.6609 5.5457 5.6142 0.0216
5.6609 5.5457 5.6144 0.0216
5.6609 5.5457 5.6145 0.0218
5.6609 5.5457 5.6145 0.0218
5.6609 5.5457 5.6145 0.0218
5.6609 5.5457 5.6145 0.0218
5.6609 5.5457 5.6145 0.0218
5.6609 5.5457 5.6145 0.0218
5.6609 5.5457 5.6145 0.0218
5.6609 5.5457 5.6145 0.0218
5.6609 5.5457 5.6149 0.0212
5.6609 5.5457 5.6150 0.0212
5.6609 5.5457 5.6152 0.0214
5.6609 5.5457 5.6152 0.0214
5.6609 5.5457 5.6152 0.0214
5.6609 5.5457 5.6152 0.0214
5.6609 5.5457 5.6152 0.0214
5.6609 5.5457 5.6152 0.0214
5.6609 5.5457 5.6152 0.0214
5.6609 5.5457 5.6152 0.0214
5.6609 5.5457 5.6152 0.0214
5.6609 5.5457 5.6153 0.0214
5.6609 5.5457 5.6153 0.0214
5.6609 5.5457 5.6153 0.0214
5.6652 5.5457 5.6159 0.0220
5.6652 5.5457 5.6160 0.0220
5.6652 5.5457 5.6161 0.0218
5.6652 5.5457 5.6161 0.0218
5.6652 5.5457 5.6161 0.0218
5.6652 5.5457 5.6164 0.0217
5.6652 5.5457 5.6166 0.0218
5.6652 5.5457 5.6166 0.0218
5.6652 5.5457 5.6166 0.0218
5.6652 5.5457 5.6167 0.0218
5.6652 5.5457 5.6172 0.0218
5.6652 5.5457 5.6172 0.0218
5.6652 5.5457 5.6177 0.0218
5.6652 5.5457 5.6177 0.0218
5.6652 5.5457 5.6183 0.0215
5.6652 5.5457 5.6183 0.0215
5.6652 5.5457 5.6183 0.0215
5.6652 5.5457 5.6183 0.0215
5.6652 5.5457 5.6183 0.0216
5.6652 5.5457 5.6183 0.0216
5.6652 5.5457 5.6183 0.0216
5.6652 5.5457 5.6186 0.0217
5.6652 5.5457 5.6186 0.0217
5.6652 5.5457 5.6186 0.0217
5.6652 5.5457 5.6186 0.0217
5.6652 5.5457 5.6186 0.0217
5.6652 5.5457 5.6186 0.0217
5.6652 5.5457 5.6186 0.0217
5.6652 5.5457 5.6186 0.0217
5.6652 5.5457 5.6186 0.0217
5.6652 5.5457 5.6189 0.0219
5.6652 5.5457 5.6189 0.0219
5.6652 5.5457 5.6189 0.0219
5.6652 5.5457 5.6189 0.0219
5.6652 5.5457 5.6189 0.0220
5.6652 5.5457 5.6189 0.0220
5.6652 5.5457 5.6189 0.0220
5.6652 5.5457 5.6189 0.0220
5.6652 5.5457 5.6191 0.0221
5.6652 5.5457 5.6191 0.0221
5.6652 5.5457 5.6191 0.0221
5.6652 5.5457 5.6196 0.0221
5.6652 5.5644 5.6201 0.0210
5.6652 5.5644 5.6201 0.0210
5.6652 5.5644 5.6202 0.0210
5.6652 5.5647 5.6210 0.0204
5.6652 5.5647 5.6210 0.0204
5.6652 5.5647 5.6210 0.0204
5.6652 5.5647 5.6210 0.0204
5.6652 5.5647 5.6213 0.0206
5.6652 5.5647 5.6213 0.0206
5.6652 5.5647 5.6215 0.0205
5.6652 5.5647 5.6215 0.0205
5.6652 5.5647 5.6216 0.0205
5.6652 5.5647 5.6216 0.0205
5.6652 5.5647 5.6216 0.0205
5.6652 5.5647 5.6216 0.0205
5.6652 5.5647 5.6217 0.0205
5.6652 5.5647 5.6218 0.0206
5.6652 5.5647 5.6218 0.0206
5.6652 5.5647 5.6221 0.0208
5.6652 5.5647 5.6221 0.0208
5.6652 5.5647 5.6221 0.0208
5.6652 5.5647 5.6221 0.0208
5.6652 5.5647 5.6223 0.0207
5.6652 5.5647 5.6223 0.0207
5.6652 5.5647 5.6223 0.0207
5.6652 5.5647 5.6223 0.0207
5.6652 5.5647 5.6223 0.0207
5.6652 5.5647 5.6228 0.0207
5.6652 5.5647 5.6228 0.0207
5.6652 5.5647 5.6228 0.0207
5.6652 5.5647 5.6228 0.0207
5.6652 5.5647 5.6231 0.0209
5.6652 5.5647 5.6235 0.0208
5.6652 5.5647 5.6235 0.0208
5.6652 5.5647 5.6235 0.0208
5.6652 5.5647 5.6235 0.0208
5.6652 5.5647 5.6237 0.0209
5.6652 5.5647 5.6237 0.0209
5.6652 5.5647 5.6238 0.0206
5.6652 5.5647 5.6238 0.0206
5.6652 5.5647 5.6238 0.0206
5.6652 5.5647 5.6238 0.0206
5.6652 5.5647 5.6239 0.0206
5.6652 5.5647 5.6239 0.0206
5.6652 5.5647 5.6239 0.0206
5.6652 5.5647 5.6247 0.0198
5.6652 5.5647 5.6247 0.0198
5.6652 5.5647 5.6247 0.0198
5.6652 5.5647 5.6248 0.0197
5.6652 5.5647 5.6248 0.0197
5.6652 5.5647 5.6248 0.0197
5.6652 5.5647 5.6248 0.0197
5.6652 5.5647 5.6251 0.0198
5.6652 5.5647 5.6251 0.0198
5.6652 5.5647 5.6251 0.0198
5.6652 5.5647 5.6251 0.0198
5.6652 5.5647 5.6251 0.0198
5.6652 5.5647 5.6251 0.0198
5.6652 5.5647 5.6251 0.0198
5.6652 5.5647 5.6251 0.0198
5.6652 5.5647 5.6251 0.0199
5.6652 5.5647 5.6251 0.0199
5.6652 5.5647 5.6251 0.0199
5.6652 5.5647 5.6254 0.0201
5.6652 5.5647 5.6254 0.0201
5.6652 5.5647 5.6254 0.0201
5.6652 5.5647 5.6254 0.0201
5.6652 5.5647 5.6260 0.0199
5.6652 5.5647 5.6260 0.0199
5.6652 5.5647 5.6260 0.0200
5.6652 5.5647 5.6260 0.0200
5.6652 5.5647 5.6260 0.0200
5.6652 5.5647 5.6260 0.0200
5.6652 5.5647 5.6260 0.0200
5.6652 5.5647 5.6261 0.0200
5.6652 5.5647 5.6262 0.0200
5.6652 5.5647 5.6267 0.0197
5.6652 5.5647 5.6267 0.0197
5.6652 5.5647 5.6267 0.0197
5.6652 5.5647 5.6267 0.0197
5.6652 5.5647 5.6267 0.0197
5.6652 5.5647 5.6270 0.0198
5.6652 5.5647 5.6271 0.0199
5.6652 5.5647 5.6272 0.0199
5.6652 5.5647 5.6273 0.0200
5.6756 5.5647 5.6276 0.0205
5.6756 5.5647 5.6276 0.0205
5.6756 5.5647 5.6276 0.0205
5.6756 5.5647 5.6276 0.0205
5.6756 5.5647 5.6276 0.0205
5.6756 5.5647 5.6276 0.0205
5.6756 5.5647 5.6276 0.0205
5.6756 5.5647 5.6278 0.0203
5.6756 5.5647 5.6278 0.0203
5.6756 5.5647 5.6278 0.0203
5.6756 5.5647 5.6280 0.0205
5.6756 5.5647 5.6283 0.0205
5.6756 5.5647 5.6283 0.0205
5.6756 5.5647 5.6283 0.0205
5.6756 5.5647 5.6283 0.0205
5.6797 5.5647 5.6289 0.0211
5.6797 5.5647 5.6289 0.0211
5.6797 5.5647 5.6290 0.0211
5.6797 5.5647 5.6291 0.0211
5.6797 5.5647 5.6291 0.0211
5.6797 5.5647 5.6291 0.0211
5.6797 5.5647 5.6291 0.0211
5.6797 5.5647 5.6291 0.0211
5.6797 5.5647 5.6292 0.0212
5.6797 5.5647 5.6294 0.0211
5.6797 5.5647 5.6294 0.0211
5.6797 5.5647 5.6298 0.0215
5.6797 5.5647 5.6298 0.0215
5.6797 5.5647 5.6298 0.0215
5.6797 5.5647 5.6298 0.0215
5.6797 5.5647 5.6300 0.0217
5.6797 5.5647 5.6300 0.0217
5.6797 5.5647 5.6300 0.0217
5.6797 5.5647 5.6300 0.0217
5.6797 5.5647 5.6300 0.0217
5.6797 5.5647 5.6301 0.0218
5.6797 5.5647 5.6306 0.0221
5.6797 5.5647 5.6306 0.0221
5.6797 5.5647 5.6307 0.0222
5.6797 5.5647 5.6307 0.0222
5.6797 5.5647 5.6307 0.0222
5.6797 5.5647 5.6307 0.0222
5.6797 5.5647 5.6307 0.0222
5.6797 5.5647 5.6307 0.0222
5.6797 5.5647 5.6307 0.0222
5.6797 5.5647 5.6307 0.0222
5.6797 5.5647 5.6307 0.0222
5.6797 5.5647 5.6307 0.0222
5.6797 5.5647 5.6310 0.0222
5.6797 5.5647 5.6310 0.0222
5.6797 5.5647 5.6310 0.0222
5.6797 5.5647 5.6315 0.0225
5.6797 5.5647 5.6315 0.0225
5.6797 5.5647 5.6315 0.0225
5.6797 5.5647 5.6317 0.0227
5.6797 5.5647 5.6324 0.0225
5.6797 5.5647 5.6324 0.0225
5.6797 5.5647 5.6324 0.0225
5.6797 5.5647 5.6324 0.0225
5.6797 5.5647 5.6324 0.0225
5.6797 5.5647 5.6325 0.0226
5.6797 5.5647 5.6325 0.0226
5.6797 5.5647 5.6327 0.0225
5.6797 5.5647 5.6328 0.0226
5.6797 5.5647 5.6329 0.0225
5.6797 5.5647 5.6330 0.0225
5.6797 5.5647 5.6330 0.0225
5.6797 5.5647 5.6330 0.0225
5.6797 5.5647 5.6330 0.0225
5.6797 5.5647 5.6330 0.0225
5.6797 5.5647 5.6332 0.0222
5.6797 5.5647 5.6332 0.0222
5.6797 5.5647 5.6334 0.0224
5.6797 5.5647 5.6337 0.0224
5.6797 5.5647 5.6337 0.0224
5.6797 5.5647 5.6337 0.0224
5.6797 5.5647 5.6337 0.0224
5.6797 5.5647 5.6337 0.0224
5.6797 5.5647 5.6337 0.0224
5.6797 5.5647 5.6337 0.0224
5.6797 5.5647 5.6339 0.0223
5.6797 5.5647 5.6339 0.0223
5.6797 5.5647 5.6340 0.0224
5.6797 5.5647 5.6340 0.0224
5.6797 5.5647 5.6343 0.0224
5.6797 5.5647 5.6343 0.0224
5.6797 5.5647 5.6343 0.0224
5.6797 5.5647 5.6343 0.0224
5.6797 5.5647 5.6343 0.0224
5.6811 5.5647 5.6345 0.0227
5.6811 5.5647 5.6345 0.0227
5.6811 5.5647 5.6345 0.0227
5.6811 5.5647 5.6346 0.0228
5.6811 5.5647 5.6346 0.0228
5.6811 5.5647 5.6349 0.0227
5.6811 5.5647 5.6351 0.0226
5.6811 5.5647 5.6351 0.0226
5.6811 5.5647 5.6351 0.0226
5.6811 5.5647 5.6353 0.0227
5.6811 5.5647 5.6353 0.0227
5.6811 5.5647 5.6353 0.0227
5.6811 5.5647 5.6353 0.0227
5.6811 5.5647 5.6353 0.0227
5.6811 5.5647 5.6354 0.0227
5.6811 5.5647 5.6354 0.0227
5.6811 5.5647 5.6354 0.0227
5.6811 5.5647 5.6355 0.0227
5.6845 5.5647 5.6356 0.0229
5.6845 5.5647 5.6360 0.0230
5.6845 5.5647 5.6363 0.0225
5.6845 5.5647 5.6370 0.0216
5.6845 5.5647 5.6378 0.0215
5.6845 5.5647 5.6379 0.0216
5.6845 5.5647 5.6379 0.0216
5.6845 5.5647 5.6379 0.0216
5.6845 5.5647 5.6379 0.0216
5.6845 5.5647 5.6379 0.0216
5.6845 5.5647 5.6379 0.0216
5.6845 5.5647 5.6379 0.0216
5.6845 5.5647 5.6383 0.0219
5.6845 5.5647 5.6383 0.0220
5.6845 5.5647 5.6385 0.0220
5.6845 5.5647 5.6385 0.0220
5.6845 5.5647 5.6385 0.0220
5.6845 5.5647 5.6385 0.0220
5.6845 5.5647 5.6388 0.0219
5.6845 5.5647 5.6391 0.0219
5.6845 5.5647 5.6391 0.0219
5.6845 5.5647 5.6391 0.0219
5.6845 5.5647 5.6395 0.0220
5.6845 5.5647 5.6397 0.0221
5.6845 5.5647 5.6397 0.0221
5.6845 5.5647 5.6404 0.0224
5.6845 5.5647 5.6404 0.0224
5.6845 5.5647 5.6407 0.0224
5.6845 5.5647 5.6407 0.0224
5.6883 5.5647 5.6407 0.0224
5.6883 5.5647 5.6412 0.0229
5.6883 5.5647 5.6415 0.0228
5.6883 5.5647 5.6416 0.0228
5.6883 5.5647 5.6416 0.0228
5.6883 5.5647 5.6416 0.0228
5.6883 5.5647 5.6416 0.0228
5.6883 5.5647 5.6416 0.0228
5.6883 5.5647 5.6416 0.0228
5.6883 5.5647 5.6416 0.0228
5.6883 5.5647 5.6416 0.0228
5.6883 5.5647 5.6416 0.0228
5.6883 5.5647 5.6416 0.0228
5.6883 5.5647 5.6416 0.0228
5.6883 5.5647 5.6416 0.0228
5.6883 5.5647 5.6416 0.0228
5.6883 5.5647 5.6419 0.0229
5.6883 5.5647 5.6419 0.0229
5.6883 5.5647 5.6419 0.0229
5.6883 5.5647 5.6419 0.0229
5.6883 5.5647 5.6419 0.0229
5.6883 5.5647 5.6419 0.0229
5.6883 5.5647 5.6419 0.0229
5.6883 5.5647 5.6422 0.0232
5.6883 5.5647 5.6424 0.0230
5.6883 5.5647 5.6424 0.0230
5.6883 5.5647 5.6425 0.0230
5.6883 5.5647 5.6425 0.0230
5.6883 5.5647 5.6425 0.0230
5.6883 5.5647 5.6425 0.0230
5.6883 5.5647 5.6425 0.0230
5.6883 5.5647 5.6425 0.0230
5.6883 5.5647 5.6425 0.0230
5.6883 5.5647 5.6426 0.0230
5.6883 5.5647 5.6426 0.0230
5.6977 5.5647 5.6432 0.0236
5.6977 5.5647 5.6439 0.0223
5.6977 5.5647 5.6441 0.0225
5.6977 5.5647 5.6445 0.0224
5.6977 5.5647 5.6445 0.0224
5.6977 5.5647 5.6445 0.0224
5.6977 5.5647 5.6445 0.0224
5.6977 5.5647 5.6446 0.0224
5.6977 5.5647 5.6446 0.0224
5.6977 5.5647 5.6446 0.0224
5.6977 5.5647 5.6446 0.0224
5.6977 5.5922 5.6453 0.0209
5.6977 5.5922 5.6453 0.0209
5.6977 5.5922 5.6453 0.0209
5.6977 5.5922 5.6454 0.0209
5.6977 5.5922 5.6454 0.0209
5.6977 5.5922 5.6454 0.0209
5.6977 5.5922 5.6455 0.0208
5.6977 5.5922 5.6455 0.0208
5.6977 5.5922 5.6458 0.0206
5.6977 5.5922 5.6458 0.0206
5.6977 5.5922 5.6465 0.0201
5.6977 5.5922 5.6465 0.0201
5.6977 5.5922 5.6466 0.0201
5.6977 5.5922 5.6468 0.0199
5.6977 5.5922 5.6472 0.0196
5.6977 5.5922 5.6472 0.0196
5.6977 5.5922 5.6472 0.0196
5.6977 5.5922 5.6472 0.0196
5.6977 5.5922 5.6472 0.0196
5.6977 5.5922 5.6472 0.0196
5.6977 5.5922 5.6472 0.0196
5.6977 5.5922 5.6472 0.0196
5.6977 5.5922 5.6472 0.0196
5.6977 5.5922 5.6472 0.0196
5.6977 5.5922 5.6473 0.0198
5.6977 5.5922 5.6473 0.0198
5.6977 5.5922 5.6473 0.0198
5.6977 5.5922 5.6473 0.0198
5.6977 5.5922 5.6474 0.0197
5.6977 5.5922 5.6474 0.0197
5.6977 5.5922 5.6475 0.0197
5.6977 5.5922 5.6477 0.0197
5.6977 5.5922 5.6477 0.0197
5.6977 5.5922 5.6477 0.0197
5.6977 5.5922 5.6477 0.0197
5.6977 5.5922 5.6482 0.0198
5.6977 5.5922 5.6484 0.0197
5.6977 5.5922 5.6486 0.0194
5.6977 5.5922 5.6486 0.0194
5.6977 5.5922 5.6486 0.0194
5.6977 5.5922 5.6486 0.0194
5.6977 5.5922 5.6490 0.0191
5.6977 5.5922 5.6490 0.0191
5.6977 5.5922 5.6490 0.0191
5.6977 5.5922 5.6490 0.0191
5.6977 5.5922 5.6490 0.0191
5.6977 5.5922 5.6493 0.0190
5.6977 5.5922 5.6493 0.0190
5.6977 5.5922 5.6493 0.0190
5.6977 5.5922 5.6493 0.0190
5.6977 5.5922 5.6493 0.0190
5.6977 5.5922 5.6497 0.0191
5.6977 5.5922 5.6497 0.0191
5.6977 5.5922 5.6497 0.0191
5.6977 5.5922 5.6497 0.0191
5.6977 5.5922 5.6501 0.0190
5.6977 5.5922 5.6501 0.0190
5.6977 5.5922 5.6501 0.0190
5.6977 5.5922 5.6501 0.0190
5.6977 5.5922 5.6501 0.0190
5.6977 5.5922 5.6502 0.0190
5.6977 5.5922 5.6502 0.0190
5.6977 5.5922 5.6502 0.0190
5.6977 5.5922 5.6502 0.0190
5.6977 5.5922 5.6503 0.0191
5.6977 5.5922 5.6503 0.0191
5.6977 5.5922 5.6504 0.0191
5.6977 5.5922 5.6505 0.0191
5.6977 5.5922 5.6506 0.0191
5.6977 5.5922 5.6506 0.0191
5.6977 5.5922 5.6506 0.0191
5.6977 5.5922 5.6509 0.0197
5.6977 5.5922 5.6510 0.0197
5.6977 5.5922 5.6512 0.0197
5.6977 5.5922 5.6512 0.0197
5.6977 5.5922 5.6514 0.0197
5.6977 5.5922 5.6515 0.0197
5.6977 5.5922 5.6518 0.0196
5.6977 5.5922 5.6518 0.0196
5.6977 5.5922 5.6518 0.0196
5.6977 5.5922 5.6518 0.0196
5.6977 5.5922 5.6518 0.0196
5.6977 5.5922 5.6519 0.0196
5.6977 5.5922 5.6520 0.0196
5.6977 5.5922 5.6520 0.0196
5.6977 5.5922 5.6520 0.0196
5.6977 5.5922 5.6520 0.0196
5.6977 5.5922 5.6524 0.0200
5.6977 5.5922 5.6524 0.0200
5.6977 5.5922 5.6524 0.0200
5.6977 5.5922 5.6524 0.0200
5.6977 5.5922 5.6524 0.0200
5.6977 5.5922 5.6526 0.0201
5.7307 5.5922 5.6532 0.0214
5.7307 5.5922 5.6532 0.0214
5.7307 5.5922 5.6532 0.0214
5.7307 5.5922 5.6537 0.0210
5.7307 5.5922 5.6538 0.0210
5.7307 5.5922 5.6538 0.0210
5.7307 5.5922 5.6538 0.0210
5.7307 5.5922 5.6540 0.0210
5.7307 5.5922 5.6545 0.0205
5.7307 5.5922 5.6545 0.0205
5.7307 5.5922 5.6545 0.0206
5.7307 5.5922 5.6550 0.0209
5.7307 5.5922 5.6555 0.0206
5.7307 5.5922 5.6555 0.0206
5.7307 5.5922 5.6556 0.0206
5.7307 5.5922 5.6560 0.0206
5.7307 5.5922 5.6560 0.0206
5.7307 5.5922 5.6560 0.0206
5.7307 5.5922 5.6560 0.0206
5.7307 5.5922 5.6560 0.0206
5.7312 5.5922 5.6560 0.0206
5.7312 5.5922 5.6563 0.0204
5.7312 5.5922 5.6563 0.0204
5.7312 5.5922 5.6563 0.0204
5.7312 5.5922 5.6563 0.0204
5.7312 5.5922 5.6563 0.0204
5.7312 5.5922 5.6563 0.0204
5.7312 5.5922 5.6564 0.0205
5.7312 5.5922 5.6564 0.0205
5.7312 5.5922 5.6564 0.0205
5.7312 5.5922 5.6564 0.0205
5.7312 5.5922 5.6564 0.0205
5.7312 5.5922 5.6564 0.0205
5.7312 5.5922 5.6564 0.0205
5.7312 5.5922 5.6566 0.0206
5.7312 5.5922 5.6567 0.0206
5.7312 5.5922 5.6567 0.0206
5.7312 5.5922 5.6569 0.0205
5.7312 5.5922 5.6569 0.0205
5.7312 5.5922 5.6569 0.0205
5.7312 5.5922 5.6575 0.0214
5.7312 5.5922 5.6575 0.0214
5.7312 5.5922 5.6575 0.0214
5.7312 5.5922 5.6575 0.0214
5.7312 5.5922 5.6575 0.0214
5.7312 5.5922 5.6575 0.0214
5.7312 5.5922 5.6575 0.0214
5.7312 5.5922 5.6579 0.0215
5.7312 5.5922 5.6579 0.0215
5.7312 5.5922 5.6580 0.0215
5.7312 5.5922 5.6580 0.0215
5.7312 5.5922 5.6580 0.0215
5.7312 5.5922 5.6580 0.0215
5.7312 5.5922 5.6586 0.0213
5.7312 5.5922 5.6586 0.0213
5.7312 5.5922 5.6586 0.0213
5.7312 5.5922 5.6587 0.0214
5.7312 5.5922 5.6589 0.0214
5.7312 5.5922 5.6589 0.0214
5.7312 5.5922 5.6590 0.0213
5.7312 5.5922 5.6592 0.0213
5.7312 5.5922 5.6593 0.0213
5.7312 5.5922 5.6593 0.0213
5.7312 5.5922 5.6600 0.0222
5.7312 5.5922 5.6600 0.0222
5.7312 5.5922 5.6600 0.0222
5.7312 5.5922 5.6602 0.0226
5.7312 5.5922 5.6602 0.0226
5.7312 5.5922 5.6603 0.0227
5.7312 5.5922 5.6603 0.0227
5.7312 5.5922 5.6603 0.0227
5.7312 5.5922 5.6603 0.0227
5.7312 5.5922 5.6603 0.0227
5.7312 5.5922 5.6604 0.0227
5.7312 5.5922 5.6604 0.0227
5.7312 5.5922 5.6604 0.0227
5.7312 5.5922 5.6604 0.0227
5.7312 5.5922 5.6606 0.0228
5.7312 5.5922 5.6612 0.0232
5.7312 5.5922 5.6612 0.0232
5.7312 5.5922 5.6612 0.0232
5.7312 5.5922 5.6615 0.0232
5.7312 5.5922 5.6615 0.0232
5.7312 5.5922 5.6615 0.0232
5.7312 5.5922 5.6615 0.0232
5.7312 5.5922 5.6615 0.0232
5.7312 5.5922 5.6617 0.0236
5.7312 5.5922 5.6617 0.0236
5.7312 5.5922 5.6617 0.0236
5.7312 5.5922 5.6620 0.0238
5.7312 5.5922 5.6623 0.0242
5.7312 5.5922 5.6623 0.0242
5.7312 5.5922 5.6626 0.0244
5.7312 5.5922 5.6628 0.0243
5.7312 5.5922 5.6628 0.0243
5.7312 5.5922 5.6631 0.0244
5.7312 5.5922 5.6632 0.0243
5.7312 5.5922 5.6633 0.0243
5.7312 5.5922 5.6633 0.0243
5.7312 5.5922 5.6635 0.0243
5.7312 5.5922 5.6635 0.0243
5.7312 5.5922 5.6635 0.0243
5.7312 5.5922 5.6638 0.0239
5.7312 5.5922 5.6642 0.0243
5.7312 5.5922 5.6651 0.0250
5.7312 5.5922 5.6656 0.0252
5.7312 5.5922 5.6656 0.0252
5.7312 5.5922 5.6658 0.0253
5.7312 5.5922 5.6659 0.0252
5.7312 5.5922 5.6659 0.0252
5.7312 5.5922 5.6662 0.0251
5.7312 5.5922 5.6663 0.0251
5.7312 5.5922 5.6664 0.0251
5.7312 5.5922 5.6664 0.0251
5.7312 5.5922 5.6664 0.0251
5.7312 5.5922 5.6664 0.0251
5.7312 5.5922 5.6666 0.0253
5.7312 5.5922 5.6666 0.0253
5.7312 5.5922 5.6666 0.0253
5.7312 5.5922 5.6666 0.0253
5.7312 5.5922 5.6666 0.0253
5.7312 5.5922 5.6666 0.0253
5.7312 5.5922 5.6667 0.0253
5.7312 5.5922 5.6667 0.0253
5.7312 5.5922 5.6667 0.0253
5.7312 5.5922 5.6678 0.0253
5.7312 5.5922 5.6678 0.0253
5.7312 5.5922 5.6678 0.0253
5.7312 5.5922 5.6680 0.0254
5.7312 5.5922 5.6686 0.0252
5.7312 5.5922 5.6686 0.0252
5.7312 5.5922 5.6690 0.0253
5.7312 5.5922 5.6693 0.0252
5.7312 5.5922 5.6693 0.0252
5.7312 5.5922 5.6693 0.0252
5.7312 5.5922 5.6693 0.0252
5.7312 5.5922 5.6693 0.0252
5.7312 5.5922 5.6693 0.0252
5.7312 5.5922 5.6693 0.0252
5.7312 5.5922 5.6693 0.0252
5.7312 5.5922 5.6693 0.0252
5.7312 5.5922 5.6693 0.0252
5.7312 5.5922 5.6693 0.0252
5.7312 5.5922 5.6698 0.0247
5.7312 5.5922 5.6698 0.0247
5.7321 5.5922 5.6703 0.0248
5.7321 5.5922 5.6704 0.0247
5.7321 5.5922 5.6704 0.0247
5.7321 5.5922 5.6707 0.0247
5.7321 5.5922 5.6708 0.0248
5.7321 5.5922 5.6712 0.0250
5.7321 5.5922 5.6715 0.0250
5.7321 5.5922 5.6715 0.0250
5.7321 5.5922 5.6715 0.0250
5.7321 5.5922 5.6715 0.0250
5.7321 5.5922 5.6719 0.0250
5.7321 5.5922 5.6719 0.0250
5.7321 5.5922 5.6721 0.0253
5.7321 5.5922 5.6725 0.0258
5.7321 5.5922 5.6725 0.0258
5.7321 5.5922 5.6725 0.0258
5.7321 5.5922 5.6725 0.0258
5.7321 5.5922 5.6725 0.0258
5.7321 5.5922 5.6725 0.0258
5.7321 5.5922 5.6726 0.0259
5.7321 5.5922 5.6727 0.0259
5.7321 5.5922 5.6730 0.0258
5.7321 5.5922 5.6733 0.0257
5.7321 5.5922 5.6738 0.0257
5.7321 5.5922 5.6738 0.0257
5.7321 5.5922 5.6738 0.0257
5.7321 5.5922 5.6741 0.0258
5.7321 5.5922 5.6741 0.0258
5.7321 5.5922 5.6743 0.0257
5.7321 5.5922 5.6743 0.0257
5.7321 5.5922 5.6744 0.0257
5.7321 5.5922 5.6745 0.0259
5.7321 5.5922 5.6745 0.0259
5.7321 5.5922 5.6745 0.0259
5.7321 5.5922 5.6747 0.0260
5.7321 5.5922 5.6747 0.0260
5.7321 5.6098 5.6757 0.0247
5.7321 5.6098 5.6757 0.0247
5.7321 5.6098 5.6763 0.0243
5.7321 5.6098 5.6763 0.0243
5.7321 5.6098 5.6763 0.0243
5.7321 5.6098 5.6769 0.0248
5.7321 5.6098 5.6769 0.0248
5.7321 5.6098 5.6769 0.0248
5.7321 5.6098 5.6772 0.0248
5.7321 5.6098 5.6772 0.0248
5.7321 5.6098 5.6772 0.0248
5.7321 5.6098 5.6772 0.0248
5.7321 5.6098 5.6772 0.0248
5.7321 5.6098 5.6773 0.0248
5.7321 5.6098 5.6773 0.0248
5.7321 5.6098 5.6773 0.0248
5.7321 5.6098 5.6773 0.0248
5.7321 5.6098 5.6773 0.0248
5.7321 5.6098 5.6773 0.0248
5.7321 5.6098 5.6774 0.0248
5.7321 5.6098 5.6774 0.0248
5.7321 5.6098 5.6774 0.0248
5.7321 5.6098 5.6774 0.0248
5.7321 5.6098 5.6777 0.0246
5.7321 5.6098 5.6777 0.0245
5.7321 5.6098 5.6778 0.0245
5.7321 5.6098 5.6778 0.0245
5.7321 5.6098 5.6781 0.0245
5.7321 5.6098 5.6782 0.0246
5.7321 5.6098 5.6782 0.0246
5.7321 5.6098 5.6782 0.0246
5.7321 5.6098 5.6782 0.0246
5.7321 5.6098 5.6783 0.0244
5.7321 5.6098 5.6783 0.0244
5.7321 5.6098 5.6783 0.0244
5.7321 5.6098 5.6786 0.0247
5.7321 5.6098 5.6786 0.0247
5.7321 5.6098 5.6786 0.0247
5.7321 5.6098 5.6786 0.0247
5.7321 5.6098 5.6786 0.0247
5.7321 5.6098 5.6791 0.0249
5.7321 5.6098 5.6791 0.0249
5.7321 5.6098 5.6791 0.0249
5.7321 5.6098 5.6791 0.0249
5.7321 5.6098 5.6793 0.0250
5.7321 5.6098 5.6793 0.0250
5.7321 5.6098 5.6793 0.0250
5.7321 5.6098 5.6793 0.0250
5.7321 5.6098 5.6797 0.0249
5.7321 5.6098 5.6797 0.0249
5.7321 5.6098 5.6797 0.0249
5.7321 5.6098 5.6803 0.0254
5.7321 5.6098 5.6803 0.0254
5.7321 5.6098 5.6803 0.0254
5.7321 5.6098 5.6804 0.0254
5.7321 5.6098 5.6804 0.0254
5.7321 5.6098 5.6808 0.0252
5.7321 5.6098 5.6808 0.0252
5.7321 5.6098 5.6812 0.0255
5.7321 5.6098 5.6812 0.0255
5.7321 5.6098 5.6812 0.0255
5.7321 5.6098 5.6812 0.0255
5.7321 5.6098 5.6812 0.0255
5.7321 5.6098 5.6813 0.0256
5.7321 5.6098 5.6813 0.0256
5.7321 5.6098 5.6813 0.0256
5.7321 5.6098 5.6813 0.0256
5.7321 5.6098 5.6814 0.0256
5.7321 5.6098 5.6814 0.0256
5.7321 5.6098 5.6814 0.0256
5.7321 5.6098 5.6814 0.0256
5.7321 5.6098 5.6814 0.0256
5.7321 5.6098 5.6814 0.0256
5.7321 5.6098 5.6819 0.0256
5.7321 5.6098 5.6820 0.0256
5.7321 5.6098 5.6820 0.0256
5.7321 5.6098 5.6820 0.0256
5.7321 5.6098 5.6820 0.0256
5.7321 5.6098 5.6820 0.0256
5.7321 5.6098 5.6820 0.0256
5.7321 5.6098 5.6820 0.0256
5.7321 5.6098 5.6823 0.0257
5.7321 5.6098 5.6831 0.0255
5.7321 5.6098 5.6835 0.0255
5.7321 5.6098 5.6837 0.0255
5.7321 5.6098 5.6837 0.0255
5.7321 5.6098 5.6837 0.0255
5.7321 5.6098 5.6837 0.0255
5.7321 5.6098 5.6837 0.0255
5.7321 5.6098 5.6837 0.0255
5.7321 5.6098 5.6840 0.0255
5.7321 5.6098 5.6840 0.0255
5.7321 5.6098 5.6846 0.0247
5.7321 5.6098 5.6846 0.0247
5.7321 5.6098 5.6846 0.0247
5.7321 5.6098 5.6846 0.0247
5.7321 5.6098 5.6847 0.0247
5.7321 5.6098 5.6851 0.0251
5.7321 5.6098 5.6851 0.0251
5.7321 5.6098 5.6851 0.0251
5.7321 5.6098 5.6851 0.0251
5.7321 5.6098 5.6851 0.0251
5.7321 5.6098 5.6851 0.0251
5.7321 5.6098 5.6851 0.0251
5.7321 5.6098 5.6851 0.0251
5.7321 5.6098 5.6851 0.0251
5.7321 5.6098 5.6851 0.0251
5.7321 5.6098 5.6852 0.0251
5.7321 5.6098 5.6852 0.0251
5.7321 5.6098 5.6852 0.0251
5.7321 5.6098 5.6852 0.0251
5.7321 5.6098 5.6855 0.0250
5.7321 5.6098 5.6857 0.0251
5.7321 5.6098 5.6861 0.0249
5.7321 5.6098 5.6861 0.0249
5.7321 5.6098 5.6861 0.0249
5.7321 5.6098 5.6863 0.0248
5.7321 5.6098 5.6864 0.0248
5.7321 5.6098 5.6867 0.0251
5.7321 5.6098 5.6867 0.0251
5.7321 5.6098 5.6867 0.0251
5.7321 5.6098 5.6867 0.0251
5.7321 5.6098 5.6867 0.0251
5.7331 5.6098 5.6868 0.0252
5.7331 5.6098 5.6868 0.0252
5.7331 5.6098 5.6869 0.0251
5.7331 5.6098 5.6870 0.0251
5.7331 5.6098 5.6870 0.0251
5.7331 5.6098 5.6870 0.0251
5.7331 5.6098 5.6870 0.0251
5.7331 5.6098 5.6870 0.0251
5.7331 5.6098 5.6873 0.0250
5.7331 5.6098 5.6873 0.0250
5.7331 5.6098 5.6873 0.0250
5.7331 5.6098 5.6873 0.0250
5.7331 5.6098 5.6873 0.0250
5.7331 5.6098 5.6873 0.0250
5.7331 5.6098 5.6878 0.0254
5.7331 5.6098 5.6878 0.0254
5.7331 5.6098 5.6879 0.0255
5.7331 5.6098 5.6879 0.0255
5.7331 5.6098 5.6879 0.0255
5.7331 5.6098 5.6881 0.0255
5.7331 5.6098 5.6881 0.0255
5.7331 5.6098 5.6884 0.0257
5.7331 5.6098 5.6885 0.0257
5.7331 5.6098 5.6885 0.0257
5.7331 5.6098 5.6890 0.0255
5.7331 5.6098 5.6897 0.0257
5.7331 5.6098 5.6897 0.0257
5.7331 5.6098 5.6897 0.0257
5.7331 5.6098 5.6897 0.0257
5.7331 5.6098 5.6898 0.0257
5.7331 5.6098 5.6898 0.0257
5.7331 5.6098 5.6900 0.0256
5.7331 5.6098 5.6900 0.0256
5.7331 5.6098 5.6900 0.0256
5.7331 5.6098 5.6903 0.0255
5.7331 5.6098 5.6907 0.0252
5.7331 5.6098 5.6908 0.0251
5.7331 5.6098 5.6909 0.0251
5.7331 5.6098 5.6915 0.0249
5.7331 5.6098 5.6915 0.0249
5.7331 5.6098 5.6915 0.0249
5.7331 5.6098 5.6916 0.0250
5.7331 5.6098 5.6916 0.0250
5.7331 5.6098 5.6916 0.0250
5.7331 5.6098 5.6916 0.0250
5.7331 5.6098 5.6916 0.0250
5.7331 5.6098 5.6916 0.0250
5.7331 5.6098 5.6920 0.0247
5.7331 5.6098 5.6924 0.0244
5.7331 5.6098 5.6924 0.0244
5.7331 5.6098 5.6924 0.0244
5.7331 5.6098 5.6927 0.0241
5.7331 5.6098 5.6927 0.0241
5.7331 5.6098 5.6931 0.0243
5.7331 5.6098 5.6931 0.0243
5.7331 5.6098 5.6931 0.0243
5.7331 5.6098 5.6931 0.0243
5.7331 5.6098 5.6932 0.0244
5.7331 5.6098 5.6933 0.0244
5.7331 5.6098 5.6933 0.0244
5.7331 5.6098 5.6933 0.0244
5.7331 5.6098 5.6933 0.0243
5.7331 5.6098 5.6935 0.0241
5.7331 5.6098 5.6935 0.0241
5.7331 5.6098 5.6940 0.0240
5.7331 5.6098 5.6944 0.0238
5.7331 5.6098 5.6944 0.0238
5.7331 5.6098 5.6944 0.0237
5.7331 5.6098 5.6945 0.0236
5.7331 5.6098 5.6945 0.0236
5.7331 5.6098 5.6945 0.0236
5.7331 5.6098 5.6945 0.0236
5.7331 5.6098 5.6950 0.0233
5.7331 5.6098 5.6950 0.0233
5.7331 5.6098 5.6950 0.0233
5.7331 5.6098 5.6951 0.0234
5.7331 5.6098 5.6951 0.0234
5.7331 5.6098 5.6951 0.0234
5.7331 5.6098 5.6951 0.0234
5.7331 5.6098 5.6951 0.0234
5.7331 5.6098 5.6951 0.0234
5.7331 5.6098 5.6951 0.0234
5.7331 5.6098 5.6951 0.0234
5.7331 5.6098 5.6957 0.0233
5.7331 5.6098 5.6961 0.0236
5.7331 5.6098 5.6961 0.0236
5.7331 5.6098 5.6965 0.0238
5.7331 5.6098 5.6965 0.0238
5.7331 5.6098 5.6967 0.0236
5.7331 5.6098 5.6967 0.0236
5.7331 5.6098 5.6967 0.0236
5.7331 5.6098 5.6967 0.0236
5.7331 5.6098 5.6969 0.0235
5.7331 5.6098 5.6969 0.0235
5.7331 5.6098 5.6971 0.0236
5.7331 5.6098 5.6977 0.0237
5.7331 5.6098 5.6977 0.0237
5.7331 5.6098 5.6979 0.0236
5.7331 5.6098 5.6979 0.0236
5.7331 5.6098 5.6985 0.0229
5.7331 5.6098 5.6985 0.0229
5.7331 5.6098 5.6985 0.0229
5.7331 5.6098 5.6986 0.0229
5.7331 5.6098 5.6989 0.0232
5.7331 5.6098 5.6989 0.0232
5.7331 5.6098 5.6994 0.0230
5.7331 5.6098 5.6996 0.0229
5.7331 5.6098 5.6996 0.0229
5.7331 5.6098 5.6996 0.0229
5.7331 5.6098 5.6996 0.0229
5.7331 5.6098 5.6996 0.0229
5.7331 5.6098 5.6998 0.0230
5.7331 5.6098 5.7000 0.0231
5.7331 5.6098 5.7006 0.0231
5.7331 5.6098 5.7006 0.0231
5.7331 5.6098 5.7006 0.0231
5.7331 5.6098 5.7006 0.0231
5.7331 5.6098 5.7006 0.0231
5.7331 5.6098 5.7006 0.0231
5.7331 5.6098 5.7006 0.0231
5.7331 5.6098 5.7006 0.0231
5.7331 5.6098 5.7006 0.0231
5.7331 5.6098 5.7006 0.0231
5.7331 5.6194 5.7015 0.0212
5.7331 5.6194 5.7021 0.0209
5.7331 5.6194 5.7022 0.0208
5.7331 5.6194 5.7022 0.0208
5.7361 5.6194 5.7024 0.0211
5.7361 5.6194 5.7024 0.0211
5.7361 5.6194 5.7025 0.0211
5.7361 5.6194 5.7025 0.0211
5.7361 5.6194 5.7025 0.0211
5.7361 5.6194 5.7025 0.0211
5.7361 5.6194 5.7025 0.0211
5.7361 5.6194 5.7028 0.0210
5.7361 5.6194 5.7028 0.0210
5.7361 5.6194 5.7028 0.0210
5.7361 5.6194 5.7028 0.0210
5.7361 5.6194 5.7028 0.0210
5.7361 5.6194 5.7028 0.0210
5.7361 5.6194 5.7028 0.0210
5.7361 5.6194 5.7030 0.0212
5.7361 5.6194 5.7030 0.0212
5.7361 5.6194 5.7033 0.0212
5.7361 5.6194 5.7033 0.0212
5.7361 5.6194 5.7036 0.0214
5.7361 5.6194 5.7036 0.0214
5.7361 5.6194 5.7036 0.0214
5.7361 5.6194 5.7038 0.0214
5.7361 5.6194 5.7038 0.0214
5.7361 5.6194 5.7038 0.0214
5.7361 5.6194 5.7038 0.0214
5.7361 5.6194 5.7040 0.0214
5.7361 5.6194 5.7042 0.0215
5.7361 5.6194 5.7042 0.0215
5.7361 5.6194 5.7042 0.0215
5.7361 5.6194 5.7042 0.0215
5.7361 5.6194 5.7044 0.0215
5.7361 5.6194 5.7048 0.0212
5.7361 5.6194 5.7049 0.0213
5.7361 5.6194 5.7049 0.0213
5.7361 5.6194 5.7049 0.0213
5.7361 5.6194 5.7050 0.0212
5.7361 5.6194 5.7050 0.0212
5.7361 5.6194 5.7050 0.0212
5.7361 5.6194 5.7050 0.0212
5.7361 5.6194 5.7057 0.0211
5.7361 5.6194 5.7057 0.0211
5.7361 5.6194 5.7057 0.0211
5.7361 5.6194 5.7057 0.0211
5.7361 5.6194 5.7057 0.0211
5.7361 5.6194 5.7058 0.0213
5.7361 5.6194 5.7060 0.0214
5.7361 5.6194 5.7060 0.0214
5.7361 5.6194 5.7060 0.0214
5.7361 5.6194 5.7067 0.0212
5.7361 5.6194 5.7067 0.0212
5.7361 5.6194 5.7067 0.0212
5.7361 5.6194 5.7067 0.0212
5.7361 5.6194 5.7067 0.0212
5.7361 5.6194 5.7068 0.0212
5.7361 5.6194 5.7069 0.0212
5.7361 5.6194 5.7069 0.0212
5.7361 5.6194 5.7069 0.0212
5.7361 5.6194 5.7069 0.0212
5.7361 5.6194 5.7075 0.0207
5.7361 5.6194 5.7075 0.0207
5.7361 5.6194 5.7075 0.0207
5.7361 5.6194 5.7075 0.0207
5.7361 5.6194 5.7075 0.0207
5.7361 5.6194 5.7076 0.0209
5.7361 5.6194 5.7078 0.0208
5.7361 5.6194 5.7080 0.0208
5.7361 5.6194 5.7082 0.0209
5.7361 5.6194 5.7082 0.0209
5.7361 5.6194 5.7082 0.0209
5.7361 5.6194 5.7082 0.0209
5.7361 5.6194 5.7082 0.0209
5.7361 5.6194 5.7085 0.0211
5.7361 5.6194 5.7085 0.0211
5.7361 5.6194 5.7085 0.0211
5.7361 5.6194 5.7085 0.0211
5.7361 5.6194 5.7085 0.0211
5.7361 5.6194 5.7087 0.0213
5.7361 5.6194 5.7087 0.0213
5.7361 5.6194 5.7087 0.0213
5.7361 5.6194 5.7087 0.0213
5.7361 5.6194 5.7087 0.0213
5.7361 5.6194 5.7087 0.0213
5.7361 5.6194 5.7087 0.0213
5.7361 5.6194 5.7087 0.0213
5.7361 5.6194 5.7087 0.0213
5.7361 5.6194 5.7087 0.0213
5.7361 5.6194 5.7087 0.0213
5.7361 5.6194 5.7087 0.0213
5.7361 5.6194 5.7087 0.0213
5.7361 5.6194 5.7087 0.0213
5.7361 5.6194 5.7087 0.0213
5.7361 5.6194 5.7087 0.0213
5.7361 5.6194 5.7087 0.0213
5.7361 5.6194 5.7088 0.0213
5.7361 5.6194 5.7088 0.0213
5.7361 5.6194 5.7090 0.0214
5.7361 5.6194 5.7094 0.0214
5.7361 5.6194 5.7094 0.0214
5.7361 5.6194 5.7094 0.0214
5.7361 5.6194 5.7094 0.0214
5.7361 5.6194 5.7094 0.0214
5.7361 5.6194 5.7094 0.0214
5.7361 5.6194 5.7094 0.0214
5.7361 5.6194 5.7100 0.0212
5.7361 5.6194 5.7104 0.0212
5.7361 5.6194 5.7105 0.0211
5.7361 5.6194 5.7107 0.0210
5.7361 5.6194 5.7107 0.0210
5.7361 5.6194 5.7107 0.0210
5.7361 5.6194 5.7107 0.0210
5.7361 5.6194 5.7107 0.0210
5.7361 5.6194 5.7107 0.0210
5.7361 5.6194 5.7107 0.0210
5.7361 5.6194 5.7110 0.0207
5.7361 5.6194 5.7110 0.0207
5.7361 5.6194 5.7111 0.0209
5.7361 5.6194 5.7111 0.0209
5.7361 5.6194 5.7111 0.0209
5.7361 5.6194 5.7111 0.0209
5.7361 5.6194 5.7112 0.0209
5.7361 5.6194 5.7112 0.0209
5.7361 5.6194 5.7112 0.0209
5.7361 5.6194 5.7112 0.0209
5.7361 5.6194 5.7112 0.0208
5.7361 5.6194 5.7112 0.0208
5.7361 5.6194 5.7112 0.0208
5.7361 5.6194 5.7112 0.0208
5.7361 5.6194 5.7112 0.0208
5.7361 5.6194 5.7112 0.0208
5.7361 5.6194 5.7116 0.0209
5.7389 5.6194 5.7117 0.0210
5.7389 5.6194 5.7118 0.0209
5.7389 5.6194 5.7118 0.0209
5.7389 5.6194 5.7118 0.0209
5.7389 5.6194 5.7118 0.0209
5.7389 5.6194 5.7118 0.0209
5.7389 5.6194 5.7118 0.0209
5.7389 5.6194 5.7120 0.0209
5.7389 5.6194 5.7120 0.0209
5.7389 5.6194 5.7122 0.0208
5.7389 5.6194 5.7122 0.0208
5.7538 5.6194 5.7128 0.0211
5.7538 5.6194 5.7132 0.0208
5.7538 5.6194 5.7132 0.0208
5.7538 5.6194 5.7132 0.0209
5.7538 5.6194 5.7133 0.0207
5.7538 5.6194 5.7135 0.0208
5.7538 5.6194 5.7135 0.0208
5.7538 5.6194 5.7135 0.0208
5.7538 5.6194 5.7135 0.0208
5.7538 5.6194 5.7135 0.0208
5.7538 5.6194 5.7135 0.0208
5.7538 5.6194 5.7135 0.0208
5.7538 5.6194 5.7135 0.0208
5.7538 5.6194 5.7135 0.0208
5.7538 5.6194 5.7135 0.0208
5.7538 5.6194 5.7135 0.0208
5.7538 5.6194 5.7135 0.0208
5.7538 5.6194 5.7137 0.0209
5.7538 5.6194 5.7138 0.0209
5.7538 5.6194 5.7138 0.0209
5.7538 5.6194 5.7138 0.0209
5.7538 5.6194 5.7138 0.0209
5.7538 5.6194 5.7138 0.0209
5.7538 5.6194 5.7138 0.0209
5.7538 5.6194 5.7138 0.0209
5.7538 5.6194 5.7138 0.0209
5.7538 5.6194 5.7138 0.0209
5.7538 5.6194 5.7138 0.0209
5.7538 5.6194 5.7138 0.0209
5.7538 5.6194 5.7141 0.0207
5.7538 5.6194 5.7142 0.0206
5.7538 5.6194 5.7142 0.0206
5.7538 5.6194 5.7142 0.0206
5.7538 5.6194 5.7142 0.0206
5.7538 5.6194 5.7142 0.0206
5.7538 5.6194 5.7147 0.0207
5.7538 5.6194 5.7147 0.0207
5.7538 5.6194 5.7150 0.0207
5.7538 5.6194 5.7153 0.0204
5.7538 5.6194 5.7153 0.0204
5.7538 5.6194 5.7154 0.0204
5.7538 5.6194 5.7154 0.0204
5.7538 5.6194 5.7155 0.0204
5.7538 5.6194 5.7155 0.0204
5.7538 5.6194 5.7158 0.0201
5.7538 5.6194 5.7162 0.0199
5.7538 5.6194 5.7162 0.0199
5.7538 5.6194 5.7164 0.0197
5.7538 5.6194 5.7164 0.0197
5.7538 5.6194 5.7164 0.0197
5.7538 5.6194 5.7164 0.0197
5.7538 5.6194 5.7164 0.0197
5.7538 5.6194 5.7164 0.0197
5.7538 5.6194 5.7164 0.0197
5.7538 5.6194 5.7164 0.0197
5.7538 5.6194 5.7164 0.0197
5.7538 5.6194 5.7164 0.0197
5.7538 5.6194 5.7164 0.0197
5.7538 5.6194 5.7168 0.0190
5.7538 5.6194 5.7168 0.0190
5.7538 5.6194 5.7170 0.0190
5.7538 5.6194 5.7170 0.0190
5.7538 5.6194 5.7170 0.0190
5.7538 5.6194 5.7170 0.0190
5.7538 5.6194 5.7170 0.0190
5.7538 5.6194 5.7170 0.0190
5.7538 5.6194 5.7172 0.0191
5.7538 5.6194 5.7172 0.0191
5.7538 5.6194 5.7172 0.0191
5.7538 5.6194 5.7174 0.0192
5.7538 5.6194 5.7174 0.0192
5.7538 5.6194 5.7175 0.0192
5.7538 5.6194 5.7175 0.0192
5.7538 5.6194 5.7175 0.0192
5.7538 5.6194 5.7175 0.0192
5.7538 5.6194 5.7175 0.0192
5.7538 5.6194 5.7175 0.0192
5.7538 5.6194 5.7175 0.0192
5.7538 5.6194 5.7175 0.0192
5.7538 5.6194 5.7175 0.0192
5.7538 5.6194 5.7175 0.0193
5.7538 5.6194 5.7175 0.0193
5.7538 5.6194 5.7175 0.0193
5.7538 5.6194 5.7180 0.0196
5.7538 5.6194 5.7180 0.0196
5.7538 5.6194 5.7180 0.0196
5.7538 5.6194 5.7180 0.0196
5.7538 5.6194 5.7180 0.0196
5.7538 5.6194 5.7180 0.0196
5.7538 5.6194 5.7180 0.0196
5.7538 5.6194 5.7180 0.0196
5.7538 5.6194 5.7180 0.0196
5.7538 5.6194 5.7180 0.0196
5.7538 5.6194 5.7180 0.0196
5.7538 5.6194 5.7182 0.0196
5.7538 5.6194 5.7182 0.0196
5.7538 5.6194 5.7182 0.0196
5.7538 5.6194 5.7182 0.0196
5.7538 5.6194 5.7183 0.0196
5.7538 5.6264 5.7184 0.0193
5.7538 5.6264 5.7184 0.0193
5.7538 5.6264 5.7184 0.0192
5.7538 5.6264 5.7184 0.0192
5.7538 5.6264 5.7187 0.0191
5.7538 5.6264 5.7187 0.0191
5.7538 5.6264 5.7195 0.0182
5.7538 5.6264 5.7195 0.0182
5.7538 5.6264 5.7195 0.0182
5.7538 5.6264 5.7195 0.0182
5.7538 5.6264 5.7195 0.0182
5.7538 5.6264 5.7195 0.0182
5.7538 5.6264 5.7195 0.0182
5.7538 5.6264 5.7195 0.0182
5.7538 5.6264 5.7195 0.0182
5.7538 5.6264 5.7195 0.0182
5.7538 5.6264 5.7195 0.0182
5.7538 5.6264 5.7196 0.0182
5.7538 5.6264 5.7196 0.0182
5.7538 5.6264 5.7196 0.0182
5.7538 5.6264 5.7196 0.0182
5.7538 5.6264 5.7196 0.0182
5.7538 5.6264 5.7196 0.0182
5.7538 5.6264 5.7198 0.0181
5.7538 5.6264 5.7198 0.0181
5.7538 5.6264 5.7201 0.0181
5.7538 5.6264 5.7201 0.0181
5.7538 5.6264 5.7201 0.0180
5.7543 5.6264 5.7202 0.0180
5.7543 5.6264 5.7202 0.0180
5.7543 5.6264 5.7202 0.0180
5.7543 5.6264 5.7202 0.0180
5.7543 5.6264 5.7202 0.0180
5.7543 5.6264 5.7204 0.0179
5.7543 5.6264 5.7204 0.0179
5.7543 5.6264 5.7204 0.0179
5.7543 5.6264 5.7204 0.0179
5.7543 5.6264 5.7204 0.0179
5.7543 5.6264 5.7206 0.0179
5.7543 5.6264 5.7206 0.0179
5.7543 5.6264 5.7206 0.0179
5.7543 5.6264 5.7206 0.0179
5.7543 5.6264 5.7206 0.0179
5.7543 5.6264 5.7206 0.0179
5.7543 5.6264 5.7206 0.0179
5.7543 5.6264 5.7206 0.0179
5.7543 5.6264 5.7206 0.0179
5.7543 5.6264 5.7206 0.0179
5.7543 5.6264 5.7207 0.0177
5.7543 5.6264 5.7207 0.0177
5.7543 5.6264 5.7207 0.0177
5.7543 5.6264 5.7208 0.0178
5.7543 5.6264 5.7208 0.0178
5.7543 5.6264 5.7210 0.0178
5.7543 5.6264 5.7210 0.0178
5.7543 5.6264 5.7210 0.0178
5.7543 5.6264 5.7216 0.0175
5.7543 5.6264 5.7216 0.0175
5.7543 5.6264 5.7216 0.0175
5.7543 5.6264 5.7216 0.0175
5.7543 5.6264 5.7216 0.0175
5.7543 5.6264 5.7216 0.0175
5.7543 5.6264 5.7219 0.0174
5.7543 5.6264 5.7219 0.0174
5.7543 5.6264 5.7219 0.0174
5.7543 5.6264 5.7219 0.0174
5.7543 5.6264 5.7219 0.0174
5.7543 5.6264 5.7223 0.0173
5.7543 5.6264 5.7223 0.0173
5.7543 5.6264 5.7225 0.0174
5.7543 5.6264 5.7225 0.0174
5.7543 5.6264 5.7225 0.0174
5.7543 5.6264 5.7225 0.0174
5.7543 5.6264 5.7225 0.0174
5.7543 5.6264 5.7225 0.0174
5.7543 5.6264 5.7228 0.0173
5.7543 5.6264 5.7228 0.0173
5.7543 5.6264 5.7228 0.0173
5.7543 5.6264 5.7228 0.0173
5.7543 5.6264 5.7228 0.0173
5.7543 5.6264 5.7228 0.0173
5.7543 5.6264 5.7228 0.0173
5.7543 5.6264 5.7228 0.0173
5.7543 5.6264 5.7228 0.0173
5.7543 5.6264 5.7228 0.0173
5.7543 5.6264 5.7231 0.0173
5.7543 5.6264 5.7231 0.0173
5.7543 5.6264 5.7231 0.0173
5.7543 5.6264 5.7231 0.0173
5.7543 5.6264 5.7231 0.0173
5.7543 5.6264 5.7231 0.0173
5.7543 5.6264 5.7231 0.0173
5.7543 5.6264 5.7231 0.0173
5.7543 5.6264 5.7231 0.0173
5.7543 5.6264 5.7231 0.0173
5.7543 5.6264 5.7231 0.0173
5.7543 5.6264 5.7231 0.0173
5.7543 5.6264 5.7231 0.0173
5.7543 5.6264 5.7231 0.0173
5.7543 5.6264 5.7231 0.0173
5.7543 5.6264 5.7231 0.0173
5.7543 5.6264 5.7236 0.0168
5.7543 5.6264 5.7236 0.0168
5.7543 5.6264 5.7236 0.0168
5.7543 5.6264 5.7236 0.0168
5.7543 5.6264 5.7236 0.0168
5.7543 5.6264 5.7236 0.0168
5.7543 5.6264 5.7236 0.0168
5.7543 5.6264 5.7236 0.0168
5.7543 5.6264 5.7238 0.0168
5.7543 5.6264 5.7239 0.0168
5.7543 5.6264 5.7239 0.0168
5.7543 5.6264 5.7241 0.0168
5.7543 5.6264 5.7241 0.0168
5.7543 5.6264 5.7241 0.0168
5.7543 5.6264 5.7241 0.0168
5.7543 5.6264 5.7245 0.0166
5.7543 5.6264 5.7245 0.0166
5.7543 5.6264 5.7245 0.0166
5.7543 5.6264 5.7245 0.0166
5.7543 5.6264 5.7247 0.0166
5.7543 5.6264 5.7247 0.0166
5.7543 5.6264 5.7247 0.0166
5.7543 5.6264 5.7247 0.0166
5.7543 5.6264 5.7247 0.0167
5.7543 5.6264 5.7250 0.0165
5.7543 5.6264 5.7252 0.0165
5.7543 5.6264 5.7252 0.0165
5.7543 5.6264 5.7252 0.0165
5.7543 5.6264 5.7252 0.0165
5.7543 5.6264 5.7252 0.0165
5.7543 5.6264 5.7255 0.0163
5.7543 5.6264 5.7255 0.0163
5.7543 5.6264 5.7255 0.0163
5.7543 5.6264 5.7255 0.0163
5.7543 5.6264 5.7255 0.0163
5.7543 5.6264 5.7256 0.0163
5.7543 5.6264 5.7256 0.0163
5.7543 5.6264 5.7256 0.0163
5.7543 5.6264 5.7256 0.0163
5.7543 5.6264 5.7259 0.0165
5.7543 5.6264 5.7260 0.0164
5.7543 5.6264 5.7263 0.0164
5.7543 5.6264 5.7263 0.0164
5.7543 5.6264 5.7263 0.0164
5.7543 5.6264 5.7263 0.0164
5.7543 5.6264 5.7263 0.0164
5.7543 5.6264 5.7263 0.0164
5.7543 5.6264 5.7263 0.0164
5.7543 5.6264 5.7264 0.0164
5.7543 5.6264 5.7265 0.0164
5.7543 5.6264 5.7265 0.0164
5.7543 5.6264 5.7266 0.0165
5.7543 5.6264 5.7266 0.0165
5.7543 5.6264 5.7266 0.0165
5.7543 5.6264 5.7266 0.0165
5.7543 5.6264 5.7266 0.0165
5.7543 5.6264 5.7266 0.0165
5.7543 5.6264 5.7266 0.0165
5.7543 5.6264 5.7267 0.0165
5.7543 5.6264 5.7270 0.0166
5.7543 5.6264 5.7270 0.0166
5.7543 5.6264 5.7270 0.0166
5.7543 5.6264 5.7272 0.0164
5.7543 5.6264 5.7272 0.0164
5.7543 5.6264 5.7275 0.0163
5.7543 5.6264 5.7275 0.0163
5.7543 5.6264 5.7275 0.0163
5.7543 5.6264 5.7275 0.0163
5.7543 5.6264 5.7276 0.0163
5.7543 5.6264 5.7277 0.0163
5.7543 5.6264 5.7277 0.0163
5.7543 5.6264 5.7278 0.0163
5.7543 5.6264 5.7279 0.0164
5.7543 5.6264 5.7279 0.0164
5.7543 5.6264 5.7279 0.0164
5.7543 5.6264 5.7280 0.0164
5.7543 5.6264 5.7281 0.0164
5.7543 5.6264 5.7281 0.0164
5.7543 5.6264 5.7281 0.0164
5.7543 5.6264 5.7281 0.0164
5.7543 5.6264 5.7281 0.0164
5.7543 5.6264 5.7281 0.0164
5.7543 5.6264 5.7282 0.0164
5.7543 5.6264 5.7283 0.0164
5.7543 5.6264 5.7283 0.0164
5.7543 5.6264 5.7283 0.0164
5.7543 5.6264 5.7283 0.0164
5.7543 5.6264 5.7283 0.0164
5.7543 5.6264 5.7284 0.0164
5.7543 5.6264 5.7284 0.0164
5.7543 5.6264 5.7284 0.0164
5.7543 5.6264 5.7284 0.0164
5.7543 5.6264 5.7284 0.0164
5.7543 5.6264 5.7284 0.0165
5.7543 5.6264 5.7285 0.0165
5.7543 5.6264 5.7285 0.0165
5.7543 5.6264 5.7285 0.0165
5.7543 5.6264 5.7285 0.0165
5.7543 5.6264 5.7285 0.0165
5.7543 5.6264 5.7285 0.0165
5.7543 5.6264 5.7285 0.0165
5.7543 5.6264 5.7285 0.0165
5.7543 5.6264 5.7285 0.0165
5.7543 5.6264 5.7285 0.0165
5.7543 5.6264 5.7285 0.0165
5.7543 5.6264 5.7285 0.0165
5.7543 5.6264 5.7285 0.0165
5.7543 5.6264 5.7285 0.0165
5.7543 5.6264 5.7285 0.0165
5.7543 5.6579 5.7296 0.0129
5.7543 5.6579 5.7297 0.0128
5.7543 5.6579 5.7297 0.0128
5.7543 5.6579 5.7298 0.0128
5.7543 5.6579 5.7298 0.0128
5.7543 5.6579 5.7298 0.0128
5.7543 5.6579 5.7298 0.0128
5.7543 5.6579 5.7298 0.0128
5.7543 5.6579 5.7300 0.0128
5.7543 5.6579 5.7301 0.0129
5.7543 5.6579 5.7301 0.0129
5.7543 5.6579 5.7301 0.0129
5.7543 5.6579 5.7301 0.0129
5.7543 5.6579 5.7301 0.0129
5.7543 5.6579 5.7301 0.0129
5.7543 5.6579 5.7301 0.0129
5.7543 5.6579 5.7301 0.0129
5.7543 5.6579 5.7302 0.0129
5.7543 5.6579 5.7302 0.0129
5.7543 5.6579 5.7302 0.0129
5.7543 5.6579 5.7302 0.0129
5.7543 5.6579 5.7302 0.0129
5.7543 5.6579 5.7302 0.0129
5.7543 5.6579 5.7302 0.0129
5.7543 5.6579 5.7302 0.0129
5.7543 5.6579 5.7302 0.0129
5.7543 5.6579 5.7302 0.0129
5.7543 5.6579 5.7302 0.0129
5.7543 5.6579 5.7303 0.0129
5.7543 5.6579 5.7303 0.0129
5.7543 5.6579 5.7303 0.0129
5.7543 5.6579 5.7304 0.0130
5.7543 5.6579 5.7304 0.0130
5.7543 5.6579 5.7304 0.0130
5.7543 5.6579 5.7304 0.0130
5.7543 5.6579 5.7304 0.0130
5.7543 5.6579 5.7304 0.0130
5.7543 5.6579 5.7304 0.0130
5.7543 5.6579 5.7304 0.0130
5.7543 5.6579 5.7304 0.0130
5.7543 5.6579 5.7304 0.0130
5.7543 5.6579 5.7304 0.0130
5.7543 5.6579 5.7304 0.0130
5.7543 5.6579 5.7304 0.0130
5.7543 5.6579 5.7306 0.0129
5.7543 5.6579 5.7306 0.0129
5.7543 5.6579 5.7306 0.0129
5.7543 5.6579 5.7307 0.0128
5.7543 5.6579 5.7307 0.0128
5.7543 5.6579 5.7307 0.0128
5.7543 5.6579 5.7307 0.0128
5.7543 5.6579 5.7309 0.0128
5.7543 5.6579 5.7309 0.0128
5.7543 5.6579 5.7309 0.0128
5.7543 5.6579 5.7309 0.0128
5.7543 5.6579 5.7309 0.0128
5.7543 5.6579 5.7309 0.0128
5.7543 5.6579 5.7309 0.0128
5.7543 5.6579 5.7309 0.0128
5.7543 5.6579 5.7309 0.0128
5.7543 5.6579 5.7309 0.0128
5.7543 5.6579 5.7309 0.0128
5.7543 5.6579 5.7309 0.0128
5.7543 5.6579 5.7310 0.0128
5.7543 5.6579 5.7310 0.0128
5.7543 5.6579 5.7310 0.0128
5.7543 5.6579 5.7310 0.0128
5.7543 5.6579 5.7310 0.0128
5.7543 5.6579 5.7310 0.0128
5.7543 5.6579 5.7310 0.0128
5.7543 5.6579 5.7311 0.0128
5.7543 5.6579 5.7311 0.0128
5.7543 5.6579 5.7311 0.0128
5.7543 5.6579 5.7311 0.0128
5.7543 5.6579 5.7311 0.0128
5.7543 5.6579 5.7312 0.0128
5.7543 5.6579 5.7312 0.0128
5.7543 5.6579 5.7313 0.0128
5.7543 5.6579 5.7313 0.0128
5.7543 5.6579 5.7313 0.0128
5.7543 5.6579 5.7315 0.0128
5.7543 5.6579 5.7315 0.0128
5.7543 5.6579 5.7315 0.0128
5.7543 5.6579 5.7316 0.0127
5.7543 5.6579 5.7316 0.0127
5.7543 5.6579 5.7316 0.0127
5.7543 5.6579 5.7316 0.0127
5.7543 5.6579 5.7318 0.0129
5.7543 5.6579 5.7318 0.0129
5.7543 5.6579 5.7318 0.0129
5.7569 5.6579 5.7319 0.0130
5.7569 5.6579 5.7319 0.0130
5.7569 5.6579 5.7319 0.0130
5.7569 5.6579 5.7321 0.0129
5.7569 5.6579 5.7321 0.0129
5.7569 5.6579 5.7321 0.0129
5.7569 5.6579 5.7321 0.0129
5.7569 5.6579 5.7321 0.0129
5.7569 5.6579 5.7322 0.0130
5.7569 5.6579 5.7322 0.0130
5.7569 5.6579 5.7322 0.0130
5.7569 5.6579 5.7322 0.0130
5.7569 5.6582 5.7322 0.0129
5.7569 5.6582 5.7322 0.0129
5.7569 5.6582 5.7322 0.0129
5.7569 5.6582 5.7322 0.0129
5.7569 5.6582 5.7322 0.0129
5.7569 5.6582 5.7322 0.0129
5.7569 5.6582 5.7322 0.0129
5.7569 5.6582 5.7322 0.0129
5.7569 5.6582 5.7322 0.0129
5.7569 5.6582 5.7322 0.0129
5.7569 5.6582 5.7322 0.0130
5.7569 5.6582 5.7322 0.0130
5.7569 5.6582 5.7322 0.0130
5.7569 5.6582 5.7322 0.0130
5.7569 5.6582 5.7322 0.0130
5.7569 5.6582 5.7322 0.0130
5.7569 5.6582 5.7322 0.0130
5.7569 5.6582 5.7322 0.0130
5.7569 5.6582 5.7322 0.0130
5.7569 5.6582 5.7323 0.0127
5.7569 5.6582 5.7323 0.0127
5.7569 5.6582 5.7324 0.0127
5.7569 5.6582 5.7324 0.0127
5.7569 5.6582 5.7324 0.0127
5.7569 5.6582 5.7324 0.0127
5.7569 5.6582 5.7325 0.0128
5.7569 5.6582 5.7325 0.0128
5.7569 5.6582 5.7325 0.0128
5.7569 5.6582 5.7325 0.0128
5.7569 5.6582 5.7325 0.0128
5.7569 5.6582 5.7325 0.0128
5.7569 5.6582 5.7325 0.0128
5.7569 5.6582 5.7325 0.0128
5.7569 5.6582 5.7325 0.0128
5.7569 5.6582 5.7325 0.0128
5.7569 5.6582 5.7325 0.0128
5.7569 5.6582 5.7326 0.0128
5.7569 5.6582 5.7326 0.0128
5.7569 5.6582 5.7326 0.0128
5.7672 5.6582 5.7329 0.0133
5.7672 5.6582 5.7329 0.0133
5.7672 5.6582 5.7329 0.0133
5.7672 5.6582 5.7330 0.0134
5.7672 5.6582 5.7330 0.0134
5.7672 5.6582 5.7330 0.0134
5.7672 5.6582 5.7330 0.0134
5.7672 5.6582 5.7330 0.0134
5.7672 5.6582 5.7330 0.0134
5.7672 5.6582 5.7330 0.0134
5.7672 5.6582 5.7330 0.0134
5.7672 5.6582 5.7330 0.0134
5.7672 5.6582 5.7331 0.0134
5.7672 5.6582 5.7332 0.0134
5.7672 5.6582 5.7332 0.0134
5.7672 5.6582 5.7333 0.0134
5.7672 5.6582 5.7333 0.0134
5.7672 5.6582 5.7333 0.0134
5.7672 5.6582 5.7334 0.0134
5.7672 5.6582 5.7334 0.0134
5.7672 5.6582 5.7334 0.0134
5.7672 5.6582 5.7335 0.0134
5.7672 5.6582 5.7335 0.0134
5.7672 5.6582 5.7335 0.0134
5.7672 5.6582 5.7335 0.0134
5.7672 5.6582 5.7337 0.0134
5.7672 5.6582 5.7337 0.0134
5.7672 5.6582 5.7337 0.0134
5.7672 5.6582 5.7339 0.0134
5.7672 5.6582 5.7339 0.0134
5.7672 5.6582 5.7339 0.0134
5.7672 5.6582 5.7340 0.0134
5.7672 5.6582 5.7340 0.0134
5.7672 5.6582 5.7340 0.0134
5.7672 5.6582 5.7340 0.0134
5.7672 5.6582 5.7340 0.0134
5.7672 5.6582 5.7340 0.0134
5.7672 5.6582 5.7340 0.0134
5.7672 5.6582 5.7340 0.0134
5.7672 5.6582 5.7341 0.0134
5.7672 5.6582 5.7341 0.0134
5.7672 5.6582 5.7342 0.0134
5.7672 5.6582 5.7342 0.0134
5.7672 5.6582 5.7343 0.0134
5.7672 5.6582 5.7343 0.0134
5.7672 5.6582 5.7343 0.0132
5.7672 5.6582 5.7343 0.0132
5.7672 5.6582 5.7343 0.0132
5.7672 5.6582 5.7343 0.0132
5.7672 5.6582 5.7343 0.0132
5.7672 5.6582 5.7343 0.0132
5.7672 5.6582 5.7343 0.0132
5.7672 5.6582 5.7343 0.0132
5.7672 5.6582 5.7345 0.0132
5.7672 5.6582 5.7345 0.0132
5.7672 5.6582 5.7345 0.0132
5.7672 5.6582 5.7349 0.0128
5.7672 5.6582 5.7349 0.0128
5.7672 5.6582 5.7349 0.0128
5.7672 5.6582 5.7349 0.0128
5.7672 5.6582 5.7349 0.0128
5.7672 5.6582 5.7349 0.0128
5.7672 5.6582 5.7349 0.0128
5.7672 5.6582 5.7349 0.0128
5.7672 5.6582 5.7349 0.0128
5.7672 5.6582 5.7349 0.0128
5.7672 5.6582 5.7352 0.0124
5.7672 5.6582 5.7352 0.0124
5.7672 5.6582 5.7352 0.0124
5.7672 5.6582 5.7352 0.0124
5.7672 5.6582 5.7352 0.0124
5.7672 5.6582 5.7353 0.0124
5.7672 5.6582 5.7353 0.0124
5.7672 5.6582 5.7353 0.0124
5.7672 5.6582 5.7353 0.0124
5.7672 5.6582 5.7354 0.0124
5.7672 5.6582 5.7354 0.0124
5.7672 5.6582 5.7354 0.0124
5.7672 5.6582 5.7355 0.0124
5.7672 5.6582 5.7355 0.0124
5.7672 5.6582 5.7355 0.0124
5.7672 5.6582 5.7355 0.0124
5.7672 5.6582 5.7355 0.0124
5.7672 5.6582 5.7355 0.0124
5.7672 5.6582 5.7356 0.0124
5.7672 5.6582 5.7356 0.0124
5.7672 5.6582 5.7356 0.0124
5.7672 5.6582 5.7356 0.0124
5.7672 5.6582 5.7356 0.0124
5.7672 5.6582 5.7356 0.0124
5.7672 5.6582 5.7356 0.0124
5.7672 5.6582 5.7356 0.0124
5.7672 5.6582 5.7356 0.0124
5.7672 5.6582 5.7357 0.0126
5.7672 5.6582 5.7357 0.0126
5.7672 5.6582 5.7357 0.0126
5.7672 5.6582 5.7357 0.0126
5.7672 5.6582 5.7357 0.0126
5.7672 5.6582 5.7357 0.0126
5.7672 5.6582 5.7357 0.0126
5.7672 5.6582 5.7357 0.0126
5.7672 5.6582 5.7357 0.0126
5.7672 5.6582 5.7358 0.0126
5.7672 5.6582 5.7358 0.0126
5.7672 5.6582 5.7358 0.0126
5.7672 5.6582 5.7358 0.0126
5.7672 5.6582 5.7358 0.0126
5.7672 5.6582 5.7358 0.0126
5.7672 5.6582 5.7358 0.0126
5.7672 5.6582 5.7358 0.0127
5.7672 5.6582 5.7358 0.0127
5.7672 5.6582 5.7358 0.0127
5.7672 5.6582 5.7359 0.0127
5.7672 5.6582 5.7361 0.0128
5.7672 5.6582 5.7364 0.0127
5.7672 5.6582 5.7364 0.0127
5.7672 5.6582 5.7364 0.0127
5.7672 5.6582 5.7365 0.0126
5.7672 5.6582 5.7365 0.0126
5.7672 5.6582 5.7365 0.0126
5.7672 5.6582 5.7365 0.0126
5.7672 5.6582 5.7367 0.0124
5.7672 5.6582 5.7367 0.0124
5.7672 5.6582 5.7367 0.0124
5.7672 5.6582 5.7368 0.0124
5.7672 5.6582 5.7369 0.0124
5.7672 5.6582 5.7369 0.0124
5.7672 5.6582 5.7369 0.0124
5.7672 5.6582 5.7370 0.0124
5.7672 5.6582 5.7370 0.0124
5.7672 5.6582 5.7371 0.0124
5.7672 5.6582 5.7371 0.0124
5.7672 5.6582 5.7371 0.0124
5.7672 5.6582 5.7371 0.0124
5.7672 5.6582 5.7371 0.0124
5.7672 5.6582 5.7371 0.0124
5.7672 5.6582 5.7371 0.0125
5.7672 5.6582 5.7374 0.0128
5.7672 5.6582 5.7377 0.0131
5.7672 5.6582 5.7377 0.0131
5.7672 5.6582 5.7379 0.0134
5.7672 5.6582 5.7381 0.0134
5.7672 5.6582 5.7381 0.0134
5.7672 5.6582 5.7381 0.0134
5.7672 5.6582 5.7381 0.0134
5.7672 5.6582 5.7382 0.0135
5.7672 5.6582 5.7382 0.0135
5.7672 5.6582 5.7382 0.0135
5.7672 5.6582 5.7382 0.0135
5.7672 5.6582 5.7383 0.0135
5.7672 5.6582 5.7383 0.0134
5.7672 5.6582 5.7383 0.0134
5.7672 5.6582 5.7383 0.0134
5.7672 5.6582 5.7383 0.0134
5.7672 5.6582 5.7383 0.0134
5.7672 5.6582 5.7383 0.0134
5.7672 5.6582 5.7384 0.0134
5.7672 5.6582 5.7384 0.0134
5.7672 5.7062 5.7389 0.0111
5.7672 5.7062 5.7390 0.0111
5.7672 5.7062 5.7390 0.0111
5.7672 5.7062 5.7390 0.0111
5.7672 5.7062 5.7390 0.0111
5.7672 5.7062 5.7390 0.0111
5.7672 5.7062 5.7390 0.0111
5.7672 5.7062 5.7390 0.0111
5.7672 5.7062 5.7390 0.0111
5.7672 5.7062 5.7390 0.0111
5.7672 5.7062 5.7390 0.0111
5.7672 5.7062 5.7390 0.0111
5.7672 5.7062 5.7390 0.0111
5.7672 5.7062 5.7390 0.0111
5.7672 5.7062 5.7390 0.0111
5.7672 5.7062 5.7390 0.0111
5.7672 5.7062 5.7390 0.0111
5.7672 5.7062 5.7390 0.0111
5.7672 5.7062 5.7390 0.0111
5.7672 5.7062 5.7393 0.0108
5.7672 5.7062 5.7393 0.0108
5.7672 5.7062 5.7393 0.0108
5.7672 5.7062 5.7393 0.0108
5.7672 5.7062 5.7394 0.0106
5.7672 5.7062 5.7394 0.0106
5.7672 5.7062 5.7394 0.0106
5.7672 5.7062 5.7394 0.0106
5.7672 5.7062 5.7394 0.0106
5.7672 5.7062 5.7394 0.0106
5.7672 5.7062 5.7395 0.0104
5.7672 5.7062 5.7396 0.0104
5.7672 5.7062 5.7396 0.0104
5.7672 5.7062 5.7396 0.0104
5.7672 5.7062 5.7396 0.0104
5.7672 5.7062 5.7396 0.0104
5.7672 5.7062 5.7396 0.0104
5.7672 5.7062 5.7396 0.0104
5.7672 5.7062 5.7396 0.0104
5.7672 5.7062 5.7396 0.0104
5.7672 5.7062 5.7396 0.0104
5.7672 5.7062 5.7396 0.0104
5.7672 5.7062 5.7396 0.0104
5.7672 5.7062 5.7396 0.0104
5.7672 5.7062 5.7396 0.0104
5.7672 5.7062 5.7401 0.0106
5.7672 5.7062 5.7401 0.0106
5.7672 5.7062 5.7401 0.0106
5.7672 5.7062 5.7401 0.0106
5.7672 5.7062 5.7402 0.0106
5.7672 5.7062 5.7402 0.0106
5.7672 5.7062 5.7402 0.0106
5.7672 5.7062 5.7402 0.0106
5.7672 5.7062 5.7403 0.0106
5.7672 5.7062 5.7403 0.0106
5.7672 5.7062 5.7403 0.0107
5.7672 5.7062 5.7403 0.0107
5.7672 5.7062 5.7404 0.0107
5.7672 5.7167 5.7408 0.0101
5.7672 5.7167 5.7408 0.0101
5.7672 5.7167 5.7408 0.0101
5.7672 5.7167 5.7408 0.0101
5.7672 5.7167 5.7408 0.0101
5.7672 5.7167 5.7408 0.0101
5.7672 5.7167 5.7408 0.0101
5.7672 5.7167 5.7408 0.0101
5.7672 5.7167 5.7408 0.0101
5.7672 5.7167 5.7408 0.0101
5.7672 5.7167 5.7408 0.0101
5.7672 5.7167 5.7408 0.0101
5.7672 5.7167 5.7408 0.0101
5.7672 5.7167 5.7408 0.0101
5.7672 5.7167 5.7409 0.0101
5.7672 5.7167 5.7411 0.0105
5.7672 5.7167 5.7412 0.0104
5.7672 5.7167 5.7414 0.0105
5.7672 5.7167 5.7414 0.0105
5.7672 5.7167 5.7414 0.0106
5.7672 5.7167 5.7416 0.0107
5.7672 5.7167 5.7416 0.0107
5.7672 5.7167 5.7416 0.0107
5.7672 5.7167 5.7417 0.0107
5.7672 5.7167 5.7417 0.0107
5.7672 5.7167 5.7417 0.0107
5.7672 5.7167 5.7417 0.0107
5.7672 5.7167 5.7417 0.0107
5.7672 5.7167 5.7418 0.0106
5.7672 5.7167 5.7418 0.0106
5.7672 5.7167 5.7418 0.0106
5.7672 5.7167 5.7418 0.0106
5.7672 5.7167 5.7420 0.0105
5.7672 5.7167 5.7420 0.0105
5.7672 5.7167 5.7423 0.0108
5.7672 5.7167 5.7423 0.0108
5.7672 5.7167 5.7423 0.0108
5.7672 5.7167 5.7423 0.0108
5.7672 5.7167 5.7423 0.0108
5.7672 5.7167 5.7423 0.0108
5.7672 5.7167 5.7423 0.0108
5.7672 5.7167 5.7423 0.0108
5.7672 5.7167 5.7423 0.0108
5.7672 5.7167 5.7423 0.0108
5.7672 5.7167 5.7423 0.0108
5.7672 5.7167 5.7424 0.0108
5.7672 5.7167 5.7424 0.0108
5.7672 5.7167 5.7424 0.0108
5.7672 5.7167 5.7424 0.0108
5.7672 5.7167 5.7424 0.0108
5.7672 5.7167 5.7424 0.0107
5.7672 5.7167 5.7425 0.0107
5.7672 5.7167 5.7425 0.0107
5.7672 5.7167 5.7425 0.0107
5.7672 5.7167 5.7425 0.0107
5.7672 5.7167 5.7426 0.0107
5.7672 5.7167 5.7426 0.0107
5.7672 5.7167 5.7426 0.0107
5.7672 5.7167 5.7426 0.0107
5.7672 5.7167 5.7426 0.0107
5.7672 5.7167 5.7426 0.0107
5.7672 5.7167 5.7427 0.0108
5.7672 5.7167 5.7427 0.0108
5.7672 5.7167 5.7427 0.0108
5.7683 5.7167 5.7429 0.0111
5.7683 5.7167 5.7429 0.0111
5.7683 5.7167 5.7429 0.0111
5.7683 5.7167 5.7429 0.0111
5.7683 5.7167 5.7429 0.0111
5.7683 5.7167 5.7429 0.0111
5.7683 5.7167 5.7429 0.0111
5.7683 5.7167 5.7429 0.0111
5.7683 5.7167 5.7431 0.0113
5.7683 5.7167 5.7431 0.0113
5.7683 5.7167 5.7431 0.0113
5.7683 5.7167 5.7431 0.0113
5.7683 5.7167 5.7432 0.0113
5.7683 5.7167 5.7432 0.0113
5.7683 5.7167 5.7432 0.0113
5.7683 5.7167 5.7432 0.0113
5.7683 5.7167 5.7432 0.0113
5.7683 5.7167 5.7432 0.0113
5.7683 5.7167 5.7433 0.0113
5.7683 5.7167 5.7433 0.0113
5.7683 5.7167 5.7435 0.0115
5.7683 5.7167 5.7436 0.0115
5.7683 5.7167 5.7436 0.0115
5.7683 5.7167 5.7436 0.0115
5.7683 5.7167 5.7436 0.0115
5.7683 5.7167 5.7436 0.0115
5.7683 5.7167 5.7437 0.0115
5.7683 5.7167 5.7437 0.0115
5.7683 5.7167 5.7437 0.0115
5.7683 5.7167 5.7437 0.0115
5.7683 5.7167 5.7437 0.0115
5.7683 5.7167 5.7438 0.0115
5.7683 5.7167 5.7438 0.0115
5.7683 5.7167 5.7438 0.0115
5.7683 5.7167 5.7438 0.0115
5.7683 5.7167 5.7439 0.0115
5.7683 5.7167 5.7439 0.0115
5.7683 5.7167 5.7439 0.0115
5.7683 5.7167 5.7439 0.0115
5.7683 5.7167 5.7441 0.0115
5.7683 5.7167 5.7441 0.0115
5.7683 5.7167 5.7441 0.0115
5.7683 5.7167 5.7441 0.0115
5.7683 5.7167 5.7441 0.0115
5.7683 5.7167 5.7443 0.0116
5.7683 5.7167 5.7443 0.0116
5.7683 5.7167 5.7443 0.0116
5.7683 5.7167 5.7443 0.0116
5.7683 5.7167 5.7443 0.0116
5.7683 5.7167 5.7443 0.0116
5.7683 5.7167 5.7443 0.0116
5.7683 5.7167 5.7443 0.0116
5.7683 5.7167 5.7443 0.0116
5.7683 5.7167 5.7443 0.0116
5.7683 5.7167 5.7443 0.0116
5.7683 5.7167 5.7444 0.0116
5.7683 5.7167 5.7444 0.0116
5.7683 5.7167 5.7444 0.0116
5.7683 5.7167 5.7444 0.0116
5.7683 5.7167 5.7444 0.0116
5.7683 5.7167 5.7444 0.0116
5.7683 5.7167 5.7444 0.0116
5.7683 5.7167 5.7444 0.0116
5.7764 5.7167 5.7445 0.0118
5.7764 5.7167 5.7445 0.0118
5.7764 5.7167 5.7445 0.0118
5.7764 5.7167 5.7445 0.0118
5.7764 5.7167 5.7445 0.0118
5.7764 5.7167 5.7445 0.0118
5.7764 5.7167 5.7445 0.0118
5.7764 5.7167 5.7445 0.0118
5.7764 5.7167 5.7446 0.0118
5.7764 5.7167 5.7447 0.0118
5.7764 5.7167 5.7447 0.0118
5.7764 5.7167 5.7447 0.0118
5.7764 5.7167 5.7447 0.0118
5.7764 5.7167 5.7447 0.0118
5.7764 5.7167 5.7447 0.0118
5.7764 5.7167 5.7451 0.0116
5.7764 5.7167 5.7451 0.0116
5.7764 5.7167 5.7451 0.0116
5.7764 5.7167 5.7451 0.0116
5.7764 5.7167 5.7451 0.0116
5.7764 5.7167 5.7451 0.0116
5.7764 5.7167 5.7451 0.0116
5.7764 5.7167 5.7451 0.0116
5.7764 5.7167 5.7451 0.0116
5.7764 5.7167 5.7452 0.0115
5.7764 5.7167 5.7452 0.0115
5.7764 5.7167 5.7452 0.0115
5.7764 5.7167 5.7452 0.0115
5.7764 5.7167 5.7452 0.0115
5.7764 5.7167 5.7454 0.0117
5.7764 5.7167 5.7454 0.0117
5.7764 5.7167 5.7454 0.0117
5.7764 5.7167 5.7454 0.0117
5.7764 5.7167 5.7454 0.0117
5.7764 5.7167 5.7454 0.0117
5.7764 5.7167 5.7455 0.0117
5.7764 5.7167 5.7455 0.0117
5.7764 5.7167 5.7455 0.0117
5.7764 5.7167 5.7455 0.0117
5.7764 5.7167 5.7456 0.0116
5.7764 5.7167 5.7458 0.0116
5.7764 5.7167 5.7458 0.0116
5.7764 5.7167 5.7458 0.0116
5.7764 5.7176 5.7461 0.0112
5.7764 5.7176 5.7461 0.0112
5.7764 5.7176 5.7463 0.0111
5.7764 5.7176 5.7463 0.0111
5.7764 5.7176 5.7463 0.0111
5.7764 5.7176 5.7463 0.0111
5.7764 5.7176 5.7464 0.0111
5.7764 5.7176 5.7464 0.0111
5.7764 5.7176 5.7464 0.0111
5.7764 5.7176 5.7464 0.0111
5.7764 5.7176 5.7464 0.0111
5.7764 5.7176 5.7467 0.0108
5.7764 5.7176 5.7469 0.0109
5.7764 5.7176 5.7469 0.0109
5.7764 5.7176 5.7470 0.0109
5.7764 5.7176 5.7471 0.0107
5.7764 5.7176 5.7471 0.0107
5.7764 5.7176 5.7472 0.0106
5.7764 5.7176 5.7472 0.0106
5.7764 5.7176 5.7472 0.0106
5.7764 5.7176 5.7472 0.0106
5.7764 5.7176 5.7472 0.0106
5.7764 5.7176 5.7473 0.0106
5.7764 5.7176 5.7473 0.0106
5.7764 5.7176 5.7475 0.0106
5.7764 5.7176 5.7475 0.0106
5.7764 5.7176 5.7477 0.0106
5.7764 5.7176 5.7477 0.0106
5.7764 5.7176 5.7478 0.0106
5.7764 5.7176 5.7479 0.0106
5.7764 5.7176 5.7479 0.0106
5.7764 5.7176 5.7480 0.0105
5.7764 5.7176 5.7480 0.0105
5.7764 5.7176 5.7481 0.0105
5.7764 5.7176 5.7481 0.0105
5.7764 5.7176 5.7481 0.0105
5.7764 5.7176 5.7481 0.0105
5.7764 5.7176 5.7481 0.0105
5.7764 5.7176 5.7481 0.0105
5.7764 5.7176 5.7481 0.0105
5.7764 5.7176 5.7481 0.0105
5.7764 5.7176 5.7482 0.0104
5.7764 5.7176 5.7482 0.0104
5.7764 5.7176 5.7482 0.0104
5.7764 5.7176 5.7482 0.0104
5.7764 5.7176 5.7482 0.0104
5.7764 5.7176 5.7482 0.0104
5.7764 5.7176 5.7482 0.0104
5.7764 5.7176 5.7482 0.0104
5.7764 5.7176 5.7482 0.0104
5.7764 5.7176 5.7482 0.0104
5.7764 5.7176 5.7482 0.0104
5.7764 5.7176 5.7483 0.0106
5.7764 5.7176 5.7483 0.0106
5.7764 5.7176 5.7483 0.0106
5.7764 5.7176 5.7483 0.0106
5.7764 5.7176 5.7483 0.0106
5.7764 5.7176 5.7483 0.0106
5.7764 5.7176 5.7483 0.0106
5.7764 5.7176 5.7483 0.0106
5.7764 5.7176 5.7483 0.0106
5.7764 5.7176 5.7483 0.0106
5.7764 5.7176 5.7483 0.0106
5.7764 5.7176 5.7484 0.0105
5.7764 5.7176 5.7484 0.0105
5.7764 5.7176 5.7487 0.0109
5.7764 5.7176 5.7487 0.0109
5.7764 5.7176 5.7487 0.0109
5.7764 5.7176 5.7487 0.0109
5.7764 5.7176 5.7487 0.0109
5.7764 5.7176 5.7487 0.0109
5.7764 5.7176 5.7487 0.0109
5.7764 5.7176 5.7487 0.0109
5.7764 5.7176 5.7487 0.0109
5.7764 5.7176 5.7488 0.0109
5.7764 5.7176 5.7488 0.0109
5.7764 5.7176 5.7488 0.0109
5.7764 5.7176 5.7489 0.0110
5.7764 5.7176 5.7490 0.0111
5.7764 5.7176 5.7490 0.0111
5.7764 5.7176 5.7491 0.0111
5.7764 5.7176 5.7491 0.0111
5.7764 5.7176 5.7491 0.0111
5.7764 5.7176 5.7493 0.0112
5.7764 5.7176 5.7493 0.0112
5.7764 5.7176 5.7493 0.0112
5.7764 5.7176 5.7495 0.0112
5.7764 5.7176 5.7495 0.0112
5.7764 5.7176 5.7495 0.0112
5.7764 5.7176 5.7495 0.0112
5.7764 5.7176 5.7495 0.0112
5.7764 5.7176 5.7495 0.0112
5.7764 5.7176 5.7495 0.0112
5.7764 5.7176 5.7495 0.0112
5.7764 5.7176 5.7495 0.0112
5.7764 5.7176 5.7495 0.0112
5.7764 5.7176 5.7495 0.0112
5.7764 5.7176 5.7498 0.0111
5.7764 5.7176 5.7498 0.0111
5.7764 5.7176 5.7498 0.0111
5.7764 5.7176 5.7498 0.0111
5.7764 5.7176 5.7498 0.0111
5.7764 5.7176 5.7498 0.0111
5.7764 5.7176 5.7498 0.0111
5.7764 5.7176 5.7498 0.0111
5.7764 5.7176 5.7498 0.0111
5.7764 5.7176 5.7498 0.0111
5.7764 5.7176 5.7498 0.0111
5.7764 5.7176 5.7498 0.0111
5.7764 5.7184 5.7501 0.0106
5.7764 5.7184 5.7501 0.0106
5.7764 5.7184 5.7501 0.0106
5.7764 5.7184 5.7501 0.0106
5.7764 5.7184 5.7501 0.0106
5.7764 5.7184 5.7501 0.0106
5.7764 5.7184 5.7501 0.0106
5.7764 5.7184 5.7504 0.0106
5.7764 5.7184 5.7504 0.0106
5.7764 5.7184 5.7505 0.0107
5.7764 5.7184 5.7505 0.0107
5.7764 5.7184 5.7508 0.0108
5.7764 5.7184 5.7508 0.0108
5.7764 5.7184 5.7508 0.0108
5.7764 5.7184 5.7510 0.0109
5.7764 5.7184 5.7511 0.0108
5.7764 5.7184 5.7511 0.0108
5.7764 5.7184 5.7512 0.0109
5.7764 5.7184 5.7512 0.0109
5.7764 5.7184 5.7512 0.0109
5.7764 5.7184 5.7512 0.0109
5.7764 5.7184 5.7512 0.0109
5.7764 5.7184 5.7513 0.0109
5.7764 5.7184 5.7513 0.0109
5.7764 5.7184 5.7513 0.0109
5.7764 5.7184 5.7513 0.0109
5.7764 5.7184 5.7513 0.0109
5.7792 5.7184 5.7515 0.0113
5.7792 5.7184 5.7515 0.0113
5.7792 5.7184 5.7515 0.0114
5.7792 5.7184 5.7516 0.0113
5.7792 5.7184 5.7517 0.0113
5.7792 5.7184 5.7517 0.0113
5.7792 5.7184 5.7517 0.0113
5.7792 5.7184 5.7517 0.0113
5.7792 5.7184 5.7517 0.0113
5.7792 5.7184 5.7517 0.0113
5.7792 5.7184 5.7517 0.0113
5.7792 5.7184 5.7518 0.0112
5.7812 5.7184 5.7518 0.0113
5.7812 5.7184 5.7519 0.0113
5.7812 5.7184 5.7519 0.0113
5.7812 5.7184 5.7521 0.0113
5.7812 5.7184 5.7523 0.0114
5.7812 5.7184 5.7523 0.0114
5.7812 5.7184 5.7523 0.0114
5.7812 5.7184 5.7523 0.0114
5.7812 5.7184 5.7524 0.0114
5.7812 5.7184 5.7524 0.0114
5.7812 5.7184 5.7524 0.0114
5.7812 5.7184 5.7524 0.0114
5.7812 5.7184 5.7524 0.0114
5.7812 5.7184 5.7524 0.0114
5.7812 5.7184 5.7524 0.0114
5.7812 5.7184 5.7525 0.0112
5.7812 5.7184 5.7528 0.0110
5.7812 5.7184 5.7528 0.0110
5.7812 5.7184 5.7529 0.0109
5.7812 5.7184 5.7529 0.0109
5.7812 5.7184 5.7529 0.0109
5.7812 5.7184 5.7530 0.0109
5.7812 5.7184 5.7530 0.0109
5.7812 5.7184 5.7532 0.0110
5.7851 5.7184 5.7534 0.0113
5.7851 5.7184 5.7535 0.0114
5.7851 5.7184 5.7535 0.0114
5.7851 5.7184 5.7536 0.0114
5.7851 5.7184 5.7536 0.0114
5.7851 5.7184 5.7536 0.0114
5.7851 5.7184 5.7536 0.0114
5.7851 5.7184 5.7536 0.0114
5.7851 5.7184 5.7536 0.0114
5.7851 5.7184 5.7538 0.0114
5.7851 5.7184 5.7538 0.0114
5.7851 5.7184 5.7538 0.0114
5.7851 5.7184 5.7541 0.0113
5.7851 5.7184 5.7541 0.0113
5.7851 5.7184 5.7541 0.0113
5.7851 5.7185 5.7541 0.0113
5.7851 5.7185 5.7541 0.0113
5.7851 5.7185 5.7541 0.0113
5.7851 5.7185 5.7541 0.0113
5.7851 5.7185 5.7541 0.0113
5.7851 5.7185 5.7541 0.0113
5.7851 5.7185 5.7541 0.0113
5.7851 5.7185 5.7541 0.0113
5.7851 5.7185 5.7541 0.0113
5.7851 5.7185 5.7541 0.0113
5.7851 5.7185 5.7542 0.0114
5.7851 5.7185 5.7544 0.0115
5.7851 5.7185 5.7544 0.0115
5.7851 5.7185 5.7544 0.0115
5.7851 5.7185 5.7544 0.0115
5.7851 5.7185 5.7544 0.0115
5.7851 5.7185 5.7545 0.0113
5.7851 5.7185 5.7545 0.0113
5.7851 5.7185 5.7545 0.0113
5.7851 5.7185 5.7545 0.0113
5.7851 5.7185 5.7545 0.0113
5.7851 5.7185 5.7545 0.0113
5.7851 5.7185 5.7545 0.0113
5.7851 5.7185 5.7546 0.0113
5.7851 5.7185 5.7546 0.0113
5.7851 5.7185 5.7546 0.0113
5.7851 5.7185 5.7547 0.0112
5.7851 5.7185 5.7547 0.0112
5.7851 5.7185 5.7547 0.0112
5.7851 5.7185 5.7547 0.0112
5.7851 5.7185 5.7547 0.0112
5.7851 5.7185 5.7547 0.0112
5.7851 5.7185 5.7547 0.0112
5.7851 5.7185 5.7547 0.0112
5.7851 5.7185 5.7547 0.0112
5.7851 5.7185 5.7547 0.0112
5.7851 5.7185 5.7547 0.0112
5.7851 5.7185 5.7547 0.0112
5.7851 5.7185 5.7547 0.0112
5.7851 5.7185 5.7548 0.0112
5.7851 5.7185 5.7548 0.0112
5.7851 5.7185 5.7548 0.0112
5.7851 5.7185 5.7550 0.0113
5.7851 5.7185 5.7550 0.0113
5.7851 5.7185 5.7550 0.0113
5.7851 5.7185 5.7550 0.0113
5.7851 5.7185 5.7550 0.0113
5.7851 5.7185 5.7551 0.0113
5.7851 5.7185 5.7552 0.0115
5.7851 5.7185 5.7552 0.0115
5.7851 5.7185 5.7552 0.0115
5.7851 5.7185 5.7553 0.0116
5.7851 5.7185 5.7553 0.0116
5.7851 5.7185 5.7553 0.0116
5.7851 5.7185 5.7553 0.0116
5.7851 5.7185 5.7553 0.0116
5.7851 5.7185 5.7554 0.0115
5.7851 5.7185 5.7554 0.0115
5.7851 5.7185 5.7554 0.0115
5.7851 5.7185 5.7554 0.0115
5.7851 5.7185 5.7554 0.0115
5.7851 5.7185 5.7554 0.0115
5.7851 5.7185 5.7555 0.0116
5.7851 5.7185 5.7558 0.0117
5.7851 5.7185 5.7558 0.0117
5.7851 5.7185 5.7560 0.0117
5.7851 5.7185 5.7560 0.0117
5.7851 5.7185 5.7560 0.0117
5.7851 5.7185 5.7560 0.0117
5.7851 5.7185 5.7560 0.0117
5.7851 5.7185 5.7562 0.0117
5.7851 5.7185 5.7562 0.0117
5.7851 5.7185 5.7562 0.0117
5.7851 5.7185 5.7563 0.0117
5.7851 5.7185 5.7564 0.0116
5.7851 5.7185 5.7567 0.0115
5.7851 5.7185 5.7567 0.0115
5.7851 5.7185 5.7567 0.0115
5.7851 5.7185 5.7567 0.0115
5.7851 5.7185 5.7567 0.0115
5.7851 5.7185 5.7567 0.0115
5.7851 5.7185 5.7567 0.0115
5.7851 5.7185 5.7567 0.0115
5.7851 5.7185 5.7567 0.0115
5.7851 5.7185 5.7568 0.0115
5.7851 5.7185 5.7570 0.0114
5.7851 5.7185 5.7572 0.0114
5.7851 5.7185 5.7572 0.0114
5.7851 5.7185 5.7572 0.0114
5.7851 5.7185 5.7572 0.0114
5.7851 5.7185 5.7573 0.0113
5.7851 5.7185 5.7573 0.0113
5.7851 5.7185 5.7573 0.0113
5.7851 5.7185 5.7573 0.0113
5.7851 5.7185 5.7574 0.0113
5.7851 5.7185 5.7574 0.0113
5.7851 5.7185 5.7574 0.0113
5.7851 5.7185 5.7574 0.0113
5.7851 5.7185 5.7574 0.0113
5.7851 5.7185 5.7574 0.0114
5.7851 5.7185 5.7574 0.0114
5.7851 5.7185 5.7575 0.0114
5.7851 5.7321 5.7578 0.0107
5.7851 5.7321 5.7578 0.0107
5.7851 5.7321 5.7578 0.0107
5.7851 5.7321 5.7578 0.0107
5.7851 5.7321 5.7578 0.0107
5.7851 5.7321 5.7578 0.0107
5.7851 5.7321 5.7578 0.0107
5.7851 5.7321 5.7578 0.0107
5.7851 5.7321 5.7579 0.0107
5.7851 5.7321 5.7579 0.0107
5.7851 5.7321 5.7579 0.0107
5.7851 5.7321 5.7581 0.0106
5.7851 5.7321 5.7584 0.0105
5.7851 5.7321 5.7584 0.0105
5.7851 5.7321 5.7584 0.0105
5.7851 5.7321 5.7584 0.0105
5.7851 5.7321 5.7584 0.0105
5.7851 5.7321 5.7584 0.0105
5.7851 5.7321 5.7584 0.0105
5.7851 5.7321 5.7584 0.0105
5.7851 5.7321 5.7584 0.0105
5.7851 5.7321 5.7584 0.0105
5.7851 5.7321 5.7584 0.0105
5.7851 5.7321 5.7584 0.0105
5.7851 5.7321 5.7584 0.0105
5.7851 5.7321 5.7585 0.0105
5.7851 5.7321 5.7585 0.0105
5.7851 5.7321 5.7585 0.0105
5.7851 5.7321 5.7585 0.0105
5.7851 5.7321 5.7587 0.0104
5.7851 5.7321 5.7589 0.0104
5.7851 5.7321 5.7589 0.0104
5.7851 5.7321 5.7589 0.0104
5.7851 5.7321 5.7589 0.0104
5.7851 5.7321 5.7589 0.0104
5.7851 5.7321 5.7589 0.0104
5.7851 5.7321 5.7589 0.0104
5.7851 5.7321 5.7589 0.0104
5.7851 5.7321 5.7589 0.0104
5.7851 5.7321 5.7589 0.0104
5.7851 5.7321 5.7589 0.0104
5.7851 5.7321 5.7589 0.0104
5.7851 5.7321 5.7589 0.0104
5.7851 5.7321 5.7589 0.0104
5.7851 5.7321 5.7589 0.0104
5.7851 5.7321 5.7589 0.0104
5.7851 5.7321 5.7589 0.0104
5.7851 5.7321 5.7589 0.0104
5.7851 5.7321 5.7589 0.0104
5.7851 5.7321 5.7589 0.0104
5.7851 5.7321 5.7591 0.0105
5.7851 5.7321 5.7591 0.0105
5.7851 5.7321 5.7591 0.0105
5.7851 5.7321 5.7594 0.0104
5.7851 5.7321 5.7594 0.0104
5.7851 5.7321 5.7595 0.0105
5.7851 5.7321 5.7595 0.0105
5.7851 5.7321 5.7595 0.0105
5.7851 5.7321 5.7595 0.0105
5.7851 5.7321 5.7595 0.0105
5.7851 5.7321 5.7595 0.0105
5.7851 5.7321 5.7596 0.0104
5.7851 5.7321 5.7596 0.0104
5.7851 5.7321 5.7596 0.0104
5.7851 5.7321 5.7596 0.0104
5.7851 5.7321 5.7597 0.0103
5.7851 5.7321 5.7597 0.0103
5.7851 5.7321 5.7599 0.0103
5.7851 5.7321 5.7599 0.0103
5.7851 5.7321 5.7600 0.0103
5.7851 5.7321 5.7602 0.0105
5.7851 5.7321 5.7602 0.0105
5.7851 5.7321 5.7605 0.0106
5.7851 5.7321 5.7605 0.0106
5.7851 5.7321 5.7605 0.0106
5.7851 5.7321 5.7605 0.0106
5.7851 5.7321 5.7605 0.0106
5.7851 5.7321 5.7605 0.0106
5.7851 5.7321 5.7605 0.0106
5.7851 5.7321 5.7605 0.0106
5.7851 5.7321 5.7606 0.0107
5.7851 5.7321 5.7606 0.0107
5.7851 5.7321 5.7606 0.0107
5.7851 5.7321 5.7608 0.0107
5.7851 5.7321 5.7609 0.0108
5.7851 5.7321 5.7609 0.0108
5.7851 5.7321 5.7609 0.0108
5.7851 5.7321 5.7609 0.0108
5.7851 5.7321 5.7609 0.0108
5.7851 5.7321 5.7609 0.0108
5.7851 5.7321 5.7609 0.0107
5.7851 5.7321 5.7609 0.0107
5.7851 5.7321 5.7609 0.0107
5.7851 5.7321 5.7609 0.0107
5.7851 5.7321 5.7609 0.0107
5.7851 5.7321 5.7609 0.0107
5.7851 5.7321 5.7609 0.0107
5.7851 5.7321 5.7609 0.0107
5.7851 5.7321 5.7609 0.0107
5.7851 5.7321 5.7609 0.0107
5.7851 5.7321 5.7610 0.0107
5.7851 5.7321 5.7610 0.0107
5.7851 5.7321 5.7610 0.0107
5.7851 5.7321 5.7610 0.0107
5.7851 5.7321 5.7611 0.0107
5.7851 5.7321 5.7612 0.0109
5.7851 5.7321 5.7612 0.0109
5.7851 5.7321 5.7612 0.0109
5.7851 5.7321 5.7612 0.0109
5.7851 5.7321 5.7614 0.0111
5.7851 5.7321 5.7614 0.0111
5.7851 5.7321 5.7615 0.0110
5.7851 5.7321 5.7615 0.0110
5.7851 5.7321 5.7615 0.0110
5.7851 5.7321 5.7615 0.0110
5.7851 5.7321 5.7615 0.0110
5.7851 5.7321 5.7617 0.0111
5.7851 5.7321 5.7617 0.0111
5.7851 5.7321 5.7617 0.0111
5.7851 5.7321 5.7617 0.0111
5.7851 5.7321 5.7617 0.0111
5.7851 5.7321 5.7621 0.0112
5.7851 5.7321 5.7621 0.0112
5.7851 5.7321 5.7621 0.0111
5.7851 5.7321 5.7621 0.0111
5.7851 5.7321 5.7621 0.0111
5.7851 5.7321 5.7621 0.0111
5.7851 5.7321 5.7621 0.0111
5.7851 5.7321 5.7623 0.0111
5.7851 5.7321 5.7623 0.0111
5.7851 5.7321 5.7624 0.0110
5.7851 5.7321 5.7625 0.0111
5.7851 5.7321 5.7625 0.0111
5.7851 5.7321 5.7625 0.0111
5.7851 5.7321 5.7625 0.0111
5.7851 5.7321 5.7628 0.0108
5.7851 5.7321 5.7629 0.0107
5.7851 5.7321 5.7629 0.0107
5.7851 5.7321 5.7629 0.0107
5.7851 5.7321 5.7629 0.0107
5.7851 5.7321 5.7629 0.0107
5.7851 5.7321 5.7629 0.0107
5.7851 5.7321 5.7629 0.0107
5.7851 5.7321 5.7629 0.0107
5.7851 5.7321 5.7629 0.0107
5.7851 5.7321 5.7629 0.0107
5.7851 5.7321 5.7629 0.0107
5.7851 5.7321 5.7629 0.0107
5.7851 5.7321 5.7629 0.0107
5.7851 5.7321 5.7629 0.0107
5.7851 5.7321 5.7632 0.0108
5.7851 5.7321 5.7632 0.0108
5.7851 5.7321 5.7632 0.0108
5.7851 5.7321 5.7632 0.0108
5.7851 5.7321 5.7632 0.0108
5.7851 5.7321 5.7632 0.0108
5.7851 5.7321 5.7632 0.0108
5.7851 5.7321 5.7632 0.0108
5.7851 5.7321 5.7632 0.0108
5.7851 5.7321 5.7633 0.0108
5.7851 5.7321 5.7633 0.0108
5.7851 5.7321 5.7633 0.0108
5.7851 5.7321 5.7633 0.0108
5.7851 5.7321 5.7633 0.0108
5.7851 5.7321 5.7633 0.0108
5.7851 5.7321 5.7634 0.0108
5.7851 5.7321 5.7634 0.0108
5.7851 5.7321 5.7634 0.0108
5.7851 5.7321 5.7634 0.0108
5.7851 5.7321 5.7638 0.0107
5.7851 5.7321 5.7638 0.0107
5.7851 5.7321 5.7638 0.0107
5.7851 5.7321 5.7638 0.0107
5.7851 5.7321 5.7638 0.0107
5.7851 5.7321 5.7638 0.0107
5.7851 5.7321 5.7638 0.0107
5.7851 5.7321 5.7638 0.0107
5.7851 5.7321 5.7638 0.0107
5.7851 5.7321 5.7638 0.0107
5.7851 5.7321 5.7640 0.0109
5.7851 5.7321 5.7640 0.0109
5.7851 5.7321 5.7640 0.0109
5.7851 5.7321 5.7640 0.0109
5.7851 5.7321 5.7640 0.0109
5.7851 5.7321 5.7640 0.0109
5.7851 5.7321 5.7642 0.0108
5.7851 5.7321 5.7642 0.0109
5.7851 5.7321 5.7642 0.0109
5.7851 5.7321 5.7642 0.0109
5.7851 5.7321 5.7643 0.0110
5.7851 5.7321 5.7645 0.0111
5.7851 5.7321 5.7645 0.0111
5.7851 5.7321 5.7645 0.0111
5.7851 5.7321 5.7645 0.0111
5.7851 5.7321 5.7645 0.0111
5.7851 5.7321 5.7645 0.0111
5.7851 5.7321 5.7645 0.0111
5.7851 5.7321 5.7645 0.0111
5.7851 5.7321 5.7645 0.0111
5.7851 5.7321 5.7645 0.0111
5.7851 5.7321 5.7645 0.0111
5.7851 5.7321 5.7647 0.0112
5.7851 5.7321 5.7647 0.0112
5.7851 5.7321 5.7647 0.0112
5.7851 5.7321 5.7648 0.0112
5.7851 5.7321 5.7648 0.0112
5.7851 5.7321 5.7648 0.0112
5.7851 5.7321 5.7649 0.0112
5.7851 5.7321 5.7651 0.0110
5.7851 5.7321 5.7651 0.0110
5.7851 5.7321 5.7651 0.0110
5.7851 5.7321 5.7651 0.0110
5.7851 5.7321 5.7651 0.0110
5.7851 5.7321 5.7651 0.0110
5.7851 5.7321 5.7651 0.0110
5.7851 5.7321 5.7651 0.0110
5.7851 5.7321 5.7652 0.0109
5.7851 5.7321 5.7652 0.0109
5.7851 5.7321 5.7652 0.0109
5.7851 5.7321 5.7654 0.0109
5.7851 5.7321 5.7654 0.0109
5.7851 5.7321 5.7654 0.0109
5.7851 5.7321 5.7656 0.0110
5.7851 5.7321 5.7656 0.0110
5.7851 5.7321 5.7656 0.0110
5.7851 5.7321 5.7656 0.0110
5.7851 5.7321 5.7658 0.0110
5.7851 5.7321 5.7658 0.0110
5.7851 5.7321 5.7658 0.0110
5.7851 5.7321 5.7658 0.0110
5.7851 5.7321 5.7658 0.0110
5.7851 5.7321 5.7660 0.0111
5.7851 5.7321 5.7660 0.0111
5.7851 5.7321 5.7661 0.0112
5.7851 5.7321 5.7661 0.0112
5.7851 5.7321 5.7661 0.0112
5.7851 5.7321 5.7661 0.0112
5.7851 5.7321 5.7662 0.0110
5.7851 5.7321 5.7662 0.0110
5.7851 5.7321 5.7662 0.0110
5.7851 5.7321 5.7662 0.0110
5.7851 5.7321 5.7663 0.0109
5.7851 5.7321 5.7663 0.0109
5.7851 5.7321 5.7663 0.0109
5.7851 5.7321 5.7663 0.0109
5.7851 5.7321 5.7663 0.0109
5.7851 5.7321 5.7665 0.0108
5.7851 5.7321 5.7665 0.0108
5.7851 5.7321 5.7668 0.0107
5.7851 5.7321 5.7668 0.0107
5.7851 5.7321 5.7668 0.0107
5.7851 5.7321 5.7668 0.0107
5.7851 5.7321 5.7668 0.0107
5.7851 5.7321 5.7669 0.0107
5.7851 5.7321 5.7669 0.0107
5.7851 5.7321 5.7669 0.0107
5.7851 5.7321 5.7670 0.0107
5.7851 5.7321 5.7672 0.0108
5.7851 5.7321 5.7672 0.0108
5.7851 5.7321 5.7672 0.0108
5.7851 5.7321 5.7672 0.0108
5.7851 5.7321 5.7672 0.0108
5.7851 5.7321 5.7673 0.0108
5.7851 5.7321 5.7673 0.0108
5.7851 5.7321 5.7673 0.0108
5.7851 5.7321 5.7673 0.0108
5.7851 5.7321 5.7673 0.0108
5.7851 5.7321 5.7674 0.0107
5.7851 5.7321 5.7674 0.0107
5.7851 5.7321 5.7674 0.0107
5.7851 5.7321 5.7674 0.0107
5.7851 5.7321 5.7674 0.0107
5.7851 5.7321 5.7674 0.0107
5.7851 5.7321 5.7674 0.0107
5.7851 5.7321 5.7674 0.0107
5.7851 5.7321 5.7674 0.0107
5.7851 5.7321 5.7674 0.0108
5.7851 5.7321 5.7674 0.0108
5.7851 5.7321 5.7674 0.0108
5.7851 5.7321 5.7674 0.0108
5.7851 5.7321 5.7675 0.0107
5.7851 5.7321 5.7675 0.0106
5.7851 5.7321 5.7675 0.0106
5.7851 5.7321 5.7676 0.0106
5.7851 5.7321 5.7676 0.0106
5.7851 5.7321 5.7677 0.0107
5.7851 5.7321 5.7677 0.0107
5.7851 5.7321 5.7677 0.0107
5.7851 5.7321 5.7677 0.0107
5.7851 5.7321 5.7677 0.0107
5.7895 5.7321 5.7679 0.0109
5.7895 5.7321 5.7679 0.0109
5.7895 5.7321 5.7679 0.0109
5.7895 5.7321 5.7681 0.0108
5.7895 5.7321 5.7681 0.0108
5.7895 5.7321 5.7681 0.0108
5.7895 5.7321 5.7681 0.0108
5.7895 5.7452 5.7686 0.0103
5.7895 5.7452 5.7686 0.0103
5.7895 5.7452 5.7687 0.0102
5.7895 5.7452 5.7687 0.0102
5.7895 5.7452 5.7687 0.0102
5.7895 5.7452 5.7687 0.0102
5.7895 5.7452 5.7689 0.0103
5.7895 5.7452 5.7689 0.0103
5.7895 5.7452 5.7691 0.0101
5.7895 5.7452 5.7693 0.0100
5.7895 5.7452 5.7693 0.0100
5.7895 5.7452 5.7693 0.0100
5.7895 5.7452 5.7693 0.0100
5.7895 5.7452 5.7693 0.0100
5.7895 5.7452 5.7693 0.0100
5.7895 5.7452 5.7693 0.0100
5.7895 5.7452 5.7693 0.0101
5.7895 5.7452 5.7693 0.0101
5.7895 5.7452 5.7693 0.0101
5.7895 5.7452 5.7695 0.0099
5.7895 5.7452 5.7695 0.0099
5.7895 5.7452 5.7696 0.0099
5.7895 5.7452 5.7696 0.0099
5.7895 5.7452 5.7698 0.0096
5.7895 5.7452 5.7698 0.0096
5.7895 5.7452 5.7698 0.0096
5.7895 5.7452 5.7698 0.0096
5.7895 5.7452 5.7698 0.0096
5.7895 5.7452 5.7698 0.0096
5.7895 5.7452 5.7698 0.0096
5.7895 5.7452 5.7698 0.0096
5.7895 5.7452 5.7699 0.0096
5.7895 5.7452 5.7699 0.0096
5.7895 5.7452 5.7699 0.0096
5.7895 5.7452 5.7699 0.0096
5.7895 5.7452 5.7699 0.0096
5.7895 5.7452 5.7700 0.0097
5.7895 5.7452 5.7700 0.0097
5.7895 5.7452 5.7700 0.0097
5.7895 5.7452 5.7700 0.0097
5.7895 5.7452 5.7700 0.0097
5.7895 5.7452 5.7701 0.0096
5.7895 5.7452 5.7702 0.0095
5.7895 5.7452 5.7702 0.0095
5.7895 5.7452 5.7702 0.0095
5.7895 5.7452 5.7702 0.0095
5.7895 5.7452 5.7702 0.0095
5.7895 5.7452 5.7702 0.0095
5.7895 5.7452 5.7702 0.0094
5.7895 5.7452 5.7702 0.0094
5.7895 5.7452 5.7702 0.0094
5.7895 5.7452 5.7703 0.0093
5.7895 5.7452 5.7703 0.0093
5.7895 5.7452 5.7703 0.0093
5.7895 5.7452 5.7703 0.0093
5.7895 5.7452 5.7705 0.0093
5.7895 5.7452 5.7705 0.0093
5.7895 5.7452 5.7706 0.0092
5.7895 5.7452 5.7709 0.0092
5.7895 5.7452 5.7709 0.0092
5.7895 5.7452 5.7709 0.0092
5.7895 5.7452 5.7709 0.0091
5.7895 5.7452 5.7709 0.0091
5.7895 5.7452 5.7709 0.0091
5.7895 5.7452 5.7709 0.0091
5.7895 5.7452 5.7709 0.0091
5.7895 5.7452 5.7709 0.0091
5.7895 5.7452 5.7709 0.0091
5.7895 5.7452 5.7709 0.0091
5.7895 5.7452 5.7709 0.0091
5.7895 5.7452 5.7710 0.0090
5.7895 5.7452 5.7710 0.0090
5.7895 5.7452 5.7710 0.0090
5.7895 5.7452 5.7710 0.0090
5.7895 5.7452 5.7711 0.0089
5.7895 5.7452 5.7711 0.0089
5.7895 5.7452 5.7714 0.0089
5.7895 5.7452 5.7714 0.0090
5.7895 5.7452 5.7715 0.0090
5.7895 5.7452 5.7715 0.0090
5.7895 5.7452 5.7715 0.0090
5.7895 5.7452 5.7716 0.0091
5.7895 5.7452 5.7716 0.0091
5.7895 5.7452 5.7717 0.0092
5.7895 5.7452 5.7717 0.0092
5.7895 5.7452 5.7719 0.0092
5.7895 5.7452 5.7719 0.0092
5.7895 5.7468 5.7721 0.0088
5.7895 5.7468 5.7722 0.0088
5.7895 5.7468 5.7725 0.0089
5.7895 5.7468 5.7725 0.0089
5.7895 5.7468 5.7725 0.0089
5.7895 5.7468 5.7725 0.0089
5.7895 5.7468 5.7725 0.0089
5.7895 5.7468 5.7725 0.0089
5.7895 5.7468 5.7726 0.0089
5.7895 5.7468 5.7726 0.0089
5.7895 5.7468 5.7726 0.0090
5.7949 5.7468 5.7728 0.0093
5.7949 5.7468 5.7728 0.0093
5.7949 5.7468 5.7728 0.0093
5.7949 5.7468 5.7728 0.0093
5.7949 5.7468 5.7729 0.0094
5.7949 5.7468 5.7729 0.0094
5.7949 5.7468 5.7729 0.0094
5.7949 5.7468 5.7729 0.0094
5.7949 5.7468 5.7729 0.0094
5.7949 5.7468 5.7729 0.0094
5.7949 5.7468 5.7730 0.0093
5.7949 5.7468 5.7730 0.0093
5.7949 5.7468 5.7730 0.0093
5.7949 5.7468 5.7730 0.0093
5.7949 5.7468 5.7730 0.0093
5.7949 5.7468 5.7730 0.0093
5.7949 5.7468 5.7730 0.0093
5.7949 5.7468 5.7730 0.0093
5.7949 5.7468 5.7730 0.0093
5.7949 5.7468 5.7730 0.0093
5.7949 5.7468 5.7730 0.0093
5.7949 5.7468 5.7730 0.0093
5.7949 5.7468 5.7731 0.0094
5.7949 5.7468 5.7731 0.0094
5.7949 5.7468 5.7731 0.0094
5.7949 5.7468 5.7731 0.0094
5.7949 5.7468 5.7731 0.0094
5.7949 5.7468 5.7731 0.0094
5.7949 5.7468 5.7731 0.0094
5.7949 5.7468 5.7732 0.0094
5.7949 5.7468 5.7732 0.0094
5.7949 5.7468 5.7732 0.0094
5.7949 5.7468 5.7732 0.0094
5.7949 5.7468 5.7732 0.0094
5.7949 5.7468 5.7732 0.0094
5.7949 5.7468 5.7732 0.0094
5.7949 5.7468 5.7732 0.0094
5.7949 5.7468 5.7732 0.0094
5.7949 5.7468 5.7732 0.0094
5.7949 5.7468 5.7732 0.0094
5.7949 5.7468 5.7732 0.0094
5.7949 5.7468 5.7732 0.0094
5.7949 5.7468 5.7733 0.0095
5.7949 5.7468 5.7733 0.0095
5.7949 5.7468 5.7733 0.0095
5.7949 5.7468 5.7733 0.0095
5.7949 5.7468 5.7733 0.0095
5.7949 5.7468 5.7733 0.0095
5.7949 5.7468 5.7733 0.0095
5.7949 5.7468 5.7733 0.0095
5.7949 5.7468 5.7733 0.0095
5.7949 5.7468 5.7733 0.0095
5.7949 5.7468 5.7733 0.0095
5.7949 5.7468 5.7733 0.0095
5.7949 5.7468 5.7733 0.0095
5.7949 5.7468 5.7733 0.0095
5.7949 5.7505 5.7735 0.0091
5.7949 5.7505 5.7736 0.0090
5.7949 5.7505 5.7736 0.0090
5.7949 5.7505 5.7736 0.0090
5.7949 5.7505 5.7736 0.0090
5.7949 5.7505 5.7737 0.0090
5.7949 5.7505 5.7737 0.0090
5.7949 5.7505 5.7737 0.0090
5.7949 5.7505 5.7737 0.0090
5.7949 5.7505 5.7737 0.0090
5.7949 5.7505 5.7737 0.0090
5.7949 5.7505 5.7737 0.0090
5.7949 5.7505 5.7737 0.0090
5.7949 5.7505 5.7738 0.0090
5.7949 5.7505 5.7738 0.0090
5.7949 5.7505 5.7738 0.0090
5.7949 5.7505 5.7739 0.0090
5.7949 5.7505 5.7741 0.0092
5.7949 5.7505 5.7741 0.0092
5.7949 5.7505 5.7741 0.0092
5.7949 5.7505 5.7741 0.0092
5.7949 5.7505 5.7741 0.0092
5.7949 5.7505 5.7741 0.0092
5.7949 5.7505 5.7745 0.0090
5.7949 5.7505 5.7745 0.0090
5.7949 5.7505 5.7745 0.0090
5.7949 5.7505 5.7745 0.0090
5.7949 5.7505 5.7745 0.0090
5.7949 5.7505 5.7745 0.0090
5.7949 5.7505 5.7745 0.0090
5.7949 5.7505 5.7745 0.0090
5.7949 5.7505 5.7745 0.0090
5.7949 5.7505 5.7745 0.0090
5.7949 5.7505 5.7746 0.0090
5.7949 5.7505 5.7746 0.0090
5.7949 5.7505 5.7746 0.0090
5.7949 5.7505 5.7746 0.0090
5.7949 5.7505 5.7746 0.0090
5.7949 5.7505 5.7747 0.0091
5.7949 5.7505 5.7747 0.0091
5.7949 5.7505 5.7747 0.0091
5.7949 5.7505 5.7747 0.0091
5.7949 5.7505 5.7747 0.0091
5.7949 5.7505 5.7747 0.0091
5.7949 5.7505 5.7749 0.0091
5.7949 5.7505 5.7750 0.0092
5.7949 5.7505 5.7750 0.0092
5.7949 5.7505 5.7750 0.0092
5.7949 5.7505 5.7750 0.0092
5.7949 5.7505 5.7750 0.0092
5.7949 5.7505 5.7750 0.0092
5.7949 5.7505 5.7752 0.0092
5.7949 5.7505 5.7752 0.0092
5.7949 5.7505 5.7753 0.0091
5.7949 5.7505 5.7753 0.0091
5.7979 5.7505 5.7755 0.0094
5.7979 5.7505 5.7758 0.0096
5.7979 5.7505 5.7758 0.0096
5.7979 5.7505 5.7758 0.0096
5.7979 5.7505 5.7758 0.0096
5.7979 5.7505 5.7758 0.0096
5.7979 5.7505 5.7760 0.0096
5.7979 5.7505 5.7760 0.0096
5.7979 5.7505 5.7760 0.0096
5.7979 5.7505 5.7760 0.0096
5.7979 5.7505 5.7760 0.0096
5.7979 5.7505 5.7760 0.0096
5.7979 5.7505 5.7761 0.0096
5.7979 5.7505 5.7761 0.0096
5.7979 5.7505 5.7761 0.0096
5.7979 5.7505 5.7761 0.0096
5.7979 5.7505 5.7763 0.0096
5.7979 5.7505 5.7764 0.0096
5.7979 5.7505 5.7764 0.0096
5.7979 5.7505 5.7764 0.0096
5.7979 5.7505 5.7764 0.0096
5.7979 5.7505 5.7764 0.0096
5.7979 5.7505 5.7764 0.0096
5.7979 5.7505 5.7764 0.0096
5.7979 5.7505 5.7764 0.0096
5.7979 5.7505 5.7764 0.0096
5.7979 5.7505 5.7766 0.0096
5.7979 5.7505 5.7766 0.0096
5.7979 5.7505 5.7766 0.0096
5.7979 5.7505 5.7766 0.0096
5.7979 5.7505 5.7766 0.0096
5.7979 5.7505 5.7766 0.0096
5.7979 5.7505 5.7766 0.0096
5.7979 5.7505 5.7766 0.0096
5.7979 5.7505 5.7766 0.0096
5.7979 5.7505 5.7766 0.0096
5.7979 5.7505 5.7766 0.0096
5.7979 5.7505 5.7766 0.0096
5.7979 5.7505 5.7766 0.0096
5.7979 5.7505 5.7766 0.0096
5.7979 5.7505 5.7767 0.0097
5.7979 5.7505 5.7767 0.0097
5.7979 5.7505 5.7767 0.0097
5.7979 5.7505 5.7768 0.0097
5.7979 5.7505 5.7768 0.0097
5.7979 5.7505 5.7768 0.0097
5.7979 5.7505 5.7768 0.0097
5.7979 5.7505 5.7768 0.0097
5.7979 5.7505 5.7768 0.0097
5.7979 5.7505 5.7768 0.0097
5.7979 5.7505 5.7768 0.0097
5.7979 5.7505 5.7768 0.0097
5.7979 5.7505 5.7768 0.0097
5.7979 5.7505 5.7768 0.0097
5.7979 5.7505 5.7768 0.0097
5.7979 5.7505 5.7768 0.0097
5.7979 5.7505 5.7768 0.0097
5.7979 5.7505 5.7768 0.0097
5.7979 5.7505 5.7768 0.0097
5.7979 5.7505 5.7768 0.0097
5.7979 5.7505 5.7768 0.0097
5.7979 5.7505 5.7768 0.0097
5.7979 5.7505 5.7768 0.0097
5.7979 5.7505 5.7769 0.0097
5.7979 5.7505 5.7769 0.0097
5.7979 5.7505 5.7769 0.0097
5.7979 5.7505 5.7770 0.0097
5.7979 5.7505 5.7770 0.0097
5.7979 5.7505 5.7770 0.0097
5.7979 5.7505 5.7770 0.0097
5.7979 5.7505 5.7770 0.0097
5.7979 5.7505 5.7770 0.0097
5.7979 5.7505 5.7770 0.0097
5.7979 5.7505 5.7770 0.0097
5.7979 5.7505 5.7770 0.0097
5.7979 5.7505 5.7770 0.0097
5.7979 5.7505 5.7770 0.0097
5.7979 5.7505 5.7770 0.0097
5.7979 5.7505 5.7770 0.0097
5.7979 5.7505 5.7770 0.0097
5.7979 5.7505 5.7770 0.0097
5.7979 5.7505 5.7770 0.0097
5.7979 5.7505 5.7770 0.0097
5.7979 5.7505 5.7770 0.0097
5.7979 5.7505 5.7770 0.0097
5.7979 5.7505 5.7771 0.0097
5.7979 5.7505 5.7771 0.0097
5.7979 5.7505 5.7771 0.0097
5.7979 5.7505 5.7771 0.0097
5.7979 5.7505 5.7771 0.0097
5.7979 5.7505 5.7771 0.0097
5.7979 5.7505 5.7771 0.0097
5.7979 5.7505 5.7775 0.0093
5.7979 5.7505 5.7775 0.0093
5.7979 5.7505 5.7775 0.0093
5.7979 5.7505 5.7775 0.0093
5.7979 5.7505 5.7775 0.0093
5.7979 5.7505 5.7775 0.0094
5.7979 5.7505 5.7775 0.0094
5.7979 5.7505 5.7775 0.0094
5.7979 5.7505 5.7775 0.0094
5.7979 5.7505 5.7775 0.0094
5.7979 5.7505 5.7775 0.0094
5.7979 5.7505 5.7775 0.0094
5.7979 5.7505 5.7775 0.0094
5.7979 5.7505 5.7775 0.0094
5.7979 5.7505 5.7775 0.0094
5.7979 5.7505 5.7776 0.0093
5.7979 5.7505 5.7777 0.0093
5.7979 5.7505 5.7777 0.0093
5.7979 5.7505 5.7777 0.0093
5.7979 5.7505 5.7777 0.0093
5.7979 5.7505 5.7778 0.0092
5.7979 5.7505 5.7778 0.0092
5.7979 5.7505 5.7779 0.0092
5.7979 5.7505 5.7779 0.0092
5.8091 5.7505 5.7782 0.0097
5.8091 5.7505 5.7782 0.0097
5.8091 5.7505 5.7782 0.0097
5.8091 5.7505 5.7782 0.0097
5.8091 5.7505 5.7782 0.0097
5.8091 5.7505 5.7782 0.0097
5.8091 5.7505 5.7782 0.0097
5.8091 5.7505 5.7783 0.0097
5.8091 5.7505 5.7783 0.0097
5.8091 5.7505 5.7783 0.0097
5.8091 5.7505 5.7783 0.0097
5.8091 5.7505 5.7783 0.0097
5.8091 5.7505 5.7785 0.0097
5.8091 5.7505 5.7785 0.0097
5.8091 5.7505 5.7785 0.0097
5.8091 5.7505 5.7785 0.0097
5.8091 5.7505 5.7785 0.0097
5.8091 5.7505 5.7785 0.0097
5.8091 5.7505 5.7785 0.0097
5.8091 5.7505 5.7785 0.0097
5.8091 5.7505 5.7785 0.0097
5.8091 5.7505 5.7786 0.0097
5.8091 5.7505 5.7786 0.0097
5.8091 5.7505 5.7786 0.0097
5.8091 5.7505 5.7787 0.0097
5.8091 5.7505 5.7787 0.0098
5.8091 5.7505 5.7789 0.0097
5.8091 5.7505 5.7789 0.0097
5.8091 5.7505 5.7789 0.0097
5.8091 5.7505 5.7789 0.0097
5.8091 5.7505 5.7790 0.0097
5.8091 5.7505 5.7790 0.0097
5.8091 5.7505 5.7790 0.0097
5.8091 5.7505 5.7790 0.0097
5.8091 5.7505 5.7790 0.0097
5.8091 5.7505 5.7790 0.0097
5.8091 5.7505 5.7791 0.0098
5.8091 5.7505 5.7791 0.0098
5.8091 5.7505 5.7791 0.0098
5.8091 5.7505 5.7791 0.0098
5.8091 5.7505 5.7792 0.0098
5.8091 5.7505 5.7795 0.0096
5.8091 5.7505 5.7795 0.0096
5.8091 5.7505 5.7795 0.0097
5.8091 5.7505 5.7797 0.0094
5.8091 5.7505 5.7797 0.0094
5.8091 5.7505 5.7797 0.0094
5.8091 5.7505 5.7797 0.0094
5.8091 5.7505 5.7797 0.0094
5.8091 5.7505 5.7797 0.0094
5.8091 5.7505 5.7797 0.0094
5.8091 5.7505 5.7797 0.0094
5.8091 5.7505 5.7797 0.0094
5.8091 5.7505 5.7797 0.0094
5.8091 5.7505 5.7798 0.0093
5.8091 5.7505 5.7798 0.0093
5.8091 5.7505 5.7798 0.0093
5.8091 5.7505 5.7798 0.0093
5.8091 5.7505 5.7798 0.0093
5.8091 5.7505 5.7798 0.0093
5.8091 5.7505 5.7798 0.0093
5.8091 5.7505 5.7798 0.0093
5.8091 5.7505 5.7799 0.0093
5.8091 5.7505 5.7799 0.0093
5.8091 5.7505 5.7799 0.0093
5.8091 5.7505 5.7803 0.0097
5.8091 5.7505 5.7803 0.0097
5.8091 5.7505 5.7806 0.0101
5.8091 5.7505 5.7806 0.0101
5.8091 5.7505 5.7806 0.0101
5.8091 5.7505 5.7806 0.0101
5.8091 5.7505 5.7806 0.0101
5.8091 5.7505 5.7806 0.0101
5.8091 5.7505 5.7806 0.0101
5.8091 5.7505 5.7806 0.0101
5.8091 5.7505 5.7806 0.0101
5.8091 5.7505 5.7807 0.0102
5.8091 5.7514 5.7810 0.0098
5.8091 5.7514 5.7810 0.0098
5.8091 5.7514 5.7811 0.0098
5.8091 5.7514 5.7811 0.0098
5.8091 5.7514 5.7811 0.0098
5.8091 5.7514 5.7811 0.0098
5.8091 5.7514 5.7811 0.0098
5.8091 5.7514 5.7811 0.0098
5.8091 5.7514 5.7811 0.0098
5.8091 5.7514 5.7811 0.0098
5.8091 5.7514 5.7811 0.0098
5.8091 5.7514 5.7811 0.0098
5.8091 5.7514 5.7811 0.0098
5.8091 5.7514 5.7811 0.0098
5.8091 5.7514 5.7811 0.0098
5.8091 5.7514 5.7813 0.0097
5.8091 5.7514 5.7813 0.0097
5.8091 5.7514 5.7814 0.0097
5.8091 5.7514 5.7814 0.0097
5.8091 5.7514 5.7814 0.0097
5.8091 5.7514 5.7815 0.0097
5.8091 5.7514 5.7816 0.0097
5.8091 5.7514 5.7816 0.0097
5.8091 5.7514 5.7816 0.0097
5.8091 5.7514 5.7816 0.0097
5.8091 5.7514 5.7817 0.0097
5.8091 5.7514 5.7817 0.0097
5.8091 5.7514 5.7820 0.0097
