1.0335 0.0045 0.0874 0.1695
1.0335 0.0045 0.0967 0.1791
1.0335 0.0045 0.1024 0.1809
1.0335 0.0045 0.1144 0.1937
1.0335 0.0045 0.1194 0.1972
1.0335 0.0045 0.1293 0.2156
1.0335 0.0045 0.1322 0.2159
1.0335 0.0045 0.1351 0.2162
1.0335 0.0045 0.1409 0.2165
1.0335 0.0045 0.1468 0.2199
1.0335 0.0045 0.1508 0.2211
1.0335 0.0045 0.1508 0.2211
1.0335 0.0045 0.1568 0.2252
1.0335 0.0045 0.1568 0.2252
1.0335 0.0045 0.1582 0.2248
1.0335 0.0045 0.1619 0.2253
1.0335 0.0045 0.1648 0.2252
1.1748 0.0045 0.1811 0.2473
1.1748 0.0045 0.1840 0.2469
1.1748 0.0045 0.1886 0.2476
1.1748 0.0045 0.1886 0.2476
1.1748 0.0045 0.1985 0.2500
1.1748 0.0045 0.2013 0.2495
1.1748 0.0045 0.2042 0.2489
1.1748 0.0045 0.2071 0.2483
1.1748 0.0045 0.2131 0.2507
1.1748 0.0045 0.2189 0.2492
1.1748 0.0045 0.2246 0.2476
1.1748 0.0045 0.2333 0.2544
1.1748 0.0045 0.2392 0.2551
1.1748 0.0045 0.2420 0.2542
1.1748 0.0045 0.2449 0.2531
1.1748 0.0045 0.2449 0.2531
1.1748 0.0045 0.2552 0.2638
1.1748 0.0045 0.2618 0.2730
1.1748 0.0045 0.2676 0.2707
1.1748 0.0045 0.2676 0.2707
1.1748 0.0045 0.2676 0.2707
1.1748 0.0045 0.2705 0.2694
1.1748 0.0045 0.2718 0.2684
1.1748 0.0045 0.2748 0.2671
1.1748 0.0045 0.2812 0.2683
1.1748 0.0045 0.2882 0.2777
1.1748 0.0045 0.2976 0.2838
1.1748 0.0045 0.3005 0.2823
1.1748 0.0045 0.3037 0.2812
1.1748 0.0045 0.3066 0.2797
1.1748 0.0045 0.3214 0.2838
1.1748 0.0045 0.3224 0.2839
1.1748 0.0045 0.3289 0.2837
1.1748 0.0045 0.3318 0.2850
1.1748 0.0045 0.3390 0.2927
1.1748 0.0045 0.3398 0.2927
1.1748 0.0045 0.3458 0.2920
1.2037 0.0045 0.3550 0.3041
1.2037 0.0045 0.3576 0.3055
1.2037 0.0045 0.3595 0.3076
1.2037 0.0045 0.3595 0.3076
1.2037 0.0045 0.3595 0.3076
1.2037 0.0045 0.3633 0.3055
1.2037 0.0045 0.3662 0.3035
1.2037 0.0045 0.3726 0.3027
1.2037 0.0045 0.3726 0.3027
1.2037 0.0045 0.3760 0.3037
1.2037 0.0045 0.3804 0.3016
1.2037 0.0045 0.3892 0.3126
1.2037 0.0045 0.3920 0.3105
1.2109 0.0045 0.3999 0.3210
1.2109 0.0045 0.4073 0.3269
1.2109 0.0045 0.4103 0.3274
1.2109 0.0045 0.4132 0.3251
1.2109 0.0045 0.4174 0.3303
1.2109 0.0045 0.4230 0.3257
1.2109 0.0045 0.4337 0.3228
1.2109 0.0045 0.4337 0.3228
1.2109 0.0045 0.4414 0.3285
1.2109 0.0045 0.4451 0.3257
1.2109 0.0045 0.4512 0.3323
1.2109 0.0045 0.4521 0.3320
1.2109 0.0045 0.4598 0.3392
1.2120 0.0045 0.4656 0.3469
1.2120 0.0045 0.4687 0.3468
1.2120 0.0045 0.4809 0.3477
1.2120 0.0045 0.4809 0.3477
1.2120 0.0045 0.4838 0.3511
1.2120 0.0045 0.4912 0.3478
1.2120 0.0045 0.4926 0.3493
1.2120 0.0045 0.4926 0.3493
1.2120 0.0045 0.4975 0.3500
1.2120 0.0045 0.4995 0.3494
1.2120 0.0045 0.5005 0.3483
1.2120 0.0045 0.5034 0.3495
1.2120 0.0045 0.5063 0.3466
1.2120 0.0045 0.5120 0.3530
1.2120 0.0045 0.5169 0.3545
1.2120 0.0045 0.5216 0.3586
1.2120 0.0045 0.5325 0.3596
1.2120 0.0045 0.5396 0.3619
1.2120 0.0045 0.5501 0.3665
1.2120 0.0045 0.5611 0.3667
1.2120 0.0045 0.5699 0.3708
1.2120 0.0045 0.5769 0.3712
1.5210 0.0045 0.5871 0.3828
1.5210 0.0045 0.5942 0.3839
1.5210 0.0045 0.5959 0.3861
1.5210 0.0045 0.5973 0.3873
1.5210 0.0045 0.6042 0.3860
1.5210 0.0045 0.6099 0.3938
1.5210 0.0045 0.6117 0.3950
1.5210 0.0045 0.6261 0.3971
1.5210 0.0045 0.6330 0.3973
1.5210 0.0045 0.6362 0.3958
1.5210 0.0045 0.6405 0.3979
1.5210 0.0045 0.6467 0.3987
1.5210 0.0045 0.6473 0.3982
1.5210 0.0045 0.6490 0.4002
1.5210 0.0045 0.6530 0.4017
1.5210 0.0045 0.6543 0.4018
1.5210 0.0045 0.6572 0.3982
1.5210 0.0045 0.6600 0.4000
1.5210 0.0045 0.6600 0.4000
1.5210 0.0045 0.6621 0.3993
1.5210 0.0045 0.6643 0.3983
1.5210 0.0045 0.6673 0.3966
1.5210 0.0045 0.6746 0.4014
1.5210 0.0045 0.6841 0.4056
1.5210 0.0045 0.6901 0.4089
2.1626 0.0045 0.7019 0.4334
2.1626 0.0045 0.7021 0.4335
2.1626 0.0045 0.7056 0.4362
2.1626 0.0045 0.7056 0.4362
2.1626 0.0045 0.7326 0.4718
2.1626 0.0045 0.7421 0.4725
2.1626 0.0045 0.7491 0.4710
2.1626 0.0045 0.7551 0.4798
2.1626 0.0045 0.7551 0.4799
2.1703 0.0045 0.7669 0.4998
2.1703 0.0045 0.7796 0.4966
2.1703 0.0100 0.7901 0.4890
2.1703 0.0100 0.7935 0.4916
2.1703 0.0100 0.8001 0.4906
2.1703 0.0100 0.8130 0.4867
2.1703 0.0100 0.8133 0.4867
2.1703 0.0100 0.8133 0.4867
2.1703 0.0100 0.8256 0.4891
2.1703 0.0100 0.8429 0.4897
2.1703 0.0100 0.8533 0.4829
2.1703 0.0100 0.8616 0.4847
2.1703 0.0100 0.8676 0.4832
2.1703 0.0100 0.8677 0.4832
2.1703 0.0100 0.8725 0.4770
2.1703 0.0100 0.8726 0.4771
2.1703 0.0100 0.8767 0.4768
2.1703 0.0100 0.8832 0.4898
2.1703 0.0100 0.8843 0.4898
2.1703 0.0100 0.8883 0.4895
2.1703 0.0100 0.8923 0.4892
2.1703 0.0100 0.8927 0.4893
2.1703 0.0100 0.8994 0.4857
2.1703 0.0100 0.8994 0.4857
2.1703 0.0100 0.9210 0.4936
2.1703 0.0100 0.9210 0.4936
2.4883 0.0100 0.9241 0.5026
2.4883 0.0100 0.9241 0.5026
2.4883 0.0100 0.9241 0.5026
2.4883 0.0100 0.9319 0.4944
2.4883 0.0100 0.9321 0.4945
2.4883 0.0100 0.9358 0.4889
2.4883 0.0100 0.9388 0.4842
2.4883 0.0100 0.9406 0.4887
2.4883 0.0100 0.9445 0.4934
2.4883 0.2424 0.9549 0.4844
2.4883 0.2424 0.9572 0.4823
2.4883 0.2424 0.9604 0.4837
2.4883 0.2424 0.9604 0.4837
2.4883 0.2424 0.9604 0.4837
2.4883 0.2424 0.9607 0.4838
2.4883 0.2424 0.9607 0.4838
2.4883 0.2424 0.9616 0.4849
2.4883 0.2424 0.9685 0.4803
2.4883 0.2424 0.9701 0.4808
2.4883 0.2424 0.9741 0.4794
2.4883 0.2424 0.9778 0.4800
2.4883 0.2424 0.9814 0.4789
2.4883 0.2424 0.9821 0.4791
2.4883 0.2424 0.9877 0.4765
2.4883 0.2424 0.9879 0.4766
2.4883 0.2424 0.9894 0.4750
2.4883 0.2424 0.9981 0.4830
2.4883 0.2424 0.9981 0.4830
2.4883 0.2424 1.0012 0.4839
2.4883 0.2424 1.0153 0.4875
2.4883 0.2424 1.0153 0.4875
2.4883 0.2424 1.0170 0.4883
2.4883 0.2424 1.0170 0.4883
2.4883 0.2424 1.0170 0.4883
2.4883 0.2424 1.0170 0.4883
2.4883 0.2424 1.0240 0.4829
2.4883 0.2424 1.0272 0.4842
2.4883 0.2424 1.0281 0.4846
2.4883 0.2424 1.0407 0.5056
2.4883 0.2424 1.0477 0.5121
2.4883 0.2424 1.0544 0.5107
2.4883 0.2424 1.0615 0.5155
2.4883 0.2424 1.0623 0.5145
2.4883 0.2918 1.0806 0.5175
2.4883 0.2918 1.0848 0.5180
2.4883 0.2932 1.0937 0.5119
2.4883 0.2932 1.1009 0.5186
2.4883 0.2932 1.1060 0.5172
2.4883 0.2932 1.1133 0.5214
2.4883 0.2932 1.1204 0.5151
2.4883 0.2932 1.1291 0.5084
2.4883 0.2932 1.1322 0.5043
2.4883 0.2932 1.1343 0.5042
2.4883 0.2932 1.1343 0.5042
2.4883 0.2932 1.1437 0.5111
2.4883 0.2932 1.1472 0.5134
2.4883 0.2932 1.1495 0.5141
2.4883 0.2932 1.1566 0.5071
2.4883 0.2932 1.1581 0.5053
2.4883 0.2932 1.1581 0.5053
2.4883 0.2932 1.1646 0.5057
2.4883 0.2932 1.1648 0.5058
2.4883 0.2932 1.1648 0.5058
2.4883 0.2932 1.1674 0.5023
2.4883 0.2932 1.1723 0.4962
2.4883 0.2932 1.1727 0.4963
2.4883 0.2932 1.1728 0.4963
2.4883 0.2932 1.1732 0.4965
2.4883 0.2932 1.1836 0.5068
2.4883 0.2932 1.1916 0.5001
2.4883 0.2932 1.1953 0.5003
2.4883 0.2932 1.1997 0.4970
2.4883 0.2932 1.2002 0.4968
2.4883 0.2932 1.2023 0.4962
2.4883 0.2932 1.2023 0.4962
2.4883 0.2932 1.2039 0.4966
2.4883 0.2932 1.2145 0.4884
2.4883 0.2932 1.2145 0.4884
2.4883 0.2932 1.2208 0.4838
2.4883 0.2932 1.2312 0.4901
2.4883 0.2932 1.2345 0.4904
2.4883 0.2932 1.2491 0.4839
2.4883 0.2932 1.2530 0.4839
2.4883 0.2932 1.2551 0.4839
2.4883 0.2932 1.2645 0.4777
2.4883 0.2932 1.2645 0.4777
2.4883 0.2932 1.2657 0.4776
2.4883 0.2932 1.2657 0.4776
2.4883 0.2932 1.2767 0.4842
2.4883 0.2932 1.2785 0.4820
2.4883 0.2932 1.2871 0.4884
2.4883 0.2932 1.2871 0.4884
2.4883 0.2932 1.2957 0.4939
2.4883 0.2932 1.3064 0.4990
2.4883 0.2932 1.3099 0.5010
2.4883 0.2932 1.3140 0.5013
2.4883 0.2932 1.3140 0.5013
2.4883 0.2932 1.3140 0.5013
2.4883 0.2981 1.3216 0.4915
2.4883 0.2981 1.3249 0.4975
2.4883 0.2981 1.3283 0.4968
2.4883 0.2981 1.3313 0.4957
2.4883 0.2981 1.3398 0.5001
2.4883 0.2981 1.3398 0.5001
2.4883 0.2981 1.3646 0.5025
2.5136 0.2981 1.3687 0.5096
2.5136 0.2981 1.3717 0.5128
2.5136 0.2981 1.3774 0.5095
2.5136 0.2981 1.3777 0.5092
2.5136 0.2981 1.3796 0.5122
2.5136 0.2981 1.3876 0.5129
2.5136 0.2981 1.3938 0.5044
2.5136 0.2981 1.3938 0.5044
2.5136 0.2981 1.4027 0.5006
2.5136 0.2981 1.4049 0.5003
2.5136 0.2981 1.4049 0.5003
2.5136 0.2981 1.4178 0.5049
2.5136 0.2981 1.4179 0.5048
2.5136 0.2981 1.4235 0.5134
2.5136 0.2981 1.4270 0.5128
2.5136 0.2981 1.4270 0.5128
2.5136 0.2981 1.4429 0.5174
2.5136 0.2981 1.4608 0.5325
2.5136 0.2981 1.4649 0.5308
2.5136 0.2981 1.4717 0.5258
2.5136 0.2981 1.4717 0.5258
2.5136 0.2981 1.4896 0.5266
2.5136 0.2981 1.4896 0.5266
2.5136 0.2981 1.4975 0.5192
2.5136 0.2981 1.5149 0.5229
2.5136 0.2981 1.5266 0.5244
2.5136 0.2981 1.5347 0.5281
2.5136 0.2981 1.5354 0.5289
2.5136 0.2981 1.5354 0.5289
2.5136 0.2981 1.5460 0.5372
2.5136 0.2981 1.5573 0.5385
2.5136 0.2981 1.5596 0.5384
2.5136 0.2981 1.5619 0.5418
2.5136 0.2981 1.5663 0.5408
2.5136 0.2981 1.5714 0.5378
2.5136 0.2981 1.5714 0.5378
2.5136 0.2981 1.5714 0.5378
2.5136 0.2981 1.5816 0.5446
2.5136 0.2981 1.5816 0.5446
2.5136 0.2981 1.5816 0.5446
2.5628 0.2981 1.5908 0.5532
3.4146 0.2981 1.6009 0.5768
3.4146 0.2981 1.6190 0.5798
3.4146 0.2981 1.6226 0.5771
3.4146 0.2981 1.6243 0.5788
3.4146 0.2981 1.6243 0.5788
3.4146 0.2981 1.6297 0.5775
3.4146 0.2981 1.6297 0.5775
3.4146 0.2981 1.6352 0.5812
3.4146 0.2981 1.6376 0.5774
3.4146 0.2981 1.6377 0.5773
3.4146 0.2981 1.6520 0.5753
3.4146 0.2981 1.6583 0.5776
3.4146 0.2981 1.6675 0.5801
3.4146 0.2981 1.6675 0.5801
3.4146 0.2981 1.6827 0.5809
3.4146 0.2981 1.6943 0.5849
3.4146 0.2981 1.7000 0.5829
3.4146 0.2981 1.7090 0.5907
3.4146 0.2981 1.7134 0.5948
3.4146 0.2981 1.7136 0.5947
3.4146 0.2981 1.7136 0.5947
3.4146 0.2981 1.7200 0.5998
3.4146 0.2981 1.7265 0.5955
3.4146 0.3072 1.7465 0.5806
3.4146 0.3072 1.7490 0.5770
3.4146 0.3072 1.7505 0.5780
3.4146 0.3072 1.7546 0.5768
3.4146 0.3072 1.7546 0.5768
3.4146 0.3072 1.7589 0.5824
3.4146 0.3072 1.7589 0.5824
3.4146 0.3072 1.7731 0.5873
3.4146 0.3072 1.7747 0.5872
3.4146 0.3072 1.7757 0.5886
3.4146 0.3072 1.7787 0.5893
3.4146 0.3072 1.7787 0.5893
3.4146 0.3072 1.7819 0.5861
3.4146 0.3072 1.7924 0.5896
3.4146 0.3072 1.7988 0.5921
3.4146 0.3072 1.8039 0.5898
3.4146 0.3072 1.8137 0.6040
3.4146 0.3072 1.8230 0.6087
3.4146 0.3072 1.8230 0.6087
3.4146 0.3072 1.8230 0.6087
3.4146 0.3072 1.8257 0.6132
3.4146 0.3072 1.8281 0.6150
3.4146 0.3072 1.8404 0.6123
3.4146 0.3072 1.8434 0.6107
3.4146 0.3072 1.8434 0.6107
3.4146 0.3072 1.8437 0.6107
3.4146 0.3821 1.8524 0.5947
3.4146 0.3821 1.8574 0.5932
3.4146 0.3821 1.8574 0.5932
3.4146 0.3821 1.8683 0.5889
3.4146 0.3821 1.8699 0.5889
3.4146 0.3821 1.8755 0.5949
3.4146 0.3821 1.8804 0.5922
3.4146 0.3821 1.8824 0.5936
3.4146 0.3821 1.8834 0.5946
3.4146 0.3821 1.8944 0.5951
3.4146 0.3821 1.9100 0.5920
3.4146 0.3821 1.9102 0.5918
3.4146 0.3821 1.9102 0.5918
3.4146 0.3821 1.9277 0.5993
3.4146 0.3821 1.9277 0.5993
3.4146 0.3821 1.9291 0.6009
3.4146 0.9679 1.9431 0.5807
3.4146 0.9679 1.9499 0.5885
3.4146 0.9679 1.9518 0.5900
3.4146 0.9679 1.9608 0.5943
3.4146 0.9679 1.9740 0.5927
3.4146 0.9679 1.9740 0.5927
3.4146 0.9679 1.9915 0.5910
3.4146 0.9679 1.9923 0.5913
3.4146 0.9679 2.0035 0.5886
3.4146 0.9679 2.0035 0.5886
3.4146 0.9679 2.0038 0.5880
3.4146 0.9679 2.0047 0.5893
3.4146 0.9679 2.0089 0.5843
3.4146 0.9679 2.0103 0.5848
3.4146 0.9679 2.0103 0.5848
3.4146 0.9679 2.0165 0.5860
3.4146 0.9679 2.0175 0.5862
3.4146 0.9679 2.0298 0.5851
3.4146 0.9679 2.0321 0.5861
3.4146 0.9679 2.0457 0.5876
3.4146 0.9679 2.0457 0.5876
3.4146 0.9679 2.0457 0.5876
3.4146 0.9679 2.0464 0.5865
3.4146 0.9679 2.0507 0.5830
3.4146 0.9679 2.0507 0.5830
3.4146 0.9679 2.0643 0.5797
3.4146 0.9679 2.0691 0.5805
3.4146 0.9679 2.0736 0.5858
3.4146 0.9679 2.0740 0.5859
3.4146 0.9679 2.0892 0.5874
3.4146 0.9679 2.0950 0.5896
3.4146 0.9679 2.1034 0.5853
3.4146 0.9679 2.1034 0.5853
3.4146 0.9679 2.1137 0.5757
3.4146 0.9679 2.1137 0.5757
3.4146 0.9679 2.1150 0.5763
3.4146 0.9679 2.1198 0.5783
3.4146 0.9679 2.1234 0.5801
3.4146 0.9679 2.1311 0.5743
3.4146 0.9679 2.1311 0.5743
3.4146 0.9679 2.1311 0.5743
3.4146 0.9679 2.1311 0.5743
3.4146 0.9679 2.1325 0.5747
3.4146 0.9679 2.1425 0.5749
3.4146 0.9679 2.1425 0.5749
3.4146 0.9679 2.1425 0.5749
3.4146 0.9679 2.1437 0.5734
3.4146 0.9679 2.1507 0.5696
3.4146 0.9679 2.1507 0.5696
3.4146 0.9679 2.1516 0.5700
3.4146 0.9679 2.1521 0.5707
3.4146 0.9679 2.1530 0.5693
3.4146 0.9679 2.1530 0.5693
3.4146 0.9679 2.1582 0.5683
3.4146 0.9679 2.1685 0.5600
3.4146 0.9679 2.1731 0.5611
3.4146 0.9679 2.1731 0.5611
3.4146 0.9679 2.1790 0.5621
3.4146 0.9679 2.1846 0.5544
3.4146 0.9679 2.1884 0.5546
3.4146 0.9679 2.1903 0.5523
3.4146 0.9679 2.1907 0.5520
3.4146 0.9679 2.1944 0.5532
3.4146 0.9679 2.1944 0.5532
3.4146 0.9679 2.1996 0.5545
3.4146 0.9679 2.2124 0.5480
3.4146 0.9679 2.2143 0.5486
3.4146 0.9679 2.2143 0.5486
3.4146 0.9679 2.2143 0.5486
3.4146 0.9679 2.2143 0.5486
3.4146 0.9679 2.2185 0.5522
3.4146 0.9679 2.2226 0.5493
3.4146 0.9679 2.2267 0.5446
3.4146 0.9679 2.2267 0.5446
3.4146 0.9679 2.2267 0.5446
3.4146 0.9679 2.2271 0.5442
3.4146 0.9679 2.2417 0.5399
3.4146 0.9679 2.2448 0.5381
3.4146 0.9679 2.2486 0.5399
3.4146 0.9679 2.2572 0.5394
3.4146 0.9679 2.2623 0.5303
3.4146 0.9679 2.2623 0.5303
3.4146 0.9679 2.2623 0.5303
3.4146 0.9679 2.2623 0.5303
3.4146 0.9679 2.2700 0.5355
3.4146 0.9679 2.2853 0.5315
3.4146 0.9679 2.2874 0.5328
3.4146 0.9679 2.2881 0.5338
3.4146 0.9679 2.2902 0.5313
3.4146 1.0028 2.3054 0.5148
3.4146 1.0028 2.3102 0.5157
3.4146 1.0028 2.3164 0.5215
3.4146 1.0028 2.3164 0.5215
3.4146 1.0028 2.3179 0.5218
3.4146 1.0028 2.3179 0.5218
3.4146 1.0028 2.3179 0.5218
3.4146 1.0028 2.3185 0.5220
3.4146 1.0028 2.3219 0.5148
3.4146 1.0028 2.3242 0.5160
3.4146 1.0028 2.3242 0.5160
3.4146 1.0028 2.3258 0.5165
3.4146 1.0028 2.3327 0.5179
3.4146 1.0028 2.3327 0.5179
3.4146 1.0028 2.3445 0.5094
3.4146 1.0028 2.3469 0.5111
3.4146 1.0028 2.3469 0.5111
3.4146 1.0028 2.3558 0.5018
3.4146 1.0028 2.3558 0.5018
3.4146 1.0028 2.3560 0.5018
3.4146 1.0028 2.3584 0.5027
3.4146 1.0028 2.3584 0.5026
3.4146 1.0028 2.3614 0.5053
3.4146 1.0028 2.3639 0.5064
3.4146 1.0028 2.3639 0.5064
3.4146 1.0028 2.3687 0.5032
3.4146 1.0028 2.3687 0.5032
3.4146 1.0028 2.3696 0.5035
3.4146 1.0028 2.3714 0.5040
3.4146 1.0028 2.3714 0.5040
3.4146 1.0028 2.3722 0.5042
3.4146 1.0028 2.3799 0.4951
3.4146 1.0028 2.3799 0.4951
3.4146 1.0028 2.3838 0.4976
3.4146 1.0028 2.3841 0.4979
3.4146 1.0028 2.3948 0.4900
3.4146 1.0028 2.3948 0.4900
3.4146 1.0028 2.4010 0.4864
3.4146 1.0028 2.4010 0.4864
3.4146 1.0028 2.4033 0.4867
3.4146 1.0028 2.4052 0.4821
3.4146 1.0028 2.4090 0.4821
3.4146 1.0028 2.4122 0.4837
3.4146 1.0028 2.4125 0.4838
3.4146 1.0028 2.4202 0.4773
3.4146 1.0496 2.4434 0.4641
3.4146 1.0496 2.4434 0.4641
3.4146 1.0496 2.4448 0.4628
3.4146 1.0496 2.4523 0.4708
3.4146 1.0496 2.4523 0.4708
3.4146 1.0496 2.4523 0.4708
3.4146 1.0496 2.4660 0.4714
3.4146 1.0496 2.4660 0.4714
3.4146 1.0496 2.4668 0.4714
3.4146 1.0496 2.4681 0.4699
3.4146 1.0496 2.4681 0.4699
3.4146 1.0496 2.4681 0.4699
3.4146 1.0496 2.4793 0.4549
3.4146 1.0496 2.4842 0.4568
3.4146 1.0496 2.4842 0.4568
3.4146 1.0496 2.4936 0.4518
3.4146 1.0496 2.5031 0.4449
3.4146 1.0496 2.5039 0.4455
3.4146 1.0496 2.5039 0.4455
3.4146 1.0496 2.5039 0.4455
3.4146 1.0496 2.5039 0.4455
3.4146 1.0496 2.5155 0.4381
3.4146 1.0496 2.5155 0.4381
3.4146 1.0496 2.5155 0.4381
3.4146 1.0496 2.5157 0.4379
3.4146 1.0496 2.5157 0.4379
3.4146 1.0496 2.5157 0.4379
3.4146 1.0496 2.5181 0.4373
3.4146 1.0496 2.5199 0.4385
3.4146 1.0496 2.5201 0.4386
3.4146 1.0496 2.5221 0.4394
3.4146 1.0496 2.5221 0.4394
3.4146 1.0496 2.5247 0.4396
3.4146 1.0496 2.5249 0.4397
3.4146 1.0496 2.5296 0.4404
3.4146 1.0496 2.5296 0.4404
3.4146 1.0496 2.5296 0.4404
3.4146 1.0496 2.5302 0.4403
3.4146 1.0496 2.5397 0.4279
3.4146 1.0496 2.5397 0.4279
3.4146 1.0496 2.5428 0.4294
3.4146 1.0496 2.5474 0.4288
3.4146 1.0496 2.5510 0.4302
3.4146 1.0496 2.5510 0.4302
3.4146 1.0496 2.5511 0.4302
3.4146 1.0496 2.5511 0.4302
3.4146 1.0496 2.5578 0.4301
3.4146 1.0496 2.5596 0.4305
3.4146 1.0496 2.5596 0.4305
3.4146 1.0496 2.5614 0.4321
3.4146 1.0496 2.5614 0.4321
3.4146 1.0496 2.5614 0.4321
3.4146 1.0496 2.5686 0.4179
3.4146 1.0496 2.5762 0.4218
3.4146 1.0496 2.5762 0.4218
3.4146 1.0496 2.5776 0.4193
3.4146 1.0496 2.5776 0.4193
3.4146 1.0496 2.5776 0.4193
3.4146 1.0496 2.5795 0.4176
3.4146 1.0496 2.5798 0.4176
3.4146 1.0496 2.5882 0.4240
3.4146 1.0496 2.5910 0.4206
3.4146 1.0496 2.5971 0.4267
3.4146 1.0496 2.5971 0.4267
3.4146 1.0496 2.5971 0.4267
3.4146 1.0496 2.5971 0.4267
3.4146 1.0496 2.6008 0.4175
3.4146 1.0496 2.6072 0.4172
3.4146 1.0496 2.6104 0.4175
3.4146 1.0496 2.6104 0.4175
3.4146 1.0496 2.6104 0.4175
3.4146 1.0496 2.6237 0.4217
3.4146 1.0496 2.6237 0.4217
3.4146 1.0496 2.6237 0.4217
3.4146 1.0496 2.6237 0.4217
3.4146 1.0496 2.6237 0.4217
3.4146 1.0496 2.6237 0.4217
3.4146 1.0496 2.6237 0.4217
3.4146 1.0496 2.6237 0.4217
3.4146 1.0496 2.6237 0.4217
3.4146 1.0496 2.6310 0.4274
3.4146 1.0496 2.6310 0.4274
3.4146 1.0496 2.6367 0.4296
3.4146 1.0496 2.6418 0.4297
3.4146 1.0496 2.6418 0.4297
3.4146 1.0496 2.6418 0.4297
3.4146 1.0496 2.6418 0.4297
3.4146 1.0496 2.6419 0.4297
3.4146 1.0496 2.6419 0.4297
3.4146 1.0496 2.6462 0.4315
3.4146 1.0496 2.6462 0.4315
3.4146 1.0496 2.6549 0.4315
3.4146 1.0496 2.6569 0.4313
3.4146 1.0496 2.6569 0.4313
3.4146 1.0496 2.6759 0.4008
3.4146 1.0496 2.6803 0.4023
3.4146 1.0496 2.6832 0.4021
3.4146 1.0496 2.6908 0.4086
3.4146 1.0496 2.6908 0.4086
3.4146 1.0496 2.6919 0.4091
3.4146 1.0496 2.6919 0.4091
3.4146 1.0496 2.6920 0.4093
3.4146 1.0496 2.6964 0.4102
3.4146 1.0496 2.7096 0.3886
3.4146 1.0496 2.7096 0.3886
3.4146 1.0496 2.7098 0.3887
3.4146 1.0496 2.7098 0.3887
3.4146 1.0496 2.7200 0.3750
3.4146 1.0496 2.7200 0.3750
3.4146 1.0496 2.7200 0.3750
3.4146 1.0496 2.7243 0.3732
3.4146 1.0496 2.7243 0.3732
3.4146 1.0496 2.7267 0.3729
3.4146 1.0496 2.7267 0.3729
3.4146 1.0496 2.7297 0.3731
3.4146 1.0496 2.7421 0.3750
3.4146 1.0496 2.7438 0.3751
3.4146 1.0496 2.7438 0.3751
3.4146 1.0496 2.7438 0.3751
3.4146 1.0496 2.7438 0.3751
3.4146 1.0496 2.7438 0.3751
3.4146 1.0496 2.7477 0.3740
3.4146 1.0496 2.7482 0.3740
3.4146 1.0496 2.7482 0.3740
3.4146 1.0496 2.7482 0.3740
3.4146 1.0496 2.7502 0.3748
3.4146 1.7324 2.7688 0.3338
3.4146 1.7324 2.7738 0.3348
3.4146 1.7324 2.7777 0.3352
3.4146 1.7324 2.7791 0.3359
3.4146 1.7324 2.7881 0.3293
3.4146 1.7324 2.7881 0.3293
3.4146 1.7324 2.7881 0.3293
3.4146 1.7324 2.7881 0.3293
3.4146 1.7324 2.7885 0.3290
3.4146 1.7672 2.8001 0.3115
3.4146 1.7672 2.8018 0.3112
3.4146 1.7672 2.8097 0.3054
3.4146 1.7672 2.8097 0.3054
3.4146 1.7672 2.8102 0.3054
3.4146 2.0432 2.8185 0.2877
3.4146 2.0432 2.8185 0.2877
3.4146 2.0432 2.8185 0.2877
3.4146 2.0432 2.8227 0.2920
3.4146 2.0432 2.8230 0.2917
3.4146 2.0432 2.8230 0.2917
3.4146 2.0432 2.8243 0.2924
3.4146 2.0432 2.8243 0.2924
3.4146 2.0432 2.8250 0.2913
3.4146 2.0432 2.8250 0.2913
3.4146 2.0432 2.8311 0.2953
3.4146 2.0432 2.8351 0.2936
3.4146 2.0432 2.8381 0.2927
3.4146 2.0432 2.8381 0.2927
3.4146 2.0432 2.8429 0.2920
3.4146 2.0432 2.8443 0.2924
3.4146 2.0432 2.8477 0.2874
3.4146 2.0432 2.8520 0.2887
3.4146 2.0432 2.8534 0.2893
3.4146 2.0432 2.8540 0.2891
3.4146 2.0432 2.8540 0.2891
3.4146 2.0432 2.8589 0.2928
3.4146 2.0432 2.8589 0.2928
3.4146 2.0432 2.8613 0.2913
3.4146 2.0432 2.8613 0.2913
3.4146 2.0432 2.8642 0.2944
3.4146 2.0432 2.8671 0.2931
3.4146 2.0432 2.8671 0.2931
3.4146 2.0432 2.8672 0.2931
3.4146 2.0432 2.8733 0.2962
3.4146 2.0432 2.8733 0.2962
3.4146 2.0432 2.8743 0.2960
3.4146 2.0432 2.8743 0.2960
3.4146 2.0432 2.8743 0.2960
3.4146 2.0432 2.8743 0.2960
3.4146 2.0432 2.8743 0.2960
3.4146 2.0432 2.8748 0.2961
3.4146 2.0432 2.8800 0.2956
3.4146 2.0432 2.8833 0.2986
3.4146 2.0432 2.8907 0.2931
3.4146 2.0432 2.8907 0.2931
3.4146 2.0432 2.8907 0.2931
3.4146 2.0432 2.8907 0.2931
3.4146 2.0432 2.8907 0.2931
3.4146 2.0432 2.8928 0.2918
3.4146 2.0432 2.8976 0.2879
3.4146 2.0432 2.9011 0.2863
3.4146 2.0432 2.9011 0.2863
3.4146 2.0432 2.9045 0.2894
3.4146 2.0432 2.9067 0.2885
3.4146 2.0432 2.9067 0.2885
3.4146 2.0432 2.9067 0.2885
3.4146 2.0432 2.9069 0.2886
3.4146 2.0432 2.9107 0.2865
3.4146 2.0432 2.9107 0.2865
3.4146 2.0432 2.9107 0.2865
3.4146 2.0432 2.9111 0.2868
3.4146 2.0432 2.9111 0.2868
3.4146 2.0432 2.9122 0.2866
3.4146 2.0432 2.9149 0.2881
3.4146 2.0432 2.9149 0.2881
3.4146 2.0432 2.9149 0.2881
3.4146 2.0432 2.9149 0.2881
3.4146 2.0432 2.9149 0.2881
3.4146 2.0432 2.9154 0.2882
3.4146 2.0432 2.9185 0.2864
3.4146 2.0432 2.9185 0.2864
3.4146 2.0432 2.9185 0.2864
3.4146 2.0432 2.9187 0.2864
3.4146 2.0432 2.9197 0.2865
3.4146 2.0432 2.9197 0.2865
3.4146 2.0432 2.9197 0.2865
3.4146 2.0432 2.9197 0.2864
3.4146 2.0432 2.9203 0.2864
3.4146 2.0432 2.9203 0.2864
3.4146 2.0432 2.9203 0.2864
3.4146 2.0432 2.9279 0.2869
3.4146 2.0432 2.9355 0.2842
3.4146 2.0432 2.9355 0.2842
3.4146 2.0432 2.9355 0.2842
3.4146 2.0432 2.9369 0.2837
3.4146 2.0432 2.9369 0.2837
3.4146 2.0432 2.9377 0.2832
3.4146 2.0432 2.9378 0.2833
3.4146 2.0432 2.9378 0.2833
3.4146 2.0432 2.9386 0.2830
3.4146 2.0432 2.9386 0.2830
3.4146 2.0432 2.9386 0.2830
3.4146 2.0432 2.9386 0.2830
3.4146 2.0432 2.9437 0.2853
3.4146 2.0432 2.9462 0.2874
3.4146 2.0432 2.9462 0.2875
3.4146 2.0432 2.9462 0.2875
3.4146 2.0432 2.9490 0.2898
3.4146 2.0432 2.9492 0.2899
3.4146 2.0432 2.9509 0.2895
3.4146 2.0432 2.9509 0.2895
3.4146 2.0432 2.9512 0.2895
3.4146 2.0432 2.9579 0.2775
3.4146 2.0432 2.9583 0.2777
3.4146 2.0432 2.9583 0.2777
3.4146 2.0432 2.9583 0.2777
3.4146 2.0432 2.9583 0.2777
3.4146 2.0432 2.9607 0.2794
3.4146 2.0432 2.9613 0.2794
3.4146 2.0432 2.9613 0.2794
3.4146 2.2185 2.9657 0.2681
3.4146 2.2185 2.9657 0.2681
3.4146 2.2185 2.9657 0.2681
3.4146 2.2185 2.9717 0.2639
3.4146 2.2185 2.9766 0.2614
3.4146 2.2185 2.9797 0.2623
3.4146 2.2185 2.9801 0.2628
3.4146 2.2185 2.9811 0.2623
3.4146 2.2185 2.9811 0.2623
3.4146 2.2185 2.9811 0.2623
3.4146 2.2185 2.9873 0.2531
3.4146 2.2185 2.9899 0.2554
3.4146 2.2185 2.9899 0.2554
3.4146 2.2185 2.9922 0.2536
3.4146 2.2185 2.9931 0.2535
3.4146 2.2185 2.9933 0.2539
3.4146 2.2185 2.9959 0.2543
3.4146 2.2185 2.9959 0.2543
3.4146 2.2185 2.9977 0.2549
3.4146 2.4302 3.0066 0.2428
3.4146 2.4302 3.0066 0.2428
3.4146 2.4302 3.0078 0.2440
3.4146 2.4302 3.0151 0.2392
3.4146 2.4302 3.0151 0.2392
3.4146 2.4302 3.0158 0.2377
3.4146 2.4302 3.0158 0.2377
3.4146 2.4302 3.0158 0.2377
3.4146 2.4302 3.0159 0.2376
3.4146 2.4302 3.0159 0.2376
3.4146 2.4302 3.0162 0.2375
3.4146 2.4302 3.0177 0.2375
3.4146 2.4302 3.0177 0.2375
3.4146 2.4302 3.0177 0.2375
3.4146 2.4302 3.0177 0.2375
3.4146 2.4302 3.0202 0.2350
3.4146 2.4302 3.0202 0.2350
3.4146 2.4302 3.0221 0.2340
3.4146 2.4302 3.0221 0.2340
3.4146 2.4302 3.0221 0.2340
3.4146 2.4302 3.0245 0.2360
3.4146 2.4302 3.0289 0.2387
3.4146 2.4302 3.0315 0.2391
3.4146 2.4302 3.0315 0.2391
3.4146 2.4302 3.0315 0.2391
3.4146 2.4302 3.0315 0.2391
3.4146 2.4302 3.0315 0.2391
3.4146 2.4302 3.0328 0.2391
3.4146 2.4302 3.0339 0.2392
3.4146 2.4302 3.0339 0.2392
3.4146 2.4302 3.0380 0.2406
3.4146 2.4302 3.0386 0.2408
3.4146 2.4302 3.0386 0.2408
3.4146 2.4302 3.0386 0.2408
3.4146 2.4302 3.0386 0.2408
3.4146 2.4302 3.0407 0.2424
3.4146 2.4302 3.0407 0.2424
3.4146 2.4302 3.0440 0.2381
3.4146 2.4302 3.0449 0.2364
3.4146 2.4302 3.0449 0.2364
3.4146 2.4302 3.0497 0.2339
3.4146 2.4302 3.0540 0.2350
3.4146 2.4302 3.0540 0.2350
3.4146 2.4302 3.0573 0.2325
3.4146 2.4302 3.0575 0.2323
3.4146 2.4302 3.0588 0.2318
3.4146 2.4302 3.0588 0.2318
3.4146 2.4302 3.0588 0.2318
3.4146 2.4302 3.0588 0.2318
3.4146 2.4302 3.0590 0.2313
3.4146 2.4302 3.0590 0.2313
3.4146 2.4302 3.0627 0.2290
3.4146 2.4302 3.0627 0.2290
3.4146 2.5628 3.0677 0.2204
3.4146 2.5628 3.0677 0.2205
3.4146 2.5628 3.0684 0.2203
3.4146 2.5628 3.0685 0.2203
3.4146 2.5628 3.0736 0.2202
3.4146 2.5628 3.0737 0.2203
3.8703 2.5628 3.0865 0.2287
3.8703 2.5628 3.0877 0.2296
3.8703 2.5628 3.0877 0.2296
3.8703 2.5628 3.0877 0.2296
3.8703 2.5628 3.0906 0.2307
3.8703 2.5628 3.0948 0.2312
3.8703 2.5628 3.0948 0.2312
3.8703 2.5628 3.0948 0.2312
3.8703 2.5628 3.1055 0.2418
3.8703 2.5628 3.1055 0.2418
3.8703 2.5628 3.1066 0.2415
3.8703 2.5628 3.1066 0.2415
3.8703 2.5628 3.1094 0.2424
3.8703 2.5628 3.1094 0.2424
3.8703 2.5628 3.1094 0.2424
3.8703 2.5628 3.1128 0.2430
3.8703 2.5628 3.1128 0.2430
3.8703 2.5628 3.1148 0.2400
3.8703 2.5628 3.1157 0.2394
3.8703 2.5628 3.1198 0.2394
3.8703 2.5628 3.1198 0.2394
3.8703 2.5628 3.1198 0.2394
3.8703 2.5628 3.1233 0.2375
3.8703 2.5628 3.1264 0.2321
3.8703 2.5628 3.1299 0.2326
3.8703 2.5628 3.1299 0.2326
3.8703 2.5628 3.1300 0.2325
3.8703 2.5628 3.1300 0.2325
3.8703 2.5628 3.1300 0.2325
3.8703 2.5628 3.1314 0.2314
3.8703 2.5628 3.1314 0.2314
3.8703 2.5628 3.1315 0.2313
3.8703 2.5628 3.1368 0.2321
3.8703 2.5628 3.1368 0.2321
3.8703 2.5628 3.1383 0.2328
3.8703 2.5628 3.1435 0.2276
3.8703 2.5628 3.1451 0.2283
3.8703 2.5628 3.1451 0.2283
3.8703 2.5943 3.1511 0.2207
3.8703 2.5943 3.1511 0.2207
3.8703 2.5943 3.1511 0.2207
3.8703 2.5943 3.1554 0.2200
3.8703 2.5943 3.1554 0.2200
3.8703 2.5943 3.1556 0.2202
3.8703 2.5943 3.1574 0.2210
3.8703 2.5943 3.1574 0.2210
3.8703 2.5943 3.1574 0.2210
3.8703 2.5943 3.1574 0.2210
3.8703 2.5943 3.1584 0.2215
3.8703 2.5943 3.1592 0.2214
3.8703 2.5943 3.1592 0.2214
3.8703 2.5943 3.1592 0.2214
3.8703 2.5943 3.1599 0.2207
3.8703 2.5943 3.1640 0.2199
3.8703 2.5943 3.1640 0.2199
3.8703 2.5943 3.1646 0.2191
3.8703 2.5943 3.1646 0.2191
3.8703 2.5943 3.1660 0.2197
3.8703 2.5943 3.1660 0.2197
3.8703 2.5943 3.1704 0.2189
3.8703 2.5943 3.1708 0.2185
3.8703 2.5943 3.1751 0.2171
3.8703 2.5943 3.1791 0.2161
3.8703 2.5943 3.1812 0.2170
3.8703 2.5943 3.1838 0.2170
3.8703 2.5943 3.1842 0.2173
3.8703 2.5943 3.1859 0.2165
3.8703 2.5943 3.1880 0.2137
3.8703 2.5943 3.1880 0.2137
3.8703 2.5943 3.1885 0.2135
3.8703 2.5943 3.1885 0.2135
3.8703 2.5943 3.1885 0.2135
3.8703 2.5943 3.1885 0.2135
3.8703 2.5943 3.1908 0.2137
3.8703 2.5943 3.1910 0.2138
3.8703 2.5943 3.1955 0.2120
3.8703 2.5943 3.1955 0.2120
3.8703 2.5943 3.1955 0.2120
3.8703 2.5943 3.1955 0.2120
3.8703 2.5943 3.1966 0.2124
3.8703 2.5943 3.1966 0.2124
3.8703 2.5943 3.1966 0.2124
3.8703 2.5943 3.1968 0.2122
3.8703 2.5943 3.1968 0.2122
3.8703 2.5943 3.1972 0.2125
3.8703 2.5943 3.1972 0.2125
3.8703 2.5943 3.1972 0.2125
3.8703 2.5943 3.1972 0.2125
3.8703 2.5943 3.2022 0.2116
3.8703 2.5943 3.2022 0.2116
3.8703 2.5943 3.2023 0.2116
3.8703 2.5943 3.2095 0.2029
3.8703 2.5943 3.2095 0.2029
3.8703 2.5943 3.2095 0.2029
3.8703 2.5943 3.2095 0.2029
3.8703 2.5943 3.2100 0.2021
3.8703 2.5943 3.2102 0.2019
3.8703 2.5943 3.2105 0.2021
3.8703 2.5943 3.2105 0.2021
3.8703 2.5943 3.2105 0.2021
3.8703 2.5943 3.2105 0.2021
3.8703 2.5943 3.2114 0.2008
3.8703 2.5943 3.2142 0.2004
3.8703 2.5943 3.2142 0.2004
3.8703 2.5943 3.2146 0.2003
3.8703 2.5943 3.2146 0.2003
3.8703 2.5943 3.2146 0.2003
3.8703 2.5943 3.2146 0.2003
3.8703 2.5943 3.2194 0.1972
3.8703 2.5943 3.2194 0.1972
3.8703 2.5943 3.2218 0.1970
3.8703 2.5943 3.2233 0.1971
3.8703 2.5943 3.2233 0.1971
3.8703 2.5943 3.2233 0.1971
3.8703 2.5943 3.2249 0.1973
3.8703 2.5943 3.2293 0.1951
3.8703 2.5943 3.2293 0.1951
3.8703 2.5943 3.2296 0.1949
3.8703 2.5943 3.2296 0.1949
3.8703 2.5943 3.2296 0.1949
3.8703 2.5943 3.2305 0.1955
3.8703 2.5943 3.2320 0.1956
3.8703 2.5943 3.2320 0.1956
3.8703 2.5943 3.2339 0.1958
3.8703 2.5943 3.2339 0.1958
3.8703 2.5943 3.2380 0.1933
3.8703 2.8538 3.2424 0.1833
3.8703 2.8538 3.2424 0.1833
3.8703 2.8538 3.2470 0.1795
3.8703 2.8538 3.2471 0.1793
3.8703 2.8538 3.2471 0.1793
3.8703 2.8538 3.2558 0.1880
3.8703 2.8538 3.2569 0.1887
3.8703 2.8538 3.2606 0.1863
3.8703 2.8538 3.2606 0.1863
3.8703 2.8538 3.2611 0.1865
3.8703 2.8538 3.2611 0.1865
3.8703 2.8538 3.2642 0.1853
3.8703 2.8538 3.2642 0.1853
3.8703 2.8538 3.2642 0.1853
3.8703 2.8538 3.2730 0.1929
3.8703 2.8538 3.2730 0.1929
3.8703 2.8538 3.2730 0.1929
3.8703 2.8538 3.2730 0.1929
3.8703 2.8538 3.2765 0.1910
3.8703 2.8538 3.2765 0.1910
3.8703 2.8538 3.2781 0.1901
3.8703 2.8538 3.2781 0.1901
3.8703 2.8820 3.2828 0.1853
3.8703 2.8820 3.2828 0.1853
3.8703 2.8820 3.2828 0.1853
3.8703 2.8820 3.2838 0.1841
3.8703 2.8820 3.2838 0.1841
3.8703 2.8820 3.2838 0.1841
3.8703 2.8820 3.2839 0.1841
3.8703 2.8820 3.2839 0.1841
3.8703 2.8820 3.2921 0.1916
3.8703 2.8820 3.2921 0.1916
3.8703 2.8820 3.2921 0.1916
3.8703 2.8820 3.2921 0.1916
3.8703 2.8820 3.2927 0.1911
3.8703 2.8820 3.2927 0.1911
3.8703 2.8820 3.2927 0.1911
3.8703 2.8820 3.2927 0.1911
3.8703 2.8820 3.2927 0.1911
3.8703 2.8820 3.2927 0.1911
3.8703 2.8820 3.2940 0.1917
3.8703 2.8820 3.2941 0.1917
3.8703 2.8820 3.2941 0.1917
3.8703 2.8820 3.2941 0.1917
3.8703 2.8820 3.2966 0.1904
3.8703 2.8820 3.2966 0.1904
3.8703 2.8820 3.2996 0.1888
3.8703 2.8820 3.3021 0.1874
3.8703 2.8820 3.3021 0.1874
3.8703 2.8820 3.3056 0.1850
3.8703 2.8820 3.3056 0.1850
3.8703 2.8820 3.3056 0.1850
3.8703 2.8820 3.3063 0.1855
3.8703 2.8820 3.3063 0.1855
3.8703 2.8820 3.3063 0.1855
3.8703 2.8929 3.3108 0.1805
3.8703 2.8929 3.3108 0.1805
3.8703 2.8929 3.3110 0.1805
3.8703 2.8929 3.3110 0.1805
3.8703 2.8929 3.3136 0.1803
3.8703 2.8929 3.3136 0.1803
3.8703 2.8929 3.3136 0.1803
3.8703 2.8929 3.3177 0.1764
3.8703 2.8929 3.3177 0.1764
3.8703 2.8929 3.3182 0.1765
3.8703 2.8929 3.3182 0.1765
3.8703 2.8929 3.3182 0.1765
3.8703 2.8929 3.3182 0.1765
3.8703 2.8929 3.3222 0.1719
3.8703 2.8929 3.3255 0.1687
3.8703 2.8929 3.3255 0.1687
3.8703 2.8929 3.3255 0.1687
3.8703 2.8929 3.3301 0.1770
3.8703 2.8929 3.3304 0.1770
3.8703 2.8929 3.3304 0.1770
3.8703 2.8929 3.3304 0.1770
3.8703 2.8929 3.3304 0.1770
3.8703 2.8929 3.3304 0.1770
3.8703 2.8929 3.3304 0.1770
3.8703 2.8929 3.3304 0.1770
3.8703 2.8929 3.3304 0.1770
3.8703 2.8929 3.3304 0.1770
3.8703 2.8929 3.3304 0.1770
3.8703 2.8929 3.3304 0.1770
3.8703 2.8929 3.3304 0.1770
3.8703 2.8929 3.3304 0.1770
3.8703 2.8929 3.3304 0.1770
3.8703 2.8929 3.3304 0.1770
3.8703 2.8929 3.3304 0.1770
3.8703 2.8929 3.3304 0.1770
3.8703 2.8929 3.3304 0.1770
3.8703 2.8929 3.3307 0.1770
3.8703 2.8929 3.3323 0.1777
3.8703 2.8929 3.3323 0.1777
3.8703 2.8929 3.3323 0.1777
3.8703 2.8929 3.3323 0.1777
3.8703 2.8929 3.3323 0.1776
3.8703 2.8929 3.3323 0.1776
3.8703 2.8929 3.3323 0.1776
3.8703 2.8929 3.3323 0.1776
3.8703 2.8929 3.3327 0.1777
3.8703 2.8929 3.3328 0.1777
3.8703 2.8929 3.3328 0.1777
3.8703 2.8929 3.3328 0.1777
3.8703 2.8929 3.3328 0.1777
3.8703 2.8929 3.3328 0.1777
3.8703 2.8929 3.3338 0.1780
3.8703 2.8929 3.3338 0.1780
3.8703 2.8929 3.3343 0.1781
3.8703 2.8929 3.3354 0.1778
3.8703 2.8929 3.3370 0.1770
3.8703 2.8929 3.3385 0.1762
3.8703 2.8929 3.3385 0.1762
3.8703 2.8929 3.3398 0.1768
3.8703 2.8929 3.3405 0.1772
3.8703 2.8929 3.3408 0.1772
3.8703 2.8929 3.3408 0.1772
3.8703 2.8929 3.3408 0.1772
3.8703 2.8929 3.3408 0.1772
3.8703 2.8929 3.3412 0.1767
3.8703 2.8929 3.3412 0.1767
3.8703 2.8929 3.3412 0.1767
3.8703 2.8929 3.3414 0.1768
3.8703 2.8929 3.3414 0.1768
3.8703 2.8929 3.3416 0.1768
3.8703 2.8929 3.3436 0.1759
3.8703 2.8929 3.3436 0.1759
3.8703 2.8929 3.3440 0.1753
3.8703 2.8929 3.3453 0.1756
3.8703 2.8929 3.3453 0.1756
3.8703 2.8929 3.3456 0.1756
3.8703 2.8929 3.3456 0.1756
3.8703 2.8929 3.3456 0.1756
3.8703 2.8929 3.3499 0.1699
3.8703 2.8929 3.3499 0.1699
3.8703 2.8929 3.3506 0.1699
3.8703 2.8929 3.3514 0.1701
3.8703 2.8929 3.3514 0.1701
3.8703 2.8929 3.3514 0.1701
3.8703 2.8929 3.3517 0.1700
3.8703 2.8929 3.3517 0.1700
3.8703 2.8929 3.3517 0.1700
3.8703 2.8929 3.3517 0.1700
3.8703 2.8929 3.3520 0.1700
3.8703 2.8929 3.3520 0.1700
3.8703 2.8929 3.3536 0.1705
3.8703 2.8929 3.3536 0.1705
3.8703 2.8929 3.3547 0.1710
3.8703 2.8929 3.3547 0.1710
3.8703 2.8929 3.3547 0.1710
3.8703 2.8929 3.3552 0.1710
3.8703 2.8929 3.3552 0.1710
3.8703 2.8929 3.3552 0.1710
3.8703 2.8929 3.3553 0.1708
3.8703 2.8929 3.3568 0.1712
3.8703 2.8929 3.3574 0.1714
3.8703 2.8929 3.3575 0.1713
3.8703 2.8929 3.3575 0.1713
3.8703 2.8929 3.3575 0.1713
3.8703 2.8929 3.3590 0.1716
3.8703 2.8929 3.3590 0.1716
3.8703 2.8929 3.3593 0.1716
3.8703 2.8929 3.3604 0.1717
3.8703 2.8929 3.3616 0.1721
3.8703 2.8929 3.3616 0.1721
3.8703 2.8929 3.3616 0.1721
3.8703 2.8929 3.3621 0.1721
3.8703 2.8929 3.3623 0.1721
3.8703 2.8929 3.3634 0.1722
3.8703 2.8929 3.3634 0.1722
3.8703 2.8929 3.3638 0.1721
3.8703 2.8929 3.3638 0.1721
3.8703 2.8929 3.3659 0.1735
3.8703 2.8929 3.3672 0.1739
3.8703 2.8929 3.3683 0.1739
3.8703 2.8929 3.3683 0.1739
3.8703 2.8929 3.3686 0.1739
3.8703 2.8929 3.3699 0.1743
3.8703 2.8929 3.3716 0.1715
3.8703 2.8929 3.3716 0.1715
3.8703 2.8929 3.3722 0.1716
3.8703 2.8929 3.3722 0.1716
3.8703 2.8929 3.3734 0.1701
3.8703 2.8929 3.3749 0.1704
3.8703 2.8929 3.3749 0.1704
3.8703 2.9931 3.3782 0.1642
3.8703 2.9931 3.3782 0.1642
3.8703 2.9931 3.3782 0.1642
3.8703 2.9931 3.3782 0.1642
3.8703 2.9931 3.3782 0.1642
3.8703 2.9931 3.3817 0.1668
3.8703 2.9931 3.3827 0.1668
3.8703 2.9931 3.3835 0.1668
3.8703 2.9931 3.3835 0.1668
3.8703 2.9931 3.3835 0.1668
3.8703 2.9931 3.3835 0.1668
3.8703 2.9931 3.3835 0.1668
3.8703 2.9931 3.3846 0.1668
3.8703 2.9931 3.3852 0.1667
3.8703 2.9931 3.3852 0.1667
3.8703 2.9931 3.3860 0.1667
3.8703 2.9931 3.3864 0.1666
3.8703 2.9931 3.3891 0.1660
3.8703 2.9931 3.3891 0.1660
3.8703 2.9931 3.3891 0.1660
3.8703 2.9931 3.3891 0.1660
3.8703 2.9931 3.3891 0.1660
3.8703 2.9931 3.3894 0.1659
3.8703 2.9931 3.3894 0.1659
3.8703 2.9931 3.3898 0.1658
3.8703 2.9931 3.3899 0.1658
3.8703 2.9931 3.3921 0.1671
3.8703 2.9931 3.3921 0.1671
3.8703 2.9931 3.3921 0.1671
3.8703 2.9931 3.3921 0.1671
3.8703 2.9931 3.3921 0.1671
3.8703 2.9931 3.3921 0.1671
3.8703 2.9931 3.3921 0.1671
3.8703 2.9931 3.3921 0.1671
3.8703 2.9931 3.3924 0.1670
3.8703 2.9931 3.3935 0.1671
3.8703 2.9931 3.3935 0.1671
3.8703 2.9931 3.3944 0.1670
3.8703 2.9931 3.3981 0.1639
3.8703 2.9931 3.3981 0.1639
3.8703 2.9931 3.3981 0.1639
3.8703 2.9931 3.3981 0.1639
3.8703 2.9931 3.3981 0.1639
3.8703 2.9931 3.3981 0.1639
3.8703 2.9931 3.3981 0.1639
3.8703 2.9931 3.3981 0.1639
3.8703 2.9931 3.3981 0.1639
3.8703 2.9931 3.3986 0.1637
3.8703 2.9931 3.3994 0.1648
3.8703 2.9931 3.3994 0.1648
3.8703 2.9931 3.3994 0.1648
3.8703 2.9931 3.3994 0.1648
3.8703 2.9931 3.3994 0.1648
3.8703 2.9931 3.4000 0.1649
3.8703 2.9931 3.4038 0.1598
3.8703 2.9931 3.4038 0.1598
3.8703 2.9931 3.4038 0.1598
3.8703 2.9931 3.4038 0.1598
3.8703 2.9931 3.4038 0.1598
3.8703 2.9931 3.4067 0.1621
3.8703 3.0411 3.4116 0.1568
3.8703 3.0411 3.4116 0.1568
3.8703 3.0411 3.4116 0.1568
3.8703 3.0411 3.4134 0.1547
3.8703 3.0411 3.4134 0.1547
3.8703 3.0411 3.4147 0.1548
3.8703 3.0411 3.4163 0.1530
3.8703 3.0411 3.4163 0.1530
3.8703 3.0411 3.4172 0.1530
3.8703 3.0411 3.4216 0.1595
3.8703 3.0411 3.4216 0.1595
3.8703 3.0411 3.4217 0.1594
3.8703 3.0411 3.4217 0.1594
3.8703 3.0411 3.4217 0.1594
3.8703 3.0411 3.4217 0.1594
4.1203 3.0411 3.4242 0.1682
4.1203 3.0411 3.4244 0.1681
4.1203 3.0411 3.4256 0.1678
4.1203 3.0411 3.4256 0.1678
4.1203 3.0411 3.4256 0.1678
4.1203 3.0411 3.4257 0.1678
4.1203 3.0411 3.4273 0.1676
4.1203 3.0411 3.4286 0.1681
4.1203 3.0411 3.4286 0.1681
4.1203 3.0411 3.4286 0.1681
4.1203 3.0411 3.4286 0.1681
4.1203 3.0411 3.4302 0.1691
4.1203 3.0411 3.4313 0.1690
4.1203 3.0411 3.4313 0.1690
4.1203 3.0411 3.4319 0.1691
4.1203 3.0411 3.4319 0.1691
4.1203 3.0411 3.4331 0.1691
4.1203 3.0411 3.4331 0.1691
4.1203 3.0411 3.4331 0.1691
4.1203 3.0411 3.4341 0.1687
4.1203 3.0411 3.4341 0.1687
4.1203 3.0411 3.4341 0.1687
4.1203 3.0411 3.4356 0.1685
4.1203 3.0411 3.4373 0.1693
4.1203 3.0411 3.4373 0.1693
4.1203 3.0411 3.4373 0.1693
4.1203 3.0411 3.4373 0.1693
4.1203 3.0411 3.4373 0.1693
4.1203 3.0411 3.4373 0.1693
4.1203 3.0411 3.4373 0.1693
4.1203 3.0411 3.4373 0.1693
4.1203 3.0411 3.4403 0.1714
4.1203 3.0411 3.4403 0.1714
4.1203 3.0411 3.4403 0.1714
4.1203 3.0411 3.4416 0.1718
4.1203 3.0411 3.4417 0.1718
4.1203 3.0411 3.4463 0.1770
4.1203 3.0411 3.4463 0.1770
4.1203 3.0411 3.4464 0.1769
4.1203 3.0411 3.4464 0.1769
4.1203 3.0411 3.4464 0.1769
4.1203 3.0411 3.4503 0.1819
4.1203 3.0411 3.4503 0.1819
4.1203 3.0411 3.4503 0.1819
4.1203 3.0411 3.4507 0.1822
4.1203 3.0911 3.4552 0.1775
4.1203 3.0911 3.4552 0.1775
4.1203 3.0911 3.4568 0.1770
4.1203 3.0911 3.4568 0.1770
4.1203 3.0911 3.4573 0.1770
4.1203 3.0911 3.4588 0.1770
4.1203 3.0911 3.4588 0.1770
4.1203 3.0911 3.4601 0.1767
4.1664 3.0911 3.4670 0.1901
4.1664 3.0911 3.4670 0.1901
4.1664 3.0911 3.4670 0.1901
4.1664 3.0911 3.4670 0.1901
4.1664 3.0911 3.4670 0.1901
4.1664 3.0911 3.4670 0.1901
4.1664 3.0911 3.4675 0.1901
4.1664 3.0911 3.4675 0.1901
4.1664 3.0911 3.4675 0.1901
4.1664 3.0911 3.4675 0.1901
4.1664 3.0911 3.4675 0.1901
4.1664 3.0911 3.4675 0.1901
4.1664 3.0911 3.4687 0.1890
4.1664 3.0911 3.4700 0.1886
4.1664 3.0911 3.4700 0.1886
4.1664 3.0911 3.4700 0.1886
4.1664 3.0911 3.4700 0.1886
4.1664 3.0911 3.4700 0.1886
4.1664 3.0911 3.4700 0.1886
4.1664 3.0911 3.4711 0.1881
4.1664 3.0911 3.4712 0.1880
4.1664 3.0911 3.4722 0.1878
4.1664 3.0911 3.4722 0.1878
4.1664 3.0911 3.4738 0.1872
4.1664 3.0911 3.4738 0.1872
4.1664 3.0911 3.4766 0.1895
4.1664 3.0911 3.4767 0.1895
4.1664 3.0911 3.4799 0.1917
4.1664 3.0911 3.4799 0.1917
4.1664 3.0911 3.4847 0.1976
4.1664 3.0911 3.4847 0.1976
4.1664 3.0911 3.4847 0.1976
4.1664 3.0911 3.4847 0.1976
4.1664 3.0911 3.4847 0.1976
4.1664 3.0911 3.4847 0.1976
4.1664 3.0911 3.4858 0.1962
4.1664 3.0911 3.4858 0.1962
4.1664 3.0911 3.4871 0.1958
4.1664 3.0911 3.4903 0.1923
4.1664 3.0911 3.4908 0.1922
4.1664 3.0911 3.4921 0.1917
4.1664 3.0911 3.4944 0.1923
4.1664 3.0911 3.4944 0.1923
4.1664 3.0911 3.4944 0.1923
4.1664 3.0911 3.4949 0.1921
4.1664 3.0911 3.4949 0.1921
4.1664 3.0911 3.4949 0.1921
4.1664 3.0911 3.4988 0.1957
4.1664 3.0911 3.5004 0.1936
4.1664 3.0911 3.5029 0.1943
4.1664 3.0911 3.5033 0.1940
4.1664 3.0911 3.5046 0.1934
4.1664 3.0911 3.5058 0.1929
4.1664 3.0911 3.5059 0.1931
4.1664 3.0911 3.5059 0.1931
4.1664 3.0911 3.5059 0.1931
4.1664 3.0911 3.5078 0.1907
4.1664 3.0911 3.5084 0.1905
4.1664 3.0911 3.5084 0.1905
4.1664 3.0911 3.5084 0.1905
4.1664 3.0911 3.5110 0.1901
4.1664 3.0911 3.5123 0.1903
4.1664 3.0911 3.5123 0.1903
4.1664 3.0911 3.5190 0.1956
4.1664 3.0911 3.5245 0.2007
4.1664 3.0911 3.5245 0.2007
4.1664 3.0911 3.5245 0.2007
4.1664 3.0911 3.5245 0.2007
4.1664 3.0911 3.5245 0.2007
4.1664 3.0911 3.5255 0.2000
4.1664 3.0911 3.5255 0.2000
4.1664 3.0911 3.5264 0.1995
4.1664 3.0911 3.5264 0.1995
4.1664 3.0911 3.5306 0.2002
4.1664 3.0911 3.5309 0.2001
4.1664 3.0911 3.5309 0.2001
4.1664 3.2704 3.5349 0.1952
4.1664 3.2704 3.5349 0.1952
4.1664 3.2704 3.5381 0.2003
4.1664 3.2704 3.5381 0.2003
4.2275 3.2704 3.5455 0.2116
4.2275 3.2704 3.5469 0.2108
4.2275 3.2704 3.5469 0.2108
4.2275 3.2704 3.5469 0.2108
4.2275 3.2704 3.5469 0.2108
4.2275 3.2704 3.5469 0.2108
4.2275 3.2704 3.5469 0.2108
4.2275 3.2704 3.5469 0.2108
4.2275 3.2704 3.5469 0.2108
4.2275 3.2704 3.5469 0.2108
4.2275 3.2704 3.5469 0.2108
4.2275 3.2704 3.5503 0.2116
4.2275 3.2704 3.5503 0.2116
4.2275 3.2704 3.5506 0.2115
4.2275 3.2704 3.5506 0.2115
4.2275 3.2704 3.5506 0.2115
4.2275 3.2704 3.5506 0.2115
4.2275 3.2704 3.5545 0.2189
4.2275 3.3233 3.5567 0.2172
4.2275 3.3233 3.5567 0.2172
4.2275 3.3233 3.5567 0.2172
4.2275 3.3233 3.5567 0.2172
4.2275 3.3233 3.5580 0.2163
4.2275 3.3233 3.5590 0.2157
4.2275 3.3233 3.5590 0.2157
4.2275 3.3233 3.5590 0.2157
4.2275 3.3233 3.5590 0.2157
4.2275 3.3233 3.5590 0.2157
4.2275 3.3233 3.5590 0.2157
4.2275 3.3233 3.5592 0.2155
4.2275 3.3233 3.5592 0.2155
4.2275 3.3233 3.5644 0.2199
4.2275 3.3233 3.5660 0.2187
4.2275 3.3233 3.5665 0.2197
4.2275 3.3233 3.5665 0.2197
4.2275 3.3233 3.5677 0.2196
4.2275 3.3233 3.5679 0.2195
4.2275 3.3233 3.5755 0.2279
4.2275 3.3233 3.5771 0.2268
4.2275 3.3233 3.5771 0.2268
4.2275 3.3233 3.5849 0.2322
4.2275 3.3233 3.5875 0.2310
4.2275 3.3233 3.5875 0.2310
4.2275 3.3233 3.5875 0.2310
4.2275 3.3233 3.5885 0.2325
4.2275 3.3233 3.5885 0.2325
4.2275 3.3233 3.5895 0.2323
4.2275 3.3233 3.5895 0.2323
4.2275 3.3233 3.5895 0.2323
4.2275 3.3233 3.5895 0.2323
4.2275 3.3233 3.5907 0.2320
4.2275 3.3233 3.5907 0.2320
4.2275 3.3233 3.5907 0.2320
4.2275 3.3233 3.5907 0.2320
4.2275 3.3233 3.5907 0.2320
4.2275 3.3233 3.5912 0.2317
4.2275 3.3233 3.5935 0.2318
4.2275 3.3233 3.5935 0.2318
4.2275 3.3233 3.5949 0.2306
4.2275 3.3233 3.5949 0.2306
4.2275 3.3233 3.5949 0.2306
4.2275 3.3233 3.5950 0.2306
4.2275 3.3233 3.5950 0.2306
4.2275 3.3233 3.5950 0.2306
4.2275 3.3233 3.5950 0.2306
4.2275 3.3233 3.5950 0.2306
4.2275 3.3233 3.5967 0.2300
4.2275 3.3233 3.6009 0.2340
4.2275 3.3233 3.6025 0.2337
4.2275 3.3233 3.6025 0.2337
4.2275 3.3233 3.6025 0.2337
4.2275 3.3233 3.6025 0.2337
4.2275 3.3233 3.6025 0.2337
4.2275 3.3233 3.6025 0.2338
4.2275 3.3233 3.6047 0.2334
4.2275 3.3233 3.6053 0.2329
4.2275 3.3233 3.6096 0.2338
4.2275 3.3233 3.6160 0.2388
4.2275 3.3233 3.6202 0.2378
4.2275 3.3233 3.6244 0.2382
4.2275 3.3233 3.6257 0.2371
4.2275 3.3233 3.6348 0.2458
4.2275 3.3233 3.6348 0.2458
4.2275 3.3233 3.6395 0.2472
4.2275 3.3233 3.6395 0.2472
4.2275 3.3233 3.6420 0.2469
4.2275 3.3233 3.6420 0.2469
4.2275 3.3233 3.6420 0.2469
4.2275 3.3233 3.6425 0.2465
4.2275 3.3233 3.6426 0.2466
4.2275 3.3233 3.6506 0.2491
4.2275 3.3233 3.6513 0.2486
4.2275 3.3233 3.6539 0.2468
4.2275 3.3233 3.6539 0.2468
4.2275 3.3233 3.6539 0.2468
4.2275 3.3233 3.6542 0.2468
4.2275 3.3233 3.6542 0.2468
4.2275 3.3233 3.6542 0.2468
4.2275 3.3233 3.6598 0.2520
4.2275 3.3233 3.6670 0.2570
4.2275 3.3233 3.6732 0.2600
4.2275 3.3233 3.6732 0.2600
4.2275 3.3233 3.6768 0.2624
4.2275 3.3233 3.6768 0.2624
4.2275 3.3233 3.6768 0.2624
4.2275 3.3233 3.6768 0.2624
4.2275 3.3233 3.6768 0.2624
4.2275 3.3233 3.6768 0.2624
4.2275 3.3233 3.6844 0.2663
4.2275 3.3233 3.6856 0.2653
4.2275 3.3233 3.6856 0.2653
4.2275 3.3233 3.6909 0.2685
4.2275 3.3233 3.6915 0.2687
4.2275 3.3233 3.6919 0.2683
4.2275 3.3233 3.6919 0.2683
4.2275 3.3233 3.6958 0.2723
4.2275 3.3233 3.6958 0.2723
4.2275 3.3233 3.6958 0.2723
4.2275 3.3233 3.6959 0.2722
4.2275 3.3233 3.7043 0.2736
4.2275 3.3233 3.7102 0.2778
4.2275 3.3233 3.7151 0.2782
4.2275 3.3233 3.7151 0.2782
4.2275 3.3233 3.7165 0.2792
4.2275 3.3233 3.7165 0.2792
4.2275 3.3233 3.7165 0.2792
4.2275 3.3233 3.7165 0.2792
4.2275 3.3233 3.7165 0.2792
4.2275 3.3233 3.7170 0.2788
4.2275 3.3233 3.7170 0.2788
4.2275 3.3233 3.7235 0.2773
4.2275 3.3233 3.7267 0.2808
4.2275 3.3233 3.7282 0.2790
4.2275 3.3233 3.7282 0.2790
4.2275 3.3233 3.7282 0.2790
4.2275 3.3233 3.7367 0.2796
4.2275 3.3233 3.7367 0.2795
4.2275 3.3233 3.7367 0.2795
4.2275 3.3233 3.7367 0.2795
4.2341 3.3233 3.7481 0.2839
4.2341 3.3233 3.7549 0.2818
4.2341 3.3233 3.7549 0.2818
4.2341 3.3233 3.7549 0.2818
4.2341 3.3233 3.7561 0.2809
4.2493 3.3233 3.7572 0.2826
4.2493 3.3233 3.7601 0.2813
4.2493 3.3233 3.7601 0.2813
4.2493 3.3233 3.7624 0.2832
4.2493 3.3233 3.7636 0.2849
4.2493 3.3233 3.7643 0.2856
4.2493 3.3868 3.7659 0.2835
4.2493 3.3868 3.7734 0.2858
4.2493 3.3868 3.7746 0.2848
4.2493 3.3868 3.7746 0.2848
4.2493 3.3868 3.7749 0.2853
4.2493 3.3868 3.7750 0.2853
4.2662 3.3868 3.7755 0.2861
4.2662 3.3868 3.7770 0.2850
4.2662 3.3868 3.7836 0.2858
4.2662 3.3868 3.7874 0.2889
4.2662 3.3868 3.7937 0.2917
4.2662 3.3868 3.7937 0.2917
4.2662 3.3868 3.7937 0.2917
4.2662 3.3868 3.7937 0.2917
4.2662 3.3868 3.7944 0.2924
4.2662 3.3868 3.7993 0.2913
4.2662 3.3868 3.7993 0.2913
4.2662 3.3868 3.8032 0.2896
4.2662 3.3868 3.8107 0.2910
4.2662 3.3868 3.8114 0.2917
4.2662 3.3868 3.8114 0.2917
4.2662 3.3868 3.8114 0.2917
4.2662 3.3868 3.8193 0.2933
4.2662 3.3868 3.8193 0.2933
4.2662 3.3868 3.8256 0.2928
4.2812 3.3868 3.8336 0.2943
4.2812 3.3868 3.8336 0.2943
4.2812 3.3868 3.8336 0.2943
4.2812 3.3868 3.8361 0.2923
4.2812 3.3868 3.8400 0.2935
4.2812 3.3868 3.8412 0.2923
4.2812 3.3868 3.8492 0.2919
4.2812 3.3868 3.8556 0.2936
4.2812 3.3868 3.8556 0.2936
4.2812 3.3868 3.8626 0.2928
4.2812 3.3868 3.8638 0.2915
4.2812 3.3868 3.8638 0.2915
4.2812 3.3868 3.8648 0.2921
4.2812 3.3868 3.8648 0.2921
4.2812 3.3868 3.8648 0.2921
4.2812 3.3868 3.8700 0.2920
4.2812 3.3868 3.8701 0.2922
4.2812 3.3868 3.8701 0.2922
4.2812 3.3868 3.8701 0.2922
4.2812 3.3868 3.8701 0.2922
4.2812 3.3868 3.8701 0.2922
4.2812 3.3868 3.8701 0.2922
4.2812 3.3868 3.8778 0.2920
4.2812 3.3868 3.8781 0.2921
4.2812 3.3868 3.8781 0.2922
4.2812 3.3868 3.8781 0.2922
4.2812 3.3868 3.8852 0.2911
4.2812 3.3868 3.8852 0.2911
4.2812 3.3868 3.8904 0.2908
4.2812 3.3868 3.8904 0.2908
4.2812 3.3868 3.8924 0.2898
4.2812 3.3868 3.8954 0.2871
4.2812 3.3868 3.8969 0.2885
4.2812 3.3868 3.9043 0.2873
4.2812 3.3868 3.9043 0.2873
4.2812 3.3868 3.9043 0.2873
4.2812 3.3868 3.9044 0.2873
4.2812 3.3868 3.9044 0.2873
4.2812 3.3868 3.9044 0.2873
4.2812 3.3868 3.9070 0.2857
4.2812 3.3868 3.9070 0.2857
4.2812 3.3868 3.9123 0.2855
4.2812 3.3868 3.9192 0.2833
4.2812 3.3868 3.9231 0.2800
4.2812 3.3868 3.9243 0.2794
4.2812 3.3868 3.9243 0.2794
4.2812 3.3868 3.9243 0.2794
4.2812 3.3868 3.9270 0.2776
4.2812 3.3868 3.9341 0.2764
4.2812 3.3868 3.9342 0.2765
4.2812 3.3868 3.9365 0.2761
4.2812 3.3868 3.9372 0.2767
4.2812 3.3868 3.9425 0.2753
4.2812 3.3868 3.9425 0.2753
4.2812 3.3868 3.9492 0.2708
4.2812 3.3868 3.9492 0.2708
4.2812 3.3868 3.9541 0.2715
4.2812 3.3868 3.9573 0.2695
4.2812 3.3868 3.9585 0.2705
4.2812 3.3868 3.9585 0.2705
4.2812 3.3868 3.9585 0.2705
4.2812 3.3868 3.9585 0.2705
4.2812 3.3868 3.9585 0.2705
4.2812 3.3868 3.9586 0.2706
4.2812 3.3868 3.9586 0.2706
4.2812 3.3868 3.9639 0.2694
4.2812 3.4312 3.9724 0.2644
4.2812 3.4312 3.9752 0.2656
4.2812 3.4312 3.9752 0.2656
4.2812 3.4312 3.9765 0.2641
4.2812 3.4312 3.9829 0.2628
4.2812 3.4312 3.9853 0.2636
4.2812 3.4312 3.9853 0.2636
4.2812 3.4312 3.9889 0.2630
4.2812 3.4312 3.9911 0.2641
4.3858 3.4312 3.9948 0.2670
4.3858 3.4312 3.9977 0.2672
4.3858 3.4312 3.9991 0.2649
4.3858 3.4312 3.9991 0.2649
4.3858 3.4312 3.9991 0.2649
4.3858 3.4312 3.9991 0.2649
4.3858 3.4312 3.9991 0.2649
4.3858 3.4312 4.0059 0.2628
4.3858 3.4312 4.0065 0.2633
4.3858 3.4312 4.0068 0.2634
4.3858 3.4312 4.0072 0.2629
4.3858 3.4312 4.0075 0.2632
4.3858 3.4312 4.0078 0.2631
4.3858 3.4312 4.0079 0.2632
4.3858 3.4312 4.0101 0.2641
4.3858 3.4312 4.0111 0.2647
4.3858 3.4312 4.0111 0.2647
4.3881 3.4312 4.0111 0.2648
4.3881 3.4312 4.0111 0.2648
4.3881 3.4312 4.0111 0.2648
4.3881 3.4312 4.0118 0.2639
4.3881 3.4312 4.0158 0.2607
4.3881 3.4312 4.0160 0.2604
4.3881 3.4312 4.0160 0.2604
4.3881 3.4312 4.0206 0.2590
4.4378 3.4312 4.0223 0.2612
4.4378 3.4312 4.0279 0.2596
4.4378 3.4312 4.0316 0.2600
4.4378 3.4312 4.0322 0.2604
4.4378 3.4312 4.0324 0.2605
4.4378 3.4312 4.0325 0.2606
4.4378 3.4312 4.0325 0.2606
4.4378 3.4312 4.0332 0.2610
4.4378 3.4312 4.0336 0.2612
4.4378 3.4312 4.0342 0.2615
4.4378 3.4312 4.0342 0.2615
4.4378 3.4312 4.0342 0.2615
4.4378 3.4312 4.0342 0.2615
4.4378 3.4312 4.0342 0.2615
4.4378 3.4312 4.0342 0.2615
4.4378 3.4312 4.0348 0.2618
4.4378 3.4312 4.0355 0.2622
4.4378 3.4312 4.0377 0.2631
4.4378 3.4312 4.0379 0.2633
4.4378 3.4312 4.0391 0.2634
4.4378 3.4312 4.0446 0.2574
4.4378 3.4312 4.0448 0.2575
4.4378 3.4312 4.0448 0.2575
4.4378 3.4312 4.0454 0.2579
4.4378 3.4312 4.0458 0.2582
4.4378 3.4312 4.0467 0.2583
4.4378 3.4312 4.0518 0.2546
4.4378 3.4312 4.0519 0.2547
4.4378 3.4312 4.0570 0.2534
4.4378 3.4312 4.0584 0.2534
4.4378 3.4312 4.0584 0.2534
4.4378 3.4312 4.0587 0.2537
4.5368 3.4312 4.0618 0.2577
4.5368 3.4312 4.0621 0.2579
4.5368 3.4312 4.0657 0.2577
4.5368 3.4312 4.0657 0.2577
4.5368 3.4312 4.0682 0.2569
4.5368 3.4312 4.0720 0.2510
4.5368 3.4312 4.0789 0.2440
4.5368 3.4312 4.0796 0.2452
4.5368 3.4312 4.0796 0.2452
4.5368 3.4312 4.0815 0.2456
4.5368 3.4312 4.0815 0.2456
4.5368 3.4312 4.0827 0.2462
4.5368 3.4312 4.0914 0.2459
4.5368 3.4312 4.0915 0.2459
4.5368 3.4312 4.0927 0.2465
4.5368 3.4312 4.1003 0.2393
4.5368 3.4312 4.1031 0.2382
4.5368 3.4312 4.1069 0.2374
4.5368 3.4312 4.1092 0.2397
4.5368 3.4312 4.1141 0.2371
4.5368 3.4312 4.1147 0.2373
4.5368 3.4312 4.1148 0.2373
4.5368 3.4312 4.1148 0.2373
4.5368 3.4312 4.1161 0.2343
4.5368 3.4312 4.1161 0.2343
4.5368 3.4312 4.1167 0.2345
4.5368 3.4312 4.1183 0.2358
4.5368 3.4312 4.1239 0.2302
4.5368 3.4312 4.1243 0.2303
4.5368 3.4312 4.1284 0.2338
4.5368 3.4312 4.1294 0.2341
4.5368 3.4312 4.1301 0.2344
4.5368 3.4312 4.1301 0.2344
4.5368 3.4312 4.1302 0.2344
4.5368 3.4312 4.1353 0.2256
4.5368 3.4312 4.1353 0.2256
4.5368 3.4312 4.1362 0.2259
4.5368 3.4312 4.1362 0.2259
4.5368 3.4312 4.1363 0.2259
4.5368 3.4312 4.1393 0.2221
4.5368 3.4312 4.1460 0.2121
4.5368 3.4312 4.1495 0.2104
4.5368 3.4312 4.1508 0.2112
4.5368 3.4312 4.1508 0.2112
4.5368 3.4312 4.1518 0.2113
4.5368 3.4312 4.1518 0.2113
4.5368 3.4312 4.1522 0.2115
4.5368 3.4312 4.1522 0.2115
4.5368 3.4312 4.1523 0.2115
4.5368 3.4312 4.1523 0.2115
4.5368 3.4312 4.1523 0.2115
4.5368 3.4312 4.1548 0.2125
4.5368 3.4312 4.1623 0.2016
4.5368 3.4312 4.1626 0.2016
4.5368 3.4312 4.1630 0.2017
4.5368 3.4312 4.1630 0.2017
4.5368 3.4312 4.1694 0.1940
4.5368 3.4312 4.1694 0.1940
4.5368 3.4312 4.1704 0.1940
4.5368 3.4312 4.1704 0.1940
4.5368 3.4312 4.1704 0.1940
4.5368 3.4312 4.1727 0.1934
4.5368 3.4312 4.1727 0.1934
4.5368 3.4312 4.1730 0.1937
4.5368 3.4312 4.1738 0.1932
4.5368 3.4312 4.1740 0.1933
4.5368 3.4312 4.1765 0.1926
4.5368 3.4312 4.1802 0.1882
4.5368 3.4312 4.1853 0.1866
4.5368 3.4312 4.1853 0.1866
4.5377 3.4312 4.1890 0.1898
4.5377 3.4312 4.1890 0.1898
4.5377 3.4312 4.1890 0.1898
4.5377 3.4312 4.1895 0.1896
4.5397 3.4312 4.1921 0.1926
4.5397 3.4312 4.1923 0.1926
4.5397 3.4312 4.1923 0.1926
4.5397 3.4312 4.1923 0.1926
4.5397 3.4312 4.1923 0.1926
4.5397 3.4312 4.1923 0.1926
4.5397 3.4312 4.1923 0.1926
4.5397 3.4312 4.1923 0.1926
4.5397 3.4312 4.1923 0.1926
4.5397 3.4312 4.1923 0.1926
4.5397 3.4312 4.1967 0.1954
4.5397 3.4312 4.1967 0.1954
4.5397 3.4312 4.1967 0.1954
4.5397 3.4312 4.1972 0.1955
4.5397 3.4312 4.1972 0.1955
4.5397 3.4312 4.1999 0.1963
4.5397 3.4312 4.1999 0.1963
4.5397 3.4312 4.2017 0.1974
4.5397 3.4312 4.2030 0.1972
4.5397 3.4312 4.2030 0.1972
4.5397 3.4312 4.2041 0.1970
4.5397 3.4312 4.2055 0.1969
4.5397 3.4312 4.2064 0.1968
4.5397 3.4312 4.2064 0.1968
4.5397 3.4312 4.2065 0.1968
4.5397 3.4312 4.2065 0.1968
4.5397 3.4312 4.2065 0.1968
4.5397 3.4312 4.2086 0.1975
4.5397 3.4312 4.2117 0.2002
4.5397 3.4312 4.2125 0.1995
4.5397 3.4312 4.2160 0.1966
4.5397 3.4312 4.2160 0.1966
4.5397 3.4312 4.2160 0.1966
4.5397 3.4312 4.2169 0.1966
4.5397 3.4312 4.2175 0.1966
4.5397 3.4312 4.2175 0.1966
4.5397 3.4838 4.2254 0.1801
4.5397 3.4838 4.2284 0.1738
4.5397 3.4838 4.2320 0.1701
4.5397 3.4838 4.2332 0.1697
4.5397 3.4838 4.2332 0.1697
4.5397 3.4838 4.2332 0.1697
4.5397 3.4838 4.2332 0.1697
4.5397 3.4838 4.2342 0.1694
4.5397 3.4838 4.2342 0.1694
4.5397 3.4838 4.2342 0.1694
4.5397 3.4838 4.2342 0.1694
4.5397 3.4838 4.2349 0.1692
4.5397 3.4838 4.2351 0.1692
4.5397 3.4838 4.2352 0.1692
4.5397 3.4838 4.2352 0.1692
4.5397 3.4838 4.2355 0.1692
4.5397 3.4838 4.2358 0.1692
4.5397 3.4838 4.2365 0.1693
4.5397 3.4838 4.2386 0.1706
4.5397 3.4838 4.2386 0.1706
4.5397 3.4838 4.2400 0.1711
4.5397 3.4838 4.2404 0.1711
4.5397 3.4838 4.2437 0.1726
4.5397 3.4838 4.2439 0.1726
4.5397 3.4838 4.2439 0.1726
4.5397 3.4838 4.2447 0.1729
4.5397 3.4838 4.2447 0.1729
4.5397 3.4838 4.2447 0.1729
4.5397 3.4838 4.2447 0.1729
4.5397 3.4838 4.2449 0.1729
4.6225 3.4838 4.2482 0.1769
4.6225 3.4838 4.2493 0.1765
4.6225 3.4838 4.2493 0.1765
4.6225 3.4838 4.2514 0.1777
4.6225 3.4838 4.2522 0.1774
4.6225 3.4838 4.2562 0.1732
4.6225 3.4838 4.2586 0.1714
4.6225 3.4838 4.2587 0.1715
4.6225 3.4838 4.2587 0.1715
4.6225 3.4838 4.2587 0.1715
4.6225 3.4838 4.2587 0.1715
4.6225 3.4838 4.2588 0.1715
4.6225 3.4838 4.2599 0.1718
4.6225 3.4838 4.2599 0.1718
4.6225 3.4838 4.2601 0.1718
4.6225 3.4838 4.2601 0.1718
4.6225 3.4838 4.2601 0.1718
4.6225 3.4838 4.2601 0.1718
4.6225 3.4838 4.2601 0.1718
4.6225 3.4838 4.2602 0.1718
4.6225 3.4838 4.2605 0.1717
4.6225 3.4838 4.2632 0.1735
4.6225 3.4838 4.2632 0.1735
4.6225 3.4838 4.2647 0.1725
4.6225 3.4838 4.2653 0.1726
4.6225 3.4838 4.2653 0.1726
4.6225 3.4838 4.2665 0.1738
4.6225 3.4838 4.2665 0.1738
4.6225 3.4838 4.2670 0.1736
4.6225 3.4838 4.2672 0.1736
4.6225 3.4838 4.2687 0.1741
4.6225 3.4838 4.2700 0.1744
4.6225 3.4838 4.2711 0.1746
4.6225 3.4838 4.2711 0.1746
4.6225 3.4838 4.2711 0.1746
4.6225 3.4838 4.2711 0.1746
4.6225 3.4838 4.2711 0.1746
4.6225 3.4838 4.2733 0.1757
4.6225 3.4838 4.2733 0.1757
4.6225 3.4838 4.2733 0.1757
4.6225 3.4838 4.2733 0.1757
4.6225 3.4838 4.2733 0.1757
4.6225 3.4838 4.2733 0.1757
4.6225 3.4838 4.2753 0.1763
4.6225 3.4838 4.2756 0.1763
4.6225 3.4838 4.2756 0.1763
4.6225 3.4838 4.2811 0.1656
4.6225 3.4838 4.2853 0.1667
4.6225 3.4838 4.2874 0.1677
4.6225 3.4838 4.2895 0.1684
4.6225 3.4838 4.2899 0.1683
4.6225 3.4838 4.2902 0.1685
4.6225 3.4838 4.2938 0.1663
4.6225 3.4838 4.2938 0.1663
4.6225 3.4838 4.2938 0.1663
4.6225 3.4838 4.2938 0.1663
4.6225 3.4838 4.3016 0.1450
4.6225 3.4838 4.3016 0.1450
4.6225 3.4838 4.3017 0.1451
4.6225 3.4838 4.3017 0.1451
4.6225 3.4838 4.3017 0.1451
4.6225 3.4838 4.3033 0.1453
4.6225 3.4838 4.3033 0.1453
4.6225 3.4838 4.3061 0.1470
4.6225 3.4838 4.3061 0.1470
4.6225 3.4838 4.3064 0.1468
4.6225 3.4838 4.3104 0.1402
4.6225 3.4838 4.3105 0.1402
4.6225 3.4838 4.3105 0.1402
4.6225 3.4838 4.3105 0.1402
4.6225 3.4838 4.3107 0.1401
4.6225 3.4838 4.3107 0.1401
4.6225 3.4838 4.3115 0.1407
4.6225 3.4838 4.3115 0.1407
4.6225 3.4838 4.3133 0.1413
4.6225 3.4838 4.3148 0.1415
4.6225 3.4838 4.3153 0.1423
4.6225 3.4838 4.3158 0.1421
4.6225 3.4838 4.3162 0.1420
4.6225 3.4838 4.3162 0.1420
4.6225 3.4838 4.3162 0.1420
4.6225 3.4838 4.3193 0.1435
4.6225 3.4838 4.3196 0.1433
4.6225 3.4838 4.3197 0.1434
4.6225 3.4838 4.3197 0.1434
4.6225 3.4838 4.3197 0.1434
4.6225 3.4838 4.3197 0.1434
4.6225 3.4838 4.3198 0.1434
4.6225 3.4838 4.3198 0.1434
4.6225 3.4838 4.3198 0.1434
4.6225 3.4838 4.3198 0.1434
4.6225 3.4838 4.3210 0.1449
4.6225 3.4838 4.3211 0.1451
4.6225 3.4838 4.3211 0.1451
4.6225 3.4838 4.3211 0.1451
4.6225 3.4838 4.3226 0.1452
4.6225 3.4838 4.3226 0.1452
4.6225 3.4838 4.3226 0.1452
4.6225 3.4838 4.3230 0.1451
4.6225 3.4838 4.3230 0.1451
4.6225 3.4838 4.3230 0.1451
4.6225 3.4838 4.3230 0.1451
4.6225 3.4838 4.3242 0.1451
4.6225 3.4838 4.3252 0.1450
4.6225 3.4838 4.3272 0.1450
4.6225 3.4838 4.3272 0.1450
4.6225 3.4838 4.3279 0.1444
4.6225 3.4838 4.3279 0.1444
4.6225 3.4838 4.3279 0.1444
4.6225 3.4838 4.3284 0.1447
4.6225 3.4838 4.3284 0.1447
4.6225 3.4838 4.3284 0.1447
4.6225 3.4838 4.3284 0.1447
4.6225 3.4838 4.3306 0.1452
4.6225 3.4838 4.3313 0.1456
4.6225 3.4838 4.3313 0.1456
4.6225 3.4838 4.3338 0.1420
4.6225 3.4838 4.3343 0.1421
4.6225 3.4838 4.3344 0.1422
4.6225 3.4838 4.3344 0.1422
4.6225 3.4838 4.3344 0.1422
4.6225 3.4838 4.3344 0.1422
4.6225 3.4838 4.3345 0.1422
4.6225 3.4838 4.3364 0.1438
4.6225 3.4838 4.3388 0.1447
4.6225 3.4838 4.3391 0.1448
4.6225 3.4838 4.3391 0.1448
4.6225 3.4838 4.3391 0.1448
4.6225 3.4838 4.3403 0.1458
4.6225 3.4838 4.3438 0.1480
4.6225 3.4838 4.3438 0.1480
4.6225 3.4838 4.3463 0.1469
4.6225 3.4838 4.3463 0.1469
4.6225 3.4838 4.3472 0.1472
4.6225 3.4838 4.3481 0.1478
4.6225 3.4838 4.3492 0.1474
4.6225 3.4838 4.3492 0.1474
4.6225 3.4838 4.3512 0.1495
4.6225 3.4838 4.3524 0.1501
4.6225 3.4838 4.3524 0.1501
4.6225 3.4838 4.3527 0.1499
4.6225 3.4838 4.3527 0.1499
4.6225 3.4838 4.3528 0.1497
4.6225 3.4838 4.3528 0.1497
4.6225 3.4838 4.3564 0.1508
4.6225 3.4838 4.3564 0.1508
4.6225 3.4838 4.3567 0.1506
4.6225 3.4838 4.3592 0.1510
4.6225 3.4838 4.3592 0.1510
4.6225 3.4838 4.3592 0.1510
4.6225 3.4838 4.3609 0.1505
4.6225 3.4838 4.3634 0.1507
4.6225 3.4838 4.3667 0.1519
4.6225 3.4838 4.3685 0.1514
4.6225 3.4838 4.3685 0.1514
4.6225 3.4838 4.3685 0.1514
4.6225 3.4838 4.3704 0.1515
4.6225 3.4838 4.3704 0.1515
4.6225 3.4838 4.3717 0.1523
4.6225 3.4838 4.3736 0.1521
4.6225 3.4838 4.3739 0.1519
4.6225 3.4838 4.3766 0.1537
4.6225 3.4838 4.3766 0.1537
4.6225 3.4838 4.3792 0.1536
4.6225 3.4838 4.3799 0.1542
4.6225 3.4838 4.3802 0.1543
4.6225 3.4838 4.3802 0.1543
4.6225 3.4838 4.3804 0.1541
4.6225 3.4838 4.3819 0.1553
4.6225 3.4838 4.3858 0.1562
4.6225 4.1606 4.3944 0.1273
4.6225 4.1606 4.3948 0.1278
4.6225 4.1606 4.3977 0.1277
4.6225 4.1606 4.4009 0.1280
4.6225 4.1606 4.4027 0.1278
4.6225 4.1606 4.4027 0.1278
4.6225 4.1606 4.4049 0.1273
4.6225 4.1606 4.4049 0.1273
4.6225 4.1606 4.4049 0.1273
4.6225 4.1606 4.4067 0.1266
4.6225 4.1606 4.4102 0.1266
4.6225 4.1606 4.4109 0.1266
4.6225 4.1606 4.4111 0.1264
4.6225 4.1606 4.4112 0.1265
4.6225 4.1606 4.4112 0.1265
4.6225 4.1606 4.4119 0.1269
4.6225 4.1606 4.4125 0.1276
4.6225 4.1606 4.4131 0.1275
4.6225 4.1606 4.4155 0.1271
4.6225 4.1606 4.4155 0.1271
4.6225 4.1606 4.4166 0.1276
4.6932 4.1606 4.4182 0.1300
4.6932 4.1606 4.4185 0.1299
4.6932 4.1606 4.4206 0.1318
4.6932 4.1606 4.4211 0.1318
4.6932 4.1606 4.4214 0.1318
4.6932 4.1606 4.4214 0.1318
4.6932 4.1606 4.4240 0.1305
4.6932 4.1606 4.4250 0.1296
4.6932 4.1606 4.4262 0.1305
4.6932 4.1606 4.4290 0.1296
4.6932 4.1606 4.4304 0.1286
4.6932 4.1606 4.4309 0.1290
4.6932 4.1606 4.4314 0.1283
4.6932 4.1606 4.4337 0.1273
4.6932 4.1606 4.4341 0.1275
4.6932 4.1606 4.4341 0.1275
4.6932 4.1606 4.4341 0.1275
4.6932 4.1606 4.4341 0.1275
4.6932 4.1606 4.4358 0.1264
4.6932 4.1606 4.4358 0.1264
4.6932 4.1606 4.4389 0.1263
4.6932 4.1606 4.4394 0.1266
4.6932 4.1606 4.4400 0.1266
4.6932 4.1606 4.4400 0.1266
4.6932 4.1606 4.4400 0.1266
4.6932 4.1606 4.4419 0.1248
4.6932 4.1606 4.4419 0.1248
4.6932 4.1606 4.4419 0.1248
4.6932 4.1606 4.4421 0.1248
4.6932 4.1606 4.4440 0.1230
4.7380 4.1606 4.4461 0.1261
4.7380 4.1606 4.4461 0.1261
4.7380 4.1606 4.4461 0.1261
4.7380 4.1606 4.4462 0.1259
4.7380 4.1606 4.4499 0.1255
4.7380 4.1606 4.4512 0.1262
4.7380 4.1606 4.4512 0.1262
4.7380 4.1606 4.4532 0.1265
4.7380 4.1606 4.4547 0.1274
4.7380 4.1606 4.4555 0.1276
4.7380 4.1606 4.4555 0.1276
4.7380 4.1606 4.4555 0.1276
4.7380 4.1606 4.4562 0.1282
4.7380 4.1606 4.4578 0.1302
4.7380 4.1606 4.4583 0.1306
4.7380 4.1606 4.4585 0.1305
4.7380 4.1606 4.4585 0.1305
4.7380 4.1606 4.4585 0.1305
4.7380 4.1606 4.4585 0.1305
4.7380 4.1606 4.4593 0.1313
4.7380 4.1606 4.4595 0.1315
4.7380 4.1606 4.4597 0.1315
4.7380 4.1606 4.4620 0.1305
4.7380 4.1606 4.4622 0.1306
4.7380 4.1606 4.4622 0.1306
4.7380 4.1606 4.4654 0.1296
4.7380 4.1606 4.4689 0.1287
4.7380 4.1606 4.4697 0.1289
4.7380 4.1606 4.4697 0.1289
4.7380 4.1606 4.4697 0.1289
4.7380 4.1606 4.4697 0.1289
4.7380 4.1606 4.4702 0.1292
4.7380 4.1606 4.4714 0.1275
4.7380 4.1606 4.4714 0.1275
4.7380 4.1606 4.4730 0.1270
4.7380 4.1606 4.4730 0.1270
4.7380 4.1606 4.4732 0.1270
4.7380 4.1606 4.4757 0.1274
4.7380 4.1606 4.4757 0.1274
4.7380 4.1606 4.4757 0.1274
4.7380 4.1999 4.4815 0.1260
4.7380 4.1999 4.4830 0.1277
4.7380 4.1999 4.4830 0.1277
4.7380 4.1999 4.4830 0.1277
4.7380 4.1999 4.4830 0.1277
4.7380 4.1999 4.4837 0.1280
4.7380 4.1999 4.4844 0.1281
4.7380 4.1999 4.4844 0.1281
4.7380 4.1999 4.4854 0.1289
4.7380 4.1999 4.4854 0.1289
4.7380 4.1999 4.4867 0.1299
4.7380 4.1999 4.4875 0.1300
4.7458 4.1999 4.4896 0.1325
4.7458 4.1999 4.4906 0.1330
4.7458 4.1999 4.4910 0.1328
4.7458 4.1999 4.4915 0.1325
4.7458 4.1999 4.4925 0.1323
4.7458 4.1999 4.4934 0.1335
4.7458 4.1999 4.4936 0.1335
4.7458 4.1999 4.4937 0.1337
4.7458 4.1999 4.4937 0.1337
4.7458 4.1999 4.4937 0.1337
4.7458 4.1999 4.4937 0.1337
4.7458 4.1999 4.4937 0.1337
4.7458 4.1999 4.4963 0.1335
4.7458 4.1999 4.4963 0.1335
4.7581 4.1999 4.5001 0.1374
4.7581 4.1999 4.5017 0.1374
4.7581 4.1999 4.5040 0.1373
4.7581 4.1999 4.5068 0.1365
4.7581 4.1999 4.5073 0.1365
4.7581 4.1999 4.5079 0.1367
4.7581 4.1999 4.5116 0.1345
4.7581 4.1999 4.5146 0.1323
4.7581 4.1999 4.5159 0.1337
4.7896 4.1999 4.5179 0.1363
4.7896 4.1999 4.5179 0.1363
4.7896 4.1999 4.5195 0.1353
4.7896 4.1999 4.5195 0.1353
4.7896 4.1999 4.5207 0.1359
4.7896 4.1999 4.5207 0.1359
4.7896 4.2461 4.5246 0.1322
4.7896 4.2461 4.5249 0.1324
4.7896 4.2461 4.5267 0.1300
4.7896 4.2461 4.5267 0.1300
4.7896 4.2461 4.5288 0.1316
4.7896 4.2461 4.5290 0.1315
4.7896 4.2461 4.5290 0.1315
4.7896 4.2461 4.5305 0.1293
4.7896 4.2461 4.5316 0.1290
4.7896 4.2461 4.5316 0.1290
4.7896 4.2461 4.5317 0.1290
4.7896 4.2461 4.5318 0.1292
4.7896 4.2461 4.5318 0.1292
4.7896 4.2461 4.5320 0.1295
4.7896 4.2461 4.5324 0.1300
4.7896 4.2461 4.5324 0.1300
4.7896 4.2461 4.5324 0.1300
4.7896 4.2461 4.5324 0.1300
4.7896 4.2461 4.5324 0.1300
4.7896 4.2461 4.5325 0.1300
4.7896 4.2461 4.5349 0.1272
4.7896 4.2461 4.5355 0.1268
4.7896 4.2461 4.5367 0.1269
4.7896 4.2461 4.5367 0.1269
4.7896 4.2461 4.5367 0.1269
4.7896 4.2461 4.5367 0.1269
4.7896 4.2461 4.5367 0.1269
4.7896 4.2461 4.5372 0.1270
4.7896 4.2461 4.5411 0.1279
4.7896 4.2461 4.5411 0.1279
4.7896 4.2461 4.5414 0.1279
4.7896 4.2461 4.5414 0.1279
4.7896 4.2461 4.5437 0.1286
4.7896 4.2461 4.5442 0.1287
4.7896 4.2461 4.5442 0.1287
4.7896 4.2461 4.5486 0.1267
4.7896 4.2461 4.5490 0.1266
4.7896 4.2461 4.5490 0.1266
4.7896 4.2461 4.5503 0.1267
4.7896 4.2461 4.5521 0.1260
4.7896 4.2461 4.5538 0.1257
4.7896 4.2461 4.5547 0.1258
4.7896 4.2461 4.5547 0.1258
4.7896 4.2461 4.5563 0.1253
4.8317 4.2461 4.5613 0.1304
4.8317 4.2461 4.5613 0.1304
4.8317 4.2461 4.5626 0.1316
4.8317 4.2461 4.5632 0.1321
4.8317 4.2461 4.5654 0.1327
4.8317 4.2461 4.5657 0.1328
4.8317 4.2461 4.5687 0.1293
4.8317 4.2461 4.5708 0.1306
4.8317 4.2461 4.5727 0.1310
4.8317 4.2461 4.5756 0.1325
4.8317 4.2461 4.5756 0.1325
4.8317 4.2461 4.5768 0.1333
4.8317 4.2461 4.5768 0.1333
4.8317 4.2461 4.5804 0.1295
4.8317 4.2461 4.5817 0.1301
4.8317 4.2461 4.5817 0.1301
4.8317 4.2461 4.5830 0.1304
4.8317 4.2461 4.5850 0.1320
4.8317 4.2461 4.5861 0.1326
4.8317 4.2461 4.5862 0.1328
4.8317 4.2461 4.5862 0.1328
4.8317 4.2461 4.5864 0.1328
4.8317 4.2461 4.5866 0.1327
4.8317 4.2461 4.5867 0.1327
4.8317 4.2461 4.5879 0.1332
4.8317 4.2461 4.5879 0.1332
4.8317 4.2461 4.5884 0.1331
4.8317 4.2461 4.5887 0.1334
4.8317 4.2461 4.5887 0.1334
4.8317 4.2461 4.5896 0.1344
4.8317 4.2461 4.5918 0.1366
4.8317 4.2461 4.5926 0.1364
4.8317 4.2461 4.5961 0.1389
4.8317 4.2461 4.5975 0.1394
4.8317 4.2461 4.5987 0.1383
4.8317 4.2461 4.6004 0.1386
4.8317 4.2461 4.6038 0.1407
4.8317 4.2461 4.6053 0.1423
4.8317 4.2461 4.6056 0.1421
4.8317 4.2461 4.6056 0.1421
4.8317 4.2461 4.6111 0.1387
4.8317 4.2461 4.6126 0.1379
4.8317 4.2461 4.6157 0.1372
4.8317 4.2461 4.6172 0.1374
4.8317 4.2461 4.6172 0.1374
4.8317 4.2461 4.6191 0.1376
4.8317 4.2461 4.6192 0.1375
4.8317 4.2461 4.6230 0.1381
4.8317 4.2461 4.6245 0.1389
4.8317 4.2461 4.6245 0.1389
4.8317 4.2461 4.6248 0.1392
4.8317 4.2461 4.6248 0.1392
4.8317 4.2461 4.6257 0.1388
4.8317 4.2461 4.6271 0.1390
4.8317 4.2461 4.6285 0.1381
4.8317 4.2461 4.6285 0.1381
4.8317 4.2461 4.6285 0.1381
4.8317 4.2461 4.6292 0.1382
4.8317 4.2461 4.6292 0.1382
4.8317 4.2461 4.6303 0.1383
4.8317 4.2461 4.6303 0.1383
4.8317 4.2461 4.6304 0.1383
4.8317 4.2461 4.6314 0.1385
4.8317 4.2461 4.6330 0.1385
4.8317 4.2461 4.6332 0.1387
4.8317 4.2461 4.6332 0.1387
4.8317 4.2461 4.6336 0.1389
4.8317 4.2461 4.6336 0.1389
4.8317 4.2461 4.6365 0.1337
4.8317 4.2461 4.6371 0.1334
4.8317 4.2461 4.6387 0.1332
4.8317 4.2461 4.6387 0.1332
4.8317 4.2461 4.6395 0.1333
4.8317 4.2461 4.6395 0.1333
4.8317 4.2461 4.6396 0.1334
4.8317 4.2461 4.6407 0.1329
4.8317 4.2461 4.6419 0.1324
4.8317 4.2461 4.6429 0.1325
4.8317 4.2461 4.6439 0.1330
4.8317 4.2461 4.6459 0.1340
4.8317 4.2461 4.6459 0.1340
4.8317 4.2461 4.6459 0.1340
4.8317 4.2461 4.6484 0.1327
4.8317 4.2461 4.6484 0.1327
4.8317 4.2461 4.6487 0.1328
4.8317 4.2461 4.6493 0.1335
4.8317 4.2461 4.6493 0.1335
4.8317 4.2461 4.6494 0.1336
4.8317 4.2461 4.6512 0.1344
4.8317 4.2461 4.6526 0.1345
4.8317 4.2461 4.6526 0.1345
4.8317 4.2461 4.6527 0.1345
4.8317 4.2461 4.6537 0.1332
4.8317 4.2461 4.6537 0.1332
4.8317 4.2461 4.6537 0.1332
4.8317 4.2461 4.6544 0.1338
4.8317 4.2461 4.6544 0.1338
4.8317 4.2461 4.6546 0.1339
4.8317 4.2461 4.6558 0.1338
4.8317 4.2461 4.6582 0.1327
4.8317 4.2461 4.6582 0.1327
4.8317 4.2461 4.6585 0.1329
4.8317 4.2461 4.6585 0.1329
4.8317 4.2461 4.6590 0.1332
4.8317 4.2461 4.6594 0.1335
4.8317 4.2461 4.6594 0.1335
4.8317 4.2461 4.6594 0.1335
4.8317 4.2461 4.6607 0.1345
4.8317 4.2461 4.6607 0.1345
4.8317 4.2461 4.6613 0.1346
4.8317 4.2461 4.6613 0.1346
4.8317 4.2461 4.6613 0.1346
4.8317 4.2461 4.6613 0.1346
4.8317 4.2461 4.6614 0.1347
4.8317 4.2461 4.6614 0.1347
4.8317 4.2461 4.6614 0.1347
4.8484 4.2461 4.6615 0.1349
4.8484 4.2461 4.6631 0.1349
4.8484 4.2461 4.6632 0.1349
4.8484 4.2461 4.6640 0.1349
4.8484 4.2461 4.6640 0.1349
4.8484 4.2461 4.6640 0.1349
4.8484 4.2461 4.6641 0.1349
4.8484 4.2461 4.6641 0.1349
4.8484 4.2461 4.6664 0.1361
4.8484 4.2461 4.6664 0.1361
4.8484 4.2461 4.6689 0.1310
4.8484 4.2461 4.6689 0.1310
4.8484 4.2461 4.6689 0.1310
4.8484 4.2461 4.6689 0.1310
4.8484 4.2461 4.6694 0.1313
4.8484 4.2461 4.6694 0.1313
4.8484 4.2461 4.6697 0.1312
4.8484 4.2461 4.6699 0.1312
4.8484 4.2461 4.6699 0.1312
4.8484 4.2461 4.6699 0.1312
4.8484 4.2461 4.6719 0.1315
4.8484 4.2461 4.6719 0.1315
4.8484 4.2461 4.6719 0.1315
4.8484 4.2461 4.6719 0.1315
4.8484 4.2461 4.6722 0.1317
4.8484 4.2461 4.6722 0.1317
4.8484 4.2461 4.6739 0.1317
4.8484 4.2461 4.6762 0.1322
4.8484 4.2461 4.6762 0.1322
4.8484 4.2461 4.6762 0.1322
4.8484 4.2461 4.6762 0.1322
4.8484 4.2461 4.6762 0.1322
4.8484 4.2461 4.6762 0.1322
4.8484 4.2461 4.6766 0.1325
4.8484 4.2461 4.6791 0.1305
4.8484 4.2461 4.6808 0.1307
4.8484 4.2461 4.6808 0.1307
4.8484 4.2461 4.6809 0.1308
4.8484 4.2461 4.6827 0.1307
4.8484 4.2461 4.6827 0.1307
4.8484 4.2461 4.6828 0.1307
4.8484 4.2461 4.6829 0.1308
4.8484 4.2461 4.6837 0.1307
4.8484 4.2461 4.6849 0.1315
4.8484 4.2461 4.6849 0.1315
4.8484 4.2461 4.6884 0.1304
4.8488 4.2461 4.6915 0.1305
4.8488 4.2461 4.6915 0.1305
4.8488 4.2461 4.6915 0.1305
4.8488 4.2461 4.6927 0.1302
4.8488 4.2461 4.6950 0.1294
4.8488 4.2461 4.6975 0.1298
4.8488 4.2461 4.6975 0.1298
4.8488 4.2461 4.6988 0.1293
4.8488 4.2461 4.6988 0.1293
4.8488 4.2461 4.6990 0.1294
4.8488 4.2461 4.6990 0.1294
4.8488 4.2461 4.6990 0.1294
4.8494 4.2461 4.6996 0.1300
4.8494 4.2461 4.6998 0.1300
4.8494 4.2461 4.7012 0.1296
4.8494 4.2461 4.7016 0.1297
4.8494 4.2461 4.7026 0.1295
4.8494 4.2461 4.7040 0.1288
4.8494 4.2461 4.7040 0.1288
4.8494 4.2461 4.7040 0.1288
4.8494 4.2461 4.7040 0.1288
4.8494 4.2461 4.7040 0.1288
4.8494 4.2461 4.7040 0.1288
4.8494 4.2461 4.7055 0.1286
4.8494 4.2461 4.7055 0.1286
4.8494 4.2461 4.7058 0.1288
4.8494 4.2461 4.7058 0.1288
4.8494 4.2461 4.7102 0.1209
4.8494 4.2461 4.7131 0.1181
4.8494 4.2461 4.7132 0.1180
4.8494 4.2461 4.7149 0.1178
4.8494 4.2461 4.7167 0.1172
4.8494 4.2461 4.7167 0.1172
4.8494 4.2461 4.7177 0.1177
4.8494 4.2461 4.7177 0.1177
4.8494 4.2461 4.7177 0.1177
4.8494 4.2461 4.7177 0.1177
4.8494 4.2461 4.7177 0.1177
4.8494 4.2461 4.7180 0.1178
4.8494 4.2461 4.7182 0.1180
4.8494 4.2461 4.7205 0.1164
4.8494 4.2461 4.7205 0.1164
4.8494 4.2461 4.7205 0.1164
4.8494 4.2461 4.7205 0.1164
4.8494 4.2461 4.7207 0.1166
4.8494 4.2461 4.7207 0.1166
4.8494 4.2461 4.7207 0.1166
4.8494 4.2461 4.7224 0.1160
4.8494 4.2481 4.7277 0.1058
4.8494 4.2481 4.7277 0.1058
4.8494 4.2481 4.7282 0.1061
4.8494 4.2481 4.7284 0.1053
4.8494 4.2481 4.7284 0.1053
4.8494 4.2481 4.7298 0.1057
4.8494 4.2481 4.7298 0.1057
4.8494 4.2481 4.7298 0.1057
4.8494 4.2481 4.7298 0.1057
4.8494 4.2481 4.7298 0.1057
4.8494 4.2481 4.7306 0.1060
4.8494 4.2481 4.7306 0.1060
4.8494 4.2481 4.7322 0.1053
4.8494 4.2481 4.7323 0.1052
4.8494 4.2481 4.7325 0.1051
4.8494 4.2481 4.7330 0.1052
4.8494 4.2481 4.7330 0.1052
4.8494 4.2481 4.7335 0.1043
4.8494 4.2481 4.7337 0.1044
4.8494 4.2481 4.7343 0.1045
4.8494 4.2481 4.7343 0.1045
4.8494 4.2481 4.7343 0.1045
4.8494 4.2481 4.7343 0.1045
4.8494 4.2481 4.7360 0.1041
4.8494 4.2481 4.7366 0.1041
4.8494 4.2481 4.7375 0.1029
4.8494 4.2481 4.7375 0.1029
4.8494 4.2481 4.7375 0.1029
4.8494 4.2481 4.7375 0.1029
4.8494 4.2481 4.7375 0.1029
4.8494 4.2481 4.7375 0.1029
4.8494 4.2481 4.7375 0.1029
4.8494 4.2481 4.7375 0.1029
4.8494 4.2481 4.7376 0.1029
4.8494 4.2481 4.7388 0.1035
4.8494 4.2481 4.7390 0.1035
4.8494 4.2481 4.7393 0.1031
4.8494 4.2481 4.7393 0.1031
4.8494 4.2481 4.7399 0.1036
4.8494 4.2481 4.7399 0.1036
4.8494 4.2481 4.7406 0.1041
4.8494 4.2481 4.7406 0.1041
4.8494 4.2481 4.7406 0.1041
4.8494 4.2481 4.7406 0.1041
4.8494 4.2481 4.7406 0.1041
4.8494 4.2481 4.7407 0.1041
4.8494 4.2481 4.7410 0.1043
4.8494 4.2481 4.7419 0.1048
4.8494 4.2481 4.7419 0.1048
4.8494 4.2481 4.7420 0.1048
4.8494 4.2481 4.7421 0.1049
4.8494 4.2481 4.7421 0.1049
4.8494 4.2481 4.7421 0.1049
4.8494 4.2481 4.7422 0.1049
4.8494 4.2481 4.7422 0.1049
4.8494 4.2481 4.7448 0.1025
4.8494 4.2481 4.7458 0.1016
4.8494 4.2481 4.7458 0.1016
4.8494 4.2481 4.7458 0.1016
4.8494 4.2481 4.7458 0.1016
4.8494 4.2481 4.7458 0.1016
4.8494 4.2481 4.7460 0.1017
4.8494 4.2481 4.7460 0.1017
4.8494 4.2481 4.7510 0.0908
4.8494 4.2481 4.7511 0.0908
4.8494 4.2481 4.7511 0.0908
4.8494 4.2481 4.7511 0.0908
4.8494 4.2481 4.7516 0.0907
4.8494 4.2481 4.7522 0.0907
4.8494 4.2481 4.7532 0.0908
4.8494 4.2481 4.7532 0.0908
4.8494 4.2481 4.7532 0.0908
4.8494 4.2481 4.7534 0.0910
4.8494 4.2481 4.7537 0.0911
4.8494 4.2481 4.7542 0.0911
4.8494 4.2481 4.7542 0.0911
4.8494 4.2481 4.7554 0.0903
4.8494 4.2481 4.7554 0.0903
4.8494 4.2481 4.7557 0.0902
4.8494 4.2481 4.7557 0.0902
4.8494 4.2481 4.7557 0.0903
4.8494 4.2481 4.7565 0.0907
4.8494 4.2481 4.7565 0.0907
4.8494 4.2481 4.7565 0.0907
4.8494 4.2481 4.7565 0.0907
4.8494 4.2481 4.7565 0.0907
4.8494 4.2481 4.7565 0.0907
4.8494 4.2481 4.7565 0.0907
4.8494 4.2481 4.7565 0.0907
4.8494 4.2481 4.7565 0.0907
4.8494 4.2481 4.7565 0.0907
4.8494 4.2481 4.7574 0.0908
4.8494 4.2481 4.7580 0.0908
4.8494 4.2481 4.7580 0.0908
4.8494 4.2481 4.7580 0.0908
4.8494 4.2481 4.7580 0.0908
4.8494 4.3731 4.7595 0.0831
4.8494 4.3731 4.7595 0.0831
4.8494 4.3731 4.7601 0.0831
4.8494 4.3731 4.7601 0.0831
4.8494 4.3731 4.7603 0.0832
4.8494 4.3731 4.7604 0.0833
4.8494 4.3731 4.7604 0.0832
4.8494 4.4026 4.7652 0.0741
4.8494 4.4026 4.7652 0.0741
4.8494 4.4026 4.7653 0.0741
4.8494 4.4026 4.7653 0.0741
4.8494 4.4026 4.7673 0.0731
4.8494 4.4026 4.7673 0.0731
4.8494 4.4026 4.7676 0.0731
4.8494 4.4026 4.7676 0.0731
4.8494 4.4026 4.7676 0.0731
4.8494 4.4026 4.7676 0.0731
4.8494 4.4026 4.7681 0.0733
4.8494 4.4026 4.7683 0.0734
4.8494 4.4026 4.7685 0.0734
4.8494 4.4026 4.7690 0.0736
4.8494 4.4026 4.7702 0.0736
4.8494 4.4026 4.7702 0.0736
4.8494 4.4026 4.7709 0.0740
4.8494 4.4026 4.7709 0.0740
4.8494 4.4026 4.7709 0.0740
4.8494 4.4026 4.7709 0.0740
4.8494 4.4026 4.7709 0.0740
4.8494 4.4026 4.7718 0.0744
4.8506 4.4026 4.7725 0.0748
4.8506 4.4026 4.7727 0.0749
4.8506 4.4026 4.7738 0.0749
4.8506 4.4026 4.7738 0.0749
4.8506 4.4026 4.7738 0.0749
4.8506 4.4026 4.7738 0.0749
4.8506 4.4026 4.7741 0.0742
4.8506 4.4026 4.7755 0.0727
4.8506 4.4026 4.7755 0.0727
4.8506 4.4026 4.7758 0.0724
4.8506 4.4026 4.7758 0.0724
4.8506 4.4026 4.7770 0.0726
4.8638 4.4026 4.7772 0.0728
4.8638 4.4026 4.7774 0.0725
4.8638 4.4026 4.7774 0.0725
4.8638 4.4026 4.7781 0.0711
4.8638 4.4026 4.7794 0.0711
4.8638 4.4026 4.7808 0.0709
4.8638 4.4026 4.7808 0.0709
4.8638 4.4026 4.7817 0.0714
4.8638 4.4026 4.7817 0.0714
4.8638 4.4026 4.7819 0.0713
4.8638 4.4026 4.7819 0.0713
4.8638 4.4026 4.7822 0.0709
4.8638 4.4026 4.7823 0.0709
4.8638 4.4026 4.7825 0.0709
4.8638 4.4026 4.7825 0.0709
4.8638 4.4026 4.7827 0.0708
4.8638 4.4026 4.7827 0.0708
4.8638 4.4026 4.7827 0.0708
4.8638 4.4026 4.7827 0.0708
4.8638 4.4026 4.7827 0.0708
4.8638 4.4026 4.7840 0.0683
4.8638 4.4026 4.7846 0.0671
4.8638 4.4026 4.7846 0.0671
4.8638 4.4026 4.7851 0.0672
4.8638 4.4026 4.7855 0.0671
4.8638 4.4026 4.7855 0.0671
4.8638 4.4026 4.7855 0.0671
4.8638 4.4026 4.7855 0.0671
4.8638 4.4026 4.7855 0.0671
4.8638 4.4026 4.7855 0.0671
4.8638 4.4026 4.7859 0.0672
4.8638 4.4026 4.7859 0.0672
4.8638 4.4026 4.7859 0.0672
4.8638 4.4026 4.7859 0.0672
4.8638 4.4026 4.7871 0.0672
4.8638 4.4026 4.7871 0.0672
4.8638 4.4026 4.7871 0.0672
4.8638 4.4026 4.7871 0.0672
4.8638 4.4026 4.7871 0.0672
4.8638 4.4026 4.7874 0.0674
4.8638 4.4026 4.7882 0.0670
4.8638 4.4026 4.7882 0.0670
4.8638 4.4026 4.7885 0.0671
4.8638 4.4026 4.7885 0.0671
4.8638 4.4026 4.7885 0.0671
4.8638 4.4026 4.7904 0.0661
4.8638 4.4026 4.7917 0.0648
4.8638 4.4026 4.7919 0.0649
4.8638 4.4026 4.7919 0.0649
4.8638 4.4026 4.7922 0.0649
4.8638 4.4026 4.7922 0.0649
4.8638 4.4026 4.7922 0.0649
4.8638 4.4026 4.7922 0.0649
4.8638 4.4026 4.7931 0.0651
4.8638 4.4026 4.7931 0.0651
4.8638 4.4026 4.7934 0.0651
4.8638 4.4026 4.7941 0.0653
4.8638 4.4026 4.7946 0.0653
4.8638 4.4026 4.7946 0.0653
4.8638 4.4026 4.7946 0.0653
4.8638 4.4026 4.7946 0.0653
4.8638 4.4026 4.7947 0.0654
4.8638 4.4026 4.7947 0.0654
4.8638 4.4026 4.7956 0.0655
4.8638 4.4026 4.7960 0.0658
4.8638 4.4026 4.7962 0.0658
4.8638 4.4026 4.7962 0.0658
4.8638 4.4026 4.7962 0.0658
4.8638 4.4026 4.7962 0.0658
4.8638 4.4026 4.7962 0.0658
4.8638 4.4026 4.7962 0.0658
4.8638 4.4026 4.7963 0.0658
4.8638 4.4026 4.7965 0.0660
4.8638 4.4026 4.7969 0.0660
4.8638 4.4026 4.7969 0.0660
4.8638 4.5830 4.8012 0.0528
4.8638 4.5830 4.8012 0.0528
4.8638 4.5830 4.8016 0.0531
4.8638 4.5830 4.8021 0.0531
4.8638 4.5830 4.8021 0.0531
4.8638 4.5830 4.8021 0.0531
4.8638 4.5830 4.8037 0.0513
4.8638 4.5830 4.8037 0.0513
4.8638 4.5830 4.8044 0.0505
4.8638 4.5830 4.8055 0.0476
4.8638 4.5830 4.8055 0.0476
4.8638 4.5830 4.8055 0.0476
4.8638 4.5830 4.8055 0.0476
4.8638 4.5830 4.8055 0.0476
4.8638 4.5830 4.8055 0.0476
4.8638 4.5830 4.8055 0.0476
4.8638 4.5830 4.8055 0.0476
4.8638 4.5830 4.8056 0.0472
4.8724 4.5830 4.8061 0.0476
4.8724 4.5830 4.8061 0.0476
4.8724 4.5830 4.8072 0.0469
4.8724 4.5830 4.8074 0.0471
4.9372 4.5830 4.8085 0.0488
4.9372 4.5830 4.8085 0.0488
4.9372 4.5830 4.8089 0.0484
4.9372 4.5830 4.8090 0.0483
4.9372 4.5830 4.8090 0.0484
4.9372 4.5830 4.8092 0.0485
4.9372 4.5830 4.8092 0.0485
4.9372 4.5830 4.8097 0.0482
4.9372 4.5830 4.8109 0.0476
4.9372 4.5830 4.8109 0.0476
4.9372 4.5830 4.8110 0.0477
4.9372 4.5830 4.8110 0.0477
4.9372 4.5830 4.8114 0.0474
4.9372 4.5830 4.8114 0.0474
4.9372 4.5830 4.8120 0.0476
4.9372 4.5830 4.8121 0.0477
4.9372 4.5830 4.8121 0.0477
4.9372 4.5830 4.8121 0.0477
4.9372 4.5830 4.8126 0.0475
4.9372 4.5830 4.8126 0.0475
4.9372 4.5830 4.8126 0.0475
4.9372 4.5830 4.8126 0.0475
4.9372 4.5830 4.8126 0.0475
4.9372 4.5830 4.8126 0.0475
4.9372 4.5830 4.8126 0.0475
4.9372 4.5830 4.8126 0.0475
4.9372 4.5830 4.8135 0.0475
4.9372 4.5830 4.8135 0.0475
4.9372 4.5830 4.8141 0.0475
4.9372 4.5830 4.8141 0.0475
4.9372 4.5830 4.8141 0.0475
4.9372 4.5830 4.8141 0.0475
4.9372 4.5830 4.8141 0.0474
4.9372 4.5830 4.8141 0.0474
4.9372 4.5830 4.8141 0.0474
4.9372 4.5830 4.8149 0.0471
4.9372 4.5830 4.8157 0.0473
4.9372 4.5830 4.8161 0.0475
4.9372 4.5830 4.8165 0.0476
4.9372 4.5830 4.8166 0.0478
4.9372 4.5830 4.8166 0.0478
4.9372 4.5830 4.8166 0.0478
4.9372 4.5830 4.8166 0.0478
4.9372 4.5830 4.8167 0.0475
4.9372 4.5830 4.8167 0.0475
4.9372 4.5830 4.8167 0.0475
4.9372 4.5830 4.8170 0.0476
4.9372 4.5830 4.8173 0.0478
4.9372 4.5830 4.8173 0.0478
4.9372 4.5830 4.8173 0.0478
4.9372 4.5830 4.8173 0.0478
4.9372 4.5830 4.8175 0.0479
4.9372 4.5830 4.8188 0.0465
4.9372 4.5830 4.8189 0.0465
4.9372 4.5830 4.8189 0.0465
4.9372 4.5830 4.8189 0.0465
4.9372 4.5830 4.8189 0.0465
4.9372 4.5830 4.8190 0.0466
4.9372 4.5830 4.8191 0.0466
4.9372 4.5830 4.8191 0.0466
4.9372 4.5830 4.8192 0.0466
4.9372 4.5830 4.8198 0.0462
4.9372 4.5830 4.8201 0.0461
4.9372 4.5830 4.8201 0.0461
4.9372 4.5830 4.8201 0.0461
4.9372 4.5830 4.8206 0.0461
4.9372 4.5830 4.8208 0.0463
4.9372 4.5830 4.8208 0.0463
4.9372 4.5830 4.8208 0.0463
4.9372 4.5830 4.8208 0.0463
4.9372 4.5830 4.8209 0.0464
4.9372 4.5830 4.8211 0.0465
4.9372 4.5830 4.8211 0.0465
4.9372 4.5830 4.8211 0.0465
4.9372 4.5830 4.8211 0.0465
4.9372 4.5830 4.8212 0.0467
4.9372 4.5830 4.8216 0.0467
4.9372 4.5830 4.8216 0.0467
4.9372 4.5830 4.8216 0.0467
4.9372 4.5830 4.8218 0.0468
4.9372 4.5830 4.8218 0.0468
4.9372 4.5830 4.8218 0.0468
4.9372 4.5830 4.8219 0.0469
4.9372 4.5830 4.8220 0.0469
4.9372 4.5830 4.8224 0.0470
4.9372 4.5830 4.8230 0.0470
4.9372 4.5830 4.8230 0.0470
4.9372 4.5830 4.8233 0.0465
4.9372 4.5830 4.8233 0.0465
4.9372 4.5830 4.8233 0.0465
4.9372 4.5830 4.8238 0.0463
4.9372 4.5830 4.8238 0.0463
4.9372 4.5830 4.8238 0.0463
4.9372 4.5830 4.8238 0.0463
4.9372 4.5830 4.8238 0.0463
4.9372 4.5830 4.8238 0.0463
4.9372 4.5830 4.8238 0.0463
4.9372 4.5830 4.8242 0.0455
4.9372 4.5830 4.8242 0.0455
4.9372 4.5830 4.8242 0.0455
4.9372 4.5830 4.8245 0.0458
4.9372 4.5830 4.8245 0.0458
4.9372 4.5830 4.8250 0.0456
4.9372 4.5830 4.8253 0.0456
4.9372 4.5830 4.8253 0.0456
4.9372 4.5830 4.8253 0.0456
4.9372 4.5830 4.8256 0.0458
4.9372 4.5830 4.8256 0.0458
4.9372 4.5830 4.8256 0.0458
4.9372 4.5830 4.8256 0.0458
4.9372 4.5830 4.8256 0.0458
4.9372 4.5830 4.8256 0.0458
4.9372 4.5830 4.8263 0.0456
4.9372 4.5830 4.8263 0.0456
4.9372 4.5830 4.8263 0.0456
4.9372 4.5830 4.8264 0.0456
4.9372 4.5830 4.8264 0.0456
4.9372 4.5830 4.8264 0.0456
4.9372 4.5830 4.8274 0.0458
4.9372 4.5830 4.8274 0.0458
4.9372 4.5830 4.8276 0.0458
4.9372 4.5830 4.8276 0.0458
4.9372 4.5830 4.8276 0.0458
4.9372 4.5830 4.8279 0.0458
4.9372 4.5830 4.8281 0.0458
4.9372 4.5830 4.8289 0.0458
4.9372 4.5830 4.8292 0.0458
4.9372 4.5830 4.8293 0.0458
4.9372 4.5830 4.8294 0.0459
4.9372 4.5830 4.8303 0.0458
4.9372 4.5830 4.8309 0.0453
4.9372 4.5830 4.8319 0.0443
4.9372 4.5830 4.8332 0.0429
4.9372 4.5830 4.8332 0.0429
4.9372 4.5830 4.8332 0.0429
4.9372 4.5830 4.8332 0.0429
4.9372 4.5830 4.8334 0.0430
4.9372 4.7134 4.8361 0.0349
4.9372 4.7134 4.8361 0.0349
4.9372 4.7134 4.8361 0.0349
4.9372 4.7134 4.8361 0.0349
4.9372 4.7134 4.8363 0.0349
4.9372 4.7134 4.8363 0.0349
4.9372 4.7134 4.8363 0.0349
4.9372 4.7134 4.8363 0.0349
4.9372 4.7134 4.8363 0.0349
4.9372 4.7134 4.8367 0.0349
4.9372 4.7134 4.8370 0.0351
4.9372 4.7134 4.8370 0.0351
4.9372 4.7134 4.8370 0.0351
4.9372 4.7134 4.8372 0.0348
4.9372 4.7134 4.8372 0.0348
4.9372 4.7134 4.8380 0.0339
4.9372 4.7134 4.8380 0.0339
4.9372 4.7134 4.8380 0.0339
4.9372 4.7134 4.8382 0.0341
4.9372 4.7134 4.8382 0.0341
4.9372 4.7134 4.8382 0.0341
4.9372 4.7134 4.8382 0.0341
4.9372 4.7134 4.8382 0.0341
4.9372 4.7134 4.8382 0.0341
4.9372 4.7134 4.8383 0.0341
4.9372 4.7134 4.8383 0.0341
4.9372 4.7134 4.8383 0.0341
4.9372 4.7134 4.8383 0.0341
4.9372 4.7134 4.8383 0.0341
4.9372 4.7134 4.8387 0.0343
4.9372 4.7134 4.8387 0.0343
4.9372 4.7134 4.8387 0.0343
5.0459 4.7134 4.8411 0.0399
5.0459 4.7134 4.8412 0.0399
5.0459 4.7134 4.8417 0.0395
5.0459 4.7134 4.8417 0.0395
5.0459 4.7134 4.8417 0.0395
5.0459 4.7134 4.8418 0.0395
5.0459 4.7134 4.8418 0.0395
5.0459 4.7134 4.8430 0.0386
5.0459 4.7134 4.8430 0.0386
5.0459 4.7134 4.8430 0.0386
5.0459 4.7134 4.8430 0.0386
5.0459 4.7134 4.8431 0.0387
5.0459 4.7134 4.8431 0.0387
5.0459 4.7134 4.8435 0.0383
5.0459 4.7134 4.8451 0.0361
5.0459 4.7134 4.8453 0.0362
5.0459 4.7134 4.8454 0.0361
5.0459 4.7134 4.8454 0.0361
5.0459 4.7134 4.8455 0.0361
5.0459 4.7134 4.8459 0.0363
5.0459 4.7134 4.8459 0.0363
5.0459 4.7134 4.8461 0.0364
5.0459 4.7134 4.8461 0.0364
5.0459 4.7134 4.8461 0.0364
5.0459 4.7134 4.8463 0.0363
5.0459 4.7134 4.8463 0.0363
5.0459 4.7134 4.8463 0.0363
5.0459 4.7134 4.8464 0.0364
5.0459 4.7134 4.8476 0.0354
5.0459 4.7134 4.8477 0.0354
5.0459 4.7134 4.8477 0.0354
5.0459 4.7134 4.8477 0.0354
5.0459 4.7134 4.8477 0.0354
5.0459 4.7134 4.8477 0.0354
5.0459 4.7134 4.8477 0.0354
5.0459 4.7134 4.8477 0.0354
5.0459 4.7134 4.8477 0.0354
5.0459 4.7134 4.8477 0.0354
5.0459 4.7134 4.8479 0.0354
5.0459 4.7134 4.8479 0.0354
5.0459 4.7134 4.8480 0.0357
5.0459 4.7134 4.8480 0.0357
5.0459 4.7134 4.8480 0.0357
5.0459 4.7134 4.8482 0.0358
5.0459 4.7134 4.8487 0.0355
5.0459 4.7134 4.8488 0.0356
5.0459 4.7134 4.8488 0.0356
5.0459 4.7134 4.8492 0.0358
5.0459 4.7134 4.8492 0.0358
5.0459 4.7134 4.8492 0.0358
5.0459 4.7134 4.8494 0.0358
5.0459 4.7134 4.8494 0.0358
5.0459 4.7134 4.8494 0.0358
5.0459 4.7134 4.8495 0.0360
5.0459 4.7134 4.8495 0.0360
5.0459 4.7134 4.8498 0.0360
5.0459 4.7134 4.8501 0.0359
5.0459 4.7134 4.8501 0.0359
5.0459 4.7134 4.8504 0.0361
5.0459 4.7134 4.8509 0.0360
5.0459 4.7134 4.8512 0.0359
5.0459 4.7134 4.8512 0.0359
5.0459 4.7134 4.8512 0.0359
5.0459 4.7134 4.8512 0.0359
5.0459 4.7134 4.8518 0.0353
5.0459 4.7134 4.8518 0.0353
5.0459 4.7134 4.8518 0.0353
5.0459 4.7134 4.8522 0.0355
5.0459 4.7134 4.8522 0.0355
5.0459 4.7134 4.8525 0.0356
5.0459 4.7134 4.8529 0.0355
5.0459 4.7134 4.8529 0.0355
5.0459 4.7134 4.8529 0.0355
5.0459 4.7134 4.8529 0.0355
5.0459 4.7134 4.8529 0.0355
5.0459 4.7134 4.8529 0.0355
5.0459 4.7134 4.8529 0.0355
5.0459 4.7134 4.8535 0.0356
5.0459 4.7134 4.8535 0.0356
5.0459 4.7134 4.8535 0.0356
5.0459 4.7134 4.8535 0.0356
5.0459 4.7134 4.8536 0.0356
5.0459 4.7134 4.8537 0.0357
5.0459 4.7134 4.8538 0.0357
5.0459 4.7134 4.8538 0.0357
5.0459 4.7134 4.8538 0.0357
5.0459 4.7134 4.8540 0.0358
5.0459 4.7134 4.8541 0.0358
5.0459 4.7134 4.8543 0.0359
5.0459 4.7134 4.8543 0.0359
5.0459 4.7134 4.8544 0.0359
5.0459 4.7134 4.8544 0.0359
5.0459 4.7134 4.8546 0.0359
5.0459 4.7134 4.8546 0.0359
5.0459 4.7134 4.8546 0.0359
5.0459 4.7134 4.8546 0.0359
5.0459 4.7134 4.8546 0.0359
5.0459 4.7134 4.8546 0.0359
5.0459 4.7134 4.8547 0.0359
5.0459 4.7134 4.8547 0.0359
5.0459 4.7134 4.8547 0.0359
5.0459 4.7134 4.8547 0.0359
5.0459 4.7605 4.8560 0.0331
5.0459 4.7605 4.8560 0.0331
5.0459 4.7605 4.8560 0.0331
5.0459 4.7605 4.8560 0.0331
5.0459 4.7605 4.8560 0.0331
5.0459 4.7605 4.8560 0.0331
5.0459 4.7605 4.8560 0.0331
5.0459 4.7605 4.8561 0.0331
5.0459 4.7605 4.8561 0.0331
5.0459 4.7605 4.8561 0.0331
5.0478 4.7605 4.8579 0.0382
5.0478 4.7605 4.8581 0.0380
5.0478 4.7605 4.8581 0.0380
5.0478 4.7605 4.8581 0.0380
5.0478 4.7640 4.8590 0.0367
5.0478 4.7640 4.8592 0.0367
5.0478 4.7640 4.8592 0.0367
5.0478 4.7640 4.8594 0.0368
5.0478 4.7640 4.8594 0.0368
5.0478 4.7640 4.8594 0.0368
5.0478 4.7640 4.8594 0.0368
5.0478 4.7640 4.8596 0.0368
5.0478 4.7640 4.8596 0.0368
5.0478 4.7640 4.8596 0.0368
5.0478 4.7640 4.8596 0.0368
5.0478 4.7640 4.8596 0.0368
5.0478 4.7640 4.8596 0.0368
5.0478 4.7640 4.8596 0.0368
5.0478 4.7640 4.8603 0.0362
5.0478 4.7640 4.8603 0.0362
5.0478 4.7640 4.8604 0.0362
5.0478 4.7640 4.8604 0.0362
5.0478 4.7640 4.8607 0.0363
5.0478 4.7640 4.8608 0.0364
5.0478 4.7640 4.8609 0.0364
5.0478 4.7640 4.8611 0.0364
5.0478 4.7640 4.8611 0.0364
5.0478 4.7640 4.8611 0.0364
5.0478 4.7640 4.8612 0.0364
5.0478 4.7640 4.8617 0.0363
5.0478 4.7640 4.8627 0.0374
5.0478 4.7640 4.8628 0.0376
5.0478 4.7640 4.8628 0.0376
5.0478 4.7640 4.8628 0.0376
5.0478 4.7640 4.8635 0.0387
5.0478 4.7640 4.8635 0.0387
5.0478 4.7640 4.8642 0.0390
5.0478 4.7640 4.8652 0.0400
5.0478 4.7640 4.8655 0.0400
5.0478 4.7640 4.8655 0.0400
5.0478 4.7640 4.8655 0.0400
5.0478 4.7640 4.8655 0.0400
5.0478 4.7640 4.8656 0.0400
5.0478 4.7640 4.8656 0.0400
5.0478 4.7640 4.8656 0.0400
5.0478 4.7640 4.8656 0.0400
5.0478 4.7640 4.8659 0.0399
5.0478 4.7640 4.8659 0.0399
5.0478 4.7640 4.8660 0.0399
5.0478 4.7640 4.8660 0.0399
5.0478 4.7640 4.8660 0.0399
5.0478 4.7640 4.8660 0.0399
5.0478 4.7640 4.8660 0.0399
5.0478 4.7640 4.8663 0.0399
5.0478 4.7640 4.8663 0.0399
5.0478 4.7640 4.8669 0.0398
5.0478 4.7640 4.8669 0.0398
5.0478 4.7640 4.8672 0.0398
5.0478 4.7640 4.8672 0.0398
5.0478 4.7640 4.8672 0.0398
5.0478 4.7640 4.8672 0.0398
5.0478 4.7640 4.8684 0.0406
5.0478 4.7640 4.8684 0.0406
5.0478 4.7640 4.8684 0.0406
5.0478 4.7640 4.8685 0.0406
5.0478 4.7640 4.8685 0.0406
5.0478 4.7640 4.8686 0.0406
5.0478 4.7640 4.8686 0.0406
5.0478 4.7640 4.8696 0.0403
5.0478 4.7640 4.8696 0.0403
5.0478 4.7640 4.8697 0.0403
5.0478 4.7640 4.8699 0.0403
5.0478 4.7640 4.8700 0.0402
5.0478 4.7640 4.8700 0.0402
5.0478 4.7640 4.8701 0.0402
5.0478 4.7640 4.8702 0.0402
5.0478 4.7640 4.8702 0.0402
5.0478 4.7640 4.8702 0.0402
5.0478 4.7640 4.8702 0.0402
5.0478 4.7640 4.8702 0.0402
5.0478 4.7640 4.8704 0.0402
5.0478 4.7640 4.8704 0.0402
5.0478 4.7640 4.8704 0.0402
5.0478 4.7640 4.8705 0.0402
5.0478 4.7640 4.8705 0.0402
5.0478 4.7640 4.8706 0.0402
5.0478 4.7640 4.8707 0.0401
5.0478 4.7640 4.8707 0.0401
5.0478 4.7640 4.8708 0.0402
5.0478 4.7640 4.8710 0.0402
5.0478 4.7640 4.8710 0.0402
5.0478 4.7640 4.8712 0.0402
5.0478 4.7640 4.8733 0.0437
5.0478 4.7640 4.8742 0.0444
5.0478 4.7640 4.8742 0.0444
5.0478 4.7640 4.8742 0.0444
5.0478 4.7640 4.8747 0.0440
5.0478 4.7640 4.8747 0.0440
5.0478 4.7640 4.8747 0.0440
5.0478 4.7640 4.8749 0.0440
5.0478 4.7640 4.8750 0.0439
5.0478 4.7640 4.8750 0.0439
5.0478 4.7640 4.8755 0.0440
5.0478 4.7640 4.8755 0.0440
5.0478 4.7640 4.8774 0.0471
5.0478 4.7640 4.8774 0.0471
5.0478 4.7640 4.8780 0.0464
5.0478 4.7640 4.8780 0.0464
5.0478 4.7640 4.8780 0.0464
5.0478 4.7640 4.8780 0.0464
5.0478 4.7640 4.8780 0.0464
5.0478 4.7640 4.8786 0.0461
5.0478 4.7640 4.8786 0.0461
5.0478 4.7640 4.8786 0.0461
5.0478 4.7640 4.8793 0.0467
5.0478 4.7640 4.8793 0.0467
5.0478 4.7640 4.8796 0.0468
5.0478 4.7640 4.8796 0.0468
5.0478 4.7640 4.8798 0.0468
5.0478 4.7640 4.8804 0.0466
5.0478 4.7640 4.8804 0.0466
5.0478 4.7640 4.8804 0.0466
5.0478 4.7643 4.8816 0.0451
5.0478 4.7643 4.8816 0.0451
5.0478 4.7643 4.8820 0.0450
5.0478 4.7643 4.8829 0.0455
5.0478 4.7643 4.8830 0.0455
5.0478 4.7643 4.8835 0.0452
5.0478 4.7643 4.8835 0.0452
5.0478 4.7643 4.8837 0.0450
5.0478 4.7643 4.8837 0.0450
5.0478 4.7643 4.8837 0.0450
5.0478 4.7643 4.8846 0.0456
5.0478 4.7643 4.8847 0.0456
5.0478 4.7643 4.8847 0.0456
5.0478 4.7643 4.8847 0.0456
5.0478 4.7643 4.8852 0.0459
5.0478 4.7643 4.8853 0.0459
5.0478 4.7643 4.8853 0.0459
5.0478 4.7643 4.8853 0.0459
5.0478 4.7643 4.8863 0.0462
5.0478 4.7643 4.8864 0.0462
5.0478 4.7643 4.8865 0.0462
5.0478 4.7643 4.8865 0.0462
5.0478 4.7643 4.8865 0.0462
5.0478 4.7643 4.8867 0.0465
5.0478 4.7643 4.8878 0.0469
5.0478 4.7643 4.8878 0.0469
5.0478 4.7643 4.8878 0.0469
5.0478 4.7643 4.8881 0.0468
5.0478 4.7643 4.8881 0.0468
5.0478 4.7643 4.8892 0.0473
5.0478 4.7643 4.8892 0.0473
5.0478 4.7643 4.8892 0.0473
5.0478 4.7643 4.8892 0.0473
5.0478 4.7643 4.8892 0.0473
5.0478 4.7643 4.8894 0.0472
5.0478 4.7643 4.8894 0.0472
5.0478 4.7643 4.8894 0.0472
5.0478 4.7643 4.8895 0.0472
5.0478 4.8220 4.8907 0.0455
5.0478 4.8220 4.8908 0.0455
5.0478 4.8220 4.8908 0.0455
5.0478 4.8220 4.8910 0.0455
5.0478 4.8220 4.8910 0.0455
5.0478 4.8220 4.8918 0.0458
5.0478 4.8220 4.8918 0.0458
5.0478 4.8220 4.8918 0.0458
5.0478 4.8220 4.8919 0.0458
5.0478 4.8220 4.8919 0.0458
5.0478 4.8220 4.8919 0.0458
5.0478 4.8220 4.8921 0.0457
5.0478 4.8220 4.8923 0.0461
5.0478 4.8220 4.8923 0.0461
5.0478 4.8220 4.8925 0.0459
5.0478 4.8220 4.8925 0.0459
5.0478 4.8220 4.8939 0.0476
5.0478 4.8220 4.8940 0.0476
5.0478 4.8220 4.8940 0.0476
5.0478 4.8220 4.8940 0.0476
5.0478 4.8220 4.8940 0.0476
5.0478 4.8220 4.8948 0.0496
5.0478 4.8220 4.8952 0.0496
5.0478 4.8220 4.8952 0.0496
5.0478 4.8220 4.8952 0.0496
5.0478 4.8220 4.8954 0.0495
5.0478 4.8220 4.8965 0.0497
5.0478 4.8220 4.8965 0.0497
5.0478 4.8220 4.8978 0.0496
5.0478 4.8220 4.8978 0.0496
5.0478 4.8220 4.8994 0.0513
5.0478 4.8220 4.8995 0.0514
5.0478 4.8220 4.8996 0.0514
5.0478 4.8220 4.8998 0.0513
5.0478 4.8220 4.9003 0.0516
5.0580 4.8220 4.9004 0.0520
5.0580 4.8220 4.9004 0.0520
5.0580 4.8220 4.9006 0.0519
5.0580 4.8220 4.9007 0.0517
5.0580 4.8220 4.9016 0.0523
5.0580 4.8220 4.9021 0.0525
5.0580 4.8220 4.9021 0.0525
5.0580 4.8220 4.9021 0.0525
5.0580 4.8220 4.9021 0.0524
5.0580 4.8220 4.9021 0.0524
5.0580 4.8220 4.9022 0.0524
5.0580 4.8220 4.9022 0.0524
5.0580 4.8220 4.9023 0.0523
5.0580 4.8220 4.9023 0.0523
5.0580 4.8220 4.9027 0.0520
5.0580 4.8220 4.9027 0.0520
5.0580 4.8220 4.9027 0.0520
5.0580 4.8220 4.9029 0.0521
5.0580 4.8220 4.9029 0.0521
5.0864 4.8220 4.9034 0.0537
5.0864 4.8220 4.9038 0.0535
5.0864 4.8220 4.9039 0.0534
5.0864 4.8220 4.9039 0.0534
5.0864 4.8220 4.9039 0.0534
5.0864 4.8220 4.9039 0.0534
5.0864 4.8220 4.9039 0.0534
5.0864 4.8220 4.9042 0.0533
5.0864 4.8220 4.9042 0.0533
5.0864 4.8220 4.9052 0.0539
5.0864 4.8220 4.9052 0.0539
5.0864 4.8220 4.9052 0.0539
5.0864 4.8220 4.9053 0.0540
5.0864 4.8220 4.9053 0.0540
5.0864 4.8220 4.9057 0.0544
5.0864 4.8220 4.9057 0.0544
5.0864 4.8220 4.9057 0.0544
5.0864 4.8220 4.9059 0.0543
5.0864 4.8220 4.9059 0.0543
5.0864 4.8220 4.9061 0.0541
5.0864 4.8220 4.9061 0.0541
5.0864 4.8220 4.9061 0.0541
5.0864 4.8220 4.9061 0.0541
5.0864 4.8220 4.9061 0.0541
5.0864 4.8220 4.9061 0.0541
5.0864 4.8220 4.9062 0.0540
5.0864 4.8220 4.9063 0.0539
5.0864 4.8220 4.9063 0.0539
5.0864 4.8220 4.9066 0.0543
5.0864 4.8220 4.9077 0.0542
5.0864 4.8220 4.9077 0.0542
5.0864 4.8220 4.9092 0.0562
5.0864 4.8220 4.9094 0.0561
5.0864 4.8220 4.9094 0.0561
5.0864 4.8220 4.9112 0.0576
5.0864 4.8220 4.9113 0.0576
5.0864 4.8220 4.9113 0.0576
5.0864 4.8220 4.9113 0.0576
5.0864 4.8220 4.9113 0.0576
5.0864 4.8220 4.9118 0.0577
5.0864 4.8317 4.9130 0.0570
5.0864 4.8317 4.9131 0.0571
5.0864 4.8317 4.9131 0.0571
5.0864 4.8317 4.9139 0.0571
5.0864 4.8317 4.9142 0.0570
5.0864 4.8317 4.9142 0.0570
5.0864 4.8317 4.9142 0.0570
5.0864 4.8317 4.9142 0.0570
5.0864 4.8317 4.9142 0.0570
5.0864 4.8317 4.9152 0.0584
5.0864 4.8317 4.9152 0.0584
5.0864 4.8317 4.9168 0.0592
5.0864 4.8317 4.9174 0.0593
5.0864 4.8317 4.9174 0.0593
5.0864 4.8317 4.9185 0.0593
5.0864 4.8317 4.9188 0.0596
5.0864 4.8317 4.9188 0.0596
5.0864 4.8317 4.9188 0.0596
5.0864 4.8317 4.9189 0.0595
5.0864 4.8317 4.9200 0.0597
5.0864 4.8317 4.9207 0.0597
5.0864 4.8317 4.9208 0.0597
5.0864 4.8317 4.9214 0.0597
5.0864 4.8317 4.9215 0.0597
5.0864 4.8317 4.9222 0.0608
5.0864 4.8317 4.9228 0.0609
5.0864 4.8317 4.9241 0.0609
5.0864 4.8317 4.9245 0.0612
5.0864 4.8317 4.9246 0.0612
5.0864 4.8317 4.9246 0.0612
5.0864 4.8317 4.9252 0.0624
5.0864 4.8317 4.9253 0.0623
5.0864 4.8317 4.9253 0.0623
5.0864 4.8317 4.9254 0.0622
5.0864 4.8317 4.9254 0.0622
5.0864 4.8317 4.9264 0.0635
5.0864 4.8317 4.9264 0.0635
5.0864 4.8317 4.9264 0.0635
5.0864 4.8317 4.9267 0.0638
5.0864 4.8317 4.9267 0.0638
5.0864 4.8317 4.9269 0.0637
5.0864 4.8317 4.9272 0.0635
5.0864 4.8317 4.9272 0.0635
5.0864 4.8317 4.9272 0.0635
5.0864 4.8317 4.9272 0.0635
5.0864 4.8317 4.9272 0.0635
5.0864 4.8317 4.9272 0.0635
5.0864 4.8317 4.9274 0.0633
5.0864 4.8317 4.9275 0.0634
5.0864 4.8317 4.9275 0.0634
5.0864 4.8317 4.9283 0.0641
5.0864 4.8317 4.9292 0.0639
5.0864 4.8317 4.9298 0.0638
5.0864 4.8317 4.9298 0.0638
5.0864 4.8317 4.9308 0.0648
5.0864 4.8317 4.9308 0.0648
5.0864 4.8317 4.9325 0.0659
5.0864 4.8317 4.9332 0.0665
5.0864 4.8317 4.9332 0.0665
5.0864 4.8317 4.9348 0.0673
5.0864 4.8317 4.9349 0.0672
5.0864 4.8317 4.9349 0.0672
5.0864 4.8317 4.9349 0.0672
5.0864 4.8317 4.9349 0.0672
5.0864 4.8317 4.9349 0.0672
5.0864 4.8317 4.9349 0.0672
5.0864 4.8317 4.9360 0.0674
5.0864 4.8317 4.9369 0.0673
5.0864 4.8317 4.9378 0.0670
5.0864 4.8317 4.9378 0.0669
5.0864 4.8317 4.9385 0.0668
5.0864 4.8317 4.9387 0.0668
5.0864 4.8317 4.9387 0.0668
5.0864 4.8317 4.9387 0.0668
5.0864 4.8317 4.9387 0.0669
5.0864 4.8317 4.9404 0.0675
5.1052 4.8317 4.9409 0.0687
5.1052 4.8317 4.9409 0.0687
5.1052 4.8317 4.9409 0.0687
5.1052 4.8317 4.9409 0.0687
5.1052 4.8317 4.9409 0.0687
5.1052 4.8317 4.9410 0.0686
5.1052 4.8317 4.9410 0.0686
5.1052 4.8317 4.9412 0.0686
5.1052 4.8317 4.9412 0.0686
5.1052 4.8317 4.9412 0.0686
5.1052 4.8317 4.9424 0.0687
5.1052 4.8317 4.9444 0.0689
5.1052 4.8317 4.9444 0.0689
5.1052 4.8317 4.9452 0.0689
5.1052 4.8421 4.9453 0.0687
5.1052 4.8421 4.9454 0.0688
5.1052 4.8421 4.9473 0.0698
5.1052 4.8421 4.9473 0.0698
5.1052 4.8421 4.9473 0.0698
5.1052 4.8421 4.9484 0.0697
5.1052 4.8421 4.9484 0.0697
5.1052 4.8421 4.9485 0.0697
5.1052 4.8421 4.9487 0.0695
5.1052 4.8421 4.9498 0.0689
5.1052 4.8421 4.9500 0.0688
5.1052 4.8421 4.9500 0.0688
5.1052 4.8421 4.9507 0.0685
5.1052 4.8421 4.9516 0.0683
5.1052 4.8421 4.9516 0.0683
5.1052 4.8421 4.9516 0.0683
5.1052 4.8421 4.9517 0.0683
5.1052 4.8421 4.9517 0.0683
5.1052 4.8421 4.9517 0.0683
5.1052 4.8421 4.9520 0.0686
5.1052 4.8421 4.9529 0.0681
5.1052 4.8421 4.9540 0.0695
5.1052 4.8421 4.9542 0.0697
5.1052 4.8421 4.9545 0.0695
5.1052 4.8421 4.9545 0.0695
5.1052 4.8421 4.9546 0.0695
5.1052 4.8421 4.9546 0.0695
5.1052 4.8421 4.9551 0.0692
5.1052 4.8421 4.9553 0.0690
5.1052 4.8421 4.9574 0.0704
5.1052 4.8421 4.9574 0.0704
5.1052 4.8421 4.9575 0.0706
5.1052 4.8421 4.9575 0.0706
5.1052 4.8421 4.9580 0.0713
5.1052 4.8421 4.9580 0.0713
5.1052 4.8421 4.9588 0.0720
5.1052 4.8421 4.9588 0.0720
5.1052 4.8421 4.9607 0.0725
5.1052 4.8421 4.9620 0.0734
5.1052 4.8421 4.9620 0.0734
5.1052 4.8421 4.9623 0.0737
5.1052 4.8421 4.9631 0.0732
5.1052 4.8421 4.9632 0.0732
5.1052 4.8421 4.9646 0.0745
5.1065 4.8421 4.9658 0.0759
5.1065 4.8421 4.9658 0.0759
5.1065 4.8421 4.9658 0.0759
5.1065 4.8421 4.9659 0.0761
5.1065 4.8421 4.9666 0.0767
5.1065 4.8421 4.9671 0.0763
5.1065 4.8421 4.9671 0.0763
5.1065 4.8421 4.9675 0.0764
5.1065 4.8421 4.9675 0.0764
5.1065 4.8421 4.9679 0.0764
5.1065 4.8421 4.9679 0.0764
5.1065 4.8421 4.9679 0.0764
5.1065 4.8421 4.9679 0.0764
5.1065 4.8421 4.9679 0.0764
5.1065 4.8421 4.9679 0.0764
5.1065 4.8421 4.9690 0.0756
5.1065 4.8421 4.9692 0.0759
5.1131 4.8421 4.9693 0.0761
5.1131 4.8421 4.9715 0.0768
5.1131 4.8421 4.9715 0.0768
5.1131 4.8421 4.9724 0.0763
5.1131 4.8421 4.9735 0.0758
5.1131 4.8421 4.9736 0.0759
5.1131 4.8421 4.9747 0.0754
5.1131 4.8421 4.9747 0.0754
5.1131 4.8421 4.9747 0.0754
5.1131 4.8421 4.9747 0.0754
5.1131 4.8421 4.9755 0.0750
5.1131 4.8421 4.9755 0.0750
5.1131 4.8494 4.9765 0.0739
5.1131 4.8494 4.9765 0.0739
5.1131 4.8494 4.9771 0.0742
5.1131 4.8494 4.9771 0.0742
5.1131 4.8494 4.9772 0.0743
5.1131 4.8494 4.9772 0.0743
5.1131 4.8494 4.9772 0.0743
5.1131 4.8494 4.9774 0.0741
5.1131 4.8494 4.9774 0.0741
5.1131 4.8494 4.9783 0.0744
5.1131 4.8494 4.9793 0.0753
5.1131 4.8494 4.9793 0.0753
5.1131 4.8494 4.9793 0.0753
5.1131 4.8494 4.9793 0.0753
5.1131 4.8494 4.9800 0.0748
5.1131 4.8494 4.9806 0.0743
5.1131 4.8494 4.9814 0.0736
5.1131 4.8494 4.9817 0.0733
5.1131 4.8494 4.9827 0.0724
5.1131 4.8494 4.9828 0.0725
5.1131 4.8494 4.9830 0.0725
5.1131 4.8494 4.9845 0.0722
5.1131 4.8494 4.9870 0.0719
5.1131 4.8494 4.9879 0.0710
5.1131 4.8494 4.9879 0.0710
5.1131 4.8494 4.9879 0.0710
5.1131 4.8494 4.9879 0.0710
5.1131 4.8494 4.9884 0.0712
5.1915 4.8494 4.9894 0.0732
5.1915 4.8494 4.9894 0.0732
5.1915 4.8494 4.9894 0.0732
5.1915 4.8494 4.9900 0.0734
5.1915 4.8494 4.9906 0.0730
5.1915 4.8494 4.9927 0.0731
5.1915 4.8494 4.9937 0.0733
5.1915 4.8494 4.9937 0.0733
5.1915 4.8494 4.9951 0.0726
5.1915 4.8494 4.9960 0.0721
5.1915 4.8494 4.9960 0.0721
5.1915 4.8494 4.9962 0.0723
5.1915 4.8494 4.9962 0.0723
5.1915 4.8494 4.9964 0.0724
5.1915 4.8494 4.9965 0.0724
5.1915 4.8494 4.9980 0.0732
5.1915 4.8494 4.9999 0.0722
5.1915 4.8494 4.9999 0.0722
5.1915 4.8494 5.0005 0.0728
5.1915 4.8494 5.0005 0.0728
5.1915 4.8494 5.0006 0.0728
5.1915 4.8494 5.0006 0.0728
5.1915 4.8494 5.0006 0.0728
5.1915 4.8494 5.0006 0.0728
5.1915 4.8494 5.0022 0.0727
5.1915 4.8494 5.0031 0.0718
5.1915 4.8494 5.0031 0.0718
5.1915 4.8494 5.0031 0.0718
5.1915 4.8494 5.0039 0.0719
5.1915 4.8494 5.0039 0.0719
5.1915 4.8494 5.0043 0.0718
5.1915 4.8494 5.0045 0.0717
5.1915 4.8494 5.0051 0.0725
5.1915 4.8494 5.0054 0.0724
5.1915 4.8494 5.0069 0.0746
5.1915 4.8494 5.0085 0.0738
5.1915 4.8494 5.0101 0.0745
5.1915 4.8494 5.0101 0.0745
5.1915 4.8494 5.0102 0.0745
5.1915 4.8494 5.0102 0.0745
5.1915 4.8494 5.0102 0.0745
5.1915 4.8494 5.0102 0.0745
5.1915 4.8494 5.0105 0.0745
5.1915 4.8494 5.0109 0.0745
5.1915 4.8494 5.0118 0.0743
5.1915 4.8494 5.0118 0.0743
5.1915 4.8494 5.0125 0.0736
5.1915 4.8494 5.0125 0.0736
5.1915 4.8494 5.0133 0.0724
5.1915 4.8494 5.0135 0.0722
5.1915 4.8494 5.0135 0.0722
5.1915 4.8494 5.0135 0.0722
5.1915 4.8494 5.0135 0.0722
5.1915 4.8494 5.0157 0.0712
5.1915 4.8494 5.0170 0.0719
5.1915 4.8494 5.0171 0.0719
5.1915 4.8494 5.0178 0.0717
5.1915 4.8494 5.0191 0.0720
5.1915 4.8494 5.0198 0.0718
5.1915 4.8494 5.0204 0.0722
5.1915 4.8494 5.0205 0.0722
5.1915 4.8494 5.0205 0.0722
5.1915 4.8494 5.0205 0.0722
5.1915 4.8494 5.0205 0.0722
5.1915 4.8494 5.0206 0.0721
5.1915 4.8494 5.0228 0.0714
5.1915 4.8494 5.0228 0.0714
5.1915 4.8494 5.0228 0.0714
5.1915 4.8494 5.0228 0.0714
5.1915 4.8494 5.0242 0.0712
5.1915 4.8494 5.0242 0.0712
5.1915 4.8494 5.0242 0.0712
5.1915 4.8494 5.0242 0.0712
5.1915 4.8494 5.0251 0.0712
5.1915 4.8494 5.0251 0.0712
5.1915 4.8494 5.0254 0.0706
5.1971 4.8494 5.0263 0.0722
5.1971 4.8494 5.0265 0.0722
5.1971 4.8494 5.0265 0.0722
5.1971 4.8494 5.0265 0.0722
5.1971 4.8494 5.0265 0.0722
5.1971 4.8494 5.0270 0.0727
5.1971 4.8494 5.0270 0.0727
5.1971 4.8494 5.0270 0.0727
5.1971 4.8494 5.0273 0.0725
5.1971 4.8494 5.0273 0.0725
5.1971 4.8494 5.0293 0.0724
5.1971 4.8494 5.0294 0.0723
5.1971 4.8494 5.0294 0.0723
5.1971 4.8494 5.0297 0.0721
5.1971 4.8494 5.0308 0.0720
5.1971 4.8494 5.0308 0.0720
5.1971 4.8494 5.0324 0.0719
5.1971 4.8494 5.0335 0.0713
5.1971 4.8494 5.0343 0.0710
5.1971 4.8494 5.0345 0.0705
5.1971 4.8494 5.0350 0.0713
5.1971 4.8494 5.0350 0.0713
5.1971 4.8494 5.0360 0.0709
5.1971 4.8494 5.0361 0.0711
5.1971 4.8494 5.0361 0.0711
5.1971 4.8494 5.0361 0.0711
5.2469 4.8494 5.0390 0.0737
5.2469 4.8494 5.0390 0.0737
5.2469 4.8494 5.0390 0.0737
5.2469 4.8494 5.0390 0.0737
5.2469 4.8494 5.0390 0.0737
5.2469 4.8494 5.0396 0.0739
5.2469 4.8494 5.0411 0.0755
5.2469 4.8494 5.0412 0.0754
5.2469 4.8494 5.0412 0.0754
5.2469 4.8494 5.0412 0.0754
5.2469 4.8494 5.0430 0.0739
5.2469 4.8494 5.0430 0.0739
5.2469 4.8494 5.0431 0.0738
5.2469 4.8494 5.0435 0.0741
5.2469 4.8494 5.0436 0.0740
5.2469 4.8494 5.0439 0.0742
5.2469 4.8494 5.0439 0.0742
5.2469 4.8494 5.0439 0.0742
5.2469 4.8494 5.0451 0.0741
5.2469 4.8494 5.0469 0.0725
5.2469 4.8494 5.0469 0.0725
5.2469 4.8494 5.0475 0.0721
5.2469 4.8494 5.0475 0.0721
5.2469 4.8494 5.0475 0.0721
5.2469 4.8494 5.0485 0.0716
5.2469 4.8494 5.0486 0.0716
5.2469 4.8494 5.0486 0.0716
5.2469 4.8494 5.0489 0.0715
5.2469 4.8494 5.0489 0.0715
5.2469 4.8494 5.0494 0.0714
5.2469 4.8494 5.0495 0.0714
5.2469 4.8494 5.0507 0.0711
5.2469 4.8494 5.0507 0.0711
5.2469 4.8494 5.0515 0.0705
5.2469 4.8494 5.0515 0.0705
5.2469 4.8494 5.0525 0.0715
5.2469 4.8494 5.0525 0.0715
5.2469 4.8494 5.0525 0.0715
5.2469 4.8494 5.0525 0.0715
5.2469 4.8494 5.0525 0.0715
5.2469 4.8494 5.0525 0.0715
5.2469 4.8494 5.0525 0.0715
5.2469 4.8494 5.0525 0.0715
5.2469 4.8494 5.0525 0.0715
5.2469 4.8494 5.0525 0.0715
5.2469 4.8494 5.0526 0.0715
5.2469 4.8494 5.0526 0.0715
5.2469 4.8494 5.0531 0.0712
5.2469 4.8494 5.0531 0.0712
5.2469 4.8494 5.0545 0.0725
5.2469 4.8494 5.0545 0.0725
5.2469 4.8494 5.0545 0.0725
5.2469 4.8494 5.0545 0.0725
5.2469 4.8494 5.0549 0.0723
5.2469 4.8494 5.0549 0.0723
5.2469 4.8494 5.0550 0.0726
5.2469 4.8494 5.0552 0.0725
5.2469 4.8494 5.0552 0.0725
5.2469 4.8494 5.0553 0.0726
5.2469 4.8494 5.0553 0.0726
5.2469 4.8494 5.0559 0.0725
5.2469 4.8494 5.0563 0.0724
5.2469 4.8494 5.0580 0.0722
5.2469 4.8494 5.0580 0.0722
5.2469 4.8494 5.0586 0.0724
5.2469 4.8494 5.0586 0.0724
5.2469 4.8494 5.0586 0.0724
5.2469 4.8494 5.0586 0.0724
5.2469 4.8494 5.0594 0.0736
5.2469 4.8494 5.0594 0.0736
5.2469 4.8494 5.0596 0.0733
5.2469 4.8494 5.0603 0.0729
5.2469 4.8494 5.0603 0.0729
5.2469 4.8494 5.0603 0.0729
5.2469 4.8494 5.0611 0.0723
5.2469 4.8494 5.0618 0.0724
5.2469 4.8494 5.0618 0.0724
5.2469 4.8494 5.0642 0.0703
5.2469 4.8494 5.0642 0.0703
5.2469 4.8494 5.0642 0.0703
5.2469 4.8494 5.0646 0.0696
5.2469 4.8494 5.0646 0.0696
5.2469 4.8494 5.0648 0.0695
5.2469 4.8494 5.0676 0.0701
5.2469 4.8494 5.0685 0.0704
5.2469 4.8494 5.0685 0.0704
5.2469 4.8494 5.0685 0.0704
5.2469 4.8494 5.0685 0.0704
5.2469 4.8494 5.0688 0.0704
5.2469 4.8494 5.0688 0.0704
5.2469 4.8852 5.0699 0.0677
5.2469 4.8852 5.0699 0.0677
5.2469 4.8852 5.0711 0.0698
5.2469 4.8852 5.0716 0.0698
5.3060 4.8852 5.0747 0.0732
5.3060 4.8852 5.0759 0.0712
5.3060 4.8852 5.0763 0.0708
5.3060 4.8852 5.0775 0.0722
5.3060 4.8852 5.0780 0.0726
5.3060 4.8852 5.0780 0.0726
5.3060 4.8852 5.0780 0.0726
5.3060 4.8852 5.0782 0.0726
5.3060 4.8852 5.0794 0.0716
5.3060 4.8852 5.0797 0.0716
5.3060 4.8852 5.0801 0.0716
5.3060 4.8852 5.0801 0.0716
5.3060 4.8852 5.0801 0.0716
5.3060 4.8852 5.0801 0.0716
5.3060 4.8852 5.0804 0.0722
5.3060 4.8852 5.0818 0.0718
5.3060 4.8852 5.0834 0.0700
5.3060 4.8852 5.0834 0.0700
5.3060 4.8852 5.0835 0.0700
5.3060 4.8852 5.0835 0.0700
5.3060 4.8852 5.0835 0.0700
5.3060 4.8852 5.0855 0.0714
5.3060 4.8852 5.0855 0.0714
5.3060 4.8852 5.0864 0.0718
5.3060 4.8852 5.0864 0.0718
5.3060 4.8852 5.0864 0.0718
5.3060 4.8852 5.0864 0.0718
5.3060 4.8852 5.0864 0.0718
5.3060 4.8852 5.0865 0.0717
5.3060 4.8852 5.0876 0.0723
5.3060 4.8852 5.0876 0.0723
5.3060 4.8852 5.0882 0.0718
5.3060 4.8852 5.0882 0.0718
5.3060 4.8852 5.0882 0.0718
5.3060 4.8852 5.0883 0.0717
5.3060 4.8852 5.0883 0.0717
5.3060 4.8852 5.0895 0.0717
5.3060 4.8852 5.0905 0.0718
5.3060 4.8852 5.0907 0.0718
5.3060 4.8852 5.0907 0.0718
5.3060 4.8852 5.0907 0.0718
5.3060 4.8852 5.0918 0.0722
5.3060 4.8852 5.0918 0.0722
5.3060 4.8852 5.0920 0.0722
5.3060 4.8852 5.0929 0.0712
5.3060 4.8852 5.0929 0.0712
5.3060 4.8852 5.0936 0.0701
5.3060 4.8852 5.0936 0.0701
5.3060 4.8852 5.0966 0.0678
5.3060 4.8852 5.0966 0.0678
5.3060 4.8852 5.0966 0.0678
5.3060 4.8852 5.0968 0.0678
5.3060 4.8852 5.0968 0.0678
5.3060 4.8852 5.0969 0.0678
5.3060 4.8852 5.0980 0.0703
5.3060 4.8852 5.0980 0.0703
5.3060 4.8852 5.0980 0.0703
5.3060 4.8852 5.0988 0.0703
5.3060 4.8852 5.1005 0.0713
5.3060 4.8852 5.1009 0.0713
5.3060 4.8852 5.1012 0.0710
5.3060 4.8852 5.1014 0.0713
5.3060 4.8852 5.1014 0.0713
5.3060 4.8852 5.1027 0.0717
5.3060 4.8852 5.1027 0.0718
5.3060 4.8852 5.1027 0.0718
5.3060 4.8852 5.1036 0.0718
5.3060 4.8852 5.1036 0.0718
5.3060 4.8852 5.1040 0.0720
5.3060 4.8852 5.1040 0.0720
5.3060 4.8852 5.1040 0.0720
5.3060 4.8852 5.1040 0.0720
5.3060 4.8852 5.1044 0.0721
5.3060 4.8852 5.1044 0.0721
5.3060 4.8852 5.1062 0.0730
5.3060 4.8852 5.1068 0.0732
5.3224 4.8852 5.1070 0.0736
5.3224 4.8852 5.1072 0.0737
5.3224 4.8852 5.1072 0.0737
5.3224 4.8852 5.1083 0.0723
5.3224 4.8852 5.1083 0.0723
5.3224 4.8852 5.1083 0.0723
5.3224 4.8852 5.1083 0.0723
5.3224 4.8852 5.1083 0.0723
5.3224 4.8852 5.1099 0.0743
5.3224 4.8852 5.1100 0.0745
5.3224 4.8852 5.1101 0.0745
5.3224 4.8852 5.1118 0.0765
5.3224 4.8852 5.1119 0.0765
5.3224 4.8852 5.1129 0.0763
5.3224 4.8852 5.1135 0.0766
5.3224 4.8852 5.1135 0.0766
5.3224 4.8852 5.1135 0.0766
5.3224 4.8852 5.1135 0.0766
5.3224 4.8852 5.1135 0.0766
5.3224 4.8852 5.1152 0.0785
5.3224 4.8852 5.1157 0.0783
5.3224 4.8852 5.1157 0.0783
5.3224 4.8852 5.1166 0.0782
5.3224 4.8852 5.1166 0.0782
5.3224 4.8852 5.1172 0.0784
5.3224 4.8852 5.1172 0.0784
5.3224 4.8852 5.1172 0.0784
5.3224 4.8852 5.1186 0.0781
5.3224 4.8852 5.1186 0.0781
5.3224 4.8852 5.1199 0.0800
5.3224 4.8852 5.1207 0.0795
5.3224 4.8852 5.1210 0.0798
5.3224 4.8852 5.1215 0.0807
5.3224 4.8852 5.1215 0.0807
5.3224 4.8852 5.1215 0.0807
5.3224 4.8852 5.1215 0.0807
5.3224 4.8852 5.1218 0.0808
5.3224 4.8852 5.1218 0.0808
5.3224 4.8852 5.1219 0.0809
5.3224 4.8852 5.1219 0.0809
5.3224 4.8852 5.1227 0.0807
5.3224 4.8852 5.1233 0.0804
5.3224 4.8852 5.1234 0.0803
5.3224 4.8852 5.1247 0.0803
5.3224 4.8852 5.1254 0.0804
5.3224 4.8852 5.1255 0.0804
5.3224 4.8852 5.1269 0.0813
5.3224 4.8852 5.1290 0.0819
5.3224 4.8852 5.1305 0.0828
5.3224 4.8852 5.1305 0.0828
5.3224 4.8852 5.1310 0.0834
5.3224 4.8852 5.1327 0.0855
5.3224 4.8852 5.1331 0.0853
5.3224 4.8852 5.1334 0.0851
5.3224 4.8852 5.1343 0.0847
5.3224 4.8852 5.1358 0.0845
5.3224 4.8852 5.1358 0.0845
5.3224 4.8852 5.1367 0.0842
5.3224 4.8852 5.1381 0.0833
5.3224 4.8852 5.1381 0.0833
5.3224 4.8852 5.1390 0.0840
5.3224 4.8852 5.1390 0.0840
5.3224 4.8852 5.1390 0.0840
5.3224 4.8852 5.1411 0.0842
5.3224 4.8852 5.1425 0.0837
5.3224 4.8852 5.1432 0.0850
5.3224 4.8852 5.1432 0.0850
5.3224 4.8852 5.1438 0.0849
5.3224 4.8852 5.1438 0.0849
5.3224 4.8852 5.1439 0.0849
5.3224 4.8852 5.1439 0.0849
5.3224 4.8852 5.1441 0.0852
5.3224 4.8852 5.1470 0.0863
5.3224 4.8852 5.1474 0.0864
5.3224 4.8852 5.1494 0.0875
5.3224 4.8852 5.1494 0.0875
5.3224 4.8852 5.1508 0.0862
5.3224 4.8852 5.1525 0.0872
5.3224 4.8852 5.1525 0.0872
5.3224 4.8852 5.1530 0.0876
5.3224 4.8852 5.1531 0.0876
5.3224 4.8852 5.1533 0.0879
5.3224 4.8852 5.1533 0.0879
5.3224 4.8852 5.1533 0.0879
5.3224 4.8852 5.1543 0.0872
5.3224 4.8852 5.1543 0.0872
5.3224 4.8852 5.1549 0.0868
5.3224 4.8852 5.1549 0.0868
5.3224 4.8852 5.1549 0.0869
5.3224 4.8852 5.1549 0.0869
5.3224 4.8852 5.1571 0.0873
5.3224 4.8852 5.1594 0.0878
5.3224 4.8852 5.1608 0.0881
5.3224 4.8852 5.1610 0.0882
5.3224 4.8852 5.1610 0.0882
5.3233 4.8852 5.1625 0.0897
5.3233 4.8852 5.1626 0.0896
5.3233 4.8852 5.1627 0.0897
5.3233 4.8852 5.1643 0.0900
5.3233 4.8852 5.1655 0.0911
5.3233 4.8852 5.1655 0.0911
5.3233 4.8852 5.1655 0.0911
5.3233 4.8852 5.1669 0.0890
5.3233 4.8852 5.1669 0.0890
5.3233 4.8852 5.1684 0.0893
5.3233 4.8852 5.1702 0.0877
5.3233 4.8852 5.1702 0.0877
5.3233 4.8852 5.1702 0.0877
5.3233 4.8852 5.1714 0.0872
5.3233 4.8852 5.1716 0.0871
5.3233 4.8852 5.1721 0.0875
5.3233 4.8852 5.1746 0.0878
5.3233 4.8852 5.1760 0.0885
5.3233 4.8852 5.1772 0.0884
5.3233 4.8995 5.1774 0.0880
5.3233 4.8995 5.1781 0.0878
5.3233 4.8995 5.1794 0.0876
5.3233 4.8995 5.1801 0.0880
5.3233 4.8995 5.1803 0.0879
5.3267 4.8995 5.1803 0.0880
5.3267 4.8995 5.1822 0.0878
5.3267 4.8995 5.1847 0.0877
5.3267 4.8995 5.1859 0.0885
5.3267 4.8995 5.1859 0.0885
5.3267 4.8995 5.1881 0.0874
5.3267 4.8995 5.1881 0.0874
5.3267 4.8995 5.1881 0.0874
5.3267 4.8995 5.1883 0.0876
5.3267 4.8995 5.1891 0.0875
5.3267 4.8995 5.1899 0.0865
5.3267 4.8995 5.1901 0.0863
5.3267 4.8995 5.1901 0.0863
5.3267 4.8995 5.1902 0.0863
5.3267 4.8995 5.1912 0.0863
5.3267 4.8995 5.1913 0.0863
5.3267 4.8995 5.1913 0.0863
5.3267 4.8995 5.1913 0.0863
5.3267 4.8995 5.1913 0.0863
5.3267 4.8995 5.1913 0.0863
5.3267 4.8995 5.1922 0.0868
5.3267 4.8995 5.1922 0.0868
5.3267 4.8995 5.1922 0.0868
5.3267 4.8995 5.1932 0.0864
5.3267 4.8995 5.1950 0.0870
5.3267 4.8995 5.1952 0.0870
5.3267 4.8995 5.1955 0.0873
5.3267 4.8995 5.1955 0.0873
5.3267 4.8995 5.1961 0.0876
5.3267 4.8995 5.1979 0.0877
5.3267 4.8995 5.1979 0.0877
5.3267 4.8995 5.1996 0.0878
5.3267 4.8995 5.1996 0.0878
5.3267 4.8995 5.2005 0.0879
5.3267 4.8995 5.2005 0.0879
5.3267 4.8995 5.2008 0.0878
5.3267 4.8995 5.2011 0.0880
5.3267 4.8995 5.2019 0.0876
5.3267 4.8995 5.2046 0.0872
5.3267 4.8995 5.2064 0.0852
5.3267 4.8995 5.2066 0.0852
5.3267 4.8995 5.2066 0.0852
5.3267 4.8995 5.2072 0.0851
5.3267 4.8995 5.2075 0.0843
5.3267 4.8995 5.2098 0.0838
5.3267 4.8995 5.2119 0.0835
5.3267 4.8995 5.2122 0.0837
5.3267 4.8995 5.2133 0.0844
5.3267 4.8995 5.2133 0.0844
5.3267 4.8995 5.2153 0.0836
5.3267 4.8995 5.2153 0.0836
5.3267 4.8995 5.2153 0.0836
5.3267 4.8995 5.2153 0.0836
5.3267 4.8995 5.2170 0.0821
5.3267 4.8995 5.2171 0.0820
5.3267 4.8995 5.2173 0.0820
5.3267 4.8995 5.2175 0.0821
5.3267 4.8995 5.2175 0.0821
5.3267 4.8995 5.2175 0.0821
5.3267 4.8995 5.2176 0.0821
5.3267 4.8995 5.2176 0.0821
5.3267 4.8995 5.2176 0.0821
5.3267 4.8995 5.2176 0.0821
5.3267 4.8995 5.2186 0.0823
5.3267 4.8995 5.2187 0.0824
5.3267 4.8995 5.2197 0.0829
5.3267 4.8995 5.2197 0.0829
5.3267 4.8995 5.2197 0.0829
5.3313 4.8995 5.2202 0.0834
5.3313 4.8995 5.2205 0.0838
5.3313 4.8995 5.2208 0.0838
5.3313 4.8995 5.2213 0.0836
5.3313 4.8995 5.2213 0.0836
5.3313 4.8995 5.2223 0.0843
5.3313 4.8995 5.2223 0.0843
5.3313 4.8995 5.2223 0.0843
5.3313 4.8995 5.2223 0.0843
5.3313 4.8995 5.2223 0.0843
5.3313 4.8995 5.2223 0.0843
5.3313 4.8995 5.2227 0.0839
5.3313 4.8995 5.2227 0.0839
5.3313 4.8995 5.2227 0.0839
5.3313 4.8995 5.2229 0.0841
5.3313 4.8995 5.2229 0.0841
5.3313 4.8995 5.2229 0.0841
5.3313 4.8995 5.2229 0.0841
5.3313 4.8995 5.2229 0.0841
5.3313 4.8995 5.2229 0.0841
5.3313 4.8995 5.2246 0.0844
5.3313 4.8995 5.2269 0.0840
5.3313 4.8995 5.2269 0.0840
5.3313 4.8995 5.2276 0.0843
5.3313 4.9897 5.2292 0.0795
5.3313 4.9897 5.2295 0.0794
5.3313 4.9897 5.2297 0.0795
5.3313 4.9897 5.2312 0.0796
5.3313 4.9897 5.2317 0.0798
5.3313 4.9897 5.2328 0.0801
5.3313 4.9897 5.2343 0.0797
5.3313 4.9897 5.2343 0.0797
5.3313 4.9897 5.2343 0.0797
5.3313 4.9897 5.2348 0.0799
5.3313 4.9897 5.2355 0.0802
5.3313 4.9897 5.2355 0.0802
5.3313 4.9897 5.2355 0.0802
5.3313 4.9897 5.2355 0.0802
5.3313 4.9897 5.2355 0.0802
5.3313 4.9897 5.2359 0.0805
5.3313 4.9897 5.2361 0.0805
5.3313 4.9897 5.2361 0.0805
5.3313 4.9897 5.2361 0.0805
5.3313 4.9897 5.2361 0.0805
5.3313 4.9897 5.2366 0.0808
5.3313 4.9897 5.2366 0.0808
5.3313 4.9897 5.2374 0.0809
5.3313 4.9897 5.2378 0.0813
5.3313 4.9897 5.2397 0.0796
5.3313 4.9897 5.2397 0.0796
5.3313 4.9897 5.2404 0.0794
5.3313 4.9897 5.2404 0.0794
5.3313 4.9897 5.2404 0.0794
5.3313 4.9897 5.2429 0.0774
5.3313 4.9897 5.2429 0.0774
5.3313 4.9897 5.2445 0.0769
5.3313 4.9897 5.2445 0.0769
5.3313 4.9897 5.2463 0.0746
5.3313 4.9897 5.2463 0.0746
5.3313 4.9897 5.2463 0.0746
5.3313 4.9897 5.2463 0.0746
5.3313 4.9897 5.2479 0.0737
5.3313 4.9897 5.2483 0.0740
5.3313 4.9897 5.2483 0.0740
5.3313 4.9897 5.2486 0.0742
5.3313 4.9897 5.2502 0.0732
5.3313 4.9897 5.2502 0.0732
5.3313 4.9897 5.2510 0.0736
5.3313 4.9897 5.2513 0.0738
5.3313 4.9897 5.2533 0.0726
5.3313 4.9897 5.2533 0.0726
5.3313 4.9897 5.2533 0.0726
5.3313 5.0580 5.2567 0.0680
5.3313 5.0580 5.2577 0.0677
5.3313 5.0580 5.2577 0.0676
5.3313 5.0580 5.2577 0.0676
5.3313 5.0580 5.2577 0.0676
5.3313 5.0580 5.2577 0.0676
5.3313 5.0580 5.2579 0.0677
5.3313 5.0580 5.2581 0.0678
5.3313 5.0580 5.2595 0.0672
5.3313 5.0580 5.2600 0.0672
5.3313 5.0580 5.2615 0.0659
5.3313 5.0580 5.2620 0.0662
5.3313 5.0580 5.2631 0.0642
5.3313 5.0580 5.2636 0.0634
5.3313 5.0580 5.2636 0.0634
5.3319 5.0580 5.2637 0.0635
5.3319 5.0580 5.2642 0.0632
5.3319 5.0580 5.2642 0.0632
5.3319 5.0580 5.2650 0.0632
5.3319 5.0580 5.2661 0.0629
5.3319 5.0580 5.2661 0.0629
5.3319 5.0580 5.2661 0.0629
5.3319 5.0580 5.2663 0.0630
5.3319 5.0580 5.2663 0.0630
5.3319 5.0580 5.2663 0.0630
5.3319 5.0580 5.2663 0.0630
5.3319 5.0580 5.2664 0.0630
5.3319 5.0580 5.2664 0.0630
5.3319 5.0580 5.2687 0.0612
5.3319 5.0580 5.2687 0.0612
5.3319 5.0580 5.2688 0.0612
5.3319 5.0580 5.2688 0.0612
5.3319 5.0580 5.2699 0.0604
5.3319 5.0580 5.2702 0.0604
5.3319 5.0580 5.2703 0.0603
5.3319 5.0580 5.2717 0.0591
5.3319 5.0580 5.2717 0.0591
5.3319 5.0580 5.2717 0.0591
5.3319 5.0580 5.2731 0.0578
5.3319 5.0580 5.2732 0.0578
5.3319 5.0580 5.2732 0.0578
5.3319 5.0580 5.2741 0.0572
5.3319 5.0580 5.2742 0.0572
5.3319 5.0580 5.2742 0.0572
5.3319 5.0580 5.2742 0.0572
5.3319 5.0580 5.2742 0.0572
5.3319 5.0580 5.2742 0.0572
5.3319 5.0580 5.2744 0.0573
5.3319 5.0580 5.2767 0.0539
5.3319 5.0580 5.2782 0.0512
5.3319 5.0580 5.2782 0.0512
5.3319 5.0580 5.2784 0.0513
5.3319 5.0580 5.2784 0.0513
5.3319 5.0580 5.2784 0.0513
5.3319 5.0580 5.2784 0.0513
5.3319 5.0580 5.2787 0.0514
5.3319 5.0580 5.2787 0.0514
5.3319 5.0580 5.2787 0.0514
5.3319 5.0580 5.2798 0.0511
5.3319 5.0580 5.2798 0.0511
5.3319 5.0580 5.2798 0.0511
5.3319 5.0580 5.2802 0.0513
5.3319 5.0580 5.2802 0.0513
5.3326 5.0580 5.2803 0.0514
5.3326 5.0580 5.2803 0.0514
5.3326 5.0580 5.2804 0.0514
5.3326 5.0580 5.2804 0.0514
5.3326 5.0580 5.2804 0.0514
5.3326 5.0580 5.2811 0.0514
5.3326 5.0580 5.2816 0.0516
5.3405 5.0580 5.2817 0.0518
5.3405 5.0580 5.2817 0.0518
5.3405 5.0580 5.2827 0.0514
5.3405 5.0580 5.2827 0.0514
5.3405 5.0580 5.2827 0.0514
5.3405 5.0580 5.2837 0.0510
5.3405 5.0580 5.2839 0.0510
5.3405 5.0580 5.2839 0.0510
5.3405 5.0580 5.2839 0.0510
5.3405 5.0580 5.2842 0.0512
5.3405 5.0580 5.2842 0.0512
5.3405 5.0580 5.2843 0.0512
5.3405 5.0580 5.2853 0.0506
5.3405 5.0580 5.2853 0.0507
5.3405 5.0580 5.2854 0.0506
5.3405 5.0580 5.2857 0.0505
5.3405 5.0580 5.2862 0.0507
5.3405 5.0580 5.2862 0.0507
5.3405 5.0580 5.2863 0.0508
5.3405 5.0580 5.2863 0.0508
5.3447 5.0580 5.2869 0.0511
5.3447 5.0580 5.2869 0.0511
5.3447 5.0580 5.2875 0.0510
5.3447 5.0580 5.2877 0.0509
5.3447 5.0580 5.2877 0.0509
5.3447 5.0580 5.2877 0.0509
5.3447 5.0580 5.2878 0.0509
5.3447 5.0580 5.2880 0.0511
5.3447 5.0580 5.2886 0.0510
5.3447 5.0580 5.2895 0.0504
5.3447 5.0580 5.2913 0.0484
5.3447 5.0580 5.2923 0.0467
5.3447 5.0580 5.2926 0.0468
5.3447 5.0580 5.2926 0.0468
5.3447 5.0580 5.2926 0.0468
5.3447 5.0580 5.2926 0.0468
5.3447 5.0580 5.2926 0.0468
5.3447 5.0580 5.2933 0.0454
5.3447 5.0580 5.2933 0.0454
5.3447 5.0580 5.2945 0.0442
5.3447 5.0580 5.2945 0.0442
5.3447 5.0580 5.2945 0.0442
5.3447 5.0580 5.2945 0.0442
5.3447 5.0580 5.2945 0.0442
5.3447 5.0580 5.2946 0.0443
5.3447 5.0580 5.2946 0.0443
5.3447 5.0580 5.2947 0.0443
5.3447 5.0580 5.2947 0.0443
5.3447 5.0580 5.2948 0.0443
5.3447 5.0580 5.2958 0.0429
5.3447 5.0580 5.2958 0.0429
5.3447 5.0580 5.2961 0.0431
5.3447 5.0580 5.2963 0.0430
5.3447 5.0580 5.2963 0.0431
5.3447 5.0580 5.2978 0.0404
5.3447 5.0580 5.2978 0.0404
5.3447 5.0580 5.2979 0.0404
5.3447 5.0580 5.2979 0.0404
5.3447 5.0580 5.2979 0.0405
5.3447 5.0580 5.2979 0.0405
5.3447 5.0580 5.2979 0.0405
5.3447 5.0580 5.2979 0.0405
5.3447 5.0580 5.2988 0.0399
5.3447 5.0580 5.2989 0.0399
5.3447 5.0580 5.2989 0.0399
5.3447 5.0580 5.2989 0.0399
5.3447 5.0580 5.2989 0.0399
5.3447 5.0580 5.2989 0.0399
5.3447 5.0580 5.2989 0.0399
5.3447 5.0580 5.2989 0.0399
5.3447 5.0580 5.2989 0.0399
5.3447 5.0580 5.2989 0.0399
5.3447 5.0580 5.2994 0.0400
5.3447 5.0580 5.2994 0.0400
5.3447 5.0580 5.2994 0.0400
5.3447 5.0580 5.3001 0.0395
5.3447 5.0580 5.3002 0.0396
5.3447 5.0580 5.3005 0.0396
5.3447 5.0580 5.3005 0.0396
5.3447 5.0580 5.3005 0.0396
5.3447 5.0580 5.3007 0.0395
5.3447 5.0580 5.3015 0.0395
5.3447 5.0580 5.3017 0.0395
5.3447 5.0580 5.3017 0.0395
5.3447 5.0580 5.3017 0.0395
5.3447 5.0580 5.3017 0.0395
5.3447 5.0580 5.3019 0.0396
5.3447 5.0580 5.3021 0.0397
5.3447 5.0580 5.3022 0.0397
5.3447 5.0580 5.3023 0.0397
5.3447 5.0580 5.3023 0.0397
5.3447 5.0580 5.3025 0.0398
5.3447 5.0580 5.3025 0.0398
5.3447 5.0580 5.3025 0.0398
5.3447 5.0580 5.3026 0.0398
5.3447 5.0580 5.3026 0.0398
5.3447 5.0580 5.3028 0.0397
5.3447 5.0580 5.3028 0.0397
5.3447 5.0580 5.3032 0.0388
5.3447 5.0580 5.3032 0.0388
5.3447 5.0580 5.3032 0.0388
5.3447 5.0580 5.3035 0.0388
5.3447 5.0580 5.3035 0.0388
5.3447 5.0580 5.3035 0.0388
5.3447 5.0580 5.3036 0.0389
5.3447 5.0580 5.3037 0.0388
5.3447 5.0580 5.3037 0.0388
5.3447 5.0580 5.3040 0.0389
5.3447 5.0580 5.3043 0.0390
5.3447 5.0580 5.3043 0.0390
5.3447 5.0580 5.3044 0.0389
5.3447 5.0580 5.3056 0.0381
5.3447 5.0580 5.3058 0.0382
5.3447 5.0580 5.3065 0.0382
5.3447 5.0580 5.3067 0.0382
5.3447 5.0580 5.3067 0.0382
5.3447 5.0580 5.3067 0.0382
5.3447 5.0580 5.3067 0.0382
5.3447 5.0580 5.3067 0.0382
5.3447 5.0580 5.3067 0.0382
5.3447 5.0580 5.3067 0.0382
5.3447 5.0580 5.3071 0.0383
5.3447 5.0580 5.3080 0.0372
5.3447 5.0580 5.3080 0.0372
5.3447 5.0580 5.3080 0.0372
5.3447 5.0580 5.3094 0.0354
5.3447 5.0580 5.3099 0.0350
5.3447 5.0580 5.3099 0.0350
5.3447 5.0580 5.3099 0.0350
5.3447 5.0580 5.3099 0.0350
5.3447 5.0580 5.3099 0.0350
5.3447 5.0580 5.3105 0.0338
5.3447 5.0580 5.3106 0.0338
5.3447 5.0580 5.3108 0.0336
5.3447 5.0580 5.3108 0.0336
5.3447 5.0580 5.3108 0.0336
5.3447 5.0580 5.3108 0.0336
5.3447 5.0580 5.3112 0.0337
5.3447 5.0580 5.3112 0.0337
5.3447 5.0580 5.3115 0.0338
5.3447 5.0580 5.3118 0.0338
5.3447 5.0580 5.3119 0.0338
5.3447 5.0580 5.3121 0.0338
5.3447 5.0580 5.3121 0.0338
5.3447 5.0580 5.3121 0.0338
5.3447 5.0580 5.3121 0.0338
5.3447 5.0580 5.3121 0.0338
5.3447 5.0580 5.3121 0.0338
5.3447 5.0580 5.3123 0.0339
5.3447 5.0580 5.3124 0.0339
5.3447 5.0580 5.3124 0.0339
5.3447 5.0580 5.3124 0.0339
5.3447 5.0580 5.3126 0.0339
5.3447 5.0580 5.3126 0.0339
5.3447 5.0580 5.3131 0.0338
5.3447 5.0580 5.3131 0.0337
5.3447 5.0580 5.3131 0.0337
5.3447 5.0580 5.3132 0.0337
5.3447 5.0580 5.3132 0.0337
5.3447 5.0580 5.3133 0.0338
5.3447 5.0580 5.3135 0.0337
5.3447 5.0580 5.3135 0.0337
5.3447 5.0580 5.3135 0.0337
5.3447 5.0580 5.3139 0.0338
5.3447 5.0580 5.3140 0.0339
5.3447 5.0580 5.3141 0.0339
5.3447 5.0580 5.3141 0.0339
5.3447 5.0580 5.3141 0.0339
5.3447 5.0580 5.3142 0.0339
5.3447 5.0580 5.3142 0.0339
5.3447 5.0580 5.3142 0.0339
5.3447 5.0580 5.3142 0.0339
5.3447 5.0580 5.3142 0.0339
5.3595 5.0580 5.3144 0.0341
5.3595 5.0580 5.3144 0.0341
5.3595 5.0580 5.3145 0.0341
5.3595 5.0580 5.3145 0.0341
5.3595 5.0580 5.3149 0.0340
5.3595 5.0580 5.3149 0.0340
5.3595 5.0580 5.3149 0.0340
5.3595 5.0580 5.3149 0.0340
5.3595 5.0580 5.3149 0.0340
5.3595 5.0580 5.3149 0.0340
5.3595 5.0580 5.3149 0.0340
5.3595 5.0580 5.3149 0.0340
5.3595 5.0580 5.3152 0.0339
5.3595 5.0580 5.3152 0.0339
5.3595 5.0580 5.3152 0.0339
5.3595 5.0580 5.3152 0.0339
5.3595 5.0580 5.3152 0.0339
5.3595 5.0580 5.3152 0.0339
5.3595 5.0580 5.3152 0.0339
5.3595 5.0580 5.3156 0.0339
5.3595 5.0580 5.3157 0.0339
5.3595 5.0580 5.3157 0.0339
5.3595 5.0580 5.3158 0.0339
5.3595 5.0580 5.3158 0.0339
5.3595 5.0580 5.3158 0.0339
5.3595 5.0580 5.3161 0.0340
5.3595 5.0580 5.3161 0.0340
5.3595 5.0580 5.3161 0.0340
5.3595 5.0580 5.3161 0.0340
5.3595 5.0580 5.3161 0.0340
5.3595 5.0580 5.3161 0.0340
5.3595 5.0580 5.3162 0.0340
5.3595 5.0580 5.3163 0.0340
5.3595 5.0580 5.3163 0.0340
5.3595 5.0580 5.3163 0.0340
5.3595 5.0580 5.3164 0.0341
5.3595 5.0580 5.3164 0.0341
5.3595 5.0580 5.3164 0.0341
5.3595 5.0580 5.3165 0.0341
5.3595 5.0580 5.3165 0.0341
5.3595 5.0580 5.3165 0.0341
5.3595 5.0580 5.3165 0.0341
5.3595 5.0580 5.3169 0.0337
5.3595 5.0580 5.3169 0.0337
5.3595 5.0580 5.3169 0.0337
5.3595 5.0580 5.3169 0.0337
5.3595 5.0580 5.3169 0.0337
5.3595 5.0580 5.3169 0.0337
5.3595 5.0580 5.3170 0.0337
5.3595 5.0580 5.3180 0.0325
5.3595 5.0580 5.3180 0.0325
5.3595 5.0580 5.3180 0.0325
5.3595 5.0580 5.3181 0.0326
5.3595 5.0580 5.3181 0.0326
5.3595 5.0580 5.3182 0.0326
5.3595 5.0580 5.3182 0.0326
5.3595 5.0580 5.3185 0.0325
5.3595 5.0580 5.3186 0.0325
5.3595 5.0580 5.3188 0.0325
5.3595 5.0580 5.3188 0.0325
5.3595 5.0580 5.3189 0.0325
5.3595 5.0580 5.3189 0.0325
5.3595 5.0580 5.3189 0.0325
5.3595 5.0580 5.3189 0.0325
5.3595 5.0580 5.3189 0.0325
5.3595 5.0580 5.3189 0.0325
5.3595 5.0580 5.3189 0.0325
5.3595 5.0580 5.3190 0.0326
5.3595 5.0580 5.3190 0.0326
5.3595 5.0580 5.3190 0.0326
5.3595 5.0580 5.3194 0.0326
5.3595 5.0580 5.3196 0.0327
5.3595 5.0580 5.3196 0.0327
5.3595 5.0580 5.3197 0.0327
5.3595 5.0580 5.3198 0.0327
5.3595 5.0580 5.3198 0.0327
5.3595 5.0580 5.3200 0.0328
5.3595 5.0580 5.3200 0.0328
5.3595 5.0580 5.3200 0.0328
5.3595 5.0580 5.3200 0.0329
5.3595 5.0580 5.3200 0.0329
5.3595 5.0580 5.3200 0.0329
5.3595 5.1943 5.3224 0.0199
5.3595 5.1943 5.3226 0.0200
5.3595 5.1943 5.3228 0.0199
5.3595 5.1943 5.3229 0.0199
5.3595 5.1943 5.3233 0.0199
5.3595 5.1943 5.3234 0.0200
5.3595 5.1943 5.3234 0.0200
5.3595 5.1943 5.3234 0.0200
5.3595 5.1943 5.3234 0.0200
5.3595 5.1943 5.3235 0.0199
5.3595 5.1943 5.3236 0.0199
5.3595 5.1943 5.3239 0.0191
5.3595 5.1943 5.3239 0.0191
5.3621 5.1943 5.3243 0.0196
5.3621 5.1943 5.3243 0.0196
5.3621 5.1943 5.3243 0.0196
5.3621 5.1943 5.3244 0.0194
5.3621 5.1943 5.3244 0.0194
5.3621 5.1943 5.3244 0.0194
5.3621 5.1943 5.3244 0.0194
5.3621 5.1943 5.3244 0.0194
5.3621 5.1943 5.3245 0.0194
5.3621 5.1943 5.3245 0.0194
5.3621 5.1943 5.3245 0.0194
5.3621 5.1943 5.3249 0.0195
5.3621 5.1943 5.3252 0.0196
5.3621 5.1943 5.3252 0.0196
5.3621 5.1943 5.3252 0.0196
5.3621 5.1943 5.3253 0.0195
5.3621 5.1943 5.3253 0.0195
5.3621 5.1943 5.3253 0.0195
5.3621 5.1943 5.3254 0.0196
5.3621 5.1943 5.3254 0.0196
5.3621 5.1943 5.3254 0.0196
5.3621 5.1943 5.3254 0.0196
5.3621 5.1943 5.3254 0.0195
5.3621 5.1943 5.3254 0.0195
5.3621 5.1943 5.3254 0.0195
5.3621 5.1943 5.3254 0.0195
5.3621 5.1943 5.3254 0.0195
5.3621 5.1943 5.3256 0.0196
5.3621 5.1943 5.3256 0.0196
5.3621 5.1943 5.3256 0.0196
5.3621 5.1943 5.3256 0.0196
5.3621 5.1943 5.3256 0.0196
5.3621 5.1943 5.3256 0.0196
5.3621 5.1943 5.3258 0.0195
5.3621 5.1943 5.3258 0.0195
5.3621 5.1943 5.3259 0.0195
5.3621 5.1943 5.3259 0.0195
5.3621 5.1943 5.3259 0.0195
5.3621 5.1943 5.3259 0.0195
5.3621 5.1943 5.3259 0.0195
5.3621 5.1943 5.3259 0.0195
5.3621 5.1943 5.3261 0.0194
5.3621 5.1943 5.3261 0.0194
5.3621 5.1943 5.3261 0.0194
5.3621 5.1943 5.3261 0.0194
5.3621 5.1943 5.3261 0.0194
5.3621 5.1943 5.3266 0.0193
5.3621 5.1943 5.3268 0.0194
5.3621 5.1943 5.3268 0.0194
5.3621 5.1943 5.3268 0.0194
5.3621 5.1943 5.3268 0.0194
5.3621 5.1943 5.3268 0.0194
5.3621 5.1943 5.3270 0.0196
5.3621 5.1943 5.3270 0.0196
5.3621 5.1943 5.3270 0.0196
5.3621 5.1943 5.3270 0.0196
5.3621 5.1943 5.3272 0.0196
5.3621 5.1943 5.3272 0.0196
5.3621 5.1943 5.3272 0.0196
5.3621 5.1943 5.3272 0.0196
5.3621 5.1943 5.3276 0.0199
5.3621 5.1943 5.3280 0.0199
5.3621 5.1943 5.3280 0.0199
5.3621 5.1943 5.3280 0.0199
5.3724 5.1943 5.3288 0.0208
5.3724 5.1943 5.3291 0.0208
5.3724 5.1943 5.3291 0.0208
5.3724 5.1943 5.3291 0.0208
5.3724 5.1943 5.3291 0.0208
5.3724 5.1943 5.3291 0.0208
5.3724 5.1943 5.3292 0.0209
5.3724 5.1943 5.3292 0.0209
5.3724 5.1943 5.3297 0.0204
5.3724 5.1943 5.3300 0.0204
5.3724 5.1943 5.3303 0.0206
5.3724 5.1943 5.3305 0.0208
5.3724 5.1943 5.3305 0.0208
5.3724 5.1943 5.3305 0.0208
5.3724 5.1943 5.3305 0.0208
5.3724 5.1943 5.3308 0.0210
5.3724 5.1943 5.3308 0.0210
5.3724 5.1943 5.3308 0.0210
5.3724 5.1943 5.3310 0.0208
5.3724 5.1943 5.3312 0.0209
5.3724 5.1943 5.3312 0.0209
5.3724 5.1943 5.3312 0.0209
5.3724 5.1943 5.3316 0.0207
5.3724 5.1943 5.3316 0.0207
5.3724 5.1943 5.3319 0.0203
5.3724 5.1943 5.3321 0.0204
5.3724 5.1943 5.3321 0.0204
5.3724 5.1943 5.3321 0.0204
5.3724 5.1943 5.3321 0.0204
5.3724 5.1943 5.3321 0.0204
5.3724 5.1943 5.3321 0.0204
5.3724 5.1943 5.3321 0.0204
5.3724 5.1943 5.3324 0.0206
5.3724 5.1943 5.3328 0.0203
5.3724 5.1943 5.3328 0.0203
5.3724 5.1943 5.3328 0.0203
5.3724 5.1943 5.3328 0.0203
5.3724 5.1943 5.3331 0.0202
5.3724 5.1943 5.3332 0.0202
5.3724 5.1943 5.3332 0.0202
5.3724 5.1943 5.3334 0.0202
5.3724 5.1943 5.3334 0.0202
5.3724 5.1943 5.3334 0.0202
5.3724 5.1943 5.3334 0.0202
5.3724 5.1943 5.3334 0.0202
5.3724 5.1943 5.3338 0.0205
5.3724 5.1943 5.3339 0.0207
5.3724 5.1943 5.3339 0.0207
5.3724 5.1943 5.3339 0.0207
5.3724 5.1943 5.3339 0.0207
5.3724 5.1943 5.3343 0.0205
5.3724 5.1943 5.3343 0.0205
5.3724 5.1943 5.3344 0.0205
5.3724 5.1943 5.3344 0.0205
5.3724 5.1943 5.3345 0.0205
5.3724 5.1943 5.3347 0.0204
5.3724 5.1943 5.3347 0.0204
5.3724 5.1943 5.3347 0.0204
5.3724 5.1943 5.3347 0.0204
5.3724 5.1943 5.3347 0.0204
5.3724 5.2996 5.3361 0.0147
5.3724 5.2996 5.3364 0.0149
5.3724 5.2996 5.3364 0.0149
5.3724 5.2996 5.3365 0.0148
5.3724 5.2996 5.3365 0.0148
5.3724 5.2996 5.3365 0.0148
5.3724 5.2996 5.3367 0.0150
5.3724 5.2996 5.3367 0.0150
5.3724 5.2996 5.3368 0.0150
5.3724 5.2996 5.3369 0.0151
5.3724 5.2996 5.3372 0.0151
5.3724 5.2996 5.3372 0.0151
5.3724 5.2996 5.3372 0.0151
5.3724 5.2996 5.3375 0.0151
5.3724 5.2996 5.3375 0.0151
5.3724 5.2996 5.3375 0.0151
5.3724 5.2996 5.3376 0.0151
5.3724 5.2996 5.3379 0.0151
5.3724 5.2996 5.3379 0.0151
5.3724 5.2996 5.3380 0.0151
5.3724 5.3060 5.3383 0.0146
5.3724 5.3060 5.3383 0.0146
5.3724 5.3060 5.3383 0.0146
5.3724 5.3060 5.3383 0.0146
5.3724 5.3060 5.3383 0.0146
5.3724 5.3060 5.3385 0.0146
5.3724 5.3060 5.3385 0.0146
5.3724 5.3060 5.3385 0.0146
5.3724 5.3060 5.3390 0.0145
5.3724 5.3060 5.3391 0.0145
5.3724 5.3060 5.3391 0.0145
5.3724 5.3060 5.3391 0.0145
5.3724 5.3071 5.3395 0.0142
5.3724 5.3071 5.3396 0.0142
5.3724 5.3071 5.3396 0.0142
5.3724 5.3071 5.3396 0.0141
5.3724 5.3071 5.3396 0.0141
5.3724 5.3071 5.3397 0.0141
5.3724 5.3071 5.3401 0.0140
5.3724 5.3071 5.3401 0.0140
5.3724 5.3071 5.3405 0.0138
5.3724 5.3071 5.3405 0.0138
5.3724 5.3071 5.3405 0.0138
5.3724 5.3071 5.3405 0.0138
5.3724 5.3071 5.3406 0.0139
5.3724 5.3071 5.3406 0.0139
5.3724 5.3071 5.3406 0.0139
5.3724 5.3071 5.3406 0.0139
5.3724 5.3071 5.3406 0.0139
5.3724 5.3071 5.3406 0.0139
5.3724 5.3071 5.3406 0.0139
5.3724 5.3071 5.3407 0.0139
5.3724 5.3071 5.3407 0.0139
5.3724 5.3071 5.3407 0.0139
5.3724 5.3071 5.3407 0.0139
5.3724 5.3071 5.3408 0.0139
5.3724 5.3071 5.3408 0.0139
5.3724 5.3071 5.3408 0.0139
5.3724 5.3071 5.3408 0.0139
5.3724 5.3071 5.3410 0.0139
5.3724 5.3071 5.3411 0.0139
5.3724 5.3071 5.3411 0.0139
5.3724 5.3071 5.3412 0.0139
5.3724 5.3071 5.3413 0.0139
5.3724 5.3071 5.3413 0.0139
5.3724 5.3071 5.3413 0.0139
5.3724 5.3071 5.3413 0.0139
5.3724 5.3071 5.3413 0.0139
5.3724 5.3071 5.3414 0.0139
5.3724 5.3071 5.3414 0.0139
5.3724 5.3071 5.3414 0.0139
5.3724 5.3071 5.3414 0.0139
5.3724 5.3071 5.3414 0.0139
5.3724 5.3071 5.3414 0.0139
5.3724 5.3071 5.3415 0.0139
5.3724 5.3071 5.3416 0.0139
5.3724 5.3071 5.3416 0.0139
5.3724 5.3071 5.3416 0.0139
5.3724 5.3071 5.3417 0.0139
5.3724 5.3071 5.3417 0.0139
5.3724 5.3071 5.3417 0.0138
5.3724 5.3071 5.3417 0.0138
5.3724 5.3071 5.3417 0.0138
5.3724 5.3114 5.3420 0.0134
5.3724 5.3114 5.3420 0.0134
5.3724 5.3114 5.3420 0.0134
5.3724 5.3114 5.3420 0.0134
5.3724 5.3114 5.3420 0.0134
5.3724 5.3114 5.3420 0.0134
5.3724 5.3114 5.3421 0.0135
5.3724 5.3114 5.3421 0.0135
5.3724 5.3114 5.3422 0.0134
5.3724 5.3114 5.3422 0.0134
5.3724 5.3114 5.3423 0.0135
5.3724 5.3114 5.3423 0.0135
5.3724 5.3114 5.3424 0.0135
5.3724 5.3114 5.3424 0.0135
5.3724 5.3114 5.3424 0.0135
5.3724 5.3114 5.3425 0.0135
5.3724 5.3114 5.3429 0.0132
5.3724 5.3114 5.3430 0.0132
5.3724 5.3114 5.3430 0.0132
5.3724 5.3114 5.3431 0.0133
5.3724 5.3114 5.3434 0.0134
5.3724 5.3114 5.3434 0.0134
5.3724 5.3114 5.3436 0.0134
5.3724 5.3114 5.3437 0.0135
5.3724 5.3114 5.3437 0.0134
5.3724 5.3114 5.3437 0.0134
5.3724 5.3114 5.3437 0.0134
5.3724 5.3114 5.3437 0.0134
5.3724 5.3114 5.3437 0.0134
5.3724 5.3114 5.3437 0.0134
5.3724 5.3114 5.3437 0.0134
5.3724 5.3114 5.3437 0.0134
5.3724 5.3114 5.3438 0.0136
5.3724 5.3114 5.3439 0.0136
5.3724 5.3114 5.3440 0.0137
5.3724 5.3114 5.3440 0.0137
5.3724 5.3114 5.3440 0.0137
5.3724 5.3114 5.3441 0.0137
5.3724 5.3114 5.3441 0.0137
5.3724 5.3114 5.3441 0.0137
5.3724 5.3114 5.3443 0.0135
5.3724 5.3114 5.3443 0.0135
5.3724 5.3114 5.3444 0.0135
5.3724 5.3114 5.3445 0.0135
5.3724 5.3114 5.3445 0.0135
5.3724 5.3114 5.3447 0.0134
5.3724 5.3114 5.3447 0.0134
5.3724 5.3114 5.3447 0.0134
5.3724 5.3114 5.3447 0.0134
5.3724 5.3114 5.3450 0.0135
5.3724 5.3114 5.3450 0.0135
5.3724 5.3114 5.3450 0.0135
5.3724 5.3114 5.3450 0.0135
5.3724 5.3114 5.3454 0.0137
5.3724 5.3114 5.3454 0.0138
5.3724 5.3114 5.3454 0.0138
5.3724 5.3114 5.3456 0.0139
5.3724 5.3114 5.3456 0.0139
5.3724 5.3114 5.3456 0.0139
5.3724 5.3114 5.3456 0.0139
5.3724 5.3114 5.3456 0.0139
5.3724 5.3114 5.3456 0.0139
5.3724 5.3114 5.3456 0.0139
5.3724 5.3114 5.3456 0.0139
5.3724 5.3114 5.3456 0.0139
5.3724 5.3114 5.3456 0.0139
5.3724 5.3114 5.3456 0.0139
5.3752 5.3114 5.3459 0.0142
5.3752 5.3114 5.3459 0.0142
5.3752 5.3114 5.3459 0.0142
5.3752 5.3114 5.3459 0.0142
5.3752 5.3114 5.3461 0.0141
5.3752 5.3114 5.3463 0.0140
5.3752 5.3114 5.3463 0.0140
5.3752 5.3114 5.3463 0.0140
5.3752 5.3114 5.3463 0.0141
5.3752 5.3114 5.3463 0.0141
5.3752 5.3114 5.3463 0.0142
5.3752 5.3114 5.3463 0.0142
5.3752 5.3114 5.3465 0.0140
5.3752 5.3114 5.3465 0.0140
5.3752 5.3114 5.3465 0.0140
5.3752 5.3114 5.3465 0.0140
5.3752 5.3114 5.3467 0.0139
5.3752 5.3114 5.3468 0.0139
5.3752 5.3114 5.3468 0.0139
5.3752 5.3114 5.3470 0.0139
5.3752 5.3114 5.3471 0.0139
5.3752 5.3114 5.3471 0.0139
5.3752 5.3114 5.3471 0.0139
5.3752 5.3114 5.3471 0.0139
5.3752 5.3114 5.3471 0.0139
5.3752 5.3114 5.3471 0.0139
5.3752 5.3114 5.3471 0.0139
5.3752 5.3114 5.3471 0.0139
5.3752 5.3114 5.3471 0.0139
5.3752 5.3114 5.3471 0.0139
5.3752 5.3114 5.3473 0.0138
5.3752 5.3114 5.3475 0.0135
5.3752 5.3114 5.3475 0.0135
5.3752 5.3114 5.3475 0.0135
5.3752 5.3114 5.3475 0.0135
5.3752 5.3114 5.3475 0.0135
5.3752 5.3114 5.3475 0.0135
5.3752 5.3114 5.3475 0.0135
5.3752 5.3114 5.3475 0.0135
5.3752 5.3114 5.3475 0.0135
5.3752 5.3114 5.3477 0.0134
5.3752 5.3114 5.3477 0.0134
5.3752 5.3114 5.3480 0.0133
5.3752 5.3114 5.3480 0.0133
5.3752 5.3114 5.3481 0.0134
5.3752 5.3114 5.3481 0.0134
5.3752 5.3114 5.3481 0.0134
5.3752 5.3114 5.3481 0.0134
5.3752 5.3114 5.3481 0.0134
5.3752 5.3114 5.3481 0.0134
5.3752 5.3114 5.3481 0.0134
5.3752 5.3114 5.3482 0.0134
5.3752 5.3114 5.3482 0.0134
5.3752 5.3114 5.3482 0.0134
5.3752 5.3114 5.3484 0.0135
5.3752 5.3114 5.3484 0.0135
5.3752 5.3114 5.3484 0.0135
5.3752 5.3114 5.3484 0.0135
5.3752 5.3114 5.3484 0.0135
5.3752 5.3114 5.3484 0.0135
5.3752 5.3114 5.3486 0.0134
5.3752 5.3114 5.3487 0.0135
5.3752 5.3114 5.3489 0.0136
5.3752 5.3114 5.3489 0.0136
5.3752 5.3114 5.3489 0.0136
5.3752 5.3114 5.3489 0.0136
5.3752 5.3114 5.3489 0.0137
5.3752 5.3114 5.3489 0.0137
5.3752 5.3114 5.3489 0.0137
5.3752 5.3114 5.3489 0.0137
5.3752 5.3114 5.3489 0.0137
5.3752 5.3114 5.3489 0.0137
5.3752 5.3114 5.3489 0.0137
5.3752 5.3114 5.3489 0.0137
5.3752 5.3114 5.3489 0.0136
5.3752 5.3114 5.3489 0.0136
5.3752 5.3114 5.3491 0.0137
5.3752 5.3114 5.3493 0.0136
5.3752 5.3114 5.3493 0.0136
5.3752 5.3114 5.3493 0.0136
5.3752 5.3114 5.3493 0.0136
5.3752 5.3114 5.3499 0.0138
5.3752 5.3114 5.3499 0.0138
5.3801 5.3114 5.3501 0.0141
5.3801 5.3114 5.3501 0.0141
5.3801 5.3114 5.3504 0.0142
5.3801 5.3114 5.3504 0.0142
5.3801 5.3114 5.3505 0.0141
5.3801 5.3114 5.3505 0.0141
5.3801 5.3114 5.3505 0.0141
5.3801 5.3114 5.3505 0.0141
5.3801 5.3114 5.3506 0.0141
5.3801 5.3114 5.3506 0.0140
5.3801 5.3114 5.3509 0.0140
5.3801 5.3114 5.3509 0.0140
5.3801 5.3114 5.3509 0.0140
5.3801 5.3114 5.3510 0.0140
5.3801 5.3114 5.3510 0.0140
5.3801 5.3114 5.3510 0.0140
5.3801 5.3138 5.3514 0.0134
5.3801 5.3138 5.3514 0.0134
5.3836 5.3138 5.3515 0.0136
5.3836 5.3138 5.3517 0.0136
5.3836 5.3138 5.3519 0.0138
5.3836 5.3138 5.3519 0.0138
5.3836 5.3138 5.3519 0.0138
5.3836 5.3138 5.3519 0.0138
5.3836 5.3138 5.3520 0.0137
5.3836 5.3138 5.3520 0.0137
5.3836 5.3138 5.3520 0.0137
5.3836 5.3138 5.3520 0.0137
5.3836 5.3138 5.3520 0.0138
5.3836 5.3138 5.3520 0.0138
5.3836 5.3138 5.3523 0.0140
5.3836 5.3138 5.3523 0.0140
5.3836 5.3138 5.3525 0.0139
5.3836 5.3138 5.3525 0.0139
5.3836 5.3138 5.3527 0.0140
5.3836 5.3138 5.3528 0.0140
5.3836 5.3138 5.3528 0.0140
5.3836 5.3138 5.3528 0.0140
5.3836 5.3138 5.3528 0.0140
5.3836 5.3138 5.3532 0.0140
5.3836 5.3138 5.3534 0.0137
5.3836 5.3138 5.3535 0.0137
5.3836 5.3138 5.3535 0.0137
5.3836 5.3138 5.3535 0.0137
5.3836 5.3138 5.3535 0.0137
5.3836 5.3138 5.3537 0.0136
5.3836 5.3138 5.3537 0.0137
5.3836 5.3138 5.3539 0.0137
5.3836 5.3138 5.3539 0.0137
5.3836 5.3138 5.3539 0.0137
5.3836 5.3138 5.3539 0.0137
5.3836 5.3138 5.3539 0.0136
5.3836 5.3138 5.3540 0.0137
5.3836 5.3138 5.3540 0.0137
5.3836 5.3138 5.3540 0.0137
5.3836 5.3138 5.3540 0.0137
5.3836 5.3138 5.3540 0.0137
5.3836 5.3138 5.3540 0.0137
5.3836 5.3138 5.3540 0.0137
5.3836 5.3138 5.3540 0.0137
5.3836 5.3138 5.3540 0.0137
5.3836 5.3138 5.3540 0.0137
5.3854 5.3138 5.3546 0.0143
5.3854 5.3138 5.3548 0.0141
5.3854 5.3138 5.3548 0.0141
5.3854 5.3138 5.3548 0.0141
5.3854 5.3138 5.3548 0.0141
5.3854 5.3138 5.3548 0.0141
5.3854 5.3138 5.3548 0.0141
5.3854 5.3138 5.3550 0.0142
5.3854 5.3138 5.3551 0.0142
5.3854 5.3138 5.3551 0.0142
5.3854 5.3138 5.3551 0.0142
5.3854 5.3138 5.3553 0.0141
5.3854 5.3138 5.3553 0.0141
5.3854 5.3138 5.3556 0.0144
5.3854 5.3138 5.3556 0.0144
5.3854 5.3138 5.3558 0.0143
5.3854 5.3138 5.3559 0.0143
5.3854 5.3138 5.3560 0.0142
5.3854 5.3138 5.3560 0.0142
5.3854 5.3138 5.3560 0.0142
5.3854 5.3138 5.3560 0.0142
5.3854 5.3138 5.3560 0.0142
5.3854 5.3138 5.3561 0.0143
5.3854 5.3138 5.3561 0.0143
5.3854 5.3138 5.3563 0.0139
5.3854 5.3138 5.3564 0.0138
5.3854 5.3138 5.3564 0.0138
5.3854 5.3138 5.3564 0.0138
5.3854 5.3138 5.3564 0.0138
5.3854 5.3138 5.3564 0.0138
5.3854 5.3138 5.3564 0.0138
5.3854 5.3138 5.3565 0.0137
5.3854 5.3138 5.3565 0.0137
5.3854 5.3138 5.3565 0.0137
5.3854 5.3138 5.3569 0.0136
5.3854 5.3138 5.3570 0.0136
5.3854 5.3138 5.3570 0.0136
5.3854 5.3138 5.3570 0.0136
5.3854 5.3138 5.3570 0.0136
5.3854 5.3138 5.3571 0.0137
5.3854 5.3138 5.3571 0.0137
5.3854 5.3138 5.3571 0.0137
5.3854 5.3138 5.3571 0.0137
5.3854 5.3138 5.3571 0.0137
5.3854 5.3138 5.3571 0.0137
5.3854 5.3138 5.3575 0.0133
5.3854 5.3138 5.3576 0.0135
5.3854 5.3138 5.3576 0.0135
5.3854 5.3138 5.3576 0.0135
5.3854 5.3138 5.3576 0.0135
5.3854 5.3138 5.3578 0.0137
5.3854 5.3138 5.3578 0.0137
5.3854 5.3138 5.3578 0.0137
5.3854 5.3138 5.3579 0.0137
5.3854 5.3138 5.3579 0.0137
5.3854 5.3138 5.3579 0.0137
5.3854 5.3138 5.3579 0.0137
5.3854 5.3138 5.3580 0.0137
5.3854 5.3138 5.3580 0.0137
5.3854 5.3138 5.3580 0.0137
5.3854 5.3138 5.3580 0.0137
5.3854 5.3138 5.3580 0.0137
5.3854 5.3138 5.3580 0.0137
5.3854 5.3138 5.3581 0.0137
5.3854 5.3138 5.3582 0.0136
5.3854 5.3138 5.3582 0.0136
5.3854 5.3138 5.3582 0.0136
5.3854 5.3138 5.3582 0.0136
5.3854 5.3138 5.3582 0.0136
5.3854 5.3138 5.3582 0.0136
5.3854 5.3138 5.3582 0.0136
5.3854 5.3138 5.3585 0.0138
5.3854 5.3138 5.3587 0.0136
5.3854 5.3138 5.3587 0.0136
5.3854 5.3138 5.3588 0.0136
5.3854 5.3138 5.3588 0.0136
5.3854 5.3138 5.3588 0.0136
5.3854 5.3138 5.3589 0.0135
5.3854 5.3138 5.3589 0.0135
5.3854 5.3138 5.3589 0.0135
5.3854 5.3138 5.3589 0.0135
5.3854 5.3138 5.3589 0.0135
5.3854 5.3138 5.3589 0.0135
5.3854 5.3138 5.3589 0.0135
5.3854 5.3138 5.3589 0.0135
5.3854 5.3138 5.3589 0.0135
5.3854 5.3138 5.3591 0.0133
5.3854 5.3138 5.3591 0.0133
5.3854 5.3138 5.3591 0.0133
5.3854 5.3138 5.3591 0.0133
5.3854 5.3138 5.3591 0.0133
5.3854 5.3138 5.3591 0.0133
5.3854 5.3138 5.3591 0.0133
5.3854 5.3138 5.3594 0.0135
5.3854 5.3138 5.3594 0.0135
5.3854 5.3138 5.3594 0.0135
5.3854 5.3138 5.3594 0.0135
5.3854 5.3138 5.3594 0.0135
5.3854 5.3138 5.3596 0.0137
5.3858 5.3138 5.3596 0.0137
5.3858 5.3138 5.3596 0.0137
5.3858 5.3138 5.3596 0.0137
5.3858 5.3138 5.3596 0.0137
5.3858 5.3138 5.3596 0.0137
5.3858 5.3138 5.3596 0.0137
5.3858 5.3138 5.3596 0.0137
5.3858 5.3138 5.3596 0.0137
5.3858 5.3138 5.3596 0.0137
5.3858 5.3138 5.3598 0.0137
5.3858 5.3138 5.3598 0.0137
5.3858 5.3138 5.3598 0.0137
5.3858 5.3138 5.3598 0.0137
5.3858 5.3138 5.3598 0.0137
5.3858 5.3138 5.3598 0.0137
5.3858 5.3138 5.3598 0.0137
5.3858 5.3138 5.3601 0.0138
5.3858 5.3138 5.3601 0.0138
5.3858 5.3138 5.3601 0.0138
5.3858 5.3138 5.3602 0.0137
5.3858 5.3138 5.3602 0.0137
5.3858 5.3138 5.3602 0.0137
5.3858 5.3138 5.3602 0.0137
5.3858 5.3138 5.3604 0.0136
5.3858 5.3138 5.3606 0.0138
5.3858 5.3138 5.3606 0.0138
5.3858 5.3138 5.3606 0.0138
5.3858 5.3138 5.3606 0.0138
5.3858 5.3138 5.3606 0.0138
5.3858 5.3138 5.3606 0.0138
5.3858 5.3138 5.3608 0.0138
5.3858 5.3138 5.3608 0.0137
5.3858 5.3138 5.3608 0.0137
5.3858 5.3138 5.3608 0.0137
5.3858 5.3138 5.3610 0.0138
5.3858 5.3138 5.3610 0.0138
5.3858 5.3138 5.3610 0.0138
5.3858 5.3138 5.3610 0.0138
5.3858 5.3138 5.3610 0.0138
5.3858 5.3138 5.3610 0.0138
5.3858 5.3138 5.3610 0.0138
5.3858 5.3138 5.3611 0.0139
5.3858 5.3138 5.3612 0.0139
5.3858 5.3138 5.3612 0.0139
5.3858 5.3138 5.3612 0.0139
5.3858 5.3138 5.3612 0.0139
5.3858 5.3138 5.3613 0.0139
5.3858 5.3138 5.3613 0.0139
5.3858 5.3138 5.3613 0.0139
5.3858 5.3138 5.3613 0.0139
5.3858 5.3138 5.3613 0.0139
5.3858 5.3138 5.3613 0.0139
5.3858 5.3138 5.3616 0.0141
5.3858 5.3138 5.3617 0.0140
5.3858 5.3138 5.3618 0.0139
5.3858 5.3138 5.3618 0.0139
5.3858 5.3138 5.3618 0.0139
5.3858 5.3138 5.3618 0.0139
5.3858 5.3138 5.3619 0.0136
5.3858 5.3282 5.3623 0.0128
5.3858 5.3282 5.3623 0.0128
5.3858 5.3282 5.3623 0.0128
5.3858 5.3282 5.3624 0.0128
5.3858 5.3282 5.3626 0.0130
5.3858 5.3282 5.3626 0.0130
5.3858 5.3282 5.3626 0.0130
5.3858 5.3282 5.3626 0.0130
5.3858 5.3282 5.3626 0.0130
5.3858 5.3282 5.3626 0.0130
5.3858 5.3282 5.3626 0.0130
5.3858 5.3282 5.3628 0.0130
5.3858 5.3282 5.3630 0.0127
5.3858 5.3282 5.3632 0.0126
5.3858 5.3282 5.3633 0.0126
5.3858 5.3282 5.3636 0.0128
5.3858 5.3282 5.3636 0.0128
5.3858 5.3282 5.3636 0.0128
5.3858 5.3282 5.3636 0.0128
5.3858 5.3282 5.3636 0.0128
5.3858 5.3282 5.3637 0.0128
5.3858 5.3282 5.3637 0.0128
5.3858 5.3282 5.3640 0.0129
5.3858 5.3282 5.3640 0.0129
5.3858 5.3282 5.3640 0.0129
5.3858 5.3282 5.3640 0.0129
5.3858 5.3282 5.3640 0.0129
5.3858 5.3282 5.3641 0.0129
5.3858 5.3282 5.3641 0.0129
5.3858 5.3282 5.3641 0.0129
5.3858 5.3282 5.3641 0.0128
5.3858 5.3282 5.3642 0.0127
5.3858 5.3282 5.3644 0.0126
5.3858 5.3282 5.3644 0.0126
5.3858 5.3282 5.3644 0.0126
5.3858 5.3282 5.3644 0.0126
5.3858 5.3282 5.3645 0.0127
5.3858 5.3282 5.3645 0.0127
5.3858 5.3282 5.3645 0.0127
5.3858 5.3282 5.3645 0.0127
5.3858 5.3282 5.3645 0.0127
5.3858 5.3282 5.3645 0.0127
5.3858 5.3282 5.3645 0.0127
5.3858 5.3282 5.3645 0.0127
5.3858 5.3282 5.3645 0.0127
5.3858 5.3282 5.3645 0.0127
5.3858 5.3282 5.3646 0.0127
5.3858 5.3282 5.3646 0.0127
5.3858 5.3282 5.3646 0.0127
5.3858 5.3282 5.3646 0.0127
5.3858 5.3282 5.3646 0.0127
5.3858 5.3282 5.3646 0.0127
5.4110 5.3282 5.3650 0.0134
5.4110 5.3282 5.3650 0.0134
5.4110 5.3282 5.3650 0.0134
5.4110 5.3282 5.3650 0.0134
5.4110 5.3282 5.3650 0.0134
5.4110 5.3282 5.3650 0.0134
5.4110 5.3282 5.3652 0.0136
5.4110 5.3282 5.3654 0.0137
5.4110 5.3282 5.3654 0.0137
5.4110 5.3282 5.3654 0.0137
5.4110 5.3282 5.3654 0.0137
5.4110 5.3282 5.3654 0.0137
5.4110 5.3282 5.3654 0.0136
5.4110 5.3282 5.3654 0.0136
5.4110 5.3282 5.3654 0.0136
5.4110 5.3282 5.3655 0.0137
5.4110 5.3282 5.3655 0.0137
5.4110 5.3282 5.3655 0.0137
5.4110 5.3282 5.3655 0.0137
5.4110 5.3282 5.3655 0.0137
5.4110 5.3282 5.3659 0.0144
5.4110 5.3282 5.3659 0.0144
5.4110 5.3282 5.3659 0.0144
5.4110 5.3282 5.3659 0.0144
5.4110 5.3282 5.3659 0.0144
5.4110 5.3282 5.3659 0.0144
5.4110 5.3282 5.3659 0.0144
5.4110 5.3282 5.3659 0.0144
5.4110 5.3282 5.3659 0.0144
5.4110 5.3282 5.3659 0.0144
5.4110 5.3282 5.3659 0.0144
5.4110 5.3282 5.3659 0.0144
5.4110 5.3282 5.3659 0.0144
5.4110 5.3282 5.3659 0.0144
5.4110 5.3282 5.3659 0.0144
5.4110 5.3282 5.3659 0.0144
5.4110 5.3282 5.3659 0.0144
5.4110 5.3282 5.3659 0.0144
5.4110 5.3282 5.3660 0.0144
5.4110 5.3282 5.3662 0.0144
5.4110 5.3282 5.3662 0.0144
5.4110 5.3282 5.3663 0.0145
5.4110 5.3282 5.3663 0.0145
5.4110 5.3282 5.3664 0.0142
5.4110 5.3282 5.3664 0.0142
5.4110 5.3282 5.3664 0.0142
5.4110 5.3282 5.3664 0.0142
5.4110 5.3282 5.3665 0.0143
5.4110 5.3282 5.3667 0.0144
5.4110 5.3282 5.3667 0.0144
5.4110 5.3282 5.3670 0.0145
5.4110 5.3282 5.3670 0.0145
5.4110 5.3282 5.3670 0.0145
5.4110 5.3282 5.3672 0.0145
5.4110 5.3282 5.3674 0.0145
5.4110 5.3282 5.3676 0.0145
5.4110 5.3282 5.3676 0.0145
5.4110 5.3282 5.3676 0.0145
5.4110 5.3282 5.3677 0.0144
5.4110 5.3282 5.3677 0.0144
5.4110 5.3282 5.3679 0.0147
5.4110 5.3282 5.3679 0.0147
5.4110 5.3282 5.3679 0.0147
5.4110 5.3282 5.3679 0.0147
5.4110 5.3282 5.3680 0.0146
5.4110 5.3282 5.3680 0.0146
5.4110 5.3282 5.3680 0.0146
5.4110 5.3282 5.3680 0.0146
5.4110 5.3282 5.3680 0.0146
5.4110 5.3282 5.3684 0.0152
5.4110 5.3282 5.3684 0.0152
5.4110 5.3282 5.3684 0.0152
5.4110 5.3282 5.3686 0.0152
5.4110 5.3282 5.3686 0.0152
5.4110 5.3282 5.3686 0.0152
5.4110 5.3282 5.3688 0.0153
5.4110 5.3282 5.3688 0.0153
5.4110 5.3282 5.3690 0.0151
5.4110 5.3282 5.3690 0.0151
5.4110 5.3282 5.3690 0.0151
5.4110 5.3282 5.3690 0.0151
5.4110 5.3282 5.3690 0.0151
5.4110 5.3282 5.3692 0.0151
5.4110 5.3282 5.3692 0.0151
5.4110 5.3282 5.3693 0.0151
5.4110 5.3282 5.3693 0.0151
5.4110 5.3282 5.3693 0.0151
5.4110 5.3282 5.3697 0.0151
5.4110 5.3282 5.3697 0.0151
5.4110 5.3282 5.3697 0.0151
5.4110 5.3282 5.3697 0.0152
5.4110 5.3282 5.3697 0.0152
5.4110 5.3282 5.3697 0.0152
5.4110 5.3282 5.3698 0.0152
5.4110 5.3282 5.3701 0.0152
5.4110 5.3282 5.3701 0.0152
5.4110 5.3282 5.3701 0.0152
5.4110 5.3282 5.3701 0.0152
5.4110 5.3282 5.3702 0.0151
5.4110 5.3282 5.3702 0.0151
5.4110 5.3282 5.3702 0.0151
5.4110 5.3282 5.3703 0.0152
5.4110 5.3282 5.3703 0.0152
5.4110 5.3282 5.3703 0.0152
5.4110 5.3282 5.3703 0.0152
5.4110 5.3282 5.3703 0.0152
5.4110 5.3282 5.3703 0.0152
5.4110 5.3282 5.3703 0.0152
5.4110 5.3282 5.3703 0.0152
5.4110 5.3319 5.3708 0.0146
5.4110 5.3319 5.3712 0.0152
5.4110 5.3319 5.3712 0.0152
5.4110 5.3319 5.3712 0.0151
5.4110 5.3319 5.3712 0.0151
5.4110 5.3319 5.3714 0.0151
5.4110 5.3319 5.3716 0.0150
5.4110 5.3319 5.3717 0.0150
5.4110 5.3319 5.3717 0.0150
5.4110 5.3319 5.3717 0.0150
5.4110 5.3319 5.3717 0.0151
5.4110 5.3319 5.3718 0.0150
5.4110 5.3319 5.3718 0.0150
5.4110 5.3319 5.3718 0.0150
5.4110 5.3319 5.3718 0.0150
5.4110 5.3319 5.3718 0.0150
5.4110 5.3319 5.3718 0.0150
5.4110 5.3319 5.3718 0.0150
5.4110 5.3319 5.3718 0.0150
5.4110 5.3319 5.3718 0.0150
5.4110 5.3319 5.3719 0.0149
5.4110 5.3319 5.3723 0.0145
5.4110 5.3319 5.3723 0.0145
5.4110 5.3319 5.3723 0.0145
5.4110 5.3319 5.3725 0.0145
5.4110 5.3319 5.3726 0.0145
5.4110 5.3319 5.3726 0.0145
5.4110 5.3319 5.3726 0.0145
5.4110 5.3319 5.3726 0.0145
5.4110 5.3319 5.3727 0.0146
5.4110 5.3319 5.3727 0.0146
5.4110 5.3319 5.3728 0.0147
5.4110 5.3319 5.3728 0.0147
5.4110 5.3319 5.3729 0.0147
5.4110 5.3319 5.3729 0.0147
5.4110 5.3319 5.3729 0.0147
5.4110 5.3319 5.3729 0.0148
5.4110 5.3319 5.3729 0.0147
5.4110 5.3319 5.3729 0.0147
5.4110 5.3319 5.3729 0.0147
5.4110 5.3319 5.3729 0.0147
5.4110 5.3319 5.3731 0.0150
5.4110 5.3319 5.3732 0.0151
5.4110 5.3319 5.3732 0.0151
5.4110 5.3319 5.3732 0.0151
5.4110 5.3319 5.3732 0.0151
5.4110 5.3319 5.3732 0.0151
5.4110 5.3319 5.3732 0.0151
5.4110 5.3319 5.3732 0.0151
5.4110 5.3319 5.3732 0.0151
5.4110 5.3319 5.3736 0.0154
5.4110 5.3319 5.3739 0.0153
5.4110 5.3319 5.3739 0.0153
5.4110 5.3319 5.3741 0.0152
5.4110 5.3319 5.3744 0.0156
5.4110 5.3319 5.3747 0.0154
5.4110 5.3319 5.3747 0.0154
5.4110 5.3319 5.3747 0.0154
5.4110 5.3319 5.3747 0.0154
5.4110 5.3319 5.3752 0.0157
5.4110 5.3319 5.3753 0.0157
5.4110 5.3319 5.3755 0.0157
5.4110 5.3319 5.3755 0.0157
5.4110 5.3319 5.3755 0.0157
5.4110 5.3319 5.3755 0.0157
5.4110 5.3319 5.3755 0.0157
5.4110 5.3319 5.3755 0.0157
5.4110 5.3319 5.3756 0.0157
5.4110 5.3319 5.3756 0.0157
5.4110 5.3319 5.3756 0.0157
5.4110 5.3319 5.3757 0.0157
5.4110 5.3319 5.3757 0.0157
5.4188 5.3319 5.3758 0.0159
5.4188 5.3319 5.3758 0.0159
5.4188 5.3319 5.3759 0.0159
5.4188 5.3319 5.3759 0.0159
5.4188 5.3319 5.3759 0.0159
5.4188 5.3319 5.3759 0.0159
5.4188 5.3319 5.3759 0.0159
5.4188 5.3319 5.3759 0.0159
5.4188 5.3319 5.3762 0.0163
5.4188 5.3319 5.3765 0.0167
5.4188 5.3319 5.3767 0.0165
5.4188 5.3319 5.3767 0.0165
5.4188 5.3319 5.3767 0.0165
5.4188 5.3319 5.3767 0.0165
5.4188 5.3319 5.3767 0.0165
5.4188 5.3319 5.3767 0.0165
5.4188 5.3319 5.3767 0.0165
5.4188 5.3319 5.3767 0.0165
5.4188 5.3319 5.3771 0.0169
5.4188 5.3319 5.3773 0.0168
5.4188 5.3319 5.3773 0.0168
5.4188 5.3319 5.3773 0.0168
5.4188 5.3319 5.3774 0.0168
5.4188 5.3319 5.3777 0.0171
5.4188 5.3319 5.3780 0.0169
5.4188 5.3319 5.3780 0.0169
5.4188 5.3319 5.3783 0.0172
5.4188 5.3319 5.3783 0.0172
5.4188 5.3319 5.3783 0.0172
5.4188 5.3319 5.3783 0.0172
5.4188 5.3319 5.3783 0.0172
5.4188 5.3319 5.3786 0.0174
5.4188 5.3319 5.3786 0.0174
5.4188 5.3319 5.3786 0.0174
5.4188 5.3319 5.3786 0.0174
5.4188 5.3319 5.3786 0.0174
5.4188 5.3319 5.3786 0.0174
5.4188 5.3319 5.3786 0.0174
5.4188 5.3319 5.3789 0.0176
5.4188 5.3319 5.3790 0.0174
5.4188 5.3319 5.3791 0.0173
5.4188 5.3319 5.3791 0.0173
5.4188 5.3319 5.3791 0.0173
5.4188 5.3319 5.3795 0.0176
5.4188 5.3319 5.3795 0.0176
5.4188 5.3319 5.3795 0.0176
5.4188 5.3319 5.3796 0.0175
5.4188 5.3319 5.3796 0.0175
5.4188 5.3319 5.3796 0.0175
5.4188 5.3319 5.3796 0.0175
5.4188 5.3319 5.3798 0.0177
5.4188 5.3319 5.3799 0.0176
5.4188 5.3319 5.3799 0.0176
5.4188 5.3319 5.3799 0.0176
5.4188 5.3319 5.3802 0.0178
5.4188 5.3319 5.3802 0.0178
5.4188 5.3319 5.3802 0.0178
5.4188 5.3319 5.3802 0.0178
5.4188 5.3319 5.3802 0.0178
5.4188 5.3319 5.3802 0.0178
5.4188 5.3319 5.3803 0.0178
5.4188 5.3319 5.3807 0.0181
5.4188 5.3319 5.3808 0.0180
5.4188 5.3319 5.3808 0.0180
5.4188 5.3319 5.3808 0.0180
5.4188 5.3319 5.3808 0.0180
5.4188 5.3319 5.3808 0.0180
5.4188 5.3319 5.3813 0.0182
5.4188 5.3319 5.3813 0.0182
5.4188 5.3319 5.3813 0.0182
5.4188 5.3319 5.3813 0.0182
5.4188 5.3319 5.3813 0.0182
5.4188 5.3319 5.3815 0.0181
5.4188 5.3319 5.3815 0.0180
5.4188 5.3319 5.3816 0.0180
5.4188 5.3319 5.3816 0.0180
5.4188 5.3319 5.3816 0.0180
5.4188 5.3319 5.3820 0.0177
5.4188 5.3319 5.3820 0.0177
5.4188 5.3319 5.3821 0.0176
5.4188 5.3319 5.3821 0.0176
5.4188 5.3319 5.3825 0.0179
5.4188 5.3319 5.3825 0.0179
5.4188 5.3319 5.3829 0.0180
5.4188 5.3319 5.3829 0.0180
5.4188 5.3319 5.3833 0.0180
5.4188 5.3319 5.3833 0.0180
5.4188 5.3319 5.3833 0.0180
5.4188 5.3319 5.3834 0.0180
5.4188 5.3319 5.3834 0.0180
5.4188 5.3319 5.3834 0.0180
5.4188 5.3319 5.3834 0.0180
5.4188 5.3319 5.3834 0.0180
5.4188 5.3319 5.3834 0.0180
5.4188 5.3319 5.3834 0.0180
5.4188 5.3319 5.3834 0.0180
5.4188 5.3319 5.3834 0.0180
5.4188 5.3319 5.3836 0.0182
5.4188 5.3319 5.3836 0.0182
5.4188 5.3319 5.3836 0.0182
5.4188 5.3319 5.3838 0.0181
5.4188 5.3319 5.3838 0.0181
5.4188 5.3319 5.3839 0.0181
5.4188 5.3319 5.3842 0.0179
5.4270 5.3319 5.3844 0.0182
5.4270 5.3319 5.3844 0.0182
5.4270 5.3319 5.3850 0.0184
5.4270 5.3319 5.3850 0.0184
5.4270 5.3319 5.3850 0.0185
5.4270 5.3319 5.3853 0.0186
5.4270 5.3319 5.3853 0.0186
5.4270 5.3319 5.3855 0.0187
5.4270 5.3319 5.3855 0.0187
5.4270 5.3319 5.3855 0.0187
5.4270 5.3319 5.3856 0.0187
5.4270 5.3319 5.3858 0.0189
5.4270 5.3319 5.3859 0.0188
5.4270 5.3319 5.3859 0.0188
5.4270 5.3319 5.3859 0.0188
5.4270 5.3319 5.3859 0.0187
5.4270 5.3319 5.3859 0.0187
5.4270 5.3319 5.3862 0.0189
5.4270 5.3319 5.3862 0.0189
5.4270 5.3319 5.3862 0.0189
5.4270 5.3319 5.3862 0.0189
5.4270 5.3319 5.3867 0.0192
5.4270 5.3319 5.3867 0.0192
5.4270 5.3319 5.3867 0.0192
5.4270 5.3319 5.3869 0.0194
5.4270 5.3319 5.3869 0.0194
5.4270 5.3319 5.3870 0.0194
5.4270 5.3319 5.3872 0.0195
5.4270 5.3319 5.3872 0.0195
5.4270 5.3319 5.3872 0.0195
5.4270 5.3319 5.3872 0.0195
5.4270 5.3319 5.3872 0.0195
5.4270 5.3319 5.3873 0.0195
5.4270 5.3319 5.3879 0.0196
5.4270 5.3319 5.3881 0.0197
5.4270 5.3319 5.3883 0.0195
5.4270 5.3319 5.3883 0.0195
5.4270 5.3319 5.3887 0.0194
5.4270 5.3319 5.3887 0.0194
5.4270 5.3319 5.3888 0.0195
5.4270 5.3319 5.3888 0.0195
5.4270 5.3319 5.3888 0.0195
5.4270 5.3319 5.3891 0.0193
5.4270 5.3319 5.3891 0.0193
5.4270 5.3319 5.3891 0.0193
5.4270 5.3319 5.3891 0.0193
5.4270 5.3319 5.3892 0.0191
5.4270 5.3319 5.3892 0.0191
5.4270 5.3319 5.3892 0.0191
5.4270 5.3319 5.3893 0.0190
5.4270 5.3319 5.3893 0.0190
5.4270 5.3319 5.3895 0.0190
5.4270 5.3319 5.3895 0.0190
5.4270 5.3319 5.3895 0.0190
5.4270 5.3319 5.3895 0.0190
5.4270 5.3319 5.3895 0.0190
5.4270 5.3319 5.3895 0.0190
5.4270 5.3319 5.3895 0.0190
5.4270 5.3319 5.3897 0.0193
5.4270 5.3319 5.3897 0.0193
5.4270 5.3531 5.3903 0.0184
5.4270 5.3531 5.3906 0.0184
5.4270 5.3531 5.3906 0.0184
5.4270 5.3531 5.3906 0.0184
5.4270 5.3531 5.3906 0.0184
5.4270 5.3531 5.3907 0.0184
5.4270 5.3531 5.3907 0.0184
5.4270 5.3531 5.3907 0.0184
5.4270 5.3531 5.3907 0.0184
5.4270 5.3531 5.3907 0.0184
5.4270 5.3531 5.3907 0.0184
5.4270 5.3531 5.3907 0.0184
5.4270 5.3531 5.3907 0.0184
5.4270 5.3531 5.3909 0.0181
5.4270 5.3531 5.3910 0.0181
5.4270 5.3531 5.3910 0.0181
5.4270 5.3531 5.3910 0.0181
5.4270 5.3531 5.3911 0.0180
5.4270 5.3531 5.3915 0.0183
5.4270 5.3531 5.3915 0.0183
5.4270 5.3531 5.3916 0.0184
5.4270 5.3531 5.3919 0.0183
5.4270 5.3531 5.3919 0.0183
5.4270 5.3531 5.3920 0.0184
5.4270 5.3531 5.3924 0.0186
5.4291 5.3531 5.3930 0.0190
5.4291 5.3531 5.3930 0.0190
5.4291 5.3531 5.3930 0.0190
5.4291 5.3531 5.3930 0.0190
5.4291 5.3531 5.3931 0.0191
5.4291 5.3531 5.3931 0.0191
5.4291 5.3531 5.3931 0.0191
5.4291 5.3531 5.3931 0.0191
5.4291 5.3531 5.3931 0.0191
5.4291 5.3531 5.3932 0.0191
5.4291 5.3531 5.3933 0.0192
5.4291 5.3531 5.3933 0.0192
5.4291 5.3531 5.3933 0.0192
5.4291 5.3531 5.3934 0.0192
5.4291 5.3531 5.3934 0.0192
5.4294 5.3531 5.3935 0.0193
5.4294 5.3531 5.3935 0.0193
5.4294 5.3531 5.3935 0.0193
5.4294 5.3531 5.3935 0.0193
5.4294 5.3531 5.3937 0.0193
5.4294 5.3531 5.3937 0.0193
5.4294 5.3531 5.3937 0.0193
5.4294 5.3531 5.3937 0.0193
5.4294 5.3531 5.3937 0.0193
5.4294 5.3531 5.3937 0.0193
5.4294 5.3531 5.3937 0.0193
5.4294 5.3531 5.3937 0.0193
5.4294 5.3531 5.3937 0.0193
5.4294 5.3531 5.3938 0.0192
5.4294 5.3531 5.3940 0.0192
5.4294 5.3531 5.3943 0.0190
5.4294 5.3531 5.3943 0.0190
5.4294 5.3531 5.3945 0.0187
5.4294 5.3531 5.3945 0.0187
5.4294 5.3531 5.3945 0.0187
5.4294 5.3531 5.3945 0.0187
5.4294 5.3531 5.3947 0.0187
5.4294 5.3531 5.3947 0.0187
5.4294 5.3531 5.3948 0.0186
5.4294 5.3531 5.3953 0.0186
5.4294 5.3531 5.3958 0.0189
5.4294 5.3531 5.3959 0.0187
5.4294 5.3531 5.3959 0.0187
5.4294 5.3531 5.3959 0.0187
5.4294 5.3531 5.3959 0.0187
5.4294 5.3531 5.3959 0.0187
5.4294 5.3531 5.3963 0.0189
5.4294 5.3531 5.3963 0.0189
5.4294 5.3531 5.3963 0.0189
5.4294 5.3531 5.3963 0.0189
5.4294 5.3531 5.3965 0.0190
5.4294 5.3531 5.3966 0.0189
5.4294 5.3531 5.3966 0.0189
5.4294 5.3531 5.3967 0.0190
5.4294 5.3531 5.3967 0.0190
5.4294 5.3531 5.3967 0.0190
5.4294 5.3531 5.3968 0.0190
5.4294 5.3531 5.3968 0.0190
5.4294 5.3531 5.3968 0.0190
5.4294 5.3531 5.3968 0.0190
5.4294 5.3531 5.3968 0.0190
5.4294 5.3531 5.3968 0.0190
5.4294 5.3531 5.3968 0.0190
5.4294 5.3531 5.3968 0.0190
5.4294 5.3531 5.3968 0.0190
5.4294 5.3531 5.3973 0.0191
5.4294 5.3531 5.3973 0.0191
5.4294 5.3531 5.3974 0.0192
5.4294 5.3531 5.3974 0.0192
5.4294 5.3531 5.3975 0.0191
5.4294 5.3531 5.3975 0.0191
5.4294 5.3531 5.3975 0.0191
5.4294 5.3531 5.3975 0.0191
5.4294 5.3531 5.3976 0.0190
5.4294 5.3531 5.3980 0.0189
5.4294 5.3531 5.3980 0.0189
5.4294 5.3531 5.3981 0.0189
5.4294 5.3531 5.3981 0.0189
5.4294 5.3531 5.3981 0.0189
5.4294 5.3531 5.3981 0.0189
5.4294 5.3531 5.3981 0.0189
5.4294 5.3531 5.3983 0.0189
5.4294 5.3531 5.3984 0.0189
5.4294 5.3531 5.3986 0.0189
5.4294 5.3531 5.3986 0.0189
5.4294 5.3531 5.3986 0.0189
5.4294 5.3531 5.3988 0.0190
5.4332 5.3531 5.3989 0.0191
5.4332 5.3531 5.3989 0.0191
5.4332 5.3531 5.3991 0.0191
5.4332 5.3531 5.3991 0.0191
5.4332 5.3531 5.3994 0.0191
5.4332 5.3531 5.3994 0.0191
5.4332 5.3531 5.3995 0.0192
5.4332 5.3531 5.3995 0.0192
5.4332 5.3531 5.3995 0.0192
5.4332 5.3531 5.3995 0.0192
5.4332 5.3531 5.3995 0.0192
5.4332 5.3531 5.3995 0.0192
5.4332 5.3531 5.3995 0.0192
5.4332 5.3531 5.3995 0.0192
5.4332 5.3531 5.3995 0.0192
5.4332 5.3531 5.3997 0.0192
5.4332 5.3531 5.3998 0.0192
5.4332 5.3531 5.3998 0.0192
5.4332 5.3531 5.3998 0.0192
5.4332 5.3531 5.3998 0.0192
5.4332 5.3531 5.4000 0.0191
5.4332 5.3531 5.4000 0.0191
5.4332 5.3531 5.4001 0.0190
5.4332 5.3531 5.4001 0.0190
5.4332 5.3531 5.4001 0.0190
5.4332 5.3531 5.4001 0.0190
5.4332 5.3531 5.4004 0.0192
5.4332 5.3531 5.4004 0.0192
5.4332 5.3531 5.4004 0.0192
5.4332 5.3531 5.4004 0.0192
5.4332 5.3531 5.4004 0.0192
5.4332 5.3531 5.4004 0.0192
5.4332 5.3531 5.4004 0.0192
5.4332 5.3531 5.4006 0.0191
5.4332 5.3531 5.4006 0.0191
5.4332 5.3531 5.4009 0.0190
5.4332 5.3531 5.4010 0.0191
5.4332 5.3531 5.4010 0.0191
5.4332 5.3531 5.4010 0.0191
5.4332 5.3531 5.4012 0.0191
5.4332 5.3531 5.4012 0.0191
5.4332 5.3531 5.4012 0.0191
5.4332 5.3531 5.4012 0.0191
5.4332 5.3531 5.4012 0.0191
5.4332 5.3531 5.4012 0.0191
5.4332 5.3531 5.4014 0.0188
5.4332 5.3531 5.4014 0.0188
5.4332 5.3531 5.4014 0.0189
5.4332 5.3531 5.4014 0.0189
5.4332 5.3531 5.4014 0.0189
5.4332 5.3531 5.4019 0.0186
5.4332 5.3531 5.4021 0.0188
5.4332 5.3531 5.4021 0.0188
5.4332 5.3531 5.4024 0.0189
5.4332 5.3531 5.4027 0.0189
5.4332 5.3531 5.4027 0.0189
5.4332 5.3531 5.4027 0.0189
5.4332 5.3531 5.4027 0.0189
5.4332 5.3531 5.4028 0.0191
5.4332 5.3531 5.4030 0.0190
5.4332 5.3531 5.4032 0.0190
5.4332 5.3531 5.4036 0.0184
5.4332 5.3531 5.4036 0.0184
5.4332 5.3531 5.4036 0.0184
5.4332 5.3531 5.4036 0.0184
5.4332 5.3531 5.4040 0.0181
5.4332 5.3531 5.4040 0.0182
5.4332 5.3605 5.4044 0.0175
5.4332 5.3605 5.4044 0.0175
5.4332 5.3605 5.4047 0.0174
5.4332 5.3605 5.4047 0.0174
5.4332 5.3605 5.4050 0.0173
5.4332 5.3605 5.4050 0.0173
5.4332 5.3605 5.4050 0.0173
5.4332 5.3605 5.4050 0.0173
5.4332 5.3605 5.4050 0.0173
5.4332 5.3605 5.4051 0.0174
5.4332 5.3605 5.4051 0.0174
5.4332 5.3605 5.4056 0.0173
5.4332 5.3605 5.4056 0.0173
5.4332 5.3605 5.4059 0.0174
5.4332 5.3605 5.4060 0.0174
5.4332 5.3605 5.4062 0.0174
5.4332 5.3605 5.4062 0.0174
5.4332 5.3605 5.4065 0.0173
5.4332 5.3605 5.4065 0.0173
5.4332 5.3605 5.4068 0.0174
5.4332 5.3605 5.4068 0.0174
5.4332 5.3605 5.4069 0.0175
5.4332 5.3605 5.4069 0.0175
5.4332 5.3605 5.4069 0.0175
5.4332 5.3605 5.4069 0.0175
5.4332 5.3605 5.4069 0.0175
5.4332 5.3605 5.4070 0.0174
5.4332 5.3605 5.4070 0.0174
5.4332 5.3605 5.4070 0.0174
5.4332 5.3605 5.4072 0.0171
5.4332 5.3605 5.4072 0.0171
5.4332 5.3605 5.4072 0.0171
5.4332 5.3605 5.4072 0.0171
5.4332 5.3605 5.4072 0.0171
5.4332 5.3605 5.4072 0.0171
5.4332 5.3605 5.4073 0.0171
5.4332 5.3605 5.4073 0.0171
5.4332 5.3605 5.4073 0.0171
5.4332 5.3605 5.4073 0.0171
5.4332 5.3605 5.4073 0.0171
5.4332 5.3605 5.4074 0.0171
5.4332 5.3605 5.4075 0.0172
5.4332 5.3605 5.4075 0.0172
5.4332 5.3605 5.4077 0.0171
5.4332 5.3605 5.4077 0.0171
5.4332 5.3605 5.4081 0.0168
5.4332 5.3605 5.4081 0.0168
5.4332 5.3605 5.4086 0.0169
5.4332 5.3605 5.4086 0.0169
5.4332 5.3605 5.4086 0.0169
5.4332 5.3605 5.4086 0.0169
5.4332 5.3605 5.4086 0.0169
5.4332 5.3605 5.4086 0.0169
5.4332 5.3605 5.4086 0.0169
5.4332 5.3605 5.4088 0.0167
5.4332 5.3605 5.4091 0.0167
5.4332 5.3605 5.4091 0.0167
5.4332 5.3605 5.4091 0.0167
5.4332 5.3605 5.4091 0.0167
5.4332 5.3605 5.4091 0.0167
5.4332 5.3605 5.4091 0.0167
5.4332 5.3605 5.4093 0.0166
5.4332 5.3605 5.4094 0.0167
5.4332 5.3605 5.4094 0.0167
5.4332 5.3605 5.4094 0.0167
5.4332 5.3605 5.4094 0.0167
5.4332 5.3605 5.4097 0.0168
5.4332 5.3605 5.4098 0.0168
5.4332 5.3605 5.4102 0.0167
5.4332 5.3605 5.4102 0.0167
5.4332 5.3605 5.4102 0.0167
5.4332 5.3605 5.4102 0.0167
5.4332 5.3605 5.4102 0.0167
5.4332 5.3605 5.4102 0.0167
5.4332 5.3605 5.4104 0.0165
5.4332 5.3605 5.4105 0.0165
5.4332 5.3605 5.4105 0.0165
5.4332 5.3605 5.4106 0.0166
5.4332 5.3605 5.4107 0.0166
5.4332 5.3605 5.4107 0.0166
5.4332 5.3605 5.4107 0.0166
5.4332 5.3605 5.4110 0.0165
5.4332 5.3605 5.4110 0.0165
5.4332 5.3605 5.4110 0.0165
5.4332 5.3605 5.4114 0.0164
5.4332 5.3605 5.4114 0.0164
5.4332 5.3605 5.4114 0.0164
5.4332 5.3605 5.4114 0.0164
5.4335 5.3605 5.4115 0.0164
5.4335 5.3605 5.4115 0.0164
5.4335 5.3605 5.4121 0.0157
5.4335 5.3605 5.4121 0.0157
5.4335 5.3605 5.4122 0.0157
5.4335 5.3605 5.4122 0.0157
5.4335 5.3605 5.4122 0.0157
5.4335 5.3605 5.4122 0.0157
5.4335 5.3605 5.4125 0.0155
5.4335 5.3605 5.4126 0.0155
5.4335 5.3605 5.4126 0.0155
5.4335 5.3605 5.4127 0.0155
5.4335 5.3605 5.4127 0.0155
5.4335 5.3605 5.4129 0.0155
5.4335 5.3605 5.4129 0.0155
5.4335 5.3605 5.4131 0.0156
5.4335 5.3605 5.4131 0.0156
5.4335 5.3605 5.4132 0.0153
5.4335 5.3605 5.4132 0.0153
5.4335 5.3605 5.4134 0.0152
5.4335 5.3605 5.4134 0.0152
5.4335 5.3605 5.4134 0.0152
5.4335 5.3605 5.4134 0.0152
5.4335 5.3605 5.4135 0.0152
5.4335 5.3605 5.4135 0.0152
5.4335 5.3605 5.4135 0.0152
5.4335 5.3605 5.4135 0.0152
5.4335 5.3605 5.4137 0.0152
5.4335 5.3605 5.4137 0.0152
5.4335 5.3605 5.4137 0.0152
5.4335 5.3605 5.4139 0.0151
5.4335 5.3605 5.4139 0.0151
5.4335 5.3605 5.4140 0.0151
5.4335 5.3605 5.4140 0.0151
5.4335 5.3605 5.4140 0.0151
5.4335 5.3605 5.4140 0.0151
5.4335 5.3605 5.4140 0.0151
5.4335 5.3605 5.4140 0.0151
5.4335 5.3605 5.4140 0.0151
5.4335 5.3605 5.4140 0.0151
5.4335 5.3605 5.4140 0.0151
5.4335 5.3605 5.4141 0.0152
5.4335 5.3605 5.4141 0.0152
5.4335 5.3605 5.4143 0.0148
5.4335 5.3605 5.4143 0.0148
5.4335 5.3605 5.4143 0.0148
5.4335 5.3605 5.4143 0.0148
5.4335 5.3605 5.4143 0.0148
5.4335 5.3605 5.4143 0.0148
5.4335 5.3605 5.4143 0.0148
5.4335 5.3605 5.4143 0.0148
5.4335 5.3605 5.4147 0.0146
5.4335 5.3605 5.4150 0.0146
5.4335 5.3605 5.4150 0.0146
5.4335 5.3605 5.4150 0.0146
5.4335 5.3605 5.4153 0.0145
5.4335 5.3605 5.4153 0.0145
5.4335 5.3605 5.4153 0.0145
5.4335 5.3605 5.4156 0.0143
5.4335 5.3605 5.4156 0.0143
5.4335 5.3621 5.4161 0.0132
5.4335 5.3621 5.4161 0.0132
5.4335 5.3621 5.4162 0.0133
5.4335 5.3621 5.4162 0.0133
5.4335 5.3621 5.4163 0.0133
5.4335 5.3621 5.4163 0.0133
5.4335 5.3621 5.4163 0.0133
5.4335 5.3621 5.4166 0.0128
5.4335 5.3621 5.4170 0.0121
5.4335 5.3621 5.4172 0.0121
5.4335 5.3621 5.4175 0.0119
5.4335 5.3621 5.4175 0.0120
5.4335 5.3621 5.4175 0.0120
5.4335 5.3621 5.4176 0.0120
5.4335 5.3621 5.4176 0.0120
5.4335 5.3621 5.4176 0.0120
5.4335 5.3621 5.4176 0.0120
5.4335 5.3621 5.4176 0.0120
5.4335 5.3621 5.4176 0.0120
5.4335 5.3621 5.4176 0.0120
5.4335 5.3621 5.4176 0.0120
5.4335 5.3621 5.4176 0.0120
5.4335 5.3621 5.4176 0.0120
5.4335 5.3621 5.4176 0.0120
5.4335 5.3621 5.4177 0.0121
5.4335 5.3621 5.4177 0.0121
5.4335 5.3621 5.4178 0.0122
5.4346 5.3621 5.4178 0.0122
5.4346 5.3621 5.4178 0.0122
5.4346 5.3621 5.4178 0.0122
5.4346 5.3621 5.4178 0.0122
5.4346 5.3621 5.4178 0.0122
5.4346 5.3621 5.4179 0.0122
5.4346 5.3621 5.4179 0.0122
5.4346 5.3621 5.4181 0.0119
5.4346 5.3621 5.4182 0.0119
5.4357 5.3621 5.4183 0.0120
5.4357 5.3621 5.4185 0.0120
5.4357 5.3621 5.4185 0.0120
5.4357 5.3621 5.4185 0.0120
5.4357 5.3621 5.4185 0.0120
5.4357 5.3621 5.4185 0.0120
5.4357 5.3621 5.4185 0.0120
5.4357 5.3621 5.4185 0.0120
5.4357 5.3621 5.4185 0.0120
5.4357 5.3621 5.4186 0.0121
5.4357 5.3621 5.4187 0.0121
5.4357 5.3621 5.4187 0.0120
5.4357 5.3621 5.4187 0.0120
5.4362 5.3621 5.4187 0.0121
5.4362 5.3621 5.4187 0.0121
5.4362 5.3621 5.4189 0.0122
5.4362 5.3621 5.4189 0.0122
5.4362 5.3621 5.4189 0.0122
5.4362 5.3621 5.4189 0.0122
5.4362 5.3621 5.4191 0.0121
5.4362 5.3621 5.4191 0.0121
5.4362 5.3621 5.4191 0.0121
5.4362 5.3621 5.4193 0.0122
5.4362 5.3621 5.4193 0.0122
5.4362 5.3621 5.4194 0.0122
5.4362 5.3621 5.4195 0.0122
5.4362 5.3621 5.4195 0.0122
5.4362 5.3621 5.4197 0.0121
5.4362 5.3621 5.4197 0.0121
5.4362 5.3621 5.4197 0.0121
5.4362 5.3621 5.4198 0.0121
5.4362 5.3621 5.4198 0.0122
5.4362 5.3621 5.4200 0.0122
5.4362 5.3621 5.4200 0.0122
5.4362 5.3621 5.4202 0.0122
5.4362 5.3621 5.4202 0.0122
5.4362 5.3621 5.4202 0.0122
5.4362 5.3621 5.4202 0.0122
5.4362 5.3621 5.4202 0.0122
5.4362 5.3621 5.4202 0.0122
5.4362 5.3621 5.4202 0.0122
5.4362 5.3621 5.4202 0.0122
5.4362 5.3621 5.4204 0.0123
5.4362 5.3621 5.4205 0.0123
5.4362 5.3621 5.4206 0.0123
5.4362 5.3621 5.4207 0.0123
5.4362 5.3621 5.4207 0.0123
5.4362 5.3621 5.4207 0.0123
5.4362 5.3621 5.4207 0.0123
5.4362 5.3621 5.4207 0.0123
5.4362 5.3621 5.4207 0.0123
5.4362 5.3621 5.4207 0.0123
5.4362 5.3621 5.4207 0.0123
5.4362 5.3621 5.4209 0.0124
5.4362 5.3621 5.4209 0.0124
5.4438 5.3621 5.4211 0.0126
5.4438 5.3621 5.4211 0.0126
5.4438 5.3621 5.4212 0.0126
5.4438 5.3621 5.4212 0.0126
5.4438 5.3621 5.4212 0.0126
5.4438 5.3621 5.4213 0.0126
5.4438 5.3621 5.4213 0.0126
5.4438 5.3621 5.4213 0.0126
5.4438 5.3621 5.4213 0.0126
5.4438 5.3621 5.4213 0.0126
5.4438 5.3621 5.4213 0.0126
5.4438 5.3621 5.4213 0.0126
5.4438 5.3621 5.4213 0.0126
5.4438 5.3621 5.4215 0.0127
5.4438 5.3621 5.4216 0.0127
5.4438 5.3621 5.4216 0.0127
5.4438 5.3621 5.4216 0.0127
5.4438 5.3621 5.4216 0.0127
5.4438 5.3621 5.4216 0.0127
5.4438 5.3621 5.4216 0.0127
5.4438 5.3621 5.4216 0.0127
5.4438 5.3621 5.4216 0.0127
5.4438 5.3621 5.4216 0.0127
5.4438 5.3621 5.4216 0.0127
5.4438 5.3621 5.4216 0.0127
5.4526 5.3621 5.4218 0.0130
5.4526 5.3621 5.4218 0.0130
5.4526 5.3774 5.4223 0.0116
5.4526 5.3774 5.4224 0.0116
5.4526 5.3774 5.4224 0.0116
5.4526 5.3774 5.4224 0.0116
5.4526 5.3774 5.4224 0.0116
5.4526 5.3774 5.4224 0.0116
5.4526 5.3774 5.4224 0.0116
5.4526 5.3774 5.4224 0.0116
5.4526 5.3774 5.4224 0.0116
5.4526 5.3817 5.4231 0.0109
5.4526 5.3817 5.4231 0.0109
5.4526 5.3817 5.4231 0.0109
5.4526 5.3817 5.4231 0.0109
5.4526 5.3817 5.4231 0.0109
5.4526 5.3817 5.4232 0.0110
5.4526 5.3817 5.4234 0.0110
5.4526 5.3817 5.4234 0.0110
5.4526 5.3817 5.4234 0.0110
5.4526 5.3817 5.4234 0.0110
5.4526 5.3817 5.4234 0.0110
5.4526 5.3817 5.4234 0.0110
5.4526 5.3817 5.4234 0.0110
5.4526 5.3817 5.4234 0.0110
5.4526 5.3817 5.4238 0.0106
5.4526 5.3817 5.4239 0.0106
5.4526 5.3817 5.4239 0.0106
5.4526 5.3817 5.4240 0.0107
5.4526 5.3817 5.4241 0.0107
5.4526 5.3817 5.4241 0.0107
5.4526 5.3817 5.4241 0.0107
5.4526 5.3817 5.4242 0.0108
5.4526 5.3817 5.4242 0.0108
5.4526 5.3817 5.4243 0.0108
5.4526 5.3817 5.4244 0.0108
5.4526 5.3817 5.4244 0.0108
5.4526 5.3817 5.4245 0.0108
5.4526 5.3817 5.4246 0.0109
5.4526 5.3817 5.4246 0.0109
5.4526 5.3817 5.4246 0.0109
5.4526 5.3817 5.4246 0.0109
5.4526 5.3817 5.4246 0.0109
5.4526 5.3817 5.4247 0.0109
5.4526 5.3817 5.4247 0.0109
5.4526 5.3817 5.4247 0.0109
5.4526 5.3817 5.4247 0.0109
5.4526 5.3817 5.4249 0.0109
5.4526 5.3817 5.4249 0.0109
5.4526 5.3817 5.4249 0.0109
5.4526 5.3817 5.4249 0.0109
5.4526 5.3817 5.4249 0.0109
5.4526 5.3817 5.4251 0.0104
5.4526 5.3817 5.4251 0.0104
5.4526 5.3817 5.4252 0.0103
5.4526 5.3817 5.4252 0.0103
5.4526 5.3817 5.4252 0.0103
5.4526 5.3817 5.4254 0.0103
5.4526 5.3817 5.4254 0.0104
5.4526 5.3817 5.4254 0.0104
5.4526 5.3817 5.4254 0.0104
5.4526 5.3817 5.4254 0.0104
5.4526 5.3817 5.4254 0.0103
5.4526 5.3817 5.4254 0.0103
5.4526 5.3817 5.4254 0.0103
5.4526 5.3817 5.4254 0.0103
5.4526 5.3817 5.4254 0.0103
5.4526 5.3817 5.4254 0.0103
5.4526 5.3817 5.4255 0.0103
5.4526 5.3965 5.4259 0.0094
5.4526 5.3965 5.4260 0.0094
5.4526 5.3965 5.4261 0.0094
5.4526 5.3965 5.4261 0.0094
5.4526 5.3965 5.4261 0.0094
5.4526 5.3965 5.4261 0.0094
5.4526 5.3965 5.4261 0.0094
5.4526 5.3965 5.4261 0.0094
5.4526 5.3965 5.4261 0.0094
5.4526 5.3965 5.4262 0.0095
5.4526 5.3965 5.4262 0.0095
5.4526 5.3965 5.4262 0.0095
5.4526 5.3965 5.4262 0.0095
5.4526 5.3965 5.4262 0.0095
5.4526 5.3965 5.4262 0.0095
5.4526 5.3965 5.4263 0.0095
5.4526 5.3965 5.4264 0.0095
5.4526 5.3965 5.4264 0.0095
5.4526 5.3965 5.4264 0.0095
5.4526 5.3965 5.4265 0.0094
5.4526 5.3965 5.4265 0.0094
5.4526 5.3965 5.4266 0.0094
5.4526 5.3965 5.4266 0.0094
5.4526 5.3965 5.4266 0.0094
5.4526 5.3965 5.4268 0.0090
5.4526 5.3965 5.4270 0.0093
5.4526 5.3965 5.4270 0.0093
5.4526 5.3965 5.4270 0.0093
5.4526 5.3965 5.4270 0.0093
5.4526 5.3965 5.4270 0.0093
5.4526 5.3965 5.4270 0.0093
5.4526 5.3965 5.4271 0.0093
5.4526 5.3965 5.4271 0.0093
5.4526 5.3965 5.4271 0.0093
5.4526 5.3965 5.4271 0.0093
5.4526 5.3965 5.4271 0.0093
5.4526 5.3965 5.4272 0.0093
5.4526 5.4096 5.4273 0.0089
5.4526 5.4096 5.4273 0.0089
5.4526 5.4096 5.4274 0.0089
5.4526 5.4096 5.4274 0.0090
5.4526 5.4096 5.4274 0.0090
5.4526 5.4096 5.4274 0.0090
5.4526 5.4096 5.4274 0.0090
5.4526 5.4096 5.4274 0.0090
5.4526 5.4096 5.4274 0.0090
5.4526 5.4096 5.4274 0.0090
5.4526 5.4096 5.4274 0.0090
5.4526 5.4096 5.4274 0.0090
5.4526 5.4096 5.4275 0.0090
5.4526 5.4096 5.4275 0.0090
5.4526 5.4096 5.4275 0.0090
5.4526 5.4096 5.4275 0.0090
5.4526 5.4096 5.4275 0.0090
5.4526 5.4096 5.4275 0.0090
5.4526 5.4096 5.4277 0.0090
5.4526 5.4096 5.4277 0.0090
5.4526 5.4096 5.4278 0.0090
5.4526 5.4096 5.4278 0.0090
5.4526 5.4096 5.4278 0.0090
5.4526 5.4096 5.4278 0.0090
5.4526 5.4096 5.4278 0.0090
5.4526 5.4096 5.4280 0.0088
5.4526 5.4096 5.4280 0.0088
5.4526 5.4096 5.4282 0.0088
5.4526 5.4096 5.4282 0.0088
5.4526 5.4096 5.4283 0.0088
5.4526 5.4096 5.4283 0.0088
5.4526 5.4096 5.4285 0.0087
5.4526 5.4096 5.4285 0.0087
5.4526 5.4096 5.4285 0.0087
5.4526 5.4096 5.4285 0.0087
5.4526 5.4096 5.4285 0.0087
5.4526 5.4096 5.4285 0.0087
5.4526 5.4096 5.4285 0.0087
5.4526 5.4096 5.4285 0.0087
5.4526 5.4096 5.4285 0.0087
5.4526 5.4096 5.4286 0.0087
5.4526 5.4096 5.4288 0.0086
5.4526 5.4096 5.4288 0.0086
5.4526 5.4096 5.4288 0.0086
5.4526 5.4096 5.4288 0.0086
5.4526 5.4096 5.4288 0.0086
5.4526 5.4096 5.4288 0.0086
5.4526 5.4096 5.4288 0.0086
5.4526 5.4096 5.4288 0.0086
5.4526 5.4096 5.4289 0.0087
5.4526 5.4096 5.4289 0.0087
5.4526 5.4096 5.4289 0.0087
5.4526 5.4096 5.4289 0.0087
5.4526 5.4096 5.4289 0.0087
5.4526 5.4096 5.4289 0.0087
5.4526 5.4096 5.4290 0.0087
5.4526 5.4096 5.4290 0.0087
5.4526 5.4096 5.4290 0.0087
5.4526 5.4096 5.4291 0.0086
5.4526 5.4096 5.4291 0.0086
5.4526 5.4096 5.4293 0.0087
5.4526 5.4096 5.4293 0.0087
5.4526 5.4096 5.4293 0.0087
5.4526 5.4096 5.4293 0.0087
5.4526 5.4096 5.4293 0.0087
5.4526 5.4096 5.4293 0.0087
5.4526 5.4096 5.4295 0.0086
5.4526 5.4096 5.4295 0.0086
5.4526 5.4096 5.4296 0.0085
5.4526 5.4096 5.4298 0.0083
5.4526 5.4096 5.4298 0.0083
5.4526 5.4096 5.4298 0.0083
5.4526 5.4096 5.4300 0.0084
5.4526 5.4096 5.4300 0.0084
5.4526 5.4096 5.4300 0.0084
5.4526 5.4096 5.4300 0.0084
5.4526 5.4096 5.4300 0.0084
5.4526 5.4096 5.4300 0.0084
5.4526 5.4096 5.4300 0.0084
5.4526 5.4096 5.4300 0.0084
5.4526 5.4096 5.4300 0.0084
5.4526 5.4096 5.4300 0.0084
5.4526 5.4096 5.4300 0.0084
5.4526 5.4096 5.4301 0.0084
5.4526 5.4096 5.4301 0.0084
5.4526 5.4096 5.4301 0.0084
5.4526 5.4096 5.4301 0.0084
5.4526 5.4096 5.4301 0.0084
5.4526 5.4096 5.4302 0.0084
5.4526 5.4096 5.4302 0.0084
5.4526 5.4096 5.4303 0.0084
5.4526 5.4096 5.4303 0.0084
5.4526 5.4096 5.4303 0.0084
5.4526 5.4096 5.4303 0.0084
5.4526 5.4096 5.4303 0.0084
5.4526 5.4096 5.4303 0.0084
5.4526 5.4096 5.4303 0.0084
5.4526 5.4096 5.4303 0.0084
5.4526 5.4096 5.4303 0.0084
5.4526 5.4096 5.4305 0.0084
5.4526 5.4096 5.4305 0.0084
5.4526 5.4096 5.4305 0.0084
5.4526 5.4096 5.4305 0.0084
5.4526 5.4096 5.4305 0.0084
5.4526 5.4096 5.4305 0.0084
5.4526 5.4096 5.4305 0.0084
5.4526 5.4096 5.4305 0.0084
5.4526 5.4096 5.4305 0.0084
5.4526 5.4096 5.4306 0.0083
5.4526 5.4096 5.4306 0.0083
5.4526 5.4096 5.4306 0.0083
5.4526 5.4096 5.4307 0.0083
5.4526 5.4096 5.4307 0.0083
5.4526 5.4096 5.4307 0.0083
5.4526 5.4096 5.4307 0.0083
5.4526 5.4096 5.4309 0.0083
5.4526 5.4096 5.4309 0.0083
5.4526 5.4096 5.4311 0.0081
5.4526 5.4096 5.4312 0.0081
5.4526 5.4096 5.4313 0.0081
5.4526 5.4096 5.4313 0.0081
5.4526 5.4096 5.4314 0.0081
5.4526 5.4096 5.4316 0.0079
5.4526 5.4096 5.4317 0.0079
5.4526 5.4096 5.4317 0.0078
5.4526 5.4096 5.4317 0.0078
5.4526 5.4096 5.4317 0.0078
5.4526 5.4096 5.4319 0.0075
5.4526 5.4096 5.4319 0.0075
5.4526 5.4096 5.4319 0.0076
5.4526 5.4096 5.4319 0.0076
5.4526 5.4096 5.4319 0.0076
5.4526 5.4096 5.4320 0.0075
5.4526 5.4096 5.4320 0.0075
5.4526 5.4096 5.4320 0.0075
5.4526 5.4096 5.4321 0.0075
5.4526 5.4096 5.4321 0.0075
5.4526 5.4096 5.4322 0.0075
5.4526 5.4096 5.4322 0.0075
5.4526 5.4096 5.4322 0.0075
5.4526 5.4096 5.4322 0.0075
5.4526 5.4096 5.4322 0.0075
5.4526 5.4096 5.4322 0.0075
5.4526 5.4096 5.4322 0.0075
5.4526 5.4096 5.4323 0.0076
5.4526 5.4096 5.4325 0.0078
5.4526 5.4096 5.4326 0.0080
5.4526 5.4096 5.4326 0.0080
5.4526 5.4096 5.4326 0.0080
5.4526 5.4096 5.4327 0.0080
5.4526 5.4096 5.4327 0.0080
5.4526 5.4096 5.4327 0.0080
5.4526 5.4096 5.4327 0.0080
5.4526 5.4096 5.4327 0.0080
5.4526 5.4096 5.4327 0.0080
5.4526 5.4096 5.4330 0.0082
5.4526 5.4096 5.4330 0.0082
5.4526 5.4096 5.4330 0.0082
5.4526 5.4096 5.4330 0.0082
5.4526 5.4096 5.4331 0.0084
5.4526 5.4096 5.4331 0.0084
5.4526 5.4096 5.4332 0.0084
5.4526 5.4096 5.4332 0.0084
5.4526 5.4096 5.4332 0.0084
5.4526 5.4096 5.4333 0.0084
5.4526 5.4096 5.4333 0.0084
5.4526 5.4096 5.4333 0.0084
5.4526 5.4096 5.4333 0.0084
5.4526 5.4096 5.4335 0.0082
5.4526 5.4096 5.4335 0.0082
5.4526 5.4096 5.4335 0.0082
5.4526 5.4096 5.4335 0.0082
5.4526 5.4096 5.4335 0.0082
5.4526 5.4096 5.4335 0.0082
5.4640 5.4096 5.4338 0.0087
5.4640 5.4096 5.4338 0.0087
5.4640 5.4096 5.4340 0.0089
5.4640 5.4096 5.4340 0.0089
5.4640 5.4096 5.4341 0.0089
5.4640 5.4096 5.4342 0.0089
5.4640 5.4096 5.4342 0.0089
5.4640 5.4096 5.4344 0.0086
5.4640 5.4096 5.4345 0.0085
5.4640 5.4096 5.4345 0.0085
5.4640 5.4096 5.4345 0.0085
5.4640 5.4096 5.4345 0.0085
5.4640 5.4096 5.4345 0.0085
5.4640 5.4096 5.4346 0.0085
5.4640 5.4096 5.4346 0.0085
5.4640 5.4096 5.4346 0.0085
5.4640 5.4096 5.4347 0.0086
5.4640 5.4096 5.4347 0.0086
5.4640 5.4096 5.4347 0.0086
5.4640 5.4096 5.4347 0.0086
5.4640 5.4096 5.4348 0.0085
5.4640 5.4096 5.4348 0.0085
5.4640 5.4096 5.4348 0.0085
5.4640 5.4096 5.4348 0.0085
5.4640 5.4096 5.4348 0.0086
5.4640 5.4096 5.4348 0.0086
5.4640 5.4096 5.4350 0.0088
5.4640 5.4096 5.4351 0.0088
5.4640 5.4096 5.4351 0.0088
5.4640 5.4096 5.4351 0.0088
5.4640 5.4096 5.4351 0.0088
5.4640 5.4096 5.4351 0.0088
5.4640 5.4096 5.4351 0.0088
5.4640 5.4096 5.4351 0.0088
5.4640 5.4096 5.4352 0.0089
5.4640 5.4096 5.4352 0.0089
5.4640 5.4096 5.4352 0.0089
5.4640 5.4096 5.4354 0.0091
5.4640 5.4096 5.4354 0.0091
5.4640 5.4096 5.4354 0.0091
5.4640 5.4096 5.4354 0.0091
5.4640 5.4096 5.4354 0.0091
5.4640 5.4096 5.4355 0.0091
5.4640 5.4096 5.4355 0.0091
5.4640 5.4096 5.4355 0.0091
5.4640 5.4096 5.4355 0.0091
5.4640 5.4096 5.4355 0.0091
5.4640 5.4096 5.4356 0.0091
5.4640 5.4096 5.4356 0.0091
5.4640 5.4096 5.4358 0.0089
5.4640 5.4096 5.4360 0.0089
5.4640 5.4096 5.4360 0.0089
5.4640 5.4096 5.4360 0.0089
5.4640 5.4096 5.4360 0.0089
5.4640 5.4096 5.4360 0.0088
5.4640 5.4096 5.4360 0.0088
5.4640 5.4096 5.4360 0.0088
5.4640 5.4096 5.4361 0.0088
5.4640 5.4096 5.4363 0.0086
5.4640 5.4096 5.4363 0.0086
5.4640 5.4096 5.4363 0.0086
5.4640 5.4096 5.4363 0.0086
5.4640 5.4096 5.4363 0.0086
5.4640 5.4096 5.4363 0.0086
5.4640 5.4096 5.4363 0.0086
5.4640 5.4096 5.4364 0.0086
5.4640 5.4096 5.4364 0.0086
5.4640 5.4096 5.4364 0.0086
5.4655 5.4096 5.4366 0.0089
5.4655 5.4096 5.4366 0.0089
5.4655 5.4096 5.4366 0.0089
5.4655 5.4096 5.4366 0.0089
5.4655 5.4096 5.4367 0.0090
5.4655 5.4096 5.4367 0.0090
5.4655 5.4096 5.4367 0.0090
5.4655 5.4096 5.4367 0.0090
5.4655 5.4096 5.4368 0.0091
5.4655 5.4096 5.4368 0.0091
5.4655 5.4096 5.4370 0.0091
5.4655 5.4096 5.4370 0.0091
5.4655 5.4096 5.4371 0.0091
5.4655 5.4096 5.4371 0.0091
5.4655 5.4096 5.4373 0.0092
5.4655 5.4096 5.4375 0.0089
5.4655 5.4096 5.4375 0.0089
5.4655 5.4096 5.4375 0.0089
5.4655 5.4096 5.4377 0.0087
5.4655 5.4096 5.4377 0.0087
5.4655 5.4096 5.4377 0.0087
5.4655 5.4096 5.4378 0.0088
5.4655 5.4096 5.4378 0.0088
5.4655 5.4096 5.4378 0.0088
5.4655 5.4096 5.4378 0.0088
5.4655 5.4096 5.4378 0.0088
5.4655 5.4096 5.4378 0.0088
5.4655 5.4096 5.4379 0.0088
5.4655 5.4096 5.4379 0.0088
5.4655 5.4096 5.4379 0.0088
5.4655 5.4096 5.4379 0.0088
5.4655 5.4096 5.4379 0.0088
5.4655 5.4096 5.4379 0.0088
5.4655 5.4096 5.4379 0.0088
5.4655 5.4096 5.4379 0.0088
5.4655 5.4096 5.4379 0.0088
5.4655 5.4096 5.4379 0.0088
5.4655 5.4096 5.4381 0.0089
5.4655 5.4096 5.4381 0.0089
5.4655 5.4096 5.4381 0.0089
5.4655 5.4096 5.4381 0.0089
5.4655 5.4096 5.4381 0.0089
5.4655 5.4096 5.4381 0.0089
5.4655 5.4096 5.4382 0.0088
5.4655 5.4096 5.4382 0.0088
5.4655 5.4096 5.4382 0.0088
5.4655 5.4096 5.4382 0.0088
5.4655 5.4096 5.4383 0.0089
5.4655 5.4096 5.4383 0.0089
5.4655 5.4096 5.4383 0.0089
5.4655 5.4096 5.4383 0.0089
5.4655 5.4096 5.4386 0.0090
5.4655 5.4096 5.4386 0.0090
5.4655 5.4096 5.4387 0.0091
5.4655 5.4096 5.4387 0.0091
5.4655 5.4096 5.4388 0.0089
5.4655 5.4096 5.4388 0.0089
5.4655 5.4096 5.4389 0.0090
5.4655 5.4096 5.4391 0.0090
5.4655 5.4096 5.4391 0.0090
5.4655 5.4096 5.4391 0.0090
5.4655 5.4096 5.4392 0.0090
5.4655 5.4096 5.4392 0.0090
5.4655 5.4096 5.4394 0.0090
5.4655 5.4096 5.4394 0.0090
5.4655 5.4096 5.4394 0.0090
5.4655 5.4096 5.4394 0.0090
5.4655 5.4096 5.4394 0.0090
5.4655 5.4096 5.4394 0.0090
5.4655 5.4096 5.4394 0.0090
5.4655 5.4096 5.4394 0.0090
5.4655 5.4096 5.4396 0.0089
5.4655 5.4096 5.4396 0.0089
5.4655 5.4096 5.4396 0.0089
5.4655 5.4096 5.4397 0.0089
5.4655 5.4096 5.4397 0.0089
5.4655 5.4096 5.4397 0.0089
5.4655 5.4096 5.4397 0.0089
5.4655 5.4096 5.4398 0.0090
5.4655 5.4096 5.4398 0.0090
5.4655 5.4096 5.4398 0.0090
5.4655 5.4096 5.4399 0.0090
5.4655 5.4096 5.4400 0.0090
5.4655 5.4096 5.4400 0.0090
5.4655 5.4096 5.4400 0.0090
5.4655 5.4096 5.4400 0.0090
5.4655 5.4096 5.4400 0.0090
5.4655 5.4096 5.4401 0.0090
5.4655 5.4096 5.4402 0.0090
5.4655 5.4096 5.4403 0.0089
5.4655 5.4096 5.4403 0.0089
5.4655 5.4096 5.4403 0.0089
5.4655 5.4096 5.4404 0.0089
5.4655 5.4096 5.4404 0.0089
5.4655 5.4096 5.4404 0.0089
5.4655 5.4096 5.4404 0.0089
5.4655 5.4096 5.4406 0.0089
5.4655 5.4096 5.4406 0.0089
5.4655 5.4096 5.4406 0.0089
5.4655 5.4096 5.4407 0.0090
5.4655 5.4096 5.4407 0.0090
5.4655 5.4096 5.4407 0.0090
5.4655 5.4096 5.4407 0.0089
5.4655 5.4096 5.4409 0.0090
5.4655 5.4096 5.4409 0.0090
5.4655 5.4096 5.4409 0.0090
5.4655 5.4096 5.4410 0.0091
5.4655 5.4096 5.4410 0.0091
5.4655 5.4096 5.4412 0.0089
5.4655 5.4096 5.4412 0.0089
5.4655 5.4096 5.4412 0.0089
5.4655 5.4096 5.4412 0.0089
5.4655 5.4096 5.4412 0.0089
5.4655 5.4096 5.4412 0.0089
5.4655 5.4096 5.4412 0.0089
5.4655 5.4096 5.4413 0.0089
5.4655 5.4096 5.4413 0.0089
5.4655 5.4096 5.4415 0.0089
5.4655 5.4096 5.4415 0.0089
5.4655 5.4096 5.4416 0.0089
5.4655 5.4096 5.4416 0.0089
5.4655 5.4096 5.4416 0.0089
5.4655 5.4096 5.4416 0.0089
5.4655 5.4096 5.4416 0.0089
5.4655 5.4096 5.4416 0.0089
5.4655 5.4096 5.4419 0.0092
5.4655 5.4096 5.4419 0.0092
5.4655 5.4096 5.4419 0.0093
5.4655 5.4096 5.4419 0.0093
5.4655 5.4096 5.4420 0.0093
5.4655 5.4096 5.4420 0.0094
5.4655 5.4096 5.4422 0.0094
5.4655 5.4096 5.4422 0.0094
5.4655 5.4096 5.4422 0.0094
5.4655 5.4096 5.4422 0.0094
5.4655 5.4096 5.4423 0.0095
5.4655 5.4096 5.4423 0.0095
5.4655 5.4096 5.4424 0.0094
5.4655 5.4096 5.4425 0.0094
5.4655 5.4096 5.4425 0.0094
5.4655 5.4096 5.4425 0.0094
5.4655 5.4096 5.4426 0.0095
5.4655 5.4096 5.4426 0.0095
5.4655 5.4096 5.4426 0.0095
5.4655 5.4096 5.4426 0.0095
5.4655 5.4096 5.4426 0.0095
5.4655 5.4096 5.4426 0.0095
5.4655 5.4096 5.4426 0.0095
5.4655 5.4096 5.4426 0.0095
5.4655 5.4096 5.4426 0.0095
5.4655 5.4096 5.4426 0.0095
5.4655 5.4096 5.4426 0.0095
5.4655 5.4096 5.4429 0.0098
5.4655 5.4096 5.4429 0.0098
5.4655 5.4096 5.4429 0.0098
5.4655 5.4096 5.4431 0.0099
5.4655 5.4096 5.4431 0.0099
5.4655 5.4096 5.4431 0.0099
5.4655 5.4096 5.4433 0.0100
5.4655 5.4096 5.4433 0.0100
5.4655 5.4096 5.4433 0.0100
5.4665 5.4096 5.4433 0.0100
5.4665 5.4096 5.4436 0.0101
5.4665 5.4096 5.4436 0.0102
5.4665 5.4096 5.4438 0.0103
5.4665 5.4096 5.4439 0.0103
5.4665 5.4096 5.4441 0.0102
5.4665 5.4096 5.4442 0.0102
5.4665 5.4096 5.4442 0.0102
5.4665 5.4096 5.4442 0.0102
5.4665 5.4096 5.4443 0.0102
5.4665 5.4096 5.4445 0.0103
5.4665 5.4096 5.4445 0.0103
5.4665 5.4096 5.4445 0.0103
5.4665 5.4096 5.4445 0.0103
5.4665 5.4096 5.4445 0.0103
5.4665 5.4096 5.4446 0.0103
5.4665 5.4096 5.4448 0.0102
5.4665 5.4096 5.4448 0.0102
5.4665 5.4096 5.4448 0.0102
5.4665 5.4096 5.4449 0.0103
5.4665 5.4096 5.4450 0.0103
5.4665 5.4096 5.4450 0.0103
5.4665 5.4096 5.4450 0.0103
5.4665 5.4096 5.4450 0.0103
5.4665 5.4096 5.4450 0.0103
5.4665 5.4096 5.4451 0.0103
5.4665 5.4096 5.4451 0.0103
5.4665 5.4096 5.4451 0.0103
5.4665 5.4096 5.4453 0.0103
5.4665 5.4096 5.4453 0.0103
5.4665 5.4096 5.4454 0.0101
5.4665 5.4096 5.4454 0.0101
5.4665 5.4096 5.4455 0.0101
5.4665 5.4096 5.4455 0.0101
5.4665 5.4096 5.4456 0.0101
5.4665 5.4096 5.4456 0.0101
5.4665 5.4096 5.4457 0.0101
5.4665 5.4096 5.4457 0.0101
5.4665 5.4096 5.4457 0.0101
5.4665 5.4096 5.4458 0.0101
5.4669 5.4096 5.4460 0.0102
5.4669 5.4096 5.4460 0.0102
5.4669 5.4096 5.4460 0.0102
5.4669 5.4096 5.4460 0.0102
5.4669 5.4096 5.4460 0.0102
5.4669 5.4096 5.4460 0.0102
5.4669 5.4096 5.4461 0.0102
5.4669 5.4096 5.4461 0.0102
5.4669 5.4096 5.4461 0.0102
5.4669 5.4096 5.4461 0.0102
5.4669 5.4096 5.4461 0.0102
5.4669 5.4096 5.4461 0.0102
5.4669 5.4096 5.4462 0.0102
5.4669 5.4096 5.4462 0.0102
5.4669 5.4096 5.4462 0.0102
5.4669 5.4096 5.4462 0.0101
5.4669 5.4096 5.4462 0.0101
5.4669 5.4096 5.4462 0.0101
5.4669 5.4096 5.4462 0.0101
5.4669 5.4096 5.4465 0.0101
5.4669 5.4096 5.4465 0.0101
5.4669 5.4191 5.4468 0.0094
5.4669 5.4191 5.4470 0.0095
5.4669 5.4191 5.4470 0.0095
5.4669 5.4191 5.4470 0.0095
5.4669 5.4191 5.4470 0.0095
5.4669 5.4191 5.4470 0.0095
5.4669 5.4191 5.4470 0.0095
5.4669 5.4191 5.4473 0.0097
5.4669 5.4191 5.4473 0.0097
5.4669 5.4191 5.4473 0.0097
5.4669 5.4191 5.4473 0.0097
5.4669 5.4191 5.4473 0.0097
5.4669 5.4191 5.4473 0.0097
5.4669 5.4191 5.4473 0.0097
5.4669 5.4191 5.4473 0.0097
5.4669 5.4191 5.4473 0.0097
5.4669 5.4191 5.4473 0.0097
5.4669 5.4191 5.4473 0.0097
5.4669 5.4191 5.4473 0.0097
5.4669 5.4191 5.4473 0.0097
5.4669 5.4191 5.4474 0.0096
5.4669 5.4191 5.4474 0.0096
5.4669 5.4191 5.4474 0.0096
5.4669 5.4191 5.4474 0.0097
5.4669 5.4191 5.4475 0.0096
5.4669 5.4191 5.4475 0.0096
5.4669 5.4191 5.4475 0.0096
5.4669 5.4191 5.4475 0.0096
5.4669 5.4191 5.4475 0.0096
5.4669 5.4191 5.4475 0.0096
5.4669 5.4191 5.4475 0.0096
5.4669 5.4191 5.4475 0.0096
5.4669 5.4191 5.4475 0.0096
5.4669 5.4191 5.4475 0.0096
5.4669 5.4191 5.4475 0.0096
5.4669 5.4191 5.4475 0.0096
5.4669 5.4191 5.4476 0.0095
5.4669 5.4191 5.4476 0.0095
5.4669 5.4191 5.4476 0.0095
5.4669 5.4191 5.4477 0.0096
5.4669 5.4191 5.4477 0.0096
5.4669 5.4191 5.4477 0.0096
5.4669 5.4191 5.4477 0.0095
5.4669 5.4191 5.4477 0.0095
5.4669 5.4191 5.4477 0.0095
5.4669 5.4191 5.4477 0.0095
5.4669 5.4191 5.4477 0.0095
5.4669 5.4191 5.4479 0.0097
5.4669 5.4191 5.4479 0.0097
5.4669 5.4191 5.4479 0.0097
5.4669 5.4191 5.4479 0.0098
5.4669 5.4191 5.4480 0.0099
5.4669 5.4191 5.4480 0.0099
5.4669 5.4191 5.4481 0.0099
5.4669 5.4191 5.4481 0.0099
5.4669 5.4191 5.4481 0.0099
5.4669 5.4191 5.4481 0.0099
5.4669 5.4191 5.4481 0.0099
5.4669 5.4191 5.4482 0.0099
5.4669 5.4191 5.4482 0.0099
5.4669 5.4191 5.4484 0.0101
5.4669 5.4191 5.4484 0.0101
5.4669 5.4191 5.4484 0.0101
5.4669 5.4191 5.4485 0.0101
5.4669 5.4191 5.4485 0.0101
5.4669 5.4191 5.4485 0.0101
5.4669 5.4191 5.4485 0.0101
5.4669 5.4191 5.4485 0.0101
5.4669 5.4191 5.4485 0.0101
5.4669 5.4191 5.4485 0.0101
5.4669 5.4191 5.4485 0.0101
5.4669 5.4191 5.4485 0.0101
5.4669 5.4191 5.4485 0.0101
5.4669 5.4191 5.4486 0.0101
5.4669 5.4191 5.4486 0.0101
5.4669 5.4191 5.4487 0.0101
5.4669 5.4191 5.4487 0.0101
5.4669 5.4191 5.4487 0.0101
5.4669 5.4191 5.4487 0.0101
5.4669 5.4191 5.4487 0.0101
5.4669 5.4191 5.4487 0.0101
5.4669 5.4191 5.4489 0.0100
5.4669 5.4191 5.4490 0.0099
5.4669 5.4191 5.4493 0.0095
5.4669 5.4191 5.4493 0.0095
5.4669 5.4191 5.4493 0.0095
5.4669 5.4191 5.4494 0.0095
5.4669 5.4191 5.4494 0.0095
5.4669 5.4191 5.4495 0.0097
5.4669 5.4191 5.4496 0.0096
5.4669 5.4191 5.4496 0.0096
5.4669 5.4191 5.4498 0.0097
5.4669 5.4191 5.4498 0.0097
5.4669 5.4191 5.4498 0.0097
5.4669 5.4191 5.4498 0.0097
5.4669 5.4191 5.4498 0.0097
5.4669 5.4191 5.4498 0.0097
5.4669 5.4191 5.4498 0.0097
5.4669 5.4191 5.4498 0.0097
5.4669 5.4191 5.4499 0.0098
5.4669 5.4191 5.4499 0.0098
5.4669 5.4191 5.4499 0.0098
5.4669 5.4191 5.4499 0.0098
5.4669 5.4191 5.4499 0.0098
5.4669 5.4191 5.4499 0.0098
5.4669 5.4191 5.4499 0.0098
5.4669 5.4191 5.4501 0.0099
5.4669 5.4191 5.4501 0.0099
5.4669 5.4191 5.4501 0.0099
5.4669 5.4191 5.4501 0.0099
5.4669 5.4191 5.4501 0.0099
5.4669 5.4191 5.4501 0.0099
5.4669 5.4191 5.4501 0.0099
5.4669 5.4191 5.4501 0.0099
5.4669 5.4191 5.4502 0.0099
5.4669 5.4191 5.4502 0.0099
5.4669 5.4191 5.4502 0.0099
5.4669 5.4191 5.4502 0.0100
5.4669 5.4191 5.4502 0.0100
5.4669 5.4191 5.4502 0.0100
5.4669 5.4191 5.4504 0.0099
5.4669 5.4191 5.4504 0.0099
5.4669 5.4191 5.4504 0.0099
5.4669 5.4191 5.4504 0.0099
5.4669 5.4191 5.4504 0.0099
5.4669 5.4191 5.4504 0.0099
5.4669 5.4191 5.4505 0.0100
5.4669 5.4191 5.4505 0.0100
5.4669 5.4191 5.4505 0.0100
5.4669 5.4191 5.4506 0.0101
5.4669 5.4191 5.4506 0.0101
5.4669 5.4191 5.4506 0.0101
5.4669 5.4191 5.4506 0.0101
5.4669 5.4191 5.4507 0.0100
5.4669 5.4191 5.4507 0.0100
5.4669 5.4191 5.4507 0.0100
5.4669 5.4191 5.4507 0.0100
5.4669 5.4191 5.4507 0.0100
5.4669 5.4191 5.4509 0.0099
5.4669 5.4191 5.4509 0.0099
5.4669 5.4191 5.4509 0.0099
5.4669 5.4191 5.4510 0.0099
5.4669 5.4191 5.4510 0.0099
5.4669 5.4191 5.4510 0.0099
5.4669 5.4191 5.4510 0.0099
5.4669 5.4191 5.4512 0.0098
5.4669 5.4191 5.4512 0.0098
5.4669 5.4191 5.4512 0.0098
5.4669 5.4191 5.4512 0.0098
5.4669 5.4191 5.4512 0.0098
5.4669 5.4191 5.4512 0.0098
5.4669 5.4191 5.4512 0.0098
5.4669 5.4191 5.4512 0.0098
5.4669 5.4191 5.4512 0.0098
5.4669 5.4191 5.4512 0.0098
5.4669 5.4191 5.4513 0.0098
5.4669 5.4191 5.4514 0.0099
5.4669 5.4191 5.4515 0.0099
5.4669 5.4191 5.4515 0.0099
5.4669 5.4191 5.4515 0.0099
5.4669 5.4191 5.4515 0.0099
5.4669 5.4225 5.4515 0.0098
5.4669 5.4225 5.4515 0.0098
5.4669 5.4225 5.4516 0.0099
5.4669 5.4225 5.4516 0.0099
5.4669 5.4225 5.4516 0.0099
5.4669 5.4225 5.4516 0.0099
5.4669 5.4225 5.4517 0.0099
5.4669 5.4225 5.4517 0.0099
5.4669 5.4225 5.4517 0.0099
5.4669 5.4225 5.4517 0.0099
5.4669 5.4225 5.4517 0.0099
5.4669 5.4225 5.4517 0.0099
5.4669 5.4225 5.4517 0.0099
5.4669 5.4225 5.4517 0.0099
5.4669 5.4225 5.4517 0.0099
5.4669 5.4225 5.4518 0.0098
5.4669 5.4225 5.4518 0.0098
5.4669 5.4225 5.4520 0.0098
5.4669 5.4225 5.4520 0.0098
5.4669 5.4225 5.4521 0.0096
5.4669 5.4225 5.4521 0.0096
5.4669 5.4225 5.4521 0.0096
5.4669 5.4225 5.4522 0.0096
5.4669 5.4225 5.4522 0.0096
5.4669 5.4225 5.4522 0.0096
5.4669 5.4225 5.4524 0.0097
5.4669 5.4225 5.4524 0.0097
5.4669 5.4225 5.4524 0.0097
5.4669 5.4225 5.4525 0.0096
5.4669 5.4225 5.4525 0.0096
5.4669 5.4338 5.4527 0.0092
5.4669 5.4338 5.4528 0.0092
5.4669 5.4338 5.4529 0.0092
5.4669 5.4338 5.4530 0.0092
5.4669 5.4338 5.4531 0.0093
5.4669 5.4338 5.4532 0.0094
5.4669 5.4338 5.4533 0.0094
5.4669 5.4338 5.4533 0.0094
5.4669 5.4338 5.4533 0.0094
5.4669 5.4338 5.4535 0.0094
5.4669 5.4338 5.4535 0.0094
5.4669 5.4338 5.4536 0.0092
5.4669 5.4338 5.4536 0.0092
5.4669 5.4338 5.4537 0.0092
5.4669 5.4338 5.4537 0.0092
5.4669 5.4338 5.4537 0.0092
5.4669 5.4338 5.4538 0.0092
5.4669 5.4338 5.4538 0.0092
5.4669 5.4338 5.4541 0.0091
5.4669 5.4338 5.4544 0.0090
5.4669 5.4338 5.4544 0.0090
5.4669 5.4338 5.4544 0.0090
5.4669 5.4338 5.4544 0.0090
5.4669 5.4338 5.4544 0.0090
5.4669 5.4338 5.4544 0.0090
5.4669 5.4338 5.4544 0.0090
5.4669 5.4338 5.4545 0.0090
5.4669 5.4338 5.4545 0.0090
5.4669 5.4338 5.4546 0.0089
5.4669 5.4338 5.4548 0.0088
5.4669 5.4338 5.4548 0.0088
5.4669 5.4338 5.4551 0.0087
5.4669 5.4338 5.4551 0.0087
5.4669 5.4338 5.4551 0.0087
5.4669 5.4338 5.4551 0.0088
5.4669 5.4338 5.4552 0.0088
5.4669 5.4338 5.4552 0.0088
5.4669 5.4338 5.4552 0.0088
5.4669 5.4338 5.4553 0.0088
5.4669 5.4338 5.4554 0.0088
5.4669 5.4338 5.4554 0.0088
5.4669 5.4338 5.4554 0.0087
5.4669 5.4338 5.4556 0.0085
5.4669 5.4338 5.4556 0.0085
5.4669 5.4338 5.4556 0.0085
5.4669 5.4338 5.4556 0.0085
5.4669 5.4338 5.4556 0.0085
5.4669 5.4338 5.4559 0.0083
5.4669 5.4338 5.4559 0.0083
5.4669 5.4338 5.4559 0.0083
5.4789 5.4338 5.4560 0.0085
5.4789 5.4338 5.4560 0.0085
5.4789 5.4338 5.4562 0.0084
5.4789 5.4338 5.4562 0.0084
5.4789 5.4338 5.4562 0.0084
5.4789 5.4338 5.4562 0.0084
5.4789 5.4338 5.4562 0.0084
5.4789 5.4338 5.4565 0.0082
5.4789 5.4338 5.4565 0.0082
5.4789 5.4338 5.4565 0.0082
5.4789 5.4338 5.4565 0.0082
5.4789 5.4338 5.4565 0.0082
5.4789 5.4338 5.4565 0.0082
5.4789 5.4338 5.4565 0.0082
5.4789 5.4338 5.4565 0.0082
5.4789 5.4338 5.4566 0.0082
5.4789 5.4338 5.4567 0.0082
5.4789 5.4338 5.4567 0.0082
5.4789 5.4338 5.4567 0.0082
5.4789 5.4338 5.4568 0.0082
5.4789 5.4338 5.4568 0.0082
5.4789 5.4338 5.4568 0.0082
5.4789 5.4338 5.4568 0.0082
5.4789 5.4338 5.4568 0.0082
5.4789 5.4338 5.4568 0.0082
5.4789 5.4338 5.4568 0.0082
5.4789 5.4338 5.4568 0.0082
5.4789 5.4338 5.4569 0.0082
5.4789 5.4338 5.4569 0.0082
5.4789 5.4338 5.4569 0.0082
5.4789 5.4338 5.4569 0.0082
5.4789 5.4338 5.4569 0.0080
5.4789 5.4338 5.4569 0.0080
5.4789 5.4338 5.4570 0.0081
5.4789 5.4338 5.4570 0.0080
5.4789 5.4338 5.4570 0.0080
5.4789 5.4338 5.4570 0.0080
5.4789 5.4338 5.4570 0.0081
5.4789 5.4338 5.4571 0.0081
5.4789 5.4338 5.4571 0.0081
5.4789 5.4338 5.4571 0.0081
5.4789 5.4338 5.4571 0.0081
5.4789 5.4338 5.4572 0.0081
5.4789 5.4338 5.4572 0.0081
5.4789 5.4338 5.4572 0.0081
5.4789 5.4338 5.4573 0.0081
5.4789 5.4338 5.4574 0.0081
5.4789 5.4338 5.4574 0.0081
5.4789 5.4338 5.4574 0.0081
5.4789 5.4338 5.4574 0.0081
5.4789 5.4338 5.4574 0.0081
5.4789 5.4338 5.4576 0.0081
5.4789 5.4338 5.4576 0.0081
5.4789 5.4338 5.4576 0.0081
5.4789 5.4338 5.4576 0.0081
5.4789 5.4338 5.4576 0.0081
5.4789 5.4338 5.4576 0.0081
5.4789 5.4338 5.4576 0.0081
5.4789 5.4338 5.4576 0.0082
5.4789 5.4338 5.4578 0.0082
5.4789 5.4338 5.4578 0.0082
5.4789 5.4338 5.4578 0.0082
5.4789 5.4338 5.4578 0.0082
5.4789 5.4338 5.4578 0.0081
5.4789 5.4338 5.4578 0.0081
5.4789 5.4338 5.4578 0.0081
5.4789 5.4338 5.4578 0.0081
5.4789 5.4338 5.4578 0.0081
5.4789 5.4338 5.4580 0.0081
5.4789 5.4338 5.4580 0.0081
5.4789 5.4338 5.4581 0.0082
5.4789 5.4338 5.4581 0.0082
5.4789 5.4338 5.4581 0.0082
5.4789 5.4338 5.4581 0.0082
5.4789 5.4338 5.4581 0.0082
5.4789 5.4338 5.4581 0.0082
5.4789 5.4338 5.4581 0.0082
5.4801 5.4338 5.4583 0.0085
5.4801 5.4338 5.4583 0.0085
5.4801 5.4338 5.4583 0.0085
5.4801 5.4338 5.4583 0.0085
5.4801 5.4338 5.4583 0.0085
5.4801 5.4338 5.4584 0.0084
5.4801 5.4338 5.4584 0.0084
5.4801 5.4338 5.4584 0.0083
5.4801 5.4338 5.4584 0.0083
5.4801 5.4338 5.4584 0.0084
5.4801 5.4338 5.4585 0.0083
5.4801 5.4338 5.4586 0.0083
5.4801 5.4338 5.4586 0.0083
5.4801 5.4338 5.4586 0.0083
5.4801 5.4338 5.4586 0.0083
5.4801 5.4338 5.4586 0.0084
5.4801 5.4338 5.4586 0.0084
5.4801 5.4346 5.4588 0.0081
5.4801 5.4346 5.4588 0.0081
5.4801 5.4346 5.4588 0.0081
5.4801 5.4346 5.4588 0.0081
5.4801 5.4346 5.4588 0.0081
5.4801 5.4346 5.4588 0.0081
5.4801 5.4346 5.4588 0.0081
5.4801 5.4346 5.4590 0.0081
5.4801 5.4346 5.4590 0.0081
5.4801 5.4346 5.4590 0.0081
5.4801 5.4346 5.4590 0.0081
5.4801 5.4346 5.4590 0.0081
5.4801 5.4346 5.4590 0.0081
5.4801 5.4346 5.4590 0.0081
5.4801 5.4346 5.4590 0.0081
5.4801 5.4346 5.4590 0.0081
5.4801 5.4346 5.4592 0.0081
5.4801 5.4346 5.4593 0.0080
5.4801 5.4346 5.4593 0.0080
5.4801 5.4346 5.4593 0.0080
5.4801 5.4346 5.4593 0.0080
5.4801 5.4346 5.4593 0.0080
5.4801 5.4405 5.4594 0.0077
5.4801 5.4405 5.4596 0.0077
5.4801 5.4405 5.4596 0.0077
5.4801 5.4405 5.4596 0.0077
5.4801 5.4405 5.4596 0.0077
5.4801 5.4405 5.4598 0.0077
5.4801 5.4405 5.4598 0.0077
5.4801 5.4405 5.4598 0.0077
5.4801 5.4405 5.4599 0.0077
5.4801 5.4405 5.4599 0.0077
5.4801 5.4405 5.4599 0.0077
5.4801 5.4405 5.4600 0.0076
5.4801 5.4405 5.4600 0.0076
5.4801 5.4405 5.4600 0.0076
5.4801 5.4405 5.4600 0.0076
5.4801 5.4405 5.4600 0.0076
5.4801 5.4405 5.4600 0.0076
5.4801 5.4405 5.4600 0.0075
5.4801 5.4405 5.4600 0.0075
5.4801 5.4405 5.4601 0.0076
5.4801 5.4405 5.4601 0.0076
5.4801 5.4405 5.4603 0.0076
5.4801 5.4405 5.4603 0.0076
5.4801 5.4405 5.4603 0.0076
5.4801 5.4405 5.4604 0.0076
5.4801 5.4405 5.4604 0.0077
5.4801 5.4405 5.4604 0.0077
5.4801 5.4405 5.4604 0.0077
5.4801 5.4405 5.4605 0.0077
5.4801 5.4405 5.4605 0.0077
5.4801 5.4405 5.4605 0.0077
5.4801 5.4405 5.4605 0.0077
5.4801 5.4405 5.4606 0.0078
5.4801 5.4405 5.4606 0.0078
5.4801 5.4405 5.4607 0.0078
5.4801 5.4405 5.4610 0.0079
5.4801 5.4405 5.4610 0.0079
5.4801 5.4405 5.4610 0.0079
5.4801 5.4405 5.4610 0.0079
5.4801 5.4405 5.4610 0.0079
5.4801 5.4405 5.4610 0.0079
5.4801 5.4405 5.4610 0.0079
5.4801 5.4405 5.4610 0.0079
5.4801 5.4405 5.4610 0.0079
5.4801 5.4405 5.4611 0.0078
5.4801 5.4405 5.4612 0.0078
5.4801 5.4405 5.4612 0.0078
5.4801 5.4405 5.4612 0.0078
5.4801 5.4405 5.4612 0.0078
5.4801 5.4405 5.4613 0.0078
5.4801 5.4405 5.4614 0.0079
5.4801 5.4405 5.4614 0.0079
5.4801 5.4405 5.4614 0.0079
5.4801 5.4405 5.4614 0.0079
5.4801 5.4405 5.4614 0.0079
5.4801 5.4405 5.4615 0.0079
5.4801 5.4405 5.4615 0.0079
5.4801 5.4405 5.4616 0.0078
5.4801 5.4405 5.4616 0.0078
5.4801 5.4405 5.4616 0.0079
5.4801 5.4405 5.4616 0.0079
5.4801 5.4405 5.4616 0.0079
5.4801 5.4405 5.4616 0.0079
5.4801 5.4405 5.4616 0.0078
5.4801 5.4405 5.4616 0.0078
5.4801 5.4405 5.4616 0.0078
5.4801 5.4405 5.4617 0.0078
5.4801 5.4405 5.4617 0.0078
5.4801 5.4405 5.4619 0.0078
5.4801 5.4405 5.4619 0.0078
5.4801 5.4405 5.4619 0.0078
5.4801 5.4405 5.4621 0.0078
5.4801 5.4405 5.4621 0.0078
5.4801 5.4405 5.4621 0.0078
5.4801 5.4405 5.4621 0.0078
5.4801 5.4405 5.4621 0.0078
5.4801 5.4405 5.4621 0.0078
5.4801 5.4405 5.4621 0.0078
5.4801 5.4405 5.4622 0.0078
5.4801 5.4405 5.4622 0.0078
5.4801 5.4405 5.4623 0.0078
5.4801 5.4405 5.4623 0.0078
5.4801 5.4405 5.4623 0.0078
5.4801 5.4405 5.4623 0.0078
5.4801 5.4405 5.4623 0.0078
5.4801 5.4405 5.4623 0.0078
5.4801 5.4405 5.4624 0.0079
5.4801 5.4405 5.4624 0.0079
5.4801 5.4405 5.4624 0.0079
5.4801 5.4405 5.4624 0.0079
5.4801 5.4405 5.4624 0.0079
5.4801 5.4405 5.4624 0.0079
5.4801 5.4405 5.4624 0.0079
5.4801 5.4405 5.4625 0.0079
5.4801 5.4405 5.4626 0.0079
5.4801 5.4405 5.4626 0.0079
5.4801 5.4405 5.4626 0.0079
5.4801 5.4405 5.4626 0.0079
5.4801 5.4405 5.4627 0.0079
5.4801 5.4405 5.4627 0.0079
5.4801 5.4405 5.4627 0.0079
5.4801 5.4405 5.4629 0.0080
5.4801 5.4405 5.4629 0.0080
5.4801 5.4405 5.4629 0.0080
5.4801 5.4405 5.4629 0.0080
5.4801 5.4405 5.4630 0.0080
5.4801 5.4405 5.4630 0.0080
5.4801 5.4405 5.4631 0.0081
5.4801 5.4405 5.4631 0.0081
5.4801 5.4405 5.4631 0.0081
5.4801 5.4405 5.4631 0.0081
5.4801 5.4405 5.4631 0.0081
5.4801 5.4405 5.4631 0.0081
5.4801 5.4405 5.4632 0.0081
5.4801 5.4405 5.4632 0.0080
5.4801 5.4405 5.4632 0.0080
5.4801 5.4405 5.4632 0.0080
5.4801 5.4405 5.4632 0.0080
5.4801 5.4405 5.4632 0.0080
5.4801 5.4405 5.4632 0.0080
5.4801 5.4405 5.4632 0.0080
5.4801 5.4405 5.4632 0.0080
5.4801 5.4405 5.4632 0.0080
5.4801 5.4405 5.4633 0.0081
5.4801 5.4405 5.4633 0.0081
5.4801 5.4405 5.4635 0.0080
5.4801 5.4405 5.4637 0.0082
5.4801 5.4405 5.4637 0.0082
5.4801 5.4405 5.4637 0.0082
5.4801 5.4405 5.4637 0.0082
5.4801 5.4405 5.4639 0.0081
5.4801 5.4405 5.4639 0.0081
5.4801 5.4405 5.4640 0.0082
5.4801 5.4405 5.4640 0.0082
5.4801 5.4405 5.4640 0.0082
5.4801 5.4405 5.4640 0.0082
5.4801 5.4405 5.4641 0.0082
5.4801 5.4405 5.4641 0.0082
5.4801 5.4405 5.4641 0.0082
5.4801 5.4405 5.4641 0.0082
5.4801 5.4405 5.4641 0.0082
5.4801 5.4405 5.4641 0.0082
5.4801 5.4405 5.4641 0.0082
5.4903 5.4405 5.4642 0.0084
5.4903 5.4405 5.4642 0.0084
5.4903 5.4405 5.4642 0.0084
5.4903 5.4405 5.4642 0.0084
5.4903 5.4405 5.4642 0.0084
5.4903 5.4405 5.4642 0.0084
5.4903 5.4405 5.4642 0.0084
5.4903 5.4405 5.4642 0.0084
5.4903 5.4405 5.4643 0.0085
5.4903 5.4405 5.4644 0.0086
5.4903 5.4405 5.4644 0.0086
5.4903 5.4405 5.4644 0.0086
5.4903 5.4405 5.4644 0.0086
5.4903 5.4405 5.4644 0.0086
5.4903 5.4405 5.4644 0.0086
5.4903 5.4405 5.4645 0.0086
5.4903 5.4405 5.4645 0.0086
5.4903 5.4405 5.4645 0.0086
5.4903 5.4405 5.4645 0.0086
5.4903 5.4405 5.4645 0.0086
5.4903 5.4405 5.4645 0.0086
5.4903 5.4405 5.4647 0.0086
5.4903 5.4405 5.4647 0.0086
5.4903 5.4405 5.4647 0.0086
5.4903 5.4405 5.4647 0.0085
5.4903 5.4405 5.4647 0.0086
5.4903 5.4405 5.4647 0.0086
5.4903 5.4405 5.4647 0.0086
5.4903 5.4405 5.4647 0.0086
5.4903 5.4428 5.4648 0.0083
5.4903 5.4428 5.4648 0.0083
5.4903 5.4488 5.4651 0.0080
5.4903 5.4488 5.4651 0.0080
5.4903 5.4488 5.4651 0.0081
5.4903 5.4488 5.4651 0.0081
5.4903 5.4488 5.4651 0.0081
5.4903 5.4490 5.4653 0.0080
5.4903 5.4490 5.4654 0.0080
5.4903 5.4490 5.4654 0.0080
5.4903 5.4490 5.4654 0.0080
5.4903 5.4490 5.4654 0.0080
5.4903 5.4490 5.4654 0.0080
5.4903 5.4490 5.4654 0.0080
5.4903 5.4490 5.4654 0.0080
5.4903 5.4490 5.4654 0.0080
5.4903 5.4490 5.4654 0.0080
5.4903 5.4490 5.4654 0.0080
5.4903 5.4490 5.4654 0.0080
5.4903 5.4490 5.4654 0.0080
5.4903 5.4490 5.4654 0.0080
5.4903 5.4490 5.4654 0.0080
5.4903 5.4490 5.4654 0.0080
5.4903 5.4490 5.4655 0.0080
5.4903 5.4490 5.4655 0.0080
5.4903 5.4490 5.4655 0.0080
5.4903 5.4490 5.4655 0.0080
5.4903 5.4490 5.4655 0.0080
5.4903 5.4490 5.4655 0.0080
5.4903 5.4490 5.4655 0.0080
5.4903 5.4490 5.4656 0.0080
5.4903 5.4490 5.4656 0.0080
5.4903 5.4490 5.4656 0.0080
5.4903 5.4490 5.4656 0.0080
5.4903 5.4490 5.4656 0.0080
5.4903 5.4490 5.4656 0.0080
5.4903 5.4490 5.4657 0.0080
5.4903 5.4490 5.4657 0.0080
5.4903 5.4490 5.4657 0.0080
5.4903 5.4490 5.4657 0.0080
5.4903 5.4490 5.4657 0.0081
5.4903 5.4490 5.4657 0.0081
5.4903 5.4490 5.4657 0.0081
5.4903 5.4490 5.4657 0.0081
5.4903 5.4490 5.4657 0.0081
5.4903 5.4490 5.4657 0.0081
5.4903 5.4490 5.4659 0.0082
5.4903 5.4490 5.4659 0.0082
5.4903 5.4490 5.4659 0.0082
5.4903 5.4490 5.4659 0.0082
5.4903 5.4490 5.4659 0.0081
5.4903 5.4490 5.4659 0.0081
5.4903 5.4490 5.4659 0.0081
5.4903 5.4490 5.4660 0.0080
5.4903 5.4490 5.4660 0.0080
5.4903 5.4490 5.4662 0.0079
5.4903 5.4490 5.4662 0.0079
5.4903 5.4490 5.4662 0.0079
5.4903 5.4490 5.4662 0.0079
5.4903 5.4490 5.4662 0.0079
5.4903 5.4490 5.4662 0.0079
5.4903 5.4490 5.4662 0.0079
5.4903 5.4490 5.4662 0.0079
5.4903 5.4490 5.4662 0.0079
5.4903 5.4490 5.4662 0.0079
5.4903 5.4490 5.4664 0.0079
5.4903 5.4490 5.4664 0.0079
5.4903 5.4490 5.4665 0.0079
5.4903 5.4490 5.4665 0.0079
5.4903 5.4490 5.4665 0.0079
5.4903 5.4490 5.4667 0.0077
5.4903 5.4490 5.4669 0.0076
5.4903 5.4490 5.4669 0.0076
5.4903 5.4490 5.4669 0.0076
5.4903 5.4490 5.4669 0.0076
5.4903 5.4490 5.4669 0.0076
5.4903 5.4490 5.4669 0.0076
5.4903 5.4490 5.4669 0.0076
5.4903 5.4490 5.4669 0.0075
5.4903 5.4490 5.4669 0.0075
5.4903 5.4490 5.4669 0.0075
5.4903 5.4490 5.4670 0.0075
5.4903 5.4490 5.4670 0.0075
5.4903 5.4490 5.4670 0.0075
5.4903 5.4490 5.4670 0.0075
5.4903 5.4490 5.4671 0.0075
5.4903 5.4490 5.4671 0.0075
5.4903 5.4490 5.4671 0.0075
5.4903 5.4490 5.4671 0.0075
5.4903 5.4490 5.4671 0.0076
5.4903 5.4490 5.4671 0.0076
5.4903 5.4490 5.4671 0.0076
5.4903 5.4490 5.4671 0.0076
5.4903 5.4490 5.4671 0.0076
5.4903 5.4490 5.4671 0.0076
5.4903 5.4490 5.4673 0.0074
5.4903 5.4490 5.4674 0.0072
5.4903 5.4490 5.4674 0.0072
5.4903 5.4490 5.4674 0.0072
5.4903 5.4490 5.4674 0.0072
5.4903 5.4490 5.4674 0.0072
5.4903 5.4490 5.4674 0.0072
5.4903 5.4490 5.4674 0.0072
5.4903 5.4490 5.4674 0.0072
5.4903 5.4490 5.4674 0.0072
5.4903 5.4490 5.4676 0.0072
5.4903 5.4490 5.4676 0.0072
5.4903 5.4490 5.4676 0.0072
5.4903 5.4490 5.4676 0.0072
5.4903 5.4490 5.4676 0.0072
5.4903 5.4490 5.4678 0.0071
5.4903 5.4492 5.4678 0.0071
5.4903 5.4492 5.4678 0.0071
5.4903 5.4492 5.4679 0.0071
5.4903 5.4492 5.4679 0.0071
5.4903 5.4492 5.4679 0.0071
5.4903 5.4492 5.4679 0.0071
5.4903 5.4492 5.4679 0.0071
5.4903 5.4492 5.4679 0.0071
5.4903 5.4492 5.4679 0.0071
5.4903 5.4492 5.4679 0.0071
5.4903 5.4492 5.4679 0.0071
5.4903 5.4492 5.4679 0.0071
5.4903 5.4492 5.4679 0.0071
5.4903 5.4492 5.4679 0.0071
5.4903 5.4492 5.4679 0.0071
5.4903 5.4492 5.4679 0.0071
5.4903 5.4492 5.4679 0.0071
5.4903 5.4492 5.4680 0.0071
5.4903 5.4492 5.4680 0.0071
5.4903 5.4492 5.4680 0.0071
5.4903 5.4492 5.4680 0.0071
5.4903 5.4492 5.4680 0.0071
5.4903 5.4492 5.4680 0.0071
5.4903 5.4492 5.4680 0.0071
5.4903 5.4492 5.4680 0.0071
5.4903 5.4492 5.4680 0.0071
5.4903 5.4492 5.4681 0.0070
5.4911 5.4492 5.4684 0.0074
5.4911 5.4492 5.4685 0.0072
5.4911 5.4492 5.4685 0.0072
5.4911 5.4492 5.4685 0.0073
5.4911 5.4492 5.4685 0.0073
5.4911 5.4492 5.4685 0.0072
5.4911 5.4492 5.4685 0.0072
5.4911 5.4492 5.4685 0.0072
5.4911 5.4492 5.4685 0.0072
5.4911 5.4492 5.4686 0.0073
5.4911 5.4492 5.4686 0.0072
5.4911 5.4492 5.4687 0.0073
5.4911 5.4492 5.4687 0.0073
5.4911 5.4492 5.4691 0.0074
5.4911 5.4492 5.4691 0.0074
5.4911 5.4492 5.4691 0.0074
5.4911 5.4492 5.4691 0.0074
5.4911 5.4492 5.4691 0.0074
5.4911 5.4492 5.4691 0.0074
5.4911 5.4492 5.4691 0.0074
5.4911 5.4492 5.4691 0.0074
5.4911 5.4492 5.4691 0.0074
5.4911 5.4492 5.4691 0.0074
5.4911 5.4492 5.4691 0.0074
5.4911 5.4492 5.4691 0.0074
5.4911 5.4492 5.4694 0.0077
5.4911 5.4492 5.4694 0.0077
5.4911 5.4492 5.4694 0.0077
5.4911 5.4492 5.4694 0.0077
5.4911 5.4492 5.4694 0.0077
5.4911 5.4492 5.4694 0.0077
5.4911 5.4492 5.4694 0.0077
5.4911 5.4492 5.4694 0.0077
5.4911 5.4492 5.4694 0.0077
5.4911 5.4492 5.4697 0.0080
5.4911 5.4492 5.4697 0.0080
5.4911 5.4492 5.4697 0.0080
5.4911 5.4492 5.4697 0.0080
5.4911 5.4492 5.4697 0.0080
5.4911 5.4492 5.4697 0.0080
5.4911 5.4492 5.4697 0.0080
5.4911 5.4492 5.4697 0.0080
5.4911 5.4492 5.4697 0.0080
5.4911 5.4492 5.4699 0.0083
5.4911 5.4492 5.4699 0.0083
5.4911 5.4492 5.4699 0.0083
5.4911 5.4492 5.4699 0.0083
5.4911 5.4492 5.4699 0.0083
5.4911 5.4492 5.4699 0.0083
5.4911 5.4492 5.4699 0.0083
5.4911 5.4492 5.4700 0.0081
5.4911 5.4492 5.4700 0.0081
5.4911 5.4492 5.4700 0.0081
5.4911 5.4492 5.4700 0.0081
5.4911 5.4492 5.4700 0.0081
5.4911 5.4492 5.4700 0.0081
5.4911 5.4492 5.4700 0.0081
5.4911 5.4492 5.4700 0.0081
5.4911 5.4536 5.4702 0.0079
5.4911 5.4536 5.4702 0.0079
5.4911 5.4536 5.4703 0.0079
5.4911 5.4536 5.4703 0.0079
5.4911 5.4536 5.4704 0.0079
5.4911 5.4536 5.4704 0.0079
5.4911 5.4536 5.4705 0.0079
5.4911 5.4536 5.4706 0.0079
5.4911 5.4536 5.4706 0.0079
5.4911 5.4536 5.4706 0.0079
5.4911 5.4536 5.4706 0.0079
5.4911 5.4536 5.4707 0.0078
5.4911 5.4536 5.4707 0.0078
5.4911 5.4536 5.4707 0.0078
5.4911 5.4536 5.4707 0.0078
5.4911 5.4536 5.4707 0.0078
5.4911 5.4536 5.4708 0.0078
5.4911 5.4536 5.4708 0.0078
5.4911 5.4536 5.4708 0.0078
5.4911 5.4536 5.4708 0.0078
5.4911 5.4536 5.4708 0.0078
5.4911 5.4536 5.4708 0.0078
5.4911 5.4536 5.4708 0.0078
5.4911 5.4536 5.4708 0.0078
5.4911 5.4536 5.4708 0.0078
5.4911 5.4536 5.4708 0.0078
5.4911 5.4536 5.4708 0.0078
5.4911 5.4536 5.4708 0.0078
5.4911 5.4536 5.4708 0.0078
5.4911 5.4536 5.4708 0.0078
5.4911 5.4536 5.4709 0.0078
5.4911 5.4536 5.4709 0.0078
5.4911 5.4536 5.4710 0.0078
5.4911 5.4536 5.4710 0.0078
5.4911 5.4536 5.4710 0.0078
5.4911 5.4536 5.4710 0.0078
5.4911 5.4536 5.4710 0.0077
5.4911 5.4536 5.4710 0.0077
5.4911 5.4540 5.4711 0.0077
5.4911 5.4540 5.4711 0.0077
5.4911 5.4540 5.4711 0.0077
5.4911 5.4542 5.4712 0.0075
5.4911 5.4542 5.4712 0.0075
5.4911 5.4542 5.4712 0.0075
5.4911 5.4542 5.4712 0.0075
5.4911 5.4542 5.4713 0.0075
5.4911 5.4542 5.4714 0.0074
5.4911 5.4542 5.4714 0.0074
5.4911 5.4578 5.4717 0.0073
5.4911 5.4578 5.4717 0.0073
5.4911 5.4578 5.4718 0.0073
5.4911 5.4578 5.4719 0.0073
5.4911 5.4578 5.4719 0.0073
5.4911 5.4578 5.4719 0.0073
5.4911 5.4578 5.4719 0.0073
5.4911 5.4578 5.4719 0.0073
5.4911 5.4578 5.4719 0.0073
5.4911 5.4578 5.4719 0.0073
5.4911 5.4578 5.4719 0.0073
5.4911 5.4578 5.4719 0.0073
5.4911 5.4578 5.4720 0.0074
5.4911 5.4578 5.4721 0.0074
5.4911 5.4578 5.4721 0.0074
5.4911 5.4578 5.4721 0.0074
5.4911 5.4578 5.4721 0.0074
5.4911 5.4578 5.4723 0.0075
5.4911 5.4578 5.4724 0.0075
5.4911 5.4578 5.4724 0.0075
5.4911 5.4578 5.4724 0.0075
5.4911 5.4578 5.4724 0.0075
5.4911 5.4578 5.4724 0.0075
5.4911 5.4578 5.4724 0.0075
5.4911 5.4578 5.4724 0.0075
5.4911 5.4578 5.4724 0.0075
5.4911 5.4578 5.4724 0.0075
5.4911 5.4578 5.4724 0.0075
5.4911 5.4578 5.4726 0.0075
5.4911 5.4578 5.4726 0.0075
5.4911 5.4578 5.4726 0.0075
5.4911 5.4578 5.4726 0.0075
5.4911 5.4578 5.4726 0.0075
5.4911 5.4578 5.4726 0.0075
5.4911 5.4578 5.4726 0.0075
5.4911 5.4578 5.4726 0.0075
5.4911 5.4578 5.4726 0.0075
5.4911 5.4578 5.4727 0.0077
5.4911 5.4578 5.4727 0.0077
5.4911 5.4578 5.4727 0.0077
5.4911 5.4578 5.4727 0.0077
5.4911 5.4578 5.4727 0.0077
5.4911 5.4578 5.4728 0.0077
5.4911 5.4578 5.4728 0.0077
5.4911 5.4578 5.4728 0.0077
5.4911 5.4578 5.4730 0.0079
5.4911 5.4578 5.4732 0.0079
5.4911 5.4578 5.4732 0.0079
5.4911 5.4578 5.4732 0.0079
5.4911 5.4578 5.4732 0.0079
5.4911 5.4578 5.4732 0.0079
5.4911 5.4578 5.4732 0.0079
5.4911 5.4578 5.4732 0.0079
5.4911 5.4578 5.4732 0.0079
5.4911 5.4578 5.4732 0.0079
5.4911 5.4578 5.4732 0.0079
5.4911 5.4578 5.4732 0.0079
5.4911 5.4578 5.4732 0.0079
5.4911 5.4578 5.4732 0.0079
5.4911 5.4578 5.4733 0.0079
5.4911 5.4578 5.4733 0.0079
5.4911 5.4578 5.4734 0.0081
5.4911 5.4578 5.4734 0.0081
5.4911 5.4578 5.4734 0.0081
5.4911 5.4578 5.4736 0.0081
5.4911 5.4578 5.4736 0.0081
5.4911 5.4578 5.4736 0.0081
5.4911 5.4578 5.4736 0.0081
5.4911 5.4578 5.4736 0.0081
5.4911 5.4578 5.4736 0.0081
5.4911 5.4578 5.4736 0.0081
5.4911 5.4578 5.4736 0.0081
5.4911 5.4578 5.4736 0.0081
5.4911 5.4578 5.4736 0.0081
5.4911 5.4578 5.4736 0.0081
5.4911 5.4578 5.4736 0.0081
5.4911 5.4578 5.4736 0.0081
5.4911 5.4578 5.4736 0.0081
5.4911 5.4578 5.4737 0.0080
5.4911 5.4578 5.4737 0.0080
5.4911 5.4578 5.4737 0.0080
5.4911 5.4578 5.4737 0.0080
5.4911 5.4578 5.4737 0.0080
5.4911 5.4578 5.4737 0.0080
5.4911 5.4578 5.4737 0.0080
5.4911 5.4578 5.4737 0.0080
5.4911 5.4578 5.4737 0.0080
5.4911 5.4578 5.4737 0.0080
5.4911 5.4578 5.4737 0.0080
5.4911 5.4578 5.4737 0.0080
5.4911 5.4578 5.4738 0.0082
5.4911 5.4578 5.4738 0.0082
5.4911 5.4578 5.4739 0.0082
5.4911 5.4578 5.4739 0.0082
5.4911 5.4578 5.4740 0.0081
5.4911 5.4578 5.4740 0.0081
5.4922 5.4578 5.4741 0.0083
5.4922 5.4578 5.4741 0.0083
5.4922 5.4578 5.4743 0.0083
5.4922 5.4578 5.4743 0.0083
5.4922 5.4578 5.4743 0.0083
5.4922 5.4578 5.4743 0.0083
5.4922 5.4578 5.4743 0.0083
5.4922 5.4578 5.4743 0.0083
5.4922 5.4578 5.4743 0.0083
5.4922 5.4578 5.4744 0.0082
5.4922 5.4578 5.4744 0.0082
5.4922 5.4578 5.4745 0.0082
5.4922 5.4578 5.4747 0.0083
5.4922 5.4578 5.4747 0.0083
5.4922 5.4578 5.4747 0.0083
5.4922 5.4578 5.4747 0.0083
5.4922 5.4578 5.4747 0.0083
5.4922 5.4578 5.4747 0.0083
5.4922 5.4578 5.4747 0.0083
5.4922 5.4578 5.4747 0.0083
5.4922 5.4578 5.4748 0.0083
5.4922 5.4578 5.4748 0.0083
5.4922 5.4578 5.4750 0.0085
5.4922 5.4578 5.4751 0.0083
5.4922 5.4578 5.4751 0.0083
5.4922 5.4578 5.4751 0.0083
5.4922 5.4578 5.4752 0.0082
5.4922 5.4578 5.4752 0.0082
5.4922 5.4578 5.4752 0.0082
5.4922 5.4578 5.4752 0.0082
5.4922 5.4578 5.4752 0.0082
5.4922 5.4578 5.4752 0.0082
5.4922 5.4578 5.4752 0.0082
5.4922 5.4578 5.4752 0.0082
5.4922 5.4578 5.4752 0.0082
5.4922 5.4578 5.4752 0.0082
5.4922 5.4578 5.4752 0.0082
5.4922 5.4578 5.4754 0.0083
5.4922 5.4578 5.4754 0.0083
5.4922 5.4578 5.4755 0.0084
5.4922 5.4578 5.4755 0.0084
5.4922 5.4578 5.4755 0.0084
5.4922 5.4578 5.4755 0.0084
5.4922 5.4578 5.4756 0.0085
5.4922 5.4578 5.4756 0.0085
5.4922 5.4578 5.4756 0.0085
5.4922 5.4578 5.4756 0.0085
5.4922 5.4578 5.4758 0.0086
5.4922 5.4578 5.4758 0.0086
5.4922 5.4578 5.4758 0.0086
5.4922 5.4578 5.4758 0.0087
5.4922 5.4578 5.4758 0.0087
5.4922 5.4578 5.4759 0.0086
5.4922 5.4578 5.4760 0.0086
5.4922 5.4578 5.4762 0.0087
5.4922 5.4578 5.4762 0.0086
5.4922 5.4578 5.4765 0.0087
5.4922 5.4578 5.4765 0.0087
5.4922 5.4578 5.4765 0.0087
5.4922 5.4578 5.4765 0.0087
5.4922 5.4578 5.4765 0.0087
5.4922 5.4578 5.4765 0.0087
5.4922 5.4578 5.4765 0.0087
5.4922 5.4578 5.4765 0.0087
5.4922 5.4578 5.4765 0.0086
5.4922 5.4578 5.4767 0.0084
5.4922 5.4578 5.4767 0.0084
5.4922 5.4578 5.4767 0.0084
5.4922 5.4578 5.4767 0.0084
5.4922 5.4578 5.4767 0.0084
5.4922 5.4578 5.4767 0.0084
5.4922 5.4578 5.4767 0.0084
5.4922 5.4578 5.4767 0.0084
5.4922 5.4578 5.4767 0.0084
5.4922 5.4578 5.4767 0.0084
5.4922 5.4578 5.4768 0.0083
5.4922 5.4578 5.4768 0.0083
5.4922 5.4578 5.4768 0.0083
5.4922 5.4578 5.4768 0.0083
5.4922 5.4578 5.4768 0.0083
5.4922 5.4578 5.4769 0.0083
5.4922 5.4578 5.4769 0.0083
5.4922 5.4578 5.4769 0.0083
5.4922 5.4578 5.4770 0.0084
5.4922 5.4578 5.4770 0.0084
5.4922 5.4578 5.4770 0.0084
5.4922 5.4578 5.4770 0.0084
5.4922 5.4578 5.4770 0.0084
5.4922 5.4578 5.4770 0.0084
5.4922 5.4578 5.4770 0.0084
5.4922 5.4578 5.4770 0.0084
5.4922 5.4578 5.4770 0.0084
5.4922 5.4578 5.4770 0.0084
5.4922 5.4578 5.4770 0.0084
5.4922 5.4578 5.4771 0.0083
5.4922 5.4578 5.4771 0.0083
5.4922 5.4578 5.4771 0.0083
5.4922 5.4578 5.4772 0.0083
5.4922 5.4578 5.4773 0.0084
5.4922 5.4578 5.4775 0.0084
5.4922 5.4578 5.4775 0.0084
5.4922 5.4578 5.4775 0.0084
5.4922 5.4578 5.4775 0.0084
5.4922 5.4578 5.4776 0.0085
5.4922 5.4578 5.4776 0.0085
5.4922 5.4578 5.4776 0.0085
5.4922 5.4578 5.4776 0.0085
5.4922 5.4578 5.4776 0.0085
5.4922 5.4578 5.4776 0.0085
5.4922 5.4578 5.4777 0.0085
5.4922 5.4578 5.4778 0.0085
5.4922 5.4578 5.4778 0.0085
5.4922 5.4578 5.4778 0.0085
5.4922 5.4578 5.4778 0.0085
5.4922 5.4578 5.4778 0.0085
5.4922 5.4578 5.4778 0.0085
5.4922 5.4578 5.4778 0.0085
5.4922 5.4578 5.4778 0.0085
5.4922 5.4578 5.4778 0.0085
5.4922 5.4578 5.4779 0.0085
5.4922 5.4578 5.4779 0.0085
5.4922 5.4578 5.4779 0.0085
5.4922 5.4578 5.4779 0.0085
5.4922 5.4578 5.4779 0.0085
5.4922 5.4578 5.4779 0.0085
5.4922 5.4578 5.4779 0.0085
5.4922 5.4607 5.4779 0.0084
5.4922 5.4607 5.4779 0.0084
5.4922 5.4607 5.4779 0.0084
5.4922 5.4607 5.4779 0.0084
5.4922 5.4607 5.4779 0.0084
5.4922 5.4607 5.4779 0.0084
5.4922 5.4607 5.4779 0.0084
5.4922 5.4607 5.4779 0.0084
5.4922 5.4607 5.4779 0.0084
5.4922 5.4607 5.4779 0.0084
5.4922 5.4607 5.4779 0.0084
5.4922 5.4607 5.4779 0.0084
5.4922 5.4607 5.4781 0.0085
5.4922 5.4607 5.4781 0.0085
5.4922 5.4607 5.4781 0.0085
5.4922 5.4607 5.4781 0.0085
5.4922 5.4607 5.4781 0.0085
5.4922 5.4607 5.4782 0.0086
5.4922 5.4607 5.4782 0.0086
5.4922 5.4607 5.4782 0.0086
5.4922 5.4607 5.4782 0.0086
5.4922 5.4607 5.4782 0.0086
5.4922 5.4607 5.4782 0.0086
5.4922 5.4607 5.4782 0.0086
5.4922 5.4607 5.4782 0.0086
5.4922 5.4607 5.4782 0.0086
5.4953 5.4607 5.4784 0.0087
5.4953 5.4607 5.4785 0.0088
5.4953 5.4607 5.4785 0.0088
5.4953 5.4607 5.4785 0.0088
5.4953 5.4607 5.4785 0.0088
5.4953 5.4607 5.4785 0.0088
5.4953 5.4607 5.4785 0.0088
5.4953 5.4607 5.4785 0.0088
5.4953 5.4607 5.4785 0.0088
5.4953 5.4607 5.4785 0.0088
5.4953 5.4607 5.4786 0.0088
5.4953 5.4607 5.4786 0.0088
5.4953 5.4607 5.4786 0.0088
5.4953 5.4607 5.4786 0.0088
5.4953 5.4607 5.4788 0.0089
5.4953 5.4607 5.4788 0.0089
5.4953 5.4607 5.4788 0.0089
5.4953 5.4607 5.4788 0.0089
5.4953 5.4607 5.4788 0.0089
5.4953 5.4607 5.4788 0.0089
5.4953 5.4607 5.4788 0.0089
5.4953 5.4607 5.4788 0.0089
5.4953 5.4607 5.4789 0.0088
5.4953 5.4610 5.4790 0.0086
5.4953 5.4664 5.4793 0.0085
5.4953 5.4664 5.4793 0.0085
5.4953 5.4664 5.4793 0.0084
5.4953 5.4664 5.4793 0.0084
5.4953 5.4664 5.4794 0.0085
5.4953 5.4664 5.4794 0.0085
5.4953 5.4664 5.4795 0.0085
5.4953 5.4664 5.4795 0.0085
5.4953 5.4664 5.4795 0.0085
5.4953 5.4664 5.4795 0.0085
5.4953 5.4664 5.4795 0.0085
5.4953 5.4664 5.4795 0.0085
5.4953 5.4664 5.4795 0.0085
5.4953 5.4664 5.4795 0.0085
5.4953 5.4664 5.4795 0.0085
5.4953 5.4664 5.4796 0.0084
5.4953 5.4664 5.4796 0.0084
5.4953 5.4664 5.4796 0.0084
5.4953 5.4664 5.4796 0.0084
5.4953 5.4664 5.4796 0.0084
5.4953 5.4664 5.4796 0.0084
5.4953 5.4664 5.4796 0.0084
5.4953 5.4664 5.4796 0.0084
5.4953 5.4664 5.4796 0.0084
5.4953 5.4664 5.4796 0.0084
5.4953 5.4664 5.4796 0.0084
5.4953 5.4664 5.4796 0.0084
5.4953 5.4664 5.4796 0.0084
5.4953 5.4664 5.4796 0.0084
5.4953 5.4664 5.4796 0.0084
5.4953 5.4664 5.4798 0.0084
5.4953 5.4664 5.4799 0.0083
5.4953 5.4664 5.4799 0.0083
5.4953 5.4664 5.4799 0.0083
5.4953 5.4664 5.4799 0.0083
5.4953 5.4664 5.4799 0.0083
5.4953 5.4664 5.4799 0.0083
5.4953 5.4664 5.4799 0.0083
5.4953 5.4664 5.4799 0.0083
5.4953 5.4664 5.4799 0.0083
5.4953 5.4664 5.4799 0.0083
5.4953 5.4664 5.4799 0.0083
5.4953 5.4664 5.4799 0.0083
5.4953 5.4664 5.4799 0.0083
5.4953 5.4664 5.4800 0.0082
5.4953 5.4664 5.4802 0.0083
5.4953 5.4664 5.4802 0.0083
5.4953 5.4664 5.4802 0.0083
5.4953 5.4664 5.4802 0.0083
5.4953 5.4664 5.4802 0.0083
5.4953 5.4664 5.4802 0.0083
5.4953 5.4664 5.4802 0.0083
5.4953 5.4664 5.4802 0.0083
5.4953 5.4664 5.4802 0.0083
5.4953 5.4664 5.4802 0.0083
5.4953 5.4664 5.4802 0.0083
5.4953 5.4664 5.4802 0.0083
5.4953 5.4664 5.4802 0.0083
5.4953 5.4664 5.4802 0.0083
5.4953 5.4664 5.4802 0.0083
5.4953 5.4664 5.4802 0.0083
5.4953 5.4664 5.4802 0.0083
5.4953 5.4664 5.4802 0.0083
5.4953 5.4664 5.4804 0.0082
5.4953 5.4664 5.4804 0.0082
5.4953 5.4664 5.4806 0.0082
5.4953 5.4664 5.4806 0.0082
5.4953 5.4664 5.4806 0.0082
5.4953 5.4664 5.4806 0.0082
5.4953 5.4664 5.4806 0.0082
5.4953 5.4664 5.4808 0.0081
5.4953 5.4664 5.4808 0.0081
5.4953 5.4664 5.4808 0.0081
5.4953 5.4664 5.4808 0.0081
5.4953 5.4664 5.4808 0.0081
5.4953 5.4664 5.4808 0.0081
5.4953 5.4664 5.4808 0.0081
5.4984 5.4664 5.4809 0.0083
5.4984 5.4664 5.4810 0.0083
5.4984 5.4664 5.4810 0.0083
5.4984 5.4664 5.4811 0.0083
5.4984 5.4664 5.4813 0.0083
5.4984 5.4664 5.4813 0.0083
5.4984 5.4664 5.4814 0.0083
5.4984 5.4664 5.4814 0.0083
5.4984 5.4664 5.4814 0.0083
5.4984 5.4664 5.4814 0.0083
5.4984 5.4664 5.4814 0.0083
5.4984 5.4664 5.4814 0.0083
5.4984 5.4664 5.4814 0.0083
5.4984 5.4664 5.4814 0.0083
5.4984 5.4664 5.4814 0.0083
5.4984 5.4664 5.4814 0.0083
5.4984 5.4664 5.4816 0.0084
5.4984 5.4664 5.4816 0.0084
5.4984 5.4664 5.4816 0.0084
5.4984 5.4664 5.4816 0.0084
5.4984 5.4664 5.4816 0.0084
5.4984 5.4664 5.4816 0.0084
5.4984 5.4664 5.4816 0.0084
5.4984 5.4664 5.4816 0.0084
5.4984 5.4664 5.4816 0.0084
5.4984 5.4664 5.4816 0.0084
5.4984 5.4664 5.4816 0.0084
5.4984 5.4664 5.4816 0.0084
5.4984 5.4664 5.4816 0.0084
5.4984 5.4664 5.4817 0.0084
5.4984 5.4664 5.4817 0.0084
5.4984 5.4664 5.4817 0.0084
5.4984 5.4664 5.4817 0.0084
5.4984 5.4664 5.4817 0.0084
5.4984 5.4664 5.4817 0.0084
5.4984 5.4664 5.4818 0.0084
5.4984 5.4664 5.4818 0.0084
5.4984 5.4664 5.4818 0.0084
5.4984 5.4664 5.4818 0.0084
5.4984 5.4664 5.4818 0.0084
5.4984 5.4664 5.4818 0.0084
5.4984 5.4664 5.4820 0.0085
5.4984 5.4664 5.4820 0.0085
5.4984 5.4664 5.4820 0.0085
5.4984 5.4664 5.4821 0.0083
5.4984 5.4664 5.4821 0.0083
5.4984 5.4664 5.4821 0.0083
5.4984 5.4664 5.4821 0.0083
5.4984 5.4664 5.4821 0.0083
5.4984 5.4664 5.4821 0.0083
5.4984 5.4664 5.4821 0.0083
5.4984 5.4664 5.4821 0.0083
5.4984 5.4664 5.4821 0.0083
5.4984 5.4664 5.4822 0.0084
5.4984 5.4664 5.4822 0.0084
5.4984 5.4664 5.4822 0.0084
5.4984 5.4664 5.4822 0.0084
5.4984 5.4664 5.4823 0.0085
5.4984 5.4664 5.4824 0.0085
5.4984 5.4664 5.4824 0.0085
5.4984 5.4664 5.4824 0.0085
5.4984 5.4664 5.4824 0.0085
5.4984 5.4664 5.4824 0.0085
5.4984 5.4664 5.4824 0.0085
5.4984 5.4664 5.4824 0.0085
5.4984 5.4664 5.4824 0.0085
5.4984 5.4664 5.4824 0.0085
5.4984 5.4664 5.4824 0.0085
5.4984 5.4664 5.4825 0.0084
5.4984 5.4664 5.4827 0.0085
5.4984 5.4664 5.4827 0.0085
5.4984 5.4664 5.4827 0.0085
5.4984 5.4664 5.4828 0.0085
5.4984 5.4664 5.4829 0.0084
5.4984 5.4664 5.4829 0.0084
5.4984 5.4664 5.4829 0.0084
5.4984 5.4664 5.4829 0.0084
5.4984 5.4664 5.4829 0.0084
5.4984 5.4664 5.4829 0.0084
5.4984 5.4664 5.4831 0.0084
5.4984 5.4664 5.4831 0.0084
5.4984 5.4664 5.4831 0.0084
5.4984 5.4664 5.4831 0.0084
5.4984 5.4664 5.4831 0.0084
5.4984 5.4664 5.4831 0.0084
5.4984 5.4664 5.4833 0.0084
5.4984 5.4664 5.4833 0.0084
5.4984 5.4664 5.4833 0.0084
5.4984 5.4664 5.4833 0.0084
5.4984 5.4664 5.4833 0.0084
5.4984 5.4664 5.4833 0.0084
5.4984 5.4664 5.4833 0.0084
5.4984 5.4664 5.4833 0.0084
5.4984 5.4664 5.4833 0.0084
5.4984 5.4664 5.4835 0.0084
5.4984 5.4664 5.4835 0.0084
5.4984 5.4664 5.4835 0.0084
5.4984 5.4664 5.4836 0.0084
5.4984 5.4664 5.4836 0.0084
5.4984 5.4664 5.4837 0.0083
5.4984 5.4664 5.4838 0.0083
5.4984 5.4664 5.4838 0.0083
5.4984 5.4664 5.4838 0.0083
5.4984 5.4664 5.4838 0.0083
5.4984 5.4664 5.4838 0.0083
5.4984 5.4664 5.4838 0.0083
5.4984 5.4664 5.4839 0.0083
5.4984 5.4664 5.4841 0.0083
5.4984 5.4664 5.4841 0.0083
5.4984 5.4664 5.4842 0.0082
5.4984 5.4664 5.4842 0.0082
5.4984 5.4664 5.4842 0.0082
5.4984 5.4664 5.4843 0.0082
5.4984 5.4664 5.4844 0.0082
5.4984 5.4664 5.4844 0.0082
5.4984 5.4664 5.4845 0.0083
5.4984 5.4664 5.4845 0.0083
5.4984 5.4664 5.4845 0.0083
5.4984 5.4664 5.4845 0.0083
5.4984 5.4664 5.4845 0.0083
5.4984 5.4664 5.4845 0.0083
5.4984 5.4664 5.4847 0.0083
5.4984 5.4664 5.4847 0.0083
5.4984 5.4664 5.4847 0.0083
5.4984 5.4664 5.4847 0.0083
5.4984 5.4664 5.4847 0.0083
5.4984 5.4664 5.4847 0.0083
5.4984 5.4664 5.4849 0.0083
5.4984 5.4664 5.4850 0.0082
5.4984 5.4664 5.4850 0.0082
5.4984 5.4664 5.4850 0.0082
5.4984 5.4664 5.4850 0.0082
5.4984 5.4664 5.4852 0.0082
5.4984 5.4664 5.4852 0.0082
5.4984 5.4664 5.4852 0.0082
5.4984 5.4664 5.4852 0.0082
5.4984 5.4664 5.4852 0.0082
5.4984 5.4664 5.4852 0.0082
5.4984 5.4664 5.4852 0.0082
5.4984 5.4664 5.4852 0.0082
5.4984 5.4664 5.4852 0.0082
5.4984 5.4665 5.4854 0.0080
5.4984 5.4665 5.4854 0.0080
5.4984 5.4665 5.4854 0.0079
5.4984 5.4665 5.4854 0.0079
5.4984 5.4665 5.4854 0.0079
5.4984 5.4665 5.4854 0.0079
5.4984 5.4665 5.4854 0.0079
5.4984 5.4665 5.4854 0.0079
5.4984 5.4665 5.4854 0.0079
5.4984 5.4665 5.4854 0.0079
5.4984 5.4665 5.4854 0.0079
5.4984 5.4665 5.4854 0.0079
5.4984 5.4665 5.4854 0.0079
5.4984 5.4665 5.4854 0.0079
5.4984 5.4665 5.4854 0.0079
5.4984 5.4665 5.4854 0.0079
5.4984 5.4665 5.4854 0.0079
5.4984 5.4665 5.4856 0.0078
5.4984 5.4665 5.4856 0.0078
5.4984 5.4665 5.4856 0.0078
5.4984 5.4665 5.4856 0.0078
5.4984 5.4665 5.4856 0.0078
5.4984 5.4665 5.4856 0.0078
5.4984 5.4665 5.4856 0.0078
5.4984 5.4665 5.4856 0.0078
5.4984 5.4665 5.4856 0.0078
5.4984 5.4665 5.4856 0.0078
5.4984 5.4665 5.4856 0.0078
5.4984 5.4665 5.4856 0.0078
5.4984 5.4665 5.4856 0.0078
5.4984 5.4665 5.4856 0.0078
5.4984 5.4665 5.4856 0.0078
5.4984 5.4665 5.4856 0.0078
5.4984 5.4665 5.4856 0.0078
5.4984 5.4665 5.4856 0.0078
5.4984 5.4665 5.4856 0.0078
5.4984 5.4665 5.4856 0.0078
5.4984 5.4665 5.4856 0.0078
5.4984 5.4665 5.4856 0.0078
5.4984 5.4665 5.4856 0.0078
5.4984 5.4665 5.4856 0.0078
5.4984 5.4665 5.4856 0.0078
5.4984 5.4665 5.4856 0.0078
5.4984 5.4665 5.4856 0.0078
5.4984 5.4665 5.4856 0.0078
5.4984 5.4665 5.4857 0.0078
5.4984 5.4665 5.4857 0.0078
5.4984 5.4665 5.4857 0.0078
5.4984 5.4665 5.4857 0.0078
5.4984 5.4665 5.4857 0.0078
5.4984 5.4665 5.4857 0.0078
5.4984 5.4665 5.4857 0.0078
5.4984 5.4665 5.4857 0.0078
5.4984 5.4665 5.4857 0.0078
5.4984 5.4665 5.4857 0.0078
5.4984 5.4665 5.4857 0.0078
5.4984 5.4665 5.4857 0.0078
5.4984 5.4665 5.4857 0.0078
5.4984 5.4665 5.4857 0.0078
5.4984 5.4665 5.4857 0.0078
5.4984 5.4665 5.4857 0.0078
5.4984 5.4665 5.4859 0.0078
5.4984 5.4665 5.4859 0.0078
5.4984 5.4665 5.4859 0.0078
5.4984 5.4665 5.4859 0.0078
5.4984 5.4665 5.4859 0.0077
5.4984 5.4665 5.4859 0.0077
5.4984 5.4665 5.4859 0.0077
5.4984 5.4665 5.4859 0.0077
5.4984 5.4665 5.4860 0.0077
5.4984 5.4665 5.4860 0.0077
5.4984 5.4665 5.4860 0.0077
5.4984 5.4665 5.4860 0.0077
5.4984 5.4665 5.4860 0.0077
5.4984 5.4665 5.4860 0.0077
5.4984 5.4665 5.4860 0.0077
5.4984 5.4665 5.4860 0.0077
5.4984 5.4665 5.4860 0.0077
5.4984 5.4665 5.4860 0.0077
5.4984 5.4665 5.4860 0.0077
5.4984 5.4665 5.4860 0.0077
5.4984 5.4665 5.4860 0.0077
5.4984 5.4665 5.4862 0.0078
5.4984 5.4665 5.4862 0.0078
5.4984 5.4665 5.4862 0.0078
5.4984 5.4665 5.4862 0.0078
5.4984 5.4665 5.4862 0.0078
5.4984 5.4665 5.4863 0.0078
5.4984 5.4665 5.4863 0.0078
5.4984 5.4665 5.4863 0.0078
5.4984 5.4665 5.4863 0.0078
5.4984 5.4665 5.4863 0.0078
5.4984 5.4665 5.4863 0.0078
5.4984 5.4665 5.4863 0.0078
5.4984 5.4665 5.4863 0.0078
5.4984 5.4665 5.4864 0.0078
5.4984 5.4665 5.4864 0.0078
5.4984 5.4665 5.4864 0.0078
5.4984 5.4665 5.4864 0.0078
5.4984 5.4665 5.4864 0.0078
5.4984 5.4665 5.4864 0.0078
5.4984 5.4665 5.4864 0.0078
5.4984 5.4665 5.4864 0.0078
5.4984 5.4665 5.4864 0.0078
5.4984 5.4665 5.4864 0.0078
5.4984 5.4665 5.4864 0.0078
5.4984 5.4665 5.4864 0.0078
5.4984 5.4665 5.4864 0.0078
5.4984 5.4665 5.4864 0.0078
5.4984 5.4665 5.4864 0.0078
5.4984 5.4665 5.4865 0.0077
5.4984 5.4665 5.4865 0.0077
5.4984 5.4665 5.4865 0.0077
5.5072 5.4665 5.4866 0.0080
5.5072 5.4665 5.4866 0.0080
5.5072 5.4665 5.4867 0.0080
5.5072 5.4665 5.4867 0.0080
5.5072 5.4665 5.4867 0.0080
5.5072 5.4665 5.4867 0.0080
5.5072 5.4665 5.4868 0.0081
5.5072 5.4665 5.4868 0.0081
5.5072 5.4665 5.4868 0.0081
5.5072 5.4665 5.4868 0.0081
5.5072 5.4665 5.4868 0.0081
5.5072 5.4665 5.4868 0.0081
5.5072 5.4665 5.4868 0.0081
5.5072 5.4665 5.4869 0.0078
5.5072 5.4665 5.4871 0.0078
5.5072 5.4665 5.4871 0.0078
5.5072 5.4665 5.4871 0.0078
5.5072 5.4665 5.4872 0.0077
5.5072 5.4665 5.4872 0.0077
5.5072 5.4665 5.4873 0.0077
5.5072 5.4665 5.4873 0.0077
5.5072 5.4665 5.4873 0.0077
5.5072 5.4665 5.4873 0.0077
5.5072 5.4665 5.4873 0.0077
5.5072 5.4665 5.4873 0.0077
5.5072 5.4665 5.4873 0.0077
5.5072 5.4665 5.4874 0.0077
5.5072 5.4665 5.4874 0.0077
5.5072 5.4665 5.4875 0.0077
5.5072 5.4665 5.4875 0.0077
5.5072 5.4666 5.4876 0.0075
5.5072 5.4666 5.4877 0.0075
5.5072 5.4666 5.4877 0.0075
5.5072 5.4666 5.4877 0.0075
5.5072 5.4666 5.4877 0.0075
5.5072 5.4666 5.4877 0.0075
5.5072 5.4666 5.4877 0.0075
5.5072 5.4666 5.4877 0.0075
5.5072 5.4666 5.4879 0.0074
5.5072 5.4666 5.4880 0.0073
5.5072 5.4666 5.4880 0.0073
5.5072 5.4666 5.4880 0.0073
5.5072 5.4666 5.4880 0.0073
5.5072 5.4666 5.4880 0.0073
5.5072 5.4666 5.4880 0.0073
5.5072 5.4666 5.4880 0.0073
5.5072 5.4666 5.4880 0.0073
5.5072 5.4666 5.4880 0.0073
5.5072 5.4666 5.4880 0.0073
5.5072 5.4666 5.4880 0.0073
5.5072 5.4666 5.4882 0.0075
5.5072 5.4666 5.4882 0.0075
5.5072 5.4666 5.4882 0.0075
5.5072 5.4666 5.4883 0.0074
5.5072 5.4666 5.4883 0.0074
5.5072 5.4666 5.4883 0.0074
5.5072 5.4666 5.4884 0.0074
5.5072 5.4666 5.4884 0.0074
5.5072 5.4666 5.4885 0.0073
5.5072 5.4666 5.4885 0.0073
5.5072 5.4666 5.4885 0.0073
5.5072 5.4666 5.4886 0.0073
5.5072 5.4666 5.4886 0.0073
5.5072 5.4666 5.4886 0.0073
5.5072 5.4666 5.4886 0.0073
5.5072 5.4666 5.4886 0.0073
5.5072 5.4666 5.4886 0.0073
5.5072 5.4666 5.4888 0.0072
5.5072 5.4666 5.4890 0.0069
5.5072 5.4666 5.4890 0.0069
5.5072 5.4666 5.4890 0.0069
5.5072 5.4666 5.4890 0.0069
5.5072 5.4666 5.4890 0.0069
5.5072 5.4666 5.4890 0.0069
5.5072 5.4666 5.4890 0.0069
5.5072 5.4666 5.4890 0.0069
5.5072 5.4666 5.4891 0.0069
5.5072 5.4666 5.4893 0.0067
5.5072 5.4666 5.4893 0.0067
5.5072 5.4666 5.4893 0.0067
5.5072 5.4666 5.4893 0.0067
5.5072 5.4666 5.4893 0.0067
5.5072 5.4666 5.4893 0.0067
5.5072 5.4666 5.4893 0.0067
5.5072 5.4666 5.4893 0.0067
5.5072 5.4666 5.4893 0.0067
5.5072 5.4666 5.4893 0.0067
5.5072 5.4666 5.4893 0.0067
5.5072 5.4666 5.4893 0.0067
5.5072 5.4666 5.4893 0.0067
5.5072 5.4666 5.4893 0.0067
5.5072 5.4666 5.4893 0.0067
5.5072 5.4666 5.4893 0.0067
5.5072 5.4666 5.4893 0.0067
5.5072 5.4666 5.4893 0.0067
5.5072 5.4666 5.4893 0.0067
5.5072 5.4666 5.4893 0.0067
5.5072 5.4666 5.4893 0.0067
5.5072 5.4666 5.4893 0.0067
5.5072 5.4666 5.4893 0.0067
5.5072 5.4666 5.4893 0.0067
5.5072 5.4666 5.4893 0.0067
5.5072 5.4666 5.4893 0.0067
5.5072 5.4666 5.4896 0.0068
5.5072 5.4666 5.4896 0.0068
5.5072 5.4666 5.4896 0.0068
5.5072 5.4666 5.4896 0.0068
5.5072 5.4666 5.4896 0.0068
5.5072 5.4666 5.4896 0.0068
5.5072 5.4666 5.4896 0.0068
5.5072 5.4666 5.4896 0.0068
5.5072 5.4666 5.4896 0.0068
5.5072 5.4666 5.4896 0.0068
5.5072 5.4666 5.4896 0.0068
5.5072 5.4666 5.4897 0.0068
5.5072 5.4666 5.4897 0.0068
5.5072 5.4666 5.4897 0.0068
5.5072 5.4666 5.4897 0.0068
5.5072 5.4666 5.4897 0.0068
5.5072 5.4666 5.4897 0.0068
5.5072 5.4666 5.4897 0.0068
5.5072 5.4666 5.4897 0.0068
5.5072 5.4666 5.4897 0.0068
5.5072 5.4666 5.4897 0.0068
5.5072 5.4666 5.4897 0.0068
5.5072 5.4666 5.4897 0.0068
5.5072 5.4666 5.4897 0.0068
5.5072 5.4666 5.4897 0.0068
5.5072 5.4666 5.4897 0.0068
5.5072 5.4666 5.4897 0.0068
5.5072 5.4666 5.4897 0.0068
5.5072 5.4666 5.4897 0.0068
5.5072 5.4666 5.4897 0.0068
5.5072 5.4666 5.4897 0.0068
5.5072 5.4666 5.4897 0.0068
5.5072 5.4666 5.4897 0.0068
5.5072 5.4666 5.4897 0.0068
5.5072 5.4666 5.4897 0.0068
5.5072 5.4666 5.4898 0.0066
5.5072 5.4666 5.4898 0.0066
5.5072 5.4666 5.4898 0.0066
5.5072 5.4666 5.4899 0.0066
5.5072 5.4666 5.4899 0.0066
5.5072 5.4666 5.4899 0.0066
5.5072 5.4666 5.4899 0.0066
5.5072 5.4666 5.4899 0.0066
5.5072 5.4666 5.4899 0.0066
5.5072 5.4666 5.4899 0.0066
5.5072 5.4666 5.4899 0.0066
5.5072 5.4666 5.4899 0.0066
5.5072 5.4666 5.4899 0.0066
5.5072 5.4666 5.4899 0.0066
5.5072 5.4666 5.4899 0.0066
5.5072 5.4666 5.4899 0.0066
5.5072 5.4666 5.4899 0.0066
5.5072 5.4666 5.4899 0.0066
5.5072 5.4666 5.4901 0.0066
5.5072 5.4666 5.4901 0.0066
5.5072 5.4666 5.4901 0.0066
5.5072 5.4666 5.4901 0.0066
5.5072 5.4666 5.4901 0.0066
5.5072 5.4666 5.4901 0.0066
5.5072 5.4666 5.4901 0.0066
5.5072 5.4666 5.4901 0.0066
5.5072 5.4666 5.4903 0.0064
5.5072 5.4666 5.4903 0.0064
5.5072 5.4666 5.4903 0.0064
5.5072 5.4666 5.4903 0.0064
5.5072 5.4666 5.4903 0.0064
5.5072 5.4666 5.4903 0.0064
5.5072 5.4666 5.4903 0.0064
5.5072 5.4666 5.4903 0.0064
5.5072 5.4666 5.4903 0.0064
5.5072 5.4666 5.4903 0.0064
5.5072 5.4666 5.4903 0.0064
5.5072 5.4666 5.4903 0.0064
5.5072 5.4666 5.4903 0.0064
5.5072 5.4666 5.4903 0.0064
5.5072 5.4666 5.4903 0.0064
5.5072 5.4666 5.4904 0.0064
5.5072 5.4666 5.4904 0.0064
5.5072 5.4666 5.4904 0.0064
5.5072 5.4666 5.4904 0.0064
5.5072 5.4666 5.4905 0.0064
5.5072 5.4666 5.4905 0.0064
5.5072 5.4666 5.4905 0.0064
5.5072 5.4666 5.4905 0.0064
5.5072 5.4666 5.4905 0.0064
5.5072 5.4666 5.4905 0.0064
5.5072 5.4666 5.4906 0.0064
5.5072 5.4666 5.4906 0.0064
5.5072 5.4666 5.4907 0.0063
5.5072 5.4666 5.4907 0.0063
5.5072 5.4666 5.4907 0.0063
5.5072 5.4666 5.4908 0.0062
5.5072 5.4666 5.4908 0.0062
5.5072 5.4666 5.4908 0.0062
5.5072 5.4666 5.4908 0.0062
5.5072 5.4666 5.4910 0.0063
5.5072 5.4666 5.4910 0.0063
5.5072 5.4666 5.4910 0.0063
5.5072 5.4666 5.4911 0.0063
5.5072 5.4666 5.4911 0.0063
5.5072 5.4666 5.4911 0.0063
5.5072 5.4666 5.4911 0.0063
5.5072 5.4666 5.4911 0.0063
5.5072 5.4666 5.4911 0.0063
5.5072 5.4666 5.4911 0.0063
5.5072 5.4666 5.4911 0.0063
5.5072 5.4666 5.4911 0.0063
5.5072 5.4666 5.4911 0.0063
5.5072 5.4666 5.4911 0.0063
5.5072 5.4666 5.4911 0.0063
5.5072 5.4666 5.4911 0.0063
5.5072 5.4666 5.4911 0.0063
5.5072 5.4666 5.4911 0.0063
5.5072 5.4666 5.4911 0.0063
5.5072 5.4666 5.4911 0.0063
5.5072 5.4666 5.4911 0.0063
5.5072 5.4666 5.4911 0.0063
5.5072 5.4666 5.4911 0.0063
5.5072 5.4666 5.4911 0.0063
5.5072 5.4666 5.4911 0.0063
5.5072 5.4666 5.4911 0.0064
5.5072 5.4666 5.4911 0.0064
5.5072 5.4666 5.4911 0.0064
5.5072 5.4666 5.4911 0.0064
5.5072 5.4666 5.4911 0.0064
5.5072 5.4666 5.4912 0.0064
5.5072 5.4666 5.4912 0.0064
5.5072 5.4666 5.4912 0.0064
5.5072 5.4666 5.4912 0.0064
5.5072 5.4666 5.4912 0.0064
5.5072 5.4666 5.4912 0.0064
5.5072 5.4666 5.4912 0.0064
5.5072 5.4666 5.4912 0.0064
5.5072 5.4666 5.4912 0.0064
5.5072 5.4666 5.4912 0.0064
5.5072 5.4666 5.4914 0.0063
5.5072 5.4666 5.4914 0.0063
5.5072 5.4666 5.4914 0.0063
5.5072 5.4666 5.4914 0.0063
5.5072 5.4666 5.4914 0.0063
5.5072 5.4666 5.4914 0.0063
5.5072 5.4666 5.4914 0.0063
5.5072 5.4666 5.4914 0.0063
5.5072 5.4666 5.4914 0.0063
5.5072 5.4666 5.4914 0.0063
5.5072 5.4666 5.4914 0.0063
5.5072 5.4666 5.4914 0.0063
5.5072 5.4666 5.4914 0.0063
5.5072 5.4666 5.4915 0.0063
5.5072 5.4666 5.4915 0.0063
5.5072 5.4666 5.4915 0.0063
5.5072 5.4666 5.4915 0.0063
5.5072 5.4666 5.4915 0.0063
5.5072 5.4666 5.4915 0.0063
5.5072 5.4666 5.4915 0.0063
5.5072 5.4666 5.4915 0.0063
5.5072 5.4666 5.4915 0.0063
5.5072 5.4666 5.4915 0.0063
5.5072 5.4666 5.4915 0.0063
5.5072 5.4666 5.4915 0.0063
5.5072 5.4666 5.4915 0.0063
5.5072 5.4666 5.4915 0.0063
5.5072 5.4666 5.4915 0.0063
5.5072 5.4666 5.4915 0.0063
5.5072 5.4666 5.4915 0.0063
5.5072 5.4666 5.4915 0.0063
5.5072 5.4666 5.4915 0.0063
5.5072 5.4666 5.4915 0.0063
5.5072 5.4666 5.4915 0.0063
5.5072 5.4666 5.4918 0.0063
5.5072 5.4666 5.4918 0.0063
5.5072 5.4666 5.4918 0.0063
5.5072 5.4666 5.4920 0.0065
5.5072 5.4666 5.4920 0.0065
5.5072 5.4666 5.4920 0.0065
5.5072 5.4666 5.4920 0.0065
5.5072 5.4666 5.4920 0.0065
5.5072 5.4666 5.4920 0.0065
5.5072 5.4666 5.4920 0.0065
5.5072 5.4666 5.4920 0.0065
5.5072 5.4666 5.4920 0.0065
5.5072 5.4666 5.4920 0.0065
5.5072 5.4666 5.4920 0.0065
5.5072 5.4666 5.4920 0.0065
5.5072 5.4666 5.4920 0.0065
5.5072 5.4666 5.4920 0.0065
5.5072 5.4666 5.4920 0.0065
5.5072 5.4666 5.4920 0.0065
5.5072 5.4666 5.4920 0.0065
5.5072 5.4666 5.4920 0.0065
5.5072 5.4666 5.4921 0.0065
5.5072 5.4666 5.4921 0.0065
5.5072 5.4666 5.4921 0.0065
5.5072 5.4666 5.4921 0.0065
5.5072 5.4666 5.4921 0.0065
5.5072 5.4666 5.4921 0.0065
5.5072 5.4666 5.4921 0.0065
5.5072 5.4666 5.4921 0.0065
5.5072 5.4666 5.4921 0.0065
5.5072 5.4666 5.4922 0.0065
5.5072 5.4666 5.4922 0.0065
5.5072 5.4666 5.4922 0.0065
5.5072 5.4666 5.4922 0.0065
5.5072 5.4666 5.4922 0.0065
5.5072 5.4666 5.4922 0.0065
5.5072 5.4666 5.4924 0.0067
5.5072 5.4666 5.4924 0.0067
5.5072 5.4666 5.4924 0.0067
5.5072 5.4666 5.4924 0.0067
5.5072 5.4666 5.4924 0.0067
5.5072 5.4666 5.4924 0.0067
5.5072 5.4666 5.4924 0.0067
5.5072 5.4666 5.4924 0.0067
5.5072 5.4666 5.4925 0.0068
5.5072 5.4666 5.4927 0.0070
5.5072 5.4666 5.4927 0.0070
5.5072 5.4666 5.4927 0.0070
5.5072 5.4666 5.4927 0.0070
5.5072 5.4666 5.4927 0.0070
5.5072 5.4666 5.4927 0.0070
5.5072 5.4666 5.4927 0.0070
5.5072 5.4666 5.4927 0.0070
5.5072 5.4666 5.4927 0.0070
5.5072 5.4666 5.4927 0.0070
5.5072 5.4666 5.4927 0.0070
5.5072 5.4666 5.4927 0.0070
5.5072 5.4666 5.4927 0.0070
5.5072 5.4666 5.4927 0.0070
5.5072 5.4666 5.4927 0.0070
5.5072 5.4666 5.4927 0.0070
5.5072 5.4666 5.4927 0.0070
5.5072 5.4666 5.4927 0.0070
5.5072 5.4666 5.4927 0.0070
5.5072 5.4666 5.4927 0.0070
5.5072 5.4666 5.4927 0.0070
5.5072 5.4666 5.4927 0.0070
5.5072 5.4666 5.4927 0.0070
5.5072 5.4666 5.4927 0.0070
5.5072 5.4666 5.4928 0.0070
5.5072 5.4666 5.4929 0.0071
5.5072 5.4666 5.4929 0.0071
5.5072 5.4666 5.4929 0.0071
5.5072 5.4666 5.4929 0.0071
5.5072 5.4666 5.4929 0.0071
5.5072 5.4666 5.4930 0.0070
5.5072 5.4666 5.4930 0.0070
5.5072 5.4666 5.4930 0.0070
5.5072 5.4666 5.4930 0.0070
5.5072 5.4666 5.4930 0.0070
5.5072 5.4666 5.4930 0.0070
5.5072 5.4666 5.4930 0.0070
5.5072 5.4666 5.4930 0.0070
5.5072 5.4666 5.4930 0.0070
5.5072 5.4666 5.4930 0.0070
5.5072 5.4666 5.4930 0.0070
5.5072 5.4666 5.4932 0.0071
5.5072 5.4666 5.4932 0.0071
5.5072 5.4666 5.4932 0.0071
5.5072 5.4666 5.4932 0.0071
5.5072 5.4666 5.4932 0.0071
5.5072 5.4666 5.4932 0.0071
5.5072 5.4666 5.4932 0.0071
5.5072 5.4666 5.4932 0.0071
5.5072 5.4666 5.4932 0.0071
5.5072 5.4666 5.4933 0.0072
5.5072 5.4666 5.4933 0.0072
5.5072 5.4666 5.4933 0.0072
5.5072 5.4666 5.4933 0.0072
5.5072 5.4666 5.4933 0.0072
5.5072 5.4666 5.4933 0.0072
5.5072 5.4666 5.4933 0.0072
5.5072 5.4666 5.4933 0.0072
5.5072 5.4666 5.4933 0.0072
5.5072 5.4666 5.4933 0.0072
5.5072 5.4666 5.4933 0.0072
5.5072 5.4666 5.4933 0.0072
5.5072 5.4666 5.4934 0.0072
5.5072 5.4666 5.4934 0.0072
5.5072 5.4666 5.4934 0.0072
5.5072 5.4666 5.4934 0.0072
5.5072 5.4666 5.4934 0.0072
5.5072 5.4666 5.4934 0.0072
5.5072 5.4666 5.4934 0.0072
5.5072 5.4666 5.4934 0.0072
5.5072 5.4666 5.4934 0.0072
5.5072 5.4666 5.4934 0.0072
5.5072 5.4666 5.4934 0.0072
5.5072 5.4666 5.4934 0.0072
5.5072 5.4666 5.4934 0.0072
5.5072 5.4666 5.4934 0.0072
5.5072 5.4666 5.4934 0.0072
5.5072 5.4666 5.4934 0.0072
5.5072 5.4666 5.4934 0.0072
5.5072 5.4666 5.4934 0.0072
5.5072 5.4666 5.4936 0.0073
5.5072 5.4666 5.4936 0.0073
5.5072 5.4666 5.4936 0.0073
5.5072 5.4666 5.4936 0.0073
5.5072 5.4666 5.4936 0.0073
5.5072 5.4666 5.4936 0.0073
5.5072 5.4666 5.4936 0.0073
5.5072 5.4666 5.4936 0.0073
5.5072 5.4666 5.4936 0.0073
5.5072 5.4666 5.4936 0.0073
5.5072 5.4666 5.4936 0.0073
5.5072 5.4666 5.4936 0.0073
5.5072 5.4666 5.4936 0.0073
5.5072 5.4666 5.4936 0.0073
5.5072 5.4666 5.4936 0.0073
5.5072 5.4666 5.4936 0.0073
5.5072 5.4666 5.4936 0.0073
5.5072 5.4666 5.4937 0.0072
5.5072 5.4666 5.4937 0.0072
5.5072 5.4666 5.4937 0.0072
5.5072 5.4666 5.4937 0.0072
5.5072 5.4666 5.4938 0.0073
5.5072 5.4666 5.4938 0.0073
5.5072 5.4666 5.4938 0.0073
5.5072 5.4666 5.4938 0.0073
5.5072 5.4666 5.4938 0.0073
5.5072 5.4666 5.4938 0.0073
5.5072 5.4666 5.4938 0.0073
5.5072 5.4666 5.4938 0.0073
5.5072 5.4666 5.4938 0.0073
5.5072 5.4666 5.4938 0.0073
5.5072 5.4666 5.4938 0.0073
5.5072 5.4666 5.4938 0.0073
5.5072 5.4666 5.4939 0.0073
5.5072 5.4666 5.4939 0.0073
5.5072 5.4666 5.4939 0.0073
5.5072 5.4666 5.4939 0.0073
5.5072 5.4666 5.4939 0.0073
5.5072 5.4675 5.4941 0.0067
5.5072 5.4675 5.4941 0.0067
5.5072 5.4675 5.4941 0.0067
5.5072 5.4675 5.4941 0.0067
5.5072 5.4675 5.4941 0.0067
5.5072 5.4675 5.4943 0.0068
5.5072 5.4675 5.4944 0.0070
5.5072 5.4675 5.4944 0.0070
5.5072 5.4675 5.4944 0.0070
5.5072 5.4675 5.4944 0.0070
5.5072 5.4675 5.4944 0.0070
5.5072 5.4675 5.4944 0.0070
5.5072 5.4675 5.4944 0.0070
5.5072 5.4675 5.4946 0.0064
5.5072 5.4675 5.4946 0.0064
5.5072 5.4675 5.4946 0.0064
5.5072 5.4675 5.4946 0.0064
5.5072 5.4675 5.4946 0.0064
5.5072 5.4675 5.4946 0.0064
5.5072 5.4675 5.4946 0.0064
5.5072 5.4675 5.4946 0.0064
5.5072 5.4675 5.4947 0.0065
5.5072 5.4675 5.4947 0.0065
5.5072 5.4675 5.4947 0.0065
5.5072 5.4675 5.4947 0.0065
5.5072 5.4675 5.4947 0.0065
5.5072 5.4675 5.4947 0.0065
5.5072 5.4675 5.4947 0.0065
5.5072 5.4675 5.4947 0.0065
5.5072 5.4675 5.4949 0.0066
5.5072 5.4675 5.4949 0.0066
5.5072 5.4675 5.4949 0.0066
5.5072 5.4675 5.4949 0.0066
5.5072 5.4675 5.4949 0.0066
5.5072 5.4675 5.4949 0.0066
5.5072 5.4675 5.4949 0.0066
5.5072 5.4675 5.4949 0.0066
5.5092 5.4675 5.4951 0.0068
5.5092 5.4675 5.4951 0.0068
5.5092 5.4675 5.4951 0.0068
5.5092 5.4675 5.4951 0.0068
5.5092 5.4675 5.4951 0.0068
5.5092 5.4675 5.4951 0.0068
5.5092 5.4675 5.4951 0.0068
5.5092 5.4675 5.4951 0.0068
5.5092 5.4675 5.4951 0.0068
5.5092 5.4675 5.4951 0.0068
5.5092 5.4675 5.4951 0.0068
5.5092 5.4675 5.4951 0.0068
5.5092 5.4675 5.4951 0.0068
5.5092 5.4675 5.4951 0.0068
5.5092 5.4675 5.4951 0.0068
5.5092 5.4675 5.4951 0.0068
5.5092 5.4675 5.4951 0.0068
5.5092 5.4675 5.4951 0.0068
5.5092 5.4675 5.4951 0.0068
5.5092 5.4675 5.4952 0.0068
5.5092 5.4675 5.4952 0.0068
5.5092 5.4675 5.4952 0.0068
5.5092 5.4675 5.4952 0.0068
5.5092 5.4675 5.4952 0.0068
5.5092 5.4675 5.4952 0.0068
5.5092 5.4675 5.4952 0.0068
5.5092 5.4675 5.4952 0.0068
5.5092 5.4675 5.4952 0.0068
5.5092 5.4675 5.4952 0.0068
5.5092 5.4675 5.4952 0.0068
5.5092 5.4675 5.4952 0.0068
5.5092 5.4675 5.4955 0.0068
5.5092 5.4675 5.4955 0.0068
5.5092 5.4675 5.4955 0.0068
5.5092 5.4675 5.4955 0.0068
5.5092 5.4675 5.4955 0.0068
5.5092 5.4675 5.4955 0.0068
5.5092 5.4675 5.4955 0.0068
5.5092 5.4675 5.4955 0.0068
5.5092 5.4675 5.4955 0.0068
5.5092 5.4675 5.4955 0.0068
5.5092 5.4675 5.4955 0.0068
5.5092 5.4675 5.4955 0.0068
5.5092 5.4675 5.4955 0.0068
5.5092 5.4675 5.4955 0.0068
5.5092 5.4675 5.4955 0.0068
5.5092 5.4675 5.4955 0.0068
5.5092 5.4675 5.4955 0.0068
5.5092 5.4675 5.4955 0.0068
5.5092 5.4675 5.4955 0.0068
5.5092 5.4675 5.4955 0.0068
5.5092 5.4675 5.4956 0.0069
5.5092 5.4675 5.4956 0.0069
5.5092 5.4675 5.4956 0.0069
5.5092 5.4675 5.4956 0.0069
5.5092 5.4675 5.4956 0.0069
5.5092 5.4675 5.4956 0.0069
5.5092 5.4675 5.4958 0.0070
5.5092 5.4675 5.4958 0.0070
5.5092 5.4675 5.4959 0.0071
5.5092 5.4675 5.4960 0.0071
5.5092 5.4675 5.4960 0.0071
5.5092 5.4675 5.4961 0.0071
5.5092 5.4675 5.4961 0.0072
5.5092 5.4675 5.4961 0.0072
5.5092 5.4675 5.4961 0.0072
5.5092 5.4675 5.4961 0.0072
5.5092 5.4675 5.4961 0.0072
5.5092 5.4675 5.4961 0.0072
5.5092 5.4675 5.4961 0.0072
5.5092 5.4675 5.4961 0.0072
5.5092 5.4675 5.4961 0.0072
5.5092 5.4675 5.4961 0.0072
5.5092 5.4675 5.4962 0.0070
5.5092 5.4675 5.4962 0.0070
5.5092 5.4675 5.4962 0.0070
5.5092 5.4675 5.4962 0.0070
5.5092 5.4675 5.4962 0.0070
5.5092 5.4675 5.4962 0.0070
5.5092 5.4675 5.4962 0.0070
5.5092 5.4675 5.4962 0.0070
5.5092 5.4675 5.4964 0.0070
5.5092 5.4675 5.4964 0.0070
5.5092 5.4675 5.4964 0.0070
5.5092 5.4675 5.4964 0.0070
5.5092 5.4675 5.4964 0.0070
5.5092 5.4675 5.4964 0.0070
5.5092 5.4675 5.4965 0.0070
5.5092 5.4675 5.4965 0.0070
5.5092 5.4675 5.4965 0.0070
5.5092 5.4675 5.4965 0.0070
5.5092 5.4675 5.4965 0.0070
5.5092 5.4675 5.4965 0.0070
5.5092 5.4675 5.4965 0.0070
5.5092 5.4675 5.4965 0.0070
5.5092 5.4675 5.4965 0.0070
5.5092 5.4675 5.4966 0.0071
5.5092 5.4675 5.4967 0.0070
5.5092 5.4675 5.4967 0.0070
5.5092 5.4675 5.4967 0.0070
5.5092 5.4675 5.4968 0.0071
5.5092 5.4675 5.4968 0.0071
5.5092 5.4675 5.4968 0.0071
5.5092 5.4675 5.4968 0.0071
5.5092 5.4675 5.4969 0.0072
5.5092 5.4675 5.4969 0.0072
5.5092 5.4675 5.4971 0.0072
5.5092 5.4675 5.4971 0.0072
5.5092 5.4675 5.4971 0.0072
5.5092 5.4675 5.4971 0.0072
5.5092 5.4675 5.4971 0.0072
5.5092 5.4675 5.4972 0.0073
5.5092 5.4675 5.4972 0.0073
5.5092 5.4675 5.4972 0.0073
5.5092 5.4675 5.4972 0.0073
5.5092 5.4675 5.4972 0.0073
5.5092 5.4675 5.4972 0.0073
5.5092 5.4675 5.4972 0.0073
5.5092 5.4675 5.4973 0.0073
5.5092 5.4675 5.4973 0.0073
5.5092 5.4675 5.4973 0.0073
5.5092 5.4675 5.4973 0.0073
5.5092 5.4675 5.4973 0.0073
5.5092 5.4675 5.4973 0.0073
5.5092 5.4675 5.4973 0.0073
5.5092 5.4675 5.4973 0.0073
5.5092 5.4675 5.4974 0.0073
5.5092 5.4675 5.4974 0.0073
5.5092 5.4675 5.4974 0.0073
5.5092 5.4675 5.4974 0.0073
5.5092 5.4675 5.4974 0.0073
5.5092 5.4675 5.4974 0.0073
5.5092 5.4675 5.4974 0.0073
5.5092 5.4675 5.4974 0.0073
5.5092 5.4675 5.4974 0.0073
5.5092 5.4675 5.4975 0.0073
5.5092 5.4744 5.4975 0.0070
5.5092 5.4744 5.4975 0.0070
5.5092 5.4744 5.4975 0.0070
5.5092 5.4744 5.4975 0.0070
5.5092 5.4744 5.4975 0.0070
5.5092 5.4744 5.4977 0.0071
5.5092 5.4744 5.4977 0.0071
5.5092 5.4744 5.4977 0.0071
5.5092 5.4744 5.4977 0.0071
5.5092 5.4744 5.4977 0.0071
5.5092 5.4744 5.4977 0.0071
5.5092 5.4744 5.4977 0.0071
5.5092 5.4744 5.4977 0.0071
5.5092 5.4744 5.4977 0.0071
5.5092 5.4744 5.4977 0.0071
5.5092 5.4744 5.4977 0.0071
5.5092 5.4744 5.4977 0.0071
5.5092 5.4744 5.4977 0.0071
5.5092 5.4744 5.4977 0.0071
5.5092 5.4744 5.4977 0.0071
5.5092 5.4744 5.4977 0.0071
5.5092 5.4744 5.4977 0.0071
5.5092 5.4744 5.4977 0.0071
5.5092 5.4744 5.4977 0.0071
5.5092 5.4744 5.4977 0.0071
5.5092 5.4744 5.4977 0.0071
5.5092 5.4744 5.4978 0.0071
5.5092 5.4744 5.4978 0.0071
5.5092 5.4744 5.4978 0.0071
5.5092 5.4744 5.4978 0.0071
5.5092 5.4744 5.4979 0.0072
5.5092 5.4744 5.4979 0.0072
5.5092 5.4744 5.4981 0.0072
5.5092 5.4744 5.4982 0.0072
5.5092 5.4744 5.4982 0.0072
5.5092 5.4744 5.4983 0.0072
5.5092 5.4744 5.4983 0.0072
5.5092 5.4744 5.4983 0.0072
5.5092 5.4744 5.4983 0.0072
5.5092 5.4744 5.4985 0.0073
5.5092 5.4744 5.4985 0.0072
5.5092 5.4744 5.4985 0.0072
5.5092 5.4744 5.4985 0.0072
5.5092 5.4744 5.4985 0.0072
5.5092 5.4744 5.4985 0.0072
5.5092 5.4744 5.4985 0.0072
5.5092 5.4744 5.4985 0.0072
5.5092 5.4744 5.4985 0.0072
5.5092 5.4744 5.4985 0.0072
5.5092 5.4744 5.4985 0.0072
5.5092 5.4744 5.4985 0.0072
5.5092 5.4744 5.4985 0.0072
5.5092 5.4744 5.4985 0.0072
5.5092 5.4744 5.4987 0.0073
5.5092 5.4744 5.4987 0.0073
5.5092 5.4744 5.4987 0.0073
5.5092 5.4744 5.4987 0.0073
5.5092 5.4744 5.4987 0.0073
5.5092 5.4744 5.4987 0.0073
5.5092 5.4744 5.4988 0.0073
5.5092 5.4744 5.4989 0.0073
5.5092 5.4744 5.4989 0.0073
5.5092 5.4744 5.4989 0.0073
5.5092 5.4744 5.4989 0.0073
5.5092 5.4744 5.4989 0.0073
5.5092 5.4744 5.4989 0.0073
5.5092 5.4744 5.4989 0.0073
5.5092 5.4744 5.4989 0.0073
5.5092 5.4744 5.4989 0.0073
5.5092 5.4744 5.4989 0.0073
5.5092 5.4744 5.4989 0.0073
5.5092 5.4744 5.4989 0.0073
5.5092 5.4744 5.4989 0.0073
5.5092 5.4744 5.4989 0.0072
5.5092 5.4876 5.4991 0.0069
5.5092 5.4876 5.4992 0.0069
5.5092 5.4876 5.4992 0.0069
5.5092 5.4876 5.4992 0.0069
5.5092 5.4876 5.4992 0.0069
5.5092 5.4876 5.4992 0.0069
5.5092 5.4876 5.4992 0.0069
5.5092 5.4876 5.4993 0.0068
5.5092 5.4876 5.4993 0.0068
5.5092 5.4876 5.4993 0.0068
5.5092 5.4876 5.4993 0.0068
5.5092 5.4876 5.4994 0.0068
5.5092 5.4876 5.4994 0.0068
5.5092 5.4876 5.4994 0.0068
5.5092 5.4876 5.4994 0.0068
5.5092 5.4876 5.4994 0.0068
5.5092 5.4876 5.4994 0.0068
5.5092 5.4876 5.4994 0.0068
5.5092 5.4876 5.4994 0.0068
5.5092 5.4876 5.4995 0.0069
5.5092 5.4876 5.4995 0.0069
5.5092 5.4876 5.4995 0.0069
5.5092 5.4876 5.4995 0.0069
5.5092 5.4876 5.4995 0.0069
5.5092 5.4876 5.4995 0.0069
5.5092 5.4876 5.4995 0.0069
5.5092 5.4876 5.4996 0.0068
5.5092 5.4876 5.4996 0.0068
5.5092 5.4876 5.4996 0.0068
5.5092 5.4876 5.4996 0.0068
5.5092 5.4876 5.4996 0.0068
5.5092 5.4876 5.4996 0.0068
5.5092 5.4876 5.4996 0.0068
5.5092 5.4876 5.4996 0.0068
5.5092 5.4876 5.4996 0.0068
5.5092 5.4876 5.4996 0.0068
5.5092 5.4876 5.4997 0.0068
5.5092 5.4876 5.4997 0.0068
5.5092 5.4876 5.4997 0.0068
5.5092 5.4876 5.4998 0.0068
5.5092 5.4876 5.4998 0.0068
5.5092 5.4876 5.4998 0.0068
5.5092 5.4876 5.4998 0.0068
5.5092 5.4876 5.4998 0.0068
5.5092 5.4876 5.4998 0.0068
5.5092 5.4876 5.4998 0.0068
5.5092 5.4876 5.4999 0.0068
5.5092 5.4876 5.4999 0.0068
5.5092 5.4876 5.4999 0.0068
5.5092 5.4876 5.4999 0.0068
5.5092 5.4876 5.4999 0.0068
5.5092 5.4876 5.4999 0.0068
5.5092 5.4876 5.4999 0.0068
5.5092 5.4876 5.4999 0.0068
5.5092 5.4876 5.4999 0.0068
5.5092 5.4876 5.5000 0.0068
5.5122 5.4876 5.5002 0.0069
5.5122 5.4876 5.5002 0.0069
5.5122 5.4876 5.5002 0.0069
5.5122 5.4876 5.5002 0.0069
5.5122 5.4876 5.5002 0.0069
5.5122 5.4876 5.5003 0.0069
5.5122 5.4876 5.5003 0.0069
5.5122 5.4876 5.5003 0.0069
5.5122 5.4876 5.5003 0.0069
5.5122 5.4876 5.5003 0.0069
5.5122 5.4876 5.5003 0.0069
5.5122 5.4876 5.5003 0.0069
5.5122 5.4876 5.5003 0.0069
5.5122 5.4876 5.5003 0.0069
5.5122 5.4876 5.5003 0.0069
5.5122 5.4876 5.5003 0.0069
5.5122 5.4876 5.5003 0.0069
5.5122 5.4876 5.5003 0.0069
5.5122 5.4876 5.5005 0.0070
5.5122 5.4876 5.5005 0.0070
5.5122 5.4876 5.5005 0.0070
5.5122 5.4876 5.5007 0.0071
5.5122 5.4876 5.5007 0.0071
5.5122 5.4876 5.5007 0.0071
5.5122 5.4876 5.5007 0.0071
5.5122 5.4876 5.5009 0.0070
5.5122 5.4876 5.5009 0.0070
5.5122 5.4876 5.5009 0.0070
5.5122 5.4876 5.5009 0.0070
5.5122 5.4876 5.5010 0.0070
5.5122 5.4876 5.5010 0.0070
5.5122 5.4876 5.5010 0.0070
5.5122 5.4876 5.5010 0.0070
5.5122 5.4876 5.5010 0.0070
5.5122 5.4876 5.5010 0.0070
5.5122 5.4876 5.5010 0.0070
5.5122 5.4876 5.5010 0.0070
5.5122 5.4876 5.5010 0.0070
5.5122 5.4876 5.5010 0.0070
5.5122 5.4876 5.5010 0.0070
5.5122 5.4876 5.5010 0.0070
5.5122 5.4876 5.5010 0.0070
5.5122 5.4876 5.5010 0.0070
5.5122 5.4876 5.5010 0.0070
5.5122 5.4876 5.5010 0.0070
5.5122 5.4876 5.5010 0.0070
5.5122 5.4876 5.5010 0.0070
5.5122 5.4876 5.5010 0.0070
5.5122 5.4876 5.5010 0.0070
5.5122 5.4876 5.5010 0.0070
5.5122 5.4876 5.5010 0.0070
5.5122 5.4876 5.5010 0.0070
5.5122 5.4876 5.5010 0.0070
5.5122 5.4876 5.5010 0.0070
5.5122 5.4876 5.5010 0.0070
5.5122 5.4876 5.5010 0.0070
5.5122 5.4876 5.5010 0.0070
5.5122 5.4876 5.5011 0.0070
5.5122 5.4876 5.5011 0.0070
5.5122 5.4876 5.5012 0.0070
5.5122 5.4876 5.5012 0.0070
5.5122 5.4876 5.5012 0.0070
5.5122 5.4876 5.5013 0.0069
5.5122 5.4876 5.5013 0.0069
5.5122 5.4876 5.5013 0.0069
5.5122 5.4876 5.5013 0.0069
5.5122 5.4876 5.5013 0.0069
5.5122 5.4876 5.5013 0.0069
5.5122 5.4876 5.5013 0.0069
5.5122 5.4876 5.5013 0.0069
5.5122 5.4876 5.5013 0.0069
5.5122 5.4876 5.5013 0.0069
5.5122 5.4911 5.5015 0.0068
5.5122 5.4911 5.5015 0.0068
5.5122 5.4911 5.5015 0.0068
5.5122 5.4911 5.5015 0.0068
5.5122 5.4911 5.5015 0.0068
5.5122 5.4911 5.5015 0.0068
5.5122 5.4911 5.5015 0.0068
5.5122 5.4911 5.5016 0.0068
5.5122 5.4911 5.5016 0.0068
5.5122 5.4911 5.5017 0.0068
5.5122 5.4911 5.5017 0.0068
5.5122 5.4911 5.5017 0.0068
5.5122 5.4911 5.5017 0.0068
5.5122 5.4911 5.5018 0.0068
5.5122 5.4911 5.5020 0.0068
5.5122 5.4911 5.5020 0.0068
5.5122 5.4911 5.5020 0.0068
5.5122 5.4911 5.5021 0.0067
5.5122 5.4911 5.5021 0.0067
5.5122 5.4911 5.5021 0.0067
5.5122 5.4911 5.5021 0.0067
5.5122 5.4911 5.5022 0.0067
5.5122 5.4911 5.5022 0.0067
5.5122 5.4911 5.5022 0.0067
5.5122 5.4911 5.5022 0.0067
5.5122 5.4911 5.5022 0.0067
5.5122 5.4911 5.5022 0.0067
5.5122 5.4911 5.5022 0.0067
5.5122 5.4911 5.5024 0.0066
5.5122 5.4911 5.5024 0.0066
5.5122 5.4911 5.5025 0.0067
5.5122 5.4911 5.5025 0.0067
5.5122 5.4911 5.5025 0.0067
5.5122 5.4911 5.5025 0.0067
5.5122 5.4911 5.5025 0.0067
5.5122 5.4911 5.5025 0.0067
5.5122 5.4911 5.5025 0.0067
5.5122 5.4911 5.5027 0.0067
5.5122 5.4911 5.5027 0.0067
5.5122 5.4911 5.5027 0.0067
5.5122 5.4911 5.5027 0.0067
5.5122 5.4911 5.5028 0.0067
5.5122 5.4911 5.5028 0.0067
5.5122 5.4911 5.5028 0.0067
5.5122 5.4911 5.5030 0.0066
5.5122 5.4911 5.5030 0.0066
5.5122 5.4911 5.5030 0.0066
5.5122 5.4911 5.5030 0.0066
5.5122 5.4911 5.5030 0.0066
5.5122 5.4911 5.5030 0.0066
5.5122 5.4911 5.5030 0.0066
5.5122 5.4911 5.5030 0.0066
5.5122 5.4911 5.5030 0.0066
5.5122 5.4911 5.5030 0.0066
5.5122 5.4911 5.5030 0.0066
5.5276 5.4911 5.5033 0.0070
5.5276 5.4911 5.5033 0.0070
5.5276 5.4911 5.5033 0.0070
5.5276 5.4911 5.5033 0.0070
5.5276 5.4911 5.5033 0.0070
5.5276 5.4911 5.5033 0.0070
5.5276 5.4911 5.5035 0.0073
5.5276 5.4911 5.5035 0.0073
5.5276 5.4911 5.5035 0.0073
5.5276 5.4911 5.5035 0.0073
5.5276 5.4911 5.5035 0.0073
5.5276 5.4911 5.5035 0.0073
5.5276 5.4911 5.5035 0.0073
5.5276 5.4911 5.5035 0.0073
5.5276 5.4911 5.5035 0.0073
5.5276 5.4911 5.5035 0.0073
5.5276 5.4911 5.5035 0.0073
5.5276 5.4911 5.5035 0.0073
5.5276 5.4911 5.5035 0.0073
5.5276 5.4911 5.5035 0.0073
5.5276 5.4911 5.5035 0.0073
5.5276 5.4911 5.5035 0.0073
5.5276 5.4911 5.5035 0.0073
5.5276 5.4911 5.5035 0.0073
5.5276 5.4911 5.5035 0.0073
5.5276 5.4911 5.5035 0.0073
5.5276 5.4911 5.5035 0.0073
5.5276 5.4911 5.5035 0.0073
5.5276 5.4911 5.5036 0.0073
5.5276 5.4911 5.5038 0.0072
5.5276 5.4911 5.5038 0.0072
5.5276 5.4911 5.5038 0.0072
5.5276 5.4911 5.5038 0.0072
5.5276 5.4911 5.5040 0.0071
5.5276 5.4911 5.5040 0.0071
5.5276 5.4911 5.5040 0.0071
5.5276 5.4911 5.5040 0.0071
5.5276 5.4911 5.5040 0.0071
5.5276 5.4911 5.5040 0.0071
5.5276 5.4911 5.5040 0.0071
5.5276 5.4911 5.5040 0.0071
5.5276 5.4911 5.5040 0.0071
5.5276 5.4911 5.5040 0.0071
5.5276 5.4911 5.5040 0.0071
5.5276 5.4911 5.5040 0.0071
5.5276 5.4911 5.5040 0.0071
5.5276 5.4911 5.5040 0.0071
5.5276 5.4911 5.5040 0.0071
5.5276 5.4911 5.5041 0.0070
5.5276 5.4911 5.5041 0.0070
5.5276 5.4911 5.5041 0.0070
5.5276 5.4911 5.5042 0.0069
5.5276 5.4911 5.5042 0.0069
5.5276 5.4911 5.5042 0.0069
5.5276 5.4911 5.5042 0.0069
5.5276 5.4917 5.5043 0.0069
5.5276 5.4917 5.5043 0.0069
5.5276 5.4917 5.5044 0.0068
5.5276 5.4917 5.5044 0.0068
5.5276 5.4917 5.5044 0.0068
5.5276 5.4917 5.5044 0.0068
5.5276 5.4917 5.5044 0.0068
5.5276 5.4917 5.5044 0.0068
5.5276 5.4917 5.5044 0.0068
5.5276 5.4917 5.5044 0.0068
5.5276 5.4917 5.5044 0.0068
5.5276 5.4917 5.5046 0.0067
5.5276 5.4917 5.5046 0.0067
5.5276 5.4917 5.5046 0.0067
5.5276 5.4917 5.5046 0.0067
5.5276 5.4917 5.5047 0.0066
5.5276 5.4917 5.5049 0.0065
5.5276 5.4917 5.5049 0.0065
5.5276 5.4917 5.5049 0.0065
5.5276 5.4917 5.5049 0.0065
5.5276 5.4917 5.5050 0.0065
5.5276 5.4917 5.5050 0.0065
5.5276 5.4917 5.5050 0.0065
5.5276 5.4917 5.5050 0.0065
5.5276 5.4917 5.5050 0.0065
5.5276 5.4917 5.5050 0.0065
5.5276 5.4917 5.5050 0.0065
5.5276 5.4917 5.5050 0.0064
5.5276 5.4917 5.5050 0.0064
5.5276 5.4917 5.5050 0.0064
5.5276 5.4917 5.5050 0.0064
5.5276 5.4917 5.5050 0.0064
5.5276 5.4917 5.5050 0.0064
5.5276 5.4917 5.5050 0.0064
5.5276 5.4917 5.5050 0.0064
5.5276 5.4917 5.5050 0.0064
5.5276 5.4917 5.5050 0.0064
5.5276 5.4917 5.5053 0.0066
5.5276 5.4917 5.5053 0.0066
5.5276 5.4917 5.5053 0.0066
5.5276 5.4917 5.5053 0.0066
5.5276 5.4917 5.5053 0.0066
5.5276 5.4917 5.5054 0.0066
5.5276 5.4917 5.5054 0.0066
5.5276 5.4917 5.5054 0.0066
5.5276 5.4917 5.5054 0.0066
5.5276 5.4917 5.5054 0.0066
5.5276 5.4917 5.5054 0.0065
5.5276 5.4917 5.5054 0.0065
5.5276 5.4917 5.5054 0.0065
5.5276 5.4917 5.5054 0.0065
5.5276 5.4917 5.5054 0.0065
5.5276 5.4917 5.5054 0.0065
5.5276 5.4917 5.5054 0.0065
5.5276 5.4917 5.5054 0.0065
5.5276 5.4917 5.5054 0.0065
5.5276 5.4917 5.5054 0.0065
5.5276 5.4917 5.5054 0.0065
5.5276 5.4917 5.5054 0.0065
5.5276 5.4917 5.5054 0.0065
5.5276 5.4917 5.5054 0.0065
5.5276 5.4917 5.5054 0.0065
5.5276 5.4917 5.5054 0.0065
5.5276 5.4917 5.5054 0.0065
5.5276 5.4917 5.5054 0.0065
5.5276 5.4917 5.5056 0.0064
5.5276 5.4917 5.5056 0.0064
5.5276 5.4917 5.5056 0.0064
5.5276 5.4917 5.5056 0.0064
5.5276 5.4917 5.5056 0.0065
5.5276 5.4917 5.5056 0.0065
5.5276 5.4917 5.5056 0.0065
5.5276 5.4917 5.5056 0.0065
5.5276 5.4917 5.5056 0.0065
5.5276 5.4917 5.5056 0.0065
5.5276 5.4917 5.5056 0.0065
5.5276 5.4917 5.5057 0.0064
5.5276 5.4917 5.5058 0.0063
5.5276 5.4917 5.5059 0.0061
5.5276 5.4917 5.5059 0.0061
5.5276 5.4917 5.5059 0.0061
5.5276 5.4917 5.5059 0.0061
5.5276 5.4917 5.5059 0.0061
5.5276 5.4917 5.5060 0.0061
5.5276 5.4917 5.5060 0.0061
5.5276 5.4917 5.5060 0.0062
5.5276 5.4917 5.5060 0.0062
5.5276 5.4917 5.5060 0.0062
5.5276 5.4917 5.5061 0.0061
5.5276 5.4917 5.5061 0.0061
5.5276 5.4917 5.5061 0.0061
5.5276 5.4917 5.5061 0.0061
5.5276 5.4917 5.5061 0.0061
5.5276 5.4917 5.5061 0.0061
5.5276 5.4917 5.5061 0.0061
5.5276 5.4917 5.5063 0.0060
5.5276 5.4917 5.5063 0.0060
5.5276 5.4917 5.5063 0.0060
5.5276 5.4917 5.5063 0.0060
5.5276 5.4917 5.5063 0.0060
5.5276 5.4917 5.5063 0.0060
5.5276 5.4917 5.5063 0.0060
5.5276 5.4917 5.5063 0.0060
5.5276 5.4917 5.5063 0.0060
5.5276 5.4917 5.5063 0.0060
5.5276 5.4917 5.5063 0.0060
5.5276 5.4917 5.5063 0.0060
5.5276 5.4917 5.5063 0.0060
5.5276 5.4917 5.5063 0.0060
5.5276 5.4917 5.5063 0.0060
5.5276 5.4917 5.5063 0.0060
5.5276 5.4917 5.5063 0.0060
5.5276 5.4917 5.5065 0.0060
5.5276 5.4917 5.5065 0.0060
5.5276 5.4917 5.5065 0.0060
5.5276 5.4917 5.5065 0.0060
5.5276 5.4917 5.5065 0.0060
5.5276 5.4917 5.5065 0.0060
5.5276 5.4917 5.5065 0.0060
5.5276 5.4917 5.5065 0.0060
5.5276 5.4917 5.5065 0.0060
5.5276 5.4917 5.5065 0.0060
5.5276 5.4917 5.5065 0.0060
5.5276 5.4917 5.5065 0.0060
5.5276 5.4917 5.5068 0.0061
5.5276 5.4917 5.5068 0.0061
5.5276 5.4917 5.5068 0.0061
5.5276 5.4917 5.5068 0.0061
5.5276 5.4917 5.5068 0.0061
5.5276 5.4917 5.5068 0.0061
5.5276 5.4917 5.5068 0.0061
5.5276 5.4917 5.5068 0.0061
5.5276 5.4917 5.5068 0.0061
5.5276 5.4917 5.5068 0.0061
5.5276 5.4917 5.5068 0.0061
5.5276 5.4917 5.5068 0.0061
5.5276 5.4917 5.5068 0.0061
5.5276 5.4917 5.5069 0.0060
5.5276 5.4917 5.5069 0.0060
5.5276 5.4917 5.5069 0.0060
5.5276 5.4917 5.5069 0.0060
5.5276 5.4917 5.5069 0.0060
5.5276 5.4917 5.5069 0.0060
5.5276 5.4917 5.5069 0.0060
5.5276 5.4917 5.5069 0.0060
5.5276 5.4917 5.5069 0.0060
5.5276 5.4917 5.5069 0.0060
5.5276 5.4917 5.5069 0.0060
5.5276 5.4917 5.5069 0.0060
5.5276 5.4917 5.5069 0.0060
5.5276 5.4917 5.5069 0.0060
5.5276 5.4917 5.5070 0.0060
5.5276 5.4917 5.5070 0.0060
5.5276 5.4917 5.5070 0.0060
5.5276 5.4917 5.5070 0.0060
5.5276 5.4917 5.5070 0.0060
5.5276 5.4917 5.5070 0.0060
5.5276 5.4917 5.5070 0.0060
5.5276 5.4917 5.5070 0.0060
5.5276 5.4917 5.5072 0.0059
5.5276 5.4917 5.5072 0.0059
5.5276 5.4917 5.5072 0.0059
5.5276 5.4917 5.5072 0.0059
5.5276 5.4917 5.5072 0.0059
5.5276 5.4917 5.5072 0.0059
5.5276 5.4917 5.5072 0.0059
5.5276 5.4917 5.5072 0.0059
5.5276 5.4917 5.5072 0.0059
5.5276 5.4917 5.5072 0.0059
5.5276 5.4917 5.5072 0.0059
5.5276 5.4917 5.5072 0.0059
5.5276 5.4917 5.5072 0.0059
5.5276 5.4917 5.5072 0.0059
5.5276 5.4917 5.5073 0.0059
5.5276 5.4917 5.5073 0.0059
5.5276 5.4917 5.5073 0.0059
5.5276 5.4917 5.5073 0.0059
5.5276 5.4917 5.5073 0.0059
5.5276 5.4917 5.5073 0.0059
5.5276 5.4917 5.5073 0.0059
5.5276 5.4917 5.5073 0.0059
5.5276 5.4917 5.5073 0.0059
5.5276 5.4917 5.5073 0.0059
5.5276 5.4917 5.5073 0.0059
5.5276 5.4917 5.5073 0.0059
5.5276 5.4917 5.5073 0.0059
5.5276 5.4917 5.5073 0.0059
5.5276 5.4917 5.5073 0.0059
5.5276 5.4917 5.5073 0.0059
5.5276 5.4917 5.5073 0.0059
5.5276 5.4917 5.5073 0.0059
5.5276 5.4917 5.5073 0.0059
5.5276 5.4917 5.5073 0.0059
5.5276 5.4917 5.5073 0.0059
5.5276 5.4917 5.5073 0.0059
5.5276 5.4917 5.5073 0.0059
5.5276 5.4917 5.5073 0.0059
5.5276 5.4917 5.5073 0.0059
5.5276 5.4917 5.5074 0.0058
5.5276 5.4917 5.5074 0.0058
5.5276 5.4917 5.5074 0.0058
5.5276 5.4917 5.5074 0.0058
5.5276 5.4917 5.5074 0.0058
5.5276 5.4917 5.5074 0.0058
5.5276 5.4917 5.5075 0.0059
5.5276 5.4917 5.5075 0.0059
5.5276 5.4917 5.5075 0.0059
5.5276 5.4917 5.5075 0.0059
5.5276 5.4917 5.5075 0.0059
5.5276 5.4917 5.5075 0.0059
5.5276 5.4917 5.5075 0.0059
5.5276 5.4917 5.5075 0.0059
5.5276 5.4917 5.5076 0.0058
5.5276 5.4917 5.5076 0.0058
5.5276 5.4917 5.5076 0.0058
5.5276 5.4917 5.5079 0.0058
5.5276 5.4917 5.5079 0.0058
5.5276 5.4917 5.5082 0.0058
5.5276 5.4917 5.5082 0.0058
5.5276 5.4917 5.5083 0.0059
5.5276 5.4917 5.5083 0.0059
5.5276 5.4917 5.5083 0.0059
5.5276 5.4917 5.5083 0.0059
5.5276 5.4917 5.5083 0.0059
5.5276 5.4917 5.5083 0.0059
5.5276 5.4917 5.5083 0.0059
5.5276 5.4917 5.5083 0.0059
5.5276 5.4917 5.5083 0.0059
5.5276 5.4917 5.5083 0.0059
5.5276 5.4917 5.5083 0.0059
5.5276 5.4917 5.5083 0.0059
5.5276 5.4917 5.5083 0.0059
5.5276 5.4917 5.5083 0.0059
5.5276 5.4917 5.5083 0.0059
5.5276 5.4917 5.5083 0.0059
5.5276 5.4917 5.5083 0.0059
5.5276 5.4917 5.5083 0.0059
5.5276 5.4917 5.5083 0.0059
5.5276 5.4917 5.5083 0.0059
5.5276 5.4917 5.5083 0.0059
5.5276 5.4917 5.5083 0.0059
5.5276 5.4917 5.5083 0.0059
5.5276 5.4917 5.5083 0.0059
5.5276 5.4917 5.5084 0.0059
5.5276 5.4917 5.5084 0.0059
5.5276 5.4917 5.5084 0.0059
5.5276 5.4917 5.5084 0.0059
5.5276 5.4917 5.5084 0.0059
5.5276 5.4917 5.5084 0.0059
5.5276 5.4917 5.5084 0.0059
5.5276 5.4917 5.5084 0.0059
5.5276 5.4917 5.5084 0.0059
5.5276 5.4917 5.5084 0.0059
5.5276 5.4917 5.5084 0.0059
5.5276 5.4917 5.5084 0.0059
5.5276 5.4917 5.5084 0.0059
5.5276 5.4917 5.5084 0.0059
5.5276 5.4917 5.5084 0.0059
5.5276 5.4917 5.5084 0.0059
5.5276 5.4917 5.5085 0.0059
5.5276 5.4917 5.5085 0.0059
5.5276 5.4917 5.5085 0.0059
5.5276 5.4917 5.5085 0.0059
5.5276 5.4917 5.5085 0.0059
5.5276 5.4917 5.5085 0.0059
5.5276 5.4917 5.5086 0.0059
5.5276 5.4917 5.5086 0.0059
5.5276 5.4917 5.5086 0.0059
5.5276 5.4917 5.5086 0.0059
5.5276 5.4917 5.5086 0.0059
5.5276 5.4917 5.5086 0.0059
5.5276 5.4917 5.5086 0.0059
5.5276 5.4917 5.5086 0.0059
5.5276 5.4917 5.5086 0.0059
5.5276 5.4917 5.5086 0.0059
5.5276 5.4917 5.5086 0.0059
5.5276 5.4917 5.5086 0.0059
5.5276 5.4917 5.5086 0.0059
5.5276 5.4917 5.5086 0.0059
5.5276 5.4917 5.5086 0.0059
5.5276 5.4917 5.5086 0.0059
5.5276 5.4917 5.5086 0.0059
5.5276 5.4917 5.5086 0.0059
5.5276 5.4917 5.5088 0.0061
5.5276 5.4917 5.5088 0.0061
5.5276 5.4917 5.5088 0.0061
5.5276 5.4917 5.5088 0.0061
5.5276 5.4917 5.5088 0.0061
5.5276 5.4917 5.5088 0.0061
5.5276 5.4917 5.5088 0.0061
5.5276 5.4917 5.5088 0.0061
5.5281 5.4923 5.5092 0.0061
5.5281 5.4923 5.5094 0.0063
5.5281 5.4923 5.5094 0.0063
5.5281 5.4923 5.5094 0.0063
5.5281 5.4923 5.5094 0.0063
5.5281 5.4923 5.5094 0.0063
5.5281 5.4923 5.5094 0.0063
5.5281 5.4923 5.5094 0.0063
5.5281 5.4923 5.5094 0.0063
5.5281 5.4923 5.5094 0.0063
5.5281 5.4923 5.5094 0.0063
5.5281 5.4923 5.5094 0.0063
5.5281 5.4923 5.5094 0.0063
5.5281 5.4923 5.5095 0.0062
5.5281 5.4923 5.5095 0.0062
5.5281 5.4923 5.5095 0.0062
5.5281 5.4923 5.5095 0.0062
5.5281 5.4923 5.5095 0.0062
5.5281 5.4923 5.5095 0.0062
5.5281 5.4923 5.5095 0.0062
5.5281 5.4923 5.5095 0.0062
5.5281 5.4923 5.5097 0.0065
5.5281 5.4923 5.5097 0.0065
5.5283 5.4923 5.5097 0.0065
5.5283 5.4923 5.5097 0.0065
5.5283 5.4923 5.5097 0.0065
5.5283 5.4923 5.5097 0.0065
5.5283 5.4923 5.5097 0.0065
5.5283 5.4923 5.5097 0.0065
5.5283 5.4923 5.5097 0.0065
5.5283 5.4923 5.5097 0.0065
5.5283 5.4923 5.5097 0.0065
5.5283 5.4923 5.5097 0.0065
5.5283 5.4923 5.5097 0.0065
5.5283 5.4923 5.5097 0.0065
5.5283 5.4923 5.5097 0.0065
5.5283 5.4923 5.5097 0.0065
5.5283 5.4923 5.5098 0.0065
5.5283 5.4923 5.5098 0.0065
5.5283 5.4923 5.5098 0.0065
5.5287 5.4923 5.5101 0.0065
5.5287 5.4923 5.5101 0.0065
5.5287 5.4923 5.5102 0.0065
5.5287 5.4923 5.5102 0.0065
5.5287 5.4923 5.5102 0.0065
5.5287 5.4923 5.5102 0.0065
5.5287 5.4923 5.5102 0.0065
5.5287 5.4923 5.5102 0.0065
5.5287 5.4923 5.5103 0.0065
5.5287 5.4923 5.5103 0.0064
5.5287 5.4923 5.5103 0.0064
5.5287 5.4923 5.5103 0.0064
5.5287 5.4923 5.5103 0.0064
5.5287 5.4923 5.5103 0.0064
5.5287 5.4923 5.5103 0.0064
5.5287 5.4923 5.5103 0.0064
5.5287 5.4923 5.5103 0.0064
5.5287 5.4923 5.5103 0.0064
5.5287 5.4923 5.5103 0.0064
5.5287 5.4923 5.5103 0.0064
5.5287 5.4923 5.5103 0.0064
5.5287 5.4923 5.5104 0.0064
5.5287 5.4923 5.5104 0.0064
5.5287 5.4923 5.5105 0.0065
5.5287 5.4923 5.5105 0.0065
5.5287 5.4923 5.5105 0.0065
5.5287 5.4923 5.5105 0.0065
5.5287 5.4923 5.5105 0.0065
5.5287 5.4923 5.5105 0.0065
5.5287 5.4923 5.5105 0.0065
5.5287 5.4923 5.5105 0.0065
5.5287 5.4923 5.5105 0.0065
5.5287 5.4923 5.5105 0.0065
5.5287 5.4923 5.5105 0.0065
5.5287 5.4923 5.5105 0.0065
5.5287 5.4923 5.5105 0.0065
5.5287 5.4923 5.5105 0.0065
5.5287 5.4923 5.5105 0.0065
5.5287 5.4923 5.5105 0.0065
5.5287 5.4923 5.5105 0.0065
5.5287 5.4923 5.5105 0.0065
5.5287 5.4923 5.5105 0.0065
5.5287 5.4923 5.5105 0.0065
5.5287 5.4923 5.5105 0.0065
5.5287 5.4923 5.5106 0.0065
5.5287 5.4923 5.5106 0.0065
5.5287 5.4923 5.5106 0.0065
5.5287 5.4923 5.5106 0.0065
5.5287 5.4923 5.5106 0.0065
5.5287 5.4923 5.5106 0.0065
5.5287 5.4923 5.5106 0.0065
5.5287 5.4923 5.5106 0.0065
5.5287 5.4923 5.5106 0.0065
5.5287 5.4923 5.5106 0.0065
5.5287 5.4923 5.5106 0.0065
5.5287 5.4923 5.5106 0.0065
5.5287 5.4923 5.5107 0.0066
5.5287 5.4923 5.5108 0.0067
5.5287 5.4923 5.5108 0.0067
5.5287 5.4923 5.5108 0.0067
5.5287 5.4923 5.5108 0.0067
5.5287 5.4923 5.5109 0.0069
5.5287 5.4923 5.5109 0.0069
5.5287 5.4923 5.5112 0.0068
5.5287 5.4923 5.5112 0.0068
5.5287 5.4923 5.5112 0.0068
5.5287 5.4923 5.5112 0.0068
5.5287 5.4923 5.5112 0.0068
5.5287 5.4942 5.5114 0.0065
5.5287 5.4942 5.5114 0.0065
5.5287 5.4942 5.5114 0.0065
5.5287 5.4942 5.5114 0.0065
5.5287 5.4942 5.5114 0.0065
5.5287 5.4942 5.5114 0.0065
5.5287 5.4942 5.5114 0.0065
5.5287 5.4942 5.5114 0.0065
5.5287 5.4942 5.5114 0.0065
5.5287 5.4942 5.5114 0.0065
5.5287 5.4942 5.5114 0.0065
5.5287 5.4942 5.5114 0.0065
5.5287 5.4942 5.5114 0.0065
5.5287 5.4942 5.5114 0.0065
5.5287 5.4942 5.5114 0.0065
5.5287 5.4942 5.5114 0.0065
5.5287 5.4942 5.5114 0.0065
5.5287 5.4942 5.5114 0.0065
5.5287 5.4991 5.5116 0.0063
5.5287 5.4991 5.5116 0.0063
5.5287 5.4991 5.5116 0.0063
5.5287 5.4991 5.5116 0.0063
5.5287 5.4991 5.5116 0.0063
5.5287 5.4991 5.5116 0.0063
5.5287 5.4991 5.5117 0.0063
5.5287 5.4991 5.5117 0.0063
5.5287 5.4991 5.5117 0.0063
5.5287 5.4991 5.5117 0.0063
5.5287 5.4991 5.5117 0.0063
5.5287 5.4991 5.5117 0.0063
5.5287 5.4991 5.5117 0.0063
5.5287 5.4991 5.5117 0.0063
5.5287 5.4991 5.5117 0.0063
5.5287 5.4991 5.5117 0.0063
5.5287 5.4991 5.5117 0.0063
5.5287 5.4991 5.5117 0.0063
5.5287 5.4991 5.5118 0.0064
5.5287 5.4991 5.5118 0.0064
5.5287 5.4991 5.5118 0.0064
5.5287 5.4991 5.5118 0.0064
5.5287 5.4991 5.5118 0.0064
5.5287 5.4991 5.5118 0.0064
5.5287 5.4991 5.5120 0.0065
5.5287 5.4991 5.5120 0.0065
5.5287 5.4991 5.5120 0.0065
5.5287 5.4991 5.5120 0.0065
5.5287 5.4991 5.5120 0.0065
5.5287 5.4991 5.5120 0.0065
5.5287 5.4991 5.5122 0.0063
5.5287 5.4991 5.5122 0.0063
5.5287 5.4991 5.5122 0.0063
5.5287 5.4991 5.5122 0.0063
5.5287 5.4991 5.5122 0.0063
5.5287 5.4991 5.5122 0.0063
5.5287 5.4991 5.5122 0.0063
5.5287 5.4991 5.5122 0.0063
5.5287 5.4991 5.5122 0.0063
5.5287 5.4991 5.5122 0.0063
5.5287 5.4991 5.5123 0.0063
5.5287 5.4991 5.5123 0.0063
5.5287 5.4991 5.5123 0.0063
5.5287 5.4991 5.5123 0.0063
5.5287 5.4991 5.5123 0.0063
5.5287 5.4991 5.5123 0.0063
5.5287 5.4991 5.5123 0.0063
5.5287 5.4991 5.5123 0.0063
5.5287 5.4991 5.5123 0.0063
5.5287 5.4991 5.5124 0.0064
5.5287 5.4991 5.5126 0.0065
5.5287 5.4991 5.5126 0.0065
5.5287 5.4991 5.5126 0.0065
5.5287 5.4991 5.5126 0.0065
5.5287 5.4991 5.5126 0.0065
5.5287 5.4991 5.5126 0.0065
5.5287 5.4991 5.5126 0.0065
5.5287 5.4991 5.5127 0.0066
5.5287 5.4991 5.5127 0.0066
5.5287 5.4991 5.5127 0.0066
5.5287 5.4991 5.5127 0.0066
5.5287 5.4991 5.5127 0.0066
5.5287 5.4991 5.5127 0.0066
5.5287 5.4991 5.5129 0.0068
5.5287 5.4991 5.5129 0.0068
5.5287 5.4991 5.5129 0.0068
5.5287 5.4991 5.5129 0.0068
5.5287 5.4991 5.5129 0.0068
5.5287 5.4991 5.5129 0.0068
5.5287 5.4991 5.5129 0.0068
5.5287 5.4991 5.5129 0.0068
5.5287 5.4991 5.5129 0.0068
5.5287 5.4991 5.5129 0.0068
5.5287 5.4991 5.5129 0.0068
5.5287 5.4991 5.5129 0.0068
5.5287 5.4991 5.5129 0.0068
5.5287 5.4991 5.5129 0.0068
5.5287 5.4991 5.5129 0.0067
5.5287 5.4991 5.5131 0.0069
5.5287 5.4991 5.5131 0.0069
5.5287 5.4991 5.5131 0.0069
5.5287 5.4991 5.5131 0.0069
5.5287 5.4991 5.5131 0.0069
5.5287 5.4991 5.5131 0.0069
5.5287 5.4991 5.5131 0.0069
5.5287 5.4991 5.5131 0.0069
5.5287 5.4991 5.5131 0.0069
5.5287 5.4991 5.5131 0.0069
5.5287 5.4991 5.5131 0.0069
5.5287 5.4991 5.5131 0.0069
5.5287 5.4991 5.5131 0.0069
5.5287 5.4991 5.5131 0.0069
5.5287 5.4991 5.5133 0.0070
5.5287 5.4991 5.5133 0.0070
5.5287 5.4991 5.5133 0.0070
5.5287 5.4991 5.5133 0.0070
5.5287 5.4991 5.5133 0.0070
5.5287 5.4991 5.5133 0.0070
5.5287 5.4991 5.5133 0.0070
5.5287 5.4991 5.5133 0.0070
5.5287 5.4991 5.5133 0.0070
5.5287 5.4991 5.5133 0.0070
5.5287 5.4991 5.5133 0.0070
5.5287 5.4991 5.5133 0.0070
5.5287 5.4991 5.5133 0.0070
5.5287 5.4991 5.5134 0.0070
5.5287 5.4991 5.5134 0.0070
5.5287 5.4991 5.5134 0.0070
5.5287 5.4991 5.5136 0.0072
5.5287 5.4991 5.5136 0.0072
5.5287 5.4991 5.5136 0.0072
5.5287 5.4991 5.5136 0.0072
5.5287 5.4991 5.5136 0.0072
5.5287 5.4991 5.5136 0.0072
5.5287 5.4991 5.5136 0.0072
5.5287 5.4991 5.5136 0.0072
5.5287 5.4991 5.5136 0.0072
5.5287 5.4991 5.5136 0.0072
5.5287 5.4991 5.5136 0.0072
5.5287 5.4991 5.5136 0.0072
5.5287 5.4991 5.5136 0.0072
5.5287 5.4991 5.5136 0.0072
5.5287 5.4991 5.5136 0.0072
5.5287 5.4991 5.5136 0.0072
5.5287 5.4991 5.5136 0.0072
5.5287 5.4991 5.5136 0.0072
5.5287 5.4991 5.5136 0.0072
5.5287 5.4991 5.5136 0.0072
5.5287 5.4991 5.5136 0.0072
5.5287 5.4991 5.5136 0.0072
5.5287 5.4991 5.5136 0.0072
5.5287 5.4991 5.5136 0.0072
5.5287 5.4991 5.5136 0.0071
5.5287 5.4991 5.5136 0.0071
5.5287 5.4991 5.5138 0.0073
5.5287 5.4991 5.5138 0.0073
5.5287 5.4991 5.5138 0.0073
5.5287 5.4991 5.5138 0.0073
5.5287 5.4991 5.5138 0.0073
5.5287 5.4991 5.5138 0.0073
5.5287 5.4991 5.5138 0.0073
5.5287 5.4991 5.5138 0.0073
5.5287 5.4991 5.5139 0.0072
5.5287 5.4991 5.5139 0.0072
5.5287 5.4991 5.5139 0.0072
5.5287 5.4991 5.5139 0.0072
5.5287 5.4991 5.5139 0.0072
5.5287 5.4991 5.5139 0.0072
5.5287 5.4991 5.5139 0.0072
5.5287 5.4991 5.5139 0.0072
5.5287 5.4991 5.5139 0.0072
5.5287 5.4991 5.5139 0.0072
5.5287 5.4991 5.5141 0.0073
5.5287 5.4991 5.5141 0.0073
5.5287 5.4991 5.5141 0.0073
5.5287 5.4991 5.5141 0.0073
5.5287 5.4991 5.5141 0.0073
5.5287 5.4991 5.5141 0.0073
5.5287 5.4991 5.5144 0.0074
5.5287 5.4991 5.5144 0.0074
5.5287 5.4991 5.5144 0.0074
5.5287 5.4991 5.5144 0.0074
5.5287 5.4991 5.5144 0.0074
5.5287 5.4991 5.5144 0.0074
5.5287 5.4991 5.5144 0.0074
5.5287 5.4991 5.5144 0.0074
5.5287 5.4991 5.5144 0.0074
5.5287 5.4991 5.5144 0.0074
5.5287 5.4991 5.5145 0.0074
5.5287 5.4991 5.5146 0.0074
5.5287 5.4991 5.5146 0.0074
5.5287 5.4991 5.5146 0.0074
5.5287 5.4991 5.5147 0.0074
5.5287 5.4991 5.5147 0.0074
5.5287 5.4991 5.5148 0.0074
5.5287 5.4991 5.5149 0.0074
5.5287 5.4991 5.5149 0.0074
5.5287 5.4991 5.5149 0.0074
5.5287 5.4991 5.5151 0.0075
5.5287 5.4991 5.5151 0.0075
5.5287 5.4991 5.5151 0.0075
5.5287 5.4991 5.5151 0.0075
5.5287 5.4991 5.5151 0.0075
5.5287 5.4991 5.5151 0.0075
5.5287 5.4991 5.5151 0.0075
5.5287 5.4991 5.5151 0.0075
5.5287 5.4991 5.5151 0.0075
5.5287 5.4991 5.5151 0.0075
5.5287 5.4991 5.5151 0.0075
5.5287 5.4991 5.5151 0.0075
5.5287 5.4991 5.5151 0.0075
5.5287 5.4991 5.5151 0.0075
5.5287 5.4991 5.5151 0.0075
5.5287 5.4991 5.5151 0.0075
5.5287 5.4991 5.5152 0.0075
5.5287 5.4991 5.5152 0.0075
5.5287 5.4991 5.5152 0.0074
5.5287 5.4991 5.5152 0.0074
5.5287 5.4991 5.5152 0.0074
5.5287 5.4991 5.5152 0.0074
5.5287 5.4991 5.5152 0.0074
5.5287 5.4991 5.5152 0.0074
5.5287 5.4991 5.5152 0.0074
5.5287 5.4991 5.5152 0.0074
5.5287 5.4991 5.5152 0.0074
5.5287 5.4991 5.5152 0.0074
5.5287 5.4991 5.5152 0.0074
5.5287 5.4991 5.5152 0.0074
5.5287 5.4991 5.5153 0.0073
5.5287 5.4991 5.5153 0.0073
5.5287 5.4991 5.5155 0.0074
5.5287 5.4991 5.5155 0.0074
5.5287 5.4991 5.5155 0.0074
5.5287 5.4991 5.5155 0.0074
5.5287 5.4991 5.5155 0.0074
5.5287 5.4991 5.5155 0.0074
5.5287 5.4991 5.5155 0.0074
5.5287 5.4991 5.5155 0.0074
5.5287 5.4991 5.5155 0.0074
5.5287 5.4991 5.5157 0.0075
5.5287 5.4991 5.5157 0.0075
5.5287 5.4991 5.5157 0.0075
5.5287 5.4991 5.5157 0.0075
5.5287 5.4991 5.5157 0.0075
5.5287 5.4991 5.5157 0.0075
5.5287 5.4991 5.5157 0.0075
5.5287 5.4991 5.5157 0.0075
5.5287 5.4991 5.5157 0.0075
5.5287 5.4991 5.5157 0.0075
5.5287 5.4991 5.5157 0.0075
5.5287 5.4991 5.5157 0.0075
5.5287 5.4991 5.5157 0.0075
5.5287 5.4991 5.5157 0.0075
5.5287 5.4991 5.5157 0.0075
5.5287 5.4991 5.5157 0.0075
5.5287 5.4991 5.5157 0.0075
5.5287 5.4991 5.5157 0.0075
5.5287 5.4991 5.5157 0.0075
5.5287 5.4991 5.5159 0.0075
5.5287 5.4991 5.5159 0.0075
5.5287 5.4991 5.5159 0.0075
5.5287 5.4991 5.5159 0.0075
5.5287 5.4991 5.5159 0.0075
5.5287 5.4991 5.5160 0.0075
5.5287 5.4991 5.5160 0.0075
5.5287 5.4991 5.5160 0.0075
5.5287 5.4991 5.5160 0.0075
5.5287 5.4991 5.5160 0.0075
5.5287 5.4991 5.5160 0.0075
5.5287 5.4991 5.5160 0.0075
5.5287 5.4991 5.5160 0.0075
5.5287 5.4991 5.5160 0.0075
5.5287 5.4991 5.5160 0.0075
5.5287 5.4991 5.5160 0.0075
5.5287 5.4991 5.5160 0.0075
5.5287 5.4991 5.5160 0.0075
5.5287 5.4991 5.5160 0.0075
5.5287 5.4991 5.5160 0.0075
5.5287 5.4991 5.5160 0.0075
5.5287 5.4991 5.5160 0.0075
5.5287 5.4991 5.5160 0.0075
5.5287 5.4991 5.5160 0.0075
5.5287 5.4991 5.5160 0.0075
5.5287 5.4991 5.5160 0.0075
5.5287 5.4991 5.5160 0.0075
5.5287 5.4991 5.5160 0.0075
5.5287 5.4991 5.5160 0.0075
5.5287 5.4991 5.5160 0.0075
5.5287 5.4991 5.5160 0.0075
5.5287 5.4991 5.5161 0.0075
5.5287 5.4991 5.5161 0.0075
5.5287 5.4991 5.5161 0.0075
5.5287 5.4991 5.5161 0.0075
5.5287 5.4991 5.5162 0.0074
5.5287 5.4991 5.5162 0.0074
5.5287 5.4991 5.5162 0.0074
5.5287 5.4991 5.5163 0.0074
5.5287 5.4991 5.5164 0.0075
5.5287 5.4991 5.5164 0.0075
5.5287 5.4991 5.5164 0.0075
5.5287 5.4991 5.5164 0.0075
5.5287 5.4991 5.5164 0.0075
5.5287 5.4991 5.5164 0.0075
5.5287 5.4991 5.5166 0.0075
5.5287 5.4991 5.5166 0.0075
5.5287 5.4991 5.5166 0.0075
5.5287 5.4991 5.5166 0.0075
5.5287 5.4991 5.5166 0.0075
5.5287 5.4991 5.5166 0.0075
5.5287 5.4991 5.5166 0.0075
5.5287 5.4991 5.5166 0.0074
5.5287 5.4991 5.5166 0.0074
5.5287 5.4991 5.5166 0.0074
5.5287 5.4991 5.5167 0.0074
5.5287 5.4991 5.5167 0.0074
5.5287 5.4991 5.5167 0.0074
5.5287 5.4991 5.5167 0.0074
5.5287 5.4991 5.5167 0.0074
5.5287 5.4991 5.5168 0.0074
5.5287 5.4991 5.5168 0.0074
5.5287 5.4991 5.5168 0.0074
5.5287 5.4991 5.5168 0.0074
5.5287 5.4991 5.5168 0.0074
5.5287 5.4991 5.5168 0.0074
5.5287 5.4991 5.5168 0.0074
5.5287 5.4991 5.5168 0.0074
5.5287 5.4991 5.5168 0.0074
5.5287 5.4991 5.5168 0.0074
5.5287 5.4991 5.5168 0.0074
5.5287 5.4991 5.5168 0.0074
5.5287 5.4991 5.5168 0.0074
5.5287 5.4991 5.5168 0.0074
5.5287 5.4991 5.5170 0.0074
5.5287 5.4991 5.5170 0.0074
5.5287 5.4991 5.5170 0.0074
5.5287 5.4991 5.5170 0.0074
5.5287 5.4991 5.5170 0.0074
5.5287 5.4991 5.5170 0.0074
5.5287 5.4991 5.5170 0.0074
5.5287 5.4991 5.5170 0.0074
5.5287 5.4991 5.5170 0.0074
5.5287 5.4991 5.5171 0.0075
5.5287 5.4991 5.5171 0.0075
5.5287 5.4991 5.5172 0.0075
5.5287 5.4991 5.5172 0.0075
5.5287 5.4991 5.5172 0.0075
5.5287 5.4991 5.5172 0.0075
5.5287 5.4991 5.5173 0.0076
5.5287 5.4991 5.5173 0.0076
5.5287 5.4991 5.5173 0.0076
5.5287 5.4991 5.5173 0.0076
5.5287 5.4991 5.5173 0.0076
5.5287 5.4991 5.5173 0.0076
5.5287 5.4991 5.5173 0.0076
5.5287 5.4991 5.5173 0.0076
5.5287 5.4991 5.5175 0.0076
5.5287 5.4991 5.5175 0.0076
5.5287 5.4991 5.5175 0.0076
5.5287 5.4991 5.5176 0.0076
5.5287 5.4991 5.5176 0.0076
5.5287 5.4991 5.5176 0.0076
5.5287 5.5072 5.5178 0.0074
5.5287 5.5072 5.5178 0.0075
5.5287 5.5072 5.5179 0.0075
5.5287 5.5072 5.5179 0.0075
5.5287 5.5072 5.5179 0.0075
5.5287 5.5072 5.5179 0.0075
5.5287 5.5072 5.5179 0.0075
5.5287 5.5072 5.5179 0.0075
5.5287 5.5072 5.5179 0.0075
5.5287 5.5072 5.5179 0.0075
5.5287 5.5072 5.5179 0.0075
5.5287 5.5072 5.5179 0.0075
5.5287 5.5072 5.5179 0.0075
5.5287 5.5072 5.5179 0.0075
5.5287 5.5072 5.5179 0.0075
5.5287 5.5072 5.5179 0.0075
5.5287 5.5072 5.5179 0.0075
5.5287 5.5072 5.5179 0.0075
5.5287 5.5072 5.5179 0.0075
5.5287 5.5072 5.5179 0.0075
5.5287 5.5072 5.5179 0.0075
5.5287 5.5072 5.5179 0.0075
5.5287 5.5072 5.5179 0.0075
5.5287 5.5072 5.5179 0.0074
5.5287 5.5072 5.5180 0.0074
5.5287 5.5072 5.5180 0.0074
5.5287 5.5072 5.5180 0.0074
5.5287 5.5072 5.5180 0.0074
5.5287 5.5072 5.5180 0.0074
5.5287 5.5072 5.5180 0.0074
5.5287 5.5072 5.5180 0.0074
5.5287 5.5072 5.5180 0.0074
5.5287 5.5072 5.5180 0.0074
5.5287 5.5072 5.5180 0.0074
5.5287 5.5072 5.5180 0.0074
5.5287 5.5072 5.5181 0.0074
5.5287 5.5072 5.5181 0.0075
5.5287 5.5072 5.5181 0.0075
5.5287 5.5072 5.5181 0.0075
5.5287 5.5072 5.5181 0.0075
5.5287 5.5072 5.5181 0.0075
5.5287 5.5072 5.5181 0.0075
5.5287 5.5072 5.5181 0.0075
5.5287 5.5072 5.5181 0.0075
5.5287 5.5072 5.5181 0.0075
5.5287 5.5072 5.5181 0.0075
5.5287 5.5072 5.5181 0.0075
5.5287 5.5072 5.5181 0.0075
5.5287 5.5072 5.5181 0.0075
5.5287 5.5072 5.5182 0.0075
5.5287 5.5072 5.5183 0.0075
5.5287 5.5072 5.5183 0.0075
5.5287 5.5072 5.5183 0.0075
5.5287 5.5072 5.5183 0.0075
5.5287 5.5072 5.5183 0.0075
5.5287 5.5072 5.5183 0.0075
5.5287 5.5072 5.5183 0.0075
5.5287 5.5072 5.5183 0.0075
5.5287 5.5072 5.5184 0.0076
5.5287 5.5072 5.5184 0.0076
5.5287 5.5072 5.5184 0.0076
5.5287 5.5072 5.5184 0.0076
5.5287 5.5072 5.5184 0.0076
5.5287 5.5072 5.5185 0.0075
5.5287 5.5072 5.5185 0.0075
5.5287 5.5072 5.5185 0.0075
5.5287 5.5072 5.5185 0.0075
5.5287 5.5072 5.5187 0.0076
5.5287 5.5072 5.5188 0.0076
5.5287 5.5072 5.5188 0.0076
5.5287 5.5072 5.5189 0.0075
5.5287 5.5072 5.5189 0.0075
5.5287 5.5072 5.5190 0.0075
5.5287 5.5072 5.5190 0.0075
5.5287 5.5072 5.5192 0.0075
5.5287 5.5072 5.5192 0.0075
5.5287 5.5072 5.5193 0.0075
5.5287 5.5072 5.5193 0.0075
5.5287 5.5072 5.5195 0.0074
5.5287 5.5072 5.5195 0.0074
5.5287 5.5072 5.5195 0.0074
5.5287 5.5072 5.5195 0.0074
5.5287 5.5072 5.5195 0.0074
5.5287 5.5072 5.5195 0.0074
5.5287 5.5072 5.5195 0.0074
5.5287 5.5072 5.5195 0.0074
5.5287 5.5072 5.5195 0.0074
5.5287 5.5072 5.5196 0.0074
5.5287 5.5072 5.5196 0.0074
5.5287 5.5072 5.5196 0.0074
5.5287 5.5072 5.5196 0.0074
5.5287 5.5072 5.5196 0.0074
5.5287 5.5072 5.5198 0.0074
5.5287 5.5072 5.5198 0.0074
5.5287 5.5072 5.5198 0.0074
5.5287 5.5072 5.5198 0.0074
5.5287 5.5072 5.5198 0.0074
5.5287 5.5072 5.5198 0.0074
5.5287 5.5072 5.5198 0.0074
5.5287 5.5072 5.5198 0.0075
5.5287 5.5072 5.5198 0.0075
5.5287 5.5072 5.5198 0.0075
5.5287 5.5072 5.5198 0.0075
5.5287 5.5072 5.5198 0.0075
5.5287 5.5072 5.5200 0.0075
5.5287 5.5072 5.5200 0.0075
5.5287 5.5072 5.5200 0.0075
5.5287 5.5072 5.5200 0.0075
5.5287 5.5072 5.5200 0.0075
5.5287 5.5072 5.5200 0.0075
5.5287 5.5072 5.5200 0.0075
5.5287 5.5072 5.5201 0.0075
5.5287 5.5072 5.5201 0.0075
5.5287 5.5072 5.5202 0.0075
5.5287 5.5072 5.5202 0.0075
5.5287 5.5072 5.5202 0.0075
5.5287 5.5072 5.5202 0.0075
5.5287 5.5072 5.5202 0.0075
5.5287 5.5072 5.5202 0.0075
5.5287 5.5072 5.5202 0.0075
5.5287 5.5072 5.5202 0.0075
5.5287 5.5072 5.5202 0.0075
5.5287 5.5072 5.5202 0.0075
5.5287 5.5072 5.5202 0.0075
5.5287 5.5072 5.5202 0.0075
5.5287 5.5072 5.5204 0.0075
5.5287 5.5072 5.5204 0.0075
5.5287 5.5072 5.5206 0.0073
5.5287 5.5072 5.5206 0.0073
5.5287 5.5072 5.5206 0.0073
5.5287 5.5072 5.5206 0.0073
5.5287 5.5072 5.5206 0.0073
5.5287 5.5072 5.5206 0.0073
5.5287 5.5072 5.5206 0.0073
5.5287 5.5072 5.5206 0.0073
5.5287 5.5072 5.5206 0.0073
5.5287 5.5072 5.5206 0.0073
5.5287 5.5072 5.5206 0.0074
5.5287 5.5072 5.5208 0.0074
5.5287 5.5072 5.5208 0.0073
5.5287 5.5072 5.5208 0.0073
5.5287 5.5072 5.5208 0.0073
5.5287 5.5072 5.5208 0.0073
5.5287 5.5072 5.5208 0.0073
5.5287 5.5072 5.5208 0.0073
5.5287 5.5072 5.5211 0.0073
5.5287 5.5072 5.5212 0.0072
5.5287 5.5072 5.5213 0.0072
5.5287 5.5072 5.5213 0.0072
5.5287 5.5072 5.5213 0.0072
5.5287 5.5072 5.5213 0.0072
5.5287 5.5072 5.5213 0.0072
5.5287 5.5072 5.5213 0.0072
5.5287 5.5072 5.5213 0.0072
5.5287 5.5072 5.5213 0.0072
5.5287 5.5072 5.5213 0.0072
5.5287 5.5072 5.5213 0.0072
5.5287 5.5072 5.5213 0.0072
5.5287 5.5072 5.5213 0.0072
5.5287 5.5072 5.5213 0.0072
5.5287 5.5072 5.5213 0.0072
5.5287 5.5072 5.5214 0.0072
5.5287 5.5072 5.5216 0.0072
5.5287 5.5072 5.5216 0.0072
5.5287 5.5072 5.5216 0.0072
5.5287 5.5072 5.5216 0.0072
5.5287 5.5072 5.5216 0.0072
5.5287 5.5072 5.5216 0.0072
5.5287 5.5072 5.5216 0.0072
5.5287 5.5072 5.5216 0.0072
5.5287 5.5072 5.5217 0.0071
5.5287 5.5072 5.5218 0.0071
5.5287 5.5072 5.5218 0.0071
5.5287 5.5072 5.5218 0.0071
5.5287 5.5072 5.5218 0.0071
5.5287 5.5072 5.5218 0.0071
5.5287 5.5072 5.5218 0.0071
5.5287 5.5072 5.5218 0.0071
5.5287 5.5072 5.5218 0.0071
5.5287 5.5072 5.5218 0.0071
5.5287 5.5072 5.5218 0.0071
5.5287 5.5072 5.5218 0.0071
5.5287 5.5072 5.5218 0.0071
5.5287 5.5072 5.5218 0.0071
5.5287 5.5072 5.5219 0.0071
5.5287 5.5072 5.5219 0.0071
5.5287 5.5072 5.5219 0.0071
5.5287 5.5072 5.5219 0.0071
5.5287 5.5072 5.5219 0.0071
5.5287 5.5072 5.5219 0.0071
5.5287 5.5072 5.5221 0.0071
5.5287 5.5072 5.5221 0.0071
5.5287 5.5072 5.5221 0.0071
5.5287 5.5072 5.5221 0.0071
5.5287 5.5072 5.5221 0.0071
5.5287 5.5072 5.5221 0.0071
5.5287 5.5072 5.5221 0.0071
5.5287 5.5072 5.5221 0.0071
5.5287 5.5072 5.5223 0.0071
5.5287 5.5072 5.5223 0.0071
5.5287 5.5072 5.5223 0.0071
5.5287 5.5072 5.5223 0.0071
5.5287 5.5072 5.5223 0.0071
5.5287 5.5072 5.5223 0.0071
5.5287 5.5072 5.5223 0.0071
5.5287 5.5072 5.5223 0.0071
5.5287 5.5072 5.5223 0.0071
5.5287 5.5072 5.5223 0.0071
5.5287 5.5072 5.5223 0.0071
5.5287 5.5072 5.5223 0.0071
5.5287 5.5072 5.5223 0.0071
5.5287 5.5072 5.5223 0.0071
5.5287 5.5072 5.5223 0.0071
5.5287 5.5072 5.5224 0.0070
5.5287 5.5072 5.5224 0.0070
5.5287 5.5072 5.5224 0.0070
5.5287 5.5072 5.5225 0.0069
5.5287 5.5072 5.5225 0.0069
5.5287 5.5072 5.5225 0.0069
5.5287 5.5072 5.5225 0.0069
5.5287 5.5072 5.5225 0.0069
5.5287 5.5072 5.5225 0.0069
5.5287 5.5072 5.5225 0.0069
5.5287 5.5072 5.5226 0.0069
5.5287 5.5072 5.5226 0.0069
5.5287 5.5072 5.5226 0.0069
5.5287 5.5072 5.5226 0.0069
5.5287 5.5072 5.5226 0.0069
5.5287 5.5072 5.5226 0.0069
5.5287 5.5072 5.5227 0.0069
5.5287 5.5072 5.5227 0.0069
5.5287 5.5072 5.5227 0.0069
5.5287 5.5072 5.5227 0.0069
5.5287 5.5072 5.5227 0.0069
5.5287 5.5072 5.5227 0.0069
5.5287 5.5072 5.5227 0.0069
5.5287 5.5072 5.5227 0.0069
5.5287 5.5072 5.5227 0.0069
5.5287 5.5072 5.5227 0.0069
5.5287 5.5072 5.5227 0.0069
5.5287 5.5072 5.5227 0.0069
5.5287 5.5072 5.5227 0.0069
5.5287 5.5072 5.5227 0.0069
5.5287 5.5072 5.5227 0.0069
5.5287 5.5072 5.5227 0.0069
5.5287 5.5072 5.5227 0.0069
5.5287 5.5072 5.5227 0.0069
5.5287 5.5072 5.5227 0.0069
5.5287 5.5072 5.5227 0.0069
5.5287 5.5072 5.5227 0.0069
5.5287 5.5072 5.5227 0.0069
5.5287 5.5072 5.5227 0.0069
5.5287 5.5072 5.5227 0.0069
5.5287 5.5072 5.5227 0.0069
5.5287 5.5072 5.5227 0.0069
5.5287 5.5072 5.5227 0.0069
5.5287 5.5072 5.5227 0.0069
5.5287 5.5072 5.5227 0.0069
5.5287 5.5072 5.5227 0.0069
5.5287 5.5072 5.5228 0.0069
5.5287 5.5072 5.5228 0.0069
5.5287 5.5072 5.5228 0.0069
5.5287 5.5072 5.5228 0.0069
5.5287 5.5072 5.5228 0.0069
5.5287 5.5072 5.5228 0.0069
5.5287 5.5072 5.5228 0.0069
5.5287 5.5072 5.5228 0.0069
5.5287 5.5072 5.5228 0.0069
5.5287 5.5072 5.5228 0.0069
5.5287 5.5072 5.5228 0.0069
5.5287 5.5072 5.5228 0.0069
5.5287 5.5072 5.5230 0.0069
5.5287 5.5072 5.5230 0.0069
5.5287 5.5072 5.5230 0.0069
5.5287 5.5072 5.5230 0.0068
5.5287 5.5072 5.5230 0.0068
5.5287 5.5072 5.5230 0.0068
5.5287 5.5072 5.5230 0.0068
5.5287 5.5072 5.5230 0.0068
5.5287 5.5072 5.5230 0.0068
5.5287 5.5072 5.5230 0.0068
5.5287 5.5072 5.5230 0.0068
5.5287 5.5072 5.5230 0.0068
5.5287 5.5072 5.5230 0.0068
5.5287 5.5072 5.5230 0.0068
5.5287 5.5072 5.5230 0.0068
5.5287 5.5072 5.5230 0.0068
5.5287 5.5072 5.5230 0.0068
5.5287 5.5072 5.5232 0.0067
5.5287 5.5072 5.5233 0.0066
5.5287 5.5072 5.5233 0.0066
5.5287 5.5072 5.5233 0.0066
5.5287 5.5072 5.5233 0.0066
5.5287 5.5072 5.5233 0.0066
5.5287 5.5072 5.5233 0.0066
5.5287 5.5072 5.5233 0.0067
5.5287 5.5072 5.5233 0.0067
5.5287 5.5072 5.5233 0.0067
5.5287 5.5072 5.5233 0.0067
5.5287 5.5072 5.5233 0.0067
5.5287 5.5072 5.5233 0.0067
5.5287 5.5072 5.5233 0.0067
5.5287 5.5072 5.5233 0.0067
5.5287 5.5072 5.5233 0.0067
5.5287 5.5072 5.5233 0.0067
5.5287 5.5072 5.5233 0.0067
5.5287 5.5072 5.5233 0.0067
5.5287 5.5072 5.5233 0.0066
5.5287 5.5072 5.5233 0.0066
5.5287 5.5072 5.5233 0.0066
5.5287 5.5072 5.5233 0.0066
5.5287 5.5072 5.5233 0.0066
5.5287 5.5072 5.5233 0.0066
5.5287 5.5072 5.5233 0.0066
5.5287 5.5072 5.5234 0.0067
5.5287 5.5072 5.5234 0.0067
5.5287 5.5072 5.5235 0.0066
5.5287 5.5072 5.5236 0.0066
5.5287 5.5072 5.5236 0.0066
5.5287 5.5072 5.5236 0.0066
5.5287 5.5072 5.5236 0.0066
5.5287 5.5072 5.5236 0.0066
5.5287 5.5072 5.5236 0.0066
5.5287 5.5072 5.5236 0.0066
5.5287 5.5072 5.5236 0.0066
5.5287 5.5072 5.5236 0.0066
5.5287 5.5072 5.5236 0.0066
5.5287 5.5072 5.5236 0.0066
5.5287 5.5072 5.5236 0.0066
5.5287 5.5072 5.5237 0.0065
5.5287 5.5072 5.5237 0.0065
5.5287 5.5072 5.5237 0.0065
5.5287 5.5072 5.5238 0.0066
5.5287 5.5072 5.5238 0.0066
5.5287 5.5072 5.5238 0.0066
5.5287 5.5072 5.5238 0.0066
5.5287 5.5072 5.5239 0.0064
5.5287 5.5072 5.5239 0.0064
5.5287 5.5072 5.5241 0.0063
5.5287 5.5072 5.5241 0.0063
5.5287 5.5072 5.5243 0.0061
5.5287 5.5072 5.5243 0.0061
5.5287 5.5072 5.5243 0.0061
5.5287 5.5072 5.5243 0.0061
5.5287 5.5072 5.5243 0.0061
5.5287 5.5072 5.5243 0.0061
5.5287 5.5072 5.5243 0.0061
5.5287 5.5072 5.5243 0.0061
5.5287 5.5072 5.5243 0.0061
5.5287 5.5072 5.5243 0.0061
5.5287 5.5072 5.5243 0.0061
5.5287 5.5072 5.5243 0.0061
5.5287 5.5072 5.5243 0.0061
5.5287 5.5072 5.5243 0.0061
5.5287 5.5072 5.5243 0.0061
5.5287 5.5072 5.5243 0.0061
5.5287 5.5072 5.5243 0.0061
5.5287 5.5072 5.5243 0.0061
5.5287 5.5072 5.5243 0.0061
5.5287 5.5072 5.5243 0.0061
5.5287 5.5072 5.5243 0.0061
5.5287 5.5072 5.5243 0.0061
5.5287 5.5072 5.5243 0.0061
5.5287 5.5072 5.5245 0.0059
5.5287 5.5072 5.5247 0.0058
5.5287 5.5072 5.5247 0.0058
5.5287 5.5072 5.5247 0.0058
5.5287 5.5072 5.5247 0.0058
5.5287 5.5072 5.5247 0.0058
5.5287 5.5072 5.5247 0.0058
5.5287 5.5072 5.5247 0.0058
5.5287 5.5072 5.5247 0.0058
5.5287 5.5072 5.5247 0.0058
5.5287 5.5072 5.5248 0.0057
5.5287 5.5072 5.5248 0.0057
5.5287 5.5072 5.5248 0.0057
5.5287 5.5072 5.5248 0.0057
5.5287 5.5072 5.5248 0.0057
5.5287 5.5072 5.5248 0.0057
5.5287 5.5072 5.5249 0.0056
5.5287 5.5072 5.5249 0.0056
5.5287 5.5072 5.5249 0.0056
5.5287 5.5072 5.5249 0.0056
5.5287 5.5072 5.5249 0.0056
5.5287 5.5072 5.5249 0.0056
5.5287 5.5072 5.5249 0.0056
5.5287 5.5072 5.5249 0.0056
5.5316 5.5072 5.5251 0.0055
5.5316 5.5072 5.5251 0.0055
5.5316 5.5072 5.5251 0.0055
5.5316 5.5072 5.5251 0.0055
5.5316 5.5072 5.5251 0.0055
5.5316 5.5072 5.5251 0.0055
5.5316 5.5072 5.5251 0.0055
5.5316 5.5072 5.5251 0.0055
5.5316 5.5072 5.5251 0.0055
5.5316 5.5072 5.5251 0.0055
5.5316 5.5072 5.5251 0.0055
5.5316 5.5072 5.5252 0.0055
5.5316 5.5072 5.5252 0.0055
5.5316 5.5072 5.5252 0.0055
5.5316 5.5072 5.5252 0.0055
5.5316 5.5072 5.5252 0.0055
5.5316 5.5072 5.5252 0.0055
5.5316 5.5072 5.5252 0.0055
5.5316 5.5072 5.5252 0.0055
5.5316 5.5072 5.5252 0.0055
5.5316 5.5072 5.5254 0.0053
5.5316 5.5072 5.5254 0.0053
5.5316 5.5072 5.5254 0.0053
5.5316 5.5072 5.5254 0.0053
5.5316 5.5072 5.5254 0.0053
5.5316 5.5072 5.5254 0.0053
5.5316 5.5072 5.5256 0.0051
5.5316 5.5088 5.5258 0.0048
5.5316 5.5088 5.5258 0.0048
5.5316 5.5088 5.5258 0.0048
5.5316 5.5088 5.5258 0.0048
5.5316 5.5088 5.5258 0.0048
5.5316 5.5088 5.5258 0.0048
5.5316 5.5088 5.5258 0.0048
5.5316 5.5088 5.5258 0.0048
5.5316 5.5088 5.5258 0.0048
5.5316 5.5088 5.5258 0.0048
5.5316 5.5088 5.5258 0.0048
5.5316 5.5088 5.5258 0.0048
5.5316 5.5088 5.5258 0.0048
5.5316 5.5088 5.5258 0.0048
5.5316 5.5088 5.5258 0.0048
5.5316 5.5088 5.5258 0.0048
5.5316 5.5088 5.5258 0.0048
5.5316 5.5088 5.5258 0.0048
5.5316 5.5088 5.5258 0.0048
5.5316 5.5088 5.5258 0.0048
5.5316 5.5088 5.5258 0.0048
5.5316 5.5088 5.5259 0.0046
5.5316 5.5088 5.5259 0.0046
5.5316 5.5088 5.5259 0.0046
5.5316 5.5088 5.5260 0.0046
5.5316 5.5088 5.5260 0.0046
5.5316 5.5088 5.5260 0.0046
5.5316 5.5088 5.5260 0.0046
5.5316 5.5088 5.5260 0.0046
5.5316 5.5088 5.5260 0.0046
5.5316 5.5088 5.5260 0.0046
5.5316 5.5088 5.5260 0.0046
5.5316 5.5088 5.5260 0.0046
5.5316 5.5088 5.5260 0.0046
5.5316 5.5088 5.5260 0.0046
5.5316 5.5088 5.5260 0.0046
5.5316 5.5088 5.5260 0.0046
5.5316 5.5088 5.5260 0.0046
5.5316 5.5088 5.5260 0.0046
5.5316 5.5088 5.5260 0.0046
5.5316 5.5088 5.5260 0.0046
5.5316 5.5088 5.5260 0.0046
5.5316 5.5088 5.5260 0.0046
5.5316 5.5088 5.5260 0.0046
5.5316 5.5088 5.5261 0.0045
5.5316 5.5088 5.5261 0.0045
5.5316 5.5088 5.5261 0.0045
5.5316 5.5088 5.5261 0.0045
5.5316 5.5088 5.5261 0.0045
5.5316 5.5088 5.5261 0.0045
5.5316 5.5088 5.5261 0.0045
5.5316 5.5088 5.5261 0.0045
5.5316 5.5088 5.5261 0.0045
5.5316 5.5088 5.5261 0.0045
5.5316 5.5088 5.5261 0.0045
5.5316 5.5088 5.5261 0.0045
5.5316 5.5088 5.5261 0.0045
5.5316 5.5088 5.5261 0.0045
5.5316 5.5088 5.5261 0.0045
5.5316 5.5088 5.5261 0.0045
5.5316 5.5088 5.5261 0.0045
5.5316 5.5088 5.5261 0.0045
5.5316 5.5088 5.5262 0.0045
5.5316 5.5088 5.5262 0.0045
5.5316 5.5088 5.5262 0.0045
5.5316 5.5088 5.5262 0.0045
5.5316 5.5088 5.5262 0.0045
5.5316 5.5088 5.5262 0.0045
5.5316 5.5088 5.5262 0.0045
5.5316 5.5088 5.5262 0.0045
5.5316 5.5088 5.5262 0.0045
5.5316 5.5088 5.5262 0.0045
5.5316 5.5088 5.5262 0.0045
5.5316 5.5088 5.5262 0.0045
5.5316 5.5088 5.5262 0.0045
5.5316 5.5088 5.5262 0.0045
5.5316 5.5088 5.5262 0.0045
5.5316 5.5088 5.5263 0.0043
5.5316 5.5088 5.5263 0.0043
5.5316 5.5088 5.5263 0.0043
5.5316 5.5088 5.5263 0.0043
5.5316 5.5088 5.5263 0.0043
5.5316 5.5088 5.5263 0.0043
5.5316 5.5088 5.5263 0.0043
5.5316 5.5088 5.5263 0.0043
5.5316 5.5088 5.5263 0.0043
5.5316 5.5088 5.5263 0.0043
5.5316 5.5088 5.5263 0.0043
5.5316 5.5088 5.5263 0.0043
5.5316 5.5088 5.5263 0.0043
5.5316 5.5088 5.5263 0.0043
5.5316 5.5088 5.5263 0.0043
5.5316 5.5088 5.5263 0.0043
5.5316 5.5088 5.5264 0.0044
5.5316 5.5088 5.5264 0.0044
5.5316 5.5088 5.5264 0.0044
5.5316 5.5088 5.5264 0.0044
5.5316 5.5088 5.5264 0.0044
5.5316 5.5088 5.5264 0.0044
5.5316 5.5088 5.5264 0.0044
5.5316 5.5088 5.5264 0.0044
5.5316 5.5088 5.5264 0.0044
5.5316 5.5088 5.5264 0.0044
5.5316 5.5088 5.5264 0.0044
5.5316 5.5088 5.5264 0.0044
5.5316 5.5097 5.5265 0.0040
5.5316 5.5097 5.5265 0.0040
5.5316 5.5097 5.5265 0.0040
5.5316 5.5097 5.5265 0.0040
5.5316 5.5097 5.5265 0.0040
5.5316 5.5097 5.5265 0.0040
5.5316 5.5097 5.5266 0.0040
5.5316 5.5097 5.5266 0.0040
5.5316 5.5097 5.5266 0.0040
5.5316 5.5097 5.5266 0.0040
5.5316 5.5097 5.5266 0.0040
5.5316 5.5097 5.5266 0.0040
5.5316 5.5097 5.5266 0.0040
5.5316 5.5097 5.5266 0.0040
5.5316 5.5097 5.5266 0.0040
5.5316 5.5097 5.5266 0.0040
5.5316 5.5097 5.5266 0.0040
5.5316 5.5097 5.5266 0.0040
5.5316 5.5097 5.5266 0.0041
5.5316 5.5097 5.5266 0.0041
5.5316 5.5097 5.5266 0.0041
5.5316 5.5097 5.5266 0.0041
5.5316 5.5097 5.5266 0.0041
5.5316 5.5097 5.5266 0.0041
5.5316 5.5097 5.5266 0.0041
5.5316 5.5097 5.5266 0.0041
5.5316 5.5097 5.5266 0.0041
5.5316 5.5097 5.5266 0.0041
5.5316 5.5097 5.5266 0.0041
5.5316 5.5097 5.5266 0.0041
5.5316 5.5097 5.5266 0.0041
5.5316 5.5097 5.5266 0.0041
5.5316 5.5097 5.5266 0.0041
5.5316 5.5097 5.5266 0.0041
5.5316 5.5097 5.5266 0.0041
5.5316 5.5097 5.5266 0.0041
5.5316 5.5097 5.5266 0.0041
5.5316 5.5097 5.5266 0.0041
5.5316 5.5097 5.5266 0.0041
5.5316 5.5097 5.5266 0.0041
5.5316 5.5097 5.5266 0.0041
5.5316 5.5097 5.5266 0.0041
5.5316 5.5097 5.5266 0.0041
5.5316 5.5097 5.5266 0.0041
5.5316 5.5097 5.5266 0.0041
5.5316 5.5097 5.5266 0.0041
5.5316 5.5097 5.5266 0.0041
5.5316 5.5097 5.5266 0.0041
5.5316 5.5097 5.5266 0.0041
5.5316 5.5097 5.5266 0.0041
5.5316 5.5097 5.5266 0.0041
5.5316 5.5097 5.5266 0.0041
5.5316 5.5097 5.5266 0.0041
5.5316 5.5097 5.5266 0.0041
5.5316 5.5097 5.5266 0.0041
5.5316 5.5097 5.5266 0.0041
5.5316 5.5097 5.5266 0.0041
5.5316 5.5097 5.5267 0.0040
5.5316 5.5097 5.5267 0.0040
5.5316 5.5097 5.5267 0.0040
5.5316 5.5097 5.5267 0.0040
5.5316 5.5097 5.5267 0.0040
5.5316 5.5097 5.5267 0.0040
5.5316 5.5097 5.5267 0.0040
5.5316 5.5097 5.5267 0.0040
5.5316 5.5097 5.5267 0.0040
5.5316 5.5097 5.5267 0.0040
5.5316 5.5097 5.5267 0.0040
5.5316 5.5097 5.5267 0.0040
5.5316 5.5097 5.5268 0.0038
5.5316 5.5097 5.5268 0.0038
5.5316 5.5097 5.5268 0.0038
5.5316 5.5097 5.5268 0.0038
5.5316 5.5097 5.5268 0.0038
5.5316 5.5097 5.5268 0.0038
5.5316 5.5097 5.5268 0.0038
5.5316 5.5097 5.5268 0.0038
5.5316 5.5097 5.5268 0.0038
5.5316 5.5097 5.5268 0.0038
5.5316 5.5097 5.5268 0.0038
5.5316 5.5097 5.5269 0.0038
5.5316 5.5097 5.5269 0.0038
5.5316 5.5097 5.5269 0.0038
5.5316 5.5097 5.5269 0.0038
5.5316 5.5097 5.5269 0.0038
5.5316 5.5097 5.5269 0.0038
5.5316 5.5097 5.5269 0.0038
5.5316 5.5097 5.5269 0.0038
5.5316 5.5097 5.5269 0.0038
5.5316 5.5097 5.5269 0.0038
5.5316 5.5097 5.5269 0.0038
5.5316 5.5097 5.5269 0.0038
5.5316 5.5097 5.5269 0.0038
5.5316 5.5097 5.5269 0.0038
5.5316 5.5097 5.5269 0.0038
5.5316 5.5097 5.5269 0.0038
5.5316 5.5097 5.5269 0.0038
5.5316 5.5097 5.5269 0.0038
5.5316 5.5097 5.5269 0.0038
5.5316 5.5097 5.5269 0.0038
5.5316 5.5097 5.5269 0.0038
5.5316 5.5097 5.5269 0.0038
5.5316 5.5097 5.5271 0.0036
5.5316 5.5097 5.5271 0.0036
5.5316 5.5097 5.5271 0.0036
5.5316 5.5097 5.5271 0.0036
5.5316 5.5097 5.5271 0.0036
5.5316 5.5097 5.5271 0.0036
5.5316 5.5097 5.5271 0.0036
5.5316 5.5097 5.5272 0.0035
5.5316 5.5097 5.5272 0.0035
5.5316 5.5097 5.5272 0.0035
5.5316 5.5097 5.5272 0.0035
5.5316 5.5097 5.5272 0.0035
5.5316 5.5123 5.5274 0.0030
5.5324 5.5123 5.5274 0.0031
5.5324 5.5123 5.5274 0.0031
5.5324 5.5123 5.5274 0.0031
5.5324 5.5123 5.5275 0.0031
5.5324 5.5123 5.5275 0.0031
5.5324 5.5123 5.5275 0.0031
5.5324 5.5123 5.5275 0.0031
5.5324 5.5123 5.5275 0.0031
5.5324 5.5123 5.5275 0.0031
5.5324 5.5123 5.5275 0.0031
5.5324 5.5123 5.5275 0.0031
5.5324 5.5123 5.5275 0.0031
5.5324 5.5123 5.5276 0.0027
5.5324 5.5123 5.5276 0.0027
5.5324 5.5123 5.5276 0.0027
5.5324 5.5123 5.5276 0.0027
5.5324 5.5123 5.5276 0.0027
5.5324 5.5123 5.5276 0.0027
5.5324 5.5123 5.5276 0.0027
5.5324 5.5123 5.5277 0.0027
5.5324 5.5123 5.5277 0.0027
5.5324 5.5123 5.5277 0.0027
5.5324 5.5123 5.5277 0.0027
5.5324 5.5123 5.5277 0.0027
5.5324 5.5123 5.5277 0.0027
5.5324 5.5123 5.5277 0.0027
5.5324 5.5123 5.5277 0.0027
5.5324 5.5123 5.5277 0.0027
5.5324 5.5123 5.5277 0.0027
5.5324 5.5123 5.5277 0.0027
5.5324 5.5123 5.5277 0.0027
5.5324 5.5123 5.5277 0.0027
5.5324 5.5123 5.5277 0.0028
5.5324 5.5123 5.5277 0.0028
5.5324 5.5123 5.5278 0.0027
5.5324 5.5123 5.5278 0.0027
5.5324 5.5123 5.5278 0.0027
5.5324 5.5123 5.5278 0.0027
5.5403 5.5123 5.5279 0.0030
5.5403 5.5123 5.5279 0.0030
5.5403 5.5123 5.5279 0.0030
5.5403 5.5123 5.5279 0.0030
5.5403 5.5123 5.5279 0.0030
5.5403 5.5123 5.5279 0.0030
5.5403 5.5123 5.5279 0.0030
5.5403 5.5123 5.5279 0.0030
5.5403 5.5123 5.5279 0.0030
5.5403 5.5123 5.5279 0.0030
5.5403 5.5123 5.5279 0.0030
5.5403 5.5123 5.5279 0.0030
5.5403 5.5123 5.5279 0.0030
5.5403 5.5123 5.5279 0.0030
5.5403 5.5123 5.5279 0.0030
5.5403 5.5123 5.5279 0.0030
5.5403 5.5123 5.5279 0.0030
5.5403 5.5123 5.5279 0.0030
5.5403 5.5123 5.5279 0.0030
5.5403 5.5123 5.5279 0.0030
5.5403 5.5123 5.5279 0.0030
5.5403 5.5123 5.5279 0.0030
5.5403 5.5123 5.5279 0.0030
5.5403 5.5123 5.5279 0.0030
5.5403 5.5123 5.5279 0.0030
5.5403 5.5123 5.5279 0.0030
5.5403 5.5123 5.5281 0.0032
5.5403 5.5123 5.5281 0.0032
5.5403 5.5123 5.5281 0.0032
5.5403 5.5123 5.5281 0.0032
5.5403 5.5123 5.5281 0.0032
5.5403 5.5123 5.5281 0.0032
5.5403 5.5123 5.5281 0.0032
5.5403 5.5123 5.5281 0.0032
5.5403 5.5123 5.5281 0.0032
5.5403 5.5123 5.5281 0.0032
5.5403 5.5123 5.5281 0.0032
5.5403 5.5123 5.5281 0.0032
5.5403 5.5123 5.5281 0.0032
5.5403 5.5123 5.5281 0.0032
5.5403 5.5123 5.5281 0.0032
5.5403 5.5123 5.5281 0.0032
5.5403 5.5123 5.5281 0.0032
5.5403 5.5123 5.5281 0.0032
5.5403 5.5123 5.5281 0.0032
5.5403 5.5123 5.5281 0.0032
5.5403 5.5123 5.5282 0.0032
5.5403 5.5123 5.5282 0.0032
5.5403 5.5123 5.5283 0.0028
5.5403 5.5123 5.5283 0.0028
5.5403 5.5123 5.5283 0.0028
5.5403 5.5123 5.5283 0.0028
5.5403 5.5123 5.5283 0.0028
5.5403 5.5123 5.5283 0.0028
5.5403 5.5123 5.5283 0.0028
5.5403 5.5123 5.5283 0.0028
5.5403 5.5123 5.5283 0.0028
5.5403 5.5123 5.5283 0.0028
5.5403 5.5123 5.5283 0.0028
5.5403 5.5123 5.5284 0.0028
5.5403 5.5123 5.5284 0.0028
5.5403 5.5123 5.5284 0.0028
5.5403 5.5123 5.5284 0.0028
5.5403 5.5123 5.5284 0.0028
5.5403 5.5123 5.5286 0.0030
5.5403 5.5123 5.5286 0.0030
5.5403 5.5123 5.5286 0.0031
5.5403 5.5123 5.5286 0.0031
5.5403 5.5123 5.5286 0.0031
5.5403 5.5123 5.5286 0.0031
5.5403 5.5123 5.5286 0.0031
5.5403 5.5123 5.5286 0.0031
5.5403 5.5123 5.5286 0.0031
5.5403 5.5123 5.5286 0.0031
5.5403 5.5123 5.5287 0.0031
5.5403 5.5123 5.5287 0.0031
5.5403 5.5123 5.5287 0.0031
5.5403 5.5123 5.5287 0.0031
5.5403 5.5123 5.5287 0.0031
5.5403 5.5123 5.5287 0.0031
5.5403 5.5123 5.5287 0.0031
5.5403 5.5123 5.5288 0.0030
5.5403 5.5123 5.5288 0.0030
5.5403 5.5123 5.5288 0.0030
5.5403 5.5123 5.5288 0.0030
5.5403 5.5123 5.5288 0.0030
5.5403 5.5123 5.5288 0.0030
5.5403 5.5123 5.5288 0.0030
5.5403 5.5123 5.5288 0.0031
5.5403 5.5123 5.5288 0.0031
5.5403 5.5123 5.5288 0.0031
5.5403 5.5123 5.5288 0.0031
5.5403 5.5123 5.5288 0.0031
5.5403 5.5123 5.5288 0.0031
5.5403 5.5123 5.5288 0.0031
5.5403 5.5123 5.5288 0.0031
5.5403 5.5123 5.5288 0.0031
5.5403 5.5123 5.5288 0.0031
5.5403 5.5123 5.5288 0.0031
5.5403 5.5123 5.5288 0.0031
5.5403 5.5123 5.5288 0.0031
5.5403 5.5123 5.5288 0.0031
5.5403 5.5123 5.5288 0.0031
5.5403 5.5123 5.5288 0.0031
5.5403 5.5123 5.5288 0.0031
