0.6638 0.0045 0.0894 0.1636
0.6638 0.0045 0.1004 0.1792
0.6638 0.0045 0.1034 0.1800
0.7958 0.0045 0.1112 0.1925
0.7958 0.0045 0.1142 0.1930
1.0110 0.0045 0.1242 0.2123
1.0110 0.0045 0.1272 0.2128
1.0110 0.0045 0.1300 0.2130
1.0110 0.0045 0.1358 0.2136
1.0110 0.0045 0.1392 0.2142
1.0110 0.0045 0.1439 0.2165
1.0110 0.0045 0.1503 0.2172
1.2341 0.0045 0.1678 0.2520
1.2341 0.0045 0.1738 0.2553
1.2341 0.0045 0.1787 0.2545
1.2341 0.0045 0.1818 0.2543
1.2341 0.0045 0.1876 0.2535
1.2341 0.0045 0.1941 0.2545
1.2341 0.0045 0.1970 0.2540
1.2341 0.0045 0.1996 0.2534
1.2341 0.0045 0.2111 0.2606
1.2341 0.0045 0.2140 0.2600
1.2341 0.0045 0.2168 0.2593
1.2341 0.0045 0.2222 0.2605
1.2341 0.0045 0.2222 0.2605
1.2341 0.0045 0.2232 0.2599
1.2341 0.0045 0.2276 0.2600
1.2341 0.0045 0.2284 0.2614
1.2341 0.0045 0.2284 0.2614
1.4489 0.0045 0.2567 0.3107
1.4489 0.0045 0.2595 0.3098
1.4489 0.0045 0.2621 0.3111
1.4489 0.0045 0.2653 0.3101
1.7122 0.0045 0.2773 0.3353
1.7122 0.0045 0.2802 0.3342
1.7122 0.0045 0.2802 0.3342
2.1098 0.0045 0.2952 0.3793
2.1098 0.0045 0.3006 0.3832
2.1098 0.0045 0.3103 0.3849
2.1098 0.0045 0.3103 0.3849
2.1098 0.0045 0.3103 0.3849
2.1098 0.0045 0.3132 0.3837
2.1098 0.0045 0.3160 0.3825
2.1098 0.0045 0.3483 0.4483
2.1098 0.0045 0.3512 0.4479
2.1098 0.0045 0.3640 0.4640
2.1098 0.0045 0.3700 0.4633
2.1098 0.0045 0.3758 0.4605
2.1098 0.0045 0.3812 0.4620
2.1098 0.0045 0.3857 0.4641
2.1098 0.0045 0.3939 0.4647
2.1098 0.0045 0.4005 0.4615
2.1098 0.0045 0.4065 0.4603
2.1098 0.0045 0.4192 0.4746
2.1098 0.0045 0.4226 0.4728
2.1098 0.0045 0.4277 0.4742
2.1098 0.0045 0.4277 0.4741
2.1098 0.0045 0.4475 0.4970
2.1098 0.0045 0.4517 0.4951
2.1098 0.0045 0.4547 0.4949
2.1098 0.0045 0.4598 0.5011
2.1098 0.0045 0.4700 0.5049
2.1098 0.0045 0.4737 0.5060
2.1098 0.0045 0.4765 0.5042
2.1098 0.0045 0.4849 0.5018
2.1098 0.0045 0.4864 0.5024
2.1098 0.0045 0.4896 0.5003
2.1098 0.0045 0.4939 0.5012
2.1098 0.0045 0.5059 0.5061
2.1098 0.0045 0.5103 0.5108
2.1098 0.0045 0.5247 0.5168
2.1098 0.0045 0.5298 0.5170
2.1098 0.0045 0.5327 0.5149
2.1098 0.0045 0.5405 0.5135
2.1098 0.0045 0.5433 0.5131
2.1098 0.0045 0.5494 0.5167
2.1098 0.0045 0.5523 0.5145
2.1098 0.0045 0.5665 0.5189
2.1098 0.0045 0.5927 0.5391
2.1098 0.0045 0.6087 0.5351
2.1098 0.0045 0.6137 0.5346
2.1098 0.0045 0.6199 0.5361
2.1098 0.0045 0.6231 0.5362
2.1098 0.0045 0.6250 0.5354
2.1098 0.0045 0.6495 0.5695
2.1098 0.0045 0.6521 0.5689
2.1098 0.0045 0.6521 0.5689
2.1098 0.0045 0.6610 0.5782
2.1098 0.0045 0.6689 0.5745
2.1098 0.0045 0.6755 0.5706
2.1098 0.0045 0.6857 0.5676
2.1098 0.0045 0.6857 0.5676
2.1098 0.0045 0.6886 0.5649
2.1098 0.0045 0.6959 0.5768
2.1098 0.0045 0.7022 0.5727
2.1098 0.0045 0.7047 0.5718
2.1098 0.0045 0.7047 0.5718
2.1098 0.0045 0.7161 0.5727
2.1098 0.0045 0.7161 0.5727
2.1098 0.0045 0.7208 0.5712
2.1098 0.0045 0.7239 0.5697
2.1098 0.0045 0.7277 0.5719
2.1098 0.0045 0.7277 0.5719
2.1098 0.0045 0.7306 0.5690
2.1098 0.0045 0.7371 0.5746
2.1098 0.0045 0.7431 0.5701
2.1098 0.0045 0.7512 0.5653
2.1098 0.0045 0.7540 0.5652
2.1098 0.0045 0.7540 0.5652
2.1098 0.0045 0.7540 0.5652
2.1098 0.0045 0.7669 0.5763
2.1420 0.0045 0.7713 0.5851
2.3215 0.0045 0.7809 0.6057
2.3215 0.0045 0.7910 0.6061
2.3215 0.0045 0.8040 0.6089
2.3215 0.0045 0.8040 0.6088
2.3215 0.0045 0.8087 0.6105
2.3215 0.0045 0.8146 0.6083
2.3215 0.0045 0.8146 0.6083
2.3215 0.0045 0.8221 0.6095
2.3215 0.0045 0.8222 0.6094
2.3215 0.0045 0.8222 0.6094
2.3215 0.0045 0.8251 0.6062
2.3215 0.0045 0.8375 0.6082
2.3215 0.0045 0.8395 0.6077
2.3215 0.0045 0.8426 0.6058
2.3215 0.0045 0.8521 0.6046
2.3215 0.0045 0.8600 0.6025
2.3215 0.0045 0.8617 0.6047
2.3215 0.0045 0.8728 0.6044
2.3215 0.0045 0.8728 0.6044
2.3215 0.0045 0.8728 0.6044
2.3215 0.0045 0.8759 0.6008
2.3215 0.0045 0.8759 0.6008
2.3215 0.0045 0.8839 0.5944
2.3215 0.0045 0.8910 0.6005
2.3215 0.0045 0.8941 0.5982
2.3215 0.0045 0.8959 0.5975
2.3215 0.0045 0.9027 0.5999
2.3215 0.0045 0.9056 0.5963
2.3215 0.0045 0.9095 0.5952
2.3215 0.0045 0.9095 0.5952
2.3215 0.0045 0.9196 0.5883
2.3215 0.0045 0.9246 0.5852
2.3215 0.0045 0.9246 0.5852
2.3215 0.0045 0.9246 0.5852
2.3215 0.0045 0.9337 0.5903
2.3215 0.0045 0.9370 0.5952
2.3215 0.0045 0.9374 0.5952
2.3215 0.0045 0.9375 0.5951
2.3215 0.0045 0.9380 0.5958
2.3215 0.0045 0.9530 0.6042
2.3215 0.0045 0.9567 0.6105
2.3215 0.0045 0.9596 0.6066
2.3215 0.0045 0.9628 0.6064
2.3215 0.0045 0.9687 0.6105
2.3215 0.0045 0.9718 0.6111
2.3215 0.0045 0.9757 0.6108
2.3215 0.0045 0.9799 0.6111
2.3215 0.0045 0.9930 0.6042
2.3215 0.0045 1.0008 0.5965
2.3215 0.0045 1.0097 0.5930
2.3215 0.0045 1.0154 0.5889
2.3215 0.0045 1.0166 0.5886
2.3215 0.0045 1.0273 0.5852
2.3215 0.0045 1.0387 0.5850
2.3215 0.0045 1.0387 0.5850
2.3215 0.0045 1.0411 0.5859
2.3215 0.0045 1.0491 0.5910
2.3215 0.0045 1.0566 0.5979
2.3215 0.0045 1.0681 0.6110
2.3518 0.0045 1.0773 0.6188
2.3518 0.0100 1.0910 0.6100
2.3518 0.0100 1.1008 0.6046
2.3518 0.0100 1.1281 0.6137
2.3518 0.0100 1.1323 0.6116
2.3518 0.0100 1.1347 0.6100
2.3518 0.0100 1.1392 0.6139
2.3518 0.0100 1.1392 0.6139
2.3518 0.0100 1.1486 0.6083
2.3518 0.0100 1.1520 0.6072
2.3518 0.0100 1.1529 0.6066
2.3518 0.0100 1.1558 0.6032
2.3518 0.0100 1.1589 0.6066
2.3518 0.0100 1.1651 0.6042
2.3518 0.0100 1.1713 0.6112
2.3518 0.0100 1.1786 0.6095
2.3518 0.0100 1.1876 0.6107
2.3518 0.0100 1.1948 0.6052
2.3518 0.0100 1.1948 0.6052
2.3518 0.0100 1.1996 0.6075
2.3518 0.0100 1.2093 0.6122
2.4868 0.0100 1.2170 0.6233
2.4868 0.0100 1.2230 0.6225
2.4868 0.0100 1.2338 0.6157
2.4868 0.0100 1.2421 0.6086
2.4868 0.0100 1.2452 0.6077
2.4868 0.0100 1.2495 0.6031
2.4868 0.0100 1.2511 0.6028
2.4868 0.0100 1.2543 0.6041
2.4868 0.0100 1.2543 0.6041
2.4868 0.0100 1.2657 0.6052
2.4868 0.0100 1.2657 0.6052
2.4868 0.0100 1.2693 0.6069
2.4868 0.0100 1.2726 0.6117
2.4868 0.0100 1.2805 0.6164
2.4868 0.0100 1.2805 0.6164
2.4868 0.0100 1.2805 0.6164
2.4868 0.0100 1.2805 0.6164
2.4868 0.0100 1.2818 0.6167
2.4868 0.0100 1.2893 0.6130
2.4868 0.0100 1.2914 0.6119
2.4868 0.0100 1.2914 0.6119
2.4868 0.0100 1.2978 0.6102
2.4868 0.0100 1.3065 0.6065
2.4868 0.0100 1.3117 0.6122
2.4868 0.0100 1.3311 0.6106
2.4868 0.0100 1.3365 0.6157
2.4868 0.0100 1.3558 0.6131
2.4868 0.0100 1.3653 0.6040
2.4868 0.0100 1.3738 0.6020
2.4868 0.0100 1.3755 0.6018
2.4868 0.0100 1.3957 0.5993
2.4868 0.0100 1.4018 0.5944
2.4868 0.0100 1.4050 0.5911
2.4868 0.0100 1.4149 0.5977
2.4868 0.0100 1.4204 0.6027
2.4868 0.0100 1.4229 0.6055
2.6909 0.0100 1.4373 0.6182
2.6909 0.0100 1.4373 0.6182
2.6909 0.0100 1.4404 0.6218
2.6909 0.0100 1.4413 0.6216
2.6909 0.0100 1.4482 0.6139
2.6909 0.0100 1.4482 0.6139
2.6909 0.0100 1.4583 0.6169
2.6909 0.0100 1.4669 0.6257
2.6909 0.0100 1.4683 0.6275
2.6909 0.0100 1.4753 0.6271
2.6909 0.0100 1.4802 0.6243
2.6909 0.0100 1.4954 0.6261
2.6909 0.0100 1.4954 0.6261
2.6909 0.0100 1.5047 0.6326
2.6909 0.0100 1.5084 0.6325
2.6909 0.0100 1.5200 0.6380
2.6909 0.0100 1.5200 0.6380
2.6909 0.0100 1.5245 0.6353
2.6909 0.0100 1.5247 0.6354
2.6909 0.0100 1.5369 0.6394
2.6909 0.0100 1.5441 0.6428
2.6909 0.0100 1.5491 0.6373
2.6909 0.0100 1.5526 0.6366
2.6909 0.0100 1.5587 0.6378
2.6909 0.0100 1.5587 0.6378
2.6909 0.0100 1.5613 0.6390
2.6909 0.0100 1.5815 0.6306
2.6909 0.0100 1.5815 0.6306
2.6909 0.0100 1.5815 0.6306
2.6909 0.0100 1.5848 0.6248
2.6909 0.0100 1.5858 0.6243
2.6909 0.0100 1.5858 0.6243
2.6909 0.0100 1.5896 0.6220
2.6909 0.0100 1.6030 0.6122
2.6909 0.0100 1.6102 0.6122
2.6909 0.0100 1.6102 0.6122
2.6909 0.0100 1.6102 0.6122
2.6909 0.0100 1.6102 0.6122
2.6909 0.0100 1.6143 0.6110
2.6909 0.0100 1.6143 0.6110
2.6909 0.0100 1.6237 0.6157
2.6909 0.0100 1.6374 0.6176
2.6909 0.0100 1.6408 0.6186
2.6909 0.0100 1.6413 0.6186
2.6909 0.0100 1.6426 0.6195
2.6909 0.0100 1.6507 0.6112
2.6909 0.0100 1.6523 0.6103
2.6909 0.0100 1.6523 0.6103
2.6909 0.0100 1.6733 0.5994
2.6909 0.0100 1.6733 0.5994
2.6909 0.0100 1.6733 0.5994
2.6909 0.0100 1.6851 0.6021
2.6909 0.0100 1.6969 0.5963
2.6909 0.0100 1.6982 0.5958
2.6909 0.0100 1.6996 0.5945
2.6909 0.0100 1.7053 0.5973
2.6909 0.0100 1.7117 0.5974
2.6909 0.0100 1.7190 0.5998
2.6909 0.0100 1.7190 0.5998
2.6909 0.0100 1.7337 0.6071
2.6909 0.0100 1.7422 0.6093
2.6909 0.0100 1.7422 0.6093
2.6909 0.0100 1.7458 0.6118
2.6909 0.0100 1.7576 0.6132
2.6909 0.0100 1.7752 0.6060
2.6909 0.0100 1.7752 0.6060
2.6909 0.0100 1.7752 0.6060
2.6909 0.0100 1.7805 0.5981
2.6909 0.0100 1.7866 0.6006
2.6909 0.0100 1.7955 0.5969
2.6909 0.0100 1.8000 0.5935
2.6909 0.0100 1.8104 0.5819
2.6909 0.0100 1.8163 0.5840
2.6909 0.0100 1.8172 0.5834
2.6909 0.0100 1.8196 0.5815
2.6909 0.0100 1.8198 0.5817
2.6909 0.0100 1.8229 0.5806
2.6909 0.0100 1.8233 0.5804
2.6909 0.0100 1.8330 0.5754
2.6909 0.0100 1.8363 0.5787
2.6909 0.0100 1.8389 0.5799
2.6909 0.0100 1.8395 0.5797
2.7538 0.0100 1.8431 0.5842
2.7538 0.0100 1.8514 0.5850
3.0646 0.0100 1.8615 0.5970
3.0646 0.0100 1.8655 0.6008
3.0646 0.0100 1.8676 0.6025
3.0646 0.0100 1.8689 0.6015
3.0646 0.0100 1.8710 0.6028
3.0646 0.0100 1.8714 0.6030
3.0646 0.0100 1.8714 0.6030
3.0646 0.0100 1.8733 0.6024
3.0646 0.0100 1.8792 0.6035
3.0646 0.0100 1.8835 0.6081
3.0646 0.0100 1.8835 0.6081
3.0646 0.0100 1.8864 0.6110
3.0646 0.0100 1.8864 0.6110
3.0646 0.0100 1.8864 0.6110
3.0646 0.0100 1.8962 0.6014
3.0646 0.0100 1.8962 0.6014
3.0646 0.0100 1.9091 0.5917
3.0646 0.0100 1.9091 0.5917
3.0646 0.0100 1.9151 0.5921
3.0646 0.0100 1.9168 0.5930
3.0646 0.0100 1.9170 0.5930
3.0646 0.0100 1.9260 0.5969
3.0646 0.0100 1.9260 0.5969
3.0646 0.0100 1.9310 0.5988
3.0646 0.0100 1.9342 0.6001
3.0646 0.0100 1.9445 0.5985
3.0646 0.0100 1.9472 0.6008
3.0646 0.0100 1.9472 0.6008
3.0646 0.0100 1.9475 0.6010
3.0646 0.0100 1.9492 0.6019
3.0646 0.0100 1.9525 0.6030
3.0646 0.0100 1.9525 0.6030
3.0646 0.0100 1.9525 0.6030
3.0646 0.0100 1.9605 0.6010
3.0646 0.0100 1.9609 0.6012
3.0646 0.0100 1.9609 0.6012
3.0646 0.0100 1.9773 0.5776
3.0646 0.0100 1.9818 0.5794
3.0646 0.0100 1.9840 0.5770
3.0646 0.0100 1.9840 0.5770
3.0646 0.0100 1.9952 0.5731
3.0656 0.0100 2.0023 0.5818
3.0656 0.0100 2.0029 0.5820
3.0656 0.0100 2.0029 0.5820
3.0656 0.0100 2.0105 0.5810
3.0656 0.0100 2.0139 0.5821
3.0656 0.2764 2.0301 0.5477
3.0656 0.2764 2.0360 0.5468
3.0656 0.2764 2.0390 0.5491
3.0656 0.2764 2.0482 0.5466
3.0656 0.2764 2.0492 0.5471
3.0656 0.2764 2.0554 0.5458
3.0656 0.2764 2.0602 0.5497
3.0656 0.2764 2.0695 0.5462
3.0656 0.2764 2.0699 0.5457
3.0656 0.2764 2.0735 0.5371
3.0656 0.2764 2.0798 0.5374
3.0656 0.2764 2.0798 0.5374
3.0656 0.2764 2.0895 0.5341
3.0656 0.2764 2.0895 0.5341
3.0656 0.2764 2.0973 0.5393
3.0656 0.2764 2.1191 0.5340
3.0656 0.2764 2.1250 0.5356
3.0657 0.2764 2.1300 0.5420
3.0657 0.2764 2.1300 0.5420
3.0657 0.2764 2.1300 0.5420
3.0657 0.2764 2.1301 0.5419
3.0657 0.2764 2.1301 0.5419
3.0657 0.2764 2.1384 0.5430
3.0657 0.2764 2.1444 0.5315
3.0657 0.2764 2.1468 0.5267
3.0657 0.2764 2.1468 0.5267
3.0657 0.2764 2.1518 0.5259
3.0657 0.2764 2.1609 0.5208
3.0657 0.2764 2.1609 0.5208
3.0657 0.2764 2.1673 0.5176
3.0657 0.2764 2.1697 0.5188
3.0664 0.2764 2.1740 0.5245
3.0664 0.2764 2.1740 0.5245
3.0664 0.2764 2.1816 0.5294
3.0664 0.2764 2.1816 0.5294
3.0664 0.2764 2.1828 0.5300
3.0664 0.2764 2.1834 0.5292
3.0664 0.2764 2.1887 0.5289
3.0664 0.2764 2.1898 0.5293
3.0664 0.2764 2.1937 0.5319
3.0664 0.2764 2.1937 0.5319
3.0664 0.2764 2.1939 0.5320
3.0664 0.2764 2.1939 0.5320
3.0664 0.2764 2.1940 0.5321
3.0664 0.2764 2.1977 0.5346
3.0664 0.2764 2.1977 0.5346
3.0846 0.2764 2.1979 0.5349
3.0846 0.2764 2.1982 0.5350
3.0846 0.2764 2.1982 0.5350
3.0846 0.2764 2.2091 0.5415
3.0846 0.2764 2.2328 0.5486
3.0846 0.2764 2.2330 0.5487
3.0846 0.2764 2.2330 0.5487
3.0846 0.2764 2.2330 0.5487
3.0846 0.2764 2.2403 0.5449
3.0846 0.2764 2.2410 0.5450
3.0846 0.2764 2.2451 0.5495
3.0846 0.2764 2.2451 0.5495
3.0846 0.2764 2.2451 0.5495
3.0846 0.2764 2.2506 0.5499
3.0846 0.2764 2.2573 0.5396
3.0846 0.2764 2.2676 0.5452
3.0846 0.2764 2.2754 0.5355
3.0846 0.2764 2.2754 0.5355
3.0846 0.2764 2.2754 0.5355
3.0846 0.2764 2.2754 0.5355
3.0846 0.2764 2.2826 0.5302
3.0846 0.2764 2.2828 0.5303
3.0846 0.2764 2.2853 0.5322
3.0846 0.2764 2.2890 0.5323
3.0846 0.2764 2.2890 0.5323
3.0846 0.2764 2.2890 0.5323
3.0846 0.2981 2.3066 0.4931
3.0846 0.2981 2.3066 0.4931
3.0846 0.2981 2.3066 0.4931
3.0846 0.2981 2.3066 0.4931
3.0846 0.2981 2.3077 0.4925
3.0846 0.2981 2.3077 0.4925
3.0846 0.2981 2.3090 0.4935
3.0846 0.2981 2.3151 0.4967
3.0846 0.2981 2.3151 0.4967
3.0846 0.2981 2.3258 0.4894
3.0846 0.2981 2.3258 0.4894
3.0846 0.2981 2.3260 0.4895
3.0846 0.2981 2.3334 0.4950
3.0846 0.2981 2.3334 0.4950
3.0846 0.2981 2.3370 0.4938
3.0846 0.2981 2.3370 0.4938
3.0846 0.2981 2.3406 0.4938
3.0846 0.2981 2.3466 0.4883
3.0846 0.2981 2.3466 0.4883
3.0846 0.2981 2.3477 0.4889
3.0846 0.2981 2.3477 0.4889
3.0846 0.2981 2.3477 0.4889
3.0846 0.2981 2.3508 0.4925
3.0846 0.2981 2.3516 0.4926
3.0846 0.2981 2.3714 0.4840
3.0846 0.7546 2.3894 0.4378
3.0846 0.7546 2.3994 0.4281
3.0846 0.7546 2.4012 0.4286
3.0846 0.7546 2.4012 0.4286
3.0846 0.7546 2.4012 0.4286
3.0846 0.7546 2.4013 0.4286
3.0846 0.7546 2.4013 0.4286
3.0846 0.7546 2.4020 0.4284
3.0846 0.7546 2.4051 0.4289
3.0846 0.7546 2.4085 0.4296
3.0846 0.7546 2.4105 0.4301
3.0846 0.7546 2.4110 0.4300
3.0846 0.7546 2.4175 0.4203
3.1568 0.7546 2.4239 0.4266
3.1568 0.7546 2.4245 0.4265
3.1568 0.7546 2.4253 0.4263
3.1568 0.7546 2.4253 0.4263
3.1568 0.7546 2.4307 0.4241
3.1568 0.7546 2.4415 0.4182
3.1568 0.7546 2.4415 0.4182
3.1568 0.7546 2.4415 0.4182
3.1568 0.7546 2.4422 0.4180
3.1568 0.7546 2.4438 0.4181
3.1568 0.7546 2.4468 0.4164
3.1568 0.7546 2.4468 0.4164
3.1568 0.7546 2.4468 0.4164
3.1568 0.7546 2.4478 0.4166
3.1568 0.7546 2.4485 0.4163
3.1568 0.7546 2.4491 0.4152
3.1568 0.7546 2.4511 0.4156
3.1568 0.7546 2.4573 0.4097
3.1568 0.7546 2.4573 0.4097
3.1568 0.7546 2.4638 0.4138
3.1568 0.7546 2.4638 0.4138
3.1568 0.7546 2.4638 0.4138
3.1568 0.7546 2.4648 0.4154
3.1568 0.7546 2.4653 0.4152
3.1568 0.7546 2.4720 0.4194
3.1568 0.7546 2.4724 0.4192
3.1568 0.7546 2.4736 0.4193
3.1568 0.7546 2.4755 0.4202
3.1568 0.7546 2.4755 0.4202
3.1568 0.7546 2.4813 0.4243
3.1568 0.7546 2.4885 0.4280
3.1568 0.7546 2.4943 0.4219
3.1568 0.7546 2.4957 0.4226
3.1568 0.7546 2.4972 0.4225
3.1568 0.7546 2.5023 0.4223
3.1568 0.7546 2.5046 0.4224
3.1568 0.7546 2.5046 0.4224
3.1568 0.7546 2.5165 0.4181
3.1568 0.7546 2.5192 0.4210
3.1568 0.7546 2.5235 0.4214
3.1568 0.7546 2.5235 0.4214
3.1568 0.7546 2.5314 0.4258
3.1568 0.7546 2.5314 0.4258
3.1568 0.7546 2.5478 0.4153
3.1568 0.7546 2.5503 0.4173
3.1568 0.7546 2.5503 0.4173
3.1568 0.7546 2.5503 0.4173
3.1568 0.7546 2.5545 0.4212
3.1568 0.7546 2.5545 0.4212
3.1568 0.7546 2.5565 0.4217
3.1568 0.7546 2.5670 0.4203
3.1568 0.7546 2.5726 0.4208
3.1568 0.7546 2.5826 0.4197
3.1568 0.7546 2.5826 0.4197
3.1568 0.7546 2.5930 0.4108
3.1568 0.7546 2.5959 0.4128
3.1568 0.7546 2.5964 0.4130
3.1568 0.7546 2.5990 0.4121
3.1568 0.7546 2.5990 0.4121
3.1568 0.7546 2.5990 0.4121
3.1568 0.7546 2.6031 0.4123
3.1568 0.7546 2.6031 0.4123
3.1568 0.7546 2.6041 0.4134
3.1568 0.7546 2.6055 0.4151
3.1568 0.7546 2.6055 0.4151
3.1568 0.7546 2.6055 0.4151
3.1568 0.7546 2.6190 0.3976
3.1568 0.7546 2.6256 0.3992
3.2305 0.7546 2.6272 0.4013
3.2305 0.7546 2.6369 0.4002
3.2305 0.7546 2.6372 0.4001
3.2305 0.7546 2.6415 0.4018
3.2305 0.7546 2.6461 0.4038
3.2305 0.7546 2.6461 0.4038
3.2305 0.7546 2.6497 0.4064
3.2305 0.7546 2.6506 0.4075
3.2305 0.7546 2.6537 0.4062
3.2305 0.7546 2.6604 0.4075
3.2305 0.7546 2.6706 0.4061
3.2305 0.7546 2.6712 0.4068
3.2305 0.7546 2.6765 0.4027
3.4220 0.7546 2.6908 0.4139
3.4220 0.7546 2.6908 0.4139
3.4220 0.7546 2.6927 0.4147
3.4220 0.7954 2.6932 0.4128
3.4220 0.7954 2.6983 0.4152
3.4220 0.7954 2.7080 0.4124
3.4220 0.7954 2.7093 0.4130
3.4220 0.7954 2.7104 0.4129
3.4220 0.7954 2.7196 0.4126
3.4220 0.7954 2.7196 0.4126
3.4220 0.7954 2.7196 0.4126
3.4220 0.7954 2.7301 0.4058
3.4220 0.7954 2.7301 0.4058
3.4220 0.7954 2.7335 0.4057
3.4220 0.7954 2.7397 0.4061
3.4220 0.7954 2.7410 0.4066
3.4220 0.7954 2.7461 0.4060
3.4220 0.7954 2.7461 0.4060
3.4220 0.7954 2.7506 0.3941
3.4220 0.7954 2.7508 0.3941
3.4220 0.7954 2.7508 0.3941
3.4220 0.7954 2.7566 0.3925
3.4220 0.7954 2.7567 0.3925
3.4220 0.7954 2.7567 0.3925
3.4220 0.7954 2.7567 0.3925
3.4220 0.7954 2.7567 0.3925
3.4220 0.7954 2.7567 0.3925
3.4220 0.7954 2.7567 0.3925
3.4220 0.7954 2.7571 0.3926
3.4220 0.7954 2.7600 0.3910
3.4220 0.7954 2.7602 0.3910
3.4220 0.7954 2.7619 0.3915
3.4220 0.7954 2.7628 0.3923
3.4220 0.7954 2.7630 0.3923
3.4220 0.7954 2.7671 0.3863
3.4220 0.7954 2.7704 0.3845
3.4220 1.7124 2.7888 0.3297
3.4220 1.7124 2.7888 0.3297
3.4220 1.7124 2.7888 0.3297
3.4220 1.7124 2.7940 0.3279
3.4253 1.7124 2.7984 0.3333
3.4253 1.7124 2.7984 0.3333
3.4253 1.7124 2.8048 0.3307
3.4253 1.7124 2.8073 0.3285
3.4253 1.7124 2.8073 0.3285
3.4253 1.7124 2.8074 0.3284
3.4253 1.7124 2.8076 0.3284
3.4253 1.7124 2.8083 0.3280
3.4253 1.7124 2.8083 0.3280
3.4253 1.7124 2.8131 0.3282
3.4253 1.7124 2.8131 0.3282
3.4253 1.7124 2.8137 0.3286
3.4253 1.7124 2.8138 0.3287
3.4253 1.7124 2.8139 0.3287
3.4253 1.7124 2.8139 0.3287
3.4253 1.7124 2.8161 0.3291
3.4253 1.7124 2.8170 0.3284
3.4253 1.7124 2.8170 0.3284
3.4253 1.7124 2.8170 0.3284
3.4253 1.7124 2.8198 0.3285
3.4253 1.7124 2.8199 0.3286
3.4253 1.7124 2.8199 0.3286
3.4253 1.7124 2.8214 0.3289
3.4253 1.7124 2.8229 0.3274
3.4253 1.7124 2.8229 0.3274
3.4253 1.7124 2.8229 0.3274
3.4253 1.7124 2.8236 0.3278
3.4253 1.7124 2.8317 0.3260
3.4253 1.7124 2.8385 0.3237
3.4253 1.7124 2.8385 0.3237
3.4253 1.7124 2.8385 0.3237
3.4253 1.7124 2.8414 0.3228
3.4253 1.7124 2.8414 0.3228
3.4253 1.7124 2.8414 0.3228
3.4253 1.7124 2.8440 0.3219
3.4253 1.7124 2.8446 0.3216
3.4253 1.7124 2.8496 0.3211
3.4253 1.7124 2.8496 0.3211
3.4253 1.7124 2.8506 0.3197
3.4253 1.7124 2.8538 0.3202
3.4253 1.7124 2.8543 0.3201
3.4253 1.7124 2.8543 0.3201
3.4253 1.7124 2.8543 0.3201
3.4253 1.7124 2.8543 0.3201
3.4253 1.7124 2.8543 0.3201
3.4253 1.7124 2.8570 0.3207
3.4253 1.7124 2.8570 0.3207
3.4253 1.7124 2.8625 0.3165
3.4253 1.7124 2.8625 0.3165
3.4253 1.7124 2.8642 0.3171
3.4253 1.7124 2.8654 0.3176
3.4253 1.7124 2.8679 0.3182
3.4253 1.7124 2.8679 0.3182
3.4253 1.7124 2.8746 0.3227
3.4253 1.9159 2.8769 0.3154
3.4253 1.9159 2.8769 0.3154
3.4253 1.9159 2.8769 0.3154
3.4253 1.9159 2.8845 0.3118
3.4253 1.9159 2.8849 0.3120
3.4253 1.9159 2.8868 0.3137
3.4253 1.9159 2.8868 0.3137
3.4253 1.9159 2.8868 0.3137
3.4253 1.9159 2.8868 0.3137
3.4253 1.9159 2.8870 0.3139
3.4253 1.9159 2.8889 0.3148
3.4253 1.9159 2.8919 0.3151
3.4253 1.9159 2.9000 0.3005
3.4253 1.9159 2.9046 0.2998
3.4253 1.9159 2.9046 0.2998
3.4253 1.9159 2.9049 0.2998
3.4253 1.9159 2.9049 0.2998
3.4253 1.9159 2.9105 0.3001
3.4253 1.9159 2.9105 0.3001
3.4253 1.9159 2.9105 0.3001
3.4253 1.9159 2.9105 0.3001
3.4253 1.9159 2.9166 0.2982
3.4253 1.9159 2.9166 0.2982
3.4253 1.9159 2.9166 0.2982
3.4253 1.9159 2.9166 0.2982
3.4253 1.9159 2.9235 0.2952
3.4253 1.9159 2.9241 0.2956
3.4253 1.9159 2.9243 0.2957
3.4253 1.9159 2.9257 0.2962
3.4253 1.9159 2.9257 0.2962
3.4253 1.9159 2.9257 0.2962
3.4253 1.9159 2.9257 0.2962
3.4253 1.9159 2.9289 0.2947
3.4253 1.9159 2.9364 0.2855
3.4253 1.9159 2.9383 0.2848
3.4253 1.9159 2.9459 0.2779
3.4253 1.9159 2.9459 0.2779
3.4253 1.9159 2.9467 0.2784
3.4253 1.9159 2.9467 0.2784
3.4253 1.9159 2.9523 0.2732
3.4253 1.9159 2.9534 0.2738
3.4253 1.9159 2.9574 0.2728
3.4253 1.9159 2.9586 0.2704
3.4253 1.9159 2.9609 0.2730
3.4253 1.9159 2.9641 0.2724
3.4253 1.9159 2.9655 0.2727
3.4253 1.9159 2.9687 0.2719
3.4253 1.9159 2.9687 0.2719
3.4253 1.9159 2.9693 0.2722
3.4253 1.9159 2.9693 0.2722
3.4253 1.9159 2.9693 0.2722
3.4253 1.9159 2.9693 0.2722
3.4253 1.9159 2.9693 0.2722
3.4253 1.9159 2.9698 0.2725
3.4253 1.9159 2.9704 0.2724
3.4253 1.9159 2.9721 0.2717
3.4253 1.9159 2.9778 0.2691
3.4253 1.9159 2.9778 0.2691
3.4253 1.9159 2.9778 0.2691
3.4253 1.9159 2.9778 0.2691
3.4253 1.9159 2.9814 0.2676
3.4253 1.9159 2.9819 0.2676
3.4253 1.9159 2.9823 0.2677
3.4253 1.9159 2.9823 0.2677
3.4253 1.9159 2.9823 0.2677
3.4253 1.9159 2.9826 0.2670
3.4253 1.9159 2.9826 0.2670
3.4253 1.9159 2.9826 0.2670
3.4253 1.9159 2.9900 0.2596
3.4253 1.9159 2.9900 0.2596
3.4253 1.9159 2.9900 0.2596
3.4253 1.9159 2.9954 0.2566
3.4253 1.9159 2.9969 0.2576
3.4253 1.9159 2.9969 0.2576
3.4253 1.9159 2.9969 0.2576
3.4253 1.9159 2.9989 0.2581
3.4253 1.9159 2.9989 0.2581
3.4253 1.9159 2.9989 0.2581
3.4253 1.9159 2.9989 0.2581
3.4253 1.9159 2.9989 0.2581
3.4253 1.9159 3.0024 0.2522
3.4253 1.9159 3.0024 0.2522
3.4253 1.9159 3.0048 0.2527
3.4253 1.9159 3.0057 0.2531
3.4253 1.9159 3.0083 0.2554
3.4253 2.2789 3.0233 0.2340
3.4253 2.2789 3.0233 0.2340
3.4253 2.2789 3.0244 0.2323
3.4253 2.2789 3.0245 0.2324
3.4253 2.2789 3.0245 0.2324
3.4253 2.2789 3.0281 0.2332
3.4253 2.2789 3.0290 0.2332
3.4253 2.2789 3.0295 0.2333
3.4253 2.2789 3.0309 0.2333
3.4253 2.2789 3.0341 0.2299
3.4253 2.2789 3.0350 0.2302
3.4253 2.2789 3.0419 0.2211
3.4253 2.2789 3.0420 0.2212
3.4253 2.2789 3.0420 0.2212
3.4253 2.2789 3.0463 0.2168
3.4253 2.2789 3.0473 0.2172
3.4253 2.2789 3.0500 0.2187
3.4253 2.2789 3.0500 0.2187
3.4253 2.2789 3.0500 0.2187
3.4253 2.2789 3.0500 0.2187
3.4253 2.2789 3.0500 0.2187
3.4253 2.2789 3.0505 0.2188
3.4253 2.2789 3.0509 0.2182
3.4253 2.2789 3.0522 0.2179
3.4253 2.2789 3.0599 0.2237
3.4253 2.2789 3.0599 0.2237
3.4253 2.2789 3.0599 0.2237
3.4253 2.2789 3.0599 0.2237
3.4253 2.2789 3.0656 0.2252
3.4253 2.2789 3.0656 0.2252
3.4253 2.2789 3.0656 0.2252
3.4253 2.2789 3.0656 0.2252
3.4253 2.2789 3.0656 0.2252
3.4253 2.2789 3.0724 0.2174
3.4253 2.2789 3.0733 0.2175
3.4253 2.2789 3.0733 0.2175
3.4253 2.2789 3.0744 0.2172
3.4253 2.2789 3.0744 0.2172
3.4253 2.2789 3.0746 0.2172
3.4253 2.2789 3.0755 0.2174
3.4253 2.2789 3.0755 0.2174
3.4253 2.2789 3.0764 0.2171
3.4253 2.2789 3.0764 0.2171
3.4253 2.2789 3.0845 0.2035
3.4253 2.2789 3.0870 0.2012
3.4253 2.2789 3.0877 0.2012
3.4253 2.2789 3.0897 0.1992
3.4253 2.2789 3.0897 0.1992
3.4253 2.2789 3.0898 0.1992
3.4253 2.2789 3.0898 0.1992
3.4253 2.2789 3.0898 0.1992
3.4253 2.2789 3.0909 0.1994
3.4253 2.2789 3.0909 0.1994
3.4253 2.2789 3.0929 0.2011
3.4253 2.2789 3.0929 0.2011
3.4253 2.2789 3.0952 0.2002
3.4253 2.2789 3.0979 0.2027
3.4253 2.2789 3.0986 0.2027
3.4253 2.2789 3.0999 0.2022
3.4253 2.2789 3.0999 0.2022
3.4253 2.2789 3.0999 0.2022
3.4253 2.2789 3.0999 0.2022
3.4253 2.2789 3.1002 0.2022
3.4253 2.2789 3.1010 0.2026
3.4253 2.2789 3.1010 0.2026
3.4253 2.2789 3.1013 0.2027
3.4253 2.2789 3.1050 0.2038
3.5802 2.2789 3.1108 0.2121
3.5802 2.2789 3.1173 0.2002
3.5802 2.2789 3.1208 0.2017
3.5802 2.2789 3.1208 0.2017
3.5802 2.2789 3.1210 0.2019
3.5802 2.2789 3.1231 0.2038
3.5802 2.2789 3.1231 0.2038
3.5802 2.2789 3.1231 0.2038
3.5802 2.2789 3.1231 0.2038
3.5802 2.2789 3.1231 0.2038
3.5802 2.2789 3.1231 0.2038
3.5802 2.2789 3.1231 0.2038
3.5802 2.2789 3.1237 0.2040
3.5802 2.2789 3.1239 0.2040
3.5872 2.2789 3.1285 0.2093
3.5872 2.2789 3.1285 0.2093
3.5872 2.2789 3.1293 0.2092
3.5872 2.2789 3.1314 0.2039
3.5872 2.2789 3.1314 0.2039
3.5872 2.2789 3.1336 0.2046
3.5872 2.2789 3.1336 0.2046
3.5872 2.2789 3.1339 0.2045
3.5872 2.2789 3.1339 0.2045
3.5872 2.2789 3.1347 0.2037
3.5872 2.2789 3.1347 0.2037
3.5872 2.2789 3.1347 0.2037
3.5872 2.2789 3.1347 0.2037
3.5872 2.2789 3.1347 0.2037
3.5872 2.2789 3.1360 0.2029
3.5872 2.2789 3.1403 0.2062
3.5872 2.2789 3.1421 0.2065
3.5872 2.2789 3.1421 0.2065
3.5872 2.2789 3.1423 0.2065
3.5872 2.2789 3.1454 0.2106
3.5872 2.2789 3.1474 0.2123
3.5872 2.2789 3.1474 0.2123
3.5872 2.2789 3.1474 0.2123
3.5872 2.2789 3.1502 0.2141
3.5872 2.2789 3.1511 0.2139
3.5872 2.2789 3.1555 0.2167
3.5872 2.2789 3.1555 0.2167
3.5872 2.2789 3.1561 0.2165
3.5872 2.2789 3.1569 0.2172
3.5872 2.2789 3.1571 0.2173
3.5872 2.2789 3.1607 0.2131
3.5872 2.2789 3.1607 0.2131
3.5872 2.2789 3.1620 0.2132
3.5872 2.2789 3.1620 0.2132
3.5872 2.2789 3.1624 0.2130
3.5872 2.2789 3.1624 0.2130
3.5872 2.2789 3.1624 0.2130
3.5872 2.2789 3.1632 0.2137
3.7443 2.2789 3.1697 0.2213
3.7443 2.2789 3.1697 0.2213
3.7443 2.2789 3.1703 0.2211
3.7443 2.2789 3.1705 0.2211
3.7443 2.2789 3.1705 0.2211
3.7443 2.2789 3.1705 0.2211
3.7443 2.2789 3.1743 0.2257
3.7443 2.2789 3.1748 0.2255
3.7443 2.2789 3.1748 0.2255
3.7443 2.2789 3.1773 0.2267
3.7443 2.2789 3.1773 0.2267
3.7443 2.2789 3.1776 0.2266
3.7443 2.2789 3.1776 0.2266
3.7443 2.2789 3.1776 0.2266
3.7443 2.2789 3.1776 0.2266
3.7443 2.2789 3.1776 0.2266
3.7443 2.2789 3.1789 0.2257
3.7443 2.2789 3.1819 0.2269
3.7443 2.2789 3.1819 0.2269
3.7443 2.2789 3.1831 0.2284
3.7443 2.2789 3.1831 0.2284
3.7443 2.2789 3.1871 0.2291
3.7443 2.2789 3.1871 0.2291
3.7443 2.2789 3.1916 0.2289
3.7443 2.2789 3.1922 0.2288
3.7443 2.2789 3.1922 0.2288
3.7443 2.2789 3.1922 0.2288
3.7443 2.2789 3.1923 0.2288
3.7443 2.2789 3.1923 0.2288
3.7443 2.2789 3.1947 0.2296
3.7443 2.2789 3.1947 0.2296
3.7443 2.2789 3.1957 0.2289
3.7443 2.2789 3.1957 0.2289
3.7443 2.2789 3.1963 0.2289
3.7443 2.2789 3.1963 0.2289
3.7443 2.2789 3.1968 0.2294
3.7443 2.2789 3.1980 0.2291
3.7443 2.2789 3.2000 0.2290
3.7443 2.2789 3.2000 0.2290
3.7443 2.2789 3.2066 0.2248
3.7443 2.2789 3.2128 0.2293
3.7443 2.2789 3.2258 0.2164
3.7443 2.2789 3.2286 0.2170
3.7443 2.2789 3.2333 0.2115
3.7443 2.2789 3.2366 0.2118
3.7443 2.2789 3.2416 0.2140
3.7443 2.2789 3.2422 0.2138
3.7443 2.2789 3.2436 0.2126
3.7443 2.2789 3.2436 0.2126
3.7443 2.2789 3.2450 0.2119
3.7443 2.2789 3.2490 0.2140
3.7443 2.2789 3.2490 0.2140
3.7443 2.2789 3.2491 0.2141
3.7443 2.2789 3.2498 0.2137
3.7443 2.2789 3.2562 0.2138
3.7443 2.2789 3.2562 0.2138
3.7443 2.2789 3.2584 0.2148
3.7443 2.2789 3.2584 0.2148
3.7443 2.2789 3.2628 0.2169
3.7443 2.2789 3.2628 0.2169
3.7443 2.2789 3.2628 0.2169
3.7443 2.2789 3.2628 0.2169
3.7443 2.2789 3.2643 0.2158
3.7443 2.2789 3.2643 0.2158
3.7443 2.2789 3.2643 0.2158
3.7964 2.2789 3.2697 0.2222
3.7964 2.2789 3.2698 0.2221
3.7964 2.2789 3.2739 0.2238
3.7964 2.2789 3.2750 0.2235
3.7964 2.2789 3.2750 0.2235
3.7964 2.2789 3.2750 0.2235
3.7964 2.2789 3.2751 0.2236
3.7964 2.2789 3.2756 0.2239
3.7964 2.2789 3.2756 0.2239
3.7964 2.2789 3.2756 0.2239
3.7964 2.2789 3.2756 0.2239
3.7964 2.2789 3.2756 0.2239
3.7964 2.2789 3.2756 0.2239
3.7964 2.2789 3.2756 0.2239
3.7964 2.2789 3.2756 0.2239
3.7964 2.2789 3.2756 0.2239
3.7964 2.2789 3.2756 0.2239
3.7964 2.2789 3.2756 0.2239
3.7964 2.2789 3.2757 0.2239
3.7964 2.2789 3.2757 0.2239
3.7964 2.2789 3.2787 0.2242
3.7964 2.2789 3.2796 0.2245
3.7964 2.2789 3.2812 0.2260
3.7964 2.2789 3.2812 0.2260
3.7964 2.2789 3.2847 0.2266
3.7964 2.2789 3.2869 0.2263
3.7964 2.2789 3.2885 0.2278
3.7964 2.2789 3.2885 0.2278
3.7964 2.2789 3.2917 0.2272
3.7964 2.2789 3.2929 0.2263
3.7964 2.2789 3.2945 0.2268
3.7964 2.2789 3.2945 0.2268
3.7964 2.2789 3.2966 0.2271
3.7964 2.2789 3.2980 0.2262
3.7964 2.2789 3.2980 0.2262
3.7964 2.2789 3.2980 0.2262
3.7964 2.2789 3.3034 0.2279
3.7964 2.2789 3.3050 0.2268
3.7964 2.2789 3.3050 0.2268
3.7964 2.2789 3.3050 0.2268
3.7964 2.2789 3.3050 0.2268
3.7964 2.2789 3.3100 0.2199
3.7964 2.2789 3.3100 0.2199
3.7964 2.2789 3.3107 0.2193
3.7964 2.2789 3.3110 0.2190
3.7964 2.2789 3.3134 0.2187
3.7964 2.2789 3.3137 0.2190
3.7964 2.2789 3.3144 0.2184
3.7964 2.2789 3.3195 0.2143
3.7964 2.2789 3.3195 0.2143
3.7964 2.2789 3.3197 0.2144
3.7964 2.2789 3.3231 0.2130
3.7964 2.2789 3.3238 0.2125
3.7964 2.2789 3.3238 0.2125
3.7964 2.2789 3.3238 0.2125
3.7964 2.2789 3.3238 0.2125
3.7964 2.2789 3.3248 0.2131
3.7964 2.2789 3.3248 0.2131
3.7964 2.2789 3.3281 0.2133
3.7964 2.2789 3.3281 0.2133
3.7964 2.2789 3.3291 0.2127
3.7964 2.2789 3.3327 0.2119
3.7964 2.2789 3.3327 0.2119
3.7964 2.2789 3.3327 0.2119
3.7964 2.2789 3.3327 0.2119
3.7964 2.2789 3.3328 0.2119
3.7964 2.2789 3.3331 0.2121
3.7964 2.2789 3.3331 0.2121
3.7964 2.2789 3.3357 0.2115
3.7964 2.2789 3.3410 0.2133
3.7964 2.2789 3.3411 0.2132
3.7964 2.2789 3.3441 0.2133
3.7964 2.2789 3.3441 0.2133
3.7964 2.2789 3.3442 0.2133
3.7964 2.2789 3.3456 0.2130
3.7964 2.2789 3.3484 0.2119
3.7964 2.2789 3.3517 0.2109
3.7964 2.9482 3.3584 0.1859
3.7964 2.9482 3.3584 0.1859
3.7964 2.9482 3.3611 0.1886
3.7964 2.9482 3.3614 0.1887
3.7964 2.9482 3.3614 0.1887
3.7964 2.9482 3.3614 0.1887
3.7964 2.9482 3.3626 0.1892
3.7964 2.9482 3.3642 0.1901
3.7964 2.9482 3.3642 0.1901
3.7964 2.9482 3.3672 0.1886
3.7964 2.9482 3.3693 0.1898
3.7964 2.9482 3.3716 0.1896
3.7964 2.9482 3.3765 0.1886
3.7964 2.9482 3.3790 0.1875
3.7964 2.9482 3.3828 0.1854
3.7964 2.9482 3.3844 0.1878
3.7964 2.9482 3.3844 0.1878
3.7964 2.9482 3.3844 0.1878
3.7964 2.9482 3.3871 0.1862
3.7964 2.9482 3.3871 0.1862
3.8922 2.9482 3.3914 0.1927
3.8922 2.9482 3.3952 0.1896
3.8922 2.9482 3.3952 0.1896
3.8922 2.9482 3.3970 0.1889
3.8922 2.9482 3.3970 0.1889
3.8922 2.9482 3.4028 0.1875
3.8922 2.9482 3.4049 0.1865
3.8922 2.9482 3.4053 0.1865
3.8922 2.9482 3.4058 0.1864
3.8922 2.9482 3.4058 0.1864
3.8922 2.9482 3.4059 0.1865
3.8922 2.9482 3.4059 0.1865
3.8922 2.9732 3.4065 0.1850
3.8922 2.9732 3.4066 0.1850
3.8922 2.9732 3.4099 0.1852
3.8922 2.9732 3.4099 0.1851
3.8922 2.9732 3.4099 0.1851
3.8922 2.9732 3.4132 0.1881
3.8922 2.9732 3.4132 0.1881
3.8922 2.9732 3.4135 0.1881
3.8922 2.9732 3.4135 0.1881
3.8922 2.9732 3.4144 0.1887
3.8922 2.9732 3.4164 0.1902
3.8922 2.9732 3.4193 0.1905
3.8922 2.9732 3.4206 0.1922
3.8922 2.9732 3.4206 0.1922
3.8922 2.9732 3.4223 0.1930
3.8922 2.9732 3.4223 0.1930
3.8922 2.9732 3.4223 0.1930
3.8922 2.9732 3.4252 0.1952
3.8922 2.9732 3.4294 0.1914
3.8922 2.9732 3.4319 0.1885
3.8922 2.9732 3.4319 0.1885
3.8922 2.9732 3.4319 0.1885
3.9063 2.9732 3.4321 0.1888
4.0718 2.9732 3.4385 0.1993
4.0718 2.9732 3.4386 0.1993
4.0718 2.9732 3.4416 0.2012
4.0718 2.9732 3.4449 0.1994
4.0718 2.9732 3.4478 0.1973
4.0718 2.9732 3.4491 0.1978
4.0718 2.9732 3.4540 0.2068
4.0718 2.9732 3.4540 0.2068
4.0718 2.9732 3.4540 0.2068
4.0718 2.9732 3.4555 0.2072
4.0718 2.9732 3.4563 0.2072
4.0718 2.9732 3.4580 0.2075
4.0718 2.9732 3.4595 0.2090
4.0718 2.9732 3.4600 0.2090
4.0718 2.9732 3.4637 0.2116
4.0718 2.9732 3.4637 0.2116
4.0718 2.9732 3.4677 0.2096
4.0718 2.9732 3.4683 0.2095
4.0718 2.9732 3.4683 0.2095
4.0718 2.9732 3.4694 0.2089
4.0718 2.9732 3.4714 0.2090
4.0718 2.9732 3.4714 0.2090
4.0718 2.9732 3.4714 0.2090
4.0718 2.9732 3.4714 0.2090
4.0718 3.0139 3.4735 0.2050
4.0718 3.0139 3.4735 0.2050
4.0718 3.0139 3.4740 0.2050
4.0718 3.0139 3.4749 0.2051
4.0718 3.0139 3.4749 0.2051
4.0718 3.0139 3.4759 0.2050
4.0718 3.0139 3.4759 0.2050
4.0718 3.0139 3.4780 0.2072
4.0718 3.0139 3.4780 0.2072
4.0718 3.0139 3.4794 0.2069
4.0718 3.0139 3.4796 0.2066
4.0718 3.0139 3.4796 0.2066
4.0718 3.0139 3.4835 0.2023
4.0718 3.0139 3.4856 0.2027
4.0718 3.0139 3.4914 0.2109
4.0718 3.0139 3.4929 0.2110
4.0718 3.0139 3.4929 0.2110
4.0718 3.0139 3.4987 0.2091
4.0718 3.0139 3.4987 0.2091
4.0718 3.0139 3.4987 0.2091
4.0718 3.0139 3.4987 0.2091
4.0718 3.0139 3.5000 0.2100
4.0718 3.0139 3.5024 0.2074
4.0718 3.0139 3.5024 0.2074
4.0718 3.0139 3.5032 0.2083
4.0736 3.0139 3.5090 0.2159
4.0736 3.0139 3.5106 0.2138
4.0736 3.0139 3.5109 0.2140
4.0736 3.0139 3.5134 0.2124
4.0736 3.0139 3.5134 0.2124
4.0736 3.0139 3.5148 0.2127
4.0736 3.0139 3.5197 0.2197
4.0736 3.0139 3.5197 0.2197
4.0736 3.0139 3.5218 0.2177
4.0736 3.0139 3.5218 0.2177
4.0736 3.0139 3.5218 0.2177
4.0736 3.0139 3.5218 0.2177
4.0736 3.0139 3.5218 0.2177
4.0736 3.0139 3.5219 0.2178
4.0736 3.0139 3.5219 0.2178
4.0736 3.0139 3.5232 0.2189
4.0736 3.0139 3.5261 0.2200
4.0736 3.0139 3.5268 0.2198
4.0736 3.0139 3.5327 0.2191
4.0736 3.0139 3.5327 0.2191
4.0736 3.0139 3.5332 0.2198
4.0736 3.0139 3.5368 0.2177
4.0736 3.0139 3.5399 0.2223
4.0736 3.0139 3.5410 0.2224
4.0736 3.0139 3.5410 0.2224
4.0736 3.0846 3.5424 0.2195
4.0736 3.0846 3.5463 0.2206
4.0736 3.0846 3.5502 0.2206
4.0736 3.0846 3.5503 0.2206
4.0736 3.0846 3.5525 0.2180
4.0736 3.0846 3.5525 0.2180
4.0736 3.0846 3.5535 0.2172
4.0736 3.0846 3.5535 0.2172
4.0736 3.0846 3.5541 0.2175
4.0736 3.0846 3.5627 0.2208
4.0736 3.0846 3.5627 0.2208
4.0736 3.0846 3.5671 0.2170
4.0736 3.0846 3.5671 0.2170
4.0736 3.0846 3.5699 0.2216
4.0736 3.0846 3.5701 0.2213
4.0736 3.0846 3.5703 0.2212
4.0736 3.0846 3.5704 0.2212
4.0736 3.0846 3.5736 0.2174
4.0736 3.0846 3.5773 0.2129
4.0736 3.0846 3.5828 0.2178
4.0736 3.0846 3.5828 0.2178
4.0736 3.0846 3.5842 0.2183
4.0736 3.0846 3.5843 0.2183
4.0736 3.0846 3.5843 0.2183
4.0736 3.0846 3.5846 0.2181
4.0736 3.0846 3.5846 0.2181
4.0736 3.0846 3.5846 0.2181
4.0736 3.0846 3.5846 0.2181
4.0736 3.0846 3.5846 0.2181
4.0736 3.0846 3.5854 0.2179
4.0736 3.1510 3.5912 0.2122
4.0736 3.1510 3.5912 0.2122
4.0736 3.1510 3.5912 0.2122
4.0736 3.1510 3.5912 0.2122
4.0736 3.1510 3.5912 0.2122
4.0736 3.1510 3.5912 0.2122
4.0736 3.1510 3.5933 0.2115
4.0736 3.1510 3.5994 0.2163
4.0736 3.1510 3.6026 0.2208
4.0736 3.1510 3.6026 0.2208
4.0736 3.1510 3.6026 0.2208
4.0736 3.1510 3.6026 0.2208
4.0736 3.1510 3.6044 0.2200
4.0758 3.1510 3.6046 0.2206
4.0758 3.1510 3.6046 0.2206
4.0758 3.1510 3.6047 0.2206
4.0758 3.1510 3.6047 0.2206
4.0758 3.1510 3.6056 0.2203
4.0758 3.1510 3.6079 0.2171
4.0758 3.1510 3.6079 0.2171
4.0758 3.1510 3.6079 0.2171
4.0758 3.1510 3.6147 0.2208
4.0758 3.1510 3.6158 0.2204
4.0758 3.1510 3.6158 0.2204
4.0758 3.1510 3.6194 0.2249
4.0758 3.1510 3.6243 0.2249
4.0758 3.1510 3.6243 0.2249
4.0758 3.1510 3.6256 0.2243
4.0758 3.1510 3.6266 0.2247
4.0758 3.1510 3.6266 0.2247
4.0758 3.1510 3.6266 0.2247
4.0758 3.1510 3.6303 0.2208
4.0758 3.1510 3.6394 0.2199
4.0758 3.1510 3.6394 0.2199
4.0758 3.1510 3.6394 0.2199
4.0758 3.1510 3.6394 0.2199
4.0758 3.1510 3.6416 0.2189
4.0758 3.1510 3.6421 0.2188
4.0758 3.1510 3.6454 0.2185
4.0758 3.1510 3.6455 0.2184
4.0758 3.1569 3.6502 0.2127
4.0758 3.1569 3.6502 0.2127
4.0758 3.1569 3.6502 0.2127
4.0758 3.1569 3.6502 0.2127
4.0758 3.1569 3.6535 0.2141
4.0758 3.1569 3.6544 0.2144
4.0758 3.1569 3.6592 0.2183
4.0758 3.1569 3.6592 0.2183
4.0758 3.1569 3.6607 0.2174
4.0758 3.1569 3.6608 0.2173
4.0758 3.1569 3.6608 0.2173
4.0758 3.1569 3.6638 0.2166
4.0758 3.1569 3.6638 0.2166
4.0758 3.1569 3.6638 0.2166
4.0758 3.1569 3.6638 0.2166
4.0758 3.1569 3.6659 0.2155
4.0758 3.1569 3.6692 0.2191
4.0758 3.1569 3.6692 0.2191
4.0758 3.1569 3.6692 0.2191
4.0758 3.1569 3.6692 0.2191
4.0758 3.1569 3.6714 0.2189
4.0758 3.1569 3.6779 0.2211
4.0758 3.1569 3.6780 0.2210
4.0758 3.1569 3.6780 0.2210
4.0846 3.1569 3.6781 0.2212
4.0846 3.1569 3.6781 0.2212
4.0846 3.1569 3.6781 0.2212
4.0846 3.1569 3.6789 0.2212
4.0846 3.1569 3.6806 0.2211
4.0846 3.1569 3.6832 0.2205
4.0846 3.1569 3.6832 0.2205
4.0846 3.1569 3.6873 0.2239
4.0846 3.1569 3.6877 0.2240
4.0846 3.1569 3.6877 0.2240
4.0846 3.1569 3.6921 0.2272
4.0846 3.1569 3.6921 0.2272
4.1105 3.1569 3.6925 0.2279
4.1105 3.1569 3.6990 0.2294
4.1105 3.1569 3.7056 0.2305
4.1105 3.1569 3.7056 0.2305
4.1105 3.1569 3.7057 0.2304
4.1105 3.1569 3.7057 0.2304
4.1105 3.1569 3.7057 0.2304
4.1105 3.1569 3.7072 0.2302
4.1105 3.1569 3.7072 0.2302
4.1105 3.1569 3.7164 0.2262
4.1105 3.1569 3.7213 0.2286
4.1105 3.1569 3.7239 0.2275
4.1105 3.1569 3.7239 0.2275
4.1105 3.1569 3.7257 0.2275
4.1105 3.1569 3.7257 0.2275
4.1105 3.1569 3.7272 0.2270
4.1105 3.1569 3.7303 0.2296
4.1105 3.1569 3.7303 0.2296
4.1105 3.1569 3.7303 0.2296
4.1105 3.1569 3.7303 0.2296
4.1105 3.1569 3.7303 0.2296
4.1105 3.1569 3.7328 0.2291
4.1105 3.1569 3.7328 0.2291
4.1105 3.1569 3.7359 0.2315
4.2343 3.1569 3.7402 0.2367
4.2343 3.1569 3.7434 0.2390
4.2343 3.1569 3.7471 0.2396
4.2343 3.1569 3.7498 0.2417
4.2343 3.1569 3.7501 0.2422
4.2343 3.1569 3.7505 0.2422
4.2343 3.1569 3.7555 0.2437
4.2343 3.1569 3.7574 0.2420
4.2343 3.1569 3.7608 0.2427
4.2343 3.1569 3.7686 0.2441
4.2343 3.1569 3.7686 0.2441
4.2343 3.1569 3.7768 0.2458
4.2343 3.1569 3.7827 0.2452
4.2343 3.1569 3.7831 0.2448
4.2343 3.1569 3.7847 0.2432
4.2343 3.1569 3.7847 0.2432
4.2343 3.1569 3.7886 0.2419
4.2343 3.1569 3.7900 0.2411
4.2343 3.1569 3.7919 0.2403
4.2343 3.1569 3.7928 0.2414
4.2343 3.1569 3.7928 0.2414
4.2343 3.1569 3.7941 0.2407
4.2343 3.1569 3.7948 0.2415
4.2343 3.1569 3.7949 0.2414
4.2343 3.1569 3.7998 0.2420
4.2343 3.1569 3.8005 0.2430
4.2343 3.1569 3.8038 0.2404
4.2343 3.1569 3.8038 0.2404
4.2343 3.1569 3.8042 0.2409
4.2343 3.1569 3.8059 0.2422
4.2343 3.1569 3.8110 0.2458
4.2343 3.1569 3.8141 0.2471
4.2343 3.1569 3.8147 0.2479
4.2343 3.1569 3.8147 0.2479
4.2343 3.1569 3.8175 0.2492
4.2343 3.1569 3.8178 0.2495
4.2343 3.1569 3.8178 0.2495
4.2343 3.1569 3.8228 0.2508
4.2343 3.1569 3.8228 0.2508
4.2343 3.1569 3.8260 0.2476
4.2343 3.1569 3.8315 0.2483
4.2343 3.1569 3.8315 0.2483
4.2343 3.1569 3.8315 0.2483
4.2343 3.1569 3.8315 0.2483
4.2343 3.1569 3.8359 0.2501
4.2343 3.1569 3.8365 0.2508
4.2343 3.1569 3.8365 0.2508
4.2343 3.1569 3.8365 0.2508
4.2343 3.1569 3.8365 0.2508
4.2343 3.1569 3.8408 0.2517
4.2343 3.1569 3.8432 0.2521
4.2343 3.1569 3.8432 0.2521
4.2343 3.1569 3.8469 0.2536
4.2343 3.1569 3.8469 0.2536
4.2343 3.1569 3.8532 0.2508
4.2343 3.1569 3.8532 0.2508
4.2343 3.1569 3.8587 0.2510
4.2343 3.1569 3.8587 0.2510
4.2343 3.1569 3.8593 0.2515
4.2343 3.1569 3.8593 0.2515
4.2343 3.1569 3.8593 0.2515
4.2343 3.1569 3.8632 0.2528
4.2343 3.1569 3.8697 0.2507
4.2343 3.1569 3.8697 0.2507
4.2343 3.1569 3.8697 0.2508
4.2343 3.1569 3.8709 0.2522
4.2343 3.1569 3.8709 0.2522
4.2343 3.1569 3.8778 0.2499
4.2343 3.1569 3.8828 0.2502
4.2343 3.1569 3.8882 0.2497
4.2343 3.1569 3.8882 0.2497
4.2343 3.1569 3.8887 0.2496
4.2343 3.1569 3.8887 0.2496
4.2343 3.1569 3.8887 0.2496
4.2343 3.1569 3.8887 0.2496
4.2343 3.1569 3.8897 0.2503
4.2343 3.1569 3.8898 0.2504
4.2343 3.1569 3.8898 0.2504
4.2343 3.1569 3.8937 0.2512
4.2343 3.1569 3.8938 0.2513
4.2343 3.1569 3.8938 0.2513
4.2343 3.1569 3.8945 0.2518
4.2343 3.1569 3.9000 0.2510
4.2343 3.1569 3.9002 0.2511
4.2343 3.1569 3.9002 0.2511
4.2343 3.1569 3.9007 0.2515
4.2343 3.1569 3.9008 0.2515
4.2343 3.1569 3.9008 0.2515
4.2343 3.1569 3.9008 0.2515
4.2343 3.1569 3.9015 0.2521
4.2343 3.1569 3.9022 0.2527
4.2343 3.1569 3.9029 0.2532
4.2343 3.1569 3.9060 0.2533
4.2343 3.1569 3.9077 0.2539
4.2343 3.1569 3.9077 0.2539
4.2343 3.1569 3.9100 0.2558
4.2343 3.1569 3.9100 0.2558
4.2343 3.1569 3.9132 0.2558
4.2343 3.1569 3.9163 0.2561
4.2343 3.1569 3.9163 0.2561
4.2343 3.1569 3.9169 0.2565
4.2343 3.1569 3.9191 0.2561
4.2343 3.1569 3.9231 0.2564
4.2343 3.1569 3.9249 0.2567
4.2343 3.1569 3.9249 0.2567
4.2343 3.1569 3.9258 0.2570
4.2343 3.4050 3.9349 0.2455
4.2343 3.4050 3.9349 0.2455
4.2343 3.4050 3.9356 0.2460
4.2343 3.4050 3.9410 0.2442
4.2343 3.4050 3.9410 0.2442
4.2343 3.4050 3.9445 0.2436
4.2343 3.4050 3.9445 0.2436
4.2740 3.4050 3.9464 0.2454
4.2740 3.4050 3.9464 0.2454
4.2740 3.4050 3.9464 0.2454
4.2740 3.4050 3.9464 0.2454
4.2740 3.4050 3.9487 0.2437
4.2740 3.4050 3.9535 0.2412
4.2740 3.4050 3.9535 0.2412
4.2740 3.4050 3.9596 0.2373
4.2740 3.4050 3.9599 0.2376
4.2740 3.4050 3.9599 0.2376
4.2740 3.4050 3.9606 0.2380
4.2740 3.4050 3.9675 0.2318
4.2740 3.4050 3.9686 0.2328
4.2740 3.4050 3.9694 0.2336
4.2740 3.4050 3.9694 0.2336
4.2740 3.4050 3.9701 0.2332
4.2740 3.4050 3.9708 0.2335
4.2740 3.4050 3.9711 0.2338
4.2740 3.4050 3.9717 0.2341
4.2740 3.4050 3.9717 0.2341
4.2740 3.4050 3.9717 0.2341
4.2740 3.4050 3.9723 0.2344
4.2740 3.4050 3.9723 0.2344
4.2740 3.4050 3.9777 0.2319
4.2740 3.4050 3.9783 0.2321
4.2740 3.4050 3.9807 0.2325
4.2740 3.4050 3.9807 0.2325
4.2740 3.4050 3.9807 0.2325
4.2740 3.4050 3.9851 0.2313
4.2740 3.4050 3.9851 0.2313
4.2740 3.4050 3.9851 0.2313
4.2740 3.4050 3.9852 0.2314
4.2740 3.4050 3.9857 0.2305
4.2740 3.4050 3.9858 0.2306
4.2740 3.4050 3.9858 0.2306
4.2740 3.4050 3.9858 0.2306
4.2740 3.4050 3.9893 0.2302
4.2740 3.4050 3.9893 0.2302
4.2740 3.4050 3.9963 0.2228
4.2740 3.4050 3.9975 0.2229
4.2740 3.4050 3.9975 0.2229
4.2740 3.4050 3.9977 0.2231
4.2740 3.4050 3.9996 0.2204
4.2740 3.4050 3.9996 0.2204
4.2740 3.4050 4.0005 0.2211
4.2740 3.4050 4.0005 0.2211
4.2740 3.4050 4.0058 0.2221
4.2740 3.4050 4.0074 0.2225
4.2740 3.4050 4.0097 0.2220
4.2740 3.4050 4.0097 0.2220
4.2740 3.4050 4.0097 0.2220
4.2740 3.4050 4.0097 0.2220
4.2740 3.4157 4.0170 0.2138
4.2740 3.4157 4.0170 0.2138
4.2740 3.4157 4.0170 0.2138
4.2740 3.4157 4.0170 0.2138
4.2740 3.4157 4.0206 0.2119
4.2740 3.4157 4.0206 0.2119
4.2740 3.4157 4.0220 0.2129
4.2740 3.4157 4.0230 0.2136
4.2740 3.4157 4.0230 0.2136
4.2740 3.4157 4.0303 0.2050
4.2740 3.4157 4.0309 0.2052
4.2740 3.4157 4.0365 0.2005
4.2740 3.4157 4.0365 0.2005
4.2740 3.4157 4.0365 0.2006
4.2740 3.4157 4.0394 0.2002
4.2740 3.4157 4.0438 0.1978
4.2740 3.4157 4.0444 0.1980
4.2740 3.4157 4.0444 0.1980
4.2740 3.4157 4.0504 0.1941
4.2740 3.4157 4.0514 0.1944
4.2740 3.4157 4.0515 0.1945
4.2740 3.4157 4.0515 0.1945
4.2740 3.4157 4.0556 0.1918
4.2740 3.4157 4.0565 0.1924
4.2740 3.4157 4.0565 0.1924
4.2740 3.4157 4.0565 0.1924
4.2740 3.4157 4.0572 0.1926
4.2740 3.4157 4.0588 0.1934
4.2740 3.4157 4.0600 0.1942
4.2740 3.4157 4.0603 0.1943
4.2740 3.4157 4.0614 0.1950
4.2740 3.4157 4.0614 0.1950
4.2740 3.4157 4.0659 0.1899
4.2740 3.4157 4.0659 0.1899
4.2740 3.4157 4.0721 0.1841
4.2740 3.5040 4.0794 0.1720
4.2740 3.5040 4.0817 0.1675
4.2740 3.5040 4.0817 0.1675
4.2740 3.5040 4.0817 0.1675
4.2740 3.5040 4.0823 0.1675
4.2740 3.5040 4.0832 0.1677
4.2740 3.5040 4.0832 0.1677
4.2740 3.5040 4.0832 0.1677
4.2740 3.5040 4.0840 0.1681
4.2740 3.5040 4.0841 0.1682
4.2740 3.5040 4.0896 0.1605
4.2740 3.5040 4.0906 0.1610
4.2740 3.5040 4.0954 0.1581
4.2740 3.5040 4.0954 0.1581
4.2740 3.5040 4.0988 0.1538
4.2740 3.5040 4.0988 0.1538
4.2740 3.5040 4.0994 0.1539
4.2740 3.5040 4.1004 0.1545
4.2740 3.5040 4.1053 0.1508
4.2740 3.5040 4.1061 0.1508
4.2740 3.5040 4.1070 0.1513
4.2740 3.5040 4.1084 0.1517
4.2740 3.5040 4.1094 0.1522
4.2740 3.5040 4.1101 0.1525
4.2740 3.5040 4.1101 0.1525
4.2740 3.5040 4.1118 0.1530
4.2740 3.5040 4.1131 0.1538
4.2740 3.5040 4.1140 0.1541
4.2740 3.5040 4.1140 0.1541
4.2740 3.5040 4.1184 0.1472
4.2740 3.5040 4.1193 0.1472
4.2740 3.5040 4.1233 0.1423
4.2740 3.5040 4.1238 0.1425
4.2740 3.5040 4.1239 0.1425
4.2740 3.5040 4.1239 0.1425
4.2740 3.5040 4.1239 0.1425
4.2740 3.5040 4.1248 0.1429
4.2740 3.5040 4.1248 0.1429
4.2740 3.5040 4.1251 0.1431
4.2740 3.5040 4.1251 0.1431
4.2740 3.5040 4.1285 0.1390
4.2740 3.5040 4.1322 0.1369
4.2740 3.5040 4.1322 0.1369
4.2740 3.5040 4.1322 0.1369
4.2740 3.5040 4.1331 0.1372
4.2740 3.5040 4.1340 0.1376
4.2740 3.5040 4.1347 0.1377
4.2740 3.5040 4.1361 0.1378
4.2740 3.5040 4.1361 0.1378
4.2740 3.5040 4.1368 0.1380
4.2740 3.5040 4.1373 0.1379
4.2740 3.5040 4.1428 0.1267
4.2740 3.5040 4.1478 0.1159
4.2740 3.5040 4.1494 0.1160
4.2740 3.5040 4.1510 0.1161
4.2757 3.5040 4.1515 0.1165
4.2757 3.5040 4.1515 0.1165
4.2757 3.5040 4.1515 0.1165
4.2757 3.5040 4.1525 0.1169
4.2757 3.5040 4.1525 0.1169
4.2757 3.5040 4.1528 0.1167
4.2757 3.5040 4.1575 0.1104
4.2757 3.5040 4.1579 0.1107
4.2757 3.5040 4.1579 0.1107
4.2757 3.5040 4.1582 0.1106
4.2757 3.5040 4.1583 0.1107
4.2757 3.5040 4.1593 0.1109
4.2757 3.5040 4.1603 0.1112
4.2757 3.5040 4.1603 0.1112
4.2757 3.5040 4.1603 0.1112
4.2757 3.5040 4.1603 0.1112
4.2757 3.5040 4.1603 0.1112
4.2757 3.5040 4.1603 0.1112
4.2757 3.5040 4.1611 0.1113
4.2757 3.5040 4.1611 0.1113
4.2765 3.5040 4.1623 0.1119
4.2765 3.5040 4.1637 0.1121
4.2765 3.5040 4.1647 0.1123
4.2765 3.5040 4.1658 0.1125
4.2765 3.5040 4.1658 0.1125
4.2765 3.5040 4.1658 0.1125
4.2765 3.5040 4.1666 0.1127
4.2765 3.5040 4.1666 0.1127
4.2765 3.5040 4.1666 0.1127
4.2765 3.5040 4.1666 0.1127
4.2765 3.5040 4.1666 0.1127
4.2765 3.5040 4.1673 0.1129
4.2765 3.5040 4.1676 0.1132
4.2765 3.5040 4.1677 0.1132
4.2765 3.5040 4.1684 0.1134
4.2765 3.5040 4.1684 0.1134
4.3111 3.5040 4.1719 0.1127
4.3111 3.5040 4.1720 0.1128
4.3111 3.7144 4.1793 0.0908
4.3111 3.7144 4.1793 0.0908
4.3111 3.7144 4.1800 0.0912
4.3111 3.7144 4.1803 0.0913
4.3111 3.7144 4.1803 0.0913
4.3111 3.7144 4.1803 0.0913
4.3111 3.7144 4.1810 0.0916
4.3111 3.7144 4.1815 0.0920
4.3111 3.7144 4.1815 0.0920
4.3111 3.7144 4.1815 0.0920
4.3111 3.7144 4.1815 0.0920
4.3111 3.7144 4.1815 0.0920
4.3111 3.7144 4.1834 0.0923
4.3111 3.7144 4.1834 0.0923
4.3111 3.7144 4.1843 0.0922
4.3111 3.7144 4.1843 0.0921
4.3111 3.7144 4.1851 0.0928
4.3111 3.7144 4.1860 0.0928
4.3111 3.7144 4.1860 0.0928
4.3111 3.7144 4.1860 0.0928
4.3111 3.7144 4.1860 0.0928
4.3111 3.7144 4.1860 0.0928
4.3111 3.7144 4.1860 0.0928
4.3111 3.7144 4.1871 0.0928
4.3111 3.7144 4.1875 0.0932
4.3111 3.7144 4.1875 0.0932
4.3111 3.7144 4.1879 0.0935
4.3111 3.7144 4.1879 0.0935
4.3111 3.7144 4.1879 0.0935
4.3111 3.7144 4.1880 0.0935
4.3111 3.7144 4.1885 0.0939
4.3111 3.7144 4.1885 0.0939
4.3111 3.7144 4.1891 0.0943
4.3111 3.7144 4.1891 0.0943
4.3111 3.7144 4.1896 0.0941
4.3111 3.7144 4.1898 0.0942
4.3111 3.7144 4.1898 0.0942
4.3111 3.7144 4.1906 0.0948
4.3111 3.7144 4.1906 0.0948
4.3111 3.7144 4.1906 0.0948
4.3111 3.7144 4.1906 0.0948
4.3111 3.7144 4.1924 0.0943
4.3111 3.7144 4.1935 0.0942
4.3111 3.7144 4.1940 0.0946
4.3111 3.7144 4.1940 0.0946
4.3111 3.7144 4.1953 0.0948
4.3111 3.7144 4.1953 0.0948
4.3111 3.7144 4.1958 0.0951
4.3111 3.7144 4.1958 0.0951
4.3111 3.7144 4.1965 0.0945
4.3111 3.7144 4.1973 0.0944
4.3111 3.7144 4.1975 0.0942
4.3111 3.7144 4.1975 0.0942
4.3111 3.7144 4.1979 0.0944
4.3111 3.7144 4.1983 0.0946
4.3111 3.7144 4.1985 0.0945
4.3111 3.7144 4.1990 0.0943
4.3111 3.7144 4.1990 0.0943
4.3111 3.7144 4.1990 0.0943
4.3111 3.7144 4.2001 0.0942
4.3111 3.7144 4.2016 0.0945
4.3111 3.7144 4.2031 0.0947
4.3111 3.7144 4.2041 0.0945
4.3111 3.7144 4.2055 0.0946
4.3111 3.7144 4.2059 0.0948
4.3111 3.7144 4.2068 0.0952
4.3111 3.7144 4.2072 0.0954
4.3111 3.7144 4.2086 0.0947
4.3111 3.7144 4.2093 0.0944
4.3111 3.7144 4.2098 0.0945
4.3111 3.7144 4.2098 0.0944
4.3111 3.7144 4.2098 0.0944
4.3111 3.7144 4.2109 0.0942
4.3111 3.7144 4.2152 0.0882
4.3111 3.7144 4.2152 0.0882
4.3111 3.7144 4.2158 0.0885
4.3111 3.7144 4.2158 0.0884
4.3111 3.7144 4.2159 0.0884
4.3111 3.7144 4.2172 0.0883
4.3111 3.7144 4.2187 0.0883
4.3111 3.7144 4.2196 0.0884
4.3111 3.7144 4.2196 0.0884
4.3111 3.7144 4.2196 0.0884
4.3111 3.7144 4.2197 0.0885
4.3111 3.7144 4.2207 0.0882
4.3111 3.7144 4.2212 0.0884
4.3111 3.7144 4.2212 0.0884
4.3111 3.7144 4.2212 0.0884
4.3320 3.7144 4.2214 0.0886
4.3320 3.7144 4.2220 0.0892
4.3320 3.7144 4.2221 0.0892
4.3320 3.7144 4.2226 0.0894
4.3320 3.7144 4.2232 0.0885
4.3320 3.7144 4.2242 0.0881
4.3320 3.7144 4.2244 0.0880
4.3320 3.7144 4.2244 0.0880
4.3320 3.7144 4.2244 0.0880
4.3320 3.7144 4.2247 0.0880
4.3320 3.7144 4.2249 0.0880
4.3320 3.7144 4.2249 0.0880
4.3320 3.7144 4.2254 0.0883
4.3422 3.7144 4.2263 0.0890
4.3422 3.7144 4.2268 0.0891
4.3422 3.7144 4.2270 0.0889
4.3422 3.7144 4.2281 0.0885
4.3422 3.7144 4.2281 0.0885
4.3422 3.7144 4.2281 0.0885
4.3422 3.7144 4.2281 0.0885
4.3422 3.7144 4.2281 0.0885
4.3422 3.7144 4.2281 0.0885
4.3422 3.7144 4.2281 0.0885
4.3422 3.7144 4.2281 0.0885
4.3422 3.7144 4.2294 0.0881
4.3422 3.7144 4.2306 0.0877
4.3422 3.7144 4.2306 0.0877
4.3422 3.7144 4.2306 0.0877
4.3422 3.7144 4.2316 0.0872
4.3422 3.7144 4.2316 0.0872
4.3422 3.7144 4.2316 0.0872
4.3422 3.7144 4.2321 0.0874
4.3422 3.7144 4.2322 0.0875
4.3422 3.7144 4.2328 0.0877
4.3422 3.7144 4.2330 0.0877
4.3422 3.7144 4.2330 0.0877
4.3422 3.7144 4.2338 0.0878
4.3422 3.7144 4.2341 0.0881
4.3422 3.7144 4.2347 0.0883
4.3422 3.7144 4.2360 0.0882
4.3422 3.7144 4.2360 0.0882
4.3422 3.7144 4.2360 0.0882
4.3422 3.7144 4.2368 0.0887
4.3422 3.7144 4.2368 0.0887
4.3422 3.7144 4.2371 0.0887
4.3422 3.7144 4.2375 0.0888
4.3422 3.7144 4.2375 0.0888
4.3422 3.7144 4.2375 0.0888
4.3422 3.7144 4.2382 0.0885
4.3422 3.7144 4.2384 0.0886
4.3422 3.7144 4.2384 0.0886
4.3422 3.7144 4.2390 0.0887
4.3422 3.7144 4.2390 0.0887
4.3422 3.7144 4.2390 0.0887
4.3422 3.7144 4.2392 0.0888
4.3422 3.7144 4.2407 0.0877
4.3422 3.7144 4.2407 0.0877
4.3422 3.7144 4.2407 0.0877
4.3422 3.7144 4.2407 0.0877
4.3422 3.7144 4.2412 0.0878
4.3422 3.7144 4.2412 0.0879
4.3422 3.7144 4.2415 0.0878
4.3422 3.7144 4.2423 0.0880
4.3422 3.7144 4.2438 0.0875
4.3422 3.7144 4.2442 0.0874
4.3422 3.7144 4.2446 0.0875
4.3422 3.7144 4.2446 0.0875
4.3422 3.7144 4.2446 0.0875
4.3422 3.7144 4.2447 0.0875
4.3422 3.7144 4.2447 0.0875
4.3422 3.7144 4.2458 0.0869
4.3422 3.7144 4.2458 0.0869
4.3422 3.7144 4.2461 0.0869
4.3422 3.7144 4.2473 0.0862
4.3422 3.7144 4.2492 0.0859
4.3422 3.7144 4.2505 0.0856
4.3422 3.7144 4.2505 0.0856
4.3422 3.7144 4.2505 0.0856
4.3422 3.7144 4.2509 0.0856
4.3422 3.7144 4.2509 0.0856
4.3422 3.7144 4.2518 0.0859
4.3422 3.7144 4.2524 0.0858
4.3422 3.7144 4.2524 0.0858
4.3422 3.7144 4.2532 0.0860
4.3422 3.7144 4.2537 0.0861
4.3422 3.7144 4.2539 0.0861
4.3422 3.7144 4.2539 0.0861
4.3422 3.7144 4.2539 0.0861
4.3422 3.7144 4.2539 0.0861
4.3422 3.7144 4.2540 0.0862
4.3498 3.7144 4.2547 0.0867
4.3498 3.7144 4.2547 0.0867
4.3498 3.7144 4.2547 0.0867
4.3498 3.7144 4.2550 0.0868
4.3881 3.7144 4.2568 0.0885
4.3881 3.7144 4.2568 0.0885
4.3881 3.7144 4.2573 0.0888
4.3881 3.7144 4.2577 0.0888
4.3881 3.7144 4.2583 0.0892
4.3881 3.7144 4.2602 0.0879
4.3881 3.7144 4.2606 0.0881
4.3881 3.7144 4.2618 0.0890
4.3881 3.7144 4.2618 0.0890
4.3881 3.7144 4.2618 0.0890
4.3881 3.7144 4.2636 0.0877
4.3881 3.7144 4.2648 0.0873
4.3881 3.7144 4.2659 0.0864
4.3881 3.7144 4.2659 0.0864
4.3881 3.7144 4.2659 0.0864
4.3881 3.7144 4.2672 0.0854
4.3881 3.7144 4.2672 0.0854
4.3881 3.7144 4.2677 0.0854
4.3881 3.7144 4.2677 0.0854
4.3881 3.7144 4.2681 0.0856
4.3881 3.7144 4.2681 0.0856
4.3881 3.7144 4.2681 0.0856
4.3881 3.7144 4.2681 0.0856
4.3881 3.7144 4.2681 0.0856
4.3881 3.7144 4.2681 0.0856
4.3881 3.7144 4.2681 0.0856
4.3881 3.7144 4.2686 0.0859
4.3881 3.7144 4.2686 0.0859
4.3881 3.7144 4.2690 0.0858
4.3881 3.7144 4.2700 0.0860
4.3881 3.7144 4.2701 0.0860
4.3881 3.7144 4.2701 0.0860
4.3881 3.7144 4.2702 0.0861
4.3881 3.7144 4.2702 0.0861
4.3881 3.7144 4.2709 0.0864
4.3881 3.7144 4.2709 0.0864
4.3881 3.7144 4.2715 0.0866
4.3881 3.7144 4.2715 0.0866
4.3881 3.7144 4.2715 0.0866
4.3881 3.7144 4.2715 0.0866
4.3881 3.7144 4.2715 0.0866
4.3881 3.7144 4.2715 0.0866
4.3881 3.7144 4.2715 0.0866
4.3881 3.7144 4.2715 0.0866
4.3881 3.7144 4.2720 0.0866
4.3881 3.7144 4.2725 0.0866
4.3881 3.7144 4.2730 0.0866
4.3881 3.7144 4.2730 0.0866
4.3881 3.7144 4.2734 0.0866
4.3881 3.7144 4.2734 0.0866
4.3881 3.7144 4.2734 0.0866
4.3881 3.7144 4.2738 0.0865
4.3881 3.7144 4.2738 0.0865
4.3881 3.7144 4.2745 0.0866
4.3881 3.7144 4.2745 0.0866
4.3881 3.7144 4.2745 0.0866
4.3881 3.7144 4.2756 0.0873
4.3881 3.7144 4.2766 0.0876
4.3881 3.7144 4.2766 0.0876
4.3881 3.7144 4.2769 0.0876
4.3881 3.7144 4.2779 0.0876
4.3881 3.7144 4.2779 0.0876
4.3881 3.7144 4.2780 0.0877
4.3881 3.7144 4.2780 0.0877
4.3881 3.7144 4.2780 0.0877
4.3881 3.7144 4.2781 0.0877
4.3881 3.7144 4.2795 0.0884
4.3881 3.7144 4.2799 0.0884
4.3881 3.7144 4.2804 0.0886
4.3881 3.7144 4.2804 0.0886
4.3881 3.7144 4.2808 0.0888
4.3881 3.7144 4.2808 0.0888
4.3881 3.7144 4.2808 0.0888
4.3881 3.7144 4.2808 0.0888
4.3881 3.7144 4.2815 0.0889
4.3881 3.7144 4.2815 0.0889
4.3881 3.7144 4.2817 0.0889
4.4199 3.7144 4.2820 0.0893
4.4199 3.7144 4.2826 0.0892
4.4199 3.7144 4.2851 0.0886
4.4199 3.7144 4.2851 0.0887
4.4199 3.7144 4.2851 0.0887
4.4199 3.7144 4.2851 0.0887
4.4199 3.7144 4.2852 0.0888
4.4199 3.7144 4.2852 0.0888
4.4199 3.7144 4.2852 0.0888
4.4199 3.7144 4.2852 0.0888
4.4199 3.7144 4.2852 0.0888
4.4199 3.7144 4.2859 0.0890
4.4199 3.7144 4.2859 0.0890
4.4199 3.7144 4.2859 0.0890
4.4199 3.7144 4.2862 0.0891
4.4199 3.7144 4.2866 0.0892
4.4199 3.7144 4.2923 0.0724
4.4199 3.7144 4.2925 0.0724
4.4199 3.7144 4.2925 0.0724
4.4199 3.7144 4.2929 0.0725
4.4199 3.7144 4.2929 0.0725
4.4199 3.7144 4.2929 0.0725
4.4199 3.7144 4.2929 0.0725
4.4199 3.7144 4.2943 0.0708
4.4199 3.7144 4.2943 0.0708
4.4199 3.7144 4.2943 0.0708
4.4199 3.7144 4.2943 0.0708
4.4199 3.7144 4.2943 0.0708
4.4199 3.7144 4.2943 0.0708
4.4199 3.7144 4.2943 0.0708
4.4199 3.7144 4.2946 0.0708
4.4199 3.7144 4.2951 0.0709
4.4199 3.7144 4.2951 0.0709
4.4199 3.7144 4.2961 0.0709
4.4199 3.7144 4.2969 0.0711
4.4199 3.7144 4.2976 0.0708
4.4199 3.7144 4.2977 0.0708
4.4199 3.7144 4.2983 0.0709
4.4199 3.7144 4.2983 0.0709
4.4199 3.7144 4.2990 0.0711
4.4199 3.7144 4.2990 0.0711
4.4199 3.7144 4.2993 0.0712
4.4199 3.7144 4.2996 0.0712
4.4199 3.7144 4.2999 0.0712
4.4199 3.7144 4.2999 0.0712
4.4199 3.7144 4.2999 0.0712
4.4199 3.7144 4.2999 0.0712
4.4199 3.7144 4.3000 0.0712
4.4199 3.7144 4.3000 0.0712
4.4199 3.7144 4.3000 0.0712
4.4199 3.7144 4.3010 0.0710
4.4199 3.7144 4.3010 0.0710
4.4199 3.7144 4.3010 0.0710
4.4199 3.7144 4.3011 0.0709
4.4199 3.7144 4.3014 0.0709
4.4199 3.7144 4.3014 0.0709
4.4199 3.7144 4.3019 0.0710
4.4199 3.7144 4.3019 0.0710
4.4199 3.7144 4.3019 0.0710
4.4199 3.7144 4.3019 0.0710
4.4199 3.7144 4.3022 0.0711
4.4199 3.7144 4.3023 0.0711
4.4199 3.7144 4.3023 0.0711
4.4199 3.7144 4.3023 0.0712
4.4199 3.7144 4.3023 0.0712
4.4199 3.7144 4.3023 0.0712
4.4199 3.7144 4.3026 0.0712
4.4199 3.7144 4.3032 0.0716
4.4199 3.7144 4.3034 0.0715
4.4199 3.7144 4.3034 0.0715
4.4199 3.7144 4.3034 0.0715
4.4199 3.7144 4.3036 0.0714
4.4199 3.7144 4.3036 0.0714
4.4199 3.7144 4.3036 0.0714
4.4199 3.7144 4.3037 0.0715
4.4199 3.7144 4.3037 0.0715
4.4199 3.7144 4.3043 0.0721
4.4199 3.7144 4.3043 0.0721
4.4199 3.7144 4.3043 0.0721
4.4199 3.7144 4.3043 0.0721
4.4199 3.7144 4.3045 0.0721
4.4199 3.7144 4.3045 0.0721
4.4199 3.7144 4.3048 0.0719
4.4199 3.7144 4.3054 0.0724
4.4199 3.7144 4.3054 0.0724
4.4199 3.7144 4.3055 0.0724
4.4199 3.7144 4.3064 0.0731
4.4199 3.7144 4.3069 0.0735
4.4199 3.7144 4.3071 0.0734
4.4199 4.2102 4.3128 0.0430
4.4199 4.2102 4.3137 0.0442
4.4199 4.2102 4.3137 0.0442
4.4199 4.2102 4.3150 0.0454
4.4199 4.2102 4.3152 0.0453
4.4199 4.2102 4.3152 0.0453
4.4199 4.2102 4.3157 0.0453
4.4199 4.2102 4.3168 0.0457
4.4199 4.2102 4.3168 0.0457
4.4199 4.2102 4.3168 0.0457
4.4199 4.2102 4.3169 0.0457
4.4199 4.2102 4.3169 0.0457
4.4199 4.2102 4.3176 0.0455
4.4199 4.2102 4.3182 0.0453
4.4199 4.2102 4.3182 0.0453
4.4199 4.2102 4.3182 0.0453
4.4199 4.2102 4.3182 0.0453
4.4199 4.2102 4.3182 0.0453
4.4199 4.2102 4.3182 0.0453
4.4199 4.2102 4.3183 0.0453
4.4199 4.2102 4.3190 0.0451
4.4199 4.2102 4.3190 0.0451
4.4199 4.2102 4.3190 0.0451
4.4199 4.2102 4.3191 0.0450
4.4199 4.2102 4.3195 0.0450
4.4199 4.2102 4.3201 0.0448
4.4199 4.2102 4.3205 0.0448
4.4199 4.2102 4.3205 0.0448
4.4199 4.2102 4.3205 0.0448
4.4199 4.2102 4.3213 0.0441
4.4199 4.2102 4.3218 0.0435
4.4199 4.2102 4.3229 0.0438
4.4199 4.2102 4.3229 0.0438
4.4199 4.2102 4.3233 0.0437
4.4199 4.2102 4.3238 0.0441
4.4199 4.2102 4.3244 0.0448
4.4199 4.2102 4.3244 0.0448
4.4199 4.2102 4.3253 0.0440
4.4199 4.2102 4.3259 0.0446
4.4199 4.2102 4.3259 0.0446
4.4199 4.2102 4.3259 0.0446
4.4199 4.2102 4.3259 0.0446
4.4199 4.2102 4.3264 0.0445
4.4199 4.2102 4.3267 0.0443
4.4199 4.2102 4.3267 0.0443
4.4199 4.2102 4.3267 0.0443
4.4199 4.2102 4.3275 0.0435
4.4199 4.2102 4.3275 0.0435
4.4199 4.2102 4.3277 0.0435
4.4199 4.2102 4.3278 0.0435
4.4199 4.2102 4.3278 0.0435
4.4199 4.2102 4.3278 0.0435
4.4199 4.2102 4.3278 0.0435
4.4199 4.2102 4.3286 0.0427
4.4199 4.2102 4.3287 0.0427
4.4199 4.2102 4.3291 0.0425
4.4199 4.2102 4.3291 0.0425
4.4199 4.2102 4.3300 0.0435
4.4199 4.2102 4.3305 0.0433
4.4199 4.2102 4.3312 0.0436
4.4199 4.2102 4.3313 0.0436
4.4199 4.2102 4.3313 0.0436
4.4199 4.2102 4.3313 0.0436
4.4199 4.2102 4.3313 0.0436
4.4199 4.2102 4.3320 0.0442
4.4199 4.2102 4.3320 0.0442
4.4199 4.2102 4.3322 0.0444
4.4199 4.2102 4.3322 0.0444
4.4199 4.2102 4.3322 0.0444
4.4199 4.2102 4.3322 0.0444
4.4199 4.2102 4.3322 0.0444
4.4199 4.2102 4.3327 0.0448
4.4199 4.2102 4.3327 0.0448
4.4199 4.2102 4.3332 0.0444
4.4199 4.2102 4.3332 0.0444
4.4199 4.2102 4.3333 0.0445
4.4199 4.2102 4.3333 0.0445
4.4199 4.2102 4.3333 0.0445
4.4199 4.2102 4.3333 0.0445
4.4199 4.2102 4.3335 0.0443
4.4199 4.2102 4.3342 0.0448
4.4199 4.2102 4.3342 0.0448
4.4403 4.2102 4.3344 0.0453
4.4403 4.2102 4.3354 0.0454
4.4403 4.2102 4.3354 0.0454
4.4403 4.2102 4.3354 0.0454
4.4403 4.2102 4.3361 0.0456
4.4403 4.2102 4.3364 0.0456
4.4403 4.2102 4.3375 0.0458
4.4403 4.2102 4.3375 0.0458
4.4403 4.2102 4.3385 0.0465
4.4403 4.2102 4.3385 0.0465
4.4403 4.2102 4.3390 0.0467
4.4403 4.2102 4.3392 0.0466
4.4403 4.2102 4.3392 0.0466
4.4403 4.2102 4.3395 0.0465
4.4403 4.2102 4.3395 0.0465
4.4403 4.2102 4.3395 0.0465
4.4403 4.2102 4.3395 0.0465
4.4403 4.2102 4.3395 0.0465
4.4403 4.2102 4.3395 0.0465
4.4403 4.2102 4.3395 0.0465
4.4403 4.2102 4.3399 0.0462
4.4403 4.2102 4.3399 0.0462
4.4403 4.2102 4.3400 0.0461
4.4403 4.2102 4.3405 0.0464
4.4403 4.2102 4.3409 0.0461
4.4403 4.2102 4.3409 0.0461
4.4403 4.2102 4.3409 0.0461
4.4403 4.2102 4.3417 0.0462
4.4403 4.2102 4.3417 0.0462
4.4403 4.2102 4.3417 0.0462
4.4403 4.2102 4.3418 0.0462
4.4403 4.2102 4.3418 0.0462
4.4403 4.2102 4.3418 0.0462
4.4403 4.2102 4.3418 0.0462
4.4403 4.2102 4.3418 0.0462
4.4403 4.2102 4.3418 0.0462
4.4403 4.2102 4.3418 0.0462
4.4403 4.2102 4.3419 0.0462
4.4403 4.2102 4.3429 0.0462
4.4403 4.2102 4.3429 0.0462
4.4403 4.2102 4.3429 0.0462
4.4403 4.2102 4.3429 0.0462
4.4403 4.2102 4.3429 0.0462
4.4403 4.2102 4.3429 0.0462
4.4403 4.2102 4.3439 0.0451
4.4403 4.2102 4.3439 0.0451
4.4403 4.2102 4.3439 0.0451
4.4403 4.2102 4.3439 0.0451
4.4403 4.2102 4.3441 0.0451
4.4403 4.2102 4.3441 0.0451
4.4403 4.2102 4.3441 0.0451
4.4403 4.2102 4.3447 0.0446
4.4403 4.2102 4.3454 0.0449
4.4403 4.2102 4.3454 0.0449
4.4403 4.2102 4.3460 0.0453
4.4403 4.2102 4.3460 0.0453
4.4403 4.2102 4.3460 0.0453
4.4403 4.2102 4.3461 0.0455
4.4403 4.2102 4.3462 0.0455
4.4403 4.2102 4.3462 0.0455
4.4403 4.2102 4.3462 0.0456
4.4403 4.2102 4.3463 0.0456
4.4403 4.2102 4.3463 0.0456
4.4403 4.2102 4.3463 0.0456
4.4403 4.2102 4.3469 0.0460
4.4403 4.2102 4.3469 0.0460
4.4403 4.2343 4.3483 0.0439
4.4403 4.2343 4.3483 0.0439
4.4403 4.2343 4.3484 0.0439
4.4403 4.2343 4.3484 0.0439
4.4403 4.2343 4.3488 0.0439
4.4403 4.2343 4.3488 0.0439
4.4403 4.2343 4.3488 0.0439
4.4403 4.2343 4.3488 0.0440
4.4403 4.2343 4.3493 0.0441
4.4403 4.2343 4.3495 0.0441
4.4403 4.2343 4.3498 0.0443
4.4412 4.2343 4.3503 0.0451
4.4412 4.2343 4.3503 0.0451
4.4412 4.2343 4.3506 0.0448
4.4412 4.2343 4.3514 0.0439
4.4412 4.2343 4.3515 0.0440
4.4412 4.2343 4.3516 0.0440
4.4412 4.2343 4.3522 0.0443
4.4412 4.2343 4.3523 0.0444
4.4412 4.2343 4.3524 0.0443
4.4412 4.2343 4.3524 0.0444
4.4412 4.2343 4.3535 0.0442
4.4412 4.2343 4.3537 0.0441
4.4412 4.2343 4.3538 0.0442
4.4412 4.2343 4.3545 0.0435
4.4412 4.2343 4.3545 0.0435
4.4412 4.2343 4.3545 0.0435
4.4412 4.2343 4.3545 0.0435
4.4412 4.2343 4.3553 0.0437
4.4412 4.2343 4.3560 0.0439
4.4412 4.2343 4.3562 0.0439
4.4412 4.2343 4.3569 0.0441
4.4412 4.2343 4.3569 0.0441
4.4412 4.2343 4.3580 0.0438
4.4412 4.2343 4.3583 0.0441
4.5528 4.2343 4.3594 0.0475
4.5528 4.2343 4.3594 0.0475
4.5528 4.2343 4.3599 0.0475
4.5528 4.2343 4.3599 0.0475
4.5528 4.2343 4.3603 0.0476
4.5528 4.2343 4.3603 0.0476
4.5528 4.2343 4.3626 0.0482
4.5528 4.2343 4.3628 0.0482
4.5528 4.2343 4.3628 0.0482
4.5528 4.2343 4.3628 0.0481
4.5528 4.2343 4.3633 0.0486
4.5528 4.2343 4.3633 0.0486
4.5528 4.2343 4.3644 0.0482
4.5528 4.2343 4.3657 0.0484
4.5528 4.2343 4.3661 0.0484
4.5528 4.2343 4.3661 0.0484
4.5528 4.2343 4.3671 0.0488
4.5528 4.2343 4.3671 0.0488
4.5528 4.2343 4.3681 0.0492
4.5528 4.2343 4.3681 0.0492
4.5528 4.2343 4.3681 0.0492
4.5528 4.2343 4.3681 0.0492
4.5528 4.2343 4.3685 0.0488
4.5528 4.2490 4.3702 0.0470
4.5528 4.2490 4.3707 0.0469
4.5528 4.2490 4.3712 0.0468
4.5528 4.2490 4.3712 0.0468
4.5528 4.2490 4.3712 0.0468
4.5528 4.2490 4.3712 0.0468
4.5528 4.2490 4.3712 0.0468
4.5528 4.2490 4.3712 0.0468
4.5528 4.2490 4.3717 0.0462
4.5528 4.2490 4.3719 0.0463
4.5528 4.2490 4.3719 0.0463
4.5528 4.2490 4.3719 0.0463
4.5528 4.2490 4.3719 0.0463
4.5528 4.2490 4.3720 0.0463
4.5528 4.2490 4.3720 0.0463
4.5528 4.2490 4.3720 0.0463
4.5528 4.2490 4.3727 0.0463
4.5528 4.2490 4.3732 0.0462
4.5528 4.2490 4.3732 0.0462
4.5528 4.2490 4.3738 0.0453
4.5528 4.2490 4.3750 0.0455
4.5528 4.2490 4.3750 0.0455
4.5528 4.2490 4.3750 0.0455
4.5528 4.2490 4.3755 0.0454
4.5528 4.2490 4.3755 0.0454
4.5528 4.2490 4.3759 0.0452
4.5528 4.2490 4.3759 0.0452
4.5528 4.2490 4.3765 0.0449
4.5528 4.2490 4.3769 0.0453
4.5528 4.2490 4.3777 0.0448
4.5528 4.2490 4.3778 0.0448
4.5528 4.2490 4.3782 0.0451
4.5528 4.2490 4.3782 0.0451
4.5528 4.2490 4.3783 0.0452
4.5528 4.2490 4.3789 0.0450
4.5528 4.2490 4.3789 0.0450
4.5528 4.2490 4.3789 0.0450
4.5528 4.2490 4.3803 0.0446
4.5528 4.2490 4.3812 0.0456
4.5528 4.2490 4.3812 0.0456
4.5528 4.2490 4.3812 0.0456
4.5528 4.2490 4.3817 0.0453
4.5528 4.2490 4.3817 0.0453
4.5528 4.2490 4.3817 0.0453
4.5528 4.2490 4.3824 0.0453
4.5528 4.2490 4.3824 0.0453
4.5528 4.2490 4.3824 0.0453
4.5528 4.2490 4.3837 0.0441
4.5528 4.2490 4.3837 0.0441
4.5528 4.2490 4.3837 0.0441
4.5528 4.2490 4.3837 0.0441
4.5528 4.2490 4.3837 0.0441
4.5528 4.2490 4.3842 0.0444
4.5528 4.2490 4.3849 0.0441
4.5528 4.2490 4.3849 0.0441
4.5528 4.2490 4.3856 0.0438
4.5528 4.2490 4.3856 0.0438
4.5528 4.2490 4.3858 0.0440
4.5528 4.2766 4.3866 0.0421
4.5528 4.2766 4.3866 0.0421
4.5528 4.2766 4.3879 0.0430
4.5528 4.2766 4.3879 0.0430
4.5528 4.2766 4.3886 0.0429
4.5528 4.2766 4.3887 0.0430
4.5528 4.2766 4.3889 0.0430
4.5962 4.2766 4.3914 0.0474
4.5962 4.2766 4.3916 0.0472
4.5962 4.2766 4.3916 0.0472
4.5962 4.2766 4.3919 0.0466
4.5962 4.2766 4.3919 0.0466
4.5962 4.2766 4.3923 0.0464
4.5962 4.2766 4.3923 0.0464
4.5962 4.2766 4.3924 0.0464
4.5962 4.2766 4.3924 0.0464
4.5962 4.2766 4.3925 0.0464
4.5962 4.2766 4.3931 0.0471
4.5962 4.2766 4.3934 0.0473
4.5962 4.2766 4.3934 0.0473
4.5962 4.2766 4.3941 0.0474
4.5962 4.2766 4.3955 0.0479
4.5962 4.2766 4.3955 0.0479
4.5962 4.2766 4.3955 0.0479
4.5962 4.2766 4.3965 0.0477
4.5962 4.2766 4.3965 0.0477
4.5962 4.2766 4.3965 0.0477
4.5962 4.2766 4.3965 0.0477
4.5962 4.2766 4.3965 0.0477
4.5962 4.2766 4.3965 0.0477
4.5962 4.2766 4.3965 0.0477
4.5962 4.2766 4.3965 0.0477
4.5962 4.2766 4.3965 0.0477
4.5962 4.2766 4.3965 0.0477
4.5962 4.2766 4.3965 0.0477
4.5962 4.2766 4.3972 0.0484
4.5962 4.2766 4.3972 0.0484
4.5962 4.2766 4.3972 0.0484
4.5962 4.2766 4.3972 0.0484
4.5962 4.2766 4.3977 0.0483
4.5962 4.2766 4.3977 0.0483
4.5962 4.2766 4.3979 0.0482
4.5962 4.2766 4.3979 0.0482
4.5962 4.2766 4.3989 0.0471
4.5962 4.2766 4.3989 0.0471
4.5962 4.2766 4.3989 0.0471
4.5962 4.2766 4.3989 0.0471
4.5962 4.2766 4.3989 0.0471
4.5962 4.2766 4.3989 0.0471
4.5962 4.2766 4.3989 0.0471
4.5962 4.2766 4.3992 0.0472
4.5962 4.2766 4.3997 0.0467
4.5962 4.2766 4.3997 0.0467
4.5962 4.2766 4.3997 0.0467
4.5962 4.2766 4.3998 0.0467
4.5962 4.2766 4.3998 0.0467
4.5962 4.2766 4.4002 0.0468
4.5962 4.2766 4.4002 0.0468
4.5962 4.2766 4.4011 0.0463
4.5962 4.2766 4.4011 0.0463
4.5962 4.2766 4.4011 0.0463
4.5962 4.2766 4.4011 0.0463
4.5962 4.2766 4.4012 0.0462
4.5962 4.2766 4.4018 0.0459
4.5962 4.2766 4.4018 0.0459
4.5962 4.2766 4.4021 0.0462
4.5962 4.2766 4.4021 0.0462
4.5962 4.2766 4.4021 0.0462
4.5962 4.2766 4.4021 0.0462
4.5962 4.2766 4.4021 0.0462
4.5962 4.2766 4.4022 0.0462
4.5962 4.2766 4.4025 0.0463
4.5962 4.2766 4.4029 0.0465
4.5962 4.2766 4.4032 0.0462
4.5962 4.2766 4.4032 0.0462
4.5962 4.2766 4.4032 0.0462
4.5962 4.2766 4.4032 0.0462
4.5962 4.2766 4.4035 0.0464
4.5962 4.2766 4.4038 0.0462
4.5962 4.2766 4.4038 0.0462
4.5962 4.2766 4.4038 0.0462
4.5962 4.2766 4.4042 0.0464
4.5962 4.2766 4.4051 0.0461
4.5962 4.2766 4.4056 0.0465
4.5962 4.2766 4.4061 0.0460
4.5962 4.2766 4.4065 0.0461
4.5962 4.2766 4.4072 0.0456
4.5962 4.2766 4.4072 0.0456
4.5962 4.2766 4.4072 0.0456
4.5962 4.2766 4.4076 0.0455
4.5962 4.2766 4.4076 0.0455
4.5962 4.2766 4.4080 0.0454
4.5962 4.2766 4.4080 0.0454
4.5962 4.2766 4.4083 0.0454
4.5962 4.2766 4.4088 0.0459
4.5962 4.2766 4.4088 0.0459
4.5962 4.2766 4.4103 0.0458
4.5962 4.2766 4.4108 0.0457
4.5962 4.2766 4.4111 0.0458
4.5962 4.2766 4.4126 0.0479
4.5962 4.2766 4.4130 0.0478
4.5962 4.2766 4.4130 0.0478
4.5962 4.2766 4.4130 0.0478
4.5962 4.2766 4.4130 0.0478
4.5962 4.2766 4.4134 0.0479
4.5962 4.2766 4.4138 0.0480
4.5962 4.2766 4.4138 0.0480
4.5962 4.2766 4.4138 0.0480
4.5962 4.2766 4.4138 0.0480
4.5962 4.2766 4.4141 0.0480
4.5962 4.2766 4.4143 0.0480
4.5962 4.2766 4.4143 0.0480
4.5962 4.2766 4.4143 0.0480
4.5962 4.2766 4.4143 0.0480
4.5962 4.2766 4.4143 0.0480
4.5962 4.2766 4.4148 0.0480
4.5962 4.2766 4.4148 0.0480
4.5962 4.2766 4.4148 0.0480
4.5962 4.2766 4.4148 0.0480
4.5962 4.2766 4.4152 0.0483
4.5962 4.2766 4.4152 0.0483
4.5962 4.2766 4.4152 0.0483
4.5962 4.2766 4.4152 0.0483
4.5962 4.2766 4.4157 0.0487
4.5962 4.2766 4.4157 0.0487
4.5962 4.2766 4.4161 0.0488
4.5962 4.2766 4.4161 0.0488
4.5962 4.2766 4.4161 0.0488
4.5962 4.2766 4.4165 0.0488
4.5962 4.2766 4.4174 0.0491
4.5962 4.2766 4.4174 0.0491
4.5962 4.2766 4.4174 0.0491
4.5962 4.2766 4.4174 0.0491
4.5962 4.2766 4.4174 0.0491
4.5962 4.2766 4.4178 0.0495
4.5962 4.2766 4.4184 0.0496
4.5962 4.2766 4.4184 0.0496
4.5962 4.2766 4.4193 0.0499
4.5962 4.2766 4.4193 0.0498
4.5962 4.2766 4.4205 0.0516
4.5962 4.2766 4.4205 0.0516
4.5962 4.2766 4.4205 0.0516
4.5962 4.2766 4.4213 0.0520
4.5962 4.2766 4.4228 0.0515
4.5962 4.2766 4.4232 0.0518
4.5962 4.2766 4.4236 0.0520
4.5962 4.2766 4.4236 0.0520
4.5962 4.2766 4.4239 0.0515
4.5962 4.2766 4.4242 0.0517
4.5962 4.2766 4.4246 0.0519
4.5962 4.2766 4.4250 0.0519
4.5962 4.2766 4.4252 0.0516
4.5962 4.2766 4.4262 0.0507
4.5962 4.2766 4.4278 0.0521
4.5962 4.2766 4.4280 0.0522
4.5962 4.2766 4.4280 0.0522
4.5962 4.2766 4.4280 0.0522
4.5962 4.2766 4.4291 0.0513
4.5962 4.2766 4.4300 0.0504
4.5962 4.2766 4.4300 0.0504
4.5962 4.2766 4.4306 0.0506
4.5962 4.2766 4.4306 0.0506
4.5962 4.2766 4.4306 0.0506
4.5962 4.2766 4.4309 0.0506
4.5962 4.2766 4.4310 0.0506
4.5962 4.2766 4.4325 0.0519
4.5962 4.2766 4.4325 0.0519
4.5962 4.2766 4.4336 0.0531
4.5962 4.2766 4.4336 0.0531
4.5962 4.2766 4.4340 0.0530
4.5962 4.2766 4.4340 0.0530
4.5962 4.2766 4.4340 0.0530
4.5962 4.2766 4.4340 0.0530
4.5962 4.2766 4.4342 0.0530
4.5962 4.2766 4.4349 0.0525
4.5962 4.2766 4.4349 0.0525
4.5962 4.2766 4.4353 0.0527
4.5962 4.2766 4.4358 0.0525
4.5962 4.2766 4.4362 0.0523
4.5962 4.2766 4.4362 0.0523
4.5962 4.2766 4.4362 0.0523
4.5962 4.2766 4.4362 0.0523
4.5962 4.2766 4.4362 0.0523
4.5962 4.2766 4.4374 0.0536
4.5962 4.2766 4.4374 0.0536
4.5962 4.2766 4.4374 0.0536
4.5962 4.2766 4.4381 0.0536
4.5962 4.2766 4.4389 0.0528
4.5962 4.2766 4.4392 0.0531
4.5962 4.2766 4.4395 0.0530
4.5962 4.2766 4.4405 0.0540
4.5962 4.2766 4.4409 0.0539
4.5962 4.2766 4.4409 0.0539
4.5962 4.2766 4.4413 0.0543
4.5962 4.2766 4.4413 0.0543
4.5962 4.2766 4.4413 0.0543
4.5962 4.2766 4.4416 0.0542
4.5962 4.2766 4.4420 0.0543
4.5962 4.3269 4.4433 0.0518
4.5962 4.3269 4.4433 0.0518
4.5962 4.3269 4.4447 0.0528
4.5962 4.3269 4.4447 0.0528
4.5962 4.3269 4.4454 0.0529
4.5962 4.3269 4.4454 0.0529
4.5962 4.3269 4.4458 0.0526
4.5962 4.3269 4.4460 0.0528
4.5962 4.3269 4.4460 0.0528
4.5962 4.3269 4.4470 0.0527
4.5962 4.3269 4.4470 0.0527
4.5962 4.3269 4.4475 0.0527
4.5962 4.3269 4.4475 0.0527
4.5962 4.3269 4.4475 0.0527
4.5962 4.3269 4.4479 0.0528
4.5962 4.3269 4.4479 0.0528
4.5962 4.3269 4.4496 0.0536
4.5962 4.3269 4.4497 0.0536
4.5962 4.3269 4.4503 0.0543
4.5964 4.3269 4.4514 0.0553
4.5964 4.3269 4.4514 0.0553
4.5964 4.3269 4.4524 0.0556
4.5964 4.3269 4.4527 0.0554
4.5964 4.3269 4.4527 0.0554
4.5964 4.3269 4.4527 0.0554
4.5964 4.3269 4.4527 0.0554
4.5964 4.3269 4.4527 0.0554
4.5964 4.3269 4.4531 0.0554
4.5964 4.3269 4.4532 0.0554
4.5998 4.3269 4.4532 0.0555
4.5998 4.3269 4.4532 0.0555
4.5998 4.3269 4.4543 0.0542
4.5998 4.3269 4.4552 0.0549
4.5998 4.3269 4.4552 0.0549
4.5998 4.3269 4.4552 0.0549
4.5998 4.3269 4.4555 0.0551
4.5998 4.3269 4.4569 0.0539
4.5998 4.3269 4.4574 0.0535
4.5998 4.3269 4.4574 0.0535
4.5998 4.3269 4.4574 0.0535
4.5998 4.3269 4.4585 0.0541
4.5998 4.3269 4.4603 0.0552
4.5998 4.3269 4.4603 0.0552
4.5998 4.3269 4.4603 0.0552
4.5998 4.3269 4.4603 0.0552
4.5998 4.3269 4.4603 0.0552
4.5998 4.3269 4.4603 0.0552
4.5998 4.3269 4.4615 0.0560
4.5998 4.3269 4.4619 0.0559
4.5998 4.3269 4.4619 0.0559
4.5998 4.3269 4.4628 0.0549
4.5998 4.3269 4.4637 0.0552
4.5998 4.3269 4.4637 0.0552
4.5998 4.3269 4.4646 0.0547
4.5998 4.3269 4.4646 0.0547
4.5998 4.3269 4.4647 0.0547
4.5998 4.3269 4.4648 0.0546
4.5998 4.3269 4.4648 0.0546
4.5998 4.3269 4.4653 0.0549
4.5998 4.3269 4.4655 0.0548
4.5998 4.3269 4.4665 0.0552
4.5998 4.3269 4.4669 0.0549
4.5998 4.3269 4.4669 0.0549
4.5998 4.3269 4.4669 0.0549
4.5998 4.3269 4.4669 0.0549
4.5998 4.3269 4.4674 0.0549
4.5998 4.3269 4.4686 0.0537
4.5998 4.3269 4.4686 0.0537
4.5998 4.3269 4.4686 0.0537
4.5998 4.3269 4.4686 0.0537
4.5998 4.3269 4.4691 0.0533
4.5998 4.3269 4.4691 0.0533
4.6493 4.3269 4.4712 0.0561
4.6493 4.3269 4.4735 0.0550
4.6493 4.3269 4.4735 0.0550
4.6493 4.3269 4.4737 0.0549
4.6493 4.3269 4.4737 0.0549
4.6493 4.3269 4.4737 0.0549
4.6493 4.3269 4.4737 0.0549
4.6493 4.3269 4.4752 0.0551
4.6493 4.3269 4.4762 0.0554
4.6493 4.3269 4.4762 0.0554
4.6493 4.3269 4.4762 0.0554
4.6493 4.3269 4.4762 0.0554
4.6493 4.3269 4.4764 0.0553
4.6493 4.3269 4.4764 0.0553
4.6493 4.3269 4.4770 0.0557
4.6493 4.3269 4.4770 0.0557
4.6493 4.3269 4.4785 0.0557
4.6493 4.3793 4.4810 0.0545
4.6493 4.3793 4.4811 0.0545
4.6493 4.3793 4.4822 0.0547
4.6493 4.3793 4.4822 0.0547
4.6493 4.3793 4.4835 0.0545
4.6493 4.3793 4.4837 0.0547
4.6493 4.3793 4.4837 0.0547
4.6493 4.3793 4.4840 0.0547
4.6493 4.3793 4.4840 0.0547
4.6493 4.3793 4.4849 0.0565
4.6493 4.3793 4.4851 0.0564
4.6493 4.3793 4.4852 0.0563
4.6493 4.3793 4.4852 0.0563
4.6493 4.3793 4.4871 0.0574
4.6493 4.3793 4.4871 0.0574
4.6493 4.3793 4.4871 0.0574
4.6493 4.3793 4.4879 0.0568
4.6493 4.3793 4.4889 0.0575
4.6493 4.3793 4.4889 0.0575
4.6493 4.3793 4.4889 0.0575
4.6493 4.3793 4.4889 0.0575
4.6493 4.3793 4.4891 0.0578
4.6493 4.3793 4.4891 0.0578
4.6493 4.3793 4.4894 0.0581
4.6493 4.3793 4.4898 0.0579
4.6493 4.3793 4.4898 0.0579
4.6493 4.3793 4.4911 0.0578
4.6493 4.3793 4.4911 0.0578
4.6493 4.3793 4.4912 0.0577
4.6493 4.3793 4.4912 0.0577
4.6493 4.3793 4.4912 0.0577
4.6493 4.3793 4.4920 0.0594
4.6493 4.3793 4.4920 0.0594
4.6493 4.3793 4.4922 0.0594
4.6493 4.3793 4.4922 0.0594
4.6493 4.3793 4.4924 0.0596
4.6493 4.3793 4.4924 0.0596
4.6493 4.3793 4.4925 0.0597
4.6493 4.3793 4.4930 0.0604
4.6493 4.3793 4.4935 0.0604
4.6493 4.3793 4.4935 0.0604
4.6493 4.3793 4.4940 0.0603
4.6493 4.3793 4.4948 0.0596
4.6493 4.3793 4.4949 0.0596
4.6493 4.3793 4.4955 0.0598
4.6493 4.3793 4.4966 0.0615
4.6493 4.3793 4.4966 0.0615
4.6493 4.3793 4.4966 0.0615
4.6493 4.3793 4.4969 0.0613
4.6493 4.3793 4.4981 0.0612
4.6493 4.3793 4.4997 0.0630
4.6493 4.3793 4.5009 0.0637
4.6493 4.3793 4.5009 0.0637
4.6493 4.3793 4.5012 0.0639
4.6493 4.3793 4.5012 0.0639
4.6493 4.3793 4.5012 0.0639
4.6493 4.3793 4.5012 0.0639
4.6493 4.3793 4.5012 0.0639
4.6493 4.3793 4.5021 0.0641
4.6493 4.3793 4.5021 0.0641
4.6493 4.3793 4.5021 0.0641
4.6493 4.3793 4.5024 0.0639
4.6493 4.3793 4.5024 0.0639
4.6493 4.3793 4.5025 0.0640
4.6493 4.3793 4.5025 0.0640
4.6493 4.3793 4.5025 0.0640
4.6493 4.3793 4.5025 0.0640
4.6493 4.3793 4.5039 0.0643
4.6493 4.3793 4.5039 0.0643
4.6493 4.3793 4.5042 0.0639
4.6493 4.3793 4.5042 0.0639
4.6493 4.3793 4.5042 0.0639
4.6493 4.3793 4.5057 0.0641
4.6493 4.3793 4.5057 0.0641
4.6493 4.3793 4.5060 0.0644
4.6493 4.3793 4.5080 0.0642
4.6493 4.3793 4.5085 0.0636
4.6493 4.3793 4.5089 0.0634
4.6493 4.3793 4.5089 0.0634
4.6493 4.3793 4.5089 0.0634
4.6493 4.3793 4.5101 0.0639
4.6493 4.3793 4.5116 0.0650
4.6493 4.3793 4.5121 0.0650
4.6493 4.3793 4.5130 0.0651
4.6493 4.3793 4.5130 0.0651
4.6493 4.3793 4.5130 0.0651
4.6493 4.3793 4.5130 0.0651
4.6493 4.3793 4.5131 0.0652
4.6493 4.3793 4.5131 0.0652
4.6493 4.3793 4.5141 0.0662
4.6493 4.3793 4.5147 0.0662
4.6493 4.3793 4.5150 0.0658
4.6493 4.3793 4.5171 0.0667
4.6493 4.3793 4.5171 0.0667
4.6493 4.3793 4.5171 0.0667
4.6493 4.3793 4.5172 0.0667
4.6493 4.3793 4.5172 0.0667
4.6493 4.3793 4.5172 0.0667
4.6493 4.3793 4.5178 0.0666
4.6493 4.3793 4.5179 0.0666
4.6893 4.3793 4.5190 0.0685
4.6893 4.3793 4.5190 0.0685
4.6893 4.3793 4.5190 0.0685
4.6893 4.3793 4.5190 0.0685
4.6893 4.3793 4.5190 0.0685
4.6893 4.3793 4.5190 0.0685
4.6893 4.3793 4.5190 0.0685
4.6893 4.3793 4.5195 0.0682
4.6893 4.3793 4.5195 0.0682
4.6893 4.3793 4.5195 0.0682
4.6893 4.3793 4.5197 0.0684
4.6893 4.3793 4.5219 0.0692
4.6893 4.3793 4.5220 0.0693
4.6893 4.3793 4.5220 0.0693
4.6893 4.3793 4.5220 0.0693
4.6893 4.3793 4.5220 0.0693
4.6893 4.3793 4.5220 0.0693
4.6893 4.4051 4.5226 0.0683
4.6893 4.4051 4.5230 0.0679
4.6893 4.4051 4.5236 0.0683
4.6893 4.4051 4.5238 0.0684
4.6893 4.4051 4.5238 0.0684
4.6893 4.4051 4.5241 0.0684
4.6893 4.4051 4.5253 0.0679
4.6893 4.4051 4.5253 0.0679
4.6893 4.4051 4.5253 0.0679
4.6893 4.4051 4.5253 0.0679
4.6893 4.4051 4.5256 0.0680
4.6893 4.4051 4.5274 0.0675
4.6893 4.4051 4.5283 0.0675
4.6893 4.4051 4.5287 0.0676
4.6893 4.4051 4.5300 0.0686
4.6893 4.4051 4.5300 0.0686
4.6893 4.4051 4.5306 0.0694
4.6893 4.4051 4.5312 0.0703
4.6893 4.4051 4.5321 0.0702
4.6893 4.4051 4.5321 0.0702
4.6893 4.4051 4.5321 0.0702
4.6893 4.4051 4.5331 0.0701
4.6893 4.4051 4.5331 0.0701
4.6893 4.4051 4.5353 0.0700
4.6893 4.4051 4.5364 0.0700
4.6893 4.4051 4.5364 0.0700
4.6893 4.4051 4.5364 0.0700
4.6893 4.4051 4.5376 0.0711
4.6893 4.4051 4.5376 0.0711
4.6893 4.4051 4.5394 0.0718
4.6893 4.4051 4.5406 0.0711
4.6893 4.4051 4.5414 0.0721
4.6893 4.4051 4.5414 0.0721
4.6893 4.4051 4.5414 0.0721
4.6893 4.4051 4.5414 0.0721
4.6893 4.4051 4.5414 0.0721
4.6893 4.4051 4.5431 0.0726
4.6893 4.4051 4.5431 0.0726
4.6893 4.4051 4.5432 0.0726
4.6893 4.4051 4.5432 0.0726
4.6893 4.4051 4.5432 0.0726
4.6893 4.4051 4.5439 0.0723
4.6893 4.4051 4.5451 0.0716
4.6893 4.4051 4.5453 0.0717
4.6893 4.4051 4.5460 0.0710
4.6893 4.4051 4.5461 0.0710
4.6893 4.4051 4.5464 0.0709
4.6893 4.4051 4.5464 0.0709
4.6893 4.4051 4.5483 0.0715
4.6893 4.4051 4.5483 0.0715
4.6893 4.4051 4.5484 0.0715
4.6893 4.4051 4.5485 0.0717
4.6893 4.4051 4.5487 0.0718
4.6893 4.4051 4.5498 0.0709
4.6893 4.4051 4.5498 0.0709
4.6893 4.4051 4.5498 0.0709
4.6893 4.4051 4.5517 0.0704
4.6893 4.4051 4.5521 0.0706
4.6893 4.4051 4.5522 0.0707
4.6893 4.4051 4.5522 0.0707
4.6893 4.4051 4.5522 0.0707
4.6893 4.4051 4.5522 0.0707
4.6893 4.4051 4.5532 0.0697
4.6893 4.4051 4.5532 0.0697
4.6893 4.4051 4.5552 0.0707
4.6893 4.4051 4.5552 0.0707
4.6893 4.4051 4.5552 0.0707
4.6893 4.4051 4.5559 0.0703
4.6893 4.4051 4.5568 0.0698
4.6893 4.4051 4.5568 0.0698
4.6893 4.4051 4.5582 0.0697
4.6893 4.4051 4.5592 0.0704
4.6893 4.4051 4.5604 0.0712
4.6893 4.4051 4.5623 0.0714
4.6893 4.4051 4.5647 0.0715
4.6893 4.4051 4.5650 0.0714
4.6893 4.4051 4.5650 0.0714
4.6893 4.4051 4.5650 0.0714
4.6893 4.4051 4.5651 0.0714
4.6971 4.4051 4.5665 0.0726
4.6971 4.4051 4.5667 0.0725
4.6971 4.4051 4.5678 0.0732
4.6971 4.4051 4.5683 0.0730
4.6971 4.4051 4.5687 0.0729
4.6971 4.4051 4.5688 0.0729
4.6971 4.4051 4.5701 0.0740
4.6971 4.4051 4.5708 0.0740
4.6971 4.4051 4.5719 0.0729
4.6971 4.4051 4.5727 0.0734
4.6971 4.4051 4.5729 0.0733
4.6971 4.4180 4.5754 0.0718
4.6971 4.4180 4.5759 0.0722
4.6971 4.4180 4.5759 0.0722
4.6971 4.4180 4.5760 0.0722
4.6971 4.4180 4.5761 0.0722
4.6971 4.4180 4.5761 0.0722
4.6971 4.4180 4.5771 0.0716
4.6971 4.4180 4.5785 0.0703
4.6971 4.4180 4.5785 0.0703
4.6971 4.4180 4.5800 0.0702
4.6971 4.4180 4.5813 0.0696
4.6971 4.4180 4.5813 0.0696
4.6971 4.4180 4.5817 0.0689
4.6971 4.4180 4.5817 0.0689
4.6971 4.4180 4.5817 0.0689
4.6971 4.4180 4.5818 0.0689
4.6971 4.4180 4.5826 0.0695
4.6971 4.4180 4.5834 0.0702
4.6971 4.4180 4.5834 0.0702
4.6971 4.4180 4.5834 0.0702
4.6971 4.4180 4.5836 0.0704
4.6971 4.4180 4.5844 0.0708
4.6971 4.4180 4.5844 0.0708
4.6971 4.4180 4.5850 0.0712
4.6971 4.4180 4.5850 0.0712
4.6971 4.4180 4.5851 0.0713
4.6971 4.4180 4.5860 0.0701
4.6971 4.4180 4.5874 0.0707
4.6971 4.4180 4.5887 0.0712
4.6971 4.4180 4.5887 0.0712
4.6971 4.4180 4.5887 0.0712
4.6971 4.4180 4.5895 0.0715
4.6971 4.4180 4.5902 0.0714
4.6971 4.4180 4.5903 0.0714
4.6971 4.4180 4.5903 0.0714
4.6971 4.4180 4.5903 0.0714
4.6971 4.4180 4.5903 0.0715
4.6971 4.4180 4.5903 0.0715
4.6971 4.4180 4.5915 0.0722
4.6971 4.4180 4.5941 0.0712
4.6971 4.4180 4.5947 0.0715
4.6971 4.4180 4.5957 0.0720
4.6971 4.4180 4.5957 0.0720
4.6971 4.4180 4.5957 0.0720
4.6971 4.4180 4.5957 0.0720
4.6971 4.4180 4.5958 0.0720
4.6971 4.4180 4.5958 0.0720
4.6971 4.4180 4.5961 0.0719
4.6971 4.4180 4.5965 0.0721
4.6971 4.4180 4.5967 0.0723
4.6971 4.4180 4.5967 0.0723
4.6971 4.4180 4.5976 0.0724
4.6971 4.4180 4.5997 0.0719
4.6971 4.4180 4.5997 0.0719
4.6971 4.4180 4.5997 0.0719
4.6971 4.4180 4.5997 0.0719
4.6971 4.4180 4.5997 0.0719
4.6971 4.4180 4.6001 0.0716
4.6971 4.4180 4.6018 0.0718
4.6971 4.4180 4.6019 0.0718
4.6971 4.4180 4.6022 0.0719
4.6971 4.4180 4.6024 0.0720
4.6971 4.4180 4.6024 0.0720
4.6971 4.4180 4.6033 0.0713
4.6971 4.4180 4.6051 0.0705
4.6971 4.4180 4.6052 0.0705
4.6971 4.4180 4.6052 0.0706
4.6971 4.4180 4.6069 0.0695
4.6976 4.4180 4.6070 0.0697
4.6976 4.4180 4.6077 0.0697
4.6976 4.4180 4.6077 0.0697
4.6976 4.4180 4.6090 0.0701
4.6976 4.4180 4.6094 0.0698
4.6976 4.4180 4.6094 0.0698
4.6976 4.4180 4.6094 0.0698
4.6976 4.4180 4.6094 0.0698
4.6976 4.4180 4.6102 0.0700
4.6976 4.4180 4.6102 0.0700
4.6976 4.4180 4.6111 0.0700
4.6976 4.4180 4.6118 0.0702
4.6976 4.4180 4.6118 0.0702
4.6976 4.4180 4.6119 0.0702
4.6976 4.4180 4.6129 0.0684
4.6976 4.4180 4.6129 0.0684
4.6976 4.4180 4.6130 0.0683
4.6976 4.4180 4.6130 0.0683
4.6976 4.4180 4.6130 0.0683
4.6976 4.4180 4.6132 0.0683
4.6976 4.4180 4.6147 0.0684
4.6976 4.4180 4.6149 0.0686
4.6976 4.4180 4.6153 0.0689
4.6976 4.4180 4.6165 0.0689
4.6976 4.4180 4.6167 0.0688
4.6976 4.4180 4.6168 0.0689
4.6976 4.4180 4.6183 0.0690
4.6976 4.4180 4.6184 0.0690
4.6976 4.4180 4.6184 0.0690
4.6976 4.4180 4.6203 0.0685
4.6976 4.4180 4.6203 0.0685
4.6976 4.4180 4.6211 0.0689
4.7117 4.4180 4.6215 0.0693
4.7117 4.4180 4.6224 0.0697
4.7117 4.4180 4.6224 0.0697
4.7117 4.4180 4.6224 0.0697
4.7117 4.4180 4.6224 0.0697
4.7117 4.4180 4.6242 0.0672
4.7117 4.4180 4.6255 0.0648
4.7117 4.4180 4.6258 0.0646
4.7117 4.4180 4.6258 0.0646
4.7117 4.4180 4.6266 0.0644
4.7117 4.4180 4.6266 0.0644
4.7117 4.4180 4.6275 0.0646
4.7117 4.4180 4.6275 0.0646
4.7117 4.4180 4.6275 0.0646
4.7117 4.4180 4.6283 0.0629
4.7117 4.4180 4.6288 0.0632
4.7117 4.4180 4.6293 0.0635
4.7117 4.4180 4.6305 0.0635
4.7117 4.4180 4.6317 0.0629
4.7117 4.4180 4.6317 0.0629
4.7117 4.4180 4.6329 0.0631
4.7117 4.4180 4.6333 0.0627
4.7117 4.4180 4.6333 0.0627
4.7117 4.4180 4.6342 0.0625
4.7117 4.4180 4.6350 0.0625
4.7117 4.4180 4.6362 0.0624
4.7117 4.4180 4.6362 0.0624
4.7242 4.4180 4.6366 0.0629
4.7242 4.4180 4.6379 0.0622
4.7242 4.4180 4.6379 0.0622
4.7242 4.4180 4.6383 0.0624
4.7242 4.4180 4.6383 0.0624
4.7242 4.4180 4.6384 0.0625
4.7242 4.4180 4.6387 0.0627
4.7242 4.4180 4.6395 0.0624
4.7242 4.4180 4.6395 0.0624
4.7242 4.4180 4.6405 0.0621
4.7242 4.4180 4.6405 0.0621
4.7242 4.4180 4.6405 0.0621
4.7242 4.4180 4.6405 0.0621
4.7242 4.4180 4.6412 0.0620
4.7242 4.4180 4.6422 0.0621
4.7242 4.4180 4.6422 0.0621
4.7242 4.4180 4.6425 0.0623
4.7242 4.4180 4.6428 0.0625
4.7242 4.4180 4.6439 0.0617
4.7242 4.4180 4.6449 0.0616
4.7242 4.4180 4.6450 0.0617
4.7242 4.4180 4.6450 0.0617
4.7242 4.4180 4.6458 0.0614
4.7242 4.4180 4.6466 0.0615
4.7242 4.4180 4.6466 0.0615
4.7242 4.4180 4.6466 0.0615
4.7242 4.4180 4.6469 0.0617
4.7242 4.4180 4.6469 0.0617
4.7242 4.4180 4.6469 0.0617
4.7242 4.4180 4.6469 0.0617
4.7242 4.4180 4.6470 0.0617
4.7242 4.4180 4.6474 0.0618
4.7242 4.4180 4.6474 0.0618
4.7438 4.4180 4.6485 0.0628
4.7438 4.4180 4.6490 0.0629
4.7438 4.4180 4.6490 0.0629
4.7438 4.4180 4.6500 0.0617
4.7438 4.4180 4.6500 0.0617
4.7438 4.4180 4.6502 0.0618
4.7438 4.4180 4.6502 0.0618
4.7438 4.4180 4.6506 0.0620
4.7438 4.4180 4.6509 0.0621
4.7438 4.4180 4.6509 0.0621
4.7438 4.4180 4.6531 0.0598
4.7438 4.4452 4.6554 0.0551
4.7438 4.4452 4.6563 0.0551
4.7438 4.4452 4.6568 0.0553
4.7438 4.4452 4.6568 0.0553
4.7438 4.4452 4.6568 0.0553
4.7438 4.4452 4.6584 0.0541
4.7438 4.4452 4.6586 0.0542
4.7438 4.4452 4.6586 0.0542
4.7438 4.4452 4.6586 0.0542
4.7438 4.4452 4.6588 0.0543
4.7438 4.4452 4.6598 0.0542
4.7438 4.4452 4.6599 0.0542
4.7438 4.4452 4.6608 0.0540
4.7438 4.4452 4.6614 0.0544
4.7438 4.4452 4.6614 0.0544
4.7438 4.4452 4.6614 0.0544
4.7438 4.4452 4.6622 0.0543
4.7438 4.4452 4.6622 0.0543
4.7438 4.4452 4.6622 0.0543
4.7438 4.4452 4.6625 0.0545
4.7438 4.4452 4.6639 0.0534
4.7438 4.4452 4.6639 0.0534
4.7438 4.4452 4.6639 0.0534
4.7438 4.4452 4.6642 0.0536
4.7438 4.4452 4.6642 0.0536
4.7438 4.4452 4.6642 0.0536
4.7438 4.4452 4.6642 0.0536
4.7438 4.4452 4.6642 0.0536
4.7438 4.4452 4.6643 0.0536
4.7438 4.4452 4.6646 0.0536
4.7438 4.4452 4.6646 0.0536
4.7438 4.4452 4.6657 0.0528
4.7438 4.4452 4.6665 0.0532
4.7438 4.4452 4.6665 0.0532
4.7438 4.4452 4.6665 0.0532
4.7438 4.4452 4.6665 0.0532
4.7438 4.4452 4.6665 0.0532
4.7438 4.4452 4.6665 0.0532
4.7438 4.4452 4.6665 0.0532
4.7438 4.4452 4.6665 0.0532
4.7438 4.4452 4.6668 0.0533
4.7438 4.4452 4.6668 0.0533
4.7438 4.4452 4.6668 0.0533
4.7438 4.4452 4.6670 0.0531
4.7438 4.4452 4.6670 0.0531
4.7438 4.4452 4.6683 0.0523
4.7438 4.4452 4.6687 0.0524
4.7438 4.4452 4.6689 0.0525
4.7438 4.4452 4.6689 0.0525
4.7438 4.4452 4.6689 0.0525
4.7438 4.4452 4.6689 0.0525
4.7438 4.4452 4.6704 0.0509
4.7438 4.4452 4.6704 0.0509
4.7438 4.4452 4.6704 0.0509
4.7438 4.4452 4.6704 0.0509
4.7438 4.4452 4.6704 0.0509
4.7438 4.4452 4.6715 0.0502
4.7438 4.4452 4.6716 0.0502
4.7438 4.4452 4.6720 0.0503
4.7438 4.4452 4.6729 0.0498
4.7438 4.4452 4.6729 0.0498
4.7438 4.4452 4.6729 0.0498
4.7438 4.4452 4.6734 0.0498
4.7438 4.4452 4.6734 0.0498
4.7438 4.4452 4.6756 0.0459
4.7438 4.4452 4.6761 0.0460
4.7438 4.4452 4.6763 0.0461
4.7438 4.4452 4.6763 0.0461
4.7438 4.4452 4.6763 0.0461
4.7438 4.4452 4.6768 0.0464
4.7452 4.4452 4.6775 0.0471
4.7452 4.4452 4.6787 0.0457
4.7452 4.4452 4.6787 0.0457
4.7452 4.4452 4.6787 0.0457
4.7452 4.4452 4.6787 0.0457
4.7452 4.4452 4.6787 0.0457
4.7452 4.4452 4.6787 0.0457
4.7452 4.4452 4.6788 0.0458
4.7452 4.4452 4.6788 0.0458
4.7452 4.4452 4.6788 0.0458
4.7452 4.4452 4.6788 0.0458
4.7485 4.4452 4.6795 0.0463
4.7485 4.4452 4.6796 0.0463
4.7485 4.4452 4.6798 0.0464
4.7485 4.4452 4.6804 0.0466
4.7485 4.4452 4.6805 0.0467
4.7485 4.4452 4.6805 0.0467
4.7485 4.4452 4.6807 0.0468
4.7485 4.4452 4.6807 0.0468
4.7485 4.4452 4.6807 0.0468
4.7485 4.4452 4.6807 0.0468
4.7485 4.4452 4.6807 0.0468
4.7485 4.4452 4.6807 0.0468
4.7485 4.4452 4.6809 0.0468
4.7485 4.4452 4.6809 0.0468
4.7485 4.4452 4.6809 0.0468
4.7485 4.4452 4.6810 0.0469
4.7485 4.4452 4.6812 0.0469
4.7485 4.4452 4.6814 0.0470
4.7485 4.4452 4.6816 0.0469
4.7485 4.4452 4.6822 0.0473
4.7485 4.4452 4.6822 0.0473
4.7485 4.4452 4.6822 0.0473
4.7485 4.4452 4.6827 0.0474
4.7485 4.4452 4.6830 0.0474
4.7485 4.4452 4.6830 0.0474
4.7485 4.4452 4.6831 0.0474
4.7485 4.4452 4.6832 0.0474
4.7485 4.4452 4.6832 0.0474
4.7485 4.4452 4.6832 0.0474
4.7485 4.4452 4.6832 0.0474
4.7485 4.4452 4.6834 0.0475
4.7485 4.4452 4.6837 0.0477
4.7485 4.4452 4.6837 0.0477
4.7485 4.4452 4.6838 0.0478
4.7485 4.4452 4.6843 0.0478
4.7485 4.4452 4.6844 0.0479
4.7485 4.4452 4.6845 0.0479
4.7485 4.4452 4.6845 0.0479
4.7485 4.4452 4.6845 0.0479
4.7485 4.4452 4.6845 0.0479
4.7485 4.4452 4.6848 0.0477
4.7485 4.4452 4.6848 0.0477
4.7485 4.4452 4.6848 0.0477
4.7485 4.4452 4.6848 0.0477
4.7485 4.4452 4.6852 0.0478
4.7485 4.4452 4.6852 0.0478
4.7485 4.4452 4.6852 0.0478
4.7485 4.4452 4.6854 0.0479
4.7485 4.4983 4.6874 0.0416
4.7485 4.4983 4.6877 0.0417
4.7485 4.4983 4.6877 0.0417
4.7485 4.4983 4.6879 0.0417
4.7485 4.4983 4.6879 0.0417
4.7485 4.4983 4.6879 0.0417
4.7485 4.4983 4.6879 0.0417
4.7485 4.4983 4.6879 0.0417
4.7485 4.4983 4.6879 0.0417
4.7485 4.4983 4.6879 0.0417
4.7485 4.4983 4.6883 0.0417
4.7485 4.4983 4.6883 0.0417
4.7485 4.4983 4.6885 0.0418
4.7485 4.4983 4.6885 0.0418
4.7485 4.4983 4.6885 0.0418
4.7485 4.4983 4.6885 0.0418
4.7485 4.4983 4.6885 0.0418
4.7485 4.4983 4.6885 0.0418
4.7485 4.4983 4.6885 0.0418
4.7485 4.4983 4.6885 0.0418
4.8757 4.4983 4.6908 0.0454
4.8757 4.4983 4.6910 0.0455
4.8757 4.4983 4.6912 0.0455
4.8757 4.4983 4.6914 0.0456
4.8757 4.4983 4.6924 0.0457
4.8757 4.4983 4.6924 0.0457
4.8757 4.4983 4.6924 0.0457
4.8757 4.4983 4.6925 0.0457
4.8757 4.4983 4.6925 0.0457
4.8757 4.4983 4.6925 0.0457
4.8757 4.4983 4.6926 0.0458
4.8757 4.4983 4.6927 0.0458
4.8757 4.4983 4.6935 0.0457
4.8757 4.4983 4.6936 0.0457
4.8757 4.4983 4.6936 0.0457
4.8757 4.4983 4.6936 0.0457
4.8757 4.4983 4.6940 0.0460
4.8757 4.4983 4.6941 0.0460
4.8757 4.4983 4.6946 0.0449
4.8757 4.4983 4.6946 0.0449
4.8757 4.4983 4.6946 0.0449
4.8757 4.4983 4.6946 0.0449
4.8757 4.4983 4.6948 0.0450
4.8757 4.4983 4.6948 0.0450
4.8757 4.4983 4.6951 0.0454
4.8757 4.4983 4.6952 0.0454
4.8757 4.4983 4.6952 0.0454
4.8757 4.4983 4.6952 0.0454
4.8757 4.4983 4.6954 0.0453
4.8757 4.4983 4.6967 0.0457
4.8757 4.4983 4.6968 0.0457
4.8757 4.4983 4.6968 0.0457
4.8757 4.4983 4.6968 0.0457
4.8757 4.4983 4.6978 0.0442
4.8757 4.4983 4.6981 0.0443
4.8757 4.4983 4.6996 0.0413
4.8757 4.4983 4.7000 0.0410
4.8757 4.4983 4.7000 0.0410
4.8757 4.4983 4.7003 0.0411
4.8757 4.4983 4.7003 0.0411
4.8757 4.4983 4.7008 0.0408
4.8757 4.4983 4.7010 0.0407
4.8757 4.4983 4.7010 0.0407
4.8757 4.4983 4.7010 0.0407
4.8757 4.4983 4.7014 0.0410
4.8757 4.4983 4.7014 0.0410
4.8757 4.4983 4.7014 0.0410
4.8757 4.4983 4.7016 0.0409
4.8757 4.4983 4.7021 0.0414
4.8757 4.4983 4.7021 0.0414
4.8757 4.4983 4.7021 0.0414
4.8757 4.4983 4.7022 0.0414
4.8757 4.4983 4.7022 0.0414
4.8757 4.4983 4.7022 0.0414
4.8757 4.4983 4.7022 0.0414
4.8757 4.4983 4.7025 0.0414
4.8757 4.4983 4.7026 0.0415
4.8757 4.4983 4.7028 0.0415
4.8757 4.4983 4.7030 0.0416
4.8757 4.4983 4.7031 0.0416
4.8757 4.4983 4.7033 0.0416
4.8757 4.4983 4.7039 0.0419
4.8757 4.4983 4.7039 0.0419
4.8757 4.5396 4.7054 0.0369
4.8757 4.5396 4.7054 0.0369
4.8757 4.5396 4.7054 0.0369
4.8757 4.5396 4.7055 0.0370
4.8757 4.5396 4.7055 0.0370
4.8757 4.5396 4.7067 0.0344
4.8757 4.5396 4.7067 0.0344
4.8757 4.5396 4.7067 0.0344
4.8757 4.5396 4.7067 0.0344
4.8757 4.5396 4.7070 0.0342
4.8757 4.5396 4.7085 0.0381
4.8757 4.5396 4.7088 0.0379
4.8757 4.5396 4.7088 0.0379
4.8757 4.5396 4.7090 0.0380
4.8757 4.5396 4.7092 0.0378
4.8757 4.5396 4.7095 0.0376
4.8757 4.5396 4.7098 0.0376
4.8757 4.5396 4.7098 0.0376
4.8757 4.5396 4.7117 0.0410
4.8757 4.5396 4.7117 0.0410
4.8757 4.5396 4.7121 0.0410
4.8757 4.5396 4.7121 0.0410
4.8757 4.5396 4.7121 0.0410
4.8757 4.5396 4.7125 0.0413
4.8757 4.5396 4.7125 0.0413
4.8757 4.5396 4.7125 0.0413
4.8757 4.5396 4.7128 0.0412
4.8757 4.5396 4.7128 0.0412
4.8757 4.5396 4.7133 0.0413
4.8757 4.5396 4.7133 0.0413
4.8757 4.5396 4.7133 0.0413
4.8757 4.5396 4.7133 0.0413
4.8757 4.5396 4.7133 0.0413
4.8757 4.5396 4.7133 0.0413
4.8757 4.5396 4.7133 0.0413
4.8757 4.5396 4.7135 0.0411
4.8757 4.5396 4.7136 0.0411
4.8757 4.5396 4.7136 0.0411
4.8757 4.5396 4.7136 0.0411
4.8757 4.5396 4.7136 0.0411
4.8757 4.5396 4.7137 0.0411
4.8757 4.5396 4.7137 0.0411
4.8757 4.5396 4.7139 0.0411
4.8757 4.5396 4.7143 0.0411
4.8757 4.5396 4.7144 0.0411
4.8757 4.5396 4.7144 0.0411
4.8757 4.5396 4.7144 0.0411
4.8780 4.5396 4.7162 0.0442
4.8780 4.5396 4.7162 0.0442
4.8780 4.5396 4.7164 0.0442
4.8780 4.5396 4.7164 0.0441
4.8780 4.6371 4.7176 0.0408
4.8780 4.6371 4.7180 0.0405
4.8780 4.6371 4.7181 0.0404
4.8780 4.6371 4.7181 0.0405
4.8780 4.6371 4.7181 0.0405
4.8780 4.6371 4.7181 0.0405
4.8780 4.6371 4.7182 0.0404
4.8780 4.6371 4.7184 0.0405
4.8780 4.6371 4.7186 0.0406
4.8780 4.6371 4.7186 0.0406
4.8780 4.6371 4.7187 0.0405
4.8780 4.6371 4.7187 0.0405
4.8780 4.6371 4.7187 0.0405
4.8780 4.6371 4.7187 0.0405
4.8780 4.6371 4.7187 0.0405
4.8780 4.6371 4.7188 0.0404
4.8780 4.6371 4.7188 0.0404
4.8780 4.6371 4.7193 0.0405
4.8780 4.6371 4.7198 0.0405
4.8780 4.6371 4.7201 0.0404
4.8780 4.6371 4.7201 0.0404
4.8780 4.6371 4.7201 0.0404
4.8780 4.6371 4.7201 0.0404
4.8780 4.6371 4.7201 0.0404
4.8780 4.6371 4.7201 0.0404
4.8780 4.6371 4.7201 0.0404
4.8780 4.6371 4.7201 0.0404
4.8780 4.6371 4.7205 0.0401
4.8780 4.6371 4.7211 0.0406
4.8780 4.6371 4.7211 0.0406
4.8780 4.6371 4.7212 0.0406
4.8780 4.6371 4.7214 0.0406
4.8780 4.6371 4.7214 0.0406
4.8780 4.6371 4.7214 0.0406
4.8780 4.6371 4.7217 0.0405
4.8780 4.6371 4.7220 0.0406
4.8780 4.6371 4.7221 0.0406
4.8780 4.6371 4.7221 0.0406
4.8780 4.6371 4.7223 0.0405
4.8780 4.6371 4.7223 0.0405
4.8780 4.6371 4.7224 0.0404
4.8780 4.6371 4.7224 0.0404
4.8780 4.6371 4.7224 0.0404
4.8780 4.6371 4.7224 0.0404
4.8780 4.6371 4.7224 0.0404
4.8780 4.6371 4.7224 0.0404
4.8780 4.6371 4.7224 0.0404
4.8780 4.6371 4.7229 0.0407
4.8780 4.6371 4.7229 0.0407
4.8780 4.6371 4.7229 0.0407
4.8780 4.6371 4.7231 0.0407
4.8780 4.6371 4.7231 0.0407
4.8780 4.6371 4.7231 0.0407
4.8780 4.6371 4.7234 0.0406
4.8780 4.6371 4.7240 0.0405
4.8780 4.6371 4.7253 0.0424
4.8780 4.6371 4.7253 0.0424
4.8780 4.6371 4.7255 0.0424
4.8780 4.6371 4.7255 0.0424
4.8780 4.6371 4.7260 0.0424
4.8780 4.6371 4.7260 0.0424
4.8780 4.6371 4.7262 0.0424
4.8780 4.6371 4.7262 0.0424
4.8780 4.6371 4.7262 0.0424
4.8780 4.6371 4.7262 0.0424
4.8780 4.6371 4.7262 0.0424
4.8780 4.6371 4.7262 0.0424
4.8780 4.6371 4.7263 0.0425
4.8780 4.6371 4.7267 0.0425
4.8780 4.6371 4.7275 0.0426
4.8780 4.6371 4.7277 0.0426
4.8780 4.6371 4.7281 0.0424
4.8780 4.6371 4.7281 0.0424
4.8780 4.6371 4.7292 0.0421
4.8780 4.6371 4.7292 0.0421
4.8780 4.6371 4.7292 0.0421
4.8780 4.6371 4.7292 0.0421
4.8780 4.6371 4.7298 0.0419
4.8780 4.6371 4.7300 0.0419
4.8780 4.6371 4.7307 0.0415
4.8780 4.6371 4.7307 0.0415
4.8780 4.6371 4.7307 0.0415
4.8780 4.6371 4.7308 0.0415
4.8780 4.6371 4.7308 0.0415
4.8780 4.6371 4.7311 0.0414
4.8780 4.6371 4.7325 0.0430
4.8780 4.6371 4.7329 0.0430
4.8780 4.6371 4.7329 0.0430
4.8780 4.6371 4.7341 0.0452
4.8780 4.6371 4.7341 0.0452
4.8780 4.6371 4.7341 0.0452
4.8780 4.6371 4.7343 0.0451
4.8780 4.6371 4.7343 0.0451
4.8780 4.6371 4.7343 0.0451
4.8780 4.6371 4.7343 0.0451
4.8780 4.6371 4.7344 0.0451
4.8780 4.6371 4.7345 0.0451
4.8780 4.6371 4.7345 0.0451
4.8780 4.6371 4.7345 0.0451
4.8780 4.6371 4.7346 0.0451
4.8780 4.6371 4.7346 0.0451
4.8780 4.6371 4.7346 0.0451
4.8780 4.6371 4.7346 0.0451
4.8780 4.6371 4.7350 0.0447
4.8780 4.6371 4.7368 0.0466
4.8780 4.6371 4.7368 0.0465
4.8780 4.6371 4.7373 0.0463
4.8780 4.6371 4.7374 0.0464
4.8780 4.6371 4.7376 0.0462
4.8780 4.6371 4.7380 0.0461
4.8780 4.6371 4.7381 0.0460
4.8780 4.6371 4.7386 0.0458
4.8780 4.6371 4.7389 0.0457
4.8780 4.6371 4.7399 0.0469
4.8780 4.6371 4.7406 0.0466
4.8780 4.6371 4.7411 0.0467
4.8780 4.6371 4.7412 0.0467
4.8780 4.6371 4.7413 0.0467
4.8780 4.6371 4.7418 0.0468
4.8780 4.6371 4.7424 0.0466
4.8780 4.6371 4.7426 0.0466
4.8780 4.6371 4.7426 0.0466
4.8780 4.6371 4.7426 0.0466
4.8780 4.6371 4.7426 0.0466
4.8780 4.6371 4.7444 0.0484
4.8780 4.6371 4.7444 0.0484
4.8780 4.6371 4.7444 0.0484
4.8780 4.6371 4.7444 0.0484
4.8780 4.6371 4.7444 0.0484
4.8780 4.6371 4.7444 0.0484
4.8780 4.6371 4.7444 0.0484
4.8780 4.6371 4.7444 0.0484
4.8780 4.6371 4.7446 0.0485
4.8780 4.6371 4.7448 0.0484
4.8780 4.6371 4.7448 0.0484
4.8780 4.6371 4.7450 0.0483
4.8780 4.6371 4.7451 0.0482
4.8780 4.6371 4.7451 0.0482
4.8780 4.6371 4.7451 0.0482
4.8780 4.6371 4.7451 0.0482
4.8780 4.6371 4.7451 0.0482
4.8780 4.6371 4.7461 0.0492
4.8780 4.6371 4.7474 0.0500
4.8780 4.6371 4.7476 0.0498
4.8780 4.6371 4.7476 0.0498
4.8780 4.6371 4.7476 0.0498
4.8780 4.6371 4.7476 0.0498
4.8780 4.6371 4.7485 0.0498
4.9494 4.6371 4.7492 0.0521
4.9494 4.6371 4.7492 0.0521
4.9494 4.6371 4.7495 0.0520
4.9494 4.6371 4.7497 0.0519
4.9494 4.6371 4.7499 0.0520
4.9494 4.6371 4.7499 0.0520
4.9494 4.6371 4.7502 0.0518
4.9494 4.6371 4.7502 0.0518
4.9494 4.6371 4.7502 0.0518
4.9494 4.6371 4.7514 0.0530
4.9494 4.6371 4.7514 0.0530
4.9494 4.6371 4.7524 0.0538
4.9494 4.6371 4.7524 0.0538
4.9494 4.6371 4.7524 0.0538
4.9494 4.6371 4.7524 0.0538
4.9494 4.6371 4.7534 0.0546
4.9494 4.6371 4.7534 0.0546
4.9494 4.6371 4.7538 0.0547
4.9494 4.6371 4.7540 0.0546
4.9494 4.6371 4.7540 0.0546
4.9494 4.6371 4.7540 0.0546
4.9494 4.6371 4.7552 0.0552
4.9494 4.6371 4.7552 0.0551
4.9494 4.6371 4.7552 0.0551
4.9494 4.6371 4.7552 0.0551
4.9494 4.6371 4.7560 0.0551
4.9494 4.6371 4.7560 0.0551
4.9494 4.6371 4.7560 0.0551
4.9494 4.6371 4.7564 0.0550
4.9494 4.6371 4.7564 0.0550
4.9494 4.6371 4.7568 0.0548
4.9494 4.6371 4.7571 0.0548
4.9494 4.6371 4.7571 0.0548
4.9494 4.6371 4.7574 0.0550
4.9494 4.6371 4.7574 0.0550
4.9494 4.6371 4.7574 0.0550
4.9494 4.6371 4.7580 0.0546
4.9494 4.6371 4.7580 0.0546
4.9494 4.6371 4.7580 0.0546
4.9494 4.6371 4.7580 0.0546
4.9494 4.6371 4.7580 0.0546
4.9494 4.6371 4.7581 0.0546
4.9494 4.6371 4.7582 0.0545
4.9494 4.6371 4.7593 0.0550
4.9494 4.6371 4.7596 0.0549
4.9494 4.6371 4.7596 0.0549
4.9494 4.6371 4.7599 0.0547
4.9494 4.6371 4.7609 0.0535
4.9494 4.6371 4.7609 0.0535
4.9494 4.6371 4.7611 0.0536
4.9494 4.6371 4.7611 0.0536
4.9494 4.6371 4.7611 0.0536
4.9494 4.6371 4.7613 0.0535
4.9494 4.6371 4.7613 0.0535
4.9494 4.6371 4.7613 0.0535
4.9494 4.6371 4.7613 0.0534
4.9494 4.6371 4.7614 0.0534
4.9494 4.6371 4.7635 0.0564
4.9494 4.6371 4.7637 0.0564
4.9494 4.6371 4.7637 0.0564
4.9494 4.6371 4.7637 0.0564
4.9494 4.6371 4.7637 0.0564
4.9494 4.6371 4.7645 0.0566
4.9494 4.6371 4.7645 0.0566
4.9494 4.6371 4.7646 0.0566
4.9494 4.6371 4.7647 0.0565
4.9494 4.6371 4.7647 0.0565
4.9494 4.6371 4.7647 0.0566
4.9494 4.6371 4.7648 0.0566
4.9494 4.6371 4.7648 0.0566
4.9494 4.6371 4.7648 0.0566
4.9494 4.6371 4.7652 0.0565
4.9494 4.6371 4.7661 0.0560
4.9494 4.6371 4.7661 0.0560
4.9494 4.6371 4.7669 0.0562
4.9494 4.6371 4.7681 0.0571
4.9494 4.6371 4.7681 0.0571
4.9494 4.6371 4.7681 0.0571
4.9494 4.6371 4.7685 0.0576
4.9494 4.6371 4.7687 0.0574
4.9494 4.6371 4.7687 0.0574
4.9494 4.6371 4.7689 0.0575
4.9494 4.6371 4.7692 0.0572
4.9494 4.6371 4.7695 0.0570
4.9494 4.6371 4.7698 0.0569
4.9494 4.6371 4.7698 0.0569
4.9494 4.6371 4.7698 0.0569
4.9494 4.6371 4.7712 0.0578
4.9494 4.6371 4.7716 0.0577
4.9494 4.6371 4.7716 0.0577
4.9494 4.6371 4.7716 0.0577
4.9494 4.6371 4.7716 0.0577
4.9494 4.6371 4.7716 0.0577
4.9494 4.6371 4.7725 0.0581
4.9494 4.6371 4.7726 0.0580
4.9494 4.6371 4.7740 0.0588
4.9494 4.6371 4.7742 0.0586
4.9494 4.6371 4.7746 0.0590
4.9494 4.6371 4.7746 0.0590
4.9494 4.6371 4.7746 0.0590
4.9494 4.6371 4.7746 0.0590
4.9494 4.6675 4.7760 0.0574
4.9494 4.6675 4.7760 0.0574
4.9494 4.6675 4.7764 0.0572
4.9494 4.6675 4.7764 0.0572
4.9494 4.6675 4.7771 0.0568
4.9494 4.6675 4.7776 0.0566
4.9494 4.6675 4.7776 0.0566
4.9494 4.6675 4.7776 0.0566
4.9494 4.6675 4.7776 0.0566
4.9494 4.6675 4.7776 0.0566
4.9494 4.6675 4.7778 0.0565
4.9494 4.6675 4.7789 0.0567
4.9494 4.6675 4.7791 0.0570
4.9494 4.6675 4.7794 0.0572
4.9494 4.6675 4.7794 0.0572
4.9494 4.6929 4.7799 0.0564
4.9494 4.6929 4.7799 0.0564
4.9494 4.6929 4.7799 0.0564
4.9494 4.6929 4.7801 0.0563
4.9494 4.6929 4.7801 0.0563
4.9494 4.6929 4.7811 0.0570
4.9494 4.6929 4.7811 0.0570
4.9494 4.6929 4.7822 0.0576
4.9494 4.6929 4.7822 0.0576
4.9494 4.6929 4.7823 0.0578
4.9494 4.6929 4.7823 0.0578
4.9494 4.6929 4.7823 0.0578
4.9494 4.6929 4.7827 0.0576
4.9494 4.6929 4.7827 0.0576
4.9494 4.6929 4.7827 0.0576
4.9494 4.6929 4.7827 0.0576
4.9494 4.6929 4.7827 0.0576
4.9494 4.6929 4.7838 0.0583
4.9494 4.6929 4.7838 0.0583
4.9494 4.6929 4.7839 0.0581
4.9494 4.6929 4.7845 0.0584
4.9494 4.6929 4.7845 0.0584
4.9494 4.6929 4.7845 0.0584
4.9494 4.6929 4.7848 0.0584
4.9494 4.6929 4.7848 0.0584
4.9494 4.6929 4.7848 0.0584
4.9494 4.6929 4.7851 0.0584
4.9494 4.6929 4.7851 0.0584
4.9494 4.6929 4.7856 0.0585
4.9494 4.6929 4.7857 0.0584
4.9494 4.6929 4.7857 0.0584
4.9494 4.6929 4.7868 0.0591
4.9494 4.6929 4.7870 0.0589
4.9494 4.6929 4.7878 0.0598
4.9494 4.6929 4.7878 0.0598
4.9494 4.6929 4.7896 0.0602
4.9507 4.6929 4.7907 0.0621
4.9507 4.6929 4.7923 0.0622
4.9507 4.6929 4.7923 0.0622
4.9507 4.6929 4.7923 0.0622
4.9507 4.6929 4.7923 0.0622
4.9507 4.6929 4.7936 0.0626
4.9507 4.6929 4.7949 0.0630
4.9507 4.6929 4.7949 0.0630
4.9507 4.6929 4.7955 0.0626
4.9507 4.6929 4.7971 0.0639
4.9507 4.6929 4.7980 0.0643
4.9507 4.6929 4.7980 0.0643
4.9507 4.6929 4.7980 0.0643
4.9507 4.6929 4.7985 0.0640
4.9507 4.6929 4.7990 0.0647
4.9507 4.6929 4.7990 0.0647
4.9507 4.6929 4.7990 0.0647
4.9507 4.6929 4.7992 0.0645
4.9507 4.6929 4.7996 0.0642
4.9507 4.6929 4.7996 0.0642
4.9507 4.6929 4.7999 0.0644
4.9507 4.6929 4.7999 0.0644
4.9507 4.6929 4.8012 0.0645
4.9507 4.6929 4.8014 0.0643
4.9507 4.6929 4.8014 0.0643
4.9507 4.6929 4.8015 0.0643
4.9507 4.6929 4.8015 0.0643
4.9507 4.6971 4.8017 0.0640
4.9507 4.6971 4.8017 0.0640
4.9507 4.6971 4.8026 0.0640
4.9507 4.7132 4.8032 0.0633
4.9507 4.7132 4.8048 0.0632
4.9507 4.7132 4.8049 0.0632
4.9552 4.7132 4.8049 0.0633
4.9552 4.7132 4.8049 0.0633
4.9552 4.7132 4.8049 0.0633
4.9552 4.7132 4.8049 0.0633
4.9552 4.7132 4.8054 0.0639
4.9552 4.7132 4.8054 0.0639
4.9552 4.7132 4.8056 0.0637
4.9552 4.7132 4.8059 0.0635
4.9552 4.7132 4.8059 0.0636
4.9552 4.7132 4.8059 0.0636
4.9552 4.7132 4.8059 0.0636
4.9552 4.7132 4.8062 0.0638
4.9552 4.7132 4.8065 0.0639
4.9552 4.7132 4.8065 0.0639
4.9552 4.7160 4.8081 0.0636
4.9552 4.7160 4.8099 0.0643
4.9552 4.7160 4.8099 0.0643
4.9552 4.7160 4.8099 0.0643
4.9552 4.7160 4.8109 0.0645
4.9552 4.7160 4.8109 0.0645
4.9552 4.7160 4.8113 0.0648
4.9552 4.7160 4.8113 0.0648
4.9552 4.7160 4.8124 0.0644
4.9552 4.7160 4.8125 0.0644
4.9552 4.7160 4.8128 0.0649
4.9552 4.7160 4.8138 0.0662
4.9552 4.7160 4.8144 0.0662
4.9552 4.7160 4.8164 0.0670
4.9552 4.7160 4.8164 0.0670
4.9552 4.7160 4.8179 0.0671
4.9552 4.7160 4.8188 0.0682
4.9552 4.7160 4.8188 0.0682
4.9552 4.7160 4.8193 0.0679
4.9552 4.7160 4.8193 0.0679
4.9552 4.7160 4.8211 0.0677
4.9552 4.7160 4.8211 0.0677
4.9552 4.7160 4.8211 0.0677
4.9552 4.7160 4.8211 0.0677
4.9552 4.7160 4.8211 0.0677
4.9552 4.7160 4.8211 0.0677
4.9552 4.7160 4.8213 0.0678
4.9552 4.7160 4.8216 0.0680
4.9552 4.7160 4.8216 0.0680
4.9552 4.7160 4.8216 0.0680
4.9552 4.7160 4.8223 0.0677
4.9552 4.7160 4.8229 0.0683
4.9552 4.7160 4.8229 0.0683
4.9552 4.7160 4.8229 0.0683
4.9552 4.7160 4.8229 0.0683
4.9552 4.7160 4.8229 0.0683
4.9552 4.7160 4.8229 0.0683
4.9552 4.7160 4.8229 0.0683
4.9552 4.7160 4.8229 0.0683
4.9552 4.7160 4.8236 0.0679
4.9552 4.7160 4.8236 0.0679
4.9552 4.7160 4.8236 0.0679
4.9552 4.7160 4.8241 0.0675
4.9552 4.7160 4.8241 0.0675
4.9552 4.7160 4.8241 0.0675
4.9552 4.7160 4.8249 0.0685
4.9552 4.7160 4.8252 0.0690
4.9552 4.7160 4.8252 0.0690
4.9552 4.7160 4.8263 0.0687
4.9552 4.7160 4.8265 0.0686
4.9552 4.7160 4.8267 0.0684
4.9552 4.7160 4.8267 0.0684
4.9552 4.7160 4.8277 0.0680
4.9552 4.7160 4.8279 0.0682
4.9552 4.7160 4.8287 0.0691
4.9552 4.7160 4.8292 0.0692
4.9552 4.7160 4.8292 0.0692
4.9552 4.7160 4.8294 0.0693
4.9552 4.7160 4.8295 0.0693
4.9552 4.7160 4.8309 0.0686
4.9552 4.7160 4.8309 0.0686
4.9552 4.7187 4.8325 0.0677
4.9552 4.7187 4.8334 0.0673
4.9552 4.7187 4.8341 0.0682
4.9552 4.7187 4.8344 0.0678
4.9552 4.7187 4.8362 0.0684
4.9552 4.7187 4.8363 0.0685
4.9552 4.7187 4.8365 0.0685
4.9552 4.7187 4.8365 0.0685
4.9552 4.7187 4.8387 0.0689
4.9552 4.7187 4.8388 0.0689
4.9552 4.7187 4.8388 0.0689
4.9552 4.7187 4.8406 0.0695
4.9552 4.7187 4.8406 0.0695
4.9552 4.7187 4.8406 0.0695
4.9552 4.7187 4.8412 0.0701
4.9552 4.7187 4.8419 0.0696
4.9552 4.7187 4.8434 0.0696
4.9552 4.7187 4.8437 0.0695
4.9552 4.7187 4.8451 0.0689
4.9552 4.7187 4.8451 0.0689
4.9552 4.7187 4.8470 0.0693
4.9552 4.7187 4.8478 0.0692
4.9552 4.7187 4.8481 0.0695
4.9552 4.7187 4.8483 0.0691
4.9552 4.7187 4.8501 0.0695
4.9552 4.7187 4.8501 0.0695
4.9552 4.7187 4.8504 0.0698
4.9552 4.7187 4.8504 0.0698
4.9552 4.7187 4.8504 0.0698
4.9552 4.7187 4.8516 0.0690
4.9552 4.7187 4.8516 0.0690
4.9552 4.7187 4.8516 0.0690
4.9552 4.7187 4.8518 0.0691
4.9552 4.7187 4.8518 0.0691
4.9552 4.7187 4.8522 0.0694
4.9552 4.7187 4.8537 0.0693
4.9552 4.7187 4.8538 0.0692
4.9552 4.7187 4.8538 0.0692
4.9552 4.7187 4.8542 0.0692
4.9552 4.7187 4.8544 0.0693
4.9552 4.7187 4.8546 0.0694
4.9552 4.7187 4.8546 0.0694
4.9552 4.7187 4.8546 0.0694
4.9552 4.7187 4.8546 0.0694
4.9552 4.7187 4.8546 0.0694
4.9552 4.7187 4.8569 0.0687
4.9552 4.7187 4.8588 0.0680
4.9552 4.7187 4.8593 0.0671
4.9552 4.7187 4.8593 0.0671
4.9552 4.7187 4.8604 0.0666
4.9552 4.7187 4.8604 0.0666
4.9552 4.7187 4.8604 0.0666
4.9552 4.7187 4.8615 0.0660
4.9552 4.7187 4.8615 0.0660
4.9552 4.7333 4.8631 0.0644
4.9552 4.7333 4.8631 0.0644
4.9552 4.7333 4.8631 0.0644
4.9552 4.7333 4.8633 0.0645
4.9552 4.7333 4.8633 0.0645
4.9552 4.7333 4.8633 0.0645
4.9552 4.7333 4.8633 0.0645
4.9552 4.7333 4.8633 0.0645
4.9552 4.7333 4.8633 0.0645
4.9552 4.7333 4.8640 0.0640
4.9552 4.7333 4.8645 0.0645
4.9552 4.7333 4.8653 0.0641
4.9552 4.7333 4.8653 0.0641
4.9552 4.7333 4.8663 0.0634
4.9552 4.7333 4.8670 0.0627
4.9552 4.7333 4.8676 0.0632
4.9552 4.7333 4.8676 0.0632
4.9552 4.7333 4.8676 0.0632
4.9552 4.7333 4.8689 0.0636
4.9552 4.7333 4.8694 0.0636
4.9552 4.7333 4.8694 0.0636
4.9552 4.7333 4.8696 0.0638
4.9552 4.7333 4.8696 0.0638
4.9552 4.7333 4.8712 0.0626
4.9552 4.7333 4.8712 0.0626
4.9552 4.7333 4.8715 0.0628
4.9552 4.7333 4.8715 0.0628
4.9552 4.7333 4.8715 0.0628
4.9552 4.7333 4.8715 0.0628
4.9552 4.7333 4.8727 0.0616
4.9552 4.7333 4.8727 0.0616
4.9552 4.7333 4.8727 0.0616
4.9552 4.7333 4.8738 0.0607
4.9552 4.7333 4.8738 0.0607
4.9552 4.7333 4.8743 0.0599
4.9552 4.7333 4.8760 0.0594
4.9552 4.7333 4.8765 0.0598
4.9552 4.7333 4.8784 0.0593
4.9552 4.7333 4.8784 0.0593
4.9552 4.7333 4.8786 0.0596
4.9552 4.7333 4.8791 0.0594
4.9552 4.7333 4.8791 0.0594
4.9552 4.7333 4.8796 0.0593
4.9552 4.7333 4.8816 0.0582
4.9552 4.7333 4.8817 0.0582
4.9552 4.7333 4.8817 0.0582
4.9552 4.7333 4.8817 0.0582
4.9552 4.7333 4.8817 0.0582
4.9552 4.7333 4.8820 0.0585
4.9552 4.7333 4.8826 0.0577
4.9552 4.7333 4.8826 0.0577
4.9552 4.7333 4.8827 0.0577
4.9552 4.7333 4.8827 0.0577
4.9552 4.7333 4.8827 0.0577
4.9552 4.7333 4.8836 0.0581
4.9552 4.7333 4.8840 0.0582
4.9552 4.7333 4.8848 0.0586
4.9552 4.7333 4.8848 0.0586
4.9552 4.7333 4.8848 0.0586
4.9552 4.7333 4.8849 0.0586
4.9552 4.7333 4.8849 0.0586
4.9565 4.7333 4.8857 0.0590
4.9565 4.7333 4.8857 0.0591
4.9565 4.7333 4.8870 0.0575
4.9565 4.7333 4.8872 0.0575
4.9565 4.7333 4.8883 0.0577
4.9565 4.7333 4.8884 0.0577
4.9565 4.7333 4.8889 0.0580
4.9565 4.7333 4.8896 0.0580
4.9565 4.7333 4.8896 0.0580
4.9565 4.7333 4.8896 0.0580
4.9565 4.7333 4.8896 0.0580
4.9565 4.7333 4.8899 0.0582
4.9565 4.7333 4.8912 0.0564
4.9565 4.7333 4.8912 0.0564
4.9565 4.7333 4.8918 0.0566
4.9565 4.7333 4.8918 0.0566
4.9565 4.7333 4.8921 0.0569
4.9565 4.7333 4.8921 0.0569
4.9565 4.7333 4.8928 0.0559
4.9565 4.7333 4.8928 0.0559
4.9565 4.7333 4.8945 0.0550
4.9565 4.7333 4.8950 0.0550
4.9565 4.7333 4.8955 0.0550
4.9565 4.7333 4.8955 0.0550
4.9565 4.7333 4.8955 0.0550
4.9565 4.7693 4.8960 0.0538
4.9565 4.7693 4.8960 0.0539
4.9565 4.7693 4.8969 0.0541
4.9565 4.7693 4.8980 0.0536
4.9565 4.7693 4.8990 0.0535
4.9565 4.7693 4.8991 0.0536
4.9565 4.7693 4.8991 0.0536
4.9565 4.7693 4.8991 0.0536
4.9565 4.7693 4.8994 0.0534
4.9565 4.7693 4.9002 0.0536
4.9565 4.7693 4.9003 0.0536
4.9565 4.7693 4.9004 0.0536
4.9565 4.7693 4.9006 0.0535
4.9584 4.7693 4.9006 0.0536
4.9584 4.7693 4.9009 0.0537
4.9584 4.7693 4.9009 0.0537
4.9584 4.7693 4.9020 0.0536
4.9584 4.7693 4.9020 0.0536
4.9584 4.7693 4.9038 0.0522
4.9584 4.7693 4.9038 0.0522
4.9584 4.7693 4.9052 0.0516
4.9584 4.7693 4.9052 0.0516
4.9584 4.7693 4.9052 0.0516
4.9584 4.7693 4.9054 0.0518
4.9584 4.7693 4.9060 0.0520
4.9584 4.7693 4.9060 0.0520
4.9584 4.7693 4.9060 0.0520
4.9584 4.7693 4.9063 0.0519
4.9584 4.7693 4.9066 0.0519
4.9584 4.7693 4.9066 0.0519
4.9584 4.7693 4.9071 0.0514
4.9584 4.7693 4.9076 0.0515
4.9584 4.7693 4.9088 0.0502
4.9584 4.7693 4.9088 0.0502
4.9584 4.7693 4.9091 0.0501
4.9584 4.7693 4.9091 0.0501
4.9584 4.7693 4.9091 0.0501
4.9705 4.7693 4.9093 0.0503
4.9705 4.7693 4.9093 0.0503
4.9705 4.7693 4.9093 0.0503
4.9705 4.7693 4.9101 0.0504
4.9705 4.7693 4.9108 0.0492
4.9705 4.7693 4.9109 0.0493
4.9705 4.7693 4.9117 0.0493
4.9705 4.7693 4.9117 0.0493
4.9705 4.7693 4.9122 0.0489
4.9705 4.7693 4.9122 0.0489
4.9705 4.7693 4.9122 0.0489
4.9705 4.7693 4.9123 0.0490
4.9705 4.7693 4.9123 0.0490
4.9705 4.7693 4.9126 0.0491
4.9705 4.7693 4.9126 0.0491
4.9705 4.7693 4.9126 0.0491
4.9705 4.7693 4.9127 0.0491
4.9705 4.7693 4.9127 0.0491
4.9705 4.7693 4.9127 0.0491
4.9705 4.7693 4.9144 0.0474
4.9705 4.7693 4.9144 0.0474
4.9705 4.7693 4.9144 0.0474
4.9705 4.7693 4.9144 0.0474
4.9705 4.7693 4.9144 0.0474
4.9705 4.7693 4.9151 0.0474
4.9705 4.7693 4.9158 0.0474
4.9705 4.7693 4.9158 0.0474
4.9705 4.7693 4.9163 0.0475
4.9762 4.7693 4.9169 0.0479
4.9762 4.7693 4.9169 0.0479
4.9762 4.7693 4.9169 0.0479
4.9762 4.7693 4.9173 0.0480
4.9762 4.7693 4.9180 0.0480
4.9762 4.7693 4.9188 0.0480
4.9762 4.7693 4.9196 0.0479
4.9762 4.7693 4.9196 0.0479
4.9762 4.7693 4.9196 0.0479
4.9762 4.7693 4.9196 0.0479
4.9762 4.7693 4.9204 0.0478
4.9762 4.7693 4.9205 0.0479
4.9762 4.7693 4.9205 0.0479
4.9762 4.7693 4.9212 0.0478
4.9762 4.7693 4.9212 0.0478
5.0615 4.7693 4.9223 0.0497
5.0615 4.7693 4.9223 0.0497
5.0615 4.7693 4.9224 0.0497
5.0615 4.7693 4.9235 0.0482
5.0615 4.7693 4.9235 0.0482
5.0615 4.7693 4.9244 0.0479
5.0615 4.7693 4.9252 0.0477
5.0615 4.7693 4.9252 0.0477
5.0615 4.7693 4.9258 0.0477
5.0615 4.7693 4.9258 0.0477
5.0615 4.7693 4.9258 0.0477
5.0615 4.7693 4.9264 0.0477
5.0615 4.7693 4.9264 0.0477
5.0615 4.7693 4.9264 0.0477
5.0615 4.7693 4.9264 0.0477
5.0615 4.7693 4.9281 0.0450
5.0615 4.7693 4.9281 0.0450
5.0615 4.7693 4.9281 0.0450
5.0615 4.7693 4.9281 0.0450
5.0615 4.7693 4.9281 0.0450
5.0615 4.7693 4.9289 0.0448
5.0615 4.7693 4.9289 0.0448
5.0615 4.7693 4.9292 0.0448
5.0615 4.7693 4.9292 0.0449
5.0615 4.7693 4.9292 0.0449
5.0615 4.7693 4.9293 0.0449
5.0615 4.7693 4.9293 0.0449
5.0615 4.7693 4.9295 0.0451
5.0615 4.7693 4.9295 0.0451
5.0615 4.7693 4.9303 0.0447
5.0615 4.7693 4.9303 0.0447
5.0615 4.7693 4.9307 0.0447
5.0615 4.7693 4.9308 0.0447
5.0615 4.7693 4.9308 0.0447
5.0615 4.7693 4.9309 0.0448
5.0615 4.7693 4.9309 0.0448
5.0615 4.7693 4.9309 0.0448
5.0615 4.7693 4.9309 0.0448
5.0615 4.7693 4.9311 0.0445
5.0615 4.7693 4.9311 0.0445
5.0615 4.7693 4.9316 0.0445
5.0615 4.7693 4.9317 0.0445
5.0615 4.7693 4.9317 0.0445
5.0615 4.7693 4.9328 0.0463
5.0615 4.7693 4.9328 0.0463
5.0615 4.7693 4.9345 0.0437
5.0615 4.7693 4.9345 0.0437
5.0615 4.7693 4.9345 0.0437
5.0615 4.7693 4.9351 0.0433
5.0615 4.7693 4.9352 0.0433
5.0615 4.7693 4.9352 0.0433
5.0615 4.7693 4.9352 0.0433
5.0615 4.7693 4.9359 0.0443
5.0615 4.7693 4.9369 0.0440
5.0615 4.7693 4.9369 0.0440
5.0615 4.7693 4.9369 0.0440
5.0615 4.7693 4.9370 0.0440
5.0615 4.7693 4.9370 0.0440
5.0615 4.7693 4.9371 0.0440
5.0615 4.7693 4.9371 0.0440
5.0615 4.7693 4.9371 0.0440
5.0615 4.7693 4.9371 0.0440
5.0615 4.7693 4.9379 0.0430
5.0615 4.7693 4.9383 0.0429
5.0615 4.7693 4.9383 0.0429
5.0615 4.7693 4.9383 0.0429
5.0615 4.7693 4.9383 0.0429
5.0615 4.7693 4.9383 0.0429
5.0615 4.7693 4.9385 0.0430
5.0615 4.7693 4.9393 0.0438
5.0615 4.7693 4.9393 0.0438
5.0615 4.7693 4.9393 0.0438
5.0615 4.7693 4.9393 0.0438
5.0615 4.7693 4.9393 0.0438
5.0615 4.7693 4.9393 0.0438
5.0615 4.7693 4.9405 0.0428
5.0615 4.7693 4.9405 0.0428
5.0615 4.7693 4.9418 0.0412
5.0615 4.7693 4.9418 0.0412
5.0615 4.7693 4.9434 0.0386
5.0615 4.7693 4.9434 0.0386
5.0615 4.7693 4.9435 0.0387
5.0615 4.7693 4.9436 0.0384
5.0615 4.7693 4.9437 0.0384
5.0615 4.7693 4.9438 0.0384
5.0615 4.7693 4.9438 0.0384
5.0615 4.7693 4.9438 0.0384
5.0615 4.7693 4.9443 0.0384
5.0615 4.7693 4.9443 0.0384
5.0615 4.7693 4.9443 0.0384
5.0615 4.7693 4.9444 0.0384
5.0615 4.7693 4.9444 0.0384
5.0615 4.7693 4.9444 0.0384
5.0615 4.7693 4.9444 0.0384
5.0615 4.7693 4.9452 0.0377
5.0615 4.7693 4.9453 0.0377
5.0615 4.7693 4.9454 0.0377
5.0615 4.7693 4.9454 0.0377
5.0615 4.7693 4.9454 0.0377
5.0615 4.7693 4.9455 0.0378
5.0615 4.7693 4.9455 0.0378
5.0615 4.7693 4.9460 0.0375
5.0615 4.7693 4.9460 0.0375
5.0615 4.7693 4.9463 0.0376
5.0615 4.7693 4.9463 0.0376
5.0615 4.7693 4.9463 0.0376
5.0615 4.7693 4.9463 0.0376
5.0615 4.7693 4.9463 0.0376
5.0615 4.7693 4.9463 0.0376
5.0615 4.7693 4.9463 0.0376
5.0615 4.7693 4.9463 0.0376
5.0615 4.7693 4.9464 0.0376
5.0615 4.7693 4.9474 0.0393
5.0615 4.7693 4.9478 0.0393
5.0615 4.7693 4.9478 0.0393
5.0615 4.7693 4.9478 0.0393
5.0615 4.7693 4.9489 0.0409
5.0615 4.7693 4.9489 0.0409
5.0615 4.7693 4.9489 0.0409
5.0615 4.7693 4.9498 0.0396
5.0615 4.7693 4.9502 0.0395
5.0615 4.7693 4.9510 0.0388
5.0615 4.7693 4.9510 0.0388
5.0615 4.7693 4.9511 0.0388
5.0615 4.7693 4.9511 0.0388
5.0615 4.7693 4.9512 0.0388
5.0615 4.7693 4.9512 0.0388
5.0615 4.7693 4.9512 0.0388
5.0615 4.7693 4.9512 0.0388
5.0615 4.7693 4.9512 0.0388
5.0615 4.7693 4.9513 0.0389
5.0615 4.7693 4.9513 0.0389
5.0615 4.7693 4.9513 0.0389
5.0615 4.8353 4.9532 0.0343
5.0615 4.8353 4.9532 0.0343
5.0615 4.8353 4.9532 0.0343
5.0615 4.8353 4.9535 0.0345
5.0615 4.8353 4.9535 0.0345
5.0615 4.8353 4.9537 0.0346
5.0615 4.8353 4.9544 0.0336
5.0615 4.8353 4.9544 0.0336
5.0615 4.8353 4.9544 0.0336
5.0615 4.8353 4.9545 0.0336
5.0615 4.8353 4.9545 0.0336
5.0615 4.8353 4.9545 0.0336
5.0615 4.8353 4.9545 0.0336
5.0615 4.8353 4.9545 0.0336
5.0615 4.8353 4.9545 0.0336
5.0615 4.8353 4.9545 0.0336
5.0615 4.8353 4.9553 0.0331
5.0615 4.8353 4.9557 0.0330
5.0615 4.8353 4.9557 0.0330
5.0615 4.8353 4.9557 0.0330
5.0615 4.8353 4.9558 0.0330
5.0615 4.8353 4.9559 0.0330
5.0615 4.8353 4.9559 0.0330
5.0615 4.8353 4.9559 0.0330
5.0615 4.8353 4.9559 0.0330
5.0615 4.8353 4.9560 0.0330
5.0615 4.8353 4.9560 0.0330
5.0615 4.8353 4.9560 0.0330
5.0615 4.8353 4.9560 0.0330
5.0615 4.8353 4.9560 0.0330
5.0615 4.8353 4.9566 0.0321
5.0615 4.8353 4.9573 0.0312
5.0615 4.8353 4.9575 0.0311
5.0615 4.8353 4.9575 0.0311
5.0615 4.8353 4.9578 0.0310
5.0615 4.8353 4.9578 0.0310
5.0615 4.8353 4.9578 0.0310
5.0615 4.8353 4.9581 0.0311
5.0615 4.8353 4.9581 0.0311
5.0615 4.8353 4.9582 0.0311
5.0615 4.8353 4.9584 0.0311
5.0615 4.8353 4.9584 0.0311
5.0615 4.8353 4.9584 0.0311
5.0615 4.8353 4.9586 0.0310
5.0615 4.8353 4.9586 0.0310
5.0615 4.8353 4.9586 0.0310
5.0615 4.8353 4.9586 0.0310
5.0615 4.8353 4.9586 0.0310
5.0615 4.8353 4.9586 0.0310
5.0615 4.8353 4.9588 0.0310
5.0615 4.8353 4.9588 0.0310
5.0615 4.8353 4.9588 0.0310
5.0615 4.8353 4.9588 0.0310
5.0615 4.8353 4.9588 0.0310
5.0615 4.8353 4.9588 0.0310
5.0615 4.8353 4.9588 0.0310
5.0615 4.8353 4.9588 0.0310
5.0615 4.8353 4.9588 0.0310
5.0615 4.8353 4.9588 0.0310
5.0615 4.8353 4.9588 0.0310
5.0615 4.8353 4.9589 0.0310
5.0615 4.8353 4.9589 0.0310
5.0615 4.8353 4.9589 0.0310
5.0615 4.8353 4.9596 0.0300
5.0615 4.8353 4.9600 0.0301
5.0662 4.8353 4.9611 0.0319
5.0662 4.8353 4.9611 0.0319
5.0662 4.8353 4.9614 0.0320
5.0662 4.8353 4.9614 0.0320
5.0662 4.8353 4.9616 0.0320
5.0662 4.8353 4.9617 0.0319
5.0662 4.8353 4.9617 0.0319
5.0662 4.8353 4.9617 0.0319
5.0662 4.8353 4.9619 0.0319
5.0662 4.8353 4.9619 0.0319
5.0662 4.8353 4.9619 0.0319
5.0662 4.8353 4.9622 0.0320
5.0662 4.8353 4.9622 0.0320
5.0662 4.8353 4.9622 0.0320
5.0662 4.8353 4.9622 0.0320
5.0662 4.8353 4.9625 0.0320
5.0662 4.8353 4.9628 0.0320
5.0662 4.8353 4.9628 0.0320
5.0662 4.8353 4.9628 0.0320
5.0662 4.8353 4.9628 0.0320
5.0662 4.8353 4.9628 0.0320
5.0662 4.8353 4.9634 0.0313
5.0662 4.8353 4.9634 0.0313
5.0662 4.8353 4.9636 0.0313
5.0662 4.8353 4.9641 0.0319
5.0662 4.8353 4.9641 0.0319
5.0662 4.8353 4.9641 0.0319
5.0662 4.8353 4.9641 0.0319
5.0662 4.8353 4.9644 0.0314
5.0662 4.8353 4.9644 0.0314
5.0662 4.8353 4.9644 0.0314
5.0662 4.8353 4.9644 0.0314
5.0662 4.8353 4.9644 0.0314
5.0662 4.8353 4.9647 0.0314
5.0662 4.8353 4.9647 0.0314
5.0662 4.8353 4.9647 0.0314
5.0662 4.8353 4.9647 0.0314
5.0662 4.8353 4.9647 0.0314
5.0662 4.8353 4.9647 0.0314
5.0662 4.8353 4.9647 0.0313
5.0662 4.8353 4.9647 0.0313
5.0662 4.8353 4.9647 0.0313
5.0662 4.8353 4.9650 0.0314
5.0662 4.8353 4.9650 0.0314
5.0662 4.8353 4.9650 0.0314
5.0662 4.8353 4.9658 0.0320
5.0662 4.8353 4.9658 0.0320
5.0662 4.8353 4.9661 0.0320
5.0662 4.8353 4.9661 0.0320
5.0662 4.8353 4.9661 0.0320
5.0662 4.8353 4.9661 0.0320
5.0662 4.8353 4.9661 0.0320
5.0662 4.8353 4.9661 0.0320
5.0662 4.8353 4.9662 0.0320
5.0662 4.8353 4.9662 0.0320
5.0662 4.8353 4.9670 0.0333
5.0666 4.8353 4.9681 0.0347
5.0666 4.8353 4.9681 0.0347
5.0666 4.8353 4.9682 0.0347
5.0666 4.8353 4.9682 0.0348
5.0666 4.8353 4.9683 0.0348
5.0666 4.8353 4.9683 0.0347
5.0666 4.8353 4.9684 0.0347
5.0666 4.8353 4.9687 0.0347
5.0666 4.8353 4.9687 0.0347
5.0666 4.8353 4.9687 0.0347
5.0666 4.8353 4.9687 0.0347
5.0666 4.8353 4.9687 0.0347
5.0666 4.8353 4.9687 0.0347
5.0666 4.8353 4.9691 0.0349
5.0666 4.8353 4.9691 0.0349
5.0666 4.8353 4.9691 0.0349
5.0666 4.8353 4.9694 0.0348
5.0666 4.8353 4.9694 0.0348
5.0666 4.8353 4.9694 0.0348
5.0666 4.8353 4.9694 0.0348
5.0666 4.8353 4.9705 0.0361
5.0666 4.8353 4.9706 0.0361
5.0666 4.8353 4.9706 0.0361
5.0666 4.8353 4.9706 0.0361
5.0666 4.8353 4.9720 0.0369
5.0666 4.8353 4.9723 0.0368
5.0666 4.8353 4.9724 0.0368
5.0666 4.8353 4.9728 0.0369
5.0666 4.8353 4.9728 0.0369
5.0666 4.8353 4.9728 0.0369
5.0666 4.8353 4.9728 0.0369
5.0666 4.8353 4.9728 0.0369
5.0666 4.8353 4.9729 0.0370
5.0666 4.8353 4.9729 0.0370
5.0666 4.8353 4.9731 0.0369
5.0666 4.8353 4.9736 0.0366
5.0666 4.8353 4.9736 0.0366
5.0666 4.8353 4.9736 0.0366
5.0666 4.8353 4.9736 0.0366
5.0666 4.8353 4.9736 0.0366
5.0666 4.8353 4.9736 0.0366
5.0666 4.8353 4.9736 0.0366
5.0666 4.8353 4.9737 0.0366
5.0666 4.8353 4.9737 0.0366
5.0666 4.8353 4.9737 0.0366
5.0666 4.8353 4.9737 0.0366
5.0666 4.8353 4.9737 0.0365
5.0666 4.8353 4.9740 0.0365
5.0666 4.8353 4.9743 0.0365
5.0666 4.8353 4.9747 0.0365
5.0666 4.8353 4.9750 0.0365
5.0666 4.8353 4.9751 0.0365
5.0666 4.8353 4.9753 0.0365
5.0666 4.8353 4.9754 0.0366
5.0666 4.8353 4.9754 0.0366
5.0666 4.8353 4.9764 0.0354
5.0666 4.8353 4.9764 0.0353
5.0666 4.8353 4.9765 0.0353
5.0666 4.8353 4.9765 0.0353
5.0666 4.8353 4.9765 0.0353
5.0666 4.8353 4.9765 0.0353
5.0666 4.8353 4.9775 0.0363
5.0666 4.8353 4.9781 0.0369
5.0666 4.8353 4.9785 0.0369
5.0666 4.8353 4.9793 0.0376
5.0666 4.8353 4.9793 0.0376
5.0666 4.8353 4.9793 0.0376
5.0666 4.8353 4.9793 0.0376
5.0762 4.8353 4.9794 0.0378
5.0762 4.8353 4.9794 0.0378
5.0762 4.8353 4.9796 0.0378
5.0762 4.8353 4.9797 0.0378
5.0762 4.8353 4.9799 0.0378
5.0762 4.8353 4.9800 0.0378
5.0762 4.8353 4.9811 0.0385
5.0762 4.8353 4.9811 0.0385
5.0762 4.8353 4.9821 0.0393
5.0762 4.8353 4.9821 0.0393
5.0762 4.8353 4.9821 0.0393
5.0762 4.8353 4.9825 0.0392
5.0762 4.8353 4.9825 0.0392
5.0762 4.8353 4.9827 0.0392
5.0762 4.8353 4.9827 0.0392
5.0762 4.8353 4.9835 0.0400
5.0762 4.8353 4.9842 0.0401
5.0762 4.8353 4.9842 0.0401
5.0762 4.8353 4.9846 0.0401
5.0762 4.8353 4.9846 0.0401
5.0762 4.8353 4.9846 0.0401
5.0762 4.8353 4.9856 0.0407
5.0762 4.8353 4.9860 0.0408
5.0762 4.8353 4.9867 0.0415
5.0762 4.8353 4.9867 0.0415
5.0762 4.8353 4.9867 0.0415
5.0762 4.8353 4.9870 0.0413
5.0762 4.8353 4.9870 0.0413
5.0762 4.8353 4.9872 0.0413
5.0762 4.8353 4.9877 0.0416
5.0762 4.8353 4.9877 0.0416
5.0762 4.8353 4.9877 0.0416
5.0762 4.8353 4.9877 0.0416
5.0762 4.8353 4.9877 0.0416
5.0762 4.8353 4.9877 0.0416
5.0762 4.8353 4.9877 0.0416
5.0762 4.8353 4.9880 0.0415
5.0762 4.8353 4.9890 0.0421
5.0762 4.8353 4.9890 0.0421
5.0762 4.8353 4.9890 0.0421
5.0762 4.8353 4.9890 0.0421
5.0762 4.8353 4.9890 0.0421
5.0762 4.8353 4.9890 0.0421
5.0762 4.8353 4.9890 0.0421
5.0762 4.8353 4.9890 0.0421
5.0762 4.8353 4.9890 0.0422
5.0762 4.8353 4.9890 0.0422
5.0762 4.8353 4.9894 0.0420
5.0762 4.8353 4.9894 0.0420
5.0762 4.8353 4.9894 0.0420
5.0762 4.8353 4.9894 0.0420
5.0762 4.8353 4.9895 0.0420
5.0762 4.8353 4.9895 0.0420
5.0762 4.8353 4.9895 0.0420
5.0762 4.8353 4.9896 0.0419
5.0762 4.8353 4.9896 0.0419
5.0762 4.8353 4.9896 0.0419
5.0762 4.8353 4.9896 0.0419
5.0762 4.8353 4.9899 0.0418
5.0762 4.8353 4.9899 0.0418
5.0762 4.8353 4.9899 0.0418
5.0762 4.8353 4.9906 0.0425
5.0762 4.8353 4.9911 0.0424
5.0762 4.8353 4.9914 0.0424
5.0762 4.8353 4.9921 0.0423
5.0762 4.9231 4.9936 0.0393
5.0762 4.9231 4.9936 0.0393
5.0762 4.9231 4.9936 0.0394
5.0762 4.9231 4.9936 0.0394
5.0762 4.9231 4.9938 0.0393
5.0762 4.9231 4.9942 0.0394
5.0762 4.9231 4.9942 0.0394
5.0762 4.9231 4.9948 0.0400
5.0762 4.9231 4.9949 0.0399
5.0762 4.9231 4.9949 0.0399
5.0762 4.9231 4.9949 0.0399
5.0762 4.9231 4.9949 0.0399
5.0762 4.9231 4.9949 0.0399
5.0762 4.9231 4.9950 0.0398
5.0762 4.9231 4.9951 0.0399
5.0762 4.9231 4.9953 0.0400
5.0762 4.9231 4.9953 0.0400
5.0762 4.9231 4.9953 0.0400
5.0762 4.9231 4.9953 0.0400
5.0762 4.9231 4.9955 0.0399
5.0762 4.9231 4.9962 0.0399
5.0762 4.9351 4.9963 0.0397
5.0762 4.9351 4.9963 0.0397
5.0762 4.9351 4.9963 0.0397
5.0762 4.9351 4.9963 0.0397
5.0762 4.9351 4.9963 0.0397
5.0762 4.9351 4.9963 0.0397
5.0762 4.9351 4.9965 0.0397
5.0762 4.9351 4.9965 0.0397
5.0762 4.9351 4.9965 0.0397
5.0901 4.9351 4.9967 0.0401
5.0901 4.9351 4.9967 0.0401
5.0901 4.9351 4.9971 0.0403
5.0901 4.9351 4.9974 0.0401
5.0901 4.9351 4.9976 0.0399
5.0901 4.9351 4.9976 0.0399
5.0901 4.9351 4.9976 0.0399
5.0901 4.9351 4.9976 0.0399
5.0901 4.9351 4.9976 0.0399
5.0901 4.9351 4.9976 0.0399
5.0901 4.9351 4.9979 0.0405
5.0901 4.9351 4.9979 0.0405
5.0901 4.9351 4.9980 0.0404
5.0901 4.9351 4.9981 0.0404
5.0901 4.9351 4.9981 0.0404
5.0901 4.9351 4.9981 0.0404
5.0901 4.9351 4.9988 0.0403
5.0901 4.9351 4.9988 0.0403
5.0901 4.9351 4.9988 0.0403
5.0901 4.9351 4.9991 0.0401
5.0901 4.9351 4.9998 0.0406
5.0901 4.9351 4.9998 0.0406
5.0901 4.9351 5.0003 0.0407
5.0901 4.9351 5.0003 0.0407
5.0901 4.9351 5.0008 0.0407
5.0901 4.9351 5.0009 0.0406
5.0901 4.9351 5.0009 0.0406
5.0901 4.9351 5.0010 0.0408
5.0901 4.9351 5.0020 0.0414
5.0901 4.9351 5.0020 0.0414
5.0901 4.9351 5.0024 0.0411
5.0901 4.9351 5.0028 0.0412
5.0901 4.9351 5.0030 0.0409
5.0901 4.9351 5.0031 0.0409
5.0901 4.9351 5.0035 0.0414
5.0901 4.9351 5.0035 0.0414
5.0901 4.9351 5.0037 0.0417
5.0904 4.9351 5.0037 0.0417
5.0904 4.9351 5.0037 0.0416
5.0904 4.9351 5.0037 0.0416
5.0904 4.9351 5.0039 0.0415
5.0904 4.9351 5.0039 0.0415
5.0904 4.9351 5.0039 0.0415
5.0904 4.9351 5.0039 0.0415
5.0904 4.9351 5.0039 0.0415
5.0904 4.9351 5.0039 0.0415
5.0904 4.9351 5.0039 0.0415
5.0904 4.9351 5.0039 0.0415
5.0904 4.9351 5.0048 0.0424
5.0904 4.9351 5.0048 0.0424
5.0904 4.9351 5.0048 0.0424
5.0904 4.9351 5.0056 0.0428
5.0904 4.9351 5.0056 0.0428
5.0904 4.9351 5.0056 0.0428
5.0904 4.9351 5.0063 0.0426
5.0904 4.9351 5.0063 0.0426
5.0904 4.9351 5.0067 0.0429
5.0904 4.9351 5.0074 0.0432
5.0904 4.9351 5.0075 0.0431
5.0904 4.9351 5.0075 0.0431
5.0904 4.9351 5.0075 0.0431
5.0904 4.9351 5.0079 0.0429
5.0904 4.9351 5.0083 0.0432
5.0904 4.9351 5.0083 0.0432
5.0904 4.9351 5.0083 0.0432
5.0904 4.9351 5.0084 0.0433
5.0904 4.9351 5.0091 0.0435
5.0904 4.9351 5.0098 0.0433
5.0904 4.9351 5.0104 0.0433
5.0904 4.9351 5.0112 0.0435
5.0904 4.9351 5.0112 0.0435
5.0904 4.9351 5.0112 0.0435
5.0904 4.9351 5.0112 0.0435
5.0904 4.9351 5.0112 0.0435
5.0904 4.9351 5.0118 0.0433
5.0904 4.9351 5.0118 0.0433
5.0904 4.9351 5.0126 0.0435
5.0904 4.9351 5.0126 0.0435
5.0904 4.9351 5.0126 0.0435
5.0904 4.9351 5.0131 0.0433
5.0904 4.9351 5.0131 0.0433
5.0904 4.9507 5.0145 0.0429
5.0904 4.9507 5.0151 0.0431
5.0904 4.9534 5.0157 0.0427
5.0904 4.9534 5.0157 0.0427
5.0904 4.9534 5.0157 0.0427
5.0904 4.9534 5.0158 0.0426
5.0904 4.9534 5.0158 0.0426
5.0904 4.9534 5.0161 0.0427
5.0904 4.9534 5.0161 0.0427
5.0904 4.9534 5.0163 0.0426
5.0904 4.9534 5.0163 0.0426
5.0904 4.9534 5.0173 0.0428
5.0904 4.9534 5.0173 0.0427
5.0904 4.9534 5.0174 0.0428
5.0904 4.9534 5.0174 0.0428
5.0904 4.9534 5.0187 0.0429
5.0904 4.9534 5.0187 0.0429
5.0904 4.9534 5.0187 0.0429
5.0904 4.9534 5.0192 0.0426
5.0904 4.9534 5.0193 0.0425
5.0904 4.9534 5.0193 0.0425
5.0904 4.9534 5.0194 0.0425
5.0904 4.9534 5.0197 0.0424
5.0904 4.9534 5.0197 0.0424
5.0904 4.9534 5.0205 0.0420
5.0904 4.9534 5.0205 0.0420
5.0904 4.9534 5.0205 0.0420
5.0904 4.9534 5.0205 0.0420
5.0904 4.9534 5.0205 0.0420
5.0904 4.9534 5.0205 0.0420
5.0904 4.9534 5.0205 0.0420
5.0904 4.9534 5.0205 0.0420
5.0904 4.9534 5.0210 0.0416
5.0904 4.9534 5.0210 0.0416
5.0904 4.9534 5.0210 0.0416
5.0904 4.9534 5.0211 0.0416
5.0904 4.9534 5.0211 0.0416
5.0904 4.9534 5.0211 0.0416
5.0904 4.9534 5.0211 0.0416
5.0904 4.9534 5.0211 0.0416
5.0904 4.9534 5.0211 0.0416
5.0904 4.9534 5.0216 0.0414
5.0904 4.9534 5.0222 0.0415
5.0904 4.9541 5.0233 0.0412
5.0904 4.9541 5.0237 0.0413
5.0904 4.9541 5.0244 0.0418
5.0904 4.9541 5.0250 0.0414
5.0904 4.9541 5.0250 0.0414
5.0904 4.9541 5.0252 0.0416
5.0904 4.9541 5.0252 0.0416
5.0904 4.9541 5.0252 0.0416
5.0904 4.9541 5.0252 0.0416
5.0904 4.9541 5.0257 0.0416
5.0904 4.9541 5.0257 0.0416
5.0904 4.9541 5.0264 0.0416
5.0904 4.9541 5.0264 0.0416
5.0904 4.9541 5.0267 0.0417
5.0904 4.9541 5.0267 0.0417
5.0904 4.9541 5.0267 0.0417
5.1180 4.9541 5.0272 0.0425
5.1180 4.9541 5.0280 0.0426
5.1180 4.9541 5.0280 0.0426
5.1180 4.9541 5.0288 0.0426
5.1180 4.9541 5.0296 0.0425
5.1180 4.9541 5.0297 0.0426
5.1180 4.9541 5.0297 0.0426
5.1180 4.9541 5.0297 0.0426
5.1180 4.9541 5.0299 0.0428
5.1180 4.9541 5.0299 0.0428
5.1180 4.9541 5.0299 0.0428
5.1180 4.9541 5.0299 0.0428
5.1180 4.9541 5.0299 0.0428
5.1180 4.9541 5.0300 0.0430
5.1180 4.9541 5.0300 0.0430
5.1180 4.9541 5.0304 0.0431
5.1180 4.9541 5.0304 0.0431
5.1180 4.9541 5.0304 0.0431
5.1180 4.9541 5.0310 0.0424
5.1180 4.9541 5.0310 0.0424
5.1180 4.9541 5.0318 0.0424
5.1180 4.9541 5.0318 0.0424
5.1180 4.9541 5.0321 0.0425
5.1180 4.9541 5.0321 0.0425
5.1180 4.9541 5.0321 0.0425
5.1180 4.9541 5.0321 0.0425
5.1180 4.9541 5.0321 0.0425
5.1180 4.9541 5.0321 0.0425
5.1180 4.9541 5.0321 0.0425
5.1180 4.9541 5.0326 0.0428
5.1180 4.9541 5.0326 0.0428
5.1180 4.9541 5.0331 0.0430
5.1180 4.9541 5.0331 0.0430
5.1180 4.9541 5.0331 0.0430
5.1180 4.9541 5.0338 0.0428
5.1180 4.9541 5.0338 0.0428
5.1180 4.9541 5.0341 0.0424
5.1180 4.9541 5.0342 0.0426
5.1180 4.9541 5.0342 0.0426
5.1180 4.9541 5.0342 0.0426
5.1180 4.9541 5.0342 0.0426
5.1180 4.9541 5.0343 0.0426
5.1180 4.9541 5.0347 0.0423
5.1180 4.9541 5.0349 0.0421
5.1180 4.9541 5.0350 0.0422
5.1180 4.9541 5.0350 0.0422
5.1180 4.9541 5.0352 0.0422
5.1180 4.9541 5.0352 0.0422
5.1180 4.9541 5.0356 0.0420
5.1180 4.9541 5.0369 0.0416
5.1180 4.9541 5.0371 0.0418
5.1180 4.9541 5.0371 0.0418
5.1180 4.9541 5.0371 0.0418
5.1180 4.9541 5.0371 0.0418
5.1180 4.9541 5.0374 0.0421
5.1180 4.9541 5.0374 0.0421
5.1180 4.9541 5.0374 0.0421
5.1180 4.9541 5.0376 0.0423
5.1180 4.9541 5.0387 0.0419
5.1180 4.9541 5.0387 0.0419
5.1180 4.9541 5.0393 0.0417
5.1180 4.9541 5.0396 0.0418
5.1180 4.9541 5.0396 0.0418
5.1180 4.9541 5.0396 0.0418
5.1180 4.9541 5.0396 0.0418
5.1180 4.9541 5.0398 0.0419
5.1180 4.9541 5.0407 0.0415
5.1180 4.9541 5.0409 0.0416
5.1180 4.9541 5.0412 0.0419
5.1180 4.9541 5.0415 0.0421
5.1180 4.9541 5.0416 0.0422
5.1180 4.9541 5.0425 0.0422
5.1180 4.9541 5.0425 0.0422
5.1180 4.9541 5.0425 0.0422
5.1180 4.9541 5.0427 0.0425
5.1180 4.9541 5.0434 0.0425
5.1180 4.9541 5.0445 0.0416
5.1180 4.9541 5.0445 0.0416
5.1180 4.9541 5.0448 0.0418
5.1180 4.9541 5.0450 0.0416
5.1180 4.9541 5.0450 0.0416
5.1180 4.9541 5.0450 0.0416
5.1180 4.9541 5.0450 0.0416
5.1180 4.9541 5.0450 0.0416
5.1180 4.9541 5.0462 0.0407
5.1180 4.9541 5.0462 0.0408
5.1180 4.9541 5.0462 0.0408
5.1180 4.9541 5.0462 0.0408
5.1180 4.9541 5.0462 0.0408
5.1180 4.9561 5.0470 0.0397
5.1180 4.9561 5.0470 0.0397
5.1180 4.9561 5.0470 0.0397
5.1180 4.9561 5.0470 0.0397
5.1180 4.9561 5.0475 0.0399
5.1180 4.9561 5.0475 0.0399
5.1180 4.9561 5.0475 0.0399
5.1180 4.9561 5.0476 0.0400
5.1180 4.9561 5.0486 0.0406
5.1180 4.9561 5.0486 0.0406
5.1180 4.9561 5.0486 0.0406
5.1180 4.9561 5.0496 0.0398
5.1180 4.9561 5.0498 0.0399
5.1180 4.9561 5.0499 0.0400
5.1180 4.9561 5.0499 0.0400
5.1180 4.9561 5.0501 0.0401
5.1180 4.9561 5.0501 0.0401
5.1180 4.9561 5.0501 0.0401
5.1180 4.9561 5.0501 0.0401
5.1180 4.9561 5.0504 0.0399
5.1180 4.9561 5.0511 0.0400
5.1180 4.9561 5.0511 0.0400
5.1180 4.9561 5.0511 0.0400
5.1180 4.9575 5.0524 0.0390
5.1180 4.9575 5.0524 0.0390
5.1180 4.9575 5.0524 0.0390
5.1180 4.9575 5.0526 0.0391
5.1180 4.9575 5.0526 0.0391
5.1180 4.9575 5.0527 0.0392
5.1180 4.9575 5.0527 0.0392
5.1180 4.9575 5.0527 0.0392
5.1180 4.9575 5.0527 0.0392
5.1180 4.9575 5.0535 0.0383
5.1180 4.9575 5.0536 0.0383
5.1180 4.9575 5.0536 0.0383
5.1180 4.9575 5.0537 0.0384
5.1180 4.9575 5.0542 0.0384
5.1180 4.9584 5.0544 0.0381
5.1180 4.9584 5.0544 0.0381
5.1180 4.9584 5.0544 0.0381
5.1180 4.9584 5.0555 0.0383
5.1180 4.9584 5.0555 0.0383
5.1180 4.9584 5.0556 0.0382
5.1180 4.9584 5.0556 0.0382
5.1180 4.9584 5.0559 0.0381
5.1180 4.9584 5.0559 0.0381
5.1180 4.9584 5.0560 0.0381
5.1180 4.9584 5.0560 0.0381
5.1180 4.9584 5.0563 0.0377
5.1180 4.9584 5.0563 0.0377
5.1180 4.9584 5.0570 0.0365
5.1180 4.9584 5.0570 0.0365
5.1180 4.9584 5.0570 0.0365
5.1180 4.9584 5.0571 0.0365
5.1180 4.9584 5.0571 0.0365
5.1180 4.9584 5.0571 0.0365
5.1180 4.9584 5.0571 0.0365
5.1180 4.9584 5.0571 0.0365
5.1180 4.9584 5.0571 0.0365
5.1188 4.9584 5.0571 0.0365
5.1188 4.9584 5.0575 0.0370
5.1188 4.9584 5.0576 0.0370
5.1188 4.9584 5.0576 0.0370
5.1188 4.9584 5.0576 0.0370
5.1188 4.9584 5.0576 0.0370
5.1188 4.9584 5.0576 0.0370
5.1188 4.9584 5.0586 0.0360
5.1188 4.9584 5.0586 0.0360
5.1188 4.9584 5.0593 0.0354
5.1188 4.9584 5.0593 0.0354
5.1188 4.9584 5.0593 0.0354
5.1188 4.9584 5.0593 0.0354
5.1188 4.9584 5.0593 0.0354
5.1188 4.9584 5.0593 0.0355
5.1188 4.9584 5.0594 0.0355
5.1196 4.9584 5.0597 0.0359
5.1196 4.9584 5.0597 0.0359
5.1196 4.9584 5.0597 0.0359
5.1196 4.9584 5.0597 0.0359
5.1196 4.9584 5.0597 0.0359
5.1196 4.9584 5.0597 0.0359
5.1196 4.9584 5.0604 0.0358
5.1196 4.9584 5.0604 0.0358
5.1196 4.9584 5.0604 0.0359
5.1196 4.9584 5.0604 0.0359
5.1196 4.9584 5.0604 0.0359
5.1196 4.9584 5.0604 0.0359
5.1196 4.9584 5.0607 0.0360
5.1196 4.9584 5.0607 0.0360
5.1196 4.9584 5.0607 0.0360
5.1196 4.9584 5.0616 0.0351
5.1196 4.9584 5.0627 0.0337
5.1196 4.9584 5.0631 0.0328
5.1196 4.9584 5.0632 0.0328
5.1196 4.9584 5.0633 0.0329
5.1196 4.9584 5.0635 0.0329
5.1196 4.9584 5.0640 0.0327
5.1196 4.9584 5.0646 0.0325
5.1197 4.9584 5.0646 0.0326
5.1197 4.9584 5.0646 0.0326
5.1197 4.9584 5.0656 0.0308
5.1197 4.9584 5.0666 0.0301
5.1197 4.9584 5.0669 0.0302
5.1197 4.9584 5.0669 0.0303
5.1197 4.9584 5.0669 0.0302
5.1197 4.9584 5.0673 0.0307
5.1197 4.9584 5.0674 0.0307
5.1197 4.9584 5.0674 0.0307
5.1226 4.9584 5.0675 0.0308
5.1226 4.9584 5.0675 0.0308
5.1226 4.9584 5.0677 0.0309
5.1226 4.9584 5.0679 0.0310
5.1226 4.9584 5.0685 0.0302
5.1226 4.9584 5.0686 0.0302
5.1226 4.9584 5.0686 0.0302
5.1226 4.9584 5.0686 0.0302
5.1226 4.9584 5.0686 0.0302
5.1226 4.9584 5.0686 0.0302
5.1226 4.9584 5.0686 0.0302
5.1226 4.9584 5.0695 0.0290
5.1226 4.9584 5.0695 0.0290
5.1226 4.9584 5.0696 0.0289
5.1494 4.9584 5.0703 0.0299
5.1494 4.9584 5.0706 0.0295
5.1494 4.9584 5.0710 0.0292
5.1494 4.9584 5.0715 0.0286
5.1494 4.9584 5.0724 0.0276
5.1494 4.9584 5.0724 0.0277
5.1494 4.9584 5.0724 0.0277
5.1494 4.9584 5.0724 0.0277
5.1494 4.9584 5.0724 0.0277
5.1494 4.9584 5.0729 0.0271
5.1494 4.9584 5.0729 0.0271
5.1494 4.9584 5.0729 0.0271
5.1494 4.9584 5.0731 0.0271
5.1494 5.0003 5.0750 0.0257
5.1494 5.0003 5.0756 0.0252
5.1494 5.0003 5.0759 0.0253
5.1494 5.0003 5.0760 0.0252
5.1494 5.0003 5.0760 0.0252
5.1494 5.0003 5.0760 0.0252
5.1494 5.0003 5.0766 0.0256
5.1494 5.0003 5.0769 0.0252
5.1494 5.0003 5.0769 0.0252
5.1494 5.0003 5.0769 0.0252
5.1494 5.0003 5.0769 0.0252
5.1494 5.0003 5.0769 0.0252
5.1494 5.0003 5.0769 0.0252
5.1494 5.0003 5.0769 0.0252
5.1494 5.0003 5.0769 0.0252
5.1494 5.0003 5.0773 0.0251
5.1494 5.0003 5.0780 0.0245
5.1494 5.0003 5.0780 0.0245
5.1494 5.0003 5.0780 0.0245
5.1494 5.0003 5.0781 0.0245
5.1494 5.0003 5.0781 0.0245
5.1494 5.0003 5.0782 0.0246
5.1494 5.0003 5.0782 0.0246
5.1494 5.0003 5.0782 0.0246
5.1494 5.0003 5.0788 0.0256
5.1494 5.0003 5.0791 0.0259
5.1494 5.0003 5.0791 0.0259
5.1494 5.0003 5.0793 0.0258
5.1494 5.0003 5.0793 0.0258
5.1494 5.0003 5.0793 0.0258
5.1494 5.0003 5.0793 0.0258
5.1494 5.0003 5.0796 0.0258
5.1494 5.0003 5.0796 0.0258
5.1494 5.0003 5.0796 0.0258
5.1494 5.0003 5.0796 0.0258
5.1494 5.0003 5.0796 0.0258
5.1494 5.0003 5.0796 0.0258
5.1494 5.0003 5.0796 0.0258
5.1494 5.0003 5.0796 0.0258
5.1494 5.0003 5.0797 0.0258
5.1494 5.0003 5.0808 0.0264
5.1494 5.0003 5.0808 0.0264
5.1494 5.0003 5.0812 0.0266
5.1494 5.0003 5.0821 0.0275
5.1494 5.0003 5.0822 0.0276
5.1494 5.0003 5.0827 0.0283
5.1494 5.0003 5.0827 0.0283
5.1494 5.0003 5.0830 0.0281
5.1494 5.0003 5.0830 0.0281
5.1494 5.0003 5.0830 0.0281
5.1494 5.0003 5.0830 0.0281
5.1494 5.0003 5.0835 0.0288
5.1494 5.0003 5.0836 0.0288
5.1494 5.0003 5.0836 0.0288
5.1494 5.0003 5.0836 0.0288
5.1494 5.0003 5.0836 0.0288
5.1494 5.0003 5.0837 0.0288
5.1494 5.0003 5.0839 0.0287
5.1494 5.0003 5.0839 0.0287
5.1494 5.0003 5.0841 0.0287
5.1494 5.0003 5.0842 0.0287
5.1494 5.0003 5.0842 0.0287
5.1494 5.0003 5.0845 0.0289
5.1494 5.0003 5.0845 0.0289
5.1494 5.0003 5.0845 0.0289
5.1494 5.0003 5.0847 0.0289
5.1494 5.0003 5.0848 0.0289
5.1494 5.0003 5.0851 0.0288
5.1494 5.0003 5.0851 0.0288
5.1494 5.0003 5.0853 0.0289
5.1494 5.0003 5.0854 0.0289
5.1507 5.0003 5.0860 0.0296
5.1507 5.0003 5.0863 0.0298
5.1507 5.0003 5.0863 0.0298
5.1507 5.0003 5.0863 0.0298
5.1507 5.0003 5.0863 0.0298
5.1507 5.0003 5.0863 0.0298
5.1507 5.0003 5.0863 0.0298
5.1507 5.0003 5.0863 0.0298
5.1507 5.0003 5.0864 0.0298
5.1507 5.0003 5.0864 0.0298
5.1507 5.0003 5.0870 0.0292
5.1507 5.0003 5.0870 0.0292
5.1507 5.0003 5.0876 0.0290
5.1507 5.0003 5.0876 0.0290
5.1507 5.0003 5.0879 0.0289
5.1507 5.0003 5.0879 0.0289
5.1507 5.0003 5.0879 0.0289
5.1507 5.0003 5.0879 0.0289
5.1507 5.0003 5.0892 0.0286
5.1507 5.0003 5.0892 0.0286
5.1507 5.0003 5.0892 0.0286
5.1507 5.0003 5.0892 0.0286
5.1507 5.0003 5.0892 0.0286
5.1507 5.0003 5.0894 0.0285
5.1768 5.0003 5.0897 0.0292
5.1768 5.0003 5.0899 0.0291
5.1768 5.0003 5.0899 0.0291
5.1768 5.0003 5.0899 0.0291
5.1768 5.0003 5.0899 0.0291
5.1768 5.0003 5.0899 0.0291
5.1768 5.0003 5.0899 0.0291
5.1768 5.0003 5.0899 0.0291
5.1768 5.0003 5.0900 0.0291
5.1768 5.0003 5.0900 0.0291
5.1768 5.0003 5.0905 0.0296
5.1768 5.0003 5.0905 0.0296
5.1768 5.0003 5.0905 0.0296
5.1768 5.0003 5.0905 0.0296
5.1768 5.0003 5.0908 0.0295
5.1768 5.0003 5.0908 0.0295
5.1768 5.0003 5.0909 0.0294
5.1768 5.0003 5.0912 0.0293
5.1768 5.0003 5.0912 0.0293
5.1768 5.0003 5.0915 0.0295
5.1768 5.0003 5.0925 0.0289
5.1768 5.0003 5.0925 0.0289
5.1768 5.0003 5.0925 0.0289
5.1768 5.0003 5.0925 0.0289
5.1768 5.0003 5.0925 0.0289
5.1768 5.0003 5.0930 0.0294
5.1768 5.0003 5.0930 0.0294
5.1768 5.0003 5.0930 0.0294
5.1768 5.0003 5.0930 0.0294
5.1768 5.0003 5.0933 0.0297
5.1768 5.0003 5.0939 0.0297
5.1768 5.0003 5.0939 0.0297
5.1768 5.0003 5.0939 0.0297
5.1768 5.0003 5.0940 0.0296
5.1768 5.0003 5.0940 0.0296
5.1768 5.0003 5.0945 0.0301
5.1768 5.0003 5.0945 0.0301
5.1768 5.0003 5.0946 0.0301
5.1768 5.0003 5.0946 0.0301
5.1768 5.0003 5.0946 0.0301
5.1768 5.0003 5.0946 0.0301
5.1768 5.0003 5.0950 0.0305
5.1768 5.0003 5.0950 0.0305
5.1768 5.0003 5.0950 0.0305
5.1768 5.0003 5.0950 0.0305
5.1768 5.0003 5.0950 0.0305
5.1768 5.0003 5.0957 0.0304
5.1768 5.0003 5.0963 0.0309
5.1768 5.0003 5.0963 0.0309
5.1768 5.0003 5.0965 0.0310
5.1768 5.0003 5.0967 0.0308
5.1768 5.0003 5.0969 0.0306
5.1768 5.0003 5.0969 0.0306
5.1768 5.0003 5.0969 0.0306
5.1768 5.0003 5.0975 0.0310
5.1768 5.0003 5.0977 0.0310
5.1768 5.0003 5.0980 0.0308
5.1768 5.0003 5.0985 0.0312
5.1768 5.0003 5.0985 0.0312
5.1768 5.0003 5.0988 0.0311
5.1768 5.0267 5.0997 0.0295
5.1768 5.0267 5.0997 0.0295
5.1768 5.0267 5.1005 0.0294
5.1768 5.0267 5.1005 0.0294
5.1768 5.0267 5.1005 0.0294
5.1768 5.0267 5.1005 0.0294
5.1768 5.0267 5.1005 0.0294
5.1768 5.0267 5.1008 0.0291
5.1768 5.0267 5.1008 0.0291
5.1768 5.0267 5.1008 0.0291
5.1772 5.0267 5.1022 0.0309
5.1772 5.0267 5.1022 0.0309
5.1772 5.0267 5.1033 0.0316
5.1772 5.0267 5.1036 0.0322
5.1772 5.0267 5.1039 0.0325
5.1772 5.0267 5.1041 0.0324
5.1772 5.0267 5.1043 0.0324
5.1772 5.0267 5.1043 0.0324
5.1772 5.0267 5.1043 0.0324
5.1772 5.0267 5.1043 0.0324
5.1772 5.0267 5.1043 0.0324
5.1772 5.0267 5.1043 0.0324
5.1772 5.0267 5.1043 0.0324
5.1772 5.0267 5.1043 0.0324
5.1772 5.0267 5.1046 0.0329
5.1772 5.0267 5.1047 0.0330
5.1772 5.0267 5.1047 0.0330
5.1772 5.0267 5.1047 0.0331
5.1772 5.0267 5.1047 0.0331
5.1772 5.0267 5.1052 0.0331
5.1772 5.0267 5.1052 0.0331
5.1772 5.0267 5.1057 0.0334
5.1772 5.0267 5.1059 0.0333
5.1772 5.0267 5.1059 0.0333
5.1772 5.0267 5.1065 0.0341
5.1772 5.0267 5.1065 0.0340
5.1772 5.0267 5.1065 0.0340
5.1772 5.0267 5.1065 0.0340
5.1772 5.0267 5.1065 0.0340
5.1772 5.0267 5.1065 0.0340
5.1772 5.0424 5.1069 0.0333
5.1772 5.0424 5.1069 0.0333
5.1772 5.0424 5.1069 0.0333
5.1772 5.0424 5.1072 0.0333
5.1772 5.0424 5.1075 0.0333
5.1772 5.0424 5.1075 0.0333
5.1772 5.0424 5.1075 0.0333
5.1772 5.0424 5.1084 0.0333
5.1772 5.0424 5.1091 0.0333
5.1772 5.0424 5.1091 0.0333
5.1772 5.0424 5.1091 0.0333
5.1772 5.0424 5.1091 0.0333
5.1772 5.0424 5.1094 0.0335
5.1772 5.0424 5.1094 0.0335
5.1772 5.0424 5.1102 0.0342
5.1772 5.0424 5.1103 0.0342
5.1772 5.0424 5.1105 0.0344
5.1772 5.0424 5.1109 0.0344
5.1772 5.0424 5.1109 0.0344
5.1772 5.0424 5.1115 0.0345
5.1772 5.0424 5.1118 0.0350
5.1772 5.0424 5.1118 0.0350
5.1772 5.0424 5.1118 0.0350
5.1772 5.0424 5.1126 0.0348
5.1772 5.0424 5.1126 0.0348
5.1772 5.0424 5.1128 0.0348
5.1828 5.0424 5.1129 0.0349
5.1828 5.0424 5.1131 0.0353
5.1828 5.0424 5.1131 0.0353
5.1828 5.0424 5.1132 0.0353
5.1828 5.0424 5.1132 0.0352
5.1828 5.0424 5.1132 0.0352
5.1828 5.0424 5.1132 0.0352
5.1828 5.0424 5.1132 0.0352
5.1828 5.0424 5.1137 0.0347
5.1828 5.0424 5.1137 0.0347
5.1828 5.0424 5.1143 0.0347
5.1828 5.0424 5.1148 0.0347
5.1828 5.0424 5.1148 0.0347
5.1828 5.0424 5.1148 0.0347
5.1828 5.0424 5.1148 0.0347
5.1828 5.0424 5.1149 0.0347
5.1828 5.0424 5.1149 0.0347
5.1828 5.0424 5.1149 0.0347
5.1828 5.0424 5.1152 0.0344
5.1828 5.0424 5.1152 0.0344
5.1828 5.0424 5.1158 0.0345
5.1828 5.0424 5.1162 0.0344
5.1828 5.0424 5.1166 0.0341
5.1828 5.0424 5.1166 0.0341
5.1828 5.0424 5.1168 0.0340
5.1828 5.0424 5.1168 0.0340
5.1828 5.0424 5.1168 0.0340
5.1828 5.0424 5.1168 0.0340
5.1828 5.0424 5.1168 0.0340
5.1828 5.0424 5.1168 0.0340
5.1828 5.0424 5.1170 0.0339
5.1828 5.0424 5.1170 0.0339
5.1828 5.0424 5.1170 0.0339
5.1828 5.0424 5.1178 0.0337
5.1828 5.0424 5.1178 0.0337
5.1828 5.0424 5.1178 0.0337
5.1828 5.0424 5.1178 0.0337
5.1828 5.0424 5.1184 0.0336
5.1828 5.0424 5.1188 0.0337
5.1828 5.0424 5.1188 0.0337
5.1828 5.0424 5.1188 0.0337
5.1828 5.0424 5.1194 0.0337
5.1828 5.0424 5.1194 0.0337
5.1828 5.0424 5.1194 0.0337
5.1828 5.0424 5.1199 0.0341
5.1828 5.0424 5.1199 0.0341
5.1828 5.0424 5.1205 0.0341
5.1828 5.0424 5.1208 0.0339
5.1828 5.0424 5.1210 0.0340
5.1828 5.0424 5.1219 0.0335
5.1828 5.0424 5.1219 0.0335
5.1828 5.0424 5.1222 0.0339
5.1828 5.0424 5.1222 0.0339
5.1828 5.0424 5.1222 0.0339
5.1828 5.0424 5.1225 0.0338
5.1828 5.0424 5.1225 0.0338
5.1828 5.0424 5.1228 0.0338
5.1828 5.0424 5.1234 0.0338
5.1828 5.0424 5.1234 0.0338
5.1828 5.0424 5.1234 0.0338
5.1828 5.0424 5.1236 0.0341
5.1828 5.0424 5.1244 0.0343
5.1892 5.0424 5.1250 0.0349
5.1892 5.0424 5.1250 0.0349
5.1892 5.0424 5.1260 0.0353
5.1892 5.0424 5.1260 0.0353
5.1892 5.0424 5.1262 0.0354
5.1892 5.0424 5.1266 0.0356
5.1892 5.0424 5.1266 0.0356
5.1892 5.0424 5.1273 0.0360
5.1892 5.0424 5.1273 0.0360
5.1892 5.0424 5.1278 0.0359
5.1892 5.0424 5.1279 0.0359
5.1892 5.0424 5.1287 0.0360
5.1892 5.0424 5.1287 0.0360
5.1892 5.0424 5.1287 0.0360
5.1892 5.0424 5.1287 0.0360
5.1950 5.0424 5.1293 0.0366
5.1950 5.0424 5.1293 0.0366
5.1950 5.0424 5.1294 0.0366
5.1950 5.0424 5.1294 0.0366
5.1950 5.0424 5.1294 0.0366
5.1950 5.0424 5.1294 0.0366
5.1950 5.0424 5.1294 0.0366
5.1950 5.0424 5.1294 0.0366
5.1950 5.0424 5.1294 0.0366
5.1950 5.0424 5.1294 0.0366
5.1950 5.0424 5.1294 0.0366
5.1950 5.0424 5.1300 0.0364
5.1950 5.0424 5.1309 0.0366
5.1950 5.0424 5.1309 0.0366
5.1950 5.0424 5.1309 0.0365
5.1950 5.0424 5.1315 0.0363
5.1950 5.0424 5.1318 0.0360
5.1950 5.0424 5.1324 0.0362
5.1950 5.0424 5.1324 0.0362
5.1950 5.0424 5.1332 0.0356
5.1950 5.0424 5.1336 0.0353
5.1950 5.0424 5.1336 0.0353
5.1950 5.0424 5.1336 0.0352
5.1950 5.0424 5.1336 0.0352
5.1950 5.0424 5.1336 0.0352
5.1950 5.0424 5.1336 0.0352
5.1950 5.0424 5.1336 0.0352
5.1950 5.0424 5.1336 0.0352
5.1950 5.0424 5.1336 0.0352
5.1950 5.0424 5.1336 0.0352
5.1950 5.0424 5.1336 0.0352
5.1950 5.0424 5.1336 0.0352
5.1950 5.0424 5.1336 0.0353
5.1950 5.0424 5.1340 0.0353
5.1950 5.0424 5.1346 0.0356
5.1950 5.0424 5.1348 0.0358
5.1950 5.0424 5.1348 0.0358
5.1950 5.0424 5.1349 0.0357
5.1950 5.0424 5.1356 0.0356
5.1950 5.0424 5.1360 0.0352
5.1950 5.0424 5.1364 0.0351
5.1950 5.0424 5.1364 0.0351
5.1950 5.0424 5.1364 0.0351
5.1950 5.0424 5.1365 0.0352
5.1950 5.0424 5.1373 0.0351
5.1950 5.0424 5.1373 0.0351
5.1950 5.0424 5.1375 0.0351
5.1950 5.0424 5.1376 0.0351
5.1950 5.0424 5.1376 0.0351
5.1950 5.0424 5.1376 0.0351
5.1950 5.0424 5.1376 0.0351
5.1950 5.0424 5.1379 0.0353
5.1950 5.0424 5.1379 0.0353
5.1950 5.0424 5.1379 0.0353
5.1950 5.0424 5.1380 0.0354
5.1950 5.0424 5.1380 0.0354
5.1950 5.0424 5.1380 0.0354
5.1950 5.0424 5.1382 0.0354
5.1950 5.0424 5.1386 0.0353
5.1950 5.0424 5.1386 0.0353
5.1950 5.0424 5.1387 0.0354
5.1950 5.0424 5.1387 0.0354
5.1950 5.0424 5.1387 0.0354
5.1950 5.0424 5.1387 0.0354
5.1950 5.0424 5.1393 0.0351
5.1950 5.0424 5.1393 0.0351
5.1950 5.0424 5.1397 0.0347
5.1950 5.0424 5.1397 0.0347
5.1950 5.0424 5.1397 0.0347
5.1950 5.0424 5.1397 0.0347
5.1950 5.0424 5.1402 0.0345
5.1950 5.0424 5.1406 0.0348
5.1950 5.0569 5.1419 0.0335
5.1950 5.0569 5.1419 0.0335
5.1981 5.0569 5.1420 0.0335
5.1981 5.0569 5.1420 0.0335
5.1981 5.0569 5.1420 0.0335
5.1981 5.0569 5.1422 0.0337
5.1981 5.0569 5.1422 0.0337
5.1981 5.0569 5.1427 0.0336
5.1981 5.0569 5.1427 0.0336
5.1981 5.0569 5.1427 0.0336
5.1981 5.0589 5.1436 0.0325
5.1981 5.0589 5.1439 0.0324
5.1981 5.0589 5.1439 0.0324
5.1981 5.0589 5.1439 0.0324
5.1981 5.0589 5.1439 0.0324
5.1981 5.0589 5.1442 0.0326
5.1981 5.0589 5.1443 0.0326
5.1981 5.0589 5.1445 0.0324
5.1981 5.0589 5.1445 0.0324
5.1981 5.0589 5.1448 0.0323
5.1981 5.0589 5.1448 0.0323
5.1981 5.0589 5.1448 0.0323
5.1981 5.0589 5.1449 0.0322
5.1981 5.0589 5.1449 0.0322
5.1981 5.0589 5.1449 0.0322
5.1981 5.0589 5.1459 0.0320
5.1981 5.0589 5.1459 0.0320
5.1981 5.0589 5.1459 0.0320
5.1981 5.0589 5.1465 0.0316
5.1981 5.0589 5.1465 0.0316
5.1981 5.0589 5.1473 0.0305
5.1981 5.0589 5.1473 0.0305
5.1981 5.0589 5.1473 0.0305
5.1981 5.0589 5.1473 0.0305
5.1981 5.0589 5.1476 0.0308
5.1981 5.0589 5.1476 0.0308
5.1981 5.0589 5.1480 0.0305
5.1981 5.0589 5.1480 0.0305
5.1981 5.0589 5.1480 0.0305
5.1981 5.0589 5.1480 0.0305
5.1981 5.0589 5.1480 0.0305
5.1981 5.0589 5.1486 0.0300
5.1981 5.0589 5.1491 0.0295
5.1981 5.0589 5.1494 0.0296
5.1981 5.0589 5.1497 0.0294
5.1981 5.0589 5.1497 0.0295
5.1981 5.0589 5.1497 0.0295
5.1981 5.0589 5.1497 0.0295
5.1981 5.0589 5.1497 0.0295
5.1981 5.0589 5.1498 0.0296
5.1981 5.0589 5.1503 0.0290
5.1981 5.0652 5.1512 0.0275
5.1981 5.0652 5.1515 0.0275
5.1981 5.0652 5.1515 0.0276
5.1981 5.0652 5.1515 0.0276
5.1981 5.0652 5.1515 0.0276
5.1981 5.0652 5.1515 0.0276
5.1981 5.0652 5.1515 0.0276
5.1981 5.0652 5.1515 0.0276
5.1981 5.0652 5.1518 0.0277
5.1981 5.0652 5.1518 0.0277
5.1981 5.0652 5.1518 0.0277
5.2326 5.0652 5.1528 0.0297
5.2326 5.0666 5.1540 0.0285
5.2326 5.0666 5.1541 0.0285
5.2326 5.0666 5.1541 0.0285
5.2326 5.0666 5.1541 0.0285
5.2326 5.0666 5.1544 0.0285
5.2326 5.0666 5.1549 0.0287
5.2326 5.0666 5.1551 0.0286
5.2326 5.0666 5.1551 0.0286
5.2326 5.0666 5.1552 0.0287
5.2326 5.0666 5.1555 0.0286
5.2326 5.0666 5.1555 0.0286
5.2326 5.0666 5.1555 0.0286
5.2326 5.0666 5.1556 0.0285
5.2326 5.0666 5.1556 0.0285
5.2326 5.0666 5.1556 0.0285
5.2326 5.0666 5.1556 0.0285
5.2326 5.0666 5.1556 0.0285
5.2326 5.0666 5.1556 0.0285
5.2326 5.0666 5.1559 0.0286
5.2326 5.0666 5.1559 0.0286
5.2326 5.0666 5.1559 0.0286
5.2326 5.0666 5.1566 0.0276
5.2326 5.0666 5.1566 0.0276
5.2326 5.0666 5.1568 0.0276
5.2326 5.0666 5.1568 0.0277
5.2326 5.0666 5.1571 0.0277
5.2326 5.0666 5.1571 0.0277
5.2326 5.0666 5.1571 0.0277
5.2326 5.0666 5.1573 0.0279
5.2326 5.0666 5.1573 0.0279
5.2326 5.0666 5.1573 0.0279
5.2326 5.0666 5.1573 0.0278
5.2326 5.0666 5.1573 0.0278
5.2326 5.0666 5.1573 0.0278
5.2326 5.0666 5.1573 0.0278
5.2326 5.0666 5.1574 0.0278
5.2326 5.0666 5.1574 0.0278
5.2326 5.0666 5.1577 0.0279
5.2326 5.0666 5.1577 0.0280
5.2326 5.0666 5.1578 0.0281
5.2326 5.0666 5.1578 0.0281
5.2326 5.0864 5.1583 0.0268
5.2326 5.0864 5.1590 0.0260
5.2326 5.0864 5.1594 0.0261
5.2326 5.0864 5.1594 0.0261
5.2326 5.0864 5.1603 0.0262
5.2326 5.0864 5.1603 0.0262
5.2326 5.0864 5.1607 0.0263
5.2326 5.0864 5.1607 0.0263
5.2326 5.0864 5.1611 0.0264
5.2326 5.0864 5.1616 0.0265
5.2326 5.0864 5.1616 0.0266
5.2326 5.0864 5.1618 0.0268
5.2326 5.0864 5.1618 0.0268
5.2326 5.0864 5.1618 0.0268
5.2326 5.0864 5.1618 0.0268
5.2326 5.0864 5.1620 0.0269
5.2326 5.0864 5.1620 0.0269
5.2326 5.0864 5.1620 0.0269
5.2326 5.0864 5.1630 0.0261
5.2326 5.0864 5.1632 0.0261
5.2326 5.0864 5.1637 0.0257
5.2326 5.0864 5.1637 0.0257
5.2326 5.0864 5.1637 0.0257
5.2326 5.0903 5.1644 0.0245
5.2326 5.0903 5.1644 0.0245
5.2326 5.0903 5.1645 0.0246
5.2326 5.0903 5.1645 0.0246
5.2326 5.0903 5.1645 0.0246
5.2326 5.0903 5.1645 0.0246
5.2326 5.0903 5.1645 0.0246
5.2326 5.0903 5.1653 0.0255
5.2326 5.0903 5.1653 0.0255
5.2326 5.0903 5.1655 0.0256
5.2326 5.0903 5.1655 0.0256
5.2326 5.0903 5.1659 0.0256
5.2326 5.0903 5.1661 0.0253
5.2326 5.0903 5.1663 0.0254
5.2326 5.0903 5.1663 0.0254
5.2326 5.0903 5.1663 0.0254
5.2326 5.0903 5.1666 0.0254
5.2326 5.0903 5.1666 0.0254
5.2326 5.0903 5.1666 0.0254
5.2326 5.0903 5.1666 0.0254
5.2326 5.0903 5.1666 0.0254
5.2326 5.0903 5.1666 0.0254
5.2326 5.0903 5.1667 0.0255
5.2326 5.0903 5.1667 0.0255
5.2326 5.0903 5.1667 0.0255
5.2326 5.0903 5.1673 0.0262
5.2326 5.0903 5.1673 0.0262
5.2326 5.0903 5.1677 0.0258
5.2326 5.0903 5.1677 0.0258
5.2326 5.0903 5.1678 0.0258
5.2326 5.0903 5.1684 0.0260
5.2326 5.0903 5.1684 0.0260
5.2326 5.0903 5.1685 0.0259
5.2326 5.0903 5.1685 0.0259
5.2326 5.0903 5.1686 0.0259
5.2326 5.0903 5.1686 0.0259
5.2326 5.0903 5.1686 0.0259
5.2326 5.0903 5.1687 0.0259
5.2326 5.0903 5.1687 0.0259
5.2326 5.0903 5.1687 0.0259
5.2326 5.0903 5.1687 0.0260
5.2326 5.0903 5.1690 0.0259
5.2326 5.0903 5.1690 0.0259
5.2326 5.0903 5.1690 0.0259
5.2326 5.0903 5.1690 0.0259
5.2326 5.0903 5.1692 0.0256
5.2326 5.0903 5.1701 0.0263
5.2326 5.0903 5.1701 0.0263
5.2326 5.0903 5.1701 0.0263
5.2326 5.0903 5.1702 0.0265
5.2326 5.0903 5.1703 0.0265
5.2326 5.0903 5.1703 0.0265
5.2353 5.0903 5.1712 0.0271
5.2353 5.0903 5.1712 0.0271
5.2353 5.0903 5.1712 0.0271
5.2353 5.0903 5.1712 0.0271
5.2353 5.0903 5.1713 0.0272
5.2353 5.0903 5.1713 0.0272
5.2353 5.0903 5.1720 0.0268
5.2353 5.0903 5.1720 0.0268
5.2353 5.0903 5.1721 0.0268
5.2353 5.0903 5.1721 0.0268
5.2353 5.0903 5.1725 0.0268
5.2353 5.0903 5.1734 0.0256
5.2353 5.0903 5.1735 0.0255
5.2353 5.0903 5.1735 0.0255
5.2353 5.0903 5.1735 0.0255
5.2353 5.0903 5.1740 0.0262
5.2353 5.0903 5.1740 0.0262
5.2353 5.0903 5.1740 0.0262
5.2353 5.0903 5.1740 0.0262
5.2353 5.0903 5.1740 0.0262
5.2353 5.0903 5.1741 0.0263
5.2353 5.0903 5.1741 0.0263
5.2353 5.0903 5.1741 0.0263
5.2353 5.0903 5.1744 0.0259
5.2353 5.0903 5.1744 0.0259
5.2353 5.0903 5.1744 0.0259
5.2353 5.0903 5.1744 0.0259
5.2353 5.0903 5.1744 0.0259
5.2353 5.0903 5.1744 0.0258
5.2353 5.0903 5.1744 0.0258
5.2353 5.0903 5.1744 0.0258
5.2353 5.0903 5.1748 0.0263
5.2353 5.0903 5.1749 0.0262
5.2353 5.0903 5.1753 0.0263
5.2353 5.0903 5.1753 0.0263
5.2353 5.0903 5.1753 0.0263
5.2353 5.0903 5.1753 0.0263
5.2353 5.0903 5.1761 0.0268
5.2353 5.0903 5.1762 0.0268
5.2353 5.0903 5.1765 0.0268
5.2353 5.0903 5.1765 0.0268
5.2353 5.0903 5.1769 0.0267
5.2353 5.0903 5.1772 0.0267
5.2353 5.0903 5.1772 0.0267
5.2353 5.0903 5.1775 0.0269
5.2353 5.0903 5.1779 0.0266
5.2353 5.0903 5.1779 0.0266
5.2353 5.0903 5.1779 0.0266
5.2353 5.0903 5.1779 0.0266
5.2353 5.0903 5.1784 0.0272
5.2353 5.0903 5.1789 0.0272
5.2353 5.0903 5.1789 0.0271
5.2353 5.0903 5.1789 0.0271
5.2353 5.1177 5.1798 0.0256
5.2353 5.1177 5.1798 0.0256
5.2353 5.1177 5.1805 0.0261
5.2353 5.1374 5.1816 0.0259
5.2353 5.1374 5.1816 0.0259
5.2353 5.1374 5.1818 0.0259
5.2353 5.1374 5.1823 0.0264
5.2353 5.1374 5.1827 0.0268
5.2353 5.1374 5.1835 0.0270
5.2353 5.1374 5.1838 0.0268
5.2353 5.1374 5.1838 0.0268
5.2353 5.1374 5.1839 0.0267
5.2353 5.1374 5.1844 0.0271
5.2353 5.1374 5.1845 0.0271
5.2353 5.1374 5.1845 0.0271
5.2353 5.1374 5.1845 0.0271
5.2353 5.1374 5.1845 0.0271
5.2353 5.1374 5.1847 0.0270
5.2353 5.1374 5.1847 0.0270
5.2353 5.1374 5.1847 0.0270
5.2353 5.1374 5.1854 0.0274
5.2353 5.1374 5.1854 0.0274
5.2353 5.1374 5.1858 0.0271
5.2353 5.1374 5.1858 0.0271
5.2353 5.1374 5.1863 0.0274
5.2353 5.1374 5.1863 0.0274
5.2353 5.1374 5.1863 0.0274
5.2353 5.1374 5.1869 0.0275
5.2353 5.1374 5.1872 0.0273
5.2353 5.1374 5.1876 0.0270
5.2353 5.1374 5.1876 0.0270
5.2353 5.1374 5.1876 0.0270
5.2353 5.1374 5.1876 0.0270
5.2358 5.1374 5.1884 0.0272
5.2358 5.1374 5.1889 0.0276
5.2358 5.1374 5.1889 0.0276
5.2358 5.1374 5.1889 0.0276
5.2358 5.1374 5.1892 0.0274
5.2358 5.1374 5.1900 0.0274
5.2358 5.1374 5.1907 0.0276
5.2358 5.1374 5.1907 0.0276
5.2358 5.1374 5.1907 0.0276
5.2358 5.1374 5.1909 0.0274
5.2358 5.1374 5.1909 0.0274
5.2392 5.1374 5.1919 0.0276
5.2652 5.1374 5.1929 0.0285
5.2652 5.1374 5.1930 0.0285
5.2652 5.1374 5.1930 0.0285
5.2652 5.1374 5.1930 0.0285
5.2652 5.1374 5.1930 0.0285
5.2652 5.1374 5.1930 0.0285
5.2652 5.1374 5.1930 0.0285
5.2652 5.1374 5.1934 0.0288
5.2652 5.1374 5.1935 0.0287
5.2652 5.1374 5.1935 0.0287
5.2652 5.1374 5.1935 0.0287
5.2652 5.1374 5.1937 0.0288
5.2652 5.1374 5.1938 0.0288
5.2652 5.1374 5.1938 0.0288
5.2652 5.1374 5.1946 0.0286
5.2652 5.1374 5.1950 0.0284
5.2652 5.1374 5.1951 0.0284
5.2652 5.1374 5.1951 0.0284
5.2652 5.1374 5.1956 0.0282
5.2652 5.1374 5.1956 0.0282
5.2652 5.1374 5.1956 0.0282
5.2820 5.1374 5.1961 0.0293
5.2820 5.1374 5.1969 0.0300
5.2820 5.1374 5.1973 0.0303
5.2820 5.1374 5.1973 0.0303
5.2820 5.1374 5.1973 0.0303
5.2820 5.1374 5.1979 0.0300
5.2820 5.1374 5.1983 0.0301
5.2820 5.1374 5.1986 0.0303
5.2820 5.1397 5.1995 0.0299
5.2820 5.1397 5.1995 0.0299
5.2820 5.1397 5.1995 0.0299
5.2820 5.1397 5.1995 0.0299
5.2820 5.1397 5.1995 0.0299
5.2820 5.1397 5.1996 0.0298
5.2820 5.1397 5.2000 0.0298
5.2820 5.1397 5.2004 0.0299
5.2820 5.1397 5.2008 0.0301
5.2820 5.1397 5.2010 0.0298
5.2820 5.1397 5.2010 0.0298
5.2820 5.1397 5.2010 0.0298
5.2820 5.1397 5.2010 0.0298
5.2820 5.1397 5.2011 0.0298
5.2820 5.1397 5.2011 0.0298
5.2820 5.1397 5.2011 0.0298
5.2820 5.1397 5.2011 0.0298
5.2820 5.1397 5.2015 0.0299
5.2820 5.1397 5.2015 0.0299
5.2820 5.1397 5.2025 0.0299
5.2820 5.1397 5.2026 0.0299
5.2820 5.1397 5.2026 0.0299
5.2820 5.1397 5.2026 0.0299
5.2820 5.1397 5.2026 0.0299
5.2820 5.1397 5.2031 0.0294
5.2820 5.1397 5.2031 0.0294
5.2820 5.1397 5.2031 0.0294
5.2820 5.1397 5.2031 0.0294
5.2820 5.1397 5.2031 0.0294
5.2820 5.1397 5.2031 0.0294
5.2820 5.1397 5.2032 0.0293
5.2820 5.1397 5.2032 0.0293
5.2820 5.1397 5.2032 0.0293
5.2820 5.1397 5.2036 0.0288
5.2820 5.1397 5.2036 0.0288
5.2820 5.1397 5.2036 0.0288
5.2820 5.1397 5.2041 0.0289
5.2820 5.1397 5.2041 0.0289
5.2820 5.1397 5.2041 0.0289
5.2820 5.1397 5.2041 0.0289
5.2820 5.1397 5.2043 0.0286
5.2820 5.1397 5.2043 0.0286
5.2820 5.1397 5.2045 0.0286
5.2820 5.1397 5.2045 0.0286
5.2820 5.1397 5.2045 0.0286
5.2820 5.1397 5.2045 0.0286
5.2820 5.1397 5.2047 0.0287
5.2820 5.1397 5.2047 0.0287
5.2820 5.1397 5.2055 0.0282
5.2820 5.1397 5.2055 0.0282
5.2820 5.1397 5.2061 0.0284
5.2820 5.1397 5.2061 0.0284
5.2820 5.1397 5.2067 0.0287
5.2820 5.1397 5.2070 0.0285
5.2820 5.1397 5.2072 0.0286
5.2820 5.1397 5.2072 0.0286
5.2820 5.1397 5.2073 0.0285
5.2820 5.1397 5.2076 0.0285
5.2820 5.1397 5.2076 0.0285
5.2820 5.1397 5.2079 0.0286
5.2820 5.1397 5.2079 0.0286
5.2820 5.1397 5.2079 0.0286
5.2820 5.1397 5.2079 0.0286
5.2820 5.1397 5.2079 0.0286
5.2820 5.1397 5.2087 0.0291
5.2820 5.1397 5.2096 0.0295
5.2820 5.1397 5.2099 0.0295
5.2820 5.1397 5.2099 0.0295
5.2820 5.1397 5.2099 0.0295
5.2820 5.1397 5.2102 0.0299
5.2820 5.1397 5.2102 0.0299
5.2820 5.1397 5.2102 0.0299
5.2820 5.1397 5.2102 0.0299
5.2820 5.1397 5.2108 0.0294
5.2820 5.1397 5.2114 0.0288
5.2820 5.1397 5.2114 0.0288
5.2820 5.1397 5.2119 0.0281
5.2820 5.1397 5.2124 0.0281
5.2820 5.1397 5.2125 0.0281
5.2820 5.1397 5.2125 0.0281
5.2820 5.1397 5.2130 0.0279
5.2820 5.1397 5.2130 0.0279
5.2820 5.1397 5.2136 0.0281
5.2820 5.1397 5.2136 0.0281
5.2820 5.1397 5.2138 0.0282
5.2820 5.1397 5.2138 0.0282
5.2820 5.1397 5.2138 0.0282
5.2820 5.1397 5.2141 0.0282
5.2820 5.1397 5.2141 0.0282
5.2820 5.1397 5.2141 0.0282
5.2820 5.1397 5.2147 0.0289
5.2820 5.1397 5.2149 0.0287
5.2820 5.1397 5.2149 0.0287
5.2820 5.1495 5.2161 0.0280
5.2820 5.1495 5.2161 0.0280
5.2820 5.1495 5.2164 0.0277
5.2820 5.1495 5.2164 0.0277
5.2820 5.1495 5.2164 0.0277
5.2820 5.1495 5.2164 0.0277
5.2820 5.1495 5.2164 0.0277
5.2820 5.1495 5.2167 0.0277
5.2820 5.1495 5.2171 0.0278
5.2820 5.1495 5.2171 0.0278
5.2820 5.1495 5.2172 0.0279
5.2820 5.1495 5.2172 0.0279
5.2820 5.1495 5.2174 0.0282
5.2820 5.1495 5.2174 0.0282
5.2820 5.1495 5.2181 0.0277
5.2820 5.1495 5.2185 0.0276
5.2820 5.1495 5.2189 0.0275
5.2820 5.1495 5.2189 0.0275
5.2820 5.1495 5.2189 0.0275
5.2820 5.1495 5.2189 0.0275
5.2820 5.1495 5.2189 0.0275
5.2820 5.1495 5.2189 0.0275
5.2820 5.1495 5.2189 0.0275
5.2820 5.1495 5.2195 0.0279
5.2820 5.1495 5.2199 0.0278
5.2820 5.1495 5.2199 0.0278
5.2820 5.1495 5.2205 0.0278
5.2820 5.1495 5.2205 0.0278
5.2820 5.1495 5.2205 0.0278
5.2820 5.1495 5.2209 0.0284
5.2820 5.1495 5.2209 0.0284
5.2820 5.1495 5.2209 0.0284
5.2820 5.1495 5.2209 0.0284
5.2820 5.1495 5.2209 0.0284
5.2820 5.1495 5.2209 0.0284
5.2820 5.1495 5.2209 0.0284
5.2820 5.1495 5.2209 0.0284
5.2820 5.1495 5.2209 0.0284
5.2820 5.1495 5.2211 0.0284
5.2820 5.1495 5.2211 0.0284
5.2820 5.1495 5.2216 0.0290
5.2820 5.1495 5.2216 0.0290
5.2820 5.1495 5.2216 0.0290
5.2820 5.1495 5.2216 0.0290
5.2820 5.1495 5.2217 0.0290
5.2820 5.1495 5.2217 0.0290
5.2820 5.1495 5.2217 0.0290
5.2820 5.1495 5.2217 0.0290
5.2820 5.1495 5.2226 0.0290
5.2820 5.1495 5.2232 0.0286
5.2820 5.1495 5.2236 0.0284
5.2820 5.1495 5.2236 0.0284
5.2820 5.1495 5.2237 0.0285
5.2820 5.1495 5.2237 0.0285
5.2820 5.1495 5.2238 0.0286
5.2820 5.1495 5.2242 0.0285
5.2820 5.1495 5.2243 0.0285
5.2820 5.1495 5.2243 0.0285
5.2820 5.1495 5.2243 0.0285
5.2820 5.1495 5.2243 0.0285
5.2820 5.1495 5.2243 0.0285
5.2820 5.1495 5.2243 0.0285
5.2820 5.1495 5.2243 0.0285
5.2820 5.1495 5.2243 0.0285
5.2820 5.1495 5.2248 0.0281
5.2820 5.1495 5.2248 0.0281
5.2820 5.1495 5.2249 0.0281
5.2820 5.1495 5.2254 0.0277
5.2820 5.1495 5.2254 0.0277
5.2820 5.1495 5.2254 0.0277
5.2820 5.1495 5.2254 0.0277
5.2820 5.1495 5.2254 0.0277
5.2820 5.1495 5.2257 0.0277
5.2820 5.1495 5.2257 0.0277
5.2820 5.1495 5.2261 0.0280
5.2820 5.1495 5.2262 0.0278
5.2820 5.1495 5.2262 0.0278
5.2820 5.1495 5.2262 0.0278
5.2820 5.1495 5.2266 0.0276
5.2820 5.1495 5.2267 0.0277
5.2820 5.1495 5.2272 0.0274
5.2820 5.1495 5.2272 0.0274
5.2820 5.1495 5.2272 0.0274
5.2820 5.1495 5.2272 0.0274
5.2820 5.1495 5.2272 0.0274
5.2820 5.1495 5.2272 0.0274
5.2820 5.1495 5.2272 0.0274
5.2820 5.1495 5.2272 0.0274
5.2820 5.1495 5.2272 0.0274
5.2820 5.1495 5.2276 0.0277
5.2820 5.1495 5.2276 0.0277
5.2820 5.1495 5.2277 0.0277
5.2820 5.1495 5.2277 0.0277
5.2820 5.1495 5.2277 0.0277
5.2820 5.1495 5.2277 0.0277
5.2820 5.1495 5.2281 0.0274
5.2820 5.1495 5.2281 0.0274
5.2820 5.1495 5.2283 0.0273
5.2820 5.1495 5.2283 0.0273
5.2820 5.1495 5.2283 0.0273
5.2820 5.1495 5.2286 0.0269
5.2820 5.1495 5.2286 0.0269
5.2820 5.1495 5.2288 0.0268
5.2820 5.1495 5.2291 0.0271
5.2820 5.1495 5.2291 0.0271
5.2820 5.1495 5.2297 0.0267
5.2820 5.1495 5.2297 0.0267
5.2820 5.1495 5.2297 0.0267
5.2820 5.1495 5.2297 0.0268
5.2820 5.1495 5.2297 0.0268
5.2820 5.1495 5.2302 0.0265
5.2820 5.1495 5.2308 0.0259
5.2820 5.1495 5.2308 0.0259
5.2820 5.1495 5.2308 0.0259
5.2820 5.1495 5.2308 0.0259
5.2820 5.1495 5.2308 0.0259
5.2820 5.1495 5.2309 0.0260
5.2820 5.1495 5.2309 0.0260
5.2820 5.1495 5.2309 0.0260
5.2820 5.1495 5.2309 0.0260
5.2820 5.1495 5.2309 0.0260
5.2820 5.1495 5.2310 0.0260
5.2820 5.1495 5.2313 0.0263
5.2820 5.1495 5.2314 0.0262
5.2820 5.1495 5.2316 0.0261
5.2820 5.1495 5.2319 0.0265
5.2820 5.1495 5.2319 0.0265
5.2820 5.1495 5.2319 0.0265
5.2820 5.1495 5.2319 0.0265
5.2820 5.1495 5.2319 0.0265
5.2820 5.1495 5.2319 0.0265
5.2820 5.1495 5.2324 0.0270
5.2820 5.1495 5.2327 0.0272
5.2820 5.1495 5.2330 0.0270
5.2820 5.1495 5.2331 0.0270
5.2820 5.1495 5.2331 0.0270
5.2820 5.1495 5.2339 0.0268
5.2820 5.1495 5.2339 0.0268
5.2820 5.1495 5.2339 0.0268
5.2820 5.1495 5.2339 0.0268
5.2820 5.1495 5.2340 0.0268
5.2820 5.1495 5.2345 0.0264
5.2820 5.1495 5.2345 0.0264
5.2820 5.1495 5.2345 0.0264
5.2820 5.1495 5.2345 0.0264
5.2820 5.1495 5.2345 0.0264
5.2820 5.1495 5.2349 0.0260
5.2820 5.1495 5.2349 0.0260
5.2820 5.1495 5.2349 0.0260
5.2820 5.1495 5.2349 0.0260
5.2820 5.1495 5.2349 0.0260
5.2820 5.1756 5.2357 0.0246
5.2820 5.1756 5.2357 0.0246
5.2820 5.1756 5.2364 0.0239
5.2820 5.1756 5.2364 0.0239
5.2820 5.1756 5.2364 0.0239
5.2820 5.1756 5.2364 0.0239
5.2820 5.1756 5.2364 0.0239
5.2820 5.1756 5.2364 0.0239
5.2820 5.1756 5.2364 0.0239
5.2820 5.1756 5.2366 0.0240
5.2820 5.1756 5.2366 0.0240
5.2820 5.1756 5.2366 0.0240
5.2820 5.1756 5.2366 0.0240
5.2820 5.1756 5.2367 0.0240
5.2820 5.1756 5.2367 0.0240
5.2820 5.1756 5.2370 0.0243
5.2820 5.1756 5.2370 0.0243
5.2820 5.1756 5.2370 0.0243
5.2820 5.1756 5.2370 0.0243
5.2820 5.1756 5.2370 0.0243
5.2820 5.1756 5.2371 0.0241
5.2820 5.1756 5.2371 0.0241
5.2820 5.1756 5.2374 0.0239
5.2820 5.1756 5.2374 0.0239
5.2820 5.1756 5.2374 0.0239
5.2878 5.1756 5.2374 0.0240
5.2878 5.1756 5.2374 0.0240
5.2878 5.1756 5.2374 0.0240
5.2878 5.1756 5.2374 0.0240
5.2878 5.1756 5.2374 0.0240
5.2878 5.1756 5.2374 0.0240
5.2878 5.1756 5.2374 0.0240
5.2878 5.1756 5.2374 0.0240
5.2878 5.1756 5.2374 0.0240
5.2878 5.1756 5.2376 0.0237
5.2878 5.1756 5.2376 0.0237
5.2878 5.1756 5.2376 0.0237
5.2878 5.1756 5.2379 0.0239
5.2878 5.1756 5.2379 0.0239
5.2878 5.1756 5.2381 0.0241
5.2878 5.1756 5.2386 0.0237
5.2878 5.1756 5.2390 0.0238
5.2878 5.1756 5.2392 0.0238
5.2878 5.1756 5.2392 0.0238
5.2878 5.1756 5.2392 0.0238
5.2878 5.1756 5.2392 0.0238
5.2878 5.1756 5.2393 0.0239
5.2878 5.1756 5.2393 0.0239
5.2878 5.1756 5.2401 0.0236
5.2878 5.1756 5.2401 0.0236
5.2878 5.1756 5.2404 0.0238
5.2878 5.1756 5.2411 0.0240
5.2878 5.1756 5.2411 0.0240
5.2878 5.1756 5.2411 0.0240
5.2878 5.1756 5.2411 0.0240
5.2878 5.1756 5.2411 0.0240
5.2878 5.1756 5.2411 0.0240
5.2878 5.1756 5.2411 0.0240
5.2878 5.1756 5.2411 0.0240
5.2878 5.1756 5.2411 0.0240
5.2878 5.1756 5.2411 0.0240
5.2878 5.1756 5.2411 0.0240
5.2878 5.1756 5.2411 0.0240
5.2878 5.1756 5.2411 0.0241
5.2878 5.1756 5.2415 0.0243
5.2878 5.1756 5.2419 0.0246
5.2878 5.1756 5.2419 0.0246
5.2878 5.1756 5.2420 0.0247
5.2878 5.1756 5.2421 0.0247
5.2878 5.1756 5.2425 0.0242
5.2878 5.1756 5.2429 0.0243
5.2878 5.1756 5.2429 0.0243
5.2878 5.1756 5.2429 0.0243
5.2878 5.1756 5.2429 0.0243
5.2878 5.1756 5.2429 0.0243
5.2878 5.1756 5.2429 0.0243
5.2878 5.1756 5.2430 0.0245
5.2878 5.1756 5.2431 0.0245
5.2878 5.1756 5.2433 0.0246
5.2878 5.1756 5.2433 0.0246
5.2878 5.1756 5.2434 0.0246
5.2878 5.1756 5.2436 0.0247
5.2878 5.1756 5.2440 0.0249
5.2878 5.1756 5.2440 0.0249
5.2878 5.1756 5.2440 0.0249
5.2878 5.1756 5.2442 0.0250
5.2878 5.1756 5.2444 0.0250
5.2878 5.1756 5.2444 0.0250
5.2878 5.1756 5.2447 0.0251
5.2878 5.1756 5.2447 0.0251
5.2878 5.1756 5.2447 0.0251
5.2878 5.1756 5.2450 0.0252
5.2878 5.1756 5.2460 0.0247
5.2878 5.1756 5.2465 0.0249
5.2878 5.1756 5.2468 0.0250
5.2878 5.1756 5.2468 0.0250
5.2878 5.1756 5.2468 0.0250
5.2878 5.1756 5.2468 0.0250
5.2878 5.1756 5.2468 0.0250
5.2878 5.1756 5.2468 0.0250
5.2878 5.1756 5.2468 0.0250
5.2878 5.1756 5.2468 0.0250
5.2878 5.1756 5.2468 0.0250
5.2878 5.1756 5.2471 0.0249
5.2878 5.1756 5.2471 0.0249
5.2878 5.1756 5.2472 0.0249
5.2878 5.1756 5.2472 0.0249
5.2878 5.1756 5.2472 0.0249
5.2878 5.1756 5.2474 0.0250
5.2878 5.1756 5.2477 0.0251
5.2878 5.1756 5.2477 0.0251
5.2878 5.1756 5.2479 0.0252
5.2878 5.1756 5.2479 0.0252
5.2878 5.1756 5.2479 0.0252
5.2878 5.1756 5.2480 0.0252
5.2878 5.1756 5.2480 0.0252
5.2878 5.1756 5.2480 0.0252
5.2878 5.1756 5.2485 0.0253
5.2878 5.1756 5.2485 0.0253
5.2878 5.1756 5.2485 0.0253
5.2878 5.1756 5.2490 0.0246
5.2878 5.1756 5.2492 0.0244
5.2878 5.1756 5.2492 0.0244
5.2878 5.1756 5.2492 0.0245
5.2878 5.1756 5.2499 0.0236
5.2878 5.1756 5.2499 0.0236
5.2878 5.1756 5.2499 0.0236
5.2878 5.1756 5.2499 0.0236
5.2878 5.1756 5.2499 0.0236
5.2878 5.1756 5.2499 0.0235
5.2878 5.1756 5.2504 0.0231
5.2878 5.1756 5.2504 0.0231
5.2878 5.1756 5.2508 0.0231
5.2878 5.1756 5.2508 0.0231
5.2878 5.1756 5.2508 0.0231
5.2878 5.1756 5.2508 0.0231
5.2878 5.1756 5.2508 0.0231
5.2878 5.1756 5.2508 0.0231
5.2878 5.1756 5.2508 0.0231
5.2878 5.1756 5.2510 0.0231
5.2878 5.1756 5.2512 0.0228
5.2878 5.1756 5.2512 0.0228
5.2878 5.1756 5.2516 0.0228
5.2878 5.1756 5.2516 0.0228
5.2878 5.1756 5.2519 0.0227
5.2878 5.1756 5.2519 0.0227
5.2878 5.1756 5.2519 0.0227
5.2878 5.1756 5.2520 0.0228
5.2878 5.1756 5.2520 0.0228
5.2878 5.1756 5.2523 0.0230
5.2878 5.1756 5.2523 0.0230
5.2878 5.1756 5.2523 0.0230
5.2878 5.1756 5.2523 0.0230
5.2878 5.1756 5.2528 0.0227
5.2878 5.1756 5.2528 0.0227
5.2878 5.1756 5.2528 0.0227
5.2878 5.1756 5.2528 0.0227
5.2878 5.1756 5.2529 0.0227
5.2878 5.1756 5.2529 0.0227
5.2878 5.1756 5.2529 0.0227
5.2878 5.1756 5.2535 0.0218
5.2878 5.1756 5.2535 0.0219
5.2878 5.1756 5.2539 0.0218
5.2878 5.1756 5.2540 0.0219
5.2878 5.1756 5.2545 0.0216
5.2878 5.1756 5.2545 0.0216
5.2878 5.1756 5.2546 0.0217
5.2878 5.1756 5.2549 0.0213
5.2878 5.1756 5.2550 0.0214
5.2878 5.2090 5.2557 0.0199
5.2878 5.2090 5.2560 0.0196
5.2878 5.2090 5.2560 0.0196
5.2878 5.2090 5.2560 0.0196
5.2878 5.2090 5.2561 0.0195
5.2878 5.2090 5.2563 0.0195
5.2878 5.2090 5.2563 0.0195
5.2878 5.2090 5.2563 0.0195
5.2878 5.2090 5.2563 0.0195
5.2878 5.2090 5.2563 0.0195
5.2878 5.2090 5.2563 0.0195
5.2878 5.2090 5.2564 0.0195
5.2878 5.2090 5.2564 0.0195
5.2878 5.2090 5.2564 0.0195
5.2880 5.2090 5.2565 0.0196
5.2880 5.2090 5.2566 0.0197
5.2880 5.2090 5.2566 0.0197
5.2880 5.2090 5.2566 0.0197
5.2880 5.2090 5.2568 0.0197
5.2880 5.2090 5.2570 0.0198
5.2880 5.2090 5.2570 0.0198
5.2880 5.2090 5.2570 0.0199
5.2880 5.2090 5.2575 0.0199
5.2880 5.2090 5.2575 0.0199
5.2880 5.2090 5.2575 0.0199
5.2880 5.2090 5.2576 0.0200
5.2927 5.2090 5.2577 0.0201
5.2927 5.2090 5.2577 0.0201
5.2927 5.2090 5.2577 0.0201
5.2927 5.2090 5.2580 0.0200
5.2927 5.2090 5.2580 0.0200
5.2927 5.2090 5.2582 0.0201
5.2927 5.2090 5.2583 0.0202
5.2927 5.2090 5.2583 0.0202
5.2927 5.2090 5.2583 0.0203
5.2927 5.2090 5.2583 0.0203
5.2927 5.2090 5.2583 0.0203
5.2927 5.2090 5.2583 0.0203
5.2927 5.2090 5.2585 0.0205
5.2927 5.2090 5.2585 0.0205
5.2927 5.2090 5.2589 0.0206
5.2927 5.2090 5.2589 0.0206
5.2927 5.2090 5.2590 0.0206
5.2927 5.2090 5.2594 0.0204
5.2927 5.2090 5.2594 0.0204
5.2927 5.2090 5.2594 0.0204
5.2927 5.2090 5.2595 0.0205
5.2927 5.2090 5.2595 0.0205
5.2927 5.2090 5.2597 0.0206
5.2927 5.2090 5.2597 0.0206
5.2927 5.2090 5.2597 0.0206
5.2927 5.2090 5.2598 0.0206
5.2927 5.2090 5.2601 0.0205
5.2927 5.2090 5.2606 0.0206
5.2927 5.2090 5.2608 0.0208
5.2927 5.2090 5.2608 0.0208
5.2927 5.2090 5.2611 0.0203
5.2927 5.2090 5.2611 0.0203
5.2927 5.2090 5.2611 0.0203
5.2927 5.2090 5.2611 0.0203
5.2927 5.2090 5.2611 0.0203
5.2927 5.2090 5.2616 0.0202
5.2927 5.2090 5.2616 0.0202
5.2927 5.2090 5.2618 0.0199
5.2927 5.2090 5.2622 0.0199
5.2927 5.2090 5.2628 0.0197
5.2927 5.2090 5.2628 0.0197
5.2927 5.2090 5.2628 0.0197
5.2927 5.2090 5.2628 0.0197
5.2927 5.2090 5.2628 0.0197
5.2927 5.2090 5.2628 0.0197
5.2927 5.2090 5.2631 0.0197
5.2927 5.2090 5.2631 0.0197
5.2927 5.2090 5.2631 0.0197
5.2927 5.2090 5.2631 0.0197
5.2927 5.2090 5.2635 0.0198
5.2927 5.2090 5.2635 0.0198
5.2927 5.2090 5.2635 0.0198
5.2927 5.2090 5.2635 0.0198
5.2927 5.2090 5.2635 0.0198
5.2927 5.2090 5.2637 0.0197
5.2927 5.2090 5.2637 0.0197
5.2927 5.2090 5.2637 0.0197
5.2927 5.2090 5.2639 0.0198
5.2927 5.2090 5.2639 0.0198
5.2927 5.2090 5.2639 0.0198
5.2927 5.2090 5.2639 0.0198
5.2927 5.2090 5.2639 0.0198
5.2927 5.2090 5.2644 0.0196
5.2927 5.2090 5.2644 0.0196
5.2927 5.2090 5.2644 0.0196
5.2927 5.2090 5.2645 0.0196
5.2927 5.2090 5.2650 0.0197
5.2927 5.2090 5.2650 0.0197
5.2927 5.2090 5.2650 0.0197
5.2927 5.2090 5.2651 0.0197
5.2927 5.2090 5.2651 0.0197
5.2927 5.2090 5.2652 0.0198
5.2927 5.2090 5.2652 0.0198
5.2927 5.2090 5.2657 0.0198
5.2927 5.2090 5.2659 0.0200
5.2927 5.2090 5.2660 0.0200
5.2927 5.2090 5.2660 0.0200
5.2927 5.2090 5.2660 0.0200
5.2927 5.2090 5.2660 0.0200
5.2927 5.2090 5.2663 0.0198
5.2984 5.2090 5.2664 0.0199
5.2984 5.2090 5.2664 0.0199
5.2984 5.2090 5.2665 0.0200
5.2984 5.2090 5.2668 0.0201
5.2984 5.2090 5.2668 0.0201
5.2984 5.2090 5.2668 0.0200
5.2984 5.2090 5.2668 0.0200
5.2984 5.2090 5.2669 0.0201
5.2984 5.2090 5.2673 0.0200
5.2984 5.2090 5.2674 0.0200
5.2984 5.2090 5.2674 0.0200
5.2984 5.2090 5.2674 0.0200
5.2984 5.2090 5.2674 0.0200
5.2984 5.2090 5.2681 0.0193
5.2984 5.2090 5.2681 0.0193
5.2984 5.2090 5.2681 0.0193
5.2984 5.2090 5.2681 0.0193
5.2984 5.2090 5.2681 0.0193
5.2984 5.2090 5.2682 0.0193
5.2984 5.2090 5.2682 0.0193
5.2984 5.2090 5.2682 0.0193
5.2984 5.2090 5.2687 0.0190
5.2984 5.2090 5.2687 0.0190
5.2984 5.2090 5.2687 0.0190
5.2984 5.2090 5.2689 0.0190
5.2984 5.2090 5.2689 0.0190
5.2984 5.2090 5.2689 0.0190
5.2984 5.2090 5.2689 0.0190
5.2984 5.2090 5.2689 0.0190
5.2984 5.2090 5.2691 0.0190
5.2984 5.2090 5.2691 0.0190
5.2984 5.2090 5.2691 0.0191
5.2984 5.2090 5.2691 0.0191
5.2984 5.2090 5.2691 0.0191
5.2984 5.2090 5.2691 0.0191
5.2984 5.2090 5.2691 0.0191
5.2984 5.2090 5.2691 0.0191
5.2984 5.2090 5.2691 0.0191
5.2984 5.2090 5.2691 0.0191
5.2984 5.2090 5.2692 0.0191
5.2984 5.2090 5.2693 0.0191
5.2984 5.2090 5.2693 0.0191
5.2984 5.2090 5.2698 0.0189
5.2984 5.2090 5.2698 0.0189
5.2984 5.2090 5.2698 0.0189
5.2984 5.2090 5.2699 0.0189
5.2984 5.2090 5.2700 0.0189
5.2984 5.2090 5.2703 0.0188
5.2984 5.2090 5.2703 0.0188
5.2984 5.2090 5.2703 0.0188
5.2984 5.2090 5.2703 0.0188
5.2984 5.2090 5.2703 0.0188
5.2984 5.2090 5.2703 0.0188
5.2984 5.2090 5.2703 0.0188
5.2984 5.2090 5.2703 0.0188
5.2984 5.2090 5.2703 0.0188
5.2984 5.2090 5.2703 0.0188
5.2984 5.2090 5.2703 0.0188
5.2984 5.2090 5.2703 0.0188
5.2984 5.2090 5.2704 0.0188
5.2984 5.2090 5.2704 0.0188
5.2984 5.2090 5.2704 0.0188
5.2984 5.2090 5.2704 0.0188
5.2984 5.2090 5.2704 0.0188
5.2984 5.2090 5.2704 0.0188
5.2984 5.2090 5.2706 0.0189
5.2984 5.2090 5.2706 0.0189
5.2984 5.2090 5.2709 0.0188
5.2984 5.2090 5.2709 0.0188
5.2984 5.2090 5.2711 0.0188
5.2984 5.2090 5.2711 0.0188
5.2984 5.2090 5.2711 0.0188
5.2984 5.2090 5.2711 0.0188
5.2984 5.2090 5.2711 0.0187
5.2984 5.2090 5.2715 0.0184
5.2984 5.2090 5.2718 0.0183
5.2984 5.2090 5.2718 0.0183
5.2984 5.2090 5.2718 0.0183
5.2984 5.2090 5.2718 0.0183
5.2984 5.2090 5.2718 0.0183
5.2984 5.2090 5.2718 0.0183
5.2984 5.2090 5.2720 0.0183
5.2984 5.2090 5.2720 0.0183
5.2984 5.2090 5.2720 0.0183
5.2984 5.2090 5.2720 0.0183
5.2984 5.2090 5.2720 0.0183
5.2984 5.2090 5.2726 0.0179
5.2984 5.2090 5.2728 0.0177
5.2984 5.2090 5.2729 0.0178
5.2984 5.2090 5.2729 0.0178
5.2984 5.2090 5.2730 0.0179
5.2984 5.2090 5.2730 0.0179
5.2984 5.2090 5.2730 0.0179
5.2984 5.2090 5.2730 0.0179
5.2984 5.2090 5.2730 0.0179
5.3070 5.2090 5.2735 0.0183
5.3070 5.2090 5.2735 0.0183
5.3070 5.2090 5.2737 0.0183
5.3070 5.2090 5.2737 0.0183
5.3070 5.2090 5.2737 0.0183
5.3070 5.2090 5.2737 0.0183
5.3070 5.2090 5.2738 0.0181
5.3070 5.2090 5.2739 0.0182
5.3070 5.2090 5.2739 0.0182
5.3070 5.2090 5.2739 0.0182
5.3070 5.2090 5.2739 0.0182
5.3070 5.2090 5.2739 0.0182
5.3070 5.2090 5.2739 0.0182
5.3070 5.2090 5.2739 0.0182
5.3070 5.2090 5.2739 0.0182
5.3070 5.2090 5.2739 0.0182
5.3070 5.2090 5.2741 0.0182
5.3070 5.2090 5.2742 0.0182
5.3070 5.2090 5.2742 0.0182
5.3070 5.2090 5.2743 0.0182
5.3070 5.2090 5.2746 0.0180
5.3070 5.2090 5.2746 0.0180
5.3070 5.2090 5.2746 0.0180
5.3070 5.2090 5.2752 0.0181
5.3070 5.2090 5.2752 0.0181
5.3070 5.2090 5.2752 0.0181
5.3070 5.2090 5.2752 0.0181
5.3070 5.2090 5.2752 0.0181
5.3070 5.2090 5.2752 0.0181
5.3070 5.2090 5.2752 0.0181
5.3070 5.2090 5.2752 0.0181
5.3070 5.2090 5.2752 0.0181
5.3070 5.2090 5.2754 0.0182
5.3070 5.2090 5.2756 0.0182
5.3070 5.2090 5.2756 0.0182
5.3070 5.2090 5.2757 0.0183
5.3070 5.2090 5.2758 0.0184
5.3070 5.2090 5.2758 0.0184
5.3070 5.2090 5.2758 0.0184
5.3070 5.2090 5.2758 0.0184
5.3070 5.2090 5.2758 0.0184
5.3070 5.2090 5.2758 0.0184
5.3070 5.2090 5.2764 0.0179
5.3070 5.2090 5.2764 0.0179
5.3070 5.2090 5.2764 0.0179
5.3070 5.2090 5.2764 0.0179
5.3070 5.2090 5.2764 0.0179
5.3070 5.2303 5.2771 0.0166
5.3070 5.2303 5.2775 0.0167
5.3070 5.2303 5.2775 0.0167
5.3070 5.2303 5.2775 0.0167
5.3070 5.2303 5.2778 0.0169
5.3070 5.2303 5.2785 0.0166
5.3070 5.2303 5.2786 0.0166
5.3070 5.2303 5.2786 0.0166
5.3070 5.2303 5.2786 0.0166
5.3070 5.2303 5.2790 0.0162
5.3070 5.2303 5.2791 0.0163
5.3070 5.2303 5.2791 0.0163
5.3070 5.2303 5.2796 0.0157
5.3070 5.2303 5.2796 0.0157
5.3070 5.2303 5.2797 0.0157
5.3070 5.2303 5.2797 0.0157
5.3070 5.2303 5.2797 0.0157
5.3070 5.2303 5.2797 0.0157
5.3070 5.2303 5.2797 0.0157
5.3070 5.2303 5.2797 0.0157
5.3070 5.2303 5.2800 0.0155
5.3070 5.2303 5.2803 0.0150
5.3070 5.2303 5.2804 0.0150
5.3070 5.2303 5.2804 0.0150
5.3070 5.2303 5.2804 0.0150
5.3070 5.2303 5.2804 0.0150
5.3070 5.2303 5.2804 0.0150
5.3070 5.2303 5.2804 0.0150
5.3200 5.2303 5.2807 0.0155
5.3200 5.2303 5.2807 0.0155
5.3200 5.2303 5.2807 0.0155
5.3200 5.2303 5.2807 0.0155
5.3200 5.2303 5.2807 0.0155
5.3200 5.2303 5.2807 0.0155
5.3200 5.2303 5.2807 0.0155
5.3200 5.2303 5.2807 0.0155
5.3200 5.2303 5.2810 0.0155
5.3200 5.2303 5.2811 0.0156
5.3200 5.2303 5.2811 0.0156
5.3200 5.2303 5.2811 0.0156
5.3200 5.2303 5.2811 0.0156
5.3200 5.2303 5.2812 0.0156
5.3200 5.2303 5.2812 0.0156
5.3200 5.2303 5.2812 0.0156
5.3200 5.2303 5.2813 0.0156
5.3200 5.2303 5.2813 0.0156
5.3200 5.2303 5.2815 0.0156
5.3200 5.2303 5.2817 0.0156
5.3200 5.2303 5.2817 0.0156
5.3200 5.2303 5.2818 0.0157
5.3200 5.2303 5.2821 0.0153
5.3200 5.2303 5.2821 0.0153
5.3200 5.2303 5.2824 0.0154
5.3200 5.2303 5.2824 0.0154
5.3200 5.2303 5.2824 0.0154
5.3200 5.2303 5.2824 0.0154
5.3200 5.2303 5.2824 0.0154
5.3200 5.2303 5.2824 0.0154
5.3200 5.2303 5.2824 0.0154
5.3200 5.2303 5.2826 0.0156
5.3200 5.2303 5.2827 0.0156
5.3200 5.2303 5.2828 0.0156
5.3200 5.2303 5.2828 0.0156
5.3200 5.2303 5.2830 0.0156
5.3200 5.2303 5.2830 0.0156
5.3200 5.2303 5.2830 0.0156
5.3200 5.2303 5.2830 0.0156
5.3200 5.2303 5.2831 0.0156
5.3200 5.2303 5.2832 0.0156
5.3200 5.2303 5.2833 0.0156
5.3200 5.2303 5.2833 0.0156
5.3200 5.2303 5.2833 0.0156
5.3200 5.2303 5.2834 0.0158
5.3200 5.2303 5.2836 0.0159
5.3200 5.2303 5.2837 0.0159
5.3200 5.2303 5.2837 0.0159
5.3200 5.2303 5.2837 0.0159
5.3200 5.2303 5.2837 0.0159
5.3200 5.2303 5.2837 0.0159
5.3200 5.2303 5.2840 0.0160
5.3200 5.2303 5.2840 0.0160
5.3200 5.2303 5.2840 0.0160
5.3200 5.2303 5.2840 0.0161
5.3200 5.2303 5.2840 0.0161
5.3200 5.2303 5.2840 0.0161
5.3200 5.2303 5.2841 0.0161
5.3200 5.2303 5.2842 0.0161
5.3200 5.2303 5.2843 0.0160
5.3200 5.2303 5.2843 0.0160
5.3200 5.2303 5.2843 0.0160
5.3200 5.2303 5.2844 0.0161
5.3200 5.2303 5.2844 0.0161
5.3200 5.2303 5.2844 0.0161
5.3200 5.2303 5.2844 0.0161
5.3200 5.2303 5.2844 0.0161
5.3200 5.2303 5.2844 0.0161
5.3200 5.2303 5.2845 0.0161
5.3200 5.2303 5.2845 0.0161
5.3200 5.2303 5.2849 0.0156
5.3200 5.2303 5.2849 0.0156
5.3200 5.2303 5.2849 0.0156
5.3200 5.2303 5.2849 0.0156
5.3200 5.2303 5.2849 0.0156
5.3200 5.2303 5.2849 0.0156
5.3200 5.2303 5.2849 0.0156
5.3200 5.2303 5.2849 0.0156
5.3200 5.2303 5.2850 0.0156
5.3200 5.2303 5.2851 0.0156
5.3228 5.2303 5.2856 0.0160
5.3228 5.2303 5.2857 0.0159
5.3228 5.2303 5.2857 0.0159
5.3228 5.2303 5.2857 0.0159
5.3228 5.2303 5.2857 0.0159
5.3228 5.2303 5.2857 0.0159
5.3228 5.2303 5.2857 0.0159
5.3228 5.2303 5.2858 0.0160
5.3228 5.2303 5.2858 0.0160
5.3228 5.2303 5.2858 0.0160
5.3228 5.2303 5.2859 0.0160
5.3228 5.2303 5.2860 0.0160
5.3228 5.2303 5.2860 0.0160
5.3228 5.2303 5.2860 0.0160
5.3228 5.2303 5.2860 0.0160
5.3228 5.2303 5.2860 0.0160
5.3228 5.2303 5.2860 0.0160
5.3228 5.2303 5.2860 0.0160
5.3228 5.2303 5.2861 0.0160
5.3228 5.2303 5.2861 0.0160
5.3228 5.2303 5.2861 0.0160
5.3228 5.2303 5.2861 0.0160
5.3228 5.2303 5.2861 0.0160
5.3228 5.2303 5.2862 0.0160
5.3228 5.2303 5.2862 0.0160
5.3228 5.2303 5.2862 0.0160
5.3228 5.2303 5.2862 0.0160
5.3228 5.2303 5.2867 0.0164
5.3228 5.2303 5.2867 0.0164
5.3228 5.2303 5.2867 0.0164
5.3228 5.2303 5.2867 0.0164
5.3228 5.2303 5.2867 0.0164
5.3228 5.2303 5.2867 0.0164
5.3228 5.2303 5.2867 0.0164
5.3228 5.2303 5.2867 0.0164
5.3228 5.2303 5.2867 0.0164
5.3228 5.2303 5.2867 0.0164
5.3228 5.2303 5.2867 0.0164
5.3228 5.2303 5.2867 0.0164
5.3228 5.2303 5.2867 0.0164
5.3228 5.2303 5.2867 0.0164
5.3228 5.2303 5.2867 0.0164
5.3228 5.2303 5.2867 0.0164
5.3228 5.2303 5.2870 0.0165
5.3228 5.2303 5.2870 0.0165
5.3228 5.2303 5.2875 0.0157
5.3228 5.2303 5.2875 0.0157
5.3228 5.2303 5.2875 0.0157
5.3228 5.2303 5.2876 0.0157
5.3228 5.2303 5.2876 0.0157
5.3228 5.2303 5.2876 0.0157
5.3228 5.2303 5.2878 0.0158
5.3228 5.2303 5.2878 0.0158
5.3228 5.2303 5.2878 0.0158
5.3228 5.2303 5.2878 0.0158
5.3228 5.2303 5.2878 0.0158
5.3228 5.2303 5.2878 0.0158
5.3228 5.2303 5.2878 0.0158
5.3228 5.2303 5.2879 0.0158
5.3228 5.2303 5.2879 0.0158
5.3228 5.2303 5.2879 0.0158
5.3228 5.2303 5.2879 0.0158
5.3228 5.2303 5.2879 0.0158
5.3228 5.2303 5.2879 0.0158
5.3228 5.2303 5.2879 0.0158
5.3292 5.2303 5.2883 0.0163
5.3292 5.2303 5.2883 0.0163
5.3292 5.2303 5.2883 0.0163
5.3292 5.2303 5.2884 0.0163
5.3292 5.2303 5.2885 0.0163
5.3292 5.2303 5.2885 0.0163
5.3292 5.2303 5.2885 0.0163
5.3292 5.2303 5.2886 0.0162
5.3292 5.2303 5.2887 0.0162
5.3292 5.2303 5.2887 0.0162
5.3292 5.2303 5.2887 0.0162
5.3292 5.2303 5.2889 0.0160
5.3292 5.2303 5.2889 0.0160
5.3292 5.2303 5.2889 0.0160
5.3292 5.2303 5.2891 0.0160
5.3292 5.2303 5.2891 0.0160
5.3292 5.2303 5.2891 0.0160
5.3292 5.2303 5.2894 0.0162
5.3292 5.2325 5.2900 0.0150
5.3292 5.2325 5.2901 0.0151
5.3292 5.2325 5.2901 0.0151
5.3292 5.2414 5.2905 0.0140
5.3292 5.2414 5.2905 0.0140
5.3292 5.2414 5.2905 0.0140
5.3292 5.2414 5.2908 0.0138
5.3292 5.2414 5.2909 0.0137
5.3292 5.2414 5.2909 0.0137
5.3292 5.2414 5.2912 0.0141
5.3292 5.2414 5.2912 0.0141
5.3292 5.2414 5.2914 0.0142
5.3292 5.2414 5.2914 0.0142
5.3292 5.2414 5.2914 0.0142
5.3292 5.2414 5.2918 0.0134
5.3292 5.2414 5.2920 0.0132
5.3292 5.2414 5.2920 0.0132
5.3292 5.2414 5.2920 0.0132
5.3292 5.2414 5.2920 0.0132
5.3292 5.2414 5.2921 0.0131
5.3292 5.2414 5.2921 0.0131
5.3292 5.2414 5.2921 0.0131
5.3292 5.2414 5.2922 0.0131
5.3292 5.2414 5.2923 0.0131
5.3292 5.2414 5.2923 0.0131
5.3292 5.2414 5.2923 0.0131
5.3292 5.2414 5.2923 0.0131
5.3292 5.2414 5.2924 0.0131
5.3292 5.2414 5.2924 0.0131
5.3292 5.2414 5.2924 0.0131
5.3292 5.2414 5.2924 0.0131
5.3292 5.2414 5.2924 0.0131
5.3292 5.2414 5.2924 0.0131
5.3292 5.2414 5.2925 0.0131
5.3292 5.2414 5.2925 0.0131
5.3292 5.2414 5.2925 0.0131
5.3292 5.2414 5.2925 0.0131
5.3292 5.2414 5.2925 0.0131
5.3292 5.2414 5.2925 0.0131
5.3292 5.2414 5.2925 0.0131
5.3292 5.2414 5.2925 0.0131
5.3292 5.2414 5.2925 0.0131
5.3292 5.2414 5.2925 0.0131
5.3292 5.2414 5.2925 0.0131
5.3292 5.2414 5.2925 0.0131
5.3292 5.2414 5.2925 0.0131
5.3292 5.2414 5.2925 0.0131
5.3292 5.2414 5.2925 0.0131
5.3292 5.2414 5.2926 0.0132
5.3292 5.2414 5.2926 0.0132
5.3292 5.2414 5.2926 0.0132
5.3292 5.2414 5.2926 0.0132
5.3292 5.2414 5.2926 0.0132
5.3292 5.2414 5.2926 0.0132
5.3292 5.2414 5.2927 0.0132
5.3292 5.2414 5.2927 0.0132
5.3292 5.2414 5.2927 0.0132
5.3292 5.2414 5.2929 0.0133
5.3292 5.2414 5.2929 0.0133
5.3292 5.2414 5.2930 0.0133
5.3292 5.2414 5.2930 0.0133
5.3292 5.2414 5.2930 0.0133
5.3292 5.2414 5.2930 0.0133
5.3292 5.2414 5.2931 0.0132
5.3292 5.2414 5.2931 0.0132
5.3292 5.2414 5.2931 0.0132
5.3292 5.2414 5.2931 0.0132
5.3292 5.2414 5.2931 0.0132
5.3292 5.2414 5.2931 0.0132
5.3292 5.2414 5.2933 0.0131
5.3292 5.2414 5.2933 0.0131
5.3292 5.2414 5.2934 0.0131
5.3292 5.2414 5.2934 0.0131
5.3292 5.2414 5.2934 0.0131
5.3292 5.2414 5.2934 0.0131
5.3292 5.2414 5.2934 0.0131
5.3292 5.2414 5.2938 0.0134
5.3292 5.2414 5.2938 0.0134
5.3292 5.2414 5.2939 0.0134
5.3292 5.2414 5.2939 0.0134
5.3292 5.2414 5.2939 0.0134
5.3292 5.2414 5.2939 0.0134
5.3292 5.2414 5.2940 0.0134
5.3292 5.2414 5.2940 0.0134
5.3292 5.2414 5.2940 0.0134
5.3292 5.2414 5.2943 0.0136
5.3292 5.2414 5.2943 0.0136
5.3292 5.2414 5.2943 0.0136
5.3292 5.2414 5.2943 0.0136
5.3292 5.2414 5.2944 0.0136
5.3292 5.2414 5.2944 0.0136
5.3292 5.2414 5.2944 0.0136
5.3292 5.2414 5.2944 0.0136
5.3292 5.2414 5.2944 0.0136
5.3292 5.2414 5.2944 0.0136
5.3292 5.2414 5.2944 0.0136
5.3292 5.2414 5.2946 0.0137
5.3292 5.2414 5.2948 0.0137
5.3292 5.2414 5.2948 0.0137
5.3292 5.2414 5.2951 0.0137
5.3292 5.2414 5.2952 0.0137
5.3292 5.2414 5.2952 0.0137
5.3292 5.2414 5.2952 0.0137
5.3292 5.2414 5.2952 0.0137
5.3292 5.2414 5.2952 0.0137
5.3292 5.2414 5.2952 0.0137
5.3292 5.2414 5.2952 0.0137
5.3292 5.2414 5.2953 0.0136
5.3292 5.2414 5.2953 0.0136
5.3292 5.2414 5.2953 0.0136
5.3292 5.2414 5.2953 0.0136
5.3292 5.2414 5.2953 0.0136
5.3292 5.2414 5.2954 0.0137
5.3292 5.2414 5.2954 0.0137
5.3292 5.2414 5.2954 0.0137
5.3292 5.2414 5.2954 0.0137
5.3292 5.2414 5.2954 0.0137
5.3292 5.2414 5.2954 0.0137
5.3292 5.2414 5.2954 0.0137
5.3292 5.2414 5.2954 0.0137
5.3292 5.2414 5.2954 0.0137
5.3292 5.2414 5.2954 0.0137
5.3292 5.2414 5.2954 0.0137
5.3292 5.2414 5.2954 0.0137
5.3292 5.2414 5.2954 0.0137
5.3292 5.2414 5.2955 0.0137
5.3292 5.2414 5.2955 0.0137
5.3292 5.2414 5.2956 0.0138
5.3292 5.2414 5.2956 0.0138
5.3292 5.2414 5.2957 0.0138
5.3292 5.2414 5.2957 0.0138
5.3292 5.2414 5.2961 0.0141
5.3292 5.2414 5.2964 0.0140
5.3292 5.2414 5.2964 0.0140
5.3292 5.2414 5.2964 0.0140
5.3292 5.2414 5.2964 0.0140
5.3292 5.2414 5.2968 0.0142
5.3292 5.2414 5.2968 0.0142
5.3292 5.2414 5.2968 0.0142
5.3292 5.2414 5.2968 0.0142
5.3292 5.2414 5.2968 0.0142
5.3292 5.2414 5.2968 0.0142
5.3292 5.2414 5.2968 0.0142
5.3292 5.2414 5.2968 0.0142
5.3292 5.2414 5.2968 0.0142
5.3292 5.2414 5.2968 0.0142
5.3292 5.2414 5.2968 0.0142
5.3292 5.2414 5.2968 0.0142
5.3292 5.2414 5.2968 0.0142
5.3292 5.2414 5.2968 0.0142
5.3292 5.2414 5.2968 0.0142
5.3292 5.2414 5.2968 0.0142
5.3292 5.2414 5.2968 0.0142
5.3292 5.2414 5.2970 0.0143
5.3292 5.2414 5.2971 0.0143
5.3292 5.2414 5.2971 0.0143
5.3292 5.2414 5.2971 0.0143
5.3292 5.2414 5.2974 0.0140
5.3292 5.2414 5.2974 0.0140
5.3292 5.2414 5.2974 0.0140
5.3292 5.2414 5.2976 0.0141
5.3292 5.2414 5.2976 0.0141
5.3292 5.2414 5.2976 0.0141
5.3292 5.2414 5.2976 0.0141
5.3292 5.2414 5.2977 0.0142
5.3292 5.2414 5.2977 0.0142
5.3292 5.2414 5.2977 0.0142
5.3292 5.2414 5.2979 0.0144
5.3292 5.2414 5.2979 0.0144
5.3292 5.2414 5.2981 0.0143
5.3292 5.2414 5.2981 0.0143
5.3292 5.2414 5.2981 0.0143
5.3292 5.2414 5.2983 0.0145
5.3292 5.2414 5.2983 0.0145
5.3292 5.2414 5.2984 0.0145
5.3292 5.2414 5.2984 0.0145
5.3292 5.2414 5.2984 0.0145
5.3292 5.2414 5.2984 0.0145
5.3292 5.2414 5.2985 0.0145
5.3292 5.2414 5.2985 0.0145
5.3292 5.2414 5.2985 0.0145
5.3292 5.2414 5.2985 0.0145
5.3292 5.2414 5.2986 0.0144
5.3292 5.2414 5.2986 0.0144
5.3292 5.2414 5.2986 0.0144
5.3292 5.2414 5.2986 0.0144
5.3292 5.2414 5.2986 0.0144
5.3292 5.2414 5.2986 0.0144
5.3292 5.2414 5.2986 0.0144
5.3292 5.2414 5.2988 0.0146
5.3292 5.2414 5.2988 0.0146
5.3292 5.2414 5.2989 0.0146
5.3292 5.2414 5.2989 0.0146
5.3292 5.2414 5.2989 0.0146
5.3292 5.2414 5.2989 0.0146
5.3292 5.2414 5.2989 0.0146
5.3292 5.2414 5.2990 0.0147
5.3292 5.2414 5.2990 0.0147
5.3292 5.2414 5.2990 0.0147
5.3292 5.2414 5.2992 0.0147
5.3292 5.2414 5.2995 0.0147
5.3292 5.2414 5.2995 0.0147
5.3292 5.2414 5.2995 0.0147
5.3292 5.2414 5.2995 0.0147
5.3292 5.2414 5.2995 0.0147
5.3292 5.2414 5.2995 0.0147
5.3292 5.2414 5.2995 0.0147
5.3292 5.2414 5.2995 0.0147
5.3292 5.2414 5.2995 0.0147
5.3292 5.2414 5.2995 0.0147
5.3292 5.2414 5.2997 0.0147
5.3292 5.2414 5.2998 0.0147
5.3292 5.2414 5.2999 0.0147
5.3292 5.2414 5.2999 0.0147
5.3292 5.2414 5.2999 0.0147
5.3292 5.2414 5.2999 0.0147
5.3292 5.2414 5.3001 0.0147
5.3292 5.2414 5.3001 0.0147
5.3292 5.2414 5.3001 0.0146
5.3292 5.2414 5.3004 0.0147
5.3292 5.2414 5.3004 0.0147
5.3292 5.2414 5.3004 0.0147
5.3292 5.2414 5.3004 0.0147
5.3292 5.2414 5.3004 0.0147
5.3292 5.2414 5.3004 0.0147
5.3292 5.2414 5.3004 0.0147
5.3292 5.2414 5.3004 0.0147
5.3292 5.2414 5.3009 0.0137
5.3292 5.2414 5.3009 0.0137
5.3292 5.2414 5.3009 0.0137
5.3292 5.2414 5.3009 0.0137
5.3292 5.2414 5.3012 0.0137
5.3292 5.2414 5.3012 0.0137
5.3292 5.2414 5.3012 0.0137
5.3292 5.2414 5.3012 0.0137
5.3292 5.2414 5.3013 0.0137
5.3292 5.2414 5.3015 0.0136
5.3292 5.2414 5.3015 0.0136
5.3292 5.2414 5.3017 0.0136
5.3292 5.2414 5.3017 0.0136
5.3292 5.2414 5.3018 0.0136
5.3292 5.2414 5.3018 0.0136
5.3292 5.2414 5.3018 0.0136
5.3292 5.2414 5.3020 0.0138
5.3414 5.2414 5.3023 0.0143
5.3414 5.2414 5.3025 0.0145
5.3414 5.2414 5.3025 0.0145
5.3414 5.2414 5.3025 0.0145
5.3414 5.2414 5.3028 0.0143
5.3414 5.2414 5.3028 0.0143
5.3414 5.2414 5.3029 0.0143
5.3414 5.2414 5.3029 0.0143
5.3414 5.2414 5.3029 0.0143
5.3414 5.2653 5.3034 0.0129
5.3414 5.2653 5.3034 0.0129
5.3414 5.2653 5.3034 0.0129
5.3414 5.2653 5.3034 0.0129
5.3414 5.2763 5.3038 0.0123
5.3414 5.2763 5.3038 0.0123
5.3414 5.2763 5.3038 0.0123
5.3414 5.2763 5.3039 0.0123
5.3414 5.2763 5.3039 0.0123
5.3414 5.2763 5.3039 0.0123
5.3414 5.2763 5.3039 0.0123
5.3414 5.2763 5.3039 0.0123
5.3414 5.2763 5.3039 0.0123
5.3414 5.2763 5.3041 0.0123
5.3414 5.2763 5.3041 0.0123
5.3414 5.2763 5.3041 0.0123
5.3414 5.2763 5.3041 0.0123
5.3414 5.2763 5.3041 0.0123
5.3414 5.2763 5.3041 0.0123
5.3414 5.2763 5.3041 0.0123
5.3414 5.2763 5.3041 0.0123
5.3414 5.2763 5.3042 0.0123
5.3414 5.2763 5.3042 0.0123
5.3414 5.2763 5.3042 0.0123
5.3414 5.2763 5.3042 0.0123
5.3414 5.2763 5.3044 0.0122
5.3414 5.2763 5.3044 0.0122
5.3414 5.2763 5.3044 0.0122
5.3414 5.2763 5.3044 0.0122
5.3414 5.2763 5.3044 0.0122
5.3414 5.2763 5.3046 0.0124
5.3414 5.2763 5.3047 0.0124
5.3414 5.2763 5.3047 0.0124
5.3414 5.2763 5.3047 0.0124
5.3414 5.2763 5.3048 0.0124
5.3414 5.2763 5.3048 0.0124
5.3414 5.2818 5.3053 0.0122
5.3414 5.2818 5.3053 0.0122
5.3414 5.2818 5.3053 0.0122
5.3414 5.2818 5.3053 0.0122
5.3414 5.2818 5.3053 0.0122
5.3414 5.2818 5.3053 0.0122
5.3414 5.2818 5.3055 0.0123
5.3414 5.2818 5.3055 0.0123
5.3414 5.2818 5.3055 0.0123
5.3414 5.2818 5.3055 0.0123
5.3414 5.2818 5.3056 0.0124
5.3414 5.2818 5.3056 0.0124
5.3414 5.2818 5.3056 0.0124
5.3414 5.2818 5.3056 0.0124
5.3414 5.2818 5.3056 0.0124
5.3414 5.2818 5.3056 0.0124
5.3414 5.2818 5.3056 0.0124
5.3414 5.2818 5.3056 0.0124
5.3414 5.2818 5.3058 0.0125
5.3414 5.2818 5.3058 0.0125
5.3414 5.2818 5.3058 0.0125
5.3414 5.2818 5.3059 0.0124
5.3414 5.2818 5.3059 0.0124
5.3414 5.2818 5.3059 0.0124
5.3414 5.2818 5.3059 0.0124
5.3414 5.2818 5.3059 0.0124
5.3414 5.2818 5.3059 0.0124
5.3414 5.2818 5.3059 0.0124
5.3414 5.2818 5.3059 0.0124
5.3414 5.2818 5.3059 0.0124
5.3414 5.2818 5.3059 0.0124
5.3414 5.2821 5.3062 0.0122
5.3414 5.2821 5.3062 0.0122
5.3414 5.2821 5.3062 0.0122
5.3414 5.2821 5.3065 0.0123
5.3414 5.2821 5.3065 0.0123
5.3414 5.2821 5.3065 0.0123
5.3414 5.2821 5.3065 0.0123
5.3414 5.2821 5.3065 0.0123
5.3414 5.2821 5.3065 0.0123
5.3414 5.2821 5.3065 0.0123
5.3414 5.2821 5.3065 0.0123
5.3414 5.2821 5.3066 0.0123
5.3414 5.2821 5.3067 0.0123
5.3414 5.2821 5.3067 0.0123
5.3414 5.2821 5.3069 0.0121
5.3414 5.2821 5.3070 0.0121
5.3414 5.2821 5.3070 0.0121
5.3414 5.2821 5.3070 0.0121
5.3414 5.2821 5.3070 0.0121
5.3414 5.2821 5.3073 0.0120
5.3414 5.2821 5.3073 0.0120
5.3414 5.2821 5.3073 0.0120
5.3414 5.2821 5.3073 0.0120
5.3414 5.2821 5.3076 0.0120
5.3414 5.2821 5.3076 0.0120
5.3414 5.2821 5.3076 0.0120
5.3414 5.2821 5.3076 0.0120
5.3414 5.2821 5.3079 0.0120
5.3414 5.2821 5.3079 0.0120
5.3414 5.2821 5.3079 0.0120
5.3414 5.2821 5.3079 0.0120
5.3414 5.2821 5.3079 0.0120
5.3414 5.2821 5.3080 0.0121
5.3414 5.2821 5.3083 0.0121
5.3414 5.2821 5.3083 0.0120
5.3414 5.2821 5.3083 0.0120
5.3414 5.2821 5.3083 0.0120
5.3414 5.2821 5.3084 0.0121
5.3414 5.2821 5.3085 0.0121
5.3414 5.2821 5.3085 0.0121
5.3414 5.2821 5.3085 0.0121
5.3414 5.2821 5.3085 0.0121
5.3414 5.2821 5.3085 0.0121
5.3414 5.2821 5.3088 0.0120
5.3414 5.2821 5.3088 0.0120
5.3414 5.2821 5.3088 0.0120
5.3414 5.2821 5.3090 0.0121
5.3414 5.2821 5.3090 0.0121
5.3414 5.2821 5.3090 0.0121
5.3414 5.2821 5.3090 0.0121
5.3414 5.2821 5.3090 0.0121
5.3414 5.2821 5.3091 0.0122
5.3414 5.2821 5.3091 0.0122
5.3414 5.2821 5.3094 0.0121
5.3414 5.2821 5.3096 0.0119
5.3414 5.2821 5.3096 0.0119
5.3414 5.2821 5.3096 0.0119
5.3414 5.2821 5.3096 0.0119
5.3414 5.2821 5.3097 0.0118
5.3414 5.2821 5.3098 0.0119
5.3414 5.2821 5.3098 0.0119
5.3414 5.2821 5.3098 0.0119
5.3414 5.2821 5.3098 0.0119
5.3414 5.2821 5.3098 0.0119
5.3414 5.2821 5.3098 0.0119
5.3414 5.2821 5.3099 0.0119
5.3414 5.2821 5.3100 0.0119
5.3414 5.2821 5.3100 0.0119
5.3414 5.2821 5.3100 0.0119
5.3414 5.2821 5.3100 0.0119
5.3414 5.2821 5.3100 0.0119
5.3414 5.2821 5.3100 0.0119
5.3414 5.2821 5.3100 0.0119
5.3414 5.2821 5.3100 0.0119
5.3414 5.2821 5.3100 0.0119
5.3414 5.2821 5.3100 0.0119
5.3414 5.2821 5.3101 0.0119
5.3414 5.2821 5.3101 0.0119
5.3414 5.2821 5.3103 0.0118
5.3414 5.2821 5.3103 0.0118
5.3414 5.2821 5.3104 0.0118
5.3414 5.2821 5.3105 0.0119
5.3414 5.2821 5.3107 0.0120
5.3414 5.2821 5.3107 0.0120
5.3414 5.2821 5.3107 0.0120
5.3414 5.2821 5.3107 0.0121
5.3414 5.2821 5.3107 0.0121
5.3414 5.2821 5.3110 0.0120
5.3414 5.2821 5.3110 0.0120
5.3414 5.2821 5.3110 0.0120
5.3414 5.2821 5.3110 0.0120
5.3414 5.2821 5.3110 0.0120
5.3414 5.2821 5.3112 0.0120
5.3414 5.2821 5.3112 0.0120
5.3414 5.2821 5.3113 0.0119
5.3414 5.2821 5.3117 0.0118
5.3414 5.2821 5.3117 0.0118
5.3414 5.2821 5.3117 0.0118
5.3414 5.2821 5.3117 0.0118
5.3414 5.2821 5.3117 0.0118
5.3414 5.2821 5.3117 0.0118
5.3414 5.2821 5.3117 0.0118
5.3414 5.2821 5.3117 0.0118
5.3414 5.2821 5.3117 0.0118
5.3414 5.2821 5.3117 0.0118
5.3414 5.2821 5.3117 0.0118
5.3414 5.2821 5.3117 0.0118
5.3414 5.2821 5.3117 0.0118
5.3414 5.2821 5.3118 0.0119
5.3414 5.2821 5.3119 0.0120
5.3414 5.2821 5.3119 0.0120
5.3414 5.2821 5.3123 0.0120
5.3414 5.2821 5.3123 0.0120
5.3414 5.2821 5.3123 0.0120
5.3414 5.2821 5.3123 0.0120
5.3414 5.2821 5.3123 0.0120
5.3414 5.2821 5.3123 0.0120
5.3414 5.2821 5.3124 0.0118
5.3414 5.2821 5.3124 0.0118
5.3414 5.2821 5.3125 0.0118
5.3414 5.2821 5.3126 0.0117
5.3414 5.2821 5.3126 0.0118
5.3414 5.2821 5.3126 0.0118
5.3414 5.2821 5.3126 0.0118
5.3414 5.2821 5.3126 0.0118
5.3414 5.2821 5.3126 0.0118
5.3414 5.2821 5.3130 0.0114
5.3414 5.2821 5.3130 0.0114
5.3414 5.2821 5.3130 0.0114
5.3414 5.2821 5.3130 0.0114
5.3414 5.2821 5.3130 0.0114
5.3414 5.2821 5.3130 0.0114
5.3414 5.2821 5.3132 0.0116
5.3414 5.2821 5.3132 0.0116
5.3414 5.2821 5.3132 0.0116
5.3414 5.2821 5.3132 0.0116
5.3414 5.2821 5.3134 0.0116
5.3414 5.2821 5.3134 0.0116
5.3414 5.2821 5.3135 0.0116
5.3414 5.2821 5.3136 0.0116
5.3414 5.2821 5.3136 0.0116
5.3414 5.2821 5.3136 0.0117
5.3414 5.2821 5.3136 0.0117
5.3414 5.2821 5.3136 0.0117
5.3414 5.2821 5.3136 0.0117
5.3414 5.2821 5.3136 0.0117
5.3414 5.2821 5.3136 0.0117
5.3414 5.2821 5.3136 0.0117
5.3414 5.2821 5.3139 0.0116
5.3414 5.2831 5.3142 0.0112
5.3414 5.2831 5.3142 0.0113
5.3414 5.2831 5.3142 0.0113
5.3414 5.2831 5.3142 0.0113
5.3414 5.2831 5.3143 0.0110
5.3414 5.2831 5.3145 0.0111
5.3414 5.2831 5.3145 0.0110
5.3414 5.2831 5.3147 0.0111
5.3414 5.2831 5.3147 0.0110
5.3414 5.2831 5.3147 0.0110
5.3414 5.2831 5.3147 0.0110
5.3414 5.2831 5.3149 0.0110
5.3414 5.2831 5.3149 0.0110
5.3414 5.2831 5.3149 0.0110
5.3414 5.2831 5.3150 0.0111
5.3414 5.2831 5.3150 0.0111
5.3414 5.2831 5.3150 0.0111
5.3414 5.2831 5.3152 0.0114
5.3414 5.2831 5.3152 0.0114
5.3414 5.2831 5.3154 0.0115
5.3414 5.2831 5.3156 0.0114
5.3414 5.2831 5.3156 0.0114
5.3414 5.2831 5.3156 0.0113
5.3414 5.2831 5.3159 0.0113
5.3414 5.2831 5.3159 0.0113
5.3414 5.2831 5.3161 0.0113
5.3414 5.2831 5.3161 0.0113
5.3414 5.2831 5.3161 0.0113
5.3414 5.2831 5.3161 0.0113
5.3414 5.2831 5.3161 0.0113
5.3414 5.2831 5.3161 0.0113
5.3414 5.2831 5.3161 0.0113
5.3414 5.2831 5.3161 0.0113
5.3414 5.2831 5.3164 0.0113
5.3414 5.2831 5.3164 0.0113
5.3414 5.2831 5.3164 0.0113
5.3414 5.2831 5.3164 0.0113
5.3414 5.2831 5.3164 0.0113
5.3414 5.2831 5.3164 0.0113
5.3414 5.2831 5.3164 0.0113
5.3414 5.2831 5.3164 0.0113
5.3414 5.2831 5.3164 0.0113
5.3414 5.2831 5.3166 0.0112
5.3414 5.2831 5.3166 0.0112
5.3414 5.2831 5.3166 0.0112
5.3414 5.2831 5.3166 0.0112
5.3414 5.2831 5.3167 0.0112
5.3414 5.2831 5.3167 0.0112
5.3414 5.2831 5.3167 0.0112
5.3414 5.2831 5.3169 0.0113
5.3414 5.2831 5.3171 0.0113
5.3414 5.2831 5.3175 0.0114
5.3414 5.2831 5.3178 0.0111
5.3414 5.2831 5.3178 0.0111
5.3414 5.2831 5.3178 0.0111
5.3414 5.2831 5.3178 0.0111
5.3414 5.2831 5.3178 0.0111
5.3414 5.2831 5.3178 0.0111
5.3414 5.2831 5.3178 0.0111
5.3414 5.2831 5.3178 0.0111
5.3414 5.2831 5.3178 0.0111
5.3414 5.2831 5.3178 0.0111
5.3414 5.2831 5.3178 0.0111
5.3414 5.2831 5.3180 0.0111
5.3414 5.2831 5.3180 0.0111
5.3414 5.2831 5.3180 0.0111
5.3414 5.2831 5.3180 0.0111
5.3414 5.2831 5.3180 0.0111
5.3414 5.2831 5.3180 0.0111
5.3414 5.2831 5.3180 0.0111
5.3414 5.2831 5.3181 0.0112
5.3414 5.2831 5.3182 0.0112
5.3414 5.2831 5.3182 0.0112
5.3414 5.2831 5.3182 0.0112
5.3414 5.2831 5.3183 0.0112
5.3414 5.2831 5.3183 0.0112
5.3414 5.2831 5.3183 0.0112
5.3414 5.2831 5.3184 0.0112
5.3414 5.2831 5.3184 0.0112
5.3414 5.2831 5.3184 0.0112
5.3414 5.2831 5.3185 0.0112
5.3414 5.2831 5.3185 0.0111
5.3414 5.2831 5.3185 0.0111
5.3414 5.2831 5.3185 0.0111
5.3414 5.2831 5.3185 0.0111
5.3414 5.2831 5.3186 0.0111
5.3414 5.2831 5.3186 0.0111
5.3414 5.2831 5.3186 0.0111
5.3414 5.2831 5.3186 0.0111
5.3414 5.2831 5.3186 0.0111
5.3414 5.2831 5.3187 0.0111
5.3414 5.2831 5.3187 0.0111
5.3414 5.2831 5.3189 0.0113
5.3414 5.2831 5.3192 0.0112
5.3414 5.2831 5.3193 0.0111
5.3414 5.2831 5.3193 0.0111
5.3414 5.2831 5.3193 0.0111
5.3414 5.2831 5.3193 0.0111
5.3414 5.2831 5.3194 0.0111
5.3414 5.2831 5.3195 0.0112
5.3414 5.2831 5.3195 0.0112
5.3414 5.2831 5.3195 0.0112
5.3414 5.2831 5.3195 0.0112
5.3414 5.2831 5.3195 0.0112
5.3414 5.2831 5.3195 0.0112
5.3414 5.2831 5.3196 0.0112
5.3414 5.2831 5.3196 0.0112
5.3414 5.2831 5.3196 0.0112
5.3414 5.2831 5.3196 0.0112
5.3414 5.2831 5.3196 0.0112
5.3414 5.2831 5.3196 0.0112
5.3414 5.2831 5.3196 0.0112
5.3414 5.2831 5.3196 0.0112
5.3414 5.2831 5.3196 0.0112
5.3414 5.2831 5.3196 0.0112
5.3414 5.2831 5.3196 0.0112
5.3414 5.2831 5.3197 0.0112
5.3414 5.2831 5.3200 0.0111
5.3414 5.2831 5.3200 0.0111
5.3414 5.2831 5.3201 0.0110
5.3414 5.2831 5.3203 0.0110
5.3414 5.2831 5.3203 0.0110
5.3414 5.2831 5.3206 0.0112
5.3414 5.2831 5.3206 0.0112
5.3414 5.2831 5.3206 0.0112
5.3414 5.2831 5.3206 0.0112
5.3414 5.2831 5.3207 0.0113
5.3414 5.2831 5.3211 0.0112
5.3414 5.2831 5.3212 0.0112
5.3414 5.2831 5.3212 0.0112
5.3414 5.2831 5.3214 0.0112
5.3414 5.2831 5.3214 0.0112
5.3414 5.2831 5.3214 0.0112
5.3414 5.2831 5.3214 0.0112
5.3414 5.2831 5.3214 0.0112
5.3414 5.2831 5.3215 0.0111
5.3414 5.2831 5.3215 0.0111
5.3414 5.2831 5.3216 0.0110
5.3414 5.2831 5.3216 0.0110
5.3414 5.2831 5.3216 0.0110
5.3414 5.2831 5.3217 0.0111
5.3414 5.2831 5.3217 0.0111
5.3414 5.2831 5.3217 0.0111
5.3414 5.2831 5.3217 0.0111
5.3414 5.2831 5.3217 0.0111
5.3414 5.2831 5.3218 0.0111
5.3414 5.2831 5.3218 0.0111
5.3414 5.2831 5.3218 0.0111
5.3414 5.2831 5.3218 0.0111
5.3414 5.2831 5.3218 0.0111
5.3414 5.2831 5.3218 0.0111
5.3414 5.2831 5.3219 0.0112
5.3414 5.2831 5.3220 0.0112
5.3414 5.2831 5.3220 0.0112
5.3414 5.2831 5.3220 0.0112
5.3414 5.2831 5.3220 0.0112
5.3414 5.2831 5.3220 0.0112
5.3414 5.2831 5.3221 0.0112
5.3414 5.2831 5.3221 0.0112
5.3414 5.2831 5.3221 0.0112
5.3421 5.2831 5.3222 0.0113
5.3421 5.2831 5.3222 0.0113
5.3421 5.2831 5.3222 0.0113
5.3421 5.2831 5.3224 0.0115
5.3421 5.2831 5.3225 0.0114
5.3421 5.2831 5.3225 0.0114
5.3421 5.2831 5.3225 0.0114
5.3421 5.2831 5.3225 0.0114
5.3421 5.2831 5.3225 0.0114
5.3421 5.2831 5.3225 0.0114
5.3421 5.2831 5.3225 0.0114
5.3421 5.2831 5.3225 0.0114
5.3421 5.2831 5.3226 0.0115
5.3421 5.2831 5.3226 0.0115
5.3421 5.2831 5.3226 0.0115
5.3421 5.2831 5.3226 0.0115
5.3421 5.2831 5.3226 0.0114
5.3421 5.2831 5.3230 0.0115
5.3421 5.2831 5.3230 0.0115
5.3421 5.2831 5.3230 0.0115
5.3421 5.2831 5.3230 0.0115
5.3421 5.2831 5.3230 0.0115
5.3421 5.2831 5.3230 0.0115
5.3421 5.2831 5.3230 0.0115
5.3421 5.2831 5.3233 0.0113
5.3421 5.2831 5.3234 0.0113
5.3421 5.2831 5.3235 0.0113
5.3421 5.2831 5.3235 0.0113
5.3421 5.2831 5.3235 0.0113
5.3421 5.2831 5.3238 0.0114
5.3421 5.2886 5.3242 0.0106
5.3421 5.2886 5.3242 0.0106
5.3421 5.2886 5.3243 0.0107
5.3421 5.2886 5.3243 0.0107
5.3421 5.2886 5.3243 0.0107
5.3442 5.2886 5.3244 0.0108
5.3442 5.2886 5.3245 0.0108
5.3442 5.2886 5.3245 0.0108
5.3442 5.2886 5.3245 0.0108
5.3442 5.2886 5.3247 0.0106
5.3442 5.2886 5.3247 0.0106
5.3442 5.2886 5.3247 0.0106
5.3442 5.2886 5.3250 0.0104
5.3442 5.2886 5.3250 0.0104
5.3442 5.2886 5.3250 0.0105
5.3442 5.2886 5.3250 0.0105
5.3442 5.2886 5.3250 0.0105
5.3442 5.2886 5.3251 0.0106
5.3442 5.2886 5.3252 0.0106
5.3442 5.2886 5.3252 0.0106
5.3442 5.2886 5.3252 0.0106
5.3442 5.2886 5.3252 0.0106
5.3442 5.2886 5.3252 0.0106
5.3442 5.2886 5.3252 0.0106
5.3442 5.2886 5.3252 0.0106
5.3442 5.2886 5.3252 0.0106
5.3442 5.2886 5.3253 0.0106
5.3442 5.2886 5.3253 0.0106
5.3442 5.2886 5.3253 0.0106
5.3442 5.2886 5.3253 0.0106
5.3442 5.2886 5.3253 0.0106
5.3442 5.2886 5.3256 0.0103
5.3442 5.2886 5.3256 0.0103
5.3442 5.2886 5.3256 0.0103
5.3442 5.2886 5.3256 0.0104
5.3442 5.2886 5.3256 0.0104
5.3442 5.2886 5.3256 0.0104
5.3442 5.2886 5.3256 0.0104
5.3442 5.2886 5.3257 0.0103
5.3442 5.2886 5.3257 0.0103
5.3442 5.2886 5.3259 0.0104
5.3442 5.2886 5.3259 0.0104
5.3442 5.2886 5.3259 0.0105
5.3442 5.2886 5.3259 0.0104
5.3442 5.2886 5.3260 0.0104
5.3442 5.2886 5.3262 0.0103
5.3442 5.2886 5.3263 0.0103
5.3442 5.2886 5.3263 0.0103
5.3442 5.2886 5.3263 0.0103
5.3442 5.2886 5.3263 0.0103
5.3442 5.2886 5.3264 0.0102
5.3442 5.2886 5.3264 0.0102
5.3442 5.2886 5.3264 0.0103
5.3442 5.2886 5.3264 0.0103
5.3442 5.2886 5.3266 0.0104
5.3442 5.2886 5.3266 0.0104
5.3442 5.2886 5.3266 0.0104
5.3442 5.2886 5.3266 0.0104
5.3442 5.2886 5.3266 0.0104
5.3442 5.2886 5.3266 0.0104
5.3442 5.2886 5.3269 0.0104
5.3442 5.2886 5.3269 0.0104
5.3442 5.2886 5.3270 0.0104
5.3442 5.2886 5.3273 0.0104
5.3442 5.2886 5.3273 0.0104
5.3442 5.2886 5.3275 0.0103
5.3442 5.2886 5.3275 0.0103
5.3442 5.2886 5.3276 0.0103
5.3442 5.2886 5.3277 0.0104
5.3442 5.2886 5.3278 0.0104
5.3442 5.2886 5.3278 0.0104
5.3442 5.2886 5.3279 0.0105
5.3442 5.2886 5.3280 0.0106
5.3442 5.2886 5.3280 0.0106
5.3442 5.2886 5.3280 0.0106
5.3442 5.2886 5.3280 0.0106
5.3442 5.2886 5.3280 0.0106
5.3442 5.2886 5.3282 0.0107
5.3442 5.2886 5.3283 0.0107
5.3442 5.2886 5.3283 0.0107
5.3442 5.2886 5.3283 0.0107
5.3442 5.2886 5.3283 0.0107
5.3442 5.2886 5.3283 0.0107
5.3442 5.2886 5.3285 0.0106
5.3442 5.2886 5.3285 0.0106
5.3442 5.2886 5.3285 0.0106
5.3442 5.2886 5.3285 0.0106
5.3442 5.2886 5.3287 0.0106
5.3442 5.2886 5.3287 0.0106
5.3442 5.2886 5.3288 0.0107
5.3442 5.2886 5.3292 0.0103
5.3442 5.2886 5.3296 0.0095
5.3442 5.2886 5.3296 0.0095
5.3442 5.2886 5.3296 0.0095
5.3442 5.2886 5.3296 0.0095
5.3442 5.2886 5.3296 0.0095
5.3442 5.2886 5.3296 0.0095
5.3442 5.2886 5.3296 0.0095
5.3442 5.2886 5.3296 0.0095
5.3442 5.2886 5.3296 0.0095
5.3442 5.2886 5.3296 0.0094
5.3442 5.2886 5.3296 0.0094
5.3442 5.2886 5.3296 0.0094
5.3442 5.2886 5.3298 0.0094
5.3442 5.2886 5.3298 0.0094
5.3442 5.2886 5.3298 0.0094
5.3442 5.2886 5.3298 0.0094
5.3442 5.2886 5.3298 0.0094
5.3442 5.2886 5.3298 0.0094
5.3442 5.2886 5.3298 0.0094
5.3442 5.2886 5.3298 0.0094
5.3442 5.2886 5.3299 0.0095
5.3442 5.2886 5.3299 0.0094
5.3442 5.2886 5.3300 0.0095
5.3442 5.2886 5.3302 0.0093
5.3442 5.2886 5.3302 0.0093
5.3442 5.2886 5.3302 0.0093
5.3442 5.2886 5.3302 0.0093
5.3442 5.2886 5.3302 0.0093
5.3442 5.2886 5.3302 0.0093
5.3442 5.2886 5.3303 0.0093
5.3442 5.2886 5.3303 0.0093
5.3442 5.2886 5.3303 0.0093
5.3442 5.2886 5.3303 0.0093
5.3442 5.2886 5.3303 0.0093
5.3442 5.2886 5.3305 0.0094
5.3442 5.2886 5.3305 0.0094
5.3442 5.2886 5.3305 0.0094
5.3442 5.2886 5.3305 0.0094
5.3442 5.2886 5.3305 0.0094
5.3442 5.2886 5.3305 0.0094
5.3442 5.2886 5.3305 0.0094
5.3442 5.2886 5.3305 0.0094
5.3442 5.2886 5.3307 0.0092
5.3442 5.2886 5.3307 0.0092
5.3442 5.2886 5.3307 0.0092
5.3442 5.2886 5.3307 0.0092
5.3442 5.2886 5.3307 0.0092
5.3442 5.2886 5.3308 0.0092
5.3442 5.2886 5.3308 0.0092
5.3442 5.2886 5.3309 0.0093
5.3442 5.2886 5.3309 0.0093
5.3442 5.2886 5.3309 0.0093
5.3442 5.2886 5.3309 0.0093
5.3442 5.2886 5.3311 0.0094
5.3442 5.2886 5.3311 0.0094
5.3442 5.2886 5.3311 0.0094
5.3442 5.2886 5.3312 0.0094
5.3442 5.2886 5.3313 0.0091
5.3442 5.2886 5.3313 0.0091
5.3442 5.2886 5.3313 0.0091
5.3442 5.2886 5.3314 0.0091
5.3442 5.2886 5.3315 0.0091
5.3442 5.2886 5.3315 0.0091
5.3442 5.2886 5.3315 0.0091
5.3442 5.2886 5.3315 0.0092
5.3442 5.2886 5.3315 0.0092
5.3442 5.2886 5.3317 0.0091
5.3442 5.2886 5.3317 0.0091
5.3442 5.2886 5.3317 0.0091
5.3442 5.2886 5.3317 0.0091
5.3442 5.2886 5.3317 0.0091
5.3442 5.2886 5.3317 0.0091
5.3442 5.2886 5.3317 0.0091
5.3442 5.2886 5.3317 0.0091
5.3442 5.2886 5.3317 0.0091
5.3442 5.2886 5.3318 0.0091
5.3442 5.2886 5.3318 0.0091
5.3442 5.2886 5.3318 0.0091
5.3442 5.2886 5.3318 0.0091
5.3442 5.2886 5.3318 0.0091
5.3442 5.2886 5.3318 0.0091
5.3442 5.2886 5.3320 0.0089
5.3442 5.2886 5.3321 0.0089
5.3442 5.2886 5.3321 0.0089
5.3442 5.2886 5.3321 0.0089
5.3442 5.2886 5.3321 0.0089
5.3442 5.2886 5.3323 0.0089
5.3442 5.2886 5.3323 0.0089
5.3442 5.2886 5.3323 0.0089
5.3442 5.2886 5.3323 0.0089
5.3442 5.2886 5.3323 0.0089
5.3442 5.2886 5.3323 0.0089
5.3442 5.2886 5.3323 0.0089
5.3442 5.2886 5.3324 0.0089
5.3442 5.2886 5.3324 0.0089
5.3442 5.2886 5.3324 0.0089
5.3442 5.2886 5.3324 0.0089
5.3442 5.2886 5.3324 0.0089
5.3442 5.2886 5.3325 0.0086
5.3442 5.2886 5.3326 0.0087
5.3442 5.2886 5.3326 0.0087
5.3442 5.2886 5.3326 0.0087
5.3442 5.2886 5.3327 0.0087
5.3442 5.2886 5.3328 0.0087
5.3442 5.2886 5.3328 0.0087
5.3442 5.2886 5.3328 0.0087
5.3442 5.2886 5.3328 0.0087
5.3442 5.2886 5.3328 0.0087
5.3442 5.2886 5.3328 0.0087
5.3442 5.2886 5.3328 0.0087
5.3442 5.2886 5.3330 0.0086
5.3442 5.2886 5.3330 0.0086
5.3442 5.2886 5.3331 0.0086
5.3442 5.2886 5.3331 0.0086
5.3442 5.2886 5.3331 0.0086
5.3442 5.2886 5.3332 0.0086
5.3442 5.2886 5.3332 0.0086
5.3442 5.2886 5.3333 0.0086
5.3442 5.2886 5.3333 0.0086
5.3442 5.2886 5.3333 0.0086
5.3442 5.2886 5.3333 0.0086
5.3442 5.2886 5.3333 0.0086
5.3442 5.2886 5.3333 0.0086
5.3442 5.2886 5.3333 0.0086
5.3442 5.2886 5.3333 0.0086
5.3442 5.2886 5.3334 0.0086
5.3442 5.2886 5.3334 0.0086
5.3442 5.2886 5.3335 0.0087
5.3442 5.2886 5.3335 0.0087
5.3442 5.2886 5.3335 0.0087
5.3442 5.2886 5.3335 0.0087
5.3442 5.2886 5.3335 0.0087
5.3442 5.2886 5.3335 0.0087
5.3442 5.2886 5.3335 0.0087
5.3442 5.2886 5.3337 0.0087
5.3442 5.2886 5.3337 0.0087
5.3442 5.2886 5.3337 0.0087
5.3442 5.2886 5.3338 0.0087
5.3442 5.2886 5.3338 0.0087
5.3442 5.2886 5.3338 0.0087
5.3442 5.2886 5.3338 0.0087
5.3442 5.2886 5.3338 0.0087
5.3442 5.2886 5.3338 0.0087
5.3442 5.2886 5.3341 0.0083
5.3442 5.2886 5.3341 0.0083
5.3442 5.2886 5.3341 0.0083
5.3442 5.2886 5.3341 0.0083
5.3442 5.2886 5.3341 0.0083
5.3442 5.2886 5.3342 0.0083
5.3442 5.2886 5.3342 0.0083
5.3442 5.2886 5.3342 0.0083
5.3442 5.2886 5.3343 0.0083
5.3442 5.2886 5.3345 0.0082
5.3442 5.2886 5.3345 0.0082
5.3442 5.2886 5.3345 0.0082
5.3442 5.2886 5.3345 0.0082
5.3442 5.2886 5.3345 0.0082
5.3442 5.2886 5.3346 0.0082
5.3442 5.2886 5.3347 0.0082
5.3442 5.2886 5.3347 0.0082
5.3442 5.2886 5.3347 0.0082
5.3442 5.2886 5.3347 0.0082
5.3442 5.2886 5.3347 0.0082
5.3442 5.2886 5.3347 0.0082
5.3442 5.2886 5.3348 0.0080
5.3442 5.2886 5.3348 0.0080
5.3442 5.2886 5.3348 0.0080
5.3442 5.2886 5.3348 0.0080
5.3442 5.2886 5.3348 0.0080
5.3442 5.2886 5.3348 0.0080
5.3442 5.2886 5.3348 0.0080
5.3442 5.2886 5.3348 0.0080
5.3442 5.2886 5.3349 0.0081
5.3442 5.2886 5.3349 0.0081
5.3442 5.2886 5.3349 0.0081
5.3442 5.2886 5.3350 0.0081
5.3442 5.2886 5.3350 0.0081
5.3442 5.2886 5.3350 0.0081
5.3442 5.2886 5.3350 0.0081
5.3442 5.2886 5.3351 0.0081
5.3442 5.2886 5.3351 0.0081
5.3442 5.2886 5.3351 0.0081
5.3442 5.2886 5.3351 0.0082
5.3442 5.2886 5.3352 0.0082
5.3442 5.2886 5.3354 0.0081
5.3442 5.2886 5.3354 0.0081
5.3442 5.2886 5.3355 0.0081
5.3442 5.2886 5.3355 0.0081
5.3442 5.2886 5.3355 0.0081
5.3442 5.2886 5.3356 0.0081
5.3442 5.2886 5.3356 0.0081
5.3442 5.2886 5.3356 0.0081
5.3442 5.2886 5.3356 0.0081
5.3442 5.2886 5.3356 0.0081
5.3442 5.2886 5.3356 0.0080
5.3442 5.2886 5.3356 0.0080
5.3442 5.2886 5.3359 0.0077
5.3442 5.2886 5.3360 0.0077
5.3442 5.2886 5.3360 0.0077
5.3442 5.2886 5.3360 0.0077
5.3442 5.2886 5.3360 0.0077
5.3442 5.2886 5.3360 0.0077
5.3442 5.2886 5.3361 0.0078
5.3442 5.2886 5.3361 0.0078
5.3442 5.2886 5.3361 0.0078
5.3442 5.2886 5.3361 0.0078
5.3442 5.2886 5.3363 0.0078
5.3442 5.2886 5.3363 0.0077
5.3442 5.2886 5.3363 0.0077
5.3442 5.2886 5.3365 0.0076
5.3442 5.2886 5.3365 0.0076
5.3442 5.2886 5.3365 0.0076
5.3442 5.2886 5.3365 0.0076
5.3442 5.2886 5.3366 0.0076
5.3442 5.2886 5.3366 0.0076
5.3442 5.2886 5.3366 0.0076
5.3442 5.2886 5.3367 0.0076
5.3442 5.2886 5.3367 0.0076
5.3442 5.2886 5.3368 0.0076
5.3442 5.2886 5.3368 0.0076
5.3442 5.2886 5.3368 0.0076
5.3442 5.2886 5.3368 0.0076
5.3442 5.2886 5.3368 0.0076
5.3442 5.2886 5.3370 0.0075
5.3442 5.2886 5.3370 0.0075
5.3442 5.2886 5.3370 0.0075
5.3442 5.2886 5.3370 0.0075
5.3442 5.2886 5.3370 0.0075
5.3442 5.2886 5.3370 0.0075
5.3442 5.2886 5.3370 0.0075
5.3442 5.2886 5.3370 0.0075
5.3442 5.2886 5.3370 0.0075
5.3442 5.2886 5.3370 0.0075
5.3442 5.2886 5.3370 0.0075
5.3442 5.2886 5.3370 0.0075
5.3442 5.2886 5.3370 0.0075
5.3442 5.2886 5.3370 0.0075
5.3442 5.2886 5.3372 0.0072
5.3442 5.2886 5.3372 0.0072
5.3442 5.2886 5.3372 0.0072
5.3442 5.2886 5.3373 0.0072
5.3442 5.2886 5.3374 0.0072
5.3442 5.2886 5.3374 0.0072
5.3442 5.2886 5.3374 0.0072
5.3442 5.2886 5.3374 0.0072
5.3442 5.2886 5.3374 0.0072
5.3442 5.2886 5.3375 0.0072
5.3442 5.2886 5.3375 0.0072
5.3442 5.2886 5.3375 0.0072
5.3442 5.2886 5.3375 0.0072
5.3442 5.2886 5.3375 0.0072
5.3508 5.2886 5.3376 0.0074
5.3508 5.2886 5.3378 0.0075
5.3508 5.2886 5.3378 0.0074
5.3508 5.2886 5.3378 0.0074
5.3508 5.2886 5.3378 0.0074
5.3508 5.2886 5.3378 0.0074
5.3508 5.2886 5.3379 0.0074
5.3508 5.2886 5.3379 0.0074
5.3508 5.2886 5.3379 0.0074
5.3508 5.2886 5.3379 0.0074
5.3508 5.2886 5.3380 0.0074
5.3517 5.2886 5.3380 0.0074
5.3517 5.2886 5.3380 0.0074
5.3517 5.2886 5.3380 0.0074
5.3517 5.2886 5.3381 0.0074
5.3517 5.2886 5.3382 0.0074
5.3517 5.2886 5.3382 0.0074
5.3517 5.2886 5.3382 0.0074
5.3517 5.2886 5.3382 0.0074
5.3517 5.2886 5.3382 0.0074
5.3517 5.2886 5.3382 0.0074
5.3517 5.2886 5.3382 0.0074
5.3517 5.2886 5.3382 0.0074
5.3517 5.2886 5.3382 0.0074
5.3517 5.2886 5.3383 0.0074
5.3517 5.2886 5.3384 0.0074
5.3517 5.2886 5.3384 0.0074
5.3517 5.2886 5.3385 0.0074
5.3517 5.2886 5.3385 0.0074
5.3517 5.2886 5.3385 0.0074
5.3517 5.2886 5.3385 0.0074
5.3517 5.2886 5.3386 0.0075
5.3517 5.2886 5.3386 0.0075
5.3517 5.2886 5.3386 0.0075
5.3517 5.2886 5.3387 0.0076
5.3517 5.2886 5.3387 0.0076
5.3517 5.2886 5.3387 0.0076
5.3517 5.2886 5.3387 0.0076
5.3517 5.2886 5.3388 0.0075
5.3517 5.2886 5.3388 0.0075
5.3517 5.2886 5.3388 0.0075
5.3517 5.2886 5.3388 0.0075
5.3517 5.2886 5.3388 0.0075
5.3517 5.2886 5.3388 0.0075
5.3517 5.2886 5.3388 0.0075
5.3517 5.2886 5.3388 0.0075
5.3517 5.2886 5.3388 0.0075
5.3517 5.2886 5.3388 0.0075
5.3517 5.2886 5.3388 0.0075
5.3517 5.2886 5.3388 0.0075
5.3517 5.2886 5.3388 0.0075
5.3517 5.2886 5.3388 0.0075
5.3517 5.2886 5.3388 0.0075
5.3517 5.2886 5.3388 0.0075
5.3517 5.2886 5.3388 0.0075
5.3517 5.2886 5.3388 0.0075
5.3517 5.2886 5.3389 0.0075
5.3517 5.2886 5.3389 0.0076
5.3517 5.2886 5.3389 0.0076
5.3517 5.2886 5.3389 0.0076
5.3517 5.2886 5.3390 0.0075
5.3517 5.2886 5.3390 0.0075
5.3517 5.2886 5.3390 0.0075
5.3517 5.2886 5.3390 0.0075
5.3517 5.2886 5.3390 0.0075
5.3517 5.2886 5.3390 0.0075
5.3517 5.2886 5.3390 0.0075
5.3517 5.2886 5.3391 0.0075
5.3517 5.2886 5.3391 0.0075
5.3517 5.2886 5.3392 0.0075
5.3517 5.2886 5.3393 0.0075
5.3517 5.2886 5.3393 0.0075
5.3517 5.3179 5.3397 0.0055
5.3517 5.3179 5.3397 0.0055
5.3517 5.3179 5.3397 0.0055
5.3517 5.3179 5.3397 0.0055
5.3517 5.3179 5.3397 0.0055
5.3517 5.3179 5.3398 0.0055
5.3517 5.3234 5.3400 0.0051
5.3517 5.3234 5.3400 0.0051
5.3517 5.3234 5.3400 0.0051
5.3517 5.3234 5.3400 0.0051
5.3517 5.3234 5.3400 0.0051
5.3517 5.3234 5.3400 0.0051
5.3517 5.3234 5.3401 0.0051
5.3517 5.3234 5.3401 0.0051
5.3517 5.3234 5.3401 0.0051
5.3517 5.3234 5.3401 0.0051
5.3517 5.3234 5.3401 0.0051
5.3517 5.3234 5.3401 0.0051
5.3517 5.3234 5.3401 0.0051
5.3517 5.3234 5.3401 0.0051
5.3517 5.3234 5.3401 0.0051
5.3517 5.3234 5.3401 0.0050
5.3517 5.3234 5.3401 0.0050
5.3517 5.3234 5.3401 0.0050
5.3517 5.3234 5.3401 0.0050
5.3517 5.3234 5.3402 0.0050
5.3517 5.3234 5.3403 0.0050
5.3517 5.3234 5.3403 0.0050
5.3517 5.3234 5.3403 0.0050
5.3517 5.3234 5.3403 0.0050
5.3517 5.3234 5.3404 0.0051
5.3517 5.3234 5.3404 0.0051
5.3517 5.3234 5.3404 0.0051
5.3517 5.3234 5.3405 0.0051
5.3517 5.3234 5.3405 0.0051
5.3517 5.3234 5.3405 0.0051
5.3517 5.3234 5.3405 0.0051
5.3517 5.3234 5.3405 0.0051
5.3517 5.3234 5.3406 0.0051
5.3517 5.3234 5.3406 0.0051
5.3517 5.3234 5.3406 0.0052
5.3517 5.3234 5.3406 0.0052
5.3517 5.3234 5.3406 0.0052
5.3517 5.3234 5.3407 0.0051
5.3517 5.3234 5.3407 0.0051
5.3517 5.3234 5.3407 0.0051
5.3517 5.3234 5.3407 0.0051
5.3517 5.3234 5.3408 0.0051
5.3517 5.3234 5.3408 0.0051
5.3517 5.3234 5.3408 0.0051
5.3517 5.3234 5.3408 0.0050
5.3517 5.3234 5.3408 0.0050
5.3517 5.3234 5.3408 0.0050
5.3517 5.3234 5.3408 0.0050
5.3517 5.3234 5.3408 0.0050
5.3517 5.3234 5.3408 0.0050
5.3517 5.3234 5.3408 0.0050
5.3517 5.3234 5.3408 0.0050
5.3517 5.3234 5.3409 0.0050
5.3517 5.3234 5.3409 0.0050
5.3517 5.3234 5.3409 0.0050
5.3517 5.3234 5.3409 0.0050
5.3517 5.3234 5.3410 0.0049
5.3517 5.3234 5.3410 0.0049
5.3517 5.3234 5.3411 0.0049
5.3517 5.3234 5.3411 0.0049
5.3517 5.3234 5.3411 0.0049
5.3517 5.3234 5.3411 0.0049
5.3517 5.3234 5.3411 0.0049
5.3517 5.3234 5.3411 0.0049
5.3517 5.3234 5.3411 0.0049
5.3517 5.3234 5.3412 0.0048
5.3517 5.3234 5.3412 0.0048
5.3517 5.3234 5.3412 0.0048
5.3517 5.3234 5.3412 0.0048
5.3517 5.3234 5.3412 0.0048
5.3517 5.3234 5.3413 0.0048
5.3517 5.3234 5.3413 0.0048
5.3517 5.3234 5.3413 0.0048
5.3517 5.3234 5.3413 0.0048
5.3517 5.3234 5.3413 0.0048
5.3517 5.3234 5.3413 0.0048
5.3517 5.3234 5.3414 0.0049
5.3517 5.3234 5.3414 0.0049
5.3517 5.3234 5.3414 0.0049
5.3517 5.3234 5.3414 0.0049
5.3517 5.3234 5.3414 0.0049
5.3517 5.3234 5.3414 0.0049
5.3517 5.3234 5.3414 0.0049
5.3517 5.3234 5.3414 0.0049
5.3517 5.3234 5.3414 0.0049
5.3517 5.3234 5.3414 0.0049
5.3517 5.3234 5.3414 0.0049
5.3517 5.3234 5.3415 0.0049
5.3517 5.3234 5.3415 0.0049
5.3517 5.3234 5.3415 0.0049
5.3517 5.3234 5.3415 0.0049
5.3517 5.3234 5.3415 0.0049
5.3517 5.3234 5.3415 0.0049
5.3517 5.3234 5.3415 0.0049
5.3517 5.3234 5.3415 0.0049
5.3517 5.3234 5.3415 0.0049
5.3517 5.3234 5.3415 0.0049
5.3517 5.3234 5.3415 0.0049
5.3517 5.3234 5.3415 0.0049
5.3517 5.3234 5.3415 0.0049
5.3517 5.3234 5.3416 0.0049
5.3517 5.3234 5.3416 0.0049
5.3517 5.3234 5.3416 0.0049
5.3517 5.3234 5.3416 0.0049
5.3517 5.3234 5.3417 0.0049
5.3517 5.3234 5.3417 0.0049
5.3517 5.3234 5.3417 0.0049
5.3517 5.3234 5.3417 0.0049
5.3517 5.3234 5.3417 0.0049
5.3517 5.3234 5.3417 0.0049
5.3517 5.3234 5.3417 0.0049
5.3517 5.3234 5.3417 0.0049
5.3517 5.3234 5.3417 0.0049
5.3517 5.3234 5.3417 0.0049
5.3517 5.3234 5.3417 0.0049
5.3517 5.3234 5.3418 0.0049
5.3517 5.3234 5.3418 0.0049
5.3517 5.3234 5.3418 0.0049
5.3517 5.3234 5.3418 0.0049
5.3517 5.3234 5.3418 0.0049
5.3517 5.3234 5.3418 0.0049
5.3517 5.3234 5.3419 0.0050
5.3517 5.3234 5.3419 0.0050
5.3517 5.3234 5.3420 0.0050
5.3517 5.3234 5.3420 0.0050
5.3517 5.3234 5.3420 0.0050
5.3517 5.3234 5.3422 0.0048
5.3517 5.3234 5.3422 0.0048
5.3517 5.3234 5.3422 0.0048
5.3517 5.3234 5.3422 0.0048
5.3517 5.3234 5.3422 0.0048
5.3517 5.3234 5.3422 0.0048
5.3517 5.3234 5.3423 0.0046
5.3517 5.3234 5.3423 0.0046
5.3517 5.3234 5.3424 0.0046
5.3517 5.3234 5.3424 0.0046
5.3517 5.3234 5.3425 0.0046
5.3517 5.3234 5.3425 0.0046
5.3517 5.3234 5.3425 0.0046
5.3517 5.3234 5.3425 0.0046
5.3517 5.3234 5.3425 0.0046
5.3517 5.3234 5.3425 0.0046
5.3517 5.3234 5.3425 0.0046
5.3517 5.3234 5.3425 0.0046
5.3517 5.3234 5.3425 0.0046
5.3517 5.3234 5.3426 0.0045
5.3517 5.3234 5.3426 0.0045
5.3517 5.3234 5.3426 0.0045
5.3517 5.3234 5.3426 0.0045
5.3517 5.3234 5.3427 0.0046
5.3517 5.3234 5.3427 0.0046
5.3517 5.3234 5.3428 0.0047
5.3517 5.3234 5.3428 0.0047
5.3655 5.3234 5.3430 0.0052
5.3655 5.3234 5.3430 0.0052
5.3655 5.3234 5.3430 0.0052
5.3655 5.3234 5.3430 0.0053
5.3655 5.3234 5.3430 0.0053
5.3655 5.3234 5.3430 0.0053
5.3655 5.3234 5.3430 0.0053
5.3655 5.3234 5.3430 0.0053
5.3655 5.3234 5.3431 0.0053
5.3655 5.3234 5.3431 0.0053
5.3655 5.3234 5.3431 0.0053
5.3655 5.3234 5.3431 0.0053
5.3655 5.3234 5.3432 0.0053
5.3655 5.3234 5.3432 0.0054
5.3655 5.3234 5.3432 0.0054
5.3655 5.3234 5.3433 0.0054
5.3655 5.3234 5.3433 0.0054
5.3655 5.3234 5.3434 0.0054
5.3655 5.3234 5.3434 0.0054
5.3655 5.3234 5.3435 0.0054
5.3655 5.3234 5.3436 0.0052
5.3655 5.3234 5.3436 0.0052
5.3655 5.3234 5.3437 0.0052
5.3655 5.3234 5.3437 0.0052
5.3655 5.3234 5.3437 0.0052
5.3655 5.3234 5.3437 0.0052
5.3655 5.3234 5.3438 0.0051
5.3655 5.3234 5.3438 0.0051
5.3655 5.3234 5.3438 0.0051
5.3655 5.3234 5.3438 0.0051
5.3655 5.3234 5.3438 0.0051
5.3655 5.3234 5.3438 0.0051
5.3655 5.3234 5.3439 0.0051
5.3655 5.3234 5.3439 0.0051
5.3655 5.3234 5.3439 0.0051
5.3655 5.3234 5.3440 0.0051
5.3655 5.3234 5.3440 0.0051
5.3655 5.3234 5.3440 0.0051
5.3655 5.3234 5.3440 0.0050
5.3655 5.3234 5.3440 0.0050
5.3655 5.3234 5.3440 0.0050
5.3655 5.3234 5.3440 0.0050
5.3655 5.3234 5.3440 0.0050
5.3655 5.3234 5.3440 0.0050
5.3655 5.3234 5.3440 0.0050
5.3655 5.3234 5.3441 0.0048
5.3655 5.3234 5.3442 0.0049
5.3655 5.3234 5.3442 0.0049
5.3655 5.3234 5.3442 0.0049
5.3655 5.3234 5.3443 0.0049
5.3655 5.3234 5.3443 0.0049
5.3655 5.3234 5.3443 0.0049
5.3655 5.3234 5.3443 0.0049
5.3655 5.3234 5.3443 0.0049
5.3655 5.3234 5.3444 0.0049
5.3655 5.3234 5.3444 0.0049
5.3655 5.3234 5.3444 0.0048
5.3655 5.3234 5.3444 0.0048
5.3655 5.3234 5.3444 0.0048
5.3655 5.3234 5.3444 0.0048
5.3655 5.3234 5.3444 0.0048
5.3655 5.3234 5.3444 0.0048
5.3655 5.3234 5.3444 0.0048
5.3655 5.3234 5.3444 0.0048
5.3655 5.3234 5.3444 0.0048
5.3655 5.3234 5.3444 0.0048
5.3655 5.3234 5.3444 0.0048
5.3655 5.3234 5.3445 0.0048
5.3655 5.3234 5.3445 0.0048
5.3655 5.3234 5.3446 0.0048
5.3655 5.3234 5.3446 0.0048
5.3655 5.3234 5.3446 0.0048
5.3655 5.3234 5.3446 0.0048
5.3655 5.3234 5.3446 0.0048
5.3655 5.3234 5.3447 0.0048
5.3655 5.3234 5.3447 0.0048
5.3655 5.3234 5.3447 0.0048
5.3655 5.3234 5.3447 0.0048
5.3655 5.3234 5.3448 0.0048
5.3655 5.3234 5.3449 0.0048
5.3655 5.3234 5.3449 0.0048
5.3655 5.3234 5.3449 0.0049
5.3655 5.3234 5.3450 0.0048
5.3655 5.3234 5.3450 0.0048
5.3655 5.3234 5.3451 0.0049
5.3655 5.3234 5.3452 0.0052
5.3655 5.3234 5.3452 0.0052
5.3655 5.3234 5.3452 0.0052
5.3655 5.3234 5.3452 0.0052
5.3655 5.3234 5.3452 0.0052
5.3655 5.3234 5.3452 0.0052
5.3655 5.3234 5.3453 0.0052
5.3655 5.3234 5.3454 0.0052
5.3655 5.3371 5.3456 0.0047
5.3655 5.3371 5.3456 0.0047
5.3655 5.3371 5.3456 0.0047
5.3655 5.3371 5.3456 0.0047
5.3655 5.3371 5.3456 0.0047
5.3655 5.3371 5.3456 0.0047
5.3655 5.3371 5.3456 0.0047
5.3655 5.3371 5.3456 0.0047
5.3655 5.3371 5.3456 0.0046
5.3655 5.3371 5.3456 0.0046
5.3655 5.3371 5.3456 0.0046
5.3655 5.3371 5.3457 0.0047
5.3655 5.3371 5.3457 0.0047
5.3655 5.3371 5.3457 0.0046
5.3655 5.3371 5.3457 0.0046
5.3655 5.3371 5.3457 0.0046
5.3655 5.3371 5.3457 0.0046
5.3655 5.3371 5.3458 0.0047
5.3655 5.3371 5.3458 0.0047
5.3655 5.3371 5.3458 0.0047
5.3655 5.3371 5.3459 0.0047
5.3655 5.3371 5.3459 0.0047
5.3655 5.3371 5.3459 0.0047
5.3655 5.3371 5.3459 0.0047
5.3655 5.3371 5.3459 0.0047
5.3655 5.3371 5.3459 0.0047
5.3655 5.3371 5.3459 0.0047
5.3655 5.3371 5.3459 0.0047
5.3655 5.3371 5.3460 0.0047
5.3655 5.3371 5.3460 0.0047
5.3655 5.3371 5.3460 0.0047
5.3655 5.3371 5.3460 0.0047
5.3655 5.3371 5.3460 0.0047
5.3655 5.3371 5.3461 0.0047
5.3655 5.3371 5.3461 0.0047
5.3655 5.3371 5.3461 0.0047
5.3655 5.3371 5.3461 0.0047
5.3655 5.3371 5.3461 0.0047
5.3655 5.3371 5.3461 0.0047
5.3655 5.3371 5.3461 0.0047
5.3655 5.3371 5.3461 0.0047
5.3655 5.3371 5.3461 0.0047
5.3655 5.3371 5.3462 0.0047
5.3655 5.3371 5.3462 0.0047
5.3655 5.3371 5.3462 0.0048
5.3655 5.3371 5.3462 0.0048
5.3655 5.3371 5.3462 0.0048
5.3655 5.3371 5.3462 0.0048
5.3655 5.3371 5.3464 0.0047
5.3655 5.3371 5.3464 0.0047
5.3655 5.3371 5.3464 0.0047
5.3656 5.3371 5.3464 0.0047
5.3656 5.3371 5.3464 0.0047
5.3656 5.3371 5.3464 0.0047
5.3656 5.3371 5.3464 0.0047
5.3656 5.3371 5.3465 0.0048
5.3656 5.3371 5.3465 0.0048
5.3656 5.3371 5.3465 0.0047
5.3656 5.3371 5.3465 0.0047
5.3656 5.3371 5.3466 0.0047
5.3656 5.3371 5.3466 0.0047
5.3656 5.3371 5.3466 0.0047
5.3656 5.3371 5.3466 0.0047
5.3656 5.3371 5.3466 0.0047
5.3656 5.3371 5.3466 0.0047
5.3656 5.3371 5.3466 0.0047
5.3656 5.3371 5.3466 0.0047
5.3656 5.3371 5.3466 0.0047
5.3656 5.3371 5.3466 0.0047
5.3656 5.3371 5.3467 0.0047
5.3656 5.3371 5.3467 0.0047
5.3656 5.3371 5.3467 0.0047
5.3656 5.3371 5.3467 0.0047
5.3656 5.3371 5.3467 0.0047
5.3656 5.3371 5.3467 0.0047
5.3656 5.3371 5.3467 0.0047
5.3656 5.3371 5.3467 0.0047
5.3656 5.3371 5.3467 0.0047
5.3656 5.3371 5.3468 0.0047
5.3656 5.3371 5.3468 0.0047
5.3656 5.3371 5.3468 0.0047
5.3656 5.3371 5.3468 0.0047
5.3656 5.3371 5.3469 0.0050
5.3656 5.3371 5.3469 0.0050
5.3656 5.3371 5.3469 0.0049
5.3656 5.3371 5.3469 0.0049
5.3656 5.3371 5.3469 0.0049
5.3656 5.3371 5.3469 0.0049
5.3656 5.3371 5.3469 0.0049
5.3656 5.3371 5.3469 0.0049
5.3656 5.3381 5.3470 0.0049
5.3656 5.3381 5.3470 0.0049
5.3656 5.3381 5.3471 0.0048
5.3656 5.3381 5.3471 0.0048
5.3656 5.3381 5.3471 0.0048
5.3656 5.3381 5.3471 0.0048
5.3656 5.3381 5.3471 0.0048
5.3656 5.3381 5.3471 0.0048
5.3656 5.3381 5.3471 0.0049
5.3656 5.3381 5.3472 0.0049
5.3656 5.3381 5.3472 0.0049
5.3656 5.3381 5.3472 0.0049
5.3656 5.3381 5.3473 0.0049
5.3656 5.3381 5.3473 0.0049
5.3656 5.3381 5.3473 0.0049
5.3656 5.3381 5.3473 0.0049
5.3656 5.3381 5.3473 0.0049
5.3656 5.3381 5.3474 0.0049
5.3656 5.3381 5.3474 0.0049
5.3656 5.3381 5.3474 0.0049
5.3656 5.3381 5.3474 0.0049
5.3656 5.3381 5.3474 0.0049
5.3656 5.3381 5.3474 0.0049
5.3656 5.3381 5.3474 0.0049
5.3656 5.3381 5.3474 0.0049
5.3656 5.3381 5.3474 0.0049
5.3656 5.3381 5.3474 0.0049
5.3656 5.3381 5.3474 0.0049
5.3656 5.3381 5.3474 0.0049
5.3656 5.3381 5.3475 0.0049
5.3656 5.3381 5.3475 0.0049
5.3656 5.3381 5.3475 0.0049
5.3656 5.3381 5.3475 0.0049
5.3656 5.3381 5.3475 0.0049
5.3656 5.3381 5.3475 0.0049
5.3656 5.3381 5.3475 0.0049
5.3656 5.3381 5.3475 0.0049
5.3656 5.3381 5.3475 0.0049
5.3656 5.3381 5.3475 0.0049
5.3656 5.3381 5.3475 0.0049
5.3656 5.3381 5.3476 0.0048
5.3656 5.3381 5.3476 0.0048
5.3656 5.3381 5.3476 0.0048
5.3656 5.3381 5.3476 0.0048
5.3656 5.3381 5.3476 0.0048
5.3656 5.3381 5.3476 0.0048
5.3656 5.3381 5.3476 0.0048
5.3656 5.3381 5.3476 0.0048
5.3656 5.3381 5.3476 0.0048
5.3656 5.3381 5.3476 0.0048
5.3656 5.3381 5.3476 0.0048
5.3656 5.3381 5.3476 0.0048
5.3656 5.3381 5.3476 0.0048
5.3656 5.3381 5.3478 0.0051
5.3656 5.3381 5.3478 0.0051
5.3656 5.3381 5.3478 0.0051
5.3656 5.3381 5.3478 0.0051
5.3656 5.3381 5.3478 0.0051
5.3656 5.3381 5.3478 0.0051
5.3656 5.3381 5.3478 0.0051
5.3656 5.3381 5.3478 0.0051
5.3656 5.3381 5.3478 0.0051
5.3656 5.3381 5.3479 0.0050
5.3656 5.3381 5.3479 0.0050
5.3656 5.3381 5.3479 0.0050
5.3656 5.3381 5.3479 0.0050
5.3656 5.3381 5.3480 0.0052
5.3656 5.3381 5.3480 0.0052
5.3656 5.3381 5.3480 0.0052
5.3656 5.3381 5.3480 0.0052
5.3656 5.3381 5.3480 0.0052
5.3656 5.3381 5.3481 0.0052
5.3656 5.3381 5.3481 0.0052
5.3656 5.3381 5.3481 0.0052
5.3656 5.3381 5.3481 0.0052
5.3656 5.3381 5.3481 0.0052
5.3656 5.3381 5.3481 0.0052
5.3656 5.3381 5.3481 0.0052
5.3656 5.3381 5.3482 0.0052
5.3656 5.3381 5.3482 0.0052
5.3656 5.3381 5.3482 0.0052
5.3656 5.3381 5.3483 0.0052
5.3656 5.3381 5.3484 0.0052
5.3656 5.3381 5.3484 0.0052
5.3656 5.3381 5.3484 0.0052
5.3656 5.3381 5.3484 0.0052
5.3656 5.3381 5.3484 0.0052
5.3656 5.3381 5.3484 0.0052
5.3656 5.3381 5.3484 0.0052
5.3656 5.3381 5.3484 0.0052
5.3656 5.3381 5.3485 0.0052
5.3656 5.3381 5.3485 0.0052
5.3656 5.3381 5.3485 0.0052
5.3656 5.3381 5.3485 0.0052
5.3656 5.3381 5.3485 0.0051
5.3656 5.3381 5.3485 0.0051
5.3656 5.3381 5.3485 0.0051
5.3656 5.3381 5.3486 0.0051
5.3656 5.3381 5.3486 0.0051
5.3656 5.3381 5.3486 0.0051
5.3656 5.3381 5.3486 0.0051
5.3656 5.3381 5.3486 0.0051
5.3656 5.3381 5.3486 0.0051
5.3656 5.3381 5.3486 0.0051
5.3656 5.3381 5.3486 0.0051
5.3656 5.3381 5.3487 0.0051
5.3656 5.3381 5.3487 0.0051
5.3656 5.3381 5.3487 0.0051
5.3656 5.3381 5.3487 0.0051
5.3656 5.3381 5.3487 0.0051
5.3656 5.3381 5.3487 0.0051
5.3656 5.3381 5.3488 0.0051
5.3656 5.3381 5.3488 0.0050
5.3656 5.3381 5.3489 0.0050
5.3656 5.3381 5.3489 0.0050
5.3656 5.3381 5.3489 0.0050
5.3656 5.3381 5.3489 0.0050
5.3656 5.3381 5.3489 0.0050
5.3656 5.3381 5.3489 0.0050
5.3656 5.3381 5.3489 0.0050
5.3656 5.3381 5.3489 0.0050
5.3656 5.3381 5.3490 0.0050
5.3656 5.3381 5.3490 0.0050
5.3656 5.3381 5.3490 0.0050
5.3656 5.3381 5.3490 0.0050
5.3656 5.3381 5.3491 0.0051
5.3656 5.3381 5.3491 0.0051
5.3738 5.3381 5.3494 0.0057
5.3738 5.3381 5.3494 0.0057
5.3738 5.3381 5.3494 0.0057
5.3738 5.3381 5.3494 0.0057
5.3738 5.3381 5.3495 0.0057
5.3738 5.3381 5.3495 0.0057
5.3738 5.3381 5.3495 0.0057
5.3738 5.3381 5.3496 0.0058
5.3738 5.3381 5.3496 0.0058
5.3738 5.3381 5.3496 0.0058
5.3738 5.3381 5.3496 0.0058
5.3738 5.3381 5.3496 0.0058
5.3738 5.3381 5.3496 0.0058
5.3738 5.3381 5.3496 0.0058
5.3738 5.3381 5.3496 0.0058
5.3738 5.3381 5.3496 0.0058
5.3738 5.3381 5.3496 0.0058
5.3738 5.3381 5.3496 0.0058
5.3738 5.3381 5.3496 0.0058
5.3738 5.3381 5.3497 0.0058
5.3738 5.3381 5.3497 0.0058
5.3738 5.3381 5.3497 0.0058
5.3738 5.3381 5.3498 0.0058
5.3738 5.3381 5.3499 0.0057
5.3738 5.3381 5.3499 0.0057
5.3738 5.3381 5.3499 0.0057
5.3738 5.3381 5.3499 0.0057
5.3738 5.3381 5.3499 0.0057
5.3738 5.3381 5.3499 0.0057
5.3738 5.3381 5.3499 0.0057
5.3738 5.3381 5.3499 0.0057
5.3738 5.3381 5.3499 0.0057
5.3738 5.3381 5.3499 0.0057
5.3738 5.3381 5.3499 0.0057
5.3738 5.3381 5.3499 0.0057
5.3738 5.3381 5.3501 0.0060
5.3738 5.3381 5.3502 0.0060
5.3738 5.3381 5.3502 0.0060
5.3738 5.3381 5.3502 0.0060
5.3738 5.3381 5.3502 0.0060
5.3738 5.3381 5.3502 0.0060
5.3738 5.3381 5.3502 0.0059
5.3738 5.3381 5.3502 0.0059
5.3738 5.3381 5.3503 0.0059
5.3738 5.3381 5.3504 0.0059
5.3738 5.3381 5.3507 0.0063
5.3738 5.3381 5.3507 0.0063
5.3738 5.3381 5.3507 0.0063
5.3738 5.3381 5.3507 0.0063
5.3738 5.3381 5.3507 0.0063
5.3738 5.3381 5.3507 0.0063
5.3738 5.3381 5.3510 0.0067
5.3738 5.3381 5.3510 0.0067
5.3738 5.3381 5.3510 0.0067
5.3738 5.3381 5.3510 0.0067
5.3738 5.3381 5.3511 0.0068
5.3738 5.3381 5.3513 0.0069
5.3738 5.3381 5.3513 0.0069
5.3738 5.3381 5.3514 0.0068
5.3738 5.3381 5.3514 0.0068
5.3738 5.3381 5.3514 0.0068
5.3738 5.3381 5.3514 0.0068
5.3738 5.3381 5.3514 0.0068
5.3738 5.3381 5.3514 0.0068
5.3738 5.3381 5.3514 0.0068
5.3738 5.3381 5.3514 0.0068
5.3738 5.3381 5.3514 0.0068
5.3738 5.3381 5.3514 0.0068
5.3738 5.3381 5.3515 0.0069
5.3738 5.3381 5.3515 0.0069
5.3738 5.3381 5.3515 0.0069
5.3738 5.3381 5.3515 0.0069
5.3738 5.3381 5.3515 0.0069
5.3738 5.3381 5.3516 0.0069
5.3738 5.3381 5.3516 0.0069
5.3738 5.3381 5.3516 0.0069
5.3738 5.3381 5.3516 0.0069
5.3738 5.3381 5.3516 0.0069
5.3738 5.3381 5.3516 0.0069
5.3738 5.3381 5.3516 0.0069
5.3738 5.3381 5.3517 0.0068
5.3738 5.3381 5.3517 0.0068
5.3738 5.3381 5.3517 0.0068
5.3738 5.3381 5.3517 0.0068
5.3738 5.3381 5.3518 0.0068
5.3738 5.3381 5.3518 0.0068
5.3738 5.3381 5.3518 0.0068
5.3738 5.3381 5.3518 0.0068
5.3738 5.3381 5.3518 0.0068
5.3738 5.3381 5.3518 0.0068
5.3738 5.3381 5.3518 0.0068
5.3738 5.3381 5.3518 0.0068
5.3738 5.3381 5.3520 0.0071
5.3738 5.3381 5.3520 0.0071
5.3738 5.3381 5.3520 0.0071
5.3738 5.3381 5.3520 0.0071
5.3738 5.3381 5.3520 0.0071
5.3738 5.3381 5.3520 0.0071
5.3738 5.3381 5.3520 0.0071
5.3738 5.3381 5.3520 0.0071
5.3738 5.3381 5.3520 0.0071
5.3738 5.3381 5.3520 0.0071
5.3738 5.3381 5.3520 0.0071
5.3738 5.3381 5.3520 0.0071
5.3738 5.3381 5.3520 0.0071
5.3738 5.3381 5.3522 0.0072
5.3738 5.3381 5.3522 0.0072
5.3738 5.3381 5.3522 0.0072
5.3738 5.3381 5.3522 0.0072
5.3738 5.3381 5.3522 0.0072
5.3738 5.3381 5.3523 0.0074
5.3738 5.3381 5.3524 0.0073
5.3738 5.3381 5.3524 0.0073
5.3738 5.3381 5.3524 0.0073
5.3738 5.3381 5.3526 0.0076
5.3738 5.3381 5.3527 0.0075
5.3738 5.3381 5.3527 0.0075
5.3738 5.3381 5.3527 0.0075
5.3738 5.3381 5.3527 0.0075
5.3738 5.3381 5.3527 0.0075
5.3738 5.3381 5.3527 0.0075
5.3738 5.3381 5.3527 0.0075
5.3738 5.3381 5.3529 0.0076
5.3738 5.3381 5.3529 0.0076
5.3738 5.3381 5.3530 0.0077
5.3738 5.3381 5.3530 0.0077
5.3738 5.3381 5.3532 0.0079
5.3738 5.3381 5.3534 0.0080
5.3738 5.3381 5.3534 0.0080
5.3738 5.3381 5.3535 0.0081
5.3738 5.3381 5.3535 0.0081
5.3738 5.3381 5.3535 0.0081
5.3738 5.3381 5.3535 0.0081
5.3738 5.3381 5.3535 0.0081
5.3738 5.3381 5.3535 0.0081
5.3738 5.3381 5.3535 0.0081
5.3738 5.3381 5.3535 0.0081
5.3738 5.3381 5.3535 0.0081
5.3738 5.3381 5.3535 0.0081
5.3738 5.3381 5.3535 0.0081
5.3738 5.3381 5.3535 0.0081
5.3738 5.3381 5.3535 0.0081
5.3738 5.3381 5.3537 0.0083
5.3738 5.3381 5.3537 0.0083
5.3738 5.3381 5.3537 0.0083
5.3738 5.3381 5.3537 0.0083
5.3738 5.3381 5.3537 0.0083
5.3738 5.3381 5.3537 0.0083
5.3738 5.3381 5.3537 0.0083
5.3738 5.3381 5.3537 0.0083
5.3738 5.3381 5.3537 0.0083
5.3738 5.3381 5.3538 0.0082
5.3738 5.3381 5.3538 0.0082
5.3738 5.3381 5.3538 0.0082
5.3738 5.3381 5.3541 0.0082
5.3738 5.3381 5.3541 0.0082
5.3738 5.3381 5.3542 0.0082
5.3738 5.3381 5.3542 0.0082
5.3738 5.3381 5.3542 0.0082
5.3738 5.3381 5.3542 0.0082
5.3738 5.3381 5.3543 0.0083
5.3738 5.3381 5.3543 0.0083
5.3738 5.3381 5.3543 0.0083
5.3738 5.3381 5.3543 0.0083
5.3738 5.3381 5.3543 0.0083
5.3738 5.3381 5.3543 0.0083
5.3738 5.3381 5.3543 0.0083
5.3738 5.3381 5.3543 0.0083
5.3738 5.3381 5.3543 0.0083
5.3738 5.3381 5.3543 0.0083
5.3738 5.3414 5.3545 0.0082
5.3738 5.3414 5.3545 0.0082
5.3738 5.3414 5.3545 0.0082
5.3738 5.3414 5.3545 0.0082
5.3738 5.3414 5.3546 0.0082
5.3738 5.3414 5.3546 0.0082
5.3738 5.3414 5.3546 0.0082
5.3738 5.3414 5.3546 0.0082
5.3738 5.3414 5.3546 0.0083
5.3738 5.3414 5.3546 0.0083
5.3738 5.3414 5.3546 0.0083
5.3738 5.3414 5.3546 0.0083
5.3738 5.3414 5.3548 0.0084
5.3738 5.3414 5.3548 0.0083
5.3738 5.3414 5.3549 0.0083
5.3738 5.3414 5.3549 0.0083
5.3738 5.3414 5.3551 0.0083
5.3738 5.3414 5.3551 0.0083
5.3738 5.3414 5.3551 0.0083
5.3738 5.3414 5.3551 0.0083
5.3738 5.3414 5.3551 0.0083
5.3738 5.3414 5.3551 0.0083
5.3738 5.3414 5.3551 0.0083
5.3738 5.3414 5.3551 0.0083
5.3738 5.3414 5.3551 0.0083
5.3738 5.3414 5.3551 0.0083
5.3738 5.3414 5.3551 0.0083
5.3738 5.3414 5.3553 0.0083
5.3738 5.3414 5.3553 0.0083
5.3738 5.3414 5.3553 0.0083
5.3738 5.3414 5.3553 0.0083
5.3738 5.3414 5.3554 0.0083
5.3738 5.3414 5.3554 0.0083
5.3738 5.3414 5.3555 0.0084
5.3738 5.3414 5.3555 0.0084
5.3740 5.3414 5.3556 0.0084
5.3740 5.3414 5.3556 0.0084
5.3740 5.3414 5.3556 0.0084
5.3740 5.3414 5.3556 0.0084
5.3740 5.3414 5.3556 0.0084
5.3740 5.3414 5.3556 0.0084
5.3740 5.3414 5.3556 0.0084
5.3740 5.3414 5.3556 0.0084
5.3740 5.3414 5.3557 0.0084
5.3740 5.3414 5.3557 0.0084
5.3740 5.3414 5.3557 0.0084
5.3740 5.3414 5.3558 0.0084
5.3740 5.3414 5.3558 0.0084
5.3740 5.3414 5.3558 0.0084
5.3740 5.3414 5.3559 0.0083
5.3740 5.3414 5.3559 0.0083
5.3740 5.3414 5.3560 0.0083
5.3740 5.3414 5.3560 0.0083
5.3740 5.3414 5.3560 0.0083
5.3740 5.3414 5.3561 0.0084
5.3740 5.3414 5.3561 0.0084
5.3740 5.3414 5.3564 0.0084
5.3740 5.3414 5.3564 0.0084
5.3740 5.3414 5.3564 0.0084
5.3740 5.3414 5.3564 0.0084
5.3740 5.3414 5.3564 0.0084
5.3740 5.3414 5.3565 0.0084
5.3740 5.3414 5.3565 0.0084
5.3740 5.3414 5.3565 0.0084
5.3740 5.3414 5.3565 0.0084
5.3740 5.3414 5.3567 0.0085
5.3740 5.3414 5.3567 0.0085
5.3740 5.3414 5.3567 0.0085
5.3740 5.3414 5.3567 0.0085
5.3740 5.3414 5.3567 0.0085
5.3740 5.3414 5.3567 0.0085
5.3789 5.3414 5.3568 0.0087
5.3789 5.3414 5.3568 0.0087
5.3789 5.3414 5.3568 0.0087
5.3789 5.3414 5.3568 0.0087
5.3789 5.3414 5.3570 0.0088
5.3789 5.3414 5.3570 0.0088
5.3789 5.3414 5.3572 0.0088
5.3789 5.3414 5.3572 0.0088
5.3789 5.3414 5.3573 0.0087
5.3789 5.3414 5.3574 0.0088
5.3789 5.3414 5.3574 0.0088
5.3789 5.3414 5.3574 0.0088
5.3789 5.3414 5.3574 0.0088
5.3789 5.3414 5.3576 0.0088
5.3789 5.3414 5.3576 0.0088
5.3789 5.3414 5.3576 0.0088
5.3789 5.3414 5.3576 0.0088
5.3789 5.3414 5.3576 0.0088
5.3789 5.3414 5.3576 0.0088
5.3789 5.3414 5.3576 0.0088
5.3789 5.3414 5.3578 0.0090
5.3789 5.3414 5.3579 0.0091
5.3789 5.3414 5.3579 0.0091
5.3789 5.3414 5.3579 0.0091
5.3789 5.3414 5.3579 0.0091
5.3789 5.3414 5.3579 0.0091
5.3789 5.3414 5.3579 0.0091
5.3789 5.3414 5.3579 0.0091
5.3789 5.3414 5.3581 0.0090
5.3789 5.3414 5.3581 0.0090
5.3789 5.3414 5.3583 0.0091
5.3789 5.3414 5.3583 0.0091
5.3789 5.3414 5.3583 0.0091
5.3789 5.3414 5.3583 0.0091
5.3789 5.3414 5.3584 0.0091
5.3789 5.3414 5.3586 0.0092
5.3789 5.3414 5.3586 0.0092
5.3789 5.3414 5.3587 0.0092
5.3789 5.3414 5.3587 0.0092
5.3789 5.3414 5.3589 0.0092
5.3789 5.3414 5.3589 0.0092
5.3789 5.3414 5.3589 0.0092
5.3789 5.3414 5.3590 0.0092
5.3789 5.3414 5.3590 0.0092
5.3789 5.3414 5.3592 0.0093
5.3789 5.3414 5.3592 0.0094
5.3789 5.3414 5.3592 0.0094
5.3789 5.3414 5.3592 0.0094
5.3789 5.3414 5.3592 0.0094
5.3789 5.3414 5.3592 0.0094
5.3789 5.3414 5.3593 0.0095
5.3789 5.3414 5.3593 0.0095
5.3789 5.3414 5.3593 0.0095
5.3789 5.3414 5.3593 0.0095
5.3789 5.3414 5.3593 0.0095
5.3789 5.3414 5.3593 0.0095
5.3789 5.3414 5.3593 0.0095
5.3789 5.3414 5.3595 0.0095
5.3789 5.3414 5.3595 0.0095
5.3789 5.3414 5.3596 0.0096
5.3789 5.3414 5.3598 0.0096
5.3789 5.3414 5.3598 0.0096
5.3789 5.3414 5.3598 0.0096
5.3789 5.3414 5.3598 0.0096
5.3789 5.3414 5.3598 0.0096
5.3789 5.3414 5.3599 0.0095
5.3789 5.3414 5.3599 0.0096
5.3789 5.3414 5.3599 0.0096
5.3789 5.3414 5.3599 0.0096
5.3789 5.3414 5.3599 0.0096
5.3789 5.3414 5.3601 0.0095
5.3789 5.3414 5.3601 0.0095
5.3789 5.3414 5.3601 0.0095
5.3789 5.3414 5.3601 0.0095
5.3789 5.3414 5.3602 0.0095
5.3789 5.3414 5.3602 0.0095
5.3789 5.3414 5.3602 0.0095
5.3789 5.3414 5.3604 0.0096
5.3789 5.3414 5.3606 0.0096
5.3789 5.3414 5.3606 0.0096
5.3789 5.3414 5.3606 0.0096
5.3789 5.3414 5.3606 0.0096
5.3789 5.3414 5.3608 0.0096
5.3789 5.3414 5.3608 0.0096
5.3789 5.3414 5.3608 0.0096
5.3789 5.3414 5.3610 0.0096
5.3789 5.3414 5.3611 0.0095
5.3789 5.3414 5.3614 0.0094
5.3789 5.3414 5.3614 0.0094
5.3789 5.3414 5.3614 0.0094
5.3789 5.3414 5.3614 0.0094
5.3789 5.3414 5.3614 0.0094
5.3789 5.3414 5.3614 0.0094
5.3789 5.3414 5.3614 0.0094
5.3789 5.3414 5.3614 0.0095
5.3789 5.3414 5.3614 0.0095
5.3789 5.3414 5.3614 0.0095
5.3789 5.3414 5.3616 0.0094
5.3789 5.3414 5.3617 0.0094
5.3789 5.3414 5.3617 0.0094
5.3789 5.3414 5.3618 0.0094
5.3789 5.3414 5.3620 0.0094
5.3789 5.3414 5.3620 0.0094
5.3789 5.3414 5.3620 0.0094
5.3789 5.3414 5.3620 0.0094
5.3789 5.3414 5.3620 0.0094
5.3789 5.3414 5.3623 0.0094
5.3789 5.3414 5.3623 0.0094
5.3789 5.3414 5.3623 0.0094
5.3789 5.3414 5.3623 0.0094
5.3789 5.3414 5.3623 0.0094
5.3789 5.3414 5.3623 0.0094
5.3789 5.3414 5.3623 0.0094
5.3789 5.3414 5.3625 0.0094
5.3789 5.3414 5.3625 0.0094
5.3789 5.3414 5.3625 0.0094
5.3789 5.3414 5.3625 0.0094
5.3789 5.3414 5.3627 0.0093
5.3789 5.3414 5.3627 0.0093
5.3789 5.3414 5.3628 0.0094
5.3789 5.3414 5.3630 0.0094
5.3789 5.3414 5.3631 0.0095
5.3789 5.3414 5.3631 0.0095
5.3789 5.3414 5.3631 0.0095
5.3789 5.3414 5.3631 0.0095
5.3789 5.3414 5.3632 0.0095
5.3789 5.3414 5.3632 0.0095
5.3789 5.3414 5.3632 0.0095
5.3789 5.3414 5.3632 0.0095
5.3789 5.3414 5.3632 0.0095
5.3789 5.3414 5.3632 0.0095
5.3789 5.3414 5.3634 0.0094
5.3789 5.3414 5.3636 0.0094
5.3789 5.3414 5.3637 0.0095
5.3789 5.3414 5.3637 0.0095
5.3789 5.3414 5.3637 0.0094
5.3789 5.3414 5.3637 0.0094
5.3789 5.3414 5.3637 0.0094
5.3789 5.3414 5.3638 0.0094
5.3789 5.3414 5.3638 0.0094
5.3789 5.3414 5.3638 0.0093
5.3789 5.3414 5.3638 0.0093
5.3789 5.3414 5.3638 0.0093
5.3789 5.3414 5.3640 0.0091
5.3789 5.3414 5.3640 0.0091
5.3789 5.3414 5.3642 0.0090
5.3789 5.3414 5.3642 0.0090
5.3789 5.3414 5.3642 0.0090
5.3789 5.3414 5.3642 0.0090
5.3789 5.3414 5.3642 0.0090
5.3789 5.3414 5.3643 0.0091
5.3789 5.3414 5.3643 0.0091
5.3789 5.3414 5.3643 0.0091
5.3789 5.3414 5.3643 0.0090
5.3789 5.3414 5.3643 0.0090
5.3789 5.3414 5.3645 0.0090
5.3789 5.3414 5.3645 0.0090
5.3789 5.3414 5.3647 0.0089
5.3789 5.3414 5.3648 0.0089
5.3789 5.3414 5.3648 0.0089
5.3789 5.3414 5.3650 0.0088
5.3789 5.3414 5.3650 0.0088
5.3789 5.3414 5.3651 0.0087
5.3789 5.3414 5.3651 0.0087
5.3789 5.3414 5.3653 0.0086
5.3789 5.3414 5.3653 0.0086
5.3789 5.3414 5.3653 0.0086
5.3789 5.3414 5.3654 0.0085
5.3789 5.3414 5.3655 0.0085
5.3789 5.3414 5.3655 0.0085
5.3789 5.3414 5.3655 0.0085
5.3789 5.3414 5.3655 0.0085
5.3789 5.3414 5.3655 0.0085
5.3789 5.3414 5.3655 0.0085
5.3789 5.3414 5.3655 0.0085
5.3789 5.3414 5.3656 0.0085
5.3789 5.3414 5.3656 0.0086
5.3789 5.3414 5.3656 0.0086
5.3789 5.3414 5.3656 0.0086
5.3789 5.3414 5.3656 0.0086
5.3789 5.3414 5.3656 0.0086
5.3789 5.3414 5.3656 0.0086
5.3789 5.3414 5.3656 0.0086
5.3789 5.3414 5.3656 0.0086
5.3789 5.3414 5.3657 0.0086
5.3789 5.3414 5.3657 0.0086
5.3789 5.3414 5.3657 0.0086
5.3789 5.3414 5.3657 0.0086
5.3789 5.3414 5.3657 0.0086
5.3789 5.3414 5.3657 0.0086
5.3789 5.3414 5.3657 0.0086
5.3789 5.3414 5.3657 0.0086
5.3789 5.3414 5.3658 0.0085
5.3789 5.3414 5.3658 0.0085
5.3789 5.3414 5.3658 0.0085
5.3789 5.3414 5.3658 0.0085
5.3789 5.3414 5.3658 0.0085
5.3789 5.3414 5.3658 0.0085
5.3789 5.3414 5.3658 0.0085
5.3789 5.3414 5.3659 0.0085
5.3789 5.3414 5.3659 0.0085
5.3789 5.3414 5.3659 0.0085
5.3789 5.3414 5.3660 0.0086
5.3789 5.3414 5.3660 0.0086
5.3789 5.3414 5.3660 0.0086
5.3789 5.3414 5.3660 0.0086
5.3789 5.3414 5.3661 0.0086
5.3789 5.3414 5.3661 0.0086
5.3789 5.3414 5.3661 0.0086
5.3789 5.3414 5.3661 0.0086
5.3789 5.3414 5.3662 0.0086
5.3789 5.3414 5.3662 0.0086
5.3789 5.3414 5.3662 0.0086
5.3789 5.3414 5.3663 0.0086
5.3789 5.3414 5.3663 0.0086
5.3789 5.3414 5.3663 0.0086
5.3789 5.3414 5.3663 0.0086
5.3789 5.3414 5.3663 0.0086
5.3789 5.3414 5.3663 0.0086
5.3789 5.3414 5.3663 0.0086
5.3789 5.3414 5.3663 0.0086
5.3789 5.3414 5.3663 0.0086
5.3789 5.3414 5.3663 0.0086
5.3789 5.3414 5.3664 0.0086
5.3789 5.3414 5.3664 0.0086
5.3789 5.3414 5.3664 0.0086
5.3789 5.3414 5.3665 0.0086
5.3789 5.3414 5.3668 0.0084
5.3789 5.3414 5.3668 0.0084
5.3789 5.3414 5.3668 0.0084
5.3789 5.3414 5.3669 0.0084
5.3789 5.3414 5.3670 0.0083
5.3789 5.3414 5.3670 0.0083
5.3789 5.3414 5.3670 0.0083
5.3789 5.3414 5.3670 0.0083
5.3789 5.3414 5.3670 0.0083
5.3789 5.3414 5.3671 0.0083
5.3789 5.3414 5.3671 0.0083
5.3789 5.3414 5.3671 0.0083
5.3789 5.3414 5.3671 0.0083
5.3789 5.3414 5.3673 0.0081
5.3789 5.3414 5.3673 0.0081
5.3789 5.3414 5.3673 0.0081
5.3789 5.3414 5.3673 0.0081
5.3789 5.3414 5.3673 0.0081
5.3789 5.3414 5.3674 0.0081
5.3789 5.3414 5.3674 0.0081
5.3789 5.3414 5.3676 0.0080
5.3789 5.3414 5.3676 0.0080
5.3789 5.3414 5.3676 0.0080
5.3789 5.3414 5.3676 0.0080
5.3789 5.3414 5.3676 0.0080
5.3789 5.3414 5.3676 0.0080
5.3789 5.3414 5.3676 0.0080
5.3789 5.3414 5.3676 0.0080
5.3789 5.3414 5.3676 0.0080
5.3789 5.3414 5.3678 0.0078
5.3789 5.3414 5.3679 0.0076
5.3789 5.3414 5.3681 0.0075
5.3789 5.3414 5.3682 0.0075
5.3789 5.3414 5.3682 0.0075
5.3789 5.3414 5.3682 0.0076
5.3789 5.3414 5.3684 0.0074
5.3789 5.3414 5.3684 0.0074
5.3789 5.3414 5.3684 0.0074
5.3789 5.3414 5.3686 0.0070
5.3789 5.3414 5.3686 0.0071
5.3789 5.3414 5.3686 0.0071
5.3789 5.3414 5.3686 0.0071
5.3789 5.3414 5.3686 0.0071
5.3789 5.3414 5.3687 0.0071
5.3789 5.3414 5.3687 0.0071
5.3789 5.3414 5.3688 0.0069
5.3789 5.3414 5.3688 0.0069
5.3789 5.3414 5.3688 0.0069
5.3789 5.3414 5.3689 0.0069
5.3789 5.3414 5.3691 0.0066
5.3789 5.3414 5.3691 0.0066
5.3789 5.3414 5.3692 0.0066
5.3789 5.3414 5.3692 0.0066
5.3789 5.3414 5.3693 0.0066
5.3789 5.3414 5.3693 0.0066
5.3789 5.3414 5.3693 0.0066
5.3789 5.3414 5.3694 0.0066
5.3789 5.3414 5.3694 0.0066
5.3789 5.3414 5.3694 0.0066
5.3789 5.3414 5.3694 0.0066
5.3789 5.3414 5.3695 0.0066
5.3789 5.3414 5.3695 0.0066
5.3789 5.3414 5.3695 0.0066
5.3789 5.3414 5.3695 0.0066
5.3789 5.3414 5.3695 0.0066
5.3789 5.3414 5.3695 0.0066
5.3789 5.3414 5.3695 0.0066
5.3789 5.3414 5.3695 0.0066
5.3789 5.3414 5.3695 0.0066
5.3789 5.3414 5.3696 0.0066
5.3789 5.3414 5.3696 0.0066
5.3789 5.3414 5.3696 0.0066
5.3789 5.3414 5.3696 0.0066
5.3789 5.3414 5.3696 0.0066
5.3789 5.3414 5.3696 0.0066
5.3789 5.3414 5.3696 0.0066
5.3789 5.3508 5.3699 0.0060
5.3789 5.3508 5.3702 0.0057
5.3789 5.3508 5.3702 0.0057
5.3789 5.3508 5.3702 0.0057
5.3789 5.3508 5.3702 0.0057
5.3789 5.3508 5.3702 0.0057
5.3789 5.3508 5.3703 0.0057
5.3789 5.3508 5.3703 0.0057
5.3789 5.3508 5.3703 0.0057
5.3789 5.3508 5.3703 0.0057
5.3789 5.3508 5.3703 0.0057
5.3789 5.3508 5.3703 0.0057
5.3789 5.3508 5.3704 0.0057
5.3789 5.3508 5.3704 0.0057
5.3789 5.3508 5.3704 0.0057
5.3789 5.3508 5.3705 0.0054
5.3789 5.3508 5.3705 0.0054
5.3789 5.3508 5.3705 0.0053
5.3789 5.3508 5.3706 0.0053
5.3789 5.3508 5.3706 0.0053
5.3789 5.3508 5.3706 0.0053
5.3789 5.3508 5.3707 0.0052
5.3789 5.3508 5.3707 0.0052
5.3789 5.3508 5.3707 0.0052
5.3789 5.3508 5.3707 0.0052
5.3789 5.3508 5.3707 0.0052
5.3789 5.3508 5.3707 0.0052
5.3789 5.3508 5.3707 0.0052
5.3789 5.3508 5.3708 0.0052
5.3789 5.3508 5.3708 0.0052
5.3789 5.3508 5.3708 0.0052
5.3789 5.3508 5.3708 0.0052
5.3789 5.3508 5.3709 0.0052
5.3789 5.3508 5.3709 0.0052
5.3789 5.3508 5.3710 0.0052
5.3789 5.3508 5.3710 0.0053
5.3789 5.3508 5.3710 0.0053
5.3789 5.3508 5.3710 0.0053
5.3789 5.3508 5.3710 0.0053
5.3789 5.3508 5.3710 0.0053
5.3789 5.3508 5.3711 0.0052
5.3789 5.3508 5.3711 0.0052
5.3789 5.3508 5.3711 0.0052
5.3789 5.3508 5.3711 0.0052
5.3789 5.3508 5.3711 0.0052
5.3789 5.3508 5.3711 0.0052
5.3789 5.3508 5.3711 0.0052
5.3789 5.3508 5.3711 0.0052
5.3789 5.3508 5.3712 0.0052
5.3789 5.3508 5.3712 0.0052
5.3789 5.3508 5.3712 0.0052
5.3789 5.3508 5.3712 0.0052
5.3789 5.3508 5.3712 0.0052
5.3789 5.3508 5.3712 0.0052
5.3789 5.3508 5.3713 0.0052
5.3789 5.3508 5.3713 0.0052
5.3789 5.3508 5.3713 0.0052
5.3789 5.3508 5.3713 0.0052
5.3789 5.3508 5.3713 0.0052
5.3789 5.3508 5.3713 0.0052
5.3789 5.3508 5.3713 0.0053
5.3789 5.3508 5.3714 0.0053
5.3789 5.3508 5.3715 0.0053
5.3789 5.3508 5.3715 0.0053
5.3789 5.3508 5.3715 0.0053
5.3789 5.3508 5.3715 0.0053
5.3789 5.3508 5.3715 0.0053
5.3789 5.3508 5.3715 0.0053
5.3789 5.3508 5.3715 0.0053
5.3789 5.3508 5.3715 0.0053
5.3789 5.3508 5.3715 0.0053
5.3789 5.3508 5.3715 0.0053
5.3789 5.3508 5.3715 0.0053
5.3789 5.3508 5.3716 0.0052
5.3789 5.3508 5.3717 0.0052
5.3789 5.3508 5.3717 0.0052
5.3789 5.3508 5.3717 0.0052
5.3789 5.3508 5.3717 0.0052
5.3789 5.3508 5.3717 0.0052
5.3789 5.3508 5.3717 0.0052
5.3789 5.3508 5.3717 0.0052
5.3789 5.3508 5.3717 0.0052
5.3789 5.3508 5.3717 0.0052
5.3789 5.3508 5.3717 0.0052
5.3789 5.3508 5.3719 0.0049
5.3789 5.3508 5.3719 0.0049
5.3789 5.3508 5.3719 0.0049
5.3789 5.3508 5.3719 0.0049
5.3789 5.3508 5.3719 0.0049
5.3789 5.3508 5.3720 0.0049
5.3789 5.3508 5.3720 0.0049
5.3789 5.3508 5.3720 0.0049
5.3789 5.3508 5.3720 0.0049
5.3789 5.3508 5.3720 0.0049
5.3789 5.3508 5.3720 0.0049
5.3789 5.3508 5.3720 0.0049
5.3789 5.3508 5.3720 0.0049
5.3789 5.3508 5.3720 0.0049
5.3789 5.3508 5.3720 0.0049
5.3789 5.3508 5.3721 0.0049
5.3789 5.3508 5.3721 0.0049
5.3789 5.3508 5.3721 0.0049
5.3789 5.3508 5.3722 0.0049
5.3789 5.3508 5.3722 0.0049
5.3789 5.3508 5.3724 0.0046
5.3789 5.3508 5.3724 0.0046
5.3789 5.3508 5.3724 0.0044
5.3789 5.3508 5.3724 0.0044
5.3789 5.3508 5.3724 0.0044
5.3789 5.3508 5.3724 0.0044
5.3789 5.3508 5.3724 0.0044
5.3789 5.3508 5.3724 0.0044
5.3789 5.3508 5.3725 0.0044
5.3789 5.3508 5.3725 0.0044
5.3789 5.3508 5.3725 0.0044
5.3789 5.3508 5.3725 0.0044
5.3789 5.3557 5.3727 0.0039
5.3789 5.3557 5.3727 0.0039
5.3789 5.3557 5.3727 0.0039
5.3789 5.3557 5.3727 0.0039
5.3789 5.3557 5.3727 0.0039
5.3789 5.3557 5.3727 0.0039
5.3789 5.3557 5.3727 0.0039
5.3789 5.3557 5.3727 0.0039
5.3789 5.3557 5.3727 0.0039
5.3789 5.3557 5.3727 0.0040
5.3789 5.3557 5.3728 0.0039
5.3789 5.3557 5.3729 0.0038
5.3789 5.3557 5.3729 0.0038
5.3789 5.3557 5.3729 0.0038
5.3789 5.3557 5.3729 0.0038
5.3789 5.3557 5.3729 0.0038
5.3789 5.3557 5.3729 0.0038
5.3789 5.3557 5.3729 0.0038
5.3789 5.3557 5.3729 0.0038
5.3789 5.3557 5.3729 0.0038
5.3789 5.3557 5.3729 0.0038
5.3789 5.3557 5.3729 0.0038
5.3789 5.3557 5.3730 0.0038
5.3789 5.3557 5.3730 0.0038
5.3789 5.3557 5.3730 0.0038
5.3789 5.3557 5.3730 0.0038
5.3789 5.3557 5.3730 0.0038
5.3789 5.3557 5.3730 0.0038
5.3789 5.3557 5.3730 0.0038
5.3789 5.3557 5.3731 0.0037
5.3789 5.3557 5.3731 0.0037
5.3789 5.3557 5.3731 0.0037
5.3789 5.3557 5.3731 0.0037
5.3789 5.3557 5.3731 0.0037
5.3789 5.3557 5.3732 0.0037
5.3789 5.3557 5.3732 0.0037
5.3789 5.3557 5.3732 0.0037
5.3789 5.3557 5.3732 0.0037
5.3789 5.3557 5.3732 0.0037
5.3789 5.3557 5.3732 0.0037
5.3789 5.3557 5.3732 0.0037
5.3789 5.3557 5.3732 0.0037
5.3789 5.3557 5.3733 0.0037
5.3789 5.3557 5.3733 0.0037
5.3789 5.3557 5.3733 0.0037
5.3789 5.3557 5.3733 0.0037
5.3789 5.3557 5.3733 0.0037
5.3789 5.3557 5.3733 0.0037
5.3789 5.3557 5.3733 0.0037
5.3789 5.3557 5.3733 0.0037
5.3789 5.3557 5.3733 0.0037
5.3789 5.3557 5.3733 0.0037
5.3789 5.3557 5.3733 0.0037
5.3789 5.3557 5.3733 0.0037
5.3789 5.3557 5.3733 0.0037
5.3789 5.3557 5.3733 0.0037
5.3789 5.3557 5.3734 0.0037
5.3789 5.3557 5.3734 0.0037
5.3789 5.3557 5.3734 0.0037
5.3789 5.3557 5.3734 0.0037
5.3789 5.3557 5.3734 0.0037
5.3789 5.3557 5.3734 0.0037
5.3789 5.3557 5.3734 0.0037
5.3789 5.3557 5.3734 0.0037
5.3789 5.3557 5.3734 0.0037
5.3789 5.3557 5.3734 0.0037
5.3789 5.3557 5.3734 0.0037
5.3789 5.3557 5.3734 0.0037
5.3789 5.3632 5.3736 0.0032
5.3789 5.3632 5.3736 0.0032
5.3789 5.3632 5.3736 0.0032
5.3789 5.3632 5.3736 0.0032
5.3789 5.3632 5.3736 0.0032
5.3789 5.3632 5.3736 0.0032
5.3789 5.3632 5.3736 0.0032
5.3789 5.3632 5.3736 0.0032
5.3789 5.3632 5.3737 0.0032
5.3789 5.3632 5.3737 0.0032
5.3789 5.3632 5.3737 0.0032
5.3789 5.3632 5.3737 0.0032
5.3789 5.3632 5.3738 0.0032
5.3789 5.3632 5.3738 0.0032
5.3789 5.3632 5.3739 0.0032
5.3789 5.3632 5.3739 0.0032
5.3789 5.3632 5.3739 0.0032
5.3789 5.3632 5.3739 0.0032
5.3789 5.3632 5.3739 0.0032
5.3789 5.3632 5.3739 0.0032
5.3789 5.3632 5.3739 0.0032
5.3789 5.3632 5.3739 0.0032
5.3789 5.3632 5.3740 0.0033
5.3789 5.3632 5.3740 0.0033
5.3789 5.3632 5.3740 0.0033
5.3789 5.3632 5.3740 0.0033
5.3789 5.3632 5.3740 0.0033
5.3789 5.3632 5.3741 0.0033
5.3789 5.3632 5.3741 0.0034
5.3789 5.3632 5.3742 0.0033
5.3789 5.3632 5.3742 0.0033
5.3789 5.3632 5.3742 0.0033
5.3789 5.3632 5.3742 0.0033
5.3789 5.3632 5.3742 0.0033
5.3789 5.3632 5.3742 0.0033
5.3789 5.3632 5.3742 0.0033
5.3789 5.3632 5.3742 0.0033
5.3789 5.3632 5.3742 0.0034
5.3789 5.3632 5.3742 0.0034
5.3789 5.3632 5.3743 0.0033
5.3789 5.3632 5.3743 0.0033
5.3789 5.3632 5.3743 0.0033
5.3789 5.3632 5.3743 0.0033
5.3789 5.3632 5.3743 0.0033
5.3789 5.3632 5.3743 0.0033
5.3789 5.3632 5.3743 0.0033
5.3789 5.3632 5.3743 0.0033
5.3789 5.3632 5.3743 0.0033
5.3789 5.3632 5.3743 0.0033
5.3789 5.3632 5.3744 0.0033
5.3789 5.3632 5.3744 0.0033
5.3789 5.3632 5.3744 0.0033
5.3789 5.3632 5.3744 0.0033
5.3789 5.3632 5.3744 0.0033
5.3789 5.3632 5.3744 0.0033
5.3789 5.3632 5.3744 0.0033
5.3789 5.3632 5.3744 0.0033
5.3789 5.3632 5.3744 0.0033
5.3789 5.3632 5.3744 0.0033
5.3789 5.3656 5.3745 0.0031
5.3789 5.3656 5.3745 0.0031
5.3789 5.3656 5.3745 0.0031
5.3789 5.3656 5.3745 0.0031
5.3789 5.3656 5.3745 0.0031
5.3789 5.3656 5.3746 0.0031
5.3789 5.3656 5.3746 0.0031
5.3789 5.3656 5.3746 0.0031
5.3789 5.3656 5.3746 0.0031
5.3789 5.3656 5.3746 0.0031
5.3789 5.3656 5.3746 0.0031
5.3789 5.3656 5.3747 0.0030
5.3789 5.3656 5.3747 0.0030
5.3789 5.3656 5.3747 0.0030
5.3789 5.3656 5.3747 0.0030
5.3789 5.3656 5.3747 0.0030
5.3789 5.3656 5.3747 0.0030
5.3789 5.3656 5.3747 0.0030
5.3789 5.3656 5.3748 0.0030
5.3789 5.3656 5.3748 0.0030
5.3789 5.3656 5.3748 0.0030
5.3789 5.3656 5.3748 0.0030
5.3790 5.3656 5.3748 0.0030
5.3790 5.3656 5.3748 0.0030
5.3790 5.3656 5.3748 0.0030
5.3790 5.3656 5.3749 0.0030
5.3790 5.3656 5.3750 0.0029
5.3790 5.3656 5.3750 0.0029
5.3790 5.3656 5.3750 0.0029
5.3790 5.3656 5.3750 0.0029
5.3790 5.3656 5.3750 0.0029
5.3790 5.3656 5.3750 0.0029
5.3790 5.3656 5.3750 0.0029
5.3790 5.3656 5.3750 0.0029
5.3790 5.3656 5.3750 0.0029
5.3790 5.3656 5.3751 0.0028
5.3790 5.3656 5.3751 0.0028
5.3790 5.3656 5.3751 0.0027
5.3790 5.3656 5.3751 0.0027
5.3790 5.3656 5.3751 0.0027
5.3790 5.3656 5.3751 0.0027
5.3790 5.3656 5.3751 0.0027
5.3790 5.3656 5.3752 0.0027
5.3790 5.3656 5.3752 0.0027
5.3790 5.3656 5.3752 0.0027
5.3790 5.3656 5.3752 0.0027
5.3790 5.3656 5.3752 0.0028
5.3790 5.3656 5.3752 0.0028
5.3790 5.3656 5.3752 0.0028
5.3790 5.3656 5.3752 0.0028
5.3790 5.3656 5.3752 0.0028
5.3790 5.3656 5.3752 0.0028
5.3790 5.3656 5.3752 0.0028
5.3790 5.3656 5.3752 0.0028
5.3790 5.3656 5.3752 0.0028
5.3790 5.3656 5.3752 0.0028
5.3790 5.3656 5.3752 0.0028
5.3790 5.3656 5.3753 0.0028
5.3790 5.3656 5.3753 0.0028
5.3790 5.3656 5.3753 0.0028
5.3790 5.3656 5.3753 0.0028
5.3790 5.3656 5.3753 0.0028
5.3790 5.3656 5.3753 0.0028
5.3790 5.3656 5.3753 0.0028
5.3790 5.3656 5.3753 0.0028
5.3790 5.3656 5.3753 0.0028
5.3790 5.3656 5.3753 0.0028
5.3790 5.3656 5.3753 0.0028
5.3790 5.3656 5.3753 0.0028
5.3790 5.3656 5.3753 0.0028
5.3790 5.3656 5.3753 0.0028
5.3790 5.3656 5.3753 0.0028
5.3790 5.3656 5.3753 0.0028
5.3790 5.3656 5.3754 0.0028
5.3790 5.3656 5.3754 0.0028
5.3790 5.3656 5.3754 0.0028
5.3790 5.3656 5.3754 0.0028
5.3790 5.3656 5.3754 0.0028
5.3790 5.3656 5.3754 0.0028
5.3790 5.3656 5.3754 0.0028
5.3790 5.3656 5.3755 0.0028
5.3790 5.3656 5.3755 0.0028
5.3790 5.3656 5.3755 0.0028
5.3790 5.3656 5.3755 0.0028
5.3790 5.3656 5.3755 0.0028
5.3790 5.3656 5.3755 0.0028
5.3790 5.3656 5.3756 0.0028
5.3790 5.3656 5.3756 0.0029
5.3790 5.3656 5.3756 0.0029
5.3790 5.3656 5.3756 0.0029
5.3790 5.3656 5.3756 0.0029
5.3790 5.3656 5.3757 0.0028
5.3790 5.3656 5.3757 0.0028
5.3790 5.3656 5.3757 0.0028
5.3790 5.3656 5.3757 0.0028
5.3790 5.3656 5.3757 0.0028
5.3790 5.3656 5.3757 0.0028
5.3790 5.3656 5.3758 0.0028
5.3790 5.3656 5.3758 0.0028
5.3790 5.3656 5.3758 0.0028
5.3790 5.3656 5.3758 0.0028
5.3790 5.3656 5.3758 0.0028
5.3790 5.3656 5.3758 0.0028
5.3790 5.3656 5.3758 0.0028
5.3790 5.3656 5.3758 0.0028
5.3790 5.3656 5.3758 0.0028
5.3790 5.3656 5.3759 0.0028
5.3790 5.3656 5.3759 0.0028
5.3790 5.3656 5.3759 0.0028
5.3790 5.3656 5.3759 0.0028
5.3790 5.3656 5.3759 0.0028
5.3790 5.3656 5.3759 0.0028
5.3790 5.3656 5.3759 0.0028
5.3790 5.3656 5.3759 0.0028
5.3790 5.3656 5.3760 0.0028
5.3790 5.3656 5.3760 0.0028
5.3790 5.3656 5.3760 0.0028
5.3790 5.3656 5.3760 0.0028
5.3790 5.3656 5.3761 0.0029
5.3790 5.3656 5.3761 0.0029
5.3790 5.3656 5.3761 0.0029
5.3790 5.3656 5.3761 0.0029
5.3790 5.3656 5.3761 0.0029
5.3790 5.3656 5.3761 0.0029
5.3790 5.3656 5.3761 0.0029
5.3790 5.3656 5.3761 0.0029
5.3790 5.3656 5.3761 0.0029
5.3790 5.3656 5.3761 0.0029
5.3790 5.3656 5.3761 0.0029
5.3790 5.3656 5.3761 0.0029
5.3790 5.3656 5.3761 0.0029
5.3790 5.3656 5.3762 0.0028
5.3790 5.3656 5.3762 0.0028
5.3790 5.3656 5.3762 0.0028
5.3790 5.3656 5.3762 0.0028
5.3790 5.3656 5.3762 0.0028
5.3790 5.3656 5.3762 0.0028
5.3790 5.3656 5.3762 0.0028
5.3790 5.3656 5.3762 0.0028
5.3790 5.3656 5.3762 0.0028
5.3790 5.3656 5.3762 0.0028
5.3790 5.3656 5.3763 0.0028
5.3790 5.3656 5.3763 0.0028
5.3790 5.3656 5.3763 0.0028
5.3790 5.3656 5.3763 0.0028
5.3790 5.3656 5.3764 0.0028
5.3790 5.3656 5.3764 0.0028
5.3790 5.3656 5.3764 0.0028
5.3790 5.3656 5.3764 0.0028
5.3790 5.3656 5.3764 0.0028
5.3790 5.3656 5.3764 0.0028
5.3790 5.3656 5.3764 0.0028
5.3790 5.3656 5.3764 0.0028
5.3790 5.3656 5.3764 0.0028
5.3790 5.3656 5.3764 0.0028
5.3790 5.3656 5.3764 0.0028
5.3790 5.3656 5.3764 0.0028
5.3790 5.3656 5.3764 0.0028
5.3790 5.3656 5.3764 0.0028
5.3790 5.3656 5.3764 0.0028
5.3790 5.3656 5.3764 0.0028
5.3790 5.3656 5.3764 0.0028
5.3790 5.3656 5.3764 0.0028
5.3790 5.3656 5.3764 0.0028
5.3790 5.3656 5.3764 0.0028
5.3790 5.3656 5.3764 0.0028
5.3790 5.3656 5.3764 0.0028
5.3790 5.3656 5.3764 0.0028
5.3790 5.3656 5.3764 0.0028
5.3790 5.3656 5.3764 0.0028
5.3790 5.3656 5.3764 0.0027
5.3790 5.3656 5.3764 0.0027
5.3790 5.3656 5.3764 0.0027
5.3790 5.3656 5.3764 0.0027
5.3790 5.3656 5.3764 0.0027
5.3790 5.3656 5.3764 0.0027
5.3790 5.3656 5.3764 0.0027
5.3790 5.3656 5.3764 0.0027
5.3790 5.3656 5.3764 0.0027
5.3790 5.3656 5.3764 0.0027
5.3790 5.3656 5.3764 0.0027
5.3790 5.3656 5.3764 0.0027
5.3790 5.3656 5.3765 0.0027
5.3790 5.3656 5.3765 0.0027
5.3790 5.3656 5.3765 0.0027
5.3790 5.3656 5.3765 0.0027
5.3809 5.3656 5.3765 0.0027
5.3809 5.3656 5.3765 0.0027
5.3809 5.3656 5.3765 0.0027
5.3809 5.3656 5.3765 0.0027
5.3809 5.3656 5.3765 0.0027
5.3809 5.3656 5.3765 0.0027
5.3809 5.3656 5.3765 0.0027
5.3809 5.3656 5.3766 0.0027
5.3809 5.3656 5.3766 0.0027
5.3809 5.3656 5.3766 0.0027
5.3834 5.3656 5.3766 0.0028
5.3834 5.3656 5.3766 0.0028
5.3834 5.3656 5.3766 0.0028
5.3834 5.3656 5.3767 0.0028
5.3834 5.3656 5.3767 0.0028
5.3834 5.3656 5.3767 0.0028
5.3834 5.3656 5.3767 0.0028
5.3834 5.3656 5.3767 0.0028
5.3834 5.3656 5.3767 0.0028
5.3834 5.3656 5.3767 0.0028
5.3834 5.3656 5.3767 0.0028
5.3834 5.3656 5.3767 0.0028
5.3834 5.3656 5.3767 0.0028
5.3834 5.3656 5.3767 0.0028
5.3834 5.3656 5.3767 0.0028
5.3834 5.3656 5.3767 0.0028
5.3834 5.3656 5.3767 0.0028
5.3834 5.3656 5.3767 0.0028
5.3834 5.3656 5.3767 0.0028
5.3834 5.3656 5.3767 0.0028
5.3834 5.3656 5.3767 0.0028
5.3834 5.3656 5.3767 0.0028
5.3834 5.3656 5.3768 0.0028
5.3834 5.3656 5.3768 0.0028
5.3834 5.3656 5.3768 0.0028
5.3834 5.3656 5.3768 0.0028
5.3834 5.3656 5.3768 0.0028
5.3834 5.3656 5.3768 0.0028
5.3834 5.3656 5.3768 0.0028
5.3834 5.3656 5.3768 0.0028
5.3834 5.3656 5.3768 0.0028
5.3834 5.3656 5.3769 0.0028
5.3834 5.3656 5.3769 0.0027
5.3834 5.3656 5.3769 0.0027
5.3834 5.3656 5.3769 0.0027
5.3834 5.3656 5.3769 0.0028
5.3834 5.3656 5.3769 0.0027
5.3834 5.3656 5.3769 0.0027
5.3834 5.3656 5.3769 0.0027
5.3834 5.3656 5.3769 0.0027
5.3834 5.3656 5.3769 0.0027
5.3834 5.3656 5.3769 0.0027
5.3834 5.3656 5.3769 0.0027
5.3834 5.3656 5.3769 0.0027
5.3834 5.3656 5.3769 0.0027
5.3834 5.3656 5.3769 0.0027
5.3834 5.3656 5.3769 0.0027
5.3834 5.3656 5.3769 0.0027
5.3834 5.3656 5.3770 0.0028
5.3834 5.3656 5.3770 0.0028
5.3834 5.3656 5.3770 0.0028
5.3834 5.3656 5.3771 0.0028
5.3834 5.3656 5.3771 0.0028
5.3834 5.3658 5.3772 0.0025
5.3834 5.3658 5.3772 0.0025
5.3834 5.3658 5.3772 0.0025
5.3834 5.3658 5.3772 0.0025
5.3834 5.3658 5.3772 0.0025
5.3834 5.3658 5.3772 0.0025
5.3834 5.3658 5.3772 0.0025
5.3834 5.3658 5.3772 0.0025
5.3834 5.3658 5.3772 0.0025
5.3834 5.3658 5.3772 0.0025
5.3834 5.3658 5.3772 0.0026
5.3834 5.3658 5.3772 0.0026
5.3834 5.3658 5.3773 0.0026
5.3834 5.3658 5.3773 0.0026
5.3834 5.3658 5.3773 0.0026
5.3834 5.3658 5.3773 0.0026
5.3834 5.3658 5.3773 0.0026
5.3834 5.3658 5.3773 0.0026
5.3834 5.3658 5.3773 0.0026
5.3834 5.3658 5.3773 0.0026
5.3834 5.3658 5.3773 0.0026
5.3834 5.3658 5.3773 0.0026
5.3834 5.3658 5.3773 0.0026
5.3834 5.3658 5.3774 0.0026
5.3834 5.3658 5.3774 0.0026
5.3834 5.3658 5.3774 0.0026
5.3834 5.3658 5.3774 0.0026
5.3834 5.3658 5.3774 0.0026
5.3834 5.3658 5.3774 0.0026
5.3834 5.3658 5.3774 0.0026
5.3834 5.3658 5.3774 0.0026
5.3834 5.3658 5.3774 0.0026
5.3834 5.3658 5.3775 0.0026
5.3834 5.3658 5.3775 0.0026
5.3834 5.3658 5.3775 0.0026
5.3834 5.3658 5.3775 0.0026
5.3834 5.3658 5.3775 0.0025
5.3834 5.3658 5.3775 0.0025
5.3834 5.3658 5.3775 0.0025
5.3834 5.3658 5.3775 0.0025
5.3834 5.3658 5.3775 0.0025
5.3834 5.3658 5.3775 0.0025
5.3834 5.3658 5.3775 0.0025
5.3834 5.3658 5.3775 0.0026
5.3834 5.3658 5.3775 0.0025
5.3834 5.3658 5.3775 0.0025
5.3834 5.3658 5.3775 0.0025
5.3834 5.3658 5.3775 0.0025
5.3834 5.3658 5.3775 0.0025
5.3834 5.3658 5.3776 0.0025
5.3834 5.3658 5.3776 0.0025
5.3834 5.3658 5.3776 0.0025
5.3834 5.3658 5.3776 0.0025
5.3834 5.3658 5.3776 0.0025
5.3834 5.3658 5.3776 0.0025
5.3834 5.3658 5.3776 0.0025
5.3834 5.3658 5.3776 0.0025
5.3834 5.3658 5.3776 0.0025
5.3834 5.3658 5.3776 0.0025
5.3834 5.3658 5.3776 0.0025
5.3834 5.3658 5.3776 0.0025
5.3834 5.3658 5.3776 0.0025
5.3834 5.3658 5.3776 0.0025
5.3834 5.3658 5.3776 0.0025
5.3834 5.3658 5.3776 0.0025
5.3834 5.3658 5.3777 0.0025
5.3834 5.3658 5.3777 0.0025
5.3834 5.3658 5.3777 0.0025
5.3834 5.3658 5.3777 0.0025
5.3834 5.3658 5.3777 0.0025
5.3834 5.3658 5.3777 0.0025
5.3834 5.3658 5.3777 0.0025
5.3834 5.3658 5.3778 0.0024
5.3834 5.3658 5.3778 0.0025
5.3834 5.3658 5.3778 0.0025
5.3834 5.3658 5.3778 0.0025
5.3834 5.3658 5.3778 0.0025
5.3834 5.3658 5.3778 0.0025
5.3834 5.3658 5.3779 0.0025
5.3834 5.3658 5.3779 0.0025
5.3834 5.3668 5.3780 0.0022
5.3834 5.3668 5.3780 0.0022
5.3834 5.3668 5.3780 0.0022
5.3834 5.3668 5.3780 0.0022
5.3834 5.3668 5.3780 0.0022
5.3834 5.3668 5.3780 0.0022
5.3834 5.3668 5.3780 0.0022
5.3834 5.3668 5.3780 0.0022
5.3834 5.3668 5.3780 0.0022
5.3834 5.3668 5.3780 0.0022
5.3834 5.3668 5.3780 0.0022
5.3834 5.3668 5.3781 0.0022
5.3834 5.3668 5.3781 0.0023
5.3834 5.3668 5.3781 0.0023
5.3834 5.3668 5.3781 0.0023
5.3834 5.3668 5.3781 0.0023
5.3834 5.3668 5.3782 0.0023
5.3834 5.3668 5.3782 0.0023
5.3834 5.3668 5.3782 0.0023
5.3834 5.3668 5.3782 0.0023
5.3834 5.3668 5.3782 0.0023
5.3834 5.3668 5.3782 0.0023
5.3834 5.3668 5.3782 0.0023
5.3834 5.3668 5.3782 0.0023
5.3834 5.3668 5.3782 0.0023
5.3834 5.3668 5.3782 0.0023
5.3834 5.3668 5.3782 0.0023
5.3834 5.3668 5.3782 0.0023
5.3834 5.3668 5.3782 0.0023
5.3834 5.3668 5.3782 0.0023
5.3834 5.3668 5.3782 0.0023
5.3834 5.3668 5.3782 0.0023
5.3834 5.3668 5.3782 0.0023
5.3834 5.3668 5.3783 0.0023
5.3834 5.3668 5.3783 0.0023
5.3834 5.3668 5.3783 0.0023
5.3834 5.3668 5.3783 0.0023
5.3834 5.3668 5.3783 0.0023
5.3834 5.3668 5.3783 0.0023
5.3834 5.3668 5.3783 0.0023
5.3834 5.3668 5.3783 0.0023
5.3834 5.3668 5.3783 0.0023
5.3834 5.3668 5.3783 0.0023
5.3834 5.3668 5.3783 0.0023
5.3834 5.3668 5.3783 0.0023
5.3834 5.3668 5.3783 0.0023
5.3834 5.3668 5.3783 0.0023
5.3834 5.3668 5.3783 0.0023
5.3834 5.3668 5.3783 0.0023
5.3834 5.3668 5.3783 0.0023
5.3834 5.3731 5.3784 0.0020
5.3834 5.3731 5.3784 0.0020
5.3834 5.3731 5.3785 0.0020
5.3834 5.3731 5.3785 0.0020
5.3834 5.3731 5.3785 0.0020
5.3834 5.3731 5.3785 0.0020
5.3834 5.3731 5.3785 0.0020
5.3834 5.3731 5.3785 0.0020
5.3834 5.3731 5.3785 0.0020
5.3834 5.3731 5.3785 0.0020
5.3834 5.3731 5.3785 0.0020
5.3834 5.3731 5.3785 0.0020
5.3834 5.3731 5.3785 0.0020
5.3834 5.3731 5.3785 0.0020
5.3834 5.3731 5.3785 0.0020
5.3834 5.3731 5.3786 0.0020
5.3834 5.3731 5.3786 0.0019
5.3834 5.3731 5.3786 0.0019
5.3834 5.3731 5.3786 0.0019
5.3834 5.3731 5.3786 0.0019
5.3834 5.3731 5.3786 0.0019
5.3834 5.3731 5.3786 0.0019
5.3834 5.3731 5.3786 0.0019
5.3834 5.3731 5.3786 0.0019
5.3834 5.3731 5.3787 0.0019
5.3834 5.3731 5.3787 0.0019
5.3834 5.3731 5.3787 0.0019
5.3834 5.3731 5.3787 0.0019
5.3834 5.3731 5.3787 0.0019
5.3834 5.3731 5.3787 0.0019
5.3834 5.3731 5.3787 0.0019
5.3834 5.3731 5.3787 0.0019
5.3834 5.3731 5.3787 0.0019
5.3834 5.3731 5.3787 0.0019
5.3834 5.3731 5.3787 0.0019
5.3834 5.3731 5.3787 0.0019
5.3834 5.3731 5.3787 0.0019
5.3834 5.3731 5.3787 0.0019
5.3834 5.3731 5.3787 0.0019
5.3834 5.3731 5.3787 0.0019
5.3834 5.3731 5.3788 0.0019
5.3834 5.3731 5.3788 0.0019
5.3834 5.3731 5.3788 0.0019
5.3834 5.3731 5.3788 0.0019
5.3834 5.3731 5.3788 0.0019
5.3834 5.3731 5.3788 0.0019
5.3834 5.3731 5.3788 0.0019
5.3834 5.3731 5.3788 0.0019
5.3834 5.3731 5.3788 0.0019
5.3834 5.3731 5.3788 0.0019
5.3834 5.3731 5.3788 0.0019
5.3834 5.3731 5.3788 0.0019
5.3834 5.3731 5.3788 0.0019
5.3834 5.3731 5.3788 0.0019
5.3834 5.3731 5.3788 0.0019
5.3834 5.3731 5.3788 0.0019
5.3834 5.3731 5.3789 0.0019
5.3834 5.3731 5.3789 0.0019
5.3834 5.3731 5.3789 0.0019
5.3834 5.3731 5.3789 0.0019
5.3834 5.3731 5.3789 0.0020
5.3834 5.3731 5.3789 0.0020
5.3834 5.3731 5.3789 0.0020
5.3834 5.3731 5.3789 0.0020
5.3834 5.3731 5.3789 0.0020
5.3834 5.3731 5.3789 0.0020
5.3834 5.3731 5.3789 0.0020
5.3834 5.3731 5.3790 0.0020
5.3834 5.3731 5.3790 0.0020
5.3834 5.3731 5.3790 0.0020
5.3834 5.3731 5.3790 0.0020
5.3834 5.3731 5.3790 0.0020
5.3834 5.3731 5.3791 0.0020
5.3834 5.3731 5.3791 0.0020
5.3834 5.3731 5.3791 0.0020
5.3834 5.3731 5.3791 0.0020
5.3834 5.3731 5.3791 0.0020
5.3834 5.3731 5.3791 0.0020
5.3834 5.3731 5.3791 0.0020
5.3834 5.3731 5.3791 0.0020
5.3834 5.3731 5.3791 0.0020
5.3834 5.3731 5.3791 0.0020
5.3834 5.3731 5.3792 0.0020
5.3834 5.3731 5.3792 0.0020
5.3834 5.3731 5.3792 0.0020
5.3834 5.3750 5.3793 0.0019
5.3834 5.3750 5.3793 0.0019
5.3834 5.3750 5.3793 0.0019
5.3834 5.3750 5.3793 0.0019
5.3834 5.3750 5.3793 0.0019
5.3834 5.3750 5.3793 0.0019
5.3834 5.3750 5.3793 0.0019
5.3834 5.3750 5.3793 0.0020
5.3834 5.3750 5.3793 0.0020
5.3834 5.3750 5.3793 0.0020
5.3834 5.3750 5.3793 0.0019
5.3834 5.3750 5.3793 0.0019
5.3834 5.3750 5.3793 0.0019
5.3834 5.3750 5.3794 0.0019
5.3834 5.3750 5.3794 0.0019
5.3834 5.3750 5.3794 0.0019
5.3834 5.3750 5.3794 0.0019
5.3834 5.3750 5.3794 0.0019
5.3834 5.3750 5.3794 0.0019
5.3834 5.3750 5.3794 0.0019
5.3834 5.3750 5.3794 0.0019
5.3834 5.3750 5.3794 0.0019
5.3834 5.3750 5.3794 0.0019
5.3834 5.3750 5.3794 0.0019
5.3834 5.3750 5.3794 0.0019
5.3834 5.3750 5.3794 0.0019
5.3834 5.3750 5.3794 0.0019
5.3834 5.3750 5.3794 0.0019
5.3834 5.3750 5.3794 0.0020
5.3834 5.3750 5.3794 0.0020
5.3834 5.3750 5.3795 0.0019
5.3834 5.3750 5.3795 0.0019
5.3834 5.3750 5.3795 0.0019
5.3834 5.3750 5.3795 0.0019
5.3834 5.3750 5.3795 0.0019
5.3834 5.3750 5.3795 0.0019
5.3834 5.3750 5.3795 0.0019
5.3834 5.3750 5.3795 0.0020
5.3834 5.3750 5.3795 0.0020
5.3834 5.3750 5.3795 0.0020
5.3834 5.3750 5.3795 0.0020
5.3834 5.3750 5.3795 0.0020
5.3834 5.3750 5.3795 0.0020
5.3834 5.3750 5.3795 0.0020
5.3834 5.3750 5.3795 0.0020
5.3834 5.3750 5.3795 0.0020
5.3834 5.3750 5.3796 0.0020
5.3834 5.3750 5.3796 0.0020
5.3834 5.3750 5.3796 0.0020
5.3834 5.3750 5.3796 0.0019
5.3834 5.3750 5.3796 0.0019
5.3834 5.3750 5.3796 0.0019
5.3834 5.3750 5.3796 0.0019
5.3834 5.3750 5.3796 0.0019
5.3834 5.3750 5.3796 0.0019
5.3834 5.3750 5.3796 0.0019
5.3834 5.3750 5.3796 0.0019
5.3834 5.3750 5.3796 0.0019
5.3834 5.3750 5.3796 0.0019
5.3834 5.3750 5.3797 0.0019
5.3834 5.3750 5.3797 0.0019
5.3834 5.3750 5.3797 0.0019
5.3834 5.3750 5.3797 0.0019
5.3834 5.3750 5.3797 0.0019
5.3834 5.3750 5.3797 0.0019
5.3834 5.3750 5.3797 0.0019
5.3834 5.3750 5.3797 0.0019
5.3834 5.3750 5.3797 0.0019
5.3834 5.3750 5.3797 0.0019
5.3834 5.3750 5.3797 0.0019
5.3834 5.3750 5.3797 0.0020
5.3834 5.3750 5.3797 0.0020
5.3834 5.3750 5.3797 0.0020
5.3834 5.3750 5.3797 0.0020
5.3834 5.3750 5.3797 0.0020
5.3834 5.3750 5.3797 0.0020
5.3834 5.3750 5.3797 0.0020
5.3834 5.3750 5.3798 0.0020
5.3834 5.3750 5.3798 0.0020
5.3834 5.3750 5.3798 0.0020
5.3834 5.3750 5.3798 0.0020
5.3834 5.3750 5.3798 0.0020
5.3834 5.3750 5.3798 0.0020
5.3834 5.3750 5.3798 0.0020
5.3834 5.3750 5.3798 0.0020
5.3834 5.3750 5.3798 0.0020
5.3834 5.3750 5.3798 0.0020
5.3834 5.3750 5.3798 0.0020
5.3834 5.3750 5.3798 0.0020
5.3834 5.3750 5.3798 0.0020
5.3834 5.3750 5.3798 0.0020
5.3834 5.3750 5.3798 0.0020
5.3834 5.3750 5.3798 0.0020
5.3834 5.3750 5.3798 0.0020
5.3834 5.3750 5.3798 0.0020
5.3834 5.3750 5.3798 0.0020
5.3834 5.3750 5.3798 0.0020
5.3837 5.3750 5.3798 0.0020
5.3837 5.3750 5.3798 0.0020
5.3837 5.3750 5.3798 0.0020
5.3837 5.3750 5.3798 0.0020
5.3837 5.3750 5.3798 0.0021
5.3837 5.3750 5.3798 0.0021
5.3837 5.3750 5.3798 0.0021
5.3837 5.3750 5.3798 0.0021
5.3837 5.3750 5.3798 0.0021
5.3837 5.3750 5.3798 0.0021
5.3837 5.3750 5.3798 0.0021
5.3837 5.3750 5.3798 0.0021
5.3837 5.3750 5.3798 0.0021
5.3837 5.3750 5.3799 0.0021
5.3837 5.3750 5.3799 0.0021
5.3837 5.3750 5.3799 0.0021
5.3837 5.3750 5.3799 0.0021
5.3837 5.3750 5.3799 0.0021
5.3837 5.3750 5.3799 0.0021
5.3837 5.3750 5.3799 0.0021
5.3837 5.3750 5.3799 0.0021
5.3837 5.3750 5.3799 0.0021
5.3837 5.3750 5.3799 0.0021
5.3837 5.3750 5.3799 0.0021
5.3837 5.3750 5.3799 0.0021
5.3837 5.3750 5.3799 0.0021
5.3837 5.3750 5.3799 0.0021
5.3837 5.3750 5.3800 0.0021
5.3837 5.3750 5.3800 0.0021
5.3837 5.3750 5.3800 0.0021
5.3837 5.3750 5.3800 0.0021
5.3837 5.3750 5.3800 0.0021
5.3837 5.3750 5.3800 0.0021
5.3837 5.3750 5.3800 0.0021
5.3837 5.3750 5.3800 0.0021
5.3837 5.3750 5.3800 0.0021
5.3837 5.3750 5.3800 0.0021
5.3837 5.3750 5.3800 0.0021
5.3837 5.3750 5.3800 0.0021
5.3837 5.3751 5.3800 0.0020
5.3837 5.3751 5.3801 0.0020
5.3837 5.3751 5.3801 0.0020
5.3837 5.3751 5.3801 0.0020
5.3837 5.3751 5.3801 0.0020
5.3837 5.3751 5.3801 0.0020
5.3837 5.3751 5.3801 0.0020
5.3837 5.3751 5.3801 0.0020
5.3837 5.3751 5.3801 0.0020
5.3837 5.3751 5.3801 0.0020
5.3837 5.3754 5.3801 0.0020
5.3837 5.3754 5.3801 0.0020
5.3837 5.3754 5.3801 0.0020
5.3837 5.3754 5.3801 0.0020
5.3837 5.3754 5.3801 0.0020
5.3837 5.3754 5.3801 0.0020
5.3837 5.3754 5.3801 0.0020
5.3837 5.3754 5.3801 0.0020
5.3837 5.3754 5.3801 0.0020
5.3837 5.3754 5.3801 0.0020
5.3837 5.3754 5.3801 0.0020
5.3837 5.3754 5.3801 0.0020
5.3837 5.3754 5.3801 0.0020
5.3837 5.3754 5.3801 0.0020
5.3837 5.3754 5.3801 0.0020
5.3837 5.3754 5.3801 0.0020
5.3837 5.3754 5.3801 0.0020
5.3837 5.3754 5.3801 0.0020
5.3837 5.3754 5.3801 0.0020
5.3837 5.3754 5.3801 0.0020
5.3837 5.3754 5.3801 0.0020
5.3837 5.3754 5.3801 0.0020
5.3837 5.3754 5.3801 0.0020
5.3837 5.3754 5.3802 0.0020
5.3837 5.3754 5.3802 0.0020
5.3849 5.3754 5.3802 0.0021
5.3849 5.3754 5.3802 0.0021
5.3849 5.3754 5.3802 0.0021
5.3849 5.3754 5.3802 0.0021
5.3849 5.3754 5.3802 0.0021
5.3849 5.3754 5.3802 0.0021
5.3849 5.3754 5.3802 0.0021
5.3849 5.3754 5.3802 0.0021
5.3849 5.3754 5.3802 0.0021
5.3849 5.3754 5.3803 0.0021
5.3849 5.3754 5.3803 0.0021
5.3849 5.3754 5.3803 0.0021
5.3849 5.3754 5.3803 0.0021
5.3849 5.3754 5.3803 0.0021
5.3849 5.3754 5.3803 0.0021
5.3849 5.3754 5.3803 0.0021
5.3849 5.3754 5.3803 0.0021
5.3849 5.3754 5.3803 0.0021
5.3849 5.3754 5.3803 0.0021
5.3849 5.3754 5.3804 0.0021
5.3849 5.3754 5.3804 0.0021
5.3849 5.3754 5.3804 0.0021
5.3849 5.3754 5.3804 0.0021
5.3849 5.3754 5.3804 0.0021
5.3849 5.3754 5.3804 0.0021
5.3849 5.3754 5.3804 0.0021
5.3849 5.3754 5.3804 0.0021
5.3849 5.3754 5.3804 0.0021
5.3849 5.3760 5.3804 0.0021
5.3849 5.3760 5.3804 0.0021
5.3849 5.3760 5.3804 0.0021
5.3849 5.3760 5.3804 0.0021
5.3849 5.3760 5.3804 0.0021
5.3849 5.3760 5.3804 0.0021
5.3849 5.3760 5.3804 0.0021
5.3849 5.3760 5.3804 0.0021
5.3849 5.3760 5.3804 0.0021
5.3849 5.3760 5.3804 0.0021
5.3849 5.3760 5.3804 0.0021
5.3849 5.3760 5.3805 0.0021
5.3849 5.3760 5.3805 0.0021
5.3849 5.3760 5.3805 0.0021
5.3849 5.3760 5.3805 0.0021
5.3849 5.3760 5.3805 0.0021
5.3849 5.3760 5.3805 0.0021
5.3849 5.3760 5.3805 0.0021
5.3849 5.3760 5.3805 0.0021
5.3849 5.3760 5.3805 0.0021
5.3849 5.3760 5.3805 0.0021
5.3849 5.3760 5.3805 0.0021
5.3849 5.3760 5.3805 0.0021
5.3849 5.3760 5.3805 0.0021
5.3849 5.3760 5.3805 0.0021
5.3849 5.3760 5.3806 0.0021
5.3849 5.3760 5.3806 0.0021
5.3849 5.3760 5.3806 0.0021
5.3849 5.3760 5.3806 0.0021
5.3849 5.3760 5.3806 0.0022
5.3849 5.3760 5.3806 0.0022
5.3849 5.3760 5.3806 0.0022
5.3849 5.3760 5.3806 0.0022
5.3849 5.3763 5.3807 0.0021
5.3849 5.3763 5.3807 0.0021
5.3849 5.3763 5.3807 0.0021
5.3849 5.3763 5.3807 0.0021
5.3849 5.3763 5.3807 0.0021
5.3849 5.3763 5.3807 0.0021
5.3849 5.3763 5.3807 0.0021
5.3849 5.3763 5.3807 0.0021
5.3849 5.3763 5.3807 0.0021
5.3849 5.3763 5.3807 0.0021
5.3849 5.3763 5.3807 0.0021
5.3849 5.3763 5.3808 0.0021
5.3849 5.3763 5.3808 0.0021
5.3849 5.3763 5.3808 0.0021
5.3849 5.3763 5.3808 0.0021
5.3849 5.3763 5.3808 0.0021
5.3849 5.3763 5.3808 0.0021
5.3849 5.3763 5.3808 0.0021
5.3849 5.3763 5.3808 0.0021
5.3849 5.3763 5.3808 0.0021
5.3849 5.3763 5.3808 0.0021
5.3849 5.3763 5.3808 0.0021
5.3849 5.3763 5.3808 0.0021
5.3849 5.3763 5.3808 0.0021
5.3849 5.3763 5.3808 0.0021
5.3849 5.3763 5.3808 0.0021
5.3849 5.3763 5.3808 0.0021
5.3849 5.3763 5.3808 0.0021
5.3849 5.3763 5.3808 0.0021
5.3849 5.3763 5.3808 0.0021
5.3849 5.3763 5.3808 0.0021
5.3849 5.3763 5.3808 0.0021
5.3849 5.3763 5.3808 0.0021
5.3849 5.3763 5.3808 0.0021
5.3849 5.3763 5.3808 0.0021
5.3849 5.3763 5.3808 0.0021
5.3849 5.3763 5.3808 0.0021
5.3849 5.3763 5.3808 0.0021
5.3849 5.3763 5.3808 0.0021
5.3849 5.3763 5.3809 0.0022
5.3849 5.3763 5.3809 0.0022
5.3849 5.3763 5.3809 0.0022
5.3849 5.3763 5.3809 0.0022
5.3849 5.3763 5.3809 0.0022
5.3849 5.3763 5.3809 0.0022
5.3849 5.3763 5.3809 0.0022
5.3849 5.3763 5.3809 0.0022
5.3849 5.3763 5.3809 0.0022
5.3849 5.3763 5.3809 0.0022
5.3849 5.3763 5.3809 0.0022
5.3849 5.3763 5.3809 0.0022
5.3849 5.3763 5.3810 0.0022
5.3849 5.3763 5.3810 0.0022
5.3849 5.3763 5.3810 0.0022
5.3849 5.3763 5.3810 0.0022
5.3849 5.3763 5.3811 0.0022
5.3849 5.3763 5.3811 0.0022
5.3849 5.3763 5.3811 0.0022
5.3849 5.3763 5.3811 0.0022
5.3849 5.3763 5.3811 0.0022
5.3849 5.3763 5.3811 0.0021
5.3849 5.3763 5.3811 0.0021
5.3849 5.3763 5.3811 0.0021
5.3849 5.3763 5.3811 0.0022
5.3849 5.3763 5.3811 0.0022
5.3849 5.3763 5.3811 0.0022
5.3849 5.3763 5.3812 0.0022
5.3849 5.3763 5.3812 0.0022
5.3849 5.3763 5.3812 0.0022
5.3849 5.3763 5.3812 0.0022
5.3849 5.3763 5.3812 0.0022
5.3849 5.3763 5.3812 0.0022
5.3849 5.3763 5.3812 0.0022
5.3849 5.3763 5.3812 0.0022
5.3849 5.3763 5.3812 0.0022
5.3849 5.3763 5.3812 0.0022
5.3849 5.3763 5.3812 0.0022
5.3849 5.3763 5.3812 0.0022
5.3849 5.3763 5.3812 0.0022
5.3849 5.3763 5.3812 0.0022
5.3849 5.3763 5.3812 0.0022
5.3849 5.3763 5.3812 0.0022
5.3849 5.3763 5.3812 0.0022
5.3849 5.3763 5.3812 0.0022
5.3849 5.3763 5.3812 0.0022
5.3849 5.3763 5.3812 0.0022
5.3849 5.3763 5.3812 0.0022
5.3849 5.3763 5.3812 0.0022
5.3849 5.3763 5.3812 0.0022
5.3849 5.3763 5.3813 0.0022
5.3849 5.3763 5.3813 0.0022
5.3849 5.3763 5.3813 0.0022
5.3849 5.3763 5.3813 0.0022
5.3849 5.3763 5.3813 0.0022
5.3849 5.3763 5.3813 0.0022
5.3849 5.3763 5.3813 0.0022
5.3849 5.3763 5.3814 0.0021
5.3849 5.3763 5.3814 0.0021
5.3849 5.3763 5.3814 0.0021
5.3849 5.3763 5.3814 0.0021
5.3849 5.3763 5.3814 0.0021
5.3849 5.3763 5.3814 0.0021
5.3849 5.3763 5.3814 0.0021
5.3849 5.3763 5.3814 0.0021
5.3849 5.3763 5.3814 0.0021
5.3849 5.3764 5.3815 0.0020
5.3849 5.3764 5.3815 0.0020
5.3849 5.3764 5.3815 0.0020
5.3849 5.3764 5.3815 0.0020
5.3849 5.3764 5.3815 0.0020
5.3849 5.3764 5.3815 0.0021
5.3849 5.3764 5.3815 0.0021
5.3849 5.3764 5.3815 0.0020
5.3849 5.3764 5.3816 0.0020
5.3849 5.3764 5.3816 0.0020
5.3849 5.3764 5.3816 0.0020
5.3849 5.3764 5.3816 0.0020
5.3849 5.3764 5.3816 0.0020
5.3849 5.3764 5.3816 0.0021
5.3849 5.3764 5.3816 0.0021
5.3849 5.3764 5.3816 0.0020
5.3849 5.3764 5.3816 0.0020
5.3849 5.3764 5.3816 0.0020
5.3849 5.3764 5.3816 0.0020
5.3849 5.3764 5.3816 0.0020
5.3849 5.3764 5.3816 0.0020
5.3849 5.3764 5.3817 0.0020
5.3849 5.3764 5.3817 0.0020
5.3849 5.3764 5.3817 0.0020
5.3849 5.3764 5.3817 0.0020
5.3849 5.3764 5.3817 0.0020
5.3849 5.3764 5.3817 0.0020
5.3849 5.3764 5.3817 0.0020
5.3849 5.3764 5.3817 0.0020
5.3849 5.3764 5.3817 0.0020
5.3849 5.3764 5.3817 0.0020
5.3849 5.3764 5.3817 0.0020
5.3849 5.3764 5.3818 0.0020
5.3849 5.3764 5.3818 0.0020
5.3849 5.3764 5.3818 0.0021
5.3849 5.3764 5.3818 0.0021
5.3849 5.3764 5.3818 0.0021
5.3849 5.3764 5.3818 0.0021
5.3849 5.3764 5.3818 0.0021
5.3849 5.3764 5.3818 0.0021
5.3849 5.3764 5.3818 0.0020
5.3849 5.3764 5.3818 0.0020
5.3849 5.3764 5.3818 0.0020
5.3849 5.3764 5.3818 0.0020
5.3849 5.3764 5.3818 0.0020
5.3849 5.3764 5.3819 0.0020
5.3849 5.3764 5.3819 0.0020
5.3903 5.3764 5.3820 0.0023
5.3903 5.3764 5.3820 0.0023
5.3903 5.3764 5.3820 0.0023
5.3903 5.3764 5.3821 0.0023
5.3903 5.3764 5.3821 0.0023
5.3903 5.3764 5.3821 0.0023
5.3903 5.3764 5.3821 0.0023
5.3903 5.3764 5.3821 0.0023
5.3903 5.3764 5.3821 0.0023
5.3903 5.3764 5.3821 0.0023
5.3903 5.3764 5.3822 0.0023
5.3903 5.3764 5.3822 0.0023
5.3903 5.3764 5.3822 0.0023
5.3903 5.3764 5.3822 0.0023
5.3903 5.3764 5.3822 0.0023
5.3903 5.3764 5.3822 0.0023
5.3903 5.3764 5.3822 0.0023
5.3903 5.3764 5.3822 0.0023
5.3903 5.3764 5.3822 0.0023
5.3903 5.3764 5.3822 0.0023
5.3903 5.3764 5.3822 0.0023
5.3903 5.3764 5.3822 0.0023
5.3903 5.3764 5.3822 0.0023
5.3903 5.3764 5.3822 0.0023
5.3903 5.3764 5.3822 0.0023
5.3903 5.3764 5.3822 0.0023
5.3903 5.3764 5.3822 0.0023
5.3903 5.3764 5.3822 0.0023
5.3903 5.3764 5.3822 0.0023
5.3903 5.3764 5.3822 0.0023
5.3903 5.3764 5.3822 0.0023
5.3903 5.3764 5.3822 0.0023
5.3903 5.3764 5.3822 0.0023
5.3903 5.3764 5.3822 0.0023
5.3903 5.3764 5.3822 0.0023
5.3903 5.3764 5.3822 0.0023
5.3903 5.3764 5.3822 0.0023
5.3903 5.3764 5.3822 0.0023
5.3903 5.3764 5.3822 0.0023
5.3903 5.3764 5.3822 0.0023
5.3903 5.3764 5.3822 0.0023
5.3903 5.3764 5.3822 0.0023
5.3903 5.3764 5.3822 0.0023
5.3903 5.3764 5.3823 0.0023
5.3903 5.3764 5.3823 0.0023
5.3903 5.3764 5.3823 0.0023
5.3903 5.3764 5.3823 0.0023
5.3903 5.3764 5.3823 0.0023
5.3903 5.3764 5.3823 0.0023
5.3903 5.3764 5.3823 0.0023
5.3903 5.3764 5.3823 0.0023
5.3903 5.3764 5.3823 0.0023
5.3903 5.3764 5.3823 0.0022
5.3903 5.3764 5.3823 0.0022
5.3903 5.3764 5.3823 0.0022
5.3903 5.3764 5.3823 0.0022
5.3903 5.3764 5.3823 0.0022
5.3903 5.3764 5.3823 0.0022
5.3903 5.3764 5.3824 0.0023
5.3903 5.3764 5.3824 0.0023
5.3903 5.3764 5.3824 0.0023
5.3903 5.3764 5.3824 0.0023
5.3903 5.3764 5.3824 0.0023
5.3903 5.3764 5.3824 0.0023
5.3903 5.3764 5.3824 0.0023
5.3903 5.3764 5.3824 0.0023
5.3903 5.3764 5.3824 0.0023
5.3903 5.3764 5.3824 0.0023
5.3903 5.3764 5.3824 0.0023
5.3903 5.3764 5.3824 0.0023
5.3903 5.3764 5.3824 0.0023
5.3903 5.3764 5.3824 0.0023
5.3903 5.3764 5.3824 0.0023
5.3903 5.3764 5.3824 0.0023
5.3903 5.3764 5.3824 0.0023
5.3903 5.3764 5.3824 0.0023
5.3903 5.3764 5.3824 0.0023
5.3903 5.3764 5.3824 0.0023
5.3903 5.3764 5.3825 0.0024
5.3903 5.3764 5.3825 0.0024
5.3903 5.3764 5.3825 0.0024
5.3903 5.3764 5.3825 0.0025
5.3903 5.3764 5.3825 0.0025
5.3903 5.3764 5.3825 0.0025
5.3903 5.3764 5.3825 0.0025
5.3903 5.3764 5.3826 0.0025
5.3903 5.3764 5.3826 0.0024
5.3903 5.3764 5.3826 0.0024
5.3903 5.3764 5.3826 0.0024
5.3903 5.3764 5.3826 0.0024
5.3903 5.3764 5.3826 0.0024
5.3903 5.3764 5.3826 0.0024
5.3903 5.3764 5.3826 0.0024
5.3903 5.3764 5.3826 0.0024
5.3903 5.3764 5.3826 0.0024
5.3903 5.3764 5.3826 0.0024
5.3903 5.3764 5.3826 0.0024
5.3903 5.3764 5.3826 0.0024
5.3903 5.3764 5.3827 0.0024
5.3903 5.3764 5.3827 0.0024
5.3903 5.3764 5.3827 0.0024
5.3903 5.3764 5.3827 0.0024
5.3903 5.3764 5.3827 0.0024
5.3903 5.3764 5.3827 0.0024
5.3903 5.3764 5.3827 0.0024
5.3903 5.3764 5.3827 0.0024
5.3903 5.3764 5.3827 0.0024
5.3903 5.3764 5.3827 0.0024
5.3903 5.3764 5.3827 0.0024
5.3903 5.3764 5.3827 0.0024
5.3903 5.3764 5.3827 0.0024
5.3903 5.3764 5.3827 0.0024
5.3903 5.3764 5.3827 0.0024
5.3903 5.3764 5.3827 0.0024
5.3903 5.3764 5.3827 0.0024
5.3903 5.3764 5.3827 0.0024
5.3903 5.3764 5.3827 0.0024
5.3903 5.3764 5.3827 0.0024
5.3903 5.3764 5.3827 0.0024
5.3903 5.3764 5.3827 0.0024
5.3903 5.3764 5.3827 0.0024
5.3903 5.3764 5.3827 0.0024
5.3903 5.3764 5.3827 0.0024
5.3903 5.3764 5.3828 0.0024
5.3903 5.3764 5.3828 0.0024
5.3903 5.3764 5.3828 0.0024
5.3903 5.3764 5.3828 0.0024
5.3903 5.3764 5.3828 0.0024
5.3903 5.3764 5.3828 0.0024
5.3903 5.3764 5.3828 0.0024
5.3903 5.3764 5.3828 0.0024
5.3903 5.3764 5.3828 0.0024
5.3903 5.3764 5.3829 0.0024
5.3903 5.3764 5.3829 0.0024
5.3903 5.3764 5.3829 0.0024
5.3903 5.3764 5.3829 0.0024
5.3903 5.3764 5.3829 0.0024
5.3903 5.3764 5.3829 0.0024
5.3903 5.3764 5.3829 0.0024
5.3903 5.3764 5.3829 0.0024
5.3903 5.3764 5.3829 0.0024
5.3903 5.3764 5.3829 0.0024
5.3903 5.3764 5.3829 0.0024
5.3903 5.3764 5.3829 0.0024
5.3903 5.3764 5.3829 0.0024
5.3903 5.3764 5.3829 0.0024
5.3903 5.3764 5.3829 0.0024
5.3903 5.3764 5.3829 0.0024
5.3903 5.3764 5.3829 0.0024
5.3903 5.3764 5.3829 0.0024
5.3903 5.3764 5.3829 0.0024
5.3903 5.3764 5.3829 0.0024
5.3903 5.3764 5.3829 0.0024
5.3903 5.3764 5.3829 0.0024
5.3903 5.3764 5.3830 0.0024
5.3903 5.3764 5.3830 0.0024
5.3903 5.3764 5.3830 0.0024
5.3903 5.3764 5.3830 0.0024
5.3903 5.3764 5.3830 0.0024
5.3903 5.3764 5.3830 0.0023
5.3903 5.3764 5.3830 0.0023
5.3903 5.3764 5.3830 0.0023
5.3903 5.3764 5.3830 0.0023
5.3903 5.3764 5.3830 0.0023
5.3903 5.3764 5.3830 0.0023
5.3903 5.3764 5.3831 0.0023
5.3903 5.3764 5.3831 0.0023
5.3903 5.3764 5.3831 0.0023
5.3903 5.3764 5.3831 0.0023
5.3903 5.3764 5.3831 0.0023
5.3903 5.3764 5.3831 0.0023
5.3903 5.3764 5.3831 0.0023
5.3903 5.3764 5.3831 0.0023
5.3903 5.3764 5.3831 0.0023
5.3903 5.3764 5.3831 0.0023
5.3903 5.3764 5.3831 0.0023
5.3903 5.3764 5.3832 0.0023
5.3903 5.3764 5.3832 0.0023
5.3903 5.3764 5.3832 0.0023
5.3903 5.3764 5.3832 0.0023
5.3903 5.3764 5.3832 0.0023
5.3903 5.3764 5.3832 0.0023
5.3903 5.3764 5.3832 0.0023
5.3903 5.3764 5.3832 0.0023
5.3903 5.3764 5.3832 0.0023
5.3903 5.3764 5.3832 0.0023
5.3903 5.3764 5.3832 0.0023
5.3903 5.3764 5.3832 0.0022
5.3903 5.3764 5.3832 0.0022
5.3903 5.3764 5.3832 0.0022
5.3903 5.3764 5.3832 0.0022
5.3903 5.3764 5.3832 0.0022
5.3903 5.3764 5.3832 0.0022
5.3903 5.3764 5.3832 0.0022
5.3903 5.3764 5.3832 0.0022
5.3903 5.3764 5.3832 0.0022
5.3903 5.3764 5.3832 0.0022
5.3903 5.3764 5.3832 0.0022
5.3903 5.3764 5.3832 0.0022
5.3903 5.3764 5.3832 0.0022
5.3903 5.3764 5.3833 0.0022
5.3903 5.3764 5.3833 0.0022
5.3903 5.3764 5.3833 0.0022
5.3903 5.3764 5.3833 0.0022
5.3903 5.3764 5.3833 0.0022
5.3903 5.3764 5.3833 0.0022
5.3903 5.3764 5.3833 0.0022
5.3903 5.3764 5.3833 0.0022
5.3903 5.3764 5.3833 0.0022
5.3903 5.3764 5.3833 0.0022
5.3903 5.3764 5.3833 0.0022
5.3903 5.3764 5.3833 0.0022
5.3903 5.3764 5.3833 0.0022
5.3903 5.3764 5.3833 0.0022
5.3903 5.3764 5.3833 0.0022
5.3903 5.3764 5.3833 0.0022
5.3903 5.3783 5.3834 0.0021
5.3903 5.3783 5.3834 0.0021
5.3903 5.3783 5.3834 0.0021
5.3903 5.3783 5.3834 0.0021
5.3903 5.3783 5.3834 0.0021
5.3903 5.3783 5.3834 0.0021
5.3903 5.3783 5.3834 0.0021
5.3903 5.3783 5.3834 0.0021
5.3903 5.3783 5.3834 0.0021
5.3903 5.3783 5.3834 0.0021
5.3903 5.3783 5.3834 0.0021
5.3903 5.3783 5.3834 0.0021
5.3903 5.3783 5.3835 0.0020
5.3903 5.3783 5.3835 0.0020
5.3903 5.3783 5.3835 0.0020
5.3903 5.3783 5.3835 0.0020
5.3907 5.3783 5.3836 0.0022
5.3907 5.3783 5.3836 0.0022
5.3907 5.3783 5.3836 0.0022
5.3907 5.3783 5.3836 0.0022
5.3907 5.3783 5.3836 0.0022
5.3907 5.3783 5.3836 0.0022
5.3907 5.3783 5.3836 0.0022
5.3907 5.3783 5.3836 0.0022
5.3907 5.3783 5.3836 0.0022
5.3907 5.3783 5.3836 0.0022
5.3907 5.3783 5.3836 0.0022
5.3907 5.3783 5.3836 0.0022
5.3907 5.3783 5.3836 0.0022
5.3907 5.3783 5.3836 0.0022
5.3907 5.3783 5.3836 0.0022
5.3907 5.3783 5.3836 0.0022
5.3907 5.3783 5.3836 0.0022
5.3907 5.3783 5.3836 0.0022
5.3907 5.3783 5.3836 0.0022
5.3907 5.3783 5.3836 0.0022
5.3907 5.3783 5.3836 0.0022
5.3907 5.3783 5.3836 0.0022
5.3907 5.3783 5.3836 0.0022
5.3907 5.3783 5.3836 0.0022
5.3907 5.3783 5.3836 0.0021
5.3907 5.3783 5.3836 0.0021
5.3907 5.3783 5.3836 0.0021
5.3907 5.3783 5.3836 0.0021
5.3907 5.3783 5.3836 0.0021
5.3907 5.3783 5.3836 0.0021
5.3907 5.3783 5.3836 0.0021
5.3907 5.3783 5.3837 0.0021
5.3907 5.3783 5.3837 0.0021
5.3907 5.3783 5.3837 0.0021
5.3907 5.3783 5.3837 0.0021
5.3907 5.3783 5.3837 0.0021
5.3907 5.3783 5.3837 0.0021
5.3907 5.3783 5.3837 0.0021
5.3907 5.3783 5.3837 0.0021
5.3907 5.3783 5.3837 0.0021
5.3907 5.3783 5.3837 0.0021
5.3907 5.3783 5.3837 0.0021
5.3907 5.3783 5.3837 0.0021
5.3907 5.3783 5.3837 0.0021
5.3907 5.3783 5.3837 0.0021
5.3907 5.3783 5.3837 0.0021
5.3907 5.3789 5.3837 0.0020
5.3907 5.3789 5.3838 0.0020
5.3907 5.3789 5.3838 0.0020
5.3907 5.3789 5.3838 0.0020
5.3907 5.3789 5.3838 0.0020
5.3907 5.3789 5.3838 0.0020
5.3907 5.3789 5.3838 0.0020
5.3907 5.3789 5.3838 0.0019
5.3907 5.3789 5.3838 0.0019
5.3907 5.3789 5.3839 0.0019
5.3907 5.3789 5.3839 0.0019
5.3907 5.3789 5.3839 0.0019
5.3907 5.3789 5.3839 0.0019
5.3907 5.3789 5.3839 0.0019
5.3907 5.3789 5.3839 0.0019
5.3907 5.3789 5.3839 0.0019
5.3907 5.3789 5.3839 0.0019
5.3907 5.3789 5.3839 0.0019
5.3907 5.3789 5.3839 0.0019
5.3907 5.3789 5.3839 0.0019
5.3907 5.3789 5.3839 0.0019
5.3907 5.3789 5.3839 0.0019
5.3907 5.3789 5.3839 0.0019
5.3907 5.3789 5.3839 0.0019
5.3907 5.3789 5.3839 0.0018
5.3907 5.3789 5.3839 0.0018
5.3907 5.3789 5.3839 0.0018
5.3907 5.3789 5.3839 0.0018
5.3907 5.3789 5.3839 0.0018
5.3907 5.3789 5.3839 0.0018
5.3907 5.3789 5.3839 0.0018
5.3907 5.3789 5.3839 0.0018
5.3907 5.3789 5.3839 0.0018
5.3907 5.3789 5.3839 0.0018
5.3907 5.3789 5.3839 0.0018
5.3907 5.3789 5.3839 0.0018
5.3907 5.3789 5.3839 0.0018
5.3907 5.3789 5.3839 0.0018
5.3907 5.3789 5.3839 0.0018
5.3907 5.3789 5.3839 0.0018
5.3907 5.3789 5.3839 0.0018
5.3907 5.3789 5.3840 0.0018
5.3907 5.3789 5.3840 0.0018
5.3907 5.3789 5.3840 0.0018
5.3907 5.3789 5.3840 0.0018
5.3907 5.3789 5.3840 0.0018
5.3907 5.3789 5.3840 0.0018
5.3907 5.3789 5.3840 0.0018
5.3907 5.3789 5.3840 0.0018
5.3907 5.3809 5.3840 0.0018
5.3907 5.3809 5.3840 0.0018
5.3907 5.3809 5.3840 0.0018
5.3907 5.3809 5.3841 0.0019
5.3907 5.3809 5.3841 0.0019
5.3907 5.3809 5.3841 0.0019
5.3907 5.3809 5.3841 0.0019
5.3907 5.3809 5.3841 0.0019
5.3907 5.3809 5.3842 0.0018
5.3907 5.3809 5.3842 0.0018
5.3907 5.3809 5.3842 0.0018
5.3907 5.3809 5.3842 0.0018
5.3907 5.3809 5.3842 0.0018
5.3907 5.3809 5.3842 0.0018
5.3907 5.3809 5.3842 0.0018
5.3907 5.3809 5.3842 0.0018
5.3907 5.3809 5.3842 0.0018
5.3907 5.3809 5.3842 0.0018
5.3907 5.3809 5.3842 0.0018
5.3907 5.3809 5.3842 0.0018
5.3907 5.3809 5.3842 0.0018
5.3907 5.3809 5.3842 0.0018
5.3907 5.3809 5.3842 0.0018
5.3907 5.3809 5.3842 0.0018
5.3907 5.3809 5.3842 0.0018
5.3907 5.3809 5.3842 0.0018
5.3907 5.3809 5.3842 0.0018
5.3907 5.3809 5.3842 0.0018
5.3907 5.3809 5.3842 0.0018
5.3907 5.3809 5.3842 0.0018
5.3907 5.3809 5.3842 0.0018
5.3907 5.3809 5.3842 0.0018
5.3907 5.3809 5.3842 0.0018
5.3907 5.3809 5.3842 0.0018
5.3907 5.3809 5.3842 0.0018
5.3907 5.3809 5.3842 0.0018
5.3907 5.3809 5.3842 0.0018
5.3907 5.3809 5.3842 0.0018
5.3907 5.3809 5.3842 0.0018
5.3907 5.3809 5.3842 0.0018
5.3907 5.3809 5.3842 0.0018
5.3907 5.3809 5.3842 0.0018
5.3907 5.3809 5.3842 0.0018
5.3907 5.3809 5.3842 0.0018
5.3907 5.3809 5.3842 0.0018
5.3907 5.3809 5.3842 0.0018
5.3907 5.3809 5.3842 0.0018
5.3907 5.3809 5.3842 0.0018
5.3907 5.3809 5.3842 0.0018
5.3907 5.3809 5.3842 0.0018
5.3907 5.3809 5.3842 0.0018
5.3907 5.3809 5.3842 0.0018
5.3907 5.3809 5.3842 0.0018
5.3907 5.3809 5.3843 0.0018
5.3907 5.3809 5.3843 0.0018
5.3907 5.3809 5.3843 0.0018
5.3907 5.3809 5.3843 0.0018
5.3907 5.3809 5.3844 0.0019
5.3907 5.3809 5.3844 0.0019
5.3907 5.3809 5.3844 0.0019
5.3907 5.3809 5.3844 0.0019
5.3907 5.3809 5.3844 0.0019
5.3907 5.3809 5.3844 0.0019
5.3907 5.3809 5.3844 0.0019
5.3907 5.3809 5.3844 0.0019
5.3907 5.3809 5.3844 0.0019
5.3907 5.3809 5.3844 0.0019
5.3907 5.3809 5.3844 0.0019
5.3907 5.3809 5.3844 0.0019
5.3907 5.3809 5.3844 0.0018
5.3919 5.3809 5.3845 0.0020
5.3919 5.3809 5.3845 0.0020
5.3919 5.3809 5.3845 0.0020
5.3919 5.3809 5.3845 0.0020
5.3919 5.3809 5.3845 0.0020
5.3919 5.3809 5.3845 0.0020
5.3919 5.3809 5.3845 0.0020
5.3919 5.3809 5.3845 0.0020
5.3919 5.3809 5.3845 0.0020
5.3919 5.3809 5.3845 0.0020
5.3919 5.3809 5.3846 0.0021
5.3919 5.3809 5.3846 0.0021
5.3919 5.3809 5.3846 0.0021
5.3919 5.3809 5.3846 0.0021
5.3919 5.3809 5.3846 0.0021
5.3919 5.3809 5.3846 0.0021
5.3919 5.3809 5.3846 0.0020
5.3919 5.3809 5.3846 0.0020
5.3919 5.3809 5.3846 0.0020
5.3919 5.3809 5.3846 0.0020
5.3919 5.3809 5.3846 0.0020
5.3919 5.3809 5.3846 0.0020
5.3919 5.3809 5.3846 0.0020
5.3919 5.3809 5.3846 0.0020
5.3919 5.3809 5.3846 0.0020
5.3919 5.3809 5.3846 0.0020
5.3919 5.3809 5.3846 0.0020
5.3919 5.3809 5.3846 0.0020
5.3919 5.3809 5.3846 0.0020
5.3919 5.3809 5.3846 0.0020
5.3919 5.3819 5.3846 0.0020
5.3919 5.3819 5.3846 0.0020
5.3919 5.3819 5.3846 0.0020
5.3919 5.3819 5.3846 0.0020
5.3919 5.3819 5.3846 0.0020
5.3919 5.3819 5.3847 0.0020
5.3919 5.3819 5.3847 0.0020
5.3919 5.3819 5.3847 0.0020
5.3919 5.3819 5.3847 0.0020
5.3919 5.3819 5.3847 0.0020
5.3919 5.3819 5.3847 0.0020
5.3919 5.3819 5.3847 0.0020
5.3919 5.3819 5.3847 0.0020
5.3919 5.3819 5.3847 0.0020
5.3919 5.3819 5.3847 0.0020
5.3919 5.3819 5.3847 0.0020
5.3919 5.3819 5.3847 0.0020
5.3919 5.3819 5.3847 0.0020
5.3919 5.3819 5.3847 0.0020
5.3919 5.3819 5.3847 0.0020
5.3919 5.3819 5.3847 0.0020
5.3919 5.3819 5.3847 0.0020
5.3919 5.3819 5.3847 0.0020
5.3919 5.3819 5.3847 0.0020
5.3919 5.3819 5.3847 0.0020
5.3919 5.3819 5.3847 0.0020
5.3919 5.3819 5.3847 0.0020
5.3919 5.3819 5.3847 0.0020
5.3919 5.3819 5.3847 0.0020
5.3919 5.3819 5.3847 0.0020
5.3919 5.3819 5.3847 0.0020
5.3919 5.3819 5.3847 0.0020
5.3919 5.3819 5.3847 0.0020
5.3919 5.3819 5.3847 0.0020
5.3919 5.3819 5.3847 0.0020
5.3919 5.3819 5.3847 0.0020
5.3919 5.3819 5.3847 0.0020
5.3919 5.3819 5.3847 0.0020
5.3919 5.3819 5.3847 0.0020
5.3919 5.3819 5.3847 0.0020
5.3919 5.3819 5.3847 0.0020
5.3919 5.3819 5.3847 0.0020
5.3919 5.3819 5.3847 0.0020
5.3919 5.3819 5.3847 0.0020
5.3919 5.3819 5.3847 0.0020
5.3919 5.3819 5.3847 0.0020
5.3919 5.3819 5.3847 0.0020
5.3919 5.3819 5.3847 0.0020
5.3919 5.3819 5.3847 0.0020
5.3919 5.3819 5.3847 0.0020
5.3919 5.3819 5.3847 0.0020
5.3919 5.3819 5.3847 0.0020
5.3919 5.3819 5.3847 0.0020
5.3919 5.3819 5.3847 0.0020
5.3919 5.3819 5.3847 0.0020
5.3919 5.3819 5.3847 0.0020
5.3919 5.3819 5.3847 0.0020
5.3919 5.3819 5.3847 0.0020
5.3919 5.3819 5.3847 0.0020
5.3919 5.3819 5.3847 0.0020
5.3919 5.3819 5.3847 0.0020
5.3919 5.3819 5.3847 0.0020
5.3919 5.3819 5.3847 0.0020
5.3919 5.3819 5.3847 0.0020
5.3919 5.3819 5.3847 0.0020
5.3919 5.3819 5.3847 0.0020
5.3919 5.3819 5.3847 0.0020
5.3919 5.3819 5.3848 0.0020
5.3919 5.3819 5.3848 0.0020
5.3919 5.3819 5.3848 0.0020
5.3919 5.3819 5.3848 0.0020
5.3919 5.3819 5.3848 0.0020
5.3919 5.3819 5.3848 0.0020
5.3919 5.3819 5.3848 0.0020
5.3919 5.3819 5.3848 0.0020
5.3919 5.3819 5.3848 0.0020
5.3919 5.3819 5.3848 0.0020
5.3919 5.3819 5.3848 0.0020
5.3919 5.3819 5.3848 0.0020
5.3919 5.3819 5.3848 0.0020
5.3919 5.3819 5.3848 0.0020
5.3919 5.3819 5.3848 0.0020
5.3919 5.3819 5.3848 0.0020
5.3919 5.3819 5.3848 0.0020
5.3919 5.3819 5.3848 0.0020
5.3919 5.3819 5.3848 0.0020
5.3919 5.3819 5.3848 0.0020
5.3919 5.3819 5.3848 0.0020
5.3919 5.3819 5.3848 0.0020
5.3919 5.3819 5.3848 0.0020
5.3919 5.3819 5.3848 0.0020
5.3919 5.3819 5.3848 0.0020
5.3919 5.3819 5.3849 0.0021
5.3919 5.3819 5.3849 0.0021
5.3919 5.3819 5.3849 0.0021
5.3919 5.3819 5.3849 0.0021
5.3919 5.3819 5.3849 0.0021
5.3919 5.3819 5.3849 0.0021
5.3919 5.3819 5.3849 0.0021
5.3919 5.3819 5.3849 0.0021
5.3919 5.3819 5.3849 0.0021
5.3919 5.3819 5.3849 0.0021
5.3919 5.3819 5.3849 0.0021
5.3919 5.3819 5.3849 0.0021
5.3919 5.3819 5.3849 0.0021
5.3919 5.3819 5.3849 0.0021
5.3919 5.3819 5.3849 0.0021
5.3919 5.3824 5.3849 0.0021
5.3919 5.3824 5.3850 0.0021
5.3919 5.3824 5.3850 0.0021
5.3919 5.3824 5.3850 0.0021
5.3919 5.3824 5.3850 0.0021
5.3919 5.3824 5.3850 0.0021
5.3919 5.3824 5.3850 0.0021
5.3919 5.3824 5.3850 0.0021
5.3919 5.3824 5.3850 0.0021
5.3919 5.3824 5.3850 0.0021
5.3919 5.3824 5.3850 0.0021
5.3919 5.3824 5.3850 0.0021
5.3919 5.3824 5.3850 0.0021
5.3919 5.3824 5.3850 0.0021
5.3919 5.3824 5.3850 0.0021
5.3919 5.3824 5.3850 0.0021
5.3919 5.3824 5.3850 0.0021
5.3919 5.3824 5.3850 0.0021
5.3919 5.3824 5.3850 0.0020
5.3919 5.3824 5.3850 0.0020
5.3919 5.3824 5.3850 0.0020
5.3919 5.3824 5.3850 0.0020
5.3919 5.3824 5.3851 0.0020
5.3919 5.3824 5.3851 0.0020
5.3919 5.3824 5.3851 0.0020
5.3919 5.3824 5.3851 0.0020
5.3919 5.3824 5.3851 0.0020
5.3919 5.3824 5.3851 0.0021
5.3919 5.3824 5.3851 0.0021
5.3919 5.3824 5.3851 0.0021
5.3919 5.3824 5.3851 0.0021
5.3919 5.3824 5.3851 0.0021
5.3919 5.3824 5.3851 0.0021
5.3919 5.3824 5.3851 0.0021
5.3919 5.3824 5.3851 0.0021
5.3919 5.3824 5.3851 0.0021
5.3919 5.3824 5.3851 0.0021
5.3919 5.3824 5.3851 0.0021
5.3919 5.3824 5.3851 0.0021
5.3919 5.3824 5.3851 0.0021
5.3919 5.3824 5.3851 0.0021
5.3919 5.3824 5.3851 0.0021
5.3919 5.3824 5.3851 0.0021
5.3919 5.3824 5.3851 0.0021
5.3919 5.3824 5.3851 0.0021
5.3919 5.3824 5.3851 0.0021
5.3919 5.3824 5.3851 0.0021
5.3919 5.3824 5.3851 0.0021
5.3919 5.3824 5.3851 0.0021
5.3919 5.3824 5.3851 0.0021
5.3919 5.3824 5.3851 0.0021
5.3919 5.3824 5.3851 0.0021
5.3919 5.3824 5.3851 0.0021
5.3919 5.3824 5.3851 0.0021
5.3919 5.3824 5.3851 0.0021
5.3919 5.3824 5.3851 0.0021
5.3919 5.3824 5.3851 0.0021
5.3919 5.3824 5.3852 0.0021
5.3919 5.3824 5.3852 0.0021
5.3919 5.3824 5.3852 0.0021
5.3919 5.3824 5.3852 0.0021
5.3919 5.3824 5.3852 0.0021
5.3919 5.3824 5.3852 0.0021
5.3919 5.3824 5.3852 0.0021
5.3919 5.3824 5.3852 0.0021
5.3919 5.3824 5.3852 0.0021
5.3919 5.3824 5.3852 0.0021
5.3919 5.3824 5.3852 0.0021
5.3919 5.3824 5.3852 0.0021
5.3919 5.3824 5.3852 0.0021
5.3919 5.3824 5.3852 0.0021
5.3919 5.3824 5.3852 0.0021
5.3919 5.3824 5.3852 0.0021
5.3919 5.3824 5.3852 0.0022
5.3919 5.3824 5.3852 0.0022
5.3919 5.3824 5.3852 0.0022
5.3919 5.3824 5.3852 0.0022
5.3919 5.3824 5.3852 0.0022
5.3919 5.3824 5.3852 0.0022
5.3919 5.3824 5.3852 0.0022
5.3919 5.3824 5.3852 0.0022
5.3919 5.3824 5.3852 0.0022
5.3919 5.3824 5.3852 0.0022
5.3919 5.3824 5.3852 0.0022
5.3919 5.3824 5.3852 0.0022
5.3919 5.3824 5.3852 0.0021
5.3919 5.3824 5.3852 0.0021
5.3919 5.3824 5.3853 0.0022
5.3919 5.3824 5.3853 0.0022
5.3919 5.3824 5.3853 0.0022
5.3919 5.3824 5.3853 0.0022
5.3919 5.3824 5.3853 0.0022
5.3919 5.3824 5.3853 0.0022
5.3919 5.3824 5.3853 0.0022
5.3919 5.3824 5.3853 0.0022
5.3919 5.3824 5.3854 0.0023
5.3919 5.3824 5.3854 0.0023
5.3919 5.3824 5.3854 0.0023
5.3919 5.3824 5.3854 0.0023
5.3919 5.3824 5.3854 0.0023
5.3919 5.3824 5.3854 0.0023
5.3919 5.3824 5.3854 0.0023
5.3919 5.3824 5.3854 0.0023
5.3919 5.3824 5.3854 0.0023
5.3919 5.3824 5.3855 0.0023
5.3919 5.3824 5.3855 0.0023
5.3919 5.3824 5.3855 0.0023
5.3919 5.3824 5.3855 0.0023
5.3919 5.3824 5.3855 0.0023
5.3919 5.3824 5.3855 0.0023
5.3919 5.3824 5.3855 0.0023
5.3919 5.3824 5.3855 0.0023
5.3919 5.3824 5.3855 0.0023
5.3919 5.3824 5.3855 0.0024
5.3919 5.3824 5.3855 0.0024
5.3919 5.3824 5.3856 0.0024
5.3919 5.3824 5.3856 0.0024
5.3919 5.3824 5.3856 0.0024
5.3919 5.3824 5.3856 0.0023
5.3919 5.3824 5.3856 0.0023
5.3919 5.3824 5.3856 0.0024
5.3919 5.3824 5.3856 0.0024
5.3919 5.3824 5.3856 0.0024
5.3919 5.3824 5.3857 0.0023
5.3919 5.3824 5.3857 0.0023
5.3919 5.3824 5.3857 0.0023
5.3919 5.3824 5.3857 0.0023
5.3919 5.3824 5.3857 0.0023
5.3919 5.3824 5.3857 0.0023
5.3919 5.3824 5.3857 0.0023
5.3919 5.3824 5.3857 0.0023
5.3919 5.3824 5.3857 0.0023
5.3919 5.3824 5.3857 0.0023
5.3919 5.3824 5.3857 0.0023
5.3919 5.3824 5.3857 0.0023
5.3919 5.3824 5.3857 0.0023
5.3919 5.3824 5.3857 0.0023
5.3919 5.3824 5.3857 0.0024
5.3919 5.3824 5.3857 0.0024
5.3919 5.3824 5.3857 0.0024
5.3919 5.3824 5.3857 0.0024
5.3919 5.3824 5.3857 0.0024
5.3919 5.3824 5.3857 0.0024
5.3919 5.3824 5.3857 0.0024
5.3919 5.3824 5.3857 0.0024
5.3919 5.3824 5.3857 0.0024
5.3919 5.3824 5.3857 0.0024
5.3919 5.3824 5.3857 0.0024
5.3919 5.3824 5.3857 0.0024
5.3919 5.3824 5.3857 0.0024
5.3919 5.3824 5.3857 0.0024
5.3919 5.3824 5.3857 0.0024
5.3919 5.3824 5.3857 0.0024
5.3919 5.3824 5.3857 0.0024
5.3919 5.3824 5.3857 0.0024
5.3919 5.3824 5.3857 0.0024
5.3925 5.3824 5.3857 0.0024
5.3925 5.3824 5.3857 0.0024
5.3925 5.3824 5.3858 0.0025
5.3925 5.3824 5.3858 0.0025
5.3925 5.3824 5.3858 0.0025
5.3925 5.3824 5.3858 0.0025
5.3925 5.3824 5.3858 0.0025
5.3925 5.3824 5.3858 0.0025
5.3925 5.3824 5.3858 0.0025
5.3925 5.3824 5.3859 0.0025
5.3925 5.3824 5.3859 0.0025
5.3925 5.3824 5.3859 0.0025
5.3925 5.3824 5.3859 0.0025
5.3925 5.3824 5.3859 0.0025
5.3925 5.3824 5.3859 0.0025
5.3925 5.3824 5.3859 0.0025
5.3925 5.3824 5.3859 0.0025
5.3925 5.3824 5.3859 0.0025
5.3931 5.3824 5.3860 0.0026
5.3931 5.3824 5.3860 0.0026
5.3931 5.3824 5.3860 0.0026
5.3931 5.3824 5.3860 0.0026
5.3931 5.3824 5.3860 0.0026
5.3931 5.3824 5.3860 0.0026
5.3931 5.3824 5.3860 0.0026
5.3931 5.3824 5.3860 0.0026
5.3931 5.3824 5.3860 0.0026
5.3931 5.3824 5.3860 0.0026
5.3931 5.3824 5.3860 0.0026
5.3931 5.3824 5.3860 0.0026
5.3931 5.3824 5.3860 0.0026
5.3931 5.3824 5.3860 0.0026
5.3931 5.3824 5.3860 0.0026
5.3931 5.3824 5.3860 0.0026
5.3931 5.3824 5.3860 0.0026
5.3931 5.3824 5.3860 0.0026
5.3931 5.3824 5.3860 0.0026
5.3931 5.3824 5.3861 0.0027
5.3931 5.3824 5.3861 0.0027
5.3931 5.3824 5.3861 0.0027
5.3931 5.3834 5.3862 0.0027
5.3931 5.3834 5.3862 0.0027
5.3931 5.3834 5.3863 0.0027
5.3931 5.3834 5.3863 0.0027
5.3931 5.3834 5.3863 0.0027
5.3931 5.3834 5.3863 0.0027
5.3931 5.3834 5.3863 0.0027
5.3931 5.3834 5.3863 0.0027
5.3931 5.3834 5.3863 0.0027
5.3931 5.3834 5.3863 0.0027
5.3931 5.3834 5.3863 0.0027
5.3931 5.3834 5.3863 0.0027
5.3931 5.3834 5.3863 0.0027
5.3931 5.3834 5.3863 0.0027
5.3931 5.3834 5.3863 0.0027
5.3931 5.3834 5.3863 0.0027
5.3931 5.3834 5.3863 0.0027
5.3931 5.3834 5.3863 0.0027
5.3931 5.3834 5.3863 0.0027
5.3931 5.3834 5.3863 0.0027
5.3931 5.3834 5.3863 0.0027
5.3931 5.3834 5.3863 0.0027
5.3931 5.3834 5.3864 0.0027
5.3931 5.3834 5.3864 0.0027
5.3931 5.3834 5.3864 0.0027
5.3931 5.3834 5.3864 0.0027
5.3931 5.3834 5.3864 0.0027
5.3931 5.3834 5.3864 0.0027
5.3931 5.3834 5.3864 0.0027
5.3931 5.3834 5.3865 0.0027
5.3931 5.3834 5.3865 0.0027
5.3931 5.3834 5.3865 0.0027
5.3931 5.3834 5.3865 0.0027
5.3931 5.3834 5.3865 0.0027
5.3931 5.3834 5.3865 0.0027
5.3931 5.3834 5.3865 0.0027
5.3931 5.3834 5.3865 0.0027
5.3931 5.3834 5.3865 0.0027
5.3931 5.3834 5.3865 0.0027
5.3931 5.3834 5.3865 0.0027
5.3931 5.3834 5.3865 0.0027
5.3931 5.3834 5.3865 0.0027
5.3931 5.3834 5.3865 0.0027
5.3931 5.3834 5.3865 0.0027
5.3931 5.3834 5.3865 0.0027
5.3931 5.3834 5.3865 0.0027
5.3931 5.3834 5.3865 0.0027
5.3931 5.3834 5.3865 0.0027
5.3931 5.3834 5.3865 0.0027
5.3931 5.3834 5.3866 0.0028
5.3931 5.3834 5.3866 0.0028
5.3931 5.3834 5.3866 0.0028
5.3931 5.3834 5.3866 0.0028
5.3931 5.3834 5.3866 0.0028
5.3931 5.3834 5.3866 0.0028
5.3931 5.3834 5.3866 0.0028
5.3931 5.3834 5.3866 0.0028
5.3931 5.3834 5.3866 0.0028
5.3931 5.3834 5.3866 0.0028
5.3931 5.3834 5.3866 0.0028
5.3931 5.3834 5.3866 0.0028
5.3931 5.3834 5.3866 0.0028
5.3931 5.3834 5.3866 0.0028
5.3931 5.3834 5.3866 0.0028
5.3931 5.3834 5.3866 0.0028
5.3931 5.3834 5.3866 0.0028
5.3931 5.3834 5.3866 0.0028
5.3931 5.3834 5.3867 0.0028
5.3931 5.3834 5.3867 0.0028
5.3931 5.3834 5.3867 0.0029
5.3931 5.3834 5.3867 0.0029
5.3931 5.3834 5.3867 0.0028
5.3931 5.3834 5.3867 0.0028
5.3931 5.3834 5.3867 0.0029
5.3931 5.3834 5.3867 0.0029
