0.9417 0.0045 0.0904 0.1751
0.9417 0.0045 0.1030 0.1909
0.9417 0.0045 0.1039 0.1906
0.9417 0.0045 0.1080 0.1991
0.9417 0.0045 0.1184 0.2095
0.9417 0.0045 0.1247 0.2152
0.9417 0.0045 0.1325 0.2179
0.9417 0.0045 0.1445 0.2270
0.9417 0.0045 0.1517 0.2357
0.9417 0.0045 0.1543 0.2348
0.9417 0.0045 0.1584 0.2357
0.9417 0.0045 0.1607 0.2347
1.2037 0.0045 0.1847 0.2753
1.2037 0.0045 0.1876 0.2750
1.2037 0.0045 0.1934 0.2742
1.2037 0.0045 0.1999 0.2828
1.2037 0.0045 0.2072 0.2870
1.2037 0.0045 0.2100 0.2865
1.2037 0.0045 0.2152 0.2874
1.2037 0.0045 0.2178 0.2951
1.2037 0.0045 0.2178 0.2951
1.5441 0.0045 0.2217 0.3091
1.5441 0.0045 0.2294 0.3132
1.5441 0.0045 0.2354 0.3147
1.5441 0.0045 0.2414 0.3160
1.5441 0.0045 0.2507 0.3227
1.5441 0.0045 0.2536 0.3218
1.5441 0.0045 0.2643 0.3313
1.5441 0.0045 0.2672 0.3303
1.5441 0.0045 0.2672 0.3303
1.5441 0.0045 0.2711 0.3296
1.5441 0.0045 0.2755 0.3290
1.5441 0.0045 0.2783 0.3279
1.5441 0.0045 0.2869 0.3272
1.5441 0.0045 0.2890 0.3280
1.5441 0.0045 0.2919 0.3268
1.5441 0.0045 0.2986 0.3278
1.5441 0.0045 0.3035 0.3304
1.5441 0.0045 0.3067 0.3348
1.5441 0.0045 0.3083 0.3344
1.5441 0.0045 0.3102 0.3339
1.5441 0.0045 0.3156 0.3333
1.5441 0.0045 0.3211 0.3327
1.5441 0.0045 0.3240 0.3312
1.5441 0.0045 0.3294 0.3305
1.5441 0.0045 0.3327 0.3289
1.5441 0.0045 0.3387 0.3283
1.5441 0.0045 0.3448 0.3387
1.5441 0.0045 0.3477 0.3370
1.5441 0.0045 0.3487 0.3375
1.5441 0.0045 0.3516 0.3358
1.5441 0.0045 0.3516 0.3358
1.5441 0.0045 0.3640 0.3456
1.5441 0.0045 0.3647 0.3457
1.5441 0.0045 0.3710 0.3450
1.5441 0.0045 0.3760 0.3453
1.5441 0.0045 0.3810 0.3436
1.5441 0.0045 0.3841 0.3442
1.5441 0.0045 0.3995 0.3566
1.5441 0.0045 0.4110 0.3660
2.3305 0.0045 0.4342 0.4106
2.3305 0.0045 0.4412 0.4094
2.3305 0.0045 0.4487 0.4169
2.3305 0.0045 0.4557 0.4167
2.3305 0.0045 0.4771 0.4383
2.3305 0.0045 0.4778 0.4381
2.3305 0.0045 0.4874 0.4374
2.3305 0.0045 0.4886 0.4375
2.3305 0.0045 0.4937 0.4349
2.3305 0.0045 0.4967 0.4325
2.3305 0.0045 0.4999 0.4300
2.3305 0.0045 0.5041 0.4285
2.3305 0.0045 0.5099 0.4279
2.3305 0.0045 0.5101 0.4278
2.3305 0.0045 0.5166 0.4282
2.3305 0.0045 0.5291 0.4314
2.3305 0.0045 0.5292 0.4316
2.9100 0.0045 0.5440 0.4842
2.9100 0.0045 0.5471 0.4859
2.9100 0.0045 0.5681 0.5191
2.9100 0.0045 0.5711 0.5167
2.9100 0.0045 0.5793 0.5176
2.9100 0.0045 0.5806 0.5173
2.9100 0.0045 0.5870 0.5141
2.9100 0.0045 0.5943 0.5152
2.9100 0.0045 0.6039 0.5185
2.9100 0.0045 0.6157 0.5247
2.9100 0.0045 0.6190 0.5234
2.9100 0.0045 0.6282 0.5206
2.9100 0.0045 0.6340 0.5152
2.9100 0.0045 0.6384 0.5129
2.9100 0.0045 0.6384 0.5129
2.9100 0.0045 0.6395 0.5128
2.9100 0.0045 0.6436 0.5144
2.9100 0.0045 0.6436 0.5144
2.9100 0.0045 0.6510 0.5250
2.9100 0.0045 0.6538 0.5272
2.9100 0.0045 0.6649 0.5385
2.9100 0.0045 0.6653 0.5382
2.9100 0.0045 0.6749 0.5402
2.9100 0.0045 0.6776 0.5376
2.9100 0.0045 0.6776 0.5377
2.9100 0.0045 0.6848 0.5425
2.9100 0.0045 0.6986 0.5720
2.9100 0.0045 0.7045 0.5679
2.9100 0.0045 0.7134 0.5685
2.9100 0.0045 0.7191 0.5642
2.9100 0.0045 0.7225 0.5609
2.9100 0.0045 0.7299 0.5629
2.9100 0.0045 0.7328 0.5600
2.9100 0.0045 0.7332 0.5600
2.9100 0.0100 0.7455 0.5574
2.9100 0.0100 0.7519 0.5612
2.9100 0.0100 0.7720 0.5908
2.9100 0.0100 0.7878 0.5990
2.9100 0.0100 0.8108 0.6066
2.9100 0.0100 0.8137 0.6035
2.9100 0.0100 0.8185 0.6012
2.9100 0.0100 0.8216 0.5993
2.9100 0.0100 0.8216 0.5993
2.9100 0.0100 0.8244 0.6006
2.9100 0.0100 0.8244 0.6006
2.9100 0.0100 0.8332 0.6024
2.9100 0.0100 0.8361 0.6027
2.9100 0.0100 0.8398 0.6005
2.9100 0.0100 0.8490 0.5948
2.9100 0.0100 0.8511 0.5932
2.9100 0.0100 0.8511 0.5932
2.9100 0.0100 0.8547 0.5932
2.9100 0.0100 0.8598 0.5971
2.9100 0.0100 0.8716 0.5977
2.9100 0.0100 0.8716 0.5977
2.9100 0.0100 0.8810 0.6152
2.9100 0.0100 0.8812 0.6150
2.9100 0.0100 0.8813 0.6150
2.9100 0.0100 0.8907 0.6171
2.9100 0.0100 0.9007 0.6225
2.9100 0.0100 0.9021 0.6235
2.9100 0.0100 0.9098 0.6345
2.9100 0.0100 0.9104 0.6348
2.9100 0.0100 0.9109 0.6343
2.9100 0.0100 0.9250 0.6580
2.9100 0.0100 0.9311 0.6523
2.9100 0.0100 0.9387 0.6565
2.9100 0.0100 0.9543 0.6596
2.9100 0.0100 0.9644 0.6712
2.9100 0.0100 0.9709 0.6707
2.9100 0.0100 0.9709 0.6707
2.9100 0.0100 0.9749 0.6708
2.9100 0.0100 0.9750 0.6709
2.9100 0.0100 0.9797 0.6678
2.9100 0.0100 0.9913 0.6637
2.9100 0.0100 0.9921 0.6635
2.9100 0.0100 0.9989 0.6691
2.9100 0.0100 1.0059 0.6653
2.9100 0.0100 1.0118 0.6639
2.9100 0.0100 1.0245 0.6672
2.9100 0.0100 1.0310 0.6663
2.9100 0.0100 1.0404 0.6625
2.9100 0.0100 1.0456 0.6587
2.9100 0.0100 1.0489 0.6558
2.9100 0.0100 1.0691 0.6639
2.9100 0.0100 1.0721 0.6611
2.9100 0.0100 1.0833 0.6671
2.9100 0.0100 1.0971 0.6872
2.9100 0.0100 1.1100 0.6881
2.9100 0.0100 1.1100 0.6881
2.9100 0.0100 1.1100 0.6881
2.9100 0.0100 1.1290 0.7072
2.9100 0.0100 1.1321 0.7053
2.9100 0.0100 1.1323 0.7053
2.9100 0.0100 1.1402 0.7039
2.9100 0.0100 1.1664 0.7312
2.9100 0.0100 1.1747 0.7295
2.9100 0.0100 1.1884 0.7463
2.9100 0.0100 1.1884 0.7463
2.9100 0.0100 1.2024 0.7512
2.9100 0.0100 1.2024 0.7512
2.9100 0.0100 1.2024 0.7512
2.9100 0.0100 1.2035 0.7504
2.9100 0.0100 1.2111 0.7551
2.9100 0.0100 1.2147 0.7540
2.9100 0.0100 1.2156 0.7527
2.9100 0.0100 1.2234 0.7546
2.9100 0.0100 1.2237 0.7552
2.9100 0.0100 1.2254 0.7561
2.9100 0.0100 1.2254 0.7561
2.9100 0.0100 1.2254 0.7561
2.9100 0.0100 1.2254 0.7562
2.9100 0.0100 1.2262 0.7570
2.9100 0.0100 1.2375 0.7615
2.9100 0.0100 1.2377 0.7616
2.9100 0.0100 1.2451 0.7560
2.9100 0.0100 1.2632 0.7479
2.9100 0.0955 1.2708 0.7390
2.9100 0.0955 1.2728 0.7395
2.9100 0.0955 1.2951 0.7438
2.9100 0.0955 1.2951 0.7438
2.9100 0.0955 1.2991 0.7472
2.9100 0.0955 1.3069 0.7404
3.6167 0.0955 1.3344 0.7738
3.6167 0.0955 1.3369 0.7716
3.6167 0.0955 1.3467 0.7708
3.6167 0.0955 1.3504 0.7672
3.6167 0.0955 1.3593 0.7657
3.6167 0.0955 1.3593 0.7657
3.6167 0.0955 1.3624 0.7620
3.6167 0.0955 1.3720 0.7651
3.6167 0.0955 1.3820 0.7616
3.6167 0.0955 1.3849 0.7623
3.6167 0.0955 1.3965 0.7548
3.6167 0.0955 1.4212 0.7589
3.6167 0.0955 1.4222 0.7579
3.6167 0.0955 1.4223 0.7579
3.6167 0.0955 1.4226 0.7579
3.6167 0.0955 1.4254 0.7591
3.6167 0.0955 1.4411 0.7518
3.6167 0.0955 1.4474 0.7602
3.6167 0.0955 1.4554 0.7623
3.6167 0.0955 1.4585 0.7606
3.6167 0.0955 1.4588 0.7608
3.6167 0.0955 1.4601 0.7614
3.6167 0.0955 1.4739 0.7764
3.6167 0.0955 1.4777 0.7731
3.6167 0.0955 1.4856 0.7748
3.6167 0.0955 1.4931 0.7741
3.6167 0.0955 1.4947 0.7720
3.6167 0.0955 1.5050 0.7820
3.6167 0.0955 1.5149 0.7893
3.6167 0.0955 1.5356 0.7857
3.6167 0.0955 1.5418 0.7820
3.6167 0.0955 1.5419 0.7820
3.6167 0.0955 1.5577 0.7947
3.6167 0.0955 1.5606 0.7972
3.6167 0.0955 1.5755 0.7881
3.6167 0.0955 1.5856 0.7824
3.6167 0.0955 1.5963 0.7780
3.6167 0.0955 1.5963 0.7780
3.6167 0.0955 1.6107 0.7773
3.6167 0.0955 1.6269 0.7868
3.6167 0.0955 1.6291 0.7859
3.6167 0.0955 1.6298 0.7857
3.6167 0.0955 1.6298 0.7857
3.6167 0.0955 1.6328 0.7825
3.6167 0.0955 1.6450 0.7944
3.6167 0.0955 1.6450 0.7944
3.6167 0.0955 1.6478 0.7948
3.6167 0.0955 1.6478 0.7948
3.6167 0.0955 1.6559 0.7998
3.6167 0.0955 1.6626 0.7996
3.6167 0.0955 1.6761 0.7931
3.6167 0.0955 1.6832 0.7993
3.6167 0.0955 1.6928 0.7943
3.6167 0.0955 1.6951 0.7972
3.6167 0.0955 1.6951 0.7972
3.6167 0.0955 1.6977 0.7948
3.6167 0.0955 1.7175 0.7966
3.6167 0.0955 1.7217 0.7902
3.6167 0.0955 1.7256 0.7856
3.6167 0.0955 1.7337 0.7848
3.6167 0.0955 1.7383 0.7880
3.6167 0.0955 1.7383 0.7880
3.6167 0.0955 1.7396 0.7887
3.6167 0.0955 1.7396 0.7887
3.6167 0.0955 1.7429 0.7863
3.6167 0.0955 1.7460 0.7871
3.6167 0.0955 1.7477 0.7892
3.6167 0.0955 1.7498 0.7921
3.6167 0.0955 1.7514 0.7932
3.6167 0.0955 1.7536 0.7936
3.6167 0.0955 1.7539 0.7938
3.6167 0.0955 1.7624 0.7854
3.6167 0.0955 1.7736 0.7923
3.6167 0.0955 1.7863 0.7975
3.6167 0.0955 1.7967 0.7944
3.6167 0.0955 1.7970 0.7942
3.6167 0.0955 1.8097 0.7845
3.6167 0.0955 1.8097 0.7845
3.6167 0.0955 1.8152 0.7824
3.6167 0.0955 1.8349 0.7811
3.6167 0.2981 1.8613 0.7664
3.6167 0.2981 1.8626 0.7664
3.6167 0.2981 1.8689 0.7706
3.6167 0.2981 1.8934 0.7867
3.6167 0.2981 1.8934 0.7867
3.6167 0.2981 1.9121 0.7857
3.6167 0.2981 1.9121 0.7857
3.6167 0.2981 1.9190 0.7920
3.6167 0.2981 1.9227 0.7897
3.6167 0.2981 1.9345 0.7899
3.6167 0.2981 1.9431 0.7942
3.6167 0.2981 1.9431 0.7942
3.6167 0.2981 1.9520 0.7986
3.6167 0.2981 1.9583 0.7950
3.6167 0.2981 1.9727 0.7965
3.6167 0.2981 1.9735 0.7964
3.6167 0.2981 1.9777 0.7933
3.6167 0.2981 1.9873 0.7930
3.6167 0.2981 1.9876 0.7929
3.6167 0.2981 1.9876 0.7929
3.6167 0.2981 1.9892 0.7924
3.6167 0.2981 1.9936 0.7841
3.6167 0.2981 1.9987 0.7752
3.6167 0.2981 2.0127 0.7694
3.6167 0.2981 2.0127 0.7694
3.6167 0.2981 2.0140 0.7705
3.6167 0.2981 2.0140 0.7705
3.6167 0.2981 2.0266 0.7769
3.6167 0.2981 2.0266 0.7769
3.6167 0.2981 2.0266 0.7769
3.6167 0.2981 2.0266 0.7769
3.6167 0.2981 2.0310 0.7746
3.6167 0.2981 2.0312 0.7740
3.6167 0.2981 2.0543 0.7644
3.6167 0.2981 2.0627 0.7626
3.6167 0.2981 2.0627 0.7626
3.6167 0.2981 2.0650 0.7605
3.6167 0.2981 2.0793 0.7600
3.6167 0.2981 2.0793 0.7600
3.6167 0.2981 2.0883 0.7631
3.6167 0.2981 2.0883 0.7631
3.6167 0.2981 2.0901 0.7598
3.6167 0.2981 2.1007 0.7519
3.6167 0.2981 2.1069 0.7567
3.6167 0.2981 2.1239 0.7444
3.6167 0.2981 2.1374 0.7309
3.6167 0.2981 2.1435 0.7249
3.6167 0.2981 2.1490 0.7266
3.6167 0.2981 2.1490 0.7266
3.6167 0.2981 2.1539 0.7198
3.6167 0.2981 2.1587 0.7176
3.6167 0.2981 2.1587 0.7176
3.6167 0.2981 2.1600 0.7164
3.6167 0.2981 2.1600 0.7164
3.6167 0.2981 2.1600 0.7164
3.6167 0.2981 2.1792 0.7039
3.6167 0.2981 2.1792 0.7039
3.6167 0.2981 2.1792 0.7039
3.6167 0.2981 2.1792 0.7039
3.6167 0.2981 2.1792 0.7039
3.6167 0.2981 2.1792 0.7039
3.6167 0.2981 2.1804 0.7051
3.6167 0.2981 2.1997 0.7026
3.6167 0.2981 2.2121 0.7053
3.6167 0.2981 2.2259 0.7045
3.6167 0.2981 2.2318 0.7083
3.6167 0.2981 2.2318 0.7083
3.6167 0.2981 2.2318 0.7083
3.6167 0.2981 2.2318 0.7083
3.6167 0.2981 2.2319 0.7083
3.6167 0.2981 2.2361 0.7135
3.6167 0.2981 2.2488 0.6955
3.6167 0.2981 2.2558 0.6988
3.6167 0.2981 2.2558 0.6988
3.6167 0.2981 2.2558 0.6988
3.6167 0.2981 2.2558 0.6988
3.6167 0.5772 2.2770 0.6707
3.6167 0.5772 2.2770 0.6707
3.6167 0.5772 2.2790 0.6696
3.6167 0.5772 2.2790 0.6696
3.6167 0.5772 2.2798 0.6689
3.6167 0.5772 2.2862 0.6733
3.6167 0.5772 2.2876 0.6745
3.6167 0.5772 2.2876 0.6745
3.6167 0.5772 2.2876 0.6745
3.6167 0.5772 2.2926 0.6695
3.6167 0.5772 2.2956 0.6707
3.6167 0.5772 2.3040 0.6698
3.6167 0.5772 2.3224 0.6571
3.6167 0.5772 2.3230 0.6566
3.6167 0.5772 2.3303 0.6577
3.6167 0.5772 2.3423 0.6547
3.6167 0.5772 2.3541 0.6519
3.6167 0.5772 2.3570 0.6524
3.6167 0.5772 2.3667 0.6552
3.6167 0.5772 2.3669 0.6550
3.6167 0.5772 2.3669 0.6550
3.6167 0.5772 2.3669 0.6550
3.6167 0.5772 2.3677 0.6544
3.6167 0.5772 2.3677 0.6544
3.6167 0.5772 2.3677 0.6544
3.6167 0.5772 2.3677 0.6544
3.6167 0.5772 2.3677 0.6544
3.6167 0.5772 2.3677 0.6544
3.6167 0.5772 2.3702 0.6562
3.6167 0.5772 2.3874 0.6439
3.6167 0.5772 2.3895 0.6419
3.6167 0.5772 2.3895 0.6419
3.6167 0.5772 2.3929 0.6428
3.6167 0.5772 2.3929 0.6428
3.6167 0.5772 2.3929 0.6428
3.6167 0.5772 2.3964 0.6467
3.6167 0.5772 2.3964 0.6467
3.6167 0.5772 2.3991 0.6486
3.6167 0.5772 2.4101 0.6453
3.6167 0.5772 2.4101 0.6453
3.6167 0.5772 2.4164 0.6363
3.6167 0.5772 2.4253 0.6351
3.6167 0.6083 2.4372 0.6110
3.6167 0.6083 2.4372 0.6110
3.6167 0.6083 2.4396 0.6119
3.6167 0.6083 2.4399 0.6121
3.6167 0.6083 2.4399 0.6121
3.6167 0.6083 2.4399 0.6121
3.6167 0.6083 2.4400 0.6121
3.6167 0.6083 2.4537 0.5956
3.6167 0.6083 2.4625 0.5937
3.6167 0.6083 2.4693 0.5949
3.6167 0.6083 2.4798 0.5910
3.6167 0.6083 2.4878 0.5895
3.6167 0.6083 2.4882 0.5896
3.6167 0.6083 2.4900 0.5880
3.6167 0.6083 2.4900 0.5880
3.6167 0.6083 2.4999 0.5822
3.6167 0.6083 2.5000 0.5822
3.7311 0.6083 2.5165 0.5934
3.7311 0.6083 2.5227 0.5954
3.7311 0.6083 2.5328 0.5937
3.7311 0.6083 2.5514 0.5672
3.7311 0.6083 2.5524 0.5675
3.7311 0.6083 2.5542 0.5687
3.7311 0.6083 2.5557 0.5697
3.7311 0.6083 2.5557 0.5697
3.7311 0.6083 2.5596 0.5634
3.7311 0.6083 2.5596 0.5634
3.7311 0.6083 2.5665 0.5613
3.7311 0.6083 2.5709 0.5632
3.7311 0.6083 2.5721 0.5655
3.7311 0.6083 2.5721 0.5655
3.7311 0.6083 2.5721 0.5655
3.7311 0.6083 2.5896 0.5537
3.7311 0.6083 2.5896 0.5537
3.7311 0.6083 2.5896 0.5537
3.7311 0.6083 2.5896 0.5537
3.7311 0.6083 2.5896 0.5537
3.7311 0.6083 2.5943 0.5491
3.7311 0.6083 2.5948 0.5493
3.7311 0.6083 2.5948 0.5493
3.7311 0.6083 2.5948 0.5493
3.7311 0.6083 2.5948 0.5493
3.7311 0.6083 2.6024 0.5447
3.7311 0.6083 2.6024 0.5447
3.7311 0.6083 2.6024 0.5447
3.7311 0.6083 2.6030 0.5451
3.7311 0.6083 2.6091 0.5373
3.7311 0.6083 2.6091 0.5373
3.7311 0.6083 2.6116 0.5399
3.7311 0.6083 2.6116 0.5399
3.7311 0.6083 2.6170 0.5374
3.7311 0.6083 2.6226 0.5391
3.7311 0.6083 2.6226 0.5391
3.7311 0.6083 2.6226 0.5391
3.7311 0.6083 2.6288 0.5449
3.7311 0.6083 2.6288 0.5449
3.7311 0.6083 2.6320 0.5463
3.7311 0.6083 2.6320 0.5463
3.7311 0.6083 2.6320 0.5463
3.7311 0.6083 2.6320 0.5463
3.7311 0.6083 2.6327 0.5453
3.7311 0.6083 2.6327 0.5453
3.7311 0.6083 2.6327 0.5453
3.7311 0.6083 2.6423 0.5560
3.7311 0.6083 2.6423 0.5560
3.7311 0.6083 2.6423 0.5560
3.7311 0.6083 2.6423 0.5560
3.7311 0.6083 2.6423 0.5560
3.7311 0.6083 2.6438 0.5566
3.7311 0.6083 2.6605 0.5590
3.7311 0.6083 2.6605 0.5590
3.7311 0.6083 2.6622 0.5598
3.7311 0.6083 2.6622 0.5598
3.7311 0.6083 2.6622 0.5598
3.7311 0.6083 2.6622 0.5598
3.7770 0.6083 2.6723 0.5713
3.7770 0.6083 2.6723 0.5713
3.7770 0.6083 2.6736 0.5718
3.7770 0.6083 2.6761 0.5717
3.7770 0.6083 2.6761 0.5717
3.7770 0.6083 2.6763 0.5718
3.7770 0.6083 2.6856 0.5637
3.7770 0.6083 2.6860 0.5640
3.7770 0.6083 2.6860 0.5640
3.7770 0.6083 2.6875 0.5644
3.7770 0.6083 2.6875 0.5644
3.7770 0.6083 2.6875 0.5644
3.7770 0.6083 2.6888 0.5648
3.7770 0.6083 2.6905 0.5653
3.7770 0.6083 2.6926 0.5660
3.7770 0.6083 2.7124 0.5541
3.7770 0.6083 2.7124 0.5541
3.7770 0.6083 2.7124 0.5541
3.7770 0.6083 2.7124 0.5541
3.7770 0.6083 2.7224 0.5635
3.7770 0.6083 2.7224 0.5635
3.7770 0.6083 2.7224 0.5635
3.7770 0.6083 2.7224 0.5635
3.7770 0.6083 2.7230 0.5637
3.7770 0.6083 2.7294 0.5465
3.7770 0.6083 2.7309 0.5475
3.7770 0.6083 2.7309 0.5475
3.7770 0.6083 2.7348 0.5502
3.7770 0.6083 2.7348 0.5502
3.7770 0.6083 2.7370 0.5510
3.7770 0.6083 2.7370 0.5510
3.7770 0.6083 2.7370 0.5510
3.7770 0.6083 2.7377 0.5506
3.7770 0.6083 2.7395 0.5511
3.7770 0.6083 2.7492 0.5579
3.7770 0.6083 2.7492 0.5579
3.7770 0.6083 2.7521 0.5586
3.7770 0.6083 2.7580 0.5645
3.7770 0.6083 2.7580 0.5645
3.7770 0.6083 2.7612 0.5616
3.7770 0.6083 2.7682 0.5573
3.7770 0.6083 2.7698 0.5575
3.7770 0.6083 2.7698 0.5575
3.7770 0.6083 2.7762 0.5569
3.7770 0.6083 2.7854 0.5579
3.7770 0.6083 2.7873 0.5582
3.7770 0.6083 2.7873 0.5582
3.7770 0.6083 2.7947 0.5522
3.7770 0.6083 2.7990 0.5513
3.7770 0.6083 2.7990 0.5513
3.7770 0.6083 2.7992 0.5513
3.7770 0.6083 2.7992 0.5513
3.7770 0.6083 2.8047 0.5483
3.7770 0.6083 2.8047 0.5483
3.7770 0.6083 2.8094 0.5461
3.7770 0.6083 2.8094 0.5461
3.7770 0.6083 2.8103 0.5463
3.7770 0.6083 2.8108 0.5454
3.7770 1.0017 2.8342 0.4986
3.7770 1.0017 2.8381 0.5012
3.7770 1.0017 2.8384 0.5013
3.7770 1.0017 2.8384 0.5013
3.7770 1.0017 2.8384 0.5013
3.7770 1.0017 2.8395 0.5017
3.7770 1.0017 2.8410 0.5017
3.7770 1.0017 2.8410 0.5017
3.7770 1.0017 2.8445 0.5018
3.7770 1.0017 2.8445 0.5018
3.7770 1.0017 2.8537 0.4915
3.7770 1.0017 2.8542 0.4917
3.7770 1.0017 2.8664 0.4795
3.7770 1.0017 2.8664 0.4795
3.7770 1.0017 2.8679 0.4795
3.7770 1.0017 2.8778 0.4875
3.7770 1.0017 2.8899 0.4761
3.7770 1.0017 2.8971 0.4689
3.7770 1.0017 2.8975 0.4691
3.7770 1.0017 2.8975 0.4691
3.7770 1.0017 2.8975 0.4691
3.7770 1.0017 2.8975 0.4691
3.7770 1.0017 2.8975 0.4691
3.7770 1.5508 2.9180 0.4288
3.7770 1.5508 2.9180 0.4288
3.7770 1.5508 2.9180 0.4288
3.7770 1.5508 2.9180 0.4288
3.7770 1.5508 2.9222 0.4282
3.7770 1.5508 2.9296 0.4357
3.7770 1.5508 2.9296 0.4357
3.7770 1.5508 2.9305 0.4354
3.7770 1.5508 2.9305 0.4354
3.7770 1.5508 2.9306 0.4355
3.7770 1.5508 2.9306 0.4355
3.7770 1.5508 2.9331 0.4353
3.7770 1.5508 2.9331 0.4353
3.7770 1.5508 2.9384 0.4349
3.7770 1.5508 2.9385 0.4350
3.7770 1.5508 2.9385 0.4350
3.7770 1.5508 2.9395 0.4351
3.7770 1.5508 2.9395 0.4351
3.7770 1.5508 2.9395 0.4351
3.7770 1.5508 2.9416 0.4348
3.7770 1.5508 2.9416 0.4348
3.7770 1.5508 2.9416 0.4348
3.7770 1.5508 2.9421 0.4356
3.7770 1.5508 2.9425 0.4356
3.7770 1.5508 2.9453 0.4354
3.7770 1.5508 2.9453 0.4354
3.7770 1.5508 2.9453 0.4354
3.7770 1.5508 2.9464 0.4353
3.7770 1.5508 2.9467 0.4354
3.7770 1.5508 2.9467 0.4354
3.7770 1.5508 2.9469 0.4353
3.7770 1.5508 2.9485 0.4350
3.7770 1.5508 2.9485 0.4350
3.7770 1.5508 2.9490 0.4351
3.7770 1.5508 2.9490 0.4351
3.7770 1.5508 2.9494 0.4359
3.7770 1.5508 2.9494 0.4359
3.7770 1.5508 2.9494 0.4359
3.7770 1.5508 2.9494 0.4359
3.7770 1.5508 2.9494 0.4359
3.7770 1.5508 2.9535 0.4381
3.7770 1.5508 2.9535 0.4381
3.7770 1.5508 2.9535 0.4381
3.7770 1.5508 2.9558 0.4393
3.7770 1.5508 2.9558 0.4393
3.7770 1.5508 2.9613 0.4386
3.7770 1.5508 2.9613 0.4386
3.7770 1.5508 2.9739 0.4426
3.7770 1.5508 2.9739 0.4426
3.7770 1.5508 2.9739 0.4426
3.7770 1.5508 2.9799 0.4472
3.7770 1.5508 2.9799 0.4472
3.7770 1.5508 2.9823 0.4469
3.7770 1.5508 2.9840 0.4489
3.7770 1.5508 2.9877 0.4500
3.7770 1.5508 2.9883 0.4504
3.7770 1.5508 2.9908 0.4508
3.7770 1.5508 2.9908 0.4508
3.7770 1.5508 2.9908 0.4508
3.7770 1.5508 2.9940 0.4522
3.7770 1.5508 2.9940 0.4522
3.7770 1.5508 3.0002 0.4534
3.7770 1.5508 3.0004 0.4533
3.7770 1.5508 3.0004 0.4533
3.7770 1.5508 3.0005 0.4533
3.7770 1.5508 3.0123 0.4390
3.7770 1.5508 3.0123 0.4390
3.7770 1.5508 3.0123 0.4390
3.7770 1.5508 3.0123 0.4390
3.7770 1.5508 3.0176 0.4404
3.7770 1.5508 3.0176 0.4404
3.7770 1.5508 3.0196 0.4398
3.7770 1.5508 3.0218 0.4388
3.7770 1.5508 3.0218 0.4388
3.7770 1.5508 3.0270 0.4409
3.7770 1.5508 3.0270 0.4409
3.7770 1.5508 3.0270 0.4409
3.7770 1.5508 3.0361 0.4349
3.7770 1.5508 3.0456 0.4395
3.7770 1.5508 3.0456 0.4395
3.7770 1.5508 3.0456 0.4395
3.7770 1.5508 3.0456 0.4395
3.7770 1.5508 3.0456 0.4395
3.7770 1.5508 3.0456 0.4395
3.7770 1.5508 3.0457 0.4395
3.7770 1.5508 3.0457 0.4395
3.7770 1.5508 3.0457 0.4395
3.7770 1.5508 3.0484 0.4415
3.7770 1.5508 3.0484 0.4415
3.7770 1.5508 3.0484 0.4415
3.7770 1.5508 3.0528 0.4450
3.7770 1.5508 3.0528 0.4450
3.7770 1.5508 3.0535 0.4449
3.7770 1.5508 3.0566 0.4440
3.7770 1.5508 3.0566 0.4440
3.7770 1.5508 3.0566 0.4440
3.7770 1.5508 3.0566 0.4440
3.7770 1.5508 3.0566 0.4440
3.7770 1.5508 3.0585 0.4433
3.7770 1.5508 3.0585 0.4433
3.7770 1.5508 3.0585 0.4433
3.7770 1.5508 3.0585 0.4433
3.7770 1.5508 3.0660 0.4484
3.7770 1.5508 3.0660 0.4484
3.7770 1.5508 3.0681 0.4475
3.7770 1.5508 3.0740 0.4424
3.7770 1.5508 3.0800 0.4371
3.7770 1.5508 3.0800 0.4371
3.7770 1.5508 3.0899 0.4191
3.7770 1.5508 3.0904 0.4189
3.7770 1.5508 3.0924 0.4179
3.7770 1.5508 3.0924 0.4179
3.7770 1.5508 3.0924 0.4179
3.7770 1.5508 3.0924 0.4179
3.7770 1.5508 3.0934 0.4172
3.7770 1.5508 3.0990 0.4150
3.7770 1.5508 3.1108 0.3953
3.7770 1.5508 3.1122 0.3951
3.7770 1.5508 3.1122 0.3951
3.7770 1.5508 3.1122 0.3951
3.7770 1.5508 3.1306 0.3803
3.7770 1.5508 3.1306 0.3803
3.7770 1.5508 3.1306 0.3803
3.7770 1.5508 3.1306 0.3803
3.7770 1.5508 3.1306 0.3803
3.7770 1.5508 3.1309 0.3802
3.7770 1.5508 3.1329 0.3789
3.7770 1.5508 3.1329 0.3789
3.7770 1.5508 3.1332 0.3792
3.7770 1.5508 3.1332 0.3792
3.7770 1.5508 3.1369 0.3791
3.7770 1.5508 3.1370 0.3789
3.7770 1.5508 3.1383 0.3807
3.7770 1.5508 3.1383 0.3807
3.7770 1.5508 3.1405 0.3792
3.7770 1.5508 3.1405 0.3792
3.7770 1.5508 3.1405 0.3792
3.7770 1.5508 3.1405 0.3792
3.7770 1.5508 3.1429 0.3822
3.7770 1.5508 3.1436 0.3819
3.7770 1.5508 3.1436 0.3819
3.7770 1.5508 3.1436 0.3819
3.7770 1.5508 3.1500 0.3845
3.7770 1.5508 3.1649 0.3588
3.7770 1.5508 3.1730 0.3625
3.7770 1.5508 3.1730 0.3625
3.7770 1.5508 3.1730 0.3625
3.7770 1.5508 3.1736 0.3622
3.7770 1.5508 3.1736 0.3622
3.7770 1.5508 3.1760 0.3615
3.7770 1.5508 3.1760 0.3615
3.7770 1.5508 3.1793 0.3605
3.7770 1.5508 3.1793 0.3605
3.7770 1.5508 3.1793 0.3605
3.7770 1.5508 3.1793 0.3605
3.7770 1.5508 3.1793 0.3605
3.7770 1.5508 3.1793 0.3605
3.7770 1.5508 3.1793 0.3605
3.7770 1.5508 3.1793 0.3605
3.7770 1.5508 3.1794 0.3605
3.7770 1.5508 3.1807 0.3602
3.7770 1.5508 3.1807 0.3602
3.7770 1.5508 3.1807 0.3602
3.7770 1.5508 3.1807 0.3602
3.7773 1.5508 3.1811 0.3608
3.7773 1.5508 3.1827 0.3605
3.7773 1.5508 3.1880 0.3606
3.7773 1.5508 3.1945 0.3629
3.7773 1.5508 3.1980 0.3663
3.7773 1.5508 3.1980 0.3663
3.7773 1.5508 3.2055 0.3694
3.7773 1.5508 3.2064 0.3688
3.7773 1.5508 3.2064 0.3688
3.7773 1.5508 3.2064 0.3688
3.7773 1.5508 3.2064 0.3688
3.7773 1.5508 3.2067 0.3687
3.7773 1.5508 3.2067 0.3687
3.7773 1.5508 3.2117 0.3665
3.7773 1.5508 3.2117 0.3665
3.7773 1.5508 3.2117 0.3665
3.7773 1.5508 3.2135 0.3658
3.7773 1.5508 3.2179 0.3679
3.7773 1.5508 3.2184 0.3686
3.7773 1.5508 3.2184 0.3686
3.7773 1.5508 3.2188 0.3691
3.7773 1.5508 3.2188 0.3691
3.7773 1.5508 3.2235 0.3656
3.7773 1.5508 3.2235 0.3656
3.7773 1.5508 3.2290 0.3673
3.7773 1.5508 3.2355 0.3704
3.7773 1.5508 3.2355 0.3703
3.7773 1.5508 3.2355 0.3703
3.7773 1.5508 3.2393 0.3696
3.7773 1.5508 3.2401 0.3686
3.7773 1.5508 3.2402 0.3686
3.7773 1.5508 3.2402 0.3686
3.7773 1.5508 3.2405 0.3690
3.7773 1.5508 3.2405 0.3690
3.7773 1.5508 3.2405 0.3690
3.7773 1.5508 3.2440 0.3719
3.7773 1.5508 3.2440 0.3719
3.7773 1.5508 3.2440 0.3719
3.7773 1.5508 3.2440 0.3719
3.7773 1.5508 3.2538 0.3750
3.7773 1.5508 3.2580 0.3743
3.7773 1.5508 3.2596 0.3730
3.7773 1.5508 3.2596 0.3730
3.7773 1.5508 3.2596 0.3730
3.7773 1.5508 3.2596 0.3730
3.7773 1.5508 3.2596 0.3730
3.7773 1.5508 3.2596 0.3730
3.7773 1.5508 3.2597 0.3729
3.7773 1.5508 3.2601 0.3727
3.7773 1.5508 3.2625 0.3713
3.7773 1.5508 3.2625 0.3713
3.7773 1.5508 3.2625 0.3713
3.7773 1.5508 3.2644 0.3723
3.7773 1.5508 3.2644 0.3724
3.7773 1.5508 3.2644 0.3724
3.7773 1.5508 3.2644 0.3724
3.7936 1.5508 3.2654 0.3732
3.7936 1.5508 3.2656 0.3731
3.7936 1.5508 3.2707 0.3697
3.7936 1.5508 3.2707 0.3697
3.7936 1.5508 3.2707 0.3697
3.7936 1.5508 3.2707 0.3698
3.7936 1.5508 3.2710 0.3697
3.7936 1.5508 3.2710 0.3697
3.7936 1.5508 3.2744 0.3725
3.7936 1.5508 3.2755 0.3726
3.7936 1.5508 3.2794 0.3717
3.7936 1.5508 3.2799 0.3714
3.7936 1.5508 3.2799 0.3714
3.7936 2.0010 3.2844 0.3526
3.7936 2.0010 3.2844 0.3526
3.7936 2.0010 3.2874 0.3542
3.7936 2.0010 3.2874 0.3542
3.7936 2.0010 3.2880 0.3536
3.7936 2.0010 3.2880 0.3536
3.7936 2.0010 3.2880 0.3536
3.7936 2.0010 3.2880 0.3536
3.7936 2.0010 3.2886 0.3534
3.7936 2.0010 3.2891 0.3532
3.7936 2.0010 3.2891 0.3532
3.7936 2.0010 3.2891 0.3532
3.7936 2.0010 3.2912 0.3519
3.7936 2.0010 3.2912 0.3519
3.7936 2.0010 3.2982 0.3542
3.7936 2.0010 3.3053 0.3562
3.7936 2.0010 3.3097 0.3586
3.7936 2.0010 3.3097 0.3586
3.7936 2.0010 3.3199 0.3359
3.7936 2.0010 3.3199 0.3359
3.7936 2.0010 3.3199 0.3359
3.7936 2.0010 3.3253 0.3362
3.7936 2.0010 3.3310 0.3384
3.7936 2.0010 3.3310 0.3384
3.7936 2.0010 3.3310 0.3385
3.7936 2.0010 3.3310 0.3385
3.7936 2.0010 3.3372 0.3380
3.7936 2.0010 3.3431 0.3379
3.7936 2.0010 3.3431 0.3379
3.7936 2.0010 3.3490 0.3375
3.7936 2.0010 3.3490 0.3375
3.7936 2.0010 3.3532 0.3394
3.7936 2.0010 3.3537 0.3389
3.7936 2.0010 3.3537 0.3389
3.7936 2.0010 3.3537 0.3389
3.7936 2.0010 3.3537 0.3389
3.7936 2.0010 3.3564 0.3382
3.7936 2.0010 3.3612 0.3407
3.7936 2.0010 3.3612 0.3407
3.7936 2.0010 3.3615 0.3404
3.7936 2.0010 3.3668 0.3424
3.7936 2.0010 3.3705 0.3447
3.7936 2.0010 3.3744 0.3471
3.7936 2.0010 3.3756 0.3481
3.7936 2.0010 3.3756 0.3481
3.7936 2.0010 3.3800 0.3508
3.7936 2.0010 3.3800 0.3508
3.7936 2.0010 3.3805 0.3504
3.7936 2.0010 3.3805 0.3504
3.7936 2.0010 3.3874 0.3504
3.7936 2.0010 3.3874 0.3504
3.7936 2.4552 3.3978 0.3235
3.7936 2.4552 3.3978 0.3235
3.7936 2.4552 3.4034 0.3245
3.7936 2.4552 3.4034 0.3245
3.7936 2.4552 3.4034 0.3245
3.7936 2.7376 3.4148 0.3107
3.7936 2.7376 3.4164 0.3113
3.7936 2.7376 3.4164 0.3113
3.7936 2.7376 3.4164 0.3113
3.7936 2.7376 3.4164 0.3113
3.7936 2.7376 3.4164 0.3113
3.7936 2.7376 3.4199 0.3090
3.7936 2.7376 3.4215 0.3074
3.7936 2.7376 3.4269 0.3068
3.7936 2.7376 3.4269 0.3068
3.7936 2.7376 3.4271 0.3066
3.7936 2.7376 3.4318 0.3083
3.7936 2.7376 3.4318 0.3083
3.7936 2.7376 3.4318 0.3083
3.7936 2.7376 3.4340 0.3088
3.7936 2.7376 3.4380 0.3057
3.7936 2.7376 3.4393 0.3066
3.7936 2.7376 3.4405 0.3078
3.7936 2.7376 3.4464 0.3054
3.7936 2.7376 3.4472 0.3044
3.7936 2.7376 3.4505 0.3020
3.7936 2.7376 3.4570 0.2986
3.7936 2.7376 3.4607 0.2985
3.7936 2.7376 3.4620 0.2994
3.7936 2.7376 3.4620 0.2994
3.7936 2.7376 3.4620 0.2994
3.7936 2.7376 3.4631 0.3002
3.7936 2.7376 3.4668 0.2973
3.7936 2.7376 3.4684 0.2985
3.7936 2.7376 3.4684 0.2985
3.7936 2.7376 3.4731 0.2996
3.7936 2.7376 3.4801 0.2975
3.7936 2.7376 3.4803 0.2976
3.7936 2.7376 3.4803 0.2976
3.7936 2.7376 3.4803 0.2976
3.7936 2.7376 3.4803 0.2976
3.7936 2.7376 3.4819 0.2988
3.7936 2.7376 3.4883 0.2947
3.7936 2.7376 3.4914 0.2943
3.7936 2.7376 3.4918 0.2945
3.7936 2.7376 3.4947 0.2924
3.7936 2.7376 3.4951 0.2922
3.7936 2.7376 3.4951 0.2922
3.7936 2.7376 3.4951 0.2922
3.7936 2.7376 3.4954 0.2924
3.7936 2.7376 3.5029 0.2899
3.7936 2.7376 3.5073 0.2883
3.7936 2.7376 3.5073 0.2883
3.7936 2.7376 3.5073 0.2883
3.7936 2.7376 3.5112 0.2889
3.7936 2.7376 3.5148 0.2855
3.7936 2.7376 3.5187 0.2860
3.7936 2.7376 3.5189 0.2862
3.7936 2.7376 3.5189 0.2862
3.7936 2.7376 3.5189 0.2862
3.7936 2.7376 3.5203 0.2871
3.7936 2.7376 3.5203 0.2871
3.7936 2.7376 3.5203 0.2871
3.7936 2.7376 3.5208 0.2875
3.7936 2.7376 3.5208 0.2875
3.7936 2.7376 3.5235 0.2846
3.7936 2.7376 3.5281 0.2848
3.7936 2.7376 3.5281 0.2848
3.7936 2.7376 3.5281 0.2848
3.7936 2.7376 3.5281 0.2848
3.7936 2.7376 3.5281 0.2848
3.7936 2.7376 3.5282 0.2849
3.7936 2.7376 3.5297 0.2857
3.7936 2.7376 3.5345 0.2837
3.7936 2.7376 3.5347 0.2839
3.7936 2.7376 3.5347 0.2839
3.7936 2.7376 3.5352 0.2844
3.7936 2.7376 3.5356 0.2846
3.7936 2.7376 3.5356 0.2846
3.7936 2.7376 3.5356 0.2846
3.7936 2.7376 3.5372 0.2855
3.7936 2.7376 3.5372 0.2855
3.7936 2.7376 3.5372 0.2855
3.7936 2.7376 3.5449 0.2749
3.7936 2.7376 3.5451 0.2751
3.7936 2.7376 3.5451 0.2751
3.7936 2.7376 3.5451 0.2751
3.7936 2.7376 3.5452 0.2751
3.7936 2.7376 3.5452 0.2751
3.7936 2.7376 3.5452 0.2751
3.7936 2.7376 3.5462 0.2736
3.8083 2.7376 3.5466 0.2740
3.8083 2.7376 3.5487 0.2719
3.8083 2.7376 3.5487 0.2719
3.8083 2.7376 3.5487 0.2719
3.8083 2.7376 3.5487 0.2719
3.8083 2.7376 3.5487 0.2719
3.8083 2.7376 3.5513 0.2713
3.8083 2.7376 3.5513 0.2713
3.8442 2.7376 3.5520 0.2719
3.8442 2.7376 3.5557 0.2702
3.8442 2.7376 3.5621 0.2641
3.8442 2.7376 3.5621 0.2641
3.8442 2.7376 3.5621 0.2641
3.8442 2.7376 3.5621 0.2641
3.8442 2.7376 3.5633 0.2648
3.8442 2.7376 3.5633 0.2648
3.8442 2.7376 3.5706 0.2604
3.8442 2.7376 3.5706 0.2604
3.8442 2.7376 3.5706 0.2604
3.8442 2.7376 3.5778 0.2555
3.8442 2.7376 3.5778 0.2555
3.8442 2.7376 3.5790 0.2560
3.8442 2.7376 3.5808 0.2569
3.8442 2.7376 3.5808 0.2569
3.8442 2.7376 3.5808 0.2569
3.8442 2.7376 3.5808 0.2569
3.8442 2.7376 3.5808 0.2569
3.8442 2.7376 3.5810 0.2570
3.8442 2.7376 3.5870 0.2547
3.8442 2.7376 3.5882 0.2553
3.8442 2.7376 3.5932 0.2509
3.8442 2.7376 3.5932 0.2509
3.8442 2.7376 3.5959 0.2498
3.8442 2.7376 3.5959 0.2498
3.8442 2.7376 3.5963 0.2487
3.8442 2.7376 3.6013 0.2453
3.8442 2.7376 3.6045 0.2400
3.8442 2.7376 3.6123 0.2319
3.8442 2.7376 3.6144 0.2275
3.8442 2.7376 3.6144 0.2275
3.8442 2.7376 3.6144 0.2275
3.8442 2.7376 3.6144 0.2275
3.8442 2.7376 3.6144 0.2275
3.8442 2.7376 3.6160 0.2281
3.8442 2.7376 3.6160 0.2281
3.8442 2.7376 3.6160 0.2281
3.8442 2.7376 3.6160 0.2281
3.8442 2.7376 3.6160 0.2281
3.8442 2.7376 3.6231 0.2168
3.8442 2.7376 3.6231 0.2168
3.8442 2.7376 3.6238 0.2172
3.8442 2.7376 3.6317 0.2083
3.8442 2.7376 3.6323 0.2082
3.8442 2.7376 3.6323 0.2082
3.8442 2.7376 3.6323 0.2082
3.8644 2.7376 3.6332 0.2090
3.8644 2.7376 3.6344 0.2095
3.8644 2.7376 3.6388 0.2082
3.8644 2.7376 3.6388 0.2082
3.8644 2.7376 3.6390 0.2081
3.8644 2.7376 3.6406 0.2086
3.8644 2.7376 3.6407 0.2087
3.8644 2.7376 3.6445 0.2073
3.8644 2.7376 3.6482 0.2064
3.8644 2.7376 3.6482 0.2064
3.8644 2.7376 3.6489 0.2068
3.8644 2.7376 3.6497 0.2070
3.8644 2.7376 3.6497 0.2070
3.8644 2.7376 3.6511 0.2072
3.8644 2.7376 3.6516 0.2074
3.8644 2.7376 3.6516 0.2074
3.8644 2.7376 3.6516 0.2074
3.8644 2.7376 3.6528 0.2078
3.8644 2.7376 3.6543 0.2082
3.8644 2.7376 3.6543 0.2082
3.8644 2.7376 3.6543 0.2082
3.8644 2.7376 3.6559 0.2085
3.8644 2.7376 3.6559 0.2085
3.8644 2.7376 3.6559 0.2085
3.8644 2.7376 3.6559 0.2085
3.8644 2.7376 3.6559 0.2085
3.8644 2.7376 3.6559 0.2085
3.8644 2.7376 3.6560 0.2086
3.8644 2.7376 3.6561 0.2086
3.8644 2.7376 3.6565 0.2086
3.8644 2.7376 3.6571 0.2090
3.8644 2.7376 3.6571 0.2090
3.8644 2.7376 3.6571 0.2090
3.8644 2.7376 3.6611 0.2042
3.8644 2.7376 3.6611 0.2042
3.8644 2.7376 3.6649 0.1999
3.8644 2.7376 3.6649 0.1999
3.8644 2.7376 3.6649 0.1999
3.8644 2.7376 3.6649 0.1999
3.8644 2.7376 3.6649 0.1999
3.8644 2.7376 3.6649 0.1999
3.8644 2.7376 3.6696 0.1967
3.8644 2.7376 3.6696 0.1967
3.8644 2.7376 3.6751 0.1907
3.8644 2.7376 3.6751 0.1907
3.8644 2.7376 3.6812 0.1832
3.8644 2.7376 3.6816 0.1834
3.8644 2.7376 3.6816 0.1834
3.8644 2.7376 3.6816 0.1834
3.8644 2.7376 3.6816 0.1834
3.8644 2.7376 3.6816 0.1834
3.8644 3.0310 3.6883 0.1593
3.8644 3.0310 3.6906 0.1599
3.8644 3.0310 3.6906 0.1599
3.8644 3.0310 3.6907 0.1599
3.8644 3.0310 3.6907 0.1599
3.8644 3.0310 3.6913 0.1575
3.8644 3.0310 3.6915 0.1576
3.8644 3.0310 3.6915 0.1576
3.8644 3.0310 3.6920 0.1578
3.8644 3.0310 3.6928 0.1562
3.8644 3.0310 3.6928 0.1562
3.8644 3.0310 3.6928 0.1562
3.8644 3.0310 3.6928 0.1562
3.8644 3.0310 3.6944 0.1562
3.8644 3.0310 3.6952 0.1560
3.8644 3.0310 3.6960 0.1565
3.8644 3.0310 3.6960 0.1565
3.8644 3.0999 3.7019 0.1417
3.8644 3.0999 3.7020 0.1418
3.8644 3.0999 3.7030 0.1425
3.8644 3.0999 3.7046 0.1424
3.8644 3.0999 3.7052 0.1428
3.8644 3.0999 3.7088 0.1400
3.8644 3.0999 3.7088 0.1400
3.8644 3.0999 3.7088 0.1400
3.8644 3.0999 3.7088 0.1400
3.8644 3.0999 3.7088 0.1400
3.8644 3.0999 3.7088 0.1400
3.8644 3.0999 3.7089 0.1401
3.8644 3.0999 3.7089 0.1401
3.8644 3.0999 3.7089 0.1401
3.8644 3.0999 3.7126 0.1323
3.8644 3.0999 3.7126 0.1323
3.8644 3.0999 3.7127 0.1323
3.8644 3.0999 3.7127 0.1323
3.8644 3.0999 3.7149 0.1326
3.8644 3.0999 3.7149 0.1326
3.8644 3.0999 3.7149 0.1326
3.8644 3.0999 3.7153 0.1328
3.8644 3.0999 3.7154 0.1329
3.8644 3.0999 3.7154 0.1329
3.8644 3.0999 3.7154 0.1329
3.8644 3.0999 3.7154 0.1329
3.8644 3.0999 3.7171 0.1326
3.8644 3.0999 3.7176 0.1327
3.8644 3.0999 3.7178 0.1328
3.8644 3.0999 3.7183 0.1331
3.8644 3.0999 3.7184 0.1331
3.8644 3.0999 3.7185 0.1332
3.8644 3.0999 3.7185 0.1332
3.8644 3.0999 3.7204 0.1331
3.8644 3.0999 3.7236 0.1327
3.8644 3.0999 3.7236 0.1327
3.8644 3.0999 3.7236 0.1327
3.8644 3.0999 3.7240 0.1330
3.8644 3.0999 3.7240 0.1330
3.8644 3.0999 3.7240 0.1330
3.8644 3.0999 3.7240 0.1330
3.8644 3.0999 3.7240 0.1330
3.8644 3.0999 3.7248 0.1333
3.8644 3.0999 3.7271 0.1346
3.8644 3.0999 3.7271 0.1346
3.8644 3.0999 3.7278 0.1350
3.8644 3.0999 3.7294 0.1347
3.8644 3.0999 3.7294 0.1347
3.8644 3.0999 3.7294 0.1347
3.8644 3.0999 3.7302 0.1352
3.8792 3.0999 3.7308 0.1358
3.8792 3.0999 3.7326 0.1354
3.8792 3.0999 3.7334 0.1353
3.8792 3.0999 3.7334 0.1353
3.8792 3.0999 3.7337 0.1354
3.8792 3.0999 3.7359 0.1315
3.8792 3.0999 3.7359 0.1315
3.8792 3.0999 3.7359 0.1315
3.8792 3.0999 3.7359 0.1315
3.8792 3.0999 3.7359 0.1315
3.8792 3.0999 3.7375 0.1311
3.8792 3.0999 3.7375 0.1311
3.8792 3.0999 3.7375 0.1311
3.8792 3.0999 3.7387 0.1305
3.8792 3.0999 3.7387 0.1305
3.8792 3.0999 3.7387 0.1305
3.8792 3.0999 3.7387 0.1305
3.8792 3.0999 3.7389 0.1306
3.8792 3.0999 3.7389 0.1306
3.8792 3.0999 3.7389 0.1306
3.8792 3.0999 3.7389 0.1306
3.8792 3.0999 3.7393 0.1307
3.8792 3.0999 3.7412 0.1312
3.8792 3.0999 3.7412 0.1312
3.8792 3.0999 3.7412 0.1312
3.8792 3.0999 3.7415 0.1313
3.8792 3.0999 3.7415 0.1313
3.8792 3.0999 3.7419 0.1315
3.8792 3.0999 3.7419 0.1316
3.8792 3.0999 3.7419 0.1316
3.8792 3.0999 3.7419 0.1316
3.8792 3.0999 3.7436 0.1309
3.8792 3.0999 3.7443 0.1313
3.8792 3.0999 3.7443 0.1313
3.8792 3.0999 3.7450 0.1316
3.8792 3.0999 3.7450 0.1316
3.8792 3.0999 3.7459 0.1321
3.8792 3.0999 3.7459 0.1321
3.8792 3.0999 3.7461 0.1322
3.8792 3.0999 3.7469 0.1318
3.8792 3.0999 3.7490 0.1282
3.8792 3.0999 3.7499 0.1287
3.8792 3.0999 3.7499 0.1287
3.8792 3.0999 3.7499 0.1287
3.8792 3.0999 3.7503 0.1288
3.8872 3.0999 3.7504 0.1289
3.8872 3.0999 3.7509 0.1291
3.8872 3.0999 3.7509 0.1291
3.8872 3.0999 3.7530 0.1286
3.8872 3.0999 3.7530 0.1286
3.8872 3.0999 3.7530 0.1286
3.8872 3.0999 3.7530 0.1286
3.8872 3.0999 3.7530 0.1286
3.8872 3.0999 3.7551 0.1281
3.8872 3.0999 3.7551 0.1281
3.8872 3.0999 3.7566 0.1275
3.8872 3.0999 3.7566 0.1275
3.8872 3.0999 3.7567 0.1276
3.8872 3.0999 3.7578 0.1281
3.8872 3.0999 3.7578 0.1281
3.8872 3.0999 3.7578 0.1281
3.8872 3.0999 3.7581 0.1284
3.8872 3.0999 3.7583 0.1284
3.8872 3.0999 3.7583 0.1284
3.8872 3.0999 3.7584 0.1285
3.8872 3.2040 3.7636 0.1109
3.8872 3.2040 3.7638 0.1111
3.8872 3.2040 3.7643 0.1113
3.8872 3.2040 3.7643 0.1113
3.8872 3.2040 3.7643 0.1113
3.8872 3.2040 3.7651 0.1115
3.8872 3.2040 3.7678 0.1094
3.8872 3.2040 3.7678 0.1094
3.8872 3.2040 3.7678 0.1094
3.8872 3.2040 3.7683 0.1096
3.8872 3.2040 3.7683 0.1096
3.8872 3.2040 3.7683 0.1096
3.8872 3.2040 3.7683 0.1096
3.8872 3.2040 3.7699 0.1087
3.8872 3.2040 3.7699 0.1087
3.8872 3.2040 3.7700 0.1087
3.8872 3.2040 3.7709 0.1088
3.8872 3.2040 3.7728 0.1034
3.8872 3.2040 3.7728 0.1034
3.8872 3.2040 3.7728 0.1034
3.8872 3.2040 3.7731 0.1036
3.8872 3.2040 3.7748 0.1024
3.8872 3.2040 3.7748 0.1024
3.8872 3.2040 3.7748 0.1024
3.8872 3.2040 3.7752 0.1027
3.8872 3.2040 3.7757 0.1029
3.8872 3.2040 3.7757 0.1029
3.8872 3.2040 3.7761 0.1029
3.8872 3.2040 3.7761 0.1029
3.8872 3.2040 3.7761 0.1029
3.8872 3.2040 3.7761 0.1029
3.8872 3.2040 3.7785 0.1021
3.8872 3.2040 3.7785 0.1021
3.8872 3.2040 3.7785 0.1021
3.8872 3.2040 3.7785 0.1021
3.8872 3.2040 3.7785 0.1021
3.8872 3.2040 3.7814 0.1003
3.8872 3.2040 3.7817 0.1005
3.8872 3.2040 3.7827 0.1009
3.8872 3.2040 3.7835 0.1012
3.8872 3.2040 3.7846 0.1000
3.8872 3.2040 3.7850 0.1002
3.8872 3.2040 3.7850 0.1002
3.8872 3.2040 3.7850 0.1002
3.8872 3.2040 3.7850 0.1002
3.8872 3.4163 3.7912 0.0816
3.8872 3.4163 3.7912 0.0816
3.8872 3.4163 3.7912 0.0815
3.8872 3.4163 3.7912 0.0815
3.8872 3.4163 3.7918 0.0817
3.8872 3.4163 3.7925 0.0819
3.8872 3.4163 3.7925 0.0819
3.8872 3.4163 3.7934 0.0822
3.8872 3.4163 3.7934 0.0822
3.8872 3.4163 3.7934 0.0822
3.8872 3.4163 3.7938 0.0824
3.8872 3.4163 3.7938 0.0824
3.8872 3.4163 3.7943 0.0827
3.8872 3.4163 3.7943 0.0827
3.8872 3.4163 3.7943 0.0827
3.8872 3.4163 3.7944 0.0827
3.8872 3.4163 3.7946 0.0829
3.8872 3.4163 3.7946 0.0829
3.8872 3.4163 3.7946 0.0829
3.8872 3.4163 3.7946 0.0829
3.9219 3.4163 3.7967 0.0845
3.9219 3.4163 3.7975 0.0848
3.9219 3.4163 3.7978 0.0850
3.9219 3.4163 3.7979 0.0850
3.9219 3.4163 3.7979 0.0850
3.9219 3.4163 3.7988 0.0852
3.9219 3.4163 3.7988 0.0852
3.9219 3.4163 3.7995 0.0855
3.9219 3.4163 3.7995 0.0855
3.9219 3.4163 3.7995 0.0855
3.9219 3.4163 3.7998 0.0859
3.9219 3.4163 3.8001 0.0861
3.9219 3.4163 3.8009 0.0859
3.9219 3.4163 3.8017 0.0862
3.9219 3.4163 3.8017 0.0862
3.9219 3.4163 3.8017 0.0862
3.9219 3.4163 3.8017 0.0862
3.9219 3.4163 3.8024 0.0864
3.9219 3.4163 3.8025 0.0864
3.9219 3.4163 3.8025 0.0864
3.9219 3.4163 3.8025 0.0864
3.9219 3.4163 3.8032 0.0867
3.9219 3.4163 3.8032 0.0867
3.9219 3.4163 3.8042 0.0871
3.9219 3.4163 3.8047 0.0872
3.9219 3.4163 3.8050 0.0872
3.9219 3.4163 3.8050 0.0872
3.9219 3.4163 3.8053 0.0871
3.9219 3.4163 3.8053 0.0871
3.9219 3.4163 3.8057 0.0873
3.9219 3.4163 3.8066 0.0873
3.9219 3.4163 3.8066 0.0873
3.9219 3.4163 3.8066 0.0873
3.9219 3.4163 3.8066 0.0873
3.9219 3.4163 3.8066 0.0873
4.0201 3.4163 3.8082 0.0897
4.0201 3.4163 3.8090 0.0898
4.0201 3.4163 3.8093 0.0899
4.0201 3.4163 3.8093 0.0899
4.0201 3.4163 3.8109 0.0906
4.0201 3.4163 3.8109 0.0906
4.0201 3.4163 3.8123 0.0912
4.0201 3.4163 3.8123 0.0912
4.0201 3.4163 3.8128 0.0913
4.0201 3.4163 3.8139 0.0915
4.0201 3.4163 3.8142 0.0915
4.0201 3.4163 3.8142 0.0915
4.0201 3.4163 3.8143 0.0914
4.0201 3.4163 3.8143 0.0914
4.0201 3.4163 3.8143 0.0914
4.0201 3.4163 3.8143 0.0914
4.0201 3.4163 3.8153 0.0916
4.0201 3.4163 3.8154 0.0917
4.0201 3.4163 3.8156 0.0916
4.0201 3.4163 3.8157 0.0916
4.0201 3.4163 3.8164 0.0917
4.0245 3.4163 3.8180 0.0939
4.0245 3.4163 3.8180 0.0939
4.0245 3.4163 3.8192 0.0937
4.0245 3.4163 3.8192 0.0937
4.0245 3.4163 3.8237 0.0846
4.0245 3.4163 3.8238 0.0846
4.0245 3.4163 3.8238 0.0846
4.0245 3.4163 3.8238 0.0846
4.0245 3.4163 3.8238 0.0846
4.0245 3.4163 3.8238 0.0846
4.0245 3.4163 3.8238 0.0846
4.0245 3.4163 3.8246 0.0847
4.0245 3.4163 3.8277 0.0748
4.0245 3.4163 3.8280 0.0748
4.0245 3.4163 3.8280 0.0748
4.0245 3.4163 3.8283 0.0749
4.0245 3.4163 3.8285 0.0751
4.1020 3.4163 3.8310 0.0798
4.1020 3.4163 3.8311 0.0798
4.1020 3.4163 3.8313 0.0796
4.1020 3.4163 3.8317 0.0795
4.1020 3.4163 3.8317 0.0795
4.1020 3.4163 3.8317 0.0795
4.1020 3.4163 3.8319 0.0796
4.1020 3.4163 3.8319 0.0796
4.1020 3.4163 3.8320 0.0797
4.1020 3.4163 3.8330 0.0796
4.1020 3.4163 3.8333 0.0798
4.1020 3.4163 3.8333 0.0798
4.1020 3.4163 3.8333 0.0798
4.1020 3.4163 3.8333 0.0798
4.1020 3.4163 3.8336 0.0797
4.1020 3.4163 3.8336 0.0797
4.1020 3.4163 3.8336 0.0797
4.1020 3.4163 3.8336 0.0798
4.1020 3.4163 3.8361 0.0769
4.1020 3.4163 3.8363 0.0768
4.1020 3.4163 3.8363 0.0768
4.1020 3.4163 3.8363 0.0768
4.1020 3.4163 3.8367 0.0764
4.1020 3.4163 3.8375 0.0767
4.1020 3.4163 3.8375 0.0767
4.1020 3.4163 3.8376 0.0764
4.1020 3.4163 3.8376 0.0764
4.1020 3.4163 3.8381 0.0766
4.1020 3.4163 3.8381 0.0766
4.1020 3.4163 3.8381 0.0766
4.1020 3.4163 3.8381 0.0766
4.1020 3.4163 3.8381 0.0766
4.1020 3.4163 3.8393 0.0765
4.1020 3.4163 3.8396 0.0767
4.1020 3.4163 3.8396 0.0767
4.1020 3.4163 3.8396 0.0767
4.1020 3.4163 3.8400 0.0765
4.1020 3.4163 3.8400 0.0765
4.1020 3.4163 3.8400 0.0765
4.1020 3.4163 3.8401 0.0763
4.1020 3.4163 3.8401 0.0763
4.1020 3.4163 3.8401 0.0763
4.1020 3.4163 3.8408 0.0762
4.1020 3.4163 3.8416 0.0763
4.1020 3.4163 3.8416 0.0763
4.1020 3.4163 3.8422 0.0767
4.1020 3.4163 3.8422 0.0767
4.1255 3.4163 3.8424 0.0775
4.1255 3.4163 3.8424 0.0775
4.1255 3.4163 3.8424 0.0775
4.1255 3.4163 3.8425 0.0775
4.1255 3.4163 3.8436 0.0774
4.1255 3.4163 3.8436 0.0774
4.1255 3.4163 3.8447 0.0772
4.1255 3.4163 3.8447 0.0772
4.1255 3.4163 3.8447 0.0772
4.1255 3.4163 3.8452 0.0774
4.1255 3.4163 3.8465 0.0768
4.1255 3.4163 3.8475 0.0764
4.1255 3.4163 3.8477 0.0763
4.1255 3.4163 3.8477 0.0763
4.1255 3.4163 3.8480 0.0764
4.1255 3.4163 3.8480 0.0764
4.1255 3.4163 3.8480 0.0764
4.1255 3.4163 3.8482 0.0766
4.1255 3.4163 3.8482 0.0766
4.1255 3.4163 3.8487 0.0763
4.1255 3.4163 3.8487 0.0763
4.1255 3.4163 3.8492 0.0760
4.1255 3.4163 3.8492 0.0760
4.1255 3.4163 3.8501 0.0763
4.1255 3.4163 3.8501 0.0763
4.1255 3.4163 3.8505 0.0760
4.1255 3.4163 3.8507 0.0761
4.1255 3.4163 3.8507 0.0761
4.1255 3.4163 3.8507 0.0761
4.1255 3.6277 3.8552 0.0623
4.1255 3.6277 3.8552 0.0623
4.1255 3.6277 3.8555 0.0624
4.1255 3.6277 3.8555 0.0624
4.1255 3.6277 3.8555 0.0624
4.1255 3.6277 3.8555 0.0624
4.1255 3.6277 3.8555 0.0624
4.1255 3.6277 3.8555 0.0624
4.1255 3.6277 3.8564 0.0613
4.1255 3.6277 3.8564 0.0613
4.1255 3.6277 3.8564 0.0613
4.1255 3.6277 3.8584 0.0620
4.1255 3.6277 3.8584 0.0620
4.1255 3.6277 3.8588 0.0619
4.1255 3.6277 3.8588 0.0619
4.1255 3.6277 3.8589 0.0619
4.1255 3.6277 3.8589 0.0619
4.1255 3.6277 3.8595 0.0616
4.1255 3.6277 3.8601 0.0609
4.1255 3.6277 3.8601 0.0609
4.1255 3.6277 3.8612 0.0598
4.1255 3.6277 3.8619 0.0595
4.1255 3.6277 3.8625 0.0598
4.1255 3.6277 3.8625 0.0598
4.1255 3.6277 3.8625 0.0598
4.1255 3.6277 3.8625 0.0598
4.1255 3.6277 3.8625 0.0598
4.1255 3.6277 3.8625 0.0598
4.1255 3.6277 3.8625 0.0598
4.1255 3.6277 3.8631 0.0599
4.1255 3.6277 3.8631 0.0599
4.1255 3.6277 3.8631 0.0599
4.1255 3.6277 3.8631 0.0599
4.1255 3.6277 3.8640 0.0593
4.1255 3.6277 3.8640 0.0593
4.1255 3.6277 3.8641 0.0592
4.1255 3.6277 3.8647 0.0592
4.1255 3.6277 3.8647 0.0592
4.1255 3.6277 3.8647 0.0592
4.1255 3.6277 3.8647 0.0592
4.1255 3.6277 3.8651 0.0593
4.1255 3.6277 3.8662 0.0594
4.1255 3.6277 3.8662 0.0594
4.1255 3.6277 3.8662 0.0594
4.1255 3.6277 3.8663 0.0594
4.1255 3.6277 3.8663 0.0594
4.1255 3.6277 3.8663 0.0594
4.1255 3.6277 3.8663 0.0594
4.1255 3.6277 3.8663 0.0594
4.1255 3.6277 3.8670 0.0592
4.1255 3.6277 3.8672 0.0589
4.1255 3.6277 3.8672 0.0589
4.1255 3.6277 3.8672 0.0589
4.1255 3.6277 3.8674 0.0587
4.1255 3.6277 3.8674 0.0587
4.1255 3.6277 3.8674 0.0587
4.1255 3.6326 3.8674 0.0585
4.1255 3.7201 3.8693 0.0538
4.1255 3.7201 3.8693 0.0538
4.1255 3.7201 3.8699 0.0535
4.1255 3.7201 3.8711 0.0528
4.1255 3.7201 3.8711 0.0528
4.1255 3.7201 3.8718 0.0525
4.1255 3.7201 3.8730 0.0518
4.1255 3.7201 3.8730 0.0518
4.1255 3.7201 3.8734 0.0518
4.1255 3.7201 3.8738 0.0520
4.1255 3.7201 3.8742 0.0519
4.1255 3.7201 3.8745 0.0520
4.1255 3.7201 3.8748 0.0520
4.1255 3.7201 3.8748 0.0520
4.1255 3.7201 3.8765 0.0555
4.1255 3.7201 3.8765 0.0555
4.1255 3.7201 3.8782 0.0587
4.1255 3.7201 3.8782 0.0587
4.1255 3.7201 3.8782 0.0587
4.1255 3.7201 3.8787 0.0584
4.1255 3.7201 3.8789 0.0584
4.1255 3.7201 3.8793 0.0584
4.1255 3.7201 3.8794 0.0584
4.1255 3.7201 3.8822 0.0608
4.1255 3.7201 3.8822 0.0608
4.1255 3.7201 3.8822 0.0608
4.1255 3.7201 3.8822 0.0608
4.1255 3.7201 3.8823 0.0608
4.1255 3.7201 3.8848 0.0654
4.1255 3.7201 3.8852 0.0649
4.1255 3.7201 3.8856 0.0649
4.1255 3.7201 3.8856 0.0648
4.1255 3.7201 3.8877 0.0683
4.1255 3.7201 3.8877 0.0683
4.1255 3.7201 3.8896 0.0713
4.1255 3.7201 3.8926 0.0706
4.1255 3.7201 3.8926 0.0706
4.1255 3.7770 3.8940 0.0685
4.1255 3.7770 3.8948 0.0683
4.1255 3.7770 3.8974 0.0720
4.1255 3.7770 3.8974 0.0720
4.1255 3.7770 3.8980 0.0732
4.1255 3.7770 3.8980 0.0732
4.1255 3.7770 3.8986 0.0732
4.1255 3.7770 3.8986 0.0732
4.1255 3.7770 3.8990 0.0732
4.1255 3.7770 3.8990 0.0732
4.1255 3.7770 3.8997 0.0728
4.1255 3.7770 3.8997 0.0728
4.1255 3.7770 3.8997 0.0728
4.1255 3.7770 3.9005 0.0724
4.1255 3.7770 3.9007 0.0728
4.1255 3.7770 3.9010 0.0725
4.1255 3.7770 3.9010 0.0725
4.1255 3.7770 3.9016 0.0724
4.1255 3.7770 3.9016 0.0724
4.1255 3.7770 3.9018 0.0724
4.1255 3.7770 3.9018 0.0724
4.1255 3.7770 3.9018 0.0724
4.1255 3.7770 3.9038 0.0751
4.1255 3.7770 3.9038 0.0751
4.1255 3.7770 3.9038 0.0751
4.1255 3.7770 3.9045 0.0747
4.1255 3.7770 3.9045 0.0747
4.1255 3.7770 3.9045 0.0747
4.1255 3.7770 3.9045 0.0747
4.1255 3.7770 3.9045 0.0747
4.1255 3.7770 3.9045 0.0747
4.1255 3.7770 3.9045 0.0747
4.1255 3.7770 3.9046 0.0747
4.1255 3.7770 3.9046 0.0747
4.1255 3.7770 3.9046 0.0747
4.1255 3.7770 3.9050 0.0747
4.1255 3.7770 3.9058 0.0742
4.1255 3.7770 3.9058 0.0742
4.1255 3.7770 3.9058 0.0742
4.1255 3.7770 3.9059 0.0742
4.1255 3.7770 3.9061 0.0740
4.1255 3.7770 3.9064 0.0739
4.1255 3.7770 3.9071 0.0739
4.1255 3.7770 3.9071 0.0739
4.1255 3.7770 3.9071 0.0739
4.1255 3.7770 3.9094 0.0763
4.1255 3.7770 3.9094 0.0763
4.1255 3.7770 3.9094 0.0763
4.1255 3.7770 3.9094 0.0763
4.1255 3.7770 3.9115 0.0765
4.1255 3.7770 3.9115 0.0765
4.1255 3.7770 3.9115 0.0765
4.1255 3.7770 3.9123 0.0759
4.1255 3.7770 3.9123 0.0759
4.1255 3.7770 3.9123 0.0759
4.1255 3.7770 3.9123 0.0759
4.1255 3.7770 3.9123 0.0759
4.1255 3.7770 3.9128 0.0755
4.1255 3.7770 3.9128 0.0755
4.1255 3.7770 3.9131 0.0754
4.1255 3.7770 3.9131 0.0754
4.1255 3.7770 3.9132 0.0753
4.1255 3.7770 3.9132 0.0753
4.1255 3.7770 3.9136 0.0752
4.1255 3.7770 3.9136 0.0752
4.1255 3.7770 3.9136 0.0752
4.1255 3.7770 3.9136 0.0752
4.1255 3.7770 3.9137 0.0752
4.1255 3.7770 3.9137 0.0752
4.1255 3.7770 3.9137 0.0752
4.1255 3.7770 3.9137 0.0752
4.1255 3.7770 3.9137 0.0752
4.1255 3.7770 3.9137 0.0752
4.1255 3.7770 3.9138 0.0751
4.1255 3.7770 3.9139 0.0751
4.1255 3.7770 3.9141 0.0751
4.1255 3.7770 3.9153 0.0749
4.1255 3.7770 3.9153 0.0749
4.1255 3.7770 3.9153 0.0749
4.1255 3.7770 3.9153 0.0749
4.1255 3.7770 3.9153 0.0749
4.1255 3.7770 3.9155 0.0747
4.1255 3.7770 3.9155 0.0747
4.1255 3.7770 3.9155 0.0747
4.1255 3.7770 3.9160 0.0744
4.1255 3.7770 3.9160 0.0744
4.1255 3.7770 3.9160 0.0744
4.1255 3.7770 3.9160 0.0744
4.1255 3.7770 3.9160 0.0744
4.1255 3.7770 3.9192 0.0774
4.1255 3.7770 3.9206 0.0779
4.1255 3.7770 3.9206 0.0779
4.1255 3.7770 3.9207 0.0779
4.1255 3.7770 3.9208 0.0779
4.1255 3.7770 3.9210 0.0777
4.1255 3.7770 3.9234 0.0796
4.1255 3.7770 3.9234 0.0796
4.1255 3.7770 3.9263 0.0816
4.1255 3.7770 3.9268 0.0812
4.1315 3.7770 3.9268 0.0814
4.1315 3.7770 3.9268 0.0814
4.1315 3.7770 3.9268 0.0814
4.1315 3.7770 3.9268 0.0814
4.1315 3.7770 3.9268 0.0814
4.1315 3.7770 3.9287 0.0821
4.1315 3.7770 3.9311 0.0836
4.1315 3.7770 3.9311 0.0836
4.1315 3.7770 3.9332 0.0855
4.1315 3.7770 3.9350 0.0850
4.1315 3.7770 3.9373 0.0851
4.1315 3.7770 3.9385 0.0854
4.1315 3.7770 3.9385 0.0854
4.1315 3.7770 3.9387 0.0853
4.1389 3.7770 3.9419 0.0886
4.1389 3.7770 3.9419 0.0886
4.1389 3.7770 3.9419 0.0886
4.1389 3.7770 3.9419 0.0886
4.1389 3.7770 3.9419 0.0886
4.1389 3.7770 3.9419 0.0886
4.1389 3.7770 3.9419 0.0886
4.1389 3.7770 3.9419 0.0886
4.1389 3.7770 3.9419 0.0886
4.1389 3.7770 3.9419 0.0886
4.1389 3.7770 3.9419 0.0886
4.1389 3.7770 3.9437 0.0894
4.1389 3.7770 3.9437 0.0895
4.1389 3.7770 3.9437 0.0895
4.1389 3.7770 3.9443 0.0892
4.1389 3.7770 3.9443 0.0892
4.1389 3.7770 3.9461 0.0905
4.1389 3.7770 3.9462 0.0905
4.1389 3.7770 3.9462 0.0905
4.1389 3.7770 3.9462 0.0905
4.1389 3.7770 3.9462 0.0905
4.1389 3.7770 3.9487 0.0920
4.1389 3.7770 3.9489 0.0919
4.1389 3.7770 3.9489 0.0919
4.1389 3.7770 3.9497 0.0918
4.1389 3.7770 3.9497 0.0918
4.1389 3.7770 3.9518 0.0930
4.1389 3.7770 3.9543 0.0944
4.1389 3.7770 3.9567 0.0951
4.1389 3.7770 3.9567 0.0951
4.1389 3.7770 3.9570 0.0949
4.1389 3.7770 3.9570 0.0949
4.1389 3.7770 3.9570 0.0949
4.1389 3.7770 3.9573 0.0946
4.1389 3.7770 3.9594 0.0956
4.1389 3.7770 3.9594 0.0956
4.1389 3.7770 3.9594 0.0956
4.1389 3.7770 3.9597 0.0961
4.1389 3.7770 3.9597 0.0961
4.1389 3.7770 3.9597 0.0960
4.1389 3.7770 3.9597 0.0960
4.1389 3.7770 3.9597 0.0960
4.1389 3.7770 3.9597 0.0960
4.1389 3.7770 3.9618 0.0969
4.2401 3.7770 3.9629 0.0994
4.2401 3.7770 3.9629 0.0994
4.2401 3.7770 3.9647 0.1002
4.2401 3.7770 3.9660 0.1026
4.2401 3.7770 3.9660 0.1026
4.2401 3.7770 3.9663 0.1030
4.2401 3.7770 3.9663 0.1030
4.2401 3.7770 3.9663 0.1030
4.2401 3.7770 3.9663 0.1030
4.2401 3.7770 3.9663 0.1030
4.2401 3.7770 3.9679 0.1036
4.2401 3.7770 3.9679 0.1036
4.2401 3.7770 3.9679 0.1036
4.2401 3.7770 3.9680 0.1036
4.2401 3.7770 3.9689 0.1037
4.2401 3.7770 3.9689 0.1037
4.2401 3.7770 3.9695 0.1044
4.2401 3.7770 3.9695 0.1044
4.2401 3.7770 3.9695 0.1044
4.2401 3.7770 3.9695 0.1044
4.2401 3.7770 3.9697 0.1041
4.2401 3.7770 3.9697 0.1041
4.2401 3.7770 3.9701 0.1040
4.2401 3.7770 3.9701 0.1040
4.2401 3.7770 3.9701 0.1040
4.2401 3.7770 3.9707 0.1036
4.2401 3.7770 3.9708 0.1035
4.2401 3.7770 3.9708 0.1035
4.2401 3.7770 3.9708 0.1035
4.2401 3.7770 3.9708 0.1035
4.2401 3.7770 3.9716 0.1033
4.2401 3.7770 3.9716 0.1033
4.2401 3.7770 3.9739 0.1037
4.2401 3.7770 3.9741 0.1040
4.2401 3.7770 3.9741 0.1040
4.2401 3.7770 3.9743 0.1039
4.2401 3.7770 3.9743 0.1039
4.2401 3.7770 3.9747 0.1036
4.2401 3.7770 3.9756 0.1048
4.2401 3.7770 3.9767 0.1063
4.2401 3.7770 3.9767 0.1063
4.2401 3.7770 3.9767 0.1063
4.2401 3.7770 3.9779 0.1059
4.2401 3.7770 3.9779 0.1059
4.2401 3.7770 3.9779 0.1059
4.2401 3.7770 3.9779 0.1059
4.2401 3.7892 3.9794 0.1041
4.2401 3.7892 3.9797 0.1041
4.2401 3.7892 3.9797 0.1041
4.2401 3.7892 3.9797 0.1041
4.2401 3.7892 3.9797 0.1040
4.2401 3.7892 3.9797 0.1040
4.2401 3.7892 3.9797 0.1040
4.2401 3.7892 3.9797 0.1040
4.2401 3.7892 3.9812 0.1043
4.2401 3.7892 3.9812 0.1043
4.2401 3.7892 3.9812 0.1043
4.2401 3.7892 3.9833 0.1046
4.2401 3.7892 3.9858 0.1050
4.2401 3.7892 3.9858 0.1050
4.2401 3.7892 3.9871 0.1072
4.2401 3.7892 3.9871 0.1072
4.2401 3.7892 3.9871 0.1072
4.2401 3.7892 3.9874 0.1077
4.2401 3.7892 3.9887 0.1072
4.2401 3.7892 3.9887 0.1072
4.2401 3.7892 3.9887 0.1072
4.2401 3.7892 3.9894 0.1084
4.2401 3.7892 3.9907 0.1079
4.2401 3.7892 3.9907 0.1079
4.2401 3.7892 3.9918 0.1083
4.2401 3.7892 3.9926 0.1080
4.2401 3.7892 3.9944 0.1083
4.2401 3.7892 3.9944 0.1083
4.2401 3.7892 3.9946 0.1081
4.2401 3.7892 3.9963 0.1109
4.2401 3.7892 3.9965 0.1107
4.2401 3.7892 3.9965 0.1107
4.2401 3.7892 3.9996 0.1115
4.3677 3.7892 4.0009 0.1150
4.3677 3.7892 4.0009 0.1150
4.3677 3.7892 4.0032 0.1166
4.3677 3.7892 4.0032 0.1166
4.3677 3.7892 4.0046 0.1177
4.3677 3.7892 4.0052 0.1183
4.3677 3.7892 4.0052 0.1183
4.3677 3.7892 4.0067 0.1189
4.3677 3.7892 4.0067 0.1189
4.3677 3.7892 4.0067 0.1189
4.3677 3.7892 4.0067 0.1189
4.3677 3.7892 4.0067 0.1189
4.3677 3.7892 4.0067 0.1189
4.3677 3.7892 4.0069 0.1192
4.3677 3.7892 4.0069 0.1192
4.3677 3.7892 4.0090 0.1185
4.3677 3.7892 4.0090 0.1185
4.3677 3.7892 4.0090 0.1185
4.3677 3.7892 4.0098 0.1189
4.3677 3.7892 4.0098 0.1189
4.3677 3.7892 4.0122 0.1184
4.3677 3.7892 4.0137 0.1204
4.3677 3.7892 4.0137 0.1204
4.3677 3.7892 4.0137 0.1204
4.3677 3.7892 4.0137 0.1204
4.3677 3.7892 4.0165 0.1210
4.3677 3.7892 4.0184 0.1239
4.3677 3.7892 4.0207 0.1239
4.3677 3.7892 4.0215 0.1247
4.3677 3.7892 4.0215 0.1247
4.3677 3.7892 4.0228 0.1249
4.3677 3.7892 4.0228 0.1249
4.3677 3.7892 4.0228 0.1249
4.3677 3.7892 4.0228 0.1249
4.3677 3.7892 4.0238 0.1259
4.3677 3.7892 4.0239 0.1258
4.3677 3.7892 4.0258 0.1249
4.3677 3.7892 4.0268 0.1258
4.3677 3.7892 4.0270 0.1259
4.3677 3.7892 4.0271 0.1258
4.3677 3.7892 4.0273 0.1259
4.3677 3.7892 4.0273 0.1259
4.3677 3.7892 4.0273 0.1259
4.3677 3.7892 4.0276 0.1256
4.3677 3.7892 4.0290 0.1259
4.3677 3.7892 4.0290 0.1259
4.3677 3.7892 4.0290 0.1259
4.3677 3.7892 4.0293 0.1261
4.3677 3.7892 4.0316 0.1258
4.3677 3.7892 4.0322 0.1266
4.3677 3.7892 4.0339 0.1260
4.3677 3.7892 4.0339 0.1260
4.3677 3.7892 4.0339 0.1260
4.3677 3.7892 4.0339 0.1260
4.3677 3.7892 4.0339 0.1260
4.3677 3.7892 4.0339 0.1260
4.3677 3.7892 4.0359 0.1255
4.3677 3.7892 4.0369 0.1248
4.3677 3.7892 4.0373 0.1249
4.3677 3.7892 4.0373 0.1249
4.3677 3.7892 4.0373 0.1249
4.3677 3.7892 4.0373 0.1249
4.3677 3.7892 4.0373 0.1249
4.3677 3.7892 4.0393 0.1243
4.3677 3.7892 4.0413 0.1238
4.3677 3.7892 4.0413 0.1238
4.3677 3.7892 4.0433 0.1232
4.3677 3.7892 4.0441 0.1235
4.3677 3.7892 4.0441 0.1235
4.3677 3.7892 4.0461 0.1228
4.3677 3.7892 4.0461 0.1228
4.3677 3.7892 4.0461 0.1228
4.3677 3.7892 4.0468 0.1231
4.3677 3.7892 4.0468 0.1231
4.3677 3.7892 4.0468 0.1231
4.3677 3.7892 4.0468 0.1231
4.3677 3.7892 4.0468 0.1231
4.3677 3.7892 4.0472 0.1236
4.3677 3.7892 4.0473 0.1237
4.3677 3.7892 4.0483 0.1245
4.3677 3.7892 4.0486 0.1248
4.3677 3.7892 4.0503 0.1270
4.3677 3.7892 4.0504 0.1270
4.3677 3.7892 4.0504 0.1270
4.3677 3.7892 4.0504 0.1270
4.3677 3.7892 4.0514 0.1270
4.3677 3.7892 4.0531 0.1272
4.3677 3.7892 4.0538 0.1265
4.3677 3.7892 4.0550 0.1258
4.3677 3.7892 4.0550 0.1258
4.3677 3.7892 4.0551 0.1257
4.3677 3.7892 4.0551 0.1257
4.3677 3.7892 4.0551 0.1257
4.3677 3.7892 4.0551 0.1257
4.3677 3.7892 4.0551 0.1257
4.3677 3.7892 4.0551 0.1257
4.3677 3.7892 4.0563 0.1256
4.3677 3.8565 4.0599 0.1230
4.3677 3.8565 4.0599 0.1230
4.3677 3.8565 4.0619 0.1221
4.3677 3.8565 4.0651 0.1221
4.3677 3.8565 4.0653 0.1222
4.3677 3.8565 4.0671 0.1215
4.3677 3.8565 4.0671 0.1215
4.3677 3.8565 4.0671 0.1215
4.3677 3.8565 4.0721 0.1235
4.3677 3.8565 4.0721 0.1235
4.3677 3.8565 4.0721 0.1235
4.3677 3.8565 4.0741 0.1223
4.3677 3.8565 4.0741 0.1223
4.3677 3.8565 4.0741 0.1223
4.3677 3.8565 4.0741 0.1223
4.3677 3.8565 4.0764 0.1215
4.3677 3.8565 4.0764 0.1215
4.3677 3.8565 4.0765 0.1216
4.3677 3.8680 4.0766 0.1214
4.3677 3.8680 4.0789 0.1207
4.3677 3.8680 4.0789 0.1207
4.3677 3.8680 4.0791 0.1207
4.3677 3.8680 4.0801 0.1213
4.3677 3.8680 4.0801 0.1213
4.3677 3.8680 4.0842 0.1241
4.3677 3.8680 4.0842 0.1241
4.3677 3.8680 4.0842 0.1241
4.3677 3.8680 4.0859 0.1255
4.3677 3.8680 4.0859 0.1255
4.3677 3.8680 4.0859 0.1255
4.3677 3.8680 4.0876 0.1280
4.3677 3.8680 4.0876 0.1280
4.3677 3.8680 4.0876 0.1280
4.3677 3.8680 4.0899 0.1268
4.3677 3.8680 4.0899 0.1268
4.3677 3.8680 4.0901 0.1269
4.3677 3.8680 4.0901 0.1269
4.3677 3.8680 4.0901 0.1269
4.3677 3.8680 4.0901 0.1269
4.3677 3.8680 4.0901 0.1269
4.3677 3.8680 4.0926 0.1262
4.3677 3.8680 4.0926 0.1262
4.3677 3.8680 4.0950 0.1248
4.3677 3.8680 4.0950 0.1248
4.3677 3.8680 4.0950 0.1248
4.3677 3.8680 4.0953 0.1249
4.3677 3.8680 4.0953 0.1249
4.3677 3.8680 4.0976 0.1234
4.3677 3.8680 4.0984 0.1237
4.3677 3.8680 4.1007 0.1265
4.3677 3.8680 4.1007 0.1265
4.3677 3.8680 4.1040 0.1291
4.3677 3.8680 4.1041 0.1291
4.3677 3.8680 4.1041 0.1291
4.3677 3.8680 4.1041 0.1291
4.3677 3.8680 4.1049 0.1292
4.3677 3.8680 4.1084 0.1284
4.3677 3.8680 4.1088 0.1285
4.3677 3.8680 4.1088 0.1285
4.3677 3.8680 4.1108 0.1268
4.3677 3.8680 4.1108 0.1268
4.3677 3.8680 4.1108 0.1268
4.3677 3.8680 4.1108 0.1268
4.3677 3.8680 4.1132 0.1274
4.3677 3.8680 4.1146 0.1277
4.3677 3.8680 4.1154 0.1286
4.3677 3.8680 4.1197 0.1275
4.3677 3.8680 4.1197 0.1275
4.3677 3.8680 4.1205 0.1279
4.3677 3.8680 4.1214 0.1279
4.3677 3.8680 4.1222 0.1269
4.3677 3.8680 4.1256 0.1245
4.3677 3.8680 4.1256 0.1245
4.3677 3.8680 4.1256 0.1245
4.3677 3.8680 4.1288 0.1228
4.3677 3.8680 4.1303 0.1240
4.3677 3.8680 4.1303 0.1240
4.3677 3.8680 4.1318 0.1251
4.3677 3.8680 4.1348 0.1231
4.3677 3.8680 4.1365 0.1242
4.3677 3.8680 4.1365 0.1242
4.3677 3.8680 4.1393 0.1221
4.3677 3.8680 4.1393 0.1221
4.3677 3.8680 4.1398 0.1224
4.3677 3.8680 4.1404 0.1231
4.3677 3.8680 4.1436 0.1210
4.3677 3.8680 4.1441 0.1204
4.3677 3.8680 4.1441 0.1204
4.3677 3.8680 4.1448 0.1205
4.3677 3.8680 4.1468 0.1181
4.3677 3.8680 4.1483 0.1185
4.3677 3.8680 4.1502 0.1193
4.3677 3.8680 4.1530 0.1195
4.3677 3.8680 4.1542 0.1203
4.3677 3.8680 4.1542 0.1203
4.3677 3.8680 4.1542 0.1203
4.3677 3.8680 4.1542 0.1203
4.3677 3.8680 4.1547 0.1204
4.3677 3.8680 4.1547 0.1204
4.3677 3.8680 4.1547 0.1204
4.3677 3.8680 4.1569 0.1175
4.3677 3.8680 4.1569 0.1175
4.3677 3.8680 4.1569 0.1175
4.3677 3.8680 4.1571 0.1177
4.3677 3.8680 4.1599 0.1177
4.3677 3.8680 4.1610 0.1186
4.3677 3.8680 4.1610 0.1186
4.3677 3.8680 4.1610 0.1186
4.3677 3.8680 4.1610 0.1186
4.3677 3.8680 4.1611 0.1186
4.3677 3.8680 4.1611 0.1186
4.3677 3.8680 4.1617 0.1192
4.3677 3.8680 4.1629 0.1199
4.3677 3.8680 4.1636 0.1205
4.3677 3.8680 4.1640 0.1207
4.3677 3.8680 4.1640 0.1207
4.3677 3.8680 4.1640 0.1207
4.3677 3.8680 4.1656 0.1198
4.3677 3.8680 4.1676 0.1203
4.4046 3.8680 4.1704 0.1225
4.4046 3.8680 4.1721 0.1216
4.4046 3.8680 4.1724 0.1217
4.4046 3.8680 4.1736 0.1216
4.4046 3.8680 4.1750 0.1194
4.4046 3.8680 4.1750 0.1194
4.4046 3.8680 4.1751 0.1194
4.4046 3.8680 4.1751 0.1194
4.4046 3.8680 4.1762 0.1196
4.4046 3.8680 4.1771 0.1194
4.4046 3.8680 4.1771 0.1194
4.4046 3.8680 4.1781 0.1200
4.4046 3.8680 4.1781 0.1200
4.4046 3.8680 4.1781 0.1200
4.4046 3.8680 4.1781 0.1200
4.4046 3.8680 4.1781 0.1200
4.4046 3.8680 4.1786 0.1199
4.4046 3.8680 4.1796 0.1201
4.4046 3.8680 4.1796 0.1201
4.4046 3.8680 4.1796 0.1201
4.4046 3.8680 4.1797 0.1201
4.4046 3.8680 4.1826 0.1207
4.4046 3.8680 4.1826 0.1207
4.4046 3.8680 4.1826 0.1207
4.4046 3.8680 4.1826 0.1207
4.4046 3.8680 4.1842 0.1211
4.4046 3.8680 4.1842 0.1211
4.4046 3.8680 4.1852 0.1209
4.4046 3.8680 4.1852 0.1208
4.4046 3.8680 4.1859 0.1217
4.4046 3.8680 4.1859 0.1217
4.4046 3.8680 4.1859 0.1217
4.4046 3.8680 4.1861 0.1217
4.4046 3.8680 4.1861 0.1217
4.4046 3.8680 4.1862 0.1214
4.4046 3.8680 4.1869 0.1223
4.4046 3.8680 4.1869 0.1223
4.4046 3.8680 4.1883 0.1222
4.4046 3.8680 4.1883 0.1222
4.4046 3.8680 4.1883 0.1222
4.4046 3.8680 4.1883 0.1222
4.4046 3.8680 4.1883 0.1222
4.4046 3.8680 4.1883 0.1222
4.4046 3.8680 4.1890 0.1231
4.4046 3.8680 4.1891 0.1230
4.4046 3.8680 4.1900 0.1227
4.4046 3.8680 4.1900 0.1227
4.4046 3.8680 4.1912 0.1227
4.4046 3.8680 4.1913 0.1226
4.4046 3.8680 4.1913 0.1226
4.4046 3.8680 4.1913 0.1226
4.4046 3.8680 4.1928 0.1238
4.4046 3.8680 4.1928 0.1238
4.4046 3.8680 4.1937 0.1243
4.4046 3.8680 4.1952 0.1246
4.4046 3.8680 4.1972 0.1214
4.4046 3.8680 4.1972 0.1214
4.4046 3.8680 4.1972 0.1214
4.4046 3.8680 4.1993 0.1215
4.4046 3.8680 4.1993 0.1215
4.4046 3.8680 4.1993 0.1215
4.4046 3.8680 4.1999 0.1214
4.4046 3.8680 4.2013 0.1217
4.4046 3.8680 4.2013 0.1217
4.4046 3.8680 4.2023 0.1229
4.4046 3.8680 4.2034 0.1233
4.4046 3.8680 4.2050 0.1229
4.4046 3.8680 4.2066 0.1227
4.4046 3.8680 4.2086 0.1194
4.4046 3.8680 4.2086 0.1194
4.4046 3.8680 4.2086 0.1194
4.4046 3.8680 4.2099 0.1192
4.4046 3.8680 4.2099 0.1192
4.4046 3.8680 4.2102 0.1191
4.4046 3.8680 4.2102 0.1191
4.4046 3.8680 4.2102 0.1191
4.4046 3.8680 4.2107 0.1194
4.4046 3.8680 4.2107 0.1194
4.4046 3.8680 4.2108 0.1193
4.4046 3.8680 4.2136 0.1178
4.4046 3.8680 4.2136 0.1179
4.4046 3.8680 4.2141 0.1177
4.4046 3.8680 4.2144 0.1178
4.4046 3.8680 4.2144 0.1178
4.4046 3.8680 4.2166 0.1155
4.4046 3.8680 4.2166 0.1155
4.4046 3.8680 4.2166 0.1154
4.5728 3.8680 4.2194 0.1205
4.5728 3.8680 4.2194 0.1205
4.5728 3.8680 4.2207 0.1190
4.5728 3.8680 4.2207 0.1190
4.5728 3.8680 4.2218 0.1198
4.6063 3.8680 4.2271 0.1261
4.6063 3.8680 4.2309 0.1224
4.6063 3.8680 4.2312 0.1221
4.6063 3.8680 4.2312 0.1221
4.6063 3.8680 4.2312 0.1221
4.6063 3.8680 4.2343 0.1174
4.6063 3.8680 4.2359 0.1181
4.6063 3.8680 4.2359 0.1181
4.6063 3.8680 4.2377 0.1204
4.6063 3.8680 4.2377 0.1204
4.6063 3.8680 4.2377 0.1204
4.6063 3.8680 4.2377 0.1204
4.6063 3.8680 4.2377 0.1204
4.6063 3.8680 4.2377 0.1204
4.6063 3.8680 4.2377 0.1204
4.6063 3.8680 4.2377 0.1204
4.6063 3.8680 4.2391 0.1203
4.6063 3.8680 4.2445 0.1227
4.6063 3.8680 4.2445 0.1227
4.6063 3.8680 4.2447 0.1227
4.6063 3.8680 4.2447 0.1227
4.6063 3.8680 4.2469 0.1227
4.6063 3.8680 4.2481 0.1232
4.6063 3.8680 4.2482 0.1233
4.6063 3.8680 4.2482 0.1233
4.6063 3.8680 4.2514 0.1177
4.6063 3.8680 4.2514 0.1177
4.6063 3.8680 4.2516 0.1176
4.6063 3.8680 4.2516 0.1176
4.6063 3.8680 4.2518 0.1174
4.6063 3.8680 4.2518 0.1175
4.6063 3.8680 4.2540 0.1163
4.6063 3.8680 4.2540 0.1163
4.6063 3.8680 4.2540 0.1163
4.6063 3.8680 4.2545 0.1166
4.6063 3.8680 4.2549 0.1166
4.6063 3.8680 4.2564 0.1172
4.6063 3.8680 4.2569 0.1168
4.6063 3.8680 4.2579 0.1159
4.6063 3.8680 4.2587 0.1164
4.6063 3.8680 4.2588 0.1164
4.6063 3.8680 4.2591 0.1160
4.6063 3.8680 4.2591 0.1160
4.6063 3.8680 4.2591 0.1160
4.6063 3.8680 4.2618 0.1160
4.6063 3.8680 4.2618 0.1160
4.6063 3.8680 4.2632 0.1159
4.6063 3.8680 4.2632 0.1159
4.6063 3.8680 4.2651 0.1148
4.6063 3.8680 4.2651 0.1148
4.6063 3.8680 4.2654 0.1147
4.6063 3.8680 4.2654 0.1147
4.6063 3.8680 4.2654 0.1147
4.6063 3.8680 4.2664 0.1146
4.6063 3.8680 4.2664 0.1146
4.6063 3.8680 4.2664 0.1146
4.6063 3.8680 4.2664 0.1146
4.6063 3.8680 4.2664 0.1146
4.6063 3.8680 4.2671 0.1149
4.6063 3.8680 4.2686 0.1143
4.6063 3.8680 4.2686 0.1143
4.6063 3.8680 4.2690 0.1142
4.6063 3.8680 4.2690 0.1142
4.6063 3.8680 4.2691 0.1143
4.6063 3.8680 4.2691 0.1143
4.6063 3.8680 4.2691 0.1143
4.6063 3.8680 4.2695 0.1145
4.6063 3.8680 4.2700 0.1145
4.6063 3.8680 4.2700 0.1145
4.6063 3.8680 4.2707 0.1149
4.6063 3.8680 4.2707 0.1149
4.6063 3.8680 4.2707 0.1149
4.6063 3.8680 4.2726 0.1137
4.6063 3.8680 4.2733 0.1141
4.6063 3.8680 4.2758 0.1091
4.6063 3.8680 4.2758 0.1091
4.6063 3.8680 4.2760 0.1090
4.6063 3.8680 4.2762 0.1088
4.6063 3.8680 4.2779 0.1099
4.6063 3.8680 4.2789 0.1097
4.6063 3.8680 4.2834 0.1040
4.6063 3.8680 4.2845 0.1031
4.6063 3.8680 4.2845 0.1031
4.6063 3.8680 4.2850 0.1031
4.6063 3.8680 4.2850 0.1031
4.6063 3.8680 4.2850 0.1031
4.6063 3.8680 4.2864 0.1042
4.6063 3.8680 4.2864 0.1042
4.6063 3.8680 4.2874 0.1038
4.6063 3.8680 4.2874 0.1038
4.6063 3.8680 4.2874 0.1038
4.6063 3.8680 4.2889 0.1039
4.6063 3.8680 4.2889 0.1039
4.6063 3.8680 4.2895 0.1041
4.6063 3.8680 4.2895 0.1041
4.6063 3.8680 4.2904 0.1038
4.6063 3.8680 4.2904 0.1038
4.6063 3.8680 4.2913 0.1039
4.6063 3.8680 4.2913 0.1039
4.6063 3.8680 4.2913 0.1039
4.6063 3.8680 4.2913 0.1039
4.6063 3.8680 4.2913 0.1039
4.6063 3.8680 4.2919 0.1036
4.6063 3.8680 4.2919 0.1036
4.6063 3.8680 4.2939 0.1047
4.6063 3.8680 4.2962 0.1044
4.6063 3.8680 4.2962 0.1044
4.6063 3.8680 4.2970 0.1052
4.6063 3.8680 4.2970 0.1052
4.6063 3.8680 4.2973 0.1052
4.6063 3.8680 4.2978 0.1052
4.6063 3.8680 4.2978 0.1052
4.6063 3.8680 4.2978 0.1052
4.6063 3.8680 4.2978 0.1052
4.6063 3.8680 4.2986 0.1059
4.6063 3.8680 4.2988 0.1056
4.6063 3.8680 4.2988 0.1056
4.6063 3.8680 4.3001 0.1064
4.6063 3.8680 4.3001 0.1064
4.6063 3.8680 4.3001 0.1064
4.6063 3.8680 4.3002 0.1065
4.6063 3.8680 4.3002 0.1065
4.6063 3.8680 4.3002 0.1065
4.6063 3.8680 4.3012 0.1060
4.6063 3.8680 4.3012 0.1060
4.6063 3.8680 4.3012 0.1060
4.6063 3.8680 4.3012 0.1060
4.6063 3.8680 4.3012 0.1060
4.6063 3.8680 4.3020 0.1063
4.6063 3.8680 4.3020 0.1063
4.6063 3.8680 4.3032 0.1047
4.6063 3.8680 4.3042 0.1042
4.6063 3.8680 4.3058 0.1030
4.6063 3.8680 4.3058 0.1030
4.6063 3.8680 4.3058 0.1030
4.6063 3.8680 4.3058 0.1030
4.6063 3.8680 4.3074 0.1037
4.6063 3.8680 4.3074 0.1037
4.6063 3.8680 4.3081 0.1039
4.6063 3.8680 4.3085 0.1041
4.6063 3.8680 4.3101 0.1043
4.6063 3.8680 4.3107 0.1045
4.6063 3.8680 4.3129 0.1035
4.6063 3.8680 4.3143 0.1044
4.6063 3.8680 4.3143 0.1044
4.6063 3.8680 4.3144 0.1045
4.6063 3.8680 4.3161 0.1040
4.6063 3.8680 4.3161 0.1040
4.6063 3.8680 4.3161 0.1040
4.6063 3.8680 4.3161 0.1040
4.6276 4.1048 4.3237 0.0986
4.6276 4.1048 4.3258 0.0968
4.6276 4.1048 4.3258 0.0968
4.6276 4.1048 4.3258 0.0968
4.6276 4.1048 4.3258 0.0968
4.6276 4.1048 4.3277 0.0944
4.6276 4.1048 4.3277 0.0944
4.6276 4.1048 4.3315 0.0987
4.6276 4.1048 4.3315 0.0987
4.6276 4.1048 4.3327 0.0988
4.6276 4.1048 4.3327 0.0988
4.6276 4.1048 4.3327 0.0988
4.6276 4.1048 4.3327 0.0988
4.6276 4.1048 4.3343 0.1013
4.6276 4.1048 4.3345 0.1010
4.6276 4.1048 4.3369 0.0989
4.6276 4.1048 4.3369 0.0989
4.6276 4.1048 4.3369 0.0989
4.6276 4.1048 4.3369 0.0989
4.6276 4.1048 4.3369 0.0989
4.6276 4.1048 4.3369 0.0989
4.6276 4.1048 4.3369 0.0989
4.6276 4.1048 4.3372 0.0990
4.6276 4.1048 4.3391 0.1010
4.6276 4.1048 4.3399 0.1004
4.6276 4.1048 4.3399 0.1004
4.6276 4.1048 4.3404 0.1003
4.6276 4.1048 4.3411 0.1002
4.6276 4.1048 4.3417 0.1006
4.6276 4.1048 4.3421 0.1008
4.6276 4.1048 4.3421 0.1008
4.6276 4.1048 4.3435 0.1011
4.6276 4.1048 4.3435 0.1011
4.6276 4.1048 4.3446 0.1008
4.6276 4.1048 4.3446 0.1008
4.6276 4.1048 4.3446 0.1008
4.6276 4.1122 4.3447 0.1007
4.6276 4.1122 4.3447 0.1007
4.6276 4.1122 4.3455 0.1010
4.6276 4.1122 4.3457 0.1012
4.6276 4.1122 4.3457 0.1012
4.6276 4.1122 4.3457 0.1012
4.6276 4.1122 4.3458 0.1012
4.6276 4.1122 4.3464 0.1012
4.6276 4.1122 4.3464 0.1012
4.6276 4.1122 4.3468 0.1009
4.6276 4.1122 4.3491 0.1045
4.6276 4.1122 4.3504 0.1047
4.6276 4.1122 4.3504 0.1047
4.6276 4.1122 4.3516 0.1054
4.6276 4.1122 4.3516 0.1054
4.6276 4.1122 4.3523 0.1053
4.6276 4.1122 4.3546 0.1045
4.6276 4.1122 4.3560 0.1051
4.6276 4.1122 4.3560 0.1051
4.6276 4.1122 4.3574 0.1043
4.6276 4.1122 4.3574 0.1043
4.6276 4.1122 4.3575 0.1043
4.6276 4.1122 4.3595 0.1074
4.6276 4.1122 4.3607 0.1067
4.6276 4.1122 4.3607 0.1067
4.6276 4.1122 4.3614 0.1070
4.6276 4.1122 4.3614 0.1070
4.6276 4.1122 4.3622 0.1069
4.6276 4.1122 4.3622 0.1069
4.6276 4.1122 4.3622 0.1069
4.6276 4.1122 4.3622 0.1069
4.6276 4.1122 4.3622 0.1069
4.6276 4.1122 4.3622 0.1069
4.6276 4.1122 4.3622 0.1069
4.6276 4.1122 4.3622 0.1069
4.6276 4.1122 4.3630 0.1072
4.6276 4.1122 4.3630 0.1072
4.6276 4.1122 4.3652 0.1061
4.6276 4.1256 4.3677 0.1030
4.6276 4.1256 4.3677 0.1030
4.6276 4.1315 4.3681 0.1021
4.6276 4.1315 4.3684 0.1021
4.6276 4.1315 4.3684 0.1021
4.6276 4.1315 4.3684 0.1021
4.6276 4.1315 4.3684 0.1021
4.6276 4.1315 4.3684 0.1021
4.6276 4.1315 4.3684 0.1021
4.6433 4.1315 4.3690 0.1034
4.6433 4.1315 4.3690 0.1034
4.6433 4.1315 4.3690 0.1034
4.6433 4.1315 4.3690 0.1034
4.6433 4.1315 4.3690 0.1034
4.6433 4.1315 4.3711 0.1026
4.6433 4.1315 4.3711 0.1026
4.6433 4.1315 4.3734 0.1013
4.6433 4.1315 4.3734 0.1013
4.6433 4.1315 4.3739 0.1014
4.6433 4.1315 4.3745 0.1018
4.6433 4.1315 4.3745 0.1018
4.6433 4.1315 4.3745 0.1018
4.6433 4.1315 4.3745 0.1018
4.6433 4.1315 4.3747 0.1019
4.6433 4.1315 4.3757 0.1022
4.6433 4.1315 4.3766 0.1017
4.6433 4.1315 4.3780 0.1006
4.6433 4.1315 4.3806 0.1036
4.6433 4.1679 4.3823 0.1009
4.6433 4.1679 4.3824 0.1009
4.6433 4.1679 4.3841 0.1010
4.6433 4.1679 4.3848 0.1011
4.6433 4.1679 4.3848 0.1011
4.6433 4.1679 4.3855 0.1007
4.6433 4.1679 4.3856 0.1008
4.6433 4.1679 4.3858 0.1009
4.6433 4.1679 4.3858 0.1009
4.6433 4.1679 4.3862 0.1011
4.6433 4.1679 4.3862 0.1011
4.6433 4.1679 4.3879 0.0993
4.6433 4.1679 4.3879 0.0993
4.6433 4.1679 4.3889 0.0995
4.6433 4.1679 4.3896 0.1001
4.6433 4.1679 4.3896 0.1001
4.6433 4.1679 4.3896 0.1001
4.6433 4.1679 4.3896 0.1001
4.6433 4.1679 4.3901 0.1002
4.6433 4.1679 4.3901 0.1002
4.6433 4.1679 4.3901 0.1002
4.6433 4.1679 4.3915 0.0993
4.6433 4.1679 4.3917 0.0993
4.6433 4.1679 4.3917 0.0993
4.6433 4.1679 4.3917 0.0993
4.6433 4.1679 4.3928 0.0989
4.6433 4.1679 4.3928 0.0989
4.6433 4.1679 4.3929 0.0989
4.6433 4.1679 4.3935 0.0991
4.6433 4.1679 4.3935 0.0991
4.6433 4.1679 4.3935 0.0991
4.6433 4.1679 4.3935 0.0990
4.6433 4.1679 4.3935 0.0990
4.6433 4.1679 4.3936 0.0990
4.6433 4.1679 4.3953 0.1000
4.6433 4.1679 4.3961 0.1001
4.6433 4.1679 4.3989 0.1030
4.6433 4.1679 4.3989 0.1030
4.6433 4.1679 4.3989 0.1030
4.6433 4.1679 4.3999 0.1016
4.6433 4.1679 4.3999 0.1015
4.6433 4.1679 4.4015 0.1012
4.6433 4.1679 4.4028 0.0989
4.6433 4.1679 4.4028 0.0989
4.6433 4.1679 4.4045 0.1009
4.6433 4.1679 4.4058 0.1004
4.6433 4.1679 4.4058 0.1004
4.6433 4.1679 4.4072 0.0999
4.6433 4.1679 4.4084 0.0993
4.6433 4.1679 4.4087 0.0991
4.6433 4.1679 4.4087 0.0991
4.6433 4.1679 4.4087 0.0991
4.6433 4.1679 4.4087 0.0991
4.6433 4.1679 4.4087 0.0991
4.6433 4.1679 4.4087 0.0991
4.6433 4.1679 4.4092 0.0992
4.6433 4.1679 4.4097 0.0993
4.6433 4.1679 4.4100 0.0996
4.6433 4.1679 4.4101 0.0996
4.6433 4.1679 4.4107 0.0995
4.6433 4.1679 4.4107 0.0995
4.6433 4.1679 4.4115 0.0990
4.6433 4.1679 4.4115 0.0990
4.6433 4.1679 4.4121 0.0989
4.6433 4.1679 4.4121 0.0989
4.6433 4.1679 4.4121 0.0989
4.6433 4.1679 4.4121 0.0989
4.6433 4.1679 4.4121 0.0989
4.6433 4.1679 4.4122 0.0989
4.6433 4.1990 4.4141 0.0960
4.6433 4.1990 4.4141 0.0960
4.6433 4.1990 4.4142 0.0960
4.6433 4.1990 4.4142 0.0960
4.6433 4.1990 4.4158 0.0954
4.6433 4.1990 4.4167 0.0954
4.6433 4.1990 4.4167 0.0954
4.6433 4.1990 4.4167 0.0954
4.6433 4.1990 4.4167 0.0954
4.6433 4.1990 4.4193 0.0937
4.6433 4.1990 4.4193 0.0937
4.6433 4.1990 4.4194 0.0937
4.6433 4.1990 4.4194 0.0937
4.6433 4.1990 4.4194 0.0937
4.6433 4.1990 4.4194 0.0937
4.6433 4.1990 4.4195 0.0937
4.6433 4.1990 4.4195 0.0937
4.6433 4.1990 4.4195 0.0937
4.6433 4.1990 4.4195 0.0937
4.6433 4.1990 4.4197 0.0938
4.6433 4.1990 4.4217 0.0912
4.6433 4.1990 4.4220 0.0910
4.6433 4.1990 4.4220 0.0910
4.6433 4.1990 4.4220 0.0910
4.6433 4.1990 4.4244 0.0936
4.6433 4.1990 4.4250 0.0938
4.6433 4.1990 4.4262 0.0938
4.6433 4.1990 4.4262 0.0938
4.6433 4.1990 4.4282 0.0932
4.6433 4.1990 4.4282 0.0932
4.6433 4.1990 4.4282 0.0932
4.6433 4.1990 4.4282 0.0932
4.6433 4.1990 4.4285 0.0933
4.6433 4.1990 4.4312 0.0956
4.6433 4.1990 4.4315 0.0956
4.6433 4.1990 4.4315 0.0956
4.6433 4.1990 4.4315 0.0956
4.6433 4.1990 4.4318 0.0955
4.6433 4.1990 4.4318 0.0955
4.6433 4.1990 4.4318 0.0955
4.6433 4.1990 4.4327 0.0953
4.6433 4.1990 4.4327 0.0953
4.6433 4.1990 4.4330 0.0951
4.6433 4.1990 4.4330 0.0951
4.6433 4.1990 4.4330 0.0951
4.6433 4.1990 4.4332 0.0951
4.6433 4.1990 4.4333 0.0951
4.6433 4.1990 4.4339 0.0949
4.6433 4.1990 4.4353 0.0940
4.6433 4.1990 4.4358 0.0940
4.6433 4.1990 4.4358 0.0940
4.6433 4.1990 4.4366 0.0946
4.6433 4.1990 4.4366 0.0946
4.6433 4.1990 4.4366 0.0946
4.6433 4.1990 4.4366 0.0946
4.6433 4.1990 4.4369 0.0947
4.6433 4.1990 4.4369 0.0947
4.6433 4.1990 4.4369 0.0947
4.6433 4.1990 4.4369 0.0947
4.6433 4.1990 4.4371 0.0945
4.6433 4.1990 4.4371 0.0945
4.6433 4.1990 4.4372 0.0945
4.6433 4.1990 4.4378 0.0943
4.6433 4.1990 4.4378 0.0943
4.6433 4.1990 4.4387 0.0928
4.6433 4.1990 4.4387 0.0928
4.6433 4.1990 4.4387 0.0928
4.6433 4.1990 4.4387 0.0928
4.6433 4.1990 4.4387 0.0928
4.6433 4.1990 4.4393 0.0926
4.6433 4.1990 4.4393 0.0926
4.6433 4.1990 4.4393 0.0926
4.6433 4.1990 4.4414 0.0941
4.6433 4.1990 4.4437 0.0951
4.6433 4.1990 4.4439 0.0950
4.6433 4.1990 4.4452 0.0960
4.6433 4.1990 4.4465 0.0958
4.6433 4.2719 4.4491 0.0926
4.6433 4.2719 4.4497 0.0924
4.6433 4.2719 4.4497 0.0924
4.6433 4.2719 4.4512 0.0926
4.6433 4.2719 4.4514 0.0930
4.6433 4.2719 4.4514 0.0930
4.6433 4.2719 4.4515 0.0930
4.6433 4.2719 4.4515 0.0930
4.6433 4.2719 4.4524 0.0926
4.6433 4.2719 4.4524 0.0926
4.6433 4.2719 4.4531 0.0922
4.6433 4.2719 4.4531 0.0922
4.6433 4.2719 4.4535 0.0924
4.6433 4.2719 4.4535 0.0924
4.6433 4.2719 4.4535 0.0924
4.6433 4.2719 4.4535 0.0924
4.6433 4.2719 4.4539 0.0920
4.6433 4.2719 4.4548 0.0916
4.6433 4.2719 4.4554 0.0915
4.6433 4.2719 4.4554 0.0915
4.6433 4.2719 4.4578 0.0905
4.6433 4.2719 4.4578 0.0905
4.6433 4.2719 4.4585 0.0907
4.6433 4.2719 4.4597 0.0902
4.6433 4.2719 4.4597 0.0902
4.6433 4.2719 4.4597 0.0902
4.6433 4.2719 4.4597 0.0902
4.6433 4.2719 4.4603 0.0900
4.6433 4.2719 4.4621 0.0913
4.6433 4.2719 4.4621 0.0913
4.6433 4.2719 4.4621 0.0913
4.6433 4.2719 4.4621 0.0913
4.6433 4.2719 4.4651 0.0908
4.6433 4.2719 4.4651 0.0908
4.6433 4.2719 4.4651 0.0908
4.6433 4.2719 4.4659 0.0901
4.6433 4.2719 4.4660 0.0903
4.6433 4.2719 4.4660 0.0903
4.6433 4.2719 4.4662 0.0903
4.6433 4.2719 4.4662 0.0903
4.6433 4.2719 4.4662 0.0903
4.6433 4.2719 4.4662 0.0903
4.6433 4.2719 4.4670 0.0913
4.6433 4.2719 4.4670 0.0913
4.6433 4.2719 4.4670 0.0913
4.6433 4.2973 4.4691 0.0892
4.6433 4.2973 4.4706 0.0908
4.6433 4.2973 4.4707 0.0907
4.6433 4.2973 4.4725 0.0891
4.6433 4.2973 4.4726 0.0891
4.6433 4.2973 4.4729 0.0891
4.6433 4.2973 4.4736 0.0893
4.6433 4.2973 4.4736 0.0893
4.6433 4.2973 4.4748 0.0903
4.6433 4.2973 4.4752 0.0904
4.6433 4.2973 4.4752 0.0904
4.6433 4.2973 4.4752 0.0904
4.6433 4.2973 4.4761 0.0915
4.6433 4.2973 4.4770 0.0916
4.6433 4.2973 4.4777 0.0918
4.6433 4.2973 4.4794 0.0931
4.6433 4.2973 4.4803 0.0917
4.6433 4.2973 4.4804 0.0917
4.6433 4.2973 4.4804 0.0917
4.6433 4.2973 4.4804 0.0917
4.6433 4.2973 4.4804 0.0917
4.6433 4.2973 4.4804 0.0917
4.6433 4.2973 4.4804 0.0917
4.6433 4.2973 4.4807 0.0916
4.6433 4.2973 4.4811 0.0915
4.6433 4.2973 4.4816 0.0913
4.6433 4.2973 4.4816 0.0913
4.6433 4.2973 4.4831 0.0895
4.6433 4.2973 4.4836 0.0899
4.6433 4.2973 4.4849 0.0901
4.6433 4.2973 4.4855 0.0899
4.6433 4.2973 4.4863 0.0892
4.6433 4.2973 4.4865 0.0891
4.6433 4.2973 4.4876 0.0887
4.6433 4.2973 4.4876 0.0887
4.6433 4.2973 4.4876 0.0887
4.6433 4.2973 4.4879 0.0886
4.6433 4.2973 4.4879 0.0886
4.6433 4.2973 4.4879 0.0886
4.6433 4.2973 4.4880 0.0886
4.6433 4.2973 4.4895 0.0881
4.6433 4.2973 4.4895 0.0881
4.6433 4.2973 4.4898 0.0880
4.6433 4.2973 4.4898 0.0880
4.6433 4.2973 4.4898 0.0880
4.6433 4.2973 4.4911 0.0871
4.6475 4.2973 4.4939 0.0878
4.6475 4.2973 4.4939 0.0878
4.6475 4.2973 4.4944 0.0875
4.6475 4.2973 4.4955 0.0887
4.6475 4.2973 4.4956 0.0887
4.6475 4.2973 4.4968 0.0893
4.6475 4.2973 4.4968 0.0893
4.6475 4.2973 4.4968 0.0893
4.6475 4.2973 4.4969 0.0894
4.6475 4.2973 4.4980 0.0876
4.6475 4.2973 4.4982 0.0875
4.6475 4.2973 4.4982 0.0875
4.6475 4.2973 4.4982 0.0875
4.6475 4.2973 4.4982 0.0875
4.6475 4.2973 4.4989 0.0874
4.6475 4.2973 4.4989 0.0874
4.6475 4.2973 4.4989 0.0874
4.6475 4.2973 4.4989 0.0874
4.6475 4.2973 4.4997 0.0883
4.6475 4.2973 4.5006 0.0874
4.6475 4.2973 4.5011 0.0865
4.6475 4.2973 4.5011 0.0865
4.6475 4.2973 4.5014 0.0864
4.6475 4.2973 4.5014 0.0864
4.6475 4.2973 4.5014 0.0864
4.6475 4.2973 4.5014 0.0864
4.6475 4.2973 4.5022 0.0863
4.6475 4.2973 4.5022 0.0863
4.6475 4.2973 4.5022 0.0863
4.6475 4.2973 4.5022 0.0863
4.6475 4.2973 4.5031 0.0862
4.6475 4.2973 4.5037 0.0856
4.6475 4.2973 4.5056 0.0863
4.6475 4.2973 4.5064 0.0862
4.6475 4.2973 4.5073 0.0853
4.6475 4.2973 4.5093 0.0857
4.6475 4.2973 4.5093 0.0857
4.6475 4.2973 4.5095 0.0857
4.6475 4.2973 4.5106 0.0867
4.6475 4.2973 4.5106 0.0867
4.6475 4.2973 4.5106 0.0867
4.6475 4.2973 4.5131 0.0869
4.6475 4.2973 4.5131 0.0869
4.6475 4.2973 4.5131 0.0869
4.6475 4.2973 4.5133 0.0869
4.6475 4.2973 4.5133 0.0869
4.6475 4.2973 4.5145 0.0868
4.6475 4.2973 4.5152 0.0865
4.6475 4.2973 4.5153 0.0864
4.6475 4.2973 4.5158 0.0864
4.6475 4.2973 4.5158 0.0864
4.6475 4.2973 4.5158 0.0864
4.6475 4.2973 4.5165 0.0858
4.6475 4.2973 4.5189 0.0830
4.6475 4.2973 4.5200 0.0821
4.6475 4.2973 4.5212 0.0830
4.6475 4.2973 4.5212 0.0830
4.6475 4.2973 4.5212 0.0830
4.6475 4.2973 4.5231 0.0835
4.6475 4.2973 4.5231 0.0835
4.6475 4.2973 4.5236 0.0837
4.6475 4.2973 4.5240 0.0842
4.6475 4.2973 4.5248 0.0840
4.6475 4.2973 4.5253 0.0845
4.6475 4.2973 4.5256 0.0840
4.6475 4.2973 4.5262 0.0839
4.6475 4.2973 4.5273 0.0838
4.6475 4.2973 4.5273 0.0838
4.6475 4.2973 4.5280 0.0839
4.6475 4.2973 4.5280 0.0839
4.6475 4.2973 4.5286 0.0845
4.6475 4.2973 4.5286 0.0845
4.6475 4.2973 4.5286 0.0845
4.6475 4.2973 4.5286 0.0845
4.6475 4.2973 4.5286 0.0845
4.6475 4.2973 4.5286 0.0845
4.6475 4.2973 4.5306 0.0844
4.6475 4.2973 4.5306 0.0844
4.6475 4.2973 4.5306 0.0844
4.6475 4.2973 4.5307 0.0844
4.6475 4.2973 4.5307 0.0844
4.6475 4.2973 4.5311 0.0841
4.6475 4.2973 4.5311 0.0841
4.6475 4.2973 4.5311 0.0841
4.6475 4.2973 4.5311 0.0841
4.6475 4.2973 4.5327 0.0847
4.6475 4.2973 4.5327 0.0847
4.6475 4.2973 4.5327 0.0847
4.6475 4.2973 4.5327 0.0847
4.6595 4.2973 4.5341 0.0859
4.6595 4.2973 4.5355 0.0865
4.6595 4.2973 4.5356 0.0865
4.6595 4.2973 4.5356 0.0865
4.6595 4.2973 4.5356 0.0865
4.6595 4.2973 4.5364 0.0861
4.6595 4.2973 4.5364 0.0861
4.6595 4.2973 4.5373 0.0856
4.6595 4.2973 4.5398 0.0850
4.6595 4.2973 4.5398 0.0850
4.6595 4.2973 4.5398 0.0850
4.6595 4.2973 4.5398 0.0850
4.6595 4.2973 4.5398 0.0850
4.6595 4.2973 4.5412 0.0848
4.6595 4.2973 4.5412 0.0848
4.6595 4.2973 4.5412 0.0848
4.6595 4.2973 4.5413 0.0848
4.6595 4.2973 4.5413 0.0848
4.6595 4.2973 4.5413 0.0848
4.6595 4.2973 4.5413 0.0848
4.6595 4.2973 4.5418 0.0849
4.6595 4.2973 4.5420 0.0848
4.6595 4.2973 4.5422 0.0846
4.6595 4.2973 4.5424 0.0846
4.6595 4.2973 4.5424 0.0846
4.6595 4.2973 4.5424 0.0846
4.6595 4.2973 4.5440 0.0850
4.6595 4.2973 4.5441 0.0852
4.6595 4.2973 4.5441 0.0852
4.6595 4.2973 4.5457 0.0841
4.6595 4.2973 4.5457 0.0841
4.6595 4.2973 4.5464 0.0837
4.6595 4.2973 4.5464 0.0837
4.6595 4.2973 4.5464 0.0837
4.6595 4.2973 4.5477 0.0840
4.6595 4.2973 4.5478 0.0839
4.6595 4.2973 4.5478 0.0839
4.6595 4.2973 4.5479 0.0838
4.6595 4.2973 4.5480 0.0837
4.6595 4.2973 4.5486 0.0840
4.6595 4.2973 4.5486 0.0840
4.6595 4.2973 4.5490 0.0841
4.6595 4.2973 4.5490 0.0841
4.6595 4.2973 4.5490 0.0841
4.6595 4.2973 4.5490 0.0841
4.6595 4.2973 4.5502 0.0838
4.6595 4.2973 4.5511 0.0841
4.6595 4.2973 4.5521 0.0840
4.6595 4.2973 4.5521 0.0840
4.6595 4.2973 4.5521 0.0840
4.6595 4.2973 4.5521 0.0840
4.6595 4.2973 4.5523 0.0842
4.6595 4.2973 4.5523 0.0842
4.6595 4.2973 4.5523 0.0842
4.6595 4.2973 4.5523 0.0842
4.6607 4.2973 4.5524 0.0844
4.6607 4.2973 4.5546 0.0830
4.6607 4.2973 4.5547 0.0831
4.6607 4.2973 4.5547 0.0831
4.6607 4.2973 4.5547 0.0831
4.6607 4.2973 4.5547 0.0831
4.6607 4.2973 4.5555 0.0825
4.6607 4.2973 4.5555 0.0825
4.6607 4.2973 4.5564 0.0822
4.6607 4.2973 4.5564 0.0822
4.6607 4.2973 4.5564 0.0822
4.6607 4.2973 4.5564 0.0822
4.6607 4.2973 4.5564 0.0822
4.6607 4.2973 4.5564 0.0822
4.6607 4.2973 4.5564 0.0822
4.6607 4.2973 4.5581 0.0823
4.6607 4.2973 4.5593 0.0829
4.6607 4.2973 4.5602 0.0821
4.6607 4.2973 4.5602 0.0821
4.6607 4.2973 4.5612 0.0823
4.6607 4.2973 4.5612 0.0823
4.6607 4.2973 4.5613 0.0823
4.6607 4.2973 4.5618 0.0827
4.6607 4.2973 4.5618 0.0827
4.6607 4.2973 4.5618 0.0827
4.6607 4.2973 4.5618 0.0827
4.6607 4.2973 4.5633 0.0821
4.6607 4.2973 4.5633 0.0821
4.6607 4.2973 4.5633 0.0821
4.6607 4.2973 4.5633 0.0821
4.6607 4.2973 4.5652 0.0815
4.6607 4.2973 4.5658 0.0815
4.6607 4.2973 4.5658 0.0815
4.6607 4.2973 4.5660 0.0813
4.6607 4.2973 4.5660 0.0813
4.6607 4.2973 4.5660 0.0813
4.6607 4.2973 4.5660 0.0813
4.6607 4.2973 4.5662 0.0815
4.6607 4.2973 4.5662 0.0815
4.6607 4.2973 4.5666 0.0816
4.6607 4.2973 4.5666 0.0816
4.6607 4.2973 4.5666 0.0816
4.6771 4.2973 4.5676 0.0823
4.6771 4.2973 4.5676 0.0823
4.6771 4.2973 4.5676 0.0823
4.6771 4.2973 4.5684 0.0823
4.6771 4.2973 4.5684 0.0823
4.6771 4.2973 4.5701 0.0811
4.6771 4.2973 4.5701 0.0811
4.6771 4.2973 4.5705 0.0806
4.6771 4.2973 4.5718 0.0804
4.6771 4.2973 4.5724 0.0805
4.6771 4.2973 4.5724 0.0805
4.6771 4.2973 4.5724 0.0805
4.6771 4.2973 4.5729 0.0801
4.6771 4.2973 4.5729 0.0801
4.6771 4.2973 4.5729 0.0801
4.6771 4.2973 4.5729 0.0801
4.6771 4.2973 4.5729 0.0801
4.6771 4.2973 4.5729 0.0801
4.6771 4.2973 4.5740 0.0790
4.6771 4.2973 4.5740 0.0790
4.6771 4.2973 4.5743 0.0786
4.6771 4.2973 4.5743 0.0786
4.6771 4.2973 4.5743 0.0786
4.6771 4.2973 4.5743 0.0786
4.6771 4.2973 4.5749 0.0788
4.6771 4.2973 4.5757 0.0782
4.6771 4.2973 4.5760 0.0781
4.6771 4.2973 4.5760 0.0781
4.6771 4.2973 4.5760 0.0781
4.6771 4.2973 4.5778 0.0735
4.6771 4.2973 4.5778 0.0735
4.6771 4.2973 4.5778 0.0735
4.6771 4.2973 4.5778 0.0735
4.6771 4.2973 4.5778 0.0735
4.6771 4.2973 4.5778 0.0735
4.6771 4.2973 4.5778 0.0735
4.6771 4.2973 4.5778 0.0735
4.6771 4.2973 4.5778 0.0735
4.6771 4.2973 4.5778 0.0735
4.6771 4.2973 4.5793 0.0733
4.6771 4.2973 4.5793 0.0733
4.6771 4.2973 4.5795 0.0734
4.6771 4.2973 4.5795 0.0734
4.6771 4.2973 4.5797 0.0736
4.6771 4.2973 4.5808 0.0738
4.6771 4.2973 4.5823 0.0737
4.6771 4.2973 4.5825 0.0739
4.6771 4.2973 4.5825 0.0739
4.6771 4.2973 4.5827 0.0740
4.6771 4.2973 4.5827 0.0740
4.6771 4.2973 4.5827 0.0740
4.6771 4.2973 4.5827 0.0740
4.6771 4.2973 4.5827 0.0740
4.6771 4.2973 4.5827 0.0740
4.6771 4.2973 4.5845 0.0730
4.6771 4.2973 4.5856 0.0731
4.6771 4.2973 4.5856 0.0731
4.6771 4.2973 4.5865 0.0731
4.6771 4.2973 4.5878 0.0727
4.6771 4.2973 4.5884 0.0726
4.6771 4.2973 4.5884 0.0726
4.6771 4.2973 4.5884 0.0726
4.6771 4.2973 4.5890 0.0728
4.6771 4.2973 4.5890 0.0729
4.6771 4.2973 4.5912 0.0717
4.6771 4.2973 4.5912 0.0717
4.6771 4.2973 4.5914 0.0716
4.6771 4.2973 4.5919 0.0713
4.6771 4.2973 4.5919 0.0713
4.6771 4.2973 4.5919 0.0713
4.6771 4.2973 4.5919 0.0713
4.6771 4.2973 4.5919 0.0713
4.6771 4.2973 4.5919 0.0713
4.6771 4.2973 4.5919 0.0713
4.6771 4.2973 4.5919 0.0713
4.6771 4.2973 4.5919 0.0713
4.6771 4.2973 4.5919 0.0713
4.6771 4.2973 4.5935 0.0707
4.6771 4.2973 4.5935 0.0707
4.6771 4.2973 4.5938 0.0707
4.6771 4.2973 4.5942 0.0708
4.6771 4.2973 4.5947 0.0707
4.6771 4.2973 4.5956 0.0706
4.6771 4.2973 4.5963 0.0699
4.6771 4.3720 4.5997 0.0632
4.6771 4.3720 4.5997 0.0632
4.6771 4.3720 4.5998 0.0631
4.6771 4.3720 4.6000 0.0633
4.6771 4.3720 4.6015 0.0619
4.6771 4.3720 4.6017 0.0620
4.6771 4.3720 4.6017 0.0620
4.6771 4.3720 4.6017 0.0620
4.6771 4.3720 4.6017 0.0620
4.6771 4.3720 4.6018 0.0616
4.6771 4.3720 4.6024 0.0615
4.6771 4.3720 4.6024 0.0615
4.6771 4.3720 4.6026 0.0614
4.6771 4.3720 4.6026 0.0614
4.6771 4.3720 4.6026 0.0614
4.6771 4.3720 4.6032 0.0617
4.6771 4.3720 4.6034 0.0618
4.6771 4.3720 4.6034 0.0618
4.6771 4.3720 4.6036 0.0618
4.6771 4.3720 4.6038 0.0619
4.6771 4.3720 4.6043 0.0621
4.6771 4.3720 4.6044 0.0622
4.6771 4.3720 4.6048 0.0624
4.6771 4.3720 4.6048 0.0624
4.6771 4.3720 4.6048 0.0624
4.6771 4.3720 4.6048 0.0624
4.6771 4.3720 4.6053 0.0625
4.6771 4.3720 4.6053 0.0625
4.6771 4.3720 4.6053 0.0625
4.6771 4.3720 4.6053 0.0625
4.6771 4.3720 4.6053 0.0625
4.6771 4.3720 4.6053 0.0625
4.6771 4.3720 4.6053 0.0625
4.6771 4.3720 4.6058 0.0621
4.6771 4.3720 4.6058 0.0621
4.6771 4.3720 4.6058 0.0621
4.6771 4.4547 4.6084 0.0576
4.6771 4.4547 4.6084 0.0576
4.6771 4.4547 4.6084 0.0576
4.6771 4.4547 4.6096 0.0575
4.6771 4.4547 4.6096 0.0575
4.6771 4.4547 4.6098 0.0577
4.6771 4.4547 4.6098 0.0577
4.6771 4.4547 4.6098 0.0577
4.6771 4.4547 4.6102 0.0577
4.6771 4.4547 4.6102 0.0577
4.6771 4.4547 4.6104 0.0579
4.6771 4.4547 4.6104 0.0579
4.6771 4.4547 4.6106 0.0580
4.6771 4.4547 4.6106 0.0580
4.6771 4.4547 4.6110 0.0576
4.6771 4.4547 4.6110 0.0576
4.6771 4.4547 4.6112 0.0577
4.6771 4.4547 4.6123 0.0573
4.6771 4.4547 4.6125 0.0574
4.6771 4.4547 4.6125 0.0574
4.6771 4.4547 4.6139 0.0572
4.6771 4.4547 4.6140 0.0574
4.6771 4.4547 4.6144 0.0576
4.6771 4.4547 4.6144 0.0576
4.6771 4.4547 4.6144 0.0576
4.6771 4.4547 4.6144 0.0576
4.6771 4.4547 4.6145 0.0577
4.6771 4.4547 4.6145 0.0577
4.6771 4.4547 4.6147 0.0578
4.6771 4.4547 4.6147 0.0578
4.6771 4.4547 4.6147 0.0578
4.6771 4.4547 4.6157 0.0564
4.6771 4.4547 4.6157 0.0564
4.6771 4.4547 4.6158 0.0564
4.6771 4.4547 4.6178 0.0547
4.6771 4.4547 4.6178 0.0547
4.6771 4.4547 4.6180 0.0548
4.6771 4.4547 4.6180 0.0548
4.6771 4.4547 4.6180 0.0548
4.6771 4.4547 4.6182 0.0549
4.6771 4.4547 4.6184 0.0543
4.6771 4.4547 4.6184 0.0543
4.6771 4.4547 4.6184 0.0543
4.6771 4.4547 4.6184 0.0543
4.6771 4.4547 4.6186 0.0545
4.6771 4.4547 4.6186 0.0545
4.6771 4.4547 4.6186 0.0545
4.6771 4.4547 4.6186 0.0545
4.6771 4.4547 4.6194 0.0547
4.6771 4.4547 4.6194 0.0547
4.6771 4.4547 4.6196 0.0547
4.6771 4.4547 4.6202 0.0541
4.7523 4.4547 4.6211 0.0556
4.7523 4.4547 4.6212 0.0556
4.7523 4.4547 4.6212 0.0556
4.7523 4.4547 4.6212 0.0556
4.7523 4.4547 4.6225 0.0537
4.7523 4.4547 4.6236 0.0552
4.7523 4.4547 4.6236 0.0552
4.7523 4.4547 4.6236 0.0552
4.7523 4.4547 4.6236 0.0552
4.7523 4.4547 4.6236 0.0552
4.7523 4.4547 4.6238 0.0550
4.7523 4.4547 4.6247 0.0532
4.7523 4.4547 4.6249 0.0532
4.7523 4.4547 4.6249 0.0532
4.7523 4.4547 4.6249 0.0532
4.7523 4.4547 4.6249 0.0532
4.7523 4.4661 4.6263 0.0505
4.7523 4.4661 4.6263 0.0505
4.7523 4.4661 4.6271 0.0517
4.7523 4.4661 4.6271 0.0517
4.7523 4.4661 4.6271 0.0517
4.7523 4.4661 4.6271 0.0517
4.7523 4.4661 4.6274 0.0516
4.7523 4.4661 4.6274 0.0516
4.7523 4.4661 4.6274 0.0516
4.7523 4.4661 4.6274 0.0516
4.7523 4.4661 4.6282 0.0516
4.7523 4.4661 4.6282 0.0516
4.7523 4.4661 4.6284 0.0517
4.7523 4.4661 4.6285 0.0518
4.7523 4.4661 4.6297 0.0511
4.7523 4.4661 4.6304 0.0504
4.7523 4.4661 4.6305 0.0505
4.7523 4.4661 4.6311 0.0504
4.7523 4.4661 4.6312 0.0504
4.7738 4.4661 4.6314 0.0510
4.7738 4.4661 4.6327 0.0493
4.7738 4.4661 4.6338 0.0505
4.7948 4.4661 4.6352 0.0529
4.7948 4.4661 4.6358 0.0531
4.7948 4.4661 4.6360 0.0531
4.7948 4.4661 4.6360 0.0531
4.7948 4.4661 4.6362 0.0532
4.7948 4.4661 4.6362 0.0532
4.7948 4.4661 4.6362 0.0532
4.7948 4.4661 4.6362 0.0532
4.7948 4.4661 4.6362 0.0532
4.7948 4.4763 4.6379 0.0503
4.7948 4.4763 4.6382 0.0505
4.7948 4.4763 4.6398 0.0488
4.7948 4.4763 4.6402 0.0484
4.7948 4.4763 4.6402 0.0484
4.7948 4.4763 4.6406 0.0481
4.7948 4.4763 4.6406 0.0481
4.7948 4.4763 4.6407 0.0482
4.7948 4.4763 4.6407 0.0482
4.7948 4.4763 4.6415 0.0476
4.7948 4.4763 4.6429 0.0493
4.7948 4.4763 4.6431 0.0495
4.7948 4.4763 4.6445 0.0469
4.7948 4.4763 4.6451 0.0470
4.7948 4.4763 4.6452 0.0470
4.7948 4.4763 4.6454 0.0470
4.7948 4.4763 4.6454 0.0470
4.7948 4.4763 4.6454 0.0470
4.7948 4.4763 4.6454 0.0470
4.7948 4.4763 4.6454 0.0470
4.7948 4.4763 4.6454 0.0470
4.7948 4.4763 4.6454 0.0470
4.7948 4.4763 4.6456 0.0469
4.7948 4.4763 4.6461 0.0472
4.7948 4.4763 4.6461 0.0472
4.7948 4.4763 4.6461 0.0472
4.7948 4.4763 4.6461 0.0472
4.7948 4.4763 4.6469 0.0463
4.7948 4.4763 4.6471 0.0464
4.7948 4.4763 4.6471 0.0464
4.7948 4.4763 4.6475 0.0466
4.7948 4.4763 4.6475 0.0466
4.7948 4.4763 4.6475 0.0466
4.7948 4.4763 4.6475 0.0466
4.7948 4.4763 4.6475 0.0466
4.7948 4.4763 4.6475 0.0466
4.7948 4.4763 4.6477 0.0466
4.7948 4.4763 4.6477 0.0466
4.7948 4.4763 4.6478 0.0466
4.7948 4.4763 4.6478 0.0466
4.7948 4.4763 4.6478 0.0466
4.7948 4.4763 4.6478 0.0466
4.7948 4.4763 4.6480 0.0464
4.7948 4.4763 4.6482 0.0464
4.7948 4.4763 4.6491 0.0461
4.7948 4.4763 4.6491 0.0461
4.7948 4.4852 4.6517 0.0438
4.7948 4.4852 4.6529 0.0447
4.7948 4.4852 4.6529 0.0447
4.7948 4.4852 4.6533 0.0445
4.7948 4.4852 4.6533 0.0445
4.7948 4.4852 4.6534 0.0444
4.7948 4.4852 4.6549 0.0421
4.7948 4.4852 4.6549 0.0421
4.7948 4.4852 4.6554 0.0421
4.7948 4.4852 4.6554 0.0421
4.7948 4.4852 4.6554 0.0421
4.7948 4.4852 4.6554 0.0421
4.7948 4.4852 4.6554 0.0421
4.7948 4.4852 4.6554 0.0421
4.7948 4.4852 4.6564 0.0436
4.7948 4.4852 4.6564 0.0436
4.7948 4.4852 4.6565 0.0436
4.7948 4.4852 4.6565 0.0436
4.7948 4.4852 4.6569 0.0435
4.7948 4.4852 4.6569 0.0435
4.7948 4.4852 4.6573 0.0430
4.7948 4.4852 4.6573 0.0430
4.7948 4.4852 4.6573 0.0430
4.7948 4.4852 4.6574 0.0430
4.7948 4.4852 4.6586 0.0448
4.7948 4.4852 4.6596 0.0438
4.7948 4.4852 4.6596 0.0438
4.7948 4.4852 4.6596 0.0438
4.7948 4.4852 4.6600 0.0437
4.7948 4.4852 4.6600 0.0437
4.7948 4.4852 4.6609 0.0446
4.7948 4.4852 4.6609 0.0446
4.7948 4.4852 4.6612 0.0446
4.7948 4.4852 4.6612 0.0446
4.7948 4.4852 4.6622 0.0453
4.7948 4.4852 4.6626 0.0452
4.7948 4.4852 4.6628 0.0451
4.7948 4.4852 4.6628 0.0451
4.7948 4.4852 4.6633 0.0450
4.7948 4.4852 4.6633 0.0450
4.7948 4.4852 4.6633 0.0450
4.7948 4.4852 4.6633 0.0450
4.7948 4.4852 4.6633 0.0450
4.7948 4.4852 4.6633 0.0450
4.7948 4.4852 4.6633 0.0450
4.7948 4.4852 4.6645 0.0466
4.7948 4.4852 4.6645 0.0466
4.7948 4.4852 4.6648 0.0465
4.7948 4.4852 4.6648 0.0465
4.7948 4.4852 4.6652 0.0464
4.7948 4.4852 4.6652 0.0464
4.7948 4.4852 4.6652 0.0464
4.7948 4.4852 4.6652 0.0464
4.7948 4.4852 4.6653 0.0463
4.7948 4.4852 4.6653 0.0463
4.7948 4.4852 4.6664 0.0467
4.7948 4.4852 4.6667 0.0466
4.7948 4.4852 4.6675 0.0461
4.7948 4.4852 4.6675 0.0461
4.7948 4.4852 4.6675 0.0461
4.7948 4.4852 4.6675 0.0461
4.7948 4.4852 4.6680 0.0459
4.7948 4.4852 4.6680 0.0459
4.7948 4.4852 4.6680 0.0459
4.7948 4.4852 4.6680 0.0459
4.7948 4.4852 4.6686 0.0466
4.7948 4.4852 4.6686 0.0466
4.7948 4.4852 4.6686 0.0466
4.7948 4.4852 4.6686 0.0466
4.7948 4.4852 4.6686 0.0466
4.7948 4.4852 4.6686 0.0466
4.7948 4.4852 4.6686 0.0466
4.7948 4.4852 4.6686 0.0466
4.7948 4.4852 4.6688 0.0466
4.7948 4.4852 4.6689 0.0464
4.7948 4.4852 4.6689 0.0464
4.7948 4.4852 4.6691 0.0464
4.7948 4.4852 4.6691 0.0464
4.7948 4.4852 4.6693 0.0464
4.7948 4.4852 4.6701 0.0456
4.7948 4.4852 4.6701 0.0456
4.7948 4.4852 4.6701 0.0456
4.7948 4.4852 4.6701 0.0456
4.7948 4.4852 4.6701 0.0456
4.7948 4.4852 4.6701 0.0456
4.7948 4.4852 4.6701 0.0456
4.7948 4.4852 4.6702 0.0457
4.7948 4.4852 4.6702 0.0457
4.7948 4.4852 4.6702 0.0457
4.7948 4.4852 4.6702 0.0457
4.7948 4.4852 4.6702 0.0457
4.7948 4.4852 4.6702 0.0457
4.7948 4.4852 4.6702 0.0457
4.7948 4.4852 4.6702 0.0457
4.7948 4.4852 4.6704 0.0457
4.7948 4.4852 4.6704 0.0457
4.7948 4.4852 4.6704 0.0457
4.7948 4.4852 4.6704 0.0457
4.7948 4.4852 4.6704 0.0457
4.7948 4.4852 4.6704 0.0457
4.7948 4.4852 4.6704 0.0457
4.7948 4.4852 4.6711 0.0464
4.7948 4.4852 4.6711 0.0464
4.7948 4.4852 4.6714 0.0463
4.7948 4.4852 4.6720 0.0460
4.7948 4.4852 4.6732 0.0476
4.7948 4.4852 4.6732 0.0476
4.7948 4.4852 4.6741 0.0470
4.7948 4.4852 4.6741 0.0470
4.7948 4.4852 4.6755 0.0467
4.7948 4.4852 4.6759 0.0465
4.7948 4.4852 4.6759 0.0465
4.7948 4.4852 4.6759 0.0465
4.7948 4.4852 4.6759 0.0465
4.7948 4.4852 4.6759 0.0465
4.7948 4.4852 4.6759 0.0465
4.7948 4.4852 4.6759 0.0465
4.7948 4.4852 4.6759 0.0465
4.7948 4.4852 4.6763 0.0463
4.7948 4.4852 4.6763 0.0463
4.7948 4.4852 4.6763 0.0463
4.7948 4.4852 4.6763 0.0463
4.7948 4.4852 4.6763 0.0463
4.7948 4.4852 4.6763 0.0463
4.7948 4.4852 4.6763 0.0463
4.7948 4.4852 4.6763 0.0463
4.7948 4.4852 4.6763 0.0463
4.8001 4.4852 4.6776 0.0479
4.8001 4.4852 4.6787 0.0493
4.8001 4.4852 4.6787 0.0493
4.8001 4.4852 4.6789 0.0492
4.8001 4.4852 4.6789 0.0492
4.8001 4.4852 4.6789 0.0492
4.8001 4.4852 4.6791 0.0491
4.8001 4.4852 4.6803 0.0500
4.8001 4.4852 4.6808 0.0497
4.8001 4.4852 4.6812 0.0498
4.8001 4.4852 4.6816 0.0495
4.8001 4.4852 4.6816 0.0495
4.8001 4.4852 4.6818 0.0494
4.8001 4.4852 4.6818 0.0494
4.8001 4.4852 4.6818 0.0494
4.8001 4.4852 4.6831 0.0506
4.8001 4.4852 4.6831 0.0506
4.8001 4.4852 4.6837 0.0503
4.8001 4.4852 4.6837 0.0504
4.8001 4.4852 4.6849 0.0504
4.8001 4.4852 4.6849 0.0504
4.8001 4.4852 4.6849 0.0504
4.8001 4.4852 4.6851 0.0504
4.8001 4.4852 4.6851 0.0504
4.8001 4.4852 4.6851 0.0504
4.8001 4.4852 4.6860 0.0507
4.8001 4.4852 4.6860 0.0507
4.8001 4.4852 4.6860 0.0507
4.8001 4.4852 4.6860 0.0507
4.8001 4.4852 4.6861 0.0507
4.8001 4.4852 4.6863 0.0506
4.8001 4.4852 4.6867 0.0512
4.8001 4.4852 4.6867 0.0512
4.8001 4.4852 4.6876 0.0516
4.8001 4.4852 4.6876 0.0516
4.8001 4.4852 4.6876 0.0516
4.8001 4.4852 4.6885 0.0519
4.8001 4.4852 4.6885 0.0519
4.8001 4.4852 4.6885 0.0519
4.8001 4.4852 4.6886 0.0518
4.8001 4.4852 4.6887 0.0518
4.8001 4.4852 4.6887 0.0518
4.8001 4.4852 4.6894 0.0521
4.8001 4.4852 4.6898 0.0521
4.8001 4.4852 4.6898 0.0522
4.8001 4.4852 4.6913 0.0530
4.8001 4.4852 4.6915 0.0530
4.8001 4.4852 4.6919 0.0529
4.8001 4.4852 4.6927 0.0532
4.8001 4.4852 4.6927 0.0532
4.8001 4.4852 4.6927 0.0532
4.8001 4.4852 4.6927 0.0532
4.8001 4.4852 4.6929 0.0531
4.8002 4.4852 4.6941 0.0542
4.8002 4.4852 4.6941 0.0542
4.8002 4.4852 4.6951 0.0547
4.8002 4.4852 4.6951 0.0547
4.8002 4.4852 4.6951 0.0547
4.8002 4.4852 4.6961 0.0550
4.8002 4.4852 4.6961 0.0550
4.8002 4.4852 4.6961 0.0551
4.8002 4.4852 4.6961 0.0551
4.8002 4.4852 4.6961 0.0551
4.8002 4.6234 4.6992 0.0517
4.8002 4.6234 4.6992 0.0517
4.8002 4.6234 4.6996 0.0523
4.8002 4.6234 4.7003 0.0525
4.8002 4.6234 4.7003 0.0525
4.8002 4.6234 4.7003 0.0525
4.8002 4.6234 4.7003 0.0525
4.8002 4.6234 4.7003 0.0525
4.8002 4.6234 4.7003 0.0525
4.8002 4.6234 4.7003 0.0525
4.8002 4.6234 4.7017 0.0532
4.8002 4.6234 4.7017 0.0532
4.8002 4.6234 4.7017 0.0532
4.8002 4.6234 4.7018 0.0531
4.8002 4.6234 4.7018 0.0531
4.8002 4.6234 4.7018 0.0531
4.8002 4.6234 4.7018 0.0531
4.8002 4.6234 4.7028 0.0533
4.8002 4.6234 4.7028 0.0533
4.8002 4.6234 4.7041 0.0529
4.8002 4.6234 4.7041 0.0529
4.8002 4.6306 4.7046 0.0524
4.8002 4.6306 4.7050 0.0527
4.8002 4.6306 4.7050 0.0527
4.8002 4.6306 4.7055 0.0525
4.8002 4.6306 4.7068 0.0532
4.8002 4.6306 4.7068 0.0532
4.8002 4.6306 4.7068 0.0532
4.8002 4.6306 4.7068 0.0532
4.8002 4.6306 4.7068 0.0532
4.8002 4.6306 4.7068 0.0532
4.8002 4.6306 4.7068 0.0532
4.8002 4.6306 4.7068 0.0532
4.8002 4.6306 4.7068 0.0532
4.8002 4.6306 4.7077 0.0535
4.8002 4.6306 4.7077 0.0535
4.8002 4.6306 4.7087 0.0538
4.8002 4.6306 4.7087 0.0538
4.8002 4.6306 4.7087 0.0538
4.8002 4.6306 4.7087 0.0538
4.8002 4.6306 4.7089 0.0537
4.8002 4.6306 4.7096 0.0540
4.8002 4.6306 4.7096 0.0540
4.8002 4.6306 4.7096 0.0540
4.8002 4.6306 4.7098 0.0538
4.8002 4.6306 4.7098 0.0538
4.8002 4.6306 4.7098 0.0538
4.8002 4.6306 4.7098 0.0538
4.8002 4.6306 4.7098 0.0538
4.8002 4.6306 4.7109 0.0540
4.8002 4.6306 4.7109 0.0540
4.8002 4.6306 4.7109 0.0540
4.8002 4.6306 4.7117 0.0538
4.8002 4.6306 4.7120 0.0540
4.8002 4.6306 4.7120 0.0540
4.8002 4.6306 4.7122 0.0539
4.8002 4.6306 4.7124 0.0537
4.8002 4.6306 4.7132 0.0535
4.8002 4.6306 4.7141 0.0537
4.8002 4.6306 4.7141 0.0537
4.8002 4.6306 4.7141 0.0537
4.8002 4.6306 4.7149 0.0538
4.8002 4.6306 4.7149 0.0538
4.8002 4.6306 4.7155 0.0537
4.8002 4.6306 4.7155 0.0537
4.8002 4.6306 4.7155 0.0537
4.8002 4.6306 4.7157 0.0538
4.8002 4.6306 4.7157 0.0538
4.8002 4.6306 4.7158 0.0539
4.8002 4.6323 4.7163 0.0534
4.8002 4.6323 4.7163 0.0535
4.8002 4.6323 4.7168 0.0536
4.8002 4.6323 4.7168 0.0536
4.8002 4.6323 4.7168 0.0536
4.8002 4.6323 4.7168 0.0536
4.8002 4.6323 4.7168 0.0536
4.8002 4.6323 4.7168 0.0536
4.8002 4.6323 4.7180 0.0540
4.8002 4.6323 4.7180 0.0540
4.8002 4.6323 4.7180 0.0540
4.8002 4.6323 4.7180 0.0540
4.8002 4.6323 4.7180 0.0540
4.8002 4.6323 4.7180 0.0540
4.8002 4.6323 4.7180 0.0540
4.8002 4.6323 4.7187 0.0539
4.8002 4.6323 4.7187 0.0539
4.8002 4.6323 4.7187 0.0539
4.8002 4.6323 4.7187 0.0539
4.8002 4.6323 4.7190 0.0540
4.8002 4.6323 4.7199 0.0537
4.8002 4.6323 4.7199 0.0537
4.8002 4.6323 4.7199 0.0537
4.8002 4.6323 4.7199 0.0537
4.8002 4.6323 4.7199 0.0537
4.8002 4.6323 4.7199 0.0537
4.8002 4.6323 4.7199 0.0537
4.8002 4.6323 4.7199 0.0537
4.8002 4.6323 4.7208 0.0535
4.8002 4.6323 4.7208 0.0535
4.8002 4.6323 4.7218 0.0536
4.8002 4.6323 4.7218 0.0536
4.8002 4.6323 4.7226 0.0534
4.8002 4.6323 4.7226 0.0534
4.8002 4.6323 4.7226 0.0534
4.8002 4.6323 4.7226 0.0534
4.8002 4.6323 4.7228 0.0536
4.8002 4.6323 4.7228 0.0536
4.8002 4.6323 4.7228 0.0536
4.8002 4.6323 4.7229 0.0536
4.8002 4.6323 4.7240 0.0534
4.8002 4.6323 4.7252 0.0534
4.8002 4.6323 4.7264 0.0532
4.8002 4.6323 4.7264 0.0532
4.8002 4.6323 4.7265 0.0530
4.8002 4.6323 4.7272 0.0528
4.8002 4.6323 4.7282 0.0524
4.8002 4.6323 4.7282 0.0524
4.8002 4.6323 4.7284 0.0522
4.8002 4.6323 4.7286 0.0523
4.8002 4.6323 4.7297 0.0521
4.8002 4.6323 4.7297 0.0521
4.8002 4.6323 4.7297 0.0521
4.8002 4.6323 4.7298 0.0521
4.8002 4.6323 4.7298 0.0521
4.8002 4.6323 4.7304 0.0518
4.8002 4.6323 4.7304 0.0518
4.8002 4.6323 4.7304 0.0518
4.8002 4.6323 4.7316 0.0511
4.8002 4.6323 4.7316 0.0511
4.8002 4.6323 4.7316 0.0511
4.8002 4.6323 4.7326 0.0504
4.8002 4.6323 4.7326 0.0504
4.8002 4.6323 4.7338 0.0499
4.8002 4.6323 4.7338 0.0499
4.8002 4.6323 4.7340 0.0501
4.8002 4.6323 4.7345 0.0502
4.8002 4.6323 4.7346 0.0503
4.8002 4.6323 4.7346 0.0503
4.8002 4.6323 4.7346 0.0503
4.8002 4.6323 4.7356 0.0503
4.8002 4.6323 4.7356 0.0503
4.8002 4.6323 4.7361 0.0507
4.8371 4.6323 4.7370 0.0517
4.8371 4.6323 4.7370 0.0517
4.8371 4.6323 4.7377 0.0513
4.8371 4.6323 4.7377 0.0513
4.8371 4.6323 4.7379 0.0514
4.8371 4.6323 4.7379 0.0514
4.8371 4.6323 4.7379 0.0514
4.8371 4.6323 4.7381 0.0515
4.8371 4.6323 4.7381 0.0515
4.8371 4.6323 4.7381 0.0515
4.8371 4.6323 4.7381 0.0515
4.8371 4.6323 4.7382 0.0516
4.8371 4.6323 4.7392 0.0511
4.8371 4.6323 4.7392 0.0511
4.8371 4.6323 4.7397 0.0508
4.8371 4.6323 4.7397 0.0508
4.8371 4.6323 4.7397 0.0508
4.8371 4.6323 4.7399 0.0506
4.8371 4.6323 4.7399 0.0506
4.8371 4.6323 4.7399 0.0506
4.8371 4.6323 4.7399 0.0506
4.8371 4.6323 4.7409 0.0503
4.8371 4.6323 4.7409 0.0503
4.8371 4.6323 4.7419 0.0501
4.8371 4.6323 4.7419 0.0501
4.8371 4.6323 4.7419 0.0501
4.8371 4.6323 4.7419 0.0501
4.8371 4.6323 4.7428 0.0497
4.8371 4.6323 4.7428 0.0497
4.8371 4.6323 4.7428 0.0497
4.8371 4.6323 4.7428 0.0497
4.8371 4.6323 4.7430 0.0493
4.8371 4.6323 4.7441 0.0490
4.8371 4.6323 4.7446 0.0493
4.8371 4.6323 4.7446 0.0493
4.8371 4.6323 4.7446 0.0493
4.8371 4.6323 4.7452 0.0495
4.8371 4.6323 4.7464 0.0492
4.8371 4.6323 4.7464 0.0492
4.8371 4.6323 4.7464 0.0492
4.8371 4.6323 4.7464 0.0492
4.8371 4.6323 4.7475 0.0488
4.8371 4.6323 4.7475 0.0488
4.8371 4.6323 4.7475 0.0488
4.8371 4.6323 4.7475 0.0488
4.8371 4.6323 4.7475 0.0488
4.8371 4.6323 4.7483 0.0483
4.8371 4.6323 4.7483 0.0483
4.8371 4.6323 4.7492 0.0475
4.8371 4.6323 4.7493 0.0475
4.8371 4.6323 4.7493 0.0475
4.8371 4.6323 4.7494 0.0475
4.8371 4.6323 4.7494 0.0475
4.8371 4.6323 4.7501 0.0469
4.8371 4.6323 4.7505 0.0472
4.8371 4.6323 4.7505 0.0472
4.8371 4.6323 4.7508 0.0472
4.8371 4.6323 4.7508 0.0472
4.8371 4.6323 4.7511 0.0466
4.8371 4.6323 4.7511 0.0466
4.8371 4.6323 4.7511 0.0466
4.8371 4.6323 4.7511 0.0466
4.8371 4.6328 4.7527 0.0453
4.8371 4.6328 4.7527 0.0453
4.8371 4.6328 4.7539 0.0447
4.8371 4.6328 4.7540 0.0448
4.8371 4.6328 4.7540 0.0448
4.8371 4.6328 4.7540 0.0448
4.8371 4.6328 4.7553 0.0435
4.8371 4.6328 4.7553 0.0435
4.8371 4.6328 4.7553 0.0435
4.8371 4.6328 4.7554 0.0435
4.8371 4.6328 4.7554 0.0435
4.8371 4.6328 4.7554 0.0435
4.8371 4.6328 4.7554 0.0435
4.8371 4.6328 4.7559 0.0437
4.8371 4.6328 4.7559 0.0437
4.8371 4.6328 4.7559 0.0437
4.8371 4.6328 4.7560 0.0438
4.8371 4.6328 4.7560 0.0438
4.8371 4.6328 4.7560 0.0438
4.8371 4.6328 4.7560 0.0438
4.8371 4.6328 4.7560 0.0438
4.8371 4.6328 4.7562 0.0440
4.8371 4.6328 4.7564 0.0440
4.8371 4.6328 4.7564 0.0440
4.8371 4.6328 4.7567 0.0442
4.8371 4.6328 4.7580 0.0437
4.8371 4.6328 4.7582 0.0438
4.8371 4.6328 4.7582 0.0438
4.8371 4.6328 4.7582 0.0438
4.8371 4.6328 4.7582 0.0438
4.8371 4.6328 4.7582 0.0438
4.8371 4.6328 4.7583 0.0439
4.8371 4.6328 4.7593 0.0432
4.8371 4.6328 4.7600 0.0425
4.8371 4.6328 4.7600 0.0425
4.8371 4.6328 4.7606 0.0417
4.8371 4.6328 4.7608 0.0419
4.8371 4.6328 4.7608 0.0419
4.8371 4.6328 4.7610 0.0420
4.8371 4.6328 4.7622 0.0413
4.8371 4.6328 4.7626 0.0414
4.8371 4.6328 4.7630 0.0415
4.8371 4.6328 4.7633 0.0416
4.8371 4.6328 4.7634 0.0416
4.8371 4.6328 4.7636 0.0417
4.8371 4.6328 4.7647 0.0409
4.8371 4.6328 4.7647 0.0409
4.8371 4.6328 4.7647 0.0409
4.8371 4.6328 4.7647 0.0409
4.8371 4.6328 4.7660 0.0402
4.8371 4.6328 4.7660 0.0402
4.8371 4.6328 4.7660 0.0402
4.8371 4.6328 4.7660 0.0402
4.8371 4.6328 4.7660 0.0402
4.8371 4.6328 4.7663 0.0401
4.8371 4.6328 4.7666 0.0403
4.8371 4.6328 4.7666 0.0403
4.8371 4.6328 4.7668 0.0404
4.8371 4.6328 4.7668 0.0404
4.8371 4.6328 4.7668 0.0404
4.8371 4.6328 4.7668 0.0404
4.8371 4.6328 4.7676 0.0395
4.8371 4.6328 4.7676 0.0395
4.8371 4.6328 4.7680 0.0397
4.8371 4.6328 4.7680 0.0397
4.8371 4.6328 4.7680 0.0397
4.8371 4.6328 4.7680 0.0397
4.8371 4.6328 4.7680 0.0397
4.8371 4.6328 4.7689 0.0382
4.8371 4.6328 4.7689 0.0382
4.8371 4.6328 4.7689 0.0382
4.8371 4.6328 4.7689 0.0382
4.8371 4.6328 4.7689 0.0382
4.8371 4.6328 4.7689 0.0382
4.8371 4.6328 4.7694 0.0383
4.8371 4.6328 4.7694 0.0383
4.8371 4.6328 4.7694 0.0383
4.8371 4.6328 4.7696 0.0382
4.8371 4.6328 4.7696 0.0382
4.8371 4.6328 4.7696 0.0382
4.8371 4.6328 4.7696 0.0382
4.8371 4.6328 4.7704 0.0371
4.8371 4.6328 4.7704 0.0371
4.8371 4.6328 4.7716 0.0355
4.8371 4.6328 4.7716 0.0355
4.8371 4.6328 4.7716 0.0355
4.8371 4.6328 4.7718 0.0355
4.8371 4.6328 4.7718 0.0355
4.8371 4.6328 4.7718 0.0355
4.8371 4.6328 4.7718 0.0355
4.8371 4.6328 4.7718 0.0355
4.8371 4.6328 4.7721 0.0355
4.8371 4.6328 4.7723 0.0356
4.8371 4.6328 4.7728 0.0356
4.8371 4.6328 4.7739 0.0337
4.8371 4.6328 4.7740 0.0338
4.8371 4.6328 4.7740 0.0338
4.8371 4.6328 4.7740 0.0338
4.8371 4.6328 4.7741 0.0338
4.8371 4.6328 4.7743 0.0337
4.8371 4.6328 4.7743 0.0337
4.8371 4.6328 4.7743 0.0337
4.8371 4.6328 4.7757 0.0318
4.8371 4.6328 4.7759 0.0319
4.8371 4.6328 4.7759 0.0319
4.8371 4.6328 4.7759 0.0319
4.8371 4.6328 4.7759 0.0319
4.8371 4.6328 4.7760 0.0318
4.8371 4.6328 4.7760 0.0318
4.8371 4.6328 4.7760 0.0318
4.8371 4.6328 4.7762 0.0318
4.8371 4.6328 4.7762 0.0318
4.8371 4.6328 4.7767 0.0316
4.8371 4.6328 4.7767 0.0316
4.8371 4.6328 4.7767 0.0316
4.8371 4.6328 4.7767 0.0316
4.8371 4.6328 4.7767 0.0316
4.8371 4.6328 4.7767 0.0316
4.8371 4.6328 4.7767 0.0316
4.8371 4.6328 4.7767 0.0316
4.8371 4.6328 4.7768 0.0317
4.8371 4.6328 4.7770 0.0316
4.8371 4.6328 4.7771 0.0317
4.8371 4.6328 4.7771 0.0317
4.8371 4.6328 4.7772 0.0317
4.8371 4.6328 4.7772 0.0317
4.8371 4.6328 4.7772 0.0317
4.8371 4.6328 4.7774 0.0317
4.8371 4.6328 4.7774 0.0317
4.8371 4.6328 4.7774 0.0317
4.8371 4.6328 4.7775 0.0318
4.8371 4.6328 4.7775 0.0318
4.8371 4.6328 4.7775 0.0318
4.8371 4.6328 4.7775 0.0318
4.8371 4.6328 4.7782 0.0303
4.8371 4.6328 4.7782 0.0303
4.8371 4.6328 4.7783 0.0303
4.8371 4.6328 4.7783 0.0303
4.8371 4.6328 4.7786 0.0304
4.8371 4.6328 4.7788 0.0303
4.8371 4.6328 4.7790 0.0303
4.8496 4.6328 4.7796 0.0311
4.8496 4.6328 4.7796 0.0311
4.8496 4.6328 4.7796 0.0311
4.8496 4.6328 4.7800 0.0310
4.8496 4.6328 4.7803 0.0308
4.8496 4.6328 4.7804 0.0308
4.8496 4.6328 4.7804 0.0308
4.8496 4.6328 4.7804 0.0308
4.8496 4.6328 4.7804 0.0308
4.8496 4.6328 4.7807 0.0307
4.8496 4.6328 4.7810 0.0305
4.8496 4.6328 4.7810 0.0305
4.8496 4.6328 4.7810 0.0305
4.8496 4.6328 4.7812 0.0306
4.8496 4.6328 4.7812 0.0306
4.8496 4.6328 4.7814 0.0304
4.8496 4.6328 4.7814 0.0304
4.8496 4.6328 4.7814 0.0304
4.8496 4.6328 4.7816 0.0303
4.8496 4.6328 4.7819 0.0302
4.8496 4.6328 4.7824 0.0301
4.8496 4.6328 4.7824 0.0301
4.8496 4.6328 4.7824 0.0301
4.8496 4.6328 4.7824 0.0301
4.8496 4.6328 4.7824 0.0301
4.8496 4.6328 4.7826 0.0301
4.8496 4.6328 4.7826 0.0301
4.8496 4.6328 4.7826 0.0301
4.8496 4.6328 4.7827 0.0301
4.8496 4.6328 4.7827 0.0301
4.8496 4.6328 4.7827 0.0301
4.8496 4.6328 4.7837 0.0267
4.8496 4.6328 4.7840 0.0267
4.8496 4.6328 4.7841 0.0267
4.8496 4.6328 4.7841 0.0267
4.8496 4.6328 4.7841 0.0267
4.8496 4.6328 4.7841 0.0267
4.8496 4.6328 4.7845 0.0265
4.8496 4.6328 4.7845 0.0265
4.8496 4.6328 4.7845 0.0265
4.8496 4.6328 4.7846 0.0265
4.8496 4.6328 4.7850 0.0263
4.8496 4.6328 4.7851 0.0264
4.8496 4.6328 4.7851 0.0264
4.8496 4.6328 4.7851 0.0264
4.8496 4.6328 4.7851 0.0264
4.8496 4.6328 4.7851 0.0264
4.8496 4.6771 4.7866 0.0215
4.8496 4.6771 4.7866 0.0215
4.8496 4.6771 4.7868 0.0211
4.8496 4.6771 4.7873 0.0212
4.8496 4.6771 4.7873 0.0212
4.8496 4.6771 4.7873 0.0212
4.8496 4.6771 4.7874 0.0212
4.8496 4.6771 4.7874 0.0212
4.8496 4.6771 4.7874 0.0212
4.8496 4.6771 4.7874 0.0212
4.8496 4.6771 4.7877 0.0209
4.8496 4.6771 4.7877 0.0209
4.8496 4.6771 4.7877 0.0209
4.8496 4.6771 4.7877 0.0209
4.8496 4.6771 4.7877 0.0209
4.8496 4.6771 4.7877 0.0209
4.8496 4.6771 4.7877 0.0209
4.8496 4.6771 4.7877 0.0209
4.8496 4.6771 4.7877 0.0209
4.8496 4.6771 4.7877 0.0209
4.8496 4.6771 4.7877 0.0209
4.8496 4.6771 4.7880 0.0206
4.8496 4.6771 4.7880 0.0206
4.8496 4.6771 4.7880 0.0206
4.8496 4.6771 4.7882 0.0206
4.8496 4.6771 4.7882 0.0205
4.8496 4.6771 4.7888 0.0200
4.8496 4.6771 4.7888 0.0200
4.8496 4.6771 4.7888 0.0200
4.8496 4.6771 4.7888 0.0200
4.8496 4.6771 4.7888 0.0200
4.8496 4.6771 4.7888 0.0200
4.8496 4.6771 4.7888 0.0200
4.8496 4.6771 4.7888 0.0200
4.8496 4.6771 4.7889 0.0200
4.8496 4.6771 4.7889 0.0200
4.8496 4.6771 4.7889 0.0200
4.8496 4.6771 4.7892 0.0200
4.8496 4.6771 4.7894 0.0200
4.8496 4.6771 4.7895 0.0200
4.8496 4.6771 4.7895 0.0200
4.8496 4.6771 4.7895 0.0200
4.8496 4.6771 4.7895 0.0200
4.8496 4.6771 4.7897 0.0200
4.8496 4.6771 4.7897 0.0200
4.8496 4.6771 4.7900 0.0200
4.8496 4.6771 4.7900 0.0200
4.8496 4.6771 4.7901 0.0200
4.8496 4.6771 4.7901 0.0200
4.8496 4.6771 4.7903 0.0198
4.8496 4.6771 4.7905 0.0197
4.8496 4.6771 4.7905 0.0197
4.8496 4.6771 4.7905 0.0197
4.8496 4.6771 4.7905 0.0197
4.8496 4.6771 4.7905 0.0197
4.8496 4.6771 4.7905 0.0197
4.8496 4.6771 4.7905 0.0197
4.8496 4.6771 4.7907 0.0197
4.8496 4.6771 4.7907 0.0197
4.8496 4.6771 4.7907 0.0197
4.8496 4.6771 4.7907 0.0197
4.8496 4.6771 4.7907 0.0197
4.8496 4.6771 4.7907 0.0197
4.8496 4.6771 4.7908 0.0197
4.8496 4.6771 4.7908 0.0197
4.8496 4.6771 4.7912 0.0203
4.8496 4.6771 4.7912 0.0203
4.8496 4.6771 4.7912 0.0203
4.8496 4.6771 4.7912 0.0203
4.8496 4.6771 4.7912 0.0203
4.8496 4.6771 4.7912 0.0203
4.8496 4.6771 4.7912 0.0203
4.8496 4.6771 4.7913 0.0203
4.8496 4.6771 4.7913 0.0203
4.8496 4.6771 4.7913 0.0203
4.8496 4.6771 4.7914 0.0203
4.8496 4.6771 4.7915 0.0204
4.8496 4.6771 4.7915 0.0204
4.8496 4.6771 4.7915 0.0204
4.8496 4.6771 4.7920 0.0201
4.8496 4.6771 4.7922 0.0202
4.8496 4.6771 4.7923 0.0203
4.8496 4.6771 4.7923 0.0203
4.8496 4.6771 4.7927 0.0202
4.8496 4.6771 4.7929 0.0203
4.8496 4.6771 4.7929 0.0203
4.8496 4.6771 4.7929 0.0203
4.8496 4.6771 4.7929 0.0203
4.8496 4.6771 4.7930 0.0204
4.8496 4.6771 4.7930 0.0204
4.8496 4.6771 4.7930 0.0204
4.8496 4.6771 4.7930 0.0204
4.8496 4.6771 4.7930 0.0204
4.8496 4.6771 4.7930 0.0204
4.8496 4.6771 4.7930 0.0204
4.8496 4.6771 4.7930 0.0204
4.8496 4.6771 4.7930 0.0204
4.8496 4.6771 4.7930 0.0204
4.8496 4.6771 4.7930 0.0204
4.8496 4.6771 4.7932 0.0205
4.8496 4.6771 4.7932 0.0205
4.8496 4.6771 4.7934 0.0204
4.8496 4.6771 4.7934 0.0204
4.8496 4.6771 4.7937 0.0203
4.8496 4.6771 4.7937 0.0203
4.8496 4.6771 4.7937 0.0203
4.8496 4.6771 4.7937 0.0203
4.8496 4.6771 4.7937 0.0203
4.8496 4.6771 4.7938 0.0203
4.8496 4.6771 4.7938 0.0203
4.8496 4.6771 4.7940 0.0204
4.8523 4.6771 4.7948 0.0210
4.8523 4.6771 4.7949 0.0211
4.8523 4.6771 4.7949 0.0211
4.8523 4.6771 4.7949 0.0211
4.8523 4.6771 4.7949 0.0211
4.8523 4.6771 4.7949 0.0211
4.8523 4.6771 4.7949 0.0211
4.8523 4.6771 4.7949 0.0211
4.8523 4.6771 4.7949 0.0211
4.8523 4.6771 4.7949 0.0211
4.8523 4.6771 4.7949 0.0211
4.8523 4.6771 4.7949 0.0211
4.8523 4.6771 4.7949 0.0211
4.8523 4.6771 4.7949 0.0211
4.8523 4.6771 4.7952 0.0212
4.8523 4.6771 4.7952 0.0212
4.8523 4.6771 4.7952 0.0212
4.8523 4.6771 4.7952 0.0212
4.8523 4.6771 4.7952 0.0212
4.8523 4.6771 4.7952 0.0212
4.8523 4.6771 4.7952 0.0212
4.8523 4.6771 4.7952 0.0212
4.8523 4.6771 4.7952 0.0212
4.8523 4.6771 4.7952 0.0212
4.8523 4.6771 4.7959 0.0215
4.8523 4.6771 4.7959 0.0215
4.8523 4.6771 4.7959 0.0215
4.8523 4.6771 4.7959 0.0215
4.8523 4.6771 4.7959 0.0215
4.8523 4.6771 4.7963 0.0214
4.8523 4.6771 4.7963 0.0214
4.8523 4.6771 4.7963 0.0214
4.8523 4.6771 4.7963 0.0214
4.8523 4.6771 4.7963 0.0214
4.8523 4.6771 4.7963 0.0214
4.8523 4.6771 4.7963 0.0214
4.8523 4.6771 4.7967 0.0217
4.8523 4.6771 4.7970 0.0217
4.8523 4.6771 4.7970 0.0217
4.8679 4.6771 4.7975 0.0228
4.8679 4.6771 4.7975 0.0228
4.8679 4.6771 4.7975 0.0228
4.8679 4.6771 4.7975 0.0228
4.8679 4.6771 4.7975 0.0228
4.8679 4.6771 4.7975 0.0228
4.8679 4.6771 4.7977 0.0229
4.8679 4.6771 4.7977 0.0229
4.8679 4.6771 4.7977 0.0229
4.8679 4.6771 4.7977 0.0229
4.8679 4.6771 4.7978 0.0229
4.8679 4.6771 4.7978 0.0229
4.8679 4.6771 4.7978 0.0229
4.8679 4.6771 4.7981 0.0227
4.8679 4.6771 4.7988 0.0238
4.8679 4.6771 4.7988 0.0238
4.8679 4.6771 4.7988 0.0238
4.8679 4.6771 4.7988 0.0238
4.8679 4.6771 4.7990 0.0237
4.8679 4.6771 4.7990 0.0237
4.8679 4.6771 4.7991 0.0237
4.8679 4.6771 4.7991 0.0237
4.8679 4.6771 4.7996 0.0232
4.8679 4.6771 4.7996 0.0232
4.8679 4.6771 4.7996 0.0232
4.8679 4.6771 4.7997 0.0232
4.8679 4.6771 4.7997 0.0232
4.8679 4.6771 4.7997 0.0232
4.8679 4.6771 4.7997 0.0232
4.8679 4.6771 4.7997 0.0232
4.8679 4.6771 4.7997 0.0232
4.8679 4.6771 4.7997 0.0232
4.8679 4.6771 4.7997 0.0232
4.8679 4.6771 4.7999 0.0231
4.8679 4.6771 4.7999 0.0231
4.8679 4.6771 4.8001 0.0232
4.8679 4.6771 4.8006 0.0227
4.8679 4.6771 4.8006 0.0227
4.8679 4.6771 4.8006 0.0227
4.8679 4.7472 4.8018 0.0190
4.8679 4.7472 4.8018 0.0190
4.8679 4.7472 4.8018 0.0190
4.8679 4.7472 4.8018 0.0190
4.8679 4.7472 4.8018 0.0190
4.8679 4.7472 4.8018 0.0190
4.8679 4.7472 4.8019 0.0190
4.8679 4.7472 4.8019 0.0190
4.8679 4.7472 4.8027 0.0194
4.8679 4.7472 4.8028 0.0194
4.8679 4.7472 4.8030 0.0193
4.8679 4.7472 4.8030 0.0193
4.8679 4.7472 4.8034 0.0191
4.8679 4.7472 4.8034 0.0191
4.8679 4.7472 4.8034 0.0191
4.8679 4.7472 4.8034 0.0191
4.8679 4.7472 4.8035 0.0189
4.8679 4.7472 4.8036 0.0189
4.8679 4.7472 4.8036 0.0189
4.8679 4.7472 4.8036 0.0189
4.8679 4.7472 4.8037 0.0189
4.8679 4.7472 4.8041 0.0187
4.8679 4.7472 4.8041 0.0187
4.8679 4.7472 4.8042 0.0187
4.8679 4.7472 4.8043 0.0187
4.8679 4.7472 4.8043 0.0187
4.8679 4.7472 4.8043 0.0187
4.8679 4.7472 4.8043 0.0187
4.8679 4.7472 4.8043 0.0187
4.8679 4.7472 4.8043 0.0187
4.8679 4.7472 4.8043 0.0187
4.8679 4.7472 4.8043 0.0187
4.8679 4.7472 4.8043 0.0187
4.8679 4.7472 4.8043 0.0187
4.8679 4.7472 4.8043 0.0187
4.8679 4.7472 4.8045 0.0187
4.8679 4.7472 4.8045 0.0187
4.8780 4.7472 4.8046 0.0191
4.8780 4.7472 4.8046 0.0191
4.8780 4.7472 4.8046 0.0191
4.8780 4.7472 4.8048 0.0192
4.8780 4.7472 4.8048 0.0192
4.8780 4.7472 4.8049 0.0192
4.8780 4.7472 4.8049 0.0192
4.8780 4.7472 4.8049 0.0192
4.8780 4.7472 4.8049 0.0192
4.8780 4.7472 4.8049 0.0192
4.8780 4.7472 4.8049 0.0192
4.8780 4.7472 4.8049 0.0192
4.8780 4.7472 4.8049 0.0192
4.8780 4.7472 4.8053 0.0194
4.8780 4.7472 4.8055 0.0195
4.8780 4.7472 4.8055 0.0195
4.8780 4.7472 4.8061 0.0188
4.8780 4.7472 4.8061 0.0188
4.8780 4.7472 4.8061 0.0188
4.8780 4.7472 4.8061 0.0188
4.8780 4.7472 4.8064 0.0190
4.8780 4.7472 4.8064 0.0190
4.8780 4.7472 4.8064 0.0190
4.8780 4.7472 4.8064 0.0190
4.8780 4.7472 4.8064 0.0190
4.8780 4.7472 4.8064 0.0190
4.8780 4.7472 4.8065 0.0190
4.8780 4.7472 4.8065 0.0190
4.8780 4.7472 4.8065 0.0190
4.8780 4.7472 4.8065 0.0190
4.8780 4.7472 4.8065 0.0190
4.8780 4.7472 4.8069 0.0187
4.8780 4.7472 4.8069 0.0187
4.8780 4.7472 4.8069 0.0187
4.8780 4.7472 4.8069 0.0187
4.8780 4.7472 4.8069 0.0187
4.8780 4.7472 4.8069 0.0187
4.8780 4.7472 4.8069 0.0187
4.8780 4.7472 4.8070 0.0187
4.8780 4.7472 4.8070 0.0187
4.8780 4.7472 4.8070 0.0187
4.8780 4.7472 4.8070 0.0187
4.8780 4.7472 4.8070 0.0187
4.8780 4.7472 4.8071 0.0187
4.8780 4.7472 4.8071 0.0187
4.8780 4.7472 4.8071 0.0187
4.8780 4.7472 4.8075 0.0189
4.8780 4.7472 4.8075 0.0189
4.8780 4.7472 4.8075 0.0189
4.8780 4.7472 4.8075 0.0189
4.8780 4.7472 4.8075 0.0189
4.8780 4.7472 4.8075 0.0189
4.8780 4.7472 4.8075 0.0189
4.8780 4.7472 4.8075 0.0189
4.8780 4.7472 4.8075 0.0189
4.8780 4.7472 4.8075 0.0189
4.8780 4.7472 4.8075 0.0189
4.8780 4.7472 4.8080 0.0193
4.8780 4.7472 4.8080 0.0193
4.8780 4.7472 4.8080 0.0193
4.8780 4.7472 4.8082 0.0193
4.8780 4.7472 4.8082 0.0193
4.8780 4.7472 4.8082 0.0193
4.8780 4.7472 4.8082 0.0193
4.8780 4.7472 4.8084 0.0192
4.8780 4.7472 4.8085 0.0192
4.8780 4.7472 4.8089 0.0192
4.8780 4.7472 4.8089 0.0192
4.8780 4.7472 4.8089 0.0191
4.8780 4.7472 4.8089 0.0191
4.8780 4.7472 4.8089 0.0191
4.8780 4.7472 4.8090 0.0190
4.8780 4.7472 4.8092 0.0190
4.8780 4.7472 4.8092 0.0190
4.8780 4.7472 4.8095 0.0190
4.8780 4.7472 4.8095 0.0190
4.8780 4.7472 4.8095 0.0190
4.8780 4.7472 4.8095 0.0190
4.8780 4.7472 4.8095 0.0190
4.8780 4.7472 4.8095 0.0190
4.8780 4.7472 4.8099 0.0192
4.8780 4.7472 4.8101 0.0192
4.8780 4.7472 4.8101 0.0192
4.8780 4.7472 4.8101 0.0192
4.8780 4.7472 4.8101 0.0192
4.8780 4.7472 4.8102 0.0191
4.8780 4.7472 4.8102 0.0191
4.8780 4.7472 4.8103 0.0191
4.8780 4.7472 4.8103 0.0191
4.8780 4.7472 4.8103 0.0191
4.8780 4.7472 4.8107 0.0187
4.8780 4.7472 4.8107 0.0187
4.8780 4.7472 4.8107 0.0187
4.8780 4.7472 4.8107 0.0187
4.8780 4.7472 4.8107 0.0187
4.8780 4.7472 4.8107 0.0187
4.8780 4.7472 4.8107 0.0187
4.8780 4.7472 4.8107 0.0187
4.8780 4.7472 4.8116 0.0197
4.8780 4.7472 4.8116 0.0197
4.8780 4.7472 4.8116 0.0197
4.8780 4.7472 4.8116 0.0197
4.8780 4.7695 4.8121 0.0187
4.8780 4.7695 4.8122 0.0188
4.8780 4.7695 4.8122 0.0188
4.8780 4.7695 4.8122 0.0188
4.8780 4.7695 4.8122 0.0188
4.8780 4.7695 4.8122 0.0188
4.8780 4.7695 4.8122 0.0188
4.8780 4.7695 4.8122 0.0188
4.8780 4.7695 4.8122 0.0188
4.8780 4.7695 4.8122 0.0188
4.8780 4.7695 4.8122 0.0188
4.8780 4.7695 4.8123 0.0188
4.8780 4.7695 4.8123 0.0188
4.8780 4.7695 4.8123 0.0188
4.8780 4.7695 4.8124 0.0188
4.8780 4.7695 4.8124 0.0188
4.8780 4.7695 4.8124 0.0188
4.8780 4.7695 4.8124 0.0188
4.8780 4.7695 4.8128 0.0191
4.8780 4.7695 4.8128 0.0191
4.8780 4.7695 4.8129 0.0193
4.8780 4.7695 4.8131 0.0193
4.8780 4.7695 4.8136 0.0196
4.8780 4.7695 4.8137 0.0195
4.8780 4.7695 4.8137 0.0195
4.8780 4.7695 4.8137 0.0195
4.8780 4.7695 4.8137 0.0195
4.8780 4.7695 4.8141 0.0194
4.8780 4.7695 4.8141 0.0194
4.8780 4.7695 4.8141 0.0194
4.8780 4.7695 4.8143 0.0190
4.8780 4.7695 4.8143 0.0190
4.8780 4.7695 4.8143 0.0190
4.8780 4.7695 4.8143 0.0190
4.8780 4.7695 4.8143 0.0190
4.8780 4.7695 4.8143 0.0190
4.8780 4.7695 4.8143 0.0190
4.8780 4.7695 4.8143 0.0190
4.8780 4.7695 4.8145 0.0190
4.8791 4.7695 4.8149 0.0199
4.8791 4.7695 4.8150 0.0199
4.8791 4.7695 4.8155 0.0202
4.8791 4.7695 4.8155 0.0202
4.8791 4.7695 4.8155 0.0202
4.8791 4.7695 4.8159 0.0205
4.8791 4.7695 4.8160 0.0205
4.8791 4.7695 4.8160 0.0205
4.8791 4.7695 4.8160 0.0205
4.8791 4.7695 4.8161 0.0204
4.8791 4.7695 4.8161 0.0204
4.8791 4.7695 4.8162 0.0204
4.8791 4.7695 4.8162 0.0204
4.8791 4.7695 4.8163 0.0203
4.8791 4.7695 4.8167 0.0205
4.8791 4.7695 4.8167 0.0205
4.8791 4.7695 4.8167 0.0205
4.8791 4.7695 4.8167 0.0205
4.8791 4.7695 4.8169 0.0205
4.8791 4.7695 4.8170 0.0207
4.8791 4.7695 4.8170 0.0207
4.8791 4.7695 4.8170 0.0207
4.8791 4.7695 4.8171 0.0206
4.8791 4.7695 4.8171 0.0206
4.8791 4.7695 4.8173 0.0205
4.8791 4.7695 4.8173 0.0205
4.8791 4.7695 4.8174 0.0205
4.8791 4.7695 4.8174 0.0205
4.8791 4.7695 4.8176 0.0205
4.8791 4.7695 4.8176 0.0205
4.8791 4.7695 4.8177 0.0205
4.8791 4.7695 4.8177 0.0205
4.8791 4.7695 4.8177 0.0205
4.8791 4.7695 4.8181 0.0205
4.8791 4.7695 4.8181 0.0205
4.8791 4.7695 4.8181 0.0205
4.8791 4.7695 4.8181 0.0205
4.8791 4.7695 4.8181 0.0205
4.8791 4.7695 4.8181 0.0205
4.8791 4.7695 4.8181 0.0205
4.8791 4.7695 4.8181 0.0205
4.8791 4.7695 4.8182 0.0207
4.8791 4.7695 4.8182 0.0207
4.8791 4.7695 4.8182 0.0207
4.8791 4.7695 4.8182 0.0207
4.8791 4.7695 4.8182 0.0207
4.8791 4.7695 4.8184 0.0206
4.8791 4.7695 4.8184 0.0206
4.8791 4.7695 4.8186 0.0206
4.8791 4.7695 4.8186 0.0206
4.8791 4.7695 4.8186 0.0206
4.8791 4.7695 4.8186 0.0206
4.8791 4.7695 4.8186 0.0206
4.8791 4.7695 4.8186 0.0206
4.8791 4.7695 4.8186 0.0206
4.8791 4.7695 4.8189 0.0209
4.8791 4.7695 4.8189 0.0209
4.8791 4.7695 4.8189 0.0209
4.8791 4.7695 4.8189 0.0209
4.8791 4.7695 4.8189 0.0209
4.8791 4.7695 4.8189 0.0209
4.8791 4.7695 4.8190 0.0211
4.8791 4.7695 4.8199 0.0217
4.8791 4.7695 4.8199 0.0217
4.8791 4.7695 4.8199 0.0217
4.8791 4.7695 4.8199 0.0217
4.8791 4.7695 4.8200 0.0217
4.8791 4.7695 4.8201 0.0219
4.8791 4.7695 4.8205 0.0221
4.8791 4.7695 4.8209 0.0223
4.8791 4.7695 4.8209 0.0223
4.8791 4.7695 4.8209 0.0223
4.8791 4.7695 4.8210 0.0223
4.8791 4.7695 4.8210 0.0223
4.8791 4.7695 4.8210 0.0223
4.8791 4.7695 4.8210 0.0223
4.8791 4.7695 4.8210 0.0223
4.8791 4.7695 4.8210 0.0223
4.8791 4.7695 4.8211 0.0222
4.8791 4.7695 4.8212 0.0222
4.8791 4.7695 4.8215 0.0222
4.8791 4.7695 4.8215 0.0222
4.8791 4.7695 4.8216 0.0221
4.8791 4.7695 4.8216 0.0221
4.8791 4.7695 4.8218 0.0220
4.8791 4.7695 4.8223 0.0221
4.8791 4.7695 4.8226 0.0221
4.8791 4.7695 4.8226 0.0221
4.8791 4.7695 4.8226 0.0221
4.8791 4.7695 4.8226 0.0221
4.8791 4.7695 4.8229 0.0222
4.8791 4.7695 4.8229 0.0222
4.8791 4.7695 4.8229 0.0222
4.8791 4.7695 4.8231 0.0221
4.8791 4.7695 4.8231 0.0221
4.8791 4.7695 4.8233 0.0224
4.8791 4.7695 4.8233 0.0224
4.8791 4.7695 4.8233 0.0224
4.8791 4.7695 4.8235 0.0225
4.8791 4.7695 4.8235 0.0225
4.8791 4.7695 4.8235 0.0225
4.8791 4.7695 4.8235 0.0225
4.8791 4.7695 4.8235 0.0225
4.8791 4.7695 4.8235 0.0225
4.8791 4.7695 4.8236 0.0225
4.8791 4.7695 4.8236 0.0225
4.8791 4.7695 4.8236 0.0225
4.8791 4.7695 4.8236 0.0225
4.8791 4.7695 4.8237 0.0224
4.8791 4.7695 4.8237 0.0224
4.8791 4.7695 4.8237 0.0224
4.8791 4.7695 4.8239 0.0226
4.8791 4.7695 4.8247 0.0228
4.8791 4.7695 4.8247 0.0228
4.8791 4.7695 4.8247 0.0228
4.8791 4.7695 4.8248 0.0228
4.8791 4.7695 4.8248 0.0228
4.8791 4.7695 4.8255 0.0230
4.8791 4.7695 4.8255 0.0230
4.8791 4.7695 4.8255 0.0230
4.8791 4.7695 4.8255 0.0230
4.8791 4.7695 4.8255 0.0230
4.8791 4.7695 4.8262 0.0235
4.8791 4.7695 4.8262 0.0235
4.8791 4.7695 4.8265 0.0233
4.8791 4.7695 4.8265 0.0233
4.8791 4.7695 4.8265 0.0233
4.8791 4.7695 4.8265 0.0233
4.8791 4.7695 4.8265 0.0233
4.8791 4.7695 4.8265 0.0233
4.8791 4.7695 4.8265 0.0233
4.8791 4.7695 4.8265 0.0233
4.8791 4.7695 4.8265 0.0233
4.8791 4.7695 4.8265 0.0233
4.8791 4.7695 4.8270 0.0233
4.8791 4.7695 4.8270 0.0233
4.8791 4.7695 4.8275 0.0236
4.8791 4.7695 4.8275 0.0236
4.8791 4.7695 4.8275 0.0237
4.8791 4.7695 4.8275 0.0237
4.8791 4.7739 4.8282 0.0230
4.8791 4.7739 4.8282 0.0230
4.8791 4.7739 4.8283 0.0230
4.8791 4.7739 4.8286 0.0231
4.8791 4.7739 4.8286 0.0231
4.8791 4.7739 4.8292 0.0233
4.8791 4.7739 4.8292 0.0233
4.8791 4.7739 4.8292 0.0233
4.8791 4.7739 4.8295 0.0233
4.8791 4.7739 4.8295 0.0233
4.8791 4.7763 4.8302 0.0227
4.8791 4.7763 4.8306 0.0227
4.8791 4.7763 4.8306 0.0227
4.8791 4.7763 4.8306 0.0227
4.8791 4.7763 4.8306 0.0227
4.8791 4.7763 4.8307 0.0227
4.8791 4.7763 4.8307 0.0226
4.8791 4.7763 4.8311 0.0227
4.8791 4.7763 4.8316 0.0229
4.8791 4.7763 4.8318 0.0228
4.8791 4.7763 4.8319 0.0228
4.8791 4.7763 4.8319 0.0229
4.8791 4.7763 4.8319 0.0229
4.8791 4.7763 4.8320 0.0228
4.8791 4.7763 4.8322 0.0226
4.8791 4.7763 4.8322 0.0226
4.8791 4.7763 4.8322 0.0226
4.8791 4.7763 4.8322 0.0226
4.8791 4.7763 4.8322 0.0226
4.8791 4.7763 4.8327 0.0227
4.8791 4.7763 4.8331 0.0227
4.8791 4.7763 4.8331 0.0227
4.8791 4.7763 4.8331 0.0227
4.8791 4.7763 4.8335 0.0230
4.8791 4.7763 4.8335 0.0230
4.8791 4.7763 4.8339 0.0231
4.8791 4.7763 4.8339 0.0231
4.8791 4.7763 4.8339 0.0231
4.8791 4.7763 4.8344 0.0235
4.8791 4.7763 4.8344 0.0235
4.8791 4.7763 4.8344 0.0235
4.8791 4.7763 4.8344 0.0235
4.8791 4.7763 4.8346 0.0232
4.8791 4.7763 4.8347 0.0231
4.8791 4.7763 4.8348 0.0230
4.8791 4.7763 4.8350 0.0233
4.8791 4.7763 4.8350 0.0233
4.8791 4.7763 4.8350 0.0233
4.8791 4.7763 4.8350 0.0233
4.8791 4.7763 4.8354 0.0234
4.8791 4.7763 4.8354 0.0234
4.8791 4.7763 4.8354 0.0234
4.8791 4.7763 4.8355 0.0234
4.8791 4.7763 4.8355 0.0234
4.8791 4.7763 4.8359 0.0236
4.8791 4.7763 4.8360 0.0236
4.8791 4.7763 4.8360 0.0237
4.8791 4.7763 4.8361 0.0237
4.8791 4.7763 4.8367 0.0241
4.8791 4.7763 4.8367 0.0241
4.8791 4.7763 4.8367 0.0241
4.8791 4.7763 4.8367 0.0240
4.8791 4.7763 4.8368 0.0241
4.8791 4.7763 4.8368 0.0241
4.8791 4.7763 4.8368 0.0241
4.8791 4.7763 4.8368 0.0241
4.8791 4.7763 4.8370 0.0243
4.8791 4.7763 4.8370 0.0243
4.8791 4.7763 4.8371 0.0243
4.8791 4.7763 4.8371 0.0243
4.8791 4.7763 4.8371 0.0243
4.8791 4.7763 4.8376 0.0244
4.8791 4.7763 4.8376 0.0244
4.8791 4.7763 4.8380 0.0244
4.8791 4.7763 4.8380 0.0244
4.8791 4.7763 4.8380 0.0244
4.8791 4.7763 4.8380 0.0244
4.8791 4.7763 4.8380 0.0244
4.8791 4.7763 4.8380 0.0244
4.8791 4.7763 4.8380 0.0244
4.8791 4.7763 4.8381 0.0245
4.8791 4.7763 4.8381 0.0245
4.8791 4.7763 4.8381 0.0245
4.8791 4.7763 4.8381 0.0245
4.8791 4.7763 4.8381 0.0245
4.8791 4.7763 4.8381 0.0245
4.8791 4.7948 4.8388 0.0238
4.8791 4.7948 4.8388 0.0238
4.8791 4.7948 4.8388 0.0238
4.8791 4.7948 4.8389 0.0237
4.8791 4.7948 4.8389 0.0237
4.8791 4.7948 4.8389 0.0237
4.8791 4.7948 4.8389 0.0237
4.8791 4.7948 4.8389 0.0237
4.8791 4.7950 4.8396 0.0234
4.8791 4.7950 4.8396 0.0235
4.8791 4.7950 4.8396 0.0235
4.8791 4.7950 4.8396 0.0235
4.8791 4.7950 4.8396 0.0235
4.8791 4.7950 4.8400 0.0235
4.8791 4.7950 4.8400 0.0235
4.8791 4.7950 4.8401 0.0235
4.8791 4.7950 4.8401 0.0235
4.8791 4.7950 4.8406 0.0232
4.8791 4.7950 4.8406 0.0232
4.8791 4.7950 4.8410 0.0231
4.8791 4.7950 4.8410 0.0231
4.8791 4.7950 4.8410 0.0231
4.8791 4.7950 4.8410 0.0231
4.8791 4.7950 4.8410 0.0231
4.8791 4.7950 4.8410 0.0231
4.8791 4.7950 4.8410 0.0231
4.8791 4.7950 4.8415 0.0228
4.8791 4.7950 4.8415 0.0228
4.8791 4.7950 4.8415 0.0228
4.8791 4.7950 4.8415 0.0228
4.8791 4.7950 4.8416 0.0226
4.8791 4.7950 4.8417 0.0226
4.8791 4.7950 4.8417 0.0226
4.8791 4.7950 4.8422 0.0226
4.8791 4.7950 4.8425 0.0229
4.8791 4.7950 4.8425 0.0229
4.8791 4.7950 4.8425 0.0229
4.8791 4.7950 4.8428 0.0229
4.8791 4.7950 4.8430 0.0231
4.8791 4.7950 4.8435 0.0229
4.8791 4.7950 4.8436 0.0230
4.8791 4.7950 4.8443 0.0229
4.8791 4.7950 4.8445 0.0229
4.8791 4.7950 4.8445 0.0229
4.8791 4.7950 4.8449 0.0228
4.8791 4.7950 4.8449 0.0228
4.8791 4.7950 4.8449 0.0228
4.8791 4.7950 4.8457 0.0226
4.8791 4.7950 4.8457 0.0226
4.8791 4.7950 4.8457 0.0226
4.8791 4.7950 4.8457 0.0226
4.8791 4.7950 4.8461 0.0225
4.8791 4.7950 4.8467 0.0224
4.8791 4.7950 4.8467 0.0224
4.8791 4.7950 4.8467 0.0224
4.8791 4.7950 4.8468 0.0224
4.8791 4.7950 4.8468 0.0224
4.8791 4.7950 4.8473 0.0226
4.8791 4.7950 4.8473 0.0226
4.8791 4.7950 4.8479 0.0224
4.8791 4.7950 4.8479 0.0224
4.8791 4.7950 4.8479 0.0224
4.8791 4.7950 4.8481 0.0225
4.8791 4.7950 4.8485 0.0223
4.8791 4.7950 4.8485 0.0223
4.8791 4.7950 4.8486 0.0221
4.8791 4.7950 4.8486 0.0221
4.8791 4.7950 4.8486 0.0221
4.8791 4.7950 4.8486 0.0221
4.8791 4.7950 4.8486 0.0221
4.8791 4.7950 4.8486 0.0221
4.8791 4.7950 4.8489 0.0219
4.8791 4.7950 4.8489 0.0219
4.8791 4.7950 4.8489 0.0219
4.8791 4.7950 4.8494 0.0217
4.8791 4.7950 4.8498 0.0216
4.8791 4.7950 4.8501 0.0217
4.8791 4.7950 4.8501 0.0217
4.8791 4.7950 4.8503 0.0219
4.8791 4.7950 4.8505 0.0220
4.8791 4.7950 4.8505 0.0220
4.8791 4.7950 4.8507 0.0218
4.8791 4.7950 4.8507 0.0218
4.8791 4.7950 4.8507 0.0218
4.8791 4.7950 4.8508 0.0219
4.8791 4.7950 4.8508 0.0219
4.8791 4.7950 4.8508 0.0219
4.8791 4.7950 4.8508 0.0219
4.8791 4.7950 4.8508 0.0219
4.8791 4.7950 4.8508 0.0219
4.8791 4.7950 4.8508 0.0219
4.8791 4.7950 4.8513 0.0215
4.8791 4.7950 4.8513 0.0215
4.8791 4.7950 4.8513 0.0215
4.8791 4.7950 4.8513 0.0215
4.8791 4.7950 4.8514 0.0215
4.8791 4.7950 4.8514 0.0215
4.8791 4.7950 4.8514 0.0215
4.8791 4.7950 4.8514 0.0215
4.8791 4.7950 4.8518 0.0213
4.8791 4.7950 4.8518 0.0213
4.8791 4.7950 4.8518 0.0213
4.8791 4.7950 4.8518 0.0213
4.8791 4.7950 4.8518 0.0213
4.8791 4.7950 4.8519 0.0214
4.8791 4.7950 4.8525 0.0213
4.8791 4.7950 4.8531 0.0209
4.8791 4.7950 4.8535 0.0207
4.8791 4.7950 4.8537 0.0207
4.8791 4.7950 4.8537 0.0207
4.8791 4.7950 4.8542 0.0203
4.8791 4.7950 4.8545 0.0204
4.8791 4.7950 4.8548 0.0205
4.8791 4.7950 4.8548 0.0205
4.8791 4.7950 4.8552 0.0202
4.8791 4.7950 4.8553 0.0202
4.8791 4.7950 4.8553 0.0202
4.8791 4.7950 4.8553 0.0202
4.8791 4.7950 4.8553 0.0202
4.8791 4.7950 4.8553 0.0202
4.8791 4.7986 4.8558 0.0193
4.8791 4.7986 4.8559 0.0193
4.8791 4.7986 4.8559 0.0193
4.8791 4.7986 4.8559 0.0193
4.8791 4.7986 4.8560 0.0193
4.8791 4.7986 4.8561 0.0193
4.8791 4.7986 4.8564 0.0190
4.8791 4.7986 4.8566 0.0188
4.8791 4.7986 4.8566 0.0188
4.8791 4.7986 4.8567 0.0188
4.8791 4.7986 4.8569 0.0186
4.8791 4.7986 4.8569 0.0186
4.8791 4.7986 4.8570 0.0187
4.8791 4.7986 4.8572 0.0189
4.8791 4.7986 4.8572 0.0189
4.8791 4.7986 4.8572 0.0189
4.8791 4.7986 4.8572 0.0189
4.8791 4.7986 4.8574 0.0189
4.8791 4.7986 4.8574 0.0189
4.8791 4.7986 4.8575 0.0189
4.8791 4.7986 4.8576 0.0189
4.8791 4.7986 4.8576 0.0189
4.8791 4.7986 4.8576 0.0189
4.8791 4.7986 4.8576 0.0189
4.8791 4.7986 4.8576 0.0189
4.8791 4.7986 4.8576 0.0189
4.9213 4.7986 4.8581 0.0199
4.9213 4.7986 4.8581 0.0199
4.9213 4.7986 4.8582 0.0200
4.9213 4.7986 4.8585 0.0202
4.9213 4.7986 4.8585 0.0202
4.9213 4.7986 4.8586 0.0202
4.9213 4.7986 4.8587 0.0202
4.9213 4.7986 4.8587 0.0202
4.9213 4.7986 4.8587 0.0202
4.9213 4.7986 4.8587 0.0202
4.9213 4.7986 4.8587 0.0202
4.9213 4.7986 4.8587 0.0202
4.9213 4.7986 4.8587 0.0202
4.9213 4.7986 4.8588 0.0202
4.9213 4.7986 4.8588 0.0202
4.9213 4.7986 4.8588 0.0202
4.9213 4.7986 4.8588 0.0202
4.9213 4.7986 4.8588 0.0202
4.9213 4.7986 4.8588 0.0202
4.9213 4.7986 4.8588 0.0202
4.9213 4.7986 4.8593 0.0200
4.9213 4.7986 4.8593 0.0200
4.9213 4.7986 4.8598 0.0194
4.9213 4.7986 4.8598 0.0194
4.9213 4.7986 4.8598 0.0194
4.9213 4.7986 4.8598 0.0194
4.9213 4.7986 4.8599 0.0194
4.9213 4.7986 4.8601 0.0195
4.9213 4.7986 4.8606 0.0192
4.9213 4.7986 4.8608 0.0188
4.9213 4.7986 4.8609 0.0187
4.9213 4.7986 4.8610 0.0188
4.9213 4.7986 4.8611 0.0188
4.9213 4.7986 4.8611 0.0188
4.9213 4.7986 4.8611 0.0188
4.9213 4.7986 4.8611 0.0188
4.9213 4.7986 4.8611 0.0188
4.9213 4.7986 4.8612 0.0188
4.9213 4.7986 4.8612 0.0188
4.9213 4.7986 4.8612 0.0188
4.9213 4.7986 4.8613 0.0189
4.9213 4.7986 4.8616 0.0189
4.9213 4.7986 4.8616 0.0189
4.9213 4.7986 4.8616 0.0189
4.9213 4.7986 4.8622 0.0183
4.9213 4.7986 4.8622 0.0183
4.9213 4.7986 4.8624 0.0183
4.9213 4.7986 4.8624 0.0183
4.9213 4.7986 4.8624 0.0183
4.9213 4.7986 4.8626 0.0183
4.9213 4.7986 4.8626 0.0183
4.9213 4.7986 4.8627 0.0184
4.9213 4.7986 4.8627 0.0184
4.9213 4.7986 4.8627 0.0184
4.9213 4.7986 4.8627 0.0184
4.9213 4.7986 4.8629 0.0184
4.9213 4.7986 4.8636 0.0178
4.9213 4.7986 4.8636 0.0178
4.9213 4.7986 4.8636 0.0178
4.9213 4.7986 4.8637 0.0178
4.9213 4.7986 4.8637 0.0178
4.9213 4.7986 4.8637 0.0178
4.9213 4.7986 4.8637 0.0178
4.9213 4.7986 4.8639 0.0178
4.9213 4.7986 4.8639 0.0178
4.9213 4.7986 4.8639 0.0178
4.9213 4.7986 4.8639 0.0178
4.9213 4.7986 4.8640 0.0178
4.9213 4.7986 4.8641 0.0179
4.9213 4.8113 4.8647 0.0166
4.9213 4.8113 4.8647 0.0166
4.9213 4.8113 4.8647 0.0166
4.9213 4.8113 4.8647 0.0166
4.9213 4.8113 4.8647 0.0166
4.9213 4.8113 4.8647 0.0166
4.9213 4.8113 4.8647 0.0166
4.9213 4.8113 4.8648 0.0166
4.9213 4.8113 4.8648 0.0166
4.9213 4.8113 4.8648 0.0166
4.9213 4.8113 4.8648 0.0166
4.9213 4.8113 4.8648 0.0166
4.9213 4.8113 4.8648 0.0166
4.9213 4.8113 4.8648 0.0166
4.9213 4.8113 4.8648 0.0166
4.9213 4.8113 4.8648 0.0166
4.9213 4.8113 4.8648 0.0166
4.9213 4.8113 4.8651 0.0167
4.9213 4.8113 4.8651 0.0167
4.9213 4.8113 4.8651 0.0167
4.9213 4.8113 4.8651 0.0167
4.9213 4.8113 4.8651 0.0167
4.9213 4.8113 4.8653 0.0167
4.9213 4.8113 4.8653 0.0167
4.9213 4.8113 4.8659 0.0162
4.9213 4.8113 4.8662 0.0168
4.9213 4.8113 4.8663 0.0168
4.9213 4.8113 4.8663 0.0168
4.9213 4.8113 4.8663 0.0168
4.9213 4.8113 4.8663 0.0168
4.9213 4.8113 4.8663 0.0168
4.9213 4.8113 4.8671 0.0164
4.9213 4.8113 4.8671 0.0164
4.9213 4.8113 4.8672 0.0164
4.9499 4.8113 4.8682 0.0183
4.9499 4.8113 4.8684 0.0186
4.9499 4.8113 4.8684 0.0186
4.9499 4.8113 4.8684 0.0186
4.9499 4.8113 4.8684 0.0186
4.9499 4.8113 4.8684 0.0186
4.9499 4.8113 4.8684 0.0186
4.9499 4.8113 4.8684 0.0186
4.9499 4.8113 4.8684 0.0186
4.9499 4.8113 4.8684 0.0186
4.9499 4.8113 4.8684 0.0186
4.9499 4.8113 4.8684 0.0186
4.9499 4.8113 4.8684 0.0186
4.9499 4.8113 4.8684 0.0186
4.9499 4.8113 4.8684 0.0186
4.9499 4.8113 4.8684 0.0186
4.9499 4.8113 4.8684 0.0186
4.9499 4.8113 4.8684 0.0186
4.9499 4.8113 4.8684 0.0186
4.9499 4.8113 4.8684 0.0186
4.9499 4.8113 4.8685 0.0186
4.9499 4.8113 4.8685 0.0186
4.9499 4.8113 4.8686 0.0186
4.9499 4.8113 4.8686 0.0186
4.9499 4.8113 4.8686 0.0186
4.9499 4.8113 4.8686 0.0186
4.9499 4.8113 4.8686 0.0186
4.9499 4.8113 4.8686 0.0186
4.9499 4.8113 4.8686 0.0186
4.9499 4.8113 4.8686 0.0186
4.9499 4.8113 4.8686 0.0186
4.9499 4.8113 4.8686 0.0186
4.9499 4.8113 4.8686 0.0186
4.9499 4.8113 4.8689 0.0186
4.9499 4.8113 4.8689 0.0186
4.9499 4.8113 4.8691 0.0186
4.9499 4.8113 4.8691 0.0186
4.9499 4.8113 4.8692 0.0186
4.9499 4.8113 4.8692 0.0186
4.9499 4.8113 4.8692 0.0186
4.9499 4.8113 4.8694 0.0185
4.9499 4.8113 4.8695 0.0185
4.9499 4.8113 4.8695 0.0185
4.9499 4.8113 4.8696 0.0185
4.9499 4.8113 4.8696 0.0185
4.9499 4.8113 4.8696 0.0185
4.9499 4.8113 4.8696 0.0185
4.9499 4.8113 4.8696 0.0185
4.9499 4.8113 4.8696 0.0185
4.9499 4.8113 4.8696 0.0185
4.9499 4.8113 4.8696 0.0185
4.9499 4.8113 4.8696 0.0185
4.9499 4.8113 4.8696 0.0185
4.9499 4.8113 4.8696 0.0185
4.9499 4.8113 4.8696 0.0185
4.9499 4.8113 4.8697 0.0185
4.9499 4.8113 4.8697 0.0185
4.9499 4.8113 4.8697 0.0185
4.9499 4.8113 4.8697 0.0185
4.9499 4.8113 4.8697 0.0185
4.9499 4.8113 4.8697 0.0185
4.9499 4.8113 4.8700 0.0184
4.9499 4.8113 4.8700 0.0184
4.9499 4.8113 4.8700 0.0184
4.9499 4.8113 4.8700 0.0184
4.9499 4.8113 4.8700 0.0184
4.9499 4.8113 4.8700 0.0185
4.9499 4.8113 4.8700 0.0185
4.9499 4.8113 4.8700 0.0185
4.9499 4.8113 4.8708 0.0201
4.9499 4.8113 4.8708 0.0201
4.9499 4.8113 4.8708 0.0201
4.9499 4.8113 4.8708 0.0201
4.9499 4.8113 4.8710 0.0198
4.9499 4.8113 4.8710 0.0198
4.9499 4.8113 4.8710 0.0198
4.9499 4.8113 4.8710 0.0198
4.9499 4.8113 4.8710 0.0198
4.9499 4.8113 4.8710 0.0198
4.9499 4.8113 4.8710 0.0198
4.9499 4.8113 4.8713 0.0196
4.9499 4.8113 4.8713 0.0196
4.9499 4.8113 4.8713 0.0196
4.9499 4.8113 4.8713 0.0196
4.9499 4.8113 4.8713 0.0196
4.9499 4.8113 4.8713 0.0196
4.9499 4.8113 4.8713 0.0196
4.9499 4.8113 4.8714 0.0194
4.9499 4.8113 4.8717 0.0196
4.9499 4.8113 4.8719 0.0196
4.9499 4.8113 4.8720 0.0196
4.9499 4.8113 4.8722 0.0196
4.9499 4.8113 4.8722 0.0196
4.9499 4.8113 4.8722 0.0196
4.9499 4.8113 4.8723 0.0195
4.9499 4.8113 4.8723 0.0195
4.9499 4.8113 4.8723 0.0195
4.9499 4.8113 4.8723 0.0195
4.9499 4.8113 4.8724 0.0195
4.9499 4.8113 4.8724 0.0195
4.9499 4.8113 4.8724 0.0195
4.9499 4.8113 4.8724 0.0195
4.9499 4.8113 4.8724 0.0195
4.9499 4.8202 4.8729 0.0186
4.9499 4.8202 4.8729 0.0186
4.9499 4.8202 4.8729 0.0186
4.9499 4.8202 4.8729 0.0186
4.9499 4.8202 4.8729 0.0186
4.9499 4.8202 4.8729 0.0186
4.9499 4.8202 4.8729 0.0186
4.9499 4.8202 4.8729 0.0186
4.9499 4.8202 4.8729 0.0186
4.9499 4.8202 4.8729 0.0186
4.9499 4.8202 4.8729 0.0186
4.9499 4.8202 4.8729 0.0186
4.9499 4.8202 4.8734 0.0192
4.9499 4.8202 4.8734 0.0192
4.9499 4.8202 4.8734 0.0192
4.9499 4.8202 4.8739 0.0205
4.9499 4.8202 4.8739 0.0205
4.9499 4.8202 4.8740 0.0205
4.9499 4.8202 4.8740 0.0205
4.9499 4.8202 4.8740 0.0205
4.9499 4.8202 4.8740 0.0205
4.9499 4.8202 4.8740 0.0205
4.9499 4.8202 4.8743 0.0205
4.9499 4.8202 4.8745 0.0204
4.9499 4.8202 4.8746 0.0204
4.9499 4.8202 4.8747 0.0202
4.9499 4.8202 4.8752 0.0205
4.9499 4.8202 4.8752 0.0205
4.9499 4.8202 4.8752 0.0205
4.9499 4.8202 4.8752 0.0205
4.9499 4.8202 4.8752 0.0205
4.9499 4.8202 4.8752 0.0205
4.9499 4.8202 4.8752 0.0205
4.9499 4.8202 4.8752 0.0205
4.9499 4.8202 4.8752 0.0205
4.9499 4.8202 4.8752 0.0205
4.9499 4.8202 4.8752 0.0205
4.9499 4.8202 4.8752 0.0205
4.9499 4.8202 4.8752 0.0205
4.9499 4.8202 4.8752 0.0205
4.9499 4.8202 4.8752 0.0205
4.9499 4.8202 4.8752 0.0205
4.9499 4.8202 4.8752 0.0205
4.9499 4.8202 4.8752 0.0205
4.9499 4.8202 4.8756 0.0206
4.9499 4.8202 4.8756 0.0206
4.9499 4.8202 4.8756 0.0206
4.9499 4.8202 4.8756 0.0206
4.9499 4.8202 4.8756 0.0206
4.9499 4.8202 4.8763 0.0219
4.9499 4.8202 4.8763 0.0219
4.9499 4.8202 4.8763 0.0219
4.9499 4.8202 4.8763 0.0219
4.9499 4.8202 4.8763 0.0219
4.9499 4.8202 4.8763 0.0219
4.9499 4.8202 4.8763 0.0219
4.9499 4.8202 4.8763 0.0219
4.9499 4.8202 4.8763 0.0219
4.9499 4.8202 4.8768 0.0212
4.9499 4.8202 4.8770 0.0214
4.9499 4.8202 4.8770 0.0214
4.9499 4.8202 4.8770 0.0214
4.9499 4.8202 4.8776 0.0208
4.9499 4.8202 4.8777 0.0208
4.9499 4.8202 4.8777 0.0208
4.9499 4.8202 4.8777 0.0208
4.9499 4.8202 4.8777 0.0208
4.9499 4.8202 4.8777 0.0208
4.9499 4.8202 4.8777 0.0208
4.9499 4.8202 4.8782 0.0213
4.9499 4.8202 4.8787 0.0217
4.9499 4.8202 4.8787 0.0218
4.9499 4.8202 4.8787 0.0218
4.9499 4.8202 4.8787 0.0218
4.9499 4.8202 4.8788 0.0218
4.9499 4.8202 4.8788 0.0218
4.9499 4.8202 4.8792 0.0221
4.9499 4.8202 4.8792 0.0221
4.9499 4.8202 4.8793 0.0221
4.9499 4.8202 4.8793 0.0221
4.9499 4.8202 4.8793 0.0221
4.9499 4.8202 4.8793 0.0221
4.9499 4.8202 4.8793 0.0221
4.9499 4.8202 4.8799 0.0222
4.9499 4.8202 4.8801 0.0221
4.9499 4.8202 4.8801 0.0221
4.9499 4.8202 4.8801 0.0221
4.9499 4.8202 4.8801 0.0221
4.9527 4.8202 4.8801 0.0222
4.9527 4.8202 4.8801 0.0222
4.9527 4.8202 4.8801 0.0222
4.9527 4.8202 4.8801 0.0222
4.9527 4.8202 4.8801 0.0222
4.9527 4.8202 4.8802 0.0222
4.9527 4.8202 4.8802 0.0222
4.9527 4.8202 4.8802 0.0222
4.9527 4.8202 4.8802 0.0222
4.9527 4.8202 4.8802 0.0222
4.9527 4.8202 4.8806 0.0226
4.9527 4.8202 4.8808 0.0225
4.9527 4.8202 4.8808 0.0225
4.9527 4.8202 4.8808 0.0225
4.9527 4.8202 4.8808 0.0225
4.9527 4.8222 4.8809 0.0225
4.9527 4.8222 4.8809 0.0225
4.9527 4.8222 4.8809 0.0225
4.9527 4.8222 4.8809 0.0225
4.9527 4.8222 4.8809 0.0225
4.9527 4.8222 4.8809 0.0225
4.9527 4.8222 4.8809 0.0225
4.9527 4.8222 4.8810 0.0225
4.9527 4.8222 4.8810 0.0225
4.9527 4.8222 4.8810 0.0225
4.9527 4.8222 4.8810 0.0225
4.9527 4.8222 4.8810 0.0225
4.9527 4.8222 4.8810 0.0225
4.9527 4.8222 4.8810 0.0225
4.9527 4.8222 4.8810 0.0225
4.9527 4.8222 4.8810 0.0225
4.9527 4.8222 4.8810 0.0225
4.9527 4.8222 4.8810 0.0225
4.9527 4.8222 4.8810 0.0225
4.9527 4.8222 4.8810 0.0225
4.9527 4.8222 4.8810 0.0225
4.9527 4.8222 4.8814 0.0228
4.9527 4.8222 4.8814 0.0228
4.9527 4.8222 4.8814 0.0228
4.9527 4.8222 4.8814 0.0228
4.9527 4.8222 4.8814 0.0228
4.9527 4.8222 4.8814 0.0228
4.9527 4.8222 4.8814 0.0227
4.9527 4.8222 4.8817 0.0226
4.9527 4.8222 4.8817 0.0226
4.9527 4.8222 4.8817 0.0226
4.9527 4.8222 4.8817 0.0226
4.9527 4.8222 4.8817 0.0226
4.9527 4.8222 4.8817 0.0226
4.9527 4.8222 4.8817 0.0226
4.9527 4.8222 4.8817 0.0226
4.9527 4.8222 4.8818 0.0225
4.9527 4.8222 4.8818 0.0225
4.9527 4.8222 4.8818 0.0225
4.9527 4.8222 4.8819 0.0224
4.9527 4.8222 4.8819 0.0224
4.9527 4.8222 4.8821 0.0224
4.9527 4.8222 4.8821 0.0224
4.9527 4.8222 4.8821 0.0224
4.9527 4.8222 4.8822 0.0223
4.9527 4.8222 4.8826 0.0231
4.9527 4.8222 4.8827 0.0234
4.9527 4.8222 4.8827 0.0234
4.9527 4.8222 4.8827 0.0234
4.9555 4.8222 4.8828 0.0235
4.9555 4.8222 4.8828 0.0235
4.9555 4.8222 4.8835 0.0236
4.9555 4.8222 4.8835 0.0236
4.9555 4.8222 4.8835 0.0236
4.9555 4.8222 4.8835 0.0236
4.9555 4.8222 4.8835 0.0236
4.9555 4.8222 4.8835 0.0236
4.9555 4.8222 4.8835 0.0236
4.9555 4.8222 4.8835 0.0236
4.9555 4.8222 4.8837 0.0235
4.9555 4.8222 4.8837 0.0235
4.9555 4.8222 4.8837 0.0235
4.9555 4.8222 4.8837 0.0235
4.9555 4.8222 4.8844 0.0245
4.9555 4.8222 4.8852 0.0250
4.9555 4.8222 4.8852 0.0250
4.9555 4.8222 4.8852 0.0250
4.9555 4.8222 4.8860 0.0259
4.9555 4.8222 4.8860 0.0259
4.9555 4.8222 4.8860 0.0259
4.9555 4.8222 4.8864 0.0266
4.9555 4.8222 4.8864 0.0266
4.9555 4.8222 4.8864 0.0266
4.9555 4.8222 4.8864 0.0266
4.9555 4.8222 4.8864 0.0266
4.9555 4.8222 4.8864 0.0266
4.9555 4.8222 4.8864 0.0266
4.9555 4.8222 4.8868 0.0268
4.9555 4.8222 4.8870 0.0268
4.9555 4.8222 4.8879 0.0275
4.9555 4.8222 4.8879 0.0275
4.9555 4.8222 4.8879 0.0275
4.9555 4.8222 4.8881 0.0275
4.9555 4.8222 4.8881 0.0275
4.9555 4.8222 4.8886 0.0277
4.9555 4.8222 4.8888 0.0276
4.9555 4.8222 4.8891 0.0275
4.9555 4.8222 4.8891 0.0275
4.9555 4.8222 4.8891 0.0275
4.9555 4.8222 4.8891 0.0275
4.9555 4.8222 4.8891 0.0275
4.9555 4.8222 4.8891 0.0275
4.9555 4.8222 4.8891 0.0275
4.9555 4.8222 4.8891 0.0275
4.9555 4.8222 4.8894 0.0280
4.9555 4.8222 4.8894 0.0280
4.9555 4.8222 4.8894 0.0280
4.9555 4.8222 4.8895 0.0280
4.9555 4.8222 4.8895 0.0280
4.9555 4.8222 4.8895 0.0280
5.0366 4.8222 4.8903 0.0309
5.0366 4.8222 4.8903 0.0309
5.0366 4.8222 4.8907 0.0311
5.0366 4.8222 4.8907 0.0311
5.0366 4.8222 4.8907 0.0311
5.0366 4.8222 4.8907 0.0311
5.0366 4.8222 4.8907 0.0311
5.0366 4.8222 4.8907 0.0311
5.0366 4.8222 4.8907 0.0311
5.0366 4.8222 4.8907 0.0311
5.0366 4.8222 4.8907 0.0311
5.0366 4.8222 4.8910 0.0305
5.0366 4.8222 4.8910 0.0305
5.0366 4.8222 4.8910 0.0305
5.0366 4.8222 4.8910 0.0305
5.0366 4.8222 4.8910 0.0305
5.0366 4.8222 4.8911 0.0305
5.0366 4.8222 4.8911 0.0305
5.0366 4.8222 4.8911 0.0305
5.0366 4.8222 4.8911 0.0305
5.0366 4.8222 4.8911 0.0305
5.0366 4.8222 4.8918 0.0310
5.0366 4.8222 4.8918 0.0310
5.0366 4.8222 4.8918 0.0310
5.0366 4.8222 4.8918 0.0310
5.0366 4.8222 4.8918 0.0310
5.0366 4.8222 4.8918 0.0310
5.0366 4.8222 4.8918 0.0310
5.0366 4.8222 4.8918 0.0310
5.0366 4.8222 4.8921 0.0314
5.0366 4.8222 4.8921 0.0314
5.0366 4.8222 4.8921 0.0314
5.0366 4.8222 4.8921 0.0314
5.0366 4.8222 4.8922 0.0315
5.0366 4.8222 4.8922 0.0315
5.0366 4.8222 4.8922 0.0315
5.0366 4.8222 4.8922 0.0315
5.0366 4.8222 4.8929 0.0318
5.0366 4.8222 4.8930 0.0317
5.0366 4.8222 4.8930 0.0317
5.0366 4.8222 4.8930 0.0317
5.0366 4.8222 4.8931 0.0318
5.0366 4.8222 4.8931 0.0318
5.0366 4.8222 4.8936 0.0321
5.0366 4.8222 4.8936 0.0321
5.0366 4.8222 4.8936 0.0321
5.0366 4.8222 4.8936 0.0321
5.0366 4.8222 4.8943 0.0325
5.0372 4.8222 4.8959 0.0354
5.0372 4.8222 4.8960 0.0354
5.0372 4.8222 4.8961 0.0353
5.0372 4.8222 4.8962 0.0353
5.0372 4.8222 4.8967 0.0358
5.0372 4.8222 4.8971 0.0358
5.0372 4.8222 4.8971 0.0358
5.0372 4.8222 4.8971 0.0358
5.0372 4.8222 4.8971 0.0358
5.0372 4.8222 4.8971 0.0358
5.0372 4.8222 4.8971 0.0358
5.0372 4.8222 4.8972 0.0358
5.0372 4.8222 4.8981 0.0380
5.0372 4.8222 4.8981 0.0380
5.0372 4.8222 4.8988 0.0384
5.0372 4.8222 4.8988 0.0384
5.0372 4.8222 4.8988 0.0384
5.0372 4.8222 4.8988 0.0384
5.0372 4.8222 4.8988 0.0384
5.0372 4.8222 4.8997 0.0404
5.0372 4.8222 4.8997 0.0404
5.0372 4.8222 4.8997 0.0404
5.0372 4.8222 4.8997 0.0404
5.0372 4.8222 4.8998 0.0404
5.0372 4.8222 4.8998 0.0404
5.0372 4.8222 4.8998 0.0404
5.0372 4.8222 4.8998 0.0404
5.0372 4.8222 4.8998 0.0404
5.0372 4.8222 4.8998 0.0404
5.0372 4.8222 4.9003 0.0405
5.0372 4.8222 4.9003 0.0405
5.0372 4.8222 4.9022 0.0425
5.0372 4.8222 4.9023 0.0424
5.0372 4.8222 4.9040 0.0443
5.0372 4.8222 4.9040 0.0443
5.0372 4.8222 4.9055 0.0461
5.0372 4.8567 4.9065 0.0454
5.0372 4.8567 4.9067 0.0454
5.0372 4.8567 4.9067 0.0454
5.0372 4.8567 4.9067 0.0454
5.0372 4.8567 4.9067 0.0454
5.0372 4.8567 4.9068 0.0453
5.0372 4.8567 4.9078 0.0452
5.0372 4.8567 4.9078 0.0452
5.0372 4.8567 4.9078 0.0452
5.0372 4.8567 4.9078 0.0452
5.0372 4.8567 4.9085 0.0453
5.0372 4.8567 4.9085 0.0453
5.0372 4.8567 4.9086 0.0454
5.0372 4.8567 4.9087 0.0454
5.0372 4.8567 4.9087 0.0454
5.0372 4.8567 4.9088 0.0453
5.0372 4.8567 4.9088 0.0453
5.0372 4.8567 4.9102 0.0470
5.0372 4.8567 4.9102 0.0470
5.0372 4.8567 4.9102 0.0470
5.0372 4.8567 4.9102 0.0470
5.0372 4.8567 4.9102 0.0470
5.0372 4.8567 4.9102 0.0470
5.0372 4.8567 4.9102 0.0470
5.0372 4.8567 4.9102 0.0470
5.0372 4.8567 4.9102 0.0470
5.0372 4.8567 4.9102 0.0470
5.0372 4.8567 4.9102 0.0470
5.0372 4.8567 4.9102 0.0470
5.0372 4.8567 4.9102 0.0470
5.0372 4.8567 4.9102 0.0470
5.0372 4.8567 4.9104 0.0469
5.0372 4.8567 4.9104 0.0469
5.0372 4.8567 4.9104 0.0469
5.0372 4.8567 4.9107 0.0468
5.0372 4.8567 4.9107 0.0468
5.0372 4.8567 4.9112 0.0468
5.0372 4.8567 4.9112 0.0468
5.0372 4.8567 4.9117 0.0468
5.0372 4.8567 4.9117 0.0468
5.0372 4.8567 4.9131 0.0484
5.0372 4.8567 4.9131 0.0484
5.0372 4.8567 4.9131 0.0484
5.0372 4.8567 4.9131 0.0484
5.0372 4.8567 4.9131 0.0484
5.0372 4.8567 4.9131 0.0484
5.0670 4.8567 4.9142 0.0505
5.0670 4.8567 4.9148 0.0513
5.0670 4.8567 4.9148 0.0513
5.0670 4.8567 4.9148 0.0513
5.0670 4.8567 4.9148 0.0513
5.0670 4.8567 4.9148 0.0513
5.0670 4.8567 4.9148 0.0513
5.0670 4.8567 4.9148 0.0513
5.0670 4.8567 4.9149 0.0512
5.0670 4.8567 4.9150 0.0512
5.0670 4.8567 4.9150 0.0512
5.0670 4.8567 4.9150 0.0512
5.0670 4.8567 4.9150 0.0512
5.0670 4.8567 4.9150 0.0512
5.0670 4.8567 4.9150 0.0512
5.0670 4.8567 4.9151 0.0512
5.0670 4.8567 4.9151 0.0512
5.0670 4.8567 4.9151 0.0512
5.0670 4.8567 4.9151 0.0512
5.0670 4.8567 4.9151 0.0512
5.0670 4.8567 4.9153 0.0511
5.0670 4.8567 4.9153 0.0511
5.0670 4.8567 4.9153 0.0511
5.0670 4.8567 4.9153 0.0511
5.0670 4.8567 4.9169 0.0523
5.0670 4.8567 4.9169 0.0523
5.0670 4.8587 4.9182 0.0525
5.0670 4.8587 4.9182 0.0525
5.0670 4.8587 4.9182 0.0525
5.0670 4.8587 4.9182 0.0525
5.0670 4.8632 4.9183 0.0524
5.0670 4.8632 4.9183 0.0524
5.0670 4.8632 4.9187 0.0522
5.0670 4.8632 4.9187 0.0522
5.0670 4.8632 4.9187 0.0522
5.0670 4.8632 4.9187 0.0522
5.0670 4.8632 4.9187 0.0522
5.0670 4.8632 4.9187 0.0522
5.0670 4.8632 4.9187 0.0522
5.0670 4.8632 4.9187 0.0522
5.0670 4.8632 4.9202 0.0528
5.0670 4.8632 4.9202 0.0528
5.0670 4.8632 4.9202 0.0528
5.0670 4.8632 4.9216 0.0539
5.0670 4.8632 4.9221 0.0537
5.0670 4.8632 4.9227 0.0533
5.0670 4.8632 4.9229 0.0531
5.0670 4.8632 4.9234 0.0530
5.0670 4.8632 4.9234 0.0530
5.0670 4.8632 4.9234 0.0530
5.0670 4.8632 4.9246 0.0542
5.0670 4.8632 4.9253 0.0541
5.0670 4.8632 4.9253 0.0541
5.0670 4.8632 4.9253 0.0541
5.0670 4.8632 4.9256 0.0539
5.0670 4.8632 4.9256 0.0539
5.0670 4.8632 4.9257 0.0538
5.0670 4.8632 4.9257 0.0538
5.0670 4.8632 4.9257 0.0538
5.0670 4.8656 4.9264 0.0535
5.0670 4.8656 4.9264 0.0535
5.0670 4.8656 4.9264 0.0535
5.0670 4.8656 4.9264 0.0535
5.0670 4.8656 4.9264 0.0535
5.0670 4.8656 4.9264 0.0535
5.0670 4.8656 4.9264 0.0535
5.0670 4.8656 4.9264 0.0535
5.0670 4.8656 4.9264 0.0535
5.0670 4.8656 4.9277 0.0545
5.0670 4.8656 4.9280 0.0545
5.0670 4.8656 4.9280 0.0545
5.0670 4.8656 4.9280 0.0545
5.0670 4.8656 4.9280 0.0545
5.0670 4.8656 4.9295 0.0554
5.0670 4.8656 4.9295 0.0554
5.0670 4.8656 4.9301 0.0551
5.0670 4.8656 4.9301 0.0551
5.0676 4.8656 4.9302 0.0551
5.0676 4.8656 4.9302 0.0551
5.0676 4.8656 4.9302 0.0551
5.0676 4.8656 4.9302 0.0551
5.0676 4.8656 4.9302 0.0551
5.0676 4.8656 4.9302 0.0551
5.0676 4.8656 4.9308 0.0548
5.0676 4.8656 4.9323 0.0556
5.0676 4.8656 4.9327 0.0556
5.0676 4.8656 4.9327 0.0556
5.0676 4.8656 4.9327 0.0556
5.0676 4.8656 4.9327 0.0556
5.0676 4.8656 4.9327 0.0556
5.0676 4.8656 4.9327 0.0556
5.0676 4.8656 4.9327 0.0556
5.0676 4.8656 4.9327 0.0556
5.0676 4.8656 4.9327 0.0556
5.0676 4.8656 4.9327 0.0556
5.0676 4.8656 4.9327 0.0556
5.0676 4.8656 4.9329 0.0555
5.0676 4.8656 4.9329 0.0555
5.0676 4.8656 4.9329 0.0555
5.0676 4.8656 4.9335 0.0552
5.0676 4.8691 4.9337 0.0550
5.0676 4.8691 4.9348 0.0555
5.0676 4.8691 4.9348 0.0555
5.0676 4.8691 4.9362 0.0562
5.0676 4.8691 4.9362 0.0562
5.0676 4.8691 4.9362 0.0562
5.0676 4.8691 4.9362 0.0562
5.0676 4.8691 4.9362 0.0562
5.0676 4.8691 4.9369 0.0560
5.0676 4.8691 4.9369 0.0560
5.0676 4.8691 4.9369 0.0560
5.0676 4.8691 4.9373 0.0557
5.0676 4.8691 4.9385 0.0572
5.0676 4.8691 4.9385 0.0572
5.0676 4.8691 4.9387 0.0571
5.0676 4.8691 4.9407 0.0584
5.0676 4.8691 4.9411 0.0581
5.0676 4.8691 4.9412 0.0581
5.0676 4.8691 4.9412 0.0581
5.0676 4.8691 4.9412 0.0581
5.0676 4.8691 4.9414 0.0580
5.0676 4.8691 4.9417 0.0577
5.0676 4.8691 4.9417 0.0577
5.0676 4.8691 4.9434 0.0589
5.0676 4.8691 4.9435 0.0587
5.0676 4.8691 4.9435 0.0587
5.0676 4.8691 4.9440 0.0586
5.0676 4.8691 4.9441 0.0585
5.0676 4.8691 4.9441 0.0585
5.0676 4.8691 4.9441 0.0585
5.0676 4.8691 4.9441 0.0585
5.0676 4.8691 4.9441 0.0585
5.0676 4.8691 4.9445 0.0582
5.0676 4.8691 4.9445 0.0582
5.0676 4.8691 4.9446 0.0582
5.0676 4.8691 4.9446 0.0582
5.0676 4.8691 4.9446 0.0582
5.0676 4.8691 4.9446 0.0582
5.0676 4.8691 4.9459 0.0588
5.0676 4.8691 4.9459 0.0588
5.0676 4.8691 4.9459 0.0588
5.0676 4.8691 4.9459 0.0588
5.0676 4.8691 4.9459 0.0588
5.0676 4.8691 4.9461 0.0591
5.0676 4.8691 4.9462 0.0590
5.0676 4.8691 4.9462 0.0590
5.0676 4.8691 4.9462 0.0590
5.0676 4.8691 4.9462 0.0590
5.0676 4.8691 4.9462 0.0590
5.0676 4.8691 4.9463 0.0590
5.0676 4.8691 4.9464 0.0589
5.0676 4.8691 4.9464 0.0589
5.0676 4.8691 4.9464 0.0589
5.0676 4.8691 4.9464 0.0589
5.0676 4.8691 4.9464 0.0589
5.0676 4.8691 4.9464 0.0589
5.0676 4.8691 4.9464 0.0589
5.0676 4.8691 4.9464 0.0589
5.0676 4.8691 4.9472 0.0585
5.0676 4.8691 4.9472 0.0585
5.0676 4.8691 4.9478 0.0581
5.0676 4.8691 4.9478 0.0581
5.0676 4.8691 4.9478 0.0581
5.0676 4.8691 4.9483 0.0578
5.0676 4.8691 4.9483 0.0578
5.0676 4.8691 4.9483 0.0578
5.0676 4.8691 4.9483 0.0578
5.0676 4.8691 4.9499 0.0582
5.0676 4.8691 4.9502 0.0582
5.0676 4.8691 4.9506 0.0587
5.0676 4.8691 4.9508 0.0587
5.0676 4.8691 4.9508 0.0587
5.0676 4.8691 4.9508 0.0587
5.0676 4.8691 4.9518 0.0593
5.0676 4.8691 4.9518 0.0593
5.0676 4.8734 4.9535 0.0594
5.0676 4.8734 4.9535 0.0594
5.0676 4.8734 4.9538 0.0591
5.0676 4.8734 4.9538 0.0591
5.0676 4.8734 4.9551 0.0602
5.0676 4.8734 4.9564 0.0599
5.0676 4.8734 4.9564 0.0599
5.0676 4.8734 4.9574 0.0608
5.0676 4.8734 4.9576 0.0606
5.0676 4.8734 4.9576 0.0606
5.0676 4.8734 4.9576 0.0606
5.0676 4.8734 4.9576 0.0606
5.0676 4.8734 4.9576 0.0606
5.0676 4.8734 4.9576 0.0606
5.0676 4.8734 4.9576 0.0606
5.0676 4.8734 4.9576 0.0606
5.0676 4.8734 4.9576 0.0606
5.0676 4.8734 4.9576 0.0606
5.0676 4.8734 4.9578 0.0606
5.0676 4.8734 4.9578 0.0606
5.0676 4.8734 4.9578 0.0606
5.0676 4.8734 4.9578 0.0606
5.0676 4.8734 4.9578 0.0606
5.0676 4.8734 4.9578 0.0606
5.0676 4.8734 4.9588 0.0611
5.0676 4.8734 4.9588 0.0611
5.0676 4.8734 4.9588 0.0611
5.0676 4.8734 4.9596 0.0613
5.0676 4.8734 4.9596 0.0613
5.0676 4.8734 4.9608 0.0609
5.0676 4.8734 4.9608 0.0609
5.0676 4.8734 4.9624 0.0613
5.0676 4.8734 4.9624 0.0613
5.0676 4.8734 4.9624 0.0613
5.0676 4.8734 4.9624 0.0613
5.0676 4.8734 4.9624 0.0613
5.0676 4.8734 4.9633 0.0611
5.0676 4.8734 4.9633 0.0611
5.0676 4.8734 4.9633 0.0611
5.0676 4.8734 4.9633 0.0611
5.0676 4.8734 4.9633 0.0611
5.0676 4.8734 4.9633 0.0611
5.0676 4.8734 4.9633 0.0611
5.0676 4.8734 4.9633 0.0611
5.0676 4.8734 4.9634 0.0612
5.0676 4.8734 4.9642 0.0607
5.0676 4.8734 4.9642 0.0607
5.0676 4.8734 4.9642 0.0607
5.0676 4.8734 4.9642 0.0607
5.0676 4.8734 4.9651 0.0601
5.0676 4.8734 4.9656 0.0597
5.0676 4.8734 4.9656 0.0597
5.0676 4.8734 4.9656 0.0597
5.0676 4.8734 4.9656 0.0597
5.0676 4.8734 4.9656 0.0597
5.0676 4.8734 4.9656 0.0597
5.0676 4.8734 4.9656 0.0597
5.0676 4.8734 4.9656 0.0597
5.0676 4.8734 4.9664 0.0601
5.0676 4.8734 4.9664 0.0601
5.0676 4.8734 4.9678 0.0597
5.0676 4.8734 4.9678 0.0597
5.0676 4.8734 4.9682 0.0594
5.0676 4.8734 4.9682 0.0594
5.0676 4.8734 4.9682 0.0594
5.0676 4.8734 4.9682 0.0594
5.0676 4.8734 4.9682 0.0594
5.0676 4.8734 4.9685 0.0592
5.0676 4.8734 4.9688 0.0596
5.0676 4.8734 4.9705 0.0600
5.0676 4.8734 4.9714 0.0594
5.0676 4.8734 4.9714 0.0594
5.0676 4.8734 4.9717 0.0594
5.0676 4.8734 4.9717 0.0594
5.0676 4.8734 4.9717 0.0594
5.0676 4.8734 4.9722 0.0593
5.0676 4.8734 4.9722 0.0593
5.0676 4.8734 4.9729 0.0599
5.0676 4.8734 4.9732 0.0599
5.0676 4.8734 4.9743 0.0606
5.0676 4.8734 4.9743 0.0606
5.0676 4.8734 4.9743 0.0606
5.0676 4.8734 4.9756 0.0605
5.0676 4.8734 4.9756 0.0605
5.0676 4.8734 4.9756 0.0606
5.0676 4.8734 4.9756 0.0606
5.0676 4.8734 4.9757 0.0604
5.0676 4.8734 4.9760 0.0604
5.0676 4.8734 4.9760 0.0604
5.0676 4.8734 4.9760 0.0604
5.0676 4.8734 4.9761 0.0605
5.0676 4.8734 4.9761 0.0605
5.0676 4.8734 4.9763 0.0605
5.0676 4.8734 4.9763 0.0605
5.0676 4.8734 4.9763 0.0605
5.0676 4.8734 4.9763 0.0605
5.0676 4.8734 4.9763 0.0605
5.0676 4.8734 4.9763 0.0605
5.0676 4.8734 4.9767 0.0600
5.0676 4.8734 4.9775 0.0592
5.0676 4.8734 4.9780 0.0586
5.0676 4.8734 4.9780 0.0586
5.0676 4.8734 4.9787 0.0578
5.0676 4.8734 4.9787 0.0578
5.0676 4.8734 4.9787 0.0578
5.0676 4.8734 4.9787 0.0578
5.0676 4.8734 4.9787 0.0578
5.0676 4.8734 4.9787 0.0578
5.0676 4.8734 4.9798 0.0584
5.0676 4.8734 4.9798 0.0584
5.0676 4.8734 4.9798 0.0584
5.0676 4.8734 4.9801 0.0582
5.0676 4.8734 4.9803 0.0584
5.0676 4.8734 4.9803 0.0584
5.0676 4.8734 4.9803 0.0584
5.0676 4.8734 4.9803 0.0584
5.0676 4.8734 4.9803 0.0584
5.0676 4.8791 4.9808 0.0577
5.0676 4.8791 4.9808 0.0577
5.0676 4.8791 4.9808 0.0577
5.0676 4.8791 4.9814 0.0574
5.0676 4.8791 4.9814 0.0574
5.0676 4.8791 4.9827 0.0578
5.0676 4.8791 4.9827 0.0578
5.0676 4.8791 4.9827 0.0578
5.0676 4.8791 4.9827 0.0578
5.0676 4.8791 4.9827 0.0578
5.0676 4.8791 4.9827 0.0578
5.0676 4.8791 4.9844 0.0575
5.0676 4.8791 4.9844 0.0575
5.0676 4.8791 4.9844 0.0575
5.0676 4.8791 4.9844 0.0575
5.0676 4.8791 4.9844 0.0575
5.0676 4.8791 4.9845 0.0574
5.0676 4.8791 4.9845 0.0574
5.0676 4.8791 4.9845 0.0574
5.0676 4.8791 4.9845 0.0574
5.0676 4.8791 4.9845 0.0574
5.0676 4.8791 4.9845 0.0574
5.0676 4.8791 4.9845 0.0574
5.0676 4.8791 4.9845 0.0574
5.0676 4.8791 4.9845 0.0574
5.0676 4.8791 4.9848 0.0571
5.0676 4.8791 4.9848 0.0571
5.0676 4.8791 4.9848 0.0571
5.0676 4.8791 4.9848 0.0571
5.0676 4.8791 4.9848 0.0571
5.0676 4.8791 4.9848 0.0571
5.0676 4.8791 4.9848 0.0571
5.0676 4.8791 4.9848 0.0571
5.0676 4.8791 4.9857 0.0569
5.0676 4.8791 4.9857 0.0569
5.0676 4.8791 4.9857 0.0569
5.0676 4.8791 4.9857 0.0569
5.0676 4.8791 4.9871 0.0571
5.0676 4.8791 4.9871 0.0571
5.0676 4.8791 4.9872 0.0570
5.0676 4.8791 4.9872 0.0570
5.0676 4.8791 4.9880 0.0571
5.0676 4.8791 4.9880 0.0571
5.0676 4.8791 4.9880 0.0571
5.0676 4.8791 4.9894 0.0573
5.0676 4.8791 4.9906 0.0577
5.0676 4.8791 4.9906 0.0577
5.0676 4.8791 4.9906 0.0577
5.0676 4.8791 4.9906 0.0577
5.0676 4.8791 4.9907 0.0578
5.0676 4.8791 4.9907 0.0578
5.0676 4.8791 4.9907 0.0578
5.0676 4.8791 4.9916 0.0580
5.0676 4.8791 4.9916 0.0580
5.0676 4.8791 4.9919 0.0577
5.0676 4.8791 4.9935 0.0568
5.0676 4.8791 4.9935 0.0568
5.0676 4.8791 4.9935 0.0568
5.0676 4.8791 4.9937 0.0567
5.0676 4.8791 4.9950 0.0566
5.0676 4.8791 4.9950 0.0566
5.0676 4.8791 4.9950 0.0566
5.0676 4.8791 4.9950 0.0566
5.0676 4.8791 4.9957 0.0562
5.0676 4.8791 4.9961 0.0561
5.0676 4.8791 4.9965 0.0559
5.0676 4.8791 4.9973 0.0563
5.0676 4.8791 4.9973 0.0563
5.0676 4.8791 4.9973 0.0563
5.0676 4.8791 4.9976 0.0562
5.0676 4.8791 4.9979 0.0558
5.0676 4.8791 4.9979 0.0558
5.0676 4.8791 4.9979 0.0558
5.0676 4.8791 4.9992 0.0559
5.0676 4.8791 4.9998 0.0563
5.0676 4.8791 4.9998 0.0563
5.0676 4.8791 4.9998 0.0563
5.0676 4.8791 4.9998 0.0563
5.0676 4.8791 4.9998 0.0563
5.0676 4.8791 5.0004 0.0554
5.0676 4.8791 5.0012 0.0553
5.0676 4.8791 5.0012 0.0553
5.0676 4.8791 5.0019 0.0552
5.0676 4.8791 5.0019 0.0552
5.0676 4.8791 5.0019 0.0552
5.0676 4.8791 5.0019 0.0552
5.0676 4.8791 5.0022 0.0553
5.0676 4.8791 5.0024 0.0550
5.0676 4.8791 5.0024 0.0550
5.0676 4.8791 5.0049 0.0543
5.0676 4.8791 5.0049 0.0543
5.0676 4.8791 5.0049 0.0543
5.0676 4.8791 5.0049 0.0543
5.0676 4.8791 5.0065 0.0538
5.0676 4.8791 5.0079 0.0526
5.0676 4.8791 5.0091 0.0526
5.0676 4.8791 5.0091 0.0526
5.0676 4.8791 5.0091 0.0526
5.0676 4.8791 5.0094 0.0529
5.0676 4.8791 5.0094 0.0529
5.0676 4.8791 5.0094 0.0529
5.0676 4.8791 5.0094 0.0529
5.0676 4.8791 5.0094 0.0529
5.0676 4.8791 5.0094 0.0529
5.0676 4.8791 5.0094 0.0529
5.0676 4.8791 5.0098 0.0529
5.0676 4.8791 5.0098 0.0529
5.0676 4.8791 5.0098 0.0529
5.0676 4.8791 5.0101 0.0526
5.0676 4.8791 5.0101 0.0526
5.0676 4.8791 5.0112 0.0520
5.0676 4.8791 5.0112 0.0520
5.0676 4.8791 5.0115 0.0522
5.0676 4.8791 5.0115 0.0522
5.0676 4.8791 5.0115 0.0522
5.0676 4.8791 5.0115 0.0522
5.0676 4.8791 5.0115 0.0522
5.0676 4.8791 5.0115 0.0522
5.0676 4.8791 5.0115 0.0522
5.0676 4.8791 5.0120 0.0516
5.0676 4.8791 5.0120 0.0516
5.0676 4.8791 5.0120 0.0516
5.0676 4.8791 5.0120 0.0516
5.0676 4.8791 5.0120 0.0516
5.0676 4.8791 5.0124 0.0519
5.0676 4.8791 5.0124 0.0519
5.0676 4.8791 5.0124 0.0519
5.0676 4.8791 5.0124 0.0519
5.0676 4.8791 5.0132 0.0516
5.0676 4.8791 5.0143 0.0514
5.0676 4.8791 5.0143 0.0514
5.0676 4.8791 5.0143 0.0514
5.0676 4.8791 5.0143 0.0514
5.0676 4.8791 5.0143 0.0514
5.0676 4.8791 5.0154 0.0514
5.0676 4.8791 5.0154 0.0514
5.0676 4.8791 5.0154 0.0514
5.0676 4.8791 5.0154 0.0514
5.0676 4.8791 5.0154 0.0514
5.0676 4.8791 5.0154 0.0514
5.0676 4.8791 5.0154 0.0514
5.0676 4.8791 5.0157 0.0516
5.0676 4.8791 5.0157 0.0516
5.0676 4.8791 5.0163 0.0515
5.0676 4.8791 5.0163 0.0515
5.0934 4.8791 5.0168 0.0521
5.0934 4.8791 5.0168 0.0521
5.0934 4.8791 5.0168 0.0521
5.0934 4.8791 5.0168 0.0521
5.0934 4.8791 5.0168 0.0521
5.0934 4.8791 5.0170 0.0522
5.0934 4.8791 5.0184 0.0509
5.0934 4.9006 5.0203 0.0492
5.0934 4.9006 5.0203 0.0492
5.0934 4.9006 5.0215 0.0485
5.0934 4.9006 5.0215 0.0485
5.0934 4.9006 5.0215 0.0485
5.0934 4.9006 5.0215 0.0485
5.0934 4.9006 5.0227 0.0482
5.0934 4.9006 5.0227 0.0482
5.0934 4.9006 5.0227 0.0482
5.0934 4.9006 5.0236 0.0477
5.0934 4.9006 5.0236 0.0477
5.0934 4.9006 5.0236 0.0477
5.0934 4.9006 5.0236 0.0477
5.0934 4.9006 5.0236 0.0477
5.0934 4.9006 5.0243 0.0477
5.0934 4.9006 5.0243 0.0477
5.0934 4.9006 5.0250 0.0472
5.0934 4.9006 5.0261 0.0469
5.0934 4.9006 5.0261 0.0469
5.0934 4.9006 5.0261 0.0469
5.0934 4.9006 5.0261 0.0469
5.0934 4.9006 5.0262 0.0469
5.0934 4.9006 5.0262 0.0469
5.0934 4.9006 5.0262 0.0469
5.0934 4.9006 5.0262 0.0469
5.0934 4.9006 5.0262 0.0469
5.0934 4.9006 5.0262 0.0469
5.0934 4.9006 5.0262 0.0469
5.0934 4.9006 5.0262 0.0469
5.0934 4.9006 5.0262 0.0469
5.0934 4.9006 5.0262 0.0469
5.0934 4.9006 5.0262 0.0469
5.0934 4.9006 5.0262 0.0469
5.0934 4.9006 5.0262 0.0469
5.0934 4.9006 5.0262 0.0469
5.0934 4.9006 5.0262 0.0469
5.0934 4.9006 5.0268 0.0461
5.0934 4.9006 5.0268 0.0461
5.0934 4.9006 5.0271 0.0462
5.0934 4.9006 5.0271 0.0462
5.0934 4.9006 5.0271 0.0462
5.0934 4.9006 5.0271 0.0462
5.0934 4.9006 5.0271 0.0462
5.0934 4.9006 5.0280 0.0456
5.0934 4.9006 5.0280 0.0456
5.0934 4.9006 5.0280 0.0456
5.0934 4.9006 5.0280 0.0456
5.0934 4.9006 5.0280 0.0456
5.0934 4.9006 5.0287 0.0455
5.0934 4.9006 5.0289 0.0456
5.0934 4.9006 5.0289 0.0456
5.0934 4.9006 5.0289 0.0456
5.0934 4.9006 5.0289 0.0456
5.0934 4.9006 5.0289 0.0456
5.0934 4.9006 5.0291 0.0457
5.0934 4.9006 5.0291 0.0457
5.0934 4.9006 5.0291 0.0457
5.0934 4.9006 5.0291 0.0457
5.0934 4.9006 5.0294 0.0459
5.0934 4.9006 5.0294 0.0459
5.0934 4.9006 5.0294 0.0459
5.0934 4.9006 5.0294 0.0459
5.0934 4.9006 5.0294 0.0459
5.0934 4.9006 5.0294 0.0459
5.0934 4.9006 5.0297 0.0460
5.0934 4.9006 5.0297 0.0460
5.0934 4.9006 5.0311 0.0443
5.0934 4.9006 5.0311 0.0443
5.0934 4.9006 5.0311 0.0443
5.0934 4.9006 5.0320 0.0433
5.0934 4.9006 5.0322 0.0430
5.0934 4.9006 5.0324 0.0432
5.0934 4.9006 5.0324 0.0432
5.0934 4.9006 5.0324 0.0432
5.0934 4.9006 5.0324 0.0432
5.0934 4.9006 5.0324 0.0432
5.0934 4.9006 5.0324 0.0432
5.0934 4.9006 5.0327 0.0433
5.0934 4.9006 5.0327 0.0433
5.0934 4.9006 5.0331 0.0428
5.0934 4.9006 5.0331 0.0428
5.0934 4.9006 5.0331 0.0428
5.0934 4.9006 5.0331 0.0428
5.0934 4.9006 5.0331 0.0428
5.0934 4.9006 5.0331 0.0428
5.0934 4.9006 5.0332 0.0428
5.0934 4.9006 5.0337 0.0420
5.0934 4.9006 5.0340 0.0421
5.0934 4.9006 5.0340 0.0421
5.0934 4.9006 5.0347 0.0420
5.0934 4.9006 5.0348 0.0420
5.0934 4.9006 5.0353 0.0411
5.0934 4.9006 5.0353 0.0411
5.0934 4.9006 5.0353 0.0411
5.0934 4.9006 5.0353 0.0411
5.0934 4.9006 5.0353 0.0411
5.0934 4.9006 5.0359 0.0407
5.0934 4.9006 5.0359 0.0407
5.0934 4.9006 5.0359 0.0407
5.0934 4.9006 5.0359 0.0407
5.0934 4.9006 5.0366 0.0405
5.0934 4.9006 5.0366 0.0405
5.0934 4.9006 5.0366 0.0405
5.0934 4.9006 5.0366 0.0405
5.0934 4.9006 5.0368 0.0401
5.0934 4.9006 5.0368 0.0401
5.0934 4.9006 5.0368 0.0401
5.0934 4.9006 5.0368 0.0401
5.0934 4.9006 5.0368 0.0401
5.0934 4.9006 5.0368 0.0401
5.0934 4.9006 5.0368 0.0401
5.0934 4.9006 5.0376 0.0396
5.0934 4.9006 5.0376 0.0396
5.0934 4.9006 5.0386 0.0387
5.0934 4.9006 5.0389 0.0388
5.0934 4.9006 5.0389 0.0388
5.0934 4.9006 5.0389 0.0388
5.0934 4.9006 5.0389 0.0388
5.0934 4.9006 5.0391 0.0389
5.0934 4.9006 5.0391 0.0389
5.0934 4.9006 5.0391 0.0389
5.0934 4.9006 5.0391 0.0389
5.0934 4.9006 5.0391 0.0389
5.0934 4.9006 5.0391 0.0389
5.0934 4.9006 5.0394 0.0390
5.0934 4.9006 5.0394 0.0390
5.0934 4.9006 5.0394 0.0390
5.0934 4.9006 5.0394 0.0390
5.0934 4.9006 5.0394 0.0390
5.0934 4.9006 5.0394 0.0390
5.0934 4.9006 5.0397 0.0391
5.0934 4.9006 5.0397 0.0391
5.0934 4.9006 5.0405 0.0381
5.0934 4.9006 5.0405 0.0381
5.0934 4.9006 5.0405 0.0381
5.0934 4.9006 5.0405 0.0381
5.0934 4.9006 5.0405 0.0381
5.0934 4.9006 5.0411 0.0376
5.0934 4.9006 5.0422 0.0367
5.0934 4.9006 5.0422 0.0367
5.0934 4.9006 5.0422 0.0367
5.0934 4.9006 5.0422 0.0367
5.0934 4.9006 5.0422 0.0367
5.0934 4.9006 5.0422 0.0367
5.0934 4.9006 5.0422 0.0367
5.0934 4.9006 5.0422 0.0367
5.0934 4.9006 5.0423 0.0367
5.0934 4.9006 5.0423 0.0367
5.0934 4.9006 5.0423 0.0367
5.0934 4.9006 5.0423 0.0367
5.0934 4.9006 5.0423 0.0367
5.0934 4.9006 5.0424 0.0367
5.0934 4.9006 5.0429 0.0366
5.0934 4.9006 5.0436 0.0362
5.0934 4.9006 5.0439 0.0363
5.0934 4.9006 5.0439 0.0363
5.0934 4.9006 5.0439 0.0363
5.0934 4.9006 5.0439 0.0363
5.0934 4.9006 5.0439 0.0363
5.0934 4.9006 5.0442 0.0363
5.0934 4.9006 5.0442 0.0363
5.0934 4.9006 5.0443 0.0364
5.0934 4.9006 5.0443 0.0364
5.0934 4.9006 5.0443 0.0364
5.0934 4.9006 5.0443 0.0364
5.0934 4.9006 5.0443 0.0364
5.0934 4.9006 5.0446 0.0365
5.0934 4.9006 5.0447 0.0365
5.0934 4.9006 5.0447 0.0365
5.0934 4.9006 5.0447 0.0365
5.0934 4.9006 5.0447 0.0365
5.0934 4.9006 5.0449 0.0366
5.0934 4.9006 5.0449 0.0366
5.0934 4.9006 5.0449 0.0366
5.0934 4.9006 5.0449 0.0366
5.0934 4.9006 5.0449 0.0366
5.0934 4.9006 5.0449 0.0366
5.0934 4.9006 5.0449 0.0366
5.0934 4.9006 5.0449 0.0366
5.0934 4.9006 5.0449 0.0366
5.0934 4.9006 5.0449 0.0366
5.0934 4.9006 5.0460 0.0354
5.0934 4.9006 5.0460 0.0355
5.0934 4.9006 5.0460 0.0355
5.0934 4.9006 5.0460 0.0355
5.0934 4.9006 5.0460 0.0355
5.0934 4.9006 5.0470 0.0343
5.0934 4.9006 5.0470 0.0343
5.0934 4.9006 5.0470 0.0343
5.0934 4.9006 5.0472 0.0343
5.0934 4.9006 5.0484 0.0330
5.0934 4.9006 5.0486 0.0330
5.0934 4.9006 5.0487 0.0330
5.0934 4.9006 5.0487 0.0330
5.0934 4.9274 5.0503 0.0296
5.0934 4.9274 5.0503 0.0296
5.0934 4.9274 5.0514 0.0289
5.0934 4.9274 5.0514 0.0289
5.0934 4.9274 5.0514 0.0289
5.0934 4.9274 5.0523 0.0272
5.0934 4.9274 5.0523 0.0272
5.0934 4.9274 5.0524 0.0272
5.0934 4.9274 5.0532 0.0260
5.0934 4.9274 5.0534 0.0261
5.0934 4.9274 5.0534 0.0261
5.0934 4.9274 5.0534 0.0261
5.0934 4.9274 5.0534 0.0261
5.0934 4.9274 5.0534 0.0261
5.0934 4.9520 5.0551 0.0231
5.0934 4.9520 5.0553 0.0231
5.0934 4.9520 5.0553 0.0231
5.0934 4.9520 5.0554 0.0231
5.0934 4.9520 5.0554 0.0231
5.0934 4.9520 5.0554 0.0231
5.0934 4.9520 5.0562 0.0223
5.0934 4.9520 5.0562 0.0222
5.0934 4.9520 5.0562 0.0222
5.0934 4.9520 5.0562 0.0222
5.0934 4.9520 5.0562 0.0222
5.1044 4.9520 5.0566 0.0227
5.1044 4.9520 5.0569 0.0226
5.1044 4.9520 5.0569 0.0226
5.1044 4.9520 5.0569 0.0226
5.1044 4.9520 5.0569 0.0226
5.1044 4.9520 5.0569 0.0226
5.1044 4.9520 5.0569 0.0226
5.1044 4.9520 5.0571 0.0225
5.1044 4.9520 5.0571 0.0225
5.1044 4.9520 5.0571 0.0225
5.1044 4.9520 5.0571 0.0225
5.1044 4.9520 5.0571 0.0225
5.1044 4.9520 5.0571 0.0225
5.1044 4.9520 5.0574 0.0228
5.1044 4.9520 5.0574 0.0228
5.1044 4.9520 5.0574 0.0228
5.1044 4.9520 5.0574 0.0228
5.1044 4.9520 5.0577 0.0230
5.1044 4.9520 5.0577 0.0230
5.1044 4.9520 5.0577 0.0230
5.1044 4.9520 5.0578 0.0230
5.1044 4.9520 5.0578 0.0230
5.1044 4.9520 5.0578 0.0230
5.1044 4.9520 5.0579 0.0230
5.1044 4.9520 5.0580 0.0231
5.1044 4.9520 5.0580 0.0231
5.1044 4.9520 5.0580 0.0231
5.1044 4.9520 5.0580 0.0231
5.1044 4.9520 5.0580 0.0231
5.1044 4.9520 5.0583 0.0230
5.1044 4.9520 5.0586 0.0230
5.1044 4.9520 5.0586 0.0230
5.1044 4.9520 5.0586 0.0230
5.1044 4.9520 5.0586 0.0230
5.1044 4.9520 5.0586 0.0230
5.1044 4.9520 5.0586 0.0230
5.1044 4.9520 5.0586 0.0230
5.1044 4.9520 5.0586 0.0230
5.1044 4.9520 5.0586 0.0230
5.1044 4.9520 5.0586 0.0230
5.1044 4.9520 5.0586 0.0230
5.1044 4.9520 5.0586 0.0230
5.1044 4.9520 5.0586 0.0230
5.1044 4.9520 5.0587 0.0229
5.1044 4.9520 5.0587 0.0229
5.1044 4.9520 5.0587 0.0229
5.1044 4.9520 5.0587 0.0229
5.1044 4.9520 5.0587 0.0229
5.1044 4.9520 5.0587 0.0229
5.1044 4.9520 5.0588 0.0230
5.1044 4.9520 5.0588 0.0230
5.1158 4.9520 5.0598 0.0243
5.1158 4.9520 5.0598 0.0243
5.1158 4.9520 5.0598 0.0243
5.1158 4.9520 5.0606 0.0232
5.1158 4.9520 5.0606 0.0232
5.1158 4.9520 5.0606 0.0232
5.1158 4.9520 5.0606 0.0232
5.1158 4.9520 5.0606 0.0232
5.1158 4.9520 5.0606 0.0232
5.1158 4.9520 5.0607 0.0233
5.1158 4.9520 5.0607 0.0233
5.1158 4.9520 5.0607 0.0233
5.1158 4.9520 5.0609 0.0235
5.1158 4.9520 5.0619 0.0217
5.1158 4.9520 5.0619 0.0217
5.1158 4.9520 5.0619 0.0217
5.1158 4.9520 5.0619 0.0217
5.1158 4.9520 5.0619 0.0217
5.1158 4.9520 5.0619 0.0217
5.1158 4.9520 5.0619 0.0217
5.1158 4.9520 5.0619 0.0217
5.1158 4.9520 5.0619 0.0217
5.1158 4.9520 5.0619 0.0217
5.1158 4.9520 5.0619 0.0217
5.1158 4.9520 5.0619 0.0217
5.1158 4.9520 5.0619 0.0217
5.1158 4.9520 5.0620 0.0217
5.1158 4.9520 5.0620 0.0217
5.1158 4.9520 5.0620 0.0217
5.1158 4.9520 5.0620 0.0217
5.1158 4.9520 5.0620 0.0217
5.1158 4.9520 5.0620 0.0217
5.1158 4.9520 5.0620 0.0217
5.1158 4.9520 5.0621 0.0217
5.1158 4.9520 5.0621 0.0217
5.1158 4.9520 5.0621 0.0217
5.1158 4.9520 5.0621 0.0217
5.1158 4.9520 5.0623 0.0219
5.1158 4.9520 5.0623 0.0219
5.1158 4.9520 5.0624 0.0219
5.1158 4.9520 5.0624 0.0219
5.1158 4.9520 5.0628 0.0225
5.1158 4.9520 5.0628 0.0225
5.1158 4.9520 5.0631 0.0228
5.1158 4.9520 5.0633 0.0229
5.1158 4.9935 5.0645 0.0200
5.1158 4.9935 5.0646 0.0200
5.1158 4.9935 5.0646 0.0200
5.1158 4.9935 5.0646 0.0200
5.1158 4.9935 5.0650 0.0200
5.1158 4.9935 5.0650 0.0200
5.1158 4.9935 5.0651 0.0200
5.1158 4.9935 5.0651 0.0199
5.1158 4.9935 5.0651 0.0199
5.1158 4.9935 5.0656 0.0205
5.1158 4.9935 5.0656 0.0205
5.1158 4.9935 5.0661 0.0202
5.1158 4.9935 5.0661 0.0202
5.1158 4.9935 5.0661 0.0202
5.1158 4.9935 5.0661 0.0202
5.1158 4.9935 5.0661 0.0202
5.1158 4.9935 5.0661 0.0202
5.1158 4.9935 5.0662 0.0203
5.1158 4.9935 5.0663 0.0203
5.1158 4.9935 5.0663 0.0203
5.1158 4.9935 5.0663 0.0203
5.1158 4.9935 5.0663 0.0203
5.1158 4.9935 5.0663 0.0203
5.1158 4.9935 5.0663 0.0203
5.1158 4.9935 5.0663 0.0203
5.1158 4.9935 5.0663 0.0203
5.1158 4.9935 5.0663 0.0203
5.1158 4.9935 5.0663 0.0203
5.1158 4.9935 5.0663 0.0203
5.1158 4.9935 5.0663 0.0203
5.1158 4.9935 5.0663 0.0203
5.1158 4.9935 5.0663 0.0203
5.1158 4.9935 5.0665 0.0203
5.1158 4.9935 5.0665 0.0203
5.1158 4.9935 5.0665 0.0203
5.1158 4.9935 5.0665 0.0203
5.1158 4.9935 5.0668 0.0202
5.1158 4.9935 5.0668 0.0202
5.1158 4.9935 5.0668 0.0202
5.1158 4.9935 5.0668 0.0202
5.1158 4.9935 5.0668 0.0202
5.1158 4.9935 5.0668 0.0202
5.1158 4.9935 5.0668 0.0202
5.1158 4.9935 5.0669 0.0202
5.1158 4.9935 5.0669 0.0202
5.1158 4.9935 5.0674 0.0202
5.1158 4.9935 5.0674 0.0202
5.1158 4.9935 5.0674 0.0202
5.1158 4.9935 5.0677 0.0203
5.1158 4.9935 5.0677 0.0203
5.1158 4.9935 5.0677 0.0203
5.1158 4.9935 5.0677 0.0203
5.1158 4.9935 5.0677 0.0203
5.1158 4.9935 5.0677 0.0203
5.1158 4.9935 5.0680 0.0203
5.1158 4.9935 5.0683 0.0204
5.1158 4.9935 5.0683 0.0204
5.1158 4.9935 5.0683 0.0204
5.1158 4.9935 5.0684 0.0205
5.1158 4.9935 5.0684 0.0205
5.1158 4.9935 5.0684 0.0205
5.1158 4.9935 5.0684 0.0205
5.1158 4.9935 5.0684 0.0205
5.1158 4.9935 5.0684 0.0205
5.1158 4.9935 5.0684 0.0205
5.1158 4.9935 5.0684 0.0205
5.1158 4.9935 5.0685 0.0203
5.1158 4.9935 5.0685 0.0203
5.1158 4.9935 5.0687 0.0204
5.1158 4.9935 5.0691 0.0206
5.1158 4.9941 5.0695 0.0194
5.1158 4.9941 5.0695 0.0194
5.1158 4.9941 5.0695 0.0194
5.1158 4.9941 5.0695 0.0194
5.1158 4.9941 5.0696 0.0194
5.1158 4.9941 5.0696 0.0194
5.1158 4.9941 5.0696 0.0194
5.1158 4.9941 5.0701 0.0199
5.1158 4.9941 5.0701 0.0199
5.1158 4.9941 5.0701 0.0199
5.1158 4.9941 5.0701 0.0199
5.1158 4.9941 5.0701 0.0199
5.1158 4.9941 5.0701 0.0199
5.1158 4.9941 5.0701 0.0199
5.1158 4.9941 5.0702 0.0199
5.1158 4.9941 5.0702 0.0199
5.1158 4.9941 5.0702 0.0199
5.1158 4.9941 5.0702 0.0199
5.1158 4.9941 5.0702 0.0199
5.1158 4.9941 5.0702 0.0199
5.1158 4.9941 5.0702 0.0199
5.1158 4.9941 5.0702 0.0199
5.1158 4.9941 5.0702 0.0199
5.1158 4.9941 5.0702 0.0199
5.1158 4.9941 5.0702 0.0199
5.1158 4.9941 5.0702 0.0199
5.1158 4.9941 5.0705 0.0197
5.1158 4.9941 5.0705 0.0197
5.1158 4.9941 5.0705 0.0197
5.1158 4.9941 5.0705 0.0197
5.1158 4.9941 5.0706 0.0197
5.1158 4.9941 5.0707 0.0197
5.1158 4.9941 5.0707 0.0197
5.1158 4.9941 5.0707 0.0198
5.1158 4.9941 5.0707 0.0198
5.1158 4.9941 5.0712 0.0197
5.1158 4.9941 5.0712 0.0197
5.1158 4.9941 5.0712 0.0197
5.1158 4.9941 5.0712 0.0197
5.1158 4.9941 5.0712 0.0197
5.1158 5.0205 5.0718 0.0182
5.1158 5.0205 5.0718 0.0182
5.1158 5.0205 5.0719 0.0182
5.1158 5.0205 5.0719 0.0182
5.1158 5.0205 5.0719 0.0182
5.1158 5.0205 5.0719 0.0182
5.1158 5.0205 5.0722 0.0178
5.1158 5.0205 5.0722 0.0178
5.1158 5.0205 5.0722 0.0178
5.1158 5.0205 5.0722 0.0178
5.1158 5.0205 5.0728 0.0183
5.1158 5.0205 5.0730 0.0184
5.1158 5.0205 5.0731 0.0184
5.1158 5.0205 5.0731 0.0184
5.1158 5.0205 5.0731 0.0184
5.1158 5.0205 5.0731 0.0184
5.1158 5.0205 5.0731 0.0184
5.1158 5.0205 5.0731 0.0184
5.1158 5.0205 5.0732 0.0183
5.1158 5.0205 5.0732 0.0183
5.1158 5.0205 5.0732 0.0183
5.1158 5.0205 5.0733 0.0183
5.1158 5.0205 5.0733 0.0183
5.1158 5.0205 5.0735 0.0184
5.1158 5.0205 5.0738 0.0187
5.1158 5.0205 5.0738 0.0187
5.1158 5.0205 5.0738 0.0187
5.1158 5.0205 5.0738 0.0187
5.1158 5.0205 5.0738 0.0187
5.1158 5.0205 5.0745 0.0189
5.1158 5.0205 5.0747 0.0190
5.1158 5.0205 5.0749 0.0188
5.1158 5.0205 5.0749 0.0188
5.1158 5.0205 5.0749 0.0188
5.1158 5.0205 5.0749 0.0188
5.1158 5.0205 5.0749 0.0188
5.1158 5.0205 5.0749 0.0188
5.1158 5.0205 5.0752 0.0188
5.1158 5.0205 5.0754 0.0189
5.1158 5.0205 5.0755 0.0188
5.1158 5.0205 5.0755 0.0188
5.1158 5.0205 5.0755 0.0188
5.1158 5.0205 5.0755 0.0188
5.1158 5.0205 5.0755 0.0188
5.1158 5.0205 5.0756 0.0188
5.1158 5.0205 5.0756 0.0188
5.1158 5.0205 5.0756 0.0188
5.1158 5.0205 5.0756 0.0188
5.1158 5.0205 5.0756 0.0188
5.1158 5.0205 5.0756 0.0188
5.1158 5.0205 5.0756 0.0188
5.1158 5.0205 5.0756 0.0188
5.1158 5.0205 5.0762 0.0185
5.1158 5.0205 5.0762 0.0185
5.1158 5.0205 5.0762 0.0185
5.1158 5.0205 5.0762 0.0185
5.1158 5.0205 5.0762 0.0185
5.1158 5.0205 5.0763 0.0185
5.1158 5.0205 5.0763 0.0185
5.1158 5.0205 5.0763 0.0185
5.1158 5.0205 5.0763 0.0185
5.1158 5.0205 5.0763 0.0185
5.1158 5.0205 5.0763 0.0185
5.1158 5.0205 5.0763 0.0185
5.1158 5.0205 5.0765 0.0184
5.1158 5.0205 5.0765 0.0184
5.1158 5.0205 5.0767 0.0184
5.1158 5.0205 5.0767 0.0184
5.1158 5.0205 5.0767 0.0184
5.1158 5.0205 5.0767 0.0184
5.1158 5.0205 5.0767 0.0184
5.1158 5.0205 5.0769 0.0184
5.1158 5.0205 5.0769 0.0184
5.1158 5.0205 5.0769 0.0184
5.1158 5.0205 5.0769 0.0184
5.1158 5.0205 5.0769 0.0184
5.1158 5.0205 5.0769 0.0184
5.1158 5.0205 5.0769 0.0184
5.1158 5.0205 5.0770 0.0184
5.1158 5.0205 5.0770 0.0184
5.1158 5.0205 5.0770 0.0184
5.1158 5.0205 5.0770 0.0184
5.1158 5.0205 5.0770 0.0184
5.1158 5.0205 5.0770 0.0184
5.1158 5.0205 5.0771 0.0184
5.1158 5.0205 5.0771 0.0184
5.1158 5.0205 5.0773 0.0184
5.1158 5.0205 5.0774 0.0184
5.1158 5.0205 5.0775 0.0184
5.1158 5.0205 5.0775 0.0184
5.1158 5.0205 5.0775 0.0184
5.1158 5.0205 5.0777 0.0187
5.1158 5.0205 5.0777 0.0187
5.1158 5.0205 5.0777 0.0187
5.1158 5.0205 5.0778 0.0187
5.1158 5.0205 5.0778 0.0187
5.1158 5.0205 5.0778 0.0187
5.1158 5.0205 5.0778 0.0187
5.1158 5.0205 5.0785 0.0184
5.1158 5.0205 5.0786 0.0185
5.1158 5.0205 5.0789 0.0180
5.1158 5.0205 5.0789 0.0180
5.1158 5.0205 5.0789 0.0180
5.1158 5.0205 5.0789 0.0180
5.1158 5.0205 5.0789 0.0180
5.1158 5.0205 5.0789 0.0180
5.1158 5.0205 5.0791 0.0180
5.1158 5.0205 5.0791 0.0180
5.1158 5.0205 5.0791 0.0180
5.1158 5.0205 5.0791 0.0180
5.1158 5.0205 5.0791 0.0180
5.1158 5.0205 5.0792 0.0179
5.1158 5.0205 5.0792 0.0179
5.1158 5.0205 5.0792 0.0179
5.1158 5.0205 5.0792 0.0179
5.1158 5.0205 5.0796 0.0177
5.1158 5.0205 5.0801 0.0180
5.1158 5.0205 5.0801 0.0180
5.1158 5.0205 5.0801 0.0180
5.1158 5.0205 5.0801 0.0180
5.1158 5.0205 5.0805 0.0177
5.1158 5.0205 5.0805 0.0177
5.1158 5.0205 5.0805 0.0177
5.1158 5.0205 5.0807 0.0177
5.1158 5.0205 5.0809 0.0177
5.1158 5.0205 5.0809 0.0177
5.1158 5.0205 5.0809 0.0177
5.1158 5.0205 5.0809 0.0177
5.1158 5.0205 5.0809 0.0177
5.1158 5.0205 5.0809 0.0177
5.1158 5.0205 5.0809 0.0177
5.1158 5.0205 5.0809 0.0177
5.1158 5.0205 5.0809 0.0177
5.1158 5.0205 5.0811 0.0179
5.1158 5.0205 5.0815 0.0181
5.1158 5.0205 5.0816 0.0183
5.1158 5.0205 5.0816 0.0183
5.1158 5.0205 5.0818 0.0182
5.1158 5.0366 5.0827 0.0174
5.1158 5.0366 5.0827 0.0174
5.1158 5.0366 5.0827 0.0174
5.1158 5.0366 5.0827 0.0174
5.1158 5.0366 5.0827 0.0174
5.1158 5.0366 5.0827 0.0174
5.1158 5.0366 5.0827 0.0174
5.1158 5.0366 5.0827 0.0174
5.1158 5.0366 5.0831 0.0177
5.1158 5.0366 5.0831 0.0177
5.1158 5.0366 5.0831 0.0177
5.1158 5.0366 5.0831 0.0177
5.1158 5.0366 5.0836 0.0180
5.1158 5.0366 5.0836 0.0180
5.1158 5.0366 5.0836 0.0180
5.1158 5.0366 5.0836 0.0180
5.1158 5.0366 5.0838 0.0181
5.1158 5.0366 5.0838 0.0181
5.1158 5.0366 5.0838 0.0181
5.1158 5.0366 5.0838 0.0181
5.1158 5.0366 5.0838 0.0181
5.1158 5.0366 5.0838 0.0181
5.1158 5.0366 5.0838 0.0181
5.1158 5.0366 5.0840 0.0184
5.1158 5.0366 5.0840 0.0184
5.1158 5.0366 5.0841 0.0183
5.1158 5.0366 5.0841 0.0183
5.1158 5.0366 5.0842 0.0182
5.1158 5.0366 5.0844 0.0184
5.1158 5.0366 5.0848 0.0185
5.1158 5.0366 5.0848 0.0185
5.1158 5.0366 5.0848 0.0185
5.1158 5.0366 5.0851 0.0184
5.1158 5.0366 5.0851 0.0184
5.1158 5.0366 5.0851 0.0184
5.1158 5.0366 5.0851 0.0184
5.1158 5.0366 5.0853 0.0183
5.1158 5.0366 5.0853 0.0183
5.1158 5.0366 5.0853 0.0183
5.1158 5.0366 5.0853 0.0183
5.1158 5.0366 5.0853 0.0183
5.1158 5.0366 5.0853 0.0183
5.1158 5.0366 5.0853 0.0183
5.1158 5.0366 5.0853 0.0183
5.1158 5.0366 5.0853 0.0183
5.1158 5.0366 5.0853 0.0183
5.1158 5.0366 5.0857 0.0184
5.1158 5.0366 5.0857 0.0184
5.1158 5.0366 5.0857 0.0184
5.1158 5.0366 5.0857 0.0184
5.1158 5.0366 5.0857 0.0184
5.1158 5.0372 5.0865 0.0180
5.1158 5.0372 5.0865 0.0180
5.1158 5.0372 5.0865 0.0180
5.1158 5.0372 5.0865 0.0180
5.1158 5.0372 5.0866 0.0179
5.1158 5.0372 5.0866 0.0179
5.1158 5.0372 5.0866 0.0179
5.1158 5.0372 5.0866 0.0179
5.1158 5.0372 5.0866 0.0179
5.1158 5.0372 5.0868 0.0181
5.1158 5.0372 5.0868 0.0181
5.1158 5.0372 5.0868 0.0181
5.1158 5.0372 5.0868 0.0181
5.1158 5.0372 5.0869 0.0181
5.1158 5.0372 5.0869 0.0181
5.1158 5.0372 5.0872 0.0183
5.1158 5.0372 5.0872 0.0183
5.1158 5.0372 5.0872 0.0183
5.1158 5.0372 5.0872 0.0183
5.1158 5.0372 5.0877 0.0185
5.1158 5.0372 5.0877 0.0185
5.1159 5.0372 5.0882 0.0184
5.1159 5.0372 5.0882 0.0184
5.1159 5.0372 5.0882 0.0184
5.1159 5.0372 5.0882 0.0184
5.1159 5.0372 5.0882 0.0184
5.1159 5.0372 5.0882 0.0184
5.1159 5.0372 5.0882 0.0184
5.1159 5.0372 5.0882 0.0184
5.1159 5.0372 5.0882 0.0184
5.1159 5.0372 5.0882 0.0184
5.1159 5.0372 5.0883 0.0185
5.1159 5.0372 5.0883 0.0185
5.1159 5.0372 5.0883 0.0185
5.1159 5.0372 5.0885 0.0186
5.1159 5.0372 5.0888 0.0186
5.1159 5.0372 5.0888 0.0186
5.1159 5.0372 5.0888 0.0186
5.1159 5.0372 5.0888 0.0186
5.1159 5.0372 5.0888 0.0186
5.1159 5.0372 5.0888 0.0186
5.1159 5.0372 5.0891 0.0186
5.1159 5.0372 5.0891 0.0186
5.1159 5.0372 5.0891 0.0186
5.1159 5.0372 5.0891 0.0186
5.1159 5.0372 5.0894 0.0185
5.1159 5.0372 5.0896 0.0185
5.1159 5.0372 5.0896 0.0185
5.1159 5.0372 5.0896 0.0185
5.1159 5.0372 5.0896 0.0185
5.1159 5.0372 5.0896 0.0185
5.1159 5.0372 5.0896 0.0185
5.1159 5.0372 5.0896 0.0185
5.1159 5.0372 5.0896 0.0185
5.1159 5.0372 5.0896 0.0185
5.1159 5.0372 5.0897 0.0186
5.1159 5.0372 5.0900 0.0184
5.1159 5.0372 5.0900 0.0184
5.1159 5.0372 5.0903 0.0184
5.1159 5.0372 5.0904 0.0183
5.1159 5.0372 5.0904 0.0183
5.1159 5.0372 5.0904 0.0183
5.1159 5.0372 5.0908 0.0183
5.1159 5.0372 5.0908 0.0183
5.1159 5.0372 5.0908 0.0183
5.1159 5.0372 5.0912 0.0184
5.1159 5.0372 5.0912 0.0184
5.1159 5.0372 5.0912 0.0184
5.1159 5.0372 5.0912 0.0184
5.1159 5.0372 5.0914 0.0182
5.1159 5.0372 5.0914 0.0182
5.1159 5.0372 5.0914 0.0182
5.1159 5.0372 5.0914 0.0182
5.1159 5.0372 5.0915 0.0183
5.1159 5.0372 5.0917 0.0185
5.1159 5.0372 5.0919 0.0186
5.1159 5.0372 5.0919 0.0186
5.1159 5.0372 5.0919 0.0186
5.1159 5.0372 5.0921 0.0185
5.1159 5.0372 5.0921 0.0185
5.1159 5.0372 5.0927 0.0180
5.1159 5.0372 5.0930 0.0181
5.1159 5.0372 5.0932 0.0182
5.1159 5.0372 5.0932 0.0182
5.1159 5.0372 5.0932 0.0182
5.1159 5.0372 5.0932 0.0182
5.1159 5.0372 5.0934 0.0183
5.1159 5.0372 5.0937 0.0181
5.1159 5.0372 5.0937 0.0181
5.1159 5.0372 5.0937 0.0181
5.1159 5.0372 5.0937 0.0181
5.1159 5.0372 5.0937 0.0181
5.1159 5.0372 5.0937 0.0181
5.1159 5.0372 5.0938 0.0182
5.1159 5.0372 5.0938 0.0182
5.1159 5.0372 5.0941 0.0180
5.1159 5.0372 5.0941 0.0180
5.1159 5.0372 5.0941 0.0180
5.1159 5.0372 5.0941 0.0180
5.1159 5.0372 5.0942 0.0181
5.1159 5.0372 5.0942 0.0181
5.1159 5.0372 5.0942 0.0181
5.1159 5.0372 5.0944 0.0181
5.1159 5.0372 5.0944 0.0181
5.1159 5.0372 5.0945 0.0181
5.1159 5.0372 5.0946 0.0181
5.1159 5.0372 5.0949 0.0182
5.1159 5.0372 5.0952 0.0183
5.1159 5.0372 5.0953 0.0184
5.1159 5.0372 5.0954 0.0183
5.1159 5.0372 5.0954 0.0183
5.1159 5.0372 5.0954 0.0183
5.1159 5.0372 5.0954 0.0183
5.1159 5.0372 5.0954 0.0183
5.1159 5.0372 5.0954 0.0183
5.1159 5.0372 5.0954 0.0183
5.1159 5.0372 5.0954 0.0183
5.1159 5.0372 5.0954 0.0183
5.1159 5.0372 5.0954 0.0183
5.1159 5.0372 5.0954 0.0183
5.1159 5.0372 5.0954 0.0183
5.1159 5.0372 5.0954 0.0183
5.1159 5.0372 5.0958 0.0181
5.1159 5.0372 5.0959 0.0182
5.1159 5.0372 5.0959 0.0182
5.1159 5.0372 5.0962 0.0179
5.1159 5.0372 5.0964 0.0181
5.1159 5.0372 5.0964 0.0181
5.1159 5.0372 5.0964 0.0181
5.1159 5.0372 5.0964 0.0181
5.1159 5.0372 5.0964 0.0181
5.1159 5.0372 5.0965 0.0179
5.1159 5.0372 5.0965 0.0179
5.1159 5.0372 5.0965 0.0179
5.1159 5.0372 5.0967 0.0180
5.1159 5.0372 5.0967 0.0180
5.1159 5.0372 5.0967 0.0180
5.1159 5.0372 5.0969 0.0181
5.1159 5.0372 5.0969 0.0181
5.1159 5.0372 5.0970 0.0181
5.1159 5.0372 5.0970 0.0181
5.1159 5.0372 5.0970 0.0181
5.1159 5.0372 5.0970 0.0181
5.1159 5.0372 5.0970 0.0181
5.1159 5.0372 5.0970 0.0181
5.1159 5.0372 5.0970 0.0181
5.1159 5.0372 5.0970 0.0181
5.1159 5.0372 5.0970 0.0181
5.1159 5.0372 5.0970 0.0181
5.1159 5.0372 5.0970 0.0181
5.1159 5.0372 5.0970 0.0181
5.1159 5.0372 5.0974 0.0181
5.1159 5.0372 5.0975 0.0182
5.1159 5.0372 5.0975 0.0182
5.1159 5.0372 5.0975 0.0182
5.1159 5.0372 5.0975 0.0182
5.1599 5.0372 5.0980 0.0192
5.1599 5.0372 5.0980 0.0192
5.1599 5.0372 5.0980 0.0192
5.1599 5.0372 5.0980 0.0192
5.1599 5.0372 5.0980 0.0192
5.1599 5.0372 5.0980 0.0192
5.1599 5.0372 5.0983 0.0192
5.1599 5.0372 5.0990 0.0202
5.1599 5.0372 5.0993 0.0201
5.1599 5.0372 5.0993 0.0201
5.1599 5.0372 5.0993 0.0201
5.1599 5.0372 5.0998 0.0199
5.1599 5.0372 5.1002 0.0196
5.1599 5.0372 5.1002 0.0196
5.1599 5.0372 5.1002 0.0196
5.1599 5.0372 5.1005 0.0197
5.1599 5.0372 5.1005 0.0197
5.1599 5.0372 5.1005 0.0197
5.1599 5.0372 5.1008 0.0196
5.1599 5.0372 5.1010 0.0194
5.1599 5.0372 5.1010 0.0194
5.1599 5.0372 5.1010 0.0194
5.1599 5.0372 5.1010 0.0194
5.1599 5.0372 5.1010 0.0194
5.1599 5.0669 5.1013 0.0187
5.1599 5.0669 5.1014 0.0186
5.1599 5.0669 5.1014 0.0186
5.1599 5.0669 5.1014 0.0186
5.1599 5.0669 5.1014 0.0186
5.1599 5.0669 5.1014 0.0186
5.1599 5.0669 5.1014 0.0186
5.1599 5.0669 5.1019 0.0184
5.1599 5.0669 5.1019 0.0184
5.1599 5.0669 5.1019 0.0184
5.1599 5.0669 5.1019 0.0184
5.1599 5.0669 5.1019 0.0184
5.1599 5.0669 5.1019 0.0184
5.1599 5.0669 5.1019 0.0184
5.1599 5.0669 5.1019 0.0184
5.1599 5.0669 5.1019 0.0184
5.1599 5.0669 5.1020 0.0184
5.1599 5.0669 5.1022 0.0183
5.1599 5.0669 5.1022 0.0183
5.1599 5.0669 5.1022 0.0183
5.1599 5.0669 5.1022 0.0183
5.1599 5.0669 5.1022 0.0183
5.1599 5.0669 5.1022 0.0183
5.1599 5.0669 5.1024 0.0183
5.1599 5.0669 5.1024 0.0183
5.1599 5.0669 5.1024 0.0183
5.1599 5.0669 5.1024 0.0183
5.1599 5.0669 5.1028 0.0182
5.1599 5.0669 5.1028 0.0182
5.1599 5.0669 5.1028 0.0182
5.1599 5.0669 5.1028 0.0182
5.1599 5.0669 5.1028 0.0182
5.1599 5.0669 5.1028 0.0182
5.1599 5.0669 5.1028 0.0182
5.1599 5.0669 5.1028 0.0182
5.1599 5.0669 5.1028 0.0182
5.1599 5.0669 5.1028 0.0182
5.1599 5.0669 5.1029 0.0181
5.1599 5.0669 5.1029 0.0181
5.1599 5.0669 5.1029 0.0181
5.1599 5.0669 5.1029 0.0181
5.1599 5.0669 5.1029 0.0181
5.1599 5.0669 5.1029 0.0181
5.1599 5.0669 5.1029 0.0181
5.1599 5.0669 5.1030 0.0180
5.1599 5.0669 5.1030 0.0180
5.1599 5.0669 5.1030 0.0180
5.1599 5.0669 5.1030 0.0180
5.1599 5.0669 5.1030 0.0180
5.1599 5.0669 5.1030 0.0180
5.1599 5.0669 5.1030 0.0180
5.1599 5.0669 5.1030 0.0180
5.1599 5.0669 5.1030 0.0180
5.1599 5.0669 5.1030 0.0180
5.1599 5.0669 5.1030 0.0180
5.1599 5.0669 5.1030 0.0180
5.1599 5.0669 5.1030 0.0180
5.1599 5.0669 5.1030 0.0180
5.1599 5.0669 5.1035 0.0177
5.1599 5.0669 5.1035 0.0177
5.1599 5.0669 5.1035 0.0177
5.1599 5.0669 5.1035 0.0177
5.1599 5.0669 5.1036 0.0177
5.1599 5.0669 5.1036 0.0177
5.1599 5.0669 5.1036 0.0177
5.1599 5.0669 5.1044 0.0184
5.1599 5.0669 5.1045 0.0184
5.1599 5.0669 5.1046 0.0185
5.1599 5.0669 5.1046 0.0185
5.1599 5.0669 5.1046 0.0185
5.1599 5.0669 5.1046 0.0185
5.1599 5.0669 5.1051 0.0184
5.1599 5.0669 5.1051 0.0184
5.1599 5.0669 5.1052 0.0184
5.1599 5.0669 5.1052 0.0184
5.1599 5.0669 5.1052 0.0184
5.1599 5.0669 5.1052 0.0184
5.1599 5.0669 5.1052 0.0184
5.1599 5.0669 5.1052 0.0184
5.1599 5.0669 5.1052 0.0184
5.1599 5.0669 5.1052 0.0184
5.1599 5.0669 5.1054 0.0184
5.1599 5.0669 5.1054 0.0184
5.1599 5.0669 5.1054 0.0184
5.1599 5.0669 5.1054 0.0184
5.1599 5.0669 5.1055 0.0184
5.1599 5.0669 5.1058 0.0184
5.1599 5.0669 5.1058 0.0184
5.1599 5.0669 5.1058 0.0184
5.1599 5.0669 5.1058 0.0184
5.1599 5.0669 5.1058 0.0184
5.1599 5.0669 5.1058 0.0184
5.1599 5.0669 5.1059 0.0184
5.1599 5.0669 5.1059 0.0184
5.1599 5.0669 5.1059 0.0184
5.1599 5.0669 5.1059 0.0184
5.1599 5.0669 5.1060 0.0184
5.1599 5.0669 5.1060 0.0184
5.1599 5.0669 5.1060 0.0184
5.1599 5.0669 5.1060 0.0184
5.1599 5.0669 5.1060 0.0184
5.1599 5.0669 5.1060 0.0184
5.1599 5.0669 5.1060 0.0184
5.1599 5.0676 5.1065 0.0180
5.1599 5.0676 5.1065 0.0180
5.1599 5.0676 5.1066 0.0180
5.1599 5.0676 5.1066 0.0180
5.1599 5.0676 5.1066 0.0180
5.1599 5.0676 5.1066 0.0180
5.1599 5.0676 5.1068 0.0178
5.1599 5.0676 5.1070 0.0177
5.1599 5.0676 5.1070 0.0177
5.1599 5.0676 5.1070 0.0177
5.1599 5.0676 5.1070 0.0177
5.1599 5.0676 5.1072 0.0178
5.1599 5.0676 5.1072 0.0178
5.1599 5.0676 5.1076 0.0173
5.1599 5.0676 5.1076 0.0173
5.1599 5.0676 5.1077 0.0173
5.1599 5.0676 5.1077 0.0173
5.1599 5.0676 5.1077 0.0173
5.1599 5.0676 5.1081 0.0181
5.1599 5.0676 5.1081 0.0181
5.1599 5.0676 5.1081 0.0181
5.1599 5.0676 5.1081 0.0181
5.1599 5.0676 5.1082 0.0181
5.1599 5.0676 5.1083 0.0181
5.1599 5.0676 5.1083 0.0181
5.1599 5.0676 5.1083 0.0181
5.1599 5.0676 5.1084 0.0181
5.1599 5.0676 5.1084 0.0181
5.1599 5.0676 5.1084 0.0181
5.1599 5.0676 5.1084 0.0181
5.1599 5.0676 5.1084 0.0181
5.1599 5.0676 5.1084 0.0181
5.1599 5.0676 5.1084 0.0181
5.1599 5.0676 5.1084 0.0181
5.1599 5.0676 5.1084 0.0181
5.1599 5.0676 5.1084 0.0181
5.1599 5.0676 5.1084 0.0181
5.1599 5.0676 5.1084 0.0181
5.1599 5.0676 5.1084 0.0181
5.1599 5.0676 5.1085 0.0181
5.1599 5.0676 5.1085 0.0181
5.1599 5.0676 5.1085 0.0181
5.1599 5.0676 5.1085 0.0181
5.1599 5.0676 5.1085 0.0181
5.1599 5.0676 5.1085 0.0181
5.1599 5.0676 5.1085 0.0181
5.1599 5.0676 5.1085 0.0181
5.1599 5.0676 5.1085 0.0181
5.1599 5.0676 5.1085 0.0181
5.1599 5.0676 5.1085 0.0181
5.1599 5.0676 5.1085 0.0181
5.1599 5.0676 5.1086 0.0181
5.1599 5.0676 5.1086 0.0181
5.1599 5.0676 5.1086 0.0181
5.1599 5.0676 5.1086 0.0181
5.1599 5.0676 5.1086 0.0181
5.1599 5.0676 5.1086 0.0181
5.1599 5.0676 5.1087 0.0181
5.1599 5.0676 5.1087 0.0181
5.1599 5.0676 5.1087 0.0181
5.1599 5.0676 5.1087 0.0181
5.1599 5.0676 5.1087 0.0181
5.1599 5.0676 5.1087 0.0181
5.1599 5.0676 5.1087 0.0181
5.1599 5.0676 5.1091 0.0176
5.1599 5.0676 5.1092 0.0176
5.1599 5.0676 5.1092 0.0176
5.1599 5.0676 5.1092 0.0176
5.1599 5.0676 5.1093 0.0176
5.1599 5.0676 5.1093 0.0176
5.1599 5.0676 5.1098 0.0171
5.1599 5.0676 5.1098 0.0171
5.1599 5.0676 5.1098 0.0171
5.1599 5.0676 5.1103 0.0166
5.1599 5.0676 5.1103 0.0166
5.1599 5.0676 5.1103 0.0166
5.1599 5.0676 5.1103 0.0166
5.1599 5.0676 5.1103 0.0166
5.1599 5.0676 5.1103 0.0166
5.1599 5.0676 5.1103 0.0166
5.1599 5.0676 5.1103 0.0166
5.1599 5.0676 5.1103 0.0166
5.1599 5.0676 5.1103 0.0166
5.1599 5.0676 5.1103 0.0166
5.1599 5.0676 5.1103 0.0166
5.1599 5.0676 5.1103 0.0166
5.1599 5.0676 5.1105 0.0166
5.1599 5.0676 5.1105 0.0166
5.1599 5.0676 5.1110 0.0173
5.1599 5.0676 5.1110 0.0173
5.1599 5.0676 5.1110 0.0173
5.1599 5.0676 5.1110 0.0173
5.1599 5.0676 5.1110 0.0173
5.1599 5.0676 5.1110 0.0173
5.1617 5.0676 5.1114 0.0180
5.1617 5.0676 5.1114 0.0180
5.1617 5.0676 5.1118 0.0178
5.1617 5.0676 5.1118 0.0178
5.1617 5.0676 5.1118 0.0178
5.1617 5.0676 5.1118 0.0178
5.1617 5.0676 5.1118 0.0178
5.1617 5.0676 5.1118 0.0178
5.1617 5.0676 5.1118 0.0178
5.1617 5.0676 5.1121 0.0175
5.1617 5.0676 5.1123 0.0174
5.1617 5.0676 5.1123 0.0174
5.1617 5.0676 5.1123 0.0174
5.1617 5.0676 5.1123 0.0174
5.1617 5.0676 5.1126 0.0173
5.1617 5.0676 5.1126 0.0173
5.1617 5.0676 5.1130 0.0167
5.1617 5.0676 5.1130 0.0167
5.1763 5.0676 5.1138 0.0184
5.1763 5.0676 5.1142 0.0178
5.1763 5.0676 5.1142 0.0178
5.1763 5.0676 5.1142 0.0178
5.1763 5.0676 5.1142 0.0178
5.1763 5.0676 5.1142 0.0178
5.1763 5.0676 5.1150 0.0187
5.1763 5.0676 5.1150 0.0187
5.1763 5.0676 5.1150 0.0187
5.1763 5.0676 5.1150 0.0187
5.1763 5.0676 5.1150 0.0187
5.1763 5.0676 5.1150 0.0187
5.1763 5.0676 5.1150 0.0187
5.1763 5.0676 5.1150 0.0187
5.1763 5.0676 5.1150 0.0187
5.1763 5.0676 5.1153 0.0185
5.1763 5.0676 5.1153 0.0185
5.1763 5.0676 5.1153 0.0185
5.1763 5.0676 5.1153 0.0185
5.1763 5.0676 5.1153 0.0185
5.1763 5.0676 5.1156 0.0184
5.1763 5.0676 5.1156 0.0184
5.1763 5.0676 5.1156 0.0184
5.1763 5.0676 5.1156 0.0184
5.1763 5.0676 5.1156 0.0184
5.1763 5.0676 5.1156 0.0184
5.1763 5.0676 5.1157 0.0184
5.1763 5.0676 5.1161 0.0189
5.1763 5.0676 5.1164 0.0187
5.1763 5.0676 5.1165 0.0187
5.1763 5.0676 5.1165 0.0187
5.1763 5.0676 5.1165 0.0187
5.1763 5.0676 5.1165 0.0187
5.1763 5.0676 5.1171 0.0197
5.1763 5.0676 5.1171 0.0197
5.1763 5.0676 5.1176 0.0190
5.1763 5.0676 5.1176 0.0190
5.1763 5.0676 5.1177 0.0190
5.1763 5.0676 5.1177 0.0190
5.1763 5.0676 5.1177 0.0190
5.1763 5.0676 5.1177 0.0190
5.1763 5.0676 5.1180 0.0186
5.1763 5.0676 5.1180 0.0186
5.1763 5.0676 5.1180 0.0186
5.1763 5.0676 5.1180 0.0186
5.1763 5.0676 5.1184 0.0181
5.1763 5.0676 5.1184 0.0181
5.1763 5.0676 5.1184 0.0181
5.1763 5.0676 5.1186 0.0180
5.1763 5.0676 5.1188 0.0178
5.1763 5.0676 5.1188 0.0178
5.1763 5.0676 5.1188 0.0178
5.1763 5.0676 5.1188 0.0178
5.1763 5.0676 5.1188 0.0178
5.1763 5.0676 5.1188 0.0178
5.1763 5.0676 5.1188 0.0178
5.1763 5.0676 5.1188 0.0178
5.1763 5.0676 5.1188 0.0178
5.1763 5.0676 5.1188 0.0178
5.1763 5.0676 5.1193 0.0183
5.1763 5.0676 5.1193 0.0183
5.1763 5.0676 5.1193 0.0183
5.1763 5.0676 5.1193 0.0183
5.1763 5.0676 5.1193 0.0183
5.1763 5.0676 5.1193 0.0183
5.1763 5.0676 5.1193 0.0183
5.1763 5.0676 5.1197 0.0188
5.1763 5.0676 5.1197 0.0188
5.1763 5.0676 5.1197 0.0188
5.1763 5.0676 5.1198 0.0187
5.1763 5.0676 5.1198 0.0187
5.1763 5.0676 5.1198 0.0187
5.1763 5.0676 5.1202 0.0183
5.1763 5.0676 5.1202 0.0183
5.1763 5.0676 5.1202 0.0183
5.1763 5.0676 5.1202 0.0183
5.1763 5.0676 5.1203 0.0182
5.1763 5.0676 5.1203 0.0182
5.1763 5.0676 5.1209 0.0187
5.1763 5.0676 5.1209 0.0187
5.1763 5.0676 5.1210 0.0187
5.1763 5.0676 5.1210 0.0187
5.1763 5.0676 5.1210 0.0187
5.1763 5.0676 5.1210 0.0187
5.1763 5.0676 5.1210 0.0187
5.1763 5.0676 5.1210 0.0187
5.1763 5.0676 5.1210 0.0187
5.1763 5.0676 5.1211 0.0186
5.1763 5.0676 5.1213 0.0186
5.1763 5.0676 5.1213 0.0186
5.1763 5.0676 5.1213 0.0186
5.1763 5.0676 5.1213 0.0186
5.1763 5.0676 5.1213 0.0186
5.1763 5.0676 5.1213 0.0186
5.1763 5.0676 5.1213 0.0186
5.1763 5.0676 5.1213 0.0186
5.1763 5.0676 5.1213 0.0186
5.1763 5.0676 5.1213 0.0186
5.1763 5.0676 5.1213 0.0186
5.1763 5.0676 5.1213 0.0186
5.1763 5.0676 5.1213 0.0186
5.1763 5.0676 5.1213 0.0186
5.1763 5.0676 5.1213 0.0186
5.1763 5.0676 5.1213 0.0186
5.1763 5.0676 5.1213 0.0186
5.1763 5.0676 5.1213 0.0186
5.1763 5.0676 5.1213 0.0186
5.1763 5.0676 5.1214 0.0186
5.1763 5.0676 5.1214 0.0186
5.1763 5.0676 5.1214 0.0186
5.1763 5.0676 5.1215 0.0186
5.1763 5.0676 5.1215 0.0186
5.1763 5.0676 5.1215 0.0186
5.1763 5.0676 5.1216 0.0186
5.1763 5.0676 5.1216 0.0186
5.1763 5.0676 5.1216 0.0186
5.1763 5.0676 5.1216 0.0186
5.1763 5.0676 5.1216 0.0186
5.1763 5.0676 5.1216 0.0186
5.1763 5.0676 5.1216 0.0186
5.1763 5.0676 5.1216 0.0186
5.1763 5.0676 5.1217 0.0186
5.1763 5.0676 5.1223 0.0193
5.1763 5.0676 5.1223 0.0193
5.1763 5.0676 5.1223 0.0193
5.1763 5.0676 5.1225 0.0193
5.1763 5.0676 5.1225 0.0193
5.1763 5.0676 5.1225 0.0193
5.1763 5.0676 5.1225 0.0193
5.1763 5.0676 5.1225 0.0193
5.1763 5.0676 5.1225 0.0193
5.1763 5.0676 5.1225 0.0193
5.1763 5.0676 5.1225 0.0193
5.1763 5.0676 5.1225 0.0193
5.1763 5.0676 5.1225 0.0193
5.1763 5.0676 5.1225 0.0193
5.1763 5.0676 5.1225 0.0193
5.1763 5.0676 5.1225 0.0193
5.2461 5.0676 5.1232 0.0223
5.2461 5.0676 5.1232 0.0223
5.2461 5.0676 5.1240 0.0226
5.2461 5.0676 5.1245 0.0229
5.2461 5.0676 5.1245 0.0229
5.2461 5.0676 5.1245 0.0229
5.2461 5.0676 5.1251 0.0231
5.2461 5.0676 5.1252 0.0231
5.2461 5.0676 5.1252 0.0231
5.2461 5.0676 5.1252 0.0231
5.2461 5.0676 5.1252 0.0231
5.2461 5.0676 5.1252 0.0231
5.2461 5.0676 5.1252 0.0231
5.2461 5.0676 5.1252 0.0231
5.2461 5.0676 5.1252 0.0231
5.2461 5.0676 5.1252 0.0231
5.2461 5.0676 5.1252 0.0231
5.2461 5.0676 5.1252 0.0231
5.2461 5.0676 5.1253 0.0231
5.2461 5.0676 5.1257 0.0233
5.2461 5.0676 5.1257 0.0233
5.2461 5.0676 5.1258 0.0233
5.2461 5.0676 5.1258 0.0233
5.2461 5.0676 5.1258 0.0233
5.2461 5.0676 5.1258 0.0233
5.2461 5.0676 5.1258 0.0233
5.2461 5.0676 5.1259 0.0232
5.2461 5.0676 5.1259 0.0232
5.2461 5.0676 5.1259 0.0232
5.2461 5.0676 5.1259 0.0232
5.2461 5.0676 5.1259 0.0232
5.2461 5.0676 5.1259 0.0232
5.2461 5.0676 5.1259 0.0232
5.2461 5.0676 5.1259 0.0232
5.2461 5.0676 5.1259 0.0232
5.2461 5.0676 5.1259 0.0232
5.2461 5.0676 5.1259 0.0232
5.2461 5.0676 5.1259 0.0232
5.2461 5.0676 5.1259 0.0232
5.2461 5.0676 5.1259 0.0232
5.2461 5.0676 5.1259 0.0232
5.2461 5.0676 5.1259 0.0232
5.2461 5.0676 5.1259 0.0232
5.2461 5.0676 5.1259 0.0232
5.2461 5.0676 5.1259 0.0232
5.2461 5.0676 5.1259 0.0232
5.2461 5.0676 5.1259 0.0232
5.2461 5.0676 5.1259 0.0232
5.2461 5.0676 5.1259 0.0232
5.2461 5.0676 5.1259 0.0232
5.2461 5.0676 5.1259 0.0232
5.2461 5.0676 5.1259 0.0232
5.2461 5.0676 5.1259 0.0232
5.2461 5.0676 5.1259 0.0232
5.2461 5.0676 5.1259 0.0232
5.2461 5.0676 5.1259 0.0232
5.2461 5.0676 5.1259 0.0232
5.2461 5.0676 5.1259 0.0232
5.2461 5.0676 5.1261 0.0235
5.2461 5.0676 5.1261 0.0235
5.2461 5.0676 5.1261 0.0235
5.2461 5.0676 5.1261 0.0235
5.2461 5.0676 5.1261 0.0235
5.2461 5.0676 5.1261 0.0235
5.2461 5.0676 5.1261 0.0235
5.2461 5.0676 5.1261 0.0235
5.2461 5.0676 5.1261 0.0235
5.2461 5.0676 5.1261 0.0235
5.2461 5.0676 5.1261 0.0235
5.2461 5.0676 5.1261 0.0235
5.2461 5.0676 5.1261 0.0235
5.2461 5.0676 5.1261 0.0235
5.2461 5.0676 5.1261 0.0235
5.2461 5.0676 5.1261 0.0235
5.2461 5.0676 5.1262 0.0235
5.2461 5.0676 5.1262 0.0235
5.2461 5.0676 5.1262 0.0235
5.2461 5.0676 5.1262 0.0235
5.2461 5.0676 5.1262 0.0235
5.2461 5.0676 5.1262 0.0235
5.2461 5.0676 5.1266 0.0238
5.2461 5.0676 5.1266 0.0238
5.2461 5.0676 5.1266 0.0238
5.2461 5.0676 5.1266 0.0238
5.2461 5.0676 5.1267 0.0237
5.2461 5.0676 5.1268 0.0237
5.2461 5.0676 5.1268 0.0237
5.2461 5.0676 5.1268 0.0237
5.2461 5.0676 5.1268 0.0237
5.2461 5.0676 5.1268 0.0237
5.2461 5.0676 5.1268 0.0237
5.2461 5.0676 5.1268 0.0237
5.2461 5.0676 5.1269 0.0237
5.2461 5.0676 5.1269 0.0237
5.2461 5.0676 5.1269 0.0237
5.2461 5.0676 5.1269 0.0237
5.2461 5.0676 5.1269 0.0237
5.2461 5.0676 5.1269 0.0237
5.2461 5.0676 5.1269 0.0237
5.2461 5.0676 5.1269 0.0237
5.2461 5.0676 5.1269 0.0237
5.2461 5.0676 5.1273 0.0239
5.2461 5.0676 5.1273 0.0239
5.2461 5.0676 5.1273 0.0239
5.2461 5.0676 5.1278 0.0244
5.2461 5.0676 5.1281 0.0246
5.2461 5.0676 5.1281 0.0246
5.2461 5.0676 5.1281 0.0246
5.2461 5.0676 5.1281 0.0246
5.2461 5.0676 5.1281 0.0246
5.2461 5.0676 5.1281 0.0246
5.2461 5.0676 5.1281 0.0246
5.2461 5.0676 5.1281 0.0246
5.2461 5.0676 5.1281 0.0246
5.2461 5.0676 5.1282 0.0246
5.2461 5.0676 5.1282 0.0246
5.2461 5.0676 5.1283 0.0245
5.2461 5.0676 5.1283 0.0245
5.2461 5.0676 5.1287 0.0247
5.2461 5.0676 5.1287 0.0247
5.2461 5.0676 5.1287 0.0247
5.2461 5.0676 5.1287 0.0247
5.2461 5.0676 5.1287 0.0247
5.2461 5.0676 5.1287 0.0247
5.2461 5.0676 5.1290 0.0249
5.2461 5.0676 5.1290 0.0249
5.2461 5.0676 5.1290 0.0249
5.2461 5.0676 5.1295 0.0251
5.2461 5.0676 5.1295 0.0251
5.2461 5.0676 5.1295 0.0251
5.2461 5.0676 5.1295 0.0251
5.2461 5.0676 5.1295 0.0251
5.2461 5.0676 5.1300 0.0253
5.2461 5.0676 5.1300 0.0253
5.2461 5.0676 5.1304 0.0254
5.2461 5.0676 5.1304 0.0254
5.2461 5.0676 5.1304 0.0254
5.2461 5.0676 5.1305 0.0254
5.2461 5.0676 5.1305 0.0254
5.2461 5.0676 5.1305 0.0254
5.2461 5.0676 5.1306 0.0256
5.2461 5.0676 5.1306 0.0256
5.2461 5.0676 5.1306 0.0256
5.2461 5.0676 5.1311 0.0258
5.2461 5.0676 5.1311 0.0258
5.2461 5.0676 5.1314 0.0260
5.2461 5.0676 5.1314 0.0260
5.2461 5.0676 5.1314 0.0260
5.2461 5.0676 5.1314 0.0260
5.2461 5.0676 5.1314 0.0260
5.2461 5.0676 5.1314 0.0260
5.2461 5.0676 5.1314 0.0260
5.2461 5.0676 5.1314 0.0260
5.2461 5.0676 5.1314 0.0260
5.2461 5.0676 5.1314 0.0260
5.2461 5.0676 5.1314 0.0260
5.2461 5.0676 5.1316 0.0262
5.2461 5.0676 5.1316 0.0262
5.2461 5.0676 5.1316 0.0262
5.2461 5.0676 5.1316 0.0262
5.2461 5.0676 5.1316 0.0262
5.2461 5.0676 5.1316 0.0262
5.2461 5.0676 5.1316 0.0262
5.2461 5.0676 5.1316 0.0262
5.2461 5.0676 5.1316 0.0262
5.2461 5.0676 5.1316 0.0262
5.2461 5.0676 5.1316 0.0262
5.2461 5.0676 5.1316 0.0262
5.2461 5.0676 5.1316 0.0262
5.2461 5.0676 5.1316 0.0262
5.2461 5.0676 5.1316 0.0262
5.2461 5.0676 5.1316 0.0262
5.2461 5.0676 5.1316 0.0262
5.2461 5.0676 5.1316 0.0262
5.2461 5.0676 5.1316 0.0262
5.2461 5.0676 5.1316 0.0262
5.2461 5.0676 5.1316 0.0262
5.2461 5.0676 5.1316 0.0262
5.2461 5.0676 5.1316 0.0262
5.2461 5.0676 5.1316 0.0262
5.2461 5.0676 5.1316 0.0262
5.2461 5.0676 5.1316 0.0262
5.2461 5.0676 5.1316 0.0262
5.2461 5.0676 5.1322 0.0266
5.2461 5.0676 5.1322 0.0266
5.2461 5.0676 5.1322 0.0266
5.2461 5.0676 5.1322 0.0266
5.2461 5.0676 5.1322 0.0266
5.2461 5.0676 5.1323 0.0265
5.2461 5.0676 5.1323 0.0265
5.2461 5.0676 5.1323 0.0265
5.2461 5.0676 5.1323 0.0265
5.2461 5.0676 5.1323 0.0265
5.2461 5.0676 5.1323 0.0265
5.2461 5.0676 5.1325 0.0267
5.2461 5.0676 5.1325 0.0267
5.2461 5.0676 5.1325 0.0267
5.2461 5.0676 5.1325 0.0267
5.2461 5.0676 5.1325 0.0267
5.2461 5.0676 5.1326 0.0266
5.2461 5.0676 5.1326 0.0266
5.2461 5.0676 5.1326 0.0266
5.2461 5.0676 5.1326 0.0266
5.2461 5.0676 5.1330 0.0267
5.2461 5.0676 5.1336 0.0270
5.2461 5.0676 5.1336 0.0270
5.2461 5.0676 5.1336 0.0270
5.2461 5.0676 5.1340 0.0272
5.2461 5.0676 5.1340 0.0272
5.2461 5.0676 5.1340 0.0272
5.2461 5.0676 5.1345 0.0273
5.2461 5.0676 5.1351 0.0275
5.2461 5.0676 5.1357 0.0277
5.2461 5.0676 5.1357 0.0277
5.2461 5.0676 5.1361 0.0278
5.2461 5.0676 5.1362 0.0277
5.2461 5.0676 5.1362 0.0277
5.2461 5.0676 5.1362 0.0277
5.2461 5.0676 5.1362 0.0277
5.2461 5.0676 5.1366 0.0277
5.2461 5.0676 5.1366 0.0277
5.2461 5.0676 5.1366 0.0277
5.2461 5.0676 5.1373 0.0279
5.2461 5.0676 5.1374 0.0279
5.2461 5.0676 5.1374 0.0279
5.2461 5.0676 5.1374 0.0279
5.2461 5.0676 5.1374 0.0279
5.2461 5.0676 5.1374 0.0279
5.2461 5.0676 5.1374 0.0279
5.2461 5.0676 5.1374 0.0279
5.2461 5.0676 5.1374 0.0279
5.2461 5.0676 5.1374 0.0279
5.2461 5.0676 5.1374 0.0279
5.2461 5.0676 5.1374 0.0279
5.2461 5.0676 5.1374 0.0279
5.2461 5.0676 5.1374 0.0279
5.2461 5.0676 5.1374 0.0279
5.2461 5.0676 5.1374 0.0279
5.2461 5.0676 5.1374 0.0279
5.2461 5.0676 5.1374 0.0279
5.2461 5.0676 5.1374 0.0279
5.2461 5.0676 5.1375 0.0279
5.2461 5.0676 5.1375 0.0279
5.2461 5.0676 5.1375 0.0279
5.2461 5.0676 5.1375 0.0279
5.2461 5.0676 5.1375 0.0279
5.2461 5.0676 5.1376 0.0279
5.2461 5.0676 5.1376 0.0279
5.2461 5.0676 5.1376 0.0279
5.2461 5.0676 5.1381 0.0282
5.2461 5.0676 5.1381 0.0282
5.2461 5.0676 5.1381 0.0282
5.2461 5.0676 5.1387 0.0283
5.2461 5.0676 5.1387 0.0284
5.2461 5.0676 5.1387 0.0284
5.2461 5.0676 5.1387 0.0284
5.2461 5.0676 5.1387 0.0284
5.2461 5.0676 5.1387 0.0284
5.2461 5.0676 5.1387 0.0284
5.2461 5.0676 5.1392 0.0284
5.2461 5.0676 5.1392 0.0284
5.2461 5.0676 5.1398 0.0285
5.2461 5.0676 5.1398 0.0285
5.2461 5.0676 5.1398 0.0285
5.2461 5.0676 5.1398 0.0285
5.2461 5.0676 5.1398 0.0285
5.2461 5.0676 5.1398 0.0285
5.2461 5.0676 5.1402 0.0286
5.2461 5.0676 5.1402 0.0286
5.2461 5.0676 5.1402 0.0286
5.2461 5.0901 5.1407 0.0277
5.2461 5.0901 5.1407 0.0277
5.2461 5.0901 5.1407 0.0277
5.2461 5.0901 5.1413 0.0278
5.2461 5.0901 5.1413 0.0278
5.2461 5.0901 5.1420 0.0279
5.2461 5.0901 5.1420 0.0279
5.2461 5.0901 5.1420 0.0279
5.2461 5.0901 5.1426 0.0280
5.2461 5.0901 5.1430 0.0279
5.2461 5.0901 5.1430 0.0279
5.2461 5.0901 5.1430 0.0279
5.2461 5.0901 5.1430 0.0279
5.2461 5.0901 5.1430 0.0279
5.2461 5.0901 5.1430 0.0279
5.2461 5.0901 5.1430 0.0279
5.2461 5.0901 5.1430 0.0279
5.2461 5.0901 5.1430 0.0279
5.2461 5.0901 5.1430 0.0279
5.2461 5.0901 5.1430 0.0279
5.2461 5.0901 5.1435 0.0279
5.2461 5.0901 5.1435 0.0279
5.2461 5.0901 5.1435 0.0279
5.2461 5.0901 5.1435 0.0279
5.2461 5.0901 5.1435 0.0279
5.2461 5.0901 5.1435 0.0279
5.2461 5.0901 5.1436 0.0278
5.2461 5.0901 5.1436 0.0278
5.2461 5.0901 5.1436 0.0278
5.2461 5.0901 5.1436 0.0278
5.2461 5.0901 5.1436 0.0278
5.2461 5.0901 5.1442 0.0279
5.2461 5.0901 5.1442 0.0279
5.2461 5.0901 5.1442 0.0279
5.2461 5.0901 5.1449 0.0278
5.2461 5.0901 5.1449 0.0278
5.2461 5.0901 5.1449 0.0278
5.2461 5.0901 5.1449 0.0278
5.2461 5.0901 5.1453 0.0278
5.2461 5.0901 5.1454 0.0279
5.2461 5.0901 5.1454 0.0279
5.2461 5.0901 5.1455 0.0278
5.2461 5.0901 5.1458 0.0278
5.2461 5.0901 5.1458 0.0278
5.2461 5.0901 5.1458 0.0278
5.2461 5.0901 5.1460 0.0279
5.2461 5.0901 5.1460 0.0279
5.2461 5.1158 5.1468 0.0275
5.2461 5.1158 5.1469 0.0274
5.2461 5.1158 5.1469 0.0274
5.2461 5.1158 5.1469 0.0274
5.2461 5.1158 5.1470 0.0273
5.2461 5.1158 5.1470 0.0273
5.2461 5.1158 5.1470 0.0273
5.2461 5.1158 5.1470 0.0273
5.2461 5.1158 5.1470 0.0273
5.2461 5.1158 5.1471 0.0274
5.2461 5.1158 5.1471 0.0274
5.2461 5.1158 5.1471 0.0274
5.2461 5.1158 5.1475 0.0274
5.2461 5.1158 5.1475 0.0274
5.2461 5.1158 5.1475 0.0274
5.2461 5.1158 5.1475 0.0274
5.2461 5.1158 5.1475 0.0274
5.2461 5.1158 5.1475 0.0274
5.2461 5.1158 5.1475 0.0274
5.2461 5.1158 5.1475 0.0274
5.2461 5.1158 5.1475 0.0274
5.2461 5.1158 5.1475 0.0274
5.2461 5.1158 5.1480 0.0272
5.2461 5.1158 5.1480 0.0272
5.2461 5.1158 5.1480 0.0272
5.2461 5.1158 5.1480 0.0272
5.2461 5.1158 5.1480 0.0272
5.2461 5.1158 5.1484 0.0271
5.2461 5.1158 5.1490 0.0270
5.2461 5.1158 5.1490 0.0270
5.2461 5.1158 5.1490 0.0270
5.2461 5.1158 5.1490 0.0270
5.2461 5.1158 5.1490 0.0270
5.2461 5.1158 5.1490 0.0270
5.2461 5.1158 5.1490 0.0270
5.2461 5.1158 5.1490 0.0270
5.2461 5.1158 5.1490 0.0270
5.2461 5.1158 5.1492 0.0271
5.2461 5.1158 5.1498 0.0270
5.2461 5.1158 5.1498 0.0270
5.2461 5.1158 5.1498 0.0270
5.2461 5.1158 5.1503 0.0268
5.2461 5.1158 5.1504 0.0269
5.2461 5.1158 5.1504 0.0269
5.2461 5.1158 5.1504 0.0269
5.2461 5.1158 5.1504 0.0269
5.2461 5.1158 5.1504 0.0269
5.2461 5.1158 5.1509 0.0267
5.2461 5.1158 5.1509 0.0267
5.2461 5.1158 5.1509 0.0267
5.2461 5.1158 5.1509 0.0267
5.2461 5.1158 5.1509 0.0267
5.2461 5.1158 5.1509 0.0267
5.2461 5.1158 5.1512 0.0267
5.2461 5.1158 5.1517 0.0264
5.2461 5.1158 5.1517 0.0264
5.2461 5.1158 5.1517 0.0264
5.2461 5.1158 5.1518 0.0265
5.2461 5.1158 5.1518 0.0265
5.2461 5.1158 5.1518 0.0265
5.2461 5.1158 5.1518 0.0265
5.2461 5.1158 5.1518 0.0265
5.2461 5.1158 5.1518 0.0265
5.2461 5.1158 5.1523 0.0262
5.2461 5.1158 5.1523 0.0262
5.2461 5.1158 5.1523 0.0262
5.2461 5.1158 5.1528 0.0262
5.2461 5.1158 5.1528 0.0262
5.2461 5.1158 5.1528 0.0262
5.2461 5.1158 5.1528 0.0262
5.2461 5.1158 5.1529 0.0263
5.2461 5.1158 5.1529 0.0263
5.2461 5.1158 5.1529 0.0263
5.2461 5.1158 5.1529 0.0263
5.2461 5.1158 5.1529 0.0263
5.2461 5.1158 5.1529 0.0263
5.2461 5.1158 5.1529 0.0263
5.2461 5.1158 5.1533 0.0262
5.2461 5.1158 5.1533 0.0262
5.2461 5.1158 5.1533 0.0262
5.2461 5.1158 5.1537 0.0261
5.2461 5.1158 5.1537 0.0261
5.2461 5.1158 5.1543 0.0259
5.2461 5.1158 5.1549 0.0257
5.2461 5.1158 5.1549 0.0257
5.2461 5.1158 5.1549 0.0257
5.2461 5.1158 5.1549 0.0257
5.2461 5.1158 5.1549 0.0257
5.2461 5.1158 5.1549 0.0257
5.2461 5.1158 5.1549 0.0257
5.2461 5.1158 5.1549 0.0257
5.2461 5.1158 5.1549 0.0257
5.2461 5.1158 5.1550 0.0258
5.2461 5.1158 5.1550 0.0258
5.2461 5.1158 5.1554 0.0255
5.2461 5.1158 5.1554 0.0255
5.2461 5.1158 5.1560 0.0253
5.2461 5.1158 5.1560 0.0253
5.2461 5.1158 5.1560 0.0253
5.2461 5.1158 5.1560 0.0253
5.2461 5.1158 5.1560 0.0253
5.2461 5.1158 5.1560 0.0253
5.2461 5.1158 5.1565 0.0250
5.2461 5.1158 5.1565 0.0250
5.2461 5.1158 5.1565 0.0250
5.2461 5.1158 5.1565 0.0250
5.2461 5.1158 5.1565 0.0250
5.2461 5.1158 5.1565 0.0250
5.2461 5.1158 5.1569 0.0247
5.2461 5.1158 5.1569 0.0247
5.2461 5.1158 5.1569 0.0247
5.2461 5.1158 5.1575 0.0244
5.2461 5.1158 5.1575 0.0244
5.2461 5.1158 5.1582 0.0241
5.2461 5.1158 5.1582 0.0241
5.2461 5.1158 5.1582 0.0241
5.2461 5.1158 5.1582 0.0241
5.2461 5.1158 5.1587 0.0239
5.2461 5.1158 5.1587 0.0239
5.2461 5.1158 5.1587 0.0239
5.2461 5.1158 5.1592 0.0244
5.2461 5.1158 5.1592 0.0244
5.2461 5.1158 5.1593 0.0242
5.2461 5.1158 5.1593 0.0242
5.2461 5.1158 5.1593 0.0242
5.2461 5.1158 5.1598 0.0241
5.2461 5.1158 5.1598 0.0241
5.2461 5.1158 5.1598 0.0241
5.2461 5.1158 5.1598 0.0241
5.2461 5.1158 5.1598 0.0241
5.2461 5.1158 5.1603 0.0237
5.2461 5.1158 5.1603 0.0237
5.2461 5.1158 5.1603 0.0237
5.2461 5.1158 5.1608 0.0235
5.2461 5.1158 5.1608 0.0235
5.2461 5.1158 5.1608 0.0235
5.2461 5.1158 5.1608 0.0235
5.2461 5.1158 5.1608 0.0235
5.2461 5.1158 5.1608 0.0235
5.2461 5.1158 5.1608 0.0235
5.2461 5.1158 5.1608 0.0235
5.2461 5.1158 5.1608 0.0235
5.2461 5.1158 5.1608 0.0235
5.2461 5.1158 5.1608 0.0235
5.2461 5.1158 5.1609 0.0235
5.2461 5.1158 5.1609 0.0235
5.2461 5.1158 5.1609 0.0235
5.2461 5.1158 5.1609 0.0235
5.2461 5.1158 5.1609 0.0235
5.2461 5.1158 5.1609 0.0235
5.2461 5.1158 5.1609 0.0235
5.2461 5.1158 5.1611 0.0236
5.2461 5.1158 5.1611 0.0236
5.2461 5.1158 5.1618 0.0250
5.2461 5.1158 5.1621 0.0248
5.2461 5.1158 5.1621 0.0248
5.2461 5.1158 5.1621 0.0248
5.2461 5.1158 5.1622 0.0248
5.2461 5.1158 5.1622 0.0248
5.2461 5.1158 5.1622 0.0248
5.2461 5.1158 5.1622 0.0248
5.2461 5.1158 5.1622 0.0248
5.2461 5.1158 5.1622 0.0248
5.2461 5.1158 5.1628 0.0243
5.2461 5.1158 5.1628 0.0243
5.2461 5.1158 5.1628 0.0243
5.2461 5.1158 5.1628 0.0243
5.2461 5.1158 5.1628 0.0243
5.2461 5.1158 5.1633 0.0239
5.2461 5.1158 5.1633 0.0239
5.2461 5.1158 5.1636 0.0236
5.2461 5.1158 5.1636 0.0236
5.2461 5.1158 5.1636 0.0236
5.2461 5.1158 5.1636 0.0236
5.2461 5.1158 5.1636 0.0236
5.2461 5.1158 5.1636 0.0236
5.2461 5.1158 5.1636 0.0236
5.2461 5.1158 5.1636 0.0236
5.2461 5.1158 5.1636 0.0236
5.2461 5.1158 5.1642 0.0231
5.2461 5.1158 5.1642 0.0231
5.2461 5.1158 5.1642 0.0231
5.2461 5.1158 5.1642 0.0231
5.2461 5.1158 5.1642 0.0231
5.2461 5.1158 5.1646 0.0234
5.2461 5.1158 5.1646 0.0234
5.2461 5.1158 5.1646 0.0234
5.2461 5.1158 5.1646 0.0234
5.2461 5.1158 5.1646 0.0234
5.2461 5.1158 5.1646 0.0234
5.2461 5.1158 5.1646 0.0234
5.2461 5.1158 5.1646 0.0234
5.2461 5.1158 5.1646 0.0234
5.2461 5.1158 5.1646 0.0234
5.2461 5.1158 5.1647 0.0234
5.2461 5.1158 5.1647 0.0234
5.2461 5.1158 5.1647 0.0234
5.2461 5.1158 5.1650 0.0231
5.2461 5.1158 5.1650 0.0231
5.2461 5.1158 5.1650 0.0231
5.2461 5.1158 5.1652 0.0231
5.2461 5.1158 5.1652 0.0231
5.2461 5.1158 5.1652 0.0231
5.2461 5.1158 5.1652 0.0231
5.2461 5.1158 5.1652 0.0231
5.2461 5.1158 5.1653 0.0231
5.2461 5.1158 5.1654 0.0231
5.2461 5.1158 5.1654 0.0231
5.2461 5.1158 5.1654 0.0231
5.2461 5.1158 5.1656 0.0232
5.2461 5.1158 5.1656 0.0232
5.2461 5.1158 5.1656 0.0232
5.2461 5.1158 5.1660 0.0228
5.2461 5.1158 5.1661 0.0228
5.2461 5.1158 5.1661 0.0228
5.2461 5.1158 5.1661 0.0228
5.2461 5.1158 5.1661 0.0228
5.2461 5.1158 5.1661 0.0228
5.2461 5.1158 5.1661 0.0228
5.2461 5.1158 5.1663 0.0228
5.2461 5.1158 5.1665 0.0229
5.2461 5.1158 5.1666 0.0229
5.2461 5.1158 5.1666 0.0229
5.2461 5.1158 5.1666 0.0229
5.2461 5.1158 5.1666 0.0229
5.2461 5.1158 5.1666 0.0229
5.2461 5.1158 5.1666 0.0229
5.2461 5.1158 5.1666 0.0229
5.2461 5.1158 5.1666 0.0229
5.2461 5.1158 5.1672 0.0224
5.2461 5.1158 5.1672 0.0224
5.2461 5.1158 5.1674 0.0224
5.2461 5.1158 5.1674 0.0224
5.2461 5.1158 5.1674 0.0224
5.2461 5.1158 5.1675 0.0224
5.2461 5.1158 5.1675 0.0224
5.2461 5.1158 5.1675 0.0224
5.2461 5.1158 5.1681 0.0218
5.2461 5.1158 5.1681 0.0218
5.2461 5.1158 5.1681 0.0218
5.2461 5.1158 5.1681 0.0218
5.2461 5.1158 5.1681 0.0218
5.2461 5.1158 5.1683 0.0218
5.2461 5.1158 5.1683 0.0218
5.2461 5.1158 5.1683 0.0218
5.2461 5.1158 5.1683 0.0218
5.2461 5.1158 5.1684 0.0218
5.2461 5.1158 5.1686 0.0218
5.2461 5.1158 5.1686 0.0218
5.2461 5.1158 5.1686 0.0218
5.2461 5.1158 5.1686 0.0218
5.2461 5.1158 5.1686 0.0218
5.2461 5.1158 5.1693 0.0231
5.2461 5.1158 5.1693 0.0231
5.2461 5.1158 5.1693 0.0231
5.2461 5.1158 5.1693 0.0231
5.2461 5.1158 5.1693 0.0231
5.2461 5.1158 5.1693 0.0231
5.2461 5.1158 5.1694 0.0232
5.2461 5.1158 5.1694 0.0232
5.2461 5.1158 5.1697 0.0233
5.2461 5.1158 5.1697 0.0233
5.2461 5.1158 5.1697 0.0233
5.2461 5.1158 5.1697 0.0233
5.2461 5.1158 5.1697 0.0233
5.2461 5.1158 5.1697 0.0233
5.2461 5.1158 5.1697 0.0233
5.2461 5.1158 5.1697 0.0233
5.2461 5.1158 5.1702 0.0229
5.2461 5.1158 5.1702 0.0229
5.2461 5.1158 5.1703 0.0229
5.2461 5.1158 5.1703 0.0229
5.2461 5.1158 5.1703 0.0229
5.2461 5.1158 5.1709 0.0225
5.2461 5.1158 5.1709 0.0225
5.2461 5.1158 5.1709 0.0225
5.2461 5.1158 5.1709 0.0225
5.2461 5.1158 5.1709 0.0225
5.2461 5.1158 5.1709 0.0225
5.2461 5.1158 5.1709 0.0225
5.2461 5.1158 5.1709 0.0225
5.2461 5.1158 5.1709 0.0225
5.2461 5.1158 5.1709 0.0225
5.2461 5.1158 5.1710 0.0225
5.2461 5.1158 5.1710 0.0225
5.2461 5.1158 5.1718 0.0237
5.2461 5.1158 5.1718 0.0237
5.2461 5.1158 5.1718 0.0237
5.2461 5.1158 5.1718 0.0237
5.2461 5.1158 5.1718 0.0237
5.2461 5.1158 5.1718 0.0237
5.2461 5.1158 5.1718 0.0237
5.2461 5.1158 5.1718 0.0237
5.2461 5.1158 5.1718 0.0237
5.2461 5.1158 5.1718 0.0237
5.2461 5.1158 5.1718 0.0237
5.2461 5.1158 5.1723 0.0230
5.2461 5.1158 5.1723 0.0230
5.2461 5.1158 5.1731 0.0240
5.2461 5.1158 5.1731 0.0240
5.2461 5.1158 5.1736 0.0235
5.2461 5.1158 5.1736 0.0235
5.2461 5.1158 5.1738 0.0236
5.2461 5.1158 5.1738 0.0236
5.2461 5.1158 5.1738 0.0236
5.2461 5.1158 5.1738 0.0236
5.2461 5.1158 5.1738 0.0236
5.2461 5.1158 5.1742 0.0231
5.2461 5.1158 5.1744 0.0232
5.2461 5.1158 5.1744 0.0232
5.2461 5.1158 5.1748 0.0235
5.2461 5.1158 5.1749 0.0235
5.2461 5.1158 5.1750 0.0235
5.2461 5.1158 5.1750 0.0235
5.2461 5.1158 5.1757 0.0244
5.2461 5.1158 5.1760 0.0244
5.2461 5.1158 5.1760 0.0244
5.2461 5.1158 5.1760 0.0244
5.2461 5.1158 5.1760 0.0244
5.2461 5.1158 5.1760 0.0244
5.2461 5.1158 5.1760 0.0244
5.2461 5.1158 5.1760 0.0244
5.2461 5.1158 5.1760 0.0244
5.2461 5.1158 5.1760 0.0244
5.2461 5.1158 5.1760 0.0244
5.2461 5.1158 5.1760 0.0244
5.2461 5.1158 5.1760 0.0244
5.2461 5.1158 5.1760 0.0244
5.2461 5.1158 5.1760 0.0244
5.2461 5.1158 5.1760 0.0244
5.2461 5.1158 5.1760 0.0244
5.2461 5.1158 5.1767 0.0236
5.2461 5.1158 5.1767 0.0236
5.2461 5.1158 5.1768 0.0236
5.2461 5.1158 5.1768 0.0236
5.2461 5.1158 5.1768 0.0236
5.2461 5.1158 5.1768 0.0236
5.2461 5.1158 5.1768 0.0236
5.2461 5.1158 5.1768 0.0236
5.2461 5.1158 5.1768 0.0236
5.2461 5.1158 5.1768 0.0236
5.2461 5.1158 5.1774 0.0244
5.2461 5.1158 5.1774 0.0244
5.2461 5.1158 5.1776 0.0245
5.2461 5.1158 5.1776 0.0245
5.2461 5.1158 5.1777 0.0245
5.2461 5.1158 5.1777 0.0245
5.2461 5.1158 5.1777 0.0245
5.2461 5.1158 5.1777 0.0245
5.2461 5.1158 5.1790 0.0246
5.2461 5.1158 5.1790 0.0246
5.2461 5.1158 5.1790 0.0246
5.2461 5.1158 5.1790 0.0246
5.2461 5.1158 5.1790 0.0246
5.2461 5.1158 5.1790 0.0246
5.2461 5.1158 5.1790 0.0246
5.2461 5.1158 5.1790 0.0246
5.2461 5.1158 5.1790 0.0246
5.2461 5.1158 5.1790 0.0246
5.2461 5.1158 5.1790 0.0246
5.2461 5.1158 5.1790 0.0246
5.2461 5.1158 5.1790 0.0246
5.2461 5.1158 5.1790 0.0246
5.2461 5.1158 5.1790 0.0246
5.2461 5.1158 5.1792 0.0245
5.2461 5.1158 5.1792 0.0245
5.2461 5.1158 5.1792 0.0245
5.2461 5.1158 5.1792 0.0245
5.2461 5.1158 5.1798 0.0237
5.2461 5.1158 5.1798 0.0237
5.2461 5.1158 5.1798 0.0237
5.2461 5.1158 5.1798 0.0237
5.2461 5.1158 5.1798 0.0237
5.2461 5.1158 5.1798 0.0237
5.2461 5.1158 5.1800 0.0237
5.2461 5.1158 5.1800 0.0237
5.2461 5.1158 5.1800 0.0237
5.2461 5.1158 5.1800 0.0237
5.2461 5.1158 5.1800 0.0237
5.2461 5.1158 5.1800 0.0237
5.2461 5.1158 5.1800 0.0237
5.2461 5.1158 5.1800 0.0237
5.2461 5.1158 5.1800 0.0237
5.2461 5.1158 5.1802 0.0238
5.2461 5.1158 5.1802 0.0238
5.2461 5.1158 5.1802 0.0238
5.2461 5.1158 5.1802 0.0238
5.2461 5.1158 5.1802 0.0238
5.2461 5.1158 5.1802 0.0238
5.2461 5.1158 5.1802 0.0238
5.2461 5.1158 5.1802 0.0238
5.2461 5.1158 5.1802 0.0238
5.2461 5.1158 5.1808 0.0229
5.2461 5.1158 5.1808 0.0229
5.2461 5.1158 5.1808 0.0229
5.2461 5.1158 5.1808 0.0229
5.2461 5.1158 5.1814 0.0222
5.2461 5.1158 5.1814 0.0222
5.2461 5.1158 5.1821 0.0229
5.2461 5.1158 5.1821 0.0229
5.2461 5.1158 5.1821 0.0229
5.2461 5.1158 5.1827 0.0238
5.2461 5.1158 5.1827 0.0238
5.2461 5.1158 5.1827 0.0238
5.2461 5.1158 5.1829 0.0238
5.2461 5.1158 5.1829 0.0238
5.2461 5.1158 5.1829 0.0238
5.2461 5.1158 5.1829 0.0238
5.2461 5.1158 5.1829 0.0238
5.2461 5.1158 5.1829 0.0238
5.2461 5.1158 5.1829 0.0238
5.2461 5.1158 5.1834 0.0245
5.2461 5.1158 5.1834 0.0245
5.2461 5.1158 5.1834 0.0245
5.2461 5.1158 5.1834 0.0245
5.2461 5.1158 5.1837 0.0244
5.2461 5.1158 5.1837 0.0244
5.2461 5.1158 5.1837 0.0244
5.2461 5.1158 5.1837 0.0244
5.2461 5.1158 5.1837 0.0244
5.2461 5.1158 5.1837 0.0244
5.2461 5.1158 5.1844 0.0252
5.2461 5.1158 5.1848 0.0254
5.2461 5.1158 5.1848 0.0254
5.2461 5.1158 5.1848 0.0254
5.2461 5.1158 5.1848 0.0254
5.2461 5.1158 5.1848 0.0254
5.2461 5.1158 5.1848 0.0254
5.2461 5.1158 5.1849 0.0253
5.2461 5.1158 5.1855 0.0259
5.2461 5.1158 5.1855 0.0259
5.2461 5.1158 5.1855 0.0259
5.2461 5.1158 5.1855 0.0259
5.2461 5.1158 5.1855 0.0259
5.2461 5.1158 5.1862 0.0265
5.2461 5.1158 5.1862 0.0265
5.2461 5.1158 5.1868 0.0269
5.2461 5.1158 5.1868 0.0269
5.2461 5.1158 5.1868 0.0269
5.2461 5.1158 5.1868 0.0269
5.2461 5.1158 5.1868 0.0269
5.2461 5.1158 5.1868 0.0269
5.2461 5.1158 5.1868 0.0269
5.2461 5.1158 5.1868 0.0269
5.2461 5.1158 5.1868 0.0269
5.2461 5.1158 5.1868 0.0269
5.2461 5.1158 5.1868 0.0269
5.2461 5.1158 5.1868 0.0269
5.2461 5.1158 5.1868 0.0269
5.2461 5.1158 5.1868 0.0269
5.2461 5.1158 5.1868 0.0269
5.2461 5.1158 5.1868 0.0269
5.2461 5.1158 5.1868 0.0269
5.2461 5.1158 5.1873 0.0260
5.2461 5.1158 5.1873 0.0260
5.2461 5.1158 5.1873 0.0260
5.2461 5.1158 5.1880 0.0267
5.2461 5.1158 5.1880 0.0267
5.2461 5.1158 5.1880 0.0267
5.2461 5.1158 5.1880 0.0267
5.2461 5.1158 5.1885 0.0272
5.2461 5.1158 5.1891 0.0276
5.2461 5.1158 5.1891 0.0276
5.2461 5.1158 5.1891 0.0276
5.2461 5.1158 5.1891 0.0276
5.2461 5.1158 5.1891 0.0276
5.2461 5.1158 5.1891 0.0276
5.2461 5.1158 5.1891 0.0276
5.2461 5.1158 5.1891 0.0276
5.2461 5.1158 5.1891 0.0276
5.2461 5.1158 5.1891 0.0276
5.2461 5.1158 5.1891 0.0276
5.2461 5.1158 5.1891 0.0276
5.2461 5.1158 5.1891 0.0276
5.2461 5.1158 5.1891 0.0276
5.2461 5.1158 5.1898 0.0281
5.2461 5.1158 5.1898 0.0281
5.2461 5.1158 5.1898 0.0281
5.2461 5.1158 5.1898 0.0281
5.2461 5.1158 5.1905 0.0286
5.2461 5.1158 5.1905 0.0286
5.2461 5.1158 5.1905 0.0286
5.2461 5.1158 5.1905 0.0286
5.2461 5.1158 5.1905 0.0286
5.2461 5.1158 5.1906 0.0285
5.2461 5.1158 5.1906 0.0285
5.2461 5.1158 5.1906 0.0285
5.2461 5.1158 5.1906 0.0285
5.2461 5.1158 5.1912 0.0289
5.2461 5.1158 5.1912 0.0289
5.2461 5.1158 5.1912 0.0289
5.2461 5.1158 5.1912 0.0289
5.2461 5.1158 5.1912 0.0289
5.2461 5.1158 5.1912 0.0289
5.2461 5.1158 5.1912 0.0289
5.2461 5.1158 5.1912 0.0289
5.2461 5.1158 5.1919 0.0294
5.2461 5.1158 5.1919 0.0294
5.2461 5.1158 5.1919 0.0294
5.2461 5.1158 5.1919 0.0294
5.2461 5.1158 5.1919 0.0294
5.2461 5.1158 5.1926 0.0298
5.2461 5.1158 5.1933 0.0302
5.2461 5.1158 5.1933 0.0302
5.2461 5.1158 5.1933 0.0301
5.2461 5.1158 5.1933 0.0301
5.2461 5.1158 5.1933 0.0301
5.2461 5.1158 5.1940 0.0306
5.2461 5.1158 5.1940 0.0306
5.2461 5.1158 5.1940 0.0306
5.2461 5.1158 5.1940 0.0306
5.2461 5.1158 5.1942 0.0305
5.2461 5.1158 5.1942 0.0305
5.2461 5.1158 5.1942 0.0305
5.2461 5.1158 5.1942 0.0305
5.2461 5.1158 5.1942 0.0305
5.2461 5.1158 5.1942 0.0305
5.2461 5.1158 5.1942 0.0305
5.2461 5.1158 5.1942 0.0305
5.2461 5.1158 5.1942 0.0305
5.2461 5.1158 5.1942 0.0305
5.2461 5.1158 5.1942 0.0305
5.2461 5.1158 5.1942 0.0305
5.2461 5.1158 5.1942 0.0305
5.2461 5.1158 5.1942 0.0305
5.2461 5.1158 5.1942 0.0305
5.2461 5.1158 5.1942 0.0305
5.2461 5.1158 5.1942 0.0305
5.2461 5.1158 5.1942 0.0305
5.2461 5.1158 5.1942 0.0305
5.2461 5.1158 5.1948 0.0308
5.2461 5.1158 5.1949 0.0309
5.2461 5.1158 5.1949 0.0309
5.2461 5.1158 5.1949 0.0309
5.2461 5.1158 5.1949 0.0309
5.2461 5.1158 5.1951 0.0309
5.2461 5.1158 5.1951 0.0309
5.2461 5.1158 5.1951 0.0309
5.2461 5.1158 5.1951 0.0309
5.2461 5.1158 5.1951 0.0309
5.2461 5.1158 5.1951 0.0309
5.2461 5.1158 5.1951 0.0309
5.2461 5.1158 5.1951 0.0309
5.2461 5.1158 5.1951 0.0309
5.2461 5.1158 5.1951 0.0309
5.2461 5.1158 5.1951 0.0309
5.2461 5.1158 5.1951 0.0309
5.2461 5.1158 5.1951 0.0309
5.2461 5.1158 5.1951 0.0309
5.2461 5.1158 5.1951 0.0309
5.2461 5.1158 5.1951 0.0309
5.2461 5.1158 5.1951 0.0309
5.2461 5.1158 5.1951 0.0309
5.2461 5.1158 5.1951 0.0309
5.2461 5.1158 5.1951 0.0309
5.2461 5.1158 5.1952 0.0309
5.2461 5.1158 5.1957 0.0314
5.2461 5.1158 5.1957 0.0314
5.2461 5.1158 5.1957 0.0314
5.2461 5.1158 5.1957 0.0314
5.2461 5.1158 5.1957 0.0314
5.2461 5.1158 5.1957 0.0314
5.2461 5.1158 5.1957 0.0314
5.2461 5.1158 5.1957 0.0314
5.2461 5.1158 5.1965 0.0316
5.2461 5.1158 5.1965 0.0316
5.2461 5.1158 5.1965 0.0316
5.2461 5.1158 5.1965 0.0317
5.2461 5.1158 5.1965 0.0317
5.2461 5.1158 5.1965 0.0317
5.2461 5.1158 5.1965 0.0317
5.2461 5.1158 5.1965 0.0317
5.2461 5.1158 5.1965 0.0317
5.2461 5.1158 5.1967 0.0316
5.2461 5.1158 5.1967 0.0316
5.2461 5.1158 5.1967 0.0316
5.2461 5.1158 5.1967 0.0316
5.2461 5.1158 5.1967 0.0316
5.2461 5.1599 5.1973 0.0306
5.2461 5.1599 5.1973 0.0306
5.2461 5.1599 5.1974 0.0306
5.2461 5.1599 5.1974 0.0306
5.2461 5.1599 5.1974 0.0306
5.2461 5.1599 5.1974 0.0306
5.2461 5.1599 5.1981 0.0309
5.2461 5.1599 5.1981 0.0309
5.2461 5.1599 5.1981 0.0309
5.2461 5.1599 5.1981 0.0309
5.2461 5.1599 5.1981 0.0309
5.2461 5.1599 5.1981 0.0309
5.2461 5.1599 5.1981 0.0309
5.2461 5.1599 5.1981 0.0309
5.2461 5.1599 5.1981 0.0309
5.2461 5.1599 5.1981 0.0309
5.2461 5.1599 5.1981 0.0309
5.2461 5.1599 5.1981 0.0309
5.2461 5.1599 5.1984 0.0312
5.2461 5.1599 5.1985 0.0312
5.2461 5.1599 5.1986 0.0311
5.2461 5.1599 5.1986 0.0311
5.2461 5.1599 5.1986 0.0311
5.2461 5.1599 5.1986 0.0311
5.2461 5.1599 5.1986 0.0311
5.2461 5.1599 5.1986 0.0311
5.2461 5.1599 5.1986 0.0311
5.2461 5.1599 5.1987 0.0309
5.2461 5.1599 5.1987 0.0309
5.2461 5.1599 5.1994 0.0312
5.2461 5.1599 5.1994 0.0312
5.2461 5.1599 5.1994 0.0312
5.2461 5.1599 5.1994 0.0312
5.2461 5.1599 5.1994 0.0312
5.2461 5.1599 5.1994 0.0312
5.2461 5.1599 5.1994 0.0312
5.2461 5.1599 5.1994 0.0312
5.2461 5.1599 5.1994 0.0312
5.2461 5.1599 5.1999 0.0316
5.2461 5.1599 5.1999 0.0316
5.2461 5.1599 5.2001 0.0315
5.2461 5.1599 5.2008 0.0317
5.2461 5.1599 5.2008 0.0317
5.2461 5.1599 5.2008 0.0317
5.2461 5.1599 5.2008 0.0317
5.2461 5.1599 5.2008 0.0317
5.2461 5.1599 5.2009 0.0318
5.2461 5.1599 5.2009 0.0318
5.2461 5.1599 5.2014 0.0319
5.2461 5.1599 5.2014 0.0319
5.2461 5.1599 5.2017 0.0321
5.2461 5.1599 5.2019 0.0320
5.2461 5.1599 5.2019 0.0320
5.2461 5.1599 5.2019 0.0320
5.2461 5.1599 5.2020 0.0319
5.2461 5.1599 5.2020 0.0319
5.2461 5.1599 5.2027 0.0321
5.2461 5.1599 5.2029 0.0319
5.2461 5.1599 5.2030 0.0319
5.2461 5.1599 5.2030 0.0319
5.2461 5.1599 5.2030 0.0319
5.2461 5.1599 5.2030 0.0319
5.2461 5.1599 5.2030 0.0319
5.2461 5.1599 5.2030 0.0319
5.2461 5.1599 5.2030 0.0319
5.2461 5.1599 5.2030 0.0319
5.2461 5.1599 5.2037 0.0320
5.2461 5.1599 5.2039 0.0319
5.2461 5.1599 5.2041 0.0318
5.2461 5.1599 5.2042 0.0317
5.2461 5.1599 5.2042 0.0317
5.2461 5.1599 5.2042 0.0317
5.2461 5.1599 5.2042 0.0317
5.2461 5.1599 5.2042 0.0317
5.2461 5.1599 5.2042 0.0317
5.2461 5.1599 5.2042 0.0317
5.2461 5.1599 5.2048 0.0317
5.2461 5.1599 5.2048 0.0317
5.2461 5.1599 5.2048 0.0317
5.2461 5.1599 5.2048 0.0317
5.2461 5.1599 5.2048 0.0317
5.2461 5.1599 5.2048 0.0317
5.2461 5.1599 5.2048 0.0317
5.2461 5.1599 5.2049 0.0316
5.2461 5.1599 5.2049 0.0316
5.2461 5.1599 5.2057 0.0319
5.2461 5.1599 5.2062 0.0321
5.2461 5.1599 5.2062 0.0321
5.2461 5.1599 5.2062 0.0321
5.2461 5.1599 5.2062 0.0321
5.2461 5.1599 5.2062 0.0321
5.2461 5.1599 5.2062 0.0321
5.2461 5.1599 5.2062 0.0321
5.2461 5.1599 5.2069 0.0322
5.2461 5.1599 5.2069 0.0322
5.2461 5.1599 5.2069 0.0322
5.2461 5.1599 5.2069 0.0322
5.2461 5.1599 5.2069 0.0322
5.2461 5.1599 5.2069 0.0322
5.2461 5.1599 5.2069 0.0322
5.2461 5.1599 5.2069 0.0322
5.2461 5.1599 5.2069 0.0322
5.2461 5.1599 5.2069 0.0322
5.2461 5.1599 5.2069 0.0322
5.2461 5.1599 5.2069 0.0322
5.2461 5.1599 5.2069 0.0322
5.2461 5.1599 5.2069 0.0322
5.2461 5.1599 5.2076 0.0323
5.2461 5.1599 5.2083 0.0324
5.2461 5.1599 5.2083 0.0324
5.2461 5.1599 5.2083 0.0324
5.2461 5.1599 5.2083 0.0324
5.2461 5.1599 5.2083 0.0324
5.2461 5.1599 5.2083 0.0324
5.2461 5.1599 5.2083 0.0324
5.2461 5.1599 5.2083 0.0324
5.2461 5.1599 5.2083 0.0324
5.2461 5.1599 5.2083 0.0324
5.2461 5.1599 5.2083 0.0324
5.2461 5.1599 5.2089 0.0324
5.2461 5.1599 5.2089 0.0324
5.2461 5.1599 5.2089 0.0324
5.2461 5.1599 5.2089 0.0324
5.2461 5.1599 5.2089 0.0324
5.2461 5.1599 5.2089 0.0324
5.2461 5.1599 5.2089 0.0324
5.2461 5.1599 5.2090 0.0324
5.2461 5.1599 5.2090 0.0324
5.2461 5.1599 5.2090 0.0324
5.2461 5.1599 5.2090 0.0324
5.2461 5.1599 5.2090 0.0324
5.2461 5.1599 5.2090 0.0324
5.2461 5.1599 5.2090 0.0324
5.2461 5.1599 5.2093 0.0321
5.2461 5.1599 5.2093 0.0321
5.2461 5.1599 5.2094 0.0319
5.2461 5.1599 5.2094 0.0319
5.2461 5.1599 5.2100 0.0321
5.2461 5.1599 5.2100 0.0322
5.2461 5.1599 5.2100 0.0322
5.2461 5.1599 5.2100 0.0322
5.2461 5.1599 5.2100 0.0322
5.2461 5.1599 5.2102 0.0320
5.2461 5.1599 5.2102 0.0320
5.2461 5.1599 5.2102 0.0320
5.2461 5.1599 5.2102 0.0320
5.2461 5.1599 5.2102 0.0320
5.2461 5.1599 5.2109 0.0320
5.2461 5.1599 5.2114 0.0321
5.2461 5.1599 5.2114 0.0321
5.2461 5.1599 5.2114 0.0321
5.2461 5.1599 5.2114 0.0321
5.2461 5.1599 5.2121 0.0321
5.2461 5.1599 5.2121 0.0321
5.2461 5.1599 5.2121 0.0321
5.2461 5.1599 5.2121 0.0321
5.2461 5.1599 5.2121 0.0321
5.2461 5.1599 5.2121 0.0321
5.2461 5.1599 5.2122 0.0320
5.2461 5.1599 5.2122 0.0320
5.2461 5.1599 5.2122 0.0320
5.2461 5.1599 5.2122 0.0320
5.2461 5.1599 5.2122 0.0320
5.2461 5.1599 5.2122 0.0320
5.2461 5.1599 5.2123 0.0320
5.2461 5.1599 5.2123 0.0320
5.2461 5.1599 5.2123 0.0320
5.2461 5.1599 5.2123 0.0320
5.2461 5.1599 5.2123 0.0320
5.2461 5.1599 5.2126 0.0320
5.2461 5.1599 5.2131 0.0322
5.2461 5.1599 5.2131 0.0322
5.2461 5.1599 5.2131 0.0322
5.2461 5.1599 5.2131 0.0322
5.2461 5.1599 5.2131 0.0322
5.2461 5.1599 5.2133 0.0320
5.2461 5.1599 5.2133 0.0320
5.2461 5.1599 5.2134 0.0320
5.2461 5.1599 5.2134 0.0320
5.2461 5.1599 5.2134 0.0320
5.2461 5.1599 5.2134 0.0320
5.2461 5.1599 5.2139 0.0322
5.2461 5.1599 5.2139 0.0322
5.2461 5.1599 5.2139 0.0322
5.2461 5.1599 5.2139 0.0322
5.2461 5.1599 5.2139 0.0322
5.2461 5.1599 5.2146 0.0321
5.2461 5.1599 5.2153 0.0320
5.2461 5.1599 5.2153 0.0320
5.2461 5.1599 5.2153 0.0320
5.2461 5.1599 5.2153 0.0320
5.2461 5.1599 5.2153 0.0320
5.2461 5.1599 5.2154 0.0320
5.2461 5.1599 5.2154 0.0320
5.2461 5.1599 5.2154 0.0320
5.2461 5.1599 5.2154 0.0320
5.2461 5.1599 5.2154 0.0320
5.2461 5.1599 5.2154 0.0320
5.2461 5.1599 5.2154 0.0320
5.2461 5.1599 5.2154 0.0320
5.2461 5.1599 5.2154 0.0320
5.2461 5.1599 5.2158 0.0320
5.2461 5.1599 5.2158 0.0320
5.2461 5.1599 5.2158 0.0320
5.2461 5.1599 5.2158 0.0320
5.2461 5.1599 5.2165 0.0319
5.2461 5.1599 5.2165 0.0319
5.2461 5.1599 5.2172 0.0318
5.2461 5.1599 5.2179 0.0316
5.2461 5.1599 5.2179 0.0316
5.2461 5.1599 5.2179 0.0316
5.2461 5.1599 5.2179 0.0316
5.2461 5.1599 5.2180 0.0317
5.2461 5.1599 5.2180 0.0317
5.2461 5.1599 5.2187 0.0316
5.2461 5.1599 5.2187 0.0316
5.2461 5.1599 5.2187 0.0316
5.2461 5.1599 5.2187 0.0316
5.2461 5.1599 5.2187 0.0316
5.2461 5.1599 5.2187 0.0316
5.2461 5.1599 5.2187 0.0316
5.2461 5.1599 5.2187 0.0316
5.2461 5.1599 5.2187 0.0316
5.2461 5.1599 5.2193 0.0314
5.2461 5.1599 5.2202 0.0310
5.2461 5.1599 5.2202 0.0310
5.2461 5.1599 5.2202 0.0310
5.2461 5.1599 5.2202 0.0310
5.2461 5.1599 5.2202 0.0310
5.2461 5.1599 5.2204 0.0308
5.2461 5.1599 5.2209 0.0308
5.2461 5.1599 5.2209 0.0308
5.2461 5.1599 5.2211 0.0306
5.2461 5.1599 5.2211 0.0306
5.2461 5.1599 5.2211 0.0306
5.2461 5.1599 5.2212 0.0307
5.2461 5.1599 5.2212 0.0307
5.2461 5.1599 5.2212 0.0307
5.2461 5.1599 5.2212 0.0307
5.2461 5.1599 5.2219 0.0305
5.2461 5.1599 5.2219 0.0305
5.2461 5.1599 5.2219 0.0305
5.2461 5.1599 5.2219 0.0305
5.2461 5.1599 5.2219 0.0305
5.2461 5.1599 5.2219 0.0305
5.2461 5.1599 5.2219 0.0305
5.2461 5.1599 5.2219 0.0305
5.2461 5.1599 5.2219 0.0305
5.2461 5.1599 5.2219 0.0305
5.2461 5.1599 5.2219 0.0305
5.2461 5.1599 5.2219 0.0305
5.2461 5.1599 5.2219 0.0305
5.2461 5.1599 5.2219 0.0305
5.2461 5.1599 5.2219 0.0305
5.2461 5.1599 5.2219 0.0305
5.2461 5.1599 5.2219 0.0305
5.2461 5.1599 5.2219 0.0305
5.2461 5.1599 5.2219 0.0305
5.2461 5.1599 5.2219 0.0305
5.2461 5.1599 5.2219 0.0305
5.2461 5.1599 5.2219 0.0305
5.2461 5.1599 5.2219 0.0305
5.2461 5.1599 5.2219 0.0305
5.2461 5.1599 5.2219 0.0305
5.2461 5.1599 5.2226 0.0302
5.2461 5.1599 5.2227 0.0302
5.2461 5.1599 5.2227 0.0302
5.2461 5.1599 5.2227 0.0302
5.2461 5.1599 5.2227 0.0302
5.2461 5.1599 5.2227 0.0302
5.2461 5.1599 5.2227 0.0302
5.2461 5.1599 5.2229 0.0300
5.2461 5.1599 5.2229 0.0300
5.2461 5.1599 5.2229 0.0300
5.2461 5.1599 5.2229 0.0300
5.2461 5.1599 5.2230 0.0300
5.2461 5.1599 5.2237 0.0297
5.2461 5.1599 5.2237 0.0297
5.2461 5.1599 5.2237 0.0297
5.2461 5.1599 5.2237 0.0297
5.2461 5.1599 5.2237 0.0297
5.2461 5.1599 5.2237 0.0297
5.2461 5.1599 5.2237 0.0297
5.2461 5.1599 5.2237 0.0297
5.2461 5.1599 5.2237 0.0297
5.2461 5.1599 5.2237 0.0297
5.2461 5.1599 5.2237 0.0297
5.2461 5.1599 5.2237 0.0297
5.2461 5.1599 5.2237 0.0297
5.2461 5.1599 5.2237 0.0297
5.2461 5.1599 5.2237 0.0297
5.2461 5.1599 5.2237 0.0297
5.2461 5.1599 5.2237 0.0297
5.2461 5.1599 5.2237 0.0297
5.2461 5.1599 5.2237 0.0297
5.2461 5.1599 5.2237 0.0297
5.2501 5.1599 5.2237 0.0297
5.2501 5.1599 5.2238 0.0298
5.2501 5.1599 5.2238 0.0298
5.2501 5.1599 5.2238 0.0298
5.2501 5.1599 5.2238 0.0298
5.2501 5.1599 5.2238 0.0298
5.2501 5.1599 5.2238 0.0298
5.2501 5.1599 5.2238 0.0298
5.2501 5.1599 5.2238 0.0298
5.2501 5.1599 5.2238 0.0298
5.2501 5.1599 5.2238 0.0298
5.2501 5.1599 5.2238 0.0298
5.2501 5.1599 5.2238 0.0298
5.2501 5.1599 5.2238 0.0298
5.2501 5.1599 5.2238 0.0298
5.2501 5.1599 5.2238 0.0298
5.2501 5.1599 5.2238 0.0298
5.2501 5.1599 5.2238 0.0298
5.2501 5.1599 5.2238 0.0298
5.2501 5.1599 5.2238 0.0298
5.2501 5.1599 5.2238 0.0298
5.2501 5.1599 5.2238 0.0298
5.2501 5.1599 5.2238 0.0298
5.2501 5.1599 5.2238 0.0298
5.2501 5.1599 5.2238 0.0298
5.2501 5.1599 5.2238 0.0298
5.2501 5.1599 5.2238 0.0298
5.2501 5.1599 5.2238 0.0298
5.2501 5.1599 5.2238 0.0298
5.2501 5.1599 5.2238 0.0298
5.2501 5.1599 5.2238 0.0298
5.2501 5.1599 5.2238 0.0298
5.2501 5.1599 5.2238 0.0298
5.2501 5.1599 5.2238 0.0298
5.2501 5.1599 5.2238 0.0298
5.2501 5.1599 5.2238 0.0298
5.2501 5.1599 5.2238 0.0298
5.2501 5.1599 5.2238 0.0298
5.2501 5.1599 5.2238 0.0298
5.2501 5.1599 5.2238 0.0298
5.2501 5.1599 5.2238 0.0298
5.2501 5.1599 5.2238 0.0298
5.2501 5.1599 5.2238 0.0298
5.2501 5.1599 5.2238 0.0298
5.2501 5.1599 5.2238 0.0298
5.2501 5.1599 5.2238 0.0298
5.2501 5.1599 5.2243 0.0297
5.2501 5.1599 5.2243 0.0297
5.2501 5.1599 5.2243 0.0297
5.2501 5.1599 5.2243 0.0297
5.2501 5.1599 5.2243 0.0297
5.2501 5.1599 5.2243 0.0297
5.2501 5.1599 5.2243 0.0297
5.2501 5.1599 5.2243 0.0297
5.2501 5.1599 5.2243 0.0297
5.2501 5.1599 5.2247 0.0297
5.2501 5.1599 5.2247 0.0297
5.2501 5.1599 5.2256 0.0292
5.2501 5.1599 5.2256 0.0292
5.2501 5.1599 5.2260 0.0291
5.2501 5.1599 5.2260 0.0291
5.2501 5.1599 5.2260 0.0291
5.2501 5.1599 5.2260 0.0291
5.2501 5.1599 5.2260 0.0291
5.2501 5.1599 5.2260 0.0291
5.2501 5.1599 5.2260 0.0291
5.2501 5.1599 5.2265 0.0289
5.2501 5.1599 5.2265 0.0289
5.2501 5.1599 5.2265 0.0289
5.2501 5.1599 5.2265 0.0289
5.2501 5.1599 5.2265 0.0289
5.2501 5.1599 5.2265 0.0289
5.2501 5.1599 5.2265 0.0289
5.2501 5.1599 5.2265 0.0289
5.2501 5.1599 5.2270 0.0288
5.2501 5.1599 5.2270 0.0288
5.2501 5.1599 5.2270 0.0288
5.2501 5.1599 5.2270 0.0288
5.2501 5.1599 5.2270 0.0288
5.2501 5.1599 5.2277 0.0285
5.2501 5.1599 5.2283 0.0283
5.2501 5.1599 5.2283 0.0283
5.2501 5.1599 5.2287 0.0281
5.2501 5.1599 5.2292 0.0280
5.2501 5.1599 5.2293 0.0280
5.2501 5.1599 5.2293 0.0280
5.2501 5.1599 5.2293 0.0280
5.2501 5.1599 5.2293 0.0280
5.2501 5.1599 5.2293 0.0280
5.2501 5.1599 5.2293 0.0280
5.2501 5.1599 5.2293 0.0280
5.2501 5.1599 5.2293 0.0280
5.2501 5.1599 5.2293 0.0280
5.2501 5.1599 5.2298 0.0279
5.2501 5.1599 5.2304 0.0275
5.2501 5.1599 5.2304 0.0275
5.2501 5.1599 5.2304 0.0275
5.2501 5.1599 5.2304 0.0275
5.2501 5.1599 5.2305 0.0275
5.2501 5.1599 5.2305 0.0275
5.2501 5.1599 5.2305 0.0275
5.2501 5.1599 5.2305 0.0275
5.2501 5.1599 5.2305 0.0275
5.2501 5.1599 5.2305 0.0275
5.2501 5.1599 5.2305 0.0275
5.2501 5.1599 5.2305 0.0275
5.2501 5.1599 5.2312 0.0270
5.2501 5.1599 5.2312 0.0270
5.2501 5.1599 5.2312 0.0270
5.2501 5.1599 5.2319 0.0265
5.2501 5.1599 5.2319 0.0265
5.2501 5.1599 5.2323 0.0263
5.2501 5.1599 5.2323 0.0263
5.2501 5.1599 5.2323 0.0263
5.2501 5.1599 5.2323 0.0263
5.2501 5.1599 5.2323 0.0263
5.2501 5.1599 5.2323 0.0263
5.2501 5.1599 5.2330 0.0257
5.2501 5.1599 5.2330 0.0257
5.2501 5.1599 5.2330 0.0257
5.2501 5.1599 5.2330 0.0257
5.2501 5.1599 5.2330 0.0257
5.2501 5.1599 5.2330 0.0257
5.2501 5.1599 5.2330 0.0257
5.2501 5.1599 5.2330 0.0257
5.2501 5.1599 5.2330 0.0257
5.2501 5.1599 5.2330 0.0257
5.2501 5.1599 5.2336 0.0254
5.2501 5.1599 5.2336 0.0254
5.2501 5.1599 5.2336 0.0254
5.2501 5.1599 5.2337 0.0254
5.2501 5.1599 5.2337 0.0254
5.2501 5.1599 5.2337 0.0254
5.2501 5.1599 5.2337 0.0254
5.2501 5.1599 5.2337 0.0254
5.2501 5.1599 5.2337 0.0254
5.2501 5.1599 5.2337 0.0254
5.2501 5.1599 5.2344 0.0248
5.2501 5.1599 5.2349 0.0244
5.2501 5.1599 5.2350 0.0245
5.2501 5.1599 5.2352 0.0240
5.2501 5.1599 5.2357 0.0238
5.2501 5.1599 5.2357 0.0238
5.2501 5.1599 5.2357 0.0238
5.2501 5.1599 5.2357 0.0238
5.2501 5.1599 5.2357 0.0238
5.2501 5.1599 5.2357 0.0238
5.2501 5.1599 5.2357 0.0238
5.2501 5.1599 5.2362 0.0233
5.2501 5.1599 5.2362 0.0233
5.2501 5.1599 5.2362 0.0233
5.2501 5.1599 5.2362 0.0233
5.2501 5.1599 5.2362 0.0233
5.2501 5.1599 5.2362 0.0233
5.2501 5.1599 5.2362 0.0233
5.2501 5.1599 5.2362 0.0233
5.2501 5.1599 5.2362 0.0233
5.2501 5.1599 5.2362 0.0233
5.2501 5.1599 5.2362 0.0233
5.2501 5.1599 5.2362 0.0233
5.2501 5.1599 5.2362 0.0233
5.2501 5.1599 5.2369 0.0226
5.2501 5.1599 5.2369 0.0226
5.2501 5.1599 5.2369 0.0226
5.2501 5.1599 5.2369 0.0226
5.2501 5.1617 5.2378 0.0212
5.2501 5.1617 5.2378 0.0212
5.2501 5.1617 5.2378 0.0212
5.2501 5.1617 5.2378 0.0212
5.2501 5.1617 5.2378 0.0212
5.2501 5.1617 5.2378 0.0212
5.2501 5.1617 5.2378 0.0212
5.2501 5.1617 5.2378 0.0212
5.2501 5.1617 5.2378 0.0212
5.2501 5.1617 5.2378 0.0212
5.2501 5.1617 5.2378 0.0212
5.2501 5.1617 5.2378 0.0212
5.2501 5.1617 5.2378 0.0212
5.2501 5.1617 5.2378 0.0212
5.2501 5.1617 5.2378 0.0212
5.2501 5.1617 5.2378 0.0212
5.2501 5.1617 5.2378 0.0212
5.2501 5.1617 5.2378 0.0212
5.2501 5.1617 5.2378 0.0212
5.2501 5.1617 5.2385 0.0203
5.2501 5.1617 5.2385 0.0203
5.2501 5.1617 5.2385 0.0203
5.2501 5.1617 5.2385 0.0203
5.2501 5.1617 5.2385 0.0203
5.2501 5.1617 5.2386 0.0203
5.2501 5.1617 5.2386 0.0203
5.2501 5.1617 5.2386 0.0203
5.2501 5.1617 5.2386 0.0203
5.2501 5.1617 5.2386 0.0203
5.2501 5.1617 5.2386 0.0203
5.2501 5.1617 5.2386 0.0203
5.2501 5.1617 5.2386 0.0203
5.2501 5.1617 5.2386 0.0203
5.2501 5.1617 5.2386 0.0203
5.2501 5.1617 5.2386 0.0203
5.2501 5.1617 5.2386 0.0203
5.2501 5.1617 5.2386 0.0203
5.2501 5.1617 5.2386 0.0203
5.2501 5.1617 5.2386 0.0203
5.2501 5.1617 5.2391 0.0198
5.2501 5.1617 5.2391 0.0198
5.2501 5.1617 5.2391 0.0198
5.2501 5.1617 5.2391 0.0198
5.2501 5.1617 5.2391 0.0198
5.2501 5.1617 5.2391 0.0198
5.2501 5.1617 5.2391 0.0198
5.2501 5.1617 5.2398 0.0188
5.2501 5.1617 5.2398 0.0188
5.2501 5.1617 5.2398 0.0188
5.2501 5.1617 5.2398 0.0188
5.2501 5.1617 5.2398 0.0188
5.2501 5.1617 5.2398 0.0188
5.2501 5.1617 5.2398 0.0188
5.2501 5.1617 5.2398 0.0188
5.2501 5.1617 5.2398 0.0188
5.2501 5.1617 5.2398 0.0188
5.2501 5.1617 5.2398 0.0188
5.2501 5.1617 5.2398 0.0188
5.2501 5.1617 5.2398 0.0188
5.2501 5.1617 5.2398 0.0188
5.2501 5.1617 5.2398 0.0188
5.2501 5.1617 5.2398 0.0188
5.2501 5.1617 5.2398 0.0188
5.2501 5.1617 5.2398 0.0188
5.2501 5.1617 5.2398 0.0188
5.2501 5.1617 5.2398 0.0188
5.2501 5.1617 5.2398 0.0188
5.2501 5.1617 5.2398 0.0188
5.2501 5.1617 5.2398 0.0188
5.2501 5.1617 5.2398 0.0188
5.2501 5.1617 5.2404 0.0182
5.2501 5.1617 5.2404 0.0182
5.2501 5.1617 5.2404 0.0182
5.2501 5.1617 5.2404 0.0182
5.2501 5.1617 5.2404 0.0182
5.2501 5.1617 5.2404 0.0182
5.2501 5.1617 5.2404 0.0182
5.2501 5.1617 5.2404 0.0182
5.2501 5.1617 5.2404 0.0182
5.2501 5.1617 5.2404 0.0182
5.2501 5.1617 5.2404 0.0182
5.2501 5.1617 5.2404 0.0182
5.2501 5.1617 5.2404 0.0182
5.2501 5.1617 5.2404 0.0182
5.2501 5.1617 5.2404 0.0182
5.2501 5.1617 5.2404 0.0182
5.2501 5.1617 5.2404 0.0182
5.2501 5.1617 5.2404 0.0182
5.2501 5.1617 5.2404 0.0182
5.2501 5.1617 5.2404 0.0182
5.2501 5.1617 5.2404 0.0182
5.2501 5.1617 5.2404 0.0182
5.2501 5.1617 5.2404 0.0182
5.2501 5.1617 5.2404 0.0182
5.2501 5.1617 5.2404 0.0182
5.2501 5.1617 5.2404 0.0182
5.2501 5.1617 5.2404 0.0182
5.2501 5.1617 5.2404 0.0182
5.2501 5.1617 5.2404 0.0182
5.2501 5.1617 5.2404 0.0182
5.2501 5.1617 5.2404 0.0182
5.2501 5.1617 5.2404 0.0182
5.2501 5.1617 5.2404 0.0182
5.2501 5.1617 5.2404 0.0182
5.2501 5.1617 5.2404 0.0182
5.2501 5.1617 5.2404 0.0182
5.2501 5.1617 5.2404 0.0182
5.2501 5.1617 5.2404 0.0182
5.2501 5.1617 5.2404 0.0182
5.2501 5.1617 5.2404 0.0182
5.2501 5.1617 5.2404 0.0182
5.2501 5.1617 5.2404 0.0182
5.2501 5.1617 5.2405 0.0182
5.2501 5.1617 5.2405 0.0182
5.2501 5.1617 5.2405 0.0182
5.2501 5.1617 5.2405 0.0182
5.2501 5.1617 5.2405 0.0182
5.2501 5.1617 5.2405 0.0182
5.2501 5.1617 5.2405 0.0182
5.2501 5.1617 5.2405 0.0182
5.2501 5.1617 5.2405 0.0182
5.2501 5.1617 5.2405 0.0182
5.2501 5.1617 5.2405 0.0182
5.2501 5.1617 5.2405 0.0182
5.2501 5.1617 5.2405 0.0182
5.2501 5.1617 5.2405 0.0182
5.2501 5.1617 5.2405 0.0182
5.2501 5.1617 5.2405 0.0182
5.2501 5.1617 5.2405 0.0182
5.2501 5.1617 5.2405 0.0182
5.2501 5.1617 5.2405 0.0182
5.2501 5.1617 5.2410 0.0177
5.2501 5.1617 5.2410 0.0177
5.2501 5.1617 5.2410 0.0177
5.2501 5.1617 5.2410 0.0177
5.2501 5.1617 5.2410 0.0177
5.2501 5.1617 5.2410 0.0177
5.2501 5.1617 5.2417 0.0165
5.2501 5.1617 5.2417 0.0165
5.2501 5.1617 5.2417 0.0165
5.2501 5.1617 5.2417 0.0165
5.2501 5.1617 5.2417 0.0165
5.2501 5.1617 5.2417 0.0165
5.2501 5.1617 5.2417 0.0165
5.2501 5.1617 5.2418 0.0163
5.2501 5.1617 5.2418 0.0163
5.2501 5.1617 5.2418 0.0163
5.2501 5.1617 5.2418 0.0163
5.2501 5.1617 5.2418 0.0163
5.2501 5.1617 5.2418 0.0163
5.2501 5.1617 5.2418 0.0163
5.2501 5.1617 5.2418 0.0163
5.2501 5.1617 5.2418 0.0163
5.2501 5.1617 5.2418 0.0163
5.2501 5.1617 5.2418 0.0163
5.2501 5.1617 5.2418 0.0163
5.2501 5.1617 5.2418 0.0163
5.2501 5.1617 5.2418 0.0163
5.2501 5.1617 5.2418 0.0163
5.2501 5.1617 5.2418 0.0163
5.2501 5.1617 5.2418 0.0163
5.2501 5.1617 5.2418 0.0163
5.2501 5.1617 5.2418 0.0163
5.2501 5.1617 5.2418 0.0163
5.2501 5.1617 5.2418 0.0163
5.2501 5.1617 5.2418 0.0163
5.2501 5.1617 5.2418 0.0163
5.2501 5.1617 5.2418 0.0163
5.2501 5.1617 5.2418 0.0163
5.2501 5.1617 5.2418 0.0163
5.2501 5.1617 5.2418 0.0163
5.2501 5.1617 5.2418 0.0163
5.2501 5.1617 5.2418 0.0163
5.2501 5.1617 5.2418 0.0163
5.2501 5.1617 5.2418 0.0163
5.2501 5.1617 5.2418 0.0163
5.2501 5.1617 5.2418 0.0163
5.2501 5.1617 5.2418 0.0163
5.2501 5.1617 5.2418 0.0163
5.2501 5.1617 5.2418 0.0163
5.2501 5.1617 5.2418 0.0163
5.2501 5.1617 5.2418 0.0163
5.2501 5.1617 5.2425 0.0149
5.2501 5.1617 5.2425 0.0149
5.2501 5.1617 5.2425 0.0149
5.2501 5.1617 5.2425 0.0149
5.2501 5.1617 5.2425 0.0149
5.2501 5.1617 5.2425 0.0149
5.2501 5.1617 5.2425 0.0149
5.2501 5.1617 5.2425 0.0149
5.2501 5.1617 5.2425 0.0149
5.2501 5.1617 5.2425 0.0149
5.2501 5.1617 5.2425 0.0149
5.2501 5.1617 5.2425 0.0149
5.2501 5.1617 5.2425 0.0149
5.2501 5.1617 5.2425 0.0149
5.2501 5.1617 5.2425 0.0149
5.2501 5.1617 5.2425 0.0149
5.2501 5.1617 5.2425 0.0149
5.2501 5.1617 5.2425 0.0149
5.2501 5.1617 5.2425 0.0149
5.2501 5.1617 5.2425 0.0149
5.2501 5.1617 5.2430 0.0142
5.2501 5.1617 5.2430 0.0142
5.2501 5.1617 5.2430 0.0142
5.2501 5.1617 5.2430 0.0142
5.2501 5.1617 5.2430 0.0142
5.2501 5.1617 5.2430 0.0142
5.2501 5.1617 5.2430 0.0142
5.2501 5.1617 5.2430 0.0142
5.2501 5.1617 5.2437 0.0130
5.2501 5.1617 5.2437 0.0130
5.2501 5.1617 5.2437 0.0130
5.2501 5.1617 5.2437 0.0130
5.2501 5.1617 5.2437 0.0130
5.2501 5.1617 5.2437 0.0130
5.2501 5.1617 5.2437 0.0130
5.2501 5.1617 5.2437 0.0130
5.2501 5.1617 5.2437 0.0130
5.2501 5.1617 5.2437 0.0130
5.2501 5.1617 5.2437 0.0130
5.2501 5.1617 5.2437 0.0130
5.2501 5.1617 5.2437 0.0130
5.2501 5.1617 5.2437 0.0130
5.2501 5.1617 5.2437 0.0130
5.2501 5.1617 5.2437 0.0130
5.2501 5.1617 5.2437 0.0130
5.2501 5.1617 5.2437 0.0130
5.2501 5.1617 5.2437 0.0130
5.2501 5.1617 5.2437 0.0130
5.2501 5.1617 5.2437 0.0130
5.2501 5.1617 5.2437 0.0130
5.2501 5.1617 5.2437 0.0130
5.2501 5.1617 5.2437 0.0130
5.2501 5.1617 5.2437 0.0130
5.2501 5.1617 5.2437 0.0130
5.2501 5.1617 5.2437 0.0130
5.2501 5.1617 5.2437 0.0130
5.2501 5.1617 5.2437 0.0130
5.2501 5.1617 5.2437 0.0130
5.2501 5.1617 5.2437 0.0130
5.2501 5.1617 5.2437 0.0130
5.2501 5.1617 5.2437 0.0130
5.2501 5.1617 5.2437 0.0130
5.2501 5.1617 5.2437 0.0130
5.2501 5.1617 5.2438 0.0130
5.2501 5.1617 5.2438 0.0130
5.2501 5.1617 5.2438 0.0130
5.2501 5.1617 5.2438 0.0130
5.2501 5.1617 5.2438 0.0130
5.2501 5.1617 5.2438 0.0130
5.2501 5.1617 5.2438 0.0130
5.2501 5.1617 5.2438 0.0130
5.2501 5.1617 5.2438 0.0130
5.2501 5.1617 5.2438 0.0130
5.2501 5.1617 5.2438 0.0130
5.2501 5.1617 5.2438 0.0130
5.2501 5.1617 5.2438 0.0130
5.2501 5.1617 5.2438 0.0130
5.2501 5.1617 5.2438 0.0130
5.2501 5.1617 5.2438 0.0130
5.2501 5.1617 5.2438 0.0130
5.2501 5.1617 5.2438 0.0130
5.2501 5.1617 5.2438 0.0130
5.2501 5.1617 5.2440 0.0124
5.2501 5.1617 5.2440 0.0124
5.2501 5.1617 5.2440 0.0124
5.2501 5.1617 5.2440 0.0124
5.2501 5.1617 5.2440 0.0124
5.2501 5.1617 5.2440 0.0124
5.2501 5.1617 5.2440 0.0124
5.2501 5.1617 5.2440 0.0124
5.2501 5.1617 5.2440 0.0124
5.2501 5.1617 5.2440 0.0124
5.2501 5.1617 5.2440 0.0124
5.2501 5.1617 5.2440 0.0124
5.2501 5.1617 5.2440 0.0124
5.2501 5.1617 5.2440 0.0124
5.2501 5.1617 5.2440 0.0124
5.2501 5.1617 5.2440 0.0124
5.2501 5.1617 5.2440 0.0124
5.2501 5.1617 5.2440 0.0124
5.2501 5.1617 5.2440 0.0124
5.2501 5.1617 5.2440 0.0124
5.2501 5.1617 5.2440 0.0124
5.2501 5.1617 5.2440 0.0124
5.2501 5.1617 5.2440 0.0124
5.2501 5.1617 5.2440 0.0124
5.2501 5.1617 5.2440 0.0124
5.2501 5.1617 5.2440 0.0124
5.2501 5.1617 5.2440 0.0124
5.2501 5.1617 5.2440 0.0124
5.2501 5.1617 5.2440 0.0124
5.2501 5.1617 5.2440 0.0124
5.2501 5.1617 5.2440 0.0124
5.2501 5.1617 5.2440 0.0124
5.2501 5.1617 5.2440 0.0124
5.2501 5.1617 5.2440 0.0124
5.2501 5.1617 5.2440 0.0124
5.2501 5.1617 5.2440 0.0124
5.2501 5.1617 5.2440 0.0124
5.2501 5.1617 5.2440 0.0124
5.2501 5.1617 5.2440 0.0124
5.2501 5.1617 5.2441 0.0124
5.2501 5.1617 5.2441 0.0124
5.2501 5.1617 5.2441 0.0124
5.2501 5.1617 5.2441 0.0124
5.2501 5.1617 5.2441 0.0124
5.2501 5.1617 5.2441 0.0124
5.2501 5.1617 5.2441 0.0124
5.2501 5.1617 5.2441 0.0124
5.2501 5.1617 5.2441 0.0124
5.2501 5.1617 5.2441 0.0124
5.2501 5.1617 5.2441 0.0124
5.2501 5.1617 5.2441 0.0124
5.2501 5.1617 5.2442 0.0124
5.2501 5.1617 5.2442 0.0124
5.2501 5.1617 5.2442 0.0124
5.2501 5.1617 5.2442 0.0124
5.2501 5.1617 5.2442 0.0124
5.2501 5.1617 5.2442 0.0124
5.2501 5.1617 5.2442 0.0124
5.2501 5.1617 5.2442 0.0124
5.2501 5.1617 5.2442 0.0124
5.2501 5.1617 5.2442 0.0124
5.2501 5.1617 5.2442 0.0124
5.2501 5.1617 5.2442 0.0124
5.2501 5.1617 5.2442 0.0124
5.2501 5.1617 5.2442 0.0124
5.2501 5.1617 5.2442 0.0124
5.2501 5.1617 5.2442 0.0124
5.2501 5.1617 5.2442 0.0124
5.2501 5.1617 5.2442 0.0124
5.2501 5.1617 5.2442 0.0124
5.2501 5.1617 5.2443 0.0124
5.2501 5.1617 5.2443 0.0125
5.2501 5.1617 5.2443 0.0125
5.2501 5.1617 5.2443 0.0125
5.2501 5.1617 5.2443 0.0125
5.2501 5.1617 5.2443 0.0125
5.2501 5.1617 5.2443 0.0125
5.2501 5.1617 5.2443 0.0125
5.2501 5.1617 5.2443 0.0125
5.2501 5.1617 5.2443 0.0125
5.2501 5.1617 5.2443 0.0125
5.2501 5.1617 5.2443 0.0125
5.2501 5.1617 5.2443 0.0125
5.2501 5.1617 5.2443 0.0125
5.2501 5.1617 5.2444 0.0125
5.2501 5.1617 5.2444 0.0125
5.2501 5.1617 5.2444 0.0125
5.2501 5.1617 5.2444 0.0125
5.2501 5.1617 5.2444 0.0125
5.2501 5.1617 5.2444 0.0125
5.2501 5.1617 5.2444 0.0125
5.2501 5.1617 5.2444 0.0125
5.2501 5.1617 5.2444 0.0125
5.2501 5.1617 5.2444 0.0125
5.2501 5.1617 5.2449 0.0112
5.2501 5.1617 5.2449 0.0112
5.2501 5.1617 5.2449 0.0112
5.2501 5.1617 5.2449 0.0112
5.2501 5.1617 5.2449 0.0112
5.2501 5.1617 5.2450 0.0112
5.2501 5.1617 5.2450 0.0112
5.2501 5.1617 5.2450 0.0112
5.2501 5.1617 5.2450 0.0112
5.2501 5.1617 5.2450 0.0112
5.2501 5.1617 5.2450 0.0112
5.2501 5.1617 5.2450 0.0112
5.2501 5.1617 5.2450 0.0112
5.2501 5.1617 5.2450 0.0112
5.2501 5.1617 5.2450 0.0112
5.2501 5.1617 5.2450 0.0112
5.2501 5.1617 5.2450 0.0112
5.2501 5.1617 5.2450 0.0112
5.2501 5.1617 5.2450 0.0112
5.2501 5.1617 5.2450 0.0112
5.2501 5.1617 5.2450 0.0112
5.2501 5.1617 5.2450 0.0112
5.2501 5.1617 5.2450 0.0112
5.2501 5.1617 5.2450 0.0112
5.2501 5.1617 5.2450 0.0112
5.2501 5.1617 5.2450 0.0112
5.2501 5.1617 5.2450 0.0112
5.2501 5.1617 5.2450 0.0112
5.2501 5.1617 5.2450 0.0112
5.2501 5.1617 5.2450 0.0112
5.2501 5.1617 5.2450 0.0112
5.2501 5.1617 5.2450 0.0112
5.2501 5.1617 5.2450 0.0112
5.2501 5.1617 5.2450 0.0112
5.2501 5.1617 5.2450 0.0112
5.2501 5.1617 5.2450 0.0112
5.2501 5.1617 5.2450 0.0112
5.2501 5.1617 5.2450 0.0112
5.2501 5.1617 5.2450 0.0112
5.2501 5.1617 5.2450 0.0112
5.2501 5.1617 5.2450 0.0112
5.2501 5.1617 5.2450 0.0112
5.2501 5.1617 5.2450 0.0112
5.2501 5.1617 5.2450 0.0112
5.2501 5.1617 5.2450 0.0112
5.2501 5.1617 5.2450 0.0112
5.2501 5.1617 5.2450 0.0112
5.2501 5.1617 5.2450 0.0112
5.2501 5.1617 5.2450 0.0112
5.2501 5.1617 5.2450 0.0112
5.2501 5.1617 5.2450 0.0112
5.2501 5.1617 5.2450 0.0112
5.2501 5.1617 5.2450 0.0112
5.2501 5.1617 5.2450 0.0112
5.2501 5.1617 5.2450 0.0112
5.2501 5.1617 5.2450 0.0112
5.2501 5.1617 5.2450 0.0112
5.2501 5.1617 5.2450 0.0112
5.2501 5.1617 5.2450 0.0112
5.2501 5.1617 5.2450 0.0112
5.2501 5.1617 5.2450 0.0112
5.2501 5.1617 5.2450 0.0112
5.2501 5.1617 5.2450 0.0112
5.2501 5.1617 5.2450 0.0112
5.2501 5.1617 5.2450 0.0112
5.2501 5.1617 5.2450 0.0112
5.2501 5.1617 5.2450 0.0112
5.2501 5.1617 5.2450 0.0112
5.2501 5.1617 5.2450 0.0112
5.2501 5.1617 5.2450 0.0112
5.2501 5.1617 5.2451 0.0113
5.2501 5.1617 5.2451 0.0113
5.2501 5.1617 5.2451 0.0113
5.2501 5.1617 5.2451 0.0113
5.2501 5.1617 5.2451 0.0113
5.2501 5.1617 5.2451 0.0113
5.2501 5.1617 5.2451 0.0113
5.2501 5.1617 5.2451 0.0113
5.2501 5.1617 5.2451 0.0113
5.2501 5.1617 5.2451 0.0113
5.2501 5.1617 5.2451 0.0113
5.2501 5.1617 5.2452 0.0113
5.2501 5.1617 5.2452 0.0113
5.2501 5.1617 5.2452 0.0113
5.2501 5.1617 5.2452 0.0113
5.2501 5.1617 5.2452 0.0113
5.2501 5.1617 5.2452 0.0113
5.2501 5.1617 5.2452 0.0113
5.2501 5.1617 5.2452 0.0113
5.2501 5.1617 5.2452 0.0113
5.2501 5.1617 5.2452 0.0113
5.2501 5.1617 5.2452 0.0113
5.2501 5.1617 5.2452 0.0113
5.2501 5.1617 5.2452 0.0113
5.2501 5.1617 5.2452 0.0113
5.2501 5.1617 5.2452 0.0113
5.2501 5.1617 5.2452 0.0113
5.2501 5.1617 5.2452 0.0113
5.2501 5.1617 5.2452 0.0113
5.2501 5.1617 5.2452 0.0113
5.2501 5.1617 5.2452 0.0113
5.2501 5.1617 5.2452 0.0113
5.2501 5.1617 5.2452 0.0113
5.2501 5.1617 5.2452 0.0113
5.2501 5.1617 5.2452 0.0113
5.2501 5.1617 5.2452 0.0113
5.2501 5.1617 5.2452 0.0113
5.2501 5.1617 5.2452 0.0113
5.2501 5.1617 5.2452 0.0113
5.2501 5.1617 5.2452 0.0113
5.2501 5.1617 5.2452 0.0113
5.2501 5.1617 5.2452 0.0113
5.2501 5.1617 5.2452 0.0113
5.2501 5.1617 5.2452 0.0113
5.2501 5.1617 5.2452 0.0113
5.2501 5.1617 5.2453 0.0113
5.2501 5.1617 5.2453 0.0113
5.2501 5.1617 5.2453 0.0113
5.2501 5.1617 5.2453 0.0113
5.2501 5.1617 5.2453 0.0113
5.2501 5.1617 5.2453 0.0113
5.2501 5.1617 5.2453 0.0113
5.2501 5.1617 5.2453 0.0113
5.2501 5.1617 5.2453 0.0113
5.2501 5.1617 5.2453 0.0113
5.2501 5.1617 5.2453 0.0113
5.2501 5.1617 5.2453 0.0113
5.2501 5.1617 5.2454 0.0113
5.2501 5.1617 5.2454 0.0113
5.2501 5.1617 5.2454 0.0113
5.2501 5.1617 5.2454 0.0113
5.2501 5.1617 5.2459 0.0104
5.2501 5.1617 5.2459 0.0104
5.2501 5.1617 5.2459 0.0104
5.2501 5.1617 5.2459 0.0104
5.2501 5.1617 5.2459 0.0104
5.2501 5.1617 5.2459 0.0104
5.2501 5.1617 5.2459 0.0104
5.2501 5.1617 5.2459 0.0104
5.2501 5.1617 5.2459 0.0104
5.2501 5.1617 5.2459 0.0104
5.2501 5.1757 5.2461 0.0093
5.2501 5.1757 5.2461 0.0093
5.2501 5.1757 5.2461 0.0093
5.2501 5.1757 5.2461 0.0093
5.2501 5.1757 5.2461 0.0093
5.2501 5.1757 5.2461 0.0093
5.2501 5.1757 5.2461 0.0093
5.2501 5.1757 5.2461 0.0093
5.2501 5.1757 5.2461 0.0093
5.2501 5.1757 5.2461 0.0093
5.2501 5.1757 5.2461 0.0093
5.2501 5.1757 5.2461 0.0093
5.2501 5.1757 5.2461 0.0093
5.2501 5.1757 5.2461 0.0093
5.2501 5.1757 5.2461 0.0093
5.2501 5.1757 5.2461 0.0093
5.2501 5.1757 5.2461 0.0093
5.2501 5.1757 5.2461 0.0093
5.2501 5.1757 5.2461 0.0093
5.2501 5.1757 5.2461 0.0093
5.2501 5.1757 5.2461 0.0093
5.2501 5.1757 5.2461 0.0093
5.2501 5.1757 5.2461 0.0093
5.2501 5.1757 5.2462 0.0093
5.2501 5.1757 5.2462 0.0093
5.2501 5.1757 5.2462 0.0093
5.2501 5.1757 5.2462 0.0093
5.2501 5.1757 5.2462 0.0093
5.2501 5.1757 5.2462 0.0093
5.2501 5.1757 5.2462 0.0093
5.2501 5.1757 5.2462 0.0093
5.2501 5.1757 5.2462 0.0093
5.2501 5.1757 5.2462 0.0093
5.2501 5.1757 5.2462 0.0093
5.2501 5.1757 5.2462 0.0093
5.2501 5.1757 5.2462 0.0093
5.2501 5.1757 5.2462 0.0093
5.2501 5.1757 5.2462 0.0093
5.2501 5.1757 5.2462 0.0093
5.2501 5.1757 5.2462 0.0093
5.2501 5.1757 5.2462 0.0093
5.2501 5.1757 5.2462 0.0093
5.2501 5.1757 5.2462 0.0093
5.2501 5.1757 5.2462 0.0093
5.2501 5.1757 5.2462 0.0093
5.2501 5.1757 5.2462 0.0093
5.2501 5.1757 5.2463 0.0093
5.2501 5.1757 5.2463 0.0093
5.2501 5.1757 5.2463 0.0093
5.2501 5.1757 5.2463 0.0093
5.2501 5.1757 5.2463 0.0093
5.2501 5.1757 5.2463 0.0093
5.2501 5.1757 5.2463 0.0093
5.2501 5.1757 5.2463 0.0093
5.2501 5.1757 5.2463 0.0093
5.2501 5.1757 5.2463 0.0093
5.2501 5.1757 5.2463 0.0093
5.2501 5.1757 5.2463 0.0093
5.2501 5.1757 5.2463 0.0093
5.2501 5.1757 5.2463 0.0093
5.2501 5.1757 5.2464 0.0093
5.2501 5.1757 5.2464 0.0093
5.2501 5.1757 5.2464 0.0093
5.2501 5.1757 5.2464 0.0093
5.2501 5.1757 5.2464 0.0093
5.2501 5.1757 5.2464 0.0093
5.2501 5.1757 5.2464 0.0093
5.2501 5.1757 5.2464 0.0093
5.2501 5.1757 5.2464 0.0093
5.2501 5.1757 5.2464 0.0093
5.2501 5.1757 5.2464 0.0093
5.2501 5.1757 5.2464 0.0093
5.2501 5.1757 5.2464 0.0093
5.2501 5.1757 5.2464 0.0093
5.2501 5.1757 5.2464 0.0093
5.2501 5.1757 5.2464 0.0093
5.2501 5.1757 5.2464 0.0093
5.2501 5.1757 5.2464 0.0093
5.2501 5.1757 5.2464 0.0093
5.2501 5.1757 5.2464 0.0093
5.2501 5.1757 5.2464 0.0093
5.2501 5.1757 5.2464 0.0093
5.2501 5.1757 5.2464 0.0093
5.2501 5.1757 5.2464 0.0093
5.2501 5.1757 5.2464 0.0093
5.2501 5.1757 5.2464 0.0093
5.2501 5.1757 5.2464 0.0093
5.2501 5.1757 5.2465 0.0093
5.2501 5.1757 5.2465 0.0093
5.2501 5.1757 5.2465 0.0093
5.2501 5.1757 5.2465 0.0093
5.2501 5.1757 5.2465 0.0093
5.2501 5.1757 5.2465 0.0093
5.2501 5.1757 5.2465 0.0093
5.2501 5.1757 5.2465 0.0093
5.2501 5.1757 5.2465 0.0093
5.2501 5.1757 5.2465 0.0093
5.2501 5.1757 5.2465 0.0093
5.2501 5.1757 5.2465 0.0093
5.2501 5.1757 5.2465 0.0093
5.2501 5.1757 5.2465 0.0093
5.2501 5.1757 5.2465 0.0094
5.2501 5.1757 5.2465 0.0094
5.2501 5.1757 5.2465 0.0094
5.2501 5.1757 5.2465 0.0094
5.2501 5.1757 5.2465 0.0094
5.2501 5.1757 5.2465 0.0094
5.2501 5.1757 5.2466 0.0094
5.2501 5.1900 5.2473 0.0061
5.2501 5.1900 5.2473 0.0061
5.2501 5.1900 5.2473 0.0061
5.2501 5.1900 5.2473 0.0061
5.2501 5.1900 5.2474 0.0061
5.2501 5.1900 5.2474 0.0061
5.2501 5.1900 5.2474 0.0061
5.2501 5.1900 5.2474 0.0061
5.2501 5.1900 5.2474 0.0061
5.2501 5.1900 5.2474 0.0061
5.2501 5.1900 5.2474 0.0061
5.2501 5.1900 5.2474 0.0061
5.2501 5.1900 5.2474 0.0061
5.2501 5.1900 5.2474 0.0061
5.2501 5.1900 5.2474 0.0061
5.2501 5.1900 5.2474 0.0061
5.2501 5.1900 5.2474 0.0061
5.2501 5.1900 5.2475 0.0061
5.2501 5.1900 5.2475 0.0061
5.2501 5.1900 5.2475 0.0061
5.2501 5.1900 5.2475 0.0061
5.2501 5.1900 5.2475 0.0061
5.2501 5.1900 5.2475 0.0061
5.2501 5.1900 5.2475 0.0061
5.2501 5.1900 5.2475 0.0061
5.2501 5.1900 5.2475 0.0061
5.2501 5.1900 5.2475 0.0061
5.2501 5.1900 5.2475 0.0061
5.2501 5.1900 5.2475 0.0061
5.2501 5.1900 5.2475 0.0061
5.2501 5.1900 5.2475 0.0061
5.2501 5.1900 5.2475 0.0061
5.2501 5.1900 5.2475 0.0061
5.2501 5.1900 5.2475 0.0061
5.2501 5.1900 5.2475 0.0061
5.2501 5.1900 5.2475 0.0061
5.2501 5.1900 5.2475 0.0061
5.2501 5.1900 5.2475 0.0061
5.2501 5.1900 5.2475 0.0061
5.2501 5.1900 5.2475 0.0061
5.2501 5.1900 5.2475 0.0061
5.2501 5.1900 5.2475 0.0061
5.2501 5.1900 5.2475 0.0061
5.2501 5.1900 5.2475 0.0061
5.2501 5.1900 5.2475 0.0061
5.2501 5.1900 5.2476 0.0061
5.2501 5.1900 5.2476 0.0061
5.2501 5.1900 5.2476 0.0061
5.2501 5.1900 5.2476 0.0061
5.2501 5.1900 5.2476 0.0061
5.2501 5.1900 5.2476 0.0061
5.2501 5.1900 5.2476 0.0061
5.2501 5.1900 5.2476 0.0061
5.2501 5.1900 5.2476 0.0061
5.2501 5.1900 5.2476 0.0061
5.2501 5.1900 5.2476 0.0061
5.2501 5.1900 5.2476 0.0061
5.2501 5.1900 5.2476 0.0061
5.2501 5.1900 5.2476 0.0061
5.2501 5.1900 5.2476 0.0061
5.2501 5.1900 5.2476 0.0061
5.2501 5.1900 5.2476 0.0061
5.2501 5.1900 5.2476 0.0061
5.2501 5.1900 5.2476 0.0061
5.2501 5.1900 5.2476 0.0061
5.2501 5.1900 5.2476 0.0061
5.2501 5.1900 5.2476 0.0061
5.2501 5.1900 5.2477 0.0061
5.2501 5.1900 5.2477 0.0061
5.2501 5.1900 5.2477 0.0061
5.2501 5.1900 5.2477 0.0061
5.2501 5.1900 5.2477 0.0061
5.2501 5.1900 5.2477 0.0061
5.2501 5.1900 5.2477 0.0061
5.2501 5.1900 5.2477 0.0061
5.2501 5.1900 5.2477 0.0061
5.2501 5.1900 5.2478 0.0061
5.2501 5.1900 5.2478 0.0061
5.2501 5.1900 5.2478 0.0061
5.2501 5.1900 5.2478 0.0061
5.2501 5.1900 5.2478 0.0061
5.2501 5.1900 5.2478 0.0061
5.2501 5.1900 5.2478 0.0061
5.2501 5.1900 5.2478 0.0061
5.2501 5.1900 5.2478 0.0061
5.2501 5.1900 5.2478 0.0061
5.2501 5.1900 5.2478 0.0061
5.2501 5.1900 5.2478 0.0061
5.2501 5.1900 5.2478 0.0061
5.2501 5.1900 5.2478 0.0061
5.2501 5.1900 5.2479 0.0061
5.2501 5.1900 5.2479 0.0061
5.2501 5.1900 5.2479 0.0061
5.2501 5.1900 5.2479 0.0061
5.2501 5.1900 5.2479 0.0061
5.2501 5.1900 5.2479 0.0061
5.2501 5.1900 5.2479 0.0061
5.2501 5.1900 5.2479 0.0061
5.2501 5.1900 5.2479 0.0061
5.2501 5.1900 5.2479 0.0061
5.2501 5.1900 5.2479 0.0061
5.2501 5.1900 5.2479 0.0061
5.2501 5.1900 5.2479 0.0061
5.2501 5.1900 5.2479 0.0061
5.2501 5.1900 5.2479 0.0061
5.2501 5.1900 5.2479 0.0061
5.2501 5.1900 5.2479 0.0061
5.2501 5.1900 5.2479 0.0061
5.2501 5.1900 5.2479 0.0061
5.2501 5.1900 5.2479 0.0061
5.2501 5.1900 5.2479 0.0061
5.2501 5.1900 5.2479 0.0061
5.2501 5.1900 5.2479 0.0061
5.2501 5.1900 5.2479 0.0061
5.2501 5.1900 5.2479 0.0061
5.2501 5.1900 5.2479 0.0061
5.2501 5.1900 5.2479 0.0061
5.2501 5.1900 5.2479 0.0061
5.2501 5.1900 5.2480 0.0061
5.2501 5.1900 5.2480 0.0061
5.2501 5.1900 5.2480 0.0061
5.2501 5.1900 5.2480 0.0061
5.2501 5.1900 5.2480 0.0061
5.2501 5.1900 5.2480 0.0061
5.2501 5.1900 5.2480 0.0061
5.2501 5.1900 5.2480 0.0061
5.2501 5.1900 5.2480 0.0061
5.2501 5.1900 5.2480 0.0061
5.2501 5.1900 5.2480 0.0061
5.2501 5.1900 5.2480 0.0061
5.2501 5.1900 5.2480 0.0061
5.2501 5.1900 5.2480 0.0061
5.2501 5.1900 5.2480 0.0061
5.2501 5.1900 5.2480 0.0061
5.2501 5.1900 5.2480 0.0061
5.2501 5.1900 5.2480 0.0061
5.2501 5.1900 5.2480 0.0061
5.2501 5.1900 5.2480 0.0061
5.2501 5.1900 5.2480 0.0061
5.2501 5.1900 5.2480 0.0061
5.2501 5.1900 5.2480 0.0061
5.2501 5.1900 5.2480 0.0061
5.2501 5.1900 5.2480 0.0061
5.2501 5.1900 5.2480 0.0061
5.2501 5.1900 5.2480 0.0061
5.2501 5.1900 5.2481 0.0061
5.2501 5.1900 5.2481 0.0061
5.2501 5.1900 5.2481 0.0061
5.2501 5.1900 5.2481 0.0061
5.2501 5.1900 5.2481 0.0061
5.2501 5.1900 5.2481 0.0061
5.2501 5.1900 5.2481 0.0061
5.2501 5.1900 5.2481 0.0061
5.2501 5.1900 5.2481 0.0061
5.2501 5.1900 5.2481 0.0061
5.2501 5.1900 5.2481 0.0061
5.2501 5.1900 5.2481 0.0061
5.2501 5.1900 5.2481 0.0061
5.2501 5.1900 5.2481 0.0061
5.2501 5.1900 5.2481 0.0061
5.2501 5.1900 5.2481 0.0061
5.2501 5.1900 5.2481 0.0061
5.2501 5.1900 5.2481 0.0061
5.2501 5.1900 5.2481 0.0061
5.2501 5.1900 5.2481 0.0061
5.2501 5.1900 5.2481 0.0061
5.2501 5.1900 5.2481 0.0061
5.2501 5.1900 5.2481 0.0061
5.2501 5.1900 5.2481 0.0061
5.2501 5.1900 5.2481 0.0061
5.2501 5.1900 5.2481 0.0061
5.2501 5.1900 5.2481 0.0061
5.2501 5.1900 5.2481 0.0061
5.2501 5.1900 5.2482 0.0061
5.2501 5.1900 5.2482 0.0061
5.2501 5.1900 5.2482 0.0061
5.2501 5.1900 5.2482 0.0061
5.2501 5.1900 5.2482 0.0061
5.2501 5.1900 5.2482 0.0061
5.2501 5.1900 5.2482 0.0061
5.2501 5.1900 5.2482 0.0061
5.2501 5.1900 5.2482 0.0061
5.2501 5.1900 5.2483 0.0061
5.2501 5.1900 5.2483 0.0061
5.2501 5.1900 5.2483 0.0061
5.2501 5.1900 5.2483 0.0061
5.2515 5.1900 5.2483 0.0061
5.2515 5.1900 5.2483 0.0061
5.2515 5.1900 5.2483 0.0061
5.2515 5.1900 5.2483 0.0061
5.2515 5.1900 5.2483 0.0061
5.2515 5.1900 5.2483 0.0061
5.2515 5.1900 5.2483 0.0061
5.2515 5.1900 5.2483 0.0061
5.2515 5.1900 5.2483 0.0061
5.2515 5.1900 5.2483 0.0061
5.2515 5.1900 5.2483 0.0061
5.2515 5.1900 5.2483 0.0061
5.2515 5.1900 5.2483 0.0061
5.2515 5.1900 5.2483 0.0061
5.2515 5.1900 5.2483 0.0061
5.2515 5.1900 5.2483 0.0061
5.2515 5.1900 5.2483 0.0061
5.2515 5.1900 5.2483 0.0061
5.2515 5.1900 5.2483 0.0061
5.2515 5.1900 5.2483 0.0061
5.2515 5.1900 5.2484 0.0061
5.2515 5.1900 5.2484 0.0061
5.2515 5.1900 5.2484 0.0061
5.2515 5.1900 5.2484 0.0061
5.2515 5.1900 5.2484 0.0061
5.2515 5.2461 5.2489 0.0019
5.2515 5.2461 5.2489 0.0019
5.2515 5.2461 5.2490 0.0018
5.2515 5.2461 5.2490 0.0018
5.2515 5.2461 5.2490 0.0018
5.2515 5.2461 5.2490 0.0018
5.2515 5.2461 5.2490 0.0018
5.2515 5.2461 5.2490 0.0018
5.2515 5.2461 5.2490 0.0018
5.2515 5.2461 5.2490 0.0018
5.2515 5.2461 5.2490 0.0018
5.2515 5.2461 5.2490 0.0018
5.2515 5.2461 5.2490 0.0018
5.2515 5.2461 5.2490 0.0018
5.2515 5.2461 5.2490 0.0018
5.2515 5.2461 5.2490 0.0018
5.2515 5.2461 5.2490 0.0018
5.2515 5.2461 5.2490 0.0018
5.2515 5.2461 5.2490 0.0018
5.2515 5.2461 5.2490 0.0018
5.2515 5.2461 5.2491 0.0018
5.2515 5.2461 5.2491 0.0018
5.2515 5.2461 5.2491 0.0018
5.2515 5.2461 5.2491 0.0018
5.2515 5.2461 5.2491 0.0018
5.2515 5.2461 5.2491 0.0018
5.2515 5.2461 5.2491 0.0018
5.2515 5.2461 5.2491 0.0018
5.2515 5.2461 5.2491 0.0018
5.2515 5.2461 5.2491 0.0018
5.2515 5.2461 5.2491 0.0018
5.2515 5.2461 5.2491 0.0018
5.2515 5.2461 5.2491 0.0018
5.2515 5.2461 5.2492 0.0018
5.2515 5.2461 5.2492 0.0018
5.2515 5.2461 5.2492 0.0018
5.2515 5.2461 5.2492 0.0018
5.2515 5.2461 5.2492 0.0018
5.2515 5.2461 5.2492 0.0018
5.2515 5.2461 5.2492 0.0018
5.2515 5.2461 5.2492 0.0018
5.2515 5.2461 5.2492 0.0018
5.2515 5.2461 5.2492 0.0018
5.2515 5.2461 5.2492 0.0018
5.2515 5.2461 5.2492 0.0018
5.2515 5.2461 5.2492 0.0018
5.2515 5.2461 5.2492 0.0018
5.2515 5.2461 5.2492 0.0018
5.2515 5.2461 5.2492 0.0018
5.2515 5.2461 5.2492 0.0018
5.2515 5.2461 5.2492 0.0018
5.2515 5.2461 5.2492 0.0018
5.2515 5.2461 5.2493 0.0018
5.2515 5.2461 5.2493 0.0017
5.2515 5.2461 5.2493 0.0017
5.2515 5.2461 5.2493 0.0017
5.2515 5.2461 5.2493 0.0017
5.2515 5.2461 5.2493 0.0017
5.2515 5.2461 5.2494 0.0017
5.2515 5.2461 5.2494 0.0017
5.2515 5.2461 5.2494 0.0017
5.2515 5.2461 5.2494 0.0017
5.2515 5.2461 5.2494 0.0017
5.2515 5.2461 5.2494 0.0017
5.2515 5.2461 5.2494 0.0017
5.2515 5.2461 5.2494 0.0017
5.2515 5.2461 5.2494 0.0017
5.2515 5.2461 5.2494 0.0017
5.2515 5.2461 5.2494 0.0017
5.2515 5.2461 5.2494 0.0017
5.2515 5.2461 5.2494 0.0017
5.2515 5.2461 5.2494 0.0017
5.2515 5.2461 5.2494 0.0017
5.2515 5.2461 5.2494 0.0017
5.2515 5.2461 5.2494 0.0017
5.2515 5.2461 5.2494 0.0017
5.2515 5.2461 5.2494 0.0017
5.2515 5.2461 5.2494 0.0017
5.2515 5.2461 5.2494 0.0017
5.2515 5.2461 5.2494 0.0017
5.2515 5.2461 5.2494 0.0017
5.2515 5.2461 5.2494 0.0017
5.2515 5.2461 5.2495 0.0017
5.2515 5.2461 5.2495 0.0016
5.2515 5.2461 5.2495 0.0016
5.2515 5.2461 5.2495 0.0016
5.2515 5.2461 5.2495 0.0016
5.2515 5.2461 5.2495 0.0016
5.2515 5.2461 5.2495 0.0016
5.2515 5.2461 5.2495 0.0016
5.2515 5.2461 5.2495 0.0016
5.2515 5.2461 5.2495 0.0016
5.2515 5.2461 5.2495 0.0016
5.2515 5.2461 5.2495 0.0016
5.2515 5.2461 5.2495 0.0016
5.2515 5.2461 5.2495 0.0016
5.2515 5.2461 5.2495 0.0016
5.2515 5.2461 5.2495 0.0016
5.2515 5.2461 5.2495 0.0016
5.2515 5.2461 5.2495 0.0016
5.2515 5.2461 5.2495 0.0016
5.2515 5.2461 5.2495 0.0016
5.2515 5.2461 5.2496 0.0016
5.2515 5.2461 5.2496 0.0016
5.2515 5.2461 5.2496 0.0016
5.2515 5.2461 5.2496 0.0016
5.2515 5.2461 5.2496 0.0016
5.2515 5.2461 5.2496 0.0016
5.2515 5.2461 5.2496 0.0016
5.2515 5.2461 5.2496 0.0016
5.2515 5.2461 5.2496 0.0016
5.2515 5.2461 5.2496 0.0016
5.2515 5.2461 5.2496 0.0016
5.2515 5.2461 5.2496 0.0016
5.2515 5.2461 5.2496 0.0016
5.2515 5.2461 5.2496 0.0016
5.2515 5.2461 5.2496 0.0016
5.2515 5.2461 5.2496 0.0016
5.2515 5.2461 5.2496 0.0016
5.2515 5.2461 5.2496 0.0016
5.2515 5.2461 5.2496 0.0016
5.2515 5.2461 5.2496 0.0016
5.2515 5.2461 5.2496 0.0016
5.2515 5.2461 5.2496 0.0016
5.2515 5.2461 5.2496 0.0016
5.2515 5.2461 5.2496 0.0016
5.2515 5.2461 5.2496 0.0016
5.2515 5.2461 5.2496 0.0016
5.2515 5.2461 5.2496 0.0016
5.2515 5.2461 5.2496 0.0016
5.2515 5.2461 5.2496 0.0016
5.2515 5.2461 5.2496 0.0016
5.2515 5.2461 5.2496 0.0016
5.2515 5.2461 5.2496 0.0016
5.2515 5.2461 5.2496 0.0016
5.2515 5.2461 5.2496 0.0016
5.2515 5.2461 5.2496 0.0016
5.2515 5.2461 5.2496 0.0016
5.2515 5.2461 5.2496 0.0016
5.2515 5.2461 5.2496 0.0016
5.2515 5.2461 5.2496 0.0016
5.2515 5.2461 5.2496 0.0016
5.2515 5.2461 5.2496 0.0016
5.2515 5.2461 5.2496 0.0016
5.2515 5.2461 5.2496 0.0016
5.2515 5.2461 5.2496 0.0016
5.2515 5.2461 5.2496 0.0016
5.2515 5.2461 5.2496 0.0016
5.2515 5.2461 5.2496 0.0016
5.2515 5.2461 5.2496 0.0016
5.2515 5.2461 5.2496 0.0016
5.2515 5.2461 5.2496 0.0016
5.2515 5.2461 5.2496 0.0016
5.2515 5.2461 5.2496 0.0016
5.2515 5.2461 5.2496 0.0016
5.2515 5.2461 5.2496 0.0016
5.2515 5.2461 5.2496 0.0016
5.2515 5.2461 5.2496 0.0016
5.2515 5.2461 5.2497 0.0016
5.2515 5.2461 5.2497 0.0016
5.2515 5.2461 5.2497 0.0016
5.2515 5.2461 5.2497 0.0016
5.2515 5.2461 5.2497 0.0016
5.2515 5.2461 5.2497 0.0016
5.2515 5.2461 5.2497 0.0016
5.2515 5.2461 5.2497 0.0016
5.2515 5.2461 5.2497 0.0016
5.2515 5.2461 5.2497 0.0016
5.2515 5.2461 5.2497 0.0016
5.2515 5.2461 5.2497 0.0016
5.2515 5.2461 5.2497 0.0016
5.2515 5.2461 5.2497 0.0016
5.2515 5.2461 5.2497 0.0016
5.2515 5.2461 5.2497 0.0016
5.2515 5.2461 5.2497 0.0016
5.2515 5.2461 5.2497 0.0016
5.2515 5.2461 5.2497 0.0016
5.2515 5.2461 5.2497 0.0016
5.2515 5.2461 5.2497 0.0016
5.2515 5.2461 5.2498 0.0015
5.2515 5.2461 5.2498 0.0015
5.2515 5.2461 5.2498 0.0015
5.2515 5.2461 5.2498 0.0015
5.2515 5.2461 5.2498 0.0015
5.2515 5.2461 5.2498 0.0015
5.2515 5.2461 5.2498 0.0015
5.2515 5.2461 5.2498 0.0015
5.2515 5.2461 5.2498 0.0015
5.2515 5.2461 5.2498 0.0015
5.2515 5.2461 5.2498 0.0015
5.2515 5.2461 5.2498 0.0015
5.2515 5.2461 5.2498 0.0015
5.2515 5.2461 5.2498 0.0015
5.2515 5.2461 5.2498 0.0015
5.2515 5.2461 5.2498 0.0015
5.2515 5.2461 5.2498 0.0015
5.2515 5.2461 5.2498 0.0015
5.2515 5.2461 5.2498 0.0015
5.2515 5.2461 5.2498 0.0016
5.2515 5.2461 5.2498 0.0016
5.2515 5.2461 5.2498 0.0016
5.2515 5.2461 5.2498 0.0016
5.2515 5.2461 5.2498 0.0016
5.2515 5.2461 5.2498 0.0016
5.2515 5.2461 5.2498 0.0016
5.2515 5.2461 5.2498 0.0016
5.2515 5.2461 5.2498 0.0016
5.2515 5.2461 5.2498 0.0016
5.2515 5.2461 5.2499 0.0015
5.2515 5.2461 5.2499 0.0015
5.2515 5.2461 5.2499 0.0015
5.2515 5.2461 5.2499 0.0015
5.2515 5.2461 5.2499 0.0015
5.2515 5.2461 5.2499 0.0015
5.2515 5.2461 5.2499 0.0015
5.2515 5.2461 5.2499 0.0015
5.2515 5.2461 5.2499 0.0015
5.2515 5.2461 5.2499 0.0015
5.2515 5.2461 5.2499 0.0015
5.2515 5.2461 5.2499 0.0015
5.2515 5.2461 5.2499 0.0015
5.2515 5.2461 5.2499 0.0015
5.2515 5.2461 5.2499 0.0015
5.2515 5.2461 5.2499 0.0015
5.2515 5.2461 5.2499 0.0015
5.2515 5.2461 5.2499 0.0015
5.2515 5.2461 5.2499 0.0015
5.2515 5.2461 5.2499 0.0015
5.2515 5.2461 5.2499 0.0015
5.2515 5.2461 5.2499 0.0015
5.2515 5.2461 5.2499 0.0015
5.2515 5.2461 5.2499 0.0015
5.2515 5.2461 5.2499 0.0015
5.2515 5.2461 5.2499 0.0015
5.2515 5.2461 5.2499 0.0015
5.2515 5.2461 5.2499 0.0015
5.2515 5.2461 5.2499 0.0015
5.2515 5.2461 5.2499 0.0015
5.2515 5.2461 5.2499 0.0015
5.2515 5.2461 5.2499 0.0015
5.2515 5.2461 5.2499 0.0015
5.2515 5.2461 5.2499 0.0015
5.2515 5.2461 5.2499 0.0015
5.2515 5.2461 5.2499 0.0015
5.2515 5.2461 5.2499 0.0015
5.2515 5.2461 5.2499 0.0015
5.2515 5.2461 5.2499 0.0015
5.2515 5.2461 5.2500 0.0015
5.2515 5.2461 5.2500 0.0015
5.2515 5.2461 5.2500 0.0015
5.2515 5.2461 5.2500 0.0015
5.2515 5.2461 5.2500 0.0015
5.2515 5.2461 5.2500 0.0015
5.2515 5.2461 5.2500 0.0015
5.2515 5.2461 5.2500 0.0015
5.2515 5.2461 5.2500 0.0015
5.2515 5.2461 5.2501 0.0014
5.2515 5.2461 5.2501 0.0014
5.2515 5.2461 5.2501 0.0014
5.2515 5.2461 5.2501 0.0014
5.2515 5.2461 5.2501 0.0014
5.2515 5.2461 5.2501 0.0014
5.2515 5.2461 5.2501 0.0014
5.2515 5.2461 5.2501 0.0014
5.2515 5.2461 5.2501 0.0014
5.2515 5.2461 5.2501 0.0014
5.2515 5.2461 5.2501 0.0014
5.2515 5.2461 5.2501 0.0014
5.2515 5.2461 5.2501 0.0014
5.2515 5.2461 5.2501 0.0014
5.2515 5.2461 5.2501 0.0014
5.2515 5.2461 5.2501 0.0014
5.2515 5.2461 5.2501 0.0014
5.2515 5.2461 5.2501 0.0014
5.2515 5.2461 5.2501 0.0014
5.2515 5.2461 5.2501 0.0014
5.2515 5.2461 5.2501 0.0014
5.2515 5.2461 5.2501 0.0014
5.2515 5.2461 5.2502 0.0013
5.2515 5.2461 5.2502 0.0013
5.2515 5.2461 5.2502 0.0013
5.2515 5.2461 5.2502 0.0013
5.2515 5.2461 5.2502 0.0013
5.2515 5.2461 5.2502 0.0013
5.2515 5.2461 5.2502 0.0013
5.2515 5.2461 5.2502 0.0013
5.2515 5.2461 5.2502 0.0013
5.2515 5.2461 5.2502 0.0013
5.2515 5.2461 5.2502 0.0013
5.2515 5.2461 5.2502 0.0013
5.2515 5.2461 5.2502 0.0013
5.2515 5.2461 5.2502 0.0013
5.2515 5.2461 5.2502 0.0012
5.2515 5.2461 5.2502 0.0012
5.2515 5.2461 5.2502 0.0012
5.2515 5.2461 5.2502 0.0012
5.2515 5.2461 5.2502 0.0012
5.2515 5.2461 5.2502 0.0012
5.2515 5.2461 5.2502 0.0012
5.2515 5.2461 5.2502 0.0012
5.2515 5.2461 5.2502 0.0012
5.2515 5.2461 5.2502 0.0012
5.2515 5.2461 5.2503 0.0012
5.2515 5.2461 5.2503 0.0012
5.2515 5.2461 5.2503 0.0012
5.2515 5.2461 5.2503 0.0012
5.2515 5.2461 5.2503 0.0012
5.2515 5.2461 5.2503 0.0012
5.2515 5.2461 5.2503 0.0012
5.2515 5.2461 5.2503 0.0012
5.2515 5.2461 5.2503 0.0011
5.2515 5.2461 5.2503 0.0011
5.2515 5.2461 5.2503 0.0011
5.2515 5.2461 5.2503 0.0011
5.2515 5.2461 5.2503 0.0011
5.2515 5.2461 5.2504 0.0011
5.2515 5.2461 5.2504 0.0011
5.2515 5.2461 5.2504 0.0011
5.2515 5.2461 5.2504 0.0010
5.2515 5.2461 5.2504 0.0010
5.2515 5.2461 5.2504 0.0010
5.2515 5.2461 5.2504 0.0010
5.2515 5.2461 5.2504 0.0010
5.2515 5.2461 5.2504 0.0010
5.2515 5.2461 5.2504 0.0010
5.2515 5.2461 5.2504 0.0010
5.2515 5.2461 5.2504 0.0010
5.2515 5.2461 5.2504 0.0009
5.2515 5.2461 5.2504 0.0009
5.2515 5.2461 5.2504 0.0009
5.2515 5.2461 5.2504 0.0009
5.2515 5.2461 5.2504 0.0009
5.2515 5.2461 5.2504 0.0009
5.2515 5.2461 5.2504 0.0009
5.2515 5.2461 5.2504 0.0009
5.2515 5.2461 5.2504 0.0009
5.2515 5.2461 5.2504 0.0009
5.2515 5.2461 5.2505 0.0009
5.2515 5.2461 5.2505 0.0009
5.2515 5.2461 5.2505 0.0009
5.2515 5.2461 5.2505 0.0009
5.2515 5.2461 5.2505 0.0009
5.2515 5.2461 5.2505 0.0009
5.2515 5.2461 5.2505 0.0009
5.2515 5.2461 5.2505 0.0009
5.2515 5.2461 5.2505 0.0009
5.2515 5.2461 5.2505 0.0009
5.2515 5.2461 5.2505 0.0008
5.2515 5.2461 5.2505 0.0008
5.2515 5.2461 5.2505 0.0008
5.2515 5.2461 5.2505 0.0008
5.2515 5.2461 5.2505 0.0008
5.2515 5.2461 5.2505 0.0008
5.2515 5.2461 5.2505 0.0008
5.2515 5.2461 5.2505 0.0008
5.2515 5.2461 5.2505 0.0008
5.2515 5.2461 5.2505 0.0008
5.2515 5.2461 5.2505 0.0008
5.2515 5.2461 5.2505 0.0008
5.2515 5.2461 5.2505 0.0008
5.2515 5.2461 5.2506 0.0008
5.2515 5.2461 5.2506 0.0008
5.2515 5.2461 5.2506 0.0008
5.2515 5.2461 5.2506 0.0008
5.2515 5.2461 5.2506 0.0008
5.2515 5.2461 5.2506 0.0008
5.2515 5.2461 5.2506 0.0008
5.2515 5.2461 5.2506 0.0008
5.2515 5.2461 5.2506 0.0008
5.2515 5.2461 5.2506 0.0008
5.2515 5.2461 5.2506 0.0008
5.2515 5.2461 5.2506 0.0008
5.2515 5.2461 5.2506 0.0008
5.2515 5.2461 5.2506 0.0008
5.2515 5.2461 5.2506 0.0008
5.2515 5.2461 5.2506 0.0008
5.2515 5.2461 5.2506 0.0008
5.2515 5.2461 5.2506 0.0007
5.2515 5.2461 5.2506 0.0007
5.2515 5.2461 5.2506 0.0007
5.2515 5.2461 5.2506 0.0007
5.2515 5.2461 5.2506 0.0007
5.2515 5.2461 5.2506 0.0007
5.2515 5.2461 5.2506 0.0007
5.2515 5.2461 5.2506 0.0007
5.2515 5.2461 5.2506 0.0007
5.2515 5.2461 5.2506 0.0007
5.2515 5.2461 5.2506 0.0007
5.2515 5.2461 5.2506 0.0007
5.2515 5.2461 5.2506 0.0007
5.2515 5.2461 5.2506 0.0007
5.2515 5.2461 5.2506 0.0007
5.2515 5.2461 5.2506 0.0007
5.2515 5.2461 5.2506 0.0007
5.2515 5.2461 5.2506 0.0007
5.2515 5.2461 5.2506 0.0007
5.2515 5.2461 5.2506 0.0007
5.2515 5.2461 5.2506 0.0007
5.2515 5.2461 5.2506 0.0007
5.2515 5.2461 5.2506 0.0007
5.2515 5.2461 5.2506 0.0007
5.2515 5.2461 5.2506 0.0007
5.2515 5.2461 5.2506 0.0007
5.2515 5.2461 5.2506 0.0007
5.2515 5.2461 5.2506 0.0007
5.2515 5.2461 5.2506 0.0007
5.2515 5.2461 5.2507 0.0007
5.2515 5.2461 5.2507 0.0007
5.2515 5.2461 5.2507 0.0007
5.2515 5.2461 5.2507 0.0007
5.2515 5.2461 5.2507 0.0007
5.2515 5.2461 5.2507 0.0007
5.2515 5.2461 5.2507 0.0007
5.2515 5.2461 5.2507 0.0007
5.2515 5.2461 5.2507 0.0007
5.2515 5.2461 5.2507 0.0007
5.2515 5.2461 5.2507 0.0007
5.2515 5.2461 5.2507 0.0007
5.2515 5.2461 5.2507 0.0007
5.2515 5.2461 5.2507 0.0007
5.2515 5.2461 5.2507 0.0007
5.2515 5.2461 5.2507 0.0007
5.2515 5.2461 5.2507 0.0007
5.2515 5.2461 5.2507 0.0007
5.2515 5.2461 5.2507 0.0007
5.2515 5.2461 5.2507 0.0007
5.2515 5.2461 5.2507 0.0007
5.2515 5.2461 5.2507 0.0007
5.2515 5.2461 5.2507 0.0007
5.2515 5.2461 5.2507 0.0007
5.2515 5.2461 5.2507 0.0007
5.2515 5.2461 5.2507 0.0007
5.2515 5.2461 5.2507 0.0007
5.2515 5.2461 5.2507 0.0007
5.2515 5.2461 5.2507 0.0007
5.2515 5.2461 5.2507 0.0007
5.2515 5.2461 5.2507 0.0007
5.2515 5.2461 5.2507 0.0007
5.2515 5.2461 5.2507 0.0007
5.2515 5.2461 5.2507 0.0007
5.2515 5.2461 5.2507 0.0007
5.2515 5.2461 5.2507 0.0007
5.2515 5.2461 5.2507 0.0007
5.2515 5.2461 5.2507 0.0007
5.2515 5.2461 5.2507 0.0007
5.2515 5.2461 5.2507 0.0007
5.2515 5.2461 5.2507 0.0007
5.2515 5.2461 5.2507 0.0007
5.2515 5.2461 5.2507 0.0007
5.2515 5.2461 5.2507 0.0007
5.2515 5.2461 5.2507 0.0007
5.2515 5.2461 5.2507 0.0007
5.2515 5.2461 5.2507 0.0007
5.2515 5.2461 5.2507 0.0007
5.2515 5.2461 5.2507 0.0007
5.2515 5.2461 5.2507 0.0007
5.2515 5.2461 5.2507 0.0007
5.2515 5.2461 5.2507 0.0007
5.2515 5.2461 5.2507 0.0007
5.2515 5.2461 5.2507 0.0007
5.2515 5.2461 5.2507 0.0007
5.2515 5.2461 5.2507 0.0007
5.2515 5.2461 5.2507 0.0007
5.2515 5.2461 5.2507 0.0007
5.2515 5.2461 5.2507 0.0007
5.2515 5.2461 5.2507 0.0007
5.2515 5.2461 5.2507 0.0007
5.2515 5.2461 5.2507 0.0007
5.2515 5.2461 5.2507 0.0007
5.2515 5.2461 5.2508 0.0007
5.2515 5.2461 5.2508 0.0007
5.2515 5.2461 5.2508 0.0007
5.2515 5.2461 5.2508 0.0007
5.2515 5.2461 5.2508 0.0007
5.2515 5.2461 5.2508 0.0007
5.2515 5.2461 5.2508 0.0007
5.2515 5.2461 5.2508 0.0007
5.2515 5.2461 5.2508 0.0007
5.2515 5.2461 5.2508 0.0007
5.2515 5.2461 5.2508 0.0007
5.2515 5.2461 5.2508 0.0007
5.2515 5.2461 5.2508 0.0007
5.2515 5.2461 5.2508 0.0007
5.2515 5.2461 5.2508 0.0007
5.2515 5.2461 5.2508 0.0007
5.2515 5.2461 5.2508 0.0007
5.2515 5.2461 5.2508 0.0007
5.2515 5.2461 5.2508 0.0007
5.2515 5.2461 5.2508 0.0007
5.2515 5.2461 5.2508 0.0007
5.2515 5.2461 5.2508 0.0007
5.2515 5.2461 5.2508 0.0007
5.2515 5.2461 5.2508 0.0007
5.2515 5.2461 5.2508 0.0007
5.2515 5.2461 5.2508 0.0007
5.2515 5.2461 5.2508 0.0007
5.2515 5.2461 5.2508 0.0007
5.2515 5.2461 5.2508 0.0007
5.2515 5.2461 5.2508 0.0007
5.2515 5.2461 5.2508 0.0007
5.2515 5.2461 5.2508 0.0007
5.2515 5.2461 5.2508 0.0007
5.2515 5.2461 5.2508 0.0007
5.2515 5.2461 5.2508 0.0007
5.2515 5.2461 5.2508 0.0007
5.2515 5.2461 5.2508 0.0007
5.2515 5.2461 5.2508 0.0007
5.2515 5.2461 5.2508 0.0007
5.2515 5.2461 5.2508 0.0007
5.2515 5.2461 5.2508 0.0007
5.2515 5.2461 5.2508 0.0007
5.2515 5.2461 5.2508 0.0007
5.2515 5.2461 5.2508 0.0007
5.2515 5.2461 5.2508 0.0007
5.2515 5.2461 5.2508 0.0007
5.2515 5.2461 5.2509 0.0007
5.2515 5.2461 5.2509 0.0007
5.2515 5.2461 5.2509 0.0007
5.2515 5.2461 5.2509 0.0007
5.2515 5.2461 5.2509 0.0007
5.2515 5.2461 5.2509 0.0007
5.2515 5.2461 5.2509 0.0007
5.2515 5.2461 5.2509 0.0007
5.2515 5.2461 5.2509 0.0007
5.2515 5.2461 5.2509 0.0007
5.2515 5.2461 5.2509 0.0007
5.2515 5.2461 5.2509 0.0007
5.2515 5.2461 5.2509 0.0007
5.2515 5.2461 5.2509 0.0007
5.2515 5.2461 5.2509 0.0007
5.2515 5.2461 5.2509 0.0007
5.2515 5.2461 5.2509 0.0007
5.2515 5.2461 5.2509 0.0007
5.2515 5.2461 5.2509 0.0007
5.2515 5.2461 5.2509 0.0007
5.2515 5.2461 5.2509 0.0007
5.2515 5.2461 5.2509 0.0007
5.2515 5.2461 5.2509 0.0007
5.2515 5.2461 5.2509 0.0007
5.2515 5.2461 5.2509 0.0007
5.2515 5.2461 5.2509 0.0007
5.2515 5.2461 5.2509 0.0007
5.2515 5.2461 5.2509 0.0007
5.2515 5.2461 5.2509 0.0007
5.2515 5.2461 5.2509 0.0007
5.2515 5.2461 5.2509 0.0007
5.2515 5.2461 5.2509 0.0007
5.2515 5.2461 5.2509 0.0007
5.2515 5.2461 5.2509 0.0007
5.2515 5.2461 5.2509 0.0007
5.2515 5.2461 5.2509 0.0007
5.2515 5.2461 5.2509 0.0007
5.2515 5.2461 5.2509 0.0007
5.2515 5.2461 5.2509 0.0007
5.2515 5.2461 5.2509 0.0007
5.2515 5.2461 5.2509 0.0007
5.2515 5.2461 5.2509 0.0007
5.2515 5.2461 5.2509 0.0007
5.2515 5.2461 5.2509 0.0007
5.2515 5.2461 5.2509 0.0007
5.2515 5.2461 5.2509 0.0007
5.2515 5.2461 5.2509 0.0007
5.2515 5.2461 5.2509 0.0007
5.2515 5.2461 5.2509 0.0007
5.2515 5.2461 5.2509 0.0007
5.2515 5.2461 5.2509 0.0007
5.2515 5.2461 5.2509 0.0007
5.2515 5.2461 5.2509 0.0007
5.2515 5.2461 5.2509 0.0007
5.2515 5.2461 5.2509 0.0007
5.2515 5.2461 5.2509 0.0007
5.2515 5.2461 5.2509 0.0007
5.2515 5.2461 5.2510 0.0007
5.2515 5.2461 5.2510 0.0007
5.2515 5.2461 5.2510 0.0007
5.2515 5.2461 5.2510 0.0007
5.2515 5.2461 5.2510 0.0007
5.2515 5.2461 5.2510 0.0007
5.2515 5.2461 5.2510 0.0007
5.2515 5.2461 5.2510 0.0007
5.2515 5.2461 5.2510 0.0007
5.2515 5.2461 5.2510 0.0007
5.2515 5.2461 5.2510 0.0007
5.2515 5.2461 5.2510 0.0007
5.2515 5.2461 5.2510 0.0007
5.2515 5.2461 5.2510 0.0007
5.2515 5.2461 5.2510 0.0007
5.2515 5.2461 5.2510 0.0007
5.2515 5.2461 5.2510 0.0007
5.2515 5.2461 5.2510 0.0007
5.2515 5.2461 5.2510 0.0007
5.2515 5.2461 5.2510 0.0007
5.2515 5.2461 5.2510 0.0007
5.2515 5.2461 5.2510 0.0007
5.2515 5.2461 5.2510 0.0007
5.2515 5.2461 5.2510 0.0007
5.2515 5.2461 5.2510 0.0007
5.2515 5.2461 5.2510 0.0007
5.2515 5.2461 5.2510 0.0007
5.2515 5.2461 5.2510 0.0007
5.2515 5.2461 5.2510 0.0007
5.2515 5.2461 5.2510 0.0007
5.2515 5.2461 5.2510 0.0007
5.2515 5.2461 5.2510 0.0007
5.2515 5.2461 5.2510 0.0007
5.2515 5.2461 5.2510 0.0007
5.2515 5.2461 5.2510 0.0007
5.2515 5.2461 5.2510 0.0007
5.2515 5.2461 5.2510 0.0007
5.2515 5.2461 5.2510 0.0007
5.2515 5.2461 5.2510 0.0007
5.2515 5.2461 5.2510 0.0007
5.2515 5.2461 5.2510 0.0007
5.2515 5.2461 5.2510 0.0007
5.2515 5.2461 5.2510 0.0007
5.2515 5.2461 5.2510 0.0007
5.2515 5.2461 5.2510 0.0007
5.2515 5.2461 5.2510 0.0007
5.2515 5.2461 5.2510 0.0007
5.2515 5.2461 5.2510 0.0007
5.2515 5.2461 5.2510 0.0007
5.2515 5.2461 5.2510 0.0007
5.2515 5.2461 5.2510 0.0007
5.2515 5.2461 5.2510 0.0007
5.2515 5.2461 5.2510 0.0007
5.2515 5.2501 5.2511 0.0005
5.2515 5.2501 5.2511 0.0005
5.2515 5.2501 5.2511 0.0005
5.2515 5.2501 5.2511 0.0005
5.2515 5.2501 5.2511 0.0005
5.2515 5.2501 5.2511 0.0005
5.2515 5.2501 5.2511 0.0005
5.2515 5.2501 5.2511 0.0005
5.2515 5.2501 5.2511 0.0005
5.2515 5.2501 5.2511 0.0005
5.2515 5.2501 5.2511 0.0005
5.2515 5.2501 5.2511 0.0005
5.2515 5.2501 5.2511 0.0005
5.2515 5.2501 5.2511 0.0005
5.2515 5.2501 5.2511 0.0005
5.2515 5.2501 5.2511 0.0005
5.2515 5.2501 5.2511 0.0005
5.2515 5.2501 5.2511 0.0005
5.2515 5.2501 5.2511 0.0005
5.2515 5.2501 5.2511 0.0005
5.2515 5.2501 5.2511 0.0005
5.2515 5.2501 5.2511 0.0005
5.2515 5.2501 5.2511 0.0005
5.2515 5.2501 5.2511 0.0005
5.2515 5.2501 5.2511 0.0005
5.2515 5.2501 5.2511 0.0005
5.2515 5.2501 5.2511 0.0005
5.2515 5.2501 5.2511 0.0005
5.2515 5.2501 5.2511 0.0005
5.2515 5.2501 5.2511 0.0005
5.2515 5.2501 5.2511 0.0005
5.2515 5.2501 5.2511 0.0005
5.2515 5.2501 5.2511 0.0005
5.2515 5.2501 5.2511 0.0005
5.2515 5.2501 5.2511 0.0005
5.2515 5.2501 5.2511 0.0005
5.2515 5.2501 5.2511 0.0005
5.2515 5.2501 5.2511 0.0005
5.2515 5.2501 5.2511 0.0005
5.2515 5.2501 5.2511 0.0005
5.2515 5.2501 5.2511 0.0005
5.2515 5.2501 5.2511 0.0005
5.2515 5.2501 5.2511 0.0005
5.2515 5.2501 5.2511 0.0005
5.2515 5.2501 5.2511 0.0005
5.2515 5.2501 5.2511 0.0005
5.2515 5.2501 5.2511 0.0005
5.2515 5.2501 5.2511 0.0005
5.2515 5.2501 5.2511 0.0005
5.2515 5.2501 5.2512 0.0005
5.2515 5.2501 5.2512 0.0005
5.2515 5.2501 5.2512 0.0005
5.2515 5.2501 5.2512 0.0005
5.2515 5.2501 5.2512 0.0004
5.2515 5.2501 5.2512 0.0004
5.2515 5.2501 5.2512 0.0004
5.2515 5.2501 5.2512 0.0004
5.2515 5.2501 5.2512 0.0004
5.2515 5.2501 5.2512 0.0004
5.2515 5.2501 5.2512 0.0004
5.2515 5.2501 5.2512 0.0004
5.2515 5.2501 5.2512 0.0004
5.2515 5.2501 5.2512 0.0004
5.2515 5.2501 5.2512 0.0004
5.2515 5.2501 5.2512 0.0004
5.2515 5.2501 5.2512 0.0004
5.2515 5.2501 5.2512 0.0004
5.2515 5.2501 5.2512 0.0004
5.2515 5.2501 5.2512 0.0004
5.2515 5.2501 5.2512 0.0004
5.2515 5.2501 5.2512 0.0004
5.2515 5.2501 5.2512 0.0004
5.2515 5.2501 5.2512 0.0004
5.2515 5.2501 5.2512 0.0004
5.2515 5.2501 5.2512 0.0004
5.2515 5.2501 5.2512 0.0004
5.2515 5.2501 5.2512 0.0004
5.2515 5.2501 5.2512 0.0004
5.2515 5.2501 5.2512 0.0004
5.2515 5.2501 5.2512 0.0004
5.2515 5.2501 5.2512 0.0004
5.2515 5.2501 5.2512 0.0004
5.2515 5.2501 5.2512 0.0004
5.2515 5.2501 5.2512 0.0004
5.2515 5.2501 5.2512 0.0004
5.2515 5.2501 5.2512 0.0004
5.2515 5.2501 5.2512 0.0004
5.2515 5.2501 5.2512 0.0004
5.2515 5.2501 5.2512 0.0004
5.2515 5.2501 5.2512 0.0004
5.2515 5.2501 5.2512 0.0004
5.2515 5.2501 5.2512 0.0004
5.2515 5.2501 5.2512 0.0004
5.2515 5.2501 5.2512 0.0004
5.2515 5.2501 5.2512 0.0004
5.2515 5.2501 5.2512 0.0004
5.2515 5.2501 5.2512 0.0004
5.2515 5.2501 5.2512 0.0004
5.2515 5.2501 5.2512 0.0004
5.2515 5.2501 5.2512 0.0004
5.2515 5.2501 5.2512 0.0004
5.2515 5.2501 5.2512 0.0004
5.2515 5.2501 5.2512 0.0004
5.2515 5.2501 5.2512 0.0004
5.2515 5.2501 5.2512 0.0004
5.2515 5.2501 5.2512 0.0004
5.2515 5.2501 5.2512 0.0004
5.2515 5.2501 5.2512 0.0004
5.2515 5.2501 5.2512 0.0004
5.2515 5.2501 5.2512 0.0004
5.2515 5.2501 5.2512 0.0004
5.2515 5.2501 5.2512 0.0004
5.2515 5.2501 5.2512 0.0004
5.2515 5.2501 5.2512 0.0004
5.2515 5.2501 5.2512 0.0004
5.2515 5.2501 5.2512 0.0004
5.2515 5.2501 5.2512 0.0004
5.2515 5.2501 5.2512 0.0004
5.2515 5.2501 5.2512 0.0004
5.2515 5.2501 5.2512 0.0004
5.2515 5.2501 5.2512 0.0004
5.2515 5.2501 5.2512 0.0004
5.2515 5.2501 5.2512 0.0004
5.2515 5.2501 5.2512 0.0004
5.2515 5.2501 5.2512 0.0004
5.2515 5.2501 5.2512 0.0004
5.2515 5.2501 5.2512 0.0004
5.2515 5.2501 5.2512 0.0004
5.2515 5.2501 5.2512 0.0004
5.2515 5.2501 5.2512 0.0004
5.2515 5.2501 5.2513 0.0004
5.2515 5.2501 5.2513 0.0004
5.2515 5.2501 5.2513 0.0004
5.2515 5.2501 5.2513 0.0004
5.2515 5.2501 5.2513 0.0004
5.2515 5.2501 5.2513 0.0004
5.2515 5.2501 5.2513 0.0004
5.2515 5.2501 5.2513 0.0004
5.2515 5.2501 5.2513 0.0004
5.2515 5.2501 5.2513 0.0004
5.2515 5.2501 5.2513 0.0004
5.2515 5.2501 5.2513 0.0004
5.2515 5.2501 5.2513 0.0004
5.2515 5.2501 5.2513 0.0004
5.2515 5.2501 5.2513 0.0004
5.2515 5.2501 5.2513 0.0004
5.2515 5.2501 5.2513 0.0004
5.2515 5.2501 5.2513 0.0004
5.2515 5.2501 5.2513 0.0004
5.2515 5.2501 5.2513 0.0004
5.2515 5.2501 5.2513 0.0004
5.2515 5.2501 5.2513 0.0004
5.2515 5.2501 5.2513 0.0004
5.2515 5.2501 5.2513 0.0004
5.2515 5.2501 5.2513 0.0004
5.2515 5.2501 5.2513 0.0004
5.2515 5.2501 5.2513 0.0004
5.2515 5.2501 5.2513 0.0004
5.2515 5.2501 5.2513 0.0004
5.2515 5.2501 5.2513 0.0004
5.2515 5.2501 5.2513 0.0004
5.2515 5.2501 5.2513 0.0004
5.2515 5.2501 5.2513 0.0004
5.2515 5.2501 5.2513 0.0004
5.2515 5.2501 5.2513 0.0004
5.2515 5.2501 5.2513 0.0004
5.2515 5.2501 5.2513 0.0004
5.2515 5.2501 5.2513 0.0004
5.2515 5.2501 5.2513 0.0004
5.2515 5.2501 5.2513 0.0004
5.2515 5.2501 5.2513 0.0004
5.2515 5.2501 5.2513 0.0004
5.2515 5.2501 5.2513 0.0004
5.2515 5.2501 5.2513 0.0004
5.2515 5.2501 5.2513 0.0004
5.2515 5.2501 5.2513 0.0004
5.2515 5.2501 5.2513 0.0004
5.2515 5.2501 5.2513 0.0004
5.2515 5.2501 5.2513 0.0003
5.2515 5.2501 5.2513 0.0003
5.2515 5.2501 5.2513 0.0003
5.2515 5.2501 5.2513 0.0003
5.2515 5.2501 5.2513 0.0003
5.2515 5.2501 5.2513 0.0003
5.2515 5.2501 5.2513 0.0003
5.2515 5.2501 5.2513 0.0003
5.2515 5.2501 5.2513 0.0003
5.2515 5.2501 5.2513 0.0003
5.2515 5.2501 5.2513 0.0003
5.2515 5.2501 5.2513 0.0003
5.2515 5.2501 5.2513 0.0003
5.2515 5.2501 5.2513 0.0003
5.2515 5.2501 5.2513 0.0003
5.2515 5.2501 5.2513 0.0003
5.2515 5.2501 5.2513 0.0003
5.2515 5.2501 5.2513 0.0003
5.2515 5.2501 5.2513 0.0003
5.2515 5.2501 5.2513 0.0003
5.2515 5.2501 5.2513 0.0003
5.2515 5.2501 5.2513 0.0003
5.2515 5.2501 5.2513 0.0003
5.2515 5.2501 5.2513 0.0003
5.2515 5.2501 5.2513 0.0003
5.2515 5.2501 5.2513 0.0003
5.2515 5.2501 5.2513 0.0003
5.2515 5.2501 5.2513 0.0003
5.2515 5.2501 5.2513 0.0003
5.2515 5.2501 5.2514 0.0003
5.2515 5.2501 5.2514 0.0003
5.2515 5.2501 5.2514 0.0003
5.2515 5.2501 5.2514 0.0003
5.2515 5.2501 5.2514 0.0003
5.2515 5.2501 5.2514 0.0003
5.2515 5.2501 5.2514 0.0003
5.2515 5.2501 5.2514 0.0003
5.2515 5.2501 5.2514 0.0003
5.2515 5.2501 5.2514 0.0003
5.2515 5.2501 5.2514 0.0003
5.2515 5.2501 5.2514 0.0003
5.2515 5.2501 5.2514 0.0003
5.2515 5.2501 5.2514 0.0003
5.2515 5.2501 5.2514 0.0003
5.2515 5.2501 5.2514 0.0003
5.2515 5.2501 5.2514 0.0003
5.2515 5.2501 5.2514 0.0003
5.2515 5.2501 5.2514 0.0003
5.2515 5.2501 5.2514 0.0003
5.2515 5.2501 5.2514 0.0003
5.2515 5.2501 5.2514 0.0003
5.2515 5.2501 5.2514 0.0003
5.2515 5.2501 5.2514 0.0003
5.2515 5.2501 5.2514 0.0003
5.2515 5.2501 5.2514 0.0003
5.2515 5.2501 5.2514 0.0003
5.2515 5.2501 5.2514 0.0003
5.2515 5.2501 5.2514 0.0003
5.2515 5.2501 5.2514 0.0003
5.2515 5.2501 5.2514 0.0003
5.2515 5.2501 5.2514 0.0003
5.2515 5.2501 5.2514 0.0003
5.2515 5.2501 5.2514 0.0003
5.2515 5.2501 5.2514 0.0003
5.2515 5.2501 5.2514 0.0003
5.2515 5.2501 5.2514 0.0003
5.2515 5.2501 5.2514 0.0003
5.2515 5.2501 5.2514 0.0003
5.2515 5.2501 5.2514 0.0003
5.2515 5.2501 5.2514 0.0003
5.2515 5.2501 5.2514 0.0003
5.2515 5.2501 5.2514 0.0003
5.2515 5.2501 5.2514 0.0003
5.2515 5.2501 5.2514 0.0003
5.2515 5.2501 5.2514 0.0003
5.2515 5.2501 5.2514 0.0003
5.2515 5.2501 5.2514 0.0003
5.2515 5.2501 5.2514 0.0003
5.2515 5.2501 5.2514 0.0003
5.2515 5.2501 5.2514 0.0003
5.2515 5.2501 5.2514 0.0003
5.2515 5.2501 5.2514 0.0003
5.2515 5.2501 5.2514 0.0003
5.2515 5.2501 5.2514 0.0003
5.2515 5.2501 5.2514 0.0003
5.2515 5.2501 5.2514 0.0002
5.2515 5.2501 5.2514 0.0002
5.2515 5.2501 5.2514 0.0002
5.2515 5.2501 5.2514 0.0002
5.2515 5.2501 5.2514 0.0002
5.2515 5.2501 5.2514 0.0002
5.2515 5.2501 5.2514 0.0002
5.2515 5.2501 5.2514 0.0002
5.2515 5.2501 5.2514 0.0002
5.2515 5.2501 5.2514 0.0002
5.2515 5.2501 5.2514 0.0002
5.2515 5.2501 5.2514 0.0002
5.2515 5.2501 5.2514 0.0002
5.2515 5.2501 5.2514 0.0002
5.2515 5.2501 5.2514 0.0002
5.2515 5.2501 5.2514 0.0002
5.2515 5.2501 5.2514 0.0002
5.2515 5.2501 5.2514 0.0002
5.2515 5.2501 5.2514 0.0002
5.2515 5.2501 5.2514 0.0002
5.2515 5.2501 5.2514 0.0002
5.2515 5.2501 5.2514 0.0002
5.2515 5.2501 5.2514 0.0002
5.2515 5.2501 5.2514 0.0002
5.2515 5.2501 5.2514 0.0002
5.2515 5.2501 5.2514 0.0002
5.2515 5.2501 5.2514 0.0002
5.2515 5.2501 5.2514 0.0002
5.2515 5.2501 5.2514 0.0002
5.2515 5.2501 5.2514 0.0002
5.2515 5.2501 5.2514 0.0002
5.2515 5.2501 5.2514 0.0002
5.2515 5.2501 5.2514 0.0002
5.2515 5.2501 5.2514 0.0002
5.2515 5.2501 5.2514 0.0002
5.2515 5.2501 5.2514 0.0002
5.2515 5.2501 5.2514 0.0002
5.2515 5.2501 5.2514 0.0002
5.2515 5.2501 5.2514 0.0002
5.2515 5.2501 5.2514 0.0002
5.2515 5.2501 5.2514 0.0002
5.2515 5.2501 5.2514 0.0002
5.2515 5.2501 5.2514 0.0002
5.2515 5.2501 5.2514 0.0002
5.2515 5.2501 5.2514 0.0002
5.2515 5.2501 5.2514 0.0002
5.2515 5.2501 5.2514 0.0002
5.2515 5.2501 5.2514 0.0002
5.2515 5.2501 5.2514 0.0002
5.2515 5.2501 5.2514 0.0002
5.2515 5.2501 5.2514 0.0002
5.2515 5.2501 5.2514 0.0002
5.2515 5.2501 5.2514 0.0002
5.2515 5.2501 5.2514 0.0002
5.2515 5.2501 5.2514 0.0002
5.2515 5.2501 5.2514 0.0002
5.2515 5.2501 5.2514 0.0002
5.2515 5.2501 5.2514 0.0002
5.2515 5.2501 5.2514 0.0002
5.2515 5.2501 5.2514 0.0002
5.2515 5.2501 5.2514 0.0002
5.2515 5.2501 5.2514 0.0002
5.2515 5.2501 5.2514 0.0002
5.2515 5.2501 5.2514 0.0002
5.2515 5.2501 5.2514 0.0002
5.2515 5.2501 5.2514 0.0002
5.2515 5.2501 5.2514 0.0002
5.2515 5.2501 5.2514 0.0002
5.2515 5.2501 5.2514 0.0002
5.2515 5.2501 5.2514 0.0002
5.2515 5.2501 5.2514 0.0002
5.2515 5.2501 5.2514 0.0002
5.2515 5.2501 5.2514 0.0002
5.2515 5.2501 5.2514 0.0002
5.2515 5.2501 5.2514 0.0002
5.2515 5.2501 5.2514 0.0002
5.2515 5.2501 5.2514 0.0002
5.2515 5.2501 5.2514 0.0002
5.2515 5.2501 5.2514 0.0002
5.2515 5.2501 5.2514 0.0002
5.2515 5.2501 5.2514 0.0002
5.2515 5.2501 5.2514 0.0002
5.2515 5.2501 5.2514 0.0002
5.2515 5.2501 5.2514 0.0002
5.2515 5.2501 5.2514 0.0002
5.2515 5.2501 5.2514 0.0002
5.2515 5.2501 5.2514 0.0002
5.2515 5.2501 5.2514 0.0002
5.2515 5.2501 5.2514 0.0002
5.2515 5.2501 5.2514 0.0002
5.2515 5.2501 5.2514 0.0002
5.2515 5.2501 5.2514 0.0002
5.2515 5.2501 5.2514 0.0002
5.2515 5.2501 5.2514 0.0002
5.2515 5.2501 5.2514 0.0002
5.2515 5.2501 5.2514 0.0002
5.2515 5.2501 5.2514 0.0002
5.2515 5.2501 5.2514 0.0002
5.2515 5.2501 5.2514 0.0002
5.2515 5.2501 5.2514 0.0002
5.2515 5.2501 5.2514 0.0002
5.2515 5.2501 5.2514 0.0002
5.2515 5.2501 5.2514 0.0002
5.2515 5.2501 5.2514 0.0002
5.2515 5.2501 5.2514 0.0002
5.2515 5.2501 5.2514 0.0002
5.2515 5.2501 5.2514 0.0002
5.2515 5.2501 5.2514 0.0002
5.2515 5.2501 5.2514 0.0002
5.2515 5.2501 5.2514 0.0002
5.2515 5.2501 5.2514 0.0002
5.2515 5.2501 5.2514 0.0002
5.2515 5.2501 5.2514 0.0002
5.2515 5.2501 5.2514 0.0002
5.2515 5.2501 5.2514 0.0002
5.2515 5.2501 5.2514 0.0002
5.2515 5.2501 5.2514 0.0002
5.2515 5.2501 5.2514 0.0002
5.2515 5.2501 5.2514 0.0002
5.2515 5.2501 5.2514 0.0002
5.2515 5.2501 5.2514 0.0002
5.2515 5.2501 5.2514 0.0002
5.2515 5.2501 5.2514 0.0002
5.2515 5.2501 5.2514 0.0002
5.2515 5.2501 5.2514 0.0002
5.2515 5.2501 5.2514 0.0002
5.2515 5.2501 5.2514 0.0002
5.2515 5.2501 5.2514 0.0002
5.2515 5.2501 5.2514 0.0002
5.2515 5.2501 5.2514 0.0002
5.2515 5.2501 5.2514 0.0002
5.2515 5.2501 5.2514 0.0002
5.2515 5.2501 5.2514 0.0002
5.2515 5.2501 5.2514 0.0002
5.2515 5.2501 5.2514 0.0002
5.2515 5.2501 5.2514 0.0002
5.2515 5.2501 5.2514 0.0002
5.2515 5.2501 5.2514 0.0002
5.2515 5.2501 5.2514 0.0002
5.2515 5.2501 5.2514 0.0002
5.2515 5.2501 5.2514 0.0002
5.2515 5.2501 5.2514 0.0002
5.2515 5.2501 5.2514 0.0002
5.2515 5.2501 5.2514 0.0002
5.2515 5.2501 5.2514 0.0002
5.2515 5.2501 5.2514 0.0002
5.2515 5.2501 5.2514 0.0002
5.2515 5.2501 5.2514 0.0002
5.2515 5.2501 5.2514 0.0002
5.2515 5.2501 5.2514 0.0002
5.2515 5.2501 5.2514 0.0002
5.2515 5.2501 5.2514 0.0002
5.2515 5.2501 5.2514 0.0002
5.2515 5.2501 5.2514 0.0002
5.2515 5.2501 5.2514 0.0002
5.2515 5.2501 5.2514 0.0002
5.2515 5.2501 5.2514 0.0002
5.2515 5.2501 5.2514 0.0002
5.2515 5.2501 5.2514 0.0002
5.2515 5.2501 5.2514 0.0002
5.2515 5.2501 5.2514 0.0002
5.2515 5.2501 5.2514 0.0002
5.2515 5.2501 5.2514 0.0002
5.2515 5.2501 5.2514 0.0002
5.2515 5.2501 5.2514 0.0002
5.2515 5.2501 5.2514 0.0002
5.2515 5.2501 5.2514 0.0002
5.2515 5.2501 5.2514 0.0002
5.2515 5.2501 5.2514 0.0002
5.2515 5.2501 5.2514 0.0002
5.2515 5.2501 5.2514 0.0002
5.2515 5.2501 5.2514 0.0002
5.2515 5.2501 5.2514 0.0002
5.2515 5.2501 5.2514 0.0002
5.2515 5.2501 5.2514 0.0002
5.2515 5.2501 5.2514 0.0002
5.2515 5.2501 5.2514 0.0002
5.2515 5.2501 5.2514 0.0002
5.2515 5.2501 5.2514 0.0002
5.2515 5.2501 5.2514 0.0002
5.2515 5.2501 5.2514 0.0002
5.2515 5.2501 5.2514 0.0002
5.2515 5.2501 5.2514 0.0002
5.2515 5.2501 5.2514 0.0002
5.2515 5.2501 5.2514 0.0002
5.2515 5.2501 5.2514 0.0002
5.2515 5.2501 5.2514 0.0002
5.2515 5.2501 5.2514 0.0002
5.2515 5.2501 5.2514 0.0002
5.2515 5.2501 5.2514 0.0002
5.2515 5.2501 5.2514 0.0002
5.2515 5.2501 5.2514 0.0002
5.2515 5.2501 5.2514 0.0002
5.2515 5.2501 5.2514 0.0002
5.2515 5.2501 5.2514 0.0002
5.2515 5.2501 5.2514 0.0002
5.2515 5.2501 5.2514 0.0002
5.2515 5.2501 5.2514 0.0002
5.2515 5.2501 5.2514 0.0002
5.2515 5.2501 5.2514 0.0002
5.2515 5.2501 5.2514 0.0002
5.2515 5.2501 5.2514 0.0002
5.2515 5.2501 5.2514 0.0002
5.2515 5.2501 5.2514 0.0002
5.2515 5.2501 5.2515 0.0002
5.2515 5.2501 5.2515 0.0002
5.2515 5.2501 5.2515 0.0002
5.2515 5.2501 5.2515 0.0002
5.2515 5.2501 5.2515 0.0002
5.2515 5.2501 5.2515 0.0002
5.2515 5.2501 5.2515 0.0002
5.2515 5.2501 5.2515 0.0002
5.2515 5.2501 5.2515 0.0002
5.2515 5.2501 5.2515 0.0002
5.2515 5.2501 5.2515 0.0002
5.2515 5.2501 5.2515 0.0002
5.2515 5.2501 5.2515 0.0002
5.2515 5.2501 5.2515 0.0002
5.2515 5.2501 5.2515 0.0002
5.2515 5.2501 5.2515 0.0002
5.2515 5.2501 5.2515 0.0002
5.2515 5.2501 5.2515 0.0002
5.2515 5.2501 5.2515 0.0002
5.2515 5.2501 5.2515 0.0002
5.2515 5.2501 5.2515 0.0002
5.2515 5.2501 5.2515 0.0002
5.2515 5.2501 5.2515 0.0002
5.2515 5.2501 5.2515 0.0002
5.2515 5.2501 5.2515 0.0002
5.2515 5.2501 5.2515 0.0002
5.2515 5.2501 5.2515 0.0002
5.2515 5.2501 5.2515 0.0002
5.2515 5.2501 5.2515 0.0002
5.2515 5.2501 5.2515 0.0002
5.2515 5.2501 5.2515 0.0002
5.2515 5.2501 5.2515 0.0002
5.2515 5.2501 5.2515 0.0002
5.2515 5.2501 5.2515 0.0002
5.2515 5.2511 5.2515 0.0001
5.2515 5.2511 5.2515 0.0001
5.2515 5.2511 5.2515 0.0001
5.2515 5.2511 5.2515 0.0001
5.2515 5.2511 5.2515 0.0001
5.2515 5.2511 5.2515 0.0001
5.2515 5.2511 5.2515 0.0001
5.2515 5.2511 5.2515 0.0001
5.2515 5.2511 5.2515 0.0001
5.2515 5.2511 5.2515 0.0001
5.2515 5.2511 5.2515 0.0001
5.2515 5.2511 5.2515 0.0001
5.2515 5.2511 5.2515 0.0001
5.2515 5.2511 5.2515 0.0001
5.2515 5.2511 5.2515 0.0001
5.2515 5.2511 5.2515 0.0001
5.2515 5.2511 5.2515 0.0001
5.2515 5.2511 5.2515 0.0001
5.2515 5.2511 5.2515 0.0001
5.2515 5.2511 5.2515 0.0001
5.2515 5.2511 5.2515 0.0001
5.2515 5.2511 5.2515 0.0001
5.2515 5.2511 5.2515 0.0001
5.2515 5.2511 5.2515 0.0001
5.2515 5.2511 5.2515 0.0001
5.2515 5.2511 5.2515 0.0001
5.2515 5.2511 5.2515 0.0001
5.2515 5.2511 5.2515 0.0001
5.2515 5.2511 5.2515 0.0001
5.2515 5.2511 5.2515 0.0001
5.2515 5.2511 5.2515 0.0001
5.2515 5.2511 5.2515 0.0001
5.2515 5.2511 5.2515 0.0001
5.2515 5.2511 5.2515 0.0001
5.2537 5.2511 5.2515 0.0003
5.2537 5.2511 5.2515 0.0003
5.2537 5.2511 5.2515 0.0003
5.2537 5.2511 5.2515 0.0003
5.2537 5.2511 5.2515 0.0004
5.2537 5.2511 5.2515 0.0004
5.2537 5.2511 5.2515 0.0004
5.2537 5.2511 5.2515 0.0004
5.2537 5.2511 5.2515 0.0004
5.2537 5.2511 5.2515 0.0004
5.2537 5.2511 5.2515 0.0004
5.2537 5.2511 5.2515 0.0004
5.2537 5.2511 5.2515 0.0004
5.2537 5.2511 5.2515 0.0004
5.2537 5.2511 5.2515 0.0004
5.2537 5.2511 5.2515 0.0004
5.2537 5.2511 5.2515 0.0004
5.2537 5.2511 5.2515 0.0004
5.2537 5.2511 5.2515 0.0004
5.2537 5.2511 5.2515 0.0004
5.2537 5.2511 5.2515 0.0004
5.2537 5.2511 5.2515 0.0004
5.2537 5.2511 5.2515 0.0004
5.2537 5.2511 5.2515 0.0004
5.2537 5.2511 5.2515 0.0004
5.2537 5.2511 5.2515 0.0004
5.2537 5.2511 5.2515 0.0004
5.2537 5.2511 5.2515 0.0004
5.2537 5.2511 5.2515 0.0004
5.2537 5.2511 5.2516 0.0004
5.2537 5.2511 5.2516 0.0004
5.2537 5.2511 5.2516 0.0004
5.2537 5.2511 5.2516 0.0004
5.2537 5.2511 5.2516 0.0004
5.2537 5.2511 5.2516 0.0004
5.2537 5.2511 5.2516 0.0004
5.2537 5.2511 5.2516 0.0004
5.2537 5.2511 5.2516 0.0004
5.2537 5.2511 5.2516 0.0004
5.2537 5.2511 5.2516 0.0004
5.2537 5.2511 5.2516 0.0004
5.2537 5.2511 5.2516 0.0004
5.2537 5.2511 5.2516 0.0004
5.2537 5.2511 5.2516 0.0004
5.2537 5.2511 5.2516 0.0004
5.2537 5.2511 5.2516 0.0004
5.2537 5.2511 5.2516 0.0004
5.2537 5.2511 5.2516 0.0004
5.2537 5.2511 5.2516 0.0004
5.2537 5.2511 5.2516 0.0004
5.2537 5.2511 5.2516 0.0004
5.2537 5.2511 5.2516 0.0004
5.2537 5.2511 5.2516 0.0004
5.2537 5.2511 5.2516 0.0004
5.2537 5.2511 5.2516 0.0004
5.2537 5.2511 5.2516 0.0004
5.2537 5.2511 5.2516 0.0004
5.2537 5.2511 5.2516 0.0004
5.2537 5.2511 5.2516 0.0004
5.2537 5.2511 5.2516 0.0004
5.2537 5.2511 5.2516 0.0004
5.2537 5.2511 5.2516 0.0004
5.2537 5.2511 5.2516 0.0004
5.2537 5.2511 5.2516 0.0004
5.2537 5.2511 5.2516 0.0004
5.2537 5.2511 5.2516 0.0005
5.2537 5.2511 5.2516 0.0005
5.2537 5.2511 5.2516 0.0005
5.2537 5.2511 5.2516 0.0005
5.2537 5.2511 5.2516 0.0005
5.2537 5.2511 5.2516 0.0005
5.2537 5.2511 5.2516 0.0005
5.2537 5.2511 5.2516 0.0005
5.2537 5.2511 5.2516 0.0005
5.2537 5.2511 5.2516 0.0005
5.2537 5.2511 5.2516 0.0005
5.2537 5.2511 5.2516 0.0005
5.2537 5.2511 5.2516 0.0005
5.2537 5.2511 5.2516 0.0005
5.2537 5.2511 5.2516 0.0005
5.2537 5.2511 5.2516 0.0005
5.2537 5.2511 5.2516 0.0005
5.2537 5.2511 5.2516 0.0005
5.2537 5.2511 5.2516 0.0005
5.2537 5.2511 5.2516 0.0005
5.2537 5.2511 5.2516 0.0006
5.2537 5.2511 5.2516 0.0006
5.2537 5.2511 5.2516 0.0006
5.2537 5.2511 5.2516 0.0006
5.2537 5.2511 5.2516 0.0006
5.2537 5.2511 5.2516 0.0006
5.2537 5.2511 5.2516 0.0006
5.2537 5.2511 5.2516 0.0006
5.2537 5.2511 5.2516 0.0006
5.2537 5.2511 5.2516 0.0006
5.2537 5.2511 5.2516 0.0006
5.2537 5.2511 5.2516 0.0006
5.2537 5.2511 5.2516 0.0006
5.2537 5.2511 5.2516 0.0006
5.2537 5.2511 5.2516 0.0006
5.2537 5.2511 5.2516 0.0006
5.2537 5.2511 5.2516 0.0006
5.2537 5.2511 5.2516 0.0006
5.2537 5.2511 5.2516 0.0006
5.2537 5.2511 5.2516 0.0006
5.2537 5.2511 5.2517 0.0006
5.2537 5.2511 5.2517 0.0006
5.2537 5.2511 5.2517 0.0006
5.2537 5.2511 5.2517 0.0006
5.2537 5.2511 5.2517 0.0006
5.2537 5.2511 5.2517 0.0006
5.2537 5.2511 5.2517 0.0006
5.2537 5.2511 5.2517 0.0006
5.2537 5.2511 5.2517 0.0006
5.2537 5.2511 5.2517 0.0006
5.2537 5.2511 5.2517 0.0006
5.2537 5.2511 5.2517 0.0006
5.2537 5.2511 5.2517 0.0006
5.2537 5.2511 5.2517 0.0006
5.2537 5.2511 5.2517 0.0006
5.2537 5.2511 5.2517 0.0006
5.2537 5.2511 5.2517 0.0006
5.2537 5.2511 5.2517 0.0006
5.2537 5.2511 5.2517 0.0006
5.2537 5.2511 5.2517 0.0006
5.2537 5.2511 5.2517 0.0006
5.2537 5.2511 5.2517 0.0006
5.2537 5.2511 5.2517 0.0006
5.2537 5.2511 5.2517 0.0006
5.2537 5.2511 5.2517 0.0006
5.2537 5.2511 5.2517 0.0006
5.2537 5.2511 5.2517 0.0006
5.2537 5.2511 5.2517 0.0006
5.2537 5.2511 5.2517 0.0006
5.2537 5.2511 5.2517 0.0006
5.2537 5.2511 5.2517 0.0006
5.2537 5.2511 5.2517 0.0007
5.2537 5.2511 5.2517 0.0007
5.2537 5.2511 5.2517 0.0007
5.2537 5.2511 5.2517 0.0007
5.2537 5.2511 5.2517 0.0007
5.2537 5.2511 5.2517 0.0007
5.2537 5.2511 5.2517 0.0007
5.2537 5.2511 5.2517 0.0007
5.2537 5.2511 5.2517 0.0007
5.2537 5.2511 5.2517 0.0007
5.2537 5.2511 5.2517 0.0007
5.2537 5.2511 5.2517 0.0007
5.2537 5.2511 5.2517 0.0007
5.2537 5.2511 5.2517 0.0007
5.2537 5.2511 5.2517 0.0007
5.2537 5.2511 5.2517 0.0007
5.2537 5.2511 5.2517 0.0007
5.2537 5.2511 5.2517 0.0007
5.2537 5.2511 5.2517 0.0007
5.2537 5.2511 5.2517 0.0007
5.2537 5.2511 5.2517 0.0007
5.2537 5.2511 5.2517 0.0007
5.2537 5.2511 5.2517 0.0007
5.2537 5.2511 5.2517 0.0007
5.2537 5.2511 5.2517 0.0007
5.2537 5.2511 5.2517 0.0007
5.2537 5.2511 5.2517 0.0007
5.2537 5.2511 5.2517 0.0007
5.2537 5.2511 5.2517 0.0007
5.2537 5.2511 5.2517 0.0007
5.2537 5.2511 5.2517 0.0007
5.2537 5.2511 5.2517 0.0007
5.2537 5.2511 5.2518 0.0007
5.2537 5.2511 5.2518 0.0007
5.2537 5.2511 5.2518 0.0007
5.2537 5.2511 5.2518 0.0007
5.2537 5.2511 5.2518 0.0007
5.2537 5.2511 5.2518 0.0007
5.2537 5.2511 5.2518 0.0007
5.2537 5.2511 5.2518 0.0007
5.2537 5.2511 5.2518 0.0007
5.2537 5.2511 5.2518 0.0007
5.2537 5.2511 5.2518 0.0007
5.2537 5.2511 5.2518 0.0007
5.2537 5.2511 5.2518 0.0007
5.2537 5.2511 5.2518 0.0007
5.2537 5.2511 5.2518 0.0007
5.2537 5.2511 5.2518 0.0007
5.2537 5.2511 5.2518 0.0007
5.2537 5.2511 5.2518 0.0007
5.2537 5.2511 5.2518 0.0007
5.2537 5.2511 5.2518 0.0007
5.2537 5.2511 5.2518 0.0007
5.2537 5.2511 5.2518 0.0007
5.2537 5.2511 5.2518 0.0007
5.2537 5.2511 5.2518 0.0007
5.2537 5.2511 5.2518 0.0007
5.2537 5.2511 5.2518 0.0007
5.2537 5.2511 5.2518 0.0007
5.2537 5.2511 5.2518 0.0007
5.2537 5.2511 5.2518 0.0007
5.2537 5.2511 5.2518 0.0007
5.2537 5.2511 5.2518 0.0007
5.2537 5.2511 5.2518 0.0007
5.2537 5.2511 5.2518 0.0007
5.2537 5.2511 5.2518 0.0007
5.2537 5.2511 5.2518 0.0007
5.2537 5.2511 5.2518 0.0007
5.2537 5.2511 5.2518 0.0007
5.2537 5.2511 5.2518 0.0008
5.2537 5.2511 5.2518 0.0008
5.2537 5.2511 5.2518 0.0008
5.2537 5.2511 5.2518 0.0008
5.2537 5.2511 5.2518 0.0008
5.2537 5.2511 5.2518 0.0008
5.2537 5.2511 5.2518 0.0008
5.2537 5.2511 5.2518 0.0008
5.2537 5.2511 5.2518 0.0008
5.2537 5.2511 5.2518 0.0008
5.2537 5.2511 5.2518 0.0008
5.2537 5.2511 5.2518 0.0008
5.2537 5.2511 5.2518 0.0008
5.2537 5.2511 5.2518 0.0008
5.2537 5.2511 5.2518 0.0008
5.2537 5.2511 5.2519 0.0008
5.2537 5.2511 5.2519 0.0008
5.2537 5.2511 5.2519 0.0008
5.2537 5.2511 5.2519 0.0008
5.2537 5.2511 5.2519 0.0008
5.2537 5.2511 5.2519 0.0008
5.2537 5.2511 5.2519 0.0008
5.2537 5.2511 5.2519 0.0008
5.2537 5.2511 5.2519 0.0009
5.2537 5.2511 5.2519 0.0009
5.2537 5.2511 5.2519 0.0009
5.2537 5.2511 5.2519 0.0009
5.2537 5.2511 5.2519 0.0009
5.2537 5.2511 5.2519 0.0009
5.2537 5.2511 5.2519 0.0009
5.2537 5.2511 5.2519 0.0009
5.2537 5.2511 5.2519 0.0009
5.2537 5.2511 5.2519 0.0009
5.2537 5.2511 5.2519 0.0009
5.2537 5.2511 5.2519 0.0009
5.2537 5.2511 5.2519 0.0009
5.2537 5.2511 5.2519 0.0009
5.2537 5.2511 5.2519 0.0009
5.2537 5.2511 5.2519 0.0009
5.2537 5.2511 5.2519 0.0009
5.2537 5.2511 5.2519 0.0009
5.2537 5.2511 5.2519 0.0009
5.2537 5.2511 5.2519 0.0009
5.2537 5.2511 5.2519 0.0009
5.2537 5.2511 5.2519 0.0009
5.2537 5.2511 5.2519 0.0009
5.2537 5.2511 5.2519 0.0009
5.2537 5.2511 5.2520 0.0009
5.2537 5.2511 5.2520 0.0009
5.2537 5.2511 5.2520 0.0009
5.2537 5.2511 5.2520 0.0009
