3.2133 0.0100 0.1850 0.4327
3.2133 0.0100 0.1895 0.4332
3.2133 0.0100 0.1985 0.4340
3.2133 0.0100 0.2160 0.4606
3.2133 0.0100 0.2213 0.4612
3.2133 0.0100 0.2388 0.4693
3.2133 0.0100 0.2499 0.4768
3.2133 0.0100 0.2664 0.4964
3.2133 0.0100 0.2885 0.5090
3.2133 0.0100 0.3047 0.5253
3.2133 0.0100 0.3222 0.5440
3.2133 0.0100 0.3344 0.5505
3.2133 0.0100 0.3398 0.5499
3.2133 0.0100 0.3444 0.5491
3.2133 0.0100 0.3505 0.5542
3.2133 0.0100 0.3551 0.5533
3.2133 0.0100 0.3593 0.5522
3.2133 0.0100 0.3664 0.5522
3.2133 0.0100 0.3683 0.5552
3.2133 0.0100 0.3729 0.5541
3.2133 0.0100 0.3794 0.5663
3.2133 0.0100 0.3890 0.5681
3.2133 0.0100 0.3935 0.5669
3.2133 0.0100 0.4034 0.5644
3.8890 0.0100 0.4754 0.7447
3.8890 0.0100 0.4820 0.7474
3.8890 0.0100 0.5206 0.8182
3.8890 0.0100 0.5322 0.8190
3.8890 0.0100 0.5579 0.8560
3.8890 0.0100 0.5625 0.8543
3.8890 0.0100 0.5735 0.8542
3.8890 0.0100 0.5997 0.8566
3.8890 0.0100 0.6041 0.8614
3.8890 0.0100 0.6141 0.8624
3.8890 0.0100 0.6302 0.8721
3.8890 0.0100 0.6373 0.8685
3.8890 0.0100 0.6419 0.8664
3.8890 0.0100 0.6419 0.8664
3.8890 0.0100 0.6538 0.8707
3.8890 0.0100 0.7005 0.9096
3.8890 0.0100 0.7223 0.9107
3.8890 0.0100 0.7326 0.9092
3.8890 0.0100 0.7397 0.9063
3.8890 0.0100 0.7419 0.9057
3.8890 0.0100 0.7423 0.9058
3.8890 0.0100 0.7590 0.9075
3.8890 0.0100 0.7635 0.9049
3.8890 0.0100 0.7798 0.9058
3.8890 0.0100 0.7889 0.9003
3.8890 0.0100 0.8037 0.8994
3.8890 0.0100 0.8148 0.8964
3.8890 0.0100 0.8239 0.8905
3.8890 0.0100 0.8414 0.8915
3.8890 0.0100 0.8726 0.8965
3.8890 0.0100 0.8859 0.9003
3.8890 0.0100 0.8868 0.9006
3.8890 0.0100 0.8905 0.9027
3.8890 0.0100 0.9000 0.9002
3.8890 0.0100 0.9099 0.8958
3.8890 0.0100 0.9099 0.8958
3.8890 0.0100 0.9440 0.9420
3.8890 0.0100 0.9478 0.9390
3.8890 0.0100 0.9543 0.9379
3.8890 0.0100 0.9594 0.9341
3.8890 0.0100 0.9705 0.9293
3.8890 0.0100 0.9801 0.9253
3.8890 0.0100 0.9954 0.9287
3.8890 0.0100 1.0095 0.9246
3.8890 0.0100 1.0270 0.9221
3.8890 0.0100 1.0510 0.9283
3.8890 0.0100 1.0643 0.9293
3.8890 0.0100 1.0865 0.9171
3.8890 0.0100 1.0910 0.9128
3.8890 0.0100 1.0994 0.9106
3.8890 0.0100 1.1109 0.9037
3.8890 0.0100 1.1176 0.9076
3.8890 0.0100 1.1319 0.9016
3.8890 0.0100 1.1562 0.9037
3.8890 0.0100 1.1645 0.9017
3.8890 0.0100 1.1832 0.8984
3.8890 0.0100 1.1832 0.8984
3.8890 0.0100 1.1943 0.8906
3.8890 0.0100 1.2073 0.8827
3.8890 0.0100 1.2144 0.8758
3.8890 0.0100 1.2145 0.8758
3.8890 0.0100 1.2273 0.8928
3.8890 0.0100 1.2349 0.8879
3.8890 0.0100 1.2434 0.8849
3.8890 0.0100 1.2509 0.8870
3.9214 0.0100 1.2792 0.9267
3.9214 0.0100 1.2907 0.9283
3.9214 0.0100 1.2946 0.9267
3.9214 0.0100 1.3098 0.9241
3.9214 0.0100 1.3163 0.9384
3.9214 0.0100 1.3314 0.9368
3.9214 0.0100 1.3363 0.9310
3.9214 0.0100 1.3454 0.9225
3.9214 0.0100 1.3538 0.9176
3.9214 0.0100 1.3538 0.9176
3.9214 0.0100 1.3665 0.9140
3.9214 0.0100 1.3668 0.9141
3.9214 0.0100 1.3692 0.9137
3.9214 0.0100 1.3692 0.9137
3.9214 0.0100 1.3815 0.9086
3.9214 0.0100 1.3820 0.9086
4.1495 0.0100 1.4188 0.9446
4.1495 0.0100 1.4220 0.9440
4.1495 0.0100 1.4682 0.9909
4.1495 0.0100 1.4749 0.9937
4.1495 0.0100 1.4749 0.9937
4.1495 0.0100 1.4813 0.9892
4.1495 0.0100 1.4919 0.9840
4.1495 0.0100 1.5047 0.9787
4.1495 0.0100 1.5047 0.9787
4.1495 0.0100 1.5103 0.9891
4.1495 0.0100 1.5123 0.9886
4.1495 0.0100 1.5284 0.9771
4.1495 0.0100 1.5284 0.9771
4.1495 0.0100 1.5358 0.9761
4.1495 0.0100 1.5436 0.9711
4.1495 0.0100 1.5436 0.9711
4.1495 0.0100 1.5494 0.9702
4.1495 0.0100 1.5632 0.9627
4.1495 0.0100 1.5696 0.9619
4.1495 0.0100 1.5696 0.9619
4.1495 0.0100 1.5696 0.9619
4.1495 0.0100 1.5756 0.9624
4.1495 0.0100 1.5875 0.9640
4.1495 0.0100 1.5892 0.9642
4.1495 0.0100 1.5892 0.9642
4.1495 0.0100 1.5931 0.9642
4.1495 0.0100 1.5982 0.9652
4.1495 0.0100 1.6236 0.9922
4.1495 0.0100 1.6484 1.0160
4.1495 0.0100 1.6781 1.0121
4.1495 0.0100 1.6802 1.0100
4.1495 0.0100 1.6891 1.0071
4.1495 0.0100 1.6912 1.0061
4.1495 0.0100 1.6980 1.0045
4.1495 0.0100 1.6980 1.0045
4.1495 0.0100 1.7118 0.9970
4.1495 0.0100 1.7122 0.9979
4.1495 0.0100 1.7334 0.9811
4.1495 0.0100 1.7334 0.9811
4.1495 0.0100 1.7334 0.9811
4.1495 0.0100 1.7403 0.9802
4.1495 0.0100 1.7476 0.9734
4.1495 0.0100 1.7476 0.9734
4.1495 0.0100 1.7646 0.9871
4.1495 0.0100 1.7680 0.9871
4.1495 0.0100 1.7835 1.0033
4.1495 0.0100 1.7854 1.0022
4.1495 0.0100 1.8045 1.0213
4.1495 0.0100 1.8140 1.0167
4.1495 0.0100 1.8305 1.0086
4.1495 0.0100 1.8531 1.0031
4.1495 0.0100 1.8531 1.0031
4.1495 0.0100 1.8531 1.0031
4.1495 0.0100 1.8728 1.0201
4.1495 0.0100 1.8959 1.0405
4.1495 0.0100 1.9001 1.0404
4.1495 0.0100 1.9001 1.0404
4.1495 0.0100 1.9062 1.0339
4.1495 0.0100 1.9094 1.0335
4.1495 0.0100 1.9094 1.0335
4.1495 0.0100 1.9189 1.0281
4.1495 0.0100 1.9190 1.0281
5.0628 0.0100 1.9338 1.0620
5.0628 0.0100 1.9407 1.0590
5.0628 0.0100 1.9407 1.0590
5.0628 0.0100 1.9494 1.0552
5.0628 0.0100 1.9569 1.0540
5.0628 0.0100 1.9749 1.0437
5.0628 0.0100 1.9753 1.0436
5.0628 0.0100 1.9755 1.0440
5.0628 0.0100 1.9755 1.0440
5.0628 0.0100 1.9825 1.0459
5.0628 0.0100 2.0192 1.0796
5.0628 0.0100 2.0238 1.0779
5.0628 0.0100 2.0388 1.0910
5.0628 0.0100 2.0761 1.1002
5.0628 0.0100 2.0893 1.0888
5.0628 0.0100 2.0893 1.0888
5.0628 0.0100 2.1001 1.0805
5.0628 0.0100 2.1172 1.0721
5.0628 0.0100 2.1186 1.0716
5.0628 0.0100 2.1186 1.0716
5.0628 0.0100 2.1187 1.0718
5.0628 0.0100 2.1248 1.0722
5.0628 0.0100 2.1529 1.0823
5.0628 0.0100 2.1550 1.0818
5.0628 0.0100 2.1550 1.0818
5.0628 0.0100 2.1570 1.0801
5.0628 0.0100 2.1606 1.0795
5.0628 0.0100 2.1677 1.0864
5.0628 0.0100 2.1677 1.0864
5.0628 0.0100 2.1728 1.0924
5.0628 0.0100 2.1860 1.0876
5.0628 0.0100 2.1860 1.0876
5.0628 0.0100 2.2247 1.0782
5.0628 0.0100 2.2382 1.0646
5.0628 0.0100 2.2382 1.0646
5.0628 0.0100 2.2559 1.0719
5.0628 0.0100 2.2583 1.0722
5.0628 0.0100 2.2586 1.0720
5.0628 0.0100 2.2587 1.0720
5.0628 0.0100 2.2958 1.0947
5.0628 0.0100 2.3073 1.0814
5.0628 0.0100 2.3296 1.0977
5.0628 0.0100 2.3360 1.0955
5.0628 0.0100 2.3545 1.0980
5.0628 0.0100 2.3591 1.0965
5.0628 0.0100 2.3802 1.0896
5.0628 0.0100 2.4076 1.1136
5.0628 0.4660 2.4189 1.0948
5.0628 0.4660 2.4442 1.0799
5.0628 0.4660 2.4444 1.0803
5.0628 0.4660 2.4554 1.0744
5.0628 0.4660 2.4715 1.0766
5.0628 0.4660 2.4715 1.0766
5.0628 0.4660 2.4813 1.0748
5.0628 0.4660 2.5009 1.0826
5.0628 0.4660 2.5133 1.0900
5.0628 0.4660 2.5226 1.0894
5.0628 0.4660 2.5501 1.1044
5.0628 0.4660 2.5683 1.1062
5.0628 0.4660 2.5788 1.1081
5.0628 0.4660 2.6000 1.1133
5.0628 0.4660 2.6049 1.1095
5.0628 0.4660 2.6136 1.1065
5.0628 0.4660 2.6320 1.1188
5.0628 0.4660 2.6394 1.1296
5.0628 0.4660 2.6594 1.1473
5.0628 0.4660 2.6594 1.1473
5.0628 0.4660 2.6830 1.1495
5.0628 0.4660 2.6830 1.1495
6.3769 0.4660 2.7052 1.1983
6.3769 0.4660 2.7212 1.2003
6.3769 0.4660 2.7469 1.2107
6.3769 0.4660 2.7579 1.2071
6.3769 0.4660 2.7594 1.2086
6.3769 0.4660 2.7806 1.2148
6.3769 0.4660 2.7919 1.2297
6.3769 0.4660 2.8166 1.2207
6.3769 0.4660 2.8263 1.2330
6.3769 0.4660 2.8264 1.2331
6.3769 0.4660 2.8265 1.2332
6.3769 0.4660 2.8381 1.2457
6.3769 0.4660 2.8622 1.2324
6.3769 0.4660 2.9036 1.2542
6.3769 0.4660 2.9063 1.2568
6.3769 0.4660 2.9063 1.2568
6.3769 0.4660 2.9191 1.2693
6.3769 0.4660 2.9385 1.2738
6.3769 0.4660 2.9591 1.2744
6.3769 0.4660 2.9878 1.2704
6.3769 0.4660 3.0016 1.2957
6.3769 0.4660 3.0416 1.3042
6.3769 0.4660 3.0535 1.3041
6.3769 0.4660 3.0535 1.3041
6.3769 0.4660 3.0769 1.3183
6.3769 0.4660 3.0873 1.3274
6.3769 0.4660 3.0873 1.3274
6.3769 0.4660 3.1151 1.3316
6.3769 0.4660 3.1168 1.3334
6.3769 0.4660 3.1380 1.3291
6.3769 0.4660 3.1388 1.3301
6.3769 0.4660 3.1396 1.3300
6.3769 0.4660 3.1485 1.3323
6.3769 0.4660 3.1550 1.3263
6.3769 0.4660 3.1572 1.3265
6.3769 0.4660 3.1750 1.3225
6.3769 0.4660 3.2075 1.3258
6.3769 0.4660 3.2168 1.3316
6.3769 0.4660 3.2238 1.3372
6.3769 0.4660 3.2263 1.3347
6.3769 0.4660 3.2264 1.3346
6.3769 0.4660 3.2443 1.3210
6.3769 0.4660 3.2451 1.3201
6.3769 0.4660 3.2881 1.2987
6.3769 0.4660 3.2881 1.2987
6.3769 0.4660 3.3139 1.3037
6.3769 0.4660 3.3345 1.3008
6.3769 0.4660 3.3370 1.3021
6.3769 0.4660 3.3509 1.2930
6.3769 0.4660 3.3509 1.2930
6.3769 0.4660 3.3509 1.2930
6.3769 0.4660 3.3749 1.2810
6.3769 0.4660 3.3749 1.2810
6.3769 0.4660 3.3749 1.2810
6.3769 0.4660 3.4026 1.2774
6.3769 0.4660 3.4026 1.2774
6.3769 0.4660 3.4232 1.2600
6.3769 0.4660 3.4232 1.2600
6.3769 0.4660 3.4248 1.2604
6.3769 0.4660 3.4248 1.2604
6.3769 0.4660 3.4330 1.2663
6.3769 0.4660 3.4339 1.2651
6.3769 0.4660 3.4405 1.2582
6.3769 0.4660 3.4405 1.2582
6.3769 0.4660 3.4423 1.2569
6.3769 0.4660 3.4721 1.2413
6.3769 0.4660 3.5008 1.2325
6.3769 0.4660 3.5020 1.2315
6.3769 0.4660 3.5020 1.2315
6.3769 0.4660 3.5020 1.2315
6.3769 0.4660 3.5100 1.2235
6.3769 0.4660 3.5112 1.2246
6.3769 0.4660 3.5112 1.2246
6.3769 0.4660 3.5114 1.2247
6.3769 0.4660 3.5357 1.2105
6.3769 0.4660 3.5359 1.2102
6.3769 0.4660 3.5359 1.2102
6.3769 0.4660 3.5359 1.2102
6.3769 0.4660 3.5478 1.2065
6.3769 0.4660 3.5485 1.2063
6.3769 0.4660 3.5485 1.2063
6.3769 0.4660 3.5485 1.2063
6.3769 0.4660 3.5491 1.2070
6.3769 0.4660 3.5588 1.2039
6.3769 0.4660 3.5771 1.2093
6.3769 0.4660 3.5826 1.2016
6.3769 0.4660 3.5928 1.2096
6.3769 0.4660 3.6027 1.2055
6.3769 0.4660 3.6047 1.2068
6.3769 0.4660 3.6047 1.2068
6.3769 0.4660 3.6047 1.2068
6.3769 0.4660 3.6186 1.2264
6.3769 0.4660 3.6437 1.2124
6.3769 0.4678 3.6870 1.1749
6.3769 0.4678 3.7143 1.1436
6.3769 0.4678 3.7143 1.1436
6.3769 0.4678 3.7143 1.1436
6.3769 0.4678 3.7143 1.1436
6.3769 0.4678 3.7143 1.1436
6.3769 0.4678 3.7240 1.1495
6.3769 0.4678 3.7572 1.1403
6.3769 0.4678 3.7601 1.1410
6.3769 0.4678 3.7730 1.1499
6.3769 0.4678 3.7730 1.1499
6.3769 0.4678 3.7953 1.1368
6.3769 0.4678 3.8101 1.1433
6.3769 0.4678 3.8101 1.1433
6.3769 0.4678 3.8101 1.1433
6.3769 0.4678 3.8430 1.1375
6.3769 1.1352 3.8639 1.0937
6.3769 1.1352 3.8690 1.0964
6.3769 1.1352 3.8690 1.0964
6.3769 1.1352 3.8818 1.1025
6.3769 1.1352 3.8846 1.1037
6.3769 1.1352 3.8865 1.1005
6.3769 1.1352 3.8869 1.1009
6.3769 1.1352 3.9154 1.0702
6.3769 1.1352 3.9155 1.0702
6.3769 1.1352 3.9358 1.0557
6.3769 1.1352 3.9653 1.0366
6.3769 1.1352 3.9855 1.0320
6.3769 1.1352 3.9859 1.0312
6.3769 1.1352 3.9865 1.0313
6.3769 1.1352 3.9943 1.0325
6.3769 1.1352 4.0027 1.0339
6.3769 1.1352 4.0181 1.0346
6.3769 1.1352 4.0181 1.0346
6.3769 1.1352 4.0181 1.0345
6.3769 1.1352 4.0530 1.0426
6.3769 1.1352 4.0618 1.0407
6.3769 1.1352 4.0646 1.0415
6.3769 1.1352 4.0646 1.0415
6.3769 1.1352 4.0651 1.0413
6.3769 1.1352 4.0796 1.0481
6.3769 1.1352 4.1102 1.0310
6.3769 1.1352 4.1102 1.0310
6.3769 1.1352 4.1250 1.0336
6.3769 1.1352 4.1297 1.0366
6.3769 1.1352 4.1348 1.0406
6.3769 1.1352 4.1348 1.0406
6.3769 1.1352 4.1426 1.0404
6.3769 1.1352 4.1426 1.0404
6.3769 1.1352 4.1463 1.0435
6.3769 1.1352 4.1585 1.0467
6.3769 1.1352 4.1585 1.0467
6.3769 1.1352 4.1635 1.0455
6.3769 1.1352 4.1635 1.0455
6.3769 1.1352 4.1690 1.0441
6.3769 1.1352 4.1690 1.0441
6.3769 1.1352 4.1784 1.0484
6.3769 1.1352 4.1784 1.0484
6.3769 1.1352 4.1918 1.0538
6.3769 1.1352 4.2025 1.0511
6.3769 1.1352 4.2240 1.0306
6.3769 1.1352 4.2326 1.0155
6.3769 1.1352 4.2340 1.0162
6.3769 1.1352 4.2340 1.0162
6.3769 1.1352 4.2453 1.0052
6.3769 1.1352 4.2630 1.0046
6.3769 1.1352 4.2630 1.0046
6.3769 1.1352 4.2630 1.0046
6.3769 1.1352 4.2661 1.0049
6.3769 1.1352 4.2675 1.0058
6.3769 1.1352 4.2987 0.9880
6.3769 1.1352 4.3132 0.9830
6.3769 1.1352 4.3206 0.9846
6.3769 1.1352 4.3475 0.9694
6.3769 1.1352 4.3537 0.9723
6.3769 1.1352 4.3668 0.9611
6.3769 1.1352 4.3953 0.9262
6.3769 1.1352 4.3953 0.9262
6.3769 1.1352 4.4089 0.9325
6.3769 1.1352 4.4326 0.8932
6.3769 1.1352 4.4350 0.8931
6.5670 1.1352 4.4468 0.9095
6.5670 1.1352 4.4498 0.9110
6.5670 1.1352 4.4498 0.9110
6.5670 1.1352 4.4540 0.9032
6.5670 1.1352 4.4582 0.9060
6.5670 1.1352 4.4582 0.9060
6.5670 1.1352 4.4601 0.9063
6.5670 1.1352 4.4612 0.9067
6.5670 1.1352 4.4612 0.9067
6.5670 1.1352 4.4709 0.9026
6.5670 1.1352 4.4709 0.9026
6.5670 1.1352 4.4773 0.9010
6.5670 1.1352 4.4773 0.9010
6.5670 1.1352 4.4826 0.9042
6.5670 1.1352 4.4950 0.9005
6.5670 1.1352 4.4950 0.9005
6.5670 1.1352 4.5004 0.9002
6.5670 1.1352 4.5049 0.9016
6.5670 1.1352 4.5049 0.9016
6.5670 1.1352 4.5070 0.9019
6.5670 1.1352 4.5070 0.9019
6.5670 1.1352 4.5189 0.9175
6.5670 1.1352 4.5243 0.9190
6.5670 1.1352 4.5251 0.9195
6.5670 1.1352 4.5277 0.9207
6.5670 1.1352 4.5278 0.9206
6.5670 1.1352 4.5479 0.9115
6.5670 1.1352 4.5479 0.9115
6.5670 1.1352 4.5495 0.9126
6.5670 1.1352 4.5552 0.9169
6.5670 1.1352 4.5552 0.9169
6.5670 1.1352 4.5575 0.9190
6.5670 1.1352 4.5667 0.9168
6.5670 1.1352 4.5667 0.9168
6.5670 1.1352 4.5694 0.9185
6.5670 1.1352 4.5694 0.9185
6.5670 1.1352 4.5720 0.9114
6.5670 1.1352 4.5720 0.9114
6.5670 1.1352 4.5834 0.9091
6.5670 1.7984 4.6242 0.8409
6.5670 1.7984 4.6242 0.8409
6.5670 1.7984 4.6272 0.8410
6.5670 1.7984 4.6504 0.8603
6.5670 1.7984 4.6512 0.8608
6.5670 1.7984 4.6512 0.8608
6.5670 1.7984 4.6677 0.8406
6.5670 1.7984 4.6708 0.8435
6.5670 1.7984 4.6708 0.8435
6.5670 1.7984 4.6813 0.8590
6.5670 1.7984 4.6826 0.8591
6.5670 1.7984 4.6826 0.8591
6.5670 1.7984 4.6863 0.8625
6.5670 1.7984 4.6942 0.8662
6.5670 1.7984 4.6942 0.8662
6.5697 1.7984 4.7093 0.8854
6.5697 1.7984 4.7301 0.8908
6.6142 1.7984 4.7787 0.8616
6.6142 1.7984 4.7870 0.8598
6.6142 1.7984 4.7892 0.8611
6.6142 1.7984 4.7906 0.8593
6.6142 2.0906 4.8302 0.8103
6.6142 2.0906 4.8368 0.8081
6.6142 2.0906 4.8387 0.8078
6.6142 2.0906 4.8467 0.8107
6.6142 2.0906 4.8467 0.8107
6.6142 2.0906 4.8467 0.8107
6.6142 2.0906 4.8644 0.8296
6.6142 2.0906 4.8668 0.8300
6.6142 2.0906 4.8668 0.8300
6.6142 2.0906 4.8668 0.8300
6.6142 2.0906 4.8668 0.8300
6.6142 2.2233 4.8924 0.7821
6.6142 2.2233 4.9118 0.7734
6.6142 2.2233 4.9125 0.7734
6.6142 2.2233 4.9137 0.7734
6.6142 2.2233 4.9322 0.7779
6.6142 2.2233 4.9372 0.7797
6.6142 2.2233 4.9372 0.7797
6.6142 2.2233 4.9478 0.7715
6.6142 2.2233 4.9493 0.7728
6.6142 2.2233 4.9493 0.7728
6.6142 2.2233 4.9542 0.7715
6.6142 2.2233 4.9559 0.7714
6.6142 2.2233 4.9613 0.7677
6.6142 2.2233 4.9613 0.7677
6.6142 2.2233 4.9643 0.7724
6.6142 2.2233 4.9723 0.7776
6.6142 2.2233 4.9771 0.7813
6.6142 2.2233 4.9813 0.7854
6.6142 2.2233 4.9980 0.7807
6.6142 2.2233 5.0147 0.7957
6.6142 2.2233 5.0147 0.7957
6.6142 2.2233 5.0148 0.7956
6.6142 2.2233 5.0148 0.7956
6.6142 2.2233 5.0165 0.7957
6.6142 2.2233 5.0188 0.7957
6.6142 2.2233 5.0368 0.7864
6.6142 2.2233 5.0448 0.7880
6.6142 2.2233 5.0575 0.8017
6.6142 2.2233 5.0587 0.8020
6.6142 2.2233 5.0587 0.8020
6.6142 2.2233 5.0587 0.8020
6.6142 2.2233 5.0733 0.7909
6.6142 2.2233 5.0784 0.7979
6.6142 2.2233 5.0784 0.7979
6.6142 2.2233 5.0840 0.7933
6.6142 2.2233 5.0892 0.7918
6.6142 2.2233 5.0892 0.7918
6.6142 2.2233 5.0892 0.7918
6.6142 2.2233 5.0934 0.7909
6.6142 2.2233 5.1047 0.7960
6.6142 2.2233 5.1047 0.7960
6.6142 2.2233 5.1117 0.7904
6.6142 2.2233 5.1195 0.8017
6.6142 2.2233 5.1195 0.8017
6.6142 2.2233 5.1211 0.8008
6.6142 2.2233 5.1211 0.8008
6.6142 2.9780 5.1509 0.7460
6.6142 2.9780 5.1509 0.7460
6.6142 2.9780 5.1509 0.7460
6.6142 2.9780 5.1509 0.7460
6.6142 2.9780 5.1561 0.7443
6.6142 2.9780 5.1713 0.7310
6.6142 2.9780 5.1815 0.7329
6.6142 2.9780 5.1815 0.7329
6.6142 2.9780 5.1815 0.7329
6.6142 2.9780 5.1815 0.7329
6.6142 2.9780 5.1974 0.7456
6.6142 2.9780 5.1975 0.7457
6.6142 2.9780 5.2175 0.7650
6.6142 2.9780 5.2175 0.7650
6.6142 2.9780 5.2175 0.7650
6.6142 2.9780 5.2228 0.7635
6.6142 2.9780 5.2228 0.7635
6.6142 2.9780 5.2232 0.7642
6.6142 2.9780 5.2270 0.7690
6.6142 2.9780 5.2301 0.7683
6.6142 2.9780 5.2440 0.7623
6.6142 2.9780 5.2548 0.7703
6.6142 2.9780 5.2569 0.7719
6.6142 2.9780 5.2569 0.7719
6.6142 2.9780 5.2569 0.7719
6.6142 2.9780 5.2569 0.7719
6.6142 2.9780 5.2591 0.7711
6.6142 2.9780 5.2702 0.7772
6.6142 2.9780 5.2794 0.7629
6.6142 2.9780 5.2967 0.7576
6.6142 2.9780 5.2967 0.7576
6.6142 2.9780 5.3066 0.7605
6.6142 2.9780 5.3066 0.7605
6.6142 2.9780 5.3092 0.7605
6.6142 2.9780 5.3092 0.7605
6.6142 2.9780 5.3295 0.7660
6.6142 2.9780 5.3295 0.7660
6.6142 2.9780 5.3385 0.7583
6.6142 2.9780 5.3385 0.7583
6.6142 2.9780 5.3428 0.7609
6.6142 2.9780 5.3429 0.7610
6.6142 2.9780 5.3597 0.7476
6.6142 2.9780 5.3605 0.7476
6.6142 2.9780 5.3605 0.7476
6.6142 2.9780 5.3728 0.7579
6.6142 2.9780 5.3834 0.7558
6.6142 2.9780 5.3904 0.7540
6.6142 2.9780 5.3985 0.7523
6.6142 2.9780 5.3985 0.7523
6.6142 2.9780 5.3991 0.7532
6.6142 2.9780 5.4088 0.7549
6.6142 3.5883 5.4303 0.7149
6.6142 3.5883 5.4322 0.7132
6.6142 3.5883 5.4322 0.7132
6.6142 3.5883 5.4322 0.7132
6.6142 3.5883 5.4338 0.7125
6.6142 3.5883 5.4368 0.7106
6.6142 3.5883 5.4368 0.7106
6.6142 3.5883 5.4368 0.7106
6.6142 3.5883 5.4389 0.7100
6.6142 3.5883 5.4389 0.7100
6.6142 3.5883 5.4389 0.7100
6.6142 3.5883 5.4389 0.7100
6.6142 3.5883 5.4389 0.7100
6.6142 3.5883 5.4389 0.7100
6.6142 3.5883 5.4406 0.7080
6.6142 3.5883 5.4429 0.7066
6.6142 3.5883 5.4575 0.7149
6.6142 3.5883 5.4724 0.7233
6.6142 3.5883 5.4724 0.7233
6.6142 3.5883 5.4724 0.7233
6.6142 3.5883 5.4724 0.7233
6.6142 3.5883 5.4725 0.7233
6.6142 3.5883 5.4822 0.7316
6.6142 3.5883 5.4842 0.7309
6.6142 3.5883 5.4845 0.7306
6.6142 3.5883 5.4845 0.7306
6.6142 3.5883 5.4845 0.7306
6.6142 3.5883 5.4934 0.7257
6.6142 3.5883 5.4943 0.7254
6.6142 3.5883 5.4943 0.7254
6.6142 3.5883 5.4943 0.7254
6.6142 3.5883 5.4989 0.7264
6.6142 3.5883 5.5109 0.7086
6.6142 3.5883 5.5117 0.7087
6.6142 3.5883 5.5173 0.7044
6.6142 3.5883 5.5342 0.7071
6.6142 3.5883 5.5445 0.6964
6.6142 3.5883 5.5469 0.6985
6.6142 3.5883 5.5499 0.6949
6.6142 3.5883 5.5577 0.6899
6.6142 3.5883 5.5619 0.6867
6.6142 3.5883 5.5626 0.6864
6.6142 3.5883 5.5626 0.6864
6.6142 3.5883 5.5736 0.6904
6.6142 3.5883 5.5736 0.6904
6.6142 3.5883 5.5737 0.6904
6.6142 3.5883 5.5749 0.6898
6.6142 3.5883 5.5749 0.6898
6.6142 3.5883 5.5805 0.6884
6.6142 3.5883 5.5992 0.6900
6.6142 3.5883 5.6071 0.6933
6.6142 3.5883 5.6071 0.6933
6.6142 3.5883 5.6071 0.6933
6.6142 3.5883 5.6071 0.6933
6.6142 3.5883 5.6071 0.6933
6.6142 3.5883 5.6071 0.6933
6.6142 3.5883 5.6251 0.6940
6.6142 3.5883 5.6251 0.6940
6.6142 3.5883 5.6419 0.6768
6.6142 3.5883 5.6419 0.6768
6.6142 3.5883 5.6549 0.6821
6.6142 3.5883 5.6549 0.6821
6.6142 3.5883 5.6683 0.6877
6.6142 3.5883 5.6683 0.6877
6.6142 3.5883 5.6732 0.6855
6.6142 3.5883 5.6746 0.6847
6.6142 3.5883 5.6746 0.6847
6.6142 3.5883 5.6746 0.6847
6.6142 3.5883 5.6803 0.6801
6.6142 3.5883 5.6803 0.6801
6.6142 3.5883 5.6945 0.6831
6.6142 3.5883 5.6960 0.6821
6.6142 3.5883 5.6967 0.6830
6.6142 3.5883 5.6967 0.6830
6.6142 3.5883 5.6967 0.6830
6.6142 3.5883 5.7113 0.6656
6.6142 3.5883 5.7113 0.6656
6.6142 3.5883 5.7113 0.6656
6.6142 3.5883 5.7113 0.6656
6.6142 3.5883 5.7220 0.6681
6.6142 3.5883 5.7320 0.6695
6.6142 3.5883 5.7348 0.6684
6.6142 3.5883 5.7426 0.6716
6.6142 3.5883 5.7426 0.6716
6.6142 3.5883 5.7557 0.6750
6.6204 3.5883 5.7665 0.6801
6.6204 3.5883 5.7780 0.6774
6.6204 3.5883 5.7780 0.6774
6.6204 3.5883 5.7780 0.6774
6.6204 3.5883 5.7780 0.6774
6.6204 3.5883 5.7965 0.6728
6.6204 3.5883 5.8133 0.6711
6.6204 3.5883 5.8264 0.6732
6.6204 3.5883 5.8352 0.6753
6.6204 3.5883 5.8407 0.6791
6.6204 3.5883 5.8412 0.6786
6.6204 3.5883 5.8522 0.6822
6.6204 4.1811 5.8824 0.6473
6.6204 4.1811 5.8824 0.6473
6.6204 4.1811 5.9011 0.6373
6.6204 4.1811 5.9011 0.6373
6.6204 4.1811 5.9011 0.6373
6.6204 4.1811 5.9011 0.6373
6.6204 4.1811 5.9011 0.6373
6.6204 4.1811 5.9017 0.6379
6.6204 4.1811 5.9083 0.6267
6.6204 4.1811 5.9083 0.6267
6.6204 4.1811 5.9173 0.6290
6.6204 4.1811 5.9185 0.6274
6.6204 4.1811 5.9285 0.6304
6.6204 4.1811 5.9341 0.6337
6.6204 4.1811 5.9341 0.6337
6.6204 4.1811 5.9364 0.6316
6.6204 4.1811 5.9401 0.6280
6.6204 4.1811 5.9401 0.6280
6.6204 4.1811 5.9491 0.6306
6.6204 4.1811 5.9581 0.6331
6.6204 4.1811 5.9588 0.6337
6.6204 4.1811 5.9704 0.6344
6.6204 4.1811 5.9768 0.6294
6.6204 4.1811 5.9789 0.6311
6.6204 4.1811 5.9789 0.6311
6.6204 4.1811 5.9948 0.6251
6.6204 4.1811 5.9974 0.6267
6.6204 4.1811 5.9974 0.6267
6.6204 4.1811 5.9989 0.6270
6.6204 4.1811 5.9989 0.6270
6.6204 4.1811 5.9989 0.6270
6.7060 4.1811 5.9998 0.6279
6.7060 4.1811 5.9998 0.6279
6.7060 4.6497 6.0238 0.6033
6.7060 4.6497 6.0339 0.6004
6.7060 4.6497 6.0339 0.6004
6.7060 4.6497 6.0339 0.6004
6.7060 4.6497 6.0460 0.5983
6.7060 4.6497 6.0460 0.5983
6.7060 4.6497 6.0473 0.5996
6.7060 4.6497 6.0477 0.5995
6.7060 4.6497 6.0491 0.6007
6.7060 4.6497 6.0491 0.6007
6.7060 4.6497 6.0491 0.6007
6.7060 4.6497 6.0491 0.6007
6.7060 4.6497 6.0495 0.6011
6.7060 4.6497 6.0581 0.6029
6.7060 4.7135 6.0752 0.5868
6.7060 4.7135 6.0849 0.5870
6.7060 4.7135 6.0968 0.5803
6.7060 4.7135 6.0996 0.5757
6.7060 4.7135 6.0996 0.5757
6.7060 4.7135 6.1111 0.5782
6.7060 4.7135 6.1111 0.5782
6.7060 4.7135 6.1111 0.5782
6.7060 4.7135 6.1117 0.5787
6.7060 4.7135 6.1118 0.5787
6.7060 4.7135 6.1246 0.5725
6.7060 4.7135 6.1251 0.5729
6.7060 4.7135 6.1269 0.5728
6.7060 4.7135 6.1269 0.5728
6.7060 4.7135 6.1269 0.5728
6.7060 4.7135 6.1382 0.5670
6.7060 4.7135 6.1445 0.5613
6.7060 4.7135 6.1526 0.5554
6.7060 4.7135 6.1658 0.5475
6.7060 4.7135 6.1717 0.5440
6.7060 4.7135 6.1873 0.5341
6.7060 4.7135 6.1873 0.5341
6.7060 4.7135 6.1941 0.5248
6.7060 4.8430 6.2128 0.5046
6.7060 4.8430 6.2150 0.5058
6.7060 4.8430 6.2153 0.5060
6.7060 4.8430 6.2159 0.5064
6.7060 4.8430 6.2159 0.5064
6.7060 4.8430 6.2226 0.4963
6.7060 4.8430 6.2278 0.4973
6.7060 4.8430 6.2373 0.4948
6.7060 4.8430 6.2517 0.4831
6.7060 4.8430 6.2517 0.4831
6.7060 4.8430 6.2663 0.4707
6.7060 4.8430 6.2663 0.4707
6.7060 4.8430 6.2734 0.4694
6.8222 4.8430 6.2755 0.4713
6.8222 4.8430 6.2841 0.4648
6.8222 4.8430 6.2917 0.4633
6.8222 4.8430 6.2917 0.4633
6.8222 4.8430 6.2920 0.4635
6.8222 4.8430 6.2933 0.4645
6.8222 4.8430 6.2933 0.4645
6.8222 4.8430 6.2933 0.4645
7.0028 4.8430 6.3106 0.4584
7.0028 4.8430 6.3147 0.4589
7.0028 4.8430 6.3147 0.4589
7.0028 4.8430 6.3148 0.4589
7.0028 4.8430 6.3209 0.4583
7.0028 4.8430 6.3211 0.4584
7.0028 4.8430 6.3211 0.4584
7.0028 4.8430 6.3211 0.4584
7.0028 4.8430 6.3211 0.4584
7.0028 4.8430 6.3211 0.4584
7.0028 4.8430 6.3211 0.4584
7.0028 4.8430 6.3211 0.4584
7.0028 4.8430 6.3211 0.4584
7.1201 4.8430 6.3224 0.4603
7.1201 4.8430 6.3224 0.4603
7.1201 4.8936 6.3410 0.4372
7.1201 4.8936 6.3432 0.4373
7.1201 4.8936 6.3476 0.4375
7.1201 4.8936 6.3493 0.4340
7.1201 4.8936 6.3493 0.4340
7.1201 4.8936 6.3550 0.4316
7.1201 4.8936 6.3550 0.4316
7.1201 4.8936 6.3550 0.4316
7.1201 4.8936 6.3550 0.4316
7.1201 4.8936 6.3550 0.4316
7.1201 4.8936 6.3559 0.4315
7.1201 4.8936 6.3583 0.4303
7.1201 4.8936 6.3586 0.4305
7.1201 4.8936 6.3586 0.4305
7.1201 4.8936 6.3700 0.4163
7.1201 5.1262 6.3869 0.3895
7.1201 5.1262 6.3903 0.3908
7.1201 5.1262 6.3903 0.3908
7.1201 5.1262 6.3907 0.3907
7.1201 5.1262 6.4043 0.3697
7.1201 5.1262 6.4050 0.3697
7.1201 5.1262 6.4171 0.3550
7.1201 5.1262 6.4235 0.3522
7.1201 5.1262 6.4249 0.3527
7.1201 5.1262 6.4293 0.3519
7.1201 5.1262 6.4294 0.3519
7.1201 5.1262 6.4318 0.3502
7.1201 5.1262 6.4319 0.3502
7.1201 5.1262 6.4376 0.3382
7.1201 5.1262 6.4376 0.3382
7.1201 5.1262 6.4376 0.3382
7.1201 5.1262 6.4379 0.3383
7.1201 5.1262 6.4379 0.3383
7.1201 5.1262 6.4383 0.3385
7.1201 5.1262 6.4448 0.3242
7.1201 5.1262 6.4459 0.3243
7.1201 5.1262 6.4459 0.3243
7.1201 5.1262 6.4463 0.3245
7.1201 5.1262 6.4467 0.3246
7.1201 5.1262 6.4476 0.3249
7.1201 5.1262 6.4479 0.3250
7.1201 5.1262 6.4479 0.3250
7.1201 5.1262 6.4479 0.3250
7.1201 5.1262 6.4479 0.3250
7.1201 5.1262 6.4479 0.3250
7.1201 5.1262 6.4479 0.3250
7.1201 5.1262 6.4479 0.3250
7.1201 5.1262 6.4479 0.3250
7.1201 5.1262 6.4479 0.3250
7.1201 5.1262 6.4479 0.3250
7.1201 5.1262 6.4479 0.3250
7.1201 5.1262 6.4479 0.3250
7.1201 5.1262 6.4492 0.3243
7.1201 5.1262 6.4492 0.3243
7.1201 5.1262 6.4513 0.3244
7.1201 5.1262 6.4513 0.3244
7.1201 5.1262 6.4513 0.3244
7.1201 5.1262 6.4513 0.3244
7.1201 5.1262 6.4517 0.3246
7.1201 5.1262 6.4517 0.3246
7.1201 5.1262 6.4530 0.3253
7.1201 5.1262 6.4530 0.3253
7.1201 5.1262 6.4543 0.3261
7.1201 5.1262 6.4543 0.3261
7.1201 5.1262 6.4642 0.3155
7.1201 5.1262 6.4645 0.3157
7.1201 5.1262 6.4648 0.3158
7.1201 5.1262 6.4648 0.3158
7.1201 5.1262 6.4649 0.3158
7.1201 5.1262 6.4681 0.3108
7.1201 5.1262 6.4681 0.3108
7.1201 5.1262 6.4681 0.3108
7.1201 5.4943 6.4826 0.2802
7.1201 5.4943 6.4827 0.2802
7.1201 5.4943 6.4827 0.2802
7.1201 5.4943 6.4833 0.2804
7.1201 5.4943 6.4845 0.2807
7.1201 5.4943 6.4845 0.2807
7.1201 5.4943 6.4845 0.2807
7.1201 5.4943 6.4859 0.2816
7.1201 5.4943 6.4859 0.2816
7.1201 5.4943 6.4859 0.2816
7.1201 5.4943 6.4859 0.2816
7.1201 5.4943 6.4868 0.2819
7.1201 5.4943 6.4868 0.2819
7.1201 5.4943 6.4868 0.2819
7.1201 5.4943 6.4879 0.2827
7.1201 5.4943 6.4882 0.2828
7.1201 5.4943 6.4883 0.2829
7.1201 5.4943 6.4883 0.2829
7.1201 5.4943 6.4883 0.2829
7.1201 5.4943 6.4883 0.2829
7.1201 5.4943 6.4883 0.2829
7.1201 5.4943 6.4883 0.2829
7.1201 5.4943 6.4883 0.2829
7.1201 5.4943 6.4893 0.2834
7.1201 5.4943 6.4896 0.2835
7.1201 5.4943 6.4897 0.2835
7.1201 5.4943 6.4898 0.2836
7.1201 5.4943 6.4953 0.2801
7.1201 5.4943 6.4953 0.2801
7.1201 5.4943 6.4953 0.2801
7.1201 5.4943 6.4953 0.2801
7.2667 5.4943 6.5018 0.2902
7.2667 5.4943 6.5018 0.2902
7.2667 5.4943 6.5018 0.2902
7.2667 5.4943 6.5054 0.2917
7.2667 5.4943 6.5054 0.2917
7.2667 5.4943 6.5054 0.2917
7.2667 5.4943 6.5141 0.2739
7.2667 5.4943 6.5141 0.2739
7.2667 5.4943 6.5141 0.2739
7.2667 5.4943 6.5141 0.2739
7.2667 5.4943 6.5151 0.2744
7.2667 5.4943 6.5151 0.2744
7.2667 5.4943 6.5151 0.2744
7.2667 5.4943 6.5151 0.2744
7.2667 5.4943 6.5151 0.2744
7.2667 5.4943 6.5151 0.2744
7.2667 5.4943 6.5181 0.2738
7.2667 5.4943 6.5185 0.2739
7.2667 5.4943 6.5198 0.2746
7.2667 5.4943 6.5198 0.2746
7.2667 5.4943 6.5200 0.2747
7.2667 5.4943 6.5204 0.2748
7.2667 5.4943 6.5204 0.2748
7.2667 5.4943 6.5204 0.2748
7.2667 5.4943 6.5226 0.2744
7.2667 5.4943 6.5228 0.2745
7.2667 5.4943 6.5231 0.2745
7.2667 5.4943 6.5231 0.2745
7.2667 5.4943 6.5231 0.2745
7.2667 5.4943 6.5308 0.2805
7.2667 5.4943 6.5308 0.2805
7.2667 5.4943 6.5389 0.2709
7.2667 5.4943 6.5403 0.2714
7.2667 5.4943 6.5405 0.2714
7.2667 5.4943 6.5405 0.2714
7.2667 5.4943 6.5437 0.2730
7.2667 5.4943 6.5493 0.2710
7.2667 5.4943 6.5493 0.2710
7.2667 5.4943 6.5499 0.2712
7.2667 5.4943 6.5499 0.2712
7.2667 5.4943 6.5501 0.2712
7.2667 5.4943 6.5501 0.2712
7.2667 5.4943 6.5501 0.2712
7.2667 5.4943 6.5522 0.2732
7.2667 5.4943 6.5522 0.2732
7.2667 5.4943 6.5523 0.2732
7.2667 5.4943 6.5523 0.2732
7.2667 5.4943 6.5527 0.2733
7.2667 5.4943 6.5527 0.2733
7.2667 5.4943 6.5527 0.2733
7.2667 5.4943 6.5535 0.2736
7.2667 5.4943 6.5535 0.2736
7.2667 5.4943 6.5535 0.2736
7.2667 5.4943 6.5535 0.2736
7.2667 5.4943 6.5536 0.2736
7.2667 5.4943 6.5543 0.2738
7.2667 5.4943 6.5543 0.2738
7.2667 5.4943 6.5547 0.2738
7.2667 5.4943 6.5623 0.2636
7.2667 5.4943 6.5623 0.2636
7.2667 5.4943 6.5625 0.2636
7.2667 5.4943 6.5629 0.2637
7.2667 5.4943 6.5640 0.2640
7.2667 5.4943 6.5640 0.2640
7.2667 5.4943 6.5640 0.2640
7.2667 5.4943 6.5642 0.2641
7.2667 5.4943 6.5642 0.2641
7.2667 5.4943 6.5676 0.2621
7.2667 5.4943 6.5676 0.2621
7.2667 5.4943 6.5678 0.2621
7.2667 5.4943 6.5678 0.2621
7.2667 5.4943 6.5786 0.2390
7.2667 5.4943 6.5786 0.2390
7.2667 5.4943 6.5786 0.2390
7.2667 5.4943 6.5786 0.2390
7.2667 5.4943 6.5872 0.2321
7.2667 5.4943 6.5885 0.2301
7.2667 5.4943 6.5885 0.2301
7.2667 5.4943 6.5908 0.2288
7.2667 5.4943 6.5908 0.2288
7.2667 5.4943 6.5908 0.2288
7.2667 5.4943 6.5908 0.2288
7.2667 5.4943 6.5908 0.2288
7.2667 5.4943 6.5908 0.2288
7.2667 5.4943 6.5917 0.2291
7.2667 5.4943 6.5917 0.2291
7.2667 5.4943 6.5917 0.2291
7.2667 5.4943 6.5917 0.2291
7.2667 5.4943 6.5922 0.2292
7.2667 5.4943 6.5922 0.2292
7.2667 5.4943 6.5922 0.2292
7.2667 5.4943 6.5922 0.2292
7.2667 5.4943 6.5922 0.2292
7.2667 5.4943 6.5922 0.2292
7.2667 5.4943 6.5932 0.2279
7.2667 5.4943 6.5940 0.2277
7.2667 5.4943 6.5940 0.2277
7.2667 5.4943 6.5940 0.2277
7.2667 5.4943 6.5982 0.2313
7.2667 5.4943 6.5993 0.2317
7.2667 5.4943 6.6011 0.2325
7.2667 5.4943 6.6011 0.2325
7.2667 5.4943 6.6011 0.2325
7.2667 5.4943 6.6034 0.2314
7.2667 5.4943 6.6034 0.2314
7.2667 5.4943 6.6034 0.2314
7.2667 5.4943 6.6034 0.2314
7.2667 5.4943 6.6061 0.2296
7.2667 5.4943 6.6075 0.2301
7.2667 5.4943 6.6075 0.2301
7.2667 5.4943 6.6075 0.2301
7.2667 5.4943 6.6075 0.2301
7.2667 5.4943 6.6087 0.2305
7.2667 5.4943 6.6089 0.2306
7.2667 5.4943 6.6098 0.2303
7.2667 5.4943 6.6098 0.2303
7.2667 5.4943 6.6153 0.2359
7.2667 5.4943 6.6153 0.2359
7.2667 5.4943 6.6153 0.2359
7.2667 5.4943 6.6153 0.2359
7.2667 5.4943 6.6153 0.2359
7.2667 5.4943 6.6153 0.2359
7.2667 5.4943 6.6192 0.2410
7.2667 5.4943 6.6192 0.2410
7.2667 5.4943 6.6235 0.2460
7.2667 5.4943 6.6235 0.2460
7.2667 5.4943 6.6253 0.2466
7.2667 5.4943 6.6304 0.2516
7.2667 5.4943 6.6304 0.2516
7.2667 5.4943 6.6304 0.2516
7.2667 5.4943 6.6304 0.2516
7.2667 5.4943 6.6326 0.2521
7.2667 5.4943 6.6332 0.2520
7.2667 5.4943 6.6332 0.2520
7.2667 5.4943 6.6332 0.2520
7.2667 5.4943 6.6332 0.2520
7.2667 5.4943 6.6332 0.2520
7.2667 5.4943 6.6341 0.2528
7.2667 5.4943 6.6372 0.2540
7.2667 5.4943 6.6426 0.2615
7.2667 5.4943 6.6426 0.2615
7.2667 5.4943 6.6439 0.2617
7.2667 5.4943 6.6439 0.2617
7.2667 5.4943 6.6443 0.2617
7.2667 5.4943 6.6443 0.2617
7.2667 5.4943 6.6464 0.2602
7.2667 5.4943 6.6464 0.2602
7.2667 5.4943 6.6464 0.2602
7.2667 5.4943 6.6464 0.2602
7.2667 5.4943 6.6464 0.2602
7.2667 5.4943 6.6464 0.2602
7.2667 5.4943 6.6464 0.2602
7.2667 5.4943 6.6464 0.2602
7.2667 5.4943 6.6464 0.2602
7.2667 5.4943 6.6464 0.2602
7.2667 5.4943 6.6485 0.2591
7.2667 5.4943 6.6510 0.2568
7.2667 5.4943 6.6510 0.2568
7.2667 5.4943 6.6510 0.2568
7.2667 5.4943 6.6573 0.2479
7.2667 5.4943 6.6587 0.2483
7.2667 5.4943 6.6587 0.2483
7.2667 5.4943 6.6592 0.2483
7.2667 5.4943 6.6609 0.2484
7.2667 5.4943 6.6609 0.2484
7.2667 5.4943 6.6609 0.2484
7.2667 5.4943 6.6609 0.2484
7.2667 5.4943 6.6609 0.2484
7.2667 5.4943 6.6609 0.2484
7.2667 5.4943 6.6614 0.2487
7.2667 5.4943 6.6635 0.2490
7.2667 5.4943 6.6643 0.2493
7.2667 5.4943 6.6643 0.2493
7.2667 5.4943 6.6663 0.2497
7.2667 5.4943 6.6683 0.2501
7.2667 5.4943 6.6696 0.2502
7.2667 5.4943 6.6696 0.2502
7.2667 5.4943 6.6696 0.2502
7.2667 5.4943 6.6758 0.2554
7.2667 5.4943 6.6758 0.2554
7.2667 5.4943 6.6783 0.2535
7.2667 5.4943 6.6783 0.2535
7.2667 5.4943 6.6797 0.2534
7.2667 5.4943 6.6812 0.2543
7.2667 5.4943 6.6812 0.2543
7.2667 5.4943 6.6812 0.2543
7.2667 5.4943 6.6812 0.2543
7.2667 5.4943 6.6818 0.2547
7.2667 5.4943 6.6837 0.2548
7.2667 5.4943 6.6837 0.2548
7.2667 5.4943 6.6837 0.2548
7.2667 5.4943 6.6843 0.2549
7.2667 5.4943 6.6843 0.2549
7.2667 5.4943 6.6867 0.2555
7.2667 5.4943 6.6942 0.2301
7.2667 5.4943 6.6942 0.2301
7.2667 5.4943 6.6942 0.2301
7.2667 5.4943 6.6955 0.2299
7.2667 5.4943 6.6955 0.2299
7.2667 5.4943 6.6973 0.2297
7.2667 5.4943 6.6973 0.2297
7.2667 5.4943 6.6988 0.2294
7.2667 5.4943 6.6988 0.2294
7.2667 6.1401 6.7096 0.1953
7.2667 6.1401 6.7102 0.1947
7.2667 6.1401 6.7115 0.1955
7.2667 6.1401 6.7136 0.1948
7.2667 6.1401 6.7183 0.1979
7.2667 6.1401 6.7196 0.1986
7.2667 6.1401 6.7196 0.1986
7.2667 6.1401 6.7196 0.1986
7.2667 6.1401 6.7196 0.1986
7.2667 6.1401 6.7283 0.1968
7.2667 6.1401 6.7283 0.1968
7.2667 6.1401 6.7326 0.2022
7.2667 6.1401 6.7328 0.2022
7.2667 6.1401 6.7328 0.2022
7.2667 6.1401 6.7328 0.2022
7.2667 6.1401 6.7360 0.1988
7.2667 6.1401 6.7365 0.1984
7.2667 6.1401 6.7365 0.1984
7.2667 6.1401 6.7377 0.1979
7.2667 6.1401 6.7386 0.1975
7.2667 6.1401 6.7386 0.1975
7.2667 6.1401 6.7386 0.1975
7.2667 6.1401 6.7386 0.1975
7.2667 6.1401 6.7405 0.1974
7.2667 6.1401 6.7405 0.1974
7.2667 6.1401 6.7405 0.1974
7.2667 6.1401 6.7407 0.1973
7.2667 6.1401 6.7412 0.1973
7.2667 6.1401 6.7412 0.1973
7.2667 6.1401 6.7432 0.1970
7.2667 6.1401 6.7432 0.1970
7.2667 6.1401 6.7444 0.1971
7.2667 6.1401 6.7449 0.1971
7.2667 6.1401 6.7450 0.1971
7.2667 6.1401 6.7450 0.1971
7.2667 6.1401 6.7450 0.1971
7.2667 6.1401 6.7450 0.1971
7.2667 6.1401 6.7473 0.2005
7.2667 6.1401 6.7473 0.2005
7.2667 6.1401 6.7477 0.2007
7.2667 6.1401 6.7477 0.2007
7.2667 6.1401 6.7524 0.1968
7.2667 6.1401 6.7524 0.1968
7.2667 6.1401 6.7538 0.1963
7.2667 6.1401 6.7552 0.1958
7.2667 6.1401 6.7552 0.1958
7.2667 6.1401 6.7589 0.2006
7.2667 6.1401 6.7589 0.2006
7.2667 6.1401 6.7608 0.2009
7.2667 6.1401 6.7611 0.2009
7.2667 6.1401 6.7625 0.1998
7.2667 6.1401 6.7660 0.2020
7.2667 6.1401 6.7660 0.2020
7.2667 6.1401 6.7660 0.2020
7.2667 6.1401 6.7660 0.2020
7.2667 6.1401 6.7708 0.2038
7.2667 6.1401 6.7727 0.2032
7.2667 6.1401 6.7727 0.2032
7.2667 6.1401 6.7727 0.2032
7.2667 6.1401 6.7727 0.2032
7.2667 6.1401 6.7757 0.2053
7.2667 6.1401 6.7757 0.2053
7.2667 6.1401 6.7758 0.2052
7.2667 6.1401 6.7758 0.2052
7.2667 6.1401 6.7758 0.2052
7.2667 6.1401 6.7780 0.2059
7.2667 6.1401 6.7780 0.2059
7.2667 6.1401 6.7809 0.2051
7.2667 6.1401 6.7823 0.2044
7.2667 6.1401 6.7826 0.2042
7.2667 6.1401 6.7826 0.2042
7.2667 6.1401 6.7826 0.2042
7.2667 6.1401 6.7862 0.2062
7.2667 6.1401 6.7862 0.2062
7.3130 6.1401 6.7934 0.2118
7.3130 6.1401 6.7936 0.2117
7.3130 6.1401 6.7945 0.2111
7.3130 6.1401 6.7945 0.2111
7.3130 6.1401 6.7945 0.2111
7.3130 6.1401 6.7945 0.2111
7.3130 6.1401 6.7945 0.2112
7.3130 6.1401 6.7945 0.2112
7.3130 6.1401 6.7945 0.2112
7.3130 6.1401 6.8001 0.2167
7.3130 6.1401 6.8001 0.2167
7.3130 6.1401 6.8019 0.2162
7.3130 6.1401 6.8074 0.2173
7.3208 6.1401 6.8094 0.2210
7.3208 6.1401 6.8113 0.2203
7.3208 6.1401 6.8113 0.2203
7.3208 6.1401 6.8113 0.2203
7.3208 6.1401 6.8130 0.2191
7.3208 6.1401 6.8150 0.2176
7.3208 6.1401 6.8150 0.2176
7.3208 6.1401 6.8150 0.2176
7.3208 6.1401 6.8150 0.2176
7.3208 6.1401 6.8150 0.2176
7.3208 6.1401 6.8150 0.2176
7.3208 6.1401 6.8163 0.2169
7.3208 6.1401 6.8165 0.2170
7.3208 6.1401 6.8165 0.2170
7.3208 6.1401 6.8165 0.2170
7.3208 6.1401 6.8165 0.2170
7.3208 6.1401 6.8204 0.2121
7.3208 6.1401 6.8239 0.2132
7.3208 6.1401 6.8240 0.2131
7.3208 6.1401 6.8242 0.2130
7.3208 6.1401 6.8245 0.2134
7.3208 6.1401 6.8245 0.2134
7.3208 6.1401 6.8294 0.2146
7.6964 6.1401 6.8375 0.2312
7.6964 6.1401 6.8375 0.2312
7.6964 6.1401 6.8430 0.2328
7.6964 6.1401 6.8430 0.2328
7.6964 6.1401 6.8430 0.2328
7.6964 6.1401 6.8430 0.2328
7.6964 6.1401 6.8444 0.2352
7.6964 6.1401 6.8446 0.2351
7.6964 6.1401 6.8446 0.2351
7.6964 6.1401 6.8446 0.2351
7.6964 6.1401 6.8446 0.2351
7.6964 6.1401 6.8446 0.2351
7.6964 6.1401 6.8461 0.2341
7.6964 6.1401 6.8461 0.2341
7.6964 6.1401 6.8461 0.2341
7.6964 6.1401 6.8491 0.2331
7.6964 6.1401 6.8492 0.2330
7.6964 6.1401 6.8528 0.2353
7.6964 6.1401 6.8572 0.2362
7.6964 6.1401 6.8600 0.2385
7.6964 6.1401 6.8600 0.2385
7.6964 6.1401 6.8614 0.2367
7.6964 6.1401 6.8614 0.2367
7.6964 6.1401 6.8614 0.2367
7.6964 6.1401 6.8616 0.2366
7.6964 6.1401 6.8672 0.2405
7.6964 6.1401 6.8672 0.2405
7.6964 6.1401 6.8673 0.2405
7.6964 6.1401 6.8673 0.2405
7.6964 6.1401 6.8676 0.2402
7.6964 6.1401 6.8699 0.2415
7.6964 6.1401 6.8722 0.2412
7.6964 6.1401 6.8731 0.2411
7.6964 6.1401 6.8738 0.2404
7.6964 6.1401 6.8738 0.2404
7.6964 6.1401 6.8768 0.2417
7.6964 6.1401 6.8776 0.2425
7.6964 6.1401 6.8823 0.2435
7.6964 6.1401 6.8828 0.2432
7.6964 6.1401 6.8884 0.2467
7.6964 6.1401 6.8884 0.2467
7.6964 6.1401 6.8884 0.2467
7.6964 6.1401 6.8884 0.2467
7.6964 6.1401 6.8884 0.2467
7.6964 6.1401 6.8926 0.2471
7.6964 6.1401 6.8945 0.2479
7.6964 6.1401 6.8945 0.2479
7.6964 6.1401 6.8948 0.2479
7.6964 6.1401 6.8965 0.2475
7.6964 6.1401 6.8982 0.2458
7.6964 6.1401 6.9027 0.2447
7.6964 6.1401 6.9089 0.2443
7.6964 6.1401 6.9089 0.2443
7.6964 6.1401 6.9117 0.2447
7.6964 6.5780 6.9218 0.2331
7.6964 6.5780 6.9218 0.2331
7.6964 6.5780 6.9218 0.2331
7.6964 6.5780 6.9230 0.2348
7.6964 6.5780 6.9230 0.2348
7.6964 6.5780 6.9230 0.2348
7.6964 6.5780 6.9230 0.2348
7.6964 6.5780 6.9230 0.2348
7.6964 6.5780 6.9260 0.2347
7.6964 6.5780 6.9304 0.2355
7.6964 6.5780 6.9304 0.2355
7.6964 6.5780 6.9304 0.2355
7.6964 6.5780 6.9322 0.2340
7.6964 6.5780 6.9328 0.2337
7.6964 6.5780 6.9328 0.2337
7.6964 6.5780 6.9328 0.2337
7.6964 6.5780 6.9328 0.2337
7.6964 6.5780 6.9328 0.2337
7.6964 6.5780 6.9354 0.2366
7.6964 6.5780 6.9362 0.2364
7.6964 6.5780 6.9362 0.2363
7.6964 6.5780 6.9387 0.2352
7.6964 6.5787 6.9418 0.2324
7.6964 6.5787 6.9429 0.2319
7.6964 6.5787 6.9435 0.2313
7.6964 6.5787 6.9435 0.2313
7.6964 6.5787 6.9435 0.2313
7.6964 6.5787 6.9435 0.2313
7.6964 6.5787 6.9435 0.2313
7.6964 6.5787 6.9436 0.2313
7.6964 6.5787 6.9440 0.2317
7.6964 6.5787 6.9486 0.2323
7.6964 6.5787 6.9506 0.2329
7.6964 6.5787 6.9517 0.2325
7.6964 6.5787 6.9535 0.2346
7.6964 6.5787 6.9535 0.2346
7.6964 6.5787 6.9556 0.2352
7.6964 6.5787 6.9606 0.2361
7.6964 6.5787 6.9637 0.2362
7.6964 6.5787 6.9638 0.2362
7.6964 6.5787 6.9640 0.2364
7.7017 6.5787 6.9679 0.2452
7.7017 6.5787 6.9679 0.2452
7.7017 6.5787 6.9702 0.2455
7.7017 6.5787 6.9723 0.2431
7.7017 6.5787 6.9723 0.2431
7.7017 6.5787 6.9768 0.2431
7.7017 6.5787 6.9792 0.2404
7.7017 6.5787 6.9792 0.2404
7.7017 6.5787 6.9827 0.2417
7.7017 6.5787 6.9827 0.2417
7.7017 6.5787 6.9885 0.2429
7.7017 6.5787 6.9886 0.2430
7.7017 6.5787 6.9939 0.2525
7.7017 6.5787 6.9945 0.2528
7.7017 6.5787 6.9982 0.2519
7.7017 6.5787 6.9992 0.2518
7.7017 6.5787 6.9994 0.2519
7.7017 6.5787 6.9994 0.2519
7.7017 6.5787 6.9998 0.2522
7.7017 6.5787 7.0011 0.2531
7.7017 6.5787 7.0044 0.2542
7.7017 6.5787 7.0044 0.2542
7.7017 6.5787 7.0053 0.2552
7.7017 6.5787 7.0083 0.2548
7.7017 6.5787 7.0104 0.2549
7.7017 6.5787 7.0108 0.2546
7.7017 6.5787 7.0108 0.2546
7.7017 6.5787 7.0163 0.2520
7.7017 6.5787 7.0168 0.2524
7.7017 6.5787 7.0239 0.2509
7.7017 6.5787 7.0239 0.2509
7.7017 6.5787 7.0239 0.2509
7.7017 6.5787 7.0239 0.2509
7.7017 6.5787 7.0239 0.2509
7.7017 6.5787 7.0255 0.2523
7.7113 6.5787 7.0306 0.2608
7.7113 6.5787 7.0357 0.2576
7.7113 6.5787 7.0357 0.2576
7.7113 6.5787 7.0397 0.2559
7.7113 6.5787 7.0397 0.2559
7.7113 6.5787 7.0397 0.2559
7.7113 6.5787 7.0431 0.2552
7.7113 6.5787 7.0437 0.2553
7.7113 6.5787 7.0437 0.2553
7.7113 6.5787 7.0437 0.2553
7.7113 6.5787 7.0483 0.2550
7.7113 6.5787 7.0483 0.2550
7.7113 6.5787 7.0552 0.2530
7.7113 6.5787 7.0611 0.2494
7.7113 6.5787 7.0624 0.2492
7.7113 6.5787 7.0658 0.2449
7.7113 6.5787 7.0658 0.2449
7.7113 6.5787 7.0684 0.2441
7.7113 6.5787 7.0684 0.2441
7.7113 6.5787 7.0684 0.2441
7.7113 6.5787 7.0741 0.2434
7.7113 6.5787 7.0771 0.2421
7.7113 6.5787 7.0781 0.2425
7.7113 6.5787 7.0796 0.2435
7.7113 6.5787 7.0815 0.2455
7.7113 6.5787 7.0849 0.2451
7.7113 6.5787 7.0855 0.2453
7.7113 6.5787 7.0855 0.2453
7.7113 6.5787 7.0855 0.2453
7.7113 6.5787 7.0900 0.2433
7.7113 6.5787 7.0900 0.2433
7.7113 6.5787 7.0912 0.2420
7.7113 6.5787 7.0960 0.2393
7.7113 6.5787 7.0964 0.2394
7.7113 6.5787 7.1006 0.2382
7.7113 6.5787 7.1006 0.2382
7.7113 6.5787 7.1020 0.2387
7.7113 6.5787 7.1020 0.2387
7.7113 6.5787 7.1020 0.2387
7.7113 6.5787 7.1020 0.2387
7.7265 6.5787 7.1060 0.2457
7.7265 6.5787 7.1073 0.2462
7.7265 6.5787 7.1079 0.2464
7.7265 6.5787 7.1090 0.2471
7.7971 6.5787 7.1138 0.2556
7.7971 6.5787 7.1138 0.2556
7.7971 6.5787 7.1160 0.2544
7.7971 6.5787 7.1209 0.2497
7.7971 6.5787 7.1233 0.2485
7.7971 6.5787 7.1279 0.2450
7.7971 6.5787 7.1279 0.2450
7.7971 6.5787 7.1365 0.2507
7.7971 6.5787 7.1365 0.2507
7.7971 6.5787 7.1371 0.2506
7.7971 6.5787 7.1371 0.2506
7.7971 6.5787 7.1371 0.2506
7.7971 6.5787 7.1383 0.2509
7.7971 6.5787 7.1386 0.2509
7.7971 6.5787 7.1386 0.2509
7.7971 6.5787 7.1386 0.2509
7.7971 6.5787 7.1406 0.2499
7.7971 6.5787 7.1419 0.2501
7.7971 6.5787 7.1419 0.2502
7.7971 6.5787 7.1419 0.2502
8.3051 6.5787 7.1554 0.2749
8.3051 6.5787 7.1554 0.2749
8.3051 6.5787 7.1554 0.2749
8.3051 6.5787 7.1554 0.2749
8.3051 6.5787 7.1568 0.2754
8.3051 6.5787 7.1568 0.2754
8.3051 6.5787 7.1568 0.2754
8.3051 6.5787 7.1568 0.2754
8.3051 6.5787 7.1568 0.2754
8.3051 6.5787 7.1596 0.2797
8.3051 6.5787 7.1596 0.2797
8.3051 6.5787 7.1610 0.2799
8.3051 6.5787 7.1610 0.2799
8.3051 6.5787 7.1623 0.2800
8.3051 6.5787 7.1631 0.2804
8.3051 6.5787 7.1668 0.2774
8.3051 6.5787 7.1691 0.2771
8.3051 6.5787 7.1691 0.2771
8.3051 6.5787 7.1705 0.2776
8.3051 6.5787 7.1711 0.2775
8.3051 6.5787 7.1735 0.2781
8.3051 6.5787 7.1735 0.2781
8.3051 6.5787 7.1736 0.2781
8.3051 6.5787 7.1736 0.2781
8.3051 6.5787 7.1742 0.2784
8.3051 6.5787 7.1742 0.2784
8.3051 6.5787 7.1742 0.2784
8.3051 6.5787 7.1745 0.2784
8.3051 6.5787 7.1775 0.2762
8.3051 6.5787 7.1814 0.2809
8.3051 6.5787 7.1814 0.2809
8.3051 6.5787 7.1814 0.2809
8.3051 6.5787 7.1828 0.2810
8.3051 6.5787 7.1855 0.2797
8.3063 6.5787 7.1960 0.3011
8.3063 6.5787 7.1960 0.3011
8.3063 6.5787 7.1960 0.3011
8.3063 6.5787 7.1992 0.3017
8.3063 6.5787 7.1992 0.3017
8.3063 6.5787 7.2012 0.3018
8.3063 6.5787 7.2052 0.3059
8.3063 6.5787 7.2052 0.3059
8.3063 6.5787 7.2052 0.3059
8.3063 6.5787 7.2056 0.3060
8.3063 6.5787 7.2056 0.3060
8.3063 6.5787 7.2056 0.3060
8.3063 6.5787 7.2056 0.3060
8.3063 6.5787 7.2096 0.3048
8.3063 6.5787 7.2111 0.3047
8.3063 6.5787 7.2111 0.3047
8.3063 6.5787 7.2169 0.3015
8.3063 6.5787 7.2222 0.2978
8.3063 6.5787 7.2223 0.2979
8.3063 6.5787 7.2237 0.2981
8.3063 6.5787 7.2244 0.2982
8.3063 6.5787 7.2247 0.2981
8.3063 6.5787 7.2247 0.2981
8.3063 6.5787 7.2247 0.2981
8.3063 6.5787 7.2247 0.2981
8.3063 6.5787 7.2255 0.2982
8.3063 6.5787 7.2264 0.2979
8.3063 6.5787 7.2278 0.2979
8.3063 6.5787 7.2278 0.2979
8.3063 6.5787 7.2279 0.2979
8.3063 6.5787 7.2326 0.2933
8.3063 6.5787 7.2360 0.2905
8.3063 6.5787 7.2362 0.2906
8.3063 6.5787 7.2362 0.2906
8.3063 6.5787 7.2362 0.2906
8.3063 6.5787 7.2369 0.2906
8.3063 6.5787 7.2369 0.2906
8.3063 6.5787 7.2462 0.3024
8.3063 6.5787 7.2466 0.3023
8.3063 6.5787 7.2479 0.3023
8.3063 6.5787 7.2479 0.3023
8.3063 6.5787 7.2479 0.3023
8.3063 6.5787 7.2479 0.3023
8.3063 6.5787 7.2480 0.3023
8.3063 6.5787 7.2480 0.3023
8.3063 6.5787 7.2480 0.3023
8.3063 6.5787 7.2503 0.3022
8.3063 6.5787 7.2503 0.3022
8.3063 6.5787 7.2503 0.3022
8.3063 6.5787 7.2520 0.3020
8.3063 6.5787 7.2548 0.2987
8.3063 6.5787 7.2591 0.3020
8.3063 6.5787 7.2595 0.3020
8.3063 6.5787 7.2595 0.3021
8.3063 6.5787 7.2670 0.3130
8.3063 6.5787 7.2716 0.3104
8.3063 6.5787 7.2730 0.3098
8.3063 6.5787 7.2747 0.3102
8.3063 6.5787 7.2761 0.3100
8.3063 6.5787 7.2761 0.3100
8.3063 6.5787 7.2763 0.3100
8.3063 6.5787 7.2806 0.3076
8.3063 6.5787 7.2843 0.3035
8.3063 6.5787 7.2843 0.3035
8.3063 6.5787 7.2857 0.3033
8.3063 6.5787 7.2860 0.3034
8.3063 6.5787 7.2919 0.2959
8.3063 6.5787 7.2919 0.2959
8.3063 6.5787 7.2919 0.2959
8.3063 6.5787 7.3013 0.3058
8.3063 6.5787 7.3015 0.3059
8.3063 6.5787 7.3035 0.3053
8.3063 6.5787 7.3060 0.3046
8.3063 6.5787 7.3068 0.3045
8.3063 6.5787 7.3068 0.3045
8.3063 6.5787 7.3086 0.3044
8.3063 6.5787 7.3087 0.3044
8.3063 6.5787 7.3087 0.3044
8.3063 6.5787 7.3131 0.3072
8.3063 6.5787 7.3131 0.3072
8.3063 6.5787 7.3132 0.3072
8.3063 6.5787 7.3168 0.3096
8.3063 6.5787 7.3210 0.3057
8.3063 6.6113 7.3279 0.2965
8.3063 6.6113 7.3280 0.2965
8.3063 6.6113 7.3281 0.2965
8.3063 6.6113 7.3317 0.3034
8.3063 6.6113 7.3322 0.3034
8.3063 6.6113 7.3428 0.3182
8.3063 6.6113 7.3428 0.3182
8.3063 6.6113 7.3428 0.3182
8.3063 6.6113 7.3428 0.3182
8.3063 6.6113 7.3428 0.3182
8.3063 6.6113 7.3436 0.3178
8.3063 6.6113 7.3480 0.3132
8.3063 6.6795 7.3551 0.3043
8.3063 6.6795 7.3559 0.3041
8.3063 6.6795 7.3563 0.3045
8.3063 6.6795 7.3563 0.3045
8.3063 6.6795 7.3563 0.3045
8.3063 6.6795 7.3564 0.3045
8.3063 6.6795 7.3564 0.3045
8.3063 6.6795 7.3659 0.3186
8.3063 6.6795 7.3702 0.3215
8.3063 6.6795 7.3728 0.3230
8.3063 6.6795 7.3728 0.3230
8.3063 6.6795 7.3728 0.3230
8.3063 6.6795 7.3751 0.3234
8.3063 6.6795 7.3751 0.3234
8.3063 6.6795 7.3751 0.3234
8.3063 6.6795 7.3785 0.3251
8.3063 6.6795 7.3785 0.3251
8.3063 6.6795 7.3785 0.3251
8.3063 6.6795 7.3785 0.3251
8.3063 6.6795 7.3893 0.3373
8.3063 6.6795 7.3917 0.3361
8.3063 6.6795 7.3917 0.3361
8.3063 6.6795 7.3917 0.3361
8.3063 6.6795 7.3917 0.3361
8.3063 6.6795 7.3930 0.3356
8.3063 6.6795 7.3952 0.3345
8.3063 6.6795 7.3952 0.3345
8.3063 6.6795 7.3977 0.3334
8.3063 6.6795 7.3977 0.3334
8.3063 6.6795 7.3977 0.3334
8.3063 6.6795 7.4036 0.3337
8.3063 6.6795 7.4129 0.3283
8.3063 6.6795 7.4129 0.3283
8.3063 6.6795 7.4141 0.3278
8.3063 6.7527 7.4208 0.3194
8.3063 6.7527 7.4208 0.3194
8.3063 6.7527 7.4255 0.3215
8.3063 6.7527 7.4272 0.3226
8.3063 6.7527 7.4304 0.3231
8.3063 6.7527 7.4314 0.3224
8.3063 6.7527 7.4348 0.3182
8.3063 6.7527 7.4423 0.3245
8.3063 6.7527 7.4423 0.3245
8.3063 6.7527 7.4423 0.3245
8.3063 6.7527 7.4443 0.3232
8.3063 6.7527 7.4444 0.3231
8.3063 6.7527 7.4444 0.3231
8.3063 6.7527 7.4447 0.3230
8.3063 6.9550 7.4489 0.3166
8.5279 6.9550 7.4562 0.3326
8.5279 6.9550 7.4645 0.3485
8.5279 6.9550 7.4652 0.3481
8.5279 6.9550 7.4671 0.3469
8.5279 6.9550 7.4754 0.3516
8.5279 6.9550 7.4794 0.3521
8.5279 6.9550 7.4794 0.3521
8.5279 6.9550 7.4806 0.3510
8.5279 6.9550 7.4864 0.3597
8.5279 6.9550 7.4885 0.3582
8.5279 6.9550 7.4888 0.3584
8.5279 6.9550 7.4890 0.3583
8.5279 6.9550 7.4897 0.3581
8.5279 6.9550 7.4897 0.3581
8.5279 6.9550 7.4951 0.3585
8.5279 6.9550 7.4951 0.3585
8.5279 6.9550 7.4951 0.3585
8.5279 6.9550 7.4990 0.3586
8.5279 6.9550 7.4990 0.3586
8.5279 6.9550 7.5060 0.3631
8.5279 6.9550 7.5060 0.3631
8.5279 6.9550 7.5060 0.3631
8.5279 6.9550 7.5060 0.3631
8.5279 6.9550 7.5075 0.3620
8.5279 6.9550 7.5143 0.3649
8.5279 6.9550 7.5145 0.3648
8.5279 6.9550 7.5145 0.3648
8.5279 6.9550 7.5147 0.3647
8.5279 6.9550 7.5196 0.3654
8.5279 7.0289 7.5227 0.3619
8.5279 7.0289 7.5227 0.3619
8.5279 7.0289 7.5227 0.3619
8.5279 7.0289 7.5227 0.3619
8.5279 7.0289 7.5231 0.3616
8.5279 7.0289 7.5231 0.3616
8.5279 7.0289 7.5231 0.3616
8.5279 7.0289 7.5237 0.3613
8.5279 7.0289 7.5247 0.3608
8.5279 7.0289 7.5247 0.3608
8.5279 7.0289 7.5247 0.3608
8.5279 7.0289 7.5247 0.3608
8.5279 7.0289 7.5247 0.3608
8.5279 7.0289 7.5247 0.3608
8.5279 7.0289 7.5251 0.3606
8.5279 7.0289 7.5251 0.3606
8.5279 7.0289 7.5259 0.3600
8.5279 7.0289 7.5318 0.3596
8.5279 7.0289 7.5318 0.3596
8.5279 7.0289 7.5318 0.3596
8.5279 7.0289 7.5318 0.3596
8.5279 7.0289 7.5394 0.3631
8.5279 7.0289 7.5494 0.3683
8.5279 7.0289 7.5535 0.3678
8.5279 7.0289 7.5536 0.3677
8.5279 7.0289 7.5536 0.3677
8.5279 7.0289 7.5546 0.3668
8.5279 7.0289 7.5546 0.3668
8.5279 7.0289 7.5552 0.3664
8.5279 7.0289 7.5552 0.3664
8.5279 7.0289 7.5552 0.3664
8.5279 7.0289 7.5552 0.3664
8.5279 7.0289 7.5553 0.3664
8.5279 7.0289 7.5553 0.3664
8.5279 7.0289 7.5557 0.3660
8.5279 7.0289 7.5557 0.3660
8.5279 7.0289 7.5653 0.3729
8.5279 7.0289 7.5660 0.3724
8.5279 7.0289 7.5665 0.3721
8.5279 7.0289 7.5706 0.3723
8.5279 7.0289 7.5706 0.3723
8.5279 7.0289 7.5724 0.3715
8.5279 7.0289 7.5724 0.3715
8.5279 7.0289 7.5724 0.3715
8.5279 7.0289 7.5726 0.3716
8.5279 7.0289 7.5726 0.3716
8.5279 7.0289 7.5755 0.3762
8.5279 7.0289 7.5764 0.3765
8.6991 7.0289 7.5862 0.3925
8.6991 7.0289 7.5897 0.3945
8.6991 7.0289 7.5954 0.4007
8.6991 7.0289 7.5954 0.4007
8.6991 7.0289 7.5958 0.4005
8.6991 7.0289 7.5958 0.4005
8.6991 7.0289 7.6017 0.4064
8.6991 7.0289 7.6019 0.4063
8.6991 7.0289 7.6188 0.4159
8.6991 7.0289 7.6286 0.4204
8.6991 7.0289 7.6286 0.4204
8.6991 7.0289 7.6286 0.4204
8.6991 7.0289 7.6286 0.4204
8.6991 7.0289 7.6345 0.4173
8.6991 7.0289 7.6365 0.4156
8.6991 7.0289 7.6374 0.4152
8.6991 7.0289 7.6374 0.4152
8.6991 7.0289 7.6374 0.4152
8.6991 7.0289 7.6442 0.4148
8.6991 7.0289 7.6455 0.4159
8.6991 7.0289 7.6455 0.4159
8.6991 7.0289 7.6530 0.4169
8.6991 7.0289 7.6541 0.4160
8.6991 7.0289 7.6541 0.4160
8.6991 7.0289 7.6541 0.4160
8.6991 7.0289 7.6552 0.4149
8.6991 7.0289 7.6602 0.4125
8.6991 7.0289 7.6602 0.4125
8.6991 7.0289 7.6661 0.4172
8.6991 7.0289 7.6661 0.4172
8.6991 7.0289 7.6661 0.4172
8.6991 7.0289 7.6697 0.4159
8.6991 7.0289 7.6697 0.4159
8.6991 7.0289 7.6710 0.4162
8.6991 7.0289 7.6710 0.4162
8.6991 7.0289 7.6710 0.4162
8.6991 7.0289 7.6720 0.4153
8.6991 7.0289 7.6731 0.4139
8.6991 7.0289 7.6731 0.4139
8.6991 7.0289 7.6731 0.4139
8.6991 7.0289 7.6731 0.4139
8.6991 7.0289 7.6731 0.4139
8.6991 7.0289 7.6731 0.4139
8.6991 7.0289 7.6731 0.4139
8.6991 7.0289 7.6731 0.4139
8.6991 7.0289 7.6731 0.4139
8.6991 7.0289 7.6746 0.4125
8.6991 7.0289 7.6779 0.4114
8.6991 7.0289 7.6845 0.4086
8.6991 7.0289 7.6846 0.4086
8.6991 7.0289 7.6846 0.4086
8.6991 7.0289 7.6846 0.4086
8.6991 7.0289 7.6846 0.4086
8.6991 7.0289 7.6969 0.4167
8.6991 7.0289 7.7022 0.4213
8.6991 7.0289 7.7022 0.4213
8.6991 7.0289 7.7022 0.4213
8.6991 7.0289 7.7022 0.4213
8.6991 7.0289 7.7022 0.4213
8.6991 7.0289 7.7050 0.4261
8.6991 7.0289 7.7050 0.4261
8.6991 7.0289 7.7050 0.4261
8.6991 7.0289 7.7050 0.4261
8.6991 7.0289 7.7050 0.4261
8.6991 7.0289 7.7130 0.4257
8.6991 7.0289 7.7234 0.4272
8.6991 7.0289 7.7305 0.4342
8.6991 7.0289 7.7305 0.4342
8.6991 7.0289 7.7305 0.4342
8.6991 7.0289 7.7305 0.4342
8.6991 7.0289 7.7326 0.4320
8.6991 7.0289 7.7337 0.4321
8.6991 7.0289 7.7402 0.4306
8.6991 7.0289 7.7402 0.4306
8.6991 7.0289 7.7446 0.4291
8.6991 7.0289 7.7453 0.4301
8.6991 7.0289 7.7486 0.4286
8.6991 7.0289 7.7486 0.4286
8.6991 7.0289 7.7486 0.4286
8.6991 7.0289 7.7486 0.4286
8.6991 7.0289 7.7486 0.4286
8.6991 7.0289 7.7486 0.4286
8.6991 7.0289 7.7486 0.4286
8.6991 7.0289 7.7486 0.4286
8.6991 7.0289 7.7591 0.4293
8.6991 7.0289 7.7600 0.4284
8.6991 7.0289 7.7600 0.4284
8.6991 7.1312 7.7630 0.4243
8.6991 7.1312 7.7630 0.4243
8.6991 7.1312 7.7631 0.4242
9.3559 7.1312 7.7787 0.4528
9.3559 7.1312 7.7787 0.4528
9.3559 7.1312 7.7787 0.4528
9.3559 7.1312 7.7787 0.4528
9.3559 7.1312 7.7802 0.4552
9.3559 7.1312 7.7802 0.4552
9.3559 7.1312 7.7802 0.4552
9.3559 7.1312 7.7802 0.4552
9.3559 7.1312 7.7806 0.4548
9.3559 7.1312 7.7806 0.4548
9.3559 7.1312 7.7829 0.4531
9.3559 7.1312 7.7829 0.4531
9.3559 7.1312 7.7886 0.4559
9.3559 7.1312 7.7886 0.4559
9.3559 7.1312 7.7886 0.4559
9.3559 7.1312 7.7979 0.4570
9.3559 7.1312 7.8039 0.4555
9.3559 7.1312 7.8039 0.4555
9.3559 7.1312 7.8039 0.4555
9.3559 7.1312 7.8039 0.4555
9.3559 7.1312 7.8088 0.4516
9.3559 7.1312 7.8184 0.4517
9.3559 7.1312 7.8232 0.4492
9.3559 7.1312 7.8328 0.4492
9.3559 7.1312 7.8328 0.4492
9.3559 7.1312 7.8383 0.4456
9.3559 7.1312 7.8476 0.4454
9.3559 7.1312 7.8485 0.4443
9.3559 7.1312 7.8536 0.4409
9.3559 7.1312 7.8629 0.4404
9.3559 7.1312 7.8629 0.4404
9.3559 7.1312 7.8629 0.4404
9.3559 7.1312 7.8629 0.4404
9.3559 7.1312 7.8650 0.4421
9.3559 7.1312 7.8709 0.4440
9.3559 7.1312 7.8804 0.4431
9.3559 7.1312 7.8804 0.4431
9.3559 7.1312 7.8827 0.4458
9.3559 7.1312 7.8827 0.4458
9.3559 7.1312 7.8905 0.4459
9.3559 7.1312 7.8925 0.4483
9.3559 7.1312 7.8925 0.4483
9.3559 7.1312 7.8985 0.4498
9.3559 7.1312 7.9023 0.4465
9.3559 7.1312 7.9127 0.4458
9.3559 7.1312 7.9167 0.4422
9.3559 7.1312 7.9216 0.4438
9.3559 7.1312 7.9289 0.4485
9.3559 7.1312 7.9311 0.4498
9.3559 7.1312 7.9314 0.4497
9.3559 7.1312 7.9314 0.4497
9.3559 7.1312 7.9410 0.4469
9.3559 7.1312 7.9410 0.4469
9.3559 7.1312 7.9482 0.4505
9.3559 7.1312 7.9482 0.4505
9.3559 7.1312 7.9482 0.4505
9.3559 7.1312 7.9482 0.4505
9.3559 7.1312 7.9576 0.4479
9.3559 7.1312 7.9576 0.4479
9.3559 7.1312 7.9590 0.4464
9.3559 7.1312 7.9639 0.4462
9.3559 7.1312 7.9647 0.4459
9.3559 7.1312 7.9659 0.4443
9.3559 7.1312 7.9659 0.4443
9.3559 7.1312 7.9659 0.4443
9.3559 7.1312 7.9660 0.4443
9.3559 7.2581 7.9732 0.4365
9.3559 7.2581 7.9732 0.4365
9.3559 7.2581 7.9732 0.4365
9.3559 7.2581 7.9732 0.4365
9.3559 7.2581 7.9732 0.4365
9.3559 7.2581 7.9791 0.4406
9.3559 7.2581 7.9791 0.4406
9.3559 7.2581 7.9791 0.4406
9.3559 7.2581 7.9794 0.4401
9.3559 7.2581 7.9821 0.4430
9.3559 7.2581 7.9821 0.4430
9.3559 7.2581 7.9821 0.4430
9.3559 7.2581 7.9843 0.4440
9.3559 7.2581 7.9843 0.4440
9.3559 7.2581 7.9857 0.4434
9.3559 7.2581 7.9952 0.4401
9.4114 7.2581 7.9960 0.4421
9.4114 7.2581 7.9960 0.4421
9.4114 7.2581 7.9960 0.4421
9.4114 7.2581 7.9960 0.4421
9.4114 7.2581 7.9960 0.4421
9.4114 7.2581 7.9960 0.4421
9.4114 7.2581 7.9980 0.4394
9.4114 7.2581 7.9991 0.4410
9.4114 7.2581 7.9991 0.4409
9.4114 7.2581 8.0072 0.4432
9.4114 7.2581 8.0116 0.4418
9.5689 7.2581 8.0132 0.4470
9.5689 7.2581 8.0141 0.4482
9.5689 7.2581 8.0141 0.4482
9.5689 7.2581 8.0185 0.4511
9.5689 7.2581 8.0185 0.4511
9.5689 7.2581 8.0192 0.4512
9.5689 7.2581 8.0210 0.4537
9.5689 7.2581 8.0210 0.4537
9.5689 7.2581 8.0210 0.4537
9.5689 7.2581 8.0210 0.4537
9.5689 7.2581 8.0304 0.4497
9.5689 7.2581 8.0320 0.4517
9.5689 7.2581 8.0320 0.4517
9.5689 7.2581 8.0407 0.4463
9.5689 7.2581 8.0407 0.4463
9.5689 7.2581 8.0447 0.4415
9.5689 7.2581 8.0517 0.4460
9.5689 7.2581 8.0530 0.4452
9.5689 7.2581 8.0530 0.4452
9.5689 7.2581 8.0530 0.4452
9.5689 7.2581 8.0530 0.4452
9.5689 7.2581 8.0553 0.4470
9.5689 7.2581 8.0553 0.4470
9.5689 7.2581 8.0553 0.4470
9.5689 7.2581 8.0639 0.4434
9.5689 7.2581 8.0661 0.4441
9.5689 7.2581 8.0661 0.4441
9.5689 7.2581 8.0661 0.4441
9.5689 7.2581 8.0680 0.4463
9.5689 7.2581 8.0707 0.4486
9.5689 7.2581 8.0715 0.4494
9.5689 7.2581 8.0715 0.4494
9.5689 7.2581 8.0715 0.4494
9.5689 7.2581 8.0715 0.4494
9.5689 7.2581 8.0719 0.4495
9.5689 7.2581 8.0719 0.4495
9.5689 7.2581 8.0719 0.4495
9.5689 7.2581 8.0719 0.4495
9.5689 7.2581 8.0764 0.4442
9.5689 7.2581 8.0764 0.4442
9.5689 7.2581 8.0844 0.4459
9.5689 7.2581 8.0844 0.4459
9.5689 7.2581 8.0844 0.4459
9.5689 7.2581 8.0884 0.4476
9.5689 7.2581 8.0884 0.4476
9.5689 7.2581 8.0884 0.4476
9.5689 7.2581 8.0884 0.4476
9.5689 7.2581 8.0936 0.4469
9.5689 7.2581 8.0995 0.4515
9.5689 7.2581 8.1002 0.4518
9.5689 7.2581 8.1002 0.4518
9.5689 7.2581 8.1002 0.4518
9.5689 7.2581 8.1002 0.4518
9.5689 7.2581 8.1083 0.4480
9.5689 7.2581 8.1083 0.4480
9.5689 7.2581 8.1083 0.4480
9.5689 7.2581 8.1083 0.4480
9.5689 7.2581 8.1083 0.4480
9.5689 7.2581 8.1148 0.4509
9.5689 7.2581 8.1196 0.4503
9.5689 7.2581 8.1203 0.4499
9.5689 7.2581 8.1203 0.4499
9.5689 7.2581 8.1279 0.4511
9.5689 7.2581 8.1279 0.4511
9.5689 7.2581 8.1279 0.4511
9.5689 7.2581 8.1279 0.4511
9.5689 7.2581 8.1279 0.4511
9.5689 7.2581 8.1324 0.4506
9.5689 7.2581 8.1447 0.4458
9.5689 7.2581 8.1452 0.4463
9.5689 7.2581 8.1458 0.4471
9.5689 7.2581 8.1458 0.4471
9.5689 7.2581 8.1458 0.4471
9.5689 7.2581 8.1460 0.4472
9.5689 7.2581 8.1508 0.4512
9.5689 7.2581 8.1537 0.4471
9.5689 7.2581 8.1575 0.4416
9.5689 7.2581 8.1575 0.4416
9.5689 7.2581 8.1575 0.4416
9.5689 7.2581 8.1578 0.4411
9.5689 7.2581 8.1596 0.4432
9.5689 7.2581 8.1596 0.4432
9.5689 7.2581 8.1596 0.4432
9.5689 7.2581 8.1739 0.4390
9.5689 7.2581 8.1740 0.4391
9.5689 7.2581 8.1740 0.4391
9.5696 7.2581 8.1866 0.4603
9.5696 7.2581 8.1866 0.4603
9.5696 7.2581 8.1866 0.4603
9.5696 7.2581 8.2095 0.4709
9.5696 7.2581 8.2095 0.4709
9.5696 7.2581 8.2197 0.4835
9.5696 7.2581 8.2225 0.4848
9.5696 7.2581 8.2428 0.4980
9.5696 7.2581 8.2430 0.4980
9.5696 7.2581 8.2475 0.5006
9.5696 7.2581 8.2503 0.5018
9.5696 7.2581 8.2503 0.5018
9.5696 7.2581 8.2503 0.5018
9.5696 7.2581 8.2503 0.5018
9.5696 7.2581 8.2503 0.5018
9.5696 7.2581 8.2504 0.5018
9.5696 7.2581 8.2601 0.5007
9.5696 7.2581 8.2627 0.4981
9.5696 7.2581 8.2627 0.4981
9.5696 7.2581 8.2699 0.4974
9.5696 7.2581 8.2699 0.4974
9.5696 7.2581 8.2699 0.4974
9.5696 7.2581 8.2699 0.4974
9.5696 7.2581 8.2699 0.4974
9.5696 7.2581 8.2699 0.4974
9.5696 7.2581 8.2700 0.4974
9.5696 7.2581 8.2700 0.4974
9.5696 7.2581 8.2886 0.5107
9.5696 7.2581 8.2928 0.5091
9.5696 7.2581 8.3055 0.5247
9.5696 7.2581 8.3066 0.5254
9.5696 7.2581 8.3071 0.5258
9.5696 7.2581 8.3160 0.5235
9.5696 7.2581 8.3160 0.5235
9.5696 7.2581 8.3287 0.5381
9.5696 7.2581 8.3435 0.5515
9.5696 7.2581 8.3660 0.5552
9.5696 7.2581 8.3661 0.5554
9.5696 7.2581 8.3688 0.5558
9.5696 7.2581 8.3741 0.5526
9.5696 7.3240 8.3844 0.5411
9.5696 7.3240 8.3879 0.5388
9.5696 7.3240 8.3879 0.5388
9.5696 7.3240 8.3879 0.5388
9.5696 7.3240 8.3887 0.5380
9.5696 7.3240 8.3887 0.5380
9.5696 7.3240 8.3909 0.5372
9.5696 7.3240 8.3909 0.5372
9.5696 7.3240 8.3919 0.5370
9.5696 7.3240 8.4012 0.5270
9.5696 7.3240 8.4012 0.5270
9.5696 7.3240 8.4012 0.5270
9.5696 7.3240 8.4012 0.5270
9.5696 7.3240 8.4012 0.5270
9.5696 7.3240 8.4138 0.5395
9.5696 7.3240 8.4220 0.5507
9.5696 7.3240 8.4282 0.5458
9.5696 7.3240 8.4394 0.5410
9.5696 7.3240 8.4394 0.5410
9.5696 7.3240 8.4394 0.5410
9.5696 7.3240 8.4394 0.5410
9.5696 7.3240 8.4394 0.5410
9.5696 7.3240 8.4394 0.5410
9.5696 7.3240 8.4394 0.5410
9.5696 7.3240 8.4470 0.5375
9.5696 7.3240 8.4520 0.5368
9.5696 7.3240 8.4639 0.5247
9.5696 7.3240 8.4639 0.5247
9.5696 7.3240 8.4655 0.5256
9.5696 7.3240 8.4682 0.5255
9.5696 7.3257 8.4824 0.5134
9.5696 7.3257 8.4911 0.5100
9.5696 7.3257 8.4934 0.5097
9.5696 7.3257 8.4934 0.5097
9.5696 7.3257 8.4934 0.5097
9.5696 7.3257 8.4942 0.5099
9.5696 7.3257 8.4967 0.5053
9.5696 7.3257 8.4990 0.5049
9.5696 7.3257 8.4990 0.5049
9.5696 7.3257 8.4990 0.5049
9.5696 7.3257 8.4993 0.5045
9.5696 7.3257 8.5010 0.5050
9.5703 7.3257 8.5010 0.5051
9.5703 7.3257 8.5010 0.5050
9.5703 7.3257 8.5094 0.4985
9.5703 7.3257 8.5094 0.4985
9.5703 7.3257 8.5133 0.4976
9.5703 7.3257 8.5149 0.4981
9.5703 7.3257 8.5149 0.4981
9.5703 7.3257 8.5160 0.4983
9.5703 7.3257 8.5254 0.4939
9.5703 7.3257 8.5269 0.4941
9.5703 7.3257 8.5292 0.4947
9.5703 7.3257 8.5383 0.4989
9.5703 7.3257 8.5429 0.4968
9.5703 7.3257 8.5429 0.4968
9.5703 7.3257 8.5429 0.4968
9.5703 7.3257 8.5429 0.4968
9.5703 7.3257 8.5429 0.4968
9.5703 7.3257 8.5527 0.4909
9.5703 7.3257 8.5587 0.4913
9.5703 7.3257 8.5587 0.4913
9.5741 7.3257 8.5670 0.5013
9.5741 7.3257 8.5670 0.5013
9.5741 7.3257 8.5670 0.5013
9.5741 7.3257 8.5670 0.5013
9.5741 7.3257 8.5670 0.5013
9.5741 7.3257 8.5710 0.5007
9.5741 7.3257 8.5715 0.5005
9.5741 7.3257 8.5715 0.5005
9.5741 7.3257 8.5755 0.4966
9.5741 7.3257 8.5769 0.4973
9.5741 7.3257 8.5769 0.4973
9.5741 7.3257 8.5868 0.5070
9.5741 7.3257 8.5912 0.5063
9.5741 7.3257 8.5912 0.5063
9.5741 7.3257 8.6038 0.5147
9.5741 7.3257 8.6040 0.5147
9.5741 7.3257 8.6040 0.5147
9.5741 7.3257 8.6083 0.5139
9.5741 7.3257 8.6083 0.5139
9.5741 7.3257 8.6083 0.5139
9.5741 7.3257 8.6083 0.5139
9.5741 7.3257 8.6083 0.5139
9.5741 7.3257 8.6083 0.5139
9.5741 7.3257 8.6181 0.4989
9.5741 7.3257 8.6280 0.5078
9.5741 7.3257 8.6285 0.5078
9.5741 7.3257 8.6285 0.5078
9.5741 7.3257 8.6285 0.5078
9.5741 7.3257 8.6285 0.5078
9.5741 7.3257 8.6423 0.5145
9.5741 7.3257 8.6423 0.5145
9.5741 7.3257 8.6446 0.5145
9.5741 7.3257 8.6446 0.5145
9.5782 7.3257 8.6446 0.5146
9.5782 7.3257 8.6446 0.5146
9.5782 7.3257 8.6550 0.5226
9.5782 7.3257 8.6550 0.5226
9.5782 7.3257 8.6613 0.5267
9.5782 7.3257 8.6658 0.5255
9.5782 7.3257 8.6735 0.5211
9.5782 7.3257 8.6741 0.5212
9.5782 7.3257 8.6867 0.5274
9.5782 7.3257 8.6868 0.5274
9.5782 7.3257 8.6929 0.5311
9.5782 7.3257 8.6929 0.5311
9.5782 7.3257 8.6929 0.5311
9.5782 7.3257 8.6929 0.5311
9.5782 7.3257 8.7049 0.5371
9.5782 7.3257 8.7049 0.5371
9.5782 7.3257 8.7069 0.5368
9.5782 7.3257 8.7069 0.5368
9.5782 7.3257 8.7069 0.5368
9.5782 7.3257 8.7069 0.5368
9.5782 7.3257 8.7069 0.5368
9.5782 7.3257 8.7071 0.5371
9.5782 7.3257 8.7071 0.5371
9.5782 7.3257 8.7115 0.5356
9.5782 7.3257 8.7115 0.5356
9.5782 7.3257 8.7141 0.5354
9.5782 7.3257 8.7186 0.5339
9.5782 7.3257 8.7239 0.5325
9.5782 7.3257 8.7239 0.5325
9.5782 7.3257 8.7239 0.5325
9.5782 7.3257 8.7286 0.5329
9.5782 7.3257 8.7286 0.5329
9.5782 7.3257 8.7287 0.5330
9.5782 7.3257 8.7292 0.5331
9.5782 7.3257 8.7322 0.5315
9.5782 7.3257 8.7407 0.5380
9.5782 7.3257 8.7501 0.5441
9.5782 7.3257 8.7535 0.5425
9.5782 7.3257 8.7535 0.5425
9.5782 7.3257 8.7616 0.5486
9.5782 7.3257 8.7617 0.5486
9.5782 7.3257 8.7617 0.5486
9.5782 7.3257 8.7743 0.5525
9.5782 7.3257 8.7743 0.5525
9.5797 7.3257 8.7827 0.5584
9.5797 7.3257 8.7828 0.5583
9.5797 7.3257 8.7828 0.5583
9.5797 7.3257 8.7841 0.5580
9.5797 7.3257 8.7858 0.5582
9.5797 7.3257 8.7858 0.5582
9.5797 7.3257 8.7859 0.5582
9.5797 7.3257 8.7859 0.5582
9.5797 7.3257 8.7926 0.5516
9.5797 7.3257 8.7926 0.5516
9.5797 7.3257 8.8009 0.5570
9.5797 7.3257 8.8135 0.5599
9.5797 7.3257 8.8135 0.5599
9.5797 7.3257 8.8176 0.5577
9.5797 7.3257 8.8176 0.5577
9.5797 7.3257 8.8303 0.5602
9.5797 7.3257 8.8303 0.5602
9.5797 7.3257 8.8308 0.5600
9.5797 7.3257 8.8309 0.5600
9.5797 7.3257 8.8322 0.5600
9.5797 7.3257 8.8322 0.5600
9.5797 7.3257 8.8448 0.5623
9.5797 7.3257 8.8538 0.5457
9.5797 7.3257 8.8543 0.5455
9.5797 7.3257 8.8543 0.5455
9.5797 7.3257 8.8543 0.5455
9.5797 7.3257 8.8567 0.5440
9.5797 7.6324 8.8759 0.5231
9.5797 7.6324 8.8765 0.5229
9.5797 7.6324 8.8793 0.5206
9.5797 7.6324 8.8836 0.5176
9.5797 7.6324 8.8838 0.5178
9.5797 7.6324 8.8875 0.5150
9.5797 7.6324 8.8875 0.5150
9.5797 7.6324 8.8984 0.5178
9.5797 7.6324 8.9066 0.5218
9.5797 7.6324 8.9067 0.5220
9.5797 7.6324 8.9067 0.5220
9.5797 7.6324 8.9067 0.5220
9.5797 7.6324 8.9067 0.5220
9.5797 7.6324 8.9067 0.5219
9.5797 7.6324 8.9110 0.5204
9.5797 7.6324 8.9110 0.5204
9.5797 7.6324 8.9110 0.5204
9.5797 7.6324 8.9110 0.5204
9.5797 7.6324 8.9110 0.5204
9.5797 7.6324 8.9110 0.5204
9.5797 7.6324 8.9156 0.5169
9.5797 7.6324 8.9195 0.5162
9.5797 7.6324 8.9348 0.5027
9.5797 7.6324 8.9348 0.5027
9.5797 7.6324 8.9427 0.5024
9.5797 7.6324 8.9427 0.5024
9.5797 7.6324 8.9608 0.4921
9.5797 7.6324 8.9793 0.4795
9.5797 7.6324 8.9857 0.4830
9.5797 7.6324 8.9946 0.4855
9.5797 7.6324 9.0013 0.4888
9.5797 7.6324 9.0048 0.4870
9.5797 7.6324 9.0048 0.4870
9.5797 7.6324 9.0081 0.4834
9.5797 7.6324 9.0162 0.4859
9.5797 7.6324 9.0162 0.4859
9.5797 7.6324 9.0162 0.4859
9.5797 7.6324 9.0162 0.4859
9.5797 7.6324 9.0166 0.4856
9.5797 7.6324 9.0166 0.4856
9.5797 7.6324 9.0166 0.4856
9.5797 7.6324 9.0230 0.4886
9.5797 7.6324 9.0286 0.4917
9.5797 7.6324 9.0286 0.4917
9.5797 7.6324 9.0301 0.4916
9.5797 7.6324 9.0301 0.4916
9.5818 7.6324 9.0429 0.4893
9.5818 7.6324 9.0429 0.4893
9.5818 7.6324 9.0501 0.4917
9.5818 7.6324 9.0501 0.4917
9.5818 7.6324 9.0585 0.4933
9.5818 7.6324 9.0683 0.4936
9.5818 7.6324 9.0772 0.4876
9.5818 7.6324 9.0804 0.4898
9.5818 7.6324 9.0804 0.4898
9.5818 7.6324 9.0898 0.4901
9.5818 7.6324 9.0992 0.4902
9.5818 7.6324 9.0992 0.4902
9.5818 7.6324 9.1027 0.4877
9.5818 7.6324 9.1053 0.4895
9.5818 7.6324 9.1054 0.4896
9.5818 7.6324 9.1054 0.4896
9.5818 7.6324 9.1054 0.4896
9.5818 7.6324 9.1143 0.4899
9.5818 7.6324 9.1143 0.4899
9.5818 7.6324 9.1270 0.4851
9.5818 7.6324 9.1350 0.4857
9.5818 7.6324 9.1449 0.4845
9.5818 7.6324 9.1449 0.4845
9.5818 7.6324 9.1530 0.4848
9.5830 7.6324 9.1530 0.4848
9.5830 7.6324 9.1581 0.4731
9.5830 7.6324 9.1581 0.4731
9.5830 7.6324 9.1581 0.4731
9.5830 7.6324 9.1581 0.4731
9.5830 7.6324 9.1581 0.4731
9.5830 7.6324 9.1668 0.4726
9.5830 7.6324 9.1749 0.4725
9.5830 7.6324 9.1835 0.4718
9.5830 7.6324 9.1835 0.4718
9.5830 7.6324 9.1860 0.4732
9.5830 7.6324 9.1860 0.4732
9.5830 7.6324 9.1860 0.4732
9.5830 7.6324 9.1860 0.4732
9.5830 7.6324 9.1886 0.4745
9.5830 7.6324 9.1984 0.4721
9.5830 7.6324 9.1984 0.4721
9.5830 7.6324 9.1986 0.4722
9.5830 7.6324 9.2074 0.4707
9.5830 7.6324 9.2200 0.4633
9.5830 7.6324 9.2200 0.4633
9.5830 7.6324 9.2281 0.4623
9.5830 7.6324 9.2363 0.4609
9.5830 7.6324 9.2463 0.4575
9.5830 7.6324 9.2463 0.4575
9.5830 7.6324 9.2463 0.4575
9.5830 7.6324 9.2463 0.4575
9.5830 7.6324 9.2463 0.4575
9.5830 7.6324 9.2463 0.4575
9.5830 7.6324 9.2463 0.4575
9.5830 7.6324 9.2557 0.4543
9.5830 7.6324 9.2557 0.4543
9.5830 7.6324 9.2557 0.4543
9.5830 7.6324 9.2635 0.4530
9.5830 7.6324 9.2731 0.4488
9.5830 7.6324 9.2820 0.4458
9.5830 7.6324 9.2859 0.4389
9.5830 7.6324 9.2953 0.4349
9.5830 7.6324 9.2953 0.4349
9.5830 7.6324 9.2953 0.4349
9.5830 7.6324 9.2954 0.4349
9.5901 7.6324 9.2956 0.4351
9.5901 7.6324 9.2956 0.4351
9.5901 7.6324 9.2956 0.4351
9.5901 7.6324 9.2958 0.4352
9.5901 7.6324 9.2958 0.4352
9.5901 7.6324 9.2958 0.4352
9.5901 7.6324 9.3039 0.4326
9.5901 7.6324 9.3039 0.4326
9.5901 7.6324 9.3039 0.4326
9.5901 7.6324 9.3039 0.4326
9.5901 7.6324 9.3040 0.4326
9.5901 7.6324 9.3139 0.4272
9.5901 7.6324 9.3225 0.4235
9.5901 7.6324 9.3225 0.4235
9.5901 7.6324 9.3309 0.4204
9.5901 7.6324 9.3309 0.4204
9.5901 7.6324 9.3397 0.4160
9.5901 7.6324 9.3462 0.4147
9.5901 7.6324 9.3462 0.4147
9.5901 7.6324 9.3511 0.4144
9.5901 7.6324 9.3511 0.4144
9.5901 7.6324 9.3511 0.4144
9.5901 7.6324 9.3511 0.4144
9.5901 7.6324 9.3511 0.4144
9.5901 7.6324 9.3513 0.4145
9.5901 7.6324 9.3513 0.4145
9.5901 7.6324 9.3515 0.4146
9.5901 7.6324 9.3517 0.4147
9.5901 7.6324 9.3547 0.4105
9.5901 7.6324 9.3547 0.4105
9.5901 7.6324 9.3547 0.4105
9.5901 7.6324 9.3628 0.4066
9.5901 7.6324 9.3628 0.4066
9.5901 7.6324 9.3628 0.4066
9.5901 7.6324 9.3628 0.4066
9.5901 7.6324 9.3628 0.4066
9.5901 7.6324 9.3629 0.4067
9.5901 7.6324 9.3629 0.4067
9.5901 7.6324 9.3713 0.4025
9.6191 7.6324 9.3716 0.4026
9.6191 7.6324 9.3716 0.4027
9.6191 7.6324 9.3716 0.4027
9.6191 7.6324 9.3716 0.4027
9.6191 7.6324 9.3742 0.4031
9.6191 7.6324 9.3742 0.4031
9.6377 7.6324 9.3744 0.4032
9.6377 7.6324 9.3744 0.4032
9.6377 7.6324 9.3744 0.4032
9.6377 7.6324 9.3744 0.4032
9.6377 7.6324 9.3747 0.4030
9.6377 7.6324 9.3747 0.4030
9.6377 7.6324 9.3747 0.4030
9.6377 7.6324 9.3749 0.4031
9.6377 7.6324 9.3749 0.4031
9.6377 7.6324 9.3749 0.4031
9.6377 7.6324 9.3749 0.4031
9.6377 7.6324 9.3750 0.4031
9.6377 7.6324 9.3771 0.3997
9.6377 7.6324 9.3840 0.3970
9.6377 7.6324 9.3840 0.3970
9.6377 7.6324 9.3968 0.3823
9.6377 7.6324 9.3968 0.3823
9.6377 7.6324 9.3976 0.3819
9.6377 7.6324 9.3976 0.3819
9.6377 7.6324 9.3977 0.3820
9.6377 7.6324 9.3977 0.3820
9.6377 7.6324 9.3977 0.3820
9.6377 7.6324 9.3977 0.3820
9.6377 7.6324 9.3978 0.3820
9.6377 7.6324 9.4009 0.3822
9.6377 7.6324 9.4009 0.3822
9.6377 7.6324 9.4010 0.3823
9.6377 7.6324 9.4010 0.3823
9.6377 7.6324 9.4011 0.3823
9.6377 7.6324 9.4011 0.3823
9.6377 7.6324 9.4011 0.3823
9.6377 7.6324 9.4017 0.3826
9.6377 7.6324 9.4017 0.3826
9.6377 7.6324 9.4017 0.3826
9.6377 7.6324 9.4017 0.3826
9.6377 7.6324 9.4017 0.3826
9.6377 7.6324 9.4017 0.3826
9.6377 7.6324 9.4018 0.3827
9.6377 7.6324 9.4018 0.3827
9.6377 7.6324 9.4081 0.3800
9.6377 7.6324 9.4081 0.3800
9.6377 7.6324 9.4161 0.3749
9.6377 7.6324 9.4161 0.3749
9.6377 7.6324 9.4249 0.3679
9.6377 7.6324 9.4313 0.3648
9.6377 7.6324 9.4407 0.3560
9.6377 7.6324 9.4407 0.3560
9.6377 7.6324 9.4407 0.3560
9.6377 7.6324 9.4541 0.3376
9.6377 7.6324 9.4605 0.3336
9.6377 7.6324 9.4605 0.3336
9.6377 7.6324 9.4606 0.3337
9.6377 7.6324 9.4606 0.3337
9.6377 7.6324 9.4669 0.3300
9.6377 7.6324 9.4753 0.3216
9.6377 7.6324 9.4858 0.3073
9.6377 7.6324 9.4858 0.3073
9.6377 7.6324 9.4858 0.3073
9.6377 7.6324 9.4931 0.3006
9.6377 7.6324 9.4931 0.3006
9.6377 7.6324 9.4931 0.3006
9.6377 7.6324 9.4932 0.3006
9.6377 7.6324 9.4932 0.3006
9.6377 7.6324 9.4932 0.3006
9.6377 7.6324 9.4932 0.3006
9.6377 7.6324 9.4932 0.3006
9.6377 7.6324 9.4932 0.3006
9.6377 7.6324 9.4932 0.3006
9.6377 7.6324 9.4933 0.3006
9.6377 7.6324 9.4933 0.3006
9.6377 7.6324 9.4934 0.3007
9.6377 7.6324 9.4934 0.3007
9.6377 7.6324 9.4935 0.3007
9.6377 7.6324 9.4936 0.3007
9.6377 7.6324 9.4936 0.3007
9.6377 7.6324 9.5061 0.2768
9.6377 7.6324 9.5061 0.2768
9.6377 7.6324 9.5061 0.2768
9.6377 7.6324 9.5066 0.2758
9.6377 7.6324 9.5066 0.2758
9.6377 7.6324 9.5066 0.2758
9.6377 7.6324 9.5066 0.2758
9.6377 7.6324 9.5068 0.2758
9.6377 7.6324 9.5068 0.2758
9.6377 7.6324 9.5068 0.2758
9.6377 7.6324 9.5068 0.2758
9.6377 7.6324 9.5068 0.2758
9.6377 7.6324 9.5068 0.2758
9.6377 7.6324 9.5069 0.2759
9.6377 7.6324 9.5074 0.2760
9.6377 7.6324 9.5075 0.2761
9.6377 7.6324 9.5076 0.2761
9.6377 7.6324 9.5076 0.2761
9.6377 7.6324 9.5076 0.2761
9.6377 7.6324 9.5076 0.2761
9.6377 7.6324 9.5076 0.2761
9.6377 7.6324 9.5076 0.2761
9.6377 7.6324 9.5076 0.2761
9.6377 7.6324 9.5076 0.2761
9.6377 7.6324 9.5081 0.2763
9.6377 7.6324 9.5081 0.2763
9.6377 7.6324 9.5081 0.2763
9.6377 7.6324 9.5081 0.2763
9.6377 7.6324 9.5086 0.2765
9.6377 7.6324 9.5086 0.2765
9.6377 7.6324 9.5087 0.2765
9.6377 7.6324 9.5093 0.2767
9.6377 7.6324 9.5093 0.2767
9.6377 7.6324 9.5093 0.2767
9.6521 7.6324 9.5100 0.2770
9.6521 7.6324 9.5229 0.2483
9.6521 7.6324 9.5229 0.2483
9.6521 7.6324 9.5229 0.2483
9.6521 7.6324 9.5229 0.2483
9.7557 7.6324 9.5329 0.2371
9.7557 7.6324 9.5333 0.2372
9.7557 7.6324 9.5333 0.2372
9.7557 7.6324 9.5334 0.2372
9.7557 7.6324 9.5334 0.2372
9.7557 7.6324 9.5335 0.2372
9.7557 7.6324 9.5335 0.2372
9.7557 7.6324 9.5338 0.2373
9.7557 7.6324 9.5338 0.2373
9.7557 7.6324 9.5338 0.2373
9.7557 7.6324 9.5338 0.2373
9.7557 7.6324 9.5338 0.2373
9.7557 7.6324 9.5338 0.2373
9.7557 7.6324 9.5338 0.2373
9.7557 7.6324 9.5339 0.2373
9.7557 7.6324 9.5343 0.2374
9.7557 7.6324 9.5349 0.2376
9.7557 7.6324 9.5349 0.2376
9.7557 7.6324 9.5349 0.2376
9.7557 7.6324 9.5349 0.2376
9.7557 7.6324 9.5349 0.2376
9.7557 7.6324 9.5349 0.2376
9.7557 7.6324 9.5349 0.2376
9.7557 8.7532 9.5544 0.1410
9.7557 8.7532 9.5544 0.1410
9.7557 8.7532 9.5545 0.1411
9.7557 8.7532 9.5545 0.1411
9.7557 8.7532 9.5545 0.1411
9.7557 8.7532 9.5545 0.1411
9.7557 8.7532 9.5545 0.1411
9.7557 8.7532 9.5552 0.1413
9.7557 8.7532 9.5552 0.1413
9.7557 8.7532 9.5552 0.1413
9.7557 8.7532 9.5555 0.1414
9.7557 8.7532 9.5555 0.1414
9.7557 8.7532 9.5556 0.1414
9.7557 8.7532 9.5556 0.1414
9.7557 8.7532 9.5557 0.1414
9.7557 8.7532 9.5576 0.1428
9.7557 8.7532 9.5576 0.1428
9.7557 8.7532 9.5579 0.1429
9.7557 8.7532 9.5652 0.1236
9.7557 8.7532 9.5652 0.1236
9.7557 8.7532 9.5654 0.1236
9.7557 8.7532 9.5654 0.1236
9.7557 8.7532 9.5654 0.1236
9.7557 8.7532 9.5654 0.1236
9.7557 8.7532 9.5654 0.1236
9.8064 8.7532 9.5688 0.1278
9.8064 8.7532 9.5693 0.1280
9.8064 8.7532 9.5693 0.1280
9.8064 8.7532 9.5693 0.1280
9.8064 8.7532 9.5694 0.1280
9.8064 8.7532 9.5696 0.1280
9.8064 8.7532 9.5696 0.1280
9.8064 8.7532 9.5696 0.1280
9.8064 8.7532 9.5701 0.1282
9.8064 8.7532 9.5701 0.1282
9.8064 8.7532 9.5701 0.1282
9.8064 8.7532 9.5710 0.1285
9.8064 8.7532 9.5710 0.1285
9.8064 8.7532 9.5710 0.1285
9.8064 8.7532 9.5710 0.1285
9.8064 8.7532 9.5710 0.1285
9.8064 8.7532 9.5710 0.1285
9.8064 8.7532 9.5710 0.1285
9.8064 8.7532 9.5710 0.1285
9.8064 8.7532 9.5711 0.1286
9.8064 8.7532 9.5711 0.1286
9.8064 8.7532 9.5711 0.1286
9.8064 8.7532 9.5711 0.1286
9.8064 8.7532 9.5743 0.1243
9.8064 8.7532 9.5743 0.1243
9.8064 8.7532 9.5744 0.1243
9.8064 8.7532 9.5744 0.1243
9.8064 8.7532 9.5744 0.1243
9.8064 8.7532 9.5751 0.1245
9.8064 8.7532 9.5752 0.1245
9.8064 8.7532 9.5752 0.1245
9.8064 8.7532 9.5752 0.1245
9.8064 8.7532 9.5755 0.1245
9.8064 8.7532 9.5755 0.1245
9.8064 8.7532 9.5762 0.1248
9.8064 8.7532 9.5762 0.1248
9.8064 8.7532 9.5764 0.1248
9.8064 8.7532 9.5766 0.1248
9.8064 8.7532 9.5766 0.1248
9.8064 8.7532 9.5766 0.1248
9.8064 8.7532 9.5766 0.1248
9.8064 8.7532 9.5767 0.1248
9.8064 8.7532 9.5767 0.1248
9.8064 8.7532 9.5767 0.1248
9.8064 8.7532 9.5768 0.1248
9.8064 8.7532 9.5768 0.1248
9.8064 8.7532 9.5768 0.1248
9.8064 8.7532 9.5768 0.1248
9.8064 8.7532 9.5791 0.1269
9.8064 8.7532 9.5792 0.1269
9.8064 8.7532 9.5793 0.1269
9.8064 8.7532 9.5793 0.1269
9.8064 8.7532 9.5793 0.1269
9.8064 8.7532 9.5793 0.1269
9.8064 8.7532 9.5793 0.1269
9.8064 8.7532 9.5793 0.1269
9.8064 8.7532 9.5800 0.1271
9.8064 8.7532 9.5800 0.1271
9.8064 8.7532 9.5801 0.1270
9.8064 8.7532 9.5806 0.1272
9.8064 8.7532 9.5806 0.1272
9.8064 8.7532 9.5806 0.1272
9.8064 8.7532 9.5879 0.1035
9.8064 8.7532 9.5879 0.1035
9.8064 8.7532 9.5879 0.1035
9.8064 8.7532 9.5879 0.1035
9.8064 8.7532 9.5879 0.1035
9.8064 8.7532 9.5885 0.1036
9.8064 8.7532 9.5885 0.1036
9.8064 8.7532 9.5885 0.1036
9.8064 8.7532 9.5891 0.1037
9.8064 8.7532 9.5909 0.1050
9.8064 8.7532 9.5910 0.1050
9.8064 8.7532 9.5923 0.1062
9.8064 8.7532 9.5923 0.1062
9.8064 8.7532 9.5923 0.1062
9.8064 8.7532 9.5923 0.1062
9.8064 8.7532 9.5923 0.1062
9.8064 8.7532 9.5923 0.1062
9.8064 8.7532 9.5923 0.1062
9.8064 8.7532 9.5923 0.1062
9.8064 8.7532 9.5923 0.1062
9.8064 8.7532 9.5929 0.1065
9.8064 8.7532 9.5931 0.1066
9.8064 8.7532 9.5951 0.1081
9.8064 8.7532 9.5960 0.1083
9.8064 8.7532 9.5960 0.1083
9.8064 8.7532 9.5960 0.1083
9.8064 8.7532 9.5960 0.1083
9.8064 9.2465 9.6029 0.0695
9.8064 9.2465 9.6029 0.0695
9.8064 9.2465 9.6033 0.0695
9.8064 9.2465 9.6033 0.0695
9.8064 9.2465 9.6033 0.0695
9.8064 9.2465 9.6034 0.0695
9.8064 9.4404 9.6067 0.0596
9.8064 9.4404 9.6067 0.0596
9.8064 9.4404 9.6067 0.0596
9.8064 9.4404 9.6079 0.0614
9.8064 9.4404 9.6084 0.0616
9.8064 9.4404 9.6086 0.0615
9.8064 9.5696 9.6099 0.0592
9.8064 9.5696 9.6099 0.0592
9.8064 9.5696 9.6099 0.0592
9.8064 9.5696 9.6099 0.0592
9.8064 9.5696 9.6099 0.0592
9.8064 9.5696 9.6099 0.0592
9.8064 9.5696 9.6101 0.0591
9.8064 9.5696 9.6103 0.0590
9.8064 9.5696 9.6103 0.0590
9.8064 9.5696 9.6114 0.0592
9.8064 9.5696 9.6114 0.0592
9.8064 9.5696 9.6114 0.0592
9.8064 9.5696 9.6114 0.0592
9.8064 9.5696 9.6114 0.0592
9.8064 9.5696 9.6115 0.0592
9.8064 9.5696 9.6115 0.0592
9.8064 9.5696 9.6115 0.0591
9.8064 9.5696 9.6115 0.0591
9.8064 9.5696 9.6115 0.0591
9.8064 9.5696 9.6119 0.0590
9.8064 9.5696 9.6142 0.0620
9.8064 9.5696 9.6142 0.0620
9.8064 9.5696 9.6142 0.0620
9.8064 9.5696 9.6142 0.0620
9.8064 9.5696 9.6143 0.0619
9.8064 9.5696 9.6151 0.0619
9.8064 9.5696 9.6152 0.0618
9.8064 9.5696 9.6152 0.0618
9.8064 9.5696 9.6162 0.0619
9.8064 9.5696 9.6165 0.0617
9.8064 9.5696 9.6175 0.0632
9.8064 9.5696 9.6176 0.0631
9.8064 9.5696 9.6178 0.0631
9.8064 9.5696 9.6184 0.0631
9.8064 9.5696 9.6184 0.0631
9.8064 9.5696 9.6184 0.0631
9.8064 9.5696 9.6184 0.0631
9.8064 9.5696 9.6184 0.0631
9.8064 9.5696 9.6184 0.0631
9.8064 9.5696 9.6184 0.0631
9.8064 9.5696 9.6184 0.0631
9.8064 9.5696 9.6184 0.0631
9.8064 9.5696 9.6184 0.0631
9.8064 9.5696 9.6184 0.0631
9.8064 9.5696 9.6184 0.0631
9.8064 9.5696 9.6201 0.0644
9.8064 9.5696 9.6201 0.0644
9.8064 9.5696 9.6201 0.0644
9.8064 9.5696 9.6205 0.0643
9.8064 9.5696 9.6223 0.0655
9.8064 9.5696 9.6242 0.0674
9.8064 9.5696 9.6242 0.0674
9.8064 9.5696 9.6243 0.0673
9.8064 9.5696 9.6247 0.0671
9.8064 9.5696 9.6249 0.0670
9.8064 9.5696 9.6249 0.0670
9.8064 9.5696 9.6249 0.0670
9.8064 9.5696 9.6249 0.0670
9.8064 9.5696 9.6249 0.0670
9.8064 9.5696 9.6249 0.0670
9.8064 9.5696 9.6255 0.0671
9.8064 9.5696 9.6259 0.0669
9.8064 9.5696 9.6279 0.0683
9.8064 9.5696 9.6280 0.0683
9.8064 9.5696 9.6280 0.0683
9.8064 9.5696 9.6290 0.0682
9.8064 9.5696 9.6291 0.0682
9.8064 9.5696 9.6295 0.0680
9.8064 9.5696 9.6297 0.0680
9.8064 9.5696 9.6302 0.0679
9.8064 9.5696 9.6317 0.0690
9.8064 9.5696 9.6317 0.0690
9.8064 9.5696 9.6319 0.0689
9.8064 9.5696 9.6319 0.0689
9.8064 9.5696 9.6319 0.0689
9.8064 9.5696 9.6319 0.0689
9.8064 9.5696 9.6319 0.0689
9.8064 9.5696 9.6338 0.0698
9.8064 9.5696 9.6339 0.0697
9.8064 9.5696 9.6339 0.0697
9.8064 9.5696 9.6339 0.0697
9.8064 9.5696 9.6339 0.0697
9.8064 9.5696 9.6339 0.0697
9.8064 9.5696 9.6339 0.0697
9.8064 9.5696 9.6339 0.0697
9.8064 9.5696 9.6339 0.0697
9.8064 9.5696 9.6339 0.0697
9.8064 9.5696 9.6339 0.0697
9.8064 9.5696 9.6340 0.0696
9.8064 9.5696 9.6340 0.0696
9.8064 9.5696 9.6343 0.0695
9.8064 9.5696 9.6344 0.0694
9.8064 9.5696 9.6344 0.0694
9.8064 9.5696 9.6344 0.0694
9.8064 9.5696 9.6350 0.0692
9.8064 9.5696 9.6351 0.0691
9.8064 9.5696 9.6351 0.0691
9.8064 9.5696 9.6351 0.0691
9.8064 9.5696 9.6352 0.0691
9.8064 9.5696 9.6363 0.0705
9.8064 9.5696 9.6363 0.0705
9.8064 9.5696 9.6369 0.0702
9.8064 9.5696 9.6369 0.0702
9.8064 9.5696 9.6369 0.0702
9.8064 9.5696 9.6369 0.0702
9.8064 9.5696 9.6373 0.0700
9.8064 9.5696 9.6388 0.0714
9.8064 9.5696 9.6388 0.0714
9.8064 9.5696 9.6388 0.0714
9.8064 9.5696 9.6407 0.0722
9.8064 9.5696 9.6407 0.0722
9.8064 9.5696 9.6407 0.0722
9.8064 9.5696 9.6407 0.0722
9.8064 9.5696 9.6412 0.0720
9.8064 9.5696 9.6415 0.0718
9.8064 9.5696 9.6431 0.0736
9.8064 9.5696 9.6431 0.0736
9.8064 9.5696 9.6448 0.0754
9.8064 9.5696 9.6448 0.0754
9.8064 9.5696 9.6448 0.0754
9.8064 9.5696 9.6452 0.0753
9.8064 9.5696 9.6452 0.0753
9.8064 9.5696 9.6465 0.0765
9.8064 9.5696 9.6465 0.0765
9.8064 9.5696 9.6465 0.0765
9.8064 9.5696 9.6486 0.0778
9.8064 9.5696 9.6486 0.0778
9.8064 9.5696 9.6495 0.0775
9.8064 9.5696 9.6510 0.0791
9.8064 9.5696 9.6510 0.0791
9.8064 9.5696 9.6510 0.0791
9.8064 9.5696 9.6510 0.0791
9.8064 9.5696 9.6510 0.0791
9.8064 9.5696 9.6510 0.0791
9.8064 9.5696 9.6510 0.0791
9.8064 9.5696 9.6510 0.0791
9.8064 9.5696 9.6510 0.0791
9.8064 9.5696 9.6512 0.0789
9.8064 9.5696 9.6512 0.0789
9.8064 9.5696 9.6528 0.0790
9.8064 9.5696 9.6528 0.0790
9.8064 9.5696 9.6528 0.0790
9.8064 9.5696 9.6528 0.0790
9.8064 9.5696 9.6528 0.0790
9.8064 9.5696 9.6528 0.0790
9.8064 9.5696 9.6528 0.0790
9.8064 9.5696 9.6528 0.0790
9.8064 9.5696 9.6542 0.0800
9.8064 9.5696 9.6542 0.0800
9.8064 9.5696 9.6552 0.0797
9.8064 9.5696 9.6552 0.0797
9.8384 9.5696 9.6555 0.0804
9.8384 9.5696 9.6558 0.0804
9.8384 9.5696 9.6563 0.0800
9.8384 9.5696 9.6571 0.0797
9.8384 9.5696 9.6571 0.0797
9.8384 9.5696 9.6589 0.0801
9.8384 9.5696 9.6601 0.0806
9.8384 9.5696 9.6601 0.0806
9.8384 9.5696 9.6601 0.0806
9.8384 9.5696 9.6601 0.0806
9.8384 9.5696 9.6601 0.0806
9.8384 9.5696 9.6601 0.0806
9.8384 9.5696 9.6604 0.0807
9.8384 9.5696 9.6604 0.0807
9.8384 9.5696 9.6604 0.0807
9.8384 9.5696 9.6625 0.0814
9.8384 9.5696 9.6625 0.0814
9.8384 9.5696 9.6641 0.0825
9.8384 9.5696 9.6648 0.0820
9.8384 9.5696 9.6664 0.0832
9.8384 9.5696 9.6665 0.0831
9.8384 9.5696 9.6665 0.0831
9.8384 9.5696 9.6667 0.0829
9.8384 9.5696 9.6681 0.0840
9.8384 9.5696 9.6687 0.0834
9.8384 9.5696 9.6687 0.0834
9.8384 9.5696 9.6687 0.0834
9.8384 9.5696 9.6692 0.0840
9.8384 9.5696 9.6692 0.0840
9.8384 9.5696 9.6692 0.0840
9.8418 9.5696 9.6715 0.0855
9.8418 9.5696 9.6717 0.0857
9.8418 9.5696 9.6719 0.0855
9.8418 9.5696 9.6719 0.0855
9.8418 9.5696 9.6738 0.0857
9.8418 9.5696 9.6753 0.0854
9.8418 9.5696 9.6753 0.0854
9.8418 9.5696 9.6753 0.0854
9.8418 9.5696 9.6753 0.0854
9.8418 9.5696 9.6753 0.0854
9.8418 9.5696 9.6753 0.0854
9.8418 9.5696 9.6755 0.0856
9.8418 9.5696 9.6755 0.0856
9.8418 9.5696 9.6755 0.0856
9.8418 9.5696 9.6755 0.0856
9.8418 9.5696 9.6755 0.0856
9.8418 9.5696 9.6755 0.0856
9.8418 9.5696 9.6761 0.0852
9.8418 9.5696 9.6761 0.0852
9.8418 9.5696 9.6782 0.0851
9.8418 9.5696 9.6782 0.0851
9.8448 9.5696 9.6782 0.0851
9.8448 9.5696 9.6782 0.0851
9.8448 9.5696 9.6788 0.0847
9.8448 9.5696 9.6788 0.0847
9.8448 9.5696 9.6788 0.0847
9.8448 9.5696 9.6796 0.0850
9.8448 9.5696 9.6796 0.0850
9.8448 9.5696 9.6796 0.0850
9.8448 9.5696 9.6802 0.0845
9.8448 9.5696 9.6802 0.0845
9.8448 9.5696 9.6814 0.0853
9.8448 9.5696 9.6814 0.0853
9.8448 9.5696 9.6840 0.0861
9.8448 9.5696 9.6843 0.0860
9.8448 9.5696 9.6852 0.0854
9.8448 9.5696 9.6852 0.0854
9.8448 9.5696 9.6852 0.0854
9.8448 9.5696 9.6852 0.0854
9.8448 9.5696 9.6862 0.0861
9.8448 9.5696 9.6862 0.0861
9.8448 9.5696 9.6862 0.0861
9.8448 9.5696 9.6862 0.0861
9.8448 9.5696 9.6865 0.0865
9.8448 9.5696 9.6865 0.0865
9.8448 9.5696 9.6870 0.0872
9.8448 9.5696 9.6870 0.0872
9.8448 9.5696 9.6882 0.0874
9.8448 9.5696 9.6882 0.0874
9.8448 9.5696 9.6882 0.0874
9.8448 9.5696 9.6887 0.0880
9.8448 9.5696 9.6912 0.0884
9.8448 9.5696 9.6914 0.0885
9.8448 9.5696 9.6914 0.0885
9.8448 9.5696 9.6914 0.0885
9.8448 9.5696 9.6914 0.0885
9.8448 9.5696 9.6914 0.0885
9.8448 9.5696 9.6914 0.0885
9.8448 9.5696 9.6914 0.0885
9.8448 9.5696 9.6914 0.0885
9.8448 9.5696 9.6932 0.0897
9.8448 9.5696 9.6947 0.0901
9.8448 9.5696 9.6951 0.0904
9.8448 9.5696 9.6951 0.0904
9.8448 9.5696 9.6951 0.0904
9.8448 9.5696 9.6960 0.0897
9.8448 9.5696 9.6979 0.0902
9.8448 9.5696 9.6980 0.0901
9.8448 9.5696 9.6980 0.0901
9.8448 9.5696 9.6980 0.0901
9.8448 9.5696 9.6980 0.0901
9.8448 9.5696 9.6999 0.0903
9.8448 9.5696 9.7004 0.0910
9.8448 9.5696 9.7004 0.0910
9.8448 9.5696 9.7004 0.0910
9.8448 9.5696 9.7005 0.0909
9.8448 9.5696 9.7013 0.0902
9.8448 9.5696 9.7013 0.0902
9.8448 9.5696 9.7017 0.0905
9.8448 9.5696 9.7017 0.0905
9.8448 9.5696 9.7017 0.0905
9.8448 9.5696 9.7017 0.0905
9.8448 9.5696 9.7017 0.0905
9.8448 9.5696 9.7017 0.0904
9.8448 9.5696 9.7017 0.0904
9.8448 9.5696 9.7027 0.0896
9.8448 9.5696 9.7043 0.0903
9.8448 9.5696 9.7043 0.0903
9.8500 9.5696 9.7070 0.0906
9.8500 9.5696 9.7070 0.0906
9.8500 9.5696 9.7070 0.0906
9.8500 9.5696 9.7070 0.0906
9.8500 9.5696 9.7073 0.0903
9.8500 9.5696 9.7073 0.0903
9.8500 9.5696 9.7074 0.0903
9.8500 9.5696 9.7077 0.0900
9.8500 9.5696 9.7077 0.0900
9.8500 9.5696 9.7088 0.0902
9.8500 9.5696 9.7090 0.0900
9.8500 9.5696 9.7090 0.0900
9.8500 9.5696 9.7090 0.0900
9.8511 9.5696 9.7093 0.0905
9.8511 9.5696 9.7093 0.0905
9.8511 9.5696 9.7098 0.0902
9.8511 9.5696 9.7098 0.0902
9.8511 9.5696 9.7098 0.0902
9.8511 9.5696 9.7117 0.0904
9.8511 9.5696 9.7117 0.0904
9.8511 9.5696 9.7117 0.0903
9.8511 9.5696 9.7117 0.0903
9.8511 9.5696 9.7117 0.0903
9.8511 9.5696 9.7118 0.0903
9.8511 9.5696 9.7118 0.0903
9.8511 9.5696 9.7118 0.0903
9.8511 9.5696 9.7118 0.0903
9.8511 9.5696 9.7118 0.0903
9.8511 9.5696 9.7118 0.0903
9.8511 9.5696 9.7120 0.0901
9.8697 9.5696 9.7127 0.0911
9.8697 9.5696 9.7127 0.0911
9.8697 9.5696 9.7128 0.0912
9.8697 9.5696 9.7136 0.0904
9.8697 9.5696 9.7136 0.0904
9.8697 9.5696 9.7140 0.0899
9.8697 9.5696 9.7164 0.0909
9.8697 9.5696 9.7164 0.0909
9.8697 9.5696 9.7164 0.0909
9.8697 9.5696 9.7165 0.0909
9.8697 9.5696 9.7165 0.0909
9.8697 9.5696 9.7165 0.0909
9.8697 9.5696 9.7165 0.0909
9.8697 9.5696 9.7165 0.0909
9.8697 9.5696 9.7174 0.0909
9.8697 9.5696 9.7174 0.0909
9.8697 9.5696 9.7174 0.0909
9.8697 9.5696 9.7174 0.0909
9.8697 9.5696 9.7174 0.0909
9.8697 9.5696 9.7174 0.0909
9.8697 9.5696 9.7174 0.0909
9.8697 9.5696 9.7174 0.0909
9.8697 9.5696 9.7174 0.0909
9.8697 9.5696 9.7174 0.0909
9.8697 9.5696 9.7181 0.0916
9.8697 9.5696 9.7181 0.0916
9.8697 9.5696 9.7203 0.0922
9.8697 9.5696 9.7203 0.0922
9.8697 9.5696 9.7203 0.0922
9.8697 9.5696 9.7203 0.0922
9.8697 9.5696 9.7218 0.0924
9.8803 9.5696 9.7230 0.0937
9.8803 9.5696 9.7230 0.0937
9.8803 9.5696 9.7230 0.0937
9.8803 9.5696 9.7233 0.0939
9.8803 9.5696 9.7237 0.0945
9.8803 9.5696 9.7237 0.0945
9.8803 9.5696 9.7246 0.0935
9.8803 9.5696 9.7263 0.0935
9.8803 9.5696 9.7269 0.0933
9.8803 9.5696 9.7277 0.0930
9.8803 9.5696 9.7282 0.0932
9.8803 9.5696 9.7282 0.0932
9.8803 9.5696 9.7304 0.0924
9.8803 9.5696 9.7304 0.0924
9.8803 9.5696 9.7304 0.0924
9.8803 9.5696 9.7311 0.0928
9.8803 9.5696 9.7314 0.0931
9.8803 9.5696 9.7314 0.0931
9.8803 9.5696 9.7314 0.0931
9.8803 9.5696 9.7314 0.0931
9.8803 9.5696 9.7314 0.0931
9.8803 9.5696 9.7314 0.0931
9.8803 9.5696 9.7314 0.0931
9.8803 9.5696 9.7314 0.0931
9.8803 9.5696 9.7316 0.0932
9.8803 9.5696 9.7316 0.0932
9.8803 9.5696 9.7336 0.0927
9.8803 9.5696 9.7337 0.0926
9.8803 9.5696 9.7345 0.0915
9.8803 9.5696 9.7351 0.0909
9.8803 9.5696 9.7351 0.0909
9.8803 9.5696 9.7351 0.0909
9.8803 9.5696 9.7351 0.0909
9.8803 9.5696 9.7351 0.0909
9.8803 9.5696 9.7351 0.0909
9.8803 9.5696 9.7351 0.0909
9.8803 9.5696 9.7351 0.0909
9.8803 9.5696 9.7351 0.0909
9.8803 9.5696 9.7351 0.0909
9.8803 9.5696 9.7351 0.0909
9.8803 9.5696 9.7351 0.0909
9.8803 9.5696 9.7351 0.0909
9.8803 9.5696 9.7351 0.0909
9.8803 9.5696 9.7351 0.0909
9.8803 9.5696 9.7354 0.0907
9.8803 9.5696 9.7354 0.0907
9.8803 9.5696 9.7354 0.0907
9.8803 9.5696 9.7354 0.0907
9.8803 9.5696 9.7365 0.0905
9.8803 9.5696 9.7365 0.0905
9.8803 9.5696 9.7365 0.0905
9.8803 9.5696 9.7365 0.0904
9.8803 9.5696 9.7365 0.0904
9.8803 9.5696 9.7365 0.0904
9.8803 9.5696 9.7386 0.0893
9.8803 9.5696 9.7403 0.0881
9.8803 9.5696 9.7403 0.0880
9.8803 9.5696 9.7413 0.0876
9.8803 9.5696 9.7413 0.0876
9.8803 9.5696 9.7413 0.0876
9.8803 9.5696 9.7413 0.0876
9.8803 9.5696 9.7416 0.0879
9.8803 9.5696 9.7416 0.0879
9.8803 9.5696 9.7416 0.0879
9.8803 9.5696 9.7419 0.0876
9.8803 9.5696 9.7434 0.0866
9.8803 9.5696 9.7434 0.0866
9.8803 9.5696 9.7440 0.0860
9.8803 9.5696 9.7441 0.0860
9.8803 9.5696 9.7441 0.0860
9.8803 9.5696 9.7441 0.0860
9.8803 9.5696 9.7451 0.0857
9.8803 9.5696 9.7451 0.0857
9.8803 9.5696 9.7451 0.0857
9.8803 9.5696 9.7465 0.0856
9.8803 9.5696 9.7465 0.0856
9.8803 9.5696 9.7465 0.0856
9.8803 9.5696 9.7484 0.0852
9.8803 9.5696 9.7497 0.0846
9.8803 9.5696 9.7497 0.0846
9.8803 9.5696 9.7503 0.0850
9.8803 9.5696 9.7524 0.0848
9.8803 9.5696 9.7524 0.0848
9.8803 9.5696 9.7528 0.0848
9.8803 9.5696 9.7528 0.0848
9.8803 9.5696 9.7530 0.0850
9.8803 9.5696 9.7530 0.0850
9.8803 9.5696 9.7545 0.0849
9.8803 9.5696 9.7545 0.0849
9.8803 9.5696 9.7548 0.0851
9.8803 9.5696 9.7548 0.0851
9.8803 9.5696 9.7562 0.0838
9.8803 9.5696 9.7572 0.0845
9.8803 9.5696 9.7572 0.0845
9.8803 9.5696 9.7572 0.0845
9.8803 9.5696 9.7585 0.0852
9.8803 9.5696 9.7601 0.0852
9.8803 9.5696 9.7601 0.0852
9.8803 9.5696 9.7608 0.0854
9.8803 9.5696 9.7608 0.0854
9.8803 9.5696 9.7608 0.0854
9.8803 9.5696 9.7608 0.0854
9.8803 9.5696 9.7608 0.0854
9.8803 9.5696 9.7608 0.0854
9.8803 9.5696 9.7613 0.0854
9.8803 9.5696 9.7613 0.0854
9.8803 9.5696 9.7616 0.0856
9.8803 9.5696 9.7616 0.0856
9.8803 9.5696 9.7623 0.0859
9.8803 9.5696 9.7624 0.0860
9.8803 9.5726 9.7627 0.0853
9.8803 9.5726 9.7627 0.0853
9.8803 9.5726 9.7627 0.0853
9.8803 9.5726 9.7627 0.0853
9.8803 9.5726 9.7627 0.0853
9.8803 9.5726 9.7643 0.0836
9.8803 9.5726 9.7645 0.0832
9.8803 9.5726 9.7668 0.0828
9.8803 9.5726 9.7668 0.0828
9.8803 9.5726 9.7668 0.0828
9.8803 9.5726 9.7694 0.0812
9.8803 9.5726 9.7694 0.0812
9.8803 9.5726 9.7694 0.0812
9.8803 9.5726 9.7695 0.0812
9.8803 9.5726 9.7695 0.0812
9.8803 9.5726 9.7697 0.0814
9.8803 9.5726 9.7698 0.0815
9.8803 9.5726 9.7700 0.0815
9.8803 9.5726 9.7704 0.0816
9.8803 9.5726 9.7704 0.0816
9.8803 9.5726 9.7705 0.0817
9.8803 9.5726 9.7705 0.0817
9.8803 9.5726 9.7705 0.0817
9.8803 9.5726 9.7719 0.0806
9.8803 9.5726 9.7719 0.0806
9.8803 9.5726 9.7735 0.0795
9.8803 9.5726 9.7735 0.0795
9.8803 9.5726 9.7735 0.0795
9.8803 9.5726 9.7750 0.0783
9.8803 9.5726 9.7758 0.0784
9.8803 9.5726 9.7767 0.0788
9.8803 9.5726 9.7768 0.0789
9.8803 9.5726 9.7772 0.0790
9.8803 9.5726 9.7777 0.0781
9.8803 9.5726 9.7782 0.0783
9.8803 9.5726 9.7782 0.0783
9.8803 9.5726 9.7799 0.0778
9.8803 9.5726 9.7803 0.0780
9.8803 9.5726 9.7807 0.0783
9.8803 9.5726 9.7807 0.0783
9.8803 9.5726 9.7829 0.0767
9.8803 9.5726 9.7829 0.0767
9.8803 9.5726 9.7829 0.0767
9.8803 9.5726 9.7836 0.0770
9.8803 9.5726 9.7855 0.0763
9.8803 9.5726 9.7857 0.0765
9.8803 9.5726 9.7857 0.0765
9.8803 9.5726 9.7857 0.0765
9.8803 9.5726 9.7857 0.0765
9.8803 9.5726 9.7857 0.0765
9.8803 9.5726 9.7857 0.0765
9.8803 9.5726 9.7857 0.0765
9.8803 9.5726 9.7858 0.0765
9.8803 9.5726 9.7858 0.0765
9.8803 9.5726 9.7877 0.0756
9.8803 9.5726 9.7877 0.0756
9.8803 9.5726 9.7886 0.0746
9.8803 9.5726 9.7886 0.0746
9.8803 9.5726 9.7886 0.0746
9.8803 9.5726 9.7891 0.0748
9.8803 9.5726 9.7891 0.0748
9.8803 9.5726 9.7898 0.0748
9.8803 9.5726 9.7922 0.0727
9.8803 9.5726 9.7926 0.0721
9.8803 9.5726 9.7935 0.0722
9.8803 9.5726 9.7935 0.0722
9.8803 9.5726 9.7935 0.0722
9.8803 9.5726 9.7954 0.0714
9.8803 9.5726 9.7960 0.0716
9.8803 9.5726 9.7964 0.0719
9.8803 9.5726 9.7970 0.0720
9.8803 9.5726 9.7970 0.0720
9.8803 9.5726 9.7973 0.0723
9.8803 9.5726 9.7973 0.0723
9.8803 9.5726 9.7976 0.0725
9.8803 9.5726 9.7976 0.0725
9.8803 9.5726 9.7982 0.0717
9.8803 9.5726 9.7983 0.0718
9.8803 9.5726 9.7989 0.0721
9.8803 9.5726 9.7989 0.0721
9.8803 9.5726 9.7991 0.0722
9.8803 9.5726 9.7991 0.0722
9.8803 9.5726 9.7991 0.0722
9.8803 9.5726 9.8008 0.0711
9.8803 9.5726 9.8013 0.0710
9.8803 9.5726 9.8013 0.0710
9.8803 9.5726 9.8013 0.0710
9.8803 9.5726 9.8013 0.0710
9.8803 9.5726 9.8013 0.0710
9.8803 9.5726 9.8013 0.0710
9.8803 9.5726 9.8018 0.0711
9.8803 9.5726 9.8022 0.0713
9.8803 9.5726 9.8022 0.0713
9.8803 9.5726 9.8022 0.0713
9.8803 9.5726 9.8022 0.0713
9.8803 9.5726 9.8022 0.0713
9.8803 9.5726 9.8022 0.0713
9.8803 9.5726 9.8029 0.0716
9.8803 9.5726 9.8029 0.0716
9.8803 9.5726 9.8035 0.0718
9.8803 9.5726 9.8035 0.0718
9.8803 9.5726 9.8039 0.0717
9.8803 9.5726 9.8042 0.0718
9.8803 9.5726 9.8042 0.0718
9.8803 9.5726 9.8049 0.0721
9.8803 9.5726 9.8049 0.0721
9.8803 9.5726 9.8049 0.0721
9.8803 9.5726 9.8049 0.0721
9.8803 9.5726 9.8049 0.0721
9.8803 9.5726 9.8049 0.0721
9.8803 9.5726 9.8051 0.0722
9.8803 9.5726 9.8051 0.0722
9.8803 9.5726 9.8051 0.0722
9.8803 9.5726 9.8051 0.0722
9.8803 9.5726 9.8052 0.0723
9.8803 9.5726 9.8052 0.0723
9.8803 9.5726 9.8059 0.0724
9.8803 9.5726 9.8059 0.0724
9.8803 9.5726 9.8064 0.0724
9.8803 9.5726 9.8073 0.0724
9.8803 9.5726 9.8078 0.0712
9.8803 9.5726 9.8078 0.0712
9.8803 9.5726 9.8081 0.0713
9.8803 9.5726 9.8090 0.0715
9.8803 9.5726 9.8115 0.0688
9.8803 9.5726 9.8115 0.0688
9.8803 9.5726 9.8115 0.0688
9.8803 9.5726 9.8115 0.0688
9.8803 9.5726 9.8115 0.0688
9.8803 9.5726 9.8130 0.0673
9.8803 9.5726 9.8130 0.0673
9.8803 9.5726 9.8130 0.0673
9.8803 9.5726 9.8130 0.0673
9.8803 9.5726 9.8132 0.0675
9.8803 9.5726 9.8132 0.0675
9.8973 9.5726 9.8137 0.0679
9.8973 9.5726 9.8137 0.0679
9.8973 9.5726 9.8137 0.0679
9.8973 9.5726 9.8140 0.0679
9.8973 9.5726 9.8146 0.0665
9.8973 9.5726 9.8148 0.0666
9.8973 9.5726 9.8151 0.0665
9.8973 9.5726 9.8151 0.0665
9.8973 9.5726 9.8151 0.0665
9.8973 9.5726 9.8151 0.0665
9.8973 9.5726 9.8151 0.0665
9.8973 9.5726 9.8151 0.0665
9.8973 9.5726 9.8151 0.0665
9.8973 9.5726 9.8156 0.0668
9.8973 9.5726 9.8164 0.0666
9.8973 9.5726 9.8164 0.0666
9.8973 9.5726 9.8168 0.0668
9.8973 9.5726 9.8174 0.0667
9.8973 9.5726 9.8174 0.0667
9.8973 9.5726 9.8174 0.0667
9.8973 9.5726 9.8174 0.0667
9.8973 9.5726 9.8174 0.0667
9.8973 9.5726 9.8174 0.0667
9.8973 9.5726 9.8174 0.0667
9.8973 9.5726 9.8175 0.0667
9.8973 9.5726 9.8179 0.0667
9.8973 9.5726 9.8179 0.0667
9.8973 9.5726 9.8179 0.0667
9.8973 9.5726 9.8179 0.0667
9.8973 9.5726 9.8179 0.0667
9.8973 9.5726 9.8184 0.0671
9.8973 9.5726 9.8187 0.0671
9.8973 9.5726 9.8187 0.0671
9.8973 9.5726 9.8187 0.0671
9.8973 9.5726 9.8187 0.0671
9.9014 9.5726 9.8194 0.0675
9.9014 9.5726 9.8194 0.0675
9.9014 9.5726 9.8194 0.0675
9.9014 9.5726 9.8194 0.0675
9.9014 9.5726 9.8194 0.0675
9.9014 9.5726 9.8196 0.0675
9.9014 9.5726 9.8196 0.0675
9.9014 9.5726 9.8197 0.0676
9.9014 9.5726 9.8198 0.0675
9.9014 9.5726 9.8198 0.0675
9.9014 9.5726 9.8222 0.0661
9.9014 9.5726 9.8222 0.0661
9.9014 9.5726 9.8233 0.0659
9.9014 9.5726 9.8233 0.0659
9.9014 9.5726 9.8236 0.0661
9.9014 9.5726 9.8236 0.0661
9.9014 9.5726 9.8256 0.0649
9.9014 9.5726 9.8256 0.0649
9.9014 9.5726 9.8256 0.0649
9.9014 9.5726 9.8256 0.0649
9.9014 9.5726 9.8256 0.0649
9.9014 9.5726 9.8256 0.0649
9.9014 9.5726 9.8284 0.0602
9.9014 9.5726 9.8284 0.0602
9.9014 9.5726 9.8284 0.0602
9.9014 9.5726 9.8284 0.0602
9.9014 9.5726 9.8284 0.0602
9.9014 9.5726 9.8290 0.0603
9.9014 9.5726 9.8308 0.0580
9.9014 9.5726 9.8312 0.0583
9.9014 9.5726 9.8313 0.0583
9.9014 9.5726 9.8313 0.0583
9.9014 9.5726 9.8313 0.0583
9.9014 9.5726 9.8313 0.0583
9.9014 9.5726 9.8316 0.0584
9.9014 9.5726 9.8319 0.0585
9.9014 9.5726 9.8319 0.0585
9.9014 9.5726 9.8319 0.0585
9.9014 9.5726 9.8321 0.0586
9.9014 9.5726 9.8322 0.0586
9.9014 9.5726 9.8327 0.0587
9.9014 9.5726 9.8327 0.0587
9.9014 9.5726 9.8327 0.0587
9.9014 9.5726 9.8329 0.0587
9.9014 9.5726 9.8329 0.0587
9.9014 9.5726 9.8331 0.0587
9.9014 9.5726 9.8331 0.0587
9.9014 9.5726 9.8331 0.0587
9.9014 9.5726 9.8331 0.0587
9.9014 9.5726 9.8331 0.0587
9.9014 9.5726 9.8331 0.0587
9.9014 9.5726 9.8331 0.0587
9.9014 9.5726 9.8331 0.0587
9.9014 9.5726 9.8331 0.0588
9.9014 9.5726 9.8331 0.0588
9.9014 9.5726 9.8331 0.0588
9.9014 9.5726 9.8335 0.0589
9.9014 9.5726 9.8335 0.0589
9.9014 9.5726 9.8339 0.0590
9.9014 9.5726 9.8346 0.0588
9.9014 9.5726 9.8349 0.0588
9.9014 9.5726 9.8369 0.0563
9.9014 9.5726 9.8376 0.0559
9.9014 9.5726 9.8376 0.0559
9.9014 9.5726 9.8377 0.0559
9.9014 9.5726 9.8377 0.0559
9.9014 9.5726 9.8377 0.0559
9.9014 9.5726 9.8377 0.0559
9.9014 9.5726 9.8377 0.0559
9.9014 9.5726 9.8377 0.0559
9.9014 9.5726 9.8377 0.0559
9.9014 9.5726 9.8377 0.0559
9.9014 9.5726 9.8377 0.0559
9.9014 9.5726 9.8378 0.0559
9.9014 9.5726 9.8386 0.0562
9.9014 9.5726 9.8386 0.0562
9.9014 9.5726 9.8386 0.0562
9.9014 9.5726 9.8388 0.0562
9.9014 9.5726 9.8388 0.0562
9.9014 9.5726 9.8408 0.0538
9.9014 9.5726 9.8409 0.0538
9.9014 9.5726 9.8409 0.0538
9.9014 9.5726 9.8409 0.0538
9.9014 9.5726 9.8409 0.0538
9.9014 9.5726 9.8411 0.0539
9.9014 9.5726 9.8411 0.0539
9.9014 9.5726 9.8411 0.0539
9.9014 9.5726 9.8413 0.0540
9.9014 9.5726 9.8414 0.0540
9.9014 9.5726 9.8414 0.0540
9.9014 9.5726 9.8414 0.0540
9.9014 9.5726 9.8414 0.0540
9.9014 9.5726 9.8414 0.0540
9.9014 9.5726 9.8415 0.0540
9.9014 9.5726 9.8417 0.0541
9.9014 9.5726 9.8417 0.0541
9.9014 9.5726 9.8422 0.0541
9.9014 9.5726 9.8422 0.0541
9.9014 9.5726 9.8422 0.0541
9.9014 9.5726 9.8424 0.0541
9.9014 9.5726 9.8424 0.0541
9.9014 9.5726 9.8429 0.0542
9.9014 9.5726 9.8430 0.0542
9.9014 9.5726 9.8431 0.0540
9.9014 9.5726 9.8435 0.0539
9.9014 9.5726 9.8435 0.0539
9.9014 9.5726 9.8435 0.0539
9.9014 9.5726 9.8437 0.0539
9.9014 9.5726 9.8437 0.0539
9.9014 9.5726 9.8461 0.0474
9.9014 9.5726 9.8465 0.0471
9.9014 9.5726 9.8468 0.0472
9.9014 9.5726 9.8471 0.0472
9.9014 9.5726 9.8471 0.0472
9.9014 9.5726 9.8477 0.0471
9.9014 9.5726 9.8477 0.0471
9.9014 9.5726 9.8481 0.0472
9.9014 9.5726 9.8481 0.0472
9.9014 9.5726 9.8481 0.0472
9.9014 9.5726 9.8481 0.0472
9.9014 9.5726 9.8486 0.0471
9.9014 9.5726 9.8486 0.0471
9.9014 9.5726 9.8490 0.0471
9.9014 9.5726 9.8490 0.0471
9.9014 9.5726 9.8490 0.0471
9.9014 9.5726 9.8491 0.0471
9.9014 9.5726 9.8492 0.0471
9.9014 9.5726 9.8492 0.0471
9.9014 9.5726 9.8495 0.0473
9.9014 9.5726 9.8495 0.0473
9.9014 9.5726 9.8495 0.0473
9.9014 9.5726 9.8495 0.0473
9.9014 9.5726 9.8497 0.0474
9.9014 9.5726 9.8497 0.0474
9.9014 9.5726 9.8500 0.0468
9.9014 9.5726 9.8500 0.0468
9.9014 9.5726 9.8500 0.0468
9.9014 9.5726 9.8507 0.0465
9.9014 9.5726 9.8507 0.0465
9.9014 9.5726 9.8517 0.0454
9.9014 9.5726 9.8521 0.0454
9.9014 9.5726 9.8522 0.0454
9.9014 9.5726 9.8523 0.0454
9.9014 9.5726 9.8525 0.0454
9.9014 9.5726 9.8525 0.0454
9.9014 9.5726 9.8526 0.0454
9.9014 9.5726 9.8526 0.0454
9.9014 9.5726 9.8527 0.0454
9.9014 9.5726 9.8527 0.0454
9.9014 9.5726 9.8529 0.0454
9.9014 9.5726 9.8532 0.0456
9.9014 9.5726 9.8532 0.0456
9.9014 9.5726 9.8532 0.0456
9.9014 9.5726 9.8533 0.0457
9.9014 9.5726 9.8533 0.0457
9.9014 9.5726 9.8533 0.0457
9.9014 9.5726 9.8533 0.0457
9.9014 9.5726 9.8533 0.0457
9.9014 9.5726 9.8533 0.0457
9.9014 9.5726 9.8535 0.0457
9.9014 9.5726 9.8535 0.0457
9.9014 9.5726 9.8535 0.0457
9.9014 9.5726 9.8535 0.0457
9.9014 9.5726 9.8535 0.0457
9.9014 9.5726 9.8538 0.0456
9.9014 9.5726 9.8538 0.0456
9.9014 9.5726 9.8538 0.0456
9.9014 9.5726 9.8538 0.0456
9.9014 9.5726 9.8541 0.0457
9.9014 9.5726 9.8541 0.0457
9.9014 9.5726 9.8541 0.0457
9.9014 9.5726 9.8541 0.0458
9.9014 9.5726 9.8541 0.0458
9.9014 9.5726 9.8541 0.0458
9.9014 9.5726 9.8541 0.0458
9.9014 9.5726 9.8541 0.0458
9.9014 9.5726 9.8541 0.0458
9.9014 9.5726 9.8542 0.0458
9.9014 9.5726 9.8546 0.0457
9.9014 9.5726 9.8546 0.0457
9.9014 9.5726 9.8546 0.0457
9.9014 9.5726 9.8546 0.0457
9.9014 9.5726 9.8546 0.0457
9.9014 9.5726 9.8546 0.0457
9.9014 9.5726 9.8546 0.0457
9.9014 9.5726 9.8546 0.0457
9.9014 9.5726 9.8546 0.0457
9.9014 9.5726 9.8546 0.0457
9.9014 9.5726 9.8548 0.0458
9.9014 9.5726 9.8549 0.0458
9.9014 9.5726 9.8549 0.0458
9.9014 9.5726 9.8551 0.0458
9.9014 9.5726 9.8551 0.0458
9.9014 9.5726 9.8551 0.0458
9.9014 9.5726 9.8552 0.0459
9.9014 9.5726 9.8552 0.0459
9.9014 9.5726 9.8552 0.0459
9.9014 9.5726 9.8553 0.0459
9.9014 9.5726 9.8553 0.0459
9.9014 9.5726 9.8553 0.0459
9.9014 9.5726 9.8553 0.0459
9.9014 9.6636 9.8579 0.0361
9.9014 9.6636 9.8580 0.0362
9.9014 9.6636 9.8580 0.0362
9.9014 9.6636 9.8580 0.0362
9.9014 9.6636 9.8580 0.0362
9.9014 9.6636 9.8580 0.0362
9.9014 9.6636 9.8582 0.0362
9.9014 9.6636 9.8586 0.0364
9.9014 9.6636 9.8586 0.0364
9.9014 9.6712 9.8607 0.0307
9.9014 9.6712 9.8607 0.0307
9.9014 9.6712 9.8610 0.0307
9.9014 9.6712 9.8610 0.0307
9.9014 9.6712 9.8612 0.0307
9.9014 9.6712 9.8612 0.0307
9.9014 9.6712 9.8612 0.0307
9.9014 9.6712 9.8612 0.0307
9.9014 9.6712 9.8612 0.0307
9.9014 9.6712 9.8612 0.0307
9.9608 9.6712 9.8624 0.0322
9.9608 9.6712 9.8624 0.0322
9.9608 9.6712 9.8627 0.0322
9.9608 9.6712 9.8628 0.0323
9.9608 9.6712 9.8628 0.0323
9.9608 9.6712 9.8630 0.0321
9.9608 9.6712 9.8630 0.0321
9.9608 9.6712 9.8630 0.0322
9.9608 9.6712 9.8630 0.0322
9.9608 9.6712 9.8632 0.0322
9.9608 9.6712 9.8632 0.0322
9.9608 9.6712 9.8632 0.0322
9.9958 9.6712 9.8646 0.0348
9.9958 9.6712 9.8646 0.0348
9.9958 9.6712 9.8646 0.0348
9.9958 9.6712 9.8648 0.0349
9.9958 9.6712 9.8654 0.0350
9.9958 9.6712 9.8655 0.0350
9.9958 9.6712 9.8658 0.0349
9.9958 9.6712 9.8658 0.0349
9.9958 9.6712 9.8660 0.0349
9.9958 9.6712 9.8660 0.0349
9.9958 9.6712 9.8660 0.0349
9.9958 9.6712 9.8660 0.0349
9.9958 9.6712 9.8663 0.0348
9.9958 9.6712 9.8665 0.0349
9.9958 9.6712 9.8665 0.0349
9.9958 9.6712 9.8670 0.0345
9.9958 9.6712 9.8675 0.0344
9.9958 9.6712 9.8675 0.0344
9.9958 9.6712 9.8675 0.0344
9.9958 9.6712 9.8675 0.0344
9.9958 9.6712 9.8675 0.0344
9.9958 9.6712 9.8675 0.0344
9.9958 9.6712 9.8676 0.0345
9.9958 9.6712 9.8676 0.0345
9.9958 9.6712 9.8676 0.0345
9.9958 9.6712 9.8676 0.0345
9.9958 9.6712 9.8676 0.0345
9.9958 9.6712 9.8676 0.0345
9.9958 9.6712 9.8677 0.0345
9.9958 9.6712 9.8677 0.0345
9.9958 9.6712 9.8678 0.0345
9.9958 9.6712 9.8678 0.0345
9.9958 9.6712 9.8678 0.0345
9.9958 9.6712 9.8678 0.0345
9.9958 9.6712 9.8678 0.0345
9.9958 9.6712 9.8678 0.0345
9.9958 9.6712 9.8678 0.0345
9.9958 9.6712 9.8678 0.0345
9.9958 9.6712 9.8678 0.0345
9.9958 9.6712 9.8682 0.0351
10.0427 9.6712 9.8699 0.0392
10.0427 9.6712 9.8704 0.0392
10.0427 9.6712 9.8704 0.0392
10.0427 9.6712 9.8704 0.0393
10.0427 9.6712 9.8704 0.0393
10.0427 9.6712 9.8707 0.0393
10.0427 9.6712 9.8711 0.0393
10.0427 9.6712 9.8711 0.0393
10.0427 9.6712 9.8713 0.0393
10.0427 9.6712 9.8713 0.0393
10.0427 9.6712 9.8713 0.0393
10.0427 9.6712 9.8713 0.0393
10.0427 9.6712 9.8713 0.0393
10.0427 9.6712 9.8713 0.0393
10.0427 9.6712 9.8713 0.0393
10.0427 9.6712 9.8713 0.0393
10.0427 9.6712 9.8713 0.0393
10.0427 9.6712 9.8713 0.0393
10.0427 9.6712 9.8713 0.0393
10.0427 9.6712 9.8713 0.0393
10.0427 9.6712 9.8713 0.0393
10.0427 9.6712 9.8713 0.0393
10.0427 9.6712 9.8713 0.0393
10.0427 9.6712 9.8713 0.0393
10.0427 9.6712 9.8713 0.0393
10.0427 9.6712 9.8713 0.0393
10.0427 9.6712 9.8713 0.0393
10.0427 9.6712 9.8713 0.0393
10.0427 9.6712 9.8716 0.0394
10.0427 9.6712 9.8716 0.0394
10.0427 9.6712 9.8716 0.0394
10.0427 9.6712 9.8726 0.0382
10.0427 9.6712 9.8726 0.0382
10.0427 9.6712 9.8729 0.0382
10.0427 9.6712 9.8729 0.0382
10.0427 9.6712 9.8729 0.0382
10.0427 9.6712 9.8729 0.0383
10.0791 9.6712 9.8750 0.0434
10.0791 9.6712 9.8750 0.0434
10.0791 9.6712 9.8750 0.0434
10.0791 9.6712 9.8753 0.0435
10.0791 9.6712 9.8753 0.0435
10.0791 9.6712 9.8754 0.0435
10.0791 9.6712 9.8754 0.0435
10.0791 9.6712 9.8757 0.0435
10.0791 9.6712 9.8778 0.0475
10.0791 9.6712 9.8778 0.0475
10.0791 9.6712 9.8780 0.0476
10.0791 9.6712 9.8781 0.0476
10.0791 9.6712 9.8781 0.0476
10.0791 9.6712 9.8784 0.0475
10.0791 9.6712 9.8787 0.0473
10.0791 9.6712 9.8787 0.0473
10.0791 9.6712 9.8787 0.0473
10.0791 9.6712 9.8787 0.0473
10.0791 9.6712 9.8803 0.0504
10.0791 9.6712 9.8803 0.0504
10.0791 9.6712 9.8807 0.0504
10.0791 9.6712 9.8807 0.0504
10.0791 9.6712 9.8808 0.0504
10.0791 9.6712 9.8813 0.0502
10.0791 9.6712 9.8813 0.0502
10.0791 9.6712 9.8816 0.0501
10.0791 9.6712 9.8816 0.0501
10.0791 9.6712 9.8816 0.0501
10.0791 9.6712 9.8819 0.0496
10.0791 9.6712 9.8819 0.0496
10.0791 9.6712 9.8819 0.0496
10.0791 9.6712 9.8820 0.0496
10.0791 9.6712 9.8832 0.0508
10.0791 9.6712 9.8832 0.0508
10.0791 9.6712 9.8832 0.0508
10.0791 9.6712 9.8832 0.0508
10.0791 9.6712 9.8834 0.0506
10.0791 9.6712 9.8834 0.0506
10.0791 9.6712 9.8834 0.0506
10.0791 9.6712 9.8841 0.0513
10.0791 9.6712 9.8846 0.0512
10.0791 9.6712 9.8859 0.0524
10.0791 9.6712 9.8859 0.0524
10.0791 9.6712 9.8861 0.0524
10.0791 9.6712 9.8861 0.0524
10.0791 9.6712 9.8861 0.0524
10.0791 9.6712 9.8865 0.0524
10.0791 9.6712 9.8865 0.0524
10.0791 9.6712 9.8868 0.0526
10.0791 9.7557 9.8889 0.0480
10.0791 9.7557 9.8889 0.0480
10.0791 9.7557 9.8889 0.0480
10.0791 9.7557 9.8889 0.0480
10.0791 9.7557 9.8889 0.0480
10.0791 9.7557 9.8895 0.0477
10.0791 9.7557 9.8895 0.0477
10.0791 9.7557 9.8895 0.0477
10.0791 9.7557 9.8895 0.0477
10.0917 9.7557 9.8899 0.0492
10.0917 9.7557 9.8899 0.0492
10.0928 9.7557 9.8903 0.0506
10.0928 9.7557 9.8903 0.0506
10.0928 9.7557 9.8903 0.0506
10.0928 9.7557 9.8903 0.0506
10.0928 9.7557 9.8904 0.0506
10.0928 9.7557 9.8904 0.0506
10.0928 9.7557 9.8904 0.0506
10.0928 9.7557 9.8904 0.0506
10.0928 9.7557 9.8904 0.0506
10.0928 9.7557 9.8905 0.0506
10.0928 9.7557 9.8905 0.0506
10.0928 9.7557 9.8905 0.0506
10.0928 9.7557 9.8910 0.0504
10.0928 9.7557 9.8910 0.0504
10.0928 9.7557 9.8910 0.0504
10.0928 9.7557 9.8913 0.0504
10.0928 9.7557 9.8916 0.0503
10.0928 9.7557 9.8916 0.0503
10.0928 9.7557 9.8923 0.0505
10.0928 9.7557 9.8923 0.0505
10.0928 9.7557 9.8923 0.0505
10.0928 9.7557 9.8926 0.0504
10.0928 9.7557 9.8926 0.0504
10.0928 9.7557 9.8942 0.0530
10.0928 9.7557 9.8942 0.0530
10.0928 9.7557 9.8955 0.0539
10.0928 9.7557 9.8970 0.0562
10.0928 9.7557 9.8970 0.0562
10.0928 9.7557 9.8977 0.0563
10.0928 9.7557 9.8982 0.0565
10.0928 9.7557 9.8982 0.0565
10.0928 9.7557 9.8982 0.0565
10.0928 9.7557 9.8982 0.0565
10.0928 9.7557 9.9003 0.0589
10.0928 9.7826 9.9006 0.0582
10.0928 9.7826 9.9006 0.0582
10.0928 9.7826 9.9006 0.0582
10.0928 9.7826 9.9007 0.0585
10.0928 9.7826 9.9007 0.0585
10.0928 9.7826 9.9007 0.0585
10.0928 9.7826 9.9007 0.0585
10.0928 9.7826 9.9021 0.0594
10.0928 9.7826 9.9021 0.0594
10.0941 9.7826 9.9044 0.0623
10.0941 9.7826 9.9044 0.0623
10.0941 9.7826 9.9045 0.0622
10.0941 9.7826 9.9045 0.0622
10.0941 9.7826 9.9045 0.0622
10.0941 9.7826 9.9045 0.0622
10.0941 9.7826 9.9045 0.0622
10.0941 9.7826 9.9048 0.0622
10.0941 9.7826 9.9063 0.0637
10.0941 9.7826 9.9063 0.0637
10.0941 9.7826 9.9063 0.0637
10.0941 9.7826 9.9063 0.0637
10.0941 9.7826 9.9063 0.0637
10.0941 9.7826 9.9063 0.0637
10.0941 9.7826 9.9063 0.0637
10.0941 9.7826 9.9066 0.0636
10.0941 9.7826 9.9087 0.0657
10.0941 9.7826 9.9094 0.0660
10.0941 9.7826 9.9094 0.0660
10.0941 9.7826 9.9111 0.0678
10.0941 9.7826 9.9111 0.0678
10.0941 9.7826 9.9111 0.0678
10.0941 9.7826 9.9111 0.0678
10.0941 9.7826 9.9123 0.0683
10.0941 9.7826 9.9126 0.0681
10.0941 9.7826 9.9132 0.0680
10.0941 9.7826 9.9132 0.0680
10.0941 9.7826 9.9132 0.0680
10.0941 9.7826 9.9132 0.0681
10.0941 9.7826 9.9133 0.0681
10.0941 9.7826 9.9133 0.0681
10.0941 9.7826 9.9133 0.0681
10.0941 9.7826 9.9133 0.0681
10.0941 9.7826 9.9154 0.0699
10.0941 9.7826 9.9160 0.0698
10.0941 9.7826 9.9169 0.0698
10.0941 9.7826 9.9169 0.0698
10.0941 9.7826 9.9169 0.0698
10.0941 9.7826 9.9169 0.0698
10.0941 9.7826 9.9169 0.0698
10.0941 9.7826 9.9189 0.0713
10.0941 9.7826 9.9210 0.0733
10.0941 9.7826 9.9210 0.0733
10.0941 9.7826 9.9230 0.0753
10.0941 9.7826 9.9230 0.0753
10.0941 9.7826 9.9237 0.0763
10.0941 9.7826 9.9237 0.0763
10.0941 9.7826 9.9239 0.0762
10.0941 9.7826 9.9243 0.0761
10.0941 9.7826 9.9252 0.0753
10.0941 9.7826 9.9253 0.0753
10.1161 9.7826 9.9266 0.0773
10.1161 9.7826 9.9272 0.0778
10.1161 9.7826 9.9278 0.0776
10.1161 9.7826 9.9281 0.0775
10.1161 9.7826 9.9283 0.0773
10.1161 9.7826 9.9283 0.0773
10.1161 9.7826 9.9283 0.0773
10.1161 9.7826 9.9284 0.0775
10.1161 9.7826 9.9284 0.0774
10.1161 9.7826 9.9284 0.0774
10.1161 9.7826 9.9284 0.0774
10.1161 9.7826 9.9306 0.0790
10.1161 9.7826 9.9309 0.0788
10.1161 9.7826 9.9312 0.0785
10.1161 9.7826 9.9312 0.0785
10.1161 9.7826 9.9333 0.0802
10.1161 9.7826 9.9333 0.0802
10.1161 9.7826 9.9333 0.0802
10.1161 9.7826 9.9342 0.0804
10.1161 9.7826 9.9349 0.0803
10.1161 9.7826 9.9368 0.0818
10.1161 9.7826 9.9371 0.0816
10.1161 9.7826 9.9374 0.0813
10.1161 9.7826 9.9374 0.0813
10.1161 9.7826 9.9374 0.0812
10.1161 9.7826 9.9374 0.0812
10.1161 9.7826 9.9378 0.0819
10.1161 9.7826 9.9378 0.0819
10.1161 9.7826 9.9397 0.0827
10.1161 9.7826 9.9402 0.0823
10.1161 9.7826 9.9402 0.0823
10.1161 9.7826 9.9403 0.0822
10.1161 9.7826 9.9404 0.0822
10.1161 9.7826 9.9404 0.0822
10.1161 9.7826 9.9404 0.0822
10.1161 9.8350 9.9422 0.0807
10.1161 9.8350 9.9425 0.0811
10.1161 9.8350 9.9426 0.0811
10.1161 9.8350 9.9434 0.0815
10.1161 9.8350 9.9434 0.0815
10.1161 9.8350 9.9438 0.0814
10.1161 9.8350 9.9440 0.0814
10.1161 9.8350 9.9440 0.0814
10.1161 9.8350 9.9440 0.0814
10.1161 9.8350 9.9441 0.0814
10.1161 9.8350 9.9463 0.0824
10.1161 9.8350 9.9463 0.0824
10.1161 9.8350 9.9463 0.0824
10.1161 9.8350 9.9481 0.0831
10.1161 9.8350 9.9482 0.0832
10.1161 9.8350 9.9482 0.0832
10.1161 9.8350 9.9483 0.0833
10.1161 9.8350 9.9483 0.0833
10.1161 9.8350 9.9483 0.0832
10.1161 9.8350 9.9495 0.0825
10.1161 9.8350 9.9495 0.0825
10.1161 9.8350 9.9496 0.0825
10.1161 9.8350 9.9497 0.0826
10.1161 9.8350 9.9497 0.0826
10.1161 9.8350 9.9497 0.0826
10.1161 9.8350 9.9516 0.0836
10.1161 9.8350 9.9533 0.0838
10.1161 9.8350 9.9551 0.0840
10.1161 9.8350 9.9556 0.0838
10.1161 9.8350 9.9557 0.0840
10.1161 9.8350 9.9560 0.0838
10.1161 9.8350 9.9572 0.0835
10.1161 9.8350 9.9583 0.0845
10.1161 9.8350 9.9583 0.0845
10.1161 9.8350 9.9590 0.0853
10.1161 9.8350 9.9591 0.0853
10.1161 9.8350 9.9591 0.0853
10.1161 9.8350 9.9594 0.0850
10.1161 9.8350 9.9612 0.0851
10.1161 9.8350 9.9612 0.0852
10.1161 9.8350 9.9612 0.0852
10.1161 9.8350 9.9624 0.0848
10.1161 9.8350 9.9624 0.0849
10.1161 9.8350 9.9624 0.0849
10.1161 9.8350 9.9624 0.0849
10.1161 9.8350 9.9624 0.0849
10.1161 9.8350 9.9629 0.0846
10.1161 9.8350 9.9633 0.0842
10.1161 9.8350 9.9640 0.0839
10.1161 9.8350 9.9654 0.0846
10.1161 9.8350 9.9664 0.0856
10.1161 9.8350 9.9664 0.0856
10.1161 9.8350 9.9664 0.0856
10.1161 9.8350 9.9665 0.0855
10.1161 9.8350 9.9665 0.0855
10.1161 9.8350 9.9665 0.0855
10.1161 9.8350 9.9665 0.0855
10.1161 9.8350 9.9686 0.0860
10.1161 9.8350 9.9702 0.0861
10.1161 9.8350 9.9720 0.0858
10.1161 9.8350 9.9720 0.0858
10.1161 9.8350 9.9731 0.0856
10.1161 9.8350 9.9731 0.0856
10.1161 9.8350 9.9752 0.0863
10.1161 9.8350 9.9752 0.0863
10.1161 9.8350 9.9752 0.0863
10.1161 9.8350 9.9752 0.0863
10.1161 9.8350 9.9752 0.0863
10.1161 9.8350 9.9752 0.0863
10.1161 9.8350 9.9752 0.0863
10.1161 9.8350 9.9752 0.0863
10.1161 9.8350 9.9760 0.0866
10.1161 9.8350 9.9760 0.0866
10.1161 9.8350 9.9760 0.0866
10.1161 9.8350 9.9760 0.0866
10.1161 9.8350 9.9760 0.0866
10.1161 9.8350 9.9764 0.0865
10.1166 9.8350 9.9770 0.0871
10.1166 9.8350 9.9770 0.0871
10.1166 9.8350 9.9789 0.0867
10.1166 9.8350 9.9789 0.0867
10.1166 9.8350 9.9789 0.0867
10.1166 9.8350 9.9789 0.0867
10.1166 9.8350 9.9801 0.0871
10.1166 9.8350 9.9801 0.0871
10.1166 9.8350 9.9801 0.0871
10.1166 9.8350 9.9801 0.0871
10.1166 9.8350 9.9807 0.0868
10.1166 9.8350 9.9820 0.0875
10.1166 9.8350 9.9820 0.0875
10.1166 9.8350 9.9836 0.0881
10.1166 9.8350 9.9836 0.0880
10.1166 9.8350 9.9836 0.0880
10.1166 9.8350 9.9836 0.0880
10.1166 9.8350 9.9836 0.0880
10.1166 9.8350 9.9851 0.0878
10.1166 9.8350 9.9856 0.0884
10.1166 9.8350 9.9861 0.0889
10.1166 9.8350 9.9861 0.0889
10.1166 9.8350 9.9861 0.0889
10.1166 9.8350 9.9881 0.0893
10.1166 9.8350 9.9885 0.0896
10.1166 9.8350 9.9903 0.0891
10.1166 9.8350 9.9903 0.0891
10.1176 9.8350 9.9928 0.0898
10.1176 9.8350 9.9928 0.0898
10.1176 9.8350 9.9928 0.0898
10.1176 9.8350 9.9928 0.0898
10.1176 9.8350 9.9928 0.0898
10.1176 9.8350 9.9928 0.0898
10.1176 9.8350 9.9930 0.0899
10.1176 9.8350 9.9930 0.0899
10.1176 9.8350 9.9930 0.0899
10.1176 9.8350 9.9930 0.0899
10.1176 9.8350 9.9931 0.0900
10.1402 9.8350 9.9941 0.0914
10.1402 9.8350 9.9960 0.0914
10.1402 9.8350 9.9961 0.0914
10.1402 9.8350 9.9979 0.0911
10.1402 9.8350 9.9982 0.0914
10.1402 9.8350 9.9999 0.0902
10.1402 9.8350 9.9999 0.0902
10.1402 9.8350 9.9999 0.0902
10.1402 9.8350 9.9999 0.0903
10.1402 9.8350 9.9999 0.0903
10.1402 9.8350 9.9999 0.0902
10.1402 9.8350 10.0000 0.0903
10.1402 9.8350 10.0000 0.0903
10.1402 9.8350 10.0000 0.0903
10.1402 9.8350 10.0000 0.0903
10.1402 9.8350 10.0024 0.0902
10.1402 9.8350 10.0036 0.0896
10.1402 9.8350 10.0036 0.0896
10.1402 9.8350 10.0036 0.0896
10.1402 9.8350 10.0037 0.0897
10.1402 9.8350 10.0037 0.0897
10.1402 9.8350 10.0037 0.0897
10.1402 9.8350 10.0037 0.0897
10.1402 9.8350 10.0037 0.0897
10.1402 9.8350 10.0037 0.0897
10.1402 9.8350 10.0037 0.0897
10.1402 9.8350 10.0037 0.0897
10.1402 9.8350 10.0037 0.0897
10.1402 9.8350 10.0037 0.0897
10.1402 9.8350 10.0055 0.0896
10.1402 9.8350 10.0055 0.0896
10.1402 9.8350 10.0055 0.0896
10.1402 9.8350 10.0058 0.0896
10.1402 9.8350 10.0058 0.0897
10.1402 9.8350 10.0058 0.0897
10.1402 9.8350 10.0080 0.0891
10.1402 9.8350 10.0080 0.0891
10.1402 9.8350 10.0080 0.0891
10.1402 9.8350 10.0098 0.0887
10.1402 9.8350 10.0117 0.0881
10.1402 9.8350 10.0117 0.0881
10.1402 9.8350 10.0130 0.0884
10.1402 9.8350 10.0130 0.0884
10.1402 9.8350 10.0130 0.0884
10.1402 9.8350 10.0130 0.0884
10.1402 9.8350 10.0139 0.0884
10.1402 9.8350 10.0145 0.0878
10.1402 9.8350 10.0159 0.0871
10.1402 9.8350 10.0180 0.0863
10.1402 9.8350 10.0181 0.0864
10.1402 9.8350 10.0191 0.0867
10.1402 9.8350 10.0198 0.0864
10.1402 9.8350 10.0198 0.0864
10.1402 9.8350 10.0198 0.0864
10.1402 9.8350 10.0212 0.0856
10.1402 9.8350 10.0212 0.0856
10.1402 9.8350 10.0212 0.0856
10.1402 9.8350 10.0212 0.0856
10.1402 9.8350 10.0239 0.0852
10.1402 9.8350 10.0239 0.0852
10.1402 9.8350 10.0256 0.0839
10.1402 9.8350 10.0256 0.0839
10.1402 9.8350 10.0256 0.0839
10.1402 9.8350 10.0258 0.0841
10.1402 9.8350 10.0263 0.0838
10.1402 9.8350 10.0263 0.0838
10.1402 9.8350 10.0263 0.0838
10.1402 9.8350 10.0263 0.0838
10.1402 9.8350 10.0275 0.0836
10.1402 9.8350 10.0276 0.0837
10.1402 9.8350 10.0277 0.0838
10.1402 9.8350 10.0277 0.0838
10.1402 9.8350 10.0281 0.0836
10.1402 9.8350 10.0301 0.0831
10.1402 9.8350 10.0302 0.0831
10.1402 9.8350 10.0302 0.0831
10.1402 9.8350 10.0302 0.0831
10.1402 9.8350 10.0304 0.0833
10.1402 9.8350 10.0305 0.0833
10.1402 9.8350 10.0305 0.0833
10.1402 9.8350 10.0316 0.0820
10.1402 9.8350 10.0324 0.0826
10.1402 9.8350 10.0324 0.0826
10.1402 9.8350 10.0341 0.0827
10.1402 9.8350 10.0341 0.0827
10.1402 9.8350 10.0341 0.0827
10.1402 9.8350 10.0341 0.0827
10.1402 9.8350 10.0341 0.0827
10.1402 9.8350 10.0344 0.0827
10.1402 9.8350 10.0344 0.0827
10.1402 9.8350 10.0345 0.0827
10.1402 9.8350 10.0345 0.0827
10.1402 9.8350 10.0351 0.0828
10.1402 9.8350 10.0351 0.0828
10.1402 9.8350 10.0351 0.0828
10.1402 9.8350 10.0352 0.0829
10.1402 9.8350 10.0352 0.0829
10.1402 9.8350 10.0352 0.0829
10.1402 9.8350 10.0352 0.0829
10.1402 9.8350 10.0355 0.0831
10.1402 9.8350 10.0364 0.0821
10.1402 9.8350 10.0364 0.0821
10.1402 9.8350 10.0364 0.0821
10.1402 9.8350 10.0368 0.0825
10.1402 9.8350 10.0377 0.0825
10.1402 9.8350 10.0380 0.0828
10.1402 9.8350 10.0381 0.0828
10.1402 9.8350 10.0381 0.0828
10.1402 9.8350 10.0385 0.0827
10.1402 9.8350 10.0394 0.0833
10.1402 9.8350 10.0417 0.0826
10.1402 9.8350 10.0425 0.0827
10.1402 9.8350 10.0425 0.0827
10.1402 9.8350 10.0433 0.0823
10.1402 9.8350 10.0453 0.0813
10.1402 9.8350 10.0453 0.0813
10.1402 9.8350 10.0458 0.0815
10.1402 9.8350 10.0458 0.0815
10.1402 9.8350 10.0465 0.0803
10.1402 9.8350 10.0465 0.0803
10.1402 9.8350 10.0465 0.0803
10.1402 9.8350 10.0465 0.0803
10.1402 9.8350 10.0468 0.0804
10.1402 9.8350 10.0472 0.0808
10.1402 9.8350 10.0476 0.0810
10.1402 9.8350 10.0499 0.0795
10.1402 9.8350 10.0504 0.0796
10.1402 9.8350 10.0504 0.0796
10.1402 9.8350 10.0504 0.0796
10.1402 9.8350 10.0510 0.0800
10.1402 9.8350 10.0517 0.0802
10.1402 9.8350 10.0519 0.0799
10.1402 9.8350 10.0519 0.0799
10.1402 9.8350 10.0522 0.0801
10.1402 9.8350 10.0522 0.0801
10.1402 9.8350 10.0522 0.0801
10.1402 9.8350 10.0522 0.0801
10.1402 9.8350 10.0522 0.0801
10.1402 9.8350 10.0528 0.0802
10.1402 9.8350 10.0528 0.0802
10.1402 9.8350 10.0530 0.0802
10.1402 9.8350 10.0537 0.0790
10.1402 9.8350 10.0543 0.0793
10.1402 9.8350 10.0544 0.0794
10.1402 9.8350 10.0547 0.0796
10.1402 9.8350 10.0547 0.0796
10.1402 9.8350 10.0547 0.0796
10.1402 9.8350 10.0547 0.0796
10.1402 9.8350 10.0565 0.0790
10.1402 9.8350 10.0565 0.0790
10.1402 9.8350 10.0569 0.0791
10.1402 9.8350 10.0578 0.0785
10.1402 9.8350 10.0578 0.0785
10.1402 9.8350 10.0578 0.0785
10.1402 9.8350 10.0589 0.0786
10.1402 9.8350 10.0590 0.0787
10.1402 9.8350 10.0590 0.0787
10.1402 9.8350 10.0597 0.0788
10.1402 9.8350 10.0597 0.0788
10.1402 9.8350 10.0597 0.0788
10.1402 9.8350 10.0615 0.0781
10.1402 9.8350 10.0615 0.0781
10.1402 9.8350 10.0615 0.0781
10.1402 9.8350 10.0617 0.0781
10.1402 9.8350 10.0640 0.0763
10.1402 9.8350 10.0640 0.0763
10.1402 9.8350 10.0640 0.0763
10.1402 9.8350 10.0640 0.0763
10.1402 9.8350 10.0663 0.0748
10.1402 9.8350 10.0676 0.0742
10.1402 9.8350 10.0676 0.0742
10.1402 9.8350 10.0679 0.0743
10.1402 9.8350 10.0682 0.0743
10.1402 9.8350 10.0685 0.0745
10.1402 9.8350 10.0685 0.0745
10.1402 9.8350 10.0688 0.0747
10.1402 9.8697 10.0715 0.0710
10.1402 9.8697 10.0722 0.0711
10.1402 9.8697 10.0722 0.0711
10.1402 9.8697 10.0722 0.0711
10.1402 9.8697 10.0722 0.0711
10.1402 9.8697 10.0722 0.0711
10.1402 9.8697 10.0722 0.0711
10.1402 9.8697 10.0742 0.0691
10.1402 9.8697 10.0755 0.0677
10.1402 9.8697 10.0755 0.0677
10.1402 9.8697 10.0758 0.0678
10.1402 9.8697 10.0762 0.0680
10.1402 9.8697 10.0765 0.0676
10.1402 9.8697 10.0765 0.0676
10.1402 9.8697 10.0768 0.0677
10.1402 9.8697 10.0768 0.0677
10.1402 9.8697 10.0768 0.0677
10.1402 9.8697 10.0768 0.0677
10.1402 9.8697 10.0768 0.0677
10.1402 9.8697 10.0770 0.0677
10.1402 9.8697 10.0792 0.0655
10.1402 9.8697 10.0792 0.0655
10.1402 9.8697 10.0792 0.0655
10.1402 9.8697 10.0795 0.0655
10.1402 9.8697 10.0795 0.0655
10.1402 9.8697 10.0795 0.0655
10.1402 9.8697 10.0817 0.0631
10.1402 9.8697 10.0834 0.0620
10.1402 9.8697 10.0836 0.0621
10.1402 9.8697 10.0838 0.0622
10.1402 9.8734 10.0859 0.0584
10.1402 9.8734 10.0865 0.0582
10.1402 9.8734 10.0865 0.0582
10.1402 9.8734 10.0877 0.0579
10.1402 9.8734 10.0877 0.0579
10.1402 9.8734 10.0878 0.0579
10.1402 9.8734 10.0878 0.0579
10.1402 9.8734 10.0879 0.0579
10.1402 9.8734 10.0879 0.0579
10.1402 9.8734 10.0879 0.0579
10.1402 9.8734 10.0880 0.0580
10.1402 9.8734 10.0880 0.0580
10.1402 9.8734 10.0881 0.0581
10.1402 9.8734 10.0881 0.0581
10.1402 9.8734 10.0881 0.0581
10.1402 9.8734 10.0884 0.0582
10.1467 9.8734 10.0887 0.0584
10.1467 9.8734 10.0893 0.0585
10.1467 9.8734 10.0893 0.0585
10.1467 9.8734 10.0913 0.0552
10.1467 9.8734 10.0914 0.0552
10.1467 9.8734 10.0918 0.0553
10.1467 9.8734 10.0918 0.0553
10.1467 9.8734 10.0922 0.0555
10.1467 9.8734 10.0925 0.0556
10.1467 9.8734 10.0925 0.0556
10.1467 9.8734 10.0926 0.0557
10.1467 9.8734 10.0926 0.0557
10.1467 9.8734 10.0926 0.0557
10.1467 9.8734 10.0926 0.0557
10.1467 9.8734 10.0928 0.0557
10.1467 9.8734 10.0928 0.0557
10.1467 9.8734 10.0928 0.0557
10.1467 9.8734 10.0929 0.0558
10.1467 9.8734 10.0934 0.0558
10.1467 9.8734 10.0954 0.0513
10.1467 9.8734 10.0954 0.0513
10.1467 9.8734 10.0976 0.0474
10.1467 9.8734 10.0978 0.0475
10.1467 9.8734 10.0988 0.0468
10.1467 9.8734 10.0988 0.0468
10.1467 9.8734 10.0991 0.0469
10.1467 9.8734 10.0991 0.0469
10.1467 9.8734 10.0991 0.0469
10.1467 9.8734 10.0991 0.0469
10.1467 9.8734 10.0991 0.0469
10.1467 9.8734 10.0991 0.0469
10.1467 9.8734 10.0992 0.0470
10.1467 9.8734 10.0999 0.0471
10.1467 9.8734 10.0999 0.0471
10.1467 9.8734 10.1002 0.0471
10.1673 9.8734 10.1007 0.0476
10.1673 9.8734 10.1007 0.0476
10.1673 9.8734 10.1007 0.0476
10.1673 9.8734 10.1011 0.0476
10.1673 9.8734 10.1014 0.0478
10.1673 9.8734 10.1014 0.0478
10.1673 9.8734 10.1014 0.0478
10.1673 9.8734 10.1014 0.0478
10.1673 9.8734 10.1018 0.0479
10.1673 9.8734 10.1018 0.0479
10.1673 9.8734 10.1020 0.0478
10.1673 9.8734 10.1020 0.0478
10.1673 9.8734 10.1020 0.0478
10.1673 9.8734 10.1020 0.0478
10.1673 9.8734 10.1020 0.0478
10.1673 9.8734 10.1027 0.0478
10.1673 9.8734 10.1027 0.0479
10.1673 9.8734 10.1028 0.0479
10.1673 9.8734 10.1028 0.0479
10.1673 9.8734 10.1028 0.0479
10.1673 9.8734 10.1035 0.0479
10.1673 9.8734 10.1035 0.0479
10.1673 9.8734 10.1036 0.0478
10.1673 9.8734 10.1037 0.0479
10.1673 9.8734 10.1037 0.0479
10.1673 9.8734 10.1044 0.0472
10.1673 9.8734 10.1044 0.0472
10.1673 9.8734 10.1044 0.0472
10.1673 9.8734 10.1044 0.0472
10.1673 9.8734 10.1046 0.0474
10.1673 9.8734 10.1046 0.0474
10.1673 9.8734 10.1046 0.0474
10.1673 9.8734 10.1048 0.0475
10.1673 9.8734 10.1048 0.0475
10.1673 9.8734 10.1048 0.0475
10.1673 9.8734 10.1068 0.0427
10.1673 9.8734 10.1068 0.0427
10.1673 9.8734 10.1068 0.0427
10.1673 9.8734 10.1072 0.0429
10.1673 9.8734 10.1072 0.0429
10.1673 9.8734 10.1072 0.0429
10.1673 9.8734 10.1072 0.0429
10.1673 9.8734 10.1076 0.0429
10.1673 9.8734 10.1083 0.0425
10.1673 9.8734 10.1085 0.0423
10.1673 9.8734 10.1088 0.0423
10.1673 9.8734 10.1088 0.0423
10.1673 9.8734 10.1088 0.0423
10.1673 9.8734 10.1088 0.0423
10.1673 9.8734 10.1088 0.0423
10.1673 9.8734 10.1088 0.0423
10.1673 9.8734 10.1088 0.0423
10.1673 9.8734 10.1090 0.0423
10.1673 9.8734 10.1090 0.0423
10.1673 9.8734 10.1093 0.0423
10.1673 9.8734 10.1093 0.0423
10.1673 9.8734 10.1093 0.0423
10.1673 9.8734 10.1096 0.0423
10.1673 9.8734 10.1096 0.0423
10.1673 9.8734 10.1096 0.0423
10.1673 9.8734 10.1096 0.0423
10.1673 9.8734 10.1100 0.0426
10.1673 9.8734 10.1100 0.0426
10.1673 9.8734 10.1100 0.0426
10.1673 9.8734 10.1100 0.0426
10.1673 9.8734 10.1100 0.0426
10.1673 9.8734 10.1103 0.0426
10.1673 9.8734 10.1103 0.0426
10.1673 9.8734 10.1103 0.0426
10.1673 9.8734 10.1103 0.0426
10.1673 9.8734 10.1106 0.0426
10.1673 9.8734 10.1110 0.0426
10.1673 9.8734 10.1110 0.0426
10.1673 9.8734 10.1111 0.0427
10.1673 9.8734 10.1111 0.0427
10.1673 9.8734 10.1113 0.0428
10.1673 9.8734 10.1114 0.0428
10.1673 9.8734 10.1114 0.0428
10.1673 9.8734 10.1114 0.0428
10.1673 9.8734 10.1116 0.0428
10.1673 9.8734 10.1116 0.0428
10.1673 9.8734 10.1117 0.0428
10.1673 9.8734 10.1117 0.0428
10.1673 9.8734 10.1120 0.0430
10.1673 9.8734 10.1120 0.0430
10.1673 9.8734 10.1120 0.0430
10.1673 9.8734 10.1125 0.0431
10.1673 9.8734 10.1125 0.0431
10.1673 9.8734 10.1132 0.0430
10.1673 9.8734 10.1133 0.0429
10.1673 9.8734 10.1135 0.0430
10.1673 9.8734 10.1135 0.0430
10.1673 9.8734 10.1135 0.0430
10.1673 9.8734 10.1137 0.0431
10.1673 9.8734 10.1137 0.0431
10.1673 9.8734 10.1137 0.0431
10.1673 9.8734 10.1155 0.0404
10.1673 9.8734 10.1156 0.0403
10.1673 9.8734 10.1156 0.0403
10.1673 9.8734 10.1156 0.0403
10.1673 9.8734 10.1156 0.0403
10.1673 9.8734 10.1157 0.0404
10.1673 9.8734 10.1158 0.0404
10.1673 9.8734 10.1158 0.0404
10.1673 9.8734 10.1158 0.0404
10.1673 9.8734 10.1158 0.0404
10.1673 9.8734 10.1158 0.0404
10.1673 9.8734 10.1159 0.0404
10.1673 9.8734 10.1159 0.0404
10.1673 9.8734 10.1161 0.0404
10.1673 9.8734 10.1161 0.0404
10.1673 9.8734 10.1161 0.0404
10.1673 9.8734 10.1176 0.0384
10.1673 9.8734 10.1176 0.0384
10.1673 9.8734 10.1176 0.0384
10.1673 9.8734 10.1176 0.0384
10.1673 9.8734 10.1176 0.0384
10.1673 9.8734 10.1176 0.0384
10.1673 9.8734 10.1176 0.0384
10.1673 9.8734 10.1178 0.0383
10.1673 9.8734 10.1178 0.0383
10.1673 9.8734 10.1178 0.0383
10.1673 9.8734 10.1178 0.0383
10.1673 9.8734 10.1178 0.0383
10.1673 9.8734 10.1179 0.0383
10.1673 9.8734 10.1179 0.0383
10.1673 9.8734 10.1179 0.0383
10.1673 9.8734 10.1184 0.0386
10.1673 9.8734 10.1185 0.0386
10.1673 9.8734 10.1185 0.0386
10.1673 9.8734 10.1185 0.0386
10.1673 9.8734 10.1185 0.0386
10.1673 9.8734 10.1185 0.0386
10.1673 9.8734 10.1185 0.0386
10.1673 9.8734 10.1187 0.0386
10.1673 9.8734 10.1188 0.0386
10.1673 9.8734 10.1188 0.0386
10.1673 9.8734 10.1188 0.0386
10.1673 9.8734 10.1188 0.0386
10.1673 9.8734 10.1191 0.0387
10.1673 9.8734 10.1192 0.0387
10.1673 9.8734 10.1192 0.0387
10.1673 9.8734 10.1192 0.0387
10.1673 9.8734 10.1192 0.0387
10.1673 9.8734 10.1192 0.0387
10.1673 9.8734 10.1192 0.0387
10.1673 9.8734 10.1192 0.0387
10.1673 9.8734 10.1192 0.0387
10.1673 9.8734 10.1195 0.0387
10.1673 9.8734 10.1196 0.0387
10.1673 9.8734 10.1211 0.0353
10.1673 9.8734 10.1211 0.0353
10.1673 9.8734 10.1213 0.0354
10.1673 9.8734 10.1213 0.0354
10.1673 9.8734 10.1214 0.0355
10.1673 9.8734 10.1214 0.0355
10.1673 9.8734 10.1214 0.0355
10.1673 9.8734 10.1215 0.0355
10.1673 9.8734 10.1215 0.0355
10.1673 9.8734 10.1216 0.0355
10.1673 9.8734 10.1216 0.0355
10.1673 9.8734 10.1218 0.0355
10.1673 9.8734 10.1218 0.0355
10.1673 9.8734 10.1221 0.0355
10.1673 9.8734 10.1221 0.0355
10.1673 9.8734 10.1225 0.0356
10.1673 9.8734 10.1225 0.0356
10.1673 9.8734 10.1226 0.0356
10.1673 9.8734 10.1227 0.0356
10.1673 9.8734 10.1227 0.0356
10.1673 9.8734 10.1233 0.0353
10.1673 9.8734 10.1233 0.0353
10.1673 9.8734 10.1233 0.0353
10.1673 9.8734 10.1235 0.0354
10.1673 9.8734 10.1236 0.0354
10.1673 9.8734 10.1236 0.0354
10.1673 9.8734 10.1239 0.0355
10.1673 9.8734 10.1240 0.0356
10.1673 9.8734 10.1240 0.0356
10.1673 9.8734 10.1244 0.0355
10.1673 9.8734 10.1246 0.0355
10.1673 9.8734 10.1246 0.0355
10.1673 9.8734 10.1246 0.0355
10.1673 9.8734 10.1246 0.0355
10.1673 9.8734 10.1248 0.0357
10.1673 9.8734 10.1262 0.0332
10.1673 9.8734 10.1262 0.0332
10.1673 9.8734 10.1264 0.0331
10.1673 9.8734 10.1264 0.0331
10.1673 9.8734 10.1266 0.0331
10.1673 9.8734 10.1266 0.0332
10.1673 9.8734 10.1266 0.0332
10.1673 9.8734 10.1272 0.0330
10.1673 9.8734 10.1272 0.0330
10.1673 9.8734 10.1272 0.0330
10.1673 9.8734 10.1272 0.0330
10.1673 9.8734 10.1272 0.0330
10.1673 9.8734 10.1272 0.0330
10.1673 9.8734 10.1274 0.0330
10.1673 9.8734 10.1274 0.0330
10.1673 9.8734 10.1274 0.0330
10.1673 9.8734 10.1274 0.0330
10.1673 9.8734 10.1274 0.0330
10.1673 9.8734 10.1274 0.0330
10.1673 9.8734 10.1275 0.0330
10.1673 9.8734 10.1275 0.0330
10.1673 9.8734 10.1279 0.0329
10.1673 9.8734 10.1279 0.0329
10.1673 9.8734 10.1281 0.0330
10.1673 9.8734 10.1281 0.0330
10.1673 9.8734 10.1281 0.0330
10.1673 9.8734 10.1284 0.0328
10.1673 9.8734 10.1286 0.0328
10.1673 9.8734 10.1286 0.0328
10.1673 9.8734 10.1287 0.0328
10.1673 9.8734 10.1287 0.0328
10.1673 9.8734 10.1287 0.0328
10.1673 9.8734 10.1287 0.0328
10.1673 9.8734 10.1287 0.0328
10.1673 9.8734 10.1287 0.0328
10.1673 9.8734 10.1287 0.0328
10.1673 9.8734 10.1287 0.0328
10.1673 9.8734 10.1293 0.0326
10.1673 9.8734 10.1300 0.0322
10.1673 9.8734 10.1300 0.0322
10.1673 9.8734 10.1300 0.0322
10.1673 9.8734 10.1300 0.0322
10.1673 9.8734 10.1300 0.0322
10.1673 9.8734 10.1300 0.0322
10.1673 9.8734 10.1300 0.0322
10.1673 9.8734 10.1304 0.0325
10.1673 9.8734 10.1304 0.0325
10.1673 9.8734 10.1315 0.0310
10.1673 9.8734 10.1320 0.0308
10.1673 9.8734 10.1320 0.0308
10.1673 9.8734 10.1323 0.0306
10.1673 9.8734 10.1323 0.0306
10.1673 9.8734 10.1323 0.0306
10.1673 9.8734 10.1323 0.0306
10.1673 9.8734 10.1323 0.0306
10.1673 9.8734 10.1323 0.0306
10.1673 9.8734 10.1324 0.0306
10.1674 9.8734 10.1325 0.0307
10.1674 9.8734 10.1326 0.0308
10.1674 9.8734 10.1327 0.0308
10.1674 9.8734 10.1327 0.0308
10.1674 9.8734 10.1328 0.0309
10.1674 9.8734 10.1328 0.0309
10.1674 9.8734 10.1328 0.0309
10.1674 9.8734 10.1328 0.0309
10.1674 9.8734 10.1328 0.0309
10.1674 9.8734 10.1329 0.0309
10.1674 9.8734 10.1329 0.0309
10.1674 9.8734 10.1330 0.0309
10.1674 9.8734 10.1330 0.0309
10.1674 9.8734 10.1330 0.0309
10.1674 9.8734 10.1330 0.0309
10.1674 9.8734 10.1330 0.0309
10.1674 9.8734 10.1330 0.0309
10.1674 9.8734 10.1330 0.0309
10.1674 9.8734 10.1330 0.0309
10.1674 9.8734 10.1331 0.0308
10.1674 9.8734 10.1331 0.0308
10.1674 9.8734 10.1331 0.0308
10.1674 9.8734 10.1332 0.0308
10.1674 9.8734 10.1332 0.0308
10.1674 9.8734 10.1335 0.0309
10.1674 9.8734 10.1336 0.0309
10.1674 9.8734 10.1337 0.0310
10.1674 9.8734 10.1338 0.0310
10.1674 9.8734 10.1338 0.0310
10.1674 9.8734 10.1339 0.0310
10.1674 9.8734 10.1339 0.0310
10.1674 9.8734 10.1339 0.0310
10.1674 9.8734 10.1339 0.0310
10.1674 9.8734 10.1339 0.0310
10.1674 9.8734 10.1339 0.0310
10.1674 9.8734 10.1339 0.0310
10.1674 9.8734 10.1339 0.0310
10.1674 9.8734 10.1340 0.0310
10.1674 9.8734 10.1340 0.0311
10.1674 9.8734 10.1340 0.0311
10.1674 9.8734 10.1340 0.0311
10.1674 10.0818 10.1368 0.0167
10.1674 10.0818 10.1368 0.0167
10.1674 10.0818 10.1368 0.0167
10.1674 10.0818 10.1369 0.0167
10.1674 10.0818 10.1372 0.0165
10.1674 10.0818 10.1372 0.0165
10.1674 10.0818 10.1372 0.0165
10.1674 10.0818 10.1372 0.0165
10.1674 10.0818 10.1372 0.0165
10.1674 10.0818 10.1372 0.0165
10.1674 10.0818 10.1372 0.0165
10.1674 10.0818 10.1372 0.0165
10.1674 10.0818 10.1372 0.0165
10.1674 10.0818 10.1372 0.0165
10.1674 10.0818 10.1372 0.0165
10.1674 10.0818 10.1373 0.0165
10.1674 10.0818 10.1373 0.0165
10.1674 10.0818 10.1373 0.0165
10.1674 10.0818 10.1374 0.0165
10.1674 10.0818 10.1376 0.0168
10.1674 10.0818 10.1376 0.0168
10.1674 10.0818 10.1376 0.0168
10.1674 10.0818 10.1376 0.0168
10.1674 10.0818 10.1378 0.0169
10.1674 10.0818 10.1379 0.0169
10.1674 10.0818 10.1381 0.0169
10.1674 10.0818 10.1381 0.0169
10.1674 10.0818 10.1382 0.0170
10.1674 10.0818 10.1386 0.0165
10.1674 10.0818 10.1386 0.0165
10.1674 10.0818 10.1386 0.0165
10.1674 10.0818 10.1387 0.0166
10.1674 10.0818 10.1387 0.0166
10.1674 10.0818 10.1387 0.0166
10.1674 10.0818 10.1389 0.0167
10.1674 10.0818 10.1389 0.0167
10.1674 10.0818 10.1389 0.0167
10.1674 10.0818 10.1389 0.0167
10.1674 10.0818 10.1392 0.0166
10.1674 10.0818 10.1395 0.0168
10.1674 10.0818 10.1395 0.0168
10.1674 10.0818 10.1396 0.0168
10.1674 10.0818 10.1396 0.0168
10.1674 10.0818 10.1399 0.0168
10.1674 10.0818 10.1399 0.0168
10.1674 10.0818 10.1399 0.0168
10.1708 10.0818 10.1402 0.0171
10.1708 10.0818 10.1403 0.0171
10.1708 10.0818 10.1403 0.0171
10.1708 10.0818 10.1403 0.0171
10.1708 10.0818 10.1403 0.0171
10.1708 10.0818 10.1403 0.0171
10.1708 10.0818 10.1403 0.0171
10.1708 10.0818 10.1403 0.0171
10.1708 10.0845 10.1410 0.0161
10.1708 10.0845 10.1410 0.0161
10.1708 10.0845 10.1410 0.0161
10.1708 10.0845 10.1410 0.0161
10.1708 10.0845 10.1412 0.0161
10.1708 10.0845 10.1413 0.0162
10.1708 10.0845 10.1413 0.0162
10.1708 10.0845 10.1419 0.0156
10.1708 10.0845 10.1419 0.0156
10.1708 10.0845 10.1419 0.0156
10.1708 10.0845 10.1419 0.0156
10.1708 10.0845 10.1420 0.0157
10.1708 10.0845 10.1420 0.0157
10.1708 10.0845 10.1420 0.0157
10.1708 10.0845 10.1420 0.0157
10.1708 10.0845 10.1420 0.0157
10.1708 10.0845 10.1420 0.0157
10.1708 10.0845 10.1420 0.0157
10.1708 10.0845 10.1421 0.0158
10.1879 10.0845 10.1425 0.0164
10.1879 10.0845 10.1425 0.0164
10.1879 10.0845 10.1425 0.0164
10.1879 10.0845 10.1426 0.0164
10.1879 10.0845 10.1426 0.0164
10.1879 10.0845 10.1427 0.0164
10.1879 10.0845 10.1427 0.0164
10.1879 10.0845 10.1431 0.0169
10.1879 10.0845 10.1433 0.0171
10.1879 10.0845 10.1436 0.0169
10.1879 10.0845 10.1437 0.0170
10.1879 10.0845 10.1437 0.0170
10.1879 10.0845 10.1437 0.0170
10.1879 10.0845 10.1439 0.0170
10.1879 10.0845 10.1439 0.0170
10.1879 10.0845 10.1441 0.0170
10.1879 10.0845 10.1441 0.0170
10.1879 10.0845 10.1443 0.0172
10.1879 10.0845 10.1443 0.0172
10.1879 10.0845 10.1443 0.0172
10.1879 10.0845 10.1447 0.0166
10.1879 10.0845 10.1448 0.0165
10.1879 10.0845 10.1448 0.0165
10.1879 10.0845 10.1448 0.0165
10.1879 10.0845 10.1448 0.0165
10.1879 10.0845 10.1448 0.0165
10.1879 10.0845 10.1448 0.0165
10.1879 10.0845 10.1450 0.0167
10.1879 10.0845 10.1452 0.0166
10.1879 10.0845 10.1452 0.0166
10.1879 10.0845 10.1454 0.0166
10.1879 10.0845 10.1454 0.0166
10.1879 10.0845 10.1456 0.0166
10.1879 10.0845 10.1456 0.0166
10.1879 10.0845 10.1456 0.0166
10.1879 10.0845 10.1459 0.0167
10.1879 10.0845 10.1459 0.0167
10.1879 10.0845 10.1459 0.0167
10.1879 10.0845 10.1459 0.0167
10.1879 10.0845 10.1459 0.0167
10.1879 10.0845 10.1459 0.0167
10.1879 10.0845 10.1459 0.0167
10.1879 10.0845 10.1459 0.0167
10.1879 10.0845 10.1459 0.0167
10.1879 10.0845 10.1459 0.0167
10.1879 10.0845 10.1460 0.0169
10.1879 10.0845 10.1460 0.0169
10.1879 10.0845 10.1460 0.0169
10.1879 10.0845 10.1460 0.0169
10.1879 10.0845 10.1460 0.0169
10.1879 10.0845 10.1460 0.0169
10.1879 10.0845 10.1460 0.0169
10.1879 10.0845 10.1460 0.0169
10.1879 10.0845 10.1460 0.0169
10.1879 10.0845 10.1460 0.0169
10.1879 10.0845 10.1460 0.0169
10.1879 10.0845 10.1461 0.0169
10.1879 10.0845 10.1461 0.0169
10.1879 10.0845 10.1461 0.0169
10.1879 10.0845 10.1465 0.0165
10.1879 10.0845 10.1469 0.0165
10.1879 10.0845 10.1471 0.0166
10.1879 10.0845 10.1471 0.0166
10.1879 10.0845 10.1471 0.0166
10.1879 10.0845 10.1472 0.0167
10.1879 10.0845 10.1472 0.0167
10.1879 10.0966 10.1478 0.0154
10.1879 10.0966 10.1479 0.0155
10.1879 10.0966 10.1479 0.0155
10.1879 10.0966 10.1481 0.0154
10.1879 10.0966 10.1481 0.0154
10.1879 10.0966 10.1481 0.0154
10.1879 10.0966 10.1481 0.0154
10.1879 10.0966 10.1482 0.0154
10.1879 10.0966 10.1482 0.0154
10.1879 10.0966 10.1482 0.0154
10.1879 10.0966 10.1482 0.0154
10.1879 10.0966 10.1482 0.0154
10.1879 10.0966 10.1482 0.0154
10.1879 10.0966 10.1482 0.0154
10.1879 10.0966 10.1482 0.0154
10.1879 10.0966 10.1482 0.0154
10.1879 10.0966 10.1482 0.0154
10.1879 10.0966 10.1482 0.0154
10.1879 10.0966 10.1482 0.0154
10.1879 10.0966 10.1483 0.0154
10.1879 10.0966 10.1483 0.0154
10.1879 10.0966 10.1483 0.0154
10.1879 10.0966 10.1484 0.0154
10.1879 10.0966 10.1486 0.0153
10.1879 10.0966 10.1486 0.0153
10.1879 10.0966 10.1486 0.0153
10.1879 10.0966 10.1486 0.0153
10.1879 10.0966 10.1490 0.0157
10.1879 10.0966 10.1490 0.0157
10.1879 10.0966 10.1490 0.0157
10.1879 10.0966 10.1490 0.0157
10.1879 10.0966 10.1490 0.0157
10.1879 10.0966 10.1490 0.0157
10.1879 10.0966 10.1490 0.0157
10.1879 10.0966 10.1491 0.0157
10.1879 10.0966 10.1493 0.0157
10.1879 10.0966 10.1493 0.0157
10.1879 10.0966 10.1494 0.0157
10.1879 10.0966 10.1494 0.0157
10.1879 10.0966 10.1495 0.0157
10.1879 10.0966 10.1498 0.0156
10.1879 10.0966 10.1498 0.0156
10.1879 10.0966 10.1498 0.0156
10.1879 10.0966 10.1498 0.0156
10.1879 10.0966 10.1498 0.0156
10.1879 10.0966 10.1498 0.0156
10.1879 10.0966 10.1498 0.0156
10.1879 10.0966 10.1498 0.0156
10.1879 10.0966 10.1499 0.0156
10.1879 10.0966 10.1499 0.0156
10.1879 10.0966 10.1499 0.0156
10.1879 10.0966 10.1499 0.0156
10.1879 10.0966 10.1499 0.0156
10.1879 10.0966 10.1500 0.0156
10.1879 10.0966 10.1502 0.0157
10.1879 10.0966 10.1502 0.0157
10.1879 10.0966 10.1502 0.0157
10.1879 10.0966 10.1507 0.0156
10.1879 10.0966 10.1508 0.0156
10.1879 10.0966 10.1509 0.0157
10.1879 10.0966 10.1509 0.0157
10.1879 10.0966 10.1509 0.0157
10.1879 10.0966 10.1509 0.0157
10.1879 10.0966 10.1509 0.0157
10.1879 10.0966 10.1509 0.0157
10.1879 10.0966 10.1510 0.0156
10.1879 10.0966 10.1510 0.0156
10.1879 10.0966 10.1510 0.0156
10.1879 10.0966 10.1513 0.0155
10.1879 10.0966 10.1513 0.0155
10.1879 10.0966 10.1513 0.0155
10.1879 10.0966 10.1513 0.0155
10.1879 10.0966 10.1515 0.0158
10.1879 10.0966 10.1515 0.0158
10.1879 10.0966 10.1516 0.0158
10.1879 10.0966 10.1518 0.0160
10.1879 10.0966 10.1520 0.0162
10.1879 10.0966 10.1522 0.0161
10.1879 10.0966 10.1524 0.0157
10.1879 10.0966 10.1524 0.0157
10.1879 10.0966 10.1524 0.0157
10.1879 10.0966 10.1524 0.0157
10.1879 10.0966 10.1527 0.0158
10.1879 10.0966 10.1527 0.0158
10.1879 10.0966 10.1528 0.0157
10.1879 10.0966 10.1528 0.0157
10.1879 10.0966 10.1528 0.0157
10.1879 10.0966 10.1528 0.0157
10.1879 10.0966 10.1528 0.0157
10.1879 10.0966 10.1528 0.0157
10.1879 10.0966 10.1528 0.0157
10.1879 10.0966 10.1528 0.0157
10.1879 10.0966 10.1528 0.0157
10.1879 10.0966 10.1528 0.0157
10.1879 10.0966 10.1531 0.0156
10.1879 10.0966 10.1531 0.0156
10.1879 10.0966 10.1535 0.0154
10.1879 10.0966 10.1535 0.0153
10.1879 10.0966 10.1536 0.0154
10.1879 10.0966 10.1536 0.0154
10.1879 10.0966 10.1536 0.0154
10.1879 10.0972 10.1537 0.0153
10.1879 10.0972 10.1537 0.0153
10.1879 10.0972 10.1537 0.0153
10.1879 10.0972 10.1538 0.0153
10.1879 10.0972 10.1538 0.0153
10.1879 10.0972 10.1538 0.0153
10.1879 10.0972 10.1538 0.0153
10.1879 10.0972 10.1538 0.0153
10.1879 10.0972 10.1538 0.0153
10.1879 10.0972 10.1538 0.0153
10.1879 10.0972 10.1538 0.0153
10.1879 10.0972 10.1538 0.0153
10.1879 10.0972 10.1538 0.0153
10.1879 10.0972 10.1538 0.0153
10.1879 10.0972 10.1538 0.0153
10.1879 10.0972 10.1538 0.0153
10.1879 10.0972 10.1538 0.0153
10.1879 10.0972 10.1544 0.0153
10.1879 10.0972 10.1545 0.0153
10.1879 10.0972 10.1545 0.0153
10.1879 10.0972 10.1545 0.0153
10.1879 10.0972 10.1546 0.0152
10.1879 10.0972 10.1546 0.0152
10.1879 10.0972 10.1546 0.0152
10.1879 10.0972 10.1546 0.0152
10.1879 10.0972 10.1547 0.0153
10.1879 10.0972 10.1547 0.0153
10.1879 10.0972 10.1550 0.0150
10.1879 10.0972 10.1550 0.0150
10.1879 10.0972 10.1550 0.0150
10.1879 10.0972 10.1550 0.0150
10.1879 10.0972 10.1552 0.0151
10.1879 10.0972 10.1555 0.0153
10.1879 10.0972 10.1555 0.0153
10.1879 10.0972 10.1555 0.0153
10.1879 10.0972 10.1555 0.0153
10.1879 10.0972 10.1558 0.0153
10.1879 10.0972 10.1558 0.0153
10.1879 10.0972 10.1558 0.0153
10.1879 10.0972 10.1558 0.0153
10.1879 10.0972 10.1558 0.0153
10.1879 10.0972 10.1558 0.0153
10.1879 10.0972 10.1558 0.0153
10.1879 10.0972 10.1559 0.0153
10.1879 10.0972 10.1560 0.0153
10.1879 10.0972 10.1561 0.0153
10.1879 10.0972 10.1561 0.0153
10.1879 10.0972 10.1561 0.0153
10.1879 10.0972 10.1563 0.0153
10.1879 10.0972 10.1565 0.0154
10.1879 10.0972 10.1566 0.0154
10.1879 10.0972 10.1566 0.0154
10.1879 10.0972 10.1566 0.0154
10.1879 10.0972 10.1566 0.0154
10.1879 10.0972 10.1566 0.0154
10.1879 10.0972 10.1566 0.0154
10.1879 10.0972 10.1568 0.0154
10.1879 10.0972 10.1570 0.0152
10.1879 10.0972 10.1570 0.0152
10.1879 10.0972 10.1571 0.0152
10.1879 10.0972 10.1571 0.0152
10.1879 10.0972 10.1572 0.0152
10.1879 10.0972 10.1572 0.0152
10.1879 10.0972 10.1572 0.0152
10.1879 10.0972 10.1573 0.0154
10.1879 10.0972 10.1573 0.0154
10.1879 10.0972 10.1573 0.0154
10.1879 10.0972 10.1573 0.0154
10.1879 10.0972 10.1574 0.0154
10.1879 10.0972 10.1574 0.0154
10.1879 10.0972 10.1574 0.0154
10.1879 10.0972 10.1574 0.0154
10.1879 10.0972 10.1575 0.0154
10.1879 10.0972 10.1575 0.0154
10.1879 10.0972 10.1576 0.0154
10.1879 10.0972 10.1576 0.0154
10.1879 10.0972 10.1576 0.0154
10.1879 10.0972 10.1576 0.0154
10.1879 10.0972 10.1576 0.0154
10.1879 10.0972 10.1579 0.0152
10.1879 10.0972 10.1579 0.0152
10.1879 10.0972 10.1579 0.0152
10.1879 10.0972 10.1579 0.0152
10.1879 10.0972 10.1579 0.0152
10.1879 10.0972 10.1579 0.0152
10.1879 10.0972 10.1579 0.0152
10.1879 10.0972 10.1580 0.0152
10.1879 10.0972 10.1580 0.0152
10.1879 10.0972 10.1581 0.0152
10.1879 10.0972 10.1581 0.0152
10.1879 10.0972 10.1582 0.0152
10.1879 10.0972 10.1582 0.0152
10.1879 10.0972 10.1582 0.0152
10.1879 10.0972 10.1582 0.0152
10.1879 10.0972 10.1582 0.0152
10.1879 10.0972 10.1582 0.0152
10.1879 10.0972 10.1582 0.0152
10.1879 10.0972 10.1585 0.0152
10.1879 10.0972 10.1585 0.0152
10.1879 10.0972 10.1585 0.0152
10.1879 10.0972 10.1585 0.0152
10.1879 10.0972 10.1585 0.0152
10.1879 10.0972 10.1587 0.0151
10.1879 10.0972 10.1587 0.0151
10.1879 10.0972 10.1591 0.0145
10.1879 10.0972 10.1591 0.0145
10.1879 10.0972 10.1591 0.0145
10.1879 10.0972 10.1591 0.0145
10.1879 10.0972 10.1592 0.0145
10.1879 10.0972 10.1592 0.0145
10.1879 10.0972 10.1592 0.0145
10.1879 10.0972 10.1592 0.0145
10.1879 10.0972 10.1592 0.0145
10.1879 10.0972 10.1594 0.0146
10.1879 10.0972 10.1594 0.0146
10.1879 10.0972 10.1594 0.0146
10.1879 10.0972 10.1594 0.0146
10.1879 10.0972 10.1594 0.0146
10.1879 10.0972 10.1594 0.0146
10.1879 10.0972 10.1594 0.0146
10.1879 10.0972 10.1594 0.0145
10.1879 10.0972 10.1594 0.0145
10.1879 10.0972 10.1595 0.0145
10.1879 10.0972 10.1595 0.0145
10.1879 10.0972 10.1595 0.0145
10.1879 10.0972 10.1595 0.0145
10.1879 10.0972 10.1595 0.0145
10.1879 10.0972 10.1595 0.0145
10.1879 10.0972 10.1595 0.0145
10.1879 10.0972 10.1595 0.0145
10.1879 10.0972 10.1595 0.0145
10.1879 10.0972 10.1595 0.0145
10.1879 10.0972 10.1595 0.0145
10.1879 10.0972 10.1595 0.0145
10.1879 10.0972 10.1595 0.0145
10.1879 10.0972 10.1595 0.0145
10.1879 10.0972 10.1595 0.0145
10.1879 10.0972 10.1595 0.0145
10.1879 10.0972 10.1597 0.0145
10.1879 10.0972 10.1597 0.0145
10.1879 10.0972 10.1597 0.0145
10.1879 10.0972 10.1597 0.0145
10.1879 10.0972 10.1597 0.0145
10.1879 10.0972 10.1597 0.0145
10.1879 10.0972 10.1597 0.0145
10.1879 10.0972 10.1598 0.0145
10.1879 10.0972 10.1598 0.0145
10.1879 10.0972 10.1598 0.0145
10.1879 10.0972 10.1598 0.0145
10.1879 10.0972 10.1598 0.0145
10.1879 10.0972 10.1598 0.0145
10.1879 10.0972 10.1598 0.0145
10.1879 10.0972 10.1603 0.0138
10.1879 10.0972 10.1603 0.0138
10.1879 10.0972 10.1604 0.0138
10.1879 10.0972 10.1604 0.0138
10.1879 10.0972 10.1604 0.0138
10.1879 10.0972 10.1607 0.0141
10.1879 10.0972 10.1607 0.0141
10.1879 10.0972 10.1607 0.0141
10.1879 10.0972 10.1607 0.0141
10.1879 10.0972 10.1608 0.0141
10.1879 10.0972 10.1608 0.0142
10.1879 10.0972 10.1610 0.0143
10.1879 10.0972 10.1610 0.0143
10.1879 10.0972 10.1611 0.0144
10.1879 10.0972 10.1611 0.0144
10.1879 10.0972 10.1611 0.0144
10.1879 10.0972 10.1611 0.0144
10.1879 10.0972 10.1612 0.0143
10.1879 10.0972 10.1612 0.0143
10.1879 10.0972 10.1612 0.0143
10.1879 10.0972 10.1612 0.0143
10.1879 10.0972 10.1613 0.0143
10.1879 10.0972 10.1613 0.0143
10.1879 10.0972 10.1613 0.0143
10.1879 10.0972 10.1615 0.0143
10.1879 10.0972 10.1615 0.0143
10.1879 10.0972 10.1617 0.0142
10.1879 10.0972 10.1618 0.0144
10.1879 10.0972 10.1618 0.0144
10.1879 10.0972 10.1618 0.0144
10.1879 10.0972 10.1618 0.0144
10.1879 10.0972 10.1618 0.0144
10.1879 10.0972 10.1619 0.0141
10.1879 10.0972 10.1621 0.0141
10.1879 10.0972 10.1623 0.0143
10.1879 10.0972 10.1623 0.0143
10.1879 10.0972 10.1624 0.0143
10.1879 10.0972 10.1624 0.0143
10.1879 10.0972 10.1625 0.0143
10.1879 10.0972 10.1625 0.0143
10.1879 10.0972 10.1625 0.0143
10.1879 10.0972 10.1626 0.0143
10.1879 10.0972 10.1626 0.0143
10.1879 10.0972 10.1628 0.0141
10.1879 10.0972 10.1628 0.0141
10.1879 10.0972 10.1628 0.0141
10.1879 10.0972 10.1628 0.0141
10.1879 10.0972 10.1629 0.0140
10.1879 10.0972 10.1631 0.0139
10.1879 10.0972 10.1631 0.0139
10.1879 10.0972 10.1631 0.0139
10.1879 10.0972 10.1631 0.0139
10.1879 10.0972 10.1631 0.0139
10.1879 10.0972 10.1633 0.0140
10.1879 10.0972 10.1633 0.0140
10.1879 10.0972 10.1633 0.0140
10.1879 10.0972 10.1633 0.0140
10.1879 10.0972 10.1633 0.0140
10.1879 10.0972 10.1634 0.0140
10.1879 10.0972 10.1634 0.0140
10.1879 10.0972 10.1634 0.0140
10.1879 10.0972 10.1634 0.0140
10.1879 10.0972 10.1636 0.0139
10.1879 10.0972 10.1636 0.0139
10.1879 10.0972 10.1639 0.0141
10.1879 10.0972 10.1639 0.0141
10.1879 10.0972 10.1639 0.0141
10.1879 10.0972 10.1639 0.0141
10.1879 10.0972 10.1639 0.0141
10.1879 10.0972 10.1639 0.0141
10.1879 10.0972 10.1640 0.0141
10.1879 10.0972 10.1640 0.0141
10.1879 10.0972 10.1640 0.0141
10.1879 10.0972 10.1640 0.0141
10.1879 10.0972 10.1640 0.0141
10.1879 10.0972 10.1640 0.0141
10.1879 10.0972 10.1643 0.0142
10.1879 10.0972 10.1643 0.0141
10.1879 10.0972 10.1643 0.0141
10.1879 10.0972 10.1645 0.0143
10.1879 10.0972 10.1645 0.0143
10.1879 10.0972 10.1645 0.0143
10.1879 10.0972 10.1645 0.0143
10.1879 10.0972 10.1645 0.0143
10.1879 10.0972 10.1645 0.0143
10.1879 10.0972 10.1645 0.0143
10.1879 10.0972 10.1645 0.0143
10.1879 10.0972 10.1645 0.0143
10.1879 10.0972 10.1647 0.0141
10.1879 10.0972 10.1647 0.0141
10.1879 10.0972 10.1647 0.0141
10.1879 10.0972 10.1647 0.0141
10.1879 10.0972 10.1647 0.0141
10.1879 10.0972 10.1648 0.0141
10.1879 10.0972 10.1648 0.0141
10.1879 10.0972 10.1648 0.0141
10.1879 10.0972 10.1648 0.0141
10.1879 10.0972 10.1648 0.0141
10.1879 10.0972 10.1648 0.0141
10.1879 10.0972 10.1648 0.0141
10.1879 10.0972 10.1648 0.0141
10.1879 10.0972 10.1650 0.0142
10.1879 10.0972 10.1650 0.0142
10.1879 10.0972 10.1651 0.0143
10.1879 10.0972 10.1651 0.0143
10.1888 10.0972 10.1654 0.0145
10.1888 10.0972 10.1654 0.0145
10.1888 10.0972 10.1655 0.0145
10.1888 10.0972 10.1655 0.0145
10.1888 10.0972 10.1655 0.0145
10.1888 10.0972 10.1655 0.0145
10.1888 10.0972 10.1655 0.0145
10.1888 10.0972 10.1656 0.0146
10.1888 10.0972 10.1656 0.0146
10.1888 10.0972 10.1660 0.0145
10.1888 10.0972 10.1661 0.0144
10.1888 10.0972 10.1661 0.0144
10.1888 10.0972 10.1661 0.0144
10.1888 10.0972 10.1661 0.0144
10.1888 10.0972 10.1661 0.0144
10.1888 10.0972 10.1661 0.0144
10.1888 10.0972 10.1661 0.0144
10.1888 10.0972 10.1661 0.0144
10.1888 10.0972 10.1661 0.0144
10.1888 10.0972 10.1661 0.0144
10.1888 10.0972 10.1662 0.0144
10.1888 10.0972 10.1662 0.0144
10.1888 10.0972 10.1662 0.0144
10.1888 10.0972 10.1662 0.0144
10.1888 10.0972 10.1662 0.0144
10.1888 10.0972 10.1662 0.0144
10.1888 10.0972 10.1662 0.0144
10.1888 10.0972 10.1662 0.0144
10.1888 10.0972 10.1664 0.0145
10.1888 10.0972 10.1664 0.0145
10.1888 10.0972 10.1666 0.0146
10.1888 10.0972 10.1666 0.0146
10.1888 10.0972 10.1666 0.0146
10.1888 10.0972 10.1666 0.0146
10.1888 10.0972 10.1666 0.0146
10.1888 10.0972 10.1666 0.0145
10.1888 10.0972 10.1666 0.0145
10.1888 10.0972 10.1667 0.0145
10.1888 10.0972 10.1667 0.0145
10.1888 10.0972 10.1667 0.0145
10.1888 10.0972 10.1671 0.0143
10.1888 10.0972 10.1674 0.0139
10.1888 10.0972 10.1676 0.0140
10.1888 10.0972 10.1676 0.0140
10.1888 10.0972 10.1677 0.0141
10.1888 10.0972 10.1677 0.0141
10.1888 10.0972 10.1677 0.0141
10.1888 10.0972 10.1677 0.0141
10.1888 10.0972 10.1677 0.0141
10.1888 10.0972 10.1678 0.0141
10.1888 10.0972 10.1678 0.0141
10.1888 10.0972 10.1678 0.0141
10.3344 10.0972 10.1695 0.0218
10.3344 10.0972 10.1695 0.0218
10.3344 10.0972 10.1697 0.0218
10.3344 10.0972 10.1697 0.0218
10.3344 10.0972 10.1697 0.0218
10.3344 10.0972 10.1697 0.0218
10.3344 10.0972 10.1699 0.0218
10.3344 10.0972 10.1699 0.0218
10.3344 10.0972 10.1699 0.0218
10.3344 10.0972 10.1699 0.0218
10.3344 10.0972 10.1699 0.0218
10.3344 10.0972 10.1699 0.0218
10.3344 10.0972 10.1699 0.0218
10.3344 10.0972 10.1700 0.0218
10.3344 10.0972 10.1700 0.0218
10.3344 10.0972 10.1704 0.0217
10.3344 10.0972 10.1704 0.0217
10.3344 10.0972 10.1704 0.0217
10.3344 10.0972 10.1721 0.0271
10.3344 10.0972 10.1721 0.0271
10.3344 10.0972 10.1721 0.0271
10.3344 10.0972 10.1721 0.0271
10.3344 10.0972 10.1721 0.0271
10.3344 10.0972 10.1721 0.0271
10.3344 10.0972 10.1721 0.0271
10.3344 10.0972 10.1721 0.0271
10.3344 10.0972 10.1721 0.0271
10.3344 10.0972 10.1721 0.0271
10.3344 10.0972 10.1721 0.0271
10.3344 10.0972 10.1721 0.0271
10.3344 10.0972 10.1721 0.0271
10.3344 10.0972 10.1721 0.0271
10.3344 10.0972 10.1721 0.0271
10.3344 10.0972 10.1721 0.0271
10.3344 10.0972 10.1721 0.0271
10.3344 10.0972 10.1721 0.0271
10.3344 10.0972 10.1724 0.0269
10.3344 10.0972 10.1724 0.0269
10.3344 10.0972 10.1727 0.0269
10.3344 10.0972 10.1727 0.0269
10.3344 10.0972 10.1727 0.0269
10.3344 10.0972 10.1727 0.0269
10.3344 10.0972 10.1728 0.0269
10.3344 10.0972 10.1728 0.0269
10.3344 10.0972 10.1728 0.0269
10.3344 10.0972 10.1728 0.0269
10.3344 10.0972 10.1730 0.0268
10.3344 10.0972 10.1730 0.0268
10.3344 10.0972 10.1730 0.0268
10.3344 10.0972 10.1730 0.0269
10.3344 10.0972 10.1730 0.0269
10.3344 10.0972 10.1730 0.0269
10.3344 10.0972 10.1730 0.0269
10.3344 10.0972 10.1730 0.0269
10.3344 10.0972 10.1730 0.0269
10.3344 10.0972 10.1730 0.0269
10.3344 10.0972 10.1730 0.0269
10.3344 10.0972 10.1730 0.0269
10.3344 10.0972 10.1730 0.0269
10.3344 10.0972 10.1730 0.0269
10.3344 10.0972 10.1730 0.0269
10.3344 10.0972 10.1733 0.0268
10.3344 10.0972 10.1737 0.0267
10.3344 10.0972 10.1737 0.0267
10.3344 10.0972 10.1737 0.0267
10.3344 10.0972 10.1739 0.0267
10.3344 10.0972 10.1741 0.0266
10.3344 10.0972 10.1741 0.0266
10.3344 10.0972 10.1741 0.0266
10.3344 10.0972 10.1741 0.0266
10.3344 10.0972 10.1741 0.0266
10.3344 10.0972 10.1741 0.0266
10.3344 10.0972 10.1744 0.0265
10.3344 10.0972 10.1744 0.0265
10.3344 10.0972 10.1745 0.0265
10.3344 10.0972 10.1745 0.0265
10.3344 10.0972 10.1745 0.0265
10.3344 10.0972 10.1745 0.0265
10.3344 10.0972 10.1745 0.0265
10.3344 10.0972 10.1745 0.0265
10.3344 10.0972 10.1745 0.0265
10.3344 10.0972 10.1747 0.0265
10.3344 10.0972 10.1748 0.0265
10.3344 10.0972 10.1748 0.0265
10.3344 10.0972 10.1748 0.0265
10.3344 10.0972 10.1748 0.0265
10.3344 10.0972 10.1748 0.0265
10.3344 10.0972 10.1748 0.0265
10.3344 10.0972 10.1748 0.0265
10.3344 10.0972 10.1749 0.0265
10.3344 10.0972 10.1751 0.0264
10.3344 10.0972 10.1751 0.0264
10.3344 10.0972 10.1753 0.0264
10.3344 10.0972 10.1753 0.0264
10.3344 10.0972 10.1753 0.0263
10.3344 10.0972 10.1753 0.0263
10.3344 10.0972 10.1753 0.0263
10.3344 10.0972 10.1753 0.0263
10.3344 10.0972 10.1753 0.0263
10.3344 10.0972 10.1753 0.0263
10.3344 10.0972 10.1755 0.0263
10.3344 10.0972 10.1755 0.0263
10.3344 10.0972 10.1757 0.0262
10.3344 10.0972 10.1757 0.0262
10.3344 10.0972 10.1757 0.0262
10.3344 10.0972 10.1757 0.0262
10.3344 10.0972 10.1758 0.0262
10.3344 10.0972 10.1758 0.0262
10.3344 10.0972 10.1762 0.0261
10.3344 10.0972 10.1766 0.0256
10.3344 10.0972 10.1766 0.0256
10.3344 10.0972 10.1767 0.0257
10.3344 10.0972 10.1767 0.0257
10.3344 10.0972 10.1767 0.0257
10.3344 10.0972 10.1768 0.0257
10.3344 10.0972 10.1768 0.0257
10.3344 10.0972 10.1768 0.0257
10.3344 10.0972 10.1768 0.0257
10.3344 10.0972 10.1768 0.0257
10.3344 10.0972 10.1769 0.0257
10.3344 10.0972 10.1770 0.0256
10.3344 10.0972 10.1770 0.0256
10.3344 10.0972 10.1772 0.0256
10.3344 10.0972 10.1772 0.0256
10.3344 10.0972 10.1773 0.0256
10.3344 10.0972 10.1773 0.0256
10.3344 10.0972 10.1773 0.0256
10.3344 10.0972 10.1774 0.0256
10.3344 10.0972 10.1777 0.0256
10.3344 10.0972 10.1777 0.0256
10.3344 10.0972 10.1777 0.0256
10.3344 10.0972 10.1777 0.0256
10.3344 10.0972 10.1779 0.0254
10.3344 10.0972 10.1781 0.0253
10.3344 10.0972 10.1781 0.0253
10.3344 10.0972 10.1782 0.0253
10.3344 10.0972 10.1782 0.0253
10.3344 10.0972 10.1783 0.0253
10.3344 10.0972 10.1783 0.0253
10.3344 10.0972 10.1783 0.0253
10.3344 10.0972 10.1787 0.0254
10.3344 10.0972 10.1787 0.0254
10.3344 10.0972 10.1787 0.0254
10.3344 10.0972 10.1787 0.0254
10.3344 10.0972 10.1787 0.0254
10.3344 10.0972 10.1787 0.0254
10.3344 10.0972 10.1789 0.0254
10.3344 10.0972 10.1789 0.0254
10.3344 10.0972 10.1789 0.0254
10.3344 10.0972 10.1789 0.0254
10.3344 10.0972 10.1791 0.0254
10.3344 10.0972 10.1791 0.0254
10.3344 10.0972 10.1791 0.0254
10.3344 10.0972 10.1791 0.0254
10.3344 10.0972 10.1791 0.0254
10.3344 10.0972 10.1791 0.0254
10.3344 10.0972 10.1791 0.0254
10.3344 10.0972 10.1791 0.0254
10.3344 10.0972 10.1791 0.0254
10.3344 10.0972 10.1791 0.0254
10.3344 10.0972 10.1791 0.0254
10.3344 10.0972 10.1793 0.0253
10.3344 10.0972 10.1793 0.0253
10.3344 10.0972 10.1793 0.0253
10.3344 10.0972 10.1793 0.0253
10.3344 10.0972 10.1793 0.0253
10.3344 10.0972 10.1793 0.0253
10.3344 10.0972 10.1793 0.0253
10.3344 10.0972 10.1793 0.0253
10.3344 10.0972 10.1794 0.0254
10.3344 10.0972 10.1796 0.0253
10.3344 10.0972 10.1796 0.0253
10.3344 10.0972 10.1796 0.0253
10.3344 10.0972 10.1796 0.0253
10.3344 10.0972 10.1796 0.0253
10.3344 10.0972 10.1796 0.0253
10.3344 10.0972 10.1798 0.0253
10.3344 10.0972 10.1798 0.0253
10.3344 10.0972 10.1798 0.0253
10.3344 10.0972 10.1798 0.0253
10.3344 10.0972 10.1800 0.0253
10.3344 10.0972 10.1800 0.0253
10.3344 10.0972 10.1800 0.0253
10.3344 10.0972 10.1801 0.0253
10.3344 10.0972 10.1801 0.0253
10.3344 10.0972 10.1801 0.0253
10.3344 10.0972 10.1803 0.0253
10.3344 10.0972 10.1803 0.0253
10.3344 10.0972 10.1803 0.0253
10.3344 10.0972 10.1803 0.0253
10.3344 10.0972 10.1803 0.0253
10.3344 10.0972 10.1803 0.0253
10.3344 10.0972 10.1803 0.0253
10.3344 10.0972 10.1803 0.0253
10.3344 10.0972 10.1803 0.0253
10.3344 10.0972 10.1803 0.0253
10.3344 10.0972 10.1803 0.0253
10.3344 10.0972 10.1803 0.0253
10.3344 10.0972 10.1803 0.0253
10.3344 10.0972 10.1803 0.0253
10.3344 10.0972 10.1803 0.0253
10.3344 10.0972 10.1803 0.0253
10.3344 10.0972 10.1803 0.0253
10.3344 10.0972 10.1803 0.0253
10.3344 10.0972 10.1803 0.0253
10.3344 10.0972 10.1803 0.0253
10.3344 10.0972 10.1805 0.0252
10.3344 10.0972 10.1805 0.0252
10.3344 10.0972 10.1805 0.0252
10.3344 10.0972 10.1805 0.0252
10.3344 10.0972 10.1806 0.0252
10.3344 10.0972 10.1806 0.0252
10.3344 10.0972 10.1806 0.0252
10.3344 10.0972 10.1806 0.0252
10.3344 10.0972 10.1808 0.0252
10.3344 10.0972 10.1808 0.0252
10.3344 10.0972 10.1808 0.0252
10.3344 10.0972 10.1808 0.0252
10.3344 10.0972 10.1809 0.0251
10.3344 10.0972 10.1809 0.0251
10.3344 10.0972 10.1809 0.0251
10.3344 10.0972 10.1809 0.0251
10.3344 10.0972 10.1809 0.0251
10.3344 10.0972 10.1809 0.0251
10.3344 10.0972 10.1809 0.0251
10.3344 10.0972 10.1810 0.0251
10.3344 10.0972 10.1811 0.0250
10.3344 10.0972 10.1826 0.0293
10.3344 10.0972 10.1826 0.0293
10.3344 10.0972 10.1826 0.0293
10.3344 10.0972 10.1828 0.0293
10.3344 10.0972 10.1828 0.0293
10.3344 10.0972 10.1828 0.0293
10.3344 10.0972 10.1828 0.0293
10.3344 10.0972 10.1828 0.0293
10.3344 10.0972 10.1828 0.0293
10.3344 10.0972 10.1828 0.0293
10.3344 10.0972 10.1828 0.0293
10.3344 10.0972 10.1829 0.0293
10.3344 10.0972 10.1829 0.0293
10.3344 10.0972 10.1829 0.0293
10.3344 10.0972 10.1829 0.0293
10.3344 10.0972 10.1829 0.0293
10.3344 10.0972 10.1830 0.0292
10.3344 10.0972 10.1831 0.0292
10.3344 10.0972 10.1831 0.0292
10.3344 10.0972 10.1831 0.0292
10.3344 10.0972 10.1831 0.0292
10.3344 10.0972 10.1831 0.0292
10.3344 10.0972 10.1831 0.0292
10.3344 10.0972 10.1831 0.0292
10.3344 10.0972 10.1831 0.0292
10.3344 10.0972 10.1831 0.0292
10.3344 10.0972 10.1831 0.0292
10.3344 10.0972 10.1831 0.0292
10.3344 10.0972 10.1831 0.0292
10.3344 10.0972 10.1831 0.0292
10.3344 10.0972 10.1831 0.0292
10.3344 10.0972 10.1834 0.0292
10.3344 10.0972 10.1834 0.0292
10.3344 10.0972 10.1834 0.0292
10.3344 10.0972 10.1836 0.0292
10.3344 10.0972 10.1837 0.0292
10.3344 10.0972 10.1837 0.0292
10.3344 10.0972 10.1839 0.0292
10.3344 10.0972 10.1839 0.0292
10.3344 10.0972 10.1839 0.0292
10.3344 10.0972 10.1853 0.0325
10.3344 10.0972 10.1856 0.0324
10.3344 10.0972 10.1856 0.0324
10.3344 10.0972 10.1858 0.0323
10.3344 10.0972 10.1858 0.0323
10.3344 10.0972 10.1858 0.0323
10.3344 10.0972 10.1858 0.0323
10.3344 10.0972 10.1858 0.0323
10.3344 10.0972 10.1858 0.0323
10.3344 10.0972 10.1858 0.0323
10.3344 10.0972 10.1858 0.0323
10.3344 10.0972 10.1858 0.0323
10.3344 10.0972 10.1859 0.0323
10.3344 10.0972 10.1859 0.0323
10.3344 10.0972 10.1859 0.0323
10.3344 10.0972 10.1859 0.0323
10.3344 10.0972 10.1860 0.0323
10.3344 10.0972 10.1861 0.0323
10.3344 10.0972 10.1861 0.0323
10.3344 10.0972 10.1862 0.0323
10.3344 10.0972 10.1863 0.0323
10.3344 10.0972 10.1863 0.0323
10.3344 10.0972 10.1863 0.0323
10.3344 10.0972 10.1863 0.0323
10.3344 10.0972 10.1863 0.0323
10.3344 10.0972 10.1863 0.0323
10.3344 10.0972 10.1863 0.0323
10.3344 10.0972 10.1863 0.0323
10.3344 10.0972 10.1863 0.0323
10.3344 10.0972 10.1863 0.0323
10.3344 10.0972 10.1863 0.0323
10.3344 10.0972 10.1863 0.0323
10.3344 10.0972 10.1866 0.0321
10.3344 10.0972 10.1866 0.0321
10.3344 10.0972 10.1866 0.0321
10.3344 10.0972 10.1868 0.0321
10.3344 10.0972 10.1870 0.0321
10.3344 10.0972 10.1870 0.0321
10.3344 10.0972 10.1870 0.0321
10.3344 10.0972 10.1870 0.0321
10.3344 10.0972 10.1874 0.0321
10.3344 10.0972 10.1874 0.0321
10.3344 10.0972 10.1874 0.0321
10.3344 10.0972 10.1874 0.0321
10.3344 10.0972 10.1874 0.0321
10.3344 10.0972 10.1874 0.0321
10.3344 10.0972 10.1874 0.0321
10.3344 10.0972 10.1874 0.0321
10.3344 10.0972 10.1874 0.0321
10.3344 10.0972 10.1874 0.0321
10.3344 10.0972 10.1874 0.0321
10.3344 10.0972 10.1874 0.0321
10.3344 10.0972 10.1874 0.0321
10.3344 10.0972 10.1874 0.0321
10.3344 10.0972 10.1874 0.0321
10.3344 10.0972 10.1874 0.0321
10.3344 10.1613 10.1883 0.0308
10.3344 10.1613 10.1883 0.0308
10.3344 10.1613 10.1883 0.0308
10.3344 10.1613 10.1883 0.0308
10.3344 10.1613 10.1883 0.0308
10.3344 10.1613 10.1883 0.0308
10.3344 10.1613 10.1883 0.0308
10.3344 10.1613 10.1883 0.0308
10.3344 10.1613 10.1884 0.0308
10.3344 10.1613 10.1884 0.0308
10.3344 10.1613 10.1884 0.0308
10.3344 10.1613 10.1884 0.0308
10.3344 10.1613 10.1884 0.0308
10.3344 10.1613 10.1884 0.0308
10.3344 10.1613 10.1900 0.0338
10.3344 10.1613 10.1900 0.0338
10.3344 10.1613 10.1901 0.0338
10.3344 10.1613 10.1901 0.0338
10.3344 10.1613 10.1902 0.0337
10.3344 10.1613 10.1902 0.0337
10.3344 10.1613 10.1902 0.0337
10.3344 10.1613 10.1902 0.0337
10.3344 10.1613 10.1902 0.0337
10.3344 10.1613 10.1902 0.0337
10.3344 10.1613 10.1902 0.0337
10.3344 10.1613 10.1904 0.0337
10.3344 10.1613 10.1904 0.0337
10.3344 10.1613 10.1904 0.0337
10.3344 10.1613 10.1904 0.0337
10.3344 10.1613 10.1904 0.0337
10.3344 10.1613 10.1904 0.0337
10.3344 10.1613 10.1904 0.0337
10.3344 10.1613 10.1904 0.0337
10.3344 10.1613 10.1904 0.0337
10.3344 10.1613 10.1918 0.0364
10.3344 10.1613 10.1918 0.0364
10.3344 10.1613 10.1918 0.0364
10.3344 10.1613 10.1918 0.0364
10.3344 10.1613 10.1918 0.0364
10.3344 10.1613 10.1919 0.0363
10.3344 10.1613 10.1922 0.0363
10.3344 10.1613 10.1922 0.0363
10.3344 10.1613 10.1923 0.0363
10.3344 10.1613 10.1923 0.0363
10.3344 10.1613 10.1925 0.0362
10.3344 10.1613 10.1925 0.0362
10.3344 10.1613 10.1925 0.0362
10.3344 10.1613 10.1925 0.0362
10.3344 10.1613 10.1939 0.0386
10.3344 10.1613 10.1939 0.0386
10.3344 10.1613 10.1939 0.0386
10.3344 10.1613 10.1940 0.0386
10.3344 10.1613 10.1940 0.0386
10.3344 10.1613 10.1940 0.0386
10.3344 10.1613 10.1942 0.0386
10.3344 10.1613 10.1942 0.0386
10.3344 10.1613 10.1942 0.0386
10.3344 10.1613 10.1942 0.0386
10.3344 10.1613 10.1942 0.0386
10.3344 10.1613 10.1957 0.0408
10.3344 10.1613 10.1971 0.0429
10.3344 10.1613 10.1971 0.0429
10.3344 10.1613 10.1972 0.0429
10.3344 10.1613 10.1972 0.0429
10.3344 10.1613 10.1972 0.0429
10.3344 10.1613 10.1972 0.0429
10.3344 10.1613 10.1972 0.0429
10.3344 10.1613 10.1972 0.0429
10.3344 10.1613 10.1972 0.0429
10.3344 10.1613 10.1972 0.0429
10.3344 10.1613 10.1972 0.0429
10.3344 10.1616 10.1974 0.0427
10.3344 10.1616 10.1974 0.0427
10.3344 10.1616 10.1977 0.0426
10.3344 10.1616 10.1977 0.0426
10.3344 10.1616 10.1977 0.0426
10.3344 10.1616 10.1977 0.0426
10.3344 10.1616 10.1977 0.0426
10.3344 10.1616 10.1977 0.0426
10.3344 10.1616 10.1978 0.0426
10.3344 10.1616 10.1991 0.0445
10.3344 10.1616 10.1991 0.0445
10.3344 10.1616 10.1991 0.0445
10.3344 10.1616 10.2005 0.0463
10.3344 10.1616 10.2005 0.0463
10.3344 10.1616 10.2006 0.0463
10.3344 10.1616 10.2007 0.0463
10.3344 10.1616 10.2008 0.0463
10.3344 10.1616 10.2009 0.0461
10.3344 10.1616 10.2009 0.0461
10.3344 10.1616 10.2009 0.0461
10.3344 10.1616 10.2009 0.0461
10.3344 10.1616 10.2009 0.0461
10.3344 10.1616 10.2009 0.0461
10.3344 10.1616 10.2009 0.0461
10.3344 10.1616 10.2011 0.0461
10.3344 10.1616 10.2011 0.0461
10.3344 10.1616 10.2014 0.0460
10.3344 10.1616 10.2014 0.0460
10.3344 10.1616 10.2014 0.0460
10.3344 10.1616 10.2014 0.0460
10.3344 10.1616 10.2014 0.0460
10.3344 10.1616 10.2014 0.0460
10.3344 10.1616 10.2015 0.0459
10.3344 10.1616 10.2016 0.0459
10.3344 10.1616 10.2017 0.0458
10.3344 10.1616 10.2018 0.0458
10.3344 10.1616 10.2018 0.0458
10.3344 10.1616 10.2018 0.0458
10.3344 10.1616 10.2018 0.0458
10.3344 10.1616 10.2018 0.0458
10.3344 10.1616 10.2031 0.0475
10.3344 10.1616 10.2045 0.0491
10.6116 10.1616 10.2133 0.0750
10.6116 10.1616 10.2133 0.0750
10.6116 10.1616 10.2133 0.0750
10.6116 10.1616 10.2133 0.0750
10.6116 10.1616 10.2133 0.0750
10.6116 10.1616 10.2133 0.0750
10.6116 10.1616 10.2134 0.0750
10.6116 10.1616 10.2134 0.0750
10.6116 10.1616 10.2136 0.0749
10.6116 10.1616 10.2136 0.0749
10.6116 10.1616 10.2136 0.0749
10.6116 10.1616 10.2149 0.0759
10.6116 10.1616 10.2160 0.0764
10.6116 10.1616 10.2160 0.0764
10.6116 10.1616 10.2188 0.0852
10.6116 10.1616 10.2188 0.0852
10.6116 10.1616 10.2188 0.0852
10.6116 10.1616 10.2188 0.0852
10.6116 10.1616 10.2201 0.0856
10.6116 10.1616 10.2202 0.0856
10.6116 10.1616 10.2202 0.0856
10.6116 10.1616 10.2202 0.0855
10.6116 10.1616 10.2214 0.0859
10.6116 10.1616 10.2214 0.0859
10.6116 10.1616 10.2214 0.0859
10.6116 10.1616 10.2214 0.0859
10.6116 10.1616 10.2257 0.0941
10.6116 10.1616 10.2257 0.0941
10.6116 10.1616 10.2257 0.0941
10.6116 10.1616 10.2272 0.0947
10.6116 10.1616 10.2272 0.0947
10.6116 10.1616 10.2286 0.0952
10.6116 10.1616 10.2286 0.0952
10.6116 10.1616 10.2286 0.0952
10.6116 10.1616 10.2286 0.0952
10.6116 10.1616 10.2300 0.0956
10.6116 10.1616 10.2300 0.0956
10.6116 10.1616 10.2314 0.0960
10.6116 10.1616 10.2314 0.0960
10.6116 10.1616 10.2314 0.0960
10.6116 10.1616 10.2323 0.0960
10.6116 10.1616 10.2324 0.0959
10.6116 10.1616 10.2324 0.0959
10.6116 10.1616 10.2325 0.0959
10.6116 10.1616 10.2325 0.0959
10.6116 10.1616 10.2325 0.0959
10.6116 10.1616 10.2334 0.0972
10.6116 10.1616 10.2336 0.0972
10.6116 10.1616 10.2336 0.0972
10.6116 10.1616 10.2336 0.0972
10.6116 10.1616 10.2336 0.0972
10.6116 10.1616 10.2336 0.0972
10.6116 10.1616 10.2336 0.0972
10.6116 10.1616 10.2336 0.0972
10.6116 10.1616 10.2336 0.0972
10.6116 10.1616 10.2336 0.0972
10.6116 10.1616 10.2336 0.0971
10.6116 10.1616 10.2336 0.0971
10.6116 10.1616 10.2350 0.0975
10.6116 10.1616 10.2365 0.0978
10.6116 10.1616 10.2365 0.0978
10.6116 10.1616 10.2365 0.0978
10.6116 10.1616 10.2365 0.0978
10.6116 10.1616 10.2365 0.0978
10.6116 10.1616 10.2365 0.0978
10.6116 10.1616 10.2365 0.0978
10.6116 10.1616 10.2365 0.0978
10.6116 10.1616 10.2365 0.0978
10.6116 10.1616 10.2365 0.0978
10.6116 10.1616 10.2366 0.0977
10.6116 10.1616 10.2366 0.0977
10.6116 10.1616 10.2366 0.0977
10.6116 10.1616 10.2366 0.0977
10.6116 10.1616 10.2381 0.0980
10.6116 10.1616 10.2382 0.0980
10.6116 10.1616 10.2382 0.0980
10.6116 10.1617 10.2382 0.0980
10.6116 10.1617 10.2382 0.0980
10.6116 10.1617 10.2382 0.0980
10.6116 10.1617 10.2382 0.0980
10.6116 10.1617 10.2410 0.1044
10.6116 10.1617 10.2410 0.1044
10.6116 10.1617 10.2441 0.1105
10.6116 10.1617 10.2443 0.1104
10.6116 10.1617 10.2444 0.1103
10.6116 10.1617 10.2444 0.1103
10.6116 10.1617 10.2444 0.1103
10.6116 10.1617 10.2444 0.1103
10.6116 10.1617 10.2444 0.1103
10.6116 10.1617 10.2444 0.1103
10.6116 10.1617 10.2487 0.1160
10.6116 10.1617 10.2487 0.1160
10.6116 10.1617 10.2488 0.1160
10.6116 10.1617 10.2488 0.1160
10.6116 10.1617 10.2488 0.1160
10.6116 10.1617 10.2488 0.1160
10.6116 10.1617 10.2503 0.1161
10.6116 10.1617 10.2513 0.1160
10.6116 10.1617 10.2513 0.1160
10.6116 10.1617 10.2513 0.1160
10.6116 10.1617 10.2513 0.1160
10.6116 10.1617 10.2513 0.1160
10.6116 10.1617 10.2524 0.1160
10.6116 10.1617 10.2524 0.1160
10.6116 10.1617 10.2524 0.1160
10.6116 10.1617 10.2524 0.1160
10.6116 10.1617 10.2524 0.1160
10.6116 10.1617 10.2524 0.1160
10.6116 10.1617 10.2524 0.1160
10.6116 10.1617 10.2524 0.1160
10.6116 10.1617 10.2524 0.1160
10.6116 10.1617 10.2524 0.1160
10.6116 10.1617 10.2524 0.1160
10.6116 10.1617 10.2524 0.1160
10.6116 10.1617 10.2524 0.1160
10.6116 10.1617 10.2525 0.1160
10.6116 10.1617 10.2526 0.1160
10.6116 10.1617 10.2526 0.1160
10.6116 10.1617 10.2527 0.1160
10.6116 10.1617 10.2527 0.1160
10.6116 10.1617 10.2527 0.1160
10.6116 10.1617 10.2527 0.1160
10.6116 10.1617 10.2527 0.1160
10.6116 10.1617 10.2527 0.1160
10.6116 10.1617 10.2527 0.1160
10.6116 10.1617 10.2527 0.1160
10.6116 10.1617 10.2527 0.1160
10.6116 10.1617 10.2527 0.1160
10.6116 10.1617 10.2527 0.1160
10.6116 10.1617 10.2527 0.1160
10.6116 10.1617 10.2527 0.1160
10.6116 10.1617 10.2527 0.1160
10.6116 10.1617 10.2527 0.1160
10.6116 10.1617 10.2529 0.1159
10.6116 10.1617 10.2529 0.1159
10.6116 10.1617 10.2558 0.1211
10.6116 10.1617 10.2558 0.1211
10.6116 10.1617 10.2558 0.1211
10.6116 10.1617 10.2572 0.1211
10.6116 10.1617 10.2586 0.1212
10.6116 10.1617 10.2588 0.1211
10.6116 10.1617 10.2588 0.1211
10.6116 10.1617 10.2588 0.1211
10.6116 10.1617 10.2588 0.1211
10.6116 10.1617 10.2602 0.1210
10.6116 10.1617 10.2602 0.1210
10.6116 10.1617 10.2602 0.1210
10.6116 10.1617 10.2602 0.1210
10.6116 10.1617 10.2603 0.1210
10.6116 10.1617 10.2603 0.1210
10.6116 10.1617 10.2605 0.1209
10.6116 10.1617 10.2605 0.1209
10.6116 10.1617 10.2605 0.1209
10.6116 10.1617 10.2605 0.1209
10.6116 10.1617 10.2647 0.1256
10.6116 10.1617 10.2647 0.1256
10.6116 10.1617 10.2647 0.1256
10.6116 10.1617 10.2662 0.1256
10.6116 10.1617 10.2662 0.1256
10.6116 10.1617 10.2662 0.1256
10.6116 10.1617 10.2662 0.1256
10.6116 10.1617 10.2662 0.1256
10.6116 10.1617 10.2662 0.1256
10.6116 10.1617 10.2662 0.1256
10.6116 10.1617 10.2662 0.1256
10.6116 10.1617 10.2663 0.1255
10.6116 10.1617 10.2663 0.1255
10.6116 10.1617 10.2663 0.1255
10.6116 10.1617 10.2664 0.1256
10.6116 10.1617 10.2664 0.1256
10.6116 10.1617 10.2664 0.1256
10.6116 10.1617 10.2664 0.1256
10.6116 10.1617 10.2664 0.1256
10.6116 10.1617 10.2664 0.1256
10.6116 10.1617 10.2664 0.1256
10.6116 10.1617 10.2664 0.1256
10.6116 10.1617 10.2664 0.1256
10.6116 10.1617 10.2679 0.1255
10.6116 10.1617 10.2679 0.1255
10.6116 10.1617 10.2679 0.1255
10.6116 10.1617 10.2702 0.1261
10.6116 10.1617 10.2703 0.1260
10.6116 10.1617 10.2746 0.1302
10.6116 10.1617 10.2746 0.1302
10.6116 10.1617 10.2746 0.1302
10.6116 10.1617 10.2746 0.1302
10.6116 10.1617 10.2746 0.1302
10.6116 10.1617 10.2748 0.1301
10.6116 10.1617 10.2749 0.1300
10.6116 10.1617 10.2749 0.1300
10.6116 10.1617 10.2750 0.1300
10.6116 10.1617 10.2750 0.1300
10.6116 10.1617 10.2750 0.1300
10.6116 10.1617 10.2750 0.1300
10.6116 10.1617 10.2766 0.1299
10.6116 10.1617 10.2769 0.1300
10.6116 10.1617 10.2769 0.1300
10.6116 10.1617 10.2783 0.1299
10.6116 10.1617 10.2783 0.1299
10.6116 10.1617 10.2783 0.1299
10.6116 10.1617 10.2786 0.1297
10.6116 10.1617 10.2817 0.1338
10.6116 10.1617 10.2817 0.1338
10.6116 10.1617 10.2832 0.1336
10.6116 10.1617 10.2832 0.1336
10.6116 10.1617 10.2845 0.1334
10.6116 10.1617 10.2845 0.1334
10.6116 10.1617 10.2845 0.1334
10.6116 10.1617 10.2845 0.1334
10.6116 10.1617 10.2845 0.1334
10.6116 10.1617 10.2845 0.1334
10.6116 10.1617 10.2845 0.1334
10.6116 10.1617 10.2868 0.1337
10.6116 10.1617 10.2868 0.1337
10.6116 10.1617 10.2868 0.1337
10.6116 10.1617 10.2868 0.1337
10.6116 10.1617 10.2868 0.1337
10.6116 10.1617 10.2868 0.1337
10.6116 10.1617 10.2882 0.1334
10.6116 10.1617 10.2882 0.1334
10.6116 10.1617 10.2882 0.1334
10.6116 10.1617 10.2882 0.1334
10.6116 10.1617 10.2885 0.1335
10.6116 10.1617 10.2885 0.1335
10.6116 10.1617 10.2885 0.1335
10.6116 10.1617 10.2899 0.1333
10.6116 10.1617 10.2914 0.1329
10.6116 10.1617 10.2944 0.1367
10.6116 10.1617 10.2953 0.1372
10.6116 10.1617 10.2967 0.1369
10.6116 10.1617 10.2967 0.1369
10.6116 10.1617 10.2967 0.1369
10.6116 10.1617 10.2967 0.1369
10.6116 10.1617 10.2967 0.1369
10.6116 10.1617 10.2991 0.1369
10.6116 10.1617 10.3005 0.1365
10.6116 10.1617 10.3005 0.1365
10.6116 10.1617 10.3005 0.1365
10.6116 10.1617 10.3005 0.1365
10.6116 10.1617 10.3005 0.1365
10.6116 10.1617 10.3005 0.1365
10.6116 10.1617 10.3006 0.1365
10.6116 10.1617 10.3006 0.1365
10.6116 10.1617 10.3009 0.1363
10.6116 10.1617 10.3009 0.1363
10.6116 10.1617 10.3009 0.1363
10.6116 10.1617 10.3013 0.1363
10.6116 10.1617 10.3027 0.1359
10.6116 10.1617 10.3032 0.1356
10.6116 10.1617 10.3032 0.1356
10.6116 10.1617 10.3032 0.1356
10.6116 10.1617 10.3056 0.1354
10.6116 10.1617 10.3056 0.1354
10.6116 10.1617 10.3070 0.1350
10.6116 10.1617 10.3070 0.1350
10.6116 10.1617 10.3084 0.1346
10.6116 10.1617 10.3084 0.1346
10.6116 10.1617 10.3084 0.1346
10.6116 10.1617 10.3084 0.1346
10.6116 10.1617 10.3086 0.1345
10.6116 10.1617 10.3125 0.1367
10.6116 10.1617 10.3128 0.1365
10.6116 10.1617 10.3128 0.1365
10.6116 10.1617 10.3130 0.1364
10.6116 10.1617 10.3143 0.1362
10.6116 10.1745 10.3168 0.1357
10.6116 10.1745 10.3168 0.1357
10.6116 10.1745 10.3168 0.1357
10.6116 10.1745 10.3183 0.1351
10.6116 10.1745 10.3183 0.1351
10.6116 10.1745 10.3183 0.1351
10.6116 10.1745 10.3183 0.1351
10.6116 10.1745 10.3200 0.1344
10.6116 10.1745 10.3201 0.1343
10.7429 10.1745 10.3242 0.1407
10.7429 10.1745 10.3242 0.1407
10.7429 10.1745 10.3257 0.1402
10.7429 10.1745 10.3257 0.1402
10.7429 10.1745 10.3257 0.1402
10.7429 10.1745 10.3257 0.1402
10.7429 10.1745 10.3257 0.1402
10.7429 10.1745 10.3257 0.1402
10.7429 10.1745 10.3257 0.1402
10.7429 10.1745 10.3257 0.1402
10.7429 10.1745 10.3257 0.1402
10.7429 10.1745 10.3279 0.1399
10.7429 10.1745 10.3279 0.1399
10.7429 10.1745 10.3279 0.1399
10.7429 10.1745 10.3279 0.1398
10.7429 10.1745 10.3279 0.1398
10.7429 10.1745 10.3279 0.1398
10.7429 10.1745 10.3279 0.1398
10.7429 10.1745 10.3279 0.1398
10.7429 10.1745 10.3320 0.1458
10.7429 10.1745 10.3321 0.1457
10.7429 10.1745 10.3322 0.1457
10.7429 10.1745 10.3322 0.1457
10.7429 10.1745 10.3322 0.1457
10.7429 10.1745 10.3322 0.1457
10.7429 10.1745 10.3322 0.1457
10.7429 10.1745 10.3322 0.1457
10.7429 10.1745 10.3322 0.1457
10.7429 10.1745 10.3322 0.1457
10.7429 10.1745 10.3362 0.1478
10.7429 10.1745 10.3362 0.1478
10.7429 10.1745 10.3362 0.1478
10.7429 10.1745 10.3362 0.1478
10.7429 10.1745 10.3362 0.1478
10.7429 10.1745 10.3362 0.1478
10.7429 10.1745 10.3362 0.1478
10.7429 10.1745 10.3362 0.1478
10.7429 10.1745 10.3362 0.1478
10.7429 10.1745 10.3362 0.1478
10.7429 10.1745 10.3403 0.1497
10.7429 10.1745 10.3432 0.1522
10.7429 10.1745 10.3432 0.1522
10.7429 10.1745 10.3445 0.1515
10.7429 10.1745 10.3445 0.1515
10.7429 10.1745 10.3445 0.1515
10.7429 10.1745 10.3445 0.1515
10.7429 10.1745 10.3454 0.1517
10.7429 10.1745 10.3454 0.1517
10.7429 10.1745 10.3454 0.1517
10.7429 10.1745 10.3454 0.1517
10.7429 10.1745 10.3497 0.1531
10.7429 10.1745 10.3497 0.1531
10.7429 10.1745 10.3497 0.1531
10.7429 10.1745 10.3506 0.1526
10.7429 10.1745 10.3521 0.1516
10.7429 10.1745 10.3521 0.1516
10.7429 10.1745 10.3521 0.1516
10.7429 10.1745 10.3521 0.1516
10.7429 10.1745 10.3521 0.1516
10.7429 10.1745 10.3521 0.1516
10.7429 10.1745 10.3549 0.1538
10.7429 10.1745 10.3549 0.1538
10.7429 10.1745 10.3549 0.1538
10.7429 10.1745 10.3549 0.1538
10.7429 10.1745 10.3549 0.1538
10.7429 10.1745 10.3576 0.1559
10.7429 10.1745 10.3576 0.1559
10.7429 10.1745 10.3596 0.1578
10.7429 10.1745 10.3596 0.1578
10.7429 10.1745 10.3605 0.1579
10.7429 10.1745 10.3605 0.1579
10.7429 10.1745 10.3605 0.1579
10.7429 10.1745 10.3605 0.1579
10.7429 10.1745 10.3606 0.1579
10.7429 10.1745 10.3606 0.1579
10.7429 10.1745 10.3606 0.1579
10.7429 10.1745 10.3606 0.1579
10.7429 10.1745 10.3606 0.1579
10.7429 10.1745 10.3606 0.1579
10.7429 10.1745 10.3608 0.1582
10.7429 10.1745 10.3608 0.1582
10.7429 10.1745 10.3608 0.1582
10.7429 10.1745 10.3608 0.1582
10.7429 10.1745 10.3608 0.1582
10.7429 10.1745 10.3622 0.1574
10.7429 10.1745 10.3622 0.1574
10.7429 10.1745 10.3622 0.1574
10.7429 10.1745 10.3635 0.1566
10.7429 10.1745 10.3668 0.1610
10.7429 10.1745 10.3683 0.1600
10.7429 10.1745 10.3700 0.1590
10.7429 10.1745 10.3700 0.1590
10.7429 10.1745 10.3700 0.1590
10.7429 10.1745 10.3700 0.1590
10.7429 10.1745 10.3700 0.1590
10.7429 10.1823 10.3716 0.1578
10.7429 10.1823 10.3716 0.1578
10.7429 10.1823 10.3716 0.1578
10.7429 10.1823 10.3716 0.1578
10.7429 10.1823 10.3729 0.1603
10.7429 10.1823 10.3729 0.1603
10.7429 10.1823 10.3770 0.1644
10.7429 10.1823 10.3770 0.1644
10.7429 10.1823 10.3770 0.1644
10.7429 10.1823 10.3782 0.1636
10.7429 10.1823 10.3782 0.1636
10.7429 10.1823 10.3782 0.1636
10.7429 10.1823 10.3782 0.1636
10.7429 10.1823 10.3782 0.1636
10.7429 10.1823 10.3796 0.1626
10.7429 10.1823 10.3798 0.1630
10.7429 10.1823 10.3798 0.1630
10.7429 10.1823 10.3811 0.1620
10.7429 10.1823 10.3811 0.1620
10.7429 10.1823 10.3811 0.1620
10.7429 10.1823 10.3812 0.1621
10.7429 10.1823 10.3812 0.1621
10.7429 10.1823 10.3812 0.1621
10.7429 10.1823 10.3812 0.1621
10.7429 10.1823 10.3812 0.1621
10.7429 10.1823 10.3812 0.1621
10.7429 10.1823 10.3812 0.1621
10.7429 10.1823 10.3812 0.1621
10.7429 10.1823 10.3844 0.1660
10.7429 10.1823 10.3844 0.1660
10.7429 10.1823 10.3844 0.1660
10.7429 10.1823 10.3844 0.1660
10.7429 10.1823 10.3847 0.1656
10.7429 10.1823 10.3847 0.1656
10.7429 10.1823 10.3848 0.1656
10.7429 10.1823 10.3869 0.1647
10.7429 10.1823 10.3882 0.1670
10.7429 10.1823 10.3895 0.1660
10.7429 10.1823 10.3909 0.1650
10.7429 10.1823 10.3909 0.1650
10.7429 10.1823 10.3937 0.1663
10.7429 10.1823 10.3938 0.1663
10.7429 10.1823 10.3938 0.1663
10.7429 10.1823 10.3938 0.1663
10.7429 10.1823 10.3938 0.1663
10.7429 10.1823 10.3938 0.1663
10.7429 10.1823 10.3953 0.1651
10.7429 10.1823 10.3983 0.1667
10.7429 10.1823 10.4010 0.1679
10.7429 10.1823 10.4010 0.1679
10.7429 10.1823 10.4010 0.1679
10.7429 10.1823 10.4010 0.1679
10.7429 10.1823 10.4010 0.1679
10.7429 10.1823 10.4010 0.1679
10.7429 10.1823 10.4010 0.1679
10.7429 10.1823 10.4038 0.1691
10.7429 10.1823 10.4038 0.1691
10.7429 10.1823 10.4038 0.1691
10.7429 10.1823 10.4038 0.1691
10.7429 10.1823 10.4078 0.1723
10.7429 10.1823 10.4098 0.1734
10.7429 10.1823 10.4098 0.1734
10.7429 10.1823 10.4098 0.1734
10.7429 10.1823 10.4098 0.1734
10.7429 10.1823 10.4098 0.1734
10.7429 10.1823 10.4099 0.1733
10.7429 10.1823 10.4131 0.1740
10.7429 10.1823 10.4131 0.1740
10.7429 10.1823 10.4132 0.1740
10.7429 10.1823 10.4132 0.1740
10.7429 10.1823 10.4132 0.1740
10.7429 10.1823 10.4132 0.1740
10.7429 10.1823 10.4132 0.1740
10.7429 10.1823 10.4132 0.1740
10.7429 10.1823 10.4173 0.1768
10.7429 10.1823 10.4173 0.1768
10.7429 10.1823 10.4173 0.1768
10.7429 10.1823 10.4201 0.1777
10.7429 10.1823 10.4201 0.1777
10.7429 10.1823 10.4201 0.1777
10.7429 10.1823 10.4201 0.1777
10.7429 10.1823 10.4201 0.1777
10.7429 10.1823 10.4201 0.1777
10.7429 10.1823 10.4201 0.1777
10.7429 10.1823 10.4218 0.1764
10.7429 10.1823 10.4218 0.1764
10.7429 10.1823 10.4218 0.1764
10.7429 10.1823 10.4218 0.1764
10.7429 10.1823 10.4218 0.1764
10.7429 10.1823 10.4231 0.1762
10.7429 10.1823 10.4231 0.1762
10.7429 10.1823 10.4251 0.1772
10.7429 10.1823 10.4265 0.1760
10.7429 10.1823 10.4265 0.1760
10.7429 10.1823 10.4265 0.1760
10.7429 10.1823 10.4265 0.1759
10.7429 10.1823 10.4265 0.1759
10.7429 10.1823 10.4285 0.1769
10.7429 10.1823 10.4285 0.1769
10.7429 10.1823 10.4327 0.1762
10.7429 10.1823 10.4327 0.1762
10.7429 10.1823 10.4327 0.1762
10.7429 10.1823 10.4329 0.1764
10.7429 10.1823 10.4331 0.1763
10.7429 10.1823 10.4331 0.1763
10.7429 10.1823 10.4331 0.1763
10.7429 10.1823 10.4331 0.1763
10.7429 10.1823 10.4331 0.1763
10.7429 10.1823 10.4331 0.1763
10.7429 10.1823 10.4344 0.1750
10.7429 10.1823 10.4372 0.1755
10.7429 10.1823 10.4372 0.1755
10.7429 10.1823 10.4372 0.1755
10.7429 10.1823 10.4372 0.1755
10.7429 10.1823 10.4372 0.1755
10.7429 10.1823 10.4372 0.1755
10.7429 10.1823 10.4414 0.1778
10.7429 10.1823 10.4441 0.1783
10.7429 10.1823 10.4441 0.1783
10.7429 10.1823 10.4445 0.1780
10.7429 10.1823 10.4445 0.1780
10.7429 10.1823 10.4445 0.1780
10.7429 10.1823 10.4445 0.1780
10.7429 10.1823 10.4458 0.1798
10.7429 10.1823 10.4458 0.1798
10.7429 10.1823 10.4458 0.1798
10.7429 10.1823 10.4459 0.1798
10.7429 10.1823 10.4459 0.1798
10.7429 10.1823 10.4470 0.1813
10.7429 10.1823 10.4470 0.1813
10.7429 10.1823 10.4478 0.1810
10.7429 10.1823 10.4478 0.1810
10.7429 10.1823 10.4478 0.1810
10.7429 10.1823 10.4478 0.1810
10.7429 10.1823 10.4478 0.1810
10.7429 10.1823 10.4519 0.1830
10.7429 10.1823 10.4519 0.1830
10.7429 10.1823 10.4520 0.1829
10.7429 10.1823 10.4520 0.1829
10.7429 10.1823 10.4520 0.1829
10.7429 10.1823 10.4520 0.1829
10.7429 10.1823 10.4520 0.1829
10.7429 10.1823 10.4520 0.1829
10.7429 10.1823 10.4533 0.1816
10.7429 10.1823 10.4546 0.1832
10.7429 10.1823 10.4546 0.1832
10.7429 10.1823 10.4574 0.1835
10.7429 10.1823 10.4615 0.1852
10.7429 10.1823 10.4615 0.1852
10.7429 10.1823 10.4656 0.1838
10.7429 10.1823 10.4684 0.1840
10.7429 10.1823 10.4684 0.1840
10.7429 10.1823 10.4684 0.1840
10.7429 10.1823 10.4696 0.1826
10.7429 10.1823 10.4696 0.1826
10.7429 10.1823 10.4704 0.1821
10.7429 10.1823 10.4704 0.1821
10.7429 10.1823 10.4704 0.1821
10.7429 10.1823 10.4704 0.1821
10.7429 10.1823 10.4732 0.1822
10.7429 10.1823 10.4743 0.1810
10.7429 10.1823 10.4743 0.1810
10.7429 10.1823 10.4770 0.1810
10.7429 10.1823 10.4812 0.1793
10.7429 10.1823 10.4812 0.1793
10.7429 10.1823 10.4812 0.1793
10.7429 10.1823 10.4812 0.1793
10.7429 10.1823 10.4825 0.1807
10.7429 10.1823 10.4825 0.1807
10.7429 10.1823 10.4825 0.1807
10.7429 10.1823 10.4825 0.1807
10.7429 10.1823 10.4825 0.1807
10.7429 10.1823 10.4825 0.1807
10.7429 10.1823 10.4825 0.1807
10.7429 10.1823 10.4825 0.1807
10.7429 10.1823 10.4825 0.1807
10.7429 10.1823 10.4825 0.1807
10.7429 10.1823 10.4825 0.1807
10.7429 10.1823 10.4825 0.1807
10.7429 10.1823 10.4825 0.1807
10.7429 10.1823 10.4865 0.1819
10.7429 10.1823 10.4906 0.1800
10.7429 10.1823 10.4906 0.1800
10.7429 10.1823 10.4906 0.1800
10.7429 10.1823 10.4906 0.1800
10.7429 10.1823 10.4906 0.1800
10.7429 10.1823 10.4906 0.1800
10.7429 10.1823 10.4919 0.1813
10.7429 10.1823 10.4919 0.1813
10.7429 10.1823 10.4919 0.1813
10.7429 10.1823 10.4920 0.1814
10.7429 10.1823 10.4920 0.1814
10.7429 10.1823 10.4920 0.1814
10.7429 10.1823 10.4920 0.1814
10.7429 10.1823 10.4920 0.1814
10.7429 10.1823 10.4920 0.1814
10.7429 10.1823 10.4920 0.1814
10.7429 10.1823 10.4920 0.1814
10.7429 10.1823 10.4920 0.1814
10.7429 10.1823 10.4920 0.1814
10.7429 10.1823 10.4920 0.1814
10.7429 10.1823 10.4948 0.1810
10.7429 10.1823 10.4948 0.1810
10.7429 10.1823 10.4948 0.1810
10.7429 10.1823 10.4976 0.1806
10.7429 10.1823 10.4976 0.1806
10.7429 10.1823 10.4976 0.1806
10.7429 10.1823 10.4976 0.1806
10.7429 10.1823 10.4976 0.1806
10.7429 10.1823 10.4976 0.1806
10.7429 10.1823 10.4976 0.1806
10.7429 10.1823 10.4976 0.1806
10.7429 10.1823 10.4976 0.1806
10.7429 10.1823 10.4996 0.1808
10.7429 10.1823 10.4996 0.1808
10.7429 10.1823 10.4996 0.1808
10.7429 10.1823 10.5034 0.1819
10.7429 10.1823 10.5035 0.1818
10.7429 10.1823 10.5035 0.1818
10.7429 10.1823 10.5035 0.1818
10.7429 10.1823 10.5035 0.1818
10.7429 10.1823 10.5035 0.1818
10.7429 10.1823 10.5035 0.1818
10.7450 10.1823 10.5074 0.1828
10.7450 10.1823 10.5075 0.1826
10.7450 10.1823 10.5075 0.1826
10.7450 10.1823 10.5100 0.1823
10.7450 10.1823 10.5100 0.1823
10.7450 10.1823 10.5113 0.1834
10.7450 10.1823 10.5154 0.1841
10.7450 10.1823 10.5154 0.1841
10.7450 10.1823 10.5154 0.1841
10.7450 10.1823 10.5155 0.1839
10.7450 10.1823 10.5155 0.1839
10.7450 10.1823 10.5155 0.1839
10.7450 10.1823 10.5168 0.1850
10.7450 10.1823 10.5168 0.1850
10.7450 10.1823 10.5222 0.1839
10.7450 10.1823 10.5222 0.1839
10.7450 10.1823 10.5232 0.1847
10.7450 10.1823 10.5232 0.1847
10.7450 10.1823 10.5232 0.1847
10.7450 10.1823 10.5232 0.1847
10.7450 10.1823 10.5232 0.1847
10.7450 10.1823 10.5265 0.1857
10.7450 10.1823 10.5265 0.1857
10.7450 10.1823 10.5265 0.1857
10.7450 10.1823 10.5265 0.1857
10.7450 10.1823 10.5265 0.1857
10.7450 10.1823 10.5265 0.1857
10.7450 10.1823 10.5265 0.1857
10.7450 10.1823 10.5265 0.1857
10.7450 10.1823 10.5265 0.1857
10.7450 10.1823 10.5265 0.1857
10.7450 10.1823 10.5265 0.1857
10.7450 10.1823 10.5265 0.1857
10.7450 10.1823 10.5265 0.1857
10.7450 10.1823 10.5265 0.1857
10.7450 10.1823 10.5272 0.1851
10.7450 10.1823 10.5272 0.1851
10.7450 10.1823 10.5272 0.1851
10.7450 10.1823 10.5314 0.1824
10.7450 10.1823 10.5314 0.1824
10.7450 10.1823 10.5314 0.1824
10.7450 10.1823 10.5314 0.1824
10.7450 10.1823 10.5314 0.1824
10.7450 10.1823 10.5314 0.1824
10.7450 10.1823 10.5314 0.1824
10.7450 10.1823 10.5314 0.1824
10.7450 10.1823 10.5314 0.1824
10.7450 10.1823 10.5314 0.1824
10.7450 10.1823 10.5314 0.1824
10.7450 10.1823 10.5314 0.1824
10.7450 10.1823 10.5314 0.1824
10.7450 10.1823 10.5314 0.1824
10.7450 10.1823 10.5327 0.1825
10.7450 10.1823 10.5340 0.1835
10.7450 10.1823 10.5340 0.1835
10.7450 10.1823 10.5340 0.1835
10.7450 10.1823 10.5340 0.1835
10.7465 10.1823 10.5341 0.1836
10.8057 10.1823 10.5358 0.1853
10.8057 10.1823 10.5358 0.1853
10.8057 10.1823 10.5358 0.1853
10.8057 10.1823 10.5399 0.1823
10.8057 10.1823 10.5399 0.1823
10.8057 10.1823 10.5399 0.1823
10.8057 10.1823 10.5399 0.1823
10.8057 10.1823 10.5399 0.1823
10.8057 10.1823 10.5402 0.1820
10.8057 10.1823 10.5443 0.1819
10.8057 10.1823 10.5443 0.1819
10.8057 10.1823 10.5471 0.1807
10.8057 10.1823 10.5498 0.1796
10.8057 10.1823 10.5498 0.1797
10.8057 10.1823 10.5554 0.1770
10.8057 10.1823 10.5569 0.1745
10.8057 10.1823 10.5582 0.1754
10.8057 10.1823 10.5582 0.1754
10.8057 10.1823 10.5622 0.1750
10.8057 10.1823 10.5622 0.1750
10.8057 10.1823 10.5622 0.1750
10.8057 10.1823 10.5622 0.1750
10.8057 10.1823 10.5645 0.1717
10.8057 10.1823 10.5658 0.1726
10.8057 10.1823 10.5658 0.1726
10.8057 10.1823 10.5658 0.1726
10.8057 10.1823 10.5665 0.1718
10.8057 10.1823 10.5665 0.1718
10.8057 10.1823 10.5697 0.1722
10.8057 10.1823 10.5711 0.1730
10.8057 10.1823 10.5711 0.1730
10.8057 10.1823 10.5711 0.1730
10.8057 10.1823 10.5711 0.1730
10.8057 10.1823 10.5724 0.1738
10.8057 10.1823 10.5737 0.1746
10.8057 10.1823 10.5737 0.1746
10.8057 10.1823 10.5737 0.1746
10.8057 10.1823 10.5750 0.1754
10.8057 10.1823 10.5750 0.1754
10.8057 10.1823 10.5776 0.1737
10.8057 10.1823 10.5776 0.1737
10.8057 10.1823 10.5776 0.1737
10.8057 10.1823 10.5790 0.1745
10.8057 10.1823 10.5790 0.1745
10.8057 10.1823 10.5790 0.1745
10.8057 10.1823 10.5822 0.1745
11.5114 10.1823 10.5899 0.1969
11.5114 10.1823 10.5940 0.1958
11.5114 10.1823 10.5940 0.1958
11.5114 10.1823 10.5940 0.1958
11.5114 10.1823 10.5940 0.1958
11.5114 10.1823 10.5941 0.1958
11.5114 10.1823 10.5941 0.1958
11.5114 10.1823 10.5941 0.1958
11.5114 10.1823 10.5941 0.1958
11.5114 10.1823 10.5941 0.1959
11.5114 10.1823 10.5942 0.1959
11.5114 10.1823 10.5942 0.1959
11.5114 10.1823 10.5969 0.1943
11.5114 10.1823 10.5969 0.1943
11.5114 10.1823 10.5969 0.1943
11.5114 10.1823 10.5969 0.1943
11.5114 10.1823 10.5969 0.1943
11.5114 10.1823 10.5988 0.1935
11.5114 10.1823 10.6001 0.1940
11.5114 10.1823 10.6021 0.1931
11.5114 10.1823 10.6021 0.1931
11.5114 10.1823 10.6021 0.1931
11.5114 10.1823 10.6047 0.1914
11.5114 10.1823 10.6047 0.1914
11.5114 10.1823 10.6047 0.1914
11.5114 10.1823 10.6060 0.1919
11.5114 10.1823 10.6060 0.1919
11.5114 10.1823 10.6102 0.1905
11.5114 10.1823 10.6102 0.1905
11.5114 10.1823 10.6102 0.1905
11.5114 10.1823 10.6102 0.1905
11.5114 10.1823 10.6102 0.1905
11.5114 10.1823 10.6129 0.1885
11.5114 10.1823 10.6149 0.1875
11.5114 10.1823 10.6149 0.1875
11.5114 10.1823 10.6164 0.1879
11.5114 10.1823 10.6164 0.1879
11.5114 10.1823 10.6164 0.1879
11.5114 10.1823 10.6164 0.1879
11.5114 10.1823 10.6164 0.1879
11.5114 10.1823 10.6164 0.1879
11.5114 10.1823 10.6164 0.1879
11.5114 10.1823 10.6164 0.1879
11.5114 10.1823 10.6183 0.1869
11.5114 10.1823 10.6183 0.1869
11.5114 10.1823 10.6183 0.1869
11.5114 10.1823 10.6183 0.1869
11.5114 10.1823 10.6195 0.1873
11.5114 10.1823 10.6208 0.1877
11.5114 10.1823 10.6208 0.1877
11.5114 10.1823 10.6209 0.1874
11.5114 10.1823 10.6249 0.1858
11.5114 10.1823 10.6249 0.1858
11.5114 10.1823 10.6281 0.1850
11.5114 10.1823 10.6281 0.1850
11.5114 10.1823 10.6293 0.1854
11.5114 10.1823 10.6328 0.1805
11.5114 10.1823 10.6328 0.1805
11.5114 10.1823 10.6370 0.1751
11.5114 10.1823 10.6370 0.1751
11.5114 10.1823 10.6408 0.1733
11.5114 10.1823 10.6421 0.1735
11.5114 10.1823 10.6421 0.1735
11.5114 10.1823 10.6421 0.1734
11.5114 10.1823 10.6421 0.1734
11.5114 10.1823 10.6456 0.1698
11.5114 10.1823 10.6456 0.1698
11.5114 10.1823 10.6456 0.1698
11.5114 10.1823 10.6467 0.1700
11.5114 10.1823 10.6467 0.1700
11.5114 10.1823 10.6467 0.1700
11.5114 10.1823 10.6467 0.1700
11.5114 10.1823 10.6467 0.1700
11.5114 10.1823 10.6467 0.1700
11.5114 10.1823 10.6467 0.1700
11.5114 10.1823 10.6467 0.1700
11.5114 10.1823 10.6486 0.1707
11.5114 10.1823 10.6486 0.1707
11.5114 10.1823 10.6486 0.1707
11.5114 10.1823 10.6499 0.1709
11.5114 10.1879 10.6555 0.1646
11.5114 10.1879 10.6555 0.1646
11.5114 10.1879 10.6555 0.1646
11.5114 10.1879 10.6558 0.1647
11.5114 10.1879 10.6596 0.1623
11.5114 10.1879 10.6596 0.1623
11.5114 10.1879 10.6596 0.1623
11.5114 10.1879 10.6596 0.1623
11.5114 10.1879 10.6608 0.1624
11.5114 10.1879 10.6649 0.1593
11.5114 10.1879 10.6649 0.1593
11.5114 10.1879 10.6649 0.1593
11.5114 10.1879 10.6649 0.1593
11.5114 10.1879 10.6649 0.1593
11.5114 10.1879 10.6649 0.1593
11.5114 10.1879 10.6649 0.1593
11.5114 10.1879 10.6663 0.1594
11.5114 10.1879 10.6663 0.1594
11.5114 10.1879 10.6663 0.1594
11.5114 10.1879 10.6663 0.1594
11.5114 10.1879 10.6663 0.1594
11.5114 10.1879 10.6669 0.1598
11.5114 10.1879 10.6669 0.1598
11.5114 10.1879 10.6669 0.1598
11.5114 10.1879 10.6669 0.1598
11.5114 10.1879 10.6669 0.1598
11.5114 10.1879 10.6683 0.1599
11.5114 10.1879 10.6683 0.1599
11.5114 10.1879 10.6683 0.1599
11.5114 10.1879 10.6683 0.1599
11.5114 10.1879 10.6683 0.1599
11.5114 10.1879 10.6683 0.1599
11.5114 10.1879 10.6710 0.1565
11.5114 10.1879 10.6710 0.1565
11.5114 10.1879 10.6710 0.1565
11.5114 10.1879 10.6710 0.1565
11.5114 10.1879 10.6710 0.1565
11.5114 10.1879 10.6710 0.1565
11.5114 10.1879 10.6711 0.1565
11.5114 10.1879 10.6711 0.1565
11.5114 10.1879 10.6711 0.1565
11.5114 10.1879 10.6711 0.1565
11.5114 10.1879 10.6711 0.1565
11.5114 10.1879 10.6749 0.1536
11.5114 10.1879 10.6749 0.1536
11.5114 10.1879 10.6749 0.1536
11.5114 10.1879 10.6749 0.1536
11.5114 10.1879 10.6749 0.1536
11.5114 10.1879 10.6749 0.1536
11.5114 10.1879 10.6749 0.1536
11.5114 10.1879 10.6749 0.1536
11.5114 10.1879 10.6762 0.1536
11.5114 10.1879 10.6762 0.1536
11.5114 10.1879 10.6766 0.1528
11.5114 10.3344 10.6789 0.1470
11.5114 10.3344 10.6789 0.1470
11.5114 10.3344 10.6789 0.1470
11.5114 10.3344 10.6789 0.1470
11.5114 10.3344 10.6804 0.1469
11.5114 10.3344 10.6804 0.1469
11.5114 10.3344 10.6804 0.1469
11.5114 10.3344 10.6804 0.1469
11.5114 10.3344 10.6827 0.1432
11.5114 10.3344 10.6827 0.1432
11.5114 10.3344 10.6827 0.1432
11.5114 10.3344 10.6827 0.1432
11.5114 10.3344 10.6827 0.1432
11.5114 10.3344 10.6827 0.1432
11.5114 10.3344 10.6827 0.1432
11.5114 10.3344 10.6827 0.1432
11.5114 10.3344 10.6828 0.1432
11.5114 10.3344 10.6828 0.1432
11.5114 10.3344 10.6828 0.1432
11.5114 10.3344 10.6828 0.1432
11.5114 10.3344 10.6828 0.1432
11.5114 10.3344 10.6861 0.1408
11.5114 10.3344 10.6888 0.1366
11.5114 10.3344 10.6888 0.1366
11.5114 10.3344 10.6888 0.1366
11.5114 10.3344 10.6888 0.1366
11.5114 10.3344 10.6888 0.1366
11.5114 10.3344 10.6888 0.1366
11.5114 10.3344 10.6888 0.1366
11.5114 10.3344 10.6888 0.1366
11.5114 10.3344 10.6888 0.1366
11.5114 10.3344 10.6888 0.1366
11.5114 10.3344 10.6888 0.1366
11.5114 10.3344 10.6888 0.1366
11.5114 10.3344 10.6888 0.1366
11.5114 10.3344 10.6921 0.1340
11.5114 10.3344 10.6934 0.1338
11.5114 10.3344 10.6934 0.1338
11.5114 10.3344 10.6934 0.1338
11.5114 10.3344 10.6934 0.1338
11.5114 10.3344 10.6934 0.1338
11.5114 10.3344 10.6934 0.1338
11.5114 10.3344 10.6946 0.1337
11.5114 10.3344 10.6946 0.1337
11.5114 10.3344 10.6946 0.1337
11.5114 10.3344 10.6946 0.1337
11.5114 10.3344 10.6946 0.1337
11.5114 10.3344 10.6946 0.1337
11.5114 10.3344 10.6946 0.1337
11.5114 10.3344 10.6946 0.1337
11.5114 10.3344 10.6959 0.1336
11.5114 10.3344 10.6959 0.1336
11.5114 10.3344 10.6959 0.1336
11.5114 10.3344 10.6960 0.1335
11.5114 10.3344 10.6960 0.1335
11.5114 10.3344 10.6960 0.1335
11.5114 10.3344 10.6966 0.1339
11.5114 10.3344 10.6966 0.1339
11.5114 10.3344 10.6966 0.1339
11.5114 10.3344 10.6966 0.1339
11.5114 10.3344 10.6979 0.1337
11.5114 10.3344 10.6979 0.1337
11.5114 10.3344 10.6979 0.1337
11.5114 10.3344 10.6979 0.1337
11.5114 10.3344 10.6979 0.1337
11.5114 10.3344 10.6979 0.1337
11.5114 10.3344 10.6979 0.1337
11.5114 10.3344 10.6979 0.1337
11.5114 10.3344 10.6979 0.1337
11.5114 10.3344 10.6979 0.1337
11.5114 10.3344 10.6979 0.1337
11.5114 10.3344 10.6979 0.1337
11.5114 10.3344 10.6979 0.1337
11.5114 10.3344 10.6979 0.1337
11.5114 10.3344 10.6979 0.1337
11.5114 10.3344 10.6979 0.1337
11.5114 10.3344 10.7020 0.1288
11.5114 10.3344 10.7020 0.1288
11.5114 10.3344 10.7039 0.1280
11.5114 10.3344 10.7039 0.1280
11.5114 10.3344 10.7039 0.1280
11.5114 10.3344 10.7045 0.1283
11.5114 10.3344 10.7045 0.1283
11.5114 10.3344 10.7045 0.1283
11.5114 10.3344 10.7045 0.1283
11.5114 10.3344 10.7058 0.1281
11.5114 10.3344 10.7058 0.1281
11.5114 10.3344 10.7058 0.1281
11.5114 10.3344 10.7062 0.1271
11.5114 10.3344 10.7062 0.1271
11.5114 10.3344 10.7062 0.1271
11.5114 10.3344 10.7062 0.1271
11.5114 10.3344 10.7063 0.1271
11.5114 10.3344 10.7069 0.1274
11.5114 10.3344 10.7069 0.1274
11.5114 10.3344 10.7069 0.1274
11.5114 10.3344 10.7069 0.1274
11.5114 10.3344 10.7069 0.1274
11.5114 10.3344 10.7069 0.1274
11.5114 10.3344 10.7069 0.1274
11.5114 10.3344 10.7069 0.1274
11.5114 10.3344 10.7069 0.1274
11.5114 10.3344 10.7069 0.1274
11.5114 10.3344 10.7069 0.1274
11.5114 10.3344 10.7069 0.1274
11.5114 10.3344 10.7069 0.1274
11.5114 10.3344 10.7069 0.1274
11.5114 10.3344 10.7082 0.1271
11.5114 10.3344 10.7088 0.1275
11.5114 10.3344 10.7102 0.1271
11.5114 10.3344 10.7102 0.1272
11.5114 10.3344 10.7115 0.1269
11.5114 10.3344 10.7115 0.1269
11.5114 10.3344 10.7115 0.1269
11.5114 10.3344 10.7121 0.1272
11.5114 10.3344 10.7121 0.1272
11.5114 10.3344 10.7121 0.1272
11.5114 10.3344 10.7134 0.1268
11.5114 10.3344 10.7147 0.1264
11.5114 10.3344 10.7147 0.1264
11.5114 10.3344 10.7147 0.1264
11.5114 10.3344 10.7147 0.1264
11.5114 10.3344 10.7147 0.1264
11.5114 10.3344 10.7147 0.1264
11.5114 10.3344 10.7147 0.1264
11.5114 10.3344 10.7147 0.1264
11.5114 10.3344 10.7147 0.1264
11.5114 10.3344 10.7147 0.1264
11.5114 10.3344 10.7147 0.1264
11.5114 10.3344 10.7147 0.1264
11.5114 10.3344 10.7147 0.1264
11.5114 10.3344 10.7147 0.1264
11.5114 10.3344 10.7149 0.1263
11.5114 10.3344 10.7149 0.1263
11.5114 10.3344 10.7149 0.1263
11.5114 10.3344 10.7149 0.1263
11.5114 10.3344 10.7225 0.1491
11.5114 10.3344 10.7243 0.1465
11.5114 10.3344 10.7243 0.1465
11.5114 10.3344 10.7243 0.1465
11.5114 10.3344 10.7243 0.1465
11.5114 10.3344 10.7243 0.1465
11.5114 10.3344 10.7243 0.1465
11.5114 10.3344 10.7243 0.1465
11.5114 10.3344 10.7243 0.1465
11.5114 10.3344 10.7243 0.1465
11.5114 10.3344 10.7243 0.1465
11.5114 10.3344 10.7243 0.1465
11.5114 10.3344 10.7243 0.1465
11.5114 10.3344 10.7243 0.1465
11.5114 10.3344 10.7257 0.1461
11.5114 10.3344 10.7262 0.1463
11.5114 10.3344 10.7273 0.1460
11.5114 10.3344 10.7273 0.1460
11.5114 10.3344 10.7273 0.1460
11.5114 10.3344 10.7286 0.1455
11.5114 10.3344 10.7287 0.1455
11.5114 10.3344 10.7292 0.1457
11.5114 10.3344 10.7292 0.1457
11.5114 10.3344 10.7292 0.1457
11.5114 10.3344 10.7293 0.1457
11.5114 10.3344 10.7293 0.1457
11.5114 10.3344 10.7333 0.1402
11.5114 10.3344 10.7333 0.1402
11.5114 10.3344 10.7333 0.1402
11.5114 10.3344 10.7345 0.1398
11.5114 10.3344 10.7345 0.1398
11.5114 10.3344 10.7345 0.1398
11.5114 10.3344 10.7345 0.1398
11.5114 10.3344 10.7345 0.1398
11.5114 10.3344 10.7345 0.1398
11.5114 10.3344 10.7358 0.1392
11.5114 10.3344 10.7358 0.1392
11.5114 10.3344 10.7358 0.1392
11.5114 10.3344 10.7358 0.1392
11.5114 10.3344 10.7358 0.1392
11.5114 10.3344 10.7358 0.1392
11.5114 10.3344 10.7358 0.1392
11.5114 10.3344 10.7368 0.1387
11.5114 10.3344 10.7368 0.1387
11.5114 10.3344 10.7368 0.1387
11.5114 10.3344 10.7368 0.1387
11.5114 10.3344 10.7418 0.1476
11.5114 10.3344 10.7418 0.1476
11.5114 10.3344 10.7418 0.1476
11.5114 10.3344 10.7418 0.1476
11.5114 10.3344 10.7424 0.1477
11.5114 10.3344 10.7424 0.1477
11.5114 10.3344 10.7465 0.1420
11.5114 10.3344 10.7465 0.1420
11.5114 10.3344 10.7465 0.1420
11.5114 10.3344 10.7465 0.1420
11.5114 10.3344 10.7465 0.1420
11.5114 10.3344 10.7465 0.1420
11.5114 10.3344 10.7466 0.1420
11.5114 10.3344 10.7466 0.1420
11.5114 10.3344 10.7466 0.1420
11.5114 10.3344 10.7466 0.1420
11.5114 10.3344 10.7466 0.1420
11.5114 10.3344 10.7466 0.1420
11.5114 10.3344 10.7466 0.1420
11.5114 10.3344 10.7466 0.1420
11.5114 10.3344 10.7466 0.1420
11.5114 10.3344 10.7466 0.1420
11.5114 10.3344 10.7466 0.1420
11.5114 10.3344 10.7466 0.1420
11.5114 10.3344 10.7466 0.1420
11.5114 10.3344 10.7466 0.1420
11.5114 10.3344 10.7466 0.1420
11.5114 10.3344 10.7481 0.1412
11.5114 10.3344 10.7481 0.1412
11.5114 10.3344 10.7482 0.1412
11.5114 10.3344 10.7482 0.1412
11.5114 10.3344 10.7482 0.1412
11.5114 10.3344 10.7482 0.1412
11.5114 10.3344 10.7482 0.1412
11.5114 10.3344 10.7482 0.1412
11.5114 10.3344 10.7482 0.1412
11.5114 10.3344 10.7482 0.1412
11.5114 10.3344 10.7482 0.1412
11.5114 10.3344 10.7482 0.1412
11.5114 10.3344 10.7482 0.1412
11.5114 10.3344 10.7482 0.1412
11.5114 10.3344 10.7483 0.1412
11.5114 10.3344 10.7553 0.1602
11.5114 10.3344 10.7553 0.1602
11.5114 10.3344 10.7553 0.1602
11.5114 10.3344 10.7553 0.1602
11.5114 10.3344 10.7553 0.1602
11.5114 10.3344 10.7553 0.1602
11.5114 10.3344 10.7553 0.1602
11.5114 10.3344 10.7553 0.1602
11.5114 10.3344 10.7553 0.1602
11.5114 10.3344 10.7553 0.1602
11.5114 10.3344 10.7630 0.1770
11.5114 10.3344 10.7630 0.1770
11.5114 10.3344 10.7630 0.1770
11.5114 10.3344 10.7630 0.1770
11.5114 10.3344 10.7642 0.1764
11.5114 10.3344 10.7643 0.1764
11.5114 10.3344 10.7643 0.1764
11.5114 10.3344 10.7649 0.1765
11.5114 10.3344 10.7649 0.1765
11.5114 10.3344 10.7649 0.1765
11.5171 10.3395 10.7767 0.1865
11.5171 10.3395 10.7767 0.1865
11.5171 10.3395 10.7845 0.2005
11.5171 10.3395 10.7845 0.2005
11.5171 10.3395 10.7845 0.2005
11.5171 10.3395 10.7862 0.1994
11.5171 10.3395 10.7862 0.1994
11.5171 10.3395 10.7867 0.1994
11.5171 10.3395 10.7867 0.1994
11.5171 10.3395 10.7867 0.1994
11.5171 10.3395 10.7867 0.1994
11.5171 10.3395 10.7867 0.1994
11.5171 10.3395 10.7867 0.1994
11.5171 10.3395 10.7867 0.1994
11.5171 10.3395 10.7867 0.1994
11.5171 10.3395 10.7867 0.1994
11.5171 10.3395 10.7931 0.2081
11.5171 10.3395 10.7943 0.2075
11.5171 10.3395 10.7956 0.2067
11.5171 10.3395 10.7956 0.2067
11.5171 10.3395 10.7962 0.2067
11.5171 10.3395 10.7962 0.2067
11.5171 10.3395 10.7962 0.2067
11.5171 10.3395 10.7962 0.2067
11.5171 10.3395 10.7968 0.2066
11.5171 10.3395 10.7969 0.2066
11.5171 10.3395 10.7969 0.2066
11.5171 10.3395 10.7969 0.2066
11.5171 10.3395 10.7969 0.2066
11.5171 10.3395 10.7969 0.2066
11.5171 10.3395 10.7970 0.2066
11.5171 10.3395 10.7976 0.2065
11.5171 10.3395 10.7977 0.2065
11.5171 10.3395 10.7989 0.2057
11.5171 10.3395 10.7989 0.2057
11.5171 10.3395 10.8002 0.2050
11.5171 10.3395 10.8006 0.2048
11.5171 10.3395 10.8006 0.2048
11.5171 10.3395 10.8006 0.2048
11.5171 10.3395 10.8006 0.2048
11.5171 10.3395 10.8006 0.2048
11.5171 10.3395 10.8006 0.2048
11.5171 10.3395 10.8006 0.2048
11.5171 10.3395 10.8006 0.2048
11.5171 10.3395 10.8006 0.2048
11.5171 10.3395 10.8006 0.2048
11.5171 10.3395 10.8008 0.2048
11.5171 10.3395 10.8008 0.2048
11.5171 10.3395 10.8008 0.2048
11.5171 10.3395 10.8008 0.2048
11.5171 10.3395 10.8008 0.2048
11.5171 10.3395 10.8008 0.2048
11.5171 10.3395 10.8086 0.2165
11.5171 10.3395 10.8086 0.2165
11.5171 10.3395 10.8086 0.2165
11.5171 10.3395 10.8086 0.2165
11.5171 10.3395 10.8086 0.2165
11.5171 10.3395 10.8102 0.2167
11.5171 10.3395 10.8102 0.2167
11.5171 10.3395 10.8102 0.2167
11.5171 10.3395 10.8103 0.2166
11.5171 10.3395 10.8103 0.2166
11.5171 10.3395 10.8104 0.2166
11.5171 10.3395 10.8104 0.2166
11.5171 10.3395 10.8104 0.2166
11.5171 10.3395 10.8104 0.2166
11.5171 10.3395 10.8104 0.2166
11.5171 10.3395 10.8104 0.2166
11.5171 10.3395 10.8117 0.2158
11.5171 10.3395 10.8117 0.2158
11.5171 10.3395 10.8117 0.2158
11.5171 10.3395 10.8123 0.2157
11.5171 10.3395 10.8123 0.2157
11.5171 10.3395 10.8123 0.2157
11.5171 10.3395 10.8129 0.2156
11.5171 10.3395 10.8129 0.2156
11.5171 10.3395 10.8200 0.2265
11.5171 10.3395 10.8200 0.2265
11.5171 10.3395 10.8200 0.2265
11.5171 10.3395 10.8201 0.2265
11.5171 10.3395 10.8201 0.2265
11.5171 10.3395 10.8201 0.2265
11.5171 10.3395 10.8205 0.2264
11.5171 10.3395 10.8282 0.2365
11.5171 10.3395 10.8282 0.2365
11.5171 10.3395 10.8282 0.2365
11.5171 10.3395 10.8282 0.2365
11.5171 10.3395 10.8282 0.2365
11.5171 10.3395 10.8282 0.2365
11.5171 10.3395 10.8282 0.2365
11.5171 10.3395 10.8282 0.2365
11.5171 10.3395 10.8282 0.2364
11.5171 10.3395 10.8283 0.2364
11.5171 10.3395 10.8289 0.2363
11.5171 10.3395 10.8289 0.2363
11.5171 10.3395 10.8289 0.2363
11.5171 10.3395 10.8289 0.2363
11.5171 10.3395 10.8289 0.2363
11.5171 10.3395 10.8289 0.2363
11.5171 10.3395 10.8289 0.2363
11.5171 10.3395 10.8289 0.2363
11.5171 10.3395 10.8289 0.2363
11.5171 10.3395 10.8289 0.2363
11.5171 10.3395 10.8366 0.2457
11.5171 10.3395 10.8366 0.2457
11.5171 10.3395 10.8442 0.2545
11.5171 10.3395 10.8442 0.2545
11.5171 10.3395 10.8519 0.2628
11.5171 10.3395 10.8519 0.2628
11.5171 10.3395 10.8519 0.2628
11.5171 10.3395 10.8519 0.2628
11.5171 10.3395 10.8519 0.2628
11.5171 10.3395 10.8519 0.2628
11.5171 10.3395 10.8519 0.2628
11.5171 10.3395 10.8519 0.2628
11.5171 10.3395 10.8519 0.2628
11.5171 10.3395 10.8519 0.2628
11.5171 10.3395 10.8530 0.2621
11.5171 10.3395 10.8535 0.2620
11.5171 10.3395 10.8535 0.2620
11.5171 10.3395 10.8535 0.2620
11.5171 10.3395 10.8610 0.2699
11.5171 10.3395 10.8610 0.2699
11.5171 10.3395 10.8610 0.2699
11.5171 10.3395 10.8681 0.2714
11.5171 10.3395 10.8681 0.2713
11.5171 10.3395 10.8708 0.2763
11.5171 10.3395 10.8708 0.2763
11.5171 10.3395 10.8708 0.2763
11.5171 10.3395 10.8708 0.2763
11.5171 10.3395 10.8708 0.2763
11.5171 10.3395 10.8708 0.2763
11.5171 10.3395 10.8708 0.2763
11.5171 10.3395 10.8708 0.2763
11.5171 10.3395 10.8708 0.2763
11.5171 10.3395 10.8708 0.2763
11.5171 10.3395 10.8708 0.2763
11.5171 10.3395 10.8715 0.2761
11.5171 10.3395 10.8715 0.2761
11.5171 10.3395 10.8720 0.2759
11.5171 10.3395 10.8721 0.2760
11.5171 10.3395 10.8721 0.2760
11.5171 10.3395 10.8721 0.2760
11.5171 10.3395 10.8721 0.2760
11.6234 10.3395 10.8732 0.2788
11.6234 10.3395 10.8809 0.2856
11.6234 10.3395 10.8809 0.2856
11.6234 10.3395 10.8809 0.2856
11.6234 10.3395 10.8809 0.2856
11.6234 10.3395 10.8809 0.2857
11.6234 10.3395 10.8809 0.2857
11.6234 10.3395 10.8810 0.2857
11.6234 10.3395 10.8816 0.2854
11.6234 10.3395 10.8816 0.2854
11.6234 10.3395 10.8817 0.2854
11.6234 10.3395 10.8823 0.2852
11.6234 10.3395 10.8823 0.2852
11.6234 10.3395 10.8823 0.2852
11.6234 10.3395 10.8823 0.2852
11.6234 10.3395 10.8823 0.2852
11.6234 10.3395 10.8823 0.2853
11.6234 10.3395 10.8823 0.2853
11.6234 10.3395 10.8823 0.2853
11.6234 10.3395 10.8823 0.2853
11.6234 10.3395 10.8823 0.2853
11.6234 10.3395 10.8900 0.2917
11.6234 10.3395 10.8900 0.2917
11.6234 10.3395 10.8972 0.2982
11.6234 10.3395 10.8972 0.2982
11.6234 10.3395 10.8985 0.2972
11.6234 10.3395 10.8985 0.2972
11.6234 10.3395 10.8985 0.2972
11.6234 10.3395 10.8985 0.2972
11.6234 10.3395 10.8985 0.2972
11.6234 10.3395 10.8985 0.2972
11.6234 10.3395 10.8985 0.2972
11.6234 10.3395 10.8985 0.2972
11.6234 10.3395 10.8985 0.2972
11.6234 10.3395 10.8985 0.2972
11.6234 10.3395 10.8985 0.2972
11.6234 10.3395 10.8985 0.2972
11.6234 10.3395 10.8985 0.2972
11.6234 10.3395 10.8985 0.2972
11.6234 10.3395 10.8985 0.2972
11.6234 10.3395 10.8985 0.2972
11.6234 10.3395 10.8985 0.2972
11.6234 10.3395 10.8991 0.2970
11.6234 10.3395 10.9068 0.3027
11.6234 10.3395 10.9068 0.3027
11.6234 10.3395 10.9069 0.3027
11.6234 10.3395 10.9069 0.3027
11.6234 10.3395 10.9069 0.3027
11.6234 10.3395 10.9069 0.3027
11.6234 10.3395 10.9069 0.3027
11.6234 10.3395 10.9075 0.3024
11.6234 10.3395 10.9081 0.3022
11.6234 10.3395 10.9081 0.3022
11.6234 10.3395 10.9097 0.3017
11.6234 10.3395 10.9097 0.3017
11.6234 10.3395 10.9097 0.3017
11.6234 10.3395 10.9097 0.3017
11.6234 10.3395 10.9097 0.3017
11.6234 10.3395 10.9097 0.3017
11.6234 10.3395 10.9097 0.3017
11.6234 10.3395 10.9097 0.3017
11.6234 10.3395 10.9097 0.3017
11.6234 10.3395 10.9097 0.3017
11.6234 10.3395 10.9097 0.3017
11.6234 10.3395 10.9097 0.3017
11.6234 10.3395 10.9097 0.3017
11.6234 10.3395 10.9097 0.3017
11.6234 10.6116 10.9137 0.2967
11.6234 10.6116 10.9137 0.2967
11.6234 10.6116 10.9138 0.2967
11.6234 10.6116 10.9138 0.2967
11.6234 10.6116 10.9138 0.2967
11.6234 10.6116 10.9138 0.2967
11.6234 10.6116 10.9215 0.3022
11.6234 10.6116 10.9215 0.3022
11.6234 10.6116 10.9216 0.3024
11.6234 10.6116 10.9221 0.3021
11.6234 10.6116 10.9221 0.3021
11.6234 10.6116 10.9221 0.3021
11.6234 10.6116 10.9221 0.3021
11.6234 10.6116 10.9221 0.3021
11.6234 10.6116 10.9222 0.3020
11.6234 10.6116 10.9222 0.3020
11.6234 10.6116 10.9222 0.3020
11.6234 10.6116 10.9228 0.3018
11.6234 10.6116 10.9228 0.3018
11.6234 10.6116 10.9228 0.3018
11.6234 10.6116 10.9228 0.3017
11.6234 10.6116 10.9228 0.3017
11.6234 10.6116 10.9228 0.3017
11.6234 10.6116 10.9228 0.3017
11.6234 10.6116 10.9228 0.3017
11.6234 10.6116 10.9228 0.3017
11.6234 10.6116 10.9229 0.3018
11.6234 10.6116 10.9306 0.3070
11.6234 10.6116 10.9377 0.3122
11.6234 10.6116 10.9377 0.3122
11.6234 10.6116 10.9377 0.3122
11.6234 10.6116 10.9383 0.3118
11.6234 10.6116 10.9383 0.3118
11.6234 10.6116 10.9397 0.3113
11.6234 10.6116 10.9397 0.3113
11.6234 10.6116 10.9397 0.3113
11.6234 10.6116 10.9403 0.3110
11.6234 10.6116 10.9474 0.3159
11.6234 10.6116 10.9474 0.3159
11.6234 10.6116 10.9511 0.3197
11.6234 10.6116 10.9511 0.3197
11.6234 10.6116 10.9517 0.3194
11.6234 10.6116 10.9523 0.3191
11.6234 10.6116 10.9523 0.3191
11.6234 10.6116 10.9523 0.3191
11.6234 10.6116 10.9523 0.3191
11.6234 10.6116 10.9523 0.3191
11.6234 10.6116 10.9523 0.3191
11.6234 10.6116 10.9600 0.3233
11.6234 10.6116 10.9600 0.3233
11.6234 10.6116 10.9600 0.3233
11.6234 10.6116 10.9600 0.3233
11.6234 10.6116 10.9600 0.3233
11.6234 10.6116 10.9600 0.3233
11.6234 10.6116 10.9600 0.3233
11.6234 10.6116 10.9636 0.3228
11.6234 10.6116 10.9636 0.3228
11.6234 10.6116 10.9636 0.3228
11.6234 10.6116 10.9636 0.3228
11.6234 10.6116 10.9712 0.3266
11.6234 10.6116 10.9712 0.3266
11.6234 10.6116 10.9712 0.3266
11.6234 10.6116 10.9712 0.3266
11.6234 10.6116 10.9712 0.3266
11.6234 10.6116 10.9712 0.3266
11.6234 10.6116 10.9712 0.3266
11.6234 10.6116 10.9712 0.3266
11.6234 10.6116 10.9713 0.3266
11.6234 10.6116 10.9713 0.3266
11.6234 10.6116 10.9719 0.3262
11.6234 10.6116 10.9762 0.3261
11.6234 10.6116 10.9762 0.3261
11.6234 10.6116 10.9839 0.3296
11.6234 10.6116 10.9839 0.3296
11.6234 10.6116 10.9839 0.3296
11.6234 10.6116 10.9839 0.3296
11.6234 10.6116 10.9839 0.3296
11.6234 10.6116 10.9839 0.3296
11.6234 10.6116 10.9839 0.3296
11.6234 10.6116 10.9839 0.3296
11.6234 10.6116 10.9844 0.3293
11.6234 10.6116 10.9921 0.3326
11.6234 10.6116 10.9991 0.3360
11.6234 10.6116 10.9991 0.3360
11.6234 10.6116 10.9997 0.3356
11.6234 10.6116 10.9997 0.3356
11.6234 10.6116 11.0073 0.3385
11.6234 10.6116 11.0073 0.3385
11.6234 10.6116 11.0073 0.3385
11.6234 10.6116 11.0073 0.3385
11.6234 10.6116 11.0073 0.3385
11.6234 10.6116 11.0073 0.3385
11.6234 10.6116 11.0073 0.3385
11.6234 10.6116 11.0107 0.3419
11.6234 10.6116 11.0107 0.3419
11.6234 10.6116 11.0107 0.3419
11.6234 10.6116 11.0113 0.3415
11.6234 10.6116 11.0113 0.3415
11.6234 10.6116 11.0113 0.3415
11.6234 10.6116 11.0119 0.3411
11.6234 10.6116 11.0119 0.3411
11.6234 10.6116 11.0119 0.3411
11.6234 10.6116 11.0119 0.3411
11.6234 10.6116 11.0119 0.3410
11.6234 10.6116 11.0119 0.3410
11.6234 10.6116 11.0120 0.3410
11.6234 10.6116 11.0120 0.3410
11.6234 10.6116 11.0120 0.3410
11.6234 10.6116 11.0184 0.3445
11.6234 10.6116 11.0184 0.3445
11.6234 10.6116 11.0184 0.3445
11.6234 10.6116 11.0185 0.3445
11.6234 10.6116 11.0185 0.3445
11.6234 10.6116 11.0256 0.3474
11.6234 10.6116 11.0292 0.3501
11.6234 10.6116 11.0292 0.3501
11.6234 10.6116 11.0292 0.3501
11.6234 10.6116 11.0292 0.3501
11.6234 10.6116 11.0364 0.3516
11.6234 10.6116 11.0364 0.3516
11.6234 10.6116 11.0364 0.3516
11.6234 10.6116 11.0364 0.3516
11.6234 10.6116 11.0364 0.3516
11.6234 10.6116 11.0364 0.3516
11.6234 10.6116 11.0364 0.3516
11.6234 10.6116 11.0364 0.3516
11.6234 10.6116 11.0405 0.3547
11.6234 10.6116 11.0405 0.3547
11.6234 10.6116 11.0405 0.3547
11.6234 10.6116 11.0475 0.3570
11.6234 10.6116 11.0475 0.3570
11.6234 10.6116 11.0552 0.3586
11.6234 10.6116 11.0564 0.3573
11.6234 10.6116 11.0564 0.3573
11.6234 10.6116 11.0564 0.3573
11.6234 10.6116 11.0564 0.3573
11.6234 10.6116 11.0564 0.3573
11.6234 10.6116 11.0564 0.3573
11.6234 10.6116 11.0564 0.3573
11.6234 10.6116 11.0564 0.3573
11.6234 10.6116 11.0564 0.3573
11.6234 10.6116 11.0636 0.3593
11.6234 10.6116 11.0636 0.3593
11.6234 10.6116 11.0728 0.3641
11.6234 10.6116 11.0728 0.3641
11.6234 10.6116 11.0728 0.3641
11.6234 10.6116 11.0728 0.3641
11.6234 10.6116 11.0728 0.3641
11.6234 10.6116 11.0789 0.3647
11.6234 10.6116 11.0789 0.3647
11.6234 10.6116 11.0805 0.3636
11.6234 10.6116 11.0805 0.3636
11.6234 10.6116 11.0812 0.3630
11.6234 10.6116 11.0812 0.3630
11.6234 10.6116 11.0888 0.3639
11.6234 10.6116 11.0888 0.3639
11.6234 10.6116 11.0888 0.3639
11.6234 10.6116 11.0888 0.3639
11.6234 10.6116 11.0888 0.3639
11.6234 10.6116 11.0888 0.3639
11.6234 10.6116 11.0888 0.3639
11.6234 10.6116 11.0888 0.3639
11.6234 10.6116 11.0888 0.3639
11.6234 10.6116 11.0888 0.3639
11.6234 10.6116 11.0932 0.3630
11.6234 10.6116 11.0934 0.3632
11.6234 10.6116 11.0934 0.3632
11.6234 10.6116 11.0934 0.3632
11.6234 10.6116 11.0993 0.3633
11.6234 10.6116 11.0993 0.3633
11.6234 10.6116 11.0993 0.3633
11.6234 10.6116 11.1080 0.3652
11.6234 10.6116 11.1096 0.3640
11.6234 10.6116 11.1130 0.3637
11.6234 10.6116 11.1130 0.3637
11.6234 10.6116 11.1130 0.3637
11.6234 10.6116 11.1130 0.3637
11.6234 10.6116 11.1130 0.3637
11.6234 10.6116 11.1189 0.3634
11.6234 10.6116 11.1189 0.3634
11.6234 10.6116 11.1189 0.3634
11.6234 10.6116 11.1189 0.3634
11.6234 10.6116 11.1189 0.3634
11.6234 10.6116 11.1266 0.3635
11.6234 10.6116 11.1266 0.3635
11.6234 10.6116 11.1266 0.3635
11.6234 10.6116 11.1266 0.3636
11.6234 10.6116 11.1278 0.3646
11.6234 10.6116 11.1359 0.3664
11.6234 10.6116 11.1372 0.3675
11.6234 10.6116 11.1384 0.3689
11.6234 10.6116 11.1444 0.3700
11.6234 10.6116 11.1444 0.3700
11.6234 10.6116 11.1444 0.3700
11.6234 10.6116 11.1444 0.3700
11.6234 10.6116 11.1444 0.3700
11.6234 10.6116 11.1515 0.3702
11.6234 10.6116 11.1515 0.3702
11.6234 10.6116 11.1518 0.3705
11.6234 10.6116 11.1518 0.3705
11.6234 10.6116 11.1518 0.3705
11.6234 10.6116 11.1518 0.3705
11.6234 10.6116 11.1518 0.3705
11.6234 10.6116 11.1523 0.3709
11.6234 10.6116 11.1594 0.3710
11.6234 10.6116 11.1594 0.3710
11.6234 10.6116 11.1594 0.3710
11.6234 10.6116 11.1594 0.3710
11.6234 10.6116 11.1672 0.3704
11.6234 10.6116 11.1672 0.3704
11.6234 10.6116 11.1748 0.3696
11.6234 10.6116 11.1830 0.3704
11.6234 10.6116 11.1830 0.3704
11.6234 10.6116 11.1830 0.3704
11.6234 10.6116 11.1830 0.3704
11.6234 10.6116 11.1830 0.3704
11.6234 10.6116 11.1830 0.3704
11.6234 10.6116 11.1846 0.3688
11.6234 10.6116 11.1857 0.3699
11.6234 10.6116 11.1873 0.3683
11.6234 10.6116 11.1873 0.3683
11.6234 10.6116 11.1873 0.3683
11.6234 10.6116 11.1873 0.3683
11.6234 10.6116 11.1945 0.3676
11.6234 10.6116 11.2016 0.3669
11.6234 10.6116 11.2016 0.3669
11.6234 10.6116 11.2042 0.3657
11.6234 10.6116 11.2042 0.3657
11.6234 10.6116 11.2053 0.3668
11.6234 10.6116 11.2053 0.3668
11.6234 10.6116 11.2053 0.3668
11.6234 10.6116 11.2053 0.3668
11.6234 10.6116 11.2053 0.3668
11.6234 10.6116 11.2053 0.3668
11.6234 10.6116 11.2119 0.3644
11.6234 10.6116 11.2125 0.3637
11.6234 10.6116 11.2196 0.3625
11.6234 10.6116 11.2196 0.3625
11.6234 10.6116 11.2196 0.3625
11.6234 10.6116 11.2196 0.3625
11.6234 10.6116 11.2196 0.3625
11.6234 10.6116 11.2206 0.3632
11.6234 10.6116 11.2209 0.3635
11.6234 10.6116 11.2209 0.3635
11.6234 10.6116 11.2280 0.3622
11.6234 10.6116 11.2280 0.3622
11.6234 10.6116 11.2280 0.3622
11.6234 10.6116 11.2280 0.3622
11.6234 10.6116 11.2280 0.3621
11.6234 10.6116 11.2352 0.3628
11.6234 10.6116 11.2352 0.3628
11.6234 10.6116 11.2352 0.3628
11.6234 10.6116 11.2352 0.3628
11.6234 10.6116 11.2352 0.3628
11.6234 10.6116 11.2402 0.3603
11.6234 10.6116 11.2478 0.3579
11.6234 10.6116 11.2478 0.3579
11.6234 10.6116 11.2478 0.3579
11.6234 10.6116 11.2478 0.3579
11.6234 10.6116 11.2478 0.3579
11.6234 10.6116 11.2478 0.3579
11.6234 10.6116 11.2478 0.3579
11.6234 10.6116 11.2478 0.3579
11.6234 10.6116 11.2478 0.3579
11.6234 10.6116 11.2478 0.3579
11.6234 10.6116 11.2478 0.3579
11.6234 10.6116 11.2478 0.3579
11.6234 10.6116 11.2478 0.3579
11.6234 10.6116 11.2484 0.3571
11.6234 10.7164 11.2494 0.3554
11.6234 10.7164 11.2494 0.3554
11.6234 10.7164 11.2494 0.3554
11.6234 10.7164 11.2494 0.3554
11.6234 10.7164 11.2494 0.3554
11.6234 10.7164 11.2494 0.3554
11.6234 10.7164 11.2494 0.3554
11.6234 10.7164 11.2494 0.3554
11.6234 10.7164 11.2505 0.3563
11.6234 10.7164 11.2505 0.3563
11.6234 10.7164 11.2554 0.3527
11.6234 10.7164 11.2554 0.3527
11.6234 10.7164 11.2642 0.3508
11.6234 10.7164 11.2642 0.3508
11.6234 10.7164 11.2642 0.3508
11.6234 10.7164 11.2642 0.3508
11.6234 10.7164 11.2642 0.3508
11.6234 10.7164 11.2642 0.3508
11.6234 10.7164 11.2712 0.3486
11.6234 10.7164 11.2755 0.3448
11.6234 10.7164 11.2776 0.3456
11.6234 10.7164 11.2776 0.3456
11.6234 10.7164 11.2776 0.3456
11.6234 10.7164 11.2776 0.3456
11.6234 10.7164 11.2776 0.3456
11.6234 10.7164 11.2846 0.3431
11.6234 10.7164 11.2869 0.3406
11.6234 10.7164 11.2869 0.3406
11.6234 10.7164 11.2869 0.3406
11.6234 10.7164 11.2869 0.3406
11.6234 10.7164 11.2870 0.3406
11.6234 10.7164 11.2870 0.3406
11.6234 10.7164 11.2870 0.3406
11.6234 10.7164 11.2870 0.3407
11.6234 10.7164 11.2870 0.3407
11.6234 10.7164 11.2870 0.3407
11.6234 10.7164 11.2870 0.3407
11.6234 10.7164 11.2870 0.3407
11.6234 10.7164 11.2870 0.3407
11.6234 10.7164 11.2941 0.3379
11.6234 10.7164 11.2941 0.3379
11.6234 10.7164 11.2941 0.3379
11.6234 10.7164 11.2941 0.3379
11.6234 10.7164 11.2941 0.3379
11.6234 10.7164 11.2941 0.3379
11.6234 10.7164 11.2941 0.3379
11.6234 10.7164 11.2941 0.3379
11.6234 10.7164 11.2945 0.3374
11.6234 10.7164 11.2945 0.3374
11.6234 10.7164 11.2945 0.3374
11.6234 10.7164 11.2945 0.3374
11.6234 10.7164 11.2945 0.3373
11.6234 10.7164 11.2956 0.3381
11.6234 10.7164 11.2956 0.3381
11.6234 10.7164 11.2956 0.3381
11.6234 10.7164 11.2956 0.3381
11.6234 10.7164 11.2956 0.3381
11.6234 10.7164 11.2995 0.3396
11.6234 10.7164 11.2995 0.3396
11.6234 10.7164 11.3072 0.3357
11.6234 10.7164 11.3074 0.3357
11.6234 10.7164 11.3074 0.3357
11.6234 10.7164 11.3099 0.3324
11.6234 10.7164 11.3110 0.3333
11.6234 10.7164 11.3176 0.3305
11.6234 10.7164 11.3176 0.3305
11.6234 10.7164 11.3255 0.3261
11.6234 10.7164 11.3255 0.3261
11.6234 10.7164 11.3255 0.3261
11.6234 10.7164 11.3255 0.3261
11.6234 10.7164 11.3255 0.3261
11.6234 10.7164 11.3281 0.3266
11.6234 10.7164 11.3346 0.3212
11.6234 10.7164 11.3417 0.3173
11.6234 10.7164 11.3417 0.3173
11.6234 10.7164 11.3426 0.3180
11.6234 10.7164 11.3503 0.3128
11.6234 10.7164 11.3503 0.3128
11.6234 10.7164 11.3522 0.3101
11.6234 10.7164 11.3522 0.3101
11.6234 10.7164 11.3522 0.3101
11.6234 10.7164 11.3522 0.3101
11.6234 10.7164 11.3522 0.3101
11.6234 10.7164 11.3592 0.3055
11.6234 10.7164 11.3592 0.3055
11.6234 10.7164 11.3593 0.3055
11.6234 10.7164 11.3593 0.3055
11.6234 10.7164 11.3593 0.3055
11.6234 10.7164 11.3593 0.3055
11.6234 10.7164 11.3593 0.3055
11.6234 10.7164 11.3593 0.3056
11.6234 10.7164 11.3593 0.3056
11.6234 10.7164 11.3593 0.3056
11.6234 10.7164 11.3593 0.3056
11.6234 10.7164 11.3593 0.3056
11.6234 10.7164 11.3593 0.3056
11.6234 10.7164 11.3593 0.3056
11.6234 10.7164 11.3675 0.3015
11.6234 10.7164 11.3736 0.2983
11.6234 10.7164 11.3736 0.2983
11.6234 10.7164 11.3736 0.2983
11.6234 10.7164 11.3736 0.2983
11.6234 10.7164 11.3736 0.2983
11.6234 10.7164 11.3736 0.2984
11.6234 10.7164 11.3806 0.2933
11.6234 10.7164 11.3806 0.2933
11.6234 10.7164 11.3817 0.2939
11.6234 10.7450 11.3886 0.2862
11.6234 10.7450 11.3897 0.2869
11.6234 10.7450 11.3897 0.2869
11.6234 10.7450 11.3969 0.2811
11.6234 10.7450 11.3969 0.2811
11.6234 10.7450 11.3969 0.2811
11.6234 10.7450 11.3969 0.2811
11.6234 10.7450 11.4042 0.2750
11.6234 10.7450 11.4042 0.2750
11.6234 10.7450 11.4118 0.2672
11.6234 10.7450 11.4118 0.2672
11.6234 10.7450 11.4129 0.2678
11.6234 10.7450 11.4140 0.2685
11.6234 10.7450 11.4140 0.2685
11.6234 10.7450 11.4140 0.2685
11.6234 10.7450 11.4140 0.2685
11.6234 10.7450 11.4141 0.2684
11.6234 10.7450 11.4141 0.2684
11.6234 10.7450 11.4141 0.2684
11.6234 10.7450 11.4141 0.2684
11.6234 10.7450 11.4141 0.2684
11.6234 10.7450 11.4141 0.2684
11.6234 10.7450 11.4141 0.2684
11.6234 10.7450 11.4153 0.2686
11.6234 10.7450 11.4164 0.2687
11.6234 10.7450 11.4164 0.2687
11.6234 10.7450 11.4165 0.2688
11.6234 10.7450 11.4165 0.2688
11.6234 10.7450 11.4165 0.2688
11.6234 10.7450 11.4165 0.2688
11.6234 10.7450 11.4192 0.2685
11.6234 10.7450 11.4192 0.2685
11.6234 10.7450 11.4202 0.2690
11.6234 10.7450 11.4202 0.2690
11.6234 10.7450 11.4202 0.2690
11.6234 10.7450 11.4202 0.2690
11.6234 10.7450 11.4202 0.2690
11.6234 10.7450 11.4202 0.2690
11.6234 10.7450 11.4202 0.2690
11.6234 10.7450 11.4202 0.2690
11.6234 10.7450 11.4268 0.2606
11.6234 10.7450 11.4268 0.2606
11.6234 10.7450 11.4300 0.2572
11.6234 10.7450 11.4300 0.2572
11.6234 10.7450 11.4300 0.2572
11.6234 10.7450 11.4344 0.2567
11.6234 10.7450 11.4344 0.2567
11.6234 10.7450 11.4344 0.2567
11.6234 10.7450 11.4408 0.2534
11.6234 10.7450 11.4408 0.2534
11.6234 10.7450 11.4408 0.2534
11.6234 10.7450 11.4408 0.2534
11.6234 10.7450 11.4408 0.2534
11.6234 10.7450 11.4408 0.2534
11.6234 10.7450 11.4419 0.2539
11.6234 10.7450 11.4419 0.2539
11.6234 10.7450 11.4419 0.2539
11.6234 10.7450 11.4419 0.2539
11.6234 10.7450 11.4419 0.2539
11.6234 10.7450 11.4430 0.2545
11.6234 10.7450 11.4430 0.2545
11.6234 10.7450 11.4430 0.2545
11.6234 10.7450 11.4441 0.2550
11.6234 10.7450 11.4441 0.2550
11.6234 10.7450 11.4441 0.2550
11.6234 10.7450 11.4441 0.2550
11.6234 10.7450 11.4451 0.2555
11.6234 10.7450 11.4452 0.2555
11.6234 10.7450 11.4522 0.2474
11.6234 10.7450 11.4522 0.2474
11.6234 10.7450 11.4522 0.2474
11.6234 10.7450 11.4551 0.2457
11.6234 10.7450 11.4623 0.2367
11.6234 10.7450 11.4623 0.2367
11.6234 10.7450 11.4633 0.2372
11.6234 10.7450 11.4633 0.2372
11.6234 10.7450 11.4644 0.2376
11.6234 10.7450 11.4644 0.2376
11.6234 10.7450 11.4644 0.2376
11.6234 10.7450 11.4646 0.2377
11.6234 10.7450 11.4646 0.2377
11.6234 10.7450 11.4646 0.2377
11.6234 10.7450 11.4646 0.2377
11.6234 10.7450 11.4646 0.2377
11.6234 10.7450 11.4646 0.2377
11.6234 10.7450 11.4646 0.2377
11.6234 10.7450 11.4646 0.2377
11.6234 10.7450 11.4646 0.2377
11.6234 10.7450 11.4646 0.2377
11.6234 10.7450 11.4646 0.2377
11.6234 10.7450 11.4654 0.2380
11.6234 10.7450 11.4654 0.2380
11.6234 10.7450 11.4654 0.2380
11.6234 10.7450 11.4654 0.2380
11.6234 10.7450 11.4654 0.2380
11.6234 10.7450 11.4655 0.2381
11.6234 10.7450 11.4655 0.2381
11.6234 10.7450 11.4655 0.2381
11.6234 10.7450 11.4656 0.2381
11.6234 10.7450 11.4656 0.2381
11.6234 10.7450 11.4657 0.2381
11.6234 10.7450 11.4657 0.2381
11.6234 10.7450 11.4657 0.2381
11.6234 10.7450 11.4657 0.2381
11.6234 10.7450 11.4657 0.2381
11.6234 10.7450 11.4657 0.2381
11.6234 10.7450 11.4657 0.2381
11.6234 10.7450 11.4657 0.2381
11.6234 10.7450 11.4668 0.2386
11.6234 10.7450 11.4668 0.2386
11.6234 10.7450 11.4668 0.2386
11.6234 10.7483 11.4740 0.2273
11.6234 10.7483 11.4741 0.2273
11.6234 10.7483 11.4741 0.2273
11.6234 10.7483 11.4742 0.2273
11.6234 10.7483 11.4742 0.2273
11.6234 10.7483 11.4742 0.2273
11.6234 10.7483 11.4742 0.2273
11.6234 10.7483 11.4742 0.2273
11.6234 10.7483 11.4829 0.2158
11.6234 10.7483 11.4830 0.2158
11.6234 10.7483 11.4906 0.2030
11.6234 10.7483 11.4906 0.2030
11.6234 10.7483 11.4906 0.2030
11.6234 10.7483 11.4906 0.2030
11.6234 10.8057 11.4994 0.1892
11.6234 10.8057 11.4994 0.1892
11.6234 10.8057 11.5003 0.1895
11.6234 10.8057 11.5013 0.1899
11.6234 10.8057 11.5024 0.1897
11.6234 10.8057 11.5024 0.1897
11.6234 10.8057 11.5024 0.1897
11.6234 10.8057 11.5024 0.1897
11.6234 10.8057 11.5024 0.1897
11.6234 10.8057 11.5024 0.1897
11.6234 10.8057 11.5024 0.1897
11.6234 10.8057 11.5024 0.1897
11.6234 10.8057 11.5024 0.1897
11.6234 10.8057 11.5034 0.1900
11.6348 10.8057 11.5036 0.1901
11.6348 10.8057 11.5036 0.1901
11.6348 10.8057 11.5036 0.1901
11.6348 10.8057 11.5036 0.1901
11.6348 10.8057 11.5036 0.1901
11.6348 10.8057 11.5036 0.1901
11.6348 10.8057 11.5036 0.1901
11.6348 10.8057 11.5036 0.1901
11.6348 10.8057 11.5036 0.1901
11.6348 10.8057 11.5036 0.1901
11.6348 10.8057 11.5036 0.1901
11.6348 10.8057 11.5037 0.1901
11.6348 10.8057 11.5037 0.1901
11.6348 10.8057 11.5068 0.1895
11.6348 10.8057 11.5068 0.1895
11.6348 10.8057 11.5068 0.1895
11.6348 10.8057 11.5068 0.1895
11.6348 10.8057 11.5070 0.1894
11.6348 10.8057 11.5070 0.1894
11.6348 10.8057 11.5070 0.1894
11.6348 10.8057 11.5071 0.1895
11.6348 10.8057 11.5071 0.1895
11.6348 10.8057 11.5071 0.1895
11.6348 10.8057 11.5071 0.1895
11.6348 10.8057 11.5071 0.1895
11.6348 10.8057 11.5083 0.1898
11.6348 10.8057 11.5083 0.1898
11.6348 10.8057 11.5083 0.1898
11.6348 10.8057 11.5083 0.1898
11.6348 10.8057 11.5083 0.1898
11.6348 10.8057 11.5093 0.1901
11.6348 10.8057 11.5093 0.1901
11.6348 10.8057 11.5093 0.1901
11.6348 10.8057 11.5093 0.1901
11.6348 10.8057 11.5093 0.1901
11.6348 10.8057 11.5093 0.1901
11.6348 10.8057 11.5093 0.1901
11.6348 10.8057 11.5093 0.1901
11.6348 10.8057 11.5093 0.1901
11.6348 10.8057 11.5093 0.1901
11.6348 10.8057 11.5093 0.1901
11.6348 10.8057 11.5093 0.1901
11.6348 10.8057 11.5093 0.1901
11.6348 10.8057 11.5093 0.1901
11.6348 10.8057 11.5093 0.1901
11.6348 10.8057 11.5095 0.1902
11.6348 10.8057 11.5104 0.1905
11.6348 10.8057 11.5104 0.1905
11.6348 10.8057 11.5104 0.1905
11.6348 10.8057 11.5105 0.1905
11.6348 10.8057 11.5105 0.1905
11.6348 10.8057 11.5105 0.1905
11.6348 10.8057 11.5105 0.1905
11.6348 10.8057 11.5105 0.1905
11.6348 10.8057 11.5105 0.1905
11.6348 10.8057 11.5105 0.1905
11.6348 10.8057 11.5105 0.1905
11.6348 10.8057 11.5105 0.1905
11.6348 10.8057 11.5105 0.1905
11.6348 10.8057 11.5114 0.1908
11.6348 10.8057 11.5114 0.1908
11.6348 10.8057 11.5114 0.1908
11.6348 10.8057 11.5186 0.1812
11.6348 10.8057 11.5187 0.1812
11.6348 10.8057 11.5187 0.1812
11.6348 10.8057 11.5187 0.1812
11.6348 10.8057 11.5187 0.1812
11.6348 10.8057 11.5187 0.1812
11.6348 10.8057 11.5187 0.1812
11.6348 10.8057 11.5187 0.1812
11.6348 10.8057 11.5198 0.1815
11.6348 10.8057 11.5198 0.1815
11.6348 10.8057 11.5198 0.1815
11.6348 10.8057 11.5198 0.1815
11.6348 10.8057 11.5198 0.1815
11.6348 10.8057 11.5198 0.1815
11.6348 10.8057 11.5198 0.1815
11.6348 10.8057 11.5198 0.1815
11.6348 10.8057 11.5198 0.1815
11.6348 10.8057 11.5198 0.1815
11.6348 10.8057 11.5198 0.1815
11.6348 10.8057 11.5198 0.1815
11.6348 10.8057 11.5198 0.1815
11.6348 10.8057 11.5208 0.1818
11.6348 10.8057 11.5208 0.1818
11.6348 10.8057 11.5208 0.1818
11.6348 10.8057 11.5208 0.1818
11.6348 10.8057 11.5208 0.1818
11.6348 10.8057 11.5208 0.1818
11.6348 10.8057 11.5208 0.1818
11.6348 10.8057 11.5208 0.1818
11.6348 10.8057 11.5208 0.1818
11.6348 10.8057 11.5222 0.1813
11.6348 10.8057 11.5222 0.1813
11.6348 10.8057 11.5231 0.1816
11.6348 10.8057 11.5231 0.1816
11.6348 10.8057 11.5231 0.1816
11.6348 10.8057 11.5231 0.1816
11.6348 10.8057 11.5231 0.1816
11.6348 10.8057 11.5231 0.1816
11.6348 10.8057 11.5231 0.1816
11.6348 10.8057 11.5231 0.1816
11.6348 10.8057 11.5231 0.1816
11.6348 10.8057 11.5242 0.1819
11.6348 10.8057 11.5242 0.1819
11.6348 10.8057 11.5242 0.1819
11.6348 10.8057 11.5242 0.1819
11.6348 10.8057 11.5242 0.1819
11.6348 10.8057 11.5242 0.1819
11.6348 10.8057 11.5242 0.1819
11.6348 10.8057 11.5242 0.1819
11.6348 10.8057 11.5252 0.1821
11.6348 10.8057 11.5252 0.1821
11.6348 10.8057 11.5252 0.1821
11.6348 10.8057 11.5252 0.1821
11.6348 10.8057 11.5252 0.1821
11.6348 10.8057 11.5252 0.1821
11.6348 10.8057 11.5252 0.1821
11.6348 10.8057 11.5252 0.1821
11.6348 10.8057 11.5252 0.1821
11.6348 10.8057 11.5332 0.1673
11.6348 10.8057 11.5332 0.1673
11.6348 10.8057 11.5343 0.1676
11.6348 10.8057 11.5343 0.1676
11.6348 10.8057 11.5343 0.1676
11.6348 10.8057 11.5343 0.1676
11.6348 10.8057 11.5352 0.1678
11.6348 10.8057 11.5352 0.1678
11.6348 10.8057 11.5353 0.1678
11.6348 10.8057 11.5353 0.1678
11.6348 10.8057 11.5353 0.1678
11.6348 10.8057 11.5364 0.1680
11.6348 10.8057 11.5364 0.1680
11.6348 10.8057 11.5364 0.1680
11.6348 10.8057 11.5364 0.1680
11.6348 10.8057 11.5364 0.1680
11.6348 10.8057 11.5365 0.1680
11.6348 10.8057 11.5365 0.1680
11.6348 10.8057 11.5365 0.1680
11.6348 10.8057 11.5365 0.1680
11.6348 10.8057 11.5365 0.1680
11.6348 10.8057 11.5365 0.1680
11.6348 10.8057 11.5365 0.1680
11.6348 10.8057 11.5365 0.1680
11.6348 10.8057 11.5376 0.1682
11.6348 10.8057 11.5376 0.1682
11.6348 10.8057 11.5376 0.1682
11.6348 10.8057 11.5448 0.1512
11.6348 10.8057 11.5448 0.1512
11.6348 10.8057 11.5448 0.1512
11.6348 10.8057 11.5457 0.1514
11.6348 10.8057 11.5457 0.1514
11.6348 10.8057 11.5466 0.1516
11.6348 10.8057 11.5466 0.1516
11.6348 10.8057 11.5466 0.1516
11.6348 10.8057 11.5477 0.1518
11.6348 10.8057 11.5477 0.1518
11.6348 10.8057 11.5477 0.1518
11.6348 10.8057 11.5477 0.1518
11.6348 10.8057 11.5477 0.1518
11.6348 10.8057 11.5488 0.1519
11.6348 10.8057 11.5488 0.1519
11.6348 10.8057 11.5498 0.1521
11.6348 10.8057 11.5498 0.1521
11.6348 10.8057 11.5498 0.1521
11.6348 10.8057 11.5498 0.1521
11.6348 10.8057 11.5498 0.1521
11.6348 10.8057 11.5498 0.1521
11.6348 10.8057 11.5498 0.1521
11.6348 10.8057 11.5498 0.1521
11.6348 10.8057 11.5498 0.1521
11.6348 10.8057 11.5498 0.1521
11.6348 10.8057 11.5498 0.1521
11.6348 10.8057 11.5498 0.1521
11.6348 10.8057 11.5499 0.1521
11.6348 10.8057 11.5508 0.1522
11.6348 10.8057 11.5508 0.1522
11.6348 10.8057 11.5508 0.1522
11.6348 10.8057 11.5508 0.1522
11.6348 10.8057 11.5508 0.1522
11.6348 10.8057 11.5508 0.1522
11.6348 10.8057 11.5508 0.1522
11.6348 10.8057 11.5508 0.1522
11.6348 10.8057 11.5519 0.1524
11.6348 10.8057 11.5519 0.1524
11.6348 10.8057 11.5529 0.1525
11.6348 10.8057 11.5529 0.1525
11.6348 10.8057 11.5540 0.1526
11.6348 10.8057 11.5540 0.1526
11.6348 10.8057 11.5540 0.1526
11.6348 10.8057 11.5545 0.1523
11.6348 10.8057 11.5545 0.1523
11.6348 10.8057 11.5557 0.1468
11.6348 10.8057 11.5557 0.1468
11.6348 10.8057 11.5557 0.1468
11.6348 10.8057 11.5557 0.1468
11.6348 10.8057 11.5557 0.1468
11.6348 10.8057 11.5557 0.1468
11.6348 10.8057 11.5557 0.1468
11.6348 10.8057 11.5557 0.1468
11.6348 10.8057 11.5569 0.1469
11.6348 10.8057 11.5569 0.1469
11.6348 10.8057 11.5569 0.1469
11.6348 10.8057 11.5580 0.1471
11.6348 10.8057 11.5580 0.1471
11.6348 10.8057 11.5581 0.1471
11.6348 10.8057 11.5581 0.1471
11.6348 10.8057 11.5582 0.1471
11.6348 10.8057 11.5582 0.1471
11.6348 10.8057 11.5582 0.1471
11.6348 10.8057 11.5582 0.1471
11.6348 10.8057 11.5582 0.1471
11.6348 10.8057 11.5582 0.1471
11.6348 10.8057 11.5582 0.1471
11.6348 10.8057 11.5582 0.1471
11.6348 10.8057 11.5582 0.1471
11.6348 10.8057 11.5591 0.1472
11.6348 10.8057 11.5591 0.1472
11.6348 10.8057 11.5591 0.1472
11.6348 10.8057 11.5591 0.1472
11.6348 10.8057 11.5591 0.1472
11.6348 10.8057 11.5605 0.1471
11.6348 10.8057 11.5605 0.1471
11.6348 10.8057 11.5605 0.1471
11.6348 10.8057 11.5605 0.1471
11.6348 10.8057 11.5605 0.1471
11.6348 10.8057 11.5605 0.1471
11.6348 10.8057 11.5605 0.1471
11.6348 10.8057 11.5616 0.1472
11.6348 10.8057 11.5616 0.1472
11.6348 10.8057 11.5616 0.1472
11.6348 10.8057 11.5616 0.1472
11.6348 10.8057 11.5616 0.1472
11.6348 10.8057 11.5616 0.1472
11.6348 10.8057 11.5616 0.1472
11.6348 10.8057 11.5616 0.1472
11.6348 10.8057 11.5616 0.1472
11.6348 10.8057 11.5616 0.1472
11.6348 10.8057 11.5616 0.1472
11.6348 10.8057 11.5616 0.1472
11.6348 10.8057 11.5616 0.1472
11.6348 10.8057 11.5616 0.1472
11.6348 10.8057 11.5616 0.1472
11.6348 10.8057 11.5616 0.1472
11.6348 10.8057 11.5616 0.1472
11.6348 10.8057 11.5616 0.1472
11.6348 10.8057 11.5626 0.1473
11.6348 10.8057 11.5626 0.1473
11.6348 10.8057 11.5637 0.1473
11.6348 10.8057 11.5637 0.1473
11.6348 10.8057 11.5638 0.1473
11.6348 10.8057 11.5638 0.1473
11.6348 10.8057 11.5638 0.1474
11.6348 10.8057 11.5638 0.1474
11.6348 10.8057 11.5638 0.1474
11.6348 10.8057 11.5638 0.1474
11.6348 10.8057 11.5638 0.1474
11.6348 10.8057 11.5638 0.1474
11.6348 10.8057 11.5649 0.1474
11.6348 10.8057 11.5649 0.1474
11.6348 10.8057 11.5649 0.1474
11.6348 10.8057 11.5649 0.1474
11.6348 10.8057 11.5649 0.1474
11.6348 10.8057 11.5649 0.1474
11.6348 10.8057 11.5649 0.1474
11.6348 10.8057 11.5649 0.1474
11.6348 10.8057 11.5649 0.1474
11.6348 10.8057 11.5649 0.1474
11.8021 10.8057 11.5737 0.1346
11.8021 10.8057 11.5737 0.1346
11.8021 10.8057 11.5737 0.1346
11.8021 10.8057 11.5748 0.1346
11.8021 10.8057 11.5758 0.1345
11.8021 10.8057 11.5758 0.1345
11.8021 10.8057 11.5758 0.1345
11.8021 10.8057 11.5758 0.1345
11.8021 10.8057 11.5758 0.1345
11.8021 10.8057 11.5758 0.1345
11.8021 10.8057 11.5758 0.1345
11.8021 10.8057 11.5758 0.1345
11.8021 10.8057 11.5758 0.1345
11.8021 10.8057 11.5758 0.1345
11.8021 10.8057 11.5758 0.1345
11.8021 10.8057 11.5758 0.1345
11.8021 10.8057 11.5758 0.1345
11.8021 10.8057 11.5758 0.1345
11.8021 10.8057 11.5758 0.1345
11.8021 10.8057 11.5758 0.1345
11.8021 10.8057 11.5758 0.1345
11.8021 10.8057 11.5758 0.1345
11.8021 10.8057 11.5758 0.1345
11.8021 10.8057 11.5769 0.1344
11.8021 10.8057 11.5769 0.1344
11.8021 10.8057 11.5769 0.1344
11.8021 10.8057 11.5771 0.1345
11.8021 10.8057 11.5771 0.1345
11.8021 10.8057 11.5782 0.1344
11.8021 10.8057 11.5782 0.1344
11.8021 10.8057 11.5782 0.1344
11.8021 10.8057 11.5782 0.1344
11.8021 10.8057 11.5782 0.1344
11.8021 10.8057 11.5782 0.1344
11.8021 10.8057 11.5782 0.1344
11.8021 10.8057 11.5782 0.1344
11.8021 10.8057 11.5782 0.1344
11.8021 10.8057 11.5782 0.1344
11.8021 10.8057 11.5782 0.1344
11.8021 10.8057 11.5792 0.1343
11.8021 10.8057 11.5792 0.1343
11.8021 10.8057 11.5792 0.1343
11.8021 10.8057 11.5792 0.1343
11.8021 10.8057 11.5792 0.1343
11.8021 10.8057 11.5792 0.1343
11.8021 10.8057 11.5792 0.1343
11.8021 10.8057 11.5792 0.1343
11.8021 10.8057 11.5792 0.1343
11.8021 10.8057 11.5792 0.1343
11.8021 10.8057 11.5792 0.1343
11.8021 10.8057 11.5792 0.1343
11.8021 10.8057 11.5792 0.1343
11.8021 10.8057 11.5792 0.1343
11.8021 10.8057 11.5792 0.1343
11.8021 10.8057 11.5792 0.1343
11.8021 10.8057 11.5793 0.1344
11.8021 10.8057 11.5794 0.1344
11.8021 10.8057 11.5794 0.1344
11.8021 10.8057 11.5794 0.1344
11.8021 10.8057 11.5805 0.1343
11.8021 10.8057 11.5805 0.1343
11.8021 10.8057 11.5805 0.1343
11.8021 10.8057 11.5805 0.1343
11.8021 10.8057 11.5805 0.1343
11.8021 10.8057 11.5805 0.1343
11.8021 10.8057 11.5805 0.1343
11.8021 10.8057 11.5805 0.1343
11.8021 10.8057 11.5805 0.1343
11.8021 10.8057 11.5805 0.1343
11.8021 10.8057 11.5805 0.1343
11.8021 10.8057 11.5805 0.1343
11.8021 10.8057 11.5805 0.1343
11.8021 10.8057 11.5826 0.1333
11.8021 10.8057 11.5826 0.1333
11.8021 10.8057 11.5826 0.1333
11.8021 10.8057 11.5826 0.1333
11.8021 10.8057 11.5826 0.1333
11.8021 10.8057 11.5837 0.1332
11.8021 10.8057 11.5837 0.1332
11.8021 10.8057 11.5837 0.1332
11.8021 10.8057 11.5837 0.1332
11.8021 10.8057 11.5837 0.1332
11.8021 10.8057 11.5837 0.1332
11.8021 10.8057 11.5837 0.1332
11.8021 10.8057 11.5837 0.1332
11.8021 10.8057 11.5837 0.1332
11.8021 10.8057 11.5837 0.1332
11.8021 10.8057 11.5837 0.1332
11.8021 10.8057 11.5837 0.1332
11.8021 10.8057 11.5837 0.1332
11.8021 10.8057 11.5837 0.1332
11.8021 10.8057 11.5837 0.1332
11.8021 10.8057 11.5837 0.1332
11.8021 10.8057 11.5837 0.1332
11.8021 10.8057 11.5837 0.1332
11.8021 10.8057 11.5837 0.1332
11.8021 10.8057 11.5837 0.1332
11.8021 10.8057 11.5837 0.1332
11.8021 10.8057 11.5837 0.1332
11.8021 10.8057 11.5837 0.1332
11.8021 10.8057 11.5837 0.1332
11.8021 10.8057 11.5837 0.1332
11.8021 10.8057 11.5837 0.1332
11.8021 10.8057 11.5837 0.1332
11.8021 10.8057 11.5837 0.1332
11.8021 10.8057 11.5837 0.1332
11.8021 10.8057 11.5837 0.1332
11.8021 10.8057 11.5837 0.1332
11.8021 10.8057 11.5837 0.1332
11.8021 10.8057 11.5837 0.1332
11.8021 10.8057 11.5837 0.1332
11.8021 10.8057 11.5837 0.1332
11.8021 10.8057 11.5837 0.1332
11.8021 10.8057 11.5837 0.1332
11.8021 10.8057 11.5837 0.1332
11.8021 10.8057 11.5837 0.1332
11.8021 10.8057 11.5837 0.1332
11.8021 10.8057 11.5837 0.1332
11.8021 10.8057 11.5837 0.1332
11.8021 10.8057 11.5837 0.1332
11.8021 10.8057 11.5837 0.1332
11.8021 10.8057 11.5837 0.1332
11.8021 10.8057 11.5837 0.1332
11.8021 10.8057 11.5838 0.1331
11.8021 10.8057 11.5838 0.1331
11.8021 10.8057 11.5838 0.1331
11.8021 10.8057 11.5838 0.1331
11.8021 10.8057 11.5839 0.1331
11.8021 10.8057 11.5839 0.1331
11.8021 10.8057 11.5839 0.1331
11.8021 10.8057 11.5839 0.1331
11.8021 10.8057 11.5839 0.1331
11.8021 10.8057 11.5839 0.1331
11.8021 10.8057 11.5850 0.1330
11.8021 10.8057 11.5850 0.1330
11.8021 10.8057 11.5850 0.1330
11.8021 10.8057 11.5850 0.1330
11.8021 10.8057 11.5920 0.1078
11.8021 10.8057 11.5920 0.1078
11.8021 10.8057 11.5920 0.1078
11.8021 10.8057 11.5931 0.1076
11.8021 10.8057 11.5931 0.1076
11.8021 10.8057 11.5931 0.1076
11.8021 10.8057 11.5931 0.1076
11.8021 10.8057 11.5931 0.1076
11.8021 10.8057 11.5931 0.1076
11.8021 10.8057 11.5942 0.1073
11.8021 10.8057 11.5942 0.1073
11.8021 10.8057 11.5942 0.1074
11.8021 10.8057 11.5943 0.1074
11.8021 10.8057 11.5943 0.1074
11.8021 10.8057 11.5943 0.1074
11.8021 10.8057 11.5943 0.1074
11.8021 10.8057 11.5943 0.1074
11.8021 10.8057 11.5943 0.1074
11.8021 10.8057 11.5943 0.1074
11.8021 10.8057 11.5943 0.1074
11.8021 10.8057 11.5943 0.1074
11.8021 10.8057 11.5943 0.1074
11.8021 10.8057 11.5943 0.1074
11.8021 10.8057 11.5943 0.1074
11.8021 10.8057 11.5943 0.1074
11.8021 10.8057 11.5943 0.1074
11.8021 10.8057 11.5943 0.1074
11.8021 10.8057 11.5943 0.1074
11.8021 10.8057 11.5943 0.1074
11.8021 10.8057 11.5943 0.1074
11.8021 10.8057 11.5943 0.1074
11.8021 10.8057 11.5943 0.1074
11.8021 10.8057 11.5943 0.1074
11.8021 10.8057 11.5943 0.1074
11.8021 10.8057 11.5943 0.1074
11.8021 10.8057 11.5943 0.1074
11.8021 10.8057 11.5943 0.1074
11.8021 10.8057 11.5943 0.1074
11.8021 10.8057 11.5943 0.1074
11.8021 10.8057 11.5943 0.1074
11.8021 10.8057 11.5943 0.1074
11.8021 10.8057 11.5943 0.1074
11.8021 10.8057 11.5943 0.1074
11.8021 10.8057 11.5943 0.1074
11.8021 10.8057 11.5943 0.1074
11.8021 10.8057 11.5943 0.1074
11.8021 10.8057 11.5943 0.1074
11.8021 10.8057 11.5943 0.1074
11.8021 10.8057 11.5943 0.1074
11.8021 10.8057 11.5943 0.1074
11.8021 10.8057 11.5943 0.1074
11.8021 10.8057 11.5943 0.1074
11.8021 10.8057 11.5943 0.1074
11.8021 10.8057 11.5943 0.1074
11.8021 10.8057 11.5943 0.1074
11.8021 10.8057 11.5943 0.1074
11.8021 10.8057 11.5943 0.1074
11.8021 10.8057 11.5943 0.1074
11.8021 10.8057 11.5943 0.1074
11.8021 10.8057 11.5943 0.1074
11.8021 11.0251 11.6025 0.0725
11.8021 11.0251 11.6025 0.0725
11.8021 11.0251 11.6036 0.0720
11.8021 11.0251 11.6036 0.0720
11.8021 11.0251 11.6036 0.0720
11.8021 11.0251 11.6036 0.0720
11.8021 11.0251 11.6036 0.0720
11.8021 11.0251 11.6036 0.0720
11.8021 11.0251 11.6036 0.0720
11.8021 11.0251 11.6036 0.0720
11.8021 11.0251 11.6036 0.0720
11.8021 11.0251 11.6036 0.0720
11.8021 11.0251 11.6036 0.0720
11.8021 11.0251 11.6036 0.0720
11.8021 11.0251 11.6036 0.0720
11.8021 11.0251 11.6036 0.0720
11.8021 11.0251 11.6036 0.0720
11.8021 11.0251 11.6036 0.0720
11.8021 11.0251 11.6036 0.0720
11.8021 11.0251 11.6036 0.0720
11.8021 11.0251 11.6036 0.0720
11.8021 11.0251 11.6046 0.0715
11.8021 11.0251 11.6046 0.0715
11.8021 11.0251 11.6046 0.0715
11.8021 11.0251 11.6046 0.0715
11.8021 11.0251 11.6046 0.0715
11.8021 11.0251 11.6046 0.0715
11.8021 11.0251 11.6046 0.0715
11.8021 11.0251 11.6046 0.0715
11.8021 11.0251 11.6046 0.0715
11.8021 11.0251 11.6046 0.0715
11.8021 11.0251 11.6046 0.0715
11.8021 11.0251 11.6046 0.0715
11.8021 11.0251 11.6046 0.0715
11.8021 11.0251 11.6046 0.0715
11.8021 11.0251 11.6046 0.0715
11.8021 11.0251 11.6046 0.0715
11.8021 11.0251 11.6046 0.0715
11.8021 11.0251 11.6057 0.0710
11.8021 11.0251 11.6057 0.0710
11.8021 11.0251 11.6057 0.0710
11.8021 11.0251 11.6057 0.0710
11.8021 11.0251 11.6057 0.0710
11.8021 11.0251 11.6057 0.0710
11.8021 11.0251 11.6057 0.0710
11.8021 11.0251 11.6057 0.0710
11.8021 11.0251 11.6057 0.0710
11.8021 11.0251 11.6057 0.0710
11.8021 11.0251 11.6057 0.0710
11.8021 11.0251 11.6057 0.0710
11.8021 11.0251 11.6057 0.0710
11.8021 11.0251 11.6057 0.0710
11.8021 11.0251 11.6057 0.0710
11.8021 11.0251 11.6057 0.0710
11.8021 11.0251 11.6058 0.0711
11.8021 11.0251 11.6058 0.0711
11.8021 11.0251 11.6058 0.0711
11.8021 11.0251 11.6058 0.0711
11.8021 11.0251 11.6058 0.0711
11.8021 11.0251 11.6058 0.0711
11.8021 11.0251 11.6058 0.0711
11.8021 11.0251 11.6058 0.0711
11.8021 11.0251 11.6058 0.0711
11.8021 11.0251 11.6058 0.0711
11.8021 11.0251 11.6058 0.0711
11.8021 11.0251 11.6058 0.0711
11.8021 11.0251 11.6058 0.0711
11.8021 11.0251 11.6058 0.0711
11.8021 11.0251 11.6058 0.0711
11.8021 11.0251 11.6058 0.0711
11.8021 11.0251 11.6058 0.0711
11.8021 11.0251 11.6058 0.0711
11.8021 11.0251 11.6058 0.0711
11.8021 11.0251 11.6058 0.0711
11.8021 11.0251 11.6058 0.0711
11.8021 11.0251 11.6058 0.0711
11.8021 11.0251 11.6058 0.0711
11.8021 11.0251 11.6058 0.0711
11.8021 11.0251 11.6058 0.0711
11.8021 11.0251 11.6058 0.0711
11.8021 11.4651 11.6107 0.0416
11.8021 11.4651 11.6107 0.0416
11.8021 11.4651 11.6107 0.0416
11.8021 11.4651 11.6107 0.0416
11.8021 11.4651 11.6107 0.0416
11.8021 11.4651 11.6107 0.0416
11.8021 11.4651 11.6107 0.0416
11.8021 11.4651 11.6107 0.0416
11.8021 11.4651 11.6107 0.0416
11.8021 11.4651 11.6107 0.0416
11.8021 11.4651 11.6107 0.0416
11.8021 11.4651 11.6107 0.0416
11.8021 11.4651 11.6107 0.0416
11.8021 11.4651 11.6108 0.0416
11.8021 11.4651 11.6108 0.0416
11.8021 11.4651 11.6108 0.0416
11.8021 11.4651 11.6108 0.0416
11.8021 11.4651 11.6108 0.0416
11.8021 11.4651 11.6108 0.0416
11.8021 11.4651 11.6117 0.0408
11.8021 11.4651 11.6117 0.0408
11.8021 11.4651 11.6117 0.0408
11.8021 11.4651 11.6117 0.0408
11.8021 11.4651 11.6117 0.0408
11.8021 11.4651 11.6117 0.0408
11.8021 11.4651 11.6117 0.0408
11.8021 11.4651 11.6117 0.0408
11.8021 11.4651 11.6117 0.0408
11.8021 11.4651 11.6117 0.0408
11.8021 11.4651 11.6117 0.0408
11.8021 11.4651 11.6117 0.0408
11.8021 11.4651 11.6117 0.0408
11.8021 11.4651 11.6117 0.0408
11.8021 11.4651 11.6117 0.0408
11.8021 11.4651 11.6117 0.0408
11.8021 11.4651 11.6117 0.0408
11.8021 11.4651 11.6119 0.0409
11.8021 11.4651 11.6119 0.0409
11.8021 11.4651 11.6119 0.0409
11.8021 11.4651 11.6119 0.0409
11.8021 11.4651 11.6120 0.0409
11.8021 11.4651 11.6120 0.0409
11.8021 11.4651 11.6120 0.0409
11.8021 11.4651 11.6120 0.0409
11.8021 11.4651 11.6120 0.0409
11.8021 11.4651 11.6120 0.0409
11.8021 11.4651 11.6120 0.0409
11.8021 11.4651 11.6120 0.0409
11.8021 11.4651 11.6120 0.0409
11.8021 11.4651 11.6120 0.0409
11.8021 11.4651 11.6120 0.0409
11.8021 11.4651 11.6120 0.0409
11.8021 11.4651 11.6120 0.0409
11.8021 11.4651 11.6120 0.0409
11.8021 11.4651 11.6120 0.0409
11.8021 11.4651 11.6120 0.0409
11.8021 11.4651 11.6120 0.0409
11.8021 11.4651 11.6120 0.0409
11.8021 11.4651 11.6130 0.0400
11.8021 11.4651 11.6130 0.0400
11.8021 11.4651 11.6130 0.0400
11.8021 11.4651 11.6130 0.0400
11.8021 11.4651 11.6130 0.0400
11.8021 11.4651 11.6130 0.0400
11.8021 11.4651 11.6130 0.0400
11.8021 11.4651 11.6130 0.0400
11.8021 11.4651 11.6130 0.0400
11.8021 11.4651 11.6130 0.0400
11.8021 11.4651 11.6130 0.0400
11.8021 11.4651 11.6130 0.0400
11.8021 11.4651 11.6130 0.0400
11.8021 11.4651 11.6130 0.0400
11.8021 11.4651 11.6131 0.0400
11.8021 11.4651 11.6131 0.0400
11.8021 11.4651 11.6131 0.0400
11.8021 11.4651 11.6131 0.0400
11.8021 11.4651 11.6131 0.0401
11.8021 11.4651 11.6131 0.0401
11.8021 11.4651 11.6131 0.0401
11.8021 11.4651 11.6131 0.0401
11.8021 11.4651 11.6131 0.0401
11.8021 11.4651 11.6142 0.0389
11.8021 11.4651 11.6142 0.0389
11.8021 11.4651 11.6142 0.0389
11.8021 11.4651 11.6151 0.0380
11.8021 11.4651 11.6153 0.0381
11.8021 11.4651 11.6153 0.0381
11.8021 11.4651 11.6155 0.0382
11.8021 11.4651 11.6155 0.0382
11.8021 11.4651 11.6155 0.0382
11.8021 11.4651 11.6155 0.0382
11.8021 11.4651 11.6155 0.0382
11.8021 11.4651 11.6156 0.0382
11.8021 11.4651 11.6156 0.0382
11.8021 11.4651 11.6156 0.0382
11.8021 11.4651 11.6156 0.0382
11.8021 11.4651 11.6156 0.0382
11.8021 11.4651 11.6156 0.0382
11.8021 11.4651 11.6156 0.0382
11.8021 11.4651 11.6166 0.0372
11.8021 11.4651 11.6166 0.0372
11.8021 11.4651 11.6166 0.0372
11.8021 11.4651 11.6166 0.0372
11.8021 11.4651 11.6166 0.0372
11.8021 11.4651 11.6195 0.0402
11.8021 11.4651 11.6195 0.0402
11.8021 11.4651 11.6195 0.0402
11.8021 11.4651 11.6195 0.0402
11.8021 11.4651 11.6195 0.0402
11.8021 11.4651 11.6195 0.0402
11.8021 11.4651 11.6195 0.0402
11.8021 11.4651 11.6195 0.0402
11.8021 11.4651 11.6195 0.0402
11.8021 11.4651 11.6195 0.0402
11.8021 11.4651 11.6195 0.0402
11.8021 11.4651 11.6195 0.0402
11.8021 11.4651 11.6215 0.0406
11.8021 11.4651 11.6215 0.0406
11.8021 11.4651 11.6215 0.0406
11.8021 11.4651 11.6225 0.0419
11.8021 11.4651 11.6225 0.0419
11.8021 11.4651 11.6236 0.0406
11.8021 11.4651 11.6245 0.0394
11.8021 11.4651 11.6245 0.0394
11.8021 11.4651 11.6245 0.0394
11.8021 11.4651 11.6245 0.0394
11.8021 11.4651 11.6246 0.0394
11.8021 11.4651 11.6246 0.0394
11.8021 11.4651 11.6246 0.0394
11.8021 11.4651 11.6246 0.0394
11.8021 11.4651 11.6246 0.0394
11.8021 11.4651 11.6246 0.0394
11.8021 11.4651 11.6246 0.0394
11.8021 11.4651 11.6246 0.0394
11.8021 11.4651 11.6246 0.0394
11.8021 11.4651 11.6246 0.0394
11.8021 11.4651 11.6246 0.0394
11.8021 11.4651 11.6246 0.0394
11.8021 11.4651 11.6246 0.0394
11.8021 11.4651 11.6246 0.0394
11.8021 11.4651 11.6246 0.0394
11.8021 11.4651 11.6246 0.0394
11.8021 11.4651 11.6264 0.0432
11.8021 11.4651 11.6264 0.0432
11.8021 11.4651 11.6266 0.0432
11.8021 11.4651 11.6266 0.0432
11.8021 11.4651 11.6266 0.0432
11.8021 11.4651 11.6266 0.0432
11.8021 11.4651 11.6267 0.0432
11.8021 11.4651 11.6267 0.0432
11.8021 11.4651 11.6267 0.0432
11.8021 11.4651 11.6267 0.0432
11.8021 11.4651 11.6280 0.0448
11.8021 11.4651 11.6280 0.0448
11.8021 11.4651 11.6280 0.0448
11.8021 11.4651 11.6280 0.0448
11.8021 11.4651 11.6291 0.0433
11.8021 11.4651 11.6291 0.0433
11.8021 11.4651 11.6291 0.0433
11.8021 11.4651 11.6291 0.0433
11.8021 11.4651 11.6291 0.0433
11.8021 11.4651 11.6291 0.0433
11.8021 11.4651 11.6291 0.0433
11.8021 11.4651 11.6291 0.0433
11.8021 11.4651 11.6291 0.0433
11.8021 11.4651 11.6300 0.0421
11.8021 11.4651 11.6300 0.0421
11.8021 11.4651 11.6300 0.0421
11.8021 11.4651 11.6300 0.0421
11.8021 11.4651 11.6300 0.0421
11.8021 11.4651 11.6300 0.0421
11.8021 11.4651 11.6300 0.0421
11.8021 11.4651 11.6300 0.0421
11.8021 11.4651 11.6300 0.0421
11.8021 11.4651 11.6300 0.0421
11.8021 11.4651 11.6300 0.0421
11.8021 11.4651 11.6300 0.0421
11.8021 11.4651 11.6300 0.0421
11.8021 11.4651 11.6300 0.0421
11.8021 11.4651 11.6300 0.0421
11.8021 11.4651 11.6300 0.0421
11.8021 11.4651 11.6300 0.0421
11.8021 11.4651 11.6300 0.0421
11.8021 11.4651 11.6300 0.0421
11.8021 11.4651 11.6300 0.0421
11.8021 11.4651 11.6300 0.0421
11.8021 11.4651 11.6300 0.0421
11.8021 11.4651 11.6300 0.0421
11.8021 11.4651 11.6300 0.0421
11.8021 11.4651 11.6300 0.0421
11.8021 11.4651 11.6300 0.0421
11.8021 11.4651 11.6301 0.0421
11.8021 11.4651 11.6312 0.0432
11.8021 11.4651 11.6312 0.0432
11.8021 11.4651 11.6312 0.0432
11.8021 11.4651 11.6312 0.0432
11.8021 11.4651 11.6312 0.0432
11.8021 11.4651 11.6312 0.0432
11.8021 11.4651 11.6312 0.0432
11.8021 11.4651 11.6312 0.0432
11.8021 11.4651 11.6312 0.0432
11.8021 11.4651 11.6323 0.0415
11.8021 11.4651 11.6323 0.0415
11.8021 11.4651 11.6323 0.0415
11.8021 11.4651 11.6323 0.0415
11.8021 11.4651 11.6323 0.0415
11.8021 11.4651 11.6323 0.0415
11.8021 11.4651 11.6323 0.0415
11.8021 11.4651 11.6323 0.0415
11.8021 11.4651 11.6323 0.0415
11.8021 11.4651 11.6323 0.0415
11.8021 11.4651 11.6323 0.0415
11.8021 11.4651 11.6323 0.0415
11.8021 11.4651 11.6323 0.0415
11.8021 11.4651 11.6323 0.0415
11.8021 11.4651 11.6323 0.0415
11.8021 11.4651 11.6323 0.0415
11.8021 11.4651 11.6351 0.0435
11.8021 11.4651 11.6351 0.0435
11.8021 11.4651 11.6351 0.0435
11.8021 11.4651 11.6351 0.0435
11.8021 11.4651 11.6352 0.0435
11.8021 11.4651 11.6352 0.0435
11.8021 11.4651 11.6353 0.0434
11.8021 11.4651 11.6353 0.0434
11.8021 11.4651 11.6353 0.0434
11.8021 11.4651 11.6353 0.0434
11.8021 11.4651 11.6353 0.0434
11.8021 11.4651 11.6353 0.0434
11.8021 11.4651 11.6354 0.0434
11.8021 11.4651 11.6357 0.0434
11.8021 11.4651 11.6358 0.0434
11.8021 11.4651 11.6358 0.0434
11.8021 11.4651 11.6358 0.0434
11.8021 11.4651 11.6375 0.0464
11.8021 11.4651 11.6375 0.0464
11.8021 11.4651 11.6375 0.0464
11.8021 11.4651 11.6375 0.0464
11.8021 11.4651 11.6375 0.0464
11.8021 11.4651 11.6375 0.0464
11.8021 11.4651 11.6375 0.0464
11.8021 11.4651 11.6375 0.0464
11.8021 11.4651 11.6375 0.0464
11.8021 11.4651 11.6375 0.0464
11.8021 11.4651 11.6375 0.0464
11.8021 11.4651 11.6375 0.0464
11.8021 11.4651 11.6375 0.0464
11.8021 11.4651 11.6375 0.0464
11.8021 11.4651 11.6375 0.0464
11.8021 11.5183 11.6381 0.0447
11.8021 11.5183 11.6381 0.0447
11.8021 11.5183 11.6381 0.0447
11.8021 11.5183 11.6381 0.0447
11.8021 11.5183 11.6381 0.0447
11.8021 11.5183 11.6381 0.0447
11.8021 11.5183 11.6381 0.0447
11.8021 11.5183 11.6381 0.0447
11.8021 11.5183 11.6381 0.0447
11.8021 11.5183 11.6381 0.0447
11.8021 11.5183 11.6381 0.0447
11.8021 11.5183 11.6381 0.0447
11.8021 11.5183 11.6381 0.0447
11.8021 11.5183 11.6381 0.0447
11.8021 11.5183 11.6382 0.0447
11.8021 11.5183 11.6382 0.0447
11.8021 11.5183 11.6383 0.0447
11.8021 11.5183 11.6383 0.0447
11.8021 11.5183 11.6383 0.0447
11.8621 11.5183 11.6406 0.0499
11.8621 11.5183 11.6406 0.0499
11.8621 11.5183 11.6406 0.0499
11.8621 11.5183 11.6406 0.0499
11.8621 11.5183 11.6406 0.0499
11.8621 11.5183 11.6406 0.0499
11.8621 11.5183 11.6408 0.0499
11.8621 11.5183 11.6408 0.0499
11.8621 11.5183 11.6417 0.0506
11.8621 11.5183 11.6417 0.0506
11.8621 11.5183 11.6417 0.0506
11.8621 11.5183 11.6417 0.0506
11.8621 11.5183 11.6417 0.0506
11.8621 11.5183 11.6417 0.0506
11.8621 11.5183 11.6417 0.0506
11.8621 11.5183 11.6417 0.0506
11.8621 11.5183 11.6417 0.0506
11.8621 11.5183 11.6418 0.0505
11.8621 11.5183 11.6418 0.0505
11.8621 11.5183 11.6418 0.0505
11.8621 11.5183 11.6418 0.0505
11.8621 11.5183 11.6418 0.0505
11.8621 11.5183 11.6418 0.0505
11.8621 11.5183 11.6418 0.0505
11.8621 11.5183 11.6418 0.0505
11.8621 11.5183 11.6418 0.0505
11.8621 11.5183 11.6418 0.0505
11.8621 11.5183 11.6418 0.0505
11.8621 11.5183 11.6418 0.0505
11.8621 11.5183 11.6418 0.0505
11.8621 11.5183 11.6418 0.0505
11.8621 11.5183 11.6436 0.0530
11.8621 11.5183 11.6436 0.0530
11.8621 11.5183 11.6436 0.0530
11.8621 11.5183 11.6449 0.0567
11.8621 11.5183 11.6449 0.0567
11.8621 11.5183 11.6449 0.0567
11.8621 11.5183 11.6449 0.0567
11.8621 11.5183 11.6449 0.0567
11.8621 11.5183 11.6449 0.0567
11.8621 11.5183 11.6449 0.0567
11.8621 11.5183 11.6449 0.0567
11.8621 11.5183 11.6449 0.0567
11.8621 11.5183 11.6449 0.0567
11.8621 11.5183 11.6449 0.0567
11.8621 11.5183 11.6449 0.0567
11.8621 11.5183 11.6449 0.0567
11.8621 11.5183 11.6449 0.0567
11.8621 11.5183 11.6449 0.0567
11.8621 11.5183 11.6449 0.0567
11.8621 11.5183 11.6449 0.0567
11.8621 11.5183 11.6449 0.0567
11.8621 11.5183 11.6449 0.0567
11.8621 11.5183 11.6449 0.0567
11.8621 11.5183 11.6449 0.0567
11.8621 11.5183 11.6460 0.0575
11.8621 11.5183 11.6460 0.0575
11.8621 11.5183 11.6460 0.0575
11.8621 11.5183 11.6460 0.0575
11.8621 11.5183 11.6460 0.0575
11.8621 11.5183 11.6460 0.0575
11.8621 11.5183 11.6460 0.0575
11.8621 11.5183 11.6460 0.0575
11.8621 11.5183 11.6460 0.0575
11.8621 11.5183 11.6460 0.0575
11.8621 11.5183 11.6460 0.0575
11.8621 11.5183 11.6460 0.0575
11.8621 11.5183 11.6460 0.0575
11.8621 11.5183 11.6460 0.0575
11.8621 11.5183 11.6460 0.0575
11.8621 11.5183 11.6460 0.0575
11.8621 11.5183 11.6460 0.0575
11.8621 11.5183 11.6460 0.0575
11.8621 11.5183 11.6461 0.0575
11.8621 11.5183 11.6469 0.0579
11.8621 11.5183 11.6469 0.0579
11.8621 11.5183 11.6469 0.0579
11.8621 11.5183 11.6469 0.0579
11.8621 11.5183 11.6469 0.0579
11.8621 11.5183 11.6471 0.0579
11.8621 11.5183 11.6471 0.0579
11.8621 11.5183 11.6471 0.0579
11.8621 11.5183 11.6472 0.0578
11.8621 11.5183 11.6473 0.0578
11.8621 11.5183 11.6473 0.0578
11.8621 11.5183 11.6473 0.0578
11.8621 11.5183 11.6473 0.0578
11.8621 11.5183 11.6473 0.0578
11.8621 11.5183 11.6473 0.0578
11.8621 11.5183 11.6473 0.0578
11.8621 11.5183 11.6473 0.0578
11.8621 11.5183 11.6473 0.0578
11.8621 11.5183 11.6473 0.0578
11.8621 11.5183 11.6474 0.0578
11.8621 11.5183 11.6474 0.0578
11.8621 11.5183 11.6474 0.0578
11.8621 11.5183 11.6474 0.0578
11.8621 11.5183 11.6474 0.0578
11.8621 11.5183 11.6474 0.0578
11.8621 11.5183 11.6474 0.0578
11.8621 11.5183 11.6474 0.0578
11.8621 11.5183 11.6475 0.0577
11.8621 11.5183 11.6476 0.0577
11.8621 11.5183 11.6476 0.0577
11.8621 11.5183 11.6476 0.0577
11.8621 11.5183 11.6476 0.0577
11.8621 11.5183 11.6487 0.0585
11.8621 11.5183 11.6487 0.0585
11.8621 11.5183 11.6487 0.0585
11.8621 11.5183 11.6487 0.0585
11.8621 11.5183 11.6487 0.0585
11.8621 11.5183 11.6487 0.0585
11.8621 11.5183 11.6487 0.0585
11.8621 11.5183 11.6487 0.0585
11.8621 11.5183 11.6504 0.0604
11.8621 11.5183 11.6504 0.0604
11.8621 11.5183 11.6504 0.0604
11.8621 11.5183 11.6522 0.0622
11.8621 11.5183 11.6522 0.0622
11.8621 11.5183 11.6522 0.0622
11.8621 11.5183 11.6522 0.0622
11.8621 11.5183 11.6522 0.0622
11.8621 11.5183 11.6522 0.0622
11.8621 11.5183 11.6522 0.0622
11.8621 11.5183 11.6522 0.0622
11.8621 11.5183 11.6522 0.0622
11.8621 11.5183 11.6522 0.0622
11.8621 11.5183 11.6522 0.0622
11.8621 11.5183 11.6522 0.0622
11.8621 11.5183 11.6522 0.0622
11.8621 11.5183 11.6522 0.0622
11.8621 11.5183 11.6524 0.0622
11.8621 11.5183 11.6524 0.0622
11.8621 11.5183 11.6524 0.0622
11.8621 11.5183 11.6524 0.0622
11.8621 11.5183 11.6524 0.0622
11.8621 11.5183 11.6524 0.0622
11.8621 11.5183 11.6524 0.0622
11.8621 11.5183 11.6524 0.0622
11.8621 11.5183 11.6524 0.0622
11.8621 11.5183 11.6524 0.0622
11.8621 11.5183 11.6525 0.0622
11.8621 11.5183 11.6525 0.0621
11.8621 11.5183 11.6525 0.0621
11.8621 11.5183 11.6525 0.0621
11.8621 11.5183 11.6525 0.0621
11.8621 11.5183 11.6525 0.0621
11.8621 11.5183 11.6525 0.0621
11.8621 11.5183 11.6538 0.0627
11.8621 11.5183 11.6538 0.0627
11.8621 11.5183 11.6540 0.0627
11.8621 11.5183 11.6540 0.0627
11.8621 11.5183 11.6540 0.0627
11.8621 11.5183 11.6549 0.0631
11.8621 11.5183 11.6549 0.0631
11.8621 11.5183 11.6549 0.0631
11.8621 11.5183 11.6549 0.0631
11.8621 11.5183 11.6549 0.0631
11.8621 11.5183 11.6549 0.0631
11.8621 11.5183 11.6550 0.0630
11.8621 11.5183 11.6550 0.0630
11.8621 11.5183 11.6550 0.0630
11.8621 11.5183 11.6551 0.0630
11.8621 11.5183 11.6575 0.0662
11.8621 11.5183 11.6575 0.0662
11.8621 11.5183 11.6598 0.0692
11.8621 11.5183 11.6598 0.0692
11.8621 11.5183 11.6598 0.0692
11.8621 11.5183 11.6600 0.0691
11.8621 11.5183 11.6600 0.0691
11.8621 11.5183 11.6601 0.0691
11.8621 11.5183 11.6603 0.0690
11.8621 11.5183 11.6615 0.0695
11.8621 11.5183 11.6615 0.0695
11.8621 11.5183 11.6632 0.0708
11.8621 11.5183 11.6632 0.0708
11.8621 11.5183 11.6632 0.0708
11.8621 11.5183 11.6632 0.0708
11.8621 11.5183 11.6632 0.0708
11.8621 11.5183 11.6632 0.0708
11.8621 11.5183 11.6632 0.0708
11.8621 11.5183 11.6644 0.0712
11.8621 11.5183 11.6644 0.0712
11.8621 11.5183 11.6644 0.0712
11.8621 11.5183 11.6644 0.0712
11.8621 11.5183 11.6644 0.0712
11.8621 11.5183 11.6645 0.0711
11.8621 11.5183 11.6645 0.0711
11.8621 11.5183 11.6645 0.0711
11.8621 11.5183 11.6645 0.0711
11.8621 11.5183 11.6645 0.0711
11.8621 11.5183 11.6645 0.0711
11.8621 11.5183 11.6646 0.0711
11.8621 11.5183 11.6646 0.0711
11.8621 11.5183 11.6646 0.0711
11.8621 11.5183 11.6646 0.0711
11.8621 11.5183 11.6646 0.0711
11.8621 11.5183 11.6646 0.0711
11.8621 11.5183 11.6647 0.0710
11.8621 11.5183 11.6647 0.0710
11.8621 11.5183 11.6648 0.0710
11.8621 11.5183 11.6666 0.0721
11.8621 11.5183 11.6666 0.0721
11.8621 11.5183 11.6666 0.0721
11.8621 11.5183 11.6666 0.0721
11.8621 11.5183 11.6666 0.0720
11.8621 11.5183 11.6666 0.0720
11.8621 11.5183 11.6666 0.0720
11.8621 11.5183 11.6666 0.0720
11.8621 11.5183 11.6666 0.0720
11.8621 11.5183 11.6668 0.0720
11.8621 11.5183 11.6668 0.0720
11.8621 11.5183 11.6668 0.0720
11.8621 11.5183 11.6668 0.0720
11.8621 11.5183 11.6668 0.0720
11.8621 11.5183 11.6668 0.0720
11.8621 11.5183 11.6668 0.0720
11.8621 11.5183 11.6668 0.0721
11.8621 11.5183 11.6678 0.0721
11.8621 11.5183 11.6678 0.0721
11.8621 11.5183 11.6678 0.0721
11.8621 11.5183 11.6691 0.0725
11.8621 11.5183 11.6691 0.0725
11.8621 11.5183 11.6691 0.0725
11.8621 11.5183 11.6691 0.0724
11.8621 11.5183 11.6691 0.0724
11.8621 11.5183 11.6691 0.0724
11.8621 11.5183 11.6691 0.0724
11.8621 11.5183 11.6692 0.0724
11.8621 11.5183 11.6692 0.0724
11.8621 11.5183 11.6692 0.0724
11.8621 11.5183 11.6704 0.0727
11.8621 11.5183 11.6704 0.0727
11.8621 11.5183 11.6704 0.0727
11.8621 11.5183 11.6710 0.0727
11.8621 11.5183 11.6711 0.0727
11.8621 11.5183 11.6711 0.0727
11.8621 11.5183 11.6711 0.0727
11.8621 11.5183 11.6711 0.0727
11.8621 11.5183 11.6711 0.0727
11.8621 11.5183 11.6711 0.0727
11.8621 11.5183 11.6711 0.0727
11.8621 11.5183 11.6729 0.0737
11.8621 11.5183 11.6729 0.0737
11.8621 11.5183 11.6736 0.0737
11.8621 11.5183 11.6736 0.0737
11.8621 11.5183 11.6736 0.0737
11.8621 11.5183 11.6754 0.0746
11.8621 11.5183 11.6754 0.0746
11.8621 11.5183 11.6754 0.0746
11.8621 11.5183 11.6754 0.0746
11.8621 11.5183 11.6754 0.0746
11.8621 11.5183 11.6754 0.0746
11.8621 11.5183 11.6755 0.0746
11.8621 11.5183 11.6768 0.0767
11.8621 11.5183 11.6768 0.0767
11.8621 11.5183 11.6768 0.0767
11.8621 11.5183 11.6768 0.0767
11.8621 11.5183 11.6768 0.0767
11.8621 11.5183 11.6768 0.0767
11.8621 11.5183 11.6787 0.0778
11.8621 11.5183 11.6787 0.0778
11.8621 11.5183 11.6787 0.0778
11.8621 11.5183 11.6788 0.0778
11.8621 11.5183 11.6788 0.0778
11.8621 11.5183 11.6788 0.0778
11.8621 11.5183 11.6808 0.0790
11.8621 11.5183 11.6808 0.0790
11.8621 11.5183 11.6808 0.0790
11.8621 11.5183 11.6813 0.0793
11.8621 11.5183 11.6813 0.0793
11.8922 11.5183 11.6816 0.0801
11.8922 11.5183 11.6816 0.0801
11.8922 11.5183 11.6816 0.0801
11.8922 11.5183 11.6817 0.0800
11.8922 11.5183 11.6817 0.0800
11.8922 11.5183 11.6834 0.0807
11.8922 11.5183 11.6834 0.0807
11.8922 11.5183 11.6834 0.0807
11.8922 11.5183 11.6834 0.0807
11.8922 11.5183 11.6834 0.0807
11.8922 11.5183 11.6835 0.0806
11.8922 11.5183 11.6835 0.0806
11.8922 11.5183 11.6835 0.0806
11.8922 11.5183 11.6875 0.0845
11.8922 11.5183 11.6875 0.0845
11.8922 11.5183 11.6875 0.0845
11.8922 11.5183 11.6875 0.0845
11.8922 11.5183 11.6875 0.0845
11.8922 11.5183 11.6891 0.0851
11.8922 11.5183 11.6893 0.0850
11.8922 11.5183 11.6893 0.0850
11.8922 11.5183 11.6893 0.0850
11.8922 11.5183 11.6893 0.0850
11.8922 11.5183 11.6893 0.0850
11.8922 11.5183 11.6916 0.0866
11.8922 11.5183 11.6934 0.0870
11.8922 11.5183 11.6934 0.0870
11.8922 11.5183 11.6939 0.0868
11.8922 11.5183 11.6939 0.0868
11.8922 11.5183 11.6939 0.0868
11.8922 11.5183 11.6939 0.0868
11.8922 11.5183 11.6957 0.0871
11.8922 11.5183 11.6957 0.0871
11.8922 11.5183 11.6982 0.0885
11.8922 11.5183 11.6982 0.0885
11.8922 11.5183 11.6982 0.0885
11.8922 11.5183 11.6982 0.0885
11.8922 11.5183 11.6982 0.0885
11.8922 11.5183 11.6982 0.0885
11.8922 11.5183 11.6998 0.0889
11.8922 11.5183 11.6998 0.0889
11.8922 11.5183 11.6998 0.0889
11.8922 11.5183 11.7007 0.0887
11.8922 11.5183 11.7007 0.0887
11.8922 11.5183 11.7007 0.0887
11.8922 11.5183 11.7007 0.0887
11.8922 11.5183 11.7009 0.0885
11.8922 11.5183 11.7009 0.0885
11.8922 11.5183 11.7009 0.0885
11.8922 11.5183 11.7009 0.0885
11.8922 11.5183 11.7009 0.0885
11.8922 11.5183 11.7009 0.0885
11.8922 11.5183 11.7011 0.0883
11.8922 11.5183 11.7012 0.0883
11.8922 11.5183 11.7012 0.0883
11.8922 11.5183 11.7013 0.0882
11.8922 11.5183 11.7013 0.0882
11.8922 11.5183 11.7013 0.0882
11.9072 11.5183 11.7023 0.0900
11.9072 11.5183 11.7034 0.0899
11.9072 11.5183 11.7034 0.0899
11.9072 11.5183 11.7034 0.0899
11.9072 11.5183 11.7058 0.0911
11.9072 11.5183 11.7068 0.0920
11.9072 11.5183 11.7068 0.0920
11.9072 11.5183 11.7088 0.0926
11.9072 11.5183 11.7088 0.0926
11.9072 11.5183 11.7107 0.0928
11.9072 11.5183 11.7107 0.0928
11.9072 11.5183 11.7107 0.0928
11.9072 11.5183 11.7107 0.0928
11.9072 11.5183 11.7107 0.0928
11.9072 11.5183 11.7107 0.0928
11.9072 11.5183 11.7107 0.0928
11.9072 11.5183 11.7107 0.0928
11.9072 11.5183 11.7117 0.0924
11.9072 11.5183 11.7120 0.0922
11.9072 11.5183 11.7134 0.0935
11.9072 11.5183 11.7152 0.0935
11.9072 11.5183 11.7152 0.0935
11.9072 11.5183 11.7152 0.0935
11.9072 11.5183 11.7179 0.0944
11.9072 11.5183 11.7179 0.0944
11.9072 11.5183 11.7196 0.0944
11.9072 11.5183 11.7197 0.0943
11.9072 11.5183 11.7202 0.0946
11.9072 11.5183 11.7202 0.0946
11.9072 11.5183 11.7202 0.0946
11.9072 11.5183 11.7206 0.0943
11.9072 11.5183 11.7206 0.0943
11.9072 11.5183 11.7218 0.0939
11.9072 11.5183 11.7222 0.0946
11.9072 11.5183 11.7222 0.0946
11.9072 11.5183 11.7222 0.0946
11.9072 11.5183 11.7233 0.0942
11.9072 11.5183 11.7233 0.0942
11.9072 11.5183 11.7260 0.0951
11.9072 11.5183 11.7260 0.0951
11.9072 11.5183 11.7260 0.0951
11.9072 11.5183 11.7260 0.0951
11.9072 11.5183 11.7267 0.0959
11.9072 11.5183 11.7273 0.0961
11.9072 11.5183 11.7279 0.0968
11.9072 11.5183 11.7279 0.0968
11.9072 11.5183 11.7284 0.0966
11.9072 11.5183 11.7284 0.0966
11.9072 11.5183 11.7297 0.0961
11.9072 11.5183 11.7304 0.0968
11.9072 11.5183 11.7305 0.0969
11.9072 11.5183 11.7305 0.0969
11.9072 11.5183 11.7305 0.0969
11.9072 11.5183 11.7305 0.0969
11.9072 11.5183 11.7308 0.0970
11.9072 11.5183 11.7308 0.0970
11.9072 11.5183 11.7308 0.0970
11.9072 11.5183 11.7308 0.0970
11.9072 11.5183 11.7308 0.0970
11.9072 11.5183 11.7330 0.0972
11.9072 11.5183 11.7330 0.0972
11.9072 11.5183 11.7330 0.0972
11.9072 11.5183 11.7330 0.0972
11.9072 11.5183 11.7330 0.0972
11.9072 11.5183 11.7330 0.0972
11.9072 11.5183 11.7330 0.0972
11.9072 11.5183 11.7330 0.0972
11.9072 11.5183 11.7330 0.0972
11.9072 11.5183 11.7351 0.0979
11.9072 11.5183 11.7351 0.0979
12.0343 11.5183 11.7374 0.1021
12.0343 11.5183 11.7374 0.1021
12.0343 11.5183 11.7374 0.1021
12.0343 11.5183 11.7374 0.1021
12.0343 11.5183 11.7374 0.1021
12.0343 11.5183 11.7374 0.1021
12.0343 11.5183 11.7386 0.1015
12.0343 11.5183 11.7386 0.1015
12.0343 11.5183 11.7386 0.1015
12.0343 11.5183 11.7386 0.1015
12.0343 11.5183 11.7386 0.1015
12.0343 11.5183 11.7388 0.1013
12.0343 11.5183 11.7388 0.1013
12.0343 11.5183 11.7388 0.1013
12.0343 11.5183 11.7388 0.1013
12.0343 11.5183 11.7388 0.1013
12.0343 11.5183 11.7388 0.1013
12.0343 11.5183 11.7391 0.1010
12.0343 11.5183 11.7393 0.1011
12.0343 11.5183 11.7405 0.1005
12.0343 11.5183 11.7405 0.1005
12.0343 11.5183 11.7411 0.1007
12.0343 11.5183 11.7421 0.1002
12.0343 11.5183 11.7421 0.1002
12.0343 11.5183 11.7421 0.1002
12.0343 11.5183 11.7421 0.1002
12.0343 11.5183 11.7421 0.1002
12.0343 11.5183 11.7421 0.1002
12.0343 11.5183 11.7421 0.1002
12.0343 11.5183 11.7427 0.1007
12.0343 11.5183 11.7427 0.1007
12.0343 11.5183 11.7431 0.1004
12.0343 11.5183 11.7431 0.1004
12.0343 11.5183 11.7431 0.1004
12.0343 11.5183 11.7446 0.0999
12.0343 11.5183 11.7470 0.0999
12.0343 11.5183 11.7470 0.0999
12.0343 11.5183 11.7470 0.0999
12.0343 11.5183 11.7470 0.0999
12.0343 11.5183 11.7470 0.0999
12.0343 11.5183 11.7477 0.1005
12.0343 11.5183 11.7480 0.1007
12.0343 11.5183 11.7504 0.1004
12.0343 11.5183 11.7504 0.1004
12.0343 11.5183 11.7509 0.1005
12.0343 11.5183 11.7509 0.1005
12.0343 11.5183 11.7509 0.1005
12.0343 11.5183 11.7509 0.1005
12.0343 11.5183 11.7509 0.1005
12.0343 11.5183 11.7509 0.1005
12.0343 11.5183 11.7509 0.1005
12.0343 11.5183 11.7509 0.1005
12.0343 11.5183 11.7509 0.1005
12.0343 11.5183 11.7528 0.0999
12.0343 11.5183 11.7542 0.0993
12.0343 11.5183 11.7542 0.0993
12.0343 11.5183 11.7542 0.0993
12.0343 11.5183 11.7548 0.0987
12.0343 11.5183 11.7548 0.0987
12.0343 11.5183 11.7548 0.0987
12.0343 11.5183 11.7548 0.0987
12.0343 11.5183 11.7548 0.0987
12.0343 11.5183 11.7548 0.0987
12.0343 11.5183 11.7548 0.0987
12.0343 11.5183 11.7568 0.0990
12.0343 11.5183 11.7568 0.0990
12.0343 11.5183 11.7568 0.0990
12.0343 11.5183 11.7568 0.0990
12.0343 11.5183 11.7579 0.0996
12.0343 11.5183 11.7579 0.0996
12.0343 11.5183 11.7588 0.0998
12.0343 11.5183 11.7588 0.0998
12.0343 11.5183 11.7588 0.0998
12.0343 11.5183 11.7588 0.0998
12.0343 11.5183 11.7612 0.0995
12.0343 11.5183 11.7612 0.0995
12.0343 11.5183 11.7635 0.1010
12.0343 11.5183 11.7635 0.1010
12.0343 11.5183 11.7635 0.1010
12.0343 11.5183 11.7635 0.1010
12.0343 11.5183 11.7638 0.1013
12.0343 11.5183 11.7638 0.1013
12.0343 11.5183 11.7638 0.1013
12.0343 11.5183 11.7638 0.1013
12.0343 11.5183 11.7638 0.1013
12.0343 11.5183 11.7656 0.1007
12.0343 11.5183 11.7662 0.1007
12.0343 11.5183 11.7662 0.1007
12.0343 11.5183 11.7662 0.1007
12.0859 11.5183 11.7667 0.1022
12.0859 11.5183 11.7670 0.1021
12.0859 11.5183 11.7670 0.1021
12.0859 11.5183 11.7670 0.1021
12.0859 11.6225 11.7686 0.0994
12.0859 11.6225 11.7688 0.0992
12.0859 11.6225 11.7695 0.0993
12.0859 11.6225 11.7695 0.0993
12.0859 11.6225 11.7696 0.0991
12.0859 11.6225 11.7696 0.0991
12.0859 11.6225 11.7703 0.0999
12.0859 11.6225 11.7703 0.0999
12.0859 11.6225 11.7721 0.0989
12.0859 11.6225 11.7721 0.0989
12.0859 11.6225 11.7729 0.0983
12.0859 11.6225 11.7729 0.0983
12.0859 11.6225 11.7729 0.0983
12.0859 11.6225 11.7729 0.0983
12.0859 11.6225 11.7746 0.0978
12.0859 11.6225 11.7755 0.0972
12.0859 11.6225 11.7755 0.0972
12.0859 11.6225 11.7755 0.0972
12.0859 11.6225 11.7762 0.0973
12.0859 11.6225 11.7762 0.0973
12.0859 11.6225 11.7762 0.0973
12.0859 11.6225 11.7762 0.0973
12.0859 11.6225 11.7762 0.0973
12.0859 11.6225 11.7762 0.0973
12.0859 11.6225 11.7762 0.0973
12.0859 11.6225 11.7762 0.0973
12.0859 11.6225 11.7762 0.0973
12.0859 11.6225 11.7762 0.0973
12.0859 11.6225 11.7762 0.0973
12.0859 11.6225 11.7762 0.0973
12.0859 11.6225 11.7762 0.0973
12.0859 11.6225 11.7771 0.0974
12.0859 11.6225 11.7771 0.0974
12.0859 11.6225 11.7771 0.0974
12.0859 11.6225 11.7771 0.0974
12.0859 11.6225 11.7771 0.0974
12.0859 11.6225 11.7771 0.0974
12.0859 11.6225 11.7793 0.1018
12.0859 11.6225 11.7809 0.1009
12.0859 11.6225 11.7809 0.1009
12.0859 11.6225 11.7809 0.1009
12.0859 11.6225 11.7821 0.1013
12.0859 11.6225 11.7821 0.1013
12.0859 11.6225 11.7862 0.1027
12.0859 11.6225 11.7862 0.1027
12.0859 11.6225 11.7866 0.1028
12.0859 11.6225 11.7866 0.1028
12.0859 11.6225 11.7866 0.1028
12.0859 11.6225 11.7866 0.1028
12.0859 11.6225 11.7866 0.1028
12.0859 11.6225 11.7866 0.1028
12.0859 11.6225 11.7866 0.1028
12.0859 11.6225 11.7867 0.1027
12.0859 11.6225 11.7873 0.1028
12.0859 11.6225 11.7873 0.1028
12.0859 11.6225 11.7873 0.1028
12.0859 11.6225 11.7886 0.1015
12.0859 11.6225 11.7886 0.1015
12.0859 11.6225 11.7886 0.1015
12.0859 11.6225 11.7886 0.1015
12.0859 11.6225 11.7886 0.1015
12.0859 11.6225 11.7886 0.1015
12.0859 11.6225 11.7906 0.1002
12.0859 11.6225 11.7906 0.1002
12.0859 11.6225 11.7906 0.1002
12.0859 11.6225 11.7906 0.1002
12.0859 11.6225 11.7906 0.1002
12.0859 11.6225 11.7906 0.1002
12.0859 11.6225 11.7906 0.1002
12.0859 11.6225 11.7906 0.1002
12.0859 11.6225 11.7908 0.1004
12.0859 11.6225 11.7908 0.1004
12.0859 11.6225 11.7908 0.1004
12.0859 11.6225 11.7921 0.1006
12.0859 11.6225 11.7921 0.1006
12.0859 11.6225 11.7921 0.1006
12.0859 11.6225 11.7921 0.1006
12.0859 11.6225 11.7921 0.1005
12.0859 11.6225 11.7924 0.1007
12.0859 11.6225 11.7924 0.1007
12.0859 11.6225 11.7924 0.1007
12.0859 11.6225 11.7924 0.1007
12.0859 11.6225 11.7924 0.1007
12.0859 11.6225 11.7924 0.1007
12.0859 11.6225 11.7924 0.1007
12.0859 11.6225 11.7924 0.1007
12.0859 11.6225 11.7924 0.1007
12.0859 11.6225 11.7930 0.1013
12.0859 11.6225 11.7930 0.1013
12.0859 11.6225 11.7932 0.1014
12.0859 11.6225 11.7932 0.1014
12.0859 11.6225 11.7942 0.1021
12.0859 11.6225 11.7943 0.1020
12.0859 11.6225 11.7943 0.1020
12.0859 11.6225 11.7945 0.1020
12.0859 11.6225 11.7945 0.1020
12.0859 11.6225 11.7945 0.1020
12.0859 11.6225 11.7945 0.1020
12.0859 11.6225 11.7956 0.1009
12.0859 11.6225 11.7956 0.1009
12.0859 11.6225 11.7956 0.1009
12.0859 11.6225 11.7965 0.1005
12.0859 11.6225 11.7965 0.1005
12.0859 11.6225 11.7965 0.1005
12.0859 11.6225 11.7965 0.1005
12.0859 11.6225 11.7965 0.1005
12.0859 11.6225 11.7965 0.1005
12.0859 11.6225 11.7965 0.1005
12.0859 11.6225 11.7965 0.1005
12.0859 11.6225 11.7965 0.1006
12.0859 11.6225 11.7965 0.1006
12.0859 11.6225 11.7968 0.1007
12.0859 11.6225 11.7968 0.1007
12.0859 11.6225 11.7977 0.1014
12.0859 11.6225 11.7977 0.1014
12.0859 11.6225 11.7999 0.1004
12.0859 11.6225 11.7999 0.1004
12.0859 11.6225 11.7999 0.1004
12.0859 11.6225 11.7999 0.1004
12.0859 11.6225 11.7999 0.1004
12.0859 11.6225 11.7999 0.1004
12.0859 11.6225 11.7999 0.1004
12.0859 11.6225 11.8001 0.1003
12.0859 11.6225 11.8001 0.1003
12.0859 11.6225 11.8017 0.0992
12.0859 11.6225 11.8017 0.0992
12.0859 11.6225 11.8017 0.0992
12.0859 11.6225 11.8031 0.0976
12.0859 11.6225 11.8031 0.0976
12.0859 11.6225 11.8031 0.0976
12.0859 11.6225 11.8031 0.0976
12.0859 11.6225 11.8031 0.0976
12.0859 11.6225 11.8031 0.0976
12.0859 11.6225 11.8031 0.0976
12.0859 11.6225 11.8036 0.0981
12.0859 11.6225 11.8037 0.0979
12.0859 11.6225 11.8037 0.0979
12.0859 11.6225 11.8037 0.0979
12.0859 11.6225 11.8053 0.0965
12.0859 11.6225 11.8053 0.0965
12.0859 11.6225 11.8059 0.0964
12.0859 11.6225 11.8065 0.0956
12.0859 11.6225 11.8065 0.0956
12.0859 11.6225 11.8065 0.0956
12.0859 11.6225 11.8065 0.0956
12.0859 11.6225 11.8065 0.0956
12.0859 11.6225 11.8071 0.0957
12.0859 11.6225 11.8071 0.0957
12.0859 11.6225 11.8084 0.0954
12.0859 11.6225 11.8084 0.0954
12.0859 11.6225 11.8084 0.0954
12.0859 11.6225 11.8084 0.0954
12.0859 11.6225 11.8084 0.0954
12.0859 11.6234 11.8102 0.0936
12.0859 11.6234 11.8102 0.0936
12.0859 11.6234 11.8102 0.0936
12.0859 11.6234 11.8109 0.0941
12.0859 11.6290 11.8127 0.0922
12.0859 11.6290 11.8155 0.0912
12.0859 11.6290 11.8165 0.0923
12.0859 11.6290 11.8165 0.0923
12.0859 11.6290 11.8165 0.0923
12.0859 11.6290 11.8193 0.0910
12.0859 11.6290 11.8209 0.0893
12.0859 11.6290 11.8209 0.0893
12.0859 11.6290 11.8209 0.0893
12.0859 11.6290 11.8209 0.0893
12.0859 11.6290 11.8233 0.0874
12.0859 11.6290 11.8240 0.0876
12.0859 11.6290 11.8240 0.0876
12.0859 11.6290 11.8248 0.0884
12.0859 11.6290 11.8248 0.0884
12.0859 11.6290 11.8248 0.0884
12.0859 11.6290 11.8248 0.0884
12.0859 11.6290 11.8248 0.0884
12.0859 11.6290 11.8249 0.0885
12.0859 11.6290 11.8260 0.0882
12.0859 11.6290 11.8260 0.0882
12.0859 11.6290 11.8260 0.0882
12.0859 11.6290 11.8260 0.0882
12.0859 11.6290 11.8278 0.0871
12.0859 11.6290 11.8307 0.0908
12.0859 11.6290 11.8307 0.0908
12.0859 11.6290 11.8307 0.0908
12.0859 11.6290 11.8307 0.0908
12.0859 11.6290 11.8313 0.0896
12.0859 11.6290 11.8319 0.0893
12.0859 11.6290 11.8320 0.0893
12.0859 11.6290 11.8321 0.0893
12.0859 11.6290 11.8321 0.0893
12.0859 11.6290 11.8321 0.0893
12.0859 11.6290 11.8325 0.0887
12.0859 11.6290 11.8329 0.0892
12.0859 11.6290 11.8329 0.0892
12.0859 11.6290 11.8329 0.0892
12.0859 11.6290 11.8329 0.0892
12.0859 11.6290 11.8329 0.0892
12.0859 11.6290 11.8329 0.0892
12.0859 11.6290 11.8329 0.0892
12.0859 11.6290 11.8329 0.0892
12.0859 11.6290 11.8329 0.0892
12.0859 11.6290 11.8329 0.0892
12.0859 11.6290 11.8348 0.0879
12.0859 11.6290 11.8348 0.0879
12.0859 11.6290 11.8348 0.0879
12.0859 11.6290 11.8348 0.0879
12.0859 11.6290 11.8348 0.0879
12.0859 11.6290 11.8348 0.0879
12.0859 11.6290 11.8348 0.0879
12.0859 11.6290 11.8348 0.0879
12.0859 11.6290 11.8348 0.0879
12.0859 11.6290 11.8348 0.0879
12.0859 11.6290 11.8353 0.0883
12.0859 11.6290 11.8353 0.0883
12.0859 11.6290 11.8364 0.0886
12.0859 11.6290 11.8364 0.0886
12.0859 11.6290 11.8364 0.0886
12.0859 11.6290 11.8364 0.0886
12.0859 11.6290 11.8368 0.0885
12.0859 11.6290 11.8368 0.0885
12.0859 11.6290 11.8393 0.0886
12.0859 11.6290 11.8393 0.0886
12.0859 11.6290 11.8407 0.0893
12.0859 11.6290 11.8407 0.0893
12.0859 11.6290 11.8409 0.0893
12.0859 11.6290 11.8410 0.0893
12.0859 11.6290 11.8410 0.0893
12.0859 11.6290 11.8410 0.0893
12.0859 11.6290 11.8410 0.0893
12.0859 11.6290 11.8410 0.0893
12.0859 11.6290 11.8410 0.0893
12.0859 11.6290 11.8410 0.0893
12.0859 11.6290 11.8412 0.0893
12.0859 11.6290 11.8425 0.0890
12.0859 11.6290 11.8425 0.0890
12.0859 11.6290 11.8449 0.0865
12.0859 11.6290 11.8449 0.0865
12.0859 11.6290 11.8465 0.0873
12.0859 11.6290 11.8465 0.0873
12.0859 11.6290 11.8465 0.0873
12.0859 11.6290 11.8467 0.0873
12.0859 11.6290 11.8467 0.0873
12.0859 11.6290 11.8467 0.0873
12.0859 11.6290 11.8467 0.0873
12.0859 11.6290 11.8467 0.0873
12.0859 11.6290 11.8484 0.0903
12.0859 11.6290 11.8484 0.0902
12.0859 11.6290 11.8484 0.0902
12.0859 11.6290 11.8494 0.0912
12.0859 11.6290 11.8494 0.0912
12.0859 11.6290 11.8494 0.0912
12.0859 11.6290 11.8494 0.0912
12.0859 11.6290 11.8494 0.0912
12.0859 11.6290 11.8494 0.0912
12.0859 11.6290 11.8494 0.0912
12.0859 11.6290 11.8494 0.0912
12.0859 11.6290 11.8502 0.0911
12.0859 11.6290 11.8502 0.0911
12.0859 11.6290 11.8524 0.0888
12.0859 11.6290 11.8524 0.0888
12.0859 11.6290 11.8524 0.0888
12.0859 11.6290 11.8524 0.0888
12.0859 11.6290 11.8528 0.0888
12.0859 11.6290 11.8528 0.0888
12.0859 11.6290 11.8545 0.0894
12.0859 11.6290 11.8560 0.0881
12.0859 11.6290 11.8565 0.0880
12.0859 11.6290 11.8565 0.0880
12.0859 11.6290 11.8565 0.0880
12.0859 11.6290 11.8565 0.0880
12.0859 11.6290 11.8569 0.0880
12.0859 11.6290 11.8574 0.0882
12.0859 11.6290 11.8574 0.0882
12.0859 11.6290 11.8574 0.0882
12.0859 11.6290 11.8574 0.0882
12.0859 11.6290 11.8574 0.0882
12.0859 11.6290 11.8574 0.0882
12.0859 11.6290 11.8574 0.0882
12.0859 11.6290 11.8574 0.0882
12.0859 11.6290 11.8576 0.0883
12.0859 11.6290 11.8576 0.0883
12.0859 11.6290 11.8582 0.0881
12.0859 11.6290 11.8582 0.0881
12.0859 11.6290 11.8582 0.0881
12.0859 11.6290 11.8582 0.0881
12.0859 11.6290 11.8582 0.0881
12.0859 11.6290 11.8582 0.0881
12.0859 11.6290 11.8582 0.0881
12.0859 11.6290 11.8598 0.0886
12.0859 11.6290 11.8598 0.0886
12.0859 11.6290 11.8598 0.0886
12.0859 11.6290 11.8598 0.0886
12.0859 11.6290 11.8609 0.0874
12.0859 11.6290 11.8615 0.0872
12.0859 11.6290 11.8615 0.0872
12.0859 11.6290 11.8615 0.0872
12.0859 11.6290 11.8615 0.0872
12.0859 11.6290 11.8615 0.0872
12.0859 11.6290 11.8615 0.0872
12.0859 11.6290 11.8617 0.0872
12.0859 11.6290 11.8617 0.0872
12.0859 11.6290 11.8617 0.0872
12.0859 11.6290 11.8617 0.0872
12.0859 11.6290 11.8617 0.0872
12.0859 11.6290 11.8619 0.0872
12.0859 11.6290 11.8619 0.0872
12.0859 11.6290 11.8619 0.0872
12.0859 11.6290 11.8619 0.0872
12.0859 11.6290 11.8619 0.0872
12.0859 11.6290 11.8619 0.0872
12.0859 11.6290 11.8619 0.0872
12.0859 11.6290 11.8620 0.0872
12.0859 11.6290 11.8653 0.0850
12.0859 11.6290 11.8653 0.0850
12.0859 11.6290 11.8654 0.0849
12.0859 11.6290 11.8677 0.0877
12.0859 11.6290 11.8677 0.0877
12.0859 11.6290 11.8677 0.0877
12.0859 11.6290 11.8677 0.0877
12.0859 11.6290 11.8679 0.0876
12.0859 11.6290 11.8679 0.0876
12.0859 11.6290 11.8679 0.0876
12.0859 11.6290 11.8679 0.0876
12.0859 11.6290 11.8679 0.0876
12.0859 11.6290 11.8679 0.0876
12.0859 11.6290 11.8679 0.0876
12.0859 11.6290 11.8679 0.0876
12.0859 11.6290 11.8679 0.0876
12.0859 11.6290 11.8681 0.0876
12.0859 11.6290 11.8687 0.0874
12.0859 11.6290 11.8687 0.0874
12.0859 11.6290 11.8698 0.0880
12.0859 11.6290 11.8712 0.0868
12.0859 11.6290 11.8712 0.0868
12.0859 11.6290 11.8713 0.0868
12.0859 11.6290 11.8713 0.0868
12.0859 11.6290 11.8717 0.0869
12.0859 11.6290 11.8741 0.0835
12.0859 11.6290 11.8748 0.0833
12.0859 11.6290 11.8748 0.0833
12.0859 11.6290 11.8748 0.0833
12.0859 11.6290 11.8748 0.0833
12.0859 11.6290 11.8748 0.0833
12.0859 11.6290 11.8748 0.0833
12.0859 11.6290 11.8748 0.0833
12.0859 11.6290 11.8748 0.0833
12.0859 11.6290 11.8748 0.0833
12.0859 11.6290 11.8748 0.0833
12.0859 11.6290 11.8748 0.0833
12.0859 11.6290 11.8748 0.0833
12.0859 11.6290 11.8748 0.0833
12.0859 11.6290 11.8748 0.0833
12.0859 11.6290 11.8748 0.0833
12.0859 11.6290 11.8758 0.0839
12.0859 11.6290 11.8758 0.0839
12.0859 11.6290 11.8758 0.0839
12.0859 11.6290 11.8758 0.0839
12.0957 11.6290 11.8785 0.0866
12.0957 11.6290 11.8785 0.0866
12.0957 11.6290 11.8785 0.0866
12.0957 11.6290 11.8785 0.0866
12.0957 11.6290 11.8785 0.0866
12.0957 11.6290 11.8796 0.0871
12.0957 11.6290 11.8796 0.0871
12.0957 11.6290 11.8796 0.0871
12.0957 11.6290 11.8796 0.0871
12.0957 11.6290 11.8796 0.0871
12.0957 11.6290 11.8801 0.0872
12.0957 11.6290 11.8801 0.0872
12.0957 11.6290 11.8805 0.0872
12.0957 11.6290 11.8805 0.0872
12.0957 11.6290 11.8805 0.0872
12.0957 11.6290 11.8805 0.0872
12.0957 11.6290 11.8805 0.0872
12.0957 11.6290 11.8805 0.0872
12.0957 11.6290 11.8805 0.0872
12.0957 11.6290 11.8805 0.0872
12.0957 11.6290 11.8837 0.0842
12.0957 11.6290 11.8837 0.0842
12.1140 11.6290 11.8852 0.0869
12.1140 11.6290 11.8852 0.0869
12.1140 11.6290 11.8861 0.0871
12.1140 11.6290 11.8861 0.0871
12.1140 11.6290 11.8861 0.0871
12.1140 11.6290 11.8861 0.0871
12.1140 11.6290 11.8866 0.0870
12.1140 11.6290 11.8866 0.0870
12.1140 11.6290 11.8876 0.0860
12.1140 11.6290 11.8876 0.0860
12.1140 11.6290 11.8876 0.0860
12.1140 11.6290 11.8876 0.0860
12.1140 11.6290 11.8876 0.0860
12.1140 11.6290 11.8876 0.0860
12.1140 11.6290 11.8876 0.0860
12.1140 11.6290 11.8876 0.0860
12.1140 11.6290 11.8876 0.0860
12.1140 11.6290 11.8876 0.0860
12.1140 11.6290 11.8886 0.0858
12.1140 11.6290 11.8891 0.0858
12.1140 11.6290 11.8891 0.0858
12.1140 11.6290 11.8891 0.0858
12.1140 11.6290 11.8895 0.0858
12.1140 11.6290 11.8903 0.0860
12.1140 11.6290 11.8903 0.0860
12.1140 11.6290 11.8906 0.0860
12.1140 11.6290 11.8912 0.0863
12.1140 11.6290 11.8912 0.0863
12.1140 11.6290 11.8919 0.0859
12.1140 11.6290 11.8919 0.0859
12.1140 11.6290 11.8919 0.0859
12.1140 11.6290 11.8919 0.0859
12.1140 11.6290 11.8919 0.0859
12.1140 11.6290 11.8919 0.0859
12.1140 11.6290 11.8919 0.0859
12.1140 11.6290 11.8919 0.0859
12.1140 11.6290 11.8919 0.0859
12.1140 11.6290 11.8919 0.0859
12.1140 11.6290 11.8931 0.0855
12.1140 11.6290 11.8937 0.0859
12.1140 11.6290 11.8942 0.0861
12.1140 11.6290 11.8942 0.0861
12.1140 11.6290 11.8942 0.0861
12.1140 11.6290 11.8942 0.0861
12.1140 11.6290 11.8945 0.0863
12.1140 11.6290 11.8951 0.0867
12.1140 11.6290 11.8954 0.0867
12.1140 11.6290 11.8954 0.0867
12.1140 11.6290 11.8954 0.0867
12.1140 11.6290 11.8954 0.0867
12.1140 11.6290 11.8963 0.0862
12.1140 11.6290 11.8963 0.0862
12.1140 11.6290 11.8966 0.0862
12.1140 11.6290 11.8966 0.0862
12.1140 11.6290 11.8967 0.0862
12.1140 11.6290 11.8968 0.0862
12.1140 11.6290 11.8982 0.0861
12.1140 11.6290 11.8982 0.0861
12.1140 11.6290 11.8992 0.0863
12.1140 11.6290 11.8992 0.0863
12.1140 11.6290 11.8992 0.0863
12.1140 11.6290 11.8992 0.0863
12.1140 11.6290 11.8992 0.0863
12.1140 11.6290 11.8992 0.0863
12.1140 11.6290 11.8992 0.0863
12.1140 11.6290 11.8992 0.0863
12.1140 11.6290 11.8992 0.0863
12.1140 11.6290 11.8992 0.0863
12.1140 11.6290 11.8996 0.0861
12.1140 11.6290 11.8996 0.0861
12.1140 11.6290 11.8996 0.0861
12.1140 11.6290 11.9009 0.0871
12.1140 11.6290 11.9009 0.0871
12.1140 11.6290 11.9009 0.0871
12.1140 11.6290 11.9010 0.0870
12.1140 11.6290 11.9010 0.0870
12.1140 11.6290 11.9013 0.0870
12.1140 11.6290 11.9013 0.0870
12.1140 11.6290 11.9013 0.0870
12.1140 11.6290 11.9013 0.0870
12.1140 11.6290 11.9013 0.0870
12.1140 11.6290 11.9013 0.0870
12.1140 11.6290 11.9013 0.0870
12.1140 11.6290 11.9013 0.0870
12.1140 11.6290 11.9017 0.0875
12.1140 11.6290 11.9017 0.0875
12.1140 11.6290 11.9017 0.0875
12.1140 11.6290 11.9019 0.0878
12.1140 11.6290 11.9019 0.0878
12.1140 11.6290 11.9021 0.0880
12.1140 11.6290 11.9021 0.0880
12.1140 11.6290 11.9021 0.0880
12.1140 11.6637 11.9040 0.0840
12.1140 11.6637 11.9040 0.0840
12.1140 11.6637 11.9040 0.0840
12.1140 11.6637 11.9040 0.0840
12.1140 11.6637 11.9040 0.0840
12.1140 11.6637 11.9041 0.0841
12.1140 11.6637 11.9041 0.0841
12.1140 11.6637 11.9041 0.0841
12.1140 11.6637 11.9070 0.0854
12.1140 11.6637 11.9072 0.0851
12.1140 11.6637 11.9072 0.0851
12.1140 11.6637 11.9077 0.0854
12.1140 11.6637 11.9077 0.0854
12.1140 11.6637 11.9077 0.0854
12.1140 11.6637 11.9077 0.0854
12.1140 11.6637 11.9079 0.0855
12.1140 11.6637 11.9084 0.0847
12.1140 11.6637 11.9084 0.0847
12.1140 11.6637 11.9100 0.0846
12.1140 11.6637 11.9100 0.0846
12.1140 11.6637 11.9100 0.0846
12.1140 11.6637 11.9100 0.0846
12.1140 11.6637 11.9100 0.0846
12.1140 11.6637 11.9100 0.0846
12.1140 11.7463 11.9112 0.0818
12.1140 11.7463 11.9112 0.0818
12.1140 11.7463 11.9114 0.0815
12.1140 11.7463 11.9114 0.0815
12.1140 11.7463 11.9120 0.0824
12.1140 11.7463 11.9120 0.0824
12.1140 11.7463 11.9120 0.0824
12.1140 11.7463 11.9120 0.0824
12.1140 11.7463 11.9122 0.0823
12.1140 11.7463 11.9145 0.0843
12.1140 11.7463 11.9145 0.0843
12.1140 11.7463 11.9145 0.0843
12.1140 11.7463 11.9146 0.0842
12.1140 11.7463 11.9156 0.0829
12.1140 11.7463 11.9156 0.0829
12.1140 11.7463 11.9156 0.0829
12.1140 11.7463 11.9168 0.0829
12.1140 11.7463 11.9184 0.0825
12.1140 11.7463 11.9186 0.0826
12.1140 11.7463 11.9190 0.0824
12.1140 11.7463 11.9190 0.0824
12.1140 11.7463 11.9190 0.0824
12.1140 11.7463 11.9190 0.0824
12.1140 11.7463 11.9190 0.0824
12.1140 11.7463 11.9190 0.0824
12.1140 11.7463 11.9190 0.0824
12.1140 11.7463 11.9190 0.0824
12.1140 11.7463 11.9190 0.0824
12.1140 11.7463 11.9204 0.0824
12.1140 11.7463 11.9204 0.0824
12.1140 11.7463 11.9219 0.0816
12.1140 11.7463 11.9219 0.0816
12.1140 11.7463 11.9219 0.0816
12.1140 11.7463 11.9219 0.0816
12.1140 11.7463 11.9219 0.0816
12.1140 11.7463 11.9225 0.0818
12.1140 11.7463 11.9225 0.0818
12.1140 11.7463 11.9225 0.0818
12.1140 11.7463 11.9230 0.0812
12.1140 11.7463 11.9230 0.0812
12.1140 11.7463 11.9230 0.0812
12.1140 11.7463 11.9230 0.0812
12.1140 11.7463 11.9230 0.0812
12.1140 11.7463 11.9230 0.0812
12.1140 11.7463 11.9230 0.0812
12.1140 11.7545 11.9253 0.0795
12.1140 11.7545 11.9253 0.0795
12.1140 11.7545 11.9253 0.0795
12.1140 11.7545 11.9253 0.0795
12.1140 11.7545 11.9253 0.0795
12.1140 11.7545 11.9253 0.0795
12.1140 11.7545 11.9253 0.0795
12.1140 11.7545 11.9255 0.0795
12.1140 11.7545 11.9255 0.0795
12.1140 11.7545 11.9271 0.0811
12.1140 11.7545 11.9271 0.0811
12.1140 11.7545 11.9271 0.0811
12.1140 11.7545 11.9271 0.0811
12.1140 11.7545 11.9271 0.0811
12.1140 11.7545 11.9272 0.0813
12.1140 11.7545 11.9279 0.0805
12.1140 11.7545 11.9279 0.0805
12.1140 11.7545 11.9279 0.0805
12.1140 11.7545 11.9279 0.0805
12.1140 11.7545 11.9279 0.0805
12.1140 11.7545 11.9279 0.0805
12.1140 11.7545 11.9283 0.0801
12.1140 11.7545 11.9283 0.0801
12.1140 11.7545 11.9284 0.0800
12.1140 11.7545 11.9284 0.0800
12.1140 11.7545 11.9284 0.0800
12.1140 11.7545 11.9284 0.0800
12.1140 11.7545 11.9296 0.0818
12.1140 11.7545 11.9296 0.0818
12.1140 11.7545 11.9296 0.0818
12.1140 11.7545 11.9302 0.0820
12.1140 11.7545 11.9302 0.0820
12.1140 11.7545 11.9302 0.0820
12.1140 11.7545 11.9302 0.0820
12.1140 11.7545 11.9302 0.0820
12.1140 11.7545 11.9302 0.0820
12.1140 11.7545 11.9305 0.0817
12.1140 11.7545 11.9305 0.0817
12.1140 11.7545 11.9305 0.0817
12.1140 11.7545 11.9319 0.0834
12.1140 11.7545 11.9319 0.0834
12.1140 11.7545 11.9319 0.0834
12.1140 11.7545 11.9319 0.0834
12.1140 11.7545 11.9333 0.0848
12.1140 11.7545 11.9333 0.0848
12.1140 11.7545 11.9349 0.0866
12.1140 11.7545 11.9360 0.0865
12.1140 11.7545 11.9360 0.0865
12.1140 11.7545 11.9381 0.0874
12.1140 11.7545 11.9381 0.0874
12.1140 11.7545 11.9388 0.0875
12.1140 11.7545 11.9388 0.0875
12.1140 11.7545 11.9400 0.0872
12.1140 11.7545 11.9400 0.0872
12.1140 11.7545 11.9400 0.0872
12.1140 11.7545 11.9400 0.0872
12.1140 11.7545 11.9400 0.0872
12.1140 11.7545 11.9413 0.0855
12.1140 11.7545 11.9420 0.0864
12.1140 11.7545 11.9420 0.0864
12.1140 11.7545 11.9426 0.0860
12.1140 11.7545 11.9426 0.0860
12.1140 11.7545 11.9430 0.0860
12.1140 11.7545 11.9430 0.0860
12.1140 11.7545 11.9430 0.0860
12.1140 11.7545 11.9430 0.0860
12.1140 11.7545 11.9430 0.0860
12.1140 11.7545 11.9430 0.0860
12.1140 11.7545 11.9432 0.0858
12.1140 11.7545 11.9432 0.0858
12.1140 11.7545 11.9455 0.0868
12.1140 11.7545 11.9455 0.0868
12.1140 11.7545 11.9455 0.0868
12.1140 11.7545 11.9459 0.0866
12.1140 11.7545 11.9471 0.0863
12.1140 11.7545 11.9471 0.0863
12.1140 11.7545 11.9471 0.0863
12.1140 11.7545 11.9471 0.0863
12.1140 11.7545 11.9472 0.0863
12.1140 11.7545 11.9472 0.0863
12.1140 11.7545 11.9472 0.0863
12.1140 11.7545 11.9472 0.0863
12.1140 11.7545 11.9472 0.0863
12.1140 11.7545 11.9489 0.0875
12.1140 11.7545 11.9489 0.0875
12.1140 11.7545 11.9489 0.0875
12.1140 11.7545 11.9489 0.0875
12.1140 11.7545 11.9491 0.0874
12.1140 11.7545 11.9493 0.0874
12.1140 11.7545 11.9506 0.0874
12.1140 11.7545 11.9506 0.0874
12.1140 11.7545 11.9506 0.0874
12.1140 11.7545 11.9506 0.0874
12.1140 11.7545 11.9506 0.0874
12.1140 11.7545 11.9506 0.0874
12.1140 11.7545 11.9506 0.0874
12.1140 11.7545 11.9515 0.0880
12.1140 11.7545 11.9515 0.0880
12.1140 11.7545 11.9524 0.0878
12.1140 11.7545 11.9524 0.0878
12.1140 11.7545 11.9524 0.0878
12.1140 11.7545 11.9524 0.0878
12.1140 11.7545 11.9546 0.0884
12.1140 11.7545 11.9546 0.0884
12.1140 11.7545 11.9547 0.0884
12.1140 11.7545 11.9547 0.0884
12.1140 11.7545 11.9547 0.0884
12.1140 11.7545 11.9547 0.0884
12.1140 11.7545 11.9547 0.0884
12.1140 11.7545 11.9547 0.0884
12.1140 11.7545 11.9555 0.0880
12.1140 11.7545 11.9555 0.0880
12.1140 11.7545 11.9555 0.0880
12.1140 11.7545 11.9555 0.0880
12.1140 11.7545 11.9555 0.0880
12.1140 11.7545 11.9555 0.0880
12.1140 11.7545 11.9555 0.0880
12.1140 11.7545 11.9555 0.0880
12.1140 11.7545 11.9555 0.0880
12.1140 11.7545 11.9566 0.0889
12.1140 11.7545 11.9566 0.0889
12.1140 11.7545 11.9566 0.0889
12.1140 11.7545 11.9579 0.0902
12.1140 11.7545 11.9579 0.0902
12.1140 11.7545 11.9582 0.0899
12.1140 11.7545 11.9594 0.0895
12.1140 11.7545 11.9594 0.0895
12.1140 11.7545 11.9607 0.0903
12.1140 11.7545 11.9625 0.0889
12.1140 11.7545 11.9647 0.0892
12.1140 11.7545 11.9655 0.0881
12.1140 11.7545 11.9655 0.0881
12.1140 11.7545 11.9655 0.0881
12.1140 11.7545 11.9655 0.0881
12.1140 11.7545 11.9684 0.0877
12.1140 11.7545 11.9684 0.0877
12.1140 11.7545 11.9684 0.0877
12.1140 11.7545 11.9690 0.0876
12.1140 11.7545 11.9690 0.0876
12.1140 11.7545 11.9690 0.0876
12.1140 11.7545 11.9690 0.0876
12.1140 11.7545 11.9690 0.0876
12.1140 11.7545 11.9696 0.0877
12.1140 11.7545 11.9716 0.0880
12.1140 11.7545 11.9721 0.0879
12.1140 11.7545 11.9732 0.0887
12.1484 11.7545 11.9748 0.0904
12.1484 11.7545 11.9748 0.0904
12.1484 11.7545 11.9748 0.0904
12.1484 11.7545 11.9748 0.0904
12.1484 11.7545 11.9766 0.0920
12.1484 11.7545 11.9766 0.0920
12.1484 11.7545 11.9766 0.0920
12.1484 11.7545 11.9766 0.0920
12.1484 11.7545 11.9766 0.0920
12.1484 11.7545 11.9767 0.0921
12.1484 11.7545 11.9767 0.0921
12.1484 11.7545 11.9767 0.0921
12.1484 11.7545 11.9779 0.0928
12.1484 11.7545 11.9779 0.0928
12.1484 11.7545 11.9779 0.0928
12.1484 11.7545 11.9781 0.0928
12.1484 11.7545 11.9781 0.0928
12.1484 11.7545 11.9781 0.0928
12.1484 11.7545 11.9781 0.0928
12.1484 11.7545 11.9781 0.0928
12.1484 11.7545 11.9781 0.0928
12.1484 11.7545 11.9781 0.0928
12.1484 11.7545 11.9781 0.0928
12.1484 11.7545 11.9781 0.0928
12.1484 11.7545 11.9781 0.0928
12.1484 11.7545 11.9789 0.0923
12.1484 11.7545 11.9789 0.0923
12.1484 11.7545 11.9789 0.0923
12.1484 11.7545 11.9789 0.0923
12.1484 11.7545 11.9810 0.0926
12.1484 11.7545 11.9810 0.0926
12.1484 11.7545 11.9823 0.0936
12.2531 11.7545 11.9851 0.0974
12.2531 11.7545 11.9851 0.0974
12.2531 11.7545 11.9851 0.0974
12.2531 11.7545 11.9874 0.0977
12.2531 11.7545 11.9874 0.0977
12.2531 11.7545 11.9874 0.0977
12.2531 11.7545 11.9874 0.0977
12.2531 11.7545 11.9874 0.0977
12.2531 11.7545 11.9885 0.0968
12.2531 11.7545 11.9908 0.0970
12.2531 11.7545 11.9908 0.0970
12.2531 11.7545 11.9908 0.0970
12.2531 11.7545 11.9937 0.0942
12.2531 11.7545 11.9937 0.0942
12.2531 11.7545 11.9937 0.0942
12.2531 11.7545 11.9937 0.0942
12.2531 11.7545 11.9937 0.0942
12.2531 11.7545 11.9951 0.0941
12.2531 11.7545 11.9958 0.0942
12.2531 11.7545 11.9958 0.0942
12.2531 11.7545 11.9962 0.0938
12.2531 11.7545 11.9962 0.0938
12.2531 11.7545 11.9979 0.0919
12.2531 11.7545 11.9979 0.0919
12.2531 11.7545 11.9979 0.0919
12.2531 11.7545 11.9989 0.0931
12.2531 11.7545 12.0008 0.0935
12.2531 11.7545 12.0008 0.0935
12.2531 11.7545 12.0008 0.0935
12.2531 11.7545 12.0014 0.0932
12.2531 11.7545 12.0038 0.0965
12.2531 11.7545 12.0038 0.0965
12.2531 11.7545 12.0038 0.0965
12.2531 11.7545 12.0038 0.0965
12.2531 11.7545 12.0038 0.0965
12.2531 11.7545 12.0048 0.0956
12.2531 11.7545 12.0050 0.0955
12.2531 11.7545 12.0062 0.0944
12.2531 11.7545 12.0067 0.0949
12.2531 11.7545 12.0067 0.0949
12.2531 11.7545 12.0067 0.0949
12.2531 11.7545 12.0067 0.0949
12.2531 11.7545 12.0067 0.0949
12.2531 11.7545 12.0067 0.0949
12.2531 11.7545 12.0067 0.0949
12.2531 11.7545 12.0067 0.0949
12.2531 11.7545 12.0070 0.0951
12.2531 11.7545 12.0070 0.0951
12.2531 11.7545 12.0070 0.0951
12.2531 11.7545 12.0098 0.0981
12.2531 11.7545 12.0098 0.0981
12.2531 11.7545 12.0118 0.0978
12.2531 11.7545 12.0127 0.0997
12.2531 11.7545 12.0144 0.0998
12.2531 11.7545 12.0152 0.0998
12.2564 11.7545 12.0188 0.1018
12.2564 11.7545 12.0188 0.1018
12.2564 11.7545 12.0211 0.1010
12.2564 11.7545 12.0233 0.1005
12.2564 11.7545 12.0233 0.1005
12.2564 11.7545 12.0233 0.1005
12.2564 11.7545 12.0233 0.1005
12.2564 11.7545 12.0233 0.1005
12.2564 11.7545 12.0233 0.1005
12.2564 11.7545 12.0237 0.1008
12.2564 11.7545 12.0237 0.1008
12.2564 11.7545 12.0237 0.1008
12.2564 11.7545 12.0249 0.1009
12.2564 11.7545 12.0278 0.0994
12.2564 11.7545 12.0294 0.0991
12.2564 11.7545 12.0294 0.0991
12.2564 11.7545 12.0298 0.0986
12.2564 11.7545 12.0313 0.0986
12.2564 11.7545 12.0313 0.0986
12.2564 11.7545 12.0314 0.0986
12.2564 11.7545 12.0314 0.0986
12.2564 11.7545 12.0320 0.0985
12.2564 11.7545 12.0320 0.0985
12.2564 11.7545 12.0327 0.0984
12.2564 11.7545 12.0327 0.0984
12.2564 11.7545 12.0327 0.0984
12.2564 11.7545 12.0327 0.0984
12.2564 11.7545 12.0327 0.0984
12.2564 11.7545 12.0327 0.0984
12.2564 11.7545 12.0327 0.0984
12.2564 11.7545 12.0327 0.0984
12.2564 11.7545 12.0344 0.0970
12.2564 11.7545 12.0344 0.0970
12.2564 11.7545 12.0351 0.0969
12.2564 11.7545 12.0351 0.0969
12.2564 11.7545 12.0351 0.0969
12.2564 11.7545 12.0351 0.0969
12.2564 11.7545 12.0353 0.0970
12.2564 11.7545 12.0353 0.0970
12.2564 11.7545 12.0353 0.0970
12.2564 11.7545 12.0353 0.0970
12.2564 11.7545 12.0353 0.0970
12.2564 11.7545 12.0353 0.0970
12.2564 11.7545 12.0353 0.0970
12.2564 11.7545 12.0353 0.0970
12.2564 11.7545 12.0364 0.0957
12.2564 11.7545 12.0364 0.0957
12.2564 11.7545 12.0393 0.0965
12.2564 11.7545 12.0393 0.0965
12.2564 11.7545 12.0393 0.0965
12.2564 11.7545 12.0408 0.0965
12.2564 11.7545 12.0408 0.0965
12.2564 11.7545 12.0408 0.0965
12.2564 11.7545 12.0421 0.0966
12.2564 11.7545 12.0426 0.0967
12.2564 11.7545 12.0426 0.0967
12.2564 11.7545 12.0426 0.0967
12.3289 11.7545 12.0449 0.1007
12.3289 11.7545 12.0449 0.1007
12.3289 11.7545 12.0449 0.1007
12.3289 11.7545 12.0492 0.1048
12.3289 11.7545 12.0494 0.1048
12.3289 11.7545 12.0495 0.1047
12.3289 11.7545 12.0517 0.1032
12.3289 11.7545 12.0551 0.1036
12.3289 11.7545 12.0562 0.1034
12.3289 11.7545 12.0562 0.1034
12.3289 11.7545 12.0581 0.1023
12.3289 11.7545 12.0593 0.1007
12.3289 11.7545 12.0593 0.1007
12.3289 11.7545 12.0593 0.1007
12.3289 11.7545 12.0615 0.1014
12.3289 11.7545 12.0616 0.1013
12.3289 11.7545 12.0616 0.1013
12.3289 11.7545 12.0616 0.1013
12.3289 11.7545 12.0617 0.1014
12.3289 11.7545 12.0620 0.1013
12.3289 11.7545 12.0640 0.1017
12.3289 11.7545 12.0640 0.1017
12.3289 11.7545 12.0640 0.1017
12.3289 11.7545 12.0640 0.1017
12.3289 11.7545 12.0652 0.1012
12.3289 11.7545 12.0652 0.1012
12.3289 11.7545 12.0652 0.1012
12.3289 11.7545 12.0663 0.1009
12.3289 11.7545 12.0663 0.1009
12.3289 11.7545 12.0663 0.1009
12.3289 11.7545 12.0663 0.1009
12.3289 11.7545 12.0663 0.1009
12.3289 11.7545 12.0663 0.1009
12.3289 11.7545 12.0664 0.1010
12.3289 11.7545 12.0664 0.1010
12.3289 11.7545 12.0664 0.1010
12.3289 11.7545 12.0664 0.1010
12.3289 11.7545 12.0698 0.1039
12.3289 11.7545 12.0698 0.1039
12.3289 11.7545 12.0698 0.1039
12.3289 11.7545 12.0698 0.1039
12.3289 11.7545 12.0698 0.1039
12.3289 11.7545 12.0698 0.1039
12.3289 11.7545 12.0698 0.1039
12.3289 11.7545 12.0698 0.1039
12.3289 11.7545 12.0699 0.1040
12.4755 11.7545 12.0740 0.1115
12.4755 11.7545 12.0740 0.1115
12.4755 11.7545 12.0743 0.1116
12.4755 11.7545 12.0743 0.1116
12.4755 11.7545 12.0743 0.1116
12.4755 11.7545 12.0743 0.1116
12.4755 11.7545 12.0743 0.1116
12.4755 11.7545 12.0743 0.1116
12.4755 11.7545 12.0743 0.1116
12.4755 11.7545 12.0743 0.1115
12.4755 11.7545 12.0747 0.1116
12.4755 11.7545 12.0757 0.1128
12.4755 11.7545 12.0757 0.1128
12.4755 11.7545 12.0757 0.1128
12.4755 11.7545 12.0757 0.1128
12.4755 11.7545 12.0757 0.1128
12.4755 11.7545 12.0771 0.1123
12.4755 11.7545 12.0771 0.1123
12.4755 11.7545 12.0771 0.1123
12.4755 11.7545 12.0785 0.1116
12.4755 11.7545 12.0785 0.1116
12.4755 11.7545 12.0785 0.1116
12.4755 11.7545 12.0785 0.1116
12.4755 11.7545 12.0791 0.1108
12.4755 11.7545 12.0802 0.1106
12.4755 11.7545 12.0802 0.1106
12.4755 11.7545 12.0816 0.1120
12.4755 11.8688 12.0852 0.1071
12.4755 11.8688 12.0852 0.1071
12.4755 11.8688 12.0852 0.1071
12.4755 11.8688 12.0852 0.1071
12.4755 11.8688 12.0852 0.1071
12.4755 11.8688 12.0866 0.1083
12.4755 11.8688 12.0866 0.1083
12.4755 11.8688 12.0881 0.1094
12.4755 11.8688 12.0881 0.1094
12.4755 11.8688 12.0889 0.1094
12.4755 11.8688 12.0889 0.1094
12.4755 11.8688 12.0889 0.1094
12.4755 11.8688 12.0901 0.1127
12.4755 11.8688 12.0901 0.1127
12.4755 11.8688 12.0901 0.1126
12.4755 11.8688 12.0923 0.1107
12.4755 11.8688 12.0923 0.1107
12.4755 11.8688 12.0923 0.1107
12.4755 11.8688 12.0923 0.1107
12.4755 11.8688 12.0923 0.1107
12.4755 11.8688 12.0923 0.1107
12.4755 11.8688 12.0923 0.1107
12.4755 11.8688 12.0923 0.1107
12.4755 11.8688 12.0923 0.1107
12.4755 11.8688 12.0923 0.1107
12.4755 11.8688 12.0945 0.1085
12.4755 11.8877 12.0969 0.1061
12.4755 11.8877 12.0969 0.1061
12.4755 11.8877 12.0969 0.1061
12.4755 11.8877 12.0969 0.1061
12.4755 11.8877 12.0995 0.1065
12.4755 11.8877 12.1032 0.1120
12.4755 11.8877 12.1044 0.1112
12.4755 11.8877 12.1044 0.1112
12.4755 11.8877 12.1047 0.1112
12.4755 11.8877 12.1047 0.1112
12.4755 11.8877 12.1047 0.1112
12.4755 11.8877 12.1071 0.1136
12.4755 11.8877 12.1071 0.1136
12.4755 11.8877 12.1077 0.1134
12.4755 11.8877 12.1077 0.1134
12.4755 11.8877 12.1077 0.1134
12.4755 11.8877 12.1114 0.1187
12.4755 11.8877 12.1121 0.1185
12.4755 11.8877 12.1121 0.1185
12.4755 11.8877 12.1121 0.1185
12.4755 11.8877 12.1121 0.1185
12.4755 11.8877 12.1121 0.1185
12.4755 11.8877 12.1121 0.1185
12.4755 11.8877 12.1152 0.1169
12.4755 11.8877 12.1163 0.1172
12.4755 11.8877 12.1163 0.1172
12.4755 11.8877 12.1163 0.1172
12.4755 11.8877 12.1171 0.1170
12.4755 11.8877 12.1171 0.1170
12.4755 11.8877 12.1171 0.1170
12.4755 11.8877 12.1171 0.1170
12.4755 11.8877 12.1192 0.1152
12.4755 11.8877 12.1192 0.1152
12.4755 11.8877 12.1192 0.1152
12.4755 11.8877 12.1218 0.1151
12.4755 11.8877 12.1232 0.1159
12.4755 11.8877 12.1243 0.1150
12.4755 11.8877 12.1243 0.1150
12.4755 11.8877 12.1255 0.1140
12.4755 11.8877 12.1257 0.1140
12.4755 11.8877 12.1272 0.1148
12.4755 11.8877 12.1272 0.1148
12.4755 11.8877 12.1272 0.1148
12.4755 11.8877 12.1272 0.1148
12.4755 11.8877 12.1275 0.1147
12.4755 11.8877 12.1275 0.1147
12.4755 11.8877 12.1275 0.1147
12.4755 11.8877 12.1275 0.1147
12.4755 11.9180 12.1288 0.1127
12.4755 11.9180 12.1288 0.1127
12.4755 11.9180 12.1327 0.1169
12.4755 11.9180 12.1337 0.1172
12.4755 11.9180 12.1337 0.1172
12.4755 11.9180 12.1337 0.1172
12.4755 11.9180 12.1337 0.1172
12.4755 11.9180 12.1337 0.1172
12.4755 11.9180 12.1375 0.1175
12.4755 11.9180 12.1375 0.1175
12.4755 11.9180 12.1384 0.1167
12.4755 11.9180 12.1384 0.1167
12.4755 11.9180 12.1384 0.1167
12.4755 11.9180 12.1384 0.1167
12.4755 11.9180 12.1384 0.1167
12.4755 11.9180 12.1389 0.1167
12.4755 11.9180 12.1392 0.1166
12.4755 11.9180 12.1399 0.1168
12.4755 11.9180 12.1399 0.1168
12.4755 11.9180 12.1399 0.1168
12.4755 11.9180 12.1399 0.1168
12.4755 11.9180 12.1399 0.1168
12.4755 11.9180 12.1400 0.1168
12.4755 11.9180 12.1400 0.1168
12.4755 11.9180 12.1400 0.1168
12.4755 11.9180 12.1412 0.1157
12.4755 11.9180 12.1412 0.1157
12.4755 11.9180 12.1412 0.1157
12.4755 11.9180 12.1412 0.1157
12.4755 11.9180 12.1412 0.1157
12.4755 11.9180 12.1414 0.1157
12.4755 11.9180 12.1414 0.1157
12.4755 11.9180 12.1440 0.1202
12.4755 11.9180 12.1440 0.1202
12.4755 11.9180 12.1440 0.1202
12.4755 11.9180 12.1445 0.1205
12.4755 11.9180 12.1445 0.1205
12.4755 11.9180 12.1466 0.1219
12.4755 11.9180 12.1476 0.1217
12.4755 11.9180 12.1485 0.1236
12.4755 11.9180 12.1485 0.1236
12.4755 11.9180 12.1485 0.1236
12.4755 11.9180 12.1487 0.1236
12.4755 11.9180 12.1492 0.1239
12.4755 11.9180 12.1494 0.1238
12.4755 11.9180 12.1494 0.1238
12.4755 11.9180 12.1528 0.1276
12.4755 11.9180 12.1548 0.1288
12.4755 11.9180 12.1548 0.1288
12.4755 11.9180 12.1558 0.1278
12.4755 11.9180 12.1597 0.1307
12.4755 11.9180 12.1597 0.1307
12.4755 11.9180 12.1597 0.1307
12.4755 11.9180 12.1598 0.1308
12.4755 11.9180 12.1598 0.1308
12.4755 11.9180 12.1598 0.1308
12.4755 11.9180 12.1601 0.1307
12.4755 11.9180 12.1601 0.1307
12.4755 11.9180 12.1601 0.1307
12.4755 11.9180 12.1601 0.1307
12.4755 11.9180 12.1638 0.1339
12.4755 11.9180 12.1639 0.1338
12.4755 11.9180 12.1639 0.1338
12.4755 11.9180 12.1665 0.1328
12.4755 11.9180 12.1673 0.1335
12.4755 11.9180 12.1673 0.1335
12.4755 11.9180 12.1673 0.1335
12.4755 11.9180 12.1710 0.1364
12.4755 11.9180 12.1713 0.1362
12.4755 11.9180 12.1715 0.1363
12.4755 11.9180 12.1715 0.1363
12.4755 11.9180 12.1717 0.1361
12.4755 11.9180 12.1717 0.1361
12.4755 11.9180 12.1717 0.1361
12.4755 11.9180 12.1717 0.1361
12.4755 11.9180 12.1717 0.1361
12.4755 11.9180 12.1717 0.1361
12.4755 11.9180 12.1732 0.1362
12.4755 11.9180 12.1732 0.1362
12.4755 11.9180 12.1732 0.1362
12.4755 11.9180 12.1735 0.1361
12.4755 11.9180 12.1736 0.1360
12.4755 11.9180 12.1736 0.1360
12.4755 11.9180 12.1769 0.1387
12.4755 11.9180 12.1783 0.1382
12.4755 11.9180 12.1783 0.1382
12.4755 11.9180 12.1783 0.1382
12.4755 11.9180 12.1794 0.1369
12.4755 11.9180 12.1794 0.1369
12.4755 11.9180 12.1818 0.1374
12.4755 11.9180 12.1818 0.1374
12.4755 11.9180 12.1818 0.1374
12.4755 11.9180 12.1850 0.1394
12.4755 11.9180 12.1850 0.1394
12.4755 11.9180 12.1850 0.1394
12.4755 11.9180 12.1850 0.1394
12.4755 11.9180 12.1850 0.1394
12.4755 11.9180 12.1866 0.1393
12.4755 11.9180 12.1866 0.1393
12.4755 11.9218 12.1921 0.1393
12.4755 11.9218 12.1933 0.1403
12.4755 11.9218 12.1933 0.1403
12.4755 11.9218 12.1954 0.1407
12.4755 11.9218 12.1965 0.1404
12.4755 11.9218 12.1985 0.1427
12.4755 11.9218 12.1985 0.1427
12.4755 11.9218 12.1985 0.1427
12.4755 11.9218 12.2001 0.1424
12.4755 11.9218 12.2015 0.1422
12.4755 11.9218 12.2017 0.1423
12.4755 11.9218 12.2034 0.1419
12.4755 11.9218 12.2034 0.1419
12.4755 11.9218 12.2052 0.1407
12.4755 11.9218 12.2052 0.1407
12.4755 11.9218 12.2069 0.1402
12.4755 11.9218 12.2069 0.1402
12.4755 11.9218 12.2069 0.1402
12.4755 11.9218 12.2069 0.1402
12.4755 11.9218 12.2069 0.1402
12.4755 11.9218 12.2069 0.1402
12.4755 11.9218 12.2069 0.1402
12.4755 11.9218 12.2089 0.1422
12.4755 11.9218 12.2089 0.1422
12.4755 11.9218 12.2089 0.1423
12.4755 11.9218 12.2089 0.1423
12.4755 11.9218 12.2093 0.1420
12.4755 11.9218 12.2093 0.1420
12.4755 11.9218 12.2093 0.1420
12.4755 11.9218 12.2104 0.1415
12.4755 11.9218 12.2113 0.1416
12.4755 11.9218 12.2113 0.1416
12.4755 11.9218 12.2113 0.1416
12.4755 11.9218 12.2152 0.1398
12.4755 11.9218 12.2153 0.1398
12.4755 11.9218 12.2153 0.1398
12.4755 11.9218 12.2153 0.1398
12.4755 11.9218 12.2153 0.1398
12.4755 11.9218 12.2153 0.1398
12.4755 11.9218 12.2166 0.1395
12.4755 11.9218 12.2166 0.1395
12.4755 11.9218 12.2180 0.1391
12.4755 11.9218 12.2210 0.1369
12.4755 11.9218 12.2210 0.1369
12.4755 11.9218 12.2210 0.1369
12.4755 11.9218 12.2241 0.1391
12.4755 11.9218 12.2241 0.1391
12.4755 11.9218 12.2255 0.1385
12.4755 11.9218 12.2255 0.1385
12.4755 11.9218 12.2255 0.1385
12.4755 11.9218 12.2255 0.1385
12.4755 11.9218 12.2255 0.1385
12.4755 11.9218 12.2255 0.1385
12.4755 11.9218 12.2255 0.1385
12.4755 11.9218 12.2276 0.1384
12.4755 11.9218 12.2304 0.1363
12.4755 11.9218 12.2304 0.1363
12.4755 11.9218 12.2304 0.1363
12.4755 11.9218 12.2304 0.1363
12.4755 11.9218 12.2304 0.1363
12.4755 11.9218 12.2326 0.1362
12.4755 11.9218 12.2326 0.1362
12.4755 11.9218 12.2339 0.1378
12.4755 11.9218 12.2354 0.1372
12.4755 11.9218 12.2385 0.1385
12.4755 11.9218 12.2385 0.1385
12.4755 11.9218 12.2385 0.1385
12.4755 11.9218 12.2385 0.1385
12.4755 11.9218 12.2385 0.1385
12.4755 11.9218 12.2385 0.1385
12.4755 11.9218 12.2419 0.1395
12.4755 11.9218 12.2419 0.1395
12.4755 11.9218 12.2430 0.1390
12.4755 11.9218 12.2480 0.1379
12.4755 11.9218 12.2480 0.1379
12.4755 11.9218 12.2480 0.1378
12.4755 11.9218 12.2480 0.1378
12.4755 11.9218 12.2481 0.1378
12.4755 11.9218 12.2481 0.1378
12.4755 11.9218 12.2482 0.1377
12.4755 11.9218 12.2482 0.1377
12.4755 11.9218 12.2482 0.1377
12.4755 11.9218 12.2483 0.1378
12.4755 11.9218 12.2483 0.1378
12.4755 11.9218 12.2483 0.1378
12.4755 11.9218 12.2484 0.1379
12.4755 11.9218 12.2484 0.1379
12.4755 11.9218 12.2484 0.1379
12.4755 11.9218 12.2484 0.1379
12.4755 11.9218 12.2484 0.1379
12.4755 11.9218 12.2506 0.1397
12.4755 11.9218 12.2542 0.1408
12.4755 11.9218 12.2542 0.1408
12.4755 11.9218 12.2542 0.1408
12.4755 11.9218 12.2542 0.1408
12.4755 11.9218 12.2542 0.1408
12.4755 11.9218 12.2577 0.1415
12.4755 11.9218 12.2577 0.1415
12.4755 11.9218 12.2577 0.1415
12.4755 11.9218 12.2602 0.1427
12.4755 11.9218 12.2602 0.1427
12.4755 11.9218 12.2602 0.1427
12.4755 11.9218 12.2602 0.1427
12.4755 11.9218 12.2602 0.1427
12.4755 11.9218 12.2602 0.1427
12.4755 11.9218 12.2602 0.1427
12.4755 11.9218 12.2602 0.1427
12.4755 11.9218 12.2602 0.1427
12.4755 11.9218 12.2602 0.1427
12.4755 11.9218 12.2604 0.1429
12.4755 11.9218 12.2624 0.1442
12.4755 11.9218 12.2624 0.1442
12.4755 11.9218 12.2624 0.1442
12.4755 11.9218 12.2624 0.1442
12.4755 11.9218 12.2624 0.1442
12.4755 11.9218 12.2647 0.1414
12.4755 11.9218 12.2647 0.1414
12.4755 11.9218 12.2647 0.1414
12.4755 11.9218 12.2649 0.1412
12.4755 11.9218 12.2649 0.1412
12.4755 11.9218 12.2649 0.1412
12.4755 11.9218 12.2649 0.1412
12.4755 11.9218 12.2665 0.1403
12.4755 11.9218 12.2687 0.1418
12.4755 11.9218 12.2687 0.1418
12.4755 11.9218 12.2687 0.1418
12.4755 11.9218 12.2687 0.1418
12.4755 11.9218 12.2687 0.1418
12.4755 11.9218 12.2687 0.1418
12.4755 11.9218 12.2687 0.1418
12.4755 11.9218 12.2687 0.1418
12.4755 11.9218 12.2687 0.1418
12.4755 11.9218 12.2718 0.1419
12.4755 11.9218 12.2718 0.1419
12.4755 11.9218 12.2718 0.1419
12.4755 11.9218 12.2718 0.1419
12.4755 11.9218 12.2718 0.1419
12.4755 11.9218 12.2718 0.1419
12.4755 11.9218 12.2718 0.1419
12.4755 11.9218 12.2718 0.1419
12.4755 11.9218 12.2718 0.1419
12.4755 11.9218 12.2718 0.1419
12.4755 11.9218 12.2718 0.1419
12.4755 11.9218 12.2718 0.1419
12.4755 11.9218 12.2718 0.1419
12.4755 11.9218 12.2718 0.1419
12.4755 11.9218 12.2740 0.1411
12.4755 11.9218 12.2774 0.1414
12.4755 11.9218 12.2774 0.1414
12.4755 11.9218 12.2774 0.1414
12.4755 11.9218 12.2789 0.1402
12.4755 11.9218 12.2789 0.1402
12.4755 11.9218 12.2789 0.1402
12.4755 11.9218 12.2792 0.1402
12.4755 11.9218 12.2792 0.1402
12.4755 11.9218 12.2803 0.1390
12.4755 11.9218 12.2803 0.1390
12.4755 11.9218 12.2803 0.1390
12.4755 11.9218 12.2810 0.1391
12.4755 11.9218 12.2810 0.1391
12.4755 11.9218 12.2810 0.1391
12.4755 11.9218 12.2812 0.1395
12.4755 11.9218 12.2812 0.1395
12.4755 11.9218 12.2812 0.1395
12.4755 11.9218 12.2812 0.1395
12.4755 11.9218 12.2812 0.1395
12.4755 11.9218 12.2812 0.1395
12.4755 11.9218 12.2812 0.1395
12.4755 11.9218 12.2812 0.1395
12.4755 11.9218 12.2812 0.1395
12.4755 11.9218 12.2812 0.1395
12.4755 11.9218 12.2812 0.1395
12.4755 11.9218 12.2812 0.1395
12.4755 11.9218 12.2812 0.1395
12.4755 11.9218 12.2833 0.1405
12.4755 11.9218 12.2833 0.1405
12.4755 11.9218 12.2833 0.1405
12.4755 11.9218 12.2833 0.1405
12.4821 11.9218 12.2833 0.1406
12.4821 11.9218 12.2870 0.1407
12.4821 11.9218 12.2870 0.1407
12.4821 11.9218 12.2870 0.1407
12.4821 11.9218 12.2884 0.1405
12.4821 11.9218 12.2884 0.1405
12.4821 11.9218 12.2884 0.1405
12.4821 11.9218 12.2884 0.1405
12.4821 11.9218 12.2884 0.1405
12.4821 11.9218 12.2884 0.1405
12.4821 11.9218 12.2889 0.1412
12.4821 11.9218 12.2897 0.1412
12.4821 11.9218 12.2897 0.1412
12.4821 11.9218 12.2911 0.1402
12.4821 11.9218 12.2916 0.1400
12.4821 11.9218 12.2916 0.1400
12.4821 11.9218 12.2916 0.1400
12.4821 11.9218 12.2921 0.1400
12.4821 11.9218 12.2921 0.1400
12.4821 11.9218 12.2921 0.1400
12.4821 11.9218 12.2940 0.1408
12.4821 11.9218 12.2940 0.1408
12.4821 11.9218 12.2940 0.1408
12.4821 11.9218 12.2958 0.1397
12.4821 11.9218 12.2978 0.1406
12.4821 11.9218 12.2978 0.1406
12.4821 11.9218 12.2987 0.1411
12.4821 11.9218 12.2987 0.1411
12.4821 11.9218 12.2987 0.1411
12.4821 11.9218 12.2987 0.1411
12.4821 11.9218 12.2987 0.1411
12.4821 11.9218 12.2987 0.1411
12.4821 11.9218 12.2987 0.1411
12.4821 11.9218 12.2994 0.1411
12.4821 11.9218 12.2994 0.1411
12.4821 11.9218 12.3017 0.1397
12.4895 11.9218 12.3018 0.1399
12.4895 11.9218 12.3039 0.1407
12.4895 11.9218 12.3070 0.1392
12.4895 11.9218 12.3070 0.1392
12.4895 11.9218 12.3074 0.1388
12.4895 11.9218 12.3134 0.1388
12.4895 11.9218 12.3138 0.1384
12.4895 11.9218 12.3138 0.1384
12.4895 11.9218 12.3138 0.1384
12.4895 11.9218 12.3138 0.1384
12.4895 11.9218 12.3138 0.1384
12.4895 11.9218 12.3138 0.1384
12.4895 11.9218 12.3138 0.1384
12.4895 11.9218 12.3138 0.1384
12.4895 11.9218 12.3138 0.1384
12.4895 11.9218 12.3138 0.1384
12.4895 11.9218 12.3138 0.1384
12.4895 11.9218 12.3138 0.1384
12.4895 11.9218 12.3138 0.1384
12.4895 11.9218 12.3138 0.1384
12.4895 11.9218 12.3142 0.1387
12.4895 11.9218 12.3145 0.1388
12.4895 11.9218 12.3145 0.1388
12.4895 11.9218 12.3164 0.1390
12.4895 11.9218 12.3164 0.1391
12.4895 11.9218 12.3164 0.1391
12.4895 11.9218 12.3164 0.1391
12.4895 11.9218 12.3164 0.1391
12.4895 11.9218 12.3211 0.1356
12.4895 11.9218 12.3211 0.1356
12.4895 11.9218 12.3211 0.1356
12.4895 11.9218 12.3212 0.1357
12.4895 11.9218 12.3212 0.1357
12.4895 11.9218 12.3212 0.1357
12.4895 11.9218 12.3212 0.1357
12.4895 11.9218 12.3226 0.1359
12.4895 11.9218 12.3249 0.1339
12.4895 11.9218 12.3249 0.1339
12.4895 11.9218 12.3259 0.1338
12.4895 11.9218 12.3260 0.1339
12.4895 11.9218 12.3260 0.1339
12.4895 11.9218 12.3260 0.1339
12.4895 11.9218 12.3261 0.1340
12.4895 11.9218 12.3296 0.1329
12.4895 11.9218 12.3296 0.1329
12.4895 11.9218 12.3296 0.1329
12.4895 11.9218 12.3296 0.1329
12.4895 11.9218 12.3296 0.1329
12.4895 11.9218 12.3296 0.1329
12.4895 11.9218 12.3297 0.1329
12.4895 11.9218 12.3297 0.1329
12.4895 11.9218 12.3297 0.1329
12.4895 11.9218 12.3297 0.1329
12.4895 11.9218 12.3314 0.1317
12.4895 11.9218 12.3315 0.1315
12.4895 11.9218 12.3327 0.1321
12.4895 11.9218 12.3327 0.1321
12.4895 11.9832 12.3376 0.1257
12.4895 11.9832 12.3376 0.1257
12.4895 11.9832 12.3376 0.1257
12.4895 11.9832 12.3376 0.1257
12.4895 11.9832 12.3376 0.1257
12.4895 11.9832 12.3413 0.1237
12.4895 11.9832 12.3426 0.1228
12.4895 11.9832 12.3448 0.1205
12.4895 11.9832 12.3448 0.1205
12.4895 11.9832 12.3448 0.1205
12.4895 11.9832 12.3469 0.1185
12.4895 11.9832 12.3473 0.1188
12.4895 11.9832 12.3473 0.1188
12.4895 11.9832 12.3481 0.1175
12.4895 11.9832 12.3518 0.1156
12.4895 11.9832 12.3530 0.1161
12.4895 11.9832 12.3563 0.1143
12.4895 12.0957 12.3612 0.1085
12.4895 12.0957 12.3612 0.1085
12.4895 12.0957 12.3642 0.1076
12.4895 12.0957 12.3643 0.1077
12.4895 12.0957 12.3643 0.1077
12.4895 12.0957 12.3651 0.1070
12.4895 12.0957 12.3671 0.1068
12.4895 12.0957 12.3671 0.1068
12.4895 12.0957 12.3672 0.1070
12.4895 12.0957 12.3672 0.1070
12.4895 12.0957 12.3691 0.1074
12.4895 12.0957 12.3691 0.1074
12.4895 12.0957 12.3702 0.1062
12.4895 12.0957 12.3702 0.1062
12.4895 12.0957 12.3704 0.1064
12.4895 12.0957 12.3704 0.1064
12.4895 12.0995 12.3739 0.1030
12.4895 12.0995 12.3739 0.1030
12.4895 12.0995 12.3739 0.1030
12.4895 12.0995 12.3739 0.1030
12.4895 12.0995 12.3739 0.1030
12.4895 12.0995 12.3761 0.1029
12.4895 12.0995 12.3761 0.1029
12.4895 12.0995 12.3761 0.1029
12.4895 12.0995 12.3761 0.1029
12.4895 12.0995 12.3761 0.1029
12.4895 12.0995 12.3761 0.1029
12.4895 12.0995 12.3761 0.1029
12.4895 12.0995 12.3761 0.1029
12.4895 12.0995 12.3761 0.1029
12.4895 12.0995 12.3761 0.1029
12.4895 12.0995 12.3761 0.1029
12.4895 12.0995 12.3761 0.1029
12.4895 12.0995 12.3761 0.1029
12.4895 12.0995 12.3761 0.1029
12.4895 12.0995 12.3761 0.1029
12.4895 12.0995 12.3761 0.1029
12.4895 12.0995 12.3761 0.1029
12.4895 12.0995 12.3761 0.1029
12.4895 12.0995 12.3761 0.1029
12.4895 12.0995 12.3771 0.1029
12.4895 12.0995 12.3774 0.1025
12.4895 12.0995 12.3774 0.1025
12.4895 12.0995 12.3774 0.1025
12.4895 12.0995 12.3789 0.1018
12.4895 12.0995 12.3790 0.1018
12.4895 12.0995 12.3792 0.1020
12.4895 12.0995 12.3792 0.1020
12.4895 12.0995 12.3792 0.1020
12.4895 12.0995 12.3792 0.1020
12.4895 12.0995 12.3792 0.1020
12.4895 12.0995 12.3792 0.1020
12.4895 12.0995 12.3792 0.1020
12.4895 12.0995 12.3792 0.1020
12.4895 12.0995 12.3792 0.1020
12.4895 12.0995 12.3792 0.1020
12.4895 12.0995 12.3813 0.1017
12.4895 12.0995 12.3813 0.1017
12.4895 12.0995 12.3813 0.1017
12.4895 12.0995 12.3813 0.1017
12.4895 12.0995 12.3813 0.1017
12.4895 12.0995 12.3813 0.1017
12.4895 12.0995 12.3813 0.1017
12.4895 12.0995 12.3813 0.1017
12.4895 12.0995 12.3813 0.1017
12.4895 12.0995 12.3828 0.1021
12.4895 12.0995 12.3849 0.1007
12.4895 12.0995 12.3849 0.1007
12.4895 12.0995 12.3849 0.1007
12.4895 12.0995 12.3849 0.1007
12.4895 12.0995 12.3866 0.0989
12.4895 12.0995 12.3866 0.0989
12.4895 12.0995 12.3866 0.0989
12.4895 12.0995 12.3867 0.0990
12.4895 12.0995 12.3867 0.0990
12.4895 12.0995 12.3867 0.0990
12.4895 12.0995 12.3867 0.0990
12.4895 12.0995 12.3867 0.0990
12.4895 12.0995 12.3867 0.0990
12.4895 12.0995 12.3867 0.0990
12.4895 12.0995 12.3867 0.0990
12.4895 12.0995 12.3878 0.0990
12.4895 12.0995 12.3878 0.0990
12.4895 12.0995 12.3881 0.0992
12.4895 12.0995 12.3881 0.0992
12.4895 12.0995 12.3881 0.0992
12.4895 12.0995 12.3881 0.0992
12.4895 12.0995 12.3881 0.0992
12.4895 12.0995 12.3881 0.0992
12.4895 12.0995 12.3894 0.0995
12.4895 12.0995 12.3894 0.0995
12.4895 12.0995 12.3899 0.0998
12.4895 12.0995 12.3909 0.0989
12.4895 12.1140 12.3915 0.0972
12.4895 12.1140 12.3915 0.0972
12.4895 12.1140 12.3915 0.0972
12.4895 12.1140 12.3915 0.0972
12.4895 12.1140 12.3915 0.0972
12.4895 12.1140 12.3915 0.0972
12.4895 12.1140 12.3915 0.0972
12.4895 12.1140 12.3915 0.0972
12.4895 12.1140 12.3915 0.0972
12.4895 12.1140 12.3915 0.0972
12.4895 12.1140 12.3915 0.0972
12.4895 12.1140 12.3915 0.0972
12.4895 12.1140 12.3915 0.0972
12.4895 12.1140 12.3915 0.0972
12.4895 12.1140 12.3915 0.0972
12.4895 12.1140 12.3915 0.0972
12.4895 12.1140 12.3915 0.0972
12.4895 12.1140 12.3915 0.0972
12.4895 12.1140 12.3921 0.0975
12.4895 12.1140 12.3921 0.0975
12.4895 12.1140 12.3922 0.0977
12.4895 12.1140 12.3922 0.0977
12.4895 12.1140 12.3922 0.0977
12.4895 12.1140 12.3922 0.0977
12.4895 12.1140 12.3922 0.0977
12.4895 12.1140 12.3922 0.0977
12.4895 12.1140 12.3922 0.0977
12.4895 12.1140 12.3922 0.0977
12.4895 12.1140 12.3922 0.0977
12.4895 12.1140 12.3922 0.0977
12.4895 12.1140 12.3922 0.0977
12.4895 12.1140 12.3922 0.0977
12.4895 12.1140 12.3922 0.0977
12.4895 12.1140 12.3956 0.0945
12.4895 12.1140 12.3956 0.0945
12.4895 12.1140 12.3956 0.0945
12.4895 12.1140 12.3956 0.0945
12.4895 12.1140 12.3956 0.0945
12.4895 12.1140 12.3956 0.0945
12.4895 12.1140 12.3968 0.0944
12.4895 12.1140 12.3968 0.0944
12.4895 12.1140 12.3976 0.0935
12.4895 12.1140 12.3980 0.0930
12.4895 12.1140 12.3981 0.0928
12.4895 12.1140 12.3981 0.0928
12.4895 12.1140 12.3981 0.0928
12.4895 12.1140 12.3981 0.0928
12.4895 12.1140 12.3981 0.0928
12.4895 12.1140 12.3981 0.0928
12.4895 12.1140 12.3981 0.0928
12.4895 12.1140 12.3982 0.0929
12.4895 12.1140 12.3982 0.0929
12.4895 12.1140 12.3982 0.0929
12.4895 12.1140 12.3992 0.0926
12.4895 12.1140 12.3992 0.0926
12.4895 12.1140 12.4005 0.0926
12.4895 12.1140 12.4005 0.0926
12.4895 12.1140 12.4005 0.0926
12.4895 12.1140 12.4008 0.0928
12.4895 12.1140 12.4008 0.0928
12.4895 12.1140 12.4008 0.0928
12.4895 12.1140 12.4008 0.0928
12.4895 12.1140 12.4008 0.0928
12.4895 12.1140 12.4019 0.0925
12.4895 12.1140 12.4035 0.0926
12.4895 12.1140 12.4035 0.0926
12.4895 12.1140 12.4035 0.0926
12.4895 12.1140 12.4035 0.0926
12.4895 12.1140 12.4037 0.0924
12.4895 12.1140 12.4049 0.0929
12.4895 12.1140 12.4049 0.0929
12.4895 12.1140 12.4050 0.0929
12.4895 12.1140 12.4050 0.0929
12.4895 12.1140 12.4050 0.0929
12.4895 12.1140 12.4050 0.0929
12.4895 12.1140 12.4050 0.0929
12.4895 12.1140 12.4050 0.0929
12.4895 12.1140 12.4050 0.0929
12.4895 12.1140 12.4050 0.0929
12.4895 12.1140 12.4050 0.0929
12.4895 12.1140 12.4050 0.0929
12.4895 12.1140 12.4050 0.0929
12.4895 12.1140 12.4050 0.0929
12.4895 12.1140 12.4050 0.0929
12.4895 12.1140 12.4050 0.0929
12.4895 12.1140 12.4050 0.0929
12.4895 12.1140 12.4050 0.0929
12.4895 12.1140 12.4050 0.0929
12.4895 12.1140 12.4071 0.0922
12.4895 12.1140 12.4071 0.0922
12.4895 12.1140 12.4087 0.0922
12.4895 12.1140 12.4107 0.0908
12.4895 12.1140 12.4107 0.0908
12.4895 12.1140 12.4115 0.0905
12.4895 12.1140 12.4115 0.0905
12.4895 12.1140 12.4128 0.0906
12.4895 12.1140 12.4128 0.0906
12.4895 12.1140 12.4128 0.0906
12.4895 12.1140 12.4150 0.0895
12.4895 12.1140 12.4177 0.0872
12.4895 12.1140 12.4177 0.0872
12.4895 12.1140 12.4177 0.0872
12.4895 12.1140 12.4177 0.0872
12.4895 12.1140 12.4177 0.0872
12.4895 12.1140 12.4199 0.0854
12.4895 12.1140 12.4199 0.0854
12.4895 12.1140 12.4199 0.0854
12.4895 12.1140 12.4199 0.0854
12.4895 12.1140 12.4199 0.0854
12.4895 12.1140 12.4215 0.0851
12.4895 12.1140 12.4215 0.0851
12.4895 12.1140 12.4217 0.0852
12.4895 12.1140 12.4217 0.0852
12.4895 12.1140 12.4237 0.0834
12.4895 12.1140 12.4237 0.0834
12.4895 12.1140 12.4237 0.0834
12.4895 12.1140 12.4237 0.0834
12.4895 12.1140 12.4237 0.0834
12.4895 12.1606 12.4255 0.0785
12.4895 12.1606 12.4259 0.0787
12.4895 12.1606 12.4259 0.0787
12.4895 12.1606 12.4259 0.0787
12.4895 12.1606 12.4261 0.0789
12.4895 12.1606 12.4261 0.0789
12.4895 12.1606 12.4261 0.0789
12.4895 12.1606 12.4261 0.0789
12.4895 12.1606 12.4261 0.0789
12.4895 12.1606 12.4261 0.0789
12.4895 12.1606 12.4261 0.0789
12.4895 12.1606 12.4261 0.0789
12.4895 12.1606 12.4261 0.0789
12.4895 12.1606 12.4261 0.0789
12.4895 12.1606 12.4261 0.0789
12.4895 12.1606 12.4278 0.0770
12.4895 12.1606 12.4278 0.0770
12.4895 12.1606 12.4279 0.0771
12.4895 12.1606 12.4280 0.0771
12.4895 12.1606 12.4280 0.0771
12.4895 12.1606 12.4280 0.0771
12.4895 12.1606 12.4281 0.0772
12.4895 12.1606 12.4281 0.0772
12.4895 12.1606 12.4284 0.0774
12.4895 12.1606 12.4284 0.0774
12.4895 12.1606 12.4284 0.0774
12.4895 12.1606 12.4284 0.0774
12.4895 12.1606 12.4286 0.0775
12.4895 12.1606 12.4286 0.0775
12.4895 12.1606 12.4286 0.0775
12.4895 12.1606 12.4289 0.0776
12.4895 12.1606 12.4289 0.0776
