0.3645 0.0067 0.0323 0.0625
0.3645 0.0067 0.0381 0.0725
0.3645 0.0067 0.0388 0.0725
0.4221 0.0067 0.0423 0.0819
0.4221 0.0067 0.0429 0.0819
1.0241 0.0067 0.0559 0.1296
1.0241 0.0067 0.0566 0.1295
1.0241 0.0067 0.0574 0.1294
1.0241 0.0067 0.0588 0.1293
1.0241 0.0067 0.0597 0.1293
1.0241 0.0067 0.0597 0.1293
1.0241 0.0067 0.0597 0.1293
1.0241 0.0067 0.0626 0.1313
1.0241 0.0067 0.0633 0.1312
1.0241 0.0067 0.0725 0.1571
1.0241 0.0067 0.0742 0.1604
1.0241 0.0067 0.0755 0.1602
1.0241 0.0067 0.0761 0.1600
1.3340 0.0067 0.1018 0.2378
1.3340 0.0067 0.1121 0.2578
1.3340 0.0071 0.1213 0.2702
1.3340 0.0071 0.1239 0.2700
1.3340 0.0071 0.1240 0.2700
1.3340 0.0071 0.1246 0.2698
1.3340 0.0071 0.1292 0.2717
1.3340 0.0071 0.1298 0.2715
1.3340 0.0071 0.1427 0.2949
1.3340 0.0071 0.1428 0.2948
1.3340 0.0071 0.1435 0.2946
1.3340 0.0071 0.1435 0.2946
1.3340 0.0071 0.1441 0.2944
1.3340 0.0071 0.1560 0.3150
1.3340 0.0071 0.1580 0.3152
1.3340 0.0071 0.1639 0.3151
1.3340 0.0071 0.1683 0.3159
1.3340 0.0071 0.1689 0.3157
1.3340 0.0071 0.1699 0.3153
1.3340 0.0071 0.1699 0.3153
1.3340 0.0071 0.1764 0.3187
1.3340 0.0071 0.1773 0.3210
1.3340 0.0071 0.1831 0.3231
1.3340 0.0071 0.1831 0.3231
1.3340 0.0071 0.1860 0.3228
1.3340 0.0071 0.1868 0.3225
1.3340 0.0071 0.1978 0.3346
1.3340 0.0071 0.1984 0.3343
1.3340 0.0071 0.1987 0.3341
1.3340 0.0071 0.1987 0.3341
1.3340 0.0071 0.2113 0.3499
1.3893 0.0071 0.2251 0.3704
1.3893 0.0071 0.2251 0.3704
1.3893 0.0071 0.2259 0.3700
1.3893 0.0071 0.2304 0.3708
1.3893 0.0071 0.2421 0.3837
1.3893 0.0071 0.2456 0.3837
1.3893 0.0071 0.2540 0.3878
1.3893 0.0071 0.2548 0.3874
1.3893 0.0071 0.2548 0.3874
1.3893 0.0071 0.2606 0.3858
1.3893 0.0071 0.2618 0.3853
1.3893 0.0071 0.2620 0.3855
1.3893 0.0071 0.2657 0.3943
1.3893 0.0071 0.2687 0.3935
1.3893 0.0071 0.2889 0.4093
1.3893 0.0071 0.2919 0.4084
1.3893 0.0071 0.3029 0.4152
1.3893 0.0071 0.3109 0.4228
1.3893 0.0071 0.3109 0.4228
1.3893 0.0071 0.3145 0.4222
1.3893 0.0071 0.3145 0.4222
1.3893 0.0071 0.3146 0.4224
1.3893 0.0071 0.3249 0.4289
1.4559 0.0071 0.3353 0.4433
1.4559 0.0071 0.3359 0.4429
1.4559 0.0071 0.3401 0.4418
1.4559 0.0071 0.3431 0.4406
1.4559 0.0071 0.3540 0.4457
1.4559 0.0071 0.3628 0.4464
1.4559 0.0071 0.3639 0.4459
1.4559 0.0071 0.3651 0.4451
2.1353 0.0071 0.3771 0.4755
2.1353 0.0071 0.3906 0.4857
2.1353 0.0071 0.3946 0.4842
2.1353 0.0071 0.4059 0.4883
2.1353 0.0071 0.4084 0.4874
2.1353 0.0071 0.4185 0.4895
2.1353 0.0071 0.4185 0.4895
2.1353 0.0071 0.4287 0.4931
2.1353 0.0071 0.4294 0.4925
2.1353 0.0071 0.4294 0.4925
2.1353 0.0071 0.4389 0.4947
2.1353 0.0071 0.4456 0.4985
2.1353 0.0071 0.4456 0.4985
2.1353 0.0071 0.4557 0.4998
2.1353 0.0071 0.4615 0.5039
2.1353 0.0071 0.4718 0.5064
2.1353 0.0071 0.4743 0.5050
2.1353 0.0071 0.4824 0.5085
2.1353 0.0071 0.4856 0.5065
2.1353 0.0071 0.4862 0.5060
2.1353 0.0071 0.4883 0.5047
2.1353 0.0071 0.4910 0.5044
2.1353 0.0071 0.4989 0.5029
2.1353 0.0071 0.5091 0.5031
2.1353 0.0071 0.5091 0.5031
2.1353 0.0071 0.5108 0.5054
2.1353 0.0071 0.5189 0.5085
2.1353 0.0071 0.5210 0.5071
2.1353 0.0071 0.5240 0.5049
2.1353 0.0071 0.5298 0.5006
2.1353 0.0071 0.5298 0.5006
2.1353 0.0071 0.5397 0.5020
2.1353 0.0071 0.5397 0.5020
2.1353 0.0071 0.5534 0.5062
2.1353 0.0071 0.5628 0.5062
2.1353 0.0071 0.5731 0.5066
2.1353 0.0071 0.5765 0.5039
2.1353 0.0071 0.5875 0.5095
2.1353 0.0071 0.5966 0.5124
2.1353 0.0071 0.6047 0.5198
2.1353 0.0071 0.6179 0.5228
2.1353 0.0071 0.6288 0.5214
2.1353 0.0071 0.6288 0.5214
2.1353 0.0071 0.6358 0.5236
2.1353 0.0071 0.6375 0.5254
2.1353 0.0071 0.6375 0.5254
2.1353 0.0071 0.6484 0.5296
2.1353 0.0071 0.6521 0.5334
2.1353 0.0071 0.6521 0.5334
2.1353 0.0071 0.6657 0.5360
2.1353 0.0071 0.6669 0.5346
2.1353 0.0071 0.6701 0.5341
2.1353 0.0071 0.6842 0.5363
2.1353 0.0071 0.6848 0.5355
2.1353 0.0071 0.6912 0.5349
2.1353 0.0071 0.6960 0.5396
2.1353 0.0071 0.6996 0.5429
2.1353 0.0071 0.6996 0.5429
2.1353 0.0071 0.7016 0.5410
2.1353 0.0071 0.7019 0.5408
2.1353 0.0071 0.7068 0.5469
2.1353 0.0071 0.7091 0.5490
2.1353 0.0071 0.7119 0.5518
2.1353 0.0071 0.7240 0.5509
2.1353 0.0071 0.7357 0.5531
2.1353 0.0071 0.7411 0.5509
2.1353 0.0071 0.7411 0.5509
2.1353 0.0071 0.7429 0.5490
2.1353 0.0071 0.7473 0.5468
2.1353 0.0071 0.7473 0.5468
2.1353 0.0071 0.7549 0.5464
2.1353 0.0071 0.7639 0.5563
2.1353 0.0071 0.7644 0.5560
2.1353 0.0071 0.7646 0.5563
2.1353 0.0071 0.7647 0.5563
2.1353 0.0071 0.7784 0.5597
2.1353 0.0071 0.7893 0.5553
2.1353 0.0071 0.7981 0.5578
2.1353 0.0071 0.8119 0.5562
2.1353 0.0071 0.8119 0.5562
2.1353 0.0071 0.8126 0.5554
2.1353 0.0071 0.8229 0.5573
2.1353 0.0071 0.8325 0.5728
2.1353 0.0071 0.8393 0.5680
2.1353 0.0071 0.8407 0.5698
2.1353 0.0071 0.8436 0.5662
2.1353 0.0071 0.8508 0.5639
2.1353 0.0071 0.8628 0.5600
2.1353 0.0071 0.8647 0.5614
2.1353 0.0071 0.8742 0.5560
2.1353 0.0071 0.8800 0.5553
2.1353 0.0071 0.8800 0.5553
2.1353 0.0071 0.8849 0.5636
2.1353 0.0071 0.8963 0.5775
2.1353 0.0071 0.9002 0.5733
2.1353 0.0071 0.9070 0.5677
2.1353 0.0071 0.9087 0.5686
2.1353 0.0071 0.9087 0.5686
2.1353 0.0071 0.9131 0.5656
2.1353 0.0071 0.9217 0.5618
2.1353 0.0071 0.9314 0.5594
2.1353 0.0071 0.9314 0.5594
2.1353 0.0071 0.9350 0.5616
2.1353 0.0071 0.9381 0.5614
2.1353 0.0071 0.9437 0.5556
2.1706 0.0071 0.9446 0.5575
2.1706 0.0071 0.9585 0.5513
2.1706 0.0071 0.9612 0.5528
2.1706 0.0071 0.9612 0.5528
2.1706 0.0071 0.9694 0.5561
2.1706 0.0071 0.9708 0.5557
2.1706 0.0071 0.9725 0.5563
2.1706 0.0071 0.9798 0.5522
2.1706 0.0071 0.9798 0.5522
2.1706 0.0071 0.9893 0.5460
2.1706 0.0071 0.9897 0.5461
2.1706 0.0071 0.9913 0.5447
2.1706 0.0071 0.9967 0.5532
2.1706 0.0071 1.0022 0.5492
2.1706 0.0071 1.0102 0.5589
2.1706 0.0071 1.0218 0.5710
2.1706 0.0071 1.0253 0.5690
2.1706 0.0071 1.0253 0.5690
2.1706 0.0071 1.0260 0.5694
2.1706 0.0071 1.0261 0.5695
2.1706 0.0071 1.0299 0.5707
2.1706 0.0071 1.0419 0.5631
2.1706 0.0071 1.0499 0.5721
2.1706 0.0071 1.0580 0.5693
2.1706 0.0071 1.0716 0.5616
2.1706 0.0071 1.0718 0.5617
2.1706 0.0071 1.0789 0.5698
2.1706 0.0071 1.0789 0.5698
2.1706 0.0071 1.0810 0.5673
2.1706 0.0071 1.0840 0.5681
2.1706 0.0071 1.0904 0.5757
2.1706 0.0071 1.0904 0.5757
2.1706 0.0071 1.0995 0.5741
2.1706 0.0071 1.1094 0.5687
2.1706 0.0071 1.1114 0.5701
2.1706 0.0071 1.1208 0.5669
2.1706 0.0071 1.1208 0.5669
2.1706 0.0071 1.1235 0.5683
2.2009 0.0071 1.1238 0.5688
2.2009 0.0071 1.1364 0.5579
2.2009 0.0071 1.1405 0.5587
2.2009 0.0071 1.1426 0.5595
2.2360 0.0071 1.1573 0.5711
2.2360 0.0071 1.1588 0.5702
2.2360 0.0071 1.1676 0.5667
2.2360 0.0071 1.1866 0.5690
2.2360 0.0071 1.2079 0.5667
2.2360 0.0071 1.2105 0.5667
2.2360 0.0071 1.2134 0.5669
2.2360 0.0071 1.2183 0.5586
2.2360 0.0071 1.2200 0.5585
2.2360 0.0071 1.2217 0.5589
2.2360 0.0071 1.2257 0.5530
2.2360 0.0071 1.2273 0.5534
2.2360 0.0071 1.2273 0.5534
2.2360 0.0071 1.2393 0.5411
2.2360 0.0071 1.2393 0.5411
2.2360 0.0071 1.2531 0.5269
2.2360 0.0071 1.2575 0.5208
2.2360 0.0071 1.2584 0.5195
2.2360 0.0071 1.2586 0.5196
2.2360 0.0071 1.2630 0.5158
2.2360 0.0071 1.2630 0.5158
2.2360 0.0071 1.2630 0.5158
2.2360 0.0071 1.2709 0.5114
2.2360 0.0071 1.2812 0.4974
2.2360 0.0071 1.2932 0.4823
2.2360 0.0071 1.2932 0.4823
2.2360 0.0071 1.3041 0.4902
2.2360 0.0071 1.3167 0.4726
2.2360 0.0829 1.3369 0.4571
2.2360 0.0829 1.3381 0.4574
2.2360 0.0829 1.3384 0.4571
2.2360 0.0829 1.3400 0.4563
2.2360 0.0829 1.3448 0.4556
2.2360 0.0829 1.3472 0.4568
2.2360 0.0829 1.3629 0.4483
2.2360 0.0829 1.3641 0.4483
2.2360 0.0829 1.3641 0.4483
2.2360 0.0829 1.3645 0.4490
2.2360 0.0829 1.3652 0.4490
2.2360 0.0829 1.3666 0.4486
2.2360 0.0829 1.3743 0.4536
2.2360 0.0829 1.3758 0.4539
2.2360 0.0829 1.3759 0.4539
2.2360 0.0829 1.3768 0.4528
2.2360 0.0829 1.3781 0.4527
2.2360 0.0829 1.3781 0.4527
2.2360 0.0829 1.3781 0.4527
2.2360 0.0829 1.3783 0.4526
2.2360 0.0829 1.3830 0.4539
2.2360 0.0829 1.3886 0.4539
2.2360 0.0829 1.3902 0.4564
2.2360 0.0829 1.3902 0.4564
2.2360 0.0829 1.3902 0.4564
2.2360 0.0829 1.3943 0.4572
2.2360 0.0829 1.3975 0.4575
2.2360 0.0829 1.3975 0.4575
2.2360 0.0829 1.3975 0.4575
2.2360 0.0829 1.4033 0.4607
2.2360 0.0829 1.4082 0.4601
2.2360 0.0829 1.4086 0.4603
2.2360 0.0829 1.4118 0.4604
2.2360 0.0829 1.4192 0.4626
2.2360 0.3400 1.4311 0.4430
2.2360 0.3400 1.4322 0.4430
2.2360 0.3400 1.4322 0.4430
2.2360 0.3400 1.4322 0.4430
2.2360 0.3400 1.4337 0.4448
2.2360 0.3400 1.4337 0.4448
2.2360 0.3400 1.4414 0.4489
2.2360 0.3400 1.4414 0.4489
2.2360 0.3400 1.4418 0.4489
2.2360 0.3400 1.4418 0.4489
2.2360 0.3400 1.4479 0.4539
2.2360 0.3400 1.4566 0.4588
2.2360 0.3400 1.4566 0.4588
2.2360 0.3400 1.4570 0.4589
2.2360 0.3400 1.4580 0.4589
2.2360 0.3400 1.4650 0.4552
2.2360 0.3400 1.4700 0.4516
2.2360 0.3400 1.4744 0.4494
2.2360 0.3400 1.4756 0.4512
2.2824 0.3400 1.4774 0.4533
2.2824 0.3400 1.4834 0.4588
2.2824 0.3400 1.4834 0.4588
2.2824 0.3400 1.4834 0.4588
2.2824 0.3400 1.4836 0.4588
2.2824 0.3400 1.4871 0.4593
2.2824 0.3400 1.4871 0.4593
2.2824 0.3400 1.4971 0.4617
2.2824 0.3400 1.4971 0.4617
2.2824 0.3400 1.4971 0.4617
2.2824 0.3400 1.4971 0.4617
2.2824 0.3400 1.4978 0.4616
2.2824 0.3400 1.5046 0.4631
2.2824 0.3400 1.5046 0.4631
2.2824 0.3400 1.5096 0.4682
2.2824 0.3400 1.5189 0.4701
2.2824 0.3400 1.5285 0.4589
2.2824 0.3400 1.5285 0.4589
2.2824 0.3400 1.5285 0.4589
2.2824 0.3400 1.5355 0.4497
2.2824 0.3400 1.5355 0.4497
2.2824 0.3400 1.5417 0.4546
2.2824 0.3400 1.5459 0.4532
2.2824 0.3400 1.5477 0.4530
2.2824 0.3400 1.5498 0.4527
2.2824 0.3400 1.5498 0.4527
2.2824 0.3400 1.5541 0.4549
2.2824 0.3400 1.5575 0.4550
2.2824 0.3400 1.5575 0.4550
2.2824 0.3400 1.5578 0.4550
2.3858 0.3400 1.5710 0.4666
2.3858 0.3400 1.5746 0.4657
2.3858 0.3400 1.5746 0.4657
2.3858 0.3400 1.5878 0.4646
2.3858 0.3400 1.5878 0.4646
2.3858 0.3400 1.6034 0.4538
2.3858 0.3400 1.6050 0.4506
2.3858 0.3400 1.6094 0.4506
2.3858 0.3400 1.6176 0.4561
2.3858 0.3400 1.6176 0.4561
2.3858 0.3400 1.6250 0.4555
2.3858 0.3400 1.6250 0.4555
2.3858 0.3400 1.6252 0.4554
2.3858 0.3400 1.6262 0.4553
2.3858 0.3400 1.6262 0.4553
2.3858 0.3400 1.6304 0.4572
2.3858 0.3400 1.6328 0.4575
2.3858 0.3400 1.6397 0.4608
2.3858 0.3400 1.6398 0.4609
2.3858 0.3400 1.6542 0.4555
2.3858 0.3400 1.6542 0.4555
2.3858 0.3400 1.6542 0.4555
2.3858 0.3400 1.6557 0.4570
2.3858 0.3400 1.6572 0.4578
2.3858 0.3400 1.6661 0.4576
2.3858 0.3400 1.6692 0.4573
2.3858 0.3400 1.6735 0.4567
2.3858 0.3400 1.6783 0.4597
2.3858 0.3400 1.6807 0.4582
2.3858 0.3400 1.6807 0.4582
2.3858 0.3400 1.6807 0.4582
2.3858 0.3400 1.6887 0.4580
2.3858 0.3400 1.6887 0.4580
2.3858 0.3400 1.6893 0.4588
2.3858 0.3400 1.6900 0.4582
2.3858 0.3400 1.6931 0.4583
2.3858 0.3400 1.6931 0.4583
2.3858 0.3400 1.7050 0.4583
2.3858 0.3400 1.7050 0.4582
2.3858 0.3400 1.7124 0.4590
2.3858 0.3400 1.7210 0.4614
2.3858 0.3400 1.7210 0.4614
2.3858 0.3400 1.7212 0.4613
2.3858 0.3400 1.7290 0.4626
2.3858 0.3400 1.7414 0.4457
2.3858 0.3400 1.7488 0.4471
2.3858 0.3400 1.7608 0.4397
2.3858 0.3400 1.7620 0.4407
2.3858 0.3400 1.7620 0.4407
2.3858 0.3400 1.7620 0.4407
2.3858 0.3400 1.7628 0.4403
2.3858 0.3400 1.7628 0.4403
2.3858 0.3400 1.7671 0.4424
2.3858 0.4992 1.7811 0.4186
2.3858 0.4992 1.7886 0.4200
2.3858 0.4992 1.7927 0.4227
2.3858 0.4992 1.7944 0.4202
2.3858 0.4992 1.7944 0.4202
2.3858 0.4992 1.7993 0.4202
2.3858 0.4992 1.8007 0.4213
2.3858 0.4992 1.8018 0.4213
2.3858 0.4992 1.8018 0.4213
2.3858 0.4992 1.8105 0.4081
2.3858 0.4992 1.8166 0.4074
2.3858 0.4992 1.8196 0.4074
2.3858 0.4992 1.8241 0.4076
2.3858 0.4992 1.8241 0.4076
2.3858 0.4992 1.8246 0.4082
2.3858 0.4992 1.8266 0.4101
2.3858 0.4992 1.8273 0.4103
2.3858 0.4992 1.8317 0.4118
2.3858 0.4992 1.8408 0.4097
2.3858 0.4992 1.8461 0.4109
2.3858 0.4992 1.8533 0.4083
2.3858 0.4992 1.8533 0.4083
2.3858 0.4992 1.8533 0.4083
2.3858 0.4992 1.8611 0.4081
2.3858 0.4992 1.8690 0.4043
2.3858 0.4992 1.8730 0.4048
2.3858 0.4992 1.8753 0.4064
2.3858 0.4992 1.8825 0.3925
2.3858 0.4992 1.8839 0.3937
2.3858 0.4992 1.8892 0.3933
2.3858 0.4992 1.8900 0.3940
2.3858 0.4992 1.8913 0.3944
2.3858 0.4992 1.8921 0.3947
2.3858 0.8620 1.9091 0.3702
2.3858 0.8620 1.9097 0.3706
2.3858 0.8620 1.9190 0.3661
2.3858 0.8620 1.9252 0.3634
2.3858 0.8620 1.9260 0.3640
2.3858 0.8620 1.9278 0.3653
2.3858 0.8620 1.9278 0.3653
2.3858 0.8620 1.9278 0.3653
2.3858 0.8620 1.9278 0.3653
2.3858 0.8620 1.9356 0.3634
2.3858 0.8620 1.9356 0.3634
2.3858 0.8620 1.9395 0.3636
2.3858 0.8620 1.9395 0.3637
2.3858 0.8620 1.9488 0.3583
2.3858 0.8620 1.9516 0.3583
2.4085 0.8620 1.9545 0.3596
2.4085 0.8620 1.9545 0.3596
2.4085 0.8620 1.9545 0.3596
2.4085 0.8620 1.9545 0.3596
2.4085 0.8620 1.9661 0.3480
2.4085 0.8620 1.9661 0.3480
2.4085 0.8620 1.9721 0.3474
2.4085 0.8620 1.9799 0.3433
2.4085 0.8620 1.9799 0.3433
2.4085 0.8620 1.9799 0.3433
2.4085 0.8620 1.9808 0.3438
2.4085 1.0363 1.9941 0.3256
2.4085 1.0363 1.9962 0.3274
2.4085 1.0363 2.0004 0.3230
2.4085 1.0363 2.0004 0.3230
2.4085 1.0363 2.0004 0.3230
2.4085 1.0363 2.0006 0.3231
2.4085 1.0363 2.0006 0.3231
2.4085 1.0363 2.0006 0.3231
2.4085 1.0363 2.0006 0.3231
2.4085 1.0363 2.0006 0.3231
2.4085 1.0363 2.0079 0.3180
2.4085 1.0363 2.0085 0.3170
2.4085 1.0363 2.0086 0.3171
2.4085 1.0363 2.0086 0.3171
2.4085 1.0363 2.0086 0.3171
2.4085 1.0363 2.0118 0.3174
2.4085 1.0363 2.0137 0.3183
2.4085 1.0363 2.0155 0.3189
2.4085 1.0363 2.0155 0.3189
2.4085 1.0363 2.0162 0.3193
2.4085 1.0363 2.0168 0.3198
2.4085 1.0363 2.0168 0.3198
2.4085 1.0363 2.0169 0.3198
2.4085 1.0363 2.0178 0.3204
2.4085 1.0363 2.0237 0.3166
2.4085 1.0363 2.0237 0.3166
2.4085 1.0363 2.0296 0.3144
2.4085 1.0363 2.0315 0.3153
2.4085 1.0982 2.0321 0.3134
2.4085 1.0982 2.0335 0.3139
2.4085 1.0982 2.0335 0.3139
2.4085 1.0982 2.0350 0.3142
2.4085 1.0982 2.0364 0.3122
2.4085 1.0982 2.0422 0.3095
2.4085 1.0982 2.0422 0.3095
2.4085 1.0982 2.0491 0.3025
2.4085 1.0982 2.0530 0.3019
2.4085 1.0982 2.0537 0.3023
2.4085 1.0982 2.0572 0.3017
2.4085 1.0982 2.0573 0.3017
2.4085 1.0982 2.0573 0.3017
2.4085 1.0982 2.0582 0.3020
2.4085 1.0982 2.0643 0.3000
2.4085 1.0982 2.0646 0.3001
2.4085 1.0982 2.0646 0.3001
2.4085 1.0982 2.0652 0.3007
2.4085 1.0982 2.0668 0.2996
2.4085 1.0982 2.0687 0.2972
2.4085 1.0982 2.0708 0.2981
2.4085 1.0982 2.0753 0.2967
2.4085 1.0982 2.0753 0.2967
2.4085 1.0982 2.0753 0.2967
2.4085 1.0982 2.0753 0.2967
2.4085 1.0982 2.0753 0.2967
2.4085 1.0982 2.0766 0.2969
2.4085 1.0982 2.0766 0.2969
2.4085 1.0982 2.0778 0.2964
2.4085 1.0982 2.0778 0.2964
2.4085 1.0982 2.0781 0.2965
2.4085 1.0982 2.0781 0.2965
2.4085 1.0982 2.0787 0.2967
2.4085 1.0982 2.0898 0.2803
2.4085 1.0982 2.0898 0.2803
2.4085 1.0982 2.0919 0.2814
2.4085 1.0982 2.0945 0.2818
2.4085 1.0982 2.0954 0.2820
2.4085 1.0982 2.0967 0.2822
2.4085 1.0982 2.0996 0.2826
2.4085 1.0982 2.0996 0.2826
2.4085 1.0982 2.0996 0.2827
2.4085 1.0982 2.1076 0.2702
2.4085 1.0982 2.1076 0.2702
2.4085 1.0982 2.1173 0.2572
2.4085 1.0982 2.1266 0.2498
2.4085 1.0982 2.1275 0.2502
2.4085 1.0982 2.1305 0.2506
2.4695 1.0982 2.1352 0.2524
2.4695 1.0982 2.1354 0.2525
2.4695 1.0982 2.1358 0.2526
2.4695 1.0982 2.1369 0.2527
2.4695 1.0982 2.1389 0.2529
2.4695 1.0982 2.1402 0.2529
2.4695 1.0982 2.1402 0.2529
2.4695 1.0982 2.1494 0.2379
2.4695 1.0982 2.1494 0.2379
2.4695 1.0982 2.1494 0.2379
2.4695 1.0982 2.1494 0.2379
2.4695 1.0982 2.1565 0.2312
2.4695 1.0982 2.1565 0.2312
2.4695 1.0982 2.1565 0.2312
2.4695 1.0982 2.1635 0.2191
2.4695 1.0982 2.1635 0.2191
2.4695 1.0982 2.1681 0.2119
2.4695 1.0982 2.1684 0.2120
2.4695 1.0982 2.1705 0.2070
2.4695 1.0982 2.1705 0.2070
2.4695 1.0982 2.1705 0.2070
2.4695 1.0982 2.1715 0.2073
2.4695 1.0982 2.1715 0.2073
2.4695 1.0982 2.1715 0.2073
2.4695 1.0982 2.1719 0.2072
2.4695 1.0982 2.1728 0.2075
2.4695 1.0982 2.1729 0.2075
2.4695 1.0982 2.1729 0.2075
2.4695 1.0982 2.1804 0.1946
2.4695 1.0982 2.1804 0.1946
2.4695 1.0982 2.1816 0.1943
2.4695 1.0982 2.1830 0.1941
2.4695 1.4559 2.1912 0.1628
2.4695 1.4559 2.1914 0.1628
2.4695 1.4559 2.1916 0.1630
2.4695 1.4559 2.1916 0.1630
2.4695 1.4559 2.1928 0.1628
2.4695 1.4559 2.1935 0.1630
2.4695 1.4559 2.1935 0.1630
2.4695 1.4559 2.1935 0.1630
2.4695 1.4559 2.1935 0.1630
2.4695 1.4559 2.2010 0.1647
2.4695 1.4559 2.2013 0.1644
2.4695 1.4559 2.2017 0.1645
2.4695 1.4559 2.2017 0.1645
2.4695 1.4615 2.2092 0.1464
2.4695 1.4615 2.2162 0.1427
2.4695 1.4615 2.2162 0.1427
2.4695 1.4615 2.2162 0.1427
2.4695 1.4615 2.2204 0.1356
2.4695 1.4615 2.2226 0.1369
2.4695 1.4615 2.2270 0.1373
2.4695 1.4615 2.2270 0.1373
2.4695 1.4615 2.2270 0.1373
2.4695 1.4615 2.2270 0.1373
2.4695 1.4615 2.2280 0.1375
2.4695 1.4615 2.2312 0.1378
2.4695 1.4615 2.2322 0.1379
2.4695 1.4615 2.2322 0.1379
2.4695 1.4615 2.2322 0.1379
2.4695 1.4615 2.2331 0.1380
2.4695 1.4615 2.2331 0.1380
2.4695 1.4615 2.2369 0.1317
2.4695 1.4615 2.2377 0.1318
2.4695 1.4615 2.2377 0.1318
2.4695 1.4615 2.2377 0.1318
2.4695 1.4615 2.2377 0.1318
2.4695 1.4615 2.2377 0.1318
2.4695 1.4615 2.2394 0.1328
2.4695 1.4615 2.2406 0.1322
2.4695 1.4615 2.2406 0.1322
2.4695 1.4615 2.2416 0.1323
2.4695 1.4615 2.2416 0.1323
2.4695 1.4615 2.2418 0.1326
2.4695 1.4615 2.2422 0.1327
2.4695 1.4615 2.2422 0.1327
2.4695 1.4615 2.2422 0.1327
2.4695 1.4615 2.2428 0.1331
2.4695 1.4615 2.2439 0.1334
2.4695 1.4615 2.2439 0.1334
2.4695 1.4615 2.2439 0.1334
2.4695 1.4615 2.2444 0.1334
2.4695 1.4615 2.2445 0.1333
2.4695 1.4615 2.2445 0.1333
2.4695 1.4615 2.2445 0.1333
2.4695 1.4615 2.2445 0.1333
2.4695 1.4615 2.2445 0.1333
2.4695 1.4615 2.2465 0.1343
2.4695 1.4615 2.2466 0.1343
2.4695 1.4615 2.2466 0.1343
2.4695 1.4615 2.2466 0.1343
2.4695 1.4615 2.2501 0.1369
2.4695 1.4615 2.2501 0.1369
2.4695 1.4615 2.2501 0.1369
2.4695 1.4615 2.2501 0.1369
2.4695 1.4615 2.2516 0.1371
2.4695 1.6361 2.2610 0.1127
2.4695 1.6361 2.2620 0.1126
2.4695 1.6361 2.2630 0.1135
2.4695 1.6361 2.2634 0.1134
2.4695 1.6361 2.2634 0.1134
2.4695 1.6361 2.2650 0.1142
2.4695 1.6361 2.2650 0.1142
2.4695 1.6361 2.2680 0.1102
2.4695 1.6361 2.2705 0.1091
2.4695 1.6361 2.2711 0.1089
2.4695 1.6361 2.2711 0.1089
2.4695 1.6361 2.2712 0.1089
2.4695 1.6361 2.2721 0.1092
2.4695 1.6361 2.2726 0.1089
2.4695 1.6361 2.2727 0.1089
2.4695 1.6361 2.2727 0.1089
2.4695 1.6361 2.2728 0.1089
2.4695 1.6361 2.2748 0.1094
2.4695 1.6361 2.2748 0.1094
2.4695 1.6361 2.2754 0.1093
2.4695 1.6361 2.2761 0.1094
2.4695 1.6361 2.2770 0.1104
2.4695 1.6361 2.2770 0.1104
2.4695 1.6361 2.2773 0.1108
2.4695 1.6361 2.2773 0.1108
2.4695 1.6361 2.2785 0.1122
2.4695 1.6361 2.2796 0.1108
2.4695 1.6361 2.2796 0.1108
2.4695 1.6361 2.2799 0.1108
2.4695 2.0524 2.2841 0.0926
2.4695 2.0524 2.2841 0.0926
2.4695 2.0524 2.2841 0.0926
2.4695 2.0524 2.2861 0.0929
2.4695 2.0524 2.2875 0.0925
2.4695 2.0524 2.2875 0.0925
2.4695 2.0524 2.2886 0.0933
2.4695 2.0524 2.2905 0.0926
2.4695 2.0524 2.2928 0.0932
2.4695 2.0524 2.2928 0.0932
2.4695 2.0524 2.2948 0.0894
2.4695 2.0524 2.2954 0.0900
2.4695 2.0524 2.2954 0.0900
2.4695 2.0524 2.2954 0.0900
2.4695 2.0524 2.2973 0.0899
2.4695 2.0524 2.2975 0.0899
2.4695 2.0524 2.2975 0.0899
2.4695 2.0524 2.2975 0.0899
2.4695 2.0524 2.2975 0.0899
2.4695 2.0524 2.2975 0.0899
2.4695 2.0524 2.2988 0.0904
2.4818 2.0524 2.3002 0.0922
2.4818 2.0524 2.3011 0.0923
2.4818 2.0634 2.3039 0.0889
2.4818 2.0634 2.3057 0.0892
2.4818 2.0634 2.3066 0.0885
2.4818 2.0634 2.3084 0.0887
2.4818 2.0634 2.3099 0.0895
2.4818 2.0634 2.3119 0.0891
2.4818 2.0634 2.3124 0.0897
2.4818 2.0634 2.3141 0.0892
2.4818 2.0634 2.3149 0.0899
2.4818 2.0634 2.3149 0.0899
2.4818 2.0634 2.3149 0.0899
2.4818 2.0634 2.3157 0.0906
2.4818 2.0634 2.3163 0.0902
2.4818 2.0634 2.3175 0.0906
2.4818 2.0634 2.3181 0.0907
2.4818 2.0634 2.3181 0.0907
2.4818 2.0634 2.3181 0.0907
2.4818 2.0634 2.3181 0.0907
2.4818 2.0634 2.3192 0.0911
2.4818 2.0634 2.3192 0.0911
2.4818 2.0634 2.3200 0.0914
2.4818 2.0634 2.3200 0.0914
2.4818 2.0634 2.3200 0.0914
2.4818 2.0634 2.3200 0.0914
2.4818 2.0634 2.3200 0.0914
2.4818 2.0634 2.3213 0.0919
2.4818 2.0634 2.3218 0.0917
2.4818 2.0634 2.3234 0.0925
2.4818 2.0634 2.3249 0.0904
2.4818 2.0634 2.3249 0.0904
2.4818 2.0634 2.3259 0.0911
2.4818 2.0634 2.3286 0.0913
2.4818 2.0634 2.3286 0.0913
2.4818 2.0634 2.3293 0.0917
2.4818 2.0634 2.3296 0.0920
2.4818 2.0634 2.3310 0.0925
2.4818 2.0634 2.3330 0.0920
2.4818 2.0634 2.3333 0.0923
2.4818 2.0634 2.3333 0.0923
2.4818 2.0634 2.3333 0.0923
2.4818 2.0634 2.3336 0.0926
2.4818 2.0634 2.3336 0.0926
2.4818 2.0634 2.3339 0.0923
2.4818 2.0634 2.3339 0.0923
2.4818 2.0634 2.3339 0.0923
2.4818 2.0634 2.3339 0.0923
2.4818 2.0634 2.3353 0.0923
2.4818 2.0634 2.3353 0.0923
2.6426 2.0634 2.3391 0.0970
2.6426 2.0634 2.3391 0.0970
2.6426 2.0634 2.3414 0.0964
2.6426 2.0634 2.3451 0.1007
2.6426 2.0634 2.3451 0.1007
2.6426 2.0634 2.3461 0.1009
2.6426 2.0634 2.3461 0.1009
2.6426 2.0634 2.3481 0.1006
2.6426 2.0634 2.3482 0.1005
2.6426 2.0634 2.3482 0.1005
2.6426 2.0634 2.3482 0.1005
2.6426 2.0634 2.3483 0.1006
2.6426 2.0634 2.3483 0.1006
2.6426 2.0634 2.3483 0.1006
2.6426 2.0634 2.3499 0.1007
2.6426 2.0634 2.3499 0.1007
2.6426 2.0634 2.3499 0.1007
2.6426 2.0634 2.3499 0.1007
2.6426 2.0634 2.3501 0.1005
2.6426 2.0634 2.3501 0.1005
2.6426 2.0634 2.3504 0.1002
2.6426 2.0634 2.3524 0.0997
2.6426 2.0634 2.3524 0.0997
2.6426 2.0634 2.3524 0.0997
2.6426 2.0634 2.3526 0.0999
2.6426 2.0634 2.3537 0.0997
2.6426 2.0634 2.3537 0.0997
2.6426 2.0634 2.3537 0.0997
2.6426 2.0634 2.3537 0.0997
2.6426 2.0634 2.3542 0.1002
2.6426 2.0634 2.3553 0.1002
2.6426 2.0634 2.3553 0.1002
2.6426 2.0634 2.3571 0.0996
2.6426 2.0634 2.3574 0.0996
2.6426 2.0634 2.3589 0.0996
2.6426 2.1583 2.3623 0.0952
2.6426 2.1583 2.3623 0.0952
2.6426 2.1583 2.3639 0.0950
2.6426 2.1583 2.3639 0.0950
2.6426 2.1583 2.3639 0.0950
2.6426 2.1583 2.3645 0.0949
2.6426 2.1583 2.3652 0.0939
2.6426 2.1583 2.3652 0.0939
2.6426 2.1583 2.3660 0.0929
2.6426 2.1583 2.3671 0.0928
2.6426 2.1583 2.3671 0.0928
2.6426 2.1583 2.3671 0.0928
2.6426 2.1583 2.3708 0.0962
2.6426 2.1583 2.3708 0.0962
2.6426 2.1583 2.3708 0.0962
2.6426 2.1583 2.3708 0.0962
2.6426 2.1583 2.3723 0.0956
2.6426 2.1583 2.3744 0.0957
2.6426 2.1583 2.3750 0.0957
2.6426 2.1583 2.3774 0.0979
2.6426 2.1583 2.3792 0.1001
2.6426 2.1583 2.3813 0.0999
2.6426 2.1583 2.3834 0.1031
2.6426 2.1583 2.3834 0.1031
2.6426 2.1583 2.3834 0.1031
2.6426 2.1583 2.3834 0.1031
2.6426 2.1583 2.3835 0.1031
2.6426 2.1583 2.3856 0.1020
2.6426 2.1583 2.3856 0.1020
2.6426 2.1583 2.3856 0.1020
2.6426 2.1583 2.3856 0.1020
2.6426 2.1583 2.3864 0.1025
2.6426 2.1583 2.3875 0.1020
2.6426 2.1583 2.3875 0.1020
2.6426 2.1583 2.3882 0.1020
2.6426 2.1583 2.3882 0.1019
2.6426 2.1583 2.3905 0.0999
2.6426 2.1583 2.3905 0.0999
2.6426 2.1583 2.3909 0.1000
2.6426 2.1583 2.3913 0.0998
2.6426 2.1583 2.3913 0.0998
2.6426 2.1583 2.3936 0.0980
2.6426 2.1583 2.3954 0.0970
2.6426 2.1583 2.3956 0.0968
2.6426 2.1583 2.3956 0.0968
2.6426 2.1583 2.3956 0.0968
2.6426 2.1583 2.3957 0.0968
2.6426 2.1583 2.3958 0.0968
2.6426 2.1583 2.3958 0.0968
2.6426 2.1583 2.4002 0.0978
2.6426 2.1583 2.4003 0.0979
2.6426 2.1583 2.4026 0.1008
2.6426 2.1583 2.4026 0.1008
2.6426 2.1583 2.4048 0.0989
2.6426 2.1583 2.4064 0.0980
2.6426 2.1583 2.4071 0.0979
2.6426 2.1583 2.4071 0.0979
2.6586 2.1583 2.4090 0.1008
2.6586 2.1583 2.4090 0.1008
2.6586 2.1583 2.4090 0.1008
2.6586 2.1583 2.4090 0.1008
2.6586 2.1583 2.4090 0.1008
2.6586 2.1583 2.4093 0.1009
2.6586 2.1583 2.4093 0.1009
2.6586 2.2001 2.4136 0.0992
2.6586 2.2001 2.4136 0.0992
2.6586 2.2001 2.4138 0.0991
2.6586 2.2001 2.4138 0.0991
2.6586 2.2001 2.4138 0.0991
2.6586 2.2001 2.4159 0.1011
2.6586 2.2001 2.4159 0.1011
2.6586 2.2001 2.4173 0.1003
2.6586 2.2001 2.4173 0.1003
2.6586 2.2001 2.4173 0.1003
2.6586 2.2001 2.4180 0.1001
2.6586 2.2001 2.4180 0.1001
2.6586 2.2001 2.4180 0.1002
2.6586 2.2001 2.4194 0.0991
2.6586 2.2001 2.4197 0.0991
2.6586 2.2001 2.4218 0.0981
2.6586 2.2001 2.4238 0.1005
2.6586 2.2001 2.4238 0.1005
2.6586 2.2001 2.4238 0.1005
2.6586 2.2001 2.4256 0.0997
2.6586 2.2001 2.4256 0.0997
2.6586 2.2001 2.4256 0.0997
2.6586 2.2001 2.4256 0.0997
2.6586 2.2001 2.4273 0.0985
2.6586 2.2001 2.4293 0.0958
2.6586 2.2001 2.4299 0.0969
2.6586 2.2001 2.4320 0.0992
2.6586 2.2001 2.4326 0.0997
2.6586 2.2001 2.4326 0.0997
2.6586 2.2001 2.4337 0.1003
2.6586 2.2001 2.4337 0.1003
2.6586 2.2001 2.4375 0.0991
2.6586 2.2001 2.4398 0.1011
2.6586 2.2001 2.4404 0.1011
2.6586 2.2001 2.4404 0.1011
2.6586 2.2001 2.4404 0.1011
2.6586 2.2001 2.4404 0.1011
2.6586 2.2001 2.4404 0.1011
2.6586 2.2001 2.4404 0.1011
2.6586 2.2001 2.4429 0.1030
2.6586 2.2001 2.4450 0.1049
2.6586 2.2001 2.4470 0.1026
2.6586 2.2001 2.4483 0.1013
2.6586 2.2001 2.4504 0.1032
2.6586 2.2001 2.4509 0.1030
2.6586 2.2001 2.4509 0.1030
2.6586 2.2001 2.4509 0.1030
2.6586 2.2001 2.4538 0.1043
2.6586 2.2001 2.4538 0.1043
2.6586 2.2001 2.4538 0.1043
2.6586 2.2001 2.4538 0.1042
2.6586 2.2001 2.4554 0.1026
2.6586 2.2001 2.4575 0.1042
2.6586 2.2001 2.4575 0.1042
2.6586 2.2001 2.4594 0.1058
2.6586 2.2001 2.4598 0.1058
2.6586 2.2001 2.4642 0.1042
2.6658 2.2001 2.4665 0.1061
2.6658 2.2001 2.4700 0.1060
2.6658 2.2001 2.4705 0.1057
2.6658 2.2001 2.4705 0.1057
2.6658 2.2001 2.4707 0.1056
2.6658 2.2001 2.4713 0.1064
2.6658 2.2001 2.4726 0.1064
2.6658 2.2001 2.4741 0.1048
2.6658 2.2001 2.4741 0.1048
2.6658 2.2001 2.4754 0.1056
2.6658 2.2001 2.4754 0.1056
2.6658 2.2001 2.4754 0.1056
2.6658 2.2001 2.4775 0.1068
2.6658 2.2001 2.4779 0.1067
2.6658 2.2001 2.4779 0.1067
2.6658 2.2001 2.4779 0.1067
2.6658 2.2001 2.4792 0.1054
2.6658 2.2001 2.4794 0.1056
2.6658 2.2001 2.4804 0.1045
2.6658 2.2001 2.4824 0.1047
2.6658 2.2001 2.4825 0.1048
2.6658 2.2001 2.4826 0.1048
2.6658 2.2001 2.4826 0.1048
2.6658 2.2001 2.4826 0.1048
2.6658 2.2001 2.4826 0.1048
2.6658 2.2001 2.4827 0.1047
2.6658 2.2001 2.4827 0.1047
2.6658 2.2001 2.4827 0.1047
2.6899 2.2001 2.4832 0.1055
2.6899 2.2001 2.4853 0.1066
2.6899 2.2001 2.4853 0.1066
2.6899 2.2001 2.4860 0.1064
2.6899 2.2001 2.4866 0.1061
2.6899 2.2001 2.4887 0.1071
2.6899 2.2001 2.4887 0.1071
2.6899 2.2001 2.4903 0.1073
2.6899 2.2001 2.4910 0.1070
2.6899 2.2001 2.4910 0.1070
2.6899 2.2001 2.4910 0.1070
2.6899 2.2001 2.4921 0.1079
2.6899 2.2001 2.4945 0.1086
2.6899 2.2001 2.4947 0.1084
2.6899 2.2001 2.4963 0.1094
2.6899 2.2001 2.4963 0.1094
2.6899 2.2001 2.4970 0.1095
2.6899 2.2001 2.4986 0.1097
2.6899 2.2001 2.4986 0.1097
2.6899 2.2001 2.5008 0.1105
2.6899 2.2001 2.5008 0.1105
2.6899 2.2001 2.5008 0.1105
2.6899 2.2001 2.5029 0.1101
2.6899 2.2001 2.5033 0.1106
2.6899 2.2001 2.5056 0.1111
2.6899 2.2001 2.5062 0.1107
2.6899 2.2001 2.5062 0.1108
2.6899 2.2001 2.5062 0.1108
2.6899 2.2001 2.5087 0.1113
2.6899 2.2001 2.5088 0.1112
2.6899 2.2001 2.5088 0.1112
2.6940 2.2001 2.5131 0.1102
2.6940 2.2001 2.5137 0.1107
2.6940 2.2001 2.5162 0.1112
2.6940 2.2001 2.5162 0.1112
2.6940 2.2001 2.5163 0.1111
2.6940 2.2001 2.5163 0.1111
2.6940 2.2001 2.5163 0.1111
2.6940 2.2001 2.5181 0.1117
2.6940 2.2001 2.5184 0.1115
2.6940 2.2001 2.5190 0.1120
2.6940 2.2001 2.5212 0.1124
2.6940 2.2001 2.5213 0.1122
2.6940 2.2001 2.5235 0.1126
2.6940 2.2001 2.5259 0.1126
2.6940 2.2001 2.5261 0.1127
2.6940 2.2001 2.5266 0.1123
2.6940 2.2001 2.5268 0.1126
2.6940 2.2001 2.5268 0.1126
2.6940 2.2001 2.5268 0.1126
2.6940 2.2001 2.5268 0.1126
2.6940 2.2001 2.5268 0.1126
2.6940 2.2001 2.5268 0.1126
2.6940 2.2001 2.5268 0.1126
2.6940 2.2001 2.5268 0.1126
2.6940 2.2001 2.5268 0.1126
2.6940 2.2001 2.5287 0.1132
2.6940 2.2001 2.5287 0.1132
2.8151 2.2001 2.5309 0.1165
2.8151 2.2001 2.5311 0.1167
2.8151 2.2001 2.5335 0.1165
2.8151 2.2001 2.5353 0.1168
2.8151 2.2001 2.5354 0.1169
2.8151 2.2001 2.5368 0.1177
2.8151 2.2001 2.5385 0.1172
2.8151 2.2001 2.5408 0.1169
2.8151 2.2001 2.5412 0.1174
2.8151 2.2001 2.5412 0.1174
2.8151 2.2001 2.5412 0.1174
2.8151 2.2001 2.5412 0.1174
2.8151 2.2001 2.5412 0.1174
2.8151 2.2001 2.5412 0.1174
2.8151 2.2001 2.5412 0.1174
2.8151 2.2001 2.5412 0.1174
2.8151 2.2001 2.5417 0.1180
2.8151 2.2001 2.5417 0.1180
2.8151 2.2001 2.5422 0.1185
2.8151 2.2001 2.5440 0.1187
2.8151 2.2001 2.5440 0.1187
2.8151 2.2001 2.5446 0.1191
2.8151 2.2001 2.5467 0.1189
2.8151 2.2001 2.5467 0.1189
2.8151 2.2364 2.5478 0.1161
2.8151 2.2364 2.5480 0.1160
2.8151 2.2364 2.5501 0.1158
2.8151 2.2364 2.5521 0.1156
2.8151 2.2364 2.5542 0.1163
2.8151 2.2364 2.5564 0.1160
2.8151 2.2364 2.5572 0.1169
2.8151 2.2364 2.5572 0.1169
2.8151 2.2364 2.5572 0.1169
2.8151 2.2364 2.5585 0.1185
2.8151 2.2364 2.5590 0.1190
2.8151 2.2364 2.5590 0.1190
2.8151 2.2364 2.5596 0.1193
2.8151 2.2364 2.5612 0.1193
2.8151 2.2364 2.5613 0.1194
2.8151 2.2364 2.5645 0.1175
2.8151 2.2364 2.5645 0.1175
2.8151 2.2364 2.5649 0.1173
2.8151 2.2364 2.5649 0.1173
2.8151 2.2364 2.5650 0.1174
2.8151 2.2364 2.5671 0.1169
2.8151 2.2364 2.5693 0.1163
2.8151 2.2364 2.5693 0.1163
2.8151 2.2364 2.5693 0.1163
2.8151 2.2364 2.5713 0.1157
2.8151 2.2364 2.5738 0.1148
2.8151 2.2364 2.5756 0.1165
2.8151 2.2364 2.5757 0.1165
2.8151 2.2364 2.5762 0.1167
2.8151 2.2364 2.5762 0.1167
2.8151 2.2364 2.5765 0.1169
2.8151 2.2364 2.5765 0.1169
2.8151 2.2364 2.5765 0.1169
2.8151 2.2364 2.5765 0.1169
2.8151 2.2364 2.5786 0.1162
2.8151 2.2364 2.5826 0.1157
2.8151 2.2364 2.5826 0.1157
2.8151 2.2364 2.5853 0.1152
2.8151 2.2364 2.5864 0.1163
2.8151 2.2364 2.5864 0.1163
2.8151 2.2364 2.5865 0.1163
2.8151 2.2364 2.5865 0.1163
2.8151 2.2364 2.5865 0.1163
2.8151 2.2364 2.5893 0.1172
2.8151 2.2364 2.5895 0.1174
2.8151 2.2364 2.5897 0.1175
2.8151 2.2364 2.5897 0.1175
2.8151 2.2364 2.5924 0.1170
2.8151 2.2364 2.5924 0.1170
2.8151 2.2364 2.5942 0.1166
2.8151 2.2364 2.5959 0.1160
2.8151 2.2364 2.5959 0.1160
2.8151 2.2364 2.5961 0.1161
2.8151 2.2364 2.5961 0.1161
2.8151 2.2364 2.5962 0.1162
2.8151 2.2364 2.5984 0.1151
2.8151 2.2364 2.6003 0.1147
2.8151 2.2364 2.6007 0.1145
2.8151 2.2364 2.6009 0.1148
2.8151 2.2364 2.6035 0.1139
2.8151 2.2364 2.6036 0.1139
2.8151 2.2364 2.6053 0.1158
2.8151 2.2364 2.6053 0.1158
2.8151 2.2364 2.6053 0.1158
2.8151 2.2364 2.6066 0.1169
2.8151 2.2364 2.6066 0.1169
2.8151 2.2364 2.6066 0.1169
2.8151 2.2364 2.6070 0.1164
2.8151 2.2364 2.6070 0.1164
2.8151 2.2364 2.6070 0.1164
2.8151 2.2364 2.6093 0.1149
2.8151 2.2364 2.6110 0.1143
2.8151 2.2364 2.6120 0.1151
2.8151 2.2364 2.6121 0.1151
2.8151 2.2364 2.6133 0.1162
2.8151 2.2364 2.6144 0.1154
2.8151 2.2364 2.6165 0.1139
2.8151 2.2364 2.6165 0.1139
2.8151 2.2364 2.6166 0.1140
2.8151 2.2364 2.6168 0.1136
2.8151 2.2364 2.6196 0.1119
2.8151 2.2364 2.6198 0.1120
2.8151 2.2364 2.6211 0.1114
2.8151 2.2364 2.6211 0.1114
2.8151 2.2364 2.6211 0.1114
2.8151 2.2364 2.6213 0.1115
2.8151 2.2364 2.6219 0.1115
2.8151 2.2364 2.6219 0.1115
2.8151 2.2364 2.6224 0.1117
2.8151 2.2364 2.6224 0.1117
2.8151 2.2364 2.6225 0.1117
2.8151 2.2364 2.6229 0.1111
2.8151 2.2364 2.6248 0.1072
2.8151 2.2364 2.6273 0.1048
2.8755 2.2364 2.6286 0.1070
2.8755 2.2364 2.6287 0.1070
2.8755 2.2364 2.6287 0.1070
2.8755 2.2364 2.6321 0.1061
2.8755 2.2364 2.6343 0.1049
2.8755 2.2364 2.6360 0.1036
2.9068 2.2364 2.6386 0.1070
2.9068 2.2364 2.6388 0.1071
2.9068 2.2364 2.6394 0.1077
2.9068 2.2364 2.6416 0.1064
2.9068 2.2364 2.6440 0.1038
2.9068 2.2364 2.6465 0.1005
2.9068 2.2364 2.6465 0.1005
2.9068 2.2364 2.6465 0.1005
2.9068 2.2364 2.6465 0.1005
2.9068 2.2364 2.6467 0.1006
2.9068 2.2364 2.6467 0.1006
2.9068 2.2364 2.6468 0.1006
2.9068 2.2364 2.6489 0.1031
2.9068 2.2364 2.6490 0.1031
2.9068 2.2364 2.6490 0.1031
2.9068 2.2364 2.6501 0.1038
2.9068 2.2364 2.6526 0.1069
2.9068 2.2364 2.6537 0.1075
2.9068 2.2364 2.6537 0.1075
2.9068 2.2364 2.6558 0.1098
2.9068 2.2364 2.6558 0.1098
2.9068 2.2364 2.6558 0.1098
2.9068 2.2364 2.6562 0.1098
2.9068 2.2364 2.6562 0.1098
2.9068 2.2364 2.6562 0.1098
2.9068 2.2364 2.6562 0.1098
2.9068 2.2364 2.6562 0.1098
2.9068 2.2364 2.6563 0.1098
2.9068 2.2364 2.6587 0.1075
2.9068 2.2364 2.6592 0.1078
2.9068 2.2364 2.6597 0.1079
2.9068 2.2364 2.6605 0.1084
2.9068 2.2364 2.6617 0.1089
2.9068 2.2364 2.6628 0.1098
2.9068 2.2364 2.6635 0.1099
2.9068 2.2364 2.6635 0.1099
2.9068 2.2364 2.6641 0.1103
2.9068 2.2364 2.6656 0.1125
2.9068 2.2364 2.6658 0.1124
2.9068 2.2364 2.6666 0.1128
2.9068 2.2364 2.6666 0.1129
2.9068 2.2364 2.6666 0.1129
2.9068 2.2364 2.6666 0.1129
2.9068 2.2364 2.6695 0.1117
2.9068 2.2364 2.6716 0.1131
2.9068 2.2364 2.6716 0.1131
2.9068 2.2364 2.6716 0.1131
2.9068 2.2364 2.6727 0.1138
2.9068 2.2364 2.6727 0.1138
2.9068 2.2364 2.6734 0.1146
2.9068 2.2364 2.6734 0.1146
2.9068 2.2364 2.6734 0.1147
2.9068 2.2364 2.6739 0.1146
2.9068 2.2364 2.6740 0.1146
2.9068 2.2364 2.6741 0.1146
2.9068 2.2364 2.6741 0.1146
2.9068 2.2364 2.6744 0.1145
2.9068 2.2364 2.6757 0.1149
2.9068 2.2364 2.6758 0.1149
2.9068 2.2364 2.6765 0.1157
2.9068 2.4323 2.6804 0.1070
2.9068 2.4323 2.6806 0.1069
2.9068 2.4323 2.6813 0.1070
2.9068 2.4323 2.6834 0.1041
2.9068 2.4323 2.6834 0.1041
2.9068 2.4323 2.6834 0.1041
2.9068 2.4323 2.6844 0.1044
2.9068 2.4323 2.6851 0.1052
2.9068 2.4323 2.6862 0.1054
2.9068 2.4323 2.6863 0.1055
2.9068 2.4323 2.6863 0.1055
2.9068 2.4323 2.6863 0.1055
2.9068 2.4323 2.6866 0.1058
2.9068 2.4323 2.6866 0.1058
2.9068 2.4323 2.6866 0.1058
2.9068 2.4323 2.6885 0.1068
2.9068 2.4323 2.6885 0.1068
2.9068 2.4323 2.6885 0.1068
2.9068 2.4323 2.6893 0.1071
2.9068 2.4323 2.6893 0.1071
2.9068 2.4323 2.6893 0.1071
2.9068 2.4323 2.6893 0.1071
2.9068 2.4323 2.6896 0.1071
2.9068 2.4323 2.6900 0.1075
2.9068 2.4323 2.6914 0.1078
2.9068 2.4323 2.6914 0.1078
2.9068 2.4323 2.6925 0.1080
2.9068 2.4323 2.6944 0.1089
2.9068 2.4323 2.6944 0.1089
2.9068 2.4323 2.6944 0.1089
2.9068 2.4323 2.6951 0.1077
2.9068 2.4323 2.6951 0.1077
2.9068 2.4323 2.6953 0.1076
2.9068 2.4323 2.6968 0.1080
2.9068 2.4323 2.6968 0.1080
2.9068 2.4323 2.6968 0.1080
2.9068 2.4323 2.6990 0.1048
2.9068 2.4323 2.6991 0.1048
2.9068 2.4323 2.6991 0.1048
2.9068 2.4323 2.7021 0.1024
2.9068 2.4323 2.7021 0.1024
2.9068 2.4323 2.7023 0.1024
2.9068 2.4323 2.7040 0.1032
2.9068 2.4323 2.7061 0.0997
2.9068 2.4323 2.7072 0.1008
2.9068 2.4323 2.7090 0.1016
2.9068 2.4323 2.7095 0.1019
2.9068 2.4323 2.7109 0.1023
2.9068 2.4323 2.7109 0.1023
2.9068 2.4323 2.7109 0.1023
2.9068 2.4323 2.7109 0.1023
2.9068 2.4323 2.7120 0.1024
2.9068 2.4323 2.7120 0.1024
2.9068 2.4323 2.7127 0.1016
2.9068 2.4323 2.7127 0.1016
2.9068 2.4323 2.7127 0.1016
2.9068 2.4323 2.7127 0.1016
2.9068 2.4323 2.7147 0.1022
2.9068 2.4323 2.7150 0.1020
2.9068 2.4323 2.7160 0.1015
2.9068 2.4323 2.7174 0.1014
2.9068 2.4323 2.7180 0.1024
2.9068 2.4323 2.7201 0.1034
2.9068 2.4323 2.7201 0.1034
2.9068 2.4323 2.7201 0.1034
2.9068 2.4323 2.7218 0.1034
2.9068 2.4323 2.7226 0.1034
2.9068 2.4323 2.7239 0.1032
2.9068 2.4323 2.7239 0.1032
2.9068 2.4323 2.7239 0.1032
2.9068 2.4323 2.7256 0.1037
2.9068 2.4323 2.7274 0.1041
2.9333 2.4323 2.7284 0.1055
2.9333 2.4323 2.7294 0.1053
2.9333 2.4323 2.7300 0.1057
2.9333 2.4323 2.7308 0.1053
2.9333 2.4323 2.7319 0.1051
2.9333 2.4323 2.7326 0.1051
2.9333 2.4323 2.7339 0.1056
2.9333 2.4323 2.7339 0.1056
2.9333 2.4323 2.7369 0.1023
2.9333 2.4323 2.7410 0.0981
2.9333 2.4323 2.7448 0.0933
2.9333 2.4323 2.7452 0.0939
2.9333 2.4323 2.7467 0.0942
2.9333 2.4323 2.7467 0.0942
2.9333 2.4323 2.7467 0.0942
2.9333 2.4323 2.7467 0.0942
2.9333 2.4323 2.7487 0.0941
2.9333 2.4323 2.7488 0.0940
2.9333 2.4323 2.7488 0.0940
2.9333 2.4323 2.7511 0.0945
2.9333 2.4323 2.7511 0.0945
2.9333 2.4323 2.7513 0.0945
2.9333 2.4323 2.7522 0.0951
2.9333 2.4323 2.7522 0.0951
2.9333 2.4323 2.7526 0.0953
2.9333 2.4323 2.7530 0.0956
2.9333 2.4323 2.7541 0.0963
2.9333 2.4323 2.7541 0.0963
2.9333 2.4323 2.7551 0.0959
2.9333 2.4323 2.7572 0.0957
2.9333 2.4323 2.7589 0.0964
2.9333 2.4323 2.7601 0.0972
2.9333 2.4323 2.7601 0.0972
2.9333 2.4323 2.7617 0.0968
2.9333 2.4323 2.7617 0.0968
2.9333 2.4323 2.7617 0.0968
2.9333 2.4323 2.7617 0.0968
2.9333 2.4323 2.7617 0.0968
2.9333 2.4323 2.7637 0.0963
2.9333 2.4323 2.7651 0.0963
2.9333 2.4323 2.7660 0.0940
2.9333 2.4323 2.7660 0.0940
2.9333 2.4323 2.7680 0.0934
2.9333 2.4323 2.7681 0.0934
2.9333 2.4323 2.7689 0.0927
2.9333 2.4323 2.7689 0.0927
2.9333 2.4323 2.7689 0.0927
2.9333 2.4323 2.7701 0.0920
2.9333 2.4323 2.7702 0.0920
2.9333 2.4323 2.7703 0.0920
2.9333 2.4323 2.7703 0.0920
2.9333 2.4323 2.7707 0.0917
2.9333 2.4323 2.7709 0.0919
2.9333 2.4323 2.7709 0.0919
2.9333 2.4323 2.7711 0.0916
2.9333 2.4323 2.7711 0.0916
2.9333 2.4323 2.7711 0.0916
2.9333 2.4323 2.7711 0.0916
2.9333 2.4323 2.7711 0.0916
2.9333 2.4323 2.7711 0.0916
2.9333 2.4323 2.7711 0.0916
2.9425 2.4323 2.7741 0.0922
2.9425 2.4323 2.7757 0.0917
2.9425 2.4323 2.7759 0.0917
2.9425 2.4323 2.7770 0.0909
2.9425 2.4323 2.7788 0.0904
2.9425 2.4323 2.7788 0.0904
2.9425 2.4323 2.7788 0.0904
2.9425 2.4323 2.7790 0.0905
2.9425 2.4323 2.7800 0.0911
2.9425 2.4323 2.7800 0.0911
2.9425 2.4323 2.7830 0.0914
2.9425 2.4323 2.7830 0.0914
2.9425 2.4323 2.7830 0.0914
2.9425 2.4323 2.7835 0.0918
2.9425 2.4323 2.7845 0.0910
2.9425 2.4323 2.7864 0.0902
2.9425 2.4323 2.7870 0.0895
2.9425 2.4323 2.7873 0.0895
2.9425 2.4323 2.7895 0.0891
2.9425 2.4323 2.7902 0.0896
2.9425 2.4323 2.7914 0.0902
2.9425 2.4323 2.7914 0.0902
2.9425 2.4323 2.7945 0.0868
2.9425 2.4323 2.7945 0.0868
2.9425 2.4323 2.7947 0.0870
2.9425 2.4323 2.7947 0.0870
2.9425 2.4323 2.7947 0.0870
2.9425 2.4323 2.7947 0.0870
2.9425 2.4323 2.7951 0.0870
2.9425 2.4323 2.7953 0.0867
2.9425 2.4323 2.7963 0.0876
2.9425 2.4323 2.7963 0.0877
2.9425 2.4323 2.7963 0.0877
2.9425 2.4323 2.7963 0.0877
2.9425 2.4323 2.7972 0.0870
2.9425 2.4323 2.7975 0.0871
2.9425 2.4323 2.7986 0.0876
2.9425 2.4323 2.7986 0.0876
2.9425 2.4323 2.7992 0.0881
2.9425 2.4323 2.7992 0.0881
2.9425 2.4323 2.7992 0.0881
2.9425 2.4323 2.7995 0.0882
2.9649 2.4323 2.8026 0.0884
2.9649 2.4323 2.8034 0.0878
2.9649 2.4323 2.8034 0.0878
2.9649 2.4323 2.8034 0.0879
2.9649 2.4323 2.8044 0.0880
2.9649 2.4323 2.8048 0.0875
2.9649 2.4323 2.8052 0.0877
2.9649 2.4323 2.8056 0.0877
2.9649 2.4323 2.8056 0.0877
2.9649 2.4323 2.8056 0.0877
2.9649 2.4323 2.8056 0.0877
2.9649 2.4323 2.8063 0.0882
2.9649 2.4323 2.8087 0.0883
2.9649 2.4323 2.8096 0.0886
2.9649 2.4323 2.8113 0.0895
2.9649 2.4323 2.8113 0.0895
2.9649 2.4323 2.8128 0.0891
2.9649 2.4323 2.8132 0.0892
2.9649 2.4323 2.8133 0.0893
2.9649 2.4323 2.8143 0.0900
2.9649 2.4323 2.8143 0.0900
2.9649 2.4323 2.8147 0.0901
2.9649 2.4323 2.8147 0.0901
2.9649 2.4323 2.8163 0.0907
2.9649 2.4323 2.8163 0.0907
2.9649 2.4323 2.8170 0.0900
2.9649 2.4323 2.8171 0.0900
2.9649 2.4323 2.8171 0.0900
2.9649 2.4323 2.8172 0.0901
2.9649 2.4323 2.8172 0.0901
2.9649 2.4323 2.8172 0.0901
2.9649 2.4323 2.8172 0.0901
2.9649 2.4323 2.8172 0.0901
2.9649 2.4323 2.8173 0.0901
2.9649 2.4323 2.8173 0.0901
2.9649 2.4323 2.8173 0.0901
2.9649 2.5614 2.8217 0.0816
2.9649 2.5614 2.8236 0.0801
2.9649 2.5614 2.8245 0.0800
2.9649 2.5614 2.8256 0.0800
2.9649 2.5614 2.8256 0.0800
2.9649 2.5614 2.8261 0.0803
2.9649 2.5614 2.8262 0.0803
2.9649 2.5614 2.8266 0.0798
2.9649 2.5614 2.8272 0.0802
2.9649 2.5614 2.8272 0.0802
2.9649 2.5614 2.8273 0.0802
2.9915 2.5614 2.8295 0.0817
2.9915 2.5614 2.8295 0.0817
2.9915 2.5614 2.8314 0.0795
2.9915 2.5614 2.8317 0.0798
2.9915 2.5614 2.8317 0.0798
2.9915 2.5614 2.8322 0.0796
2.9915 2.5614 2.8333 0.0794
2.9915 2.5614 2.8343 0.0794
2.9915 2.5614 2.8343 0.0794
2.9915 2.5614 2.8346 0.0795
2.9915 2.5614 2.8346 0.0795
2.9915 2.5614 2.8346 0.0795
2.9915 2.5614 2.8346 0.0795
2.9915 2.5614 2.8346 0.0795
2.9915 2.5614 2.8354 0.0787
2.9915 2.5614 2.8357 0.0789
2.9915 2.5614 2.8357 0.0789
2.9915 2.5614 2.8357 0.0789
2.9915 2.5614 2.8362 0.0782
2.9915 2.5614 2.8362 0.0782
2.9915 2.5614 2.8379 0.0785
2.9915 2.5614 2.8383 0.0787
2.9915 2.5614 2.8383 0.0787
2.9915 2.5614 2.8383 0.0787
2.9915 2.5614 2.8389 0.0789
2.9915 2.5614 2.8404 0.0797
2.9915 2.5614 2.8407 0.0798
2.9915 2.5614 2.8420 0.0788
2.9915 2.5614 2.8420 0.0787
2.9915 2.5614 2.8422 0.0791
2.9915 2.5614 2.8425 0.0791
2.9915 2.5614 2.8425 0.0791
2.9915 2.5614 2.8429 0.0792
2.9915 2.5614 2.8450 0.0773
2.9915 2.5614 2.8450 0.0773
2.9915 2.5614 2.8450 0.0773
2.9915 2.5614 2.8450 0.0773
2.9915 2.5614 2.8451 0.0773
2.9915 2.5614 2.8451 0.0773
2.9915 2.5614 2.8451 0.0773
2.9915 2.5614 2.8461 0.0770
2.9915 2.5614 2.8472 0.0768
2.9915 2.5614 2.8486 0.0767
2.9915 2.5614 2.8502 0.0751
2.9915 2.5614 2.8505 0.0754
2.9915 2.5614 2.8505 0.0754
2.9915 2.5614 2.8505 0.0754
2.9915 2.5614 2.8505 0.0754
2.9915 2.5614 2.8505 0.0754
2.9915 2.5614 2.8514 0.0755
2.9915 2.5614 2.8515 0.0755
2.9915 2.5614 2.8528 0.0752
2.9915 2.5614 2.8532 0.0752
2.9915 2.6426 2.8565 0.0694
2.9915 2.6426 2.8565 0.0694
2.9915 2.6426 2.8565 0.0694
2.9915 2.6426 2.8565 0.0694
2.9915 2.6426 2.8577 0.0675
2.9915 2.6426 2.8581 0.0673
2.9915 2.6426 2.8585 0.0673
2.9915 2.6426 2.8586 0.0673
2.9915 2.6529 2.8599 0.0644
2.9915 2.6529 2.8599 0.0644
2.9915 2.6529 2.8617 0.0610
2.9915 2.6529 2.8617 0.0610
2.9915 2.6529 2.8617 0.0610
2.9915 2.6529 2.8622 0.0610
2.9915 2.6529 2.8625 0.0608
2.9915 2.6529 2.8636 0.0602
2.9915 2.6529 2.8638 0.0602
2.9915 2.6529 2.8638 0.0602
2.9915 2.6529 2.8640 0.0602
2.9915 2.6529 2.8661 0.0572
3.0129 2.6529 2.8668 0.0585
3.0129 2.6529 2.8678 0.0577
3.0129 2.6529 2.8684 0.0578
3.0129 2.7152 2.8704 0.0536
3.0129 2.7152 2.8704 0.0536
3.0129 2.7152 2.8710 0.0537
3.0129 2.7152 2.8714 0.0536
3.0129 2.7152 2.8714 0.0536
3.0129 2.7152 2.8714 0.0536
3.0129 2.7152 2.8715 0.0537
3.0129 2.7152 2.8715 0.0537
3.0129 2.7152 2.8715 0.0537
3.0129 2.7152 2.8716 0.0537
3.0129 2.7152 2.8716 0.0537
3.0129 2.7152 2.8716 0.0537
3.0129 2.7152 2.8722 0.0537
3.0129 2.7152 2.8725 0.0531
3.0129 2.7152 2.8725 0.0531
3.0129 2.7152 2.8728 0.0534
3.0129 2.7152 2.8732 0.0533
3.0129 2.7152 2.8732 0.0533
3.0129 2.7152 2.8736 0.0532
3.0129 2.7152 2.8738 0.0532
3.0129 2.7152 2.8743 0.0532
3.0129 2.7152 2.8745 0.0534
3.0129 2.7152 2.8745 0.0534
3.0129 2.7152 2.8748 0.0532
3.0129 2.7152 2.8749 0.0532
3.0129 2.7152 2.8754 0.0532
3.0129 2.7152 2.8754 0.0532
3.0129 2.7152 2.8754 0.0532
3.0129 2.7152 2.8754 0.0532
3.0129 2.7152 2.8754 0.0532
3.0129 2.7152 2.8754 0.0532
3.0129 2.7152 2.8758 0.0531
3.0129 2.7152 2.8767 0.0534
3.0129 2.7152 2.8779 0.0533
3.0129 2.7152 2.8786 0.0537
3.0129 2.7152 2.8786 0.0537
3.0129 2.7152 2.8798 0.0526
3.0129 2.7152 2.8800 0.0525
3.0129 2.7152 2.8800 0.0525
3.0129 2.7152 2.8800 0.0525
3.0129 2.7152 2.8804 0.0524
3.0129 2.7152 2.8806 0.0525
3.0129 2.7152 2.8819 0.0513
3.0129 2.7152 2.8819 0.0513
3.0129 2.7152 2.8825 0.0517
3.0129 2.7152 2.8825 0.0517
3.0129 2.7152 2.8833 0.0524
3.0129 2.7241 2.8855 0.0498
3.0129 2.7241 2.8855 0.0499
3.0129 2.7241 2.8857 0.0499
3.0129 2.7241 2.8863 0.0498
3.0129 2.7241 2.8866 0.0505
3.0129 2.7241 2.8866 0.0505
3.0129 2.7241 2.8881 0.0526
3.0129 2.7241 2.8886 0.0525
3.0129 2.7241 2.8886 0.0525
3.0129 2.7241 2.8894 0.0518
3.0129 2.7241 2.8894 0.0518
3.0129 2.7241 2.8907 0.0514
3.0129 2.7241 2.8908 0.0514
3.0129 2.7241 2.8909 0.0515
3.0129 2.7241 2.8921 0.0496
3.0129 2.7241 2.8923 0.0497
3.0129 2.7241 2.8925 0.0497
3.0129 2.7241 2.8930 0.0502
3.0129 2.7241 2.8930 0.0502
3.0129 2.7241 2.8930 0.0502
3.0129 2.7241 2.8930 0.0502
3.0129 2.7241 2.8930 0.0502
3.0129 2.7241 2.8930 0.0502
3.0129 2.7241 2.8930 0.0502
3.0129 2.7241 2.8932 0.0502
3.0129 2.7241 2.8932 0.0502
3.0129 2.7241 2.8935 0.0503
3.0129 2.7241 2.8935 0.0503
3.0129 2.7241 2.8935 0.0503
3.0129 2.7241 2.8938 0.0502
3.0129 2.7241 2.8944 0.0503
3.0129 2.7241 2.8952 0.0495
3.0129 2.7241 2.8952 0.0495
3.0129 2.7241 2.8962 0.0488
3.0129 2.7241 2.8962 0.0488
3.0129 2.7241 2.8962 0.0488
3.0129 2.7241 2.8973 0.0498
3.0129 2.7241 2.8974 0.0498
3.0129 2.7241 2.8977 0.0500
3.0129 2.7241 2.8985 0.0512
3.0129 2.7241 2.8989 0.0512
3.0129 2.7241 2.8989 0.0512
3.0129 2.7241 2.8989 0.0512
3.0129 2.7241 2.8989 0.0512
3.0129 2.7241 2.8989 0.0512
3.0129 2.7241 2.8992 0.0513
3.0129 2.7241 2.8992 0.0513
3.0129 2.7241 2.8994 0.0513
3.0129 2.7241 2.8995 0.0513
3.0129 2.7241 2.8997 0.0512
3.0129 2.7241 2.9002 0.0514
3.0129 2.7241 2.9008 0.0515
3.0129 2.7241 2.9009 0.0515
3.0129 2.7241 2.9013 0.0515
3.0129 2.7241 2.9014 0.0515
3.0129 2.7241 2.9016 0.0516
3.0129 2.7241 2.9016 0.0516
3.0129 2.7241 2.9016 0.0516
3.0129 2.7241 2.9020 0.0516
3.0129 2.7241 2.9027 0.0510
3.0129 2.7241 2.9027 0.0510
3.0129 2.7241 2.9027 0.0510
3.0129 2.7241 2.9027 0.0510
3.0129 2.7241 2.9027 0.0510
3.0129 2.7241 2.9034 0.0515
3.0129 2.7241 2.9034 0.0515
3.0129 2.7241 2.9034 0.0515
3.0129 2.7241 2.9034 0.0515
3.0129 2.7241 2.9037 0.0517
3.0129 2.7241 2.9044 0.0503
3.0129 2.7241 2.9051 0.0513
3.0129 2.7241 2.9060 0.0516
3.0129 2.7241 2.9060 0.0516
3.0129 2.7241 2.9060 0.0516
3.0129 2.7241 2.9060 0.0516
3.0129 2.7241 2.9060 0.0516
3.0129 2.7241 2.9068 0.0526
3.0129 2.7241 2.9068 0.0526
3.0129 2.7241 2.9068 0.0526
3.0129 2.7241 2.9069 0.0526
3.0129 2.7241 2.9074 0.0529
3.0129 2.7241 2.9074 0.0529
3.0129 2.7241 2.9074 0.0529
3.0129 2.7241 2.9086 0.0511
3.0129 2.7241 2.9097 0.0522
3.0129 2.7241 2.9101 0.0521
3.0129 2.7241 2.9102 0.0521
3.0129 2.7241 2.9102 0.0521
3.0129 2.7241 2.9107 0.0523
3.0129 2.7241 2.9107 0.0523
3.0129 2.7241 2.9107 0.0523
3.0129 2.7241 2.9109 0.0522
3.0129 2.7241 2.9118 0.0512
3.0129 2.7241 2.9118 0.0512
3.0129 2.7241 2.9118 0.0512
3.0129 2.7241 2.9124 0.0514
3.0129 2.7241 2.9125 0.0514
3.0129 2.7241 2.9125 0.0514
3.0129 2.7241 2.9126 0.0515
3.0129 2.7241 2.9126 0.0515
3.0129 2.7241 2.9126 0.0515
3.0129 2.7241 2.9128 0.0514
3.0129 2.7241 2.9129 0.0514
3.0129 2.7241 2.9129 0.0515
3.0129 2.7241 2.9136 0.0523
3.0129 2.7241 2.9136 0.0523
3.0129 2.7241 2.9144 0.0527
3.0129 2.7241 2.9144 0.0527
3.0129 2.7241 2.9144 0.0527
3.0129 2.7241 2.9148 0.0523
3.0129 2.7241 2.9148 0.0523
3.0129 2.7241 2.9160 0.0529
3.0129 2.7241 2.9160 0.0529
3.0129 2.7241 2.9160 0.0529
3.0129 2.7241 2.9164 0.0527
3.0129 2.7241 2.9164 0.0527
3.0129 2.7241 2.9171 0.0521
3.0129 2.7241 2.9173 0.0520
3.0129 2.7241 2.9173 0.0520
3.0129 2.7241 2.9173 0.0520
3.0129 2.7241 2.9173 0.0520
3.0129 2.7241 2.9175 0.0520
3.0129 2.7241 2.9180 0.0521
3.0129 2.7241 2.9185 0.0523
3.0129 2.7241 2.9189 0.0523
3.0129 2.7241 2.9198 0.0530
3.0129 2.7241 2.9198 0.0530
3.0129 2.7241 2.9203 0.0531
3.0129 2.7241 2.9203 0.0531
3.0129 2.7241 2.9203 0.0531
3.0129 2.7241 2.9203 0.0531
3.0129 2.7241 2.9203 0.0531
3.0129 2.7241 2.9205 0.0530
3.0129 2.7241 2.9205 0.0530
3.0129 2.7241 2.9205 0.0530
3.0129 2.7241 2.9207 0.0532
3.0129 2.7241 2.9210 0.0532
3.0129 2.7241 2.9214 0.0533
3.0129 2.7241 2.9229 0.0530
3.0129 2.7241 2.9229 0.0530
3.0129 2.7241 2.9229 0.0530
3.0129 2.7241 2.9233 0.0529
3.0129 2.7241 2.9233 0.0529
3.0129 2.7241 2.9233 0.0529
3.0129 2.7241 2.9233 0.0529
3.0129 2.7241 2.9233 0.0529
3.0129 2.7241 2.9237 0.0529
3.0129 2.7241 2.9237 0.0529
3.0129 2.7241 2.9244 0.0534
3.0129 2.7241 2.9244 0.0534
3.0129 2.7241 2.9247 0.0535
3.0131 2.7241 2.9259 0.0541
3.0131 2.7241 2.9270 0.0547
3.0131 2.7241 2.9278 0.0547
3.0131 2.7241 2.9278 0.0547
3.0131 2.7241 2.9280 0.0546
3.0131 2.7241 2.9280 0.0546
3.0131 2.7241 2.9280 0.0546
3.0131 2.7241 2.9292 0.0539
3.0131 2.7241 2.9292 0.0539
3.0131 2.7241 2.9292 0.0539
3.0131 2.7241 2.9292 0.0539
3.0131 2.7241 2.9292 0.0539
3.0131 2.7241 2.9297 0.0539
3.0131 2.7241 2.9298 0.0538
3.0131 2.7241 2.9308 0.0544
3.0131 2.7241 2.9312 0.0547
3.0131 2.7241 2.9312 0.0547
3.0131 2.7241 2.9326 0.0538
3.0131 2.7241 2.9326 0.0538
3.0131 2.7241 2.9326 0.0538
3.0131 2.7241 2.9326 0.0538
3.0131 2.7241 2.9337 0.0538
3.0131 2.7241 2.9350 0.0542
3.0131 2.7241 2.9350 0.0542
3.0131 2.7241 2.9350 0.0542
3.0131 2.7241 2.9355 0.0546
3.0131 2.7241 2.9356 0.0546
3.0131 2.7241 2.9356 0.0546
3.0131 2.7241 2.9361 0.0543
3.0131 2.7241 2.9361 0.0543
3.0131 2.7241 2.9361 0.0543
3.0131 2.7241 2.9361 0.0543
3.0131 2.7241 2.9361 0.0543
3.0131 2.7241 2.9366 0.0538
3.0131 2.7241 2.9366 0.0538
3.0131 2.7241 2.9370 0.0541
3.0131 2.7241 2.9370 0.0541
3.0131 2.7241 2.9370 0.0540
3.0131 2.7241 2.9383 0.0542
3.0131 2.7241 2.9383 0.0542
3.0131 2.7241 2.9389 0.0544
3.0131 2.7241 2.9389 0.0544
3.0185 2.7241 2.9397 0.0550
3.0185 2.7241 2.9399 0.0549
3.0185 2.7241 2.9399 0.0549
3.0185 2.7241 2.9399 0.0549
3.0185 2.7241 2.9399 0.0549
3.0185 2.7241 2.9404 0.0546
3.0185 2.7241 2.9409 0.0544
3.0185 2.7241 2.9409 0.0544
3.0185 2.7241 2.9411 0.0545
3.0185 2.7241 2.9418 0.0546
3.0185 2.7241 2.9424 0.0549
3.0185 2.7241 2.9433 0.0550
3.0185 2.7241 2.9433 0.0550
3.0185 2.7241 2.9433 0.0550
3.0185 2.7241 2.9439 0.0551
3.0185 2.7241 2.9461 0.0527
3.0185 2.7241 2.9471 0.0530
3.0185 2.7241 2.9471 0.0530
3.0185 2.7241 2.9471 0.0530
3.0185 2.7241 2.9473 0.0531
3.0185 2.7241 2.9473 0.0531
3.0185 2.7241 2.9474 0.0531
3.0185 2.7241 2.9474 0.0531
3.0185 2.7241 2.9474 0.0531
3.0185 2.7241 2.9474 0.0531
3.0185 2.7241 2.9474 0.0531
3.0185 2.7241 2.9474 0.0531
3.0185 2.7241 2.9474 0.0531
3.0185 2.7241 2.9483 0.0534
3.0185 2.7241 2.9483 0.0534
3.0185 2.7241 2.9483 0.0534
3.0185 2.7241 2.9483 0.0534
3.0185 2.7241 2.9483 0.0534
3.0185 2.7241 2.9492 0.0530
3.0185 2.7241 2.9492 0.0530
3.0185 2.7241 2.9500 0.0534
3.0185 2.7241 2.9506 0.0538
3.0185 2.7241 2.9510 0.0536
3.0185 2.7241 2.9518 0.0539
3.0185 2.7241 2.9531 0.0538
3.0185 2.7241 2.9535 0.0541
3.0185 2.7241 2.9544 0.0543
3.0185 2.7241 2.9554 0.0545
3.0185 2.7241 2.9554 0.0545
3.0185 2.7241 2.9554 0.0545
3.0185 2.7241 2.9554 0.0545
3.0185 2.7241 2.9554 0.0545
3.0185 2.7241 2.9554 0.0545
3.0185 2.7241 2.9554 0.0545
3.0185 2.7241 2.9555 0.0543
3.0185 2.7241 2.9555 0.0543
3.0185 2.7241 2.9555 0.0543
3.0185 2.7241 2.9557 0.0545
3.0185 2.7241 2.9564 0.0547
3.0185 2.7241 2.9575 0.0542
3.0185 2.7241 2.9577 0.0544
3.0185 2.7241 2.9577 0.0544
3.0185 2.7241 2.9577 0.0544
3.0185 2.7241 2.9578 0.0545
3.0185 2.7241 2.9580 0.0547
3.0185 2.7241 2.9580 0.0547
3.0185 2.7241 2.9580 0.0547
3.0185 2.7241 2.9580 0.0547
3.0185 2.7241 2.9585 0.0549
3.0185 2.7241 2.9591 0.0551
3.0185 2.7241 2.9593 0.0550
3.0185 2.7241 2.9598 0.0553
3.0185 2.7241 2.9604 0.0553
3.0185 2.7241 2.9604 0.0553
3.0185 2.7241 2.9615 0.0552
3.0185 2.7241 2.9615 0.0552
3.0539 2.7241 2.9619 0.0557
3.0539 2.7241 2.9620 0.0557
3.0539 2.7241 2.9620 0.0557
3.0539 2.7241 2.9620 0.0558
3.0539 2.7241 2.9621 0.0558
3.0539 2.7241 2.9621 0.0558
3.0539 2.7241 2.9630 0.0554
3.0539 2.7241 2.9637 0.0558
3.0539 2.7241 2.9637 0.0558
3.0539 2.7241 2.9637 0.0558
3.0539 2.7241 2.9637 0.0558
3.0539 2.7241 2.9637 0.0558
3.0539 2.7241 2.9637 0.0558
3.0539 2.7241 2.9639 0.0559
3.0539 2.7241 2.9639 0.0558
3.0539 2.7241 2.9643 0.0559
3.0539 2.7241 2.9643 0.0559
3.0539 2.7241 2.9661 0.0525
3.0539 2.7241 2.9665 0.0524
3.0539 2.7241 2.9665 0.0524
3.0539 2.7241 2.9670 0.0527
3.0539 2.7241 2.9670 0.0527
3.0539 2.7241 2.9670 0.0527
3.0539 2.7241 2.9673 0.0528
3.0539 2.7241 2.9673 0.0528
3.0539 2.7241 2.9673 0.0528
3.0539 2.7241 2.9675 0.0530
3.0539 2.7241 2.9677 0.0527
3.0539 2.7241 2.9680 0.0528
3.0539 2.7241 2.9680 0.0528
3.0539 2.7241 2.9681 0.0528
3.0539 2.7241 2.9696 0.0512
3.0539 2.7241 2.9702 0.0508
3.0539 2.7241 2.9702 0.0508
3.0539 2.7241 2.9709 0.0508
3.0539 2.7241 2.9709 0.0508
3.0539 2.7241 2.9709 0.0508
3.0539 2.7241 2.9719 0.0505
3.0539 2.7241 2.9729 0.0504
3.0539 2.7241 2.9734 0.0500
3.0539 2.7241 2.9735 0.0500
3.0539 2.7241 2.9736 0.0500
3.0539 2.7241 2.9741 0.0499
3.0539 2.7241 2.9741 0.0499
3.0539 2.7241 2.9741 0.0499
3.0539 2.7241 2.9744 0.0498
3.0539 2.7241 2.9744 0.0498
3.0539 2.7241 2.9744 0.0498
3.0539 2.7241 2.9745 0.0498
3.0539 2.8377 2.9773 0.0431
3.0539 2.8377 2.9783 0.0437
3.0539 2.8377 2.9784 0.0438
3.0539 2.8377 2.9784 0.0438
3.0539 2.8377 2.9784 0.0438
3.0539 2.8377 2.9784 0.0438
3.0539 2.8377 2.9784 0.0438
3.0539 2.8377 2.9792 0.0437
3.0539 2.8377 2.9796 0.0435
3.0539 2.8377 2.9809 0.0427
3.0539 2.8377 2.9809 0.0427
3.0539 2.8377 2.9809 0.0427
3.0539 2.8377 2.9817 0.0421
3.0539 2.8377 2.9817 0.0421
3.0539 2.8377 2.9817 0.0421
3.0539 2.8377 2.9820 0.0420
3.0539 2.8377 2.9821 0.0420
3.0539 2.8377 2.9824 0.0417
3.0556 2.8377 2.9829 0.0422
3.0556 2.8377 2.9840 0.0425
3.0556 2.8377 2.9842 0.0426
3.0556 2.8377 2.9842 0.0426
3.0556 2.8766 2.9852 0.0403
3.0556 2.8766 2.9852 0.0403
3.0556 2.8766 2.9852 0.0403
3.0556 2.8766 2.9860 0.0399
3.0556 2.8766 2.9860 0.0399
3.0556 2.8766 2.9863 0.0403
3.0556 2.8766 2.9866 0.0403
3.0556 2.8766 2.9867 0.0403
3.0556 2.8766 2.9867 0.0403
3.0556 2.8766 2.9867 0.0403
3.0556 2.8766 2.9867 0.0403
3.0556 2.8766 2.9867 0.0403
3.0556 2.8766 2.9871 0.0405
3.0556 2.8766 2.9871 0.0405
3.0556 2.8766 2.9875 0.0411
3.0556 2.8766 2.9875 0.0411
3.0556 2.8766 2.9876 0.0411
3.0556 2.8766 2.9877 0.0411
3.0556 2.8766 2.9877 0.0411
3.0556 2.8766 2.9885 0.0407
3.0556 2.8766 2.9889 0.0408
3.0556 2.8766 2.9889 0.0408
3.0556 2.8766 2.9890 0.0408
3.0556 2.8766 2.9890 0.0408
3.0556 2.8766 2.9896 0.0400
3.0556 2.8766 2.9898 0.0401
3.0556 2.8766 2.9898 0.0401
3.0556 2.8766 2.9909 0.0392
3.0556 2.8766 2.9909 0.0392
3.0556 2.8766 2.9913 0.0397
3.0556 2.8766 2.9914 0.0397
3.0556 2.8766 2.9914 0.0397
3.0556 2.8766 2.9915 0.0398
3.0556 2.8766 2.9916 0.0398
3.0556 2.8766 2.9916 0.0398
3.0556 2.8766 2.9925 0.0402
3.0556 2.8766 2.9925 0.0402
3.0556 2.8766 2.9925 0.0402
3.0556 2.8766 2.9931 0.0398
3.0556 2.8766 2.9940 0.0401
3.0556 2.8766 2.9944 0.0398
3.0556 2.8766 2.9957 0.0383
3.0556 2.8766 2.9957 0.0383
3.0556 2.8766 2.9957 0.0383
3.0556 2.8766 2.9957 0.0383
3.0556 2.8766 2.9957 0.0383
3.0556 2.8766 2.9966 0.0371
3.0556 2.8766 2.9966 0.0371
3.0556 2.8766 2.9967 0.0371
3.0806 2.8766 2.9971 0.0378
3.0806 2.8766 2.9971 0.0378
3.0806 2.8896 2.9984 0.0358
3.0806 2.8896 2.9984 0.0358
3.0806 2.8896 2.9985 0.0359
3.0806 2.8896 2.9988 0.0358
3.0806 2.8896 2.9995 0.0367
3.0806 2.8896 2.9998 0.0365
3.0806 2.8896 2.9998 0.0365
3.0806 2.8896 3.0005 0.0354
3.0806 2.8896 3.0005 0.0354
3.0806 2.8896 3.0005 0.0354
3.0806 2.8896 3.0015 0.0341
3.0806 2.8896 3.0015 0.0341
3.0806 2.8896 3.0015 0.0341
3.0806 2.8896 3.0018 0.0341
3.0806 2.8896 3.0018 0.0341
3.0806 2.8896 3.0018 0.0341
3.0806 2.8896 3.0018 0.0341
3.0806 2.8896 3.0021 0.0340
3.0806 2.8896 3.0021 0.0340
3.0806 2.8896 3.0025 0.0338
3.0806 2.8896 3.0025 0.0338
3.0806 2.8896 3.0025 0.0338
3.0806 2.8896 3.0027 0.0338
3.0806 2.8896 3.0027 0.0338
3.0806 2.8896 3.0038 0.0324
3.0806 2.8896 3.0041 0.0323
3.0806 2.8896 3.0045 0.0323
3.0806 2.8896 3.0050 0.0319
3.0806 2.8896 3.0050 0.0319
3.0806 2.8896 3.0050 0.0319
3.0806 2.8896 3.0054 0.0316
3.0806 2.8896 3.0054 0.0316
3.0806 2.8896 3.0054 0.0316
3.0806 2.8896 3.0054 0.0316
3.0806 2.8896 3.0054 0.0316
3.0806 2.8896 3.0054 0.0317
3.0806 2.8896 3.0054 0.0317
3.0806 2.8896 3.0055 0.0317
3.0806 2.8896 3.0055 0.0317
3.0806 2.8896 3.0056 0.0317
3.0806 2.8896 3.0056 0.0317
3.0806 2.8896 3.0065 0.0307
3.0806 2.8896 3.0065 0.0307
3.0806 2.8896 3.0066 0.0307
3.0806 2.8896 3.0066 0.0307
3.0806 2.8896 3.0066 0.0307
3.0806 2.8896 3.0077 0.0287
3.0806 2.8896 3.0077 0.0287
3.0806 2.8896 3.0080 0.0284
3.0806 2.8896 3.0080 0.0285
3.0806 2.8896 3.0080 0.0285
3.0806 2.8896 3.0082 0.0284
3.0806 2.8896 3.0082 0.0284
3.0806 2.8896 3.0082 0.0284
3.0806 2.8896 3.0082 0.0284
3.0806 2.8896 3.0082 0.0284
3.0806 2.8896 3.0082 0.0284
3.0806 2.8896 3.0084 0.0283
3.0806 2.8896 3.0084 0.0283
3.0806 2.8896 3.0085 0.0283
3.0806 2.8896 3.0092 0.0276
3.0863 2.8896 3.0104 0.0282
3.0863 2.8896 3.0112 0.0292
3.0863 2.8896 3.0112 0.0292
3.0863 2.8896 3.0112 0.0292
3.0863 2.8896 3.0112 0.0292
3.0863 2.8896 3.0114 0.0293
3.0863 2.8896 3.0115 0.0292
3.0863 2.8896 3.0121 0.0284
3.0863 2.8896 3.0122 0.0284
3.0863 2.8896 3.0122 0.0284
3.0863 2.8896 3.0123 0.0284
3.0863 2.8896 3.0123 0.0284
3.0863 2.8896 3.0124 0.0284
3.0863 2.8896 3.0125 0.0284
3.0863 2.8896 3.0126 0.0284
3.0863 2.8896 3.0126 0.0284
3.0863 2.8896 3.0126 0.0284
3.0863 2.8896 3.0133 0.0292
3.0863 2.8896 3.0141 0.0281
3.0863 2.8896 3.0141 0.0281
3.0863 2.8896 3.0141 0.0281
3.0863 2.8896 3.0141 0.0281
3.0863 2.8896 3.0141 0.0281
3.0863 2.8896 3.0141 0.0281
3.0863 2.8896 3.0146 0.0283
3.0863 2.8896 3.0146 0.0283
3.0863 2.8896 3.0146 0.0283
3.0863 2.8896 3.0153 0.0287
3.0863 2.8896 3.0156 0.0285
3.0863 2.8896 3.0158 0.0286
3.0863 2.8896 3.0158 0.0286
3.0863 2.8896 3.0158 0.0286
3.0863 2.8896 3.0163 0.0294
3.0863 2.8896 3.0165 0.0293
3.0863 2.8896 3.0165 0.0293
3.0863 2.8896 3.0165 0.0293
3.0863 2.8896 3.0172 0.0301
3.0863 2.8896 3.0174 0.0300
3.0863 2.8896 3.0179 0.0303
3.0863 2.8896 3.0179 0.0302
3.0863 2.8896 3.0179 0.0302
3.0863 2.8896 3.0179 0.0302
3.0863 2.8896 3.0179 0.0302
3.0863 2.8896 3.0180 0.0302
3.0863 2.8896 3.0180 0.0302
3.0863 2.8896 3.0180 0.0302
3.0863 2.8896 3.0180 0.0302
3.0863 2.8896 3.0180 0.0302
3.0863 2.8896 3.0180 0.0302
3.0863 2.8896 3.0180 0.0302
3.0863 2.8896 3.0181 0.0302
3.0863 2.8896 3.0181 0.0302
3.0863 2.8896 3.0181 0.0302
3.0863 2.8896 3.0181 0.0302
3.0863 2.8896 3.0182 0.0302
3.0863 2.8896 3.0182 0.0302
3.0879 2.8896 3.0184 0.0304
3.0879 2.8896 3.0184 0.0304
3.0879 2.8896 3.0185 0.0304
3.0879 2.8896 3.0185 0.0304
3.0879 2.8896 3.0185 0.0304
3.0879 2.8896 3.0185 0.0304
3.0879 2.8896 3.0185 0.0304
3.0879 2.8896 3.0185 0.0304
3.0879 2.8896 3.0185 0.0304
3.0879 2.8896 3.0188 0.0302
3.0879 2.8896 3.0195 0.0310
3.0879 2.8896 3.0196 0.0309
3.0879 2.8896 3.0196 0.0309
3.0879 2.8896 3.0196 0.0309
3.0879 2.8896 3.0196 0.0309
3.0879 2.8896 3.0196 0.0309
3.0879 2.8896 3.0196 0.0309
3.0879 2.8896 3.0202 0.0300
3.0879 2.8896 3.0202 0.0300
3.0879 2.8896 3.0202 0.0300
3.0879 2.8896 3.0202 0.0300
3.0879 2.8896 3.0202 0.0300
3.0879 2.8896 3.0204 0.0304
3.0879 2.8896 3.0204 0.0304
3.0879 2.8896 3.0204 0.0304
3.0879 2.8896 3.0207 0.0302
3.0879 2.8896 3.0207 0.0302
3.0879 2.8896 3.0207 0.0302
3.0879 2.8896 3.0207 0.0302
3.0879 2.8896 3.0207 0.0302
3.0879 2.8896 3.0215 0.0309
3.0879 2.8896 3.0216 0.0309
3.0879 2.8896 3.0218 0.0308
3.0879 2.8896 3.0220 0.0308
3.0879 2.8896 3.0220 0.0309
3.0879 2.8896 3.0220 0.0309
3.0879 2.8896 3.0220 0.0309
3.0879 2.8896 3.0220 0.0309
3.0879 2.8896 3.0227 0.0315
3.0879 2.8896 3.0227 0.0315
3.0879 2.8896 3.0231 0.0317
3.0879 2.8896 3.0231 0.0317
3.0879 2.8896 3.0231 0.0317
3.0879 2.8896 3.0234 0.0316
3.0879 2.8896 3.0234 0.0316
3.0879 2.8896 3.0234 0.0316
3.0879 2.8896 3.0235 0.0316
3.0879 2.8896 3.0235 0.0316
3.0879 2.8896 3.0235 0.0316
3.0879 2.8896 3.0235 0.0316
3.0879 2.8896 3.0243 0.0301
3.0879 2.8896 3.0244 0.0301
3.0879 2.8896 3.0244 0.0301
3.0879 2.8896 3.0248 0.0297
3.0879 2.8896 3.0254 0.0303
3.0879 2.8896 3.0254 0.0303
3.0879 2.8896 3.0261 0.0309
3.0879 2.8896 3.0261 0.0309
3.0879 2.8896 3.0261 0.0309
3.0879 2.8896 3.0272 0.0310
3.0879 2.8896 3.0275 0.0315
3.0879 2.9784 3.0287 0.0283
3.0879 2.9784 3.0287 0.0283
3.0879 2.9784 3.0287 0.0283
3.0879 2.9784 3.0287 0.0283
3.0879 2.9784 3.0290 0.0280
3.0879 2.9784 3.0290 0.0280
3.0879 2.9784 3.0290 0.0280
3.0879 2.9784 3.0290 0.0280
3.0879 2.9784 3.0295 0.0284
3.0879 2.9784 3.0301 0.0288
3.0879 2.9784 3.0303 0.0286
3.0879 2.9784 3.0310 0.0292
3.0879 2.9784 3.0311 0.0291
3.0879 2.9784 3.0311 0.0291
3.0879 2.9784 3.0311 0.0291
3.0879 2.9784 3.0311 0.0291
3.0879 2.9784 3.0312 0.0290
3.0879 2.9784 3.0312 0.0290
3.0879 2.9784 3.0317 0.0290
3.0879 2.9784 3.0317 0.0290
3.0879 2.9784 3.0317 0.0290
3.0879 2.9832 3.0320 0.0286
3.0879 2.9832 3.0321 0.0285
3.0879 2.9832 3.0327 0.0290
3.0879 2.9832 3.0327 0.0290
3.0879 2.9832 3.0327 0.0290
3.0879 2.9832 3.0327 0.0290
3.0879 2.9832 3.0327 0.0290
3.0879 2.9832 3.0327 0.0290
3.0879 2.9832 3.0327 0.0290
3.0879 2.9832 3.0328 0.0290
3.0879 2.9832 3.0328 0.0290
3.0879 2.9832 3.0328 0.0290
3.0879 2.9832 3.0331 0.0290
3.0879 2.9832 3.0333 0.0290
3.0879 2.9832 3.0340 0.0294
3.0879 2.9916 3.0343 0.0290
3.0879 2.9916 3.0343 0.0290
3.0879 2.9916 3.0344 0.0289
3.0879 2.9916 3.0344 0.0289
3.0879 2.9916 3.0344 0.0289
3.0879 2.9916 3.0344 0.0289
3.0879 2.9916 3.0348 0.0290
3.0879 2.9916 3.0352 0.0290
3.0879 2.9916 3.0352 0.0290
3.0879 2.9916 3.0357 0.0290
3.0879 2.9916 3.0364 0.0294
3.0879 2.9916 3.0364 0.0294
3.0879 2.9916 3.0366 0.0296
3.0879 2.9916 3.0366 0.0296
3.0879 2.9916 3.0366 0.0296
3.0879 2.9916 3.0373 0.0299
3.0879 2.9916 3.0373 0.0299
3.0879 2.9916 3.0373 0.0299
3.0879 2.9916 3.0373 0.0299
3.0879 2.9916 3.0373 0.0300
3.0879 2.9916 3.0373 0.0300
3.0879 2.9916 3.0374 0.0299
3.0879 2.9916 3.0374 0.0299
3.0879 2.9916 3.0374 0.0299
3.0879 2.9916 3.0374 0.0299
3.0879 2.9916 3.0378 0.0300
3.0879 2.9916 3.0378 0.0300
3.0879 2.9916 3.0378 0.0299
3.0879 2.9916 3.0381 0.0303
3.0879 2.9916 3.0383 0.0301
3.0879 2.9916 3.0383 0.0301
3.0879 2.9916 3.0383 0.0301
3.0879 2.9916 3.0384 0.0301
3.0879 2.9916 3.0388 0.0304
3.0879 2.9916 3.0388 0.0304
3.0879 2.9916 3.0388 0.0304
3.0879 2.9916 3.0388 0.0304
3.0879 2.9916 3.0394 0.0306
3.1002 2.9916 3.0403 0.0310
3.1002 2.9916 3.0406 0.0311
3.1002 2.9916 3.0407 0.0310
3.1002 2.9916 3.0407 0.0310
3.1002 2.9916 3.0414 0.0313
3.1002 2.9916 3.0421 0.0314
3.1002 2.9916 3.0421 0.0314
3.1002 2.9916 3.0421 0.0314
3.1002 2.9916 3.0421 0.0314
3.1002 2.9916 3.0421 0.0314
3.1002 2.9971 3.0425 0.0310
3.1002 2.9971 3.0426 0.0308
3.1002 2.9971 3.0426 0.0308
3.1002 2.9971 3.0432 0.0311
3.1002 2.9971 3.0438 0.0313
3.1002 2.9971 3.0438 0.0313
3.1002 2.9971 3.0438 0.0313
3.1060 2.9971 3.0446 0.0319
3.1060 2.9971 3.0448 0.0321
3.1060 2.9971 3.0448 0.0321
3.1060 2.9971 3.0448 0.0321
3.1060 2.9971 3.0451 0.0323
3.1060 2.9971 3.0452 0.0324
3.1060 2.9971 3.0453 0.0323
3.1060 2.9971 3.0453 0.0323
3.1060 2.9971 3.0453 0.0323
3.1060 2.9971 3.0461 0.0323
3.1060 2.9971 3.0466 0.0325
3.1060 2.9971 3.0473 0.0326
3.1060 2.9971 3.0473 0.0326
3.1060 2.9971 3.0473 0.0326
3.1060 2.9971 3.0477 0.0328
3.1060 2.9971 3.0483 0.0330
3.1060 2.9971 3.0483 0.0330
3.1060 2.9971 3.0491 0.0330
3.1060 2.9971 3.0494 0.0332
3.1060 2.9971 3.0494 0.0332
3.1060 2.9971 3.0497 0.0334
3.1060 2.9971 3.0498 0.0333
3.1060 2.9971 3.0498 0.0333
3.1060 2.9971 3.0498 0.0333
3.1060 2.9971 3.0499 0.0335
3.1060 2.9971 3.0499 0.0335
3.1060 2.9971 3.0499 0.0335
3.1060 2.9971 3.0506 0.0335
3.1060 2.9971 3.0512 0.0337
3.1060 2.9971 3.0520 0.0336
3.1060 2.9971 3.0523 0.0333
3.1060 2.9971 3.0523 0.0333
3.1060 2.9971 3.0530 0.0333
3.1060 2.9971 3.0538 0.0332
3.1060 2.9971 3.0539 0.0332
3.1060 2.9971 3.0542 0.0330
3.1060 2.9971 3.0542 0.0330
3.1060 2.9971 3.0549 0.0330
3.1060 2.9971 3.0557 0.0328
3.1060 2.9971 3.0557 0.0328
3.1060 2.9971 3.0557 0.0328
3.1060 2.9971 3.0558 0.0328
3.1060 2.9971 3.0565 0.0327
3.1060 2.9971 3.0572 0.0325
3.1060 2.9971 3.0573 0.0326
3.1060 2.9971 3.0573 0.0326
3.1060 2.9971 3.0573 0.0326
3.1060 2.9971 3.0577 0.0327
3.1060 2.9971 3.0584 0.0325
3.1060 2.9971 3.0589 0.0322
3.1060 2.9971 3.0589 0.0322
3.1060 2.9971 3.0589 0.0322
3.1060 2.9971 3.0589 0.0322
3.1060 2.9971 3.0589 0.0322
3.1060 2.9971 3.0595 0.0320
3.1060 2.9971 3.0596 0.0321
3.1060 2.9971 3.0596 0.0321
3.1060 2.9971 3.0602 0.0318
3.1060 2.9971 3.0603 0.0319
3.1060 2.9971 3.0603 0.0319
3.1060 2.9971 3.0603 0.0319
3.1060 2.9971 3.0604 0.0319
3.1060 2.9971 3.0604 0.0319
3.1060 2.9971 3.0607 0.0321
3.1060 2.9971 3.0611 0.0322
3.1060 2.9971 3.0611 0.0322
3.1060 2.9971 3.0611 0.0322
3.1060 2.9971 3.0611 0.0322
3.1060 2.9971 3.0611 0.0322
3.1060 2.9971 3.0611 0.0322
3.1060 2.9971 3.0611 0.0322
3.1060 2.9971 3.0611 0.0322
3.1060 2.9971 3.0611 0.0322
3.1060 2.9971 3.0612 0.0320
3.1060 2.9971 3.0612 0.0320
3.1060 2.9971 3.0612 0.0320
3.1060 2.9971 3.0613 0.0319
3.1060 2.9971 3.0613 0.0319
3.1060 2.9971 3.0613 0.0319
3.1060 2.9971 3.0613 0.0319
3.1060 2.9971 3.0613 0.0319
3.1060 2.9971 3.0614 0.0319
3.1060 2.9971 3.0617 0.0315
3.1060 2.9971 3.0626 0.0315
3.1060 2.9971 3.0629 0.0316
3.1060 2.9971 3.0629 0.0316
3.1060 2.9971 3.0629 0.0316
3.1060 2.9971 3.0629 0.0316
3.1060 2.9971 3.0629 0.0316
3.1060 2.9971 3.0629 0.0316
3.1060 2.9971 3.0629 0.0316
3.1060 2.9971 3.0629 0.0316
3.1060 2.9971 3.0634 0.0313
3.1060 2.9971 3.0634 0.0313
3.1060 2.9971 3.0634 0.0313
3.1060 2.9971 3.0634 0.0313
3.1060 2.9971 3.0634 0.0313
3.1060 2.9971 3.0636 0.0315
3.1060 2.9971 3.0636 0.0315
3.1060 2.9971 3.0636 0.0315
3.1060 2.9971 3.0636 0.0315
3.1060 2.9971 3.0636 0.0315
3.1060 2.9971 3.0641 0.0314
3.1060 2.9971 3.0649 0.0311
3.1060 2.9971 3.0655 0.0310
3.1060 2.9971 3.0657 0.0308
3.1060 2.9971 3.0658 0.0307
3.1060 2.9971 3.0658 0.0307
3.1060 2.9971 3.0663 0.0303
3.1060 2.9971 3.0663 0.0303
3.1060 2.9971 3.0663 0.0303
3.1060 2.9971 3.0668 0.0299
3.1060 2.9971 3.0669 0.0297
3.1060 2.9971 3.0671 0.0298
3.1060 2.9971 3.0671 0.0299
3.1060 2.9971 3.0677 0.0297
3.1060 2.9971 3.0685 0.0296
3.1060 2.9971 3.0685 0.0296
3.1060 2.9971 3.0685 0.0296
3.1060 2.9971 3.0685 0.0296
3.1060 2.9971 3.0685 0.0296
3.1060 2.9971 3.0685 0.0296
3.1060 2.9971 3.0685 0.0296
3.1060 2.9971 3.0685 0.0296
3.1060 2.9971 3.0685 0.0296
3.1060 2.9971 3.0686 0.0296
3.1060 2.9971 3.0687 0.0297
3.1060 2.9971 3.0688 0.0298
3.1060 2.9971 3.0694 0.0293
3.1060 2.9971 3.0694 0.0293
3.1060 2.9971 3.0694 0.0293
3.1060 2.9971 3.0697 0.0293
3.1060 2.9971 3.0697 0.0293
3.1060 2.9971 3.0705 0.0288
3.1060 2.9971 3.0705 0.0288
3.1060 2.9971 3.0705 0.0288
3.1060 2.9971 3.0711 0.0289
3.1060 2.9971 3.0711 0.0289
3.1060 2.9971 3.0711 0.0289
3.1060 2.9971 3.0711 0.0289
3.1060 2.9971 3.0718 0.0285
3.1060 2.9971 3.0718 0.0285
3.1060 2.9971 3.0727 0.0280
3.1060 2.9971 3.0727 0.0280
3.1060 2.9971 3.0727 0.0280
3.1060 2.9971 3.0730 0.0276
3.1060 2.9971 3.0730 0.0276
3.1060 2.9971 3.0734 0.0275
3.1060 2.9971 3.0737 0.0270
3.1060 2.9971 3.0737 0.0270
3.1060 2.9971 3.0739 0.0272
3.1060 2.9971 3.0741 0.0273
3.1060 2.9971 3.0741 0.0273
3.1060 2.9971 3.0741 0.0273
3.1060 2.9971 3.0741 0.0273
3.1060 2.9971 3.0742 0.0275
3.1060 2.9971 3.0743 0.0274
3.1060 2.9971 3.0744 0.0274
3.1060 2.9971 3.0744 0.0274
3.1060 2.9971 3.0744 0.0274
3.1060 2.9971 3.0744 0.0274
3.1060 2.9971 3.0750 0.0271
3.1060 2.9971 3.0751 0.0271
3.1060 2.9971 3.0752 0.0272
3.1060 2.9971 3.0752 0.0272
3.1060 2.9971 3.0760 0.0269
3.1060 2.9971 3.0766 0.0265
3.1060 2.9971 3.0766 0.0265
3.1060 2.9971 3.0766 0.0265
3.1060 2.9971 3.0766 0.0265
3.1060 2.9971 3.0773 0.0259
3.1060 2.9971 3.0773 0.0259
3.1060 2.9971 3.0776 0.0258
3.1060 2.9971 3.0777 0.0258
3.1060 2.9971 3.0780 0.0258
3.1078 2.9971 3.0780 0.0258
3.1078 2.9971 3.0780 0.0258
3.1078 2.9971 3.0781 0.0258
3.1078 2.9971 3.0781 0.0258
3.1078 2.9971 3.0789 0.0249
3.1078 2.9971 3.0789 0.0249
3.1078 2.9971 3.0793 0.0242
3.1078 2.9971 3.0793 0.0242
3.1078 2.9971 3.0793 0.0242
3.1078 2.9971 3.0793 0.0242
3.1088 2.9971 3.0802 0.0238
3.1088 2.9971 3.0810 0.0233
3.1088 2.9971 3.0810 0.0233
3.1088 2.9971 3.0810 0.0233
3.1088 2.9971 3.0810 0.0233
3.1088 2.9971 3.0817 0.0224
3.1088 2.9971 3.0824 0.0214
3.1088 2.9971 3.0825 0.0214
3.1088 3.0129 3.0834 0.0196
3.1088 3.0129 3.0837 0.0194
3.1088 3.0129 3.0838 0.0195
3.1088 3.0129 3.0838 0.0195
3.1088 3.0129 3.0842 0.0191
3.1088 3.0129 3.0842 0.0191
3.1088 3.0129 3.0842 0.0191
3.1088 3.0129 3.0842 0.0191
3.1088 3.0129 3.0842 0.0191
3.1088 3.0129 3.0842 0.0191
3.1088 3.0129 3.0843 0.0191
3.1088 3.0129 3.0843 0.0191
3.1088 3.0129 3.0843 0.0191
3.1088 3.0129 3.0844 0.0192
3.1088 3.0129 3.0844 0.0192
3.1088 3.0129 3.0844 0.0192
3.1088 3.0129 3.0844 0.0192
3.1088 3.0129 3.0844 0.0192
3.1088 3.0129 3.0845 0.0193
3.1088 3.0129 3.0845 0.0193
3.1088 3.0129 3.0845 0.0193
3.1088 3.0129 3.0849 0.0191
3.1088 3.0129 3.0851 0.0192
3.1088 3.0129 3.0851 0.0192
3.1088 3.0129 3.0851 0.0192
3.1088 3.0129 3.0851 0.0192
3.1088 3.0129 3.0853 0.0193
3.1088 3.0129 3.0853 0.0193
3.1088 3.0129 3.0853 0.0193
3.1088 3.0129 3.0853 0.0193
3.1088 3.0129 3.0853 0.0193
3.1088 3.0129 3.0853 0.0193
3.1088 3.0129 3.0854 0.0194
3.1088 3.0129 3.0854 0.0194
3.1088 3.0129 3.0854 0.0194
3.1088 3.0129 3.0856 0.0195
3.1088 3.0129 3.0856 0.0195
3.1088 3.0129 3.0863 0.0183
3.1088 3.0129 3.0863 0.0183
3.1088 3.0129 3.0863 0.0183
3.1088 3.0129 3.0868 0.0176
3.1088 3.0129 3.0870 0.0177
3.1088 3.0129 3.0870 0.0177
3.1088 3.0129 3.0871 0.0177
3.1088 3.0129 3.0871 0.0178
3.1088 3.0129 3.0872 0.0178
3.1088 3.0129 3.0872 0.0178
3.1088 3.0129 3.0872 0.0178
3.1088 3.0129 3.0875 0.0175
3.1088 3.0129 3.0875 0.0175
3.1088 3.0129 3.0877 0.0175
3.1088 3.0129 3.0877 0.0175
3.1088 3.0129 3.0877 0.0175
3.1088 3.0129 3.0877 0.0175
3.1088 3.0129 3.0877 0.0175
3.1088 3.0129 3.0877 0.0175
3.1088 3.0129 3.0877 0.0175
3.1088 3.0129 3.0877 0.0175
3.1088 3.0129 3.0877 0.0175
3.1088 3.0129 3.0877 0.0175
3.1088 3.0129 3.0877 0.0175
3.1088 3.0129 3.0879 0.0174
3.1088 3.0129 3.0880 0.0175
3.1088 3.0129 3.0880 0.0175
3.1088 3.0129 3.0880 0.0175
3.1088 3.0129 3.0880 0.0175
3.1088 3.0129 3.0882 0.0175
3.1088 3.0129 3.0883 0.0175
3.1088 3.0129 3.0885 0.0176
3.1088 3.0129 3.0886 0.0177
3.1088 3.0129 3.0886 0.0177
3.1088 3.0129 3.0886 0.0177
3.1088 3.0129 3.0886 0.0177
3.1088 3.0129 3.0889 0.0177
3.1088 3.0129 3.0889 0.0177
3.1088 3.0129 3.0889 0.0177
3.1088 3.0129 3.0889 0.0177
3.1088 3.0129 3.0889 0.0177
3.1088 3.0129 3.0889 0.0177
3.1088 3.0129 3.0892 0.0178
3.1088 3.0129 3.0892 0.0178
3.1088 3.0129 3.0892 0.0178
3.1088 3.0129 3.0892 0.0178
3.1088 3.0185 3.0900 0.0161
3.1088 3.0185 3.0900 0.0161
3.1088 3.0185 3.0900 0.0161
3.1088 3.0185 3.0900 0.0161
3.1088 3.0185 3.0900 0.0161
3.1088 3.0185 3.0900 0.0161
3.1088 3.0185 3.0901 0.0161
3.1088 3.0185 3.0901 0.0161
3.1088 3.0185 3.0903 0.0159
3.1088 3.0185 3.0905 0.0159
3.1088 3.0185 3.0905 0.0159
3.1088 3.0185 3.0907 0.0160
3.1088 3.0185 3.0908 0.0161
3.1088 3.0185 3.0910 0.0161
3.1088 3.0185 3.0912 0.0162
3.1088 3.0185 3.0912 0.0162
3.1088 3.0185 3.0914 0.0163
3.1088 3.0185 3.0914 0.0163
3.1088 3.0185 3.0915 0.0163
3.1088 3.0185 3.0915 0.0163
3.1088 3.0185 3.0917 0.0163
3.1088 3.0185 3.0917 0.0163
3.1088 3.0185 3.0917 0.0164
3.1088 3.0185 3.0917 0.0164
3.1088 3.0185 3.0917 0.0164
3.1088 3.0185 3.0918 0.0164
3.1088 3.0185 3.0918 0.0164
3.1088 3.0185 3.0918 0.0164
3.1088 3.0185 3.0918 0.0164
3.1088 3.0185 3.0919 0.0164
3.1088 3.0185 3.0920 0.0164
3.1088 3.0185 3.0920 0.0164
3.1088 3.0185 3.0924 0.0160
3.1088 3.0185 3.0926 0.0161
3.1088 3.0185 3.0927 0.0161
3.1088 3.0185 3.0927 0.0161
3.1088 3.0185 3.0935 0.0143
3.1088 3.0185 3.0935 0.0143
3.1088 3.0185 3.0935 0.0143
3.1088 3.0185 3.0935 0.0143
3.1088 3.0185 3.0935 0.0143
3.1088 3.0185 3.0937 0.0144
3.1088 3.0185 3.0937 0.0144
3.1088 3.0185 3.0938 0.0144
3.1088 3.0185 3.0938 0.0144
3.1088 3.0185 3.0938 0.0144
3.1088 3.0185 3.0938 0.0144
3.1088 3.0185 3.0938 0.0144
3.1088 3.0185 3.0940 0.0135
3.1088 3.0185 3.0940 0.0135
3.1088 3.0185 3.0943 0.0131
3.1088 3.0185 3.0943 0.0130
3.1088 3.0185 3.0947 0.0124
3.1088 3.0185 3.0947 0.0124
3.1088 3.0185 3.0947 0.0124
3.1088 3.0185 3.0947 0.0124
3.1088 3.0185 3.0947 0.0124
3.1088 3.0185 3.0947 0.0124
3.1088 3.0185 3.0947 0.0124
3.1088 3.0185 3.0947 0.0124
3.1088 3.0185 3.0947 0.0124
3.1088 3.0185 3.0948 0.0123
3.1088 3.0185 3.0950 0.0124
3.1088 3.0185 3.0950 0.0124
3.1088 3.0185 3.0950 0.0124
3.1088 3.0185 3.0950 0.0124
3.1088 3.0185 3.0952 0.0124
3.1088 3.0185 3.0952 0.0124
3.1088 3.0185 3.0952 0.0124
3.1088 3.0185 3.0953 0.0124
3.1088 3.0185 3.0953 0.0124
3.1088 3.0185 3.0955 0.0124
3.1088 3.0185 3.0955 0.0124
3.1088 3.0185 3.0955 0.0124
3.1088 3.0185 3.0957 0.0124
3.1088 3.0185 3.0957 0.0124
3.1120 3.0185 3.0957 0.0125
3.1120 3.0185 3.0960 0.0125
3.1120 3.0185 3.0960 0.0126
3.1120 3.0185 3.0960 0.0126
3.1120 3.0185 3.0960 0.0126
3.1120 3.0185 3.0962 0.0126
3.1120 3.0185 3.0962 0.0126
3.1120 3.0185 3.0962 0.0126
3.1120 3.0185 3.0962 0.0126
3.1120 3.0185 3.0962 0.0126
3.1120 3.0185 3.0962 0.0126
3.1120 3.0185 3.0962 0.0126
3.1120 3.0185 3.0962 0.0126
3.1120 3.0185 3.0962 0.0126
3.1120 3.0185 3.0963 0.0126
3.1120 3.0185 3.0968 0.0121
3.1120 3.0185 3.0968 0.0121
3.1120 3.0185 3.0968 0.0121
3.1120 3.0185 3.0968 0.0121
3.1120 3.0185 3.0969 0.0121
3.1120 3.0185 3.0970 0.0122
3.1120 3.0185 3.0970 0.0122
3.1120 3.0185 3.0972 0.0122
3.1120 3.0185 3.0972 0.0122
3.1120 3.0185 3.0974 0.0122
3.1120 3.0185 3.0974 0.0122
3.1120 3.0185 3.0974 0.0122
3.1120 3.0185 3.0974 0.0122
3.1120 3.0185 3.0974 0.0122
3.1120 3.0185 3.0974 0.0122
3.1120 3.0185 3.0974 0.0122
3.1120 3.0185 3.0975 0.0122
3.1120 3.0185 3.0976 0.0122
3.1120 3.0185 3.0976 0.0122
3.1120 3.0185 3.0977 0.0122
3.1120 3.0185 3.0978 0.0122
3.1120 3.0185 3.0978 0.0122
3.1120 3.0185 3.0978 0.0122
3.1120 3.0185 3.0980 0.0122
3.1120 3.0185 3.0980 0.0123
3.1120 3.0185 3.0982 0.0123
3.1120 3.0185 3.0982 0.0123
3.1120 3.0185 3.0984 0.0122
3.1120 3.0185 3.0984 0.0122
3.1120 3.0185 3.0984 0.0122
3.1120 3.0185 3.0984 0.0122
3.1120 3.0185 3.0984 0.0122
3.1120 3.0185 3.0985 0.0122
3.1120 3.0185 3.0986 0.0122
3.1120 3.0185 3.0986 0.0122
3.1120 3.0185 3.0986 0.0122
3.1120 3.0185 3.0986 0.0122
3.1120 3.0185 3.0986 0.0122
3.1120 3.0185 3.0988 0.0122
3.1120 3.0185 3.0989 0.0123
3.1120 3.0185 3.0991 0.0117
3.1120 3.0185 3.0991 0.0117
3.1120 3.0185 3.0993 0.0116
3.1120 3.0185 3.0993 0.0116
3.1120 3.0185 3.0995 0.0116
3.1120 3.0185 3.0995 0.0116
3.1120 3.0185 3.0995 0.0116
3.1120 3.0185 3.0995 0.0116
3.1120 3.0185 3.0995 0.0116
3.1120 3.0185 3.0997 0.0116
3.1120 3.0185 3.0997 0.0116
3.1120 3.0185 3.0999 0.0116
3.1120 3.0872 3.1008 0.0082
3.1120 3.0872 3.1008 0.0082
3.1120 3.0872 3.1008 0.0082
3.1120 3.0872 3.1008 0.0082
3.1120 3.0872 3.1008 0.0082
3.1120 3.0872 3.1010 0.0081
3.1120 3.0872 3.1010 0.0081
3.1120 3.0872 3.1010 0.0081
3.1120 3.0872 3.1010 0.0081
3.1120 3.0872 3.1010 0.0081
3.1120 3.0872 3.1010 0.0081
3.1120 3.0872 3.1010 0.0081
3.1120 3.0872 3.1010 0.0081
3.1120 3.0872 3.1010 0.0081
3.1120 3.0872 3.1012 0.0080
3.1120 3.0872 3.1013 0.0079
3.1120 3.0872 3.1013 0.0079
3.1120 3.0872 3.1015 0.0078
3.1120 3.0872 3.1015 0.0078
3.1120 3.0872 3.1015 0.0079
3.1120 3.0875 3.1017 0.0078
3.1120 3.0875 3.1018 0.0078
3.1120 3.0875 3.1018 0.0078
3.1120 3.0875 3.1019 0.0078
3.1120 3.0875 3.1020 0.0077
3.1120 3.0875 3.1021 0.0077
3.1120 3.0875 3.1023 0.0076
3.1120 3.0875 3.1023 0.0076
3.1120 3.0875 3.1023 0.0076
3.1120 3.0875 3.1023 0.0076
3.1120 3.0875 3.1023 0.0077
3.1120 3.0875 3.1024 0.0077
3.1120 3.0875 3.1024 0.0077
3.1120 3.0875 3.1025 0.0076
3.1120 3.0875 3.1025 0.0076
3.1120 3.0875 3.1025 0.0076
3.1120 3.0875 3.1025 0.0076
3.1120 3.0875 3.1025 0.0076
3.1120 3.0875 3.1025 0.0076
3.1120 3.0875 3.1025 0.0076
3.1120 3.0875 3.1026 0.0076
3.1120 3.0875 3.1026 0.0076
3.1120 3.0875 3.1026 0.0076
3.1120 3.0875 3.1026 0.0076
3.1120 3.0875 3.1027 0.0076
3.1120 3.0875 3.1027 0.0076
3.1120 3.0875 3.1027 0.0076
3.1120 3.0875 3.1027 0.0076
3.1120 3.0875 3.1027 0.0076
3.1120 3.0875 3.1027 0.0076
3.1120 3.0875 3.1027 0.0076
3.1120 3.0875 3.1027 0.0076
3.1120 3.0879 3.1029 0.0075
3.1120 3.0879 3.1029 0.0075
3.1120 3.0879 3.1029 0.0075
3.1120 3.0879 3.1030 0.0075
3.1120 3.0879 3.1030 0.0075
3.1120 3.0879 3.1030 0.0075
3.1120 3.0879 3.1030 0.0075
3.1120 3.0879 3.1031 0.0075
3.1120 3.0879 3.1031 0.0075
3.1120 3.0879 3.1031 0.0075
3.1120 3.0879 3.1031 0.0075
3.1120 3.0879 3.1031 0.0075
3.1120 3.0879 3.1031 0.0075
3.1120 3.0879 3.1031 0.0076
3.1120 3.0879 3.1031 0.0076
3.1120 3.0879 3.1031 0.0076
3.1120 3.0879 3.1031 0.0076
3.1120 3.0879 3.1031 0.0076
3.1120 3.0879 3.1031 0.0076
3.1120 3.0879 3.1032 0.0074
3.1120 3.0879 3.1032 0.0074
3.1120 3.0879 3.1032 0.0074
3.1120 3.0879 3.1032 0.0074
3.1120 3.0879 3.1033 0.0074
3.1120 3.0879 3.1033 0.0074
3.1120 3.0879 3.1033 0.0074
3.1120 3.0879 3.1033 0.0074
3.1120 3.0879 3.1033 0.0074
3.1120 3.0879 3.1033 0.0074
3.1120 3.0879 3.1033 0.0074
3.1120 3.0879 3.1033 0.0074
3.1120 3.0879 3.1033 0.0075
3.1120 3.0879 3.1033 0.0075
3.1120 3.0879 3.1033 0.0075
3.1120 3.0879 3.1033 0.0075
3.1120 3.0879 3.1033 0.0075
3.1120 3.0879 3.1034 0.0075
3.1120 3.0879 3.1035 0.0075
3.1120 3.0879 3.1035 0.0075
3.1120 3.0879 3.1035 0.0075
3.1120 3.0879 3.1037 0.0074
3.1120 3.0879 3.1037 0.0074
3.1120 3.0879 3.1037 0.0074
3.1120 3.0879 3.1037 0.0074
3.1120 3.0879 3.1037 0.0074
3.1120 3.0879 3.1038 0.0074
3.1120 3.0879 3.1038 0.0074
3.1120 3.0879 3.1038 0.0074
3.1120 3.0879 3.1038 0.0074
3.1120 3.0879 3.1038 0.0074
3.1120 3.0879 3.1038 0.0075
3.1120 3.0879 3.1039 0.0075
3.1120 3.0879 3.1039 0.0075
3.1120 3.0879 3.1039 0.0075
3.1120 3.0879 3.1039 0.0075
3.1120 3.0879 3.1039 0.0075
3.1120 3.0879 3.1040 0.0075
3.1120 3.0879 3.1040 0.0075
3.1120 3.0879 3.1042 0.0073
3.1120 3.0879 3.1043 0.0071
3.1120 3.0879 3.1043 0.0071
3.1120 3.0879 3.1043 0.0071
3.1120 3.0879 3.1043 0.0071
3.1120 3.0879 3.1043 0.0071
3.1120 3.0879 3.1043 0.0071
3.1120 3.0879 3.1043 0.0071
3.1120 3.0879 3.1045 0.0070
3.1120 3.0879 3.1045 0.0070
3.1120 3.0879 3.1045 0.0070
3.1120 3.0879 3.1045 0.0070
3.1120 3.0879 3.1047 0.0068
3.1120 3.0879 3.1047 0.0068
3.1120 3.0879 3.1047 0.0068
3.1120 3.0879 3.1049 0.0066
3.1120 3.0879 3.1050 0.0067
3.1120 3.0879 3.1050 0.0067
3.1120 3.0879 3.1050 0.0067
3.1120 3.0879 3.1050 0.0067
3.1120 3.0879 3.1050 0.0067
3.1120 3.0879 3.1050 0.0067
3.1120 3.0879 3.1050 0.0067
3.1120 3.0879 3.1050 0.0067
3.1120 3.0879 3.1050 0.0067
3.1120 3.0879 3.1053 0.0065
3.1120 3.0879 3.1053 0.0065
3.1120 3.0879 3.1053 0.0065
3.1120 3.0879 3.1053 0.0065
3.1120 3.0879 3.1053 0.0066
3.1120 3.0879 3.1053 0.0066
3.1120 3.0879 3.1055 0.0063
3.1120 3.0879 3.1055 0.0063
3.1120 3.0879 3.1056 0.0063
3.1120 3.0879 3.1057 0.0061
3.1120 3.0879 3.1058 0.0061
3.1120 3.0879 3.1058 0.0061
3.1120 3.0879 3.1058 0.0061
3.1120 3.0879 3.1059 0.0061
3.1120 3.0879 3.1059 0.0061
3.1120 3.0879 3.1059 0.0061
3.1120 3.0879 3.1059 0.0061
3.1120 3.0879 3.1060 0.0061
3.1120 3.0879 3.1060 0.0061
3.1120 3.0879 3.1061 0.0061
3.1120 3.0879 3.1061 0.0061
3.1120 3.0879 3.1063 0.0058
3.1120 3.0879 3.1063 0.0058
3.1120 3.0879 3.1065 0.0056
3.1124 3.0879 3.1065 0.0056
3.1124 3.0879 3.1065 0.0056
3.1124 3.0879 3.1066 0.0056
3.1124 3.0879 3.1066 0.0056
3.1124 3.0879 3.1066 0.0056
3.1124 3.0879 3.1066 0.0056
3.1124 3.0879 3.1066 0.0056
3.1124 3.0879 3.1067 0.0056
3.1124 3.0879 3.1067 0.0056
3.1124 3.0879 3.1067 0.0056
3.1124 3.0879 3.1067 0.0056
3.1124 3.0879 3.1067 0.0056
3.1124 3.0879 3.1067 0.0056
3.1124 3.0879 3.1067 0.0056
3.1124 3.0879 3.1067 0.0057
3.1124 3.0879 3.1068 0.0057
3.1124 3.0879 3.1068 0.0057
3.1124 3.0879 3.1070 0.0054
3.1124 3.0879 3.1070 0.0054
3.1124 3.0879 3.1070 0.0054
3.1124 3.0879 3.1070 0.0054
3.1124 3.0879 3.1071 0.0054
3.1124 3.0879 3.1071 0.0054
3.1124 3.0879 3.1071 0.0054
3.1124 3.0879 3.1071 0.0054
3.1124 3.0879 3.1072 0.0055
3.1124 3.0879 3.1072 0.0055
3.1124 3.0879 3.1072 0.0055
3.1124 3.0879 3.1072 0.0055
3.1124 3.0879 3.1072 0.0055
3.1124 3.0879 3.1072 0.0055
3.1124 3.0879 3.1072 0.0055
3.1124 3.0879 3.1072 0.0055
3.1124 3.0879 3.1072 0.0055
3.1124 3.0879 3.1072 0.0055
3.1124 3.0879 3.1072 0.0055
3.1124 3.0879 3.1072 0.0055
3.1124 3.0879 3.1073 0.0055
3.1124 3.0879 3.1073 0.0055
3.1124 3.0879 3.1073 0.0055
3.1124 3.0879 3.1073 0.0055
3.1124 3.0879 3.1073 0.0055
3.1124 3.0879 3.1073 0.0055
3.1124 3.0879 3.1074 0.0055
3.1124 3.0879 3.1074 0.0056
3.1124 3.0879 3.1074 0.0056
3.1124 3.0879 3.1074 0.0056
3.1124 3.0879 3.1074 0.0056
3.1124 3.0879 3.1074 0.0056
3.1124 3.0879 3.1075 0.0056
3.1124 3.0879 3.1076 0.0055
3.1124 3.0879 3.1076 0.0055
3.1124 3.0879 3.1077 0.0056
3.1124 3.0879 3.1077 0.0056
3.1124 3.0879 3.1077 0.0056
3.1124 3.0879 3.1078 0.0056
3.1124 3.0879 3.1078 0.0056
3.1124 3.0879 3.1078 0.0056
3.1124 3.0879 3.1078 0.0056
3.1124 3.0879 3.1078 0.0056
3.1124 3.0879 3.1078 0.0056
3.1124 3.0879 3.1078 0.0056
3.1124 3.0879 3.1079 0.0056
3.1124 3.0879 3.1079 0.0056
3.1124 3.0879 3.1079 0.0056
3.1124 3.0879 3.1079 0.0056
3.1124 3.0879 3.1079 0.0056
3.1124 3.0879 3.1079 0.0056
3.1124 3.0879 3.1079 0.0056
3.1124 3.0879 3.1079 0.0056
3.1124 3.0879 3.1081 0.0053
3.1124 3.0879 3.1081 0.0053
3.1124 3.0879 3.1081 0.0053
3.1124 3.0879 3.1082 0.0053
3.1124 3.0879 3.1084 0.0049
3.1124 3.0879 3.1084 0.0049
3.1124 3.0879 3.1084 0.0049
3.1124 3.0879 3.1084 0.0049
3.1124 3.0879 3.1084 0.0049
3.1124 3.0879 3.1085 0.0049
3.1124 3.0879 3.1085 0.0049
3.1124 3.0879 3.1085 0.0049
3.1124 3.0879 3.1085 0.0049
3.1124 3.0879 3.1085 0.0049
3.1124 3.0879 3.1086 0.0049
3.1124 3.0879 3.1086 0.0049
3.1124 3.0879 3.1086 0.0049
3.1124 3.0879 3.1086 0.0049
3.1124 3.0879 3.1086 0.0049
3.1124 3.0879 3.1086 0.0049
3.1124 3.0879 3.1086 0.0049
3.1124 3.0879 3.1086 0.0049
3.1124 3.0879 3.1087 0.0049
3.1124 3.0879 3.1087 0.0049
3.1124 3.0879 3.1087 0.0049
3.1124 3.0879 3.1087 0.0049
3.1124 3.0879 3.1087 0.0049
3.1124 3.0879 3.1087 0.0049
3.1124 3.0879 3.1087 0.0049
3.1124 3.0879 3.1087 0.0049
3.1124 3.0879 3.1087 0.0049
3.1124 3.0879 3.1087 0.0049
3.1124 3.0879 3.1087 0.0049
3.1124 3.0879 3.1089 0.0045
3.1124 3.0879 3.1089 0.0045
3.1124 3.0879 3.1089 0.0045
3.1124 3.0879 3.1089 0.0045
3.1124 3.0879 3.1091 0.0040
3.1124 3.0879 3.1092 0.0040
3.1124 3.0879 3.1092 0.0040
3.1124 3.0879 3.1092 0.0040
3.1124 3.0879 3.1093 0.0039
3.1124 3.0879 3.1093 0.0039
3.1124 3.0879 3.1093 0.0039
3.1124 3.0879 3.1093 0.0039
3.1124 3.0879 3.1093 0.0039
3.1124 3.0879 3.1093 0.0039
3.1124 3.0879 3.1093 0.0039
3.1124 3.0879 3.1093 0.0039
3.1124 3.0879 3.1093 0.0039
3.1124 3.0879 3.1093 0.0039
3.1124 3.0879 3.1094 0.0039
3.1124 3.0879 3.1094 0.0039
3.1124 3.0879 3.1094 0.0039
3.1124 3.0879 3.1094 0.0039
3.1124 3.0889 3.1096 0.0033
3.1124 3.0889 3.1096 0.0033
3.1124 3.0889 3.1096 0.0033
3.1124 3.0889 3.1096 0.0033
3.1124 3.0889 3.1096 0.0033
3.1124 3.0889 3.1096 0.0033
3.1124 3.0889 3.1096 0.0033
3.1124 3.0889 3.1096 0.0033
3.1124 3.0889 3.1097 0.0033
3.1124 3.0889 3.1097 0.0033
3.1124 3.0889 3.1097 0.0033
3.1124 3.0889 3.1097 0.0033
3.1124 3.0889 3.1097 0.0033
3.1124 3.0889 3.1097 0.0033
3.1124 3.0889 3.1097 0.0033
3.1124 3.0889 3.1097 0.0033
3.1124 3.0889 3.1097 0.0033
3.1124 3.0889 3.1097 0.0033
3.1124 3.0889 3.1097 0.0033
3.1124 3.0889 3.1098 0.0033
3.1124 3.0889 3.1098 0.0032
3.1124 3.0889 3.1098 0.0032
3.1124 3.0889 3.1099 0.0032
3.1124 3.0889 3.1099 0.0032
3.1124 3.0889 3.1099 0.0032
3.1124 3.0889 3.1099 0.0032
3.1124 3.0889 3.1099 0.0032
3.1124 3.0889 3.1099 0.0032
3.1124 3.0889 3.1099 0.0032
3.1124 3.0889 3.1099 0.0032
3.1124 3.0889 3.1099 0.0032
3.1124 3.0889 3.1099 0.0032
3.1124 3.0889 3.1099 0.0032
3.1124 3.0889 3.1099 0.0032
3.1124 3.0889 3.1099 0.0032
3.1124 3.0889 3.1099 0.0032
3.1124 3.0889 3.1099 0.0032
3.1124 3.0889 3.1100 0.0032
3.1124 3.1002 3.1102 0.0024
3.1124 3.1002 3.1102 0.0024
3.1124 3.1002 3.1102 0.0024
3.1124 3.1002 3.1102 0.0024
3.1124 3.1002 3.1102 0.0024
3.1124 3.1002 3.1102 0.0024
3.1124 3.1002 3.1102 0.0024
3.1124 3.1002 3.1102 0.0024
3.1124 3.1002 3.1102 0.0024
3.1124 3.1002 3.1103 0.0025
3.1124 3.1002 3.1103 0.0024
3.1124 3.1002 3.1103 0.0024
3.1124 3.1002 3.1103 0.0024
3.1124 3.1002 3.1103 0.0024
3.1124 3.1002 3.1103 0.0025
3.1124 3.1002 3.1103 0.0025
3.1124 3.1002 3.1103 0.0025
3.1124 3.1002 3.1104 0.0023
3.1124 3.1002 3.1104 0.0023
3.1124 3.1002 3.1104 0.0023
3.1124 3.1002 3.1104 0.0023
3.1124 3.1002 3.1104 0.0023
3.1124 3.1002 3.1104 0.0023
3.1124 3.1002 3.1104 0.0023
3.1124 3.1002 3.1104 0.0023
3.1124 3.1002 3.1104 0.0023
3.1124 3.1002 3.1104 0.0023
3.1124 3.1002 3.1104 0.0023
3.1124 3.1002 3.1104 0.0023
3.1124 3.1002 3.1104 0.0023
3.1124 3.1002 3.1104 0.0023
3.1124 3.1002 3.1104 0.0023
3.1124 3.1002 3.1105 0.0023
3.1124 3.1002 3.1105 0.0023
3.1124 3.1008 3.1106 0.0020
3.1124 3.1008 3.1106 0.0021
3.1124 3.1008 3.1106 0.0021
3.1124 3.1008 3.1106 0.0021
3.1124 3.1008 3.1107 0.0019
3.1124 3.1008 3.1107 0.0019
3.1124 3.1008 3.1107 0.0019
3.1124 3.1008 3.1107 0.0019
3.1124 3.1008 3.1107 0.0019
3.1124 3.1008 3.1107 0.0019
3.1124 3.1008 3.1107 0.0019
3.1124 3.1008 3.1107 0.0019
3.1124 3.1008 3.1107 0.0019
3.1124 3.1008 3.1107 0.0019
3.1124 3.1008 3.1107 0.0019
3.1124 3.1008 3.1107 0.0019
3.1124 3.1008 3.1107 0.0019
3.1124 3.1008 3.1107 0.0019
3.1124 3.1008 3.1107 0.0019
3.1124 3.1008 3.1107 0.0019
3.1124 3.1008 3.1107 0.0019
3.1124 3.1008 3.1107 0.0019
3.1124 3.1008 3.1107 0.0019
3.1124 3.1008 3.1107 0.0019
3.1124 3.1008 3.1108 0.0019
3.1124 3.1008 3.1108 0.0019
3.1124 3.1008 3.1108 0.0019
3.1124 3.1008 3.1108 0.0019
3.1124 3.1008 3.1108 0.0019
3.1124 3.1008 3.1108 0.0019
3.1124 3.1008 3.1108 0.0019
3.1124 3.1008 3.1108 0.0019
3.1124 3.1008 3.1108 0.0019
3.1124 3.1008 3.1109 0.0019
3.1124 3.1008 3.1109 0.0019
3.1124 3.1008 3.1109 0.0019
3.1124 3.1008 3.1109 0.0019
3.1124 3.1008 3.1109 0.0019
3.1124 3.1008 3.1109 0.0019
3.1124 3.1008 3.1109 0.0019
3.1124 3.1008 3.1109 0.0019
3.1124 3.1008 3.1109 0.0019
3.1124 3.1008 3.1109 0.0019
3.1124 3.1008 3.1109 0.0019
3.1124 3.1066 3.1110 0.0016
3.1124 3.1066 3.1110 0.0016
3.1124 3.1066 3.1110 0.0016
3.1124 3.1066 3.1110 0.0016
3.1124 3.1066 3.1110 0.0016
3.1124 3.1066 3.1110 0.0016
3.1124 3.1066 3.1110 0.0016
3.1129 3.1066 3.1110 0.0016
3.1129 3.1066 3.1110 0.0016
3.1129 3.1066 3.1110 0.0016
3.1129 3.1066 3.1110 0.0016
3.1129 3.1066 3.1110 0.0016
3.1129 3.1066 3.1110 0.0016
3.1129 3.1066 3.1110 0.0016
3.1129 3.1066 3.1110 0.0016
3.1129 3.1066 3.1110 0.0016
3.1129 3.1066 3.1111 0.0016
3.1129 3.1066 3.1111 0.0016
3.1129 3.1066 3.1111 0.0016
3.1129 3.1066 3.1111 0.0016
3.1129 3.1066 3.1111 0.0016
3.1129 3.1066 3.1111 0.0016
3.1129 3.1066 3.1111 0.0016
3.1129 3.1066 3.1111 0.0016
3.1129 3.1066 3.1111 0.0016
3.1129 3.1066 3.1111 0.0016
3.1129 3.1066 3.1111 0.0016
3.1129 3.1066 3.1111 0.0016
3.1129 3.1066 3.1111 0.0016
3.1129 3.1066 3.1111 0.0016
3.1129 3.1066 3.1111 0.0016
3.1129 3.1066 3.1111 0.0016
3.1129 3.1066 3.1111 0.0015
3.1129 3.1066 3.1111 0.0015
3.1129 3.1066 3.1111 0.0015
3.1129 3.1066 3.1111 0.0016
3.1129 3.1066 3.1111 0.0016
3.1129 3.1066 3.1111 0.0015
3.1129 3.1066 3.1111 0.0015
3.1129 3.1066 3.1111 0.0015
3.1129 3.1066 3.1112 0.0015
3.1129 3.1066 3.1112 0.0015
3.1129 3.1066 3.1112 0.0015
3.1129 3.1066 3.1112 0.0015
3.1129 3.1066 3.1112 0.0015
3.1129 3.1066 3.1112 0.0015
3.1129 3.1066 3.1112 0.0015
3.1129 3.1066 3.1112 0.0015
3.1129 3.1066 3.1112 0.0015
3.1129 3.1066 3.1112 0.0015
3.1129 3.1066 3.1112 0.0015
3.1129 3.1066 3.1112 0.0015
3.1129 3.1066 3.1112 0.0015
3.1129 3.1066 3.1112 0.0015
3.1129 3.1066 3.1112 0.0015
3.1129 3.1066 3.1112 0.0015
3.1129 3.1066 3.1112 0.0015
3.1129 3.1066 3.1112 0.0015
3.1129 3.1066 3.1112 0.0015
3.1129 3.1066 3.1112 0.0015
3.1129 3.1066 3.1112 0.0015
3.1129 3.1066 3.1112 0.0015
3.1129 3.1066 3.1112 0.0015
3.1129 3.1066 3.1112 0.0015
3.1129 3.1066 3.1112 0.0015
3.1129 3.1066 3.1112 0.0015
3.1129 3.1066 3.1112 0.0015
3.1129 3.1066 3.1112 0.0015
3.1129 3.1066 3.1112 0.0015
3.1129 3.1066 3.1112 0.0015
3.1129 3.1066 3.1112 0.0015
3.1129 3.1066 3.1112 0.0015
3.1129 3.1066 3.1113 0.0015
3.1129 3.1066 3.1113 0.0015
3.1129 3.1066 3.1113 0.0015
3.1129 3.1066 3.1113 0.0015
3.1129 3.1066 3.1113 0.0015
3.1129 3.1066 3.1113 0.0015
3.1129 3.1066 3.1113 0.0015
3.1129 3.1066 3.1113 0.0015
3.1129 3.1066 3.1113 0.0015
3.1129 3.1066 3.1113 0.0015
3.1129 3.1066 3.1113 0.0015
3.1129 3.1066 3.1113 0.0015
3.1129 3.1066 3.1113 0.0015
3.1129 3.1066 3.1113 0.0015
3.1129 3.1066 3.1114 0.0014
3.1129 3.1066 3.1114 0.0014
3.1129 3.1066 3.1114 0.0014
3.1129 3.1068 3.1115 0.0013
3.1129 3.1068 3.1115 0.0013
3.1129 3.1068 3.1115 0.0013
3.1129 3.1068 3.1115 0.0013
3.1129 3.1068 3.1115 0.0013
3.1129 3.1068 3.1115 0.0013
3.1129 3.1068 3.1115 0.0013
3.1129 3.1068 3.1115 0.0013
3.1129 3.1068 3.1115 0.0013
3.1129 3.1068 3.1115 0.0013
3.1129 3.1068 3.1115 0.0013
3.1129 3.1068 3.1115 0.0013
3.1129 3.1068 3.1115 0.0013
3.1129 3.1068 3.1115 0.0013
3.1129 3.1068 3.1115 0.0013
3.1129 3.1068 3.1115 0.0012
3.1129 3.1068 3.1116 0.0012
3.1129 3.1068 3.1116 0.0012
3.1129 3.1068 3.1116 0.0012
3.1129 3.1068 3.1116 0.0012
3.1129 3.1068 3.1116 0.0012
3.1129 3.1068 3.1116 0.0012
3.1129 3.1068 3.1116 0.0012
3.1129 3.1068 3.1116 0.0012
3.1129 3.1068 3.1116 0.0012
3.1129 3.1068 3.1116 0.0012
3.1129 3.1068 3.1116 0.0012
3.1129 3.1068 3.1116 0.0012
3.1129 3.1068 3.1116 0.0012
3.1129 3.1068 3.1116 0.0012
3.1129 3.1068 3.1116 0.0012
3.1129 3.1068 3.1116 0.0012
3.1129 3.1068 3.1116 0.0012
3.1129 3.1068 3.1116 0.0012
3.1129 3.1068 3.1116 0.0012
3.1129 3.1068 3.1116 0.0012
3.1129 3.1068 3.1116 0.0012
3.1129 3.1068 3.1116 0.0012
3.1129 3.1068 3.1117 0.0012
3.1129 3.1068 3.1117 0.0012
3.1129 3.1068 3.1117 0.0012
3.1129 3.1068 3.1117 0.0012
3.1129 3.1068 3.1117 0.0012
3.1129 3.1068 3.1117 0.0012
3.1129 3.1068 3.1117 0.0012
3.1129 3.1068 3.1117 0.0012
3.1129 3.1068 3.1117 0.0012
3.1129 3.1068 3.1117 0.0012
3.1129 3.1068 3.1117 0.0012
3.1129 3.1068 3.1117 0.0012
3.1129 3.1068 3.1117 0.0012
3.1129 3.1068 3.1117 0.0012
3.1129 3.1068 3.1117 0.0012
3.1129 3.1068 3.1117 0.0012
3.1129 3.1068 3.1117 0.0012
3.1129 3.1068 3.1117 0.0012
3.1129 3.1068 3.1117 0.0012
3.1129 3.1068 3.1117 0.0012
3.1129 3.1068 3.1117 0.0011
3.1129 3.1068 3.1117 0.0011
3.1129 3.1068 3.1117 0.0011
3.1129 3.1068 3.1117 0.0011
3.1129 3.1068 3.1117 0.0011
3.1129 3.1068 3.1117 0.0011
3.1129 3.1068 3.1117 0.0011
3.1129 3.1068 3.1117 0.0011
3.1129 3.1068 3.1117 0.0011
3.1129 3.1068 3.1117 0.0011
3.1129 3.1068 3.1117 0.0011
3.1129 3.1068 3.1118 0.0011
3.1129 3.1068 3.1118 0.0011
3.1129 3.1068 3.1118 0.0011
3.1129 3.1068 3.1118 0.0011
3.1129 3.1068 3.1118 0.0011
3.1129 3.1068 3.1118 0.0011
3.1129 3.1068 3.1118 0.0011
3.1129 3.1068 3.1118 0.0011
3.1129 3.1068 3.1118 0.0011
3.1129 3.1068 3.1118 0.0011
3.1129 3.1068 3.1118 0.0011
3.1129 3.1068 3.1118 0.0011
3.1129 3.1068 3.1118 0.0011
3.1129 3.1068 3.1119 0.0010
3.1129 3.1068 3.1119 0.0010
3.1129 3.1078 3.1119 0.0009
3.1129 3.1078 3.1119 0.0009
3.1129 3.1078 3.1119 0.0009
3.1129 3.1078 3.1119 0.0009
3.1129 3.1078 3.1119 0.0009
3.1129 3.1078 3.1119 0.0009
3.1129 3.1078 3.1119 0.0009
3.1129 3.1078 3.1119 0.0009
3.1129 3.1078 3.1119 0.0009
3.1129 3.1078 3.1119 0.0009
3.1129 3.1078 3.1119 0.0009
3.1129 3.1078 3.1119 0.0009
3.1129 3.1078 3.1119 0.0009
3.1129 3.1078 3.1119 0.0009
3.1129 3.1078 3.1119 0.0009
3.1129 3.1078 3.1119 0.0009
3.1129 3.1078 3.1119 0.0009
3.1129 3.1078 3.1119 0.0009
3.1129 3.1078 3.1119 0.0009
3.1129 3.1078 3.1119 0.0009
3.1129 3.1078 3.1119 0.0009
3.1129 3.1078 3.1119 0.0009
3.1129 3.1078 3.1119 0.0009
3.1129 3.1078 3.1119 0.0009
3.1129 3.1078 3.1119 0.0009
3.1129 3.1078 3.1119 0.0009
3.1129 3.1078 3.1119 0.0009
3.1129 3.1078 3.1119 0.0009
3.1129 3.1078 3.1119 0.0009
3.1129 3.1078 3.1119 0.0009
3.1129 3.1078 3.1119 0.0009
3.1129 3.1078 3.1119 0.0009
3.1129 3.1078 3.1119 0.0009
3.1129 3.1078 3.1119 0.0009
3.1129 3.1078 3.1120 0.0009
3.1129 3.1078 3.1120 0.0009
3.1129 3.1078 3.1120 0.0009
3.1129 3.1078 3.1120 0.0009
3.1129 3.1078 3.1120 0.0009
3.1129 3.1078 3.1120 0.0009
3.1129 3.1078 3.1120 0.0009
3.1129 3.1078 3.1120 0.0009
3.1129 3.1078 3.1120 0.0009
3.1129 3.1078 3.1120 0.0009
3.1129 3.1078 3.1120 0.0009
3.1129 3.1078 3.1120 0.0009
3.1129 3.1078 3.1120 0.0008
3.1129 3.1078 3.1120 0.0008
3.1129 3.1078 3.1120 0.0008
3.1129 3.1078 3.1120 0.0008
3.1129 3.1078 3.1120 0.0008
3.1129 3.1078 3.1120 0.0008
3.1129 3.1078 3.1120 0.0008
3.1129 3.1078 3.1120 0.0008
3.1129 3.1078 3.1121 0.0008
3.1129 3.1078 3.1121 0.0008
3.1129 3.1078 3.1121 0.0008
3.1129 3.1078 3.1121 0.0008
3.1129 3.1078 3.1121 0.0008
3.1129 3.1078 3.1121 0.0008
3.1129 3.1078 3.1121 0.0008
3.1129 3.1078 3.1121 0.0007
3.1129 3.1078 3.1121 0.0007
3.1129 3.1078 3.1121 0.0007
3.1129 3.1078 3.1121 0.0007
3.1129 3.1078 3.1121 0.0007
3.1129 3.1078 3.1121 0.0007
3.1129 3.1078 3.1121 0.0007
3.1129 3.1078 3.1121 0.0007
3.1129 3.1078 3.1121 0.0007
3.1129 3.1078 3.1121 0.0007
3.1129 3.1078 3.1121 0.0007
3.1129 3.1078 3.1121 0.0007
3.1129 3.1078 3.1121 0.0007
3.1129 3.1078 3.1121 0.0007
3.1129 3.1078 3.1121 0.0008
3.1129 3.1078 3.1121 0.0008
3.1129 3.1078 3.1121 0.0008
3.1129 3.1078 3.1121 0.0008
3.1129 3.1078 3.1121 0.0008
3.1129 3.1078 3.1122 0.0008
3.1129 3.1078 3.1122 0.0008
3.1129 3.1078 3.1122 0.0008
3.1129 3.1078 3.1122 0.0008
3.1129 3.1078 3.1122 0.0008
3.1129 3.1078 3.1122 0.0007
3.1129 3.1078 3.1122 0.0007
3.1129 3.1078 3.1122 0.0007
3.1129 3.1078 3.1122 0.0007
3.1129 3.1078 3.1122 0.0007
3.1129 3.1078 3.1122 0.0007
3.1129 3.1078 3.1122 0.0007
3.1129 3.1078 3.1122 0.0007
3.1129 3.1078 3.1122 0.0007
3.1129 3.1078 3.1122 0.0007
3.1129 3.1078 3.1122 0.0007
3.1129 3.1078 3.1122 0.0007
3.1129 3.1078 3.1122 0.0007
3.1129 3.1078 3.1122 0.0007
3.1129 3.1078 3.1122 0.0007
3.1129 3.1078 3.1122 0.0007
3.1129 3.1078 3.1122 0.0007
3.1129 3.1078 3.1122 0.0007
3.1131 3.1078 3.1122 0.0007
3.1131 3.1078 3.1122 0.0007
3.1131 3.1078 3.1122 0.0007
3.1131 3.1078 3.1122 0.0007
3.1131 3.1078 3.1122 0.0007
3.1131 3.1078 3.1122 0.0007
3.1131 3.1078 3.1122 0.0007
3.1131 3.1078 3.1123 0.0007
3.1131 3.1078 3.1123 0.0007
3.1131 3.1078 3.1123 0.0007
3.1131 3.1078 3.1123 0.0007
3.1131 3.1078 3.1123 0.0007
3.1131 3.1078 3.1123 0.0007
3.1131 3.1078 3.1123 0.0007
3.1131 3.1078 3.1123 0.0007
3.1131 3.1078 3.1123 0.0007
3.1131 3.1078 3.1123 0.0007
3.1131 3.1078 3.1123 0.0007
3.1131 3.1078 3.1123 0.0007
3.1131 3.1078 3.1123 0.0007
3.1131 3.1078 3.1123 0.0007
3.1131 3.1078 3.1123 0.0006
3.1131 3.1078 3.1123 0.0006
3.1131 3.1078 3.1123 0.0006
3.1131 3.1078 3.1123 0.0006
3.1131 3.1078 3.1123 0.0006
3.1131 3.1078 3.1123 0.0006
3.1131 3.1078 3.1123 0.0006
3.1131 3.1078 3.1123 0.0006
3.1131 3.1078 3.1123 0.0006
3.1131 3.1078 3.1123 0.0006
3.1131 3.1078 3.1123 0.0006
3.1131 3.1078 3.1123 0.0006
3.1131 3.1078 3.1123 0.0006
3.1131 3.1078 3.1123 0.0006
3.1131 3.1078 3.1123 0.0006
3.1131 3.1078 3.1123 0.0006
3.1131 3.1078 3.1123 0.0006
3.1131 3.1078 3.1123 0.0006
3.1131 3.1078 3.1123 0.0006
3.1131 3.1078 3.1123 0.0006
3.1131 3.1078 3.1123 0.0006
3.1131 3.1078 3.1123 0.0006
3.1131 3.1078 3.1123 0.0006
3.1131 3.1078 3.1123 0.0006
3.1131 3.1078 3.1123 0.0006
3.1131 3.1078 3.1123 0.0006
3.1131 3.1078 3.1123 0.0006
3.1131 3.1078 3.1123 0.0006
3.1131 3.1078 3.1123 0.0006
3.1131 3.1078 3.1123 0.0006
3.1131 3.1078 3.1123 0.0006
3.1131 3.1078 3.1123 0.0006
3.1131 3.1078 3.1123 0.0006
3.1131 3.1078 3.1123 0.0006
3.1131 3.1078 3.1123 0.0006
3.1131 3.1078 3.1123 0.0006
3.1131 3.1078 3.1123 0.0006
3.1131 3.1078 3.1124 0.0006
3.1131 3.1078 3.1124 0.0006
3.1131 3.1078 3.1124 0.0006
3.1131 3.1078 3.1124 0.0006
3.1131 3.1078 3.1124 0.0006
3.1131 3.1078 3.1124 0.0006
3.1131 3.1078 3.1124 0.0006
3.1131 3.1078 3.1124 0.0006
3.1131 3.1078 3.1124 0.0006
3.1131 3.1078 3.1124 0.0006
3.1131 3.1078 3.1124 0.0006
3.1131 3.1078 3.1124 0.0006
3.1131 3.1078 3.1124 0.0006
3.1131 3.1078 3.1124 0.0006
3.1131 3.1078 3.1124 0.0006
3.1131 3.1078 3.1124 0.0006
3.1131 3.1078 3.1124 0.0006
3.1131 3.1078 3.1124 0.0006
3.1131 3.1109 3.1124 0.0004
3.1131 3.1109 3.1124 0.0004
3.1131 3.1109 3.1124 0.0004
3.1131 3.1109 3.1125 0.0004
3.1131 3.1109 3.1125 0.0004
3.1131 3.1109 3.1125 0.0004
3.1131 3.1109 3.1125 0.0004
3.1131 3.1109 3.1125 0.0004
3.1131 3.1109 3.1125 0.0004
3.1131 3.1109 3.1125 0.0004
3.1131 3.1109 3.1125 0.0004
3.1131 3.1109 3.1125 0.0004
3.1131 3.1109 3.1125 0.0004
3.1131 3.1109 3.1125 0.0004
3.1131 3.1109 3.1125 0.0004
3.1131 3.1109 3.1125 0.0004
3.1131 3.1109 3.1125 0.0004
3.1131 3.1109 3.1125 0.0004
3.1131 3.1109 3.1125 0.0004
3.1131 3.1109 3.1125 0.0004
3.1131 3.1109 3.1125 0.0004
3.1131 3.1109 3.1125 0.0004
3.1131 3.1109 3.1125 0.0004
3.1131 3.1109 3.1125 0.0004
3.1131 3.1109 3.1125 0.0004
3.1131 3.1109 3.1125 0.0004
3.1131 3.1109 3.1125 0.0004
3.1131 3.1109 3.1125 0.0004
3.1131 3.1109 3.1125 0.0004
3.1131 3.1109 3.1125 0.0004
3.1131 3.1109 3.1125 0.0004
3.1131 3.1109 3.1125 0.0004
3.1131 3.1109 3.1125 0.0004
3.1131 3.1109 3.1125 0.0004
3.1131 3.1109 3.1125 0.0004
3.1131 3.1109 3.1125 0.0004
3.1131 3.1109 3.1125 0.0004
3.1131 3.1109 3.1125 0.0004
3.1131 3.1109 3.1125 0.0004
3.1131 3.1109 3.1125 0.0004
3.1131 3.1109 3.1125 0.0004
3.1131 3.1109 3.1125 0.0004
3.1131 3.1109 3.1125 0.0004
3.1131 3.1109 3.1125 0.0004
3.1131 3.1109 3.1125 0.0004
3.1131 3.1109 3.1125 0.0004
3.1131 3.1109 3.1125 0.0004
3.1131 3.1109 3.1125 0.0004
3.1131 3.1109 3.1125 0.0004
3.1131 3.1109 3.1125 0.0004
3.1131 3.1109 3.1125 0.0004
3.1131 3.1109 3.1125 0.0004
3.1131 3.1109 3.1125 0.0004
3.1131 3.1109 3.1125 0.0004
3.1131 3.1109 3.1126 0.0004
3.1131 3.1109 3.1126 0.0004
3.1131 3.1109 3.1126 0.0004
3.1131 3.1109 3.1126 0.0004
3.1131 3.1109 3.1126 0.0004
3.1131 3.1109 3.1126 0.0004
3.1131 3.1109 3.1126 0.0004
3.1131 3.1109 3.1126 0.0004
3.1131 3.1109 3.1126 0.0004
3.1131 3.1109 3.1126 0.0004
3.1131 3.1109 3.1126 0.0004
3.1131 3.1109 3.1126 0.0004
3.1131 3.1109 3.1126 0.0004
3.1131 3.1109 3.1126 0.0004
3.1131 3.1109 3.1126 0.0004
3.1131 3.1109 3.1126 0.0004
3.1131 3.1109 3.1126 0.0004
3.1131 3.1109 3.1126 0.0004
3.1131 3.1109 3.1126 0.0004
3.1131 3.1109 3.1126 0.0004
3.1131 3.1109 3.1126 0.0004
3.1131 3.1109 3.1126 0.0004
3.1131 3.1109 3.1126 0.0004
3.1131 3.1109 3.1126 0.0004
3.1131 3.1109 3.1126 0.0004
3.1131 3.1109 3.1126 0.0004
3.1131 3.1109 3.1126 0.0004
3.1131 3.1109 3.1126 0.0004
3.1131 3.1109 3.1126 0.0004
3.1131 3.1109 3.1126 0.0004
3.1131 3.1109 3.1126 0.0004
3.1131 3.1109 3.1126 0.0004
3.1131 3.1109 3.1126 0.0004
3.1131 3.1109 3.1126 0.0004
3.1131 3.1109 3.1126 0.0004
3.1131 3.1109 3.1126 0.0004
3.1131 3.1109 3.1126 0.0003
3.1131 3.1109 3.1126 0.0003
3.1131 3.1109 3.1127 0.0003
3.1131 3.1109 3.1127 0.0003
3.1131 3.1109 3.1127 0.0003
3.1131 3.1109 3.1127 0.0003
3.1131 3.1109 3.1127 0.0003
3.1131 3.1109 3.1127 0.0003
3.1131 3.1109 3.1127 0.0003
3.1131 3.1109 3.1127 0.0003
3.1131 3.1109 3.1127 0.0003
3.1131 3.1109 3.1127 0.0003
3.1131 3.1109 3.1127 0.0003
3.1131 3.1109 3.1127 0.0003
3.1131 3.1109 3.1127 0.0003
3.1131 3.1109 3.1127 0.0003
3.1131 3.1109 3.1127 0.0003
3.1131 3.1109 3.1127 0.0003
3.1131 3.1109 3.1127 0.0003
3.1131 3.1109 3.1127 0.0003
3.1131 3.1109 3.1127 0.0003
3.1131 3.1109 3.1127 0.0003
3.1131 3.1109 3.1127 0.0003
3.1131 3.1109 3.1127 0.0003
3.1131 3.1109 3.1127 0.0003
3.1131 3.1109 3.1127 0.0003
3.1131 3.1109 3.1127 0.0003
3.1131 3.1109 3.1127 0.0003
3.1131 3.1109 3.1127 0.0003
3.1131 3.1109 3.1127 0.0003
3.1131 3.1109 3.1127 0.0003
3.1131 3.1109 3.1127 0.0003
3.1131 3.1109 3.1127 0.0003
3.1131 3.1109 3.1127 0.0003
3.1131 3.1109 3.1127 0.0003
3.1131 3.1109 3.1127 0.0003
3.1131 3.1109 3.1127 0.0003
3.1131 3.1109 3.1127 0.0003
3.1131 3.1109 3.1127 0.0003
3.1131 3.1109 3.1127 0.0003
3.1131 3.1109 3.1127 0.0003
3.1131 3.1109 3.1127 0.0003
3.1131 3.1109 3.1127 0.0003
3.1138 3.1109 3.1127 0.0004
3.1138 3.1109 3.1127 0.0004
3.1138 3.1109 3.1127 0.0004
3.1138 3.1109 3.1127 0.0004
3.1138 3.1109 3.1127 0.0004
3.1138 3.1109 3.1127 0.0004
3.1138 3.1109 3.1127 0.0004
3.1138 3.1109 3.1127 0.0004
3.1138 3.1109 3.1127 0.0004
3.1138 3.1109 3.1127 0.0004
3.1138 3.1109 3.1127 0.0004
3.1138 3.1109 3.1127 0.0004
3.1138 3.1109 3.1127 0.0004
3.1138 3.1109 3.1127 0.0004
3.1138 3.1109 3.1127 0.0004
3.1138 3.1109 3.1127 0.0004
3.1138 3.1109 3.1127 0.0004
3.1138 3.1109 3.1127 0.0004
3.1138 3.1109 3.1127 0.0004
3.1138 3.1109 3.1127 0.0004
3.1138 3.1109 3.1128 0.0004
3.1138 3.1109 3.1128 0.0004
3.1138 3.1109 3.1128 0.0004
3.1138 3.1109 3.1128 0.0004
3.1138 3.1109 3.1128 0.0004
3.1138 3.1109 3.1128 0.0004
3.1138 3.1109 3.1128 0.0004
3.1138 3.1109 3.1128 0.0004
3.1138 3.1109 3.1128 0.0004
3.1138 3.1109 3.1128 0.0004
3.1138 3.1109 3.1128 0.0004
3.1138 3.1109 3.1128 0.0004
3.1138 3.1109 3.1128 0.0004
3.1138 3.1109 3.1128 0.0004
3.1138 3.1109 3.1128 0.0004
3.1138 3.1109 3.1128 0.0004
3.1138 3.1109 3.1128 0.0004
3.1138 3.1109 3.1128 0.0004
3.1138 3.1109 3.1128 0.0004
3.1138 3.1109 3.1128 0.0004
3.1138 3.1109 3.1128 0.0004
3.1138 3.1109 3.1128 0.0004
3.1138 3.1109 3.1128 0.0004
3.1138 3.1109 3.1128 0.0004
3.1138 3.1109 3.1128 0.0004
3.1138 3.1109 3.1128 0.0004
3.1138 3.1109 3.1128 0.0004
3.1138 3.1109 3.1128 0.0004
3.1138 3.1109 3.1128 0.0004
3.1138 3.1109 3.1128 0.0004
3.1138 3.1109 3.1128 0.0004
3.1138 3.1109 3.1128 0.0004
3.1138 3.1109 3.1128 0.0004
3.1138 3.1109 3.1128 0.0004
3.1138 3.1109 3.1128 0.0004
3.1138 3.1109 3.1128 0.0004
3.1138 3.1109 3.1128 0.0004
3.1138 3.1109 3.1128 0.0004
3.1138 3.1109 3.1128 0.0004
3.1138 3.1109 3.1128 0.0004
3.1138 3.1109 3.1128 0.0004
3.1138 3.1109 3.1128 0.0004
3.1138 3.1109 3.1128 0.0004
3.1138 3.1109 3.1128 0.0004
3.1138 3.1109 3.1128 0.0004
3.1138 3.1109 3.1128 0.0004
3.1138 3.1109 3.1128 0.0004
3.1138 3.1109 3.1128 0.0004
3.1138 3.1109 3.1128 0.0004
3.1138 3.1109 3.1128 0.0004
3.1138 3.1109 3.1128 0.0004
3.1138 3.1109 3.1128 0.0004
3.1138 3.1109 3.1128 0.0004
3.1138 3.1109 3.1129 0.0004
3.1138 3.1109 3.1129 0.0004
3.1138 3.1109 3.1129 0.0004
3.1138 3.1109 3.1129 0.0004
3.1138 3.1109 3.1129 0.0004
3.1138 3.1109 3.1129 0.0004
3.1138 3.1109 3.1129 0.0004
3.1138 3.1109 3.1129 0.0004
3.1138 3.1109 3.1129 0.0004
3.1138 3.1109 3.1129 0.0004
3.1138 3.1109 3.1129 0.0004
3.1138 3.1109 3.1129 0.0004
3.1138 3.1109 3.1129 0.0004
3.1138 3.1109 3.1129 0.0004
3.1138 3.1109 3.1129 0.0004
3.1138 3.1109 3.1129 0.0004
3.1138 3.1109 3.1129 0.0004
3.1138 3.1109 3.1129 0.0004
3.1138 3.1109 3.1129 0.0004
3.1138 3.1109 3.1129 0.0003
3.1138 3.1109 3.1129 0.0003
3.1138 3.1109 3.1129 0.0003
3.1138 3.1109 3.1129 0.0003
3.1138 3.1109 3.1129 0.0003
3.1138 3.1109 3.1129 0.0003
3.1138 3.1109 3.1129 0.0003
3.1138 3.1109 3.1129 0.0003
3.1138 3.1109 3.1129 0.0003
3.1138 3.1109 3.1129 0.0003
3.1138 3.1109 3.1129 0.0003
3.1138 3.1109 3.1129 0.0003
3.1138 3.1109 3.1129 0.0003
3.1138 3.1109 3.1129 0.0003
3.1138 3.1109 3.1129 0.0003
3.1138 3.1109 3.1129 0.0003
3.1138 3.1109 3.1129 0.0003
3.1138 3.1109 3.1129 0.0003
3.1138 3.1109 3.1129 0.0003
3.1138 3.1109 3.1129 0.0004
3.1138 3.1109 3.1129 0.0003
3.1138 3.1109 3.1129 0.0003
3.1138 3.1109 3.1129 0.0003
3.1138 3.1109 3.1129 0.0003
3.1138 3.1109 3.1129 0.0003
3.1138 3.1109 3.1129 0.0003
3.1138 3.1109 3.1129 0.0003
3.1138 3.1109 3.1129 0.0003
3.1138 3.1109 3.1129 0.0003
3.1138 3.1109 3.1129 0.0003
3.1138 3.1109 3.1129 0.0003
3.1138 3.1109 3.1129 0.0003
3.1138 3.1109 3.1129 0.0003
3.1138 3.1109 3.1129 0.0003
3.1138 3.1109 3.1129 0.0003
3.1138 3.1109 3.1129 0.0003
3.1138 3.1109 3.1129 0.0003
3.1138 3.1109 3.1129 0.0003
3.1138 3.1109 3.1129 0.0003
3.1138 3.1109 3.1129 0.0003
3.1138 3.1109 3.1129 0.0003
3.1138 3.1109 3.1129 0.0004
3.1138 3.1109 3.1129 0.0004
3.1138 3.1109 3.1129 0.0004
3.1138 3.1109 3.1129 0.0004
3.1138 3.1109 3.1129 0.0004
3.1138 3.1109 3.1129 0.0004
3.1138 3.1109 3.1129 0.0004
3.1138 3.1109 3.1129 0.0004
3.1138 3.1109 3.1129 0.0004
3.1138 3.1109 3.1129 0.0004
3.1138 3.1109 3.1129 0.0004
3.1138 3.1124 3.1130 0.0003
3.1138 3.1124 3.1130 0.0003
3.1138 3.1124 3.1130 0.0003
3.1138 3.1124 3.1130 0.0003
3.1138 3.1124 3.1130 0.0003
3.1138 3.1124 3.1130 0.0003
3.1138 3.1124 3.1130 0.0003
3.1138 3.1124 3.1130 0.0003
3.1138 3.1124 3.1130 0.0003
3.1138 3.1124 3.1130 0.0003
3.1138 3.1124 3.1130 0.0003
3.1138 3.1124 3.1130 0.0003
3.1138 3.1124 3.1130 0.0003
3.1138 3.1124 3.1130 0.0003
3.1138 3.1124 3.1130 0.0003
3.1138 3.1124 3.1130 0.0003
3.1138 3.1124 3.1130 0.0003
3.1138 3.1124 3.1130 0.0003
3.1138 3.1124 3.1130 0.0003
3.1138 3.1124 3.1130 0.0003
3.1138 3.1124 3.1130 0.0003
3.1138 3.1124 3.1130 0.0003
3.1138 3.1124 3.1130 0.0003
3.1138 3.1124 3.1130 0.0003
3.1138 3.1124 3.1130 0.0003
3.1138 3.1124 3.1130 0.0003
3.1138 3.1124 3.1130 0.0003
3.1138 3.1124 3.1130 0.0003
3.1138 3.1124 3.1130 0.0003
3.1138 3.1124 3.1130 0.0003
3.1138 3.1124 3.1130 0.0003
3.1138 3.1124 3.1130 0.0003
3.1138 3.1124 3.1130 0.0003
3.1138 3.1124 3.1130 0.0003
3.1138 3.1124 3.1130 0.0003
3.1138 3.1124 3.1130 0.0003
3.1138 3.1124 3.1130 0.0003
3.1138 3.1124 3.1130 0.0003
3.1138 3.1124 3.1130 0.0003
3.1138 3.1124 3.1130 0.0003
3.1138 3.1124 3.1130 0.0003
3.1138 3.1124 3.1130 0.0003
3.1138 3.1124 3.1130 0.0003
3.1138 3.1124 3.1130 0.0003
3.1138 3.1124 3.1130 0.0003
3.1138 3.1124 3.1130 0.0003
3.1138 3.1124 3.1130 0.0003
3.1138 3.1124 3.1130 0.0003
3.1138 3.1124 3.1130 0.0003
3.1138 3.1124 3.1130 0.0003
3.1138 3.1124 3.1130 0.0003
3.1138 3.1124 3.1130 0.0003
3.1138 3.1124 3.1130 0.0003
3.1138 3.1124 3.1130 0.0003
3.1138 3.1124 3.1130 0.0003
3.1138 3.1124 3.1130 0.0003
3.1138 3.1124 3.1130 0.0003
3.1138 3.1124 3.1130 0.0003
3.1138 3.1124 3.1130 0.0003
3.1138 3.1124 3.1130 0.0003
3.1138 3.1124 3.1130 0.0003
3.1138 3.1124 3.1130 0.0003
3.1138 3.1124 3.1130 0.0003
3.1138 3.1124 3.1130 0.0003
3.1138 3.1124 3.1130 0.0003
3.1138 3.1124 3.1130 0.0003
3.1138 3.1124 3.1130 0.0003
3.1138 3.1124 3.1130 0.0003
3.1138 3.1124 3.1130 0.0003
3.1138 3.1124 3.1130 0.0003
3.1138 3.1124 3.1130 0.0003
3.1138 3.1124 3.1130 0.0003
3.1138 3.1124 3.1130 0.0003
3.1138 3.1124 3.1130 0.0003
3.1138 3.1124 3.1130 0.0003
3.1138 3.1124 3.1130 0.0003
3.1138 3.1124 3.1130 0.0003
3.1138 3.1124 3.1130 0.0003
3.1138 3.1124 3.1130 0.0003
3.1138 3.1124 3.1130 0.0003
3.1138 3.1124 3.1131 0.0003
3.1138 3.1124 3.1131 0.0003
3.1138 3.1124 3.1131 0.0003
3.1138 3.1124 3.1131 0.0003
3.1138 3.1124 3.1131 0.0003
3.1138 3.1124 3.1131 0.0003
3.1138 3.1124 3.1131 0.0003
3.1138 3.1124 3.1131 0.0003
3.1138 3.1124 3.1131 0.0003
3.1138 3.1124 3.1131 0.0003
3.1138 3.1124 3.1131 0.0003
3.1138 3.1124 3.1131 0.0003
3.1138 3.1124 3.1131 0.0003
3.1138 3.1124 3.1131 0.0004
3.1138 3.1124 3.1131 0.0004
3.1138 3.1124 3.1131 0.0004
3.1138 3.1124 3.1131 0.0004
3.1138 3.1124 3.1131 0.0004
3.1138 3.1124 3.1131 0.0004
3.1138 3.1124 3.1131 0.0004
3.1138 3.1124 3.1131 0.0004
3.1138 3.1124 3.1131 0.0004
3.1138 3.1124 3.1131 0.0004
3.1138 3.1124 3.1131 0.0004
3.1138 3.1124 3.1131 0.0004
3.1138 3.1124 3.1131 0.0004
3.1138 3.1124 3.1131 0.0004
3.1138 3.1124 3.1131 0.0004
3.1138 3.1124 3.1131 0.0004
3.1138 3.1124 3.1131 0.0004
3.1138 3.1124 3.1131 0.0004
3.1138 3.1124 3.1131 0.0004
3.1138 3.1124 3.1131 0.0004
3.1138 3.1124 3.1131 0.0004
3.1138 3.1124 3.1131 0.0004
3.1138 3.1124 3.1131 0.0004
3.1138 3.1124 3.1131 0.0004
3.1138 3.1124 3.1131 0.0004
3.1138 3.1124 3.1131 0.0004
3.1138 3.1124 3.1131 0.0004
3.1138 3.1124 3.1131 0.0004
3.1138 3.1124 3.1131 0.0004
3.1138 3.1124 3.1131 0.0004
3.1138 3.1124 3.1131 0.0004
3.1138 3.1124 3.1131 0.0004
3.1138 3.1124 3.1131 0.0004
3.1138 3.1124 3.1131 0.0004
3.1138 3.1124 3.1131 0.0004
3.1138 3.1124 3.1131 0.0004
3.1138 3.1124 3.1131 0.0004
3.1138 3.1124 3.1131 0.0004
3.1138 3.1124 3.1131 0.0004
3.1138 3.1124 3.1131 0.0004
3.1138 3.1124 3.1131 0.0004
3.1138 3.1124 3.1131 0.0004
3.1138 3.1124 3.1131 0.0004
3.1138 3.1124 3.1131 0.0004
3.1138 3.1124 3.1131 0.0004
3.1138 3.1124 3.1131 0.0004
3.1138 3.1124 3.1131 0.0004
3.1138 3.1124 3.1131 0.0004
3.1138 3.1124 3.1131 0.0004
3.1138 3.1124 3.1131 0.0004
3.1138 3.1124 3.1131 0.0004
3.1138 3.1124 3.1131 0.0004
3.1138 3.1124 3.1131 0.0004
3.1138 3.1124 3.1131 0.0004
3.1138 3.1124 3.1131 0.0004
3.1138 3.1124 3.1131 0.0004
3.1138 3.1124 3.1131 0.0004
3.1138 3.1124 3.1131 0.0004
3.1138 3.1124 3.1131 0.0004
3.1138 3.1124 3.1131 0.0004
3.1138 3.1124 3.1131 0.0004
3.1138 3.1124 3.1131 0.0004
3.1138 3.1124 3.1131 0.0004
3.1138 3.1124 3.1131 0.0004
3.1138 3.1124 3.1131 0.0004
3.1138 3.1124 3.1131 0.0004
3.1138 3.1124 3.1131 0.0004
3.1138 3.1124 3.1131 0.0004
3.1138 3.1124 3.1131 0.0004
3.1138 3.1124 3.1131 0.0004
3.1138 3.1124 3.1131 0.0004
3.1138 3.1124 3.1132 0.0004
3.1138 3.1124 3.1132 0.0004
3.1138 3.1124 3.1132 0.0004
3.1138 3.1124 3.1132 0.0004
3.1138 3.1124 3.1132 0.0004
3.1138 3.1124 3.1132 0.0004
3.1138 3.1124 3.1132 0.0004
3.1138 3.1124 3.1132 0.0004
3.1138 3.1124 3.1132 0.0004
3.1138 3.1124 3.1132 0.0004
3.1138 3.1124 3.1132 0.0004
3.1138 3.1124 3.1132 0.0004
3.1138 3.1124 3.1132 0.0004
3.1138 3.1124 3.1132 0.0004
3.1138 3.1124 3.1132 0.0004
3.1138 3.1124 3.1132 0.0004
3.1138 3.1124 3.1132 0.0004
3.1138 3.1124 3.1132 0.0004
3.1138 3.1129 3.1132 0.0004
3.1138 3.1129 3.1132 0.0004
3.1138 3.1129 3.1132 0.0004
3.1138 3.1129 3.1132 0.0004
3.1138 3.1129 3.1132 0.0004
3.1138 3.1129 3.1132 0.0004
3.1138 3.1129 3.1132 0.0004
3.1138 3.1129 3.1132 0.0004
3.1138 3.1129 3.1132 0.0004
3.1138 3.1129 3.1132 0.0004
3.1138 3.1129 3.1132 0.0004
3.1138 3.1129 3.1132 0.0004
3.1138 3.1129 3.1132 0.0004
3.1138 3.1129 3.1132 0.0004
3.1138 3.1129 3.1132 0.0004
3.1138 3.1129 3.1132 0.0004
3.1138 3.1129 3.1132 0.0004
3.1138 3.1129 3.1132 0.0004
3.1138 3.1129 3.1132 0.0004
3.1138 3.1129 3.1132 0.0004
3.1138 3.1129 3.1133 0.0004
3.1138 3.1129 3.1133 0.0004
3.1138 3.1129 3.1133 0.0004
3.1138 3.1129 3.1133 0.0004
3.1138 3.1129 3.1133 0.0004
3.1138 3.1129 3.1133 0.0004
3.1138 3.1129 3.1133 0.0004
3.1138 3.1129 3.1133 0.0004
3.1138 3.1129 3.1133 0.0004
3.1138 3.1129 3.1133 0.0004
3.1138 3.1129 3.1133 0.0004
3.1138 3.1129 3.1133 0.0004
3.1138 3.1129 3.1133 0.0004
3.1138 3.1129 3.1133 0.0004
3.1138 3.1129 3.1133 0.0004
3.1138 3.1129 3.1133 0.0004
3.1138 3.1129 3.1133 0.0004
3.1138 3.1129 3.1133 0.0004
3.1138 3.1129 3.1133 0.0004
3.1138 3.1129 3.1133 0.0004
3.1138 3.1129 3.1133 0.0004
3.1138 3.1129 3.1133 0.0004
3.1138 3.1129 3.1133 0.0004
3.1138 3.1129 3.1133 0.0004
3.1138 3.1129 3.1133 0.0004
3.1138 3.1129 3.1133 0.0004
3.1138 3.1129 3.1133 0.0004
3.1138 3.1129 3.1133 0.0004
3.1138 3.1129 3.1133 0.0004
3.1138 3.1129 3.1133 0.0004
3.1138 3.1129 3.1133 0.0004
3.1138 3.1129 3.1133 0.0004
3.1138 3.1129 3.1133 0.0004
3.1138 3.1129 3.1133 0.0004
3.1138 3.1129 3.1133 0.0004
3.1138 3.1129 3.1133 0.0004
3.1138 3.1129 3.1133 0.0004
3.1138 3.1129 3.1133 0.0004
3.1138 3.1129 3.1133 0.0004
3.1138 3.1129 3.1133 0.0004
3.1138 3.1129 3.1133 0.0004
3.1138 3.1129 3.1133 0.0004
3.1138 3.1129 3.1133 0.0004
3.1138 3.1129 3.1133 0.0004
3.1138 3.1129 3.1133 0.0004
3.1138 3.1129 3.1134 0.0004
3.1138 3.1129 3.1134 0.0004
3.1138 3.1129 3.1134 0.0004
3.1138 3.1129 3.1134 0.0004
3.1138 3.1129 3.1134 0.0004
3.1138 3.1129 3.1134 0.0004
3.1138 3.1129 3.1134 0.0004
3.1138 3.1129 3.1134 0.0004
3.1138 3.1129 3.1134 0.0004
3.1138 3.1129 3.1134 0.0004
3.1138 3.1129 3.1134 0.0004
3.1138 3.1129 3.1134 0.0004
3.1138 3.1129 3.1134 0.0004
3.1138 3.1129 3.1134 0.0004
3.1138 3.1129 3.1134 0.0004
3.1138 3.1129 3.1134 0.0004
3.1138 3.1129 3.1134 0.0004
3.1138 3.1129 3.1134 0.0004
3.1138 3.1129 3.1134 0.0004
3.1138 3.1129 3.1134 0.0004
3.1138 3.1129 3.1134 0.0004
3.1138 3.1129 3.1134 0.0004
3.1138 3.1129 3.1134 0.0004
3.1138 3.1129 3.1134 0.0004
3.1138 3.1129 3.1134 0.0004
3.1138 3.1129 3.1134 0.0004
3.1138 3.1129 3.1134 0.0004
3.1138 3.1129 3.1134 0.0004
3.1138 3.1129 3.1134 0.0004
3.1138 3.1129 3.1134 0.0004
3.1138 3.1129 3.1134 0.0004
3.1138 3.1129 3.1134 0.0004
3.1138 3.1129 3.1134 0.0004
3.1138 3.1129 3.1134 0.0004
3.1138 3.1129 3.1134 0.0004
3.1138 3.1129 3.1134 0.0004
3.1138 3.1129 3.1134 0.0004
3.1138 3.1129 3.1134 0.0004
3.1138 3.1129 3.1134 0.0004
3.1138 3.1129 3.1134 0.0004
3.1138 3.1129 3.1134 0.0004
3.1138 3.1129 3.1134 0.0004
3.1138 3.1129 3.1134 0.0004
3.1138 3.1129 3.1134 0.0004
3.1138 3.1129 3.1134 0.0004
3.1138 3.1129 3.1134 0.0004
3.1138 3.1129 3.1134 0.0004
3.1138 3.1129 3.1134 0.0004
3.1138 3.1129 3.1134 0.0004
3.1138 3.1129 3.1134 0.0004
3.1138 3.1129 3.1134 0.0004
3.1138 3.1129 3.1134 0.0004
3.1138 3.1129 3.1134 0.0004
3.1138 3.1129 3.1134 0.0004
3.1138 3.1129 3.1134 0.0004
3.1138 3.1129 3.1135 0.0004
3.1138 3.1129 3.1135 0.0004
3.1138 3.1129 3.1135 0.0004
3.1138 3.1129 3.1135 0.0004
3.1138 3.1129 3.1135 0.0004
3.1138 3.1129 3.1135 0.0004
3.1138 3.1129 3.1135 0.0004
3.1138 3.1129 3.1135 0.0004
3.1138 3.1129 3.1135 0.0004
3.1138 3.1129 3.1135 0.0004
3.1138 3.1129 3.1135 0.0004
3.1138 3.1129 3.1135 0.0004
3.1138 3.1129 3.1135 0.0004
3.1138 3.1129 3.1135 0.0004
3.1138 3.1129 3.1135 0.0004
3.1138 3.1129 3.1135 0.0004
3.1138 3.1129 3.1135 0.0004
3.1138 3.1129 3.1135 0.0004
3.1138 3.1129 3.1135 0.0004
3.1138 3.1129 3.1135 0.0004
3.1138 3.1129 3.1135 0.0004
3.1138 3.1129 3.1135 0.0004
3.1138 3.1129 3.1135 0.0004
3.1138 3.1129 3.1135 0.0004
3.1138 3.1129 3.1135 0.0004
3.1138 3.1129 3.1135 0.0004
3.1138 3.1129 3.1135 0.0004
3.1138 3.1129 3.1135 0.0004
3.1138 3.1129 3.1135 0.0004
3.1138 3.1129 3.1135 0.0004
3.1138 3.1129 3.1135 0.0004
3.1138 3.1129 3.1135 0.0004
3.1138 3.1129 3.1135 0.0004
3.1138 3.1129 3.1135 0.0004
3.1138 3.1129 3.1135 0.0004
3.1138 3.1129 3.1135 0.0004
3.1138 3.1129 3.1135 0.0004
3.1138 3.1129 3.1135 0.0004
3.1138 3.1129 3.1135 0.0004
3.1138 3.1129 3.1135 0.0004
3.1138 3.1129 3.1135 0.0004
3.1138 3.1129 3.1135 0.0004
3.1138 3.1129 3.1135 0.0004
3.1138 3.1129 3.1135 0.0004
3.1138 3.1129 3.1135 0.0004
3.1138 3.1129 3.1135 0.0004
3.1138 3.1129 3.1135 0.0004
3.1138 3.1129 3.1135 0.0004
3.1138 3.1129 3.1135 0.0004
3.1138 3.1129 3.1135 0.0004
3.1138 3.1129 3.1135 0.0004
3.1138 3.1129 3.1135 0.0004
3.1138 3.1129 3.1135 0.0004
3.1138 3.1129 3.1135 0.0004
3.1138 3.1129 3.1135 0.0004
3.1138 3.1129 3.1135 0.0004
3.1138 3.1129 3.1135 0.0004
3.1138 3.1129 3.1135 0.0004
3.1138 3.1129 3.1135 0.0004
3.1138 3.1129 3.1135 0.0004
3.1138 3.1129 3.1135 0.0004
3.1138 3.1129 3.1135 0.0004
3.1138 3.1129 3.1135 0.0004
3.1138 3.1129 3.1135 0.0004
3.1138 3.1129 3.1135 0.0004
3.1138 3.1129 3.1135 0.0004
3.1138 3.1129 3.1135 0.0004
3.1138 3.1129 3.1136 0.0004
3.1138 3.1129 3.1136 0.0004
3.1138 3.1129 3.1136 0.0004
3.1138 3.1129 3.1136 0.0004
3.1138 3.1129 3.1136 0.0004
3.1138 3.1129 3.1136 0.0004
3.1138 3.1129 3.1136 0.0004
3.1138 3.1129 3.1136 0.0004
3.1138 3.1129 3.1136 0.0004
3.1138 3.1129 3.1136 0.0004
3.1138 3.1129 3.1136 0.0004
3.1138 3.1129 3.1136 0.0004
3.1138 3.1129 3.1136 0.0004
3.1138 3.1129 3.1136 0.0004
3.1138 3.1129 3.1136 0.0004
3.1138 3.1129 3.1136 0.0004
3.1138 3.1129 3.1136 0.0004
3.1138 3.1129 3.1136 0.0004
3.1138 3.1129 3.1136 0.0004
3.1138 3.1129 3.1136 0.0004
3.1138 3.1129 3.1136 0.0004
3.1138 3.1129 3.1136 0.0004
3.1138 3.1129 3.1136 0.0004
3.1138 3.1129 3.1136 0.0004
3.1138 3.1129 3.1136 0.0004
3.1138 3.1129 3.1136 0.0004
3.1138 3.1129 3.1136 0.0004
3.1138 3.1129 3.1136 0.0004
3.1138 3.1129 3.1136 0.0004
3.1138 3.1129 3.1136 0.0004
3.1138 3.1129 3.1136 0.0004
3.1138 3.1129 3.1136 0.0004
3.1138 3.1129 3.1136 0.0004
3.1138 3.1129 3.1136 0.0004
3.1138 3.1129 3.1136 0.0004
3.1138 3.1129 3.1136 0.0004
3.1138 3.1129 3.1136 0.0004
3.1138 3.1129 3.1136 0.0004
3.1138 3.1129 3.1136 0.0004
3.1138 3.1129 3.1136 0.0004
3.1138 3.1129 3.1136 0.0004
3.1138 3.1129 3.1136 0.0004
3.1138 3.1129 3.1136 0.0004
3.1138 3.1129 3.1136 0.0004
3.1138 3.1129 3.1136 0.0004
3.1138 3.1129 3.1136 0.0004
3.1138 3.1129 3.1136 0.0004
3.1138 3.1129 3.1136 0.0004
3.1138 3.1129 3.1136 0.0004
3.1138 3.1129 3.1136 0.0004
3.1138 3.1129 3.1136 0.0004
3.1138 3.1129 3.1136 0.0004
3.1138 3.1129 3.1136 0.0004
3.1138 3.1129 3.1136 0.0004
3.1138 3.1129 3.1136 0.0004
3.1138 3.1129 3.1136 0.0004
3.1138 3.1129 3.1136 0.0004
3.1138 3.1129 3.1136 0.0004
3.1138 3.1129 3.1136 0.0004
3.1138 3.1129 3.1136 0.0004
3.1138 3.1129 3.1136 0.0004
3.1138 3.1129 3.1136 0.0004
3.1138 3.1129 3.1136 0.0004
3.1138 3.1129 3.1137 0.0003
3.1138 3.1129 3.1137 0.0003
3.1138 3.1129 3.1137 0.0003
3.1138 3.1129 3.1137 0.0003
3.1138 3.1129 3.1137 0.0003
3.1138 3.1129 3.1137 0.0003
3.1138 3.1129 3.1137 0.0003
3.1138 3.1129 3.1137 0.0003
3.1138 3.1129 3.1137 0.0003
3.1138 3.1129 3.1137 0.0003
3.1138 3.1129 3.1137 0.0003
3.1138 3.1129 3.1137 0.0003
3.1138 3.1129 3.1137 0.0003
3.1138 3.1129 3.1137 0.0003
3.1138 3.1129 3.1137 0.0003
3.1138 3.1129 3.1137 0.0003
3.1138 3.1129 3.1137 0.0003
3.1138 3.1129 3.1137 0.0003
3.1138 3.1129 3.1137 0.0003
3.1138 3.1129 3.1137 0.0003
3.1138 3.1129 3.1137 0.0003
3.1138 3.1129 3.1137 0.0003
3.1138 3.1129 3.1137 0.0003
3.1138 3.1129 3.1137 0.0003
3.1138 3.1129 3.1137 0.0003
3.1138 3.1129 3.1137 0.0003
3.1138 3.1129 3.1137 0.0003
3.1138 3.1129 3.1137 0.0003
3.1138 3.1129 3.1137 0.0003
3.1138 3.1129 3.1137 0.0003
3.1138 3.1129 3.1137 0.0003
3.1138 3.1129 3.1137 0.0003
3.1138 3.1129 3.1137 0.0003
3.1138 3.1129 3.1137 0.0003
3.1138 3.1129 3.1137 0.0003
3.1138 3.1129 3.1137 0.0003
3.1138 3.1129 3.1137 0.0003
3.1138 3.1129 3.1137 0.0003
3.1138 3.1129 3.1137 0.0003
3.1138 3.1129 3.1137 0.0003
3.1138 3.1129 3.1137 0.0003
3.1138 3.1129 3.1137 0.0003
3.1138 3.1129 3.1137 0.0003
3.1138 3.1129 3.1137 0.0003
3.1138 3.1129 3.1137 0.0003
3.1138 3.1129 3.1137 0.0003
3.1138 3.1129 3.1137 0.0003
3.1138 3.1129 3.1137 0.0003
3.1138 3.1129 3.1137 0.0003
3.1138 3.1129 3.1137 0.0003
3.1138 3.1129 3.1137 0.0003
3.1138 3.1129 3.1137 0.0003
3.1138 3.1129 3.1137 0.0003
3.1138 3.1129 3.1137 0.0003
3.1138 3.1129 3.1137 0.0003
3.1138 3.1129 3.1137 0.0003
3.1138 3.1129 3.1137 0.0003
3.1138 3.1129 3.1137 0.0003
3.1138 3.1129 3.1137 0.0003
3.1138 3.1129 3.1137 0.0003
3.1138 3.1129 3.1137 0.0003
3.1138 3.1129 3.1137 0.0003
3.1138 3.1129 3.1137 0.0003
3.1138 3.1129 3.1137 0.0003
3.1138 3.1129 3.1137 0.0003
3.1138 3.1129 3.1137 0.0003
3.1138 3.1129 3.1137 0.0003
3.1138 3.1129 3.1137 0.0003
3.1138 3.1129 3.1137 0.0003
3.1138 3.1129 3.1137 0.0003
3.1138 3.1129 3.1137 0.0003
3.1138 3.1129 3.1137 0.0003
3.1138 3.1129 3.1137 0.0003
3.1138 3.1129 3.1137 0.0003
3.1138 3.1129 3.1137 0.0003
3.1138 3.1129 3.1137 0.0003
3.1138 3.1129 3.1137 0.0003
3.1138 3.1129 3.1137 0.0003
3.1138 3.1129 3.1137 0.0003
3.1138 3.1129 3.1137 0.0003
3.1138 3.1129 3.1137 0.0003
3.1138 3.1129 3.1137 0.0003
3.1138 3.1129 3.1137 0.0003
3.1138 3.1129 3.1137 0.0003
3.1138 3.1129 3.1137 0.0003
3.1138 3.1129 3.1137 0.0003
3.1138 3.1129 3.1137 0.0003
3.1138 3.1129 3.1137 0.0003
3.1138 3.1129 3.1137 0.0003
3.1138 3.1129 3.1137 0.0003
3.1138 3.1129 3.1137 0.0003
3.1138 3.1129 3.1137 0.0003
3.1138 3.1129 3.1137 0.0003
3.1138 3.1129 3.1137 0.0003
3.1138 3.1129 3.1137 0.0003
3.1138 3.1129 3.1137 0.0003
3.1138 3.1129 3.1137 0.0003
3.1138 3.1129 3.1137 0.0003
3.1138 3.1129 3.1137 0.0003
3.1138 3.1129 3.1137 0.0003
3.1138 3.1129 3.1137 0.0003
3.1138 3.1129 3.1137 0.0003
3.1138 3.1129 3.1137 0.0003
3.1138 3.1129 3.1137 0.0003
3.1138 3.1129 3.1137 0.0003
3.1138 3.1129 3.1137 0.0003
3.1138 3.1129 3.1137 0.0003
3.1138 3.1129 3.1137 0.0003
3.1138 3.1129 3.1137 0.0003
3.1138 3.1129 3.1137 0.0003
3.1138 3.1129 3.1137 0.0003
3.1138 3.1129 3.1137 0.0003
3.1138 3.1129 3.1137 0.0003
3.1138 3.1129 3.1137 0.0003
3.1138 3.1129 3.1137 0.0003
3.1138 3.1129 3.1137 0.0003
3.1138 3.1129 3.1137 0.0003
3.1138 3.1129 3.1137 0.0003
3.1138 3.1129 3.1137 0.0003
3.1138 3.1129 3.1137 0.0003
3.1138 3.1129 3.1137 0.0003
3.1138 3.1129 3.1137 0.0003
3.1138 3.1129 3.1137 0.0003
3.1138 3.1129 3.1137 0.0003
3.1138 3.1129 3.1137 0.0003
3.1138 3.1129 3.1137 0.0003
3.1138 3.1129 3.1137 0.0003
3.1138 3.1129 3.1137 0.0003
3.1138 3.1129 3.1137 0.0003
3.1138 3.1129 3.1137 0.0003
3.1138 3.1129 3.1137 0.0003
3.1138 3.1129 3.1137 0.0003
3.1138 3.1129 3.1137 0.0003
3.1144 3.1129 3.1137 0.0003
3.1144 3.1129 3.1138 0.0003
3.1144 3.1129 3.1138 0.0003
3.1144 3.1129 3.1138 0.0003
3.1144 3.1129 3.1138 0.0003
3.1144 3.1129 3.1138 0.0003
3.1144 3.1129 3.1138 0.0003
3.1144 3.1129 3.1138 0.0003
3.1144 3.1129 3.1138 0.0003
3.1144 3.1129 3.1138 0.0003
3.1144 3.1129 3.1138 0.0003
3.1144 3.1129 3.1138 0.0003
3.1144 3.1129 3.1138 0.0003
3.1144 3.1129 3.1138 0.0003
3.1144 3.1129 3.1138 0.0003
3.1144 3.1129 3.1138 0.0003
3.1144 3.1129 3.1138 0.0003
3.1144 3.1129 3.1138 0.0003
3.1144 3.1129 3.1138 0.0003
3.1144 3.1129 3.1138 0.0003
3.1144 3.1129 3.1138 0.0003
3.1144 3.1129 3.1138 0.0003
3.1144 3.1129 3.1138 0.0003
3.1144 3.1129 3.1138 0.0003
3.1144 3.1129 3.1138 0.0003
3.1144 3.1129 3.1138 0.0003
3.1144 3.1129 3.1138 0.0003
3.1144 3.1129 3.1138 0.0003
3.1144 3.1129 3.1138 0.0003
3.1144 3.1129 3.1138 0.0003
3.1144 3.1129 3.1138 0.0003
3.1144 3.1129 3.1138 0.0003
3.1144 3.1129 3.1138 0.0003
3.1144 3.1129 3.1138 0.0003
3.1144 3.1129 3.1138 0.0003
3.1144 3.1129 3.1138 0.0003
3.1144 3.1129 3.1138 0.0003
3.1144 3.1129 3.1138 0.0003
3.1144 3.1129 3.1138 0.0003
3.1144 3.1129 3.1138 0.0003
3.1144 3.1129 3.1138 0.0003
3.1144 3.1129 3.1138 0.0003
3.1144 3.1129 3.1138 0.0003
3.1144 3.1129 3.1138 0.0003
3.1144 3.1129 3.1138 0.0003
3.1144 3.1129 3.1138 0.0002
3.1144 3.1129 3.1138 0.0002
3.1144 3.1129 3.1138 0.0002
3.1144 3.1129 3.1138 0.0002
3.1144 3.1129 3.1138 0.0002
3.1144 3.1129 3.1138 0.0002
3.1144 3.1129 3.1138 0.0002
3.1144 3.1129 3.1138 0.0002
3.1144 3.1129 3.1138 0.0002
3.1144 3.1129 3.1138 0.0002
3.1144 3.1129 3.1138 0.0003
3.1144 3.1129 3.1138 0.0003
3.1144 3.1129 3.1138 0.0003
3.1144 3.1129 3.1138 0.0003
3.1144 3.1129 3.1138 0.0003
3.1144 3.1129 3.1138 0.0003
3.1144 3.1129 3.1138 0.0003
3.1144 3.1129 3.1138 0.0003
3.1144 3.1129 3.1138 0.0003
3.1144 3.1129 3.1138 0.0003
3.1144 3.1129 3.1138 0.0003
3.1144 3.1129 3.1138 0.0003
3.1144 3.1129 3.1138 0.0003
3.1144 3.1129 3.1138 0.0003
3.1144 3.1129 3.1138 0.0003
3.1144 3.1129 3.1138 0.0003
3.1144 3.1129 3.1138 0.0003
3.1144 3.1129 3.1138 0.0003
3.1144 3.1129 3.1138 0.0003
3.1144 3.1129 3.1138 0.0002
3.1144 3.1129 3.1138 0.0002
3.1144 3.1129 3.1138 0.0002
3.1144 3.1129 3.1138 0.0002
3.1144 3.1129 3.1138 0.0002
3.1144 3.1129 3.1138 0.0002
3.1144 3.1129 3.1138 0.0002
3.1144 3.1129 3.1138 0.0002
3.1144 3.1129 3.1138 0.0002
3.1144 3.1129 3.1138 0.0002
3.1144 3.1129 3.1138 0.0002
3.1144 3.1129 3.1138 0.0002
3.1144 3.1129 3.1138 0.0002
3.1144 3.1129 3.1138 0.0002
3.1144 3.1129 3.1138 0.0002
3.1144 3.1129 3.1138 0.0002
3.1144 3.1129 3.1138 0.0002
3.1144 3.1129 3.1138 0.0002
3.1144 3.1129 3.1138 0.0002
3.1144 3.1129 3.1138 0.0002
3.1144 3.1129 3.1138 0.0002
3.1144 3.1129 3.1138 0.0002
3.1144 3.1129 3.1138 0.0002
3.1144 3.1129 3.1138 0.0002
3.1144 3.1129 3.1138 0.0002
3.1144 3.1129 3.1138 0.0002
3.1144 3.1129 3.1138 0.0002
3.1144 3.1129 3.1138 0.0002
3.1144 3.1129 3.1138 0.0002
3.1144 3.1129 3.1138 0.0002
3.1144 3.1129 3.1138 0.0002
3.1144 3.1129 3.1138 0.0002
3.1144 3.1129 3.1138 0.0002
3.1144 3.1129 3.1138 0.0002
3.1144 3.1129 3.1138 0.0002
3.1144 3.1129 3.1138 0.0002
3.1144 3.1129 3.1138 0.0002
3.1144 3.1129 3.1138 0.0002
3.1144 3.1129 3.1138 0.0002
3.1144 3.1129 3.1138 0.0002
3.1144 3.1129 3.1138 0.0002
3.1144 3.1129 3.1138 0.0002
3.1144 3.1129 3.1138 0.0002
3.1144 3.1129 3.1138 0.0002
3.1144 3.1129 3.1138 0.0002
3.1144 3.1129 3.1138 0.0002
3.1144 3.1129 3.1138 0.0002
3.1144 3.1129 3.1138 0.0002
3.1144 3.1129 3.1138 0.0002
3.1144 3.1129 3.1138 0.0002
3.1144 3.1129 3.1138 0.0002
3.1144 3.1129 3.1138 0.0002
3.1144 3.1129 3.1138 0.0002
3.1144 3.1129 3.1138 0.0002
3.1144 3.1129 3.1138 0.0002
3.1144 3.1129 3.1138 0.0002
3.1144 3.1129 3.1138 0.0002
3.1144 3.1129 3.1138 0.0002
3.1144 3.1129 3.1138 0.0002
3.1144 3.1129 3.1138 0.0002
3.1144 3.1129 3.1138 0.0002
3.1144 3.1129 3.1138 0.0002
3.1144 3.1129 3.1138 0.0002
3.1144 3.1129 3.1138 0.0002
3.1144 3.1129 3.1138 0.0002
3.1144 3.1129 3.1138 0.0002
3.1144 3.1129 3.1138 0.0002
3.1144 3.1129 3.1138 0.0002
3.1144 3.1129 3.1138 0.0002
3.1144 3.1129 3.1138 0.0002
3.1144 3.1129 3.1138 0.0002
3.1144 3.1129 3.1138 0.0002
3.1144 3.1129 3.1138 0.0002
3.1144 3.1129 3.1138 0.0002
3.1144 3.1129 3.1138 0.0002
3.1144 3.1129 3.1138 0.0002
3.1144 3.1129 3.1138 0.0002
3.1144 3.1129 3.1138 0.0002
3.1144 3.1129 3.1138 0.0002
3.1144 3.1129 3.1138 0.0002
3.1144 3.1129 3.1138 0.0002
3.1144 3.1129 3.1138 0.0002
3.1144 3.1129 3.1138 0.0002
3.1144 3.1129 3.1138 0.0002
3.1144 3.1129 3.1138 0.0002
3.1144 3.1129 3.1138 0.0002
3.1144 3.1129 3.1138 0.0002
3.1144 3.1129 3.1138 0.0002
3.1144 3.1129 3.1138 0.0002
3.1144 3.1129 3.1138 0.0002
3.1144 3.1129 3.1138 0.0002
3.1144 3.1129 3.1138 0.0002
3.1144 3.1129 3.1138 0.0002
3.1144 3.1129 3.1138 0.0002
3.1144 3.1129 3.1138 0.0002
3.1144 3.1129 3.1138 0.0002
3.1144 3.1129 3.1138 0.0002
3.1144 3.1129 3.1138 0.0002
3.1144 3.1129 3.1138 0.0002
3.1144 3.1129 3.1139 0.0002
3.1144 3.1129 3.1139 0.0002
3.1144 3.1129 3.1139 0.0002
3.1144 3.1129 3.1139 0.0002
3.1144 3.1129 3.1139 0.0002
3.1144 3.1129 3.1139 0.0002
3.1144 3.1129 3.1139 0.0002
3.1144 3.1129 3.1139 0.0002
3.1144 3.1129 3.1139 0.0002
3.1144 3.1129 3.1139 0.0002
3.1144 3.1129 3.1139 0.0002
3.1144 3.1129 3.1139 0.0002
3.1144 3.1129 3.1139 0.0002
3.1144 3.1129 3.1139 0.0002
3.1144 3.1129 3.1139 0.0002
3.1144 3.1129 3.1139 0.0002
3.1144 3.1129 3.1139 0.0002
3.1144 3.1129 3.1139 0.0002
3.1144 3.1129 3.1139 0.0002
3.1144 3.1129 3.1139 0.0002
3.1144 3.1129 3.1139 0.0002
3.1144 3.1129 3.1139 0.0002
3.1144 3.1129 3.1139 0.0002
3.1144 3.1129 3.1139 0.0002
3.1144 3.1129 3.1139 0.0002
3.1144 3.1129 3.1139 0.0002
3.1144 3.1129 3.1139 0.0002
3.1144 3.1129 3.1139 0.0002
3.1144 3.1129 3.1139 0.0002
3.1144 3.1129 3.1139 0.0002
3.1144 3.1129 3.1139 0.0002
3.1144 3.1129 3.1139 0.0002
3.1144 3.1129 3.1139 0.0002
3.1144 3.1129 3.1139 0.0002
3.1144 3.1129 3.1139 0.0002
3.1144 3.1131 3.1139 0.0002
3.1144 3.1131 3.1139 0.0002
3.1144 3.1131 3.1139 0.0002
3.1144 3.1131 3.1139 0.0002
3.1144 3.1131 3.1139 0.0002
3.1144 3.1131 3.1139 0.0002
3.1144 3.1131 3.1139 0.0002
3.1144 3.1131 3.1139 0.0002
3.1144 3.1131 3.1139 0.0002
3.1144 3.1131 3.1139 0.0002
3.1144 3.1131 3.1139 0.0002
3.1144 3.1131 3.1139 0.0002
3.1144 3.1131 3.1139 0.0002
3.1144 3.1131 3.1139 0.0002
3.1144 3.1131 3.1139 0.0002
3.1144 3.1131 3.1139 0.0002
3.1144 3.1131 3.1139 0.0002
3.1144 3.1131 3.1139 0.0002
3.1144 3.1131 3.1139 0.0002
3.1144 3.1131 3.1139 0.0002
3.1144 3.1131 3.1139 0.0002
3.1144 3.1131 3.1139 0.0002
3.1144 3.1131 3.1139 0.0002
3.1144 3.1131 3.1139 0.0002
3.1144 3.1131 3.1139 0.0002
3.1144 3.1131 3.1139 0.0002
3.1144 3.1131 3.1139 0.0002
3.1144 3.1131 3.1139 0.0002
3.1144 3.1131 3.1139 0.0002
3.1144 3.1131 3.1139 0.0002
3.1144 3.1131 3.1139 0.0002
3.1144 3.1131 3.1139 0.0002
3.1144 3.1131 3.1139 0.0002
3.1144 3.1131 3.1139 0.0002
3.1144 3.1131 3.1139 0.0002
3.1144 3.1131 3.1139 0.0002
3.1144 3.1131 3.1139 0.0002
3.1144 3.1131 3.1139 0.0002
3.1144 3.1131 3.1139 0.0002
3.1144 3.1131 3.1139 0.0002
3.1144 3.1131 3.1139 0.0002
3.1144 3.1131 3.1139 0.0002
3.1144 3.1131 3.1139 0.0002
3.1144 3.1131 3.1139 0.0002
3.1144 3.1131 3.1139 0.0002
3.1144 3.1131 3.1139 0.0002
3.1144 3.1131 3.1139 0.0002
3.1144 3.1131 3.1139 0.0002
3.1144 3.1131 3.1139 0.0002
3.1144 3.1131 3.1139 0.0002
3.1144 3.1131 3.1139 0.0002
3.1144 3.1131 3.1139 0.0002
3.1144 3.1131 3.1139 0.0002
3.1144 3.1131 3.1139 0.0002
3.1144 3.1131 3.1139 0.0002
3.1144 3.1131 3.1139 0.0002
3.1144 3.1131 3.1139 0.0002
3.1144 3.1131 3.1139 0.0002
3.1144 3.1131 3.1139 0.0002
3.1144 3.1131 3.1139 0.0002
3.1144 3.1131 3.1139 0.0002
3.1144 3.1131 3.1139 0.0002
3.1144 3.1131 3.1139 0.0002
3.1144 3.1131 3.1139 0.0002
3.1144 3.1131 3.1139 0.0002
3.1144 3.1131 3.1139 0.0002
3.1144 3.1131 3.1139 0.0002
3.1144 3.1131 3.1139 0.0002
3.1144 3.1131 3.1139 0.0002
3.1144 3.1131 3.1139 0.0002
3.1144 3.1131 3.1139 0.0002
3.1144 3.1131 3.1139 0.0002
3.1144 3.1131 3.1139 0.0002
3.1144 3.1131 3.1139 0.0002
3.1144 3.1131 3.1139 0.0002
3.1144 3.1131 3.1139 0.0002
3.1144 3.1131 3.1139 0.0002
3.1144 3.1131 3.1139 0.0002
3.1144 3.1131 3.1139 0.0002
3.1144 3.1131 3.1139 0.0002
3.1144 3.1131 3.1139 0.0002
3.1144 3.1131 3.1139 0.0002
3.1144 3.1131 3.1139 0.0002
3.1144 3.1131 3.1139 0.0002
3.1144 3.1131 3.1139 0.0002
3.1144 3.1131 3.1139 0.0002
3.1144 3.1131 3.1139 0.0002
3.1144 3.1131 3.1139 0.0002
3.1144 3.1131 3.1139 0.0002
3.1144 3.1131 3.1139 0.0002
3.1144 3.1131 3.1139 0.0002
3.1144 3.1131 3.1139 0.0002
3.1144 3.1131 3.1139 0.0002
3.1144 3.1131 3.1139 0.0002
3.1144 3.1131 3.1139 0.0003
3.1144 3.1131 3.1139 0.0003
3.1144 3.1131 3.1139 0.0003
3.1144 3.1131 3.1139 0.0003
3.1144 3.1131 3.1139 0.0003
3.1144 3.1131 3.1139 0.0003
3.1144 3.1131 3.1139 0.0003
3.1144 3.1131 3.1139 0.0003
3.1144 3.1131 3.1139 0.0003
3.1144 3.1131 3.1139 0.0003
3.1144 3.1131 3.1139 0.0003
3.1144 3.1131 3.1139 0.0003
3.1144 3.1131 3.1139 0.0003
3.1144 3.1131 3.1139 0.0003
3.1144 3.1131 3.1139 0.0003
3.1144 3.1131 3.1139 0.0003
3.1144 3.1131 3.1139 0.0003
3.1144 3.1131 3.1139 0.0003
3.1144 3.1131 3.1139 0.0003
3.1144 3.1131 3.1139 0.0003
3.1144 3.1131 3.1139 0.0003
3.1144 3.1131 3.1140 0.0003
3.1144 3.1131 3.1140 0.0003
3.1144 3.1131 3.1140 0.0003
3.1144 3.1131 3.1140 0.0003
3.1144 3.1131 3.1140 0.0003
3.1144 3.1131 3.1140 0.0003
3.1144 3.1131 3.1140 0.0003
3.1144 3.1131 3.1140 0.0003
3.1144 3.1131 3.1140 0.0003
3.1144 3.1131 3.1140 0.0003
3.1144 3.1131 3.1140 0.0003
3.1144 3.1131 3.1140 0.0003
3.1144 3.1131 3.1140 0.0003
3.1144 3.1131 3.1140 0.0003
3.1144 3.1131 3.1140 0.0003
3.1144 3.1131 3.1140 0.0003
3.1144 3.1131 3.1140 0.0003
3.1144 3.1131 3.1140 0.0003
3.1144 3.1131 3.1140 0.0003
3.1144 3.1131 3.1140 0.0003
3.1144 3.1131 3.1140 0.0003
3.1144 3.1131 3.1140 0.0003
3.1144 3.1131 3.1140 0.0003
3.1144 3.1131 3.1140 0.0003
3.1144 3.1131 3.1140 0.0003
3.1144 3.1131 3.1140 0.0003
3.1144 3.1131 3.1140 0.0003
3.1144 3.1131 3.1140 0.0003
3.1144 3.1131 3.1140 0.0003
3.1144 3.1131 3.1140 0.0003
3.1144 3.1131 3.1140 0.0003
3.1144 3.1138 3.1140 0.0003
3.1144 3.1138 3.1140 0.0003
3.1144 3.1138 3.1140 0.0003
3.1144 3.1138 3.1140 0.0003
3.1144 3.1138 3.1140 0.0003
3.1144 3.1138 3.1140 0.0003
3.1144 3.1138 3.1140 0.0003
3.1144 3.1138 3.1140 0.0003
3.1144 3.1138 3.1140 0.0003
3.1144 3.1138 3.1140 0.0003
3.1144 3.1138 3.1140 0.0003
3.1144 3.1138 3.1140 0.0003
3.1144 3.1138 3.1140 0.0003
3.1144 3.1138 3.1140 0.0003
3.1144 3.1138 3.1140 0.0003
3.1144 3.1138 3.1140 0.0003
3.1144 3.1138 3.1140 0.0003
3.1144 3.1138 3.1140 0.0003
3.1144 3.1138 3.1140 0.0003
3.1144 3.1138 3.1140 0.0003
3.1144 3.1138 3.1140 0.0003
3.1144 3.1138 3.1140 0.0003
3.1144 3.1138 3.1140 0.0003
3.1144 3.1138 3.1140 0.0003
3.1144 3.1138 3.1140 0.0003
3.1144 3.1138 3.1140 0.0003
3.1144 3.1138 3.1140 0.0003
3.1144 3.1138 3.1140 0.0003
3.1144 3.1138 3.1140 0.0003
3.1144 3.1138 3.1140 0.0003
3.1144 3.1138 3.1140 0.0003
3.1144 3.1138 3.1140 0.0003
3.1144 3.1138 3.1140 0.0003
3.1144 3.1138 3.1140 0.0003
3.1144 3.1138 3.1140 0.0003
3.1144 3.1138 3.1140 0.0003
3.1144 3.1138 3.1140 0.0003
3.1144 3.1138 3.1141 0.0003
3.1144 3.1138 3.1141 0.0003
3.1144 3.1138 3.1141 0.0003
3.1144 3.1138 3.1141 0.0003
3.1144 3.1138 3.1141 0.0003
3.1144 3.1138 3.1141 0.0003
3.1144 3.1138 3.1141 0.0003
3.1144 3.1138 3.1141 0.0003
3.1144 3.1138 3.1141 0.0003
3.1144 3.1138 3.1141 0.0003
3.1144 3.1138 3.1141 0.0003
3.1144 3.1138 3.1141 0.0003
3.1144 3.1138 3.1141 0.0003
3.1144 3.1138 3.1141 0.0003
3.1144 3.1138 3.1141 0.0003
3.1144 3.1138 3.1141 0.0003
3.1144 3.1138 3.1141 0.0003
3.1144 3.1138 3.1141 0.0003
3.1144 3.1138 3.1141 0.0003
3.1144 3.1138 3.1141 0.0003
3.1144 3.1138 3.1141 0.0003
3.1144 3.1138 3.1141 0.0003
3.1144 3.1138 3.1141 0.0003
3.1144 3.1138 3.1141 0.0003
3.1144 3.1138 3.1141 0.0003
3.1144 3.1138 3.1141 0.0003
3.1144 3.1138 3.1141 0.0003
3.1144 3.1138 3.1141 0.0003
3.1144 3.1138 3.1141 0.0003
3.1144 3.1138 3.1141 0.0003
3.1144 3.1138 3.1141 0.0003
3.1144 3.1138 3.1141 0.0003
3.1144 3.1138 3.1141 0.0003
3.1144 3.1138 3.1141 0.0003
3.1144 3.1138 3.1141 0.0003
3.1144 3.1138 3.1141 0.0003
3.1144 3.1138 3.1141 0.0003
3.1144 3.1138 3.1141 0.0003
3.1144 3.1138 3.1141 0.0003
3.1144 3.1138 3.1141 0.0003
3.1144 3.1138 3.1141 0.0003
3.1144 3.1138 3.1141 0.0003
3.1144 3.1138 3.1141 0.0003
3.1144 3.1138 3.1141 0.0003
3.1144 3.1138 3.1141 0.0003
3.1144 3.1138 3.1141 0.0003
3.1144 3.1138 3.1141 0.0003
3.1144 3.1138 3.1141 0.0003
3.1144 3.1138 3.1141 0.0003
3.1144 3.1138 3.1141 0.0003
3.1144 3.1138 3.1141 0.0003
3.1144 3.1138 3.1141 0.0003
3.1144 3.1138 3.1141 0.0003
3.1144 3.1138 3.1141 0.0003
3.1144 3.1138 3.1141 0.0003
3.1144 3.1138 3.1141 0.0003
3.1144 3.1138 3.1141 0.0003
3.1144 3.1138 3.1141 0.0003
3.1144 3.1138 3.1141 0.0003
3.1144 3.1138 3.1141 0.0003
3.1144 3.1138 3.1141 0.0003
3.1144 3.1138 3.1141 0.0003
3.1144 3.1138 3.1141 0.0003
3.1144 3.1138 3.1141 0.0003
3.1144 3.1138 3.1141 0.0003
3.1144 3.1138 3.1141 0.0003
3.1144 3.1138 3.1141 0.0003
3.1144 3.1138 3.1141 0.0003
3.1144 3.1138 3.1141 0.0003
3.1144 3.1138 3.1141 0.0003
3.1144 3.1138 3.1141 0.0003
3.1144 3.1138 3.1141 0.0003
3.1144 3.1138 3.1141 0.0003
3.1144 3.1138 3.1141 0.0003
3.1144 3.1138 3.1141 0.0003
3.1144 3.1138 3.1141 0.0003
3.1144 3.1138 3.1141 0.0003
3.1144 3.1138 3.1141 0.0003
3.1144 3.1138 3.1141 0.0003
3.1144 3.1138 3.1141 0.0003
3.1144 3.1138 3.1141 0.0003
3.1144 3.1138 3.1141 0.0003
3.1144 3.1138 3.1141 0.0003
3.1144 3.1138 3.1142 0.0003
3.1144 3.1138 3.1142 0.0003
3.1144 3.1138 3.1142 0.0003
3.1144 3.1138 3.1142 0.0003
3.1144 3.1138 3.1142 0.0003
3.1144 3.1138 3.1142 0.0003
3.1144 3.1138 3.1142 0.0003
3.1144 3.1138 3.1142 0.0003
3.1144 3.1138 3.1142 0.0003
3.1144 3.1138 3.1142 0.0003
3.1144 3.1138 3.1142 0.0003
3.1144 3.1138 3.1142 0.0003
3.1144 3.1138 3.1142 0.0003
3.1144 3.1138 3.1142 0.0003
3.1144 3.1138 3.1142 0.0003
3.1144 3.1138 3.1142 0.0003
3.1144 3.1138 3.1142 0.0003
3.1144 3.1138 3.1142 0.0003
3.1144 3.1138 3.1142 0.0003
3.1144 3.1138 3.1142 0.0003
3.1144 3.1138 3.1142 0.0003
3.1144 3.1138 3.1142 0.0003
3.1144 3.1138 3.1142 0.0003
3.1144 3.1138 3.1142 0.0003
3.1144 3.1138 3.1142 0.0003
3.1144 3.1138 3.1142 0.0003
3.1144 3.1138 3.1142 0.0003
3.1144 3.1138 3.1142 0.0003
3.1144 3.1138 3.1142 0.0003
3.1144 3.1138 3.1142 0.0003
3.1144 3.1138 3.1142 0.0003
3.1144 3.1138 3.1142 0.0003
3.1144 3.1138 3.1142 0.0003
3.1144 3.1138 3.1142 0.0003
3.1144 3.1138 3.1142 0.0003
3.1144 3.1138 3.1142 0.0003
3.1144 3.1138 3.1142 0.0003
3.1144 3.1138 3.1142 0.0003
3.1144 3.1138 3.1142 0.0003
3.1144 3.1138 3.1142 0.0003
3.1144 3.1138 3.1142 0.0003
3.1144 3.1138 3.1142 0.0003
3.1144 3.1138 3.1142 0.0003
3.1144 3.1138 3.1142 0.0003
3.1144 3.1138 3.1142 0.0003
3.1144 3.1138 3.1142 0.0003
3.1144 3.1138 3.1142 0.0003
3.1144 3.1138 3.1142 0.0003
3.1144 3.1138 3.1142 0.0003
3.1144 3.1138 3.1142 0.0003
3.1144 3.1138 3.1142 0.0003
3.1144 3.1138 3.1142 0.0003
3.1144 3.1138 3.1142 0.0003
3.1144 3.1138 3.1142 0.0003
3.1144 3.1138 3.1142 0.0003
3.1144 3.1138 3.1142 0.0003
3.1144 3.1138 3.1142 0.0003
3.1144 3.1138 3.1142 0.0003
3.1144 3.1138 3.1142 0.0003
3.1144 3.1138 3.1142 0.0003
3.1144 3.1138 3.1142 0.0003
3.1144 3.1138 3.1142 0.0003
3.1144 3.1138 3.1142 0.0003
3.1144 3.1138 3.1142 0.0003
3.1144 3.1138 3.1142 0.0003
3.1144 3.1138 3.1142 0.0003
3.1144 3.1138 3.1142 0.0003
3.1144 3.1138 3.1142 0.0003
3.1144 3.1138 3.1142 0.0003
3.1144 3.1138 3.1142 0.0003
3.1144 3.1138 3.1142 0.0003
3.1144 3.1138 3.1142 0.0003
3.1144 3.1138 3.1142 0.0003
3.1144 3.1138 3.1142 0.0003
3.1144 3.1138 3.1142 0.0003
3.1144 3.1138 3.1142 0.0003
3.1144 3.1138 3.1142 0.0003
3.1144 3.1138 3.1142 0.0003
3.1144 3.1138 3.1142 0.0003
3.1144 3.1138 3.1142 0.0003
3.1144 3.1138 3.1142 0.0003
3.1144 3.1138 3.1142 0.0003
3.1144 3.1138 3.1142 0.0003
3.1144 3.1138 3.1142 0.0003
3.1144 3.1138 3.1142 0.0003
3.1144 3.1138 3.1142 0.0003
3.1144 3.1138 3.1142 0.0003
3.1144 3.1138 3.1142 0.0003
3.1144 3.1138 3.1142 0.0003
3.1144 3.1138 3.1142 0.0003
3.1144 3.1138 3.1142 0.0003
3.1144 3.1138 3.1142 0.0003
3.1144 3.1138 3.1142 0.0003
3.1144 3.1138 3.1142 0.0003
3.1144 3.1138 3.1142 0.0003
3.1144 3.1138 3.1142 0.0003
3.1144 3.1138 3.1142 0.0003
3.1144 3.1138 3.1142 0.0003
3.1144 3.1138 3.1142 0.0003
3.1144 3.1138 3.1142 0.0003
3.1144 3.1138 3.1142 0.0003
3.1144 3.1138 3.1142 0.0003
3.1144 3.1138 3.1142 0.0003
3.1144 3.1138 3.1142 0.0003
3.1144 3.1138 3.1142 0.0003
3.1144 3.1138 3.1142 0.0003
3.1144 3.1138 3.1142 0.0003
3.1144 3.1138 3.1142 0.0003
3.1144 3.1138 3.1143 0.0003
3.1144 3.1138 3.1143 0.0003
3.1144 3.1138 3.1143 0.0003
3.1144 3.1138 3.1143 0.0003
3.1144 3.1138 3.1143 0.0003
3.1144 3.1138 3.1143 0.0003
3.1144 3.1138 3.1143 0.0003
3.1144 3.1138 3.1143 0.0003
3.1144 3.1138 3.1143 0.0003
3.1144 3.1138 3.1143 0.0003
3.1144 3.1138 3.1143 0.0003
3.1144 3.1138 3.1143 0.0003
3.1144 3.1138 3.1143 0.0003
3.1144 3.1138 3.1143 0.0003
3.1144 3.1138 3.1143 0.0003
3.1144 3.1138 3.1143 0.0003
3.1144 3.1138 3.1143 0.0003
3.1144 3.1138 3.1143 0.0003
3.1144 3.1138 3.1143 0.0003
3.1144 3.1138 3.1143 0.0003
3.1144 3.1138 3.1143 0.0003
3.1144 3.1138 3.1143 0.0003
3.1144 3.1138 3.1143 0.0003
3.1144 3.1138 3.1143 0.0003
3.1144 3.1138 3.1143 0.0003
3.1144 3.1138 3.1143 0.0003
3.1144 3.1138 3.1143 0.0003
3.1144 3.1138 3.1143 0.0003
3.1144 3.1138 3.1143 0.0003
3.1144 3.1138 3.1143 0.0003
3.1144 3.1138 3.1143 0.0003
3.1144 3.1138 3.1143 0.0003
3.1144 3.1138 3.1143 0.0003
3.1144 3.1138 3.1143 0.0003
3.1144 3.1138 3.1143 0.0003
3.1144 3.1138 3.1143 0.0003
3.1144 3.1138 3.1143 0.0003
3.1144 3.1138 3.1143 0.0003
3.1144 3.1138 3.1143 0.0003
3.1144 3.1138 3.1143 0.0003
3.1144 3.1138 3.1143 0.0003
3.1144 3.1138 3.1143 0.0003
3.1144 3.1138 3.1143 0.0003
3.1144 3.1138 3.1143 0.0003
3.1144 3.1138 3.1143 0.0003
3.1144 3.1138 3.1143 0.0003
3.1144 3.1138 3.1143 0.0003
3.1144 3.1138 3.1143 0.0003
3.1144 3.1138 3.1143 0.0003
3.1144 3.1138 3.1143 0.0003
3.1144 3.1138 3.1143 0.0003
3.1144 3.1138 3.1143 0.0003
3.1144 3.1138 3.1143 0.0003
3.1144 3.1138 3.1143 0.0003
3.1144 3.1138 3.1143 0.0003
3.1144 3.1138 3.1143 0.0002
3.1144 3.1138 3.1143 0.0002
3.1144 3.1138 3.1143 0.0002
3.1144 3.1138 3.1143 0.0002
3.1144 3.1138 3.1143 0.0002
3.1144 3.1138 3.1143 0.0002
3.1144 3.1138 3.1143 0.0002
3.1144 3.1138 3.1143 0.0002
3.1144 3.1138 3.1143 0.0002
3.1144 3.1138 3.1143 0.0002
3.1144 3.1138 3.1143 0.0002
3.1144 3.1138 3.1143 0.0002
3.1144 3.1138 3.1143 0.0002
3.1144 3.1138 3.1143 0.0002
3.1144 3.1138 3.1143 0.0002
3.1144 3.1138 3.1143 0.0002
3.1144 3.1138 3.1143 0.0002
3.1144 3.1138 3.1143 0.0002
3.1144 3.1138 3.1143 0.0002
3.1144 3.1138 3.1143 0.0002
3.1144 3.1138 3.1143 0.0002
3.1144 3.1138 3.1143 0.0002
3.1144 3.1138 3.1143 0.0002
3.1144 3.1138 3.1143 0.0002
3.1144 3.1138 3.1143 0.0002
3.1144 3.1138 3.1143 0.0002
3.1144 3.1138 3.1143 0.0002
3.1144 3.1138 3.1143 0.0002
3.1144 3.1138 3.1143 0.0002
3.1144 3.1138 3.1143 0.0002
3.1144 3.1138 3.1143 0.0002
3.1144 3.1138 3.1143 0.0002
3.1144 3.1138 3.1143 0.0002
3.1144 3.1138 3.1143 0.0002
3.1144 3.1138 3.1143 0.0002
3.1144 3.1138 3.1143 0.0002
3.1144 3.1138 3.1143 0.0002
3.1144 3.1138 3.1143 0.0002
3.1144 3.1138 3.1143 0.0002
3.1144 3.1138 3.1143 0.0002
3.1144 3.1138 3.1143 0.0002
3.1144 3.1138 3.1143 0.0002
3.1144 3.1138 3.1143 0.0002
3.1144 3.1138 3.1143 0.0002
3.1144 3.1138 3.1143 0.0002
3.1144 3.1138 3.1143 0.0002
3.1144 3.1138 3.1143 0.0002
3.1144 3.1138 3.1143 0.0002
3.1144 3.1138 3.1143 0.0002
3.1144 3.1138 3.1143 0.0002
3.1144 3.1138 3.1143 0.0002
3.1144 3.1138 3.1143 0.0002
3.1144 3.1138 3.1143 0.0002
3.1144 3.1138 3.1143 0.0002
3.1144 3.1138 3.1143 0.0002
3.1144 3.1138 3.1143 0.0002
3.1144 3.1138 3.1143 0.0002
3.1144 3.1138 3.1143 0.0002
3.1144 3.1138 3.1143 0.0002
3.1144 3.1138 3.1143 0.0002
3.1144 3.1138 3.1143 0.0002
3.1144 3.1138 3.1143 0.0002
3.1144 3.1138 3.1143 0.0002
3.1144 3.1138 3.1143 0.0002
3.1144 3.1138 3.1143 0.0002
3.1144 3.1138 3.1143 0.0002
3.1144 3.1138 3.1143 0.0002
3.1144 3.1138 3.1143 0.0002
3.1144 3.1138 3.1143 0.0002
3.1144 3.1138 3.1143 0.0002
3.1144 3.1138 3.1143 0.0002
3.1144 3.1138 3.1143 0.0002
3.1144 3.1138 3.1143 0.0002
3.1144 3.1138 3.1143 0.0002
3.1144 3.1138 3.1143 0.0002
3.1144 3.1138 3.1143 0.0002
3.1144 3.1138 3.1143 0.0002
3.1144 3.1138 3.1143 0.0002
3.1144 3.1138 3.1143 0.0002
3.1144 3.1138 3.1143 0.0002
3.1144 3.1138 3.1143 0.0002
3.1144 3.1138 3.1143 0.0002
3.1144 3.1138 3.1143 0.0002
3.1144 3.1138 3.1143 0.0002
3.1144 3.1138 3.1143 0.0002
3.1144 3.1138 3.1143 0.0002
3.1144 3.1138 3.1143 0.0002
3.1144 3.1138 3.1143 0.0002
3.1144 3.1138 3.1143 0.0002
3.1144 3.1138 3.1144 0.0002
3.1144 3.1138 3.1144 0.0002
3.1144 3.1138 3.1144 0.0002
3.1144 3.1138 3.1144 0.0002
3.1144 3.1138 3.1144 0.0002
3.1144 3.1138 3.1144 0.0002
3.1144 3.1138 3.1144 0.0002
3.1144 3.1138 3.1144 0.0002
3.1144 3.1138 3.1144 0.0002
3.1144 3.1138 3.1144 0.0002
3.1144 3.1138 3.1144 0.0002
3.1144 3.1138 3.1144 0.0002
3.1144 3.1138 3.1144 0.0002
3.1144 3.1138 3.1144 0.0002
3.1144 3.1138 3.1144 0.0002
3.1144 3.1138 3.1144 0.0002
3.1144 3.1138 3.1144 0.0002
3.1144 3.1138 3.1144 0.0002
3.1144 3.1138 3.1144 0.0002
3.1144 3.1138 3.1144 0.0002
3.1144 3.1138 3.1144 0.0002
3.1144 3.1138 3.1144 0.0002
3.1144 3.1138 3.1144 0.0002
3.1144 3.1138 3.1144 0.0002
3.1144 3.1138 3.1144 0.0002
3.1144 3.1138 3.1144 0.0002
3.1144 3.1138 3.1144 0.0002
3.1144 3.1138 3.1144 0.0002
3.1144 3.1138 3.1144 0.0002
3.1144 3.1138 3.1144 0.0002
3.1144 3.1138 3.1144 0.0002
3.1144 3.1138 3.1144 0.0002
3.1144 3.1138 3.1144 0.0002
3.1144 3.1138 3.1144 0.0002
3.1144 3.1138 3.1144 0.0002
3.1144 3.1138 3.1144 0.0002
3.1144 3.1138 3.1144 0.0002
3.1144 3.1138 3.1144 0.0002
3.1144 3.1138 3.1144 0.0002
3.1144 3.1138 3.1144 0.0002
3.1144 3.1138 3.1144 0.0002
3.1144 3.1138 3.1144 0.0002
3.1144 3.1138 3.1144 0.0002
3.1144 3.1138 3.1144 0.0002
3.1144 3.1138 3.1144 0.0002
3.1144 3.1138 3.1144 0.0002
3.1144 3.1138 3.1144 0.0002
3.1144 3.1138 3.1144 0.0002
3.1144 3.1138 3.1144 0.0002
3.1144 3.1138 3.1144 0.0002
3.1144 3.1138 3.1144 0.0002
3.1144 3.1138 3.1144 0.0002
3.1144 3.1138 3.1144 0.0002
3.1144 3.1138 3.1144 0.0002
3.1144 3.1138 3.1144 0.0002
3.1144 3.1138 3.1144 0.0002
3.1144 3.1138 3.1144 0.0002
3.1144 3.1138 3.1144 0.0002
3.1144 3.1138 3.1144 0.0002
3.1144 3.1138 3.1144 0.0002
3.1144 3.1138 3.1144 0.0002
3.1144 3.1138 3.1144 0.0002
3.1144 3.1138 3.1144 0.0002
3.1144 3.1138 3.1144 0.0002
3.1144 3.1138 3.1144 0.0002
3.1144 3.1138 3.1144 0.0002
3.1144 3.1138 3.1144 0.0002
3.1144 3.1138 3.1144 0.0002
3.1144 3.1138 3.1144 0.0002
3.1144 3.1138 3.1144 0.0002
3.1144 3.1138 3.1144 0.0002
3.1144 3.1138 3.1144 0.0002
3.1144 3.1138 3.1144 0.0002
3.1144 3.1138 3.1144 0.0002
3.1144 3.1138 3.1144 0.0002
3.1144 3.1138 3.1144 0.0002
3.1144 3.1138 3.1144 0.0002
3.1144 3.1138 3.1144 0.0002
3.1144 3.1138 3.1144 0.0002
3.1144 3.1138 3.1144 0.0002
3.1144 3.1138 3.1144 0.0002
3.1144 3.1138 3.1144 0.0002
3.1144 3.1138 3.1144 0.0002
3.1144 3.1138 3.1144 0.0002
3.1144 3.1138 3.1144 0.0002
3.1144 3.1138 3.1144 0.0002
3.1144 3.1138 3.1144 0.0002
3.1144 3.1138 3.1144 0.0002
3.1144 3.1138 3.1144 0.0002
3.1144 3.1138 3.1144 0.0002
3.1144 3.1138 3.1144 0.0002
3.1144 3.1138 3.1144 0.0002
3.1144 3.1138 3.1144 0.0002
3.1144 3.1138 3.1144 0.0002
3.1144 3.1138 3.1144 0.0001
3.1144 3.1138 3.1144 0.0001
3.1144 3.1138 3.1144 0.0001
3.1144 3.1138 3.1144 0.0001
3.1144 3.1138 3.1144 0.0001
3.1144 3.1138 3.1144 0.0001
3.1144 3.1138 3.1144 0.0001
3.1144 3.1138 3.1144 0.0001
3.1144 3.1138 3.1144 0.0001
3.1144 3.1138 3.1144 0.0001
3.1144 3.1138 3.1144 0.0001
3.1144 3.1138 3.1144 0.0001
3.1144 3.1138 3.1144 0.0001
3.1144 3.1138 3.1144 0.0001
3.1144 3.1138 3.1144 0.0001
3.1144 3.1138 3.1144 0.0001
3.1144 3.1138 3.1144 0.0001
3.1144 3.1138 3.1144 0.0001
3.1144 3.1138 3.1144 0.0001
3.1144 3.1138 3.1144 0.0001
3.1144 3.1138 3.1144 0.0001
3.1144 3.1138 3.1144 0.0001
3.1144 3.1138 3.1144 0.0001
3.1144 3.1138 3.1144 0.0001
3.1144 3.1138 3.1144 0.0001
3.1144 3.1138 3.1144 0.0001
3.1144 3.1138 3.1144 0.0001
3.1144 3.1138 3.1144 0.0001
3.1144 3.1138 3.1144 0.0001
3.1144 3.1138 3.1144 0.0001
3.1144 3.1138 3.1144 0.0001
3.1144 3.1138 3.1144 0.0001
3.1144 3.1138 3.1144 0.0001
3.1144 3.1138 3.1144 0.0001
3.1144 3.1138 3.1144 0.0001
3.1144 3.1138 3.1144 0.0001
3.1144 3.1138 3.1144 0.0001
3.1144 3.1138 3.1144 0.0001
3.1144 3.1138 3.1144 0.0001
3.1144 3.1138 3.1144 0.0001
3.1144 3.1138 3.1144 0.0001
3.1144 3.1138 3.1144 0.0001
3.1144 3.1138 3.1144 0.0001
3.1144 3.1138 3.1144 0.0001
3.1144 3.1138 3.1144 0.0001
3.1144 3.1138 3.1144 0.0001
3.1144 3.1138 3.1144 0.0001
3.1144 3.1138 3.1144 0.0001
3.1144 3.1138 3.1144 0.0001
3.1144 3.1138 3.1144 0.0001
3.1144 3.1138 3.1144 0.0001
3.1144 3.1138 3.1144 0.0001
3.1144 3.1138 3.1144 0.0001
3.1144 3.1138 3.1144 0.0001
3.1144 3.1138 3.1144 0.0001
3.1144 3.1138 3.1144 0.0001
3.1144 3.1138 3.1144 0.0001
3.1144 3.1138 3.1144 0.0001
3.1144 3.1138 3.1144 0.0001
3.1144 3.1138 3.1144 0.0001
3.1144 3.1138 3.1144 0.0001
3.1144 3.1138 3.1144 0.0001
3.1144 3.1138 3.1144 0.0001
3.1144 3.1138 3.1144 0.0001
3.1144 3.1138 3.1144 0.0001
3.1144 3.1138 3.1144 0.0001
3.1144 3.1138 3.1144 0.0001
3.1144 3.1138 3.1144 0.0001
3.1144 3.1138 3.1144 0.0001
3.1144 3.1138 3.1144 0.0001
3.1144 3.1138 3.1144 0.0001
3.1144 3.1138 3.1144 0.0001
3.1144 3.1138 3.1144 0.0001
3.1144 3.1138 3.1144 0.0001
3.1144 3.1138 3.1144 0.0001
3.1144 3.1138 3.1144 0.0001
3.1144 3.1138 3.1144 0.0001
3.1144 3.1138 3.1144 0.0001
3.1144 3.1138 3.1144 0.0001
3.1144 3.1138 3.1144 0.0001
3.1144 3.1138 3.1144 0.0001
3.1144 3.1138 3.1144 0.0001
3.1144 3.1138 3.1144 0.0001
3.1144 3.1138 3.1144 0.0001
3.1144 3.1138 3.1144 0.0001
3.1144 3.1138 3.1144 0.0001
3.1144 3.1138 3.1144 0.0001
3.1144 3.1138 3.1144 0.0001
3.1144 3.1138 3.1144 0.0001
3.1144 3.1138 3.1144 0.0001
3.1144 3.1138 3.1144 0.0001
3.1144 3.1138 3.1144 0.0001
3.1144 3.1138 3.1144 0.0001
3.1144 3.1138 3.1144 0.0001
3.1144 3.1138 3.1144 0.0001
3.1144 3.1138 3.1144 0.0001
3.1144 3.1138 3.1144 0.0001
3.1144 3.1138 3.1144 0.0001
3.1144 3.1138 3.1144 0.0001
3.1144 3.1138 3.1144 0.0001
3.1144 3.1138 3.1144 0.0001
3.1144 3.1138 3.1144 0.0001
3.1144 3.1138 3.1144 0.0001
3.1144 3.1138 3.1144 0.0001
3.1144 3.1138 3.1144 0.0001
3.1144 3.1138 3.1144 0.0001
3.1144 3.1138 3.1144 0.0001
3.1144 3.1138 3.1144 0.0001
3.1144 3.1138 3.1144 0.0001
3.1144 3.1138 3.1144 0.0001
3.1144 3.1138 3.1144 0.0001
3.1144 3.1138 3.1144 0.0001
3.1144 3.1138 3.1144 0.0001
3.1144 3.1138 3.1144 0.0001
3.1144 3.1138 3.1144 0.0001
3.1144 3.1138 3.1144 0.0001
3.1144 3.1138 3.1144 0.0001
3.1144 3.1138 3.1144 0.0001
3.1144 3.1138 3.1144 0.0001
3.1144 3.1138 3.1144 0.0001
3.1144 3.1138 3.1144 0.0001
3.1144 3.1138 3.1144 0.0001
3.1144 3.1138 3.1144 0.0001
3.1144 3.1138 3.1144 0.0001
3.1144 3.1138 3.1144 0.0001
3.1144 3.1138 3.1144 0.0001
3.1144 3.1138 3.1144 0.0001
3.1144 3.1138 3.1144 0.0001
3.1144 3.1144 3.1144 0.0000
3.1144 3.1144 3.1144 0.0000
3.1144 3.1144 3.1144 0.0000
3.1144 3.1144 3.1144 0.0000
3.1144 3.1144 3.1144 0.0000
3.1144 3.1144 3.1144 0.0000
3.1144 3.1144 3.1144 0.0000
3.1144 3.1144 3.1144 0.0000
3.1144 3.1144 3.1144 0.0000
3.1144 3.1144 3.1144 0.0000
3.1144 3.1144 3.1144 0.0000
3.1144 3.1144 3.1144 0.0000
3.1144 3.1144 3.1144 0.0000
3.1144 3.1144 3.1144 0.0000
3.1144 3.1144 3.1144 0.0000
3.1144 3.1144 3.1144 0.0000
3.1144 3.1144 3.1144 0.0000
3.1144 3.1144 3.1144 0.0000
3.1144 3.1144 3.1144 0.0000
3.1144 3.1144 3.1144 0.0000
3.1144 3.1144 3.1144 0.0000
3.1144 3.1144 3.1144 0.0000
3.1144 3.1144 3.1144 0.0000
3.1144 3.1144 3.1144 0.0000
3.1144 3.1144 3.1144 0.0000
3.1144 3.1144 3.1144 0.0000
3.1144 3.1144 3.1144 0.0000
3.1144 3.1144 3.1144 0.0000
3.1144 3.1144 3.1144 0.0000
3.1144 3.1144 3.1144 0.0000
3.1144 3.1144 3.1144 0.0000
3.1144 3.1144 3.1144 0.0000
3.1144 3.1144 3.1144 0.0000
3.1144 3.1144 3.1144 0.0000
3.1144 3.1144 3.1144 0.0000
3.1144 3.1144 3.1144 0.0000
3.1144 3.1144 3.1144 0.0000
3.1144 3.1144 3.1144 0.0000
3.1144 3.1144 3.1144 0.0000
3.1144 3.1144 3.1144 0.0000
3.1144 3.1144 3.1144 0.0000
3.1144 3.1144 3.1144 0.0000
3.1144 3.1144 3.1144 0.0000
3.1144 3.1144 3.1144 0.0000
3.1144 3.1144 3.1144 0.0000
3.1144 3.1144 3.1144 0.0000
3.1144 3.1144 3.1144 0.0000
3.1144 3.1144 3.1144 0.0000
3.1144 3.1144 3.1144 0.0000
3.1144 3.1144 3.1144 0.0000
3.1144 3.1144 3.1144 0.0000
3.1144 3.1144 3.1144 0.0000
3.1144 3.1144 3.1144 0.0000
3.1144 3.1144 3.1144 0.0000
3.1144 3.1144 3.1144 0.0000
3.1144 3.1144 3.1144 0.0000
3.1144 3.1144 3.1144 0.0000
3.1144 3.1144 3.1144 0.0000
3.1144 3.1144 3.1144 0.0000
3.1144 3.1144 3.1144 0.0000
3.1144 3.1144 3.1144 0.0000
3.1144 3.1144 3.1144 0.0000
3.1144 3.1144 3.1144 0.0000
3.1144 3.1144 3.1144 0.0000
3.1144 3.1144 3.1144 0.0000
3.1144 3.1144 3.1144 0.0000
3.1144 3.1144 3.1144 0.0000
3.1144 3.1144 3.1144 0.0000
3.1144 3.1144 3.1144 0.0000
3.1144 3.1144 3.1144 0.0000
3.1144 3.1144 3.1144 0.0000
3.1144 3.1144 3.1144 0.0000
3.1144 3.1144 3.1144 0.0000
3.1144 3.1144 3.1144 0.0000
3.1144 3.1144 3.1144 0.0000
3.1144 3.1144 3.1144 0.0000
3.1144 3.1144 3.1144 0.0000
3.1144 3.1144 3.1144 0.0000
3.1144 3.1144 3.1144 0.0000
3.1144 3.1144 3.1144 0.0000
3.1144 3.1144 3.1144 0.0000
3.1144 3.1144 3.1144 0.0000
3.1144 3.1144 3.1144 0.0000
3.1144 3.1144 3.1144 0.0000
3.1144 3.1144 3.1144 0.0000
3.1144 3.1144 3.1144 0.0000
3.1144 3.1144 3.1144 0.0000
3.1144 3.1144 3.1144 0.0000
3.1144 3.1144 3.1144 0.0000
3.1144 3.1144 3.1144 0.0000
3.1144 3.1144 3.1144 0.0000
3.1144 3.1144 3.1144 0.0000
3.1144 3.1144 3.1144 0.0000
3.1144 3.1144 3.1144 0.0000
3.1144 3.1144 3.1144 0.0000
3.1144 3.1144 3.1144 0.0000
3.1144 3.1144 3.1144 0.0000
3.1144 3.1144 3.1144 0.0000
3.1144 3.1144 3.1144 0.0000
3.1144 3.1144 3.1144 0.0000
3.1144 3.1144 3.1144 0.0000
3.1144 3.1144 3.1144 0.0000
3.1144 3.1144 3.1144 0.0000
3.1144 3.1144 3.1144 0.0000
3.1144 3.1144 3.1144 0.0000
3.1144 3.1144 3.1144 0.0000
3.1144 3.1144 3.1144 0.0000
3.1144 3.1144 3.1144 0.0000
3.1144 3.1144 3.1144 0.0000
3.1144 3.1144 3.1144 0.0000
3.1144 3.1144 3.1144 0.0000
3.1144 3.1144 3.1144 0.0000
3.1144 3.1144 3.1144 0.0000
3.1144 3.1144 3.1144 0.0000
3.1144 3.1144 3.1144 0.0000
3.1144 3.1144 3.1144 0.0000
3.1160 3.1144 3.1144 0.0002
3.1160 3.1144 3.1144 0.0002
3.1160 3.1144 3.1144 0.0002
3.1160 3.1144 3.1144 0.0002
3.1160 3.1144 3.1144 0.0002
3.1160 3.1144 3.1144 0.0002
3.1160 3.1144 3.1144 0.0002
3.1160 3.1144 3.1144 0.0002
3.1160 3.1144 3.1144 0.0002
3.1160 3.1144 3.1144 0.0002
3.1160 3.1144 3.1144 0.0002
3.1160 3.1144 3.1144 0.0002
3.1160 3.1144 3.1144 0.0002
3.1160 3.1144 3.1144 0.0002
3.1160 3.1144 3.1144 0.0002
3.1160 3.1144 3.1144 0.0002
3.1160 3.1144 3.1144 0.0002
3.1160 3.1144 3.1144 0.0002
3.1160 3.1144 3.1144 0.0002
3.1160 3.1144 3.1144 0.0002
3.1160 3.1144 3.1144 0.0002
3.1160 3.1144 3.1144 0.0002
3.1160 3.1144 3.1144 0.0002
3.1160 3.1144 3.1144 0.0002
3.1160 3.1144 3.1144 0.0002
3.1160 3.1144 3.1144 0.0002
3.1160 3.1144 3.1144 0.0002
3.1160 3.1144 3.1144 0.0002
3.1160 3.1144 3.1144 0.0002
3.1160 3.1144 3.1144 0.0002
3.1160 3.1144 3.1144 0.0002
3.1160 3.1144 3.1144 0.0002
3.1160 3.1144 3.1144 0.0002
3.1160 3.1144 3.1144 0.0002
3.1160 3.1144 3.1144 0.0002
3.1160 3.1144 3.1144 0.0002
3.1160 3.1144 3.1144 0.0002
3.1160 3.1144 3.1144 0.0002
3.1160 3.1144 3.1144 0.0002
3.1160 3.1144 3.1144 0.0002
3.1160 3.1144 3.1144 0.0002
3.1160 3.1144 3.1144 0.0002
3.1160 3.1144 3.1144 0.0002
3.1160 3.1144 3.1144 0.0002
3.1160 3.1144 3.1144 0.0002
3.1160 3.1144 3.1144 0.0002
3.1160 3.1144 3.1144 0.0002
3.1160 3.1144 3.1144 0.0002
3.1160 3.1144 3.1144 0.0002
3.1160 3.1144 3.1144 0.0002
3.1160 3.1144 3.1144 0.0002
3.1160 3.1144 3.1144 0.0002
3.1160 3.1144 3.1144 0.0002
3.1160 3.1144 3.1144 0.0002
3.1160 3.1144 3.1144 0.0002
3.1160 3.1144 3.1144 0.0002
3.1160 3.1144 3.1144 0.0002
3.1160 3.1144 3.1144 0.0002
3.1160 3.1144 3.1144 0.0002
3.1160 3.1144 3.1144 0.0002
3.1160 3.1144 3.1144 0.0002
3.1160 3.1144 3.1144 0.0002
3.1160 3.1144 3.1144 0.0002
3.1160 3.1144 3.1144 0.0002
3.1160 3.1144 3.1144 0.0002
3.1160 3.1144 3.1144 0.0002
3.1160 3.1144 3.1144 0.0002
3.1160 3.1144 3.1144 0.0002
3.1160 3.1144 3.1144 0.0002
3.1160 3.1144 3.1144 0.0002
3.1160 3.1144 3.1144 0.0002
3.1160 3.1144 3.1144 0.0002
3.1160 3.1144 3.1144 0.0002
3.1160 3.1144 3.1144 0.0002
3.1160 3.1144 3.1144 0.0002
3.1160 3.1144 3.1144 0.0002
3.1160 3.1144 3.1144 0.0002
3.1160 3.1144 3.1144 0.0002
3.1160 3.1144 3.1144 0.0002
3.1160 3.1144 3.1144 0.0002
3.1160 3.1144 3.1144 0.0002
3.1160 3.1144 3.1144 0.0002
3.1160 3.1144 3.1144 0.0002
3.1160 3.1144 3.1144 0.0002
3.1160 3.1144 3.1144 0.0002
3.1160 3.1144 3.1144 0.0002
3.1160 3.1144 3.1144 0.0002
3.1160 3.1144 3.1144 0.0002
3.1160 3.1144 3.1144 0.0002
3.1160 3.1144 3.1144 0.0002
3.1160 3.1144 3.1144 0.0002
3.1160 3.1144 3.1144 0.0002
3.1160 3.1144 3.1144 0.0002
3.1160 3.1144 3.1144 0.0002
3.1160 3.1144 3.1144 0.0002
3.1160 3.1144 3.1144 0.0002
3.1160 3.1144 3.1144 0.0002
3.1160 3.1144 3.1144 0.0002
3.1160 3.1144 3.1144 0.0002
3.1160 3.1144 3.1144 0.0002
3.1160 3.1144 3.1144 0.0002
3.1160 3.1144 3.1144 0.0002
3.1160 3.1144 3.1144 0.0002
3.1160 3.1144 3.1144 0.0002
3.1160 3.1144 3.1144 0.0002
3.1160 3.1144 3.1144 0.0002
3.1160 3.1144 3.1144 0.0002
3.1160 3.1144 3.1144 0.0002
3.1160 3.1144 3.1144 0.0002
3.1160 3.1144 3.1144 0.0002
3.1160 3.1144 3.1144 0.0002
3.1160 3.1144 3.1144 0.0002
3.1160 3.1144 3.1144 0.0002
3.1160 3.1144 3.1144 0.0002
3.1160 3.1144 3.1144 0.0002
3.1160 3.1144 3.1144 0.0002
3.1160 3.1144 3.1144 0.0002
3.1160 3.1144 3.1144 0.0002
3.1160 3.1144 3.1144 0.0002
3.1160 3.1144 3.1144 0.0002
3.1160 3.1144 3.1144 0.0002
3.1160 3.1144 3.1144 0.0002
3.1160 3.1144 3.1144 0.0002
3.1160 3.1144 3.1144 0.0002
3.1160 3.1144 3.1144 0.0002
3.1160 3.1144 3.1144 0.0002
3.1160 3.1144 3.1144 0.0002
3.1160 3.1144 3.1144 0.0002
3.1160 3.1144 3.1144 0.0002
3.1160 3.1144 3.1144 0.0002
3.1160 3.1144 3.1144 0.0002
3.1160 3.1144 3.1144 0.0002
3.1160 3.1144 3.1144 0.0002
3.1160 3.1144 3.1144 0.0002
3.1160 3.1144 3.1144 0.0002
3.1160 3.1144 3.1144 0.0002
3.1160 3.1144 3.1144 0.0002
3.1160 3.1144 3.1144 0.0002
3.1160 3.1144 3.1144 0.0002
3.1160 3.1144 3.1144 0.0002
3.1160 3.1144 3.1144 0.0002
3.1160 3.1144 3.1144 0.0002
3.1160 3.1144 3.1144 0.0002
3.1160 3.1144 3.1144 0.0002
3.1160 3.1144 3.1144 0.0002
3.1160 3.1144 3.1144 0.0002
3.1160 3.1144 3.1144 0.0002
3.1160 3.1144 3.1144 0.0002
3.1160 3.1144 3.1144 0.0002
3.1160 3.1144 3.1144 0.0002
3.1160 3.1144 3.1144 0.0002
3.1160 3.1144 3.1144 0.0002
3.1160 3.1144 3.1144 0.0002
3.1160 3.1144 3.1144 0.0002
3.1160 3.1144 3.1144 0.0002
3.1160 3.1144 3.1144 0.0002
3.1160 3.1144 3.1144 0.0002
3.1160 3.1144 3.1144 0.0002
3.1160 3.1144 3.1144 0.0002
3.1160 3.1144 3.1144 0.0002
3.1160 3.1144 3.1144 0.0002
3.1160 3.1144 3.1144 0.0002
3.1160 3.1144 3.1144 0.0002
3.1160 3.1144 3.1144 0.0002
3.1160 3.1144 3.1144 0.0002
3.1160 3.1144 3.1144 0.0002
3.1160 3.1144 3.1144 0.0002
3.1160 3.1144 3.1144 0.0002
3.1160 3.1144 3.1144 0.0002
3.1160 3.1144 3.1144 0.0002
3.1160 3.1144 3.1144 0.0002
3.1160 3.1144 3.1144 0.0002
3.1160 3.1144 3.1144 0.0002
3.1160 3.1144 3.1144 0.0002
3.1160 3.1144 3.1144 0.0002
3.1160 3.1144 3.1144 0.0002
3.1160 3.1144 3.1144 0.0002
3.1160 3.1144 3.1144 0.0002
3.1160 3.1144 3.1144 0.0002
3.1160 3.1144 3.1144 0.0002
3.1160 3.1144 3.1144 0.0002
3.1160 3.1144 3.1144 0.0002
3.1160 3.1144 3.1144 0.0002
3.1160 3.1144 3.1144 0.0002
3.1160 3.1144 3.1144 0.0002
3.1160 3.1144 3.1144 0.0002
3.1160 3.1144 3.1144 0.0002
3.1160 3.1144 3.1144 0.0002
3.1160 3.1144 3.1144 0.0002
3.1160 3.1144 3.1144 0.0002
3.1160 3.1144 3.1144 0.0002
3.1160 3.1144 3.1144 0.0002
3.1160 3.1144 3.1144 0.0002
3.1160 3.1144 3.1144 0.0002
3.1160 3.1144 3.1144 0.0002
3.1160 3.1144 3.1144 0.0002
3.1160 3.1144 3.1144 0.0002
3.1160 3.1144 3.1144 0.0002
3.1160 3.1144 3.1144 0.0002
3.1160 3.1144 3.1144 0.0002
3.1160 3.1144 3.1144 0.0002
3.1160 3.1144 3.1144 0.0002
3.1160 3.1144 3.1144 0.0002
3.1160 3.1144 3.1144 0.0002
3.1160 3.1144 3.1144 0.0002
3.1160 3.1144 3.1144 0.0002
3.1160 3.1144 3.1144 0.0002
3.1160 3.1144 3.1144 0.0002
3.1160 3.1144 3.1144 0.0002
3.1160 3.1144 3.1144 0.0002
3.1160 3.1144 3.1144 0.0002
3.1160 3.1144 3.1144 0.0002
3.1160 3.1144 3.1144 0.0002
3.1160 3.1144 3.1144 0.0002
3.1160 3.1144 3.1144 0.0002
3.1160 3.1144 3.1144 0.0002
3.1160 3.1144 3.1144 0.0002
3.1160 3.1144 3.1144 0.0002
3.1160 3.1144 3.1144 0.0002
3.1160 3.1144 3.1144 0.0002
3.1160 3.1144 3.1144 0.0002
3.1160 3.1144 3.1144 0.0002
3.1160 3.1144 3.1144 0.0002
3.1160 3.1144 3.1144 0.0002
3.1160 3.1144 3.1144 0.0002
3.1160 3.1144 3.1144 0.0002
3.1160 3.1144 3.1144 0.0002
3.1160 3.1144 3.1144 0.0002
3.1160 3.1144 3.1144 0.0002
3.1160 3.1144 3.1144 0.0002
3.1160 3.1144 3.1144 0.0002
3.1160 3.1144 3.1144 0.0002
3.1160 3.1144 3.1144 0.0002
3.1160 3.1144 3.1144 0.0002
3.1160 3.1144 3.1144 0.0002
3.1160 3.1144 3.1144 0.0002
3.1160 3.1144 3.1144 0.0002
3.1160 3.1144 3.1144 0.0002
3.1160 3.1144 3.1144 0.0002
3.1160 3.1144 3.1144 0.0002
3.1160 3.1144 3.1144 0.0002
3.1160 3.1144 3.1144 0.0002
3.1160 3.1144 3.1144 0.0002
3.1160 3.1144 3.1144 0.0002
3.1160 3.1144 3.1144 0.0002
3.1160 3.1144 3.1144 0.0002
3.1160 3.1144 3.1144 0.0002
3.1160 3.1144 3.1144 0.0002
3.1160 3.1144 3.1144 0.0002
3.1160 3.1144 3.1144 0.0002
3.1160 3.1144 3.1144 0.0002
3.1160 3.1144 3.1144 0.0002
3.1160 3.1144 3.1144 0.0002
3.1160 3.1144 3.1144 0.0002
3.1160 3.1144 3.1144 0.0002
3.1160 3.1144 3.1144 0.0002
3.1160 3.1144 3.1144 0.0002
3.1160 3.1144 3.1144 0.0002
3.1160 3.1144 3.1144 0.0002
3.1160 3.1144 3.1144 0.0002
3.1160 3.1144 3.1144 0.0002
3.1160 3.1144 3.1144 0.0002
3.1160 3.1144 3.1144 0.0002
3.1160 3.1144 3.1144 0.0002
3.1160 3.1144 3.1144 0.0002
3.1160 3.1144 3.1144 0.0002
3.1160 3.1144 3.1144 0.0002
3.1160 3.1144 3.1144 0.0002
3.1160 3.1144 3.1144 0.0002
3.1160 3.1144 3.1144 0.0002
3.1160 3.1144 3.1144 0.0002
3.1160 3.1144 3.1144 0.0002
3.1160 3.1144 3.1144 0.0002
3.1160 3.1144 3.1144 0.0002
3.1160 3.1144 3.1144 0.0002
3.1160 3.1144 3.1144 0.0002
3.1160 3.1144 3.1144 0.0002
3.1160 3.1144 3.1144 0.0002
3.1160 3.1144 3.1144 0.0002
3.1160 3.1144 3.1144 0.0002
3.1160 3.1144 3.1144 0.0002
3.1160 3.1144 3.1144 0.0002
3.1160 3.1144 3.1144 0.0002
3.1160 3.1144 3.1144 0.0002
3.1160 3.1144 3.1144 0.0002
3.1160 3.1144 3.1144 0.0002
3.1160 3.1144 3.1144 0.0002
3.1160 3.1144 3.1144 0.0002
3.1160 3.1144 3.1144 0.0002
3.1160 3.1144 3.1144 0.0002
3.1160 3.1144 3.1144 0.0002
3.1160 3.1144 3.1144 0.0002
3.1160 3.1144 3.1144 0.0002
3.1160 3.1144 3.1144 0.0002
3.1160 3.1144 3.1144 0.0002
3.1160 3.1144 3.1144 0.0002
3.1160 3.1144 3.1144 0.0002
3.1160 3.1144 3.1144 0.0002
3.1160 3.1144 3.1144 0.0002
3.1160 3.1144 3.1144 0.0002
3.1160 3.1144 3.1144 0.0002
3.1160 3.1144 3.1144 0.0002
3.1160 3.1144 3.1144 0.0002
3.1160 3.1144 3.1144 0.0002
3.1160 3.1144 3.1144 0.0002
3.1160 3.1144 3.1144 0.0002
3.1160 3.1144 3.1144 0.0002
3.1160 3.1144 3.1144 0.0002
3.1160 3.1144 3.1144 0.0002
3.1160 3.1144 3.1144 0.0002
3.1160 3.1144 3.1144 0.0002
3.1160 3.1144 3.1144 0.0002
3.1160 3.1144 3.1144 0.0002
3.1160 3.1144 3.1144 0.0002
3.1160 3.1144 3.1144 0.0002
3.1160 3.1144 3.1144 0.0002
3.1160 3.1144 3.1144 0.0002
3.1160 3.1144 3.1144 0.0002
3.1160 3.1144 3.1144 0.0002
3.1160 3.1144 3.1144 0.0002
3.1160 3.1144 3.1144 0.0002
3.1160 3.1144 3.1144 0.0002
3.1160 3.1144 3.1144 0.0002
3.1160 3.1144 3.1144 0.0002
3.1160 3.1144 3.1144 0.0002
3.1160 3.1144 3.1144 0.0002
3.1160 3.1144 3.1144 0.0002
3.1160 3.1144 3.1144 0.0002
3.1160 3.1144 3.1144 0.0002
3.1160 3.1144 3.1144 0.0002
3.1160 3.1144 3.1144 0.0002
3.1160 3.1144 3.1144 0.0002
3.1160 3.1144 3.1144 0.0002
3.1160 3.1144 3.1144 0.0002
3.1160 3.1144 3.1144 0.0002
3.1160 3.1144 3.1144 0.0002
3.1160 3.1144 3.1144 0.0002
3.1160 3.1144 3.1144 0.0002
3.1160 3.1144 3.1144 0.0002
3.1160 3.1144 3.1144 0.0002
3.1160 3.1144 3.1144 0.0002
3.1160 3.1144 3.1144 0.0002
3.1160 3.1144 3.1144 0.0002
3.1160 3.1144 3.1144 0.0002
3.1160 3.1144 3.1144 0.0002
3.1160 3.1144 3.1144 0.0002
3.1160 3.1144 3.1144 0.0002
3.1160 3.1144 3.1144 0.0002
3.1160 3.1144 3.1144 0.0002
3.1160 3.1144 3.1144 0.0002
3.1160 3.1144 3.1144 0.0002
3.1160 3.1144 3.1144 0.0002
3.1160 3.1144 3.1144 0.0002
3.1160 3.1144 3.1144 0.0002
3.1160 3.1144 3.1144 0.0002
3.1160 3.1144 3.1144 0.0002
3.1160 3.1144 3.1144 0.0002
3.1160 3.1144 3.1144 0.0002
3.1160 3.1144 3.1144 0.0002
3.1160 3.1144 3.1144 0.0002
3.1160 3.1144 3.1144 0.0002
3.1160 3.1144 3.1144 0.0002
3.1160 3.1144 3.1144 0.0002
3.1160 3.1144 3.1144 0.0002
3.1160 3.1144 3.1144 0.0002
3.1160 3.1144 3.1144 0.0002
3.1160 3.1144 3.1144 0.0002
3.1160 3.1144 3.1144 0.0002
3.1160 3.1144 3.1144 0.0002
3.1160 3.1144 3.1144 0.0002
3.1160 3.1144 3.1144 0.0002
3.1160 3.1144 3.1144 0.0002
3.1160 3.1144 3.1144 0.0002
3.1160 3.1144 3.1144 0.0002
3.1160 3.1144 3.1144 0.0002
3.1160 3.1144 3.1144 0.0002
3.1160 3.1144 3.1144 0.0002
3.1160 3.1144 3.1144 0.0002
3.1160 3.1144 3.1144 0.0002
3.1160 3.1144 3.1144 0.0002
3.1160 3.1144 3.1144 0.0002
3.1160 3.1144 3.1144 0.0002
3.1160 3.1144 3.1144 0.0002
3.1160 3.1144 3.1144 0.0002
3.1160 3.1144 3.1144 0.0002
3.1160 3.1144 3.1144 0.0002
3.1160 3.1144 3.1144 0.0002
3.1160 3.1144 3.1144 0.0002
3.1160 3.1144 3.1144 0.0002
3.1160 3.1144 3.1144 0.0002
3.1160 3.1144 3.1144 0.0002
3.1160 3.1144 3.1144 0.0002
3.1160 3.1144 3.1144 0.0002
3.1160 3.1144 3.1144 0.0002
3.1160 3.1144 3.1144 0.0002
3.1160 3.1144 3.1144 0.0002
3.1160 3.1144 3.1144 0.0002
3.1160 3.1144 3.1144 0.0002
3.1160 3.1144 3.1144 0.0002
3.1160 3.1144 3.1144 0.0002
3.1160 3.1144 3.1144 0.0002
3.1160 3.1144 3.1144 0.0002
3.1160 3.1144 3.1144 0.0002
3.1160 3.1144 3.1144 0.0002
3.1160 3.1144 3.1144 0.0002
3.1160 3.1144 3.1144 0.0002
3.1160 3.1144 3.1144 0.0002
3.1160 3.1144 3.1144 0.0002
3.1160 3.1144 3.1144 0.0002
3.1160 3.1144 3.1144 0.0002
3.1160 3.1144 3.1144 0.0002
3.1160 3.1144 3.1144 0.0002
3.1160 3.1144 3.1144 0.0002
3.1160 3.1144 3.1144 0.0002
3.1160 3.1144 3.1144 0.0002
3.1160 3.1144 3.1144 0.0002
3.1160 3.1144 3.1144 0.0002
3.1160 3.1144 3.1144 0.0002
3.1160 3.1144 3.1144 0.0002
3.1160 3.1144 3.1145 0.0002
3.1160 3.1144 3.1145 0.0002
3.1160 3.1144 3.1145 0.0002
3.1160 3.1144 3.1145 0.0002
3.1160 3.1144 3.1145 0.0002
3.1160 3.1144 3.1145 0.0002
3.1160 3.1144 3.1145 0.0002
3.1160 3.1144 3.1145 0.0002
3.1160 3.1144 3.1145 0.0002
3.1160 3.1144 3.1145 0.0002
3.1160 3.1144 3.1145 0.0002
3.1160 3.1144 3.1145 0.0002
3.1160 3.1144 3.1145 0.0002
3.1160 3.1144 3.1145 0.0002
3.1160 3.1144 3.1145 0.0002
3.1160 3.1144 3.1145 0.0002
3.1160 3.1144 3.1145 0.0002
3.1160 3.1144 3.1145 0.0002
3.1160 3.1144 3.1145 0.0002
3.1160 3.1144 3.1145 0.0002
3.1160 3.1144 3.1145 0.0002
3.1160 3.1144 3.1145 0.0002
3.1160 3.1144 3.1145 0.0002
3.1160 3.1144 3.1145 0.0002
3.1160 3.1144 3.1145 0.0002
3.1160 3.1144 3.1145 0.0002
3.1160 3.1144 3.1145 0.0002
3.1160 3.1144 3.1145 0.0002
3.1160 3.1144 3.1145 0.0002
3.1160 3.1144 3.1145 0.0002
3.1160 3.1144 3.1145 0.0002
3.1160 3.1144 3.1145 0.0002
3.1160 3.1144 3.1145 0.0002
3.1160 3.1144 3.1145 0.0002
3.1160 3.1144 3.1145 0.0002
3.1160 3.1144 3.1145 0.0002
3.1160 3.1144 3.1145 0.0002
3.1160 3.1144 3.1145 0.0002
3.1160 3.1144 3.1145 0.0002
3.1160 3.1144 3.1145 0.0002
3.1160 3.1144 3.1145 0.0002
3.1160 3.1144 3.1145 0.0002
3.1160 3.1144 3.1145 0.0002
3.1160 3.1144 3.1145 0.0002
3.1160 3.1144 3.1145 0.0002
3.1160 3.1144 3.1145 0.0002
3.1160 3.1144 3.1145 0.0002
3.1160 3.1144 3.1145 0.0002
3.1160 3.1144 3.1145 0.0002
3.1160 3.1144 3.1145 0.0002
3.1160 3.1144 3.1145 0.0002
3.1160 3.1144 3.1145 0.0002
3.1160 3.1144 3.1145 0.0002
3.1160 3.1144 3.1145 0.0002
3.1160 3.1144 3.1145 0.0002
3.1160 3.1144 3.1145 0.0002
3.1160 3.1144 3.1145 0.0002
3.1160 3.1144 3.1145 0.0002
3.1160 3.1144 3.1145 0.0002
3.1160 3.1144 3.1145 0.0002
3.1160 3.1144 3.1145 0.0002
3.1160 3.1144 3.1145 0.0002
3.1160 3.1144 3.1145 0.0002
3.1160 3.1144 3.1145 0.0002
3.1160 3.1144 3.1145 0.0002
3.1160 3.1144 3.1145 0.0002
3.1160 3.1144 3.1145 0.0002
3.1160 3.1144 3.1145 0.0002
3.1160 3.1144 3.1145 0.0002
3.1160 3.1144 3.1145 0.0002
3.1160 3.1144 3.1145 0.0002
3.1160 3.1144 3.1145 0.0002
3.1160 3.1144 3.1145 0.0002
3.1160 3.1144 3.1145 0.0002
3.1160 3.1144 3.1145 0.0002
3.1160 3.1144 3.1145 0.0002
3.1160 3.1144 3.1145 0.0002
3.1160 3.1144 3.1145 0.0002
3.1160 3.1144 3.1145 0.0002
3.1160 3.1144 3.1145 0.0002
3.1160 3.1144 3.1145 0.0002
3.1160 3.1144 3.1145 0.0002
3.1160 3.1144 3.1145 0.0002
3.1160 3.1144 3.1145 0.0002
3.1160 3.1144 3.1145 0.0002
3.1160 3.1144 3.1145 0.0002
3.1160 3.1144 3.1145 0.0002
3.1160 3.1144 3.1145 0.0002
3.1160 3.1144 3.1145 0.0002
3.1160 3.1144 3.1145 0.0002
3.1160 3.1144 3.1145 0.0002
3.1160 3.1144 3.1145 0.0002
3.1160 3.1144 3.1145 0.0002
3.1160 3.1144 3.1145 0.0002
3.1160 3.1144 3.1145 0.0002
3.1160 3.1144 3.1145 0.0002
3.1160 3.1144 3.1145 0.0002
3.1160 3.1144 3.1145 0.0002
3.1160 3.1144 3.1145 0.0002
3.1160 3.1144 3.1145 0.0002
3.1160 3.1144 3.1145 0.0002
3.1160 3.1144 3.1145 0.0002
3.1160 3.1144 3.1145 0.0002
3.1160 3.1144 3.1145 0.0002
3.1160 3.1144 3.1145 0.0002
3.1160 3.1144 3.1145 0.0002
3.1160 3.1144 3.1145 0.0002
3.1160 3.1144 3.1145 0.0002
3.1160 3.1144 3.1145 0.0002
3.1160 3.1144 3.1145 0.0002
3.1160 3.1144 3.1145 0.0002
3.1160 3.1144 3.1145 0.0002
3.1160 3.1144 3.1145 0.0002
3.1160 3.1144 3.1145 0.0002
3.1160 3.1144 3.1145 0.0003
3.1160 3.1144 3.1145 0.0003
3.1160 3.1144 3.1145 0.0003
3.1160 3.1144 3.1145 0.0003
3.1160 3.1144 3.1145 0.0003
3.1160 3.1144 3.1145 0.0003
3.1160 3.1144 3.1145 0.0003
3.1160 3.1144 3.1145 0.0003
3.1160 3.1144 3.1145 0.0003
3.1160 3.1144 3.1145 0.0003
3.1160 3.1144 3.1145 0.0003
3.1160 3.1144 3.1145 0.0003
3.1160 3.1144 3.1145 0.0003
3.1160 3.1144 3.1145 0.0003
3.1160 3.1144 3.1145 0.0003
3.1160 3.1144 3.1145 0.0003
3.1160 3.1144 3.1145 0.0003
3.1160 3.1144 3.1145 0.0003
3.1160 3.1144 3.1145 0.0003
3.1160 3.1144 3.1145 0.0003
3.1160 3.1144 3.1145 0.0003
3.1160 3.1144 3.1145 0.0003
3.1160 3.1144 3.1145 0.0003
3.1160 3.1144 3.1145 0.0003
3.1160 3.1144 3.1145 0.0003
3.1160 3.1144 3.1145 0.0003
3.1160 3.1144 3.1145 0.0003
3.1160 3.1144 3.1145 0.0003
3.1160 3.1144 3.1145 0.0003
3.1160 3.1144 3.1145 0.0003
3.1160 3.1144 3.1145 0.0003
3.1160 3.1144 3.1145 0.0003
3.1160 3.1144 3.1145 0.0003
3.1160 3.1144 3.1145 0.0003
3.1160 3.1144 3.1145 0.0003
3.1160 3.1144 3.1145 0.0003
3.1160 3.1144 3.1145 0.0003
3.1160 3.1144 3.1145 0.0003
3.1160 3.1144 3.1145 0.0003
3.1160 3.1144 3.1145 0.0003
3.1160 3.1144 3.1145 0.0003
3.1160 3.1144 3.1145 0.0003
3.1160 3.1144 3.1145 0.0003
3.1160 3.1144 3.1145 0.0003
3.1160 3.1144 3.1145 0.0003
3.1160 3.1144 3.1145 0.0003
3.1160 3.1144 3.1145 0.0003
3.1160 3.1144 3.1145 0.0003
3.1160 3.1144 3.1145 0.0003
3.1160 3.1144 3.1145 0.0003
3.1160 3.1144 3.1145 0.0003
3.1160 3.1144 3.1145 0.0003
3.1160 3.1144 3.1145 0.0003
3.1160 3.1144 3.1145 0.0003
3.1160 3.1144 3.1145 0.0003
3.1160 3.1144 3.1145 0.0003
3.1160 3.1144 3.1145 0.0003
3.1160 3.1144 3.1145 0.0003
3.1160 3.1144 3.1145 0.0003
3.1160 3.1144 3.1145 0.0003
3.1160 3.1144 3.1145 0.0003
3.1160 3.1144 3.1145 0.0003
3.1160 3.1144 3.1145 0.0003
3.1160 3.1144 3.1145 0.0003
3.1160 3.1144 3.1145 0.0003
3.1160 3.1144 3.1145 0.0003
3.1160 3.1144 3.1145 0.0003
3.1160 3.1144 3.1145 0.0003
3.1160 3.1144 3.1145 0.0003
3.1160 3.1144 3.1145 0.0003
3.1160 3.1144 3.1145 0.0003
3.1160 3.1144 3.1145 0.0003
3.1160 3.1144 3.1145 0.0003
3.1160 3.1144 3.1145 0.0003
3.1160 3.1144 3.1145 0.0003
3.1160 3.1144 3.1145 0.0003
3.1160 3.1144 3.1145 0.0003
3.1160 3.1144 3.1145 0.0003
3.1160 3.1144 3.1145 0.0003
3.1160 3.1144 3.1145 0.0003
3.1160 3.1144 3.1145 0.0003
3.1160 3.1144 3.1145 0.0003
3.1160 3.1144 3.1145 0.0003
3.1160 3.1144 3.1145 0.0003
3.1160 3.1144 3.1145 0.0003
3.1160 3.1144 3.1145 0.0003
3.1160 3.1144 3.1145 0.0003
3.1160 3.1144 3.1145 0.0003
3.1160 3.1144 3.1145 0.0003
3.1160 3.1144 3.1145 0.0003
3.1160 3.1144 3.1145 0.0003
3.1160 3.1144 3.1145 0.0003
3.1160 3.1144 3.1145 0.0003
3.1160 3.1144 3.1145 0.0003
3.1160 3.1144 3.1145 0.0003
3.1160 3.1144 3.1145 0.0003
3.1160 3.1144 3.1145 0.0003
3.1160 3.1144 3.1145 0.0003
3.1160 3.1144 3.1145 0.0003
3.1160 3.1144 3.1145 0.0003
3.1160 3.1144 3.1145 0.0003
3.1160 3.1144 3.1145 0.0003
3.1160 3.1144 3.1145 0.0003
3.1160 3.1144 3.1145 0.0003
3.1160 3.1144 3.1145 0.0003
3.1160 3.1144 3.1145 0.0003
3.1160 3.1144 3.1145 0.0003
3.1160 3.1144 3.1145 0.0003
3.1160 3.1144 3.1145 0.0003
3.1160 3.1144 3.1145 0.0003
3.1160 3.1144 3.1145 0.0003
3.1160 3.1144 3.1145 0.0003
3.1160 3.1144 3.1145 0.0003
3.1160 3.1144 3.1145 0.0003
3.1160 3.1144 3.1145 0.0003
3.1160 3.1144 3.1145 0.0003
3.1160 3.1144 3.1145 0.0003
3.1160 3.1144 3.1145 0.0003
3.1160 3.1144 3.1145 0.0003
3.1160 3.1144 3.1145 0.0003
3.1160 3.1144 3.1145 0.0003
3.1160 3.1144 3.1145 0.0003
3.1160 3.1144 3.1145 0.0003
3.1160 3.1144 3.1145 0.0003
3.1160 3.1144 3.1145 0.0003
3.1160 3.1144 3.1145 0.0003
3.1160 3.1144 3.1145 0.0003
3.1160 3.1144 3.1145 0.0003
3.1160 3.1144 3.1145 0.0003
3.1160 3.1144 3.1145 0.0003
3.1160 3.1144 3.1145 0.0003
3.1160 3.1144 3.1145 0.0004
3.1160 3.1144 3.1145 0.0004
3.1160 3.1144 3.1145 0.0004
3.1160 3.1144 3.1145 0.0004
3.1160 3.1144 3.1145 0.0004
3.1160 3.1144 3.1145 0.0004
3.1160 3.1144 3.1145 0.0004
3.1160 3.1144 3.1145 0.0004
3.1160 3.1144 3.1145 0.0004
3.1160 3.1144 3.1145 0.0004
3.1160 3.1144 3.1145 0.0004
3.1160 3.1144 3.1145 0.0004
3.1160 3.1144 3.1145 0.0004
3.1160 3.1144 3.1145 0.0004
3.1160 3.1144 3.1145 0.0004
3.1160 3.1144 3.1145 0.0004
3.1160 3.1144 3.1145 0.0004
3.1160 3.1144 3.1145 0.0004
3.1160 3.1144 3.1145 0.0004
3.1160 3.1144 3.1145 0.0004
3.1160 3.1144 3.1145 0.0004
3.1160 3.1144 3.1145 0.0004
3.1160 3.1144 3.1145 0.0004
3.1160 3.1144 3.1145 0.0004
3.1160 3.1144 3.1145 0.0004
3.1160 3.1144 3.1145 0.0004
3.1160 3.1144 3.1145 0.0004
3.1160 3.1144 3.1145 0.0004
3.1160 3.1144 3.1145 0.0004
3.1160 3.1144 3.1145 0.0004
3.1160 3.1144 3.1145 0.0004
3.1160 3.1144 3.1145 0.0004
3.1160 3.1144 3.1145 0.0004
3.1160 3.1144 3.1146 0.0004
3.1160 3.1144 3.1146 0.0004
3.1160 3.1144 3.1146 0.0004
3.1160 3.1144 3.1146 0.0004
3.1160 3.1144 3.1146 0.0004
3.1160 3.1144 3.1146 0.0004
3.1160 3.1144 3.1146 0.0004
3.1160 3.1144 3.1146 0.0004
3.1160 3.1144 3.1146 0.0004
3.1160 3.1144 3.1146 0.0004
3.1160 3.1144 3.1146 0.0004
3.1160 3.1144 3.1146 0.0004
3.1160 3.1144 3.1146 0.0004
3.1160 3.1144 3.1146 0.0004
3.1160 3.1144 3.1146 0.0004
3.1160 3.1144 3.1146 0.0004
3.1160 3.1144 3.1146 0.0004
3.1160 3.1144 3.1146 0.0004
3.1160 3.1144 3.1146 0.0004
3.1160 3.1144 3.1146 0.0004
3.1160 3.1144 3.1146 0.0004
3.1160 3.1144 3.1146 0.0004
3.1160 3.1144 3.1146 0.0004
3.1160 3.1144 3.1146 0.0004
3.1160 3.1144 3.1146 0.0004
3.1160 3.1144 3.1146 0.0004
3.1160 3.1144 3.1146 0.0004
3.1160 3.1144 3.1146 0.0004
3.1160 3.1144 3.1146 0.0004
3.1160 3.1144 3.1146 0.0004
3.1160 3.1144 3.1146 0.0004
3.1160 3.1144 3.1146 0.0004
3.1160 3.1144 3.1146 0.0004
3.1160 3.1144 3.1146 0.0004
3.1160 3.1144 3.1146 0.0004
3.1160 3.1144 3.1146 0.0004
3.1160 3.1144 3.1146 0.0005
3.1160 3.1144 3.1146 0.0005
3.1160 3.1144 3.1146 0.0005
3.1160 3.1144 3.1146 0.0005
3.1160 3.1144 3.1146 0.0005
3.1160 3.1144 3.1146 0.0005
3.1160 3.1144 3.1146 0.0005
3.1160 3.1144 3.1146 0.0005
3.1160 3.1144 3.1146 0.0005
3.1160 3.1144 3.1146 0.0005
3.1160 3.1144 3.1146 0.0005
3.1160 3.1144 3.1146 0.0005
3.1160 3.1144 3.1146 0.0005
3.1160 3.1144 3.1146 0.0005
3.1160 3.1144 3.1146 0.0005
3.1160 3.1144 3.1146 0.0005
3.1160 3.1144 3.1146 0.0005
3.1160 3.1144 3.1146 0.0005
3.1160 3.1144 3.1146 0.0005
3.1160 3.1144 3.1146 0.0005
3.1160 3.1144 3.1146 0.0005
3.1160 3.1144 3.1146 0.0005
3.1160 3.1144 3.1146 0.0005
3.1160 3.1144 3.1146 0.0005
3.1160 3.1144 3.1146 0.0005
3.1160 3.1144 3.1146 0.0005
3.1160 3.1144 3.1146 0.0005
3.1160 3.1144 3.1146 0.0005
3.1160 3.1144 3.1146 0.0005
3.1160 3.1144 3.1146 0.0005
3.1160 3.1144 3.1146 0.0005
3.1160 3.1144 3.1146 0.0005
3.1160 3.1144 3.1146 0.0005
3.1160 3.1144 3.1146 0.0005
3.1160 3.1144 3.1146 0.0005
3.1160 3.1144 3.1146 0.0005
3.1160 3.1144 3.1146 0.0005
3.1160 3.1144 3.1146 0.0005
3.1160 3.1144 3.1146 0.0005
3.1160 3.1144 3.1146 0.0005
3.1160 3.1144 3.1146 0.0005
3.1160 3.1144 3.1146 0.0005
3.1160 3.1144 3.1146 0.0005
3.1160 3.1144 3.1146 0.0005
3.1160 3.1144 3.1146 0.0005
3.1160 3.1144 3.1146 0.0005
3.1160 3.1144 3.1146 0.0005
3.1160 3.1144 3.1146 0.0005
3.1160 3.1144 3.1146 0.0005
3.1160 3.1144 3.1146 0.0005
3.1160 3.1144 3.1146 0.0005
3.1160 3.1144 3.1146 0.0005
3.1160 3.1144 3.1146 0.0005
3.1160 3.1144 3.1146 0.0005
3.1160 3.1144 3.1146 0.0005
3.1160 3.1144 3.1146 0.0005
3.1160 3.1144 3.1146 0.0005
3.1160 3.1144 3.1146 0.0005
3.1160 3.1144 3.1146 0.0005
3.1160 3.1144 3.1146 0.0005
3.1160 3.1144 3.1146 0.0005
3.1160 3.1144 3.1146 0.0005
3.1160 3.1144 3.1146 0.0005
3.1160 3.1144 3.1146 0.0005
3.1160 3.1144 3.1146 0.0005
3.1160 3.1144 3.1146 0.0005
3.1160 3.1144 3.1146 0.0005
3.1160 3.1144 3.1147 0.0005
3.1160 3.1144 3.1147 0.0005
3.1160 3.1144 3.1147 0.0005
3.1160 3.1144 3.1147 0.0005
3.1160 3.1144 3.1147 0.0005
3.1160 3.1144 3.1147 0.0005
3.1160 3.1144 3.1147 0.0005
3.1160 3.1144 3.1147 0.0005
3.1160 3.1144 3.1147 0.0005
3.1160 3.1144 3.1147 0.0005
3.1160 3.1144 3.1147 0.0005
3.1160 3.1144 3.1147 0.0005
3.1160 3.1144 3.1147 0.0005
3.1160 3.1144 3.1147 0.0005
3.1160 3.1144 3.1147 0.0005
3.1160 3.1144 3.1147 0.0005
3.1160 3.1144 3.1147 0.0005
3.1160 3.1144 3.1147 0.0005
3.1160 3.1144 3.1147 0.0005
3.1160 3.1144 3.1147 0.0005
3.1160 3.1144 3.1147 0.0005
3.1160 3.1144 3.1147 0.0005
3.1160 3.1144 3.1147 0.0005
3.1160 3.1144 3.1147 0.0005
3.1160 3.1144 3.1147 0.0005
3.1160 3.1144 3.1147 0.0005
3.1160 3.1144 3.1147 0.0005
3.1160 3.1144 3.1147 0.0005
3.1160 3.1144 3.1147 0.0005
3.1160 3.1144 3.1147 0.0005
3.1160 3.1144 3.1147 0.0005
3.1160 3.1144 3.1147 0.0005
3.1160 3.1144 3.1147 0.0005
3.1160 3.1144 3.1147 0.0005
3.1160 3.1144 3.1147 0.0005
3.1160 3.1144 3.1147 0.0005
3.1160 3.1144 3.1147 0.0005
3.1160 3.1144 3.1147 0.0005
3.1160 3.1144 3.1147 0.0005
3.1160 3.1144 3.1147 0.0005
3.1160 3.1144 3.1147 0.0005
3.1160 3.1144 3.1147 0.0005
3.1160 3.1144 3.1147 0.0005
3.1160 3.1144 3.1147 0.0005
3.1160 3.1144 3.1147 0.0006
3.1160 3.1144 3.1147 0.0006
3.1160 3.1144 3.1147 0.0006
3.1160 3.1144 3.1147 0.0006
3.1160 3.1144 3.1147 0.0006
3.1160 3.1144 3.1147 0.0006
3.1160 3.1144 3.1147 0.0006
3.1160 3.1144 3.1147 0.0006
3.1160 3.1144 3.1147 0.0006
3.1160 3.1144 3.1147 0.0006
3.1160 3.1144 3.1147 0.0006
3.1160 3.1144 3.1147 0.0006
3.1160 3.1144 3.1147 0.0006
3.1160 3.1144 3.1147 0.0006
3.1160 3.1144 3.1147 0.0006
3.1160 3.1144 3.1147 0.0006
3.1160 3.1144 3.1147 0.0006
3.1160 3.1144 3.1147 0.0006
3.1160 3.1144 3.1147 0.0006
3.1160 3.1144 3.1147 0.0006
3.1160 3.1144 3.1147 0.0006
3.1160 3.1144 3.1147 0.0006
3.1160 3.1144 3.1147 0.0006
3.1160 3.1144 3.1147 0.0006
3.1160 3.1144 3.1147 0.0006
3.1160 3.1144 3.1147 0.0006
3.1160 3.1144 3.1147 0.0006
3.1160 3.1144 3.1147 0.0006
3.1160 3.1144 3.1147 0.0006
3.1160 3.1144 3.1147 0.0006
3.1160 3.1144 3.1147 0.0006
3.1160 3.1144 3.1147 0.0006
3.1160 3.1144 3.1147 0.0006
3.1160 3.1144 3.1147 0.0006
3.1160 3.1144 3.1147 0.0006
3.1160 3.1144 3.1147 0.0006
3.1160 3.1144 3.1147 0.0006
3.1160 3.1144 3.1147 0.0006
3.1160 3.1144 3.1147 0.0006
3.1160 3.1144 3.1147 0.0006
3.1160 3.1144 3.1148 0.0006
3.1160 3.1144 3.1148 0.0006
3.1160 3.1144 3.1148 0.0006
3.1160 3.1144 3.1148 0.0006
3.1160 3.1144 3.1148 0.0006
3.1160 3.1144 3.1148 0.0006
3.1160 3.1144 3.1148 0.0006
3.1160 3.1144 3.1148 0.0006
3.1160 3.1144 3.1148 0.0006
3.1160 3.1144 3.1148 0.0006
3.1160 3.1144 3.1148 0.0006
3.1160 3.1144 3.1148 0.0006
3.1160 3.1144 3.1148 0.0006
3.1160 3.1144 3.1148 0.0006
3.1160 3.1144 3.1148 0.0006
3.1160 3.1144 3.1148 0.0006
3.1160 3.1144 3.1148 0.0006
3.1160 3.1144 3.1148 0.0006
3.1160 3.1144 3.1148 0.0006
3.1160 3.1144 3.1148 0.0006
3.1160 3.1144 3.1148 0.0006
3.1160 3.1144 3.1148 0.0006
3.1160 3.1144 3.1148 0.0006
3.1160 3.1144 3.1148 0.0006
3.1160 3.1144 3.1148 0.0006
3.1160 3.1144 3.1148 0.0006
3.1160 3.1144 3.1148 0.0006
3.1160 3.1144 3.1148 0.0006
3.1160 3.1144 3.1148 0.0006
3.1160 3.1144 3.1148 0.0007
3.1160 3.1144 3.1148 0.0007
3.1160 3.1144 3.1148 0.0007
3.1160 3.1144 3.1148 0.0007
3.1160 3.1144 3.1148 0.0007
3.1160 3.1144 3.1148 0.0007
3.1160 3.1144 3.1148 0.0007
3.1160 3.1144 3.1148 0.0007
3.1160 3.1144 3.1148 0.0007
3.1160 3.1144 3.1148 0.0007
3.1160 3.1144 3.1148 0.0007
3.1160 3.1144 3.1148 0.0007
3.1160 3.1144 3.1148 0.0007
3.1160 3.1144 3.1148 0.0007
3.1160 3.1144 3.1148 0.0007
3.1160 3.1144 3.1148 0.0007
3.1160 3.1144 3.1148 0.0007
3.1160 3.1144 3.1148 0.0007
3.1160 3.1144 3.1148 0.0007
3.1160 3.1144 3.1148 0.0007
3.1160 3.1144 3.1148 0.0007
3.1160 3.1144 3.1148 0.0007
3.1160 3.1144 3.1148 0.0007
3.1160 3.1144 3.1148 0.0007
3.1160 3.1144 3.1148 0.0007
3.1160 3.1144 3.1148 0.0007
3.1160 3.1144 3.1148 0.0007
3.1160 3.1144 3.1148 0.0007
3.1160 3.1144 3.1148 0.0007
3.1160 3.1144 3.1148 0.0007
3.1160 3.1144 3.1148 0.0007
3.1160 3.1144 3.1148 0.0007
3.1160 3.1144 3.1148 0.0007
3.1160 3.1144 3.1148 0.0007
3.1160 3.1144 3.1148 0.0007
3.1160 3.1144 3.1148 0.0007
3.1160 3.1144 3.1148 0.0007
3.1160 3.1144 3.1149 0.0007
3.1160 3.1144 3.1149 0.0007
3.1160 3.1144 3.1149 0.0007
3.1160 3.1144 3.1149 0.0007
3.1160 3.1144 3.1149 0.0007
3.1160 3.1144 3.1149 0.0007
3.1160 3.1144 3.1149 0.0007
3.1160 3.1144 3.1149 0.0007
3.1160 3.1144 3.1149 0.0007
3.1160 3.1144 3.1149 0.0007
3.1160 3.1144 3.1149 0.0007
3.1160 3.1144 3.1149 0.0007
3.1160 3.1144 3.1149 0.0007
3.1160 3.1144 3.1149 0.0007
3.1160 3.1144 3.1149 0.0007
3.1160 3.1144 3.1149 0.0007
3.1160 3.1144 3.1150 0.0007
3.1160 3.1144 3.1150 0.0007
3.1160 3.1144 3.1150 0.0007
3.1160 3.1144 3.1150 0.0007
3.1160 3.1144 3.1150 0.0007
3.1160 3.1144 3.1150 0.0007
3.1160 3.1144 3.1150 0.0007
3.1160 3.1144 3.1150 0.0007
3.1160 3.1144 3.1150 0.0007
3.1160 3.1144 3.1150 0.0007
3.1160 3.1144 3.1150 0.0007
3.1160 3.1144 3.1150 0.0007
3.1160 3.1144 3.1150 0.0007
3.1160 3.1144 3.1150 0.0007
3.1160 3.1144 3.1150 0.0007
3.1160 3.1144 3.1150 0.0007
3.1160 3.1144 3.1150 0.0007
3.1160 3.1144 3.1150 0.0007
3.1160 3.1144 3.1150 0.0007
3.1160 3.1144 3.1150 0.0007
3.1160 3.1144 3.1150 0.0007
3.1160 3.1144 3.1150 0.0007
3.1160 3.1144 3.1150 0.0007
3.1160 3.1144 3.1150 0.0007
3.1160 3.1144 3.1150 0.0007
3.1160 3.1144 3.1150 0.0007
3.1160 3.1144 3.1150 0.0007
3.1160 3.1144 3.1150 0.0007
3.1160 3.1144 3.1150 0.0007
3.1160 3.1144 3.1150 0.0007
3.1160 3.1144 3.1150 0.0007
3.1160 3.1144 3.1150 0.0007
3.1160 3.1144 3.1150 0.0007
3.1160 3.1144 3.1151 0.0007
3.1160 3.1144 3.1151 0.0007
3.1160 3.1144 3.1151 0.0007
3.1160 3.1144 3.1151 0.0007
3.1160 3.1144 3.1151 0.0007
3.1160 3.1144 3.1151 0.0007
3.1160 3.1144 3.1151 0.0007
3.1160 3.1144 3.1151 0.0007
3.1160 3.1144 3.1151 0.0007
3.1160 3.1144 3.1151 0.0007
3.1160 3.1144 3.1151 0.0007
3.1160 3.1144 3.1151 0.0007
3.1160 3.1144 3.1151 0.0007
3.1160 3.1144 3.1151 0.0007
3.1160 3.1144 3.1151 0.0007
3.1160 3.1144 3.1151 0.0007
3.1160 3.1144 3.1151 0.0007
3.1160 3.1144 3.1151 0.0007
3.1160 3.1144 3.1151 0.0007
3.1160 3.1144 3.1151 0.0007
3.1160 3.1144 3.1151 0.0007
3.1160 3.1144 3.1151 0.0007
3.1160 3.1144 3.1151 0.0007
3.1160 3.1144 3.1151 0.0007
3.1160 3.1144 3.1151 0.0007
3.1160 3.1144 3.1151 0.0007
3.1160 3.1144 3.1151 0.0007
3.1160 3.1144 3.1151 0.0007
3.1160 3.1144 3.1151 0.0007
3.1160 3.1144 3.1151 0.0007
3.1160 3.1144 3.1151 0.0007
3.1160 3.1144 3.1151 0.0007
3.1160 3.1144 3.1151 0.0007
3.1160 3.1144 3.1151 0.0007
3.1160 3.1144 3.1151 0.0007
3.1160 3.1144 3.1151 0.0007
3.1160 3.1144 3.1151 0.0007
3.1160 3.1144 3.1151 0.0007
3.1160 3.1144 3.1151 0.0007
3.1160 3.1144 3.1151 0.0007
3.1160 3.1144 3.1151 0.0007
3.1160 3.1144 3.1151 0.0007
3.1160 3.1144 3.1151 0.0007
3.1160 3.1144 3.1151 0.0007
3.1160 3.1144 3.1151 0.0008
3.1160 3.1144 3.1151 0.0008
3.1160 3.1144 3.1151 0.0008
3.1160 3.1144 3.1151 0.0008
3.1160 3.1144 3.1151 0.0008
3.1160 3.1144 3.1151 0.0008
3.1160 3.1144 3.1151 0.0008
3.1160 3.1144 3.1151 0.0008
3.1160 3.1144 3.1151 0.0008
3.1160 3.1144 3.1152 0.0008
3.1160 3.1144 3.1152 0.0008
3.1160 3.1144 3.1152 0.0008
3.1160 3.1144 3.1152 0.0008
3.1160 3.1144 3.1152 0.0008
3.1160 3.1144 3.1152 0.0008
3.1160 3.1144 3.1152 0.0008
3.1160 3.1144 3.1152 0.0008
3.1160 3.1144 3.1152 0.0008
3.1160 3.1144 3.1152 0.0008
3.1160 3.1144 3.1152 0.0008
3.1160 3.1144 3.1152 0.0008
3.1160 3.1144 3.1152 0.0008
3.1160 3.1144 3.1152 0.0008
3.1160 3.1144 3.1152 0.0008
3.1160 3.1144 3.1152 0.0008
3.1160 3.1144 3.1152 0.0008
3.1160 3.1144 3.1152 0.0008
3.1160 3.1144 3.1152 0.0008
3.1160 3.1144 3.1152 0.0008
3.1160 3.1144 3.1152 0.0008
3.1160 3.1144 3.1152 0.0008
3.1160 3.1144 3.1152 0.0008
3.1160 3.1144 3.1152 0.0008
3.1160 3.1144 3.1152 0.0008
3.1160 3.1144 3.1152 0.0008
3.1160 3.1144 3.1152 0.0008
3.1160 3.1144 3.1152 0.0008
3.1160 3.1144 3.1152 0.0008
3.1160 3.1144 3.1152 0.0008
3.1160 3.1144 3.1152 0.0008
3.1160 3.1144 3.1152 0.0008
3.1160 3.1144 3.1152 0.0008
3.1160 3.1144 3.1152 0.0008
3.1160 3.1144 3.1152 0.0008
3.1160 3.1144 3.1152 0.0008
3.1160 3.1144 3.1153 0.0008
3.1160 3.1144 3.1153 0.0008
3.1160 3.1144 3.1153 0.0008
3.1160 3.1144 3.1153 0.0008
3.1160 3.1144 3.1153 0.0008
3.1160 3.1144 3.1153 0.0008
3.1160 3.1144 3.1153 0.0008
3.1160 3.1144 3.1153 0.0007
3.1160 3.1144 3.1153 0.0007
3.1160 3.1144 3.1153 0.0007
3.1160 3.1144 3.1153 0.0007
3.1160 3.1144 3.1153 0.0007
3.1160 3.1144 3.1153 0.0007
3.1160 3.1144 3.1153 0.0007
3.1160 3.1144 3.1153 0.0007
3.1160 3.1144 3.1153 0.0007
3.1160 3.1144 3.1153 0.0007
3.1160 3.1144 3.1153 0.0007
3.1160 3.1144 3.1153 0.0007
3.1160 3.1144 3.1153 0.0007
3.1160 3.1144 3.1153 0.0007
3.1160 3.1144 3.1153 0.0007
3.1160 3.1144 3.1153 0.0007
3.1160 3.1144 3.1153 0.0007
3.1160 3.1144 3.1153 0.0007
3.1160 3.1144 3.1153 0.0007
3.1160 3.1144 3.1153 0.0007
3.1160 3.1144 3.1153 0.0007
3.1160 3.1144 3.1153 0.0007
3.1160 3.1144 3.1153 0.0007
3.1160 3.1144 3.1153 0.0007
3.1160 3.1144 3.1153 0.0007
3.1160 3.1144 3.1153 0.0007
3.1160 3.1144 3.1153 0.0007
3.1160 3.1144 3.1153 0.0007
3.1160 3.1144 3.1153 0.0007
3.1160 3.1144 3.1153 0.0007
3.1160 3.1144 3.1154 0.0007
3.1160 3.1144 3.1154 0.0007
3.1160 3.1144 3.1154 0.0007
3.1160 3.1144 3.1154 0.0007
3.1160 3.1144 3.1154 0.0007
3.1160 3.1144 3.1154 0.0007
3.1160 3.1144 3.1154 0.0007
3.1160 3.1144 3.1154 0.0007
3.1160 3.1144 3.1154 0.0007
3.1160 3.1144 3.1154 0.0007
3.1160 3.1144 3.1154 0.0007
3.1160 3.1144 3.1154 0.0007
3.1160 3.1144 3.1154 0.0007
3.1160 3.1144 3.1154 0.0007
3.1160 3.1144 3.1154 0.0007
3.1160 3.1144 3.1154 0.0007
3.1160 3.1144 3.1154 0.0007
3.1160 3.1144 3.1154 0.0007
3.1160 3.1144 3.1154 0.0007
3.1160 3.1144 3.1154 0.0007
3.1160 3.1144 3.1154 0.0007
3.1160 3.1144 3.1154 0.0007
3.1160 3.1144 3.1154 0.0007
3.1160 3.1144 3.1154 0.0007
3.1160 3.1144 3.1154 0.0007
3.1160 3.1144 3.1154 0.0007
3.1160 3.1144 3.1154 0.0007
3.1160 3.1144 3.1154 0.0007
3.1160 3.1144 3.1154 0.0007
3.1160 3.1144 3.1154 0.0007
3.1160 3.1144 3.1154 0.0007
3.1160 3.1144 3.1154 0.0007
3.1160 3.1144 3.1154 0.0007
3.1160 3.1144 3.1154 0.0007
3.1160 3.1144 3.1154 0.0007
3.1160 3.1144 3.1154 0.0007
3.1160 3.1144 3.1154 0.0007
3.1160 3.1144 3.1154 0.0007
3.1160 3.1144 3.1154 0.0007
3.1160 3.1144 3.1154 0.0007
3.1160 3.1144 3.1154 0.0007
3.1160 3.1144 3.1154 0.0007
3.1160 3.1144 3.1154 0.0007
3.1160 3.1144 3.1154 0.0007
3.1160 3.1144 3.1154 0.0007
3.1160 3.1144 3.1154 0.0007
3.1160 3.1144 3.1154 0.0007
3.1160 3.1144 3.1154 0.0007
3.1160 3.1144 3.1154 0.0007
3.1160 3.1144 3.1155 0.0007
3.1160 3.1144 3.1155 0.0007
3.1160 3.1144 3.1155 0.0007
3.1160 3.1144 3.1155 0.0007
3.1160 3.1144 3.1155 0.0007
3.1160 3.1144 3.1155 0.0007
3.1160 3.1144 3.1155 0.0007
3.1160 3.1144 3.1155 0.0007
3.1160 3.1144 3.1155 0.0007
3.1160 3.1144 3.1155 0.0007
3.1160 3.1144 3.1155 0.0007
3.1160 3.1144 3.1155 0.0007
3.1160 3.1144 3.1155 0.0007
3.1160 3.1144 3.1155 0.0007
3.1160 3.1144 3.1155 0.0007
3.1160 3.1144 3.1155 0.0007
3.1160 3.1144 3.1155 0.0007
3.1160 3.1144 3.1155 0.0007
3.1160 3.1144 3.1155 0.0007
3.1160 3.1144 3.1155 0.0007
3.1160 3.1144 3.1155 0.0007
3.1160 3.1144 3.1155 0.0007
3.1160 3.1144 3.1155 0.0007
3.1160 3.1144 3.1155 0.0007
3.1160 3.1144 3.1155 0.0007
3.1160 3.1144 3.1155 0.0007
3.1160 3.1144 3.1156 0.0007
3.1160 3.1144 3.1156 0.0007
3.1160 3.1144 3.1156 0.0007
3.1160 3.1144 3.1156 0.0007
3.1160 3.1144 3.1156 0.0007
3.1160 3.1144 3.1156 0.0007
3.1160 3.1144 3.1156 0.0007
3.1160 3.1144 3.1156 0.0007
3.1160 3.1144 3.1156 0.0007
3.1160 3.1144 3.1156 0.0007
3.1160 3.1144 3.1156 0.0007
3.1160 3.1144 3.1156 0.0007
3.1160 3.1144 3.1156 0.0007
3.1160 3.1144 3.1156 0.0007
3.1160 3.1144 3.1156 0.0007
3.1160 3.1144 3.1156 0.0006
3.1160 3.1144 3.1156 0.0006
3.1160 3.1144 3.1156 0.0006
3.1160 3.1144 3.1156 0.0006
3.1160 3.1144 3.1156 0.0006
3.1160 3.1144 3.1156 0.0006
3.1160 3.1144 3.1156 0.0006
3.1160 3.1144 3.1156 0.0006
3.1160 3.1144 3.1156 0.0006
3.1160 3.1144 3.1156 0.0006
3.1160 3.1144 3.1156 0.0006
3.1160 3.1144 3.1156 0.0006
3.1160 3.1144 3.1156 0.0006
3.1160 3.1144 3.1156 0.0006
3.1160 3.1144 3.1156 0.0006
3.1160 3.1144 3.1157 0.0006
3.1160 3.1144 3.1157 0.0006
3.1160 3.1144 3.1157 0.0006
3.1160 3.1144 3.1157 0.0006
3.1160 3.1144 3.1157 0.0006
3.1160 3.1144 3.1157 0.0006
3.1160 3.1144 3.1157 0.0006
3.1160 3.1144 3.1157 0.0006
3.1160 3.1144 3.1157 0.0006
3.1160 3.1144 3.1157 0.0006
3.1160 3.1144 3.1157 0.0006
3.1160 3.1144 3.1157 0.0006
3.1160 3.1144 3.1157 0.0006
3.1160 3.1144 3.1157 0.0006
3.1160 3.1144 3.1157 0.0006
3.1160 3.1144 3.1157 0.0006
3.1160 3.1144 3.1157 0.0006
3.1160 3.1144 3.1157 0.0006
3.1160 3.1144 3.1157 0.0006
3.1160 3.1144 3.1157 0.0006
3.1160 3.1144 3.1157 0.0006
3.1160 3.1144 3.1157 0.0006
3.1160 3.1144 3.1157 0.0006
3.1160 3.1144 3.1157 0.0006
3.1160 3.1144 3.1157 0.0006
3.1160 3.1144 3.1157 0.0006
3.1160 3.1144 3.1157 0.0006
3.1160 3.1144 3.1157 0.0006
3.1160 3.1144 3.1157 0.0006
3.1160 3.1144 3.1157 0.0006
3.1160 3.1144 3.1157 0.0006
3.1160 3.1144 3.1157 0.0006
3.1160 3.1144 3.1157 0.0006
3.1160 3.1144 3.1157 0.0006
3.1160 3.1144 3.1157 0.0006
3.1160 3.1144 3.1157 0.0006
3.1160 3.1144 3.1157 0.0006
3.1160 3.1144 3.1157 0.0006
3.1160 3.1144 3.1157 0.0006
3.1160 3.1144 3.1157 0.0006
3.1160 3.1144 3.1157 0.0006
3.1160 3.1144 3.1157 0.0006
3.1160 3.1144 3.1157 0.0006
3.1160 3.1144 3.1157 0.0006
3.1160 3.1144 3.1157 0.0006
3.1160 3.1144 3.1157 0.0006
3.1160 3.1144 3.1157 0.0006
3.1160 3.1144 3.1157 0.0006
3.1160 3.1144 3.1157 0.0006
3.1160 3.1144 3.1157 0.0006
3.1160 3.1144 3.1157 0.0006
3.1160 3.1144 3.1157 0.0006
3.1160 3.1144 3.1157 0.0006
3.1160 3.1144 3.1157 0.0006
3.1160 3.1144 3.1157 0.0006
3.1160 3.1144 3.1157 0.0006
3.1160 3.1144 3.1157 0.0005
3.1160 3.1144 3.1157 0.0005
3.1160 3.1144 3.1157 0.0005
3.1160 3.1144 3.1157 0.0005
3.1160 3.1144 3.1157 0.0005
3.1160 3.1144 3.1157 0.0005
3.1160 3.1144 3.1157 0.0005
3.1160 3.1144 3.1157 0.0005
3.1160 3.1144 3.1157 0.0005
3.1160 3.1144 3.1158 0.0005
3.1160 3.1144 3.1158 0.0005
3.1160 3.1144 3.1158 0.0005
3.1160 3.1144 3.1158 0.0005
3.1160 3.1144 3.1158 0.0005
3.1160 3.1144 3.1158 0.0005
3.1160 3.1144 3.1158 0.0005
3.1160 3.1144 3.1158 0.0005
3.1160 3.1144 3.1158 0.0005
3.1160 3.1144 3.1158 0.0005
3.1160 3.1144 3.1158 0.0005
3.1160 3.1144 3.1158 0.0005
3.1160 3.1144 3.1158 0.0005
3.1160 3.1144 3.1158 0.0005
3.1160 3.1144 3.1158 0.0005
3.1160 3.1144 3.1158 0.0005
3.1160 3.1144 3.1158 0.0005
3.1160 3.1144 3.1158 0.0005
3.1160 3.1144 3.1158 0.0005
3.1160 3.1144 3.1158 0.0005
3.1160 3.1144 3.1158 0.0005
3.1160 3.1144 3.1158 0.0005
3.1160 3.1144 3.1158 0.0005
3.1160 3.1144 3.1158 0.0005
3.1160 3.1144 3.1158 0.0005
3.1160 3.1144 3.1158 0.0005
3.1160 3.1144 3.1158 0.0005
3.1160 3.1144 3.1158 0.0005
3.1160 3.1144 3.1158 0.0005
3.1160 3.1144 3.1158 0.0005
3.1160 3.1144 3.1158 0.0004
3.1160 3.1144 3.1158 0.0004
3.1160 3.1144 3.1158 0.0004
3.1160 3.1144 3.1158 0.0004
3.1160 3.1144 3.1158 0.0004
3.1160 3.1144 3.1158 0.0004
3.1160 3.1144 3.1158 0.0004
3.1160 3.1144 3.1158 0.0004
3.1160 3.1144 3.1158 0.0004
3.1160 3.1144 3.1158 0.0004
3.1160 3.1144 3.1158 0.0004
3.1160 3.1144 3.1158 0.0004
3.1160 3.1144 3.1158 0.0004
3.1160 3.1144 3.1158 0.0004
3.1160 3.1144 3.1158 0.0004
3.1160 3.1144 3.1158 0.0004
3.1160 3.1144 3.1158 0.0004
3.1160 3.1144 3.1158 0.0004
3.1160 3.1144 3.1158 0.0004
3.1160 3.1144 3.1158 0.0004
3.1160 3.1144 3.1158 0.0004
3.1160 3.1144 3.1158 0.0004
3.1160 3.1144 3.1158 0.0004
3.1160 3.1144 3.1158 0.0004
3.1160 3.1144 3.1158 0.0004
3.1160 3.1144 3.1158 0.0004
3.1160 3.1144 3.1158 0.0004
3.1160 3.1144 3.1158 0.0004
3.1160 3.1144 3.1158 0.0004
3.1160 3.1144 3.1158 0.0004
3.1160 3.1144 3.1158 0.0004
3.1160 3.1144 3.1158 0.0004
3.1160 3.1144 3.1158 0.0004
3.1160 3.1144 3.1158 0.0004
3.1160 3.1144 3.1158 0.0004
3.1160 3.1144 3.1158 0.0004
3.1160 3.1144 3.1158 0.0004
3.1160 3.1144 3.1158 0.0004
3.1160 3.1144 3.1158 0.0004
3.1160 3.1144 3.1158 0.0004
3.1160 3.1144 3.1158 0.0004
3.1160 3.1144 3.1158 0.0004
3.1160 3.1144 3.1158 0.0004
3.1160 3.1144 3.1158 0.0004
3.1160 3.1144 3.1158 0.0004
3.1160 3.1144 3.1158 0.0004
3.1160 3.1144 3.1158 0.0004
3.1160 3.1144 3.1158 0.0004
3.1160 3.1144 3.1158 0.0004
3.1160 3.1144 3.1158 0.0004
3.1160 3.1144 3.1158 0.0004
3.1160 3.1144 3.1158 0.0004
3.1160 3.1144 3.1158 0.0004
3.1160 3.1144 3.1158 0.0004
3.1160 3.1144 3.1158 0.0004
3.1160 3.1144 3.1158 0.0004
3.1160 3.1144 3.1158 0.0004
3.1160 3.1144 3.1158 0.0004
3.1160 3.1144 3.1158 0.0004
3.1160 3.1144 3.1158 0.0004
3.1160 3.1144 3.1158 0.0004
3.1160 3.1144 3.1158 0.0004
3.1160 3.1144 3.1158 0.0004
3.1160 3.1144 3.1158 0.0004
3.1160 3.1144 3.1158 0.0004
3.1160 3.1144 3.1158 0.0004
3.1160 3.1144 3.1158 0.0004
3.1160 3.1144 3.1158 0.0004
3.1160 3.1144 3.1158 0.0004
3.1160 3.1144 3.1158 0.0004
3.1160 3.1144 3.1158 0.0004
3.1160 3.1144 3.1158 0.0004
3.1160 3.1144 3.1158 0.0004
3.1160 3.1144 3.1158 0.0004
3.1160 3.1144 3.1158 0.0004
3.1160 3.1144 3.1158 0.0004
3.1160 3.1144 3.1158 0.0004
3.1160 3.1144 3.1158 0.0004
3.1160 3.1144 3.1158 0.0004
3.1160 3.1144 3.1158 0.0004
3.1160 3.1144 3.1158 0.0004
3.1160 3.1144 3.1158 0.0004
3.1160 3.1144 3.1158 0.0004
3.1160 3.1144 3.1158 0.0004
3.1160 3.1144 3.1158 0.0004
3.1160 3.1144 3.1158 0.0004
3.1160 3.1144 3.1158 0.0004
3.1160 3.1144 3.1158 0.0004
3.1160 3.1144 3.1158 0.0004
3.1160 3.1144 3.1158 0.0004
3.1160 3.1144 3.1158 0.0004
3.1160 3.1144 3.1158 0.0004
3.1160 3.1144 3.1158 0.0004
3.1160 3.1144 3.1158 0.0004
3.1160 3.1144 3.1158 0.0004
3.1160 3.1144 3.1158 0.0004
3.1160 3.1144 3.1158 0.0004
3.1160 3.1144 3.1158 0.0004
3.1160 3.1144 3.1158 0.0004
3.1160 3.1144 3.1158 0.0004
3.1160 3.1144 3.1158 0.0004
3.1160 3.1144 3.1158 0.0004
3.1160 3.1144 3.1158 0.0004
3.1160 3.1144 3.1158 0.0004
3.1160 3.1144 3.1158 0.0004
3.1160 3.1144 3.1159 0.0004
3.1160 3.1144 3.1159 0.0004
3.1160 3.1144 3.1159 0.0004
3.1160 3.1144 3.1159 0.0004
3.1160 3.1144 3.1159 0.0004
3.1160 3.1144 3.1159 0.0003
3.1160 3.1144 3.1159 0.0003
3.1160 3.1144 3.1159 0.0003
3.1160 3.1144 3.1159 0.0003
3.1160 3.1144 3.1159 0.0003
3.1160 3.1144 3.1159 0.0003
3.1160 3.1144 3.1159 0.0003
3.1160 3.1144 3.1159 0.0003
3.1160 3.1144 3.1159 0.0003
3.1160 3.1144 3.1159 0.0003
3.1160 3.1144 3.1159 0.0003
3.1160 3.1144 3.1159 0.0003
3.1160 3.1144 3.1159 0.0003
3.1160 3.1144 3.1159 0.0003
3.1160 3.1144 3.1159 0.0003
3.1160 3.1144 3.1159 0.0003
3.1160 3.1144 3.1159 0.0003
3.1160 3.1144 3.1159 0.0003
3.1160 3.1144 3.1159 0.0003
3.1160 3.1144 3.1159 0.0003
3.1160 3.1144 3.1159 0.0003
3.1160 3.1144 3.1159 0.0003
3.1160 3.1144 3.1159 0.0003
3.1160 3.1144 3.1159 0.0003
3.1160 3.1144 3.1159 0.0003
3.1160 3.1144 3.1159 0.0003
3.1160 3.1144 3.1159 0.0003
3.1160 3.1144 3.1159 0.0003
3.1160 3.1144 3.1159 0.0003
3.1160 3.1144 3.1159 0.0003
3.1160 3.1144 3.1159 0.0003
3.1160 3.1144 3.1159 0.0003
3.1160 3.1144 3.1159 0.0003
3.1160 3.1144 3.1159 0.0003
3.1160 3.1144 3.1159 0.0003
3.1160 3.1144 3.1159 0.0003
3.1160 3.1144 3.1159 0.0003
3.1160 3.1144 3.1159 0.0003
3.1160 3.1144 3.1159 0.0003
3.1160 3.1144 3.1159 0.0003
3.1160 3.1144 3.1159 0.0003
3.1160 3.1144 3.1159 0.0003
3.1160 3.1144 3.1159 0.0003
3.1160 3.1144 3.1159 0.0003
3.1160 3.1144 3.1159 0.0003
3.1160 3.1144 3.1159 0.0003
3.1160 3.1144 3.1159 0.0003
3.1160 3.1144 3.1159 0.0003
3.1160 3.1144 3.1159 0.0003
3.1160 3.1144 3.1159 0.0003
3.1160 3.1144 3.1159 0.0003
3.1160 3.1144 3.1159 0.0003
3.1160 3.1144 3.1159 0.0003
3.1160 3.1144 3.1159 0.0003
3.1160 3.1144 3.1159 0.0003
3.1160 3.1144 3.1159 0.0003
3.1160 3.1144 3.1159 0.0003
3.1160 3.1144 3.1159 0.0003
3.1160 3.1144 3.1159 0.0003
3.1160 3.1144 3.1159 0.0003
3.1160 3.1144 3.1159 0.0003
3.1160 3.1144 3.1159 0.0003
3.1160 3.1144 3.1159 0.0003
3.1160 3.1144 3.1159 0.0003
3.1160 3.1144 3.1159 0.0003
3.1160 3.1144 3.1159 0.0003
3.1160 3.1144 3.1159 0.0003
3.1160 3.1144 3.1159 0.0003
3.1160 3.1144 3.1159 0.0003
3.1160 3.1144 3.1159 0.0003
3.1160 3.1144 3.1159 0.0003
3.1160 3.1144 3.1159 0.0003
3.1160 3.1144 3.1159 0.0003
3.1160 3.1144 3.1159 0.0003
3.1160 3.1144 3.1159 0.0003
3.1160 3.1144 3.1159 0.0003
3.1160 3.1144 3.1159 0.0003
3.1160 3.1144 3.1159 0.0003
3.1160 3.1144 3.1159 0.0003
3.1160 3.1144 3.1159 0.0003
3.1160 3.1144 3.1159 0.0003
3.1160 3.1144 3.1159 0.0003
3.1160 3.1144 3.1159 0.0003
3.1160 3.1144 3.1159 0.0003
3.1160 3.1144 3.1159 0.0003
3.1160 3.1144 3.1159 0.0003
3.1160 3.1144 3.1159 0.0003
3.1160 3.1144 3.1159 0.0003
3.1160 3.1144 3.1159 0.0003
3.1160 3.1144 3.1159 0.0003
3.1160 3.1144 3.1159 0.0003
3.1160 3.1144 3.1159 0.0003
3.1160 3.1144 3.1159 0.0003
3.1160 3.1144 3.1159 0.0003
3.1160 3.1144 3.1159 0.0003
3.1160 3.1144 3.1159 0.0003
3.1160 3.1144 3.1159 0.0003
3.1160 3.1144 3.1159 0.0003
3.1160 3.1144 3.1159 0.0003
3.1160 3.1144 3.1159 0.0003
3.1160 3.1144 3.1159 0.0003
3.1160 3.1144 3.1159 0.0003
3.1160 3.1144 3.1159 0.0003
3.1160 3.1144 3.1159 0.0003
3.1160 3.1144 3.1159 0.0003
3.1160 3.1144 3.1159 0.0003
3.1160 3.1144 3.1159 0.0003
3.1160 3.1144 3.1159 0.0003
3.1160 3.1144 3.1159 0.0003
3.1160 3.1144 3.1159 0.0003
3.1160 3.1144 3.1159 0.0002
3.1160 3.1144 3.1159 0.0002
3.1160 3.1144 3.1159 0.0002
3.1160 3.1144 3.1159 0.0002
3.1160 3.1144 3.1159 0.0002
3.1160 3.1144 3.1159 0.0002
3.1160 3.1144 3.1159 0.0002
3.1160 3.1144 3.1159 0.0002
3.1160 3.1144 3.1159 0.0002
3.1160 3.1144 3.1159 0.0002
3.1160 3.1144 3.1159 0.0002
3.1160 3.1144 3.1159 0.0002
3.1160 3.1144 3.1159 0.0002
3.1160 3.1144 3.1159 0.0002
3.1160 3.1144 3.1159 0.0002
3.1160 3.1144 3.1159 0.0002
3.1160 3.1144 3.1159 0.0002
3.1160 3.1144 3.1159 0.0002
3.1160 3.1144 3.1159 0.0002
3.1160 3.1144 3.1159 0.0002
3.1160 3.1144 3.1159 0.0002
3.1160 3.1144 3.1159 0.0002
3.1160 3.1144 3.1159 0.0002
3.1160 3.1144 3.1159 0.0002
3.1160 3.1144 3.1159 0.0002
3.1160 3.1144 3.1159 0.0002
3.1160 3.1144 3.1159 0.0002
3.1160 3.1144 3.1159 0.0002
3.1160 3.1144 3.1159 0.0002
3.1160 3.1144 3.1159 0.0002
3.1160 3.1144 3.1159 0.0002
3.1160 3.1144 3.1159 0.0002
3.1160 3.1144 3.1159 0.0002
3.1160 3.1144 3.1159 0.0002
3.1160 3.1144 3.1159 0.0002
3.1160 3.1144 3.1159 0.0002
3.1160 3.1144 3.1159 0.0002
3.1160 3.1144 3.1159 0.0002
3.1160 3.1144 3.1159 0.0002
3.1160 3.1144 3.1159 0.0002
3.1160 3.1144 3.1159 0.0002
3.1160 3.1144 3.1159 0.0002
3.1160 3.1144 3.1159 0.0002
3.1160 3.1144 3.1159 0.0002
3.1160 3.1144 3.1159 0.0002
3.1160 3.1144 3.1159 0.0002
3.1160 3.1144 3.1159 0.0002
3.1160 3.1144 3.1159 0.0002
3.1160 3.1144 3.1159 0.0002
3.1160 3.1144 3.1159 0.0002
3.1160 3.1144 3.1159 0.0002
3.1160 3.1144 3.1159 0.0002
3.1160 3.1144 3.1159 0.0002
3.1160 3.1144 3.1159 0.0002
3.1160 3.1144 3.1159 0.0002
3.1160 3.1144 3.1159 0.0002
3.1160 3.1144 3.1159 0.0002
3.1160 3.1144 3.1159 0.0002
3.1160 3.1144 3.1159 0.0002
3.1160 3.1144 3.1159 0.0002
3.1160 3.1144 3.1159 0.0002
3.1160 3.1144 3.1159 0.0002
3.1160 3.1144 3.1159 0.0002
3.1160 3.1144 3.1159 0.0002
3.1160 3.1144 3.1159 0.0002
3.1160 3.1144 3.1159 0.0002
3.1160 3.1144 3.1159 0.0002
3.1160 3.1144 3.1159 0.0002
3.1160 3.1144 3.1159 0.0002
3.1160 3.1144 3.1159 0.0002
3.1160 3.1144 3.1159 0.0002
3.1160 3.1144 3.1159 0.0002
3.1160 3.1144 3.1159 0.0002
3.1160 3.1144 3.1159 0.0002
3.1160 3.1144 3.1159 0.0002
3.1160 3.1144 3.1159 0.0002
3.1160 3.1144 3.1159 0.0002
3.1160 3.1144 3.1159 0.0002
3.1160 3.1144 3.1159 0.0002
3.1160 3.1144 3.1159 0.0002
3.1160 3.1144 3.1159 0.0002
3.1160 3.1144 3.1159 0.0002
3.1160 3.1144 3.1159 0.0002
3.1160 3.1144 3.1159 0.0002
3.1160 3.1144 3.1159 0.0002
3.1160 3.1144 3.1159 0.0002
3.1160 3.1144 3.1159 0.0002
3.1160 3.1144 3.1159 0.0002
3.1160 3.1144 3.1159 0.0002
3.1160 3.1144 3.1159 0.0002
3.1160 3.1144 3.1159 0.0002
3.1160 3.1144 3.1159 0.0002
3.1160 3.1144 3.1159 0.0002
3.1160 3.1144 3.1159 0.0002
3.1160 3.1144 3.1159 0.0002
3.1160 3.1144 3.1159 0.0002
3.1160 3.1144 3.1159 0.0002
3.1160 3.1144 3.1159 0.0002
3.1160 3.1144 3.1159 0.0002
3.1160 3.1144 3.1159 0.0002
3.1160 3.1144 3.1159 0.0002
3.1160 3.1144 3.1159 0.0002
3.1160 3.1144 3.1159 0.0002
3.1160 3.1144 3.1159 0.0002
3.1160 3.1144 3.1159 0.0002
3.1160 3.1144 3.1159 0.0002
3.1160 3.1144 3.1159 0.0002
3.1160 3.1144 3.1159 0.0002
3.1160 3.1144 3.1159 0.0002
3.1160 3.1144 3.1159 0.0002
3.1160 3.1144 3.1159 0.0002
3.1160 3.1144 3.1159 0.0002
3.1160 3.1144 3.1159 0.0002
3.1160 3.1144 3.1159 0.0002
3.1160 3.1144 3.1159 0.0002
3.1160 3.1144 3.1159 0.0002
3.1160 3.1144 3.1159 0.0002
3.1160 3.1144 3.1159 0.0002
3.1160 3.1144 3.1159 0.0002
3.1160 3.1144 3.1159 0.0002
3.1160 3.1144 3.1159 0.0002
3.1160 3.1144 3.1159 0.0002
3.1160 3.1144 3.1159 0.0002
3.1160 3.1144 3.1159 0.0002
3.1160 3.1144 3.1159 0.0002
3.1160 3.1144 3.1159 0.0002
3.1160 3.1144 3.1159 0.0002
3.1160 3.1144 3.1159 0.0002
3.1160 3.1144 3.1159 0.0002
3.1160 3.1144 3.1159 0.0002
3.1160 3.1144 3.1159 0.0002
3.1160 3.1144 3.1159 0.0002
3.1160 3.1144 3.1159 0.0002
3.1160 3.1144 3.1159 0.0002
3.1160 3.1144 3.1159 0.0002
3.1160 3.1144 3.1159 0.0002
3.1160 3.1144 3.1159 0.0002
3.1160 3.1144 3.1159 0.0002
3.1160 3.1144 3.1159 0.0002
3.1160 3.1144 3.1159 0.0002
3.1160 3.1144 3.1159 0.0002
3.1160 3.1144 3.1159 0.0002
3.1160 3.1144 3.1159 0.0002
3.1160 3.1144 3.1159 0.0002
3.1160 3.1144 3.1159 0.0002
3.1160 3.1144 3.1159 0.0002
3.1160 3.1144 3.1159 0.0002
3.1160 3.1144 3.1159 0.0002
3.1160 3.1144 3.1159 0.0002
3.1160 3.1144 3.1159 0.0002
3.1160 3.1144 3.1159 0.0002
3.1160 3.1144 3.1159 0.0002
3.1160 3.1144 3.1159 0.0002
3.1160 3.1144 3.1159 0.0002
3.1160 3.1144 3.1159 0.0002
3.1160 3.1144 3.1159 0.0002
3.1160 3.1144 3.1159 0.0002
3.1160 3.1144 3.1159 0.0002
3.1160 3.1144 3.1159 0.0002
3.1160 3.1144 3.1159 0.0002
3.1160 3.1144 3.1159 0.0002
3.1160 3.1144 3.1159 0.0002
3.1160 3.1144 3.1159 0.0002
3.1160 3.1144 3.1159 0.0002
3.1160 3.1144 3.1159 0.0002
3.1160 3.1144 3.1159 0.0002
3.1160 3.1144 3.1159 0.0002
3.1160 3.1144 3.1159 0.0002
3.1160 3.1144 3.1159 0.0002
3.1160 3.1144 3.1159 0.0002
3.1160 3.1144 3.1159 0.0002
3.1160 3.1144 3.1159 0.0002
3.1160 3.1144 3.1159 0.0002
3.1160 3.1160 3.1160 0.0000
3.1160 3.1160 3.1160 0.0000
3.1160 3.1160 3.1160 0.0000
3.1160 3.1160 3.1160 0.0000
3.1160 3.1160 3.1160 0.0000
3.1160 3.1160 3.1160 0.0000
3.1160 3.1160 3.1160 0.0000
3.1160 3.1160 3.1160 0.0000
3.1160 3.1160 3.1160 0.0000
3.1160 3.1160 3.1160 0.0000
3.1160 3.1160 3.1160 0.0000
3.1160 3.1160 3.1160 0.0000
3.1160 3.1160 3.1160 0.0000
3.1160 3.1160 3.1160 0.0000
3.1160 3.1160 3.1160 0.0000
3.1160 3.1160 3.1160 0.0000
3.1160 3.1160 3.1160 0.0000
3.1160 3.1160 3.1160 0.0000
3.1160 3.1160 3.1160 0.0000
3.1160 3.1160 3.1160 0.0000
3.1160 3.1160 3.1160 0.0000
3.1160 3.1160 3.1160 0.0000
3.1160 3.1160 3.1160 0.0000
3.1160 3.1160 3.1160 0.0000
3.1160 3.1160 3.1160 0.0000
3.1160 3.1160 3.1160 0.0000
3.1160 3.1160 3.1160 0.0000
3.1160 3.1160 3.1160 0.0000
3.1160 3.1160 3.1160 0.0000
3.1160 3.1160 3.1160 0.0000
3.1160 3.1160 3.1160 0.0000
3.1160 3.1160 3.1160 0.0000
3.1160 3.1160 3.1160 0.0000
3.1160 3.1160 3.1160 0.0000
3.1160 3.1160 3.1160 0.0000
3.1160 3.1160 3.1160 0.0000
3.1160 3.1160 3.1160 0.0000
3.1160 3.1160 3.1160 0.0000
3.1160 3.1160 3.1160 0.0000
3.1160 3.1160 3.1160 0.0000
3.1160 3.1160 3.1160 0.0000
3.1627 3.1160 3.1164 0.0046
3.1627 3.1160 3.1164 0.0046
3.1627 3.1160 3.1164 0.0046
3.1627 3.1160 3.1164 0.0046
3.1627 3.1160 3.1164 0.0046
3.1627 3.1160 3.1164 0.0046
3.1627 3.1160 3.1164 0.0046
3.1627 3.1160 3.1164 0.0046
3.1627 3.1160 3.1164 0.0046
3.1627 3.1160 3.1164 0.0046
3.1627 3.1160 3.1164 0.0046
3.1627 3.1160 3.1164 0.0046
3.1627 3.1160 3.1164 0.0046
3.1627 3.1160 3.1164 0.0046
3.1627 3.1160 3.1164 0.0046
3.1627 3.1160 3.1164 0.0046
3.1627 3.1160 3.1164 0.0046
3.1627 3.1160 3.1164 0.0046
3.1627 3.1160 3.1164 0.0046
3.1652 3.1160 3.1169 0.0067
3.1652 3.1160 3.1169 0.0067
3.1652 3.1160 3.1169 0.0067
3.1652 3.1160 3.1169 0.0067
3.1652 3.1160 3.1174 0.0082
3.1652 3.1160 3.1174 0.0082
3.1652 3.1160 3.1174 0.0082
3.1652 3.1160 3.1174 0.0082
3.1652 3.1160 3.1174 0.0082
3.1652 3.1160 3.1174 0.0082
3.1652 3.1160 3.1174 0.0082
3.1652 3.1160 3.1174 0.0082
3.1652 3.1160 3.1174 0.0082
3.1652 3.1160 3.1174 0.0082
3.1652 3.1160 3.1174 0.0082
3.1652 3.1160 3.1174 0.0082
3.1652 3.1160 3.1174 0.0082
3.1652 3.1160 3.1174 0.0082
3.1652 3.1160 3.1174 0.0082
3.1652 3.1160 3.1174 0.0082
3.1652 3.1160 3.1174 0.0082
3.1652 3.1160 3.1174 0.0082
3.1652 3.1160 3.1174 0.0082
3.1652 3.1160 3.1174 0.0082
3.1652 3.1160 3.1174 0.0082
3.1652 3.1160 3.1174 0.0082
3.1652 3.1160 3.1174 0.0082
3.1652 3.1160 3.1174 0.0082
3.1652 3.1160 3.1174 0.0082
3.1652 3.1160 3.1174 0.0082
3.1652 3.1160 3.1174 0.0082
3.1652 3.1160 3.1174 0.0082
3.1652 3.1160 3.1176 0.0085
3.1652 3.1160 3.1176 0.0085
3.1652 3.1160 3.1176 0.0085
3.1652 3.1160 3.1176 0.0085
3.1652 3.1160 3.1176 0.0085
3.1652 3.1160 3.1176 0.0085
3.1652 3.1160 3.1176 0.0085
3.1652 3.1160 3.1176 0.0085
3.1652 3.1160 3.1176 0.0085
3.1652 3.1160 3.1176 0.0085
3.1652 3.1160 3.1176 0.0085
3.1652 3.1160 3.1176 0.0085
3.1652 3.1160 3.1176 0.0085
3.1652 3.1160 3.1176 0.0085
3.1652 3.1160 3.1176 0.0085
3.1652 3.1160 3.1176 0.0085
3.1652 3.1160 3.1176 0.0085
3.1652 3.1160 3.1176 0.0085
3.1652 3.1160 3.1176 0.0085
3.1652 3.1160 3.1176 0.0085
3.1652 3.1160 3.1176 0.0085
3.1652 3.1160 3.1176 0.0085
3.1652 3.1160 3.1176 0.0085
3.1652 3.1160 3.1176 0.0085
3.1652 3.1160 3.1176 0.0085
3.1652 3.1160 3.1176 0.0085
3.1652 3.1160 3.1176 0.0085
3.1652 3.1160 3.1176 0.0085
3.1652 3.1160 3.1176 0.0085
3.1652 3.1160 3.1176 0.0085
3.1652 3.1160 3.1176 0.0085
3.1652 3.1160 3.1176 0.0085
3.1652 3.1160 3.1176 0.0085
3.1652 3.1160 3.1176 0.0085
3.1652 3.1160 3.1176 0.0085
3.1652 3.1160 3.1176 0.0085
3.1652 3.1160 3.1176 0.0085
3.1652 3.1160 3.1176 0.0085
3.1652 3.1160 3.1176 0.0085
3.1652 3.1160 3.1176 0.0085
3.1652 3.1160 3.1176 0.0085
3.1652 3.1160 3.1176 0.0085
3.1652 3.1160 3.1181 0.0097
3.1652 3.1160 3.1186 0.0108
3.1652 3.1160 3.1186 0.0108
3.1652 3.1160 3.1186 0.0108
3.1652 3.1160 3.1186 0.0108
3.1652 3.1160 3.1186 0.0108
3.1652 3.1160 3.1189 0.0111
3.1652 3.1160 3.1194 0.0121
3.1652 3.1160 3.1194 0.0121
3.1652 3.1160 3.1194 0.0121
3.1652 3.1160 3.1194 0.0121
3.1652 3.1160 3.1194 0.0121
3.1652 3.1160 3.1194 0.0121
3.1652 3.1160 3.1194 0.0121
3.1652 3.1160 3.1194 0.0121
3.1652 3.1160 3.1194 0.0121
3.1652 3.1160 3.1194 0.0121
3.1652 3.1160 3.1194 0.0121
3.1652 3.1160 3.1199 0.0128
3.1652 3.1160 3.1199 0.0128
3.1652 3.1160 3.1199 0.0128
3.1652 3.1160 3.1199 0.0128
3.1652 3.1160 3.1202 0.0130
3.1652 3.1160 3.1202 0.0130
3.1652 3.1160 3.1202 0.0130
3.1652 3.1160 3.1202 0.0130
3.1652 3.1160 3.1202 0.0130
3.1652 3.1160 3.1202 0.0130
3.1652 3.1160 3.1202 0.0130
3.1652 3.1160 3.1202 0.0130
3.1652 3.1160 3.1202 0.0130
3.1652 3.1160 3.1202 0.0130
3.1652 3.1160 3.1202 0.0130
3.1652 3.1160 3.1202 0.0130
3.1652 3.1160 3.1202 0.0130
3.1662 3.1160 3.1202 0.0131
3.1662 3.1160 3.1202 0.0131
3.1662 3.1160 3.1202 0.0131
3.1662 3.1160 3.1202 0.0131
3.1662 3.1160 3.1202 0.0131
3.1662 3.1160 3.1205 0.0133
3.1662 3.1160 3.1205 0.0133
3.1662 3.1160 3.1205 0.0133
3.1662 3.1160 3.1210 0.0140
3.1662 3.1160 3.1210 0.0140
3.1662 3.1160 3.1210 0.0140
3.1662 3.1160 3.1210 0.0140
3.1662 3.1160 3.1210 0.0140
3.1662 3.1160 3.1215 0.0147
3.1662 3.1160 3.1215 0.0147
3.1662 3.1160 3.1215 0.0147
3.1662 3.1160 3.1215 0.0147
3.1662 3.1160 3.1218 0.0149
3.1662 3.1160 3.1218 0.0149
3.1662 3.1160 3.1218 0.0149
3.1662 3.1160 3.1222 0.0154
3.1662 3.1160 3.1222 0.0154
3.1662 3.1160 3.1227 0.0160
3.1662 3.1160 3.1227 0.0160
3.1662 3.1160 3.1227 0.0160
3.1662 3.1160 3.1227 0.0160
3.1662 3.1160 3.1227 0.0160
3.1662 3.1160 3.1229 0.0164
3.1662 3.1160 3.1229 0.0164
3.1662 3.1160 3.1229 0.0164
3.1662 3.1160 3.1229 0.0164
3.1662 3.1160 3.1229 0.0164
3.1662 3.1160 3.1229 0.0164
3.1662 3.1160 3.1229 0.0164
3.1662 3.1160 3.1229 0.0164
3.1662 3.1160 3.1229 0.0164
3.1662 3.1160 3.1229 0.0164
3.1662 3.1160 3.1229 0.0164
3.1662 3.1160 3.1229 0.0164
3.1662 3.1160 3.1234 0.0169
3.1662 3.1160 3.1234 0.0169
3.1662 3.1160 3.1239 0.0174
3.1662 3.1160 3.1239 0.0174
3.1662 3.1160 3.1239 0.0174
3.1662 3.1160 3.1239 0.0174
3.1662 3.1160 3.1239 0.0174
3.1662 3.1160 3.1239 0.0174
3.1662 3.1160 3.1239 0.0174
3.1662 3.1160 3.1239 0.0174
3.1662 3.1160 3.1239 0.0174
3.1662 3.1160 3.1241 0.0178
3.1662 3.1160 3.1241 0.0178
3.1662 3.1160 3.1241 0.0178
3.1662 3.1160 3.1241 0.0178
3.1662 3.1160 3.1246 0.0182
3.1662 3.1160 3.1246 0.0182
3.1662 3.1160 3.1246 0.0182
3.1662 3.1160 3.1251 0.0186
3.1662 3.1160 3.1251 0.0186
3.1662 3.1160 3.1251 0.0186
3.1662 3.1160 3.1251 0.0186
3.1662 3.1160 3.1251 0.0186
3.1662 3.1160 3.1251 0.0186
3.1662 3.1160 3.1251 0.0186
3.1662 3.1160 3.1251 0.0186
3.1662 3.1160 3.1251 0.0186
3.1662 3.1160 3.1251 0.0186
3.1662 3.1160 3.1256 0.0190
3.1662 3.1160 3.1256 0.0190
3.1662 3.1160 3.1261 0.0194
3.1662 3.1160 3.1261 0.0194
3.1662 3.1160 3.1261 0.0194
3.1662 3.1160 3.1261 0.0194
3.1662 3.1160 3.1261 0.0194
3.1662 3.1160 3.1261 0.0194
3.1662 3.1160 3.1261 0.0194
3.1662 3.1160 3.1261 0.0194
3.1662 3.1160 3.1261 0.0194
3.1662 3.1160 3.1261 0.0194
3.1662 3.1160 3.1261 0.0194
3.1662 3.1160 3.1266 0.0198
3.1662 3.1160 3.1266 0.0198
3.1662 3.1160 3.1271 0.0201
3.1662 3.1160 3.1271 0.0201
3.1662 3.1160 3.1271 0.0201
3.1662 3.1160 3.1271 0.0201
3.1662 3.1160 3.1275 0.0204
3.1662 3.1160 3.1275 0.0204
3.1662 3.1160 3.1275 0.0204
3.1662 3.1160 3.1280 0.0206
3.1662 3.1160 3.1280 0.0206
3.1662 3.1160 3.1280 0.0206
3.1662 3.1160 3.1283 0.0207
3.1662 3.1160 3.1283 0.0207
3.1662 3.1160 3.1283 0.0207
3.1662 3.1160 3.1283 0.0207
3.1662 3.1160 3.1283 0.0207
3.1662 3.1160 3.1283 0.0207
3.1662 3.1160 3.1288 0.0209
3.1662 3.1160 3.1288 0.0209
3.1662 3.1160 3.1288 0.0209
3.1662 3.1160 3.1288 0.0209
3.1662 3.1160 3.1293 0.0212
3.1662 3.1160 3.1293 0.0212
3.1662 3.1160 3.1298 0.0215
3.1662 3.1160 3.1298 0.0215
3.1662 3.1160 3.1298 0.0215
3.1662 3.1160 3.1298 0.0215
3.1662 3.1160 3.1299 0.0216
3.1662 3.1160 3.1304 0.0218
3.1662 3.1160 3.1304 0.0218
3.1662 3.1160 3.1304 0.0218
3.1662 3.1160 3.1304 0.0218
3.1662 3.1160 3.1304 0.0218
3.1662 3.1160 3.1304 0.0218
3.1662 3.1160 3.1304 0.0218
3.1662 3.1160 3.1304 0.0218
3.1662 3.1160 3.1309 0.0220
3.1662 3.1160 3.1309 0.0220
3.1662 3.1160 3.1309 0.0220
3.1662 3.1160 3.1309 0.0220
3.1662 3.1160 3.1309 0.0220
3.1662 3.1160 3.1309 0.0220
3.1662 3.1160 3.1314 0.0222
3.1662 3.1160 3.1314 0.0222
3.1662 3.1160 3.1314 0.0222
3.1662 3.1160 3.1314 0.0222
3.1662 3.1160 3.1314 0.0222
3.1662 3.1160 3.1314 0.0222
3.1662 3.1160 3.1314 0.0222
3.1662 3.1160 3.1314 0.0222
3.1662 3.1160 3.1316 0.0225
3.1662 3.1160 3.1316 0.0225
3.1662 3.1160 3.1316 0.0225
3.1662 3.1160 3.1316 0.0225
3.1662 3.1160 3.1316 0.0225
3.1662 3.1160 3.1316 0.0225
3.1662 3.1160 3.1321 0.0227
3.1662 3.1160 3.1326 0.0229
3.1662 3.1160 3.1326 0.0229
3.1662 3.1160 3.1326 0.0229
3.1662 3.1160 3.1326 0.0229
3.1662 3.1160 3.1331 0.0230
3.1662 3.1160 3.1336 0.0232
3.1662 3.1160 3.1336 0.0232
3.1662 3.1160 3.1341 0.0233
3.1662 3.1160 3.1346 0.0235
3.1662 3.1160 3.1346 0.0235
3.1662 3.1160 3.1346 0.0235
3.1662 3.1160 3.1346 0.0235
3.1662 3.1160 3.1351 0.0236
3.1662 3.1160 3.1351 0.0236
3.1662 3.1160 3.1355 0.0237
3.1662 3.1160 3.1355 0.0237
3.1662 3.1160 3.1355 0.0237
3.1662 3.1160 3.1355 0.0237
3.1662 3.1160 3.1355 0.0237
3.1662 3.1160 3.1355 0.0237
3.1662 3.1160 3.1360 0.0238
3.1662 3.1160 3.1365 0.0239
3.1662 3.1160 3.1370 0.0240
3.1662 3.1160 3.1375 0.0240
3.1662 3.1160 3.1375 0.0240
3.1662 3.1160 3.1375 0.0241
3.1662 3.1160 3.1375 0.0241
3.1662 3.1160 3.1375 0.0241
3.1662 3.1160 3.1375 0.0241
3.1662 3.1160 3.1380 0.0241
3.1662 3.1160 3.1380 0.0241
3.1662 3.1160 3.1380 0.0241
3.1662 3.1160 3.1385 0.0242
3.1662 3.1160 3.1385 0.0242
3.1662 3.1160 3.1385 0.0242
3.1662 3.1160 3.1389 0.0241
3.1662 3.1160 3.1389 0.0241
3.1662 3.1160 3.1389 0.0241
3.1662 3.1160 3.1389 0.0241
3.1662 3.1160 3.1389 0.0241
3.1662 3.1160 3.1389 0.0241
3.1662 3.1160 3.1394 0.0242
3.1662 3.1160 3.1399 0.0242
3.1662 3.1160 3.1404 0.0242
3.1741 3.1160 3.1410 0.0243
3.1741 3.1160 3.1410 0.0243
3.1741 3.1160 3.1410 0.0243
3.1741 3.1160 3.1410 0.0243
3.1741 3.1160 3.1410 0.0243
3.1741 3.1160 3.1410 0.0243
3.1741 3.1160 3.1410 0.0243
3.1741 3.1160 3.1410 0.0243
3.1741 3.1160 3.1410 0.0243
3.1741 3.1160 3.1410 0.0243
3.1741 3.1160 3.1410 0.0243
3.1741 3.1160 3.1415 0.0243
3.1741 3.1160 3.1415 0.0243
3.1741 3.1160 3.1415 0.0243
3.1741 3.1160 3.1415 0.0243
3.1741 3.1160 3.1415 0.0243
3.1741 3.1160 3.1420 0.0243
3.1741 3.1160 3.1420 0.0243
3.1741 3.1160 3.1420 0.0243
3.1741 3.1160 3.1420 0.0243
3.1741 3.1160 3.1420 0.0243
3.1741 3.1160 3.1425 0.0243
3.1741 3.1160 3.1425 0.0243
3.1741 3.1160 3.1425 0.0243
3.1741 3.1160 3.1426 0.0243
3.1741 3.1160 3.1431 0.0243
3.1741 3.1160 3.1436 0.0242
3.1741 3.1160 3.1436 0.0242
3.1741 3.1160 3.1436 0.0242
3.1741 3.1160 3.1436 0.0242
3.1741 3.1160 3.1436 0.0242
3.1741 3.1160 3.1436 0.0242
3.1741 3.1160 3.1441 0.0242
3.1741 3.1160 3.1445 0.0241
3.1741 3.1160 3.1445 0.0241
3.1741 3.1160 3.1450 0.0240
3.1741 3.1160 3.1450 0.0240
3.1741 3.1160 3.1450 0.0240
3.1741 3.1160 3.1455 0.0239
3.1741 3.1160 3.1455 0.0239
3.1741 3.1160 3.1455 0.0239
3.1741 3.1160 3.1455 0.0239
3.1741 3.1160 3.1455 0.0239
3.1741 3.1160 3.1456 0.0240
3.1741 3.1160 3.1461 0.0238
3.1741 3.1160 3.1461 0.0238
3.1741 3.1160 3.1461 0.0239
3.1741 3.1160 3.1466 0.0237
3.1741 3.1160 3.1466 0.0237
3.1741 3.1160 3.1466 0.0237
3.1741 3.1160 3.1466 0.0237
3.1741 3.1160 3.1467 0.0238
3.1741 3.1160 3.1472 0.0237
3.1741 3.1160 3.1472 0.0237
3.1741 3.1160 3.1477 0.0235
3.1741 3.1160 3.1477 0.0235
3.1741 3.1160 3.1477 0.0235
3.1741 3.1160 3.1477 0.0235
3.1741 3.1160 3.1482 0.0234
3.1741 3.1160 3.1482 0.0234
3.1741 3.1160 3.1482 0.0234
3.1741 3.1160 3.1482 0.0234
3.1741 3.1160 3.1482 0.0234
3.1741 3.1160 3.1482 0.0234
3.1741 3.1160 3.1482 0.0234
3.1741 3.1160 3.1487 0.0232
3.1741 3.1160 3.1492 0.0230
3.1741 3.1160 3.1492 0.0230
3.1741 3.1160 3.1497 0.0228
3.1741 3.1160 3.1502 0.0226
3.1741 3.1160 3.1502 0.0227
3.1741 3.1160 3.1502 0.0227
3.1741 3.1160 3.1507 0.0224
3.1741 3.1160 3.1507 0.0224
3.1741 3.1160 3.1507 0.0224
3.1741 3.1160 3.1507 0.0224
3.1741 3.1160 3.1507 0.0224
3.1741 3.1160 3.1507 0.0224
3.1741 3.1160 3.1507 0.0224
3.1741 3.1160 3.1507 0.0224
3.1741 3.1160 3.1507 0.0224
3.1741 3.1160 3.1507 0.0224
3.1741 3.1160 3.1507 0.0224
3.1741 3.1160 3.1509 0.0222
3.1741 3.1160 3.1509 0.0222
3.1741 3.1160 3.1514 0.0220
3.1741 3.1160 3.1514 0.0220
3.1741 3.1160 3.1514 0.0220
3.1741 3.1160 3.1514 0.0220
3.1741 3.1160 3.1519 0.0218
3.1741 3.1160 3.1519 0.0218
3.1741 3.1160 3.1519 0.0218
3.1741 3.1160 3.1519 0.0218
3.1741 3.1160 3.1519 0.0218
3.1741 3.1160 3.1519 0.0218
3.1741 3.1160 3.1524 0.0215
3.1741 3.1160 3.1524 0.0215
3.1741 3.1160 3.1529 0.0212
3.1741 3.1160 3.1529 0.0212
3.1741 3.1160 3.1529 0.0212
3.1741 3.1160 3.1534 0.0209
3.1741 3.1160 3.1534 0.0209
3.1741 3.1160 3.1534 0.0209
3.1741 3.1160 3.1534 0.0209
3.1741 3.1160 3.1534 0.0209
3.1741 3.1160 3.1534 0.0209
3.1741 3.1160 3.1534 0.0209
3.1741 3.1160 3.1534 0.0209
3.1741 3.1160 3.1534 0.0209
3.1741 3.1160 3.1534 0.0209
3.1741 3.1160 3.1534 0.0209
3.1741 3.1160 3.1534 0.0209
3.1741 3.1160 3.1534 0.0209
3.1741 3.1160 3.1539 0.0206
3.1741 3.1160 3.1539 0.0206
3.1741 3.1160 3.1539 0.0206
3.1741 3.1160 3.1539 0.0206
3.1741 3.1160 3.1544 0.0203
3.1741 3.1160 3.1544 0.0203
3.1741 3.1160 3.1544 0.0203
3.1741 3.1160 3.1549 0.0200
3.1741 3.1160 3.1554 0.0197
3.1741 3.1160 3.1555 0.0197
3.1741 3.1160 3.1555 0.0197
3.1741 3.1160 3.1555 0.0197
3.1741 3.1160 3.1560 0.0193
3.1741 3.1160 3.1565 0.0189
3.1741 3.1160 3.1565 0.0189
3.1741 3.1160 3.1565 0.0189
3.1741 3.1160 3.1565 0.0189
3.1741 3.1160 3.1565 0.0189
3.1741 3.1160 3.1565 0.0189
3.1741 3.1160 3.1565 0.0189
3.1741 3.1160 3.1565 0.0189
3.1741 3.1160 3.1565 0.0189
3.1741 3.1160 3.1565 0.0189
3.1741 3.1160 3.1565 0.0189
3.1741 3.1160 3.1565 0.0189
3.1741 3.1160 3.1565 0.0189
3.1741 3.1160 3.1565 0.0189
3.1741 3.1160 3.1566 0.0189
3.1741 3.1160 3.1570 0.0185
3.1741 3.1160 3.1570 0.0185
3.1741 3.1160 3.1570 0.0185
3.1741 3.1160 3.1570 0.0185
3.1741 3.1160 3.1571 0.0185
3.1741 3.1160 3.1571 0.0185
3.1741 3.1160 3.1571 0.0185
3.1741 3.1160 3.1571 0.0185
3.1741 3.1160 3.1571 0.0185
3.1741 3.1160 3.1571 0.0185
3.1741 3.1160 3.1572 0.0183
3.1741 3.1160 3.1573 0.0183
3.1741 3.1160 3.1573 0.0183
3.1741 3.1160 3.1578 0.0179
3.1741 3.1160 3.1578 0.0179
3.1741 3.1160 3.1578 0.0179
3.1741 3.1160 3.1578 0.0179
3.1741 3.1160 3.1578 0.0179
3.1741 3.1160 3.1578 0.0179
3.1741 3.1160 3.1583 0.0174
3.1741 3.1160 3.1588 0.0169
3.1741 3.1160 3.1588 0.0169
3.1741 3.1160 3.1588 0.0169
3.1741 3.1160 3.1593 0.0163
3.1741 3.1160 3.1593 0.0163
3.1741 3.1160 3.1593 0.0163
3.1741 3.1160 3.1593 0.0163
3.1741 3.1160 3.1593 0.0163
3.1741 3.1160 3.1593 0.0163
3.1741 3.1160 3.1593 0.0163
3.1741 3.1160 3.1593 0.0163
3.1741 3.1160 3.1598 0.0158
3.1741 3.1160 3.1598 0.0158
3.1741 3.1160 3.1598 0.0158
3.1741 3.1160 3.1603 0.0152
3.1741 3.1160 3.1606 0.0145
3.1741 3.1160 3.1606 0.0145
3.1741 3.1160 3.1606 0.0145
3.1741 3.1160 3.1606 0.0145
3.1741 3.1160 3.1611 0.0138
3.1741 3.1160 3.1613 0.0138
3.1741 3.1160 3.1613 0.0138
3.1741 3.1160 3.1613 0.0138
3.1741 3.1160 3.1613 0.0138
3.1741 3.1160 3.1613 0.0138
3.1741 3.1160 3.1613 0.0138
3.1741 3.1160 3.1613 0.0138
3.1741 3.1160 3.1613 0.0138
3.1741 3.1160 3.1613 0.0138
3.1741 3.1160 3.1613 0.0138
3.1741 3.1160 3.1613 0.0138
3.1741 3.1160 3.1613 0.0138
3.1741 3.1160 3.1613 0.0138
3.1741 3.1160 3.1613 0.0138
3.1741 3.1160 3.1613 0.0138
3.1741 3.1160 3.1613 0.0138
3.1741 3.1160 3.1613 0.0138
3.1741 3.1160 3.1613 0.0138
3.1741 3.1160 3.1613 0.0138
3.1741 3.1160 3.1613 0.0138
3.1741 3.1160 3.1613 0.0138
3.1741 3.1160 3.1613 0.0138
3.1741 3.1160 3.1613 0.0138
3.1741 3.1160 3.1613 0.0138
3.1741 3.1160 3.1613 0.0138
3.1741 3.1160 3.1614 0.0138
3.1741 3.1160 3.1614 0.0138
3.1741 3.1160 3.1619 0.0131
3.1741 3.1160 3.1619 0.0131
3.1741 3.1160 3.1619 0.0131
3.1741 3.1160 3.1619 0.0131
3.1741 3.1160 3.1619 0.0131
3.1741 3.1160 3.1621 0.0130
3.1741 3.1160 3.1621 0.0130
3.1741 3.1160 3.1621 0.0130
3.1741 3.1160 3.1621 0.0130
3.1741 3.1160 3.1621 0.0130
3.1741 3.1160 3.1621 0.0130
3.1741 3.1160 3.1625 0.0121
3.1741 3.1160 3.1625 0.0121
3.1741 3.1160 3.1627 0.0120
3.1741 3.1160 3.1627 0.0120
3.1756 3.1160 3.1628 0.0120
3.1756 3.1160 3.1628 0.0120
3.1756 3.1160 3.1628 0.0120
3.1756 3.1160 3.1628 0.0120
3.1756 3.1160 3.1628 0.0120
3.1756 3.1160 3.1633 0.0111
3.1756 3.1160 3.1633 0.0111
3.1756 3.1160 3.1633 0.0111
3.1756 3.1160 3.1633 0.0111
3.1756 3.1160 3.1633 0.0111
3.1756 3.1160 3.1633 0.0111
3.1756 3.1160 3.1633 0.0111
3.1756 3.1160 3.1633 0.0111
3.1756 3.1160 3.1638 0.0100
3.1756 3.1160 3.1638 0.0100
3.1756 3.1160 3.1638 0.0100
3.1756 3.1160 3.1638 0.0100
3.1756 3.1160 3.1638 0.0100
3.1756 3.1160 3.1638 0.0100
3.1756 3.1160 3.1638 0.0100
3.1756 3.1160 3.1638 0.0100
3.1756 3.1160 3.1638 0.0100
3.1756 3.1160 3.1638 0.0100
3.1756 3.1160 3.1638 0.0100
3.1756 3.1160 3.1638 0.0100
3.1756 3.1160 3.1638 0.0100
3.1756 3.1160 3.1638 0.0100
3.1756 3.1160 3.1639 0.0101
3.1756 3.1160 3.1639 0.0101
3.1756 3.1160 3.1640 0.0101
3.1756 3.1160 3.1640 0.0101
3.1756 3.1160 3.1641 0.0102
3.1756 3.1160 3.1641 0.0102
3.1756 3.1160 3.1641 0.0102
3.1756 3.1160 3.1644 0.0095
3.1756 3.1160 3.1644 0.0095
3.1756 3.1160 3.1644 0.0095
3.1756 3.1160 3.1644 0.0095
3.1756 3.1160 3.1644 0.0095
3.1756 3.1160 3.1645 0.0095
3.1756 3.1160 3.1645 0.0095
3.1756 3.1160 3.1645 0.0095
3.1756 3.1160 3.1645 0.0095
3.1756 3.1160 3.1645 0.0095
3.1756 3.1160 3.1645 0.0095
3.1756 3.1160 3.1645 0.0095
3.1756 3.1160 3.1645 0.0095
3.1762 3.1160 3.1645 0.0095
3.1762 3.1160 3.1645 0.0095
3.1762 3.1160 3.1645 0.0095
3.1762 3.1160 3.1645 0.0095
3.1762 3.1160 3.1645 0.0095
3.1762 3.1160 3.1645 0.0095
3.1762 3.1160 3.1645 0.0095
3.1762 3.1160 3.1645 0.0095
3.1762 3.1160 3.1645 0.0095
3.1762 3.1160 3.1646 0.0096
3.1762 3.1160 3.1646 0.0096
3.1762 3.1160 3.1646 0.0096
3.1762 3.1160 3.1646 0.0096
3.1762 3.1160 3.1646 0.0096
3.1762 3.1160 3.1646 0.0096
3.1762 3.1160 3.1646 0.0096
3.1762 3.1160 3.1646 0.0096
3.1762 3.1160 3.1646 0.0096
3.1762 3.1160 3.1646 0.0096
3.1762 3.1160 3.1646 0.0096
3.1762 3.1160 3.1646 0.0096
3.1762 3.1160 3.1646 0.0096
3.1762 3.1160 3.1646 0.0096
3.1762 3.1160 3.1646 0.0096
3.1762 3.1160 3.1647 0.0096
3.1762 3.1160 3.1648 0.0097
3.1762 3.1160 3.1648 0.0097
3.1762 3.1160 3.1649 0.0097
3.1762 3.1160 3.1649 0.0097
3.1762 3.1160 3.1649 0.0097
3.1762 3.1160 3.1650 0.0098
3.1762 3.1160 3.1650 0.0098
3.1762 3.1160 3.1650 0.0098
3.1762 3.1160 3.1650 0.0098
3.1762 3.1160 3.1650 0.0098
3.1762 3.1160 3.1650 0.0098
3.1762 3.1160 3.1650 0.0098
3.1762 3.1160 3.1654 0.0093
3.1762 3.1160 3.1654 0.0094
3.1762 3.1160 3.1655 0.0094
3.1762 3.1160 3.1655 0.0094
3.1762 3.1160 3.1655 0.0094
3.1762 3.1160 3.1655 0.0094
3.1762 3.1160 3.1655 0.0094
3.1762 3.1160 3.1656 0.0095
3.1762 3.1160 3.1656 0.0095
3.1762 3.1160 3.1656 0.0095
3.1762 3.1160 3.1656 0.0095
3.1762 3.1160 3.1656 0.0095
3.1762 3.1160 3.1657 0.0095
3.1762 3.1160 3.1657 0.0095
3.1762 3.1160 3.1657 0.0095
3.1762 3.1160 3.1657 0.0095
3.1762 3.1160 3.1657 0.0095
3.1762 3.1160 3.1657 0.0095
3.1762 3.1160 3.1658 0.0096
3.1762 3.1160 3.1659 0.0096
3.1762 3.1160 3.1659 0.0096
3.1762 3.1160 3.1659 0.0096
3.1762 3.1160 3.1659 0.0096
3.1762 3.1160 3.1659 0.0096
3.1762 3.1160 3.1659 0.0096
3.1762 3.1160 3.1659 0.0096
3.1762 3.1160 3.1659 0.0096
3.1762 3.1160 3.1659 0.0096
3.1762 3.1160 3.1659 0.0096
3.1762 3.1160 3.1659 0.0096
3.1762 3.1160 3.1659 0.0096
3.1762 3.1160 3.1660 0.0096
3.1762 3.1160 3.1660 0.0096
3.1762 3.1160 3.1665 0.0081
3.1762 3.1160 3.1665 0.0081
3.1762 3.1160 3.1665 0.0081
3.1762 3.1160 3.1665 0.0081
3.1762 3.1160 3.1665 0.0081
3.1762 3.1160 3.1666 0.0080
3.1762 3.1160 3.1666 0.0080
3.1762 3.1160 3.1666 0.0080
3.1762 3.1160 3.1666 0.0080
3.1762 3.1160 3.1666 0.0080
3.1762 3.1160 3.1666 0.0080
3.1762 3.1160 3.1666 0.0080
3.1762 3.1160 3.1666 0.0080
3.1762 3.1160 3.1666 0.0080
3.1762 3.1160 3.1666 0.0080
3.1762 3.1160 3.1666 0.0080
3.1762 3.1160 3.1667 0.0080
3.1762 3.1160 3.1667 0.0080
3.1762 3.1160 3.1667 0.0080
3.1762 3.1160 3.1667 0.0080
3.1762 3.1160 3.1668 0.0081
3.1762 3.1160 3.1673 0.0062
3.1762 3.1160 3.1673 0.0062
3.1762 3.1160 3.1674 0.0063
3.1762 3.1160 3.1674 0.0063
3.1765 3.1160 3.1674 0.0063
3.1765 3.1160 3.1674 0.0063
3.1765 3.1160 3.1674 0.0063
3.1765 3.1160 3.1674 0.0063
3.1765 3.1160 3.1675 0.0063
3.1765 3.1160 3.1675 0.0063
3.1765 3.1160 3.1675 0.0063
3.1765 3.1160 3.1675 0.0063
3.1765 3.1160 3.1675 0.0063
3.1765 3.1160 3.1676 0.0063
3.1765 3.1160 3.1676 0.0064
3.1765 3.1160 3.1676 0.0064
3.1765 3.1160 3.1677 0.0064
3.1765 3.1160 3.1677 0.0064
3.1765 3.1160 3.1677 0.0064
3.1765 3.1160 3.1678 0.0065
3.1765 3.1160 3.1678 0.0065
3.1765 3.1160 3.1678 0.0065
3.1765 3.1160 3.1678 0.0065
3.1765 3.1160 3.1678 0.0065
3.1765 3.1160 3.1678 0.0065
3.1765 3.1160 3.1678 0.0065
3.1765 3.1160 3.1678 0.0065
3.1765 3.1160 3.1679 0.0065
3.1765 3.1160 3.1679 0.0065
3.1765 3.1160 3.1680 0.0065
3.1765 3.1160 3.1680 0.0065
3.1765 3.1160 3.1680 0.0065
3.1765 3.1160 3.1680 0.0065
3.1765 3.1160 3.1680 0.0065
3.1765 3.1160 3.1680 0.0065
3.1765 3.1160 3.1680 0.0065
3.1765 3.1160 3.1680 0.0065
3.1765 3.1160 3.1680 0.0065
3.1765 3.1160 3.1680 0.0065
3.1765 3.1160 3.1681 0.0066
3.1765 3.1160 3.1682 0.0066
3.1765 3.1160 3.1682 0.0066
3.1765 3.1160 3.1683 0.0066
3.1765 3.1160 3.1683 0.0066
3.1765 3.1160 3.1683 0.0066
3.1765 3.1160 3.1684 0.0067
3.1765 3.1160 3.1684 0.0067
3.1765 3.1160 3.1685 0.0067
3.1765 3.1160 3.1685 0.0067
3.1765 3.1160 3.1685 0.0067
3.1765 3.1160 3.1685 0.0067
3.1765 3.1160 3.1686 0.0067
3.1765 3.1160 3.1686 0.0067
3.1765 3.1160 3.1686 0.0067
3.1765 3.1160 3.1686 0.0067
3.1765 3.1160 3.1686 0.0067
3.1765 3.1160 3.1686 0.0067
3.1765 3.1160 3.1687 0.0068
3.1765 3.1160 3.1687 0.0068
3.1765 3.1160 3.1688 0.0068
3.1765 3.1160 3.1688 0.0068
3.1765 3.1160 3.1688 0.0068
3.1765 3.1160 3.1688 0.0068
3.1765 3.1160 3.1688 0.0068
3.1765 3.1160 3.1689 0.0068
3.1765 3.1160 3.1689 0.0068
3.1765 3.1160 3.1689 0.0068
3.1765 3.1160 3.1689 0.0068
3.1765 3.1160 3.1690 0.0068
3.1765 3.1160 3.1690 0.0068
3.1765 3.1160 3.1690 0.0068
3.1765 3.1160 3.1691 0.0069
3.1915 3.1160 3.1692 0.0072
3.1915 3.1160 3.1693 0.0072
3.1915 3.1160 3.1693 0.0072
3.1915 3.1160 3.1694 0.0074
3.1915 3.1160 3.1697 0.0077
3.1915 3.1160 3.1697 0.0077
3.1915 3.1160 3.1698 0.0078
3.1915 3.1160 3.1699 0.0077
3.1915 3.1160 3.1699 0.0077
3.1915 3.1160 3.1699 0.0077
3.1915 3.1160 3.1700 0.0077
3.1915 3.1160 3.1701 0.0079
3.1915 3.1160 3.1701 0.0079
3.1915 3.1160 3.1701 0.0079
3.1915 3.1160 3.1702 0.0079
3.2007 3.1160 3.1704 0.0084
3.2007 3.1160 3.1704 0.0084
3.2007 3.1160 3.1704 0.0084
3.2007 3.1160 3.1704 0.0084
3.2007 3.1160 3.1704 0.0084
3.2007 3.1160 3.1704 0.0084
3.2007 3.1160 3.1704 0.0084
3.2007 3.1160 3.1704 0.0084
3.2007 3.1160 3.1704 0.0084
3.2007 3.1160 3.1704 0.0084
3.2007 3.1160 3.1705 0.0084
3.2007 3.1160 3.1705 0.0084
3.2007 3.1160 3.1705 0.0084
3.2007 3.1160 3.1707 0.0085
3.2007 3.1160 3.1709 0.0087
3.2007 3.1160 3.1709 0.0087
3.2007 3.1160 3.1709 0.0087
3.2007 3.1160 3.1709 0.0087
3.2007 3.1160 3.1709 0.0087
3.2007 3.1160 3.1711 0.0088
3.2007 3.1160 3.1711 0.0088
3.2007 3.1160 3.1711 0.0088
3.2007 3.1160 3.1712 0.0089
3.2007 3.1160 3.1712 0.0089
3.2007 3.1160 3.1712 0.0089
3.2007 3.1160 3.1712 0.0089
3.2007 3.1160 3.1712 0.0089
3.2007 3.1160 3.1712 0.0089
3.2007 3.1160 3.1712 0.0089
3.2007 3.1160 3.1712 0.0089
3.2007 3.1160 3.1712 0.0089
3.2007 3.1160 3.1712 0.0089
3.2007 3.1160 3.1713 0.0089
3.2007 3.1160 3.1714 0.0090
3.2007 3.1160 3.1715 0.0090
3.2007 3.1160 3.1715 0.0090
3.2007 3.1160 3.1715 0.0090
3.2007 3.1160 3.1715 0.0090
3.2007 3.1160 3.1716 0.0090
3.2007 3.1160 3.1716 0.0090
3.2007 3.1160 3.1716 0.0090
3.2007 3.1160 3.1716 0.0090
3.2007 3.1160 3.1716 0.0090
3.2007 3.1160 3.1716 0.0090
3.2007 3.1160 3.1718 0.0091
3.2007 3.1160 3.1719 0.0091
3.2007 3.1160 3.1719 0.0091
3.2007 3.1160 3.1719 0.0091
3.2007 3.1160 3.1719 0.0091
3.2007 3.1160 3.1721 0.0092
3.2007 3.1652 3.1727 0.0073
3.2007 3.1652 3.1727 0.0073
3.2007 3.1652 3.1728 0.0073
3.2007 3.1652 3.1730 0.0074
3.2007 3.1652 3.1731 0.0074
3.2007 3.1652 3.1731 0.0074
3.2007 3.1652 3.1731 0.0074
3.2007 3.1652 3.1731 0.0074
3.2007 3.1652 3.1731 0.0074
3.2133 3.1652 3.1736 0.0083
3.2133 3.1652 3.1736 0.0083
3.2133 3.1652 3.1736 0.0083
3.2133 3.1652 3.1736 0.0083
3.2133 3.1652 3.1736 0.0083
3.2133 3.1652 3.1736 0.0083
3.2133 3.1652 3.1738 0.0085
3.2133 3.1652 3.1739 0.0084
3.2133 3.1652 3.1739 0.0084
3.2133 3.1652 3.1742 0.0088
3.2133 3.1652 3.1742 0.0088
3.2133 3.1652 3.1742 0.0088
3.2133 3.1652 3.1742 0.0088
3.2133 3.1652 3.1742 0.0088
3.2133 3.1652 3.1742 0.0088
3.2133 3.1652 3.1742 0.0088
3.2133 3.1652 3.1742 0.0088
3.2133 3.1652 3.1743 0.0089
3.2133 3.1652 3.1743 0.0089
3.2133 3.1652 3.1743 0.0089
3.2133 3.1652 3.1743 0.0089
3.2133 3.1652 3.1744 0.0089
3.2133 3.1652 3.1744 0.0089
3.2133 3.1652 3.1744 0.0089
3.2133 3.1652 3.1744 0.0089
3.2133 3.1652 3.1745 0.0089
3.2133 3.1652 3.1746 0.0093
3.2133 3.1652 3.1746 0.0093
3.2133 3.1652 3.1746 0.0093
3.2133 3.1652 3.1746 0.0093
3.2133 3.1652 3.1748 0.0094
3.2133 3.1652 3.1749 0.0095
3.2133 3.1652 3.1749 0.0095
3.2133 3.1652 3.1750 0.0095
3.2133 3.1652 3.1750 0.0095
3.2133 3.1652 3.1753 0.0097
3.2133 3.1652 3.1754 0.0097
3.2133 3.1652 3.1754 0.0097
3.2133 3.1652 3.1754 0.0096
3.2133 3.1652 3.1754 0.0096
3.2133 3.1652 3.1754 0.0096
3.2133 3.1652 3.1754 0.0096
3.2133 3.1652 3.1754 0.0096
3.2133 3.1652 3.1754 0.0096
3.2133 3.1652 3.1754 0.0096
3.2133 3.1652 3.1754 0.0096
3.2133 3.1652 3.1754 0.0096
3.2133 3.1652 3.1756 0.0098
3.2133 3.1652 3.1758 0.0098
3.2133 3.1652 3.1758 0.0098
3.2133 3.1652 3.1758 0.0098
3.2133 3.1652 3.1758 0.0098
3.2133 3.1652 3.1759 0.0098
3.2133 3.1652 3.1759 0.0098
3.2133 3.1652 3.1759 0.0098
3.2133 3.1652 3.1759 0.0099
3.2133 3.1652 3.1759 0.0099
3.2133 3.1652 3.1759 0.0098
3.2133 3.1652 3.1760 0.0099
3.2133 3.1652 3.1760 0.0099
3.2133 3.1652 3.1762 0.0101
3.2133 3.1652 3.1762 0.0101
3.2133 3.1652 3.1762 0.0101
3.2133 3.1652 3.1762 0.0101
3.2133 3.1652 3.1763 0.0101
3.2133 3.1652 3.1763 0.0101
3.2133 3.1652 3.1763 0.0101
3.2133 3.1652 3.1764 0.0101
3.2133 3.1652 3.1764 0.0101
3.2133 3.1652 3.1764 0.0101
3.2133 3.1652 3.1764 0.0101
3.2133 3.1652 3.1764 0.0101
3.2133 3.1652 3.1767 0.0101
3.2133 3.1652 3.1768 0.0101
3.2133 3.1652 3.1768 0.0101
3.2133 3.1652 3.1768 0.0101
3.2133 3.1652 3.1768 0.0101
3.2133 3.1652 3.1768 0.0101
3.2133 3.1652 3.1768 0.0101
3.2133 3.1652 3.1770 0.0101
3.2133 3.1652 3.1770 0.0101
3.2133 3.1652 3.1771 0.0101
3.2133 3.1652 3.1772 0.0100
3.2133 3.1652 3.1772 0.0100
3.2133 3.1652 3.1772 0.0100
3.2133 3.1652 3.1772 0.0100
3.2133 3.1652 3.1772 0.0100
3.2133 3.1652 3.1772 0.0100
3.2133 3.1652 3.1772 0.0100
3.2133 3.1652 3.1772 0.0100
3.2133 3.1652 3.1772 0.0100
3.2133 3.1652 3.1772 0.0100
3.2133 3.1652 3.1772 0.0100
3.2133 3.1652 3.1772 0.0100
3.2133 3.1652 3.1773 0.0100
3.2133 3.1652 3.1775 0.0100
3.2133 3.1652 3.1776 0.0100
3.2133 3.1652 3.1776 0.0100
3.2133 3.1652 3.1776 0.0100
3.2133 3.1652 3.1776 0.0100
3.2133 3.1652 3.1776 0.0100
3.2133 3.1652 3.1777 0.0099
3.2133 3.1652 3.1777 0.0099
3.2133 3.1652 3.1780 0.0101
3.2133 3.1652 3.1782 0.0100
3.2133 3.1652 3.1782 0.0100
3.2133 3.1652 3.1783 0.0100
3.2133 3.1652 3.1783 0.0100
3.2133 3.1652 3.1783 0.0100
3.2133 3.1652 3.1783 0.0099
3.2133 3.1652 3.1784 0.0100
3.2133 3.1652 3.1784 0.0100
3.2133 3.1652 3.1784 0.0100
3.2133 3.1652 3.1786 0.0100
3.2133 3.1652 3.1790 0.0103
3.2133 3.1652 3.1790 0.0103
3.2133 3.1652 3.1790 0.0103
3.2133 3.1652 3.1791 0.0103
3.2133 3.1652 3.1793 0.0102
3.2133 3.1652 3.1793 0.0102
3.2133 3.1652 3.1796 0.0105
3.2133 3.1652 3.1796 0.0105
3.2133 3.1652 3.1798 0.0106
3.2133 3.1652 3.1798 0.0106
3.2133 3.1652 3.1799 0.0106
3.2133 3.1652 3.1799 0.0106
3.2133 3.1652 3.1799 0.0106
3.2133 3.1652 3.1799 0.0106
3.2133 3.1652 3.1799 0.0106
3.2133 3.1652 3.1800 0.0106
3.2133 3.1652 3.1800 0.0106
3.2133 3.1652 3.1800 0.0106
3.2133 3.1652 3.1803 0.0110
3.2133 3.1652 3.1803 0.0110
3.2133 3.1652 3.1803 0.0110
3.2133 3.1652 3.1805 0.0112
3.2133 3.1652 3.1805 0.0112
3.2133 3.1652 3.1805 0.0112
3.2133 3.1652 3.1806 0.0113
3.2133 3.1652 3.1806 0.0113
3.2133 3.1652 3.1807 0.0114
3.2133 3.1652 3.1807 0.0114
3.2133 3.1652 3.1807 0.0114
3.2133 3.1652 3.1807 0.0114
3.2133 3.1652 3.1811 0.0115
3.2133 3.1652 3.1811 0.0115
3.2133 3.1652 3.1811 0.0115
3.2133 3.1652 3.1811 0.0115
3.2133 3.1652 3.1811 0.0115
3.2133 3.1652 3.1814 0.0117
3.2133 3.1652 3.1814 0.0117
3.2133 3.1652 3.1814 0.0117
3.2133 3.1652 3.1814 0.0117
3.2133 3.1652 3.1815 0.0117
3.2133 3.1652 3.1815 0.0117
3.2133 3.1652 3.1816 0.0117
3.2133 3.1652 3.1817 0.0116
3.2133 3.1652 3.1821 0.0120
3.2133 3.1652 3.1821 0.0120
3.2133 3.1652 3.1821 0.0120
3.2133 3.1652 3.1822 0.0121
3.2133 3.1652 3.1822 0.0121
3.2133 3.1652 3.1822 0.0121
3.2133 3.1652 3.1827 0.0124
3.2133 3.1652 3.1830 0.0125
3.2133 3.1652 3.1830 0.0125
3.2133 3.1652 3.1830 0.0125
3.2133 3.1652 3.1830 0.0125
3.2133 3.1652 3.1830 0.0125
3.2133 3.1652 3.1831 0.0126
3.2133 3.1652 3.1831 0.0125
3.2133 3.1652 3.1832 0.0126
3.2133 3.1652 3.1832 0.0126
3.2133 3.1652 3.1832 0.0126
3.2133 3.1652 3.1832 0.0126
3.2133 3.1652 3.1832 0.0126
3.2133 3.1652 3.1832 0.0126
3.2133 3.1652 3.1833 0.0128
3.2133 3.1652 3.1833 0.0128
3.2133 3.1652 3.1833 0.0128
3.2133 3.1652 3.1834 0.0127
3.2133 3.1652 3.1835 0.0126
3.2133 3.1652 3.1836 0.0128
3.2133 3.1652 3.1836 0.0128
3.2133 3.1652 3.1838 0.0130
3.2133 3.1652 3.1838 0.0130
3.2133 3.1652 3.1841 0.0131
3.2133 3.1652 3.1841 0.0131
3.2133 3.1652 3.1841 0.0131
3.2133 3.1652 3.1841 0.0131
3.2133 3.1652 3.1841 0.0130
3.2133 3.1652 3.1841 0.0130
3.2133 3.1652 3.1841 0.0130
3.2133 3.1652 3.1841 0.0130
3.2133 3.1652 3.1841 0.0130
3.2133 3.1652 3.1841 0.0130
3.2133 3.1652 3.1841 0.0130
3.2133 3.1652 3.1842 0.0129
3.2133 3.1657 3.1843 0.0128
3.2133 3.1657 3.1843 0.0128
3.2133 3.1657 3.1843 0.0128
3.2133 3.1657 3.1845 0.0128
3.2133 3.1657 3.1849 0.0129
3.2133 3.1657 3.1852 0.0129
3.2133 3.1657 3.1852 0.0129
3.2133 3.1657 3.1852 0.0129
3.2133 3.1657 3.1852 0.0129
3.2133 3.1657 3.1852 0.0129
3.2133 3.1657 3.1853 0.0128
3.2133 3.1657 3.1853 0.0128
3.2133 3.1657 3.1853 0.0128
3.2133 3.1657 3.1853 0.0127
3.2133 3.1657 3.1855 0.0127
3.2133 3.1657 3.1855 0.0127
3.2133 3.1657 3.1856 0.0126
3.2133 3.1657 3.1859 0.0128
3.2133 3.1657 3.1861 0.0126
3.2133 3.1657 3.1862 0.0127
3.2133 3.1657 3.1863 0.0128
3.2133 3.1657 3.1865 0.0128
3.2133 3.1657 3.1865 0.0128
3.2133 3.1657 3.1865 0.0128
3.2133 3.1657 3.1867 0.0126
3.2133 3.1657 3.1867 0.0126
3.2133 3.1657 3.1868 0.0127
3.2133 3.1657 3.1868 0.0127
3.2133 3.1657 3.1868 0.0127
3.2133 3.1657 3.1871 0.0127
3.2133 3.1657 3.1871 0.0127
3.2133 3.1657 3.1871 0.0127
3.2133 3.1657 3.1871 0.0127
3.2133 3.1660 3.1871 0.0127
3.2133 3.1660 3.1872 0.0126
3.2133 3.1660 3.1872 0.0126
3.2133 3.1660 3.1872 0.0126
3.2133 3.1660 3.1873 0.0126
3.2133 3.1660 3.1874 0.0126
3.2133 3.1660 3.1874 0.0126
3.2133 3.1660 3.1874 0.0126
3.2133 3.1660 3.1874 0.0125
3.2133 3.1660 3.1874 0.0125
3.2133 3.1660 3.1876 0.0126
3.2133 3.1660 3.1876 0.0126
3.2133 3.1660 3.1879 0.0126
3.2133 3.1660 3.1879 0.0125
3.2133 3.1660 3.1879 0.0125
3.2133 3.1660 3.1879 0.0125
3.2133 3.1660 3.1879 0.0125
3.2133 3.1660 3.1879 0.0125
3.2133 3.1660 3.1882 0.0126
3.2133 3.1660 3.1882 0.0126
3.2133 3.1660 3.1886 0.0125
3.2133 3.1660 3.1886 0.0125
3.2133 3.1660 3.1886 0.0125
3.2133 3.1660 3.1887 0.0126
3.2133 3.1660 3.1887 0.0125
3.2133 3.1660 3.1887 0.0125
3.2133 3.1660 3.1888 0.0125
3.2133 3.1660 3.1888 0.0125
3.2133 3.1660 3.1888 0.0125
3.2133 3.1660 3.1888 0.0125
3.2133 3.1660 3.1890 0.0124
3.2133 3.1660 3.1890 0.0124
3.2133 3.1660 3.1890 0.0124
3.2133 3.1660 3.1893 0.0125
3.2133 3.1660 3.1894 0.0125
3.2133 3.1660 3.1897 0.0127
3.2133 3.1660 3.1897 0.0127
3.2133 3.1660 3.1897 0.0127
3.2133 3.1660 3.1897 0.0127
3.2133 3.1660 3.1897 0.0127
3.2133 3.1660 3.1899 0.0128
3.2133 3.1660 3.1901 0.0127
3.2133 3.1660 3.1901 0.0127
3.2133 3.1660 3.1902 0.0127
3.2133 3.1660 3.1903 0.0127
3.2133 3.1660 3.1903 0.0127
3.2133 3.1660 3.1903 0.0127
3.2133 3.1660 3.1903 0.0127
3.2133 3.1660 3.1903 0.0127
3.2133 3.1660 3.1903 0.0128
3.2133 3.1660 3.1904 0.0128
3.2133 3.1660 3.1904 0.0128
3.2133 3.1660 3.1907 0.0128
3.2133 3.1660 3.1907 0.0128
3.2133 3.1660 3.1907 0.0128
3.2133 3.1660 3.1908 0.0129
3.2133 3.1660 3.1912 0.0130
3.2133 3.1660 3.1912 0.0130
3.2133 3.1660 3.1913 0.0128
3.2133 3.1660 3.1913 0.0128
3.2133 3.1660 3.1915 0.0129
3.2133 3.1660 3.1915 0.0129
3.2133 3.1660 3.1915 0.0129
3.2133 3.1660 3.1915 0.0129
3.2133 3.1660 3.1916 0.0129
3.2133 3.1660 3.1917 0.0128
3.2133 3.1662 3.1918 0.0126
3.2133 3.1662 3.1918 0.0126
3.2133 3.1662 3.1918 0.0126
3.2133 3.1662 3.1918 0.0126
3.2133 3.1662 3.1918 0.0126
3.2133 3.1662 3.1919 0.0126
3.2133 3.1662 3.1919 0.0126
3.2133 3.1662 3.1920 0.0126
3.2133 3.1662 3.1920 0.0126
3.2133 3.1662 3.1921 0.0127
3.2133 3.1662 3.1921 0.0127
3.2133 3.1662 3.1921 0.0126
3.2133 3.1662 3.1921 0.0126
3.2133 3.1662 3.1921 0.0126
3.2133 3.1662 3.1922 0.0126
3.2133 3.1662 3.1923 0.0126
3.2133 3.1662 3.1924 0.0125
3.2133 3.1662 3.1924 0.0125
3.2133 3.1662 3.1925 0.0126
3.2703 3.1662 3.1938 0.0166
3.2703 3.1662 3.1941 0.0164
3.2703 3.1662 3.1944 0.0164
3.2703 3.1662 3.1944 0.0164
3.2703 3.1662 3.1944 0.0164
3.2703 3.1662 3.1944 0.0164
3.2703 3.1662 3.1948 0.0165
3.2703 3.1662 3.1948 0.0165
3.2703 3.1662 3.1952 0.0164
3.2703 3.1662 3.1952 0.0164
3.2703 3.1662 3.1952 0.0164
3.2703 3.1662 3.1953 0.0165
3.2703 3.1662 3.1954 0.0164
3.2703 3.1662 3.1954 0.0164
3.2703 3.1662 3.1956 0.0163
3.2703 3.1662 3.1957 0.0163
3.2703 3.1662 3.1957 0.0163
3.2703 3.1662 3.1958 0.0163
3.2703 3.1662 3.1960 0.0161
3.2703 3.1662 3.1960 0.0161
3.2703 3.1662 3.1961 0.0161
3.2703 3.1662 3.1963 0.0166
3.2703 3.1662 3.1965 0.0164
3.2703 3.1662 3.1965 0.0164
3.2703 3.1662 3.1973 0.0180
3.2703 3.1662 3.1973 0.0180
3.2703 3.1662 3.1974 0.0180
3.2703 3.1662 3.1976 0.0178
3.2703 3.1662 3.1976 0.0178
3.2703 3.1662 3.1978 0.0177
3.2703 3.1662 3.1980 0.0175
3.2703 3.1662 3.1981 0.0175
3.2703 3.1662 3.1982 0.0175
3.2703 3.1662 3.1982 0.0175
3.2703 3.1662 3.1991 0.0185
3.2703 3.1662 3.1991 0.0185
3.2703 3.1662 3.1991 0.0186
3.2703 3.1662 3.1991 0.0186
3.2703 3.1662 3.1991 0.0186
3.2703 3.1662 3.1993 0.0186
3.2703 3.1662 3.2000 0.0199
3.2703 3.1662 3.2008 0.0211
3.2703 3.1662 3.2011 0.0209
3.2703 3.1662 3.2011 0.0209
3.2703 3.1662 3.2011 0.0209
3.2703 3.1662 3.2012 0.0208
3.2703 3.1662 3.2012 0.0208
3.2703 3.1662 3.2012 0.0208
3.2703 3.1662 3.2012 0.0208
3.2703 3.1662 3.2012 0.0208
3.2703 3.1662 3.2015 0.0207
3.2703 3.1662 3.2016 0.0207
3.2703 3.1662 3.2016 0.0207
3.2703 3.1662 3.2016 0.0206
3.2703 3.1662 3.2017 0.0206
3.2703 3.1662 3.2020 0.0205
3.2703 3.1662 3.2021 0.0205
3.2703 3.1662 3.2021 0.0205
3.2703 3.1662 3.2022 0.0205
3.2703 3.1662 3.2022 0.0205
3.2703 3.1662 3.2023 0.0205
3.2703 3.1662 3.2023 0.0205
3.2703 3.1662 3.2024 0.0205
3.2703 3.1741 3.2025 0.0203
3.2703 3.1741 3.2032 0.0213
3.2703 3.1741 3.2038 0.0223
3.2703 3.1741 3.2038 0.0223
3.2703 3.1741 3.2040 0.0222
3.2703 3.1741 3.2040 0.0222
3.2703 3.1741 3.2043 0.0221
3.2703 3.1741 3.2043 0.0221
3.2703 3.1741 3.2043 0.0221
3.2703 3.1741 3.2043 0.0221
3.2703 3.1741 3.2043 0.0221
3.2703 3.1741 3.2043 0.0221
3.2703 3.1741 3.2043 0.0221
3.2703 3.1741 3.2049 0.0230
3.2703 3.1741 3.2049 0.0230
3.2703 3.1741 3.2049 0.0230
3.2703 3.1741 3.2051 0.0229
3.2703 3.1741 3.2051 0.0229
3.2703 3.1741 3.2051 0.0229
3.2703 3.1741 3.2051 0.0229
3.2703 3.1741 3.2051 0.0229
3.2703 3.1741 3.2052 0.0229
3.2703 3.1741 3.2054 0.0228
3.2703 3.1741 3.2054 0.0228
3.2703 3.1741 3.2056 0.0227
3.2703 3.1741 3.2059 0.0226
3.2703 3.1741 3.2059 0.0226
3.2703 3.1741 3.2059 0.0226
3.2703 3.1741 3.2059 0.0226
3.2703 3.1741 3.2061 0.0224
3.2703 3.1741 3.2061 0.0224
3.2703 3.1741 3.2063 0.0223
3.2703 3.1741 3.2063 0.0223
3.2703 3.1741 3.2063 0.0223
3.2703 3.1741 3.2070 0.0232
3.2703 3.1741 3.2070 0.0232
3.2703 3.1741 3.2070 0.0232
3.2703 3.1741 3.2071 0.0232
3.2703 3.1741 3.2071 0.0232
3.2703 3.1741 3.2071 0.0232
3.2703 3.1741 3.2071 0.0232
3.2703 3.1741 3.2071 0.0232
3.2703 3.1741 3.2071 0.0232
3.2703 3.1741 3.2071 0.0232
3.2703 3.1741 3.2072 0.0231
3.2703 3.1741 3.2072 0.0231
3.2703 3.1741 3.2072 0.0231
3.2703 3.1741 3.2072 0.0231
3.2703 3.1741 3.2073 0.0231
3.2703 3.1741 3.2073 0.0231
3.2703 3.1741 3.2074 0.0230
3.2703 3.1741 3.2074 0.0230
3.2703 3.1741 3.2074 0.0230
3.2703 3.1741 3.2074 0.0230
3.2703 3.1741 3.2074 0.0230
3.2703 3.1741 3.2074 0.0230
3.2703 3.1741 3.2074 0.0230
3.2703 3.1741 3.2075 0.0230
3.2703 3.1741 3.2075 0.0230
3.2703 3.1741 3.2075 0.0230
3.2703 3.1741 3.2076 0.0230
3.2703 3.1741 3.2076 0.0230
3.2703 3.1741 3.2076 0.0230
3.2703 3.1741 3.2078 0.0228
3.2703 3.1741 3.2078 0.0228
3.2703 3.1741 3.2080 0.0227
3.2703 3.1741 3.2087 0.0231
3.2703 3.1741 3.2095 0.0238
3.2703 3.1741 3.2100 0.0241
3.2703 3.1741 3.2101 0.0241
3.2703 3.1741 3.2102 0.0240
3.2703 3.1741 3.2103 0.0240
3.2703 3.1741 3.2103 0.0240
3.2703 3.1741 3.2104 0.0240
3.2703 3.1741 3.2104 0.0239
3.2703 3.1741 3.2105 0.0239
3.2703 3.1741 3.2112 0.0243
3.2703 3.1741 3.2112 0.0243
3.2703 3.1741 3.2112 0.0243
3.2703 3.1741 3.2112 0.0243
3.2703 3.1741 3.2114 0.0243
3.2703 3.1741 3.2114 0.0243
3.2703 3.1741 3.2114 0.0243
3.2703 3.1741 3.2114 0.0243
3.2703 3.1741 3.2115 0.0242
3.2703 3.1741 3.2115 0.0242
3.2703 3.1741 3.2115 0.0242
3.2703 3.1741 3.2117 0.0241
3.2703 3.1741 3.2117 0.0241
3.2703 3.1741 3.2118 0.0241
3.2703 3.1741 3.2118 0.0241
3.2703 3.1741 3.2119 0.0240
3.2703 3.1741 3.2120 0.0240
3.2703 3.1741 3.2120 0.0240
3.2703 3.1741 3.2127 0.0246
3.2703 3.1741 3.2127 0.0246
3.2703 3.1741 3.2127 0.0246
3.2703 3.1741 3.2127 0.0246
3.2703 3.1741 3.2133 0.0252
3.2703 3.1741 3.2134 0.0252
3.2703 3.1741 3.2134 0.0252
3.2703 3.1741 3.2134 0.0252
3.2703 3.1741 3.2139 0.0256
3.2703 3.1741 3.2139 0.0256
3.2703 3.1741 3.2139 0.0256
3.2703 3.1741 3.2140 0.0255
3.2703 3.1741 3.2140 0.0255
3.2703 3.1741 3.2140 0.0255
3.2703 3.1741 3.2141 0.0255
3.2703 3.1741 3.2141 0.0255
3.2703 3.1741 3.2141 0.0255
3.2703 3.1741 3.2142 0.0255
3.2703 3.1741 3.2142 0.0255
3.2703 3.1741 3.2142 0.0255
3.2703 3.1741 3.2142 0.0255
3.2703 3.1741 3.2145 0.0252
3.2703 3.1741 3.2145 0.0252
3.2703 3.1741 3.2148 0.0250
3.2703 3.1741 3.2148 0.0250
3.2703 3.1741 3.2148 0.0249
3.2703 3.1741 3.2150 0.0248
3.2703 3.1741 3.2155 0.0251
3.2703 3.1741 3.2159 0.0254
3.2703 3.1741 3.2159 0.0254
3.2703 3.1741 3.2159 0.0254
3.2703 3.1741 3.2165 0.0258
3.2703 3.1741 3.2173 0.0261
3.2703 3.1741 3.2173 0.0261
3.2703 3.1741 3.2174 0.0261
3.2703 3.1741 3.2179 0.0264
3.2703 3.1741 3.2179 0.0264
3.2703 3.1741 3.2182 0.0261
3.2703 3.1741 3.2182 0.0261
3.2703 3.1741 3.2182 0.0261
3.2703 3.1741 3.2182 0.0261
3.2703 3.1741 3.2184 0.0260
3.2703 3.1741 3.2184 0.0260
3.2703 3.1741 3.2191 0.0260
3.2703 3.1741 3.2191 0.0260
3.2703 3.1741 3.2191 0.0260
3.2703 3.1741 3.2191 0.0260
3.2703 3.1741 3.2196 0.0262
3.2703 3.1741 3.2196 0.0262
3.2703 3.1741 3.2196 0.0262
3.2703 3.1741 3.2196 0.0262
3.2703 3.1741 3.2196 0.0263
3.2703 3.1741 3.2197 0.0262
3.2703 3.1741 3.2205 0.0266
3.2703 3.1741 3.2205 0.0266
3.2703 3.1741 3.2208 0.0266
3.2703 3.1741 3.2210 0.0264
3.2703 3.1741 3.2217 0.0267
3.2703 3.1741 3.2220 0.0271
3.2703 3.1741 3.2221 0.0270
3.2703 3.1741 3.2221 0.0270
3.2703 3.1741 3.2221 0.0270
3.2703 3.1741 3.2227 0.0273
3.2703 3.1741 3.2231 0.0274
3.2712 3.1741 3.2238 0.0277
3.2712 3.1741 3.2238 0.0277
3.2712 3.1741 3.2238 0.0277
3.2712 3.1741 3.2244 0.0280
3.2712 3.1741 3.2244 0.0280
3.2712 3.1741 3.2244 0.0280
3.2712 3.1741 3.2251 0.0283
3.2712 3.1741 3.2251 0.0283
3.2712 3.1741 3.2251 0.0283
3.2712 3.1741 3.2253 0.0283
3.2712 3.1741 3.2253 0.0283
3.2712 3.1741 3.2253 0.0283
3.2712 3.1741 3.2254 0.0283
3.2712 3.1741 3.2254 0.0283
3.2712 3.1741 3.2255 0.0282
3.2712 3.1741 3.2255 0.0282
3.2712 3.1741 3.2255 0.0282
3.2712 3.1741 3.2255 0.0282
3.2712 3.1741 3.2257 0.0284
3.2712 3.1741 3.2264 0.0287
3.2712 3.1741 3.2264 0.0287
3.2712 3.1741 3.2271 0.0289
3.2712 3.1741 3.2271 0.0289
3.2712 3.1741 3.2271 0.0288
3.2712 3.1741 3.2271 0.0288
3.2712 3.1741 3.2272 0.0287
3.2712 3.1741 3.2279 0.0290
3.2712 3.1741 3.2279 0.0290
3.2712 3.1741 3.2279 0.0290
3.2712 3.1741 3.2279 0.0290
3.2712 3.1741 3.2285 0.0292
3.2712 3.1741 3.2285 0.0292
3.2712 3.1741 3.2286 0.0293
3.2712 3.1741 3.2286 0.0293
3.2712 3.1741 3.2290 0.0294
3.2712 3.1741 3.2290 0.0294
3.2712 3.1741 3.2290 0.0294
3.2712 3.1741 3.2290 0.0294
3.2712 3.1741 3.2290 0.0294
3.2712 3.1741 3.2295 0.0295
3.2712 3.1741 3.2295 0.0294
3.2712 3.1741 3.2301 0.0297
3.2712 3.1741 3.2308 0.0298
3.2712 3.1741 3.2309 0.0299
3.2712 3.1741 3.2309 0.0299
3.2712 3.1741 3.2312 0.0299
3.2712 3.1741 3.2312 0.0299
3.2712 3.1741 3.2318 0.0301
3.2712 3.1741 3.2318 0.0301
3.2712 3.1741 3.2319 0.0302
3.2712 3.1741 3.2319 0.0302
3.2712 3.1741 3.2321 0.0304
3.2712 3.1741 3.2321 0.0304
3.2712 3.1786 3.2330 0.0299
3.2712 3.1786 3.2335 0.0301
3.2712 3.1786 3.2337 0.0303
3.2712 3.1786 3.2342 0.0301
3.2712 3.1786 3.2342 0.0301
3.2712 3.1786 3.2348 0.0302
3.2712 3.1786 3.2348 0.0302
3.2712 3.1786 3.2354 0.0301
3.2712 3.1786 3.2354 0.0301
3.2712 3.1786 3.2355 0.0302
3.2712 3.1786 3.2355 0.0302
3.2712 3.1786 3.2362 0.0302
3.2712 3.1786 3.2368 0.0301
3.2712 3.1786 3.2375 0.0301
3.2712 3.1786 3.2380 0.0301
3.2712 3.1786 3.2380 0.0302
3.2712 3.1786 3.2386 0.0302
3.2712 3.1786 3.2386 0.0302
3.2712 3.1786 3.2386 0.0302
3.2712 3.1786 3.2390 0.0303
3.2712 3.1786 3.2390 0.0304
3.2712 3.1786 3.2390 0.0304
3.2712 3.1786 3.2391 0.0303
3.2712 3.1786 3.2397 0.0304
3.2712 3.1786 3.2397 0.0304
3.2712 3.1786 3.2397 0.0304
3.2712 3.1786 3.2398 0.0302
3.2712 3.1786 3.2398 0.0302
3.2712 3.1786 3.2403 0.0303
3.2712 3.1786 3.2403 0.0303
3.2712 3.1786 3.2404 0.0303
3.2712 3.1786 3.2411 0.0302
3.2712 3.1786 3.2411 0.0302
3.2712 3.1786 3.2411 0.0302
3.2712 3.1786 3.2411 0.0302
3.2712 3.1786 3.2411 0.0301
3.2712 3.1786 3.2411 0.0301
3.2712 3.1786 3.2412 0.0301
3.2712 3.1786 3.2412 0.0301
3.2712 3.1786 3.2418 0.0301
3.2712 3.1786 3.2418 0.0301
3.2712 3.1786 3.2418 0.0301
3.2712 3.1786 3.2418 0.0301
3.2712 3.1786 3.2418 0.0301
3.2712 3.1786 3.2424 0.0300
3.2712 3.1786 3.2431 0.0299
3.2712 3.1786 3.2431 0.0299
3.2712 3.1786 3.2431 0.0299
3.2712 3.1786 3.2431 0.0299
3.2712 3.1786 3.2437 0.0298
3.2712 3.1786 3.2437 0.0298
3.2712 3.1786 3.2437 0.0298
3.2712 3.1786 3.2437 0.0298
3.2712 3.1786 3.2437 0.0298
3.2712 3.1786 3.2437 0.0298
3.2712 3.1786 3.2437 0.0298
3.2712 3.1786 3.2437 0.0298
3.2712 3.1786 3.2437 0.0298
3.2712 3.1786 3.2442 0.0297
3.2712 3.1786 3.2442 0.0297
3.2712 3.1786 3.2442 0.0297
3.2712 3.1786 3.2442 0.0297
3.2712 3.2007 3.2452 0.0291
3.2712 3.2007 3.2452 0.0291
3.2712 3.2007 3.2452 0.0291
3.2712 3.2007 3.2457 0.0290
3.2712 3.2007 3.2457 0.0290
3.2712 3.2007 3.2459 0.0291
3.2712 3.2007 3.2459 0.0291
3.2712 3.2007 3.2459 0.0291
3.2712 3.2007 3.2459 0.0291
3.2712 3.2007 3.2459 0.0291
3.2712 3.2007 3.2460 0.0292
3.2712 3.2007 3.2460 0.0292
3.2712 3.2007 3.2460 0.0292
3.2712 3.2007 3.2460 0.0292
3.2712 3.2007 3.2460 0.0292
3.2712 3.2007 3.2461 0.0292
3.2712 3.2007 3.2461 0.0292
3.2712 3.2007 3.2461 0.0292
3.2712 3.2007 3.2461 0.0292
3.2712 3.2007 3.2466 0.0290
3.2712 3.2007 3.2471 0.0288
3.2712 3.2007 3.2471 0.0288
3.2712 3.2007 3.2478 0.0286
3.2712 3.2007 3.2478 0.0286
3.2712 3.2007 3.2485 0.0284
3.2712 3.2007 3.2491 0.0281
3.2712 3.2007 3.2496 0.0279
3.2712 3.2007 3.2496 0.0279
3.2712 3.2007 3.2497 0.0278
3.2712 3.2007 3.2497 0.0279
3.2712 3.2007 3.2497 0.0279
3.2712 3.2007 3.2497 0.0279
3.2712 3.2007 3.2497 0.0279
3.2712 3.2007 3.2497 0.0279
3.2712 3.2007 3.2497 0.0279
3.2712 3.2007 3.2498 0.0279
3.2712 3.2007 3.2504 0.0276
3.2712 3.2007 3.2504 0.0276
3.2712 3.2007 3.2510 0.0275
3.2712 3.2007 3.2510 0.0275
3.2712 3.2007 3.2515 0.0271
3.2712 3.2007 3.2515 0.0271
3.2712 3.2007 3.2515 0.0271
3.2712 3.2007 3.2520 0.0268
3.2712 3.2007 3.2520 0.0268
3.2712 3.2007 3.2520 0.0268
3.2712 3.2007 3.2521 0.0269
3.2712 3.2007 3.2521 0.0269
3.2712 3.2007 3.2521 0.0269
3.2712 3.2007 3.2521 0.0269
3.2712 3.2007 3.2521 0.0269
3.2712 3.2007 3.2521 0.0269
3.2712 3.2007 3.2521 0.0269
3.2712 3.2007 3.2521 0.0269
3.2712 3.2007 3.2521 0.0269
3.2712 3.2007 3.2521 0.0269
3.2712 3.2007 3.2528 0.0264
3.2712 3.2007 3.2528 0.0264
3.2712 3.2007 3.2528 0.0264
3.2712 3.2007 3.2528 0.0265
3.2712 3.2007 3.2528 0.0265
3.2712 3.2007 3.2528 0.0265
3.2712 3.2007 3.2528 0.0265
3.2712 3.2007 3.2528 0.0265
3.2712 3.2007 3.2528 0.0265
3.2712 3.2007 3.2533 0.0260
3.2712 3.2007 3.2533 0.0260
3.2712 3.2007 3.2533 0.0260
3.2712 3.2007 3.2539 0.0258
3.2712 3.2007 3.2544 0.0255
3.2712 3.2007 3.2544 0.0255
3.2712 3.2007 3.2545 0.0253
3.2712 3.2007 3.2552 0.0249
3.2712 3.2007 3.2552 0.0249
3.2712 3.2007 3.2552 0.0249
3.2712 3.2007 3.2552 0.0249
3.2712 3.2007 3.2558 0.0245
3.2712 3.2007 3.2558 0.0245
3.2712 3.2007 3.2558 0.0245
3.2712 3.2007 3.2558 0.0245
3.2712 3.2007 3.2558 0.0245
3.2712 3.2007 3.2564 0.0241
3.2712 3.2007 3.2564 0.0241
3.2712 3.2007 3.2564 0.0241
3.2712 3.2007 3.2564 0.0241
3.2712 3.2007 3.2565 0.0241
3.2712 3.2007 3.2571 0.0237
3.2712 3.2007 3.2571 0.0237
3.2712 3.2007 3.2571 0.0237
3.2712 3.2007 3.2577 0.0232
3.2712 3.2007 3.2577 0.0232
3.2712 3.2007 3.2577 0.0232
3.2712 3.2007 3.2577 0.0232
3.2712 3.2007 3.2577 0.0232
3.2712 3.2007 3.2577 0.0232
3.2712 3.2007 3.2577 0.0232
3.2712 3.2007 3.2577 0.0232
3.2712 3.2007 3.2583 0.0226
3.2712 3.2007 3.2583 0.0226
3.2712 3.2007 3.2584 0.0226
3.2712 3.2007 3.2589 0.0220
3.2712 3.2007 3.2589 0.0220
3.2712 3.2007 3.2589 0.0220
3.2712 3.2007 3.2595 0.0213
3.2712 3.2007 3.2595 0.0213
3.2712 3.2007 3.2595 0.0213
3.2712 3.2007 3.2598 0.0208
3.2712 3.2007 3.2599 0.0208
3.2712 3.2007 3.2599 0.0208
3.2712 3.2007 3.2599 0.0208
3.2712 3.2007 3.2599 0.0208
3.2712 3.2007 3.2600 0.0208
3.2712 3.2007 3.2600 0.0208
3.2712 3.2007 3.2606 0.0201
3.2712 3.2007 3.2607 0.0202
3.2712 3.2007 3.2607 0.0202
3.2712 3.2007 3.2607 0.0202
3.2712 3.2007 3.2613 0.0194
3.2712 3.2007 3.2613 0.0194
3.2712 3.2007 3.2613 0.0194
3.2712 3.2007 3.2613 0.0194
3.2712 3.2007 3.2613 0.0194
3.2712 3.2007 3.2616 0.0194
3.2712 3.2007 3.2622 0.0186
3.2712 3.2007 3.2622 0.0186
3.2712 3.2007 3.2622 0.0186
3.2712 3.2007 3.2625 0.0180
3.2712 3.2007 3.2625 0.0180
3.2712 3.2007 3.2625 0.0180
3.2712 3.2007 3.2625 0.0180
3.2712 3.2007 3.2626 0.0180
3.2712 3.2007 3.2627 0.0180
3.2712 3.2007 3.2627 0.0180
3.2712 3.2007 3.2627 0.0180
3.2712 3.2007 3.2627 0.0180
3.2712 3.2007 3.2627 0.0180
3.2712 3.2007 3.2627 0.0180
3.2712 3.2007 3.2627 0.0180
3.2712 3.2007 3.2627 0.0181
3.2712 3.2007 3.2627 0.0181
3.2712 3.2007 3.2627 0.0181
3.2712 3.2007 3.2627 0.0181
3.2712 3.2007 3.2627 0.0181
3.2712 3.2007 3.2631 0.0173
3.2712 3.2007 3.2631 0.0173
3.2712 3.2007 3.2637 0.0165
3.2712 3.2007 3.2637 0.0165
3.2712 3.2007 3.2637 0.0165
3.2712 3.2007 3.2637 0.0165
3.2712 3.2007 3.2637 0.0165
3.2712 3.2007 3.2637 0.0165
3.2712 3.2007 3.2637 0.0165
3.2712 3.2007 3.2637 0.0165
3.2712 3.2007 3.2642 0.0157
3.2712 3.2007 3.2642 0.0157
3.2712 3.2007 3.2642 0.0157
3.2712 3.2007 3.2642 0.0157
3.2712 3.2007 3.2642 0.0157
3.2712 3.2007 3.2642 0.0157
3.2712 3.2007 3.2642 0.0157
3.2712 3.2007 3.2642 0.0157
3.2712 3.2007 3.2648 0.0146
3.2712 3.2007 3.2648 0.0146
3.2712 3.2007 3.2648 0.0146
3.2712 3.2007 3.2648 0.0146
3.2712 3.2007 3.2648 0.0146
3.2712 3.2007 3.2648 0.0146
3.2712 3.2007 3.2648 0.0146
3.2712 3.2007 3.2648 0.0146
3.2712 3.2007 3.2649 0.0146
3.2712 3.2007 3.2649 0.0146
3.2712 3.2007 3.2649 0.0146
3.2712 3.2007 3.2649 0.0146
3.2712 3.2007 3.2649 0.0146
3.2712 3.2007 3.2649 0.0146
3.2712 3.2007 3.2649 0.0146
3.2712 3.2007 3.2651 0.0145
3.2712 3.2007 3.2651 0.0145
3.2712 3.2007 3.2656 0.0136
3.2712 3.2007 3.2656 0.0136
3.2712 3.2007 3.2656 0.0136
3.2712 3.2007 3.2656 0.0136
3.2712 3.2007 3.2656 0.0136
3.2712 3.2007 3.2662 0.0126
3.2712 3.2007 3.2662 0.0126
3.2712 3.2007 3.2662 0.0126
3.2712 3.2007 3.2662 0.0126
3.2712 3.2007 3.2662 0.0126
3.2712 3.2007 3.2662 0.0126
3.2712 3.2007 3.2662 0.0126
3.2712 3.2007 3.2662 0.0126
3.2712 3.2007 3.2662 0.0126
3.2712 3.2007 3.2662 0.0126
3.2712 3.2007 3.2662 0.0126
3.2712 3.2007 3.2662 0.0126
3.2712 3.2007 3.2662 0.0126
3.2712 3.2007 3.2664 0.0126
3.2712 3.2007 3.2664 0.0126
3.2712 3.2007 3.2664 0.0126
3.2712 3.2007 3.2664 0.0126
3.2712 3.2007 3.2664 0.0126
3.2712 3.2007 3.2664 0.0126
3.2712 3.2007 3.2664 0.0126
3.2712 3.2007 3.2664 0.0126
3.2712 3.2007 3.2666 0.0124
3.2712 3.2007 3.2666 0.0124
3.2712 3.2007 3.2666 0.0124
3.2712 3.2007 3.2666 0.0124
3.2712 3.2007 3.2666 0.0124
3.2712 3.2007 3.2666 0.0124
3.2712 3.2007 3.2666 0.0124
3.2712 3.2007 3.2666 0.0124
3.2712 3.2007 3.2666 0.0124
3.2712 3.2007 3.2666 0.0124
3.2712 3.2007 3.2667 0.0124
3.2712 3.2007 3.2667 0.0124
3.2712 3.2007 3.2667 0.0124
3.2712 3.2007 3.2667 0.0124
3.2712 3.2007 3.2668 0.0124
3.2712 3.2007 3.2668 0.0124
3.2712 3.2007 3.2668 0.0124
3.2712 3.2007 3.2668 0.0124
3.2712 3.2007 3.2668 0.0124
3.2712 3.2007 3.2668 0.0124
3.2712 3.2007 3.2668 0.0124
3.2712 3.2007 3.2668 0.0124
3.2712 3.2007 3.2668 0.0124
3.2712 3.2007 3.2668 0.0124
3.2712 3.2007 3.2668 0.0124
3.2712 3.2007 3.2670 0.0121
3.2712 3.2007 3.2670 0.0121
3.2712 3.2007 3.2670 0.0121
3.2712 3.2007 3.2670 0.0121
3.2712 3.2007 3.2670 0.0121
3.2712 3.2007 3.2670 0.0121
3.2712 3.2007 3.2671 0.0121
3.2712 3.2007 3.2671 0.0121
3.2712 3.2007 3.2671 0.0121
3.2712 3.2007 3.2674 0.0110
3.2712 3.2007 3.2674 0.0110
3.2712 3.2007 3.2674 0.0110
3.2712 3.2007 3.2677 0.0105
3.2712 3.2007 3.2677 0.0105
3.2712 3.2007 3.2677 0.0105
3.2712 3.2007 3.2677 0.0105
3.2712 3.2007 3.2677 0.0105
3.2712 3.2007 3.2677 0.0105
3.2712 3.2007 3.2677 0.0105
3.2712 3.2007 3.2677 0.0105
3.2712 3.2007 3.2677 0.0105
3.2712 3.2007 3.2677 0.0105
3.2712 3.2007 3.2677 0.0105
3.2712 3.2007 3.2677 0.0105
3.2712 3.2007 3.2678 0.0105
3.2712 3.2007 3.2679 0.0104
3.2712 3.2007 3.2679 0.0104
3.2712 3.2007 3.2679 0.0104
3.2712 3.2007 3.2680 0.0104
3.2712 3.2007 3.2680 0.0104
3.2712 3.2007 3.2680 0.0104
3.2712 3.2007 3.2680 0.0104
3.2712 3.2007 3.2680 0.0104
3.2712 3.2007 3.2680 0.0104
3.2712 3.2007 3.2681 0.0102
3.2712 3.2007 3.2681 0.0102
3.2712 3.2007 3.2681 0.0102
3.2712 3.2007 3.2681 0.0102
3.2712 3.2007 3.2681 0.0102
3.2712 3.2007 3.2681 0.0102
3.2712 3.2007 3.2684 0.0098
3.2712 3.2007 3.2684 0.0098
3.2712 3.2007 3.2684 0.0098
3.2712 3.2007 3.2684 0.0098
3.2712 3.2007 3.2684 0.0098
3.2712 3.2007 3.2684 0.0098
3.2712 3.2007 3.2684 0.0098
3.2712 3.2007 3.2684 0.0098
3.2712 3.2007 3.2684 0.0098
3.2712 3.2007 3.2684 0.0098
3.2712 3.2007 3.2684 0.0098
3.2712 3.2007 3.2684 0.0098
3.2712 3.2007 3.2684 0.0098
3.2712 3.2007 3.2684 0.0098
3.2712 3.2007 3.2685 0.0098
3.2712 3.2007 3.2685 0.0098
3.2712 3.2007 3.2685 0.0098
3.2712 3.2007 3.2685 0.0098
3.2712 3.2007 3.2685 0.0098
3.2712 3.2007 3.2685 0.0098
3.2712 3.2007 3.2685 0.0098
3.2712 3.2007 3.2685 0.0098
3.2712 3.2007 3.2685 0.0098
3.2712 3.2007 3.2685 0.0098
3.2712 3.2007 3.2685 0.0098
3.2712 3.2007 3.2685 0.0098
3.2712 3.2007 3.2685 0.0098
3.2712 3.2007 3.2685 0.0098
3.2712 3.2007 3.2685 0.0098
3.2712 3.2007 3.2685 0.0098
3.2712 3.2007 3.2685 0.0098
3.2712 3.2007 3.2685 0.0098
3.2712 3.2007 3.2685 0.0098
3.2712 3.2007 3.2685 0.0098
3.2712 3.2007 3.2685 0.0098
3.2712 3.2007 3.2686 0.0098
3.2712 3.2007 3.2686 0.0098
3.2712 3.2007 3.2686 0.0098
3.2712 3.2007 3.2686 0.0098
3.2712 3.2007 3.2686 0.0098
3.2712 3.2007 3.2686 0.0098
3.2712 3.2007 3.2686 0.0098
3.2712 3.2007 3.2686 0.0098
3.2712 3.2007 3.2686 0.0098
3.2712 3.2007 3.2686 0.0098
3.2712 3.2007 3.2686 0.0098
3.2712 3.2007 3.2686 0.0098
3.2712 3.2007 3.2686 0.0098
3.2712 3.2007 3.2686 0.0098
3.2712 3.2007 3.2686 0.0098
3.2712 3.2007 3.2686 0.0098
3.2712 3.2007 3.2686 0.0098
3.2712 3.2007 3.2686 0.0098
3.2712 3.2007 3.2686 0.0098
3.2712 3.2007 3.2687 0.0097
3.2712 3.2007 3.2687 0.0097
3.2712 3.2007 3.2687 0.0097
3.2712 3.2007 3.2687 0.0097
3.2712 3.2007 3.2687 0.0097
3.2712 3.2007 3.2689 0.0096
3.2712 3.2007 3.2689 0.0096
3.2712 3.2007 3.2689 0.0096
3.2712 3.2007 3.2689 0.0096
3.2712 3.2007 3.2689 0.0096
3.2712 3.2007 3.2689 0.0096
3.2712 3.2007 3.2689 0.0096
3.2712 3.2007 3.2689 0.0096
3.2712 3.2007 3.2690 0.0096
3.2712 3.2007 3.2690 0.0096
3.2712 3.2062 3.2697 0.0067
3.2712 3.2062 3.2697 0.0067
3.2712 3.2062 3.2697 0.0067
3.2712 3.2062 3.2697 0.0067
3.2712 3.2062 3.2697 0.0067
3.2712 3.2062 3.2697 0.0067
3.2712 3.2062 3.2697 0.0067
3.2712 3.2062 3.2697 0.0067
3.2712 3.2062 3.2697 0.0067
3.2712 3.2062 3.2697 0.0067
3.2712 3.2062 3.2697 0.0067
3.2712 3.2062 3.2697 0.0067
3.2712 3.2062 3.2697 0.0067
3.2712 3.2062 3.2697 0.0067
3.2712 3.2062 3.2697 0.0067
3.2712 3.2062 3.2697 0.0067
3.2712 3.2062 3.2697 0.0067
3.2712 3.2062 3.2697 0.0067
3.2712 3.2062 3.2697 0.0067
3.2712 3.2062 3.2697 0.0067
3.2712 3.2062 3.2697 0.0067
3.2712 3.2062 3.2698 0.0065
3.2712 3.2062 3.2698 0.0065
3.2712 3.2062 3.2698 0.0065
3.2712 3.2062 3.2698 0.0065
3.2712 3.2062 3.2698 0.0065
3.2712 3.2062 3.2698 0.0065
3.2712 3.2062 3.2698 0.0065
3.2712 3.2062 3.2698 0.0065
3.2712 3.2062 3.2698 0.0065
3.2712 3.2062 3.2698 0.0065
3.2712 3.2062 3.2698 0.0065
3.2712 3.2062 3.2698 0.0065
3.2712 3.2062 3.2698 0.0065
3.2712 3.2062 3.2699 0.0065
3.2712 3.2062 3.2699 0.0065
3.2712 3.2062 3.2699 0.0065
3.2712 3.2062 3.2699 0.0065
3.2712 3.2062 3.2699 0.0065
3.2712 3.2062 3.2699 0.0065
3.2712 3.2062 3.2699 0.0065
3.2712 3.2062 3.2699 0.0065
3.2712 3.2062 3.2699 0.0065
3.2712 3.2062 3.2699 0.0065
3.2712 3.2062 3.2699 0.0065
3.2712 3.2062 3.2700 0.0065
3.2712 3.2062 3.2700 0.0065
3.2712 3.2062 3.2700 0.0065
3.2712 3.2062 3.2700 0.0065
3.2712 3.2062 3.2700 0.0065
3.2712 3.2062 3.2700 0.0065
3.2712 3.2062 3.2700 0.0065
3.2712 3.2062 3.2700 0.0065
3.2712 3.2062 3.2700 0.0065
3.2712 3.2062 3.2700 0.0065
3.2712 3.2062 3.2700 0.0065
3.2712 3.2062 3.2700 0.0065
3.2712 3.2062 3.2700 0.0065
3.2712 3.2062 3.2700 0.0065
3.2712 3.2062 3.2701 0.0065
3.2712 3.2062 3.2701 0.0065
3.2712 3.2062 3.2701 0.0065
3.2712 3.2062 3.2701 0.0065
3.2712 3.2062 3.2701 0.0065
3.2712 3.2062 3.2701 0.0065
3.2712 3.2062 3.2701 0.0065
3.2712 3.2062 3.2701 0.0065
3.2712 3.2062 3.2701 0.0065
3.2712 3.2062 3.2701 0.0065
3.2712 3.2062 3.2701 0.0065
3.2712 3.2062 3.2701 0.0065
3.2712 3.2062 3.2701 0.0065
3.2712 3.2062 3.2701 0.0065
3.2712 3.2062 3.2701 0.0065
3.2712 3.2062 3.2701 0.0065
3.2712 3.2062 3.2701 0.0065
3.2712 3.2062 3.2701 0.0065
3.2712 3.2062 3.2701 0.0065
3.2712 3.2062 3.2701 0.0065
3.2712 3.2062 3.2701 0.0065
3.2712 3.2062 3.2701 0.0065
3.2712 3.2062 3.2701 0.0065
3.2712 3.2062 3.2701 0.0065
3.2712 3.2062 3.2701 0.0065
3.2712 3.2062 3.2701 0.0065
3.2712 3.2062 3.2701 0.0065
3.2712 3.2062 3.2701 0.0065
3.2712 3.2062 3.2701 0.0065
3.2712 3.2062 3.2701 0.0065
3.2712 3.2062 3.2701 0.0065
3.2712 3.2062 3.2701 0.0065
3.2712 3.2062 3.2701 0.0065
3.2712 3.2062 3.2701 0.0065
3.2712 3.2062 3.2701 0.0065
3.2712 3.2062 3.2701 0.0065
3.2712 3.2062 3.2701 0.0065
3.2712 3.2062 3.2701 0.0065
3.2712 3.2062 3.2701 0.0065
3.2712 3.2062 3.2701 0.0065
3.2712 3.2062 3.2701 0.0065
3.2712 3.2062 3.2701 0.0065
3.2712 3.2062 3.2701 0.0065
3.2712 3.2062 3.2701 0.0065
3.2712 3.2062 3.2701 0.0065
3.2712 3.2062 3.2701 0.0065
3.2712 3.2062 3.2701 0.0065
3.2712 3.2062 3.2701 0.0065
3.2712 3.2062 3.2701 0.0065
3.2712 3.2062 3.2701 0.0065
3.2712 3.2062 3.2701 0.0065
3.2712 3.2062 3.2702 0.0065
3.2712 3.2062 3.2702 0.0065
3.2712 3.2062 3.2702 0.0065
3.2712 3.2062 3.2702 0.0065
3.2712 3.2062 3.2702 0.0065
3.2712 3.2062 3.2702 0.0065
3.2712 3.2062 3.2702 0.0065
3.2712 3.2062 3.2702 0.0065
3.2712 3.2062 3.2702 0.0065
3.2712 3.2062 3.2702 0.0065
3.2712 3.2062 3.2702 0.0065
3.2712 3.2062 3.2702 0.0065
3.2712 3.2062 3.2702 0.0065
3.2712 3.2062 3.2702 0.0065
3.2712 3.2062 3.2702 0.0065
3.2712 3.2062 3.2702 0.0065
3.2712 3.2062 3.2702 0.0065
3.2712 3.2062 3.2702 0.0065
3.2712 3.2062 3.2702 0.0065
3.2712 3.2062 3.2702 0.0065
3.2712 3.2062 3.2702 0.0065
3.2712 3.2062 3.2702 0.0065
3.2712 3.2062 3.2702 0.0065
3.2712 3.2062 3.2702 0.0065
3.2712 3.2062 3.2702 0.0065
3.2712 3.2062 3.2702 0.0065
3.2712 3.2062 3.2702 0.0065
3.2712 3.2062 3.2702 0.0065
3.2712 3.2062 3.2702 0.0065
3.2712 3.2062 3.2702 0.0065
3.2712 3.2062 3.2702 0.0065
3.2712 3.2062 3.2702 0.0065
3.2712 3.2062 3.2702 0.0065
3.2712 3.2062 3.2702 0.0065
3.2712 3.2062 3.2702 0.0065
3.2712 3.2062 3.2702 0.0065
3.2712 3.2062 3.2702 0.0065
3.2712 3.2062 3.2702 0.0065
3.2712 3.2062 3.2702 0.0065
3.2712 3.2062 3.2702 0.0065
3.2712 3.2062 3.2702 0.0065
3.2712 3.2062 3.2702 0.0065
3.2712 3.2062 3.2702 0.0065
3.2712 3.2062 3.2702 0.0065
3.2712 3.2062 3.2702 0.0065
3.2712 3.2062 3.2702 0.0065
3.2712 3.2062 3.2702 0.0065
3.2712 3.2062 3.2702 0.0065
3.2712 3.2062 3.2702 0.0065
3.2712 3.2062 3.2702 0.0065
3.2712 3.2062 3.2702 0.0065
3.2712 3.2062 3.2702 0.0065
3.2712 3.2062 3.2702 0.0065
3.2712 3.2062 3.2702 0.0065
3.2712 3.2062 3.2702 0.0065
3.2712 3.2062 3.2702 0.0065
3.2712 3.2062 3.2702 0.0065
3.2712 3.2062 3.2702 0.0065
3.2712 3.2062 3.2702 0.0065
3.2712 3.2062 3.2702 0.0065
3.2712 3.2062 3.2702 0.0065
3.2712 3.2062 3.2702 0.0065
3.2712 3.2062 3.2702 0.0065
3.2712 3.2062 3.2702 0.0065
3.2712 3.2062 3.2702 0.0065
3.2712 3.2062 3.2702 0.0065
3.2712 3.2062 3.2702 0.0065
3.2712 3.2062 3.2703 0.0065
3.2712 3.2062 3.2703 0.0065
3.2712 3.2062 3.2703 0.0065
3.2712 3.2062 3.2703 0.0065
3.2712 3.2062 3.2703 0.0065
3.2712 3.2062 3.2703 0.0065
3.2712 3.2062 3.2703 0.0065
3.2712 3.2062 3.2703 0.0065
3.2712 3.2062 3.2703 0.0065
3.2712 3.2062 3.2703 0.0065
3.2712 3.2062 3.2703 0.0065
3.2712 3.2062 3.2703 0.0065
3.2712 3.2062 3.2703 0.0065
3.2712 3.2062 3.2703 0.0065
3.2712 3.2062 3.2703 0.0065
3.2712 3.2062 3.2703 0.0065
3.2712 3.2062 3.2703 0.0065
3.2712 3.2062 3.2703 0.0065
3.2712 3.2062 3.2703 0.0065
3.2712 3.2062 3.2703 0.0065
3.2712 3.2062 3.2703 0.0065
3.2712 3.2062 3.2703 0.0065
3.2712 3.2062 3.2703 0.0065
3.2712 3.2062 3.2703 0.0065
3.2712 3.2062 3.2703 0.0065
3.2712 3.2062 3.2703 0.0065
3.2712 3.2062 3.2703 0.0065
3.2712 3.2062 3.2703 0.0065
3.2712 3.2062 3.2703 0.0065
3.2712 3.2062 3.2703 0.0065
3.2712 3.2062 3.2703 0.0065
3.2712 3.2062 3.2703 0.0065
3.2712 3.2062 3.2703 0.0065
3.2712 3.2062 3.2703 0.0065
3.2712 3.2062 3.2703 0.0065
3.2712 3.2062 3.2703 0.0065
3.2712 3.2062 3.2704 0.0065
3.2712 3.2062 3.2704 0.0065
3.2712 3.2062 3.2704 0.0065
3.2712 3.2062 3.2704 0.0065
3.2712 3.2062 3.2704 0.0065
3.2712 3.2062 3.2704 0.0065
3.2712 3.2062 3.2704 0.0065
3.2712 3.2062 3.2704 0.0065
3.2712 3.2062 3.2704 0.0065
3.2712 3.2062 3.2704 0.0065
3.2712 3.2062 3.2704 0.0065
3.2712 3.2062 3.2704 0.0065
3.2712 3.2062 3.2704 0.0065
3.2712 3.2062 3.2704 0.0065
3.2712 3.2062 3.2704 0.0065
3.2712 3.2062 3.2704 0.0065
3.2712 3.2062 3.2704 0.0065
3.2712 3.2062 3.2704 0.0065
3.2712 3.2062 3.2704 0.0065
3.2712 3.2062 3.2704 0.0065
3.2712 3.2062 3.2704 0.0065
3.2712 3.2062 3.2704 0.0065
3.2712 3.2062 3.2704 0.0065
3.2712 3.2062 3.2704 0.0065
3.2712 3.2062 3.2704 0.0065
3.2712 3.2062 3.2704 0.0065
3.2712 3.2062 3.2704 0.0065
3.2712 3.2062 3.2704 0.0065
3.2712 3.2062 3.2704 0.0065
3.2712 3.2062 3.2704 0.0065
3.2712 3.2062 3.2704 0.0065
3.2712 3.2062 3.2704 0.0065
3.2712 3.2062 3.2704 0.0065
3.2712 3.2062 3.2704 0.0065
3.2712 3.2062 3.2704 0.0065
3.2712 3.2062 3.2704 0.0065
3.2712 3.2062 3.2704 0.0065
3.2712 3.2062 3.2704 0.0065
3.2712 3.2062 3.2704 0.0065
3.2712 3.2062 3.2704 0.0065
3.2712 3.2062 3.2704 0.0065
3.2712 3.2062 3.2704 0.0065
3.2712 3.2062 3.2704 0.0065
3.2712 3.2062 3.2704 0.0065
3.2712 3.2062 3.2704 0.0065
3.2712 3.2062 3.2704 0.0065
3.2712 3.2062 3.2704 0.0065
3.2712 3.2062 3.2704 0.0065
3.2712 3.2062 3.2704 0.0065
3.2712 3.2062 3.2704 0.0065
3.2712 3.2062 3.2704 0.0065
3.2712 3.2062 3.2704 0.0065
3.2712 3.2062 3.2704 0.0065
3.2712 3.2062 3.2704 0.0065
3.2712 3.2062 3.2704 0.0065
3.2712 3.2062 3.2704 0.0065
3.2712 3.2062 3.2704 0.0065
3.2712 3.2703 3.2711 0.0003
3.2712 3.2703 3.2711 0.0003
3.2712 3.2703 3.2711 0.0003
3.2712 3.2703 3.2711 0.0003
3.2712 3.2703 3.2711 0.0003
3.2712 3.2703 3.2711 0.0003
3.2712 3.2703 3.2711 0.0003
3.2712 3.2703 3.2711 0.0003
3.2712 3.2703 3.2711 0.0003
3.2712 3.2703 3.2711 0.0003
3.2712 3.2703 3.2711 0.0002
3.2712 3.2703 3.2711 0.0002
3.2712 3.2703 3.2711 0.0002
3.2712 3.2703 3.2711 0.0002
3.2712 3.2703 3.2711 0.0002
3.2712 3.2703 3.2711 0.0002
3.2712 3.2703 3.2711 0.0002
3.2712 3.2703 3.2711 0.0002
3.2712 3.2703 3.2711 0.0002
3.2712 3.2703 3.2711 0.0002
3.2712 3.2703 3.2711 0.0002
3.2712 3.2703 3.2711 0.0002
3.2712 3.2703 3.2711 0.0002
3.2712 3.2703 3.2711 0.0002
3.2712 3.2703 3.2711 0.0002
3.2712 3.2703 3.2711 0.0002
3.2712 3.2703 3.2711 0.0002
3.2712 3.2703 3.2711 0.0002
3.2712 3.2703 3.2711 0.0002
3.2712 3.2703 3.2711 0.0002
3.2712 3.2703 3.2711 0.0002
3.2712 3.2703 3.2711 0.0002
3.2712 3.2703 3.2711 0.0002
3.2712 3.2703 3.2711 0.0002
3.2712 3.2703 3.2711 0.0002
3.2712 3.2703 3.2711 0.0002
3.2712 3.2703 3.2711 0.0002
3.2712 3.2703 3.2711 0.0002
3.2712 3.2703 3.2711 0.0002
3.2712 3.2703 3.2711 0.0002
3.2712 3.2703 3.2711 0.0002
3.2712 3.2703 3.2711 0.0002
3.2712 3.2703 3.2711 0.0002
3.2712 3.2703 3.2711 0.0002
3.2712 3.2703 3.2711 0.0002
3.2712 3.2703 3.2711 0.0002
3.2712 3.2703 3.2711 0.0002
3.2712 3.2703 3.2711 0.0002
3.2712 3.2703 3.2711 0.0002
3.2712 3.2703 3.2711 0.0002
3.2712 3.2703 3.2711 0.0002
3.2712 3.2703 3.2711 0.0002
3.2712 3.2703 3.2711 0.0002
3.2712 3.2703 3.2711 0.0002
3.2712 3.2703 3.2711 0.0002
3.2712 3.2703 3.2711 0.0002
3.2712 3.2703 3.2711 0.0002
3.2712 3.2703 3.2711 0.0002
3.2712 3.2703 3.2711 0.0002
3.2712 3.2703 3.2711 0.0002
3.2712 3.2703 3.2711 0.0002
3.2712 3.2703 3.2711 0.0002
3.2712 3.2703 3.2711 0.0002
3.2712 3.2703 3.2711 0.0002
3.2712 3.2703 3.2711 0.0002
3.2712 3.2703 3.2711 0.0002
3.2712 3.2703 3.2711 0.0002
3.2712 3.2703 3.2711 0.0002
3.2712 3.2703 3.2711 0.0002
3.2712 3.2703 3.2711 0.0002
3.2712 3.2703 3.2711 0.0002
3.2712 3.2703 3.2711 0.0002
3.2712 3.2703 3.2711 0.0002
3.2712 3.2703 3.2711 0.0002
3.2712 3.2703 3.2711 0.0002
3.2712 3.2703 3.2711 0.0002
3.2712 3.2703 3.2711 0.0002
3.2712 3.2703 3.2711 0.0002
3.2712 3.2703 3.2711 0.0002
3.2712 3.2703 3.2711 0.0002
3.2712 3.2703 3.2711 0.0002
3.2712 3.2703 3.2711 0.0002
3.2712 3.2703 3.2711 0.0002
3.2712 3.2703 3.2711 0.0002
3.2712 3.2703 3.2711 0.0001
3.2712 3.2703 3.2711 0.0001
3.2712 3.2703 3.2711 0.0001
3.2712 3.2703 3.2711 0.0001
3.2712 3.2703 3.2711 0.0001
3.2712 3.2703 3.2711 0.0001
3.2712 3.2703 3.2711 0.0001
3.2712 3.2703 3.2711 0.0001
3.2712 3.2703 3.2711 0.0001
3.2712 3.2703 3.2711 0.0001
3.2712 3.2703 3.2711 0.0001
3.2712 3.2703 3.2711 0.0001
3.2712 3.2703 3.2711 0.0001
3.2712 3.2703 3.2711 0.0001
3.2712 3.2703 3.2711 0.0001
3.2712 3.2703 3.2711 0.0001
3.2712 3.2703 3.2711 0.0001
3.2712 3.2703 3.2711 0.0001
3.2712 3.2703 3.2711 0.0001
3.2712 3.2703 3.2711 0.0001
3.2712 3.2703 3.2711 0.0001
3.2712 3.2703 3.2711 0.0001
3.2712 3.2703 3.2711 0.0001
3.2712 3.2703 3.2711 0.0001
3.2712 3.2703 3.2711 0.0001
3.2712 3.2703 3.2711 0.0001
3.2712 3.2703 3.2711 0.0001
3.2712 3.2703 3.2711 0.0001
3.2712 3.2703 3.2711 0.0001
3.2712 3.2703 3.2711 0.0001
3.2712 3.2703 3.2711 0.0001
3.2712 3.2703 3.2711 0.0001
3.2712 3.2703 3.2711 0.0001
3.2712 3.2703 3.2711 0.0001
3.2712 3.2703 3.2711 0.0001
3.2712 3.2703 3.2711 0.0001
3.2712 3.2703 3.2711 0.0001
3.2712 3.2703 3.2711 0.0001
3.2712 3.2703 3.2711 0.0001
3.2712 3.2703 3.2711 0.0001
3.2712 3.2703 3.2711 0.0001
3.2712 3.2703 3.2711 0.0001
3.2712 3.2703 3.2711 0.0001
3.2712 3.2703 3.2711 0.0001
3.2712 3.2703 3.2711 0.0001
3.2712 3.2703 3.2711 0.0001
3.2712 3.2703 3.2711 0.0001
3.2712 3.2703 3.2711 0.0001
3.2712 3.2703 3.2711 0.0001
3.2712 3.2703 3.2711 0.0001
3.2712 3.2703 3.2711 0.0001
3.2712 3.2703 3.2711 0.0001
3.2712 3.2703 3.2711 0.0001
3.2712 3.2703 3.2711 0.0001
3.2712 3.2703 3.2711 0.0001
3.2712 3.2703 3.2711 0.0001
3.2712 3.2703 3.2711 0.0001
3.2712 3.2703 3.2711 0.0001
3.2712 3.2703 3.2711 0.0001
3.2712 3.2703 3.2711 0.0001
3.2712 3.2703 3.2711 0.0001
3.2712 3.2703 3.2711 0.0001
3.2712 3.2703 3.2711 0.0001
3.2712 3.2703 3.2711 0.0001
3.2712 3.2703 3.2711 0.0001
3.2712 3.2703 3.2711 0.0001
3.2712 3.2703 3.2711 0.0001
3.2712 3.2703 3.2711 0.0001
3.2712 3.2703 3.2711 0.0001
3.2712 3.2703 3.2711 0.0001
3.2712 3.2703 3.2711 0.0001
3.2712 3.2703 3.2711 0.0001
3.2712 3.2703 3.2711 0.0001
3.2712 3.2703 3.2711 0.0001
3.2712 3.2703 3.2711 0.0001
3.2712 3.2703 3.2711 0.0001
3.2712 3.2703 3.2711 0.0001
3.2712 3.2703 3.2711 0.0001
3.2712 3.2703 3.2711 0.0001
3.2712 3.2703 3.2711 0.0001
3.2712 3.2703 3.2711 0.0001
3.2712 3.2703 3.2711 0.0001
3.2712 3.2703 3.2711 0.0001
3.2712 3.2703 3.2711 0.0001
3.2712 3.2703 3.2711 0.0001
3.2712 3.2703 3.2711 0.0001
3.2712 3.2703 3.2711 0.0001
3.2712 3.2703 3.2711 0.0001
3.2712 3.2703 3.2711 0.0001
3.2712 3.2703 3.2711 0.0001
3.2712 3.2703 3.2711 0.0001
3.2712 3.2703 3.2711 0.0001
3.2712 3.2703 3.2711 0.0001
3.2712 3.2703 3.2711 0.0001
3.2712 3.2703 3.2711 0.0001
3.2712 3.2703 3.2711 0.0001
3.2712 3.2703 3.2711 0.0001
3.2712 3.2703 3.2711 0.0001
3.2712 3.2703 3.2711 0.0001
3.2712 3.2703 3.2711 0.0001
3.2712 3.2703 3.2711 0.0001
3.2712 3.2703 3.2711 0.0001
3.2712 3.2703 3.2711 0.0001
3.2712 3.2703 3.2711 0.0001
3.2712 3.2703 3.2711 0.0001
3.2712 3.2703 3.2711 0.0001
3.2712 3.2703 3.2711 0.0001
3.2712 3.2703 3.2711 0.0001
3.2712 3.2703 3.2711 0.0001
3.2712 3.2703 3.2711 0.0001
3.2712 3.2703 3.2711 0.0001
3.2712 3.2703 3.2711 0.0001
3.2712 3.2703 3.2711 0.0001
3.2712 3.2703 3.2711 0.0001
3.2712 3.2703 3.2711 0.0001
3.2712 3.2703 3.2711 0.0001
3.2712 3.2703 3.2711 0.0001
3.2712 3.2703 3.2711 0.0001
3.2712 3.2703 3.2711 0.0001
3.2712 3.2703 3.2711 0.0001
3.2712 3.2703 3.2711 0.0001
3.2712 3.2703 3.2711 0.0001
3.2712 3.2703 3.2711 0.0001
3.2712 3.2703 3.2711 0.0001
3.2712 3.2703 3.2711 0.0001
3.2712 3.2703 3.2711 0.0001
3.2712 3.2703 3.2711 0.0001
3.2712 3.2703 3.2711 0.0001
3.2712 3.2703 3.2711 0.0001
3.2712 3.2703 3.2711 0.0001
3.2712 3.2703 3.2711 0.0001
3.2712 3.2703 3.2711 0.0001
3.2712 3.2703 3.2711 0.0001
3.2712 3.2703 3.2711 0.0001
3.2712 3.2703 3.2711 0.0001
3.2712 3.2703 3.2711 0.0001
3.2712 3.2703 3.2711 0.0001
3.2712 3.2703 3.2711 0.0001
3.2712 3.2703 3.2711 0.0001
3.2712 3.2703 3.2711 0.0001
3.2712 3.2703 3.2711 0.0001
3.2712 3.2703 3.2711 0.0001
3.2712 3.2703 3.2711 0.0001
3.2712 3.2703 3.2711 0.0001
3.2712 3.2703 3.2711 0.0001
3.2712 3.2703 3.2711 0.0001
3.2712 3.2703 3.2711 0.0001
3.2712 3.2703 3.2711 0.0001
3.2712 3.2703 3.2711 0.0001
3.2712 3.2703 3.2711 0.0001
3.2712 3.2703 3.2711 0.0001
3.2712 3.2703 3.2711 0.0001
3.2712 3.2703 3.2711 0.0001
3.2712 3.2703 3.2711 0.0001
3.2712 3.2703 3.2711 0.0001
3.2712 3.2703 3.2711 0.0001
3.2712 3.2703 3.2711 0.0001
3.2712 3.2703 3.2711 0.0001
3.2712 3.2703 3.2711 0.0001
3.2712 3.2703 3.2711 0.0001
3.2712 3.2703 3.2711 0.0001
3.2712 3.2703 3.2711 0.0001
3.2712 3.2703 3.2711 0.0001
3.2712 3.2703 3.2711 0.0001
3.2712 3.2703 3.2711 0.0001
3.2712 3.2703 3.2711 0.0001
3.2712 3.2703 3.2711 0.0001
3.2712 3.2703 3.2711 0.0001
3.2712 3.2703 3.2711 0.0001
3.2712 3.2703 3.2711 0.0001
3.2712 3.2703 3.2711 0.0001
3.2712 3.2703 3.2711 0.0001
3.2712 3.2703 3.2711 0.0001
3.2712 3.2703 3.2711 0.0001
3.2712 3.2703 3.2711 0.0001
3.2712 3.2703 3.2711 0.0001
3.2712 3.2703 3.2711 0.0001
3.2712 3.2703 3.2711 0.0001
3.2712 3.2703 3.2711 0.0001
3.2712 3.2703 3.2711 0.0001
3.2712 3.2703 3.2711 0.0001
3.2712 3.2703 3.2711 0.0001
3.2712 3.2703 3.2711 0.0001
3.2712 3.2703 3.2711 0.0001
3.2712 3.2703 3.2711 0.0001
3.2712 3.2703 3.2711 0.0001
3.2712 3.2703 3.2711 0.0001
3.2712 3.2703 3.2711 0.0001
3.2712 3.2703 3.2711 0.0001
3.2712 3.2703 3.2711 0.0001
3.2712 3.2703 3.2711 0.0001
3.2712 3.2703 3.2711 0.0001
3.2712 3.2703 3.2711 0.0001
3.2712 3.2703 3.2711 0.0001
3.2712 3.2703 3.2711 0.0001
3.2712 3.2703 3.2711 0.0001
3.2712 3.2703 3.2711 0.0001
3.2712 3.2703 3.2711 0.0001
3.2712 3.2703 3.2711 0.0001
3.2712 3.2703 3.2711 0.0001
3.2712 3.2703 3.2711 0.0001
3.2712 3.2703 3.2711 0.0001
3.2712 3.2703 3.2711 0.0001
3.2712 3.2703 3.2711 0.0001
3.2712 3.2703 3.2711 0.0001
3.2712 3.2703 3.2711 0.0001
3.2712 3.2703 3.2711 0.0001
3.2712 3.2703 3.2711 0.0001
3.2712 3.2703 3.2711 0.0001
3.2712 3.2703 3.2711 0.0001
3.2712 3.2703 3.2711 0.0001
3.2712 3.2703 3.2711 0.0001
3.2712 3.2703 3.2711 0.0001
3.2712 3.2703 3.2711 0.0001
3.2712 3.2703 3.2711 0.0001
3.2712 3.2703 3.2711 0.0001
3.2712 3.2703 3.2711 0.0001
3.2712 3.2703 3.2711 0.0001
3.2712 3.2703 3.2711 0.0001
3.2712 3.2703 3.2711 0.0001
3.2712 3.2703 3.2711 0.0001
3.2712 3.2703 3.2711 0.0001
3.2712 3.2703 3.2711 0.0001
3.2712 3.2703 3.2711 0.0001
3.2712 3.2703 3.2711 0.0001
3.2712 3.2703 3.2711 0.0001
3.2712 3.2703 3.2711 0.0001
3.2712 3.2703 3.2711 0.0001
3.2712 3.2703 3.2711 0.0001
3.2712 3.2703 3.2711 0.0001
3.2712 3.2703 3.2711 0.0001
3.2712 3.2703 3.2711 0.0001
3.2712 3.2703 3.2711 0.0001
3.2712 3.2703 3.2711 0.0001
3.2712 3.2703 3.2711 0.0001
3.2712 3.2703 3.2711 0.0001
3.2712 3.2703 3.2711 0.0001
3.2712 3.2703 3.2711 0.0001
3.2712 3.2703 3.2711 0.0001
3.2712 3.2703 3.2711 0.0001
3.2712 3.2703 3.2711 0.0001
3.2712 3.2703 3.2711 0.0001
3.2712 3.2703 3.2711 0.0001
3.2712 3.2703 3.2711 0.0001
3.2712 3.2703 3.2711 0.0001
3.2712 3.2703 3.2711 0.0001
3.2712 3.2703 3.2711 0.0001
3.2712 3.2703 3.2711 0.0001
3.2712 3.2703 3.2711 0.0001
3.2712 3.2703 3.2711 0.0001
3.2712 3.2703 3.2711 0.0001
3.2712 3.2703 3.2711 0.0001
3.2712 3.2703 3.2711 0.0001
3.2712 3.2703 3.2711 0.0001
3.2712 3.2703 3.2711 0.0001
3.2712 3.2703 3.2711 0.0001
3.2712 3.2703 3.2711 0.0001
3.2712 3.2703 3.2711 0.0001
3.2712 3.2703 3.2711 0.0001
3.2712 3.2703 3.2711 0.0001
3.2712 3.2703 3.2711 0.0001
3.2712 3.2703 3.2711 0.0001
3.2712 3.2703 3.2711 0.0001
3.2712 3.2703 3.2711 0.0001
3.2712 3.2703 3.2711 0.0001
3.2712 3.2703 3.2711 0.0001
3.2712 3.2703 3.2711 0.0001
3.2712 3.2703 3.2711 0.0001
3.2712 3.2703 3.2711 0.0001
3.2712 3.2703 3.2711 0.0001
3.2712 3.2703 3.2711 0.0001
3.2712 3.2703 3.2711 0.0001
3.2712 3.2703 3.2711 0.0001
3.2712 3.2703 3.2711 0.0001
3.2712 3.2703 3.2711 0.0001
3.2712 3.2703 3.2711 0.0001
3.2712 3.2703 3.2711 0.0001
3.2712 3.2703 3.2711 0.0001
3.2712 3.2703 3.2711 0.0001
3.2712 3.2703 3.2711 0.0001
3.2712 3.2703 3.2711 0.0001
3.2712 3.2703 3.2711 0.0001
3.2712 3.2703 3.2711 0.0001
3.2712 3.2703 3.2711 0.0001
3.2712 3.2703 3.2711 0.0001
3.2712 3.2703 3.2711 0.0001
3.2712 3.2703 3.2711 0.0001
3.2712 3.2703 3.2711 0.0001
3.2712 3.2703 3.2711 0.0001
3.2712 3.2703 3.2711 0.0001
3.2712 3.2703 3.2711 0.0001
3.2712 3.2703 3.2711 0.0001
3.2712 3.2703 3.2711 0.0001
3.2712 3.2703 3.2711 0.0001
3.2712 3.2703 3.2711 0.0001
3.2712 3.2703 3.2711 0.0001
3.2712 3.2703 3.2711 0.0001
3.2712 3.2703 3.2711 0.0001
3.2712 3.2703 3.2711 0.0001
3.2712 3.2703 3.2711 0.0001
3.2712 3.2703 3.2711 0.0001
3.2712 3.2703 3.2711 0.0001
3.2712 3.2703 3.2711 0.0001
3.2712 3.2703 3.2711 0.0001
3.2712 3.2703 3.2711 0.0001
3.2712 3.2703 3.2711 0.0001
3.2712 3.2703 3.2711 0.0001
3.2712 3.2703 3.2711 0.0001
3.2712 3.2703 3.2711 0.0001
3.2712 3.2703 3.2711 0.0001
3.2712 3.2703 3.2711 0.0001
3.2712 3.2703 3.2711 0.0001
3.2712 3.2703 3.2711 0.0001
3.2712 3.2703 3.2711 0.0001
3.2712 3.2703 3.2711 0.0001
3.2712 3.2703 3.2711 0.0001
3.2712 3.2703 3.2711 0.0001
3.2712 3.2703 3.2711 0.0001
3.2712 3.2703 3.2711 0.0001
3.2712 3.2703 3.2711 0.0001
3.2712 3.2703 3.2711 0.0001
3.2712 3.2703 3.2711 0.0001
3.2712 3.2703 3.2711 0.0001
3.2712 3.2703 3.2711 0.0001
3.2712 3.2703 3.2711 0.0001
3.2712 3.2703 3.2711 0.0001
3.2712 3.2703 3.2711 0.0001
3.2712 3.2703 3.2711 0.0001
3.2712 3.2703 3.2711 0.0001
3.2712 3.2703 3.2711 0.0001
3.2712 3.2703 3.2711 0.0001
3.2712 3.2703 3.2711 0.0001
3.2712 3.2703 3.2711 0.0001
3.2712 3.2703 3.2711 0.0001
3.2712 3.2703 3.2711 0.0001
3.2712 3.2703 3.2711 0.0001
3.2712 3.2703 3.2711 0.0001
3.2712 3.2703 3.2711 0.0001
3.2712 3.2703 3.2711 0.0001
3.2712 3.2703 3.2711 0.0001
3.2712 3.2703 3.2711 0.0001
3.2712 3.2703 3.2711 0.0001
3.2712 3.2703 3.2711 0.0001
3.2712 3.2703 3.2711 0.0001
3.2712 3.2703 3.2711 0.0001
3.2712 3.2703 3.2711 0.0001
3.2712 3.2703 3.2711 0.0001
3.2712 3.2703 3.2711 0.0001
3.2712 3.2703 3.2711 0.0001
3.2712 3.2703 3.2711 0.0001
3.2712 3.2703 3.2711 0.0001
3.2712 3.2703 3.2711 0.0001
3.2712 3.2703 3.2711 0.0001
3.2712 3.2703 3.2711 0.0001
3.2712 3.2703 3.2711 0.0001
3.2712 3.2703 3.2711 0.0001
3.2712 3.2703 3.2711 0.0001
3.2712 3.2703 3.2711 0.0001
3.2712 3.2703 3.2711 0.0001
3.2712 3.2703 3.2711 0.0001
3.2712 3.2703 3.2711 0.0001
3.2712 3.2703 3.2711 0.0001
3.2712 3.2703 3.2711 0.0001
3.2712 3.2703 3.2711 0.0001
3.2712 3.2703 3.2711 0.0001
3.2712 3.2703 3.2711 0.0001
3.2712 3.2703 3.2711 0.0001
3.2712 3.2703 3.2711 0.0001
3.2712 3.2703 3.2711 0.0001
3.2712 3.2703 3.2711 0.0001
3.2712 3.2709 3.2712 0.0000
3.2712 3.2709 3.2712 0.0000
3.2712 3.2709 3.2712 0.0000
3.2712 3.2709 3.2712 0.0000
3.2712 3.2709 3.2712 0.0000
3.2712 3.2709 3.2712 0.0000
3.2712 3.2709 3.2712 0.0000
3.2712 3.2709 3.2712 0.0000
3.2712 3.2709 3.2712 0.0000
3.2712 3.2709 3.2712 0.0000
3.2712 3.2709 3.2712 0.0000
3.2712 3.2709 3.2712 0.0000
3.2712 3.2709 3.2712 0.0000
3.2712 3.2709 3.2712 0.0000
3.2712 3.2709 3.2712 0.0000
3.2712 3.2709 3.2712 0.0000
3.2712 3.2709 3.2712 0.0000
3.2712 3.2709 3.2712 0.0000
3.2712 3.2709 3.2712 0.0000
3.2712 3.2709 3.2712 0.0000
3.2712 3.2709 3.2712 0.0000
3.2712 3.2709 3.2712 0.0000
3.2712 3.2709 3.2712 0.0000
3.2712 3.2709 3.2712 0.0000
3.2712 3.2709 3.2712 0.0000
3.2712 3.2709 3.2712 0.0000
3.2712 3.2709 3.2712 0.0000
3.2712 3.2709 3.2712 0.0000
3.2712 3.2709 3.2712 0.0000
3.2712 3.2709 3.2712 0.0000
3.2712 3.2709 3.2712 0.0000
3.2712 3.2709 3.2712 0.0000
3.2712 3.2709 3.2712 0.0000
3.2712 3.2709 3.2712 0.0000
3.2712 3.2709 3.2712 0.0000
3.2712 3.2709 3.2712 0.0000
3.2712 3.2709 3.2712 0.0000
3.2712 3.2709 3.2712 0.0000
3.2712 3.2709 3.2712 0.0000
3.2712 3.2709 3.2712 0.0000
3.2712 3.2709 3.2712 0.0000
3.2712 3.2709 3.2712 0.0000
3.2712 3.2709 3.2712 0.0000
3.2712 3.2709 3.2712 0.0000
3.2712 3.2709 3.2712 0.0000
3.2712 3.2709 3.2712 0.0000
3.2712 3.2709 3.2712 0.0000
3.2712 3.2709 3.2712 0.0000
3.2712 3.2709 3.2712 0.0000
3.2712 3.2709 3.2712 0.0000
3.2712 3.2709 3.2712 0.0000
3.2712 3.2709 3.2712 0.0000
3.2712 3.2709 3.2712 0.0000
3.2712 3.2709 3.2712 0.0000
3.2712 3.2709 3.2712 0.0000
3.2712 3.2709 3.2712 0.0000
3.2712 3.2709 3.2712 0.0000
3.2712 3.2709 3.2712 0.0000
3.2712 3.2709 3.2712 0.0000
3.2712 3.2709 3.2712 0.0000
3.2712 3.2709 3.2712 0.0000
3.2712 3.2709 3.2712 0.0000
3.2712 3.2709 3.2712 0.0000
3.2712 3.2709 3.2712 0.0000
3.2712 3.2709 3.2712 0.0000
3.2712 3.2709 3.2712 0.0000
3.2712 3.2709 3.2712 0.0000
3.2712 3.2709 3.2712 0.0000
3.2712 3.2709 3.2712 0.0000
3.2712 3.2709 3.2712 0.0000
3.2712 3.2709 3.2712 0.0000
3.2712 3.2709 3.2712 0.0000
3.2712 3.2709 3.2712 0.0000
3.2712 3.2709 3.2712 0.0000
3.2712 3.2709 3.2712 0.0000
3.2712 3.2709 3.2712 0.0000
3.2712 3.2709 3.2712 0.0000
3.2712 3.2709 3.2712 0.0000
3.2712 3.2709 3.2712 0.0000
3.2712 3.2709 3.2712 0.0000
3.2712 3.2709 3.2712 0.0000
3.2712 3.2709 3.2712 0.0000
3.2712 3.2709 3.2712 0.0000
3.2712 3.2709 3.2712 0.0000
3.2712 3.2709 3.2712 0.0000
3.2712 3.2709 3.2712 0.0000
3.2712 3.2709 3.2712 0.0000
3.2712 3.2709 3.2712 0.0000
3.2712 3.2709 3.2712 0.0000
3.2712 3.2709 3.2712 0.0000
3.2712 3.2709 3.2712 0.0000
3.2712 3.2709 3.2712 0.0000
3.2712 3.2709 3.2712 0.0000
3.2712 3.2709 3.2712 0.0000
3.2712 3.2709 3.2712 0.0000
3.2712 3.2709 3.2712 0.0000
3.2712 3.2709 3.2712 0.0000
3.2712 3.2709 3.2712 0.0000
3.2712 3.2709 3.2712 0.0000
3.2712 3.2709 3.2712 0.0000
3.2712 3.2709 3.2712 0.0000
3.2712 3.2709 3.2712 0.0000
3.2712 3.2709 3.2712 0.0000
3.2712 3.2709 3.2712 0.0000
3.2712 3.2709 3.2712 0.0000
3.2712 3.2709 3.2712 0.0000
3.2712 3.2709 3.2712 0.0000
3.2712 3.2709 3.2712 0.0000
3.2712 3.2709 3.2712 0.0000
3.2712 3.2709 3.2712 0.0000
3.2712 3.2709 3.2712 0.0000
3.2712 3.2709 3.2712 0.0000
3.2712 3.2709 3.2712 0.0000
3.2712 3.2709 3.2712 0.0000
3.2712 3.2709 3.2712 0.0000
3.2712 3.2709 3.2712 0.0000
3.2712 3.2709 3.2712 0.0000
3.2712 3.2709 3.2712 0.0000
3.2712 3.2709 3.2712 0.0000
3.2712 3.2709 3.2712 0.0000
3.2712 3.2712 3.2712 0.0000
3.2712 3.2712 3.2712 0.0000
3.2712 3.2712 3.2712 0.0000
3.2712 3.2712 3.2712 0.0000
3.2712 3.2712 3.2712 0.0000
3.2712 3.2712 3.2712 0.0000
3.2712 3.2712 3.2712 0.0000
3.2712 3.2712 3.2712 0.0000
3.2712 3.2712 3.2712 0.0000
3.2712 3.2712 3.2712 0.0000
3.2712 3.2712 3.2712 0.0000
3.2712 3.2712 3.2712 0.0000
3.2712 3.2712 3.2712 0.0000
3.2712 3.2712 3.2712 0.0000
3.2712 3.2712 3.2712 0.0000
3.2712 3.2712 3.2712 0.0000
3.2712 3.2712 3.2712 0.0000
3.2712 3.2712 3.2712 0.0000
3.2712 3.2712 3.2712 0.0000
3.2712 3.2712 3.2712 0.0000
3.2712 3.2712 3.2712 0.0000
3.2712 3.2712 3.2712 0.0000
3.2712 3.2712 3.2712 0.0000
3.2712 3.2712 3.2712 0.0000
3.2712 3.2712 3.2712 0.0000
3.2712 3.2712 3.2712 0.0000
3.2712 3.2712 3.2712 0.0000
3.2712 3.2712 3.2712 0.0000
3.2712 3.2712 3.2712 0.0000
3.2712 3.2712 3.2712 0.0000
3.2712 3.2712 3.2712 0.0000
3.2712 3.2712 3.2712 0.0000
3.2712 3.2712 3.2712 0.0000
3.2712 3.2712 3.2712 0.0000
3.2712 3.2712 3.2712 0.0000
3.2712 3.2712 3.2712 0.0000
3.2712 3.2712 3.2712 0.0000
3.2712 3.2712 3.2712 0.0000
3.2712 3.2712 3.2712 0.0000
3.2712 3.2712 3.2712 0.0000
3.2712 3.2712 3.2712 0.0000
3.2712 3.2712 3.2712 0.0000
3.2712 3.2712 3.2712 0.0000
3.2712 3.2712 3.2712 0.0000
3.2712 3.2712 3.2712 0.0000
3.2712 3.2712 3.2712 0.0000
3.2712 3.2712 3.2712 0.0000
3.2712 3.2712 3.2712 0.0000
3.2712 3.2712 3.2712 0.0000
3.2712 3.2712 3.2712 0.0000
3.2712 3.2712 3.2712 0.0000
3.2712 3.2712 3.2712 0.0000
3.2712 3.2712 3.2712 0.0000
3.2712 3.2712 3.2712 0.0000
3.2712 3.2712 3.2712 0.0000
3.2712 3.2712 3.2712 0.0000
3.2712 3.2712 3.2712 0.0000
3.2712 3.2712 3.2712 0.0000
3.2712 3.2712 3.2712 0.0000
3.2712 3.2712 3.2712 0.0000
3.2712 3.2712 3.2712 0.0000
3.2712 3.2712 3.2712 0.0000
3.2712 3.2712 3.2712 0.0000
3.2712 3.2712 3.2712 0.0000
3.2712 3.2712 3.2712 0.0000
3.2712 3.2712 3.2712 0.0000
3.2712 3.2712 3.2712 0.0000
3.2712 3.2712 3.2712 0.0000
3.2712 3.2712 3.2712 0.0000
3.2712 3.2712 3.2712 0.0000
3.2712 3.2712 3.2712 0.0000
3.2712 3.2712 3.2712 0.0000
3.2712 3.2712 3.2712 0.0000
3.2712 3.2712 3.2712 0.0000
3.2712 3.2712 3.2712 0.0000
3.2712 3.2712 3.2712 0.0000
3.2712 3.2712 3.2712 0.0000
3.2712 3.2712 3.2712 0.0000
3.2712 3.2712 3.2712 0.0000
3.2712 3.2712 3.2712 0.0000
3.2712 3.2712 3.2712 0.0000
3.2712 3.2712 3.2712 0.0000
3.2712 3.2712 3.2712 0.0000
3.2712 3.2712 3.2712 0.0000
3.2712 3.2712 3.2712 0.0000
3.2712 3.2712 3.2712 0.0000
3.2712 3.2712 3.2712 0.0000
3.2712 3.2712 3.2712 0.0000
3.2712 3.2712 3.2712 0.0000
3.2712 3.2712 3.2712 0.0000
3.2712 3.2712 3.2712 0.0000
3.2712 3.2712 3.2712 0.0000
3.2712 3.2712 3.2712 0.0000
3.2712 3.2712 3.2712 0.0000
3.2712 3.2712 3.2712 0.0000
3.2712 3.2712 3.2712 0.0000
3.2712 3.2712 3.2712 0.0000
3.2712 3.2712 3.2712 0.0000
3.2712 3.2712 3.2712 0.0000
3.2712 3.2712 3.2712 0.0000
3.2712 3.2712 3.2712 0.0000
3.2712 3.2712 3.2712 0.0000
3.2712 3.2712 3.2712 0.0000
3.2712 3.2712 3.2712 0.0000
3.2712 3.2712 3.2712 0.0000
3.2712 3.2712 3.2712 0.0000
3.2712 3.2712 3.2712 0.0000
3.2712 3.2712 3.2712 0.0000
3.2712 3.2712 3.2712 0.0000
3.2712 3.2712 3.2712 0.0000
3.2712 3.2712 3.2712 0.0000
3.2712 3.2712 3.2712 0.0000
3.2712 3.2712 3.2712 0.0000
3.2712 3.2712 3.2712 0.0000
3.2712 3.2712 3.2712 0.0000
3.2712 3.2712 3.2712 0.0000
3.2712 3.2712 3.2712 0.0000
3.2712 3.2712 3.2712 0.0000
3.2712 3.2712 3.2712 0.0000
3.2712 3.2712 3.2712 0.0000
3.2712 3.2712 3.2712 0.0000
3.2712 3.2712 3.2712 0.0000
3.2712 3.2712 3.2712 0.0000
3.2712 3.2712 3.2712 0.0000
3.2712 3.2712 3.2712 0.0000
3.2712 3.2712 3.2712 0.0000
3.2712 3.2712 3.2712 0.0000
3.2712 3.2712 3.2712 0.0000
3.2712 3.2712 3.2712 0.0000
3.2712 3.2712 3.2712 0.0000
3.2712 3.2712 3.2712 0.0000
3.2712 3.2712 3.2712 0.0000
3.2712 3.2712 3.2712 0.0000
3.2712 3.2712 3.2712 0.0000
3.2712 3.2712 3.2712 0.0000
3.2712 3.2712 3.2712 0.0000
3.2712 3.2712 3.2712 0.0000
3.2712 3.2712 3.2712 0.0000
3.2712 3.2712 3.2712 0.0000
3.2712 3.2712 3.2712 0.0000
3.2712 3.2712 3.2712 0.0000
3.2712 3.2712 3.2712 0.0000
3.2712 3.2712 3.2712 0.0000
3.2712 3.2712 3.2712 0.0000
3.2712 3.2712 3.2712 0.0000
3.2712 3.2712 3.2712 0.0000
3.2712 3.2712 3.2712 0.0000
3.2712 3.2712 3.2712 0.0000
3.2712 3.2712 3.2712 0.0000
3.2712 3.2712 3.2712 0.0000
3.2712 3.2712 3.2712 0.0000
3.2712 3.2712 3.2712 0.0000
3.2712 3.2712 3.2712 0.0000
3.2712 3.2712 3.2712 0.0000
3.2712 3.2712 3.2712 0.0000
3.2712 3.2712 3.2712 0.0000
3.2712 3.2712 3.2712 0.0000
3.2712 3.2712 3.2712 0.0000
3.2712 3.2712 3.2712 0.0000
3.2712 3.2712 3.2712 0.0000
3.2712 3.2712 3.2712 0.0000
3.2712 3.2712 3.2712 0.0000
3.2712 3.2712 3.2712 0.0000
3.2712 3.2712 3.2712 0.0000
3.2712 3.2712 3.2712 0.0000
3.2712 3.2712 3.2712 0.0000
3.2712 3.2712 3.2712 0.0000
3.2712 3.2712 3.2712 0.0000
3.2712 3.2712 3.2712 0.0000
3.2712 3.2712 3.2712 0.0000
3.2712 3.2712 3.2712 0.0000
3.2712 3.2712 3.2712 0.0000
3.2712 3.2712 3.2712 0.0000
3.2712 3.2712 3.2712 0.0000
3.2712 3.2712 3.2712 0.0000
3.2712 3.2712 3.2712 0.0000
3.2712 3.2712 3.2712 0.0000
3.2712 3.2712 3.2712 0.0000
3.2712 3.2712 3.2712 0.0000
3.2712 3.2712 3.2712 0.0000
3.2712 3.2712 3.2712 0.0000
3.2712 3.2712 3.2712 0.0000
3.2712 3.2712 3.2712 0.0000
3.2712 3.2712 3.2712 0.0000
3.2712 3.2712 3.2712 0.0000
3.2712 3.2712 3.2712 0.0000
3.2712 3.2712 3.2712 0.0000
3.2712 3.2712 3.2712 0.0000
3.2712 3.2712 3.2712 0.0000
3.2712 3.2712 3.2712 0.0000
3.2712 3.2712 3.2712 0.0000
3.2712 3.2712 3.2712 0.0000
3.2712 3.2712 3.2712 0.0000
3.2712 3.2712 3.2712 0.0000
3.2712 3.2712 3.2712 0.0000
3.2712 3.2712 3.2712 0.0000
3.2712 3.2712 3.2712 0.0000
3.2712 3.2712 3.2712 0.0000
3.2712 3.2712 3.2712 0.0000
3.2712 3.2712 3.2712 0.0000
3.2712 3.2712 3.2712 0.0000
3.2712 3.2712 3.2712 0.0000
3.2712 3.2712 3.2712 0.0000
3.2712 3.2712 3.2712 0.0000
3.2712 3.2712 3.2712 0.0000
3.2712 3.2712 3.2712 0.0000
3.2712 3.2712 3.2712 0.0000
3.2712 3.2712 3.2712 0.0000
3.2712 3.2712 3.2712 0.0000
3.2712 3.2712 3.2712 0.0000
3.2712 3.2712 3.2712 0.0000
3.2712 3.2712 3.2712 0.0000
3.2712 3.2712 3.2712 0.0000
3.2712 3.2712 3.2712 0.0000
3.2712 3.2712 3.2712 0.0000
3.2712 3.2712 3.2712 0.0000
3.2712 3.2712 3.2712 0.0000
3.2712 3.2712 3.2712 0.0000
3.2712 3.2712 3.2712 0.0000
3.2712 3.2712 3.2712 0.0000
3.2712 3.2712 3.2712 0.0000
3.2712 3.2712 3.2712 0.0000
3.2712 3.2712 3.2712 0.0000
3.2712 3.2712 3.2712 0.0000
3.2712 3.2712 3.2712 0.0000
3.2712 3.2712 3.2712 0.0000
3.2712 3.2712 3.2712 0.0000
3.2712 3.2712 3.2712 0.0000
3.2712 3.2712 3.2712 0.0000
3.2712 3.2712 3.2712 0.0000
3.2712 3.2712 3.2712 0.0000
3.2712 3.2712 3.2712 0.0000
3.2712 3.2712 3.2712 0.0000
3.2712 3.2712 3.2712 0.0000
3.2712 3.2712 3.2712 0.0000
3.2712 3.2712 3.2712 0.0000
3.2717 3.2712 3.2712 0.0001
3.2717 3.2712 3.2712 0.0001
3.2717 3.2712 3.2712 0.0001
3.2717 3.2712 3.2712 0.0001
3.2717 3.2712 3.2712 0.0001
3.2717 3.2712 3.2712 0.0001
3.2717 3.2712 3.2712 0.0001
3.2717 3.2712 3.2712 0.0001
3.2717 3.2712 3.2712 0.0001
3.2717 3.2712 3.2712 0.0001
3.2717 3.2712 3.2712 0.0001
3.2717 3.2712 3.2712 0.0001
3.2717 3.2712 3.2712 0.0001
3.2717 3.2712 3.2712 0.0001
3.2717 3.2712 3.2712 0.0001
3.2717 3.2712 3.2712 0.0001
3.2717 3.2712 3.2712 0.0001
3.2717 3.2712 3.2712 0.0001
3.2717 3.2712 3.2712 0.0001
3.2717 3.2712 3.2712 0.0001
3.2717 3.2712 3.2712 0.0001
3.2717 3.2712 3.2712 0.0001
3.2717 3.2712 3.2712 0.0001
3.2717 3.2712 3.2712 0.0001
3.2717 3.2712 3.2712 0.0001
3.2717 3.2712 3.2712 0.0001
3.2717 3.2712 3.2712 0.0001
3.2717 3.2712 3.2712 0.0001
3.2717 3.2712 3.2712 0.0001
3.2717 3.2712 3.2712 0.0001
3.2717 3.2712 3.2712 0.0001
3.2717 3.2712 3.2712 0.0001
3.2717 3.2712 3.2712 0.0001
3.2717 3.2712 3.2712 0.0001
3.2717 3.2712 3.2712 0.0001
3.2717 3.2712 3.2712 0.0001
3.2717 3.2712 3.2712 0.0001
3.2717 3.2712 3.2712 0.0001
3.2717 3.2712 3.2712 0.0001
3.2717 3.2712 3.2712 0.0001
3.2717 3.2712 3.2712 0.0001
3.2717 3.2712 3.2712 0.0001
3.2717 3.2712 3.2712 0.0001
3.2717 3.2712 3.2712 0.0001
3.2717 3.2712 3.2712 0.0001
3.2717 3.2712 3.2712 0.0001
3.2717 3.2712 3.2712 0.0001
3.2717 3.2712 3.2712 0.0001
3.2717 3.2712 3.2712 0.0001
3.2717 3.2712 3.2712 0.0001
3.2717 3.2712 3.2712 0.0001
3.2717 3.2712 3.2712 0.0001
3.2717 3.2712 3.2712 0.0001
3.2717 3.2712 3.2712 0.0001
3.2717 3.2712 3.2712 0.0001
3.2717 3.2712 3.2712 0.0001
3.2717 3.2712 3.2712 0.0001
3.2717 3.2712 3.2712 0.0001
3.2717 3.2712 3.2712 0.0001
3.2717 3.2712 3.2712 0.0001
3.2717 3.2712 3.2712 0.0001
3.2717 3.2712 3.2712 0.0001
3.2717 3.2712 3.2712 0.0001
3.2717 3.2712 3.2712 0.0001
3.2717 3.2712 3.2712 0.0001
3.2717 3.2712 3.2712 0.0001
3.2717 3.2712 3.2712 0.0001
3.2717 3.2712 3.2712 0.0001
3.2717 3.2712 3.2712 0.0001
3.2717 3.2712 3.2712 0.0001
3.2717 3.2712 3.2712 0.0001
3.2717 3.2712 3.2712 0.0001
3.2717 3.2712 3.2712 0.0001
3.2717 3.2712 3.2712 0.0001
3.2717 3.2712 3.2712 0.0001
3.2717 3.2712 3.2712 0.0001
3.2717 3.2712 3.2712 0.0001
3.2717 3.2712 3.2712 0.0001
3.2717 3.2712 3.2712 0.0001
3.2717 3.2712 3.2712 0.0001
3.2717 3.2712 3.2712 0.0001
3.2717 3.2712 3.2712 0.0001
3.2717 3.2712 3.2712 0.0001
3.2717 3.2712 3.2712 0.0001
3.2717 3.2712 3.2712 0.0001
3.2717 3.2712 3.2712 0.0001
3.2717 3.2712 3.2712 0.0001
3.2717 3.2712 3.2712 0.0001
3.2717 3.2712 3.2712 0.0001
3.2717 3.2712 3.2712 0.0001
3.2717 3.2712 3.2712 0.0001
3.2717 3.2712 3.2712 0.0001
3.2717 3.2712 3.2712 0.0001
3.2717 3.2712 3.2712 0.0001
3.2717 3.2712 3.2712 0.0001
3.2717 3.2712 3.2712 0.0001
3.2717 3.2712 3.2712 0.0001
3.2717 3.2712 3.2712 0.0001
3.2717 3.2712 3.2712 0.0001
3.2717 3.2712 3.2712 0.0001
3.2717 3.2712 3.2712 0.0002
3.2717 3.2712 3.2712 0.0002
3.2717 3.2712 3.2712 0.0002
3.2717 3.2712 3.2712 0.0002
3.2717 3.2712 3.2712 0.0002
3.2717 3.2712 3.2712 0.0002
3.2717 3.2712 3.2712 0.0002
3.2717 3.2712 3.2712 0.0002
3.2717 3.2712 3.2712 0.0002
3.2717 3.2712 3.2712 0.0002
3.2717 3.2712 3.2712 0.0002
3.2717 3.2712 3.2712 0.0002
3.2717 3.2712 3.2712 0.0002
3.2717 3.2712 3.2712 0.0002
3.2717 3.2712 3.2712 0.0002
3.2717 3.2712 3.2712 0.0002
3.2717 3.2712 3.2712 0.0002
3.2717 3.2712 3.2712 0.0002
3.2717 3.2712 3.2712 0.0002
3.2717 3.2712 3.2712 0.0002
3.2717 3.2712 3.2712 0.0002
3.2717 3.2712 3.2712 0.0002
3.2717 3.2712 3.2712 0.0002
3.2717 3.2712 3.2712 0.0002
3.2717 3.2712 3.2712 0.0002
3.2717 3.2712 3.2712 0.0002
3.2717 3.2712 3.2712 0.0002
3.2717 3.2712 3.2712 0.0002
3.2717 3.2712 3.2712 0.0002
