run_id,train_size,seed,image_id,tp,fp,fn,precision_standard,recall_standard,f1_standard,precision_legacy,recall_legacy,f1_legacy,result_image
levelA_M0_fixedparam,0,0,211,9,0,2487,1.0000000000,0.0036057692,0.0071856287,0.9000000000,0.0036057692,0.0071827614,./imgs_0710_2026_v1/output/traditional_baseline/levelA_fixedparam/primary200/resImgs/levelA_M0_fixedparam_primary200_crack_00211.png
levelA_M0_fixedparam,0,0,212,69,0,3270,1.0000000000,0.0206648697,0.0404929577,0.9857142857,0.0206648697,0.0404810795,./imgs_0710_2026_v1/output/traditional_baseline/levelA_fixedparam/primary200/resImgs/levelA_M0_fixedparam_primary200_crack_00212.png
levelA_M0_fixedparam,0,0,213,0,0,1015,0.0000000000,0.0000000000,0.0000000000,0.5000000000,0.0009842520,0.0019646365,./imgs_0710_2026_v1/output/traditional_baseline/levelA_fixedparam/primary200/resImgs/levelA_M0_fixedparam_primary200_crack_00213.png
levelA_M0_fixedparam,0,0,214,40,0,3332,1.0000000000,0.0118623962,0.0234466589,0.9756097561,0.0118623962,0.0234397890,./imgs_0710_2026_v1/output/traditional_baseline/levelA_fixedparam/primary200/resImgs/levelA_M0_fixedparam_primary200_crack_00214.png
levelA_M0_fixedparam,0,0,215,0,0,785,0.0000000000,0.0000000000,0.0000000000,0.5000000000,0.0012722646,0.0025380711,./imgs_0710_2026_v1/output/traditional_baseline/levelA_fixedparam/primary200/resImgs/levelA_M0_fixedparam_primary200_crack_00215.png
levelA_M0_fixedparam,0,0,216,12,0,4773,1.0000000000,0.0025078370,0.0050031270,0.9230769231,0.0025078370,0.0050020842,./imgs_0710_2026_v1/output/traditional_baseline/levelA_fixedparam/primary200/resImgs/levelA_M0_fixedparam_primary200_crack_00216.png
levelA_M0_fixedparam,0,0,217,3,0,1861,1.0000000000,0.0016094421,0.0032137118,0.7500000000,0.0016094421,0.0032119914,./imgs_0710_2026_v1/output/traditional_baseline/levelA_fixedparam/primary200/resImgs/levelA_M0_fixedparam_primary200_crack_00217.png
levelA_M0_fixedparam,0,0,218,0,0,2594,0.0000000000,0.0000000000,0.0000000000,0.5000000000,0.0003853565,0.0007701194,./imgs_0710_2026_v1/output/traditional_baseline/levelA_fixedparam/primary200/resImgs/levelA_M0_fixedparam_primary200_crack_00218.png
levelA_M0_fixedparam,0,0,219,21,0,3434,1.0000000000,0.0060781476,0.0120828539,0.9545454545,0.0060781476,0.0120793788,./imgs_0710_2026_v1/output/traditional_baseline/levelA_fixedparam/primary200/resImgs/levelA_M0_fixedparam_primary200_crack_00219.png
levelA_M0_fixedparam,0,0,220,20,0,1373,1.0000000000,0.0143575018,0.0283085633,0.9523809524,0.0143575018,0.0282885431,./imgs_0710_2026_v1/output/traditional_baseline/levelA_fixedparam/primary200/resImgs/levelA_M0_fixedparam_primary200_crack_00220.png
levelA_M0_fixedparam,0,0,221,185,0,7070,1.0000000000,0.0254996554,0.0497311828,0.9946236559,0.0254996554,0.0497244994,./imgs_0710_2026_v1/output/traditional_baseline/levelA_fixedparam/primary200/resImgs/levelA_M0_fixedparam_primary200_crack_00221.png
levelA_M0_fixedparam,0,0,222,6,0,3368,1.0000000000,0.0017783047,0.0035502959,0.8571428571,0.0017783047,0.0035492458,./imgs_0710_2026_v1/output/traditional_baseline/levelA_fixedparam/primary200/resImgs/levelA_M0_fixedparam_primary200_crack_00222.png
levelA_M0_fixedparam,0,0,223,4,0,1047,1.0000000000,0.0038058991,0.0075829384,0.8000000000,0.0038058991,0.0075757576,./imgs_0710_2026_v1/output/traditional_baseline/levelA_fixedparam/primary200/resImgs/levelA_M0_fixedparam_primary200_crack_00223.png
levelA_M0_fixedparam,0,0,224,46,0,4985,1.0000000000,0.0091433115,0.0181209376,0.9787234043,0.0091433115,0.0181173690,./imgs_0710_2026_v1/output/traditional_baseline/levelA_fixedparam/primary200/resImgs/levelA_M0_fixedparam_primary200_crack_00224.png
levelA_M0_fixedparam,0,0,225,3,0,4108,1.0000000000,0.0007297495,0.0014584346,0.7500000000,0.0007297495,0.0014580802,./imgs_0710_2026_v1/output/traditional_baseline/levelA_fixedparam/primary200/resImgs/levelA_M0_fixedparam_primary200_crack_00225.png
levelA_M0_fixedparam,0,0,226,5,0,684,1.0000000000,0.0072568940,0.0144092219,0.8333333333,0.0072568940,0.0143884892,./imgs_0710_2026_v1/output/traditional_baseline/levelA_fixedparam/primary200/resImgs/levelA_M0_fixedparam_primary200_crack_00226.png
levelA_M0_fixedparam,0,0,227,40,0,3862,1.0000000000,0.0102511533,0.0202942669,0.9756097561,0.0102511533,0.0202891200,./imgs_0710_2026_v1/output/traditional_baseline/levelA_fixedparam/primary200/resImgs/levelA_M0_fixedparam_primary200_crack_00227.png
levelA_M0_fixedparam,0,0,228,0,0,3958,0.0000000000,0.0000000000,0.0000000000,0.5000000000,0.0002525890,0.0005049230,./imgs_0710_2026_v1/output/traditional_baseline/levelA_fixedparam/primary200/resImgs/levelA_M0_fixedparam_primary200_crack_00228.png
levelA_M0_fixedparam,0,0,229,5,0,4978,1.0000000000,0.0010034116,0.0020048115,0.8333333333,0.0010034116,0.0020044097,./imgs_0710_2026_v1/output/traditional_baseline/levelA_fixedparam/primary200/resImgs/levelA_M0_fixedparam_primary200_crack_00229.png
levelA_M0_fixedparam,0,0,230,2,0,3674,1.0000000000,0.0005440696,0.0010875476,0.6666666667,0.0005440696,0.0010872520,./imgs_0710_2026_v1/output/traditional_baseline/levelA_fixedparam/primary200/resImgs/levelA_M0_fixedparam_primary200_crack_00230.png
levelA_M0_fixedparam,0,0,231,1,0,4169,1.0000000000,0.0002398082,0.0004795013,0.5000000000,0.0002398082,0.0004793864,./imgs_0710_2026_v1/output/traditional_baseline/levelA_fixedparam/primary200/resImgs/levelA_M0_fixedparam_primary200_crack_00231.png
levelA_M0_fixedparam,0,0,232,0,0,1363,0.0000000000,0.0000000000,0.0000000000,0.5000000000,0.0007331378,0.0014641288,./imgs_0710_2026_v1/output/traditional_baseline/levelA_fixedparam/primary200/resImgs/levelA_M0_fixedparam_primary200_crack_00232.png
levelA_M0_fixedparam,0,0,233,2,0,2604,1.0000000000,0.0007674597,0.0015337423,0.6666666667,0.0007674597,0.0015331545,./imgs_0710_2026_v1/output/traditional_baseline/levelA_fixedparam/primary200/resImgs/levelA_M0_fixedparam_primary200_crack_00233.png
levelA_M0_fixedparam,0,0,234,81,0,3398,1.0000000000,0.0232825525,0.0455056180,0.9878048780,0.0232825525,0.0454928391,./imgs_0710_2026_v1/output/traditional_baseline/levelA_fixedparam/primary200/resImgs/levelA_M0_fixedparam_primary200_crack_00234.png
levelA_M0_fixedparam,0,0,235,0,0,2844,0.0000000000,0.0000000000,0.0000000000,0.5000000000,0.0003514938,0.0007024939,./imgs_0710_2026_v1/output/traditional_baseline/levelA_fixedparam/primary200/resImgs/levelA_M0_fixedparam_primary200_crack_00235.png
levelA_M0_fixedparam,0,0,236,226,0,9848,1.0000000000,0.0224339885,0.0438834951,0.9955947137,0.0224339885,0.0438792350,./imgs_0710_2026_v1/output/traditional_baseline/levelA_fixedparam/primary200/resImgs/levelA_M0_fixedparam_primary200_crack_00236.png
levelA_M0_fixedparam,0,0,237,15,0,4267,1.0000000000,0.0035030360,0.0069816151,0.9375000000,0.0035030360,0.0069799907,./imgs_0710_2026_v1/output/traditional_baseline/levelA_fixedparam/primary200/resImgs/levelA_M0_fixedparam_primary200_crack_00237.png
levelA_M0_fixedparam,0,0,238,27,0,2764,1.0000000000,0.0096739520,0.0191625266,0.9642857143,0.0096739520,0.0191557290,./imgs_0710_2026_v1/output/traditional_baseline/levelA_fixedparam/primary200/resImgs/levelA_M0_fixedparam_primary200_crack_00238.png
levelA_M0_fixedparam,0,0,239,36,0,2752,1.0000000000,0.0129124821,0.0254957507,0.9729729730,0.0129124821,0.0254867257,./imgs_0710_2026_v1/output/traditional_baseline/levelA_fixedparam/primary200/resImgs/levelA_M0_fixedparam_primary200_crack_00239.png
levelA_M0_fixedparam,0,0,240,36,0,4266,1.0000000000,0.0083682008,0.0165975104,0.9729729730,0.0083682008,0.0165936852,./imgs_0710_2026_v1/output/traditional_baseline/levelA_fixedparam/primary200/resImgs/levelA_M0_fixedparam_primary200_crack_00240.png
levelA_M0_fixedparam,0,0,241,9,0,3059,1.0000000000,0.0029335072,0.0058498538,0.9000000000,0.0029335072,0.0058479532,./imgs_0710_2026_v1/output/traditional_baseline/levelA_fixedparam/primary200/resImgs/levelA_M0_fixedparam_primary200_crack_00241.png
levelA_M0_fixedparam,0,0,242,12,0,2031,1.0000000000,0.0058737151,0.0116788321,0.9230769231,0.0058737151,0.0116731518,./imgs_0710_2026_v1/output/traditional_baseline/levelA_fixedparam/primary200/resImgs/levelA_M0_fixedparam_primary200_crack_00242.png
levelA_M0_fixedparam,0,0,243,70,0,3056,1.0000000000,0.0223928343,0.0438047559,0.9859154930,0.0223928343,0.0437910541,./imgs_0710_2026_v1/output/traditional_baseline/levelA_fixedparam/primary200/resImgs/levelA_M0_fixedparam_primary200_crack_00243.png
levelA_M0_fixedparam,0,0,244,3,0,2255,1.0000000000,0.0013286094,0.0026536931,0.7500000000,0.0013286094,0.0026525199,./imgs_0710_2026_v1/output/traditional_baseline/levelA_fixedparam/primary200/resImgs/levelA_M0_fixedparam_primary200_crack_00244.png
levelA_M0_fixedparam,0,0,245,5,0,2158,1.0000000000,0.0023116043,0.0046125461,0.8333333333,0.0023116043,0.0046104195,./imgs_0710_2026_v1/output/traditional_baseline/levelA_fixedparam/primary200/resImgs/levelA_M0_fixedparam_primary200_crack_00245.png
levelA_M0_fixedparam,0,0,246,0,1,1469,0.0000000000,0.0000000000,0.0000000000,0.5000000000,0.0006802721,0.0013586957,./imgs_0710_2026_v1/output/traditional_baseline/levelA_fixedparam/primary200/resImgs/levelA_M0_fixedparam_primary200_crack_00246.png
levelA_M0_fixedparam,0,0,247,0,0,988,0.0000000000,0.0000000000,0.0000000000,0.5000000000,0.0010111223,0.0020181635,./imgs_0710_2026_v1/output/traditional_baseline/levelA_fixedparam/primary200/resImgs/levelA_M0_fixedparam_primary200_crack_00247.png
levelA_M0_fixedparam,0,0,248,3,0,1863,1.0000000000,0.0016077170,0.0032102729,0.7500000000,0.0016077170,0.0032085561,./imgs_0710_2026_v1/output/traditional_baseline/levelA_fixedparam/primary200/resImgs/levelA_M0_fixedparam_primary200_crack_00248.png
levelA_M0_fixedparam,0,0,249,1,0,1413,1.0000000000,0.0007072136,0.0014134276,0.5000000000,0.0007072136,0.0014124294,./imgs_0710_2026_v1/output/traditional_baseline/levelA_fixedparam/primary200/resImgs/levelA_M0_fixedparam_primary200_crack_00249.png
levelA_M0_fixedparam,0,0,250,2,0,1908,1.0000000000,0.0010471204,0.0020920502,0.6666666667,0.0010471204,0.0020909566,./imgs_0710_2026_v1/output/traditional_baseline/levelA_fixedparam/primary200/resImgs/levelA_M0_fixedparam_primary200_crack_00250.png
levelA_M0_fixedparam,0,0,251,0,0,1380,0.0000000000,0.0000000000,0.0000000000,0.5000000000,0.0007241130,0.0014461316,./imgs_0710_2026_v1/output/traditional_baseline/levelA_fixedparam/primary200/resImgs/levelA_M0_fixedparam_primary200_crack_00251.png
levelA_M0_fixedparam,0,0,252,5,0,3099,1.0000000000,0.0016108247,0.0032164683,0.8333333333,0.0016108247,0.0032154341,./imgs_0710_2026_v1/output/traditional_baseline/levelA_fixedparam/primary200/resImgs/levelA_M0_fixedparam_primary200_crack_00252.png
levelA_M0_fixedparam,0,0,253,0,0,1750,0.0000000000,0.0000000000,0.0000000000,0.5000000000,0.0005711022,0.0011409013,./imgs_0710_2026_v1/output/traditional_baseline/levelA_fixedparam/primary200/resImgs/levelA_M0_fixedparam_primary200_crack_00253.png
levelA_M0_fixedparam,0,0,254,1,0,1688,1.0000000000,0.0005920663,0.0011834320,0.5000000000,0.0005920663,0.0011827321,./imgs_0710_2026_v1/output/traditional_baseline/levelA_fixedparam/primary200/resImgs/levelA_M0_fixedparam_primary200_crack_00254.png
levelA_M0_fixedparam,0,0,255,5,0,1923,1.0000000000,0.0025933610,0.0051733057,0.8333333333,0.0025933610,0.0051706308,./imgs_0710_2026_v1/output/traditional_baseline/levelA_fixedparam/primary200/resImgs/levelA_M0_fixedparam_primary200_crack_00255.png
levelA_M0_fixedparam,0,0,256,0,0,2012,0.0000000000,0.0000000000,0.0000000000,0.5000000000,0.0004967710,0.0009925558,./imgs_0710_2026_v1/output/traditional_baseline/levelA_fixedparam/primary200/resImgs/levelA_M0_fixedparam_primary200_crack_00256.png
levelA_M0_fixedparam,0,0,257,25,0,2475,1.0000000000,0.0100000000,0.0198019802,0.9615384615,0.0100000000,0.0197941409,./imgs_0710_2026_v1/output/traditional_baseline/levelA_fixedparam/primary200/resImgs/levelA_M0_fixedparam_primary200_crack_00257.png
levelA_M0_fixedparam,0,0,258,44,0,2457,1.0000000000,0.0175929628,0.0345776031,0.9777777778,0.0175929628,0.0345640220,./imgs_0710_2026_v1/output/traditional_baseline/levelA_fixedparam/primary200/resImgs/levelA_M0_fixedparam_primary200_crack_00258.png
levelA_M0_fixedparam,0,0,259,9,4,2433,0.6923076923,0.0036855037,0.0073319756,0.6923076923,0.0036855037,0.0073319756,./imgs_0710_2026_v1/output/traditional_baseline/levelA_fixedparam/primary200/resImgs/levelA_M0_fixedparam_primary200_crack_00259.png
levelA_M0_fixedparam,0,0,260,63,0,1447,1.0000000000,0.0417218543,0.0801017165,0.9843750000,0.0417218543,0.0800508259,./imgs_0710_2026_v1/output/traditional_baseline/levelA_fixedparam/primary200/resImgs/levelA_M0_fixedparam_primary200_crack_00260.png
levelA_M0_fixedparam,0,0,261,2,0,953,1.0000000000,0.0020942408,0.0041797283,0.6666666667,0.0020942408,0.0041753653,./imgs_0710_2026_v1/output/traditional_baseline/levelA_fixedparam/primary200/resImgs/levelA_M0_fixedparam_primary200_crack_00261.png
levelA_M0_fixedparam,0,0,262,26,0,2383,1.0000000000,0.0107928601,0.0213552361,0.9629629630,0.0107928601,0.0213464696,./imgs_0710_2026_v1/output/traditional_baseline/levelA_fixedparam/primary200/resImgs/levelA_M0_fixedparam_primary200_crack_00262.png
levelA_M0_fixedparam,0,0,263,12,0,1449,1.0000000000,0.0082135524,0.0162932790,0.9230769231,0.0082135524,0.0162822252,./imgs_0710_2026_v1/output/traditional_baseline/levelA_fixedparam/primary200/resImgs/levelA_M0_fixedparam_primary200_crack_00263.png
levelA_M0_fixedparam,0,0,264,3,5,1651,0.3750000000,0.0018137848,0.0036101083,0.3750000000,0.0018137848,0.0036101083,./imgs_0710_2026_v1/output/traditional_baseline/levelA_fixedparam/primary200/resImgs/levelA_M0_fixedparam_primary200_crack_00264.png
levelA_M0_fixedparam,0,0,265,71,2,2753,0.9726027397,0.0251416431,0.0490162237,0.9726027397,0.0251416431,0.0490162237,./imgs_0710_2026_v1/output/traditional_baseline/levelA_fixedparam/primary200/resImgs/levelA_M0_fixedparam_primary200_crack_00265.png
levelA_M0_fixedparam,0,0,266,4,0,3570,1.0000000000,0.0011191942,0.0022358860,0.8000000000,0.0011191942,0.0022352612,./imgs_0710_2026_v1/output/traditional_baseline/levelA_fixedparam/primary200/resImgs/levelA_M0_fixedparam_primary200_crack_00266.png
levelA_M0_fixedparam,0,0,267,6,0,1612,1.0000000000,0.0037082818,0.0073891626,0.8571428571,0.0037082818,0.0073846154,./imgs_0710_2026_v1/output/traditional_baseline/levelA_fixedparam/primary200/resImgs/levelA_M0_fixedparam_primary200_crack_00267.png
levelA_M0_fixedparam,0,0,268,0,0,2195,0.0000000000,0.0000000000,0.0000000000,0.5000000000,0.0004553734,0.0009099181,./imgs_0710_2026_v1/output/traditional_baseline/levelA_fixedparam/primary200/resImgs/levelA_M0_fixedparam_primary200_crack_00268.png
levelA_M0_fixedparam,0,0,269,6,3,1703,0.6666666667,0.0035108250,0.0069848661,0.6666666667,0.0035108250,0.0069848661,./imgs_0710_2026_v1/output/traditional_baseline/levelA_fixedparam/primary200/resImgs/levelA_M0_fixedparam_primary200_crack_00269.png
levelA_M0_fixedparam,0,0,270,4,3,3358,0.5714285714,0.0011897680,0.0023745919,0.5714285714,0.0011897680,0.0023745919,./imgs_0710_2026_v1/output/traditional_baseline/levelA_fixedparam/primary200/resImgs/levelA_M0_fixedparam_primary200_crack_00270.png
levelA_M0_fixedparam,0,0,271,0,0,1416,0.0000000000,0.0000000000,0.0000000000,0.5000000000,0.0007057163,0.0014094433,./imgs_0710_2026_v1/output/traditional_baseline/levelA_fixedparam/primary200/resImgs/levelA_M0_fixedparam_primary200_crack_00271.png
levelA_M0_fixedparam,0,0,272,6,9,1010,0.4000000000,0.0059055118,0.0116391853,0.4000000000,0.0059055118,0.0116391853,./imgs_0710_2026_v1/output/traditional_baseline/levelA_fixedparam/primary200/resImgs/levelA_M0_fixedparam_primary200_crack_00272.png
levelA_M0_fixedparam,0,0,273,0,0,1697,0.0000000000,0.0000000000,0.0000000000,0.5000000000,0.0005889282,0.0011764706,./imgs_0710_2026_v1/output/traditional_baseline/levelA_fixedparam/primary200/resImgs/levelA_M0_fixedparam_primary200_crack_00273.png
levelA_M0_fixedparam,0,0,274,0,0,2064,0.0000000000,0.0000000000,0.0000000000,0.5000000000,0.0004842615,0.0009675859,./imgs_0710_2026_v1/output/traditional_baseline/levelA_fixedparam/primary200/resImgs/levelA_M0_fixedparam_primary200_crack_00274.png
levelA_M0_fixedparam,0,0,275,0,0,665,0.0000000000,0.0000000000,0.0000000000,0.5000000000,0.0015015015,0.0029940120,./imgs_0710_2026_v1/output/traditional_baseline/levelA_fixedparam/primary200/resImgs/levelA_M0_fixedparam_primary200_crack_00275.png
levelA_M0_fixedparam,0,0,276,0,0,1417,0.0000000000,0.0000000000,0.0000000000,0.5000000000,0.0007052186,0.0014084507,./imgs_0710_2026_v1/output/traditional_baseline/levelA_fixedparam/primary200/resImgs/levelA_M0_fixedparam_primary200_crack_00276.png
levelA_M0_fixedparam,0,0,277,0,0,784,0.0000000000,0.0000000000,0.0000000000,0.5000000000,0.0012738854,0.0025412961,./imgs_0710_2026_v1/output/traditional_baseline/levelA_fixedparam/primary200/resImgs/levelA_M0_fixedparam_primary200_crack_00277.png
levelA_M0_fixedparam,0,0,278,5,3,1377,0.6250000000,0.0036179450,0.0071942446,0.6250000000,0.0036179450,0.0071942446,./imgs_0710_2026_v1/output/traditional_baseline/levelA_fixedparam/primary200/resImgs/levelA_M0_fixedparam_primary200_crack_00278.png
levelA_M0_fixedparam,0,0,279,1,0,914,1.0000000000,0.0010928962,0.0021834061,0.5000000000,0.0010928962,0.0021810251,./imgs_0710_2026_v1/output/traditional_baseline/levelA_fixedparam/primary200/resImgs/levelA_M0_fixedparam_primary200_crack_00279.png
levelA_M0_fixedparam,0,0,280,1,0,1361,1.0000000000,0.0007342144,0.0014673514,0.5000000000,0.0007342144,0.0014662757,./imgs_0710_2026_v1/output/traditional_baseline/levelA_fixedparam/primary200/resImgs/levelA_M0_fixedparam_primary200_crack_00280.png
levelA_M0_fixedparam,0,0,281,1,1,733,0.5000000000,0.0013623978,0.0027173913,0.5000000000,0.0013623978,0.0027173913,./imgs_0710_2026_v1/output/traditional_baseline/levelA_fixedparam/primary200/resImgs/levelA_M0_fixedparam_primary200_crack_00281.png
levelA_M0_fixedparam,0,0,282,16,0,1116,1.0000000000,0.0141342756,0.0278745645,0.9411764706,0.0141342756,0.0278503046,./imgs_0710_2026_v1/output/traditional_baseline/levelA_fixedparam/primary200/resImgs/levelA_M0_fixedparam_primary200_crack_00282.png
levelA_M0_fixedparam,0,0,283,0,0,7550,0.0000000000,0.0000000000,0.0000000000,0.5000000000,0.0001324328,0.0002647954,./imgs_0710_2026_v1/output/traditional_baseline/levelA_fixedparam/primary200/resImgs/levelA_M0_fixedparam_primary200_crack_00283.png
levelA_M0_fixedparam,0,0,284,0,0,9338,0.0000000000,0.0000000000,0.0000000000,0.5000000000,0.0001070778,0.0002141098,./imgs_0710_2026_v1/output/traditional_baseline/levelA_fixedparam/primary200/resImgs/levelA_M0_fixedparam_primary200_crack_00284.png
levelA_M0_fixedparam,0,0,285,0,0,8073,0.0000000000,0.0000000000,0.0000000000,0.5000000000,0.0001238543,0.0002476474,./imgs_0710_2026_v1/output/traditional_baseline/levelA_fixedparam/primary200/resImgs/levelA_M0_fixedparam_primary200_crack_00285.png
levelA_M0_fixedparam,0,0,286,0,0,22445,0.0000000000,0.0000000000,0.0000000000,0.5000000000,0.0000445514,0.0000890948,./imgs_0710_2026_v1/output/traditional_baseline/levelA_fixedparam/primary200/resImgs/levelA_M0_fixedparam_primary200_crack_00286.png
levelA_M0_fixedparam,0,0,287,0,0,2737,0.0000000000,0.0000000000,0.0000000000,0.5000000000,0.0003652301,0.0007299270,./imgs_0710_2026_v1/output/traditional_baseline/levelA_fixedparam/primary200/resImgs/levelA_M0_fixedparam_primary200_crack_00287.png
levelA_M0_fixedparam,0,0,288,0,0,3701,0.0000000000,0.0000000000,0.0000000000,0.5000000000,0.0002701243,0.0005399568,./imgs_0710_2026_v1/output/traditional_baseline/levelA_fixedparam/primary200/resImgs/levelA_M0_fixedparam_primary200_crack_00288.png
levelA_M0_fixedparam,0,0,289,0,0,7549,0.0000000000,0.0000000000,0.0000000000,0.5000000000,0.0001324503,0.0002648305,./imgs_0710_2026_v1/output/traditional_baseline/levelA_fixedparam/primary200/resImgs/levelA_M0_fixedparam_primary200_crack_00289.png
levelA_M0_fixedparam,0,0,290,0,0,7637,0.0000000000,0.0000000000,0.0000000000,0.5000000000,0.0001309243,0.0002617801,./imgs_0710_2026_v1/output/traditional_baseline/levelA_fixedparam/primary200/resImgs/levelA_M0_fixedparam_primary200_crack_00290.png
levelA_M0_fixedparam,0,0,291,0,0,4702,0.0000000000,0.0000000000,0.0000000000,0.5000000000,0.0002126302,0.0004250797,./imgs_0710_2026_v1/output/traditional_baseline/levelA_fixedparam/primary200/resImgs/levelA_M0_fixedparam_primary200_crack_00291.png
levelA_M0_fixedparam,0,0,292,1,0,6962,1.0000000000,0.0001436163,0.0002871913,0.5000000000,0.0001436163,0.0002871500,./imgs_0710_2026_v1/output/traditional_baseline/levelA_fixedparam/primary200/resImgs/levelA_M0_fixedparam_primary200_crack_00292.png
levelA_M0_fixedparam,0,0,293,0,0,3465,0.0000000000,0.0000000000,0.0000000000,0.5000000000,0.0002885170,0.0005767013,./imgs_0710_2026_v1/output/traditional_baseline/levelA_fixedparam/primary200/resImgs/levelA_M0_fixedparam_primary200_crack_00293.png
levelA_M0_fixedparam,0,0,294,0,0,1453,0.0000000000,0.0000000000,0.0000000000,0.5000000000,0.0006877579,0.0013736264,./imgs_0710_2026_v1/output/traditional_baseline/levelA_fixedparam/primary200/resImgs/levelA_M0_fixedparam_primary200_crack_00294.png
levelA_M0_fixedparam,0,0,295,0,0,2271,0.0000000000,0.0000000000,0.0000000000,0.5000000000,0.0004401408,0.0008795075,./imgs_0710_2026_v1/output/traditional_baseline/levelA_fixedparam/primary200/resImgs/levelA_M0_fixedparam_primary200_crack_00295.png
levelA_M0_fixedparam,0,0,296,0,0,10975,0.0000000000,0.0000000000,0.0000000000,0.5000000000,0.0000911079,0.0001821825,./imgs_0710_2026_v1/output/traditional_baseline/levelA_fixedparam/primary200/resImgs/levelA_M0_fixedparam_primary200_crack_00296.png
levelA_M0_fixedparam,0,0,297,4,1,21377,0.8000000000,0.0001870820,0.0003740765,0.8000000000,0.0001870820,0.0003740765,./imgs_0710_2026_v1/output/traditional_baseline/levelA_fixedparam/primary200/resImgs/levelA_M0_fixedparam_primary200_crack_00297.png
levelA_M0_fixedparam,0,0,298,0,0,16528,0.0000000000,0.0000000000,0.0000000000,0.5000000000,0.0000604997,0.0001209848,./imgs_0710_2026_v1/output/traditional_baseline/levelA_fixedparam/primary200/resImgs/levelA_M0_fixedparam_primary200_crack_00298.png
levelA_M0_fixedparam,0,0,299,5,0,14365,1.0000000000,0.0003479471,0.0006956522,0.8333333333,0.0003479471,0.0006956038,./imgs_0710_2026_v1/output/traditional_baseline/levelA_fixedparam/primary200/resImgs/levelA_M0_fixedparam_primary200_crack_00299.png
levelA_M0_fixedparam,0,0,300,3,0,11442,1.0000000000,0.0002621232,0.0005241090,0.7500000000,0.0002621232,0.0005240632,./imgs_0710_2026_v1/output/traditional_baseline/levelA_fixedparam/primary200/resImgs/levelA_M0_fixedparam_primary200_crack_00300.png
levelA_M0_fixedparam,0,0,301,0,0,11546,0.0000000000,0.0000000000,0.0000000000,0.5000000000,0.0000866026,0.0001731752,./imgs_0710_2026_v1/output/traditional_baseline/levelA_fixedparam/primary200/resImgs/levelA_M0_fixedparam_primary200_crack_00301.png
levelA_M0_fixedparam,0,0,302,0,0,17820,0.0000000000,0.0000000000,0.0000000000,0.5000000000,0.0000561136,0.0001122146,./imgs_0710_2026_v1/output/traditional_baseline/levelA_fixedparam/primary200/resImgs/levelA_M0_fixedparam_primary200_crack_00302.png
levelA_M0_fixedparam,0,0,303,0,0,9013,0.0000000000,0.0000000000,0.0000000000,0.5000000000,0.0001109385,0.0002218279,./imgs_0710_2026_v1/output/traditional_baseline/levelA_fixedparam/primary200/resImgs/levelA_M0_fixedparam_primary200_crack_00303.png
levelA_M0_fixedparam,0,0,304,0,0,12319,0.0000000000,0.0000000000,0.0000000000,0.5000000000,0.0000811688,0.0001623113,./imgs_0710_2026_v1/output/traditional_baseline/levelA_fixedparam/primary200/resImgs/levelA_M0_fixedparam_primary200_crack_00304.png
levelA_M0_fixedparam,0,0,305,0,0,7849,0.0000000000,0.0000000000,0.0000000000,0.5000000000,0.0001273885,0.0002547122,./imgs_0710_2026_v1/output/traditional_baseline/levelA_fixedparam/primary200/resImgs/levelA_M0_fixedparam_primary200_crack_00305.png
levelA_M0_fixedparam,0,0,306,5,1,15260,0.8333333333,0.0003275467,0.0006548360,0.8333333333,0.0003275467,0.0006548360,./imgs_0710_2026_v1/output/traditional_baseline/levelA_fixedparam/primary200/resImgs/levelA_M0_fixedparam_primary200_crack_00306.png
levelA_M0_fixedparam,0,0,307,3,0,8867,1.0000000000,0.0003382187,0.0006762087,0.7500000000,0.0003382187,0.0006761325,./imgs_0710_2026_v1/output/traditional_baseline/levelA_fixedparam/primary200/resImgs/levelA_M0_fixedparam_primary200_crack_00307.png
levelA_M0_fixedparam,0,0,308,0,0,10129,0.0000000000,0.0000000000,0.0000000000,0.5000000000,0.0000987167,0.0001973944,./imgs_0710_2026_v1/output/traditional_baseline/levelA_fixedparam/primary200/resImgs/levelA_M0_fixedparam_primary200_crack_00308.png
levelA_M0_fixedparam,0,0,309,0,0,4569,0.0000000000,0.0000000000,0.0000000000,0.5000000000,0.0002188184,0.0004374453,./imgs_0710_2026_v1/output/traditional_baseline/levelA_fixedparam/primary200/resImgs/levelA_M0_fixedparam_primary200_crack_00309.png
levelA_M0_fixedparam,0,0,310,0,0,13056,0.0000000000,0.0000000000,0.0000000000,0.5000000000,0.0000765873,0.0001531511,./imgs_0710_2026_v1/output/traditional_baseline/levelA_fixedparam/primary200/resImgs/levelA_M0_fixedparam_primary200_crack_00310.png
levelA_M0_fixedparam,0,0,311,1,0,9057,1.0000000000,0.0001103996,0.0002207749,0.5000000000,0.0001103996,0.0002207506,./imgs_0710_2026_v1/output/traditional_baseline/levelA_fixedparam/primary200/resImgs/levelA_M0_fixedparam_primary200_crack_00311.png
levelA_M0_fixedparam,0,0,312,0,0,3340,0.0000000000,0.0000000000,0.0000000000,0.5000000000,0.0002993116,0.0005982650,./imgs_0710_2026_v1/output/traditional_baseline/levelA_fixedparam/primary200/resImgs/levelA_M0_fixedparam_primary200_crack_00312.png
levelA_M0_fixedparam,0,0,313,0,0,5626,0.0000000000,0.0000000000,0.0000000000,0.5000000000,0.0001777146,0.0003553029,./imgs_0710_2026_v1/output/traditional_baseline/levelA_fixedparam/primary200/resImgs/levelA_M0_fixedparam_primary200_crack_00313.png
levelA_M0_fixedparam,0,0,314,0,0,3981,0.0000000000,0.0000000000,0.0000000000,0.5000000000,0.0002511301,0.0005020080,./imgs_0710_2026_v1/output/traditional_baseline/levelA_fixedparam/primary200/resImgs/levelA_M0_fixedparam_primary200_crack_00314.png
levelA_M0_fixedparam,0,0,315,0,0,9325,0.0000000000,0.0000000000,0.0000000000,0.5000000000,0.0001072271,0.0002144082,./imgs_0710_2026_v1/output/traditional_baseline/levelA_fixedparam/primary200/resImgs/levelA_M0_fixedparam_primary200_crack_00315.png
levelA_M0_fixedparam,0,0,316,0,0,3701,0.0000000000,0.0000000000,0.0000000000,0.5000000000,0.0002701243,0.0005399568,./imgs_0710_2026_v1/output/traditional_baseline/levelA_fixedparam/primary200/resImgs/levelA_M0_fixedparam_primary200_crack_00316.png
levelA_M0_fixedparam,0,0,317,9,0,3534,1.0000000000,0.0025402202,0.0050675676,0.9000000000,0.0025402202,0.0050661413,./imgs_0710_2026_v1/output/traditional_baseline/levelA_fixedparam/primary200/resImgs/levelA_M0_fixedparam_primary200_crack_00317.png
levelA_M0_fixedparam,0,0,318,0,0,5133,0.0000000000,0.0000000000,0.0000000000,0.5000000000,0.0001947799,0.0003894081,./imgs_0710_2026_v1/output/traditional_baseline/levelA_fixedparam/primary200/resImgs/levelA_M0_fixedparam_primary200_crack_00318.png
levelA_M0_fixedparam,0,0,319,0,0,2517,0.0000000000,0.0000000000,0.0000000000,0.5000000000,0.0003971406,0.0007936508,./imgs_0710_2026_v1/output/traditional_baseline/levelA_fixedparam/primary200/resImgs/levelA_M0_fixedparam_primary200_crack_00319.png
levelA_M0_fixedparam,0,0,320,0,0,5161,0.0000000000,0.0000000000,0.0000000000,0.5000000000,0.0001937234,0.0003872967,./imgs_0710_2026_v1/output/traditional_baseline/levelA_fixedparam/primary200/resImgs/levelA_M0_fixedparam_primary200_crack_00320.png
levelA_M0_fixedparam,0,0,321,1,0,12966,1.0000000000,0.0000771188,0.0001542258,0.5000000000,0.0000771188,0.0001542139,./imgs_0710_2026_v1/output/traditional_baseline/levelA_fixedparam/primary200/resImgs/levelA_M0_fixedparam_primary200_crack_00321.png
levelA_M0_fixedparam,0,0,322,3,0,9911,1.0000000000,0.0003026024,0.0006050217,0.7500000000,0.0003026024,0.0006049607,./imgs_0710_2026_v1/output/traditional_baseline/levelA_fixedparam/primary200/resImgs/levelA_M0_fixedparam_primary200_crack_00322.png
levelA_M0_fixedparam,0,0,323,0,0,10159,0.0000000000,0.0000000000,0.0000000000,0.5000000000,0.0000984252,0.0001968117,./imgs_0710_2026_v1/output/traditional_baseline/levelA_fixedparam/primary200/resImgs/levelA_M0_fixedparam_primary200_crack_00323.png
levelA_M0_fixedparam,0,0,324,0,0,20651,0.0000000000,0.0000000000,0.0000000000,0.5000000000,0.0000484215,0.0000968335,./imgs_0710_2026_v1/output/traditional_baseline/levelA_fixedparam/primary200/resImgs/levelA_M0_fixedparam_primary200_crack_00324.png
levelA_M0_fixedparam,0,0,325,0,0,4409,0.0000000000,0.0000000000,0.0000000000,0.5000000000,0.0002267574,0.0004533092,./imgs_0710_2026_v1/output/traditional_baseline/levelA_fixedparam/primary200/resImgs/levelA_M0_fixedparam_primary200_crack_00325.png
levelA_M0_fixedparam,0,0,326,6,0,16302,1.0000000000,0.0003679176,0.0007355645,0.8571428571,0.0003679176,0.0007355195,./imgs_0710_2026_v1/output/traditional_baseline/levelA_fixedparam/primary200/resImgs/levelA_M0_fixedparam_primary200_crack_00326.png
levelA_M0_fixedparam,0,0,327,5,0,9517,1.0000000000,0.0005250998,0.0010496484,0.8333333333,0.0005250998,0.0010495382,./imgs_0710_2026_v1/output/traditional_baseline/levelA_fixedparam/primary200/resImgs/levelA_M0_fixedparam_primary200_crack_00327.png
levelA_M0_fixedparam,0,0,328,0,0,14059,0.0000000000,0.0000000000,0.0000000000,0.5000000000,0.0000711238,0.0001422273,./imgs_0710_2026_v1/output/traditional_baseline/levelA_fixedparam/primary200/resImgs/levelA_M0_fixedparam_primary200_crack_00328.png
levelA_M0_fixedparam,0,0,329,0,0,6374,0.0000000000,0.0000000000,0.0000000000,0.5000000000,0.0001568627,0.0003136271,./imgs_0710_2026_v1/output/traditional_baseline/levelA_fixedparam/primary200/resImgs/levelA_M0_fixedparam_primary200_crack_00329.png
levelA_M0_fixedparam,0,0,330,3,0,11768,1.0000000000,0.0002548636,0.0005095974,0.7500000000,0.0002548636,0.0005095541,./imgs_0710_2026_v1/output/traditional_baseline/levelA_fixedparam/primary200/resImgs/levelA_M0_fixedparam_primary200_crack_00330.png
levelA_M0_fixedparam,0,0,331,0,0,13296,0.0000000000,0.0000000000,0.0000000000,0.5000000000,0.0000752049,0.0001503872,./imgs_0710_2026_v1/output/traditional_baseline/levelA_fixedparam/primary200/resImgs/levelA_M0_fixedparam_primary200_crack_00331.png
levelA_M0_fixedparam,0,0,332,0,0,13143,0.0000000000,0.0000000000,0.0000000000,0.5000000000,0.0000760803,0.0001521375,./imgs_0710_2026_v1/output/traditional_baseline/levelA_fixedparam/primary200/resImgs/levelA_M0_fixedparam_primary200_crack_00332.png
levelA_M0_fixedparam,0,0,333,0,0,682,0.0000000000,0.0000000000,0.0000000000,0.5000000000,0.0014641288,0.0029197080,./imgs_0710_2026_v1/output/traditional_baseline/levelA_fixedparam/primary200/resImgs/levelA_M0_fixedparam_primary200_crack_00333.png
levelA_M0_fixedparam,0,0,334,0,0,10837,0.0000000000,0.0000000000,0.0000000000,0.5000000000,0.0000922679,0.0001845018,./imgs_0710_2026_v1/output/traditional_baseline/levelA_fixedparam/primary200/resImgs/levelA_M0_fixedparam_primary200_crack_00334.png
levelA_M0_fixedparam,0,0,335,0,0,13272,0.0000000000,0.0000000000,0.0000000000,0.5000000000,0.0000753409,0.0001506591,./imgs_0710_2026_v1/output/traditional_baseline/levelA_fixedparam/primary200/resImgs/levelA_M0_fixedparam_primary200_crack_00335.png
levelA_M0_fixedparam,0,0,336,0,0,4131,0.0000000000,0.0000000000,0.0000000000,0.5000000000,0.0002420136,0.0004837929,./imgs_0710_2026_v1/output/traditional_baseline/levelA_fixedparam/primary200/resImgs/levelA_M0_fixedparam_primary200_crack_00336.png
levelA_M0_fixedparam,0,0,337,0,0,5615,0.0000000000,0.0000000000,0.0000000000,0.5000000000,0.0001780627,0.0003559986,./imgs_0710_2026_v1/output/traditional_baseline/levelA_fixedparam/primary200/resImgs/levelA_M0_fixedparam_primary200_crack_00337.png
levelA_M0_fixedparam,0,0,338,0,0,8803,0.0000000000,0.0000000000,0.0000000000,0.5000000000,0.0001135847,0.0002271179,./imgs_0710_2026_v1/output/traditional_baseline/levelA_fixedparam/primary200/resImgs/levelA_M0_fixedparam_primary200_crack_00338.png
levelA_M0_fixedparam,0,0,339,0,0,3994,0.0000000000,0.0000000000,0.0000000000,0.5000000000,0.0002503129,0.0005003753,./imgs_0710_2026_v1/output/traditional_baseline/levelA_fixedparam/primary200/resImgs/levelA_M0_fixedparam_primary200_crack_00339.png
levelA_M0_fixedparam,0,0,340,0,0,9623,0.0000000000,0.0000000000,0.0000000000,0.5000000000,0.0001039069,0.0002077706,./imgs_0710_2026_v1/output/traditional_baseline/levelA_fixedparam/primary200/resImgs/levelA_M0_fixedparam_primary200_crack_00340.png
levelA_M0_fixedparam,0,0,341,0,0,7405,0.0000000000,0.0000000000,0.0000000000,0.5000000000,0.0001350257,0.0002699784,./imgs_0710_2026_v1/output/traditional_baseline/levelA_fixedparam/primary200/resImgs/levelA_M0_fixedparam_primary200_crack_00341.png
levelA_M0_fixedparam,0,0,342,0,0,3480,0.0000000000,0.0000000000,0.0000000000,0.5000000000,0.0002872738,0.0005742176,./imgs_0710_2026_v1/output/traditional_baseline/levelA_fixedparam/primary200/resImgs/levelA_M0_fixedparam_primary200_crack_00342.png
levelA_M0_fixedparam,0,0,343,0,0,13495,0.0000000000,0.0000000000,0.0000000000,0.5000000000,0.0000740960,0.0001481701,./imgs_0710_2026_v1/output/traditional_baseline/levelA_fixedparam/primary200/resImgs/levelA_M0_fixedparam_primary200_crack_00343.png
levelA_M0_fixedparam,0,0,344,0,0,10770,0.0000000000,0.0000000000,0.0000000000,0.5000000000,0.0000928419,0.0001856493,./imgs_0710_2026_v1/output/traditional_baseline/levelA_fixedparam/primary200/resImgs/levelA_M0_fixedparam_primary200_crack_00344.png
levelA_M0_fixedparam,0,0,345,0,0,4852,0.0000000000,0.0000000000,0.0000000000,0.5000000000,0.0002060581,0.0004119464,./imgs_0710_2026_v1/output/traditional_baseline/levelA_fixedparam/primary200/resImgs/levelA_M0_fixedparam_primary200_crack_00345.png
levelA_M0_fixedparam,0,0,346,0,0,9145,0.0000000000,0.0000000000,0.0000000000,0.5000000000,0.0001093374,0.0002186270,./imgs_0710_2026_v1/output/traditional_baseline/levelA_fixedparam/primary200/resImgs/levelA_M0_fixedparam_primary200_crack_00346.png
levelA_M0_fixedparam,0,0,347,0,0,4122,0.0000000000,0.0000000000,0.0000000000,0.5000000000,0.0002425418,0.0004848485,./imgs_0710_2026_v1/output/traditional_baseline/levelA_fixedparam/primary200/resImgs/levelA_M0_fixedparam_primary200_crack_00347.png
levelA_M0_fixedparam,0,0,348,0,0,8492,0.0000000000,0.0000000000,0.0000000000,0.5000000000,0.0001177440,0.0002354326,./imgs_0710_2026_v1/output/traditional_baseline/levelA_fixedparam/primary200/resImgs/levelA_M0_fixedparam_primary200_crack_00348.png
levelA_M0_fixedparam,0,0,349,0,0,7948,0.0000000000,0.0000000000,0.0000000000,0.5000000000,0.0001258020,0.0002515407,./imgs_0710_2026_v1/output/traditional_baseline/levelA_fixedparam/primary200/resImgs/levelA_M0_fixedparam_primary200_crack_00349.png
levelA_M0_fixedparam,0,0,350,0,0,1181,0.0000000000,0.0000000000,0.0000000000,0.5000000000,0.0008460237,0.0016891892,./imgs_0710_2026_v1/output/traditional_baseline/levelA_fixedparam/primary200/resImgs/levelA_M0_fixedparam_primary200_crack_00350.png
levelA_M0_fixedparam,0,0,351,0,0,3377,0.0000000000,0.0000000000,0.0000000000,0.5000000000,0.0002960332,0.0005917160,./imgs_0710_2026_v1/output/traditional_baseline/levelA_fixedparam/primary200/resImgs/levelA_M0_fixedparam_primary200_crack_00351.png
levelA_M0_fixedparam,0,0,352,0,0,1269,0.0000000000,0.0000000000,0.0000000000,0.5000000000,0.0007874016,0.0015723270,./imgs_0710_2026_v1/output/traditional_baseline/levelA_fixedparam/primary200/resImgs/levelA_M0_fixedparam_primary200_crack_00352.png
levelA_M0_fixedparam,0,0,353,0,0,1590,0.0000000000,0.0000000000,0.0000000000,0.5000000000,0.0006285355,0.0012554928,./imgs_0710_2026_v1/output/traditional_baseline/levelA_fixedparam/primary200/resImgs/levelA_M0_fixedparam_primary200_crack_00353.png
levelA_M0_fixedparam,0,0,354,0,0,1448,0.0000000000,0.0000000000,0.0000000000,0.5000000000,0.0006901311,0.0013783598,./imgs_0710_2026_v1/output/traditional_baseline/levelA_fixedparam/primary200/resImgs/levelA_M0_fixedparam_primary200_crack_00354.png
levelA_M0_fixedparam,0,0,355,0,0,3919,0.0000000000,0.0000000000,0.0000000000,0.5000000000,0.0002551020,0.0005099439,./imgs_0710_2026_v1/output/traditional_baseline/levelA_fixedparam/primary200/resImgs/levelA_M0_fixedparam_primary200_crack_00355.png
levelA_M0_fixedparam,0,0,356,0,0,3634,0.0000000000,0.0000000000,0.0000000000,0.5000000000,0.0002751032,0.0005499038,./imgs_0710_2026_v1/output/traditional_baseline/levelA_fixedparam/primary200/resImgs/levelA_M0_fixedparam_primary200_crack_00356.png
levelA_M0_fixedparam,0,0,357,0,0,1097,0.0000000000,0.0000000000,0.0000000000,0.5000000000,0.0009107468,0.0018181818,./imgs_0710_2026_v1/output/traditional_baseline/levelA_fixedparam/primary200/resImgs/levelA_M0_fixedparam_primary200_crack_00357.png
levelA_M0_fixedparam,0,0,358,0,0,889,0.0000000000,0.0000000000,0.0000000000,0.5000000000,0.0011235955,0.0022421525,./imgs_0710_2026_v1/output/traditional_baseline/levelA_fixedparam/primary200/resImgs/levelA_M0_fixedparam_primary200_crack_00358.png
levelA_M0_fixedparam,0,0,359,0,0,1600,0.0000000000,0.0000000000,0.0000000000,0.5000000000,0.0006246096,0.0012476606,./imgs_0710_2026_v1/output/traditional_baseline/levelA_fixedparam/primary200/resImgs/levelA_M0_fixedparam_primary200_crack_00359.png
levelA_M0_fixedparam,0,0,360,0,0,1175,0.0000000000,0.0000000000,0.0000000000,0.5000000000,0.0008503401,0.0016977929,./imgs_0710_2026_v1/output/traditional_baseline/levelA_fixedparam/primary200/resImgs/levelA_M0_fixedparam_primary200_crack_00360.png
levelA_M0_fixedparam,0,0,361,0,0,2415,0.0000000000,0.0000000000,0.0000000000,0.5000000000,0.0004139073,0.0008271299,./imgs_0710_2026_v1/output/traditional_baseline/levelA_fixedparam/primary200/resImgs/levelA_M0_fixedparam_primary200_crack_00361.png
levelA_M0_fixedparam,0,0,362,0,0,10021,0.0000000000,0.0000000000,0.0000000000,0.5000000000,0.0000997805,0.0001995211,./imgs_0710_2026_v1/output/traditional_baseline/levelA_fixedparam/primary200/resImgs/levelA_M0_fixedparam_primary200_crack_00362.png
levelA_M0_fixedparam,0,0,363,0,0,3664,0.0000000000,0.0000000000,0.0000000000,0.5000000000,0.0002728513,0.0005454050,./imgs_0710_2026_v1/output/traditional_baseline/levelA_fixedparam/primary200/resImgs/levelA_M0_fixedparam_primary200_crack_00363.png
levelA_M0_fixedparam,0,0,364,0,0,7062,0.0000000000,0.0000000000,0.0000000000,0.5000000000,0.0001415829,0.0002830856,./imgs_0710_2026_v1/output/traditional_baseline/levelA_fixedparam/primary200/resImgs/levelA_M0_fixedparam_primary200_crack_00364.png
levelA_M0_fixedparam,0,0,365,0,0,7135,0.0000000000,0.0000000000,0.0000000000,0.5000000000,0.0001401345,0.0002801905,./imgs_0710_2026_v1/output/traditional_baseline/levelA_fixedparam/primary200/resImgs/levelA_M0_fixedparam_primary200_crack_00365.png
levelA_M0_fixedparam,0,0,366,0,0,2296,0.0000000000,0.0000000000,0.0000000000,0.5000000000,0.0004353505,0.0008699435,./imgs_0710_2026_v1/output/traditional_baseline/levelA_fixedparam/primary200/resImgs/levelA_M0_fixedparam_primary200_crack_00366.png
levelA_M0_fixedparam,0,0,367,0,0,1310,0.0000000000,0.0000000000,0.0000000000,0.5000000000,0.0007627765,0.0015232292,./imgs_0710_2026_v1/output/traditional_baseline/levelA_fixedparam/primary200/resImgs/levelA_M0_fixedparam_primary200_crack_00367.png
levelA_M0_fixedparam,0,0,368,0,0,12157,0.0000000000,0.0000000000,0.0000000000,0.5000000000,0.0000822504,0.0001644737,./imgs_0710_2026_v1/output/traditional_baseline/levelA_fixedparam/primary200/resImgs/levelA_M0_fixedparam_primary200_crack_00368.png
levelA_M0_fixedparam,0,0,369,0,0,3587,0.0000000000,0.0000000000,0.0000000000,0.5000000000,0.0002787068,0.0005571031,./imgs_0710_2026_v1/output/traditional_baseline/levelA_fixedparam/primary200/resImgs/levelA_M0_fixedparam_primary200_crack_00369.png
levelA_M0_fixedparam,0,0,370,0,0,8529,0.0000000000,0.0000000000,0.0000000000,0.5000000000,0.0001172333,0.0002344116,./imgs_0710_2026_v1/output/traditional_baseline/levelA_fixedparam/primary200/resImgs/levelA_M0_fixedparam_primary200_crack_00370.png
levelA_M0_fixedparam,0,0,371,0,0,2185,0.0000000000,0.0000000000,0.0000000000,0.5000000000,0.0004574565,0.0009140768,./imgs_0710_2026_v1/output/traditional_baseline/levelA_fixedparam/primary200/resImgs/levelA_M0_fixedparam_primary200_crack_00371.png
levelA_M0_fixedparam,0,0,372,0,0,9029,0.0000000000,0.0000000000,0.0000000000,0.5000000000,0.0001107420,0.0002214349,./imgs_0710_2026_v1/output/traditional_baseline/levelA_fixedparam/primary200/resImgs/levelA_M0_fixedparam_primary200_crack_00372.png
levelA_M0_fixedparam,0,0,373,0,0,1841,0.0000000000,0.0000000000,0.0000000000,0.5000000000,0.0005428882,0.0010845987,./imgs_0710_2026_v1/output/traditional_baseline/levelA_fixedparam/primary200/resImgs/levelA_M0_fixedparam_primary200_crack_00373.png
levelA_M0_fixedparam,0,0,374,0,0,9511,0.0000000000,0.0000000000,0.0000000000,0.5000000000,0.0001051304,0.0002102165,./imgs_0710_2026_v1/output/traditional_baseline/levelA_fixedparam/primary200/resImgs/levelA_M0_fixedparam_primary200_crack_00374.png
levelA_M0_fixedparam,0,0,375,0,0,2165,0.0000000000,0.0000000000,0.0000000000,0.5000000000,0.0004616805,0.0009225092,./imgs_0710_2026_v1/output/traditional_baseline/levelA_fixedparam/primary200/resImgs/levelA_M0_fixedparam_primary200_crack_00375.png
levelA_M0_fixedparam,0,0,376,0,0,1400,0.0000000000,0.0000000000,0.0000000000,0.5000000000,0.0007137759,0.0014255167,./imgs_0710_2026_v1/output/traditional_baseline/levelA_fixedparam/primary200/resImgs/levelA_M0_fixedparam_primary200_crack_00376.png
levelA_M0_fixedparam,0,0,377,0,0,2180,0.0000000000,0.0000000000,0.0000000000,0.5000000000,0.0004585053,0.0009161704,./imgs_0710_2026_v1/output/traditional_baseline/levelA_fixedparam/primary200/resImgs/levelA_M0_fixedparam_primary200_crack_00377.png
levelA_M0_fixedparam,0,0,378,0,0,4724,0.0000000000,0.0000000000,0.0000000000,0.5000000000,0.0002116402,0.0004231013,./imgs_0710_2026_v1/output/traditional_baseline/levelA_fixedparam/primary200/resImgs/levelA_M0_fixedparam_primary200_crack_00378.png
levelA_M0_fixedparam,0,0,379,0,0,5166,0.0000000000,0.0000000000,0.0000000000,0.5000000000,0.0001935359,0.0003869220,./imgs_0710_2026_v1/output/traditional_baseline/levelA_fixedparam/primary200/resImgs/levelA_M0_fixedparam_primary200_crack_00379.png
levelA_M0_fixedparam,0,0,380,0,0,908,0.0000000000,0.0000000000,0.0000000000,0.5000000000,0.0011001100,0.0021953897,./imgs_0710_2026_v1/output/traditional_baseline/levelA_fixedparam/primary200/resImgs/levelA_M0_fixedparam_primary200_crack_00380.png
levelA_M0_fixedparam,0,0,381,0,0,4092,0.0000000000,0.0000000000,0.0000000000,0.5000000000,0.0002443196,0.0004884005,./imgs_0710_2026_v1/output/traditional_baseline/levelA_fixedparam/primary200/resImgs/levelA_M0_fixedparam_primary200_crack_00381.png
levelA_M0_fixedparam,0,0,382,0,0,4989,0.0000000000,0.0000000000,0.0000000000,0.5000000000,0.0002004008,0.0004006410,./imgs_0710_2026_v1/output/traditional_baseline/levelA_fixedparam/primary200/resImgs/levelA_M0_fixedparam_primary200_crack_00382.png
levelA_M0_fixedparam,0,0,383,0,0,5484,0.0000000000,0.0000000000,0.0000000000,0.5000000000,0.0001823154,0.0003644979,./imgs_0710_2026_v1/output/traditional_baseline/levelA_fixedparam/primary200/resImgs/levelA_M0_fixedparam_primary200_crack_00383.png
levelA_M0_fixedparam,0,0,384,0,0,2158,0.0000000000,0.0000000000,0.0000000000,0.5000000000,0.0004631774,0.0009254975,./imgs_0710_2026_v1/output/traditional_baseline/levelA_fixedparam/primary200/resImgs/levelA_M0_fixedparam_primary200_crack_00384.png
levelA_M0_fixedparam,0,0,385,0,0,4600,0.0000000000,0.0000000000,0.0000000000,0.5000000000,0.0002173441,0.0004344992,./imgs_0710_2026_v1/output/traditional_baseline/levelA_fixedparam/primary200/resImgs/levelA_M0_fixedparam_primary200_crack_00385.png
levelA_M0_fixedparam,0,0,386,0,0,2661,0.0000000000,0.0000000000,0.0000000000,0.5000000000,0.0003756574,0.0007507508,./imgs_0710_2026_v1/output/traditional_baseline/levelA_fixedparam/primary200/resImgs/levelA_M0_fixedparam_primary200_crack_00386.png
levelA_M0_fixedparam,0,0,387,0,0,1184,0.0000000000,0.0000000000,0.0000000000,0.5000000000,0.0008438819,0.0016849200,./imgs_0710_2026_v1/output/traditional_baseline/levelA_fixedparam/primary200/resImgs/levelA_M0_fixedparam_primary200_crack_00387.png
levelA_M0_fixedparam,0,0,388,0,0,4174,0.0000000000,0.0000000000,0.0000000000,0.5000000000,0.0002395210,0.0004788125,./imgs_0710_2026_v1/output/traditional_baseline/levelA_fixedparam/primary200/resImgs/levelA_M0_fixedparam_primary200_crack_00388.png
levelA_M0_fixedparam,0,0,389,0,0,6332,0.0000000000,0.0000000000,0.0000000000,0.5000000000,0.0001579030,0.0003157064,./imgs_0710_2026_v1/output/traditional_baseline/levelA_fixedparam/primary200/resImgs/levelA_M0_fixedparam_primary200_crack_00389.png
levelA_M0_fixedparam,0,0,390,0,0,6483,0.0000000000,0.0000000000,0.0000000000,0.5000000000,0.0001542258,0.0003083565,./imgs_0710_2026_v1/output/traditional_baseline/levelA_fixedparam/primary200/resImgs/levelA_M0_fixedparam_primary200_crack_00390.png
levelA_M0_fixedparam,0,0,391,0,0,10711,0.0000000000,0.0000000000,0.0000000000,0.5000000000,0.0000933532,0.0001866716,./imgs_0710_2026_v1/output/traditional_baseline/levelA_fixedparam/primary200/resImgs/levelA_M0_fixedparam_primary200_crack_00391.png
levelA_M0_fixedparam,0,0,392,0,0,6813,0.0000000000,0.0000000000,0.0000000000,0.5000000000,0.0001467567,0.0002934272,./imgs_0710_2026_v1/output/traditional_baseline/levelA_fixedparam/primary200/resImgs/levelA_M0_fixedparam_primary200_crack_00392.png
levelA_M0_fixedparam,0,0,393,0,0,1642,0.0000000000,0.0000000000,0.0000000000,0.5000000000,0.0006086427,0.0012158055,./imgs_0710_2026_v1/output/traditional_baseline/levelA_fixedparam/primary200/resImgs/levelA_M0_fixedparam_primary200_crack_00393.png
levelA_M0_fixedparam,0,0,394,0,0,3075,0.0000000000,0.0000000000,0.0000000000,0.5000000000,0.0003250975,0.0006497726,./imgs_0710_2026_v1/output/traditional_baseline/levelA_fixedparam/primary200/resImgs/levelA_M0_fixedparam_primary200_crack_00394.png
levelA_M0_fixedparam,0,0,395,0,0,1630,0.0000000000,0.0000000000,0.0000000000,0.5000000000,0.0006131208,0.0012247397,./imgs_0710_2026_v1/output/traditional_baseline/levelA_fixedparam/primary200/resImgs/levelA_M0_fixedparam_primary200_crack_00395.png
levelA_M0_fixedparam,0,0,396,0,0,2277,0.0000000000,0.0000000000,0.0000000000,0.5000000000,0.0004389816,0.0008771930,./imgs_0710_2026_v1/output/traditional_baseline/levelA_fixedparam/primary200/resImgs/levelA_M0_fixedparam_primary200_crack_00396.png
levelA_M0_fixedparam,0,0,397,0,0,823,0.0000000000,0.0000000000,0.0000000000,0.5000000000,0.0012135922,0.0024213075,./imgs_0710_2026_v1/output/traditional_baseline/levelA_fixedparam/primary200/resImgs/levelA_M0_fixedparam_primary200_crack_00397.png
levelA_M0_fixedparam,0,0,398,0,0,1861,0.0000000000,0.0000000000,0.0000000000,0.5000000000,0.0005370569,0.0010729614,./imgs_0710_2026_v1/output/traditional_baseline/levelA_fixedparam/primary200/resImgs/levelA_M0_fixedparam_primary200_crack_00398.png
levelA_M0_fixedparam,0,0,399,0,0,2143,0.0000000000,0.0000000000,0.0000000000,0.5000000000,0.0004664179,0.0009319664,./imgs_0710_2026_v1/output/traditional_baseline/levelA_fixedparam/primary200/resImgs/levelA_M0_fixedparam_primary200_crack_00399.png
levelA_M0_fixedparam,0,0,400,0,0,1634,0.0000000000,0.0000000000,0.0000000000,0.5000000000,0.0006116208,0.0012217471,./imgs_0710_2026_v1/output/traditional_baseline/levelA_fixedparam/primary200/resImgs/levelA_M0_fixedparam_primary200_crack_00400.png
levelA_M0_fixedparam,0,0,401,0,0,612,0.0000000000,0.0000000000,0.0000000000,0.5000000000,0.0016313214,0.0032520325,./imgs_0710_2026_v1/output/traditional_baseline/levelA_fixedparam/primary200/resImgs/levelA_M0_fixedparam_primary200_crack_00401.png
levelA_M0_fixedparam,0,0,402,0,0,4377,0.0000000000,0.0000000000,0.0000000000,0.5000000000,0.0002284148,0.0004566210,./imgs_0710_2026_v1/output/traditional_baseline/levelA_fixedparam/primary200/resImgs/levelA_M0_fixedparam_primary200_crack_00402.png
levelA_M0_fixedparam,0,0,403,0,0,3904,0.0000000000,0.0000000000,0.0000000000,0.5000000000,0.0002560819,0.0005119017,./imgs_0710_2026_v1/output/traditional_baseline/levelA_fixedparam/primary200/resImgs/levelA_M0_fixedparam_primary200_crack_00403.png
levelA_M0_fixedparam,0,0,404,0,0,2275,0.0000000000,0.0000000000,0.0000000000,0.5000000000,0.0004393673,0.0008779631,./imgs_0710_2026_v1/output/traditional_baseline/levelA_fixedparam/primary200/resImgs/levelA_M0_fixedparam_primary200_crack_00404.png
levelA_M0_fixedparam,0,0,405,0,0,2621,0.0000000000,0.0000000000,0.0000000000,0.5000000000,0.0003813883,0.0007621951,./imgs_0710_2026_v1/output/traditional_baseline/levelA_fixedparam/primary200/resImgs/levelA_M0_fixedparam_primary200_crack_00405.png
levelA_M0_fixedparam,0,0,406,0,0,1035,0.0000000000,0.0000000000,0.0000000000,0.5000000000,0.0009652510,0.0019267823,./imgs_0710_2026_v1/output/traditional_baseline/levelA_fixedparam/primary200/resImgs/levelA_M0_fixedparam_primary200_crack_00406.png
levelA_M0_fixedparam,0,0,407,0,0,2419,0.0000000000,0.0000000000,0.0000000000,0.5000000000,0.0004132231,0.0008257638,./imgs_0710_2026_v1/output/traditional_baseline/levelA_fixedparam/primary200/resImgs/levelA_M0_fixedparam_primary200_crack_00407.png
levelA_M0_fixedparam,0,0,408,0,0,3068,0.0000000000,0.0000000000,0.0000000000,0.5000000000,0.0003258390,0.0006512537,./imgs_0710_2026_v1/output/traditional_baseline/levelA_fixedparam/primary200/resImgs/levelA_M0_fixedparam_primary200_crack_00408.png
levelA_M0_fixedparam,0,0,409,0,0,714,0.0000000000,0.0000000000,0.0000000000,0.5000000000,0.0013986014,0.0027894003,./imgs_0710_2026_v1/output/traditional_baseline/levelA_fixedparam/primary200/resImgs/levelA_M0_fixedparam_primary200_crack_00409.png
levelA_M0_fixedparam,0,0,410,0,0,5053,0.0000000000,0.0000000000,0.0000000000,0.5000000000,0.0001978631,0.0003955696,./imgs_0710_2026_v1/output/traditional_baseline/levelA_fixedparam/primary200/resImgs/levelA_M0_fixedparam_primary200_crack_00410.png
levelA_M1_fixedparam,0,0,211,590,83964,1906,0.0069777893,0.2363782051,0.0135554279,0.0069777893,0.2363782051,0.0135554279,./imgs_0710_2026_v1/output/traditional_baseline/levelA_fixedparam/primary200/resImgs/levelA_M1_fixedparam_primary200_crack_00211.png
levelA_M1_fixedparam,0,0,212,1316,79108,2023,0.0163632746,0.3941299790,0.0314219882,0.0163632746,0.3941299790,0.0314219882,./imgs_0710_2026_v1/output/traditional_baseline/levelA_fixedparam/primary200/resImgs/levelA_M1_fixedparam_primary200_crack_00212.png
levelA_M1_fixedparam,0,0,213,239,72247,776,0.0032971884,0.2354679803,0.0065033129,0.0032971884,0.2354679803,0.0065033129,./imgs_0710_2026_v1/output/traditional_baseline/levelA_fixedparam/primary200/resImgs/levelA_M1_fixedparam_primary200_crack_00213.png
levelA_M1_fixedparam,0,0,214,1520,76437,1852,0.0194979283,0.4507710558,0.0373790407,0.0194979283,0.4507710558,0.0373790407,./imgs_0710_2026_v1/output/traditional_baseline/levelA_fixedparam/primary200/resImgs/levelA_M1_fixedparam_primary200_crack_00214.png
levelA_M1_fixedparam,0,0,215,255,83360,530,0.0030496920,0.3248407643,0.0060426540,0.0030496920,0.3248407643,0.0060426540,./imgs_0710_2026_v1/output/traditional_baseline/levelA_fixedparam/primary200/resImgs/levelA_M1_fixedparam_primary200_crack_00215.png
levelA_M1_fixedparam,0,0,216,1268,81321,3517,0.0153531342,0.2649947753,0.0290246526,0.0153531342,0.2649947753,0.0290246526,./imgs_0710_2026_v1/output/traditional_baseline/levelA_fixedparam/primary200/resImgs/levelA_M1_fixedparam_primary200_crack_00216.png
levelA_M1_fixedparam,0,0,217,181,84445,1683,0.0021388226,0.0971030043,0.0041854550,0.0021388226,0.0971030043,0.0041854550,./imgs_0710_2026_v1/output/traditional_baseline/levelA_fixedparam/primary200/resImgs/levelA_M1_fixedparam_primary200_crack_00217.png
levelA_M1_fixedparam,0,0,218,394,77252,2200,0.0050743116,0.1518889746,0.0098205384,0.0050743116,0.1518889746,0.0098205384,./imgs_0710_2026_v1/output/traditional_baseline/levelA_fixedparam/primary200/resImgs/levelA_M1_fixedparam_primary200_crack_00218.png
levelA_M1_fixedparam,0,0,219,1068,57829,2387,0.0181333514,0.3091172214,0.0342571209,0.0181333514,0.3091172214,0.0342571209,./imgs_0710_2026_v1/output/traditional_baseline/levelA_fixedparam/primary200/resImgs/levelA_M1_fixedparam_primary200_crack_00219.png
levelA_M1_fixedparam,0,0,220,585,62771,808,0.0092335375,0.4199569275,0.0180697771,0.0092335375,0.4199569275,0.0180697771,./imgs_0710_2026_v1/output/traditional_baseline/levelA_fixedparam/primary200/resImgs/levelA_M1_fixedparam_primary200_crack_00220.png
levelA_M1_fixedparam,0,0,221,3602,68672,3653,0.0498381161,0.4964851826,0.0905833092,0.0498381161,0.4964851826,0.0905833092,./imgs_0710_2026_v1/output/traditional_baseline/levelA_fixedparam/primary200/resImgs/levelA_M1_fixedparam_primary200_crack_00221.png
levelA_M1_fixedparam,0,0,222,1321,71240,2053,0.0182053720,0.3915234143,0.0347929150,0.0182053720,0.3915234143,0.0347929150,./imgs_0710_2026_v1/output/traditional_baseline/levelA_fixedparam/primary200/resImgs/levelA_M1_fixedparam_primary200_crack_00222.png
levelA_M1_fixedparam,0,0,223,460,74465,591,0.0061394728,0.4376784015,0.0121090871,0.0061394728,0.4376784015,0.0121090871,./imgs_0710_2026_v1/output/traditional_baseline/levelA_fixedparam/primary200/resImgs/levelA_M1_fixedparam_primary200_crack_00223.png
levelA_M1_fixedparam,0,0,224,1383,60672,3648,0.0222866812,0.2748956470,0.0412306592,0.0222866812,0.2748956470,0.0412306592,./imgs_0710_2026_v1/output/traditional_baseline/levelA_fixedparam/primary200/resImgs/levelA_M1_fixedparam_primary200_crack_00224.png
levelA_M1_fixedparam,0,0,225,1499,60216,2612,0.0242890707,0.3646314765,0.0455443138,0.0242890707,0.3646314765,0.0455443138,./imgs_0710_2026_v1/output/traditional_baseline/levelA_fixedparam/primary200/resImgs/levelA_M1_fixedparam_primary200_crack_00225.png
levelA_M1_fixedparam,0,0,226,198,68541,491,0.0028804609,0.2873730044,0.0057037506,0.0028804609,0.2873730044,0.0057037506,./imgs_0710_2026_v1/output/traditional_baseline/levelA_fixedparam/primary200/resImgs/levelA_M1_fixedparam_primary200_crack_00226.png
levelA_M1_fixedparam,0,0,227,1080,70239,2822,0.0151432297,0.2767811379,0.0287153853,0.0151432297,0.2767811379,0.0287153853,./imgs_0710_2026_v1/output/traditional_baseline/levelA_fixedparam/primary200/resImgs/levelA_M1_fixedparam_primary200_crack_00227.png
levelA_M1_fixedparam,0,0,228,1229,71266,2729,0.0169528933,0.3105103588,0.0321504715,0.0169528933,0.3105103588,0.0321504715,./imgs_0710_2026_v1/output/traditional_baseline/levelA_fixedparam/primary200/resImgs/levelA_M1_fixedparam_primary200_crack_00228.png
levelA_M1_fixedparam,0,0,229,1311,66027,3672,0.0194689477,0.2630945214,0.0362550297,0.0194689477,0.2630945214,0.0362550297,./imgs_0710_2026_v1/output/traditional_baseline/levelA_fixedparam/primary200/resImgs/levelA_M1_fixedparam_primary200_crack_00229.png
levelA_M1_fixedparam,0,0,230,553,63324,3123,0.0086572632,0.1504352557,0.0163723299,0.0086572632,0.1504352557,0.0163723299,./imgs_0710_2026_v1/output/traditional_baseline/levelA_fixedparam/primary200/resImgs/levelA_M1_fixedparam_primary200_crack_00230.png
levelA_M1_fixedparam,0,0,231,1227,68052,2943,0.0177109947,0.2942446043,0.0334109382,0.0177109947,0.2942446043,0.0334109382,./imgs_0710_2026_v1/output/traditional_baseline/levelA_fixedparam/primary200/resImgs/levelA_M1_fixedparam_primary200_crack_00231.png
levelA_M1_fixedparam,0,0,232,248,71968,1115,0.0034341420,0.1819515774,0.0067410538,0.0034341420,0.1819515774,0.0067410538,./imgs_0710_2026_v1/output/traditional_baseline/levelA_fixedparam/primary200/resImgs/levelA_M1_fixedparam_primary200_crack_00232.png
levelA_M1_fixedparam,0,0,233,398,66448,2208,0.0059539838,0.1527244820,0.0114611530,0.0059539838,0.1527244820,0.0114611530,./imgs_0710_2026_v1/output/traditional_baseline/levelA_fixedparam/primary200/resImgs/levelA_M1_fixedparam_primary200_crack_00233.png
levelA_M1_fixedparam,0,0,234,399,60348,3080,0.0065682256,0.1146881288,0.0124248747,0.0065682256,0.1146881288,0.0124248747,./imgs_0710_2026_v1/output/traditional_baseline/levelA_fixedparam/primary200/resImgs/levelA_M1_fixedparam_primary200_crack_00234.png
levelA_M1_fixedparam,0,0,235,704,97123,2140,0.0071963773,0.2475386779,0.0139861529,0.0071963773,0.2475386779,0.0139861529,./imgs_0710_2026_v1/output/traditional_baseline/levelA_fixedparam/primary200/resImgs/levelA_M1_fixedparam_primary200_crack_00235.png
levelA_M1_fixedparam,0,0,236,5890,75661,4184,0.0722247428,0.5846734167,0.1285675307,0.0722247428,0.5846734167,0.1285675307,./imgs_0710_2026_v1/output/traditional_baseline/levelA_fixedparam/primary200/resImgs/levelA_M1_fixedparam_primary200_crack_00236.png
levelA_M1_fixedparam,0,0,237,1554,67256,2728,0.0225839268,0.3629145259,0.0425217534,0.0225839268,0.3629145259,0.0425217534,./imgs_0710_2026_v1/output/traditional_baseline/levelA_fixedparam/primary200/resImgs/levelA_M1_fixedparam_primary200_crack_00237.png
levelA_M1_fixedparam,0,0,238,1016,72103,1775,0.0138951572,0.3640272304,0.0267685417,0.0138951572,0.3640272304,0.0267685417,./imgs_0710_2026_v1/output/traditional_baseline/levelA_fixedparam/primary200/resImgs/levelA_M1_fixedparam_primary200_crack_00238.png
levelA_M1_fixedparam,0,0,239,267,141618,2521,0.0018818057,0.0957675753,0.0036910826,0.0018818057,0.0957675753,0.0036910826,./imgs_0710_2026_v1/output/traditional_baseline/levelA_fixedparam/primary200/resImgs/levelA_M1_fixedparam_primary200_crack_00239.png
levelA_M1_fixedparam,0,0,240,578,142394,3724,0.0040427496,0.1343561134,0.0078493149,0.0040427496,0.1343561134,0.0078493149,./imgs_0710_2026_v1/output/traditional_baseline/levelA_fixedparam/primary200/resImgs/levelA_M1_fixedparam_primary200_crack_00240.png
levelA_M1_fixedparam,0,0,241,229,143956,2839,0.0015882373,0.0746414602,0.0031102932,0.0015882373,0.0746414602,0.0031102932,./imgs_0710_2026_v1/output/traditional_baseline/levelA_fixedparam/primary200/resImgs/levelA_M1_fixedparam_primary200_crack_00241.png
levelA_M1_fixedparam,0,0,242,282,156923,1761,0.0017938361,0.1380323054,0.0035416457,0.0017938361,0.1380323054,0.0035416457,./imgs_0710_2026_v1/output/traditional_baseline/levelA_fixedparam/primary200/resImgs/levelA_M1_fixedparam_primary200_crack_00242.png
levelA_M1_fixedparam,0,0,243,729,85985,2397,0.0084069470,0.2332053743,0.0162288513,0.0084069470,0.2332053743,0.0162288513,./imgs_0710_2026_v1/output/traditional_baseline/levelA_fixedparam/primary200/resImgs/levelA_M1_fixedparam_primary200_crack_00243.png
levelA_M1_fixedparam,0,0,244,346,83656,1912,0.0041189495,0.1532329495,0.0080222583,0.0041189495,0.1532329495,0.0080222583,./imgs_0710_2026_v1/output/traditional_baseline/levelA_fixedparam/primary200/resImgs/levelA_M1_fixedparam_primary200_crack_00244.png
levelA_M1_fixedparam,0,0,245,361,79306,1802,0.0045313618,0.1668978271,0.0088231700,0.0045313618,0.1668978271,0.0088231700,./imgs_0710_2026_v1/output/traditional_baseline/levelA_fixedparam/primary200/resImgs/levelA_M1_fixedparam_primary200_crack_00245.png
levelA_M1_fixedparam,0,0,246,143,103951,1326,0.0013737583,0.0973451327,0.0027092826,0.0013737583,0.0973451327,0.0027092826,./imgs_0710_2026_v1/output/traditional_baseline/levelA_fixedparam/primary200/resImgs/levelA_M1_fixedparam_primary200_crack_00246.png
levelA_M1_fixedparam,0,0,247,169,111614,819,0.0015118578,0.1710526316,0.0029972245,0.0015118578,0.1710526316,0.0029972245,./imgs_0710_2026_v1/output/traditional_baseline/levelA_fixedparam/primary200/resImgs/levelA_M1_fixedparam_primary200_crack_00247.png
levelA_M1_fixedparam,0,0,248,117,101807,1749,0.0011479141,0.0627009646,0.0022545525,0.0011479141,0.0627009646,0.0022545525,./imgs_0710_2026_v1/output/traditional_baseline/levelA_fixedparam/primary200/resImgs/levelA_M1_fixedparam_primary200_crack_00248.png
levelA_M1_fixedparam,0,0,249,50,110128,1364,0.0004538111,0.0353606789,0.0008961216,0.0004538111,0.0353606789,0.0008961216,./imgs_0710_2026_v1/output/traditional_baseline/levelA_fixedparam/primary200/resImgs/levelA_M1_fixedparam_primary200_crack_00249.png
levelA_M1_fixedparam,0,0,250,227,96479,1683,0.0023473207,0.1188481675,0.0046037154,0.0023473207,0.1188481675,0.0046037154,./imgs_0710_2026_v1/output/traditional_baseline/levelA_fixedparam/primary200/resImgs/levelA_M1_fixedparam_primary200_crack_00250.png
levelA_M1_fixedparam,0,0,251,208,109403,1172,0.0018976198,0.1507246377,0.0037480516,0.0018976198,0.1507246377,0.0037480516,./imgs_0710_2026_v1/output/traditional_baseline/levelA_fixedparam/primary200/resImgs/levelA_M1_fixedparam_primary200_crack_00251.png
levelA_M1_fixedparam,0,0,252,101,137325,3003,0.0007349410,0.0325386598,0.0014374155,0.0007349410,0.0325386598,0.0014374155,./imgs_0710_2026_v1/output/traditional_baseline/levelA_fixedparam/primary200/resImgs/levelA_M1_fixedparam_primary200_crack_00252.png
levelA_M1_fixedparam,0,0,253,137,161181,1613,0.0008492543,0.0782857143,0.0016802806,0.0008492543,0.0782857143,0.0016802806,./imgs_0710_2026_v1/output/traditional_baseline/levelA_fixedparam/primary200/resImgs/levelA_M1_fixedparam_primary200_crack_00253.png
levelA_M1_fixedparam,0,0,254,66,153287,1623,0.0004303796,0.0390763766,0.0008513822,0.0004303796,0.0390763766,0.0008513822,./imgs_0710_2026_v1/output/traditional_baseline/levelA_fixedparam/primary200/resImgs/levelA_M1_fixedparam_primary200_crack_00254.png
levelA_M1_fixedparam,0,0,255,89,152679,1839,0.0005825827,0.0461618257,0.0011506438,0.0005825827,0.0461618257,0.0011506438,./imgs_0710_2026_v1/output/traditional_baseline/levelA_fixedparam/primary200/resImgs/levelA_M1_fixedparam_primary200_crack_00255.png
levelA_M1_fixedparam,0,0,256,203,154912,1809,0.0013087064,0.1008946322,0.0025838971,0.0013087064,0.1008946322,0.0025838971,./imgs_0710_2026_v1/output/traditional_baseline/levelA_fixedparam/primary200/resImgs/levelA_M1_fixedparam_primary200_crack_00256.png
levelA_M1_fixedparam,0,0,257,401,161458,2099,0.0024774650,0.1604000000,0.0048795624,0.0024774650,0.1604000000,0.0048795624,./imgs_0710_2026_v1/output/traditional_baseline/levelA_fixedparam/primary200/resImgs/levelA_M1_fixedparam_primary200_crack_00257.png
levelA_M1_fixedparam,0,0,258,835,147027,1666,0.0056471575,0.3338664534,0.0111064557,0.0056471575,0.3338664534,0.0111064557,./imgs_0710_2026_v1/output/traditional_baseline/levelA_fixedparam/primary200/resImgs/levelA_M1_fixedparam_primary200_crack_00258.png
levelA_M1_fixedparam,0,0,259,759,129703,1683,0.0058177860,0.3108108108,0.0114217781,0.0058177860,0.3108108108,0.0114217781,./imgs_0710_2026_v1/output/traditional_baseline/levelA_fixedparam/primary200/resImgs/levelA_M1_fixedparam_primary200_crack_00259.png
levelA_M1_fixedparam,0,0,260,819,161993,691,0.0050303417,0.5423841060,0.0099682331,0.0050303417,0.5423841060,0.0099682331,./imgs_0710_2026_v1/output/traditional_baseline/levelA_fixedparam/primary200/resImgs/levelA_M1_fixedparam_primary200_crack_00260.png
levelA_M1_fixedparam,0,0,261,477,159321,478,0.0029850186,0.4994764398,0.0059345704,0.0029850186,0.4994764398,0.0059345704,./imgs_0710_2026_v1/output/traditional_baseline/levelA_fixedparam/primary200/resImgs/levelA_M1_fixedparam_primary200_crack_00261.png
levelA_M1_fixedparam,0,0,262,1033,156801,1376,0.0065448509,0.4288086343,0.0128929189,0.0065448509,0.4288086343,0.0128929189,./imgs_0710_2026_v1/output/traditional_baseline/levelA_fixedparam/primary200/resImgs/levelA_M1_fixedparam_primary200_crack_00262.png
levelA_M1_fixedparam,0,0,263,549,159314,912,0.0034341905,0.3757700205,0.0068061789,0.0034341905,0.3757700205,0.0068061789,./imgs_0710_2026_v1/output/traditional_baseline/levelA_fixedparam/primary200/resImgs/levelA_M1_fixedparam_primary200_crack_00263.png
levelA_M1_fixedparam,0,0,264,634,159171,1020,0.0039673352,0.3833131802,0.0078533869,0.0039673352,0.3833131802,0.0078533869,./imgs_0710_2026_v1/output/traditional_baseline/levelA_fixedparam/primary200/resImgs/levelA_M1_fixedparam_primary200_crack_00264.png
levelA_M1_fixedparam,0,0,265,1257,146068,1567,0.0085321568,0.4451133144,0.0167433683,0.0085321568,0.4451133144,0.0167433683,./imgs_0710_2026_v1/output/traditional_baseline/levelA_fixedparam/primary200/resImgs/levelA_M1_fixedparam_primary200_crack_00265.png
levelA_M1_fixedparam,0,0,266,594,151748,2980,0.0038991217,0.1662003358,0.0076194874,0.0038991217,0.1662003358,0.0076194874,./imgs_0710_2026_v1/output/traditional_baseline/levelA_fixedparam/primary200/resImgs/levelA_M1_fixedparam_primary200_crack_00266.png
levelA_M1_fixedparam,0,0,267,85,128117,1533,0.0006630162,0.0525339926,0.0013095055,0.0006630162,0.0525339926,0.0013095055,./imgs_0710_2026_v1/output/traditional_baseline/levelA_fixedparam/primary200/resImgs/levelA_M1_fixedparam_primary200_crack_00267.png
levelA_M1_fixedparam,0,0,268,417,152022,1778,0.0027355204,0.1899772210,0.0053933805,0.0027355204,0.1899772210,0.0053933805,./imgs_0710_2026_v1/output/traditional_baseline/levelA_fixedparam/primary200/resImgs/levelA_M1_fixedparam_primary200_crack_00268.png
levelA_M1_fixedparam,0,0,269,91,129738,1618,0.0007009220,0.0532475132,0.0013836306,0.0007009220,0.0532475132,0.0013836306,./imgs_0710_2026_v1/output/traditional_baseline/levelA_fixedparam/primary200/resImgs/levelA_M1_fixedparam_primary200_crack_00269.png
levelA_M1_fixedparam,0,0,270,517,115293,2845,0.0044642086,0.1537775134,0.0086765348,0.0044642086,0.1537775134,0.0086765348,./imgs_0710_2026_v1/output/traditional_baseline/levelA_fixedparam/primary200/resImgs/levelA_M1_fixedparam_primary200_crack_00270.png
levelA_M1_fixedparam,0,0,271,297,150530,1119,0.0019691435,0.2097457627,0.0039016572,0.0019691435,0.2097457627,0.0039016572,./imgs_0710_2026_v1/output/traditional_baseline/levelA_fixedparam/primary200/resImgs/levelA_M1_fixedparam_primary200_crack_00271.png
levelA_M1_fixedparam,0,0,272,38,152055,978,0.0002498471,0.0374015748,0.0004963784,0.0002498471,0.0374015748,0.0004963784,./imgs_0710_2026_v1/output/traditional_baseline/levelA_fixedparam/primary200/resImgs/levelA_M1_fixedparam_primary200_crack_00272.png
levelA_M1_fixedparam,0,0,273,75,152544,1622,0.0004914198,0.0441956394,0.0009720314,0.0004914198,0.0441956394,0.0009720314,./imgs_0710_2026_v1/output/traditional_baseline/levelA_fixedparam/primary200/resImgs/levelA_M1_fixedparam_primary200_crack_00273.png
levelA_M1_fixedparam,0,0,274,372,120351,1692,0.0030814344,0.1802325581,0.0060592734,0.0030814344,0.1802325581,0.0060592734,./imgs_0710_2026_v1/output/traditional_baseline/levelA_fixedparam/primary200/resImgs/levelA_M1_fixedparam_primary200_crack_00274.png
levelA_M1_fixedparam,0,0,275,196,151059,469,0.0012958249,0.2947368421,0.0025803054,0.0012958249,0.2947368421,0.0025803054,./imgs_0710_2026_v1/output/traditional_baseline/levelA_fixedparam/primary200/resImgs/levelA_M1_fixedparam_primary200_crack_00275.png
levelA_M1_fixedparam,0,0,276,76,161664,1341,0.0004698899,0.0536344390,0.0009316180,0.0004698899,0.0536344390,0.0009316180,./imgs_0710_2026_v1/output/traditional_baseline/levelA_fixedparam/primary200/resImgs/levelA_M1_fixedparam_primary200_crack_00276.png
levelA_M1_fixedparam,0,0,277,91,145564,693,0.0006247640,0.1160714286,0.0012428383,0.0006247640,0.1160714286,0.0012428383,./imgs_0710_2026_v1/output/traditional_baseline/levelA_fixedparam/primary200/resImgs/levelA_M1_fixedparam_primary200_crack_00277.png
levelA_M1_fixedparam,0,0,278,75,156782,1307,0.0004781425,0.0542691751,0.0009479332,0.0004781425,0.0542691751,0.0009479332,./imgs_0710_2026_v1/output/traditional_baseline/levelA_fixedparam/primary200/resImgs/levelA_M1_fixedparam_primary200_crack_00278.png
levelA_M1_fixedparam,0,0,279,121,98535,794,0.0012264839,0.1322404372,0.0024304265,0.0012264839,0.1322404372,0.0024304265,./imgs_0710_2026_v1/output/traditional_baseline/levelA_fixedparam/primary200/resImgs/levelA_M1_fixedparam_primary200_crack_00279.png
levelA_M1_fixedparam,0,0,280,89,85285,1273,0.0010424719,0.0653450808,0.0020522044,0.0010424719,0.0653450808,0.0020522044,./imgs_0710_2026_v1/output/traditional_baseline/levelA_fixedparam/primary200/resImgs/levelA_M1_fixedparam_primary200_crack_00280.png
levelA_M1_fixedparam,0,0,281,182,97238,552,0.0018681995,0.2479564033,0.0037084581,0.0018681995,0.2479564033,0.0037084581,./imgs_0710_2026_v1/output/traditional_baseline/levelA_fixedparam/primary200/resImgs/levelA_M1_fixedparam_primary200_crack_00281.png
levelA_M1_fixedparam,0,0,282,188,93795,944,0.0020003618,0.1660777385,0.0039531094,0.0020003618,0.1660777385,0.0039531094,./imgs_0710_2026_v1/output/traditional_baseline/levelA_fixedparam/primary200/resImgs/levelA_M1_fixedparam_primary200_crack_00282.png
levelA_M1_fixedparam,0,0,283,5559,167331,1991,0.0321533923,0.7362913907,0.0616160497,0.0321533923,0.7362913907,0.0616160497,./imgs_0710_2026_v1/output/traditional_baseline/levelA_fixedparam/primary200/resImgs/levelA_M1_fixedparam_primary200_crack_00283.png
levelA_M1_fixedparam,0,0,284,8237,151934,1101,0.0514262882,0.8820946670,0.0971865801,0.0514262882,0.8820946670,0.0971865801,./imgs_0710_2026_v1/output/traditional_baseline/levelA_fixedparam/primary200/resImgs/levelA_M1_fixedparam_primary200_crack_00284.png
levelA_M1_fixedparam,0,0,285,6670,153434,1403,0.0416604207,0.8262108262,0.0793211914,0.0416604207,0.8262108262,0.0793211914,./imgs_0710_2026_v1/output/traditional_baseline/levelA_fixedparam/primary200/resImgs/levelA_M1_fixedparam_primary200_crack_00285.png
levelA_M1_fixedparam,0,0,286,19049,136377,3396,0.1225599321,0.8486968144,0.2141889347,0.1225599321,0.8486968144,0.2141889347,./imgs_0710_2026_v1/output/traditional_baseline/levelA_fixedparam/primary200/resImgs/levelA_M1_fixedparam_primary200_crack_00286.png
levelA_M1_fixedparam,0,0,287,1592,169294,1145,0.0093161523,0.5816587505,0.0183385842,0.0093161523,0.5816587505,0.0183385842,./imgs_0710_2026_v1/output/traditional_baseline/levelA_fixedparam/primary200/resImgs/levelA_M1_fixedparam_primary200_crack_00287.png
levelA_M1_fixedparam,0,0,288,1679,149145,2022,0.0111321806,0.4536611727,0.0217311115,0.0111321806,0.4536611727,0.0217311115,./imgs_0710_2026_v1/output/traditional_baseline/levelA_fixedparam/primary200/resImgs/levelA_M1_fixedparam_primary200_crack_00288.png
levelA_M1_fixedparam,0,0,289,4461,155064,3088,0.0279642689,0.5909391972,0.0534014868,0.0279642689,0.5909391972,0.0534014868,./imgs_0710_2026_v1/output/traditional_baseline/levelA_fixedparam/primary200/resImgs/levelA_M1_fixedparam_primary200_crack_00289.png
levelA_M1_fixedparam,0,0,290,4982,141275,2655,0.0340633269,0.6523503994,0.0647458640,0.0340633269,0.6523503994,0.0647458640,./imgs_0710_2026_v1/output/traditional_baseline/levelA_fixedparam/primary200/resImgs/levelA_M1_fixedparam_primary200_crack_00290.png
levelA_M1_fixedparam,0,0,291,2747,163004,1955,0.0165730523,0.5842194811,0.0322317589,0.0165730523,0.5842194811,0.0322317589,./imgs_0710_2026_v1/output/traditional_baseline/levelA_fixedparam/primary200/resImgs/levelA_M1_fixedparam_primary200_crack_00291.png
levelA_M1_fixedparam,0,0,292,3737,145490,3226,0.0250423851,0.5366939538,0.0478519752,0.0250423851,0.5366939538,0.0478519752,./imgs_0710_2026_v1/output/traditional_baseline/levelA_fixedparam/primary200/resImgs/levelA_M1_fixedparam_primary200_crack_00292.png
levelA_M1_fixedparam,0,0,293,2253,163654,1212,0.0135798972,0.6502164502,0.0266041613,0.0135798972,0.6502164502,0.0266041613,./imgs_0710_2026_v1/output/traditional_baseline/levelA_fixedparam/primary200/resImgs/levelA_M1_fixedparam_primary200_crack_00293.png
levelA_M1_fixedparam,0,0,294,955,160018,498,0.0059326719,0.6572608396,0.0117592011,0.0059326719,0.6572608396,0.0117592011,./imgs_0710_2026_v1/output/traditional_baseline/levelA_fixedparam/primary200/resImgs/levelA_M1_fixedparam_primary200_crack_00294.png
levelA_M1_fixedparam,0,0,295,1363,155493,908,0.0086894986,0.6001761339,0.0171309709,0.0086894986,0.6001761339,0.0171309709,./imgs_0710_2026_v1/output/traditional_baseline/levelA_fixedparam/primary200/resImgs/levelA_M1_fixedparam_primary200_crack_00295.png
levelA_M1_fixedparam,0,0,296,6921,151146,4054,0.0437852303,0.6306150342,0.0818849753,0.0437852303,0.6306150342,0.0818849753,./imgs_0710_2026_v1/output/traditional_baseline/levelA_fixedparam/primary200/resImgs/levelA_M1_fixedparam_primary200_crack_00296.png
levelA_M1_fixedparam,0,0,297,13332,133567,8049,0.0907562339,0.6235442683,0.1584502020,0.0907562339,0.6235442683,0.1584502020,./imgs_0710_2026_v1/output/traditional_baseline/levelA_fixedparam/primary200/resImgs/levelA_M1_fixedparam_primary200_crack_00297.png
levelA_M1_fixedparam,0,0,298,10399,143607,6129,0.0675233432,0.6291747338,0.1219580846,0.0675233432,0.6291747338,0.1219580846,./imgs_0710_2026_v1/output/traditional_baseline/levelA_fixedparam/primary200/resImgs/levelA_M1_fixedparam_primary200_crack_00298.png
levelA_M1_fixedparam,0,0,299,8516,146498,5854,0.0549369734,0.5926235212,0.1005525906,0.0549369734,0.5926235212,0.1005525906,./imgs_0710_2026_v1/output/traditional_baseline/levelA_fixedparam/primary200/resImgs/levelA_M1_fixedparam_primary200_crack_00299.png
levelA_M1_fixedparam,0,0,300,7289,146884,4156,0.0472780578,0.6368719965,0.0880218334,0.0472780578,0.6368719965,0.0880218334,./imgs_0710_2026_v1/output/traditional_baseline/levelA_fixedparam/primary200/resImgs/levelA_M1_fixedparam_primary200_crack_00300.png
levelA_M1_fixedparam,0,0,301,6437,150656,5109,0.0409757278,0.5575090941,0.0763405855,0.0409757278,0.5575090941,0.0763405855,./imgs_0710_2026_v1/output/traditional_baseline/levelA_fixedparam/primary200/resImgs/levelA_M1_fixedparam_primary200_crack_00301.png
levelA_M1_fixedparam,0,0,302,12204,144638,5616,0.0778107905,0.6848484848,0.1397441916,0.0778107905,0.6848484848,0.1397441916,./imgs_0710_2026_v1/output/traditional_baseline/levelA_fixedparam/primary200/resImgs/levelA_M1_fixedparam_primary200_crack_00302.png
levelA_M1_fixedparam,0,0,303,5787,149987,3226,0.0371499737,0.6420725619,0.0702361230,0.0371499737,0.6420725619,0.0702361230,./imgs_0710_2026_v1/output/traditional_baseline/levelA_fixedparam/primary200/resImgs/levelA_M1_fixedparam_primary200_crack_00303.png
levelA_M1_fixedparam,0,0,304,7236,138138,5083,0.0497750629,0.5873853397,0.0917732556,0.0497750629,0.5873853397,0.0917732556,./imgs_0710_2026_v1/output/traditional_baseline/levelA_fixedparam/primary200/resImgs/levelA_M1_fixedparam_primary200_crack_00304.png
levelA_M1_fixedparam,0,0,305,6296,155171,1553,0.0389924876,0.8021404001,0.0743698174,0.0389924876,0.8021404001,0.0743698174,./imgs_0710_2026_v1/output/traditional_baseline/levelA_fixedparam/primary200/resImgs/levelA_M1_fixedparam_primary200_crack_00305.png
levelA_M1_fixedparam,0,0,306,9110,109442,6155,0.0768439166,0.5967900426,0.1361560938,0.0768439166,0.5967900426,0.1361560938,./imgs_0710_2026_v1/output/traditional_baseline/levelA_fixedparam/primary200/resImgs/levelA_M1_fixedparam_primary200_crack_00306.png
levelA_M1_fixedparam,0,0,307,5239,124784,3631,0.0402928713,0.5906426156,0.0754393670,0.0402928713,0.5906426156,0.0754393670,./imgs_0710_2026_v1/output/traditional_baseline/levelA_fixedparam/primary200/resImgs/levelA_M1_fixedparam_primary200_crack_00307.png
levelA_M1_fixedparam,0,0,308,6756,154655,3373,0.0418558834,0.6669957548,0.0787688003,0.0418558834,0.6669957548,0.0787688003,./imgs_0710_2026_v1/output/traditional_baseline/levelA_fixedparam/primary200/resImgs/levelA_M1_fixedparam_primary200_crack_00308.png
levelA_M1_fixedparam,0,0,309,2135,170532,2434,0.0123648410,0.4672794922,0.0240921709,0.0123648410,0.4672794922,0.0240921709,./imgs_0710_2026_v1/output/traditional_baseline/levelA_fixedparam/primary200/resImgs/levelA_M1_fixedparam_primary200_crack_00309.png
levelA_M1_fixedparam,0,0,310,9249,134574,3807,0.0643082122,0.7084099265,0.1179125313,0.0643082122,0.7084099265,0.1179125313,./imgs_0710_2026_v1/output/traditional_baseline/levelA_fixedparam/primary200/resImgs/levelA_M1_fixedparam_primary200_crack_00310.png
levelA_M1_fixedparam,0,0,311,4616,125124,4442,0.0355788500,0.5096047693,0.0665139267,0.0355788500,0.5096047693,0.0665139267,./imgs_0710_2026_v1/output/traditional_baseline/levelA_fixedparam/primary200/resImgs/levelA_M1_fixedparam_primary200_crack_00311.png
levelA_M1_fixedparam,0,0,312,1196,148384,2144,0.0079957214,0.3580838323,0.0156421658,0.0079957214,0.3580838323,0.0156421658,./imgs_0710_2026_v1/output/traditional_baseline/levelA_fixedparam/primary200/resImgs/levelA_M1_fixedparam_primary200_crack_00312.png
levelA_M1_fixedparam,0,0,313,3658,146332,1968,0.0243882926,0.6501955208,0.0470131606,0.0243882926,0.6501955208,0.0470131606,./imgs_0710_2026_v1/output/traditional_baseline/levelA_fixedparam/primary200/resImgs/levelA_M1_fixedparam_primary200_crack_00313.png
levelA_M1_fixedparam,0,0,314,2006,143985,1975,0.0137405730,0.5038934941,0.0267516603,0.0137405730,0.5038934941,0.0267516603,./imgs_0710_2026_v1/output/traditional_baseline/levelA_fixedparam/primary200/resImgs/levelA_M1_fixedparam_primary200_crack_00314.png
levelA_M1_fixedparam,0,0,315,3802,108697,5523,0.0337958560,0.4077211796,0.0624179144,0.0337958560,0.4077211796,0.0624179144,./imgs_0710_2026_v1/output/traditional_baseline/levelA_fixedparam/primary200/resImgs/levelA_M1_fixedparam_primary200_crack_00315.png
levelA_M1_fixedparam,0,0,316,785,112956,2916,0.0069016450,0.2121048365,0.0133683009,0.0069016450,0.2121048365,0.0133683009,./imgs_0710_2026_v1/output/traditional_baseline/levelA_fixedparam/primary200/resImgs/levelA_M1_fixedparam_primary200_crack_00316.png
levelA_M1_fixedparam,0,0,317,1930,169051,1613,0.0112878039,0.5447360994,0.0221173019,0.0112878039,0.5447360994,0.0221173019,./imgs_0710_2026_v1/output/traditional_baseline/levelA_fixedparam/primary200/resImgs/levelA_M1_fixedparam_primary200_crack_00317.png
levelA_M1_fixedparam,0,0,318,4194,157774,939,0.0258940038,0.8170660432,0.0501971861,0.0258940038,0.8170660432,0.0501971861,./imgs_0710_2026_v1/output/traditional_baseline/levelA_fixedparam/primary200/resImgs/levelA_M1_fixedparam_primary200_crack_00318.png
levelA_M1_fixedparam,0,0,319,1443,149564,1074,0.0095558484,0.5733015495,0.0187983638,0.0095558484,0.5733015495,0.0187983638,./imgs_0710_2026_v1/output/traditional_baseline/levelA_fixedparam/primary200/resImgs/levelA_M1_fixedparam_primary200_crack_00319.png
levelA_M1_fixedparam,0,0,320,3410,141105,1751,0.0235961665,0.6607246658,0.0455650873,0.0235961665,0.6607246658,0.0455650873,./imgs_0710_2026_v1/output/traditional_baseline/levelA_fixedparam/primary200/resImgs/levelA_M1_fixedparam_primary200_crack_00320.png
levelA_M1_fixedparam,0,0,321,6259,139883,6708,0.0428282082,0.4826868204,0.0786756249,0.0428282082,0.4826868204,0.0786756249,./imgs_0710_2026_v1/output/traditional_baseline/levelA_fixedparam/primary200/resImgs/levelA_M1_fixedparam_primary200_crack_00321.png
levelA_M1_fixedparam,0,0,322,3210,122180,6704,0.0256001276,0.3237845471,0.0474487081,0.0256001276,0.3237845471,0.0474487081,./imgs_0710_2026_v1/output/traditional_baseline/levelA_fixedparam/primary200/resImgs/levelA_M1_fixedparam_primary200_crack_00322.png
levelA_M1_fixedparam,0,0,323,5208,124435,4951,0.0401718566,0.5126488828,0.0745053719,0.0401718566,0.5126488828,0.0745053719,./imgs_0710_2026_v1/output/traditional_baseline/levelA_fixedparam/primary200/resImgs/levelA_M1_fixedparam_primary200_crack_00323.png
levelA_M1_fixedparam,0,0,324,14045,139014,6606,0.0917620003,0.6801123432,0.1617062921,0.0917620003,0.6801123432,0.1617062921,./imgs_0710_2026_v1/output/traditional_baseline/levelA_fixedparam/primary200/resImgs/levelA_M1_fixedparam_primary200_crack_00324.png
levelA_M1_fixedparam,0,0,325,1645,171267,2764,0.0095135098,0.3731004763,0.0185539220,0.0095135098,0.3731004763,0.0185539220,./imgs_0710_2026_v1/output/traditional_baseline/levelA_fixedparam/primary200/resImgs/levelA_M1_fixedparam_primary200_crack_00325.png
levelA_M1_fixedparam,0,0,326,7950,118000,8358,0.0631202858,0.4874908021,0.1117687582,0.0631202858,0.4874908021,0.1117687582,./imgs_0710_2026_v1/output/traditional_baseline/levelA_fixedparam/primary200/resImgs/levelA_M1_fixedparam_primary200_crack_00326.png
levelA_M1_fixedparam,0,0,327,3767,138455,5755,0.0264867601,0.3956101659,0.0496494095,0.0264867601,0.3956101659,0.0496494095,./imgs_0710_2026_v1/output/traditional_baseline/levelA_fixedparam/primary200/resImgs/levelA_M1_fixedparam_primary200_crack_00327.png
levelA_M1_fixedparam,0,0,328,10066,151300,3993,0.0623799313,0.7159826446,0.1147612940,0.0623799313,0.7159826446,0.1147612940,./imgs_0710_2026_v1/output/traditional_baseline/levelA_fixedparam/primary200/resImgs/levelA_M1_fixedparam_primary200_crack_00328.png
levelA_M1_fixedparam,0,0,329,3565,163584,2809,0.0213282760,0.5593034201,0.0410896538,0.0213282760,0.5593034201,0.0410896538,./imgs_0710_2026_v1/output/traditional_baseline/levelA_fixedparam/primary200/resImgs/levelA_M1_fixedparam_primary200_crack_00329.png
levelA_M1_fixedparam,0,0,330,5390,138302,6381,0.0375107870,0.4579050208,0.0693412580,0.0375107870,0.4579050208,0.0693412580,./imgs_0710_2026_v1/output/traditional_baseline/levelA_fixedparam/primary200/resImgs/levelA_M1_fixedparam_primary200_crack_00330.png
levelA_M1_fixedparam,0,0,331,6955,117178,6341,0.0560286145,0.5230896510,0.1012159006,0.0560286145,0.5230896510,0.1012159006,./imgs_0710_2026_v1/output/traditional_baseline/levelA_fixedparam/primary200/resImgs/levelA_M1_fixedparam_primary200_crack_00331.png
levelA_M1_fixedparam,0,0,332,5680,137529,7463,0.0396623117,0.4321692156,0.0726565698,0.0396623117,0.4321692156,0.0726565698,./imgs_0710_2026_v1/output/traditional_baseline/levelA_fixedparam/primary200/resImgs/levelA_M1_fixedparam_primary200_crack_00332.png
levelA_M1_fixedparam,0,0,333,371,166806,311,0.0022192048,0.5439882698,0.0044203766,0.0022192048,0.5439882698,0.0044203766,./imgs_0710_2026_v1/output/traditional_baseline/levelA_fixedparam/primary200/resImgs/levelA_M1_fixedparam_primary200_crack_00333.png
levelA_M1_fixedparam,0,0,334,3196,117945,7641,0.0263824799,0.2949155670,0.0484323145,0.0263824799,0.2949155670,0.0484323145,./imgs_0710_2026_v1/output/traditional_baseline/levelA_fixedparam/primary200/resImgs/levelA_M1_fixedparam_primary200_crack_00334.png
levelA_M1_fixedparam,0,0,335,6303,116844,6969,0.0511827328,0.4749095841,0.0924064830,0.0511827328,0.4749095841,0.0924064830,./imgs_0710_2026_v1/output/traditional_baseline/levelA_fixedparam/primary200/resImgs/levelA_M1_fixedparam_primary200_crack_00335.png
levelA_M1_fixedparam,0,0,336,3000,159063,1131,0.0185113197,0.7262164125,0.0361023864,0.0185113197,0.7262164125,0.0361023864,./imgs_0710_2026_v1/output/traditional_baseline/levelA_fixedparam/primary200/resImgs/levelA_M1_fixedparam_primary200_crack_00336.png
levelA_M1_fixedparam,0,0,337,3413,160147,2202,0.0208669601,0.6078361532,0.0403487513,0.0208669601,0.6078361532,0.0403487513,./imgs_0710_2026_v1/output/traditional_baseline/levelA_fixedparam/primary200/resImgs/levelA_M1_fixedparam_primary200_crack_00337.png
levelA_M1_fixedparam,0,0,338,5640,163045,3163,0.0334351009,0.6406906736,0.0635535924,0.0334351009,0.6406906736,0.0635535924,./imgs_0710_2026_v1/output/traditional_baseline/levelA_fixedparam/primary200/resImgs/levelA_M1_fixedparam_primary200_crack_00338.png
levelA_M1_fixedparam,0,0,339,2846,157982,1148,0.0176959236,0.7125688533,0.0345342248,0.0176959236,0.7125688533,0.0345342248,./imgs_0710_2026_v1/output/traditional_baseline/levelA_fixedparam/primary200/resImgs/levelA_M1_fixedparam_primary200_crack_00339.png
levelA_M1_fixedparam,0,0,340,6602,159279,3021,0.0397996154,0.6860646368,0.0752347525,0.0397996154,0.6860646368,0.0752347525,./imgs_0710_2026_v1/output/traditional_baseline/levelA_fixedparam/primary200/resImgs/levelA_M1_fixedparam_primary200_crack_00340.png
levelA_M1_fixedparam,0,0,341,4344,153310,3061,0.0275540107,0.5866306550,0.0526357242,0.0275540107,0.5866306550,0.0526357242,./imgs_0710_2026_v1/output/traditional_baseline/levelA_fixedparam/primary200/resImgs/levelA_M1_fixedparam_primary200_crack_00341.png
levelA_M1_fixedparam,0,0,342,2626,157595,854,0.0163898615,0.7545977011,0.0320828828,0.0163898615,0.7545977011,0.0320828828,./imgs_0710_2026_v1/output/traditional_baseline/levelA_fixedparam/primary200/resImgs/levelA_M1_fixedparam_primary200_crack_00342.png
levelA_M1_fixedparam,0,0,343,12180,163142,1315,0.0694721712,0.9025565024,0.1290138070,0.0694721712,0.9025565024,0.1290138070,./imgs_0710_2026_v1/output/traditional_baseline/levelA_fixedparam/primary200/resImgs/levelA_M1_fixedparam_primary200_crack_00343.png
levelA_M1_fixedparam,0,0,344,6449,155132,4321,0.0399118708,0.5987929434,0.0748356551,0.0399118708,0.5987929434,0.0748356551,./imgs_0710_2026_v1/output/traditional_baseline/levelA_fixedparam/primary200/resImgs/levelA_M1_fixedparam_primary200_crack_00344.png
levelA_M1_fixedparam,0,0,345,3492,169851,1360,0.0201450304,0.7197032152,0.0391930189,0.0201450304,0.7197032152,0.0391930189,./imgs_0710_2026_v1/output/traditional_baseline/levelA_fixedparam/primary200/resImgs/levelA_M1_fixedparam_primary200_crack_00345.png
levelA_M1_fixedparam,0,0,346,6339,154474,2806,0.0394184550,0.6931656643,0.0745948999,0.0394184550,0.6931656643,0.0745948999,./imgs_0710_2026_v1/output/traditional_baseline/levelA_fixedparam/primary200/resImgs/levelA_M1_fixedparam_primary200_crack_00346.png
levelA_M1_fixedparam,0,0,347,2410,166483,1712,0.0142693895,0.5846676371,0.0278588562,0.0142693895,0.5846676371,0.0278588562,./imgs_0710_2026_v1/output/traditional_baseline/levelA_fixedparam/primary200/resImgs/levelA_M1_fixedparam_primary200_crack_00347.png
levelA_M1_fixedparam,0,0,348,5934,145805,2558,0.0391066239,0.6987753179,0.0740680642,0.0391066239,0.6987753179,0.0740680642,./imgs_0710_2026_v1/output/traditional_baseline/levelA_fixedparam/primary200/resImgs/levelA_M1_fixedparam_primary200_crack_00348.png
levelA_M1_fixedparam,0,0,349,6214,159569,1734,0.0374827335,0.7818319074,0.0715358802,0.0374827335,0.7818319074,0.0715358802,./imgs_0710_2026_v1/output/traditional_baseline/levelA_fixedparam/primary200/resImgs/levelA_M1_fixedparam_primary200_crack_00349.png
levelA_M1_fixedparam,0,0,350,803,178629,378,0.0044752330,0.6799322608,0.0088919402,0.0044752330,0.6799322608,0.0088919402,./imgs_0710_2026_v1/output/traditional_baseline/levelA_fixedparam/primary200/resImgs/levelA_M1_fixedparam_primary200_crack_00350.png
levelA_M1_fixedparam,0,0,351,1616,175089,1761,0.0091451855,0.4785312407,0.0179473795,0.0091451855,0.4785312407,0.0179473795,./imgs_0710_2026_v1/output/traditional_baseline/levelA_fixedparam/primary200/resImgs/levelA_M1_fixedparam_primary200_crack_00351.png
levelA_M1_fixedparam,0,0,352,681,175246,588,0.0038709237,0.5366430260,0.0076864038,0.0038709237,0.5366430260,0.0076864038,./imgs_0710_2026_v1/output/traditional_baseline/levelA_fixedparam/primary200/resImgs/levelA_M1_fixedparam_primary200_crack_00352.png
levelA_M1_fixedparam,0,0,353,1377,186888,213,0.0073141582,0.8660377358,0.0145058071,0.0073141582,0.8660377358,0.0145058071,./imgs_0710_2026_v1/output/traditional_baseline/levelA_fixedparam/primary200/resImgs/levelA_M1_fixedparam_primary200_crack_00353.png
levelA_M1_fixedparam,0,0,354,1223,186828,225,0.0065035549,0.8446132597,0.0129077198,0.0065035549,0.8446132597,0.0129077198,./imgs_0710_2026_v1/output/traditional_baseline/levelA_fixedparam/primary200/resImgs/levelA_M1_fixedparam_primary200_crack_00354.png
levelA_M1_fixedparam,0,0,355,3281,181448,638,0.0177611528,0.8372033682,0.0347843603,0.0177611528,0.8372033682,0.0347843603,./imgs_0710_2026_v1/output/traditional_baseline/levelA_fixedparam/primary200/resImgs/levelA_M1_fixedparam_primary200_crack_00355.png
levelA_M1_fixedparam,0,0,356,2156,181559,1478,0.0117355687,0.5932856357,0.0230158688,0.0117355687,0.5932856357,0.0230158688,./imgs_0710_2026_v1/output/traditional_baseline/levelA_fixedparam/primary200/resImgs/levelA_M1_fixedparam_primary200_crack_00356.png
levelA_M1_fixedparam,0,0,357,762,180057,335,0.0042141589,0.6946216955,0.0083774929,0.0042141589,0.6946216955,0.0083774929,./imgs_0710_2026_v1/output/traditional_baseline/levelA_fixedparam/primary200/resImgs/levelA_M1_fixedparam_primary200_crack_00357.png
levelA_M1_fixedparam,0,0,358,400,178450,489,0.0022365110,0.4499437570,0.0044508982,0.0022365110,0.4499437570,0.0044508982,./imgs_0710_2026_v1/output/traditional_baseline/levelA_fixedparam/primary200/resImgs/levelA_M1_fixedparam_primary200_crack_00358.png
levelA_M1_fixedparam,0,0,359,705,161020,895,0.0043592518,0.4406250000,0.0086330935,0.0043592518,0.4406250000,0.0086330935,./imgs_0710_2026_v1/output/traditional_baseline/levelA_fixedparam/primary200/resImgs/levelA_M1_fixedparam_primary200_crack_00359.png
levelA_M1_fixedparam,0,0,360,420,144507,755,0.0028980107,0.3574468085,0.0057494079,0.0028980107,0.3574468085,0.0057494079,./imgs_0710_2026_v1/output/traditional_baseline/levelA_fixedparam/primary200/resImgs/levelA_M1_fixedparam_primary200_crack_00360.png
levelA_M1_fixedparam,0,0,361,1233,169402,1182,0.0072259501,0.5105590062,0.0142502167,0.0072259501,0.5105590062,0.0142502167,./imgs_0710_2026_v1/output/traditional_baseline/levelA_fixedparam/primary200/resImgs/levelA_M1_fixedparam_primary200_crack_00361.png
levelA_M1_fixedparam,0,0,362,7663,166880,2358,0.0439032216,0.7646941423,0.0830389458,0.0439032216,0.7646941423,0.0830389458,./imgs_0710_2026_v1/output/traditional_baseline/levelA_fixedparam/primary200/resImgs/levelA_M1_fixedparam_primary200_crack_00362.png
levelA_M1_fixedparam,0,0,363,2857,161456,807,0.0173875469,0.7797489083,0.0340165618,0.0173875469,0.7797489083,0.0340165618,./imgs_0710_2026_v1/output/traditional_baseline/levelA_fixedparam/primary200/resImgs/levelA_M1_fixedparam_primary200_crack_00363.png
levelA_M1_fixedparam,0,0,364,4801,163689,2261,0.0284942727,0.6798357406,0.0546960445,0.0284942727,0.6798357406,0.0546960445,./imgs_0710_2026_v1/output/traditional_baseline/levelA_fixedparam/primary200/resImgs/levelA_M1_fixedparam_primary200_crack_00364.png
levelA_M1_fixedparam,0,0,365,5296,173183,1839,0.0296729587,0.7422564821,0.0570646611,0.0296729587,0.7422564821,0.0570646611,./imgs_0710_2026_v1/output/traditional_baseline/levelA_fixedparam/primary200/resImgs/levelA_M1_fixedparam_primary200_crack_00365.png
levelA_M1_fixedparam,0,0,366,1878,187891,418,0.0098962423,0.8179442509,0.0195558795,0.0098962423,0.8179442509,0.0195558795,./imgs_0710_2026_v1/output/traditional_baseline/levelA_fixedparam/primary200/resImgs/levelA_M1_fixedparam_primary200_crack_00366.png
levelA_M1_fixedparam,0,0,367,977,187700,333,0.0051781616,0.7458015267,0.0102849142,0.0051781616,0.7458015267,0.0102849142,./imgs_0710_2026_v1/output/traditional_baseline/levelA_fixedparam/primary200/resImgs/levelA_M1_fixedparam_primary200_crack_00367.png
levelA_M1_fixedparam,0,0,368,11361,169263,796,0.0628986181,0.9345233199,0.1178643124,0.0628986181,0.9345233199,0.1178643124,./imgs_0710_2026_v1/output/traditional_baseline/levelA_fixedparam/primary200/resImgs/levelA_M1_fixedparam_primary200_crack_00368.png
levelA_M1_fixedparam,0,0,369,3510,186074,77,0.0185142206,0.9785335935,0.0363408586,0.0185142206,0.9785335935,0.0363408586,./imgs_0710_2026_v1/output/traditional_baseline/levelA_fixedparam/primary200/resImgs/levelA_M1_fixedparam_primary200_crack_00369.png
levelA_M1_fixedparam,0,0,370,6544,171607,1985,0.0367328839,0.7672646266,0.0701092779,0.0367328839,0.7672646266,0.0701092779,./imgs_0710_2026_v1/output/traditional_baseline/levelA_fixedparam/primary200/resImgs/levelA_M1_fixedparam_primary200_crack_00370.png
levelA_M1_fixedparam,0,0,371,1380,184753,805,0.0074140534,0.6315789474,0.0146560605,0.0074140534,0.6315789474,0.0146560605,./imgs_0710_2026_v1/output/traditional_baseline/levelA_fixedparam/primary200/resImgs/levelA_M1_fixedparam_primary200_crack_00371.png
levelA_M1_fixedparam,0,0,372,4747,168937,4282,0.0273312452,0.5257503600,0.0519612726,0.0273312452,0.5257503600,0.0519612726,./imgs_0710_2026_v1/output/traditional_baseline/levelA_fixedparam/primary200/resImgs/levelA_M1_fixedparam_primary200_crack_00372.png
levelA_M1_fixedparam,0,0,373,948,188182,893,0.0050124253,0.5149375339,0.0099282090,0.0050124253,0.5149375339,0.0099282090,./imgs_0710_2026_v1/output/traditional_baseline/levelA_fixedparam/primary200/resImgs/levelA_M1_fixedparam_primary200_crack_00373.png
levelA_M1_fixedparam,0,0,374,5579,170445,3932,0.0316945417,0.5865839554,0.0601395963,0.0316945417,0.5865839554,0.0601395963,./imgs_0710_2026_v1/output/traditional_baseline/levelA_fixedparam/primary200/resImgs/levelA_M1_fixedparam_primary200_crack_00374.png
levelA_M1_fixedparam,0,0,375,1422,182546,743,0.0077296051,0.6568129330,0.0152793970,0.0077296051,0.6568129330,0.0152793970,./imgs_0710_2026_v1/output/traditional_baseline/levelA_fixedparam/primary200/resImgs/levelA_M1_fixedparam_primary200_crack_00375.png
levelA_M1_fixedparam,0,0,376,606,181106,794,0.0033349476,0.4328571429,0.0066188999,0.0033349476,0.4328571429,0.0066188999,./imgs_0710_2026_v1/output/traditional_baseline/levelA_fixedparam/primary200/resImgs/levelA_M1_fixedparam_primary200_crack_00376.png
levelA_M1_fixedparam,0,0,377,1256,180934,924,0.0068939020,0.5761467890,0.0136247763,0.0068939020,0.5761467890,0.0136247763,./imgs_0710_2026_v1/output/traditional_baseline/levelA_fixedparam/primary200/resImgs/levelA_M1_fixedparam_primary200_crack_00377.png
levelA_M1_fixedparam,0,0,378,2557,177035,2167,0.0142378280,0.5412785775,0.0277458278,0.0142378280,0.5412785775,0.0277458278,./imgs_0710_2026_v1/output/traditional_baseline/levelA_fixedparam/primary200/resImgs/levelA_M1_fixedparam_primary200_crack_00378.png
levelA_M1_fixedparam,0,0,379,3272,178795,1894,0.0179714061,0.6333720480,0.0349511037,0.0179714061,0.6333720480,0.0349511037,./imgs_0710_2026_v1/output/traditional_baseline/levelA_fixedparam/primary200/resImgs/levelA_M1_fixedparam_primary200_crack_00379.png
levelA_M1_fixedparam,0,0,380,333,189982,575,0.0017497307,0.3667400881,0.0034828446,0.0017497307,0.3667400881,0.0034828446,./imgs_0710_2026_v1/output/traditional_baseline/levelA_fixedparam/primary200/resImgs/levelA_M1_fixedparam_primary200_crack_00380.png
levelA_M1_fixedparam,0,0,381,2248,180638,1844,0.0122918102,0.5493646139,0.0240456096,0.0122918102,0.5493646139,0.0240456096,./imgs_0710_2026_v1/output/traditional_baseline/levelA_fixedparam/primary200/resImgs/levelA_M1_fixedparam_primary200_crack_00381.png
levelA_M1_fixedparam,0,0,382,2669,178647,2320,0.0147201571,0.5349769493,0.0286519417,0.0147201571,0.5349769493,0.0286519417,./imgs_0710_2026_v1/output/traditional_baseline/levelA_fixedparam/primary200/resImgs/levelA_M1_fixedparam_primary200_crack_00382.png
levelA_M1_fixedparam,0,0,383,3071,175867,2413,0.0171623691,0.5599927061,0.0333040527,0.0171623691,0.5599927061,0.0333040527,./imgs_0710_2026_v1/output/traditional_baseline/levelA_fixedparam/primary200/resImgs/levelA_M1_fixedparam_primary200_crack_00383.png
levelA_M1_fixedparam,0,0,384,1339,178706,819,0.0074370296,0.6204819277,0.0146978919,0.0074370296,0.6204819277,0.0146978919,./imgs_0710_2026_v1/output/traditional_baseline/levelA_fixedparam/primary200/resImgs/levelA_M1_fixedparam_primary200_crack_00384.png
levelA_M1_fixedparam,0,0,385,3230,178076,1370,0.0178151854,0.7021739130,0.0347487440,0.0178151854,0.7021739130,0.0347487440,./imgs_0710_2026_v1/output/traditional_baseline/levelA_fixedparam/primary200/resImgs/levelA_M1_fixedparam_primary200_crack_00385.png
levelA_M1_fixedparam,0,0,386,1999,190327,662,0.0103938105,0.7512213454,0.0205039310,0.0103938105,0.7512213454,0.0205039310,./imgs_0710_2026_v1/output/traditional_baseline/levelA_fixedparam/primary200/resImgs/levelA_M1_fixedparam_primary200_crack_00386.png
levelA_M1_fixedparam,0,0,387,815,180225,369,0.0045017676,0.6883445946,0.0089450347,0.0045017676,0.6883445946,0.0089450347,./imgs_0710_2026_v1/output/traditional_baseline/levelA_fixedparam/primary200/resImgs/levelA_M1_fixedparam_primary200_crack_00387.png
levelA_M1_fixedparam,0,0,388,2911,174746,1263,0.0163855069,0.6974125539,0.0320187427,0.0163855069,0.6974125539,0.0320187427,./imgs_0710_2026_v1/output/traditional_baseline/levelA_fixedparam/primary200/resImgs/levelA_M1_fixedparam_primary200_crack_00388.png
levelA_M1_fixedparam,0,0,389,4224,183711,2108,0.0224758560,0.6670878080,0.0434865417,0.0224758560,0.6670878080,0.0434865417,./imgs_0710_2026_v1/output/traditional_baseline/levelA_fixedparam/primary200/resImgs/levelA_M1_fixedparam_primary200_crack_00389.png
levelA_M1_fixedparam,0,0,390,3968,180709,2515,0.0214861623,0.6120623168,0.0415149613,0.0214861623,0.6120623168,0.0415149613,./imgs_0710_2026_v1/output/traditional_baseline/levelA_fixedparam/primary200/resImgs/levelA_M1_fixedparam_primary200_crack_00390.png
levelA_M1_fixedparam,0,0,391,6695,177303,4016,0.0363862651,0.6250583512,0.0687692916,0.0363862651,0.6250583512,0.0687692916,./imgs_0710_2026_v1/output/traditional_baseline/levelA_fixedparam/primary200/resImgs/levelA_M1_fixedparam_primary200_crack_00391.png
levelA_M1_fixedparam,0,0,392,4822,174791,1991,0.0268466091,0.7077645677,0.0517309817,0.0268466091,0.7077645677,0.0517309817,./imgs_0710_2026_v1/output/traditional_baseline/levelA_fixedparam/primary200/resImgs/levelA_M1_fixedparam_primary200_crack_00392.png
levelA_M1_fixedparam,0,0,393,561,188591,1081,0.0029658687,0.3416565164,0.0058806881,0.0029658687,0.3416565164,0.0058806881,./imgs_0710_2026_v1/output/traditional_baseline/levelA_fixedparam/primary200/resImgs/levelA_M1_fixedparam_primary200_crack_00393.png
levelA_M1_fixedparam,0,0,394,2503,185649,572,0.0133030741,0.8139837398,0.0261783116,0.0133030741,0.8139837398,0.0261783116,./imgs_0710_2026_v1/output/traditional_baseline/levelA_fixedparam/primary200/resImgs/levelA_M1_fixedparam_primary200_crack_00394.png
levelA_M1_fixedparam,0,0,395,1018,187394,612,0.0054030529,0.6245398773,0.0107134212,0.0054030529,0.6245398773,0.0107134212,./imgs_0710_2026_v1/output/traditional_baseline/levelA_fixedparam/primary200/resImgs/levelA_M1_fixedparam_primary200_crack_00395.png
levelA_M1_fixedparam,0,0,396,1170,189274,1107,0.0061435383,0.5138339921,0.0121419046,0.0061435383,0.5138339921,0.0121419046,./imgs_0710_2026_v1/output/traditional_baseline/levelA_fixedparam/primary200/resImgs/levelA_M1_fixedparam_primary200_crack_00396.png
levelA_M1_fixedparam,0,0,397,321,190208,502,0.0016847829,0.3900364520,0.0033550734,0.0016847829,0.3900364520,0.0033550734,./imgs_0710_2026_v1/output/traditional_baseline/levelA_fixedparam/primary200/resImgs/levelA_M1_fixedparam_primary200_crack_00397.png
levelA_M1_fixedparam,0,0,398,875,189192,986,0.0046036398,0.4701773240,0.0091180026,0.0046036398,0.4701773240,0.0091180026,./imgs_0710_2026_v1/output/traditional_baseline/levelA_fixedparam/primary200/resImgs/levelA_M1_fixedparam_primary200_crack_00398.png
levelA_M1_fixedparam,0,0,399,637,172938,1506,0.0036698833,0.2972468502,0.0072502532,0.0036698833,0.2972468502,0.0072502532,./imgs_0710_2026_v1/output/traditional_baseline/levelA_fixedparam/primary200/resImgs/levelA_M1_fixedparam_primary200_crack_00399.png
levelA_M1_fixedparam,0,0,400,459,174350,1175,0.0026257229,0.2809057528,0.0052028134,0.0026257229,0.2809057528,0.0052028134,./imgs_0710_2026_v1/output/traditional_baseline/levelA_fixedparam/primary200/resImgs/levelA_M1_fixedparam_primary200_crack_00400.png
levelA_M1_fixedparam,0,0,401,267,182185,345,0.0014633986,0.4362745098,0.0029170126,0.0014633986,0.4362745098,0.0029170126,./imgs_0710_2026_v1/output/traditional_baseline/levelA_fixedparam/primary200/resImgs/levelA_M1_fixedparam_primary200_crack_00401.png
levelA_M1_fixedparam,0,0,402,3008,175097,1369,0.0168889138,0.6872286955,0.0329676352,0.0168889138,0.6872286955,0.0329676352,./imgs_0710_2026_v1/output/traditional_baseline/levelA_fixedparam/primary200/resImgs/levelA_M1_fixedparam_primary200_crack_00402.png
levelA_M1_fixedparam,0,0,403,1337,171684,2567,0.0077273857,0.3424692623,0.0151137488,0.0077273857,0.3424692623,0.0151137488,./imgs_0710_2026_v1/output/traditional_baseline/levelA_fixedparam/primary200/resImgs/levelA_M1_fixedparam_primary200_crack_00403.png
levelA_M1_fixedparam,0,0,404,1953,179487,322,0.0107638889,0.8584615385,0.0212611926,0.0107638889,0.8584615385,0.0212611926,./imgs_0710_2026_v1/output/traditional_baseline/levelA_fixedparam/primary200/resImgs/levelA_M1_fixedparam_primary200_crack_00404.png
levelA_M1_fixedparam,0,0,405,674,176931,1947,0.0037949382,0.2571537581,0.0074794980,0.0037949382,0.2571537581,0.0074794980,./imgs_0710_2026_v1/output/traditional_baseline/levelA_fixedparam/primary200/resImgs/levelA_M1_fixedparam_primary200_crack_00405.png
levelA_M1_fixedparam,0,0,406,517,180340,518,0.0028586121,0.4995169082,0.0056846920,0.0028586121,0.4995169082,0.0056846920,./imgs_0710_2026_v1/output/traditional_baseline/levelA_fixedparam/primary200/resImgs/levelA_M1_fixedparam_primary200_crack_00406.png
levelA_M1_fixedparam,0,0,407,638,175275,1781,0.0036267928,0.2637453493,0.0071551937,0.0036267928,0.2637453493,0.0071551937,./imgs_0710_2026_v1/output/traditional_baseline/levelA_fixedparam/primary200/resImgs/levelA_M1_fixedparam_primary200_crack_00407.png
levelA_M1_fixedparam,0,0,408,2002,183712,1066,0.0107800166,0.6525423729,0.0212096492,0.0107800166,0.6525423729,0.0212096492,./imgs_0710_2026_v1/output/traditional_baseline/levelA_fixedparam/primary200/resImgs/levelA_M1_fixedparam_primary200_crack_00408.png
levelA_M1_fixedparam,0,0,409,486,184341,228,0.0026294860,0.6806722689,0.0052387343,0.0026294860,0.6806722689,0.0052387343,./imgs_0710_2026_v1/output/traditional_baseline/levelA_fixedparam/primary200/resImgs/levelA_M1_fixedparam_primary200_crack_00409.png
levelA_M1_fixedparam,0,0,410,2600,173941,2453,0.0147274571,0.5145458144,0.0286353073,0.0147274571,0.5145458144,0.0286353073,./imgs_0710_2026_v1/output/traditional_baseline/levelA_fixedparam/primary200/resImgs/levelA_M1_fixedparam_primary200_crack_00410.png
levelA_M2_fixedparam,0,0,211,0,0,2496,0.0000000000,0.0000000000,0.0000000000,0.5000000000,0.0004004806,0.0008003201,./imgs_0710_2026_v1/output/traditional_baseline/levelA_fixedparam/primary200/resImgs/levelA_M2_fixedparam_primary200_crack_00211.png
levelA_M2_fixedparam,0,0,212,9,0,3330,1.0000000000,0.0026954178,0.0053763441,0.9000000000,0.0026954178,0.0053747387,./imgs_0710_2026_v1/output/traditional_baseline/levelA_fixedparam/primary200/resImgs/levelA_M2_fixedparam_primary200_crack_00212.png
levelA_M2_fixedparam,0,0,213,0,0,1015,0.0000000000,0.0000000000,0.0000000000,0.5000000000,0.0009842520,0.0019646365,./imgs_0710_2026_v1/output/traditional_baseline/levelA_fixedparam/primary200/resImgs/levelA_M2_fixedparam_primary200_crack_00213.png
levelA_M2_fixedparam,0,0,214,0,0,3372,0.0000000000,0.0000000000,0.0000000000,0.5000000000,0.0002964720,0.0005925926,./imgs_0710_2026_v1/output/traditional_baseline/levelA_fixedparam/primary200/resImgs/levelA_M2_fixedparam_primary200_crack_00214.png
levelA_M2_fixedparam,0,0,215,0,11,785,0.0000000000,0.0000000000,0.0000000000,0.0833333333,0.0012722646,0.0025062657,./imgs_0710_2026_v1/output/traditional_baseline/levelA_fixedparam/primary200/resImgs/levelA_M2_fixedparam_primary200_crack_00215.png
levelA_M2_fixedparam,0,0,216,0,0,4785,0.0000000000,0.0000000000,0.0000000000,0.5000000000,0.0002089427,0.0004177109,./imgs_0710_2026_v1/output/traditional_baseline/levelA_fixedparam/primary200/resImgs/levelA_M2_fixedparam_primary200_crack_00216.png
levelA_M2_fixedparam,0,0,217,0,7,1864,0.0000000000,0.0000000000,0.0000000000,0.1250000000,0.0005361930,0.0010678057,./imgs_0710_2026_v1/output/traditional_baseline/levelA_fixedparam/primary200/resImgs/levelA_M2_fixedparam_primary200_crack_00217.png
levelA_M2_fixedparam,0,0,218,0,8,2594,0.0000000000,0.0000000000,0.0000000000,0.1111111111,0.0003853565,0.0007680492,./imgs_0710_2026_v1/output/traditional_baseline/levelA_fixedparam/primary200/resImgs/levelA_M2_fixedparam_primary200_crack_00218.png
levelA_M2_fixedparam,0,0,219,0,0,3455,0.0000000000,0.0000000000,0.0000000000,0.5000000000,0.0002893519,0.0005783690,./imgs_0710_2026_v1/output/traditional_baseline/levelA_fixedparam/primary200/resImgs/levelA_M2_fixedparam_primary200_crack_00219.png
levelA_M2_fixedparam,0,0,220,7,0,1386,1.0000000000,0.0050251256,0.0100000000,0.8750000000,0.0050251256,0.0099928622,./imgs_0710_2026_v1/output/traditional_baseline/levelA_fixedparam/primary200/resImgs/levelA_M2_fixedparam_primary200_crack_00220.png
levelA_M2_fixedparam,0,0,221,12,0,7243,1.0000000000,0.0016540317,0.0033026008,0.9230769231,0.0016540317,0.0033021464,./imgs_0710_2026_v1/output/traditional_baseline/levelA_fixedparam/primary200/resImgs/levelA_M2_fixedparam_primary200_crack_00221.png
levelA_M2_fixedparam,0,0,222,0,0,3374,0.0000000000,0.0000000000,0.0000000000,0.5000000000,0.0002962963,0.0005922416,./imgs_0710_2026_v1/output/traditional_baseline/levelA_fixedparam/primary200/resImgs/levelA_M2_fixedparam_primary200_crack_00222.png
levelA_M2_fixedparam,0,0,223,0,0,1051,0.0000000000,0.0000000000,0.0000000000,0.5000000000,0.0009505703,0.0018975332,./imgs_0710_2026_v1/output/traditional_baseline/levelA_fixedparam/primary200/resImgs/levelA_M2_fixedparam_primary200_crack_00223.png
levelA_M2_fixedparam,0,0,224,165,0,4866,1.0000000000,0.0327966607,0.0635103926,0.9939759036,0.0327966607,0.0634981720,./imgs_0710_2026_v1/output/traditional_baseline/levelA_fixedparam/primary200/resImgs/levelA_M2_fixedparam_primary200_crack_00224.png
levelA_M2_fixedparam,0,0,225,0,0,4111,0.0000000000,0.0000000000,0.0000000000,0.5000000000,0.0002431907,0.0004861449,./imgs_0710_2026_v1/output/traditional_baseline/levelA_fixedparam/primary200/resImgs/levelA_M2_fixedparam_primary200_crack_00225.png
levelA_M2_fixedparam,0,0,226,0,0,689,0.0000000000,0.0000000000,0.0000000000,0.5000000000,0.0014492754,0.0028901734,./imgs_0710_2026_v1/output/traditional_baseline/levelA_fixedparam/primary200/resImgs/levelA_M2_fixedparam_primary200_crack_00226.png
levelA_M2_fixedparam,0,0,227,0,0,3902,0.0000000000,0.0000000000,0.0000000000,0.5000000000,0.0002562132,0.0005121639,./imgs_0710_2026_v1/output/traditional_baseline/levelA_fixedparam/primary200/resImgs/levelA_M2_fixedparam_primary200_crack_00227.png
levelA_M2_fixedparam,0,0,228,0,0,3958,0.0000000000,0.0000000000,0.0000000000,0.5000000000,0.0002525890,0.0005049230,./imgs_0710_2026_v1/output/traditional_baseline/levelA_fixedparam/primary200/resImgs/levelA_M2_fixedparam_primary200_crack_00228.png
levelA_M2_fixedparam,0,0,229,0,0,4983,0.0000000000,0.0000000000,0.0000000000,0.5000000000,0.0002006421,0.0004011231,./imgs_0710_2026_v1/output/traditional_baseline/levelA_fixedparam/primary200/resImgs/levelA_M2_fixedparam_primary200_crack_00229.png
levelA_M2_fixedparam,0,0,230,0,9,3676,0.0000000000,0.0000000000,0.0000000000,0.1000000000,0.0002719608,0.0005424464,./imgs_0710_2026_v1/output/traditional_baseline/levelA_fixedparam/primary200/resImgs/levelA_M2_fixedparam_primary200_crack_00230.png
levelA_M2_fixedparam,0,0,231,0,10,4170,0.0000000000,0.0000000000,0.0000000000,0.0909090909,0.0002397507,0.0004782401,./imgs_0710_2026_v1/output/traditional_baseline/levelA_fixedparam/primary200/resImgs/levelA_M2_fixedparam_primary200_crack_00231.png
levelA_M2_fixedparam,0,0,232,0,0,1363,0.0000000000,0.0000000000,0.0000000000,0.5000000000,0.0007331378,0.0014641288,./imgs_0710_2026_v1/output/traditional_baseline/levelA_fixedparam/primary200/resImgs/levelA_M2_fixedparam_primary200_crack_00232.png
levelA_M2_fixedparam,0,0,233,0,0,2606,0.0000000000,0.0000000000,0.0000000000,0.5000000000,0.0003835827,0.0007665772,./imgs_0710_2026_v1/output/traditional_baseline/levelA_fixedparam/primary200/resImgs/levelA_M2_fixedparam_primary200_crack_00233.png
levelA_M2_fixedparam,0,0,234,11,0,3468,1.0000000000,0.0031618281,0.0063037249,0.9166666667,0.0031618281,0.0063019192,./imgs_0710_2026_v1/output/traditional_baseline/levelA_fixedparam/primary200/resImgs/levelA_M2_fixedparam_primary200_crack_00234.png
levelA_M2_fixedparam,0,0,235,0,0,2844,0.0000000000,0.0000000000,0.0000000000,0.5000000000,0.0003514938,0.0007024939,./imgs_0710_2026_v1/output/traditional_baseline/levelA_fixedparam/primary200/resImgs/levelA_M2_fixedparam_primary200_crack_00235.png
levelA_M2_fixedparam,0,0,236,277,7,9797,0.9753521127,0.0274965257,0.0534852288,0.9753521127,0.0274965257,0.0534852288,./imgs_0710_2026_v1/output/traditional_baseline/levelA_fixedparam/primary200/resImgs/levelA_M2_fixedparam_primary200_crack_00236.png
levelA_M2_fixedparam,0,0,237,0,0,4282,0.0000000000,0.0000000000,0.0000000000,0.5000000000,0.0002334812,0.0004667445,./imgs_0710_2026_v1/output/traditional_baseline/levelA_fixedparam/primary200/resImgs/levelA_M2_fixedparam_primary200_crack_00237.png
levelA_M2_fixedparam,0,0,238,0,0,2791,0.0000000000,0.0000000000,0.0000000000,0.5000000000,0.0003581662,0.0007158196,./imgs_0710_2026_v1/output/traditional_baseline/levelA_fixedparam/primary200/resImgs/levelA_M2_fixedparam_primary200_crack_00238.png
levelA_M2_fixedparam,0,0,239,0,226,2788,0.0000000000,0.0000000000,0.0000000000,0.0044052863,0.0003585515,0.0006631300,./imgs_0710_2026_v1/output/traditional_baseline/levelA_fixedparam/primary200/resImgs/levelA_M2_fixedparam_primary200_crack_00239.png
levelA_M2_fixedparam,0,0,240,161,227,4141,0.4149484536,0.0374244537,0.0686567164,0.4149484536,0.0374244537,0.0686567164,./imgs_0710_2026_v1/output/traditional_baseline/levelA_fixedparam/primary200/resImgs/levelA_M2_fixedparam_primary200_crack_00240.png
levelA_M2_fixedparam,0,0,241,12,258,3056,0.0444444444,0.0039113429,0.0071899341,0.0444444444,0.0039113429,0.0071899341,./imgs_0710_2026_v1/output/traditional_baseline/levelA_fixedparam/primary200/resImgs/levelA_M2_fixedparam_primary200_crack_00241.png
levelA_M2_fixedparam,0,0,242,0,246,2043,0.0000000000,0.0000000000,0.0000000000,0.0040485830,0.0004892368,0.0008729812,./imgs_0710_2026_v1/output/traditional_baseline/levelA_fixedparam/primary200/resImgs/levelA_M2_fixedparam_primary200_crack_00242.png
levelA_M2_fixedparam,0,0,243,79,0,3047,1.0000000000,0.0252719130,0.0492979719,0.9875000000,0.0252719130,0.0492825951,./imgs_0710_2026_v1/output/traditional_baseline/levelA_fixedparam/primary200/resImgs/levelA_M2_fixedparam_primary200_crack_00243.png
levelA_M2_fixedparam,0,0,244,0,0,2258,0.0000000000,0.0000000000,0.0000000000,0.5000000000,0.0004426737,0.0008845644,./imgs_0710_2026_v1/output/traditional_baseline/levelA_fixedparam/primary200/resImgs/levelA_M2_fixedparam_primary200_crack_00244.png
levelA_M2_fixedparam,0,0,245,0,0,2163,0.0000000000,0.0000000000,0.0000000000,0.5000000000,0.0004621072,0.0009233610,./imgs_0710_2026_v1/output/traditional_baseline/levelA_fixedparam/primary200/resImgs/levelA_M2_fixedparam_primary200_crack_00245.png
levelA_M2_fixedparam,0,0,246,0,0,1469,0.0000000000,0.0000000000,0.0000000000,0.5000000000,0.0006802721,0.0013586957,./imgs_0710_2026_v1/output/traditional_baseline/levelA_fixedparam/primary200/resImgs/levelA_M2_fixedparam_primary200_crack_00246.png
levelA_M2_fixedparam,0,0,247,0,0,988,0.0000000000,0.0000000000,0.0000000000,0.5000000000,0.0010111223,0.0020181635,./imgs_0710_2026_v1/output/traditional_baseline/levelA_fixedparam/primary200/resImgs/levelA_M2_fixedparam_primary200_crack_00247.png
levelA_M2_fixedparam,0,0,248,0,0,1866,0.0000000000,0.0000000000,0.0000000000,0.5000000000,0.0005356186,0.0010700910,./imgs_0710_2026_v1/output/traditional_baseline/levelA_fixedparam/primary200/resImgs/levelA_M2_fixedparam_primary200_crack_00248.png
levelA_M2_fixedparam,0,0,249,0,0,1414,0.0000000000,0.0000000000,0.0000000000,0.5000000000,0.0007067138,0.0014114326,./imgs_0710_2026_v1/output/traditional_baseline/levelA_fixedparam/primary200/resImgs/levelA_M2_fixedparam_primary200_crack_00249.png
levelA_M2_fixedparam,0,0,250,0,0,1910,0.0000000000,0.0000000000,0.0000000000,0.5000000000,0.0005232862,0.0010454783,./imgs_0710_2026_v1/output/traditional_baseline/levelA_fixedparam/primary200/resImgs/levelA_M2_fixedparam_primary200_crack_00250.png
levelA_M2_fixedparam,0,0,251,0,0,1380,0.0000000000,0.0000000000,0.0000000000,0.5000000000,0.0007241130,0.0014461316,./imgs_0710_2026_v1/output/traditional_baseline/levelA_fixedparam/primary200/resImgs/levelA_M2_fixedparam_primary200_crack_00251.png
levelA_M2_fixedparam,0,0,252,0,394,3104,0.0000000000,0.0000000000,0.0000000000,0.0025316456,0.0003220612,0.0005714286,./imgs_0710_2026_v1/output/traditional_baseline/levelA_fixedparam/primary200/resImgs/levelA_M2_fixedparam_primary200_crack_00252.png
levelA_M2_fixedparam,0,0,253,0,94,1750,0.0000000000,0.0000000000,0.0000000000,0.0105263158,0.0005711022,0.0010834236,./imgs_0710_2026_v1/output/traditional_baseline/levelA_fixedparam/primary200/resImgs/levelA_M2_fixedparam_primary200_crack_00253.png
levelA_M2_fixedparam,0,0,254,0,256,1689,0.0000000000,0.0000000000,0.0000000000,0.0038910506,0.0005917160,0.0010272214,./imgs_0710_2026_v1/output/traditional_baseline/levelA_fixedparam/primary200/resImgs/levelA_M2_fixedparam_primary200_crack_00254.png
levelA_M2_fixedparam,0,0,255,0,171,1928,0.0000000000,0.0000000000,0.0000000000,0.0058139535,0.0005184033,0.0009519277,./imgs_0710_2026_v1/output/traditional_baseline/levelA_fixedparam/primary200/resImgs/levelA_M2_fixedparam_primary200_crack_00255.png
levelA_M2_fixedparam,0,0,256,0,275,2012,0.0000000000,0.0000000000,0.0000000000,0.0036231884,0.0004967710,0.0008737440,./imgs_0710_2026_v1/output/traditional_baseline/levelA_fixedparam/primary200/resImgs/levelA_M2_fixedparam_primary200_crack_00256.png
levelA_M2_fixedparam,0,0,257,149,73,2351,0.6711711712,0.0596000000,0.1094783248,0.6711711712,0.0596000000,0.1094783248,./imgs_0710_2026_v1/output/traditional_baseline/levelA_fixedparam/primary200/resImgs/levelA_M2_fixedparam_primary200_crack_00257.png
levelA_M2_fixedparam,0,0,258,15,280,2486,0.0508474576,0.0059976010,0.0107296137,0.0508474576,0.0059976010,0.0107296137,./imgs_0710_2026_v1/output/traditional_baseline/levelA_fixedparam/primary200/resImgs/levelA_M2_fixedparam_primary200_crack_00258.png
levelA_M2_fixedparam,0,0,259,0,9,2442,0.0000000000,0.0000000000,0.0000000000,0.1000000000,0.0004093328,0.0008153282,./imgs_0710_2026_v1/output/traditional_baseline/levelA_fixedparam/primary200/resImgs/levelA_M2_fixedparam_primary200_crack_00259.png
levelA_M2_fixedparam,0,0,260,126,76,1384,0.6237623762,0.0834437086,0.1471962617,0.6237623762,0.0834437086,0.1471962617,./imgs_0710_2026_v1/output/traditional_baseline/levelA_fixedparam/primary200/resImgs/levelA_M2_fixedparam_primary200_crack_00260.png
levelA_M2_fixedparam,0,0,261,15,129,940,0.1041666667,0.0157068063,0.0272975432,0.1041666667,0.0157068063,0.0272975432,./imgs_0710_2026_v1/output/traditional_baseline/levelA_fixedparam/primary200/resImgs/levelA_M2_fixedparam_primary200_crack_00261.png
levelA_M2_fixedparam,0,0,262,0,184,2409,0.0000000000,0.0000000000,0.0000000000,0.0054054054,0.0004149378,0.0007707129,./imgs_0710_2026_v1/output/traditional_baseline/levelA_fixedparam/primary200/resImgs/levelA_M2_fixedparam_primary200_crack_00262.png
levelA_M2_fixedparam,0,0,263,18,190,1443,0.0865384615,0.0123203285,0.0215698023,0.0865384615,0.0123203285,0.0215698023,./imgs_0710_2026_v1/output/traditional_baseline/levelA_fixedparam/primary200/resImgs/levelA_M2_fixedparam_primary200_crack_00263.png
levelA_M2_fixedparam,0,0,264,0,244,1654,0.0000000000,0.0000000000,0.0000000000,0.0040816327,0.0006042296,0.0010526316,./imgs_0710_2026_v1/output/traditional_baseline/levelA_fixedparam/primary200/resImgs/levelA_M2_fixedparam_primary200_crack_00264.png
levelA_M2_fixedparam,0,0,265,53,321,2771,0.1417112299,0.0187677054,0.0331457161,0.1417112299,0.0187677054,0.0331457161,./imgs_0710_2026_v1/output/traditional_baseline/levelA_fixedparam/primary200/resImgs/levelA_M2_fixedparam_primary200_crack_00265.png
levelA_M2_fixedparam,0,0,266,90,165,3484,0.3529411765,0.0251818691,0.0470096631,0.3529411765,0.0251818691,0.0470096631,./imgs_0710_2026_v1/output/traditional_baseline/levelA_fixedparam/primary200/resImgs/levelA_M2_fixedparam_primary200_crack_00266.png
levelA_M2_fixedparam,0,0,267,0,70,1618,0.0000000000,0.0000000000,0.0000000000,0.0140845070,0.0006176652,0.0011834320,./imgs_0710_2026_v1/output/traditional_baseline/levelA_fixedparam/primary200/resImgs/levelA_M2_fixedparam_primary200_crack_00267.png
levelA_M2_fixedparam,0,0,268,8,129,2187,0.0583941606,0.0036446469,0.0068610635,0.0583941606,0.0036446469,0.0068610635,./imgs_0710_2026_v1/output/traditional_baseline/levelA_fixedparam/primary200/resImgs/levelA_M2_fixedparam_primary200_crack_00268.png
levelA_M2_fixedparam,0,0,269,0,48,1709,0.0000000000,0.0000000000,0.0000000000,0.0204081633,0.0005847953,0.0011370097,./imgs_0710_2026_v1/output/traditional_baseline/levelA_fixedparam/primary200/resImgs/levelA_M2_fixedparam_primary200_crack_00269.png
levelA_M2_fixedparam,0,0,270,108,374,3254,0.2240663900,0.0321237359,0.0561914672,0.2240663900,0.0321237359,0.0561914672,./imgs_0710_2026_v1/output/traditional_baseline/levelA_fixedparam/primary200/resImgs/levelA_M2_fixedparam_primary200_crack_00270.png
levelA_M2_fixedparam,0,0,271,27,112,1389,0.1942446043,0.0190677966,0.0347266881,0.1942446043,0.0190677966,0.0347266881,./imgs_0710_2026_v1/output/traditional_baseline/levelA_fixedparam/primary200/resImgs/levelA_M2_fixedparam_primary200_crack_00271.png
levelA_M2_fixedparam,0,0,272,0,129,1016,0.0000000000,0.0000000000,0.0000000000,0.0076923077,0.0009832842,0.0017436792,./imgs_0710_2026_v1/output/traditional_baseline/levelA_fixedparam/primary200/resImgs/levelA_M2_fixedparam_primary200_crack_00272.png
levelA_M2_fixedparam,0,0,273,0,37,1697,0.0000000000,0.0000000000,0.0000000000,0.0263157895,0.0005889282,0.0011520737,./imgs_0710_2026_v1/output/traditional_baseline/levelA_fixedparam/primary200/resImgs/levelA_M2_fixedparam_primary200_crack_00273.png
levelA_M2_fixedparam,0,0,274,20,242,2044,0.0763358779,0.0096899225,0.0171969046,0.0763358779,0.0096899225,0.0171969046,./imgs_0710_2026_v1/output/traditional_baseline/levelA_fixedparam/primary200/resImgs/levelA_M2_fixedparam_primary200_crack_00274.png
levelA_M2_fixedparam,0,0,275,9,146,656,0.0580645161,0.0135338346,0.0219512195,0.0580645161,0.0135338346,0.0219512195,./imgs_0710_2026_v1/output/traditional_baseline/levelA_fixedparam/primary200/resImgs/levelA_M2_fixedparam_primary200_crack_00275.png
levelA_M2_fixedparam,0,0,276,0,91,1417,0.0000000000,0.0000000000,0.0000000000,0.0108695652,0.0007052186,0.0013245033,./imgs_0710_2026_v1/output/traditional_baseline/levelA_fixedparam/primary200/resImgs/levelA_M2_fixedparam_primary200_crack_00276.png
levelA_M2_fixedparam,0,0,277,0,189,784,0.0000000000,0.0000000000,0.0000000000,0.0052631579,0.0012738854,0.0020512821,./imgs_0710_2026_v1/output/traditional_baseline/levelA_fixedparam/primary200/resImgs/levelA_M2_fixedparam_primary200_crack_00277.png
levelA_M2_fixedparam,0,0,278,0,84,1382,0.0000000000,0.0000000000,0.0000000000,0.0117647059,0.0007230658,0.0013623978,./imgs_0710_2026_v1/output/traditional_baseline/levelA_fixedparam/primary200/resImgs/levelA_M2_fixedparam_primary200_crack_00278.png
levelA_M2_fixedparam,0,0,279,0,0,915,0.0000000000,0.0000000000,0.0000000000,0.5000000000,0.0010917031,0.0021786492,./imgs_0710_2026_v1/output/traditional_baseline/levelA_fixedparam/primary200/resImgs/levelA_M2_fixedparam_primary200_crack_00279.png
levelA_M2_fixedparam,0,0,280,0,0,1362,0.0000000000,0.0000000000,0.0000000000,0.5000000000,0.0007336757,0.0014652015,./imgs_0710_2026_v1/output/traditional_baseline/levelA_fixedparam/primary200/resImgs/levelA_M2_fixedparam_primary200_crack_00280.png
levelA_M2_fixedparam,0,0,281,0,0,734,0.0000000000,0.0000000000,0.0000000000,0.5000000000,0.0013605442,0.0027137042,./imgs_0710_2026_v1/output/traditional_baseline/levelA_fixedparam/primary200/resImgs/levelA_M2_fixedparam_primary200_crack_00281.png
levelA_M2_fixedparam,0,0,282,0,0,1132,0.0000000000,0.0000000000,0.0000000000,0.5000000000,0.0008826125,0.0017621145,./imgs_0710_2026_v1/output/traditional_baseline/levelA_fixedparam/primary200/resImgs/levelA_M2_fixedparam_primary200_crack_00282.png
levelA_M2_fixedparam,0,0,283,17,44,7533,0.2786885246,0.0022516556,0.0044672185,0.2786885246,0.0022516556,0.0044672185,./imgs_0710_2026_v1/output/traditional_baseline/levelA_fixedparam/primary200/resImgs/levelA_M2_fixedparam_primary200_crack_00283.png
levelA_M2_fixedparam,0,0,284,0,9,9338,0.0000000000,0.0000000000,0.0000000000,0.1000000000,0.0001070778,0.0002139266,./imgs_0710_2026_v1/output/traditional_baseline/levelA_fixedparam/primary200/resImgs/levelA_M2_fixedparam_primary200_crack_00284.png
levelA_M2_fixedparam,0,0,285,0,0,8073,0.0000000000,0.0000000000,0.0000000000,0.5000000000,0.0001238543,0.0002476474,./imgs_0710_2026_v1/output/traditional_baseline/levelA_fixedparam/primary200/resImgs/levelA_M2_fixedparam_primary200_crack_00285.png
levelA_M2_fixedparam,0,0,286,21,10,22424,0.6774193548,0.0009356204,0.0018686599,0.6774193548,0.0009356204,0.0018686599,./imgs_0710_2026_v1/output/traditional_baseline/levelA_fixedparam/primary200/resImgs/levelA_M2_fixedparam_primary200_crack_00286.png
levelA_M2_fixedparam,0,0,287,0,122,2737,0.0000000000,0.0000000000,0.0000000000,0.0081300813,0.0003652301,0.0006990563,./imgs_0710_2026_v1/output/traditional_baseline/levelA_fixedparam/primary200/resImgs/levelA_M2_fixedparam_primary200_crack_00287.png
levelA_M2_fixedparam,0,0,288,0,8,3701,0.0000000000,0.0000000000,0.0000000000,0.1111111111,0.0002701243,0.0005389383,./imgs_0710_2026_v1/output/traditional_baseline/levelA_fixedparam/primary200/resImgs/levelA_M2_fixedparam_primary200_crack_00288.png
levelA_M2_fixedparam,0,0,289,13,77,7536,0.1444444444,0.0017220824,0.0034035869,0.1444444444,0.0017220824,0.0034035869,./imgs_0710_2026_v1/output/traditional_baseline/levelA_fixedparam/primary200/resImgs/levelA_M2_fixedparam_primary200_crack_00289.png
levelA_M2_fixedparam,0,0,290,0,5,7637,0.0000000000,0.0000000000,0.0000000000,0.1666666667,0.0001309243,0.0002616431,./imgs_0710_2026_v1/output/traditional_baseline/levelA_fixedparam/primary200/resImgs/levelA_M2_fixedparam_primary200_crack_00290.png
levelA_M2_fixedparam,0,0,291,0,18,4702,0.0000000000,0.0000000000,0.0000000000,0.0526315789,0.0002126302,0.0004235493,./imgs_0710_2026_v1/output/traditional_baseline/levelA_fixedparam/primary200/resImgs/levelA_M2_fixedparam_primary200_crack_00291.png
levelA_M2_fixedparam,0,0,292,0,14,6963,0.0000000000,0.0000000000,0.0000000000,0.0666666667,0.0001435956,0.0002865740,./imgs_0710_2026_v1/output/traditional_baseline/levelA_fixedparam/primary200/resImgs/levelA_M2_fixedparam_primary200_crack_00292.png
levelA_M2_fixedparam,0,0,293,8,16,3457,0.3333333333,0.0023088023,0.0045858412,0.3333333333,0.0023088023,0.0045858412,./imgs_0710_2026_v1/output/traditional_baseline/levelA_fixedparam/primary200/resImgs/levelA_M2_fixedparam_primary200_crack_00293.png
levelA_M2_fixedparam,0,0,294,0,24,1453,0.0000000000,0.0000000000,0.0000000000,0.0400000000,0.0006877579,0.0013522650,./imgs_0710_2026_v1/output/traditional_baseline/levelA_fixedparam/primary200/resImgs/levelA_M2_fixedparam_primary200_crack_00294.png
levelA_M2_fixedparam,0,0,295,0,5,2271,0.0000000000,0.0000000000,0.0000000000,0.1666666667,0.0004401408,0.0008779631,./imgs_0710_2026_v1/output/traditional_baseline/levelA_fixedparam/primary200/resImgs/levelA_M2_fixedparam_primary200_crack_00295.png
levelA_M2_fixedparam,0,0,296,0,23,10975,0.0000000000,0.0000000000,0.0000000000,0.0416666667,0.0000911079,0.0001818182,./imgs_0710_2026_v1/output/traditional_baseline/levelA_fixedparam/primary200/resImgs/levelA_M2_fixedparam_primary200_crack_00296.png
levelA_M2_fixedparam,0,0,297,0,26,21381,0.0000000000,0.0000000000,0.0000000000,0.0370370370,0.0000467683,0.0000934187,./imgs_0710_2026_v1/output/traditional_baseline/levelA_fixedparam/primary200/resImgs/levelA_M2_fixedparam_primary200_crack_00297.png
levelA_M2_fixedparam,0,0,298,0,40,16528,0.0000000000,0.0000000000,0.0000000000,0.0243902439,0.0000604997,0.0001207001,./imgs_0710_2026_v1/output/traditional_baseline/levelA_fixedparam/primary200/resImgs/levelA_M2_fixedparam_primary200_crack_00298.png
levelA_M2_fixedparam,0,0,299,0,31,14370,0.0000000000,0.0000000000,0.0000000000,0.0312500000,0.0000695846,0.0001388600,./imgs_0710_2026_v1/output/traditional_baseline/levelA_fixedparam/primary200/resImgs/levelA_M2_fixedparam_primary200_crack_00299.png
levelA_M2_fixedparam,0,0,300,0,12,11445,0.0000000000,0.0000000000,0.0000000000,0.0769230769,0.0000873668,0.0001745353,./imgs_0710_2026_v1/output/traditional_baseline/levelA_fixedparam/primary200/resImgs/levelA_M2_fixedparam_primary200_crack_00300.png
levelA_M2_fixedparam,0,0,301,0,101,11546,0.0000000000,0.0000000000,0.0000000000,0.0098039216,0.0000866026,0.0001716886,./imgs_0710_2026_v1/output/traditional_baseline/levelA_fixedparam/primary200/resImgs/levelA_M2_fixedparam_primary200_crack_00301.png
levelA_M2_fixedparam,0,0,302,0,56,17820,0.0000000000,0.0000000000,0.0000000000,0.0175438596,0.0000561136,0.0001118693,./imgs_0710_2026_v1/output/traditional_baseline/levelA_fixedparam/primary200/resImgs/levelA_M2_fixedparam_primary200_crack_00302.png
levelA_M2_fixedparam,0,0,303,2,1,9011,0.6666666667,0.0002219017,0.0004436557,0.6666666667,0.0002219017,0.0004436557,./imgs_0710_2026_v1/output/traditional_baseline/levelA_fixedparam/primary200/resImgs/levelA_M2_fixedparam_primary200_crack_00303.png
levelA_M2_fixedparam,0,0,304,8,10,12311,0.4444444444,0.0006494034,0.0012969117,0.4444444444,0.0006494034,0.0012969117,./imgs_0710_2026_v1/output/traditional_baseline/levelA_fixedparam/primary200/resImgs/levelA_M2_fixedparam_primary200_crack_00304.png
levelA_M2_fixedparam,0,0,305,12,127,7837,0.0863309353,0.0015288572,0.0030045068,0.0863309353,0.0015288572,0.0030045068,./imgs_0710_2026_v1/output/traditional_baseline/levelA_fixedparam/primary200/resImgs/levelA_M2_fixedparam_primary200_crack_00305.png
levelA_M2_fixedparam,0,0,306,17,111,15248,0.1328125000,0.0011136587,0.0022087962,0.1328125000,0.0011136587,0.0022087962,./imgs_0710_2026_v1/output/traditional_baseline/levelA_fixedparam/primary200/resImgs/levelA_M2_fixedparam_primary200_crack_00306.png
levelA_M2_fixedparam,0,0,307,0,8,8870,0.0000000000,0.0000000000,0.0000000000,0.1111111111,0.0001127269,0.0002252252,./imgs_0710_2026_v1/output/traditional_baseline/levelA_fixedparam/primary200/resImgs/levelA_M2_fixedparam_primary200_crack_00307.png
levelA_M2_fixedparam,0,0,308,0,102,10129,0.0000000000,0.0000000000,0.0000000000,0.0097087379,0.0000987167,0.0001954461,./imgs_0710_2026_v1/output/traditional_baseline/levelA_fixedparam/primary200/resImgs/levelA_M2_fixedparam_primary200_crack_00308.png
levelA_M2_fixedparam,0,0,309,0,38,4569,0.0000000000,0.0000000000,0.0000000000,0.0256410256,0.0002188184,0.0004339336,./imgs_0710_2026_v1/output/traditional_baseline/levelA_fixedparam/primary200/resImgs/levelA_M2_fixedparam_primary200_crack_00309.png
levelA_M2_fixedparam,0,0,310,10,51,13046,0.1639344262,0.0007659314,0.0015247389,0.1639344262,0.0007659314,0.0015247389,./imgs_0710_2026_v1/output/traditional_baseline/levelA_fixedparam/primary200/resImgs/levelA_M2_fixedparam_primary200_crack_00310.png
levelA_M2_fixedparam,0,0,311,0,19,9058,0.0000000000,0.0000000000,0.0000000000,0.0500000000,0.0001103875,0.0002202886,./imgs_0710_2026_v1/output/traditional_baseline/levelA_fixedparam/primary200/resImgs/levelA_M2_fixedparam_primary200_crack_00311.png
levelA_M2_fixedparam,0,0,312,0,8,3340,0.0000000000,0.0000000000,0.0000000000,0.1111111111,0.0002993116,0.0005970149,./imgs_0710_2026_v1/output/traditional_baseline/levelA_fixedparam/primary200/resImgs/levelA_M2_fixedparam_primary200_crack_00312.png
levelA_M2_fixedparam,0,0,313,8,13,5618,0.3809523810,0.0014219694,0.0028333628,0.3809523810,0.0014219694,0.0028333628,./imgs_0710_2026_v1/output/traditional_baseline/levelA_fixedparam/primary200/resImgs/levelA_M2_fixedparam_primary200_crack_00313.png
levelA_M2_fixedparam,0,0,314,0,48,3981,0.0000000000,0.0000000000,0.0000000000,0.0204081633,0.0002511301,0.0004961548,./imgs_0710_2026_v1/output/traditional_baseline/levelA_fixedparam/primary200/resImgs/levelA_M2_fixedparam_primary200_crack_00314.png
levelA_M2_fixedparam,0,0,315,0,40,9325,0.0000000000,0.0000000000,0.0000000000,0.0243902439,0.0001072271,0.0002135155,./imgs_0710_2026_v1/output/traditional_baseline/levelA_fixedparam/primary200/resImgs/levelA_M2_fixedparam_primary200_crack_00315.png
levelA_M2_fixedparam,0,0,316,0,61,3701,0.0000000000,0.0000000000,0.0000000000,0.0161290323,0.0002701243,0.0005313496,./imgs_0710_2026_v1/output/traditional_baseline/levelA_fixedparam/primary200/resImgs/levelA_M2_fixedparam_primary200_crack_00316.png
levelA_M2_fixedparam,0,0,317,0,16,3543,0.0000000000,0.0000000000,0.0000000000,0.0588235294,0.0002821670,0.0005616400,./imgs_0710_2026_v1/output/traditional_baseline/levelA_fixedparam/primary200/resImgs/levelA_M2_fixedparam_primary200_crack_00317.png
levelA_M2_fixedparam,0,0,318,0,25,5133,0.0000000000,0.0000000000,0.0000000000,0.0384615385,0.0001947799,0.0003875969,./imgs_0710_2026_v1/output/traditional_baseline/levelA_fixedparam/primary200/resImgs/levelA_M2_fixedparam_primary200_crack_00318.png
levelA_M2_fixedparam,0,0,319,0,45,2517,0.0000000000,0.0000000000,0.0000000000,0.0217391304,0.0003971406,0.0007800312,./imgs_0710_2026_v1/output/traditional_baseline/levelA_fixedparam/primary200/resImgs/levelA_M2_fixedparam_primary200_crack_00319.png
levelA_M2_fixedparam,0,0,320,0,47,5161,0.0000000000,0.0000000000,0.0000000000,0.0208333333,0.0001937234,0.0003838772,./imgs_0710_2026_v1/output/traditional_baseline/levelA_fixedparam/primary200/resImgs/levelA_M2_fixedparam_primary200_crack_00320.png
levelA_M2_fixedparam,0,0,321,0,39,12967,0.0000000000,0.0000000000,0.0000000000,0.0250000000,0.0000771129,0.0001537515,./imgs_0710_2026_v1/output/traditional_baseline/levelA_fixedparam/primary200/resImgs/levelA_M2_fixedparam_primary200_crack_00321.png
levelA_M2_fixedparam,0,0,322,0,6,9914,0.0000000000,0.0000000000,0.0000000000,0.1428571429,0.0001008573,0.0002015723,./imgs_0710_2026_v1/output/traditional_baseline/levelA_fixedparam/primary200/resImgs/levelA_M2_fixedparam_primary200_crack_00322.png
levelA_M2_fixedparam,0,0,323,19,0,10140,1.0000000000,0.0018702628,0.0037335429,0.9500000000,0.0018702628,0.0037331761,./imgs_0710_2026_v1/output/traditional_baseline/levelA_fixedparam/primary200/resImgs/levelA_M2_fixedparam_primary200_crack_00323.png
levelA_M2_fixedparam,0,0,324,20,10,20631,0.6666666667,0.0009684761,0.0019341424,0.6666666667,0.0009684761,0.0019341424,./imgs_0710_2026_v1/output/traditional_baseline/levelA_fixedparam/primary200/resImgs/levelA_M2_fixedparam_primary200_crack_00324.png
levelA_M2_fixedparam,0,0,325,0,0,4409,0.0000000000,0.0000000000,0.0000000000,0.5000000000,0.0002267574,0.0004533092,./imgs_0710_2026_v1/output/traditional_baseline/levelA_fixedparam/primary200/resImgs/levelA_M2_fixedparam_primary200_crack_00325.png
levelA_M2_fixedparam,0,0,326,0,8,16308,0.0000000000,0.0000000000,0.0000000000,0.1111111111,0.0000613158,0.0001225640,./imgs_0710_2026_v1/output/traditional_baseline/levelA_fixedparam/primary200/resImgs/levelA_M2_fixedparam_primary200_crack_00326.png
levelA_M2_fixedparam,0,0,327,0,0,9522,0.0000000000,0.0000000000,0.0000000000,0.5000000000,0.0001050089,0.0002099738,./imgs_0710_2026_v1/output/traditional_baseline/levelA_fixedparam/primary200/resImgs/levelA_M2_fixedparam_primary200_crack_00327.png
levelA_M2_fixedparam,0,0,328,46,78,14013,0.3709677419,0.0032719255,0.0064866389,0.3709677419,0.0032719255,0.0064866389,./imgs_0710_2026_v1/output/traditional_baseline/levelA_fixedparam/primary200/resImgs/levelA_M2_fixedparam_primary200_crack_00328.png
levelA_M2_fixedparam,0,0,329,0,32,6374,0.0000000000,0.0000000000,0.0000000000,0.0303030303,0.0001568627,0.0003121099,./imgs_0710_2026_v1/output/traditional_baseline/levelA_fixedparam/primary200/resImgs/levelA_M2_fixedparam_primary200_crack_00329.png
levelA_M2_fixedparam,0,0,330,5,18,11766,0.2173913043,0.0004247727,0.0008478888,0.2173913043,0.0004247727,0.0008478888,./imgs_0710_2026_v1/output/traditional_baseline/levelA_fixedparam/primary200/resImgs/levelA_M2_fixedparam_primary200_crack_00330.png
levelA_M2_fixedparam,0,0,331,0,0,13296,0.0000000000,0.0000000000,0.0000000000,0.5000000000,0.0000752049,0.0001503872,./imgs_0710_2026_v1/output/traditional_baseline/levelA_fixedparam/primary200/resImgs/levelA_M2_fixedparam_primary200_crack_00331.png
levelA_M2_fixedparam,0,0,332,0,24,13143,0.0000000000,0.0000000000,0.0000000000,0.0400000000,0.0000760803,0.0001518718,./imgs_0710_2026_v1/output/traditional_baseline/levelA_fixedparam/primary200/resImgs/levelA_M2_fixedparam_primary200_crack_00332.png
levelA_M2_fixedparam,0,0,333,0,22,682,0.0000000000,0.0000000000,0.0000000000,0.0434782609,0.0014641288,0.0028328612,./imgs_0710_2026_v1/output/traditional_baseline/levelA_fixedparam/primary200/resImgs/levelA_M2_fixedparam_primary200_crack_00333.png
levelA_M2_fixedparam,0,0,334,0,9,10837,0.0000000000,0.0000000000,0.0000000000,0.1000000000,0.0000922679,0.0001843658,./imgs_0710_2026_v1/output/traditional_baseline/levelA_fixedparam/primary200/resImgs/levelA_M2_fixedparam_primary200_crack_00334.png
levelA_M2_fixedparam,0,0,335,14,6,13258,0.7000000000,0.0010548523,0.0021065302,0.7000000000,0.0010548523,0.0021065302,./imgs_0710_2026_v1/output/traditional_baseline/levelA_fixedparam/primary200/resImgs/levelA_M2_fixedparam_primary200_crack_00335.png
levelA_M2_fixedparam,0,0,336,0,21,4131,0.0000000000,0.0000000000,0.0000000000,0.0454545455,0.0002420136,0.0004814636,./imgs_0710_2026_v1/output/traditional_baseline/levelA_fixedparam/primary200/resImgs/levelA_M2_fixedparam_primary200_crack_00336.png
levelA_M2_fixedparam,0,0,337,0,29,5615,0.0000000000,0.0000000000,0.0000000000,0.0333333333,0.0001780627,0.0003542331,./imgs_0710_2026_v1/output/traditional_baseline/levelA_fixedparam/primary200/resImgs/levelA_M2_fixedparam_primary200_crack_00337.png
levelA_M2_fixedparam,0,0,338,0,10,8803,0.0000000000,0.0000000000,0.0000000000,0.0909090909,0.0001135847,0.0002268860,./imgs_0710_2026_v1/output/traditional_baseline/levelA_fixedparam/primary200/resImgs/levelA_M2_fixedparam_primary200_crack_00338.png
levelA_M2_fixedparam,0,0,339,0,0,3994,0.0000000000,0.0000000000,0.0000000000,0.5000000000,0.0002503129,0.0005003753,./imgs_0710_2026_v1/output/traditional_baseline/levelA_fixedparam/primary200/resImgs/levelA_M2_fixedparam_primary200_crack_00339.png
levelA_M2_fixedparam,0,0,340,0,63,9623,0.0000000000,0.0000000000,0.0000000000,0.0156250000,0.0001039069,0.0002064410,./imgs_0710_2026_v1/output/traditional_baseline/levelA_fixedparam/primary200/resImgs/levelA_M2_fixedparam_primary200_crack_00340.png
levelA_M2_fixedparam,0,0,341,0,0,7405,0.0000000000,0.0000000000,0.0000000000,0.5000000000,0.0001350257,0.0002699784,./imgs_0710_2026_v1/output/traditional_baseline/levelA_fixedparam/primary200/resImgs/levelA_M2_fixedparam_primary200_crack_00341.png
levelA_M2_fixedparam,0,0,342,0,55,3480,0.0000000000,0.0000000000,0.0000000000,0.0178571429,0.0002872738,0.0005654509,./imgs_0710_2026_v1/output/traditional_baseline/levelA_fixedparam/primary200/resImgs/levelA_M2_fixedparam_primary200_crack_00342.png
levelA_M2_fixedparam,0,0,343,0,11,13495,0.0000000000,0.0000000000,0.0000000000,0.0833333333,0.0000740960,0.0001480604,./imgs_0710_2026_v1/output/traditional_baseline/levelA_fixedparam/primary200/resImgs/levelA_M2_fixedparam_primary200_crack_00343.png
levelA_M2_fixedparam,0,0,344,0,21,10770,0.0000000000,0.0000000000,0.0000000000,0.0454545455,0.0000928419,0.0001853053,./imgs_0710_2026_v1/output/traditional_baseline/levelA_fixedparam/primary200/resImgs/levelA_M2_fixedparam_primary200_crack_00344.png
levelA_M2_fixedparam,0,0,345,0,9,4852,0.0000000000,0.0000000000,0.0000000000,0.1000000000,0.0002060581,0.0004112688,./imgs_0710_2026_v1/output/traditional_baseline/levelA_fixedparam/primary200/resImgs/levelA_M2_fixedparam_primary200_crack_00345.png
levelA_M2_fixedparam,0,0,346,0,0,9145,0.0000000000,0.0000000000,0.0000000000,0.5000000000,0.0001093374,0.0002186270,./imgs_0710_2026_v1/output/traditional_baseline/levelA_fixedparam/primary200/resImgs/levelA_M2_fixedparam_primary200_crack_00346.png
levelA_M2_fixedparam,0,0,347,0,6,4122,0.0000000000,0.0000000000,0.0000000000,0.1428571429,0.0002425418,0.0004842615,./imgs_0710_2026_v1/output/traditional_baseline/levelA_fixedparam/primary200/resImgs/levelA_M2_fixedparam_primary200_crack_00347.png
levelA_M2_fixedparam,0,0,348,0,15,8492,0.0000000000,0.0000000000,0.0000000000,0.0625000000,0.0001177440,0.0002350452,./imgs_0710_2026_v1/output/traditional_baseline/levelA_fixedparam/primary200/resImgs/levelA_M2_fixedparam_primary200_crack_00348.png
levelA_M2_fixedparam,0,0,349,5,5,7943,0.5000000000,0.0006290891,0.0012565971,0.5000000000,0.0006290891,0.0012565971,./imgs_0710_2026_v1/output/traditional_baseline/levelA_fixedparam/primary200/resImgs/levelA_M2_fixedparam_primary200_crack_00349.png
levelA_M2_fixedparam,0,0,350,0,186,1181,0.0000000000,0.0000000000,0.0000000000,0.0053475936,0.0008460237,0.0014609204,./imgs_0710_2026_v1/output/traditional_baseline/levelA_fixedparam/primary200/resImgs/levelA_M2_fixedparam_primary200_crack_00350.png
levelA_M2_fixedparam,0,0,351,0,43,3377,0.0000000000,0.0000000000,0.0000000000,0.0227272727,0.0002960332,0.0005844535,./imgs_0710_2026_v1/output/traditional_baseline/levelA_fixedparam/primary200/resImgs/levelA_M2_fixedparam_primary200_crack_00351.png
levelA_M2_fixedparam,0,0,352,0,33,1269,0.0000000000,0.0000000000,0.0000000000,0.0294117647,0.0007874016,0.0015337423,./imgs_0710_2026_v1/output/traditional_baseline/levelA_fixedparam/primary200/resImgs/levelA_M2_fixedparam_primary200_crack_00352.png
levelA_M2_fixedparam,0,0,353,0,168,1590,0.0000000000,0.0000000000,0.0000000000,0.0059171598,0.0006285355,0.0011363636,./imgs_0710_2026_v1/output/traditional_baseline/levelA_fixedparam/primary200/resImgs/levelA_M2_fixedparam_primary200_crack_00353.png
levelA_M2_fixedparam,0,0,354,0,142,1448,0.0000000000,0.0000000000,0.0000000000,0.0069930070,0.0006901311,0.0012562814,./imgs_0710_2026_v1/output/traditional_baseline/levelA_fixedparam/primary200/resImgs/levelA_M2_fixedparam_primary200_crack_00354.png
levelA_M2_fixedparam,0,0,355,0,64,3919,0.0000000000,0.0000000000,0.0000000000,0.0153846154,0.0002551020,0.0005018821,./imgs_0710_2026_v1/output/traditional_baseline/levelA_fixedparam/primary200/resImgs/levelA_M2_fixedparam_primary200_crack_00355.png
levelA_M2_fixedparam,0,0,356,0,31,3634,0.0000000000,0.0000000000,0.0000000000,0.0312500000,0.0002751032,0.0005454050,./imgs_0710_2026_v1/output/traditional_baseline/levelA_fixedparam/primary200/resImgs/levelA_M2_fixedparam_primary200_crack_00356.png
levelA_M2_fixedparam,0,0,357,0,192,1097,0.0000000000,0.0000000000,0.0000000000,0.0051813472,0.0009107468,0.0015491867,./imgs_0710_2026_v1/output/traditional_baseline/levelA_fixedparam/primary200/resImgs/levelA_M2_fixedparam_primary200_crack_00357.png
levelA_M2_fixedparam,0,0,358,0,13,889,0.0000000000,0.0000000000,0.0000000000,0.0714285714,0.0011235955,0.0022123894,./imgs_0710_2026_v1/output/traditional_baseline/levelA_fixedparam/primary200/resImgs/levelA_M2_fixedparam_primary200_crack_00358.png
levelA_M2_fixedparam,0,0,359,0,0,1600,0.0000000000,0.0000000000,0.0000000000,0.5000000000,0.0006246096,0.0012476606,./imgs_0710_2026_v1/output/traditional_baseline/levelA_fixedparam/primary200/resImgs/levelA_M2_fixedparam_primary200_crack_00359.png
levelA_M2_fixedparam,0,0,360,0,0,1175,0.0000000000,0.0000000000,0.0000000000,0.5000000000,0.0008503401,0.0016977929,./imgs_0710_2026_v1/output/traditional_baseline/levelA_fixedparam/primary200/resImgs/levelA_M2_fixedparam_primary200_crack_00360.png
levelA_M2_fixedparam,0,0,361,0,0,2415,0.0000000000,0.0000000000,0.0000000000,0.5000000000,0.0004139073,0.0008271299,./imgs_0710_2026_v1/output/traditional_baseline/levelA_fixedparam/primary200/resImgs/levelA_M2_fixedparam_primary200_crack_00361.png
levelA_M2_fixedparam,0,0,362,0,24,10021,0.0000000000,0.0000000000,0.0000000000,0.0400000000,0.0000997805,0.0001990644,./imgs_0710_2026_v1/output/traditional_baseline/levelA_fixedparam/primary200/resImgs/levelA_M2_fixedparam_primary200_crack_00362.png
levelA_M2_fixedparam,0,0,363,0,0,3664,0.0000000000,0.0000000000,0.0000000000,0.5000000000,0.0002728513,0.0005454050,./imgs_0710_2026_v1/output/traditional_baseline/levelA_fixedparam/primary200/resImgs/levelA_M2_fixedparam_primary200_crack_00363.png
levelA_M2_fixedparam,0,0,364,0,12,7062,0.0000000000,0.0000000000,0.0000000000,0.0769230769,0.0001415829,0.0002826456,./imgs_0710_2026_v1/output/traditional_baseline/levelA_fixedparam/primary200/resImgs/levelA_M2_fixedparam_primary200_crack_00364.png
levelA_M2_fixedparam,0,0,365,0,0,7135,0.0000000000,0.0000000000,0.0000000000,0.5000000000,0.0001401345,0.0002801905,./imgs_0710_2026_v1/output/traditional_baseline/levelA_fixedparam/primary200/resImgs/levelA_M2_fixedparam_primary200_crack_00365.png
levelA_M2_fixedparam,0,0,366,0,77,2296,0.0000000000,0.0000000000,0.0000000000,0.0128205128,0.0004353505,0.0008421053,./imgs_0710_2026_v1/output/traditional_baseline/levelA_fixedparam/primary200/resImgs/levelA_M2_fixedparam_primary200_crack_00366.png
levelA_M2_fixedparam,0,0,367,0,173,1310,0.0000000000,0.0000000000,0.0000000000,0.0057471264,0.0007627765,0.0013468013,./imgs_0710_2026_v1/output/traditional_baseline/levelA_fixedparam/primary200/resImgs/levelA_M2_fixedparam_primary200_crack_00367.png
levelA_M2_fixedparam,0,0,368,11,97,12146,0.1018518519,0.0009048285,0.0017937220,0.1018518519,0.0009048285,0.0017937220,./imgs_0710_2026_v1/output/traditional_baseline/levelA_fixedparam/primary200/resImgs/levelA_M2_fixedparam_primary200_crack_00368.png
levelA_M2_fixedparam,0,0,369,9,338,3578,0.0259365994,0.0025090605,0.0045754957,0.0259365994,0.0025090605,0.0045754957,./imgs_0710_2026_v1/output/traditional_baseline/levelA_fixedparam/primary200/resImgs/levelA_M2_fixedparam_primary200_crack_00369.png
levelA_M2_fixedparam,0,0,370,0,18,8529,0.0000000000,0.0000000000,0.0000000000,0.0526315789,0.0001172333,0.0002339455,./imgs_0710_2026_v1/output/traditional_baseline/levelA_fixedparam/primary200/resImgs/levelA_M2_fixedparam_primary200_crack_00370.png
levelA_M2_fixedparam,0,0,371,0,158,2185,0.0000000000,0.0000000000,0.0000000000,0.0062893082,0.0004574565,0.0008528785,./imgs_0710_2026_v1/output/traditional_baseline/levelA_fixedparam/primary200/resImgs/levelA_M2_fixedparam_primary200_crack_00371.png
levelA_M2_fixedparam,0,0,372,0,0,9029,0.0000000000,0.0000000000,0.0000000000,0.5000000000,0.0001107420,0.0002214349,./imgs_0710_2026_v1/output/traditional_baseline/levelA_fixedparam/primary200/resImgs/levelA_M2_fixedparam_primary200_crack_00372.png
levelA_M2_fixedparam,0,0,373,0,17,1841,0.0000000000,0.0000000000,0.0000000000,0.0555555556,0.0005428882,0.0010752688,./imgs_0710_2026_v1/output/traditional_baseline/levelA_fixedparam/primary200/resImgs/levelA_M2_fixedparam_primary200_crack_00373.png
levelA_M2_fixedparam,0,0,374,0,20,9511,0.0000000000,0.0000000000,0.0000000000,0.0476190476,0.0001051304,0.0002097975,./imgs_0710_2026_v1/output/traditional_baseline/levelA_fixedparam/primary200/resImgs/levelA_M2_fixedparam_primary200_crack_00374.png
levelA_M2_fixedparam,0,0,375,0,56,2165,0.0000000000,0.0000000000,0.0000000000,0.0175438596,0.0004616805,0.0008996851,./imgs_0710_2026_v1/output/traditional_baseline/levelA_fixedparam/primary200/resImgs/levelA_M2_fixedparam_primary200_crack_00375.png
levelA_M2_fixedparam,0,0,376,0,15,1400,0.0000000000,0.0000000000,0.0000000000,0.0625000000,0.0007137759,0.0014114326,./imgs_0710_2026_v1/output/traditional_baseline/levelA_fixedparam/primary200/resImgs/levelA_M2_fixedparam_primary200_crack_00376.png
levelA_M2_fixedparam,0,0,377,0,21,2180,0.0000000000,0.0000000000,0.0000000000,0.0454545455,0.0004585053,0.0009078529,./imgs_0710_2026_v1/output/traditional_baseline/levelA_fixedparam/primary200/resImgs/levelA_M2_fixedparam_primary200_crack_00377.png
levelA_M2_fixedparam,0,0,378,0,11,4724,0.0000000000,0.0000000000,0.0000000000,0.0833333333,0.0002116402,0.0004222081,./imgs_0710_2026_v1/output/traditional_baseline/levelA_fixedparam/primary200/resImgs/levelA_M2_fixedparam_primary200_crack_00378.png
levelA_M2_fixedparam,0,0,379,0,0,5166,0.0000000000,0.0000000000,0.0000000000,0.5000000000,0.0001935359,0.0003869220,./imgs_0710_2026_v1/output/traditional_baseline/levelA_fixedparam/primary200/resImgs/levelA_M2_fixedparam_primary200_crack_00379.png
levelA_M2_fixedparam,0,0,380,0,12,908,0.0000000000,0.0000000000,0.0000000000,0.0769230769,0.0011001100,0.0021691974,./imgs_0710_2026_v1/output/traditional_baseline/levelA_fixedparam/primary200/resImgs/levelA_M2_fixedparam_primary200_crack_00380.png
levelA_M2_fixedparam,0,0,381,0,9,4092,0.0000000000,0.0000000000,0.0000000000,0.1000000000,0.0002443196,0.0004874482,./imgs_0710_2026_v1/output/traditional_baseline/levelA_fixedparam/primary200/resImgs/levelA_M2_fixedparam_primary200_crack_00381.png
levelA_M2_fixedparam,0,0,382,0,14,4989,0.0000000000,0.0000000000,0.0000000000,0.0666666667,0.0002004008,0.0003996004,./imgs_0710_2026_v1/output/traditional_baseline/levelA_fixedparam/primary200/resImgs/levelA_M2_fixedparam_primary200_crack_00382.png
levelA_M2_fixedparam,0,0,383,0,5,5484,0.0000000000,0.0000000000,0.0000000000,0.1666666667,0.0001823154,0.0003642324,./imgs_0710_2026_v1/output/traditional_baseline/levelA_fixedparam/primary200/resImgs/levelA_M2_fixedparam_primary200_crack_00383.png
levelA_M2_fixedparam,0,0,384,0,30,2158,0.0000000000,0.0000000000,0.0000000000,0.0322580645,0.0004631774,0.0009132420,./imgs_0710_2026_v1/output/traditional_baseline/levelA_fixedparam/primary200/resImgs/levelA_M2_fixedparam_primary200_crack_00384.png
levelA_M2_fixedparam,0,0,385,0,0,4600,0.0000000000,0.0000000000,0.0000000000,0.5000000000,0.0002173441,0.0004344992,./imgs_0710_2026_v1/output/traditional_baseline/levelA_fixedparam/primary200/resImgs/levelA_M2_fixedparam_primary200_crack_00385.png
levelA_M2_fixedparam,0,0,386,0,42,2661,0.0000000000,0.0000000000,0.0000000000,0.0232558140,0.0003756574,0.0007393715,./imgs_0710_2026_v1/output/traditional_baseline/levelA_fixedparam/primary200/resImgs/levelA_M2_fixedparam_primary200_crack_00386.png
levelA_M2_fixedparam,0,0,387,0,0,1184,0.0000000000,0.0000000000,0.0000000000,0.5000000000,0.0008438819,0.0016849200,./imgs_0710_2026_v1/output/traditional_baseline/levelA_fixedparam/primary200/resImgs/levelA_M2_fixedparam_primary200_crack_00387.png
levelA_M2_fixedparam,0,0,388,0,0,4174,0.0000000000,0.0000000000,0.0000000000,0.5000000000,0.0002395210,0.0004788125,./imgs_0710_2026_v1/output/traditional_baseline/levelA_fixedparam/primary200/resImgs/levelA_M2_fixedparam_primary200_crack_00388.png
levelA_M2_fixedparam,0,0,389,0,36,6332,0.0000000000,0.0000000000,0.0000000000,0.0270270270,0.0001579030,0.0003139717,./imgs_0710_2026_v1/output/traditional_baseline/levelA_fixedparam/primary200/resImgs/levelA_M2_fixedparam_primary200_crack_00389.png
levelA_M2_fixedparam,0,0,390,0,0,6483,0.0000000000,0.0000000000,0.0000000000,0.5000000000,0.0001542258,0.0003083565,./imgs_0710_2026_v1/output/traditional_baseline/levelA_fixedparam/primary200/resImgs/levelA_M2_fixedparam_primary200_crack_00390.png
levelA_M2_fixedparam,0,0,391,0,20,10711,0.0000000000,0.0000000000,0.0000000000,0.0476190476,0.0000933532,0.0001863412,./imgs_0710_2026_v1/output/traditional_baseline/levelA_fixedparam/primary200/resImgs/levelA_M2_fixedparam_primary200_crack_00391.png
levelA_M2_fixedparam,0,0,392,0,21,6813,0.0000000000,0.0000000000,0.0000000000,0.0454545455,0.0001467567,0.0002925688,./imgs_0710_2026_v1/output/traditional_baseline/levelA_fixedparam/primary200/resImgs/levelA_M2_fixedparam_primary200_crack_00392.png
levelA_M2_fixedparam,0,0,393,0,37,1642,0.0000000000,0.0000000000,0.0000000000,0.0263157895,0.0006086427,0.0011897680,./imgs_0710_2026_v1/output/traditional_baseline/levelA_fixedparam/primary200/resImgs/levelA_M2_fixedparam_primary200_crack_00393.png
levelA_M2_fixedparam,0,0,394,0,81,3075,0.0000000000,0.0000000000,0.0000000000,0.0121951220,0.0003250975,0.0006333122,./imgs_0710_2026_v1/output/traditional_baseline/levelA_fixedparam/primary200/resImgs/levelA_M2_fixedparam_primary200_crack_00394.png
levelA_M2_fixedparam,0,0,395,0,18,1630,0.0000000000,0.0000000000,0.0000000000,0.0526315789,0.0006131208,0.0012121212,./imgs_0710_2026_v1/output/traditional_baseline/levelA_fixedparam/primary200/resImgs/levelA_M2_fixedparam_primary200_crack_00395.png
levelA_M2_fixedparam,0,0,396,0,35,2277,0.0000000000,0.0000000000,0.0000000000,0.0277777778,0.0004389816,0.0008643042,./imgs_0710_2026_v1/output/traditional_baseline/levelA_fixedparam/primary200/resImgs/levelA_M2_fixedparam_primary200_crack_00396.png
levelA_M2_fixedparam,0,0,397,0,76,823,0.0000000000,0.0000000000,0.0000000000,0.0129870130,0.0012135922,0.0022197558,./imgs_0710_2026_v1/output/traditional_baseline/levelA_fixedparam/primary200/resImgs/levelA_M2_fixedparam_primary200_crack_00397.png
levelA_M2_fixedparam,0,0,398,0,18,1861,0.0000000000,0.0000000000,0.0000000000,0.0526315789,0.0005370569,0.0010632642,./imgs_0710_2026_v1/output/traditional_baseline/levelA_fixedparam/primary200/resImgs/levelA_M2_fixedparam_primary200_crack_00398.png
levelA_M2_fixedparam,0,0,399,0,56,2143,0.0000000000,0.0000000000,0.0000000000,0.0175438596,0.0004664179,0.0009086779,./imgs_0710_2026_v1/output/traditional_baseline/levelA_fixedparam/primary200/resImgs/levelA_M2_fixedparam_primary200_crack_00399.png
levelA_M2_fixedparam,0,0,400,0,43,1634,0.0000000000,0.0000000000,0.0000000000,0.0227272727,0.0006116208,0.0011911852,./imgs_0710_2026_v1/output/traditional_baseline/levelA_fixedparam/primary200/resImgs/levelA_M2_fixedparam_primary200_crack_00400.png
levelA_M2_fixedparam,0,0,401,0,53,612,0.0000000000,0.0000000000,0.0000000000,0.0185185185,0.0016313214,0.0029985007,./imgs_0710_2026_v1/output/traditional_baseline/levelA_fixedparam/primary200/resImgs/levelA_M2_fixedparam_primary200_crack_00401.png
levelA_M2_fixedparam,0,0,402,0,11,4377,0.0000000000,0.0000000000,0.0000000000,0.0833333333,0.0002284148,0.0004555809,./imgs_0710_2026_v1/output/traditional_baseline/levelA_fixedparam/primary200/resImgs/levelA_M2_fixedparam_primary200_crack_00402.png
levelA_M2_fixedparam,0,0,403,0,10,3904,0.0000000000,0.0000000000,0.0000000000,0.0909090909,0.0002560819,0.0005107252,./imgs_0710_2026_v1/output/traditional_baseline/levelA_fixedparam/primary200/resImgs/levelA_M2_fixedparam_primary200_crack_00403.png
levelA_M2_fixedparam,0,0,404,0,17,2275,0.0000000000,0.0000000000,0.0000000000,0.0555555556,0.0004393673,0.0008718396,./imgs_0710_2026_v1/output/traditional_baseline/levelA_fixedparam/primary200/resImgs/levelA_M2_fixedparam_primary200_crack_00404.png
levelA_M2_fixedparam,0,0,405,0,47,2621,0.0000000000,0.0000000000,0.0000000000,0.0208333333,0.0003813883,0.0007490637,./imgs_0710_2026_v1/output/traditional_baseline/levelA_fixedparam/primary200/resImgs/levelA_M2_fixedparam_primary200_crack_00405.png
levelA_M2_fixedparam,0,0,406,0,17,1035,0.0000000000,0.0000000000,0.0000000000,0.0555555556,0.0009652510,0.0018975332,./imgs_0710_2026_v1/output/traditional_baseline/levelA_fixedparam/primary200/resImgs/levelA_M2_fixedparam_primary200_crack_00406.png
levelA_M2_fixedparam,0,0,407,0,62,2419,0.0000000000,0.0000000000,0.0000000000,0.0158730159,0.0004132231,0.0008054772,./imgs_0710_2026_v1/output/traditional_baseline/levelA_fixedparam/primary200/resImgs/levelA_M2_fixedparam_primary200_crack_00407.png
levelA_M2_fixedparam,0,0,408,0,141,3068,0.0000000000,0.0000000000,0.0000000000,0.0070422535,0.0003258390,0.0006228589,./imgs_0710_2026_v1/output/traditional_baseline/levelA_fixedparam/primary200/resImgs/levelA_M2_fixedparam_primary200_crack_00408.png
levelA_M2_fixedparam,0,0,409,0,85,714,0.0000000000,0.0000000000,0.0000000000,0.0116279070,0.0013986014,0.0024968789,./imgs_0710_2026_v1/output/traditional_baseline/levelA_fixedparam/primary200/resImgs/levelA_M2_fixedparam_primary200_crack_00409.png
levelA_M2_fixedparam,0,0,410,0,50,5053,0.0000000000,0.0000000000,0.0000000000,0.0196078431,0.0001978631,0.0003917728,./imgs_0710_2026_v1/output/traditional_baseline/levelA_fixedparam/primary200/resImgs/levelA_M2_fixedparam_primary200_crack_00410.png
levelA_M3_fixedparam,0,0,211,2496,194459,0,0.0126729456,1.0000000000,0.0250287038,0.0126729456,0.9995995194,0.0250285783,./imgs_0710_2026_v1/output/traditional_baseline/levelA_fixedparam/primary200/resImgs/levelA_M3_fixedparam_primary200_crack_00211.png
levelA_M3_fixedparam,0,0,212,3339,194564,0,0.0168719019,1.0000000000,0.0331839278,0.0168719019,0.9997005988,0.0331837629,./imgs_0710_2026_v1/output/traditional_baseline/levelA_fixedparam/primary200/resImgs/levelA_M3_fixedparam_primary200_crack_00212.png
levelA_M3_fixedparam,0,0,213,1015,197895,0,0.0051028103,1.0000000000,0.0101538077,0.0051028103,0.9990157480,0.0101537569,./imgs_0710_2026_v1/output/traditional_baseline/levelA_fixedparam/primary200/resImgs/levelA_M3_fixedparam_primary200_crack_00213.png
levelA_M3_fixedparam,0,0,214,3372,194127,0,0.0170735042,1.0000000000,0.0335737862,0.0170735042,0.9997035280,0.0335736190,./imgs_0710_2026_v1/output/traditional_baseline/levelA_fixedparam/primary200/resImgs/levelA_M3_fixedparam_primary200_crack_00214.png
levelA_M3_fixedparam,0,0,215,785,199343,0,0.0039224896,1.0000000000,0.0078143276,0.0039224896,0.9987277354,0.0078142887,./imgs_0710_2026_v1/output/traditional_baseline/levelA_fixedparam/primary200/resImgs/levelA_M3_fixedparam_primary200_crack_00215.png
levelA_M3_fixedparam,0,0,216,4785,191345,0,0.0243970836,1.0000000000,0.0476320832,0.0243970836,0.9997910573,0.0476318461,./imgs_0710_2026_v1/output/traditional_baseline/levelA_fixedparam/primary200/resImgs/levelA_M3_fixedparam_primary200_crack_00216.png
levelA_M3_fixedparam,0,0,217,1864,196935,0,0.0093763047,1.0000000000,0.0185784126,0.0093763047,0.9994638070,0.0185783200,./imgs_0710_2026_v1/output/traditional_baseline/levelA_fixedparam/primary200/resImgs/levelA_M3_fixedparam_primary200_crack_00217.png
levelA_M3_fixedparam,0,0,218,2594,195859,0,0.0130711050,1.0000000000,0.0258049113,0.0130711050,0.9996146435,0.0258047829,./imgs_0710_2026_v1/output/traditional_baseline/levelA_fixedparam/primary200/resImgs/levelA_M3_fixedparam_primary200_crack_00218.png
levelA_M3_fixedparam,0,0,219,3455,194814,0,0.0174258205,1.0000000000,0.0342547243,0.0174258205,0.9997106481,0.0342545545,./imgs_0710_2026_v1/output/traditional_baseline/levelA_fixedparam/primary200/resImgs/levelA_M3_fixedparam_primary200_crack_00219.png
levelA_M3_fixedparam,0,0,220,1393,197923,0,0.0069889020,1.0000000000,0.0138807926,0.0069889020,0.9992826399,0.0138807234,./imgs_0710_2026_v1/output/traditional_baseline/levelA_fixedparam/primary200/resImgs/levelA_M3_fixedparam_primary200_crack_00220.png
levelA_M3_fixedparam,0,0,221,7255,190154,0,0.0367511106,1.0000000000,0.0708966892,0.0367511106,0.9998621830,0.0708963428,./imgs_0710_2026_v1/output/traditional_baseline/levelA_fixedparam/primary200/resImgs/levelA_M3_fixedparam_primary200_crack_00221.png
levelA_M3_fixedparam,0,0,222,3374,193197,0,0.0171642816,1.0000000000,0.0337492811,0.0171642816,0.9997037037,0.0337491123,./imgs_0710_2026_v1/output/traditional_baseline/levelA_fixedparam/primary200/resImgs/levelA_M3_fixedparam_primary200_crack_00222.png
levelA_M3_fixedparam,0,0,223,1051,198400,0,0.0052694647,1.0000000000,0.0104836859,0.0052694647,0.9990494297,0.0104836337,./imgs_0710_2026_v1/output/traditional_baseline/levelA_fixedparam/primary200/resImgs/levelA_M3_fixedparam_primary200_crack_00223.png
levelA_M3_fixedparam,0,0,224,5031,192230,0,0.0255042811,1.0000000000,0.0497399798,0.0255042811,0.9998012719,0.0497397340,./imgs_0710_2026_v1/output/traditional_baseline/levelA_fixedparam/primary200/resImgs/levelA_M3_fixedparam_primary200_crack_00224.png
levelA_M3_fixedparam,0,0,225,4111,192671,0,0.0208911384,1.0000000000,0.0409272598,0.0208911384,0.9997568093,0.0409270561,./imgs_0710_2026_v1/output/traditional_baseline/levelA_fixedparam/primary200/resImgs/levelA_M3_fixedparam_primary200_crack_00225.png
levelA_M3_fixedparam,0,0,226,689,199155,0,0.0034476892,1.0000000000,0.0068716870,0.0034476892,0.9985507246,0.0068716527,./imgs_0710_2026_v1/output/traditional_baseline/levelA_fixedparam/primary200/resImgs/levelA_M3_fixedparam_primary200_crack_00226.png
levelA_M3_fixedparam,0,0,227,3902,193904,0,0.0197263986,1.0000000000,0.0386895909,0.0197263986,0.9997437868,0.0386893991,./imgs_0710_2026_v1/output/traditional_baseline/levelA_fixedparam/primary200/resImgs/levelA_M3_fixedparam_primary200_crack_00227.png
levelA_M3_fixedparam,0,0,228,3958,194130,0,0.0199810185,1.0000000000,0.0391791968,0.0199810185,0.9997474110,0.0391790029,./imgs_0710_2026_v1/output/traditional_baseline/levelA_fixedparam/primary200/resImgs/levelA_M3_fixedparam_primary200_crack_00228.png
levelA_M3_fixedparam,0,0,229,4983,191029,0,0.0254219129,1.0000000000,0.0495833230,0.0254219129,0.9997993579,0.0495830763,./imgs_0710_2026_v1/output/traditional_baseline/levelA_fixedparam/primary200/resImgs/levelA_M3_fixedparam_primary200_crack_00229.png
levelA_M3_fixedparam,0,0,230,3676,194892,0,0.0185125499,1.0000000000,0.0363521291,0.0185125499,0.9997280392,0.0363519494,./imgs_0710_2026_v1/output/traditional_baseline/levelA_fixedparam/primary200/resImgs/levelA_M3_fixedparam_primary200_crack_00230.png
levelA_M3_fixedparam,0,0,231,4170,192979,0,0.0211515148,1.0000000000,0.0414267903,0.0211515148,0.9997602493,0.0414265845,./imgs_0710_2026_v1/output/traditional_baseline/levelA_fixedparam/primary200/resImgs/levelA_M3_fixedparam_primary200_crack_00231.png
levelA_M3_fixedparam,0,0,232,1363,197779,0,0.0068443623,1.0000000000,0.0135956709,0.0068443623,0.9992668622,0.0135956031,./imgs_0710_2026_v1/output/traditional_baseline/levelA_fixedparam/primary200/resImgs/levelA_M3_fixedparam_primary200_crack_00232.png
levelA_M3_fixedparam,0,0,233,2606,195108,0,0.0131806549,1.0000000000,0.0260183706,0.0131806549,0.9996164173,0.0260182407,./imgs_0710_2026_v1/output/traditional_baseline/levelA_fixedparam/primary200/resImgs/levelA_M3_fixedparam_primary200_crack_00233.png
levelA_M3_fixedparam,0,0,234,3479,195573,0,0.0174778450,1.0000000000,0.0343552345,0.0174778450,0.9997126437,0.0343550649,./imgs_0710_2026_v1/output/traditional_baseline/levelA_fixedparam/primary200/resImgs/levelA_M3_fixedparam_primary200_crack_00234.png
levelA_M3_fixedparam,0,0,235,2844,194356,0,0.0144219067,1.0000000000,0.0284337446,0.0144219067,0.9996485062,0.0284336024,./imgs_0710_2026_v1/output/traditional_baseline/levelA_fixedparam/primary200/resImgs/levelA_M3_fixedparam_primary200_crack_00235.png
levelA_M3_fixedparam,0,0,236,10074,188777,0,0.0506610477,1.0000000000,0.0964365203,0.0506610477,0.9999007444,0.0964360587,./imgs_0710_2026_v1/output/traditional_baseline/levelA_fixedparam/primary200/resImgs/levelA_M3_fixedparam_primary200_crack_00236.png
levelA_M3_fixedparam,0,0,237,4282,192689,0,0.0217392408,1.0000000000,0.0425534029,0.0217392408,0.9997665188,0.0425531915,./imgs_0710_2026_v1/output/traditional_baseline/levelA_fixedparam/primary200/resImgs/levelA_M3_fixedparam_primary200_crack_00237.png
levelA_M3_fixedparam,0,0,238,2791,195397,0,0.0140825882,1.0000000000,0.0277740460,0.0140825882,0.9996418338,0.0277739079,./imgs_0710_2026_v1/output/traditional_baseline/levelA_fixedparam/primary200/resImgs/levelA_M3_fixedparam_primary200_crack_00238.png
levelA_M3_fixedparam,0,0,239,2788,196085,0,0.0140189970,1.0000000000,0.0276503637,0.0140189970,0.9996414485,0.0276502266,./imgs_0710_2026_v1/output/traditional_baseline/levelA_fixedparam/primary200/resImgs/levelA_M3_fixedparam_primary200_crack_00239.png
levelA_M3_fixedparam,0,0,240,4302,194573,0,0.0216316782,1.0000000000,0.0423473129,0.0216316782,0.9997676040,0.0423471045,./imgs_0710_2026_v1/output/traditional_baseline/levelA_fixedparam/primary200/resImgs/levelA_M3_fixedparam_primary200_crack_00240.png
levelA_M3_fixedparam,0,0,241,3068,195643,0,0.0154395076,1.0000000000,0.0304095074,0.0154395076,0.9996741610,0.0304093567,./imgs_0710_2026_v1/output/traditional_baseline/levelA_fixedparam/primary200/resImgs/levelA_M3_fixedparam_primary200_crack_00241.png
levelA_M3_fixedparam,0,0,242,2043,196547,0,0.0102875271,1.0000000000,0.0203655431,0.0102875271,0.9995107632,0.0203654416,./imgs_0710_2026_v1/output/traditional_baseline/levelA_fixedparam/primary200/resImgs/levelA_M3_fixedparam_primary200_crack_00242.png
levelA_M3_fixedparam,0,0,243,3126,195470,0,0.0157404983,1.0000000000,0.0309931490,0.0157404983,0.9996802047,0.0309929953,./imgs_0710_2026_v1/output/traditional_baseline/levelA_fixedparam/primary200/resImgs/levelA_M3_fixedparam_primary200_crack_00243.png
levelA_M3_fixedparam,0,0,244,2258,196066,0,0.0113854097,1.0000000000,0.0225144829,0.0113854097,0.9995573263,0.0225143706,./imgs_0710_2026_v1/output/traditional_baseline/levelA_fixedparam/primary200/resImgs/levelA_M3_fixedparam_primary200_crack_00244.png
levelA_M3_fixedparam,0,0,245,2163,196138,0,0.0109076606,1.0000000000,0.0215799346,0.0109076606,0.9995378928,0.0215798269,./imgs_0710_2026_v1/output/traditional_baseline/levelA_fixedparam/primary200/resImgs/levelA_M3_fixedparam_primary200_crack_00245.png
levelA_M3_fixedparam,0,0,246,1469,197304,0,0.0073903397,1.0000000000,0.0146722466,0.0073903397,0.9993197279,0.0146721733,./imgs_0710_2026_v1/output/traditional_baseline/levelA_fixedparam/primary200/resImgs/levelA_M3_fixedparam_primary200_crack_00246.png
levelA_M3_fixedparam,0,0,247,988,198243,0,0.0049590676,1.0000000000,0.0098691932,0.0049590676,0.9989888777,0.0098691439,./imgs_0710_2026_v1/output/traditional_baseline/levelA_fixedparam/primary200/resImgs/levelA_M3_fixedparam_primary200_crack_00247.png
levelA_M3_fixedparam,0,0,248,1866,196477,0,0.0094079448,1.0000000000,0.0186405207,0.0094079448,0.9994643814,0.0186404276,./imgs_0710_2026_v1/output/traditional_baseline/levelA_fixedparam/primary200/resImgs/levelA_M3_fixedparam_primary200_crack_00248.png
levelA_M3_fixedparam,0,0,249,1414,197812,0,0.0070974672,1.0000000000,0.0140948963,0.0070974672,0.9992932862,0.0140948261,./imgs_0710_2026_v1/output/traditional_baseline/levelA_fixedparam/primary200/resImgs/levelA_M3_fixedparam_primary200_crack_00249.png
levelA_M3_fixedparam,0,0,250,1910,196778,0,0.0096130617,1.0000000000,0.0190430612,0.0096130617,0.9994767138,0.0190429663,./imgs_0710_2026_v1/output/traditional_baseline/levelA_fixedparam/primary200/resImgs/levelA_M3_fixedparam_primary200_crack_00250.png
levelA_M3_fixedparam,0,0,251,1380,197526,0,0.0069379506,1.0000000000,0.0137802942,0.0069379506,0.9992758870,0.0137802254,./imgs_0710_2026_v1/output/traditional_baseline/levelA_fixedparam/primary200/resImgs/levelA_M3_fixedparam_primary200_crack_00251.png
levelA_M3_fixedparam,0,0,252,3104,195475,0,0.0156310587,1.0000000000,0.0307809781,0.0156310587,0.9996779388,0.0307808254,./imgs_0710_2026_v1/output/traditional_baseline/levelA_fixedparam/primary200/resImgs/levelA_M3_fixedparam_primary200_crack_00252.png
levelA_M3_fixedparam,0,0,253,1750,196356,0,0.0088336547,1.0000000000,0.0175126091,0.0088336547,0.9994288978,0.0175125215,./imgs_0710_2026_v1/output/traditional_baseline/levelA_fixedparam/primary200/resImgs/levelA_M3_fixedparam_primary200_crack_00253.png
levelA_M3_fixedparam,0,0,254,1689,196903,0,0.0085048743,1.0000000000,0.0168663028,0.0085048743,0.9994082840,0.0168662186,./imgs_0710_2026_v1/output/traditional_baseline/levelA_fixedparam/primary200/resImgs/levelA_M3_fixedparam_primary200_crack_00254.png
levelA_M3_fixedparam,0,0,255,1928,196861,0,0.0096987258,1.0000000000,0.0192111281,0.0096987258,0.9994815967,0.0192110324,./imgs_0710_2026_v1/output/traditional_baseline/levelA_fixedparam/primary200/resImgs/levelA_M3_fixedparam_primary200_crack_00255.png
levelA_M3_fixedparam,0,0,256,2012,196585,0,0.0101310695,1.0000000000,0.0200589206,0.0101310695,0.9995032290,0.0200588206,./imgs_0710_2026_v1/output/traditional_baseline/levelA_fixedparam/primary200/resImgs/levelA_M3_fixedparam_primary200_crack_00256.png
levelA_M3_fixedparam,0,0,257,2500,196312,0,0.0125746937,1.0000000000,0.0248370688,0.0125746937,0.9996001599,0.0248369455,./imgs_0710_2026_v1/output/traditional_baseline/levelA_fixedparam/primary200/resImgs/levelA_M3_fixedparam_primary200_crack_00257.png
levelA_M3_fixedparam,0,0,258,2501,195735,0,0.0126162756,1.0000000000,0.0249181765,0.0126162756,0.9996003197,0.0249180524,./imgs_0710_2026_v1/output/traditional_baseline/levelA_fixedparam/primary200/resImgs/levelA_M3_fixedparam_primary200_crack_00258.png
levelA_M3_fixedparam,0,0,259,2442,196140,0,0.0122971871,1.0000000000,0.0242956065,0.0122971871,0.9995906672,0.0242954856,./imgs_0710_2026_v1/output/traditional_baseline/levelA_fixedparam/primary200/resImgs/levelA_M3_fixedparam_primary200_crack_00259.png
levelA_M3_fixedparam,0,0,260,1510,197721,0,0.0075791418,1.0000000000,0.0150442610,0.0075791418,0.9993381866,0.0150441861,./imgs_0710_2026_v1/output/traditional_baseline/levelA_fixedparam/primary200/resImgs/levelA_M3_fixedparam_primary200_crack_00260.png
levelA_M3_fixedparam,0,0,261,955,199068,0,0.0047744509,1.0000000000,0.0095035277,0.0047744509,0.9989539749,0.0095034805,./imgs_0710_2026_v1/output/traditional_baseline/levelA_fixedparam/primary200/resImgs/levelA_M3_fixedparam_primary200_crack_00261.png
levelA_M3_fixedparam,0,0,262,2409,194961,0,0.0122055024,1.0000000000,0.0241166489,0.0122055024,0.9995850622,0.0241165282,./imgs_0710_2026_v1/output/traditional_baseline/levelA_fixedparam/primary200/resImgs/levelA_M3_fixedparam_primary200_crack_00262.png
levelA_M3_fixedparam,0,0,263,1461,196885,0,0.0073659161,1.0000000000,0.0146241123,0.0073659161,0.9993160055,0.0146240391,./imgs_0710_2026_v1/output/traditional_baseline/levelA_fixedparam/primary200/resImgs/levelA_M3_fixedparam_primary200_crack_00263.png
levelA_M3_fixedparam,0,0,264,1654,196503,0,0.0083469168,1.0000000000,0.0165556451,0.0083469168,0.9993957704,0.0165555622,./imgs_0710_2026_v1/output/traditional_baseline/levelA_fixedparam/primary200/resImgs/levelA_M3_fixedparam_primary200_crack_00264.png
levelA_M3_fixedparam,0,0,265,2824,195294,0,0.0142541314,1.0000000000,0.0281076131,0.0142541314,0.9996460177,0.0281074733,./imgs_0710_2026_v1/output/traditional_baseline/levelA_fixedparam/primary200/resImgs/levelA_M3_fixedparam_primary200_crack_00265.png
levelA_M3_fixedparam,0,0,266,3574,194846,0,0.0180122971,1.0000000000,0.0353871897,0.0180122971,0.9997202797,0.0353870145,./imgs_0710_2026_v1/output/traditional_baseline/levelA_fixedparam/primary200/resImgs/levelA_M3_fixedparam_primary200_crack_00266.png
levelA_M3_fixedparam,0,0,267,1618,197353,0,0.0081318383,1.0000000000,0.0161324898,0.0081318383,0.9993823348,0.0161324094,./imgs_0710_2026_v1/output/traditional_baseline/levelA_fixedparam/primary200/resImgs/levelA_M3_fixedparam_primary200_crack_00267.png
levelA_M3_fixedparam,0,0,268,2195,196346,0,0.0110556510,1.0000000000,0.0218695202,0.0110556510,0.9995446266,0.0218694112,./imgs_0710_2026_v1/output/traditional_baseline/levelA_fixedparam/primary200/resImgs/levelA_M3_fixedparam_primary200_crack_00268.png
levelA_M3_fixedparam,0,0,269,1709,197318,0,0.0085867747,1.0000000000,0.0170273394,0.0085867747,0.9994152047,0.0170272546,./imgs_0710_2026_v1/output/traditional_baseline/levelA_fixedparam/primary200/resImgs/levelA_M3_fixedparam_primary200_crack_00269.png
levelA_M3_fixedparam,0,0,270,3362,195193,0,0.0169323361,1.0000000000,0.0333008117,0.0169323361,0.9997026464,0.0333006468,./imgs_0710_2026_v1/output/traditional_baseline/levelA_fixedparam/primary200/resImgs/levelA_M3_fixedparam_primary200_crack_00270.png
levelA_M3_fixedparam,0,0,271,1416,197260,0,0.0071271819,1.0000000000,0.0141534894,0.0071271819,0.9992942837,0.0141534187,./imgs_0710_2026_v1/output/traditional_baseline/levelA_fixedparam/primary200/resImgs/levelA_M3_fixedparam_primary200_crack_00271.png
levelA_M3_fixedparam,0,0,272,1016,198632,0,0.0050889566,1.0000000000,0.0101263804,0.0050889566,0.9990167158,0.0101263300,./imgs_0710_2026_v1/output/traditional_baseline/levelA_fixedparam/primary200/resImgs/levelA_M3_fixedparam_primary200_crack_00272.png
levelA_M3_fixedparam,0,0,273,1697,197216,0,0.0085313680,1.0000000000,0.0169183989,0.0085313680,0.9994110718,0.0169183145,./imgs_0710_2026_v1/output/traditional_baseline/levelA_fixedparam/primary200/resImgs/levelA_M3_fixedparam_primary200_crack_00273.png
levelA_M3_fixedparam,0,0,274,2064,196243,0,0.0104081046,1.0000000000,0.0206017837,0.0104081046,0.9995157385,0.0206016809,./imgs_0710_2026_v1/output/traditional_baseline/levelA_fixedparam/primary200/resImgs/levelA_M3_fixedparam_primary200_crack_00274.png
levelA_M3_fixedparam,0,0,275,665,199139,0,0.0033282617,1.0000000000,0.0066344422,0.0033282617,0.9984984985,0.0066344091,./imgs_0710_2026_v1/output/traditional_baseline/levelA_fixedparam/primary200/resImgs/levelA_M3_fixedparam_primary200_crack_00275.png
levelA_M3_fixedparam,0,0,276,1417,197514,0,0.0071230728,1.0000000000,0.0141453870,0.0071230728,0.9992947814,0.0141453164,./imgs_0710_2026_v1/output/traditional_baseline/levelA_fixedparam/primary200/resImgs/levelA_M3_fixedparam_primary200_crack_00276.png
levelA_M3_fixedparam,0,0,277,784,198767,0,0.0039288202,1.0000000000,0.0078268900,0.0039288202,0.9987261146,0.0078268509,./imgs_0710_2026_v1/output/traditional_baseline/levelA_fixedparam/primary200/resImgs/levelA_M3_fixedparam_primary200_crack_00277.png
levelA_M3_fixedparam,0,0,278,1382,197074,0,0.0069637602,1.0000000000,0.0138312033,0.0069637602,0.9992769342,0.0138311341,./imgs_0710_2026_v1/output/traditional_baseline/levelA_fixedparam/primary200/resImgs/levelA_M3_fixedparam_primary200_crack_00278.png
levelA_M3_fixedparam,0,0,279,915,197919,0,0.0046018287,1.0000000000,0.0091614977,0.0046018287,0.9989082969,0.0091614518,./imgs_0710_2026_v1/output/traditional_baseline/levelA_fixedparam/primary200/resImgs/levelA_M3_fixedparam_primary200_crack_00279.png
levelA_M3_fixedparam,0,0,280,1362,197408,0,0.0068521407,1.0000000000,0.0136110167,0.0068521407,0.9992663243,0.0136109487,./imgs_0710_2026_v1/output/traditional_baseline/levelA_fixedparam/primary200/resImgs/levelA_M3_fixedparam_primary200_crack_00280.png
levelA_M3_fixedparam,0,0,281,734,198269,0,0.0036883866,1.0000000000,0.0073496648,0.0036883866,0.9986394558,0.0073496280,./imgs_0710_2026_v1/output/traditional_baseline/levelA_fixedparam/primary200/resImgs/levelA_M3_fixedparam_primary200_crack_00281.png
levelA_M3_fixedparam,0,0,282,1132,197851,0,0.0056889282,1.0000000000,0.0113134947,0.0056889282,0.9991173875,0.0113134382,./imgs_0710_2026_v1/output/traditional_baseline/levelA_fixedparam/primary200/resImgs/levelA_M3_fixedparam_primary200_crack_00282.png
levelA_M3_fixedparam,0,0,283,7550,191483,0,0.0379334080,1.0000000000,0.0730941075,0.0379334080,0.9998675672,0.0730937536,./imgs_0710_2026_v1/output/traditional_baseline/levelA_fixedparam/primary200/resImgs/levelA_M3_fixedparam_primary200_crack_00283.png
levelA_M3_fixedparam,0,0,284,9338,189688,0,0.0469184931,1.0000000000,0.0896316062,0.0469184931,0.9998929222,0.0896311761,./imgs_0710_2026_v1/output/traditional_baseline/levelA_fixedparam/primary200/resImgs/levelA_M3_fixedparam_primary200_crack_00284.png
levelA_M3_fixedparam,0,0,285,8073,189057,0,0.0409526708,1.0000000000,0.0786830602,0.0409526708,0.9998761457,0.0786826768,./imgs_0710_2026_v1/output/traditional_baseline/levelA_fixedparam/primary200/resImgs/levelA_M3_fixedparam_primary200_crack_00285.png
levelA_M3_fixedparam,0,0,286,22445,172203,0,0.1153107147,1.0000000000,0.2067777404,0.1153107147,0.9999554486,0.2067767879,./imgs_0710_2026_v1/output/traditional_baseline/levelA_fixedparam/primary200/resImgs/levelA_M3_fixedparam_primary200_crack_00286.png
levelA_M3_fixedparam,0,0,287,2737,193939,0,0.0139162887,1.0000000000,0.0274505674,0.0139162887,0.9996347699,0.0274504298,./imgs_0710_2026_v1/output/traditional_baseline/levelA_fixedparam/primary200/resImgs/levelA_M3_fixedparam_primary200_crack_00287.png
levelA_M3_fixedparam,0,0,288,3701,192909,0,0.0188240680,1.0000000000,0.0369525388,0.0188240680,0.9997298757,0.0369523543,./imgs_0710_2026_v1/output/traditional_baseline/levelA_fixedparam/primary200/resImgs/levelA_M3_fixedparam_primary200_crack_00288.png
levelA_M3_fixedparam,0,0,289,7549,185542,0,0.0390955560,1.0000000000,0.0752492026,0.0390955560,0.9998675497,0.0752488275,./imgs_0710_2026_v1/output/traditional_baseline/levelA_fixedparam/primary200/resImgs/levelA_M3_fixedparam_primary200_crack_00289.png
levelA_M3_fixedparam,0,0,290,7637,187314,0,0.0391739463,1.0000000000,0.0753943965,0.0391739463,0.9998690757,0.0753940244,./imgs_0710_2026_v1/output/traditional_baseline/levelA_fixedparam/primary200/resImgs/levelA_M3_fixedparam_primary200_crack_00290.png
levelA_M3_fixedparam,0,0,291,4702,191062,0,0.0240187164,1.0000000000,0.0469106981,0.0240187164,0.9997873698,0.0469104641,./imgs_0710_2026_v1/output/traditional_baseline/levelA_fixedparam/primary200/resImgs/levelA_M3_fixedparam_primary200_crack_00291.png
levelA_M3_fixedparam,0,0,292,6963,187690,0,0.0357713470,1.0000000000,0.0690718991,0.0357713470,0.9998564044,0.0690715565,./imgs_0710_2026_v1/output/traditional_baseline/levelA_fixedparam/primary200/resImgs/levelA_M3_fixedparam_primary200_crack_00292.png
levelA_M3_fixedparam,0,0,293,3465,196482,0,0.0173295923,1.0000000000,0.0340687865,0.0173295923,0.9997114830,0.0340686190,./imgs_0710_2026_v1/output/traditional_baseline/levelA_fixedparam/primary200/resImgs/levelA_M3_fixedparam_primary200_crack_00293.png
levelA_M3_fixedparam,0,0,294,1453,197927,0,0.0072875915,1.0000000000,0.0144697336,0.0072875915,0.9993122421,0.0144696615,./imgs_0710_2026_v1/output/traditional_baseline/levelA_fixedparam/primary200/resImgs/levelA_M3_fixedparam_primary200_crack_00294.png
levelA_M3_fixedparam,0,0,295,2271,196630,0,0.0114177405,1.0000000000,0.0225776947,0.0114177405,0.9995598592,0.0225775825,./imgs_0710_2026_v1/output/traditional_baseline/levelA_fixedparam/primary200/resImgs/levelA_M3_fixedparam_primary200_crack_00295.png
levelA_M3_fixedparam,0,0,296,10975,180641,0,0.0572760104,1.0000000000,0.1083463727,0.0572760104,0.9999088921,0.1083458379,./imgs_0710_2026_v1/output/traditional_baseline/levelA_fixedparam/primary200/resImgs/levelA_M3_fixedparam_primary200_crack_00296.png
levelA_M3_fixedparam,0,0,297,21381,168270,0,0.1127386621,1.0000000000,0.2026327761,0.1127386621,0.9999532317,0.2026318159,./imgs_0710_2026_v1/output/traditional_baseline/levelA_fixedparam/primary200/resImgs/levelA_M3_fixedparam_primary200_crack_00297.png
levelA_M3_fixedparam,0,0,298,16528,174382,0,0.0865748258,1.0000000000,0.1593536382,0.0865748258,0.9999395003,0.1593528700,./imgs_0710_2026_v1/output/traditional_baseline/levelA_fixedparam/primary200/resImgs/levelA_M3_fixedparam_primary200_crack_00298.png
levelA_M3_fixedparam,0,0,299,14370,177326,0,0.0749624405,1.0000000000,0.1394698786,0.0749624405,0.9999304154,0.1394692018,./imgs_0710_2026_v1/output/traditional_baseline/levelA_fixedparam/primary200/resImgs/levelA_M3_fixedparam_primary200_crack_00299.png
levelA_M3_fixedparam,0,0,300,11445,182934,0,0.0588798173,1.0000000000,0.1112115205,0.0588798173,0.9999126332,0.1112109802,./imgs_0710_2026_v1/output/traditional_baseline/levelA_fixedparam/primary200/resImgs/levelA_M3_fixedparam_primary200_crack_00300.png
levelA_M3_fixedparam,0,0,301,11546,184998,0,0.0587451156,1.0000000000,0.1109712144,0.0587451156,0.9999133974,0.1109706811,./imgs_0710_2026_v1/output/traditional_baseline/levelA_fixedparam/primary200/resImgs/levelA_M3_fixedparam_primary200_crack_00301.png
levelA_M3_fixedparam,0,0,302,17820,175377,0,0.0922374571,1.0000000000,0.1688963448,0.0922374571,0.9999438864,0.1688955445,./imgs_0710_2026_v1/output/traditional_baseline/levelA_fixedparam/primary200/resImgs/levelA_M3_fixedparam_primary200_crack_00302.png
levelA_M3_fixedparam,0,0,303,9013,186977,0,0.0459870402,1.0000000000,0.0879304205,0.0459870402,0.9998890615,0.0879299916,./imgs_0710_2026_v1/output/traditional_baseline/levelA_fixedparam/primary200/resImgs/levelA_M3_fixedparam_primary200_crack_00303.png
levelA_M3_fixedparam,0,0,304,12319,179462,0,0.0642347261,1.0000000000,0.1207153356,0.0642347261,0.9999188312,0.1207147442,./imgs_0710_2026_v1/output/traditional_baseline/levelA_fixedparam/primary200/resImgs/levelA_M3_fixedparam_primary200_crack_00304.png
levelA_M3_fixedparam,0,0,305,7849,191201,0,0.0394323034,1.0000000000,0.0758727688,0.0394323034,0.9998726115,0.0758724021,./imgs_0710_2026_v1/output/traditional_baseline/levelA_fixedparam/primary200/resImgs/levelA_M3_fixedparam_primary200_crack_00305.png
levelA_M3_fixedparam,0,0,306,15265,172484,0,0.0813053598,1.0000000000,0.1503837174,0.0813053598,0.9999344950,0.1503829766,./imgs_0710_2026_v1/output/traditional_baseline/levelA_fixedparam/primary200/resImgs/levelA_M3_fixedparam_primary200_crack_00306.png
levelA_M3_fixedparam,0,0,307,8870,185303,0,0.0456809134,1.0000000000,0.0873706555,0.0456809134,0.9998872731,0.0873702252,./imgs_0710_2026_v1/output/traditional_baseline/levelA_fixedparam/primary200/resImgs/levelA_M3_fixedparam_primary200_crack_00307.png
levelA_M3_fixedparam,0,0,308,10129,185761,0,0.0517075910,1.0000000000,0.0983307365,0.0517075910,0.9999012833,0.0983302592,./imgs_0710_2026_v1/output/traditional_baseline/levelA_fixedparam/primary200/resImgs/levelA_M3_fixedparam_primary200_crack_00308.png
levelA_M3_fixedparam,0,0,309,4569,192543,0,0.0231797151,1.0000000000,0.0453091764,0.0231797151,0.9997811816,0.0453089517,./imgs_0710_2026_v1/output/traditional_baseline/levelA_fixedparam/primary200/resImgs/levelA_M3_fixedparam_primary200_crack_00309.png
levelA_M3_fixedparam,0,0,310,13056,180091,0,0.0675961832,1.0000000000,0.1266324932,0.0675961832,0.9999234127,0.1266318791,./imgs_0710_2026_v1/output/traditional_baseline/levelA_fixedparam/primary200/resImgs/levelA_M3_fixedparam_primary200_crack_00310.png
levelA_M3_fixedparam,0,0,311,9058,183455,0,0.0470513680,1.0000000000,0.0898740394,0.0470513680,0.9998896125,0.0898735936,./imgs_0710_2026_v1/output/traditional_baseline/levelA_fixedparam/primary200/resImgs/levelA_M3_fixedparam_primary200_crack_00311.png
levelA_M3_fixedparam,0,0,312,3340,193529,0,0.0169655964,1.0000000000,0.0333651334,0.0169655964,0.9997006884,0.0333649668,./imgs_0710_2026_v1/output/traditional_baseline/levelA_fixedparam/primary200/resImgs/levelA_M3_fixedparam_primary200_crack_00312.png
levelA_M3_fixedparam,0,0,313,5626,191540,0,0.0285343315,1.0000000000,0.0554854235,0.0285343315,0.9998222854,0.0554851499,./imgs_0710_2026_v1/output/traditional_baseline/levelA_fixedparam/primary200/resImgs/levelA_M3_fixedparam_primary200_crack_00313.png
levelA_M3_fixedparam,0,0,314,3981,191399,0,0.0203756782,1.0000000000,0.0399376006,0.0203756782,0.9997488699,0.0399374003,./imgs_0710_2026_v1/output/traditional_baseline/levelA_fixedparam/primary200/resImgs/levelA_M3_fixedparam_primary200_crack_00314.png
levelA_M3_fixedparam,0,0,315,9325,181600,0,0.0488411680,1.0000000000,0.0931335830,0.0488411680,0.9998927729,0.0931331179,./imgs_0710_2026_v1/output/traditional_baseline/levelA_fixedparam/primary200/resImgs/levelA_M3_fixedparam_primary200_crack_00315.png
levelA_M3_fixedparam,0,0,316,3701,192538,0,0.0188596558,1.0000000000,0.0370211063,0.0188596558,0.9997298757,0.0370209212,./imgs_0710_2026_v1/output/traditional_baseline/levelA_fixedparam/primary200/resImgs/levelA_M3_fixedparam_primary200_crack_00316.png
levelA_M3_fixedparam,0,0,317,3543,194299,0,0.0179082298,1.0000000000,0.0351863346,0.0179082298,0.9997178330,0.0351861599,./imgs_0710_2026_v1/output/traditional_baseline/levelA_fixedparam/primary200/resImgs/levelA_M3_fixedparam_primary200_crack_00317.png
levelA_M3_fixedparam,0,0,318,5133,192568,0,0.0259634499,1.0000000000,0.0506128164,0.0259634499,0.9998052201,0.0506125669,./imgs_0710_2026_v1/output/traditional_baseline/levelA_fixedparam/primary200/resImgs/levelA_M3_fixedparam_primary200_crack_00318.png
levelA_M3_fixedparam,0,0,319,2517,196396,0,0.0126537733,1.0000000000,0.0249913121,0.0126537733,0.9996028594,0.0249911880,./imgs_0710_2026_v1/output/traditional_baseline/levelA_fixedparam/primary200/resImgs/levelA_M3_fixedparam_primary200_crack_00319.png
levelA_M3_fixedparam,0,0,320,5161,192601,0,0.0260970257,1.0000000000,0.0508665849,0.0260970257,0.9998062766,0.0508663342,./imgs_0710_2026_v1/output/traditional_baseline/levelA_fixedparam/primary200/resImgs/levelA_M3_fixedparam_primary200_crack_00320.png
levelA_M3_fixedparam,0,0,321,12967,175612,0,0.0687616331,1.0000000000,0.1286753396,0.0687616331,0.9999228871,0.1286747012,./imgs_0710_2026_v1/output/traditional_baseline/levelA_fixedparam/primary200/resImgs/levelA_M3_fixedparam_primary200_crack_00321.png
levelA_M3_fixedparam,0,0,322,9914,179117,0,0.0524464241,1.0000000000,0.0996657368,0.0524464241,0.9998991427,0.0996652358,./imgs_0710_2026_v1/output/traditional_baseline/levelA_fixedparam/primary200/resImgs/levelA_M3_fixedparam_primary200_crack_00322.png
levelA_M3_fixedparam,0,0,323,10159,182268,0,0.0527940466,1.0000000000,0.1002932088,0.0527940466,0.9999015748,0.1002927137,./imgs_0710_2026_v1/output/traditional_baseline/levelA_fixedparam/primary200/resImgs/levelA_M3_fixedparam_primary200_crack_00323.png
levelA_M3_fixedparam,0,0,324,20651,166322,0,0.1104491023,1.0000000000,0.1989269063,0.1104491023,0.9999515785,0.1989259482,./imgs_0710_2026_v1/output/traditional_baseline/levelA_fixedparam/primary200/resImgs/levelA_M3_fixedparam_primary200_crack_00324.png
levelA_M3_fixedparam,0,0,325,4409,194761,0,0.0221368680,1.0000000000,0.0433148802,0.0221368680,0.9997732426,0.0433146675,./imgs_0710_2026_v1/output/traditional_baseline/levelA_fixedparam/primary200/resImgs/levelA_M3_fixedparam_primary200_crack_00325.png
levelA_M3_fixedparam,0,0,326,16308,170200,0,0.0874386085,1.0000000000,0.1608157147,0.0874386085,0.9999386842,0.1608149218,./imgs_0710_2026_v1/output/traditional_baseline/levelA_fixedparam/primary200/resImgs/levelA_M3_fixedparam_primary200_crack_00326.png
levelA_M3_fixedparam,0,0,327,9522,183420,0,0.0493516186,1.0000000000,0.0940611664,0.0493516186,0.9998949911,0.0940607018,./imgs_0710_2026_v1/output/traditional_baseline/levelA_fixedparam/primary200/resImgs/levelA_M3_fixedparam_primary200_crack_00327.png
levelA_M3_fixedparam,0,0,328,14059,176415,0,0.0738105988,1.0000000000,0.1374741484,0.0738105988,0.9999288762,0.1374734763,./imgs_0710_2026_v1/output/traditional_baseline/levelA_fixedparam/primary200/resImgs/levelA_M3_fixedparam_primary200_crack_00328.png
levelA_M3_fixedparam,0,0,329,6374,191128,0,0.0322730909,1.0000000000,0.0625282034,0.0322730909,0.9998431373,0.0625278967,./imgs_0710_2026_v1/output/traditional_baseline/levelA_fixedparam/primary200/resImgs/levelA_M3_fixedparam_primary200_crack_00329.png
levelA_M3_fixedparam,0,0,330,11771,178629,0,0.0618224790,1.0000000000,0.1164459789,0.0618224790,0.9999150527,0.1164454029,./imgs_0710_2026_v1/output/traditional_baseline/levelA_fixedparam/primary200/resImgs/levelA_M3_fixedparam_primary200_crack_00330.png
levelA_M3_fixedparam,0,0,331,13296,175623,0,0.0703793689,1.0000000000,0.1315035977,0.0703793689,0.9999247951,0.1315029473,./imgs_0710_2026_v1/output/traditional_baseline/levelA_fixedparam/primary200/resImgs/levelA_M3_fixedparam_primary200_crack_00331.png
levelA_M3_fixedparam,0,0,332,13143,174098,0,0.0701929599,1.0000000000,0.1311781380,0.0701929599,0.9999239197,0.1311774833,./imgs_0710_2026_v1/output/traditional_baseline/levelA_fixedparam/primary200/resImgs/levelA_M3_fixedparam_primary200_crack_00332.png
levelA_M3_fixedparam,0,0,333,682,199630,0,0.0034046887,1.0000000000,0.0067862722,0.0034046887,0.9985358712,0.0067862385,./imgs_0710_2026_v1/output/traditional_baseline/levelA_fixedparam/primary200/resImgs/levelA_M3_fixedparam_primary200_crack_00333.png
levelA_M3_fixedparam,0,0,334,10837,178674,0,0.0571840157,1.0000000000,0.1081817637,0.0571840157,0.9999077321,0.1081812238,./imgs_0710_2026_v1/output/traditional_baseline/levelA_fixedparam/primary200/resImgs/levelA_M3_fixedparam_primary200_crack_00334.png
levelA_M3_fixedparam,0,0,335,13272,178221,0,0.0693080165,1.0000000000,0.1296315288,0.0693080165,0.9999246591,0.1296308958,./imgs_0710_2026_v1/output/traditional_baseline/levelA_fixedparam/primary200/resImgs/levelA_M3_fixedparam_primary200_crack_00335.png
levelA_M3_fixedparam,0,0,336,4131,195037,0,0.0207412837,1.0000000000,0.0406396490,0.0207412837,0.9997579864,0.0406394491,./imgs_0710_2026_v1/output/traditional_baseline/levelA_fixedparam/primary200/resImgs/levelA_M3_fixedparam_primary200_crack_00336.png
levelA_M3_fixedparam,0,0,337,5615,193286,0,0.0282301245,1.0000000000,0.0549101293,0.0282301245,0.9998219373,0.0549098608,./imgs_0710_2026_v1/output/traditional_baseline/levelA_fixedparam/primary200/resImgs/levelA_M3_fixedparam_primary200_crack_00337.png
levelA_M3_fixedparam,0,0,338,8803,189743,0,0.0443373324,1.0000000000,0.0849099827,0.0443373324,0.9998864153,0.0849095732,./imgs_0710_2026_v1/output/traditional_baseline/levelA_fixedparam/primary200/resImgs/levelA_M3_fixedparam_primary200_crack_00338.png
levelA_M3_fixedparam,0,0,339,3994,195543,0,0.0200163378,1.0000000000,0.0392470926,0.0200163378,0.9997496871,0.0392468998,./imgs_0710_2026_v1/output/traditional_baseline/levelA_fixedparam/primary200/resImgs/levelA_M3_fixedparam_primary200_crack_00339.png
levelA_M3_fixedparam,0,0,340,9623,188015,0,0.0486900292,1.0000000000,0.0928587626,0.0486900292,0.9998960931,0.0928583146,./imgs_0710_2026_v1/output/traditional_baseline/levelA_fixedparam/primary200/resImgs/levelA_M3_fixedparam_primary200_crack_00340.png
levelA_M3_fixedparam,0,0,341,7405,190234,0,0.0374673015,1.0000000000,0.0722283998,0.0374673015,0.9998649743,0.0722280475,./imgs_0710_2026_v1/output/traditional_baseline/levelA_fixedparam/primary200/resImgs/levelA_M3_fixedparam_primary200_crack_00341.png
levelA_M3_fixedparam,0,0,342,3480,196473,0,0.0174040900,1.0000000000,0.0342127383,0.0174040900,0.9997127262,0.0342125702,./imgs_0710_2026_v1/output/traditional_baseline/levelA_fixedparam/primary200/resImgs/levelA_M3_fixedparam_primary200_crack_00342.png
levelA_M3_fixedparam,0,0,343,13495,184569,0,0.0681345424,1.0000000000,0.1275767044,0.0681345424,0.9999259040,0.1275761013,./imgs_0710_2026_v1/output/traditional_baseline/levelA_fixedparam/primary200/resImgs/levelA_M3_fixedparam_primary200_crack_00343.png
levelA_M3_fixedparam,0,0,344,10770,186709,0,0.0545374445,1.0000000000,0.1034338700,0.0545374445,0.9999071581,0.1034333733,./imgs_0710_2026_v1/output/traditional_baseline/levelA_fixedparam/primary200/resImgs/levelA_M3_fixedparam_primary200_crack_00344.png
levelA_M3_fixedparam,0,0,345,4852,194476,0,0.0243417884,1.0000000000,0.0475266921,0.0243417884,0.9997939419,0.0475264594,./imgs_0710_2026_v1/output/traditional_baseline/levelA_fixedparam/primary200/resImgs/levelA_M3_fixedparam_primary200_crack_00345.png
levelA_M3_fixedparam,0,0,346,9145,189220,0,0.0461018829,1.0000000000,0.0881403306,0.0461018829,0.9998906626,0.0881399058,./imgs_0710_2026_v1/output/traditional_baseline/levelA_fixedparam/primary200/resImgs/levelA_M3_fixedparam_primary200_crack_00346.png
levelA_M3_fixedparam,0,0,347,4122,193759,0,0.0208307013,1.0000000000,0.0408112751,0.0208307013,0.9997574582,0.0408110730,./imgs_0710_2026_v1/output/traditional_baseline/levelA_fixedparam/primary200/resImgs/levelA_M3_fixedparam_primary200_crack_00347.png
levelA_M3_fixedparam,0,0,348,8492,188484,0,0.0431118512,1.0000000000,0.0826600736,0.0431118512,0.9998822560,0.0826596713,./imgs_0710_2026_v1/output/traditional_baseline/levelA_fixedparam/primary200/resImgs/levelA_M3_fixedparam_primary200_crack_00348.png
levelA_M3_fixedparam,0,0,349,7948,189581,0,0.0402371297,1.0000000000,0.0773614565,0.0402371297,0.9998741980,0.0773610800,./imgs_0710_2026_v1/output/traditional_baseline/levelA_fixedparam/primary200/resImgs/levelA_M3_fixedparam_primary200_crack_00349.png
levelA_M3_fixedparam,0,0,350,1181,197723,0,0.0059375377,1.0000000000,0.0118049829,0.0059375377,0.9991539763,0.0118049239,./imgs_0710_2026_v1/output/traditional_baseline/levelA_fixedparam/primary200/resImgs/levelA_M3_fixedparam_primary200_crack_00350.png
levelA_M3_fixedparam,0,0,351,3377,195440,0,0.0169854690,1.0000000000,0.0334035629,0.0169854690,0.9997039668,0.0334033977,./imgs_0710_2026_v1/output/traditional_baseline/levelA_fixedparam/primary200/resImgs/levelA_M3_fixedparam_primary200_crack_00351.png
levelA_M3_fixedparam,0,0,352,1269,198862,0,0.0063408467,1.0000000000,0.0126017875,0.0063408467,0.9992125984,0.0126017249,./imgs_0710_2026_v1/output/traditional_baseline/levelA_fixedparam/primary200/resImgs/levelA_M3_fixedparam_primary200_crack_00352.png
levelA_M3_fixedparam,0,0,353,1590,197489,0,0.0079867791,1.0000000000,0.0158469918,0.0079867791,0.9993714645,0.0158469128,./imgs_0710_2026_v1/output/traditional_baseline/levelA_fixedparam/primary200/resImgs/levelA_M3_fixedparam_primary200_crack_00353.png
levelA_M3_fixedparam,0,0,354,1448,197836,0,0.0072660123,1.0000000000,0.0144271965,0.0072660123,0.9993098689,0.0144271246,./imgs_0710_2026_v1/output/traditional_baseline/levelA_fixedparam/primary200/resImgs/levelA_M3_fixedparam_primary200_crack_00354.png
levelA_M3_fixedparam,0,0,355,3919,193911,0,0.0198099378,1.0000000000,0.0388502545,0.0198099378,0.9997448980,0.0388500620,./imgs_0710_2026_v1/output/traditional_baseline/levelA_fixedparam/primary200/resImgs/levelA_M3_fixedparam_primary200_crack_00355.png
levelA_M3_fixedparam,0,0,356,3634,195231,0,0.0182737033,1.0000000000,0.0358915353,0.0182737033,0.9997248968,0.0358913580,./imgs_0710_2026_v1/output/traditional_baseline/levelA_fixedparam/primary200/resImgs/levelA_M3_fixedparam_primary200_crack_00356.png
levelA_M3_fixedparam,0,0,357,1097,198377,0,0.0054994636,1.0000000000,0.0109387698,0.0054994636,0.9990892532,0.0109387153,./imgs_0710_2026_v1/output/traditional_baseline/levelA_fixedparam/primary200/resImgs/levelA_M3_fixedparam_primary200_crack_00357.png
levelA_M3_fixedparam,0,0,358,889,198725,0,0.0044535954,1.0000000000,0.0088676977,0.0044535954,0.9988764045,0.0088676535,./imgs_0710_2026_v1/output/traditional_baseline/levelA_fixedparam/primary200/resImgs/levelA_M3_fixedparam_primary200_crack_00358.png
levelA_M3_fixedparam,0,0,359,1600,197900,0,0.0080200501,1.0000000000,0.0159124814,0.0080200501,0.9993753904,0.0159124022,./imgs_0710_2026_v1/output/traditional_baseline/levelA_fixedparam/primary200/resImgs/levelA_M3_fixedparam_primary200_crack_00359.png
levelA_M3_fixedparam,0,0,360,1175,198112,0,0.0058960193,1.0000000000,0.0117229201,0.0058960193,0.9991496599,0.0117228616,./imgs_0710_2026_v1/output/traditional_baseline/levelA_fixedparam/primary200/resImgs/levelA_M3_fixedparam_primary200_crack_00360.png
levelA_M3_fixedparam,0,0,361,2415,195779,0,0.0121850308,1.0000000000,0.0240766865,0.0121850308,0.9995860927,0.0240765665,./imgs_0710_2026_v1/output/traditional_baseline/levelA_fixedparam/primary200/resImgs/levelA_M3_fixedparam_primary200_crack_00361.png
levelA_M3_fixedparam,0,0,362,10021,188331,0,0.0505212955,1.0000000000,0.0961832867,0.0505212955,0.9999002195,0.0961828251,./imgs_0710_2026_v1/output/traditional_baseline/levelA_fixedparam/primary200/resImgs/levelA_M3_fixedparam_primary200_crack_00362.png
levelA_M3_fixedparam,0,0,363,3664,194612,0,0.0184792915,1.0000000000,0.0362880063,0.0184792915,0.9997271487,0.0362878266,./imgs_0710_2026_v1/output/traditional_baseline/levelA_fixedparam/primary200/resImgs/levelA_M3_fixedparam_primary200_crack_00363.png
levelA_M3_fixedparam,0,0,364,7062,191094,0,0.0356385878,1.0000000000,0.0688243721,0.0356385878,0.9998584171,0.0688240368,./imgs_0710_2026_v1/output/traditional_baseline/levelA_fixedparam/primary200/resImgs/levelA_M3_fixedparam_primary200_crack_00364.png
levelA_M3_fixedparam,0,0,365,7135,189998,0,0.0361938387,1.0000000000,0.0698592046,0.0361938387,0.9998598655,0.0698588626,./imgs_0710_2026_v1/output/traditional_baseline/levelA_fixedparam/primary200/resImgs/levelA_M3_fixedparam_primary200_crack_00365.png
levelA_M3_fixedparam,0,0,366,2296,196606,0,0.0115433731,1.0000000000,0.0228232885,0.0115433731,0.9995646495,0.0228231751,./imgs_0710_2026_v1/output/traditional_baseline/levelA_fixedparam/primary200/resImgs/levelA_M3_fixedparam_primary200_crack_00366.png
levelA_M3_fixedparam,0,0,367,1310,198087,0,0.0065698080,1.0000000000,0.0130538546,0.0065698080,0.9992372235,0.0130537896,./imgs_0710_2026_v1/output/traditional_baseline/levelA_fixedparam/primary200/resImgs/levelA_M3_fixedparam_primary200_crack_00367.png
levelA_M3_fixedparam,0,0,368,12157,185460,0,0.0615179868,1.0000000000,0.1159056890,0.0615179868,0.9999177496,0.1159051365,./imgs_0710_2026_v1/output/traditional_baseline/levelA_fixedparam/primary200/resImgs/levelA_M3_fixedparam_primary200_crack_00368.png
levelA_M3_fixedparam,0,0,369,3587,196029,0,0.0179695014,1.0000000000,0.0353045969,0.0179695014,0.9997212932,0.0353044231,./imgs_0710_2026_v1/output/traditional_baseline/levelA_fixedparam/primary200/resImgs/levelA_M3_fixedparam_primary200_crack_00369.png
levelA_M3_fixedparam,0,0,370,8529,188657,0,0.0432535778,1.0000000000,0.0829205454,0.0432535778,0.9998827667,0.0829201423,./imgs_0710_2026_v1/output/traditional_baseline/levelA_fixedparam/primary200/resImgs/levelA_M3_fixedparam_primary200_crack_00370.png
levelA_M3_fixedparam,0,0,371,2185,197146,0,0.0109616668,1.0000000000,0.0216856230,0.0109616668,0.9995425435,0.0216855154,./imgs_0710_2026_v1/output/traditional_baseline/levelA_fixedparam/primary200/resImgs/levelA_M3_fixedparam_primary200_crack_00371.png
levelA_M3_fixedparam,0,0,372,9029,186996,0,0.0460604515,1.0000000000,0.0880646074,0.0460604515,0.9998892580,0.0880641779,./imgs_0710_2026_v1/output/traditional_baseline/levelA_fixedparam/primary200/resImgs/levelA_M3_fixedparam_primary200_crack_00372.png
levelA_M3_fixedparam,0,0,373,1841,197596,0,0.0092309852,1.0000000000,0.0182931070,0.0092309852,0.9994571118,0.0182930162,./imgs_0710_2026_v1/output/traditional_baseline/levelA_fixedparam/primary200/resImgs/levelA_M3_fixedparam_primary200_crack_00373.png
levelA_M3_fixedparam,0,0,374,9511,184528,0,0.0490159195,1.0000000000,0.0934512405,0.0490159195,0.9998948696,0.0934507814,./imgs_0710_2026_v1/output/traditional_baseline/levelA_fixedparam/primary200/resImgs/levelA_M3_fixedparam_primary200_crack_00374.png
levelA_M3_fixedparam,0,0,375,2165,196451,0,0.0109004310,1.0000000000,0.0215657856,0.0109004310,0.9995383195,0.0215656782,./imgs_0710_2026_v1/output/traditional_baseline/levelA_fixedparam/primary200/resImgs/levelA_M3_fixedparam_primary200_crack_00375.png
levelA_M3_fixedparam,0,0,376,1400,197439,0,0.0070408723,1.0000000000,0.0139832900,0.0070408723,0.9992862241,0.0139832201,./imgs_0710_2026_v1/output/traditional_baseline/levelA_fixedparam/primary200/resImgs/levelA_M3_fixedparam_primary200_crack_00376.png
levelA_M3_fixedparam,0,0,377,2180,196670,0,0.0109630375,1.0000000000,0.0216883052,0.0109630375,0.9995414947,0.0216881973,./imgs_0710_2026_v1/output/traditional_baseline/levelA_fixedparam/primary200/resImgs/levelA_M3_fixedparam_primary200_crack_00377.png
levelA_M3_fixedparam,0,0,378,4724,191973,0,0.0240166347,1.0000000000,0.0469067277,0.0240166347,0.9997883598,0.0469064948,./imgs_0710_2026_v1/output/traditional_baseline/levelA_fixedparam/primary200/resImgs/levelA_M3_fixedparam_primary200_crack_00378.png
levelA_M3_fixedparam,0,0,379,5166,192287,0,0.0261631882,1.0000000000,0.0509922564,0.0261631882,0.9998064641,0.0509920047,./imgs_0710_2026_v1/output/traditional_baseline/levelA_fixedparam/primary200/resImgs/levelA_M3_fixedparam_primary200_crack_00379.png
levelA_M3_fixedparam,0,0,380,908,199083,0,0.0045402043,1.0000000000,0.0090393680,0.0045402043,0.9988998900,0.0090393230,./imgs_0710_2026_v1/output/traditional_baseline/levelA_fixedparam/primary200/resImgs/levelA_M3_fixedparam_primary200_crack_00380.png
levelA_M3_fixedparam,0,0,381,4092,193237,0,0.0207369419,1.0000000000,0.0406313145,0.0207369419,0.9997556804,0.0406311128,./imgs_0710_2026_v1/output/traditional_baseline/levelA_fixedparam/primary200/resImgs/levelA_M3_fixedparam_primary200_crack_00381.png
levelA_M3_fixedparam,0,0,382,4989,192307,0,0.0252868786,1.0000000000,0.0493264454,0.0252868786,0.9997995992,0.0493262015,./imgs_0710_2026_v1/output/traditional_baseline/levelA_fixedparam/primary200/resImgs/levelA_M3_fixedparam_primary200_crack_00382.png
levelA_M3_fixedparam,0,0,383,5484,191685,0,0.0278137030,1.0000000000,0.0541220707,0.0278137030,0.9998176846,0.0541218037,./imgs_0710_2026_v1/output/traditional_baseline/levelA_fixedparam/primary200/resImgs/levelA_M3_fixedparam_primary200_crack_00383.png
levelA_M3_fixedparam,0,0,384,2158,196580,0,0.0108585172,1.0000000000,0.0214837528,0.0108585172,0.9995368226,0.0214836458,./imgs_0710_2026_v1/output/traditional_baseline/levelA_fixedparam/primary200/resImgs/levelA_M3_fixedparam_primary200_crack_00384.png
levelA_M3_fixedparam,0,0,385,4600,192257,0,0.0233672158,1.0000000000,0.0456673136,0.0233672158,0.9997826559,0.0456670869,./imgs_0710_2026_v1/output/traditional_baseline/levelA_fixedparam/primary200/resImgs/levelA_M3_fixedparam_primary200_crack_00385.png
levelA_M3_fixedparam,0,0,386,2661,195996,0,0.0133949471,1.0000000000,0.0264357882,0.0133949471,0.9996243426,0.0264356568,./imgs_0710_2026_v1/output/traditional_baseline/levelA_fixedparam/primary200/resImgs/levelA_M3_fixedparam_primary200_crack_00386.png
levelA_M3_fixedparam,0,0,387,1184,198419,0,0.0059317746,1.0000000000,0.0117935922,0.0059317746,0.9991561181,0.0117935335,./imgs_0710_2026_v1/output/traditional_baseline/levelA_fixedparam/primary200/resImgs/levelA_M3_fixedparam_primary200_crack_00387.png
levelA_M3_fixedparam,0,0,388,4174,192936,0,0.0211759931,1.0000000000,0.0414737386,0.0211759931,0.9997604790,0.0414735326,./imgs_0710_2026_v1/output/traditional_baseline/levelA_fixedparam/primary200/resImgs/levelA_M3_fixedparam_primary200_crack_00388.png
levelA_M3_fixedparam,0,0,389,6332,191920,0,0.0319391482,1.0000000000,0.0619012239,0.0319391482,0.9998420970,0.0619009214,./imgs_0710_2026_v1/output/traditional_baseline/levelA_fixedparam/primary200/resImgs/levelA_M3_fixedparam_primary200_crack_00389.png
levelA_M3_fixedparam,0,0,390,6483,191791,0,0.0326971766,1.0000000000,0.0633238424,0.0326971766,0.9998457742,0.0633235331,./imgs_0710_2026_v1/output/traditional_baseline/levelA_fixedparam/primary200/resImgs/levelA_M3_fixedparam_primary200_crack_00390.png
levelA_M3_fixedparam,0,0,391,10711,188454,0,0.0537795295,1.0000000000,0.1020697936,0.0537795295,0.9999066468,0.1020693073,./imgs_0710_2026_v1/output/traditional_baseline/levelA_fixedparam/primary200/resImgs/levelA_M3_fixedparam_primary200_crack_00391.png
levelA_M3_fixedparam,0,0,392,6813,191808,0,0.0343015089,1.0000000000,0.0663278717,0.0343015089,0.9998532433,0.0663275489,./imgs_0710_2026_v1/output/traditional_baseline/levelA_fixedparam/primary200/resImgs/levelA_M3_fixedparam_primary200_crack_00392.png
levelA_M3_fixedparam,0,0,393,1642,196963,0,0.0082676670,1.0000000000,0.0163997463,0.0082676670,0.9993913573,0.0163996644,./imgs_0710_2026_v1/output/traditional_baseline/levelA_fixedparam/primary200/resImgs/levelA_M3_fixedparam_primary200_crack_00393.png
levelA_M3_fixedparam,0,0,394,3075,194242,0,0.0155840602,1.0000000000,0.0306898479,0.0155840602,0.9996749025,0.0306896947,./imgs_0710_2026_v1/output/traditional_baseline/levelA_fixedparam/primary200/resImgs/levelA_M3_fixedparam_primary200_crack_00394.png
levelA_M3_fixedparam,0,0,395,1630,197849,0,0.0081712862,1.0000000000,0.0162101149,0.0081712862,0.9993868792,0.0162100343,./imgs_0710_2026_v1/output/traditional_baseline/levelA_fixedparam/primary200/resImgs/levelA_M3_fixedparam_primary200_crack_00395.png
levelA_M3_fixedparam,0,0,396,2277,195873,0,0.0114912945,1.0000000000,0.0227214896,0.0114912945,0.9995610184,0.0227213763,./imgs_0710_2026_v1/output/traditional_baseline/levelA_fixedparam/primary200/resImgs/levelA_M3_fixedparam_primary200_crack_00396.png
levelA_M3_fixedparam,0,0,397,823,198469,0,0.0041296189,1.0000000000,0.0082252705,0.0041296189,0.9987864078,0.0082252294,./imgs_0710_2026_v1/output/traditional_baseline/levelA_fixedparam/primary200/resImgs/levelA_M3_fixedparam_primary200_crack_00397.png
levelA_M3_fixedparam,0,0,398,1861,196904,0,0.0093628154,1.0000000000,0.0185519325,0.0093628154,0.9994629431,0.0185518400,./imgs_0710_2026_v1/output/traditional_baseline/levelA_fixedparam/primary200/resImgs/levelA_M3_fixedparam_primary200_crack_00398.png
levelA_M3_fixedparam,0,0,399,2143,195592,0,0.0108377374,1.0000000000,0.0214430803,0.0108377374,0.9995335821,0.0214429730,./imgs_0710_2026_v1/output/traditional_baseline/levelA_fixedparam/primary200/resImgs/levelA_M3_fixedparam_primary200_crack_00399.png
levelA_M3_fixedparam,0,0,400,1634,196506,0,0.0082466943,1.0000000000,0.0163584851,0.0082466943,0.9993883792,0.0163584032,./imgs_0710_2026_v1/output/traditional_baseline/levelA_fixedparam/primary200/resImgs/levelA_M3_fixedparam_primary200_crack_00400.png
levelA_M3_fixedparam,0,0,401,612,199094,0,0.0030645048,1.0000000000,0.0061102846,0.0030645048,0.9983686786,0.0061102541,./imgs_0710_2026_v1/output/traditional_baseline/levelA_fixedparam/primary200/resImgs/levelA_M3_fixedparam_primary200_crack_00401.png
levelA_M3_fixedparam,0,0,402,4377,193127,0,0.0221615765,1.0000000000,0.0433621787,0.0221615765,0.9997715852,0.0433619639,./imgs_0710_2026_v1/output/traditional_baseline/levelA_fixedparam/primary200/resImgs/levelA_M3_fixedparam_primary200_crack_00402.png
levelA_M3_fixedparam,0,0,403,3904,193175,0,0.0198093150,1.0000000000,0.0388490569,0.0198093150,0.9997439181,0.0388488636,./imgs_0710_2026_v1/output/traditional_baseline/levelA_fixedparam/primary200/resImgs/levelA_M3_fixedparam_primary200_crack_00403.png
levelA_M3_fixedparam,0,0,404,2275,196241,0,0.0114600334,1.0000000000,0.0226603782,0.0114600334,0.9995606327,0.0226602653,./imgs_0710_2026_v1/output/traditional_baseline/levelA_fixedparam/primary200/resImgs/levelA_M3_fixedparam_primary200_crack_00404.png
levelA_M3_fixedparam,0,0,405,2621,195320,0,0.0132413194,1.0000000000,0.0261365563,0.0132413194,0.9996186117,0.0261364260,./imgs_0710_2026_v1/output/traditional_baseline/levelA_fixedparam/primary200/resImgs/levelA_M3_fixedparam_primary200_crack_00405.png
levelA_M3_fixedparam,0,0,406,1035,198632,0,0.0051836307,1.0000000000,0.0103137986,0.0051836307,0.9990347490,0.0103137472,./imgs_0710_2026_v1/output/traditional_baseline/levelA_fixedparam/primary200/resImgs/levelA_M3_fixedparam_primary200_crack_00406.png
levelA_M3_fixedparam,0,0,407,2419,195291,0,0.0122350918,1.0000000000,0.0241744075,0.0122350918,0.9995867769,0.0241742867,./imgs_0710_2026_v1/output/traditional_baseline/levelA_fixedparam/primary200/resImgs/levelA_M3_fixedparam_primary200_crack_00407.png
levelA_M3_fixedparam,0,0,408,3068,194168,0,0.0155549697,1.0000000000,0.0306334372,0.0155549697,0.9996741610,0.0306332842,./imgs_0710_2026_v1/output/traditional_baseline/levelA_fixedparam/primary200/resImgs/levelA_M3_fixedparam_primary200_crack_00408.png
levelA_M3_fixedparam,0,0,409,714,199197,0,0.0035715894,1.0000000000,0.0071177570,0.0035715894,0.9986013986,0.0071177215,./imgs_0710_2026_v1/output/traditional_baseline/levelA_fixedparam/primary200/resImgs/levelA_M3_fixedparam_primary200_crack_00409.png
levelA_M3_fixedparam,0,0,410,5053,189713,0,0.0259439533,1.0000000000,0.0505757711,0.0259439533,0.9998021369,0.0505755180,./imgs_0710_2026_v1/output/traditional_baseline/levelA_fixedparam/primary200/resImgs/levelA_M3_fixedparam_primary200_crack_00410.png
