baseline_id,stage,candidate_id,gaussian_k,gaussian_sigma,median_k,canny_t1,canny_t2,sobel_k,threshold,erode_r,dilate_r,cc_area,cc_aspect,mean_f1,std_f1,min_f1,max_f1,mean_precision,mean_recall,invalid_images,elapsed_sec,stage_winner,final_winner
B0,stage1_full,1,3.0000000000,1.0000000000,-1.0000000000,-1.0000000000,-1.0000000000,-1.0000000000,30.0000000000,-1.0000000000,-1.0000000000,-1.0000000000,-1.0000000000,0.2369349988,0.2189212686,0.0000000000,0.5710228495,0.4941313186,0.1899639724,0,0.0162276000,0,0
B0,stage1_full,2,3.0000000000,1.0000000000,-1.0000000000,-1.0000000000,-1.0000000000,-1.0000000000,50.0000000000,-1.0000000000,-1.0000000000,-1.0000000000,-1.0000000000,0.3245329758,0.3209822890,0.0000000000,0.7935066722,0.4664162763,0.3706477114,0,0.0024220000,0,0
B0,stage1_full,3,3.0000000000,1.0000000000,-1.0000000000,-1.0000000000,-1.0000000000,-1.0000000000,70.0000000000,-1.0000000000,-1.0000000000,-1.0000000000,-1.0000000000,0.3213424498,0.3219940302,0.0000000000,0.8557150179,0.4744912359,0.4467872017,0,0.0023993000,0,0
B0,stage1_full,4,3.0000000000,1.0000000000,-1.0000000000,-1.0000000000,-1.0000000000,-1.0000000000,90.0000000000,-1.0000000000,-1.0000000000,-1.0000000000,-1.0000000000,0.3266586787,0.2683050217,0.0060744115,0.8671752028,0.4765953542,0.5316243772,0,0.0024321000,0,0
B0,stage1_full,5,3.0000000000,1.0000000000,-1.0000000000,-1.0000000000,-1.0000000000,-1.0000000000,110.0000000000,-1.0000000000,-1.0000000000,-1.0000000000,-1.0000000000,0.3437224142,0.2251421229,0.0314919576,0.8301396895,0.3091738637,0.6770771569,0,0.0024929000,0,0
B0,stage1_full,6,3.0000000000,1.0000000000,-1.0000000000,-1.0000000000,-1.0000000000,-1.0000000000,130.0000000000,-1.0000000000,-1.0000000000,-1.0000000000,-1.0000000000,0.1296307098,0.0879600780,0.0247841911,0.3911748782,0.0727655823,0.8694438231,0,0.0029695000,0,0
B0,stage1_full,7,3.0000000000,1.0000000000,-1.0000000000,-1.0000000000,-1.0000000000,-1.0000000000,150.0000000000,-1.0000000000,-1.0000000000,-1.0000000000,-1.0000000000,0.0652226217,0.0596096772,0.0128713236,0.1996002284,0.0348587812,0.9573254393,0,0.0022091000,0,0
B0,stage1_full,8,3.0000000000,1.0000000000,-1.0000000000,-1.0000000000,-1.0000000000,-1.0000000000,170.0000000000,-1.0000000000,-1.0000000000,-1.0000000000,-1.0000000000,0.0572523178,0.0541259335,0.0108870519,0.1803741850,0.0303552088,0.9814338135,0,0.0022856000,0,0
B0,stage1_full,9,3.0000000000,1.0000000000,-1.0000000000,-1.0000000000,-1.0000000000,-1.0000000000,190.0000000000,-1.0000000000,-1.0000000000,-1.0000000000,-1.0000000000,0.0547602783,0.0500519721,0.0108762178,0.1660049036,0.0288775076,0.9924625955,0,0.0022125000,0,0
B0,stage1_full,10,3.0000000000,1.0000000000,-1.0000000000,-1.0000000000,-1.0000000000,-1.0000000000,210.0000000000,-1.0000000000,-1.0000000000,-1.0000000000,-1.0000000000,0.0531035079,0.0473642156,0.0108686389,0.1561016335,0.0279096251,0.9968286615,0,0.0023293000,0,0
B0,stage1_full,11,3.0000000000,1.5000000000,-1.0000000000,-1.0000000000,-1.0000000000,-1.0000000000,30.0000000000,-1.0000000000,-1.0000000000,-1.0000000000,-1.0000000000,0.2351063471,0.2178325464,0.0000000000,0.5709687242,0.4980842531,0.1861495188,0,0.0024519000,0,0
B0,stage1_full,12,3.0000000000,1.5000000000,-1.0000000000,-1.0000000000,-1.0000000000,-1.0000000000,50.0000000000,-1.0000000000,-1.0000000000,-1.0000000000,-1.0000000000,0.3260960379,0.3211520933,0.0000000000,0.7942551009,0.4688697430,0.3692195071,0,0.0023208000,0,0
B0,stage1_full,13,3.0000000000,1.5000000000,-1.0000000000,-1.0000000000,-1.0000000000,-1.0000000000,70.0000000000,-1.0000000000,-1.0000000000,-1.0000000000,-1.0000000000,0.3225730885,0.3234331544,0.0000000000,0.8567034094,0.4615969004,0.4459356157,0,0.0032368000,0,0
B0,stage1_full,14,3.0000000000,1.5000000000,-1.0000000000,-1.0000000000,-1.0000000000,-1.0000000000,90.0000000000,-1.0000000000,-1.0000000000,-1.0000000000,-1.0000000000,0.3237517186,0.2713468761,0.0015243902,0.8689538126,0.4738523481,0.5287901954,0,0.0026978000,0,0
B0,stage1_full,15,3.0000000000,1.5000000000,-1.0000000000,-1.0000000000,-1.0000000000,-1.0000000000,110.0000000000,-1.0000000000,-1.0000000000,-1.0000000000,-1.0000000000,0.3470492889,0.2288162736,0.0319532726,0.8368912783,0.3177578736,0.6748879094,0,0.0025142000,0,0
B0,stage1_full,16,3.0000000000,1.5000000000,-1.0000000000,-1.0000000000,-1.0000000000,-1.0000000000,130.0000000000,-1.0000000000,-1.0000000000,-1.0000000000,-1.0000000000,0.1312831107,0.0891146357,0.0249391605,0.3976752700,0.0738035813,0.8718608809,0,0.0023648000,0,0
B0,stage1_full,17,3.0000000000,1.5000000000,-1.0000000000,-1.0000000000,-1.0000000000,-1.0000000000,150.0000000000,-1.0000000000,-1.0000000000,-1.0000000000,-1.0000000000,0.0650974213,0.0594776111,0.0128483057,0.1992095504,0.0347807452,0.9590306209,0,0.0025782000,0,0
B0,stage1_full,18,3.0000000000,1.5000000000,-1.0000000000,-1.0000000000,-1.0000000000,-1.0000000000,170.0000000000,-1.0000000000,-1.0000000000,-1.0000000000,-1.0000000000,0.0570891137,0.0538675008,0.0108778616,0.1796188207,0.0302567035,0.9824008676,0,0.0024839000,0,0
B0,stage1_full,19,3.0000000000,1.5000000000,-1.0000000000,-1.0000000000,-1.0000000000,-1.0000000000,190.0000000000,-1.0000000000,-1.0000000000,-1.0000000000,-1.0000000000,0.0546061154,0.0498027967,0.0108748539,0.1652372538,0.0287868677,0.9930360330,0,0.0026502000,0,0
B0,stage1_full,20,3.0000000000,1.5000000000,-1.0000000000,-1.0000000000,-1.0000000000,-1.0000000000,210.0000000000,-1.0000000000,-1.0000000000,-1.0000000000,-1.0000000000,0.0530019856,0.0471992271,0.0108684209,0.1553844075,0.0278506433,0.9971219982,0,0.0024355000,0,0
B0,stage1_full,21,3.0000000000,2.0000000000,-1.0000000000,-1.0000000000,-1.0000000000,-1.0000000000,30.0000000000,-1.0000000000,-1.0000000000,-1.0000000000,-1.0000000000,0.2341739503,0.2173666023,0.0000000000,0.5704557360,0.4993001408,0.1845183857,0,0.0108765000,0,0
B0,stage1_full,22,3.0000000000,2.0000000000,-1.0000000000,-1.0000000000,-1.0000000000,-1.0000000000,50.0000000000,-1.0000000000,-1.0000000000,-1.0000000000,-1.0000000000,0.3264771761,0.3209723599,0.0000000000,0.7945705486,0.4696536514,0.3686643841,0,0.0116009000,0,0
B0,stage1_full,23,3.0000000000,2.0000000000,-1.0000000000,-1.0000000000,-1.0000000000,-1.0000000000,70.0000000000,-1.0000000000,-1.0000000000,-1.0000000000,-1.0000000000,0.3228365516,0.3240198012,0.0000000000,0.8562267539,0.4495240186,0.4456088926,0,0.0111560000,0,0
B0,stage1_full,24,3.0000000000,2.0000000000,-1.0000000000,-1.0000000000,-1.0000000000,-1.0000000000,90.0000000000,-1.0000000000,-1.0000000000,-1.0000000000,-1.0000000000,0.3227219005,0.2726821482,0.0015267176,0.8698605215,0.4725177854,0.5279385454,0,0.0097889000,0,0
B0,stage1_full,25,3.0000000000,2.0000000000,-1.0000000000,-1.0000000000,-1.0000000000,-1.0000000000,110.0000000000,-1.0000000000,-1.0000000000,-1.0000000000,-1.0000000000,0.3477334053,0.2294876267,0.0321300070,0.8394622587,0.3196789573,0.6745928722,0,0.0097517000,0,0
B0,stage1_full,26,3.0000000000,2.0000000000,-1.0000000000,-1.0000000000,-1.0000000000,-1.0000000000,130.0000000000,-1.0000000000,-1.0000000000,-1.0000000000,-1.0000000000,0.1318543664,0.0895559418,0.0249710517,0.3997426057,0.0741639454,0.8724934379,0,0.0107365000,0,0
B0,stage1_full,27,3.0000000000,2.0000000000,-1.0000000000,-1.0000000000,-1.0000000000,-1.0000000000,150.0000000000,-1.0000000000,-1.0000000000,-1.0000000000,-1.0000000000,0.0650593184,0.0594292588,0.0128644417,0.1990783286,0.0347566746,0.9597754685,0,0.0103793000,0,0
B0,stage1_full,28,3.0000000000,2.0000000000,-1.0000000000,-1.0000000000,-1.0000000000,-1.0000000000,170.0000000000,-1.0000000000,-1.0000000000,-1.0000000000,-1.0000000000,0.0570289264,0.0537704599,0.0108739591,0.1792903486,0.0302209095,0.9826499357,0,0.0093257000,0,0
B0,stage1_full,29,3.0000000000,2.0000000000,-1.0000000000,-1.0000000000,-1.0000000000,-1.0000000000,190.0000000000,-1.0000000000,-1.0000000000,-1.0000000000,-1.0000000000,0.0545573048,0.0497187285,0.0108743084,0.1649387016,0.0287579867,0.9932779676,0,0.0101480000,0,0
B0,stage1_full,30,3.0000000000,2.0000000000,-1.0000000000,-1.0000000000,-1.0000000000,-1.0000000000,210.0000000000,-1.0000000000,-1.0000000000,-1.0000000000,-1.0000000000,0.0529705065,0.0471445098,0.0108683664,0.1551545799,0.0278323513,0.9972711681,0,0.0104924000,0,0
B0,stage1_full,31,5.0000000000,1.0000000000,-1.0000000000,-1.0000000000,-1.0000000000,-1.0000000000,30.0000000000,-1.0000000000,-1.0000000000,-1.0000000000,-1.0000000000,0.2311674146,0.2172927683,0.0000000000,0.5773478142,0.5235631471,0.1722918321,0,0.0038871000,0,0
B0,stage1_full,32,5.0000000000,1.0000000000,-1.0000000000,-1.0000000000,-1.0000000000,-1.0000000000,50.0000000000,-1.0000000000,-1.0000000000,-1.0000000000,-1.0000000000,0.3327898892,0.3212912737,0.0000000000,0.7993127148,0.4287880070,0.3646858311,0,0.0033350000,0,0
B0,stage1_full,33,5.0000000000,1.0000000000,-1.0000000000,-1.0000000000,-1.0000000000,-1.0000000000,70.0000000000,-1.0000000000,-1.0000000000,-1.0000000000,-1.0000000000,0.3263259143,0.3278380840,0.0000000000,0.8588295688,0.4607196814,0.4444588350,0,0.0037661000,0,0
B0,stage1_full,34,5.0000000000,1.0000000000,-1.0000000000,-1.0000000000,-1.0000000000,-1.0000000000,90.0000000000,-1.0000000000,-1.0000000000,-1.0000000000,-1.0000000000,0.3167471001,0.2798710350,0.0000000000,0.8726300438,0.4719657086,0.5222307678,0,0.0034070000,0,0
B0,stage1_full,35,5.0000000000,1.0000000000,-1.0000000000,-1.0000000000,-1.0000000000,-1.0000000000,110.0000000000,-1.0000000000,-1.0000000000,-1.0000000000,-1.0000000000,0.3535177478,0.2361259306,0.0330515615,0.8569761892,0.3386525304,0.6699134663,0,0.0034256000,0,0
B0,stage1_full,36,5.0000000000,1.0000000000,-1.0000000000,-1.0000000000,-1.0000000000,-1.0000000000,130.0000000000,-1.0000000000,-1.0000000000,-1.0000000000,-1.0000000000,0.1361836835,0.0931676103,0.0251554551,0.4181639831,0.0769557731,0.8753106618,0,0.0032953000,0,0
B0,stage1_full,37,5.0000000000,1.0000000000,-1.0000000000,-1.0000000000,-1.0000000000,-1.0000000000,150.0000000000,-1.0000000000,-1.0000000000,-1.0000000000,-1.0000000000,0.0647490799,0.0590913127,0.0127726682,0.1980546413,0.0345663580,0.9638887471,0,0.0034146000,0,0
B0,stage1_full,38,5.0000000000,1.0000000000,-1.0000000000,-1.0000000000,-1.0000000000,-1.0000000000,170.0000000000,-1.0000000000,-1.0000000000,-1.0000000000,-1.0000000000,0.0566976032,0.0532343346,0.0108728542,0.1775670814,0.0300212998,0.9848241941,0,0.0033073000,0,0
B0,stage1_full,39,5.0000000000,1.0000000000,-1.0000000000,-1.0000000000,-1.0000000000,-1.0000000000,190.0000000000,-1.0000000000,-1.0000000000,-1.0000000000,-1.0000000000,0.0542262226,0.0491729139,0.0108721271,0.1630502695,0.0285631744,0.9944673851,0,0.0032232000,0,0
B0,stage1_full,40,5.0000000000,1.0000000000,-1.0000000000,-1.0000000000,-1.0000000000,-1.0000000000,210.0000000000,-1.0000000000,-1.0000000000,-1.0000000000,-1.0000000000,0.0527048411,0.0467285949,0.0108682030,0.1535903041,0.0276785035,0.9979099596,0,0.0035359000,0,0
B0,stage1_full,41,5.0000000000,1.5000000000,-1.0000000000,-1.0000000000,-1.0000000000,-1.0000000000,30.0000000000,-1.0000000000,-1.0000000000,-1.0000000000,-1.0000000000,0.2151257467,0.2099114136,0.0000000000,0.5720282389,0.5012958294,0.1505243964,0,0.0113329000,0,0
B0,stage1_full,42,5.0000000000,1.5000000000,-1.0000000000,-1.0000000000,-1.0000000000,-1.0000000000,50.0000000000,-1.0000000000,-1.0000000000,-1.0000000000,-1.0000000000,0.3405498292,0.3197749028,0.0000000000,0.7960336677,0.4482496767,0.3547611439,0,0.0106669000,0,0
B0,stage1_full,43,5.0000000000,1.5000000000,-1.0000000000,-1.0000000000,-1.0000000000,-1.0000000000,70.0000000000,-1.0000000000,-1.0000000000,-1.0000000000,-1.0000000000,0.3329480658,0.3336678998,0.0000000000,0.8550387597,0.4798416137,0.4402231129,0,0.0108043000,0,0
B0,stage1_full,44,5.0000000000,1.5000000000,-1.0000000000,-1.0000000000,-1.0000000000,-1.0000000000,90.0000000000,-1.0000000000,-1.0000000000,-1.0000000000,-1.0000000000,0.3075116415,0.2909703398,0.0000000000,0.8791021105,0.4672499956,0.5123029868,0,0.0115527000,0,0
B0,stage1_full,45,5.0000000000,1.5000000000,-1.0000000000,-1.0000000000,-1.0000000000,-1.0000000000,110.0000000000,-1.0000000000,-1.0000000000,-1.0000000000,-1.0000000000,0.3543030810,0.2469859169,0.0354442894,0.8829276192,0.3633443853,0.6564521991,0,0.0108084000,1,1
B0,stage1_full,46,5.0000000000,1.5000000000,-1.0000000000,-1.0000000000,-1.0000000000,-1.0000000000,130.0000000000,-1.0000000000,-1.0000000000,-1.0000000000,-1.0000000000,0.1446715104,0.1008403729,0.0255192515,0.4552000823,0.0825392210,0.8815381186,0,0.0108374000,0,0
B0,stage1_full,47,5.0000000000,1.5000000000,-1.0000000000,-1.0000000000,-1.0000000000,-1.0000000000,150.0000000000,-1.0000000000,-1.0000000000,-1.0000000000,-1.0000000000,0.0639703828,0.0581488129,0.0126010587,0.1950471067,0.0340955099,0.9708857864,0,0.0107843000,0,0
B0,stage1_full,48,5.0000000000,1.5000000000,-1.0000000000,-1.0000000000,-1.0000000000,-1.0000000000,170.0000000000,-1.0000000000,-1.0000000000,-1.0000000000,-1.0000000000,0.0559386529,0.0519856346,0.0108912086,0.1733776000,0.0295677161,0.9888671195,0,0.0103562000,0,0
B0,stage1_full,49,5.0000000000,1.5000000000,-1.0000000000,-1.0000000000,-1.0000000000,-1.0000000000,190.0000000000,-1.0000000000,-1.0000000000,-1.0000000000,-1.0000000000,0.0535938002,0.0481559683,0.0108687478,0.1593411116,0.0281938754,0.9961487559,0,0.0112523000,0,0
B0,stage1_full,50,5.0000000000,1.5000000000,-1.0000000000,-1.0000000000,-1.0000000000,-1.0000000000,210.0000000000,-1.0000000000,-1.0000000000,-1.0000000000,-1.0000000000,0.0523504430,0.0461655939,0.0108681485,0.1513929157,0.0274734742,0.9988729534,0,0.0110674000,0,0
B0,stage1_full,51,5.0000000000,2.0000000000,-1.0000000000,-1.0000000000,-1.0000000000,-1.0000000000,30.0000000000,-1.0000000000,-1.0000000000,-1.0000000000,-1.0000000000,0.2074544632,0.2058939330,0.0000000000,0.5649121108,0.5105391512,0.1421694972,0,0.0036616000,0,0
B0,stage1_full,52,5.0000000000,2.0000000000,-1.0000000000,-1.0000000000,-1.0000000000,-1.0000000000,50.0000000000,-1.0000000000,-1.0000000000,-1.0000000000,-1.0000000000,0.3432468925,0.3186029439,0.0000000000,0.7948273871,0.4550739837,0.3502445820,0,0.0022609000,0,0
B0,stage1_full,53,5.0000000000,2.0000000000,-1.0000000000,-1.0000000000,-1.0000000000,-1.0000000000,70.0000000000,-1.0000000000,-1.0000000000,-1.0000000000,-1.0000000000,0.3370015771,0.3350521011,0.0000000000,0.8532573501,0.4863792915,0.4390095938,0,0.0022741000,0,0
B0,stage1_full,54,5.0000000000,2.0000000000,-1.0000000000,-1.0000000000,-1.0000000000,-1.0000000000,90.0000000000,-1.0000000000,-1.0000000000,-1.0000000000,-1.0000000000,0.3042178321,0.2955670787,0.0000000000,0.8823816496,0.4705102095,0.5090229268,0,0.0022954000,0,0
B0,stage1_full,55,5.0000000000,2.0000000000,-1.0000000000,-1.0000000000,-1.0000000000,-1.0000000000,110.0000000000,-1.0000000000,-1.0000000000,-1.0000000000,-1.0000000000,0.3528253390,0.2510769623,0.0366122431,0.8917673839,0.3714042332,0.6516766235,0,0.0022622000,0,0
B0,stage1_full,56,5.0000000000,2.0000000000,-1.0000000000,-1.0000000000,-1.0000000000,-1.0000000000,130.0000000000,-1.0000000000,-1.0000000000,-1.0000000000,-1.0000000000,0.1479428496,0.1040519357,0.0256630824,0.4708593833,0.0847464451,0.8837946983,0,0.0027764000,0,0
B0,stage1_full,57,5.0000000000,2.0000000000,-1.0000000000,-1.0000000000,-1.0000000000,-1.0000000000,150.0000000000,-1.0000000000,-1.0000000000,-1.0000000000,-1.0000000000,0.0636086940,0.0576891997,0.0124994889,0.1935725445,0.0338784865,0.9730998692,0,0.0022753000,0,0
B0,stage1_full,58,5.0000000000,2.0000000000,-1.0000000000,-1.0000000000,-1.0000000000,-1.0000000000,170.0000000000,-1.0000000000,-1.0000000000,-1.0000000000,-1.0000000000,0.0556165731,0.0514686533,0.0108918452,0.1716417075,0.0293771914,0.9900669314,0,0.0026731000,0,0
B0,stage1_full,59,5.0000000000,2.0000000000,-1.0000000000,-1.0000000000,-1.0000000000,-1.0000000000,190.0000000000,-1.0000000000,-1.0000000000,-1.0000000000,-1.0000000000,0.0533568749,0.0477723510,0.0108684209,0.1579410941,0.0280562314,0.9967587891,0,0.0022808000,0,0
B0,stage1_full,60,5.0000000000,2.0000000000,-1.0000000000,-1.0000000000,-1.0000000000,-1.0000000000,210.0000000000,-1.0000000000,-1.0000000000,-1.0000000000,-1.0000000000,0.0522529609,0.0460140226,0.0108681485,0.1507726301,0.0274170867,0.9991259433,0,0.0022406000,0,0
B0,stage1_full,61,7.0000000000,1.0000000000,-1.0000000000,-1.0000000000,-1.0000000000,-1.0000000000,30.0000000000,-1.0000000000,-1.0000000000,-1.0000000000,-1.0000000000,0.2301407198,0.2170462806,0.0000000000,0.5773631726,0.5284105822,0.1697146707,0,0.0024553000,0,0
B0,stage1_full,62,7.0000000000,1.0000000000,-1.0000000000,-1.0000000000,-1.0000000000,-1.0000000000,50.0000000000,-1.0000000000,-1.0000000000,-1.0000000000,-1.0000000000,0.3339308561,0.3212257793,0.0000000000,0.7997250229,0.4335860500,0.3638021525,0,0.0026833000,0,0
B0,stage1_full,63,7.0000000000,1.0000000000,-1.0000000000,-1.0000000000,-1.0000000000,-1.0000000000,70.0000000000,-1.0000000000,-1.0000000000,-1.0000000000,-1.0000000000,0.3272907736,0.3283630755,0.0000000000,0.8595995893,0.4629101603,0.4443052112,0,0.0030829000,0,0
B0,stage1_full,64,7.0000000000,1.0000000000,-1.0000000000,-1.0000000000,-1.0000000000,-1.0000000000,90.0000000000,-1.0000000000,-1.0000000000,-1.0000000000,-1.0000000000,0.3156540611,0.2809080835,0.0000000000,0.8732668450,0.4713451480,0.5210468219,0,0.0033635000,0,0
B0,stage1_full,65,7.0000000000,1.0000000000,-1.0000000000,-1.0000000000,-1.0000000000,-1.0000000000,110.0000000000,-1.0000000000,-1.0000000000,-1.0000000000,-1.0000000000,0.3539272842,0.2371909099,0.0332345672,0.8605628558,0.3418322852,0.6685081030,0,0.0024006000,0,0
B0,stage1_full,66,7.0000000000,1.0000000000,-1.0000000000,-1.0000000000,-1.0000000000,-1.0000000000,130.0000000000,-1.0000000000,-1.0000000000,-1.0000000000,-1.0000000000,0.1370301328,0.0939234054,0.0251666330,0.4215955652,0.0775078805,0.8756658631,0,0.0023561000,0,0
B0,stage1_full,67,7.0000000000,1.0000000000,-1.0000000000,-1.0000000000,-1.0000000000,-1.0000000000,150.0000000000,-1.0000000000,-1.0000000000,-1.0000000000,-1.0000000000,0.0646790739,0.0590188444,0.0127452040,0.1978421109,0.0345241087,0.9644687085,0,0.0022096000,0,0
B0,stage1_full,68,7.0000000000,1.0000000000,-1.0000000000,-1.0000000000,-1.0000000000,-1.0000000000,170.0000000000,-1.0000000000,-1.0000000000,-1.0000000000,-1.0000000000,0.0566395605,0.0531252651,0.0108894569,0.1772422619,0.0299856698,0.9855176501,0,0.0023905000,0,0
B0,stage1_full,69,7.0000000000,1.0000000000,-1.0000000000,-1.0000000000,-1.0000000000,-1.0000000000,190.0000000000,-1.0000000000,-1.0000000000,-1.0000000000,-1.0000000000,0.0541630123,0.0490674206,0.0108713094,0.1626541646,0.0285260939,0.9946719601,0,0.0025910000,0,0
B0,stage1_full,70,7.0000000000,1.0000000000,-1.0000000000,-1.0000000000,-1.0000000000,-1.0000000000,210.0000000000,-1.0000000000,-1.0000000000,-1.0000000000,-1.0000000000,0.0526592888,0.0466544049,0.0108682030,0.1533023512,0.0276520189,0.9980658390,0,0.0021086000,0,0
B0,stage1_full,71,7.0000000000,1.5000000000,-1.0000000000,-1.0000000000,-1.0000000000,-1.0000000000,30.0000000000,-1.0000000000,-1.0000000000,-1.0000000000,-1.0000000000,0.1998892525,0.2042205750,0.0000000000,0.5609034422,0.5297562107,0.1335088468,0,0.0028235000,0,0
B0,stage1_full,72,7.0000000000,1.5000000000,-1.0000000000,-1.0000000000,-1.0000000000,-1.0000000000,50.0000000000,-1.0000000000,-1.0000000000,-1.0000000000,-1.0000000000,0.3483626522,0.3190163134,0.0000000000,0.7943622921,0.4639878579,0.3475662837,0,0.0023455000,0,0
B0,stage1_full,73,7.0000000000,1.5000000000,-1.0000000000,-1.0000000000,-1.0000000000,-1.0000000000,70.0000000000,-1.0000000000,-1.0000000000,-1.0000000000,-1.0000000000,0.3405603182,0.3365605160,0.0000000000,0.8538102644,0.4933891531,0.4384465051,0,0.0023964000,0,0
B0,stage1_full,74,7.0000000000,1.5000000000,-1.0000000000,-1.0000000000,-1.0000000000,-1.0000000000,90.0000000000,-1.0000000000,-1.0000000000,-1.0000000000,-1.0000000000,0.3023738327,0.2985960450,0.0000000000,0.8824822868,0.4718744611,0.5072202919,0,0.0026129000,0,0
B0,stage1_full,75,7.0000000000,1.5000000000,-1.0000000000,-1.0000000000,-1.0000000000,-1.0000000000,110.0000000000,-1.0000000000,-1.0000000000,-1.0000000000,-1.0000000000,0.3523971211,0.2532645427,0.0372059092,0.8971698626,0.3784421607,0.6483239963,0,0.0022158000,0,0
B0,stage1_full,76,7.0000000000,1.5000000000,-1.0000000000,-1.0000000000,-1.0000000000,-1.0000000000,130.0000000000,-1.0000000000,-1.0000000000,-1.0000000000,-1.0000000000,0.1501871943,0.1065593989,0.0257103640,0.4828053073,0.0863111036,0.8834040365,0,0.0028178000,0,0
B0,stage1_full,77,7.0000000000,1.5000000000,-1.0000000000,-1.0000000000,-1.0000000000,-1.0000000000,150.0000000000,-1.0000000000,-1.0000000000,-1.0000000000,-1.0000000000,0.0634127053,0.0574839457,0.0124110493,0.1930771551,0.0337607253,0.9748902259,0,0.0028656000,0,0
B0,stage1_full,78,7.0000000000,1.5000000000,-1.0000000000,-1.0000000000,-1.0000000000,-1.0000000000,170.0000000000,-1.0000000000,-1.0000000000,-1.0000000000,-1.0000000000,0.0554412048,0.0511543341,0.0108873600,0.1706040537,0.0292723796,0.9912135593,0,0.0023260000,0,0
B0,stage1_full,79,7.0000000000,1.5000000000,-1.0000000000,-1.0000000000,-1.0000000000,-1.0000000000,190.0000000000,-1.0000000000,-1.0000000000,-1.0000000000,-1.0000000000,0.0532080031,0.0475273496,0.0108682030,0.1569515567,0.0279693496,0.9972357943,0,0.0023154000,0,0
B0,stage1_full,80,7.0000000000,1.5000000000,-1.0000000000,-1.0000000000,-1.0000000000,-1.0000000000,210.0000000000,-1.0000000000,-1.0000000000,-1.0000000000,-1.0000000000,0.0521622955,0.0458796071,0.0108681485,0.1502753624,0.0273646553,0.9993164775,0,0.0023728000,0,0
B0,stage1_full,81,7.0000000000,2.0000000000,-1.0000000000,-1.0000000000,-1.0000000000,-1.0000000000,30.0000000000,-1.0000000000,-1.0000000000,-1.0000000000,-1.0000000000,0.1773642401,0.1929989535,0.0000000000,0.5435366905,0.5481243166,0.1142522445,0,0.0025213000,0,0
B0,stage1_full,82,7.0000000000,2.0000000000,-1.0000000000,-1.0000000000,-1.0000000000,-1.0000000000,50.0000000000,-1.0000000000,-1.0000000000,-1.0000000000,-1.0000000000,0.3541865500,0.3161010180,0.0000000000,0.7878717472,0.4832307688,0.3354601937,0,0.0023345000,0,0
B0,stage1_full,83,7.0000000000,2.0000000000,-1.0000000000,-1.0000000000,-1.0000000000,-1.0000000000,70.0000000000,-1.0000000000,-1.0000000000,-1.0000000000,-1.0000000000,0.3495035849,0.3399877032,0.0000000000,0.8509252020,0.4572054752,0.4340970644,0,0.0028251000,0,0
B0,stage1_full,84,7.0000000000,2.0000000000,-1.0000000000,-1.0000000000,-1.0000000000,-1.0000000000,90.0000000000,-1.0000000000,-1.0000000000,-1.0000000000,-1.0000000000,0.3010053843,0.3063190118,0.0000000000,0.8856061531,0.3935395263,0.5035897589,0,0.0023836000,0,0
B0,stage1_full,85,7.0000000000,2.0000000000,-1.0000000000,-1.0000000000,-1.0000000000,-1.0000000000,110.0000000000,-1.0000000000,-1.0000000000,-1.0000000000,-1.0000000000,0.3434020803,0.2609938462,0.0402656025,0.9114268605,0.3887831434,0.6349723280,0,0.0031458000,0,0
B0,stage1_full,86,7.0000000000,2.0000000000,-1.0000000000,-1.0000000000,-1.0000000000,-1.0000000000,130.0000000000,-1.0000000000,-1.0000000000,-1.0000000000,-1.0000000000,0.1570167031,0.1142928617,0.0260721474,0.5177974888,0.0911224244,0.8856386606,0,0.0028280000,0,0
B0,stage1_full,87,7.0000000000,2.0000000000,-1.0000000000,-1.0000000000,-1.0000000000,-1.0000000000,150.0000000000,-1.0000000000,-1.0000000000,-1.0000000000,-1.0000000000,0.0625544466,0.0563841955,0.0122253560,0.1896192733,0.0332497448,0.9797562204,0,0.0031221000,0,0
B0,stage1_full,88,7.0000000000,2.0000000000,-1.0000000000,-1.0000000000,-1.0000000000,-1.0000000000,170.0000000000,-1.0000000000,-1.0000000000,-1.0000000000,-1.0000000000,0.0547526499,0.0500215240,0.0108746357,0.1665830244,0.0288674962,0.9936190636,0,0.0030172000,0,0
B0,stage1_full,89,7.0000000000,2.0000000000,-1.0000000000,-1.0000000000,-1.0000000000,-1.0000000000,190.0000000000,-1.0000000000,-1.0000000000,-1.0000000000,-1.0000000000,0.0527875745,0.0468644483,0.0108681485,0.1543564597,0.0277257329,0.9981350646,0,0.0022654000,0,0
B0,stage1_full,90,7.0000000000,2.0000000000,-1.0000000000,-1.0000000000,-1.0000000000,-1.0000000000,210.0000000000,-1.0000000000,-1.0000000000,-1.0000000000,-1.0000000000,0.0520132312,0.0456430669,0.0108681485,0.1493099241,0.0272788560,0.9996294794,0,0.0025418000,0,0
B1,stage1_detector,91,3.0000000000,1.0000000000,-1.0000000000,25.0000000000,50.0000000000,-1.0000000000,-1.0000000000,-1.0000000000,1.0000000000,5.0000000000,3.0000000000,0.0689508232,0.0801190214,0.0009672516,0.2800711041,0.0618328367,0.1147323824,0,0.0537295000,0,0
B1,stage1_detector,92,3.0000000000,1.0000000000,-1.0000000000,50.0000000000,100.0000000000,-1.0000000000,-1.0000000000,-1.0000000000,1.0000000000,5.0000000000,3.0000000000,0.0825055188,0.1159868385,0.0006813411,0.3748421663,0.0676582894,0.2179288880,0,0.0455941000,0,0
B1,stage1_detector,93,3.0000000000,1.0000000000,-1.0000000000,75.0000000000,150.0000000000,-1.0000000000,-1.0000000000,-1.0000000000,1.0000000000,5.0000000000,3.0000000000,0.0816186436,0.1222303762,0.0011540539,0.3857804704,0.0622229490,0.3162809056,0,0.0518542000,0,0
B1,stage1_detector,94,3.0000000000,1.0000000000,-1.0000000000,100.0000000000,200.0000000000,-1.0000000000,-1.0000000000,-1.0000000000,1.0000000000,5.0000000000,3.0000000000,0.0812579013,0.1227020384,0.0021016421,0.3865752210,0.0583532143,0.4370673875,0,0.0478416000,0,0
B1,stage1_detector,95,3.0000000000,1.0000000000,-1.0000000000,125.0000000000,250.0000000000,-1.0000000000,-1.0000000000,-1.0000000000,1.0000000000,5.0000000000,3.0000000000,0.0825749585,0.1221134395,0.0029235880,0.3747794808,0.0562585703,0.5530459703,0,0.0469164000,0,0
B1,stage1_detector,96,3.0000000000,1.5000000000,-1.0000000000,25.0000000000,50.0000000000,-1.0000000000,-1.0000000000,-1.0000000000,1.0000000000,5.0000000000,3.0000000000,0.0700279587,0.0828252582,0.0011491611,0.2909715595,0.0610605368,0.1234371284,0,0.0394067000,0,0
B1,stage1_detector,97,3.0000000000,1.5000000000,-1.0000000000,50.0000000000,100.0000000000,-1.0000000000,-1.0000000000,-1.0000000000,1.0000000000,5.0000000000,3.0000000000,0.0811180304,0.1151775158,0.0006212687,0.3770363101,0.0649630767,0.2279343311,0,0.0435234000,0,0
B1,stage1_detector,98,3.0000000000,1.5000000000,-1.0000000000,75.0000000000,150.0000000000,-1.0000000000,-1.0000000000,-1.0000000000,1.0000000000,5.0000000000,3.0000000000,0.0814014669,0.1210640620,0.0010808474,0.3846066200,0.0606810595,0.3369401709,0,0.0506738000,0,0
B1,stage1_detector,99,3.0000000000,1.5000000000,-1.0000000000,100.0000000000,200.0000000000,-1.0000000000,-1.0000000000,-1.0000000000,1.0000000000,5.0000000000,3.0000000000,0.0827302396,0.1229377175,0.0023078197,0.3764274567,0.0581311336,0.4651394858,0,0.0491411000,1,0
B1,stage1_detector,100,3.0000000000,1.5000000000,-1.0000000000,125.0000000000,250.0000000000,-1.0000000000,-1.0000000000,-1.0000000000,1.0000000000,5.0000000000,3.0000000000,0.0801634646,0.1186318626,0.0033115282,0.3616705448,0.0535574694,0.5707168572,0,0.0534010000,0,0
B1,stage1_detector,101,3.0000000000,2.0000000000,-1.0000000000,25.0000000000,50.0000000000,-1.0000000000,-1.0000000000,-1.0000000000,1.0000000000,5.0000000000,3.0000000000,0.0705607023,0.0835549311,0.0006630201,0.2935166404,0.0607775637,0.1265029051,0,0.0434045000,0,0
B1,stage1_detector,102,3.0000000000,2.0000000000,-1.0000000000,50.0000000000,100.0000000000,-1.0000000000,-1.0000000000,-1.0000000000,1.0000000000,5.0000000000,3.0000000000,0.0806928562,0.1142978666,0.0006193345,0.3703943534,0.0640573015,0.2303747525,0,0.0456258000,0,0
B1,stage1_detector,103,3.0000000000,2.0000000000,-1.0000000000,75.0000000000,150.0000000000,-1.0000000000,-1.0000000000,-1.0000000000,1.0000000000,5.0000000000,3.0000000000,0.0811519609,0.1208922512,0.0011618267,0.3867661551,0.0599976717,0.3441673822,0,0.0464128000,0,0
B1,stage1_detector,104,3.0000000000,2.0000000000,-1.0000000000,100.0000000000,200.0000000000,-1.0000000000,-1.0000000000,-1.0000000000,1.0000000000,5.0000000000,3.0000000000,0.0823076501,0.1218148572,0.0023251969,0.3741602570,0.0573532437,0.4771273283,0,0.0475350000,0,0
B1,stage1_detector,105,3.0000000000,2.0000000000,-1.0000000000,125.0000000000,250.0000000000,-1.0000000000,-1.0000000000,-1.0000000000,1.0000000000,5.0000000000,3.0000000000,0.0814478881,0.1199748871,0.0035629575,0.3617151790,0.0540735713,0.5852065232,0,0.0504674000,0,0
B1,stage1_detector,106,5.0000000000,1.0000000000,-1.0000000000,25.0000000000,50.0000000000,-1.0000000000,-1.0000000000,-1.0000000000,1.0000000000,5.0000000000,3.0000000000,0.0760380586,0.0919462085,0.0008183610,0.3260220019,0.0611872251,0.1570051397,0,0.0359634000,0,0
B1,stage1_detector,107,5.0000000000,1.0000000000,-1.0000000000,50.0000000000,100.0000000000,-1.0000000000,-1.0000000000,-1.0000000000,1.0000000000,5.0000000000,3.0000000000,0.0800317161,0.1151100431,0.0006790219,0.3717088589,0.0606064143,0.2653100631,0,0.0449232000,0,0
B1,stage1_detector,108,5.0000000000,1.0000000000,-1.0000000000,75.0000000000,150.0000000000,-1.0000000000,-1.0000000000,-1.0000000000,1.0000000000,5.0000000000,3.0000000000,0.0800526949,0.1189573673,0.0018474616,0.3719370647,0.0569732901,0.3973765767,0,0.0449988000,0,0
B1,stage1_detector,109,5.0000000000,1.0000000000,-1.0000000000,100.0000000000,200.0000000000,-1.0000000000,-1.0000000000,-1.0000000000,1.0000000000,5.0000000000,3.0000000000,0.0805627704,0.1175864297,0.0027759994,0.3547769288,0.0540328924,0.5351248876,0,0.0460408000,0,0
B1,stage1_detector,110,5.0000000000,1.0000000000,-1.0000000000,125.0000000000,250.0000000000,-1.0000000000,-1.0000000000,-1.0000000000,1.0000000000,5.0000000000,3.0000000000,0.0793573657,0.1149553922,0.0014867362,0.3515885681,0.0509979244,0.6265630053,0,0.0519659000,0,0
B1,stage1_detector,111,5.0000000000,1.5000000000,-1.0000000000,25.0000000000,50.0000000000,-1.0000000000,-1.0000000000,-1.0000000000,1.0000000000,5.0000000000,3.0000000000,0.0747359631,0.0937787749,0.0014721544,0.3144198072,0.0538077375,0.2137062795,0,0.0426777000,0,0
B1,stage1_detector,112,5.0000000000,1.5000000000,-1.0000000000,50.0000000000,100.0000000000,-1.0000000000,-1.0000000000,-1.0000000000,1.0000000000,5.0000000000,3.0000000000,0.0720408848,0.1080753078,0.0010894347,0.3422511217,0.0498682176,0.3191610721,0,0.0536103000,0,0
B1,stage1_detector,113,5.0000000000,1.5000000000,-1.0000000000,75.0000000000,150.0000000000,-1.0000000000,-1.0000000000,-1.0000000000,1.0000000000,5.0000000000,3.0000000000,0.0744342125,0.1093800971,0.0019763766,0.3336853221,0.0485572779,0.5048762704,0,0.0525495000,0,0
B1,stage1_detector,114,5.0000000000,1.5000000000,-1.0000000000,100.0000000000,200.0000000000,-1.0000000000,-1.0000000000,-1.0000000000,1.0000000000,5.0000000000,3.0000000000,0.0715045920,0.1053905020,0.0009317444,0.3235191435,0.0445976056,0.6012388299,0,0.0568979000,0,0
B1,stage1_detector,115,5.0000000000,1.5000000000,-1.0000000000,125.0000000000,250.0000000000,-1.0000000000,-1.0000000000,-1.0000000000,1.0000000000,5.0000000000,3.0000000000,0.0694353616,0.0948043930,0.0009440394,0.2969802845,0.0413233770,0.7108344707,0,0.0532722000,0,0
B1,stage1_detector,116,5.0000000000,2.0000000000,-1.0000000000,25.0000000000,50.0000000000,-1.0000000000,-1.0000000000,-1.0000000000,1.0000000000,5.0000000000,3.0000000000,0.0699448224,0.0938416889,0.0021293869,0.3081091033,0.0495340932,0.2118014323,0,0.0446144000,0,0
B1,stage1_detector,117,5.0000000000,2.0000000000,-1.0000000000,50.0000000000,100.0000000000,-1.0000000000,-1.0000000000,-1.0000000000,1.0000000000,5.0000000000,3.0000000000,0.0717091018,0.1081582049,0.0016874030,0.3328274261,0.0484630499,0.3638594497,0,0.0525888000,0,0
B1,stage1_detector,118,5.0000000000,2.0000000000,-1.0000000000,75.0000000000,150.0000000000,-1.0000000000,-1.0000000000,-1.0000000000,1.0000000000,5.0000000000,3.0000000000,0.0711631150,0.1070193616,0.0009667429,0.3294113521,0.0454588731,0.5263912674,0,0.0498415000,0,0
B1,stage1_detector,119,5.0000000000,2.0000000000,-1.0000000000,100.0000000000,200.0000000000,-1.0000000000,-1.0000000000,-1.0000000000,1.0000000000,5.0000000000,3.0000000000,0.0682178210,0.0976689085,0.0006578947,0.2995381168,0.0413578061,0.6433491532,0,0.0532021000,0,0
B1,stage1_detector,120,5.0000000000,2.0000000000,-1.0000000000,125.0000000000,250.0000000000,-1.0000000000,-1.0000000000,-1.0000000000,1.0000000000,5.0000000000,3.0000000000,0.0656544390,0.0873316228,0.0005800994,0.2732692638,0.0381448143,0.7395660729,0,0.0554928000,0,0
B1,stage1_detector,121,7.0000000000,1.0000000000,-1.0000000000,25.0000000000,50.0000000000,-1.0000000000,-1.0000000000,-1.0000000000,1.0000000000,5.0000000000,3.0000000000,0.0765076826,0.0926341782,0.0007685053,0.3240653893,0.0611776467,0.1611392392,0,0.0460303000,0,0
B1,stage1_detector,122,7.0000000000,1.0000000000,-1.0000000000,50.0000000000,100.0000000000,-1.0000000000,-1.0000000000,-1.0000000000,1.0000000000,5.0000000000,3.0000000000,0.0797668750,0.1146036729,0.0007042456,0.3699401515,0.0600415749,0.2725270508,0,0.0495711000,0,0
B1,stage1_detector,123,7.0000000000,1.0000000000,-1.0000000000,75.0000000000,150.0000000000,-1.0000000000,-1.0000000000,-1.0000000000,1.0000000000,5.0000000000,3.0000000000,0.0798400204,0.1187988372,0.0017431417,0.3719532384,0.0566138523,0.4023706741,0,0.0546335000,0,0
B1,stage1_detector,124,7.0000000000,1.0000000000,-1.0000000000,100.0000000000,200.0000000000,-1.0000000000,-1.0000000000,-1.0000000000,1.0000000000,5.0000000000,3.0000000000,0.0806781444,0.1177730194,0.0027733290,0.3575962674,0.0538909214,0.5482806670,0,0.0532303000,0,0
B1,stage1_detector,125,7.0000000000,1.0000000000,-1.0000000000,125.0000000000,250.0000000000,-1.0000000000,-1.0000000000,-1.0000000000,1.0000000000,5.0000000000,3.0000000000,0.0782907137,0.1125825212,0.0014932249,0.3481037780,0.0500436340,0.6364423198,0,0.0518174000,0,0
B1,stage1_detector,126,7.0000000000,1.5000000000,-1.0000000000,25.0000000000,50.0000000000,-1.0000000000,-1.0000000000,-1.0000000000,1.0000000000,5.0000000000,3.0000000000,0.0701850901,0.0937998353,0.0017135220,0.3019402281,0.0482501582,0.2363085226,0,0.0463070000,0,0
B1,stage1_detector,127,7.0000000000,1.5000000000,-1.0000000000,50.0000000000,100.0000000000,-1.0000000000,-1.0000000000,-1.0000000000,1.0000000000,5.0000000000,3.0000000000,0.0696051393,0.1051293909,0.0020213612,0.3165503490,0.0459665701,0.3878785630,0,0.0515328000,0,0
B1,stage1_detector,128,7.0000000000,1.5000000000,-1.0000000000,75.0000000000,150.0000000000,-1.0000000000,-1.0000000000,-1.0000000000,1.0000000000,5.0000000000,3.0000000000,0.0695512301,0.1041578003,0.0007628735,0.3185990539,0.0436653913,0.5500050936,0,0.0539957000,0,0
B1,stage1_detector,129,7.0000000000,1.5000000000,-1.0000000000,100.0000000000,200.0000000000,-1.0000000000,-1.0000000000,-1.0000000000,1.0000000000,5.0000000000,3.0000000000,0.0669634896,0.0945128198,0.0007436266,0.2912860307,0.0399926927,0.6712913192,0,0.0425731000,0,0
B1,stage1_detector,130,7.0000000000,1.5000000000,-1.0000000000,125.0000000000,250.0000000000,-1.0000000000,-1.0000000000,-1.0000000000,1.0000000000,5.0000000000,3.0000000000,0.0628879104,0.0857301687,0.0005693170,0.2656739812,0.0363424163,0.7156333408,0,0.0436213000,0,0
B1,stage1_detector,131,7.0000000000,2.0000000000,-1.0000000000,25.0000000000,50.0000000000,-1.0000000000,-1.0000000000,-1.0000000000,1.0000000000,5.0000000000,3.0000000000,0.0658164994,0.0882946834,0.0027757911,0.2778041074,0.0420483108,0.3463122970,0,0.0454087000,0,0
B1,stage1_detector,132,7.0000000000,2.0000000000,-1.0000000000,50.0000000000,100.0000000000,-1.0000000000,-1.0000000000,-1.0000000000,1.0000000000,5.0000000000,3.0000000000,0.0653890177,0.0944920646,0.0014426825,0.3007357353,0.0402589430,0.5298939838,0,0.0709883000,0,0
B1,stage1_detector,133,7.0000000000,2.0000000000,-1.0000000000,75.0000000000,150.0000000000,-1.0000000000,-1.0000000000,-1.0000000000,1.0000000000,5.0000000000,3.0000000000,0.0628455279,0.0876022470,0.0009170501,0.2784974268,0.0369350893,0.6560087972,0,0.0516543000,0,0
B1,stage1_detector,134,7.0000000000,2.0000000000,-1.0000000000,100.0000000000,200.0000000000,-1.0000000000,-1.0000000000,-1.0000000000,1.0000000000,5.0000000000,3.0000000000,0.0603808150,0.0777941496,0.0007410988,0.2386371273,0.0341945082,0.7521200588,0,0.0455780000,0,0
B1,stage1_detector,135,7.0000000000,2.0000000000,-1.0000000000,125.0000000000,250.0000000000,-1.0000000000,-1.0000000000,-1.0000000000,1.0000000000,5.0000000000,3.0000000000,0.0548574798,0.0623150599,0.0009321080,0.2061017067,0.0299136346,0.8092587306,0,0.0452388000,0,0
B1,stage2_postprocess,136,3.0000000000,1.5000000000,-1.0000000000,100.0000000000,200.0000000000,-1.0000000000,-1.0000000000,-1.0000000000,0.0000000000,1.0000000000,1.0000000000,0.0522297057,0.0518228166,0.0081799798,0.1688424053,0.0278837831,0.8245800805,0,0.0487155000,0,0
B1,stage2_postprocess,137,3.0000000000,1.5000000000,-1.0000000000,100.0000000000,200.0000000000,-1.0000000000,-1.0000000000,-1.0000000000,0.0000000000,1.0000000000,3.0000000000,0.0522614339,0.0518645011,0.0081783219,0.1689732370,0.0279001631,0.8250618437,0,0.0489467000,0,0
B1,stage2_postprocess,138,3.0000000000,1.5000000000,-1.0000000000,100.0000000000,200.0000000000,-1.0000000000,-1.0000000000,-1.0000000000,0.0000000000,1.0000000000,5.0000000000,0.0522584975,0.0518595699,0.0081783219,0.1689646400,0.0278984145,0.8250618437,0,0.0559485000,0,0
B1,stage2_postprocess,139,3.0000000000,1.5000000000,-1.0000000000,100.0000000000,200.0000000000,-1.0000000000,-1.0000000000,-1.0000000000,0.0000000000,3.0000000000,1.0000000000,0.0522298115,0.0518229784,0.0081799798,0.1688424053,0.0278838455,0.8245800805,0,0.0487627000,0,0
B1,stage2_postprocess,140,3.0000000000,1.5000000000,-1.0000000000,100.0000000000,200.0000000000,-1.0000000000,-1.0000000000,-1.0000000000,0.0000000000,3.0000000000,3.0000000000,0.0522604478,0.0518663980,0.0081786534,0.1689753864,0.0278997712,0.8249616107,0,0.0474890000,0,0
B1,stage2_postprocess,141,3.0000000000,1.5000000000,-1.0000000000,100.0000000000,200.0000000000,-1.0000000000,-1.0000000000,-1.0000000000,0.0000000000,3.0000000000,5.0000000000,0.0522575111,0.0518614658,0.0081786534,0.1689667892,0.0278980225,0.8249616107,0,0.0490016000,0,0
B1,stage2_postprocess,142,3.0000000000,1.5000000000,-1.0000000000,100.0000000000,200.0000000000,-1.0000000000,-1.0000000000,-1.0000000000,0.0000000000,5.0000000000,1.0000000000,0.0522223058,0.0518209218,0.0081807261,0.1688424053,0.0278800108,0.8243788445,0,0.0551587000,0,0
B1,stage2_postprocess,143,3.0000000000,1.5000000000,-1.0000000000,100.0000000000,200.0000000000,-1.0000000000,-1.0000000000,-1.0000000000,0.0000000000,5.0000000000,3.0000000000,0.0522496407,0.0518639571,0.0081796896,0.1689829096,0.0278943121,0.8246872568,0,0.0505031000,0,0
B1,stage2_postprocess,144,3.0000000000,1.5000000000,-1.0000000000,100.0000000000,200.0000000000,-1.0000000000,-1.0000000000,-1.0000000000,0.0000000000,5.0000000000,5.0000000000,0.0522479527,0.0518613117,0.0081796896,0.1689829096,0.0278933136,0.8246872568,0,0.0510367000,0,0
B1,stage2_postprocess,145,3.0000000000,1.5000000000,-1.0000000000,100.0000000000,200.0000000000,-1.0000000000,-1.0000000000,-1.0000000000,0.0000000000,10.0000000000,1.0000000000,0.0522176724,0.0518215973,0.0081810579,0.1688509989,0.0278776655,0.8242920800,0,0.0503960000,0,0
B1,stage2_postprocess,146,3.0000000000,1.5000000000,-1.0000000000,100.0000000000,200.0000000000,-1.0000000000,-1.0000000000,-1.0000000000,0.0000000000,10.0000000000,3.0000000000,0.0522215423,0.0518302833,0.0081801457,0.1688370347,0.0278795371,0.8243512256,0,0.0515198000,0,0
B1,stage2_postprocess,147,3.0000000000,1.5000000000,-1.0000000000,100.0000000000,200.0000000000,-1.0000000000,-1.0000000000,-1.0000000000,0.0000000000,10.0000000000,5.0000000000,0.0522201322,0.0518279358,0.0081801457,0.1688370347,0.0278786994,0.8243512256,0,0.0490892000,0,0
B1,stage2_postprocess,148,3.0000000000,1.5000000000,-1.0000000000,100.0000000000,200.0000000000,-1.0000000000,-1.0000000000,-1.0000000000,1.0000000000,1.0000000000,1.0000000000,0.0054391695,0.0036628830,0.0006951210,0.0156529241,0.0155739804,0.1848458616,0,0.0500432000,0,0
B1,stage2_postprocess,149,3.0000000000,1.5000000000,-1.0000000000,100.0000000000,200.0000000000,-1.0000000000,-1.0000000000,-1.0000000000,1.0000000000,1.0000000000,3.0000000000,0.0790012083,0.1164443880,0.0023905125,0.3553966522,0.0540283206,0.4685546248,0,0.0474548000,0,0
B1,stage2_postprocess,150,3.0000000000,1.5000000000,-1.0000000000,100.0000000000,200.0000000000,-1.0000000000,-1.0000000000,-1.0000000000,1.0000000000,1.0000000000,5.0000000000,0.0756960031,0.1083389410,0.0023905125,0.3374483789,0.0502045842,0.4830645307,0,0.0455432000,0,0
B1,stage2_postprocess,151,3.0000000000,1.5000000000,-1.0000000000,100.0000000000,200.0000000000,-1.0000000000,-1.0000000000,-1.0000000000,1.0000000000,3.0000000000,1.0000000000,0.0047368468,0.0032644985,0.0006610478,0.0130389879,0.0164401244,0.1836430213,0,0.0445554000,0,0
B1,stage2_postprocess,152,3.0000000000,1.5000000000,-1.0000000000,100.0000000000,200.0000000000,-1.0000000000,-1.0000000000,-1.0000000000,1.0000000000,3.0000000000,3.0000000000,0.0809689501,0.1199159770,0.0023181567,0.3666369957,0.0561703325,0.4666473167,0,0.0458696000,0,0
B1,stage2_postprocess,153,3.0000000000,1.5000000000,-1.0000000000,100.0000000000,200.0000000000,-1.0000000000,-1.0000000000,-1.0000000000,1.0000000000,3.0000000000,5.0000000000,0.0773649907,0.1113212167,0.0023181567,0.3474487710,0.0519265013,0.4811572225,0,0.0475156000,0,0
B1,stage2_postprocess,154,3.0000000000,1.5000000000,-1.0000000000,100.0000000000,200.0000000000,-1.0000000000,-1.0000000000,-1.0000000000,1.0000000000,5.0000000000,1.0000000000,0.0041660611,0.0032140865,0.0000000000,0.0118652620,0.0158718814,0.1828120316,0,0.0500733000,0,0
B1,stage2_postprocess,155,3.0000000000,1.5000000000,-1.0000000000,100.0000000000,200.0000000000,-1.0000000000,-1.0000000000,-1.0000000000,1.0000000000,5.0000000000,3.0000000000,0.0827302396,0.1229377175,0.0023078197,0.3764274567,0.0581311336,0.4651394858,0,0.0462521000,0,0
B1,stage2_postprocess,156,3.0000000000,1.5000000000,-1.0000000000,100.0000000000,200.0000000000,-1.0000000000,-1.0000000000,-1.0000000000,1.0000000000,5.0000000000,5.0000000000,0.0791210798,0.1144084407,0.0023078197,0.3580989057,0.0537670471,0.4793920090,0,0.0444824000,0,0
B1,stage2_postprocess,157,3.0000000000,1.5000000000,-1.0000000000,100.0000000000,200.0000000000,-1.0000000000,-1.0000000000,-1.0000000000,1.0000000000,10.0000000000,1.0000000000,0.0036728423,0.0033821835,0.0000000000,0.0118652620,0.0056791564,0.1824809973,0,0.0438751000,0,0
B1,stage2_postprocess,158,3.0000000000,1.5000000000,-1.0000000000,100.0000000000,200.0000000000,-1.0000000000,-1.0000000000,-1.0000000000,1.0000000000,10.0000000000,3.0000000000,0.0871842529,0.1306044082,0.0022664707,0.4019448947,0.0632399682,0.4626890998,0,0.0460832000,0,0
B1,stage2_postprocess,159,3.0000000000,1.5000000000,-1.0000000000,100.0000000000,200.0000000000,-1.0000000000,-1.0000000000,-1.0000000000,1.0000000000,10.0000000000,5.0000000000,0.0833199794,0.1217416130,0.0022664707,0.3835000505,0.0582893856,0.4769416231,0,0.0434504000,0,0
B1,stage2_postprocess,160,3.0000000000,1.5000000000,-1.0000000000,100.0000000000,200.0000000000,-1.0000000000,-1.0000000000,-1.0000000000,2.0000000000,1.0000000000,1.0000000000,0.0077912928,0.0137213747,0.0001858425,0.0645161290,0.0697103868,0.1432600745,0,0.0428924000,0,0
B1,stage2_postprocess,161,3.0000000000,1.5000000000,-1.0000000000,100.0000000000,200.0000000000,-1.0000000000,-1.0000000000,-1.0000000000,2.0000000000,1.0000000000,3.0000000000,0.0999790700,0.1538576181,0.0017814508,0.4756162440,0.1151742671,0.3259695960,0,0.0449860000,0,0
B1,stage2_postprocess,162,3.0000000000,1.5000000000,-1.0000000000,100.0000000000,200.0000000000,-1.0000000000,-1.0000000000,-1.0000000000,2.0000000000,1.0000000000,5.0000000000,0.0986725168,0.1508834338,0.0017814508,0.4683803954,0.1102053687,0.3346663520,0,0.0424769000,0,0
B1,stage2_postprocess,163,3.0000000000,1.5000000000,-1.0000000000,100.0000000000,200.0000000000,-1.0000000000,-1.0000000000,-1.0000000000,2.0000000000,3.0000000000,1.0000000000,0.0076982274,0.0136550272,0.0001734595,0.0643311115,0.1048225765,0.1431026673,0,0.0421709000,0,0
B1,stage2_postprocess,164,3.0000000000,1.5000000000,-1.0000000000,100.0000000000,200.0000000000,-1.0000000000,-1.0000000000,-1.0000000000,2.0000000000,3.0000000000,3.0000000000,0.1012431108,0.1554767005,0.0017814602,0.4798280571,0.1185490560,0.3256012823,0,0.0455629000,0,0
B1,stage2_postprocess,165,3.0000000000,1.5000000000,-1.0000000000,100.0000000000,200.0000000000,-1.0000000000,-1.0000000000,-1.0000000000,2.0000000000,3.0000000000,5.0000000000,0.0998296308,0.1524006540,0.0017814602,0.4724548259,0.1131915105,0.3342980384,0,0.0425513000,0,0
B1,stage2_postprocess,166,3.0000000000,1.5000000000,-1.0000000000,100.0000000000,200.0000000000,-1.0000000000,-1.0000000000,-1.0000000000,2.0000000000,5.0000000000,1.0000000000,0.0073126595,0.0136732007,0.0000000000,0.0639987543,0.1096711367,0.1428071684,0,0.0430085000,0,0
B1,stage2_postprocess,167,3.0000000000,1.5000000000,-1.0000000000,100.0000000000,200.0000000000,-1.0000000000,-1.0000000000,-1.0000000000,2.0000000000,5.0000000000,3.0000000000,0.1023023622,0.1567580669,0.0017814602,0.4830604051,0.1214936774,0.3251622117,0,0.0433455000,0,0
B1,stage2_postprocess,168,3.0000000000,1.5000000000,-1.0000000000,100.0000000000,200.0000000000,-1.0000000000,-1.0000000000,-1.0000000000,2.0000000000,5.0000000000,5.0000000000,0.1010236422,0.1539132000,0.0017814602,0.4764276819,0.1164281347,0.3337746682,0,0.0430957000,0,0
B1,stage2_postprocess,169,3.0000000000,1.5000000000,-1.0000000000,100.0000000000,200.0000000000,-1.0000000000,-1.0000000000,-1.0000000000,2.0000000000,10.0000000000,1.0000000000,0.0072022367,0.0136045619,0.0000000000,0.0636263908,0.1181486953,0.1427217836,0,0.0489923000,0,0
B1,stage2_postprocess,170,3.0000000000,1.5000000000,-1.0000000000,100.0000000000,200.0000000000,-1.0000000000,-1.0000000000,-1.0000000000,2.0000000000,10.0000000000,3.0000000000,0.1051102176,0.1600442853,0.0017814602,0.4907828805,0.1296300926,0.3244717802,0,0.0434432000,1,1
B1,stage2_postprocess,171,3.0000000000,1.5000000000,-1.0000000000,100.0000000000,200.0000000000,-1.0000000000,-1.0000000000,-1.0000000000,2.0000000000,10.0000000000,5.0000000000,0.1038643555,0.1573832199,0.0017814602,0.4850356510,0.1245172943,0.3329832347,0,0.0485327000,0,0
B2,stage1_detector,172,3.0000000000,1.0000000000,-1.0000000000,-1.0000000000,-1.0000000000,1.0000000000,5.0000000000,-1.0000000000,1.0000000000,5.0000000000,3.0000000000,0.0243815463,0.0296135430,0.0000000000,0.0993139053,0.2722119400,0.0152658850,0,0.1727610000,0,0
B2,stage1_detector,173,3.0000000000,1.0000000000,-1.0000000000,-1.0000000000,-1.0000000000,1.0000000000,10.0000000000,-1.0000000000,1.0000000000,5.0000000000,3.0000000000,0.0512317072,0.0737716593,0.0000000000,0.2668966792,0.2274484230,0.0510260483,0,0.0435831000,0,0
B2,stage1_detector,174,3.0000000000,1.0000000000,-1.0000000000,-1.0000000000,-1.0000000000,1.0000000000,20.0000000000,-1.0000000000,1.0000000000,5.0000000000,3.0000000000,0.0933561891,0.1404260577,0.0004588559,0.4359291750,0.1741886728,0.1596502891,0,0.0512861000,0,0
B2,stage1_detector,175,3.0000000000,1.0000000000,-1.0000000000,-1.0000000000,-1.0000000000,1.0000000000,30.0000000000,-1.0000000000,1.0000000000,5.0000000000,3.0000000000,0.1030835397,0.1569608771,0.0013437612,0.4825196850,0.1247642528,0.2919836754,0,0.0498947000,0,0
B2,stage1_detector,176,3.0000000000,1.0000000000,-1.0000000000,-1.0000000000,-1.0000000000,1.0000000000,45.0000000000,-1.0000000000,1.0000000000,5.0000000000,3.0000000000,0.0987673875,0.1501846023,0.0033203176,0.4440940909,0.0835452392,0.4757771067,0,0.0539149000,0,0
B2,stage1_detector,177,3.0000000000,1.0000000000,-1.0000000000,-1.0000000000,-1.0000000000,1.0000000000,60.0000000000,-1.0000000000,1.0000000000,5.0000000000,3.0000000000,0.0832219133,0.1153040412,0.0069551974,0.3670310041,0.0548721833,0.6509249575,0,0.0543714000,0,0
B2,stage1_detector,178,3.0000000000,1.0000000000,-1.0000000000,-1.0000000000,-1.0000000000,1.0000000000,90.0000000000,-1.0000000000,1.0000000000,5.0000000000,3.0000000000,0.0629579753,0.0710745333,0.0108283703,0.2411986948,0.0350335315,0.8393931513,0,0.0550882000,0,0
B2,stage1_detector,179,3.0000000000,1.0000000000,-1.0000000000,-1.0000000000,-1.0000000000,1.0000000000,120.0000000000,-1.0000000000,1.0000000000,5.0000000000,3.0000000000,0.0548185854,0.0529288837,0.0108681485,0.1786081334,0.0292425246,0.9204245722,0,0.0566009000,0,0
B2,stage1_detector,180,3.0000000000,1.0000000000,-1.0000000000,-1.0000000000,-1.0000000000,1.0000000000,160.0000000000,-1.0000000000,1.0000000000,5.0000000000,3.0000000000,0.0519292215,0.0455629996,0.0108681485,0.1494144269,0.0272474696,0.9938223724,0,0.0586725000,0,0
B2,stage1_detector,181,3.0000000000,1.0000000000,-1.0000000000,-1.0000000000,-1.0000000000,1.0000000000,200.0000000000,-1.0000000000,1.0000000000,5.0000000000,3.0000000000,0.0518065510,0.0453271917,0.0108681485,0.1480478789,0.0271643447,0.9985926639,0,0.0563839000,0,0
B2,stage1_detector,182,3.0000000000,1.0000000000,-1.0000000000,-1.0000000000,-1.0000000000,3.0000000000,5.0000000000,-1.0000000000,1.0000000000,5.0000000000,3.0000000000,0.0000246488,0.0001074414,0.0000000000,0.0004929751,0.0500000000,0.0000123274,0,0.0413216000,0,0
B2,stage1_detector,183,3.0000000000,1.0000000000,-1.0000000000,-1.0000000000,-1.0000000000,3.0000000000,10.0000000000,-1.0000000000,1.0000000000,5.0000000000,3.0000000000,0.0023395370,0.0037536817,0.0000000000,0.0117956370,0.2231769096,0.0011775405,0,0.0403166000,0,0
B2,stage1_detector,184,3.0000000000,1.0000000000,-1.0000000000,-1.0000000000,-1.0000000000,3.0000000000,20.0000000000,-1.0000000000,1.0000000000,5.0000000000,3.0000000000,0.0269482661,0.0327977988,0.0000000000,0.1173462522,0.2673124146,0.0175135327,0,0.0390344000,0,0
B2,stage1_detector,185,3.0000000000,1.0000000000,-1.0000000000,-1.0000000000,-1.0000000000,3.0000000000,30.0000000000,-1.0000000000,1.0000000000,5.0000000000,3.0000000000,0.0448787310,0.0602216787,0.0000000000,0.2311519809,0.2406876448,0.0406258435,0,0.0384805000,0,0
B2,stage1_detector,186,3.0000000000,1.0000000000,-1.0000000000,-1.0000000000,-1.0000000000,3.0000000000,45.0000000000,-1.0000000000,1.0000000000,5.0000000000,3.0000000000,0.0609184182,0.0893454134,0.0000000000,0.3099232982,0.2232371647,0.0654337589,0,0.0424077000,0,0
B2,stage1_detector,187,3.0000000000,1.0000000000,-1.0000000000,-1.0000000000,-1.0000000000,3.0000000000,60.0000000000,-1.0000000000,1.0000000000,5.0000000000,3.0000000000,0.0779120388,0.1172133441,0.0003213415,0.3750783074,0.1942345080,0.1079620128,0,0.0448018000,0,0
B2,stage1_detector,188,3.0000000000,1.0000000000,-1.0000000000,-1.0000000000,-1.0000000000,3.0000000000,90.0000000000,-1.0000000000,1.0000000000,5.0000000000,3.0000000000,0.0980154630,0.1482678948,0.0008040090,0.4572431233,0.1587771471,0.2011751351,0,0.0498256000,0,0
B2,stage1_detector,189,3.0000000000,1.0000000000,-1.0000000000,-1.0000000000,-1.0000000000,3.0000000000,120.0000000000,-1.0000000000,1.0000000000,5.0000000000,3.0000000000,0.1042094769,0.1583409433,0.0017563468,0.4845274357,0.1234797718,0.3102592483,0,0.0519137000,1,0
B2,stage1_detector,190,3.0000000000,1.0000000000,-1.0000000000,-1.0000000000,-1.0000000000,3.0000000000,160.0000000000,-1.0000000000,1.0000000000,5.0000000000,3.0000000000,0.0985137829,0.1499058028,0.0035977712,0.4451431918,0.0831649406,0.4886863444,0,0.0505038000,0,0
B2,stage1_detector,191,3.0000000000,1.0000000000,-1.0000000000,-1.0000000000,-1.0000000000,3.0000000000,200.0000000000,-1.0000000000,1.0000000000,5.0000000000,3.0000000000,0.0895802132,0.1320312320,0.0041971466,0.4057717983,0.0652609735,0.5700176942,0,0.0505958000,0,0
B2,stage1_detector,192,3.0000000000,1.0000000000,-1.0000000000,-1.0000000000,-1.0000000000,5.0000000000,5.0000000000,-1.0000000000,1.0000000000,5.0000000000,3.0000000000,0.0000000000,0.0000000000,0.0000000000,0.0000000000,0.0000000000,0.0000000000,0,0.0368380000,0,0
B2,stage1_detector,193,3.0000000000,1.0000000000,-1.0000000000,-1.0000000000,-1.0000000000,5.0000000000,10.0000000000,-1.0000000000,1.0000000000,5.0000000000,3.0000000000,0.0000000000,0.0000000000,0.0000000000,0.0000000000,0.0000000000,0.0000000000,0,0.0387656000,0,0
B2,stage1_detector,194,3.0000000000,1.0000000000,-1.0000000000,-1.0000000000,-1.0000000000,5.0000000000,20.0000000000,-1.0000000000,1.0000000000,5.0000000000,3.0000000000,0.0000000000,0.0000000000,0.0000000000,0.0000000000,0.0000000000,0.0000000000,0,0.0399490000,0,0
B2,stage1_detector,195,3.0000000000,1.0000000000,-1.0000000000,-1.0000000000,-1.0000000000,5.0000000000,30.0000000000,-1.0000000000,1.0000000000,5.0000000000,3.0000000000,0.0000000000,0.0000000000,0.0000000000,0.0000000000,0.0000000000,0.0000000000,0,0.0397996000,0,0
B2,stage1_detector,196,3.0000000000,1.0000000000,-1.0000000000,-1.0000000000,-1.0000000000,5.0000000000,45.0000000000,-1.0000000000,1.0000000000,5.0000000000,3.0000000000,0.0000000000,0.0000000000,0.0000000000,0.0000000000,0.0000000000,0.0000000000,0,0.0383495000,0,0
B2,stage1_detector,197,3.0000000000,1.0000000000,-1.0000000000,-1.0000000000,-1.0000000000,5.0000000000,60.0000000000,-1.0000000000,1.0000000000,5.0000000000,3.0000000000,0.0000246488,0.0001074414,0.0000000000,0.0004929751,0.0500000000,0.0000123274,0,0.0393509000,0,0
B2,stage1_detector,198,3.0000000000,1.0000000000,-1.0000000000,-1.0000000000,-1.0000000000,5.0000000000,90.0000000000,-1.0000000000,1.0000000000,5.0000000000,3.0000000000,0.0003611104,0.0007561269,0.0000000000,0.0022847351,0.1708333333,0.0001807505,0,0.0396614000,0,0
B2,stage1_detector,199,3.0000000000,1.0000000000,-1.0000000000,-1.0000000000,-1.0000000000,5.0000000000,120.0000000000,-1.0000000000,1.0000000000,5.0000000000,3.0000000000,0.0019725643,0.0030030362,0.0000000000,0.0098157764,0.2532008869,0.0009908065,0,0.0381953000,0,0
B2,stage1_detector,200,3.0000000000,1.0000000000,-1.0000000000,-1.0000000000,-1.0000000000,5.0000000000,160.0000000000,-1.0000000000,1.0000000000,5.0000000000,3.0000000000,0.0090720006,0.0123565449,0.0000000000,0.0380057499,0.2796253561,0.0046951471,0,0.0396460000,0,0
B2,stage1_detector,201,3.0000000000,1.0000000000,-1.0000000000,-1.0000000000,-1.0000000000,5.0000000000,200.0000000000,-1.0000000000,1.0000000000,5.0000000000,3.0000000000,0.0141549347,0.0186618942,0.0000000000,0.0576188823,0.2529187803,0.0076629347,0,0.0395679000,0,0
B2,stage1_detector,202,3.0000000000,1.5000000000,-1.0000000000,-1.0000000000,-1.0000000000,1.0000000000,5.0000000000,-1.0000000000,1.0000000000,5.0000000000,3.0000000000,0.0259169778,0.0318078320,0.0000000000,0.1103010666,0.2689124321,0.0166880300,0,0.0393623000,0,0
B2,stage1_detector,203,3.0000000000,1.5000000000,-1.0000000000,-1.0000000000,-1.0000000000,1.0000000000,10.0000000000,-1.0000000000,1.0000000000,5.0000000000,3.0000000000,0.0528511481,0.0770624465,0.0000000000,0.2763012860,0.2249415486,0.0535945473,0,0.0425475000,0,0
B2,stage1_detector,204,3.0000000000,1.5000000000,-1.0000000000,-1.0000000000,-1.0000000000,1.0000000000,20.0000000000,-1.0000000000,1.0000000000,5.0000000000,3.0000000000,0.0935617363,0.1415877756,0.0006874731,0.4393439131,0.1698435688,0.1723704207,0,0.0457942000,0,0
B2,stage1_detector,205,3.0000000000,1.5000000000,-1.0000000000,-1.0000000000,-1.0000000000,1.0000000000,30.0000000000,-1.0000000000,1.0000000000,5.0000000000,3.0000000000,0.1034063179,0.1570969099,0.0015755583,0.4789510612,0.1208904769,0.3134152161,0,0.0532958000,0,0
B2,stage1_detector,206,3.0000000000,1.5000000000,-1.0000000000,-1.0000000000,-1.0000000000,1.0000000000,45.0000000000,-1.0000000000,1.0000000000,5.0000000000,3.0000000000,0.0964044537,0.1453898284,0.0038286245,0.4297891166,0.0781684636,0.5037216667,0,0.0494779000,0,0
B2,stage1_detector,207,3.0000000000,1.5000000000,-1.0000000000,-1.0000000000,-1.0000000000,1.0000000000,60.0000000000,-1.0000000000,1.0000000000,5.0000000000,3.0000000000,0.0799060765,0.1096894821,0.0077080463,0.3518282989,0.0513195508,0.6674465302,0,0.0521279000,0,0
B2,stage1_detector,208,3.0000000000,1.5000000000,-1.0000000000,-1.0000000000,-1.0000000000,1.0000000000,90.0000000000,-1.0000000000,1.0000000000,5.0000000000,3.0000000000,0.0608815225,0.0666768820,0.0108681485,0.2247151381,0.0335151491,0.8532557797,0,0.0538967000,0,0
B2,stage1_detector,209,3.0000000000,1.5000000000,-1.0000000000,-1.0000000000,-1.0000000000,1.0000000000,120.0000000000,-1.0000000000,1.0000000000,5.0000000000,3.0000000000,0.0540951155,0.0513361757,0.0108681485,0.1729333445,0.0287522621,0.9313961877,0,0.0560445000,0,0
B2,stage1_detector,210,3.0000000000,1.5000000000,-1.0000000000,-1.0000000000,-1.0000000000,1.0000000000,160.0000000000,-1.0000000000,1.0000000000,5.0000000000,3.0000000000,0.0518142770,0.0453855681,0.0108681485,0.1487278721,0.0271759825,0.9958747188,0,0.0557481000,0,0
B2,stage1_detector,211,3.0000000000,1.5000000000,-1.0000000000,-1.0000000000,-1.0000000000,1.0000000000,200.0000000000,-1.0000000000,1.0000000000,5.0000000000,3.0000000000,0.0518173588,0.0453474322,0.0108681485,0.1481163455,0.0271678794,0.9993834621,0,0.0583313000,0,0
B2,stage1_detector,212,3.0000000000,1.5000000000,-1.0000000000,-1.0000000000,-1.0000000000,3.0000000000,5.0000000000,-1.0000000000,1.0000000000,5.0000000000,3.0000000000,0.0001118819,0.0004876817,0.0000000000,0.0022376371,0.0500000000,0.0000560036,0,0.0368729000,0,0
B2,stage1_detector,213,3.0000000000,1.5000000000,-1.0000000000,-1.0000000000,-1.0000000000,3.0000000000,10.0000000000,-1.0000000000,1.0000000000,5.0000000000,3.0000000000,0.0030566725,0.0049617628,0.0000000000,0.0188345252,0.2710503186,0.0015399426,0,0.0426960000,0,0
B2,stage1_detector,214,3.0000000000,1.5000000000,-1.0000000000,-1.0000000000,-1.0000000000,3.0000000000,20.0000000000,-1.0000000000,1.0000000000,5.0000000000,3.0000000000,0.0280000296,0.0345962538,0.0000000000,0.1259209645,0.2654288878,0.0185927957,0,0.0413932000,0,0
B2,stage1_detector,215,3.0000000000,1.5000000000,-1.0000000000,-1.0000000000,-1.0000000000,3.0000000000,30.0000000000,-1.0000000000,1.0000000000,5.0000000000,3.0000000000,0.0461221807,0.0625582257,0.0000000000,0.2355527638,0.2436615658,0.0424330904,0,0.0413386000,0,0
B2,stage1_detector,216,3.0000000000,1.5000000000,-1.0000000000,-1.0000000000,-1.0000000000,3.0000000000,45.0000000000,-1.0000000000,1.0000000000,5.0000000000,3.0000000000,0.0620297672,0.0919658965,0.0000000000,0.3144443781,0.2251107525,0.0684135821,0,0.0451797000,0,0
B2,stage1_detector,217,3.0000000000,1.5000000000,-1.0000000000,-1.0000000000,-1.0000000000,3.0000000000,60.0000000000,-1.0000000000,1.0000000000,5.0000000000,3.0000000000,0.0775007231,0.1177505374,0.0003267173,0.3759227712,0.1912250551,0.1107891732,0,0.0506766000,0,0
B2,stage1_detector,218,3.0000000000,1.5000000000,-1.0000000000,-1.0000000000,-1.0000000000,3.0000000000,90.0000000000,-1.0000000000,1.0000000000,5.0000000000,3.0000000000,0.0982857901,0.1491384808,0.0008943015,0.4607858126,0.1555301231,0.2121017190,0,0.0498695000,0,0
B2,stage1_detector,219,3.0000000000,1.5000000000,-1.0000000000,-1.0000000000,-1.0000000000,3.0000000000,120.0000000000,-1.0000000000,1.0000000000,5.0000000000,3.0000000000,0.1034370610,0.1574910350,0.0019496544,0.4793679419,0.1186317879,0.3320729455,0,0.0566186000,0,0
B2,stage1_detector,220,3.0000000000,1.5000000000,-1.0000000000,-1.0000000000,-1.0000000000,3.0000000000,160.0000000000,-1.0000000000,1.0000000000,5.0000000000,3.0000000000,0.0964354787,0.1456570845,0.0037253829,0.4349879006,0.0781040499,0.5155153085,0,0.0547169000,0,0
B2,stage1_detector,221,3.0000000000,1.5000000000,-1.0000000000,-1.0000000000,-1.0000000000,3.0000000000,200.0000000000,-1.0000000000,1.0000000000,5.0000000000,3.0000000000,0.0881049730,0.1266706619,0.0061076615,0.3920985970,0.0619273041,0.6124777120,0,0.0530041000,0,0
B2,stage1_detector,222,3.0000000000,1.5000000000,-1.0000000000,-1.0000000000,-1.0000000000,5.0000000000,5.0000000000,-1.0000000000,1.0000000000,5.0000000000,3.0000000000,0.0000000000,0.0000000000,0.0000000000,0.0000000000,0.0000000000,0.0000000000,0,0.0397166000,0,0
B2,stage1_detector,223,3.0000000000,1.5000000000,-1.0000000000,-1.0000000000,-1.0000000000,5.0000000000,10.0000000000,-1.0000000000,1.0000000000,5.0000000000,3.0000000000,0.0000000000,0.0000000000,0.0000000000,0.0000000000,0.0000000000,0.0000000000,0,0.0394073000,0,0
B2,stage1_detector,224,3.0000000000,1.5000000000,-1.0000000000,-1.0000000000,-1.0000000000,5.0000000000,20.0000000000,-1.0000000000,1.0000000000,5.0000000000,3.0000000000,0.0000000000,0.0000000000,0.0000000000,0.0000000000,0.0000000000,0.0000000000,0,0.0374845000,0,0
B2,stage1_detector,225,3.0000000000,1.5000000000,-1.0000000000,-1.0000000000,-1.0000000000,5.0000000000,30.0000000000,-1.0000000000,1.0000000000,5.0000000000,3.0000000000,0.0000000000,0.0000000000,0.0000000000,0.0000000000,0.0000000000,0.0000000000,0,0.0400411000,0,0
B2,stage1_detector,226,3.0000000000,1.5000000000,-1.0000000000,-1.0000000000,-1.0000000000,5.0000000000,45.0000000000,-1.0000000000,1.0000000000,5.0000000000,3.0000000000,0.0000000000,0.0000000000,0.0000000000,0.0000000000,0.0000000000,0.0000000000,0,0.0376472000,0,0
B2,stage1_detector,227,3.0000000000,1.5000000000,-1.0000000000,-1.0000000000,-1.0000000000,5.0000000000,60.0000000000,-1.0000000000,1.0000000000,5.0000000000,3.0000000000,0.0000574949,0.0002506143,0.0000000000,0.0011498973,0.0500000000,0.0000287640,0,0.0352116000,0,0
B2,stage1_detector,228,3.0000000000,1.5000000000,-1.0000000000,-1.0000000000,-1.0000000000,5.0000000000,90.0000000000,-1.0000000000,1.0000000000,5.0000000000,3.0000000000,0.0003021727,0.0007225512,0.0000000000,0.0022376371,0.1500000000,0.0001512399,0,0.0384276000,0,0
B2,stage1_detector,229,3.0000000000,1.5000000000,-1.0000000000,-1.0000000000,-1.0000000000,5.0000000000,120.0000000000,-1.0000000000,1.0000000000,5.0000000000,3.0000000000,0.0025934990,0.0040101484,0.0000000000,0.0143353914,0.3172908318,0.0013040612,0,0.0399540000,0,0
B2,stage1_detector,230,3.0000000000,1.5000000000,-1.0000000000,-1.0000000000,-1.0000000000,5.0000000000,160.0000000000,-1.0000000000,1.0000000000,5.0000000000,3.0000000000,0.0102621029,0.0137639900,0.0000000000,0.0428756237,0.2727148701,0.0053566569,0,0.0399176000,0,0
B2,stage1_detector,231,3.0000000000,1.5000000000,-1.0000000000,-1.0000000000,-1.0000000000,5.0000000000,200.0000000000,-1.0000000000,1.0000000000,5.0000000000,3.0000000000,0.0153951040,0.0197592082,0.0000000000,0.0588316914,0.2512963197,0.0085132117,0,0.0408429000,0,0
B2,stage1_detector,232,3.0000000000,2.0000000000,-1.0000000000,-1.0000000000,-1.0000000000,1.0000000000,5.0000000000,-1.0000000000,1.0000000000,5.0000000000,3.0000000000,0.0264711034,0.0328571615,0.0000000000,0.1156512959,0.2677674291,0.0171811875,0,0.0406829000,0,0
B2,stage1_detector,233,3.0000000000,2.0000000000,-1.0000000000,-1.0000000000,-1.0000000000,1.0000000000,10.0000000000,-1.0000000000,1.0000000000,5.0000000000,3.0000000000,0.0532711250,0.0770760335,0.0000000000,0.2747791953,0.2255524361,0.0543996705,0,0.0433524000,0,0
B2,stage1_detector,234,3.0000000000,2.0000000000,-1.0000000000,-1.0000000000,-1.0000000000,1.0000000000,20.0000000000,-1.0000000000,1.0000000000,5.0000000000,3.0000000000,0.0940846195,0.1424075803,0.0007317687,0.4421566546,0.1688182149,0.1754290442,0,0.0498150000,0,0
B2,stage1_detector,235,3.0000000000,2.0000000000,-1.0000000000,-1.0000000000,-1.0000000000,1.0000000000,30.0000000000,-1.0000000000,1.0000000000,5.0000000000,3.0000000000,0.1029478913,0.1575551700,0.0017091792,0.4823616622,0.1198310242,0.3220752027,0,0.0516015000,0,0
B2,stage1_detector,236,3.0000000000,2.0000000000,-1.0000000000,-1.0000000000,-1.0000000000,1.0000000000,45.0000000000,-1.0000000000,1.0000000000,5.0000000000,3.0000000000,0.0953089829,0.1433256223,0.0039188553,0.4280905398,0.0762487389,0.5115482919,0,0.0529274000,0,0
B2,stage1_detector,237,3.0000000000,2.0000000000,-1.0000000000,-1.0000000000,-1.0000000000,1.0000000000,60.0000000000,-1.0000000000,1.0000000000,5.0000000000,3.0000000000,0.0792300315,0.1076638885,0.0076644645,0.3450150471,0.0504265488,0.6752609510,0,0.0525394000,0,0
B2,stage1_detector,238,3.0000000000,2.0000000000,-1.0000000000,-1.0000000000,-1.0000000000,1.0000000000,90.0000000000,-1.0000000000,1.0000000000,5.0000000000,3.0000000000,0.0602076588,0.0653091626,0.0108681485,0.2194940901,0.0330381438,0.8576386598,0,0.0506054000,0,0
B2,stage1_detector,239,3.0000000000,2.0000000000,-1.0000000000,-1.0000000000,-1.0000000000,1.0000000000,120.0000000000,-1.0000000000,1.0000000000,5.0000000000,3.0000000000,0.0538355124,0.0507781073,0.0108681485,0.1709526537,0.0285824717,0.9346105306,0,0.0593972000,0,0
B2,stage1_detector,240,3.0000000000,2.0000000000,-1.0000000000,-1.0000000000,-1.0000000000,1.0000000000,160.0000000000,-1.0000000000,1.0000000000,5.0000000000,3.0000000000,0.0518025451,0.0453600178,0.0108681485,0.1486530224,0.0271670034,0.9966666010,0,0.0576535000,0,0
B2,stage1_detector,241,3.0000000000,2.0000000000,-1.0000000000,-1.0000000000,-1.0000000000,1.0000000000,200.0000000000,-1.0000000000,1.0000000000,5.0000000000,3.0000000000,0.0518181451,0.0453450470,0.0108681485,0.1481327820,0.0271679331,0.9995451684,0,0.0574286000,0,0
B2,stage1_detector,242,3.0000000000,2.0000000000,-1.0000000000,-1.0000000000,-1.0000000000,3.0000000000,5.0000000000,-1.0000000000,1.0000000000,5.0000000000,3.0000000000,0.0001365306,0.0004938234,0.0000000000,0.0022376371,0.1000000000,0.0000683310,0,0.0407371000,0,0
B2,stage1_detector,243,3.0000000000,2.0000000000,-1.0000000000,-1.0000000000,-1.0000000000,3.0000000000,10.0000000000,-1.0000000000,1.0000000000,5.0000000000,3.0000000000,0.0032617461,0.0049167835,0.0000000000,0.0177116543,0.2646824902,0.0016459257,0,0.0383482000,0,0
B2,stage1_detector,244,3.0000000000,2.0000000000,-1.0000000000,-1.0000000000,-1.0000000000,3.0000000000,20.0000000000,-1.0000000000,1.0000000000,5.0000000000,3.0000000000,0.0286269544,0.0353351933,0.0000000000,0.1281262538,0.2668171824,0.0192581893,0,0.0414458000,0,0
B2,stage1_detector,245,3.0000000000,2.0000000000,-1.0000000000,-1.0000000000,-1.0000000000,3.0000000000,30.0000000000,-1.0000000000,1.0000000000,5.0000000000,3.0000000000,0.0467253799,0.0634838646,0.0000000000,0.2379219475,0.2453197434,0.0434395866,0,0.0414776000,0,0
B2,stage1_detector,246,3.0000000000,2.0000000000,-1.0000000000,-1.0000000000,-1.0000000000,3.0000000000,45.0000000000,-1.0000000000,1.0000000000,5.0000000000,3.0000000000,0.0620498288,0.0925248929,0.0000734268,0.3144068303,0.2216512821,0.0695219447,0,0.0441637000,0,0
B2,stage1_detector,247,3.0000000000,2.0000000000,-1.0000000000,-1.0000000000,-1.0000000000,3.0000000000,60.0000000000,-1.0000000000,1.0000000000,5.0000000000,3.0000000000,0.0787182350,0.1186668745,0.0003015151,0.3803966006,0.1902284955,0.1147435214,0,0.0474332000,0,0
B2,stage1_detector,248,3.0000000000,2.0000000000,-1.0000000000,-1.0000000000,-1.0000000000,3.0000000000,90.0000000000,-1.0000000000,1.0000000000,5.0000000000,3.0000000000,0.0987303271,0.1495532819,0.0009176150,0.4636548223,0.1543217483,0.2175247717,0,0.0546674000,0,0
B2,stage1_detector,249,3.0000000000,2.0000000000,-1.0000000000,-1.0000000000,-1.0000000000,3.0000000000,120.0000000000,-1.0000000000,1.0000000000,5.0000000000,3.0000000000,0.1021653429,0.1572058159,0.0020573628,0.4818077365,0.1160253072,0.3331382935,0,0.0513087000,0,0
B2,stage1_detector,250,3.0000000000,2.0000000000,-1.0000000000,-1.0000000000,-1.0000000000,3.0000000000,160.0000000000,-1.0000000000,1.0000000000,5.0000000000,3.0000000000,0.0960528887,0.1449433690,0.0036670172,0.4356203696,0.0770714126,0.5239356298,0,0.0537759000,0,0
B2,stage1_detector,251,3.0000000000,2.0000000000,-1.0000000000,-1.0000000000,-1.0000000000,3.0000000000,200.0000000000,-1.0000000000,1.0000000000,5.0000000000,3.0000000000,0.0872098062,0.1247825919,0.0062758320,0.3886221967,0.0606250598,0.6192994390,0,0.0532597000,0,0
B2,stage1_detector,252,3.0000000000,2.0000000000,-1.0000000000,-1.0000000000,-1.0000000000,5.0000000000,5.0000000000,-1.0000000000,1.0000000000,5.0000000000,3.0000000000,0.0000000000,0.0000000000,0.0000000000,0.0000000000,0.0000000000,0.0000000000,0,0.0394641000,0,0
B2,stage1_detector,253,3.0000000000,2.0000000000,-1.0000000000,-1.0000000000,-1.0000000000,5.0000000000,10.0000000000,-1.0000000000,1.0000000000,5.0000000000,3.0000000000,0.0000000000,0.0000000000,0.0000000000,0.0000000000,0.0000000000,0.0000000000,0,0.0361970000,0,0
B2,stage1_detector,254,3.0000000000,2.0000000000,-1.0000000000,-1.0000000000,-1.0000000000,5.0000000000,20.0000000000,-1.0000000000,1.0000000000,5.0000000000,3.0000000000,0.0000000000,0.0000000000,0.0000000000,0.0000000000,0.0000000000,0.0000000000,0,0.0382972000,0,0
B2,stage1_detector,255,3.0000000000,2.0000000000,-1.0000000000,-1.0000000000,-1.0000000000,5.0000000000,30.0000000000,-1.0000000000,1.0000000000,5.0000000000,3.0000000000,0.0000000000,0.0000000000,0.0000000000,0.0000000000,0.0000000000,0.0000000000,0,0.0390131000,0,0
B2,stage1_detector,256,3.0000000000,2.0000000000,-1.0000000000,-1.0000000000,-1.0000000000,5.0000000000,45.0000000000,-1.0000000000,1.0000000000,5.0000000000,3.0000000000,0.0000000000,0.0000000000,0.0000000000,0.0000000000,0.0000000000,0.0000000000,0,0.0394296000,0,0
B2,stage1_detector,257,3.0000000000,2.0000000000,-1.0000000000,-1.0000000000,-1.0000000000,5.0000000000,60.0000000000,-1.0000000000,1.0000000000,5.0000000000,3.0000000000,0.0000328623,0.0001432435,0.0000000000,0.0006572461,0.0500000000,0.0000164366,0,0.0390643000,0,0
B2,stage1_detector,258,3.0000000000,2.0000000000,-1.0000000000,-1.0000000000,-1.0000000000,5.0000000000,90.0000000000,-1.0000000000,1.0000000000,5.0000000000,3.0000000000,0.0004203000,0.0009037729,0.0000000000,0.0031401656,0.1750000000,0.0002104127,0,0.0394359000,0,0
B2,stage1_detector,259,3.0000000000,2.0000000000,-1.0000000000,-1.0000000000,-1.0000000000,5.0000000000,120.0000000000,-1.0000000000,1.0000000000,5.0000000000,3.0000000000,0.0025921129,0.0038855465,0.0000000000,0.0132074132,0.2574452786,0.0013051014,0,0.0398573000,0,0
B2,stage1_detector,260,3.0000000000,2.0000000000,-1.0000000000,-1.0000000000,-1.0000000000,5.0000000000,160.0000000000,-1.0000000000,1.0000000000,5.0000000000,3.0000000000,0.0103875358,0.0140764265,0.0000000000,0.0432198056,0.2698607072,0.0054195941,0,0.0401870000,0,0
B2,stage1_detector,261,3.0000000000,2.0000000000,-1.0000000000,-1.0000000000,-1.0000000000,5.0000000000,200.0000000000,-1.0000000000,1.0000000000,5.0000000000,3.0000000000,0.0155942801,0.0201877068,0.0000000000,0.0597739408,0.2497124725,0.0086044949,0,0.0408253000,0,0
B2,stage1_detector,262,5.0000000000,1.0000000000,-1.0000000000,-1.0000000000,-1.0000000000,1.0000000000,5.0000000000,-1.0000000000,1.0000000000,5.0000000000,3.0000000000,0.0296191033,0.0371154221,0.0000000000,0.1412264401,0.2591904563,0.0205248935,0,0.0400996000,0,0
B2,stage1_detector,263,5.0000000000,1.0000000000,-1.0000000000,-1.0000000000,-1.0000000000,1.0000000000,10.0000000000,-1.0000000000,1.0000000000,5.0000000000,3.0000000000,0.0596764014,0.0869311415,0.0000000000,0.2980519872,0.2271138347,0.0661707849,0,0.0438626000,0,0
B2,stage1_detector,264,5.0000000000,1.0000000000,-1.0000000000,-1.0000000000,-1.0000000000,1.0000000000,20.0000000000,-1.0000000000,1.0000000000,5.0000000000,3.0000000000,0.0969067655,0.1475380819,0.0008256556,0.4535829369,0.1570685646,0.2073894046,0,0.0501898000,0,0
B2,stage1_detector,265,5.0000000000,1.0000000000,-1.0000000000,-1.0000000000,-1.0000000000,1.0000000000,30.0000000000,-1.0000000000,1.0000000000,5.0000000000,3.0000000000,0.1012005584,0.1555499722,0.0023982370,0.4726095817,0.1067539997,0.3671506333,0,0.0533631000,0,0
B2,stage1_detector,266,5.0000000000,1.0000000000,-1.0000000000,-1.0000000000,-1.0000000000,1.0000000000,45.0000000000,-1.0000000000,1.0000000000,5.0000000000,3.0000000000,0.0906691710,0.1315436800,0.0054955959,0.4095856061,0.0659616214,0.5968729156,0,0.0558144000,0,0
B2,stage1_detector,267,5.0000000000,1.0000000000,-1.0000000000,-1.0000000000,-1.0000000000,1.0000000000,60.0000000000,-1.0000000000,1.0000000000,5.0000000000,3.0000000000,0.0730242003,0.0944542334,0.0094914844,0.3069329585,0.0441099553,0.7317788849,0,0.0556976000,0,0
B2,stage1_detector,268,5.0000000000,1.0000000000,-1.0000000000,-1.0000000000,-1.0000000000,1.0000000000,90.0000000000,-1.0000000000,1.0000000000,5.0000000000,3.0000000000,0.0568606702,0.0581259325,0.0108681485,0.1963662732,0.0306900750,0.8884273280,0,0.0574239000,0,0
B2,stage1_detector,269,5.0000000000,1.0000000000,-1.0000000000,-1.0000000000,-1.0000000000,1.0000000000,120.0000000000,-1.0000000000,1.0000000000,5.0000000000,3.0000000000,0.0528728368,0.0484207904,0.0108681485,0.1617989557,0.0279235198,0.9555261228,0,0.0592776000,0,0
B2,stage1_detector,270,5.0000000000,1.0000000000,-1.0000000000,-1.0000000000,-1.0000000000,1.0000000000,160.0000000000,-1.0000000000,1.0000000000,5.0000000000,3.0000000000,0.0518386496,0.0453789483,0.0108681485,0.1482071863,0.0271792695,0.9996523363,0,0.0585508000,0,0
B2,stage1_detector,271,5.0000000000,1.0000000000,-1.0000000000,-1.0000000000,-1.0000000000,1.0000000000,200.0000000000,-1.0000000000,1.0000000000,5.0000000000,3.0000000000,0.0518423969,0.0453813959,0.0108681485,0.1481282566,0.0271803151,0.9999936399,0,0.0570325000,0,0
B2,stage1_detector,272,5.0000000000,1.0000000000,-1.0000000000,-1.0000000000,-1.0000000000,3.0000000000,5.0000000000,-1.0000000000,1.0000000000,5.0000000000,3.0000000000,0.0002386584,0.0006115818,0.0000000000,0.0022376371,0.1500000000,0.0001194371,0,0.0386142000,0,0
B2,stage1_detector,273,5.0000000000,1.0000000000,-1.0000000000,-1.0000000000,-1.0000000000,3.0000000000,10.0000000000,-1.0000000000,1.0000000000,5.0000000000,3.0000000000,0.0065784548,0.0089049500,0.0000000000,0.0308255331,0.2914338711,0.0033548879,0,0.0400670000,0,0
B2,stage1_detector,274,5.0000000000,1.0000000000,-1.0000000000,-1.0000000000,-1.0000000000,3.0000000000,20.0000000000,-1.0000000000,1.0000000000,5.0000000000,3.0000000000,0.0311579633,0.0397433498,0.0000000000,0.1511950350,0.2574382012,0.0222962186,0,0.0407768000,0,0
B2,stage1_detector,275,5.0000000000,1.0000000000,-1.0000000000,-1.0000000000,-1.0000000000,3.0000000000,30.0000000000,-1.0000000000,1.0000000000,5.0000000000,3.0000000000,0.0503852076,0.0715531898,0.0000000000,0.2571481734,0.2426264488,0.0506312720,0,0.0431577000,0,0
B2,stage1_detector,276,5.0000000000,1.0000000000,-1.0000000000,-1.0000000000,-1.0000000000,3.0000000000,45.0000000000,-1.0000000000,1.0000000000,5.0000000000,3.0000000000,0.0665780063,0.1003951279,0.0002330097,0.3336475024,0.2158028449,0.0809935066,0,0.0442169000,0,0
B2,stage1_detector,277,5.0000000000,1.0000000000,-1.0000000000,-1.0000000000,-1.0000000000,3.0000000000,60.0000000000,-1.0000000000,1.0000000000,5.0000000000,3.0000000000,0.0836607026,0.1264027440,0.0005145160,0.3967521272,0.1864805594,0.1355887054,0,0.0462862000,0,0
B2,stage1_detector,278,5.0000000000,1.0000000000,-1.0000000000,-1.0000000000,-1.0000000000,3.0000000000,90.0000000000,-1.0000000000,1.0000000000,5.0000000000,3.0000000000,0.1016945956,0.1541355641,0.0011457460,0.4703023233,0.1448538097,0.2576194562,0,0.0494580000,0,0
B2,stage1_detector,279,5.0000000000,1.0000000000,-1.0000000000,-1.0000000000,-1.0000000000,3.0000000000,120.0000000000,-1.0000000000,1.0000000000,5.0000000000,3.0000000000,0.1031254883,0.1577708918,0.0020809545,0.4694151033,0.1065230426,0.3820837275,0,0.0494960000,0,0
B2,stage1_detector,280,5.0000000000,1.0000000000,-1.0000000000,-1.0000000000,-1.0000000000,3.0000000000,160.0000000000,-1.0000000000,1.0000000000,5.0000000000,3.0000000000,0.0898267574,0.1327612949,0.0038498556,0.4079846727,0.0658415275,0.5747974341,0,0.0545202000,0,0
B2,stage1_detector,281,5.0000000000,1.0000000000,-1.0000000000,-1.0000000000,-1.0000000000,3.0000000000,200.0000000000,-1.0000000000,1.0000000000,5.0000000000,3.0000000000,0.0806022786,0.1116786581,0.0083328698,0.3558553898,0.0524238499,0.6686886246,0,0.0550478000,0,0
B2,stage1_detector,282,5.0000000000,1.0000000000,-1.0000000000,-1.0000000000,-1.0000000000,5.0000000000,5.0000000000,-1.0000000000,1.0000000000,5.0000000000,3.0000000000,0.0000000000,0.0000000000,0.0000000000,0.0000000000,0.0000000000,0.0000000000,0,0.0399803000,0,0
B2,stage1_detector,283,5.0000000000,1.0000000000,-1.0000000000,-1.0000000000,-1.0000000000,5.0000000000,10.0000000000,-1.0000000000,1.0000000000,5.0000000000,3.0000000000,0.0000000000,0.0000000000,0.0000000000,0.0000000000,0.0000000000,0.0000000000,0,0.0363772000,0,0
B2,stage1_detector,284,5.0000000000,1.0000000000,-1.0000000000,-1.0000000000,-1.0000000000,5.0000000000,20.0000000000,-1.0000000000,1.0000000000,5.0000000000,3.0000000000,0.0000000000,0.0000000000,0.0000000000,0.0000000000,0.0000000000,0.0000000000,0,0.0392916000,0,0
B2,stage1_detector,285,5.0000000000,1.0000000000,-1.0000000000,-1.0000000000,-1.0000000000,5.0000000000,30.0000000000,-1.0000000000,1.0000000000,5.0000000000,3.0000000000,0.0000000000,0.0000000000,0.0000000000,0.0000000000,0.0000000000,0.0000000000,0,0.0378689000,0,0
B2,stage1_detector,286,5.0000000000,1.0000000000,-1.0000000000,-1.0000000000,-1.0000000000,5.0000000000,45.0000000000,-1.0000000000,1.0000000000,5.0000000000,3.0000000000,0.0000000000,0.0000000000,0.0000000000,0.0000000000,0.0000000000,0.0000000000,0,0.0379911000,0,0
B2,stage1_detector,287,5.0000000000,1.0000000000,-1.0000000000,-1.0000000000,-1.0000000000,5.0000000000,60.0000000000,-1.0000000000,1.0000000000,5.0000000000,3.0000000000,0.0000246488,0.0001074414,0.0000000000,0.0004929751,0.0500000000,0.0000123274,0,0.0369488000,0,0
B2,stage1_detector,288,5.0000000000,1.0000000000,-1.0000000000,-1.0000000000,-1.0000000000,5.0000000000,90.0000000000,-1.0000000000,1.0000000000,5.0000000000,3.0000000000,0.0006701636,0.0012755649,0.0000000000,0.0051333238,0.2464285714,0.0003356598,0,0.0401987000,0,0
B2,stage1_detector,289,5.0000000000,1.0000000000,-1.0000000000,-1.0000000000,-1.0000000000,5.0000000000,120.0000000000,-1.0000000000,1.0000000000,5.0000000000,3.0000000000,0.0042678704,0.0063678676,0.0000000000,0.0216361451,0.3080484280,0.0021604428,0,0.0390303000,0,0
B2,stage1_detector,290,5.0000000000,1.0000000000,-1.0000000000,-1.0000000000,-1.0000000000,5.0000000000,160.0000000000,-1.0000000000,1.0000000000,5.0000000000,3.0000000000,0.0129435271,0.0171616956,0.0000000000,0.0520746310,0.2567693149,0.0069025589,0,0.0418320000,0,0
B2,stage1_detector,291,5.0000000000,1.0000000000,-1.0000000000,-1.0000000000,-1.0000000000,5.0000000000,200.0000000000,-1.0000000000,1.0000000000,5.0000000000,3.0000000000,0.0176774047,0.0229938907,0.0000000000,0.0715418016,0.2406727542,0.0101120369,0,0.0418193000,0,0
B2,stage1_detector,292,5.0000000000,1.5000000000,-1.0000000000,-1.0000000000,-1.0000000000,1.0000000000,5.0000000000,-1.0000000000,1.0000000000,5.0000000000,3.0000000000,0.0328446253,0.0445623371,0.0000000000,0.1731584785,0.2551339985,0.0263714421,0,0.0422344000,0,0
B2,stage1_detector,293,5.0000000000,1.5000000000,-1.0000000000,-1.0000000000,-1.0000000000,1.0000000000,10.0000000000,-1.0000000000,1.0000000000,5.0000000000,3.0000000000,0.0663538783,0.1011884699,0.0003375265,0.3319008654,0.2156245935,0.0921057220,0,0.0476103000,0,0
B2,stage1_detector,294,5.0000000000,1.5000000000,-1.0000000000,-1.0000000000,-1.0000000000,1.0000000000,20.0000000000,-1.0000000000,1.0000000000,5.0000000000,3.0000000000,0.1013482935,0.1545451583,0.0014121356,0.4634214186,0.1355102625,0.2968504438,0,0.0501476000,0,0
B2,stage1_detector,295,5.0000000000,1.5000000000,-1.0000000000,-1.0000000000,-1.0000000000,1.0000000000,30.0000000000,-1.0000000000,1.0000000000,5.0000000000,3.0000000000,0.0926799622,0.1411841164,0.0028880705,0.4314391794,0.0773613793,0.4723752735,0,0.0524350000,0,0
B2,stage1_detector,296,5.0000000000,1.5000000000,-1.0000000000,-1.0000000000,-1.0000000000,1.0000000000,45.0000000000,-1.0000000000,1.0000000000,5.0000000000,3.0000000000,0.0608513618,0.0896944031,0.0102622519,0.3245338477,0.0377643968,0.6621823216,0,0.0550897000,0,0
B2,stage1_detector,297,5.0000000000,1.5000000000,-1.0000000000,-1.0000000000,-1.0000000000,1.0000000000,60.0000000000,-1.0000000000,1.0000000000,5.0000000000,3.0000000000,0.0606874518,0.0698098541,0.0108681485,0.2328166896,0.0338691743,0.8089529325,0,0.0530876000,0,0
B2,stage1_detector,298,5.0000000000,1.5000000000,-1.0000000000,-1.0000000000,-1.0000000000,1.0000000000,90.0000000000,-1.0000000000,1.0000000000,5.0000000000,3.0000000000,0.0528326951,0.0486929456,0.0108681485,0.1625551591,0.0279375130,0.9472026482,0,0.0579010000,0,0
B2,stage1_detector,299,5.0000000000,1.5000000000,-1.0000000000,-1.0000000000,-1.0000000000,1.0000000000,120.0000000000,-1.0000000000,1.0000000000,5.0000000000,3.0000000000,0.0517324117,0.0454332507,0.0108681485,0.1492579951,0.0271559296,0.9873303148,0,0.0614826000,0,0
B2,stage1_detector,300,5.0000000000,1.5000000000,-1.0000000000,-1.0000000000,-1.0000000000,1.0000000000,160.0000000000,-1.0000000000,1.0000000000,5.0000000000,3.0000000000,0.0518428213,0.0453826255,0.0108681485,0.1481429137,0.0271805308,1.0000000000,0,0.0551650000,0,0
B2,stage1_detector,301,5.0000000000,1.5000000000,-1.0000000000,-1.0000000000,-1.0000000000,1.0000000000,200.0000000000,-1.0000000000,1.0000000000,5.0000000000,3.0000000000,0.0518428213,0.0453826255,0.0108681485,0.1481429137,0.0271805308,1.0000000000,0,0.0559647000,0,0
B2,stage1_detector,302,5.0000000000,1.5000000000,-1.0000000000,-1.0000000000,-1.0000000000,3.0000000000,5.0000000000,-1.0000000000,1.0000000000,5.0000000000,3.0000000000,0.0004695436,0.0009480264,0.0000000000,0.0026263953,0.2000000000,0.0002350519,0,0.0400439000,0,0
B2,stage1_detector,303,5.0000000000,1.5000000000,-1.0000000000,-1.0000000000,-1.0000000000,3.0000000000,10.0000000000,-1.0000000000,1.0000000000,5.0000000000,3.0000000000,0.0116374199,0.0156745574,0.0000000000,0.0477057538,0.2502775384,0.0062319636,0,0.0393687000,0,0
B2,stage1_detector,304,5.0000000000,1.5000000000,-1.0000000000,-1.0000000000,-1.0000000000,3.0000000000,20.0000000000,-1.0000000000,1.0000000000,5.0000000000,3.0000000000,0.0342511977,0.0474589921,0.0000000000,0.1823846304,0.2511427899,0.0285658538,0,0.0433901000,0,0
B2,stage1_detector,305,5.0000000000,1.5000000000,-1.0000000000,-1.0000000000,-1.0000000000,3.0000000000,30.0000000000,-1.0000000000,1.0000000000,5.0000000000,3.0000000000,0.0562446247,0.0820493178,0.0003690264,0.2801171732,0.2350598686,0.0689594057,0,0.0435392000,0,0
B2,stage1_detector,306,5.0000000000,1.5000000000,-1.0000000000,-1.0000000000,-1.0000000000,3.0000000000,45.0000000000,-1.0000000000,1.0000000000,5.0000000000,3.0000000000,0.0739116280,0.1115299418,0.0004126588,0.3556918803,0.2127010365,0.1145965312,0,0.0464308000,0,0
B2,stage1_detector,307,5.0000000000,1.5000000000,-1.0000000000,-1.0000000000,-1.0000000000,3.0000000000,60.0000000000,-1.0000000000,1.0000000000,5.0000000000,3.0000000000,0.0901209397,0.1364982118,0.0007931707,0.4152736983,0.1703484970,0.1897234423,0,0.0493532000,0,0
B2,stage1_detector,308,5.0000000000,1.5000000000,-1.0000000000,-1.0000000000,-1.0000000000,3.0000000000,90.0000000000,-1.0000000000,1.0000000000,5.0000000000,3.0000000000,0.1024644605,0.1562484410,0.0019706730,0.4606106935,0.1199987112,0.3520008610,0,0.0533195000,0,0
B2,stage1_detector,309,5.0000000000,1.5000000000,-1.0000000000,-1.0000000000,-1.0000000000,3.0000000000,120.0000000000,-1.0000000000,1.0000000000,5.0000000000,3.0000000000,0.0940778634,0.1425176254,0.0030077691,0.4277774308,0.0783106459,0.4848323479,0,0.0522587000,0,0
B2,stage1_detector,310,5.0000000000,1.5000000000,-1.0000000000,-1.0000000000,-1.0000000000,3.0000000000,160.0000000000,-1.0000000000,1.0000000000,5.0000000000,3.0000000000,0.0744975598,0.1009819608,0.0103832739,0.3334474235,0.0466576398,0.6944252908,0,0.0544753000,0,0
B2,stage1_detector,311,5.0000000000,1.5000000000,-1.0000000000,-1.0000000000,-1.0000000000,3.0000000000,200.0000000000,-1.0000000000,1.0000000000,5.0000000000,3.0000000000,0.0661793398,0.0823288583,0.0108183983,0.2721634337,0.0384797616,0.7594359704,0,0.0562862000,0,0
B2,stage1_detector,312,5.0000000000,1.5000000000,-1.0000000000,-1.0000000000,-1.0000000000,5.0000000000,5.0000000000,-1.0000000000,1.0000000000,5.0000000000,3.0000000000,0.0000000000,0.0000000000,0.0000000000,0.0000000000,0.0000000000,0.0000000000,0,0.0370788000,0,0
B2,stage1_detector,313,5.0000000000,1.5000000000,-1.0000000000,-1.0000000000,-1.0000000000,5.0000000000,10.0000000000,-1.0000000000,1.0000000000,5.0000000000,3.0000000000,0.0000000000,0.0000000000,0.0000000000,0.0000000000,0.0000000000,0.0000000000,0,0.0372116000,0,0
B2,stage1_detector,314,5.0000000000,1.5000000000,-1.0000000000,-1.0000000000,-1.0000000000,5.0000000000,20.0000000000,-1.0000000000,1.0000000000,5.0000000000,3.0000000000,0.0000246488,0.0001074414,0.0000000000,0.0004929751,0.0500000000,0.0000123274,0,0.0388364000,0,0
B2,stage1_detector,315,5.0000000000,1.5000000000,-1.0000000000,-1.0000000000,-1.0000000000,5.0000000000,30.0000000000,-1.0000000000,1.0000000000,5.0000000000,3.0000000000,0.0000246488,0.0001074414,0.0000000000,0.0004929751,0.0500000000,0.0000123274,0,0.0344187000,0,0
B2,stage1_detector,316,5.0000000000,1.5000000000,-1.0000000000,-1.0000000000,-1.0000000000,5.0000000000,45.0000000000,-1.0000000000,1.0000000000,5.0000000000,3.0000000000,0.0000246488,0.0001074414,0.0000000000,0.0004929751,0.0500000000,0.0000123274,0,0.0368823000,0,0
B2,stage1_detector,317,5.0000000000,1.5000000000,-1.0000000000,-1.0000000000,-1.0000000000,5.0000000000,60.0000000000,-1.0000000000,1.0000000000,5.0000000000,3.0000000000,0.0001805026,0.0004370820,0.0000000000,0.0014813247,0.1500000000,0.0000903073,0,0.0393213000,0,0
B2,stage1_detector,318,5.0000000000,1.5000000000,-1.0000000000,-1.0000000000,-1.0000000000,5.0000000000,90.0000000000,-1.0000000000,1.0000000000,5.0000000000,3.0000000000,0.0020332294,0.0040250894,0.0000000000,0.0148486579,0.2483078231,0.0010227863,0,0.0396814000,0,0
B2,stage1_detector,319,5.0000000000,1.5000000000,-1.0000000000,-1.0000000000,-1.0000000000,5.0000000000,120.0000000000,-1.0000000000,1.0000000000,5.0000000000,3.0000000000,0.0058645736,0.0095630884,0.0000000000,0.0344504774,0.2745232466,0.0030022749,0,0.0397466000,0,0
B2,stage1_detector,320,5.0000000000,1.5000000000,-1.0000000000,-1.0000000000,-1.0000000000,5.0000000000,160.0000000000,-1.0000000000,1.0000000000,5.0000000000,3.0000000000,0.0153544247,0.0207413670,0.0000000000,0.0613013699,0.2390067328,0.0086809626,0,0.0408572000,0,0
B2,stage1_detector,321,5.0000000000,1.5000000000,-1.0000000000,-1.0000000000,-1.0000000000,5.0000000000,200.0000000000,-1.0000000000,1.0000000000,5.0000000000,3.0000000000,0.0197371495,0.0245768009,0.0000000000,0.0859214667,0.3236491234,0.0122106490,0,0.0407349000,0,0
B2,stage1_detector,322,5.0000000000,2.0000000000,-1.0000000000,-1.0000000000,-1.0000000000,1.0000000000,5.0000000000,-1.0000000000,1.0000000000,5.0000000000,3.0000000000,0.0336237340,0.0464880204,0.0000000000,0.1827859276,0.2746279119,0.0287113046,0,0.0439788000,0,0
B2,stage1_detector,323,5.0000000000,2.0000000000,-1.0000000000,-1.0000000000,-1.0000000000,1.0000000000,10.0000000000,-1.0000000000,1.0000000000,5.0000000000,3.0000000000,0.0688034301,0.1042621439,0.0003275500,0.3386491557,0.2175975833,0.1052339291,0,0.0488659000,0,0
B2,stage1_detector,324,5.0000000000,2.0000000000,-1.0000000000,-1.0000000000,-1.0000000000,1.0000000000,20.0000000000,-1.0000000000,1.0000000000,5.0000000000,3.0000000000,0.1022497313,0.1557364345,0.0019091560,0.4539290682,0.1261552437,0.3415724075,0,0.0509663000,0,0
B2,stage1_detector,325,5.0000000000,2.0000000000,-1.0000000000,-1.0000000000,-1.0000000000,1.0000000000,30.0000000000,-1.0000000000,1.0000000000,5.0000000000,3.0000000000,0.0882862044,0.1318539385,0.0030679519,0.4076161202,0.0676778673,0.5248438614,0,0.0530111000,0,0
B2,stage1_detector,326,5.0000000000,2.0000000000,-1.0000000000,-1.0000000000,-1.0000000000,1.0000000000,45.0000000000,-1.0000000000,1.0000000000,5.0000000000,3.0000000000,0.0679327972,0.0870883163,0.0107988329,0.2946873801,0.0404116837,0.7368360851,0,0.0528284000,0,0
B2,stage1_detector,327,5.0000000000,2.0000000000,-1.0000000000,-1.0000000000,-1.0000000000,1.0000000000,60.0000000000,-1.0000000000,1.0000000000,5.0000000000,3.0000000000,0.0573954527,0.0630044067,0.0108681485,0.2122626945,0.0314642852,0.8342630679,0,0.0547687000,0,0
B2,stage1_detector,328,5.0000000000,2.0000000000,-1.0000000000,-1.0000000000,-1.0000000000,1.0000000000,90.0000000000,-1.0000000000,1.0000000000,5.0000000000,3.0000000000,0.0522448749,0.0469140004,0.0108681485,0.1550948541,0.0275165543,0.9670254003,0,0.0552834000,0,0
B2,stage1_detector,329,5.0000000000,2.0000000000,-1.0000000000,-1.0000000000,-1.0000000000,1.0000000000,120.0000000000,-1.0000000000,1.0000000000,5.0000000000,3.0000000000,0.0517036251,0.0452647147,0.0108681485,0.1483268505,0.0271195411,0.9937334085,0,0.0564993000,0,0
B2,stage1_detector,330,5.0000000000,2.0000000000,-1.0000000000,-1.0000000000,-1.0000000000,1.0000000000,160.0000000000,-1.0000000000,1.0000000000,5.0000000000,3.0000000000,0.0518428213,0.0453826255,0.0108681485,0.1481429137,0.0271805308,1.0000000000,0,0.0572467000,0,0
B2,stage1_detector,331,5.0000000000,2.0000000000,-1.0000000000,-1.0000000000,-1.0000000000,1.0000000000,200.0000000000,-1.0000000000,1.0000000000,5.0000000000,3.0000000000,0.0518428213,0.0453826255,0.0108681485,0.1481429137,0.0271805308,1.0000000000,0,0.0584911000,0,0
B2,stage1_detector,332,5.0000000000,2.0000000000,-1.0000000000,-1.0000000000,-1.0000000000,3.0000000000,5.0000000000,-1.0000000000,1.0000000000,5.0000000000,3.0000000000,0.0005420786,0.0012928751,0.0000000000,0.0053660406,0.2000000000,0.0002715318,0,0.0406055000,0,0
B2,stage1_detector,333,5.0000000000,2.0000000000,-1.0000000000,-1.0000000000,-1.0000000000,3.0000000000,10.0000000000,-1.0000000000,1.0000000000,5.0000000000,3.0000000000,0.0127549508,0.0177785014,0.0000000000,0.0587293113,0.2398815689,0.0069437070,0,0.0382246000,0,0
B2,stage1_detector,334,5.0000000000,2.0000000000,-1.0000000000,-1.0000000000,-1.0000000000,3.0000000000,20.0000000000,-1.0000000000,1.0000000000,5.0000000000,3.0000000000,0.0355770171,0.0490786025,0.0000000000,0.1893743537,0.2822451002,0.0314711193,0,0.0421204000,0,0
B2,stage1_detector,335,5.0000000000,2.0000000000,-1.0000000000,-1.0000000000,-1.0000000000,3.0000000000,30.0000000000,-1.0000000000,1.0000000000,5.0000000000,3.0000000000,0.0559211862,0.0842466094,0.0001898314,0.2870167761,0.2260381921,0.0741206396,0,0.0462828000,0,0
B2,stage1_detector,336,5.0000000000,2.0000000000,-1.0000000000,-1.0000000000,-1.0000000000,3.0000000000,45.0000000000,-1.0000000000,1.0000000000,5.0000000000,3.0000000000,0.0766032390,0.1153816783,0.0005433843,0.3645416047,0.2059543497,0.1310598369,0,0.0478575000,0,0
B2,stage1_detector,337,5.0000000000,2.0000000000,-1.0000000000,-1.0000000000,-1.0000000000,3.0000000000,60.0000000000,-1.0000000000,1.0000000000,5.0000000000,3.0000000000,0.0930439329,0.1409792285,0.0010794235,0.4221309344,0.1657709611,0.2092358765,0,0.0493282000,0,0
B2,stage1_detector,338,5.0000000000,2.0000000000,-1.0000000000,-1.0000000000,-1.0000000000,3.0000000000,90.0000000000,-1.0000000000,1.0000000000,5.0000000000,3.0000000000,0.1008056738,0.1538293522,0.0026902383,0.4532980915,0.1077569070,0.3995762485,0,0.0535228000,0,0
B2,stage1_detector,339,5.0000000000,2.0000000000,-1.0000000000,-1.0000000000,-1.0000000000,3.0000000000,120.0000000000,-1.0000000000,1.0000000000,5.0000000000,3.0000000000,0.0877410321,0.1313039757,0.0029564652,0.4124743252,0.0674880912,0.5336672404,0,0.0527919000,0,0
B2,stage1_detector,340,5.0000000000,2.0000000000,-1.0000000000,-1.0000000000,-1.0000000000,3.0000000000,160.0000000000,-1.0000000000,1.0000000000,5.0000000000,3.0000000000,0.0706546547,0.0928957885,0.0108385596,0.2942567948,0.0425755642,0.7266739921,0,0.0546493000,0,0
B2,stage1_detector,341,5.0000000000,2.0000000000,-1.0000000000,-1.0000000000,-1.0000000000,3.0000000000,200.0000000000,-1.0000000000,1.0000000000,5.0000000000,3.0000000000,0.0615816810,0.0732003864,0.0108383423,0.2445015984,0.0348059852,0.7879169398,0,0.0524182000,0,0
B2,stage1_detector,342,5.0000000000,2.0000000000,-1.0000000000,-1.0000000000,-1.0000000000,5.0000000000,5.0000000000,-1.0000000000,1.0000000000,5.0000000000,3.0000000000,0.0000000000,0.0000000000,0.0000000000,0.0000000000,0.0000000000,0.0000000000,0,0.0379518000,0,0
B2,stage1_detector,343,5.0000000000,2.0000000000,-1.0000000000,-1.0000000000,-1.0000000000,5.0000000000,10.0000000000,-1.0000000000,1.0000000000,5.0000000000,3.0000000000,0.0000000000,0.0000000000,0.0000000000,0.0000000000,0.0000000000,0.0000000000,0,0.0367934000,0,0
B2,stage1_detector,344,5.0000000000,2.0000000000,-1.0000000000,-1.0000000000,-1.0000000000,5.0000000000,20.0000000000,-1.0000000000,1.0000000000,5.0000000000,3.0000000000,0.0000000000,0.0000000000,0.0000000000,0.0000000000,0.0000000000,0.0000000000,0,0.0394919000,0,0
B2,stage1_detector,345,5.0000000000,2.0000000000,-1.0000000000,-1.0000000000,-1.0000000000,5.0000000000,30.0000000000,-1.0000000000,1.0000000000,5.0000000000,3.0000000000,0.0000000000,0.0000000000,0.0000000000,0.0000000000,0.0000000000,0.0000000000,0,0.0387435000,0,0
B2,stage1_detector,346,5.0000000000,2.0000000000,-1.0000000000,-1.0000000000,-1.0000000000,5.0000000000,45.0000000000,-1.0000000000,1.0000000000,5.0000000000,3.0000000000,0.0000492854,0.0002148299,0.0000000000,0.0009857072,0.0500000000,0.0000246548,0,0.0398327000,0,0
B2,stage1_detector,347,5.0000000000,2.0000000000,-1.0000000000,-1.0000000000,-1.0000000000,5.0000000000,60.0000000000,-1.0000000000,1.0000000000,5.0000000000,3.0000000000,0.0002966889,0.0007721277,0.0000000000,0.0030698388,0.1500000000,0.0001485157,0,0.0405799000,0,0
B2,stage1_detector,348,5.0000000000,2.0000000000,-1.0000000000,-1.0000000000,-1.0000000000,5.0000000000,90.0000000000,-1.0000000000,1.0000000000,5.0000000000,3.0000000000,0.0028319500,0.0043909778,0.0000000000,0.0152409983,0.2907200574,0.0014285547,0,0.0390481000,0,0
B2,stage1_detector,349,5.0000000000,2.0000000000,-1.0000000000,-1.0000000000,-1.0000000000,5.0000000000,120.0000000000,-1.0000000000,1.0000000000,5.0000000000,3.0000000000,0.0073664755,0.0112390691,0.0000000000,0.0411263431,0.2205711052,0.0038289281,0,0.0419091000,0,0
B2,stage1_detector,350,5.0000000000,2.0000000000,-1.0000000000,-1.0000000000,-1.0000000000,5.0000000000,160.0000000000,-1.0000000000,1.0000000000,5.0000000000,3.0000000000,0.0165208146,0.0215849302,0.0000000000,0.0699455060,0.2244491235,0.0096999434,0,0.0393406000,0,0
B2,stage1_detector,351,5.0000000000,2.0000000000,-1.0000000000,-1.0000000000,-1.0000000000,5.0000000000,200.0000000000,-1.0000000000,1.0000000000,5.0000000000,3.0000000000,0.0196871688,0.0261743954,0.0000000000,0.0958214237,0.2101960189,0.0126980625,0,0.0390053000,0,0
B2,stage1_detector,352,7.0000000000,1.0000000000,-1.0000000000,-1.0000000000,-1.0000000000,1.0000000000,5.0000000000,-1.0000000000,1.0000000000,5.0000000000,3.0000000000,0.0298855460,0.0380023419,0.0000000000,0.1432265765,0.2594151332,0.0210064778,0,0.0438045000,0,0
B2,stage1_detector,353,7.0000000000,1.0000000000,-1.0000000000,-1.0000000000,-1.0000000000,1.0000000000,10.0000000000,-1.0000000000,1.0000000000,5.0000000000,3.0000000000,0.0602115870,0.0886738488,0.0000000000,0.3026695527,0.2227723928,0.0674838329,0,0.0439769000,0,0
B2,stage1_detector,354,7.0000000000,1.0000000000,-1.0000000000,-1.0000000000,-1.0000000000,1.0000000000,20.0000000000,-1.0000000000,1.0000000000,5.0000000000,3.0000000000,0.0976904086,0.1483856420,0.0009505642,0.4563977180,0.1558689488,0.2150108057,0,0.0519560000,0,0
B2,stage1_detector,355,7.0000000000,1.0000000000,-1.0000000000,-1.0000000000,-1.0000000000,1.0000000000,30.0000000000,-1.0000000000,1.0000000000,5.0000000000,3.0000000000,0.1005629416,0.1566690373,0.0025028197,0.4697289274,0.1041068195,0.3585914888,0,0.0525834000,0,0
B2,stage1_detector,356,7.0000000000,1.0000000000,-1.0000000000,-1.0000000000,-1.0000000000,1.0000000000,45.0000000000,-1.0000000000,1.0000000000,5.0000000000,3.0000000000,0.0893696151,0.1294078399,0.0055813953,0.4030760669,0.0640854404,0.6009214220,0,0.0516470000,0,0
B2,stage1_detector,357,7.0000000000,1.0000000000,-1.0000000000,-1.0000000000,-1.0000000000,1.0000000000,60.0000000000,-1.0000000000,1.0000000000,5.0000000000,3.0000000000,0.0719558948,0.0925762201,0.0098218652,0.3020492784,0.0431581045,0.7371444276,0,0.0543887000,0,0
B2,stage1_detector,358,7.0000000000,1.0000000000,-1.0000000000,-1.0000000000,-1.0000000000,1.0000000000,90.0000000000,-1.0000000000,1.0000000000,5.0000000000,3.0000000000,0.0563456323,0.0569944260,0.0108681485,0.1934066624,0.0303413128,0.8935326701,0,0.0582214000,0,0
B2,stage1_detector,359,7.0000000000,1.0000000000,-1.0000000000,-1.0000000000,-1.0000000000,1.0000000000,120.0000000000,-1.0000000000,1.0000000000,5.0000000000,3.0000000000,0.0526748748,0.0479476380,0.0108681485,0.1594241864,0.0277965613,0.9584553827,0,0.0570165000,0,0
B2,stage1_detector,360,7.0000000000,1.0000000000,-1.0000000000,-1.0000000000,-1.0000000000,1.0000000000,160.0000000000,-1.0000000000,1.0000000000,5.0000000000,3.0000000000,0.0518371875,0.0453717737,0.0108681485,0.1481603696,0.0271780720,0.9998173539,0,0.0564036000,0,0
B2,stage1_detector,361,7.0000000000,1.0000000000,-1.0000000000,-1.0000000000,-1.0000000000,1.0000000000,200.0000000000,-1.0000000000,1.0000000000,5.0000000000,3.0000000000,0.0518430726,0.0453829840,0.0108681485,0.1481429137,0.0271806724,1.0000000000,0,0.0566279000,0,0
B2,stage1_detector,362,7.0000000000,1.0000000000,-1.0000000000,-1.0000000000,-1.0000000000,3.0000000000,5.0000000000,-1.0000000000,1.0000000000,5.0000000000,3.0000000000,0.0002386584,0.0006115818,0.0000000000,0.0022376371,0.1500000000,0.0001194371,0,0.0390512000,0,0
B2,stage1_detector,363,7.0000000000,1.0000000000,-1.0000000000,-1.0000000000,-1.0000000000,3.0000000000,10.0000000000,-1.0000000000,1.0000000000,5.0000000000,3.0000000000,0.0067852253,0.0091451636,0.0000000000,0.0326255098,0.2868281467,0.0034745387,0,0.0402792000,0,0
B2,stage1_detector,364,7.0000000000,1.0000000000,-1.0000000000,-1.0000000000,-1.0000000000,3.0000000000,20.0000000000,-1.0000000000,1.0000000000,5.0000000000,3.0000000000,0.0319587705,0.0410988110,0.0000000000,0.1554677207,0.2539269181,0.0231817256,0,0.0401715000,0,0
B2,stage1_detector,365,7.0000000000,1.0000000000,-1.0000000000,-1.0000000000,-1.0000000000,3.0000000000,30.0000000000,-1.0000000000,1.0000000000,5.0000000000,3.0000000000,0.0519843240,0.0737402781,0.0000000000,0.2650899236,0.2449854857,0.0523109127,0,0.0439192000,0,0
B2,stage1_detector,366,7.0000000000,1.0000000000,-1.0000000000,-1.0000000000,-1.0000000000,3.0000000000,45.0000000000,-1.0000000000,1.0000000000,5.0000000000,3.0000000000,0.0673226061,0.1011124161,0.0002463184,0.3369175627,0.2142100236,0.0851627208,0,0.0454851000,0,0
B2,stage1_detector,367,7.0000000000,1.0000000000,-1.0000000000,-1.0000000000,-1.0000000000,3.0000000000,60.0000000000,-1.0000000000,1.0000000000,5.0000000000,3.0000000000,0.0846207461,0.1279039027,0.0006829845,0.4024633822,0.1866722537,0.1401128791,0,0.0461011000,0,0
B2,stage1_detector,368,7.0000000000,1.0000000000,-1.0000000000,-1.0000000000,-1.0000000000,3.0000000000,90.0000000000,-1.0000000000,1.0000000000,5.0000000000,3.0000000000,0.1014838529,0.1551178637,0.0012143504,0.4741670690,0.1427737281,0.2605834852,0,0.0528453000,0,0
B2,stage1_detector,369,7.0000000000,1.0000000000,-1.0000000000,-1.0000000000,-1.0000000000,3.0000000000,120.0000000000,-1.0000000000,1.0000000000,5.0000000000,3.0000000000,0.1033181816,0.1573576934,0.0020700417,0.4677132472,0.1046450418,0.3951232751,0,0.0512522000,0,0
B2,stage1_detector,370,7.0000000000,1.0000000000,-1.0000000000,-1.0000000000,-1.0000000000,3.0000000000,160.0000000000,-1.0000000000,1.0000000000,5.0000000000,3.0000000000,0.0889638534,0.1307116077,0.0037985482,0.4003645662,0.0642788283,0.5849555945,0,0.0530484000,0,0
B2,stage1_detector,371,7.0000000000,1.0000000000,-1.0000000000,-1.0000000000,-1.0000000000,3.0000000000,200.0000000000,-1.0000000000,1.0000000000,5.0000000000,3.0000000000,0.0792418275,0.1090608700,0.0086398545,0.3473764380,0.0509669234,0.6757216733,0,0.0496098000,0,0
B2,stage1_detector,372,7.0000000000,1.0000000000,-1.0000000000,-1.0000000000,-1.0000000000,5.0000000000,5.0000000000,-1.0000000000,1.0000000000,5.0000000000,3.0000000000,0.0000000000,0.0000000000,0.0000000000,0.0000000000,0.0000000000,0.0000000000,0,0.0400787000,0,0
B2,stage1_detector,373,7.0000000000,1.0000000000,-1.0000000000,-1.0000000000,-1.0000000000,5.0000000000,10.0000000000,-1.0000000000,1.0000000000,5.0000000000,3.0000000000,0.0000000000,0.0000000000,0.0000000000,0.0000000000,0.0000000000,0.0000000000,0,0.0378877000,0,0
B2,stage1_detector,374,7.0000000000,1.0000000000,-1.0000000000,-1.0000000000,-1.0000000000,5.0000000000,20.0000000000,-1.0000000000,1.0000000000,5.0000000000,3.0000000000,0.0000000000,0.0000000000,0.0000000000,0.0000000000,0.0000000000,0.0000000000,0,0.0379461000,0,0
B2,stage1_detector,375,7.0000000000,1.0000000000,-1.0000000000,-1.0000000000,-1.0000000000,5.0000000000,30.0000000000,-1.0000000000,1.0000000000,5.0000000000,3.0000000000,0.0000000000,0.0000000000,0.0000000000,0.0000000000,0.0000000000,0.0000000000,0,0.0383199000,0,0
B2,stage1_detector,376,7.0000000000,1.0000000000,-1.0000000000,-1.0000000000,-1.0000000000,5.0000000000,45.0000000000,-1.0000000000,1.0000000000,5.0000000000,3.0000000000,0.0000000000,0.0000000000,0.0000000000,0.0000000000,0.0000000000,0.0000000000,0,0.0361730000,0,0
B2,stage1_detector,377,7.0000000000,1.0000000000,-1.0000000000,-1.0000000000,-1.0000000000,5.0000000000,60.0000000000,-1.0000000000,1.0000000000,5.0000000000,3.0000000000,0.0000246488,0.0001074414,0.0000000000,0.0004929751,0.0500000000,0.0000123274,0,0.0391226000,0,0
B2,stage1_detector,378,7.0000000000,1.0000000000,-1.0000000000,-1.0000000000,-1.0000000000,5.0000000000,90.0000000000,-1.0000000000,1.0000000000,5.0000000000,3.0000000000,0.0006806424,0.0014583813,0.0000000000,0.0058442021,0.2214285714,0.0003409972,0,0.0402644000,0,0
B2,stage1_detector,379,7.0000000000,1.0000000000,-1.0000000000,-1.0000000000,-1.0000000000,5.0000000000,120.0000000000,-1.0000000000,1.0000000000,5.0000000000,3.0000000000,0.0047113463,0.0070825508,0.0000000000,0.0248482282,0.3150476896,0.0023922950,0,0.0415837000,0,0
B2,stage1_detector,380,7.0000000000,1.0000000000,-1.0000000000,-1.0000000000,-1.0000000000,5.0000000000,160.0000000000,-1.0000000000,1.0000000000,5.0000000000,3.0000000000,0.0133364208,0.0173516934,0.0000000000,0.0522102332,0.2553801037,0.0072035317,0,0.0382994000,0,0
B2,stage1_detector,381,7.0000000000,1.0000000000,-1.0000000000,-1.0000000000,-1.0000000000,5.0000000000,200.0000000000,-1.0000000000,1.0000000000,5.0000000000,3.0000000000,0.0179595512,0.0233970976,0.0000000000,0.0745939994,0.2336106797,0.0103974201,0,0.0437055000,0,0
B2,stage1_detector,382,7.0000000000,1.5000000000,-1.0000000000,-1.0000000000,-1.0000000000,1.0000000000,5.0000000000,-1.0000000000,1.0000000000,5.0000000000,3.0000000000,0.0379713798,0.0515739937,0.0000000000,0.1966791093,0.2788333024,0.0347031392,0,0.0435228000,0,0
B2,stage1_detector,383,7.0000000000,1.5000000000,-1.0000000000,-1.0000000000,-1.0000000000,1.0000000000,10.0000000000,-1.0000000000,1.0000000000,5.0000000000,3.0000000000,0.0710321834,0.1081083639,0.0003786854,0.3467008627,0.2062483704,0.1164495814,0,0.0471342000,0,0
B2,stage1_detector,384,7.0000000000,1.5000000000,-1.0000000000,-1.0000000000,-1.0000000000,1.0000000000,20.0000000000,-1.0000000000,1.0000000000,5.0000000000,3.0000000000,0.1012244323,0.1540305088,0.0022906632,0.4485418173,0.1143066062,0.3739414733,0,0.0541659000,0,0
B2,stage1_detector,385,7.0000000000,1.5000000000,-1.0000000000,-1.0000000000,-1.0000000000,1.0000000000,30.0000000000,-1.0000000000,1.0000000000,5.0000000000,3.0000000000,0.0833263266,0.1236059501,0.0020388899,0.3903205531,0.0604744999,0.5524365210,0,0.0519280000,0,0
B2,stage1_detector,386,7.0000000000,1.5000000000,-1.0000000000,-1.0000000000,-1.0000000000,1.0000000000,45.0000000000,-1.0000000000,1.0000000000,5.0000000000,3.0000000000,0.0676215138,0.0862308392,0.0108383423,0.2810036263,0.0397255637,0.7572521020,0,0.0514953000,0,0
B2,stage1_detector,387,7.0000000000,1.5000000000,-1.0000000000,-1.0000000000,-1.0000000000,1.0000000000,60.0000000000,-1.0000000000,1.0000000000,5.0000000000,3.0000000000,0.0554432447,0.0589446269,0.0108681485,0.1991913793,0.0301174630,0.8467595956,0,0.0559639000,0,0
B2,stage1_detector,388,7.0000000000,1.5000000000,-1.0000000000,-1.0000000000,-1.0000000000,1.0000000000,90.0000000000,-1.0000000000,1.0000000000,5.0000000000,3.0000000000,0.0519525041,0.0461168181,0.0108681485,0.1516645732,0.0273227793,0.9748016782,0,0.0587913000,0,0
B2,stage1_detector,389,7.0000000000,1.5000000000,-1.0000000000,-1.0000000000,-1.0000000000,1.0000000000,120.0000000000,-1.0000000000,1.0000000000,5.0000000000,3.0000000000,0.0516967046,0.0451926956,0.0108681485,0.1479342578,0.0271094544,0.9960079335,0,0.0575487000,0,0
B2,stage1_detector,390,7.0000000000,1.5000000000,-1.0000000000,-1.0000000000,-1.0000000000,1.0000000000,160.0000000000,-1.0000000000,1.0000000000,5.0000000000,3.0000000000,0.0518428213,0.0453826255,0.0108681485,0.1481429137,0.0271805308,1.0000000000,0,0.0585308000,0,0
B2,stage1_detector,391,7.0000000000,1.5000000000,-1.0000000000,-1.0000000000,-1.0000000000,1.0000000000,200.0000000000,-1.0000000000,1.0000000000,5.0000000000,3.0000000000,0.0518428213,0.0453826255,0.0108681485,0.1481429137,0.0271805308,1.0000000000,0,0.0588908000,0,0
B2,stage1_detector,392,7.0000000000,1.5000000000,-1.0000000000,-1.0000000000,-1.0000000000,3.0000000000,5.0000000000,-1.0000000000,1.0000000000,5.0000000000,3.0000000000,0.0008354858,0.0020568833,0.0000000000,0.0091813313,0.1940476190,0.0004190831,0,0.0432126000,0,0
B2,stage1_detector,393,7.0000000000,1.5000000000,-1.0000000000,-1.0000000000,-1.0000000000,3.0000000000,10.0000000000,-1.0000000000,1.0000000000,5.0000000000,3.0000000000,0.0152979852,0.0204090217,0.0000000000,0.0613854595,0.2398286777,0.0086363703,0,0.0425541000,0,0
B2,stage1_detector,394,7.0000000000,1.5000000000,-1.0000000000,-1.0000000000,-1.0000000000,3.0000000000,20.0000000000,-1.0000000000,1.0000000000,5.0000000000,3.0000000000,0.0383845168,0.0525566818,0.0000885073,0.1978389503,0.2813133525,0.0368567570,0,0.0431404000,0,0
B2,stage1_detector,395,7.0000000000,1.5000000000,-1.0000000000,-1.0000000000,-1.0000000000,3.0000000000,30.0000000000,-1.0000000000,1.0000000000,5.0000000000,3.0000000000,0.0592473918,0.0892386069,0.0003458781,0.3020933590,0.2250743323,0.0833381827,0,0.0471105000,0,0
B2,stage1_detector,396,7.0000000000,1.5000000000,-1.0000000000,-1.0000000000,-1.0000000000,3.0000000000,45.0000000000,-1.0000000000,1.0000000000,5.0000000000,3.0000000000,0.0785785036,0.1195887207,0.0005247848,0.3746812489,0.1992118856,0.1422107522,0,0.0487997000,0,0
B2,stage1_detector,397,7.0000000000,1.5000000000,-1.0000000000,-1.0000000000,-1.0000000000,3.0000000000,60.0000000000,-1.0000000000,1.0000000000,5.0000000000,3.0000000000,0.0943308594,0.1442489725,0.0010920492,0.4344005656,0.1562914855,0.2275743192,0,0.0528905000,0,0
B2,stage1_detector,398,7.0000000000,1.5000000000,-1.0000000000,-1.0000000000,-1.0000000000,3.0000000000,90.0000000000,-1.0000000000,1.0000000000,5.0000000000,3.0000000000,0.0993206217,0.1508567463,0.0029197231,0.4484879929,0.0984770351,0.4324079428,0,0.0545846000,0,0
B2,stage1_detector,399,7.0000000000,1.5000000000,-1.0000000000,-1.0000000000,-1.0000000000,3.0000000000,120.0000000000,-1.0000000000,1.0000000000,5.0000000000,3.0000000000,0.0842271106,0.1249966734,0.0029184862,0.3938601175,0.0616611775,0.5574509208,0,0.0581646000,0,0
B2,stage1_detector,400,7.0000000000,1.5000000000,-1.0000000000,-1.0000000000,-1.0000000000,3.0000000000,160.0000000000,-1.0000000000,1.0000000000,5.0000000000,3.0000000000,0.0680498025,0.0876071283,0.0108683664,0.2928065158,0.0403069146,0.7482204199,0,0.0558208000,0,0
B2,stage1_detector,401,7.0000000000,1.5000000000,-1.0000000000,-1.0000000000,-1.0000000000,3.0000000000,200.0000000000,-1.0000000000,1.0000000000,5.0000000000,3.0000000000,0.0588375400,0.0675511490,0.0108681485,0.2268930150,0.0327505392,0.8020244304,0,0.0479365000,0,0
B2,stage1_detector,402,7.0000000000,1.5000000000,-1.0000000000,-1.0000000000,-1.0000000000,5.0000000000,5.0000000000,-1.0000000000,1.0000000000,5.0000000000,3.0000000000,0.0000000000,0.0000000000,0.0000000000,0.0000000000,0.0000000000,0.0000000000,0,0.0285444000,0,0
B2,stage1_detector,403,7.0000000000,1.5000000000,-1.0000000000,-1.0000000000,-1.0000000000,5.0000000000,10.0000000000,-1.0000000000,1.0000000000,5.0000000000,3.0000000000,0.0000000000,0.0000000000,0.0000000000,0.0000000000,0.0000000000,0.0000000000,0,0.0283479000,0,0
B2,stage1_detector,404,7.0000000000,1.5000000000,-1.0000000000,-1.0000000000,-1.0000000000,5.0000000000,20.0000000000,-1.0000000000,1.0000000000,5.0000000000,3.0000000000,0.0000000000,0.0000000000,0.0000000000,0.0000000000,0.0000000000,0.0000000000,0,0.0282112000,0,0
B2,stage1_detector,405,7.0000000000,1.5000000000,-1.0000000000,-1.0000000000,-1.0000000000,5.0000000000,30.0000000000,-1.0000000000,1.0000000000,5.0000000000,3.0000000000,0.0000246488,0.0001074414,0.0000000000,0.0004929751,0.0500000000,0.0000123274,0,0.0286232000,0,0
B2,stage1_detector,406,7.0000000000,1.5000000000,-1.0000000000,-1.0000000000,-1.0000000000,5.0000000000,45.0000000000,-1.0000000000,1.0000000000,5.0000000000,3.0000000000,0.0000246488,0.0001074414,0.0000000000,0.0004929751,0.0500000000,0.0000123274,0,0.0315998000,0,0
B2,stage1_detector,407,7.0000000000,1.5000000000,-1.0000000000,-1.0000000000,-1.0000000000,5.0000000000,60.0000000000,-1.0000000000,1.0000000000,5.0000000000,3.0000000000,0.0002945379,0.0007861749,0.0000000000,0.0030698388,0.1500000000,0.0001474454,0,0.0303644000,0,0
B2,stage1_detector,408,7.0000000000,1.5000000000,-1.0000000000,-1.0000000000,-1.0000000000,5.0000000000,90.0000000000,-1.0000000000,1.0000000000,5.0000000000,3.0000000000,0.0025403525,0.0047190184,0.0000000000,0.0189681335,0.2352300104,0.0012812049,0,0.0296096000,0,0
B2,stage1_detector,409,7.0000000000,1.5000000000,-1.0000000000,-1.0000000000,-1.0000000000,5.0000000000,120.0000000000,-1.0000000000,1.0000000000,5.0000000000,3.0000000000,0.0079869674,0.0119669023,0.0000000000,0.0386861314,0.2554480783,0.0042011991,0,0.0308444000,0,0
B2,stage1_detector,410,7.0000000000,1.5000000000,-1.0000000000,-1.0000000000,-1.0000000000,5.0000000000,160.0000000000,-1.0000000000,1.0000000000,5.0000000000,3.0000000000,0.0169678247,0.0222425317,0.0000000000,0.0740638767,0.2123303805,0.0103138679,0,0.0292151000,0,0
B2,stage1_detector,411,7.0000000000,1.5000000000,-1.0000000000,-1.0000000000,-1.0000000000,5.0000000000,200.0000000000,-1.0000000000,1.0000000000,5.0000000000,3.0000000000,0.0203709551,0.0265980004,0.0000000000,0.0953029272,0.2156747215,0.0139148565,0,0.0294817000,0,0
B2,stage1_detector,412,7.0000000000,2.0000000000,-1.0000000000,-1.0000000000,-1.0000000000,1.0000000000,5.0000000000,-1.0000000000,1.0000000000,5.0000000000,3.0000000000,0.0384311193,0.0556065553,0.0001938971,0.2051610425,0.2560983379,0.0437485916,0,0.0323550000,0,0
B2,stage1_detector,413,7.0000000000,2.0000000000,-1.0000000000,-1.0000000000,-1.0000000000,1.0000000000,10.0000000000,-1.0000000000,1.0000000000,5.0000000000,3.0000000000,0.0783142152,0.1184163742,0.0006214155,0.3584366063,0.1921107541,0.1598346631,0,0.0381251000,0,0
B2,stage1_detector,414,7.0000000000,2.0000000000,-1.0000000000,-1.0000000000,-1.0000000000,1.0000000000,20.0000000000,-1.0000000000,1.0000000000,5.0000000000,3.0000000000,0.0908122353,0.1362098349,0.0045877653,0.4219143154,0.0787869137,0.4960250093,0,0.0424013000,0,0
B2,stage1_detector,415,7.0000000000,2.0000000000,-1.0000000000,-1.0000000000,-1.0000000000,1.0000000000,30.0000000000,-1.0000000000,1.0000000000,5.0000000000,3.0000000000,0.0689098173,0.0961812745,0.0024791906,0.3086746850,0.0432208395,0.6426600549,0,0.0435651000,0,0
B2,stage1_detector,416,7.0000000000,2.0000000000,-1.0000000000,-1.0000000000,-1.0000000000,1.0000000000,45.0000000000,-1.0000000000,1.0000000000,5.0000000000,3.0000000000,0.0551841330,0.0612528574,0.0108681485,0.2073155821,0.0302299774,0.8143632796,0,0.0453650000,0,0
B2,stage1_detector,417,7.0000000000,2.0000000000,-1.0000000000,-1.0000000000,-1.0000000000,1.0000000000,60.0000000000,-1.0000000000,1.0000000000,5.0000000000,3.0000000000,0.0515150358,0.0496914565,0.0108681485,0.1660459798,0.0273895830,0.8971645369,0,0.0475705000,0,0
B2,stage1_detector,418,7.0000000000,2.0000000000,-1.0000000000,-1.0000000000,-1.0000000000,1.0000000000,90.0000000000,-1.0000000000,1.0000000000,5.0000000000,3.0000000000,0.0516717907,0.0451800563,0.0108681485,0.1476898399,0.0270994402,0.9944936880,0,0.0471993000,0,0
B2,stage1_detector,419,7.0000000000,2.0000000000,-1.0000000000,-1.0000000000,-1.0000000000,1.0000000000,120.0000000000,-1.0000000000,1.0000000000,5.0000000000,3.0000000000,0.0518320092,0.0453622210,0.0108681485,0.1480811365,0.0271748050,0.9999070478,0,0.0502246000,0,0
B2,stage1_detector,420,7.0000000000,2.0000000000,-1.0000000000,-1.0000000000,-1.0000000000,1.0000000000,160.0000000000,-1.0000000000,1.0000000000,5.0000000000,3.0000000000,0.0518428213,0.0453826255,0.0108681485,0.1481429137,0.0271805308,1.0000000000,0,0.0467301000,0,0
B2,stage1_detector,421,7.0000000000,2.0000000000,-1.0000000000,-1.0000000000,-1.0000000000,1.0000000000,200.0000000000,-1.0000000000,1.0000000000,5.0000000000,3.0000000000,0.0518428213,0.0453826255,0.0108681485,0.1481429137,0.0271805308,1.0000000000,0,0.0477516000,0,0
B2,stage1_detector,422,7.0000000000,2.0000000000,-1.0000000000,-1.0000000000,-1.0000000000,3.0000000000,5.0000000000,-1.0000000000,1.0000000000,5.0000000000,3.0000000000,0.0013378723,0.0026165575,0.0000000000,0.0095419847,0.1688182462,0.0006726091,0,0.0294453000,0,0
B2,stage1_detector,423,7.0000000000,2.0000000000,-1.0000000000,-1.0000000000,-1.0000000000,3.0000000000,10.0000000000,-1.0000000000,1.0000000000,5.0000000000,3.0000000000,0.0151719835,0.0200806597,0.0000000000,0.0682132008,0.2190771234,0.0093407655,0,0.0305955000,0,0
B2,stage1_detector,424,7.0000000000,2.0000000000,-1.0000000000,-1.0000000000,-1.0000000000,3.0000000000,20.0000000000,-1.0000000000,1.0000000000,5.0000000000,3.0000000000,0.0386509515,0.0572345890,0.0001695706,0.2102439647,0.2465087004,0.0467734209,0,0.0310090000,0,0
B2,stage1_detector,425,7.0000000000,2.0000000000,-1.0000000000,-1.0000000000,-1.0000000000,3.0000000000,30.0000000000,-1.0000000000,1.0000000000,5.0000000000,3.0000000000,0.0626794501,0.0941004137,0.0005366293,0.3041172615,0.2160275127,0.1089221421,0,0.0368939000,0,0
B2,stage1_detector,426,7.0000000000,2.0000000000,-1.0000000000,-1.0000000000,-1.0000000000,3.0000000000,45.0000000000,-1.0000000000,1.0000000000,5.0000000000,3.0000000000,0.0832724259,0.1274065473,0.0009094399,0.3811902693,0.1728403521,0.1937095723,0,0.0420579000,0,0
B2,stage1_detector,427,7.0000000000,2.0000000000,-1.0000000000,-1.0000000000,-1.0000000000,3.0000000000,60.0000000000,-1.0000000000,1.0000000000,5.0000000000,3.0000000000,0.0925062034,0.1421078900,0.0020649172,0.4148682096,0.1191854320,0.3162642660,0,0.0405642000,0,0
B2,stage1_detector,428,7.0000000000,2.0000000000,-1.0000000000,-1.0000000000,-1.0000000000,3.0000000000,90.0000000000,-1.0000000000,1.0000000000,5.0000000000,3.0000000000,0.0850451085,0.1260677730,0.0060923205,0.3969257248,0.0663736657,0.5457056983,0,0.0423009000,0,0
B2,stage1_detector,429,7.0000000000,2.0000000000,-1.0000000000,-1.0000000000,-1.0000000000,3.0000000000,120.0000000000,-1.0000000000,1.0000000000,5.0000000000,3.0000000000,0.0683396625,0.0954818271,0.0024561995,0.3100115964,0.0430724057,0.6392795541,0,0.0432865000,0,0
B2,stage1_detector,430,7.0000000000,2.0000000000,-1.0000000000,-1.0000000000,-1.0000000000,3.0000000000,160.0000000000,-1.0000000000,1.0000000000,5.0000000000,3.0000000000,0.0556158718,0.0629129143,0.0108681485,0.2116830312,0.0305995710,0.7999058502,0,0.0446106000,0,0
B2,stage1_detector,431,7.0000000000,2.0000000000,-1.0000000000,-1.0000000000,-1.0000000000,3.0000000000,200.0000000000,-1.0000000000,1.0000000000,5.0000000000,3.0000000000,0.0525401564,0.0540086504,0.0108681485,0.1822594382,0.0282414523,0.8550196415,0,0.0450159000,0,0
B2,stage1_detector,432,7.0000000000,2.0000000000,-1.0000000000,-1.0000000000,-1.0000000000,5.0000000000,5.0000000000,-1.0000000000,1.0000000000,5.0000000000,3.0000000000,0.0000000000,0.0000000000,0.0000000000,0.0000000000,0.0000000000,0.0000000000,0,0.0297999000,0,0
B2,stage1_detector,433,7.0000000000,2.0000000000,-1.0000000000,-1.0000000000,-1.0000000000,5.0000000000,10.0000000000,-1.0000000000,1.0000000000,5.0000000000,3.0000000000,0.0000000000,0.0000000000,0.0000000000,0.0000000000,0.0000000000,0.0000000000,0,0.0309766000,0,0
B2,stage1_detector,434,7.0000000000,2.0000000000,-1.0000000000,-1.0000000000,-1.0000000000,5.0000000000,20.0000000000,-1.0000000000,1.0000000000,5.0000000000,3.0000000000,0.0000000000,0.0000000000,0.0000000000,0.0000000000,0.0000000000,0.0000000000,0,0.0294499000,0,0
B2,stage1_detector,435,7.0000000000,2.0000000000,-1.0000000000,-1.0000000000,-1.0000000000,5.0000000000,30.0000000000,-1.0000000000,1.0000000000,5.0000000000,3.0000000000,0.0000000000,0.0000000000,0.0000000000,0.0000000000,0.0000000000,0.0000000000,0,0.0299643000,0,0
B2,stage1_detector,436,7.0000000000,2.0000000000,-1.0000000000,-1.0000000000,-1.0000000000,5.0000000000,45.0000000000,-1.0000000000,1.0000000000,5.0000000000,3.0000000000,0.0000164339,0.0000716335,0.0000000000,0.0003286771,0.0500000000,0.0000082183,0,0.0307570000,0,0
B2,stage1_detector,437,7.0000000000,2.0000000000,-1.0000000000,-1.0000000000,-1.0000000000,5.0000000000,60.0000000000,-1.0000000000,1.0000000000,5.0000000000,3.0000000000,0.0008985273,0.0023724442,0.0000000000,0.0107033639,0.2429166667,0.0004510494,0,0.0303467000,0,0
B2,stage1_detector,438,7.0000000000,2.0000000000,-1.0000000000,-1.0000000000,-1.0000000000,5.0000000000,90.0000000000,-1.0000000000,1.0000000000,5.0000000000,3.0000000000,0.0044050747,0.0080879723,0.0000000000,0.0307231173,0.2161039199,0.0022565607,0,0.0319939000,0,0
B2,stage1_detector,439,7.0000000000,2.0000000000,-1.0000000000,-1.0000000000,-1.0000000000,5.0000000000,120.0000000000,-1.0000000000,1.0000000000,5.0000000000,3.0000000000,0.0094246478,0.0138486813,0.0000000000,0.0457697642,0.1807044413,0.0051939218,0,0.0316434000,0,0
B2,stage1_detector,440,7.0000000000,2.0000000000,-1.0000000000,-1.0000000000,-1.0000000000,5.0000000000,160.0000000000,-1.0000000000,1.0000000000,5.0000000000,3.0000000000,0.0174019857,0.0224714598,0.0000000000,0.0786925771,0.2126123516,0.0120848346,0,0.0344887000,0,0
B2,stage1_detector,441,7.0000000000,2.0000000000,-1.0000000000,-1.0000000000,-1.0000000000,5.0000000000,200.0000000000,-1.0000000000,1.0000000000,5.0000000000,3.0000000000,0.0208695201,0.0274696597,0.0000000000,0.1054555300,0.2575037362,0.0165914812,0,0.0342752000,0,0
B2,stage2_postprocess,442,3.0000000000,1.0000000000,-1.0000000000,-1.0000000000,-1.0000000000,3.0000000000,120.0000000000,-1.0000000000,0.0000000000,1.0000000000,1.0000000000,0.0149257119,0.0143453995,0.0011519835,0.0605181688,0.0326867941,0.4159905126,0,0.0467993000,0,0
B2,stage2_postprocess,443,3.0000000000,1.0000000000,-1.0000000000,-1.0000000000,-1.0000000000,3.0000000000,120.0000000000,-1.0000000000,0.0000000000,1.0000000000,3.0000000000,0.0649105694,0.0857543802,0.0018779448,0.2781400137,0.0384715512,0.6215608831,0,0.0458835000,0,0
B2,stage2_postprocess,444,3.0000000000,1.0000000000,-1.0000000000,-1.0000000000,-1.0000000000,3.0000000000,120.0000000000,-1.0000000000,0.0000000000,1.0000000000,5.0000000000,0.0640182581,0.0804315653,0.0068740955,0.2569797038,0.0373114332,0.6547785533,0,0.0442699000,0,0
B2,stage2_postprocess,445,3.0000000000,1.0000000000,-1.0000000000,-1.0000000000,-1.0000000000,3.0000000000,120.0000000000,-1.0000000000,0.0000000000,3.0000000000,1.0000000000,0.0137327789,0.0149194498,0.0005514199,0.0604196667,0.0430455308,0.4144271350,0,0.0452960000,0,0
B2,stage2_postprocess,446,3.0000000000,1.0000000000,-1.0000000000,-1.0000000000,-1.0000000000,3.0000000000,120.0000000000,-1.0000000000,0.0000000000,3.0000000000,3.0000000000,0.0670293043,0.0894672894,0.0018334162,0.2902224366,0.0401700939,0.6188344685,0,0.0439488000,0,0
B2,stage2_postprocess,447,3.0000000000,1.0000000000,-1.0000000000,-1.0000000000,-1.0000000000,3.0000000000,120.0000000000,-1.0000000000,0.0000000000,3.0000000000,5.0000000000,0.0658444885,0.0836120565,0.0068439689,0.2670283887,0.0387290549,0.6520521387,0,0.0455702000,0,0
B2,stage2_postprocess,448,3.0000000000,1.0000000000,-1.0000000000,-1.0000000000,-1.0000000000,3.0000000000,120.0000000000,-1.0000000000,0.0000000000,5.0000000000,1.0000000000,0.0133816348,0.0151051426,0.0000000000,0.0602800037,0.0092946098,0.4140189942,0,0.0437390000,0,0
B2,stage2_postprocess,449,3.0000000000,1.0000000000,-1.0000000000,-1.0000000000,-1.0000000000,3.0000000000,120.0000000000,-1.0000000000,0.0000000000,5.0000000000,3.0000000000,0.0688610393,0.0927083171,0.0017219498,0.2999733622,0.0416539901,0.6171198664,0,0.0439284000,0,0
B2,stage2_postprocess,450,3.0000000000,1.0000000000,-1.0000000000,-1.0000000000,-1.0000000000,3.0000000000,120.0000000000,-1.0000000000,0.0000000000,5.0000000000,5.0000000000,0.0677512497,0.0869727079,0.0068441812,0.2768452983,0.0402193714,0.6501158027,0,0.0461227000,0,0
B2,stage2_postprocess,451,3.0000000000,1.0000000000,-1.0000000000,-1.0000000000,-1.0000000000,3.0000000000,120.0000000000,-1.0000000000,0.0000000000,10.0000000000,1.0000000000,0.0130486322,0.0153374426,0.0000000000,0.0602800037,0.0088288319,0.4137587954,0,0.0458822000,0,0
B2,stage2_postprocess,452,3.0000000000,1.0000000000,-1.0000000000,-1.0000000000,-1.0000000000,3.0000000000,120.0000000000,-1.0000000000,0.0000000000,10.0000000000,3.0000000000,0.0722530847,0.0985386568,0.0017220172,0.3180933852,0.0444646900,0.6143366518,0,0.0476924000,0,0
B2,stage2_postprocess,453,3.0000000000,1.0000000000,-1.0000000000,-1.0000000000,-1.0000000000,3.0000000000,120.0000000000,-1.0000000000,0.0000000000,10.0000000000,5.0000000000,0.0710896206,0.0926990966,0.0067206038,0.2940237191,0.0428949065,0.6470634196,0,0.0454763000,0,0
B2,stage2_postprocess,454,3.0000000000,1.0000000000,-1.0000000000,-1.0000000000,-1.0000000000,3.0000000000,120.0000000000,-1.0000000000,1.0000000000,1.0000000000,1.0000000000,0.0069166160,0.0131886527,0.0002060213,0.0625301288,0.0318142530,0.1252697094,0,0.0416252000,0,0
B2,stage2_postprocess,455,3.0000000000,1.0000000000,-1.0000000000,-1.0000000000,-1.0000000000,3.0000000000,120.0000000000,-1.0000000000,1.0000000000,1.0000000000,3.0000000000,0.1004275944,0.1532454804,0.0017904592,0.4683506686,0.1126524500,0.3130248953,0,0.0422840000,0,0
B2,stage2_postprocess,456,3.0000000000,1.0000000000,-1.0000000000,-1.0000000000,-1.0000000000,3.0000000000,120.0000000000,-1.0000000000,1.0000000000,1.0000000000,5.0000000000,0.0992407887,0.1509087073,0.0017904592,0.4637425426,0.1088300228,0.3187800007,0,0.0424021000,0,0
B2,stage2_postprocess,457,3.0000000000,1.0000000000,-1.0000000000,-1.0000000000,-1.0000000000,3.0000000000,120.0000000000,-1.0000000000,1.0000000000,3.0000000000,1.0000000000,0.0063453591,0.0127789813,0.0000000000,0.0603720604,0.0361793597,0.1240710498,0,0.0418055000,0,0
B2,stage2_postprocess,458,3.0000000000,1.0000000000,-1.0000000000,-1.0000000000,-1.0000000000,3.0000000000,120.0000000000,-1.0000000000,1.0000000000,3.0000000000,3.0000000000,0.1024880128,0.1560276025,0.0017563168,0.4776677094,0.1185247632,0.3113427575,0,0.0412690000,0,0
B2,stage2_postprocess,459,3.0000000000,1.0000000000,-1.0000000000,-1.0000000000,-1.0000000000,3.0000000000,120.0000000000,-1.0000000000,1.0000000000,3.0000000000,5.0000000000,0.1011651319,0.1535559719,0.0017563168,0.4728538881,0.1141876744,0.3170978629,0,0.0437771000,0,0
B2,stage2_postprocess,460,3.0000000000,1.0000000000,-1.0000000000,-1.0000000000,-1.0000000000,3.0000000000,120.0000000000,-1.0000000000,1.0000000000,5.0000000000,1.0000000000,0.0061369991,0.0126352429,0.0000000000,0.0594748048,0.0421102113,0.1234370524,0,0.0418866000,0,0
B2,stage2_postprocess,461,3.0000000000,1.0000000000,-1.0000000000,-1.0000000000,-1.0000000000,3.0000000000,120.0000000000,-1.0000000000,1.0000000000,5.0000000000,3.0000000000,0.1042094769,0.1583409433,0.0017563468,0.4845274357,0.1234797718,0.3102592483,0,0.0415833000,0,0
B2,stage2_postprocess,462,3.0000000000,1.0000000000,-1.0000000000,-1.0000000000,-1.0000000000,3.0000000000,120.0000000000,-1.0000000000,1.0000000000,5.0000000000,5.0000000000,0.1030045320,0.1561110238,0.0017563468,0.4804865243,0.1193608117,0.3158772132,0,0.0423329000,0,0
B2,stage2_postprocess,463,3.0000000000,1.0000000000,-1.0000000000,-1.0000000000,-1.0000000000,3.0000000000,120.0000000000,-1.0000000000,1.0000000000,10.0000000000,1.0000000000,0.0057683598,0.0123441187,0.0000000000,0.0574762316,0.0444578783,0.1232074226,0,0.0422555000,0,0
B2,stage2_postprocess,464,3.0000000000,1.0000000000,-1.0000000000,-1.0000000000,-1.0000000000,3.0000000000,120.0000000000,-1.0000000000,1.0000000000,10.0000000000,3.0000000000,0.1076220162,0.1628799339,0.0017221617,0.4981701738,0.1345556924,0.3078755741,0,0.0424390000,1,1
B2,stage2_postprocess,465,3.0000000000,1.0000000000,-1.0000000000,-1.0000000000,-1.0000000000,3.0000000000,120.0000000000,-1.0000000000,1.0000000000,10.0000000000,5.0000000000,0.1064996321,0.1608135464,0.0017221617,0.4950477056,0.1302984187,0.3134935390,0,0.0424894000,0,0
B2,stage2_postprocess,466,3.0000000000,1.0000000000,-1.0000000000,-1.0000000000,-1.0000000000,3.0000000000,120.0000000000,-1.0000000000,2.0000000000,1.0000000000,1.0000000000,0.0066564121,0.0139681342,0.0001315547,0.0540315877,0.0998937169,0.0583036886,0,0.0421114000,0,0
B2,stage2_postprocess,467,3.0000000000,1.0000000000,-1.0000000000,-1.0000000000,-1.0000000000,3.0000000000,120.0000000000,-1.0000000000,2.0000000000,1.0000000000,3.0000000000,0.0806581651,0.1253513610,0.0010733406,0.3877448518,0.1873577299,0.1590642417,0,0.0414599000,0,0
B2,stage2_postprocess,468,3.0000000000,1.0000000000,-1.0000000000,-1.0000000000,-1.0000000000,3.0000000000,120.0000000000,-1.0000000000,2.0000000000,1.0000000000,5.0000000000,0.0816844020,0.1253756400,0.0010733406,0.3887371062,0.1849942500,0.1681610265,0,0.0420428000,0,0
B2,stage2_postprocess,469,3.0000000000,1.0000000000,-1.0000000000,-1.0000000000,-1.0000000000,3.0000000000,120.0000000000,-1.0000000000,2.0000000000,3.0000000000,1.0000000000,0.0063707241,0.0138559339,0.0000000000,0.0537276135,0.1154030501,0.0578885116,0,0.0448146000,0,0
B2,stage2_postprocess,470,3.0000000000,1.0000000000,-1.0000000000,-1.0000000000,-1.0000000000,3.0000000000,120.0000000000,-1.0000000000,2.0000000000,3.0000000000,3.0000000000,0.0807697672,0.1255525581,0.0010733898,0.3880713926,0.1922470143,0.1583196398,0,0.0415262000,0,0
B2,stage2_postprocess,471,3.0000000000,1.0000000000,-1.0000000000,-1.0000000000,-1.0000000000,3.0000000000,120.0000000000,-1.0000000000,2.0000000000,3.0000000000,5.0000000000,0.0817926119,0.1255713766,0.0010733898,0.3890659064,0.1895079059,0.1674164246,0,0.0432058000,0,0
B2,stage2_postprocess,472,3.0000000000,1.0000000000,-1.0000000000,-1.0000000000,-1.0000000000,3.0000000000,120.0000000000,-1.0000000000,2.0000000000,5.0000000000,1.0000000000,0.0062123121,0.0137307749,0.0000000000,0.0532203154,0.1050247061,0.0576773654,0,0.0415332000,0,0
B2,stage2_postprocess,473,3.0000000000,1.0000000000,-1.0000000000,-1.0000000000,-1.0000000000,3.0000000000,120.0000000000,-1.0000000000,2.0000000000,5.0000000000,3.0000000000,0.0807110742,0.1255260864,0.0010734600,0.3878169172,0.1965274962,0.1577453361,0,0.0403504000,0,0
B2,stage2_postprocess,474,3.0000000000,1.0000000000,-1.0000000000,-1.0000000000,-1.0000000000,3.0000000000,120.0000000000,-1.0000000000,2.0000000000,5.0000000000,5.0000000000,0.0818028905,0.1255403235,0.0010734600,0.3885400314,0.1951211201,0.1667740474,0,0.0446347000,0,0
B2,stage2_postprocess,475,3.0000000000,1.0000000000,-1.0000000000,-1.0000000000,-1.0000000000,3.0000000000,120.0000000000,-1.0000000000,2.0000000000,10.0000000000,1.0000000000,0.0058245325,0.0138473087,0.0000000000,0.0532462116,0.0876555648,0.0573554877,0,0.0493337000,0,0
B2,stage2_postprocess,476,3.0000000000,1.0000000000,-1.0000000000,-1.0000000000,-1.0000000000,3.0000000000,120.0000000000,-1.0000000000,2.0000000000,10.0000000000,3.0000000000,0.0803068157,0.1254514887,0.0010735443,0.3885102788,0.2052219766,0.1563340294,0,0.0479876000,0,0
B2,stage2_postprocess,477,3.0000000000,1.0000000000,-1.0000000000,-1.0000000000,-1.0000000000,3.0000000000,120.0000000000,-1.0000000000,2.0000000000,10.0000000000,5.0000000000,0.0814617236,0.1255531236,0.0010735443,0.3892360525,0.2044731376,0.1653627407,0,0.0447245000,0,0
B3,stage1_detector,478,-1.0000000000,-1.0000000000,3.0000000000,-1.0000000000,-1.0000000000,-1.0000000000,30.0000000000,1.0000000000,1.0000000000,5.0000000000,3.0000000000,0.0379386661,0.0285020922,0.0075013933,0.0915629917,0.0198419350,0.8275588389,0,0.1534034000,0,0
B3,stage1_detector,479,-1.0000000000,-1.0000000000,3.0000000000,-1.0000000000,-1.0000000000,-1.0000000000,50.0000000000,1.0000000000,1.0000000000,5.0000000000,3.0000000000,0.0249071337,0.0176511240,0.0037034875,0.0687273619,0.0130510582,0.6291432333,0,0.1498774000,0,0
B3,stage1_detector,480,-1.0000000000,-1.0000000000,3.0000000000,-1.0000000000,-1.0000000000,-1.0000000000,70.0000000000,1.0000000000,1.0000000000,5.0000000000,3.0000000000,0.0201356866,0.0127354958,0.0026210793,0.0516888720,0.0105703803,0.5610494714,0,0.1443524000,0,0
B3,stage1_detector,481,-1.0000000000,-1.0000000000,3.0000000000,-1.0000000000,-1.0000000000,-1.0000000000,90.0000000000,1.0000000000,1.0000000000,5.0000000000,3.0000000000,0.0160660442,0.0102915750,0.0018095513,0.0403541028,0.0084749298,0.4892092665,0,0.1515692000,0,0
B3,stage1_detector,482,-1.0000000000,-1.0000000000,3.0000000000,-1.0000000000,-1.0000000000,-1.0000000000,110.0000000000,1.0000000000,1.0000000000,5.0000000000,3.0000000000,0.0129240408,0.0085962508,0.0013684416,0.0344051748,0.0068937253,0.3788707375,0,0.1426761000,0,0
B3,stage1_detector,483,-1.0000000000,-1.0000000000,3.0000000000,-1.0000000000,-1.0000000000,-1.0000000000,130.0000000000,1.0000000000,1.0000000000,5.0000000000,3.0000000000,0.0111906146,0.0109956099,0.0010921428,0.0348921735,0.0064500166,0.1569290745,0,0.1392386000,0,0
B3,stage1_detector,484,-1.0000000000,-1.0000000000,3.0000000000,-1.0000000000,-1.0000000000,-1.0000000000,150.0000000000,1.0000000000,1.0000000000,5.0000000000,3.0000000000,0.0117312273,0.0137940292,0.0004113775,0.0471002884,0.0109806597,0.0409523660,0,0.1438381000,0,0
B3,stage1_detector,485,-1.0000000000,-1.0000000000,3.0000000000,-1.0000000000,-1.0000000000,-1.0000000000,170.0000000000,1.0000000000,1.0000000000,5.0000000000,3.0000000000,0.0145832340,0.0137649705,0.0000000000,0.0424467099,0.0404199526,0.0211832582,0,0.1253382000,0,0
B3,stage1_detector,486,-1.0000000000,-1.0000000000,3.0000000000,-1.0000000000,-1.0000000000,-1.0000000000,190.0000000000,1.0000000000,1.0000000000,5.0000000000,3.0000000000,0.0060790681,0.0078224038,0.0000000000,0.0250849518,0.0366608777,0.0088931533,0,0.1316733000,0,0
B3,stage1_detector,487,-1.0000000000,-1.0000000000,3.0000000000,-1.0000000000,-1.0000000000,-1.0000000000,210.0000000000,1.0000000000,1.0000000000,5.0000000000,3.0000000000,0.0029199124,0.0051040791,0.0000000000,0.0168892859,0.0237138662,0.0040138478,0,0.1407697000,0,0
B3,stage1_detector,488,-1.0000000000,-1.0000000000,5.0000000000,-1.0000000000,-1.0000000000,-1.0000000000,30.0000000000,1.0000000000,1.0000000000,5.0000000000,3.0000000000,0.0376383294,0.0280709792,0.0071061309,0.0916316627,0.0196779566,0.8255868836,0,0.1500877000,0,0
B3,stage1_detector,489,-1.0000000000,-1.0000000000,5.0000000000,-1.0000000000,-1.0000000000,-1.0000000000,50.0000000000,1.0000000000,1.0000000000,5.0000000000,3.0000000000,0.0235000878,0.0160798827,0.0028577732,0.0630531093,0.0122990666,0.6125434596,0,0.1397736000,0,0
B3,stage1_detector,490,-1.0000000000,-1.0000000000,5.0000000000,-1.0000000000,-1.0000000000,-1.0000000000,70.0000000000,1.0000000000,1.0000000000,5.0000000000,3.0000000000,0.0174962877,0.0113375844,0.0018041207,0.0431591072,0.0091736744,0.5271148776,0,0.1432138000,0,0
B3,stage1_detector,491,-1.0000000000,-1.0000000000,5.0000000000,-1.0000000000,-1.0000000000,-1.0000000000,90.0000000000,1.0000000000,1.0000000000,5.0000000000,3.0000000000,0.0142717003,0.0085672149,0.0013013039,0.0354954052,0.0075075665,0.4743056251,0,0.1414297000,0,0
B3,stage1_detector,492,-1.0000000000,-1.0000000000,5.0000000000,-1.0000000000,-1.0000000000,-1.0000000000,110.0000000000,1.0000000000,1.0000000000,5.0000000000,3.0000000000,0.0116360554,0.0068102525,0.0010240577,0.0287473004,0.0061876245,0.3782604035,0,0.1414257000,0,0
B3,stage1_detector,493,-1.0000000000,-1.0000000000,5.0000000000,-1.0000000000,-1.0000000000,-1.0000000000,130.0000000000,1.0000000000,1.0000000000,5.0000000000,3.0000000000,0.0099183240,0.0104739922,0.0007999619,0.0388827685,0.0059827323,0.1372794175,0,0.1349851000,0,0
B3,stage1_detector,494,-1.0000000000,-1.0000000000,5.0000000000,-1.0000000000,-1.0000000000,-1.0000000000,150.0000000000,1.0000000000,1.0000000000,5.0000000000,3.0000000000,0.0095420645,0.0109559972,0.0001064963,0.0396096995,0.0111796654,0.0273626085,0,0.1254713000,0,0
B3,stage1_detector,495,-1.0000000000,-1.0000000000,5.0000000000,-1.0000000000,-1.0000000000,-1.0000000000,170.0000000000,1.0000000000,1.0000000000,5.0000000000,3.0000000000,0.0102012148,0.0122288112,0.0000000000,0.0389863548,0.0622557735,0.0126934435,0,0.1250795000,0,0
B3,stage1_detector,496,-1.0000000000,-1.0000000000,5.0000000000,-1.0000000000,-1.0000000000,-1.0000000000,190.0000000000,1.0000000000,1.0000000000,5.0000000000,3.0000000000,0.0036059400,0.0060160533,0.0000000000,0.0216817234,0.0243365295,0.0051607327,0,0.1320384000,0,0
B3,stage1_detector,497,-1.0000000000,-1.0000000000,5.0000000000,-1.0000000000,-1.0000000000,-1.0000000000,210.0000000000,1.0000000000,1.0000000000,5.0000000000,3.0000000000,0.0018395546,0.0034349170,0.0000000000,0.0106119926,0.0025275422,0.0018271561,0,0.1259977000,0,0
B3,stage1_detector,498,-1.0000000000,-1.0000000000,9.0000000000,-1.0000000000,-1.0000000000,-1.0000000000,30.0000000000,1.0000000000,1.0000000000,5.0000000000,3.0000000000,0.0396720119,0.0294920029,0.0081060171,0.0974350080,0.0207322347,0.8617295635,0,0.1463849000,0,0
B3,stage1_detector,499,-1.0000000000,-1.0000000000,9.0000000000,-1.0000000000,-1.0000000000,-1.0000000000,50.0000000000,1.0000000000,1.0000000000,5.0000000000,3.0000000000,0.0225741898,0.0146161749,0.0022891211,0.0560349948,0.0117825432,0.6089769502,0,0.1440265000,0,0
B3,stage1_detector,500,-1.0000000000,-1.0000000000,9.0000000000,-1.0000000000,-1.0000000000,-1.0000000000,70.0000000000,1.0000000000,1.0000000000,5.0000000000,3.0000000000,0.0155503266,0.0087813308,0.0013095679,0.0342275717,0.0081004798,0.5152984611,0,0.1443233000,0,0
B3,stage1_detector,501,-1.0000000000,-1.0000000000,9.0000000000,-1.0000000000,-1.0000000000,-1.0000000000,90.0000000000,1.0000000000,1.0000000000,5.0000000000,3.0000000000,0.0121223140,0.0062472447,0.0008824494,0.0248348406,0.0063110514,0.4687365716,0,0.1468304000,0,0
B3,stage1_detector,502,-1.0000000000,-1.0000000000,9.0000000000,-1.0000000000,-1.0000000000,-1.0000000000,110.0000000000,1.0000000000,1.0000000000,5.0000000000,3.0000000000,0.0100812504,0.0052840997,0.0005245177,0.0189705721,0.0052769789,0.4216680472,0,0.1365109000,0,0
B3,stage1_detector,503,-1.0000000000,-1.0000000000,9.0000000000,-1.0000000000,-1.0000000000,-1.0000000000,130.0000000000,1.0000000000,1.0000000000,5.0000000000,3.0000000000,0.0072343176,0.0052736559,0.0000965074,0.0219253169,0.0043166255,0.1848819039,0,0.1343332000,0,0
B3,stage1_detector,504,-1.0000000000,-1.0000000000,9.0000000000,-1.0000000000,-1.0000000000,-1.0000000000,150.0000000000,1.0000000000,1.0000000000,5.0000000000,3.0000000000,0.0065592493,0.0076072296,0.0000000000,0.0225771586,0.0088555649,0.0147285468,0,0.1222428000,0,0
B3,stage1_detector,505,-1.0000000000,-1.0000000000,9.0000000000,-1.0000000000,-1.0000000000,-1.0000000000,170.0000000000,1.0000000000,1.0000000000,5.0000000000,3.0000000000,0.0042622938,0.0070022082,0.0000000000,0.0227547465,0.0109182726,0.0043409026,0,0.1198017000,0,0
B3,stage1_detector,506,-1.0000000000,-1.0000000000,9.0000000000,-1.0000000000,-1.0000000000,-1.0000000000,190.0000000000,1.0000000000,1.0000000000,5.0000000000,3.0000000000,0.0016354494,0.0036139309,0.0000000000,0.0141274683,0.0115822031,0.0014285740,0,0.1175928000,0,0
B3,stage1_detector,507,-1.0000000000,-1.0000000000,9.0000000000,-1.0000000000,-1.0000000000,-1.0000000000,210.0000000000,1.0000000000,1.0000000000,5.0000000000,3.0000000000,0.0003947531,0.0014763324,0.0000000000,0.0067601263,0.0019548576,0.0002239485,0,0.1189632000,0,0
B3,stage1_detector,508,-1.0000000000,-1.0000000000,13.0000000000,-1.0000000000,-1.0000000000,-1.0000000000,30.0000000000,1.0000000000,1.0000000000,5.0000000000,3.0000000000,0.0412219937,0.0307242039,0.0094201851,0.1027505684,0.0215414684,0.8885026615,0,0.1441073000,0,0
B3,stage1_detector,509,-1.0000000000,-1.0000000000,13.0000000000,-1.0000000000,-1.0000000000,-1.0000000000,50.0000000000,1.0000000000,1.0000000000,5.0000000000,3.0000000000,0.0230400519,0.0144413758,0.0026557619,0.0585856506,0.0120054914,0.6250928597,0,0.1445869000,0,0
B3,stage1_detector,510,-1.0000000000,-1.0000000000,13.0000000000,-1.0000000000,-1.0000000000,-1.0000000000,70.0000000000,1.0000000000,1.0000000000,5.0000000000,3.0000000000,0.0161971907,0.0077153348,0.0013624681,0.0364299809,0.0084015236,0.5375616799,0,0.1485263000,0,0
B3,stage1_detector,511,-1.0000000000,-1.0000000000,13.0000000000,-1.0000000000,-1.0000000000,-1.0000000000,90.0000000000,1.0000000000,1.0000000000,5.0000000000,3.0000000000,0.0120218243,0.0054005848,0.0005600390,0.0194142711,0.0062141556,0.4782757115,0,0.1370502000,0,0
B3,stage1_detector,512,-1.0000000000,-1.0000000000,13.0000000000,-1.0000000000,-1.0000000000,-1.0000000000,110.0000000000,1.0000000000,1.0000000000,5.0000000000,3.0000000000,0.0092549435,0.0054410413,0.0001188299,0.0181619465,0.0047939653,0.4344484507,0,0.1330436000,0,0
B3,stage1_detector,513,-1.0000000000,-1.0000000000,13.0000000000,-1.0000000000,-1.0000000000,-1.0000000000,130.0000000000,1.0000000000,1.0000000000,5.0000000000,3.0000000000,0.0073261747,0.0047974746,0.0000000000,0.0172228947,0.0045877202,0.2522437976,0,0.1405152000,0,0
B3,stage1_detector,514,-1.0000000000,-1.0000000000,13.0000000000,-1.0000000000,-1.0000000000,-1.0000000000,150.0000000000,1.0000000000,1.0000000000,5.0000000000,3.0000000000,0.0047168683,0.0066887420,0.0000000000,0.0233809924,0.0043250142,0.0095462189,0,0.1212808000,0,0
B3,stage1_detector,515,-1.0000000000,-1.0000000000,13.0000000000,-1.0000000000,-1.0000000000,-1.0000000000,170.0000000000,1.0000000000,1.0000000000,5.0000000000,3.0000000000,0.0022922982,0.0045058583,0.0000000000,0.0166888856,0.0055647515,0.0018981268,0,0.1236911000,0,0
B3,stage1_detector,516,-1.0000000000,-1.0000000000,13.0000000000,-1.0000000000,-1.0000000000,-1.0000000000,190.0000000000,1.0000000000,1.0000000000,5.0000000000,3.0000000000,0.0005453143,0.0016331612,0.0000000000,0.0071817078,0.0026224761,0.0003162726,0,0.1214102000,0,0
B3,stage1_detector,517,-1.0000000000,-1.0000000000,13.0000000000,-1.0000000000,-1.0000000000,-1.0000000000,210.0000000000,1.0000000000,1.0000000000,5.0000000000,3.0000000000,0.0000000000,0.0000000000,0.0000000000,0.0000000000,0.0000000000,0.0000000000,0,0.1244961000,0,0
B3,stage1_detector,518,-1.0000000000,-1.0000000000,19.0000000000,-1.0000000000,-1.0000000000,-1.0000000000,30.0000000000,1.0000000000,1.0000000000,5.0000000000,3.0000000000,0.0430967648,0.0325315795,0.0108681485,0.1110050314,0.0225267762,0.9203848164,0,0.1486346000,1,0
B3,stage1_detector,519,-1.0000000000,-1.0000000000,19.0000000000,-1.0000000000,-1.0000000000,-1.0000000000,50.0000000000,1.0000000000,1.0000000000,5.0000000000,3.0000000000,0.0249684519,0.0156175299,0.0038246087,0.0653755037,0.0129966674,0.6645107281,0,0.1421413000,0,0
B3,stage1_detector,520,-1.0000000000,-1.0000000000,19.0000000000,-1.0000000000,-1.0000000000,-1.0000000000,70.0000000000,1.0000000000,1.0000000000,5.0000000000,3.0000000000,0.0170408338,0.0086216961,0.0017387524,0.0417402139,0.0088123235,0.5645120829,0,0.1350157000,0,0
B3,stage1_detector,521,-1.0000000000,-1.0000000000,19.0000000000,-1.0000000000,-1.0000000000,-1.0000000000,90.0000000000,1.0000000000,1.0000000000,5.0000000000,3.0000000000,0.0126896810,0.0063946840,0.0005522867,0.0271126302,0.0065299465,0.5008193270,0,0.1411924000,0,0
B3,stage1_detector,522,-1.0000000000,-1.0000000000,19.0000000000,-1.0000000000,-1.0000000000,-1.0000000000,110.0000000000,1.0000000000,1.0000000000,5.0000000000,3.0000000000,0.0100433762,0.0058458695,0.0001586982,0.0184636672,0.0051703433,0.4550351989,0,0.1360310000,0,0
B3,stage1_detector,523,-1.0000000000,-1.0000000000,19.0000000000,-1.0000000000,-1.0000000000,-1.0000000000,130.0000000000,1.0000000000,1.0000000000,5.0000000000,3.0000000000,0.0073013383,0.0042762487,0.0000000000,0.0130339004,0.0041672144,0.3237599655,0,0.1283878000,0,0
B3,stage1_detector,524,-1.0000000000,-1.0000000000,19.0000000000,-1.0000000000,-1.0000000000,-1.0000000000,150.0000000000,1.0000000000,1.0000000000,5.0000000000,3.0000000000,0.0024935633,0.0040592303,0.0000000000,0.0164083113,0.0029062455,0.0041671927,0,0.1163539000,0,0
B3,stage1_detector,525,-1.0000000000,-1.0000000000,19.0000000000,-1.0000000000,-1.0000000000,-1.0000000000,170.0000000000,1.0000000000,1.0000000000,5.0000000000,3.0000000000,0.0004289884,0.0015348827,0.0000000000,0.0069645204,0.0023295717,0.0002423129,0,0.1315640000,0,0
B3,stage1_detector,526,-1.0000000000,-1.0000000000,19.0000000000,-1.0000000000,-1.0000000000,-1.0000000000,190.0000000000,1.0000000000,1.0000000000,5.0000000000,3.0000000000,0.0000000000,0.0000000000,0.0000000000,0.0000000000,0.0000000000,0.0000000000,0,0.1292866000,0,0
B3,stage1_detector,527,-1.0000000000,-1.0000000000,19.0000000000,-1.0000000000,-1.0000000000,-1.0000000000,210.0000000000,1.0000000000,1.0000000000,5.0000000000,3.0000000000,0.0000000000,0.0000000000,0.0000000000,0.0000000000,0.0000000000,0.0000000000,0,0.1364227000,0,0
B3,stage2_postprocess,528,-1.0000000000,-1.0000000000,19.0000000000,-1.0000000000,-1.0000000000,-1.0000000000,30.0000000000,0.0000000000,0.0000000000,1.0000000000,1.0000000000,0.0430100583,0.0324395419,0.0108681485,0.1106803533,0.0224809783,0.9190471372,0,0.1393705000,0,0
B3,stage2_postprocess,529,-1.0000000000,-1.0000000000,19.0000000000,-1.0000000000,-1.0000000000,-1.0000000000,30.0000000000,0.0000000000,0.0000000000,1.0000000000,3.0000000000,0.0430100583,0.0324395419,0.0108681485,0.1106803533,0.0224809783,0.9190471372,0,0.1419746000,0,0
B3,stage2_postprocess,530,-1.0000000000,-1.0000000000,19.0000000000,-1.0000000000,-1.0000000000,-1.0000000000,30.0000000000,0.0000000000,0.0000000000,1.0000000000,5.0000000000,0.0430100583,0.0324395419,0.0108681485,0.1106803533,0.0224809783,0.9190471372,0,0.1332946000,0,0
B3,stage2_postprocess,531,-1.0000000000,-1.0000000000,19.0000000000,-1.0000000000,-1.0000000000,-1.0000000000,30.0000000000,0.0000000000,0.0000000000,3.0000000000,1.0000000000,0.0430095974,0.0324387833,0.0108681485,0.1106803533,0.0224807299,0.9190439571,0,0.1351218000,0,0
B3,stage2_postprocess,532,-1.0000000000,-1.0000000000,19.0000000000,-1.0000000000,-1.0000000000,-1.0000000000,30.0000000000,0.0000000000,0.0000000000,3.0000000000,3.0000000000,0.0430095974,0.0324387833,0.0108681485,0.1106803533,0.0224807299,0.9190439571,0,0.1480002000,0,0
B3,stage2_postprocess,533,-1.0000000000,-1.0000000000,19.0000000000,-1.0000000000,-1.0000000000,-1.0000000000,30.0000000000,0.0000000000,0.0000000000,3.0000000000,5.0000000000,0.0430095974,0.0324387833,0.0108681485,0.1106803533,0.0224807299,0.9190439571,0,0.1481390000,0,0
B3,stage2_postprocess,534,-1.0000000000,-1.0000000000,19.0000000000,-1.0000000000,-1.0000000000,-1.0000000000,30.0000000000,0.0000000000,0.0000000000,5.0000000000,1.0000000000,0.0430095974,0.0324387833,0.0108681485,0.1106803533,0.0224807299,0.9190439571,0,0.1384488000,0,0
B3,stage2_postprocess,535,-1.0000000000,-1.0000000000,19.0000000000,-1.0000000000,-1.0000000000,-1.0000000000,30.0000000000,0.0000000000,0.0000000000,5.0000000000,3.0000000000,0.0430095974,0.0324387833,0.0108681485,0.1106803533,0.0224807299,0.9190439571,0,0.1387970000,0,0
B3,stage2_postprocess,536,-1.0000000000,-1.0000000000,19.0000000000,-1.0000000000,-1.0000000000,-1.0000000000,30.0000000000,0.0000000000,0.0000000000,5.0000000000,5.0000000000,0.0430095974,0.0324387833,0.0108681485,0.1106803533,0.0224807299,0.9190439571,0,0.1427139000,0,0
B3,stage2_postprocess,537,-1.0000000000,-1.0000000000,19.0000000000,-1.0000000000,-1.0000000000,-1.0000000000,30.0000000000,0.0000000000,0.0000000000,10.0000000000,1.0000000000,0.0430095974,0.0324387833,0.0108681485,0.1106803533,0.0224807299,0.9190439571,0,0.1470803000,0,0
B3,stage2_postprocess,538,-1.0000000000,-1.0000000000,19.0000000000,-1.0000000000,-1.0000000000,-1.0000000000,30.0000000000,0.0000000000,0.0000000000,10.0000000000,3.0000000000,0.0430095974,0.0324387833,0.0108681485,0.1106803533,0.0224807299,0.9190439571,0,0.1583494000,0,0
B3,stage2_postprocess,539,-1.0000000000,-1.0000000000,19.0000000000,-1.0000000000,-1.0000000000,-1.0000000000,30.0000000000,0.0000000000,0.0000000000,10.0000000000,5.0000000000,0.0430095974,0.0324387833,0.0108681485,0.1106803533,0.0224807299,0.9190439571,0,0.1471249000,0,0
B3,stage2_postprocess,540,-1.0000000000,-1.0000000000,19.0000000000,-1.0000000000,-1.0000000000,-1.0000000000,30.0000000000,0.0000000000,1.0000000000,1.0000000000,1.0000000000,0.0411902839,0.0302646577,0.0108681485,0.1056421305,0.0215124412,0.9002091052,0,0.1585163000,0,0
B3,stage2_postprocess,541,-1.0000000000,-1.0000000000,19.0000000000,-1.0000000000,-1.0000000000,-1.0000000000,30.0000000000,0.0000000000,1.0000000000,1.0000000000,3.0000000000,0.0411902839,0.0302646577,0.0108681485,0.1056421305,0.0215124412,0.9002091052,0,0.1526773000,0,0
B3,stage2_postprocess,542,-1.0000000000,-1.0000000000,19.0000000000,-1.0000000000,-1.0000000000,-1.0000000000,30.0000000000,0.0000000000,1.0000000000,1.0000000000,5.0000000000,0.0411902839,0.0302646577,0.0108681485,0.1056421305,0.0215124412,0.9002091052,0,0.1578981000,0,0
B3,stage2_postprocess,543,-1.0000000000,-1.0000000000,19.0000000000,-1.0000000000,-1.0000000000,-1.0000000000,30.0000000000,0.0000000000,1.0000000000,3.0000000000,1.0000000000,0.0411902839,0.0302646577,0.0108681485,0.1056421305,0.0215124412,0.9002091052,0,0.1452599000,0,0
B3,stage2_postprocess,544,-1.0000000000,-1.0000000000,19.0000000000,-1.0000000000,-1.0000000000,-1.0000000000,30.0000000000,0.0000000000,1.0000000000,3.0000000000,3.0000000000,0.0411902839,0.0302646577,0.0108681485,0.1056421305,0.0215124412,0.9002091052,0,0.1416470000,0,0
B3,stage2_postprocess,545,-1.0000000000,-1.0000000000,19.0000000000,-1.0000000000,-1.0000000000,-1.0000000000,30.0000000000,0.0000000000,1.0000000000,3.0000000000,5.0000000000,0.0411902839,0.0302646577,0.0108681485,0.1056421305,0.0215124412,0.9002091052,0,0.1348914000,0,0
B3,stage2_postprocess,546,-1.0000000000,-1.0000000000,19.0000000000,-1.0000000000,-1.0000000000,-1.0000000000,30.0000000000,0.0000000000,1.0000000000,5.0000000000,1.0000000000,0.0411902839,0.0302646577,0.0108681485,0.1056421305,0.0215124412,0.9002091052,0,0.1395063000,0,0
B3,stage2_postprocess,547,-1.0000000000,-1.0000000000,19.0000000000,-1.0000000000,-1.0000000000,-1.0000000000,30.0000000000,0.0000000000,1.0000000000,5.0000000000,3.0000000000,0.0411902839,0.0302646577,0.0108681485,0.1056421305,0.0215124412,0.9002091052,0,0.1323833000,0,0
B3,stage2_postprocess,548,-1.0000000000,-1.0000000000,19.0000000000,-1.0000000000,-1.0000000000,-1.0000000000,30.0000000000,0.0000000000,1.0000000000,5.0000000000,5.0000000000,0.0411902839,0.0302646577,0.0108681485,0.1056421305,0.0215124412,0.9002091052,0,0.1349328000,0,0
B3,stage2_postprocess,549,-1.0000000000,-1.0000000000,19.0000000000,-1.0000000000,-1.0000000000,-1.0000000000,30.0000000000,0.0000000000,1.0000000000,10.0000000000,1.0000000000,0.0411902839,0.0302646577,0.0108681485,0.1056421305,0.0215124412,0.9002091052,0,0.1358777000,0,0
B3,stage2_postprocess,550,-1.0000000000,-1.0000000000,19.0000000000,-1.0000000000,-1.0000000000,-1.0000000000,30.0000000000,0.0000000000,1.0000000000,10.0000000000,3.0000000000,0.0411902839,0.0302646577,0.0108681485,0.1056421305,0.0215124412,0.9002091052,0,0.1305098000,0,0
B3,stage2_postprocess,551,-1.0000000000,-1.0000000000,19.0000000000,-1.0000000000,-1.0000000000,-1.0000000000,30.0000000000,0.0000000000,1.0000000000,10.0000000000,5.0000000000,0.0411902839,0.0302646577,0.0108681485,0.1056421305,0.0215124412,0.9002091052,0,0.1393170000,0,0
B3,stage2_postprocess,552,-1.0000000000,-1.0000000000,19.0000000000,-1.0000000000,-1.0000000000,-1.0000000000,30.0000000000,0.0000000000,2.0000000000,1.0000000000,1.0000000000,0.0394601051,0.0284132729,0.0103814330,0.1005857500,0.0205918118,0.8816304123,0,0.1337626000,0,0
B3,stage2_postprocess,553,-1.0000000000,-1.0000000000,19.0000000000,-1.0000000000,-1.0000000000,-1.0000000000,30.0000000000,0.0000000000,2.0000000000,1.0000000000,3.0000000000,0.0394601051,0.0284132729,0.0103814330,0.1005857500,0.0205918118,0.8816304123,0,0.1469515000,0,0
B3,stage2_postprocess,554,-1.0000000000,-1.0000000000,19.0000000000,-1.0000000000,-1.0000000000,-1.0000000000,30.0000000000,0.0000000000,2.0000000000,1.0000000000,5.0000000000,0.0394601051,0.0284132729,0.0103814330,0.1005857500,0.0205918118,0.8816304123,0,0.1348351000,0,0
B3,stage2_postprocess,555,-1.0000000000,-1.0000000000,19.0000000000,-1.0000000000,-1.0000000000,-1.0000000000,30.0000000000,0.0000000000,2.0000000000,3.0000000000,1.0000000000,0.0394601051,0.0284132729,0.0103814330,0.1005857500,0.0205918118,0.8816304123,0,0.1400002000,0,0
B3,stage2_postprocess,556,-1.0000000000,-1.0000000000,19.0000000000,-1.0000000000,-1.0000000000,-1.0000000000,30.0000000000,0.0000000000,2.0000000000,3.0000000000,3.0000000000,0.0394601051,0.0284132729,0.0103814330,0.1005857500,0.0205918118,0.8816304123,0,0.1466392000,0,0
B3,stage2_postprocess,557,-1.0000000000,-1.0000000000,19.0000000000,-1.0000000000,-1.0000000000,-1.0000000000,30.0000000000,0.0000000000,2.0000000000,3.0000000000,5.0000000000,0.0394601051,0.0284132729,0.0103814330,0.1005857500,0.0205918118,0.8816304123,0,0.1428697000,0,0
B3,stage2_postprocess,558,-1.0000000000,-1.0000000000,19.0000000000,-1.0000000000,-1.0000000000,-1.0000000000,30.0000000000,0.0000000000,2.0000000000,5.0000000000,1.0000000000,0.0394601051,0.0284132729,0.0103814330,0.1005857500,0.0205918118,0.8816304123,0,0.1542237000,0,0
B3,stage2_postprocess,559,-1.0000000000,-1.0000000000,19.0000000000,-1.0000000000,-1.0000000000,-1.0000000000,30.0000000000,0.0000000000,2.0000000000,5.0000000000,3.0000000000,0.0394601051,0.0284132729,0.0103814330,0.1005857500,0.0205918118,0.8816304123,0,0.1373936000,0,0
B3,stage2_postprocess,560,-1.0000000000,-1.0000000000,19.0000000000,-1.0000000000,-1.0000000000,-1.0000000000,30.0000000000,0.0000000000,2.0000000000,5.0000000000,5.0000000000,0.0394601051,0.0284132729,0.0103814330,0.1005857500,0.0205918118,0.8816304123,0,0.1336683000,0,0
B3,stage2_postprocess,561,-1.0000000000,-1.0000000000,19.0000000000,-1.0000000000,-1.0000000000,-1.0000000000,30.0000000000,0.0000000000,2.0000000000,10.0000000000,1.0000000000,0.0394601051,0.0284132729,0.0103814330,0.1005857500,0.0205918118,0.8816304123,0,0.1338998000,0,0
B3,stage2_postprocess,562,-1.0000000000,-1.0000000000,19.0000000000,-1.0000000000,-1.0000000000,-1.0000000000,30.0000000000,0.0000000000,2.0000000000,10.0000000000,3.0000000000,0.0394601051,0.0284132729,0.0103814330,0.1005857500,0.0205918118,0.8816304123,0,0.1370274000,0,0
B3,stage2_postprocess,563,-1.0000000000,-1.0000000000,19.0000000000,-1.0000000000,-1.0000000000,-1.0000000000,30.0000000000,0.0000000000,2.0000000000,10.0000000000,5.0000000000,0.0394601051,0.0284132729,0.0103814330,0.1005857500,0.0205918118,0.8816304123,0,0.1352388000,0,0
B3,stage2_postprocess,564,-1.0000000000,-1.0000000000,19.0000000000,-1.0000000000,-1.0000000000,-1.0000000000,30.0000000000,1.0000000000,0.0000000000,1.0000000000,1.0000000000,0.0447893539,0.0347790872,0.0108681485,0.1151849418,0.0234283072,0.9365978460,0,0.1392194000,0,0
B3,stage2_postprocess,565,-1.0000000000,-1.0000000000,19.0000000000,-1.0000000000,-1.0000000000,-1.0000000000,30.0000000000,1.0000000000,0.0000000000,1.0000000000,3.0000000000,0.0447893539,0.0347790872,0.0108681485,0.1151849418,0.0234283072,0.9365978460,0,0.1442256000,0,0
B3,stage2_postprocess,566,-1.0000000000,-1.0000000000,19.0000000000,-1.0000000000,-1.0000000000,-1.0000000000,30.0000000000,1.0000000000,0.0000000000,1.0000000000,5.0000000000,0.0447893539,0.0347790872,0.0108681485,0.1151849418,0.0234283072,0.9365978460,0,0.1331122000,0,0
B3,stage2_postprocess,567,-1.0000000000,-1.0000000000,19.0000000000,-1.0000000000,-1.0000000000,-1.0000000000,30.0000000000,1.0000000000,0.0000000000,3.0000000000,1.0000000000,0.0447893539,0.0347790872,0.0108681485,0.1151849418,0.0234283072,0.9365978460,0,0.1342107000,0,0
B3,stage2_postprocess,568,-1.0000000000,-1.0000000000,19.0000000000,-1.0000000000,-1.0000000000,-1.0000000000,30.0000000000,1.0000000000,0.0000000000,3.0000000000,3.0000000000,0.0447893539,0.0347790872,0.0108681485,0.1151849418,0.0234283072,0.9365978460,0,0.1334800000,0,0
B3,stage2_postprocess,569,-1.0000000000,-1.0000000000,19.0000000000,-1.0000000000,-1.0000000000,-1.0000000000,30.0000000000,1.0000000000,0.0000000000,3.0000000000,5.0000000000,0.0447893539,0.0347790872,0.0108681485,0.1151849418,0.0234283072,0.9365978460,0,0.1384780000,0,0
B3,stage2_postprocess,570,-1.0000000000,-1.0000000000,19.0000000000,-1.0000000000,-1.0000000000,-1.0000000000,30.0000000000,1.0000000000,0.0000000000,5.0000000000,1.0000000000,0.0447893539,0.0347790872,0.0108681485,0.1151849418,0.0234283072,0.9365978460,0,0.1338313000,0,0
B3,stage2_postprocess,571,-1.0000000000,-1.0000000000,19.0000000000,-1.0000000000,-1.0000000000,-1.0000000000,30.0000000000,1.0000000000,0.0000000000,5.0000000000,3.0000000000,0.0447893539,0.0347790872,0.0108681485,0.1151849418,0.0234283072,0.9365978460,0,0.1376128000,0,0
B3,stage2_postprocess,572,-1.0000000000,-1.0000000000,19.0000000000,-1.0000000000,-1.0000000000,-1.0000000000,30.0000000000,1.0000000000,0.0000000000,5.0000000000,5.0000000000,0.0447893539,0.0347790872,0.0108681485,0.1151849418,0.0234283072,0.9365978460,0,0.1342530000,0,0
B3,stage2_postprocess,573,-1.0000000000,-1.0000000000,19.0000000000,-1.0000000000,-1.0000000000,-1.0000000000,30.0000000000,1.0000000000,0.0000000000,10.0000000000,1.0000000000,0.0447893539,0.0347790872,0.0108681485,0.1151849418,0.0234283072,0.9365978460,0,0.1382824000,0,0
B3,stage2_postprocess,574,-1.0000000000,-1.0000000000,19.0000000000,-1.0000000000,-1.0000000000,-1.0000000000,30.0000000000,1.0000000000,0.0000000000,10.0000000000,3.0000000000,0.0447893539,0.0347790872,0.0108681485,0.1151849418,0.0234283072,0.9365978460,0,0.1380718000,0,0
B3,stage2_postprocess,575,-1.0000000000,-1.0000000000,19.0000000000,-1.0000000000,-1.0000000000,-1.0000000000,30.0000000000,1.0000000000,0.0000000000,10.0000000000,5.0000000000,0.0447893539,0.0347790872,0.0108681485,0.1151849418,0.0234283072,0.9365978460,0,0.1435510000,0,0
B3,stage2_postprocess,576,-1.0000000000,-1.0000000000,19.0000000000,-1.0000000000,-1.0000000000,-1.0000000000,30.0000000000,1.0000000000,1.0000000000,1.0000000000,1.0000000000,0.0430967648,0.0325315795,0.0108681485,0.1110050314,0.0225267762,0.9203848164,0,0.1518295000,0,0
B3,stage2_postprocess,577,-1.0000000000,-1.0000000000,19.0000000000,-1.0000000000,-1.0000000000,-1.0000000000,30.0000000000,1.0000000000,1.0000000000,1.0000000000,3.0000000000,0.0430967648,0.0325315795,0.0108681485,0.1110050314,0.0225267762,0.9203848164,0,0.1401828000,0,0
B3,stage2_postprocess,578,-1.0000000000,-1.0000000000,19.0000000000,-1.0000000000,-1.0000000000,-1.0000000000,30.0000000000,1.0000000000,1.0000000000,1.0000000000,5.0000000000,0.0430967648,0.0325315795,0.0108681485,0.1110050314,0.0225267762,0.9203848164,0,0.1469068000,0,0
B3,stage2_postprocess,579,-1.0000000000,-1.0000000000,19.0000000000,-1.0000000000,-1.0000000000,-1.0000000000,30.0000000000,1.0000000000,1.0000000000,3.0000000000,1.0000000000,0.0430967648,0.0325315795,0.0108681485,0.1110050314,0.0225267762,0.9203848164,0,0.1344869000,0,0
B3,stage2_postprocess,580,-1.0000000000,-1.0000000000,19.0000000000,-1.0000000000,-1.0000000000,-1.0000000000,30.0000000000,1.0000000000,1.0000000000,3.0000000000,3.0000000000,0.0430967648,0.0325315795,0.0108681485,0.1110050314,0.0225267762,0.9203848164,0,0.1324367000,0,0
B3,stage2_postprocess,581,-1.0000000000,-1.0000000000,19.0000000000,-1.0000000000,-1.0000000000,-1.0000000000,30.0000000000,1.0000000000,1.0000000000,3.0000000000,5.0000000000,0.0430967648,0.0325315795,0.0108681485,0.1110050314,0.0225267762,0.9203848164,0,0.1395691000,0,0
B3,stage2_postprocess,582,-1.0000000000,-1.0000000000,19.0000000000,-1.0000000000,-1.0000000000,-1.0000000000,30.0000000000,1.0000000000,1.0000000000,5.0000000000,1.0000000000,0.0430967648,0.0325315795,0.0108681485,0.1110050314,0.0225267762,0.9203848164,0,0.1331246000,0,0
B3,stage2_postprocess,583,-1.0000000000,-1.0000000000,19.0000000000,-1.0000000000,-1.0000000000,-1.0000000000,30.0000000000,1.0000000000,1.0000000000,5.0000000000,3.0000000000,0.0430967648,0.0325315795,0.0108681485,0.1110050314,0.0225267762,0.9203848164,0,0.1305425000,0,0
B3,stage2_postprocess,584,-1.0000000000,-1.0000000000,19.0000000000,-1.0000000000,-1.0000000000,-1.0000000000,30.0000000000,1.0000000000,1.0000000000,5.0000000000,5.0000000000,0.0430967648,0.0325315795,0.0108681485,0.1110050314,0.0225267762,0.9203848164,0,0.1333491000,0,0
B3,stage2_postprocess,585,-1.0000000000,-1.0000000000,19.0000000000,-1.0000000000,-1.0000000000,-1.0000000000,30.0000000000,1.0000000000,1.0000000000,10.0000000000,1.0000000000,0.0430967648,0.0325315795,0.0108681485,0.1110050314,0.0225267762,0.9203848164,0,0.1346530000,0,0
B3,stage2_postprocess,586,-1.0000000000,-1.0000000000,19.0000000000,-1.0000000000,-1.0000000000,-1.0000000000,30.0000000000,1.0000000000,1.0000000000,10.0000000000,3.0000000000,0.0430967648,0.0325315795,0.0108681485,0.1110050314,0.0225267762,0.9203848164,0,0.1412449000,0,0
B3,stage2_postprocess,587,-1.0000000000,-1.0000000000,19.0000000000,-1.0000000000,-1.0000000000,-1.0000000000,30.0000000000,1.0000000000,1.0000000000,10.0000000000,5.0000000000,0.0430967648,0.0325315795,0.0108681485,0.1110050314,0.0225267762,0.9203848164,0,0.1325172000,0,0
B3,stage2_postprocess,588,-1.0000000000,-1.0000000000,19.0000000000,-1.0000000000,-1.0000000000,-1.0000000000,30.0000000000,1.0000000000,2.0000000000,1.0000000000,1.0000000000,0.0413859720,0.0304420871,0.0108681485,0.1063668906,0.0216156006,0.9035012650,0,0.1433053000,0,0
B3,stage2_postprocess,589,-1.0000000000,-1.0000000000,19.0000000000,-1.0000000000,-1.0000000000,-1.0000000000,30.0000000000,1.0000000000,2.0000000000,1.0000000000,3.0000000000,0.0413859720,0.0304420871,0.0108681485,0.1063668906,0.0216156006,0.9035012650,0,0.1356543000,0,0
B3,stage2_postprocess,590,-1.0000000000,-1.0000000000,19.0000000000,-1.0000000000,-1.0000000000,-1.0000000000,30.0000000000,1.0000000000,2.0000000000,1.0000000000,5.0000000000,0.0413859720,0.0304420871,0.0108681485,0.1063668906,0.0216156006,0.9035012650,0,0.1369887000,0,0
B3,stage2_postprocess,591,-1.0000000000,-1.0000000000,19.0000000000,-1.0000000000,-1.0000000000,-1.0000000000,30.0000000000,1.0000000000,2.0000000000,3.0000000000,1.0000000000,0.0413859720,0.0304420871,0.0108681485,0.1063668906,0.0216156006,0.9035012650,0,0.1304439000,0,0
B3,stage2_postprocess,592,-1.0000000000,-1.0000000000,19.0000000000,-1.0000000000,-1.0000000000,-1.0000000000,30.0000000000,1.0000000000,2.0000000000,3.0000000000,3.0000000000,0.0413859720,0.0304420871,0.0108681485,0.1063668906,0.0216156006,0.9035012650,0,0.1334628000,0,0
B3,stage2_postprocess,593,-1.0000000000,-1.0000000000,19.0000000000,-1.0000000000,-1.0000000000,-1.0000000000,30.0000000000,1.0000000000,2.0000000000,3.0000000000,5.0000000000,0.0413859720,0.0304420871,0.0108681485,0.1063668906,0.0216156006,0.9035012650,0,0.1353467000,0,0
B3,stage2_postprocess,594,-1.0000000000,-1.0000000000,19.0000000000,-1.0000000000,-1.0000000000,-1.0000000000,30.0000000000,1.0000000000,2.0000000000,5.0000000000,1.0000000000,0.0413859720,0.0304420871,0.0108681485,0.1063668906,0.0216156006,0.9035012650,0,0.1332567000,0,0
B3,stage2_postprocess,595,-1.0000000000,-1.0000000000,19.0000000000,-1.0000000000,-1.0000000000,-1.0000000000,30.0000000000,1.0000000000,2.0000000000,5.0000000000,3.0000000000,0.0413859720,0.0304420871,0.0108681485,0.1063668906,0.0216156006,0.9035012650,0,0.1399575000,0,0
B3,stage2_postprocess,596,-1.0000000000,-1.0000000000,19.0000000000,-1.0000000000,-1.0000000000,-1.0000000000,30.0000000000,1.0000000000,2.0000000000,5.0000000000,5.0000000000,0.0413859720,0.0304420871,0.0108681485,0.1063668906,0.0216156006,0.9035012650,0,0.1306278000,0,0
B3,stage2_postprocess,597,-1.0000000000,-1.0000000000,19.0000000000,-1.0000000000,-1.0000000000,-1.0000000000,30.0000000000,1.0000000000,2.0000000000,10.0000000000,1.0000000000,0.0413859720,0.0304420871,0.0108681485,0.1063668906,0.0216156006,0.9035012650,0,0.1329736000,0,0
B3,stage2_postprocess,598,-1.0000000000,-1.0000000000,19.0000000000,-1.0000000000,-1.0000000000,-1.0000000000,30.0000000000,1.0000000000,2.0000000000,10.0000000000,3.0000000000,0.0413859720,0.0304420871,0.0108681485,0.1063668906,0.0216156006,0.9035012650,0,0.1384303000,0,0
B3,stage2_postprocess,599,-1.0000000000,-1.0000000000,19.0000000000,-1.0000000000,-1.0000000000,-1.0000000000,30.0000000000,1.0000000000,2.0000000000,10.0000000000,5.0000000000,0.0413859720,0.0304420871,0.0108681485,0.1063668906,0.0216156006,0.9035012650,0,0.1420568000,0,0
B3,stage2_postprocess,600,-1.0000000000,-1.0000000000,19.0000000000,-1.0000000000,-1.0000000000,-1.0000000000,30.0000000000,2.0000000000,0.0000000000,1.0000000000,1.0000000000,0.0463940534,0.0370773432,0.0108681485,0.1190606069,0.0242832260,0.9512413696,0,0.1354668000,1,1
B3,stage2_postprocess,601,-1.0000000000,-1.0000000000,19.0000000000,-1.0000000000,-1.0000000000,-1.0000000000,30.0000000000,2.0000000000,0.0000000000,1.0000000000,3.0000000000,0.0463940534,0.0370773432,0.0108681485,0.1190606069,0.0242832260,0.9512413696,0,0.1374706000,0,0
B3,stage2_postprocess,602,-1.0000000000,-1.0000000000,19.0000000000,-1.0000000000,-1.0000000000,-1.0000000000,30.0000000000,2.0000000000,0.0000000000,1.0000000000,5.0000000000,0.0463940534,0.0370773432,0.0108681485,0.1190606069,0.0242832260,0.9512413696,0,0.1425079000,0,0
B3,stage2_postprocess,603,-1.0000000000,-1.0000000000,19.0000000000,-1.0000000000,-1.0000000000,-1.0000000000,30.0000000000,2.0000000000,0.0000000000,3.0000000000,1.0000000000,0.0463940534,0.0370773432,0.0108681485,0.1190606069,0.0242832260,0.9512413696,0,0.1367885000,0,0
B3,stage2_postprocess,604,-1.0000000000,-1.0000000000,19.0000000000,-1.0000000000,-1.0000000000,-1.0000000000,30.0000000000,2.0000000000,0.0000000000,3.0000000000,3.0000000000,0.0463940534,0.0370773432,0.0108681485,0.1190606069,0.0242832260,0.9512413696,0,0.1347245000,0,0
B3,stage2_postprocess,605,-1.0000000000,-1.0000000000,19.0000000000,-1.0000000000,-1.0000000000,-1.0000000000,30.0000000000,2.0000000000,0.0000000000,3.0000000000,5.0000000000,0.0463940534,0.0370773432,0.0108681485,0.1190606069,0.0242832260,0.9512413696,0,0.1324309000,0,0
B3,stage2_postprocess,606,-1.0000000000,-1.0000000000,19.0000000000,-1.0000000000,-1.0000000000,-1.0000000000,30.0000000000,2.0000000000,0.0000000000,5.0000000000,1.0000000000,0.0463940534,0.0370773432,0.0108681485,0.1190606069,0.0242832260,0.9512413696,0,0.1315168000,0,0
B3,stage2_postprocess,607,-1.0000000000,-1.0000000000,19.0000000000,-1.0000000000,-1.0000000000,-1.0000000000,30.0000000000,2.0000000000,0.0000000000,5.0000000000,3.0000000000,0.0463940534,0.0370773432,0.0108681485,0.1190606069,0.0242832260,0.9512413696,0,0.1381572000,0,0
B3,stage2_postprocess,608,-1.0000000000,-1.0000000000,19.0000000000,-1.0000000000,-1.0000000000,-1.0000000000,30.0000000000,2.0000000000,0.0000000000,5.0000000000,5.0000000000,0.0463940534,0.0370773432,0.0108681485,0.1190606069,0.0242832260,0.9512413696,0,0.1367492000,0,0
B3,stage2_postprocess,609,-1.0000000000,-1.0000000000,19.0000000000,-1.0000000000,-1.0000000000,-1.0000000000,30.0000000000,2.0000000000,0.0000000000,10.0000000000,1.0000000000,0.0463940534,0.0370773432,0.0108681485,0.1190606069,0.0242832260,0.9512413696,0,0.1336188000,0,0
B3,stage2_postprocess,610,-1.0000000000,-1.0000000000,19.0000000000,-1.0000000000,-1.0000000000,-1.0000000000,30.0000000000,2.0000000000,0.0000000000,10.0000000000,3.0000000000,0.0463940534,0.0370773432,0.0108681485,0.1190606069,0.0242832260,0.9512413696,0,0.1326633000,0,0
B3,stage2_postprocess,611,-1.0000000000,-1.0000000000,19.0000000000,-1.0000000000,-1.0000000000,-1.0000000000,30.0000000000,2.0000000000,0.0000000000,10.0000000000,5.0000000000,0.0463940534,0.0370773432,0.0108681485,0.1190606069,0.0242832260,0.9512413696,0,0.1305305000,0,0
B3,stage2_postprocess,612,-1.0000000000,-1.0000000000,19.0000000000,-1.0000000000,-1.0000000000,-1.0000000000,30.0000000000,2.0000000000,1.0000000000,1.0000000000,1.0000000000,0.0448781979,0.0348881907,0.0108681485,0.1156426629,0.0234752793,0.9378887115,0,0.1298235000,0,0
B3,stage2_postprocess,613,-1.0000000000,-1.0000000000,19.0000000000,-1.0000000000,-1.0000000000,-1.0000000000,30.0000000000,2.0000000000,1.0000000000,1.0000000000,3.0000000000,0.0448781979,0.0348881907,0.0108681485,0.1156426629,0.0234752793,0.9378887115,0,0.1454759000,0,0
B3,stage2_postprocess,614,-1.0000000000,-1.0000000000,19.0000000000,-1.0000000000,-1.0000000000,-1.0000000000,30.0000000000,2.0000000000,1.0000000000,1.0000000000,5.0000000000,0.0448781979,0.0348881907,0.0108681485,0.1156426629,0.0234752793,0.9378887115,0,0.1296381000,0,0
B3,stage2_postprocess,615,-1.0000000000,-1.0000000000,19.0000000000,-1.0000000000,-1.0000000000,-1.0000000000,30.0000000000,2.0000000000,1.0000000000,3.0000000000,1.0000000000,0.0448781979,0.0348881907,0.0108681485,0.1156426629,0.0234752793,0.9378887115,0,0.1302808000,0,0
B3,stage2_postprocess,616,-1.0000000000,-1.0000000000,19.0000000000,-1.0000000000,-1.0000000000,-1.0000000000,30.0000000000,2.0000000000,1.0000000000,3.0000000000,3.0000000000,0.0448781979,0.0348881907,0.0108681485,0.1156426629,0.0234752793,0.9378887115,0,0.1379115000,0,0
B3,stage2_postprocess,617,-1.0000000000,-1.0000000000,19.0000000000,-1.0000000000,-1.0000000000,-1.0000000000,30.0000000000,2.0000000000,1.0000000000,3.0000000000,5.0000000000,0.0448781979,0.0348881907,0.0108681485,0.1156426629,0.0234752793,0.9378887115,0,0.1340433000,0,0
B3,stage2_postprocess,618,-1.0000000000,-1.0000000000,19.0000000000,-1.0000000000,-1.0000000000,-1.0000000000,30.0000000000,2.0000000000,1.0000000000,5.0000000000,1.0000000000,0.0448781979,0.0348881907,0.0108681485,0.1156426629,0.0234752793,0.9378887115,0,0.1381562000,0,0
B3,stage2_postprocess,619,-1.0000000000,-1.0000000000,19.0000000000,-1.0000000000,-1.0000000000,-1.0000000000,30.0000000000,2.0000000000,1.0000000000,5.0000000000,3.0000000000,0.0448781979,0.0348881907,0.0108681485,0.1156426629,0.0234752793,0.9378887115,0,0.1307667000,0,0
B3,stage2_postprocess,620,-1.0000000000,-1.0000000000,19.0000000000,-1.0000000000,-1.0000000000,-1.0000000000,30.0000000000,2.0000000000,1.0000000000,5.0000000000,5.0000000000,0.0448781979,0.0348881907,0.0108681485,0.1156426629,0.0234752793,0.9378887115,0,0.1343004000,0,0
B3,stage2_postprocess,621,-1.0000000000,-1.0000000000,19.0000000000,-1.0000000000,-1.0000000000,-1.0000000000,30.0000000000,2.0000000000,1.0000000000,10.0000000000,1.0000000000,0.0448781979,0.0348881907,0.0108681485,0.1156426629,0.0234752793,0.9378887115,0,0.1385054000,0,0
B3,stage2_postprocess,622,-1.0000000000,-1.0000000000,19.0000000000,-1.0000000000,-1.0000000000,-1.0000000000,30.0000000000,2.0000000000,1.0000000000,10.0000000000,3.0000000000,0.0448781979,0.0348881907,0.0108681485,0.1156426629,0.0234752793,0.9378887115,0,0.1357215000,0,0
B3,stage2_postprocess,623,-1.0000000000,-1.0000000000,19.0000000000,-1.0000000000,-1.0000000000,-1.0000000000,30.0000000000,2.0000000000,1.0000000000,10.0000000000,5.0000000000,0.0448781979,0.0348881907,0.0108681485,0.1156426629,0.0234752793,0.9378887115,0,0.1372511000,0,0
B3,stage2_postprocess,624,-1.0000000000,-1.0000000000,19.0000000000,-1.0000000000,-1.0000000000,-1.0000000000,30.0000000000,2.0000000000,2.0000000000,1.0000000000,1.0000000000,0.0433297098,0.0327835909,0.0108681485,0.1122485975,0.0226496545,0.9241877577,0,0.1437352000,0,0
B3,stage2_postprocess,625,-1.0000000000,-1.0000000000,19.0000000000,-1.0000000000,-1.0000000000,-1.0000000000,30.0000000000,2.0000000000,2.0000000000,1.0000000000,3.0000000000,0.0433297098,0.0327835909,0.0108681485,0.1122485975,0.0226496545,0.9241877577,0,0.1368412000,0,0
B3,stage2_postprocess,626,-1.0000000000,-1.0000000000,19.0000000000,-1.0000000000,-1.0000000000,-1.0000000000,30.0000000000,2.0000000000,2.0000000000,1.0000000000,5.0000000000,0.0433297098,0.0327835909,0.0108681485,0.1122485975,0.0226496545,0.9241877577,0,0.1416164000,0,0
B3,stage2_postprocess,627,-1.0000000000,-1.0000000000,19.0000000000,-1.0000000000,-1.0000000000,-1.0000000000,30.0000000000,2.0000000000,2.0000000000,3.0000000000,1.0000000000,0.0433297098,0.0327835909,0.0108681485,0.1122485975,0.0226496545,0.9241877577,0,0.1397253000,0,0
B3,stage2_postprocess,628,-1.0000000000,-1.0000000000,19.0000000000,-1.0000000000,-1.0000000000,-1.0000000000,30.0000000000,2.0000000000,2.0000000000,3.0000000000,3.0000000000,0.0433297098,0.0327835909,0.0108681485,0.1122485975,0.0226496545,0.9241877577,0,0.1452880000,0,0
B3,stage2_postprocess,629,-1.0000000000,-1.0000000000,19.0000000000,-1.0000000000,-1.0000000000,-1.0000000000,30.0000000000,2.0000000000,2.0000000000,3.0000000000,5.0000000000,0.0433297098,0.0327835909,0.0108681485,0.1122485975,0.0226496545,0.9241877577,0,0.1325629000,0,0
B3,stage2_postprocess,630,-1.0000000000,-1.0000000000,19.0000000000,-1.0000000000,-1.0000000000,-1.0000000000,30.0000000000,2.0000000000,2.0000000000,5.0000000000,1.0000000000,0.0433297098,0.0327835909,0.0108681485,0.1122485975,0.0226496545,0.9241877577,0,0.1335534000,0,0
B3,stage2_postprocess,631,-1.0000000000,-1.0000000000,19.0000000000,-1.0000000000,-1.0000000000,-1.0000000000,30.0000000000,2.0000000000,2.0000000000,5.0000000000,3.0000000000,0.0433297098,0.0327835909,0.0108681485,0.1122485975,0.0226496545,0.9241877577,0,0.1367443000,0,0
B3,stage2_postprocess,632,-1.0000000000,-1.0000000000,19.0000000000,-1.0000000000,-1.0000000000,-1.0000000000,30.0000000000,2.0000000000,2.0000000000,5.0000000000,5.0000000000,0.0433297098,0.0327835909,0.0108681485,0.1122485975,0.0226496545,0.9241877577,0,0.1321653000,0,0
B3,stage2_postprocess,633,-1.0000000000,-1.0000000000,19.0000000000,-1.0000000000,-1.0000000000,-1.0000000000,30.0000000000,2.0000000000,2.0000000000,10.0000000000,1.0000000000,0.0433297098,0.0327835909,0.0108681485,0.1122485975,0.0226496545,0.9241877577,0,0.1323551000,0,0
B3,stage2_postprocess,634,-1.0000000000,-1.0000000000,19.0000000000,-1.0000000000,-1.0000000000,-1.0000000000,30.0000000000,2.0000000000,2.0000000000,10.0000000000,3.0000000000,0.0433297098,0.0327835909,0.0108681485,0.1122485975,0.0226496545,0.9241877577,0,0.1343395000,0,0
B3,stage2_postprocess,635,-1.0000000000,-1.0000000000,19.0000000000,-1.0000000000,-1.0000000000,-1.0000000000,30.0000000000,2.0000000000,2.0000000000,10.0000000000,5.0000000000,0.0433297098,0.0327835909,0.0108681485,0.1122485975,0.0226496545,0.9241877577,0,0.1312242000,0,0
