run_id,train_size,seed,image_id,tp,fp,fn,precision_standard,recall_standard,f1_standard,precision_legacy,recall_legacy,f1_legacy,result_image
baseline_B0_gaussian_threshold,0,0,211,2372,60622,124,0.0376543798,0.9503205128,0.0724385402,0.0376543798,0.9503205128,0.0724385402,./imgs_0710_2026_v1/output/traditional_baseline/primary200/resImgs/baseline_B0_gaussian_threshold_primary200_crack_00211.png
baseline_B0_gaussian_threshold,0,0,212,3041,77080,298,0.0379550929,0.9107517221,0.0728732327,0.0379550929,0.9107517221,0.0728732327,./imgs_0710_2026_v1/output/traditional_baseline/primary200/resImgs/baseline_B0_gaussian_threshold_primary200_crack_00212.png
baseline_B0_gaussian_threshold,0,0,213,928,44663,87,0.0203548946,0.9142857143,0.0398231987,0.0203548946,0.9142857143,0.0398231987,./imgs_0710_2026_v1/output/traditional_baseline/primary200/resImgs/baseline_B0_gaussian_threshold_primary200_crack_00213.png
baseline_B0_gaussian_threshold,0,0,214,3002,59178,370,0.0482791894,0.8902728351,0.0915914083,0.0482791894,0.8902728351,0.0915914083,./imgs_0710_2026_v1/output/traditional_baseline/primary200/resImgs/baseline_B0_gaussian_threshold_primary200_crack_00214.png
baseline_B0_gaussian_threshold,0,0,215,719,85629,66,0.0083267707,0.9159235669,0.0165035061,0.0083267707,0.9159235669,0.0165035061,./imgs_0710_2026_v1/output/traditional_baseline/primary200/resImgs/baseline_B0_gaussian_threshold_primary200_crack_00215.png
baseline_B0_gaussian_threshold,0,0,216,4259,73978,526,0.0544371589,0.8900731452,0.1025993110,0.0544371589,0.8900731452,0.1025993110,./imgs_0710_2026_v1/output/traditional_baseline/primary200/resImgs/baseline_B0_gaussian_threshold_primary200_crack_00216.png
baseline_B0_gaussian_threshold,0,0,217,1728,68610,136,0.0245670903,0.9270386266,0.0478657101,0.0245670903,0.9270386266,0.0478657101,./imgs_0710_2026_v1/output/traditional_baseline/primary200/resImgs/baseline_B0_gaussian_threshold_primary200_crack_00217.png
baseline_B0_gaussian_threshold,0,0,218,2060,59229,534,0.0336112516,0.7941403238,0.0644929011,0.0336112516,0.7941403238,0.0644929011,./imgs_0710_2026_v1/output/traditional_baseline/primary200/resImgs/baseline_B0_gaussian_threshold_primary200_crack_00218.png
baseline_B0_gaussian_threshold,0,0,219,3246,46902,209,0.0647284039,0.9395079595,0.1211126243,0.0647284039,0.9395079595,0.1211126243,./imgs_0710_2026_v1/output/traditional_baseline/primary200/resImgs/baseline_B0_gaussian_threshold_primary200_crack_00219.png
baseline_B0_gaussian_threshold,0,0,220,1347,47047,46,0.0278340290,0.9669777459,0.0541105108,0.0278340290,0.9669777459,0.0541105108,./imgs_0710_2026_v1/output/traditional_baseline/primary200/resImgs/baseline_B0_gaussian_threshold_primary200_crack_00220.png
baseline_B0_gaussian_threshold,0,0,221,6909,59774,346,0.1036096156,0.9523087526,0.1868863102,0.1036096156,0.9523087526,0.1868863102,./imgs_0710_2026_v1/output/traditional_baseline/primary200/resImgs/baseline_B0_gaussian_threshold_primary200_crack_00221.png
baseline_B0_gaussian_threshold,0,0,222,3110,59611,264,0.0495846686,0.9217545940,0.0941069672,0.0495846686,0.9217545940,0.0941069672,./imgs_0710_2026_v1/output/traditional_baseline/primary200/resImgs/baseline_B0_gaussian_threshold_primary200_crack_00222.png
baseline_B0_gaussian_threshold,0,0,223,1005,62497,46,0.0158262732,0.9562321598,0.0311372051,0.0158262732,0.9562321598,0.0311372051,./imgs_0710_2026_v1/output/traditional_baseline/primary200/resImgs/baseline_B0_gaussian_threshold_primary200_crack_00223.png
baseline_B0_gaussian_threshold,0,0,224,4617,44165,414,0.0946455660,0.9177101968,0.1715942244,0.0946455660,0.9177101968,0.1715942244,./imgs_0710_2026_v1/output/traditional_baseline/primary200/resImgs/baseline_B0_gaussian_threshold_primary200_crack_00224.png
baseline_B0_gaussian_threshold,0,0,225,3617,50124,494,0.0673042928,0.8798345901,0.1250432137,0.0673042928,0.8798345901,0.1250432137,./imgs_0710_2026_v1/output/traditional_baseline/primary200/resImgs/baseline_B0_gaussian_threshold_primary200_crack_00225.png
baseline_B0_gaussian_threshold,0,0,226,653,59564,36,0.0108441138,0.9477503628,0.0214428792,0.0108441138,0.9477503628,0.0214428792,./imgs_0710_2026_v1/output/traditional_baseline/primary200/resImgs/baseline_B0_gaussian_threshold_primary200_crack_00226.png
baseline_B0_gaussian_threshold,0,0,227,3356,55904,546,0.0566317921,0.8600717581,0.1062664260,0.0566317921,0.8600717581,0.1062664260,./imgs_0710_2026_v1/output/traditional_baseline/primary200/resImgs/baseline_B0_gaussian_threshold_primary200_crack_00227.png
baseline_B0_gaussian_threshold,0,0,228,3601,45196,357,0.0737955202,0.9098029308,0.1365178656,0.0737955202,0.9098029308,0.1365178656,./imgs_0710_2026_v1/output/traditional_baseline/primary200/resImgs/baseline_B0_gaussian_threshold_primary200_crack_00228.png
baseline_B0_gaussian_threshold,0,0,229,4115,53213,868,0.0717799330,0.8258077463,0.1320794081,0.0717799330,0.8258077463,0.1320794081,./imgs_0710_2026_v1/output/traditional_baseline/primary200/resImgs/baseline_B0_gaussian_threshold_primary200_crack_00229.png
baseline_B0_gaussian_threshold,0,0,230,3304,43975,372,0.0698830348,0.8988030468,0.1296830537,0.0698830348,0.8988030468,0.1296830537,./imgs_0710_2026_v1/output/traditional_baseline/primary200/resImgs/baseline_B0_gaussian_threshold_primary200_crack_00230.png
baseline_B0_gaussian_threshold,0,0,231,3764,44213,406,0.0784542593,0.9026378897,0.1443611330,0.0784542593,0.9026378897,0.1443611330,./imgs_0710_2026_v1/output/traditional_baseline/primary200/resImgs/baseline_B0_gaussian_threshold_primary200_crack_00231.png
baseline_B0_gaussian_threshold,0,0,232,1102,24335,261,0.0433227189,0.8085106383,0.0822388060,0.0433227189,0.8085106383,0.0822388060,./imgs_0710_2026_v1/output/traditional_baseline/primary200/resImgs/baseline_B0_gaussian_threshold_primary200_crack_00232.png
baseline_B0_gaussian_threshold,0,0,233,2235,30087,371,0.0691479488,0.8576362241,0.1279775538,0.0691479488,0.8576362241,0.1279775538,./imgs_0710_2026_v1/output/traditional_baseline/primary200/resImgs/baseline_B0_gaussian_threshold_primary200_crack_00233.png
baseline_B0_gaussian_threshold,0,0,234,3249,41023,230,0.0733872425,0.9338890486,0.1360809198,0.0733872425,0.9338890486,0.1360809198,./imgs_0710_2026_v1/output/traditional_baseline/primary200/resImgs/baseline_B0_gaussian_threshold_primary200_crack_00234.png
baseline_B0_gaussian_threshold,0,0,235,2439,47380,405,0.0489572252,0.8575949367,0.0926267019,0.0489572252,0.8575949367,0.0926267019,./imgs_0710_2026_v1/output/traditional_baseline/primary200/resImgs/baseline_B0_gaussian_threshold_primary200_crack_00235.png
baseline_B0_gaussian_threshold,0,0,236,9025,53038,1049,0.1454167539,0.8958705579,0.2502183346,0.1454167539,0.8958705579,0.2502183346,./imgs_0710_2026_v1/output/traditional_baseline/primary200/resImgs/baseline_B0_gaussian_threshold_primary200_crack_00236.png
baseline_B0_gaussian_threshold,0,0,237,3833,34461,449,0.1000940095,0.8951424568,0.1800544908,0.1000940095,0.8951424568,0.1800544908,./imgs_0710_2026_v1/output/traditional_baseline/primary200/resImgs/baseline_B0_gaussian_threshold_primary200_crack_00237.png
baseline_B0_gaussian_threshold,0,0,238,2589,45476,202,0.0538645584,0.9276245073,0.1018168948,0.0538645584,0.9276245073,0.1018168948,./imgs_0710_2026_v1/output/traditional_baseline/primary200/resImgs/baseline_B0_gaussian_threshold_primary200_crack_00238.png
baseline_B0_gaussian_threshold,0,0,239,2561,22005,227,0.1042497761,0.9185796270,0.1872486656,0.1042497761,0.9185796270,0.1872486656,./imgs_0710_2026_v1/output/traditional_baseline/primary200/resImgs/baseline_B0_gaussian_threshold_primary200_crack_00239.png
baseline_B0_gaussian_threshold,0,0,240,3729,21568,573,0.1474087837,0.8668061367,0.2519679719,0.1474087837,0.8668061367,0.2519679719,./imgs_0710_2026_v1/output/traditional_baseline/primary200/resImgs/baseline_B0_gaussian_threshold_primary200_crack_00240.png
baseline_B0_gaussian_threshold,0,0,241,2797,20894,271,0.1180617112,0.9116688396,0.2090511604,0.1180617112,0.9116688396,0.2090511604,./imgs_0710_2026_v1/output/traditional_baseline/primary200/resImgs/baseline_B0_gaussian_threshold_primary200_crack_00241.png
baseline_B0_gaussian_threshold,0,0,242,1837,27419,206,0.0627905387,0.8991678904,0.1173839420,0.0627905387,0.8991678904,0.1173839420,./imgs_0710_2026_v1/output/traditional_baseline/primary200/resImgs/baseline_B0_gaussian_threshold_primary200_crack_00242.png
baseline_B0_gaussian_threshold,0,0,243,2897,54738,229,0.0502645962,0.9267434421,0.0953572193,0.0502645962,0.9267434421,0.0953572193,./imgs_0710_2026_v1/output/traditional_baseline/primary200/resImgs/baseline_B0_gaussian_threshold_primary200_crack_00243.png
baseline_B0_gaussian_threshold,0,0,244,1827,46156,431,0.0380759852,0.8091231178,0.0727294441,0.0380759852,0.8091231178,0.0727294441,./imgs_0710_2026_v1/output/traditional_baseline/primary200/resImgs/baseline_B0_gaussian_threshold_primary200_crack_00244.png
baseline_B0_gaussian_threshold,0,0,245,1848,45731,315,0.0388406650,0.8543689320,0.0743034056,0.0388406650,0.8543689320,0.0743034056,./imgs_0710_2026_v1/output/traditional_baseline/primary200/resImgs/baseline_B0_gaussian_threshold_primary200_crack_00245.png
baseline_B0_gaussian_threshold,0,0,246,1294,26893,175,0.0459076879,0.8808713410,0.0872673321,0.0459076879,0.8808713410,0.0872673321,./imgs_0710_2026_v1/output/traditional_baseline/primary200/resImgs/baseline_B0_gaussian_threshold_primary200_crack_00246.png
baseline_B0_gaussian_threshold,0,0,247,760,23625,228,0.0311667008,0.7692307692,0.0599061995,0.0311667008,0.7692307692,0.0599061995,./imgs_0710_2026_v1/output/traditional_baseline/primary200/resImgs/baseline_B0_gaussian_threshold_primary200_crack_00247.png
baseline_B0_gaussian_threshold,0,0,248,1649,27411,217,0.0567446662,0.8837084673,0.1066416607,0.0567446662,0.8837084673,0.1066416607,./imgs_0710_2026_v1/output/traditional_baseline/primary200/resImgs/baseline_B0_gaussian_threshold_primary200_crack_00248.png
baseline_B0_gaussian_threshold,0,0,249,1213,26732,201,0.0434066917,0.8578500707,0.0826322422,0.0434066917,0.8578500707,0.0826322422,./imgs_0710_2026_v1/output/traditional_baseline/primary200/resImgs/baseline_B0_gaussian_threshold_primary200_crack_00249.png
baseline_B0_gaussian_threshold,0,0,250,1687,34637,223,0.0464431230,0.8832460733,0.0882460637,0.0464431230,0.8832460733,0.0882460637,./imgs_0710_2026_v1/output/traditional_baseline/primary200/resImgs/baseline_B0_gaussian_threshold_primary200_crack_00250.png
baseline_B0_gaussian_threshold,0,0,251,1217,86631,163,0.0138534742,0.8818840580,0.0272784328,0.0138534742,0.8818840580,0.0272784328,./imgs_0710_2026_v1/output/traditional_baseline/primary200/resImgs/baseline_B0_gaussian_threshold_primary200_crack_00251.png
baseline_B0_gaussian_threshold,0,0,252,2616,24733,488,0.0956524919,0.8427835052,0.1718057334,0.0956524919,0.8427835052,0.1718057334,./imgs_0710_2026_v1/output/traditional_baseline/primary200/resImgs/baseline_B0_gaussian_threshold_primary200_crack_00252.png
baseline_B0_gaussian_threshold,0,0,253,1449,34196,301,0.0406508627,0.8280000000,0.0774969916,0.0406508627,0.8280000000,0.0774969916,./imgs_0710_2026_v1/output/traditional_baseline/primary200/resImgs/baseline_B0_gaussian_threshold_primary200_crack_00253.png
baseline_B0_gaussian_threshold,0,0,254,1275,21916,414,0.0549782243,0.7548845471,0.1024919614,0.0549782243,0.7548845471,0.1024919614,./imgs_0710_2026_v1/output/traditional_baseline/primary200/resImgs/baseline_B0_gaussian_threshold_primary200_crack_00254.png
baseline_B0_gaussian_threshold,0,0,255,1606,23054,322,0.0651257097,0.8329875519,0.1208063788,0.0651257097,0.8329875519,0.1208063788,./imgs_0710_2026_v1/output/traditional_baseline/primary200/resImgs/baseline_B0_gaussian_threshold_primary200_crack_00255.png
baseline_B0_gaussian_threshold,0,0,256,1589,31710,423,0.0477191507,0.7897614314,0.0900002832,0.0477191507,0.7897614314,0.0900002832,./imgs_0710_2026_v1/output/traditional_baseline/primary200/resImgs/baseline_B0_gaussian_threshold_primary200_crack_00256.png
baseline_B0_gaussian_threshold,0,0,257,2307,24632,193,0.0856379227,0.9228000000,0.1567308672,0.0856379227,0.9228000000,0.1567308672,./imgs_0710_2026_v1/output/traditional_baseline/primary200/resImgs/baseline_B0_gaussian_threshold_primary200_crack_00257.png
baseline_B0_gaussian_threshold,0,0,258,2202,33812,299,0.0611428889,0.8804478209,0.1143450604,0.0611428889,0.8804478209,0.1143450604,./imgs_0710_2026_v1/output/traditional_baseline/primary200/resImgs/baseline_B0_gaussian_threshold_primary200_crack_00258.png
baseline_B0_gaussian_threshold,0,0,259,2116,28630,326,0.0688219606,0.8665028665,0.1275159696,0.0688219606,0.8665028665,0.1275159696,./imgs_0710_2026_v1/output/traditional_baseline/primary200/resImgs/baseline_B0_gaussian_threshold_primary200_crack_00259.png
baseline_B0_gaussian_threshold,0,0,260,1464,25609,46,0.0540760167,0.9695364238,0.1024385124,0.0540760167,0.9695364238,0.1024385124,./imgs_0710_2026_v1/output/traditional_baseline/primary200/resImgs/baseline_B0_gaussian_threshold_primary200_crack_00260.png
baseline_B0_gaussian_threshold,0,0,261,882,30007,73,0.0285538541,0.9235602094,0.0553950509,0.0285538541,0.9235602094,0.0553950509,./imgs_0710_2026_v1/output/traditional_baseline/primary200/resImgs/baseline_B0_gaussian_threshold_primary200_crack_00261.png
baseline_B0_gaussian_threshold,0,0,262,2335,29257,74,0.0739111167,0.9692818597,0.1373489015,0.0739111167,0.9692818597,0.1373489015,./imgs_0710_2026_v1/output/traditional_baseline/primary200/resImgs/baseline_B0_gaussian_threshold_primary200_crack_00262.png
baseline_B0_gaussian_threshold,0,0,263,1394,46580,67,0.0290574061,0.9541409993,0.0563972894,0.0290574061,0.9541409993,0.0563972894,./imgs_0710_2026_v1/output/traditional_baseline/primary200/resImgs/baseline_B0_gaussian_threshold_primary200_crack_00263.png
baseline_B0_gaussian_threshold,0,0,264,1514,27381,140,0.0523966084,0.9153567110,0.0991194474,0.0523966084,0.9153567110,0.0991194474,./imgs_0710_2026_v1/output/traditional_baseline/primary200/resImgs/baseline_B0_gaussian_threshold_primary200_crack_00264.png
baseline_B0_gaussian_threshold,0,0,265,2672,34924,152,0.0710713906,0.9461756374,0.1322117763,0.0710713906,0.9461756374,0.1322117763,./imgs_0710_2026_v1/output/traditional_baseline/primary200/resImgs/baseline_B0_gaussian_threshold_primary200_crack_00265.png
baseline_B0_gaussian_threshold,0,0,266,3054,28177,520,0.0977874548,0.8545047566,0.1754920270,0.0977874548,0.8545047566,0.1754920270,./imgs_0710_2026_v1/output/traditional_baseline/primary200/resImgs/baseline_B0_gaussian_threshold_primary200_crack_00266.png
baseline_B0_gaussian_threshold,0,0,267,1583,25502,35,0.0584456341,0.9783683560,0.1103020590,0.0584456341,0.9783683560,0.1103020590,./imgs_0710_2026_v1/output/traditional_baseline/primary200/resImgs/baseline_B0_gaussian_threshold_primary200_crack_00267.png
baseline_B0_gaussian_threshold,0,0,268,1881,28685,314,0.0615389649,0.8569476082,0.1148316596,0.0615389649,0.8569476082,0.1148316596,./imgs_0710_2026_v1/output/traditional_baseline/primary200/resImgs/baseline_B0_gaussian_threshold_primary200_crack_00268.png
baseline_B0_gaussian_threshold,0,0,269,1491,23992,218,0.0585095946,0.8724400234,0.1096646072,0.0585095946,0.8724400234,0.1096646072,./imgs_0710_2026_v1/output/traditional_baseline/primary200/resImgs/baseline_B0_gaussian_threshold_primary200_crack_00269.png
baseline_B0_gaussian_threshold,0,0,270,2952,31510,410,0.0856595671,0.8780487805,0.1560913706,0.0856595671,0.8780487805,0.1560913706,./imgs_0710_2026_v1/output/traditional_baseline/primary200/resImgs/baseline_B0_gaussian_threshold_primary200_crack_00270.png
baseline_B0_gaussian_threshold,0,0,271,1349,30716,67,0.0420707937,0.9526836158,0.0805830172,0.0420707937,0.9526836158,0.0805830172,./imgs_0710_2026_v1/output/traditional_baseline/primary200/resImgs/baseline_B0_gaussian_threshold_primary200_crack_00271.png
baseline_B0_gaussian_threshold,0,0,272,992,32242,24,0.0298489499,0.9763779528,0.0579270073,0.0298489499,0.9763779528,0.0579270073,./imgs_0710_2026_v1/output/traditional_baseline/primary200/resImgs/baseline_B0_gaussian_threshold_primary200_crack_00272.png
baseline_B0_gaussian_threshold,0,0,273,1636,22449,61,0.0679260951,0.9640542133,0.1269102475,0.0679260951,0.9640542133,0.1269102475,./imgs_0710_2026_v1/output/traditional_baseline/primary200/resImgs/baseline_B0_gaussian_threshold_primary200_crack_00273.png
baseline_B0_gaussian_threshold,0,0,274,1943,36139,121,0.0510214800,0.9413759690,0.0967966921,0.0510214800,0.9413759690,0.0967966921,./imgs_0710_2026_v1/output/traditional_baseline/primary200/resImgs/baseline_B0_gaussian_threshold_primary200_crack_00274.png
baseline_B0_gaussian_threshold,0,0,275,629,31602,36,0.0195153734,0.9458646617,0.0382417315,0.0195153734,0.9458646617,0.0382417315,./imgs_0710_2026_v1/output/traditional_baseline/primary200/resImgs/baseline_B0_gaussian_threshold_primary200_crack_00275.png
baseline_B0_gaussian_threshold,0,0,276,1350,24287,67,0.0526582673,0.9527170078,0.0998003992,0.0526582673,0.9527170078,0.0998003992,./imgs_0710_2026_v1/output/traditional_baseline/primary200/resImgs/baseline_B0_gaussian_threshold_primary200_crack_00276.png
baseline_B0_gaussian_threshold,0,0,277,743,43083,41,0.0169534067,0.9477040816,0.0333109168,0.0169534067,0.9477040816,0.0333109168,./imgs_0710_2026_v1/output/traditional_baseline/primary200/resImgs/baseline_B0_gaussian_threshold_primary200_crack_00277.png
baseline_B0_gaussian_threshold,0,0,278,1208,23924,174,0.0480662104,0.8740955137,0.0911216716,0.0480662104,0.8740955137,0.0911216716,./imgs_0710_2026_v1/output/traditional_baseline/primary200/resImgs/baseline_B0_gaussian_threshold_primary200_crack_00278.png
baseline_B0_gaussian_threshold,0,0,279,817,38868,98,0.0205871236,0.8928961749,0.0402463054,0.0205871236,0.8928961749,0.0402463054,./imgs_0710_2026_v1/output/traditional_baseline/primary200/resImgs/baseline_B0_gaussian_threshold_primary200_crack_00279.png
baseline_B0_gaussian_threshold,0,0,280,1315,34523,47,0.0366928958,0.9654919236,0.0706989247,0.0366928958,0.9654919236,0.0706989247,./imgs_0710_2026_v1/output/traditional_baseline/primary200/resImgs/baseline_B0_gaussian_threshold_primary200_crack_00280.png
baseline_B0_gaussian_threshold,0,0,281,701,31160,33,0.0220018204,0.9550408719,0.0430127320,0.0220018204,0.9550408719,0.0430127320,./imgs_0710_2026_v1/output/traditional_baseline/primary200/resImgs/baseline_B0_gaussian_threshold_primary200_crack_00281.png
baseline_B0_gaussian_threshold,0,0,282,1056,35482,76,0.0289014177,0.9328621908,0.0560658349,0.0289014177,0.9328621908,0.0560658349,./imgs_0710_2026_v1/output/traditional_baseline/primary200/resImgs/baseline_B0_gaussian_threshold_primary200_crack_00282.png
baseline_B0_gaussian_threshold,0,0,283,7008,9344,542,0.4285714286,0.9282119205,0.5863944440,0.4285714286,0.9282119205,0.5863944440,./imgs_0710_2026_v1/output/traditional_baseline/primary200/resImgs/baseline_B0_gaussian_threshold_primary200_crack_00283.png
baseline_B0_gaussian_threshold,0,0,284,8972,12751,366,0.4130184597,0.9608053116,0.5777019413,0.4130184597,0.9608053116,0.5777019413,./imgs_0710_2026_v1/output/traditional_baseline/primary200/resImgs/baseline_B0_gaussian_threshold_primary200_crack_00284.png
baseline_B0_gaussian_threshold,0,0,285,7513,15810,560,0.3221283711,0.9306329741,0.4785959995,0.3221283711,0.9306329741,0.4785959995,./imgs_0710_2026_v1/output/traditional_baseline/primary200/resImgs/baseline_B0_gaussian_threshold_primary200_crack_00285.png
baseline_B0_gaussian_threshold,0,0,286,20283,19510,2162,0.5097127636,0.9036756516,0.6517882965,0.5097127636,0.9036756516,0.6517882965,./imgs_0710_2026_v1/output/traditional_baseline/primary200/resImgs/baseline_B0_gaussian_threshold_primary200_crack_00286.png
baseline_B0_gaussian_threshold,0,0,287,2399,101947,338,0.0229908190,0.8765071246,0.0448063652,0.0229908190,0.8765071246,0.0448063652,./imgs_0710_2026_v1/output/traditional_baseline/primary200/resImgs/baseline_B0_gaussian_threshold_primary200_crack_00287.png
baseline_B0_gaussian_threshold,0,0,288,3238,93882,463,0.0333401977,0.8748986760,0.0642326499,0.0333401977,0.8748986760,0.0642326499,./imgs_0710_2026_v1/output/traditional_baseline/primary200/resImgs/baseline_B0_gaussian_threshold_primary200_crack_00288.png
baseline_B0_gaussian_threshold,0,0,289,7049,88064,500,0.0741118459,0.9337660617,0.1373244238,0.0741118459,0.9337660617,0.1373244238,./imgs_0710_2026_v1/output/traditional_baseline/primary200/resImgs/baseline_B0_gaussian_threshold_primary200_crack_00289.png
baseline_B0_gaussian_threshold,0,0,290,7230,92614,407,0.0724129642,0.9467068221,0.1345354063,0.0724129642,0.9467068221,0.1345354063,./imgs_0710_2026_v1/output/traditional_baseline/primary200/resImgs/baseline_B0_gaussian_threshold_primary200_crack_00290.png
baseline_B0_gaussian_threshold,0,0,291,3998,28014,704,0.1248906660,0.8502764781,0.2177915781,0.1248906660,0.8502764781,0.2177915781,./imgs_0710_2026_v1/output/traditional_baseline/primary200/resImgs/baseline_B0_gaussian_threshold_primary200_crack_00291.png
baseline_B0_gaussian_threshold,0,0,292,6260,27354,703,0.1862319272,0.8990377711,0.3085491781,0.1862319272,0.8990377711,0.3085491781,./imgs_0710_2026_v1/output/traditional_baseline/primary200/resImgs/baseline_B0_gaussian_threshold_primary200_crack_00292.png
baseline_B0_gaussian_threshold,0,0,293,3123,25250,342,0.1100694322,0.9012987013,0.1961806646,0.1100694322,0.9012987013,0.1961806646,./imgs_0710_2026_v1/output/traditional_baseline/primary200/resImgs/baseline_B0_gaussian_threshold_primary200_crack_00293.png
baseline_B0_gaussian_threshold,0,0,294,1099,19392,354,0.0536333024,0.7563661390,0.1001640540,0.0536333024,0.7563661390,0.1001640540,./imgs_0710_2026_v1/output/traditional_baseline/primary200/resImgs/baseline_B0_gaussian_threshold_primary200_crack_00294.png
baseline_B0_gaussian_threshold,0,0,295,767,16538,1504,0.0443224502,0.3377366799,0.0783612587,0.0443224502,0.3377366799,0.0783612587,./imgs_0710_2026_v1/output/traditional_baseline/primary200/resImgs/baseline_B0_gaussian_threshold_primary200_crack_00295.png
baseline_B0_gaussian_threshold,0,0,296,9753,131265,1222,0.0691613837,0.8886560364,0.1283348575,0.0691613837,0.8886560364,0.1283348575,./imgs_0710_2026_v1/output/traditional_baseline/primary200/resImgs/baseline_B0_gaussian_threshold_primary200_crack_00296.png
baseline_B0_gaussian_threshold,0,0,297,19162,109097,2219,0.1494008218,0.8962162668,0.2561079925,0.1494008218,0.8962162668,0.2561079925,./imgs_0710_2026_v1/output/traditional_baseline/primary200/resImgs/baseline_B0_gaussian_threshold_primary200_crack_00297.png
baseline_B0_gaussian_threshold,0,0,298,13622,119251,2906,0.1025189467,0.8241771539,0.1823548704,0.1025189467,0.8241771539,0.1823548704,./imgs_0710_2026_v1/output/traditional_baseline/primary200/resImgs/baseline_B0_gaussian_threshold_primary200_crack_00298.png
baseline_B0_gaussian_threshold,0,0,299,11430,116360,2940,0.0894436184,0.7954070981,0.1608047271,0.0894436184,0.7954070981,0.1608047271,./imgs_0710_2026_v1/output/traditional_baseline/primary200/resImgs/baseline_B0_gaussian_threshold_primary200_crack_00299.png
baseline_B0_gaussian_threshold,0,0,300,9739,59768,1706,0.1401153841,0.8509392748,0.2406117205,0.1401153841,0.8509392748,0.2406117205,./imgs_0710_2026_v1/output/traditional_baseline/primary200/resImgs/baseline_B0_gaussian_threshold_primary200_crack_00300.png
baseline_B0_gaussian_threshold,0,0,301,8658,62687,2888,0.1213539842,0.7498700849,0.2089008457,0.1213539842,0.7498700849,0.2089008457,./imgs_0710_2026_v1/output/traditional_baseline/primary200/resImgs/baseline_B0_gaussian_threshold_primary200_crack_00301.png
baseline_B0_gaussian_threshold,0,0,302,13620,54426,4200,0.2001587162,0.7643097643,0.3172384879,0.2001587162,0.7643097643,0.3172384879,./imgs_0710_2026_v1/output/traditional_baseline/primary200/resImgs/baseline_B0_gaussian_threshold_primary200_crack_00302.png
baseline_B0_gaussian_threshold,0,0,303,7345,51920,1668,0.1239348688,0.8149339842,0.2151498286,0.1239348688,0.8149339842,0.2151498286,./imgs_0710_2026_v1/output/traditional_baseline/primary200/resImgs/baseline_B0_gaussian_threshold_primary200_crack_00303.png
baseline_B0_gaussian_threshold,0,0,304,10939,54492,1380,0.1671837508,0.8879779203,0.2813890675,0.1671837508,0.8879779203,0.2813890675,./imgs_0710_2026_v1/output/traditional_baseline/primary200/resImgs/baseline_B0_gaussian_threshold_primary200_crack_00304.png
baseline_B0_gaussian_threshold,0,0,305,7417,47616,432,0.1347736812,0.9449611415,0.2359021660,0.1347736812,0.9449611415,0.2359021660,./imgs_0710_2026_v1/output/traditional_baseline/primary200/resImgs/baseline_B0_gaussian_threshold_primary200_crack_00305.png
baseline_B0_gaussian_threshold,0,0,306,13669,43430,1596,0.2393912328,0.8954471012,0.3777845337,0.2393912328,0.8954471012,0.3777845337,./imgs_0710_2026_v1/output/traditional_baseline/primary200/resImgs/baseline_B0_gaussian_threshold_primary200_crack_00306.png
baseline_B0_gaussian_threshold,0,0,307,7894,37314,976,0.1746151124,0.8899661781,0.2919486667,0.1746151124,0.8899661781,0.2919486667,./imgs_0710_2026_v1/output/traditional_baseline/primary200/resImgs/baseline_B0_gaussian_threshold_primary200_crack_00307.png
baseline_B0_gaussian_threshold,0,0,308,9343,100984,786,0.0846846194,0.9224010268,0.1551271834,0.0846846194,0.9224010268,0.1551271834,./imgs_0710_2026_v1/output/traditional_baseline/primary200/resImgs/baseline_B0_gaussian_threshold_primary200_crack_00308.png
baseline_B0_gaussian_threshold,0,0,309,2744,48542,1825,0.0535038802,0.6005690523,0.0982544087,0.0535038802,0.6005690523,0.0982544087,./imgs_0710_2026_v1/output/traditional_baseline/primary200/resImgs/baseline_B0_gaussian_threshold_primary200_crack_00309.png
baseline_B0_gaussian_threshold,0,0,310,12272,81235,784,0.1312415113,0.9399509804,0.2303238460,0.1312415113,0.9399509804,0.2303238460,./imgs_0710_2026_v1/output/traditional_baseline/primary200/resImgs/baseline_B0_gaussian_threshold_primary200_crack_00310.png
baseline_B0_gaussian_threshold,0,0,311,7659,50449,1399,0.1318062917,0.8455508942,0.2280618170,0.1318062917,0.8455508942,0.2280618170,./imgs_0710_2026_v1/output/traditional_baseline/primary200/resImgs/baseline_B0_gaussian_threshold_primary200_crack_00311.png
baseline_B0_gaussian_threshold,0,0,312,2641,49221,699,0.0509236050,0.7907185629,0.0956849390,0.0509236050,0.7907185629,0.0956849390,./imgs_0710_2026_v1/output/traditional_baseline/primary200/resImgs/baseline_B0_gaussian_threshold_primary200_crack_00312.png
baseline_B0_gaussian_threshold,0,0,313,5160,53889,466,0.0873850531,0.9171702808,0.1595670661,0.0873850531,0.9171702808,0.1595670661,./imgs_0710_2026_v1/output/traditional_baseline/primary200/resImgs/baseline_B0_gaussian_threshold_primary200_crack_00313.png
baseline_B0_gaussian_threshold,0,0,314,3598,59004,383,0.0574742021,0.9037930168,0.1080756349,0.0574742021,0.9037930168,0.1080756349,./imgs_0710_2026_v1/output/traditional_baseline/primary200/resImgs/baseline_B0_gaussian_threshold_primary200_crack_00314.png
baseline_B0_gaussian_threshold,0,0,315,6854,34679,2471,0.1650254015,0.7350134048,0.2695347831,0.1650254015,0.7350134048,0.2695347831,./imgs_0710_2026_v1/output/traditional_baseline/primary200/resImgs/baseline_B0_gaussian_threshold_primary200_crack_00315.png
baseline_B0_gaussian_threshold,0,0,316,2787,47995,914,0.0548816510,0.7530397190,0.1023071417,0.0548816510,0.7530397190,0.1023071417,./imgs_0710_2026_v1/output/traditional_baseline/primary200/resImgs/baseline_B0_gaussian_threshold_primary200_crack_00316.png
baseline_B0_gaussian_threshold,0,0,317,3427,52547,116,0.0612248544,0.9672593847,0.1151603743,0.0612248544,0.9672593847,0.1151603743,./imgs_0710_2026_v1/output/traditional_baseline/primary200/resImgs/baseline_B0_gaussian_threshold_primary200_crack_00317.png
baseline_B0_gaussian_threshold,0,0,318,4969,23576,164,0.1740760203,0.9680498734,0.2950887820,0.1740760203,0.9680498734,0.2950887820,./imgs_0710_2026_v1/output/traditional_baseline/primary200/resImgs/baseline_B0_gaussian_threshold_primary200_crack_00318.png
baseline_B0_gaussian_threshold,0,0,319,1802,19798,715,0.0834259259,0.7159316647,0.1494381557,0.0834259259,0.7159316647,0.1494381557,./imgs_0710_2026_v1/output/traditional_baseline/primary200/resImgs/baseline_B0_gaussian_threshold_primary200_crack_00319.png
baseline_B0_gaussian_threshold,0,0,320,4717,20869,444,0.1843586336,0.9139701608,0.3068266823,0.1843586336,0.9139701608,0.3068266823,./imgs_0710_2026_v1/output/traditional_baseline/primary200/resImgs/baseline_B0_gaussian_threshold_primary200_crack_00320.png
baseline_B0_gaussian_threshold,0,0,321,10621,74192,2346,0.1252284438,0.8190792010,0.2172427899,0.1252284438,0.8190792010,0.2172427899,./imgs_0710_2026_v1/output/traditional_baseline/primary200/resImgs/baseline_B0_gaussian_threshold_primary200_crack_00321.png
baseline_B0_gaussian_threshold,0,0,322,7546,34141,2368,0.1810156644,0.7611458543,0.2924749520,0.1810156644,0.7611458543,0.2924749520,./imgs_0710_2026_v1/output/traditional_baseline/primary200/resImgs/baseline_B0_gaussian_threshold_primary200_crack_00322.png
baseline_B0_gaussian_threshold,0,0,323,8450,14638,1709,0.3659909910,0.8317747810,0.5083165398,0.3659909910,0.8317747810,0.5083165398,./imgs_0710_2026_v1/output/traditional_baseline/primary200/resImgs/baseline_B0_gaussian_threshold_primary200_crack_00323.png
baseline_B0_gaussian_threshold,0,0,324,18189,106308,2462,0.1460999060,0.8807805917,0.2506269463,0.1460999060,0.8807805917,0.2506269463,./imgs_0710_2026_v1/output/traditional_baseline/primary200/resImgs/baseline_B0_gaussian_threshold_primary200_crack_00324.png
baseline_B0_gaussian_threshold,0,0,325,2886,8532,1523,0.2527588019,0.6545701973,0.3646932457,0.2527588019,0.6545701973,0.3646932457,./imgs_0710_2026_v1/output/traditional_baseline/primary200/resImgs/baseline_B0_gaussian_threshold_primary200_crack_00325.png
baseline_B0_gaussian_threshold,0,0,326,11117,50390,5191,0.1807436552,0.6816899681,0.2857289726,0.1807436552,0.6816899681,0.2857289726,./imgs_0710_2026_v1/output/traditional_baseline/primary200/resImgs/baseline_B0_gaussian_threshold_primary200_crack_00326.png
baseline_B0_gaussian_threshold,0,0,327,7404,20987,2118,0.2607868691,0.7775677379,0.3905784296,0.2607868691,0.7775677379,0.3905784296,./imgs_0710_2026_v1/output/traditional_baseline/primary200/resImgs/baseline_B0_gaussian_threshold_primary200_crack_00327.png
baseline_B0_gaussian_threshold,0,0,328,12767,112797,1292,0.1016772323,0.9081015719,0.1828781791,0.1016772323,0.9081015719,0.1828781791,./imgs_0710_2026_v1/output/traditional_baseline/primary200/resImgs/baseline_B0_gaussian_threshold_primary200_crack_00328.png
baseline_B0_gaussian_threshold,0,0,329,4871,11871,1503,0.2909449289,0.7641983056,0.4214396954,0.2909449289,0.7641983056,0.4214396954,./imgs_0710_2026_v1/output/traditional_baseline/primary200/resImgs/baseline_B0_gaussian_threshold_primary200_crack_00329.png
baseline_B0_gaussian_threshold,0,0,330,9766,46613,2005,0.1732205254,0.8296661286,0.2866030814,0.1732205254,0.8296661286,0.2866030814,./imgs_0710_2026_v1/output/traditional_baseline/primary200/resImgs/baseline_B0_gaussian_threshold_primary200_crack_00330.png
baseline_B0_gaussian_threshold,0,0,331,10821,24905,2475,0.3028886525,0.8138537906,0.4414752560,0.3028886525,0.8138537906,0.4414752560,./imgs_0710_2026_v1/output/traditional_baseline/primary200/resImgs/baseline_B0_gaussian_threshold_primary200_crack_00331.png
baseline_B0_gaussian_threshold,0,0,332,10254,68977,2889,0.1294190405,0.7801871719,0.2220105224,0.1294190405,0.7801871719,0.2220105224,./imgs_0710_2026_v1/output/traditional_baseline/primary200/resImgs/baseline_B0_gaussian_threshold_primary200_crack_00332.png
baseline_B0_gaussian_threshold,0,0,333,413,6585,269,0.0590168620,0.6055718475,0.1075520833,0.0590168620,0.6055718475,0.1075520833,./imgs_0710_2026_v1/output/traditional_baseline/primary200/resImgs/baseline_B0_gaussian_threshold_primary200_crack_00333.png
baseline_B0_gaussian_threshold,0,0,334,7304,26304,3533,0.2173292073,0.6739872658,0.3286758916,0.2173292073,0.6739872658,0.3286758916,./imgs_0710_2026_v1/output/traditional_baseline/primary200/resImgs/baseline_B0_gaussian_threshold_primary200_crack_00334.png
baseline_B0_gaussian_threshold,0,0,335,10260,14356,3012,0.4168020799,0.7730560579,0.5415962838,0.4168020799,0.7730560579,0.5415962838,./imgs_0710_2026_v1/output/traditional_baseline/primary200/resImgs/baseline_B0_gaussian_threshold_primary200_crack_00335.png
baseline_B0_gaussian_threshold,0,0,336,3198,23279,933,0.1207840767,0.7741466957,0.2089649765,0.1207840767,0.7741466957,0.2089649765,./imgs_0710_2026_v1/output/traditional_baseline/primary200/resImgs/baseline_B0_gaussian_threshold_primary200_crack_00336.png
baseline_B0_gaussian_threshold,0,0,337,3260,11305,2355,0.2238242362,0.5805877115,0.3230921705,0.2238242362,0.5805877115,0.3230921705,./imgs_0710_2026_v1/output/traditional_baseline/primary200/resImgs/baseline_B0_gaussian_threshold_primary200_crack_00337.png
baseline_B0_gaussian_threshold,0,0,338,7164,32072,1639,0.1825874197,0.8138134727,0.2982576656,0.1825874197,0.8138134727,0.2982576656,./imgs_0710_2026_v1/output/traditional_baseline/primary200/resImgs/baseline_B0_gaussian_threshold_primary200_crack_00338.png
baseline_B0_gaussian_threshold,0,0,339,2849,20603,1145,0.1214821764,0.7133199800,0.2076076660,0.1214821764,0.7133199800,0.2076076660,./imgs_0710_2026_v1/output/traditional_baseline/primary200/resImgs/baseline_B0_gaussian_threshold_primary200_crack_00339.png
baseline_B0_gaussian_threshold,0,0,340,5439,11483,4184,0.3214159083,0.5652083550,0.4097946883,0.3214159083,0.5652083550,0.4097946883,./imgs_0710_2026_v1/output/traditional_baseline/primary200/resImgs/baseline_B0_gaussian_threshold_primary200_crack_00340.png
baseline_B0_gaussian_threshold,0,0,341,4992,13434,2413,0.2709215239,0.6741390952,0.3865123301,0.2709215239,0.6741390952,0.3865123301,./imgs_0710_2026_v1/output/traditional_baseline/primary200/resImgs/baseline_B0_gaussian_threshold_primary200_crack_00341.png
baseline_B0_gaussian_threshold,0,0,342,2648,18897,832,0.1229055465,0.7609195402,0.2116283716,0.1229055465,0.7609195402,0.2116283716,./imgs_0710_2026_v1/output/traditional_baseline/primary200/resImgs/baseline_B0_gaussian_threshold_primary200_crack_00342.png
baseline_B0_gaussian_threshold,0,0,343,12112,16127,1383,0.4289103722,0.8975175991,0.5804380122,0.4289103722,0.8975175991,0.5804380122,./imgs_0710_2026_v1/output/traditional_baseline/primary200/resImgs/baseline_B0_gaussian_threshold_primary200_crack_00343.png
baseline_B0_gaussian_threshold,0,0,344,8107,22928,2663,0.2612212019,0.7527390901,0.3878483435,0.2612212019,0.7527390901,0.3878483435,./imgs_0710_2026_v1/output/traditional_baseline/primary200/resImgs/baseline_B0_gaussian_threshold_primary200_crack_00344.png
baseline_B0_gaussian_threshold,0,0,345,4005,16853,847,0.1920126570,0.8254328112,0.3115519253,0.1920126570,0.8254328112,0.3115519253,./imgs_0710_2026_v1/output/traditional_baseline/primary200/resImgs/baseline_B0_gaussian_threshold_primary200_crack_00345.png
baseline_B0_gaussian_threshold,0,0,346,7680,22354,1465,0.2557101951,0.8398031711,0.3920467597,0.2557101951,0.8398031711,0.3920467597,./imgs_0710_2026_v1/output/traditional_baseline/primary200/resImgs/baseline_B0_gaussian_threshold_primary200_crack_00346.png
baseline_B0_gaussian_threshold,0,0,347,3179,27299,943,0.1043047444,0.7712275594,0.1837572254,0.1043047444,0.7712275594,0.1837572254,./imgs_0710_2026_v1/output/traditional_baseline/primary200/resImgs/baseline_B0_gaussian_threshold_primary200_crack_00347.png
baseline_B0_gaussian_threshold,0,0,348,7468,26381,1024,0.2206269018,0.8794159209,0.3527550129,0.2206269018,0.8794159209,0.3527550129,./imgs_0710_2026_v1/output/traditional_baseline/primary200/resImgs/baseline_B0_gaussian_threshold_primary200_crack_00348.png
baseline_B0_gaussian_threshold,0,0,349,7187,28898,761,0.1991686296,0.9042526422,0.3264369904,0.1991686296,0.9042526422,0.3264369904,./imgs_0710_2026_v1/output/traditional_baseline/primary200/resImgs/baseline_B0_gaussian_threshold_primary200_crack_00349.png
baseline_B0_gaussian_threshold,0,0,350,919,28386,262,0.0313598362,0.7781541067,0.0602899692,0.0313598362,0.7781541067,0.0602899692,./imgs_0710_2026_v1/output/traditional_baseline/primary200/resImgs/baseline_B0_gaussian_threshold_primary200_crack_00350.png
baseline_B0_gaussian_threshold,0,0,351,1861,16769,1516,0.0998926463,0.5510808410,0.1691280047,0.0998926463,0.5510808410,0.1691280047,./imgs_0710_2026_v1/output/traditional_baseline/primary200/resImgs/baseline_B0_gaussian_threshold_primary200_crack_00351.png
baseline_B0_gaussian_threshold,0,0,352,518,29798,751,0.0170866869,0.4081954295,0.0328003799,0.0170866869,0.4081954295,0.0328003799,./imgs_0710_2026_v1/output/traditional_baseline/primary200/resImgs/baseline_B0_gaussian_threshold_primary200_crack_00352.png
baseline_B0_gaussian_threshold,0,0,353,934,12257,656,0.0708058525,0.5874213836,0.1263784588,0.0708058525,0.5874213836,0.1263784588,./imgs_0710_2026_v1/output/traditional_baseline/primary200/resImgs/baseline_B0_gaussian_threshold_primary200_crack_00353.png
baseline_B0_gaussian_threshold,0,0,354,521,19970,927,0.0254257967,0.3598066298,0.0474953280,0.0254257967,0.3598066298,0.0474953280,./imgs_0710_2026_v1/output/traditional_baseline/primary200/resImgs/baseline_B0_gaussian_threshold_primary200_crack_00354.png
baseline_B0_gaussian_threshold,0,0,355,1395,11047,2524,0.1121202379,0.3559581526,0.1705274739,0.1121202379,0.3559581526,0.1705274739,./imgs_0710_2026_v1/output/traditional_baseline/primary200/resImgs/baseline_B0_gaussian_threshold_primary200_crack_00355.png
baseline_B0_gaussian_threshold,0,0,356,1015,12457,2619,0.0753414489,0.2793065493,0.1186718111,0.0753414489,0.2793065493,0.1186718111,./imgs_0710_2026_v1/output/traditional_baseline/primary200/resImgs/baseline_B0_gaussian_threshold_primary200_crack_00356.png
baseline_B0_gaussian_threshold,0,0,357,786,11851,311,0.0621983066,0.7164995442,0.1144604631,0.0621983066,0.7164995442,0.1144604631,./imgs_0710_2026_v1/output/traditional_baseline/primary200/resImgs/baseline_B0_gaussian_threshold_primary200_crack_00357.png
baseline_B0_gaussian_threshold,0,0,358,596,7771,293,0.0712322218,0.6704161980,0.1287813310,0.0712322218,0.6704161980,0.1287813310,./imgs_0710_2026_v1/output/traditional_baseline/primary200/resImgs/baseline_B0_gaussian_threshold_primary200_crack_00358.png
baseline_B0_gaussian_threshold,0,0,359,960,8681,640,0.0995747329,0.6000000000,0.1708033093,0.0995747329,0.6000000000,0.1708033093,./imgs_0710_2026_v1/output/traditional_baseline/primary200/resImgs/baseline_B0_gaussian_threshold_primary200_crack_00359.png
baseline_B0_gaussian_threshold,0,0,360,831,18508,344,0.0429701639,0.7072340426,0.0810178415,0.0429701639,0.7072340426,0.0810178415,./imgs_0710_2026_v1/output/traditional_baseline/primary200/resImgs/baseline_B0_gaussian_threshold_primary200_crack_00360.png
baseline_B0_gaussian_threshold,0,0,361,2089,12151,326,0.1466994382,0.8650103520,0.2508555989,0.1466994382,0.8650103520,0.2508555989,./imgs_0710_2026_v1/output/traditional_baseline/primary200/resImgs/baseline_B0_gaussian_threshold_primary200_crack_00361.png
baseline_B0_gaussian_threshold,0,0,362,7614,38124,2407,0.1664698937,0.7598044107,0.2731038935,0.1664698937,0.7598044107,0.2731038935,./imgs_0710_2026_v1/output/traditional_baseline/primary200/resImgs/baseline_B0_gaussian_threshold_primary200_crack_00362.png
baseline_B0_gaussian_threshold,0,0,363,3435,20366,229,0.1443216672,0.9375000000,0.2501365374,0.1443216672,0.9375000000,0.2501365374,./imgs_0710_2026_v1/output/traditional_baseline/primary200/resImgs/baseline_B0_gaussian_threshold_primary200_crack_00363.png
baseline_B0_gaussian_threshold,0,0,364,5718,18935,1344,0.2319393177,0.8096856415,0.3605864733,0.2319393177,0.8096856415,0.3605864733,./imgs_0710_2026_v1/output/traditional_baseline/primary200/resImgs/baseline_B0_gaussian_threshold_primary200_crack_00364.png
baseline_B0_gaussian_threshold,0,0,365,6429,15901,706,0.2879086431,0.9010511563,0.4363821483,0.2879086431,0.9010511563,0.4363821483,./imgs_0710_2026_v1/output/traditional_baseline/primary200/resImgs/baseline_B0_gaussian_threshold_primary200_crack_00365.png
baseline_B0_gaussian_threshold,0,0,366,1998,10288,298,0.1626241250,0.8702090592,0.2740364833,0.1626241250,0.8702090592,0.2740364833,./imgs_0710_2026_v1/output/traditional_baseline/primary200/resImgs/baseline_B0_gaussian_threshold_primary200_crack_00366.png
baseline_B0_gaussian_threshold,0,0,367,1142,8592,168,0.1173207315,0.8717557252,0.2068091271,0.1173207315,0.8717557252,0.2068091271,./imgs_0710_2026_v1/output/traditional_baseline/primary200/resImgs/baseline_B0_gaussian_threshold_primary200_crack_00367.png
baseline_B0_gaussian_threshold,0,0,368,11807,27084,350,0.3035920907,0.9712100025,0.4625842344,0.3035920907,0.9712100025,0.4625842344,./imgs_0710_2026_v1/output/traditional_baseline/primary200/resImgs/baseline_B0_gaussian_threshold_primary200_crack_00368.png
baseline_B0_gaussian_threshold,0,0,369,3425,19800,162,0.1474703983,0.9548369111,0.2554826197,0.1474703983,0.9548369111,0.2554826197,./imgs_0710_2026_v1/output/traditional_baseline/primary200/resImgs/baseline_B0_gaussian_threshold_primary200_crack_00369.png
baseline_B0_gaussian_threshold,0,0,370,7303,24272,1226,0.2312905780,0.8562551296,0.3642030720,0.2312905780,0.8562551296,0.3642030720,./imgs_0710_2026_v1/output/traditional_baseline/primary200/resImgs/baseline_B0_gaussian_threshold_primary200_crack_00370.png
baseline_B0_gaussian_threshold,0,0,371,1877,17588,308,0.0964294888,0.8590389016,0.1733949192,0.0964294888,0.8590389016,0.1733949192,./imgs_0710_2026_v1/output/traditional_baseline/primary200/resImgs/baseline_B0_gaussian_threshold_primary200_crack_00371.png
baseline_B0_gaussian_threshold,0,0,372,6642,14545,2387,0.3134941238,0.7356296378,0.4396346307,0.3134941238,0.7356296378,0.4396346307,./imgs_0710_2026_v1/output/traditional_baseline/primary200/resImgs/baseline_B0_gaussian_threshold_primary200_crack_00372.png
baseline_B0_gaussian_threshold,0,0,373,1249,11451,592,0.0983464567,0.6784356328,0.1717901107,0.0983464567,0.6784356328,0.1717901107,./imgs_0710_2026_v1/output/traditional_baseline/primary200/resImgs/baseline_B0_gaussian_threshold_primary200_crack_00373.png
baseline_B0_gaussian_threshold,0,0,374,6767,19955,2744,0.2532370332,0.7114919567,0.3735268954,0.2532370332,0.7114919567,0.3735268954,./imgs_0710_2026_v1/output/traditional_baseline/primary200/resImgs/baseline_B0_gaussian_threshold_primary200_crack_00374.png
baseline_B0_gaussian_threshold,0,0,375,1930,35687,235,0.0513065901,0.8914549654,0.0970288070,0.0513065901,0.8914549654,0.0970288070,./imgs_0710_2026_v1/output/traditional_baseline/primary200/resImgs/baseline_B0_gaussian_threshold_primary200_crack_00375.png
baseline_B0_gaussian_threshold,0,0,376,1290,9031,110,0.1249878888,0.9214285714,0.2201177374,0.1249878888,0.9214285714,0.2201177374,./imgs_0710_2026_v1/output/traditional_baseline/primary200/resImgs/baseline_B0_gaussian_threshold_primary200_crack_00376.png
baseline_B0_gaussian_threshold,0,0,377,1887,9028,293,0.1728813559,0.8655963303,0.2882016037,0.1728813559,0.8655963303,0.2882016037,./imgs_0710_2026_v1/output/traditional_baseline/primary200/resImgs/baseline_B0_gaussian_threshold_primary200_crack_00377.png
baseline_B0_gaussian_threshold,0,0,378,3514,10593,1210,0.2490961934,0.7438611346,0.3732143805,0.2490961934,0.7438611346,0.3732143805,./imgs_0710_2026_v1/output/traditional_baseline/primary200/resImgs/baseline_B0_gaussian_threshold_primary200_crack_00378.png
baseline_B0_gaussian_threshold,0,0,379,4006,7985,1160,0.3340838963,0.7754548974,0.4669814070,0.3340838963,0.7754548974,0.4669814070,./imgs_0710_2026_v1/output/traditional_baseline/primary200/resImgs/baseline_B0_gaussian_threshold_primary200_crack_00379.png
baseline_B0_gaussian_threshold,0,0,380,529,4353,379,0.1083572306,0.5825991189,0.1827288428,0.1083572306,0.5825991189,0.1827288428,./imgs_0710_2026_v1/output/traditional_baseline/primary200/resImgs/baseline_B0_gaussian_threshold_primary200_crack_00380.png
baseline_B0_gaussian_threshold,0,0,381,2710,24654,1382,0.0990352288,0.6622678397,0.1723041709,0.0990352288,0.6622678397,0.1723041709,./imgs_0710_2026_v1/output/traditional_baseline/primary200/resImgs/baseline_B0_gaussian_threshold_primary200_crack_00381.png
baseline_B0_gaussian_threshold,0,0,382,3891,38182,1098,0.0924821144,0.7799158148,0.1653563384,0.0924821144,0.7799158148,0.1653563384,./imgs_0710_2026_v1/output/traditional_baseline/primary200/resImgs/baseline_B0_gaussian_threshold_primary200_crack_00382.png
baseline_B0_gaussian_threshold,0,0,383,4106,13775,1378,0.2296292154,0.7487235594,0.3514658678,0.2296292154,0.7487235594,0.3514658678,./imgs_0710_2026_v1/output/traditional_baseline/primary200/resImgs/baseline_B0_gaussian_threshold_primary200_crack_00383.png
baseline_B0_gaussian_threshold,0,0,384,962,7130,1196,0.1188828473,0.4457831325,0.1877073171,0.1188828473,0.4457831325,0.1877073171,./imgs_0710_2026_v1/output/traditional_baseline/primary200/resImgs/baseline_B0_gaussian_threshold_primary200_crack_00384.png
baseline_B0_gaussian_threshold,0,0,385,2195,8920,2405,0.1974808817,0.4771739130,0.2793509386,0.1974808817,0.4771739130,0.2793509386,./imgs_0710_2026_v1/output/traditional_baseline/primary200/resImgs/baseline_B0_gaussian_threshold_primary200_crack_00385.png
baseline_B0_gaussian_threshold,0,0,386,1624,34151,1037,0.0453948288,0.6102968809,0.0845041107,0.0453948288,0.6102968809,0.0845041107,./imgs_0710_2026_v1/output/traditional_baseline/primary200/resImgs/baseline_B0_gaussian_threshold_primary200_crack_00386.png
baseline_B0_gaussian_threshold,0,0,387,610,17777,574,0.0331756132,0.5152027027,0.0623371315,0.0331756132,0.5152027027,0.0623371315,./imgs_0710_2026_v1/output/traditional_baseline/primary200/resImgs/baseline_B0_gaussian_threshold_primary200_crack_00387.png
baseline_B0_gaussian_threshold,0,0,388,2911,12886,1263,0.1842754953,0.6974125539,0.2915227079,0.1842754953,0.6974125539,0.2915227079,./imgs_0710_2026_v1/output/traditional_baseline/primary200/resImgs/baseline_B0_gaussian_threshold_primary200_crack_00388.png
baseline_B0_gaussian_threshold,0,0,389,4521,3273,1811,0.5800615858,0.7139924195,0.6400962764,0.5800615858,0.7139924195,0.6400962764,./imgs_0710_2026_v1/output/traditional_baseline/primary200/resImgs/baseline_B0_gaussian_threshold_primary200_crack_00389.png
baseline_B0_gaussian_threshold,0,0,390,4575,4234,1908,0.5193552049,0.7056918093,0.5983520795,0.5193552049,0.7056918093,0.5983520795,./imgs_0710_2026_v1/output/traditional_baseline/primary200/resImgs/baseline_B0_gaussian_threshold_primary200_crack_00390.png
baseline_B0_gaussian_threshold,0,0,391,7742,13761,2969,0.3600427847,0.7228083279,0.4806605824,0.3600427847,0.7228083279,0.4806605824,./imgs_0710_2026_v1/output/traditional_baseline/primary200/resImgs/baseline_B0_gaussian_threshold_primary200_crack_00391.png
baseline_B0_gaussian_threshold,0,0,392,5670,9741,1143,0.3679190189,0.8322324967,0.5102591793,0.3679190189,0.8322324967,0.5102591793,./imgs_0710_2026_v1/output/traditional_baseline/primary200/resImgs/baseline_B0_gaussian_threshold_primary200_crack_00392.png
baseline_B0_gaussian_threshold,0,0,393,1390,6420,252,0.1779769526,0.8465286236,0.2941176471,0.1779769526,0.8465286236,0.2941176471,./imgs_0710_2026_v1/output/traditional_baseline/primary200/resImgs/baseline_B0_gaussian_threshold_primary200_crack_00393.png
baseline_B0_gaussian_threshold,0,0,394,2336,32481,739,0.0670936611,0.7596747967,0.1232977937,0.0670936611,0.7596747967,0.1232977937,./imgs_0710_2026_v1/output/traditional_baseline/primary200/resImgs/baseline_B0_gaussian_threshold_primary200_crack_00394.png
baseline_B0_gaussian_threshold,0,0,395,1091,5822,539,0.1578186026,0.6693251534,0.2554137891,0.1578186026,0.6693251534,0.2554137891,./imgs_0710_2026_v1/output/traditional_baseline/primary200/resImgs/baseline_B0_gaussian_threshold_primary200_crack_00395.png
baseline_B0_gaussian_threshold,0,0,396,1690,6105,587,0.2168056446,0.7422046552,0.3355837967,0.2168056446,0.7422046552,0.3355837967,./imgs_0710_2026_v1/output/traditional_baseline/primary200/resImgs/baseline_B0_gaussian_threshold_primary200_crack_00396.png
baseline_B0_gaussian_threshold,0,0,397,716,3039,107,0.1906790945,0.8699878493,0.3128003495,0.1906790945,0.8699878493,0.3128003495,./imgs_0710_2026_v1/output/traditional_baseline/primary200/resImgs/baseline_B0_gaussian_threshold_primary200_crack_00397.png
baseline_B0_gaussian_threshold,0,0,398,1311,2403,550,0.3529886914,0.7044599678,0.4703139013,0.3529886914,0.7044599678,0.4703139013,./imgs_0710_2026_v1/output/traditional_baseline/primary200/resImgs/baseline_B0_gaussian_threshold_primary200_crack_00398.png
baseline_B0_gaussian_threshold,0,0,399,1802,38918,341,0.0442534381,0.8408772748,0.0840818421,0.0442534381,0.8408772748,0.0840818421,./imgs_0710_2026_v1/output/traditional_baseline/primary200/resImgs/baseline_B0_gaussian_threshold_primary200_crack_00399.png
baseline_B0_gaussian_threshold,0,0,400,1590,67890,44,0.0228842832,0.9730722154,0.0447169334,0.0228842832,0.9730722154,0.0447169334,./imgs_0710_2026_v1/output/traditional_baseline/primary200/resImgs/baseline_B0_gaussian_threshold_primary200_crack_00400.png
baseline_B0_gaussian_threshold,0,0,401,574,45322,38,0.0125065365,0.9379084967,0.0246839253,0.0125065365,0.9379084967,0.0246839253,./imgs_0710_2026_v1/output/traditional_baseline/primary200/resImgs/baseline_B0_gaussian_threshold_primary200_crack_00401.png
baseline_B0_gaussian_threshold,0,0,402,4314,67026,63,0.0604709840,0.9856065798,0.1139506320,0.0604709840,0.9856065798,0.1139506320,./imgs_0710_2026_v1/output/traditional_baseline/primary200/resImgs/baseline_B0_gaussian_threshold_primary200_crack_00402.png
baseline_B0_gaussian_threshold,0,0,403,3334,39940,570,0.0770439525,0.8539959016,0.1413370639,0.0770439525,0.8539959016,0.1413370639,./imgs_0710_2026_v1/output/traditional_baseline/primary200/resImgs/baseline_B0_gaussian_threshold_primary200_crack_00403.png
baseline_B0_gaussian_threshold,0,0,404,2036,43226,239,0.0449825461,0.8949450549,0.0856595915,0.0449825461,0.8949450549,0.0856595915,./imgs_0710_2026_v1/output/traditional_baseline/primary200/resImgs/baseline_B0_gaussian_threshold_primary200_crack_00404.png
baseline_B0_gaussian_threshold,0,0,405,1970,14386,651,0.1204450966,0.7516215185,0.2076197502,0.1204450966,0.7516215185,0.2076197502,./imgs_0710_2026_v1/output/traditional_baseline/primary200/resImgs/baseline_B0_gaussian_threshold_primary200_crack_00405.png
baseline_B0_gaussian_threshold,0,0,406,756,34898,279,0.0212037920,0.7304347826,0.0412112622,0.0212037920,0.7304347826,0.0412112622,./imgs_0710_2026_v1/output/traditional_baseline/primary200/resImgs/baseline_B0_gaussian_threshold_primary200_crack_00406.png
baseline_B0_gaussian_threshold,0,0,407,1983,25058,436,0.0733330868,0.8197602315,0.1346232179,0.0733330868,0.8197602315,0.1346232179,./imgs_0710_2026_v1/output/traditional_baseline/primary200/resImgs/baseline_B0_gaussian_threshold_primary200_crack_00407.png
baseline_B0_gaussian_threshold,0,0,408,2563,23401,505,0.0987136035,0.8353976532,0.1765637917,0.0987136035,0.8353976532,0.1765637917,./imgs_0710_2026_v1/output/traditional_baseline/primary200/resImgs/baseline_B0_gaussian_threshold_primary200_crack_00408.png
baseline_B0_gaussian_threshold,0,0,409,611,44821,103,0.0134486705,0.8557422969,0.0264811685,0.0134486705,0.8557422969,0.0264811685,./imgs_0710_2026_v1/output/traditional_baseline/primary200/resImgs/baseline_B0_gaussian_threshold_primary200_crack_00409.png
baseline_B0_gaussian_threshold,0,0,410,3926,21198,1127,0.1562649260,0.7769641797,0.2601981642,0.1562649260,0.7769641797,0.2601981642,./imgs_0710_2026_v1/output/traditional_baseline/primary200/resImgs/baseline_B0_gaussian_threshold_primary200_crack_00410.png
baseline_B1_canny_morph_cc,0,0,211,13,10777,2483,0.0012048193,0.0052083333,0.0019569472,0.0012048193,0.0052083333,0.0019569472,./imgs_0710_2026_v1/output/traditional_baseline/primary200/resImgs/baseline_B1_canny_morph_cc_primary200_crack_00211.png
baseline_B1_canny_morph_cc,0,0,212,322,11686,3017,0.0268154564,0.0964360587,0.0419625986,0.0268154564,0.0964360587,0.0419625986,./imgs_0710_2026_v1/output/traditional_baseline/primary200/resImgs/baseline_B1_canny_morph_cc_primary200_crack_00212.png
baseline_B1_canny_morph_cc,0,0,213,16,10517,999,0.0015190354,0.0157635468,0.0027710426,0.0015190354,0.0157635468,0.0027710426,./imgs_0710_2026_v1/output/traditional_baseline/primary200/resImgs/baseline_B1_canny_morph_cc_primary200_crack_00213.png
baseline_B1_canny_morph_cc,0,0,214,516,11770,2856,0.0419990233,0.1530249110,0.0659088006,0.0419990233,0.1530249110,0.0659088006,./imgs_0710_2026_v1/output/traditional_baseline/primary200/resImgs/baseline_B1_canny_morph_cc_primary200_crack_00214.png
baseline_B1_canny_morph_cc,0,0,215,8,11692,777,0.0006837607,0.0101910828,0.0012815378,0.0006837607,0.0101910828,0.0012815378,./imgs_0710_2026_v1/output/traditional_baseline/primary200/resImgs/baseline_B1_canny_morph_cc_primary200_crack_00215.png
baseline_B1_canny_morph_cc,0,0,216,145,10599,4640,0.0134959047,0.0303030303,0.0186747376,0.0134959047,0.0303030303,0.0186747376,./imgs_0710_2026_v1/output/traditional_baseline/primary200/resImgs/baseline_B1_canny_morph_cc_primary200_crack_00216.png
baseline_B1_canny_morph_cc,0,0,217,11,10636,1853,0.0010331549,0.0059012876,0.0017584526,0.0010331549,0.0059012876,0.0017584526,./imgs_0710_2026_v1/output/traditional_baseline/primary200/resImgs/baseline_B1_canny_morph_cc_primary200_crack_00217.png
baseline_B1_canny_morph_cc,0,0,218,211,12235,2383,0.0169532380,0.0813415574,0.0280585106,0.0169532380,0.0813415574,0.0280585106,./imgs_0710_2026_v1/output/traditional_baseline/primary200/resImgs/baseline_B1_canny_morph_cc_primary200_crack_00218.png
baseline_B1_canny_morph_cc,0,0,219,437,3667,3018,0.1064814815,0.1264833575,0.1156237598,0.1064814815,0.1264833575,0.1156237598,./imgs_0710_2026_v1/output/traditional_baseline/primary200/resImgs/baseline_B1_canny_morph_cc_primary200_crack_00219.png
baseline_B1_canny_morph_cc,0,0,220,181,5036,1212,0.0346942687,0.1299353912,0.0547655068,0.0346942687,0.1299353912,0.0547655068,./imgs_0710_2026_v1/output/traditional_baseline/primary200/resImgs/baseline_B1_canny_morph_cc_primary200_crack_00220.png
baseline_B1_canny_morph_cc,0,0,221,1293,5454,5962,0.1916407292,0.1782219159,0.1846879017,0.1916407292,0.1782219159,0.1846879017,./imgs_0710_2026_v1/output/traditional_baseline/primary200/resImgs/baseline_B1_canny_morph_cc_primary200_crack_00221.png
baseline_B1_canny_morph_cc,0,0,222,311,6510,3063,0.0455944876,0.0921754594,0.0610102992,0.0455944876,0.0921754594,0.0610102992,./imgs_0710_2026_v1/output/traditional_baseline/primary200/resImgs/baseline_B1_canny_morph_cc_primary200_crack_00222.png
baseline_B1_canny_morph_cc,0,0,223,116,8150,935,0.0140333898,0.1103710752,0.0249007191,0.0140333898,0.1103710752,0.0249007191,./imgs_0710_2026_v1/output/traditional_baseline/primary200/resImgs/baseline_B1_canny_morph_cc_primary200_crack_00223.png
baseline_B1_canny_morph_cc,0,0,224,403,3577,4628,0.1012562814,0.0801033592,0.0894462324,0.1012562814,0.0801033592,0.0894462324,./imgs_0710_2026_v1/output/traditional_baseline/primary200/resImgs/baseline_B1_canny_morph_cc_primary200_crack_00224.png
baseline_B1_canny_morph_cc,0,0,225,197,4990,3914,0.0379795643,0.0479202141,0.0423747042,0.0379795643,0.0479202141,0.0423747042,./imgs_0710_2026_v1/output/traditional_baseline/primary200/resImgs/baseline_B1_canny_morph_cc_primary200_crack_00225.png
baseline_B1_canny_morph_cc,0,0,226,30,5866,659,0.0050881954,0.0435413643,0.0091116173,0.0050881954,0.0435413643,0.0091116173,./imgs_0710_2026_v1/output/traditional_baseline/primary200/resImgs/baseline_B1_canny_morph_cc_primary200_crack_00226.png
baseline_B1_canny_morph_cc,0,0,227,96,5286,3806,0.0178372352,0.0246027678,0.0206807411,0.0178372352,0.0246027678,0.0206807411,./imgs_0710_2026_v1/output/traditional_baseline/primary200/resImgs/baseline_B1_canny_morph_cc_primary200_crack_00227.png
baseline_B1_canny_morph_cc,0,0,228,188,4458,3770,0.0404649161,0.0474987367,0.0437006044,0.0404649161,0.0474987367,0.0437006044,./imgs_0710_2026_v1/output/traditional_baseline/primary200/resImgs/baseline_B1_canny_morph_cc_primary200_crack_00228.png
baseline_B1_canny_morph_cc,0,0,229,148,6792,4835,0.0213256484,0.0297009833,0.0248259666,0.0213256484,0.0297009833,0.0248259666,./imgs_0710_2026_v1/output/traditional_baseline/primary200/resImgs/baseline_B1_canny_morph_cc_primary200_crack_00229.png
baseline_B1_canny_morph_cc,0,0,230,97,5125,3579,0.0185752585,0.0263873776,0.0218026523,0.0185752585,0.0263873776,0.0218026523,./imgs_0710_2026_v1/output/traditional_baseline/primary200/resImgs/baseline_B1_canny_morph_cc_primary200_crack_00230.png
baseline_B1_canny_morph_cc,0,0,231,184,5051,3986,0.0351480420,0.0441247002,0.0391281233,0.0351480420,0.0441247002,0.0391281233,./imgs_0710_2026_v1/output/traditional_baseline/primary200/resImgs/baseline_B1_canny_morph_cc_primary200_crack_00231.png
baseline_B1_canny_morph_cc,0,0,232,0,3929,1363,0.0000000000,0.0000000000,0.0000000000,0.0002544529,0.0007331378,0.0003777862,./imgs_0710_2026_v1/output/traditional_baseline/primary200/resImgs/baseline_B1_canny_morph_cc_primary200_crack_00232.png
baseline_B1_canny_morph_cc,0,0,233,45,3966,2561,0.0112191473,0.0172678434,0.0136013299,0.0112191473,0.0172678434,0.0136013299,./imgs_0710_2026_v1/output/traditional_baseline/primary200/resImgs/baseline_B1_canny_morph_cc_primary200_crack_00233.png
baseline_B1_canny_morph_cc,0,0,234,703,4627,2776,0.1318949343,0.2020695602,0.1596094903,0.1318949343,0.2020695602,0.1596094903,./imgs_0710_2026_v1/output/traditional_baseline/primary200/resImgs/baseline_B1_canny_morph_cc_primary200_crack_00234.png
baseline_B1_canny_morph_cc,0,0,235,22,9949,2822,0.0022063986,0.0077355837,0.0034334764,0.0022063986,0.0077355837,0.0034334764,./imgs_0710_2026_v1/output/traditional_baseline/primary200/resImgs/baseline_B1_canny_morph_cc_primary200_crack_00235.png
baseline_B1_canny_morph_cc,0,0,236,896,7808,9178,0.1029411765,0.0889418305,0.0954308233,0.1029411765,0.0889418305,0.0954308233,./imgs_0710_2026_v1/output/traditional_baseline/primary200/resImgs/baseline_B1_canny_morph_cc_primary200_crack_00236.png
baseline_B1_canny_morph_cc,0,0,237,146,5185,4136,0.0273869818,0.0340962167,0.0303755331,0.0273869818,0.0340962167,0.0303755331,./imgs_0710_2026_v1/output/traditional_baseline/primary200/resImgs/baseline_B1_canny_morph_cc_primary200_crack_00237.png
baseline_B1_canny_morph_cc,0,0,238,150,6783,2641,0.0216356556,0.0537441777,0.0308515014,0.0216356556,0.0537441777,0.0308515014,./imgs_0710_2026_v1/output/traditional_baseline/primary200/resImgs/baseline_B1_canny_morph_cc_primary200_crack_00238.png
baseline_B1_canny_morph_cc,0,0,239,263,103972,2525,0.0025231448,0.0943328551,0.0049148314,0.0025231448,0.0943328551,0.0049148314,./imgs_0710_2026_v1/output/traditional_baseline/primary200/resImgs/baseline_B1_canny_morph_cc_primary200_crack_00239.png
baseline_B1_canny_morph_cc,0,0,240,646,104408,3656,0.0061492185,0.1501627150,0.0118146238,0.0061492185,0.1501627150,0.0118146238,./imgs_0710_2026_v1/output/traditional_baseline/primary200/resImgs/baseline_B1_canny_morph_cc_primary200_crack_00240.png
baseline_B1_canny_morph_cc,0,0,241,90,102487,2978,0.0008773897,0.0293350717,0.0017038194,0.0008773897,0.0293350717,0.0017038194,./imgs_0710_2026_v1/output/traditional_baseline/primary200/resImgs/baseline_B1_canny_morph_cc_primary200_crack_00241.png
baseline_B1_canny_morph_cc,0,0,242,12,112217,2031,0.0001069242,0.0058737151,0.0002100252,0.0001069242,0.0058737151,0.0002100252,./imgs_0710_2026_v1/output/traditional_baseline/primary200/resImgs/baseline_B1_canny_morph_cc_primary200_crack_00242.png
baseline_B1_canny_morph_cc,0,0,243,328,7614,2798,0.0412994208,0.1049264235,0.0592699675,0.0412994208,0.1049264235,0.0592699675,./imgs_0710_2026_v1/output/traditional_baseline/primary200/resImgs/baseline_B1_canny_morph_cc_primary200_crack_00243.png
baseline_B1_canny_morph_cc,0,0,244,30,5276,2228,0.0056539766,0.0132860939,0.0079323109,0.0056539766,0.0132860939,0.0079323109,./imgs_0710_2026_v1/output/traditional_baseline/primary200/resImgs/baseline_B1_canny_morph_cc_primary200_crack_00244.png
baseline_B1_canny_morph_cc,0,0,245,5,11175,2158,0.0004472272,0.0023116043,0.0007494566,0.0004472272,0.0023116043,0.0007494566,./imgs_0710_2026_v1/output/traditional_baseline/primary200/resImgs/baseline_B1_canny_morph_cc_primary200_crack_00245.png
baseline_B1_canny_morph_cc,0,0,246,0,9463,1469,0.0000000000,0.0000000000,0.0000000000,0.0001056636,0.0006802721,0.0001829157,./imgs_0710_2026_v1/output/traditional_baseline/primary200/resImgs/baseline_B1_canny_morph_cc_primary200_crack_00246.png
baseline_B1_canny_morph_cc,0,0,247,5,9798,983,0.0005100479,0.0050607287,0.0009266982,0.0005100479,0.0050607287,0.0009266982,./imgs_0710_2026_v1/output/traditional_baseline/primary200/resImgs/baseline_B1_canny_morph_cc_primary200_crack_00247.png
baseline_B1_canny_morph_cc,0,0,248,24,8624,1842,0.0027752081,0.0128617363,0.0045653414,0.0027752081,0.0128617363,0.0045653414,./imgs_0710_2026_v1/output/traditional_baseline/primary200/resImgs/baseline_B1_canny_morph_cc_primary200_crack_00248.png
baseline_B1_canny_morph_cc,0,0,249,22,13143,1392,0.0016710976,0.0155586987,0.0030180396,0.0016710976,0.0155586987,0.0030180396,./imgs_0710_2026_v1/output/traditional_baseline/primary200/resImgs/baseline_B1_canny_morph_cc_primary200_crack_00249.png
baseline_B1_canny_morph_cc,0,0,250,32,7991,1878,0.0039885330,0.0167539267,0.0064431692,0.0039885330,0.0167539267,0.0064431692,./imgs_0710_2026_v1/output/traditional_baseline/primary200/resImgs/baseline_B1_canny_morph_cc_primary200_crack_00250.png
baseline_B1_canny_morph_cc,0,0,251,0,9807,1380,0.0000000000,0.0000000000,0.0000000000,0.0001019576,0.0007241130,0.0001787470,./imgs_0710_2026_v1/output/traditional_baseline/primary200/resImgs/baseline_B1_canny_morph_cc_primary200_crack_00251.png
baseline_B1_canny_morph_cc,0,0,252,9,100704,3095,0.0000893628,0.0028994845,0.0001733820,0.0000893628,0.0028994845,0.0001733820,./imgs_0710_2026_v1/output/traditional_baseline/primary200/resImgs/baseline_B1_canny_morph_cc_primary200_crack_00252.png
baseline_B1_canny_morph_cc,0,0,253,7,108181,1743,0.0000647022,0.0040000000,0.0001273445,0.0000647022,0.0040000000,0.0001273445,./imgs_0710_2026_v1/output/traditional_baseline/primary200/resImgs/baseline_B1_canny_morph_cc_primary200_crack_00253.png
baseline_B1_canny_morph_cc,0,0,254,0,109054,1689,0.0000000000,0.0000000000,0.0000000000,0.0000091697,0.0005917160,0.0000180595,./imgs_0710_2026_v1/output/traditional_baseline/primary200/resImgs/baseline_B1_canny_morph_cc_primary200_crack_00254.png
baseline_B1_canny_morph_cc,0,0,255,50,100422,1878,0.0004976511,0.0259336100,0.0009765625,0.0004976511,0.0259336100,0.0009765625,./imgs_0710_2026_v1/output/traditional_baseline/primary200/resImgs/baseline_B1_canny_morph_cc_primary200_crack_00255.png
baseline_B1_canny_morph_cc,0,0,256,84,100503,1928,0.0008350980,0.0417495030,0.0016374429,0.0008350980,0.0417495030,0.0016374429,./imgs_0710_2026_v1/output/traditional_baseline/primary200/resImgs/baseline_B1_canny_morph_cc_primary200_crack_00256.png
baseline_B1_canny_morph_cc,0,0,257,438,118394,2062,0.0036858759,0.1752000000,0.0072198596,0.0036858759,0.1752000000,0.0072198596,./imgs_0710_2026_v1/output/traditional_baseline/primary200/resImgs/baseline_B1_canny_morph_cc_primary200_crack_00257.png
baseline_B1_canny_morph_cc,0,0,258,383,94223,2118,0.0040483690,0.1531387445,0.0078882058,0.0040483690,0.1531387445,0.0078882058,./imgs_0710_2026_v1/output/traditional_baseline/primary200/resImgs/baseline_B1_canny_morph_cc_primary200_crack_00258.png
baseline_B1_canny_morph_cc,0,0,259,324,86504,2118,0.0037315152,0.1326781327,0.0072588776,0.0037315152,0.1326781327,0.0072588776,./imgs_0710_2026_v1/output/traditional_baseline/primary200/resImgs/baseline_B1_canny_morph_cc_primary200_crack_00259.png
baseline_B1_canny_morph_cc,0,0,260,440,106381,1070,0.0041190403,0.2913907285,0.0081232519,0.0041190403,0.2913907285,0.0081232519,./imgs_0710_2026_v1/output/traditional_baseline/primary200/resImgs/baseline_B1_canny_morph_cc_primary200_crack_00260.png
baseline_B1_canny_morph_cc,0,0,261,270,95223,685,0.0028274324,0.2827225131,0.0055988719,0.0028274324,0.2827225131,0.0055988719,./imgs_0710_2026_v1/output/traditional_baseline/primary200/resImgs/baseline_B1_canny_morph_cc_primary200_crack_00261.png
baseline_B1_canny_morph_cc,0,0,262,286,105869,2123,0.0026941736,0.1187214612,0.0052687815,0.0026941736,0.1187214612,0.0052687815,./imgs_0710_2026_v1/output/traditional_baseline/primary200/resImgs/baseline_B1_canny_morph_cc_primary200_crack_00262.png
baseline_B1_canny_morph_cc,0,0,263,159,95542,1302,0.0016614246,0.1088295688,0.0032728845,0.0016614246,0.1088295688,0.0032728845,./imgs_0710_2026_v1/output/traditional_baseline/primary200/resImgs/baseline_B1_canny_morph_cc_primary200_crack_00263.png
baseline_B1_canny_morph_cc,0,0,264,164,110247,1490,0.0014853592,0.0991535671,0.0029268728,0.0014853592,0.0991535671,0.0029268728,./imgs_0710_2026_v1/output/traditional_baseline/primary200/resImgs/baseline_B1_canny_morph_cc_primary200_crack_00264.png
baseline_B1_canny_morph_cc,0,0,265,595,88411,2229,0.0066849426,0.2106940510,0.0129587281,0.0066849426,0.2106940510,0.0129587281,./imgs_0710_2026_v1/output/traditional_baseline/primary200/resImgs/baseline_B1_canny_morph_cc_primary200_crack_00265.png
baseline_B1_canny_morph_cc,0,0,266,121,93931,3453,0.0012865223,0.0338556240,0.0024788478,0.0012865223,0.0338556240,0.0024788478,./imgs_0710_2026_v1/output/traditional_baseline/primary200/resImgs/baseline_B1_canny_morph_cc_primary200_crack_00266.png
baseline_B1_canny_morph_cc,0,0,267,87,76516,1531,0.0011357258,0.0537700865,0.0022244666,0.0011357258,0.0537700865,0.0022244666,./imgs_0710_2026_v1/output/traditional_baseline/primary200/resImgs/baseline_B1_canny_morph_cc_primary200_crack_00267.png
baseline_B1_canny_morph_cc,0,0,268,211,96826,1984,0.0021744283,0.0961275626,0.0042526604,0.0021744283,0.0961275626,0.0042526604,./imgs_0710_2026_v1/output/traditional_baseline/primary200/resImgs/baseline_B1_canny_morph_cc_primary200_crack_00268.png
baseline_B1_canny_morph_cc,0,0,269,66,84267,1643,0.0007826118,0.0386190755,0.0015341345,0.0007826118,0.0386190755,0.0015341345,./imgs_0710_2026_v1/output/traditional_baseline/primary200/resImgs/baseline_B1_canny_morph_cc_primary200_crack_00269.png
baseline_B1_canny_morph_cc,0,0,270,152,73302,3210,0.0020693223,0.0452111838,0.0039575089,0.0020693223,0.0452111838,0.0039575089,./imgs_0710_2026_v1/output/traditional_baseline/primary200/resImgs/baseline_B1_canny_morph_cc_primary200_crack_00270.png
baseline_B1_canny_morph_cc,0,0,271,152,88431,1264,0.0017159049,0.1073446328,0.0033778153,0.0017159049,0.1073446328,0.0033778153,./imgs_0710_2026_v1/output/traditional_baseline/primary200/resImgs/baseline_B1_canny_morph_cc_primary200_crack_00271.png
baseline_B1_canny_morph_cc,0,0,272,20,91219,996,0.0002192045,0.0196850394,0.0004335808,0.0002192045,0.0196850394,0.0004335808,./imgs_0710_2026_v1/output/traditional_baseline/primary200/resImgs/baseline_B1_canny_morph_cc_primary200_crack_00272.png
baseline_B1_canny_morph_cc,0,0,273,99,98966,1598,0.0009993439,0.0583382440,0.0019650265,0.0009993439,0.0583382440,0.0019650265,./imgs_0710_2026_v1/output/traditional_baseline/primary200/resImgs/baseline_B1_canny_morph_cc_primary200_crack_00273.png
baseline_B1_canny_morph_cc,0,0,274,55,75169,2009,0.0007311496,0.0266472868,0.0014232481,0.0007311496,0.0266472868,0.0014232481,./imgs_0710_2026_v1/output/traditional_baseline/primary200/resImgs/baseline_B1_canny_morph_cc_primary200_crack_00274.png
baseline_B1_canny_morph_cc,0,0,275,118,93480,547,0.0012607107,0.1774436090,0.0025036335,0.0012607107,0.1774436090,0.0025036335,./imgs_0710_2026_v1/output/traditional_baseline/primary200/resImgs/baseline_B1_canny_morph_cc_primary200_crack_00275.png
baseline_B1_canny_morph_cc,0,0,276,0,108122,1417,0.0000000000,0.0000000000,0.0000000000,0.0000092487,0.0007052186,0.0000182580,./imgs_0710_2026_v1/output/traditional_baseline/primary200/resImgs/baseline_B1_canny_morph_cc_primary200_crack_00276.png
baseline_B1_canny_morph_cc,0,0,277,23,90888,761,0.0002529947,0.0293367347,0.0005016631,0.0002529947,0.0293367347,0.0005016631,./imgs_0710_2026_v1/output/traditional_baseline/primary200/resImgs/baseline_B1_canny_morph_cc_primary200_crack_00277.png
baseline_B1_canny_morph_cc,0,0,278,0,103379,1382,0.0000000000,0.0000000000,0.0000000000,0.0000096731,0.0007230658,0.0000190907,./imgs_0710_2026_v1/output/traditional_baseline/primary200/resImgs/baseline_B1_canny_morph_cc_primary200_crack_00278.png
baseline_B1_canny_morph_cc,0,0,279,0,10316,915,0.0000000000,0.0000000000,0.0000000000,0.0000969274,0.0010917031,0.0001780468,./imgs_0710_2026_v1/output/traditional_baseline/primary200/resImgs/baseline_B1_canny_morph_cc_primary200_crack_00279.png
baseline_B1_canny_morph_cc,0,0,280,30,6283,1332,0.0047520988,0.0220264317,0.0078175896,0.0047520988,0.0220264317,0.0078175896,./imgs_0710_2026_v1/output/traditional_baseline/primary200/resImgs/baseline_B1_canny_morph_cc_primary200_crack_00280.png
baseline_B1_canny_morph_cc,0,0,281,0,8915,734,0.0000000000,0.0000000000,0.0000000000,0.0001121579,0.0013605442,0.0002072324,./imgs_0710_2026_v1/output/traditional_baseline/primary200/resImgs/baseline_B1_canny_morph_cc_primary200_crack_00281.png
baseline_B1_canny_morph_cc,0,0,282,41,7915,1091,0.0051533434,0.0362190813,0.0090228873,0.0051533434,0.0362190813,0.0090228873,./imgs_0710_2026_v1/output/traditional_baseline/primary200/resImgs/baseline_B1_canny_morph_cc_primary200_crack_00282.png
baseline_B1_canny_morph_cc,0,0,283,2918,81681,4632,0.0344921335,0.3864900662,0.0633322120,0.0344921335,0.3864900662,0.0633322120,./imgs_0710_2026_v1/output/traditional_baseline/primary200/resImgs/baseline_B1_canny_morph_cc_primary200_crack_00283.png
baseline_B1_canny_morph_cc,0,0,284,5648,44256,3690,0.1131773004,0.6048404369,0.1906755342,0.1131773004,0.6048404369,0.1906755342,./imgs_0710_2026_v1/output/traditional_baseline/primary200/resImgs/baseline_B1_canny_morph_cc_primary200_crack_00284.png
baseline_B1_canny_morph_cc,0,0,285,3202,57805,4871,0.0524857803,0.3966307445,0.0927041112,0.0524857803,0.3966307445,0.0927041112,./imgs_0710_2026_v1/output/traditional_baseline/primary200/resImgs/baseline_B1_canny_morph_cc_primary200_crack_00285.png
baseline_B1_canny_morph_cc,0,0,286,10226,52240,12219,0.1637050556,0.4556025841,0.2408639634,0.1637050556,0.4556025841,0.2408639634,./imgs_0710_2026_v1/output/traditional_baseline/primary200/resImgs/baseline_B1_canny_morph_cc_primary200_crack_00286.png
baseline_B1_canny_morph_cc,0,0,287,378,93147,2359,0.0040417001,0.1381074169,0.0078535663,0.0040417001,0.1381074169,0.0078535663,./imgs_0710_2026_v1/output/traditional_baseline/primary200/resImgs/baseline_B1_canny_morph_cc_primary200_crack_00287.png
baseline_B1_canny_morph_cc,0,0,288,166,51396,3535,0.0032194252,0.0448527425,0.0060076362,0.0032194252,0.0448527425,0.0060076362,./imgs_0710_2026_v1/output/traditional_baseline/primary200/resImgs/baseline_B1_canny_morph_cc_primary200_crack_00288.png
baseline_B1_canny_morph_cc,0,0,289,1600,76849,5949,0.0203954161,0.2119486025,0.0372101677,0.0203954161,0.2119486025,0.0372101677,./imgs_0710_2026_v1/output/traditional_baseline/primary200/resImgs/baseline_B1_canny_morph_cc_primary200_crack_00289.png
baseline_B1_canny_morph_cc,0,0,290,2344,55756,5293,0.0403442341,0.3069268037,0.0713144804,0.0403442341,0.3069268037,0.0713144804,./imgs_0710_2026_v1/output/traditional_baseline/primary200/resImgs/baseline_B1_canny_morph_cc_primary200_crack_00290.png
baseline_B1_canny_morph_cc,0,0,291,1065,69767,3637,0.0150355771,0.2264993620,0.0281992215,0.0150355771,0.2264993620,0.0281992215,./imgs_0710_2026_v1/output/traditional_baseline/primary200/resImgs/baseline_B1_canny_morph_cc_primary200_crack_00291.png
baseline_B1_canny_morph_cc,0,0,292,1144,48459,5819,0.0230631212,0.1642969984,0.0404483258,0.0230631212,0.1642969984,0.0404483258,./imgs_0710_2026_v1/output/traditional_baseline/primary200/resImgs/baseline_B1_canny_morph_cc_primary200_crack_00292.png
baseline_B1_canny_morph_cc,0,0,293,577,52124,2888,0.0109485589,0.1665223665,0.0205462379,0.0109485589,0.1665223665,0.0205462379,./imgs_0710_2026_v1/output/traditional_baseline/primary200/resImgs/baseline_B1_canny_morph_cc_primary200_crack_00293.png
baseline_B1_canny_morph_cc,0,0,294,217,47993,1236,0.0045011408,0.1493461803,0.0087389002,0.0045011408,0.1493461803,0.0087389002,./imgs_0710_2026_v1/output/traditional_baseline/primary200/resImgs/baseline_B1_canny_morph_cc_primary200_crack_00294.png
baseline_B1_canny_morph_cc,0,0,295,338,60402,1933,0.0055647020,0.1488331132,0.0107282855,0.0055647020,0.1488331132,0.0107282855,./imgs_0710_2026_v1/output/traditional_baseline/primary200/resImgs/baseline_B1_canny_morph_cc_primary200_crack_00295.png
baseline_B1_canny_morph_cc,0,0,296,2752,71632,8223,0.0369972037,0.2507517084,0.0644806054,0.0369972037,0.2507517084,0.0644806054,./imgs_0710_2026_v1/output/traditional_baseline/primary200/resImgs/baseline_B1_canny_morph_cc_primary200_crack_00296.png
baseline_B1_canny_morph_cc,0,0,297,4983,53108,16398,0.0857792085,0.2330573874,0.1254026575,0.0857792085,0.2330573874,0.1254026575,./imgs_0710_2026_v1/output/traditional_baseline/primary200/resImgs/baseline_B1_canny_morph_cc_primary200_crack_00297.png
baseline_B1_canny_morph_cc,0,0,298,3271,59696,13257,0.0519478457,0.1979065828,0.0822944839,0.0519478457,0.1979065828,0.0822944839,./imgs_0710_2026_v1/output/traditional_baseline/primary200/resImgs/baseline_B1_canny_morph_cc_primary200_crack_00298.png
baseline_B1_canny_morph_cc,0,0,299,2446,57262,11924,0.0409660347,0.1702157272,0.0660385000,0.0409660347,0.1702157272,0.0660385000,./imgs_0710_2026_v1/output/traditional_baseline/primary200/resImgs/baseline_B1_canny_morph_cc_primary200_crack_00299.png
baseline_B1_canny_morph_cc,0,0,300,2003,55222,9442,0.0350021844,0.1750109218,0.0583369739,0.0350021844,0.1750109218,0.0583369739,./imgs_0710_2026_v1/output/traditional_baseline/primary200/resImgs/baseline_B1_canny_morph_cc_primary200_crack_00300.png
baseline_B1_canny_morph_cc,0,0,301,903,64766,10643,0.0137507804,0.0782089035,0.0233892378,0.0137507804,0.0782089035,0.0233892378,./imgs_0710_2026_v1/output/traditional_baseline/primary200/resImgs/baseline_B1_canny_morph_cc_primary200_crack_00301.png
baseline_B1_canny_morph_cc,0,0,302,4844,47891,12976,0.0918555039,0.2718294052,0.1373113174,0.0918555039,0.2718294052,0.1373113174,./imgs_0710_2026_v1/output/traditional_baseline/primary200/resImgs/baseline_B1_canny_morph_cc_primary200_crack_00302.png
baseline_B1_canny_morph_cc,0,0,303,1834,56308,7179,0.0315434626,0.2034838567,0.0546199092,0.0315434626,0.2034838567,0.0546199092,./imgs_0710_2026_v1/output/traditional_baseline/primary200/resImgs/baseline_B1_canny_morph_cc_primary200_crack_00303.png
baseline_B1_canny_morph_cc,0,0,304,3235,53360,9084,0.0571605265,0.2626024840,0.0938851322,0.0571605265,0.2626024840,0.0938851322,./imgs_0710_2026_v1/output/traditional_baseline/primary200/resImgs/baseline_B1_canny_morph_cc_primary200_crack_00304.png
baseline_B1_canny_morph_cc,0,0,305,4200,65677,3649,0.0601056142,0.5351000127,0.1080719450,0.0601056142,0.5351000127,0.1080719450,./imgs_0710_2026_v1/output/traditional_baseline/primary200/resImgs/baseline_B1_canny_morph_cc_primary200_crack_00305.png
baseline_B1_canny_morph_cc,0,0,306,3203,24781,12062,0.1144582619,0.2098264003,0.1481190317,0.1144582619,0.2098264003,0.1481190317,./imgs_0710_2026_v1/output/traditional_baseline/primary200/resImgs/baseline_B1_canny_morph_cc_primary200_crack_00306.png
baseline_B1_canny_morph_cc,0,0,307,353,34739,8517,0.0100592728,0.0397970688,0.0160593240,0.0100592728,0.0397970688,0.0160593240,./imgs_0710_2026_v1/output/traditional_baseline/primary200/resImgs/baseline_B1_canny_morph_cc_primary200_crack_00307.png
baseline_B1_canny_morph_cc,0,0,308,3488,77655,6641,0.0429858398,0.3443577846,0.0764308879,0.0429858398,0.3443577846,0.0764308879,./imgs_0710_2026_v1/output/traditional_baseline/primary200/resImgs/baseline_B1_canny_morph_cc_primary200_crack_00308.png
baseline_B1_canny_morph_cc,0,0,309,579,87764,3990,0.0065539998,0.1267235719,0.0124634062,0.0065539998,0.1267235719,0.0124634062,./imgs_0710_2026_v1/output/traditional_baseline/primary200/resImgs/baseline_B1_canny_morph_cc_primary200_crack_00309.png
baseline_B1_canny_morph_cc,0,0,310,5536,53609,7520,0.0936004734,0.4240196078,0.1533496766,0.0936004734,0.4240196078,0.1533496766,./imgs_0710_2026_v1/output/traditional_baseline/primary200/resImgs/baseline_B1_canny_morph_cc_primary200_crack_00310.png
baseline_B1_canny_morph_cc,0,0,311,1676,37954,7382,0.0422911935,0.1850298079,0.0688465330,0.0422911935,0.1850298079,0.0688465330,./imgs_0710_2026_v1/output/traditional_baseline/primary200/resImgs/baseline_B1_canny_morph_cc_primary200_crack_00311.png
baseline_B1_canny_morph_cc,0,0,312,283,44170,3057,0.0063662745,0.0847305389,0.0118427385,0.0063662745,0.0847305389,0.0118427385,./imgs_0710_2026_v1/output/traditional_baseline/primary200/resImgs/baseline_B1_canny_morph_cc_primary200_crack_00312.png
baseline_B1_canny_morph_cc,0,0,313,1986,53835,3640,0.0355780083,0.3530039104,0.0646410728,0.0355780083,0.3530039104,0.0646410728,./imgs_0710_2026_v1/output/traditional_baseline/primary200/resImgs/baseline_B1_canny_morph_cc_primary200_crack_00313.png
baseline_B1_canny_morph_cc,0,0,314,545,54236,3436,0.0099487048,0.1369002763,0.0185494027,0.0099487048,0.1369002763,0.0185494027,./imgs_0710_2026_v1/output/traditional_baseline/primary200/resImgs/baseline_B1_canny_morph_cc_primary200_crack_00314.png
baseline_B1_canny_morph_cc,0,0,315,1427,23178,7898,0.0579963422,0.1530294906,0.0841143531,0.0579963422,0.1530294906,0.0841143531,./imgs_0710_2026_v1/output/traditional_baseline/primary200/resImgs/baseline_B1_canny_morph_cc_primary200_crack_00315.png
baseline_B1_canny_morph_cc,0,0,316,58,33416,3643,0.0017326881,0.0156714402,0.0031203766,0.0017326881,0.0156714402,0.0031203766,./imgs_0710_2026_v1/output/traditional_baseline/primary200/resImgs/baseline_B1_canny_morph_cc_primary200_crack_00316.png
baseline_B1_canny_morph_cc,0,0,317,427,66459,3116,0.0063839967,0.1205193339,0.0121256869,0.0063839967,0.1205193339,0.0121256869,./imgs_0710_2026_v1/output/traditional_baseline/primary200/resImgs/baseline_B1_canny_morph_cc_primary200_crack_00317.png
baseline_B1_canny_morph_cc,0,0,318,1836,59580,3297,0.0298944900,0.3576855640,0.0551773881,0.0298944900,0.3576855640,0.0551773881,./imgs_0710_2026_v1/output/traditional_baseline/primary200/resImgs/baseline_B1_canny_morph_cc_primary200_crack_00318.png
baseline_B1_canny_morph_cc,0,0,319,158,43342,2359,0.0036321839,0.0627731426,0.0068670274,0.0036321839,0.0627731426,0.0068670274,./imgs_0710_2026_v1/output/traditional_baseline/primary200/resImgs/baseline_B1_canny_morph_cc_primary200_crack_00319.png
baseline_B1_canny_morph_cc,0,0,320,1172,40975,3989,0.0278074359,0.2270877737,0.0495476452,0.0278074359,0.2270877737,0.0495476452,./imgs_0710_2026_v1/output/traditional_baseline/primary200/resImgs/baseline_B1_canny_morph_cc_primary200_crack_00320.png
baseline_B1_canny_morph_cc,0,0,321,2324,59952,10643,0.0373177468,0.1792241845,0.0617731882,0.0373177468,0.1792241845,0.0617731882,./imgs_0710_2026_v1/output/traditional_baseline/primary200/resImgs/baseline_B1_canny_morph_cc_primary200_crack_00321.png
baseline_B1_canny_morph_cc,0,0,322,371,34530,9543,0.0106300679,0.0374218277,0.0165569564,0.0106300679,0.0374218277,0.0165569564,./imgs_0710_2026_v1/output/traditional_baseline/primary200/resImgs/baseline_B1_canny_morph_cc_primary200_crack_00322.png
baseline_B1_canny_morph_cc,0,0,323,2341,26287,7818,0.0817730893,0.2304360665,0.1207105473,0.0817730893,0.2304360665,0.1207105473,./imgs_0710_2026_v1/output/traditional_baseline/primary200/resImgs/baseline_B1_canny_morph_cc_primary200_crack_00323.png
baseline_B1_canny_morph_cc,0,0,324,6091,66696,14560,0.0836825257,0.2949493971,0.1303752221,0.0836825257,0.2949493971,0.1303752221,./imgs_0710_2026_v1/output/traditional_baseline/primary200/resImgs/baseline_B1_canny_morph_cc_primary200_crack_00324.png
baseline_B1_canny_morph_cc,0,0,325,688,58977,3721,0.0115310484,0.1560444545,0.0214751693,0.0115310484,0.1560444545,0.0214751693,./imgs_0710_2026_v1/output/traditional_baseline/primary200/resImgs/baseline_B1_canny_morph_cc_primary200_crack_00325.png
baseline_B1_canny_morph_cc,0,0,326,2131,34869,14177,0.0575945946,0.1306720628,0.0799504765,0.0575945946,0.1306720628,0.0799504765,./imgs_0710_2026_v1/output/traditional_baseline/primary200/resImgs/baseline_B1_canny_morph_cc_primary200_crack_00326.png
baseline_B1_canny_morph_cc,0,0,327,623,35284,8899,0.0173503774,0.0654274312,0.0274274142,0.0173503774,0.0654274312,0.0274274142,./imgs_0710_2026_v1/output/traditional_baseline/primary200/resImgs/baseline_B1_canny_morph_cc_primary200_crack_00327.png
baseline_B1_canny_morph_cc,0,0,328,4605,80857,9454,0.0538835974,0.3275481898,0.0925432823,0.0538835974,0.3275481898,0.0925432823,./imgs_0710_2026_v1/output/traditional_baseline/primary200/resImgs/baseline_B1_canny_morph_cc_primary200_crack_00328.png
baseline_B1_canny_morph_cc,0,0,329,1080,68044,5294,0.0156240958,0.1694383433,0.0286100294,0.0156240958,0.1694383433,0.0286100294,./imgs_0710_2026_v1/output/traditional_baseline/primary200/resImgs/baseline_B1_canny_morph_cc_primary200_crack_00329.png
baseline_B1_canny_morph_cc,0,0,330,2167,52315,9604,0.0397746045,0.1840965084,0.0654159057,0.0397746045,0.1840965084,0.0654159057,./imgs_0710_2026_v1/output/traditional_baseline/primary200/resImgs/baseline_B1_canny_morph_cc_primary200_crack_00330.png
baseline_B1_canny_morph_cc,0,0,331,2683,28905,10613,0.0849373180,0.2017900120,0.1195526245,0.0849373180,0.2017900120,0.1195526245,./imgs_0710_2026_v1/output/traditional_baseline/primary200/resImgs/baseline_B1_canny_morph_cc_primary200_crack_00331.png
baseline_B1_canny_morph_cc,0,0,332,1305,59376,11838,0.0215059079,0.0992923990,0.0353543563,0.0215059079,0.0992923990,0.0353543563,./imgs_0710_2026_v1/output/traditional_baseline/primary200/resImgs/baseline_B1_canny_morph_cc_primary200_crack_00332.png
baseline_B1_canny_morph_cc,0,0,333,69,55902,613,0.0012327813,0.1011730205,0.0024358816,0.0012327813,0.1011730205,0.0024358816,./imgs_0710_2026_v1/output/traditional_baseline/primary200/resImgs/baseline_B1_canny_morph_cc_primary200_crack_00333.png
baseline_B1_canny_morph_cc,0,0,334,365,29024,10472,0.0124196128,0.0336809080,0.0181474668,0.0124196128,0.0336809080,0.0181474668,./imgs_0710_2026_v1/output/traditional_baseline/primary200/resImgs/baseline_B1_canny_morph_cc_primary200_crack_00334.png
baseline_B1_canny_morph_cc,0,0,335,2302,22667,10970,0.0921943210,0.1734478602,0.1203943412,0.0921943210,0.1734478602,0.1203943412,./imgs_0710_2026_v1/output/traditional_baseline/primary200/resImgs/baseline_B1_canny_morph_cc_primary200_crack_00335.png
baseline_B1_canny_morph_cc,0,0,336,588,55114,3543,0.0105561739,0.1423384168,0.0196547056,0.0105561739,0.1423384168,0.0196547056,./imgs_0710_2026_v1/output/traditional_baseline/primary200/resImgs/baseline_B1_canny_morph_cc_primary200_crack_00336.png
baseline_B1_canny_morph_cc,0,0,337,456,48546,5159,0.0093057426,0.0812110419,0.0166980977,0.0093057426,0.0812110419,0.0166980977,./imgs_0710_2026_v1/output/traditional_baseline/primary200/resImgs/baseline_B1_canny_morph_cc_primary200_crack_00337.png
baseline_B1_canny_morph_cc,0,0,338,1552,73603,7251,0.0206506553,0.1763035329,0.0369708664,0.0206506553,0.1763035329,0.0369708664,./imgs_0710_2026_v1/output/traditional_baseline/primary200/resImgs/baseline_B1_canny_morph_cc_primary200_crack_00338.png
baseline_B1_canny_morph_cc,0,0,339,840,54757,3154,0.0151087289,0.2103154732,0.0281921767,0.0151087289,0.2103154732,0.0281921767,./imgs_0710_2026_v1/output/traditional_baseline/primary200/resImgs/baseline_B1_canny_morph_cc_primary200_crack_00339.png
baseline_B1_canny_morph_cc,0,0,340,1263,59463,8360,0.0207983401,0.1312480515,0.0359066938,0.0207983401,0.1312480515,0.0359066938,./imgs_0710_2026_v1/output/traditional_baseline/primary200/resImgs/baseline_B1_canny_morph_cc_primary200_crack_00340.png
baseline_B1_canny_morph_cc,0,0,341,572,50149,6833,0.0112773802,0.0772451047,0.0196813818,0.0112773802,0.0772451047,0.0196813818,./imgs_0710_2026_v1/output/traditional_baseline/primary200/resImgs/baseline_B1_canny_morph_cc_primary200_crack_00341.png
baseline_B1_canny_morph_cc,0,0,342,294,53422,3186,0.0054732296,0.0844827586,0.0102804392,0.0054732296,0.0844827586,0.0102804392,./imgs_0710_2026_v1/output/traditional_baseline/primary200/resImgs/baseline_B1_canny_morph_cc_primary200_crack_00342.png
baseline_B1_canny_morph_cc,0,0,343,6584,91241,6911,0.0673038589,0.4878844016,0.1182896155,0.0673038589,0.4878844016,0.1182896155,./imgs_0710_2026_v1/output/traditional_baseline/primary200/resImgs/baseline_B1_canny_morph_cc_primary200_crack_00343.png
baseline_B1_canny_morph_cc,0,0,344,1736,60480,9034,0.0279027903,0.1611884865,0.0475707670,0.0279027903,0.1611884865,0.0475707670,./imgs_0710_2026_v1/output/traditional_baseline/primary200/resImgs/baseline_B1_canny_morph_cc_primary200_crack_00344.png
baseline_B1_canny_morph_cc,0,0,345,787,87510,4065,0.0089131001,0.1622011542,0.0168976586,0.0089131001,0.1622011542,0.0168976586,./imgs_0710_2026_v1/output/traditional_baseline/primary200/resImgs/baseline_B1_canny_morph_cc_primary200_crack_00345.png
baseline_B1_canny_morph_cc,0,0,346,2386,48637,6759,0.0467632244,0.2609075998,0.0793112618,0.0467632244,0.2609075998,0.0793112618,./imgs_0710_2026_v1/output/traditional_baseline/primary200/resImgs/baseline_B1_canny_morph_cc_primary200_crack_00346.png
baseline_B1_canny_morph_cc,0,0,347,673,88352,3449,0.0075596742,0.1632702572,0.0144502775,0.0075596742,0.1632702572,0.0144502775,./imgs_0710_2026_v1/output/traditional_baseline/primary200/resImgs/baseline_B1_canny_morph_cc_primary200_crack_00347.png
baseline_B1_canny_morph_cc,0,0,348,1998,44302,6494,0.0431533477,0.2352802638,0.0729303548,0.0431533477,0.2352802638,0.0729303548,./imgs_0710_2026_v1/output/traditional_baseline/primary200/resImgs/baseline_B1_canny_morph_cc_primary200_crack_00348.png
baseline_B1_canny_morph_cc,0,0,349,3370,65760,4578,0.0487487343,0.4240060393,0.0874438880,0.0487487343,0.4240060393,0.0874438880,./imgs_0710_2026_v1/output/traditional_baseline/primary200/resImgs/baseline_B1_canny_morph_cc_primary200_crack_00349.png
baseline_B1_canny_morph_cc,0,0,350,152,133415,1029,0.0011380056,0.1287044877,0.0022560632,0.0011380056,0.1287044877,0.0022560632,./imgs_0710_2026_v1/output/traditional_baseline/primary200/resImgs/baseline_B1_canny_morph_cc_primary200_crack_00350.png
baseline_B1_canny_morph_cc,0,0,351,212,123133,3165,0.0017187563,0.0627776133,0.0033459068,0.0017187563,0.0627776133,0.0033459068,./imgs_0710_2026_v1/output/traditional_baseline/primary200/resImgs/baseline_B1_canny_morph_cc_primary200_crack_00351.png
baseline_B1_canny_morph_cc,0,0,352,196,112836,1073,0.0017340222,0.1544523247,0.0034295413,0.0017340222,0.1544523247,0.0034295413,./imgs_0710_2026_v1/output/traditional_baseline/primary200/resImgs/baseline_B1_canny_morph_cc_primary200_crack_00352.png
baseline_B1_canny_morph_cc,0,0,353,612,155592,978,0.0039179534,0.3849056604,0.0077569489,0.0039179534,0.3849056604,0.0077569489,./imgs_0710_2026_v1/output/traditional_baseline/primary200/resImgs/baseline_B1_canny_morph_cc_primary200_crack_00353.png
baseline_B1_canny_morph_cc,0,0,354,522,151475,926,0.0034342783,0.3604972376,0.0068037408,0.0034342783,0.3604972376,0.0068037408,./imgs_0710_2026_v1/output/traditional_baseline/primary200/resImgs/baseline_B1_canny_morph_cc_primary200_crack_00354.png
baseline_B1_canny_morph_cc,0,0,355,995,143102,2924,0.0069050709,0.2538912988,0.0134444925,0.0069050709,0.2538912988,0.0134444925,./imgs_0710_2026_v1/output/traditional_baseline/primary200/resImgs/baseline_B1_canny_morph_cc_primary200_crack_00355.png
baseline_B1_canny_morph_cc,0,0,356,618,140699,3016,0.0043731469,0.1700605394,0.0085270195,0.0043731469,0.1700605394,0.0085270195,./imgs_0710_2026_v1/output/traditional_baseline/primary200/resImgs/baseline_B1_canny_morph_cc_primary200_crack_00356.png
baseline_B1_canny_morph_cc,0,0,357,54,100235,1043,0.0005384439,0.0492251595,0.0010652358,0.0005384439,0.0492251595,0.0010652358,./imgs_0710_2026_v1/output/traditional_baseline/primary200/resImgs/baseline_B1_canny_morph_cc_primary200_crack_00357.png
baseline_B1_canny_morph_cc,0,0,358,22,85405,867,0.0002575298,0.0247469066,0.0005097549,0.0002575298,0.0247469066,0.0005097549,./imgs_0710_2026_v1/output/traditional_baseline/primary200/resImgs/baseline_B1_canny_morph_cc_primary200_crack_00358.png
baseline_B1_canny_morph_cc,0,0,359,11,47407,1589,0.0002319794,0.0068750000,0.0004488147,0.0002319794,0.0068750000,0.0004488147,./imgs_0710_2026_v1/output/traditional_baseline/primary200/resImgs/baseline_B1_canny_morph_cc_primary200_crack_00359.png
baseline_B1_canny_morph_cc,0,0,360,25,28508,1150,0.0008761785,0.0212765957,0.0016830483,0.0008761785,0.0212765957,0.0016830483,./imgs_0710_2026_v1/output/traditional_baseline/primary200/resImgs/baseline_B1_canny_morph_cc_primary200_crack_00360.png
baseline_B1_canny_morph_cc,0,0,361,249,77532,2166,0.0032012959,0.1031055901,0.0062097860,0.0032012959,0.1031055901,0.0062097860,./imgs_0710_2026_v1/output/traditional_baseline/primary200/resImgs/baseline_B1_canny_morph_cc_primary200_crack_00361.png
baseline_B1_canny_morph_cc,0,0,362,3579,91428,6442,0.0376709085,0.3571499850,0.0681532544,0.0376709085,0.3571499850,0.0681532544,./imgs_0710_2026_v1/output/traditional_baseline/primary200/resImgs/baseline_B1_canny_morph_cc_primary200_crack_00362.png
baseline_B1_canny_morph_cc,0,0,363,964,57383,2700,0.0165218435,0.2631004367,0.0310912580,0.0165218435,0.2631004367,0.0310912580,./imgs_0710_2026_v1/output/traditional_baseline/primary200/resImgs/baseline_B1_canny_morph_cc_primary200_crack_00363.png
baseline_B1_canny_morph_cc,0,0,364,1387,71434,5675,0.0190467036,0.1964032852,0.0347257865,0.0190467036,0.1964032852,0.0347257865,./imgs_0710_2026_v1/output/traditional_baseline/primary200/resImgs/baseline_B1_canny_morph_cc_primary200_crack_00364.png
baseline_B1_canny_morph_cc,0,0,365,2026,113848,5109,0.0174845090,0.2839523476,0.0329406791,0.0174845090,0.2839523476,0.0329406791,./imgs_0710_2026_v1/output/traditional_baseline/primary200/resImgs/baseline_B1_canny_morph_cc_primary200_crack_00365.png
baseline_B1_canny_morph_cc,0,0,366,726,151197,1570,0.0047787366,0.3162020906,0.0094151823,0.0047787366,0.3162020906,0.0094151823,./imgs_0710_2026_v1/output/traditional_baseline/primary200/resImgs/baseline_B1_canny_morph_cc_primary200_crack_00366.png
baseline_B1_canny_morph_cc,0,0,367,275,153167,1035,0.0017922081,0.2099236641,0.0035540736,0.0017922081,0.2099236641,0.0035540736,./imgs_0710_2026_v1/output/traditional_baseline/primary200/resImgs/baseline_B1_canny_morph_cc_primary200_crack_00367.png
baseline_B1_canny_morph_cc,0,0,368,8477,125146,3680,0.0634396773,0.6972937402,0.1162985320,0.0634396773,0.6972937402,0.1162985320,./imgs_0710_2026_v1/output/traditional_baseline/primary200/resImgs/baseline_B1_canny_morph_cc_primary200_crack_00368.png
baseline_B1_canny_morph_cc,0,0,369,2840,155642,747,0.0179200162,0.7917479788,0.0350468011,0.0179200162,0.7917479788,0.0350468011,./imgs_0710_2026_v1/output/traditional_baseline/primary200/resImgs/baseline_B1_canny_morph_cc_primary200_crack_00369.png
baseline_B1_canny_morph_cc,0,0,370,3574,92957,4955,0.0370243756,0.4190409192,0.0680373120,0.0370243756,0.4190409192,0.0680373120,./imgs_0710_2026_v1/output/traditional_baseline/primary200/resImgs/baseline_B1_canny_morph_cc_primary200_crack_00370.png
baseline_B1_canny_morph_cc,0,0,371,360,134659,1825,0.0026662914,0.1647597254,0.0052476604,0.0026662914,0.1647597254,0.0052476604,./imgs_0710_2026_v1/output/traditional_baseline/primary200/resImgs/baseline_B1_canny_morph_cc_primary200_crack_00371.png
baseline_B1_canny_morph_cc,0,0,372,752,86540,8277,0.0086147642,0.0832871857,0.0156144558,0.0086147642,0.0832871857,0.0156144558,./imgs_0710_2026_v1/output/traditional_baseline/primary200/resImgs/baseline_B1_canny_morph_cc_primary200_crack_00372.png
baseline_B1_canny_morph_cc,0,0,373,82,121530,1759,0.0006742756,0.0445410103,0.0013284408,0.0006742756,0.0445410103,0.0013284408,./imgs_0710_2026_v1/output/traditional_baseline/primary200/resImgs/baseline_B1_canny_morph_cc_primary200_crack_00373.png
baseline_B1_canny_morph_cc,0,0,374,647,96514,8864,0.0066590504,0.0680264956,0.0121306435,0.0066590504,0.0680264956,0.0121306435,./imgs_0710_2026_v1/output/traditional_baseline/primary200/resImgs/baseline_B1_canny_morph_cc_primary200_crack_00374.png
baseline_B1_canny_morph_cc,0,0,375,112,124647,2053,0.0008977308,0.0517321016,0.0017648356,0.0008977308,0.0517321016,0.0017648356,./imgs_0710_2026_v1/output/traditional_baseline/primary200/resImgs/baseline_B1_canny_morph_cc_primary200_crack_00375.png
baseline_B1_canny_morph_cc,0,0,376,3,95291,1397,0.0000314815,0.0021428571,0.0000620514,0.0000314815,0.0021428571,0.0000620514,./imgs_0710_2026_v1/output/traditional_baseline/primary200/resImgs/baseline_B1_canny_morph_cc_primary200_crack_00376.png
baseline_B1_canny_morph_cc,0,0,377,73,97386,2107,0.0007490329,0.0334862385,0.0014652897,0.0007490329,0.0334862385,0.0014652897,./imgs_0710_2026_v1/output/traditional_baseline/primary200/resImgs/baseline_B1_canny_morph_cc_primary200_crack_00377.png
baseline_B1_canny_morph_cc,0,0,378,270,90034,4454,0.0029899008,0.0571549534,0.0056825357,0.0029899008,0.0571549534,0.0056825357,./imgs_0710_2026_v1/output/traditional_baseline/primary200/resImgs/baseline_B1_canny_morph_cc_primary200_crack_00378.png
baseline_B1_canny_morph_cc,0,0,379,374,94458,4792,0.0039438164,0.0723964383,0.0074801496,0.0039438164,0.0723964383,0.0074801496,./imgs_0710_2026_v1/output/traditional_baseline/primary200/resImgs/baseline_B1_canny_morph_cc_primary200_crack_00379.png
baseline_B1_canny_morph_cc,0,0,380,62,116234,846,0.0005331224,0.0682819383,0.0010579844,0.0005331224,0.0682819383,0.0010579844,./imgs_0710_2026_v1/output/traditional_baseline/primary200/resImgs/baseline_B1_canny_morph_cc_primary200_crack_00380.png
baseline_B1_canny_morph_cc,0,0,381,81,98225,4011,0.0008239578,0.0197947214,0.0015820621,0.0008239578,0.0197947214,0.0015820621,./imgs_0710_2026_v1/output/traditional_baseline/primary200/resImgs/baseline_B1_canny_morph_cc_primary200_crack_00381.png
baseline_B1_canny_morph_cc,0,0,382,406,106626,4583,0.0037932581,0.0813790339,0.0072486409,0.0037932581,0.0813790339,0.0072486409,./imgs_0710_2026_v1/output/traditional_baseline/primary200/resImgs/baseline_B1_canny_morph_cc_primary200_crack_00382.png
baseline_B1_canny_morph_cc,0,0,383,169,84832,5315,0.0019882119,0.0308169220,0.0037354258,0.0019882119,0.0308169220,0.0037354258,./imgs_0710_2026_v1/output/traditional_baseline/primary200/resImgs/baseline_B1_canny_morph_cc_primary200_crack_00383.png
baseline_B1_canny_morph_cc,0,0,384,174,91247,1984,0.0019032826,0.0806302132,0.0037187831,0.0019032826,0.0806302132,0.0037187831,./imgs_0710_2026_v1/output/traditional_baseline/primary200/resImgs/baseline_B1_canny_morph_cc_primary200_crack_00384.png
baseline_B1_canny_morph_cc,0,0,385,529,98094,4071,0.0053638604,0.1150000000,0.0102496537,0.0053638604,0.1150000000,0.0102496537,./imgs_0710_2026_v1/output/traditional_baseline/primary200/resImgs/baseline_B1_canny_morph_cc_primary200_crack_00385.png
baseline_B1_canny_morph_cc,0,0,386,576,149417,2085,0.0038401792,0.2164599775,0.0075464777,0.0038401792,0.2164599775,0.0075464777,./imgs_0710_2026_v1/output/traditional_baseline/primary200/resImgs/baseline_B1_canny_morph_cc_primary200_crack_00386.png
baseline_B1_canny_morph_cc,0,0,387,248,96483,936,0.0025638110,0.2094594595,0.0050656181,0.0025638110,0.2094594595,0.0050656181,./imgs_0710_2026_v1/output/traditional_baseline/primary200/resImgs/baseline_B1_canny_morph_cc_primary200_crack_00387.png
baseline_B1_canny_morph_cc,0,0,388,470,78484,3704,0.0059528333,0.1126018208,0.0113078626,0.0059528333,0.1126018208,0.0113078626,./imgs_0710_2026_v1/output/traditional_baseline/primary200/resImgs/baseline_B1_canny_morph_cc_primary200_crack_00388.png
baseline_B1_canny_morph_cc,0,0,389,977,127719,5355,0.0075915335,0.1542956412,0.0144710727,0.0075915335,0.1542956412,0.0144710727,./imgs_0710_2026_v1/output/traditional_baseline/primary200/resImgs/baseline_B1_canny_morph_cc_primary200_crack_00389.png
baseline_B1_canny_morph_cc,0,0,390,824,116217,5659,0.0070402679,0.1271016505,0.0133415369,0.0070402679,0.1271016505,0.0133415369,./imgs_0710_2026_v1/output/traditional_baseline/primary200/resImgs/baseline_B1_canny_morph_cc_primary200_crack_00390.png
baseline_B1_canny_morph_cc,0,0,391,1151,110206,9560,0.0103361262,0.1074596210,0.0188583413,0.0103361262,0.1074596210,0.0188583413,./imgs_0710_2026_v1/output/traditional_baseline/primary200/resImgs/baseline_B1_canny_morph_cc_primary200_crack_00391.png
baseline_B1_canny_morph_cc,0,0,392,290,101335,6523,0.0028536285,0.0425656833,0.0053486785,0.0028536285,0.0425656833,0.0053486785,./imgs_0710_2026_v1/output/traditional_baseline/primary200/resImgs/baseline_B1_canny_morph_cc_primary200_crack_00392.png
baseline_B1_canny_morph_cc,0,0,393,27,129323,1615,0.0002087360,0.0164433618,0.0004122389,0.0002087360,0.0164433618,0.0004122389,./imgs_0710_2026_v1/output/traditional_baseline/primary200/resImgs/baseline_B1_canny_morph_cc_primary200_crack_00393.png
baseline_B1_canny_morph_cc,0,0,394,719,128946,2356,0.0055450584,0.2338211382,0.0108332078,0.0055450584,0.2338211382,0.0108332078,./imgs_0710_2026_v1/output/traditional_baseline/primary200/resImgs/baseline_B1_canny_morph_cc_primary200_crack_00394.png
baseline_B1_canny_morph_cc,0,0,395,282,117120,1348,0.0024020034,0.1730061350,0.0047382217,0.0024020034,0.1730061350,0.0047382217,./imgs_0710_2026_v1/output/traditional_baseline/primary200/resImgs/baseline_B1_canny_morph_cc_primary200_crack_00395.png
baseline_B1_canny_morph_cc,0,0,396,140,142399,2137,0.0009821873,0.0614844093,0.0019334880,0.0009821873,0.0614844093,0.0019334880,./imgs_0710_2026_v1/output/traditional_baseline/primary200/resImgs/baseline_B1_canny_morph_cc_primary200_crack_00396.png
baseline_B1_canny_morph_cc,0,0,397,58,136719,765,0.0004240479,0.0704738761,0.0008430233,0.0004240479,0.0704738761,0.0008430233,./imgs_0710_2026_v1/output/traditional_baseline/primary200/resImgs/baseline_B1_canny_morph_cc_primary200_crack_00397.png
baseline_B1_canny_morph_cc,0,0,398,112,136615,1749,0.0008191506,0.0601826975,0.0016163016,0.0008191506,0.0601826975,0.0016163016,./imgs_0710_2026_v1/output/traditional_baseline/primary200/resImgs/baseline_B1_canny_morph_cc_primary200_crack_00398.png
baseline_B1_canny_morph_cc,0,0,399,99,86842,2044,0.0011387033,0.0461969202,0.0022226213,0.0011387033,0.0461969202,0.0022226213,./imgs_0710_2026_v1/output/traditional_baseline/primary200/resImgs/baseline_B1_canny_morph_cc_primary200_crack_00399.png
baseline_B1_canny_morph_cc,0,0,400,87,84265,1547,0.0010313923,0.0532435741,0.0020235852,0.0010313923,0.0532435741,0.0020235852,./imgs_0710_2026_v1/output/traditional_baseline/primary200/resImgs/baseline_B1_canny_morph_cc_primary200_crack_00400.png
baseline_B1_canny_morph_cc,0,0,401,36,101238,576,0.0003554713,0.0588235294,0.0007066722,0.0003554713,0.0588235294,0.0007066722,./imgs_0710_2026_v1/output/traditional_baseline/primary200/resImgs/baseline_B1_canny_morph_cc_primary200_crack_00401.png
baseline_B1_canny_morph_cc,0,0,402,1376,103090,3001,0.0131717497,0.3143705735,0.0252841248,0.0131717497,0.3143705735,0.0252841248,./imgs_0710_2026_v1/output/traditional_baseline/primary200/resImgs/baseline_B1_canny_morph_cc_primary200_crack_00402.png
baseline_B1_canny_morph_cc,0,0,403,166,86520,3738,0.0019149574,0.0425204918,0.0036648637,0.0019149574,0.0425204918,0.0036648637,./imgs_0710_2026_v1/output/traditional_baseline/primary200/resImgs/baseline_B1_canny_morph_cc_primary200_crack_00403.png
baseline_B1_canny_morph_cc,0,0,404,490,106253,1785,0.0045904649,0.2153846154,0.0089893412,0.0045904649,0.2153846154,0.0089893412,./imgs_0710_2026_v1/output/traditional_baseline/primary200/resImgs/baseline_B1_canny_morph_cc_primary200_crack_00404.png
baseline_B1_canny_morph_cc,0,0,405,53,107740,2568,0.0004916831,0.0202212896,0.0009600232,0.0004916831,0.0202212896,0.0009600232,./imgs_0710_2026_v1/output/traditional_baseline/primary200/resImgs/baseline_B1_canny_morph_cc_primary200_crack_00405.png
baseline_B1_canny_morph_cc,0,0,406,143,106021,892,0.0013469726,0.1381642512,0.0026679353,0.0013469726,0.1381642512,0.0026679353,./imgs_0710_2026_v1/output/traditional_baseline/primary200/resImgs/baseline_B1_canny_morph_cc_primary200_crack_00406.png
baseline_B1_canny_morph_cc,0,0,407,74,101553,2345,0.0007281530,0.0305911534,0.0014224478,0.0007281530,0.0305911534,0.0014224478,./imgs_0710_2026_v1/output/traditional_baseline/primary200/resImgs/baseline_B1_canny_morph_cc_primary200_crack_00407.png
baseline_B1_canny_morph_cc,0,0,408,594,137919,2474,0.0042884061,0.1936114733,0.0083909564,0.0042884061,0.1936114733,0.0083909564,./imgs_0710_2026_v1/output/traditional_baseline/primary200/resImgs/baseline_B1_canny_morph_cc_primary200_crack_00408.png
baseline_B1_canny_morph_cc,0,0,409,162,128888,552,0.0012553274,0.2268907563,0.0024968404,0.0012553274,0.2268907563,0.0024968404,./imgs_0710_2026_v1/output/traditional_baseline/primary200/resImgs/baseline_B1_canny_morph_cc_primary200_crack_00409.png
baseline_B1_canny_morph_cc,0,0,410,431,104878,4622,0.0040927176,0.0852958638,0.0078106595,0.0040927176,0.0852958638,0.0078106595,./imgs_0710_2026_v1/output/traditional_baseline/primary200/resImgs/baseline_B1_canny_morph_cc_primary200_crack_00410.png
baseline_B2_sobel_xy_threshold_morph_cc,0,0,211,26,21083,2470,0.0012317021,0.0104166667,0.0022029231,0.0012317021,0.0104166667,0.0022029231,./imgs_0710_2026_v1/output/traditional_baseline/primary200/resImgs/baseline_B2_sobel_xy_threshold_morph_cc_primary200_crack_00211.png
baseline_B2_sobel_xy_threshold_morph_cc,0,0,212,437,20930,2902,0.0204520990,0.1308775082,0.0353760220,0.0204520990,0.1308775082,0.0353760220,./imgs_0710_2026_v1/output/traditional_baseline/primary200/resImgs/baseline_B2_sobel_xy_threshold_morph_cc_primary200_crack_00212.png
baseline_B2_sobel_xy_threshold_morph_cc,0,0,213,18,16807,997,0.0010698366,0.0177339901,0.0020179372,0.0010698366,0.0177339901,0.0020179372,./imgs_0710_2026_v1/output/traditional_baseline/primary200/resImgs/baseline_B2_sobel_xy_threshold_morph_cc_primary200_crack_00213.png
baseline_B2_sobel_xy_threshold_morph_cc,0,0,214,554,19420,2818,0.0277360569,0.1642941874,0.0474599503,0.0277360569,0.1642941874,0.0474599503,./imgs_0710_2026_v1/output/traditional_baseline/primary200/resImgs/baseline_B2_sobel_xy_threshold_morph_cc_primary200_crack_00214.png
baseline_B2_sobel_xy_threshold_morph_cc,0,0,215,20,21965,765,0.0009097112,0.0254777070,0.0017566974,0.0009097112,0.0254777070,0.0017566974,./imgs_0710_2026_v1/output/traditional_baseline/primary200/resImgs/baseline_B2_sobel_xy_threshold_morph_cc_primary200_crack_00215.png
baseline_B2_sobel_xy_threshold_morph_cc,0,0,216,233,21357,4552,0.0107920333,0.0486938349,0.0176682464,0.0107920333,0.0486938349,0.0176682464,./imgs_0710_2026_v1/output/traditional_baseline/primary200/resImgs/baseline_B2_sobel_xy_threshold_morph_cc_primary200_crack_00216.png
baseline_B2_sobel_xy_threshold_morph_cc,0,0,217,118,19949,1746,0.0058803010,0.0633047210,0.0107610232,0.0058803010,0.0633047210,0.0107610232,./imgs_0710_2026_v1/output/traditional_baseline/primary200/resImgs/baseline_B2_sobel_xy_threshold_morph_cc_primary200_crack_00217.png
baseline_B2_sobel_xy_threshold_morph_cc,0,0,218,131,20006,2463,0.0065054378,0.0505011565,0.0115261097,0.0065054378,0.0505011565,0.0115261097,./imgs_0710_2026_v1/output/traditional_baseline/primary200/resImgs/baseline_B2_sobel_xy_threshold_morph_cc_primary200_crack_00218.png
baseline_B2_sobel_xy_threshold_morph_cc,0,0,219,593,8678,2862,0.0639628950,0.1716353111,0.0931950338,0.0639628950,0.1716353111,0.0931950338,./imgs_0710_2026_v1/output/traditional_baseline/primary200/resImgs/baseline_B2_sobel_xy_threshold_morph_cc_primary200_crack_00219.png
baseline_B2_sobel_xy_threshold_morph_cc,0,0,220,243,10419,1150,0.0227912212,0.1744436468,0.0403152219,0.0227912212,0.1744436468,0.0403152219,./imgs_0710_2026_v1/output/traditional_baseline/primary200/resImgs/baseline_B2_sobel_xy_threshold_morph_cc_primary200_crack_00220.png
baseline_B2_sobel_xy_threshold_morph_cc,0,0,221,1089,11815,6166,0.0843924365,0.1501033770,0.1080410735,0.0843924365,0.1501033770,0.1080410735,./imgs_0710_2026_v1/output/traditional_baseline/primary200/resImgs/baseline_B2_sobel_xy_threshold_morph_cc_primary200_crack_00221.png
baseline_B2_sobel_xy_threshold_morph_cc,0,0,222,397,13830,2977,0.0279046883,0.1176644932,0.0451110732,0.0279046883,0.1176644932,0.0451110732,./imgs_0710_2026_v1/output/traditional_baseline/primary200/resImgs/baseline_B2_sobel_xy_threshold_morph_cc_primary200_crack_00222.png
baseline_B2_sobel_xy_threshold_morph_cc,0,0,223,178,16502,873,0.0106714628,0.1693625119,0.0200778298,0.0106714628,0.1693625119,0.0200778298,./imgs_0710_2026_v1/output/traditional_baseline/primary200/resImgs/baseline_B2_sobel_xy_threshold_morph_cc_primary200_crack_00223.png
baseline_B2_sobel_xy_threshold_morph_cc,0,0,224,437,8839,4594,0.0471108236,0.0868614590,0.0610889774,0.0471108236,0.0868614590,0.0610889774,./imgs_0710_2026_v1/output/traditional_baseline/primary200/resImgs/baseline_B2_sobel_xy_threshold_morph_cc_primary200_crack_00224.png
baseline_B2_sobel_xy_threshold_morph_cc,0,0,225,262,10688,3849,0.0239269406,0.0637314522,0.0347918465,0.0239269406,0.0637314522,0.0347918465,./imgs_0710_2026_v1/output/traditional_baseline/primary200/resImgs/baseline_B2_sobel_xy_threshold_morph_cc_primary200_crack_00225.png
baseline_B2_sobel_xy_threshold_morph_cc,0,0,226,35,12381,654,0.0028189433,0.0507982583,0.0053414727,0.0028189433,0.0507982583,0.0053414727,./imgs_0710_2026_v1/output/traditional_baseline/primary200/resImgs/baseline_B2_sobel_xy_threshold_morph_cc_primary200_crack_00226.png
baseline_B2_sobel_xy_threshold_morph_cc,0,0,227,104,11944,3798,0.0086321381,0.0266529985,0.0130407524,0.0086321381,0.0266529985,0.0130407524,./imgs_0710_2026_v1/output/traditional_baseline/primary200/resImgs/baseline_B2_sobel_xy_threshold_morph_cc_primary200_crack_00227.png
baseline_B2_sobel_xy_threshold_morph_cc,0,0,228,324,11074,3634,0.0284260397,0.0818595250,0.0421984892,0.0284260397,0.0818595250,0.0421984892,./imgs_0710_2026_v1/output/traditional_baseline/primary200/resImgs/baseline_B2_sobel_xy_threshold_morph_cc_primary200_crack_00228.png
baseline_B2_sobel_xy_threshold_morph_cc,0,0,229,267,12895,4716,0.0202856709,0.0535821794,0.0294295949,0.0202856709,0.0535821794,0.0294295949,./imgs_0710_2026_v1/output/traditional_baseline/primary200/resImgs/baseline_B2_sobel_xy_threshold_morph_cc_primary200_crack_00229.png
baseline_B2_sobel_xy_threshold_morph_cc,0,0,230,135,9933,3541,0.0134088200,0.0367247008,0.0196449360,0.0134088200,0.0367247008,0.0196449360,./imgs_0710_2026_v1/output/traditional_baseline/primary200/resImgs/baseline_B2_sobel_xy_threshold_morph_cc_primary200_crack_00230.png
baseline_B2_sobel_xy_threshold_morph_cc,0,0,231,326,10464,3844,0.0302131603,0.0781774580,0.0435828877,0.0302131603,0.0781774580,0.0435828877,./imgs_0710_2026_v1/output/traditional_baseline/primary200/resImgs/baseline_B2_sobel_xy_threshold_morph_cc_primary200_crack_00231.png
baseline_B2_sobel_xy_threshold_morph_cc,0,0,232,7,9145,1356,0.0007648601,0.0051357300,0.0013314313,0.0007648601,0.0051357300,0.0013314313,./imgs_0710_2026_v1/output/traditional_baseline/primary200/resImgs/baseline_B2_sobel_xy_threshold_morph_cc_primary200_crack_00232.png
baseline_B2_sobel_xy_threshold_morph_cc,0,0,233,63,9763,2543,0.0064115612,0.0241749808,0.0101351351,0.0064115612,0.0241749808,0.0101351351,./imgs_0710_2026_v1/output/traditional_baseline/primary200/resImgs/baseline_B2_sobel_xy_threshold_morph_cc_primary200_crack_00233.png
baseline_B2_sobel_xy_threshold_morph_cc,0,0,234,454,8912,3025,0.0484732009,0.1304972693,0.0706889840,0.0484732009,0.1304972693,0.0706889840,./imgs_0710_2026_v1/output/traditional_baseline/primary200/resImgs/baseline_B2_sobel_xy_threshold_morph_cc_primary200_crack_00234.png
baseline_B2_sobel_xy_threshold_morph_cc,0,0,235,39,21069,2805,0.0018476407,0.0137130802,0.0032565130,0.0018476407,0.0137130802,0.0032565130,./imgs_0710_2026_v1/output/traditional_baseline/primary200/resImgs/baseline_B2_sobel_xy_threshold_morph_cc_primary200_crack_00235.png
baseline_B2_sobel_xy_threshold_morph_cc,0,0,236,1107,15894,8967,0.0651138168,0.1098868374,0.0817728532,0.0651138168,0.1098868374,0.0817728532,./imgs_0710_2026_v1/output/traditional_baseline/primary200/resImgs/baseline_B2_sobel_xy_threshold_morph_cc_primary200_crack_00236.png
baseline_B2_sobel_xy_threshold_morph_cc,0,0,237,288,11046,3994,0.0254102700,0.0672582905,0.0368852459,0.0254102700,0.0672582905,0.0368852459,./imgs_0710_2026_v1/output/traditional_baseline/primary200/resImgs/baseline_B2_sobel_xy_threshold_morph_cc_primary200_crack_00237.png
baseline_B2_sobel_xy_threshold_morph_cc,0,0,238,172,13452,2619,0.0126247798,0.0616266571,0.0209564423,0.0126247798,0.0616266571,0.0209564423,./imgs_0710_2026_v1/output/traditional_baseline/primary200/resImgs/baseline_B2_sobel_xy_threshold_morph_cc_primary200_crack_00238.png
baseline_B2_sobel_xy_threshold_morph_cc,0,0,239,94,104387,2694,0.0008996851,0.0337159254,0.0017526033,0.0008996851,0.0337159254,0.0017526033,./imgs_0710_2026_v1/output/traditional_baseline/primary200/resImgs/baseline_B2_sobel_xy_threshold_morph_cc_primary200_crack_00239.png
baseline_B2_sobel_xy_threshold_morph_cc,0,0,240,363,100987,3939,0.0035816478,0.0843793584,0.0068716162,0.0035816478,0.0843793584,0.0068716162,./imgs_0710_2026_v1/output/traditional_baseline/primary200/resImgs/baseline_B2_sobel_xy_threshold_morph_cc_primary200_crack_00240.png
baseline_B2_sobel_xy_threshold_morph_cc,0,0,241,89,101646,2979,0.0008748218,0.0290091265,0.0016984247,0.0008748218,0.0290091265,0.0016984247,./imgs_0710_2026_v1/output/traditional_baseline/primary200/resImgs/baseline_B2_sobel_xy_threshold_morph_cc_primary200_crack_00241.png
baseline_B2_sobel_xy_threshold_morph_cc,0,0,242,65,111489,1978,0.0005826774,0.0318159569,0.0011443964,0.0005826774,0.0318159569,0.0011443964,./imgs_0710_2026_v1/output/traditional_baseline/primary200/resImgs/baseline_B2_sobel_xy_threshold_morph_cc_primary200_crack_00242.png
baseline_B2_sobel_xy_threshold_morph_cc,0,0,243,412,14099,2714,0.0283922542,0.1317978247,0.0467199637,0.0283922542,0.1317978247,0.0467199637,./imgs_0710_2026_v1/output/traditional_baseline/primary200/resImgs/baseline_B2_sobel_xy_threshold_morph_cc_primary200_crack_00243.png
baseline_B2_sobel_xy_threshold_morph_cc,0,0,244,54,10522,2204,0.0051059002,0.0239149690,0.0084151473,0.0051059002,0.0239149690,0.0084151473,./imgs_0710_2026_v1/output/traditional_baseline/primary200/resImgs/baseline_B2_sobel_xy_threshold_morph_cc_primary200_crack_00244.png
baseline_B2_sobel_xy_threshold_morph_cc,0,0,245,13,19856,2150,0.0006542856,0.0060101711,0.0011801017,0.0006542856,0.0060101711,0.0011801017,./imgs_0710_2026_v1/output/traditional_baseline/primary200/resImgs/baseline_B2_sobel_xy_threshold_morph_cc_primary200_crack_00245.png
baseline_B2_sobel_xy_threshold_morph_cc,0,0,246,0,18899,1469,0.0000000000,0.0000000000,0.0000000000,0.0000529101,0.0006802721,0.0000981836,./imgs_0710_2026_v1/output/traditional_baseline/primary200/resImgs/baseline_B2_sobel_xy_threshold_morph_cc_primary200_crack_00246.png
baseline_B2_sobel_xy_threshold_morph_cc,0,0,247,0,20320,988,0.0000000000,0.0000000000,0.0000000000,0.0000492102,0.0010111223,0.0000938527,./imgs_0710_2026_v1/output/traditional_baseline/primary200/resImgs/baseline_B2_sobel_xy_threshold_morph_cc_primary200_crack_00247.png
baseline_B2_sobel_xy_threshold_morph_cc,0,0,248,26,17735,1840,0.0014638815,0.0139335477,0.0026494115,0.0014638815,0.0139335477,0.0026494115,./imgs_0710_2026_v1/output/traditional_baseline/primary200/resImgs/baseline_B2_sobel_xy_threshold_morph_cc_primary200_crack_00248.png
baseline_B2_sobel_xy_threshold_morph_cc,0,0,249,26,22646,1388,0.0011467890,0.0183875530,0.0021589305,0.0011467890,0.0183875530,0.0021589305,./imgs_0710_2026_v1/output/traditional_baseline/primary200/resImgs/baseline_B2_sobel_xy_threshold_morph_cc_primary200_crack_00249.png
baseline_B2_sobel_xy_threshold_morph_cc,0,0,250,40,15921,1870,0.0025061086,0.0209424084,0.0044765262,0.0025061086,0.0209424084,0.0044765262,./imgs_0710_2026_v1/output/traditional_baseline/primary200/resImgs/baseline_B2_sobel_xy_threshold_morph_cc_primary200_crack_00250.png
baseline_B2_sobel_xy_threshold_morph_cc,0,0,251,8,17826,1372,0.0004485814,0.0057971014,0.0008327261,0.0004485814,0.0057971014,0.0008327261,./imgs_0710_2026_v1/output/traditional_baseline/primary200/resImgs/baseline_B2_sobel_xy_threshold_morph_cc_primary200_crack_00251.png
baseline_B2_sobel_xy_threshold_morph_cc,0,0,252,14,100977,3090,0.0001386262,0.0045103093,0.0002689851,0.0001386262,0.0045103093,0.0002689851,./imgs_0710_2026_v1/output/traditional_baseline/primary200/resImgs/baseline_B2_sobel_xy_threshold_morph_cc_primary200_crack_00252.png
baseline_B2_sobel_xy_threshold_morph_cc,0,0,253,2,105716,1748,0.0000189183,0.0011428571,0.0000372204,0.0000189183,0.0011428571,0.0000372204,./imgs_0710_2026_v1/output/traditional_baseline/primary200/resImgs/baseline_B2_sobel_xy_threshold_morph_cc_primary200_crack_00253.png
baseline_B2_sobel_xy_threshold_morph_cc,0,0,254,2,109496,1687,0.0000182652,0.0011841326,0.0000359754,0.0000182652,0.0011841326,0.0000359754,./imgs_0710_2026_v1/output/traditional_baseline/primary200/resImgs/baseline_B2_sobel_xy_threshold_morph_cc_primary200_crack_00254.png
baseline_B2_sobel_xy_threshold_morph_cc,0,0,255,71,99430,1857,0.0007135607,0.0368257261,0.0013999941,0.0007135607,0.0368257261,0.0013999941,./imgs_0710_2026_v1/output/traditional_baseline/primary200/resImgs/baseline_B2_sobel_xy_threshold_morph_cc_primary200_crack_00255.png
baseline_B2_sobel_xy_threshold_morph_cc,0,0,256,85,108057,1927,0.0007860036,0.0422465209,0.0015432939,0.0007860036,0.0422465209,0.0015432939,./imgs_0710_2026_v1/output/traditional_baseline/primary200/resImgs/baseline_B2_sobel_xy_threshold_morph_cc_primary200_crack_00256.png
baseline_B2_sobel_xy_threshold_morph_cc,0,0,257,435,114057,2065,0.0037993921,0.1740000000,0.0074364059,0.0037993921,0.1740000000,0.0074364059,./imgs_0710_2026_v1/output/traditional_baseline/primary200/resImgs/baseline_B2_sobel_xy_threshold_morph_cc_primary200_crack_00257.png
baseline_B2_sobel_xy_threshold_morph_cc,0,0,258,424,96475,2077,0.0043756902,0.1695321871,0.0085311871,0.0043756902,0.1695321871,0.0085311871,./imgs_0710_2026_v1/output/traditional_baseline/primary200/resImgs/baseline_B2_sobel_xy_threshold_morph_cc_primary200_crack_00258.png
baseline_B2_sobel_xy_threshold_morph_cc,0,0,259,330,84537,2112,0.0038884372,0.1351351351,0.0075593581,0.0038884372,0.1351351351,0.0075593581,./imgs_0710_2026_v1/output/traditional_baseline/primary200/resImgs/baseline_B2_sobel_xy_threshold_morph_cc_primary200_crack_00259.png
baseline_B2_sobel_xy_threshold_morph_cc,0,0,260,477,106783,1033,0.0044471378,0.3158940397,0.0087708008,0.0044471378,0.3158940397,0.0087708008,./imgs_0710_2026_v1/output/traditional_baseline/primary200/resImgs/baseline_B2_sobel_xy_threshold_morph_cc_primary200_crack_00260.png
baseline_B2_sobel_xy_threshold_morph_cc,0,0,261,294,99866,661,0.0029353035,0.3078534031,0.0058151610,0.0029353035,0.3078534031,0.0058151610,./imgs_0710_2026_v1/output/traditional_baseline/primary200/resImgs/baseline_B2_sobel_xy_threshold_morph_cc_primary200_crack_00261.png
baseline_B2_sobel_xy_threshold_morph_cc,0,0,262,450,105089,1959,0.0042638266,0.1867995019,0.0083373476,0.0042638266,0.1867995019,0.0083373476,./imgs_0710_2026_v1/output/traditional_baseline/primary200/resImgs/baseline_B2_sobel_xy_threshold_morph_cc_primary200_crack_00262.png
baseline_B2_sobel_xy_threshold_morph_cc,0,0,263,223,99175,1238,0.0022435059,0.1526351814,0.0044220149,0.0022435059,0.1526351814,0.0044220149,./imgs_0710_2026_v1/output/traditional_baseline/primary200/resImgs/baseline_B2_sobel_xy_threshold_morph_cc_primary200_crack_00263.png
baseline_B2_sobel_xy_threshold_morph_cc,0,0,264,190,113356,1464,0.0016733306,0.1148730351,0.0032986111,0.0016733306,0.1148730351,0.0032986111,./imgs_0710_2026_v1/output/traditional_baseline/primary200/resImgs/baseline_B2_sobel_xy_threshold_morph_cc_primary200_crack_00264.png
baseline_B2_sobel_xy_threshold_morph_cc,0,0,265,662,91710,2162,0.0071666739,0.2344192635,0.0139081474,0.0071666739,0.2344192635,0.0139081474,./imgs_0710_2026_v1/output/traditional_baseline/primary200/resImgs/baseline_B2_sobel_xy_threshold_morph_cc_primary200_crack_00265.png
baseline_B2_sobel_xy_threshold_morph_cc,0,0,266,96,98304,3478,0.0009756098,0.0268606603,0.0018828329,0.0009756098,0.0268606603,0.0018828329,./imgs_0710_2026_v1/output/traditional_baseline/primary200/resImgs/baseline_B2_sobel_xy_threshold_morph_cc_primary200_crack_00266.png
baseline_B2_sobel_xy_threshold_morph_cc,0,0,267,89,77649,1529,0.0011448712,0.0550061805,0.0022430566,0.0011448712,0.0550061805,0.0022430566,./imgs_0710_2026_v1/output/traditional_baseline/primary200/resImgs/baseline_B2_sobel_xy_threshold_morph_cc_primary200_crack_00267.png
baseline_B2_sobel_xy_threshold_morph_cc,0,0,268,169,100475,2026,0.0016791860,0.0769931663,0.0032866908,0.0016791860,0.0769931663,0.0032866908,./imgs_0710_2026_v1/output/traditional_baseline/primary200/resImgs/baseline_B2_sobel_xy_threshold_morph_cc_primary200_crack_00268.png
baseline_B2_sobel_xy_threshold_morph_cc,0,0,269,22,85954,1687,0.0002558854,0.0128730252,0.0005017962,0.0002558854,0.0128730252,0.0005017962,./imgs_0710_2026_v1/output/traditional_baseline/primary200/resImgs/baseline_B2_sobel_xy_threshold_morph_cc_primary200_crack_00269.png
baseline_B2_sobel_xy_threshold_morph_cc,0,0,270,105,76921,3257,0.0013631761,0.0312314099,0.0026123302,0.0013631761,0.0312314099,0.0026123302,./imgs_0710_2026_v1/output/traditional_baseline/primary200/resImgs/baseline_B2_sobel_xy_threshold_morph_cc_primary200_crack_00270.png
baseline_B2_sobel_xy_threshold_morph_cc,0,0,271,156,90556,1260,0.0017197284,0.1101694915,0.0033865926,0.0017197284,0.1101694915,0.0033865926,./imgs_0710_2026_v1/output/traditional_baseline/primary200/resImgs/baseline_B2_sobel_xy_threshold_morph_cc_primary200_crack_00271.png
baseline_B2_sobel_xy_threshold_morph_cc,0,0,272,18,93007,998,0.0001934964,0.0177165354,0.0003828118,0.0001934964,0.0177165354,0.0003828118,./imgs_0710_2026_v1/output/traditional_baseline/primary200/resImgs/baseline_B2_sobel_xy_threshold_morph_cc_primary200_crack_00272.png
baseline_B2_sobel_xy_threshold_morph_cc,0,0,273,81,95752,1616,0.0008452203,0.0477312905,0.0016610274,0.0008452203,0.0477312905,0.0016610274,./imgs_0710_2026_v1/output/traditional_baseline/primary200/resImgs/baseline_B2_sobel_xy_threshold_morph_cc_primary200_crack_00273.png
baseline_B2_sobel_xy_threshold_morph_cc,0,0,274,55,80892,2009,0.0006794569,0.0266472868,0.0013251256,0.0006794569,0.0266472868,0.0013251256,./imgs_0710_2026_v1/output/traditional_baseline/primary200/resImgs/baseline_B2_sobel_xy_threshold_morph_cc_primary200_crack_00274.png
baseline_B2_sobel_xy_threshold_morph_cc,0,0,275,113,95646,552,0.0011800457,0.1699248120,0.0023438148,0.0011800457,0.1699248120,0.0023438148,./imgs_0710_2026_v1/output/traditional_baseline/primary200/resImgs/baseline_B2_sobel_xy_threshold_morph_cc_primary200_crack_00275.png
baseline_B2_sobel_xy_threshold_morph_cc,0,0,276,11,103780,1406,0.0001059822,0.0077628793,0.0002091096,0.0001059822,0.0077628793,0.0002091096,./imgs_0710_2026_v1/output/traditional_baseline/primary200/resImgs/baseline_B2_sobel_xy_threshold_morph_cc_primary200_crack_00276.png
baseline_B2_sobel_xy_threshold_morph_cc,0,0,277,28,89861,756,0.0003114953,0.0357142857,0.0006176039,0.0003114953,0.0357142857,0.0006176039,./imgs_0710_2026_v1/output/traditional_baseline/primary200/resImgs/baseline_B2_sobel_xy_threshold_morph_cc_primary200_crack_00277.png
baseline_B2_sobel_xy_threshold_morph_cc,0,0,278,0,99931,1382,0.0000000000,0.0000000000,0.0000000000,0.0000100068,0.0007230658,0.0000197404,./imgs_0710_2026_v1/output/traditional_baseline/primary200/resImgs/baseline_B2_sobel_xy_threshold_morph_cc_primary200_crack_00278.png
baseline_B2_sobel_xy_threshold_morph_cc,0,0,279,0,21004,915,0.0000000000,0.0000000000,0.0000000000,0.0000476077,0.0010917031,0.0000912367,./imgs_0710_2026_v1/output/traditional_baseline/primary200/resImgs/baseline_B2_sobel_xy_threshold_morph_cc_primary200_crack_00279.png
baseline_B2_sobel_xy_threshold_morph_cc,0,0,280,28,13892,1334,0.0020114943,0.0205580029,0.0036644418,0.0020114943,0.0205580029,0.0036644418,./imgs_0710_2026_v1/output/traditional_baseline/primary200/resImgs/baseline_B2_sobel_xy_threshold_morph_cc_primary200_crack_00280.png
baseline_B2_sobel_xy_threshold_morph_cc,0,0,281,0,18080,734,0.0000000000,0.0000000000,0.0000000000,0.0000553067,0.0013605442,0.0001062925,./imgs_0710_2026_v1/output/traditional_baseline/primary200/resImgs/baseline_B2_sobel_xy_threshold_morph_cc_primary200_crack_00281.png
baseline_B2_sobel_xy_threshold_morph_cc,0,0,282,15,14816,1117,0.0010113951,0.0132508834,0.0018793460,0.0010113951,0.0132508834,0.0018793460,./imgs_0710_2026_v1/output/traditional_baseline/primary200/resImgs/baseline_B2_sobel_xy_threshold_morph_cc_primary200_crack_00282.png
baseline_B2_sobel_xy_threshold_morph_cc,0,0,283,3014,88725,4536,0.0328540751,0.3992052980,0.0607116599,0.0328540751,0.3992052980,0.0607116599,./imgs_0710_2026_v1/output/traditional_baseline/primary200/resImgs/baseline_B2_sobel_xy_threshold_morph_cc_primary200_crack_00283.png
baseline_B2_sobel_xy_threshold_morph_cc,0,0,284,5353,63143,3985,0.0781505489,0.5732490897,0.1375491430,0.0781505489,0.5732490897,0.1375491430,./imgs_0710_2026_v1/output/traditional_baseline/primary200/resImgs/baseline_B2_sobel_xy_threshold_morph_cc_primary200_crack_00284.png
baseline_B2_sobel_xy_threshold_morph_cc,0,0,285,3500,72674,4573,0.0459474361,0.4335439118,0.0830890121,0.0459474361,0.4335439118,0.0830890121,./imgs_0710_2026_v1/output/traditional_baseline/primary200/resImgs/baseline_B2_sobel_xy_threshold_morph_cc_primary200_crack_00285.png
baseline_B2_sobel_xy_threshold_morph_cc,0,0,286,11360,66041,11085,0.1467681296,0.5061260860,0.2275504277,0.1467681296,0.5061260860,0.2275504277,./imgs_0710_2026_v1/output/traditional_baseline/primary200/resImgs/baseline_B2_sobel_xy_threshold_morph_cc_primary200_crack_00286.png
baseline_B2_sobel_xy_threshold_morph_cc,0,0,287,573,98904,2164,0.0057601255,0.2093533065,0.0112117714,0.0057601255,0.2093533065,0.0112117714,./imgs_0710_2026_v1/output/traditional_baseline/primary200/resImgs/baseline_B2_sobel_xy_threshold_morph_cc_primary200_crack_00287.png
baseline_B2_sobel_xy_threshold_morph_cc,0,0,288,394,71974,3307,0.0054443953,0.1064577141,0.0103590162,0.0054443953,0.1064577141,0.0103590162,./imgs_0710_2026_v1/output/traditional_baseline/primary200/resImgs/baseline_B2_sobel_xy_threshold_morph_cc_primary200_crack_00288.png
baseline_B2_sobel_xy_threshold_morph_cc,0,0,289,2098,87395,5451,0.0234431743,0.2779176050,0.0432390099,0.0234431743,0.2779176050,0.0432390099,./imgs_0710_2026_v1/output/traditional_baseline/primary200/resImgs/baseline_B2_sobel_xy_threshold_morph_cc_primary200_crack_00289.png
baseline_B2_sobel_xy_threshold_morph_cc,0,0,290,2734,67664,4903,0.0388363306,0.3579939767,0.0700711219,0.0388363306,0.3579939767,0.0700711219,./imgs_0710_2026_v1/output/traditional_baseline/primary200/resImgs/baseline_B2_sobel_xy_threshold_morph_cc_primary200_crack_00290.png
baseline_B2_sobel_xy_threshold_morph_cc,0,0,291,753,65952,3949,0.0112885091,0.1601446193,0.0210903693,0.0112885091,0.1601446193,0.0210903693,./imgs_0710_2026_v1/output/traditional_baseline/primary200/resImgs/baseline_B2_sobel_xy_threshold_morph_cc_primary200_crack_00291.png
baseline_B2_sobel_xy_threshold_morph_cc,0,0,292,1454,63789,5509,0.0222859157,0.2088180382,0.0402736615,0.0222859157,0.2088180382,0.0402736615,./imgs_0710_2026_v1/output/traditional_baseline/primary200/resImgs/baseline_B2_sobel_xy_threshold_morph_cc_primary200_crack_00292.png
baseline_B2_sobel_xy_threshold_morph_cc,0,0,293,965,68761,2500,0.0138398876,0.2784992785,0.0263693624,0.0138398876,0.2784992785,0.0263693624,./imgs_0710_2026_v1/output/traditional_baseline/primary200/resImgs/baseline_B2_sobel_xy_threshold_morph_cc_primary200_crack_00293.png
baseline_B2_sobel_xy_threshold_morph_cc,0,0,294,352,64448,1101,0.0054320988,0.2422573985,0.0106259339,0.0054320988,0.2422573985,0.0106259339,./imgs_0710_2026_v1/output/traditional_baseline/primary200/resImgs/baseline_B2_sobel_xy_threshold_morph_cc_primary200_crack_00294.png
baseline_B2_sobel_xy_threshold_morph_cc,0,0,295,401,73732,1870,0.0054091970,0.1765741964,0.0104968326,0.0054091970,0.1765741964,0.0104968326,./imgs_0710_2026_v1/output/traditional_baseline/primary200/resImgs/baseline_B2_sobel_xy_threshold_morph_cc_primary200_crack_00295.png
baseline_B2_sobel_xy_threshold_morph_cc,0,0,296,3546,80820,7429,0.0420311500,0.3230979499,0.0743856263,0.0420311500,0.3230979499,0.0743856263,./imgs_0710_2026_v1/output/traditional_baseline/primary200/resImgs/baseline_B2_sobel_xy_threshold_morph_cc_primary200_crack_00296.png
baseline_B2_sobel_xy_threshold_morph_cc,0,0,297,6714,62833,14667,0.0965390312,0.3140171180,0.1476772831,0.0965390312,0.3140171180,0.1476772831,./imgs_0710_2026_v1/output/traditional_baseline/primary200/resImgs/baseline_B2_sobel_xy_threshold_morph_cc_primary200_crack_00297.png
baseline_B2_sobel_xy_threshold_morph_cc,0,0,298,4872,75136,11656,0.0608939106,0.2947725073,0.1009364382,0.0608939106,0.2947725073,0.1009364382,./imgs_0710_2026_v1/output/traditional_baseline/primary200/resImgs/baseline_B2_sobel_xy_threshold_morph_cc_primary200_crack_00298.png
baseline_B2_sobel_xy_threshold_morph_cc,0,0,299,3503,76733,10867,0.0436587068,0.2437717467,0.0740544997,0.0436587068,0.2437717467,0.0740544997,./imgs_0710_2026_v1/output/traditional_baseline/primary200/resImgs/baseline_B2_sobel_xy_threshold_morph_cc_primary200_crack_00299.png
baseline_B2_sobel_xy_threshold_morph_cc,0,0,300,2843,59269,8602,0.0457721535,0.2484054172,0.0773005968,0.0457721535,0.2484054172,0.0773005968,./imgs_0710_2026_v1/output/traditional_baseline/primary200/resImgs/baseline_B2_sobel_xy_threshold_morph_cc_primary200_crack_00300.png
baseline_B2_sobel_xy_threshold_morph_cc,0,0,301,1877,68301,9669,0.0267462738,0.1625671228,0.0459350986,0.0267462738,0.1625671228,0.0459350986,./imgs_0710_2026_v1/output/traditional_baseline/primary200/resImgs/baseline_B2_sobel_xy_threshold_morph_cc_primary200_crack_00301.png
baseline_B2_sobel_xy_threshold_morph_cc,0,0,302,5927,66885,11893,0.0814014173,0.3326038159,0.1307926560,0.0814014173,0.3326038159,0.1307926560,./imgs_0710_2026_v1/output/traditional_baseline/primary200/resImgs/baseline_B2_sobel_xy_threshold_morph_cc_primary200_crack_00302.png
baseline_B2_sobel_xy_threshold_morph_cc,0,0,303,2741,70680,6272,0.0373326432,0.3041162765,0.0665016862,0.0373326432,0.3041162765,0.0665016862,./imgs_0710_2026_v1/output/traditional_baseline/primary200/resImgs/baseline_B2_sobel_xy_threshold_morph_cc_primary200_crack_00303.png
baseline_B2_sobel_xy_threshold_morph_cc,0,0,304,3594,63412,8725,0.0536369877,0.2917444598,0.0906145604,0.0536369877,0.2917444598,0.0906145604,./imgs_0710_2026_v1/output/traditional_baseline/primary200/resImgs/baseline_B2_sobel_xy_threshold_morph_cc_primary200_crack_00304.png
baseline_B2_sobel_xy_threshold_morph_cc,0,0,305,4531,74545,3318,0.0572993070,0.5772709899,0.1042507909,0.0572993070,0.5772709899,0.1042507909,./imgs_0710_2026_v1/output/traditional_baseline/primary200/resImgs/baseline_B2_sobel_xy_threshold_morph_cc_primary200_crack_00305.png
baseline_B2_sobel_xy_threshold_morph_cc,0,0,306,4036,37589,11229,0.0969609610,0.2643956764,0.1418878538,0.0969609610,0.2643956764,0.1418878538,./imgs_0710_2026_v1/output/traditional_baseline/primary200/resImgs/baseline_B2_sobel_xy_threshold_morph_cc_primary200_crack_00306.png
baseline_B2_sobel_xy_threshold_morph_cc,0,0,307,336,47806,8534,0.0069793527,0.0378804961,0.0117869922,0.0069793527,0.0378804961,0.0117869922,./imgs_0710_2026_v1/output/traditional_baseline/primary200/resImgs/baseline_B2_sobel_xy_threshold_morph_cc_primary200_crack_00307.png
baseline_B2_sobel_xy_threshold_morph_cc,0,0,308,3990,82512,6139,0.0461261011,0.3939184520,0.0825821941,0.0461261011,0.3939184520,0.0825821941,./imgs_0710_2026_v1/output/traditional_baseline/primary200/resImgs/baseline_B2_sobel_xy_threshold_morph_cc_primary200_crack_00308.png
baseline_B2_sobel_xy_threshold_morph_cc,0,0,309,742,91793,3827,0.0080185876,0.1623987743,0.0152825836,0.0080185876,0.1623987743,0.0152825836,./imgs_0710_2026_v1/output/traditional_baseline/primary200/resImgs/baseline_B2_sobel_xy_threshold_morph_cc_primary200_crack_00309.png
baseline_B2_sobel_xy_threshold_morph_cc,0,0,310,5847,63535,7209,0.0842725779,0.4478400735,0.1418520585,0.0842725779,0.4478400735,0.1418520585,./imgs_0710_2026_v1/output/traditional_baseline/primary200/resImgs/baseline_B2_sobel_xy_threshold_morph_cc_primary200_crack_00310.png
baseline_B2_sobel_xy_threshold_morph_cc,0,0,311,2017,51023,7041,0.0380279035,0.2226760874,0.0649618345,0.0380279035,0.2226760874,0.0649618345,./imgs_0710_2026_v1/output/traditional_baseline/primary200/resImgs/baseline_B2_sobel_xy_threshold_morph_cc_primary200_crack_00311.png
baseline_B2_sobel_xy_threshold_morph_cc,0,0,312,418,67346,2922,0.0061684670,0.1251497006,0.0117574257,0.0061684670,0.1251497006,0.0117574257,./imgs_0710_2026_v1/output/traditional_baseline/primary200/resImgs/baseline_B2_sobel_xy_threshold_morph_cc_primary200_crack_00312.png
baseline_B2_sobel_xy_threshold_morph_cc,0,0,313,2225,64417,3401,0.0333873533,0.3954852471,0.0615763547,0.0333873533,0.3954852471,0.0615763547,./imgs_0710_2026_v1/output/traditional_baseline/primary200/resImgs/baseline_B2_sobel_xy_threshold_morph_cc_primary200_crack_00313.png
baseline_B2_sobel_xy_threshold_morph_cc,0,0,314,643,66559,3338,0.0095681676,0.1615172067,0.0180661113,0.0095681676,0.1615172067,0.0180661113,./imgs_0710_2026_v1/output/traditional_baseline/primary200/resImgs/baseline_B2_sobel_xy_threshold_morph_cc_primary200_crack_00314.png
baseline_B2_sobel_xy_threshold_morph_cc,0,0,315,1611,36540,7714,0.0422269403,0.1727613941,0.0678658691,0.0422269403,0.1727613941,0.0678658691,./imgs_0710_2026_v1/output/traditional_baseline/primary200/resImgs/baseline_B2_sobel_xy_threshold_morph_cc_primary200_crack_00315.png
baseline_B2_sobel_xy_threshold_morph_cc,0,0,316,98,47896,3603,0.0020419219,0.0264793299,0.0037914692,0.0020419219,0.0264793299,0.0037914692,./imgs_0710_2026_v1/output/traditional_baseline/primary200/resImgs/baseline_B2_sobel_xy_threshold_morph_cc_primary200_crack_00316.png
baseline_B2_sobel_xy_threshold_morph_cc,0,0,317,1114,79249,2429,0.0138621007,0.3144228055,0.0265535242,0.0138621007,0.3144228055,0.0265535242,./imgs_0710_2026_v1/output/traditional_baseline/primary200/resImgs/baseline_B2_sobel_xy_threshold_morph_cc_primary200_crack_00317.png
baseline_B2_sobel_xy_threshold_morph_cc,0,0,318,2210,76461,2923,0.0280916729,0.4305474381,0.0527421125,0.0280916729,0.4305474381,0.0527421125,./imgs_0710_2026_v1/output/traditional_baseline/primary200/resImgs/baseline_B2_sobel_xy_threshold_morph_cc_primary200_crack_00318.png
baseline_B2_sobel_xy_threshold_morph_cc,0,0,319,350,64181,2167,0.0054237498,0.1390544299,0.0104402816,0.0054237498,0.1390544299,0.0104402816,./imgs_0710_2026_v1/output/traditional_baseline/primary200/resImgs/baseline_B2_sobel_xy_threshold_morph_cc_primary200_crack_00319.png
baseline_B2_sobel_xy_threshold_morph_cc,0,0,320,1423,59138,3738,0.0234969700,0.2757217593,0.0433036122,0.0234969700,0.2757217593,0.0433036122,./imgs_0710_2026_v1/output/traditional_baseline/primary200/resImgs/baseline_B2_sobel_xy_threshold_morph_cc_primary200_crack_00320.png
baseline_B2_sobel_xy_threshold_morph_cc,0,0,321,2702,67517,10265,0.0384796138,0.2083751060,0.0649628543,0.0384796138,0.2083751060,0.0649628543,./imgs_0710_2026_v1/output/traditional_baseline/primary200/resImgs/baseline_B2_sobel_xy_threshold_morph_cc_primary200_crack_00321.png
baseline_B2_sobel_xy_threshold_morph_cc,0,0,322,664,48328,9250,0.0135532332,0.0669759935,0.0225443928,0.0135532332,0.0669759935,0.0225443928,./imgs_0710_2026_v1/output/traditional_baseline/primary200/resImgs/baseline_B2_sobel_xy_threshold_morph_cc_primary200_crack_00322.png
baseline_B2_sobel_xy_threshold_morph_cc,0,0,323,2801,42865,7358,0.0613366618,0.2757161138,0.1003493059,0.0613366618,0.2757161138,0.1003493059,./imgs_0710_2026_v1/output/traditional_baseline/primary200/resImgs/baseline_B2_sobel_xy_threshold_morph_cc_primary200_crack_00323.png
baseline_B2_sobel_xy_threshold_morph_cc,0,0,324,7366,73780,13285,0.0907746531,0.3566897487,0.1447193925,0.0907746531,0.3566897487,0.1447193925,./imgs_0710_2026_v1/output/traditional_baseline/primary200/resImgs/baseline_B2_sobel_xy_threshold_morph_cc_primary200_crack_00324.png
baseline_B2_sobel_xy_threshold_morph_cc,0,0,325,809,74467,3600,0.0107471173,0.1834883193,0.0203049507,0.0107471173,0.1834883193,0.0203049507,./imgs_0710_2026_v1/output/traditional_baseline/primary200/resImgs/baseline_B2_sobel_xy_threshold_morph_cc_primary200_crack_00325.png
baseline_B2_sobel_xy_threshold_morph_cc,0,0,326,2979,49349,13329,0.0569293686,0.1826710817,0.0868057579,0.0569293686,0.1826710817,0.0868057579,./imgs_0710_2026_v1/output/traditional_baseline/primary200/resImgs/baseline_B2_sobel_xy_threshold_morph_cc_primary200_crack_00326.png
baseline_B2_sobel_xy_threshold_morph_cc,0,0,327,1228,52038,8294,0.0230541058,0.1289645033,0.0391157546,0.0230541058,0.1289645033,0.0391157546,./imgs_0710_2026_v1/output/traditional_baseline/primary200/resImgs/baseline_B2_sobel_xy_threshold_morph_cc_primary200_crack_00327.png
baseline_B2_sobel_xy_threshold_morph_cc,0,0,328,5772,86070,8287,0.0628470634,0.4105555160,0.1090074692,0.0628470634,0.4105555160,0.1090074692,./imgs_0710_2026_v1/output/traditional_baseline/primary200/resImgs/baseline_B2_sobel_xy_threshold_morph_cc_primary200_crack_00328.png
baseline_B2_sobel_xy_threshold_morph_cc,0,0,329,1527,81128,4847,0.0184743815,0.2395669909,0.0343034292,0.0184743815,0.2395669909,0.0343034292,./imgs_0710_2026_v1/output/traditional_baseline/primary200/resImgs/baseline_B2_sobel_xy_threshold_morph_cc_primary200_crack_00329.png
baseline_B2_sobel_xy_threshold_morph_cc,0,0,330,2544,65317,9227,0.0374883954,0.2161243735,0.0638939120,0.0374883954,0.2161243735,0.0638939120,./imgs_0710_2026_v1/output/traditional_baseline/primary200/resImgs/baseline_B2_sobel_xy_threshold_morph_cc_primary200_crack_00330.png
baseline_B2_sobel_xy_threshold_morph_cc,0,0,331,3089,43244,10207,0.0666695444,0.2323255114,0.1036073052,0.0666695444,0.2323255114,0.1036073052,./imgs_0710_2026_v1/output/traditional_baseline/primary200/resImgs/baseline_B2_sobel_xy_threshold_morph_cc_primary200_crack_00331.png
baseline_B2_sobel_xy_threshold_morph_cc,0,0,332,1820,67625,11323,0.0262077903,0.1384767557,0.0440741996,0.0262077903,0.1384767557,0.0440741996,./imgs_0710_2026_v1/output/traditional_baseline/primary200/resImgs/baseline_B2_sobel_xy_threshold_morph_cc_primary200_crack_00332.png
baseline_B2_sobel_xy_threshold_morph_cc,0,0,333,68,72420,614,0.0009380863,0.0997067449,0.0018586853,0.0009380863,0.0997067449,0.0018586853,./imgs_0710_2026_v1/output/traditional_baseline/primary200/resImgs/baseline_B2_sobel_xy_threshold_morph_cc_primary200_crack_00333.png
baseline_B2_sobel_xy_threshold_morph_cc,0,0,334,618,43980,10219,0.0138571236,0.0570268524,0.0222963832,0.0138571236,0.0570268524,0.0222963832,./imgs_0710_2026_v1/output/traditional_baseline/primary200/resImgs/baseline_B2_sobel_xy_threshold_morph_cc_primary200_crack_00334.png
baseline_B2_sobel_xy_threshold_morph_cc,0,0,335,2895,38215,10377,0.0704208222,0.2181283906,0.1064690523,0.0704208222,0.2181283906,0.1064690523,./imgs_0710_2026_v1/output/traditional_baseline/primary200/resImgs/baseline_B2_sobel_xy_threshold_morph_cc_primary200_crack_00335.png
baseline_B2_sobel_xy_threshold_morph_cc,0,0,336,846,66872,3285,0.0124929856,0.2047930283,0.0235493883,0.0124929856,0.2047930283,0.0235493883,./imgs_0710_2026_v1/output/traditional_baseline/primary200/resImgs/baseline_B2_sobel_xy_threshold_morph_cc_primary200_crack_00336.png
baseline_B2_sobel_xy_threshold_morph_cc,0,0,337,688,61345,4927,0.0110908710,0.1225289403,0.0203405866,0.0110908710,0.1225289403,0.0203405866,./imgs_0710_2026_v1/output/traditional_baseline/primary200/resImgs/baseline_B2_sobel_xy_threshold_morph_cc_primary200_crack_00337.png
baseline_B2_sobel_xy_threshold_morph_cc,0,0,338,1637,79386,7166,0.0202041396,0.1859593320,0.0364482444,0.0202041396,0.1859593320,0.0364482444,./imgs_0710_2026_v1/output/traditional_baseline/primary200/resImgs/baseline_B2_sobel_xy_threshold_morph_cc_primary200_crack_00338.png
baseline_B2_sobel_xy_threshold_morph_cc,0,0,339,931,67848,3063,0.0135361084,0.2330996495,0.0255864125,0.0135361084,0.2330996495,0.0255864125,./imgs_0710_2026_v1/output/traditional_baseline/primary200/resImgs/baseline_B2_sobel_xy_threshold_morph_cc_primary200_crack_00339.png
baseline_B2_sobel_xy_threshold_morph_cc,0,0,340,1939,68063,7684,0.0276992086,0.2014964148,0.0487032967,0.0276992086,0.2014964148,0.0487032967,./imgs_0710_2026_v1/output/traditional_baseline/primary200/resImgs/baseline_B2_sobel_xy_threshold_morph_cc_primary200_crack_00340.png
baseline_B2_sobel_xy_threshold_morph_cc,0,0,341,1100,63070,6305,0.0171419667,0.1485482782,0.0307369892,0.0171419667,0.1485482782,0.0307369892,./imgs_0710_2026_v1/output/traditional_baseline/primary200/resImgs/baseline_B2_sobel_xy_threshold_morph_cc_primary200_crack_00341.png
baseline_B2_sobel_xy_threshold_morph_cc,0,0,342,704,66266,2776,0.0105121696,0.2022988506,0.0199858055,0.0105121696,0.2022988506,0.0199858055,./imgs_0710_2026_v1/output/traditional_baseline/primary200/resImgs/baseline_B2_sobel_xy_threshold_morph_cc_primary200_crack_00342.png
baseline_B2_sobel_xy_threshold_morph_cc,0,0,343,6689,90675,6806,0.0687009572,0.4956650611,0.1206758134,0.0687009572,0.4956650611,0.1206758134,./imgs_0710_2026_v1/output/traditional_baseline/primary200/resImgs/baseline_B2_sobel_xy_threshold_morph_cc_primary200_crack_00343.png
baseline_B2_sobel_xy_threshold_morph_cc,0,0,344,1983,69839,8787,0.0276099245,0.1841225627,0.0480191786,0.0276099245,0.1841225627,0.0480191786,./imgs_0710_2026_v1/output/traditional_baseline/primary200/resImgs/baseline_B2_sobel_xy_threshold_morph_cc_primary200_crack_00344.png
baseline_B2_sobel_xy_threshold_morph_cc,0,0,345,1778,89399,3074,0.0195005319,0.3664468261,0.0370304804,0.0195005319,0.3664468261,0.0370304804,./imgs_0710_2026_v1/output/traditional_baseline/primary200/resImgs/baseline_B2_sobel_xy_threshold_morph_cc_primary200_crack_00345.png
baseline_B2_sobel_xy_threshold_morph_cc,0,0,346,3084,61859,6061,0.0474877970,0.3372334609,0.0832523486,0.0474877970,0.3372334609,0.0832523486,./imgs_0710_2026_v1/output/traditional_baseline/primary200/resImgs/baseline_B2_sobel_xy_threshold_morph_cc_primary200_crack_00346.png
baseline_B2_sobel_xy_threshold_morph_cc,0,0,347,933,87102,3189,0.0105980576,0.2263464338,0.0202480549,0.0105980576,0.2263464338,0.0202480549,./imgs_0710_2026_v1/output/traditional_baseline/primary200/resImgs/baseline_B2_sobel_xy_threshold_morph_cc_primary200_crack_00347.png
baseline_B2_sobel_xy_threshold_morph_cc,0,0,348,3105,56942,5387,0.0517094942,0.3656382478,0.0906053488,0.0517094942,0.3656382478,0.0906053488,./imgs_0710_2026_v1/output/traditional_baseline/primary200/resImgs/baseline_B2_sobel_xy_threshold_morph_cc_primary200_crack_00348.png
baseline_B2_sobel_xy_threshold_morph_cc,0,0,349,3359,72762,4589,0.0441271134,0.4226220433,0.0799105497,0.0441271134,0.4226220433,0.0799105497,./imgs_0710_2026_v1/output/traditional_baseline/primary200/resImgs/baseline_B2_sobel_xy_threshold_morph_cc_primary200_crack_00349.png
baseline_B2_sobel_xy_threshold_morph_cc,0,0,350,158,131664,1023,0.0011985860,0.1337849280,0.0023758863,0.0011985860,0.1337849280,0.0023758863,./imgs_0710_2026_v1/output/traditional_baseline/primary200/resImgs/baseline_B2_sobel_xy_threshold_morph_cc_primary200_crack_00350.png
baseline_B2_sobel_xy_threshold_morph_cc,0,0,351,387,122175,2990,0.0031575855,0.1145987563,0.0061458325,0.0031575855,0.1145987563,0.0061458325,./imgs_0710_2026_v1/output/traditional_baseline/primary200/resImgs/baseline_B2_sobel_xy_threshold_morph_cc_primary200_crack_00351.png
baseline_B2_sobel_xy_threshold_morph_cc,0,0,352,245,109774,1024,0.0022268881,0.1930654058,0.0044029904,0.0022268881,0.1930654058,0.0044029904,./imgs_0710_2026_v1/output/traditional_baseline/primary200/resImgs/baseline_B2_sobel_xy_threshold_morph_cc_primary200_crack_00352.png
baseline_B2_sobel_xy_threshold_morph_cc,0,0,353,626,146397,964,0.0042578372,0.3937106918,0.0084245658,0.0042578372,0.3937106918,0.0084245658,./imgs_0710_2026_v1/output/traditional_baseline/primary200/resImgs/baseline_B2_sobel_xy_threshold_morph_cc_primary200_crack_00353.png
baseline_B2_sobel_xy_threshold_morph_cc,0,0,354,605,140794,843,0.0042786724,0.4178176796,0.0084706014,0.0042786724,0.4178176796,0.0084706014,./imgs_0710_2026_v1/output/traditional_baseline/primary200/resImgs/baseline_B2_sobel_xy_threshold_morph_cc_primary200_crack_00354.png
baseline_B2_sobel_xy_threshold_morph_cc,0,0,355,1076,135035,2843,0.0079053126,0.2745598367,0.0153681354,0.0079053126,0.2745598367,0.0153681354,./imgs_0710_2026_v1/output/traditional_baseline/primary200/resImgs/baseline_B2_sobel_xy_threshold_morph_cc_primary200_crack_00355.png
baseline_B2_sobel_xy_threshold_morph_cc,0,0,356,792,131192,2842,0.0060007274,0.2179416621,0.0116798655,0.0060007274,0.2179416621,0.0116798655,./imgs_0710_2026_v1/output/traditional_baseline/primary200/resImgs/baseline_B2_sobel_xy_threshold_morph_cc_primary200_crack_00356.png
baseline_B2_sobel_xy_threshold_morph_cc,0,0,357,157,100046,940,0.0015668194,0.1431175934,0.0030997038,0.0015668194,0.1431175934,0.0030997038,./imgs_0710_2026_v1/output/traditional_baseline/primary200/resImgs/baseline_B2_sobel_xy_threshold_morph_cc_primary200_crack_00357.png
baseline_B2_sobel_xy_threshold_morph_cc,0,0,358,116,89311,773,0.0012971474,0.1304836895,0.0025687586,0.0012971474,0.1304836895,0.0025687586,./imgs_0710_2026_v1/output/traditional_baseline/primary200/resImgs/baseline_B2_sobel_xy_threshold_morph_cc_primary200_crack_00358.png
baseline_B2_sobel_xy_threshold_morph_cc,0,0,359,81,61813,1519,0.0013086890,0.0506250000,0.0025514222,0.0013086890,0.0506250000,0.0025514222,./imgs_0710_2026_v1/output/traditional_baseline/primary200/resImgs/baseline_B2_sobel_xy_threshold_morph_cc_primary200_crack_00359.png
baseline_B2_sobel_xy_threshold_morph_cc,0,0,360,93,48352,1082,0.0019197028,0.0791489362,0.0037484885,0.0019197028,0.0791489362,0.0037484885,./imgs_0710_2026_v1/output/traditional_baseline/primary200/resImgs/baseline_B2_sobel_xy_threshold_morph_cc_primary200_crack_00360.png
baseline_B2_sobel_xy_threshold_morph_cc,0,0,361,374,81923,2041,0.0045445156,0.1548654244,0.0088299178,0.0045445156,0.1548654244,0.0088299178,./imgs_0710_2026_v1/output/traditional_baseline/primary200/resImgs/baseline_B2_sobel_xy_threshold_morph_cc_primary200_crack_00361.png
baseline_B2_sobel_xy_threshold_morph_cc,0,0,362,4360,95191,5661,0.0437966469,0.4350863187,0.0795823751,0.0437966469,0.4350863187,0.0795823751,./imgs_0710_2026_v1/output/traditional_baseline/primary200/resImgs/baseline_B2_sobel_xy_threshold_morph_cc_primary200_crack_00362.png
baseline_B2_sobel_xy_threshold_morph_cc,0,0,363,1057,68163,2607,0.0152701531,0.2884825328,0.0290049942,0.0152701531,0.2884825328,0.0290049942,./imgs_0710_2026_v1/output/traditional_baseline/primary200/resImgs/baseline_B2_sobel_xy_threshold_morph_cc_primary200_crack_00363.png
baseline_B2_sobel_xy_threshold_morph_cc,0,0,364,1948,81196,5114,0.0234292312,0.2758425375,0.0431900317,0.0234292312,0.2758425375,0.0431900317,./imgs_0710_2026_v1/output/traditional_baseline/primary200/resImgs/baseline_B2_sobel_xy_threshold_morph_cc_primary200_crack_00364.png
baseline_B2_sobel_xy_threshold_morph_cc,0,0,365,2528,109260,4607,0.0226142341,0.3543097407,0.0425149046,0.0226142341,0.3543097407,0.0425149046,./imgs_0710_2026_v1/output/traditional_baseline/primary200/resImgs/baseline_B2_sobel_xy_threshold_morph_cc_primary200_crack_00365.png
baseline_B2_sobel_xy_threshold_morph_cc,0,0,366,792,138023,1504,0.0057054353,0.3449477352,0.0112252057,0.0057054353,0.3449477352,0.0112252057,./imgs_0710_2026_v1/output/traditional_baseline/primary200/resImgs/baseline_B2_sobel_xy_threshold_morph_cc_primary200_crack_00366.png
baseline_B2_sobel_xy_threshold_morph_cc,0,0,367,400,145949,910,0.0027331926,0.3053435115,0.0054178885,0.0027331926,0.3053435115,0.0054178885,./imgs_0710_2026_v1/output/traditional_baseline/primary200/resImgs/baseline_B2_sobel_xy_threshold_morph_cc_primary200_crack_00367.png
baseline_B2_sobel_xy_threshold_morph_cc,0,0,368,8299,119732,3858,0.0648202388,0.6826519701,0.1183981511,0.0648202388,0.6826519701,0.1183981511,./imgs_0710_2026_v1/output/traditional_baseline/primary200/resImgs/baseline_B2_sobel_xy_threshold_morph_cc_primary200_crack_00368.png
baseline_B2_sobel_xy_threshold_morph_cc,0,0,369,2707,145747,880,0.0182346047,0.7546696404,0.0356088160,0.0182346047,0.7546696404,0.0356088160,./imgs_0710_2026_v1/output/traditional_baseline/primary200/resImgs/baseline_B2_sobel_xy_threshold_morph_cc_primary200_crack_00369.png
baseline_B2_sobel_xy_threshold_morph_cc,0,0,370,3939,94780,4590,0.0399011335,0.4618360886,0.0734559153,0.0399011335,0.4618360886,0.0734559153,./imgs_0710_2026_v1/output/traditional_baseline/primary200/resImgs/baseline_B2_sobel_xy_threshold_morph_cc_primary200_crack_00370.png
baseline_B2_sobel_xy_threshold_morph_cc,0,0,371,849,123870,1336,0.0068073028,0.3885583524,0.0133801929,0.0068073028,0.3885583524,0.0133801929,./imgs_0710_2026_v1/output/traditional_baseline/primary200/resImgs/baseline_B2_sobel_xy_threshold_morph_cc_primary200_crack_00371.png
baseline_B2_sobel_xy_threshold_morph_cc,0,0,372,1087,88237,7942,0.0121691819,0.1203898549,0.0221040538,0.0121691819,0.1203898549,0.0221040538,./imgs_0710_2026_v1/output/traditional_baseline/primary200/resImgs/baseline_B2_sobel_xy_threshold_morph_cc_primary200_crack_00372.png
baseline_B2_sobel_xy_threshold_morph_cc,0,0,373,211,114637,1630,0.0018372109,0.1146116241,0.0036164506,0.0018372109,0.1146116241,0.0036164506,./imgs_0710_2026_v1/output/traditional_baseline/primary200/resImgs/baseline_B2_sobel_xy_threshold_morph_cc_primary200_crack_00373.png
baseline_B2_sobel_xy_threshold_morph_cc,0,0,374,1229,95278,8282,0.0127348275,0.1292187993,0.0231847422,0.0127348275,0.1292187993,0.0231847422,./imgs_0710_2026_v1/output/traditional_baseline/primary200/resImgs/baseline_B2_sobel_xy_threshold_morph_cc_primary200_crack_00374.png
baseline_B2_sobel_xy_threshold_morph_cc,0,0,375,312,118989,1853,0.0026152337,0.1441108545,0.0051372401,0.0026152337,0.1441108545,0.0051372401,./imgs_0710_2026_v1/output/traditional_baseline/primary200/resImgs/baseline_B2_sobel_xy_threshold_morph_cc_primary200_crack_00375.png
baseline_B2_sobel_xy_threshold_morph_cc,0,0,376,19,92707,1381,0.0002049048,0.0135714286,0.0004037142,0.0002049048,0.0135714286,0.0004037142,./imgs_0710_2026_v1/output/traditional_baseline/primary200/resImgs/baseline_B2_sobel_xy_threshold_morph_cc_primary200_crack_00376.png
baseline_B2_sobel_xy_threshold_morph_cc,0,0,377,99,97581,2081,0.0010135135,0.0454128440,0.0019827759,0.0010135135,0.0454128440,0.0019827759,./imgs_0710_2026_v1/output/traditional_baseline/primary200/resImgs/baseline_B2_sobel_xy_threshold_morph_cc_primary200_crack_00377.png
baseline_B2_sobel_xy_threshold_morph_cc,0,0,378,458,90744,4266,0.0050218197,0.0969517358,0.0095490274,0.0050218197,0.0969517358,0.0095490274,./imgs_0710_2026_v1/output/traditional_baseline/primary200/resImgs/baseline_B2_sobel_xy_threshold_morph_cc_primary200_crack_00378.png
baseline_B2_sobel_xy_threshold_morph_cc,0,0,379,461,92369,4705,0.0049660670,0.0892373209,0.0094085473,0.0049660670,0.0892373209,0.0094085473,./imgs_0710_2026_v1/output/traditional_baseline/primary200/resImgs/baseline_B2_sobel_xy_threshold_morph_cc_primary200_crack_00379.png
baseline_B2_sobel_xy_threshold_morph_cc,0,0,380,44,106282,864,0.0004138216,0.0484581498,0.0008206352,0.0004138216,0.0484581498,0.0008206352,./imgs_0710_2026_v1/output/traditional_baseline/primary200/resImgs/baseline_B2_sobel_xy_threshold_morph_cc_primary200_crack_00380.png
baseline_B2_sobel_xy_threshold_morph_cc,0,0,381,356,94335,3736,0.0037595970,0.0869990225,0.0072077179,0.0037595970,0.0869990225,0.0072077179,./imgs_0710_2026_v1/output/traditional_baseline/primary200/resImgs/baseline_B2_sobel_xy_threshold_morph_cc_primary200_crack_00381.png
baseline_B2_sobel_xy_threshold_morph_cc,0,0,382,659,103345,4330,0.0063362948,0.1320905993,0.0120925197,0.0063362948,0.1320905993,0.0120925197,./imgs_0710_2026_v1/output/traditional_baseline/primary200/resImgs/baseline_B2_sobel_xy_threshold_morph_cc_primary200_crack_00382.png
baseline_B2_sobel_xy_threshold_morph_cc,0,0,383,423,82912,5061,0.0050758985,0.0771334792,0.0095249890,0.0050758985,0.0771334792,0.0095249890,./imgs_0710_2026_v1/output/traditional_baseline/primary200/resImgs/baseline_B2_sobel_xy_threshold_morph_cc_primary200_crack_00383.png
baseline_B2_sobel_xy_threshold_morph_cc,0,0,384,219,90098,1939,0.0024247927,0.1014828545,0.0047364152,0.0024247927,0.1014828545,0.0047364152,./imgs_0710_2026_v1/output/traditional_baseline/primary200/resImgs/baseline_B2_sobel_xy_threshold_morph_cc_primary200_crack_00384.png
baseline_B2_sobel_xy_threshold_morph_cc,0,0,385,810,94168,3790,0.0085282908,0.1760869565,0.0162686537,0.0085282908,0.1760869565,0.0162686537,./imgs_0710_2026_v1/output/traditional_baseline/primary200/resImgs/baseline_B2_sobel_xy_threshold_morph_cc_primary200_crack_00385.png
baseline_B2_sobel_xy_threshold_morph_cc,0,0,386,655,134392,2006,0.0048501633,0.2461480646,0.0095128823,0.0048501633,0.2461480646,0.0095128823,./imgs_0710_2026_v1/output/traditional_baseline/primary200/resImgs/baseline_B2_sobel_xy_threshold_morph_cc_primary200_crack_00386.png
baseline_B2_sobel_xy_threshold_morph_cc,0,0,387,215,94083,969,0.0022800059,0.1815878378,0.0045034666,0.0022800059,0.1815878378,0.0045034666,./imgs_0710_2026_v1/output/traditional_baseline/primary200/resImgs/baseline_B2_sobel_xy_threshold_morph_cc_primary200_crack_00387.png
baseline_B2_sobel_xy_threshold_morph_cc,0,0,388,723,78120,3451,0.0091701229,0.1732151414,0.0174181192,0.0091701229,0.1732151414,0.0174181192,./imgs_0710_2026_v1/output/traditional_baseline/primary200/resImgs/baseline_B2_sobel_xy_threshold_morph_cc_primary200_crack_00388.png
baseline_B2_sobel_xy_threshold_morph_cc,0,0,389,1216,115525,5116,0.0104162205,0.1920404296,0.0197606299,0.0104162205,0.1920404296,0.0197606299,./imgs_0710_2026_v1/output/traditional_baseline/primary200/resImgs/baseline_B2_sobel_xy_threshold_morph_cc_primary200_crack_00389.png
baseline_B2_sobel_xy_threshold_morph_cc,0,0,390,937,106398,5546,0.0087296781,0.1445318525,0.0164648825,0.0087296781,0.1445318525,0.0164648825,./imgs_0710_2026_v1/output/traditional_baseline/primary200/resImgs/baseline_B2_sobel_xy_threshold_morph_cc_primary200_crack_00390.png
baseline_B2_sobel_xy_threshold_morph_cc,0,0,391,1380,102365,9331,0.0133018459,0.1288395108,0.0241140700,0.0133018459,0.1288395108,0.0241140700,./imgs_0710_2026_v1/output/traditional_baseline/primary200/resImgs/baseline_B2_sobel_xy_threshold_morph_cc_primary200_crack_00391.png
baseline_B2_sobel_xy_threshold_morph_cc,0,0,392,1754,97448,5059,0.0176810951,0.2574489946,0.0330896571,0.0176810951,0.2574489946,0.0330896571,./imgs_0710_2026_v1/output/traditional_baseline/primary200/resImgs/baseline_B2_sobel_xy_threshold_morph_cc_primary200_crack_00392.png
baseline_B2_sobel_xy_threshold_morph_cc,0,0,393,86,124892,1556,0.0006881211,0.0523751523,0.0013583952,0.0006881211,0.0523751523,0.0013583952,./imgs_0710_2026_v1/output/traditional_baseline/primary200/resImgs/baseline_B2_sobel_xy_threshold_morph_cc_primary200_crack_00393.png
baseline_B2_sobel_xy_threshold_morph_cc,0,0,394,762,121197,2313,0.0062480014,0.2478048780,0.0121886847,0.0062480014,0.2478048780,0.0121886847,./imgs_0710_2026_v1/output/traditional_baseline/primary200/resImgs/baseline_B2_sobel_xy_threshold_morph_cc_primary200_crack_00394.png
baseline_B2_sobel_xy_threshold_morph_cc,0,0,395,356,111585,1274,0.0031802467,0.2184049080,0.0062692060,0.0031802467,0.2184049080,0.0062692060,./imgs_0710_2026_v1/output/traditional_baseline/primary200/resImgs/baseline_B2_sobel_xy_threshold_morph_cc_primary200_crack_00395.png
baseline_B2_sobel_xy_threshold_morph_cc,0,0,396,290,127378,1987,0.0022715167,0.1273605621,0.0044634268,0.0022715167,0.1273605621,0.0044634268,./imgs_0710_2026_v1/output/traditional_baseline/primary200/resImgs/baseline_B2_sobel_xy_threshold_morph_cc_primary200_crack_00396.png
baseline_B2_sobel_xy_threshold_morph_cc,0,0,397,101,125043,722,0.0008070703,0.1227217497,0.0016035946,0.0008070703,0.1227217497,0.0016035946,./imgs_0710_2026_v1/output/traditional_baseline/primary200/resImgs/baseline_B2_sobel_xy_threshold_morph_cc_primary200_crack_00397.png
baseline_B2_sobel_xy_threshold_morph_cc,0,0,398,270,123125,1591,0.0021880951,0.1450832886,0.0043111707,0.0021880951,0.1450832886,0.0043111707,./imgs_0710_2026_v1/output/traditional_baseline/primary200/resImgs/baseline_B2_sobel_xy_threshold_morph_cc_primary200_crack_00398.png
baseline_B2_sobel_xy_threshold_morph_cc,0,0,399,140,92217,2003,0.0015158569,0.0653289781,0.0029629630,0.0015158569,0.0653289781,0.0029629630,./imgs_0710_2026_v1/output/traditional_baseline/primary200/resImgs/baseline_B2_sobel_xy_threshold_morph_cc_primary200_crack_00399.png
baseline_B2_sobel_xy_threshold_morph_cc,0,0,400,108,92399,1526,0.0011674792,0.0660954712,0.0022944307,0.0011674792,0.0660954712,0.0022944307,./imgs_0710_2026_v1/output/traditional_baseline/primary200/resImgs/baseline_B2_sobel_xy_threshold_morph_cc_primary200_crack_00400.png
baseline_B2_sobel_xy_threshold_morph_cc,0,0,401,47,101617,565,0.0004623072,0.0767973856,0.0009190817,0.0004623072,0.0767973856,0.0009190817,./imgs_0710_2026_v1/output/traditional_baseline/primary200/resImgs/baseline_B2_sobel_xy_threshold_morph_cc_primary200_crack_00401.png
baseline_B2_sobel_xy_threshold_morph_cc,0,0,402,1711,101414,2666,0.0165915152,0.3909070139,0.0318319659,0.0165915152,0.3909070139,0.0318319659,./imgs_0710_2026_v1/output/traditional_baseline/primary200/resImgs/baseline_B2_sobel_xy_threshold_morph_cc_primary200_crack_00402.png
baseline_B2_sobel_xy_threshold_morph_cc,0,0,403,286,90612,3618,0.0031463839,0.0732581967,0.0060336280,0.0031463839,0.0732581967,0.0060336280,./imgs_0710_2026_v1/output/traditional_baseline/primary200/resImgs/baseline_B2_sobel_xy_threshold_morph_cc_primary200_crack_00403.png
baseline_B2_sobel_xy_threshold_morph_cc,0,0,404,833,105731,1442,0.0078168988,0.3661538462,0.0153070131,0.0078168988,0.3661538462,0.0153070131,./imgs_0710_2026_v1/output/traditional_baseline/primary200/resImgs/baseline_B2_sobel_xy_threshold_morph_cc_primary200_crack_00404.png
baseline_B2_sobel_xy_threshold_morph_cc,0,0,405,114,109065,2507,0.0010441568,0.0434948493,0.0020393560,0.0010441568,0.0434948493,0.0020393560,./imgs_0710_2026_v1/output/traditional_baseline/primary200/resImgs/baseline_B2_sobel_xy_threshold_morph_cc_primary200_crack_00405.png
baseline_B2_sobel_xy_threshold_morph_cc,0,0,406,125,107235,910,0.0011643070,0.1207729469,0.0023063794,0.0011643070,0.1207729469,0.0023063794,./imgs_0710_2026_v1/output/traditional_baseline/primary200/resImgs/baseline_B2_sobel_xy_threshold_morph_cc_primary200_crack_00406.png
baseline_B2_sobel_xy_threshold_morph_cc,0,0,407,90,105353,2329,0.0008535417,0.0372054568,0.0016687990,0.0008535417,0.0372054568,0.0016687990,./imgs_0710_2026_v1/output/traditional_baseline/primary200/resImgs/baseline_B2_sobel_xy_threshold_morph_cc_primary200_crack_00407.png
baseline_B2_sobel_xy_threshold_morph_cc,0,0,408,690,131776,2378,0.0052088838,0.2249022164,0.0101819470,0.0052088838,0.2249022164,0.0101819470,./imgs_0710_2026_v1/output/traditional_baseline/primary200/resImgs/baseline_B2_sobel_xy_threshold_morph_cc_primary200_crack_00408.png
baseline_B2_sobel_xy_threshold_morph_cc,0,0,409,164,124225,550,0.0013184446,0.2296918768,0.0026218396,0.0013184446,0.2296918768,0.0026218396,./imgs_0710_2026_v1/output/traditional_baseline/primary200/resImgs/baseline_B2_sobel_xy_threshold_morph_cc_primary200_crack_00409.png
baseline_B2_sobel_xy_threshold_morph_cc,0,0,410,790,104992,4263,0.0074681893,0.1563427667,0.0142554247,0.0074681893,0.1563427667,0.0142554247,./imgs_0710_2026_v1/output/traditional_baseline/primary200/resImgs/baseline_B2_sobel_xy_threshold_morph_cc_primary200_crack_00410.png
baseline_B3_median_threshold_opening_cc,0,0,211,2496,194459,0,0.0126729456,1.0000000000,0.0250287038,0.0126729456,0.9995995194,0.0250285783,./imgs_0710_2026_v1/output/traditional_baseline/primary200/resImgs/baseline_B3_median_threshold_opening_cc_primary200_crack_00211.png
baseline_B3_median_threshold_opening_cc,0,0,212,3292,194563,47,0.0166384473,0.9859239293,0.0327246339,0.0166384473,0.9859239293,0.0327246339,./imgs_0710_2026_v1/output/traditional_baseline/primary200/resImgs/baseline_B3_median_threshold_opening_cc_primary200_crack_00212.png
baseline_B3_median_threshold_opening_cc,0,0,213,1015,197895,0,0.0051028103,1.0000000000,0.0101538077,0.0051028103,0.9990157480,0.0101537569,./imgs_0710_2026_v1/output/traditional_baseline/primary200/resImgs/baseline_B3_median_threshold_opening_cc_primary200_crack_00213.png
baseline_B3_median_threshold_opening_cc,0,0,214,3257,194127,115,0.0165008309,0.9658956109,0.0324473490,0.0165008309,0.9658956109,0.0324473490,./imgs_0710_2026_v1/output/traditional_baseline/primary200/resImgs/baseline_B3_median_threshold_opening_cc_primary200_crack_00214.png
baseline_B3_median_threshold_opening_cc,0,0,215,785,199343,0,0.0039224896,1.0000000000,0.0078143276,0.0039224896,0.9987277354,0.0078142887,./imgs_0710_2026_v1/output/traditional_baseline/primary200/resImgs/baseline_B3_median_threshold_opening_cc_primary200_crack_00215.png
baseline_B3_median_threshold_opening_cc,0,0,216,4785,191345,0,0.0243970836,1.0000000000,0.0476320832,0.0243970836,0.9997910573,0.0476318461,./imgs_0710_2026_v1/output/traditional_baseline/primary200/resImgs/baseline_B3_median_threshold_opening_cc_primary200_crack_00216.png
baseline_B3_median_threshold_opening_cc,0,0,217,1852,196935,12,0.0093165046,0.9935622318,0.0184599130,0.0093165046,0.9935622318,0.0184599130,./imgs_0710_2026_v1/output/traditional_baseline/primary200/resImgs/baseline_B3_median_threshold_opening_cc_primary200_crack_00217.png
baseline_B3_median_threshold_opening_cc,0,0,218,2583,195859,11,0.0130163977,0.9957594449,0.0256968901,0.0130163977,0.9957594449,0.0256968901,./imgs_0710_2026_v1/output/traditional_baseline/primary200/resImgs/baseline_B3_median_threshold_opening_cc_primary200_crack_00218.png
baseline_B3_median_threshold_opening_cc,0,0,219,3176,194814,279,0.0160412142,0.9192474674,0.0315321800,0.0160412142,0.9192474674,0.0315321800,./imgs_0710_2026_v1/output/traditional_baseline/primary200/resImgs/baseline_B3_median_threshold_opening_cc_primary200_crack_00219.png
baseline_B3_median_threshold_opening_cc,0,0,220,1328,197923,65,0.0066649603,0.9533381192,0.0132373757,0.0066649603,0.9533381192,0.0132373757,./imgs_0710_2026_v1/output/traditional_baseline/primary200/resImgs/baseline_B3_median_threshold_opening_cc_primary200_crack_00220.png
baseline_B3_median_threshold_opening_cc,0,0,221,6050,190152,1205,0.0308355674,0.8339076499,0.0594720260,0.0308355674,0.8339076499,0.0594720260,./imgs_0710_2026_v1/output/traditional_baseline/primary200/resImgs/baseline_B3_median_threshold_opening_cc_primary200_crack_00221.png
baseline_B3_median_threshold_opening_cc,0,0,222,3307,193196,67,0.0168292596,0.9801422644,0.0330903506,0.0168292596,0.9801422644,0.0330903506,./imgs_0710_2026_v1/output/traditional_baseline/primary200/resImgs/baseline_B3_median_threshold_opening_cc_primary200_crack_00222.png
baseline_B3_median_threshold_opening_cc,0,0,223,1051,198400,0,0.0052694647,1.0000000000,0.0104836859,0.0052694647,0.9990494297,0.0104836337,./imgs_0710_2026_v1/output/traditional_baseline/primary200/resImgs/baseline_B3_median_threshold_opening_cc_primary200_crack_00223.png
baseline_B3_median_threshold_opening_cc,0,0,224,4093,192230,938,0.0208482959,0.8135559531,0.0406547672,0.0208482959,0.8135559531,0.0406547672,./imgs_0710_2026_v1/output/traditional_baseline/primary200/resImgs/baseline_B3_median_threshold_opening_cc_primary200_crack_00224.png
baseline_B3_median_threshold_opening_cc,0,0,225,4111,192671,0,0.0208911384,1.0000000000,0.0409272598,0.0208911384,0.9997568093,0.0409270561,./imgs_0710_2026_v1/output/traditional_baseline/primary200/resImgs/baseline_B3_median_threshold_opening_cc_primary200_crack_00225.png
baseline_B3_median_threshold_opening_cc,0,0,226,689,199155,0,0.0034476892,1.0000000000,0.0068716870,0.0034476892,0.9985507246,0.0068716527,./imgs_0710_2026_v1/output/traditional_baseline/primary200/resImgs/baseline_B3_median_threshold_opening_cc_primary200_crack_00226.png
baseline_B3_median_threshold_opening_cc,0,0,227,3902,193904,0,0.0197263986,1.0000000000,0.0386895909,0.0197263986,0.9997437868,0.0386893991,./imgs_0710_2026_v1/output/traditional_baseline/primary200/resImgs/baseline_B3_median_threshold_opening_cc_primary200_crack_00227.png
baseline_B3_median_threshold_opening_cc,0,0,228,3958,194130,0,0.0199810185,1.0000000000,0.0391791968,0.0199810185,0.9997474110,0.0391790029,./imgs_0710_2026_v1/output/traditional_baseline/primary200/resImgs/baseline_B3_median_threshold_opening_cc_primary200_crack_00228.png
baseline_B3_median_threshold_opening_cc,0,0,229,4983,191029,0,0.0254219129,1.0000000000,0.0495833230,0.0254219129,0.9997993579,0.0495830763,./imgs_0710_2026_v1/output/traditional_baseline/primary200/resImgs/baseline_B3_median_threshold_opening_cc_primary200_crack_00229.png
baseline_B3_median_threshold_opening_cc,0,0,230,3676,194892,0,0.0185125499,1.0000000000,0.0363521291,0.0185125499,0.9997280392,0.0363519494,./imgs_0710_2026_v1/output/traditional_baseline/primary200/resImgs/baseline_B3_median_threshold_opening_cc_primary200_crack_00230.png
baseline_B3_median_threshold_opening_cc,0,0,231,4170,192979,0,0.0211515148,1.0000000000,0.0414267903,0.0211515148,0.9997602493,0.0414265845,./imgs_0710_2026_v1/output/traditional_baseline/primary200/resImgs/baseline_B3_median_threshold_opening_cc_primary200_crack_00231.png
baseline_B3_median_threshold_opening_cc,0,0,232,1363,197779,0,0.0068443623,1.0000000000,0.0135956709,0.0068443623,0.9992668622,0.0135956031,./imgs_0710_2026_v1/output/traditional_baseline/primary200/resImgs/baseline_B3_median_threshold_opening_cc_primary200_crack_00232.png
baseline_B3_median_threshold_opening_cc,0,0,233,2606,195108,0,0.0131806549,1.0000000000,0.0260183706,0.0131806549,0.9996164173,0.0260182407,./imgs_0710_2026_v1/output/traditional_baseline/primary200/resImgs/baseline_B3_median_threshold_opening_cc_primary200_crack_00233.png
baseline_B3_median_threshold_opening_cc,0,0,234,2872,195570,607,0.0144727427,0.8255245760,0.0284467688,0.0144727427,0.8255245760,0.0284467688,./imgs_0710_2026_v1/output/traditional_baseline/primary200/resImgs/baseline_B3_median_threshold_opening_cc_primary200_crack_00234.png
baseline_B3_median_threshold_opening_cc,0,0,235,2844,194356,0,0.0144219067,1.0000000000,0.0284337446,0.0144219067,0.9996485062,0.0284336024,./imgs_0710_2026_v1/output/traditional_baseline/primary200/resImgs/baseline_B3_median_threshold_opening_cc_primary200_crack_00235.png
baseline_B3_median_threshold_opening_cc,0,0,236,8355,188649,1719,0.0424103064,0.8293627159,0.0806942312,0.0424103064,0.8293627159,0.0806942312,./imgs_0710_2026_v1/output/traditional_baseline/primary200/resImgs/baseline_B3_median_threshold_opening_cc_primary200_crack_00236.png
baseline_B3_median_threshold_opening_cc,0,0,237,4282,192689,0,0.0217392408,1.0000000000,0.0425534029,0.0217392408,0.9997665188,0.0425531915,./imgs_0710_2026_v1/output/traditional_baseline/primary200/resImgs/baseline_B3_median_threshold_opening_cc_primary200_crack_00237.png
baseline_B3_median_threshold_opening_cc,0,0,238,2780,195397,11,0.0140278640,0.9960587603,0.0276660961,0.0140278640,0.9960587603,0.0276660961,./imgs_0710_2026_v1/output/traditional_baseline/primary200/resImgs/baseline_B3_median_threshold_opening_cc_primary200_crack_00238.png
baseline_B3_median_threshold_opening_cc,0,0,239,2758,196085,30,0.0138702393,0.9892395983,0.0273569044,0.0138702393,0.9892395983,0.0273569044,./imgs_0710_2026_v1/output/traditional_baseline/primary200/resImgs/baseline_B3_median_threshold_opening_cc_primary200_crack_00239.png
baseline_B3_median_threshold_opening_cc,0,0,240,3977,194573,325,0.0200302191,0.9244537424,0.0392108532,0.0200302191,0.9244537424,0.0392108532,./imgs_0710_2026_v1/output/traditional_baseline/primary200/resImgs/baseline_B3_median_threshold_opening_cc_primary200_crack_00240.png
baseline_B3_median_threshold_opening_cc,0,0,241,2642,195643,426,0.0133242555,0.8611473272,0.0262424697,0.0133242555,0.8611473272,0.0262424697,./imgs_0710_2026_v1/output/traditional_baseline/primary200/resImgs/baseline_B3_median_threshold_opening_cc_primary200_crack_00241.png
baseline_B3_median_threshold_opening_cc,0,0,242,2043,196547,0,0.0102875271,1.0000000000,0.0203655431,0.0102875271,0.9995107632,0.0203654416,./imgs_0710_2026_v1/output/traditional_baseline/primary200/resImgs/baseline_B3_median_threshold_opening_cc_primary200_crack_00242.png
baseline_B3_median_threshold_opening_cc,0,0,243,2884,195470,242,0.0145396614,0.9225847729,0.0286281517,0.0145396614,0.9225847729,0.0286281517,./imgs_0710_2026_v1/output/traditional_baseline/primary200/resImgs/baseline_B3_median_threshold_opening_cc_primary200_crack_00243.png
baseline_B3_median_threshold_opening_cc,0,0,244,2258,196066,0,0.0113854097,1.0000000000,0.0225144829,0.0113854097,0.9995573263,0.0225143706,./imgs_0710_2026_v1/output/traditional_baseline/primary200/resImgs/baseline_B3_median_threshold_opening_cc_primary200_crack_00244.png
baseline_B3_median_threshold_opening_cc,0,0,245,2163,196138,0,0.0109076606,1.0000000000,0.0215799346,0.0109076606,0.9995378928,0.0215798269,./imgs_0710_2026_v1/output/traditional_baseline/primary200/resImgs/baseline_B3_median_threshold_opening_cc_primary200_crack_00245.png
baseline_B3_median_threshold_opening_cc,0,0,246,1469,197304,0,0.0073903397,1.0000000000,0.0146722466,0.0073903397,0.9993197279,0.0146721733,./imgs_0710_2026_v1/output/traditional_baseline/primary200/resImgs/baseline_B3_median_threshold_opening_cc_primary200_crack_00246.png
baseline_B3_median_threshold_opening_cc,0,0,247,988,198243,0,0.0049590676,1.0000000000,0.0098691932,0.0049590676,0.9989888777,0.0098691439,./imgs_0710_2026_v1/output/traditional_baseline/primary200/resImgs/baseline_B3_median_threshold_opening_cc_primary200_crack_00247.png
baseline_B3_median_threshold_opening_cc,0,0,248,1866,196477,0,0.0094079448,1.0000000000,0.0186405207,0.0094079448,0.9994643814,0.0186404276,./imgs_0710_2026_v1/output/traditional_baseline/primary200/resImgs/baseline_B3_median_threshold_opening_cc_primary200_crack_00248.png
baseline_B3_median_threshold_opening_cc,0,0,249,1414,197812,0,0.0070974672,1.0000000000,0.0140948963,0.0070974672,0.9992932862,0.0140948261,./imgs_0710_2026_v1/output/traditional_baseline/primary200/resImgs/baseline_B3_median_threshold_opening_cc_primary200_crack_00249.png
baseline_B3_median_threshold_opening_cc,0,0,250,1878,196775,32,0.0094536705,0.9832460733,0.0187272827,0.0094536705,0.9832460733,0.0187272827,./imgs_0710_2026_v1/output/traditional_baseline/primary200/resImgs/baseline_B3_median_threshold_opening_cc_primary200_crack_00250.png
baseline_B3_median_threshold_opening_cc,0,0,251,1380,197526,0,0.0069379506,1.0000000000,0.0137802942,0.0069379506,0.9992758870,0.0137802254,./imgs_0710_2026_v1/output/traditional_baseline/primary200/resImgs/baseline_B3_median_threshold_opening_cc_primary200_crack_00251.png
baseline_B3_median_threshold_opening_cc,0,0,252,3104,195475,0,0.0156310587,1.0000000000,0.0307809781,0.0156310587,0.9996779388,0.0307808254,./imgs_0710_2026_v1/output/traditional_baseline/primary200/resImgs/baseline_B3_median_threshold_opening_cc_primary200_crack_00252.png
baseline_B3_median_threshold_opening_cc,0,0,253,1750,196356,0,0.0088336547,1.0000000000,0.0175126091,0.0088336547,0.9994288978,0.0175125215,./imgs_0710_2026_v1/output/traditional_baseline/primary200/resImgs/baseline_B3_median_threshold_opening_cc_primary200_crack_00253.png
baseline_B3_median_threshold_opening_cc,0,0,254,1689,196903,0,0.0085048743,1.0000000000,0.0168663028,0.0085048743,0.9994082840,0.0168662186,./imgs_0710_2026_v1/output/traditional_baseline/primary200/resImgs/baseline_B3_median_threshold_opening_cc_primary200_crack_00254.png
baseline_B3_median_threshold_opening_cc,0,0,255,1928,196861,0,0.0096987258,1.0000000000,0.0192111281,0.0096987258,0.9994815967,0.0192110324,./imgs_0710_2026_v1/output/traditional_baseline/primary200/resImgs/baseline_B3_median_threshold_opening_cc_primary200_crack_00255.png
baseline_B3_median_threshold_opening_cc,0,0,256,2012,196585,0,0.0101310695,1.0000000000,0.0200589206,0.0101310695,0.9995032290,0.0200588206,./imgs_0710_2026_v1/output/traditional_baseline/primary200/resImgs/baseline_B3_median_threshold_opening_cc_primary200_crack_00256.png
baseline_B3_median_threshold_opening_cc,0,0,257,2207,196307,293,0.0111176038,0.8828000000,0.0219586695,0.0111176038,0.8828000000,0.0219586695,./imgs_0710_2026_v1/output/traditional_baseline/primary200/resImgs/baseline_B3_median_threshold_opening_cc_primary200_crack_00257.png
baseline_B3_median_threshold_opening_cc,0,0,258,2398,195735,103,0.0121029813,0.9588164734,0.0239042236,0.0121029813,0.9588164734,0.0239042236,./imgs_0710_2026_v1/output/traditional_baseline/primary200/resImgs/baseline_B3_median_threshold_opening_cc_primary200_crack_00258.png
baseline_B3_median_threshold_opening_cc,0,0,259,2327,196140,115,0.0117248711,0.9529074529,0.0231647164,0.0117248711,0.9529074529,0.0231647164,./imgs_0710_2026_v1/output/traditional_baseline/primary200/resImgs/baseline_B3_median_threshold_opening_cc_primary200_crack_00259.png
baseline_B3_median_threshold_opening_cc,0,0,260,1248,197721,262,0.0062723339,0.8264900662,0.0124501818,0.0062723339,0.8264900662,0.0124501818,./imgs_0710_2026_v1/output/traditional_baseline/primary200/resImgs/baseline_B3_median_threshold_opening_cc_primary200_crack_00260.png
baseline_B3_median_threshold_opening_cc,0,0,261,751,199068,204,0.0037584014,0.7863874346,0.0074810483,0.0037584014,0.7863874346,0.0074810483,./imgs_0710_2026_v1/output/traditional_baseline/primary200/resImgs/baseline_B3_median_threshold_opening_cc_primary200_crack_00261.png
baseline_B3_median_threshold_opening_cc,0,0,262,2409,194961,0,0.0122055024,1.0000000000,0.0241166489,0.0122055024,0.9995850622,0.0241165282,./imgs_0710_2026_v1/output/traditional_baseline/primary200/resImgs/baseline_B3_median_threshold_opening_cc_primary200_crack_00262.png
baseline_B3_median_threshold_opening_cc,0,0,263,1380,196885,81,0.0069603813,0.9445585216,0.0138189319,0.0069603813,0.9445585216,0.0138189319,./imgs_0710_2026_v1/output/traditional_baseline/primary200/resImgs/baseline_B3_median_threshold_opening_cc_primary200_crack_00263.png
baseline_B3_median_threshold_opening_cc,0,0,264,1641,196503,13,0.0082818556,0.9921402660,0.0164265909,0.0082818556,0.9921402660,0.0164265909,./imgs_0710_2026_v1/output/traditional_baseline/primary200/resImgs/baseline_B3_median_threshold_opening_cc_primary200_crack_00264.png
baseline_B3_median_threshold_opening_cc,0,0,265,2585,195294,239,0.0130635388,0.9153682720,0.0257594555,0.0130635388,0.9153682720,0.0257594555,./imgs_0710_2026_v1/output/traditional_baseline/primary200/resImgs/baseline_B3_median_threshold_opening_cc_primary200_crack_00265.png
baseline_B3_median_threshold_opening_cc,0,0,266,3243,194833,331,0.0163725035,0.9073866816,0.0321646417,0.0163725035,0.9073866816,0.0321646417,./imgs_0710_2026_v1/output/traditional_baseline/primary200/resImgs/baseline_B3_median_threshold_opening_cc_primary200_crack_00266.png
baseline_B3_median_threshold_opening_cc,0,0,267,1618,197353,0,0.0081318383,1.0000000000,0.0161324898,0.0081318383,0.9993823348,0.0161324094,./imgs_0710_2026_v1/output/traditional_baseline/primary200/resImgs/baseline_B3_median_threshold_opening_cc_primary200_crack_00267.png
baseline_B3_median_threshold_opening_cc,0,0,268,2114,196346,81,0.0106520206,0.9630979499,0.0210709925,0.0106520206,0.9630979499,0.0210709925,./imgs_0710_2026_v1/output/traditional_baseline/primary200/resImgs/baseline_B3_median_threshold_opening_cc_primary200_crack_00268.png
baseline_B3_median_threshold_opening_cc,0,0,269,1709,197318,0,0.0085867747,1.0000000000,0.0170273394,0.0085867747,0.9994152047,0.0170272546,./imgs_0710_2026_v1/output/traditional_baseline/primary200/resImgs/baseline_B3_median_threshold_opening_cc_primary200_crack_00269.png
baseline_B3_median_threshold_opening_cc,0,0,270,2970,195193,392,0.0149876617,0.8834027365,0.0294752512,0.0149876617,0.8834027365,0.0294752512,./imgs_0710_2026_v1/output/traditional_baseline/primary200/resImgs/baseline_B3_median_threshold_opening_cc_primary200_crack_00270.png
baseline_B3_median_threshold_opening_cc,0,0,271,1348,197260,68,0.0067872392,0.9519774011,0.0134783826,0.0067872392,0.9519774011,0.0134783826,./imgs_0710_2026_v1/output/traditional_baseline/primary200/resImgs/baseline_B3_median_threshold_opening_cc_primary200_crack_00271.png
baseline_B3_median_threshold_opening_cc,0,0,272,1016,198632,0,0.0050889566,1.0000000000,0.0101263804,0.0050889566,0.9990167158,0.0101263300,./imgs_0710_2026_v1/output/traditional_baseline/primary200/resImgs/baseline_B3_median_threshold_opening_cc_primary200_crack_00272.png
baseline_B3_median_threshold_opening_cc,0,0,273,1697,197216,0,0.0085313680,1.0000000000,0.0169183989,0.0085313680,0.9994110718,0.0169183145,./imgs_0710_2026_v1/output/traditional_baseline/primary200/resImgs/baseline_B3_median_threshold_opening_cc_primary200_crack_00273.png
baseline_B3_median_threshold_opening_cc,0,0,274,1973,196243,91,0.0099537878,0.9559108527,0.0197024166,0.0099537878,0.9559108527,0.0197024166,./imgs_0710_2026_v1/output/traditional_baseline/primary200/resImgs/baseline_B3_median_threshold_opening_cc_primary200_crack_00274.png
baseline_B3_median_threshold_opening_cc,0,0,275,631,199139,34,0.0031586324,0.9488721805,0.0062963055,0.0031586324,0.9488721805,0.0062963055,./imgs_0710_2026_v1/output/traditional_baseline/primary200/resImgs/baseline_B3_median_threshold_opening_cc_primary200_crack_00275.png
baseline_B3_median_threshold_opening_cc,0,0,276,1417,197514,0,0.0071230728,1.0000000000,0.0141453870,0.0071230728,0.9992947814,0.0141453164,./imgs_0710_2026_v1/output/traditional_baseline/primary200/resImgs/baseline_B3_median_threshold_opening_cc_primary200_crack_00276.png
baseline_B3_median_threshold_opening_cc,0,0,277,784,198767,0,0.0039288202,1.0000000000,0.0078268900,0.0039288202,0.9987261146,0.0078268509,./imgs_0710_2026_v1/output/traditional_baseline/primary200/resImgs/baseline_B3_median_threshold_opening_cc_primary200_crack_00277.png
baseline_B3_median_threshold_opening_cc,0,0,278,1382,197074,0,0.0069637602,1.0000000000,0.0138312033,0.0069637602,0.9992769342,0.0138311341,./imgs_0710_2026_v1/output/traditional_baseline/primary200/resImgs/baseline_B3_median_threshold_opening_cc_primary200_crack_00278.png
baseline_B3_median_threshold_opening_cc,0,0,279,915,197919,0,0.0046018287,1.0000000000,0.0091614977,0.0046018287,0.9989082969,0.0091614518,./imgs_0710_2026_v1/output/traditional_baseline/primary200/resImgs/baseline_B3_median_threshold_opening_cc_primary200_crack_00279.png
baseline_B3_median_threshold_opening_cc,0,0,280,1362,197408,0,0.0068521407,1.0000000000,0.0136110167,0.0068521407,0.9992663243,0.0136109487,./imgs_0710_2026_v1/output/traditional_baseline/primary200/resImgs/baseline_B3_median_threshold_opening_cc_primary200_crack_00280.png
baseline_B3_median_threshold_opening_cc,0,0,281,734,198269,0,0.0036883866,1.0000000000,0.0073496648,0.0036883866,0.9986394558,0.0073496280,./imgs_0710_2026_v1/output/traditional_baseline/primary200/resImgs/baseline_B3_median_threshold_opening_cc_primary200_crack_00281.png
baseline_B3_median_threshold_opening_cc,0,0,282,1132,197851,0,0.0056889282,1.0000000000,0.0113134947,0.0056889282,0.9991173875,0.0113134382,./imgs_0710_2026_v1/output/traditional_baseline/primary200/resImgs/baseline_B3_median_threshold_opening_cc_primary200_crack_00282.png
baseline_B3_median_threshold_opening_cc,0,0,283,7550,191483,0,0.0379334080,1.0000000000,0.0730941075,0.0379334080,0.9998675672,0.0730937536,./imgs_0710_2026_v1/output/traditional_baseline/primary200/resImgs/baseline_B3_median_threshold_opening_cc_primary200_crack_00283.png
baseline_B3_median_threshold_opening_cc,0,0,284,9338,189688,0,0.0469184931,1.0000000000,0.0896316062,0.0469184931,0.9998929222,0.0896311761,./imgs_0710_2026_v1/output/traditional_baseline/primary200/resImgs/baseline_B3_median_threshold_opening_cc_primary200_crack_00284.png
baseline_B3_median_threshold_opening_cc,0,0,285,8073,189057,0,0.0409526708,1.0000000000,0.0786830602,0.0409526708,0.9998761457,0.0786826768,./imgs_0710_2026_v1/output/traditional_baseline/primary200/resImgs/baseline_B3_median_threshold_opening_cc_primary200_crack_00285.png
baseline_B3_median_threshold_opening_cc,0,0,286,22445,172203,0,0.1153107147,1.0000000000,0.2067777404,0.1153107147,0.9999554486,0.2067767879,./imgs_0710_2026_v1/output/traditional_baseline/primary200/resImgs/baseline_B3_median_threshold_opening_cc_primary200_crack_00286.png
baseline_B3_median_threshold_opening_cc,0,0,287,2737,193939,0,0.0139162887,1.0000000000,0.0274505674,0.0139162887,0.9996347699,0.0274504298,./imgs_0710_2026_v1/output/traditional_baseline/primary200/resImgs/baseline_B3_median_threshold_opening_cc_primary200_crack_00287.png
baseline_B3_median_threshold_opening_cc,0,0,288,3701,192909,0,0.0188240680,1.0000000000,0.0369525388,0.0188240680,0.9997298757,0.0369523543,./imgs_0710_2026_v1/output/traditional_baseline/primary200/resImgs/baseline_B3_median_threshold_opening_cc_primary200_crack_00288.png
baseline_B3_median_threshold_opening_cc,0,0,289,7549,185542,0,0.0390955560,1.0000000000,0.0752492026,0.0390955560,0.9998675497,0.0752488275,./imgs_0710_2026_v1/output/traditional_baseline/primary200/resImgs/baseline_B3_median_threshold_opening_cc_primary200_crack_00289.png
baseline_B3_median_threshold_opening_cc,0,0,290,7637,187314,0,0.0391739463,1.0000000000,0.0753943965,0.0391739463,0.9998690757,0.0753940244,./imgs_0710_2026_v1/output/traditional_baseline/primary200/resImgs/baseline_B3_median_threshold_opening_cc_primary200_crack_00290.png
baseline_B3_median_threshold_opening_cc,0,0,291,4702,191062,0,0.0240187164,1.0000000000,0.0469106981,0.0240187164,0.9997873698,0.0469104641,./imgs_0710_2026_v1/output/traditional_baseline/primary200/resImgs/baseline_B3_median_threshold_opening_cc_primary200_crack_00291.png
baseline_B3_median_threshold_opening_cc,0,0,292,6963,187690,0,0.0357713470,1.0000000000,0.0690718991,0.0357713470,0.9998564044,0.0690715565,./imgs_0710_2026_v1/output/traditional_baseline/primary200/resImgs/baseline_B3_median_threshold_opening_cc_primary200_crack_00292.png
baseline_B3_median_threshold_opening_cc,0,0,293,3465,196482,0,0.0173295923,1.0000000000,0.0340687865,0.0173295923,0.9997114830,0.0340686190,./imgs_0710_2026_v1/output/traditional_baseline/primary200/resImgs/baseline_B3_median_threshold_opening_cc_primary200_crack_00293.png
baseline_B3_median_threshold_opening_cc,0,0,294,1453,197927,0,0.0072875915,1.0000000000,0.0144697336,0.0072875915,0.9993122421,0.0144696615,./imgs_0710_2026_v1/output/traditional_baseline/primary200/resImgs/baseline_B3_median_threshold_opening_cc_primary200_crack_00294.png
baseline_B3_median_threshold_opening_cc,0,0,295,2271,196630,0,0.0114177405,1.0000000000,0.0225776947,0.0114177405,0.9995598592,0.0225775825,./imgs_0710_2026_v1/output/traditional_baseline/primary200/resImgs/baseline_B3_median_threshold_opening_cc_primary200_crack_00295.png
baseline_B3_median_threshold_opening_cc,0,0,296,10958,180641,17,0.0571923653,0.9984510251,0.1081876253,0.0571923653,0.9984510251,0.1081876253,./imgs_0710_2026_v1/output/traditional_baseline/primary200/resImgs/baseline_B3_median_threshold_opening_cc_primary200_crack_00296.png
baseline_B3_median_threshold_opening_cc,0,0,297,21381,168269,0,0.1127392565,1.0000000000,0.2026337363,0.1127392565,0.9999532317,0.2026327761,./imgs_0710_2026_v1/output/traditional_baseline/primary200/resImgs/baseline_B3_median_threshold_opening_cc_primary200_crack_00297.png
baseline_B3_median_threshold_opening_cc,0,0,298,16528,174382,0,0.0865748258,1.0000000000,0.1593536382,0.0865748258,0.9999395003,0.1593528700,./imgs_0710_2026_v1/output/traditional_baseline/primary200/resImgs/baseline_B3_median_threshold_opening_cc_primary200_crack_00298.png
baseline_B3_median_threshold_opening_cc,0,0,299,14370,177326,0,0.0749624405,1.0000000000,0.1394698786,0.0749624405,0.9999304154,0.1394692018,./imgs_0710_2026_v1/output/traditional_baseline/primary200/resImgs/baseline_B3_median_threshold_opening_cc_primary200_crack_00299.png
baseline_B3_median_threshold_opening_cc,0,0,300,11397,182934,48,0.0586473594,0.9958060288,0.1107709354,0.0586473594,0.9958060288,0.1107709354,./imgs_0710_2026_v1/output/traditional_baseline/primary200/resImgs/baseline_B3_median_threshold_opening_cc_primary200_crack_00300.png
baseline_B3_median_threshold_opening_cc,0,0,301,11546,184998,0,0.0587451156,1.0000000000,0.1109712144,0.0587451156,0.9999133974,0.1109706811,./imgs_0710_2026_v1/output/traditional_baseline/primary200/resImgs/baseline_B3_median_threshold_opening_cc_primary200_crack_00301.png
baseline_B3_median_threshold_opening_cc,0,0,302,17820,175377,0,0.0922374571,1.0000000000,0.1688963448,0.0922374571,0.9999438864,0.1688955445,./imgs_0710_2026_v1/output/traditional_baseline/primary200/resImgs/baseline_B3_median_threshold_opening_cc_primary200_crack_00302.png
baseline_B3_median_threshold_opening_cc,0,0,303,9013,186977,0,0.0459870402,1.0000000000,0.0879304205,0.0459870402,0.9998890615,0.0879299916,./imgs_0710_2026_v1/output/traditional_baseline/primary200/resImgs/baseline_B3_median_threshold_opening_cc_primary200_crack_00303.png
baseline_B3_median_threshold_opening_cc,0,0,304,12319,179462,0,0.0642347261,1.0000000000,0.1207153356,0.0642347261,0.9999188312,0.1207147442,./imgs_0710_2026_v1/output/traditional_baseline/primary200/resImgs/baseline_B3_median_threshold_opening_cc_primary200_crack_00304.png
baseline_B3_median_threshold_opening_cc,0,0,305,7849,191201,0,0.0394323034,1.0000000000,0.0758727688,0.0394323034,0.9998726115,0.0758724021,./imgs_0710_2026_v1/output/traditional_baseline/primary200/resImgs/baseline_B3_median_threshold_opening_cc_primary200_crack_00305.png
baseline_B3_median_threshold_opening_cc,0,0,306,15265,172484,0,0.0813053598,1.0000000000,0.1503837174,0.0813053598,0.9999344950,0.1503829766,./imgs_0710_2026_v1/output/traditional_baseline/primary200/resImgs/baseline_B3_median_threshold_opening_cc_primary200_crack_00306.png
baseline_B3_median_threshold_opening_cc,0,0,307,8870,185303,0,0.0456809134,1.0000000000,0.0873706555,0.0456809134,0.9998872731,0.0873702252,./imgs_0710_2026_v1/output/traditional_baseline/primary200/resImgs/baseline_B3_median_threshold_opening_cc_primary200_crack_00307.png
baseline_B3_median_threshold_opening_cc,0,0,308,10129,185761,0,0.0517075910,1.0000000000,0.0983307365,0.0517075910,0.9999012833,0.0983302592,./imgs_0710_2026_v1/output/traditional_baseline/primary200/resImgs/baseline_B3_median_threshold_opening_cc_primary200_crack_00308.png
baseline_B3_median_threshold_opening_cc,0,0,309,4569,192543,0,0.0231797151,1.0000000000,0.0453091764,0.0231797151,0.9997811816,0.0453089517,./imgs_0710_2026_v1/output/traditional_baseline/primary200/resImgs/baseline_B3_median_threshold_opening_cc_primary200_crack_00309.png
baseline_B3_median_threshold_opening_cc,0,0,310,13056,180091,0,0.0675961832,1.0000000000,0.1266324932,0.0675961832,0.9999234127,0.1266318791,./imgs_0710_2026_v1/output/traditional_baseline/primary200/resImgs/baseline_B3_median_threshold_opening_cc_primary200_crack_00310.png
baseline_B3_median_threshold_opening_cc,0,0,311,9058,183455,0,0.0470513680,1.0000000000,0.0898740394,0.0470513680,0.9998896125,0.0898735936,./imgs_0710_2026_v1/output/traditional_baseline/primary200/resImgs/baseline_B3_median_threshold_opening_cc_primary200_crack_00311.png
baseline_B3_median_threshold_opening_cc,0,0,312,3340,193529,0,0.0169655964,1.0000000000,0.0333651334,0.0169655964,0.9997006884,0.0333649668,./imgs_0710_2026_v1/output/traditional_baseline/primary200/resImgs/baseline_B3_median_threshold_opening_cc_primary200_crack_00312.png
baseline_B3_median_threshold_opening_cc,0,0,313,5597,191540,29,0.0283914232,0.9948453608,0.0552073110,0.0283914232,0.9948453608,0.0552073110,./imgs_0710_2026_v1/output/traditional_baseline/primary200/resImgs/baseline_B3_median_threshold_opening_cc_primary200_crack_00313.png
baseline_B3_median_threshold_opening_cc,0,0,314,3981,191399,0,0.0203756782,1.0000000000,0.0399376006,0.0203756782,0.9997488699,0.0399374003,./imgs_0710_2026_v1/output/traditional_baseline/primary200/resImgs/baseline_B3_median_threshold_opening_cc_primary200_crack_00314.png
baseline_B3_median_threshold_opening_cc,0,0,315,9325,181600,0,0.0488411680,1.0000000000,0.0931335830,0.0488411680,0.9998927729,0.0931331179,./imgs_0710_2026_v1/output/traditional_baseline/primary200/resImgs/baseline_B3_median_threshold_opening_cc_primary200_crack_00315.png
baseline_B3_median_threshold_opening_cc,0,0,316,3701,192538,0,0.0188596558,1.0000000000,0.0370211063,0.0188596558,0.9997298757,0.0370209212,./imgs_0710_2026_v1/output/traditional_baseline/primary200/resImgs/baseline_B3_median_threshold_opening_cc_primary200_crack_00316.png
baseline_B3_median_threshold_opening_cc,0,0,317,3543,194299,0,0.0179082298,1.0000000000,0.0351863346,0.0179082298,0.9997178330,0.0351861599,./imgs_0710_2026_v1/output/traditional_baseline/primary200/resImgs/baseline_B3_median_threshold_opening_cc_primary200_crack_00317.png
baseline_B3_median_threshold_opening_cc,0,0,318,5133,192568,0,0.0259634499,1.0000000000,0.0506128164,0.0259634499,0.9998052201,0.0506125669,./imgs_0710_2026_v1/output/traditional_baseline/primary200/resImgs/baseline_B3_median_threshold_opening_cc_primary200_crack_00318.png
baseline_B3_median_threshold_opening_cc,0,0,319,2517,196396,0,0.0126537733,1.0000000000,0.0249913121,0.0126537733,0.9996028594,0.0249911880,./imgs_0710_2026_v1/output/traditional_baseline/primary200/resImgs/baseline_B3_median_threshold_opening_cc_primary200_crack_00319.png
baseline_B3_median_threshold_opening_cc,0,0,320,5161,192601,0,0.0260970257,1.0000000000,0.0508665849,0.0260970257,0.9998062766,0.0508663342,./imgs_0710_2026_v1/output/traditional_baseline/primary200/resImgs/baseline_B3_median_threshold_opening_cc_primary200_crack_00320.png
baseline_B3_median_threshold_opening_cc,0,0,321,12967,175612,0,0.0687616331,1.0000000000,0.1286753396,0.0687616331,0.9999228871,0.1286747012,./imgs_0710_2026_v1/output/traditional_baseline/primary200/resImgs/baseline_B3_median_threshold_opening_cc_primary200_crack_00321.png
baseline_B3_median_threshold_opening_cc,0,0,322,9914,179117,0,0.0524464241,1.0000000000,0.0996657368,0.0524464241,0.9998991427,0.0996652358,./imgs_0710_2026_v1/output/traditional_baseline/primary200/resImgs/baseline_B3_median_threshold_opening_cc_primary200_crack_00322.png
baseline_B3_median_threshold_opening_cc,0,0,323,10159,182268,0,0.0527940466,1.0000000000,0.1002932088,0.0527940466,0.9999015748,0.1002927137,./imgs_0710_2026_v1/output/traditional_baseline/primary200/resImgs/baseline_B3_median_threshold_opening_cc_primary200_crack_00323.png
baseline_B3_median_threshold_opening_cc,0,0,324,20651,166322,0,0.1104491023,1.0000000000,0.1989269063,0.1104491023,0.9999515785,0.1989259482,./imgs_0710_2026_v1/output/traditional_baseline/primary200/resImgs/baseline_B3_median_threshold_opening_cc_primary200_crack_00324.png
baseline_B3_median_threshold_opening_cc,0,0,325,4409,194761,0,0.0221368680,1.0000000000,0.0433148802,0.0221368680,0.9997732426,0.0433146675,./imgs_0710_2026_v1/output/traditional_baseline/primary200/resImgs/baseline_B3_median_threshold_opening_cc_primary200_crack_00325.png
baseline_B3_median_threshold_opening_cc,0,0,326,16308,170200,0,0.0874386085,1.0000000000,0.1608157147,0.0874386085,0.9999386842,0.1608149218,./imgs_0710_2026_v1/output/traditional_baseline/primary200/resImgs/baseline_B3_median_threshold_opening_cc_primary200_crack_00326.png
baseline_B3_median_threshold_opening_cc,0,0,327,9522,183420,0,0.0493516186,1.0000000000,0.0940611664,0.0493516186,0.9998949911,0.0940607018,./imgs_0710_2026_v1/output/traditional_baseline/primary200/resImgs/baseline_B3_median_threshold_opening_cc_primary200_crack_00327.png
baseline_B3_median_threshold_opening_cc,0,0,328,14059,176415,0,0.0738105988,1.0000000000,0.1374741484,0.0738105988,0.9999288762,0.1374734763,./imgs_0710_2026_v1/output/traditional_baseline/primary200/resImgs/baseline_B3_median_threshold_opening_cc_primary200_crack_00328.png
baseline_B3_median_threshold_opening_cc,0,0,329,6374,191128,0,0.0322730909,1.0000000000,0.0625282034,0.0322730909,0.9998431373,0.0625278967,./imgs_0710_2026_v1/output/traditional_baseline/primary200/resImgs/baseline_B3_median_threshold_opening_cc_primary200_crack_00329.png
baseline_B3_median_threshold_opening_cc,0,0,330,11771,178629,0,0.0618224790,1.0000000000,0.1164459789,0.0618224790,0.9999150527,0.1164454029,./imgs_0710_2026_v1/output/traditional_baseline/primary200/resImgs/baseline_B3_median_threshold_opening_cc_primary200_crack_00330.png
baseline_B3_median_threshold_opening_cc,0,0,331,13296,175623,0,0.0703793689,1.0000000000,0.1315035977,0.0703793689,0.9999247951,0.1315029473,./imgs_0710_2026_v1/output/traditional_baseline/primary200/resImgs/baseline_B3_median_threshold_opening_cc_primary200_crack_00331.png
baseline_B3_median_threshold_opening_cc,0,0,332,13143,174098,0,0.0701929599,1.0000000000,0.1311781380,0.0701929599,0.9999239197,0.1311774833,./imgs_0710_2026_v1/output/traditional_baseline/primary200/resImgs/baseline_B3_median_threshold_opening_cc_primary200_crack_00332.png
baseline_B3_median_threshold_opening_cc,0,0,333,682,199630,0,0.0034046887,1.0000000000,0.0067862722,0.0034046887,0.9985358712,0.0067862385,./imgs_0710_2026_v1/output/traditional_baseline/primary200/resImgs/baseline_B3_median_threshold_opening_cc_primary200_crack_00333.png
baseline_B3_median_threshold_opening_cc,0,0,334,10837,178674,0,0.0571840157,1.0000000000,0.1081817637,0.0571840157,0.9999077321,0.1081812238,./imgs_0710_2026_v1/output/traditional_baseline/primary200/resImgs/baseline_B3_median_threshold_opening_cc_primary200_crack_00334.png
baseline_B3_median_threshold_opening_cc,0,0,335,13272,178221,0,0.0693080165,1.0000000000,0.1296315288,0.0693080165,0.9999246591,0.1296308958,./imgs_0710_2026_v1/output/traditional_baseline/primary200/resImgs/baseline_B3_median_threshold_opening_cc_primary200_crack_00335.png
baseline_B3_median_threshold_opening_cc,0,0,336,4131,195037,0,0.0207412837,1.0000000000,0.0406396490,0.0207412837,0.9997579864,0.0406394491,./imgs_0710_2026_v1/output/traditional_baseline/primary200/resImgs/baseline_B3_median_threshold_opening_cc_primary200_crack_00336.png
baseline_B3_median_threshold_opening_cc,0,0,337,5615,193286,0,0.0282301245,1.0000000000,0.0549101293,0.0282301245,0.9998219373,0.0549098608,./imgs_0710_2026_v1/output/traditional_baseline/primary200/resImgs/baseline_B3_median_threshold_opening_cc_primary200_crack_00337.png
baseline_B3_median_threshold_opening_cc,0,0,338,8803,189743,0,0.0443373324,1.0000000000,0.0849099827,0.0443373324,0.9998864153,0.0849095732,./imgs_0710_2026_v1/output/traditional_baseline/primary200/resImgs/baseline_B3_median_threshold_opening_cc_primary200_crack_00338.png
baseline_B3_median_threshold_opening_cc,0,0,339,3994,195543,0,0.0200163378,1.0000000000,0.0392470926,0.0200163378,0.9997496871,0.0392468998,./imgs_0710_2026_v1/output/traditional_baseline/primary200/resImgs/baseline_B3_median_threshold_opening_cc_primary200_crack_00339.png
baseline_B3_median_threshold_opening_cc,0,0,340,9623,188015,0,0.0486900292,1.0000000000,0.0928587626,0.0486900292,0.9998960931,0.0928583146,./imgs_0710_2026_v1/output/traditional_baseline/primary200/resImgs/baseline_B3_median_threshold_opening_cc_primary200_crack_00340.png
baseline_B3_median_threshold_opening_cc,0,0,341,7405,190234,0,0.0374673015,1.0000000000,0.0722283998,0.0374673015,0.9998649743,0.0722280475,./imgs_0710_2026_v1/output/traditional_baseline/primary200/resImgs/baseline_B3_median_threshold_opening_cc_primary200_crack_00341.png
baseline_B3_median_threshold_opening_cc,0,0,342,3480,196473,0,0.0174040900,1.0000000000,0.0342127383,0.0174040900,0.9997127262,0.0342125702,./imgs_0710_2026_v1/output/traditional_baseline/primary200/resImgs/baseline_B3_median_threshold_opening_cc_primary200_crack_00342.png
baseline_B3_median_threshold_opening_cc,0,0,343,13495,184569,0,0.0681345424,1.0000000000,0.1275767044,0.0681345424,0.9999259040,0.1275761013,./imgs_0710_2026_v1/output/traditional_baseline/primary200/resImgs/baseline_B3_median_threshold_opening_cc_primary200_crack_00343.png
baseline_B3_median_threshold_opening_cc,0,0,344,10770,186709,0,0.0545374445,1.0000000000,0.1034338700,0.0545374445,0.9999071581,0.1034333733,./imgs_0710_2026_v1/output/traditional_baseline/primary200/resImgs/baseline_B3_median_threshold_opening_cc_primary200_crack_00344.png
baseline_B3_median_threshold_opening_cc,0,0,345,4852,194476,0,0.0243417884,1.0000000000,0.0475266921,0.0243417884,0.9997939419,0.0475264594,./imgs_0710_2026_v1/output/traditional_baseline/primary200/resImgs/baseline_B3_median_threshold_opening_cc_primary200_crack_00345.png
baseline_B3_median_threshold_opening_cc,0,0,346,9145,189220,0,0.0461018829,1.0000000000,0.0881403306,0.0461018829,0.9998906626,0.0881399058,./imgs_0710_2026_v1/output/traditional_baseline/primary200/resImgs/baseline_B3_median_threshold_opening_cc_primary200_crack_00346.png
baseline_B3_median_threshold_opening_cc,0,0,347,4122,193759,0,0.0208307013,1.0000000000,0.0408112751,0.0208307013,0.9997574582,0.0408110730,./imgs_0710_2026_v1/output/traditional_baseline/primary200/resImgs/baseline_B3_median_threshold_opening_cc_primary200_crack_00347.png
baseline_B3_median_threshold_opening_cc,0,0,348,8492,188484,0,0.0431118512,1.0000000000,0.0826600736,0.0431118512,0.9998822560,0.0826596713,./imgs_0710_2026_v1/output/traditional_baseline/primary200/resImgs/baseline_B3_median_threshold_opening_cc_primary200_crack_00348.png
baseline_B3_median_threshold_opening_cc,0,0,349,7948,189581,0,0.0402371297,1.0000000000,0.0773614565,0.0402371297,0.9998741980,0.0773610800,./imgs_0710_2026_v1/output/traditional_baseline/primary200/resImgs/baseline_B3_median_threshold_opening_cc_primary200_crack_00349.png
baseline_B3_median_threshold_opening_cc,0,0,350,1181,197723,0,0.0059375377,1.0000000000,0.0118049829,0.0059375377,0.9991539763,0.0118049239,./imgs_0710_2026_v1/output/traditional_baseline/primary200/resImgs/baseline_B3_median_threshold_opening_cc_primary200_crack_00350.png
baseline_B3_median_threshold_opening_cc,0,0,351,3377,195440,0,0.0169854690,1.0000000000,0.0334035629,0.0169854690,0.9997039668,0.0334033977,./imgs_0710_2026_v1/output/traditional_baseline/primary200/resImgs/baseline_B3_median_threshold_opening_cc_primary200_crack_00351.png
baseline_B3_median_threshold_opening_cc,0,0,352,1269,198862,0,0.0063408467,1.0000000000,0.0126017875,0.0063408467,0.9992125984,0.0126017249,./imgs_0710_2026_v1/output/traditional_baseline/primary200/resImgs/baseline_B3_median_threshold_opening_cc_primary200_crack_00352.png
baseline_B3_median_threshold_opening_cc,0,0,353,1590,197489,0,0.0079867791,1.0000000000,0.0158469918,0.0079867791,0.9993714645,0.0158469128,./imgs_0710_2026_v1/output/traditional_baseline/primary200/resImgs/baseline_B3_median_threshold_opening_cc_primary200_crack_00353.png
baseline_B3_median_threshold_opening_cc,0,0,354,1448,197836,0,0.0072660123,1.0000000000,0.0144271965,0.0072660123,0.9993098689,0.0144271246,./imgs_0710_2026_v1/output/traditional_baseline/primary200/resImgs/baseline_B3_median_threshold_opening_cc_primary200_crack_00354.png
baseline_B3_median_threshold_opening_cc,0,0,355,3919,193911,0,0.0198099378,1.0000000000,0.0388502545,0.0198099378,0.9997448980,0.0388500620,./imgs_0710_2026_v1/output/traditional_baseline/primary200/resImgs/baseline_B3_median_threshold_opening_cc_primary200_crack_00355.png
baseline_B3_median_threshold_opening_cc,0,0,356,3634,195231,0,0.0182737033,1.0000000000,0.0358915353,0.0182737033,0.9997248968,0.0358913580,./imgs_0710_2026_v1/output/traditional_baseline/primary200/resImgs/baseline_B3_median_threshold_opening_cc_primary200_crack_00356.png
baseline_B3_median_threshold_opening_cc,0,0,357,1097,198377,0,0.0054994636,1.0000000000,0.0109387698,0.0054994636,0.9990892532,0.0109387153,./imgs_0710_2026_v1/output/traditional_baseline/primary200/resImgs/baseline_B3_median_threshold_opening_cc_primary200_crack_00357.png
baseline_B3_median_threshold_opening_cc,0,0,358,889,198725,0,0.0044535954,1.0000000000,0.0088676977,0.0044535954,0.9988764045,0.0088676535,./imgs_0710_2026_v1/output/traditional_baseline/primary200/resImgs/baseline_B3_median_threshold_opening_cc_primary200_crack_00358.png
baseline_B3_median_threshold_opening_cc,0,0,359,1600,197900,0,0.0080200501,1.0000000000,0.0159124814,0.0080200501,0.9993753904,0.0159124022,./imgs_0710_2026_v1/output/traditional_baseline/primary200/resImgs/baseline_B3_median_threshold_opening_cc_primary200_crack_00359.png
baseline_B3_median_threshold_opening_cc,0,0,360,1175,198112,0,0.0058960193,1.0000000000,0.0117229201,0.0058960193,0.9991496599,0.0117228616,./imgs_0710_2026_v1/output/traditional_baseline/primary200/resImgs/baseline_B3_median_threshold_opening_cc_primary200_crack_00360.png
baseline_B3_median_threshold_opening_cc,0,0,361,2415,195779,0,0.0121850308,1.0000000000,0.0240766865,0.0121850308,0.9995860927,0.0240765665,./imgs_0710_2026_v1/output/traditional_baseline/primary200/resImgs/baseline_B3_median_threshold_opening_cc_primary200_crack_00361.png
baseline_B3_median_threshold_opening_cc,0,0,362,10021,188331,0,0.0505212955,1.0000000000,0.0961832867,0.0505212955,0.9999002195,0.0961828251,./imgs_0710_2026_v1/output/traditional_baseline/primary200/resImgs/baseline_B3_median_threshold_opening_cc_primary200_crack_00362.png
baseline_B3_median_threshold_opening_cc,0,0,363,3664,194612,0,0.0184792915,1.0000000000,0.0362880063,0.0184792915,0.9997271487,0.0362878266,./imgs_0710_2026_v1/output/traditional_baseline/primary200/resImgs/baseline_B3_median_threshold_opening_cc_primary200_crack_00363.png
baseline_B3_median_threshold_opening_cc,0,0,364,7062,191094,0,0.0356385878,1.0000000000,0.0688243721,0.0356385878,0.9998584171,0.0688240368,./imgs_0710_2026_v1/output/traditional_baseline/primary200/resImgs/baseline_B3_median_threshold_opening_cc_primary200_crack_00364.png
baseline_B3_median_threshold_opening_cc,0,0,365,7135,189998,0,0.0361938387,1.0000000000,0.0698592046,0.0361938387,0.9998598655,0.0698588626,./imgs_0710_2026_v1/output/traditional_baseline/primary200/resImgs/baseline_B3_median_threshold_opening_cc_primary200_crack_00365.png
baseline_B3_median_threshold_opening_cc,0,0,366,2296,196606,0,0.0115433731,1.0000000000,0.0228232885,0.0115433731,0.9995646495,0.0228231751,./imgs_0710_2026_v1/output/traditional_baseline/primary200/resImgs/baseline_B3_median_threshold_opening_cc_primary200_crack_00366.png
baseline_B3_median_threshold_opening_cc,0,0,367,1310,198087,0,0.0065698080,1.0000000000,0.0130538546,0.0065698080,0.9992372235,0.0130537896,./imgs_0710_2026_v1/output/traditional_baseline/primary200/resImgs/baseline_B3_median_threshold_opening_cc_primary200_crack_00367.png
baseline_B3_median_threshold_opening_cc,0,0,368,12157,185460,0,0.0615179868,1.0000000000,0.1159056890,0.0615179868,0.9999177496,0.1159051365,./imgs_0710_2026_v1/output/traditional_baseline/primary200/resImgs/baseline_B3_median_threshold_opening_cc_primary200_crack_00368.png
baseline_B3_median_threshold_opening_cc,0,0,369,3587,196029,0,0.0179695014,1.0000000000,0.0353045969,0.0179695014,0.9997212932,0.0353044231,./imgs_0710_2026_v1/output/traditional_baseline/primary200/resImgs/baseline_B3_median_threshold_opening_cc_primary200_crack_00369.png
baseline_B3_median_threshold_opening_cc,0,0,370,8529,188657,0,0.0432535778,1.0000000000,0.0829205454,0.0432535778,0.9998827667,0.0829201423,./imgs_0710_2026_v1/output/traditional_baseline/primary200/resImgs/baseline_B3_median_threshold_opening_cc_primary200_crack_00370.png
baseline_B3_median_threshold_opening_cc,0,0,371,2185,197146,0,0.0109616668,1.0000000000,0.0216856230,0.0109616668,0.9995425435,0.0216855154,./imgs_0710_2026_v1/output/traditional_baseline/primary200/resImgs/baseline_B3_median_threshold_opening_cc_primary200_crack_00371.png
baseline_B3_median_threshold_opening_cc,0,0,372,9029,186996,0,0.0460604515,1.0000000000,0.0880646074,0.0460604515,0.9998892580,0.0880641779,./imgs_0710_2026_v1/output/traditional_baseline/primary200/resImgs/baseline_B3_median_threshold_opening_cc_primary200_crack_00372.png
baseline_B3_median_threshold_opening_cc,0,0,373,1841,197596,0,0.0092309852,1.0000000000,0.0182931070,0.0092309852,0.9994571118,0.0182930162,./imgs_0710_2026_v1/output/traditional_baseline/primary200/resImgs/baseline_B3_median_threshold_opening_cc_primary200_crack_00373.png
baseline_B3_median_threshold_opening_cc,0,0,374,9511,184528,0,0.0490159195,1.0000000000,0.0934512405,0.0490159195,0.9998948696,0.0934507814,./imgs_0710_2026_v1/output/traditional_baseline/primary200/resImgs/baseline_B3_median_threshold_opening_cc_primary200_crack_00374.png
baseline_B3_median_threshold_opening_cc,0,0,375,2165,196451,0,0.0109004310,1.0000000000,0.0215657856,0.0109004310,0.9995383195,0.0215656782,./imgs_0710_2026_v1/output/traditional_baseline/primary200/resImgs/baseline_B3_median_threshold_opening_cc_primary200_crack_00375.png
baseline_B3_median_threshold_opening_cc,0,0,376,1400,197439,0,0.0070408723,1.0000000000,0.0139832900,0.0070408723,0.9992862241,0.0139832201,./imgs_0710_2026_v1/output/traditional_baseline/primary200/resImgs/baseline_B3_median_threshold_opening_cc_primary200_crack_00376.png
baseline_B3_median_threshold_opening_cc,0,0,377,2180,196670,0,0.0109630375,1.0000000000,0.0216883052,0.0109630375,0.9995414947,0.0216881973,./imgs_0710_2026_v1/output/traditional_baseline/primary200/resImgs/baseline_B3_median_threshold_opening_cc_primary200_crack_00377.png
baseline_B3_median_threshold_opening_cc,0,0,378,4724,191973,0,0.0240166347,1.0000000000,0.0469067277,0.0240166347,0.9997883598,0.0469064948,./imgs_0710_2026_v1/output/traditional_baseline/primary200/resImgs/baseline_B3_median_threshold_opening_cc_primary200_crack_00378.png
baseline_B3_median_threshold_opening_cc,0,0,379,5166,192287,0,0.0261631882,1.0000000000,0.0509922564,0.0261631882,0.9998064641,0.0509920047,./imgs_0710_2026_v1/output/traditional_baseline/primary200/resImgs/baseline_B3_median_threshold_opening_cc_primary200_crack_00379.png
baseline_B3_median_threshold_opening_cc,0,0,380,908,199083,0,0.0045402043,1.0000000000,0.0090393680,0.0045402043,0.9988998900,0.0090393230,./imgs_0710_2026_v1/output/traditional_baseline/primary200/resImgs/baseline_B3_median_threshold_opening_cc_primary200_crack_00380.png
baseline_B3_median_threshold_opening_cc,0,0,381,4092,193237,0,0.0207369419,1.0000000000,0.0406313145,0.0207369419,0.9997556804,0.0406311128,./imgs_0710_2026_v1/output/traditional_baseline/primary200/resImgs/baseline_B3_median_threshold_opening_cc_primary200_crack_00381.png
baseline_B3_median_threshold_opening_cc,0,0,382,4989,192307,0,0.0252868786,1.0000000000,0.0493264454,0.0252868786,0.9997995992,0.0493262015,./imgs_0710_2026_v1/output/traditional_baseline/primary200/resImgs/baseline_B3_median_threshold_opening_cc_primary200_crack_00382.png
baseline_B3_median_threshold_opening_cc,0,0,383,5484,191685,0,0.0278137030,1.0000000000,0.0541220707,0.0278137030,0.9998176846,0.0541218037,./imgs_0710_2026_v1/output/traditional_baseline/primary200/resImgs/baseline_B3_median_threshold_opening_cc_primary200_crack_00383.png
baseline_B3_median_threshold_opening_cc,0,0,384,2158,196580,0,0.0108585172,1.0000000000,0.0214837528,0.0108585172,0.9995368226,0.0214836458,./imgs_0710_2026_v1/output/traditional_baseline/primary200/resImgs/baseline_B3_median_threshold_opening_cc_primary200_crack_00384.png
baseline_B3_median_threshold_opening_cc,0,0,385,4600,192257,0,0.0233672158,1.0000000000,0.0456673136,0.0233672158,0.9997826559,0.0456670869,./imgs_0710_2026_v1/output/traditional_baseline/primary200/resImgs/baseline_B3_median_threshold_opening_cc_primary200_crack_00385.png
baseline_B3_median_threshold_opening_cc,0,0,386,2661,195996,0,0.0133949471,1.0000000000,0.0264357882,0.0133949471,0.9996243426,0.0264356568,./imgs_0710_2026_v1/output/traditional_baseline/primary200/resImgs/baseline_B3_median_threshold_opening_cc_primary200_crack_00386.png
baseline_B3_median_threshold_opening_cc,0,0,387,1184,198419,0,0.0059317746,1.0000000000,0.0117935922,0.0059317746,0.9991561181,0.0117935335,./imgs_0710_2026_v1/output/traditional_baseline/primary200/resImgs/baseline_B3_median_threshold_opening_cc_primary200_crack_00387.png
baseline_B3_median_threshold_opening_cc,0,0,388,4174,192936,0,0.0211759931,1.0000000000,0.0414737386,0.0211759931,0.9997604790,0.0414735326,./imgs_0710_2026_v1/output/traditional_baseline/primary200/resImgs/baseline_B3_median_threshold_opening_cc_primary200_crack_00388.png
baseline_B3_median_threshold_opening_cc,0,0,389,6332,191920,0,0.0319391482,1.0000000000,0.0619012239,0.0319391482,0.9998420970,0.0619009214,./imgs_0710_2026_v1/output/traditional_baseline/primary200/resImgs/baseline_B3_median_threshold_opening_cc_primary200_crack_00389.png
baseline_B3_median_threshold_opening_cc,0,0,390,6483,191791,0,0.0326971766,1.0000000000,0.0633238424,0.0326971766,0.9998457742,0.0633235331,./imgs_0710_2026_v1/output/traditional_baseline/primary200/resImgs/baseline_B3_median_threshold_opening_cc_primary200_crack_00390.png
baseline_B3_median_threshold_opening_cc,0,0,391,10711,188454,0,0.0537795295,1.0000000000,0.1020697936,0.0537795295,0.9999066468,0.1020693073,./imgs_0710_2026_v1/output/traditional_baseline/primary200/resImgs/baseline_B3_median_threshold_opening_cc_primary200_crack_00391.png
baseline_B3_median_threshold_opening_cc,0,0,392,6813,191808,0,0.0343015089,1.0000000000,0.0663278717,0.0343015089,0.9998532433,0.0663275489,./imgs_0710_2026_v1/output/traditional_baseline/primary200/resImgs/baseline_B3_median_threshold_opening_cc_primary200_crack_00392.png
baseline_B3_median_threshold_opening_cc,0,0,393,1642,196963,0,0.0082676670,1.0000000000,0.0163997463,0.0082676670,0.9993913573,0.0163996644,./imgs_0710_2026_v1/output/traditional_baseline/primary200/resImgs/baseline_B3_median_threshold_opening_cc_primary200_crack_00393.png
baseline_B3_median_threshold_opening_cc,0,0,394,3075,194242,0,0.0155840602,1.0000000000,0.0306898479,0.0155840602,0.9996749025,0.0306896947,./imgs_0710_2026_v1/output/traditional_baseline/primary200/resImgs/baseline_B3_median_threshold_opening_cc_primary200_crack_00394.png
baseline_B3_median_threshold_opening_cc,0,0,395,1630,197849,0,0.0081712862,1.0000000000,0.0162101149,0.0081712862,0.9993868792,0.0162100343,./imgs_0710_2026_v1/output/traditional_baseline/primary200/resImgs/baseline_B3_median_threshold_opening_cc_primary200_crack_00395.png
baseline_B3_median_threshold_opening_cc,0,0,396,2277,195873,0,0.0114912945,1.0000000000,0.0227214896,0.0114912945,0.9995610184,0.0227213763,./imgs_0710_2026_v1/output/traditional_baseline/primary200/resImgs/baseline_B3_median_threshold_opening_cc_primary200_crack_00396.png
baseline_B3_median_threshold_opening_cc,0,0,397,823,198469,0,0.0041296189,1.0000000000,0.0082252705,0.0041296189,0.9987864078,0.0082252294,./imgs_0710_2026_v1/output/traditional_baseline/primary200/resImgs/baseline_B3_median_threshold_opening_cc_primary200_crack_00397.png
baseline_B3_median_threshold_opening_cc,0,0,398,1861,196904,0,0.0093628154,1.0000000000,0.0185519325,0.0093628154,0.9994629431,0.0185518400,./imgs_0710_2026_v1/output/traditional_baseline/primary200/resImgs/baseline_B3_median_threshold_opening_cc_primary200_crack_00398.png
baseline_B3_median_threshold_opening_cc,0,0,399,2143,195592,0,0.0108377374,1.0000000000,0.0214430803,0.0108377374,0.9995335821,0.0214429730,./imgs_0710_2026_v1/output/traditional_baseline/primary200/resImgs/baseline_B3_median_threshold_opening_cc_primary200_crack_00399.png
baseline_B3_median_threshold_opening_cc,0,0,400,1634,196506,0,0.0082466943,1.0000000000,0.0163584851,0.0082466943,0.9993883792,0.0163584032,./imgs_0710_2026_v1/output/traditional_baseline/primary200/resImgs/baseline_B3_median_threshold_opening_cc_primary200_crack_00400.png
baseline_B3_median_threshold_opening_cc,0,0,401,612,199094,0,0.0030645048,1.0000000000,0.0061102846,0.0030645048,0.9983686786,0.0061102541,./imgs_0710_2026_v1/output/traditional_baseline/primary200/resImgs/baseline_B3_median_threshold_opening_cc_primary200_crack_00401.png
baseline_B3_median_threshold_opening_cc,0,0,402,4377,193127,0,0.0221615765,1.0000000000,0.0433621787,0.0221615765,0.9997715852,0.0433619639,./imgs_0710_2026_v1/output/traditional_baseline/primary200/resImgs/baseline_B3_median_threshold_opening_cc_primary200_crack_00402.png
baseline_B3_median_threshold_opening_cc,0,0,403,3904,193175,0,0.0198093150,1.0000000000,0.0388490569,0.0198093150,0.9997439181,0.0388488636,./imgs_0710_2026_v1/output/traditional_baseline/primary200/resImgs/baseline_B3_median_threshold_opening_cc_primary200_crack_00403.png
baseline_B3_median_threshold_opening_cc,0,0,404,2275,196241,0,0.0114600334,1.0000000000,0.0226603782,0.0114600334,0.9995606327,0.0226602653,./imgs_0710_2026_v1/output/traditional_baseline/primary200/resImgs/baseline_B3_median_threshold_opening_cc_primary200_crack_00404.png
baseline_B3_median_threshold_opening_cc,0,0,405,2621,195320,0,0.0132413194,1.0000000000,0.0261365563,0.0132413194,0.9996186117,0.0261364260,./imgs_0710_2026_v1/output/traditional_baseline/primary200/resImgs/baseline_B3_median_threshold_opening_cc_primary200_crack_00405.png
baseline_B3_median_threshold_opening_cc,0,0,406,1035,198632,0,0.0051836307,1.0000000000,0.0103137986,0.0051836307,0.9990347490,0.0103137472,./imgs_0710_2026_v1/output/traditional_baseline/primary200/resImgs/baseline_B3_median_threshold_opening_cc_primary200_crack_00406.png
baseline_B3_median_threshold_opening_cc,0,0,407,2419,195291,0,0.0122350918,1.0000000000,0.0241744075,0.0122350918,0.9995867769,0.0241742867,./imgs_0710_2026_v1/output/traditional_baseline/primary200/resImgs/baseline_B3_median_threshold_opening_cc_primary200_crack_00407.png
baseline_B3_median_threshold_opening_cc,0,0,408,3068,194168,0,0.0155549697,1.0000000000,0.0306334372,0.0155549697,0.9996741610,0.0306332842,./imgs_0710_2026_v1/output/traditional_baseline/primary200/resImgs/baseline_B3_median_threshold_opening_cc_primary200_crack_00408.png
baseline_B3_median_threshold_opening_cc,0,0,409,714,199197,0,0.0035715894,1.0000000000,0.0071177570,0.0035715894,0.9986013986,0.0071177215,./imgs_0710_2026_v1/output/traditional_baseline/primary200/resImgs/baseline_B3_median_threshold_opening_cc_primary200_crack_00409.png
baseline_B3_median_threshold_opening_cc,0,0,410,5053,189713,0,0.0259439533,1.0000000000,0.0505757711,0.0259439533,0.9998021369,0.0505755180,./imgs_0710_2026_v1/output/traditional_baseline/primary200/resImgs/baseline_B3_median_threshold_opening_cc_primary200_crack_00410.png
