1.1176 0.0084 0.1505 0.2776
3.5329 0.0084 0.2110 0.5430
3.5329 0.0084 0.2159 0.5433
3.5329 0.0084 0.2340 0.5513
3.5329 0.0084 0.2508 0.5608
3.5329 0.0084 0.2602 0.5646
3.5329 0.0084 0.2648 0.5644
3.5329 0.0084 0.2693 0.5641
3.5329 0.0084 0.2797 0.5689
3.5329 0.0084 0.3137 0.6133
3.5329 0.0084 0.3191 0.6130
3.5329 0.0084 0.3316 0.6282
3.5329 0.0084 0.3390 0.6333
3.5329 0.0084 0.3505 0.6328
3.5329 0.0084 0.3609 0.6357
3.5329 0.0084 0.3700 0.6338
3.5329 0.0084 0.3746 0.6329
3.5329 0.0084 0.3864 0.6455
3.5329 0.0084 0.3991 0.6504
3.5329 0.0084 0.4160 0.6619
3.5329 0.0084 0.4251 0.6594
3.5329 0.0084 0.4252 0.6594
3.5329 0.0100 0.4258 0.6590
3.5329 0.0100 0.4292 0.6577
3.5329 0.0100 0.4520 0.6625
3.5329 0.0100 0.4666 0.6607
3.5329 0.0100 0.4770 0.6762
3.5329 0.0100 0.4817 0.6746
3.5329 0.0100 0.4996 0.6973
3.5329 0.0100 0.5128 0.7003
3.5329 0.0100 0.5138 0.7004
3.5329 0.0100 0.5238 0.7002
3.5329 0.0100 0.5361 0.7099
3.5329 0.0100 0.5506 0.7138
3.5329 0.0100 0.5638 0.7159
4.1106 0.0100 0.6002 0.7980
4.1106 0.0100 0.6002 0.7980
4.1106 0.0100 0.6270 0.8305
4.1106 0.0100 0.6275 0.8308
4.1106 0.0100 0.6392 0.8262
4.1106 0.0100 0.6444 0.8239
4.1106 0.0100 0.6692 0.8738
4.1106 0.0100 0.6780 0.8715
4.1106 0.0100 0.6827 0.8686
4.1106 0.0100 0.6890 0.8687
4.1106 0.0100 0.7146 0.8858
4.1106 0.0100 0.7192 0.8834
4.1106 0.0100 0.7541 0.9227
4.1106 0.0100 0.7724 0.9244
4.1106 0.0100 0.7726 0.9244
4.1106 0.0100 0.7908 0.9275
4.1106 0.0100 0.7908 0.9275
4.1106 0.0100 0.8110 0.9671
4.1106 0.0100 0.8229 0.9707
4.1106 0.0100 0.8340 0.9676
4.1106 0.0100 0.8444 0.9643
4.1106 0.0100 0.8623 0.9653
4.1106 0.0100 0.8737 0.9586
4.1106 0.0100 0.8864 0.9555
4.1106 0.0100 0.9216 0.9926
4.1106 0.0100 0.9272 0.9917
4.1106 0.0100 0.9272 0.9917
4.1106 0.0100 0.9295 0.9903
4.1106 0.0100 0.9340 0.9871
4.1106 0.0100 0.9340 0.9871
4.1106 0.0100 0.9472 0.9926
4.1106 0.0100 0.9472 0.9926
4.1106 0.0100 0.9512 0.9999
4.1106 0.0100 0.9595 1.0040
4.1106 0.0100 0.9642 1.0040
4.1106 0.0100 0.9707 1.0029
4.1106 0.0100 0.9825 0.9984
4.1106 0.0100 0.9871 0.9950
4.1106 0.0100 0.9924 0.9983
4.1106 0.0100 1.0003 1.0023
4.1106 0.0100 1.0109 1.0010
4.1106 0.0100 1.0112 1.0009
4.1106 0.0100 1.0188 0.9997
4.1106 0.0100 1.0273 0.9985
4.1106 0.0100 1.0404 0.9937
4.1106 0.0100 1.0559 1.0188
4.1106 0.0100 1.0572 1.0207
4.1106 0.0100 1.0618 1.0171
4.1106 0.0100 1.0644 1.0159
4.1106 0.0100 1.0711 1.0141
4.1106 0.0100 1.0760 1.0101
4.1106 0.0100 1.1119 1.0577
4.1106 0.0100 1.1165 1.0540
4.1106 0.0100 1.1517 1.0751
4.1106 0.0100 1.1651 1.0691
4.1106 0.0100 1.1817 1.0901
4.1106 0.0100 1.1928 1.0837
4.1106 0.0100 1.2002 1.0817
4.1106 0.0100 1.2165 1.0909
4.1106 0.0100 1.2429 1.0884
4.1106 0.0100 1.2604 1.0826
4.1106 0.0100 1.2649 1.0782
4.1106 0.0100 1.2727 1.0795
4.1106 0.0100 1.2786 1.0767
4.1106 0.0100 1.2833 1.0722
4.1106 0.0100 1.3149 1.0926
4.1106 0.0100 1.3153 1.0928
4.1106 0.0100 1.3153 1.0928
4.1106 0.0100 1.3213 1.0873
4.1106 0.0100 1.3258 1.0828
4.1106 0.0100 1.3258 1.0828
4.1106 0.0100 1.3338 1.0801
4.1106 0.0100 1.3411 1.0808
4.1106 0.0100 1.3439 1.0873
4.1106 0.0100 1.3591 1.0844
4.1106 0.0100 1.3841 1.0923
4.1106 0.0100 1.4009 1.1131
4.1106 0.0100 1.4062 1.1076
4.1106 0.0100 1.4295 1.1235
4.1106 0.0100 1.4417 1.1146
4.1106 0.0100 1.4437 1.1139
4.1106 0.0100 1.4514 1.1097
4.1106 0.0100 1.4514 1.1097
4.1106 0.0100 1.4599 1.1054
4.1106 0.0100 1.4930 1.1245
4.1106 0.0100 1.5008 1.1246
4.1106 0.0100 1.5154 1.1205
4.1106 0.0100 1.5373 1.1370
4.1106 0.0100 1.5656 1.1610
4.1106 0.0100 1.5742 1.1560
4.1106 0.0100 1.5913 1.1454
4.1106 0.0100 1.5930 1.1447
4.1106 0.0100 1.5969 1.1501
4.1106 0.0100 1.6113 1.1557
4.1106 0.0100 1.6182 1.1554
4.1106 0.0100 1.6540 1.1764
4.1106 0.0100 1.6657 1.1835
4.1106 0.0100 1.6895 1.1831
4.1106 0.0100 1.6956 1.1827
4.1106 0.0100 1.7016 1.1901
4.1106 0.0100 1.7097 1.1888
4.1106 0.0100 1.7135 1.1886
4.1106 0.0100 1.7256 1.1903
4.1106 0.0100 1.7307 1.1885
4.1106 0.0100 1.7329 1.1886
4.1106 0.0100 1.7421 1.1888
4.1106 0.0100 1.7441 1.1879
4.1106 0.0100 1.7530 1.1866
4.1106 0.0100 1.7729 1.1829
4.1106 0.0100 1.7962 1.1816
4.1106 0.0100 1.8063 1.1774
4.1106 0.0100 1.8214 1.1697
4.1106 0.0100 1.8440 1.1729
4.1106 0.0100 1.8448 1.1740
4.1106 0.0100 1.8470 1.1770
4.1106 0.0100 1.8470 1.1770
4.1106 0.0100 1.8564 1.1812
4.1106 0.0100 1.8570 1.1809
4.1106 0.0100 1.8882 1.1837
4.1106 0.0100 1.9127 1.1954
4.1106 0.0100 1.9176 1.1886
4.1106 0.0100 1.9365 1.2048
4.1106 0.0100 1.9492 1.2113
4.1106 0.0100 1.9492 1.2113
4.1106 0.0100 1.9492 1.2113
4.1106 0.0100 1.9585 1.2025
4.1271 0.0100 1.9949 1.2124
4.1271 0.0100 2.0180 1.2305
4.1271 0.0100 2.0194 1.2297
4.1271 0.0100 2.0292 1.2411
4.1271 0.0100 2.0649 1.2337
4.1271 0.0100 2.0909 1.2395
4.1271 0.0100 2.1060 1.2293
4.1271 0.0100 2.1060 1.2293
4.1271 0.0100 2.1141 1.2211
4.1271 0.0100 2.1307 1.2309
4.1271 0.0100 2.1531 1.2365
4.1271 0.0100 2.1531 1.2365
4.1271 0.0100 2.1531 1.2365
4.1271 0.0100 2.1531 1.2365
4.1271 0.0100 2.1754 1.2422
4.1271 0.0100 2.1926 1.2477
4.1271 0.0100 2.2195 1.2241
4.1271 0.0100 2.2210 1.2258
4.1271 0.0100 2.2465 1.2384
4.1271 0.0100 2.2645 1.2254
4.1271 0.0100 2.2684 1.2305
4.1271 0.0100 2.2684 1.2305
4.1271 0.0100 2.2688 1.2309
4.1271 0.0100 2.2993 1.2238
4.1271 0.0100 2.3186 1.2304
4.5076 0.0100 2.3456 1.2484
4.5076 0.0100 2.3519 1.2555
4.5076 0.0100 2.3519 1.2555
4.5076 0.0100 2.3525 1.2562
4.5076 0.0100 2.3917 1.2776
4.5076 0.0100 2.3917 1.2776
4.5076 0.0100 2.4047 1.2727
4.5076 0.0100 2.4444 1.2593
4.5076 0.0100 2.4817 1.2749
4.5076 0.0100 2.5024 1.2879
4.5076 0.0100 2.5274 1.2722
4.6395 0.0100 2.5624 1.2866
4.6395 0.0100 2.5838 1.2875
4.6395 0.0100 2.6102 1.2795
4.6395 0.0100 2.6102 1.2795
4.6395 0.0100 2.6102 1.2795
4.6395 0.0100 2.6102 1.2795
4.6395 0.0100 2.6102 1.2795
4.6395 0.0100 2.6512 1.2611
4.6395 0.0100 2.6548 1.2641
4.6395 0.0100 2.6548 1.2641
4.6395 0.0100 2.6677 1.2705
4.6395 0.0100 2.6809 1.2495
4.6395 0.0100 2.6818 1.2490
4.6395 0.0100 2.6883 1.2557
4.6395 0.0100 2.6978 1.2585
4.6395 0.0100 2.6978 1.2585
4.6894 0.0100 2.7401 1.2536
4.6894 0.0100 2.7421 1.2549
4.6894 0.0100 2.7656 1.2572
4.6894 0.0100 2.7922 1.2508
4.6894 0.0100 2.7922 1.2508
4.6894 0.0100 2.7961 1.2556
4.6894 0.0100 2.8003 1.2593
4.6894 0.0100 2.8162 1.2581
4.6894 0.0100 2.8398 1.2521
4.6894 0.0100 2.8398 1.2521
4.6894 0.0100 2.8445 1.2441
4.6894 0.0100 2.8717 1.2532
4.6894 0.0100 2.8884 1.2638
4.6894 0.0100 2.8884 1.2638
4.6894 0.0100 2.8951 1.2660
4.6894 0.0100 2.9056 1.2501
4.6894 0.0100 2.9117 1.2548
4.6894 0.0100 2.9117 1.2548
4.6894 0.0100 2.9332 1.2560
4.6894 0.0100 2.9430 1.2649
4.6894 0.0100 2.9773 1.2444
4.6894 0.0100 2.9828 1.2345
4.6894 0.0100 2.9828 1.2345
4.6894 0.0100 2.9829 1.2344
4.6894 0.0100 2.9955 1.2447
4.6894 0.0100 3.0060 1.2461
4.6894 0.0100 3.0086 1.2478
4.6894 0.0100 3.0234 1.2514
4.6894 0.0100 3.0470 1.2486
4.6894 0.0100 3.0470 1.2486
4.6894 0.0100 3.0840 1.2403
4.6894 0.0100 3.1042 1.2310
4.6894 0.0100 3.1042 1.2310
4.6894 0.0100 3.1168 1.2262
4.6894 0.0100 3.1175 1.2270
4.6894 0.0100 3.1243 1.2321
4.6894 0.0100 3.1263 1.2328
4.6894 0.0100 3.1263 1.2328
4.6894 0.0100 3.1283 1.2346
4.6894 0.0100 3.1284 1.2346
4.6894 0.0100 3.1503 1.2219
4.6894 0.0100 3.1635 1.2033
4.6894 0.0100 3.1692 1.2090
4.6894 0.0100 3.1832 1.2098
4.6894 0.0100 3.2009 1.2032
4.6894 0.0100 3.2179 1.2050
4.6894 0.0100 3.2290 1.1874
4.6894 0.0100 3.2296 1.1878
4.6894 0.0109 3.2516 1.1476
4.6894 0.0109 3.2670 1.1408
5.0839 0.0109 3.2753 1.1510
5.0839 0.0109 3.2811 1.1537
5.0839 0.0109 3.3087 1.1600
5.0839 0.0109 3.3087 1.1600
5.0839 0.0109 3.3261 1.1333
5.0839 0.0109 3.3261 1.1333
5.0839 0.0109 3.3371 1.1381
5.0839 0.0109 3.3426 1.1409
5.0839 0.0109 3.3446 1.1378
5.0839 0.0109 3.3446 1.1378
5.0839 0.0109 3.3543 1.1420
5.0839 0.5118 3.3974 1.0954
5.0839 0.5118 3.3974 1.0954
5.0839 0.5118 3.4052 1.0830
5.0839 0.5118 3.4128 1.0901
5.0839 0.5118 3.4165 1.0925
5.0839 0.5118 3.4165 1.0925
5.0839 0.5118 3.4165 1.0925
5.0839 0.5118 3.4165 1.0925
5.0839 0.5118 3.4264 1.0978
5.0839 0.5118 3.4337 1.1047
5.0839 0.5118 3.4337 1.1047
5.0839 0.5118 3.4368 1.1057
5.0839 0.5118 3.4368 1.1057
5.0839 0.5118 3.4484 1.1127
5.0839 0.5118 3.4488 1.1127
5.0839 0.5118 3.4692 1.1018
5.0839 0.5118 3.4692 1.1018
5.0839 0.5216 3.5091 1.0657
5.0839 0.5216 3.5134 1.0683
5.0839 0.5216 3.5439 1.0489
5.0839 0.5216 3.5440 1.0490
5.0839 0.5216 3.5453 1.0501
5.0839 0.5216 3.5551 1.0368
5.0839 0.5216 3.5573 1.0352
5.0839 0.5216 3.5665 1.0339
5.0839 0.5216 3.5862 1.0266
5.0839 0.5216 3.6108 1.0158
5.0839 0.5216 3.6205 1.0197
5.0839 0.5216 3.6244 1.0223
5.0839 0.5216 3.6244 1.0223
5.0839 0.5216 3.6244 1.0223
5.0839 0.5216 3.6439 1.0180
5.0839 0.5216 3.6742 1.0020
5.0839 0.5216 3.6817 1.0054
5.0839 0.5216 3.6850 1.0073
5.0839 0.5216 3.7059 1.0112
5.0839 0.5216 3.7059 1.0112
5.0839 0.5216 3.7064 1.0102
5.0839 0.5216 3.7064 1.0102
5.0839 0.5216 3.7374 0.9823
5.0839 0.5216 3.7449 0.9896
5.0839 0.5216 3.7449 0.9896
5.0839 0.5216 3.7449 0.9896
5.0839 1.0173 3.7868 0.9396
5.0839 1.0173 3.7946 0.9412
5.0839 1.0173 3.7946 0.9412
5.0839 1.0173 3.8027 0.9427
5.0839 1.0173 3.8084 0.9445
5.0839 1.0173 3.8415 0.9145
5.0839 1.0173 3.8497 0.9185
5.0839 1.0173 3.8741 0.9032
5.0839 1.0173 3.8834 0.9049
5.0839 1.0173 3.9023 0.9027
5.0839 1.0173 3.9270 0.8812
5.0839 1.0173 3.9271 0.8812
5.0839 1.0173 3.9271 0.8812
5.0839 1.2729 3.9535 0.8318
5.0839 1.2729 3.9651 0.8390
5.0839 1.2729 3.9651 0.8390
5.0839 1.2729 3.9702 0.8429
5.0839 1.2729 3.9702 0.8429
5.0839 1.2729 3.9702 0.8429
5.0839 1.2729 3.9790 0.8242
5.0839 1.2729 3.9790 0.8242
5.0839 1.2729 3.9868 0.8291
5.0839 1.2729 4.0128 0.7996
5.0839 1.2729 4.0128 0.7996
5.0839 1.2729 4.0300 0.7887
5.0839 1.2729 4.0414 0.7900
5.0839 1.2729 4.0452 0.7903
5.0839 1.2729 4.0484 0.7915
5.0839 1.2729 4.0639 0.7852
5.0839 1.2729 4.0696 0.7864
5.0839 1.2729 4.0709 0.7872
5.0839 1.2729 4.0735 0.7887
5.0839 1.2729 4.0735 0.7887
5.0839 1.2729 4.0735 0.7887
5.0839 1.2729 4.0735 0.7887
5.0839 1.2729 4.0747 0.7892
5.0839 1.2729 4.0805 0.7944
5.0839 1.2729 4.0856 0.7979
5.0839 1.2729 4.0856 0.7979
5.0839 1.2729 4.1005 0.7834
5.0839 1.2729 4.1005 0.7834
5.0839 1.2729 4.1005 0.7834
5.0839 1.2729 4.1107 0.7711
5.0839 1.2729 4.1314 0.7386
5.0839 1.2729 4.1341 0.7400
5.0839 1.2729 4.1395 0.7407
5.0839 1.2729 4.1395 0.7407
5.0839 1.2729 4.1498 0.7417
5.0839 1.2729 4.1499 0.7417
5.0839 1.2729 4.1521 0.7392
5.0839 1.2729 4.1521 0.7392
5.0839 1.2729 4.1553 0.7401
5.0839 1.2729 4.1636 0.7436
5.0839 1.2729 4.1681 0.7410
5.0839 1.2729 4.1681 0.7410
5.0839 1.2729 4.1681 0.7410
5.0839 1.2729 4.1688 0.7415
5.0839 1.2729 4.1745 0.7433
5.0839 1.2729 4.1876 0.7445
5.0839 1.2729 4.1998 0.7460
5.0839 1.2729 4.2010 0.7464
5.0839 1.2729 4.2022 0.7468
5.0839 1.2729 4.2051 0.7485
5.0839 1.2729 4.2095 0.7524
5.0839 1.2729 4.2095 0.7524
5.0839 1.2729 4.2206 0.7565
5.1424 1.2729 4.2211 0.7572
5.1424 1.2729 4.2238 0.7573
5.1424 1.2729 4.2254 0.7572
5.1424 1.2729 4.2370 0.7608
5.1424 1.2729 4.2445 0.7568
5.1424 1.2729 4.2445 0.7568
5.1424 1.2729 4.2470 0.7587
5.1424 1.2729 4.2470 0.7587
5.1424 1.2729 4.2510 0.7567
5.1424 1.2729 4.2528 0.7579
5.1424 1.2729 4.2528 0.7579
5.1424 1.2729 4.2528 0.7579
5.1424 1.2729 4.2583 0.7604
5.1424 1.2729 4.2583 0.7604
5.1424 1.2729 4.2592 0.7606
5.1424 1.2729 4.2722 0.7600
5.1424 1.2729 4.2722 0.7600
5.1424 1.2729 4.2811 0.7612
5.1424 1.2729 4.2811 0.7612
5.1424 1.2729 4.2829 0.7620
5.1424 1.2729 4.2954 0.7618
5.1424 1.2729 4.2954 0.7619
5.1424 1.2729 4.3014 0.7640
5.1424 1.2729 4.3071 0.7667
5.1424 1.2729 4.3088 0.7682
5.1424 1.2729 4.3088 0.7682
5.1424 1.2729 4.3099 0.7689
5.1424 1.2729 4.3137 0.7708
5.1424 1.2729 4.3137 0.7708
5.1424 1.2729 4.3141 0.7710
5.1424 1.2729 4.3158 0.7721
5.1424 1.2729 4.3283 0.7601
5.1424 1.2729 4.3319 0.7619
5.1424 1.2729 4.3319 0.7619
5.1424 1.2729 4.3319 0.7619
5.1424 1.2729 4.3368 0.7626
5.1424 1.2729 4.3509 0.7500
5.1424 1.2729 4.3532 0.7481
5.1424 1.2729 4.3580 0.7487
5.1424 1.2729 4.3650 0.7485
5.1424 1.2729 4.3707 0.7518
5.1424 1.2729 4.3766 0.7536
5.1424 1.2729 4.3832 0.7344
5.1424 1.2729 4.3868 0.7361
5.1424 1.2729 4.3868 0.7361
5.1424 1.2729 4.3869 0.7361
5.1424 1.2729 4.3869 0.7361
5.1424 1.2729 4.3869 0.7361
5.1424 1.2729 4.3906 0.7377
5.1424 1.2729 4.3963 0.7287
5.1424 1.2729 4.4254 0.6886
5.1424 1.2729 4.4254 0.6886
5.1424 1.2729 4.4336 0.6821
5.1424 1.2729 4.4349 0.6821
5.1424 1.2729 4.4369 0.6830
5.1424 1.2729 4.4412 0.6812
5.1424 1.2729 4.4412 0.6812
5.1424 1.2729 4.4445 0.6817
5.1424 1.2729 4.4464 0.6826
5.1424 1.2729 4.4477 0.6826
5.1424 1.2729 4.4605 0.6800
5.1424 1.2729 4.4674 0.6770
5.1700 1.2729 4.4722 0.6803
5.1700 1.2729 4.4722 0.6803
5.4826 1.2729 4.4762 0.6850
5.4826 1.2729 4.4762 0.6850
5.4826 1.2729 4.4784 0.6859
5.4826 1.2729 4.4909 0.6784
5.4826 1.2729 4.4923 0.6786
5.4826 1.2729 4.4959 0.6772
5.4826 1.2729 4.4959 0.6772
5.4826 1.2729 4.4959 0.6772
5.4826 1.2729 4.5081 0.6783
5.4826 1.2729 4.5093 0.6788
5.4826 1.2729 4.5133 0.6800
5.4826 1.2729 4.5315 0.6539
5.4826 1.2729 4.5315 0.6539
5.4826 1.2729 4.5328 0.6538
5.4826 1.2729 4.5335 0.6542
5.4826 1.2729 4.5581 0.5992
5.4826 1.2729 4.5773 0.5418
5.4826 1.2729 4.5845 0.5455
5.4826 1.2729 4.5942 0.5329
5.4826 1.2729 4.5942 0.5329
5.4826 1.2729 4.5942 0.5329
5.4826 1.2729 4.5946 0.5331
5.4826 1.2729 4.5976 0.5341
5.4826 1.2729 4.6015 0.5340
5.4826 1.2729 4.6015 0.5340
5.4826 1.2729 4.6015 0.5340
5.4826 1.2729 4.6015 0.5340
5.4826 1.2729 4.6015 0.5340
5.4826 2.5546 4.6336 0.4165
5.4826 2.5546 4.6336 0.4165
5.4826 2.5546 4.6350 0.4163
5.4826 2.5546 4.6351 0.4163
5.4826 2.5546 4.6351 0.4163
5.4826 2.5546 4.6374 0.4161
5.4826 2.5546 4.6455 0.4104
5.4826 2.5546 4.6455 0.4104
5.4826 2.5546 4.6514 0.4101
5.4826 2.5546 4.6538 0.4112
5.4826 2.5546 4.6542 0.4113
5.4826 2.5546 4.6542 0.4113
5.4826 2.5546 4.6542 0.4113
5.4826 2.5546 4.6542 0.4113
5.4826 2.5546 4.6595 0.4127
5.4826 2.5546 4.6638 0.4148
5.4826 2.5546 4.6737 0.4121
5.4826 2.5546 4.6737 0.4121
5.4826 2.5546 4.6866 0.3962
5.4826 2.5546 4.6910 0.3987
5.4826 2.5546 4.6910 0.3987
5.4826 2.5546 4.7008 0.3820
5.4826 2.5546 4.7008 0.3820
5.4826 2.5546 4.7008 0.3820
5.4826 2.5546 4.7008 0.3820
5.4826 2.5546 4.7008 0.3820
5.4826 2.5546 4.7008 0.3820
5.4826 2.5546 4.7081 0.3876
5.4826 2.5546 4.7179 0.3772
5.4826 2.5546 4.7182 0.3770
5.4826 2.5546 4.7199 0.3773
5.4826 2.5546 4.7199 0.3773
5.4826 2.5546 4.7199 0.3773
5.4826 2.5546 4.7199 0.3773
5.4826 2.5546 4.7215 0.3777
5.4826 2.5546 4.7231 0.3779
5.4826 2.5546 4.7231 0.3779
5.4826 2.5546 4.7231 0.3779
5.4826 2.5546 4.7244 0.3770
5.4826 2.5546 4.7285 0.3755
5.4826 2.5546 4.7293 0.3757
5.4826 2.5546 4.7293 0.3757
5.4826 2.5546 4.7369 0.3788
5.4826 2.5546 4.7391 0.3822
5.4826 2.5546 4.7447 0.3882
5.4826 2.5546 4.7504 0.3889
5.4826 2.5546 4.7504 0.3889
5.4826 2.5546 4.7551 0.3887
5.4826 2.5546 4.7579 0.3903
5.4826 2.5546 4.7580 0.3903
5.4826 2.5546 4.7581 0.3904
5.4826 2.5546 4.7581 0.3904
5.4826 2.5546 4.7678 0.3806
5.4826 2.5546 4.7732 0.3861
5.4826 2.5546 4.7732 0.3861
5.4826 2.5546 4.7734 0.3862
5.4826 2.5546 4.7770 0.3832
5.4826 2.5546 4.7770 0.3832
5.4826 2.5546 4.7770 0.3832
5.4826 3.5256 4.7937 0.3166
5.4826 3.5256 4.8005 0.3092
5.4826 3.5256 4.8005 0.3092
5.4826 3.5256 4.8022 0.3106
5.4826 3.5256 4.8067 0.3115
5.4826 3.5256 4.8132 0.3055
5.4826 3.5256 4.8211 0.3069
5.4826 3.5256 4.8269 0.3040
5.4826 3.5256 4.8269 0.3040
5.4826 3.5256 4.8269 0.3040
5.4826 3.5256 4.8269 0.3040
5.4826 3.5256 4.8278 0.3045
5.4826 3.5256 4.8286 0.3035
5.4826 3.5256 4.8288 0.3034
5.4826 3.5256 4.8289 0.3035
5.4826 3.5256 4.8330 0.3019
5.4826 3.5256 4.8366 0.3023
5.4826 3.5256 4.8366 0.3023
5.4826 3.5256 4.8366 0.3023
5.4826 3.5256 4.8366 0.3023
5.4826 3.5256 4.8369 0.3026
5.4826 3.5256 4.8369 0.3026
5.4826 3.5256 4.8369 0.3026
5.4826 3.5256 4.8375 0.3028
5.4826 3.5256 4.8413 0.3058
5.4826 3.5256 4.8413 0.3058
5.4826 3.5256 4.8423 0.3060
5.4826 3.5256 4.8440 0.3057
5.4826 3.5256 4.8442 0.3058
5.4826 3.5256 4.8442 0.3058
5.4826 3.5256 4.8451 0.3057
5.4826 3.5256 4.8512 0.3051
5.4826 3.5256 4.8512 0.3051
5.4826 3.5256 4.8512 0.3051
5.4826 3.5256 4.8512 0.3051
5.5806 3.5256 4.8526 0.3082
5.5806 3.5256 4.8543 0.3088
5.5806 3.5256 4.8543 0.3088
5.5806 3.5256 4.8654 0.2954
5.5806 3.5256 4.8664 0.2954
5.5806 3.5256 4.8705 0.2950
5.5806 3.5256 4.8705 0.2950
5.5806 3.5256 4.8723 0.2933
5.5806 3.5256 4.8723 0.2933
5.5806 3.5256 4.8723 0.2933
5.5806 3.5256 4.8735 0.2932
5.5806 3.5256 4.8755 0.2940
5.5806 3.5256 4.8762 0.2941
5.5806 3.5256 4.8772 0.2949
5.5806 3.5256 4.8772 0.2949
5.5806 3.5256 4.8858 0.2882
5.5806 3.5256 4.8905 0.2858
5.5806 3.5256 4.8905 0.2858
5.5806 3.5256 4.8905 0.2858
5.5806 3.5256 4.8905 0.2858
5.5806 3.5256 4.8908 0.2858
5.5806 3.5256 4.8908 0.2858
5.5806 3.5256 4.8940 0.2857
5.5806 3.5256 4.8975 0.2901
5.5806 3.5256 4.8975 0.2900
5.5806 3.5256 4.8975 0.2900
5.5806 3.5256 4.9040 0.2856
5.5806 3.5256 4.9094 0.2904
5.5806 3.5256 4.9094 0.2904
5.5806 3.5256 4.9094 0.2904
5.5806 3.5256 4.9123 0.2903
5.5806 3.5256 4.9133 0.2903
5.5806 3.5256 4.9179 0.2902
5.5806 3.5256 4.9185 0.2902
5.6557 3.5256 4.9325 0.3071
5.6557 3.5256 4.9325 0.3071
5.6557 3.5256 4.9366 0.3089
5.6557 3.5256 4.9455 0.3055
5.6557 3.5256 4.9455 0.3055
5.7776 3.5256 4.9543 0.3165
5.7776 3.5256 4.9558 0.3164
5.7776 3.5256 4.9558 0.3164
5.7776 3.5256 4.9558 0.3164
5.7776 3.5256 4.9647 0.3125
5.7776 3.5256 4.9653 0.3124
5.7776 3.5256 4.9653 0.3124
5.7776 3.5256 4.9700 0.3090
5.7776 3.5256 4.9763 0.3164
5.7776 3.5256 4.9763 0.3164
5.7776 3.5256 4.9764 0.3165
5.7776 3.5256 4.9764 0.3165
5.7776 3.5256 4.9764 0.3165
5.7776 3.5256 4.9764 0.3165
5.7776 3.5256 4.9800 0.3131
5.7776 3.5256 4.9800 0.3131
5.7776 3.5256 4.9806 0.3125
5.7776 3.5256 4.9806 0.3125
5.7776 3.5256 4.9819 0.3104
5.7776 3.5256 4.9819 0.3104
5.7776 3.5256 4.9819 0.3104
5.7776 3.5256 4.9819 0.3104
5.7776 3.5256 4.9894 0.3164
5.7776 3.5256 4.9941 0.3170
5.7776 3.5256 4.9986 0.3160
5.7776 3.5256 4.9987 0.3160
5.7776 3.5256 5.0047 0.3195
5.7776 3.5256 5.0047 0.3195
5.7776 3.5256 5.0048 0.3197
6.0302 3.5256 5.0182 0.3340
6.2838 3.5256 5.0389 0.3740
6.2838 3.5256 5.0389 0.3740
6.2838 3.5256 5.0427 0.3744
6.2838 3.5256 5.0439 0.3740
6.2838 3.5256 5.0455 0.3736
6.2838 3.5256 5.0520 0.3792
6.2838 3.5256 5.0520 0.3792
6.2838 3.5256 5.0520 0.3792
6.2838 3.5256 5.0520 0.3792
6.2838 3.5256 5.0576 0.3822
6.2838 3.5256 5.0576 0.3822
6.2838 3.5256 5.0585 0.3829
6.2838 3.5256 5.0648 0.3878
6.2838 3.5256 5.0648 0.3878
6.2838 3.5256 5.0675 0.3902
6.2838 3.5256 5.0675 0.3902
6.2838 3.5256 5.0710 0.3885
6.2838 3.5256 5.0846 0.4055
6.2838 3.5256 5.0846 0.4055
6.2838 3.5256 5.0896 0.4085
6.2838 3.5256 5.0896 0.4085
6.2838 3.5256 5.0935 0.4120
6.2838 3.5256 5.0964 0.4158
6.2838 3.5256 5.0991 0.4151
6.2838 3.5256 5.0991 0.4151
6.2838 3.5256 5.1101 0.4138
6.2838 3.5256 5.1101 0.4138
6.2838 3.5256 5.1216 0.4129
6.2838 3.5256 5.1274 0.4164
6.2838 3.5256 5.1275 0.4164
6.2838 3.5256 5.1372 0.4081
6.2838 3.5256 5.1451 0.4104
6.2838 4.3797 5.1588 0.3776
6.2838 4.3797 5.1639 0.3727
6.2838 4.3797 5.1680 0.3772
6.2838 4.3797 5.1750 0.3820
6.2838 4.3797 5.1759 0.3814
6.2838 4.3797 5.1877 0.3916
6.2838 4.3797 5.1892 0.3910
6.2838 4.3797 5.1957 0.3941
6.2838 4.3797 5.1959 0.3941
6.2838 4.3797 5.1959 0.3941
6.2838 4.3797 5.1982 0.3939
6.2838 4.3797 5.2050 0.3962
6.2838 4.3797 5.2140 0.3989
6.2838 4.3797 5.2140 0.3989
6.2838 4.3797 5.2264 0.4125
6.2838 4.3797 5.2271 0.4121
6.2838 4.3797 5.2303 0.4158
6.2838 4.3797 5.2329 0.4192
6.2838 4.3797 5.2449 0.4317
6.2838 4.3797 5.2492 0.4283
6.2838 4.3797 5.2514 0.4267
6.2838 4.3797 5.2514 0.4267
6.2838 4.3797 5.2514 0.4267
6.2838 4.3797 5.2536 0.4262
6.2838 4.3797 5.2677 0.4245
6.2838 4.3797 5.2716 0.4262
6.2838 4.3797 5.2806 0.4335
6.2838 4.3797 5.2889 0.4303
6.2838 4.3797 5.2935 0.4301
6.2838 4.3797 5.2998 0.4345
6.2838 4.3797 5.3006 0.4338
6.2838 4.3797 5.3006 0.4338
6.2838 4.3797 5.3029 0.4309
6.2838 4.3797 5.3086 0.4266
6.2838 4.3797 5.3165 0.4296
6.2838 4.3797 5.3262 0.4446
6.2838 4.3797 5.3285 0.4457
6.2838 4.3797 5.3363 0.4378
6.2838 4.3797 5.3363 0.4378
6.2838 4.3797 5.3404 0.4429
6.2838 4.3797 5.3404 0.4429
6.2838 4.3797 5.3404 0.4429
6.2838 4.3797 5.3404 0.4429
6.2838 4.3797 5.3404 0.4429
6.2838 4.3797 5.3405 0.4428
6.2838 4.3797 5.3405 0.4428
6.2838 4.3797 5.3420 0.4418
6.2838 4.3797 5.3420 0.4418
6.2838 4.3797 5.3430 0.4410
6.2838 4.3797 5.3430 0.4410
6.2838 4.3797 5.3465 0.4406
6.2838 4.3797 5.3481 0.4402
6.2838 4.3797 5.3494 0.4393
6.2838 4.3797 5.3526 0.4410
6.2838 4.5076 5.3585 0.4318
6.2838 4.5076 5.3585 0.4318
6.2838 4.5076 5.3646 0.4295
6.2838 4.5076 5.3646 0.4295
6.2838 4.5076 5.3646 0.4295
6.2838 4.5076 5.3646 0.4295
6.2838 4.5076 5.3680 0.4301
6.2838 4.5076 5.3680 0.4301
6.2838 4.5076 5.3734 0.4297
6.2838 4.5076 5.3780 0.4289
6.2838 4.5076 5.3900 0.4340
6.2838 4.5076 5.3900 0.4340
6.2838 4.5076 5.3900 0.4340
6.5017 4.5076 5.3979 0.4468
6.5017 4.5076 5.3979 0.4468
6.5017 4.5076 5.4052 0.4463
6.5017 4.5076 5.4104 0.4461
6.5017 4.5076 5.4149 0.4447
6.5017 4.5076 5.4149 0.4447
6.5017 4.5076 5.4169 0.4445
6.5017 4.5076 5.4169 0.4445
6.5017 4.5076 5.4257 0.4404
6.5017 4.5076 5.4275 0.4417
6.5017 4.5076 5.4387 0.4493
6.5017 4.5076 5.4502 0.4496
6.5017 4.5076 5.4502 0.4496
6.5017 4.5076 5.4508 0.4492
6.5017 4.5076 5.4508 0.4492
6.5017 4.5076 5.4508 0.4492
6.5180 4.5076 5.4599 0.4613
6.5180 4.5076 5.4628 0.4625
6.5180 4.5076 5.4628 0.4625
6.5180 4.5076 5.4758 0.4710
6.5180 4.5076 5.4787 0.4688
6.5180 4.5076 5.4787 0.4688
6.5180 4.5076 5.4855 0.4663
6.5180 4.5076 5.4855 0.4663
6.5180 4.7446 5.4996 0.4577
6.5180 4.7446 5.4996 0.4577
6.5180 4.7446 5.4996 0.4577
6.5180 4.7446 5.5082 0.4547
6.5180 4.7446 5.5160 0.4612
6.6242 4.7446 5.5176 0.4640
6.6242 4.7446 5.5246 0.4610
6.6242 4.7446 5.5258 0.4631
6.6242 4.7446 5.5351 0.4702
6.6242 4.7446 5.5351 0.4702
6.6242 4.7446 5.5377 0.4723
6.6242 4.7446 5.5429 0.4745
6.6242 4.7446 5.5429 0.4745
6.6242 4.7446 5.5429 0.4745
6.6242 4.7446 5.5429 0.4745
6.6242 4.7446 5.5464 0.4750
6.6242 4.7446 5.5464 0.4750
6.6242 4.8666 5.5618 0.4722
6.6242 4.8666 5.5618 0.4722
6.6329 4.8666 5.5698 0.4825
6.6329 4.8666 5.5744 0.4797
6.6329 4.8666 5.5758 0.4798
6.6329 4.8666 5.5819 0.4849
6.6329 4.8666 5.5819 0.4849
6.6329 4.8666 5.5858 0.4839
6.6329 4.8666 5.5883 0.4855
6.6329 4.8666 5.5883 0.4855
6.6329 4.8666 5.5883 0.4855
6.6329 4.8666 5.5883 0.4855
6.6329 4.8666 5.5889 0.4859
6.6329 4.8666 5.5928 0.4849
6.6329 4.8666 5.6053 0.4927
6.6329 4.8706 5.6123 0.4871
6.6329 4.8706 5.6215 0.4873
6.6329 4.8706 5.6237 0.4852
6.6329 4.8706 5.6237 0.4852
6.6329 4.8706 5.6275 0.4889
6.6329 4.8706 5.6371 0.4866
6.6329 4.8706 5.6371 0.4866
6.6329 4.8706 5.6403 0.4886
6.6329 4.8706 5.6403 0.4886
6.6329 4.8706 5.6436 0.4916
6.6329 4.8706 5.6436 0.4916
6.6329 4.8706 5.6436 0.4916
6.6329 4.8706 5.6436 0.4916
6.6329 4.8706 5.6436 0.4916
6.6329 4.8706 5.6515 0.4861
6.6329 4.8706 5.6528 0.4862
6.6329 4.8706 5.6594 0.4829
6.6329 4.8706 5.6594 0.4829
6.6329 4.8706 5.6611 0.4847
6.6329 4.8706 5.6705 0.4810
6.6329 4.8706 5.6707 0.4811
6.6329 4.8706 5.6707 0.4811
6.6329 4.8706 5.6784 0.4903
6.6329 4.8706 5.6820 0.4903
6.6329 4.8706 5.6979 0.5006
6.6329 4.8706 5.6991 0.5018
6.6329 4.8706 5.7006 0.5023
6.6329 4.8706 5.7007 0.5021
6.6329 4.8706 5.7074 0.4969
6.6329 4.8706 5.7206 0.4976
6.6329 4.8706 5.7206 0.4976
6.6329 4.8706 5.7286 0.5048
7.2347 4.8706 5.7443 0.5265
7.2347 4.8706 5.7564 0.5248
7.2347 4.8706 5.7637 0.5268
7.2347 4.8706 5.7637 0.5268
7.2347 4.8706 5.7637 0.5268
7.2347 4.8706 5.7698 0.5219
7.2347 4.8706 5.7717 0.5223
7.2347 4.8706 5.7717 0.5223
7.2347 4.8706 5.7717 0.5223
7.2347 4.8706 5.7739 0.5197
7.2347 4.8706 5.7811 0.5230
7.2347 4.8706 5.7986 0.5229
7.2347 4.8706 5.8078 0.5281
7.2347 4.8706 5.8078 0.5281
7.2347 4.8706 5.8173 0.5229
7.2347 4.8706 5.8173 0.5229
7.2347 4.8706 5.8233 0.5183
7.2347 4.8706 5.8276 0.5217
7.2347 4.8706 5.8360 0.5223
7.2347 4.8706 5.8360 0.5223
7.2347 4.8706 5.8454 0.5165
7.2347 4.8706 5.8607 0.5184
7.2347 4.8706 5.8613 0.5185
7.2347 4.8706 5.8682 0.5215
7.2347 4.8706 5.8682 0.5215
7.2347 4.8706 5.8682 0.5215
7.2347 4.8706 5.8822 0.5212
7.2347 4.8706 5.8822 0.5212
7.2347 4.8706 5.8822 0.5212
7.2347 4.8706 5.8822 0.5212
7.2347 4.8706 5.8822 0.5212
7.2347 4.8706 5.8822 0.5212
7.2347 4.8706 5.8872 0.5276
7.2347 4.8706 5.9011 0.5339
7.2347 4.8706 5.9112 0.5245
7.2347 4.8706 5.9120 0.5255
7.2347 4.8706 5.9147 0.5268
7.2347 4.8706 5.9303 0.5189
7.2347 4.8706 5.9352 0.5175
7.2347 4.8706 5.9352 0.5175
7.2347 4.8706 5.9352 0.5175
7.2347 4.8706 5.9411 0.5132
7.2347 4.8706 5.9411 0.5132
7.2347 4.8706 5.9540 0.5123
7.2347 4.8706 5.9610 0.5157
7.2347 4.8706 5.9676 0.5109
7.2347 4.8706 5.9771 0.5008
7.2347 4.8706 5.9792 0.5004
7.2347 4.8706 5.9902 0.4887
7.2347 4.8706 5.9941 0.4813
7.2347 4.8706 6.0004 0.4729
7.2347 4.8706 6.0004 0.4729
7.2347 4.8706 6.0082 0.4777
7.2730 4.8706 6.0167 0.4923
7.2730 4.8706 6.0171 0.4929
7.2899 4.8706 6.0173 0.4933
7.2899 4.8706 6.0178 0.4933
7.2899 4.8706 6.0178 0.4933
7.2899 4.8706 6.0298 0.4850
7.2899 4.8706 6.0354 0.4885
7.2899 4.8706 6.0477 0.4789
7.2899 4.8706 6.0478 0.4788
7.2899 4.8706 6.0493 0.4785
7.2899 4.8706 6.0601 0.4662
7.2899 4.8706 6.0601 0.4662
7.2899 4.8706 6.0601 0.4662
7.2899 4.8706 6.0633 0.4686
7.2899 4.8706 6.0725 0.4708
7.2899 4.8706 6.0752 0.4712
7.2899 4.8706 6.0838 0.4705
7.2899 4.8706 6.0883 0.4713
7.2899 4.8706 6.0962 0.4640
7.2899 4.8706 6.0986 0.4623
7.2899 4.8706 6.1069 0.4652
7.2899 4.8706 6.1104 0.4679
7.2899 4.9597 6.1191 0.4527
7.2899 4.9597 6.1270 0.4450
7.2899 4.9597 6.1292 0.4432
7.2899 4.9597 6.1374 0.4445
7.2899 4.9597 6.1374 0.4445
7.2899 4.9597 6.1374 0.4445
7.2899 4.9597 6.1432 0.4462
7.2899 4.9597 6.1523 0.4456
7.2899 4.9597 6.1595 0.4418
7.2899 4.9597 6.1595 0.4418
7.2899 4.9597 6.1595 0.4418
7.2899 4.9597 6.1677 0.4399
7.2899 4.9597 6.1683 0.4405
7.2899 4.9597 6.1749 0.4422
7.2899 4.9597 6.1847 0.4414
7.2899 4.9597 6.1875 0.4429
7.2899 4.9597 6.1875 0.4429
7.2899 4.9597 6.1875 0.4429
7.2899 4.9597 6.1885 0.4420
7.2899 4.9597 6.1906 0.4443
7.2899 4.9597 6.1975 0.4462
7.2899 4.9597 6.2093 0.4460
7.2899 4.9597 6.2113 0.4467
7.2899 4.9597 6.2113 0.4467
7.2899 4.9597 6.2165 0.4459
7.2899 4.9597 6.2165 0.4459
7.2899 4.9597 6.2230 0.4477
7.2899 4.9597 6.2232 0.4477
7.2899 4.9597 6.2267 0.4496
7.2899 4.9597 6.2279 0.4503
7.2899 4.9597 6.2279 0.4503
7.2899 4.9597 6.2291 0.4490
7.2899 4.9597 6.2298 0.4485
7.2899 4.9597 6.2298 0.4485
7.2899 4.9597 6.2438 0.4574
7.2899 4.9597 6.2530 0.4547
7.2899 4.9597 6.2530 0.4547
7.2899 4.9597 6.2591 0.4511
7.2899 4.9597 6.2591 0.4511
7.2899 4.9597 6.2591 0.4511
7.2899 4.9597 6.2628 0.4477
7.2899 4.9597 6.2677 0.4478
7.2899 4.9597 6.2808 0.4373
7.2899 4.9597 6.2809 0.4374
7.2899 4.9597 6.2840 0.4385
7.2899 4.9597 6.2840 0.4385
7.2899 4.9597 6.2840 0.4385
7.2899 4.9597 6.2857 0.4380
7.2899 4.9597 6.2857 0.4380
7.2899 4.9597 6.2885 0.4365
7.2899 4.9597 6.2889 0.4365
7.2899 4.9597 6.3006 0.4451
7.2899 4.9597 6.3006 0.4451
7.2899 4.9597 6.3068 0.4459
7.2899 4.9597 6.3077 0.4465
7.2899 4.9597 6.3112 0.4477
7.2899 4.9597 6.3112 0.4477
7.2899 4.9597 6.3167 0.4476
7.2899 4.9597 6.3222 0.4551
7.2899 4.9597 6.3245 0.4555
7.2899 4.9597 6.3269 0.4571
7.2899 4.9597 6.3269 0.4571
7.2899 4.9597 6.3299 0.4577
7.2899 4.9597 6.3309 0.4586
7.2899 4.9728 6.3377 0.4429
7.2899 4.9728 6.3425 0.4426
7.2899 4.9728 6.3439 0.4434
7.2899 5.0484 6.3545 0.4227
7.2899 5.0484 6.3545 0.4227
7.2899 5.0484 6.3600 0.4217
7.2899 5.0484 6.3610 0.4223
7.2899 5.0484 6.3657 0.4184
7.2899 5.0484 6.3657 0.4184
7.2899 5.0484 6.3703 0.4164
7.2899 5.0484 6.3724 0.4179
7.2899 5.0484 6.3759 0.4156
7.2899 5.0484 6.3771 0.4164
7.2899 5.0484 6.3772 0.4164
7.2899 5.0484 6.3826 0.4182
7.2899 5.0484 6.3883 0.4254
7.2899 5.0484 6.4013 0.4302
7.2899 5.0484 6.4015 0.4303
7.2899 5.0484 6.4035 0.4317
7.2899 5.0484 6.4063 0.4307
7.2899 5.0484 6.4163 0.4330
7.2899 5.0484 6.4163 0.4330
7.2899 5.0484 6.4267 0.4241
7.2899 5.0484 6.4267 0.4241
7.2899 5.0484 6.4306 0.4270
7.2899 5.0484 6.4306 0.4270
7.2899 5.2652 6.4330 0.4198
7.2899 5.2652 6.4335 0.4200
7.2899 5.2652 6.4375 0.4180
7.2899 5.2652 6.4378 0.4182
7.2899 5.2652 6.4378 0.4182
7.2899 5.2652 6.4380 0.4183
7.2899 5.2652 6.4383 0.4184
7.2899 5.2652 6.4439 0.4248
7.3947 5.2652 6.4576 0.4331
7.3947 5.2652 6.4581 0.4340
7.3947 5.2652 6.4649 0.4321
7.3947 5.2652 6.4699 0.4329
7.3947 5.2652 6.4842 0.4170
7.3947 5.2652 6.4886 0.4185
7.3947 5.2652 6.4949 0.4245
7.3947 5.2652 6.5018 0.4211
7.3947 5.2652 6.5034 0.4220
7.3947 5.2652 6.5034 0.4220
7.3947 5.2652 6.5126 0.4272
7.3947 5.2652 6.5126 0.4272
7.3947 5.2652 6.5126 0.4272
7.3947 5.2652 6.5138 0.4271
7.3947 5.2652 6.5179 0.4217
7.3947 5.2652 6.5179 0.4217
7.3947 5.2652 6.5233 0.4216
7.3947 5.2652 6.5245 0.4217
7.3947 5.2652 6.5275 0.4210
7.3947 5.2652 6.5365 0.4254
7.3947 5.2652 6.5506 0.4059
7.3947 5.2652 6.5510 0.4067
7.3947 5.2652 6.5526 0.4087
7.3947 5.2652 6.5526 0.4087
7.3947 5.2652 6.5624 0.3987
7.3947 5.2652 6.5624 0.3987
7.3947 5.2652 6.5639 0.3970
7.3947 5.2652 6.5639 0.3970
7.3947 5.2652 6.5639 0.3970
7.5532 5.2652 6.5715 0.4084
7.5532 5.2652 6.5764 0.4068
7.5532 5.2652 6.5766 0.4071
7.5532 5.2652 6.5766 0.4071
7.5532 5.2652 6.5807 0.4081
7.5532 5.2652 6.5834 0.4052
7.5532 5.2652 6.5852 0.4047
7.5532 5.2652 6.5868 0.4046
7.5532 5.2652 6.5868 0.4046
7.5532 5.2652 6.5916 0.4026
7.5532 5.2652 6.5916 0.4026
7.5532 5.2652 6.5933 0.4032
7.5532 5.2652 6.5933 0.4032
7.5532 5.2652 6.5986 0.3959
7.5532 5.2652 6.5989 0.3959
7.5532 5.2652 6.5991 0.3955
7.5532 5.2652 6.5995 0.3954
7.5532 5.2652 6.6018 0.3959
7.5532 5.2652 6.6025 0.3955
7.5532 5.2652 6.6025 0.3955
7.5532 5.2652 6.6059 0.3952
7.5532 5.2652 6.6059 0.3952
7.5532 5.2652 6.6118 0.3941
7.5532 5.2652 6.6158 0.3984
7.5532 5.2652 6.6210 0.3972
7.5532 5.2652 6.6231 0.3974
7.6401 5.2652 6.6239 0.3996
7.6401 5.2652 6.6250 0.3998
7.6401 5.2652 6.6259 0.3997
7.6401 5.2652 6.6259 0.3997
7.6401 5.2652 6.6259 0.3997
7.6401 5.2652 6.6272 0.3988
7.6401 5.2652 6.6376 0.3875
7.6401 5.2652 6.6376 0.3875
7.6401 5.2652 6.6421 0.3912
7.6401 5.2652 6.6439 0.3916
7.6401 5.2652 6.6439 0.3916
7.6401 5.2652 6.6442 0.3920
7.6401 5.2652 6.6448 0.3919
7.6401 5.2652 6.6576 0.4005
7.6401 5.2652 6.6598 0.4017
7.6401 5.2652 6.6637 0.4007
7.6401 5.2652 6.6639 0.4007
7.6401 5.2652 6.6639 0.4007
7.6401 5.2652 6.6656 0.3994
7.6401 5.2652 6.6716 0.3975
7.6401 5.2652 6.6726 0.3977
7.6401 5.2652 6.6813 0.4016
7.6401 5.2652 6.6813 0.4016
7.6401 5.2652 6.6813 0.4016
7.6401 5.2652 6.6818 0.4015
7.6401 5.2652 6.6838 0.4010
7.6401 5.2652 6.6855 0.4012
7.6401 5.2652 6.6869 0.4010
7.6401 5.2652 6.6883 0.4010
7.6401 5.2652 6.6945 0.4057
7.6401 5.2652 6.6955 0.4058
7.6401 5.2652 6.6956 0.4058
7.6401 5.2652 6.6970 0.4078
7.6401 5.2652 6.6987 0.4078
7.6401 5.2652 6.6987 0.4078
7.6401 5.2652 6.7047 0.4136
7.6401 5.2652 6.7062 0.4159
7.6401 5.2652 6.7062 0.4159
7.6401 5.2652 6.7097 0.4151
7.6401 5.2652 6.7201 0.4242
7.6401 5.2652 6.7201 0.4242
7.6401 5.2652 6.7201 0.4242
7.6401 5.2652 6.7258 0.4268
7.6401 5.2652 6.7304 0.4195
7.6401 5.2652 6.7314 0.4192
7.6401 5.2652 6.7314 0.4192
7.6401 5.2652 6.7314 0.4192
7.6401 5.2652 6.7353 0.4194
7.6401 5.2652 6.7357 0.4192
7.6401 5.2652 6.7461 0.4047
7.6401 5.2652 6.7534 0.4005
7.6401 5.2652 6.7680 0.4098
7.6401 5.2652 6.7718 0.4119
7.6401 5.2652 6.7718 0.4119
7.6401 5.2652 6.7720 0.4119
7.6401 5.2652 6.7720 0.4119
7.6401 5.2652 6.7793 0.4036
7.6401 5.2652 6.7793 0.4036
7.6401 5.2652 6.7799 0.4037
7.6401 5.2652 6.7803 0.4037
7.6401 5.2652 6.7879 0.4109
7.6401 5.2652 6.7879 0.4109
7.6401 5.2652 6.7879 0.4109
7.6401 5.2652 6.7879 0.4109
7.6401 5.2652 6.7886 0.4107
7.6401 5.2652 6.7886 0.4107
7.6401 5.2652 6.7974 0.4048
7.6401 5.2652 6.7974 0.4048
7.6401 5.2652 6.8024 0.4034
7.6401 5.2652 6.8042 0.4031
7.6401 5.2652 6.8103 0.4072
7.6401 5.2652 6.8160 0.4092
7.6401 5.2652 6.8160 0.4092
7.6401 5.2652 6.8160 0.4092
7.6401 5.2652 6.8160 0.4092
7.6401 5.2652 6.8201 0.4148
7.6401 5.2652 6.8217 0.4174
7.6401 5.2652 6.8217 0.4174
7.6401 5.2652 6.8221 0.4173
7.6401 5.2652 6.8221 0.4173
7.6401 5.2652 6.8268 0.4183
7.6401 5.2652 6.8268 0.4183
7.6401 5.2652 6.8268 0.4183
7.6401 5.2652 6.8286 0.4185
7.6401 5.2652 6.8294 0.4183
7.6401 5.2652 6.8294 0.4183
7.6401 5.2652 6.8378 0.4243
7.6401 5.2652 6.8378 0.4243
7.6401 5.2652 6.8390 0.4255
7.6401 5.2652 6.8437 0.4263
7.6401 5.2652 6.8499 0.4278
7.6401 5.2652 6.8499 0.4278
7.6401 5.2652 6.8561 0.4302
7.6401 5.2652 6.8561 0.4302
7.6401 5.2652 6.8562 0.4303
7.6401 5.2652 6.8562 0.4303
7.6401 5.2652 6.8562 0.4303
7.6401 5.2652 6.8616 0.4313
7.6401 5.2652 6.8698 0.4378
7.6401 5.2652 6.8707 0.4378
7.6401 5.2652 6.8710 0.4378
7.6401 5.2652 6.8752 0.4392
7.6401 5.2652 6.8820 0.4323
7.6401 5.2652 6.8864 0.4336
7.6401 5.2652 6.8873 0.4332
7.6401 5.2652 6.8873 0.4332
7.6401 5.2652 6.8961 0.4364
7.6401 5.2652 6.8977 0.4385
7.6401 5.2652 6.9053 0.4391
7.6401 5.2652 6.9053 0.4391
7.6401 5.2652 6.9159 0.4440
7.6401 5.8014 6.9372 0.4144
7.6401 5.8014 6.9499 0.4020
7.6401 5.8014 6.9560 0.3929
7.6401 5.8014 6.9565 0.3938
7.6401 5.8014 6.9565 0.3938
7.6401 5.8014 6.9568 0.3940
7.6401 5.8014 6.9595 0.3965
7.6401 5.8014 6.9640 0.3970
7.6401 5.8014 6.9640 0.3970
7.6401 5.8014 6.9690 0.3979
7.6401 5.8014 6.9690 0.3979
7.6401 5.8014 6.9691 0.3979
7.6401 5.8014 6.9724 0.3968
7.6401 5.8014 6.9724 0.3968
7.6401 5.8014 6.9724 0.3968
7.6401 5.8014 6.9760 0.4008
7.6401 5.8014 6.9760 0.4008
7.6777 5.8014 6.9763 0.4015
7.6777 5.8014 6.9763 0.4015
7.6777 5.8014 6.9763 0.4015
7.6777 5.8014 6.9763 0.4015
7.6777 5.8014 6.9764 0.4015
7.6777 5.8014 6.9764 0.4015
7.6777 5.8014 6.9764 0.4015
7.6777 5.8014 6.9811 0.3961
7.6777 5.8014 6.9822 0.3960
7.6777 5.8014 6.9885 0.3962
7.6777 5.8014 6.9902 0.3948
7.6777 5.8014 6.9939 0.3880
7.6777 5.8014 6.9962 0.3885
7.7014 5.8014 7.0012 0.3943
7.7014 5.8014 7.0087 0.3978
7.7014 5.8014 7.0134 0.3980
7.7014 5.8014 7.0137 0.3978
7.7014 5.8014 7.0143 0.3981
7.7014 5.8014 7.0147 0.3979
7.7014 5.8014 7.0147 0.3979
7.7014 5.8014 7.0147 0.3979
7.7014 5.8014 7.0166 0.3966
7.7014 5.8014 7.0166 0.3966
7.7014 5.8014 7.0166 0.3966
7.7014 5.8014 7.0213 0.3958
7.7014 5.8014 7.0261 0.3984
7.7014 5.8014 7.0269 0.3978
7.7014 5.8014 7.0323 0.3976
7.7014 5.8014 7.0378 0.3959
7.7014 5.8014 7.0387 0.3969
7.7014 5.8014 7.0387 0.3969
7.7014 5.8014 7.0404 0.3977
7.7014 5.8014 7.0482 0.3940
7.7014 5.8014 7.0482 0.3940
7.7014 5.8014 7.0487 0.3942
7.7014 5.8014 7.0541 0.3965
7.7014 5.8014 7.0561 0.3980
7.7014 5.8014 7.0561 0.3980
7.7014 5.8014 7.0568 0.3984
7.7014 5.8014 7.0582 0.3991
7.7014 5.8014 7.0587 0.3987
7.7179 5.8014 7.0595 0.3999
7.7179 5.8014 7.0688 0.3953
7.7179 5.8014 7.0689 0.3952
7.7179 5.8014 7.0749 0.3979
7.7179 5.8014 7.0831 0.4002
7.7179 5.8014 7.0839 0.3995
7.7179 5.8014 7.0839 0.3995
7.7179 5.8014 7.0845 0.3992
7.7179 5.8014 7.0845 0.3991
7.7179 5.8014 7.0855 0.3986
7.7179 5.8014 7.0903 0.3985
7.7179 5.8014 7.0970 0.3986
7.7179 5.8014 7.0999 0.3978
7.7179 5.8014 7.1021 0.3977
7.7179 5.8014 7.1021 0.3977
7.7179 5.8014 7.1110 0.3976
7.7179 5.8014 7.1110 0.3976
7.7179 5.8014 7.1112 0.3970
7.7179 5.8014 7.1153 0.3942
7.7179 5.8014 7.1153 0.3942
7.7179 5.8014 7.1258 0.3858
7.7179 5.8014 7.1259 0.3858
7.7179 5.8014 7.1295 0.3806
7.7179 5.8014 7.1301 0.3809
7.7179 5.8014 7.1301 0.3809
7.7179 5.8014 7.1325 0.3819
7.7179 5.8014 7.1325 0.3819
7.7179 5.8014 7.1335 0.3832
7.7179 5.8014 7.1393 0.3818
7.7179 5.8014 7.1489 0.3813
7.7179 5.8014 7.1605 0.3770
7.7179 5.8014 7.1605 0.3770
7.7179 5.8014 7.1605 0.3770
7.7179 5.8014 7.1613 0.3773
7.7179 5.8014 7.1653 0.3795
7.7179 5.8014 7.1669 0.3805
7.7179 5.8014 7.1669 0.3805
7.7179 5.8014 7.1669 0.3805
7.7179 5.8014 7.1670 0.3804
7.7179 5.8014 7.1691 0.3816
7.7179 5.8014 7.1718 0.3837
7.7179 5.8014 7.1721 0.3833
7.7179 5.8014 7.1727 0.3836
7.7179 5.8014 7.1765 0.3859
7.7179 5.8014 7.1828 0.3827
7.7179 5.8014 7.1828 0.3827
7.7179 5.8014 7.1828 0.3827
7.7179 5.8014 7.1905 0.3828
7.7179 5.8014 7.1922 0.3837
7.7179 5.8014 7.1935 0.3842
7.7179 5.8014 7.1945 0.3848
7.7179 5.8014 7.1945 0.3848
7.7179 5.8014 7.1945 0.3848
7.7179 5.8014 7.1946 0.3847
7.7179 5.8014 7.1946 0.3847
7.7179 5.8014 7.2044 0.3743
7.7179 5.8014 7.2065 0.3759
7.7179 5.8014 7.2096 0.3748
7.7179 5.8014 7.2096 0.3748
7.7179 5.8014 7.2096 0.3748
7.7179 5.8014 7.2133 0.3729
7.7179 5.8014 7.2165 0.3745
7.7179 5.8014 7.2179 0.3748
7.7179 5.8014 7.2181 0.3749
7.7179 5.8014 7.2182 0.3749
7.7179 5.8014 7.2192 0.3758
7.7179 5.8014 7.2198 0.3763
7.7179 5.8014 7.2258 0.3767
7.7179 5.8014 7.2264 0.3772
7.7179 5.8014 7.2303 0.3745
7.7179 5.8014 7.2303 0.3745
7.7179 5.8014 7.2325 0.3767
7.7179 5.8014 7.2325 0.3767
7.7179 5.8014 7.2332 0.3760
7.7479 5.8014 7.2367 0.3791
7.7479 5.8014 7.2367 0.3791
7.7479 5.8014 7.2375 0.3798
7.7479 5.8014 7.2402 0.3764
7.7479 5.8014 7.2472 0.3762
7.7479 5.8014 7.2472 0.3762
7.7479 5.8014 7.2472 0.3762
7.7479 5.8014 7.2492 0.3765
7.7479 5.8014 7.2492 0.3765
7.7479 5.8014 7.2504 0.3778
7.7479 5.8014 7.2573 0.3768
7.7479 5.8014 7.2590 0.3773
7.7479 5.8014 7.2591 0.3773
7.7479 5.8014 7.2591 0.3773
7.7479 5.8014 7.2653 0.3620
7.7479 5.8014 7.2673 0.3622
7.7479 5.8014 7.2683 0.3620
7.7479 5.8014 7.2688 0.3624
7.7479 5.8014 7.2760 0.3607
7.7479 5.8014 7.2779 0.3623
7.7479 5.8014 7.2791 0.3634
7.7479 5.8014 7.2824 0.3653
7.7479 5.8014 7.2824 0.3653
7.7479 5.8014 7.2875 0.3622
7.7479 5.8014 7.2879 0.3626
7.7479 5.8014 7.2879 0.3626
7.7479 5.8014 7.2948 0.3618
7.7479 5.8014 7.2948 0.3618
7.7479 6.2838 7.3044 0.3337
7.7479 6.2838 7.3055 0.3342
7.7479 6.2838 7.3055 0.3342
7.7479 6.2838 7.3055 0.3342
7.7479 6.2838 7.3055 0.3342
7.7479 6.2838 7.3150 0.3319
7.7479 6.2838 7.3169 0.3337
7.7479 6.2838 7.3198 0.3354
7.7479 6.2838 7.3198 0.3354
7.7479 6.2838 7.3228 0.3362
7.7479 6.2838 7.3229 0.3363
7.7479 6.2838 7.3309 0.3320
7.7479 6.2838 7.3349 0.3326
7.7479 6.2838 7.3350 0.3325
7.7479 6.2838 7.3415 0.3325
7.7479 6.2838 7.3415 0.3325
7.7479 6.2838 7.3442 0.3333
7.7479 6.2838 7.3442 0.3333
7.7479 6.2838 7.3442 0.3333
7.7479 6.2838 7.3452 0.3337
7.7479 6.2838 7.3452 0.3337
7.7479 6.2838 7.3452 0.3337
7.7479 6.2838 7.3452 0.3337
7.7479 6.2838 7.3453 0.3339
7.7479 6.2838 7.3480 0.3326
7.7479 6.2838 7.3482 0.3328
7.7479 6.2838 7.3496 0.3339
7.7479 6.2838 7.3496 0.3339
7.8820 6.2838 7.3559 0.3409
7.8820 6.2838 7.3578 0.3413
7.8820 6.2838 7.3690 0.3379
7.8820 6.2838 7.3704 0.3386
7.8820 6.2838 7.3717 0.3365
7.8820 6.2838 7.3773 0.3374
7.8820 6.2838 7.3796 0.3371
7.8820 6.2838 7.3796 0.3371
7.8820 6.5588 7.3922 0.3190
7.8820 6.5588 7.3923 0.3191
7.8820 6.5588 7.3952 0.3193
7.8820 6.5588 7.3967 0.3202
7.8820 6.5588 7.3967 0.3202
7.8820 6.5588 7.3968 0.3202
7.8820 6.5588 7.3984 0.3203
7.8820 6.5588 7.4073 0.3151
7.8820 6.5588 7.4073 0.3151
7.8820 6.5588 7.4108 0.3162
7.8820 6.5588 7.4109 0.3161
7.8820 6.5588 7.4109 0.3161
7.8975 6.5588 7.4173 0.3194
7.8975 6.5588 7.4173 0.3194
7.8975 6.5588 7.4214 0.3223
7.8975 6.5588 7.4214 0.3223
7.8975 6.5588 7.4214 0.3223
7.8975 6.5588 7.4229 0.3226
7.8975 6.5588 7.4229 0.3226
7.8975 6.5588 7.4240 0.3230
7.8975 6.5588 7.4249 0.3214
7.8975 6.5588 7.4276 0.3159
7.8975 6.5588 7.4276 0.3159
7.8975 6.5588 7.4319 0.3175
7.8975 6.5588 7.4320 0.3177
7.8975 6.5588 7.4335 0.3186
7.8975 6.5588 7.4337 0.3189
7.8975 6.5588 7.4340 0.3191
7.8975 6.5588 7.4340 0.3191
7.8975 6.5588 7.4427 0.3143
7.8975 6.5588 7.4448 0.3147
7.8975 6.5588 7.4462 0.3152
7.8975 6.5588 7.4462 0.3152
7.8975 6.5588 7.4502 0.3147
7.8975 6.5588 7.4502 0.3147
7.8975 6.5588 7.4593 0.3092
7.8975 6.5588 7.4691 0.2986
7.8975 6.5588 7.4694 0.2989
7.8975 6.5588 7.4697 0.2990
7.8975 6.5588 7.4702 0.2992
7.8975 6.5588 7.4702 0.2992
7.8975 6.5588 7.4702 0.2992
7.8975 6.5588 7.4711 0.2996
7.8975 6.5588 7.4768 0.2911
7.8975 6.5588 7.4778 0.2912
7.8975 6.5588 7.4778 0.2912
7.8975 6.5588 7.4785 0.2915
7.8975 6.5588 7.4795 0.2919
7.8975 6.5588 7.4795 0.2919
7.8975 6.5588 7.4795 0.2919
7.8975 6.5588 7.4815 0.2934
7.8975 6.5588 7.4822 0.2937
7.8975 6.5588 7.4926 0.2826
7.8975 6.5588 7.4926 0.2826
7.8975 6.5588 7.4929 0.2829
7.8975 6.5588 7.4929 0.2829
7.8975 6.5588 7.4943 0.2836
7.8975 6.5588 7.4952 0.2840
7.8975 6.5588 7.4969 0.2841
7.8975 6.5588 7.4970 0.2841
7.8975 6.5588 7.4999 0.2837
7.8975 6.5588 7.5011 0.2840
7.9019 6.5588 7.5030 0.2859
7.9019 6.5588 7.5030 0.2859
7.9019 6.5588 7.5035 0.2862
7.9019 6.5588 7.5035 0.2862
7.9019 6.5588 7.5044 0.2867
7.9019 6.5588 7.5044 0.2867
7.9019 6.5588 7.5055 0.2873
7.9019 6.5588 7.5055 0.2873
7.9019 6.5588 7.5071 0.2874
7.9019 6.5588 7.5076 0.2878
7.9019 6.5588 7.5089 0.2884
7.9019 6.5588 7.5118 0.2879
7.9019 6.5588 7.5118 0.2879
7.9019 6.5588 7.5118 0.2879
7.9019 6.5588 7.5118 0.2879
7.9019 6.5588 7.5139 0.2900
7.9019 6.5588 7.5149 0.2904
7.9019 6.5588 7.5149 0.2904
7.9019 6.5588 7.5149 0.2904
7.9019 6.5588 7.5149 0.2904
7.9019 6.5588 7.5149 0.2904
7.9019 6.5588 7.5149 0.2904
7.9019 6.5588 7.5149 0.2904
7.9019 6.5588 7.5189 0.2846
7.9019 6.5588 7.5229 0.2833
7.9019 6.5588 7.5229 0.2833
7.9019 6.5588 7.5231 0.2833
7.9019 6.5588 7.5232 0.2833
7.9019 6.5588 7.5238 0.2836
7.9019 6.5588 7.5243 0.2837
7.9019 6.5588 7.5308 0.2839
7.9019 6.5588 7.5349 0.2834
7.9019 6.5588 7.5349 0.2834
7.9019 6.5588 7.5356 0.2835
7.9019 6.5588 7.5357 0.2835
7.9019 6.5588 7.5383 0.2834
7.9019 6.5588 7.5394 0.2839
7.9019 6.5588 7.5419 0.2831
7.9019 6.5588 7.5436 0.2836
7.9019 6.5588 7.5441 0.2839
7.9055 6.5588 7.5446 0.2844
7.9055 6.5588 7.5447 0.2845
7.9055 6.5588 7.5455 0.2854
7.9055 6.5588 7.5466 0.2856
7.9055 6.5588 7.5495 0.2847
7.9055 6.5588 7.5495 0.2847
7.9055 6.5588 7.5495 0.2847
7.9055 6.5588 7.5495 0.2847
7.9055 6.5588 7.5550 0.2763
7.9055 6.5588 7.5550 0.2763
7.9055 6.5588 7.5628 0.2681
7.9055 6.5588 7.5640 0.2688
7.9055 6.5588 7.5664 0.2667
7.9055 6.5588 7.5664 0.2667
7.9055 6.5588 7.5675 0.2671
7.9055 6.5588 7.5683 0.2675
7.9055 6.5588 7.5683 0.2675
7.9055 6.5588 7.5759 0.2573
7.9055 6.5588 7.5759 0.2573
7.9055 6.5588 7.5760 0.2573
7.9055 6.5588 7.5767 0.2575
7.9055 6.5588 7.5785 0.2562
7.9055 6.5588 7.5858 0.2465
7.9055 6.5588 7.5906 0.2382
7.9055 6.5588 7.5906 0.2382
7.9055 6.5588 7.5909 0.2383
7.9055 6.5588 7.5923 0.2384
7.9692 6.5588 7.6050 0.2237
7.9692 6.5588 7.6050 0.2237
7.9692 6.5588 7.6059 0.2238
7.9692 6.5588 7.6069 0.2240
7.9692 6.5588 7.6069 0.2240
7.9692 6.5588 7.6145 0.2136
7.9692 6.5588 7.6145 0.2136
7.9692 6.5588 7.6164 0.2153
7.9692 6.5588 7.6164 0.2153
7.9692 6.5588 7.6165 0.2154
7.9692 6.5588 7.6177 0.2153
7.9692 6.5588 7.6288 0.1930
7.9692 6.9528 7.6382 0.1609
7.9692 6.9528 7.6382 0.1609
7.9692 6.9528 7.6407 0.1627
7.9692 6.9528 7.6407 0.1627
8.0261 6.9528 7.6450 0.1671
8.0261 6.9528 7.6450 0.1671
8.0261 6.9528 7.6450 0.1671
8.0261 6.9528 7.6479 0.1699
8.0261 6.9528 7.6490 0.1703
8.0261 6.9528 7.6490 0.1703
8.0261 6.9528 7.6490 0.1703
8.0261 6.9528 7.6504 0.1704
8.0261 6.9528 7.6504 0.1704
8.0261 6.9528 7.6519 0.1707
8.0261 6.9528 7.6519 0.1707
8.0261 6.9528 7.6519 0.1707
8.0261 6.9528 7.6527 0.1705
8.0261 6.9528 7.6530 0.1705
8.0261 6.9528 7.6530 0.1705
8.0261 6.9528 7.6535 0.1708
8.0261 6.9528 7.6565 0.1691
8.0261 6.9528 7.6566 0.1694
8.0261 6.9528 7.6598 0.1704
8.0261 6.9528 7.6602 0.1703
8.0261 6.9528 7.6612 0.1703
8.0261 6.9528 7.6654 0.1676
8.0261 6.9528 7.6669 0.1681
8.0261 6.9528 7.6687 0.1698
8.0261 6.9528 7.6687 0.1698
8.0261 6.9528 7.6706 0.1713
8.0261 6.9528 7.6706 0.1713
8.0261 6.9528 7.6706 0.1713
8.0261 6.9528 7.6733 0.1706
8.0261 6.9528 7.6733 0.1706
8.0261 6.9528 7.6733 0.1706
8.0261 6.9528 7.6743 0.1698
8.0261 6.9528 7.6743 0.1698
8.0261 6.9528 7.6751 0.1701
8.0261 6.9528 7.6755 0.1707
8.0261 6.9528 7.6755 0.1707
8.0261 6.9528 7.6795 0.1710
8.0261 6.9528 7.6795 0.1710
8.0261 6.9528 7.6807 0.1708
8.0261 6.9528 7.6829 0.1709
8.0261 6.9528 7.6839 0.1724
8.0261 6.9528 7.6840 0.1724
8.0401 6.9528 7.6872 0.1760
8.0401 6.9528 7.6872 0.1760
8.0401 6.9528 7.6872 0.1760
8.0401 6.9528 7.6877 0.1758
8.0401 6.9528 7.6877 0.1758
8.0401 6.9528 7.6904 0.1789
8.0401 6.9528 7.6949 0.1729
8.0401 6.9528 7.6950 0.1729
8.0401 6.9528 7.6951 0.1731
8.0401 6.9528 7.6952 0.1731
8.0401 6.9528 7.6955 0.1731
8.0401 6.9528 7.7027 0.1664
8.0401 6.9528 7.7027 0.1664
8.0401 6.9528 7.7027 0.1664
8.0401 6.9528 7.7027 0.1664
8.0401 6.9528 7.7027 0.1664
8.0401 6.9528 7.7055 0.1622
8.0401 6.9528 7.7057 0.1624
8.0401 6.9528 7.7091 0.1657
8.0401 6.9528 7.7156 0.1634
8.0401 6.9528 7.7182 0.1644
8.0401 6.9528 7.7214 0.1649
8.0401 6.9528 7.7247 0.1646
8.0401 6.9528 7.7292 0.1634
8.0401 6.9528 7.7321 0.1639
8.0401 6.9528 7.7321 0.1639
8.0401 6.9528 7.7325 0.1645
8.0401 6.9528 7.7325 0.1645
8.0401 6.9528 7.7325 0.1645
8.0401 6.9528 7.7325 0.1645
8.0401 6.9528 7.7330 0.1645
8.0460 6.9528 7.7332 0.1649
8.0460 6.9528 7.7332 0.1649
8.0460 6.9528 7.7347 0.1644
8.0460 6.9528 7.7347 0.1644
8.0460 6.9528 7.7347 0.1644
8.0460 6.9528 7.7347 0.1644
8.0460 6.9528 7.7348 0.1644
8.0460 6.9528 7.7348 0.1644
8.0460 6.9528 7.7348 0.1644
8.0460 6.9528 7.7348 0.1644
8.0460 6.9528 7.7380 0.1654
8.0460 6.9528 7.7383 0.1658
8.0460 6.9528 7.7383 0.1658
8.0460 6.9528 7.7383 0.1658
8.0460 6.9528 7.7387 0.1657
8.0460 6.9528 7.7387 0.1657
8.0460 6.9528 7.7405 0.1664
8.0460 6.9528 7.7405 0.1664
8.0460 6.9528 7.7414 0.1659
8.0460 6.9528 7.7414 0.1659
8.0460 6.9528 7.7420 0.1655
8.0460 6.9528 7.7424 0.1655
8.0460 6.9528 7.7424 0.1655
8.0460 6.9528 7.7427 0.1652
8.0460 6.9528 7.7456 0.1670
8.0460 6.9528 7.7472 0.1678
8.0460 6.9528 7.7499 0.1701
8.0460 6.9528 7.7507 0.1695
8.0460 6.9528 7.7507 0.1695
8.0460 6.9528 7.7507 0.1695
8.0460 6.9528 7.7507 0.1695
8.0460 6.9528 7.7507 0.1695
8.0460 6.9528 7.7532 0.1670
8.0460 6.9528 7.7549 0.1651
8.0460 6.9528 7.7550 0.1651
8.0460 6.9528 7.7550 0.1651
8.0460 6.9528 7.7550 0.1651
8.0460 6.9528 7.7559 0.1648
8.0460 6.9528 7.7559 0.1648
8.0460 6.9528 7.7559 0.1648
8.0460 6.9528 7.7561 0.1648
8.0460 6.9528 7.7561 0.1648
8.0460 6.9528 7.7561 0.1648
8.0460 6.9528 7.7561 0.1648
8.0460 6.9528 7.7585 0.1651
8.0460 6.9528 7.7603 0.1661
8.0460 6.9528 7.7603 0.1661
8.0460 6.9528 7.7620 0.1674
8.0460 6.9528 7.7624 0.1673
8.0506 6.9528 7.7638 0.1691
8.0506 6.9528 7.7648 0.1691
8.0506 6.9528 7.7652 0.1689
8.0506 6.9528 7.7653 0.1689
8.0506 6.9528 7.7690 0.1710
8.0506 6.9528 7.7720 0.1707
8.0506 6.9528 7.7729 0.1704
8.0506 6.9528 7.7734 0.1703
8.0506 6.9528 7.7782 0.1637
8.0506 6.9528 7.7788 0.1633
8.0506 6.9528 7.7792 0.1632
8.0520 6.9528 7.7793 0.1634
8.0520 6.9528 7.7793 0.1634
8.0520 6.9528 7.7793 0.1635
8.0520 6.9528 7.7793 0.1635
8.0520 6.9528 7.7812 0.1642
8.0520 6.9528 7.7812 0.1642
8.0520 6.9528 7.7869 0.1579
8.0520 6.9528 7.7869 0.1579
8.0520 6.9528 7.7904 0.1533
8.0520 6.9528 7.7904 0.1533
8.0520 6.9528 7.7904 0.1533
8.0520 6.9528 7.7917 0.1535
8.0520 6.9528 7.7919 0.1535
8.0520 6.9528 7.7919 0.1535
8.0520 6.9528 7.7922 0.1533
8.0520 6.9528 7.7922 0.1533
8.0520 6.9528 7.7937 0.1529
8.0520 6.9528 7.7956 0.1536
8.0520 6.9528 7.7958 0.1537
8.0520 6.9528 7.7958 0.1537
8.0520 6.9528 7.7958 0.1537
8.0520 6.9528 7.7958 0.1537
8.0520 6.9528 7.7968 0.1529
8.0520 6.9528 7.7975 0.1536
8.0520 6.9528 7.7975 0.1536
8.0520 6.9528 7.7993 0.1557
8.0520 6.9528 7.7993 0.1557
8.1708 6.9528 7.8028 0.1600
8.1708 6.9528 7.8048 0.1606
8.1708 6.9528 7.8078 0.1605
8.1708 6.9528 7.8110 0.1619
8.1708 6.9528 7.8122 0.1618
8.1708 6.9528 7.8122 0.1618
8.1708 6.9528 7.8152 0.1632
8.1708 6.9528 7.8152 0.1632
8.1708 6.9528 7.8153 0.1633
8.1708 6.9528 7.8153 0.1633
8.1708 6.9528 7.8189 0.1640
8.1708 6.9528 7.8222 0.1651
8.1708 6.9528 7.8226 0.1649
8.1708 6.9528 7.8226 0.1649
8.1708 6.9528 7.8226 0.1649
8.1708 6.9528 7.8226 0.1649
8.1708 6.9528 7.8252 0.1616
8.1708 6.9528 7.8263 0.1627
8.1708 6.9528 7.8263 0.1627
8.1708 6.9528 7.8273 0.1628
8.1708 6.9528 7.8279 0.1632
8.1708 6.9528 7.8310 0.1643
8.1708 6.9528 7.8311 0.1643
8.1708 6.9528 7.8315 0.1649
8.1708 6.9528 7.8327 0.1657
8.1708 6.9528 7.8338 0.1656
8.1708 6.9528 7.8368 0.1650
8.1708 6.9528 7.8368 0.1650
8.1708 6.9528 7.8368 0.1650
8.1708 6.9528 7.8368 0.1650
8.1708 6.9528 7.8368 0.1650
8.1708 6.9528 7.8416 0.1674
8.1708 6.9528 7.8416 0.1674
8.1708 6.9528 7.8428 0.1684
8.1708 6.9528 7.8428 0.1684
8.1708 6.9528 7.8428 0.1684
8.1708 6.9528 7.8428 0.1684
8.1708 6.9528 7.8428 0.1684
8.1708 6.9528 7.8429 0.1684
8.1708 6.9528 7.8451 0.1711
8.1708 6.9528 7.8451 0.1711
8.1708 6.9528 7.8460 0.1717
8.1708 6.9528 7.8460 0.1717
8.1708 6.9528 7.8463 0.1716
8.1708 6.9528 7.8482 0.1728
8.2068 6.9528 7.8516 0.1780
8.2068 6.9528 7.8521 0.1783
8.2068 6.9528 7.8521 0.1783
8.2068 6.9528 7.8540 0.1780
8.2068 6.9528 7.8550 0.1775
8.2068 6.9528 7.8563 0.1763
8.2068 6.9528 7.8586 0.1765
8.2068 6.9528 7.8594 0.1768
8.2068 6.9528 7.8607 0.1771
8.2068 6.9528 7.8607 0.1771
8.2068 6.9528 7.8607 0.1771
8.2068 6.9528 7.8608 0.1771
8.2068 6.9528 7.8638 0.1770
8.2068 6.9528 7.8641 0.1772
8.2068 6.9528 7.8645 0.1774
8.2068 6.9528 7.8649 0.1777
8.2068 6.9528 7.8670 0.1777
8.2068 6.9528 7.8688 0.1760
8.2068 6.9528 7.8688 0.1760
8.2068 6.9528 7.8688 0.1760
8.2068 6.9528 7.8731 0.1783
8.2068 6.9528 7.8756 0.1777
8.2068 6.9528 7.8784 0.1799
8.2068 6.9528 7.8784 0.1799
8.2068 6.9528 7.8787 0.1796
8.2068 6.9528 7.8799 0.1801
8.2068 6.9528 7.8799 0.1801
8.2068 6.9528 7.8815 0.1808
8.2068 6.9528 7.8864 0.1829
8.2068 6.9528 7.8864 0.1829
8.2068 6.9528 7.8864 0.1829
8.2068 6.9528 7.8871 0.1822
8.2068 6.9528 7.8871 0.1822
8.2068 6.9528 7.8887 0.1844
8.2068 6.9528 7.8893 0.1846
8.2068 6.9528 7.8893 0.1846
8.2068 6.9528 7.8893 0.1846
8.2068 6.9528 7.8893 0.1846
8.2068 6.9528 7.8893 0.1846
8.2068 6.9528 7.8916 0.1836
8.2068 6.9528 7.8932 0.1817
8.2068 6.9528 7.8944 0.1826
8.2068 6.9528 7.8964 0.1818
8.2068 7.5960 7.9086 0.1574
8.2068 7.5960 7.9086 0.1574
8.2068 7.5960 7.9087 0.1574
8.2068 7.5960 7.9099 0.1576
8.2068 7.5960 7.9099 0.1576
8.2068 7.5960 7.9099 0.1576
8.2068 7.5960 7.9099 0.1576
8.2068 7.5960 7.9100 0.1576
8.2068 7.5960 7.9106 0.1569
8.2068 7.5960 7.9148 0.1592
8.2068 7.5960 7.9148 0.1592
8.2068 7.5960 7.9153 0.1592
8.2068 7.5960 7.9176 0.1590
8.2068 7.5960 7.9176 0.1590
8.2068 7.5960 7.9176 0.1590
8.2068 7.5960 7.9176 0.1590
8.2068 7.5960 7.9201 0.1576
8.2068 7.5960 7.9208 0.1583
8.2068 7.5960 7.9238 0.1608
8.2068 7.5960 7.9247 0.1612
8.2068 7.5960 7.9257 0.1616
8.2068 7.5960 7.9257 0.1616
8.2068 7.5960 7.9257 0.1616
8.2068 7.5960 7.9290 0.1599
8.2068 7.5960 7.9298 0.1603
8.2068 7.5960 7.9298 0.1603
8.2068 7.5960 7.9298 0.1603
8.2068 7.5960 7.9298 0.1603
8.2068 7.5960 7.9329 0.1585
8.2068 7.5960 7.9329 0.1585
8.2068 7.5960 7.9333 0.1585
8.2068 7.5960 7.9359 0.1581
8.2068 7.5960 7.9359 0.1581
8.2068 7.5960 7.9369 0.1587
8.2068 7.5960 7.9370 0.1586
8.2068 7.5960 7.9370 0.1586
8.2068 7.5960 7.9370 0.1586
8.2068 7.5960 7.9370 0.1586
8.2068 7.5960 7.9370 0.1586
8.2068 7.5960 7.9370 0.1586
8.2068 7.5960 7.9399 0.1583
8.2068 7.5960 7.9410 0.1572
8.2068 7.5960 7.9426 0.1565
8.2068 7.5960 7.9426 0.1565
8.2068 7.5960 7.9427 0.1566
8.2068 7.5960 7.9427 0.1566
8.2068 7.5960 7.9427 0.1566
8.2068 7.5960 7.9427 0.1566
8.2068 7.5960 7.9433 0.1570
8.2068 7.5960 7.9450 0.1558
8.2068 7.5960 7.9450 0.1558
8.2068 7.5960 7.9450 0.1558
8.2068 7.5960 7.9463 0.1560
8.2068 7.5960 7.9463 0.1560
8.2068 7.5960 7.9472 0.1546
8.2068 7.5960 7.9472 0.1546
8.2068 7.5960 7.9472 0.1546
8.2068 7.5960 7.9479 0.1538
8.2068 7.5960 7.9499 0.1559
8.2068 7.5960 7.9526 0.1549
8.2068 7.5960 7.9526 0.1549
8.2068 7.5960 7.9549 0.1569
8.2068 7.5960 7.9554 0.1568
8.2068 7.5960 7.9578 0.1556
8.2068 7.5960 7.9578 0.1556
8.2068 7.5960 7.9589 0.1555
8.2068 7.5960 7.9589 0.1555
8.2068 7.5960 7.9605 0.1572
8.2068 7.5960 7.9605 0.1573
8.2166 7.5960 7.9625 0.1592
8.2166 7.5960 7.9625 0.1592
8.2166 7.5960 7.9625 0.1592
8.2166 7.5960 7.9625 0.1592
8.2166 7.5960 7.9625 0.1592
8.2166 7.5960 7.9625 0.1592
8.2166 7.5960 7.9629 0.1593
8.2166 7.5960 7.9629 0.1593
8.2166 7.5960 7.9631 0.1590
8.2166 7.5960 7.9648 0.1607
8.2166 7.5960 7.9648 0.1607
8.2166 7.5960 7.9681 0.1578
8.2166 7.5960 7.9681 0.1578
8.2166 7.5960 7.9681 0.1578
8.2166 7.5960 7.9699 0.1566
8.2166 7.5960 7.9707 0.1569
8.2166 7.5960 7.9715 0.1569
8.2166 7.5960 7.9718 0.1570
8.2166 7.5960 7.9719 0.1570
8.2166 7.5960 7.9719 0.1570
8.2166 7.5960 7.9719 0.1570
8.2166 7.5960 7.9759 0.1530
8.2166 7.5960 7.9767 0.1532
8.2166 7.5960 7.9767 0.1532
8.2166 7.5960 7.9800 0.1511
8.2166 7.5960 7.9823 0.1478
8.2166 7.5960 7.9835 0.1478
8.2166 7.5960 7.9835 0.1478
8.2166 7.5960 7.9835 0.1478
8.2166 7.5960 7.9835 0.1478
8.2166 7.5960 7.9835 0.1478
8.2166 7.5960 7.9835 0.1478
8.2166 7.5960 7.9837 0.1475
8.2166 7.5960 7.9837 0.1475
8.2166 7.5960 7.9879 0.1470
8.2166 7.5960 7.9879 0.1470
8.2166 7.5960 7.9879 0.1470
8.2166 7.5960 7.9896 0.1485
8.2166 7.6878 7.9936 0.1431
8.2166 7.6878 7.9936 0.1431
8.2166 7.6878 7.9940 0.1438
8.2166 7.6878 7.9940 0.1438
8.2166 7.6878 7.9954 0.1437
8.2166 7.6878 7.9961 0.1440
8.2166 7.6878 7.9970 0.1437
8.2166 7.6878 7.9970 0.1437
8.2166 7.6878 7.9970 0.1437
8.2166 7.6878 7.9975 0.1436
8.2166 7.6878 7.9982 0.1438
8.2166 7.6878 7.9982 0.1438
8.2166 7.6878 7.9995 0.1436
8.2166 7.6878 7.9999 0.1436
8.2166 7.6878 8.0012 0.1445
8.2166 7.6878 8.0023 0.1441
8.2166 7.6878 8.0023 0.1441
8.2166 7.6878 8.0026 0.1441
8.2166 7.6878 8.0026 0.1441
8.2166 7.6878 8.0026 0.1441
8.2166 7.6878 8.0027 0.1441
8.2166 7.6878 8.0072 0.1423
8.2166 7.6878 8.0082 0.1423
8.2166 7.6878 8.0082 0.1423
8.2166 7.6878 8.0089 0.1428
8.2166 7.6878 8.0094 0.1424
8.2166 7.6878 8.0094 0.1424
8.2166 7.6878 8.0094 0.1424
8.2166 7.6878 8.0123 0.1436
8.2166 7.6878 8.0132 0.1435
8.2166 7.6878 8.0136 0.1434
8.2166 7.6878 8.0141 0.1434
8.2166 7.6878 8.0157 0.1428
8.2166 7.6878 8.0176 0.1441
8.2166 7.6878 8.0216 0.1424
8.2176 7.6878 8.0216 0.1424
8.2176 7.6878 8.0220 0.1424
8.2176 7.6878 8.0221 0.1424
8.2176 7.6878 8.0225 0.1424
8.2176 7.6878 8.0229 0.1425
8.2176 7.6878 8.0245 0.1436
8.2176 7.6878 8.0292 0.1420
8.2176 7.6878 8.0314 0.1406
8.2176 7.6878 8.0314 0.1406
8.2176 7.6878 8.0324 0.1408
8.2176 7.6878 8.0324 0.1408
8.2180 7.6878 8.0325 0.1410
8.2180 7.6878 8.0371 0.1392
8.2180 7.6878 8.0371 0.1392
8.2180 7.6878 8.0384 0.1392
8.2180 7.6878 8.0387 0.1393
8.2180 7.6878 8.0392 0.1393
8.2180 7.6878 8.0401 0.1393
8.2180 7.6878 8.0406 0.1399
8.2180 7.6878 8.0406 0.1399
8.2180 7.6878 8.0427 0.1409
8.2180 7.6878 8.0427 0.1409
8.2180 7.6878 8.0443 0.1419
8.2180 7.6878 8.0443 0.1419
8.2180 7.6878 8.0445 0.1419
8.2180 7.6878 8.0446 0.1419
8.2180 7.6878 8.0464 0.1394
8.2180 7.6878 8.0472 0.1393
8.2180 7.6878 8.0472 0.1393
8.2180 7.6878 8.0472 0.1393
8.2180 7.6878 8.0472 0.1393
8.2180 7.6878 8.0472 0.1393
8.2180 7.6878 8.0472 0.1393
8.2180 7.6878 8.0472 0.1393
8.2180 7.6878 8.0483 0.1397
8.2180 7.6878 8.0507 0.1405
8.2180 7.6878 8.0530 0.1407
8.2180 7.6878 8.0540 0.1415
8.2180 7.6878 8.0541 0.1415
8.2180 7.6878 8.0562 0.1423
8.2180 7.6878 8.0562 0.1423
8.2180 7.6878 8.0564 0.1422
8.2180 7.6878 8.0564 0.1422
8.2180 7.6878 8.0579 0.1427
8.2180 7.6878 8.0579 0.1427
8.2180 7.6878 8.0581 0.1428
8.2180 7.6878 8.0619 0.1380
8.2180 7.6878 8.0643 0.1381
8.2180 7.6878 8.0660 0.1388
8.2180 7.6878 8.0671 0.1385
8.2180 7.6878 8.0671 0.1385
8.2180 7.6878 8.0671 0.1385
8.2180 7.6878 8.0671 0.1385
8.2180 7.6878 8.0676 0.1384
8.2180 7.6878 8.0676 0.1384
8.2180 7.6878 8.0687 0.1388
8.2180 7.6878 8.0699 0.1392
8.2180 7.6878 8.0707 0.1396
8.2180 7.6878 8.0721 0.1399
8.2180 7.6878 8.0723 0.1399
8.2180 7.6878 8.0726 0.1399
8.2180 7.6878 8.0730 0.1399
8.2180 7.6878 8.0746 0.1406
8.2180 7.6878 8.0791 0.1362
8.2180 7.6878 8.0791 0.1362
8.2180 7.6878 8.0791 0.1362
8.2180 7.6878 8.0793 0.1361
8.2180 7.6878 8.0793 0.1360
8.2180 7.6878 8.0812 0.1364
8.2180 7.6878 8.0812 0.1364
8.2180 7.6878 8.0817 0.1364
8.2180 7.6878 8.0821 0.1362
8.2180 7.6878 8.0821 0.1362
8.2180 7.6878 8.0821 0.1362
8.2207 7.6878 8.0821 0.1362
8.2207 7.6878 8.0823 0.1363
8.2207 7.6878 8.0823 0.1363
8.2207 7.6878 8.0838 0.1364
8.2207 7.6878 8.0838 0.1364
8.2207 7.6878 8.0838 0.1364
8.2207 7.6878 8.0881 0.1334
8.2207 7.6878 8.0881 0.1334
8.2207 7.6878 8.0881 0.1334
8.2207 7.6878 8.0921 0.1301
8.2207 7.6878 8.0932 0.1306
8.2207 7.6878 8.0932 0.1306
8.2207 7.6878 8.0932 0.1306
8.2207 7.6878 8.0935 0.1306
8.2207 7.6878 8.0948 0.1308
8.2207 7.6878 8.0951 0.1306
8.2207 7.6878 8.0951 0.1306
8.2207 7.6878 8.0951 0.1306
8.2207 7.6878 8.0951 0.1306
8.2207 7.6878 8.0968 0.1309
8.2207 7.6878 8.0968 0.1309
8.2207 7.6878 8.0968 0.1309
8.2207 7.6878 8.0968 0.1309
8.2207 7.6878 8.0968 0.1309
8.2207 7.6878 8.0968 0.1309
8.2207 7.6878 8.0968 0.1309
8.2207 7.6878 8.0968 0.1309
8.2207 7.6878 8.0991 0.1309
8.2207 7.6878 8.0996 0.1312
8.2207 7.6878 8.1006 0.1312
8.2207 7.6878 8.1006 0.1312
8.2207 7.6878 8.1009 0.1313
8.2207 7.6878 8.1026 0.1315
8.2207 7.6878 8.1028 0.1314
8.2207 7.6878 8.1039 0.1315
8.2207 7.6878 8.1040 0.1315
8.2207 7.6878 8.1040 0.1315
8.2207 7.6878 8.1040 0.1315
8.2235 7.6878 8.1041 0.1316
8.2235 7.6878 8.1041 0.1316
8.2235 7.6878 8.1041 0.1316
8.2235 7.6878 8.1041 0.1316
8.2235 7.6878 8.1041 0.1316
8.2235 7.6878 8.1041 0.1316
8.2235 7.6878 8.1086 0.1259
8.2235 7.6878 8.1086 0.1259
8.2235 7.6878 8.1086 0.1259
8.2235 7.6878 8.1086 0.1259
8.2235 7.6878 8.1104 0.1247
8.2235 7.6878 8.1106 0.1247
8.2235 7.6878 8.1120 0.1247
8.2235 7.6878 8.1120 0.1247
8.2235 7.6878 8.1123 0.1247
8.2235 7.6878 8.1132 0.1223
8.2235 7.6878 8.1160 0.1207
8.2235 7.6878 8.1163 0.1209
8.2235 7.6878 8.1163 0.1209
8.2235 7.6878 8.1163 0.1209
8.2235 7.6878 8.1165 0.1210
8.2235 7.6878 8.1165 0.1210
8.2235 7.6878 8.1165 0.1210
8.2235 7.6878 8.1165 0.1210
8.2235 7.6878 8.1165 0.1210
8.2235 7.6878 8.1165 0.1210
8.2235 7.6878 8.1165 0.1210
8.2235 7.6878 8.1166 0.1211
8.2235 7.6878 8.1167 0.1212
8.2235 7.6878 8.1167 0.1212
8.2235 7.7205 8.1202 0.1135
8.2235 7.7205 8.1202 0.1135
8.2235 7.7205 8.1204 0.1135
8.2235 7.7205 8.1204 0.1135
8.2235 7.7205 8.1205 0.1136
8.2235 7.7205 8.1221 0.1131
8.2235 7.7205 8.1221 0.1131
8.2235 7.7205 8.1221 0.1131
8.2235 7.7205 8.1221 0.1131
8.2235 7.7205 8.1222 0.1132
8.2235 7.7205 8.1222 0.1132
8.2235 7.7205 8.1266 0.1058
8.2235 7.7205 8.1290 0.1027
8.2235 7.7205 8.1297 0.1028
8.2235 7.7205 8.1297 0.1028
8.2235 7.7205 8.1297 0.1028
8.2235 7.7205 8.1323 0.1015
8.2235 7.7205 8.1323 0.1015
8.2235 7.7205 8.1323 0.1014
8.2235 7.7205 8.1323 0.1014
8.2235 7.7205 8.1340 0.1015
8.2235 7.7205 8.1352 0.1012
8.2235 7.7205 8.1356 0.1014
8.2235 7.7205 8.1356 0.1014
8.2235 7.7205 8.1368 0.1017
8.2235 7.7205 8.1368 0.1017
8.2235 7.7205 8.1368 0.1017
8.2235 7.7205 8.1371 0.1019
8.2235 7.7205 8.1371 0.1019
8.2235 7.7205 8.1373 0.1020
8.2235 7.7205 8.1383 0.1023
8.2235 7.7205 8.1389 0.1026
8.2235 7.7581 8.1402 0.0980
8.2235 7.7581 8.1402 0.0980
8.2235 7.7581 8.1402 0.0980
8.2235 7.7581 8.1446 0.0904
8.2235 7.7581 8.1446 0.0904
8.2235 7.7581 8.1456 0.0904
8.2235 7.7581 8.1456 0.0904
8.2235 7.7581 8.1456 0.0904
8.2235 7.7581 8.1456 0.0904
8.2235 7.7581 8.1456 0.0904
8.2235 7.7581 8.1456 0.0904
8.2235 7.7581 8.1473 0.0899
8.2235 7.7581 8.1475 0.0898
8.2235 7.7581 8.1475 0.0898
8.2235 7.7581 8.1488 0.0889
8.2235 7.7581 8.1488 0.0889
8.2235 7.7581 8.1488 0.0889
8.2235 7.7581 8.1488 0.0889
8.2235 7.7581 8.1492 0.0891
8.2235 7.7581 8.1492 0.0891
8.2235 7.7581 8.1494 0.0892
8.2235 7.7581 8.1496 0.0893
8.2235 7.7581 8.1496 0.0893
8.2235 7.7581 8.1496 0.0893
8.2235 7.7581 8.1496 0.0893
8.2235 7.7581 8.1496 0.0893
8.2235 7.7581 8.1496 0.0893
8.2235 7.7581 8.1496 0.0893
8.2235 7.7581 8.1496 0.0893
8.2235 7.7581 8.1496 0.0893
8.2235 7.7581 8.1496 0.0893
8.2235 7.7581 8.1496 0.0893
8.2235 7.7581 8.1496 0.0893
8.2701 7.7581 8.1502 0.0900
8.2701 7.7581 8.1530 0.0876
8.2701 7.7581 8.1531 0.0876
8.2701 7.7581 8.1531 0.0876
8.2701 7.7581 8.1531 0.0876
8.2701 7.7581 8.1531 0.0876
8.2701 7.7581 8.1545 0.0872
8.2701 7.7581 8.1545 0.0872
8.2701 7.7581 8.1545 0.0872
8.2701 7.7581 8.1545 0.0872
8.2701 7.7581 8.1546 0.0873
8.2701 7.7581 8.1546 0.0873
8.2701 7.7581 8.1549 0.0874
8.2701 7.7581 8.1549 0.0874
8.2701 7.7581 8.1549 0.0874
8.2701 7.7581 8.1549 0.0874
8.2701 7.7581 8.1550 0.0875
8.2701 7.7581 8.1550 0.0875
8.2701 7.7581 8.1554 0.0875
8.2701 7.7581 8.1554 0.0875
8.2701 7.7581 8.1573 0.0829
8.2701 7.7581 8.1573 0.0829
8.2701 7.7581 8.1574 0.0829
8.2701 7.7581 8.1574 0.0829
8.2701 7.7581 8.1574 0.0830
8.2701 7.7581 8.1578 0.0827
8.2701 7.7581 8.1578 0.0827
8.2701 7.7581 8.1595 0.0820
8.2701 7.7581 8.1597 0.0821
8.2701 7.7581 8.1598 0.0822
8.2701 7.7581 8.1598 0.0822
8.2701 7.7581 8.1598 0.0822
8.2701 7.7581 8.1599 0.0823
8.2701 7.7581 8.1599 0.0823
8.2701 7.7581 8.1599 0.0823
8.2701 7.7581 8.1617 0.0815
8.2701 7.7581 8.1617 0.0815
8.2701 7.7581 8.1617 0.0815
8.2701 7.7581 8.1622 0.0817
8.2701 7.7581 8.1622 0.0817
8.2701 7.7581 8.1640 0.0809
8.2701 7.7581 8.1640 0.0809
8.2701 7.7581 8.1650 0.0807
8.2701 7.7581 8.1669 0.0790
8.2701 7.7581 8.1673 0.0792
8.2701 7.7581 8.1673 0.0792
8.2701 7.7581 8.1674 0.0792
8.2701 7.7581 8.1675 0.0792
8.2701 7.7581 8.1675 0.0792
8.2701 7.7581 8.1675 0.0792
8.2701 7.7581 8.1675 0.0792
8.2701 7.7581 8.1691 0.0781
8.2701 7.7581 8.1692 0.0782
8.2701 7.7581 8.1698 0.0779
8.2701 7.7581 8.1699 0.0780
8.2701 7.7581 8.1705 0.0783
8.2701 7.7581 8.1705 0.0783
8.2701 7.7581 8.1738 0.0714
8.2701 7.7581 8.1760 0.0710
8.2701 7.7581 8.1760 0.0710
8.2701 7.7581 8.1760 0.0710
8.2701 7.7581 8.1766 0.0711
8.2701 7.7581 8.1766 0.0711
8.2701 7.7581 8.1766 0.0711
8.2701 7.7581 8.1766 0.0711
8.2701 7.7581 8.1770 0.0713
8.2701 7.7581 8.1770 0.0713
8.2701 7.7581 8.1770 0.0713
8.2701 7.7581 8.1773 0.0713
8.2701 7.7581 8.1773 0.0713
8.2701 7.7581 8.1773 0.0713
8.2701 7.7581 8.1773 0.0713
8.2701 7.7581 8.1776 0.0714
8.2701 7.7581 8.1776 0.0714
8.2701 7.7581 8.1776 0.0714
8.2701 7.7581 8.1776 0.0714
8.2701 7.7581 8.1776 0.0714
8.2701 7.7581 8.1790 0.0708
8.2701 7.7581 8.1790 0.0708
8.2701 7.7581 8.1793 0.0709
8.2701 7.7581 8.1793 0.0709
8.2701 7.7581 8.1793 0.0709
8.2701 7.7581 8.1795 0.0709
8.2701 7.7581 8.1795 0.0709
8.2701 7.7581 8.1795 0.0709
8.2701 7.7581 8.1795 0.0709
8.2701 7.7581 8.1804 0.0705
8.2701 7.7581 8.1804 0.0705
8.2701 7.7581 8.1804 0.0705
8.2701 7.7581 8.1804 0.0705
8.2701 7.7581 8.1804 0.0705
8.2701 7.7581 8.1804 0.0705
8.2701 7.7581 8.1807 0.0706
8.2701 7.7581 8.1807 0.0706
8.2701 7.7581 8.1823 0.0696
8.2701 7.7581 8.1827 0.0696
8.2701 7.7581 8.1840 0.0681
8.2701 7.7581 8.1841 0.0681
8.2701 7.7581 8.1841 0.0681
8.2701 7.7581 8.1842 0.0682
8.2701 7.7581 8.1844 0.0682
8.2701 7.7581 8.1844 0.0682
8.2701 7.7581 8.1848 0.0684
8.2701 7.7581 8.1848 0.0684
8.2701 7.7581 8.1848 0.0684
8.2701 7.7581 8.1852 0.0684
8.2701 7.7581 8.1852 0.0684
8.2701 7.7581 8.1852 0.0684
8.2701 7.7581 8.1854 0.0684
8.2701 7.7581 8.1854 0.0684
8.2701 7.7581 8.1854 0.0684
8.2701 7.7581 8.1866 0.0678
8.2701 7.7581 8.1866 0.0678
8.2701 7.7581 8.1871 0.0683
8.2701 7.7581 8.1871 0.0683
8.2701 7.7581 8.1872 0.0683
8.2701 7.7581 8.1873 0.0683
8.2701 7.7581 8.1873 0.0683
8.2701 7.7581 8.1873 0.0683
8.2701 7.7581 8.1879 0.0672
8.2701 7.7581 8.1879 0.0672
8.2701 7.7581 8.1881 0.0673
8.2701 7.7581 8.1881 0.0673
8.2701 7.7581 8.1881 0.0673
8.2701 7.7581 8.1892 0.0668
8.2701 7.7581 8.1892 0.0668
8.2701 7.7581 8.1892 0.0668
8.2701 7.7581 8.1894 0.0663
8.2701 7.7581 8.1894 0.0663
8.2701 7.7581 8.1894 0.0663
8.2701 7.7581 8.1895 0.0664
8.2701 7.7581 8.1907 0.0658
8.2701 7.7581 8.1907 0.0658
8.2701 7.7581 8.1907 0.0658
8.2701 7.7581 8.1907 0.0658
8.2701 7.7581 8.1907 0.0658
8.2701 7.7581 8.1907 0.0658
8.2701 7.7581 8.1909 0.0658
8.2701 7.7581 8.1909 0.0658
8.2701 7.7581 8.1909 0.0658
8.2701 7.7581 8.1909 0.0658
8.2701 7.7581 8.1909 0.0658
8.2701 7.7581 8.1912 0.0659
8.2722 7.7581 8.1916 0.0663
8.2722 7.7581 8.1916 0.0663
8.2722 7.7581 8.1916 0.0663
8.2722 7.7581 8.1916 0.0663
8.2722 7.7581 8.1916 0.0663
8.2722 7.7581 8.1918 0.0663
8.2722 7.7581 8.1918 0.0663
8.2722 7.7581 8.1920 0.0663
8.2722 7.7581 8.1920 0.0663
8.2722 7.7581 8.1920 0.0663
8.2722 7.7581 8.1920 0.0663
8.2722 7.7581 8.1920 0.0663
8.2722 7.7581 8.1931 0.0653
8.2722 7.7581 8.1931 0.0653
8.2722 7.7581 8.1933 0.0655
8.2722 7.7581 8.1939 0.0654
8.2722 7.7581 8.1941 0.0654
8.2722 7.7581 8.1941 0.0654
8.2722 7.7581 8.1941 0.0654
8.2722 7.7581 8.1945 0.0657
8.2722 7.7581 8.1945 0.0657
8.2722 7.7581 8.1949 0.0658
8.2722 7.7581 8.1954 0.0658
8.2722 7.7581 8.1954 0.0658
8.2722 7.7581 8.1974 0.0637
8.2722 7.7581 8.1975 0.0637
8.2722 7.7581 8.1975 0.0637
8.2722 7.7581 8.1976 0.0637
8.2722 7.7581 8.1999 0.0603
8.2722 7.7581 8.1999 0.0603
8.2722 7.7581 8.1999 0.0603
8.2722 7.7581 8.1999 0.0603
8.2722 7.7581 8.1999 0.0603
8.2722 7.7581 8.1999 0.0603
8.2722 7.7581 8.2000 0.0603
8.2722 7.7581 8.2000 0.0603
8.2722 7.7581 8.2000 0.0603
8.2722 7.7581 8.2001 0.0603
8.2722 7.7581 8.2001 0.0603
8.2722 7.7581 8.2005 0.0605
8.2722 7.7581 8.2005 0.0605
8.2722 7.7581 8.2005 0.0605
8.2722 7.7581 8.2005 0.0605
8.2722 7.7581 8.2005 0.0605
8.2722 7.7581 8.2005 0.0605
8.2722 7.7581 8.2005 0.0605
8.2722 7.7581 8.2005 0.0605
8.2722 8.0082 8.2051 0.0410
8.2722 8.0082 8.2051 0.0410
8.2722 8.0082 8.2051 0.0410
8.2722 8.0082 8.2051 0.0410
8.2722 8.0082 8.2051 0.0410
8.2722 8.0082 8.2052 0.0411
8.2722 8.0082 8.2052 0.0411
8.2722 8.0082 8.2052 0.0411
8.2722 8.0082 8.2052 0.0411
8.2722 8.0082 8.2054 0.0411
8.2722 8.0082 8.2054 0.0411
8.2722 8.0082 8.2054 0.0411
8.2722 8.0082 8.2054 0.0411
8.2722 8.0082 8.2055 0.0411
8.2722 8.0082 8.2057 0.0412
8.2722 8.0082 8.2057 0.0412
8.2722 8.0082 8.2057 0.0412
8.2722 8.0082 8.2057 0.0412
8.2722 8.0082 8.2057 0.0412
8.2722 8.0082 8.2057 0.0412
8.2722 8.0082 8.2057 0.0412
8.2722 8.0082 8.2057 0.0412
8.2722 8.0082 8.2057 0.0412
8.2722 8.0082 8.2058 0.0412
8.2722 8.0082 8.2058 0.0412
8.2722 8.0082 8.2058 0.0412
8.2722 8.0082 8.2059 0.0412
8.2722 8.0082 8.2059 0.0412
8.2722 8.0082 8.2066 0.0417
8.2722 8.0082 8.2071 0.0416
8.2722 8.0082 8.2072 0.0417
8.2722 8.0082 8.2072 0.0417
8.2722 8.0082 8.2075 0.0418
8.2722 8.0082 8.2086 0.0403
8.2722 8.0082 8.2086 0.0403
8.2722 8.0082 8.2087 0.0403
8.2722 8.0082 8.2088 0.0403
8.2722 8.0082 8.2088 0.0403
8.2722 8.0082 8.2088 0.0403
8.2722 8.0082 8.2088 0.0403
8.2722 8.0082 8.2088 0.0403
8.2722 8.0082 8.2090 0.0403
8.2743 8.0082 8.2096 0.0408
8.2743 8.0082 8.2096 0.0408
8.2743 8.0082 8.2096 0.0408
8.2743 8.0082 8.2097 0.0408
8.2743 8.0082 8.2097 0.0408
8.2743 8.0082 8.2097 0.0408
8.2743 8.0082 8.2097 0.0408
8.2743 8.0082 8.2097 0.0408
8.2743 8.0082 8.2097 0.0408
8.2743 8.0082 8.2097 0.0408
8.2743 8.0082 8.2097 0.0408
8.2743 8.0082 8.2097 0.0408
8.2743 8.0082 8.2114 0.0374
8.2743 8.0082 8.2115 0.0375
8.2743 8.0082 8.2116 0.0375
8.2743 8.0082 8.2116 0.0375
8.2743 8.0082 8.2119 0.0377
8.2743 8.0082 8.2119 0.0377
8.2743 8.0082 8.2120 0.0377
8.2743 8.0082 8.2126 0.0381
8.2743 8.0082 8.2126 0.0381
8.2743 8.0082 8.2131 0.0386
8.2743 8.0610 8.2152 0.0326
8.2743 8.0610 8.2152 0.0326
8.2743 8.0610 8.2152 0.0326
8.2743 8.0610 8.2152 0.0326
8.2743 8.0610 8.2152 0.0326
8.2743 8.0610 8.2157 0.0331
8.2743 8.0610 8.2157 0.0331
8.2743 8.0610 8.2157 0.0331
8.2743 8.0610 8.2160 0.0333
8.2743 8.0610 8.2172 0.0310
8.2743 8.0610 8.2174 0.0311
8.2743 8.0610 8.2174 0.0311
8.2743 8.0610 8.2175 0.0311
8.2743 8.0610 8.2176 0.0311
8.2816 8.0610 8.2180 0.0316
8.2816 8.0610 8.2182 0.0317
8.2816 8.0610 8.2184 0.0320
8.2816 8.0610 8.2184 0.0320
8.2816 8.0610 8.2189 0.0324
8.2816 8.0610 8.2192 0.0324
8.2816 8.0610 8.2192 0.0324
8.2816 8.0610 8.2192 0.0324
8.2816 8.0610 8.2192 0.0324
8.2816 8.0610 8.2194 0.0323
8.2816 8.0610 8.2194 0.0323
8.2816 8.0610 8.2194 0.0323
8.2816 8.0610 8.2196 0.0324
8.2816 8.0610 8.2197 0.0324
8.2816 8.0610 8.2215 0.0304
8.2816 8.0610 8.2215 0.0304
8.2816 8.0610 8.2215 0.0304
8.2816 8.0610 8.2217 0.0304
8.2816 8.0610 8.2217 0.0304
8.2816 8.0610 8.2217 0.0304
8.2816 8.0610 8.2217 0.0304
8.2816 8.0610 8.2217 0.0304
8.2816 8.0610 8.2217 0.0304
8.2816 8.0610 8.2217 0.0304
8.2816 8.0610 8.2221 0.0307
8.2816 8.0610 8.2221 0.0307
8.2816 8.0610 8.2221 0.0307
8.2816 8.0610 8.2221 0.0308
8.2816 8.0610 8.2222 0.0308
8.2816 8.0610 8.2222 0.0308
8.2816 8.0610 8.2227 0.0302
8.2816 8.0610 8.2230 0.0300
8.2816 8.0610 8.2236 0.0296
8.2816 8.0610 8.2236 0.0296
8.2816 8.0610 8.2236 0.0296
8.2816 8.0610 8.2237 0.0296
8.2816 8.0610 8.2237 0.0296
8.2816 8.0610 8.2237 0.0296
8.2816 8.0610 8.2241 0.0299
8.2816 8.0610 8.2243 0.0299
8.2816 8.0610 8.2243 0.0299
8.2816 8.0610 8.2243 0.0299
8.2816 8.0610 8.2243 0.0299
8.2816 8.0610 8.2243 0.0299
8.2816 8.0610 8.2243 0.0299
8.2816 8.0610 8.2243 0.0299
8.2816 8.0610 8.2244 0.0298
8.2816 8.0610 8.2244 0.0298
8.2816 8.0610 8.2244 0.0298
8.2816 8.0610 8.2246 0.0298
8.2816 8.0610 8.2246 0.0298
8.2816 8.0610 8.2246 0.0298
8.2816 8.0610 8.2247 0.0298
8.2816 8.0610 8.2247 0.0298
8.2816 8.0610 8.2249 0.0297
8.2816 8.0610 8.2249 0.0297
8.2816 8.0610 8.2249 0.0297
8.2816 8.0610 8.2249 0.0297
8.2816 8.0610 8.2252 0.0298
8.2816 8.0610 8.2254 0.0298
8.2816 8.0610 8.2259 0.0301
8.2816 8.0610 8.2259 0.0301
8.2816 8.0610 8.2259 0.0301
8.2816 8.0610 8.2265 0.0306
8.2816 8.0610 8.2266 0.0306
8.5267 8.0610 8.2294 0.0427
8.5267 8.0610 8.2296 0.0427
8.5267 8.0610 8.2297 0.0427
8.5267 8.0610 8.2299 0.0428
8.5267 8.0610 8.2299 0.0428
8.5267 8.0610 8.2299 0.0428
8.5267 8.0610 8.2301 0.0428
8.5267 8.0610 8.2301 0.0428
8.5267 8.0610 8.2302 0.0428
8.5267 8.0610 8.2308 0.0430
8.5267 8.0610 8.2308 0.0430
8.5267 8.0610 8.2308 0.0430
8.5267 8.0610 8.2308 0.0431
8.5267 8.0610 8.2308 0.0431
8.5267 8.0610 8.2309 0.0431
8.5267 8.0610 8.2310 0.0430
8.5267 8.0610 8.2310 0.0430
8.5267 8.0610 8.2310 0.0430
8.5267 8.0610 8.2310 0.0430
8.5267 8.0610 8.2311 0.0431
8.5267 8.0610 8.2311 0.0431
8.5267 8.0610 8.2316 0.0433
8.5267 8.0610 8.2316 0.0433
8.5267 8.0610 8.2321 0.0434
8.5267 8.0610 8.2326 0.0436
8.5267 8.0610 8.2326 0.0436
8.5267 8.0610 8.2326 0.0436
8.5267 8.0610 8.2329 0.0436
8.5267 8.0610 8.2329 0.0436
8.5267 8.0610 8.2331 0.0436
8.5267 8.0610 8.2336 0.0437
8.5267 8.0610 8.2347 0.0424
8.5267 8.0610 8.2349 0.0424
8.5267 8.1710 8.2370 0.0388
8.5267 8.1710 8.2370 0.0388
8.5267 8.1710 8.2370 0.0388
8.5267 8.1710 8.2370 0.0388
8.5267 8.1710 8.2374 0.0383
8.5267 8.1710 8.2374 0.0383
8.5267 8.1710 8.2376 0.0385
8.5267 8.1710 8.2377 0.0384
8.5267 8.1710 8.2377 0.0384
8.5267 8.1710 8.2377 0.0384
8.5267 8.1710 8.2385 0.0384
8.5267 8.1710 8.2390 0.0385
8.5267 8.1710 8.2390 0.0385
8.5267 8.1710 8.2392 0.0384
8.5267 8.1710 8.2392 0.0384
8.5267 8.1710 8.2392 0.0384
8.5267 8.1710 8.2392 0.0384
8.5267 8.1710 8.2393 0.0384
8.5267 8.1710 8.2393 0.0384
8.5267 8.1710 8.2393 0.0384
8.5267 8.1710 8.2393 0.0384
8.5267 8.1710 8.2393 0.0384
8.5267 8.1710 8.2393 0.0384
8.5267 8.1710 8.2396 0.0383
8.5267 8.1710 8.2396 0.0383
8.5267 8.1710 8.2396 0.0383
8.5267 8.1710 8.2396 0.0383
8.5267 8.1710 8.2398 0.0384
8.5267 8.1710 8.2398 0.0384
8.5267 8.1710 8.2398 0.0384
8.5267 8.1710 8.2398 0.0384
8.5267 8.1710 8.2402 0.0389
8.5267 8.1710 8.2432 0.0481
8.5267 8.1710 8.2432 0.0481
8.5267 8.1710 8.2434 0.0482
8.6711 8.1710 8.2448 0.0579
8.6711 8.1710 8.2448 0.0579
8.6711 8.1710 8.2451 0.0581
8.6711 8.1710 8.2452 0.0581
8.6711 8.1710 8.2453 0.0580
8.6711 8.1710 8.2455 0.0578
8.6711 8.1710 8.2456 0.0578
8.6711 8.1710 8.2462 0.0575
8.6711 8.1710 8.2468 0.0576
8.6711 8.1710 8.2475 0.0575
8.6711 8.1710 8.2475 0.0575
8.6711 8.1710 8.2475 0.0575
8.6711 8.1710 8.2475 0.0575
8.6711 8.1710 8.2475 0.0575
8.6711 8.1710 8.2475 0.0575
8.6711 8.1710 8.2478 0.0578
8.6711 8.1710 8.2478 0.0578
8.6711 8.1710 8.2478 0.0578
8.6711 8.1710 8.2478 0.0578
8.6711 8.1710 8.2478 0.0578
8.6711 8.1710 8.2478 0.0578
8.6711 8.1710 8.2478 0.0578
8.6711 8.1710 8.2478 0.0578
8.6711 8.1710 8.2485 0.0578
8.6711 8.1710 8.2485 0.0578
8.6711 8.1710 8.2487 0.0580
8.6711 8.1710 8.2487 0.0580
8.6711 8.1710 8.2488 0.0580
8.6711 8.1710 8.2489 0.0579
8.6711 8.1710 8.2489 0.0579
8.6711 8.1710 8.2489 0.0579
8.6711 8.1710 8.2491 0.0579
8.6711 8.1710 8.2496 0.0580
8.6711 8.1710 8.2496 0.0580
8.6711 8.1710 8.2498 0.0579
8.6711 8.1710 8.2498 0.0579
8.6711 8.1710 8.2501 0.0580
8.6711 8.1710 8.2502 0.0580
8.6711 8.1710 8.2502 0.0580
8.6711 8.1710 8.2509 0.0584
8.6711 8.1710 8.2509 0.0584
8.6711 8.1710 8.2509 0.0584
8.6711 8.1710 8.2513 0.0584
8.6711 8.1710 8.2513 0.0584
8.6711 8.1710 8.2513 0.0584
8.6711 8.1710 8.2516 0.0584
8.6711 8.1710 8.2516 0.0584
8.6711 8.1710 8.2517 0.0584
8.6711 8.1710 8.2517 0.0584
8.6711 8.1710 8.2517 0.0584
8.6711 8.1710 8.2517 0.0584
8.6711 8.1710 8.2517 0.0584
8.6711 8.1710 8.2517 0.0584
8.6711 8.1710 8.2524 0.0585
8.6711 8.1710 8.2524 0.0585
8.6711 8.1710 8.2524 0.0585
8.6711 8.1710 8.2533 0.0587
8.6711 8.1710 8.2541 0.0589
8.6711 8.1710 8.2541 0.0589
8.6711 8.1710 8.2541 0.0589
8.6711 8.1710 8.2541 0.0589
8.6711 8.1710 8.2543 0.0589
8.6711 8.1710 8.2544 0.0590
8.6711 8.1710 8.2587 0.0721
8.6711 8.1710 8.2587 0.0721
8.6711 8.1710 8.2587 0.0721
8.6711 8.1710 8.2587 0.0721
8.6711 8.1710 8.2587 0.0721
8.6711 8.1710 8.2587 0.0721
8.6711 8.1710 8.2587 0.0721
8.6711 8.1710 8.2593 0.0723
8.6711 8.1710 8.2593 0.0723
8.6711 8.1710 8.2593 0.0723
8.6711 8.1710 8.2593 0.0723
8.6711 8.1710 8.2593 0.0723
8.6711 8.1710 8.2593 0.0723
8.6711 8.1710 8.2601 0.0724
8.6711 8.1710 8.2601 0.0724
8.6711 8.1710 8.2604 0.0725
8.6711 8.1710 8.2604 0.0725
8.6711 8.1710 8.2609 0.0724
8.6711 8.1750 8.2618 0.0719
8.6711 8.1750 8.2621 0.0717
8.6711 8.1750 8.2621 0.0717
8.6711 8.1750 8.2621 0.0717
8.6711 8.1750 8.2627 0.0716
8.6711 8.1750 8.2634 0.0715
8.6711 8.1750 8.2638 0.0715
8.6711 8.1750 8.2638 0.0715
8.6711 8.1750 8.2641 0.0713
8.6711 8.1750 8.2642 0.0712
8.6711 8.1750 8.2642 0.0712
8.6711 8.1750 8.2642 0.0712
8.6711 8.1750 8.2642 0.0712
8.6711 8.1750 8.2643 0.0712
8.6711 8.1750 8.2643 0.0712
8.6711 8.1750 8.2646 0.0711
8.6925 8.1750 8.2648 0.0723
8.6925 8.1750 8.2648 0.0723
8.6925 8.1750 8.2652 0.0723
8.6925 8.1750 8.2653 0.0723
8.6925 8.1750 8.2653 0.0723
8.6925 8.1750 8.2653 0.0723
8.6925 8.1750 8.2655 0.0722
8.6925 8.1750 8.2657 0.0721
8.6925 8.1750 8.2657 0.0721
8.6925 8.1750 8.2657 0.0721
8.6925 8.1750 8.2657 0.0721
8.6925 8.1750 8.2665 0.0722
8.6925 8.1750 8.2667 0.0723
8.6925 8.1750 8.2667 0.0723
8.6925 8.1750 8.2667 0.0723
8.6925 8.1891 8.2674 0.0717
8.6925 8.1891 8.2683 0.0717
8.6925 8.1891 8.2686 0.0717
8.6925 8.1891 8.2694 0.0718
8.6925 8.1891 8.2694 0.0718
8.6925 8.1891 8.2698 0.0717
8.6925 8.1891 8.2698 0.0717
8.6925 8.1891 8.2698 0.0717
8.6925 8.1891 8.2702 0.0716
8.6925 8.1891 8.2711 0.0715
8.6925 8.1891 8.2719 0.0712
8.6925 8.1891 8.2720 0.0712
8.6925 8.1891 8.2724 0.0711
8.6925 8.1891 8.2724 0.0711
8.6925 8.1891 8.2724 0.0711
8.6925 8.1891 8.2724 0.0711
8.6925 8.1891 8.2727 0.0712
8.6925 8.1891 8.2727 0.0712
8.6925 8.1891 8.2727 0.0712
8.6925 8.1891 8.2727 0.0712
8.6925 8.1891 8.2727 0.0712
8.6925 8.1891 8.2727 0.0712
8.6925 8.1891 8.2729 0.0713
8.6925 8.1891 8.2729 0.0713
8.6925 8.1891 8.2729 0.0713
8.6925 8.1891 8.2731 0.0713
8.6925 8.1891 8.2731 0.0714
8.6925 8.1891 8.2734 0.0712
8.6925 8.1891 8.2737 0.0713
8.6925 8.1891 8.2743 0.0711
8.6925 8.1891 8.2743 0.0711
8.7388 8.1891 8.2789 0.0848
8.7388 8.1891 8.2789 0.0848
8.7388 8.1891 8.2789 0.0848
8.7388 8.1891 8.2791 0.0848
8.7388 8.1891 8.2794 0.0848
8.7388 8.1891 8.2794 0.0848
8.7388 8.1891 8.2794 0.0848
8.7388 8.1891 8.2795 0.0849
8.7388 8.1891 8.2795 0.0849
8.7388 8.1891 8.2795 0.0849
8.7388 8.1891 8.2801 0.0846
8.7388 8.1891 8.2801 0.0846
8.7388 8.1891 8.2802 0.0846
8.7388 8.1891 8.2844 0.0961
8.7388 8.1891 8.2844 0.0961
8.7388 8.1891 8.2844 0.0961
8.7388 8.1891 8.2850 0.0961
8.7388 8.1891 8.2854 0.0960
8.7388 8.1891 8.2854 0.0960
8.7388 8.1891 8.2854 0.0959
8.8136 8.1891 8.2862 0.0997
8.8136 8.1891 8.2870 0.0995
8.8136 8.1891 8.2870 0.0995
8.8136 8.1891 8.2870 0.0995
8.8136 8.1891 8.2875 0.0995
8.8136 8.1891 8.2878 0.0994
8.8136 8.1891 8.2878 0.0994
8.8136 8.1891 8.2886 0.0993
8.8136 8.1891 8.2890 0.0993
8.8136 8.1891 8.2890 0.0993
8.8136 8.1891 8.2890 0.0993
8.8136 8.1891 8.2890 0.0993
8.8136 8.1891 8.2945 0.1122
8.8136 8.1891 8.2945 0.1122
8.8136 8.1891 8.2952 0.1122
8.8136 8.1891 8.2958 0.1119
8.8136 8.1891 8.3013 0.1232
8.8136 8.1891 8.3013 0.1232
8.8136 8.1891 8.3013 0.1232
8.8136 8.1891 8.3013 0.1232
8.8136 8.1891 8.3013 0.1232
8.8136 8.1891 8.3017 0.1230
8.8136 8.1891 8.3017 0.1230
8.8136 8.1891 8.3019 0.1229
8.8136 8.1891 8.3019 0.1229
8.8136 8.1891 8.3073 0.1330
8.8136 8.1891 8.3082 0.1328
8.8136 8.1891 8.3083 0.1327
8.8136 8.1891 8.3083 0.1327
8.8136 8.1891 8.3083 0.1327
8.8136 8.1891 8.3083 0.1327
8.8136 8.1891 8.3083 0.1327
8.8136 8.1891 8.3083 0.1327
8.8136 8.1891 8.3084 0.1327
8.8136 8.1891 8.3084 0.1327
8.8136 8.1891 8.3093 0.1325
8.8136 8.1891 8.3093 0.1325
8.8136 8.1891 8.3093 0.1325
8.8136 8.1891 8.3149 0.1416
8.8136 8.1891 8.3149 0.1416
8.8136 8.1891 8.3149 0.1416
8.8136 8.1891 8.3149 0.1416
8.8136 8.1891 8.3149 0.1416
8.8136 8.1891 8.3200 0.1500
8.8136 8.1891 8.3202 0.1500
8.8136 8.1891 8.3247 0.1542
8.8136 8.1891 8.3251 0.1541
8.8136 8.1891 8.3253 0.1540
8.8136 8.1891 8.3253 0.1540
8.8136 8.1891 8.3253 0.1540
8.8136 8.1891 8.3262 0.1537
8.8136 8.1891 8.3262 0.1537
8.8136 8.1891 8.3262 0.1537
8.8136 8.1891 8.3262 0.1537
8.8136 8.1891 8.3266 0.1535
8.8136 8.1891 8.3266 0.1535
8.8136 8.1891 8.3266 0.1535
8.8136 8.1891 8.3313 0.1574
8.8136 8.1891 8.3313 0.1574
8.8136 8.1891 8.3313 0.1574
8.8136 8.1891 8.3313 0.1574
8.8136 8.1891 8.3313 0.1574
8.8136 8.1891 8.3315 0.1573
8.8136 8.1891 8.3315 0.1573
8.8136 8.1891 8.3318 0.1573
8.8136 8.1891 8.3318 0.1573
8.8136 8.1891 8.3356 0.1591
8.8136 8.1891 8.3356 0.1591
8.8136 8.1891 8.3356 0.1591
8.8136 8.1891 8.3357 0.1590
8.8136 8.1891 8.3357 0.1590
8.8136 8.1891 8.3358 0.1590
8.8136 8.1891 8.3358 0.1590
8.8136 8.1891 8.3358 0.1590
8.8136 8.1891 8.3368 0.1587
8.8136 8.1891 8.3407 0.1609
8.8136 8.1891 8.3407 0.1609
8.8136 8.1891 8.3461 0.1675
8.8136 8.1891 8.3467 0.1672
8.8136 8.1891 8.3467 0.1672
8.8136 8.1891 8.3469 0.1672
8.8136 8.1891 8.3490 0.1671
8.8136 8.1891 8.3495 0.1669
8.8136 8.1891 8.3495 0.1669
8.8136 8.1891 8.3501 0.1667
8.8171 8.1891 8.3501 0.1668
8.8171 8.2176 8.3552 0.1694
8.8171 8.2176 8.3555 0.1693
8.8171 8.2176 8.3555 0.1693
8.8171 8.2176 8.3556 0.1692
8.8171 8.2176 8.3556 0.1692
8.8171 8.2176 8.3557 0.1692
8.8171 8.2176 8.3557 0.1692
8.8171 8.2176 8.3557 0.1692
8.8171 8.2176 8.3557 0.1692
8.8171 8.2176 8.3557 0.1692
8.8171 8.2176 8.3608 0.1753
8.8171 8.2176 8.3608 0.1753
8.8171 8.2176 8.3608 0.1753
8.8171 8.2176 8.3608 0.1753
8.8171 8.2176 8.3608 0.1753
8.8171 8.2176 8.3609 0.1752
8.8171 8.2176 8.3658 0.1809
8.8171 8.2176 8.3658 0.1809
8.8171 8.2176 8.3658 0.1809
8.8171 8.2176 8.3658 0.1809
8.8171 8.2176 8.3660 0.1808
8.8171 8.2176 8.3668 0.1804
8.8171 8.2176 8.3668 0.1804
8.8171 8.2176 8.3668 0.1804
8.8171 8.2176 8.3668 0.1804
8.8171 8.2176 8.3668 0.1804
8.8171 8.2176 8.3668 0.1804
8.8171 8.2176 8.3668 0.1804
8.8171 8.2176 8.3712 0.1829
8.8171 8.2176 8.3712 0.1829
8.8171 8.2176 8.3716 0.1827
8.8171 8.2176 8.3724 0.1822
8.8171 8.2176 8.3724 0.1822
8.8171 8.2176 8.3724 0.1822
8.8171 8.2176 8.3724 0.1822
8.8171 8.2176 8.3729 0.1820
8.8171 8.2176 8.3729 0.1820
8.8171 8.2176 8.3730 0.1820
8.8171 8.2176 8.3738 0.1815
8.8171 8.2176 8.3740 0.1813
8.8171 8.2176 8.3740 0.1813
8.8171 8.2176 8.3740 0.1813
8.8171 8.2176 8.3740 0.1813
8.8171 8.2176 8.3740 0.1813
8.8171 8.2176 8.3741 0.1813
8.8171 8.2176 8.3792 0.1864
8.8171 8.2176 8.3831 0.1888
8.8171 8.2176 8.3831 0.1888
8.8171 8.2176 8.3831 0.1888
8.8171 8.2176 8.3831 0.1888
8.8171 8.2176 8.3831 0.1888
8.8171 8.2176 8.3835 0.1885
8.8171 8.2205 8.3841 0.1881
8.8171 8.2205 8.3842 0.1881
8.8171 8.2205 8.3842 0.1881
8.8171 8.2205 8.3844 0.1880
8.8171 8.2205 8.3844 0.1880
8.8171 8.2205 8.3844 0.1880
8.8171 8.2205 8.3844 0.1880
8.8171 8.2205 8.3844 0.1880
8.8171 8.2205 8.3844 0.1880
8.8171 8.2205 8.3849 0.1877
8.8171 8.2205 8.3855 0.1873
8.8171 8.2205 8.3855 0.1873
8.8171 8.2205 8.3855 0.1873
8.8171 8.2205 8.3855 0.1873
8.8171 8.2205 8.3897 0.1895
8.8171 8.2205 8.3897 0.1895
8.8171 8.2205 8.3897 0.1895
8.8171 8.2205 8.3907 0.1889
8.8171 8.2205 8.3907 0.1889
8.8171 8.2205 8.3913 0.1884
8.8171 8.2205 8.3921 0.1879
8.8171 8.2205 8.3921 0.1879
8.8171 8.2205 8.3925 0.1877
8.8171 8.2205 8.3925 0.1877
8.8171 8.2205 8.3930 0.1874
8.8171 8.2205 8.3930 0.1874
8.8171 8.2205 8.3934 0.1872
8.8171 8.2205 8.3935 0.1871
8.8171 8.2205 8.3935 0.1871
8.8171 8.2205 8.3935 0.1871
8.8171 8.2205 8.3935 0.1871
8.8171 8.2205 8.3935 0.1871
8.8171 8.2205 8.3935 0.1871
8.8171 8.2205 8.3986 0.1915
8.8171 8.2205 8.3986 0.1915
8.8171 8.2205 8.3986 0.1915
8.8171 8.2205 8.3986 0.1915
8.8171 8.2205 8.3986 0.1915
8.8171 8.2205 8.3986 0.1915
8.8171 8.2205 8.3986 0.1915
8.8171 8.2205 8.3986 0.1915
8.8171 8.2205 8.4030 0.1935
8.8171 8.2205 8.4030 0.1935
8.8171 8.2205 8.4035 0.1932
8.8171 8.2205 8.4037 0.1931
8.8171 8.2205 8.4037 0.1931
8.8171 8.2205 8.4088 0.1962
8.8171 8.2205 8.4088 0.1962
8.8171 8.2205 8.4089 0.1962
8.8171 8.2205 8.4089 0.1962
8.8171 8.2205 8.4089 0.1962
8.8171 8.2205 8.4136 0.1996
8.8171 8.2205 8.4191 0.2038
8.8171 8.2205 8.4191 0.2038
8.8171 8.2300 8.4201 0.2030
8.8171 8.2300 8.4201 0.2030
8.8171 8.2300 8.4204 0.2028
8.8171 8.2300 8.4204 0.2028
8.8171 8.2300 8.4204 0.2028
8.8171 8.2300 8.4205 0.2028
8.8171 8.2300 8.4205 0.2028
8.8171 8.2300 8.4205 0.2028
8.8171 8.2300 8.4205 0.2028
8.8171 8.2300 8.4205 0.2028
8.8171 8.2300 8.4205 0.2028
8.8171 8.2300 8.4224 0.2057
8.8171 8.2300 8.4224 0.2057
8.8171 8.2300 8.4224 0.2057
8.8171 8.2300 8.4224 0.2057
8.8171 8.2300 8.4260 0.2069
8.8171 8.2300 8.4260 0.2069
8.8171 8.2300 8.4260 0.2069
8.8171 8.2300 8.4260 0.2068
8.8171 8.2300 8.4260 0.2068
8.8171 8.2300 8.4260 0.2068
8.8171 8.2300 8.4310 0.2101
8.8171 8.2300 8.4311 0.2100
8.8171 8.2300 8.4311 0.2100
8.8171 8.2300 8.4311 0.2100
8.8171 8.2300 8.4356 0.2122
8.8171 8.2300 8.4356 0.2122
8.8171 8.2300 8.4359 0.2126
8.8171 8.2300 8.4359 0.2126
8.8171 8.2300 8.4359 0.2126
8.8171 8.2300 8.4361 0.2128
8.8171 8.2300 8.4361 0.2128
8.8171 8.2300 8.4369 0.2122
8.8171 8.2300 8.4369 0.2122
8.8171 8.2300 8.4371 0.2120
8.8171 8.2300 8.4371 0.2120
8.8171 8.2300 8.4371 0.2120
8.8171 8.2300 8.4371 0.2120
8.8171 8.2300 8.4373 0.2119
8.8171 8.2300 8.4374 0.2119
8.8171 8.2300 8.4375 0.2118
8.8171 8.2300 8.4426 0.2147
8.8171 8.2300 8.4426 0.2147
8.8171 8.2300 8.4426 0.2146
8.8171 8.2300 8.4454 0.2137
8.8171 8.2300 8.4492 0.2146
8.8171 8.2300 8.4492 0.2146
8.8171 8.2300 8.4501 0.2142
8.8171 8.2300 8.4501 0.2142
8.8171 8.2300 8.4515 0.2138
8.8171 8.2300 8.4515 0.2138
8.8171 8.2300 8.4515 0.2138
8.8171 8.2300 8.4515 0.2138
8.8171 8.2300 8.4515 0.2137
8.8171 8.2300 8.4515 0.2137
8.8171 8.2300 8.4548 0.2142
8.8171 8.2300 8.4548 0.2142
8.8171 8.2300 8.4548 0.2142
8.8171 8.2300 8.4587 0.2152
8.8171 8.2300 8.4588 0.2151
8.8171 8.2300 8.4588 0.2151
8.8171 8.2300 8.4592 0.2148
8.8171 8.2300 8.4631 0.2154
8.8171 8.2300 8.4631 0.2154
8.8171 8.2300 8.4664 0.2158
8.8171 8.2300 8.4703 0.2166
8.8171 8.2300 8.4703 0.2166
8.8171 8.2300 8.4705 0.2165
8.8171 8.2300 8.4705 0.2165
8.8171 8.2300 8.4742 0.2173
8.8171 8.2300 8.4747 0.2169
8.8171 8.2300 8.4747 0.2169
8.8171 8.2300 8.4747 0.2169
8.8171 8.2300 8.4747 0.2169
8.8171 8.2300 8.4747 0.2169
8.8171 8.2360 8.4802 0.2175
8.8171 8.2360 8.4802 0.2175
8.8171 8.2360 8.4802 0.2175
8.8171 8.2360 8.4802 0.2175
8.8171 8.2360 8.4802 0.2175
8.8171 8.2360 8.4802 0.2175
8.8171 8.2360 8.4802 0.2175
8.8171 8.2360 8.4802 0.2175
8.8171 8.2360 8.4802 0.2175
8.8171 8.2360 8.4802 0.2175
8.8171 8.2360 8.4802 0.2175
8.8171 8.2360 8.4802 0.2175
8.8171 8.2360 8.4802 0.2175
8.8171 8.2360 8.4802 0.2175
8.8171 8.2360 8.4802 0.2175
8.8171 8.2360 8.4802 0.2175
8.8171 8.2360 8.4840 0.2181
8.8171 8.2360 8.4858 0.2174
8.8171 8.2360 8.4861 0.2172
8.8171 8.2360 8.4861 0.2172
8.8171 8.2360 8.4861 0.2172
8.8171 8.2360 8.4867 0.2168
8.8171 8.2360 8.4867 0.2168
8.8171 8.2360 8.4869 0.2166
8.8171 8.2360 8.4869 0.2166
8.8171 8.2360 8.4869 0.2166
8.8171 8.2360 8.4869 0.2166
8.8171 8.2360 8.4870 0.2166
8.8171 8.2360 8.4870 0.2166
8.8171 8.2360 8.4870 0.2166
8.8171 8.2360 8.4870 0.2166
8.8171 8.2360 8.4920 0.2183
8.8171 8.2360 8.4920 0.2183
8.8171 8.2360 8.4920 0.2183
8.8171 8.2360 8.4920 0.2183
8.8171 8.2360 8.4922 0.2181
8.8171 8.2360 8.4963 0.2179
8.8237 8.2360 8.5025 0.2196
8.8237 8.2360 8.5025 0.2196
8.8237 8.2360 8.5025 0.2196
8.8237 8.2360 8.5026 0.2196
8.8237 8.2360 8.5064 0.2198
8.8237 8.2360 8.5064 0.2198
8.8237 8.2360 8.5064 0.2198
8.8237 8.2360 8.5064 0.2198
8.8237 8.2360 8.5118 0.2206
8.8237 8.2360 8.5118 0.2206
8.8237 8.2360 8.5118 0.2206
8.8237 8.2360 8.5172 0.2213
8.8237 8.2360 8.5172 0.2214
8.8237 8.2360 8.5174 0.2213
8.8237 8.2360 8.5174 0.2213
8.8237 8.2360 8.5213 0.2230
8.8237 8.2360 8.5259 0.2235
8.8237 8.2360 8.5309 0.2243
8.8237 8.2360 8.5309 0.2243
8.8237 8.2360 8.5309 0.2243
8.8237 8.2360 8.5309 0.2243
8.8237 8.2360 8.5313 0.2249
8.8237 8.2360 8.5313 0.2249
8.8237 8.2360 8.5313 0.2249
8.8237 8.2423 8.5371 0.2246
8.8237 8.2423 8.5374 0.2243
8.8237 8.2423 8.5374 0.2243
8.8237 8.2423 8.5374 0.2243
8.8237 8.2423 8.5374 0.2243
8.8237 8.2423 8.5409 0.2237
8.8237 8.2423 8.5463 0.2239
8.8237 8.2423 8.5463 0.2239
8.8237 8.2423 8.5485 0.2226
8.8237 8.2423 8.5485 0.2226
8.8237 8.2423 8.5485 0.2226
8.8237 8.2423 8.5522 0.2218
8.8237 8.2423 8.5561 0.2211
8.8237 8.2423 8.5561 0.2211
8.8237 8.2423 8.5569 0.2218
8.8237 8.2423 8.5569 0.2218
8.8237 8.2423 8.5569 0.2218
8.8237 8.2423 8.5590 0.2232
8.8237 8.2423 8.5591 0.2231
8.8237 8.2423 8.5591 0.2231
8.8237 8.2423 8.5591 0.2231
8.8237 8.2423 8.5636 0.2226
8.8237 8.2423 8.5685 0.2226
8.8237 8.2423 8.5685 0.2226
8.8237 8.2423 8.5685 0.2226
8.8237 8.2423 8.5685 0.2226
8.8237 8.2423 8.5690 0.2229
8.8237 8.2423 8.5727 0.2218
8.8237 8.2423 8.5727 0.2218
8.8237 8.2423 8.5737 0.2227
8.8237 8.2423 8.5737 0.2227
8.8237 8.2423 8.5737 0.2227
8.8237 8.2423 8.5746 0.2234
8.8237 8.2423 8.5746 0.2234
8.8237 8.2423 8.5746 0.2234
8.8237 8.2423 8.5746 0.2234
8.8237 8.2423 8.5746 0.2234
8.8237 8.2423 8.5746 0.2234
8.8237 8.2423 8.5746 0.2234
8.8237 8.2423 8.5746 0.2234
8.8237 8.2423 8.5746 0.2234
8.8237 8.2423 8.5746 0.2234
8.8237 8.2423 8.5746 0.2234
8.8237 8.2423 8.5798 0.2222
8.8237 8.2423 8.5798 0.2222
8.8364 8.2423 8.5800 0.2224
8.8364 8.2423 8.5800 0.2224
8.8364 8.2423 8.5800 0.2224
8.8364 8.2423 8.5807 0.2217
8.8364 8.2423 8.5814 0.2222
8.8364 8.2423 8.5814 0.2222
8.8364 8.2423 8.5814 0.2222
8.8364 8.2423 8.5814 0.2222
8.8395 8.2423 8.5870 0.2216
8.8395 8.2423 8.5872 0.2215
8.8395 8.2423 8.5887 0.2225
8.8395 8.2423 8.5895 0.2221
8.8395 8.2423 8.5904 0.2227
8.8395 8.2423 8.5945 0.2213
8.8395 8.2423 8.5945 0.2213
8.8395 8.2423 8.5945 0.2213
8.8395 8.2423 8.5945 0.2213
8.8395 8.2423 8.5945 0.2213
8.8395 8.2423 8.5945 0.2213
8.8395 8.2423 8.5995 0.2207
8.8395 8.2423 8.5995 0.2207
8.8395 8.2423 8.5995 0.2207
8.8395 8.2423 8.5995 0.2207
8.8395 8.2423 8.6032 0.2190
8.8395 8.2423 8.6032 0.2190
8.8395 8.2423 8.6032 0.2190
8.8395 8.2423 8.6032 0.2190
8.8395 8.2423 8.6032 0.2190
8.8395 8.2423 8.6032 0.2190
8.8395 8.2423 8.6034 0.2187
8.8395 8.2423 8.6034 0.2187
8.8395 8.2423 8.6067 0.2195
8.8395 8.2423 8.6067 0.2195
8.8395 8.2423 8.6067 0.2195
8.8395 8.2423 8.6084 0.2180
8.8395 8.2423 8.6084 0.2180
8.8395 8.2423 8.6084 0.2180
8.8395 8.2423 8.6084 0.2180
8.8395 8.2423 8.6084 0.2181
8.8395 8.2423 8.6102 0.2181
8.8395 8.2423 8.6102 0.2181
8.8395 8.2423 8.6117 0.2191
8.8395 8.2423 8.6120 0.2192
8.8395 8.2423 8.6120 0.2192
8.8429 8.2423 8.6122 0.2194
8.8429 8.2423 8.6122 0.2194
8.8429 8.2423 8.6122 0.2194
8.8429 8.2423 8.6122 0.2194
8.8429 8.2423 8.6122 0.2194
8.8429 8.2423 8.6122 0.2194
8.8429 8.2423 8.6143 0.2176
8.8429 8.2423 8.6143 0.2176
8.8429 8.2423 8.6178 0.2160
8.8429 8.2423 8.6178 0.2160
8.8429 8.2423 8.6178 0.2160
8.8429 8.2423 8.6180 0.2160
8.8429 8.2423 8.6186 0.2153
8.8429 8.2423 8.6186 0.2153
8.8429 8.2423 8.6186 0.2153
8.8429 8.2423 8.6233 0.2138
8.8429 8.2423 8.6233 0.2138
8.8429 8.2423 8.6233 0.2138
8.8429 8.2423 8.6233 0.2138
8.8429 8.2423 8.6238 0.2142
8.8429 8.2423 8.6238 0.2142
8.8429 8.2423 8.6238 0.2142
8.8429 8.2423 8.6252 0.2150
8.8429 8.2423 8.6299 0.2135
8.8429 8.2423 8.6302 0.2135
8.8429 8.2423 8.6302 0.2135
8.8429 8.2423 8.6302 0.2135
8.8429 8.2423 8.6313 0.2132
8.8429 8.2423 8.6352 0.2111
8.8429 8.2423 8.6352 0.2111
8.8429 8.2423 8.6352 0.2111
8.8429 8.2423 8.6398 0.2075
8.8429 8.2423 8.6409 0.2081
8.8429 8.2423 8.6409 0.2081
8.8429 8.2423 8.6409 0.2081
8.8429 8.2423 8.6409 0.2081
8.8429 8.2423 8.6409 0.2081
8.8429 8.2423 8.6409 0.2081
8.8429 8.2423 8.6409 0.2081
8.8429 8.2423 8.6409 0.2081
8.8429 8.2423 8.6456 0.2054
8.8429 8.2423 8.6456 0.2054
8.8429 8.2423 8.6456 0.2054
8.8429 8.2423 8.6507 0.2017
8.8429 8.2423 8.6507 0.2017
8.8429 8.2423 8.6507 0.2017
8.8429 8.2423 8.6508 0.2017
8.8429 8.2423 8.6526 0.2013
8.8429 8.2423 8.6526 0.2013
8.8429 8.2423 8.6526 0.2013
8.8429 8.2423 8.6575 0.1991
8.8429 8.2423 8.6575 0.1991
8.8429 8.2423 8.6575 0.1992
8.8429 8.2423 8.6575 0.1992
8.8429 8.2423 8.6575 0.1992
8.8429 8.2423 8.6575 0.1992
8.8429 8.2423 8.6575 0.1992
8.8429 8.2423 8.6575 0.1992
8.8429 8.2423 8.6575 0.1992
8.8429 8.2423 8.6588 0.1995
8.8429 8.2423 8.6588 0.1995
8.8429 8.2423 8.6588 0.1995
8.8429 8.2423 8.6588 0.1995
8.8429 8.2423 8.6588 0.1995
8.8429 8.2423 8.6588 0.1995
8.8429 8.2423 8.6593 0.1996
8.8429 8.2423 8.6593 0.1996
8.8429 8.2423 8.6612 0.1971
8.8429 8.2423 8.6613 0.1970
8.8429 8.2423 8.6613 0.1970
8.8429 8.2423 8.6613 0.1970
8.8429 8.2423 8.6650 0.1938
8.8429 8.2423 8.6650 0.1938
8.8429 8.2423 8.6684 0.1939
8.8429 8.2423 8.6728 0.1908
8.8429 8.2423 8.6768 0.1873
8.8429 8.2423 8.6802 0.1869
8.8429 8.2423 8.6802 0.1869
8.8429 8.2423 8.6802 0.1869
8.8429 8.2423 8.6802 0.1869
8.8429 8.2423 8.6805 0.1869
8.8429 8.2423 8.6805 0.1869
8.8429 8.2423 8.6805 0.1869
8.8429 8.2423 8.6805 0.1869
8.8429 8.2423 8.6814 0.1874
8.8429 8.2423 8.6814 0.1874
8.8429 8.2810 8.6818 0.1865
8.8429 8.2810 8.6863 0.1838
8.8429 8.2810 8.6863 0.1838
8.8429 8.2810 8.6863 0.1838
8.8429 8.2810 8.6912 0.1805
8.8429 8.2810 8.6912 0.1805
8.8429 8.2810 8.6912 0.1805
8.8429 8.2810 8.6912 0.1805
8.8429 8.2810 8.6912 0.1805
8.8429 8.2810 8.6916 0.1807
8.8429 8.2810 8.6916 0.1807
8.8429 8.2810 8.6916 0.1807
8.8429 8.2810 8.6916 0.1807
8.8429 8.2810 8.6929 0.1811
8.8429 8.2810 8.6949 0.1777
8.8429 8.2810 8.6949 0.1777
8.8429 8.2810 8.6957 0.1779
8.8429 8.2810 8.6967 0.1784
8.8429 8.2810 8.6967 0.1784
8.8429 8.2810 8.6967 0.1784
8.8429 8.2810 8.6967 0.1784
8.8429 8.2810 8.6967 0.1784
8.8429 8.2810 8.6967 0.1784
8.8429 8.2810 8.6967 0.1784
8.8429 8.2810 8.6967 0.1784
8.8429 8.2810 8.6967 0.1784
8.8429 8.2810 8.6968 0.1784
8.8429 8.2810 8.6968 0.1784
8.8429 8.2810 8.6969 0.1784
8.8429 8.2810 8.6981 0.1788
8.8429 8.2810 8.6981 0.1788
8.8429 8.2810 8.7015 0.1778
8.8429 8.2810 8.7015 0.1778
8.8429 8.2810 8.7049 0.1746
8.8429 8.2810 8.7049 0.1746
8.8429 8.2810 8.7058 0.1748
8.8429 8.2810 8.7058 0.1748
8.8429 8.2810 8.7060 0.1749
8.8429 8.2810 8.7060 0.1749
8.8429 8.2810 8.7061 0.1749
8.8429 8.2810 8.7109 0.1706
8.8429 8.2816 8.7117 0.1687
8.8429 8.2816 8.7129 0.1690
8.8429 8.2816 8.7129 0.1690
8.8429 8.2816 8.7129 0.1690
8.8429 8.2816 8.7129 0.1690
8.8429 8.2816 8.7129 0.1690
8.8429 8.2816 8.7158 0.1683
8.8429 8.2816 8.7158 0.1683
8.8429 8.2816 8.7171 0.1686
8.8429 8.2816 8.7171 0.1686
8.8429 8.2816 8.7171 0.1686
8.8429 8.2816 8.7222 0.1638
8.8429 8.2816 8.7222 0.1638
8.8429 8.2816 8.7222 0.1638
8.8429 8.2816 8.7222 0.1638
8.8429 8.2816 8.7232 0.1641
8.8429 8.2816 8.7232 0.1641
8.8429 8.2816 8.7232 0.1641
8.8429 8.2816 8.7260 0.1597
8.8429 8.2816 8.7260 0.1597
8.8429 8.2816 8.7260 0.1597
8.8429 8.2816 8.7309 0.1547
8.8429 8.2816 8.7309 0.1547
8.8429 8.2816 8.7309 0.1547
8.8429 8.2816 8.7309 0.1547
8.8429 8.2816 8.7309 0.1547
8.8463 8.2816 8.7363 0.1492
8.8463 8.2816 8.7365 0.1493
8.8463 8.2816 8.7365 0.1493
8.8463 8.2816 8.7365 0.1493
8.8463 8.2816 8.7365 0.1493
8.8463 8.2816 8.7369 0.1495
8.8463 8.2816 8.7369 0.1495
8.8463 8.2816 8.7369 0.1495
8.8463 8.2816 8.7369 0.1495
8.8463 8.2816 8.7416 0.1434
8.8463 8.2816 8.7419 0.1436
8.8463 8.2816 8.7419 0.1436
8.8463 8.2816 8.7419 0.1436
8.8463 8.2816 8.7419 0.1436
8.8463 8.2816 8.7427 0.1438
8.8463 8.2816 8.7458 0.1413
8.8463 8.2816 8.7464 0.1416
8.8463 8.2816 8.7468 0.1418
8.8463 8.2816 8.7468 0.1418
8.8463 8.2816 8.7511 0.1350
8.8463 8.2816 8.7514 0.1352
8.8463 8.2816 8.7514 0.1352
8.8463 8.2816 8.7515 0.1352
8.8463 8.2816 8.7515 0.1352
8.8463 8.2816 8.7516 0.1352
8.8463 8.2816 8.7516 0.1352
8.8463 8.2816 8.7523 0.1353
8.8463 8.2816 8.7523 0.1353
8.8463 8.2816 8.7523 0.1353
8.8463 8.2816 8.7523 0.1353
8.8463 8.2816 8.7523 0.1353
8.8463 8.2816 8.7523 0.1353
8.8463 8.2816 8.7526 0.1354
8.8463 8.2816 8.7526 0.1354
8.8463 8.2816 8.7542 0.1311
8.8463 8.2816 8.7542 0.1311
8.8463 8.2816 8.7542 0.1311
8.8463 8.2816 8.7542 0.1311
8.8463 8.2816 8.7542 0.1311
8.8463 8.2816 8.7542 0.1311
8.8463 8.2816 8.7564 0.1303
8.8463 8.2816 8.7564 0.1303
8.8463 8.2816 8.7572 0.1307
8.8463 8.2816 8.7572 0.1307
8.8463 8.2816 8.7572 0.1307
8.8463 8.2816 8.7572 0.1307
8.8463 8.2816 8.7584 0.1303
8.8463 8.2816 8.7584 0.1303
8.8463 8.2816 8.7587 0.1304
8.8463 8.2816 8.7587 0.1304
8.8463 8.2816 8.7587 0.1304
8.8463 8.2816 8.7588 0.1305
8.8463 8.2816 8.7602 0.1307
8.8463 8.2816 8.7602 0.1307
8.8463 8.2816 8.7602 0.1307
8.8463 8.2816 8.7602 0.1307
8.8463 8.2816 8.7603 0.1307
8.8463 8.2816 8.7603 0.1307
8.8463 8.2816 8.7603 0.1307
8.8463 8.2816 8.7604 0.1308
8.8463 8.2816 8.7606 0.1309
8.8463 8.2816 8.7606 0.1309
8.8463 8.2816 8.7613 0.1311
8.8463 8.2816 8.7614 0.1311
8.8463 8.2816 8.7660 0.1248
8.8463 8.2816 8.7660 0.1248
8.8463 8.2816 8.7660 0.1248
8.8463 8.2816 8.7660 0.1248
8.8463 8.2816 8.7660 0.1248
8.8463 8.2816 8.7660 0.1248
8.8463 8.2816 8.7673 0.1247
8.8463 8.2816 8.7673 0.1247
8.8463 8.2816 8.7673 0.1247
8.8463 8.2816 8.7673 0.1247
8.8463 8.2816 8.7673 0.1247
8.8463 8.2816 8.7673 0.1248
8.8463 8.2816 8.7673 0.1248
8.8463 8.2816 8.7673 0.1248
8.8463 8.2816 8.7673 0.1248
8.8463 8.2816 8.7679 0.1246
8.8463 8.2816 8.7714 0.1211
8.8463 8.2816 8.7714 0.1211
8.8463 8.2816 8.7714 0.1211
8.8463 8.2816 8.7720 0.1212
8.8463 8.2816 8.7720 0.1212
8.8463 8.2816 8.7720 0.1212
8.8463 8.2816 8.7723 0.1210
8.8463 8.2816 8.7723 0.1210
8.8463 8.2816 8.7723 0.1210
8.8463 8.2816 8.7723 0.1210
8.8463 8.2816 8.7723 0.1210
8.8463 8.2816 8.7729 0.1211
8.8463 8.2816 8.7729 0.1211
8.8463 8.2816 8.7729 0.1211
8.8463 8.2816 8.7729 0.1211
8.8463 8.2816 8.7729 0.1211
8.8463 8.2816 8.7729 0.1211
8.8463 8.2816 8.7729 0.1211
8.8463 8.2816 8.7729 0.1211
8.8463 8.2816 8.7730 0.1211
8.8463 8.2816 8.7730 0.1211
8.8463 8.2816 8.7731 0.1211
8.8463 8.2816 8.7731 0.1211
8.8463 8.2816 8.7731 0.1211
8.8463 8.2816 8.7731 0.1211
8.8463 8.2816 8.7734 0.1213
8.8463 8.2816 8.7734 0.1213
8.8463 8.2816 8.7734 0.1213
8.8463 8.2816 8.7745 0.1211
8.8463 8.2816 8.7745 0.1211
8.8463 8.2816 8.7745 0.1211
8.8463 8.2816 8.7746 0.1212
8.8463 8.2816 8.7746 0.1212
8.8463 8.2816 8.7747 0.1212
8.8463 8.2816 8.7750 0.1213
8.8463 8.2816 8.7750 0.1213
8.8463 8.2816 8.7750 0.1213
8.8463 8.2816 8.7752 0.1214
8.8463 8.2816 8.7752 0.1214
8.8463 8.2816 8.7752 0.1214
8.8463 8.2816 8.7752 0.1214
8.8463 8.2816 8.7752 0.1214
8.8463 8.2816 8.7797 0.1148
8.8463 8.3058 8.7799 0.1137
8.8463 8.3058 8.7811 0.1135
8.8463 8.3058 8.7811 0.1135
8.8463 8.3058 8.7811 0.1135
8.8463 8.3058 8.7811 0.1135
8.8463 8.3058 8.7811 0.1135
8.8463 8.3058 8.7859 0.1044
8.8463 8.3058 8.7859 0.1044
8.8463 8.3058 8.7859 0.1044
8.8463 8.3058 8.7901 0.0933
8.8463 8.3058 8.7901 0.0933
8.8463 8.3058 8.7901 0.0933
8.8463 8.3058 8.7901 0.0933
8.8463 8.3058 8.7904 0.0934
8.8463 8.3058 8.7904 0.0934
8.8463 8.3058 8.7904 0.0934
8.8463 8.3058 8.7904 0.0934
8.8463 8.3058 8.7904 0.0934
8.8463 8.3058 8.7904 0.0934
8.8463 8.3058 8.7906 0.0935
8.8463 8.3058 8.7910 0.0936
8.8463 8.3058 8.7910 0.0936
8.8463 8.3058 8.7910 0.0936
8.8463 8.3058 8.7910 0.0936
8.8463 8.3058 8.7910 0.0936
8.8463 8.3058 8.7910 0.0936
8.8463 8.3058 8.7910 0.0936
8.8463 8.3058 8.7910 0.0936
8.8463 8.3058 8.7910 0.0936
8.8463 8.3058 8.7910 0.0936
8.8463 8.3058 8.7910 0.0936
8.8463 8.3058 8.7917 0.0935
8.8463 8.3058 8.7917 0.0935
8.8463 8.3058 8.7917 0.0935
8.8463 8.3058 8.7917 0.0935
8.8463 8.3058 8.7917 0.0935
8.8463 8.3058 8.7917 0.0935
8.8463 8.3058 8.7917 0.0935
8.8463 8.3058 8.7919 0.0936
8.8463 8.3058 8.7919 0.0936
8.8463 8.3058 8.7919 0.0936
8.8463 8.3058 8.7929 0.0935
8.8463 8.3058 8.7929 0.0935
8.8463 8.3058 8.7929 0.0935
8.8463 8.3058 8.7929 0.0935
8.8463 8.3058 8.7929 0.0935
8.8463 8.3058 8.7929 0.0935
8.8463 8.3058 8.7929 0.0935
8.8463 8.3058 8.7934 0.0937
8.8463 8.3062 8.7988 0.0799
8.8463 8.3062 8.7988 0.0799
8.8463 8.3062 8.7988 0.0799
8.8463 8.3062 8.7990 0.0800
8.8463 8.3062 8.7990 0.0800
8.8463 8.3062 8.7993 0.0801
8.8463 8.3062 8.7993 0.0801
8.8463 8.3062 8.7993 0.0801
8.8463 8.3062 8.7998 0.0796
8.8463 8.3062 8.7998 0.0796
8.8463 8.3062 8.8000 0.0797
8.8463 8.3062 8.8000 0.0797
8.8463 8.3062 8.8000 0.0797
8.8463 8.3062 8.8000 0.0797
8.8463 8.3062 8.8005 0.0798
8.8463 8.3062 8.8005 0.0798
8.8463 8.3062 8.8007 0.0798
8.8463 8.3062 8.8007 0.0796
8.8463 8.3062 8.8007 0.0796
8.8463 8.3062 8.8007 0.0797
8.8463 8.3062 8.8010 0.0796
8.8463 8.3062 8.8010 0.0796
8.8463 8.3062 8.8010 0.0796
8.8463 8.3062 8.8010 0.0796
8.8463 8.3062 8.8010 0.0796
8.8463 8.3062 8.8012 0.0797
8.8463 8.3062 8.8012 0.0797
8.8463 8.3062 8.8012 0.0797
8.8463 8.3062 8.8012 0.0797
8.8463 8.3062 8.8012 0.0797
8.8463 8.3062 8.8012 0.0797
8.8463 8.3062 8.8012 0.0797
8.8463 8.3062 8.8012 0.0797
8.8463 8.3062 8.8012 0.0797
8.8463 8.3062 8.8012 0.0797
8.8463 8.3062 8.8017 0.0798
8.8463 8.3062 8.8017 0.0798
8.8463 8.3062 8.8017 0.0798
8.8463 8.3062 8.8025 0.0796
8.8463 8.3062 8.8026 0.0796
8.8463 8.3062 8.8026 0.0796
8.8463 8.3062 8.8026 0.0796
8.8463 8.3062 8.8026 0.0796
8.8463 8.3062 8.8026 0.0796
8.8463 8.3062 8.8026 0.0796
8.8463 8.3062 8.8026 0.0796
8.8463 8.3062 8.8026 0.0796
8.8463 8.3062 8.8026 0.0796
8.8463 8.3062 8.8027 0.0796
8.8463 8.3062 8.8027 0.0796
8.8463 8.3062 8.8027 0.0796
8.8463 8.3062 8.8056 0.0746
8.8463 8.3062 8.8056 0.0746
8.8463 8.3062 8.8056 0.0746
8.8463 8.3062 8.8102 0.0602
8.8463 8.3062 8.8102 0.0602
8.8463 8.3062 8.8102 0.0602
8.8463 8.3062 8.8102 0.0602
8.8463 8.3062 8.8102 0.0602
8.8463 8.3062 8.8103 0.0602
8.8463 8.3062 8.8103 0.0602
8.8463 8.3062 8.8103 0.0602
8.8463 8.3062 8.8103 0.0602
8.8463 8.3062 8.8103 0.0602
8.8463 8.3062 8.8103 0.0602
8.8463 8.3062 8.8106 0.0603
8.8463 8.3062 8.8106 0.0603
8.8463 8.3062 8.8106 0.0603
8.8463 8.3062 8.8106 0.0603
8.8463 8.3062 8.8114 0.0601
8.8463 8.3062 8.8127 0.0593
8.8463 8.3062 8.8127 0.0593
8.8463 8.3062 8.8130 0.0594
8.8463 8.3062 8.8130 0.0594
8.8463 8.3062 8.8130 0.0594
8.8463 8.3062 8.8132 0.0595
8.8463 8.3062 8.8132 0.0595
8.8463 8.3062 8.8132 0.0595
8.8463 8.3062 8.8135 0.0594
8.8463 8.3062 8.8135 0.0594
8.8463 8.3062 8.8135 0.0594
8.8463 8.3062 8.8135 0.0594
8.8463 8.3062 8.8135 0.0594
8.8463 8.3062 8.8135 0.0594
8.8463 8.3062 8.8135 0.0594
8.8463 8.3062 8.8135 0.0594
8.8463 8.3062 8.8138 0.0595
8.8463 8.3062 8.8138 0.0595
8.8463 8.3062 8.8139 0.0595
8.8463 8.3062 8.8139 0.0595
8.8463 8.3062 8.8139 0.0595
8.8463 8.3062 8.8139 0.0595
8.8463 8.3062 8.8141 0.0596
8.8463 8.3062 8.8147 0.0595
8.8463 8.3062 8.8147 0.0595
8.8463 8.3062 8.8147 0.0595
8.8463 8.3062 8.8147 0.0595
8.8463 8.3062 8.8147 0.0595
8.8463 8.3062 8.8149 0.0595
8.8463 8.3062 8.8149 0.0595
8.8463 8.3062 8.8149 0.0595
8.8463 8.3062 8.8151 0.0596
8.8463 8.3062 8.8151 0.0596
8.8463 8.3062 8.8151 0.0596
8.8463 8.3062 8.8151 0.0596
8.8463 8.3062 8.8151 0.0596
8.8463 8.3062 8.8152 0.0596
8.8463 8.3062 8.8158 0.0588
8.8463 8.3062 8.8158 0.0588
8.8463 8.3062 8.8158 0.0588
8.8463 8.3062 8.8159 0.0588
8.8463 8.3062 8.8159 0.0588
8.8463 8.3062 8.8159 0.0588
8.8463 8.3062 8.8159 0.0588
8.8463 8.3062 8.8159 0.0588
8.8463 8.3062 8.8159 0.0588
8.8463 8.3062 8.8159 0.0588
8.8463 8.3062 8.8159 0.0588
8.8463 8.3062 8.8159 0.0588
8.8463 8.3062 8.8159 0.0588
8.8463 8.3062 8.8159 0.0588
8.8463 8.3062 8.8159 0.0588
8.8463 8.3062 8.8159 0.0588
8.8463 8.3062 8.8159 0.0588
8.8463 8.3062 8.8159 0.0588
8.8463 8.3062 8.8159 0.0588
8.8463 8.3062 8.8159 0.0588
8.8463 8.3062 8.8159 0.0588
8.8463 8.3062 8.8159 0.0588
8.8463 8.6870 8.8210 0.0289
8.8463 8.6870 8.8211 0.0289
8.8463 8.6870 8.8211 0.0289
8.8463 8.6870 8.8211 0.0289
8.8513 8.6870 8.8212 0.0290
8.8513 8.6870 8.8212 0.0290
8.8513 8.6870 8.8212 0.0290
8.8513 8.6870 8.8212 0.0290
8.8513 8.6870 8.8212 0.0290
8.8513 8.6870 8.8212 0.0290
8.8513 8.6870 8.8214 0.0290
8.8513 8.6870 8.8214 0.0290
8.8513 8.6870 8.8215 0.0291
8.8513 8.6870 8.8215 0.0291
8.8513 8.6870 8.8218 0.0291
8.8513 8.6870 8.8218 0.0291
8.8513 8.6870 8.8218 0.0291
8.8513 8.6870 8.8222 0.0284
8.8513 8.6870 8.8222 0.0284
8.8513 8.6870 8.8224 0.0284
8.8513 8.6870 8.8224 0.0284
8.8513 8.6870 8.8224 0.0285
8.8513 8.6870 8.8224 0.0285
8.8513 8.6870 8.8224 0.0285
8.8513 8.6870 8.8224 0.0285
8.8513 8.6870 8.8224 0.0285
8.8513 8.6870 8.8224 0.0285
8.8513 8.6870 8.8224 0.0285
8.8513 8.6870 8.8224 0.0285
8.8513 8.6870 8.8224 0.0285
8.8513 8.6870 8.8224 0.0285
8.8513 8.6870 8.8224 0.0285
8.8513 8.6870 8.8224 0.0285
8.8513 8.6870 8.8225 0.0285
8.8513 8.6870 8.8225 0.0285
8.8513 8.6870 8.8225 0.0285
8.8513 8.6870 8.8225 0.0285
8.8513 8.6870 8.8227 0.0286
8.8513 8.6870 8.8227 0.0286
8.8513 8.6870 8.8237 0.0274
8.8513 8.6870 8.8237 0.0274
8.8513 8.6870 8.8237 0.0274
8.8513 8.6870 8.8237 0.0274
8.8513 8.6870 8.8237 0.0274
8.8513 8.6870 8.8239 0.0273
8.8513 8.6870 8.8239 0.0273
8.8513 8.6870 8.8239 0.0273
8.8513 8.6870 8.8239 0.0273
8.8513 8.6870 8.8242 0.0274
8.8513 8.6870 8.8242 0.0274
8.8513 8.6870 8.8242 0.0274
8.8513 8.6870 8.8242 0.0274
8.8513 8.6870 8.8242 0.0274
8.8513 8.6870 8.8242 0.0274
8.8513 8.6870 8.8244 0.0274
8.8513 8.6870 8.8244 0.0274
8.8513 8.6870 8.8244 0.0274
8.8513 8.6870 8.8244 0.0274
8.8513 8.6870 8.8244 0.0275
8.8513 8.6870 8.8250 0.0273
8.8513 8.6870 8.8258 0.0264
8.8513 8.6870 8.8260 0.0265
8.8513 8.6870 8.8260 0.0265
8.8513 8.6870 8.8260 0.0265
8.8513 8.6870 8.8260 0.0265
8.8513 8.6870 8.8262 0.0265
8.8513 8.6870 8.8262 0.0265
8.8513 8.6870 8.8262 0.0265
8.8513 8.6870 8.8262 0.0265
8.8513 8.6870 8.8262 0.0265
8.8513 8.6870 8.8262 0.0265
8.8513 8.6870 8.8262 0.0266
8.8513 8.6870 8.8262 0.0266
8.8513 8.6870 8.8262 0.0266
8.8513 8.6870 8.8262 0.0266
8.8513 8.6870 8.8270 0.0260
8.8513 8.6870 8.8270 0.0260
8.8513 8.6870 8.8270 0.0260
8.8513 8.6870 8.8270 0.0260
8.8513 8.6870 8.8270 0.0260
8.8513 8.6870 8.8270 0.0260
8.8513 8.6870 8.8270 0.0260
8.8513 8.6870 8.8270 0.0260
8.8513 8.6870 8.8270 0.0260
8.8513 8.6870 8.8270 0.0260
8.8513 8.6870 8.8270 0.0260
8.8513 8.6870 8.8270 0.0260
8.8513 8.6870 8.8270 0.0260
8.8513 8.6870 8.8270 0.0260
8.8513 8.6870 8.8270 0.0260
8.8513 8.6870 8.8270 0.0260
8.8513 8.6870 8.8273 0.0260
8.8513 8.6870 8.8273 0.0260
8.8513 8.6870 8.8273 0.0260
8.8513 8.6870 8.8273 0.0260
8.8513 8.6870 8.8273 0.0260
8.8513 8.6870 8.8275 0.0260
8.8513 8.6870 8.8275 0.0260
8.8513 8.6870 8.8275 0.0260
8.8513 8.6870 8.8275 0.0260
8.8513 8.6870 8.8275 0.0260
8.8513 8.6870 8.8275 0.0260
8.8513 8.6870 8.8275 0.0260
8.8513 8.6870 8.8275 0.0260
8.8513 8.6870 8.8282 0.0254
8.8513 8.6870 8.8290 0.0247
8.8513 8.6870 8.8290 0.0247
8.8513 8.6870 8.8290 0.0247
8.8513 8.6870 8.8293 0.0247
8.8513 8.6870 8.8293 0.0247
8.8513 8.6870 8.8293 0.0247
8.8513 8.6870 8.8293 0.0247
8.8513 8.6870 8.8293 0.0247
8.8513 8.6870 8.8293 0.0247
8.8513 8.6870 8.8293 0.0247
8.8513 8.6870 8.8293 0.0247
8.8513 8.6870 8.8296 0.0247
8.8513 8.6870 8.8296 0.0247
8.8513 8.6870 8.8298 0.0247
8.8513 8.6870 8.8298 0.0247
8.8513 8.6870 8.8298 0.0247
8.8513 8.6870 8.8298 0.0247
8.8513 8.6870 8.8298 0.0247
8.8513 8.6870 8.8298 0.0247
8.8513 8.6870 8.8298 0.0247
8.8513 8.6870 8.8298 0.0247
8.8513 8.6870 8.8298 0.0247
8.8513 8.6870 8.8298 0.0247
8.8513 8.6870 8.8298 0.0247
8.8513 8.6870 8.8298 0.0247
8.8513 8.6870 8.8298 0.0247
8.8513 8.6870 8.8299 0.0247
8.8513 8.6870 8.8299 0.0247
8.8513 8.6870 8.8299 0.0247
8.8513 8.6870 8.8299 0.0247
8.8513 8.6870 8.8300 0.0247
8.8513 8.6870 8.8300 0.0247
8.8513 8.6870 8.8300 0.0247
8.8513 8.6870 8.8300 0.0247
8.8513 8.6870 8.8306 0.0243
8.8513 8.6870 8.8306 0.0243
8.8513 8.6870 8.8308 0.0243
8.8513 8.6870 8.8308 0.0243
8.8513 8.6870 8.8308 0.0243
8.8513 8.6870 8.8308 0.0243
8.8513 8.6870 8.8308 0.0243
8.8513 8.6870 8.8309 0.0243
8.8513 8.6870 8.8309 0.0243
8.8513 8.6870 8.8309 0.0243
8.8513 8.6870 8.8309 0.0243
8.8513 8.6870 8.8309 0.0244
8.8513 8.6870 8.8309 0.0244
8.8513 8.6870 8.8310 0.0244
8.8513 8.6870 8.8310 0.0244
8.8513 8.6870 8.8310 0.0244
8.8513 8.6870 8.8310 0.0244
8.8513 8.6870 8.8310 0.0244
8.8513 8.6870 8.8310 0.0244
8.8513 8.6870 8.8310 0.0244
8.8513 8.6870 8.8310 0.0244
8.8513 8.6870 8.8312 0.0244
8.8513 8.6870 8.8315 0.0243
8.8513 8.6870 8.8315 0.0243
8.8513 8.6870 8.8316 0.0243
8.8513 8.6870 8.8316 0.0243
8.8513 8.6870 8.8316 0.0243
8.8513 8.6870 8.8316 0.0244
8.8513 8.6870 8.8316 0.0244
8.8513 8.6870 8.8316 0.0244
8.8513 8.6870 8.8316 0.0244
8.8513 8.6870 8.8316 0.0244
8.8513 8.6870 8.8316 0.0244
8.8513 8.6870 8.8318 0.0244
8.8513 8.6870 8.8319 0.0244
8.8513 8.6870 8.8321 0.0244
8.8550 8.6870 8.8324 0.0245
8.8550 8.6870 8.8324 0.0245
8.8550 8.6870 8.8324 0.0245
8.8550 8.6870 8.8324 0.0245
8.8550 8.6870 8.8324 0.0245
8.8550 8.6870 8.8324 0.0245
8.8550 8.6870 8.8327 0.0244
8.8550 8.6870 8.8327 0.0244
8.8550 8.6870 8.8327 0.0244
8.8550 8.6870 8.8327 0.0244
8.8550 8.6870 8.8327 0.0244
8.8550 8.6870 8.8327 0.0244
8.8550 8.6870 8.8327 0.0244
8.8550 8.6870 8.8327 0.0244
8.8550 8.6870 8.8327 0.0244
8.8550 8.6870 8.8327 0.0244
8.8550 8.6870 8.8327 0.0244
8.8550 8.6870 8.8327 0.0244
8.8550 8.6870 8.8327 0.0244
8.8604 8.6870 8.8329 0.0246
8.8604 8.6870 8.8329 0.0246
8.8604 8.6870 8.8329 0.0246
8.8604 8.6870 8.8329 0.0246
8.8604 8.7128 8.8344 0.0197
8.8604 8.7128 8.8355 0.0172
8.8604 8.7128 8.8355 0.0172
8.8604 8.7128 8.8355 0.0172
8.8604 8.7128 8.8355 0.0172
8.8604 8.7128 8.8355 0.0172
8.8604 8.7128 8.8355 0.0172
8.8604 8.7128 8.8355 0.0172
8.8604 8.7128 8.8355 0.0172
8.8604 8.7128 8.8355 0.0172
8.8604 8.7128 8.8355 0.0172
8.8604 8.7128 8.8355 0.0172
8.8604 8.7128 8.8355 0.0172
8.8604 8.7128 8.8355 0.0172
8.8604 8.7128 8.8355 0.0172
8.8604 8.7128 8.8355 0.0172
8.8604 8.7128 8.8355 0.0172
8.8604 8.7128 8.8355 0.0172
8.8604 8.7128 8.8355 0.0172
8.8604 8.7128 8.8358 0.0172
8.8604 8.7128 8.8360 0.0171
8.8604 8.7128 8.8360 0.0171
8.8604 8.7128 8.8360 0.0171
8.8604 8.7128 8.8360 0.0171
8.8604 8.7128 8.8360 0.0171
8.8604 8.7128 8.8360 0.0171
8.8604 8.7128 8.8360 0.0171
8.8604 8.7675 8.8366 0.0137
8.8604 8.7675 8.8366 0.0137
8.8604 8.7675 8.8366 0.0137
8.8604 8.7675 8.8366 0.0137
8.8604 8.7675 8.8366 0.0137
8.8604 8.7675 8.8366 0.0137
8.8604 8.7675 8.8366 0.0137
8.8604 8.7675 8.8366 0.0137
8.8604 8.7675 8.8366 0.0137
8.8604 8.7675 8.8368 0.0137
8.8604 8.7675 8.8368 0.0137
8.8604 8.7675 8.8368 0.0137
8.8604 8.7675 8.8368 0.0137
8.8604 8.7675 8.8368 0.0137
8.8604 8.7675 8.8368 0.0137
8.8604 8.7675 8.8368 0.0137
8.8604 8.7675 8.8368 0.0137
8.8604 8.7675 8.8368 0.0137
8.8604 8.7675 8.8368 0.0137
8.8604 8.7675 8.8368 0.0137
8.8604 8.7675 8.8368 0.0137
8.8604 8.7675 8.8368 0.0137
8.8604 8.7675 8.8368 0.0137
8.8604 8.7675 8.8368 0.0137
8.8604 8.7675 8.8368 0.0137
8.8604 8.7675 8.8368 0.0137
8.8604 8.7675 8.8368 0.0137
8.8604 8.7675 8.8368 0.0137
8.8604 8.7675 8.8371 0.0137
8.8604 8.7675 8.8374 0.0135
8.8604 8.7675 8.8376 0.0134
8.8604 8.7675 8.8376 0.0134
8.8604 8.7675 8.8376 0.0134
8.8604 8.7675 8.8376 0.0134
8.8604 8.7675 8.8378 0.0134
8.8604 8.7675 8.8379 0.0134
8.8604 8.7675 8.8379 0.0134
8.8604 8.7675 8.8379 0.0134
8.8604 8.7675 8.8379 0.0134
8.8604 8.7675 8.8379 0.0134
8.8604 8.7675 8.8379 0.0134
8.8604 8.7675 8.8379 0.0134
8.8604 8.7675 8.8379 0.0134
8.8604 8.7675 8.8379 0.0134
8.8604 8.7675 8.8379 0.0134
8.8604 8.7675 8.8379 0.0134
8.8604 8.7675 8.8379 0.0134
8.8604 8.7675 8.8379 0.0134
8.8604 8.7675 8.8379 0.0134
8.8604 8.7675 8.8379 0.0134
8.8604 8.7675 8.8379 0.0134
8.8604 8.7675 8.8379 0.0134
8.8604 8.7675 8.8379 0.0134
8.8604 8.7675 8.8379 0.0134
8.8604 8.7675 8.8379 0.0134
8.8604 8.7675 8.8379 0.0134
8.8604 8.7675 8.8380 0.0132
8.8604 8.7675 8.8380 0.0132
8.8604 8.7675 8.8380 0.0132
8.8604 8.7675 8.8380 0.0132
8.8604 8.7675 8.8382 0.0132
8.8604 8.7675 8.8382 0.0132
8.8604 8.7675 8.8382 0.0132
8.8604 8.7675 8.8382 0.0132
8.8604 8.7675 8.8382 0.0132
8.8604 8.7675 8.8382 0.0132
8.8604 8.7675 8.8384 0.0131
8.8604 8.7675 8.8384 0.0131
8.8604 8.7675 8.8384 0.0131
8.8604 8.7675 8.8384 0.0131
8.8604 8.7675 8.8386 0.0130
8.8604 8.7675 8.8386 0.0130
8.8604 8.7675 8.8386 0.0130
8.8604 8.7675 8.8386 0.0130
8.8604 8.7675 8.8386 0.0130
8.8604 8.7675 8.8386 0.0130
8.8604 8.7675 8.8387 0.0130
8.8604 8.7675 8.8387 0.0130
8.8604 8.7675 8.8387 0.0130
8.8604 8.7675 8.8387 0.0130
8.8604 8.7675 8.8387 0.0130
8.8604 8.7675 8.8387 0.0130
8.8604 8.7675 8.8388 0.0130
8.8604 8.7675 8.8388 0.0130
8.8604 8.7675 8.8388 0.0130
8.8604 8.7675 8.8388 0.0130
8.8604 8.7675 8.8388 0.0130
8.8604 8.7675 8.8388 0.0130
8.8604 8.7675 8.8388 0.0130
8.8604 8.7675 8.8388 0.0130
8.8604 8.7675 8.8388 0.0130
8.8604 8.7675 8.8388 0.0130
8.8604 8.7675 8.8388 0.0130
8.8604 8.7675 8.8388 0.0130
8.8604 8.7675 8.8392 0.0131
8.8604 8.7675 8.8392 0.0131
8.8604 8.7675 8.8392 0.0131
8.8604 8.7675 8.8392 0.0131
8.8604 8.7675 8.8392 0.0131
8.8604 8.7675 8.8392 0.0131
8.8604 8.7675 8.8392 0.0131
8.8604 8.7675 8.8392 0.0131
8.8604 8.7675 8.8392 0.0131
8.8604 8.7675 8.8394 0.0130
8.8604 8.7675 8.8394 0.0130
8.8604 8.7675 8.8394 0.0130
8.8604 8.7675 8.8394 0.0130
8.8604 8.7675 8.8394 0.0130
8.8604 8.7675 8.8397 0.0127
8.8604 8.7675 8.8397 0.0127
8.8604 8.7675 8.8397 0.0127
8.8604 8.7675 8.8397 0.0127
8.8604 8.7675 8.8397 0.0127
8.8604 8.7675 8.8397 0.0127
8.8604 8.7675 8.8397 0.0127
8.8604 8.7675 8.8397 0.0127
8.8604 8.7675 8.8397 0.0127
8.8604 8.7675 8.8398 0.0128
8.8604 8.7675 8.8398 0.0128
8.8604 8.7675 8.8398 0.0128
8.8604 8.7675 8.8398 0.0128
8.8604 8.7675 8.8398 0.0128
8.8604 8.7675 8.8398 0.0128
8.8604 8.7675 8.8398 0.0128
8.8604 8.7675 8.8398 0.0128
8.8604 8.7675 8.8399 0.0128
8.8604 8.7675 8.8399 0.0128
8.8604 8.7675 8.8400 0.0129
8.8604 8.7675 8.8400 0.0129
8.8604 8.7675 8.8400 0.0129
8.8604 8.7675 8.8401 0.0129
8.8604 8.7675 8.8403 0.0128
8.8604 8.7675 8.8403 0.0128
8.8604 8.7675 8.8403 0.0128
8.8604 8.7675 8.8403 0.0128
8.8604 8.7675 8.8403 0.0128
8.8604 8.7675 8.8403 0.0128
8.8604 8.7675 8.8403 0.0128
8.8604 8.7675 8.8403 0.0128
8.8604 8.7675 8.8403 0.0128
8.8604 8.7675 8.8403 0.0128
8.8604 8.7675 8.8403 0.0128
8.8604 8.7675 8.8403 0.0128
8.8604 8.7675 8.8404 0.0128
8.8604 8.7675 8.8404 0.0128
8.8604 8.7675 8.8404 0.0129
8.8604 8.7675 8.8404 0.0129
8.8604 8.7675 8.8405 0.0129
8.8604 8.7675 8.8405 0.0129
8.8604 8.7675 8.8405 0.0129
8.8604 8.7675 8.8405 0.0129
8.8604 8.7675 8.8406 0.0130
8.8604 8.7675 8.8406 0.0130
8.8604 8.7675 8.8407 0.0131
8.8604 8.7675 8.8407 0.0131
8.8604 8.7675 8.8407 0.0131
8.8604 8.7675 8.8407 0.0131
8.8604 8.7675 8.8407 0.0131
8.8604 8.7675 8.8407 0.0131
8.8604 8.7675 8.8407 0.0131
8.8604 8.7675 8.8407 0.0131
8.8604 8.7675 8.8407 0.0131
8.8604 8.7675 8.8407 0.0131
8.8604 8.7675 8.8407 0.0131
8.8604 8.7675 8.8407 0.0131
8.8604 8.7675 8.8407 0.0131
8.8604 8.7675 8.8407 0.0131
8.8604 8.7675 8.8407 0.0131
8.8604 8.7675 8.8407 0.0131
8.8604 8.7675 8.8407 0.0131
8.8604 8.7675 8.8408 0.0131
8.8604 8.7675 8.8408 0.0131
8.8604 8.7675 8.8408 0.0131
8.8604 8.7675 8.8408 0.0131
8.8604 8.7675 8.8410 0.0130
8.8604 8.7675 8.8410 0.0130
8.8604 8.7675 8.8410 0.0130
8.8604 8.7675 8.8410 0.0130
8.8604 8.7768 8.8417 0.0107
8.8604 8.8136 8.8424 0.0085
8.8604 8.8136 8.8425 0.0085
8.8604 8.8136 8.8427 0.0083
8.8604 8.8136 8.8427 0.0083
8.8604 8.8136 8.8427 0.0083
8.8604 8.8136 8.8427 0.0083
8.8604 8.8136 8.8430 0.0077
8.8604 8.8136 8.8430 0.0077
8.8604 8.8136 8.8430 0.0077
8.8604 8.8136 8.8430 0.0077
8.8604 8.8136 8.8433 0.0073
8.8604 8.8136 8.8433 0.0073
8.8604 8.8136 8.8433 0.0072
8.8604 8.8136 8.8433 0.0072
8.8604 8.8136 8.8433 0.0072
8.8604 8.8136 8.8433 0.0072
8.8604 8.8136 8.8433 0.0072
8.8604 8.8136 8.8433 0.0072
8.8604 8.8136 8.8433 0.0072
8.8604 8.8136 8.8433 0.0072
8.8604 8.8136 8.8433 0.0072
8.8604 8.8136 8.8433 0.0072
8.8604 8.8136 8.8433 0.0072
8.8604 8.8136 8.8433 0.0072
8.8604 8.8136 8.8433 0.0072
8.8604 8.8136 8.8433 0.0072
8.8604 8.8136 8.8433 0.0072
8.8604 8.8136 8.8433 0.0072
8.8604 8.8136 8.8433 0.0072
8.8604 8.8136 8.8433 0.0072
8.8604 8.8136 8.8433 0.0072
8.8604 8.8136 8.8434 0.0073
8.8604 8.8136 8.8434 0.0073
8.8604 8.8136 8.8434 0.0073
8.8604 8.8136 8.8434 0.0073
8.8604 8.8136 8.8434 0.0073
8.8604 8.8136 8.8434 0.0073
8.8604 8.8136 8.8434 0.0073
8.8604 8.8136 8.8434 0.0073
8.8604 8.8136 8.8434 0.0073
8.8604 8.8136 8.8435 0.0073
8.8604 8.8136 8.8435 0.0073
8.8604 8.8136 8.8435 0.0073
8.8604 8.8136 8.8435 0.0073
8.8604 8.8136 8.8435 0.0073
8.8604 8.8136 8.8435 0.0073
8.8604 8.8136 8.8435 0.0073
8.8604 8.8136 8.8435 0.0073
8.8604 8.8136 8.8435 0.0073
8.8604 8.8136 8.8435 0.0073
8.8604 8.8136 8.8435 0.0073
8.8604 8.8136 8.8435 0.0073
8.8604 8.8136 8.8437 0.0075
8.8604 8.8136 8.8437 0.0075
8.8604 8.8136 8.8437 0.0075
8.8604 8.8136 8.8437 0.0075
8.8604 8.8136 8.8437 0.0075
8.8604 8.8136 8.8438 0.0076
8.8604 8.8136 8.8438 0.0076
8.8604 8.8136 8.8439 0.0077
8.8604 8.8136 8.8439 0.0077
8.8604 8.8136 8.8439 0.0077
8.8604 8.8136 8.8440 0.0077
8.8604 8.8136 8.8440 0.0077
8.8604 8.8136 8.8440 0.0077
8.8604 8.8136 8.8440 0.0077
8.8604 8.8136 8.8440 0.0077
8.8604 8.8136 8.8441 0.0077
8.8604 8.8136 8.8441 0.0077
8.8604 8.8136 8.8441 0.0077
8.8604 8.8136 8.8441 0.0077
8.8604 8.8136 8.8441 0.0077
8.8604 8.8136 8.8441 0.0077
8.8604 8.8136 8.8441 0.0077
8.8604 8.8136 8.8441 0.0077
8.8604 8.8136 8.8442 0.0077
8.8604 8.8136 8.8442 0.0077
8.8604 8.8136 8.8442 0.0077
8.8604 8.8136 8.8443 0.0077
8.8604 8.8136 8.8443 0.0077
8.8604 8.8136 8.8443 0.0077
8.8604 8.8136 8.8443 0.0077
8.8604 8.8136 8.8443 0.0077
8.8604 8.8136 8.8443 0.0077
8.8604 8.8136 8.8443 0.0077
8.8604 8.8136 8.8443 0.0077
8.8604 8.8136 8.8443 0.0077
8.8604 8.8136 8.8443 0.0077
8.8604 8.8136 8.8443 0.0077
8.8604 8.8136 8.8444 0.0077
8.8604 8.8136 8.8444 0.0077
8.8604 8.8136 8.8444 0.0077
8.8604 8.8136 8.8446 0.0072
8.8604 8.8136 8.8446 0.0072
8.8604 8.8136 8.8446 0.0072
8.8604 8.8136 8.8446 0.0072
8.8604 8.8136 8.8446 0.0072
8.8604 8.8136 8.8446 0.0072
8.8604 8.8136 8.8446 0.0072
8.8604 8.8136 8.8446 0.0072
8.8604 8.8136 8.8446 0.0072
8.8604 8.8136 8.8446 0.0072
8.8604 8.8136 8.8447 0.0072
8.8604 8.8136 8.8447 0.0072
8.8604 8.8136 8.8447 0.0072
8.8604 8.8136 8.8447 0.0072
8.8604 8.8136 8.8447 0.0072
8.8604 8.8136 8.8447 0.0072
8.8604 8.8136 8.8447 0.0072
8.8604 8.8136 8.8447 0.0072
8.8604 8.8136 8.8447 0.0072
8.8604 8.8136 8.8447 0.0072
8.8604 8.8136 8.8447 0.0072
8.8604 8.8136 8.8447 0.0072
8.8604 8.8136 8.8447 0.0072
8.8604 8.8136 8.8451 0.0067
8.8604 8.8136 8.8451 0.0067
8.8604 8.8136 8.8451 0.0067
8.8604 8.8136 8.8451 0.0067
8.8604 8.8136 8.8451 0.0067
8.8604 8.8136 8.8453 0.0063
8.8604 8.8136 8.8453 0.0063
8.8604 8.8136 8.8453 0.0063
8.8604 8.8136 8.8453 0.0063
8.8604 8.8136 8.8453 0.0063
8.8604 8.8136 8.8453 0.0063
8.8604 8.8136 8.8453 0.0063
8.8604 8.8136 8.8453 0.0063
8.8604 8.8136 8.8454 0.0063
8.8604 8.8136 8.8454 0.0063
8.8604 8.8136 8.8454 0.0063
8.8604 8.8136 8.8454 0.0063
8.8604 8.8136 8.8454 0.0063
8.8604 8.8136 8.8454 0.0063
8.8604 8.8136 8.8454 0.0063
8.8604 8.8136 8.8454 0.0063
8.8604 8.8136 8.8454 0.0063
8.8604 8.8136 8.8454 0.0063
8.8604 8.8136 8.8454 0.0063
8.8604 8.8136 8.8454 0.0063
8.8604 8.8136 8.8454 0.0063
8.8604 8.8136 8.8454 0.0063
8.8604 8.8136 8.8454 0.0063
8.8604 8.8136 8.8454 0.0063
8.8604 8.8136 8.8454 0.0063
8.8604 8.8136 8.8454 0.0063
8.8604 8.8136 8.8454 0.0063
8.8604 8.8136 8.8454 0.0063
8.8604 8.8136 8.8454 0.0063
8.8604 8.8136 8.8454 0.0063
8.8604 8.8136 8.8454 0.0063
8.8604 8.8136 8.8454 0.0063
8.8604 8.8136 8.8454 0.0063
8.8604 8.8136 8.8454 0.0063
8.8604 8.8136 8.8454 0.0063
8.8604 8.8136 8.8455 0.0065
8.8604 8.8136 8.8455 0.0065
8.8604 8.8136 8.8455 0.0065
8.8604 8.8136 8.8455 0.0065
8.8604 8.8136 8.8455 0.0065
8.8604 8.8136 8.8456 0.0065
8.8604 8.8136 8.8456 0.0065
8.8604 8.8136 8.8457 0.0066
8.8604 8.8136 8.8457 0.0066
8.8604 8.8136 8.8459 0.0063
8.8604 8.8136 8.8459 0.0063
8.8604 8.8136 8.8459 0.0063
8.8604 8.8136 8.8459 0.0063
8.8604 8.8136 8.8459 0.0063
8.8604 8.8136 8.8459 0.0063
8.8604 8.8136 8.8459 0.0063
8.8604 8.8136 8.8459 0.0063
8.8604 8.8136 8.8459 0.0063
8.8604 8.8136 8.8459 0.0063
8.8604 8.8136 8.8459 0.0063
8.8604 8.8136 8.8459 0.0063
8.8604 8.8136 8.8459 0.0063
8.8604 8.8136 8.8460 0.0063
8.8604 8.8136 8.8460 0.0063
8.8604 8.8136 8.8460 0.0063
8.8604 8.8136 8.8461 0.0063
8.8604 8.8136 8.8461 0.0063
8.8604 8.8136 8.8462 0.0063
8.8604 8.8136 8.8462 0.0063
8.8604 8.8136 8.8463 0.0063
8.8604 8.8136 8.8463 0.0063
8.8604 8.8136 8.8463 0.0063
8.8604 8.8136 8.8463 0.0063
8.8604 8.8136 8.8463 0.0063
8.8604 8.8136 8.8463 0.0063
8.8604 8.8136 8.8463 0.0063
8.8604 8.8136 8.8463 0.0063
8.8604 8.8136 8.8463 0.0063
8.8604 8.8136 8.8463 0.0063
8.8604 8.8136 8.8463 0.0063
8.8604 8.8136 8.8463 0.0063
8.8604 8.8136 8.8463 0.0063
8.8604 8.8136 8.8463 0.0063
8.8604 8.8136 8.8463 0.0063
8.8604 8.8136 8.8463 0.0063
8.8604 8.8136 8.8463 0.0063
8.8604 8.8136 8.8463 0.0063
8.8604 8.8136 8.8463 0.0063
8.8604 8.8136 8.8463 0.0063
8.8604 8.8136 8.8463 0.0063
8.8604 8.8136 8.8463 0.0063
8.8604 8.8136 8.8463 0.0063
8.8604 8.8136 8.8463 0.0063
8.8604 8.8136 8.8463 0.0063
8.8604 8.8136 8.8464 0.0063
8.8604 8.8136 8.8464 0.0063
8.8604 8.8136 8.8464 0.0063
8.8604 8.8136 8.8464 0.0063
8.8604 8.8136 8.8465 0.0064
8.8604 8.8136 8.8465 0.0064
8.8604 8.8136 8.8465 0.0064
8.8604 8.8136 8.8465 0.0064
8.8604 8.8136 8.8465 0.0064
8.8604 8.8136 8.8465 0.0064
8.8604 8.8136 8.8466 0.0064
8.8604 8.8136 8.8466 0.0064
8.8604 8.8136 8.8466 0.0063
8.8604 8.8136 8.8466 0.0063
8.8604 8.8136 8.8466 0.0063
8.8604 8.8136 8.8466 0.0063
8.8604 8.8136 8.8466 0.0063
8.8604 8.8136 8.8466 0.0063
8.8604 8.8136 8.8467 0.0063
8.8604 8.8136 8.8467 0.0063
8.8604 8.8136 8.8467 0.0063
8.8604 8.8136 8.8467 0.0063
8.8604 8.8136 8.8467 0.0063
8.8604 8.8136 8.8467 0.0063
8.8604 8.8136 8.8467 0.0063
8.8604 8.8136 8.8469 0.0065
8.8604 8.8136 8.8469 0.0065
8.8604 8.8136 8.8469 0.0065
8.8604 8.8136 8.8469 0.0065
8.8604 8.8136 8.8469 0.0065
8.8604 8.8136 8.8469 0.0065
8.8604 8.8136 8.8469 0.0065
8.8604 8.8136 8.8469 0.0065
8.8604 8.8136 8.8469 0.0065
8.8604 8.8136 8.8469 0.0065
8.8604 8.8136 8.8469 0.0065
8.8604 8.8136 8.8469 0.0065
8.8604 8.8136 8.8469 0.0065
8.8604 8.8136 8.8469 0.0065
8.8604 8.8136 8.8469 0.0065
8.8604 8.8136 8.8469 0.0065
8.8604 8.8136 8.8470 0.0066
8.8604 8.8136 8.8470 0.0066
8.8604 8.8136 8.8470 0.0066
8.8604 8.8136 8.8470 0.0066
8.8604 8.8136 8.8471 0.0067
8.8604 8.8136 8.8471 0.0067
8.8604 8.8136 8.8471 0.0067
8.8604 8.8136 8.8471 0.0067
8.8604 8.8136 8.8471 0.0067
8.8604 8.8136 8.8471 0.0067
8.8604 8.8136 8.8471 0.0067
8.8604 8.8136 8.8471 0.0067
8.8604 8.8136 8.8471 0.0067
8.8604 8.8136 8.8471 0.0067
8.8604 8.8136 8.8471 0.0067
8.8604 8.8136 8.8471 0.0067
8.8604 8.8136 8.8471 0.0067
8.8604 8.8136 8.8472 0.0067
8.8604 8.8136 8.8472 0.0067
8.8604 8.8136 8.8472 0.0067
8.8604 8.8136 8.8472 0.0067
8.8604 8.8136 8.8472 0.0067
8.8604 8.8136 8.8472 0.0067
8.8604 8.8136 8.8472 0.0067
8.8604 8.8136 8.8472 0.0067
8.8604 8.8136 8.8472 0.0067
8.8604 8.8136 8.8472 0.0067
8.8604 8.8136 8.8472 0.0067
8.8604 8.8136 8.8472 0.0067
8.8604 8.8136 8.8472 0.0067
8.8604 8.8136 8.8472 0.0067
8.8604 8.8136 8.8472 0.0067
8.8604 8.8136 8.8472 0.0067
8.8604 8.8136 8.8472 0.0067
8.8604 8.8136 8.8472 0.0067
8.8604 8.8136 8.8472 0.0067
8.8604 8.8136 8.8472 0.0067
8.8604 8.8136 8.8472 0.0067
8.8604 8.8136 8.8473 0.0067
8.8604 8.8136 8.8473 0.0067
8.8604 8.8136 8.8473 0.0067
8.8604 8.8136 8.8473 0.0067
8.8604 8.8252 8.8476 0.0057
8.8604 8.8252 8.8476 0.0057
8.8604 8.8252 8.8476 0.0057
8.8604 8.8252 8.8476 0.0057
8.8604 8.8252 8.8476 0.0057
8.8604 8.8252 8.8476 0.0057
8.8604 8.8252 8.8476 0.0057
8.8604 8.8252 8.8476 0.0057
8.8604 8.8252 8.8476 0.0057
8.8604 8.8252 8.8477 0.0058
8.8604 8.8252 8.8477 0.0058
8.8604 8.8252 8.8477 0.0058
8.8604 8.8252 8.8477 0.0058
8.8604 8.8252 8.8477 0.0058
8.8604 8.8252 8.8477 0.0058
8.8604 8.8252 8.8477 0.0058
8.8604 8.8252 8.8477 0.0057
8.8604 8.8252 8.8477 0.0057
8.8604 8.8252 8.8477 0.0057
8.8604 8.8252 8.8478 0.0057
8.8604 8.8252 8.8479 0.0058
8.8604 8.8252 8.8479 0.0058
8.8604 8.8252 8.8479 0.0058
8.8604 8.8252 8.8479 0.0058
8.8604 8.8252 8.8481 0.0059
8.8604 8.8252 8.8481 0.0059
8.8604 8.8252 8.8481 0.0059
8.8604 8.8252 8.8481 0.0059
8.8604 8.8252 8.8481 0.0059
8.8604 8.8252 8.8481 0.0059
8.8604 8.8252 8.8481 0.0059
8.8604 8.8252 8.8483 0.0060
8.8604 8.8252 8.8483 0.0060
8.8604 8.8252 8.8484 0.0060
8.8604 8.8252 8.8485 0.0061
8.8604 8.8252 8.8485 0.0061
8.8604 8.8252 8.8485 0.0061
8.8604 8.8252 8.8485 0.0061
8.8604 8.8252 8.8485 0.0061
8.8604 8.8252 8.8485 0.0061
8.8604 8.8252 8.8485 0.0061
8.8604 8.8252 8.8485 0.0061
8.8604 8.8252 8.8486 0.0061
8.8604 8.8252 8.8486 0.0061
8.8604 8.8252 8.8486 0.0061
8.8604 8.8252 8.8486 0.0061
8.8604 8.8252 8.8487 0.0061
8.8604 8.8252 8.8487 0.0061
8.8604 8.8252 8.8487 0.0061
8.8604 8.8252 8.8487 0.0061
8.8604 8.8252 8.8487 0.0061
8.8604 8.8252 8.8487 0.0061
8.8604 8.8252 8.8487 0.0061
8.8604 8.8252 8.8487 0.0061
8.8604 8.8252 8.8488 0.0061
8.8604 8.8252 8.8488 0.0061
8.8604 8.8252 8.8488 0.0061
8.8604 8.8252 8.8488 0.0061
8.8604 8.8252 8.8488 0.0061
8.8604 8.8252 8.8488 0.0061
8.8604 8.8252 8.8488 0.0061
8.8604 8.8252 8.8488 0.0060
8.8604 8.8252 8.8489 0.0060
8.8604 8.8252 8.8489 0.0060
8.8604 8.8252 8.8489 0.0060
8.8604 8.8252 8.8489 0.0060
8.8604 8.8252 8.8491 0.0061
8.8604 8.8252 8.8491 0.0061
8.8604 8.8252 8.8491 0.0061
8.8604 8.8252 8.8492 0.0061
8.8604 8.8252 8.8492 0.0061
8.8604 8.8252 8.8492 0.0061
8.8604 8.8252 8.8492 0.0061
8.8604 8.8252 8.8492 0.0061
8.8604 8.8252 8.8492 0.0061
8.8604 8.8252 8.8492 0.0061
8.8604 8.8252 8.8492 0.0061
8.8604 8.8252 8.8492 0.0061
8.8604 8.8252 8.8492 0.0061
8.8604 8.8252 8.8492 0.0061
8.8605 8.8252 8.8494 0.0062
8.8605 8.8252 8.8494 0.0062
8.8605 8.8252 8.8494 0.0062
8.8605 8.8252 8.8494 0.0062
8.8605 8.8252 8.8494 0.0062
8.8605 8.8252 8.8496 0.0060
8.8605 8.8252 8.8496 0.0060
8.8605 8.8252 8.8496 0.0060
8.8605 8.8252 8.8496 0.0060
8.8605 8.8252 8.8496 0.0060
8.8605 8.8252 8.8496 0.0060
8.8605 8.8252 8.8496 0.0060
8.8605 8.8252 8.8496 0.0060
8.8605 8.8252 8.8496 0.0060
8.8605 8.8252 8.8496 0.0060
8.8621 8.8252 8.8497 0.0062
8.8621 8.8252 8.8497 0.0062
8.8621 8.8252 8.8498 0.0062
8.8621 8.8252 8.8498 0.0062
8.8621 8.8252 8.8498 0.0062
8.8621 8.8252 8.8498 0.0062
8.8621 8.8252 8.8498 0.0062
8.8621 8.8252 8.8498 0.0062
8.8621 8.8252 8.8500 0.0062
8.8621 8.8252 8.8502 0.0063
8.8621 8.8252 8.8502 0.0063
8.8621 8.8252 8.8502 0.0063
8.8621 8.8252 8.8504 0.0064
8.8621 8.8252 8.8504 0.0064
8.8621 8.8252 8.8505 0.0065
8.8621 8.8252 8.8505 0.0065
8.8621 8.8252 8.8505 0.0065
8.8621 8.8252 8.8505 0.0065
8.8621 8.8252 8.8505 0.0065
8.8621 8.8252 8.8505 0.0065
8.8621 8.8252 8.8505 0.0065
8.8621 8.8252 8.8505 0.0065
8.8621 8.8429 8.8508 0.0060
8.8621 8.8429 8.8510 0.0061
8.8621 8.8429 8.8510 0.0061
8.8621 8.8429 8.8511 0.0061
8.8621 8.8429 8.8511 0.0061
8.8621 8.8429 8.8513 0.0061
8.8621 8.8429 8.8513 0.0061
8.8621 8.8429 8.8513 0.0061
8.8621 8.8429 8.8513 0.0061
8.8621 8.8429 8.8513 0.0061
8.8621 8.8429 8.8513 0.0061
8.8621 8.8429 8.8513 0.0061
8.8621 8.8429 8.8513 0.0061
8.8621 8.8429 8.8513 0.0061
8.8621 8.8429 8.8514 0.0062
8.8621 8.8429 8.8514 0.0062
8.8621 8.8429 8.8514 0.0062
8.8621 8.8429 8.8515 0.0062
8.8621 8.8429 8.8515 0.0062
8.8621 8.8429 8.8516 0.0062
8.8621 8.8429 8.8516 0.0062
8.8621 8.8429 8.8518 0.0062
8.8621 8.8429 8.8518 0.0062
8.8621 8.8429 8.8518 0.0062
8.8621 8.8429 8.8518 0.0062
8.8621 8.8429 8.8518 0.0062
8.8621 8.8429 8.8518 0.0062
8.8621 8.8429 8.8518 0.0062
8.8621 8.8429 8.8518 0.0062
8.8621 8.8429 8.8518 0.0062
8.8621 8.8429 8.8518 0.0062
8.8621 8.8429 8.8518 0.0062
8.8621 8.8429 8.8518 0.0062
8.8621 8.8429 8.8518 0.0062
8.8621 8.8429 8.8518 0.0062
8.8621 8.8429 8.8518 0.0061
8.8621 8.8429 8.8518 0.0061
8.8621 8.8429 8.8519 0.0061
8.8621 8.8429 8.8519 0.0061
8.8621 8.8429 8.8519 0.0061
8.8621 8.8429 8.8520 0.0061
8.8621 8.8429 8.8520 0.0060
8.8621 8.8429 8.8520 0.0060
8.8621 8.8429 8.8522 0.0060
8.8621 8.8429 8.8522 0.0060
8.8621 8.8429 8.8522 0.0060
8.8621 8.8429 8.8522 0.0060
8.8621 8.8429 8.8522 0.0060
8.8621 8.8429 8.8523 0.0060
8.8621 8.8429 8.8523 0.0060
8.8621 8.8429 8.8523 0.0060
8.8621 8.8429 8.8523 0.0060
8.8621 8.8429 8.8523 0.0060
8.8621 8.8429 8.8523 0.0060
8.8621 8.8429 8.8523 0.0060
8.8621 8.8429 8.8523 0.0060
8.8621 8.8429 8.8523 0.0060
8.8621 8.8429 8.8523 0.0060
8.8621 8.8429 8.8523 0.0060
8.8621 8.8429 8.8523 0.0060
8.8621 8.8429 8.8523 0.0060
8.8621 8.8429 8.8524 0.0061
8.8621 8.8429 8.8524 0.0060
8.8621 8.8429 8.8524 0.0060
8.8621 8.8429 8.8524 0.0060
8.8621 8.8429 8.8524 0.0060
8.8621 8.8429 8.8525 0.0060
8.8621 8.8429 8.8525 0.0060
8.8621 8.8429 8.8525 0.0060
8.8621 8.8429 8.8526 0.0059
8.8621 8.8429 8.8526 0.0059
8.8621 8.8429 8.8527 0.0060
8.8621 8.8429 8.8528 0.0059
8.8621 8.8429 8.8529 0.0059
8.8621 8.8429 8.8529 0.0059
8.8621 8.8429 8.8530 0.0059
8.8621 8.8429 8.8530 0.0059
8.8621 8.8429 8.8531 0.0058
8.8621 8.8429 8.8531 0.0058
8.8621 8.8429 8.8531 0.0058
8.8621 8.8429 8.8531 0.0058
8.8621 8.8429 8.8531 0.0057
8.8621 8.8429 8.8531 0.0057
8.8621 8.8429 8.8531 0.0057
8.8621 8.8429 8.8531 0.0057
8.8621 8.8429 8.8531 0.0057
8.8621 8.8429 8.8531 0.0057
8.8621 8.8429 8.8531 0.0057
8.8621 8.8429 8.8531 0.0057
8.8621 8.8429 8.8531 0.0057
8.8621 8.8429 8.8531 0.0057
8.8621 8.8429 8.8531 0.0057
8.8621 8.8429 8.8531 0.0057
8.8621 8.8429 8.8531 0.0057
8.8621 8.8429 8.8532 0.0057
8.8621 8.8429 8.8532 0.0057
8.8621 8.8429 8.8533 0.0057
8.8621 8.8429 8.8533 0.0057
8.8621 8.8429 8.8533 0.0057
8.8621 8.8429 8.8533 0.0057
8.8621 8.8429 8.8533 0.0057
8.8621 8.8429 8.8535 0.0057
8.8621 8.8429 8.8535 0.0057
8.8621 8.8429 8.8535 0.0057
8.8621 8.8429 8.8535 0.0057
8.8621 8.8429 8.8535 0.0057
8.8621 8.8429 8.8535 0.0057
8.8621 8.8429 8.8535 0.0057
8.8621 8.8429 8.8535 0.0057
8.8621 8.8429 8.8535 0.0057
8.8621 8.8429 8.8535 0.0057
8.8621 8.8429 8.8535 0.0057
8.8621 8.8429 8.8535 0.0057
8.8621 8.8429 8.8535 0.0056
8.8621 8.8429 8.8535 0.0056
8.8621 8.8429 8.8535 0.0056
8.8621 8.8429 8.8535 0.0056
8.8621 8.8429 8.8535 0.0056
8.8621 8.8429 8.8535 0.0056
8.8621 8.8429 8.8535 0.0056
8.8621 8.8429 8.8535 0.0056
8.8621 8.8429 8.8535 0.0056
8.8621 8.8429 8.8536 0.0056
8.8621 8.8429 8.8536 0.0056
8.8621 8.8429 8.8536 0.0056
8.8621 8.8429 8.8536 0.0056
8.8621 8.8429 8.8536 0.0056
8.8621 8.8429 8.8536 0.0056
8.8621 8.8429 8.8536 0.0056
8.8621 8.8429 8.8536 0.0056
8.8621 8.8429 8.8538 0.0057
8.8621 8.8429 8.8538 0.0057
8.8621 8.8429 8.8538 0.0057
8.8621 8.8429 8.8539 0.0057
8.8621 8.8429 8.8539 0.0057
8.8621 8.8429 8.8539 0.0057
8.8621 8.8429 8.8540 0.0057
8.8621 8.8429 8.8540 0.0057
8.8621 8.8429 8.8540 0.0057
8.8621 8.8429 8.8540 0.0057
8.8621 8.8429 8.8540 0.0057
8.8621 8.8429 8.8541 0.0057
8.8621 8.8429 8.8541 0.0057
8.8621 8.8429 8.8541 0.0057
8.8621 8.8429 8.8541 0.0057
8.8621 8.8429 8.8542 0.0057
8.8621 8.8429 8.8542 0.0057
8.8621 8.8429 8.8544 0.0057
8.8621 8.8429 8.8545 0.0057
8.8621 8.8429 8.8545 0.0057
8.8621 8.8429 8.8545 0.0057
8.8621 8.8429 8.8546 0.0057
8.8621 8.8429 8.8546 0.0057
8.8630 8.8429 8.8546 0.0057
8.8630 8.8429 8.8546 0.0057
8.8630 8.8429 8.8547 0.0058
8.8630 8.8429 8.8547 0.0058
8.8630 8.8429 8.8547 0.0058
8.8630 8.8429 8.8547 0.0058
8.8630 8.8429 8.8547 0.0058
8.8630 8.8429 8.8547 0.0058
8.8630 8.8429 8.8549 0.0057
8.8630 8.8429 8.8549 0.0057
8.8630 8.8429 8.8549 0.0057
8.8630 8.8429 8.8549 0.0057
8.8630 8.8429 8.8549 0.0057
8.8630 8.8429 8.8549 0.0057
8.8630 8.8429 8.8549 0.0057
8.8630 8.8429 8.8549 0.0057
8.8630 8.8429 8.8549 0.0057
8.8630 8.8429 8.8549 0.0057
8.8630 8.8429 8.8549 0.0057
8.8630 8.8429 8.8549 0.0057
8.8630 8.8429 8.8549 0.0057
8.8630 8.8429 8.8549 0.0057
8.8630 8.8429 8.8549 0.0057
8.8630 8.8429 8.8549 0.0057
8.8630 8.8429 8.8549 0.0057
8.8630 8.8429 8.8549 0.0057
8.8630 8.8429 8.8549 0.0057
8.8630 8.8429 8.8549 0.0057
8.8630 8.8429 8.8550 0.0057
8.8630 8.8429 8.8551 0.0057
8.8630 8.8429 8.8551 0.0057
8.8630 8.8429 8.8551 0.0057
8.8630 8.8429 8.8551 0.0057
8.8630 8.8429 8.8553 0.0056
8.8630 8.8429 8.8553 0.0056
8.8630 8.8429 8.8553 0.0056
8.8630 8.8429 8.8553 0.0056
8.8630 8.8429 8.8553 0.0056
8.8630 8.8429 8.8553 0.0056
8.8630 8.8429 8.8553 0.0056
8.8630 8.8429 8.8553 0.0056
8.8630 8.8429 8.8555 0.0055
8.8630 8.8429 8.8555 0.0055
8.8630 8.8429 8.8555 0.0055
8.8630 8.8429 8.8555 0.0055
8.8684 8.8429 8.8556 0.0057
8.8684 8.8429 8.8556 0.0057
8.8684 8.8429 8.8556 0.0057
8.8684 8.8429 8.8556 0.0057
8.8684 8.8429 8.8556 0.0057
8.8684 8.8429 8.8556 0.0057
8.8684 8.8429 8.8556 0.0057
8.8684 8.8429 8.8556 0.0057
8.8684 8.8429 8.8556 0.0057
8.8684 8.8429 8.8556 0.0057
8.8684 8.8429 8.8556 0.0057
8.8684 8.8429 8.8556 0.0057
8.8684 8.8429 8.8557 0.0057
8.8684 8.8429 8.8557 0.0057
8.8684 8.8429 8.8557 0.0057
8.8684 8.8429 8.8557 0.0057
8.8684 8.8429 8.8557 0.0057
8.8684 8.8429 8.8557 0.0057
8.8684 8.8429 8.8557 0.0057
8.8684 8.8429 8.8557 0.0057
8.8684 8.8429 8.8557 0.0057
8.8684 8.8429 8.8557 0.0057
8.8684 8.8429 8.8557 0.0057
8.8684 8.8429 8.8557 0.0057
8.8684 8.8429 8.8559 0.0055
8.8684 8.8429 8.8559 0.0055
8.8684 8.8429 8.8559 0.0055
8.8684 8.8429 8.8559 0.0055
8.8684 8.8429 8.8559 0.0056
8.8684 8.8429 8.8559 0.0056
8.8684 8.8429 8.8559 0.0056
8.8684 8.8429 8.8559 0.0056
8.8684 8.8429 8.8559 0.0056
8.8684 8.8429 8.8560 0.0057
8.8684 8.8429 8.8560 0.0057
8.8684 8.8429 8.8561 0.0056
8.8684 8.8429 8.8561 0.0056
8.8684 8.8429 8.8561 0.0056
8.8684 8.8429 8.8561 0.0056
8.8684 8.8429 8.8561 0.0056
8.8684 8.8429 8.8561 0.0056
8.8684 8.8429 8.8561 0.0056
8.8684 8.8429 8.8561 0.0056
8.8684 8.8429 8.8561 0.0056
8.8684 8.8429 8.8561 0.0056
8.8684 8.8429 8.8562 0.0057
8.8684 8.8429 8.8562 0.0057
8.8684 8.8429 8.8562 0.0057
8.8684 8.8429 8.8562 0.0057
8.8684 8.8429 8.8562 0.0057
8.8684 8.8429 8.8562 0.0057
8.8684 8.8429 8.8562 0.0057
8.8684 8.8429 8.8562 0.0057
8.8684 8.8429 8.8562 0.0057
8.8684 8.8429 8.8562 0.0057
8.8684 8.8429 8.8562 0.0057
8.8684 8.8429 8.8562 0.0057
8.8684 8.8429 8.8562 0.0057
8.8684 8.8429 8.8562 0.0057
8.8684 8.8429 8.8562 0.0057
8.8684 8.8429 8.8562 0.0057
8.8684 8.8429 8.8563 0.0057
8.8684 8.8429 8.8563 0.0057
8.8684 8.8429 8.8563 0.0057
8.8684 8.8429 8.8563 0.0057
8.8684 8.8429 8.8563 0.0057
8.8684 8.8429 8.8563 0.0057
8.8684 8.8429 8.8563 0.0057
8.8684 8.8429 8.8563 0.0057
8.8684 8.8429 8.8564 0.0057
8.8684 8.8429 8.8564 0.0056
8.8684 8.8429 8.8564 0.0056
8.8684 8.8429 8.8564 0.0056
8.8684 8.8429 8.8564 0.0056
8.8684 8.8429 8.8564 0.0056
8.8684 8.8429 8.8564 0.0056
8.8684 8.8429 8.8564 0.0056
8.8684 8.8429 8.8564 0.0056
8.8684 8.8429 8.8565 0.0056
8.8684 8.8429 8.8565 0.0056
8.8684 8.8429 8.8566 0.0055
8.8684 8.8429 8.8566 0.0055
8.8684 8.8429 8.8567 0.0055
8.8684 8.8429 8.8567 0.0055
8.8684 8.8429 8.8567 0.0055
8.8684 8.8429 8.8567 0.0055
8.8684 8.8429 8.8567 0.0055
8.8684 8.8429 8.8567 0.0055
8.8684 8.8429 8.8567 0.0055
8.8684 8.8429 8.8567 0.0055
8.8684 8.8429 8.8568 0.0055
8.8684 8.8429 8.8568 0.0055
8.8684 8.8429 8.8568 0.0055
8.8684 8.8429 8.8568 0.0054
8.8684 8.8429 8.8568 0.0054
8.8684 8.8429 8.8568 0.0054
8.8684 8.8429 8.8568 0.0054
8.8684 8.8429 8.8568 0.0054
8.8684 8.8429 8.8568 0.0054
8.8684 8.8429 8.8568 0.0054
8.8684 8.8429 8.8568 0.0054
8.8684 8.8429 8.8568 0.0054
8.8684 8.8429 8.8569 0.0053
8.8684 8.8429 8.8569 0.0053
8.8684 8.8429 8.8570 0.0054
8.8684 8.8429 8.8570 0.0054
8.8684 8.8429 8.8570 0.0054
8.8684 8.8429 8.8571 0.0054
8.8684 8.8429 8.8572 0.0053
8.8684 8.8429 8.8572 0.0053
8.8684 8.8429 8.8572 0.0053
8.8684 8.8429 8.8572 0.0053
8.8684 8.8429 8.8572 0.0053
8.8684 8.8429 8.8573 0.0052
8.8684 8.8429 8.8573 0.0052
8.8684 8.8429 8.8573 0.0052
8.8684 8.8429 8.8573 0.0052
8.8684 8.8429 8.8573 0.0052
8.8684 8.8429 8.8573 0.0052
8.8684 8.8429 8.8573 0.0052
8.8684 8.8429 8.8573 0.0052
8.8684 8.8429 8.8573 0.0052
8.8684 8.8429 8.8574 0.0052
8.8684 8.8429 8.8574 0.0052
8.8684 8.8429 8.8575 0.0052
8.8684 8.8429 8.8575 0.0052
8.8684 8.8429 8.8575 0.0052
8.8684 8.8429 8.8575 0.0052
8.8684 8.8429 8.8575 0.0052
8.8684 8.8429 8.8575 0.0052
8.8684 8.8429 8.8575 0.0052
8.8684 8.8429 8.8575 0.0052
8.8684 8.8429 8.8575 0.0052
8.8684 8.8429 8.8575 0.0052
8.8684 8.8429 8.8575 0.0052
8.8684 8.8429 8.8577 0.0052
8.8684 8.8429 8.8577 0.0052
8.8684 8.8429 8.8577 0.0052
8.8684 8.8429 8.8577 0.0052
8.8684 8.8429 8.8577 0.0052
8.8684 8.8429 8.8578 0.0051
8.8684 8.8429 8.8578 0.0051
8.8684 8.8429 8.8578 0.0051
8.8684 8.8429 8.8578 0.0051
8.8684 8.8429 8.8578 0.0051
8.8684 8.8429 8.8578 0.0051
8.8684 8.8429 8.8578 0.0051
8.8684 8.8429 8.8578 0.0051
8.8684 8.8429 8.8578 0.0051
8.8684 8.8429 8.8580 0.0049
8.8684 8.8429 8.8581 0.0050
8.8684 8.8429 8.8581 0.0050
8.8684 8.8429 8.8581 0.0050
8.8684 8.8429 8.8581 0.0050
8.8684 8.8429 8.8581 0.0050
8.8684 8.8429 8.8581 0.0050
8.8684 8.8429 8.8581 0.0050
8.8684 8.8429 8.8581 0.0050
8.8684 8.8429 8.8581 0.0050
8.8684 8.8429 8.8582 0.0050
8.8684 8.8429 8.8583 0.0049
8.8684 8.8429 8.8583 0.0049
8.8684 8.8429 8.8583 0.0049
8.8684 8.8429 8.8584 0.0048
8.8684 8.8429 8.8584 0.0048
8.8684 8.8429 8.8584 0.0048
8.8684 8.8429 8.8584 0.0048
8.8684 8.8429 8.8584 0.0048
8.8684 8.8429 8.8585 0.0048
8.8684 8.8429 8.8585 0.0048
8.8684 8.8429 8.8585 0.0048
8.8684 8.8429 8.8585 0.0048
8.8684 8.8429 8.8586 0.0047
8.8684 8.8429 8.8586 0.0047
8.8684 8.8429 8.8586 0.0047
8.8684 8.8429 8.8586 0.0047
8.8684 8.8429 8.8586 0.0047
8.8684 8.8429 8.8586 0.0047
8.8684 8.8429 8.8586 0.0047
8.8684 8.8429 8.8586 0.0047
8.8684 8.8429 8.8587 0.0048
8.8684 8.8429 8.8587 0.0048
8.8684 8.8429 8.8587 0.0048
8.8684 8.8429 8.8587 0.0048
8.8684 8.8429 8.8587 0.0048
8.8684 8.8429 8.8587 0.0048
8.8684 8.8429 8.8587 0.0048
8.8684 8.8429 8.8588 0.0049
8.8684 8.8429 8.8588 0.0049
8.8684 8.8429 8.8588 0.0049
8.8684 8.8429 8.8588 0.0049
8.8684 8.8429 8.8588 0.0049
8.8684 8.8429 8.8588 0.0049
8.8684 8.8429 8.8589 0.0049
8.8684 8.8429 8.8589 0.0049
8.8684 8.8429 8.8589 0.0050
8.8684 8.8429 8.8589 0.0050
8.8684 8.8429 8.8589 0.0050
8.8684 8.8429 8.8589 0.0050
8.8684 8.8429 8.8589 0.0050
8.8684 8.8429 8.8589 0.0050
8.8684 8.8429 8.8589 0.0050
8.8684 8.8429 8.8589 0.0050
8.8684 8.8429 8.8590 0.0050
8.8684 8.8429 8.8590 0.0050
8.8684 8.8429 8.8590 0.0050
8.8684 8.8429 8.8590 0.0050
8.8684 8.8429 8.8590 0.0050
8.8684 8.8429 8.8590 0.0050
8.8684 8.8429 8.8590 0.0050
8.8684 8.8429 8.8590 0.0050
8.8684 8.8429 8.8590 0.0050
8.8684 8.8429 8.8590 0.0050
8.8684 8.8429 8.8590 0.0050
8.8684 8.8429 8.8590 0.0050
8.8684 8.8429 8.8590 0.0050
8.8684 8.8429 8.8590 0.0050
8.8684 8.8429 8.8590 0.0050
8.8684 8.8429 8.8590 0.0050
8.8684 8.8429 8.8590 0.0050
8.8684 8.8429 8.8590 0.0050
8.8684 8.8429 8.8590 0.0050
8.8684 8.8429 8.8590 0.0050
8.8684 8.8429 8.8590 0.0050
8.8684 8.8429 8.8590 0.0050
8.8684 8.8429 8.8590 0.0050
8.8684 8.8429 8.8590 0.0050
8.8684 8.8429 8.8590 0.0050
8.8684 8.8429 8.8591 0.0049
8.8684 8.8429 8.8591 0.0050
8.8684 8.8429 8.8591 0.0050
8.8684 8.8429 8.8591 0.0050
8.8684 8.8429 8.8591 0.0050
8.8684 8.8429 8.8591 0.0050
8.8684 8.8429 8.8591 0.0049
8.8684 8.8429 8.8591 0.0049
8.8684 8.8429 8.8591 0.0049
8.8684 8.8429 8.8591 0.0049
8.8684 8.8429 8.8591 0.0049
8.8684 8.8429 8.8591 0.0049
8.8684 8.8429 8.8591 0.0049
8.8684 8.8429 8.8591 0.0049
8.8684 8.8429 8.8592 0.0049
8.8684 8.8429 8.8593 0.0049
8.8684 8.8429 8.8593 0.0049
8.8684 8.8429 8.8593 0.0049
8.8684 8.8429 8.8593 0.0049
8.8684 8.8429 8.8594 0.0047
8.8684 8.8429 8.8594 0.0047
8.8684 8.8429 8.8594 0.0047
8.8684 8.8429 8.8594 0.0047
8.8684 8.8429 8.8594 0.0047
8.8684 8.8429 8.8594 0.0047
8.8684 8.8429 8.8594 0.0047
8.8684 8.8429 8.8594 0.0047
8.8684 8.8429 8.8594 0.0047
8.8684 8.8429 8.8595 0.0047
8.8684 8.8429 8.8595 0.0047
8.8684 8.8429 8.8595 0.0047
8.8684 8.8429 8.8595 0.0047
8.8684 8.8429 8.8595 0.0047
8.8684 8.8429 8.8595 0.0047
8.8684 8.8429 8.8595 0.0047
8.8684 8.8429 8.8596 0.0046
8.8684 8.8429 8.8596 0.0046
8.8684 8.8429 8.8596 0.0046
8.8684 8.8429 8.8596 0.0046
8.8684 8.8429 8.8596 0.0046
8.8684 8.8429 8.8596 0.0046
8.8684 8.8429 8.8597 0.0046
8.8684 8.8429 8.8597 0.0046
8.8684 8.8429 8.8597 0.0046
8.8684 8.8429 8.8597 0.0046
8.8684 8.8429 8.8597 0.0046
8.8684 8.8429 8.8597 0.0046
8.8684 8.8429 8.8597 0.0046
8.8684 8.8429 8.8597 0.0046
8.8684 8.8429 8.8597 0.0046
8.8684 8.8429 8.8597 0.0046
8.8684 8.8429 8.8597 0.0046
8.8684 8.8429 8.8597 0.0046
8.8684 8.8429 8.8597 0.0046
8.8684 8.8429 8.8597 0.0046
8.8684 8.8429 8.8598 0.0045
8.8684 8.8429 8.8598 0.0045
8.8684 8.8429 8.8598 0.0045
8.8684 8.8429 8.8598 0.0045
8.8684 8.8429 8.8598 0.0045
8.8684 8.8429 8.8598 0.0045
8.8684 8.8429 8.8599 0.0046
8.8684 8.8429 8.8599 0.0046
8.8684 8.8429 8.8599 0.0046
8.8684 8.8429 8.8599 0.0046
8.8684 8.8429 8.8599 0.0046
8.8684 8.8429 8.8599 0.0046
8.8684 8.8429 8.8600 0.0045
8.8684 8.8429 8.8600 0.0045
8.8684 8.8429 8.8600 0.0045
8.8684 8.8429 8.8600 0.0045
8.8684 8.8429 8.8600 0.0045
8.8684 8.8429 8.8600 0.0045
8.8684 8.8429 8.8600 0.0045
8.8684 8.8429 8.8600 0.0045
8.8684 8.8429 8.8600 0.0045
8.8684 8.8429 8.8600 0.0045
8.8684 8.8429 8.8600 0.0045
8.8684 8.8429 8.8600 0.0045
8.8684 8.8429 8.8600 0.0045
8.8684 8.8429 8.8600 0.0045
8.8684 8.8429 8.8600 0.0045
8.8684 8.8429 8.8600 0.0045
8.8684 8.8429 8.8600 0.0045
8.8684 8.8429 8.8600 0.0045
8.8684 8.8429 8.8600 0.0045
8.8684 8.8429 8.8600 0.0045
8.8684 8.8429 8.8601 0.0046
8.8684 8.8429 8.8601 0.0046
8.8684 8.8429 8.8601 0.0046
8.8684 8.8429 8.8601 0.0046
8.8684 8.8429 8.8601 0.0046
8.8684 8.8429 8.8601 0.0046
8.8684 8.8429 8.8601 0.0046
8.8684 8.8429 8.8602 0.0046
8.8684 8.8429 8.8602 0.0046
8.8684 8.8429 8.8602 0.0046
8.8684 8.8429 8.8602 0.0046
8.8684 8.8429 8.8602 0.0046
8.8684 8.8429 8.8602 0.0046
8.8684 8.8429 8.8602 0.0046
8.8684 8.8429 8.8603 0.0047
8.8684 8.8429 8.8603 0.0047
8.8684 8.8429 8.8603 0.0047
8.8684 8.8429 8.8603 0.0047
8.8684 8.8429 8.8604 0.0047
8.8684 8.8429 8.8604 0.0047
8.8684 8.8429 8.8604 0.0047
8.8684 8.8429 8.8604 0.0047
8.8684 8.8429 8.8604 0.0047
8.8684 8.8429 8.8604 0.0047
8.8684 8.8429 8.8604 0.0047
8.8684 8.8429 8.8604 0.0047
8.8684 8.8429 8.8604 0.0047
8.8684 8.8429 8.8605 0.0047
8.8684 8.8429 8.8605 0.0047
8.8692 8.8429 8.8607 0.0045
8.8692 8.8429 8.8607 0.0045
8.8692 8.8429 8.8607 0.0045
8.8692 8.8429 8.8607 0.0045
8.8692 8.8429 8.8608 0.0044
8.8692 8.8429 8.8608 0.0044
8.8692 8.8429 8.8608 0.0044
8.8692 8.8429 8.8608 0.0044
8.8692 8.8429 8.8608 0.0044
8.8692 8.8429 8.8608 0.0044
8.8692 8.8429 8.8608 0.0045
8.8692 8.8429 8.8608 0.0045
8.8692 8.8429 8.8610 0.0042
8.8692 8.8429 8.8610 0.0042
8.8692 8.8429 8.8610 0.0042
8.8692 8.8429 8.8610 0.0042
8.8692 8.8429 8.8611 0.0043
8.8692 8.8429 8.8611 0.0043
8.8692 8.8429 8.8611 0.0043
8.8692 8.8429 8.8611 0.0043
8.8692 8.8429 8.8611 0.0043
8.8692 8.8429 8.8611 0.0043
8.8692 8.8429 8.8611 0.0043
8.8692 8.8429 8.8611 0.0043
8.8692 8.8429 8.8611 0.0043
8.8692 8.8429 8.8611 0.0043
8.8692 8.8429 8.8611 0.0043
8.8692 8.8429 8.8611 0.0043
8.8692 8.8429 8.8611 0.0043
8.8692 8.8429 8.8611 0.0043
8.8692 8.8429 8.8611 0.0043
8.8692 8.8429 8.8612 0.0043
8.8692 8.8429 8.8613 0.0044
8.8692 8.8429 8.8613 0.0044
8.8692 8.8429 8.8613 0.0044
8.8692 8.8429 8.8613 0.0044
8.8692 8.8429 8.8613 0.0044
8.8692 8.8429 8.8613 0.0044
8.8692 8.8429 8.8613 0.0044
8.8692 8.8429 8.8613 0.0044
8.8692 8.8429 8.8613 0.0044
8.8692 8.8429 8.8613 0.0044
8.8692 8.8429 8.8613 0.0044
8.8692 8.8429 8.8613 0.0044
8.8692 8.8429 8.8613 0.0044
8.8692 8.8463 8.8615 0.0040
8.8692 8.8463 8.8615 0.0040
8.8692 8.8463 8.8615 0.0040
8.8692 8.8463 8.8615 0.0040
8.8692 8.8463 8.8615 0.0040
8.8692 8.8463 8.8615 0.0040
8.8692 8.8463 8.8615 0.0040
8.8692 8.8463 8.8615 0.0040
8.8692 8.8463 8.8615 0.0040
8.8692 8.8463 8.8616 0.0041
8.8692 8.8513 8.8617 0.0038
8.8692 8.8513 8.8617 0.0038
8.8692 8.8513 8.8617 0.0038
8.8692 8.8513 8.8617 0.0038
8.8692 8.8513 8.8617 0.0038
8.8692 8.8513 8.8617 0.0038
8.8692 8.8513 8.8617 0.0038
8.8692 8.8513 8.8617 0.0038
8.8692 8.8513 8.8617 0.0038
8.8692 8.8513 8.8617 0.0038
8.8692 8.8513 8.8617 0.0038
8.8692 8.8513 8.8617 0.0038
8.8692 8.8513 8.8618 0.0038
8.8692 8.8513 8.8618 0.0038
8.8692 8.8513 8.8618 0.0038
8.8692 8.8513 8.8618 0.0038
8.8692 8.8513 8.8619 0.0039
8.8692 8.8513 8.8619 0.0039
8.8692 8.8513 8.8619 0.0039
8.8692 8.8513 8.8619 0.0039
8.8692 8.8513 8.8619 0.0039
8.8692 8.8513 8.8619 0.0039
8.8692 8.8513 8.8619 0.0039
8.8692 8.8513 8.8619 0.0039
8.8692 8.8513 8.8619 0.0039
8.8692 8.8513 8.8619 0.0039
8.8692 8.8513 8.8619 0.0039
8.8692 8.8513 8.8619 0.0039
8.8692 8.8513 8.8619 0.0039
8.8692 8.8513 8.8619 0.0039
8.8692 8.8513 8.8619 0.0039
8.8692 8.8513 8.8619 0.0039
8.8692 8.8513 8.8620 0.0039
8.8692 8.8513 8.8620 0.0039
8.8692 8.8513 8.8620 0.0039
8.8692 8.8513 8.8620 0.0039
8.8692 8.8513 8.8620 0.0039
8.8692 8.8513 8.8620 0.0039
8.8692 8.8513 8.8620 0.0039
8.8692 8.8513 8.8620 0.0039
8.8692 8.8513 8.8620 0.0039
8.8692 8.8513 8.8620 0.0040
8.8692 8.8513 8.8620 0.0040
8.8692 8.8513 8.8621 0.0040
8.8692 8.8513 8.8621 0.0040
8.8692 8.8513 8.8622 0.0040
8.8692 8.8513 8.8622 0.0040
8.8692 8.8513 8.8622 0.0040
8.8692 8.8513 8.8622 0.0040
8.8692 8.8513 8.8622 0.0040
8.8692 8.8513 8.8623 0.0040
8.8692 8.8513 8.8623 0.0040
8.8692 8.8513 8.8623 0.0040
8.8692 8.8513 8.8623 0.0040
8.8692 8.8513 8.8623 0.0040
8.8692 8.8513 8.8624 0.0040
8.8692 8.8513 8.8624 0.0040
8.8692 8.8513 8.8624 0.0040
8.8692 8.8513 8.8624 0.0040
8.8692 8.8513 8.8624 0.0040
8.8692 8.8513 8.8624 0.0040
8.8692 8.8513 8.8624 0.0040
8.8692 8.8513 8.8624 0.0040
8.8692 8.8513 8.8625 0.0040
8.8692 8.8513 8.8626 0.0040
8.8692 8.8513 8.8626 0.0040
8.8692 8.8513 8.8626 0.0040
8.8692 8.8513 8.8626 0.0040
8.8692 8.8513 8.8626 0.0040
8.8692 8.8513 8.8626 0.0040
8.8692 8.8513 8.8626 0.0040
8.8692 8.8513 8.8627 0.0039
8.8692 8.8513 8.8627 0.0039
8.8692 8.8513 8.8627 0.0039
8.8692 8.8513 8.8628 0.0039
8.8692 8.8513 8.8628 0.0039
8.8692 8.8513 8.8628 0.0039
8.8692 8.8513 8.8628 0.0039
8.8692 8.8513 8.8629 0.0038
8.8692 8.8513 8.8630 0.0038
8.8692 8.8513 8.8630 0.0038
8.8692 8.8513 8.8630 0.0038
8.8692 8.8513 8.8630 0.0038
8.8692 8.8513 8.8630 0.0038
8.8692 8.8513 8.8630 0.0038
8.8692 8.8513 8.8630 0.0038
8.8692 8.8513 8.8630 0.0038
8.8692 8.8513 8.8630 0.0038
8.8692 8.8513 8.8630 0.0038
8.8692 8.8513 8.8630 0.0038
8.8692 8.8513 8.8630 0.0038
8.8692 8.8513 8.8631 0.0038
8.8692 8.8513 8.8631 0.0038
8.8692 8.8513 8.8631 0.0038
8.8692 8.8513 8.8631 0.0038
8.8692 8.8513 8.8631 0.0038
8.8692 8.8513 8.8631 0.0038
8.8692 8.8513 8.8631 0.0038
8.8692 8.8513 8.8631 0.0038
8.8692 8.8513 8.8631 0.0038
8.8692 8.8513 8.8631 0.0038
8.8692 8.8513 8.8632 0.0037
8.8692 8.8513 8.8632 0.0037
8.8692 8.8513 8.8632 0.0037
8.8692 8.8513 8.8632 0.0037
8.8692 8.8513 8.8632 0.0037
8.8692 8.8513 8.8632 0.0037
8.8692 8.8513 8.8632 0.0037
8.8692 8.8513 8.8632 0.0037
8.8692 8.8513 8.8632 0.0037
8.8692 8.8513 8.8632 0.0037
8.8692 8.8513 8.8632 0.0037
8.8692 8.8513 8.8632 0.0037
8.8692 8.8513 8.8633 0.0037
8.8692 8.8513 8.8633 0.0037
8.8692 8.8513 8.8633 0.0037
8.8692 8.8513 8.8633 0.0037
8.8692 8.8513 8.8633 0.0037
8.8692 8.8513 8.8634 0.0037
8.8692 8.8513 8.8634 0.0037
8.8692 8.8513 8.8634 0.0037
8.8692 8.8513 8.8634 0.0037
8.8692 8.8513 8.8634 0.0037
8.8692 8.8513 8.8634 0.0037
8.8692 8.8513 8.8634 0.0037
8.8692 8.8513 8.8634 0.0037
8.8692 8.8513 8.8634 0.0037
8.8692 8.8513 8.8634 0.0037
8.8692 8.8513 8.8634 0.0037
8.8692 8.8513 8.8634 0.0037
8.8692 8.8513 8.8634 0.0037
8.8692 8.8513 8.8634 0.0037
8.8692 8.8513 8.8634 0.0037
8.8692 8.8513 8.8634 0.0037
8.8692 8.8513 8.8634 0.0037
8.8692 8.8513 8.8634 0.0038
8.8692 8.8513 8.8634 0.0038
8.8692 8.8513 8.8634 0.0038
8.8692 8.8513 8.8634 0.0038
8.8692 8.8513 8.8634 0.0038
8.8692 8.8513 8.8634 0.0038
8.8692 8.8513 8.8634 0.0038
8.8692 8.8513 8.8634 0.0038
8.8692 8.8513 8.8634 0.0038
8.8692 8.8513 8.8634 0.0038
8.8692 8.8513 8.8634 0.0038
8.8692 8.8513 8.8634 0.0038
8.8692 8.8513 8.8635 0.0037
8.8692 8.8513 8.8635 0.0037
8.8692 8.8513 8.8635 0.0038
8.8692 8.8513 8.8635 0.0038
8.8692 8.8513 8.8635 0.0038
8.8692 8.8513 8.8635 0.0038
8.8692 8.8513 8.8635 0.0037
8.8692 8.8513 8.8635 0.0037
8.8692 8.8513 8.8635 0.0037
8.8692 8.8513 8.8635 0.0037
8.8692 8.8513 8.8636 0.0037
8.8692 8.8513 8.8636 0.0037
8.8692 8.8513 8.8636 0.0037
8.8692 8.8513 8.8636 0.0037
8.8692 8.8513 8.8637 0.0038
8.8692 8.8539 8.8638 0.0036
8.8692 8.8539 8.8638 0.0036
8.8692 8.8539 8.8638 0.0036
8.8692 8.8539 8.8638 0.0036
8.8692 8.8539 8.8638 0.0036
8.8692 8.8539 8.8639 0.0036
8.8692 8.8539 8.8639 0.0036
8.8692 8.8539 8.8639 0.0036
8.8692 8.8539 8.8640 0.0036
8.8692 8.8539 8.8640 0.0036
8.8692 8.8539 8.8640 0.0036
8.8692 8.8539 8.8640 0.0036
8.8692 8.8539 8.8640 0.0036
8.8692 8.8539 8.8640 0.0036
8.8692 8.8539 8.8640 0.0036
8.8692 8.8539 8.8641 0.0036
8.8692 8.8539 8.8641 0.0036
8.8692 8.8539 8.8641 0.0036
8.8692 8.8539 8.8641 0.0036
8.8692 8.8539 8.8641 0.0036
8.8692 8.8539 8.8641 0.0036
8.8692 8.8539 8.8641 0.0036
8.8692 8.8539 8.8641 0.0036
8.8692 8.8539 8.8641 0.0036
8.8692 8.8539 8.8641 0.0036
8.8692 8.8539 8.8641 0.0036
8.8692 8.8539 8.8642 0.0036
8.8692 8.8539 8.8642 0.0036
8.8692 8.8539 8.8642 0.0036
8.8692 8.8539 8.8642 0.0036
8.8692 8.8539 8.8642 0.0036
8.8692 8.8539 8.8642 0.0036
8.8692 8.8539 8.8643 0.0036
8.8692 8.8539 8.8643 0.0036
8.8692 8.8539 8.8643 0.0036
8.8692 8.8539 8.8643 0.0036
8.8692 8.8539 8.8643 0.0036
8.8692 8.8539 8.8643 0.0036
8.8692 8.8539 8.8643 0.0036
8.8696 8.8539 8.8644 0.0036
8.8696 8.8539 8.8645 0.0036
8.8797 8.8539 8.8646 0.0039
8.8797 8.8539 8.8646 0.0039
8.8797 8.8539 8.8646 0.0039
8.8797 8.8539 8.8646 0.0039
8.8797 8.8539 8.8647 0.0039
8.8797 8.8539 8.8648 0.0038
8.8797 8.8539 8.8648 0.0038
8.8797 8.8539 8.8648 0.0038
8.8797 8.8539 8.8648 0.0038
8.8797 8.8539 8.8648 0.0038
8.8797 8.8539 8.8648 0.0038
8.8797 8.8539 8.8648 0.0038
8.8797 8.8539 8.8648 0.0038
8.8797 8.8539 8.8648 0.0038
8.8797 8.8539 8.8648 0.0038
8.8797 8.8539 8.8648 0.0038
8.8797 8.8539 8.8648 0.0038
8.8797 8.8539 8.8648 0.0038
8.8797 8.8539 8.8648 0.0038
8.8797 8.8539 8.8648 0.0037
8.8797 8.8539 8.8648 0.0037
8.8797 8.8539 8.8648 0.0037
8.8797 8.8539 8.8648 0.0037
8.8797 8.8539 8.8648 0.0037
8.8797 8.8539 8.8648 0.0037
8.8797 8.8539 8.8648 0.0037
8.8797 8.8539 8.8648 0.0037
8.8797 8.8539 8.8648 0.0037
8.8797 8.8539 8.8649 0.0037
8.8797 8.8539 8.8649 0.0037
8.8797 8.8539 8.8649 0.0037
8.8797 8.8539 8.8649 0.0037
8.8797 8.8539 8.8649 0.0037
8.8797 8.8539 8.8649 0.0037
8.8797 8.8539 8.8649 0.0037
8.8797 8.8539 8.8650 0.0037
8.8797 8.8539 8.8650 0.0037
8.8797 8.8539 8.8651 0.0037
8.8797 8.8539 8.8651 0.0037
8.8797 8.8539 8.8651 0.0037
8.8797 8.8539 8.8651 0.0037
8.8797 8.8539 8.8651 0.0037
8.8797 8.8539 8.8651 0.0036
8.8797 8.8539 8.8651 0.0036
8.8797 8.8539 8.8651 0.0036
8.8797 8.8539 8.8651 0.0036
8.8797 8.8539 8.8651 0.0036
8.8797 8.8539 8.8651 0.0036
8.8797 8.8539 8.8652 0.0037
8.8797 8.8539 8.8652 0.0037
8.8797 8.8539 8.8652 0.0037
8.8797 8.8539 8.8652 0.0037
8.8797 8.8539 8.8652 0.0037
8.8797 8.8539 8.8652 0.0037
8.8797 8.8539 8.8652 0.0037
8.8797 8.8539 8.8652 0.0037
8.8797 8.8539 8.8652 0.0037
8.8797 8.8539 8.8652 0.0037
8.8797 8.8539 8.8652 0.0037
8.8797 8.8539 8.8653 0.0038
8.8797 8.8539 8.8653 0.0038
8.8797 8.8539 8.8653 0.0038
8.8797 8.8539 8.8653 0.0038
8.8797 8.8539 8.8653 0.0038
8.8797 8.8539 8.8653 0.0038
8.8797 8.8539 8.8653 0.0038
8.8797 8.8539 8.8653 0.0038
8.8797 8.8539 8.8654 0.0038
8.8797 8.8539 8.8654 0.0038
8.8797 8.8539 8.8654 0.0038
8.8797 8.8539 8.8654 0.0037
8.8797 8.8539 8.8654 0.0037
8.8797 8.8539 8.8654 0.0037
8.8797 8.8539 8.8654 0.0037
8.8797 8.8539 8.8655 0.0037
8.8797 8.8539 8.8655 0.0037
8.8797 8.8539 8.8655 0.0037
8.8797 8.8539 8.8655 0.0037
8.8797 8.8539 8.8655 0.0037
8.8797 8.8539 8.8655 0.0037
8.8797 8.8539 8.8655 0.0037
8.8797 8.8539 8.8655 0.0037
8.8797 8.8539 8.8655 0.0037
8.8797 8.8539 8.8655 0.0037
8.8797 8.8539 8.8655 0.0037
8.8797 8.8539 8.8655 0.0037
8.8797 8.8539 8.8655 0.0037
8.8797 8.8539 8.8655 0.0037
8.8797 8.8539 8.8655 0.0037
8.8797 8.8539 8.8655 0.0037
8.8797 8.8539 8.8655 0.0037
8.8797 8.8539 8.8655 0.0037
8.8797 8.8539 8.8655 0.0037
8.8797 8.8539 8.8656 0.0037
8.8797 8.8539 8.8656 0.0037
8.8797 8.8539 8.8656 0.0037
8.8797 8.8539 8.8656 0.0037
8.8797 8.8539 8.8656 0.0037
8.8797 8.8539 8.8657 0.0037
8.8797 8.8539 8.8657 0.0037
8.8797 8.8539 8.8657 0.0037
8.8797 8.8539 8.8657 0.0037
8.8797 8.8539 8.8657 0.0037
8.8797 8.8539 8.8657 0.0037
8.8797 8.8539 8.8657 0.0037
8.8797 8.8539 8.8657 0.0037
8.8797 8.8539 8.8657 0.0037
8.8797 8.8539 8.8657 0.0037
8.8797 8.8539 8.8657 0.0037
8.8797 8.8539 8.8657 0.0037
8.8797 8.8539 8.8658 0.0036
8.8797 8.8539 8.8658 0.0036
8.8797 8.8539 8.8658 0.0036
8.8797 8.8539 8.8659 0.0036
8.8797 8.8539 8.8659 0.0036
8.8797 8.8539 8.8659 0.0036
8.8797 8.8539 8.8659 0.0035
8.8797 8.8539 8.8659 0.0035
8.8797 8.8539 8.8660 0.0036
8.8797 8.8539 8.8660 0.0036
8.8797 8.8539 8.8660 0.0036
8.8797 8.8539 8.8660 0.0036
8.8797 8.8539 8.8660 0.0036
8.8797 8.8539 8.8660 0.0036
8.8797 8.8539 8.8660 0.0036
8.8797 8.8539 8.8660 0.0036
8.8797 8.8539 8.8660 0.0036
8.8797 8.8539 8.8660 0.0036
8.8797 8.8539 8.8660 0.0036
8.8797 8.8539 8.8660 0.0036
8.8797 8.8539 8.8660 0.0036
8.8797 8.8539 8.8660 0.0036
8.8797 8.8539 8.8660 0.0036
8.8797 8.8539 8.8660 0.0036
8.8797 8.8539 8.8660 0.0036
8.8797 8.8539 8.8660 0.0036
8.8797 8.8539 8.8660 0.0036
8.8797 8.8539 8.8661 0.0035
8.8797 8.8539 8.8661 0.0035
8.8797 8.8539 8.8661 0.0035
8.8797 8.8539 8.8662 0.0035
8.8797 8.8539 8.8662 0.0035
8.8797 8.8539 8.8662 0.0035
8.8797 8.8539 8.8662 0.0034
8.8797 8.8539 8.8662 0.0034
8.8797 8.8539 8.8662 0.0034
8.8797 8.8539 8.8662 0.0034
8.8797 8.8539 8.8662 0.0034
8.8797 8.8539 8.8662 0.0034
8.8797 8.8539 8.8662 0.0034
8.8797 8.8539 8.8662 0.0034
8.8797 8.8539 8.8662 0.0034
8.8797 8.8539 8.8662 0.0034
8.8797 8.8539 8.8662 0.0034
8.8797 8.8539 8.8662 0.0034
8.8797 8.8539 8.8662 0.0034
8.8797 8.8539 8.8663 0.0034
8.8797 8.8539 8.8663 0.0034
8.8797 8.8539 8.8664 0.0033
8.8797 8.8539 8.8664 0.0033
8.8797 8.8539 8.8664 0.0033
8.8797 8.8539 8.8664 0.0033
8.8797 8.8539 8.8664 0.0033
8.8797 8.8539 8.8664 0.0033
8.8797 8.8539 8.8664 0.0033
8.8797 8.8539 8.8664 0.0033
8.8797 8.8539 8.8664 0.0033
8.8797 8.8539 8.8664 0.0033
8.8797 8.8539 8.8664 0.0033
8.8797 8.8539 8.8664 0.0033
8.8797 8.8539 8.8664 0.0033
8.8797 8.8539 8.8664 0.0033
8.8797 8.8539 8.8664 0.0033
8.8797 8.8539 8.8664 0.0033
8.8797 8.8539 8.8665 0.0033
8.8797 8.8539 8.8665 0.0033
8.8797 8.8539 8.8666 0.0035
8.8797 8.8539 8.8667 0.0035
8.8797 8.8539 8.8667 0.0034
8.8797 8.8539 8.8667 0.0034
8.8797 8.8539 8.8668 0.0034
8.8797 8.8539 8.8668 0.0034
8.8797 8.8539 8.8668 0.0034
8.8797 8.8539 8.8668 0.0034
8.8797 8.8539 8.8668 0.0034
8.8797 8.8539 8.8668 0.0034
8.8797 8.8539 8.8668 0.0034
8.8797 8.8539 8.8668 0.0034
8.8797 8.8539 8.8668 0.0034
8.8797 8.8539 8.8668 0.0034
8.8797 8.8539 8.8668 0.0034
8.8797 8.8539 8.8668 0.0034
8.8797 8.8539 8.8668 0.0034
8.8797 8.8539 8.8668 0.0034
8.8797 8.8539 8.8668 0.0034
8.8797 8.8539 8.8668 0.0034
8.8797 8.8539 8.8669 0.0036
8.8797 8.8539 8.8669 0.0036
8.8797 8.8539 8.8669 0.0036
8.8797 8.8539 8.8669 0.0036
8.8797 8.8539 8.8669 0.0036
8.8797 8.8539 8.8669 0.0036
8.8797 8.8539 8.8669 0.0036
8.8797 8.8539 8.8669 0.0036
8.8797 8.8539 8.8669 0.0036
8.8797 8.8539 8.8669 0.0036
8.8797 8.8539 8.8669 0.0036
8.8797 8.8539 8.8669 0.0036
8.8797 8.8539 8.8669 0.0036
8.8797 8.8539 8.8669 0.0036
8.8797 8.8539 8.8669 0.0036
8.8797 8.8539 8.8669 0.0036
8.8797 8.8539 8.8669 0.0036
8.8797 8.8539 8.8670 0.0036
8.8797 8.8539 8.8670 0.0036
8.8797 8.8539 8.8670 0.0036
8.8797 8.8539 8.8670 0.0036
8.8797 8.8539 8.8670 0.0036
8.8797 8.8539 8.8670 0.0036
8.8797 8.8539 8.8670 0.0036
8.8797 8.8539 8.8670 0.0036
8.8797 8.8539 8.8670 0.0036
8.8797 8.8539 8.8670 0.0036
8.8797 8.8539 8.8670 0.0036
8.8797 8.8539 8.8670 0.0036
8.8797 8.8539 8.8670 0.0036
8.8797 8.8539 8.8670 0.0036
8.8797 8.8539 8.8670 0.0036
8.8797 8.8539 8.8670 0.0036
8.8797 8.8539 8.8670 0.0036
8.8797 8.8539 8.8670 0.0036
8.8797 8.8539 8.8671 0.0035
8.8797 8.8539 8.8671 0.0035
8.8797 8.8539 8.8671 0.0035
8.8797 8.8539 8.8671 0.0035
8.8797 8.8539 8.8671 0.0035
8.8797 8.8539 8.8671 0.0035
8.8797 8.8539 8.8671 0.0035
8.8797 8.8539 8.8671 0.0035
8.8797 8.8539 8.8671 0.0035
8.8797 8.8539 8.8671 0.0035
8.8797 8.8539 8.8671 0.0035
8.8797 8.8539 8.8672 0.0036
8.8797 8.8539 8.8672 0.0036
8.8797 8.8539 8.8672 0.0036
8.8797 8.8539 8.8672 0.0036
8.8797 8.8539 8.8672 0.0036
8.8797 8.8539 8.8672 0.0036
8.8797 8.8539 8.8672 0.0036
8.8797 8.8539 8.8673 0.0035
8.8797 8.8539 8.8673 0.0035
8.8797 8.8539 8.8673 0.0035
8.8797 8.8539 8.8673 0.0035
8.8797 8.8539 8.8673 0.0035
8.8797 8.8539 8.8673 0.0035
8.8797 8.8539 8.8674 0.0034
8.8797 8.8539 8.8674 0.0034
8.8797 8.8539 8.8674 0.0034
8.8797 8.8539 8.8674 0.0035
8.8797 8.8539 8.8674 0.0035
8.8797 8.8539 8.8674 0.0035
8.8797 8.8539 8.8674 0.0035
8.8797 8.8539 8.8674 0.0035
8.8797 8.8539 8.8675 0.0035
8.8797 8.8539 8.8675 0.0035
8.8797 8.8539 8.8675 0.0035
8.8797 8.8539 8.8675 0.0035
8.8797 8.8539 8.8675 0.0035
8.8797 8.8539 8.8675 0.0035
8.8797 8.8539 8.8675 0.0035
8.8797 8.8539 8.8675 0.0035
8.8797 8.8539 8.8675 0.0035
8.8797 8.8539 8.8675 0.0035
8.8797 8.8539 8.8675 0.0035
8.8797 8.8539 8.8675 0.0035
8.8797 8.8539 8.8675 0.0034
8.8797 8.8539 8.8675 0.0034
8.8797 8.8539 8.8675 0.0034
8.8797 8.8539 8.8677 0.0036
8.8797 8.8539 8.8677 0.0036
8.8797 8.8539 8.8677 0.0036
8.8797 8.8539 8.8677 0.0036
8.8797 8.8539 8.8677 0.0036
8.8797 8.8539 8.8678 0.0035
8.8797 8.8539 8.8678 0.0035
8.8797 8.8539 8.8678 0.0035
8.8797 8.8539 8.8678 0.0035
8.8797 8.8539 8.8678 0.0035
8.8797 8.8539 8.8678 0.0035
8.8797 8.8539 8.8678 0.0035
8.8797 8.8539 8.8678 0.0035
8.8797 8.8539 8.8678 0.0035
8.8797 8.8539 8.8678 0.0035
8.8797 8.8539 8.8678 0.0035
8.8797 8.8539 8.8678 0.0035
8.8797 8.8539 8.8678 0.0035
8.8797 8.8539 8.8678 0.0035
8.8797 8.8539 8.8678 0.0035
8.8797 8.8539 8.8678 0.0035
8.8797 8.8539 8.8678 0.0035
8.8797 8.8604 8.8679 0.0032
8.8797 8.8604 8.8680 0.0034
8.8797 8.8604 8.8680 0.0034
8.8797 8.8604 8.8680 0.0034
8.8797 8.8604 8.8680 0.0034
8.8797 8.8604 8.8680 0.0034
8.8797 8.8604 8.8680 0.0034
8.8797 8.8604 8.8680 0.0034
8.8797 8.8604 8.8680 0.0034
8.8797 8.8604 8.8680 0.0034
8.8797 8.8604 8.8680 0.0034
8.8797 8.8604 8.8680 0.0034
8.8797 8.8604 8.8680 0.0034
8.8797 8.8604 8.8680 0.0034
8.8797 8.8604 8.8680 0.0034
8.8797 8.8604 8.8682 0.0036
8.8797 8.8604 8.8682 0.0036
8.8797 8.8604 8.8683 0.0036
8.8797 8.8604 8.8683 0.0036
8.8797 8.8604 8.8684 0.0038
8.8797 8.8604 8.8684 0.0038
8.8797 8.8604 8.8684 0.0038
8.8797 8.8604 8.8684 0.0038
8.8797 8.8604 8.8684 0.0038
8.8797 8.8604 8.8684 0.0038
8.8797 8.8604 8.8684 0.0038
8.8797 8.8604 8.8684 0.0038
8.8797 8.8604 8.8684 0.0038
8.8797 8.8604 8.8684 0.0038
8.8797 8.8604 8.8684 0.0038
8.8797 8.8604 8.8684 0.0038
8.8797 8.8604 8.8684 0.0038
8.8797 8.8604 8.8685 0.0038
8.8797 8.8604 8.8685 0.0038
8.8797 8.8604 8.8685 0.0038
8.8797 8.8604 8.8685 0.0038
8.8797 8.8604 8.8685 0.0038
8.8797 8.8604 8.8685 0.0038
8.8797 8.8604 8.8685 0.0038
8.8797 8.8604 8.8685 0.0038
8.8797 8.8604 8.8685 0.0038
8.8797 8.8604 8.8685 0.0038
8.8797 8.8604 8.8685 0.0038
8.8797 8.8604 8.8685 0.0038
8.8797 8.8604 8.8685 0.0038
8.8797 8.8604 8.8685 0.0038
8.8797 8.8604 8.8685 0.0038
8.8797 8.8604 8.8686 0.0038
8.8797 8.8604 8.8686 0.0038
8.8797 8.8604 8.8686 0.0038
8.8797 8.8604 8.8686 0.0038
8.8797 8.8604 8.8686 0.0038
8.8797 8.8604 8.8686 0.0037
8.8797 8.8604 8.8686 0.0037
8.8797 8.8604 8.8686 0.0037
8.8797 8.8604 8.8686 0.0037
8.8797 8.8604 8.8686 0.0037
8.8797 8.8604 8.8686 0.0037
8.8797 8.8604 8.8686 0.0037
8.8797 8.8604 8.8686 0.0037
8.8797 8.8604 8.8686 0.0037
8.8797 8.8604 8.8686 0.0037
8.8797 8.8604 8.8686 0.0037
8.8797 8.8604 8.8686 0.0037
8.8797 8.8604 8.8686 0.0037
8.8797 8.8604 8.8686 0.0037
8.8797 8.8604 8.8686 0.0037
8.8797 8.8604 8.8686 0.0037
8.8797 8.8604 8.8686 0.0037
8.8797 8.8604 8.8687 0.0036
8.8797 8.8604 8.8687 0.0036
8.8797 8.8604 8.8687 0.0036
8.8797 8.8604 8.8687 0.0036
8.8797 8.8604 8.8687 0.0036
8.8797 8.8604 8.8687 0.0036
8.8797 8.8604 8.8687 0.0036
8.8797 8.8604 8.8688 0.0036
8.8797 8.8604 8.8688 0.0036
8.8797 8.8604 8.8688 0.0038
8.8797 8.8604 8.8688 0.0038
8.8797 8.8604 8.8688 0.0037
8.8797 8.8604 8.8688 0.0037
8.8797 8.8604 8.8688 0.0037
8.8797 8.8604 8.8688 0.0037
8.8797 8.8604 8.8688 0.0037
8.8797 8.8604 8.8688 0.0037
8.8797 8.8604 8.8688 0.0037
8.8797 8.8604 8.8688 0.0037
8.8797 8.8604 8.8688 0.0037
8.8797 8.8604 8.8689 0.0039
8.8797 8.8604 8.8689 0.0039
8.8797 8.8604 8.8690 0.0039
8.8797 8.8604 8.8690 0.0039
8.8797 8.8604 8.8690 0.0039
8.8797 8.8604 8.8690 0.0039
8.8797 8.8604 8.8690 0.0039
8.8797 8.8604 8.8690 0.0039
8.8797 8.8604 8.8690 0.0039
8.8797 8.8604 8.8690 0.0039
8.8797 8.8604 8.8690 0.0039
8.8797 8.8604 8.8690 0.0039
8.8797 8.8604 8.8690 0.0039
8.8797 8.8604 8.8690 0.0039
8.8797 8.8604 8.8690 0.0039
8.8797 8.8604 8.8690 0.0039
8.8797 8.8604 8.8691 0.0039
8.8797 8.8604 8.8691 0.0039
8.8797 8.8604 8.8691 0.0039
8.8797 8.8604 8.8692 0.0040
8.8797 8.8604 8.8692 0.0040
8.8797 8.8604 8.8692 0.0040
8.8797 8.8604 8.8692 0.0040
8.8797 8.8604 8.8692 0.0040
8.8797 8.8604 8.8692 0.0041
8.8797 8.8604 8.8693 0.0041
8.8797 8.8604 8.8693 0.0041
8.8797 8.8604 8.8693 0.0041
8.8797 8.8604 8.8693 0.0041
8.8797 8.8604 8.8693 0.0041
8.8797 8.8604 8.8693 0.0041
8.8797 8.8604 8.8694 0.0042
8.8797 8.8604 8.8694 0.0042
8.8797 8.8604 8.8694 0.0042
8.8797 8.8604 8.8694 0.0042
8.8797 8.8604 8.8694 0.0042
8.8797 8.8604 8.8695 0.0042
8.8797 8.8604 8.8695 0.0042
8.8797 8.8604 8.8695 0.0042
8.8797 8.8604 8.8695 0.0042
8.8797 8.8604 8.8695 0.0042
8.8797 8.8604 8.8695 0.0042
8.8797 8.8604 8.8695 0.0042
8.8797 8.8604 8.8695 0.0042
8.8797 8.8604 8.8695 0.0042
8.8797 8.8604 8.8695 0.0042
8.8797 8.8604 8.8695 0.0042
8.8797 8.8604 8.8695 0.0042
8.8797 8.8604 8.8696 0.0043
8.8797 8.8604 8.8696 0.0043
8.8797 8.8604 8.8696 0.0043
8.8797 8.8604 8.8696 0.0043
8.8797 8.8604 8.8696 0.0043
8.8797 8.8604 8.8696 0.0043
8.8797 8.8604 8.8696 0.0043
8.8797 8.8604 8.8696 0.0043
8.8797 8.8604 8.8696 0.0043
8.8797 8.8604 8.8696 0.0043
8.8797 8.8604 8.8696 0.0043
8.8797 8.8604 8.8696 0.0043
8.8797 8.8604 8.8696 0.0043
8.8797 8.8604 8.8696 0.0043
8.8797 8.8604 8.8696 0.0043
8.8797 8.8604 8.8696 0.0043
8.8797 8.8604 8.8696 0.0043
8.8797 8.8604 8.8696 0.0043
8.8797 8.8604 8.8696 0.0043
8.8797 8.8604 8.8696 0.0043
8.8797 8.8604 8.8696 0.0043
8.8797 8.8604 8.8696 0.0043
8.8797 8.8604 8.8696 0.0043
8.8797 8.8604 8.8696 0.0043
8.8797 8.8604 8.8696 0.0043
8.8797 8.8604 8.8696 0.0043
8.8797 8.8604 8.8696 0.0043
8.8797 8.8604 8.8696 0.0043
8.8797 8.8604 8.8696 0.0043
8.8797 8.8604 8.8696 0.0043
8.8797 8.8604 8.8696 0.0043
8.8797 8.8604 8.8696 0.0043
8.8797 8.8604 8.8696 0.0043
8.8797 8.8604 8.8696 0.0043
8.8797 8.8604 8.8696 0.0043
8.8797 8.8604 8.8696 0.0043
8.8797 8.8604 8.8696 0.0043
8.8797 8.8604 8.8696 0.0043
8.8797 8.8604 8.8696 0.0043
8.8797 8.8604 8.8696 0.0043
8.8797 8.8604 8.8696 0.0043
8.8797 8.8604 8.8696 0.0043
8.8797 8.8604 8.8696 0.0043
8.8797 8.8604 8.8696 0.0043
8.8797 8.8604 8.8696 0.0043
8.8797 8.8604 8.8697 0.0043
8.8797 8.8604 8.8697 0.0043
8.8797 8.8604 8.8697 0.0043
8.8797 8.8604 8.8697 0.0043
8.8797 8.8604 8.8697 0.0043
8.8797 8.8604 8.8697 0.0043
8.8797 8.8604 8.8697 0.0043
8.8797 8.8604 8.8697 0.0043
8.8797 8.8604 8.8697 0.0043
8.8797 8.8604 8.8697 0.0043
8.8797 8.8604 8.8697 0.0043
8.8797 8.8604 8.8697 0.0043
8.8797 8.8604 8.8697 0.0043
8.8797 8.8604 8.8697 0.0043
8.8797 8.8604 8.8697 0.0043
8.8797 8.8604 8.8697 0.0043
8.8797 8.8604 8.8697 0.0043
8.8797 8.8604 8.8697 0.0043
8.8797 8.8604 8.8697 0.0043
8.8797 8.8604 8.8697 0.0043
8.8797 8.8604 8.8697 0.0043
8.8797 8.8604 8.8697 0.0043
8.8797 8.8604 8.8697 0.0043
8.8797 8.8604 8.8697 0.0043
8.8797 8.8604 8.8697 0.0043
8.8797 8.8604 8.8697 0.0043
8.8797 8.8604 8.8697 0.0043
8.8797 8.8604 8.8697 0.0043
8.8797 8.8604 8.8697 0.0043
8.8797 8.8604 8.8698 0.0043
8.8797 8.8604 8.8698 0.0043
8.8797 8.8621 8.8699 0.0042
8.8797 8.8621 8.8699 0.0042
8.8797 8.8621 8.8699 0.0042
8.8797 8.8621 8.8699 0.0042
8.8797 8.8621 8.8699 0.0042
8.8797 8.8621 8.8699 0.0042
8.8797 8.8621 8.8699 0.0042
8.8797 8.8621 8.8699 0.0042
8.8797 8.8621 8.8700 0.0043
8.8797 8.8621 8.8700 0.0043
8.8797 8.8621 8.8700 0.0043
8.8797 8.8621 8.8700 0.0043
8.8797 8.8621 8.8700 0.0043
8.8797 8.8621 8.8700 0.0043
8.8797 8.8621 8.8700 0.0043
8.8797 8.8621 8.8700 0.0043
8.8797 8.8621 8.8700 0.0043
8.8797 8.8621 8.8700 0.0043
8.8797 8.8621 8.8700 0.0043
8.8797 8.8621 8.8700 0.0043
8.8797 8.8621 8.8700 0.0043
8.8797 8.8621 8.8700 0.0043
8.8797 8.8621 8.8700 0.0043
8.8797 8.8621 8.8702 0.0044
8.8797 8.8621 8.8702 0.0044
8.8797 8.8621 8.8702 0.0044
8.8797 8.8621 8.8702 0.0044
8.8797 8.8621 8.8702 0.0044
8.8797 8.8621 8.8702 0.0044
8.8797 8.8621 8.8702 0.0044
8.8797 8.8621 8.8702 0.0044
8.8797 8.8621 8.8702 0.0044
8.8797 8.8621 8.8702 0.0044
8.8797 8.8621 8.8702 0.0044
8.8797 8.8621 8.8703 0.0044
8.8797 8.8621 8.8703 0.0044
8.8797 8.8621 8.8703 0.0044
8.8797 8.8621 8.8703 0.0044
8.8797 8.8621 8.8703 0.0044
8.8797 8.8621 8.8703 0.0044
8.8797 8.8621 8.8703 0.0044
8.8797 8.8621 8.8703 0.0044
8.8797 8.8621 8.8704 0.0045
8.8797 8.8621 8.8704 0.0045
8.8797 8.8621 8.8704 0.0045
8.8797 8.8621 8.8705 0.0045
8.8797 8.8621 8.8705 0.0045
8.8797 8.8621 8.8705 0.0045
8.8797 8.8621 8.8705 0.0045
8.8797 8.8621 8.8705 0.0045
8.8797 8.8621 8.8705 0.0045
8.8797 8.8621 8.8705 0.0045
8.8797 8.8621 8.8705 0.0045
8.8797 8.8621 8.8706 0.0046
8.8797 8.8621 8.8707 0.0047
8.8797 8.8621 8.8707 0.0047
8.8797 8.8621 8.8707 0.0047
8.8797 8.8621 8.8707 0.0047
8.8797 8.8621 8.8707 0.0047
8.8797 8.8621 8.8707 0.0047
8.8797 8.8621 8.8707 0.0047
8.8797 8.8621 8.8707 0.0047
8.8797 8.8621 8.8707 0.0047
8.8797 8.8621 8.8707 0.0047
8.8797 8.8621 8.8707 0.0047
8.8797 8.8621 8.8707 0.0047
8.8797 8.8621 8.8707 0.0047
8.8797 8.8621 8.8708 0.0048
8.8797 8.8621 8.8708 0.0048
8.8797 8.8621 8.8709 0.0048
8.8797 8.8621 8.8709 0.0048
8.8797 8.8621 8.8709 0.0048
8.8797 8.8621 8.8709 0.0048
8.8797 8.8621 8.8709 0.0048
8.8797 8.8621 8.8709 0.0048
8.8797 8.8621 8.8709 0.0048
8.8797 8.8621 8.8709 0.0048
8.8797 8.8621 8.8710 0.0048
8.8797 8.8621 8.8710 0.0048
8.8797 8.8621 8.8710 0.0048
8.8797 8.8621 8.8710 0.0048
8.8797 8.8621 8.8710 0.0048
8.8797 8.8621 8.8710 0.0048
8.8797 8.8621 8.8710 0.0048
8.8797 8.8621 8.8710 0.0048
8.8797 8.8621 8.8710 0.0048
8.8797 8.8621 8.8711 0.0048
8.8797 8.8621 8.8711 0.0048
8.8797 8.8621 8.8711 0.0049
8.8797 8.8621 8.8711 0.0049
8.8797 8.8621 8.8712 0.0050
8.8797 8.8621 8.8712 0.0050
8.8797 8.8621 8.8712 0.0049
8.8797 8.8621 8.8713 0.0050
8.8797 8.8621 8.8713 0.0050
8.8797 8.8621 8.8714 0.0050
8.8797 8.8621 8.8714 0.0050
8.8797 8.8621 8.8714 0.0050
8.8797 8.8621 8.8714 0.0050
8.8797 8.8621 8.8714 0.0050
8.8797 8.8621 8.8714 0.0050
8.8797 8.8621 8.8714 0.0050
8.8797 8.8621 8.8714 0.0050
8.8797 8.8621 8.8714 0.0050
8.8797 8.8621 8.8714 0.0050
8.8797 8.8621 8.8714 0.0050
8.8797 8.8621 8.8714 0.0050
8.8797 8.8621 8.8714 0.0050
8.8797 8.8621 8.8714 0.0050
8.8797 8.8621 8.8714 0.0050
8.8797 8.8621 8.8714 0.0050
8.8797 8.8621 8.8714 0.0050
8.8797 8.8621 8.8715 0.0050
8.8797 8.8621 8.8716 0.0050
8.8797 8.8621 8.8716 0.0050
8.8797 8.8621 8.8716 0.0050
8.8797 8.8621 8.8716 0.0050
8.8797 8.8621 8.8716 0.0050
8.8797 8.8621 8.8716 0.0050
8.8797 8.8621 8.8716 0.0051
8.8797 8.8621 8.8716 0.0051
8.8797 8.8621 8.8716 0.0051
8.8797 8.8621 8.8716 0.0051
8.8797 8.8621 8.8716 0.0051
8.8797 8.8621 8.8718 0.0051
8.8797 8.8621 8.8719 0.0052
8.8797 8.8621 8.8719 0.0052
8.8797 8.8621 8.8720 0.0052
8.8797 8.8621 8.8720 0.0052
8.8797 8.8621 8.8721 0.0052
8.8797 8.8621 8.8721 0.0052
8.8797 8.8621 8.8722 0.0052
8.8797 8.8621 8.8723 0.0052
8.8797 8.8621 8.8723 0.0052
8.8797 8.8621 8.8723 0.0052
8.8797 8.8621 8.8723 0.0052
8.8797 8.8621 8.8723 0.0052
8.8797 8.8621 8.8723 0.0052
8.8797 8.8621 8.8723 0.0052
8.8797 8.8621 8.8724 0.0052
8.8797 8.8621 8.8724 0.0052
8.8797 8.8621 8.8724 0.0052
8.8797 8.8621 8.8724 0.0052
8.8797 8.8657 8.8725 0.0052
8.8797 8.8657 8.8725 0.0052
8.8797 8.8657 8.8725 0.0052
8.8797 8.8657 8.8725 0.0052
8.8797 8.8657 8.8725 0.0052
8.8797 8.8657 8.8725 0.0052
8.8797 8.8657 8.8725 0.0052
8.8797 8.8657 8.8725 0.0052
8.8797 8.8657 8.8725 0.0052
8.8797 8.8657 8.8726 0.0051
8.8797 8.8657 8.8726 0.0051
8.8797 8.8665 8.8726 0.0051
8.8797 8.8665 8.8726 0.0052
8.8797 8.8665 8.8726 0.0052
8.8797 8.8665 8.8726 0.0052
8.8797 8.8665 8.8726 0.0052
8.8797 8.8665 8.8726 0.0051
8.8797 8.8665 8.8726 0.0051
8.8797 8.8665 8.8726 0.0051
8.8797 8.8665 8.8726 0.0051
8.8797 8.8665 8.8727 0.0051
8.8797 8.8665 8.8727 0.0051
8.8797 8.8665 8.8727 0.0051
8.8797 8.8665 8.8727 0.0051
8.8797 8.8665 8.8727 0.0051
8.8797 8.8669 8.8728 0.0051
8.8797 8.8669 8.8728 0.0051
8.8797 8.8669 8.8729 0.0052
8.8797 8.8669 8.8729 0.0052
8.8797 8.8669 8.8729 0.0052
8.8797 8.8669 8.8729 0.0052
8.8797 8.8669 8.8729 0.0052
8.8797 8.8669 8.8729 0.0052
8.8797 8.8669 8.8729 0.0052
8.8797 8.8669 8.8729 0.0052
8.8797 8.8669 8.8729 0.0052
8.8797 8.8669 8.8730 0.0052
8.8797 8.8669 8.8730 0.0052
8.8797 8.8669 8.8730 0.0052
8.8797 8.8669 8.8730 0.0052
8.8797 8.8669 8.8730 0.0052
8.8797 8.8669 8.8732 0.0053
8.8797 8.8669 8.8733 0.0053
8.8797 8.8669 8.8733 0.0053
8.8797 8.8669 8.8733 0.0053
8.8797 8.8669 8.8733 0.0053
8.8797 8.8669 8.8733 0.0053
8.8797 8.8669 8.8733 0.0053
8.8797 8.8669 8.8733 0.0053
8.8797 8.8669 8.8734 0.0053
8.8797 8.8669 8.8734 0.0053
8.8797 8.8669 8.8734 0.0053
8.8797 8.8669 8.8734 0.0053
8.8797 8.8669 8.8734 0.0053
8.8797 8.8669 8.8734 0.0053
8.8797 8.8669 8.8734 0.0053
8.8797 8.8669 8.8735 0.0053
8.8797 8.8669 8.8735 0.0053
8.8797 8.8669 8.8736 0.0053
8.8797 8.8669 8.8736 0.0053
8.8797 8.8669 8.8736 0.0053
8.8797 8.8669 8.8736 0.0053
8.8797 8.8669 8.8736 0.0053
8.8797 8.8669 8.8736 0.0053
8.8797 8.8669 8.8736 0.0053
8.8797 8.8669 8.8736 0.0053
8.8797 8.8669 8.8737 0.0053
8.8797 8.8669 8.8737 0.0053
8.8797 8.8669 8.8737 0.0053
8.8797 8.8669 8.8737 0.0053
8.8797 8.8669 8.8737 0.0053
8.8797 8.8669 8.8737 0.0053
8.8797 8.8669 8.8737 0.0053
8.8797 8.8669 8.8737 0.0053
8.8797 8.8669 8.8737 0.0053
8.8797 8.8669 8.8737 0.0053
8.8797 8.8669 8.8737 0.0053
8.8797 8.8669 8.8738 0.0053
8.8797 8.8669 8.8738 0.0053
8.8797 8.8669 8.8738 0.0053
8.8797 8.8669 8.8738 0.0053
8.8797 8.8669 8.8738 0.0053
8.8797 8.8669 8.8738 0.0053
8.8797 8.8669 8.8738 0.0053
8.8797 8.8669 8.8738 0.0053
8.8797 8.8669 8.8738 0.0053
8.8797 8.8669 8.8738 0.0053
8.8797 8.8669 8.8738 0.0053
8.8797 8.8669 8.8738 0.0053
8.8797 8.8669 8.8738 0.0053
8.8797 8.8669 8.8738 0.0053
8.8797 8.8669 8.8738 0.0053
8.8797 8.8669 8.8738 0.0053
8.8797 8.8669 8.8738 0.0053
8.8797 8.8669 8.8738 0.0053
8.8797 8.8669 8.8738 0.0053
8.8797 8.8669 8.8738 0.0053
8.8797 8.8669 8.8738 0.0053
8.8797 8.8669 8.8738 0.0053
8.8797 8.8669 8.8738 0.0053
8.8797 8.8669 8.8738 0.0053
8.8797 8.8669 8.8738 0.0053
8.8797 8.8669 8.8738 0.0053
8.8797 8.8669 8.8738 0.0053
8.8797 8.8669 8.8738 0.0053
8.8797 8.8669 8.8740 0.0053
8.8797 8.8669 8.8741 0.0053
8.8797 8.8669 8.8741 0.0053
8.8797 8.8669 8.8741 0.0053
8.8797 8.8669 8.8741 0.0053
8.8797 8.8669 8.8741 0.0053
8.8797 8.8669 8.8741 0.0053
8.8797 8.8669 8.8741 0.0053
8.8797 8.8669 8.8743 0.0053
8.8797 8.8669 8.8743 0.0053
8.8797 8.8669 8.8743 0.0053
8.8797 8.8669 8.8743 0.0053
8.8797 8.8669 8.8743 0.0053
8.8797 8.8669 8.8743 0.0053
8.8797 8.8669 8.8743 0.0053
8.8797 8.8669 8.8743 0.0053
8.8797 8.8669 8.8743 0.0053
8.8797 8.8669 8.8743 0.0053
8.8797 8.8669 8.8743 0.0053
8.8797 8.8669 8.8743 0.0053
8.8797 8.8669 8.8743 0.0053
8.8797 8.8669 8.8744 0.0053
8.8797 8.8669 8.8744 0.0053
8.8797 8.8669 8.8744 0.0053
8.8797 8.8669 8.8744 0.0053
8.8797 8.8669 8.8744 0.0053
8.8797 8.8669 8.8744 0.0053
8.8797 8.8669 8.8745 0.0053
8.8797 8.8669 8.8745 0.0053
8.8797 8.8669 8.8746 0.0053
8.8797 8.8669 8.8746 0.0052
8.8797 8.8669 8.8746 0.0052
8.8797 8.8669 8.8746 0.0052
8.8797 8.8669 8.8746 0.0052
8.8797 8.8669 8.8746 0.0052
8.8797 8.8669 8.8746 0.0053
8.8797 8.8669 8.8746 0.0053
8.8797 8.8669 8.8746 0.0053
8.8797 8.8669 8.8746 0.0053
8.8797 8.8669 8.8746 0.0053
8.8797 8.8669 8.8746 0.0053
8.8797 8.8669 8.8747 0.0052
8.8797 8.8669 8.8747 0.0052
8.8797 8.8669 8.8747 0.0052
8.8797 8.8669 8.8747 0.0052
8.8797 8.8669 8.8747 0.0052
8.8797 8.8669 8.8747 0.0052
8.8797 8.8669 8.8747 0.0052
8.8797 8.8669 8.8748 0.0052
8.8797 8.8669 8.8748 0.0052
8.8797 8.8669 8.8748 0.0052
8.8797 8.8669 8.8749 0.0052
8.8797 8.8669 8.8749 0.0052
8.8797 8.8669 8.8749 0.0052
8.8797 8.8669 8.8749 0.0052
8.8797 8.8669 8.8749 0.0052
8.8797 8.8669 8.8749 0.0052
8.8797 8.8669 8.8749 0.0052
8.8797 8.8669 8.8749 0.0052
8.8797 8.8669 8.8749 0.0053
8.8797 8.8669 8.8749 0.0053
8.8797 8.8669 8.8749 0.0053
8.8797 8.8669 8.8749 0.0053
8.8797 8.8669 8.8749 0.0053
8.8797 8.8669 8.8750 0.0052
8.8797 8.8669 8.8750 0.0052
8.8797 8.8669 8.8751 0.0052
8.8797 8.8669 8.8751 0.0052
8.8797 8.8669 8.8751 0.0052
8.8797 8.8669 8.8751 0.0052
8.8797 8.8669 8.8751 0.0052
8.8797 8.8669 8.8751 0.0052
8.8797 8.8669 8.8751 0.0052
8.8797 8.8669 8.8751 0.0052
8.8797 8.8669 8.8751 0.0052
8.8797 8.8669 8.8752 0.0052
8.8797 8.8669 8.8752 0.0052
8.8797 8.8669 8.8752 0.0052
8.8797 8.8669 8.8752 0.0052
8.8797 8.8669 8.8753 0.0052
8.8797 8.8669 8.8753 0.0052
8.8797 8.8669 8.8753 0.0052
8.8797 8.8669 8.8753 0.0052
8.8797 8.8669 8.8753 0.0052
8.8797 8.8669 8.8753 0.0052
8.8797 8.8669 8.8753 0.0052
8.8797 8.8669 8.8753 0.0052
8.8797 8.8669 8.8753 0.0052
8.8797 8.8669 8.8753 0.0052
8.8797 8.8669 8.8753 0.0052
8.8797 8.8669 8.8753 0.0052
8.8797 8.8669 8.8753 0.0052
8.8797 8.8669 8.8753 0.0052
8.8797 8.8669 8.8755 0.0052
8.8797 8.8669 8.8755 0.0052
8.8797 8.8669 8.8755 0.0052
8.8797 8.8669 8.8755 0.0052
8.8797 8.8669 8.8755 0.0052
8.8797 8.8669 8.8755 0.0052
8.8797 8.8669 8.8756 0.0051
8.8797 8.8669 8.8756 0.0051
8.8797 8.8669 8.8756 0.0051
8.8797 8.8669 8.8756 0.0051
8.8797 8.8669 8.8756 0.0051
8.8797 8.8669 8.8756 0.0051
8.8797 8.8669 8.8756 0.0051
8.8797 8.8669 8.8756 0.0051
8.8797 8.8669 8.8756 0.0051
8.8797 8.8669 8.8756 0.0051
8.8797 8.8669 8.8756 0.0051
8.8797 8.8669 8.8756 0.0051
8.8797 8.8669 8.8756 0.0051
8.8797 8.8669 8.8756 0.0051
8.8797 8.8669 8.8756 0.0051
8.8797 8.8669 8.8756 0.0051
8.8797 8.8669 8.8756 0.0051
8.8797 8.8669 8.8756 0.0051
8.8797 8.8669 8.8756 0.0051
8.8797 8.8669 8.8756 0.0051
8.8797 8.8669 8.8756 0.0051
8.8797 8.8669 8.8756 0.0051
8.8797 8.8669 8.8757 0.0051
8.8797 8.8669 8.8757 0.0051
8.8797 8.8669 8.8757 0.0051
8.8797 8.8669 8.8757 0.0051
8.8797 8.8669 8.8757 0.0051
8.8797 8.8669 8.8757 0.0051
8.8797 8.8669 8.8758 0.0050
8.8797 8.8669 8.8758 0.0050
8.8797 8.8669 8.8758 0.0050
8.8797 8.8669 8.8758 0.0050
8.8797 8.8669 8.8758 0.0050
8.8797 8.8669 8.8758 0.0050
8.8797 8.8669 8.8758 0.0050
8.8797 8.8669 8.8758 0.0050
8.8797 8.8669 8.8758 0.0050
8.8797 8.8669 8.8758 0.0050
8.8797 8.8669 8.8758 0.0050
8.8797 8.8669 8.8759 0.0050
8.8797 8.8669 8.8759 0.0050
8.8797 8.8669 8.8759 0.0050
8.8797 8.8669 8.8759 0.0050
8.8797 8.8669 8.8759 0.0050
8.8797 8.8669 8.8759 0.0050
8.8797 8.8669 8.8759 0.0050
8.8797 8.8669 8.8759 0.0050
8.8797 8.8669 8.8761 0.0050
8.8797 8.8669 8.8761 0.0050
8.8797 8.8669 8.8761 0.0049
8.8797 8.8669 8.8761 0.0049
8.8797 8.8669 8.8761 0.0049
8.8797 8.8669 8.8761 0.0049
8.8797 8.8669 8.8761 0.0049
8.8797 8.8669 8.8761 0.0049
8.8797 8.8669 8.8761 0.0049
8.8797 8.8669 8.8761 0.0049
8.8797 8.8669 8.8761 0.0049
8.8797 8.8669 8.8761 0.0049
8.8797 8.8669 8.8761 0.0049
8.8797 8.8669 8.8761 0.0049
8.8797 8.8669 8.8761 0.0049
8.8797 8.8669 8.8761 0.0049
8.8797 8.8669 8.8762 0.0049
8.8797 8.8669 8.8762 0.0049
8.8797 8.8669 8.8762 0.0049
8.8797 8.8669 8.8762 0.0049
8.8797 8.8669 8.8763 0.0049
8.8797 8.8669 8.8763 0.0049
8.8797 8.8669 8.8763 0.0049
8.8797 8.8669 8.8763 0.0049
8.8797 8.8669 8.8763 0.0049
8.8797 8.8669 8.8763 0.0049
8.8797 8.8669 8.8763 0.0049
8.8797 8.8669 8.8763 0.0049
8.8797 8.8669 8.8763 0.0049
8.8797 8.8669 8.8763 0.0049
8.8797 8.8669 8.8763 0.0049
8.8797 8.8669 8.8763 0.0049
8.8797 8.8669 8.8763 0.0049
8.8797 8.8669 8.8763 0.0049
8.8797 8.8669 8.8764 0.0049
8.8797 8.8669 8.8765 0.0048
8.8797 8.8669 8.8765 0.0048
8.8797 8.8669 8.8766 0.0047
8.8797 8.8669 8.8766 0.0047
8.8797 8.8669 8.8766 0.0047
8.8797 8.8669 8.8766 0.0047
8.8797 8.8669 8.8766 0.0047
8.8797 8.8669 8.8766 0.0047
8.8797 8.8669 8.8766 0.0047
8.8797 8.8669 8.8766 0.0047
8.8797 8.8669 8.8766 0.0047
8.8797 8.8669 8.8766 0.0047
8.8797 8.8669 8.8767 0.0047
8.8797 8.8669 8.8768 0.0047
8.8797 8.8669 8.8768 0.0047
8.8797 8.8669 8.8768 0.0047
8.8797 8.8669 8.8768 0.0047
8.8797 8.8669 8.8768 0.0046
8.8797 8.8669 8.8768 0.0046
8.8797 8.8669 8.8768 0.0046
8.8797 8.8669 8.8768 0.0046
8.8797 8.8669 8.8768 0.0046
8.8797 8.8669 8.8768 0.0046
8.8797 8.8669 8.8768 0.0046
8.8797 8.8669 8.8768 0.0046
8.8797 8.8669 8.8768 0.0046
8.8797 8.8669 8.8768 0.0046
8.8797 8.8669 8.8768 0.0046
8.8797 8.8669 8.8768 0.0046
8.8797 8.8669 8.8768 0.0046
8.8797 8.8669 8.8768 0.0046
8.8797 8.8669 8.8768 0.0046
8.8797 8.8669 8.8770 0.0045
8.8797 8.8669 8.8770 0.0045
8.8797 8.8669 8.8770 0.0045
8.8797 8.8669 8.8770 0.0045
8.8797 8.8669 8.8770 0.0045
8.8797 8.8669 8.8770 0.0046
8.8797 8.8669 8.8770 0.0046
8.8797 8.8670 8.8771 0.0044
8.8797 8.8670 8.8771 0.0044
8.8797 8.8670 8.8771 0.0044
8.8797 8.8670 8.8771 0.0044
8.8797 8.8670 8.8771 0.0044
8.8797 8.8670 8.8771 0.0044
8.8797 8.8670 8.8771 0.0044
8.8797 8.8670 8.8771 0.0044
8.8797 8.8670 8.8771 0.0044
8.8797 8.8670 8.8771 0.0044
8.8797 8.8670 8.8771 0.0044
8.8797 8.8670 8.8771 0.0044
8.8797 8.8670 8.8772 0.0044
8.8797 8.8670 8.8772 0.0044
8.8797 8.8670 8.8772 0.0044
8.8797 8.8670 8.8772 0.0044
8.8797 8.8670 8.8772 0.0044
8.8797 8.8670 8.8772 0.0044
8.8797 8.8670 8.8772 0.0044
8.8797 8.8670 8.8772 0.0044
8.8797 8.8670 8.8772 0.0044
8.8797 8.8670 8.8772 0.0044
8.8797 8.8670 8.8772 0.0044
8.8797 8.8670 8.8772 0.0044
8.8797 8.8670 8.8772 0.0044
8.8797 8.8670 8.8772 0.0044
8.8797 8.8670 8.8772 0.0044
8.8797 8.8670 8.8772 0.0044
8.8797 8.8670 8.8773 0.0043
8.8797 8.8670 8.8773 0.0043
8.8797 8.8670 8.8775 0.0042
8.8797 8.8670 8.8775 0.0042
8.8797 8.8670 8.8775 0.0042
8.8797 8.8670 8.8775 0.0042
8.8797 8.8670 8.8775 0.0042
8.8797 8.8670 8.8775 0.0042
8.8797 8.8670 8.8775 0.0042
8.8797 8.8670 8.8775 0.0042
8.8797 8.8670 8.8775 0.0042
8.8797 8.8670 8.8775 0.0042
8.8797 8.8670 8.8775 0.0042
8.8797 8.8670 8.8775 0.0042
8.8797 8.8670 8.8775 0.0042
8.8797 8.8670 8.8775 0.0042
8.8797 8.8670 8.8775 0.0042
8.8797 8.8670 8.8775 0.0042
8.8797 8.8670 8.8775 0.0042
8.8797 8.8670 8.8775 0.0042
8.8797 8.8670 8.8775 0.0042
8.8797 8.8670 8.8775 0.0042
8.8797 8.8670 8.8775 0.0042
8.8797 8.8670 8.8775 0.0042
8.8797 8.8670 8.8775 0.0042
8.8797 8.8670 8.8775 0.0042
8.8797 8.8670 8.8775 0.0042
8.8797 8.8670 8.8775 0.0042
8.8797 8.8670 8.8775 0.0042
8.8797 8.8670 8.8775 0.0042
8.8797 8.8670 8.8775 0.0042
8.8797 8.8670 8.8775 0.0042
8.8797 8.8670 8.8776 0.0041
8.8797 8.8670 8.8776 0.0041
8.8797 8.8670 8.8776 0.0041
8.8797 8.8670 8.8777 0.0040
8.8806 8.8670 8.8777 0.0040
8.8806 8.8670 8.8777 0.0040
8.8806 8.8670 8.8778 0.0039
8.8806 8.8670 8.8778 0.0039
8.8806 8.8670 8.8778 0.0039
8.8806 8.8670 8.8778 0.0039
8.8806 8.8670 8.8778 0.0039
8.8806 8.8670 8.8778 0.0039
8.8806 8.8670 8.8778 0.0039
8.8806 8.8684 8.8780 0.0038
8.8806 8.8684 8.8780 0.0038
8.8806 8.8684 8.8780 0.0038
8.8806 8.8684 8.8780 0.0038
8.8806 8.8684 8.8780 0.0038
8.8806 8.8684 8.8780 0.0038
8.8806 8.8684 8.8780 0.0038
8.8806 8.8684 8.8780 0.0038
8.8806 8.8684 8.8780 0.0038
8.8806 8.8684 8.8780 0.0038
8.8806 8.8684 8.8780 0.0038
8.8806 8.8684 8.8780 0.0038
8.8806 8.8684 8.8780 0.0038
8.8806 8.8684 8.8780 0.0038
8.8806 8.8684 8.8780 0.0038
8.8806 8.8684 8.8780 0.0038
8.8806 8.8684 8.8780 0.0038
8.8806 8.8684 8.8780 0.0038
8.8825 8.8684 8.8781 0.0038
8.8825 8.8684 8.8781 0.0038
8.8825 8.8684 8.8781 0.0038
8.8825 8.8684 8.8781 0.0038
8.8825 8.8684 8.8781 0.0038
8.8825 8.8684 8.8781 0.0038
8.8825 8.8684 8.8781 0.0038
8.8825 8.8684 8.8782 0.0039
8.8825 8.8684 8.8782 0.0039
8.8825 8.8684 8.8782 0.0039
8.8825 8.8684 8.8782 0.0039
8.8825 8.8684 8.8782 0.0039
8.8825 8.8684 8.8782 0.0039
8.8825 8.8684 8.8782 0.0039
8.8825 8.8684 8.8782 0.0039
8.8825 8.8684 8.8782 0.0039
8.8825 8.8684 8.8782 0.0039
8.8825 8.8684 8.8782 0.0039
8.8825 8.8684 8.8782 0.0039
8.8825 8.8684 8.8782 0.0039
8.8825 8.8684 8.8782 0.0039
8.8825 8.8684 8.8782 0.0039
8.8825 8.8684 8.8783 0.0038
8.8825 8.8684 8.8783 0.0038
8.8825 8.8684 8.8783 0.0038
8.8825 8.8684 8.8784 0.0036
8.8825 8.8684 8.8784 0.0036
8.8825 8.8684 8.8784 0.0036
8.8825 8.8684 8.8784 0.0036
8.8825 8.8684 8.8784 0.0036
8.8825 8.8684 8.8784 0.0036
8.8825 8.8684 8.8784 0.0036
8.8825 8.8684 8.8784 0.0036
8.8825 8.8684 8.8785 0.0035
8.8825 8.8684 8.8785 0.0035
8.8825 8.8684 8.8785 0.0035
8.8825 8.8684 8.8785 0.0035
8.8825 8.8684 8.8785 0.0035
8.8825 8.8684 8.8785 0.0035
8.8825 8.8684 8.8785 0.0035
8.8825 8.8684 8.8785 0.0035
8.8825 8.8684 8.8785 0.0035
8.8825 8.8684 8.8785 0.0035
8.8825 8.8684 8.8785 0.0035
8.8825 8.8684 8.8785 0.0035
8.8825 8.8684 8.8785 0.0035
8.8825 8.8684 8.8785 0.0035
8.8825 8.8684 8.8785 0.0035
8.8825 8.8684 8.8785 0.0035
8.8825 8.8684 8.8785 0.0035
8.8825 8.8684 8.8785 0.0035
8.8825 8.8684 8.8785 0.0035
8.8825 8.8684 8.8785 0.0035
8.8825 8.8684 8.8785 0.0035
8.8825 8.8684 8.8785 0.0035
8.8825 8.8684 8.8785 0.0035
8.8825 8.8684 8.8785 0.0035
8.8825 8.8684 8.8785 0.0035
8.8825 8.8684 8.8785 0.0035
8.8825 8.8684 8.8785 0.0035
8.8825 8.8684 8.8785 0.0035
8.8825 8.8684 8.8785 0.0035
8.8825 8.8684 8.8786 0.0034
8.8825 8.8684 8.8786 0.0034
8.8825 8.8684 8.8786 0.0034
8.8825 8.8684 8.8786 0.0034
8.8825 8.8684 8.8788 0.0033
8.8825 8.8684 8.8788 0.0033
8.8825 8.8684 8.8788 0.0033
8.8825 8.8684 8.8788 0.0033
8.8825 8.8684 8.8788 0.0033
8.8825 8.8684 8.8788 0.0033
8.8825 8.8684 8.8788 0.0033
8.8825 8.8684 8.8788 0.0033
8.8825 8.8684 8.8788 0.0033
8.8825 8.8684 8.8788 0.0033
8.8825 8.8684 8.8788 0.0033
8.8825 8.8684 8.8788 0.0033
8.8825 8.8684 8.8788 0.0033
8.8825 8.8684 8.8788 0.0033
8.8825 8.8684 8.8788 0.0033
8.8825 8.8684 8.8788 0.0033
8.8825 8.8684 8.8788 0.0033
8.8825 8.8684 8.8788 0.0033
8.8825 8.8684 8.8788 0.0033
8.8825 8.8684 8.8788 0.0033
8.8825 8.8684 8.8788 0.0033
8.8825 8.8684 8.8788 0.0033
8.8825 8.8684 8.8788 0.0033
8.8825 8.8684 8.8788 0.0033
8.8825 8.8684 8.8788 0.0033
8.8825 8.8684 8.8788 0.0033
8.8825 8.8684 8.8788 0.0033
8.8825 8.8684 8.8788 0.0033
8.8825 8.8684 8.8788 0.0033
8.8825 8.8684 8.8788 0.0033
8.8825 8.8684 8.8788 0.0033
8.8825 8.8684 8.8788 0.0033
8.8825 8.8684 8.8788 0.0033
8.8825 8.8684 8.8788 0.0033
8.8825 8.8684 8.8788 0.0033
8.8825 8.8684 8.8788 0.0033
8.8825 8.8684 8.8788 0.0033
8.8825 8.8684 8.8788 0.0033
8.8825 8.8684 8.8788 0.0033
8.8825 8.8684 8.8788 0.0033
8.8825 8.8684 8.8788 0.0033
8.8825 8.8684 8.8788 0.0033
8.8825 8.8684 8.8788 0.0033
8.8825 8.8684 8.8788 0.0033
8.8825 8.8684 8.8788 0.0033
8.8825 8.8684 8.8788 0.0033
8.8825 8.8684 8.8788 0.0033
8.8825 8.8684 8.8788 0.0033
8.8825 8.8684 8.8788 0.0033
8.8825 8.8684 8.8788 0.0033
8.8825 8.8684 8.8789 0.0032
8.8825 8.8684 8.8789 0.0032
8.8825 8.8684 8.8789 0.0032
8.8825 8.8684 8.8791 0.0031
8.8825 8.8684 8.8791 0.0031
8.8825 8.8684 8.8791 0.0031
8.8825 8.8684 8.8791 0.0031
8.8825 8.8684 8.8791 0.0031
8.8825 8.8684 8.8791 0.0031
8.8825 8.8684 8.8791 0.0031
8.8825 8.8684 8.8791 0.0031
8.8835 8.8684 8.8791 0.0031
8.8835 8.8684 8.8791 0.0031
8.8835 8.8684 8.8791 0.0031
8.8835 8.8684 8.8791 0.0031
8.8835 8.8684 8.8791 0.0031
8.8835 8.8684 8.8791 0.0031
8.8835 8.8684 8.8791 0.0031
8.8835 8.8684 8.8791 0.0031
8.8835 8.8684 8.8791 0.0031
8.8835 8.8684 8.8791 0.0031
8.8835 8.8684 8.8793 0.0029
8.8835 8.8684 8.8793 0.0029
8.8835 8.8684 8.8793 0.0029
8.8835 8.8684 8.8793 0.0029
8.8835 8.8684 8.8793 0.0029
8.8835 8.8684 8.8793 0.0029
8.8835 8.8684 8.8793 0.0029
8.8835 8.8684 8.8793 0.0029
8.8835 8.8684 8.8793 0.0029
8.8835 8.8684 8.8793 0.0029
8.8835 8.8684 8.8793 0.0029
8.8835 8.8684 8.8793 0.0029
8.8835 8.8684 8.8793 0.0029
8.8835 8.8684 8.8793 0.0029
8.8835 8.8684 8.8793 0.0029
8.8835 8.8684 8.8793 0.0029
8.8835 8.8684 8.8793 0.0029
8.8835 8.8684 8.8793 0.0029
8.8835 8.8684 8.8793 0.0029
8.8835 8.8684 8.8793 0.0029
8.8835 8.8684 8.8793 0.0029
8.8835 8.8684 8.8793 0.0029
8.8835 8.8684 8.8793 0.0029
8.8835 8.8684 8.8793 0.0029
8.8835 8.8684 8.8793 0.0029
8.8835 8.8684 8.8793 0.0029
8.8835 8.8684 8.8793 0.0029
8.8835 8.8684 8.8793 0.0029
8.8835 8.8684 8.8793 0.0029
8.8835 8.8684 8.8793 0.0029
8.8835 8.8684 8.8793 0.0029
8.8835 8.8684 8.8793 0.0029
8.8835 8.8684 8.8793 0.0029
8.8835 8.8684 8.8793 0.0029
8.8835 8.8684 8.8793 0.0029
8.8835 8.8684 8.8793 0.0029
8.8835 8.8684 8.8793 0.0029
8.8835 8.8684 8.8794 0.0029
8.8835 8.8684 8.8794 0.0029
8.8835 8.8684 8.8794 0.0029
8.8835 8.8684 8.8794 0.0029
8.8835 8.8684 8.8794 0.0029
8.8835 8.8684 8.8794 0.0029
8.8835 8.8684 8.8794 0.0029
8.8835 8.8684 8.8794 0.0029
8.8835 8.8684 8.8794 0.0029
8.8835 8.8684 8.8794 0.0029
8.8835 8.8684 8.8794 0.0029
8.8835 8.8684 8.8794 0.0029
8.8835 8.8684 8.8794 0.0029
8.8835 8.8684 8.8794 0.0029
8.8835 8.8684 8.8794 0.0029
8.8835 8.8684 8.8794 0.0029
8.8835 8.8684 8.8794 0.0029
8.8835 8.8684 8.8794 0.0029
8.8835 8.8684 8.8794 0.0029
8.8835 8.8684 8.8794 0.0029
8.8835 8.8684 8.8794 0.0029
8.8835 8.8684 8.8794 0.0029
8.8835 8.8684 8.8794 0.0029
8.8835 8.8684 8.8794 0.0029
8.8835 8.8684 8.8795 0.0029
8.8835 8.8684 8.8795 0.0029
8.8835 8.8684 8.8795 0.0029
8.8835 8.8684 8.8795 0.0029
8.8835 8.8684 8.8795 0.0029
8.8835 8.8684 8.8795 0.0029
8.8835 8.8684 8.8795 0.0029
8.8835 8.8684 8.8795 0.0029
8.8835 8.8684 8.8795 0.0029
8.8835 8.8684 8.8795 0.0029
8.8835 8.8684 8.8795 0.0029
8.8835 8.8684 8.8795 0.0029
8.8835 8.8684 8.8795 0.0029
8.8835 8.8684 8.8795 0.0029
8.8835 8.8684 8.8795 0.0029
8.8835 8.8684 8.8795 0.0029
8.8835 8.8684 8.8795 0.0029
8.8835 8.8684 8.8795 0.0029
8.8835 8.8684 8.8795 0.0029
8.8835 8.8684 8.8795 0.0029
8.8835 8.8684 8.8795 0.0029
8.8835 8.8684 8.8795 0.0029
8.8835 8.8684 8.8795 0.0029
8.8835 8.8684 8.8795 0.0029
8.8835 8.8684 8.8795 0.0029
8.8835 8.8684 8.8795 0.0029
8.8835 8.8684 8.8795 0.0029
8.8835 8.8684 8.8795 0.0029
8.8835 8.8684 8.8795 0.0029
8.8835 8.8684 8.8795 0.0029
8.8835 8.8684 8.8795 0.0029
8.8835 8.8684 8.8795 0.0029
8.8835 8.8684 8.8795 0.0029
8.8835 8.8684 8.8795 0.0029
8.8835 8.8684 8.8795 0.0029
8.8835 8.8684 8.8795 0.0029
8.8835 8.8684 8.8795 0.0029
8.8835 8.8684 8.8795 0.0029
8.8835 8.8684 8.8795 0.0029
8.8835 8.8684 8.8795 0.0029
8.8835 8.8684 8.8795 0.0029
8.8835 8.8684 8.8795 0.0029
8.8835 8.8684 8.8795 0.0030
8.8835 8.8684 8.8795 0.0030
8.8835 8.8684 8.8795 0.0030
8.8835 8.8684 8.8795 0.0030
8.8835 8.8684 8.8796 0.0030
8.8835 8.8684 8.8796 0.0030
8.8835 8.8684 8.8796 0.0030
8.8835 8.8684 8.8796 0.0030
8.8835 8.8684 8.8796 0.0030
8.8835 8.8684 8.8797 0.0027
8.8835 8.8684 8.8797 0.0027
8.8835 8.8684 8.8797 0.0028
8.8835 8.8684 8.8797 0.0028
8.8835 8.8684 8.8797 0.0028
8.8835 8.8684 8.8797 0.0028
8.8835 8.8684 8.8797 0.0028
8.8835 8.8684 8.8797 0.0028
8.8835 8.8684 8.8799 0.0025
8.8835 8.8684 8.8799 0.0025
8.8835 8.8684 8.8799 0.0025
8.8835 8.8684 8.8799 0.0025
8.8835 8.8684 8.8799 0.0025
8.8835 8.8684 8.8799 0.0025
8.8835 8.8684 8.8799 0.0025
8.8835 8.8684 8.8799 0.0025
8.8835 8.8684 8.8799 0.0025
8.8835 8.8684 8.8799 0.0025
8.8835 8.8684 8.8799 0.0025
8.8835 8.8684 8.8799 0.0025
8.8835 8.8684 8.8799 0.0025
8.8835 8.8684 8.8799 0.0025
8.8835 8.8684 8.8799 0.0025
8.8835 8.8684 8.8799 0.0025
8.8835 8.8684 8.8799 0.0025
8.8835 8.8684 8.8799 0.0025
8.8835 8.8684 8.8799 0.0025
8.8835 8.8684 8.8799 0.0025
8.8835 8.8684 8.8799 0.0025
8.8835 8.8684 8.8799 0.0025
8.8835 8.8684 8.8799 0.0025
8.8835 8.8684 8.8799 0.0025
8.8835 8.8684 8.8799 0.0025
8.8835 8.8684 8.8799 0.0025
8.8835 8.8684 8.8799 0.0025
8.8835 8.8684 8.8799 0.0025
8.8835 8.8684 8.8799 0.0025
8.8835 8.8684 8.8801 0.0023
8.8835 8.8684 8.8801 0.0023
8.8835 8.8684 8.8801 0.0023
8.8835 8.8684 8.8801 0.0023
8.8835 8.8684 8.8801 0.0023
8.8835 8.8684 8.8801 0.0023
8.8835 8.8684 8.8801 0.0023
8.8835 8.8684 8.8801 0.0023
8.8835 8.8684 8.8801 0.0023
8.8835 8.8684 8.8801 0.0023
8.8835 8.8684 8.8802 0.0020
8.8835 8.8684 8.8802 0.0020
8.8835 8.8684 8.8802 0.0020
8.8835 8.8684 8.8802 0.0020
8.8835 8.8684 8.8802 0.0020
8.8835 8.8684 8.8802 0.0020
8.8835 8.8684 8.8802 0.0020
8.8835 8.8684 8.8802 0.0020
8.8835 8.8684 8.8802 0.0020
8.8835 8.8684 8.8802 0.0020
8.8835 8.8684 8.8802 0.0020
8.8835 8.8684 8.8802 0.0020
8.8835 8.8684 8.8802 0.0020
8.8835 8.8684 8.8802 0.0020
8.8835 8.8684 8.8802 0.0020
8.8835 8.8684 8.8802 0.0020
8.8835 8.8684 8.8802 0.0020
8.8835 8.8684 8.8802 0.0020
8.8835 8.8684 8.8802 0.0020
8.8835 8.8684 8.8802 0.0020
8.8835 8.8684 8.8803 0.0020
8.8835 8.8684 8.8803 0.0020
8.8835 8.8684 8.8803 0.0020
8.8835 8.8684 8.8803 0.0020
8.8835 8.8684 8.8803 0.0020
8.8835 8.8684 8.8803 0.0020
8.8835 8.8684 8.8803 0.0020
8.8835 8.8684 8.8803 0.0020
8.8835 8.8684 8.8803 0.0020
8.8835 8.8684 8.8803 0.0020
8.8835 8.8684 8.8803 0.0020
8.8835 8.8684 8.8803 0.0020
8.8835 8.8684 8.8803 0.0020
8.8835 8.8684 8.8803 0.0020
8.8835 8.8684 8.8803 0.0020
8.8835 8.8684 8.8803 0.0020
8.8835 8.8684 8.8803 0.0020
8.8835 8.8684 8.8803 0.0020
8.8835 8.8684 8.8803 0.0020
8.8835 8.8684 8.8803 0.0020
8.8835 8.8684 8.8803 0.0020
8.8835 8.8684 8.8804 0.0020
8.8835 8.8684 8.8804 0.0020
8.8835 8.8684 8.8804 0.0020
8.8835 8.8684 8.8804 0.0020
8.8835 8.8684 8.8804 0.0020
8.8835 8.8684 8.8804 0.0020
8.8835 8.8684 8.8804 0.0020
8.8835 8.8684 8.8804 0.0020
8.8835 8.8684 8.8804 0.0020
8.8835 8.8684 8.8804 0.0020
8.8835 8.8684 8.8804 0.0020
8.8835 8.8684 8.8804 0.0020
8.8835 8.8684 8.8804 0.0020
8.8835 8.8684 8.8804 0.0020
8.8835 8.8684 8.8804 0.0020
8.8835 8.8684 8.8804 0.0020
8.8835 8.8684 8.8804 0.0020
8.8836 8.8684 8.8805 0.0021
8.8836 8.8684 8.8805 0.0020
8.8836 8.8684 8.8805 0.0020
8.8836 8.8684 8.8805 0.0020
8.8836 8.8684 8.8805 0.0020
8.8836 8.8684 8.8805 0.0020
8.8836 8.8684 8.8805 0.0020
8.8836 8.8684 8.8805 0.0020
8.8836 8.8684 8.8805 0.0020
8.8836 8.8684 8.8805 0.0020
8.8836 8.8684 8.8805 0.0020
8.8836 8.8684 8.8805 0.0020
8.8836 8.8684 8.8805 0.0020
8.8836 8.8684 8.8805 0.0020
8.8836 8.8684 8.8805 0.0020
8.8836 8.8684 8.8805 0.0020
8.8836 8.8684 8.8805 0.0020
8.8836 8.8684 8.8805 0.0020
8.8836 8.8684 8.8805 0.0020
8.8836 8.8684 8.8805 0.0020
8.8836 8.8684 8.8805 0.0020
8.8836 8.8684 8.8805 0.0020
8.8836 8.8684 8.8805 0.0020
8.8836 8.8684 8.8805 0.0020
8.8836 8.8684 8.8805 0.0020
8.8836 8.8684 8.8805 0.0020
8.8836 8.8684 8.8805 0.0020
8.8836 8.8684 8.8805 0.0020
8.8836 8.8684 8.8806 0.0020
8.8836 8.8684 8.8806 0.0020
8.8836 8.8684 8.8806 0.0020
8.8836 8.8684 8.8806 0.0020
8.8836 8.8684 8.8806 0.0020
8.8836 8.8684 8.8806 0.0020
8.8836 8.8684 8.8806 0.0020
8.8836 8.8684 8.8806 0.0020
8.8836 8.8684 8.8806 0.0021
8.8836 8.8684 8.8806 0.0021
8.8836 8.8684 8.8806 0.0021
8.8836 8.8684 8.8806 0.0021
8.8836 8.8684 8.8806 0.0021
8.8836 8.8684 8.8806 0.0021
8.8836 8.8684 8.8807 0.0021
8.8836 8.8684 8.8807 0.0021
8.8836 8.8684 8.8807 0.0021
8.8836 8.8684 8.8807 0.0021
8.8836 8.8684 8.8807 0.0021
8.8836 8.8684 8.8807 0.0021
8.8836 8.8684 8.8807 0.0021
8.8836 8.8684 8.8807 0.0021
8.8836 8.8684 8.8807 0.0021
8.8836 8.8684 8.8807 0.0021
8.8836 8.8684 8.8807 0.0021
8.8836 8.8684 8.8807 0.0021
8.8836 8.8684 8.8807 0.0021
8.8836 8.8684 8.8808 0.0017
8.8836 8.8684 8.8808 0.0017
8.8836 8.8684 8.8808 0.0017
8.8836 8.8684 8.8808 0.0017
8.8836 8.8684 8.8808 0.0017
8.8836 8.8684 8.8808 0.0017
8.8836 8.8684 8.8808 0.0017
8.8836 8.8684 8.8808 0.0017
8.8836 8.8684 8.8808 0.0017
8.8836 8.8684 8.8809 0.0017
8.8836 8.8684 8.8809 0.0017
8.8836 8.8684 8.8809 0.0017
8.8836 8.8684 8.8809 0.0017
8.8836 8.8684 8.8809 0.0017
8.8836 8.8684 8.8809 0.0017
8.8836 8.8684 8.8809 0.0017
8.8836 8.8684 8.8809 0.0017
8.8836 8.8684 8.8809 0.0017
8.8836 8.8684 8.8809 0.0017
8.8836 8.8684 8.8809 0.0017
8.8836 8.8684 8.8809 0.0017
8.8836 8.8684 8.8809 0.0017
8.8836 8.8684 8.8809 0.0017
8.8836 8.8684 8.8809 0.0017
8.8836 8.8684 8.8809 0.0017
8.8836 8.8684 8.8809 0.0017
8.8836 8.8684 8.8809 0.0017
8.8836 8.8684 8.8809 0.0017
8.8836 8.8684 8.8809 0.0017
8.8836 8.8684 8.8809 0.0017
8.8836 8.8684 8.8809 0.0017
8.8836 8.8684 8.8809 0.0017
8.8836 8.8684 8.8809 0.0017
8.8836 8.8684 8.8809 0.0017
8.8836 8.8684 8.8809 0.0017
8.8836 8.8684 8.8809 0.0017
8.8836 8.8684 8.8809 0.0017
8.8836 8.8684 8.8809 0.0017
8.8836 8.8684 8.8809 0.0017
8.8836 8.8684 8.8809 0.0017
8.8836 8.8684 8.8809 0.0017
8.8836 8.8684 8.8809 0.0017
8.8836 8.8684 8.8809 0.0017
8.8836 8.8684 8.8809 0.0017
8.8836 8.8684 8.8809 0.0017
8.8836 8.8684 8.8809 0.0017
8.8836 8.8684 8.8809 0.0017
8.8836 8.8684 8.8809 0.0017
8.8836 8.8684 8.8809 0.0017
8.8836 8.8684 8.8809 0.0017
8.8836 8.8684 8.8809 0.0017
8.8836 8.8684 8.8809 0.0017
8.8836 8.8684 8.8809 0.0017
8.8836 8.8684 8.8809 0.0017
8.8836 8.8684 8.8810 0.0017
8.8836 8.8684 8.8810 0.0017
8.8836 8.8684 8.8810 0.0017
8.8836 8.8684 8.8810 0.0017
8.8836 8.8684 8.8810 0.0017
8.8836 8.8684 8.8810 0.0017
8.8836 8.8684 8.8810 0.0017
8.8836 8.8684 8.8810 0.0017
8.8836 8.8684 8.8810 0.0017
8.8836 8.8684 8.8810 0.0017
8.8836 8.8684 8.8810 0.0017
8.8836 8.8684 8.8810 0.0017
8.8836 8.8684 8.8810 0.0017
8.8836 8.8684 8.8810 0.0017
8.8836 8.8684 8.8810 0.0017
8.8836 8.8684 8.8810 0.0017
8.8836 8.8684 8.8810 0.0017
8.8836 8.8684 8.8810 0.0017
8.8836 8.8684 8.8810 0.0017
8.8836 8.8684 8.8810 0.0017
8.8836 8.8684 8.8810 0.0017
8.8836 8.8684 8.8810 0.0017
8.8836 8.8684 8.8810 0.0017
8.8836 8.8684 8.8810 0.0017
8.8836 8.8684 8.8810 0.0017
8.8836 8.8684 8.8811 0.0017
8.8836 8.8684 8.8811 0.0017
8.8836 8.8684 8.8811 0.0017
8.8836 8.8684 8.8811 0.0017
8.8836 8.8684 8.8811 0.0017
8.8836 8.8684 8.8811 0.0017
8.8836 8.8684 8.8811 0.0017
8.8836 8.8684 8.8811 0.0017
8.8836 8.8684 8.8811 0.0017
8.8836 8.8684 8.8811 0.0017
8.8836 8.8684 8.8811 0.0017
8.8836 8.8684 8.8811 0.0017
8.8836 8.8684 8.8811 0.0017
8.8836 8.8684 8.8811 0.0017
8.8836 8.8684 8.8811 0.0017
8.8836 8.8684 8.8811 0.0017
8.8836 8.8684 8.8811 0.0017
8.8836 8.8684 8.8811 0.0017
8.8836 8.8684 8.8811 0.0017
8.8836 8.8684 8.8811 0.0017
8.8836 8.8684 8.8811 0.0017
8.8836 8.8684 8.8811 0.0017
8.8836 8.8684 8.8811 0.0017
8.8836 8.8684 8.8811 0.0017
8.8836 8.8797 8.8813 0.0012
8.8836 8.8797 8.8813 0.0012
8.8836 8.8797 8.8813 0.0012
8.8836 8.8797 8.8813 0.0012
8.8836 8.8797 8.8813 0.0012
8.8836 8.8797 8.8813 0.0012
8.8836 8.8797 8.8813 0.0012
8.8836 8.8797 8.8813 0.0012
8.8836 8.8797 8.8813 0.0012
8.8836 8.8797 8.8813 0.0012
8.8836 8.8797 8.8813 0.0012
8.8836 8.8797 8.8813 0.0012
8.8836 8.8797 8.8813 0.0012
8.8836 8.8797 8.8813 0.0012
8.8836 8.8797 8.8813 0.0012
8.8836 8.8797 8.8813 0.0012
8.8836 8.8797 8.8813 0.0012
8.8836 8.8797 8.8813 0.0012
8.8836 8.8797 8.8813 0.0012
8.8836 8.8797 8.8813 0.0012
8.8836 8.8797 8.8813 0.0012
8.8836 8.8797 8.8813 0.0012
8.8836 8.8797 8.8813 0.0012
8.8836 8.8797 8.8813 0.0012
8.8836 8.8797 8.8814 0.0012
8.8836 8.8797 8.8814 0.0012
8.8836 8.8797 8.8814 0.0012
8.8836 8.8797 8.8814 0.0012
8.8836 8.8797 8.8814 0.0012
8.8836 8.8797 8.8814 0.0012
8.8836 8.8797 8.8814 0.0012
8.8836 8.8797 8.8814 0.0012
8.8836 8.8797 8.8814 0.0012
8.8836 8.8797 8.8814 0.0012
8.8836 8.8797 8.8814 0.0012
8.8836 8.8797 8.8814 0.0012
8.8836 8.8797 8.8814 0.0012
8.8836 8.8797 8.8814 0.0012
8.8836 8.8797 8.8814 0.0012
8.8836 8.8797 8.8814 0.0012
8.8836 8.8797 8.8814 0.0012
8.8836 8.8797 8.8814 0.0012
8.8836 8.8797 8.8814 0.0012
8.8836 8.8797 8.8814 0.0012
8.8836 8.8797 8.8814 0.0012
8.8836 8.8797 8.8814 0.0012
8.8836 8.8797 8.8814 0.0012
8.8836 8.8797 8.8814 0.0012
8.8836 8.8797 8.8815 0.0013
8.8836 8.8797 8.8815 0.0013
8.8836 8.8797 8.8815 0.0013
8.8836 8.8797 8.8815 0.0013
8.8836 8.8797 8.8815 0.0012
8.8836 8.8797 8.8815 0.0012
8.8836 8.8797 8.8815 0.0012
8.8836 8.8797 8.8815 0.0012
8.8836 8.8797 8.8815 0.0012
8.8836 8.8797 8.8815 0.0012
8.8836 8.8797 8.8815 0.0012
8.8836 8.8797 8.8815 0.0012
8.8836 8.8797 8.8815 0.0012
8.8836 8.8797 8.8815 0.0012
8.8836 8.8797 8.8815 0.0012
8.8836 8.8797 8.8815 0.0012
8.8836 8.8797 8.8815 0.0012
8.8836 8.8797 8.8815 0.0012
8.8836 8.8797 8.8815 0.0012
8.8836 8.8797 8.8815 0.0012
8.8836 8.8797 8.8815 0.0012
8.8836 8.8797 8.8815 0.0012
8.8836 8.8797 8.8815 0.0012
8.8836 8.8797 8.8815 0.0012
8.8836 8.8797 8.8815 0.0012
8.8836 8.8797 8.8815 0.0012
8.8836 8.8797 8.8815 0.0012
8.8836 8.8797 8.8815 0.0012
8.8836 8.8797 8.8815 0.0012
8.8836 8.8797 8.8816 0.0012
8.8836 8.8797 8.8816 0.0012
8.8836 8.8797 8.8816 0.0012
8.8836 8.8797 8.8816 0.0012
8.8836 8.8797 8.8816 0.0012
8.8836 8.8797 8.8816 0.0012
8.8836 8.8797 8.8816 0.0012
8.8836 8.8797 8.8816 0.0012
8.8836 8.8797 8.8816 0.0012
8.8836 8.8797 8.8816 0.0012
8.8836 8.8797 8.8816 0.0012
8.8836 8.8797 8.8816 0.0012
8.8836 8.8797 8.8816 0.0012
8.8836 8.8797 8.8816 0.0012
8.8836 8.8797 8.8816 0.0012
8.8836 8.8797 8.8817 0.0012
8.8836 8.8797 8.8817 0.0012
8.8836 8.8797 8.8817 0.0012
8.8836 8.8797 8.8817 0.0012
8.8836 8.8797 8.8817 0.0012
8.8836 8.8797 8.8817 0.0012
8.8836 8.8797 8.8817 0.0012
8.8836 8.8797 8.8817 0.0012
8.8836 8.8797 8.8817 0.0012
8.8836 8.8797 8.8818 0.0011
8.8836 8.8797 8.8818 0.0011
8.8836 8.8797 8.8818 0.0011
8.8836 8.8797 8.8818 0.0011
8.8836 8.8797 8.8818 0.0011
8.8836 8.8797 8.8818 0.0011
8.8836 8.8797 8.8818 0.0011
8.8836 8.8797 8.8818 0.0012
8.8836 8.8797 8.8818 0.0012
8.8836 8.8797 8.8818 0.0011
8.8836 8.8797 8.8818 0.0011
8.8836 8.8797 8.8818 0.0011
8.8836 8.8797 8.8818 0.0011
8.8836 8.8797 8.8818 0.0011
8.8836 8.8797 8.8818 0.0011
8.8836 8.8797 8.8818 0.0011
8.8836 8.8797 8.8818 0.0012
8.8836 8.8797 8.8819 0.0012
8.8836 8.8797 8.8819 0.0012
8.8836 8.8797 8.8819 0.0012
8.8836 8.8797 8.8819 0.0012
8.8836 8.8797 8.8819 0.0012
8.8836 8.8797 8.8819 0.0012
8.8836 8.8797 8.8819 0.0012
8.8836 8.8797 8.8819 0.0012
8.8836 8.8797 8.8819 0.0012
8.8836 8.8797 8.8819 0.0012
8.8836 8.8797 8.8819 0.0012
8.8836 8.8797 8.8819 0.0012
8.8836 8.8797 8.8819 0.0012
8.8836 8.8797 8.8819 0.0012
8.8836 8.8797 8.8819 0.0012
8.8836 8.8797 8.8819 0.0012
8.8836 8.8797 8.8819 0.0012
8.8836 8.8797 8.8819 0.0012
8.8836 8.8797 8.8819 0.0012
8.8836 8.8797 8.8819 0.0012
8.8836 8.8797 8.8819 0.0012
8.8836 8.8797 8.8819 0.0012
8.8836 8.8797 8.8819 0.0012
8.8836 8.8797 8.8819 0.0012
8.8836 8.8797 8.8819 0.0011
8.8836 8.8797 8.8820 0.0011
8.8836 8.8797 8.8820 0.0011
8.8836 8.8797 8.8820 0.0011
8.8836 8.8797 8.8820 0.0011
8.8836 8.8797 8.8820 0.0011
8.8836 8.8797 8.8820 0.0011
8.8836 8.8797 8.8820 0.0011
8.8836 8.8797 8.8820 0.0011
8.8836 8.8797 8.8820 0.0011
8.8836 8.8797 8.8820 0.0011
8.8836 8.8797 8.8820 0.0011
8.8836 8.8797 8.8820 0.0011
8.8836 8.8797 8.8820 0.0011
8.8836 8.8797 8.8820 0.0011
8.8836 8.8797 8.8820 0.0011
8.8836 8.8797 8.8820 0.0011
8.8836 8.8797 8.8820 0.0011
8.8836 8.8797 8.8820 0.0011
8.8836 8.8797 8.8821 0.0011
8.8836 8.8797 8.8821 0.0011
8.8836 8.8797 8.8821 0.0011
8.8836 8.8797 8.8821 0.0011
8.8836 8.8797 8.8821 0.0011
8.8836 8.8797 8.8821 0.0011
8.8836 8.8797 8.8821 0.0011
8.8836 8.8797 8.8821 0.0011
8.8848 8.8797 8.8821 0.0011
8.8848 8.8797 8.8821 0.0011
8.8848 8.8797 8.8821 0.0011
8.8848 8.8797 8.8821 0.0011
8.8848 8.8797 8.8821 0.0011
8.8848 8.8797 8.8821 0.0011
8.8848 8.8797 8.8821 0.0011
8.8848 8.8797 8.8821 0.0011
8.8848 8.8797 8.8822 0.0011
8.8848 8.8797 8.8822 0.0011
8.8848 8.8797 8.8822 0.0011
8.8848 8.8797 8.8822 0.0011
8.8848 8.8797 8.8822 0.0011
8.8848 8.8797 8.8822 0.0011
8.8848 8.8797 8.8822 0.0011
8.8848 8.8797 8.8822 0.0011
8.8848 8.8797 8.8822 0.0011
8.8848 8.8797 8.8822 0.0011
8.8848 8.8797 8.8822 0.0011
8.8848 8.8797 8.8822 0.0011
8.8848 8.8797 8.8822 0.0011
8.8848 8.8797 8.8822 0.0011
8.8848 8.8797 8.8822 0.0011
8.8848 8.8797 8.8822 0.0011
8.8848 8.8797 8.8822 0.0011
8.8848 8.8797 8.8822 0.0011
8.8848 8.8797 8.8822 0.0011
8.8848 8.8797 8.8822 0.0011
8.8848 8.8797 8.8822 0.0011
8.8848 8.8797 8.8822 0.0011
8.8848 8.8797 8.8822 0.0011
8.8848 8.8797 8.8822 0.0011
8.8848 8.8797 8.8822 0.0011
8.8848 8.8797 8.8822 0.0012
8.8848 8.8797 8.8822 0.0012
8.8848 8.8797 8.8822 0.0012
8.8848 8.8797 8.8822 0.0012
8.8848 8.8797 8.8822 0.0012
8.8848 8.8797 8.8822 0.0012
8.8848 8.8797 8.8822 0.0012
8.8848 8.8797 8.8822 0.0012
8.8848 8.8797 8.8822 0.0012
8.8848 8.8797 8.8822 0.0012
8.8848 8.8797 8.8822 0.0012
8.8848 8.8797 8.8823 0.0011
8.8848 8.8797 8.8823 0.0011
8.8848 8.8797 8.8823 0.0011
8.8848 8.8797 8.8823 0.0011
8.8848 8.8797 8.8823 0.0011
8.8848 8.8797 8.8823 0.0011
8.8848 8.8797 8.8823 0.0011
8.8848 8.8797 8.8823 0.0011
8.8848 8.8797 8.8823 0.0011
8.8848 8.8797 8.8823 0.0011
8.8848 8.8797 8.8823 0.0011
8.8848 8.8797 8.8823 0.0012
8.8848 8.8797 8.8823 0.0012
8.8848 8.8797 8.8823 0.0012
8.8848 8.8797 8.8823 0.0012
8.8848 8.8797 8.8823 0.0012
8.8848 8.8797 8.8823 0.0012
8.8848 8.8797 8.8823 0.0011
8.8848 8.8797 8.8823 0.0011
8.8848 8.8797 8.8823 0.0011
8.8848 8.8797 8.8823 0.0011
8.8848 8.8797 8.8823 0.0011
8.8848 8.8797 8.8823 0.0011
8.8848 8.8797 8.8823 0.0011
8.8848 8.8797 8.8823 0.0011
8.8848 8.8797 8.8823 0.0011
8.8848 8.8797 8.8823 0.0011
8.8848 8.8797 8.8823 0.0011
8.8848 8.8797 8.8823 0.0011
8.8848 8.8797 8.8823 0.0011
8.8848 8.8797 8.8824 0.0011
8.8848 8.8797 8.8824 0.0011
8.8848 8.8797 8.8824 0.0011
8.8848 8.8797 8.8824 0.0011
8.8848 8.8797 8.8824 0.0011
8.8848 8.8797 8.8824 0.0011
8.8848 8.8797 8.8824 0.0011
8.8848 8.8797 8.8824 0.0011
8.8848 8.8797 8.8824 0.0011
8.8848 8.8797 8.8824 0.0011
8.8848 8.8797 8.8824 0.0011
8.8848 8.8797 8.8824 0.0011
8.8848 8.8797 8.8824 0.0011
8.8848 8.8797 8.8824 0.0011
8.8848 8.8797 8.8824 0.0011
8.8848 8.8797 8.8824 0.0011
8.8848 8.8797 8.8824 0.0011
8.8848 8.8797 8.8824 0.0011
8.8848 8.8797 8.8824 0.0011
8.8848 8.8797 8.8824 0.0011
8.8848 8.8797 8.8824 0.0011
8.8848 8.8797 8.8824 0.0011
8.8848 8.8797 8.8824 0.0011
8.8848 8.8797 8.8824 0.0011
8.8848 8.8797 8.8825 0.0011
8.8848 8.8797 8.8825 0.0011
8.8848 8.8797 8.8825 0.0011
8.8848 8.8797 8.8825 0.0011
8.8848 8.8797 8.8825 0.0011
8.8848 8.8797 8.8825 0.0011
8.8848 8.8797 8.8825 0.0011
8.8848 8.8797 8.8825 0.0011
8.8848 8.8797 8.8825 0.0011
8.8848 8.8797 8.8825 0.0011
8.8848 8.8797 8.8825 0.0011
8.8848 8.8797 8.8825 0.0011
8.8848 8.8797 8.8825 0.0011
8.8848 8.8797 8.8825 0.0011
8.8848 8.8797 8.8825 0.0011
8.8848 8.8797 8.8825 0.0011
8.8848 8.8797 8.8825 0.0011
8.8848 8.8797 8.8825 0.0011
8.8848 8.8797 8.8825 0.0011
8.8848 8.8797 8.8825 0.0011
8.8848 8.8797 8.8825 0.0011
8.8848 8.8797 8.8825 0.0011
8.8848 8.8797 8.8825 0.0011
8.8848 8.8797 8.8825 0.0011
8.8848 8.8797 8.8825 0.0011
8.8848 8.8797 8.8825 0.0011
8.8848 8.8797 8.8825 0.0011
8.8848 8.8797 8.8825 0.0011
8.8848 8.8797 8.8825 0.0011
8.8848 8.8797 8.8825 0.0011
8.8848 8.8797 8.8825 0.0011
8.8848 8.8797 8.8825 0.0011
8.8848 8.8797 8.8825 0.0011
8.8848 8.8797 8.8826 0.0011
8.8848 8.8797 8.8826 0.0011
8.8848 8.8797 8.8826 0.0011
8.8848 8.8797 8.8826 0.0011
8.8848 8.8797 8.8826 0.0011
8.8848 8.8797 8.8826 0.0011
8.8848 8.8797 8.8826 0.0011
8.8848 8.8797 8.8826 0.0012
8.8848 8.8797 8.8826 0.0012
8.8848 8.8797 8.8826 0.0012
8.8848 8.8797 8.8826 0.0012
8.8848 8.8797 8.8826 0.0012
8.8848 8.8797 8.8826 0.0012
8.8848 8.8797 8.8826 0.0012
8.8848 8.8797 8.8826 0.0011
8.8848 8.8797 8.8826 0.0011
8.8848 8.8797 8.8826 0.0011
8.8848 8.8797 8.8826 0.0011
8.8848 8.8797 8.8826 0.0011
8.8848 8.8797 8.8826 0.0011
8.8848 8.8797 8.8826 0.0011
8.8848 8.8797 8.8826 0.0011
8.8848 8.8797 8.8827 0.0011
8.8848 8.8797 8.8827 0.0011
8.8848 8.8797 8.8827 0.0011
8.8848 8.8797 8.8827 0.0011
8.8848 8.8797 8.8827 0.0011
8.8848 8.8797 8.8827 0.0011
8.8848 8.8797 8.8827 0.0011
8.8848 8.8797 8.8827 0.0011
8.8848 8.8797 8.8827 0.0011
8.8848 8.8797 8.8827 0.0011
8.8848 8.8797 8.8827 0.0011
8.8848 8.8797 8.8827 0.0011
8.8848 8.8797 8.8827 0.0010
8.8848 8.8797 8.8828 0.0010
8.8848 8.8797 8.8828 0.0010
8.8848 8.8797 8.8828 0.0010
8.8848 8.8797 8.8828 0.0010
8.8848 8.8797 8.8828 0.0010
8.8848 8.8797 8.8828 0.0010
8.8848 8.8797 8.8828 0.0010
8.8848 8.8797 8.8828 0.0010
8.8848 8.8797 8.8828 0.0010
8.8848 8.8797 8.8828 0.0010
8.8848 8.8797 8.8828 0.0010
8.8848 8.8797 8.8828 0.0010
8.8848 8.8797 8.8828 0.0010
8.8848 8.8797 8.8828 0.0010
8.8848 8.8797 8.8828 0.0010
8.8848 8.8797 8.8828 0.0010
8.8848 8.8797 8.8828 0.0010
8.8848 8.8797 8.8828 0.0010
8.8848 8.8797 8.8828 0.0010
8.8848 8.8797 8.8828 0.0010
8.8848 8.8797 8.8828 0.0010
8.8848 8.8797 8.8828 0.0010
8.8848 8.8797 8.8828 0.0010
8.8848 8.8797 8.8828 0.0010
8.8848 8.8797 8.8828 0.0010
8.8848 8.8797 8.8829 0.0010
8.8848 8.8797 8.8829 0.0010
8.8848 8.8797 8.8829 0.0010
8.8848 8.8797 8.8829 0.0010
8.8848 8.8797 8.8829 0.0010
8.8848 8.8797 8.8829 0.0010
8.8848 8.8797 8.8829 0.0010
8.8848 8.8797 8.8829 0.0010
8.8848 8.8797 8.8829 0.0010
8.8848 8.8797 8.8829 0.0010
8.8848 8.8797 8.8829 0.0010
8.8848 8.8797 8.8829 0.0010
8.8848 8.8797 8.8829 0.0010
8.8848 8.8797 8.8829 0.0010
8.8848 8.8797 8.8829 0.0010
8.8848 8.8797 8.8829 0.0010
8.8848 8.8797 8.8829 0.0010
8.8848 8.8797 8.8829 0.0010
8.8848 8.8797 8.8829 0.0010
8.8848 8.8797 8.8829 0.0010
8.8848 8.8797 8.8829 0.0010
8.8848 8.8797 8.8829 0.0010
8.8848 8.8797 8.8829 0.0010
8.8848 8.8797 8.8829 0.0010
8.8848 8.8797 8.8829 0.0010
8.8848 8.8797 8.8829 0.0010
8.8848 8.8797 8.8829 0.0010
8.8848 8.8797 8.8829 0.0010
8.8848 8.8797 8.8829 0.0010
8.8848 8.8797 8.8829 0.0010
8.8848 8.8797 8.8830 0.0010
8.8848 8.8797 8.8830 0.0010
8.8848 8.8797 8.8830 0.0010
8.8848 8.8797 8.8830 0.0010
8.8848 8.8797 8.8830 0.0010
8.8848 8.8797 8.8830 0.0010
8.8848 8.8797 8.8830 0.0010
8.8848 8.8797 8.8830 0.0010
8.8848 8.8797 8.8830 0.0010
8.8848 8.8797 8.8830 0.0010
8.8848 8.8797 8.8830 0.0010
8.8848 8.8797 8.8830 0.0010
8.8848 8.8797 8.8830 0.0010
8.8848 8.8797 8.8830 0.0010
8.8848 8.8797 8.8830 0.0010
8.8848 8.8797 8.8830 0.0010
8.8848 8.8797 8.8830 0.0010
8.8848 8.8797 8.8830 0.0010
8.8848 8.8797 8.8830 0.0010
8.8848 8.8797 8.8830 0.0009
8.8848 8.8797 8.8830 0.0009
8.8848 8.8797 8.8830 0.0009
8.8848 8.8797 8.8831 0.0009
8.8848 8.8797 8.8831 0.0009
8.8848 8.8797 8.8831 0.0009
8.8848 8.8797 8.8831 0.0009
8.8848 8.8797 8.8831 0.0009
8.8848 8.8797 8.8831 0.0009
8.8848 8.8797 8.8831 0.0009
8.8848 8.8797 8.8831 0.0009
8.8848 8.8797 8.8831 0.0009
8.8848 8.8797 8.8831 0.0009
8.8848 8.8797 8.8831 0.0009
8.8848 8.8797 8.8831 0.0009
8.8848 8.8797 8.8831 0.0009
8.8848 8.8797 8.8831 0.0009
8.8848 8.8797 8.8831 0.0009
8.8848 8.8797 8.8831 0.0009
8.8848 8.8797 8.8831 0.0009
8.8848 8.8797 8.8831 0.0009
8.8848 8.8797 8.8831 0.0009
8.8848 8.8797 8.8831 0.0009
8.8848 8.8797 8.8831 0.0009
8.8848 8.8797 8.8831 0.0009
8.8848 8.8797 8.8831 0.0009
8.8848 8.8797 8.8831 0.0009
8.8848 8.8797 8.8831 0.0009
8.8848 8.8797 8.8831 0.0009
8.8848 8.8797 8.8831 0.0009
8.8848 8.8797 8.8831 0.0009
8.8848 8.8797 8.8831 0.0009
8.8848 8.8797 8.8831 0.0009
8.8848 8.8797 8.8831 0.0009
8.8848 8.8797 8.8831 0.0009
8.8848 8.8797 8.8831 0.0009
8.8848 8.8797 8.8831 0.0009
8.8848 8.8797 8.8831 0.0009
8.8848 8.8797 8.8831 0.0009
8.8848 8.8797 8.8831 0.0009
8.8848 8.8797 8.8831 0.0009
8.8848 8.8797 8.8831 0.0009
8.8848 8.8797 8.8831 0.0009
8.8848 8.8797 8.8831 0.0009
8.8848 8.8797 8.8831 0.0009
8.8848 8.8797 8.8831 0.0009
8.8848 8.8797 8.8831 0.0009
8.8848 8.8797 8.8831 0.0009
8.8848 8.8797 8.8831 0.0009
8.8848 8.8797 8.8831 0.0009
8.8848 8.8797 8.8831 0.0009
8.8848 8.8797 8.8831 0.0009
8.8848 8.8797 8.8831 0.0009
8.8848 8.8797 8.8831 0.0009
8.8848 8.8806 8.8832 0.0009
8.8848 8.8806 8.8832 0.0009
8.8848 8.8806 8.8832 0.0009
8.8848 8.8806 8.8832 0.0008
8.8848 8.8806 8.8832 0.0008
8.8848 8.8806 8.8832 0.0008
8.8848 8.8806 8.8832 0.0008
8.8848 8.8806 8.8832 0.0008
8.8848 8.8806 8.8832 0.0008
8.8848 8.8806 8.8832 0.0008
8.8848 8.8806 8.8832 0.0008
8.8848 8.8806 8.8832 0.0008
8.8848 8.8806 8.8832 0.0008
8.8848 8.8806 8.8832 0.0008
8.8848 8.8806 8.8832 0.0008
8.8848 8.8806 8.8832 0.0008
8.8848 8.8806 8.8832 0.0008
8.8848 8.8806 8.8832 0.0008
8.8848 8.8806 8.8832 0.0008
8.8848 8.8806 8.8832 0.0008
8.8848 8.8806 8.8832 0.0008
8.8848 8.8806 8.8832 0.0008
8.8848 8.8806 8.8832 0.0008
8.8848 8.8806 8.8832 0.0008
8.8848 8.8806 8.8832 0.0008
8.8848 8.8806 8.8832 0.0008
8.8848 8.8806 8.8832 0.0008
8.8848 8.8806 8.8832 0.0008
8.8848 8.8806 8.8832 0.0008
8.8848 8.8806 8.8832 0.0008
8.8848 8.8806 8.8832 0.0008
8.8848 8.8806 8.8832 0.0008
8.8848 8.8806 8.8832 0.0008
8.8848 8.8806 8.8832 0.0008
8.8848 8.8806 8.8832 0.0008
8.8848 8.8806 8.8832 0.0008
8.8848 8.8806 8.8832 0.0008
8.8848 8.8806 8.8833 0.0008
8.8848 8.8806 8.8833 0.0008
8.8848 8.8806 8.8833 0.0008
8.8848 8.8806 8.8833 0.0008
8.8848 8.8806 8.8833 0.0008
8.8848 8.8806 8.8833 0.0008
8.8848 8.8806 8.8833 0.0008
8.8848 8.8806 8.8833 0.0008
8.8848 8.8806 8.8833 0.0008
8.8848 8.8806 8.8833 0.0008
8.8848 8.8806 8.8833 0.0008
8.8848 8.8806 8.8833 0.0008
8.8848 8.8806 8.8833 0.0008
8.8848 8.8806 8.8833 0.0008
8.8848 8.8806 8.8833 0.0008
8.8848 8.8806 8.8833 0.0008
8.8848 8.8806 8.8833 0.0008
8.8848 8.8806 8.8833 0.0008
8.8848 8.8806 8.8833 0.0008
8.8848 8.8806 8.8833 0.0008
8.8848 8.8806 8.8833 0.0008
8.8848 8.8806 8.8833 0.0008
8.8848 8.8806 8.8833 0.0008
8.8848 8.8806 8.8833 0.0008
8.8848 8.8806 8.8833 0.0008
8.8848 8.8806 8.8833 0.0008
8.8848 8.8806 8.8833 0.0008
8.8848 8.8806 8.8833 0.0008
8.8848 8.8806 8.8833 0.0008
8.8848 8.8806 8.8833 0.0008
8.8848 8.8806 8.8833 0.0008
8.8848 8.8806 8.8833 0.0008
8.8848 8.8806 8.8833 0.0008
8.8848 8.8806 8.8833 0.0008
8.8848 8.8806 8.8833 0.0008
8.8848 8.8806 8.8833 0.0008
8.8848 8.8806 8.8833 0.0008
8.8848 8.8806 8.8833 0.0008
8.8848 8.8806 8.8833 0.0008
8.8848 8.8806 8.8834 0.0008
8.8848 8.8806 8.8834 0.0008
8.8848 8.8806 8.8834 0.0008
8.8848 8.8806 8.8834 0.0008
8.8848 8.8806 8.8834 0.0008
8.8848 8.8806 8.8834 0.0008
8.8848 8.8806 8.8834 0.0008
8.8848 8.8806 8.8834 0.0008
8.8848 8.8806 8.8834 0.0008
8.8848 8.8806 8.8834 0.0008
8.8848 8.8806 8.8834 0.0008
8.8848 8.8806 8.8834 0.0008
8.8848 8.8806 8.8834 0.0008
8.8848 8.8806 8.8834 0.0008
8.8848 8.8806 8.8834 0.0008
8.8848 8.8806 8.8834 0.0008
8.8848 8.8806 8.8834 0.0008
8.8848 8.8806 8.8834 0.0008
8.8848 8.8806 8.8834 0.0008
8.8848 8.8806 8.8834 0.0008
8.8848 8.8806 8.8834 0.0008
8.8848 8.8806 8.8834 0.0008
8.8848 8.8806 8.8834 0.0008
8.8848 8.8806 8.8834 0.0008
8.8848 8.8806 8.8834 0.0008
8.8848 8.8806 8.8834 0.0008
8.8848 8.8806 8.8834 0.0008
8.8848 8.8806 8.8834 0.0008
8.8848 8.8806 8.8834 0.0008
8.8848 8.8806 8.8834 0.0008
8.8848 8.8806 8.8834 0.0008
8.8848 8.8806 8.8834 0.0008
8.8848 8.8806 8.8834 0.0008
8.8848 8.8806 8.8834 0.0008
8.8848 8.8806 8.8834 0.0008
8.8848 8.8806 8.8834 0.0008
8.8848 8.8806 8.8834 0.0008
8.8848 8.8806 8.8834 0.0008
8.8848 8.8806 8.8834 0.0008
8.8848 8.8806 8.8834 0.0007
8.8848 8.8806 8.8834 0.0007
8.8848 8.8806 8.8834 0.0007
8.8848 8.8806 8.8834 0.0007
8.8848 8.8806 8.8834 0.0007
8.8848 8.8806 8.8834 0.0007
8.8848 8.8806 8.8834 0.0007
8.8848 8.8806 8.8834 0.0007
8.8848 8.8806 8.8834 0.0007
8.8848 8.8806 8.8834 0.0007
8.8848 8.8806 8.8834 0.0007
8.8848 8.8806 8.8834 0.0007
8.8848 8.8806 8.8834 0.0007
8.8848 8.8806 8.8834 0.0007
8.8848 8.8806 8.8835 0.0007
8.8848 8.8806 8.8835 0.0007
8.8848 8.8806 8.8835 0.0007
8.8848 8.8806 8.8835 0.0007
8.8848 8.8806 8.8835 0.0007
8.8848 8.8806 8.8835 0.0007
8.8848 8.8806 8.8835 0.0007
8.8848 8.8806 8.8835 0.0007
8.8848 8.8806 8.8835 0.0007
8.8848 8.8806 8.8835 0.0007
8.8848 8.8806 8.8835 0.0007
8.8848 8.8806 8.8835 0.0007
8.8848 8.8806 8.8835 0.0007
8.8848 8.8806 8.8835 0.0007
8.8848 8.8806 8.8835 0.0007
8.8848 8.8806 8.8835 0.0007
8.8848 8.8806 8.8835 0.0007
8.8848 8.8806 8.8835 0.0007
8.8848 8.8806 8.8835 0.0007
8.8848 8.8806 8.8835 0.0007
8.8848 8.8806 8.8835 0.0007
8.8848 8.8806 8.8835 0.0007
8.8848 8.8806 8.8835 0.0006
8.8848 8.8806 8.8836 0.0007
8.8848 8.8806 8.8836 0.0007
8.8848 8.8806 8.8836 0.0007
8.8848 8.8806 8.8836 0.0007
8.8848 8.8806 8.8836 0.0007
8.8848 8.8806 8.8836 0.0007
8.8848 8.8806 8.8836 0.0007
8.8848 8.8806 8.8836 0.0007
8.8848 8.8806 8.8836 0.0007
8.8848 8.8806 8.8836 0.0007
8.8848 8.8806 8.8836 0.0007
8.8848 8.8806 8.8836 0.0007
8.8848 8.8806 8.8836 0.0007
8.8848 8.8806 8.8836 0.0007
8.8848 8.8806 8.8836 0.0007
8.8848 8.8806 8.8836 0.0007
8.8848 8.8806 8.8836 0.0007
8.8848 8.8806 8.8836 0.0007
8.8848 8.8806 8.8836 0.0007
8.8848 8.8806 8.8836 0.0007
8.8848 8.8806 8.8836 0.0007
8.8848 8.8806 8.8836 0.0007
8.8848 8.8806 8.8836 0.0007
8.8848 8.8806 8.8836 0.0007
8.8848 8.8806 8.8836 0.0007
8.8848 8.8806 8.8836 0.0007
8.8848 8.8806 8.8836 0.0007
8.8848 8.8806 8.8836 0.0007
8.8848 8.8806 8.8836 0.0007
8.8855 8.8806 8.8836 0.0007
8.8855 8.8806 8.8836 0.0007
8.8855 8.8806 8.8836 0.0007
8.8855 8.8806 8.8836 0.0007
8.8855 8.8806 8.8836 0.0007
8.8855 8.8806 8.8836 0.0007
8.8855 8.8806 8.8836 0.0007
8.8855 8.8806 8.8836 0.0007
8.8855 8.8806 8.8836 0.0007
8.8855 8.8806 8.8836 0.0007
8.8855 8.8806 8.8836 0.0007
8.8855 8.8806 8.8836 0.0007
8.8855 8.8806 8.8836 0.0007
8.8855 8.8806 8.8836 0.0007
8.8855 8.8806 8.8836 0.0007
8.8855 8.8806 8.8836 0.0007
8.8855 8.8806 8.8836 0.0007
8.8855 8.8806 8.8836 0.0007
8.8855 8.8806 8.8836 0.0007
8.8855 8.8806 8.8836 0.0007
8.8855 8.8806 8.8836 0.0007
8.8855 8.8806 8.8836 0.0007
8.8855 8.8806 8.8836 0.0007
8.8855 8.8806 8.8836 0.0007
8.8855 8.8806 8.8836 0.0007
8.8855 8.8806 8.8836 0.0007
8.8855 8.8806 8.8836 0.0007
8.8855 8.8806 8.8836 0.0007
8.8855 8.8806 8.8836 0.0007
8.8855 8.8806 8.8836 0.0007
8.8855 8.8806 8.8836 0.0007
8.8855 8.8806 8.8836 0.0007
8.8855 8.8806 8.8836 0.0007
8.8855 8.8806 8.8836 0.0007
8.8855 8.8806 8.8836 0.0007
8.8855 8.8806 8.8836 0.0007
8.8855 8.8806 8.8836 0.0007
8.8855 8.8806 8.8836 0.0007
8.8855 8.8806 8.8836 0.0007
8.8855 8.8806 8.8836 0.0006
8.8855 8.8806 8.8836 0.0006
8.8855 8.8806 8.8836 0.0006
8.8855 8.8806 8.8836 0.0006
8.8855 8.8806 8.8836 0.0006
8.8855 8.8806 8.8836 0.0006
8.8855 8.8806 8.8836 0.0006
8.8855 8.8806 8.8836 0.0006
8.8855 8.8806 8.8837 0.0006
8.8855 8.8806 8.8837 0.0006
8.8855 8.8806 8.8837 0.0006
8.8855 8.8806 8.8837 0.0006
8.8855 8.8806 8.8837 0.0006
8.8855 8.8806 8.8837 0.0006
8.8855 8.8806 8.8837 0.0006
8.8855 8.8806 8.8837 0.0006
8.8855 8.8806 8.8837 0.0006
8.8855 8.8806 8.8837 0.0006
8.8855 8.8806 8.8837 0.0006
8.8855 8.8806 8.8837 0.0006
8.8855 8.8806 8.8837 0.0006
8.8855 8.8806 8.8837 0.0006
8.8855 8.8806 8.8837 0.0006
8.8855 8.8806 8.8837 0.0006
8.8855 8.8806 8.8837 0.0006
8.8855 8.8806 8.8837 0.0006
8.8855 8.8806 8.8837 0.0006
8.8855 8.8806 8.8837 0.0006
8.8855 8.8806 8.8837 0.0006
8.8855 8.8806 8.8837 0.0006
8.8855 8.8806 8.8837 0.0006
8.8855 8.8806 8.8837 0.0006
8.8855 8.8806 8.8837 0.0006
8.8855 8.8806 8.8837 0.0006
8.8855 8.8806 8.8837 0.0006
8.8855 8.8806 8.8837 0.0006
8.8855 8.8806 8.8837 0.0006
8.8855 8.8806 8.8837 0.0006
8.8855 8.8806 8.8837 0.0007
8.8855 8.8806 8.8837 0.0006
8.8855 8.8806 8.8837 0.0006
8.8855 8.8806 8.8837 0.0006
8.8855 8.8806 8.8837 0.0006
8.8855 8.8806 8.8837 0.0006
8.8855 8.8806 8.8837 0.0006
8.8855 8.8806 8.8837 0.0006
8.8855 8.8806 8.8837 0.0006
8.8855 8.8806 8.8837 0.0006
8.8855 8.8806 8.8838 0.0007
8.8855 8.8806 8.8838 0.0007
8.8855 8.8806 8.8838 0.0007
8.8855 8.8806 8.8838 0.0007
8.8855 8.8806 8.8838 0.0007
8.8855 8.8806 8.8838 0.0007
8.8855 8.8806 8.8838 0.0007
8.8855 8.8806 8.8838 0.0007
8.8855 8.8806 8.8838 0.0007
8.8855 8.8806 8.8838 0.0007
8.8855 8.8806 8.8838 0.0007
8.8855 8.8806 8.8838 0.0007
8.8855 8.8806 8.8838 0.0007
8.8855 8.8806 8.8838 0.0007
8.8855 8.8806 8.8838 0.0007
8.8855 8.8806 8.8838 0.0007
8.8855 8.8806 8.8838 0.0007
8.8855 8.8806 8.8838 0.0007
8.8855 8.8806 8.8838 0.0007
8.8855 8.8806 8.8838 0.0007
8.8855 8.8806 8.8838 0.0007
8.8855 8.8806 8.8838 0.0007
8.8855 8.8806 8.8838 0.0007
8.8855 8.8806 8.8838 0.0007
8.8855 8.8806 8.8839 0.0007
8.8855 8.8806 8.8839 0.0007
8.8855 8.8806 8.8839 0.0007
8.8855 8.8806 8.8839 0.0007
8.8855 8.8806 8.8839 0.0007
8.8855 8.8806 8.8839 0.0007
8.8855 8.8806 8.8839 0.0007
8.8855 8.8806 8.8839 0.0007
8.8855 8.8806 8.8839 0.0007
8.8855 8.8806 8.8839 0.0007
8.8855 8.8806 8.8839 0.0007
8.8855 8.8806 8.8839 0.0007
8.8855 8.8806 8.8839 0.0007
8.8855 8.8806 8.8839 0.0007
8.8855 8.8806 8.8839 0.0007
8.8855 8.8806 8.8839 0.0007
8.8855 8.8806 8.8839 0.0007
8.8855 8.8806 8.8839 0.0007
8.8855 8.8806 8.8839 0.0007
8.8855 8.8806 8.8839 0.0007
8.8855 8.8806 8.8839 0.0007
8.8855 8.8806 8.8839 0.0007
8.8855 8.8806 8.8839 0.0007
8.8855 8.8806 8.8839 0.0007
8.8855 8.8806 8.8839 0.0007
8.8855 8.8806 8.8839 0.0007
8.8855 8.8806 8.8839 0.0007
8.8855 8.8806 8.8839 0.0007
8.8855 8.8806 8.8839 0.0007
8.8855 8.8806 8.8839 0.0007
8.8855 8.8806 8.8839 0.0007
8.8855 8.8806 8.8839 0.0007
8.8855 8.8806 8.8839 0.0007
8.8855 8.8806 8.8839 0.0007
8.8855 8.8806 8.8839 0.0007
8.8855 8.8806 8.8839 0.0007
8.8855 8.8806 8.8839 0.0007
8.8855 8.8806 8.8839 0.0007
8.8855 8.8806 8.8839 0.0007
8.8855 8.8806 8.8839 0.0007
8.8855 8.8806 8.8839 0.0007
8.8855 8.8806 8.8839 0.0007
8.8855 8.8806 8.8839 0.0007
8.8855 8.8806 8.8839 0.0007
8.8855 8.8806 8.8839 0.0007
8.8855 8.8806 8.8839 0.0007
8.8855 8.8806 8.8839 0.0007
8.8855 8.8806 8.8839 0.0007
8.8855 8.8806 8.8839 0.0007
8.8855 8.8806 8.8839 0.0007
8.8855 8.8806 8.8839 0.0007
8.8855 8.8806 8.8839 0.0007
8.8855 8.8806 8.8839 0.0007
8.8855 8.8806 8.8839 0.0007
8.8855 8.8806 8.8839 0.0007
8.8855 8.8806 8.8839 0.0007
8.8855 8.8806 8.8839 0.0007
8.8855 8.8806 8.8839 0.0007
8.8855 8.8806 8.8839 0.0007
8.8855 8.8806 8.8839 0.0007
8.8855 8.8806 8.8839 0.0007
8.8855 8.8806 8.8839 0.0007
8.8855 8.8806 8.8839 0.0007
8.8855 8.8806 8.8839 0.0007
8.8855 8.8806 8.8839 0.0007
8.8855 8.8806 8.8839 0.0007
8.8855 8.8806 8.8839 0.0007
8.8855 8.8806 8.8839 0.0007
8.8855 8.8806 8.8839 0.0007
8.8855 8.8806 8.8839 0.0007
8.8855 8.8806 8.8839 0.0007
8.8855 8.8806 8.8839 0.0007
8.8855 8.8806 8.8839 0.0007
8.8855 8.8806 8.8840 0.0007
8.8855 8.8806 8.8840 0.0007
8.8855 8.8806 8.8840 0.0007
8.8855 8.8806 8.8840 0.0007
8.8855 8.8806 8.8840 0.0007
8.8855 8.8806 8.8840 0.0007
8.8855 8.8806 8.8840 0.0007
8.8855 8.8806 8.8840 0.0007
8.8855 8.8806 8.8840 0.0007
8.8855 8.8806 8.8840 0.0007
8.8855 8.8806 8.8840 0.0007
8.8855 8.8806 8.8840 0.0007
8.8855 8.8806 8.8840 0.0007
8.8855 8.8806 8.8840 0.0007
8.8855 8.8806 8.8840 0.0007
8.8855 8.8825 8.8840 0.0006
8.8855 8.8825 8.8840 0.0006
8.8855 8.8825 8.8840 0.0006
8.8855 8.8825 8.8840 0.0006
8.8855 8.8825 8.8840 0.0006
8.8855 8.8825 8.8840 0.0006
8.8855 8.8825 8.8840 0.0006
8.8855 8.8825 8.8840 0.0006
8.8855 8.8825 8.8840 0.0006
8.8855 8.8825 8.8840 0.0006
8.8855 8.8825 8.8840 0.0006
8.8855 8.8825 8.8840 0.0006
8.8855 8.8825 8.8840 0.0006
8.8855 8.8825 8.8840 0.0006
8.8855 8.8825 8.8840 0.0006
8.8855 8.8825 8.8840 0.0006
8.8855 8.8825 8.8840 0.0006
8.8855 8.8825 8.8840 0.0006
8.8855 8.8825 8.8840 0.0006
8.8855 8.8825 8.8840 0.0006
8.8855 8.8825 8.8840 0.0006
8.8855 8.8825 8.8840 0.0006
8.8855 8.8825 8.8840 0.0006
8.8855 8.8825 8.8840 0.0006
8.8855 8.8825 8.8840 0.0006
8.8855 8.8825 8.8840 0.0006
8.8855 8.8825 8.8840 0.0006
8.8855 8.8825 8.8840 0.0006
8.8855 8.8825 8.8840 0.0006
8.8855 8.8825 8.8840 0.0006
8.8855 8.8825 8.8840 0.0006
8.8855 8.8835 8.8841 0.0006
8.8855 8.8835 8.8841 0.0006
8.8855 8.8835 8.8841 0.0006
8.8855 8.8835 8.8841 0.0006
8.8855 8.8835 8.8841 0.0006
8.8855 8.8835 8.8841 0.0006
8.8855 8.8835 8.8841 0.0006
8.8855 8.8835 8.8841 0.0006
8.8855 8.8835 8.8841 0.0006
8.8855 8.8835 8.8841 0.0006
8.8855 8.8835 8.8841 0.0006
8.8855 8.8835 8.8841 0.0006
8.8855 8.8835 8.8841 0.0006
8.8855 8.8835 8.8841 0.0006
8.8855 8.8835 8.8841 0.0006
8.8855 8.8835 8.8841 0.0006
8.8855 8.8835 8.8841 0.0006
8.8855 8.8835 8.8841 0.0006
8.8855 8.8835 8.8841 0.0006
8.8855 8.8835 8.8841 0.0006
8.8855 8.8835 8.8841 0.0006
8.8855 8.8835 8.8841 0.0006
8.8855 8.8835 8.8841 0.0006
8.8855 8.8835 8.8841 0.0006
8.8855 8.8835 8.8841 0.0006
8.8855 8.8835 8.8841 0.0006
8.8855 8.8835 8.8841 0.0006
8.8855 8.8835 8.8841 0.0006
8.8855 8.8835 8.8841 0.0006
8.8855 8.8835 8.8841 0.0006
8.8855 8.8835 8.8841 0.0006
8.8888 8.8835 8.8842 0.0008
8.8888 8.8835 8.8842 0.0008
8.8888 8.8835 8.8842 0.0008
8.8888 8.8835 8.8842 0.0008
8.8888 8.8835 8.8842 0.0008
8.8888 8.8835 8.8842 0.0008
8.8888 8.8835 8.8842 0.0008
8.8888 8.8835 8.8842 0.0008
8.8888 8.8835 8.8842 0.0008
8.8888 8.8835 8.8842 0.0008
8.8888 8.8835 8.8842 0.0008
8.8888 8.8835 8.8842 0.0008
8.8888 8.8835 8.8842 0.0008
8.8888 8.8835 8.8842 0.0008
8.8888 8.8835 8.8842 0.0008
8.8888 8.8835 8.8842 0.0008
8.8888 8.8835 8.8842 0.0008
8.8888 8.8835 8.8842 0.0008
8.8888 8.8835 8.8842 0.0008
8.8888 8.8835 8.8842 0.0008
8.8888 8.8835 8.8842 0.0008
8.8888 8.8835 8.8842 0.0008
8.8888 8.8835 8.8842 0.0008
8.8888 8.8835 8.8842 0.0008
8.8888 8.8835 8.8842 0.0008
8.8888 8.8835 8.8842 0.0008
8.8888 8.8835 8.8842 0.0008
8.8888 8.8835 8.8842 0.0008
8.8888 8.8836 8.8842 0.0008
8.8888 8.8836 8.8842 0.0008
8.8888 8.8836 8.8842 0.0008
8.8888 8.8836 8.8842 0.0008
8.8888 8.8836 8.8842 0.0008
8.8888 8.8836 8.8842 0.0008
8.8888 8.8836 8.8842 0.0008
8.8888 8.8836 8.8842 0.0008
8.8888 8.8836 8.8842 0.0008
8.8888 8.8836 8.8842 0.0008
8.8888 8.8836 8.8842 0.0008
8.8888 8.8836 8.8843 0.0008
8.8888 8.8836 8.8843 0.0008
8.8888 8.8836 8.8843 0.0008
8.8888 8.8836 8.8843 0.0008
8.8888 8.8836 8.8843 0.0008
8.8888 8.8836 8.8843 0.0008
8.8888 8.8836 8.8843 0.0008
8.8888 8.8836 8.8843 0.0008
8.8888 8.8836 8.8843 0.0008
8.8888 8.8836 8.8843 0.0008
8.8888 8.8836 8.8843 0.0008
8.8888 8.8836 8.8843 0.0008
8.8888 8.8836 8.8843 0.0008
8.8888 8.8836 8.8843 0.0008
8.8888 8.8836 8.8843 0.0008
8.8888 8.8836 8.8843 0.0008
8.8888 8.8836 8.8843 0.0008
8.8888 8.8836 8.8843 0.0008
8.8888 8.8836 8.8843 0.0008
8.8888 8.8836 8.8843 0.0008
8.8888 8.8836 8.8843 0.0008
8.8888 8.8836 8.8843 0.0008
8.8888 8.8836 8.8843 0.0008
8.8888 8.8836 8.8843 0.0008
8.8888 8.8836 8.8843 0.0008
8.8888 8.8836 8.8843 0.0008
8.8888 8.8836 8.8843 0.0008
8.8888 8.8836 8.8843 0.0008
8.8888 8.8836 8.8843 0.0008
8.8888 8.8836 8.8843 0.0008
8.8888 8.8836 8.8843 0.0008
8.8888 8.8836 8.8843 0.0008
8.8888 8.8836 8.8843 0.0008
8.8888 8.8836 8.8843 0.0008
8.8888 8.8836 8.8843 0.0008
8.8888 8.8836 8.8843 0.0008
8.8888 8.8836 8.8843 0.0008
8.8888 8.8836 8.8843 0.0008
8.8888 8.8836 8.8843 0.0008
8.8888 8.8836 8.8843 0.0008
8.8888 8.8836 8.8843 0.0008
8.8888 8.8836 8.8843 0.0008
8.8888 8.8836 8.8843 0.0008
8.8888 8.8836 8.8843 0.0008
8.8888 8.8836 8.8843 0.0008
8.8888 8.8836 8.8843 0.0008
8.8888 8.8836 8.8843 0.0008
8.8888 8.8836 8.8843 0.0008
8.8888 8.8836 8.8843 0.0008
8.8888 8.8836 8.8843 0.0008
8.8888 8.8836 8.8843 0.0008
8.8888 8.8836 8.8843 0.0008
8.8888 8.8836 8.8843 0.0008
8.8888 8.8836 8.8844 0.0008
8.8888 8.8836 8.8844 0.0008
8.8888 8.8836 8.8844 0.0008
8.8888 8.8836 8.8844 0.0008
8.8888 8.8836 8.8844 0.0008
8.8888 8.8836 8.8844 0.0008
8.8888 8.8836 8.8844 0.0008
8.8888 8.8836 8.8844 0.0008
8.8888 8.8836 8.8844 0.0008
8.8888 8.8836 8.8844 0.0008
8.8888 8.8836 8.8844 0.0008
8.8888 8.8836 8.8844 0.0008
8.8888 8.8836 8.8844 0.0008
8.8888 8.8836 8.8844 0.0008
8.8888 8.8836 8.8844 0.0008
8.8888 8.8836 8.8844 0.0008
8.8888 8.8836 8.8844 0.0008
8.8888 8.8836 8.8844 0.0008
8.8888 8.8836 8.8844 0.0008
8.8888 8.8836 8.8844 0.0008
8.8888 8.8836 8.8844 0.0008
8.8888 8.8836 8.8844 0.0008
8.8888 8.8836 8.8844 0.0008
8.8888 8.8836 8.8844 0.0008
8.8888 8.8836 8.8844 0.0008
8.8888 8.8836 8.8844 0.0008
8.8888 8.8836 8.8844 0.0008
8.8888 8.8836 8.8844 0.0008
8.8888 8.8836 8.8845 0.0009
8.8888 8.8836 8.8845 0.0009
8.8888 8.8836 8.8845 0.0009
8.8888 8.8836 8.8845 0.0009
8.8888 8.8836 8.8845 0.0009
8.8888 8.8836 8.8845 0.0009
8.8888 8.8836 8.8845 0.0009
8.8888 8.8836 8.8845 0.0009
8.8888 8.8836 8.8845 0.0009
8.8888 8.8836 8.8845 0.0009
8.8888 8.8836 8.8845 0.0009
8.8888 8.8836 8.8845 0.0009
8.8888 8.8836 8.8845 0.0009
8.8888 8.8836 8.8845 0.0009
8.8888 8.8836 8.8845 0.0009
8.8888 8.8836 8.8845 0.0009
8.8888 8.8836 8.8845 0.0009
8.8888 8.8836 8.8845 0.0009
8.8888 8.8836 8.8845 0.0009
8.8888 8.8836 8.8845 0.0009
8.8888 8.8836 8.8845 0.0009
8.8888 8.8836 8.8845 0.0009
8.8888 8.8836 8.8845 0.0009
8.8888 8.8836 8.8845 0.0009
8.8888 8.8836 8.8845 0.0009
8.8888 8.8836 8.8845 0.0009
8.8888 8.8836 8.8845 0.0009
8.8888 8.8836 8.8845 0.0009
8.8888 8.8836 8.8845 0.0009
8.8888 8.8836 8.8845 0.0009
8.8888 8.8836 8.8845 0.0009
8.8888 8.8836 8.8845 0.0009
8.8888 8.8836 8.8845 0.0009
8.8888 8.8836 8.8845 0.0009
8.8888 8.8836 8.8845 0.0009
8.8888 8.8836 8.8845 0.0009
8.8888 8.8836 8.8845 0.0009
8.8888 8.8836 8.8845 0.0009
8.8888 8.8836 8.8845 0.0009
8.8888 8.8836 8.8845 0.0009
8.8888 8.8836 8.8845 0.0009
8.8888 8.8836 8.8845 0.0009
8.8888 8.8836 8.8845 0.0009
8.8888 8.8836 8.8845 0.0009
8.8888 8.8836 8.8845 0.0009
8.8888 8.8836 8.8845 0.0009
8.8888 8.8836 8.8845 0.0009
8.8888 8.8836 8.8845 0.0009
8.8888 8.8836 8.8845 0.0009
8.8888 8.8836 8.8845 0.0009
8.8888 8.8836 8.8845 0.0009
8.8888 8.8836 8.8845 0.0009
8.8888 8.8836 8.8845 0.0009
8.8888 8.8836 8.8845 0.0009
8.8888 8.8836 8.8845 0.0009
8.8888 8.8836 8.8845 0.0009
8.8888 8.8836 8.8845 0.0009
8.8888 8.8836 8.8845 0.0009
8.8888 8.8836 8.8845 0.0009
8.8888 8.8836 8.8845 0.0009
8.8888 8.8836 8.8845 0.0009
8.8888 8.8836 8.8845 0.0009
8.8888 8.8836 8.8845 0.0009
8.8888 8.8836 8.8845 0.0009
8.8888 8.8836 8.8846 0.0009
8.8888 8.8836 8.8846 0.0009
8.8888 8.8836 8.8846 0.0009
8.8888 8.8836 8.8846 0.0009
8.8888 8.8836 8.8846 0.0009
8.8888 8.8836 8.8846 0.0009
8.8888 8.8836 8.8846 0.0009
8.8888 8.8836 8.8846 0.0009
8.8888 8.8836 8.8846 0.0009
8.8888 8.8836 8.8846 0.0009
8.8888 8.8836 8.8846 0.0009
8.8888 8.8836 8.8846 0.0009
8.8888 8.8836 8.8846 0.0009
8.8888 8.8836 8.8846 0.0009
8.8888 8.8836 8.8846 0.0009
8.8888 8.8836 8.8846 0.0009
8.8888 8.8836 8.8846 0.0009
8.8888 8.8836 8.8846 0.0009
8.8888 8.8836 8.8846 0.0009
8.8888 8.8836 8.8846 0.0009
8.8888 8.8836 8.8846 0.0009
8.8888 8.8836 8.8846 0.0009
8.8888 8.8836 8.8846 0.0009
8.8888 8.8836 8.8846 0.0009
8.8888 8.8836 8.8846 0.0009
8.8888 8.8836 8.8846 0.0009
8.8888 8.8836 8.8846 0.0009
8.8888 8.8836 8.8846 0.0009
8.8888 8.8836 8.8846 0.0009
8.8888 8.8836 8.8846 0.0009
8.8888 8.8836 8.8846 0.0009
8.8888 8.8836 8.8846 0.0009
8.8888 8.8836 8.8847 0.0009
8.8888 8.8836 8.8847 0.0009
8.8888 8.8836 8.8847 0.0009
8.8888 8.8836 8.8847 0.0009
8.8888 8.8836 8.8847 0.0009
8.8888 8.8836 8.8847 0.0009
8.8888 8.8836 8.8847 0.0009
8.8888 8.8836 8.8847 0.0009
8.8888 8.8836 8.8847 0.0009
8.8888 8.8836 8.8847 0.0009
8.8888 8.8836 8.8847 0.0009
8.8888 8.8836 8.8847 0.0009
8.8888 8.8836 8.8847 0.0009
8.8888 8.8836 8.8847 0.0009
8.8888 8.8836 8.8847 0.0009
8.8888 8.8836 8.8847 0.0009
8.8888 8.8836 8.8847 0.0009
8.8888 8.8836 8.8847 0.0009
8.8888 8.8836 8.8847 0.0009
8.8888 8.8836 8.8847 0.0009
8.8888 8.8836 8.8847 0.0009
8.8888 8.8836 8.8847 0.0009
8.8888 8.8836 8.8848 0.0009
8.8888 8.8836 8.8848 0.0009
8.8888 8.8836 8.8848 0.0009
8.8888 8.8836 8.8848 0.0009
8.8888 8.8836 8.8848 0.0009
8.8888 8.8836 8.8848 0.0009
8.8888 8.8836 8.8848 0.0009
8.8888 8.8836 8.8848 0.0009
8.8888 8.8836 8.8848 0.0009
8.8888 8.8836 8.8848 0.0009
8.8888 8.8836 8.8848 0.0009
8.8888 8.8836 8.8848 0.0009
8.8888 8.8836 8.8848 0.0009
8.8888 8.8836 8.8848 0.0009
8.8888 8.8836 8.8848 0.0009
8.8888 8.8836 8.8848 0.0009
8.8888 8.8836 8.8848 0.0009
8.8888 8.8836 8.8848 0.0009
8.8888 8.8836 8.8848 0.0009
8.8888 8.8836 8.8848 0.0009
8.8888 8.8836 8.8848 0.0009
8.8888 8.8836 8.8848 0.0009
8.8888 8.8836 8.8848 0.0009
8.8888 8.8836 8.8848 0.0009
8.8888 8.8836 8.8848 0.0009
8.8888 8.8836 8.8848 0.0009
8.8888 8.8836 8.8848 0.0009
8.8888 8.8836 8.8848 0.0009
8.8888 8.8836 8.8848 0.0009
8.8888 8.8836 8.8848 0.0009
8.8888 8.8836 8.8849 0.0009
8.8888 8.8836 8.8849 0.0009
8.8888 8.8836 8.8849 0.0009
8.8888 8.8836 8.8849 0.0009
8.8888 8.8836 8.8849 0.0009
8.8888 8.8836 8.8849 0.0009
8.8888 8.8836 8.8849 0.0009
8.8888 8.8836 8.8849 0.0009
8.8888 8.8836 8.8849 0.0009
8.8888 8.8836 8.8849 0.0008
8.8888 8.8836 8.8849 0.0009
8.8888 8.8836 8.8849 0.0009
8.8888 8.8836 8.8849 0.0008
8.8888 8.8836 8.8849 0.0008
8.8888 8.8836 8.8849 0.0008
8.8888 8.8836 8.8849 0.0008
8.8888 8.8836 8.8849 0.0008
8.8888 8.8836 8.8849 0.0009
8.8888 8.8836 8.8849 0.0009
8.8888 8.8836 8.8849 0.0009
8.8888 8.8836 8.8849 0.0009
8.8888 8.8836 8.8849 0.0009
8.8888 8.8836 8.8849 0.0009
8.8888 8.8836 8.8849 0.0009
8.8888 8.8836 8.8849 0.0009
8.8888 8.8836 8.8849 0.0009
8.8888 8.8836 8.8849 0.0009
8.8888 8.8836 8.8849 0.0009
8.8888 8.8836 8.8849 0.0009
8.8888 8.8836 8.8849 0.0009
8.8888 8.8836 8.8850 0.0008
8.8888 8.8836 8.8850 0.0008
8.8888 8.8836 8.8850 0.0008
8.8888 8.8836 8.8850 0.0008
8.8888 8.8836 8.8850 0.0008
8.8910 8.8836 8.8850 0.0010
8.8910 8.8836 8.8850 0.0009
8.8910 8.8836 8.8850 0.0009
8.8910 8.8836 8.8850 0.0009
8.8910 8.8836 8.8850 0.0009
8.8910 8.8836 8.8850 0.0009
8.8910 8.8836 8.8851 0.0011
8.8910 8.8836 8.8851 0.0011
8.8910 8.8836 8.8851 0.0011
8.8910 8.8836 8.8851 0.0011
8.8910 8.8836 8.8851 0.0011
8.8910 8.8836 8.8851 0.0011
8.8910 8.8836 8.8851 0.0011
8.8910 8.8836 8.8851 0.0011
8.8910 8.8836 8.8851 0.0011
8.8910 8.8836 8.8851 0.0011
8.8910 8.8836 8.8851 0.0011
8.8910 8.8836 8.8851 0.0011
8.8910 8.8836 8.8851 0.0011
8.8910 8.8836 8.8851 0.0011
8.8910 8.8836 8.8851 0.0011
8.8910 8.8836 8.8851 0.0011
8.8910 8.8836 8.8851 0.0011
8.8910 8.8836 8.8851 0.0011
8.8910 8.8836 8.8851 0.0011
8.8910 8.8836 8.8851 0.0011
8.8910 8.8836 8.8851 0.0011
8.8910 8.8836 8.8851 0.0011
8.8910 8.8836 8.8851 0.0011
8.8910 8.8836 8.8851 0.0013
8.8910 8.8836 8.8851 0.0013
8.8910 8.8836 8.8851 0.0013
8.8910 8.8836 8.8852 0.0013
8.8910 8.8836 8.8852 0.0013
8.8910 8.8836 8.8852 0.0013
8.8910 8.8836 8.8852 0.0013
8.8910 8.8836 8.8852 0.0013
8.8910 8.8836 8.8852 0.0013
8.8910 8.8836 8.8852 0.0013
8.8910 8.8836 8.8852 0.0013
8.8910 8.8836 8.8852 0.0013
8.8910 8.8836 8.8852 0.0013
8.8910 8.8836 8.8852 0.0013
8.8910 8.8836 8.8852 0.0013
8.8910 8.8836 8.8852 0.0013
8.8910 8.8836 8.8852 0.0013
8.8910 8.8836 8.8852 0.0013
8.8910 8.8836 8.8852 0.0013
8.8910 8.8836 8.8852 0.0013
8.8910 8.8836 8.8852 0.0013
8.8910 8.8836 8.8852 0.0013
8.8910 8.8836 8.8852 0.0013
8.8910 8.8836 8.8852 0.0013
8.8910 8.8836 8.8852 0.0013
8.8910 8.8836 8.8852 0.0013
8.8910 8.8836 8.8852 0.0013
8.8910 8.8836 8.8852 0.0013
8.8910 8.8836 8.8852 0.0013
8.8910 8.8836 8.8852 0.0013
8.8910 8.8836 8.8852 0.0013
8.8910 8.8836 8.8853 0.0013
8.8910 8.8836 8.8853 0.0013
8.8910 8.8836 8.8853 0.0013
8.8910 8.8836 8.8853 0.0014
8.8910 8.8836 8.8853 0.0014
8.8910 8.8836 8.8853 0.0014
8.8910 8.8836 8.8854 0.0014
8.8910 8.8836 8.8854 0.0014
8.8910 8.8836 8.8854 0.0015
8.8910 8.8836 8.8854 0.0015
8.8910 8.8836 8.8854 0.0015
8.8910 8.8836 8.8854 0.0015
8.8910 8.8836 8.8854 0.0015
8.8910 8.8836 8.8855 0.0015
8.8910 8.8836 8.8855 0.0015
8.8910 8.8836 8.8855 0.0015
8.8910 8.8836 8.8855 0.0015
8.8910 8.8836 8.8855 0.0015
8.8910 8.8836 8.8855 0.0015
8.8910 8.8836 8.8855 0.0015
8.8910 8.8836 8.8855 0.0015
8.8910 8.8836 8.8855 0.0015
8.8910 8.8836 8.8855 0.0015
8.8910 8.8836 8.8855 0.0015
8.8910 8.8836 8.8855 0.0015
8.8910 8.8836 8.8855 0.0015
8.8910 8.8836 8.8855 0.0015
8.8910 8.8836 8.8855 0.0015
8.8910 8.8836 8.8855 0.0015
8.8910 8.8836 8.8855 0.0015
8.8910 8.8836 8.8855 0.0015
8.8910 8.8836 8.8855 0.0015
8.8910 8.8836 8.8855 0.0015
8.8910 8.8836 8.8855 0.0015
8.8910 8.8836 8.8855 0.0015
8.8910 8.8836 8.8855 0.0015
8.8910 8.8836 8.8855 0.0015
8.8910 8.8836 8.8855 0.0015
8.8910 8.8836 8.8855 0.0015
8.8910 8.8836 8.8855 0.0015
8.8910 8.8836 8.8855 0.0015
8.8910 8.8836 8.8855 0.0015
8.8910 8.8836 8.8855 0.0015
8.8910 8.8836 8.8855 0.0015
8.8910 8.8836 8.8856 0.0015
8.8910 8.8836 8.8856 0.0015
8.8910 8.8836 8.8856 0.0015
8.8910 8.8836 8.8856 0.0015
8.8910 8.8836 8.8856 0.0015
8.8910 8.8836 8.8856 0.0015
8.8910 8.8836 8.8856 0.0015
8.8910 8.8836 8.8856 0.0015
8.8910 8.8836 8.8856 0.0015
8.8910 8.8836 8.8856 0.0015
8.8910 8.8836 8.8856 0.0015
8.8910 8.8836 8.8856 0.0015
8.8910 8.8836 8.8856 0.0015
8.8910 8.8836 8.8856 0.0015
8.8910 8.8836 8.8857 0.0016
8.8910 8.8836 8.8857 0.0016
8.8910 8.8836 8.8857 0.0016
8.8910 8.8836 8.8857 0.0016
8.8910 8.8836 8.8857 0.0016
8.8910 8.8836 8.8857 0.0016
8.8910 8.8836 8.8857 0.0016
8.8910 8.8836 8.8857 0.0016
8.8910 8.8836 8.8857 0.0016
8.8910 8.8836 8.8857 0.0016
8.8910 8.8836 8.8857 0.0016
8.8910 8.8836 8.8858 0.0017
8.8910 8.8836 8.8858 0.0017
8.8910 8.8836 8.8858 0.0017
8.8910 8.8836 8.8858 0.0017
8.8910 8.8836 8.8858 0.0017
8.8910 8.8836 8.8858 0.0017
8.8910 8.8836 8.8858 0.0017
8.8910 8.8836 8.8858 0.0017
8.8910 8.8836 8.8858 0.0017
8.8910 8.8836 8.8858 0.0017
8.8910 8.8836 8.8858 0.0017
8.8910 8.8836 8.8858 0.0017
8.8910 8.8836 8.8859 0.0018
8.8910 8.8836 8.8859 0.0018
8.8910 8.8836 8.8859 0.0018
8.8910 8.8836 8.8859 0.0018
8.8910 8.8836 8.8859 0.0018
8.8910 8.8836 8.8859 0.0018
8.8910 8.8836 8.8859 0.0018
8.8910 8.8836 8.8860 0.0018
8.8910 8.8836 8.8860 0.0018
8.8910 8.8836 8.8860 0.0018
8.8910 8.8836 8.8860 0.0018
8.8910 8.8836 8.8860 0.0019
8.8910 8.8836 8.8861 0.0020
8.8910 8.8836 8.8861 0.0020
8.8910 8.8836 8.8861 0.0020
8.8910 8.8836 8.8861 0.0020
8.8910 8.8836 8.8861 0.0020
8.8910 8.8836 8.8861 0.0020
8.8910 8.8836 8.8861 0.0020
8.8910 8.8836 8.8861 0.0020
8.8910 8.8836 8.8861 0.0020
8.8910 8.8836 8.8861 0.0020
8.8910 8.8836 8.8862 0.0020
8.8910 8.8836 8.8862 0.0020
8.8910 8.8836 8.8862 0.0020
8.8910 8.8836 8.8862 0.0020
8.8910 8.8836 8.8862 0.0020
8.8910 8.8836 8.8862 0.0020
8.8910 8.8836 8.8862 0.0020
8.8910 8.8836 8.8862 0.0020
8.8910 8.8836 8.8862 0.0020
8.8910 8.8836 8.8862 0.0020
8.8910 8.8836 8.8862 0.0020
8.8910 8.8836 8.8862 0.0020
8.8910 8.8836 8.8862 0.0020
8.8910 8.8836 8.8863 0.0020
8.8910 8.8836 8.8863 0.0020
8.8910 8.8836 8.8863 0.0020
8.8910 8.8836 8.8863 0.0020
8.8910 8.8836 8.8863 0.0020
8.8910 8.8836 8.8863 0.0020
8.8910 8.8836 8.8863 0.0020
8.8910 8.8836 8.8863 0.0020
8.8910 8.8836 8.8863 0.0020
8.8910 8.8836 8.8863 0.0020
8.8910 8.8836 8.8863 0.0020
8.8910 8.8836 8.8863 0.0020
8.8910 8.8836 8.8863 0.0020
8.8910 8.8836 8.8863 0.0020
8.8910 8.8836 8.8863 0.0020
8.8911 8.8836 8.8863 0.0020
8.8911 8.8836 8.8863 0.0020
8.8911 8.8836 8.8863 0.0020
8.8911 8.8836 8.8863 0.0020
8.8911 8.8836 8.8863 0.0020
8.8911 8.8836 8.8863 0.0020
8.8911 8.8836 8.8863 0.0020
8.8911 8.8836 8.8863 0.0020
8.8911 8.8836 8.8863 0.0020
8.8911 8.8836 8.8863 0.0020
8.8911 8.8836 8.8863 0.0020
8.8911 8.8836 8.8863 0.0020
8.8911 8.8836 8.8864 0.0021
8.8911 8.8836 8.8864 0.0021
8.8911 8.8836 8.8864 0.0021
8.8911 8.8836 8.8864 0.0021
8.8911 8.8836 8.8864 0.0021
8.8911 8.8836 8.8864 0.0021
8.8911 8.8836 8.8864 0.0021
8.8911 8.8836 8.8864 0.0021
8.8911 8.8836 8.8864 0.0021
8.8911 8.8836 8.8864 0.0021
8.8911 8.8836 8.8864 0.0021
8.8911 8.8836 8.8864 0.0021
8.8911 8.8836 8.8864 0.0021
8.8911 8.8836 8.8864 0.0021
8.8911 8.8836 8.8864 0.0021
8.8911 8.8836 8.8864 0.0021
8.8911 8.8836 8.8865 0.0021
8.8911 8.8836 8.8865 0.0021
8.8911 8.8836 8.8865 0.0021
8.8911 8.8836 8.8865 0.0021
8.8911 8.8836 8.8865 0.0021
8.8911 8.8836 8.8865 0.0021
8.8911 8.8836 8.8865 0.0021
8.8911 8.8836 8.8865 0.0021
8.8911 8.8836 8.8865 0.0021
8.8911 8.8836 8.8865 0.0021
8.8911 8.8836 8.8865 0.0021
8.8911 8.8836 8.8865 0.0021
8.8911 8.8836 8.8865 0.0021
8.8911 8.8836 8.8865 0.0021
8.8911 8.8836 8.8865 0.0021
8.8911 8.8836 8.8865 0.0021
8.8911 8.8836 8.8865 0.0021
8.8911 8.8836 8.8865 0.0021
8.8911 8.8836 8.8865 0.0021
8.8911 8.8836 8.8865 0.0021
8.8911 8.8836 8.8866 0.0022
8.8911 8.8836 8.8866 0.0022
8.8911 8.8836 8.8866 0.0022
8.8911 8.8836 8.8866 0.0022
8.8911 8.8836 8.8866 0.0022
8.8911 8.8836 8.8866 0.0022
8.8911 8.8836 8.8866 0.0022
8.8911 8.8836 8.8866 0.0022
8.8911 8.8836 8.8866 0.0022
8.8911 8.8836 8.8866 0.0022
8.8911 8.8836 8.8867 0.0022
8.8911 8.8836 8.8867 0.0022
8.8911 8.8836 8.8867 0.0022
8.8911 8.8836 8.8867 0.0022
8.8911 8.8836 8.8867 0.0022
8.8911 8.8836 8.8867 0.0022
8.8911 8.8836 8.8867 0.0022
8.8911 8.8836 8.8867 0.0022
8.8911 8.8836 8.8867 0.0022
8.8911 8.8836 8.8867 0.0022
8.8911 8.8836 8.8867 0.0023
8.8911 8.8836 8.8868 0.0023
8.8911 8.8836 8.8868 0.0023
8.8911 8.8836 8.8868 0.0023
8.8911 8.8836 8.8868 0.0023
8.8911 8.8836 8.8868 0.0022
8.8911 8.8836 8.8868 0.0022
8.8911 8.8836 8.8868 0.0022
8.8911 8.8836 8.8868 0.0022
8.8911 8.8836 8.8868 0.0022
8.8911 8.8836 8.8868 0.0022
8.8911 8.8836 8.8868 0.0022
8.8911 8.8836 8.8868 0.0022
8.8911 8.8836 8.8868 0.0022
8.8911 8.8836 8.8868 0.0022
8.8911 8.8836 8.8868 0.0022
8.8911 8.8836 8.8868 0.0023
8.8911 8.8836 8.8869 0.0023
8.8911 8.8836 8.8869 0.0023
8.8911 8.8836 8.8869 0.0023
8.8911 8.8836 8.8869 0.0023
8.8911 8.8836 8.8869 0.0023
8.8911 8.8836 8.8869 0.0023
8.8911 8.8836 8.8869 0.0023
8.8911 8.8836 8.8869 0.0023
8.8911 8.8836 8.8869 0.0023
8.8911 8.8836 8.8870 0.0023
8.8911 8.8836 8.8870 0.0023
8.8911 8.8836 8.8870 0.0023
8.8911 8.8836 8.8870 0.0023
8.8911 8.8836 8.8870 0.0023
8.8911 8.8836 8.8870 0.0023
8.8911 8.8836 8.8870 0.0023
8.8911 8.8836 8.8870 0.0023
8.8911 8.8836 8.8870 0.0023
8.8911 8.8836 8.8870 0.0023
8.8911 8.8836 8.8870 0.0023
8.8911 8.8836 8.8870 0.0023
8.8911 8.8836 8.8871 0.0024
8.8911 8.8836 8.8871 0.0024
8.8911 8.8836 8.8871 0.0024
8.8911 8.8836 8.8871 0.0024
8.8911 8.8836 8.8871 0.0024
8.8911 8.8836 8.8871 0.0024
8.8911 8.8836 8.8871 0.0024
8.8911 8.8836 8.8871 0.0024
8.8911 8.8836 8.8872 0.0024
8.8911 8.8836 8.8872 0.0024
8.8911 8.8836 8.8872 0.0024
8.8911 8.8836 8.8872 0.0024
8.8911 8.8836 8.8872 0.0024
8.8911 8.8836 8.8872 0.0024
8.8911 8.8836 8.8872 0.0024
8.8911 8.8836 8.8872 0.0024
8.8911 8.8836 8.8872 0.0024
8.8911 8.8836 8.8872 0.0024
8.8911 8.8836 8.8872 0.0024
8.8911 8.8836 8.8872 0.0024
8.8911 8.8836 8.8873 0.0024
8.8911 8.8836 8.8873 0.0024
8.8911 8.8836 8.8873 0.0024
8.8911 8.8836 8.8873 0.0024
8.8911 8.8836 8.8873 0.0024
8.8911 8.8836 8.8873 0.0024
8.8911 8.8836 8.8873 0.0024
8.8911 8.8836 8.8873 0.0024
8.8911 8.8836 8.8873 0.0024
8.8911 8.8836 8.8873 0.0024
8.8911 8.8836 8.8873 0.0024
8.8911 8.8836 8.8873 0.0024
8.8911 8.8836 8.8873 0.0024
8.8911 8.8836 8.8873 0.0024
8.8911 8.8836 8.8873 0.0024
8.8911 8.8836 8.8873 0.0024
8.8911 8.8836 8.8873 0.0024
8.8911 8.8836 8.8873 0.0024
8.8911 8.8836 8.8873 0.0024
8.8911 8.8836 8.8873 0.0024
8.8911 8.8836 8.8873 0.0024
8.8911 8.8836 8.8873 0.0024
8.8911 8.8836 8.8873 0.0024
8.8911 8.8836 8.8873 0.0024
8.8911 8.8836 8.8873 0.0024
8.8911 8.8836 8.8873 0.0024
8.8911 8.8836 8.8873 0.0024
8.8911 8.8836 8.8873 0.0024
8.8921 8.8836 8.8874 0.0025
8.8921 8.8836 8.8874 0.0025
8.8921 8.8836 8.8874 0.0025
8.8921 8.8836 8.8874 0.0025
8.8921 8.8836 8.8874 0.0025
8.8921 8.8836 8.8874 0.0025
8.8921 8.8836 8.8874 0.0025
8.8921 8.8836 8.8874 0.0025
8.8921 8.8836 8.8875 0.0025
8.8921 8.8836 8.8875 0.0025
8.8921 8.8836 8.8876 0.0025
8.8921 8.8836 8.8876 0.0025
8.8921 8.8836 8.8876 0.0025
8.8921 8.8836 8.8876 0.0025
8.8921 8.8836 8.8876 0.0025
8.8921 8.8836 8.8876 0.0025
8.8921 8.8836 8.8876 0.0025
8.8921 8.8836 8.8876 0.0025
8.8921 8.8836 8.8876 0.0025
8.8921 8.8836 8.8876 0.0025
8.8921 8.8836 8.8876 0.0025
8.8921 8.8836 8.8876 0.0025
8.8921 8.8836 8.8877 0.0025
8.8921 8.8836 8.8877 0.0025
8.8921 8.8836 8.8878 0.0025
8.8921 8.8836 8.8878 0.0025
8.8921 8.8836 8.8878 0.0025
8.8921 8.8836 8.8878 0.0025
8.8921 8.8836 8.8878 0.0025
8.8921 8.8836 8.8878 0.0025
8.8921 8.8836 8.8878 0.0025
8.8921 8.8836 8.8878 0.0025
8.8921 8.8836 8.8878 0.0025
8.8921 8.8836 8.8878 0.0025
8.8921 8.8836 8.8878 0.0025
8.8921 8.8836 8.8878 0.0025
8.8921 8.8836 8.8878 0.0025
8.8921 8.8836 8.8878 0.0025
8.8921 8.8836 8.8878 0.0025
8.8921 8.8836 8.8878 0.0025
8.8921 8.8836 8.8878 0.0026
8.8921 8.8836 8.8878 0.0026
8.8921 8.8836 8.8878 0.0026
8.8921 8.8836 8.8878 0.0026
8.8921 8.8836 8.8878 0.0026
8.8921 8.8836 8.8878 0.0026
8.8921 8.8836 8.8879 0.0026
8.8921 8.8836 8.8879 0.0026
8.8921 8.8836 8.8879 0.0026
8.8921 8.8836 8.8879 0.0026
8.8921 8.8836 8.8879 0.0026
8.8921 8.8836 8.8879 0.0026
8.8921 8.8836 8.8879 0.0025
8.8921 8.8836 8.8879 0.0025
8.8921 8.8836 8.8879 0.0025
8.8921 8.8836 8.8879 0.0025
8.8921 8.8836 8.8879 0.0025
8.8921 8.8836 8.8880 0.0025
8.8921 8.8836 8.8880 0.0025
8.8921 8.8836 8.8880 0.0025
8.8921 8.8836 8.8881 0.0025
8.8921 8.8836 8.8881 0.0025
8.8921 8.8836 8.8881 0.0025
8.8921 8.8836 8.8881 0.0025
8.8921 8.8836 8.8881 0.0025
8.8921 8.8836 8.8881 0.0025
8.8921 8.8836 8.8881 0.0025
8.8921 8.8836 8.8881 0.0025
8.8921 8.8836 8.8881 0.0025
8.8921 8.8836 8.8881 0.0025
8.8921 8.8836 8.8882 0.0026
8.8921 8.8836 8.8882 0.0025
8.8921 8.8836 8.8882 0.0025
8.8921 8.8836 8.8882 0.0025
8.8921 8.8836 8.8882 0.0025
8.8921 8.8836 8.8882 0.0025
8.8921 8.8836 8.8882 0.0025
8.8921 8.8836 8.8882 0.0025
8.8921 8.8836 8.8882 0.0025
8.8921 8.8836 8.8882 0.0025
8.8921 8.8836 8.8882 0.0025
8.8921 8.8836 8.8882 0.0025
8.8921 8.8836 8.8882 0.0025
8.8921 8.8836 8.8882 0.0025
8.8921 8.8836 8.8882 0.0025
8.8921 8.8836 8.8883 0.0025
8.8921 8.8836 8.8883 0.0025
8.8921 8.8836 8.8883 0.0025
8.8921 8.8836 8.8883 0.0025
8.8921 8.8836 8.8883 0.0025
8.8921 8.8836 8.8883 0.0025
8.8921 8.8836 8.8883 0.0025
8.8921 8.8836 8.8883 0.0025
8.8921 8.8836 8.8883 0.0025
8.8921 8.8836 8.8883 0.0025
8.8921 8.8836 8.8883 0.0025
8.8921 8.8836 8.8883 0.0025
8.8921 8.8836 8.8883 0.0025
8.8921 8.8836 8.8883 0.0025
8.8921 8.8836 8.8883 0.0025
8.8921 8.8836 8.8883 0.0025
8.8921 8.8836 8.8883 0.0025
8.8921 8.8836 8.8883 0.0025
8.8921 8.8836 8.8884 0.0025
8.8921 8.8836 8.8884 0.0025
8.8921 8.8836 8.8884 0.0025
8.8921 8.8836 8.8884 0.0025
8.8921 8.8836 8.8884 0.0025
8.8921 8.8836 8.8884 0.0025
8.8921 8.8836 8.8884 0.0025
8.8921 8.8836 8.8884 0.0025
8.8921 8.8836 8.8884 0.0025
8.8921 8.8836 8.8884 0.0025
8.8921 8.8836 8.8884 0.0025
8.8921 8.8836 8.8884 0.0025
8.8921 8.8836 8.8884 0.0025
8.8921 8.8836 8.8884 0.0025
8.8921 8.8836 8.8885 0.0025
8.8921 8.8836 8.8885 0.0025
8.8921 8.8836 8.8885 0.0025
8.8921 8.8836 8.8885 0.0025
8.8921 8.8836 8.8885 0.0025
8.8921 8.8836 8.8885 0.0025
8.8921 8.8836 8.8885 0.0025
8.8921 8.8836 8.8885 0.0025
8.8921 8.8836 8.8885 0.0025
8.8921 8.8836 8.8885 0.0025
8.8921 8.8836 8.8885 0.0025
8.8921 8.8847 8.8886 0.0024
8.8921 8.8847 8.8886 0.0024
8.8921 8.8847 8.8887 0.0024
8.8921 8.8847 8.8887 0.0024
8.8921 8.8847 8.8887 0.0024
8.8921 8.8847 8.8887 0.0024
8.8921 8.8847 8.8887 0.0024
8.8921 8.8847 8.8887 0.0024
8.8921 8.8847 8.8887 0.0024
8.8921 8.8847 8.8887 0.0024
8.8921 8.8847 8.8887 0.0024
8.8921 8.8847 8.8887 0.0024
8.8921 8.8847 8.8887 0.0024
8.8921 8.8847 8.8887 0.0024
8.8921 8.8847 8.8887 0.0024
8.8921 8.8847 8.8887 0.0024
8.8921 8.8847 8.8887 0.0024
8.8921 8.8847 8.8887 0.0024
8.8921 8.8847 8.8887 0.0024
8.8921 8.8847 8.8887 0.0024
8.8921 8.8847 8.8887 0.0024
8.8921 8.8847 8.8887 0.0024
8.8921 8.8847 8.8887 0.0024
8.8921 8.8847 8.8887 0.0024
8.8921 8.8847 8.8887 0.0024
8.8921 8.8847 8.8887 0.0024
8.8921 8.8847 8.8887 0.0024
8.8921 8.8847 8.8887 0.0024
8.8921 8.8847 8.8887 0.0024
8.8921 8.8847 8.8887 0.0024
8.8921 8.8847 8.8887 0.0024
8.8921 8.8847 8.8887 0.0024
8.8921 8.8847 8.8888 0.0024
8.8921 8.8847 8.8888 0.0024
8.8921 8.8847 8.8888 0.0024
8.8921 8.8847 8.8888 0.0024
8.8921 8.8847 8.8888 0.0024
8.8921 8.8847 8.8888 0.0024
8.8921 8.8847 8.8888 0.0024
8.8921 8.8847 8.8889 0.0024
8.8921 8.8847 8.8889 0.0024
8.8921 8.8847 8.8889 0.0024
8.8921 8.8847 8.8889 0.0024
8.8921 8.8847 8.8889 0.0024
8.8921 8.8847 8.8889 0.0024
8.8921 8.8847 8.8889 0.0024
8.8921 8.8847 8.8889 0.0024
8.8921 8.8847 8.8889 0.0024
8.8921 8.8847 8.8889 0.0024
8.8921 8.8847 8.8889 0.0024
8.8921 8.8847 8.8890 0.0024
8.8921 8.8847 8.8890 0.0024
8.8921 8.8847 8.8890 0.0024
8.8921 8.8847 8.8891 0.0024
8.8921 8.8847 8.8891 0.0024
8.8921 8.8847 8.8891 0.0024
8.8921 8.8847 8.8891 0.0024
8.8921 8.8847 8.8891 0.0024
8.8921 8.8847 8.8891 0.0024
8.8921 8.8847 8.8891 0.0024
8.8921 8.8847 8.8891 0.0024
8.8921 8.8847 8.8891 0.0024
8.8921 8.8847 8.8891 0.0023
8.8921 8.8847 8.8892 0.0023
8.8921 8.8847 8.8892 0.0023
8.8921 8.8847 8.8892 0.0023
8.8921 8.8847 8.8892 0.0023
8.8921 8.8847 8.8892 0.0023
8.8921 8.8847 8.8892 0.0023
8.8921 8.8847 8.8892 0.0023
8.8921 8.8847 8.8892 0.0023
8.8921 8.8847 8.8892 0.0023
8.8921 8.8847 8.8892 0.0023
8.8921 8.8847 8.8893 0.0023
8.8921 8.8847 8.8893 0.0023
8.8921 8.8847 8.8893 0.0023
8.8921 8.8847 8.8893 0.0023
8.8921 8.8847 8.8893 0.0023
8.8921 8.8847 8.8893 0.0023
8.8921 8.8847 8.8893 0.0023
8.8921 8.8847 8.8893 0.0023
8.8921 8.8847 8.8893 0.0023
8.8921 8.8847 8.8893 0.0023
8.8921 8.8847 8.8893 0.0023
8.8921 8.8847 8.8893 0.0023
8.8921 8.8847 8.8893 0.0023
8.8921 8.8847 8.8893 0.0023
8.8921 8.8847 8.8893 0.0023
8.8921 8.8847 8.8893 0.0023
8.8921 8.8847 8.8893 0.0023
8.8921 8.8847 8.8893 0.0023
8.8921 8.8847 8.8893 0.0023
8.8921 8.8847 8.8893 0.0023
8.8921 8.8847 8.8893 0.0023
8.8921 8.8847 8.8893 0.0023
8.8921 8.8847 8.8893 0.0023
8.8921 8.8847 8.8893 0.0023
8.8921 8.8847 8.8894 0.0023
8.8921 8.8847 8.8895 0.0023
8.8921 8.8847 8.8895 0.0023
8.8921 8.8847 8.8895 0.0023
8.8921 8.8847 8.8895 0.0023
8.8921 8.8847 8.8895 0.0023
8.8921 8.8847 8.8895 0.0023
8.8921 8.8847 8.8895 0.0023
8.8921 8.8847 8.8895 0.0023
8.8921 8.8847 8.8895 0.0023
8.8921 8.8847 8.8895 0.0022
8.8921 8.8847 8.8895 0.0022
8.8921 8.8847 8.8895 0.0022
8.8921 8.8847 8.8895 0.0022
8.8921 8.8847 8.8895 0.0022
8.8921 8.8847 8.8896 0.0022
8.8921 8.8847 8.8896 0.0022
8.8921 8.8847 8.8896 0.0022
8.8921 8.8847 8.8896 0.0022
8.8921 8.8847 8.8896 0.0022
8.8921 8.8847 8.8896 0.0022
8.8921 8.8847 8.8896 0.0022
8.8921 8.8847 8.8897 0.0022
8.8921 8.8847 8.8897 0.0022
8.8921 8.8847 8.8897 0.0021
8.8921 8.8847 8.8897 0.0021
8.8921 8.8847 8.8897 0.0021
8.8921 8.8847 8.8897 0.0021
8.8921 8.8847 8.8897 0.0021
8.8921 8.8847 8.8898 0.0021
8.8921 8.8847 8.8898 0.0021
8.8921 8.8847 8.8898 0.0021
8.8921 8.8847 8.8899 0.0021
8.8921 8.8847 8.8899 0.0021
8.8921 8.8847 8.8899 0.0021
8.8921 8.8847 8.8899 0.0021
8.8921 8.8847 8.8899 0.0021
8.8921 8.8847 8.8899 0.0021
8.8921 8.8847 8.8899 0.0021
8.8921 8.8847 8.8899 0.0021
8.8921 8.8847 8.8899 0.0021
8.8921 8.8847 8.8899 0.0020
8.8921 8.8847 8.8899 0.0020
8.8921 8.8847 8.8900 0.0020
8.8921 8.8847 8.8900 0.0020
8.8921 8.8847 8.8900 0.0020
8.8921 8.8847 8.8900 0.0020
8.8921 8.8847 8.8900 0.0020
8.8921 8.8847 8.8900 0.0020
8.8921 8.8847 8.8900 0.0020
8.8921 8.8847 8.8900 0.0020
8.8921 8.8847 8.8900 0.0020
8.8921 8.8847 8.8900 0.0020
8.8921 8.8847 8.8900 0.0020
8.8921 8.8847 8.8900 0.0020
8.8921 8.8847 8.8900 0.0020
8.8921 8.8847 8.8900 0.0020
8.8921 8.8847 8.8900 0.0020
8.8921 8.8847 8.8900 0.0020
8.8921 8.8847 8.8900 0.0020
8.8921 8.8847 8.8901 0.0020
8.8921 8.8847 8.8901 0.0020
8.8921 8.8847 8.8901 0.0020
8.8921 8.8847 8.8901 0.0020
8.8921 8.8847 8.8901 0.0020
8.8921 8.8847 8.8901 0.0020
8.8921 8.8847 8.8901 0.0020
8.8921 8.8847 8.8901 0.0020
8.8921 8.8847 8.8901 0.0020
8.8921 8.8847 8.8901 0.0020
8.8921 8.8847 8.8901 0.0020
8.8921 8.8847 8.8901 0.0020
8.8921 8.8847 8.8901 0.0020
8.8921 8.8847 8.8901 0.0020
8.8921 8.8847 8.8902 0.0020
8.8921 8.8847 8.8902 0.0020
8.8921 8.8847 8.8902 0.0020
8.8921 8.8847 8.8902 0.0020
8.8921 8.8847 8.8902 0.0020
8.8921 8.8847 8.8902 0.0020
8.8921 8.8847 8.8902 0.0020
8.8921 8.8847 8.8902 0.0020
8.8921 8.8847 8.8902 0.0020
8.8921 8.8847 8.8902 0.0020
8.8921 8.8847 8.8902 0.0020
8.8921 8.8847 8.8902 0.0020
8.8921 8.8848 8.8902 0.0019
8.8921 8.8848 8.8902 0.0019
8.8921 8.8848 8.8903 0.0019
8.8921 8.8848 8.8903 0.0019
8.8921 8.8848 8.8903 0.0019
8.8921 8.8855 8.8903 0.0018
8.8921 8.8855 8.8903 0.0018
8.8921 8.8855 8.8903 0.0018
8.8921 8.8855 8.8903 0.0018
8.8921 8.8855 8.8903 0.0018
8.8921 8.8855 8.8903 0.0018
8.8921 8.8855 8.8903 0.0018
8.8921 8.8855 8.8903 0.0018
8.8921 8.8855 8.8903 0.0018
8.8921 8.8855 8.8903 0.0018
8.8921 8.8855 8.8903 0.0018
8.8921 8.8855 8.8903 0.0018
8.8921 8.8855 8.8903 0.0018
8.8921 8.8855 8.8903 0.0018
8.8921 8.8855 8.8903 0.0018
8.8921 8.8855 8.8904 0.0018
8.8921 8.8855 8.8904 0.0018
8.8921 8.8855 8.8904 0.0018
8.8921 8.8855 8.8904 0.0018
8.8921 8.8855 8.8904 0.0018
8.8921 8.8855 8.8904 0.0018
8.8921 8.8855 8.8904 0.0018
8.8921 8.8855 8.8904 0.0018
8.8921 8.8855 8.8904 0.0018
8.8921 8.8855 8.8904 0.0018
8.8921 8.8855 8.8904 0.0018
8.8921 8.8855 8.8904 0.0018
8.8921 8.8855 8.8904 0.0018
8.8921 8.8855 8.8904 0.0018
8.8921 8.8855 8.8904 0.0018
8.8921 8.8855 8.8904 0.0018
8.8921 8.8855 8.8904 0.0018
8.8921 8.8855 8.8904 0.0018
8.8921 8.8855 8.8904 0.0018
8.8921 8.8855 8.8904 0.0018
8.8921 8.8855 8.8904 0.0018
8.8921 8.8855 8.8904 0.0018
8.8921 8.8855 8.8904 0.0018
8.8921 8.8855 8.8904 0.0018
8.8921 8.8855 8.8904 0.0018
8.8921 8.8855 8.8904 0.0018
8.8921 8.8855 8.8904 0.0018
8.8921 8.8855 8.8904 0.0018
8.8921 8.8855 8.8904 0.0018
8.8921 8.8855 8.8904 0.0018
8.8921 8.8855 8.8904 0.0018
8.8921 8.8855 8.8904 0.0018
8.8921 8.8855 8.8904 0.0018
8.8921 8.8855 8.8904 0.0018
8.8921 8.8855 8.8904 0.0018
8.8921 8.8855 8.8904 0.0018
8.8921 8.8855 8.8905 0.0017
8.8921 8.8855 8.8905 0.0017
8.8921 8.8855 8.8905 0.0017
8.8921 8.8855 8.8905 0.0017
8.8921 8.8855 8.8905 0.0017
8.8921 8.8855 8.8905 0.0017
8.8921 8.8855 8.8905 0.0017
8.8921 8.8855 8.8905 0.0017
8.8921 8.8855 8.8905 0.0017
8.8921 8.8855 8.8905 0.0017
8.8921 8.8855 8.8905 0.0017
8.8921 8.8855 8.8906 0.0016
8.8921 8.8855 8.8906 0.0016
8.8921 8.8855 8.8906 0.0016
8.8921 8.8855 8.8906 0.0016
8.8921 8.8855 8.8906 0.0016
8.8921 8.8855 8.8906 0.0016
8.8921 8.8855 8.8906 0.0016
8.8921 8.8855 8.8906 0.0016
8.8921 8.8855 8.8906 0.0016
8.8921 8.8855 8.8906 0.0016
8.8921 8.8855 8.8906 0.0016
8.8921 8.8855 8.8906 0.0016
8.8921 8.8855 8.8906 0.0016
8.8921 8.8855 8.8906 0.0016
8.8921 8.8855 8.8906 0.0016
8.8921 8.8855 8.8906 0.0016
8.8921 8.8855 8.8906 0.0016
8.8921 8.8855 8.8906 0.0016
8.8921 8.8855 8.8906 0.0016
8.8921 8.8855 8.8906 0.0016
8.8921 8.8855 8.8906 0.0016
8.8921 8.8855 8.8906 0.0016
8.8921 8.8855 8.8906 0.0016
8.8921 8.8855 8.8906 0.0016
8.8921 8.8855 8.8906 0.0016
8.8921 8.8855 8.8906 0.0016
8.8921 8.8855 8.8906 0.0016
8.8921 8.8855 8.8906 0.0016
8.8921 8.8855 8.8906 0.0015
8.8921 8.8855 8.8906 0.0015
8.8921 8.8855 8.8906 0.0015
8.8921 8.8855 8.8906 0.0015
8.8921 8.8855 8.8906 0.0015
8.8921 8.8855 8.8906 0.0015
8.8921 8.8855 8.8906 0.0015
8.8921 8.8855 8.8907 0.0015
8.8921 8.8855 8.8907 0.0016
8.8921 8.8855 8.8907 0.0016
8.8921 8.8855 8.8907 0.0016
8.8921 8.8855 8.8907 0.0016
8.8921 8.8855 8.8907 0.0016
8.8921 8.8855 8.8907 0.0016
8.8921 8.8855 8.8907 0.0016
8.8921 8.8855 8.8907 0.0016
8.8921 8.8855 8.8907 0.0016
8.8921 8.8855 8.8907 0.0016
8.8921 8.8855 8.8907 0.0016
8.8921 8.8855 8.8907 0.0016
8.8921 8.8855 8.8907 0.0016
8.8921 8.8855 8.8907 0.0016
8.8921 8.8855 8.8907 0.0016
8.8921 8.8855 8.8907 0.0016
8.8921 8.8855 8.8907 0.0016
8.8921 8.8855 8.8907 0.0016
8.8921 8.8855 8.8907 0.0016
8.8921 8.8855 8.8907 0.0016
8.8921 8.8855 8.8907 0.0016
8.8921 8.8855 8.8907 0.0016
8.8921 8.8855 8.8907 0.0016
8.8921 8.8855 8.8907 0.0015
8.8921 8.8855 8.8907 0.0015
8.8921 8.8855 8.8907 0.0015
8.8921 8.8855 8.8907 0.0015
8.8921 8.8855 8.8907 0.0015
8.8921 8.8855 8.8907 0.0015
8.8921 8.8855 8.8908 0.0015
8.8921 8.8855 8.8908 0.0015
8.8921 8.8855 8.8908 0.0015
8.8921 8.8855 8.8908 0.0015
8.8921 8.8855 8.8908 0.0015
8.8921 8.8855 8.8908 0.0015
8.8921 8.8855 8.8908 0.0015
8.8921 8.8855 8.8908 0.0015
8.8921 8.8855 8.8908 0.0015
8.8921 8.8855 8.8908 0.0015
8.8921 8.8855 8.8908 0.0015
8.8921 8.8855 8.8908 0.0015
8.8921 8.8855 8.8908 0.0015
8.8921 8.8855 8.8908 0.0015
8.8921 8.8855 8.8908 0.0015
8.8921 8.8855 8.8908 0.0015
8.8921 8.8855 8.8908 0.0015
8.8921 8.8855 8.8908 0.0015
8.8921 8.8855 8.8908 0.0015
8.8921 8.8855 8.8908 0.0015
8.8921 8.8855 8.8908 0.0015
8.8921 8.8855 8.8908 0.0015
8.8921 8.8855 8.8908 0.0015
8.8921 8.8855 8.8908 0.0015
8.8921 8.8855 8.8908 0.0015
8.8921 8.8855 8.8909 0.0014
8.8921 8.8855 8.8909 0.0014
8.8921 8.8855 8.8909 0.0014
8.8921 8.8855 8.8909 0.0014
8.8921 8.8855 8.8909 0.0014
8.8921 8.8855 8.8909 0.0014
8.8921 8.8855 8.8909 0.0014
8.8921 8.8855 8.8909 0.0014
8.8921 8.8855 8.8909 0.0014
8.8921 8.8855 8.8909 0.0014
8.8921 8.8855 8.8909 0.0014
8.8921 8.8855 8.8909 0.0014
8.8921 8.8855 8.8909 0.0014
8.8921 8.8855 8.8909 0.0014
8.8921 8.8861 8.8910 0.0013
8.8921 8.8861 8.8910 0.0013
8.8921 8.8861 8.8910 0.0013
8.8921 8.8861 8.8910 0.0013
8.8921 8.8861 8.8910 0.0013
8.8921 8.8861 8.8910 0.0013
8.8921 8.8861 8.8910 0.0013
8.8921 8.8861 8.8910 0.0012
8.8921 8.8861 8.8910 0.0012
8.8921 8.8861 8.8911 0.0012
8.8921 8.8861 8.8911 0.0012
8.8921 8.8861 8.8911 0.0012
8.8921 8.8861 8.8911 0.0012
8.8921 8.8861 8.8911 0.0012
8.8921 8.8861 8.8911 0.0012
8.8921 8.8861 8.8911 0.0012
8.8921 8.8861 8.8911 0.0012
8.8921 8.8861 8.8911 0.0012
8.8921 8.8861 8.8911 0.0012
8.8921 8.8861 8.8911 0.0012
8.8921 8.8861 8.8911 0.0012
8.8921 8.8861 8.8911 0.0012
8.8921 8.8861 8.8911 0.0012
8.8921 8.8861 8.8911 0.0012
8.8921 8.8861 8.8911 0.0012
8.8921 8.8861 8.8911 0.0012
8.8921 8.8861 8.8911 0.0012
8.8921 8.8861 8.8911 0.0012
8.8921 8.8861 8.8911 0.0012
8.8921 8.8861 8.8911 0.0012
8.8921 8.8861 8.8911 0.0012
8.8921 8.8861 8.8911 0.0012
8.8921 8.8861 8.8911 0.0012
8.8921 8.8861 8.8911 0.0012
8.8921 8.8861 8.8911 0.0012
8.8921 8.8861 8.8911 0.0012
8.8921 8.8861 8.8911 0.0012
8.8921 8.8861 8.8911 0.0012
8.8921 8.8861 8.8911 0.0012
8.8921 8.8861 8.8911 0.0012
8.8921 8.8861 8.8911 0.0012
8.8921 8.8861 8.8911 0.0012
8.8921 8.8861 8.8911 0.0012
8.8921 8.8861 8.8911 0.0012
8.8923 8.8861 8.8911 0.0012
8.8923 8.8861 8.8911 0.0012
8.8923 8.8861 8.8912 0.0012
8.8923 8.8861 8.8912 0.0012
8.8923 8.8861 8.8912 0.0012
8.8923 8.8861 8.8912 0.0012
8.8926 8.8861 8.8912 0.0012
8.8926 8.8861 8.8912 0.0012
8.8926 8.8861 8.8912 0.0012
8.8926 8.8861 8.8912 0.0012
8.8926 8.8861 8.8912 0.0012
8.8926 8.8861 8.8912 0.0012
8.8926 8.8861 8.8912 0.0012
8.8926 8.8861 8.8912 0.0012
8.8926 8.8861 8.8912 0.0012
8.8926 8.8861 8.8912 0.0012
8.8926 8.8861 8.8912 0.0012
8.8926 8.8861 8.8912 0.0012
8.8926 8.8861 8.8912 0.0012
8.8926 8.8861 8.8912 0.0012
8.8926 8.8861 8.8912 0.0012
8.8926 8.8861 8.8912 0.0012
8.8926 8.8861 8.8912 0.0012
8.8926 8.8861 8.8912 0.0012
8.8926 8.8861 8.8912 0.0012
8.8926 8.8861 8.8913 0.0011
8.8926 8.8861 8.8913 0.0011
8.8926 8.8861 8.8913 0.0011
8.8926 8.8861 8.8913 0.0011
8.8926 8.8861 8.8913 0.0011
8.8926 8.8861 8.8913 0.0011
8.8926 8.8861 8.8913 0.0011
8.8926 8.8861 8.8913 0.0011
8.8926 8.8861 8.8913 0.0011
8.8926 8.8861 8.8913 0.0011
8.8926 8.8861 8.8913 0.0011
8.8926 8.8861 8.8913 0.0011
8.8926 8.8861 8.8913 0.0011
8.8926 8.8861 8.8913 0.0011
8.8926 8.8861 8.8913 0.0011
8.8926 8.8861 8.8913 0.0011
8.8926 8.8861 8.8913 0.0011
8.8926 8.8861 8.8913 0.0011
8.8926 8.8861 8.8913 0.0011
8.8926 8.8861 8.8913 0.0011
8.8926 8.8861 8.8913 0.0011
8.8926 8.8861 8.8913 0.0011
8.8926 8.8861 8.8913 0.0011
8.8926 8.8861 8.8913 0.0011
8.8926 8.8861 8.8913 0.0011
8.8926 8.8861 8.8913 0.0011
8.8926 8.8861 8.8913 0.0011
8.8926 8.8861 8.8913 0.0011
8.8926 8.8861 8.8913 0.0011
8.8926 8.8861 8.8913 0.0011
8.8926 8.8861 8.8913 0.0011
8.8926 8.8861 8.8913 0.0011
8.8926 8.8861 8.8913 0.0011
8.8926 8.8861 8.8913 0.0011
8.8926 8.8861 8.8913 0.0011
8.8926 8.8861 8.8913 0.0011
8.8926 8.8861 8.8914 0.0010
8.8926 8.8861 8.8914 0.0010
8.8926 8.8861 8.8914 0.0010
8.8926 8.8861 8.8914 0.0010
8.8926 8.8861 8.8914 0.0010
8.8926 8.8861 8.8914 0.0010
8.8926 8.8861 8.8914 0.0010
8.8926 8.8861 8.8914 0.0010
8.8926 8.8861 8.8914 0.0010
8.8926 8.8861 8.8914 0.0010
8.8926 8.8861 8.8914 0.0010
8.8926 8.8861 8.8914 0.0010
8.8926 8.8861 8.8914 0.0010
8.8926 8.8861 8.8914 0.0010
8.8926 8.8861 8.8914 0.0010
8.8926 8.8861 8.8914 0.0010
8.8926 8.8861 8.8914 0.0010
8.8926 8.8861 8.8914 0.0010
8.8926 8.8861 8.8914 0.0010
8.8926 8.8861 8.8914 0.0010
8.8926 8.8861 8.8914 0.0010
8.8926 8.8861 8.8914 0.0010
8.8926 8.8861 8.8914 0.0010
8.8926 8.8861 8.8914 0.0010
8.8926 8.8861 8.8914 0.0010
8.8926 8.8861 8.8915 0.0010
8.8926 8.8861 8.8915 0.0010
8.8926 8.8861 8.8915 0.0010
8.8926 8.8861 8.8915 0.0010
8.8926 8.8861 8.8915 0.0010
8.8926 8.8861 8.8915 0.0010
8.8926 8.8861 8.8915 0.0010
8.8926 8.8861 8.8915 0.0010
8.8926 8.8861 8.8915 0.0010
8.8926 8.8861 8.8915 0.0010
8.8926 8.8861 8.8915 0.0010
8.8926 8.8861 8.8915 0.0010
8.8926 8.8861 8.8915 0.0010
8.8926 8.8861 8.8915 0.0010
8.8926 8.8861 8.8915 0.0010
8.8926 8.8861 8.8915 0.0010
8.8926 8.8861 8.8915 0.0010
8.8926 8.8861 8.8915 0.0010
8.8926 8.8861 8.8915 0.0010
8.8926 8.8861 8.8915 0.0010
8.8926 8.8861 8.8915 0.0010
8.8926 8.8861 8.8915 0.0010
8.8926 8.8861 8.8915 0.0010
8.8926 8.8861 8.8915 0.0010
8.8926 8.8861 8.8915 0.0010
8.8926 8.8861 8.8915 0.0010
8.8926 8.8861 8.8915 0.0010
8.8926 8.8861 8.8915 0.0010
8.8926 8.8861 8.8915 0.0010
8.8926 8.8861 8.8915 0.0010
8.8926 8.8861 8.8915 0.0010
8.8926 8.8861 8.8915 0.0010
8.8926 8.8861 8.8915 0.0010
8.8926 8.8861 8.8915 0.0010
8.8926 8.8861 8.8915 0.0010
8.8926 8.8861 8.8915 0.0010
8.8926 8.8861 8.8915 0.0010
8.8926 8.8861 8.8915 0.0010
8.8926 8.8861 8.8915 0.0010
8.8926 8.8861 8.8915 0.0010
8.8926 8.8861 8.8915 0.0010
8.8926 8.8861 8.8915 0.0010
8.8926 8.8861 8.8915 0.0010
8.8926 8.8861 8.8915 0.0010
8.8926 8.8861 8.8915 0.0010
8.8926 8.8861 8.8915 0.0010
8.8926 8.8861 8.8915 0.0010
8.8926 8.8861 8.8915 0.0010
8.8926 8.8861 8.8915 0.0010
8.8926 8.8861 8.8915 0.0010
8.8926 8.8861 8.8916 0.0010
8.8926 8.8861 8.8916 0.0010
8.8926 8.8861 8.8916 0.0010
8.8926 8.8861 8.8916 0.0010
8.8926 8.8861 8.8916 0.0010
8.8926 8.8861 8.8916 0.0010
8.8926 8.8861 8.8916 0.0010
8.8926 8.8861 8.8916 0.0010
8.8926 8.8861 8.8916 0.0010
8.8926 8.8861 8.8916 0.0010
8.8926 8.8861 8.8916 0.0010
8.8926 8.8861 8.8916 0.0010
8.8926 8.8861 8.8916 0.0010
8.8926 8.8861 8.8916 0.0010
8.8926 8.8861 8.8916 0.0010
8.8926 8.8861 8.8916 0.0010
8.8926 8.8861 8.8916 0.0010
8.8926 8.8861 8.8916 0.0010
8.8926 8.8861 8.8916 0.0010
8.8926 8.8861 8.8916 0.0010
8.8926 8.8861 8.8916 0.0010
8.8926 8.8861 8.8916 0.0010
8.8926 8.8861 8.8916 0.0010
8.8926 8.8861 8.8916 0.0010
8.8926 8.8861 8.8916 0.0010
8.8926 8.8861 8.8916 0.0010
8.8926 8.8861 8.8916 0.0010
8.8926 8.8861 8.8916 0.0010
8.8926 8.8861 8.8916 0.0010
8.8926 8.8861 8.8916 0.0010
8.8926 8.8861 8.8916 0.0010
8.8926 8.8861 8.8916 0.0010
8.8926 8.8861 8.8916 0.0010
8.8926 8.8861 8.8916 0.0010
8.8926 8.8861 8.8916 0.0010
8.8926 8.8861 8.8916 0.0009
8.8926 8.8861 8.8916 0.0009
8.8926 8.8861 8.8916 0.0009
8.8926 8.8861 8.8916 0.0009
8.8926 8.8861 8.8916 0.0009
8.8926 8.8861 8.8916 0.0009
8.8926 8.8861 8.8916 0.0009
8.8926 8.8861 8.8916 0.0009
8.8926 8.8861 8.8917 0.0009
8.8926 8.8861 8.8917 0.0009
8.8926 8.8861 8.8917 0.0009
8.8926 8.8861 8.8917 0.0009
8.8926 8.8861 8.8917 0.0009
8.8926 8.8861 8.8917 0.0009
8.8926 8.8861 8.8917 0.0009
8.8926 8.8861 8.8917 0.0009
8.8926 8.8861 8.8917 0.0009
8.8926 8.8861 8.8917 0.0009
8.8929 8.8861 8.8917 0.0009
8.8929 8.8861 8.8917 0.0009
8.8929 8.8861 8.8917 0.0009
8.8929 8.8861 8.8917 0.0009
8.8929 8.8861 8.8917 0.0009
8.8929 8.8861 8.8917 0.0009
8.8929 8.8861 8.8917 0.0009
8.8929 8.8861 8.8917 0.0009
8.8929 8.8861 8.8917 0.0009
8.8929 8.8861 8.8917 0.0009
8.8929 8.8861 8.8917 0.0009
8.8929 8.8861 8.8917 0.0009
8.8929 8.8861 8.8917 0.0009
8.8929 8.8861 8.8917 0.0009
8.8929 8.8861 8.8917 0.0009
8.8929 8.8861 8.8917 0.0009
8.8929 8.8861 8.8917 0.0009
8.8929 8.8861 8.8917 0.0009
8.8929 8.8861 8.8917 0.0009
8.8929 8.8861 8.8917 0.0009
8.8929 8.8861 8.8917 0.0009
8.8929 8.8861 8.8917 0.0009
8.8929 8.8861 8.8917 0.0009
8.8929 8.8861 8.8917 0.0009
8.8929 8.8861 8.8917 0.0009
8.8929 8.8861 8.8917 0.0009
8.8929 8.8861 8.8917 0.0009
8.8929 8.8861 8.8917 0.0009
8.8929 8.8861 8.8917 0.0009
8.8929 8.8861 8.8917 0.0009
8.8929 8.8861 8.8917 0.0009
8.8929 8.8861 8.8917 0.0009
8.8929 8.8861 8.8917 0.0009
8.8929 8.8861 8.8917 0.0009
8.8929 8.8861 8.8917 0.0009
8.8929 8.8861 8.8917 0.0009
8.8929 8.8861 8.8917 0.0009
8.8929 8.8861 8.8918 0.0009
8.8929 8.8861 8.8918 0.0009
8.8929 8.8861 8.8918 0.0009
8.8929 8.8861 8.8918 0.0009
8.8929 8.8861 8.8918 0.0009
8.8929 8.8861 8.8918 0.0009
8.8929 8.8861 8.8918 0.0009
8.8929 8.8861 8.8918 0.0009
8.8929 8.8861 8.8918 0.0009
8.8929 8.8861 8.8918 0.0009
8.8929 8.8861 8.8918 0.0009
8.8929 8.8861 8.8918 0.0009
8.8929 8.8861 8.8918 0.0009
8.8929 8.8861 8.8918 0.0009
8.8929 8.8861 8.8918 0.0009
8.8929 8.8861 8.8918 0.0009
8.8929 8.8861 8.8918 0.0009
8.8929 8.8861 8.8918 0.0009
8.8929 8.8861 8.8918 0.0009
8.8929 8.8861 8.8918 0.0009
8.8929 8.8861 8.8918 0.0009
8.8929 8.8861 8.8918 0.0009
8.8929 8.8861 8.8918 0.0009
8.8929 8.8861 8.8918 0.0009
8.8929 8.8861 8.8918 0.0009
8.8929 8.8861 8.8918 0.0009
8.8929 8.8861 8.8918 0.0009
8.8929 8.8861 8.8918 0.0009
8.8929 8.8861 8.8918 0.0009
8.8929 8.8861 8.8918 0.0009
8.8929 8.8861 8.8918 0.0009
8.8929 8.8861 8.8918 0.0009
8.8929 8.8861 8.8918 0.0009
8.8929 8.8861 8.8918 0.0009
8.8929 8.8861 8.8918 0.0009
8.8929 8.8861 8.8918 0.0009
8.8929 8.8861 8.8918 0.0009
8.8929 8.8861 8.8918 0.0009
8.8929 8.8861 8.8918 0.0009
8.8929 8.8861 8.8918 0.0009
8.8929 8.8861 8.8918 0.0009
8.8929 8.8861 8.8918 0.0009
8.8929 8.8861 8.8918 0.0009
8.8929 8.8861 8.8918 0.0009
8.8929 8.8861 8.8918 0.0009
8.8929 8.8861 8.8918 0.0009
8.8929 8.8861 8.8918 0.0009
8.8929 8.8861 8.8918 0.0009
8.8929 8.8861 8.8918 0.0009
8.8929 8.8861 8.8918 0.0009
8.8929 8.8861 8.8918 0.0009
8.8929 8.8861 8.8918 0.0009
8.8929 8.8861 8.8918 0.0009
8.8929 8.8861 8.8918 0.0009
8.8929 8.8861 8.8918 0.0009
8.8929 8.8861 8.8918 0.0009
8.8929 8.8861 8.8918 0.0009
8.8929 8.8861 8.8918 0.0009
8.8929 8.8861 8.8918 0.0009
8.8929 8.8861 8.8918 0.0009
8.8929 8.8861 8.8918 0.0009
8.8929 8.8861 8.8918 0.0009
8.8929 8.8861 8.8918 0.0009
8.8929 8.8861 8.8918 0.0009
8.8929 8.8861 8.8918 0.0009
8.8929 8.8861 8.8918 0.0009
8.8929 8.8861 8.8918 0.0009
8.8929 8.8861 8.8918 0.0009
8.8929 8.8861 8.8918 0.0009
8.8929 8.8861 8.8918 0.0009
8.8929 8.8861 8.8918 0.0009
8.8929 8.8861 8.8918 0.0009
8.8929 8.8861 8.8918 0.0009
8.8929 8.8861 8.8918 0.0009
8.8929 8.8861 8.8918 0.0009
8.8929 8.8861 8.8918 0.0009
8.8929 8.8861 8.8918 0.0009
8.8929 8.8861 8.8918 0.0009
8.8929 8.8861 8.8918 0.0009
8.8929 8.8861 8.8918 0.0009
8.8929 8.8861 8.8918 0.0009
8.8929 8.8861 8.8918 0.0009
8.8929 8.8861 8.8918 0.0009
8.8929 8.8861 8.8918 0.0009
8.8929 8.8861 8.8918 0.0009
8.8929 8.8861 8.8918 0.0009
8.8929 8.8861 8.8918 0.0009
8.8929 8.8861 8.8918 0.0009
8.8929 8.8861 8.8918 0.0009
8.8929 8.8861 8.8919 0.0009
8.8929 8.8861 8.8919 0.0009
8.8929 8.8861 8.8919 0.0009
8.8929 8.8861 8.8919 0.0009
8.8929 8.8861 8.8919 0.0009
8.8929 8.8861 8.8919 0.0009
8.8929 8.8861 8.8919 0.0009
8.8929 8.8861 8.8919 0.0009
8.8929 8.8861 8.8919 0.0009
8.8929 8.8861 8.8919 0.0009
8.8929 8.8861 8.8919 0.0009
8.8929 8.8861 8.8919 0.0009
8.8929 8.8861 8.8919 0.0009
8.8929 8.8863 8.8919 0.0007
8.8929 8.8863 8.8919 0.0007
8.8929 8.8863 8.8919 0.0007
8.8929 8.8863 8.8919 0.0007
8.8929 8.8863 8.8919 0.0007
8.8929 8.8863 8.8919 0.0007
8.8929 8.8863 8.8919 0.0007
8.8929 8.8863 8.8919 0.0007
8.8929 8.8863 8.8919 0.0007
8.8929 8.8863 8.8919 0.0007
8.8929 8.8863 8.8919 0.0007
8.8929 8.8863 8.8919 0.0007
8.8929 8.8863 8.8919 0.0007
8.8929 8.8863 8.8919 0.0007
8.8929 8.8863 8.8919 0.0007
8.8929 8.8863 8.8919 0.0007
8.8929 8.8863 8.8919 0.0007
8.8929 8.8863 8.8919 0.0007
8.8929 8.8863 8.8919 0.0007
8.8929 8.8863 8.8919 0.0007
8.8929 8.8863 8.8919 0.0007
8.8929 8.8863 8.8919 0.0007
8.8929 8.8863 8.8919 0.0007
8.8929 8.8863 8.8919 0.0007
8.8929 8.8863 8.8919 0.0007
8.8929 8.8863 8.8919 0.0007
8.8929 8.8863 8.8919 0.0007
8.8929 8.8863 8.8919 0.0007
8.8929 8.8863 8.8919 0.0007
8.8929 8.8863 8.8919 0.0007
8.8929 8.8863 8.8919 0.0007
8.8929 8.8863 8.8919 0.0007
8.8929 8.8863 8.8919 0.0007
8.8929 8.8863 8.8919 0.0007
8.8929 8.8863 8.8919 0.0007
8.8929 8.8863 8.8919 0.0007
8.8929 8.8863 8.8919 0.0007
8.8929 8.8863 8.8919 0.0007
8.8929 8.8863 8.8919 0.0007
8.8929 8.8863 8.8919 0.0007
8.8929 8.8863 8.8919 0.0007
8.8929 8.8863 8.8919 0.0007
8.8929 8.8863 8.8919 0.0007
8.8929 8.8863 8.8919 0.0007
8.8929 8.8863 8.8919 0.0007
8.8929 8.8863 8.8919 0.0007
8.8929 8.8863 8.8919 0.0007
8.8929 8.8863 8.8919 0.0007
8.8929 8.8863 8.8919 0.0007
8.8929 8.8863 8.8919 0.0007
8.8929 8.8863 8.8919 0.0007
8.8929 8.8863 8.8919 0.0007
8.8929 8.8863 8.8919 0.0007
8.8929 8.8863 8.8919 0.0007
8.8929 8.8863 8.8919 0.0007
8.8929 8.8863 8.8919 0.0007
8.8929 8.8863 8.8919 0.0007
8.8929 8.8863 8.8919 0.0007
8.8929 8.8863 8.8919 0.0007
8.8929 8.8863 8.8919 0.0007
8.8929 8.8863 8.8919 0.0007
8.8929 8.8863 8.8919 0.0007
8.8929 8.8863 8.8919 0.0007
8.8929 8.8863 8.8919 0.0007
8.8929 8.8863 8.8920 0.0007
8.8929 8.8863 8.8920 0.0007
8.8929 8.8863 8.8920 0.0007
8.8929 8.8863 8.8920 0.0007
8.8929 8.8863 8.8920 0.0007
8.8929 8.8863 8.8920 0.0007
8.8929 8.8863 8.8920 0.0007
8.8929 8.8863 8.8920 0.0007
8.8929 8.8863 8.8920 0.0007
8.8929 8.8863 8.8920 0.0007
8.8929 8.8863 8.8920 0.0007
8.8929 8.8863 8.8920 0.0007
8.8929 8.8863 8.8920 0.0007
8.8929 8.8863 8.8920 0.0007
8.8929 8.8863 8.8920 0.0007
8.8929 8.8863 8.8920 0.0007
8.8929 8.8863 8.8920 0.0007
8.8929 8.8863 8.8920 0.0007
8.8929 8.8863 8.8920 0.0007
8.8929 8.8863 8.8920 0.0007
8.8929 8.8863 8.8920 0.0007
8.8929 8.8863 8.8920 0.0007
8.8929 8.8863 8.8920 0.0007
8.8929 8.8863 8.8920 0.0007
8.8929 8.8863 8.8920 0.0007
8.8929 8.8863 8.8920 0.0007
8.8929 8.8863 8.8920 0.0007
8.8929 8.8863 8.8920 0.0007
8.8929 8.8863 8.8920 0.0007
8.8929 8.8863 8.8920 0.0007
8.8929 8.8863 8.8920 0.0007
8.8929 8.8863 8.8920 0.0007
8.8929 8.8863 8.8920 0.0007
8.8929 8.8863 8.8920 0.0007
8.8929 8.8863 8.8920 0.0007
8.8929 8.8863 8.8920 0.0007
8.8929 8.8863 8.8920 0.0007
8.8929 8.8863 8.8920 0.0007
8.8929 8.8863 8.8920 0.0007
8.8929 8.8863 8.8920 0.0007
8.8929 8.8863 8.8920 0.0007
8.8929 8.8863 8.8920 0.0007
8.8929 8.8863 8.8920 0.0007
8.8929 8.8863 8.8920 0.0007
8.8929 8.8863 8.8920 0.0007
8.8929 8.8863 8.8920 0.0007
8.8929 8.8863 8.8920 0.0007
8.8929 8.8863 8.8920 0.0007
8.8929 8.8863 8.8920 0.0007
8.8929 8.8863 8.8920 0.0007
8.8929 8.8863 8.8920 0.0007
8.8929 8.8863 8.8920 0.0007
8.8929 8.8863 8.8920 0.0007
8.8929 8.8863 8.8920 0.0007
8.8929 8.8863 8.8920 0.0007
8.8929 8.8863 8.8920 0.0007
8.8929 8.8863 8.8920 0.0007
8.8929 8.8863 8.8920 0.0007
8.8929 8.8863 8.8920 0.0007
8.8929 8.8863 8.8920 0.0007
8.8929 8.8863 8.8920 0.0007
8.8929 8.8863 8.8920 0.0007
8.8929 8.8863 8.8920 0.0007
8.8929 8.8863 8.8920 0.0007
8.8929 8.8863 8.8920 0.0007
8.8929 8.8863 8.8920 0.0007
8.8929 8.8863 8.8920 0.0007
8.8929 8.8863 8.8920 0.0007
8.8929 8.8863 8.8920 0.0007
8.8929 8.8863 8.8920 0.0007
8.8929 8.8863 8.8920 0.0007
8.8929 8.8863 8.8920 0.0007
8.8929 8.8863 8.8920 0.0007
8.8929 8.8863 8.8920 0.0007
8.8929 8.8863 8.8920 0.0007
8.8929 8.8863 8.8920 0.0007
8.8929 8.8863 8.8920 0.0007
8.8929 8.8863 8.8920 0.0007
8.8929 8.8863 8.8920 0.0007
8.8929 8.8863 8.8920 0.0007
8.8929 8.8863 8.8920 0.0007
8.8929 8.8863 8.8920 0.0007
8.8929 8.8863 8.8920 0.0007
8.8929 8.8863 8.8920 0.0007
8.8929 8.8863 8.8920 0.0007
8.8929 8.8863 8.8920 0.0007
8.8929 8.8863 8.8920 0.0007
8.8929 8.8863 8.8920 0.0007
8.8929 8.8863 8.8920 0.0007
8.8929 8.8863 8.8920 0.0007
8.8929 8.8863 8.8920 0.0007
8.8929 8.8863 8.8920 0.0007
8.8929 8.8863 8.8920 0.0007
8.8929 8.8863 8.8920 0.0007
8.8929 8.8863 8.8920 0.0007
8.8929 8.8863 8.8920 0.0007
8.8929 8.8863 8.8920 0.0007
8.8929 8.8863 8.8920 0.0007
8.8929 8.8863 8.8920 0.0007
8.8929 8.8863 8.8920 0.0007
8.8929 8.8863 8.8920 0.0007
8.8929 8.8863 8.8920 0.0007
8.8929 8.8863 8.8920 0.0007
8.8929 8.8863 8.8920 0.0007
8.8929 8.8863 8.8920 0.0007
8.8929 8.8863 8.8920 0.0007
8.8929 8.8863 8.8920 0.0007
8.8929 8.8863 8.8920 0.0007
8.8929 8.8906 8.8920 0.0005
8.8929 8.8906 8.8920 0.0005
8.8929 8.8906 8.8920 0.0005
8.8929 8.8906 8.8920 0.0005
8.8929 8.8906 8.8920 0.0005
8.8929 8.8906 8.8920 0.0005
8.8929 8.8906 8.8920 0.0005
8.8929 8.8906 8.8920 0.0005
8.8929 8.8906 8.8920 0.0005
8.8929 8.8906 8.8920 0.0005
8.8929 8.8906 8.8920 0.0005
8.8929 8.8906 8.8920 0.0005
8.8929 8.8906 8.8920 0.0005
8.8929 8.8906 8.8920 0.0005
8.8929 8.8906 8.8920 0.0005
8.8929 8.8906 8.8920 0.0005
8.8929 8.8906 8.8920 0.0005
8.8929 8.8906 8.8920 0.0005
8.8929 8.8906 8.8920 0.0005
8.8929 8.8906 8.8920 0.0005
8.8929 8.8906 8.8920 0.0005
8.8929 8.8906 8.8920 0.0005
8.8929 8.8906 8.8920 0.0005
8.8929 8.8906 8.8920 0.0005
8.8929 8.8906 8.8920 0.0005
8.8929 8.8906 8.8920 0.0005
8.8929 8.8906 8.8920 0.0005
8.8929 8.8906 8.8920 0.0005
8.8929 8.8906 8.8920 0.0005
8.8929 8.8906 8.8920 0.0005
8.8929 8.8906 8.8921 0.0005
8.8929 8.8906 8.8921 0.0005
8.8929 8.8906 8.8921 0.0005
8.8929 8.8906 8.8921 0.0005
8.8929 8.8906 8.8921 0.0005
8.8929 8.8906 8.8921 0.0005
8.8929 8.8906 8.8921 0.0005
8.8929 8.8906 8.8921 0.0005
8.8929 8.8906 8.8921 0.0005
8.8929 8.8906 8.8921 0.0005
8.8929 8.8906 8.8921 0.0005
8.8929 8.8906 8.8921 0.0005
8.8929 8.8906 8.8921 0.0005
8.8929 8.8906 8.8921 0.0005
8.8929 8.8906 8.8921 0.0005
8.8929 8.8906 8.8921 0.0005
8.8929 8.8906 8.8921 0.0005
8.8929 8.8906 8.8921 0.0005
8.8929 8.8906 8.8921 0.0005
8.8929 8.8906 8.8921 0.0005
8.8929 8.8906 8.8921 0.0005
8.8929 8.8906 8.8921 0.0005
8.8929 8.8906 8.8921 0.0005
8.8929 8.8906 8.8921 0.0005
8.8929 8.8910 8.8921 0.0005
8.8929 8.8910 8.8921 0.0005
8.8929 8.8910 8.8921 0.0004
8.8929 8.8910 8.8921 0.0004
8.8929 8.8910 8.8921 0.0004
8.8929 8.8910 8.8921 0.0004
8.8929 8.8910 8.8921 0.0004
8.8929 8.8910 8.8921 0.0004
8.8929 8.8910 8.8921 0.0005
8.8929 8.8910 8.8921 0.0004
8.8929 8.8910 8.8921 0.0004
8.8929 8.8910 8.8921 0.0004
8.8929 8.8910 8.8921 0.0004
8.8929 8.8910 8.8921 0.0004
8.8929 8.8910 8.8921 0.0004
8.8929 8.8910 8.8921 0.0004
8.8929 8.8910 8.8921 0.0004
8.8929 8.8910 8.8921 0.0004
8.8929 8.8910 8.8921 0.0004
8.8929 8.8910 8.8921 0.0004
8.8929 8.8910 8.8921 0.0004
8.8933 8.8910 8.8922 0.0004
8.8933 8.8910 8.8922 0.0004
8.8933 8.8910 8.8922 0.0004
8.8933 8.8910 8.8922 0.0004
8.8933 8.8910 8.8922 0.0004
8.8933 8.8910 8.8922 0.0004
8.8933 8.8910 8.8922 0.0004
8.8933 8.8910 8.8922 0.0004
8.8933 8.8910 8.8922 0.0005
8.8933 8.8910 8.8922 0.0005
8.8933 8.8910 8.8922 0.0005
8.8933 8.8910 8.8922 0.0005
8.8933 8.8910 8.8922 0.0005
8.8933 8.8910 8.8922 0.0005
8.8933 8.8910 8.8922 0.0005
8.8933 8.8910 8.8922 0.0005
8.8933 8.8910 8.8922 0.0005
8.8933 8.8910 8.8922 0.0005
8.8933 8.8910 8.8922 0.0005
8.8933 8.8910 8.8922 0.0005
8.8933 8.8910 8.8922 0.0005
8.8933 8.8910 8.8922 0.0005
8.8933 8.8910 8.8922 0.0005
8.8933 8.8910 8.8922 0.0005
8.8933 8.8910 8.8922 0.0005
8.8933 8.8910 8.8922 0.0005
8.8933 8.8910 8.8922 0.0005
8.8933 8.8910 8.8922 0.0005
8.8933 8.8910 8.8922 0.0005
8.8933 8.8910 8.8922 0.0005
8.8933 8.8910 8.8922 0.0005
8.8933 8.8910 8.8922 0.0005
8.8933 8.8910 8.8922 0.0005
8.8933 8.8910 8.8922 0.0005
8.8933 8.8910 8.8922 0.0005
8.8933 8.8910 8.8922 0.0005
8.8933 8.8910 8.8922 0.0005
8.8933 8.8910 8.8922 0.0005
8.8933 8.8910 8.8922 0.0005
8.8933 8.8910 8.8922 0.0005
8.8933 8.8910 8.8922 0.0005
8.8933 8.8910 8.8922 0.0005
8.8933 8.8910 8.8922 0.0005
8.8933 8.8910 8.8922 0.0005
8.8933 8.8910 8.8922 0.0005
8.8933 8.8910 8.8922 0.0005
8.8933 8.8910 8.8922 0.0005
8.8933 8.8910 8.8922 0.0005
8.8933 8.8910 8.8922 0.0005
8.8933 8.8910 8.8922 0.0005
8.8933 8.8910 8.8922 0.0005
8.8933 8.8910 8.8922 0.0005
8.8933 8.8910 8.8922 0.0005
8.8933 8.8910 8.8922 0.0005
8.8933 8.8910 8.8922 0.0005
8.8933 8.8910 8.8922 0.0005
8.8933 8.8910 8.8922 0.0005
8.8933 8.8910 8.8922 0.0005
8.8933 8.8910 8.8922 0.0005
8.8933 8.8910 8.8922 0.0005
8.8933 8.8910 8.8922 0.0005
8.8933 8.8910 8.8922 0.0005
8.8933 8.8910 8.8922 0.0005
8.8933 8.8910 8.8922 0.0005
8.8933 8.8910 8.8922 0.0005
8.8933 8.8910 8.8922 0.0005
8.8933 8.8910 8.8922 0.0005
8.8933 8.8910 8.8922 0.0005
8.8933 8.8910 8.8922 0.0005
8.8933 8.8910 8.8923 0.0004
8.8933 8.8910 8.8923 0.0004
8.8933 8.8910 8.8923 0.0004
8.8933 8.8910 8.8923 0.0004
8.8933 8.8910 8.8923 0.0004
8.8933 8.8910 8.8923 0.0004
8.8933 8.8910 8.8923 0.0004
8.8933 8.8910 8.8923 0.0004
8.8933 8.8910 8.8923 0.0004
8.8933 8.8910 8.8923 0.0004
8.8933 8.8910 8.8923 0.0004
8.8933 8.8910 8.8923 0.0004
8.8933 8.8910 8.8923 0.0004
8.8933 8.8910 8.8923 0.0004
8.8933 8.8910 8.8923 0.0004
8.8933 8.8910 8.8923 0.0004
8.8933 8.8910 8.8923 0.0004
8.8933 8.8910 8.8923 0.0004
8.8933 8.8910 8.8923 0.0004
8.8933 8.8910 8.8923 0.0004
8.8933 8.8910 8.8923 0.0004
8.8933 8.8910 8.8923 0.0005
8.8933 8.8910 8.8923 0.0005
8.8933 8.8910 8.8923 0.0005
8.8933 8.8910 8.8923 0.0005
8.8933 8.8910 8.8923 0.0005
8.8933 8.8910 8.8923 0.0005
8.8933 8.8910 8.8923 0.0005
8.8933 8.8910 8.8923 0.0005
8.8933 8.8910 8.8923 0.0005
8.8933 8.8910 8.8923 0.0004
8.8933 8.8910 8.8923 0.0004
8.8933 8.8910 8.8923 0.0004
8.8933 8.8910 8.8923 0.0004
8.8933 8.8910 8.8923 0.0004
8.8933 8.8910 8.8923 0.0005
8.8933 8.8910 8.8923 0.0005
8.8933 8.8910 8.8923 0.0005
8.8933 8.8910 8.8923 0.0005
8.8933 8.8910 8.8923 0.0004
8.8933 8.8910 8.8923 0.0004
8.8933 8.8910 8.8923 0.0004
8.8933 8.8910 8.8923 0.0004
8.8933 8.8910 8.8923 0.0004
8.8933 8.8910 8.8923 0.0004
8.8933 8.8910 8.8923 0.0004
8.8933 8.8910 8.8923 0.0004
8.8933 8.8910 8.8923 0.0004
8.8933 8.8910 8.8923 0.0004
8.8933 8.8910 8.8923 0.0004
8.8933 8.8910 8.8923 0.0004
8.8933 8.8910 8.8923 0.0004
8.8933 8.8910 8.8923 0.0004
8.8933 8.8910 8.8923 0.0004
8.8933 8.8910 8.8923 0.0004
8.8933 8.8910 8.8923 0.0004
8.8933 8.8910 8.8923 0.0004
8.8933 8.8910 8.8923 0.0004
8.8933 8.8910 8.8923 0.0004
8.8933 8.8910 8.8923 0.0004
8.8933 8.8910 8.8923 0.0004
8.8933 8.8910 8.8923 0.0004
8.8933 8.8910 8.8923 0.0004
8.8933 8.8910 8.8923 0.0004
8.8933 8.8910 8.8923 0.0004
8.8933 8.8910 8.8923 0.0004
8.8933 8.8910 8.8923 0.0004
8.8933 8.8910 8.8923 0.0004
8.8933 8.8910 8.8923 0.0004
8.8933 8.8910 8.8923 0.0004
8.8933 8.8910 8.8924 0.0004
8.8933 8.8910 8.8924 0.0004
8.8933 8.8910 8.8924 0.0004
8.8933 8.8910 8.8924 0.0004
8.8933 8.8910 8.8924 0.0004
8.8933 8.8910 8.8924 0.0004
8.8933 8.8910 8.8924 0.0004
8.8933 8.8910 8.8924 0.0004
8.8933 8.8910 8.8924 0.0004
8.8933 8.8910 8.8924 0.0004
8.8933 8.8910 8.8924 0.0005
8.8933 8.8910 8.8924 0.0005
8.8933 8.8910 8.8924 0.0005
8.8933 8.8910 8.8924 0.0005
8.8933 8.8910 8.8924 0.0005
8.8933 8.8910 8.8924 0.0005
8.8933 8.8910 8.8924 0.0005
8.8933 8.8910 8.8924 0.0005
8.8933 8.8910 8.8924 0.0005
8.8933 8.8910 8.8924 0.0005
8.8933 8.8910 8.8924 0.0005
8.8933 8.8910 8.8924 0.0005
8.8933 8.8910 8.8924 0.0005
8.8933 8.8910 8.8924 0.0005
8.8933 8.8910 8.8924 0.0005
8.8933 8.8910 8.8924 0.0005
8.8933 8.8910 8.8924 0.0005
8.8933 8.8910 8.8924 0.0005
8.8933 8.8910 8.8924 0.0005
8.8933 8.8910 8.8924 0.0005
8.8933 8.8910 8.8924 0.0005
8.8933 8.8910 8.8924 0.0005
8.8933 8.8910 8.8924 0.0005
8.8933 8.8910 8.8924 0.0005
8.8933 8.8910 8.8924 0.0005
8.8933 8.8910 8.8924 0.0005
8.8933 8.8910 8.8924 0.0005
8.8933 8.8910 8.8924 0.0005
8.8933 8.8910 8.8924 0.0004
8.8933 8.8910 8.8924 0.0004
8.8933 8.8910 8.8924 0.0004
8.8933 8.8910 8.8924 0.0004
8.8933 8.8910 8.8924 0.0004
8.8933 8.8910 8.8924 0.0004
8.8933 8.8910 8.8924 0.0004
8.8933 8.8910 8.8924 0.0004
8.8933 8.8910 8.8924 0.0004
8.8933 8.8910 8.8924 0.0005
8.8933 8.8910 8.8924 0.0005
8.8933 8.8910 8.8924 0.0005
8.8933 8.8910 8.8924 0.0005
8.8933 8.8910 8.8924 0.0005
8.8933 8.8910 8.8924 0.0005
8.8933 8.8910 8.8924 0.0005
8.8933 8.8910 8.8924 0.0005
8.8933 8.8910 8.8924 0.0005
8.8933 8.8910 8.8924 0.0005
8.8933 8.8910 8.8924 0.0005
8.8933 8.8910 8.8924 0.0005
8.8933 8.8910 8.8924 0.0005
8.8933 8.8910 8.8924 0.0005
8.8933 8.8910 8.8924 0.0005
8.8933 8.8910 8.8924 0.0005
8.8933 8.8910 8.8924 0.0005
8.8933 8.8910 8.8924 0.0005
8.8933 8.8910 8.8924 0.0005
8.8933 8.8910 8.8924 0.0005
8.8933 8.8910 8.8924 0.0005
8.8933 8.8910 8.8924 0.0005
8.8933 8.8910 8.8924 0.0005
8.8933 8.8910 8.8924 0.0005
8.8933 8.8910 8.8925 0.0005
8.8933 8.8910 8.8925 0.0005
8.8933 8.8910 8.8925 0.0005
8.8933 8.8910 8.8925 0.0005
8.8933 8.8910 8.8925 0.0005
8.8933 8.8910 8.8925 0.0005
8.8933 8.8910 8.8925 0.0005
8.8933 8.8910 8.8925 0.0005
8.8933 8.8910 8.8925 0.0005
8.8933 8.8910 8.8925 0.0005
8.8933 8.8910 8.8925 0.0005
8.8933 8.8910 8.8925 0.0005
8.8933 8.8910 8.8925 0.0005
8.8933 8.8910 8.8925 0.0005
8.8933 8.8910 8.8925 0.0005
8.8933 8.8911 8.8925 0.0004
8.8933 8.8911 8.8925 0.0004
8.8933 8.8911 8.8925 0.0004
8.8933 8.8911 8.8925 0.0004
8.8933 8.8911 8.8925 0.0004
8.8933 8.8911 8.8925 0.0004
8.8933 8.8911 8.8925 0.0004
8.8933 8.8911 8.8925 0.0004
8.8933 8.8911 8.8925 0.0004
8.8933 8.8911 8.8925 0.0004
8.8933 8.8911 8.8925 0.0004
8.8933 8.8911 8.8925 0.0004
8.8933 8.8911 8.8925 0.0004
8.8933 8.8911 8.8925 0.0004
8.8933 8.8911 8.8925 0.0004
8.8933 8.8911 8.8925 0.0004
8.8933 8.8911 8.8925 0.0004
8.8933 8.8911 8.8925 0.0004
8.8933 8.8911 8.8925 0.0004
8.8933 8.8911 8.8925 0.0004
8.8933 8.8911 8.8925 0.0004
8.8933 8.8911 8.8925 0.0004
8.8933 8.8911 8.8925 0.0004
8.8933 8.8911 8.8925 0.0004
8.8933 8.8911 8.8925 0.0004
8.8933 8.8911 8.8925 0.0004
8.8933 8.8911 8.8925 0.0004
8.8933 8.8911 8.8925 0.0004
8.8933 8.8911 8.8925 0.0004
8.8933 8.8911 8.8925 0.0004
8.8933 8.8911 8.8925 0.0004
8.8933 8.8911 8.8925 0.0004
8.8933 8.8911 8.8925 0.0004
8.8933 8.8911 8.8925 0.0004
8.8933 8.8911 8.8925 0.0004
8.8933 8.8911 8.8925 0.0004
8.8933 8.8911 8.8925 0.0004
8.8933 8.8911 8.8925 0.0004
8.8933 8.8911 8.8925 0.0004
8.8933 8.8911 8.8926 0.0004
8.8933 8.8911 8.8926 0.0004
8.8933 8.8911 8.8926 0.0004
8.8933 8.8911 8.8926 0.0004
8.8933 8.8911 8.8926 0.0004
8.8933 8.8911 8.8926 0.0004
8.8933 8.8911 8.8926 0.0004
8.8933 8.8911 8.8926 0.0004
8.8933 8.8911 8.8926 0.0004
8.8933 8.8911 8.8926 0.0004
8.8933 8.8911 8.8926 0.0004
8.8933 8.8911 8.8926 0.0004
8.8933 8.8911 8.8926 0.0004
8.8933 8.8911 8.8926 0.0004
8.8933 8.8911 8.8926 0.0004
8.8933 8.8911 8.8926 0.0004
8.8933 8.8911 8.8926 0.0004
8.8933 8.8911 8.8926 0.0004
8.8933 8.8911 8.8926 0.0004
8.8933 8.8911 8.8926 0.0004
8.8933 8.8911 8.8926 0.0004
8.8933 8.8911 8.8926 0.0004
8.8933 8.8911 8.8926 0.0004
8.8933 8.8911 8.8926 0.0004
8.8933 8.8911 8.8926 0.0004
8.8933 8.8911 8.8926 0.0004
8.8933 8.8911 8.8926 0.0004
8.8933 8.8911 8.8926 0.0004
8.8933 8.8911 8.8926 0.0004
8.8933 8.8911 8.8926 0.0004
8.8933 8.8911 8.8926 0.0004
8.8933 8.8911 8.8926 0.0004
8.8933 8.8911 8.8926 0.0004
8.8933 8.8911 8.8926 0.0004
8.8933 8.8911 8.8926 0.0004
8.8933 8.8911 8.8926 0.0004
8.8933 8.8911 8.8926 0.0004
8.8933 8.8911 8.8926 0.0004
8.8933 8.8911 8.8926 0.0004
8.8933 8.8911 8.8926 0.0004
8.8933 8.8911 8.8926 0.0004
8.8933 8.8911 8.8926 0.0004
8.8933 8.8911 8.8926 0.0004
8.8933 8.8911 8.8926 0.0004
8.8933 8.8911 8.8926 0.0004
8.8933 8.8911 8.8926 0.0004
8.8933 8.8911 8.8926 0.0004
8.8933 8.8911 8.8926 0.0004
8.8933 8.8911 8.8926 0.0004
8.8933 8.8911 8.8926 0.0004
8.8933 8.8911 8.8926 0.0004
8.8933 8.8911 8.8926 0.0004
8.8933 8.8911 8.8926 0.0004
8.8933 8.8911 8.8926 0.0004
8.8933 8.8911 8.8926 0.0004
8.8933 8.8911 8.8926 0.0004
8.8933 8.8911 8.8926 0.0004
8.8933 8.8911 8.8926 0.0004
8.8933 8.8911 8.8926 0.0004
8.8933 8.8911 8.8926 0.0004
8.8933 8.8911 8.8926 0.0004
8.8933 8.8911 8.8926 0.0004
8.8933 8.8911 8.8926 0.0004
8.8933 8.8911 8.8926 0.0004
8.8933 8.8911 8.8926 0.0004
8.8933 8.8911 8.8926 0.0004
8.8933 8.8911 8.8926 0.0004
8.8933 8.8911 8.8926 0.0004
8.8933 8.8911 8.8926 0.0004
8.8933 8.8911 8.8926 0.0004
8.8933 8.8911 8.8926 0.0004
8.8933 8.8911 8.8926 0.0004
8.8933 8.8911 8.8926 0.0004
8.8933 8.8911 8.8926 0.0004
8.8933 8.8911 8.8926 0.0004
8.8933 8.8911 8.8926 0.0004
8.8933 8.8911 8.8926 0.0004
8.8933 8.8911 8.8926 0.0004
8.8933 8.8911 8.8926 0.0004
8.8933 8.8911 8.8926 0.0004
8.8933 8.8911 8.8926 0.0004
8.8933 8.8911 8.8926 0.0004
8.8933 8.8911 8.8927 0.0004
8.8933 8.8911 8.8927 0.0004
8.8933 8.8911 8.8927 0.0004
8.8933 8.8911 8.8927 0.0004
8.8933 8.8911 8.8927 0.0004
8.8933 8.8911 8.8927 0.0004
8.8933 8.8911 8.8927 0.0004
8.8933 8.8911 8.8927 0.0004
8.8933 8.8911 8.8927 0.0004
8.8933 8.8911 8.8927 0.0004
8.8933 8.8911 8.8927 0.0004
8.8933 8.8911 8.8927 0.0004
8.8933 8.8911 8.8927 0.0004
8.8933 8.8911 8.8927 0.0004
8.8933 8.8911 8.8927 0.0004
8.8933 8.8911 8.8927 0.0004
8.8933 8.8911 8.8927 0.0004
8.8933 8.8911 8.8927 0.0004
8.8933 8.8911 8.8927 0.0004
8.8933 8.8911 8.8927 0.0004
8.8933 8.8911 8.8927 0.0004
8.8933 8.8911 8.8927 0.0004
8.8933 8.8911 8.8927 0.0004
8.8933 8.8911 8.8927 0.0004
8.8933 8.8911 8.8927 0.0004
8.8933 8.8911 8.8927 0.0004
8.8933 8.8911 8.8927 0.0004
8.8933 8.8921 8.8928 0.0004
8.8933 8.8921 8.8928 0.0004
8.8933 8.8921 8.8928 0.0004
8.8933 8.8921 8.8928 0.0004
8.8933 8.8921 8.8928 0.0004
8.8933 8.8921 8.8928 0.0004
8.8933 8.8921 8.8928 0.0004
8.8933 8.8921 8.8928 0.0004
8.8933 8.8921 8.8928 0.0004
8.8933 8.8921 8.8928 0.0004
8.8933 8.8921 8.8928 0.0004
8.8933 8.8921 8.8928 0.0004
8.8933 8.8921 8.8928 0.0004
8.8933 8.8921 8.8928 0.0004
8.8933 8.8921 8.8928 0.0004
8.8933 8.8921 8.8928 0.0004
8.8933 8.8921 8.8928 0.0004
8.8933 8.8921 8.8928 0.0004
8.8933 8.8921 8.8928 0.0004
8.8933 8.8921 8.8928 0.0004
8.8933 8.8921 8.8928 0.0004
8.8933 8.8921 8.8928 0.0004
8.8933 8.8921 8.8928 0.0004
8.8933 8.8921 8.8928 0.0004
8.8933 8.8921 8.8928 0.0004
8.8933 8.8921 8.8928 0.0004
8.8933 8.8921 8.8929 0.0004
8.8933 8.8921 8.8929 0.0004
8.8933 8.8921 8.8929 0.0004
8.8933 8.8921 8.8929 0.0004
8.8933 8.8921 8.8929 0.0004
8.8933 8.8921 8.8929 0.0004
8.8933 8.8921 8.8929 0.0004
8.8933 8.8921 8.8929 0.0004
8.8933 8.8921 8.8929 0.0004
8.8933 8.8921 8.8929 0.0004
8.8933 8.8921 8.8929 0.0004
8.8933 8.8921 8.8929 0.0004
8.8933 8.8921 8.8929 0.0004
8.8933 8.8921 8.8929 0.0004
8.8933 8.8921 8.8929 0.0004
8.8933 8.8921 8.8929 0.0004
8.8933 8.8921 8.8929 0.0004
8.8933 8.8921 8.8929 0.0004
8.8933 8.8921 8.8929 0.0004
8.8933 8.8921 8.8929 0.0004
8.8933 8.8921 8.8929 0.0004
8.8933 8.8921 8.8929 0.0004
8.8933 8.8921 8.8929 0.0004
8.8933 8.8921 8.8929 0.0004
8.8933 8.8921 8.8929 0.0004
8.8933 8.8921 8.8929 0.0004
8.8933 8.8921 8.8929 0.0004
8.8933 8.8921 8.8929 0.0004
8.8933 8.8921 8.8929 0.0004
8.8933 8.8921 8.8929 0.0004
8.8933 8.8921 8.8929 0.0004
8.8933 8.8921 8.8929 0.0004
8.8933 8.8921 8.8929 0.0004
8.8933 8.8921 8.8929 0.0004
8.8933 8.8921 8.8929 0.0004
8.8933 8.8921 8.8929 0.0004
8.8933 8.8921 8.8929 0.0004
8.8933 8.8921 8.8929 0.0004
8.8933 8.8921 8.8929 0.0004
8.8933 8.8921 8.8929 0.0004
8.8933 8.8921 8.8929 0.0004
8.8933 8.8921 8.8929 0.0004
8.8933 8.8921 8.8929 0.0004
8.8933 8.8921 8.8929 0.0004
8.8933 8.8921 8.8929 0.0004
8.8933 8.8921 8.8929 0.0004
8.8933 8.8921 8.8929 0.0004
8.8933 8.8921 8.8929 0.0004
8.8933 8.8921 8.8929 0.0004
8.8933 8.8921 8.8929 0.0004
8.8933 8.8921 8.8929 0.0004
8.8933 8.8921 8.8929 0.0004
8.8933 8.8921 8.8929 0.0004
8.8933 8.8921 8.8929 0.0004
8.8933 8.8921 8.8929 0.0004
8.8933 8.8921 8.8929 0.0004
8.8933 8.8921 8.8929 0.0004
8.8933 8.8921 8.8929 0.0004
8.8933 8.8921 8.8929 0.0004
8.8933 8.8921 8.8929 0.0004
8.8933 8.8921 8.8929 0.0004
8.8933 8.8921 8.8929 0.0004
8.8950 8.8921 8.8930 0.0004
8.8950 8.8921 8.8930 0.0004
8.8950 8.8921 8.8930 0.0004
8.8950 8.8921 8.8930 0.0004
8.8950 8.8921 8.8930 0.0004
8.8950 8.8921 8.8930 0.0004
8.8950 8.8921 8.8930 0.0004
8.8950 8.8921 8.8930 0.0004
8.8950 8.8921 8.8930 0.0004
8.8950 8.8921 8.8930 0.0004
8.8950 8.8921 8.8930 0.0004
8.8950 8.8921 8.8930 0.0004
8.8950 8.8921 8.8930 0.0004
8.8950 8.8921 8.8930 0.0004
8.8950 8.8921 8.8930 0.0004
8.8950 8.8921 8.8930 0.0004
8.8950 8.8921 8.8930 0.0004
8.8950 8.8921 8.8930 0.0004
8.8950 8.8921 8.8930 0.0004
8.8950 8.8921 8.8930 0.0004
8.8950 8.8921 8.8930 0.0004
8.8950 8.8921 8.8930 0.0004
8.8950 8.8921 8.8930 0.0004
8.8950 8.8921 8.8930 0.0004
8.8950 8.8921 8.8930 0.0004
8.8950 8.8921 8.8930 0.0004
8.8950 8.8921 8.8930 0.0004
8.8950 8.8921 8.8930 0.0004
8.8950 8.8921 8.8930 0.0004
8.8950 8.8921 8.8930 0.0004
8.8950 8.8921 8.8930 0.0004
8.8950 8.8921 8.8930 0.0004
8.8950 8.8921 8.8930 0.0005
8.8950 8.8921 8.8930 0.0005
8.8950 8.8921 8.8930 0.0005
8.8950 8.8921 8.8930 0.0005
8.8950 8.8921 8.8930 0.0005
8.8950 8.8921 8.8930 0.0005
8.8950 8.8921 8.8930 0.0005
8.8950 8.8921 8.8930 0.0005
8.8950 8.8921 8.8930 0.0005
8.8950 8.8921 8.8930 0.0005
8.8950 8.8921 8.8930 0.0005
8.8950 8.8921 8.8930 0.0005
8.8950 8.8921 8.8930 0.0005
8.8950 8.8921 8.8930 0.0005
8.8950 8.8921 8.8930 0.0005
8.8950 8.8921 8.8930 0.0005
8.8950 8.8921 8.8930 0.0005
8.8950 8.8921 8.8930 0.0005
8.8950 8.8921 8.8930 0.0005
8.8950 8.8921 8.8930 0.0005
8.8950 8.8921 8.8930 0.0005
8.8950 8.8921 8.8930 0.0005
8.8950 8.8921 8.8930 0.0005
8.8950 8.8921 8.8930 0.0005
8.8950 8.8921 8.8930 0.0005
8.8950 8.8921 8.8931 0.0005
8.8950 8.8921 8.8931 0.0005
8.8950 8.8921 8.8931 0.0005
8.8950 8.8921 8.8931 0.0005
8.8950 8.8921 8.8931 0.0004
8.8950 8.8921 8.8931 0.0004
8.8950 8.8921 8.8931 0.0004
8.8950 8.8921 8.8931 0.0004
8.8950 8.8921 8.8931 0.0004
8.8950 8.8921 8.8931 0.0004
8.8950 8.8921 8.8931 0.0004
8.8950 8.8921 8.8931 0.0004
8.8950 8.8921 8.8931 0.0004
8.8950 8.8921 8.8931 0.0004
8.8950 8.8921 8.8931 0.0004
8.8950 8.8921 8.8931 0.0004
8.8950 8.8921 8.8931 0.0004
8.8950 8.8921 8.8931 0.0004
8.8950 8.8921 8.8931 0.0004
8.8950 8.8921 8.8931 0.0004
8.8950 8.8921 8.8931 0.0004
8.8950 8.8921 8.8931 0.0004
8.8950 8.8921 8.8931 0.0004
8.8950 8.8921 8.8931 0.0004
8.8950 8.8921 8.8931 0.0004
8.8950 8.8921 8.8931 0.0004
8.8950 8.8921 8.8931 0.0004
8.8950 8.8921 8.8931 0.0004
8.8950 8.8921 8.8931 0.0004
8.8950 8.8921 8.8931 0.0004
8.8950 8.8921 8.8931 0.0004
8.8950 8.8921 8.8931 0.0004
8.8950 8.8921 8.8931 0.0004
8.8950 8.8921 8.8931 0.0004
8.8950 8.8921 8.8931 0.0004
8.8950 8.8921 8.8931 0.0004
8.8950 8.8921 8.8931 0.0004
8.8950 8.8921 8.8931 0.0004
8.8950 8.8921 8.8931 0.0004
8.8950 8.8921 8.8931 0.0005
8.8950 8.8921 8.8931 0.0005
8.8950 8.8921 8.8931 0.0005
8.8950 8.8921 8.8931 0.0005
8.8950 8.8921 8.8931 0.0005
8.8950 8.8921 8.8931 0.0005
8.8950 8.8921 8.8931 0.0005
8.8950 8.8921 8.8931 0.0005
8.8950 8.8921 8.8931 0.0005
8.8950 8.8921 8.8931 0.0005
8.8950 8.8921 8.8931 0.0005
8.8950 8.8921 8.8931 0.0005
8.8950 8.8921 8.8931 0.0005
8.8950 8.8921 8.8931 0.0005
8.8950 8.8921 8.8931 0.0005
8.8950 8.8921 8.8931 0.0005
8.8950 8.8921 8.8931 0.0005
8.8950 8.8921 8.8931 0.0005
8.8950 8.8921 8.8931 0.0005
8.8950 8.8921 8.8931 0.0005
8.8950 8.8921 8.8931 0.0005
8.8950 8.8921 8.8931 0.0005
8.8950 8.8921 8.8931 0.0005
8.8950 8.8921 8.8931 0.0005
8.8950 8.8921 8.8931 0.0005
8.8950 8.8921 8.8931 0.0005
8.8950 8.8921 8.8931 0.0005
8.8950 8.8921 8.8931 0.0005
8.8950 8.8921 8.8931 0.0005
8.8950 8.8921 8.8932 0.0005
8.8950 8.8921 8.8932 0.0005
8.8950 8.8921 8.8932 0.0005
8.8950 8.8921 8.8932 0.0005
8.8950 8.8921 8.8932 0.0005
8.8950 8.8921 8.8932 0.0005
8.8950 8.8921 8.8932 0.0005
8.8950 8.8921 8.8932 0.0005
8.8950 8.8921 8.8932 0.0005
8.8950 8.8921 8.8932 0.0005
8.8950 8.8921 8.8932 0.0005
8.8950 8.8921 8.8932 0.0004
8.8950 8.8921 8.8932 0.0004
8.8950 8.8921 8.8932 0.0004
8.8950 8.8921 8.8932 0.0004
8.8950 8.8921 8.8932 0.0004
8.8950 8.8921 8.8932 0.0004
8.8950 8.8921 8.8932 0.0004
8.8950 8.8921 8.8932 0.0004
8.8950 8.8921 8.8932 0.0004
8.8950 8.8921 8.8932 0.0004
8.8950 8.8921 8.8932 0.0004
8.8950 8.8921 8.8932 0.0004
8.8950 8.8921 8.8932 0.0004
8.8950 8.8921 8.8932 0.0004
8.8950 8.8921 8.8932 0.0004
