0.3076 0.0050 0.0333 0.0580
1.1014 0.0050 0.0526 0.1589
1.1014 0.0050 0.0533 0.1589
1.1014 0.0050 0.0552 0.1595
1.1014 0.0050 0.0601 0.1654
1.1014 0.0050 0.0618 0.1657
1.1014 0.0050 0.0624 0.1656
1.1014 0.0050 0.0631 0.1655
1.1014 0.0050 0.0641 0.1655
1.1014 0.0050 0.0778 0.1895
1.1014 0.0050 0.0865 0.1974
1.1014 0.0050 0.0903 0.2008
1.1014 0.0050 0.0932 0.2017
1.1014 0.0050 0.0953 0.2019
1.1014 0.0050 0.0963 0.2017
1.1014 0.0050 0.0972 0.2015
1.1014 0.0050 0.0977 0.2013
1.1014 0.0050 0.0977 0.2013
1.1014 0.0050 0.0989 0.2041
1.1014 0.0050 0.1032 0.2079
1.1014 0.0050 0.1110 0.2185
1.2064 0.0050 0.1229 0.2439
1.2064 0.0050 0.1266 0.2449
1.2064 0.0050 0.1464 0.2808
1.2064 0.0050 0.1493 0.2809
1.2064 0.0050 0.1611 0.2909
1.2064 0.0050 0.1617 0.2906
1.2064 0.0050 0.1664 0.2919
1.2064 0.0050 0.1681 0.2915
1.2078 0.0050 0.1801 0.3088
1.2078 0.0071 0.1870 0.3119
1.2078 0.0071 0.1985 0.3260
1.2078 0.0071 0.2037 0.3262
1.2078 0.0071 0.2175 0.3389
1.2078 0.0071 0.2261 0.3505
1.2078 0.0071 0.2262 0.3505
1.2078 0.0071 0.2404 0.3672
1.2078 0.0071 0.2469 0.3660
1.2078 0.0071 0.2476 0.3656
1.2078 0.0071 0.2522 0.3655
1.2078 0.0071 0.2628 0.3756
1.2078 0.0071 0.2745 0.3864
1.2078 0.0071 0.2788 0.3848
1.2078 0.0071 0.2806 0.3839
1.2078 0.0071 0.2822 0.3835
1.5894 0.0071 0.3010 0.4146
1.5894 0.0071 0.3010 0.4146
1.5894 0.0071 0.3010 0.4146
1.5894 0.0071 0.3039 0.4136
1.5894 0.0071 0.3141 0.4281
1.5894 0.0071 0.3164 0.4275
1.5894 0.0071 0.3204 0.4270
1.5894 0.0071 0.3283 0.4264
1.5894 0.0071 0.3290 0.4261
1.5894 0.0071 0.3352 0.4236
1.5894 0.0071 0.3359 0.4233
1.5894 0.0071 0.3420 0.4367
1.5894 0.0071 0.3572 0.4531
1.5894 0.0071 0.3647 0.4585
1.5894 0.0071 0.3658 0.4578
1.5894 0.0071 0.3662 0.4575
1.5894 0.0071 0.3836 0.4746
1.5894 0.0071 0.3875 0.4725
1.5894 0.0071 0.3938 0.4724
1.5894 0.0071 0.3942 0.4721
1.5894 0.0071 0.4005 0.4711
1.5894 0.0071 0.4121 0.4729
1.5894 0.0071 0.4121 0.4729
1.5894 0.0071 0.4182 0.4791
1.5894 0.0071 0.4191 0.4794
1.5894 0.0071 0.4233 0.4776
1.5894 0.0071 0.4342 0.4805
1.5894 0.0071 0.4424 0.4852
1.5894 0.0071 0.4565 0.4929
1.5894 0.0071 0.4596 0.4918
1.5894 0.0071 0.4596 0.4918
1.5894 0.0071 0.4856 0.5146
1.5894 0.0071 0.4991 0.5250
1.8159 0.0071 0.5065 0.5363
1.8159 0.0071 0.5114 0.5340
1.8159 0.0071 0.5114 0.5340
1.8159 0.0071 0.5234 0.5361
1.8159 0.0071 0.5316 0.5460
1.8159 0.0071 0.5386 0.5501
1.8159 0.0071 0.5478 0.5537
1.8159 0.0071 0.5529 0.5510
1.8159 0.0071 0.5556 0.5510
1.8159 0.0071 0.5628 0.5526
1.8159 0.0071 0.5661 0.5550
1.8159 0.0071 0.5667 0.5545
1.8159 0.0071 0.5667 0.5545
1.8159 0.0071 0.5667 0.5545
1.8159 0.0071 0.5767 0.5552
1.8159 0.0071 0.5902 0.5632
1.8159 0.0071 0.5998 0.5686
1.8159 0.0071 0.6103 0.5717
1.8159 0.0071 0.6174 0.5686
1.8159 0.0071 0.6177 0.5692
1.8159 0.0071 0.6207 0.5674
1.8159 0.0071 0.6282 0.5748
1.8159 0.0071 0.6374 0.5705
1.8159 0.0071 0.6437 0.5722
1.8159 0.0071 0.6486 0.5759
1.8159 0.0071 0.6540 0.5786
1.8159 0.0071 0.6595 0.5763
1.8159 0.0071 0.6630 0.5730
1.8159 0.0071 0.6643 0.5716
1.8159 0.0071 0.6763 0.5703
1.8159 0.0071 0.6811 0.5714
1.8159 0.0071 0.6848 0.5701
1.8159 0.0071 0.6891 0.5666
1.8159 0.0071 0.6891 0.5666
1.8159 0.0071 0.6989 0.5736
2.1417 0.0071 0.7192 0.5882
2.1417 0.0071 0.7198 0.5875
2.1417 0.0071 0.7238 0.5844
2.1417 0.0071 0.7316 0.5866
2.1417 0.0071 0.7318 0.5864
2.1417 0.0071 0.7502 0.5942
2.1417 0.0071 0.7502 0.5942
2.1417 0.0071 0.7582 0.5903
2.1417 0.0071 0.7582 0.5904
2.1417 0.0071 0.7682 0.5826
2.1417 0.0071 0.7801 0.5837
2.1417 0.0071 0.7910 0.5886
2.1417 0.0071 0.8060 0.5897
2.1417 0.0071 0.8067 0.5901
2.1417 0.0071 0.8159 0.5893
2.1417 0.0071 0.8158 0.5892
2.1417 0.0071 0.8158 0.5892
2.1417 0.0071 0.8273 0.5858
2.1417 0.0071 0.8273 0.5858
2.1417 0.0071 0.8387 0.5821
2.1417 0.0071 0.8388 0.5820
2.1417 0.0071 0.8388 0.5820
2.1417 0.0071 0.8396 0.5824
2.1417 0.0071 0.8396 0.5824
2.1417 0.0100 0.8429 0.5787
2.1417 0.0100 0.8549 0.5714
2.1417 0.0100 0.8572 0.5684
2.1417 0.0100 0.8584 0.5691
2.1417 0.0100 0.8622 0.5728
2.1417 0.0100 0.8700 0.5664
2.1417 0.0100 0.8774 0.5655
2.1417 0.0100 0.8774 0.5655
2.1417 0.0100 0.8832 0.5600
2.1417 0.0100 0.8833 0.5600
2.1417 0.0100 0.8833 0.5600
2.1417 0.0100 0.8952 0.5539
2.1417 0.0100 0.9069 0.5474
2.1417 0.0100 0.9092 0.5444
2.1417 0.0100 0.9205 0.5388
2.1417 0.0100 0.9328 0.5417
2.1417 0.0100 0.9419 0.5501
2.1417 0.0100 0.9504 0.5472
2.1417 0.0100 0.9507 0.5474
2.1417 0.0100 0.9638 0.5403
2.1417 0.0100 0.9637 0.5403
2.1417 0.0100 0.9645 0.5406
2.1417 0.0100 0.9644 0.5406
2.1417 0.0100 0.9700 0.5335
2.1417 0.0100 0.9717 0.5343
2.1417 0.0100 0.9717 0.5343
2.1417 0.0100 0.9751 0.5311
2.1417 0.0100 0.9886 0.5250
2.1417 0.0100 0.9943 0.5242
2.1417 0.0100 0.9946 0.5243
2.1417 0.0100 0.9988 0.5182
2.1417 0.0100 0.9988 0.5181
2.1417 0.0100 0.9988 0.5181
2.1417 0.0100 1.0054 0.5174
2.1417 0.0100 1.0141 0.5119
2.2197 0.0100 1.0249 0.5272
2.2197 0.0100 1.0257 0.5281
2.2197 0.0100 1.0295 0.5314
2.2197 0.0100 1.0331 0.5309
2.2197 0.0100 1.0423 0.5260
2.2197 0.0100 1.0494 0.5317
2.2197 0.0100 1.0496 0.5317
2.2197 0.0100 1.0655 0.5261
2.2197 0.0100 1.0821 0.5186
2.2197 0.0100 1.0906 0.5156
2.2197 0.0100 1.0907 0.5155
2.2197 0.0100 1.0907 0.5155
2.2197 0.0100 1.0907 0.5155
2.2197 0.0100 1.1032 0.5216
2.2197 0.0100 1.1032 0.5216
2.2197 0.0100 1.1041 0.5208
2.2197 0.0100 1.1042 0.5207
2.2197 0.0100 1.1161 0.5187
2.2197 0.0100 1.1182 0.5187
2.2197 0.0100 1.1201 0.5167
2.2197 0.0100 1.1201 0.5167
2.2197 0.0100 1.1238 0.5188
2.2197 0.0100 1.1282 0.5151
2.2197 0.0100 1.1282 0.5150
2.2197 0.0100 1.1323 0.5172
2.2197 0.0100 1.1369 0.5190
2.2197 0.0100 1.1415 0.5216
2.2197 0.0100 1.1423 0.5224
2.2197 0.0100 1.1536 0.5113
2.2197 0.0100 1.1665 0.5057
2.2197 0.0100 1.1691 0.5079
2.2197 0.0100 1.1804 0.4943
2.2197 0.0100 1.1806 0.4943
2.2197 0.0100 1.1893 0.4853
2.2197 0.0100 1.1941 0.4904
2.3199 0.0100 1.2119 0.5113
2.3199 0.0100 1.2119 0.5113
2.3199 0.0100 1.2181 0.5197
2.3199 0.0100 1.2240 0.5160
2.3199 0.0100 1.2240 0.5160
2.3199 0.0100 1.2239 0.5160
2.3199 0.0100 1.2266 0.5163
2.3199 0.0100 1.2344 0.5101
2.3199 0.0100 1.2467 0.5060
2.3199 0.0100 1.2567 0.5044
2.3199 0.0100 1.2568 0.5043
2.3199 0.0100 1.2673 0.4890
2.3199 0.0100 1.2798 0.4810
2.3199 0.0100 1.2874 0.4810
2.3199 0.0100 1.2940 0.4833
2.3199 0.0100 1.2940 0.4834
2.3199 0.0100 1.3019 0.4868
2.3199 0.0100 1.3065 0.4881
2.3199 0.0100 1.3065 0.4881
2.3199 0.0100 1.3068 0.4883
2.3199 0.0100 1.3068 0.4883
2.3199 0.0100 1.3111 0.4944
2.3199 0.0100 1.3180 0.4986
2.3199 0.0100 1.3182 0.4988
2.3199 0.0100 1.3268 0.5028
2.3199 0.0100 1.3269 0.5028
2.3199 0.0100 1.3332 0.5099
2.3199 0.0100 1.3500 0.4935
2.3199 0.0100 1.3500 0.4935
2.3199 0.0100 1.3501 0.4934
2.3199 0.0100 1.3583 0.4980
2.3199 0.0100 1.3626 0.4982
2.3199 0.0100 1.3668 0.4997
2.3199 0.0100 1.3690 0.5015
2.3199 0.0100 1.3702 0.5013
2.3199 0.0100 1.3775 0.5042
2.3199 0.0100 1.4036 0.4993
2.3199 0.0100 1.4082 0.5030
2.3199 0.0100 1.4080 0.5027
2.3199 0.0100 1.4081 0.5027
2.3199 0.0100 1.4102 0.5044
2.3199 0.0100 1.4120 0.5070
2.3199 0.0100 1.4227 0.5129
2.3199 0.0100 1.4319 0.4962
2.3199 0.0100 1.4344 0.4956
2.3199 0.0100 1.4364 0.4953
2.3199 0.0100 1.4390 0.4940
2.3199 0.2576 1.4589 0.4757
2.3199 0.2576 1.4666 0.4777
2.3199 0.2576 1.4735 0.4761
2.3199 0.2576 1.4839 0.4809
2.3199 0.2576 1.4839 0.4809
2.3199 0.2576 1.4845 0.4804
2.3199 0.2576 1.4869 0.4807
2.3199 0.2576 1.4874 0.4804
2.3199 0.2576 1.4895 0.4817
2.3199 0.2576 1.4976 0.4868
2.3199 0.2576 1.4977 0.4868
2.3199 0.2576 1.5037 0.4800
2.3199 0.2576 1.5037 0.4800
2.3199 0.2576 1.5037 0.4801
2.3199 0.2576 1.5039 0.4802
2.3199 0.2576 1.5104 0.4735
2.3199 0.2576 1.5213 0.4771
2.3199 0.2576 1.5265 0.4773
2.3199 0.2576 1.5314 0.4765
2.3199 0.2576 1.5422 0.4794
2.3199 0.2576 1.5580 0.4754
2.3199 0.2576 1.5714 0.4691
2.3199 0.2576 1.5771 0.4707
2.3199 0.2965 1.5781 0.4687
2.3199 0.2965 1.5882 0.4716
2.3199 0.2965 1.5985 0.4761
2.3705 0.2965 1.6061 0.4822
2.3705 0.2965 1.6065 0.4824
2.3705 0.2965 1.6065 0.4823
2.3705 0.2965 1.6063 0.4824
2.3705 0.2965 1.6066 0.4823
2.3705 0.2965 1.6192 0.4677
2.3705 0.2965 1.6190 0.4676
2.6808 0.2965 1.6348 0.4768
2.6808 0.2965 1.6447 0.4715
2.6808 0.2965 1.6448 0.4716
2.6808 0.2965 1.6450 0.4716
2.6808 0.2965 1.6524 0.4698
2.6808 0.2965 1.6547 0.4722
2.6808 0.2965 1.6555 0.4723
2.6808 0.2965 1.6626 0.4746
2.6808 0.2965 1.6625 0.4746
2.6808 0.2965 1.6653 0.4769
2.6808 0.2965 1.6653 0.4769
2.6808 0.2965 1.6697 0.4746
2.6808 0.3294 1.6854 0.4544
2.6808 0.3294 1.6852 0.4542
2.6808 0.3294 1.6886 0.4513
2.6808 0.3294 1.6986 0.4519
2.6808 0.3294 1.6986 0.4519
2.6808 0.3294 1.7026 0.4531
2.6808 0.3294 1.7051 0.4542
2.6808 0.3294 1.7152 0.4537
2.6808 0.3294 1.7152 0.4537
2.6808 0.3294 1.7159 0.4539
2.6828 0.3294 1.7157 0.4539
2.6828 0.3294 1.7239 0.4514
2.6828 0.3294 1.7237 0.4514
2.6828 0.3294 1.7258 0.4478
2.6828 0.3294 1.7256 0.4478
2.6828 0.3294 1.7390 0.4406
2.6828 0.3294 1.7388 0.4406
2.6828 0.3294 1.7452 0.4434
2.6828 0.3294 1.7521 0.4470
2.6828 0.3294 1.7577 0.4492
2.6828 0.3294 1.7583 0.4482
2.6828 0.3294 1.7621 0.4481
2.6828 0.3294 1.7713 0.4471
2.6828 0.3294 1.7704 0.4468
2.6828 0.3294 1.7737 0.4433
2.6828 0.3294 1.7844 0.4422
2.6828 0.3294 1.7875 0.4425
2.6828 0.3294 1.7886 0.4422
2.6828 0.3294 1.7884 0.4422
2.6828 0.3294 1.7907 0.4416
2.6828 0.3294 1.7913 0.4420
2.6828 0.3294 1.7913 0.4420
2.6828 0.6045 1.8002 0.4211
2.6828 0.6045 1.8034 0.4148
2.6828 0.6045 1.8054 0.4159
2.6828 0.6045 1.8093 0.4084
2.6828 0.6045 1.8124 0.4103
2.6828 0.6045 1.8170 0.4079
2.6828 0.6045 1.8192 0.4097
2.6828 0.6045 1.8288 0.4066
2.6828 0.6045 1.8311 0.4062
2.6828 0.6045 1.8347 0.4092
2.6828 0.6045 1.8355 0.4090
2.6828 0.6045 1.8381 0.4110
2.6828 0.6045 1.8398 0.4102
2.6828 0.6045 1.8549 0.4127
2.6828 0.6045 1.8549 0.4125
2.6828 0.6045 1.8550 0.4125
2.6828 0.6045 1.8555 0.4127
2.6828 0.6045 1.8626 0.4078
2.6828 0.6045 1.8651 0.4097
2.6828 0.6045 1.8727 0.4132
2.6828 0.6045 1.8838 0.4075
2.6828 0.6045 1.8862 0.4071
2.6833 0.6045 1.8861 0.4073
2.6833 0.6045 1.8925 0.4074
2.6833 0.6045 1.8926 0.4076
2.6833 0.6045 1.9005 0.4091
2.6833 0.6045 1.9006 0.4090
2.6833 0.6045 1.9004 0.4090
2.6833 0.6045 1.9047 0.4058
2.7052 0.6045 1.9051 0.4062
2.7052 0.6045 1.9097 0.4064
2.7052 0.6045 1.9149 0.4070
2.7052 0.6045 1.9204 0.4040
2.7052 0.6045 1.9202 0.4039
2.7052 0.6045 1.9249 0.3985
2.7052 0.6045 1.9297 0.4005
2.7052 0.6045 1.9371 0.3845
2.7052 0.6045 1.9423 0.3847
2.7052 0.6045 1.9425 0.3847
2.7052 0.6045 1.9426 0.3848
2.7052 0.6045 1.9434 0.3856
2.7052 0.6045 1.9447 0.3869
2.7052 0.6045 1.9505 0.3886
2.7052 0.6045 1.9506 0.3883
2.7052 0.6045 1.9505 0.3886
2.7052 0.6045 1.9506 0.3884
2.7052 0.6045 1.9507 0.3882
2.7052 0.6045 1.9509 0.3883
2.7052 0.6045 1.9621 0.3808
2.7052 0.6045 1.9644 0.3819
2.7052 0.6045 1.9719 0.3783
2.7052 0.6045 1.9790 0.3778
2.7052 0.6045 1.9803 0.3788
2.7052 0.6045 1.9813 0.3783
2.7066 0.6045 1.9923 0.3831
2.7066 0.6045 1.9926 0.3833
2.7066 0.6045 1.9927 0.3831
2.7066 0.6045 1.9970 0.3884
2.7066 0.6045 2.0012 0.3883
2.7066 0.6045 2.0018 0.3894
2.7066 0.6045 2.0020 0.3890
2.7066 0.6045 2.0047 0.3896
2.7066 0.6045 2.0047 0.3896
2.7066 0.6045 2.0127 0.3857
2.7066 0.6045 2.0147 0.3856
2.7066 0.6045 2.0147 0.3856
2.7066 0.6045 2.0256 0.3785
2.7066 0.6045 2.0270 0.3787
2.7066 0.6045 2.0270 0.3786
2.7066 0.6045 2.0357 0.3730
2.7066 0.6045 2.0390 0.3728
2.7066 0.6045 2.0443 0.3716
2.7066 0.6045 2.0443 0.3717
2.7066 0.6045 2.0441 0.3721
2.7066 0.6045 2.0492 0.3771
2.7066 0.6045 2.0492 0.3776
2.7066 0.6045 2.0496 0.3776
2.7066 0.6045 2.0498 0.3774
2.7066 0.6045 2.0498 0.3775
2.7066 0.6045 2.0497 0.3777
2.7066 0.6045 2.0529 0.3775
2.7066 0.6045 2.0529 0.3776
2.7066 0.6045 2.0594 0.3751
2.7066 0.6045 2.0722 0.3750
2.7066 0.6045 2.0723 0.3750
2.7066 0.6045 2.0839 0.3659
2.7066 0.6045 2.0864 0.3621
2.7066 0.6045 2.0873 0.3629
2.7066 0.6045 2.0873 0.3630
2.7066 0.6045 2.0976 0.3659
2.7066 0.6045 2.1018 0.3665
2.7066 0.6045 2.1020 0.3662
2.7066 0.6045 2.1019 0.3665
2.7066 0.6045 2.1051 0.3642
2.7066 0.6045 2.1053 0.3639
2.7066 0.6045 2.1053 0.3640
2.7066 0.6045 2.1079 0.3673
2.7066 0.6045 2.1078 0.3677
2.7066 0.6045 2.1079 0.3672
2.7066 0.6045 2.1078 0.3675
2.7066 0.6045 2.1176 0.3558
2.7066 0.6045 2.1223 0.3608
2.7066 0.6045 2.1252 0.3617
2.7066 0.6045 2.1253 0.3615
2.7066 0.6045 2.1252 0.3617
2.7066 0.6045 2.1355 0.3634
2.7066 0.6045 2.1356 0.3633
2.7066 0.6045 2.1398 0.3676
2.7066 0.6045 2.1439 0.3662
2.7066 0.6045 2.1502 0.3620
2.7066 0.6045 2.1527 0.3616
2.7066 0.6045 2.1549 0.3619
2.7066 0.6045 2.1551 0.3616
2.7066 0.6045 2.1551 0.3616
2.7066 0.6045 2.1584 0.3608
2.7066 0.6045 2.1628 0.3592
2.7066 0.6045 2.1636 0.3590
2.7066 0.6045 2.1659 0.3586
2.7066 0.6045 2.1661 0.3586
2.7066 0.6045 2.1661 0.3586
2.7066 0.6045 2.1683 0.3603
2.7066 0.6045 2.1682 0.3607
2.7066 0.6045 2.1694 0.3606
2.7066 0.6045 2.1694 0.3606
2.7066 0.6045 2.1810 0.3362
2.7066 0.6045 2.1809 0.3366
2.7066 0.6045 2.1820 0.3369
2.7066 0.6045 2.1822 0.3365
2.7066 0.6045 2.1821 0.3368
2.7066 0.6045 2.1820 0.3371
2.7066 0.6045 2.1822 0.3365
2.7066 0.6045 2.1854 0.3357
2.7066 1.1483 2.1991 0.2966
2.7066 1.1423 2.2043 0.3007
2.7066 1.1483 2.2043 0.3005
2.7066 1.1483 2.2043 0.3005
2.7066 1.1404 2.2105 0.2961
2.7066 1.1483 2.2112 0.2958
2.7066 1.1404 2.2150 0.2849
2.7066 1.1483 2.2253 0.2838
2.7066 1.1483 2.2253 0.2838
2.7066 1.1483 2.2253 0.2838
2.7066 1.1463 2.2253 0.2839
2.7066 1.1483 2.2253 0.2838
2.7066 1.1277 2.2313 0.2883
2.7066 1.1296 2.2322 0.2883
2.7066 1.1483 2.2325 0.2876
2.7066 1.1423 2.2324 0.2879
2.7066 1.1483 2.2325 0.2876
2.7066 1.1483 2.2327 0.2876
2.7066 1.1483 2.2336 0.2877
2.7066 1.1483 2.2343 0.2878
2.7066 1.1483 2.2344 0.2876
2.7066 1.1483 2.2412 0.2907
2.7066 1.1483 2.2445 0.2906
2.7066 1.1463 2.2445 0.2906
2.7066 1.1356 2.2444 0.2910
2.7066 1.1483 2.2492 0.2942
2.7066 1.1483 2.2492 0.2942
2.7066 1.1483 2.2626 0.2767
2.7066 1.1423 2.2648 0.2775
2.7066 1.1356 2.2685 0.2811
2.7066 1.1356 2.2685 0.2811
2.7395 1.1423 2.2738 0.2852
2.7395 1.1483 2.2738 0.2850
2.7395 1.1483 2.2738 0.2850
2.7395 1.1423 2.2745 0.2852
2.7395 1.1423 2.2777 0.2827
2.7395 1.1423 2.2816 0.2859
2.7395 1.1404 2.2837 0.2823
2.7395 1.1483 2.2838 0.2820
2.7395 1.1336 2.2846 0.2830
2.7395 1.1483 2.2848 0.2824
2.7395 1.1483 2.2911 0.2737
2.7395 1.1463 2.2919 0.2738
2.7395 1.1483 2.2941 0.2735
2.7395 1.1296 2.2941 0.2743
2.7395 1.1463 2.2943 0.2736
2.7395 1.1483 2.2943 0.2735
2.7395 1.1483 2.2943 0.2735
2.7395 1.1463 2.2962 0.2737
2.7395 1.1483 2.2962 0.2736
2.7395 1.1356 2.3014 0.2677
2.7395 1.1356 2.3063 0.2706
2.7395 1.6689 2.3119 0.2513
2.7395 1.6689 2.3119 0.2513
2.7395 1.6689 2.3119 0.2513
2.7395 1.6689 2.3119 0.2513
2.7395 1.6689 2.3192 0.2521
2.7395 1.6689 2.3225 0.2549
2.7395 1.6689 2.3225 0.2549
2.7395 1.6689 2.3225 0.2549
2.7395 1.6689 2.3264 0.2578
2.7395 1.6689 2.3265 0.2577
2.7395 1.6990 2.3369 0.2519
2.7395 1.6990 2.3384 0.2518
2.7395 1.6990 2.3412 0.2527
2.7395 1.6990 2.3431 0.2525
2.7395 1.6990 2.3431 0.2525
2.7395 1.6990 2.3431 0.2525
2.7395 1.6990 2.3442 0.2526
2.7395 1.6990 2.3442 0.2526
2.7395 1.6990 2.3468 0.2550
2.7395 1.6990 2.3468 0.2550
2.7395 1.6990 2.3476 0.2548
2.7395 1.6990 2.3526 0.2569
2.7395 1.6990 2.3548 0.2567
2.7395 1.6990 2.3571 0.2565
2.7931 1.6990 2.3628 0.2597
2.7931 1.6990 2.3628 0.2597
2.7931 1.6990 2.3637 0.2595
2.7931 1.6990 2.3654 0.2591
2.7931 1.6990 2.3663 0.2586
2.7931 1.6990 2.3671 0.2583
2.7931 1.6990 2.3671 0.2583
2.7931 1.6990 2.3695 0.2601
2.7931 1.6990 2.3709 0.2597
2.7931 1.6990 2.3756 0.2615
2.7931 1.6990 2.3763 0.2611
2.7931 1.6990 2.3763 0.2611
2.7931 1.6990 2.3812 0.2627
2.7931 1.6990 2.3851 0.2646
2.7931 1.6990 2.3854 0.2647
2.7931 1.6990 2.3854 0.2647
2.7931 1.6990 2.3873 0.2652
2.7931 1.6990 2.3880 0.2648
2.7931 1.6990 2.3880 0.2648
2.7931 1.7000 2.3981 0.2575
2.7931 1.7000 2.3995 0.2568
2.7931 1.7000 2.3996 0.2569
2.7931 1.7000 2.3996 0.2569
2.7931 1.7000 2.4028 0.2569
2.7931 1.7000 2.4029 0.2569
2.7931 1.7000 2.4038 0.2556
2.7931 1.7000 2.4038 0.2556
2.7931 1.7000 2.4038 0.2556
2.7931 1.7000 2.4064 0.2558
2.7931 1.7000 2.4096 0.2573
2.7931 1.7000 2.4119 0.2566
2.7931 1.7000 2.4119 0.2566
2.7931 1.7000 2.4119 0.2566
2.7931 1.7000 2.4121 0.2568
2.7931 1.7000 2.4134 0.2559
2.7931 1.7000 2.4146 0.2557
2.7931 1.7000 2.4146 0.2557
2.7931 1.7000 2.4188 0.2571
2.7931 1.7000 2.4188 0.2571
2.7931 1.7000 2.4188 0.2571
2.7931 1.7000 2.4243 0.2507
2.7931 1.7000 2.4243 0.2507
2.7931 1.7000 2.4243 0.2507
2.7931 1.7000 2.4260 0.2500
2.7931 1.7000 2.4260 0.2500
2.7931 1.7000 2.4309 0.2507
2.7931 1.7000 2.4309 0.2507
2.7931 1.7000 2.4309 0.2507
2.7931 1.7000 2.4322 0.2504
2.7931 1.7000 2.4371 0.2510
2.7931 1.7000 2.4371 0.2510
2.7931 1.7000 2.4371 0.2510
2.7931 1.7000 2.4371 0.2510
2.7931 1.7000 2.4371 0.2510
2.7931 1.7000 2.4371 0.2510
2.7931 1.7000 2.4371 0.2510
2.7931 1.7000 2.4371 0.2510
2.7931 1.7000 2.4375 0.2514
2.7931 1.7000 2.4375 0.2514
2.7931 1.7000 2.4410 0.2511
2.7931 1.7000 2.4410 0.2511
2.7931 1.7000 2.4410 0.2511
2.7931 1.7000 2.4427 0.2503
2.7931 1.7000 2.4427 0.2503
2.7931 1.7000 2.4427 0.2503
2.7931 1.7000 2.4475 0.2507
2.7931 1.7000 2.4476 0.2507
2.7931 1.7000 2.4476 0.2507
2.7931 1.7000 2.4518 0.2462
2.7931 1.7000 2.4564 0.2467
2.7931 1.7000 2.4571 0.2466
2.7931 1.7000 2.4571 0.2466
2.7931 1.7000 2.4571 0.2466
2.7931 1.7000 2.4571 0.2466
2.7931 1.7000 2.4613 0.2428
2.7931 1.7000 2.4694 0.2375
2.7931 1.7000 2.4694 0.2375
2.7931 1.7000 2.4704 0.2371
2.7931 1.7000 2.4725 0.2330
2.7931 1.7000 2.4736 0.2338
2.7931 1.7000 2.4736 0.2338
2.7931 1.7000 2.4736 0.2338
2.7931 1.7000 2.4736 0.2338
2.7931 1.7000 2.4736 0.2338
2.7931 1.7000 2.4736 0.2338
2.7931 1.7000 2.4829 0.2242
2.7931 1.7000 2.4836 0.2235
2.7931 1.7000 2.4836 0.2235
2.7931 1.7000 2.4866 0.2244
2.7931 1.7000 2.4867 0.2244
2.7931 1.7000 2.4882 0.2254
2.7931 1.7000 2.4882 0.2254
2.7931 1.7000 2.4910 0.2231
2.7931 1.7000 2.4914 0.2228
2.7931 1.7000 2.4918 0.2229
2.7931 1.7000 2.4938 0.2215
2.7931 1.7000 2.4938 0.2215
2.7931 1.7000 2.4938 0.2215
2.7931 1.7000 2.4944 0.2213
2.7931 1.7000 2.4975 0.2221
2.7931 1.7000 2.4975 0.2221
2.7931 1.7000 2.4991 0.2231
2.7931 1.7000 2.5023 0.2237
2.7931 1.7000 2.5038 0.2246
2.7931 1.7000 2.5038 0.2246
2.7931 1.7000 2.5038 0.2246
2.7931 1.7000 2.5038 0.2246
2.7931 1.7000 2.5077 0.2247
2.7931 1.7000 2.5116 0.2248
2.7931 1.7000 2.5138 0.2229
2.7931 1.7000 2.5165 0.2236
2.7931 1.7000 2.5165 0.2236
2.7931 1.7000 2.5191 0.2243
2.7931 1.7000 2.5191 0.2243
2.7931 1.7000 2.5191 0.2243
2.7931 1.7000 2.5196 0.2248
2.7931 1.7000 2.5196 0.2248
2.7931 1.7000 2.5239 0.2245
2.7931 1.7000 2.5239 0.2245
2.7931 1.7000 2.5239 0.2245
2.7931 1.7000 2.5239 0.2245
2.7931 1.7000 2.5276 0.2244
2.7931 1.7000 2.5276 0.2244
2.7931 1.7000 2.5287 0.2243
2.7931 1.7000 2.5291 0.2247
2.7931 1.7000 2.5293 0.2248
2.7931 1.7000 2.5301 0.2239
2.7931 1.7000 2.5301 0.2239
2.7931 1.7000 2.5302 0.2240
2.7931 1.7000 2.5302 0.2240
2.7931 1.7000 2.5382 0.2158
2.7931 1.7000 2.5426 0.2146
2.7931 1.7000 2.5442 0.2128
2.9701 1.7000 2.5492 0.2166
2.9701 1.7000 2.5546 0.2071
2.9701 1.7000 2.5564 0.2092
2.9701 1.7000 2.5589 0.2123
2.9701 1.7000 2.5589 0.2123
2.9701 1.7000 2.5589 0.2123
2.9701 1.7000 2.5589 0.2123
2.9701 1.7000 2.5615 0.2126
2.9701 1.7000 2.5623 0.2133
2.9701 1.7000 2.5623 0.2133
2.9701 1.7000 2.5623 0.2133
2.9701 1.7000 2.5623 0.2133
2.9701 1.7000 2.5657 0.2105
2.9701 1.7000 2.5657 0.2105
2.9701 1.7000 2.5657 0.2105
2.9701 1.7000 2.5691 0.2100
2.9701 1.7000 2.5693 0.2097
2.9701 1.7000 2.5726 0.2093
2.9701 1.7000 2.5761 0.2086
2.9701 1.7000 2.5810 0.2059
2.9701 1.7000 2.5836 0.2058
2.9701 1.7000 2.5836 0.2058
2.9701 1.7000 2.5877 0.2041
2.9701 1.7000 2.5877 0.2041
2.9701 1.7000 2.5877 0.2041
2.9701 1.7000 2.5938 0.1989
2.9701 1.7000 2.5987 0.1956
2.9701 1.7000 2.6016 0.1950
2.9701 1.7000 2.6016 0.1950
2.9701 1.7000 2.6035 0.1971
2.9701 1.7000 2.6035 0.1971
2.9701 1.7000 2.6076 0.1949
2.9701 1.7000 2.6076 0.1949
2.9701 1.7000 2.6118 0.1925
2.9701 1.7000 2.6118 0.1925
2.9701 1.7000 2.6118 0.1925
2.9701 1.7000 2.6145 0.1920
2.9701 1.7000 2.6199 0.1868
2.9701 1.7000 2.6225 0.1861
2.9701 1.7000 2.6225 0.1861
2.9701 1.7000 2.6267 0.1833
2.9701 1.7000 2.6282 0.1834
2.9701 1.7000 2.6319 0.1833
2.9701 1.7000 2.6319 0.1833
2.9701 1.7000 2.6335 0.1833
2.9701 1.7000 2.6335 0.1833
2.9701 1.7000 2.6335 0.1833
2.9701 1.7000 2.6335 0.1833
2.9701 1.7000 2.6365 0.1820
2.9701 1.7000 2.6373 0.1825
2.9701 1.7000 2.6373 0.1825
2.9701 1.7000 2.6373 0.1825
2.9701 1.7000 2.6399 0.1815
2.9701 1.7000 2.6401 0.1816
2.9701 1.7000 2.6401 0.1816
2.9701 1.7000 2.6401 0.1816
2.9701 1.7000 2.6401 0.1816
2.9701 1.7000 2.6427 0.1806
2.9701 1.7000 2.6481 0.1742
2.9701 1.7000 2.6498 0.1730
2.9701 1.7000 2.6518 0.1709
2.9701 2.0791 2.6594 0.1430
2.9701 2.0791 2.6595 0.1430
2.9701 2.0791 2.6595 0.1430
2.9701 2.0791 2.6595 0.1430
2.9701 2.0791 2.6595 0.1430
2.9701 2.0791 2.6595 0.1430
2.9701 2.0791 2.6595 0.1430
2.9701 2.0791 2.6621 0.1415
2.9701 2.0791 2.6621 0.1415
2.9701 2.0791 2.6621 0.1415
2.9701 2.0791 2.6621 0.1415
2.9701 2.0791 2.6621 0.1415
2.9701 2.0791 2.6621 0.1415
2.9701 2.0791 2.6621 0.1415
2.9701 2.0791 2.6629 0.1419
2.9701 2.0791 2.6661 0.1396
2.9701 2.0791 2.6674 0.1414
2.9701 2.0791 2.6674 0.1414
2.9701 2.0791 2.6676 0.1414
2.9701 2.0791 2.6684 0.1417
2.9701 2.0791 2.6685 0.1417
2.9701 2.0791 2.6685 0.1417
2.9701 2.0791 2.6687 0.1418
2.9701 2.0791 2.6688 0.1418
2.9701 2.0791 2.6714 0.1400
2.9701 2.0791 2.6744 0.1375
2.9701 2.0791 2.6744 0.1375
2.9701 2.0791 2.6770 0.1399
2.9701 2.0791 2.6797 0.1381
2.9701 2.0791 2.6797 0.1381
2.9701 2.0791 2.6836 0.1334
2.9701 2.0791 2.6864 0.1306
2.9701 2.0791 2.6872 0.1310
2.9713 2.0791 2.6876 0.1312
2.9713 2.0791 2.6876 0.1312
2.9713 2.0791 2.6923 0.1309
2.9713 2.0791 2.6923 0.1309
2.9713 2.0791 2.6923 0.1309
2.9713 2.0791 2.6923 0.1309
2.9713 2.0791 2.6937 0.1303
2.9713 2.0791 2.6937 0.1303
2.9713 2.0791 2.6937 0.1303
2.9713 2.0791 2.6937 0.1303
2.9713 2.0791 2.6937 0.1303
2.9713 2.0791 2.6937 0.1303
2.9713 2.0791 2.6965 0.1283
2.9713 2.0791 2.6965 0.1283
2.9713 2.0791 2.6965 0.1283
2.9713 2.0791 2.6965 0.1283
2.9713 2.0791 2.6965 0.1283
2.9713 2.0791 2.6965 0.1283
2.9713 2.0791 2.6965 0.1283
2.9713 2.0791 2.6965 0.1283
2.9713 2.0791 2.6967 0.1283
2.9713 2.0791 2.6967 0.1283
2.9713 2.0791 2.6967 0.1283
2.9713 2.0791 2.6967 0.1283
2.9713 2.0791 2.6967 0.1283
2.9713 2.0791 2.6986 0.1298
2.9713 2.0791 2.6986 0.1298
2.9713 2.0791 2.6986 0.1298
2.9713 2.0791 2.6986 0.1298
2.9713 2.0791 2.6986 0.1298
2.9713 2.0791 2.6986 0.1298
2.9713 2.0791 2.6987 0.1299
2.9713 2.0791 2.7023 0.1243
2.9713 2.0791 2.7036 0.1259
2.9713 2.0791 2.7046 0.1263
2.9713 2.0791 2.7052 0.1264
2.9713 2.0791 2.7077 0.1289
2.9713 2.0791 2.7104 0.1262
2.9713 2.0791 2.7125 0.1281
2.9713 2.0791 2.7125 0.1281
2.9713 2.0791 2.7128 0.1281
2.9713 2.0791 2.7139 0.1276
2.9713 2.0791 2.7144 0.1276
2.9713 2.0791 2.7144 0.1276
2.9713 2.0791 2.7144 0.1276
2.9713 2.0791 2.7159 0.1266
2.9713 2.0791 2.7159 0.1266
2.9713 2.0791 2.7181 0.1283
2.9713 2.0791 2.7183 0.1284
2.9713 2.0791 2.7183 0.1284
2.9713 2.0791 2.7187 0.1284
2.9713 2.0791 2.7187 0.1284
2.9713 2.0791 2.7202 0.1301
2.9713 2.0791 2.7202 0.1301
2.9713 2.0791 2.7202 0.1301
2.9713 2.0791 2.7202 0.1301
2.9721 2.0791 2.7227 0.1325
2.9721 2.0791 2.7229 0.1325
2.9721 2.0791 2.7231 0.1325
2.9721 2.0791 2.7231 0.1325
2.9721 2.0791 2.7231 0.1325
2.9721 2.0791 2.7246 0.1339
2.9721 2.0791 2.7246 0.1339
2.9721 2.2291 2.7312 0.1171
2.9721 2.2291 2.7313 0.1171
2.9721 2.2291 2.7313 0.1171
2.9721 2.2291 2.7323 0.1163
2.9721 2.2291 2.7323 0.1163
2.9721 2.2291 2.7323 0.1163
2.9721 2.2291 2.7330 0.1162
2.9721 2.2291 2.7334 0.1162
2.9721 2.2291 2.7334 0.1162
2.9721 2.2291 2.7334 0.1162
2.9721 2.2291 2.7334 0.1162
2.9721 2.2291 2.7334 0.1162
2.9721 2.2291 2.7356 0.1179
2.9721 2.2291 2.7359 0.1179
2.9721 2.2291 2.7359 0.1179
2.9721 2.2291 2.7378 0.1196
2.9721 2.2291 2.7378 0.1196
2.9721 2.2291 2.7391 0.1212
2.9721 2.2291 2.7391 0.1212
2.9721 2.2291 2.7391 0.1212
2.9721 2.2291 2.7391 0.1212
2.9721 2.2291 2.7391 0.1212
2.9721 2.2291 2.7391 0.1212
2.9721 2.2291 2.7452 0.1150
2.9721 2.2291 2.7452 0.1150
2.9721 2.2291 2.7477 0.1168
2.9721 2.2291 2.7480 0.1167
2.9721 2.2291 2.7480 0.1167
2.9721 2.2291 2.7484 0.1167
2.9721 2.2291 2.7484 0.1167
2.9721 2.2291 2.7509 0.1131
2.9721 2.2291 2.7511 0.1135
2.9721 2.2291 2.7511 0.1135
2.9721 2.2291 2.7530 0.1118
2.9721 2.2291 2.7532 0.1121
2.9721 2.2291 2.7548 0.1132
2.9721 2.2291 2.7548 0.1132
2.9721 2.2291 2.7569 0.1143
2.9721 2.2291 2.7569 0.1143
2.9721 2.2291 2.7594 0.1162
2.9721 2.2291 2.7597 0.1161
2.9721 2.2291 2.7600 0.1161
2.9721 2.2291 2.7604 0.1160
2.9721 2.2291 2.7604 0.1160
2.9721 2.2291 2.7604 0.1160
2.9721 2.2291 2.7604 0.1160
2.9721 2.2291 2.7604 0.1160
2.9721 2.2291 2.7605 0.1160
2.9721 2.2291 2.7610 0.1158
2.9721 2.2291 2.7615 0.1157
3.0013 2.2291 2.7623 0.1170
3.0013 2.2291 2.7623 0.1170
3.0013 2.2291 2.7623 0.1170
3.0013 2.2291 2.7623 0.1170
3.0013 2.2291 2.7626 0.1169
3.0013 2.2291 2.7626 0.1169
3.0013 2.2291 2.7652 0.1186
3.0013 2.2291 2.7652 0.1186
3.0013 2.2291 2.7655 0.1185
3.0013 2.2291 2.7655 0.1185
3.0013 2.2291 2.7686 0.1130
3.0013 2.2291 2.7706 0.1138
3.0013 2.2291 2.7706 0.1138
3.0013 2.2291 2.7713 0.1136
3.0013 2.2291 2.7713 0.1136
3.0013 2.2291 2.7716 0.1142
3.0013 2.2291 2.7716 0.1142
3.0013 2.2291 2.7716 0.1142
3.0013 2.2291 2.7717 0.1142
3.0013 2.2291 2.7717 0.1142
3.0013 2.2291 2.7718 0.1141
3.0013 2.2291 2.7718 0.1141
3.0013 2.2291 2.7727 0.1139
3.0013 2.2291 2.7727 0.1139
3.0013 2.2291 2.7729 0.1138
3.0013 2.2291 2.7732 0.1137
3.0013 2.2291 2.7733 0.1137
3.0013 2.2291 2.7759 0.1152
3.0013 2.2291 2.7759 0.1152
3.0013 2.2291 2.7762 0.1150
3.0013 2.2291 2.7766 0.1149
3.0013 2.2291 2.7770 0.1148
3.0013 2.2291 2.7770 0.1148
3.0013 2.2291 2.7776 0.1146
3.0013 2.2291 2.7778 0.1145
3.0013 2.2291 2.7778 0.1145
3.0013 2.2291 2.7787 0.1145
3.0013 2.2291 2.7787 0.1145
3.0013 2.2291 2.7812 0.1157
3.0013 2.2291 2.7812 0.1157
3.0013 2.2291 2.7812 0.1157
3.0013 2.5558 2.7860 0.1018
3.0013 2.5558 2.7860 0.1018
3.0199 2.5558 2.7890 0.1042
3.0199 2.5558 2.7916 0.1055
3.0199 2.5558 2.7937 0.1058
3.0199 2.5558 2.7937 0.1058
3.0199 2.5558 2.7937 0.1058
3.0199 2.5558 2.7939 0.1057
3.0199 2.5558 2.7957 0.1058
3.0199 2.5558 2.7958 0.1058
3.0199 2.5558 2.7958 0.1058
3.0199 2.5558 2.7958 0.1058
3.0199 2.5558 2.7983 0.1070
3.0199 2.5558 2.7987 0.1076
3.0199 2.5558 2.7987 0.1076
3.0199 2.5558 2.7987 0.1076
3.0199 2.5558 2.7987 0.1076
3.0199 2.5558 2.7987 0.1076
3.0199 2.5558 2.7987 0.1076
3.0199 2.5558 2.7988 0.1076
3.0199 2.5558 2.7993 0.1072
3.0199 2.5558 2.7993 0.1072
3.0199 2.5558 2.7994 0.1072
3.0199 2.5558 2.7997 0.1069
3.0199 2.5558 2.7997 0.1069
3.0199 2.5558 2.7998 0.1069
3.0199 2.5558 2.8015 0.1076
3.0199 2.5558 2.8015 0.1076
3.0199 2.5558 2.8015 0.1076
3.0199 2.5558 2.8021 0.1085
3.0199 2.5558 2.8021 0.1085
3.0199 2.5558 2.8023 0.1085
3.0199 2.5558 2.8023 0.1085
3.0199 2.5558 2.8047 0.1099
3.0199 2.5558 2.8047 0.1099
3.0388 2.5558 2.8074 0.1123
3.0388 2.5558 2.8074 0.1122
3.0388 2.5558 2.8074 0.1122
3.0388 2.5558 2.8077 0.1125
3.0388 2.5558 2.8079 0.1124
3.0388 2.5558 2.8079 0.1124
3.0388 2.5558 2.8100 0.1129
3.0388 2.5558 2.8100 0.1129
3.0388 2.5558 2.8104 0.1126
3.0388 2.5558 2.8104 0.1126
3.0388 2.5558 2.8125 0.1127
3.0388 2.5558 2.8133 0.1122
3.0388 2.5558 2.8149 0.1130
3.0388 2.5558 2.8152 0.1135
3.0388 2.5558 2.8152 0.1135
3.0388 2.5558 2.8152 0.1135
3.0388 2.5558 2.8155 0.1133
3.0388 2.5558 2.8158 0.1132
3.0388 2.5558 2.8181 0.1133
3.0388 2.5558 2.8181 0.1133
3.0388 2.5558 2.8208 0.1139
3.0388 2.5558 2.8208 0.1139
3.0388 2.5558 2.8249 0.1158
3.0388 2.5558 2.8252 0.1155
3.0388 2.5558 2.8252 0.1155
3.0388 2.5558 2.8277 0.1156
3.0388 2.5558 2.8276 0.1156
3.0388 2.5558 2.8308 0.1165
3.0388 2.5558 2.8308 0.1165
3.0388 2.5558 2.8308 0.1165
3.0388 2.5558 2.8308 0.1165
3.0388 2.5558 2.8308 0.1165
3.0388 2.5558 2.8332 0.1166
3.0388 2.5558 2.8357 0.1165
3.0388 2.5558 2.8371 0.1170
3.0388 2.5558 2.8397 0.1171
3.0388 2.5558 2.8405 0.1163
3.1008 2.5558 2.8414 0.1177
3.1008 2.5558 2.8434 0.1179
3.1008 2.5558 2.8435 0.1179
3.1008 2.5558 2.8439 0.1175
3.1008 2.5558 2.8464 0.1172
3.1008 2.5558 2.8467 0.1170
3.1008 2.5558 2.8467 0.1170
3.1008 2.5558 2.8467 0.1170
3.1008 2.5558 2.8467 0.1170
3.1008 2.5558 2.8467 0.1170
3.1008 2.5558 2.8468 0.1171
3.1008 2.5558 2.8470 0.1174
3.1008 2.7066 2.8489 0.1141
3.1008 2.7066 2.8489 0.1141
3.1008 2.7066 2.8490 0.1143
3.1008 2.7066 2.8492 0.1144
3.1008 2.7066 2.8492 0.1144
3.1008 2.7066 2.8512 0.1143
3.1008 2.7066 2.8532 0.1147
3.1008 2.7066 2.8549 0.1150
3.1008 2.7066 2.8549 0.1150
3.1008 2.7066 2.8549 0.1150
3.1008 2.7066 2.8549 0.1150
3.1008 2.7066 2.8552 0.1153
3.1008 2.7066 2.8552 0.1153
3.1008 2.7066 2.8552 0.1153
3.1008 2.7066 2.8572 0.1151
3.1008 2.7066 2.8572 0.1151
3.1008 2.7066 2.8575 0.1154
3.1008 2.7066 2.8575 0.1154
3.1008 2.7066 2.8575 0.1154
3.1008 2.7066 2.8618 0.1153
3.1008 2.7066 2.8618 0.1153
3.1008 2.7066 2.8643 0.1156
3.1008 2.7066 2.8651 0.1165
3.1008 2.7066 2.8650 0.1165
3.1008 2.7066 2.8650 0.1165
3.1008 2.7066 2.8654 0.1169
3.1008 2.7066 2.8654 0.1169
3.1008 2.7066 2.8675 0.1154
3.1008 2.7066 2.8684 0.1162
3.1008 2.7066 2.8684 0.1162
3.1008 2.7066 2.8689 0.1167
3.1008 2.7066 2.8693 0.1163
3.1008 2.7066 2.8693 0.1163
3.1008 2.7066 2.8693 0.1163
3.1008 2.7066 2.8705 0.1153
3.1008 2.7066 2.8706 0.1153
3.1008 2.7066 2.8718 0.1156
3.1008 2.7066 2.8718 0.1156
3.1008 2.7066 2.8718 0.1156
3.1008 2.7066 2.8718 0.1156
3.1008 2.7066 2.8718 0.1156
3.1008 2.7066 2.8721 0.1159
3.1008 2.7066 2.8721 0.1159
3.1008 2.7066 2.8723 0.1161
3.1008 2.7066 2.8723 0.1161
3.1008 2.7066 2.8746 0.1151
3.1008 2.7066 2.8766 0.1148
3.1008 2.7066 2.8770 0.1143
3.1008 2.7066 2.8770 0.1143
3.1008 2.7066 2.8770 0.1143
3.1008 2.7066 2.8772 0.1144
3.1008 2.7066 2.8775 0.1146
3.1008 2.7066 2.8775 0.1146
3.1008 2.7066 2.8775 0.1146
3.1008 2.7066 2.8797 0.1142
3.1008 2.7066 2.8798 0.1142
3.1008 2.7066 2.8798 0.1142
3.1008 2.7066 2.8798 0.1142
3.1008 2.7066 2.8833 0.1151
3.1008 2.7066 2.8843 0.1144
3.1008 2.7066 2.8870 0.1136
3.1008 2.7066 2.8870 0.1136
3.1008 2.7066 2.8870 0.1136
3.1008 2.7066 2.8870 0.1136
3.1008 2.7066 2.8875 0.1136
3.1008 2.7066 2.8902 0.1128
3.1008 2.7066 2.8902 0.1128
3.1008 2.7066 2.8926 0.1114
3.1008 2.7066 2.8931 0.1118
3.1008 2.7066 2.8931 0.1118
3.1008 2.7066 2.8931 0.1118
3.1008 2.7066 2.8949 0.1102
3.1008 2.7066 2.8949 0.1103
3.1008 2.7066 2.8964 0.1093
3.1008 2.7066 2.8967 0.1095
3.1008 2.7066 2.8967 0.1095
3.1008 2.7066 2.8980 0.1108
3.1008 2.7066 2.8982 0.1111
3.1008 2.7066 2.8982 0.1111
3.1008 2.7066 2.9004 0.1102
3.1008 2.7066 2.9004 0.1102
3.1008 2.7066 2.9010 0.1107
3.1008 2.7066 2.9012 0.1107
3.1008 2.7066 2.9013 0.1108
3.1008 2.7066 2.9023 0.1100
3.1008 2.7066 2.9038 0.1097
3.1008 2.7066 2.9044 0.1100
3.1008 2.7066 2.9049 0.1100
3.1008 2.7066 2.9077 0.1092
3.1008 2.7066 2.9077 0.1092
3.1008 2.7066 2.9077 0.1092
3.1008 2.7066 2.9077 0.1092
3.1008 2.7066 2.9077 0.1092
3.1008 2.7066 2.9077 0.1092
3.1008 2.7066 2.9077 0.1092
3.1008 2.7066 2.9079 0.1093
3.1008 2.7066 2.9079 0.1093
3.1008 2.7066 2.9079 0.1093
3.1008 2.7066 2.9106 0.1077
3.1008 2.7066 2.9107 0.1076
3.1008 2.7066 2.9107 0.1076
3.1008 2.7066 2.9110 0.1077
3.1008 2.7066 2.9110 0.1077
3.1008 2.7066 2.9139 0.1061
3.1008 2.7066 2.9139 0.1061
3.1008 2.7066 2.9139 0.1061
3.1008 2.7066 2.9139 0.1061
3.1008 2.7066 2.9175 0.1062
3.1008 2.7066 2.9175 0.1062
3.1008 2.7066 2.9187 0.1069
3.1008 2.7066 2.9187 0.1069
3.1008 2.7066 2.9196 0.1058
3.1008 2.7066 2.9197 0.1057
3.1008 2.7066 2.9197 0.1057
3.1008 2.7066 2.9203 0.1062
3.1008 2.7066 2.9203 0.1062
3.1008 2.7066 2.9204 0.1063
3.1008 2.7066 2.9204 0.1062
3.1008 2.7066 2.9204 0.1062
3.1008 2.7066 2.9204 0.1062
3.1008 2.7066 2.9214 0.1064
3.1008 2.7066 2.9214 0.1064
3.1008 2.7066 2.9214 0.1064
3.1008 2.7066 2.9236 0.1042
3.1008 2.7066 2.9236 0.1042
3.1008 2.7066 2.9236 0.1042
3.1008 2.7066 2.9236 0.1042
3.1008 2.7066 2.9240 0.1042
3.1008 2.7066 2.9240 0.1042
3.1008 2.7066 2.9240 0.1042
3.1008 2.7066 2.9240 0.1042
3.1008 2.7066 2.9250 0.1048
3.1008 2.7066 2.9269 0.1033
3.1008 2.7066 2.9269 0.1033
3.1008 2.7066 2.9269 0.1033
3.1008 2.7066 2.9275 0.1037
3.1008 2.7066 2.9277 0.1038
3.1008 2.7066 2.9277 0.1038
3.1008 2.7066 2.9302 0.1024
3.1008 2.7066 2.9303 0.1023
3.1008 2.7066 2.9310 0.1028
3.1008 2.7066 2.9318 0.1014
3.1008 2.7066 2.9321 0.1016
3.1008 2.7066 2.9321 0.1016
3.1008 2.7066 2.9330 0.1008
3.1008 2.7066 2.9330 0.1008
3.1008 2.7066 2.9331 0.1009
3.1008 2.7066 2.9332 0.1009
3.1008 2.7066 2.9332 0.1009
3.1008 2.7066 2.9353 0.0995
3.1008 2.7066 2.9358 0.0997
3.1008 2.7066 2.9358 0.0997
3.1008 2.7066 2.9358 0.0997
3.1008 2.7066 2.9358 0.0997
3.1008 2.7066 2.9366 0.1004
3.1008 2.7066 2.9366 0.1004
3.1008 2.7066 2.9366 0.1004
3.1008 2.7066 2.9366 0.1004
3.1008 2.7066 2.9396 0.0984
3.1008 2.7066 2.9408 0.0986
3.1008 2.7066 2.9408 0.0986
3.1008 2.7066 2.9408 0.0986
3.1008 2.7066 2.9408 0.0986
3.1008 2.7066 2.9408 0.0986
3.1008 2.7066 2.9408 0.0986
3.1008 2.7066 2.9423 0.0989
3.1008 2.7066 2.9426 0.0991
3.1008 2.7066 2.9452 0.0983
3.1008 2.7066 2.9459 0.0988
3.1008 2.7066 2.9466 0.0994
3.1008 2.7066 2.9468 0.0995
3.1008 2.7066 2.9471 0.0997
3.1008 2.7066 2.9473 0.0998
3.1008 2.7066 2.9501 0.0982
3.1008 2.7066 2.9501 0.0982
3.1008 2.7066 2.9502 0.0982
3.1008 2.7066 2.9502 0.0982
3.1008 2.7066 2.9504 0.0984
3.1008 2.7066 2.9504 0.0984
3.1008 2.7066 2.9504 0.0984
3.1008 2.7066 2.9515 0.0991
3.1008 2.7066 2.9515 0.0991
3.1008 2.7066 2.9515 0.0991
3.1008 2.7066 2.9515 0.0991
3.1008 2.7066 2.9515 0.0991
3.1008 2.7066 2.9515 0.0991
3.1008 2.7066 2.9515 0.0991
3.1008 2.7089 2.9540 0.0960
3.1008 2.7089 2.9540 0.0960
3.1008 2.7089 2.9540 0.0960
3.1008 2.7089 2.9569 0.0930
3.1008 2.7089 2.9600 0.0910
3.1008 2.7089 2.9600 0.0911
3.1008 2.7089 2.9604 0.0909
3.1008 2.7089 2.9604 0.0909
3.1008 2.7089 2.9604 0.0909
3.1008 2.7089 2.9619 0.0919
3.1008 2.7089 2.9629 0.0923
3.1008 2.7089 2.9629 0.0923
3.1008 2.7089 2.9629 0.0923
3.1008 2.7089 2.9633 0.0924
3.1008 2.7089 2.9635 0.0926
3.1008 2.7089 2.9635 0.0926
3.1008 2.7089 2.9635 0.0925
3.1008 2.7089 2.9635 0.0926
3.1008 2.7089 2.9635 0.0926
3.1008 2.7089 2.9641 0.0928
3.1008 2.7089 2.9641 0.0928
3.1008 2.7089 2.9661 0.0902
3.1008 2.7089 2.9661 0.0902
3.1008 2.7089 2.9661 0.0901
3.1008 2.7089 2.9669 0.0904
3.1008 2.7089 2.9672 0.0905
3.1008 2.7089 2.9680 0.0905
3.1008 2.7089 2.9680 0.0905
3.1008 2.7089 2.9680 0.0905
3.1008 2.7089 2.9683 0.0908
3.1008 2.7089 2.9705 0.0880
3.1008 2.7089 2.9705 0.0881
3.1008 2.7089 2.9706 0.0880
3.1008 2.7089 2.9705 0.0880
3.1008 2.7089 2.9705 0.0880
3.1008 2.7089 2.9705 0.0881
3.1008 2.7089 2.9705 0.0880
3.1008 2.7089 2.9740 0.0849
3.1008 2.7089 2.9762 0.0818
3.1008 2.7089 2.9762 0.0818
3.1008 2.7089 2.9762 0.0818
3.1008 2.7089 2.9762 0.0818
3.1008 2.7089 2.9766 0.0820
3.1008 2.7089 2.9767 0.0820
3.1008 2.7089 2.9769 0.0819
3.1008 2.7089 2.9769 0.0819
3.1008 2.7089 2.9769 0.0819
3.1008 2.7089 2.9769 0.0819
3.1008 2.7089 2.9772 0.0819
3.1008 2.7089 2.9771 0.0819
3.1008 2.7089 2.9771 0.0819
3.1008 2.7089 2.9780 0.0809
3.1008 2.7089 2.9781 0.0810
3.1008 2.7089 2.9781 0.0810
3.1008 2.7089 2.9781 0.0810
3.1008 2.7089 2.9791 0.0813
3.1008 2.7089 2.9793 0.0812
3.1008 2.7089 2.9803 0.0801
3.1008 2.7089 2.9803 0.0801
3.1008 2.7089 2.9806 0.0800
3.1008 2.7089 2.9806 0.0800
3.1008 2.7089 2.9807 0.0800
3.1008 2.7089 2.9807 0.0800
3.1008 2.7089 2.9813 0.0804
3.1008 2.7089 2.9814 0.0804
3.1008 2.7089 2.9824 0.0809
3.1008 2.7089 2.9828 0.0808
3.1008 2.7089 2.9828 0.0808
3.1008 2.7089 2.9828 0.0808
3.1008 2.7089 2.9828 0.0808
3.1008 2.7089 2.9837 0.0811
3.1008 2.7089 2.9840 0.0812
3.1008 2.7089 2.9842 0.0812
3.1008 2.7089 2.9842 0.0812
3.1008 2.7089 2.9842 0.0812
3.1008 2.7089 2.9842 0.0812
3.1008 2.7089 2.9842 0.0812
3.1008 2.7089 2.9843 0.0809
3.1008 2.7089 2.9843 0.0809
3.1008 2.7089 2.9843 0.0809
3.1008 2.7089 2.9846 0.0809
3.1008 2.7089 2.9846 0.0809
3.1008 2.7089 2.9846 0.0809
3.1008 2.7089 2.9846 0.0809
3.1008 2.7089 2.9849 0.0809
3.1008 2.7089 2.9849 0.0809
3.1008 2.7089 2.9858 0.0803
3.1008 2.7189 2.9883 0.0754
3.1008 2.7189 2.9883 0.0754
3.1008 2.7189 2.9888 0.0756
3.1008 2.7189 2.9889 0.0757
3.1008 2.7189 2.9894 0.0756
3.1008 2.7189 2.9906 0.0755
3.1008 2.7189 2.9913 0.0756
3.1008 2.7189 2.9917 0.0755
3.1008 2.7189 2.9919 0.0756
3.1008 2.7189 2.9919 0.0756
3.1008 2.7189 2.9921 0.0756
3.1008 2.7189 2.9927 0.0751
3.1008 2.7189 2.9927 0.0751
3.1008 2.7189 2.9927 0.0751
3.1008 2.7189 2.9927 0.0751
3.1008 2.7189 2.9928 0.0751
3.1008 2.7189 2.9928 0.0751
3.1008 2.7189 2.9942 0.0722
3.1008 2.7189 2.9948 0.0725
3.1008 2.7189 2.9948 0.0725
3.1008 2.7189 2.9948 0.0725
3.1008 2.7189 2.9955 0.0731
3.1008 2.7189 2.9955 0.0731
3.1008 2.7189 2.9960 0.0732
3.1008 2.7189 3.0001 0.0697
3.1008 2.7189 3.0001 0.0697
3.1008 2.7189 3.0010 0.0697
3.1008 2.7189 3.0010 0.0697
3.1008 2.7189 3.0010 0.0697
3.1008 2.7189 3.0010 0.0697
3.1008 2.7189 3.0018 0.0695
3.1008 2.7189 3.0018 0.0695
3.1008 2.7189 3.0018 0.0695
3.1008 2.7189 3.0027 0.0697
3.1008 2.7189 3.0027 0.0697
3.1008 2.7189 3.0034 0.0700
3.1008 2.7189 3.0034 0.0700
3.1008 2.7189 3.0037 0.0699
3.1008 2.7189 3.0037 0.0699
3.1008 2.7189 3.0037 0.0699
3.1008 2.7189 3.0037 0.0699
3.1008 2.7189 3.0038 0.0700
3.1008 2.7189 3.0048 0.0701
3.1008 2.7189 3.0048 0.0701
3.1008 2.7189 3.0049 0.0701
3.1008 2.7189 3.0049 0.0701
3.1008 2.7189 3.0049 0.0701
3.1008 2.7189 3.0052 0.0700
3.1008 2.7189 3.0052 0.0700
3.1008 2.7189 3.0052 0.0700
3.1008 2.7189 3.0052 0.0700
3.1008 2.7189 3.0054 0.0700
3.1008 2.7189 3.0054 0.0700
3.1008 2.7473 3.0085 0.0639
3.1008 2.7473 3.0085 0.0639
3.1008 2.7473 3.0085 0.0639
3.1008 2.7473 3.0087 0.0640
3.1008 2.7473 3.0089 0.0641
3.1008 2.7473 3.0090 0.0637
3.1008 2.7473 3.0090 0.0637
3.1008 2.7473 3.0091 0.0637
3.1109 2.7473 3.0101 0.0645
3.1109 2.7473 3.0101 0.0645
3.1109 2.7473 3.0101 0.0645
3.1109 2.7473 3.0101 0.0645
3.1109 2.7473 3.0101 0.0645
3.1109 2.7473 3.0101 0.0645
3.1109 2.7473 3.0102 0.0645
3.1109 2.7473 3.0108 0.0647
3.1109 2.7473 3.0108 0.0647
3.1109 2.7473 3.0108 0.0647
3.1109 2.7473 3.0108 0.0647
3.1109 2.7473 3.0108 0.0647
3.1109 2.7473 3.0110 0.0648
3.1109 2.7473 3.0110 0.0649
3.1109 2.7473 3.0139 0.0596
3.1246 2.7473 3.0156 0.0603
3.1246 2.7473 3.0169 0.0598
3.1249 2.7473 3.0169 0.0598
3.1249 2.7473 3.0169 0.0598
3.1249 2.7473 3.0172 0.0598
3.1249 2.7473 3.0172 0.0598
3.1325 2.7473 3.0187 0.0610
3.1325 2.7473 3.0192 0.0607
3.1325 2.7473 3.0192 0.0607
3.1325 2.7473 3.0203 0.0606
3.1325 2.7473 3.0205 0.0605
3.1325 2.7473 3.0209 0.0605
3.1325 2.7473 3.0210 0.0605
3.1325 2.7473 3.0210 0.0605
3.1325 2.7473 3.0217 0.0604
3.1325 2.7473 3.0225 0.0604
3.1325 2.7473 3.0225 0.0604
3.1325 2.7473 3.0225 0.0604
3.1325 2.7473 3.0225 0.0604
3.1325 2.7473 3.0226 0.0605
3.1325 2.7473 3.0232 0.0603
3.1325 2.7473 3.0232 0.0603
3.1325 2.7473 3.0242 0.0600
3.1325 2.7473 3.0244 0.0599
3.1325 2.7473 3.0244 0.0600
3.1325 2.7473 3.0244 0.0600
3.1325 2.7473 3.0244 0.0600
3.1325 2.7473 3.0246 0.0600
3.1325 2.7473 3.0246 0.0600
3.1325 2.7473 3.0250 0.0601
3.1325 2.7473 3.0250 0.0601
3.1325 2.7473 3.0250 0.0601
3.1325 2.7473 3.0250 0.0601
3.1325 2.7473 3.0251 0.0601
3.1325 2.7473 3.0279 0.0562
3.1325 2.7473 3.0281 0.0563
3.1325 2.7473 3.0281 0.0563
3.1325 2.7473 3.0290 0.0566
3.1325 2.7473 3.0290 0.0566
3.1325 2.7473 3.0291 0.0567
3.1325 2.7473 3.0291 0.0567
3.1325 2.7473 3.0295 0.0565
3.1325 2.7473 3.0298 0.0566
3.1325 2.7473 3.0298 0.0566
3.1325 2.7473 3.0299 0.0567
3.1325 2.7473 3.0307 0.0562
3.1325 2.7473 3.0307 0.0562
3.1325 2.7473 3.0307 0.0562
3.1325 2.7473 3.0307 0.0562
3.1325 2.7473 3.0307 0.0562
3.1325 2.7473 3.0313 0.0562
3.1325 2.7473 3.0322 0.0561
3.1325 2.7473 3.0324 0.0561
3.1325 2.7473 3.0329 0.0563
3.1325 2.7473 3.0329 0.0563
3.1325 2.7473 3.0329 0.0563
3.1325 2.7473 3.0334 0.0564
3.1325 2.7473 3.0334 0.0564
3.1325 2.7473 3.0337 0.0564
3.1325 2.7473 3.0337 0.0564
3.1325 2.7473 3.0339 0.0565
3.1325 2.7473 3.0341 0.0566
3.1325 2.7473 3.0341 0.0566
3.1325 2.7473 3.0341 0.0566
3.1325 2.7473 3.0341 0.0566
3.1325 2.7473 3.0354 0.0562
3.1325 2.7473 3.0357 0.0564
3.1325 2.7473 3.0360 0.0564
3.1325 2.7473 3.0365 0.0569
3.1325 2.7473 3.0365 0.0569
3.1325 2.7473 3.0367 0.0570
3.1325 2.7473 3.0368 0.0568
3.1325 2.7473 3.0371 0.0571
3.1325 2.7473 3.0374 0.0571
3.1325 2.7473 3.0376 0.0571
3.1325 2.7473 3.0376 0.0571
3.1326 2.7473 3.0385 0.0579
3.1326 2.7473 3.0388 0.0583
3.1326 2.7473 3.0388 0.0583
3.1326 2.7473 3.0393 0.0586
3.1326 2.7473 3.0394 0.0586
3.1326 2.7473 3.0394 0.0586
3.1326 2.7473 3.0395 0.0585
3.1326 2.7473 3.0395 0.0585
3.1326 2.7473 3.0399 0.0586
3.1326 2.7473 3.0399 0.0586
3.1326 2.7473 3.0399 0.0586
3.1326 2.7473 3.0399 0.0586
3.1326 2.7473 3.0407 0.0587
3.1326 2.7473 3.0418 0.0579
3.1326 2.7473 3.0428 0.0583
3.1326 2.7473 3.0428 0.0583
3.1326 2.7473 3.0428 0.0583
3.1326 2.7473 3.0428 0.0583
3.1326 2.7473 3.0428 0.0583
3.1326 2.7473 3.0432 0.0583
3.1326 2.7473 3.0432 0.0583
3.1326 2.7473 3.0432 0.0583
3.1326 2.7473 3.0432 0.0583
3.1326 2.7473 3.0432 0.0583
3.1326 2.7473 3.0438 0.0589
3.1326 2.7473 3.0440 0.0587
3.1326 2.7473 3.0442 0.0588
3.1326 2.7473 3.0442 0.0588
3.1326 2.7473 3.0442 0.0588
3.1326 2.7473 3.0442 0.0588
3.1326 2.7473 3.0449 0.0587
3.1326 2.7473 3.0449 0.0587
3.1326 2.7473 3.0449 0.0587
3.1326 2.7473 3.0449 0.0587
3.1326 2.7473 3.0453 0.0588
3.1326 2.7473 3.0453 0.0588
3.1326 2.7473 3.0453 0.0588
3.1326 2.7473 3.0453 0.0588
3.1326 2.7473 3.0453 0.0588
3.1326 2.7473 3.0462 0.0584
3.1326 2.7473 3.0462 0.0584
3.1326 2.7473 3.0462 0.0584
3.1326 2.7473 3.0462 0.0584
3.1326 2.7473 3.0470 0.0589
3.1326 2.7473 3.0474 0.0584
3.1326 2.7473 3.0479 0.0589
3.1428 2.7473 3.0485 0.0596
3.1428 2.7473 3.0485 0.0596
3.1428 2.7473 3.0485 0.0596
3.1428 2.7473 3.0509 0.0535
3.1428 2.7473 3.0516 0.0530
3.1428 2.7473 3.0516 0.0530
3.1428 2.7473 3.0516 0.0530
3.1428 2.7473 3.0516 0.0530
3.1428 2.7473 3.0516 0.0530
3.1428 2.7473 3.0516 0.0530
3.1428 2.7473 3.0516 0.0530
3.1428 2.7473 3.0516 0.0530
3.1428 2.7473 3.0516 0.0530
3.1428 2.7473 3.0517 0.0531
3.1428 2.7473 3.0520 0.0529
3.1428 2.7473 3.0520 0.0529
3.1428 2.7473 3.0520 0.0529
3.1428 2.7473 3.0520 0.0529
3.1428 2.7473 3.0523 0.0528
3.1428 2.7473 3.0523 0.0528
3.1428 2.7473 3.0523 0.0528
3.1428 2.7473 3.0524 0.0529
3.1428 2.7473 3.0524 0.0529
3.1428 2.7473 3.0524 0.0529
3.1428 2.7473 3.0526 0.0531
3.1428 2.7473 3.0529 0.0532
3.1428 2.7473 3.0529 0.0532
3.1428 2.7473 3.0529 0.0532
3.1428 2.7473 3.0529 0.0532
3.1428 2.7473 3.0534 0.0528
3.1428 2.7473 3.0536 0.0525
3.1428 2.7473 3.0536 0.0525
3.1428 2.7473 3.0538 0.0526
3.1428 2.7473 3.0544 0.0524
3.1428 2.7473 3.0557 0.0507
3.1428 2.7473 3.0557 0.0507
3.1428 2.7473 3.0557 0.0507
3.1428 2.7473 3.0559 0.0507
3.1428 2.7473 3.0562 0.0504
3.1428 2.7473 3.0563 0.0504
3.1428 2.7473 3.0566 0.0504
3.1428 2.7473 3.0566 0.0504
3.1428 2.7473 3.0568 0.0506
3.1428 2.7473 3.0579 0.0506
3.1428 2.7473 3.0583 0.0507
3.1428 2.7473 3.0583 0.0507
3.1428 2.7473 3.0587 0.0510
3.1428 2.7473 3.0587 0.0510
3.1428 2.7473 3.0588 0.0510
3.1428 2.7473 3.0588 0.0510
3.1428 2.7473 3.0590 0.0509
3.1428 2.7473 3.0591 0.0509
3.1428 2.7473 3.0591 0.0509
3.1428 2.7473 3.0594 0.0510
3.1428 2.7473 3.0594 0.0510
3.1428 2.7473 3.0594 0.0510
3.1428 2.7473 3.0595 0.0510
3.1428 2.7473 3.0601 0.0510
3.1428 2.7473 3.0607 0.0516
3.1428 2.7473 3.0608 0.0516
3.1428 2.7473 3.0608 0.0516
3.1428 2.7473 3.0608 0.0516
3.1428 2.7473 3.0609 0.0516
3.1428 2.7473 3.0609 0.0516
3.1428 2.7473 3.0609 0.0516
3.1428 2.7473 3.0609 0.0516
3.1428 2.7473 3.0609 0.0516
3.1428 2.7473 3.0609 0.0516
3.1428 2.7473 3.0609 0.0516
3.1428 2.7473 3.0610 0.0516
3.1428 2.7473 3.0610 0.0516
3.1428 2.7473 3.0618 0.0521
3.1428 2.7473 3.0618 0.0521
3.1428 2.7473 3.0621 0.0521
3.1428 2.7473 3.0628 0.0520
3.1428 2.7473 3.0632 0.0520
3.1428 2.7473 3.0632 0.0520
3.1428 2.7473 3.0632 0.0520
3.1428 2.7473 3.0632 0.0520
3.1428 2.7473 3.0632 0.0520
3.1428 2.7473 3.0632 0.0520
3.1428 2.7473 3.0632 0.0520
3.1428 2.7473 3.0632 0.0520
3.1428 2.7473 3.0632 0.0520
3.1428 2.7473 3.0643 0.0507
3.1428 2.7473 3.0643 0.0507
3.1428 2.7473 3.0648 0.0500
3.1428 2.7473 3.0648 0.0500
3.1428 2.7473 3.0648 0.0500
3.1428 2.7473 3.0656 0.0494
3.1428 2.7473 3.0657 0.0494
3.1428 2.7473 3.0657 0.0494
3.1428 2.7473 3.0665 0.0496
3.1428 2.7473 3.0665 0.0496
3.1428 2.7473 3.0665 0.0496
3.1428 2.7473 3.0667 0.0496
3.1428 2.7473 3.0669 0.0497
3.1428 2.7473 3.0677 0.0500
3.1428 2.7473 3.0677 0.0500
3.1428 2.7473 3.0682 0.0503
3.1428 2.7473 3.0682 0.0503
3.1428 2.7473 3.0685 0.0504
3.1428 2.7473 3.0688 0.0504
3.1428 2.7473 3.0688 0.0504
3.1428 2.7473 3.0688 0.0504
3.1428 2.7473 3.0693 0.0500
3.1428 2.7473 3.0696 0.0500
3.1428 2.7473 3.0698 0.0501
3.1428 2.7473 3.0709 0.0478
3.1428 2.7473 3.0711 0.0478
3.1428 2.7473 3.0721 0.0479
3.1428 2.7473 3.0723 0.0478
3.1428 2.7473 3.0723 0.0478
3.1428 2.7473 3.0723 0.0478
3.1428 2.7473 3.0727 0.0480
3.1428 2.7473 3.0727 0.0480
3.1428 2.7473 3.0727 0.0480
3.1428 2.7473 3.0727 0.0480
3.1428 2.7473 3.0728 0.0479
3.1428 2.7473 3.0728 0.0479
3.1428 2.7473 3.0728 0.0479
3.1428 2.7473 3.0728 0.0479
3.1428 2.7473 3.0728 0.0479
3.1428 2.7473 3.0728 0.0479
3.1428 2.7473 3.0728 0.0479
3.1428 2.7473 3.0733 0.0478
3.1428 2.7473 3.0733 0.0478
3.1428 2.7473 3.0736 0.0482
3.1428 2.7473 3.0741 0.0479
3.1428 2.7473 3.0743 0.0479
3.1428 2.7473 3.0748 0.0478
3.1428 2.7473 3.0748 0.0478
3.1428 2.7473 3.0748 0.0478
3.1428 2.7473 3.0748 0.0477
3.1428 2.7473 3.0752 0.0478
3.1428 2.7473 3.0760 0.0481
3.1428 2.7473 3.0760 0.0481
3.1428 2.7473 3.0763 0.0482
3.1428 2.7473 3.0764 0.0482
3.1428 2.7473 3.0765 0.0482
3.1428 2.7473 3.0769 0.0483
3.1428 2.7473 3.0771 0.0484
3.1428 2.7473 3.0777 0.0487
3.1428 2.7473 3.0777 0.0487
3.1428 2.7473 3.0777 0.0487
3.1428 2.7473 3.0777 0.0487
3.1428 2.7473 3.0781 0.0488
3.1428 2.7473 3.0782 0.0489
3.1428 2.7473 3.0782 0.0489
3.1428 2.7473 3.0785 0.0487
3.1428 2.7473 3.0785 0.0487
3.1428 2.7473 3.0785 0.0487
3.1428 2.7473 3.0785 0.0487
3.1428 2.7473 3.0788 0.0486
3.1428 2.7473 3.0788 0.0486
3.1428 2.7473 3.0788 0.0486
3.1428 2.7473 3.0792 0.0486
3.1428 2.7473 3.0792 0.0486
3.1428 2.7473 3.0792 0.0486
3.1428 2.7473 3.0792 0.0486
3.1428 2.7473 3.0793 0.0486
3.1428 2.7473 3.0793 0.0486
3.1428 2.7473 3.0793 0.0486
3.1428 2.7473 3.0793 0.0486
3.1428 2.7473 3.0793 0.0486
3.1428 2.7473 3.0793 0.0486
3.1428 2.7473 3.0799 0.0485
3.1428 2.7473 3.0801 0.0486
3.1428 2.7473 3.0804 0.0488
3.1428 2.7473 3.0808 0.0483
3.1428 2.7473 3.0808 0.0483
3.1428 2.7473 3.0808 0.0483
3.1428 2.7473 3.0808 0.0483
3.1428 2.7473 3.0808 0.0483
3.1428 2.7473 3.0809 0.0482
3.1428 2.7473 3.0809 0.0482
3.1428 2.7473 3.0809 0.0482
3.1428 2.7473 3.0820 0.0476
3.1428 2.7473 3.0820 0.0476
3.1428 2.7473 3.0820 0.0476
3.1428 2.7473 3.0825 0.0474
3.1428 2.7473 3.0825 0.0474
3.1428 2.7473 3.0833 0.0473
3.1428 2.7473 3.0833 0.0473
3.1428 2.7473 3.0833 0.0473
3.1428 2.7473 3.0835 0.0472
3.1428 2.7473 3.0836 0.0472
3.1428 2.7473 3.0836 0.0472
3.1428 2.7473 3.0836 0.0472
3.1428 2.7473 3.0844 0.0457
3.1428 2.7473 3.0844 0.0457
3.1428 2.7473 3.0844 0.0457
3.1428 2.7473 3.0844 0.0457
3.1428 2.7473 3.0844 0.0457
3.1428 2.7473 3.0844 0.0457
3.1428 2.7473 3.0845 0.0457
3.1428 2.7473 3.0845 0.0457
3.1428 2.7473 3.0845 0.0457
3.1428 2.7473 3.0845 0.0457
3.1428 2.7473 3.0845 0.0457
3.1428 2.7473 3.0845 0.0457
3.1428 2.7473 3.0846 0.0457
3.1428 2.7473 3.0846 0.0457
3.1428 2.7473 3.0846 0.0457
3.1428 2.7473 3.0847 0.0457
3.1428 2.7473 3.0849 0.0458
3.1428 2.7473 3.0849 0.0458
3.1428 2.7473 3.0849 0.0458
3.1428 2.7473 3.0849 0.0458
3.1428 2.7473 3.0849 0.0458
3.1428 2.7473 3.0849 0.0458
3.1428 2.7473 3.0849 0.0458
3.1428 2.7473 3.0849 0.0458
3.1428 2.7473 3.0850 0.0459
3.1428 2.7473 3.0850 0.0459
3.1428 2.7473 3.0854 0.0461
3.1428 2.7473 3.0854 0.0461
3.1428 2.7473 3.0857 0.0461
3.1428 2.7473 3.0857 0.0461
3.1428 2.7473 3.0860 0.0462
3.1428 2.7473 3.0862 0.0462
3.1428 2.7473 3.0862 0.0462
3.1428 2.7473 3.0864 0.0462
3.1428 2.7473 3.0864 0.0462
3.1428 2.7473 3.0864 0.0462
3.1428 2.7473 3.0864 0.0462
3.1428 2.7473 3.0864 0.0462
3.1428 2.7473 3.0865 0.0463
3.1428 2.7473 3.0865 0.0463
3.1428 2.7473 3.0865 0.0463
3.1428 2.7473 3.0870 0.0465
3.1428 2.7473 3.0870 0.0465
3.1428 2.7473 3.0870 0.0465
3.1428 2.7473 3.0870 0.0465
3.1428 2.7473 3.0873 0.0468
3.1428 2.7473 3.0875 0.0468
3.1428 2.7473 3.0876 0.0467
3.1452 2.7473 3.0883 0.0471
3.1452 2.7473 3.0888 0.0471
3.1452 2.7473 3.0890 0.0470
3.1452 2.7473 3.0890 0.0470
3.1452 2.7473 3.0890 0.0470
3.1452 2.7473 3.0890 0.0470
3.1452 2.7473 3.0890 0.0470
3.1452 2.7473 3.0893 0.0473
3.1452 2.7473 3.0896 0.0472
3.1452 2.7473 3.0897 0.0472
3.1452 2.7473 3.0899 0.0473
3.1452 2.7473 3.0905 0.0471
3.1452 2.7473 3.0905 0.0471
3.1452 2.7473 3.0905 0.0471
3.1452 2.7473 3.0905 0.0471
3.1452 2.7473 3.0905 0.0470
3.1452 2.7473 3.0906 0.0471
3.1452 2.7473 3.0906 0.0471
3.1452 2.7473 3.0910 0.0471
3.1452 2.7473 3.0910 0.0471
3.1452 2.7473 3.0915 0.0471
3.1452 2.7473 3.0922 0.0469
3.1452 2.7473 3.0922 0.0469
3.1452 2.7473 3.0924 0.0468
3.1452 2.7473 3.0924 0.0468
3.1452 2.7473 3.0924 0.0468
3.1452 2.7473 3.0924 0.0468
3.1452 2.7473 3.0925 0.0467
3.1452 2.7473 3.0926 0.0467
3.1452 2.7473 3.0926 0.0467
3.1452 2.7473 3.0926 0.0467
3.1452 2.7473 3.0926 0.0467
3.1452 2.7473 3.0926 0.0467
3.1452 2.7473 3.0928 0.0466
3.1452 2.7473 3.0928 0.0466
3.1452 2.7473 3.0928 0.0466
3.1452 2.7473 3.0928 0.0466
3.1452 2.7473 3.0928 0.0466
3.1452 2.7473 3.0928 0.0466
3.1452 2.7473 3.0929 0.0466
3.1452 2.7473 3.0932 0.0466
3.1452 2.7473 3.0934 0.0467
3.1452 2.7473 3.0934 0.0467
3.1452 2.7473 3.0934 0.0467
3.1452 2.7473 3.0937 0.0464
3.1452 2.7473 3.0937 0.0464
3.1452 2.7473 3.0937 0.0464
3.1452 3.0153 3.0967 0.0311
3.1452 3.0153 3.0967 0.0311
3.1452 3.0153 3.0967 0.0311
3.1452 3.0153 3.0967 0.0311
3.1452 3.0153 3.0971 0.0310
3.1452 3.0153 3.0971 0.0310
3.1452 3.0153 3.0971 0.0310
3.1452 3.0153 3.0975 0.0310
3.1452 3.0153 3.0975 0.0310
3.1452 3.0153 3.0975 0.0310
3.1452 3.0153 3.0975 0.0310
3.1452 3.0153 3.0975 0.0310
3.1452 3.0153 3.0975 0.0310
3.1452 3.0153 3.0977 0.0308
3.1452 3.0153 3.0979 0.0305
3.1452 3.0153 3.0979 0.0305
3.1540 3.0153 3.0984 0.0310
3.1540 3.0361 3.0998 0.0302
3.1540 3.0361 3.0998 0.0302
3.1540 3.0361 3.0998 0.0302
3.1540 3.0361 3.0999 0.0303
3.1540 3.0361 3.0999 0.0303
3.1540 3.0361 3.0999 0.0303
3.1540 3.0361 3.0999 0.0303
3.1540 3.0361 3.0999 0.0303
3.1540 3.0361 3.1001 0.0301
3.1540 3.0361 3.1009 0.0296
3.1540 3.0361 3.1010 0.0297
3.1540 3.0361 3.1010 0.0297
3.1540 3.0361 3.1010 0.0297
3.1540 3.0361 3.1011 0.0297
3.1540 3.0361 3.1011 0.0297
3.1540 3.0361 3.1011 0.0297
3.1540 3.0361 3.1011 0.0297
3.1540 3.0361 3.1015 0.0296
3.1540 3.0361 3.1015 0.0296
3.1540 3.0361 3.1015 0.0296
3.1540 3.0361 3.1015 0.0296
3.1540 3.0361 3.1016 0.0294
3.1540 3.0361 3.1016 0.0294
3.1540 3.0361 3.1016 0.0294
3.1540 3.0361 3.1025 0.0288
3.1540 3.0361 3.1028 0.0290
3.1540 3.0361 3.1028 0.0290
3.1540 3.0361 3.1028 0.0290
3.1540 3.0361 3.1036 0.0284
3.1540 3.0361 3.1036 0.0284
3.1540 3.0361 3.1036 0.0284
3.1540 3.0361 3.1036 0.0284
3.1540 3.0361 3.1041 0.0281
3.1540 3.0361 3.1041 0.0281
3.1540 3.0361 3.1043 0.0280
3.1540 3.0361 3.1043 0.0280
3.1540 3.0361 3.1043 0.0280
3.1540 3.0361 3.1043 0.0280
3.1540 3.0361 3.1043 0.0280
3.1540 3.0361 3.1043 0.0280
3.1540 3.0361 3.1043 0.0280
3.1540 3.0361 3.1043 0.0280
3.1540 3.0361 3.1043 0.0280
3.1540 3.0361 3.1050 0.0274
3.1540 3.0361 3.1050 0.0274
3.1540 3.0361 3.1050 0.0274
3.1540 3.0361 3.1051 0.0274
3.1540 3.0361 3.1053 0.0273
3.1540 3.0361 3.1056 0.0274
3.1734 3.0361 3.1067 0.0278
3.1734 3.0361 3.1073 0.0285
3.1734 3.0361 3.1076 0.0285
3.1734 3.0361 3.1076 0.0285
3.1734 3.0361 3.1076 0.0285
3.1734 3.0361 3.1080 0.0282
3.1734 3.0361 3.1084 0.0284
3.1734 3.0361 3.1084 0.0284
3.1734 3.0361 3.1086 0.0285
3.1734 3.0361 3.1086 0.0285
3.1784 3.0361 3.1087 0.0287
3.1784 3.0361 3.1088 0.0287
3.1784 3.0361 3.1089 0.0284
3.1784 3.0361 3.1089 0.0284
3.1784 3.0361 3.1089 0.0284
3.1784 3.0361 3.1090 0.0284
3.1784 3.0361 3.1090 0.0284
3.1784 3.0361 3.1096 0.0282
3.1784 3.0361 3.1098 0.0283
3.1784 3.0361 3.1099 0.0284
3.1784 3.0361 3.1099 0.0284
3.1784 3.0361 3.1099 0.0284
3.1784 3.0361 3.1099 0.0284
3.1784 3.0361 3.1099 0.0284
3.1784 3.0361 3.1099 0.0284
3.1784 3.0361 3.1099 0.0284
3.1784 3.0361 3.1102 0.0281
3.1784 3.0361 3.1102 0.0281
3.1784 3.0361 3.1105 0.0282
3.1784 3.0361 3.1108 0.0282
3.1784 3.0361 3.1108 0.0282
3.1784 3.0361 3.1108 0.0282
3.1784 3.0361 3.1115 0.0285
3.1784 3.0361 3.1121 0.0281
3.1784 3.0361 3.1121 0.0281
3.1784 3.0361 3.1121 0.0281
3.1784 3.0361 3.1121 0.0281
3.1784 3.0361 3.1121 0.0281
3.1784 3.0361 3.1122 0.0282
3.1784 3.0361 3.1122 0.0282
3.1784 3.0361 3.1122 0.0282
3.1784 3.0361 3.1122 0.0282
3.1784 3.0361 3.1127 0.0279
3.1784 3.0361 3.1134 0.0281
3.1784 3.0361 3.1134 0.0281
3.1784 3.0361 3.1135 0.0282
3.1784 3.0361 3.1135 0.0282
3.1784 3.0361 3.1135 0.0282
3.1784 3.0361 3.1138 0.0281
3.1784 3.0361 3.1138 0.0281
3.1784 3.0361 3.1139 0.0281
3.1784 3.0361 3.1143 0.0278
3.1784 3.0361 3.1146 0.0278
3.1784 3.0361 3.1146 0.0278
3.1784 3.0361 3.1146 0.0278
3.1784 3.0361 3.1153 0.0273
3.1784 3.0361 3.1153 0.0273
3.1784 3.0361 3.1156 0.0276
3.1784 3.0361 3.1156 0.0276
3.1784 3.0361 3.1156 0.0276
3.1784 3.0361 3.1156 0.0276
3.1784 3.0361 3.1156 0.0276
3.1784 3.0361 3.1157 0.0277
3.1784 3.0361 3.1157 0.0277
3.1784 3.0361 3.1157 0.0277
3.1784 3.0361 3.1157 0.0277
3.1784 3.0361 3.1160 0.0278
3.1784 3.0361 3.1160 0.0278
3.1784 3.0361 3.1160 0.0278
3.1784 3.0361 3.1164 0.0274
3.1784 3.0361 3.1166 0.0278
3.1784 3.0361 3.1170 0.0280
3.1784 3.0361 3.1170 0.0280
3.1784 3.0361 3.1170 0.0280
3.1784 3.0361 3.1173 0.0279
3.1784 3.0361 3.1173 0.0279
3.1784 3.0361 3.1173 0.0279
3.1784 3.0361 3.1173 0.0279
3.1784 3.0361 3.1173 0.0279
3.1784 3.0361 3.1173 0.0279
3.1784 3.0361 3.1178 0.0273
3.1784 3.0361 3.1178 0.0273
3.1784 3.0361 3.1178 0.0273
3.1784 3.0361 3.1180 0.0273
3.1784 3.0361 3.1183 0.0274
3.1784 3.0361 3.1184 0.0275
3.1784 3.0361 3.1184 0.0275
3.1784 3.0361 3.1187 0.0277
3.1784 3.0361 3.1188 0.0275
3.1784 3.0361 3.1188 0.0275
3.1784 3.0361 3.1188 0.0275
3.1784 3.0361 3.1188 0.0275
3.1784 3.0361 3.1188 0.0275
3.1784 3.0361 3.1190 0.0276
3.1784 3.0361 3.1195 0.0275
3.1784 3.0361 3.1195 0.0275
3.1784 3.0361 3.1203 0.0264
3.1784 3.0361 3.1203 0.0264
3.1784 3.0361 3.1203 0.0264
3.1784 3.0361 3.1203 0.0264
3.1784 3.0361 3.1204 0.0265
3.1784 3.0361 3.1207 0.0264
3.1784 3.0361 3.1207 0.0264
3.1784 3.0361 3.1207 0.0264
3.1784 3.0361 3.1207 0.0264
3.1784 3.0361 3.1207 0.0265
3.1784 3.0361 3.1214 0.0265
3.1784 3.0361 3.1214 0.0265
3.1784 3.0361 3.1214 0.0265
3.1784 3.0361 3.1214 0.0265
3.1784 3.0361 3.1214 0.0265
3.1784 3.0361 3.1214 0.0265
3.1784 3.0361 3.1214 0.0265
3.1784 3.0361 3.1214 0.0265
3.1784 3.0361 3.1214 0.0265
3.1784 3.0361 3.1214 0.0265
3.1784 3.0361 3.1214 0.0265
3.1784 3.0361 3.1214 0.0265
3.1784 3.0361 3.1214 0.0265
3.1784 3.0361 3.1218 0.0265
3.1784 3.0361 3.1218 0.0265
3.1784 3.0361 3.1221 0.0266
3.1784 3.0361 3.1221 0.0266
3.1784 3.0361 3.1221 0.0266
3.1784 3.0361 3.1221 0.0266
3.1784 3.0361 3.1221 0.0266
3.1784 3.0361 3.1221 0.0266
3.1784 3.0361 3.1223 0.0265
3.1784 3.0361 3.1223 0.0265
3.1784 3.0361 3.1223 0.0265
3.1784 3.0361 3.1223 0.0265
3.1784 3.0361 3.1223 0.0265
3.1784 3.0361 3.1223 0.0265
3.1784 3.0361 3.1226 0.0262
3.1784 3.0361 3.1226 0.0262
3.1784 3.0361 3.1227 0.0263
3.1784 3.0361 3.1227 0.0263
3.1784 3.0361 3.1232 0.0258
3.1784 3.0361 3.1232 0.0258
3.1784 3.0361 3.1234 0.0259
3.1784 3.0361 3.1234 0.0259
3.1784 3.0361 3.1234 0.0259
3.1784 3.0361 3.1234 0.0259
3.1784 3.0361 3.1235 0.0260
3.1784 3.0361 3.1235 0.0260
3.1784 3.0361 3.1235 0.0260
3.1784 3.0361 3.1238 0.0264
3.1784 3.0361 3.1243 0.0267
3.1784 3.0361 3.1243 0.0267
3.1784 3.0361 3.1245 0.0266
3.1784 3.0361 3.1246 0.0266
3.1784 3.0361 3.1246 0.0266
3.1784 3.0361 3.1246 0.0266
3.1784 3.0361 3.1246 0.0266
3.1784 3.0361 3.1250 0.0268
3.1784 3.0361 3.1250 0.0268
3.1784 3.0361 3.1250 0.0268
3.1784 3.0361 3.1251 0.0268
3.1784 3.0361 3.1251 0.0268
3.1784 3.0361 3.1252 0.0268
3.1784 3.0361 3.1252 0.0268
3.1784 3.0361 3.1252 0.0268
3.1784 3.0361 3.1254 0.0268
3.1784 3.0361 3.1259 0.0264
3.1784 3.0361 3.1259 0.0264
3.1784 3.0361 3.1264 0.0256
3.1784 3.0361 3.1264 0.0256
3.1784 3.0361 3.1264 0.0256
3.1784 3.0361 3.1264 0.0256
3.1784 3.0361 3.1264 0.0256
3.1784 3.0361 3.1264 0.0256
3.1784 3.0361 3.1264 0.0256
3.1784 3.0361 3.1264 0.0256
3.1784 3.0361 3.1270 0.0252
3.1784 3.0361 3.1270 0.0252
3.1784 3.0361 3.1270 0.0252
3.1784 3.0361 3.1270 0.0252
3.1784 3.0361 3.1276 0.0249
3.1784 3.0361 3.1276 0.0249
3.1784 3.0361 3.1277 0.0250
3.1784 3.0361 3.1280 0.0245
3.1784 3.0361 3.1281 0.0245
3.1784 3.0361 3.1281 0.0245
3.1784 3.0361 3.1282 0.0245
3.1784 3.0361 3.1282 0.0245
3.1784 3.0361 3.1282 0.0245
3.1784 3.0361 3.1282 0.0245
3.1784 3.0361 3.1282 0.0245
3.1784 3.0361 3.1286 0.0243
3.1784 3.0361 3.1286 0.0243
3.1784 3.0361 3.1286 0.0243
3.1784 3.0361 3.1286 0.0243
3.1784 3.0361 3.1286 0.0243
3.1784 3.0361 3.1286 0.0243
3.1784 3.0361 3.1287 0.0243
3.1784 3.0361 3.1287 0.0243
3.1784 3.0361 3.1287 0.0243
3.1784 3.0361 3.1291 0.0244
3.1784 3.0361 3.1297 0.0231
3.1784 3.0361 3.1297 0.0231
3.1784 3.0361 3.1301 0.0226
3.1784 3.0361 3.1303 0.0227
3.1784 3.0653 3.1310 0.0208
3.1784 3.0653 3.1310 0.0208
3.1784 3.0653 3.1310 0.0208
3.1784 3.0653 3.1310 0.0208
3.1784 3.0653 3.1310 0.0208
3.1784 3.0653 3.1314 0.0212
3.1784 3.0653 3.1314 0.0212
3.1784 3.0653 3.1314 0.0212
3.1784 3.0653 3.1314 0.0212
3.1784 3.0653 3.1315 0.0212
3.1784 3.0653 3.1316 0.0214
3.1784 3.0653 3.1324 0.0219
3.1784 3.0653 3.1324 0.0219
3.1784 3.0653 3.1326 0.0222
3.1784 3.0653 3.1326 0.0222
3.1784 3.0653 3.1326 0.0222
3.1784 3.0653 3.1326 0.0222
3.1784 3.0653 3.1326 0.0222
3.1784 3.0653 3.1326 0.0222
3.1784 3.0653 3.1326 0.0222
3.1784 3.0653 3.1329 0.0225
3.1784 3.0653 3.1329 0.0225
3.1784 3.0653 3.1329 0.0225
3.1784 3.0653 3.1329 0.0225
3.1784 3.0653 3.1329 0.0225
3.1784 3.0653 3.1329 0.0225
3.1784 3.0653 3.1329 0.0225
3.1784 3.0653 3.1329 0.0225
3.1784 3.0653 3.1329 0.0225
3.1784 3.0653 3.1329 0.0225
3.1784 3.0653 3.1330 0.0225
3.1784 3.0653 3.1330 0.0225
3.1784 3.0653 3.1330 0.0225
3.1784 3.0653 3.1330 0.0225
3.1784 3.0653 3.1333 0.0226
3.1784 3.0653 3.1337 0.0221
3.1784 3.0653 3.1337 0.0221
3.1784 3.0653 3.1338 0.0222
3.1784 3.0653 3.1338 0.0222
3.1784 3.0653 3.1338 0.0222
3.1784 3.0653 3.1338 0.0222
3.1784 3.0653 3.1338 0.0222
3.1784 3.0653 3.1339 0.0220
3.1784 3.0653 3.1341 0.0218
3.1784 3.0653 3.1343 0.0215
3.1784 3.0653 3.1343 0.0216
3.1784 3.0653 3.1346 0.0215
3.1784 3.0653 3.1346 0.0215
3.1784 3.0653 3.1346 0.0215
3.1784 3.0653 3.1346 0.0215
3.1784 3.0653 3.1349 0.0217
3.1784 3.0653 3.1349 0.0217
3.1784 3.0653 3.1349 0.0217
3.1784 3.0653 3.1349 0.0217
3.1784 3.0653 3.1349 0.0217
3.1784 3.0653 3.1351 0.0217
3.1784 3.0653 3.1351 0.0217
3.1784 3.0653 3.1351 0.0217
3.1784 3.0653 3.1351 0.0217
3.1784 3.0653 3.1351 0.0217
3.1784 3.0653 3.1351 0.0217
3.1784 3.0653 3.1351 0.0217
3.1784 3.0653 3.1351 0.0217
3.1784 3.0653 3.1354 0.0218
3.1784 3.0653 3.1354 0.0218
3.1784 3.0653 3.1354 0.0218
3.1934 3.0653 3.1364 0.0228
3.1934 3.0653 3.1364 0.0228
3.1934 3.0653 3.1369 0.0229
3.1934 3.0743 3.1379 0.0218
3.1934 3.0743 3.1379 0.0218
3.1934 3.0743 3.1379 0.0218
3.1934 3.0743 3.1379 0.0218
3.1934 3.0743 3.1379 0.0218
3.1934 3.0743 3.1379 0.0218
3.1934 3.0743 3.1380 0.0218
3.1934 3.0743 3.1380 0.0218
3.1934 3.0743 3.1380 0.0218
3.1934 3.0743 3.1381 0.0218
3.1934 3.0743 3.1382 0.0217
3.1934 3.0743 3.1382 0.0217
3.1934 3.0743 3.1384 0.0217
3.1934 3.0743 3.1384 0.0217
3.1934 3.0743 3.1384 0.0217
3.1934 3.0743 3.1384 0.0217
3.1934 3.0743 3.1387 0.0214
3.1934 3.0743 3.1387 0.0214
3.1934 3.0743 3.1387 0.0214
3.1934 3.0743 3.1387 0.0214
3.1934 3.0743 3.1387 0.0215
3.1934 3.0743 3.1387 0.0215
3.1934 3.0743 3.1387 0.0215
3.1934 3.0743 3.1389 0.0214
3.1934 3.0743 3.1394 0.0213
3.1934 3.0743 3.1394 0.0213
3.1934 3.0743 3.1394 0.0213
3.1934 3.0743 3.1394 0.0213
3.1934 3.0743 3.1394 0.0213
3.1934 3.0743 3.1394 0.0214
3.1934 3.0743 3.1399 0.0220
3.1934 3.0743 3.1399 0.0220
3.1934 3.0743 3.1405 0.0213
3.1934 3.0743 3.1405 0.0213
3.1934 3.0743 3.1406 0.0213
3.1934 3.0743 3.1405 0.0213
3.1934 3.0743 3.1407 0.0213
3.1934 3.0743 3.1407 0.0213
3.1934 3.0743 3.1408 0.0213
3.1934 3.0743 3.1407 0.0213
3.1934 3.0743 3.1408 0.0213
3.1934 3.0743 3.1408 0.0212
3.1934 3.0743 3.1408 0.0212
3.1934 3.0743 3.1408 0.0212
3.1934 3.0743 3.1410 0.0213
3.1934 3.0743 3.1410 0.0213
3.1934 3.0743 3.1412 0.0214
3.1934 3.0743 3.1412 0.0214
3.1934 3.0743 3.1412 0.0214
3.1934 3.0743 3.1412 0.0214
3.1934 3.0743 3.1412 0.0214
3.1934 3.0743 3.1412 0.0214
3.1934 3.0743 3.1415 0.0220
3.1934 3.0743 3.1417 0.0221
3.1934 3.0743 3.1417 0.0221
3.1934 3.0743 3.1420 0.0224
3.1934 3.0743 3.1420 0.0224
3.1934 3.0743 3.1420 0.0224
3.1934 3.0743 3.1426 0.0223
3.1934 3.0743 3.1429 0.0221
3.1934 3.0743 3.1429 0.0221
3.1934 3.0743 3.1435 0.0225
3.1934 3.0972 3.1441 0.0214
3.1934 3.0972 3.1441 0.0214
3.1934 3.0972 3.1441 0.0214
3.1934 3.0972 3.1441 0.0214
3.1934 3.0972 3.1441 0.0214
3.1934 3.0972 3.1442 0.0214
3.1934 3.0972 3.1441 0.0214
3.1934 3.0972 3.1446 0.0218
3.1934 3.0972 3.1452 0.0214
3.1934 3.0972 3.1453 0.0212
3.1934 3.0972 3.1453 0.0212
3.1934 3.0972 3.1453 0.0212
3.1934 3.0972 3.1453 0.0212
3.1934 3.0972 3.1453 0.0212
3.1934 3.0972 3.1457 0.0216
3.1934 3.0972 3.1457 0.0216
3.1934 3.0972 3.1458 0.0216
3.1934 3.0972 3.1457 0.0216
3.1934 3.0972 3.1457 0.0216
3.1934 3.0972 3.1458 0.0216
3.1934 3.0972 3.1457 0.0216
3.1934 3.0972 3.1458 0.0216
3.1934 3.0972 3.1457 0.0216
3.1934 3.0972 3.1457 0.0216
3.1934 3.0972 3.1458 0.0216
3.1934 3.0972 3.1457 0.0216
3.1934 3.0972 3.1458 0.0216
3.1934 3.0972 3.1462 0.0215
3.1934 3.0972 3.1463 0.0213
3.1934 3.0972 3.1463 0.0213
3.1934 3.0972 3.1463 0.0213
3.1934 3.0972 3.1463 0.0213
3.1934 3.0972 3.1463 0.0213
3.1934 3.0972 3.1467 0.0215
3.1934 3.0972 3.1469 0.0214
3.1954 3.0972 3.1470 0.0218
3.1954 3.0972 3.1470 0.0218
3.1954 3.0972 3.1476 0.0221
3.1954 3.0972 3.1476 0.0221
3.1954 3.0972 3.1476 0.0221
3.1954 3.1051 3.1478 0.0217
3.1954 3.1051 3.1478 0.0217
3.1954 3.1051 3.1478 0.0217
3.1954 3.1051 3.1481 0.0217
3.1954 3.1051 3.1482 0.0216
3.1954 3.1051 3.1483 0.0217
3.1954 3.1051 3.1488 0.0217
3.1954 3.1051 3.1487 0.0217
3.1954 3.1051 3.1488 0.0217
3.1954 3.1051 3.1488 0.0217
3.1954 3.1051 3.1488 0.0217
3.1954 3.1051 3.1488 0.0217
3.1954 3.1051 3.1494 0.0219
3.1954 3.1051 3.1494 0.0219
3.1954 3.1051 3.1494 0.0219
3.1954 3.1051 3.1494 0.0219
3.1954 3.1051 3.1494 0.0219
3.1954 3.1051 3.1497 0.0217
3.1954 3.1051 3.1497 0.0217
3.1954 3.1051 3.1497 0.0217
3.1954 3.1051 3.1497 0.0217
3.1954 3.1051 3.1498 0.0217
3.1954 3.1051 3.1497 0.0217
3.1954 3.1051 3.1498 0.0217
3.1954 3.1051 3.1499 0.0215
3.1954 3.1051 3.1499 0.0215
3.1954 3.1051 3.1502 0.0212
3.1954 3.1051 3.1502 0.0213
3.1954 3.1051 3.1502 0.0212
3.1954 3.1051 3.1502 0.0213
3.1954 3.1051 3.1502 0.0213
3.1954 3.1051 3.1503 0.0212
3.1954 3.1051 3.1507 0.0212
3.1954 3.1051 3.1509 0.0211
3.1954 3.1051 3.1509 0.0211
3.1954 3.1051 3.1509 0.0211
3.1954 3.1051 3.1511 0.0213
3.1954 3.1051 3.1512 0.0213
3.1954 3.1051 3.1512 0.0212
3.1954 3.1051 3.1512 0.0213
3.1954 3.1051 3.1512 0.0213
3.1954 3.1051 3.1512 0.0213
3.1954 3.1051 3.1512 0.0213
3.1954 3.1051 3.1512 0.0213
3.1954 3.1051 3.1513 0.0212
3.1954 3.1051 3.1513 0.0212
3.1954 3.1051 3.1512 0.0212
3.1954 3.1051 3.1513 0.0213
3.1954 3.1051 3.1514 0.0214
3.1954 3.1051 3.1514 0.0214
3.1954 3.1051 3.1514 0.0214
3.1954 3.1051 3.1516 0.0212
3.1954 3.1051 3.1517 0.0211
3.1954 3.1051 3.1518 0.0211
3.1954 3.1051 3.1519 0.0211
3.1954 3.1051 3.1519 0.0211
3.1954 3.1051 3.1518 0.0211
3.1954 3.1051 3.1519 0.0211
3.1954 3.1051 3.1520 0.0212
3.1954 3.1051 3.1520 0.0212
3.1954 3.1051 3.1520 0.0212
3.1954 3.1051 3.1525 0.0210
3.1954 3.1051 3.1526 0.0210
3.1954 3.1051 3.1526 0.0210
3.1954 3.1051 3.1525 0.0210
3.1954 3.1051 3.1525 0.0210
3.1954 3.1051 3.1526 0.0210
3.1954 3.1051 3.1526 0.0210
3.1954 3.1051 3.1525 0.0210
3.1954 3.1051 3.1526 0.0210
3.1954 3.1051 3.1531 0.0214
3.1954 3.1051 3.1530 0.0214
3.1954 3.1051 3.1530 0.0214
3.1954 3.1051 3.1531 0.0214
3.1954 3.1051 3.1531 0.0214
3.1954 3.1051 3.1535 0.0216
3.1954 3.1051 3.1535 0.0216
3.1954 3.1051 3.1534 0.0217
3.1954 3.1051 3.1534 0.0217
3.1954 3.1051 3.1535 0.0216
3.1954 3.1051 3.1535 0.0216
3.1954 3.1051 3.1535 0.0216
3.1954 3.1051 3.1534 0.0217
3.1954 3.1051 3.1534 0.0217
3.1954 3.1051 3.1535 0.0216
3.1954 3.1051 3.1534 0.0217
3.1954 3.1051 3.1536 0.0216
3.1954 3.1051 3.1536 0.0216
3.1954 3.1051 3.1536 0.0215
3.1954 3.1051 3.1541 0.0211
3.1954 3.1051 3.1543 0.0211
3.1954 3.1051 3.1546 0.0212
3.1954 3.1051 3.1547 0.0213
3.1954 3.1051 3.1549 0.0213
3.1954 3.1051 3.1550 0.0213
3.1954 3.1051 3.1551 0.0214
3.1954 3.1051 3.1551 0.0214
3.1954 3.1051 3.1551 0.0214
3.1954 3.1051 3.1551 0.0214
3.2005 3.1051 3.1557 0.0219
3.2005 3.1051 3.1557 0.0219
3.2005 3.1051 3.1557 0.0219
3.2005 3.1051 3.1557 0.0219
3.2005 3.1051 3.1557 0.0219
3.2005 3.1051 3.1557 0.0219
3.2005 3.1051 3.1558 0.0218
3.2005 3.1051 3.1558 0.0218
3.2005 3.1051 3.1558 0.0218
3.2005 3.1051 3.1559 0.0218
3.2005 3.1051 3.1559 0.0218
3.2005 3.1051 3.1560 0.0220
3.2005 3.1051 3.1564 0.0221
3.2005 3.1051 3.1564 0.0221
3.2005 3.1051 3.1569 0.0219
3.2005 3.1051 3.1570 0.0220
3.2005 3.1051 3.1570 0.0220
3.2005 3.1051 3.1570 0.0220
3.2005 3.1051 3.1570 0.0220
3.2005 3.1051 3.1570 0.0220
3.2005 3.1051 3.1570 0.0220
3.2005 3.1051 3.1574 0.0218
3.2005 3.1051 3.1576 0.0217
3.2005 3.1051 3.1578 0.0219
3.2005 3.1051 3.1578 0.0219
3.2005 3.1051 3.1578 0.0219
3.2005 3.1051 3.1578 0.0219
3.2005 3.1051 3.1578 0.0219
3.2005 3.1051 3.1578 0.0219
3.2005 3.1051 3.1583 0.0215
3.2005 3.1051 3.1583 0.0215
3.2005 3.1051 3.1583 0.0215
3.2005 3.1051 3.1583 0.0215
3.2005 3.1051 3.1583 0.0215
3.2005 3.1051 3.1586 0.0213
3.2005 3.1051 3.1586 0.0213
3.2005 3.1051 3.1586 0.0213
3.2005 3.1051 3.1586 0.0212
3.2005 3.1051 3.1587 0.0209
3.2005 3.1051 3.1589 0.0208
3.2005 3.1051 3.1589 0.0208
3.2005 3.1051 3.1590 0.0208
3.2005 3.1051 3.1590 0.0208
3.2005 3.1051 3.1593 0.0208
3.2005 3.1051 3.1593 0.0208
3.2005 3.1051 3.1595 0.0210
3.2005 3.1051 3.1599 0.0209
3.2005 3.1051 3.1599 0.0209
3.2005 3.1051 3.1599 0.0209
3.2005 3.1051 3.1602 0.0211
3.2005 3.1051 3.1603 0.0212
3.2005 3.1139 3.1608 0.0205
3.2005 3.1139 3.1608 0.0205
3.2005 3.1139 3.1608 0.0205
3.2005 3.1139 3.1608 0.0205
3.2005 3.1139 3.1610 0.0207
3.2005 3.1139 3.1610 0.0207
3.2005 3.1139 3.1610 0.0207
3.2005 3.1139 3.1614 0.0210
3.2005 3.1139 3.1616 0.0210
3.2005 3.1139 3.1616 0.0210
3.2005 3.1139 3.1617 0.0209
3.2005 3.1139 3.1617 0.0209
3.2005 3.1139 3.1617 0.0209
3.2005 3.1139 3.1618 0.0209
3.2005 3.1139 3.1620 0.0210
3.2005 3.1139 3.1623 0.0210
3.2005 3.1139 3.1623 0.0210
3.2005 3.1139 3.1623 0.0210
3.2005 3.1139 3.1623 0.0210
3.2005 3.1139 3.1623 0.0210
3.2005 3.1139 3.1623 0.0210
3.2005 3.1139 3.1623 0.0210
3.2005 3.1139 3.1623 0.0210
3.2005 3.1139 3.1626 0.0209
3.2005 3.1139 3.1629 0.0209
3.2005 3.1139 3.1629 0.0209
3.2005 3.1139 3.1629 0.0209
3.2005 3.1139 3.1629 0.0209
3.2005 3.1139 3.1629 0.0209
3.2005 3.1139 3.1629 0.0209
3.2005 3.1139 3.1629 0.0209
3.2005 3.1139 3.1629 0.0209
3.2005 3.1139 3.1629 0.0209
3.2005 3.1139 3.1629 0.0209
3.2005 3.1139 3.1629 0.0209
3.2005 3.1139 3.1629 0.0209
3.2005 3.1139 3.1629 0.0209
3.2005 3.1139 3.1629 0.0209
3.2005 3.1139 3.1629 0.0209
3.2005 3.1139 3.1629 0.0209
3.2005 3.1139 3.1629 0.0209
3.2005 3.1139 3.1634 0.0210
3.2005 3.1139 3.1636 0.0210
3.2005 3.1139 3.1636 0.0210
3.2005 3.1139 3.1636 0.0210
3.2005 3.1139 3.1636 0.0210
3.2005 3.1139 3.1636 0.0210
3.2005 3.1139 3.1644 0.0207
3.2005 3.1139 3.1644 0.0207
3.2005 3.1139 3.1644 0.0207
3.2005 3.1139 3.1644 0.0207
3.2005 3.1139 3.1644 0.0207
3.2005 3.1139 3.1644 0.0207
3.2005 3.1139 3.1644 0.0207
3.2005 3.1139 3.1644 0.0207
3.2005 3.1139 3.1644 0.0207
3.2005 3.1139 3.1644 0.0207
3.2005 3.1139 3.1645 0.0207
3.2005 3.1139 3.1647 0.0207
3.2005 3.1139 3.1648 0.0207
3.2005 3.1139 3.1648 0.0207
3.2005 3.1139 3.1648 0.0207
3.2005 3.1139 3.1648 0.0207
3.2005 3.1139 3.1648 0.0207
3.2005 3.1139 3.1648 0.0207
3.2005 3.1139 3.1648 0.0207
3.2005 3.1139 3.1648 0.0207
3.2005 3.1139 3.1648 0.0207
3.2005 3.1139 3.1650 0.0207
3.2005 3.1139 3.1650 0.0207
3.2005 3.1139 3.1650 0.0207
3.2005 3.1139 3.1650 0.0207
3.2005 3.1139 3.1650 0.0207
3.2005 3.1139 3.1653 0.0207
3.2005 3.1139 3.1655 0.0207
3.2005 3.1139 3.1655 0.0207
3.2005 3.1139 3.1655 0.0207
3.2005 3.1139 3.1655 0.0207
3.2005 3.1139 3.1655 0.0207
3.2005 3.1139 3.1655 0.0207
3.2005 3.1139 3.1655 0.0207
3.2005 3.1139 3.1655 0.0207
3.2005 3.1139 3.1655 0.0207
3.2005 3.1139 3.1655 0.0207
3.2005 3.1139 3.1657 0.0207
3.2005 3.1139 3.1657 0.0207
3.2005 3.1139 3.1657 0.0207
3.2005 3.1139 3.1659 0.0206
3.2005 3.1139 3.1660 0.0205
3.2005 3.1139 3.1660 0.0205
3.2005 3.1139 3.1664 0.0202
3.2005 3.1139 3.1664 0.0202
3.2005 3.1139 3.1664 0.0202
3.2005 3.1139 3.1664 0.0202
3.2005 3.1139 3.1664 0.0202
3.2005 3.1139 3.1664 0.0202
3.2005 3.1139 3.1667 0.0204
3.2005 3.1139 3.1667 0.0204
3.2005 3.1139 3.1667 0.0204
3.2005 3.1139 3.1667 0.0204
3.2005 3.1139 3.1667 0.0204
3.2005 3.1139 3.1667 0.0204
3.2005 3.1139 3.1671 0.0202
3.2005 3.1139 3.1671 0.0202
3.2005 3.1139 3.1672 0.0202
3.2005 3.1139 3.1672 0.0202
3.2005 3.1139 3.1674 0.0202
3.2005 3.1139 3.1674 0.0202
3.2005 3.1139 3.1674 0.0202
3.2005 3.1139 3.1677 0.0202
3.2005 3.1139 3.1678 0.0199
3.2005 3.1139 3.1680 0.0199
3.2005 3.1139 3.1680 0.0199
3.2005 3.1139 3.1681 0.0198
3.2005 3.1139 3.1681 0.0198
3.2005 3.1139 3.1681 0.0198
3.2005 3.1139 3.1681 0.0198
3.2005 3.1139 3.1681 0.0198
3.2005 3.1139 3.1687 0.0191
3.2005 3.1139 3.1692 0.0188
3.2005 3.1139 3.1693 0.0190
3.2005 3.1139 3.1695 0.0190
3.2005 3.1139 3.1701 0.0188
3.2005 3.1139 3.1701 0.0188
3.2005 3.1139 3.1702 0.0188
3.2005 3.1139 3.1702 0.0188
3.2005 3.1139 3.1708 0.0183
3.2005 3.1139 3.1708 0.0183
3.2005 3.1139 3.1708 0.0183
3.2005 3.1139 3.1711 0.0182
3.2005 3.1139 3.1712 0.0181
3.2005 3.1139 3.1712 0.0181
3.2005 3.1139 3.1712 0.0181
3.2005 3.1139 3.1713 0.0182
3.2005 3.1139 3.1714 0.0182
3.2005 3.1139 3.1714 0.0182
3.2005 3.1139 3.1714 0.0182
3.2005 3.1139 3.1718 0.0179
3.2005 3.1139 3.1718 0.0179
3.2005 3.1139 3.1718 0.0179
3.2005 3.1139 3.1718 0.0179
3.2005 3.1139 3.1720 0.0180
3.2005 3.1139 3.1723 0.0180
3.2005 3.1139 3.1723 0.0180
3.2005 3.1139 3.1723 0.0180
3.2005 3.1139 3.1723 0.0180
3.2005 3.1139 3.1723 0.0180
3.2005 3.1139 3.1723 0.0180
3.2005 3.1139 3.1723 0.0180
3.2005 3.1139 3.1723 0.0180
3.2005 3.1139 3.1723 0.0180
3.2005 3.1139 3.1723 0.0180
3.2005 3.1139 3.1723 0.0180
3.2005 3.1139 3.1723 0.0180
3.2005 3.1139 3.1725 0.0180
3.2005 3.1139 3.1725 0.0180
3.2005 3.1139 3.1727 0.0180
3.2005 3.1139 3.1732 0.0179
3.2005 3.1139 3.1732 0.0179
3.2005 3.1139 3.1732 0.0179
3.2005 3.1139 3.1735 0.0176
3.2005 3.1139 3.1735 0.0176
3.2005 3.1139 3.1735 0.0176
3.2005 3.1139 3.1738 0.0175
3.2005 3.1139 3.1738 0.0175
3.2005 3.1139 3.1738 0.0175
3.2005 3.1139 3.1739 0.0175
3.2005 3.1139 3.1745 0.0170
3.2005 3.1139 3.1747 0.0171
3.2005 3.1139 3.1747 0.0171
3.2005 3.1139 3.1747 0.0171
3.2005 3.1139 3.1749 0.0168
3.2005 3.1139 3.1749 0.0168
3.2005 3.1139 3.1749 0.0168
3.2005 3.1139 3.1749 0.0168
3.2005 3.1139 3.1749 0.0168
3.2005 3.1139 3.1749 0.0168
3.2005 3.1139 3.1751 0.0168
3.2005 3.1139 3.1751 0.0168
3.2005 3.1139 3.1751 0.0168
3.2005 3.1139 3.1751 0.0168
3.2005 3.1139 3.1753 0.0167
3.2005 3.1139 3.1753 0.0167
3.2005 3.1139 3.1756 0.0169
3.2005 3.1139 3.1756 0.0169
3.2005 3.1139 3.1756 0.0169
3.2005 3.1139 3.1756 0.0169
3.2005 3.1139 3.1756 0.0169
3.2005 3.1139 3.1758 0.0170
3.2005 3.1139 3.1759 0.0168
3.2005 3.1139 3.1759 0.0168
3.2005 3.1139 3.1763 0.0165
3.2005 3.1139 3.1763 0.0165
3.2005 3.1139 3.1763 0.0165
3.2005 3.1139 3.1763 0.0165
3.2005 3.1139 3.1763 0.0165
3.2005 3.1139 3.1764 0.0166
3.2005 3.1139 3.1764 0.0166
3.2005 3.1139 3.1764 0.0166
3.2005 3.1139 3.1764 0.0166
3.2005 3.1139 3.1764 0.0166
3.2005 3.1139 3.1764 0.0166
3.2005 3.1139 3.1764 0.0166
3.2005 3.1139 3.1764 0.0166
3.2005 3.1139 3.1764 0.0166
3.2005 3.1139 3.1764 0.0166
3.2005 3.1139 3.1764 0.0166
3.2005 3.1139 3.1764 0.0166
3.2005 3.1139 3.1765 0.0167
3.2005 3.1139 3.1765 0.0167
3.2005 3.1139 3.1765 0.0167
3.2005 3.1139 3.1765 0.0167
3.2005 3.1139 3.1767 0.0168
3.2005 3.1139 3.1767 0.0168
3.2005 3.1139 3.1767 0.0168
3.2005 3.1139 3.1771 0.0167
3.2005 3.1139 3.1771 0.0166
3.2005 3.1139 3.1772 0.0166
3.2005 3.1139 3.1772 0.0166
3.2005 3.1139 3.1772 0.0166
3.2005 3.1139 3.1772 0.0166
3.2005 3.1139 3.1772 0.0166
3.2005 3.1139 3.1772 0.0166
3.2005 3.1139 3.1772 0.0166
3.2005 3.1139 3.1772 0.0166
3.2005 3.1139 3.1773 0.0167
3.2005 3.1139 3.1778 0.0165
3.2005 3.1139 3.1778 0.0165
3.2005 3.1139 3.1778 0.0165
3.2005 3.1139 3.1778 0.0165
3.2005 3.1139 3.1778 0.0165
3.2005 3.1139 3.1778 0.0165
3.2005 3.1139 3.1778 0.0165
3.2005 3.1139 3.1778 0.0165
3.2005 3.1139 3.1779 0.0165
3.2005 3.1139 3.1779 0.0165
3.2005 3.1139 3.1779 0.0165
3.2005 3.1139 3.1779 0.0165
3.2005 3.1139 3.1780 0.0164
3.2005 3.1139 3.1780 0.0164
3.2005 3.1139 3.1780 0.0164
3.2005 3.1139 3.1780 0.0164
3.2031 3.1139 3.1787 0.0162
3.2031 3.1139 3.1787 0.0162
3.2031 3.1139 3.1788 0.0161
3.2031 3.1139 3.1788 0.0161
3.2031 3.1139 3.1788 0.0161
3.2031 3.1139 3.1790 0.0162
3.2031 3.1139 3.1790 0.0162
3.2031 3.1139 3.1790 0.0162
3.2031 3.1139 3.1790 0.0162
3.2031 3.1139 3.1790 0.0162
3.2031 3.1139 3.1790 0.0162
3.2031 3.1139 3.1790 0.0162
3.2031 3.1139 3.1790 0.0162
3.2031 3.1139 3.1792 0.0163
3.2031 3.1139 3.1793 0.0162
3.2031 3.1139 3.1793 0.0162
3.2031 3.1139 3.1793 0.0162
3.2031 3.1139 3.1793 0.0162
3.2031 3.1139 3.1794 0.0162
3.2031 3.1139 3.1794 0.0162
3.2031 3.1139 3.1794 0.0162
3.2031 3.1139 3.1794 0.0162
3.2031 3.1139 3.1794 0.0162
3.2031 3.1139 3.1795 0.0162
3.2031 3.1139 3.1795 0.0162
3.2031 3.1139 3.1795 0.0162
3.2031 3.1139 3.1797 0.0163
3.2031 3.1139 3.1797 0.0163
3.2031 3.1139 3.1797 0.0163
3.2031 3.1139 3.1797 0.0163
3.2031 3.1139 3.1797 0.0163
3.2031 3.1139 3.1797 0.0163
3.2031 3.1139 3.1797 0.0163
3.2031 3.1139 3.1801 0.0160
3.2031 3.1139 3.1801 0.0160
3.2031 3.1139 3.1801 0.0160
3.2031 3.1139 3.1802 0.0159
3.2031 3.1139 3.1807 0.0156
3.2031 3.1139 3.1807 0.0156
3.2031 3.1139 3.1807 0.0156
3.2031 3.1139 3.1807 0.0156
3.2031 3.1139 3.1807 0.0156
3.2031 3.1139 3.1807 0.0156
3.2031 3.1139 3.1807 0.0156
3.2031 3.1139 3.1807 0.0156
3.2031 3.1139 3.1807 0.0156
3.2031 3.1139 3.1809 0.0156
3.2031 3.1139 3.1809 0.0156
3.2031 3.1139 3.1812 0.0154
3.2031 3.1139 3.1812 0.0154
3.2031 3.1139 3.1812 0.0154
3.2031 3.1139 3.1812 0.0154
3.2031 3.1139 3.1812 0.0154
3.2031 3.1139 3.1814 0.0155
3.2031 3.1139 3.1814 0.0155
3.2031 3.1139 3.1814 0.0155
3.2031 3.1139 3.1814 0.0155
3.2031 3.1139 3.1814 0.0155
3.2031 3.1139 3.1814 0.0155
3.2031 3.1139 3.1817 0.0155
3.2031 3.1139 3.1817 0.0155
3.2031 3.1139 3.1817 0.0155
3.2031 3.1139 3.1819 0.0154
3.2031 3.1139 3.1819 0.0154
3.2031 3.1139 3.1819 0.0154
3.2031 3.1139 3.1819 0.0154
3.2031 3.1139 3.1819 0.0154
3.2031 3.1139 3.1821 0.0154
3.2031 3.1139 3.1824 0.0154
3.2031 3.1139 3.1826 0.0154
3.2031 3.1139 3.1826 0.0154
3.2031 3.1139 3.1826 0.0154
3.2031 3.1139 3.1826 0.0154
3.2031 3.1139 3.1826 0.0154
3.2031 3.1139 3.1829 0.0153
3.2031 3.1139 3.1829 0.0153
3.2031 3.1139 3.1829 0.0153
3.2031 3.1139 3.1829 0.0153
3.2031 3.1139 3.1833 0.0151
3.2031 3.1139 3.1833 0.0151
3.2031 3.1139 3.1833 0.0151
3.2031 3.1139 3.1833 0.0151
3.2031 3.1139 3.1833 0.0151
3.2031 3.1139 3.1833 0.0151
3.2031 3.1139 3.1833 0.0151
3.2031 3.1139 3.1833 0.0151
3.2031 3.1139 3.1834 0.0150
3.2031 3.1139 3.1834 0.0150
3.2031 3.1139 3.1834 0.0150
3.2031 3.1139 3.1835 0.0151
3.2031 3.1139 3.1835 0.0151
3.2100 3.1139 3.1838 0.0154
3.2100 3.1139 3.1838 0.0155
3.2100 3.1139 3.1838 0.0155
3.2100 3.1139 3.1838 0.0155
3.2100 3.1139 3.1840 0.0155
3.2100 3.1139 3.1840 0.0155
3.2100 3.1139 3.1840 0.0155
3.2100 3.1139 3.1840 0.0155
3.2100 3.1139 3.1840 0.0156
3.2100 3.1139 3.1840 0.0156
3.2100 3.1139 3.1840 0.0156
3.2100 3.1139 3.1840 0.0156
3.2100 3.1324 3.1848 0.0139
3.2100 3.1324 3.1848 0.0139
3.2100 3.1324 3.1848 0.0139
3.2100 3.1324 3.1848 0.0139
3.2100 3.1324 3.1848 0.0139
3.2100 3.1324 3.1848 0.0139
3.2100 3.1324 3.1848 0.0139
3.2100 3.1324 3.1849 0.0139
3.2100 3.1324 3.1849 0.0139
3.2100 3.1324 3.1849 0.0139
3.2100 3.1324 3.1850 0.0139
3.2100 3.1324 3.1854 0.0132
3.2100 3.1324 3.1854 0.0132
3.2100 3.1324 3.1856 0.0132
3.2100 3.1324 3.1856 0.0132
3.2100 3.1324 3.1856 0.0132
3.2100 3.1324 3.1856 0.0132
3.2100 3.1324 3.1856 0.0132
3.2100 3.1324 3.1856 0.0132
3.2100 3.1324 3.1856 0.0132
3.2100 3.1324 3.1856 0.0132
3.2100 3.1324 3.1856 0.0132
3.2100 3.1324 3.1857 0.0132
3.2100 3.1324 3.1857 0.0132
3.2100 3.1324 3.1857 0.0132
3.2100 3.1324 3.1857 0.0132
3.2100 3.1324 3.1857 0.0132
3.2100 3.1324 3.1857 0.0132
3.2100 3.1324 3.1857 0.0132
3.2100 3.1324 3.1857 0.0132
3.2100 3.1324 3.1857 0.0132
3.2100 3.1324 3.1857 0.0132
3.2100 3.1324 3.1857 0.0132
3.2100 3.1324 3.1857 0.0132
3.2100 3.1324 3.1857 0.0132
3.2100 3.1324 3.1857 0.0132
3.2100 3.1324 3.1857 0.0132
3.2100 3.1324 3.1857 0.0132
3.2100 3.1324 3.1857 0.0132
3.2100 3.1324 3.1857 0.0133
3.2100 3.1324 3.1857 0.0133
3.2100 3.1324 3.1858 0.0132
3.2100 3.1324 3.1859 0.0132
3.2100 3.1324 3.1860 0.0133
3.2100 3.1324 3.1860 0.0133
3.2100 3.1324 3.1860 0.0133
3.2100 3.1324 3.1862 0.0130
3.2100 3.1324 3.1864 0.0130
3.2100 3.1324 3.1864 0.0129
3.2100 3.1324 3.1864 0.0129
3.2100 3.1324 3.1864 0.0129
3.2100 3.1324 3.1866 0.0130
3.2100 3.1324 3.1866 0.0130
3.2100 3.1324 3.1867 0.0130
3.2100 3.1324 3.1867 0.0130
3.2100 3.1324 3.1868 0.0129
3.2100 3.1324 3.1868 0.0129
3.2100 3.1324 3.1868 0.0129
3.2100 3.1324 3.1868 0.0129
3.2100 3.1324 3.1868 0.0129
3.2100 3.1324 3.1868 0.0129
3.2100 3.1324 3.1868 0.0129
3.2100 3.1324 3.1868 0.0129
3.2100 3.1324 3.1868 0.0129
3.2100 3.1324 3.1868 0.0129
3.2100 3.1324 3.1868 0.0129
3.2100 3.1324 3.1868 0.0130
3.2100 3.1324 3.1868 0.0130
3.2100 3.1324 3.1868 0.0130
3.2100 3.1324 3.1868 0.0130
3.2100 3.1324 3.1868 0.0130
3.2100 3.1324 3.1868 0.0130
3.2100 3.1324 3.1868 0.0130
3.2100 3.1324 3.1868 0.0129
3.2100 3.1324 3.1869 0.0129
3.2100 3.1324 3.1869 0.0129
3.2100 3.1324 3.1869 0.0129
3.2100 3.1324 3.1869 0.0130
3.2429 3.1324 3.1873 0.0141
3.2429 3.1324 3.1874 0.0140
3.2429 3.1324 3.1874 0.0140
3.2429 3.1324 3.1874 0.0140
3.2429 3.1324 3.1874 0.0140
3.2429 3.1324 3.1877 0.0134
3.2429 3.1324 3.1877 0.0134
3.2429 3.1324 3.1878 0.0135
3.2429 3.1324 3.1878 0.0135
3.2429 3.1324 3.1878 0.0135
3.2429 3.1324 3.1878 0.0135
3.2429 3.1324 3.1881 0.0136
3.2429 3.1324 3.1883 0.0135
3.2429 3.1324 3.1883 0.0135
3.2429 3.1324 3.1884 0.0135
3.2429 3.1324 3.1887 0.0133
3.2429 3.1324 3.1888 0.0133
3.2429 3.1324 3.1889 0.0133
3.2429 3.1324 3.1889 0.0133
3.2429 3.1324 3.1889 0.0133
3.2429 3.1324 3.1889 0.0133
3.2429 3.1324 3.1889 0.0133
3.2429 3.1324 3.1889 0.0133
3.2429 3.1324 3.1889 0.0133
3.2429 3.1324 3.1889 0.0133
3.2429 3.1324 3.1889 0.0133
3.2429 3.1324 3.1889 0.0133
3.2429 3.1324 3.1889 0.0133
3.2429 3.1324 3.1889 0.0133
3.2429 3.1324 3.1890 0.0133
3.2429 3.1324 3.1890 0.0133
3.2429 3.1324 3.1890 0.0133
3.2429 3.1324 3.1890 0.0133
3.2429 3.1324 3.1890 0.0133
3.2429 3.1324 3.1890 0.0133
3.2429 3.1324 3.1891 0.0133
3.2429 3.1324 3.1895 0.0141
3.2429 3.1324 3.1895 0.0141
3.2429 3.1324 3.1896 0.0141
3.2429 3.1324 3.1896 0.0141
3.2429 3.1324 3.1896 0.0141
3.2429 3.1324 3.1896 0.0141
3.2429 3.1324 3.1896 0.0141
3.2429 3.1324 3.1896 0.0141
3.2429 3.1324 3.1902 0.0150
3.2429 3.1324 3.1902 0.0150
3.2429 3.1324 3.1907 0.0158
3.2429 3.1324 3.1907 0.0158
3.2429 3.1324 3.1913 0.0167
3.2429 3.1324 3.1914 0.0166
3.2429 3.1324 3.1914 0.0166
3.2429 3.1324 3.1914 0.0167
3.2429 3.1324 3.1914 0.0167
3.2429 3.1450 3.1919 0.0156
3.2429 3.1450 3.1919 0.0156
3.2429 3.1450 3.1919 0.0156
3.2429 3.1450 3.1920 0.0156
3.2429 3.1450 3.1920 0.0156
3.2429 3.1450 3.1920 0.0156
3.2429 3.1450 3.1920 0.0156
3.2429 3.1450 3.1920 0.0156
3.2429 3.1450 3.1920 0.0156
3.2429 3.1450 3.1921 0.0157
3.2429 3.1450 3.1922 0.0157
3.2429 3.1450 3.1926 0.0164
3.2429 3.1450 3.1926 0.0164
3.2429 3.1450 3.1927 0.0163
3.2429 3.1450 3.1929 0.0162
3.2429 3.1450 3.1930 0.0161
3.2429 3.1450 3.1931 0.0161
3.2429 3.1450 3.1931 0.0161
3.2429 3.1450 3.1931 0.0161
3.2429 3.1450 3.1933 0.0162
3.2429 3.1450 3.1933 0.0162
3.2429 3.1450 3.1933 0.0162
3.2429 3.1450 3.1933 0.0162
3.2429 3.1450 3.1934 0.0161
3.2429 3.1450 3.1937 0.0168
3.2429 3.1450 3.1937 0.0168
3.2429 3.1450 3.1937 0.0168
3.2429 3.1450 3.1937 0.0168
3.2429 3.1450 3.1937 0.0168
3.2429 3.1450 3.1938 0.0167
3.2429 3.1450 3.1941 0.0169
3.2429 3.1450 3.1941 0.0169
3.2429 3.1450 3.1941 0.0169
3.2429 3.1450 3.1941 0.0169
3.2429 3.1450 3.1943 0.0169
3.2429 3.1450 3.1943 0.0169
3.2429 3.1450 3.1943 0.0169
3.2429 3.1450 3.1943 0.0169
3.2429 3.1450 3.1943 0.0169
3.2479 3.1450 3.1948 0.0177
3.2479 3.1450 3.1948 0.0177
3.2479 3.1450 3.1949 0.0177
3.2479 3.1450 3.1949 0.0177
3.2479 3.1450 3.1949 0.0177
3.2479 3.1450 3.1955 0.0184
3.2479 3.1450 3.1957 0.0183
3.2479 3.1450 3.1957 0.0183
3.2479 3.1450 3.1957 0.0183
3.2479 3.1450 3.1957 0.0183
3.2479 3.1450 3.1957 0.0183
3.2479 3.1450 3.1957 0.0183
3.2479 3.1450 3.1957 0.0183
3.2479 3.1450 3.1957 0.0183
3.2479 3.1450 3.1957 0.0183
3.2479 3.1450 3.1957 0.0183
3.2479 3.1450 3.1957 0.0183
3.2479 3.1450 3.1957 0.0183
3.2479 3.1450 3.1957 0.0183
3.2479 3.1450 3.1958 0.0183
3.2479 3.1450 3.1958 0.0183
3.2479 3.1450 3.1958 0.0183
3.2479 3.1450 3.1958 0.0183
3.2479 3.1450 3.1958 0.0183
3.2479 3.1450 3.1958 0.0183
3.2479 3.1450 3.1958 0.0183
3.2479 3.1450 3.1958 0.0183
3.2479 3.1450 3.1959 0.0183
3.2479 3.1450 3.1959 0.0183
3.2479 3.1450 3.1960 0.0183
3.2479 3.1450 3.1960 0.0183
3.2479 3.1450 3.1961 0.0182
3.2479 3.1450 3.1961 0.0182
3.2479 3.1450 3.1961 0.0182
3.2479 3.1450 3.1961 0.0182
3.2479 3.1450 3.1962 0.0182
3.2479 3.1450 3.1962 0.0182
3.2479 3.1450 3.1962 0.0182
3.2479 3.1450 3.1962 0.0182
3.2479 3.1450 3.1962 0.0182
3.2479 3.1450 3.1962 0.0182
3.2479 3.1450 3.1962 0.0182
3.2479 3.1450 3.1962 0.0182
3.2479 3.1450 3.1962 0.0182
3.2479 3.1450 3.1962 0.0182
3.2479 3.1450 3.1962 0.0182
3.2479 3.1450 3.1963 0.0182
3.2479 3.1450 3.1963 0.0182
3.2479 3.1450 3.1963 0.0183
3.2479 3.1450 3.1963 0.0183
3.2479 3.1450 3.1963 0.0183
3.2479 3.1450 3.1963 0.0183
3.2479 3.1450 3.1963 0.0183
3.2479 3.1450 3.1967 0.0188
3.2479 3.1450 3.1969 0.0187
3.2479 3.1450 3.1969 0.0187
3.2479 3.1450 3.1975 0.0190
3.2479 3.1450 3.1975 0.0190
3.2479 3.1450 3.1977 0.0188
3.2479 3.1450 3.1977 0.0188
3.2479 3.1450 3.1977 0.0188
3.2479 3.1450 3.1977 0.0188
3.2479 3.1450 3.1978 0.0188
3.2479 3.1450 3.1978 0.0188
3.2479 3.1450 3.1978 0.0188
3.2479 3.1450 3.1978 0.0188
3.2479 3.1450 3.1978 0.0188
3.2479 3.1450 3.1978 0.0188
3.2479 3.1450 3.1983 0.0194
3.2479 3.1450 3.1983 0.0194
3.2479 3.1450 3.1983 0.0194
3.2479 3.1450 3.1983 0.0194
3.2479 3.1450 3.1983 0.0194
3.2479 3.1450 3.1983 0.0194
3.2479 3.1450 3.1983 0.0194
3.2479 3.1450 3.1985 0.0195
3.2479 3.1450 3.1985 0.0195
3.2479 3.1450 3.1985 0.0195
3.2479 3.1450 3.1989 0.0199
3.2479 3.1450 3.1989 0.0199
3.2479 3.1450 3.1996 0.0201
3.2479 3.1450 3.1996 0.0201
3.2479 3.1450 3.1996 0.0201
3.2479 3.1450 3.1996 0.0201
3.2479 3.1450 3.1996 0.0201
3.2479 3.1450 3.1996 0.0201
3.2479 3.1450 3.1996 0.0201
3.2479 3.1450 3.1998 0.0201
3.2479 3.1450 3.1998 0.0201
3.2479 3.1450 3.1998 0.0201
3.2479 3.1450 3.1998 0.0201
3.2479 3.1450 3.2002 0.0206
3.2479 3.1450 3.2002 0.0206
3.2479 3.1450 3.2002 0.0206
3.2479 3.1450 3.2006 0.0209
3.2479 3.1450 3.2006 0.0209
3.2479 3.1450 3.2006 0.0209
3.2479 3.1450 3.2006 0.0209
3.2479 3.1450 3.2006 0.0209
3.2479 3.1450 3.2010 0.0213
3.2479 3.1450 3.2011 0.0212
3.2479 3.1450 3.2011 0.0212
3.2479 3.1450 3.2011 0.0212
3.2479 3.1450 3.2011 0.0212
3.2479 3.1450 3.2018 0.0219
3.2615 3.1450 3.2024 0.0226
3.2615 3.1450 3.2024 0.0226
3.2615 3.1450 3.2026 0.0230
3.2615 3.1450 3.2032 0.0233
3.2615 3.1450 3.2032 0.0233
3.2615 3.1450 3.2032 0.0233
3.2615 3.1450 3.2032 0.0233
3.2615 3.1450 3.2036 0.0237
3.2615 3.1450 3.2036 0.0237
3.2615 3.1450 3.2038 0.0235
3.2615 3.1450 3.2039 0.0235
3.2615 3.1450 3.2039 0.0235
3.2615 3.1450 3.2039 0.0235
3.2615 3.1450 3.2039 0.0235
3.2615 3.1450 3.2039 0.0235
3.2615 3.1450 3.2039 0.0235
3.2615 3.1450 3.2040 0.0235
3.2615 3.1450 3.2040 0.0235
3.2615 3.1450 3.2040 0.0235
3.2615 3.1450 3.2040 0.0235
3.2615 3.1450 3.2040 0.0235
3.2615 3.1450 3.2040 0.0235
3.2615 3.1450 3.2045 0.0227
3.2615 3.1450 3.2048 0.0226
3.2615 3.1450 3.2048 0.0226
3.2615 3.1450 3.2048 0.0226
3.2615 3.1450 3.2048 0.0226
3.2615 3.1450 3.2051 0.0227
3.2615 3.1450 3.2053 0.0227
3.2615 3.1450 3.2053 0.0227
3.2615 3.1450 3.2053 0.0227
3.2615 3.1450 3.2053 0.0227
3.2615 3.1450 3.2056 0.0230
3.2615 3.1450 3.2058 0.0232
3.2615 3.1450 3.2060 0.0230
3.2615 3.1450 3.2060 0.0230
3.2615 3.1450 3.2061 0.0232
3.2615 3.1450 3.2061 0.0232
3.2615 3.1450 3.2064 0.0232
3.2615 3.1450 3.2064 0.0232
3.2615 3.1450 3.2070 0.0233
3.2615 3.1450 3.2070 0.0233
3.2615 3.1450 3.2070 0.0233
3.2615 3.1450 3.2073 0.0233
3.2615 3.1450 3.2073 0.0233
3.2615 3.1450 3.2073 0.0233
3.2615 3.1450 3.2077 0.0235
3.2615 3.1450 3.2080 0.0237
3.2615 3.1450 3.2080 0.0237
3.2615 3.1450 3.2081 0.0237
3.2615 3.1450 3.2081 0.0237
3.2615 3.1450 3.2081 0.0237
3.2615 3.1450 3.2081 0.0237
3.2615 3.1450 3.2088 0.0243
3.2615 3.1450 3.2089 0.0242
3.2630 3.1450 3.2091 0.0245
3.2630 3.1450 3.2094 0.0245
3.2630 3.1450 3.2095 0.0245
3.2630 3.1450 3.2095 0.0245
3.2630 3.1450 3.2095 0.0245
3.2630 3.1450 3.2096 0.0244
3.2630 3.1450 3.2096 0.0244
3.2630 3.1450 3.2103 0.0250
3.2630 3.1450 3.2103 0.0250
3.2630 3.1450 3.2103 0.0250
3.2630 3.1450 3.2103 0.0250
3.2630 3.1450 3.2104 0.0250
3.2630 3.1450 3.2105 0.0252
3.2630 3.1450 3.2105 0.0252
3.2630 3.1450 3.2105 0.0252
3.2630 3.1450 3.2105 0.0252
3.2630 3.1450 3.2105 0.0252
3.2630 3.1450 3.2105 0.0252
3.2630 3.1450 3.2111 0.0253
3.2630 3.1450 3.2111 0.0253
3.2630 3.1450 3.2111 0.0253
3.2630 3.1450 3.2111 0.0253
3.2630 3.1450 3.2111 0.0253
3.2630 3.1450 3.2114 0.0254
3.2630 3.1450 3.2114 0.0254
3.2630 3.1450 3.2115 0.0254
3.2630 3.1450 3.2115 0.0254
3.2630 3.1450 3.2115 0.0254
3.2630 3.1450 3.2115 0.0254
3.2630 3.1450 3.2115 0.0254
3.2630 3.1450 3.2115 0.0254
3.2630 3.1450 3.2116 0.0253
3.2630 3.1450 3.2116 0.0254
3.2630 3.1450 3.2116 0.0254
3.2630 3.1450 3.2116 0.0254
3.2630 3.1450 3.2116 0.0254
3.2630 3.1450 3.2122 0.0256
3.2630 3.1450 3.2126 0.0257
3.2630 3.1450 3.2126 0.0257
3.2630 3.1450 3.2126 0.0257
3.2630 3.1450 3.2128 0.0257
3.2630 3.1450 3.2132 0.0258
3.2630 3.1450 3.2132 0.0258
3.2630 3.1450 3.2132 0.0258
3.2630 3.1450 3.2132 0.0258
3.2630 3.1450 3.2134 0.0259
3.2630 3.1450 3.2134 0.0259
3.2630 3.1450 3.2134 0.0259
3.2630 3.1450 3.2135 0.0258
3.2630 3.1450 3.2138 0.0259
3.2630 3.1450 3.2138 0.0259
3.2630 3.1450 3.2138 0.0259
3.2630 3.1450 3.2138 0.0259
3.2630 3.1450 3.2139 0.0260
3.2630 3.1450 3.2139 0.0260
3.2630 3.1450 3.2143 0.0262
3.2630 3.1450 3.2144 0.0262
3.2630 3.1450 3.2148 0.0263
3.2630 3.1450 3.2150 0.0263
3.2630 3.1450 3.2150 0.0263
3.2630 3.1450 3.2151 0.0263
3.2630 3.1450 3.2151 0.0263
3.2630 3.1450 3.2151 0.0263
3.2630 3.1450 3.2151 0.0263
3.2630 3.1450 3.2151 0.0263
3.2630 3.1450 3.2156 0.0266
3.2630 3.1450 3.2161 0.0268
3.2630 3.1450 3.2171 0.0273
3.2630 3.1450 3.2171 0.0273
3.2630 3.1450 3.2177 0.0275
3.2630 3.1450 3.2177 0.0275
3.2630 3.1450 3.2178 0.0276
3.2630 3.1450 3.2179 0.0274
3.2630 3.1450 3.2179 0.0274
3.2630 3.1450 3.2179 0.0274
3.2630 3.1450 3.2184 0.0277
3.2630 3.1450 3.2184 0.0277
3.2630 3.1450 3.2185 0.0278
3.2630 3.1450 3.2185 0.0278
3.2630 3.1450 3.2190 0.0277
3.2630 3.1450 3.2190 0.0277
3.2630 3.1450 3.2190 0.0277
3.2630 3.1450 3.2191 0.0277
3.2630 3.1450 3.2191 0.0277
3.2630 3.1450 3.2192 0.0276
3.2630 3.1450 3.2192 0.0276
3.2630 3.1450 3.2196 0.0276
3.2630 3.1450 3.2196 0.0276
3.2630 3.1450 3.2197 0.0276
3.2630 3.1450 3.2200 0.0276
3.2630 3.1450 3.2200 0.0276
3.2630 3.1450 3.2200 0.0276
3.2630 3.1450 3.2200 0.0276
3.2630 3.1450 3.2200 0.0276
3.2630 3.1450 3.2200 0.0276
3.2630 3.1450 3.2200 0.0276
3.2630 3.1450 3.2200 0.0276
3.2630 3.1450 3.2201 0.0275
3.2630 3.1450 3.2201 0.0275
3.2630 3.1450 3.2201 0.0275
3.2630 3.1450 3.2201 0.0275
3.2630 3.1450 3.2201 0.0275
3.2630 3.1450 3.2201 0.0275
3.2630 3.1450 3.2207 0.0276
3.2630 3.1450 3.2208 0.0276
3.2630 3.1450 3.2214 0.0277
3.2630 3.1450 3.2214 0.0277
3.2630 3.1450 3.2216 0.0275
3.2630 3.1450 3.2216 0.0275
3.2630 3.1450 3.2216 0.0275
3.2630 3.1450 3.2221 0.0275
3.2630 3.1450 3.2221 0.0275
3.2630 3.1450 3.2222 0.0274
3.2630 3.1450 3.2223 0.0273
3.2630 3.1450 3.2223 0.0273
3.2630 3.1450 3.2227 0.0273
3.2630 3.1450 3.2232 0.0272
3.2630 3.1450 3.2232 0.0272
3.2630 3.1450 3.2232 0.0272
3.2630 3.1450 3.2232 0.0272
3.2630 3.1450 3.2234 0.0273
3.2630 3.1450 3.2239 0.0272
3.2630 3.1450 3.2239 0.0272
3.2630 3.1450 3.2240 0.0272
3.2630 3.1450 3.2244 0.0272
3.2630 3.1450 3.2245 0.0273
3.2630 3.1450 3.2248 0.0271
3.2630 3.1450 3.2249 0.0272
3.2630 3.1450 3.2249 0.0272
3.2630 3.1450 3.2249 0.0272
3.2630 3.1450 3.2249 0.0272
3.2630 3.1450 3.2256 0.0273
3.2630 3.1450 3.2256 0.0273
3.2630 3.1450 3.2261 0.0271
3.2630 3.1450 3.2261 0.0271
3.2630 3.1450 3.2264 0.0269
3.2630 3.1450 3.2264 0.0269
3.2630 3.1450 3.2265 0.0269
3.2630 3.1450 3.2265 0.0269
3.2630 3.1450 3.2265 0.0269
3.2630 3.1450 3.2270 0.0268
3.2630 3.1450 3.2270 0.0268
3.2630 3.1450 3.2272 0.0266
3.2630 3.1450 3.2275 0.0264
3.2630 3.1450 3.2275 0.0264
3.2630 3.1450 3.2275 0.0264
3.2630 3.1450 3.2275 0.0264
3.2630 3.1450 3.2276 0.0264
3.2630 3.1450 3.2280 0.0263
3.2630 3.1450 3.2280 0.0263
3.2630 3.1450 3.2280 0.0263
3.2630 3.1450 3.2280 0.0263
3.2630 3.1450 3.2280 0.0263
3.2630 3.1450 3.2280 0.0263
3.2630 3.1450 3.2281 0.0262
3.2630 3.1450 3.2281 0.0262
3.2630 3.1450 3.2282 0.0261
3.2630 3.1450 3.2282 0.0262
3.2630 3.1450 3.2282 0.0262
3.2630 3.1450 3.2282 0.0262
3.2630 3.1450 3.2282 0.0262
3.2630 3.1450 3.2287 0.0262
3.2630 3.1450 3.2287 0.0262
3.2630 3.1450 3.2288 0.0261
3.2630 3.1720 3.2295 0.0248
3.2630 3.1720 3.2299 0.0249
3.2630 3.1720 3.2300 0.0251
3.2630 3.1720 3.2300 0.0251
3.2630 3.1720 3.2300 0.0251
3.2630 3.1720 3.2301 0.0251
3.2630 3.1720 3.2302 0.0252
3.2630 3.1720 3.2302 0.0252
3.2630 3.1720 3.2302 0.0252
3.2630 3.1720 3.2302 0.0252
3.2630 3.1720 3.2302 0.0252
3.2630 3.1720 3.2302 0.0252
3.2630 3.1720 3.2302 0.0252
3.2630 3.1720 3.2304 0.0253
3.2630 3.1720 3.2305 0.0254
3.2630 3.1720 3.2309 0.0251
3.2630 3.1720 3.2309 0.0251
3.2630 3.1720 3.2309 0.0251
3.2630 3.1720 3.2310 0.0252
3.2630 3.1720 3.2311 0.0251
3.2630 3.1720 3.2313 0.0249
3.2630 3.1720 3.2313 0.0249
3.2630 3.1720 3.2313 0.0249
3.2630 3.1720 3.2313 0.0249
3.2630 3.1720 3.2315 0.0251
3.2630 3.1720 3.2315 0.0251
3.2630 3.1720 3.2316 0.0251
3.2630 3.1720 3.2317 0.0251
3.2630 3.1720 3.2317 0.0251
3.2630 3.1720 3.2317 0.0251
3.2630 3.1720 3.2317 0.0251
3.2630 3.1720 3.2317 0.0252
3.2630 3.1720 3.2319 0.0252
3.2630 3.1720 3.2320 0.0252
3.2630 3.1720 3.2320 0.0252
3.2630 3.1720 3.2320 0.0252
3.2630 3.1720 3.2321 0.0254
3.2672 3.1720 3.2324 0.0256
3.2672 3.1720 3.2325 0.0257
3.2672 3.1720 3.2326 0.0256
3.2672 3.1720 3.2326 0.0256
3.2672 3.1720 3.2326 0.0255
3.2672 3.1720 3.2327 0.0256
3.2672 3.1720 3.2327 0.0256
3.2672 3.1720 3.2329 0.0256
3.2672 3.1720 3.2329 0.0256
3.2672 3.1720 3.2331 0.0258
3.2672 3.1720 3.2331 0.0258
3.2672 3.1720 3.2331 0.0258
3.2672 3.1720 3.2331 0.0258
3.2672 3.1720 3.2332 0.0258
3.2672 3.1720 3.2332 0.0258
3.2672 3.1720 3.2334 0.0259
3.2672 3.1720 3.2334 0.0260
3.2672 3.1720 3.2334 0.0259
3.2672 3.1720 3.2334 0.0259
3.2672 3.1720 3.2334 0.0259
3.2672 3.1720 3.2334 0.0259
3.2672 3.1720 3.2334 0.0259
3.2672 3.1720 3.2339 0.0259
3.2672 3.1720 3.2344 0.0257
3.2672 3.1720 3.2344 0.0257
3.2672 3.1720 3.2348 0.0254
3.2672 3.1720 3.2348 0.0254
3.2672 3.1720 3.2348 0.0254
3.2672 3.1720 3.2348 0.0254
3.2672 3.1720 3.2348 0.0254
3.2672 3.1720 3.2348 0.0254
3.2672 3.1720 3.2348 0.0254
3.2672 3.1720 3.2348 0.0254
3.2672 3.1720 3.2348 0.0254
3.2672 3.1720 3.2348 0.0254
3.2736 3.1720 3.2350 0.0256
3.2736 3.1720 3.2350 0.0256
3.2736 3.1720 3.2350 0.0256
3.2736 3.1720 3.2350 0.0256
3.2736 3.1720 3.2350 0.0256
3.2736 3.1720 3.2350 0.0256
3.2736 3.1720 3.2350 0.0256
3.2736 3.1720 3.2351 0.0257
3.2736 3.1720 3.2355 0.0256
3.2736 3.1720 3.2355 0.0256
3.2736 3.1720 3.2355 0.0256
3.2736 3.1720 3.2355 0.0256
3.2736 3.1720 3.2355 0.0256
3.2736 3.1720 3.2355 0.0256
3.2736 3.1720 3.2355 0.0256
3.2736 3.1720 3.2355 0.0256
3.2736 3.1720 3.2355 0.0256
3.2736 3.1720 3.2355 0.0256
3.2736 3.1720 3.2355 0.0256
3.2736 3.1720 3.2356 0.0257
3.2736 3.1720 3.2357 0.0258
3.2736 3.1720 3.2357 0.0258
3.2736 3.1720 3.2357 0.0258
3.2736 3.1720 3.2358 0.0258
3.2736 3.1720 3.2358 0.0258
3.2736 3.1720 3.2362 0.0256
3.2736 3.1720 3.2363 0.0256
3.2736 3.1720 3.2369 0.0253
3.2736 3.1720 3.2369 0.0253
3.2736 3.1720 3.2369 0.0253
3.2736 3.1720 3.2369 0.0253
3.2736 3.1720 3.2371 0.0252
3.2736 3.1720 3.2371 0.0252
3.2736 3.1720 3.2371 0.0252
3.2736 3.1720 3.2371 0.0252
3.2736 3.1720 3.2374 0.0251
3.2736 3.1720 3.2380 0.0249
3.2736 3.1720 3.2380 0.0249
3.2736 3.1720 3.2382 0.0249
3.2736 3.1796 3.2389 0.0240
3.2736 3.1796 3.2395 0.0236
3.2736 3.1796 3.2395 0.0236
3.2736 3.1796 3.2395 0.0236
3.2736 3.1796 3.2395 0.0236
3.2736 3.1796 3.2395 0.0236
3.2736 3.1796 3.2398 0.0237
3.2736 3.1796 3.2398 0.0237
3.2736 3.1796 3.2398 0.0237
3.2736 3.1796 3.2399 0.0237
3.2736 3.1796 3.2399 0.0237
3.2736 3.1796 3.2399 0.0237
3.2736 3.1796 3.2399 0.0237
3.2736 3.1796 3.2399 0.0237
3.2736 3.1796 3.2399 0.0237
3.2736 3.1796 3.2399 0.0237
3.2736 3.1796 3.2399 0.0237
3.2736 3.1796 3.2406 0.0230
3.2736 3.1796 3.2406 0.0231
3.2736 3.1796 3.2406 0.0231
3.2736 3.1796 3.2406 0.0231
3.2736 3.1796 3.2406 0.0231
3.2736 3.1796 3.2407 0.0231
3.2736 3.1796 3.2412 0.0229
3.2736 3.1796 3.2412 0.0229
3.2736 3.1796 3.2412 0.0229
3.2736 3.1796 3.2414 0.0230
3.2736 3.1796 3.2415 0.0230
3.2736 3.1796 3.2421 0.0226
3.2736 3.1796 3.2427 0.0219
3.2736 3.1796 3.2427 0.0219
3.2736 3.1796 3.2427 0.0219
3.2736 3.1796 3.2428 0.0217
3.2736 3.1796 3.2428 0.0217
3.2736 3.1796 3.2429 0.0217
3.2736 3.1796 3.2429 0.0217
3.2736 3.1796 3.2430 0.0218
3.2736 3.1796 3.2434 0.0213
3.2736 3.1796 3.2434 0.0213
3.2736 3.1796 3.2434 0.0213
3.2736 3.1796 3.2439 0.0208
3.2736 3.1796 3.2439 0.0208
3.2736 3.1796 3.2440 0.0206
3.2736 3.1796 3.2440 0.0206
3.2736 3.1796 3.2440 0.0206
3.2736 3.1796 3.2440 0.0206
3.2736 3.1796 3.2440 0.0206
3.2736 3.1796 3.2440 0.0206
3.2736 3.1796 3.2440 0.0206
3.2736 3.1796 3.2440 0.0206
3.2736 3.1796 3.2440 0.0206
3.2736 3.1796 3.2441 0.0206
3.2736 3.1796 3.2441 0.0206
3.2736 3.1796 3.2441 0.0206
3.2736 3.1802 3.2449 0.0196
3.2736 3.1802 3.2449 0.0196
3.2736 3.1802 3.2449 0.0196
3.2736 3.1802 3.2450 0.0196
3.2736 3.1802 3.2451 0.0197
3.2736 3.1802 3.2451 0.0197
3.2736 3.1802 3.2452 0.0197
3.2736 3.1802 3.2452 0.0197
3.2736 3.1802 3.2452 0.0197
3.2736 3.1802 3.2452 0.0197
3.2736 3.1802 3.2452 0.0197
3.2736 3.1802 3.2452 0.0197
3.2736 3.1802 3.2452 0.0197
3.2736 3.1802 3.2452 0.0197
3.2736 3.1802 3.2453 0.0197
3.2736 3.1802 3.2453 0.0197
3.2736 3.1802 3.2453 0.0197
3.2736 3.1802 3.2453 0.0197
3.2736 3.1802 3.2453 0.0197
3.2736 3.1802 3.2453 0.0197
3.2736 3.1802 3.2458 0.0194
3.2736 3.1802 3.2458 0.0194
3.2736 3.1802 3.2458 0.0194
3.2736 3.1802 3.2458 0.0194
3.2736 3.1802 3.2458 0.0194
3.2736 3.1802 3.2459 0.0194
3.2736 3.1802 3.2459 0.0194
3.2736 3.1802 3.2460 0.0193
3.2736 3.1802 3.2460 0.0193
3.2736 3.1802 3.2460 0.0193
3.2736 3.1802 3.2460 0.0193
3.2736 3.1802 3.2460 0.0193
3.2736 3.1802 3.2460 0.0193
3.2736 3.1802 3.2461 0.0194
3.2736 3.1802 3.2461 0.0194
3.2736 3.1802 3.2462 0.0194
3.2736 3.1802 3.2463 0.0195
3.2736 3.1802 3.2463 0.0195
3.2736 3.1802 3.2463 0.0195
3.2736 3.1802 3.2464 0.0196
3.2736 3.1802 3.2464 0.0196
3.2736 3.1802 3.2464 0.0196
3.2736 3.1802 3.2464 0.0196
3.2736 3.1802 3.2467 0.0197
3.2736 3.1802 3.2467 0.0197
3.2736 3.1802 3.2467 0.0197
3.2736 3.1802 3.2467 0.0197
3.2736 3.1802 3.2467 0.0197
3.2736 3.1802 3.2467 0.0197
3.2736 3.1802 3.2467 0.0197
3.2736 3.1802 3.2467 0.0197
3.2736 3.1802 3.2467 0.0197
3.2736 3.1802 3.2469 0.0198
3.2736 3.1802 3.2475 0.0192
3.2736 3.1802 3.2475 0.0192
3.2736 3.1802 3.2482 0.0185
3.2736 3.1802 3.2482 0.0185
3.2736 3.1802 3.2483 0.0186
3.2736 3.1802 3.2485 0.0184
3.2736 3.1802 3.2485 0.0184
3.2736 3.1802 3.2485 0.0184
3.2736 3.1802 3.2486 0.0184
3.2736 3.1802 3.2487 0.0185
3.2736 3.1802 3.2488 0.0185
3.2736 3.1802 3.2489 0.0185
3.2736 3.1802 3.2489 0.0185
3.2736 3.1802 3.2496 0.0172
3.2736 3.1802 3.2496 0.0172
3.2736 3.1802 3.2496 0.0172
3.2736 3.1802 3.2496 0.0172
3.2736 3.1802 3.2496 0.0172
3.2736 3.1802 3.2496 0.0172
3.2736 3.1802 3.2496 0.0172
3.2736 3.1802 3.2496 0.0172
3.2736 3.1802 3.2500 0.0168
3.2736 3.1802 3.2500 0.0168
3.2736 3.1802 3.2502 0.0168
3.2736 3.1802 3.2502 0.0168
3.2736 3.1802 3.2502 0.0168
3.2736 3.1802 3.2502 0.0168
3.2736 3.1802 3.2502 0.0168
3.2736 3.1802 3.2502 0.0168
3.2736 3.1802 3.2502 0.0168
3.2736 3.1802 3.2504 0.0169
3.2736 3.1802 3.2504 0.0169
3.2736 3.1802 3.2504 0.0169
3.2736 3.1802 3.2509 0.0163
3.2736 3.1802 3.2509 0.0163
3.2736 3.1802 3.2509 0.0163
3.2736 3.1802 3.2509 0.0163
3.2736 3.1802 3.2509 0.0163
3.2736 3.1802 3.2511 0.0163
3.2736 3.1802 3.2511 0.0163
3.2736 3.1802 3.2511 0.0163
3.2736 3.1802 3.2511 0.0163
3.2736 3.1802 3.2511 0.0163
3.2736 3.1802 3.2514 0.0162
3.2736 3.1802 3.2514 0.0162
3.2736 3.1802 3.2514 0.0162
3.2736 3.1979 3.2518 0.0149
3.2736 3.1979 3.2518 0.0149
3.2736 3.1979 3.2518 0.0149
3.2808 3.1979 3.2519 0.0150
3.2808 3.1979 3.2519 0.0150
3.2808 3.1979 3.2519 0.0149
3.2808 3.1979 3.2521 0.0150
3.2808 3.1979 3.2521 0.0150
3.2808 3.1979 3.2522 0.0151
3.2808 3.1979 3.2522 0.0151
3.2808 3.1979 3.2522 0.0152
3.2808 3.1979 3.2522 0.0152
3.2808 3.1979 3.2522 0.0151
3.2808 3.1979 3.2522 0.0151
3.2808 3.1979 3.2522 0.0151
3.2808 3.1979 3.2522 0.0151
3.2808 3.1979 3.2522 0.0151
3.2808 3.1979 3.2522 0.0151
3.2808 3.1979 3.2522 0.0151
3.2808 3.1979 3.2524 0.0151
3.2808 3.1979 3.2524 0.0151
3.2808 3.1979 3.2525 0.0149
3.2808 3.1979 3.2525 0.0149
3.2808 3.1979 3.2525 0.0149
3.2808 3.1979 3.2525 0.0149
3.2808 3.1979 3.2526 0.0149
3.2808 3.1979 3.2526 0.0149
3.2808 3.1979 3.2526 0.0149
3.2808 3.1979 3.2526 0.0149
3.2808 3.1979 3.2526 0.0149
3.2808 3.1979 3.2526 0.0149
3.2808 3.1979 3.2528 0.0150
3.2808 3.1979 3.2528 0.0149
3.2808 3.1979 3.2528 0.0150
3.2808 3.1979 3.2528 0.0149
3.2808 3.1979 3.2528 0.0149
3.2808 3.1979 3.2528 0.0149
3.2808 3.1979 3.2528 0.0149
3.2808 3.1979 3.2532 0.0143
3.2808 3.1979 3.2534 0.0144
3.2808 3.1979 3.2534 0.0144
3.2808 3.1979 3.2534 0.0144
3.2808 3.1979 3.2535 0.0145
3.2808 3.1979 3.2535 0.0144
3.2808 3.1979 3.2535 0.0145
3.2808 3.1979 3.2535 0.0145
3.2808 3.1979 3.2535 0.0145
3.2808 3.1979 3.2535 0.0145
3.2808 3.1979 3.2535 0.0145
3.2808 3.1979 3.2535 0.0145
3.2808 3.1979 3.2535 0.0145
3.2808 3.1979 3.2535 0.0145
3.2808 3.1979 3.2535 0.0144
3.2808 3.1979 3.2535 0.0145
3.2808 3.1979 3.2535 0.0145
3.2808 3.1979 3.2535 0.0145
3.2808 3.1979 3.2535 0.0144
3.2808 3.1979 3.2535 0.0145
3.2808 3.1979 3.2536 0.0144
3.2808 3.1979 3.2536 0.0144
3.2808 3.1979 3.2536 0.0144
3.2808 3.1979 3.2536 0.0144
3.2808 3.1979 3.2537 0.0145
3.2808 3.1979 3.2539 0.0144
3.2808 3.1979 3.2539 0.0144
3.2808 3.1979 3.2539 0.0144
3.2808 3.1979 3.2539 0.0144
3.2808 3.1979 3.2544 0.0138
3.2808 3.1979 3.2548 0.0134
3.2808 3.1979 3.2550 0.0134
3.2808 3.1979 3.2550 0.0134
3.2808 3.1979 3.2550 0.0134
3.2808 3.1979 3.2550 0.0134
3.2808 3.1979 3.2550 0.0134
3.2808 3.1979 3.2552 0.0134
3.2808 3.1979 3.2552 0.0135
3.2808 3.1979 3.2553 0.0135
3.2808 3.1979 3.2553 0.0135
3.2808 3.1979 3.2553 0.0135
3.2808 3.1979 3.2553 0.0135
3.2808 3.1979 3.2553 0.0135
3.2808 3.1979 3.2553 0.0135
3.2808 3.1979 3.2553 0.0135
3.2808 3.1979 3.2553 0.0135
3.2808 3.1979 3.2553 0.0135
3.2808 3.1979 3.2555 0.0135
3.2808 3.1979 3.2555 0.0135
3.2808 3.1979 3.2555 0.0135
3.2808 3.1979 3.2557 0.0137
3.2808 3.1979 3.2557 0.0137
3.2808 3.1979 3.2557 0.0137
3.2808 3.1979 3.2557 0.0137
3.2808 3.1979 3.2557 0.0137
3.2808 3.1979 3.2560 0.0136
3.2808 3.1979 3.2560 0.0136
3.2808 3.1979 3.2560 0.0136
3.2808 3.1979 3.2560 0.0136
3.2808 3.1979 3.2560 0.0136
3.2808 3.1979 3.2560 0.0136
3.2808 3.1979 3.2560 0.0136
3.2808 3.1979 3.2560 0.0136
3.2808 3.1979 3.2560 0.0136
3.2808 3.1979 3.2560 0.0136
3.2808 3.1979 3.2560 0.0136
3.2808 3.1979 3.2560 0.0136
3.2808 3.1979 3.2560 0.0136
3.2808 3.1979 3.2560 0.0136
3.2808 3.1979 3.2560 0.0136
3.2808 3.1979 3.2560 0.0136
3.2808 3.1979 3.2561 0.0136
3.2808 3.1979 3.2561 0.0136
3.2808 3.1979 3.2561 0.0136
3.2808 3.1979 3.2561 0.0136
3.2808 3.1979 3.2561 0.0136
3.2808 3.1979 3.2561 0.0135
3.2808 3.1979 3.2561 0.0135
3.2808 3.1979 3.2562 0.0135
3.2808 3.1979 3.2563 0.0135
3.2808 3.1979 3.2563 0.0135
3.2808 3.1979 3.2563 0.0135
3.2808 3.1979 3.2563 0.0135
3.2808 3.1979 3.2563 0.0135
3.2808 3.1979 3.2564 0.0135
3.2808 3.1979 3.2564 0.0135
3.2808 3.1979 3.2564 0.0135
3.2808 3.1979 3.2564 0.0135
3.2808 3.1979 3.2564 0.0135
3.2808 3.1979 3.2564 0.0135
3.2808 3.1979 3.2564 0.0135
3.2808 3.1979 3.2564 0.0135
3.2808 3.1979 3.2564 0.0135
3.2808 3.1979 3.2564 0.0135
3.2808 3.1979 3.2564 0.0136
3.2808 3.1979 3.2564 0.0136
3.2808 3.1979 3.2564 0.0136
3.2808 3.1979 3.2564 0.0136
3.2808 3.1979 3.2564 0.0136
3.2808 3.1979 3.2566 0.0138
3.2808 3.1979 3.2567 0.0138
3.2808 3.1979 3.2567 0.0138
3.2808 3.1979 3.2567 0.0138
3.2808 3.1979 3.2567 0.0138
3.2808 3.1979 3.2567 0.0138
3.2808 3.1979 3.2567 0.0138
3.2808 3.1979 3.2567 0.0138
3.2808 3.1979 3.2568 0.0138
3.2808 3.1979 3.2568 0.0138
3.2808 3.1979 3.2568 0.0138
3.2808 3.1979 3.2568 0.0138
3.2808 3.1979 3.2568 0.0138
3.2808 3.1979 3.2568 0.0138
3.2808 3.1979 3.2568 0.0138
3.2808 3.1979 3.2568 0.0138
3.2808 3.1979 3.2568 0.0138
3.2808 3.1979 3.2568 0.0138
3.2808 3.1979 3.2568 0.0138
3.2808 3.1979 3.2568 0.0138
3.2808 3.1979 3.2568 0.0138
3.2808 3.1979 3.2568 0.0138
3.2808 3.1979 3.2568 0.0138
3.2808 3.1979 3.2568 0.0138
3.2808 3.1979 3.2569 0.0138
3.2808 3.1979 3.2569 0.0138
3.2808 3.1979 3.2569 0.0138
3.2808 3.1979 3.2569 0.0138
3.2808 3.1979 3.2569 0.0138
3.2808 3.1979 3.2569 0.0138
3.2808 3.1979 3.2569 0.0138
3.2808 3.1979 3.2570 0.0138
3.2808 3.1979 3.2571 0.0139
3.2808 3.1979 3.2571 0.0140
3.2808 3.1979 3.2571 0.0140
3.2808 3.1979 3.2572 0.0140
3.2808 3.1979 3.2575 0.0140
3.2808 3.1979 3.2575 0.0140
3.2808 3.1979 3.2575 0.0140
3.2808 3.1979 3.2575 0.0140
3.2808 3.1979 3.2576 0.0140
3.2808 3.1979 3.2576 0.0140
3.2808 3.1979 3.2576 0.0140
3.2808 3.1979 3.2576 0.0140
3.2808 3.1979 3.2576 0.0140
3.2808 3.1979 3.2576 0.0140
3.2808 3.1979 3.2576 0.0140
3.2808 3.1979 3.2576 0.0140
3.2808 3.1979 3.2576 0.0140
3.2808 3.1979 3.2576 0.0140
3.2808 3.1979 3.2576 0.0140
3.2808 3.1979 3.2576 0.0140
3.2808 3.1979 3.2576 0.0140
3.2808 3.1979 3.2577 0.0140
3.2808 3.1979 3.2577 0.0140
3.2808 3.1979 3.2577 0.0140
3.2808 3.1979 3.2577 0.0140
3.2808 3.1979 3.2577 0.0139
3.2808 3.1979 3.2579 0.0139
3.2808 3.1979 3.2579 0.0139
3.2808 3.1979 3.2579 0.0139
3.2808 3.1979 3.2579 0.0139
3.2808 3.1979 3.2579 0.0139
3.2808 3.1979 3.2579 0.0139
3.2808 3.1979 3.2581 0.0136
3.2808 3.1979 3.2581 0.0136
3.2808 3.1979 3.2581 0.0136
3.2808 3.1979 3.2581 0.0136
3.2808 3.1979 3.2581 0.0136
3.2808 3.1979 3.2581 0.0136
3.2808 3.1979 3.2581 0.0136
3.2808 3.1979 3.2581 0.0136
3.2808 3.1979 3.2581 0.0136
3.2808 3.1979 3.2581 0.0136
3.2808 3.1979 3.2583 0.0137
3.2808 3.1979 3.2585 0.0138
3.2808 3.1979 3.2585 0.0138
3.2855 3.1979 3.2588 0.0141
3.2855 3.1979 3.2587 0.0141
3.2855 3.1979 3.2589 0.0141
3.2855 3.1979 3.2589 0.0141
3.2855 3.1979 3.2589 0.0141
3.2855 3.1979 3.2589 0.0141
3.2855 3.1979 3.2590 0.0141
3.2885 3.1979 3.2591 0.0143
3.2885 3.1979 3.2591 0.0143
3.2885 3.1979 3.2591 0.0143
3.2885 3.1979 3.2591 0.0143
3.2885 3.1979 3.2592 0.0142
3.2885 3.1979 3.2592 0.0142
3.2885 3.1979 3.2592 0.0142
3.2885 3.1979 3.2592 0.0142
3.2885 3.1979 3.2594 0.0143
3.2885 3.1979 3.2594 0.0143
3.2885 3.1979 3.2594 0.0143
3.2885 3.1979 3.2594 0.0143
3.2885 3.1979 3.2594 0.0143
3.2885 3.1979 3.2594 0.0143
3.2885 3.1979 3.2594 0.0143
3.2885 3.1979 3.2595 0.0144
3.2885 3.1979 3.2595 0.0144
3.2885 3.1979 3.2595 0.0144
3.2885 3.1979 3.2595 0.0144
3.2885 3.1979 3.2595 0.0144
3.2885 3.1979 3.2595 0.0144
3.2885 3.1979 3.2595 0.0144
3.2885 3.1979 3.2595 0.0144
3.2885 3.1979 3.2595 0.0144
3.2885 3.1979 3.2595 0.0144
3.2885 3.1979 3.2595 0.0144
3.2885 3.1979 3.2601 0.0130
3.2885 3.1979 3.2601 0.0130
3.2885 3.1979 3.2601 0.0130
3.2885 3.1979 3.2601 0.0130
3.2885 3.1979 3.2602 0.0130
3.2885 3.1979 3.2604 0.0132
3.2885 3.1979 3.2604 0.0132
3.2885 3.1979 3.2605 0.0132
3.2885 3.1979 3.2604 0.0132
3.2885 3.1979 3.2606 0.0125
3.2885 3.1979 3.2606 0.0125
3.2885 3.1979 3.2607 0.0124
3.2885 3.1979 3.2607 0.0124
3.2885 3.1979 3.2607 0.0124
3.2885 3.1979 3.2607 0.0124
3.2885 3.1979 3.2608 0.0124
3.2885 3.1979 3.2608 0.0124
3.2885 3.1979 3.2608 0.0124
3.2885 3.1979 3.2609 0.0123
3.2885 3.1979 3.2609 0.0123
3.2885 3.1979 3.2609 0.0123
3.2885 3.1979 3.2609 0.0123
3.2885 3.1979 3.2609 0.0123
3.2885 3.1979 3.2609 0.0123
3.2885 3.1979 3.2609 0.0123
3.2885 3.1979 3.2609 0.0123
3.2885 3.1979 3.2609 0.0123
3.2885 3.1979 3.2609 0.0123
3.2885 3.1979 3.2609 0.0123
3.2885 3.1979 3.2609 0.0123
3.2885 3.1979 3.2609 0.0123
3.2885 3.1979 3.2612 0.0124
3.2885 3.1979 3.2612 0.0123
3.2885 3.1979 3.2613 0.0123
3.2885 3.1979 3.2613 0.0123
3.2885 3.1979 3.2613 0.0123
3.2885 3.1979 3.2614 0.0123
3.2885 3.1979 3.2614 0.0123
3.2885 3.1979 3.2614 0.0123
3.2885 3.1979 3.2614 0.0123
3.2885 3.1979 3.2614 0.0123
3.2885 3.1979 3.2614 0.0123
3.2885 3.1979 3.2615 0.0124
3.2885 3.1979 3.2615 0.0124
3.2885 3.1979 3.2617 0.0119
3.2885 3.1979 3.2617 0.0119
3.2885 3.1979 3.2618 0.0119
3.2885 3.1979 3.2618 0.0119
3.2885 3.1979 3.2618 0.0119
3.2885 3.1979 3.2618 0.0119
3.2885 3.1979 3.2619 0.0120
3.2885 3.1979 3.2619 0.0120
3.2885 3.1979 3.2619 0.0120
3.2885 3.1979 3.2620 0.0121
3.2885 3.1979 3.2622 0.0120
3.2885 3.1979 3.2622 0.0120
3.2885 3.1979 3.2623 0.0121
3.2885 3.1979 3.2623 0.0121
3.2885 3.1979 3.2623 0.0121
3.2885 3.1979 3.2623 0.0121
3.2885 3.1979 3.2623 0.0121
3.2885 3.1979 3.2623 0.0121
3.2885 3.1979 3.2624 0.0119
3.2885 3.1979 3.2624 0.0119
3.2885 3.1979 3.2624 0.0119
3.2885 3.1979 3.2624 0.0119
3.2885 3.1979 3.2624 0.0119
3.2885 3.1979 3.2624 0.0119
3.2885 3.1979 3.2624 0.0119
3.2885 3.1979 3.2625 0.0119
3.2885 3.1979 3.2625 0.0119
3.2885 3.1979 3.2625 0.0119
3.2885 3.1979 3.2625 0.0119
3.2885 3.1979 3.2625 0.0119
3.2885 3.1979 3.2625 0.0119
3.2885 3.1979 3.2625 0.0119
3.2885 3.1979 3.2626 0.0119
3.2885 3.1979 3.2626 0.0119
3.2885 3.1979 3.2626 0.0119
3.2885 3.1979 3.2626 0.0119
3.2885 3.1979 3.2626 0.0119
3.2885 3.1979 3.2626 0.0119
3.2885 3.1979 3.2627 0.0119
3.2885 3.1979 3.2626 0.0119
3.2885 3.1979 3.2627 0.0119
3.2885 3.1979 3.2628 0.0120
3.2885 3.1979 3.2628 0.0120
3.2885 3.1979 3.2628 0.0120
3.2885 3.1979 3.2628 0.0120
3.2885 3.1979 3.2628 0.0120
3.2885 3.1979 3.2628 0.0119
3.2885 3.1979 3.2628 0.0119
3.2885 3.1979 3.2629 0.0120
3.2885 3.1979 3.2629 0.0120
3.2885 3.1979 3.2629 0.0120
3.2885 3.1979 3.2629 0.0120
3.2885 3.1979 3.2633 0.0122
3.2885 3.1979 3.2633 0.0122
3.2885 3.1979 3.2634 0.0122
3.2885 3.1979 3.2634 0.0122
3.2885 3.1979 3.2634 0.0122
3.2885 3.1979 3.2634 0.0122
3.2885 3.1979 3.2634 0.0122
3.2885 3.1979 3.2634 0.0122
3.2885 3.1979 3.2634 0.0122
3.2885 3.1979 3.2634 0.0122
3.2885 3.1979 3.2634 0.0122
3.2885 3.1979 3.2634 0.0122
3.2885 3.1979 3.2634 0.0122
3.2885 3.1979 3.2634 0.0122
3.2885 3.1979 3.2634 0.0122
3.2885 3.1979 3.2634 0.0122
3.2885 3.1979 3.2634 0.0122
3.2885 3.1979 3.2634 0.0122
3.2885 3.1979 3.2636 0.0122
3.2902 3.1979 3.2637 0.0125
3.2902 3.1979 3.2637 0.0125
3.2902 3.1979 3.2637 0.0125
3.2902 3.1979 3.2637 0.0125
3.2902 3.1979 3.2640 0.0124
3.2902 3.1979 3.2640 0.0124
3.2902 3.1979 3.2640 0.0124
3.2902 3.1979 3.2640 0.0124
3.2902 3.1979 3.2640 0.0124
3.2902 3.1979 3.2640 0.0124
3.2902 3.1979 3.2640 0.0124
3.2902 3.1979 3.2640 0.0124
3.2902 3.1979 3.2642 0.0124
3.2902 3.1979 3.2642 0.0124
3.2902 3.1979 3.2642 0.0124
3.2902 3.1979 3.2643 0.0125
3.2902 3.1979 3.2643 0.0125
3.2902 3.1979 3.2643 0.0125
3.2902 3.1979 3.2643 0.0125
3.2902 3.1979 3.2643 0.0125
3.2902 3.1979 3.2643 0.0125
3.2902 3.1979 3.2643 0.0125
3.2902 3.1979 3.2643 0.0125
3.2902 3.1979 3.2643 0.0125
3.2902 3.1979 3.2645 0.0125
3.2902 3.1979 3.2646 0.0125
3.2902 3.1979 3.2646 0.0125
3.2902 3.1979 3.2646 0.0125
3.2902 3.1979 3.2646 0.0125
3.2902 3.1979 3.2646 0.0125
3.2902 3.1979 3.2646 0.0125
3.2902 3.1979 3.2648 0.0127
3.2902 3.1979 3.2648 0.0127
3.2902 3.1979 3.2648 0.0127
3.2902 3.1979 3.2648 0.0127
3.2902 3.1979 3.2648 0.0126
3.2902 3.1979 3.2648 0.0126
3.2902 3.1979 3.2648 0.0126
3.2902 3.1979 3.2648 0.0126
3.2902 3.1979 3.2648 0.0126
3.2902 3.1979 3.2648 0.0126
3.2902 3.1979 3.2649 0.0126
3.2902 3.1979 3.2649 0.0126
3.2902 3.1979 3.2649 0.0126
3.2902 3.1979 3.2649 0.0126
3.2902 3.1979 3.2649 0.0126
3.2902 3.1979 3.2651 0.0128
3.2902 3.1979 3.2651 0.0128
3.2902 3.1979 3.2652 0.0129
3.2902 3.1979 3.2652 0.0129
3.2902 3.1979 3.2652 0.0129
3.2902 3.1979 3.2652 0.0129
3.2902 3.1979 3.2655 0.0128
3.2902 3.1979 3.2659 0.0125
3.2902 3.1979 3.2659 0.0125
3.2902 3.1979 3.2659 0.0125
3.2902 3.1979 3.2662 0.0126
3.2902 3.1979 3.2662 0.0126
3.2902 3.1979 3.2661 0.0126
3.2902 3.1979 3.2661 0.0126
3.2902 3.1979 3.2665 0.0121
3.2902 3.1979 3.2665 0.0121
3.2902 3.1979 3.2665 0.0121
3.2902 3.1979 3.2665 0.0121
3.2902 3.1979 3.2665 0.0121
3.2902 3.1979 3.2665 0.0121
3.2902 3.1979 3.2665 0.0121
3.2902 3.1979 3.2665 0.0121
3.2902 3.1979 3.2665 0.0121
3.2902 3.1979 3.2665 0.0121
3.2902 3.1979 3.2665 0.0121
3.2902 3.1979 3.2666 0.0121
3.2902 3.1979 3.2668 0.0122
3.2902 3.1979 3.2669 0.0122
3.2902 3.1979 3.2672 0.0120
3.2902 3.1979 3.2672 0.0120
3.2902 3.1979 3.2672 0.0120
3.2902 3.1979 3.2674 0.0120
3.2902 3.1979 3.2677 0.0122
3.2902 3.1979 3.2677 0.0122
3.2902 3.1979 3.2681 0.0123
3.2902 3.1979 3.2681 0.0123
3.2902 3.1979 3.2681 0.0123
3.2902 3.1979 3.2681 0.0123
3.2902 3.1979 3.2682 0.0123
3.2902 3.1979 3.2682 0.0123
3.2902 3.1979 3.2682 0.0123
3.2902 3.1979 3.2682 0.0123
3.2902 3.1979 3.2682 0.0123
3.2902 3.1979 3.2685 0.0118
3.2902 3.1979 3.2687 0.0119
3.2902 3.1979 3.2687 0.0119
3.2902 3.1979 3.2687 0.0119
3.2902 3.1979 3.2687 0.0119
3.2902 3.1979 3.2687 0.0119
3.2902 3.1979 3.2687 0.0119
3.2902 3.1979 3.2688 0.0119
3.2902 3.2305 3.2692 0.0104
3.2902 3.2305 3.2692 0.0104
3.2902 3.2305 3.2692 0.0104
3.2902 3.2305 3.2693 0.0104
3.2902 3.2305 3.2693 0.0104
3.2902 3.2305 3.2693 0.0104
3.2902 3.2305 3.2693 0.0104
3.2902 3.2305 3.2693 0.0104
3.2902 3.2305 3.2694 0.0105
3.2902 3.2305 3.2694 0.0105
3.2902 3.2305 3.2694 0.0105
3.2902 3.2305 3.2694 0.0105
3.2902 3.2305 3.2694 0.0105
3.2902 3.2305 3.2695 0.0105
3.2902 3.2305 3.2697 0.0107
3.2902 3.2305 3.2697 0.0107
3.2902 3.2305 3.2697 0.0107
3.2902 3.2305 3.2698 0.0108
3.2902 3.2305 3.2698 0.0107
3.2902 3.2305 3.2698 0.0107
3.2902 3.2305 3.2698 0.0108
3.2902 3.2305 3.2698 0.0108
3.2902 3.2305 3.2698 0.0108
3.2902 3.2305 3.2698 0.0108
3.2902 3.2305 3.2702 0.0108
3.2902 3.2305 3.2702 0.0108
3.2902 3.2305 3.2703 0.0108
3.2902 3.2305 3.2704 0.0109
3.2902 3.2305 3.2704 0.0109
3.2902 3.2305 3.2704 0.0109
3.2902 3.2305 3.2704 0.0109
3.2902 3.2305 3.2706 0.0109
3.2902 3.2305 3.2706 0.0109
3.2902 3.2305 3.2706 0.0109
3.2902 3.2305 3.2707 0.0109
3.2902 3.2305 3.2707 0.0109
3.2902 3.2305 3.2707 0.0109
3.2902 3.2305 3.2709 0.0109
3.2902 3.2305 3.2709 0.0109
3.2902 3.2305 3.2709 0.0109
3.2902 3.2305 3.2709 0.0109
3.2902 3.2305 3.2709 0.0109
3.2902 3.2305 3.2710 0.0110
3.2902 3.2305 3.2712 0.0109
3.2902 3.2305 3.2712 0.0109
3.2902 3.2305 3.2712 0.0109
3.2902 3.2305 3.2712 0.0109
3.2902 3.2305 3.2713 0.0109
3.2902 3.2305 3.2713 0.0109
3.2902 3.2305 3.2713 0.0109
3.2902 3.2305 3.2713 0.0109
3.2902 3.2305 3.2713 0.0109
3.2902 3.2305 3.2713 0.0109
3.2902 3.2305 3.2713 0.0109
3.2902 3.2305 3.2713 0.0109
3.2902 3.2305 3.2714 0.0109
3.2902 3.2305 3.2714 0.0109
3.2902 3.2305 3.2714 0.0109
3.2902 3.2305 3.2714 0.0109
3.2902 3.2305 3.2714 0.0109
3.2902 3.2305 3.2714 0.0109
3.2902 3.2305 3.2714 0.0109
3.2902 3.2305 3.2713 0.0109
3.2902 3.2305 3.2717 0.0110
3.2902 3.2305 3.2717 0.0110
3.2902 3.2428 3.2721 0.0102
3.2902 3.2428 3.2721 0.0102
3.2902 3.2428 3.2720 0.0102
3.2902 3.2428 3.2721 0.0102
3.2902 3.2428 3.2721 0.0102
3.2902 3.2428 3.2720 0.0101
3.2902 3.2428 3.2721 0.0102
3.2902 3.2428 3.2720 0.0102
3.3073 3.2428 3.2722 0.0106
3.3073 3.2428 3.2723 0.0106
3.3073 3.2428 3.2723 0.0106
3.3073 3.2428 3.2723 0.0106
3.3073 3.2428 3.2723 0.0106
3.3073 3.2428 3.2723 0.0106
3.3073 3.2428 3.2723 0.0106
3.3073 3.2428 3.2723 0.0106
3.3073 3.2428 3.2723 0.0106
3.3073 3.2428 3.2723 0.0106
3.3073 3.2428 3.2723 0.0106
3.3073 3.2428 3.2723 0.0106
3.3073 3.2428 3.2724 0.0106
3.3073 3.2428 3.2724 0.0106
3.3073 3.2428 3.2725 0.0108
3.3073 3.2428 3.2725 0.0108
3.3073 3.2428 3.2725 0.0109
3.3073 3.2428 3.2725 0.0109
3.3073 3.2428 3.2725 0.0108
3.3073 3.2428 3.2725 0.0108
3.3073 3.2428 3.2725 0.0109
3.3073 3.2428 3.2725 0.0108
3.3073 3.2428 3.2725 0.0108
3.3073 3.2428 3.2726 0.0108
3.3073 3.2428 3.2726 0.0108
3.3073 3.2428 3.2726 0.0108
3.3073 3.2428 3.2726 0.0108
3.3073 3.2428 3.2726 0.0108
3.3073 3.2428 3.2726 0.0108
3.3073 3.2428 3.2725 0.0108
3.3073 3.2428 3.2726 0.0108
3.3073 3.2428 3.2725 0.0108
3.3073 3.2428 3.2726 0.0108
3.3073 3.2428 3.2725 0.0108
3.3073 3.2428 3.2726 0.0108
3.3073 3.2428 3.2726 0.0108
3.3073 3.2428 3.2726 0.0108
3.3073 3.2428 3.2725 0.0108
3.3073 3.2428 3.2726 0.0108
3.3073 3.2428 3.2726 0.0108
3.3073 3.2428 3.2726 0.0108
3.3073 3.2428 3.2729 0.0112
3.3073 3.2428 3.2729 0.0112
3.3073 3.2428 3.2729 0.0111
3.3073 3.2428 3.2729 0.0111
3.3073 3.2428 3.2729 0.0111
3.3073 3.2428 3.2729 0.0111
3.3073 3.2428 3.2729 0.0111
3.3073 3.2428 3.2729 0.0111
3.3073 3.2428 3.2729 0.0111
3.3073 3.2428 3.2729 0.0111
3.3073 3.2428 3.2729 0.0111
3.3073 3.2428 3.2731 0.0112
3.3073 3.2428 3.2733 0.0112
3.3073 3.2428 3.2734 0.0112
3.3073 3.2428 3.2737 0.0113
3.3073 3.2428 3.2736 0.0112
3.3073 3.2428 3.2738 0.0113
3.3073 3.2428 3.2739 0.0112
3.3073 3.2428 3.2739 0.0112
3.3073 3.2428 3.2739 0.0112
3.3073 3.2428 3.2740 0.0112
3.3073 3.2428 3.2740 0.0112
3.3073 3.2428 3.2740 0.0112
3.3073 3.2428 3.2741 0.0112
3.3073 3.2428 3.2744 0.0115
3.3073 3.2428 3.2744 0.0115
3.3073 3.2428 3.2744 0.0115
3.3073 3.2428 3.2744 0.0115
3.3073 3.2428 3.2744 0.0115
3.3073 3.2428 3.2744 0.0115
3.3073 3.2428 3.2744 0.0115
3.3073 3.2428 3.2744 0.0115
3.3073 3.2428 3.2744 0.0115
3.3073 3.2428 3.2744 0.0115
3.3073 3.2428 3.2746 0.0114
3.3073 3.2428 3.2746 0.0115
3.3073 3.2428 3.2747 0.0113
3.3073 3.2428 3.2747 0.0113
3.3073 3.2428 3.2747 0.0113
3.3073 3.2428 3.2747 0.0113
3.3073 3.2541 3.2750 0.0109
3.3073 3.2541 3.2750 0.0109
3.3073 3.2541 3.2750 0.0109
3.3073 3.2541 3.2750 0.0109
3.3073 3.2541 3.2749 0.0109
3.3073 3.2541 3.2750 0.0109
3.3073 3.2541 3.2750 0.0109
3.3073 3.2541 3.2751 0.0109
3.3073 3.2541 3.2751 0.0109
3.3073 3.2541 3.2751 0.0109
3.3073 3.2541 3.2752 0.0109
3.3073 3.2541 3.2754 0.0109
3.3073 3.2541 3.2755 0.0109
3.3073 3.2541 3.2755 0.0108
3.3073 3.2541 3.2758 0.0110
3.3073 3.2541 3.2758 0.0110
3.3073 3.2541 3.2758 0.0110
3.3073 3.2541 3.2758 0.0110
3.3073 3.2541 3.2758 0.0110
3.3073 3.2541 3.2758 0.0110
3.3073 3.2541 3.2758 0.0110
3.3073 3.2541 3.2760 0.0110
3.3073 3.2541 3.2762 0.0110
3.3073 3.2541 3.2762 0.0109
3.3073 3.2541 3.2762 0.0109
3.3073 3.2541 3.2763 0.0109
3.3073 3.2541 3.2765 0.0110
3.3073 3.2541 3.2765 0.0110
3.3073 3.2541 3.2765 0.0110
3.3073 3.2541 3.2765 0.0110
3.3073 3.2541 3.2768 0.0111
3.3073 3.2543 3.2772 0.0111
3.3073 3.2543 3.2772 0.0111
3.3073 3.2543 3.2772 0.0110
3.3073 3.2543 3.2772 0.0111
3.3073 3.2543 3.2772 0.0110
3.3073 3.2543 3.2772 0.0110
3.3073 3.2543 3.2772 0.0111
3.3073 3.2543 3.2772 0.0111
3.3073 3.2543 3.2772 0.0111
3.3073 3.2543 3.2774 0.0112
3.3073 3.2543 3.2774 0.0112
3.3073 3.2543 3.2774 0.0112
3.3073 3.2543 3.2773 0.0112
3.3073 3.2543 3.2774 0.0112
3.3073 3.2543 3.2774 0.0112
3.3073 3.2543 3.2774 0.0112
3.3073 3.2543 3.2774 0.0112
3.3073 3.2543 3.2774 0.0112
3.3073 3.2543 3.2774 0.0112
3.3073 3.2543 3.2774 0.0112
3.3073 3.2543 3.2773 0.0112
3.3073 3.2543 3.2775 0.0111
3.3073 3.2543 3.2775 0.0111
3.3073 3.2543 3.2775 0.0111
3.3073 3.2543 3.2775 0.0112
3.3073 3.2543 3.2776 0.0111
3.3073 3.2543 3.2776 0.0111
3.3073 3.2543 3.2777 0.0110
3.3073 3.2543 3.2777 0.0110
3.3073 3.2543 3.2777 0.0110
3.3073 3.2543 3.2777 0.0110
3.3073 3.2543 3.2777 0.0110
3.3073 3.2543 3.2779 0.0111
3.3073 3.2543 3.2779 0.0111
3.3073 3.2543 3.2779 0.0112
3.3073 3.2543 3.2779 0.0112
3.3073 3.2543 3.2780 0.0112
3.3073 3.2543 3.2780 0.0112
3.3073 3.2543 3.2783 0.0113
3.3073 3.2543 3.2785 0.0113
3.3073 3.2543 3.2786 0.0113
3.3073 3.2543 3.2785 0.0113
3.3073 3.2543 3.2785 0.0113
3.3073 3.2543 3.2785 0.0113
3.3073 3.2543 3.2786 0.0113
3.3073 3.2543 3.2786 0.0113
3.3073 3.2543 3.2786 0.0113
3.3073 3.2543 3.2787 0.0114
3.3073 3.2543 3.2787 0.0115
3.3073 3.2543 3.2788 0.0115
3.3073 3.2543 3.2789 0.0115
3.3073 3.2543 3.2791 0.0116
3.3073 3.2543 3.2791 0.0116
3.3073 3.2543 3.2792 0.0115
3.3073 3.2543 3.2794 0.0116
3.3073 3.2543 3.2794 0.0116
3.3073 3.2543 3.2797 0.0115
3.3073 3.2543 3.2797 0.0115
3.3073 3.2543 3.2798 0.0114
3.3073 3.2543 3.2798 0.0114
3.3073 3.2543 3.2799 0.0115
3.3073 3.2543 3.2800 0.0115
3.3073 3.2543 3.2800 0.0115
3.3073 3.2543 3.2800 0.0115
3.3073 3.2543 3.2800 0.0115
3.3073 3.2543 3.2800 0.0115
3.3073 3.2543 3.2803 0.0114
3.3073 3.2543 3.2806 0.0112
3.3073 3.2543 3.2806 0.0112
3.3073 3.2543 3.2805 0.0112
3.3073 3.2543 3.2806 0.0112
3.3073 3.2543 3.2806 0.0112
3.3073 3.2543 3.2806 0.0112
3.3073 3.2543 3.2805 0.0112
3.3073 3.2543 3.2806 0.0112
3.3073 3.2543 3.2806 0.0112
3.3073 3.2543 3.2807 0.0111
3.3073 3.2543 3.2807 0.0110
3.3073 3.2543 3.2807 0.0110
3.3073 3.2543 3.2808 0.0111
3.3073 3.2543 3.2808 0.0111
3.3073 3.2543 3.2809 0.0112
3.3073 3.2543 3.2811 0.0112
3.3073 3.2543 3.2811 0.0112
3.3073 3.2543 3.2811 0.0112
3.3073 3.2543 3.2812 0.0111
3.3073 3.2543 3.2812 0.0111
3.3073 3.2543 3.2812 0.0111
3.3073 3.2543 3.2812 0.0111
3.3073 3.2543 3.2812 0.0111
3.3073 3.2543 3.2812 0.0111
3.3073 3.2543 3.2812 0.0111
3.3073 3.2543 3.2813 0.0111
3.3073 3.2543 3.2813 0.0111
3.3073 3.2543 3.2813 0.0111
3.3073 3.2543 3.2812 0.0110
3.3073 3.2543 3.2812 0.0110
3.3073 3.2543 3.2813 0.0111
3.3073 3.2543 3.2814 0.0111
3.3073 3.2543 3.2815 0.0112
3.3073 3.2543 3.2816 0.0111
3.3073 3.2543 3.2816 0.0111
3.3073 3.2543 3.2816 0.0111
3.3073 3.2543 3.2816 0.0111
3.3073 3.2543 3.2816 0.0111
3.3073 3.2543 3.2817 0.0112
3.3073 3.2543 3.2817 0.0112
3.3073 3.2543 3.2817 0.0112
3.3073 3.2543 3.2817 0.0112
3.3073 3.2543 3.2817 0.0112
3.3073 3.2543 3.2817 0.0112
3.3073 3.2543 3.2817 0.0112
3.3073 3.2543 3.2817 0.0112
3.3073 3.2543 3.2817 0.0112
3.3073 3.2543 3.2817 0.0112
3.3073 3.2543 3.2817 0.0112
3.3073 3.2543 3.2817 0.0112
3.3073 3.2543 3.2817 0.0112
3.3073 3.2543 3.2817 0.0112
3.3073 3.2543 3.2818 0.0112
3.3073 3.2543 3.2818 0.0112
3.3073 3.2543 3.2818 0.0112
3.3073 3.2543 3.2820 0.0110
3.3073 3.2543 3.2820 0.0110
3.3073 3.2543 3.2820 0.0110
3.3073 3.2543 3.2820 0.0110
3.3073 3.2543 3.2820 0.0110
3.3073 3.2543 3.2820 0.0110
3.3073 3.2543 3.2820 0.0110
3.3073 3.2543 3.2821 0.0111
3.3073 3.2543 3.2822 0.0111
3.3073 3.2543 3.2824 0.0112
3.3073 3.2543 3.2824 0.0112
3.3073 3.2543 3.2828 0.0109
3.3073 3.2543 3.2828 0.0109
3.3073 3.2543 3.2828 0.0109
3.3073 3.2543 3.2828 0.0109
3.3073 3.2543 3.2828 0.0109
3.3073 3.2543 3.2828 0.0109
3.3073 3.2543 3.2830 0.0109
3.3073 3.2543 3.2830 0.0109
3.3073 3.2543 3.2830 0.0109
3.3073 3.2543 3.2830 0.0109
3.3073 3.2543 3.2830 0.0109
3.3073 3.2543 3.2830 0.0109
3.3073 3.2543 3.2831 0.0109
3.3073 3.2543 3.2831 0.0109
3.3073 3.2543 3.2831 0.0109
3.3073 3.2543 3.2831 0.0109
3.3073 3.2543 3.2831 0.0109
3.3073 3.2543 3.2831 0.0109
3.3073 3.2543 3.2831 0.0109
3.3073 3.2543 3.2831 0.0109
3.3073 3.2543 3.2831 0.0109
3.3073 3.2543 3.2831 0.0109
3.3073 3.2543 3.2831 0.0109
3.3073 3.2543 3.2832 0.0109
3.3073 3.2543 3.2835 0.0109
3.3073 3.2543 3.2834 0.0109
3.3073 3.2543 3.2834 0.0109
3.3073 3.2543 3.2834 0.0108
3.3073 3.2543 3.2834 0.0108
3.3073 3.2543 3.2835 0.0109
3.3073 3.2543 3.2835 0.0109
3.3073 3.2543 3.2836 0.0110
3.3073 3.2543 3.2836 0.0110
3.3073 3.2543 3.2836 0.0110
3.3073 3.2543 3.2837 0.0110
3.3073 3.2543 3.2836 0.0110
3.3073 3.2543 3.2837 0.0110
3.3073 3.2543 3.2837 0.0110
3.3073 3.2543 3.2838 0.0110
3.3073 3.2543 3.2838 0.0110
3.3073 3.2543 3.2837 0.0110
3.3073 3.2543 3.2838 0.0110
3.3073 3.2543 3.2838 0.0110
3.3073 3.2543 3.2837 0.0110
3.3073 3.2543 3.2837 0.0110
3.3073 3.2543 3.2838 0.0110
3.3073 3.2543 3.2838 0.0110
3.3073 3.2543 3.2837 0.0110
3.3073 3.2543 3.2837 0.0110
3.3073 3.2543 3.2839 0.0109
3.3073 3.2543 3.2840 0.0108
3.3073 3.2543 3.2839 0.0108
3.3073 3.2543 3.2839 0.0108
3.3073 3.2543 3.2840 0.0108
3.3073 3.2543 3.2840 0.0108
3.3073 3.2543 3.2839 0.0108
3.3073 3.2543 3.2840 0.0108
3.3073 3.2543 3.2839 0.0108
3.3073 3.2543 3.2839 0.0108
3.3073 3.2543 3.2839 0.0108
3.3073 3.2543 3.2839 0.0108
3.3073 3.2543 3.2840 0.0108
3.3073 3.2543 3.2839 0.0108
3.3073 3.2543 3.2839 0.0108
3.3073 3.2543 3.2840 0.0108
3.3073 3.2543 3.2839 0.0108
3.3073 3.2543 3.2840 0.0108
3.3073 3.2543 3.2839 0.0108
3.3073 3.2543 3.2839 0.0108
3.3073 3.2543 3.2840 0.0109
3.3073 3.2543 3.2840 0.0109
3.3073 3.2543 3.2841 0.0108
3.3073 3.2543 3.2841 0.0108
3.3073 3.2543 3.2841 0.0108
3.3073 3.2543 3.2842 0.0108
3.3073 3.2543 3.2842 0.0108
3.3073 3.2543 3.2843 0.0109
3.3073 3.2543 3.2843 0.0109
3.3073 3.2543 3.2843 0.0109
3.3073 3.2543 3.2843 0.0109
3.3073 3.2543 3.2843 0.0109
3.3073 3.2543 3.2843 0.0109
3.3073 3.2560 3.2845 0.0105
3.3073 3.2560 3.2845 0.0105
3.3073 3.2560 3.2845 0.0106
3.3073 3.2560 3.2846 0.0106
3.3073 3.2560 3.2845 0.0106
3.3073 3.2560 3.2846 0.0106
3.3073 3.2560 3.2845 0.0106
3.3073 3.2560 3.2846 0.0106
3.3073 3.2560 3.2845 0.0106
3.3073 3.2560 3.2846 0.0106
3.3073 3.2560 3.2845 0.0106
3.3073 3.2560 3.2846 0.0106
3.3073 3.2560 3.2846 0.0106
3.3073 3.2560 3.2846 0.0106
3.3073 3.2560 3.2846 0.0106
3.3073 3.2560 3.2846 0.0106
3.3073 3.2560 3.2846 0.0106
3.3073 3.2560 3.2847 0.0105
3.3073 3.2560 3.2847 0.0105
3.3073 3.2560 3.2847 0.0105
3.3073 3.2560 3.2848 0.0104
3.3073 3.2560 3.2848 0.0104
3.3073 3.2560 3.2848 0.0104
3.3073 3.2560 3.2848 0.0104
3.3073 3.2560 3.2848 0.0104
3.3073 3.2560 3.2848 0.0104
3.3073 3.2560 3.2848 0.0104
3.3073 3.2560 3.2848 0.0104
3.3073 3.2560 3.2848 0.0104
3.3073 3.2560 3.2848 0.0104
3.3073 3.2560 3.2848 0.0104
3.3073 3.2560 3.2848 0.0104
3.3073 3.2560 3.2848 0.0104
3.3073 3.2560 3.2848 0.0104
3.3073 3.2560 3.2848 0.0104
3.3073 3.2560 3.2848 0.0104
3.3073 3.2560 3.2848 0.0104
3.3073 3.2560 3.2848 0.0104
3.3073 3.2560 3.2848 0.0104
3.3073 3.2560 3.2848 0.0104
3.3073 3.2560 3.2848 0.0104
3.3073 3.2560 3.2848 0.0104
3.3073 3.2560 3.2851 0.0102
3.3073 3.2560 3.2852 0.0102
3.3073 3.2560 3.2851 0.0102
3.3073 3.2560 3.2852 0.0102
3.3073 3.2560 3.2852 0.0102
3.3073 3.2560 3.2853 0.0102
3.3073 3.2560 3.2853 0.0102
3.3073 3.2560 3.2853 0.0102
3.3073 3.2560 3.2853 0.0102
3.3073 3.2560 3.2853 0.0102
3.3073 3.2560 3.2855 0.0104
3.3073 3.2560 3.2857 0.0105
3.3073 3.2560 3.2857 0.0105
3.3073 3.2560 3.2857 0.0105
3.3073 3.2560 3.2860 0.0104
3.3073 3.2560 3.2860 0.0104
3.3073 3.2560 3.2860 0.0104
3.3073 3.2560 3.2860 0.0104
3.3073 3.2560 3.2860 0.0104
3.3073 3.2560 3.2859 0.0104
3.3073 3.2560 3.2861 0.0104
3.3073 3.2600 3.2865 0.0100
3.3073 3.2600 3.2864 0.0100
3.3073 3.2600 3.2865 0.0100
3.3073 3.2600 3.2865 0.0100
3.3073 3.2600 3.2865 0.0100
3.3073 3.2600 3.2865 0.0100
3.3073 3.2600 3.2865 0.0100
3.3073 3.2600 3.2864 0.0100
3.3073 3.2600 3.2865 0.0100
3.3073 3.2600 3.2865 0.0100
3.3073 3.2600 3.2865 0.0100
3.3073 3.2600 3.2865 0.0100
3.3073 3.2600 3.2867 0.0100
3.3073 3.2600 3.2867 0.0100
3.3073 3.2600 3.2867 0.0100
3.3073 3.2600 3.2867 0.0100
3.3073 3.2600 3.2867 0.0100
3.3073 3.2600 3.2867 0.0100
3.3073 3.2600 3.2868 0.0100
3.3073 3.2600 3.2868 0.0100
3.3073 3.2600 3.2868 0.0101
3.3073 3.2600 3.2869 0.0100
3.3073 3.2600 3.2869 0.0101
3.3073 3.2600 3.2869 0.0101
3.3073 3.2600 3.2869 0.0101
3.3073 3.2600 3.2869 0.0101
3.3073 3.2600 3.2869 0.0101
3.3073 3.2600 3.2869 0.0101
3.3073 3.2600 3.2869 0.0101
3.3073 3.2600 3.2869 0.0101
3.3073 3.2600 3.2869 0.0101
3.3073 3.2600 3.2871 0.0101
3.3073 3.2600 3.2871 0.0101
3.3073 3.2600 3.2871 0.0101
3.3073 3.2600 3.2871 0.0101
3.3073 3.2600 3.2872 0.0100
3.3073 3.2600 3.2872 0.0100
3.3073 3.2600 3.2872 0.0100
3.3073 3.2600 3.2873 0.0100
3.3073 3.2600 3.2874 0.0099
3.3073 3.2600 3.2874 0.0099
3.3073 3.2600 3.2874 0.0099
3.3073 3.2600 3.2873 0.0099
3.3073 3.2600 3.2875 0.0100
3.3073 3.2600 3.2874 0.0100
3.3073 3.2600 3.2875 0.0100
3.3073 3.2600 3.2875 0.0100
3.3073 3.2600 3.2874 0.0100
3.3073 3.2600 3.2875 0.0100
3.3073 3.2600 3.2875 0.0100
3.3073 3.2600 3.2875 0.0100
3.3073 3.2600 3.2875 0.0100
3.3073 3.2600 3.2875 0.0100
3.3073 3.2600 3.2875 0.0100
3.3073 3.2600 3.2875 0.0100
3.3073 3.2600 3.2875 0.0100
3.3073 3.2600 3.2876 0.0100
3.3073 3.2600 3.2880 0.0098
3.3073 3.2600 3.2880 0.0098
3.3073 3.2630 3.2883 0.0094
3.3073 3.2630 3.2883 0.0094
3.3073 3.2630 3.2883 0.0094
3.3073 3.2630 3.2883 0.0094
3.3073 3.2630 3.2883 0.0094
3.3073 3.2630 3.2883 0.0094
3.3073 3.2630 3.2883 0.0094
3.3073 3.2630 3.2884 0.0094
3.3073 3.2630 3.2884 0.0094
3.3073 3.2630 3.2884 0.0094
3.3073 3.2630 3.2884 0.0094
3.3073 3.2630 3.2887 0.0091
3.3073 3.2630 3.2887 0.0091
3.3073 3.2630 3.2887 0.0091
3.3073 3.2630 3.2887 0.0091
3.3073 3.2630 3.2887 0.0091
3.3073 3.2630 3.2888 0.0091
3.3073 3.2630 3.2888 0.0091
3.3073 3.2630 3.2890 0.0089
3.3073 3.2630 3.2890 0.0089
3.3073 3.2630 3.2891 0.0089
3.3073 3.2630 3.2890 0.0089
3.3073 3.2630 3.2891 0.0089
3.3073 3.2630 3.2891 0.0089
3.3073 3.2630 3.2891 0.0089
3.3073 3.2630 3.2890 0.0089
3.3073 3.2630 3.2890 0.0089
3.3073 3.2630 3.2892 0.0089
3.3073 3.2630 3.2892 0.0089
3.3073 3.2630 3.2891 0.0089
3.3073 3.2630 3.2892 0.0089
3.3073 3.2630 3.2891 0.0089
3.3073 3.2630 3.2892 0.0089
3.3073 3.2630 3.2892 0.0089
3.3073 3.2630 3.2892 0.0089
3.3073 3.2630 3.2891 0.0089
3.3073 3.2630 3.2892 0.0089
3.3073 3.2630 3.2892 0.0089
3.3073 3.2630 3.2892 0.0088
3.3073 3.2630 3.2892 0.0088
3.3073 3.2630 3.2892 0.0088
3.3073 3.2630 3.2892 0.0088
3.3073 3.2630 3.2893 0.0088
3.3073 3.2630 3.2893 0.0088
3.3073 3.2630 3.2893 0.0088
3.3073 3.2630 3.2893 0.0088
3.3073 3.2630 3.2893 0.0088
3.3073 3.2630 3.2893 0.0088
3.3073 3.2630 3.2893 0.0088
3.3073 3.2630 3.2893 0.0088
3.3073 3.2630 3.2894 0.0088
3.3073 3.2630 3.2894 0.0088
3.3073 3.2630 3.2894 0.0088
3.3073 3.2630 3.2893 0.0088
3.3073 3.2630 3.2894 0.0088
3.3073 3.2630 3.2894 0.0088
3.3073 3.2630 3.2893 0.0088
3.3073 3.2630 3.2894 0.0088
3.3073 3.2630 3.2894 0.0088
3.3073 3.2630 3.2893 0.0088
3.3073 3.2630 3.2894 0.0088
3.3073 3.2630 3.2893 0.0088
3.3073 3.2630 3.2895 0.0086
3.3073 3.2630 3.2895 0.0086
3.3073 3.2630 3.2896 0.0086
3.3073 3.2630 3.2896 0.0086
3.3073 3.2630 3.2896 0.0085
3.3073 3.2630 3.2896 0.0085
3.3073 3.2630 3.2898 0.0086
3.3073 3.2630 3.2898 0.0086
3.3073 3.2630 3.2897 0.0086
3.3073 3.2630 3.2898 0.0086
3.3073 3.2630 3.2898 0.0086
3.3073 3.2630 3.2898 0.0086
3.3073 3.2630 3.2898 0.0086
3.3073 3.2630 3.2898 0.0086
3.3073 3.2630 3.2898 0.0086
3.3073 3.2630 3.2898 0.0086
3.3073 3.2630 3.2898 0.0086
3.3073 3.2630 3.2898 0.0086
3.3073 3.2630 3.2901 0.0083
3.3073 3.2630 3.2901 0.0082
3.3073 3.2630 3.2901 0.0082
3.3073 3.2630 3.2902 0.0083
3.3073 3.2630 3.2902 0.0083
3.3073 3.2630 3.2902 0.0083
3.3073 3.2630 3.2902 0.0083
3.3073 3.2630 3.2902 0.0083
3.3073 3.2630 3.2902 0.0083
3.3073 3.2630 3.2902 0.0083
3.3073 3.2630 3.2902 0.0083
3.3073 3.2630 3.2902 0.0083
3.3073 3.2630 3.2902 0.0083
3.3073 3.2630 3.2904 0.0082
3.3073 3.2630 3.2904 0.0082
3.3073 3.2630 3.2905 0.0081
3.3073 3.2630 3.2906 0.0081
3.3073 3.2630 3.2906 0.0081
3.3073 3.2630 3.2906 0.0081
3.3073 3.2630 3.2906 0.0081
3.3073 3.2630 3.2906 0.0081
3.3073 3.2630 3.2906 0.0081
3.3073 3.2630 3.2906 0.0081
3.3073 3.2630 3.2906 0.0081
3.3073 3.2630 3.2906 0.0081
3.3073 3.2630 3.2906 0.0081
3.3073 3.2630 3.2906 0.0081
3.3073 3.2630 3.2905 0.0081
3.3073 3.2630 3.2906 0.0081
3.3073 3.2630 3.2906 0.0081
3.3073 3.2630 3.2906 0.0081
3.3073 3.2630 3.2905 0.0081
3.3073 3.2630 3.2906 0.0080
3.3073 3.2630 3.2906 0.0080
3.3073 3.2630 3.2906 0.0080
3.3073 3.2630 3.2907 0.0080
3.3073 3.2630 3.2907 0.0080
3.3073 3.2630 3.2907 0.0080
3.3073 3.2630 3.2907 0.0080
3.3073 3.2630 3.2907 0.0080
3.3073 3.2630 3.2907 0.0080
3.3073 3.2630 3.2907 0.0080
3.3073 3.2630 3.2907 0.0080
3.3073 3.2630 3.2908 0.0080
3.3073 3.2630 3.2908 0.0080
3.3073 3.2630 3.2908 0.0080
3.3073 3.2630 3.2907 0.0080
3.3073 3.2630 3.2908 0.0080
3.3073 3.2630 3.2908 0.0080
3.3073 3.2630 3.2908 0.0080
3.3073 3.2630 3.2908 0.0080
3.3073 3.2630 3.2908 0.0080
3.3073 3.2630 3.2908 0.0080
3.3073 3.2630 3.2908 0.0080
3.3073 3.2630 3.2909 0.0079
3.3073 3.2630 3.2910 0.0079
3.3073 3.2630 3.2909 0.0079
3.3073 3.2630 3.2909 0.0079
3.3073 3.2630 3.2909 0.0079
3.3073 3.2630 3.2909 0.0079
3.3073 3.2630 3.2910 0.0079
3.3073 3.2630 3.2909 0.0079
3.3073 3.2630 3.2910 0.0079
3.3073 3.2630 3.2910 0.0079
3.3073 3.2630 3.2910 0.0079
3.3073 3.2630 3.2910 0.0079
3.3073 3.2630 3.2910 0.0079
3.3073 3.2630 3.2910 0.0079
3.3073 3.2630 3.2910 0.0079
3.3073 3.2630 3.2910 0.0080
3.3073 3.2630 3.2912 0.0078
3.3073 3.2630 3.2912 0.0078
3.3073 3.2630 3.2913 0.0078
3.3073 3.2630 3.2913 0.0078
3.3073 3.2630 3.2913 0.0078
3.3073 3.2630 3.2913 0.0078
3.3073 3.2630 3.2913 0.0078
3.3073 3.2630 3.2914 0.0078
3.3073 3.2630 3.2914 0.0078
3.3073 3.2630 3.2914 0.0078
3.3073 3.2630 3.2914 0.0078
3.3073 3.2630 3.2914 0.0078
3.3073 3.2630 3.2914 0.0078
3.3073 3.2630 3.2914 0.0078
3.3073 3.2630 3.2917 0.0076
3.3073 3.2630 3.2918 0.0075
3.3073 3.2630 3.2917 0.0076
3.3073 3.2630 3.2918 0.0075
3.3073 3.2630 3.2918 0.0075
3.3073 3.2630 3.2920 0.0075
3.3073 3.2630 3.2920 0.0075
3.3073 3.2630 3.2920 0.0075
3.3073 3.2630 3.2920 0.0075
3.3073 3.2630 3.2920 0.0075
3.3073 3.2630 3.2920 0.0075
3.3073 3.2630 3.2922 0.0074
3.3073 3.2630 3.2924 0.0073
3.3073 3.2630 3.2924 0.0073
3.3073 3.2630 3.2924 0.0073
3.3073 3.2630 3.2924 0.0073
3.3073 3.2630 3.2924 0.0073
3.3073 3.2630 3.2924 0.0073
3.3073 3.2630 3.2924 0.0073
3.3073 3.2630 3.2924 0.0073
3.3073 3.2630 3.2924 0.0073
3.3073 3.2630 3.2924 0.0073
3.3073 3.2630 3.2924 0.0073
3.3073 3.2630 3.2924 0.0073
3.3073 3.2703 3.2928 0.0067
3.3073 3.2703 3.2927 0.0067
3.3073 3.2703 3.2927 0.0067
3.3073 3.2703 3.2928 0.0067
3.3073 3.2703 3.2928 0.0067
3.3073 3.2703 3.2929 0.0067
3.3073 3.2703 3.2929 0.0066
3.3073 3.2703 3.2931 0.0068
3.3073 3.2703 3.2931 0.0068
3.3073 3.2703 3.2931 0.0068
3.3073 3.2703 3.2931 0.0068
3.3073 3.2703 3.2931 0.0068
3.3073 3.2703 3.2931 0.0068
3.3073 3.2703 3.2931 0.0067
3.3073 3.2703 3.2932 0.0067
3.3073 3.2703 3.2932 0.0067
3.3073 3.2703 3.2932 0.0067
3.3073 3.2703 3.2932 0.0067
3.3073 3.2703 3.2932 0.0067
3.3073 3.2703 3.2932 0.0067
3.3073 3.2703 3.2932 0.0067
3.3073 3.2703 3.2932 0.0067
3.3073 3.2703 3.2933 0.0067
3.3073 3.2703 3.2932 0.0067
3.3073 3.2703 3.2932 0.0067
3.3073 3.2703 3.2932 0.0067
3.3073 3.2703 3.2932 0.0067
3.3073 3.2703 3.2932 0.0067
3.3073 3.2703 3.2932 0.0067
3.3073 3.2703 3.2933 0.0067
3.3073 3.2703 3.2933 0.0067
3.3073 3.2703 3.2932 0.0067
3.3073 3.2703 3.2933 0.0067
3.3073 3.2703 3.2933 0.0067
3.3073 3.2703 3.2933 0.0067
3.3073 3.2703 3.2933 0.0066
3.3076 3.2703 3.2935 0.0068
3.3076 3.2703 3.2935 0.0068
3.3076 3.2703 3.2935 0.0068
3.3076 3.2703 3.2935 0.0068
3.3076 3.2703 3.2935 0.0068
3.3076 3.2703 3.2935 0.0068
3.3076 3.2703 3.2935 0.0068
3.3076 3.2703 3.2935 0.0068
3.3076 3.2703 3.2935 0.0068
3.3076 3.2703 3.2935 0.0068
3.3076 3.2703 3.2935 0.0068
3.3076 3.2703 3.2937 0.0065
3.3076 3.2703 3.2937 0.0065
3.3076 3.2703 3.2938 0.0066
3.3076 3.2743 3.2938 0.0063
3.3076 3.2743 3.2938 0.0063
3.3076 3.2743 3.2938 0.0063
3.3076 3.2743 3.2938 0.0063
3.3076 3.2743 3.2938 0.0063
3.3076 3.2743 3.2938 0.0063
3.3076 3.2743 3.2939 0.0063
3.3076 3.2743 3.2939 0.0063
3.3076 3.2743 3.2939 0.0063
3.3076 3.2743 3.2939 0.0063
3.3076 3.2743 3.2939 0.0063
3.3076 3.2743 3.2939 0.0063
3.3076 3.2743 3.2939 0.0063
3.3076 3.2743 3.2939 0.0063
3.3076 3.2743 3.2939 0.0063
3.3076 3.2743 3.2939 0.0063
3.3076 3.2743 3.2939 0.0063
3.3076 3.2743 3.2939 0.0063
3.3076 3.2743 3.2939 0.0063
3.3076 3.2743 3.2939 0.0063
3.3076 3.2743 3.2939 0.0063
3.3076 3.2743 3.2939 0.0063
3.3076 3.2743 3.2939 0.0063
3.3076 3.2743 3.2939 0.0063
3.3076 3.2743 3.2939 0.0063
3.3076 3.2743 3.2939 0.0063
3.3076 3.2743 3.2939 0.0063
3.3076 3.2743 3.2939 0.0063
3.3076 3.2743 3.2941 0.0062
3.3076 3.2743 3.2941 0.0062
3.3076 3.2743 3.2941 0.0062
3.3076 3.2743 3.2941 0.0062
3.3076 3.2743 3.2941 0.0062
3.3076 3.2743 3.2941 0.0062
3.3076 3.2743 3.2941 0.0062
3.3076 3.2743 3.2941 0.0062
3.3076 3.2743 3.2941 0.0062
3.3076 3.2743 3.2941 0.0062
3.3076 3.2743 3.2941 0.0062
3.3076 3.2743 3.2941 0.0062
3.3076 3.2743 3.2941 0.0062
3.3076 3.2743 3.2941 0.0062
3.3076 3.2743 3.2941 0.0062
3.3076 3.2743 3.2941 0.0062
3.3076 3.2743 3.2941 0.0062
3.3076 3.2743 3.2941 0.0062
3.3076 3.2743 3.2941 0.0062
3.3076 3.2743 3.2942 0.0063
3.3076 3.2743 3.2942 0.0063
3.3076 3.2743 3.2942 0.0063
3.3076 3.2743 3.2942 0.0063
3.3076 3.2743 3.2942 0.0063
3.3076 3.2743 3.2942 0.0063
3.3076 3.2743 3.2942 0.0063
3.3076 3.2743 3.2942 0.0063
3.3076 3.2743 3.2944 0.0061
3.3076 3.2743 3.2943 0.0061
3.3076 3.2743 3.2944 0.0061
3.3076 3.2743 3.2943 0.0061
3.3076 3.2743 3.2944 0.0061
3.3076 3.2743 3.2944 0.0061
3.3076 3.2743 3.2944 0.0061
3.3076 3.2743 3.2944 0.0061
3.3076 3.2743 3.2944 0.0061
3.3076 3.2743 3.2944 0.0061
3.3076 3.2743 3.2945 0.0062
3.3076 3.2743 3.2945 0.0062
3.3076 3.2743 3.2945 0.0062
3.3076 3.2743 3.2945 0.0062
3.3076 3.2743 3.2945 0.0062
3.3076 3.2743 3.2945 0.0062
3.3076 3.2743 3.2945 0.0062
3.3076 3.2743 3.2945 0.0062
3.3076 3.2743 3.2945 0.0063
3.3076 3.2743 3.2945 0.0063
3.3076 3.2743 3.2946 0.0063
3.3076 3.2743 3.2946 0.0063
3.3076 3.2743 3.2946 0.0063
3.3076 3.2743 3.2948 0.0060
3.3076 3.2743 3.2948 0.0060
3.3076 3.2743 3.2948 0.0060
3.3076 3.2743 3.2948 0.0060
3.3076 3.2743 3.2948 0.0060
3.3076 3.2743 3.2948 0.0060
3.3076 3.2743 3.2948 0.0060
3.3076 3.2743 3.2949 0.0059
3.3076 3.2743 3.2949 0.0059
3.3076 3.2743 3.2949 0.0059
3.3076 3.2743 3.2950 0.0060
3.3076 3.2743 3.2950 0.0060
3.3076 3.2743 3.2950 0.0060
3.3076 3.2743 3.2950 0.0060
3.3076 3.2743 3.2950 0.0060
3.3076 3.2743 3.2950 0.0060
3.3076 3.2743 3.2951 0.0057
3.3076 3.2743 3.2951 0.0057
3.3076 3.2743 3.2951 0.0057
3.3076 3.2743 3.2951 0.0057
3.3076 3.2743 3.2951 0.0057
3.3076 3.2743 3.2952 0.0057
3.3076 3.2743 3.2952 0.0057
3.3076 3.2743 3.2952 0.0057
3.3076 3.2743 3.2952 0.0057
3.3076 3.2743 3.2952 0.0057
3.3076 3.2743 3.2952 0.0057
3.3076 3.2743 3.2952 0.0057
3.3076 3.2743 3.2952 0.0057
3.3076 3.2743 3.2952 0.0057
3.3076 3.2743 3.2952 0.0057
3.3076 3.2743 3.2952 0.0057
3.3076 3.2743 3.2952 0.0057
3.3076 3.2743 3.2952 0.0057
3.3076 3.2743 3.2952 0.0057
3.3076 3.2743 3.2952 0.0057
3.3076 3.2743 3.2952 0.0057
3.3076 3.2743 3.2952 0.0057
3.3076 3.2743 3.2952 0.0057
3.3076 3.2743 3.2952 0.0057
3.3076 3.2743 3.2952 0.0057
3.3076 3.2743 3.2953 0.0058
3.3076 3.2743 3.2954 0.0058
3.3076 3.2743 3.2954 0.0058
3.3076 3.2743 3.2953 0.0058
3.3076 3.2743 3.2953 0.0058
3.3076 3.2743 3.2953 0.0058
3.3076 3.2743 3.2954 0.0058
3.3076 3.2743 3.2955 0.0056
3.3076 3.2743 3.2955 0.0056
3.3076 3.2743 3.2955 0.0056
3.3076 3.2743 3.2955 0.0056
3.3076 3.2743 3.2955 0.0056
3.3076 3.2743 3.2956 0.0055
3.3076 3.2743 3.2956 0.0055
3.3076 3.2743 3.2956 0.0055
3.3076 3.2743 3.2956 0.0055
3.3076 3.2743 3.2956 0.0055
3.3076 3.2743 3.2957 0.0055
3.3076 3.2743 3.2957 0.0055
3.3076 3.2743 3.2957 0.0056
3.3076 3.2743 3.2957 0.0056
3.3076 3.2743 3.2957 0.0055
3.3076 3.2743 3.2957 0.0055
3.3076 3.2743 3.2957 0.0056
3.3076 3.2743 3.2957 0.0056
3.3076 3.2743 3.2957 0.0056
3.3076 3.2743 3.2957 0.0056
3.3076 3.2743 3.2957 0.0056
3.3076 3.2743 3.2957 0.0056
3.3076 3.2743 3.2957 0.0056
3.3076 3.2743 3.2957 0.0056
3.3076 3.2743 3.2957 0.0056
3.3076 3.2743 3.2957 0.0056
3.3076 3.2743 3.2958 0.0056
3.3076 3.2743 3.2958 0.0056
3.3076 3.2743 3.2958 0.0056
3.3076 3.2743 3.2958 0.0056
3.3076 3.2743 3.2959 0.0056
3.3076 3.2743 3.2959 0.0056
3.3076 3.2743 3.2959 0.0056
3.3076 3.2743 3.2959 0.0056
3.3076 3.2743 3.2959 0.0056
3.3076 3.2743 3.2959 0.0056
3.3076 3.2743 3.2959 0.0056
3.3076 3.2743 3.2959 0.0056
3.3076 3.2743 3.2959 0.0056
3.3076 3.2743 3.2959 0.0056
3.3076 3.2743 3.2959 0.0056
3.3076 3.2743 3.2960 0.0056
3.3076 3.2743 3.2960 0.0056
3.3076 3.2743 3.2961 0.0056
3.3076 3.2743 3.2960 0.0056
3.3076 3.2743 3.2961 0.0056
3.3076 3.2743 3.2961 0.0057
3.3076 3.2743 3.2961 0.0057
3.3076 3.2743 3.2961 0.0057
3.3076 3.2743 3.2961 0.0057
3.3076 3.2743 3.2961 0.0057
3.3076 3.2743 3.2961 0.0057
3.3076 3.2743 3.2962 0.0055
3.3076 3.2743 3.2962 0.0055
3.3076 3.2743 3.2962 0.0055
3.3076 3.2743 3.2962 0.0055
3.3076 3.2743 3.2963 0.0056
3.3076 3.2743 3.2964 0.0057
3.3076 3.2743 3.2964 0.0057
3.3076 3.2743 3.2964 0.0057
3.3076 3.2743 3.2964 0.0057
3.3076 3.2743 3.2964 0.0057
3.3076 3.2743 3.2964 0.0057
3.3076 3.2743 3.2964 0.0057
3.3076 3.2743 3.2964 0.0057
3.3076 3.2743 3.2964 0.0056
3.3076 3.2743 3.2964 0.0056
3.3076 3.2743 3.2964 0.0056
3.3076 3.2743 3.2965 0.0057
3.3076 3.2743 3.2965 0.0057
3.3076 3.2743 3.2965 0.0057
3.3076 3.2743 3.2965 0.0057
3.3076 3.2743 3.2965 0.0057
3.3076 3.2743 3.2965 0.0057
3.3076 3.2743 3.2965 0.0057
3.3076 3.2743 3.2965 0.0057
3.3076 3.2743 3.2965 0.0057
3.3076 3.2743 3.2965 0.0057
3.3076 3.2743 3.2965 0.0057
3.3076 3.2743 3.2965 0.0057
3.3076 3.2743 3.2965 0.0057
3.3076 3.2743 3.2966 0.0057
3.3076 3.2743 3.2966 0.0058
3.3076 3.2743 3.2967 0.0058
3.3076 3.2743 3.2967 0.0058
3.3076 3.2743 3.2967 0.0058
3.3076 3.2743 3.2967 0.0058
3.3076 3.2743 3.2967 0.0058
3.3076 3.2743 3.2967 0.0058
3.3076 3.2743 3.2967 0.0058
3.3076 3.2743 3.2968 0.0058
3.3076 3.2743 3.2968 0.0058
3.3076 3.2743 3.2968 0.0058
3.3076 3.2743 3.2968 0.0058
3.3076 3.2743 3.2968 0.0058
3.3076 3.2743 3.2968 0.0058
3.3076 3.2743 3.2968 0.0058
3.3076 3.2743 3.2970 0.0055
3.3076 3.2743 3.2970 0.0055
3.3076 3.2743 3.2970 0.0055
3.3076 3.2743 3.2970 0.0055
3.3076 3.2743 3.2970 0.0055
3.3076 3.2743 3.2970 0.0055
3.3076 3.2743 3.2970 0.0055
3.3076 3.2743 3.2970 0.0055
3.3076 3.2743 3.2970 0.0055
3.3076 3.2743 3.2970 0.0055
3.3076 3.2743 3.2970 0.0055
3.3076 3.2743 3.2970 0.0055
3.3076 3.2743 3.2970 0.0055
3.3076 3.2743 3.2970 0.0055
3.3076 3.2743 3.2970 0.0055
3.3076 3.2743 3.2970 0.0055
3.3076 3.2743 3.2972 0.0053
3.3076 3.2743 3.2972 0.0053
3.3076 3.2743 3.2972 0.0053
3.3076 3.2743 3.2971 0.0053
3.3076 3.2743 3.2972 0.0053
3.3076 3.2743 3.2972 0.0053
3.3076 3.2743 3.2972 0.0053
3.3076 3.2743 3.2972 0.0052
3.3076 3.2743 3.2972 0.0053
3.3076 3.2743 3.2972 0.0053
3.3076 3.2743 3.2972 0.0053
3.3076 3.2743 3.2972 0.0052
3.3076 3.2743 3.2972 0.0052
3.3076 3.2743 3.2972 0.0052
3.3076 3.2743 3.2972 0.0052
3.3076 3.2743 3.2972 0.0052
3.3076 3.2743 3.2973 0.0052
3.3076 3.2743 3.2972 0.0052
3.3076 3.2743 3.2972 0.0052
3.3076 3.2743 3.2973 0.0052
3.3076 3.2743 3.2972 0.0052
3.3076 3.2743 3.2973 0.0052
3.3076 3.2743 3.2973 0.0052
3.3076 3.2743 3.2973 0.0052
3.3076 3.2743 3.2973 0.0052
3.3076 3.2743 3.2973 0.0052
3.3076 3.2743 3.2973 0.0052
3.3076 3.2743 3.2975 0.0051
3.3076 3.2743 3.2975 0.0051
3.3076 3.2743 3.2975 0.0051
3.3076 3.2743 3.2975 0.0051
3.3076 3.2743 3.2975 0.0051
3.3076 3.2743 3.2975 0.0051
3.3076 3.2743 3.2975 0.0051
3.3076 3.2743 3.2975 0.0051
3.3076 3.2743 3.2975 0.0051
3.3076 3.2743 3.2975 0.0051
3.3076 3.2743 3.2975 0.0051
3.3076 3.2743 3.2975 0.0051
3.3076 3.2743 3.2975 0.0051
3.3076 3.2743 3.2975 0.0051
3.3076 3.2743 3.2975 0.0051
3.3076 3.2743 3.2975 0.0051
3.3076 3.2743 3.2975 0.0051
3.3076 3.2743 3.2975 0.0051
3.3076 3.2743 3.2975 0.0051
3.3076 3.2743 3.2975 0.0051
3.3076 3.2743 3.2975 0.0051
3.3076 3.2743 3.2975 0.0051
3.3076 3.2743 3.2975 0.0051
3.3076 3.2743 3.2975 0.0051
3.3076 3.2743 3.2975 0.0051
3.3076 3.2743 3.2975 0.0051
3.3076 3.2743 3.2975 0.0051
3.3076 3.2743 3.2975 0.0051
3.3076 3.2743 3.2976 0.0051
3.3076 3.2743 3.2976 0.0051
3.3076 3.2743 3.2976 0.0051
3.3076 3.2743 3.2976 0.0051
3.3076 3.2743 3.2976 0.0051
3.3076 3.2743 3.2976 0.0051
3.3076 3.2743 3.2976 0.0051
3.3076 3.2743 3.2976 0.0051
3.3076 3.2743 3.2976 0.0051
3.3076 3.2743 3.2976 0.0051
3.3076 3.2743 3.2977 0.0052
3.3076 3.2743 3.2978 0.0052
3.3076 3.2743 3.2978 0.0052
3.3076 3.2743 3.2977 0.0052
3.3076 3.2743 3.2978 0.0053
3.3076 3.2743 3.2978 0.0053
3.3076 3.2743 3.2978 0.0053
3.3076 3.2743 3.2978 0.0053
3.3076 3.2743 3.2978 0.0053
3.3076 3.2743 3.2978 0.0053
3.3076 3.2743 3.2978 0.0053
3.3076 3.2743 3.2978 0.0053
3.3076 3.2743 3.2978 0.0053
3.3076 3.2743 3.2978 0.0053
3.3076 3.2743 3.2979 0.0053
3.3076 3.2743 3.2979 0.0052
3.3076 3.2743 3.2979 0.0053
3.3076 3.2743 3.2979 0.0053
3.3110 3.2743 3.2980 0.0055
3.3110 3.2743 3.2980 0.0055
3.3110 3.2743 3.2980 0.0055
3.3110 3.2743 3.2980 0.0055
3.3110 3.2743 3.2980 0.0055
3.3110 3.2743 3.2981 0.0055
3.3110 3.2743 3.2981 0.0055
3.3110 3.2743 3.2981 0.0055
3.3110 3.2743 3.2981 0.0055
3.3110 3.2743 3.2981 0.0055
3.3110 3.2743 3.2981 0.0055
3.3110 3.2743 3.2981 0.0055
3.3110 3.2743 3.2981 0.0055
3.3110 3.2743 3.2981 0.0055
3.3110 3.2743 3.2981 0.0055
3.3110 3.2743 3.2981 0.0055
3.3110 3.2743 3.2981 0.0055
3.3110 3.2743 3.2982 0.0055
3.3110 3.2743 3.2982 0.0055
3.3110 3.2743 3.2982 0.0055
3.3159 3.2743 3.2983 0.0057
3.3159 3.2743 3.2983 0.0057
3.3159 3.2743 3.2984 0.0058
3.3159 3.2743 3.2984 0.0058
3.3159 3.2743 3.2984 0.0058
3.3159 3.2743 3.2984 0.0058
3.3159 3.2743 3.2984 0.0058
3.3159 3.2743 3.2984 0.0058
3.3159 3.2743 3.2984 0.0058
3.3159 3.2743 3.2984 0.0058
3.3159 3.2743 3.2984 0.0058
3.3159 3.2743 3.2984 0.0058
3.3159 3.2743 3.2984 0.0058
3.3159 3.2743 3.2984 0.0058
3.3159 3.2743 3.2984 0.0058
3.3159 3.2743 3.2984 0.0058
3.3159 3.2743 3.2984 0.0058
3.3159 3.2743 3.2984 0.0058
3.3159 3.2743 3.2984 0.0058
3.3159 3.2743 3.2984 0.0058
3.3159 3.2743 3.2984 0.0058
3.3159 3.2743 3.2984 0.0058
3.3159 3.2743 3.2984 0.0058
3.3159 3.2743 3.2984 0.0058
3.3159 3.2743 3.2984 0.0058
3.3159 3.2743 3.2984 0.0058
3.3159 3.2743 3.2984 0.0058
3.3159 3.2743 3.2984 0.0058
3.3159 3.2743 3.2985 0.0058
3.3159 3.2743 3.2986 0.0058
3.3159 3.2743 3.2986 0.0058
3.3159 3.2743 3.2986 0.0058
3.3159 3.2770 3.2988 0.0053
3.3159 3.2770 3.2988 0.0053
3.3159 3.2770 3.2988 0.0053
3.3159 3.2770 3.2988 0.0053
3.3159 3.2770 3.2988 0.0053
3.3159 3.2770 3.2988 0.0053
3.3159 3.2770 3.2988 0.0053
3.3159 3.2770 3.2988 0.0053
3.3159 3.2770 3.2988 0.0053
3.3159 3.2770 3.2988 0.0053
3.3159 3.2770 3.2989 0.0052
3.3159 3.2770 3.2989 0.0052
3.3159 3.2770 3.2990 0.0052
3.3159 3.2770 3.2989 0.0052
3.3159 3.2770 3.2990 0.0052
3.3159 3.2770 3.2990 0.0052
3.3159 3.2770 3.2990 0.0052
3.3159 3.2770 3.2990 0.0052
3.3159 3.2770 3.2990 0.0052
3.3159 3.2770 3.2990 0.0052
3.3159 3.2770 3.2990 0.0052
3.3159 3.2770 3.2990 0.0052
3.3159 3.2770 3.2990 0.0052
3.3159 3.2770 3.2990 0.0052
3.3159 3.2770 3.2990 0.0052
3.3159 3.2770 3.2990 0.0052
3.3159 3.2770 3.2990 0.0052
3.3159 3.2770 3.2990 0.0052
3.3159 3.2770 3.2990 0.0052
3.3159 3.2770 3.2990 0.0052
3.3159 3.2770 3.2990 0.0052
3.3159 3.2770 3.2991 0.0053
3.3159 3.2770 3.2991 0.0053
3.3159 3.2770 3.2991 0.0053
3.3159 3.2770 3.2991 0.0053
3.3159 3.2770 3.2991 0.0052
3.3159 3.2770 3.2991 0.0053
3.3159 3.2770 3.2991 0.0053
3.3159 3.2770 3.2991 0.0053
3.3159 3.2770 3.2991 0.0053
3.3159 3.2770 3.2991 0.0053
3.3159 3.2770 3.2991 0.0053
3.3159 3.2770 3.2991 0.0052
3.3159 3.2770 3.2991 0.0053
3.3159 3.2770 3.2991 0.0052
3.3159 3.2770 3.2991 0.0053
3.3159 3.2770 3.2991 0.0053
3.3159 3.2770 3.2991 0.0053
3.3159 3.2770 3.2991 0.0053
3.3159 3.2770 3.2991 0.0052
3.3159 3.2770 3.2991 0.0052
3.3159 3.2770 3.2991 0.0052
3.3159 3.2770 3.2991 0.0052
3.3159 3.2770 3.2991 0.0052
3.3159 3.2770 3.2991 0.0052
3.3159 3.2770 3.2991 0.0052
3.3159 3.2770 3.2992 0.0052
3.3159 3.2770 3.2992 0.0052
3.3159 3.2770 3.2992 0.0052
3.3159 3.2770 3.2992 0.0052
3.3159 3.2770 3.2992 0.0052
3.3159 3.2770 3.2992 0.0052
3.3159 3.2788 3.2992 0.0051
3.3159 3.2788 3.2992 0.0051
3.3159 3.2788 3.2992 0.0051
3.3159 3.2788 3.2992 0.0051
3.3159 3.2788 3.2992 0.0051
3.3159 3.2788 3.2992 0.0051
3.3159 3.2788 3.2992 0.0051
3.3159 3.2788 3.2992 0.0051
3.3159 3.2788 3.2992 0.0051
3.3159 3.2788 3.2993 0.0051
3.3159 3.2788 3.2993 0.0051
3.3159 3.2788 3.2993 0.0051
3.3159 3.2788 3.2993 0.0051
3.3159 3.2788 3.2993 0.0051
3.3159 3.2788 3.2993 0.0051
3.3159 3.2788 3.2993 0.0051
3.3159 3.2788 3.2993 0.0051
3.3159 3.2788 3.2993 0.0051
3.3159 3.2788 3.2993 0.0051
3.3159 3.2788 3.2993 0.0051
3.3159 3.2788 3.2994 0.0051
3.3159 3.2788 3.2994 0.0051
3.3159 3.2788 3.2994 0.0051
3.3159 3.2788 3.2994 0.0051
3.3159 3.2788 3.2994 0.0051
3.3159 3.2788 3.2994 0.0051
3.3159 3.2788 3.2994 0.0051
3.3159 3.2788 3.2994 0.0051
3.3159 3.2788 3.2994 0.0051
3.3159 3.2788 3.2994 0.0051
3.3159 3.2788 3.2994 0.0051
3.3159 3.2788 3.2994 0.0051
3.3159 3.2788 3.2994 0.0051
3.3159 3.2788 3.2994 0.0051
3.3159 3.2788 3.2994 0.0051
3.3159 3.2788 3.2994 0.0051
3.3159 3.2788 3.2994 0.0051
3.3159 3.2788 3.2994 0.0051
3.3159 3.2788 3.2994 0.0051
3.3159 3.2788 3.2994 0.0051
3.3159 3.2788 3.2994 0.0051
3.3159 3.2788 3.2994 0.0051
3.3159 3.2788 3.2994 0.0051
3.3159 3.2788 3.2994 0.0051
3.3159 3.2788 3.2995 0.0052
3.3159 3.2788 3.2995 0.0052
3.3159 3.2788 3.2995 0.0052
3.3159 3.2800 3.2995 0.0051
3.3159 3.2800 3.2996 0.0051
3.3159 3.2800 3.2998 0.0054
3.3159 3.2800 3.2998 0.0054
3.3159 3.2800 3.2999 0.0054
3.3159 3.2800 3.2999 0.0054
3.3159 3.2800 3.2999 0.0054
3.3159 3.2800 3.2999 0.0054
3.3159 3.2800 3.3000 0.0055
3.3159 3.2800 3.3000 0.0055
3.3159 3.2800 3.3000 0.0055
3.3159 3.2800 3.3000 0.0055
3.3159 3.2800 3.3000 0.0055
3.3159 3.2800 3.3000 0.0055
3.3159 3.2835 3.3000 0.0054
3.3159 3.2835 3.3001 0.0055
3.3159 3.2835 3.3001 0.0055
3.3159 3.2835 3.3001 0.0055
3.3159 3.2835 3.3001 0.0055
3.3159 3.2835 3.3001 0.0055
3.3159 3.2835 3.3001 0.0055
3.3159 3.2835 3.3001 0.0055
3.3159 3.2835 3.3001 0.0055
3.3159 3.2835 3.3001 0.0055
3.3159 3.2835 3.3001 0.0055
3.3159 3.2835 3.3001 0.0055
3.3159 3.2835 3.3001 0.0055
3.3159 3.2835 3.3001 0.0055
3.3159 3.2835 3.3001 0.0055
3.3159 3.2835 3.3001 0.0055
3.3159 3.2835 3.3001 0.0055
3.3159 3.2835 3.3001 0.0055
3.3159 3.2835 3.3002 0.0054
3.3159 3.2835 3.3002 0.0054
3.3159 3.2835 3.3002 0.0054
3.3159 3.2835 3.3002 0.0054
3.3159 3.2835 3.3002 0.0054
3.3159 3.2835 3.3002 0.0055
3.3159 3.2835 3.3002 0.0055
3.3159 3.2835 3.3004 0.0057
3.3159 3.2835 3.3005 0.0057
3.3159 3.2835 3.3005 0.0057
3.3159 3.2835 3.3005 0.0057
3.3159 3.2835 3.3005 0.0057
3.3159 3.2835 3.3005 0.0057
3.3159 3.2835 3.3005 0.0057
3.3159 3.2835 3.3005 0.0057
3.3159 3.2835 3.3005 0.0057
3.3159 3.2835 3.3005 0.0057
3.3159 3.2835 3.3005 0.0057
3.3159 3.2835 3.3005 0.0057
3.3159 3.2835 3.3005 0.0057
3.3159 3.2835 3.3005 0.0057
3.3159 3.2835 3.3006 0.0057
3.3159 3.2835 3.3006 0.0057
3.3159 3.2835 3.3006 0.0057
3.3159 3.2835 3.3006 0.0057
3.3159 3.2835 3.3006 0.0057
3.3159 3.2835 3.3006 0.0057
3.3159 3.2835 3.3006 0.0057
3.3159 3.2835 3.3006 0.0057
3.3159 3.2835 3.3006 0.0057
3.3159 3.2835 3.3006 0.0057
3.3159 3.2835 3.3006 0.0057
3.3159 3.2835 3.3006 0.0057
3.3159 3.2835 3.3007 0.0057
3.3159 3.2835 3.3008 0.0057
3.3159 3.2835 3.3008 0.0057
3.3159 3.2835 3.3008 0.0057
3.3159 3.2835 3.3008 0.0057
3.3159 3.2835 3.3008 0.0056
3.3159 3.2835 3.3009 0.0056
3.3159 3.2835 3.3009 0.0056
3.3159 3.2835 3.3009 0.0056
3.3159 3.2835 3.3009 0.0056
3.3159 3.2835 3.3009 0.0056
3.3159 3.2835 3.3009 0.0056
3.3159 3.2835 3.3009 0.0056
3.3159 3.2835 3.3009 0.0056
3.3159 3.2835 3.3009 0.0056
3.3159 3.2835 3.3009 0.0056
3.3159 3.2835 3.3009 0.0056
3.3159 3.2835 3.3009 0.0056
3.3159 3.2835 3.3009 0.0056
3.3159 3.2835 3.3009 0.0056
3.3159 3.2835 3.3009 0.0056
3.3159 3.2835 3.3009 0.0056
3.3159 3.2835 3.3009 0.0056
3.3159 3.2835 3.3009 0.0056
3.3159 3.2835 3.3009 0.0056
3.3159 3.2835 3.3009 0.0056
3.3159 3.2835 3.3009 0.0056
3.3159 3.2835 3.3009 0.0056
3.3159 3.2835 3.3009 0.0056
3.3159 3.2835 3.3009 0.0056
3.3159 3.2835 3.3009 0.0056
3.3159 3.2835 3.3010 0.0056
3.3159 3.2835 3.3010 0.0056
3.3159 3.2835 3.3010 0.0056
3.3159 3.2835 3.3010 0.0056
3.3159 3.2835 3.3010 0.0056
3.3159 3.2835 3.3011 0.0057
3.3159 3.2835 3.3011 0.0057
3.3159 3.2835 3.3011 0.0057
3.3159 3.2835 3.3011 0.0057
3.3159 3.2835 3.3011 0.0057
3.3159 3.2835 3.3011 0.0057
3.3159 3.2835 3.3011 0.0057
3.3159 3.2835 3.3011 0.0057
3.3159 3.2835 3.3011 0.0057
3.3159 3.2835 3.3011 0.0057
3.3159 3.2835 3.3011 0.0057
3.3159 3.2835 3.3011 0.0057
3.3159 3.2835 3.3011 0.0057
3.3159 3.2835 3.3011 0.0057
3.3159 3.2835 3.3011 0.0057
3.3159 3.2835 3.3011 0.0057
3.3159 3.2835 3.3012 0.0057
3.3159 3.2835 3.3012 0.0057
3.3159 3.2835 3.3012 0.0057
3.3159 3.2835 3.3012 0.0057
3.3159 3.2835 3.3012 0.0057
3.3159 3.2835 3.3012 0.0058
3.3159 3.2835 3.3013 0.0058
3.3159 3.2835 3.3013 0.0058
3.3159 3.2835 3.3013 0.0058
3.3159 3.2835 3.3013 0.0058
3.3159 3.2835 3.3013 0.0058
3.3159 3.2835 3.3013 0.0058
3.3159 3.2835 3.3013 0.0058
3.3159 3.2835 3.3013 0.0058
3.3159 3.2835 3.3013 0.0058
3.3159 3.2835 3.3013 0.0058
3.3159 3.2835 3.3013 0.0058
3.3159 3.2835 3.3013 0.0058
3.3159 3.2835 3.3013 0.0058
3.3159 3.2835 3.3014 0.0058
3.3159 3.2835 3.3014 0.0058
3.3159 3.2835 3.3014 0.0058
3.3159 3.2835 3.3014 0.0057
3.3159 3.2835 3.3015 0.0058
3.3159 3.2835 3.3015 0.0058
3.3159 3.2835 3.3015 0.0058
3.3159 3.2835 3.3015 0.0058
3.3159 3.2835 3.3015 0.0058
3.3159 3.2835 3.3015 0.0058
3.3159 3.2835 3.3015 0.0058
3.3159 3.2835 3.3015 0.0058
3.3159 3.2835 3.3015 0.0058
3.3159 3.2835 3.3015 0.0058
3.3159 3.2835 3.3015 0.0058
3.3159 3.2835 3.3015 0.0058
3.3159 3.2835 3.3015 0.0058
3.3159 3.2835 3.3015 0.0058
3.3159 3.2835 3.3015 0.0058
3.3159 3.2835 3.3015 0.0058
3.3159 3.2835 3.3015 0.0058
3.3159 3.2835 3.3015 0.0058
3.3159 3.2835 3.3015 0.0058
3.3159 3.2835 3.3015 0.0058
3.3159 3.2835 3.3015 0.0058
3.3159 3.2835 3.3015 0.0058
3.3159 3.2835 3.3015 0.0058
3.3159 3.2835 3.3015 0.0058
3.3159 3.2835 3.3015 0.0058
3.3159 3.2835 3.3015 0.0058
3.3159 3.2835 3.3015 0.0058
3.3159 3.2835 3.3015 0.0059
3.3159 3.2835 3.3016 0.0058
3.3159 3.2835 3.3016 0.0058
3.3159 3.2835 3.3016 0.0058
3.3159 3.2835 3.3016 0.0058
3.3159 3.2835 3.3016 0.0058
3.3159 3.2835 3.3016 0.0058
3.3159 3.2835 3.3016 0.0058
3.3159 3.2835 3.3016 0.0058
3.3159 3.2835 3.3016 0.0058
3.3159 3.2835 3.3016 0.0058
3.3159 3.2835 3.3016 0.0058
3.3159 3.2835 3.3016 0.0058
3.3159 3.2835 3.3016 0.0058
3.3159 3.2835 3.3017 0.0059
3.3159 3.2835 3.3018 0.0059
3.3159 3.2835 3.3018 0.0059
3.3159 3.2835 3.3018 0.0059
3.3159 3.2835 3.3019 0.0060
3.3159 3.2835 3.3019 0.0060
3.3159 3.2835 3.3019 0.0060
3.3159 3.2835 3.3019 0.0060
3.3159 3.2835 3.3019 0.0060
3.3159 3.2835 3.3019 0.0060
3.3159 3.2835 3.3019 0.0060
3.3159 3.2835 3.3019 0.0060
3.3159 3.2835 3.3021 0.0061
3.3159 3.2835 3.3021 0.0061
3.3159 3.2835 3.3022 0.0061
3.3159 3.2835 3.3022 0.0061
3.3159 3.2835 3.3022 0.0061
3.3159 3.2835 3.3022 0.0061
3.3159 3.2835 3.3022 0.0061
3.3159 3.2835 3.3022 0.0061
3.3159 3.2835 3.3023 0.0061
3.3159 3.2835 3.3023 0.0061
3.3159 3.2835 3.3023 0.0061
3.3159 3.2835 3.3023 0.0061
3.3159 3.2835 3.3023 0.0061
3.3159 3.2835 3.3023 0.0061
3.3159 3.2835 3.3023 0.0061
3.3159 3.2835 3.3023 0.0061
3.3159 3.2835 3.3024 0.0062
3.3159 3.2835 3.3024 0.0062
3.3159 3.2835 3.3025 0.0062
3.3159 3.2835 3.3025 0.0062
3.3159 3.2835 3.3025 0.0062
3.3159 3.2835 3.3026 0.0063
3.3159 3.2835 3.3026 0.0063
3.3159 3.2835 3.3027 0.0063
3.3159 3.2835 3.3027 0.0063
3.3159 3.2835 3.3027 0.0063
3.3159 3.2835 3.3027 0.0063
3.3159 3.2835 3.3027 0.0063
3.3159 3.2835 3.3027 0.0063
3.3159 3.2835 3.3027 0.0063
3.3159 3.2835 3.3028 0.0062
3.3159 3.2835 3.3029 0.0063
3.3159 3.2835 3.3030 0.0063
3.3159 3.2835 3.3030 0.0063
3.3159 3.2835 3.3030 0.0063
3.3159 3.2835 3.3030 0.0063
3.3159 3.2835 3.3030 0.0063
3.3159 3.2835 3.3030 0.0063
3.3159 3.2835 3.3030 0.0063
3.3159 3.2835 3.3030 0.0063
3.3159 3.2835 3.3030 0.0063
3.3159 3.2835 3.3030 0.0063
3.3159 3.2835 3.3030 0.0063
3.3159 3.2835 3.3030 0.0063
3.3159 3.2835 3.3030 0.0063
3.3159 3.2835 3.3030 0.0063
3.3159 3.2835 3.3030 0.0063
3.3159 3.2835 3.3030 0.0063
3.3159 3.2835 3.3030 0.0063
3.3159 3.2835 3.3030 0.0063
3.3159 3.2835 3.3030 0.0063
3.3159 3.2835 3.3030 0.0063
3.3159 3.2835 3.3031 0.0063
3.3159 3.2835 3.3031 0.0063
3.3159 3.2835 3.3031 0.0063
3.3159 3.2835 3.3031 0.0063
3.3159 3.2835 3.3031 0.0063
3.3159 3.2835 3.3032 0.0063
3.3159 3.2835 3.3032 0.0062
3.3159 3.2835 3.3032 0.0062
3.3159 3.2835 3.3032 0.0062
3.3159 3.2835 3.3032 0.0062
3.3159 3.2835 3.3032 0.0062
3.3159 3.2835 3.3033 0.0062
3.3159 3.2835 3.3033 0.0062
3.3159 3.2835 3.3033 0.0062
3.3159 3.2835 3.3033 0.0062
3.3159 3.2835 3.3033 0.0062
3.3159 3.2835 3.3033 0.0062
3.3159 3.2835 3.3033 0.0062
3.3159 3.2835 3.3033 0.0062
3.3159 3.2835 3.3033 0.0062
3.3159 3.2835 3.3033 0.0062
3.3159 3.2835 3.3033 0.0062
3.3159 3.2835 3.3033 0.0062
3.3159 3.2835 3.3033 0.0062
3.3159 3.2835 3.3033 0.0062
3.3159 3.2835 3.3033 0.0062
3.3159 3.2835 3.3033 0.0062
3.3159 3.2835 3.3033 0.0062
3.3159 3.2835 3.3033 0.0062
3.3159 3.2835 3.3033 0.0062
3.3159 3.2835 3.3034 0.0063
3.3159 3.2835 3.3034 0.0063
3.3159 3.2835 3.3034 0.0063
3.3159 3.2835 3.3035 0.0064
3.3159 3.2835 3.3036 0.0063
3.3159 3.2835 3.3036 0.0063
3.3159 3.2835 3.3036 0.0063
3.3159 3.2835 3.3037 0.0062
3.3159 3.2835 3.3037 0.0062
3.3159 3.2835 3.3037 0.0062
3.3159 3.2835 3.3037 0.0062
3.3159 3.2835 3.3037 0.0062
3.3159 3.2835 3.3037 0.0062
3.3159 3.2835 3.3038 0.0062
3.3159 3.2835 3.3038 0.0062
3.3159 3.2835 3.3038 0.0062
3.3159 3.2835 3.3038 0.0062
3.3159 3.2835 3.3038 0.0062
3.3159 3.2835 3.3038 0.0062
3.3159 3.2835 3.3038 0.0062
3.3159 3.2835 3.3038 0.0062
3.3159 3.2835 3.3039 0.0062
3.3159 3.2835 3.3039 0.0062
3.3159 3.2835 3.3039 0.0062
3.3159 3.2835 3.3039 0.0062
3.3159 3.2835 3.3039 0.0062
3.3159 3.2835 3.3039 0.0062
3.3159 3.2835 3.3039 0.0062
3.3159 3.2835 3.3039 0.0062
3.3159 3.2835 3.3039 0.0063
3.3159 3.2835 3.3039 0.0063
3.3159 3.2835 3.3040 0.0063
3.3159 3.2835 3.3040 0.0063
3.3159 3.2835 3.3040 0.0063
3.3159 3.2835 3.3040 0.0063
3.3159 3.2835 3.3040 0.0063
3.3159 3.2835 3.3040 0.0063
3.3159 3.2835 3.3040 0.0063
3.3159 3.2835 3.3040 0.0063
3.3159 3.2835 3.3040 0.0063
3.3159 3.2835 3.3040 0.0063
3.3159 3.2835 3.3041 0.0063
3.3159 3.2835 3.3041 0.0063
3.3159 3.2835 3.3041 0.0063
3.3159 3.2835 3.3041 0.0062
3.3159 3.2835 3.3041 0.0063
3.3159 3.2835 3.3041 0.0062
3.3159 3.2835 3.3041 0.0063
3.3159 3.2835 3.3041 0.0063
3.3159 3.2835 3.3041 0.0062
3.3159 3.2835 3.3041 0.0062
3.3159 3.2835 3.3041 0.0062
3.3159 3.2835 3.3043 0.0061
3.3159 3.2835 3.3043 0.0061
3.3159 3.2835 3.3043 0.0061
3.3159 3.2835 3.3043 0.0061
3.3159 3.2835 3.3043 0.0061
3.3159 3.2835 3.3043 0.0061
3.3159 3.2835 3.3043 0.0061
3.3159 3.2835 3.3044 0.0061
3.3159 3.2835 3.3044 0.0061
3.3159 3.2835 3.3045 0.0061
3.3159 3.2835 3.3045 0.0061
3.3159 3.2835 3.3045 0.0061
3.3159 3.2835 3.3046 0.0061
3.3159 3.2835 3.3046 0.0061
3.3159 3.2835 3.3046 0.0061
3.3159 3.2835 3.3046 0.0061
3.3159 3.2835 3.3046 0.0061
3.3159 3.2835 3.3046 0.0061
3.3159 3.2835 3.3046 0.0061
3.3159 3.2835 3.3046 0.0061
3.3159 3.2835 3.3046 0.0061
3.3159 3.2835 3.3046 0.0061
3.3159 3.2835 3.3046 0.0061
3.3159 3.2835 3.3047 0.0061
3.3159 3.2835 3.3047 0.0061
3.3159 3.2835 3.3047 0.0061
3.3159 3.2835 3.3047 0.0061
3.3159 3.2835 3.3047 0.0061
3.3159 3.2835 3.3047 0.0061
3.3159 3.2835 3.3047 0.0061
3.3159 3.2835 3.3047 0.0061
3.3159 3.2835 3.3047 0.0061
3.3159 3.2835 3.3048 0.0061
3.3159 3.2835 3.3049 0.0061
3.3159 3.2835 3.3049 0.0061
3.3159 3.2835 3.3049 0.0061
3.3159 3.2835 3.3049 0.0061
3.3159 3.2955 3.3050 0.0057
3.3159 3.2952 3.3050 0.0057
3.3159 3.2955 3.3050 0.0057
3.3159 3.2955 3.3050 0.0057
3.3159 3.2955 3.3050 0.0057
3.3159 3.2955 3.3052 0.0058
3.3159 3.2955 3.3053 0.0059
3.3159 3.2955 3.3053 0.0059
3.3159 3.2954 3.3053 0.0059
3.3159 3.2955 3.3053 0.0059
3.3159 3.2955 3.3053 0.0059
3.3159 3.2955 3.3053 0.0059
3.3159 3.2955 3.3055 0.0058
3.3159 3.2955 3.3055 0.0058
3.3159 3.2955 3.3055 0.0058
3.3159 3.2955 3.3055 0.0058
3.3159 3.2955 3.3055 0.0058
3.3159 3.2955 3.3055 0.0058
3.3159 3.2955 3.3055 0.0058
3.3159 3.2955 3.3055 0.0058
3.3159 3.2955 3.3055 0.0058
3.3159 3.2955 3.3055 0.0058
3.3159 3.2954 3.3055 0.0058
3.3159 3.2955 3.3056 0.0058
3.3159 3.2955 3.3056 0.0058
3.3159 3.2955 3.3056 0.0058
3.3159 3.2955 3.3057 0.0057
3.3159 3.2955 3.3057 0.0057
3.3159 3.2954 3.3057 0.0057
3.3159 3.2955 3.3057 0.0057
3.3159 3.2955 3.3057 0.0057
3.3159 3.2955 3.3057 0.0057
3.3159 3.2955 3.3057 0.0057
3.3159 3.2955 3.3057 0.0057
3.3159 3.2954 3.3057 0.0057
3.3159 3.2955 3.3057 0.0057
3.3159 3.2955 3.3057 0.0057
3.3159 3.2955 3.3057 0.0057
3.3159 3.2954 3.3057 0.0057
3.3159 3.2955 3.3057 0.0057
3.3159 3.2955 3.3057 0.0057
3.3159 3.2955 3.3057 0.0057
3.3159 3.2955 3.3057 0.0057
3.3159 3.2955 3.3057 0.0057
3.3159 3.2955 3.3057 0.0057
3.3159 3.2952 3.3057 0.0057
3.3159 3.2955 3.3058 0.0058
3.3159 3.2955 3.3058 0.0058
3.3159 3.2955 3.3058 0.0058
3.3159 3.2955 3.3058 0.0058
3.3159 3.2955 3.3058 0.0058
3.3159 3.2955 3.3058 0.0058
3.3159 3.2955 3.3059 0.0058
3.3159 3.2955 3.3059 0.0059
3.3159 3.2954 3.3059 0.0059
3.3159 3.2955 3.3059 0.0059
3.3159 3.2955 3.3059 0.0059
3.3159 3.2955 3.3059 0.0059
3.3159 3.2955 3.3059 0.0059
3.3159 3.2955 3.3059 0.0059
3.3159 3.2955 3.3059 0.0059
3.3159 3.2955 3.3059 0.0059
3.3159 3.2955 3.3059 0.0059
3.3159 3.2955 3.3060 0.0059
3.3159 3.2955 3.3060 0.0059
3.3159 3.2955 3.3061 0.0058
3.3159 3.2955 3.3062 0.0058
3.3159 3.2955 3.3062 0.0058
3.3159 3.2955 3.3062 0.0058
3.3159 3.2955 3.3062 0.0058
3.3159 3.2954 3.3062 0.0058
3.3159 3.2954 3.3062 0.0058
3.3159 3.2955 3.3062 0.0058
3.3159 3.2955 3.3062 0.0058
3.3159 3.2955 3.3062 0.0058
3.3159 3.2952 3.3062 0.0058
3.3159 3.2955 3.3062 0.0058
3.3159 3.2955 3.3062 0.0058
3.3159 3.2952 3.3062 0.0058
3.3159 3.2954 3.3062 0.0058
3.3159 3.2955 3.3062 0.0058
3.3159 3.2955 3.3062 0.0058
3.3159 3.2955 3.3062 0.0058
3.3159 3.2955 3.3062 0.0058
3.3159 3.2954 3.3062 0.0058
3.3159 3.2955 3.3062 0.0058
3.3159 3.2955 3.3062 0.0058
3.3159 3.2955 3.3062 0.0058
3.3159 3.2955 3.3062 0.0058
3.3159 3.2955 3.3062 0.0058
3.3159 3.2955 3.3063 0.0058
3.3159 3.2955 3.3063 0.0058
3.3159 3.2955 3.3063 0.0058
3.3159 3.2955 3.3063 0.0058
3.3159 3.2955 3.3064 0.0059
3.3159 3.2955 3.3064 0.0059
3.3159 3.2954 3.3064 0.0059
3.3159 3.2954 3.3064 0.0059
3.3159 3.2955 3.3064 0.0059
3.3159 3.2954 3.3064 0.0059
3.3159 3.2955 3.3064 0.0059
3.3159 3.2955 3.3064 0.0059
3.3159 3.2955 3.3064 0.0059
3.3159 3.2955 3.3064 0.0059
3.3159 3.2955 3.3065 0.0058
3.3159 3.2955 3.3065 0.0058
3.3159 3.2952 3.3065 0.0058
3.3159 3.2955 3.3065 0.0058
3.3159 3.2954 3.3065 0.0058
3.3159 3.2955 3.3066 0.0057
3.3159 3.2955 3.3066 0.0057
3.3159 3.2955 3.3066 0.0057
3.3159 3.2955 3.3066 0.0057
3.3159 3.2955 3.3066 0.0057
3.3159 3.2955 3.3066 0.0057
3.3159 3.2955 3.3066 0.0057
3.3159 3.2955 3.3066 0.0057
3.3159 3.2955 3.3066 0.0057
3.3159 3.2955 3.3066 0.0057
3.3159 3.2955 3.3067 0.0057
3.3159 3.2955 3.3067 0.0057
3.3159 3.2955 3.3067 0.0057
3.3159 3.2955 3.3068 0.0057
3.3159 3.2955 3.3068 0.0057
3.3159 3.2955 3.3069 0.0057
3.3159 3.2955 3.3069 0.0057
3.3159 3.2955 3.3069 0.0057
3.3159 3.2955 3.3069 0.0057
3.3159 3.2954 3.3069 0.0058
3.3159 3.2955 3.3071 0.0058
3.3159 3.2955 3.3071 0.0058
3.3159 3.2955 3.3071 0.0058
3.3159 3.2955 3.3071 0.0058
3.3159 3.2955 3.3071 0.0058
3.3159 3.2954 3.3071 0.0058
3.3159 3.2954 3.3071 0.0058
3.3159 3.2955 3.3071 0.0058
3.3159 3.2955 3.3072 0.0058
3.3159 3.2955 3.3072 0.0057
3.3159 3.2955 3.3072 0.0057
3.3159 3.2955 3.3073 0.0057
3.3159 3.2955 3.3073 0.0057
3.3159 3.2955 3.3075 0.0057
3.3159 3.2955 3.3075 0.0057
3.3159 3.2955 3.3075 0.0057
3.3159 3.2955 3.3075 0.0057
3.3159 3.2955 3.3075 0.0057
3.3159 3.2955 3.3075 0.0056
3.3159 3.2955 3.3075 0.0056
3.3159 3.2955 3.3075 0.0056
3.3159 3.2955 3.3075 0.0056
3.3159 3.2955 3.3075 0.0056
3.3159 3.2952 3.3075 0.0056
3.3159 3.2954 3.3075 0.0056
3.3159 3.2955 3.3075 0.0056
3.3159 3.2954 3.3075 0.0056
3.3159 3.2955 3.3075 0.0056
3.3159 3.2955 3.3075 0.0056
3.3159 3.2955 3.3075 0.0056
3.3159 3.2955 3.3075 0.0056
3.3159 3.2955 3.3075 0.0057
3.3159 3.2955 3.3075 0.0057
3.3159 3.2955 3.3075 0.0057
3.3159 3.2955 3.3075 0.0057
3.3159 3.2955 3.3075 0.0057
3.3159 3.2955 3.3075 0.0057
3.3159 3.2955 3.3076 0.0056
3.3159 3.2954 3.3076 0.0056
3.3159 3.2952 3.3077 0.0057
3.3159 3.2955 3.3077 0.0056
3.3159 3.2955 3.3077 0.0056
3.3159 3.2955 3.3078 0.0057
3.3159 3.2955 3.3078 0.0057
3.3159 3.2955 3.3077 0.0057
3.3159 3.2954 3.3077 0.0057
3.3159 3.2955 3.3078 0.0057
3.3159 3.2955 3.3077 0.0057
3.3159 3.2955 3.3077 0.0057
3.3159 3.2955 3.3078 0.0057
3.3159 3.2955 3.3078 0.0057
3.3159 3.2955 3.3078 0.0057
3.3159 3.2955 3.3078 0.0057
3.3159 3.2955 3.3078 0.0057
3.3159 3.2954 3.3078 0.0057
3.3159 3.2955 3.3078 0.0057
3.3159 3.2955 3.3078 0.0057
3.3159 3.2952 3.3078 0.0057
3.3159 3.2955 3.3078 0.0057
3.3159 3.2955 3.3078 0.0057
3.3159 3.2955 3.3080 0.0057
3.3159 3.2955 3.3080 0.0057
3.3159 3.2954 3.3081 0.0057
3.3159 3.2955 3.3081 0.0057
3.3159 3.2956 3.3081 0.0057
3.3159 3.2955 3.3081 0.0057
3.3159 3.2955 3.3081 0.0057
3.3159 3.2956 3.3082 0.0058
3.3159 3.2952 3.3082 0.0058
3.3159 3.2956 3.3082 0.0058
3.3159 3.2956 3.3082 0.0058
3.3159 3.2954 3.3082 0.0057
3.3159 3.2956 3.3082 0.0057
3.3159 3.2956 3.3082 0.0057
3.3159 3.2956 3.3082 0.0057
3.3159 3.2956 3.3082 0.0057
3.3159 3.2956 3.3082 0.0057
3.3159 3.2956 3.3082 0.0057
3.3159 3.2956 3.3082 0.0057
3.3159 3.2954 3.3083 0.0058
3.3159 3.2956 3.3084 0.0058
3.3159 3.2952 3.3084 0.0058
3.3159 3.2956 3.3084 0.0058
3.3159 3.2956 3.3084 0.0058
3.3159 3.2955 3.3084 0.0058
3.3159 3.2956 3.3084 0.0058
3.3159 3.2956 3.3084 0.0058
3.3159 3.2955 3.3084 0.0058
3.3159 3.2956 3.3084 0.0058
3.3159 3.2954 3.3084 0.0058
3.3159 3.2956 3.3084 0.0058
3.3159 3.2956 3.3084 0.0058
3.3159 3.2955 3.3084 0.0058
3.3159 3.2954 3.3084 0.0058
3.3159 3.2956 3.3084 0.0058
3.3159 3.2956 3.3084 0.0058
3.3159 3.2956 3.3084 0.0058
3.3159 3.2954 3.3084 0.0058
3.3159 3.2955 3.3084 0.0058
3.3159 3.2956 3.3084 0.0058
3.3159 3.2956 3.3084 0.0058
3.3159 3.2956 3.3085 0.0058
3.3159 3.2956 3.3085 0.0058
3.3159 3.2955 3.3085 0.0058
3.3159 3.2955 3.3085 0.0058
3.3159 3.2952 3.3087 0.0058
3.3159 3.2956 3.3087 0.0057
3.3159 3.2956 3.3087 0.0057
3.3159 3.2956 3.3087 0.0057
3.3159 3.2956 3.3087 0.0057
3.3159 3.2956 3.3087 0.0057
3.3159 3.2956 3.3087 0.0057
3.3159 3.2956 3.3088 0.0058
3.3159 3.2956 3.3088 0.0058
3.3159 3.2956 3.3088 0.0058
3.3159 3.2956 3.3088 0.0058
3.3159 3.2954 3.3088 0.0058
3.3159 3.2956 3.3088 0.0058
3.3159 3.2956 3.3088 0.0058
3.3159 3.2956 3.3088 0.0058
3.3159 3.2952 3.3088 0.0058
3.3159 3.2956 3.3088 0.0058
3.3159 3.2955 3.3088 0.0058
3.3159 3.2954 3.3088 0.0058
3.3159 3.2956 3.3088 0.0058
3.3159 3.2956 3.3088 0.0058
3.3159 3.2955 3.3088 0.0058
3.3159 3.2955 3.3088 0.0058
3.3159 3.2956 3.3088 0.0058
3.3159 3.2955 3.3088 0.0058
3.3159 3.2956 3.3088 0.0058
3.3159 3.2956 3.3088 0.0058
3.3159 3.2956 3.3088 0.0058
3.3159 3.2956 3.3088 0.0058
3.3159 3.2956 3.3088 0.0058
3.3159 3.2956 3.3088 0.0058
3.3159 3.2956 3.3088 0.0058
3.3159 3.2956 3.3088 0.0058
3.3161 3.2956 3.3088 0.0058
3.3161 3.2956 3.3088 0.0058
3.3161 3.2954 3.3089 0.0059
3.3161 3.2956 3.3091 0.0059
3.3161 3.2952 3.3091 0.0059
3.3161 3.2955 3.3091 0.0059
3.3161 3.2955 3.3092 0.0059
3.3161 3.2956 3.3092 0.0059
3.3161 3.2954 3.3092 0.0059
3.3161 3.2956 3.3092 0.0059
3.3161 3.2956 3.3092 0.0059
3.3161 3.2954 3.3092 0.0059
3.3161 3.2956 3.3092 0.0059
3.3161 3.2954 3.3092 0.0059
3.3161 3.2956 3.3092 0.0059
3.3161 3.2955 3.3092 0.0059
3.3161 3.2956 3.3092 0.0059
3.3161 3.2956 3.3092 0.0059
3.3161 3.2952 3.3092 0.0059
3.3161 3.2956 3.3092 0.0059
3.3161 3.2955 3.3092 0.0059
3.3161 3.2954 3.3092 0.0059
3.3161 3.2952 3.3093 0.0059
3.3161 3.2956 3.3093 0.0059
3.3161 3.2956 3.3093 0.0059
3.3161 3.2956 3.3093 0.0059
3.3161 3.2955 3.3093 0.0059
3.3161 3.2956 3.3093 0.0059
3.3161 3.2955 3.3093 0.0059
3.3161 3.2956 3.3093 0.0059
3.3161 3.2956 3.3093 0.0059
3.3161 3.2956 3.3093 0.0059
3.3161 3.2956 3.3094 0.0059
3.3161 3.2954 3.3094 0.0059
3.3161 3.2956 3.3096 0.0059
3.3161 3.2956 3.3096 0.0059
3.3161 3.2954 3.3096 0.0059
3.3192 3.2956 3.3096 0.0059
3.3192 3.2956 3.3096 0.0059
3.3192 3.2956 3.3096 0.0059
3.3192 3.2955 3.3098 0.0058
3.3192 3.2956 3.3098 0.0058
3.3192 3.2956 3.3098 0.0058
3.3192 3.2956 3.3098 0.0058
3.3192 3.2956 3.3098 0.0058
3.3192 3.2955 3.3099 0.0058
3.3192 3.2956 3.3099 0.0058
3.3192 3.2956 3.3099 0.0058
3.3192 3.2954 3.3099 0.0058
3.3192 3.2954 3.3099 0.0058
3.3192 3.2956 3.3099 0.0058
3.3192 3.2956 3.3099 0.0058
3.3192 3.2955 3.3100 0.0058
3.3192 3.2956 3.3100 0.0058
3.3192 3.2955 3.3101 0.0058
3.3192 3.2956 3.3101 0.0058
3.3192 3.2955 3.3101 0.0058
3.3192 3.2956 3.3101 0.0058
3.3192 3.2956 3.3101 0.0058
3.3192 3.2956 3.3101 0.0058
3.3192 3.2956 3.3101 0.0058
3.3192 3.2955 3.3101 0.0058
3.3192 3.2955 3.3101 0.0058
3.3192 3.2956 3.3101 0.0058
3.3192 3.2956 3.3101 0.0058
3.3192 3.2956 3.3101 0.0058
3.3192 3.2956 3.3101 0.0058
3.3192 3.2956 3.3101 0.0058
3.3192 3.2956 3.3101 0.0058
3.3192 3.2956 3.3101 0.0058
3.3192 3.2955 3.3101 0.0058
3.3192 3.2956 3.3102 0.0057
3.3192 3.2954 3.3103 0.0057
3.3192 3.2956 3.3103 0.0057
3.3192 3.2955 3.3103 0.0057
3.3192 3.2956 3.3103 0.0057
3.3192 3.2956 3.3103 0.0057
3.3192 3.2956 3.3103 0.0057
3.3192 3.2956 3.3103 0.0057
3.3192 3.2954 3.3104 0.0057
3.3192 3.2956 3.3104 0.0057
3.3192 3.2954 3.3104 0.0057
3.3192 3.2955 3.3104 0.0057
3.3192 3.2956 3.3104 0.0057
3.3192 3.2955 3.3104 0.0057
3.3192 3.2952 3.3105 0.0057
3.3192 3.2956 3.3105 0.0057
3.3192 3.2954 3.3105 0.0057
3.3192 3.2956 3.3105 0.0057
3.3192 3.2956 3.3105 0.0057
3.3192 3.2956 3.3105 0.0057
3.3192 3.2956 3.3105 0.0057
3.3192 3.2955 3.3106 0.0057
3.3192 3.2956 3.3106 0.0057
3.3192 3.2956 3.3106 0.0057
3.3192 3.2955 3.3106 0.0057
3.3192 3.2956 3.3106 0.0057
3.3192 3.2954 3.3106 0.0057
3.3192 3.2956 3.3106 0.0057
3.3192 3.2956 3.3106 0.0057
3.3192 3.2956 3.3106 0.0057
3.3192 3.2956 3.3106 0.0057
3.3192 3.2956 3.3106 0.0057
3.3192 3.2954 3.3106 0.0057
3.3192 3.2956 3.3106 0.0057
3.3192 3.2956 3.3106 0.0057
3.3192 3.2955 3.3106 0.0057
3.3192 3.2956 3.3106 0.0057
3.3192 3.2956 3.3106 0.0057
3.3192 3.2955 3.3106 0.0057
3.3192 3.2956 3.3106 0.0057
3.3192 3.2956 3.3106 0.0057
3.3192 3.2956 3.3106 0.0057
3.3192 3.2956 3.3106 0.0057
3.3192 3.2954 3.3106 0.0057
3.3192 3.2954 3.3106 0.0057
3.3192 3.2956 3.3106 0.0057
3.3192 3.2956 3.3106 0.0057
3.3192 3.2955 3.3107 0.0057
3.3192 3.2956 3.3107 0.0057
3.3192 3.2956 3.3107 0.0057
3.3192 3.2956 3.3107 0.0057
3.3192 3.2956 3.3107 0.0057
3.3192 3.2954 3.3108 0.0057
3.3192 3.2956 3.3108 0.0057
3.3192 3.2956 3.3108 0.0057
3.3192 3.2956 3.3108 0.0057
3.3192 3.2956 3.3109 0.0057
3.3192 3.2956 3.3109 0.0057
3.3192 3.2956 3.3109 0.0057
3.3192 3.2956 3.3109 0.0057
3.3192 3.2956 3.3109 0.0057
3.3192 3.2955 3.3109 0.0057
3.3192 3.2955 3.3109 0.0057
3.3192 3.2956 3.3109 0.0057
3.3192 3.2956 3.3109 0.0057
3.3192 3.2956 3.3109 0.0057
3.3192 3.2956 3.3110 0.0057
3.3192 3.2956 3.3110 0.0057
3.3192 3.2956 3.3110 0.0057
3.3192 3.2954 3.3111 0.0057
3.3192 3.2955 3.3111 0.0057
3.3192 3.2955 3.3111 0.0057
3.3192 3.2952 3.3111 0.0057
3.3192 3.2954 3.3111 0.0057
3.3192 3.2956 3.3111 0.0057
3.3192 3.2956 3.3111 0.0057
3.3192 3.2954 3.3113 0.0057
3.3192 3.2956 3.3113 0.0057
3.3192 3.2954 3.3113 0.0057
3.3192 3.2956 3.3114 0.0056
3.3192 3.2956 3.3114 0.0056
3.3192 3.2956 3.3115 0.0056
3.3192 3.2956 3.3115 0.0056
3.3192 3.2956 3.3115 0.0056
3.3192 3.2956 3.3115 0.0056
3.3192 3.2956 3.3115 0.0056
3.3192 3.2954 3.3115 0.0056
3.3192 3.2954 3.3115 0.0056
3.3192 3.2956 3.3115 0.0056
3.3192 3.2956 3.3115 0.0056
3.3192 3.2956 3.3115 0.0056
3.3192 3.2954 3.3115 0.0056
3.3192 3.2955 3.3115 0.0056
3.3192 3.2956 3.3116 0.0056
3.3192 3.2955 3.3116 0.0056
3.3192 3.2952 3.3117 0.0055
3.3192 3.2954 3.3117 0.0055
3.3192 3.2952 3.3117 0.0055
3.3192 3.2956 3.3117 0.0055
3.3192 3.2956 3.3117 0.0055
3.3192 3.2956 3.3117 0.0055
3.3192 3.2956 3.3117 0.0055
3.3192 3.2956 3.3117 0.0055
3.3192 3.2956 3.3117 0.0055
3.3192 3.2956 3.3117 0.0055
3.3192 3.2956 3.3117 0.0055
3.3192 3.2956 3.3117 0.0055
3.3192 3.2955 3.3117 0.0055
3.3192 3.2954 3.3117 0.0055
3.3192 3.2956 3.3117 0.0055
3.3192 3.2955 3.3117 0.0055
3.3192 3.2956 3.3117 0.0055
3.3192 3.2952 3.3117 0.0055
3.3192 3.2956 3.3117 0.0055
3.3192 3.2955 3.3118 0.0055
3.3192 3.2952 3.3118 0.0055
3.3192 3.2956 3.3118 0.0055
3.3192 3.2956 3.3118 0.0055
3.3192 3.2956 3.3118 0.0055
3.3192 3.2956 3.3118 0.0055
3.3192 3.2956 3.3118 0.0055
3.3192 3.2956 3.3118 0.0055
3.3192 3.2956 3.3118 0.0055
3.3192 3.2956 3.3118 0.0055
3.3192 3.2955 3.3118 0.0055
3.3192 3.2956 3.3118 0.0055
3.3192 3.2956 3.3118 0.0055
3.3192 3.2956 3.3118 0.0055
3.3192 3.2956 3.3118 0.0055
3.3192 3.2955 3.3118 0.0055
3.3192 3.2956 3.3118 0.0055
3.3192 3.2956 3.3118 0.0055
3.3192 3.2956 3.3119 0.0055
3.3192 3.2954 3.3119 0.0055
3.3192 3.2956 3.3119 0.0055
3.3192 3.2954 3.3119 0.0055
3.3192 3.2956 3.3119 0.0055
3.3192 3.2956 3.3119 0.0055
3.3192 3.2955 3.3119 0.0055
3.3192 3.2952 3.3119 0.0055
3.3192 3.2954 3.3119 0.0055
3.3192 3.2956 3.3120 0.0055
3.3192 3.2956 3.3120 0.0055
3.3192 3.2956 3.3120 0.0056
3.3192 3.2956 3.3120 0.0056
3.3192 3.2956 3.3120 0.0056
3.3192 3.2954 3.3120 0.0056
3.3192 3.2956 3.3120 0.0056
3.3192 3.2955 3.3120 0.0056
3.3192 3.2955 3.3120 0.0056
3.3192 3.2956 3.3120 0.0056
3.3192 3.2954 3.3120 0.0056
3.3192 3.2955 3.3120 0.0056
3.3192 3.2956 3.3121 0.0056
3.3192 3.2954 3.3121 0.0056
3.3192 3.2956 3.3121 0.0056
3.3192 3.2956 3.3121 0.0056
3.3192 3.2956 3.3121 0.0056
3.3192 3.2956 3.3121 0.0056
3.3192 3.2956 3.3121 0.0056
3.3192 3.2955 3.3121 0.0056
3.3192 3.2956 3.3122 0.0056
3.3192 3.2956 3.3122 0.0056
3.3192 3.2956 3.3122 0.0056
3.3192 3.2956 3.3122 0.0056
3.3192 3.2956 3.3122 0.0056
3.3192 3.2956 3.3122 0.0056
3.3192 3.2956 3.3122 0.0056
3.3192 3.2956 3.3122 0.0056
3.3192 3.2955 3.3121 0.0056
3.3192 3.2956 3.3122 0.0056
3.3192 3.2956 3.3122 0.0056
3.3192 3.2956 3.3122 0.0056
3.3192 3.2956 3.3122 0.0056
3.3192 3.2954 3.3121 0.0056
3.3192 3.2955 3.3121 0.0056
3.3192 3.2955 3.3121 0.0056
3.3192 3.2956 3.3123 0.0055
3.3192 3.2956 3.3123 0.0055
3.3192 3.2956 3.3123 0.0055
3.3192 3.2955 3.3124 0.0055
3.3192 3.2956 3.3124 0.0055
3.3192 3.2955 3.3126 0.0052
3.3192 3.2956 3.3126 0.0051
3.3192 3.2956 3.3126 0.0051
3.3192 3.2956 3.3126 0.0051
3.3192 3.2956 3.3127 0.0051
3.3192 3.2956 3.3127 0.0051
3.3192 3.2956 3.3128 0.0051
3.3192 3.2956 3.3128 0.0051
3.3192 3.2956 3.3128 0.0051
3.3192 3.2956 3.3128 0.0051
3.3192 3.2956 3.3128 0.0051
3.3192 3.2956 3.3128 0.0051
3.3192 3.2956 3.3128 0.0051
3.3192 3.2956 3.3128 0.0051
3.3192 3.2952 3.3128 0.0051
3.3192 3.2955 3.3128 0.0051
3.3192 3.2955 3.3128 0.0051
3.3192 3.2956 3.3128 0.0051
3.3192 3.2955 3.3128 0.0051
3.3192 3.2956 3.3130 0.0048
3.3192 3.2956 3.3131 0.0048
3.3192 3.2954 3.3131 0.0048
3.3192 3.2954 3.3131 0.0048
3.3192 3.2954 3.3131 0.0048
3.3192 3.2956 3.3131 0.0048
3.3192 3.2952 3.3131 0.0047
3.3192 3.2956 3.3131 0.0047
3.3192 3.2952 3.3131 0.0047
3.3192 3.2955 3.3131 0.0047
3.3192 3.2956 3.3131 0.0047
3.3192 3.2956 3.3131 0.0047
3.3192 3.2956 3.3131 0.0047
3.3192 3.2955 3.3131 0.0047
3.3192 3.2956 3.3131 0.0047
3.3192 3.2954 3.3131 0.0047
3.3192 3.2956 3.3132 0.0045
3.3192 3.2956 3.3132 0.0045
3.3192 3.2956 3.3132 0.0045
3.3192 3.2956 3.3132 0.0045
3.3192 3.2956 3.3132 0.0045
3.3192 3.2956 3.3132 0.0045
3.3192 3.2952 3.3132 0.0046
3.3192 3.2956 3.3132 0.0045
3.3192 3.2956 3.3132 0.0045
3.3192 3.2956 3.3132 0.0045
3.3192 3.2956 3.3132 0.0045
3.3192 3.2956 3.3132 0.0044
3.3192 3.2956 3.3132 0.0044
3.3192 3.2956 3.3132 0.0044
3.3192 3.2956 3.3132 0.0044
3.3192 3.2954 3.3132 0.0045
3.3192 3.2955 3.3132 0.0045
3.3192 3.2956 3.3132 0.0044
3.3192 3.2956 3.3132 0.0044
3.3192 3.2954 3.3132 0.0045
3.3192 3.2955 3.3132 0.0045
3.3192 3.2956 3.3132 0.0044
3.3192 3.2956 3.3132 0.0044
3.3192 3.2954 3.3132 0.0045
3.3192 3.2956 3.3132 0.0044
3.3192 3.2955 3.3132 0.0045
3.3192 3.2956 3.3132 0.0044
3.3192 3.2955 3.3132 0.0045
3.3192 3.2955 3.3132 0.0045
3.3192 3.2956 3.3133 0.0043
3.3192 3.2956 3.3133 0.0043
3.3192 3.2956 3.3133 0.0043
3.3192 3.2956 3.3133 0.0043
3.3192 3.2956 3.3133 0.0043
3.3192 3.2956 3.3133 0.0043
3.3192 3.2956 3.3133 0.0043
3.3192 3.2956 3.3133 0.0043
3.3192 3.2955 3.3133 0.0043
3.3192 3.2956 3.3133 0.0043
3.3192 3.2956 3.3133 0.0043
3.3192 3.2956 3.3133 0.0043
3.3192 3.2956 3.3133 0.0043
3.3192 3.2954 3.3133 0.0043
3.3192 3.2956 3.3134 0.0043
3.3192 3.2955 3.3134 0.0043
3.3192 3.2956 3.3134 0.0043
3.3192 3.2956 3.3134 0.0043
3.3192 3.2956 3.3134 0.0043
3.3192 3.2956 3.3134 0.0043
3.3192 3.2955 3.3134 0.0044
3.3192 3.2956 3.3134 0.0043
3.3192 3.2956 3.3134 0.0043
3.3192 3.2956 3.3134 0.0043
3.3192 3.2956 3.3134 0.0043
3.3192 3.2952 3.3134 0.0044
3.3192 3.2956 3.3135 0.0042
3.3192 3.2954 3.3135 0.0042
3.3192 3.2956 3.3135 0.0042
3.3192 3.2956 3.3135 0.0042
3.3192 3.2956 3.3135 0.0042
3.3192 3.2956 3.3135 0.0042
3.3192 3.2956 3.3135 0.0042
3.3192 3.2956 3.3135 0.0042
3.3192 3.2956 3.3135 0.0042
3.3192 3.2956 3.3135 0.0042
3.3192 3.2956 3.3135 0.0042
3.3192 3.2956 3.3135 0.0042
3.3192 3.2952 3.3135 0.0042
3.3192 3.2956 3.3135 0.0042
3.3192 3.2954 3.3135 0.0042
3.3192 3.2956 3.3135 0.0042
3.3192 3.2956 3.3135 0.0042
3.3192 3.2956 3.3135 0.0042
3.3192 3.2956 3.3135 0.0042
3.3192 3.2954 3.3135 0.0042
3.3192 3.2986 3.3137 0.0038
3.3192 3.2986 3.3137 0.0038
3.3192 3.2986 3.3137 0.0038
3.3192 3.2986 3.3138 0.0038
3.3192 3.2986 3.3138 0.0038
3.3192 3.2986 3.3138 0.0038
3.3192 3.2986 3.3138 0.0038
3.3192 3.2986 3.3138 0.0038
3.3192 3.2986 3.3138 0.0038
3.3192 3.2986 3.3138 0.0038
3.3192 3.2986 3.3138 0.0038
3.3192 3.2986 3.3138 0.0038
3.3192 3.2986 3.3138 0.0038
3.3192 3.2986 3.3138 0.0038
3.3192 3.2986 3.3139 0.0038
3.3192 3.2986 3.3139 0.0038
3.3192 3.2986 3.3139 0.0038
3.3192 3.2986 3.3139 0.0038
3.3192 3.2986 3.3139 0.0038
3.3192 3.2986 3.3139 0.0038
3.3192 3.2986 3.3139 0.0038
3.3192 3.2986 3.3139 0.0038
3.3192 3.2986 3.3139 0.0038
3.3192 3.2986 3.3139 0.0038
3.3192 3.2986 3.3139 0.0038
3.3192 3.2986 3.3139 0.0038
3.3192 3.2986 3.3139 0.0038
3.3192 3.2986 3.3139 0.0038
3.3192 3.2986 3.3139 0.0038
3.3192 3.2986 3.3139 0.0038
3.3192 3.2986 3.3139 0.0038
3.3192 3.2986 3.3139 0.0038
3.3192 3.2986 3.3139 0.0038
3.3192 3.2986 3.3139 0.0038
3.3192 3.2986 3.3139 0.0038
3.3192 3.2986 3.3140 0.0036
3.3192 3.2986 3.3140 0.0036
3.3192 3.2986 3.3141 0.0035
3.3192 3.2986 3.3141 0.0035
3.3192 3.2986 3.3141 0.0035
3.3192 3.2986 3.3141 0.0035
3.3192 3.2986 3.3141 0.0035
3.3192 3.2986 3.3141 0.0035
3.3192 3.2986 3.3141 0.0035
3.3192 3.2986 3.3141 0.0035
3.3192 3.2986 3.3142 0.0034
3.3192 3.2986 3.3142 0.0034
3.3192 3.2986 3.3142 0.0034
3.3192 3.2986 3.3142 0.0034
3.3192 3.2986 3.3142 0.0034
3.3192 3.2986 3.3142 0.0034
3.3192 3.2986 3.3142 0.0034
3.3192 3.2986 3.3142 0.0034
3.3192 3.2986 3.3142 0.0034
3.3192 3.2986 3.3142 0.0034
3.3192 3.2986 3.3142 0.0034
3.3192 3.2986 3.3142 0.0034
3.3192 3.2986 3.3143 0.0033
3.3192 3.2986 3.3143 0.0033
3.3192 3.2986 3.3143 0.0033
3.3192 3.2986 3.3143 0.0033
3.3192 3.2986 3.3143 0.0033
3.3192 3.2986 3.3144 0.0033
3.3192 3.2986 3.3144 0.0033
3.3192 3.2986 3.3144 0.0033
3.3192 3.2986 3.3144 0.0033
3.3192 3.2986 3.3144 0.0033
3.3192 3.2986 3.3144 0.0033
3.3192 3.2986 3.3144 0.0033
3.3192 3.2986 3.3144 0.0033
3.3192 3.2986 3.3144 0.0033
3.3192 3.2986 3.3144 0.0033
3.3192 3.2986 3.3144 0.0033
3.3192 3.2986 3.3144 0.0033
3.3192 3.2986 3.3144 0.0033
3.3192 3.2986 3.3144 0.0033
3.3192 3.2986 3.3144 0.0033
3.3192 3.2986 3.3144 0.0033
3.3192 3.2986 3.3144 0.0033
3.3192 3.2986 3.3144 0.0033
3.3192 3.2986 3.3144 0.0033
3.3192 3.2986 3.3144 0.0033
3.3192 3.2986 3.3144 0.0032
3.3192 3.2986 3.3144 0.0032
3.3192 3.2986 3.3144 0.0032
3.3192 3.2986 3.3144 0.0032
3.3192 3.2986 3.3144 0.0032
3.3192 3.2986 3.3144 0.0032
3.3192 3.2986 3.3145 0.0032
3.3192 3.2986 3.3145 0.0032
3.3192 3.2986 3.3145 0.0032
3.3192 3.2986 3.3145 0.0032
3.3192 3.2986 3.3145 0.0032
3.3192 3.2986 3.3145 0.0032
3.3192 3.2986 3.3146 0.0032
3.3192 3.2986 3.3146 0.0032
3.3192 3.2986 3.3146 0.0032
3.3192 3.2986 3.3146 0.0032
3.3192 3.2986 3.3146 0.0032
3.3192 3.2986 3.3146 0.0032
3.3192 3.2986 3.3146 0.0032
3.3192 3.2986 3.3146 0.0032
3.3192 3.2986 3.3146 0.0032
3.3192 3.2986 3.3146 0.0032
3.3192 3.2986 3.3146 0.0032
3.3192 3.2986 3.3146 0.0032
3.3192 3.2986 3.3146 0.0032
3.3192 3.2986 3.3146 0.0032
3.3192 3.2986 3.3146 0.0032
3.3192 3.2986 3.3146 0.0032
3.3192 3.2986 3.3146 0.0032
3.3192 3.2986 3.3146 0.0032
3.3192 3.2986 3.3146 0.0032
3.3192 3.2986 3.3146 0.0032
3.3192 3.2986 3.3146 0.0032
3.3192 3.2986 3.3146 0.0032
3.3192 3.2986 3.3146 0.0032
3.3192 3.2986 3.3146 0.0032
3.3192 3.2986 3.3146 0.0031
3.3192 3.2986 3.3146 0.0031
3.3192 3.2986 3.3146 0.0031
3.3192 3.2986 3.3146 0.0031
3.3192 3.2986 3.3146 0.0031
3.3192 3.2986 3.3146 0.0031
3.3192 3.2986 3.3146 0.0031
3.3192 3.2986 3.3146 0.0031
3.3192 3.2986 3.3146 0.0032
3.3192 3.2986 3.3146 0.0032
3.3192 3.2986 3.3146 0.0032
3.3192 3.2986 3.3146 0.0032
3.3192 3.2986 3.3146 0.0032
3.3192 3.2986 3.3146 0.0032
3.3192 3.2986 3.3146 0.0032
3.3192 3.2986 3.3146 0.0032
3.3192 3.2986 3.3146 0.0032
3.3192 3.2986 3.3146 0.0032
3.3192 3.2986 3.3146 0.0032
3.3192 3.2986 3.3146 0.0032
3.3192 3.2986 3.3146 0.0032
3.3192 3.2986 3.3146 0.0032
3.3192 3.2986 3.3146 0.0032
3.3192 3.2986 3.3146 0.0032
3.3192 3.2986 3.3146 0.0032
3.3192 3.2986 3.3146 0.0032
3.3192 3.2986 3.3146 0.0032
3.3192 3.2986 3.3146 0.0032
3.3192 3.2986 3.3146 0.0032
3.3192 3.2986 3.3146 0.0032
3.3192 3.2986 3.3146 0.0032
3.3192 3.2986 3.3146 0.0032
3.3192 3.2986 3.3146 0.0032
3.3192 3.2986 3.3146 0.0032
3.3192 3.2986 3.3146 0.0032
3.3192 3.2986 3.3146 0.0032
3.3192 3.2986 3.3146 0.0032
3.3192 3.2986 3.3146 0.0032
3.3192 3.2986 3.3146 0.0032
3.3192 3.2986 3.3146 0.0032
3.3192 3.2986 3.3146 0.0032
3.3192 3.2986 3.3146 0.0032
3.3192 3.2986 3.3146 0.0032
3.3192 3.2986 3.3146 0.0032
3.3192 3.2986 3.3146 0.0032
3.3192 3.2986 3.3146 0.0032
3.3192 3.2986 3.3146 0.0032
3.3192 3.2986 3.3146 0.0032
3.3192 3.2986 3.3146 0.0032
3.3192 3.2986 3.3146 0.0032
3.3192 3.2986 3.3146 0.0032
3.3192 3.2986 3.3146 0.0032
3.3192 3.2986 3.3146 0.0032
3.3192 3.2986 3.3146 0.0032
3.3192 3.2986 3.3146 0.0032
3.3192 3.2986 3.3146 0.0032
3.3192 3.2986 3.3146 0.0032
3.3192 3.2986 3.3147 0.0031
3.3192 3.2986 3.3147 0.0031
3.3192 3.2986 3.3147 0.0031
3.3192 3.2986 3.3147 0.0031
3.3192 3.2986 3.3147 0.0031
3.3192 3.2986 3.3147 0.0031
3.3192 3.2986 3.3147 0.0031
3.3192 3.2986 3.3147 0.0031
3.3192 3.2986 3.3147 0.0031
3.3192 3.2986 3.3147 0.0031
3.3192 3.2986 3.3147 0.0031
3.3192 3.2986 3.3147 0.0031
3.3192 3.2986 3.3147 0.0031
3.3192 3.2986 3.3147 0.0031
3.3192 3.2986 3.3147 0.0031
3.3192 3.2986 3.3147 0.0031
3.3192 3.2986 3.3147 0.0031
3.3192 3.2986 3.3147 0.0031
3.3192 3.2986 3.3147 0.0031
3.3192 3.2986 3.3147 0.0031
3.3192 3.2986 3.3148 0.0031
3.3192 3.2986 3.3148 0.0031
3.3192 3.2986 3.3148 0.0031
3.3192 3.2986 3.3149 0.0030
3.3192 3.2986 3.3149 0.0030
3.3192 3.2986 3.3149 0.0030
3.3192 3.2986 3.3150 0.0030
3.3192 3.2986 3.3150 0.0030
3.3192 3.2986 3.3150 0.0030
3.3192 3.2986 3.3150 0.0030
3.3192 3.2986 3.3150 0.0030
3.3192 3.2986 3.3150 0.0030
3.3192 3.2986 3.3150 0.0030
3.3192 3.2986 3.3150 0.0030
3.3192 3.2986 3.3150 0.0030
3.3192 3.2986 3.3150 0.0030
3.3192 3.2986 3.3150 0.0030
3.3192 3.2986 3.3150 0.0030
3.3192 3.2986 3.3150 0.0030
3.3192 3.2986 3.3150 0.0030
3.3192 3.2986 3.3150 0.0030
3.3192 3.2986 3.3150 0.0030
3.3192 3.2986 3.3150 0.0030
3.3192 3.2986 3.3150 0.0030
3.3192 3.2986 3.3150 0.0030
3.3192 3.2986 3.3150 0.0030
3.3192 3.2986 3.3150 0.0030
3.3192 3.2986 3.3150 0.0030
3.3192 3.2986 3.3150 0.0030
3.3192 3.2986 3.3150 0.0030
3.3192 3.2986 3.3150 0.0030
3.3192 3.2986 3.3150 0.0030
3.3192 3.2986 3.3150 0.0030
3.3192 3.2986 3.3150 0.0030
3.3192 3.2986 3.3150 0.0030
3.3192 3.2986 3.3150 0.0030
3.3192 3.2986 3.3150 0.0030
3.3192 3.2986 3.3150 0.0030
3.3192 3.2986 3.3150 0.0030
3.3192 3.2986 3.3150 0.0030
3.3192 3.2986 3.3150 0.0030
3.3192 3.2986 3.3150 0.0030
3.3192 3.2986 3.3150 0.0030
3.3192 3.2986 3.3150 0.0030
3.3192 3.2986 3.3150 0.0030
3.3192 3.2986 3.3150 0.0030
3.3192 3.2986 3.3150 0.0029
3.3192 3.2986 3.3150 0.0029
3.3192 3.2986 3.3150 0.0029
3.3192 3.2986 3.3150 0.0029
3.3192 3.2986 3.3150 0.0029
3.3192 3.2986 3.3150 0.0029
3.3192 3.2986 3.3150 0.0029
3.3192 3.2986 3.3150 0.0029
3.3192 3.2986 3.3150 0.0029
3.3192 3.2986 3.3150 0.0029
3.3192 3.2986 3.3150 0.0029
3.3192 3.2986 3.3150 0.0029
3.3192 3.2986 3.3150 0.0029
3.3192 3.2986 3.3150 0.0029
3.3192 3.2986 3.3150 0.0029
3.3192 3.2986 3.3150 0.0029
3.3192 3.2986 3.3150 0.0029
3.3192 3.2986 3.3151 0.0029
3.3192 3.2986 3.3151 0.0029
3.3192 3.2986 3.3151 0.0029
3.3192 3.2986 3.3151 0.0029
3.3192 3.2986 3.3151 0.0029
3.3192 3.2986 3.3151 0.0029
3.3192 3.2986 3.3151 0.0029
3.3192 3.2986 3.3151 0.0029
3.3192 3.2986 3.3151 0.0029
3.3192 3.2986 3.3151 0.0029
3.3192 3.2986 3.3151 0.0029
3.3192 3.2986 3.3151 0.0029
3.3192 3.2986 3.3151 0.0029
3.3192 3.2986 3.3151 0.0029
3.3192 3.2986 3.3151 0.0029
3.3192 3.2986 3.3151 0.0029
3.3192 3.2986 3.3151 0.0029
3.3192 3.2986 3.3151 0.0029
3.3192 3.2986 3.3151 0.0029
3.3192 3.2986 3.3151 0.0029
3.3192 3.2986 3.3151 0.0029
3.3192 3.2986 3.3151 0.0029
3.3192 3.2986 3.3152 0.0027
3.3192 3.2986 3.3152 0.0027
3.3192 3.2986 3.3152 0.0027
3.3192 3.2986 3.3152 0.0027
3.3192 3.2986 3.3152 0.0027
3.3192 3.2986 3.3152 0.0027
3.3192 3.2986 3.3152 0.0027
3.3192 3.2986 3.3152 0.0027
3.3192 3.2986 3.3152 0.0027
3.3192 3.2986 3.3152 0.0027
3.3192 3.2986 3.3152 0.0027
3.3192 3.2986 3.3152 0.0027
3.3192 3.2986 3.3152 0.0027
3.3192 3.2986 3.3152 0.0027
3.3192 3.2986 3.3152 0.0027
3.3192 3.2986 3.3152 0.0027
3.3192 3.2986 3.3152 0.0027
3.3192 3.2986 3.3153 0.0026
3.3192 3.2986 3.3153 0.0026
3.3192 3.2986 3.3153 0.0026
3.3192 3.2986 3.3153 0.0026
3.3192 3.2986 3.3153 0.0026
3.3192 3.2986 3.3153 0.0026
3.3192 3.2986 3.3153 0.0026
3.3192 3.2986 3.3153 0.0026
3.3192 3.2986 3.3153 0.0026
3.3192 3.2986 3.3153 0.0026
3.3192 3.2986 3.3153 0.0026
3.3192 3.2986 3.3153 0.0026
3.3192 3.2986 3.3153 0.0026
3.3192 3.2986 3.3153 0.0026
3.3192 3.2986 3.3153 0.0026
3.3192 3.2986 3.3153 0.0026
3.3192 3.2986 3.3153 0.0026
3.3192 3.2986 3.3153 0.0026
3.3192 3.2986 3.3153 0.0026
3.3192 3.2986 3.3153 0.0026
3.3192 3.2986 3.3153 0.0026
3.3192 3.2986 3.3153 0.0026
3.3192 3.2986 3.3153 0.0026
3.3192 3.2986 3.3153 0.0026
3.3192 3.2986 3.3153 0.0026
3.3192 3.2986 3.3153 0.0026
3.3192 3.2986 3.3153 0.0026
3.3192 3.2986 3.3153 0.0026
3.3192 3.2986 3.3153 0.0026
3.3192 3.2986 3.3153 0.0026
3.3192 3.2986 3.3153 0.0026
3.3192 3.2986 3.3153 0.0026
3.3192 3.2986 3.3153 0.0026
3.3192 3.2986 3.3153 0.0026
3.3192 3.2986 3.3153 0.0026
3.3192 3.2986 3.3153 0.0026
3.3192 3.2986 3.3153 0.0026
3.3192 3.2986 3.3153 0.0026
3.3192 3.2986 3.3153 0.0026
3.3192 3.2986 3.3153 0.0026
3.3192 3.2986 3.3153 0.0026
3.3192 3.2986 3.3153 0.0026
3.3192 3.2986 3.3153 0.0026
3.3192 3.2986 3.3153 0.0026
3.3192 3.2986 3.3153 0.0026
3.3192 3.2986 3.3153 0.0026
3.3192 3.2986 3.3153 0.0026
3.3192 3.2986 3.3153 0.0026
3.3192 3.2986 3.3153 0.0026
3.3192 3.2986 3.3153 0.0026
3.3192 3.2986 3.3153 0.0026
3.3192 3.2986 3.3153 0.0026
3.3192 3.2986 3.3153 0.0026
3.3192 3.2986 3.3153 0.0026
3.3192 3.2986 3.3153 0.0026
3.3192 3.2986 3.3153 0.0026
3.3192 3.2986 3.3153 0.0026
3.3192 3.2986 3.3153 0.0026
3.3192 3.2986 3.3153 0.0026
3.3192 3.2986 3.3153 0.0026
3.3192 3.2986 3.3153 0.0026
3.3192 3.2986 3.3153 0.0026
3.3192 3.2986 3.3153 0.0026
3.3192 3.2986 3.3153 0.0026
3.3192 3.2986 3.3153 0.0026
3.3192 3.2986 3.3153 0.0026
3.3192 3.2986 3.3153 0.0026
3.3192 3.2986 3.3153 0.0026
3.3192 3.2986 3.3153 0.0026
3.3192 3.2986 3.3153 0.0026
3.3192 3.2986 3.3153 0.0026
3.3192 3.2986 3.3153 0.0026
3.3192 3.2986 3.3153 0.0026
3.3192 3.2986 3.3153 0.0026
3.3192 3.2986 3.3153 0.0026
3.3192 3.2986 3.3153 0.0026
3.3192 3.2986 3.3154 0.0026
3.3192 3.2986 3.3154 0.0026
3.3192 3.2986 3.3154 0.0026
3.3192 3.2986 3.3154 0.0026
3.3192 3.2986 3.3154 0.0026
3.3192 3.2986 3.3155 0.0026
3.3192 3.2986 3.3155 0.0026
3.3192 3.2986 3.3155 0.0026
3.3192 3.2986 3.3155 0.0026
3.3192 3.2986 3.3155 0.0026
3.3192 3.2986 3.3155 0.0026
3.3192 3.2986 3.3155 0.0026
3.3192 3.2986 3.3155 0.0026
3.3192 3.2986 3.3155 0.0026
3.3192 3.2986 3.3155 0.0026
3.3192 3.2986 3.3155 0.0026
3.3192 3.2986 3.3155 0.0026
3.3192 3.2986 3.3155 0.0026
3.3192 3.2986 3.3155 0.0026
3.3192 3.2986 3.3155 0.0026
3.3192 3.2986 3.3155 0.0026
3.3192 3.2986 3.3155 0.0026
3.3192 3.2986 3.3155 0.0026
3.3192 3.2986 3.3155 0.0026
3.3192 3.2986 3.3155 0.0026
3.3192 3.2986 3.3155 0.0026
3.3192 3.2986 3.3155 0.0026
3.3192 3.2986 3.3155 0.0026
3.3192 3.2986 3.3155 0.0026
3.3192 3.2986 3.3155 0.0026
3.3192 3.2986 3.3155 0.0026
3.3192 3.2986 3.3155 0.0026
3.3192 3.2986 3.3155 0.0026
3.3192 3.2986 3.3155 0.0026
3.3192 3.2986 3.3155 0.0026
3.3192 3.2986 3.3155 0.0026
3.3192 3.2986 3.3155 0.0026
3.3192 3.2986 3.3155 0.0026
3.3192 3.2986 3.3155 0.0026
3.3192 3.2986 3.3155 0.0026
3.3192 3.2986 3.3155 0.0026
3.3192 3.2986 3.3155 0.0026
3.3192 3.2986 3.3155 0.0026
3.3192 3.2986 3.3155 0.0026
3.3192 3.2986 3.3155 0.0026
3.3192 3.2986 3.3155 0.0026
3.3192 3.2986 3.3155 0.0026
3.3192 3.2986 3.3155 0.0026
3.3192 3.2986 3.3155 0.0026
3.3192 3.2986 3.3155 0.0026
3.3192 3.2986 3.3155 0.0026
3.3192 3.2986 3.3155 0.0026
3.3192 3.2986 3.3155 0.0026
3.3192 3.2986 3.3155 0.0026
3.3192 3.2986 3.3155 0.0026
3.3192 3.2986 3.3155 0.0026
3.3192 3.2986 3.3155 0.0026
3.3192 3.2986 3.3155 0.0026
3.3192 3.2986 3.3155 0.0026
3.3192 3.2986 3.3155 0.0026
3.3192 3.2986 3.3155 0.0026
3.3192 3.2986 3.3155 0.0026
3.3192 3.2986 3.3155 0.0026
3.3192 3.2986 3.3155 0.0026
3.3192 3.2986 3.3155 0.0026
3.3192 3.2986 3.3155 0.0026
3.3192 3.2986 3.3155 0.0026
3.3192 3.2986 3.3155 0.0026
3.3192 3.2986 3.3155 0.0026
3.3192 3.2986 3.3155 0.0026
3.3192 3.2986 3.3155 0.0026
3.3192 3.2986 3.3155 0.0026
3.3192 3.2986 3.3155 0.0026
3.3192 3.2986 3.3155 0.0026
3.3192 3.2986 3.3155 0.0026
3.3192 3.2986 3.3155 0.0026
3.3192 3.2986 3.3155 0.0026
3.3192 3.2986 3.3155 0.0026
3.3192 3.2986 3.3155 0.0026
3.3192 3.2986 3.3155 0.0026
3.3192 3.2986 3.3155 0.0026
3.3192 3.2986 3.3155 0.0026
3.3192 3.2986 3.3155 0.0026
3.3192 3.2986 3.3155 0.0026
3.3192 3.2986 3.3155 0.0026
3.3192 3.2986 3.3155 0.0026
3.3192 3.2986 3.3156 0.0024
3.3192 3.2986 3.3156 0.0024
3.3192 3.2986 3.3156 0.0024
3.3192 3.2986 3.3156 0.0024
3.3192 3.2986 3.3156 0.0024
3.3192 3.2986 3.3156 0.0024
3.3192 3.2986 3.3156 0.0024
3.3192 3.2986 3.3156 0.0024
3.3192 3.2986 3.3156 0.0024
3.3192 3.2986 3.3156 0.0024
3.3192 3.2986 3.3156 0.0024
3.3192 3.2986 3.3156 0.0024
3.3192 3.2986 3.3157 0.0022
3.3192 3.2986 3.3157 0.0022
3.3192 3.2986 3.3157 0.0022
3.3192 3.2986 3.3157 0.0022
3.3192 3.2986 3.3157 0.0022
3.3192 3.2986 3.3157 0.0022
3.3192 3.2986 3.3157 0.0022
3.3192 3.2986 3.3157 0.0022
3.3192 3.2986 3.3157 0.0022
3.3192 3.2986 3.3157 0.0022
3.3192 3.2986 3.3157 0.0022
3.3192 3.2986 3.3157 0.0022
3.3192 3.2986 3.3157 0.0022
3.3192 3.2986 3.3157 0.0022
3.3192 3.2986 3.3157 0.0022
3.3192 3.2986 3.3157 0.0022
3.3192 3.2986 3.3157 0.0022
3.3192 3.2986 3.3157 0.0022
3.3192 3.2986 3.3157 0.0022
3.3192 3.2986 3.3157 0.0022
3.3192 3.2986 3.3157 0.0022
3.3192 3.2986 3.3157 0.0022
3.3192 3.2986 3.3157 0.0022
3.3192 3.2986 3.3157 0.0022
3.3192 3.2986 3.3157 0.0022
3.3192 3.2986 3.3157 0.0022
3.3192 3.2986 3.3157 0.0022
3.3192 3.2986 3.3157 0.0022
3.3192 3.2986 3.3157 0.0022
3.3192 3.2986 3.3157 0.0022
3.3192 3.2986 3.3157 0.0022
3.3192 3.2986 3.3158 0.0022
3.3192 3.2986 3.3158 0.0022
3.3192 3.2986 3.3158 0.0022
3.3192 3.2986 3.3158 0.0022
3.3192 3.2986 3.3158 0.0022
3.3192 3.2986 3.3158 0.0022
3.3192 3.2986 3.3158 0.0022
3.3192 3.2986 3.3158 0.0022
3.3192 3.2986 3.3158 0.0022
3.3192 3.2986 3.3158 0.0022
3.3192 3.2986 3.3158 0.0022
3.3192 3.2986 3.3158 0.0022
3.3192 3.2986 3.3158 0.0022
3.3192 3.2986 3.3158 0.0022
3.3192 3.2986 3.3158 0.0022
3.3192 3.2986 3.3158 0.0022
3.3192 3.2986 3.3158 0.0022
3.3192 3.2986 3.3158 0.0022
3.3192 3.3073 3.3159 0.0014
3.3192 3.3073 3.3159 0.0014
3.3192 3.3073 3.3159 0.0014
3.3192 3.3073 3.3159 0.0014
3.3192 3.3073 3.3159 0.0014
3.3192 3.3073 3.3159 0.0014
3.3192 3.3073 3.3159 0.0014
3.3192 3.3073 3.3159 0.0014
3.3192 3.3073 3.3159 0.0014
3.3192 3.3073 3.3159 0.0014
3.3192 3.3073 3.3159 0.0014
3.3192 3.3073 3.3159 0.0014
3.3192 3.3073 3.3159 0.0014
3.3192 3.3073 3.3160 0.0014
3.3192 3.3073 3.3160 0.0014
3.3192 3.3073 3.3160 0.0014
3.3192 3.3073 3.3160 0.0014
3.3192 3.3073 3.3160 0.0014
3.3192 3.3073 3.3160 0.0014
3.3192 3.3073 3.3160 0.0014
3.3192 3.3073 3.3160 0.0014
3.3192 3.3073 3.3160 0.0014
3.3192 3.3073 3.3160 0.0014
3.3192 3.3073 3.3160 0.0014
3.3192 3.3073 3.3160 0.0014
3.3192 3.3073 3.3160 0.0014
3.3192 3.3073 3.3160 0.0014
3.3192 3.3073 3.3160 0.0014
3.3192 3.3073 3.3160 0.0014
3.3192 3.3073 3.3160 0.0014
3.3192 3.3073 3.3160 0.0014
3.3192 3.3073 3.3160 0.0014
3.3192 3.3073 3.3160 0.0014
3.3192 3.3073 3.3160 0.0014
3.3192 3.3073 3.3160 0.0014
3.3192 3.3073 3.3160 0.0014
3.3192 3.3073 3.3160 0.0014
3.3192 3.3073 3.3160 0.0014
3.3192 3.3073 3.3160 0.0014
3.3192 3.3073 3.3160 0.0014
3.3192 3.3073 3.3160 0.0014
3.3192 3.3073 3.3160 0.0014
3.3192 3.3073 3.3160 0.0014
3.3192 3.3073 3.3160 0.0014
3.3192 3.3073 3.3160 0.0014
3.3192 3.3073 3.3160 0.0014
3.3192 3.3073 3.3160 0.0014
3.3192 3.3073 3.3160 0.0014
3.3192 3.3073 3.3160 0.0014
3.3192 3.3073 3.3160 0.0014
3.3192 3.3073 3.3160 0.0014
3.3192 3.3073 3.3160 0.0014
3.3192 3.3073 3.3160 0.0014
3.3192 3.3073 3.3160 0.0014
3.3192 3.3073 3.3160 0.0014
3.3192 3.3073 3.3160 0.0014
3.3192 3.3073 3.3160 0.0014
3.3192 3.3073 3.3160 0.0014
3.3192 3.3073 3.3160 0.0014
3.3192 3.3073 3.3160 0.0014
3.3192 3.3079 3.3160 0.0014
3.3192 3.3079 3.3160 0.0014
3.3192 3.3079 3.3160 0.0014
3.3192 3.3079 3.3160 0.0014
3.3192 3.3079 3.3160 0.0014
3.3192 3.3079 3.3160 0.0014
3.3192 3.3079 3.3160 0.0014
3.3192 3.3079 3.3160 0.0014
3.3192 3.3079 3.3160 0.0014
3.3192 3.3079 3.3160 0.0014
3.3192 3.3079 3.3160 0.0014
3.3192 3.3079 3.3160 0.0014
3.3192 3.3079 3.3160 0.0014
3.3192 3.3079 3.3160 0.0014
3.3192 3.3079 3.3160 0.0014
3.3192 3.3079 3.3160 0.0014
3.3192 3.3079 3.3160 0.0014
3.3192 3.3079 3.3160 0.0014
3.3192 3.3079 3.3160 0.0014
3.3192 3.3079 3.3160 0.0014
3.3192 3.3079 3.3160 0.0014
3.3192 3.3079 3.3160 0.0014
3.3192 3.3079 3.3160 0.0014
3.3192 3.3079 3.3160 0.0014
3.3192 3.3079 3.3160 0.0014
3.3192 3.3079 3.3160 0.0014
3.3192 3.3079 3.3160 0.0014
3.3192 3.3079 3.3160 0.0014
3.3192 3.3079 3.3160 0.0014
3.3192 3.3079 3.3160 0.0014
3.3192 3.3079 3.3160 0.0014
3.3192 3.3079 3.3160 0.0014
3.3192 3.3079 3.3160 0.0014
3.3192 3.3079 3.3160 0.0014
3.3192 3.3079 3.3160 0.0014
3.3192 3.3079 3.3160 0.0014
3.3192 3.3079 3.3161 0.0014
3.3192 3.3079 3.3161 0.0014
3.3192 3.3079 3.3161 0.0014
3.3192 3.3079 3.3161 0.0014
3.3192 3.3079 3.3161 0.0014
3.3192 3.3079 3.3161 0.0014
3.3192 3.3079 3.3161 0.0014
3.3192 3.3079 3.3161 0.0014
3.3192 3.3079 3.3161 0.0014
3.3192 3.3079 3.3161 0.0014
3.3192 3.3079 3.3161 0.0014
3.3192 3.3079 3.3161 0.0014
3.3192 3.3079 3.3161 0.0014
3.3192 3.3079 3.3161 0.0014
3.3192 3.3079 3.3161 0.0014
3.3192 3.3079 3.3161 0.0014
3.3192 3.3079 3.3161 0.0014
3.3192 3.3079 3.3161 0.0014
3.3192 3.3079 3.3161 0.0014
3.3192 3.3079 3.3161 0.0014
3.3192 3.3079 3.3161 0.0014
3.3192 3.3079 3.3161 0.0014
3.3192 3.3079 3.3161 0.0014
3.3192 3.3079 3.3161 0.0014
3.3192 3.3079 3.3161 0.0014
3.3192 3.3079 3.3161 0.0014
3.3192 3.3079 3.3161 0.0014
3.3192 3.3079 3.3161 0.0014
3.3192 3.3079 3.3161 0.0014
3.3192 3.3079 3.3161 0.0014
3.3192 3.3079 3.3161 0.0015
3.3192 3.3079 3.3161 0.0015
3.3192 3.3079 3.3161 0.0015
3.3192 3.3079 3.3161 0.0015
3.3192 3.3079 3.3161 0.0015
3.3192 3.3079 3.3161 0.0015
3.3192 3.3079 3.3161 0.0015
3.3192 3.3079 3.3161 0.0015
3.3192 3.3079 3.3161 0.0015
3.3192 3.3079 3.3161 0.0015
3.3192 3.3114 3.3162 0.0012
3.3192 3.3114 3.3162 0.0012
3.3192 3.3114 3.3162 0.0012
3.3192 3.3114 3.3162 0.0012
3.3192 3.3114 3.3162 0.0012
3.3192 3.3114 3.3162 0.0012
3.3192 3.3114 3.3162 0.0012
3.3192 3.3114 3.3162 0.0012
3.3192 3.3114 3.3162 0.0012
3.3192 3.3114 3.3162 0.0012
3.3192 3.3114 3.3162 0.0012
3.3192 3.3114 3.3162 0.0012
3.3192 3.3114 3.3162 0.0012
3.3192 3.3114 3.3162 0.0012
3.3192 3.3114 3.3162 0.0012
3.3192 3.3114 3.3162 0.0012
3.3192 3.3114 3.3162 0.0012
3.3192 3.3114 3.3162 0.0012
3.3192 3.3114 3.3162 0.0012
3.3192 3.3114 3.3162 0.0012
3.3192 3.3114 3.3162 0.0012
3.3192 3.3114 3.3162 0.0012
3.3192 3.3114 3.3162 0.0012
3.3192 3.3114 3.3163 0.0012
3.3192 3.3114 3.3163 0.0012
3.3192 3.3114 3.3163 0.0012
3.3192 3.3114 3.3163 0.0012
3.3192 3.3114 3.3163 0.0012
3.3192 3.3114 3.3163 0.0012
3.3192 3.3114 3.3163 0.0012
3.3192 3.3114 3.3163 0.0012
3.3192 3.3114 3.3163 0.0012
3.3192 3.3114 3.3163 0.0012
3.3192 3.3114 3.3163 0.0012
3.3192 3.3114 3.3163 0.0012
3.3192 3.3114 3.3163 0.0012
3.3192 3.3114 3.3163 0.0012
3.3192 3.3114 3.3163 0.0013
3.3192 3.3114 3.3163 0.0013
3.3192 3.3114 3.3163 0.0013
3.3192 3.3114 3.3163 0.0013
3.3192 3.3114 3.3163 0.0013
3.3192 3.3114 3.3163 0.0013
3.3192 3.3114 3.3163 0.0013
3.3192 3.3114 3.3163 0.0013
3.3192 3.3114 3.3163 0.0013
3.3192 3.3114 3.3163 0.0013
3.3192 3.3114 3.3163 0.0013
3.3192 3.3114 3.3163 0.0013
3.3192 3.3114 3.3163 0.0013
3.3192 3.3114 3.3163 0.0013
3.3192 3.3114 3.3163 0.0013
3.3192 3.3114 3.3163 0.0013
3.3192 3.3114 3.3163 0.0013
3.3192 3.3114 3.3163 0.0013
3.3192 3.3114 3.3163 0.0013
3.3192 3.3114 3.3163 0.0013
3.3192 3.3114 3.3163 0.0013
3.3192 3.3114 3.3163 0.0013
3.3192 3.3114 3.3163 0.0013
3.3192 3.3114 3.3163 0.0013
3.3192 3.3114 3.3163 0.0013
3.3192 3.3114 3.3164 0.0013
3.3192 3.3114 3.3164 0.0013
3.3192 3.3114 3.3164 0.0013
3.3192 3.3114 3.3164 0.0013
3.3192 3.3114 3.3164 0.0013
3.3192 3.3114 3.3164 0.0013
3.3192 3.3114 3.3164 0.0013
3.3192 3.3114 3.3164 0.0013
3.3192 3.3114 3.3164 0.0013
3.3192 3.3114 3.3164 0.0013
3.3192 3.3114 3.3164 0.0013
3.3192 3.3114 3.3164 0.0013
3.3192 3.3114 3.3164 0.0013
3.3192 3.3114 3.3164 0.0013
3.3192 3.3114 3.3164 0.0013
3.3192 3.3114 3.3164 0.0013
3.3192 3.3114 3.3164 0.0013
3.3192 3.3114 3.3164 0.0013
3.3192 3.3114 3.3164 0.0013
3.3192 3.3114 3.3164 0.0013
3.3192 3.3114 3.3164 0.0013
3.3192 3.3114 3.3164 0.0013
3.3192 3.3114 3.3164 0.0013
3.3192 3.3114 3.3164 0.0013
3.3192 3.3114 3.3164 0.0013
3.3192 3.3114 3.3164 0.0013
3.3192 3.3114 3.3164 0.0013
3.3192 3.3114 3.3164 0.0013
3.3192 3.3114 3.3164 0.0013
3.3192 3.3114 3.3164 0.0013
3.3192 3.3114 3.3164 0.0013
3.3192 3.3114 3.3164 0.0013
3.3192 3.3114 3.3164 0.0013
3.3192 3.3114 3.3164 0.0013
3.3192 3.3114 3.3164 0.0013
3.3192 3.3114 3.3164 0.0013
3.3192 3.3114 3.3164 0.0013
3.3192 3.3114 3.3164 0.0013
3.3192 3.3114 3.3164 0.0013
3.3192 3.3114 3.3164 0.0013
3.3192 3.3114 3.3164 0.0013
3.3192 3.3114 3.3164 0.0013
3.3195 3.3114 3.3165 0.0014
3.3195 3.3114 3.3165 0.0014
3.3195 3.3114 3.3165 0.0014
3.3195 3.3114 3.3165 0.0014
3.3195 3.3114 3.3165 0.0014
3.3195 3.3114 3.3165 0.0014
3.3195 3.3114 3.3165 0.0014
3.3195 3.3114 3.3165 0.0014
3.3195 3.3114 3.3165 0.0014
3.3195 3.3114 3.3165 0.0014
3.3195 3.3114 3.3165 0.0014
3.3195 3.3114 3.3165 0.0014
3.3195 3.3118 3.3166 0.0013
3.3195 3.3118 3.3166 0.0013
3.3195 3.3118 3.3166 0.0013
3.3195 3.3118 3.3166 0.0013
3.3195 3.3118 3.3166 0.0013
3.3195 3.3118 3.3166 0.0013
3.3195 3.3118 3.3166 0.0013
3.3195 3.3118 3.3166 0.0013
3.3195 3.3118 3.3166 0.0013
3.3195 3.3118 3.3166 0.0013
3.3195 3.3118 3.3166 0.0013
3.3195 3.3118 3.3166 0.0013
3.3195 3.3118 3.3166 0.0013
3.3195 3.3118 3.3166 0.0013
3.3195 3.3118 3.3166 0.0013
3.3195 3.3118 3.3166 0.0013
3.3195 3.3118 3.3166 0.0013
3.3195 3.3118 3.3166 0.0013
3.3195 3.3118 3.3166 0.0013
3.3195 3.3118 3.3166 0.0013
3.3195 3.3118 3.3166 0.0013
3.3195 3.3118 3.3166 0.0013
3.3195 3.3118 3.3166 0.0013
3.3195 3.3118 3.3166 0.0013
3.3195 3.3118 3.3166 0.0013
3.3195 3.3118 3.3166 0.0013
3.3195 3.3159 3.3166 0.0013
3.3195 3.3159 3.3166 0.0013
3.3195 3.3159 3.3166 0.0013
3.3195 3.3159 3.3166 0.0013
3.3195 3.3159 3.3166 0.0013
3.3195 3.3159 3.3166 0.0013
3.3195 3.3159 3.3166 0.0013
3.3195 3.3159 3.3166 0.0013
3.3195 3.3159 3.3166 0.0013
3.3195 3.3159 3.3166 0.0013
3.3195 3.3159 3.3166 0.0013
3.3195 3.3159 3.3166 0.0013
3.3195 3.3159 3.3166 0.0013
3.3195 3.3159 3.3166 0.0013
3.3195 3.3159 3.3166 0.0013
3.3195 3.3159 3.3166 0.0013
3.3195 3.3159 3.3166 0.0013
3.3195 3.3159 3.3166 0.0013
3.3195 3.3159 3.3166 0.0013
3.3195 3.3159 3.3166 0.0013
3.3195 3.3159 3.3166 0.0013
3.3195 3.3159 3.3166 0.0013
3.3195 3.3159 3.3166 0.0013
3.3195 3.3159 3.3166 0.0013
3.3195 3.3159 3.3167 0.0013
3.3195 3.3159 3.3167 0.0013
3.3195 3.3159 3.3167 0.0013
3.3195 3.3159 3.3167 0.0013
3.3195 3.3159 3.3167 0.0013
3.3195 3.3159 3.3167 0.0013
3.3195 3.3159 3.3167 0.0013
3.3195 3.3159 3.3167 0.0013
3.3195 3.3159 3.3167 0.0013
3.3195 3.3159 3.3167 0.0013
3.3195 3.3159 3.3167 0.0013
3.3195 3.3159 3.3167 0.0013
3.3195 3.3159 3.3167 0.0013
3.3195 3.3159 3.3167 0.0013
3.3195 3.3159 3.3167 0.0013
3.3195 3.3159 3.3167 0.0013
3.3195 3.3159 3.3167 0.0013
3.3195 3.3159 3.3167 0.0013
3.3195 3.3159 3.3167 0.0013
3.3195 3.3159 3.3167 0.0013
3.3195 3.3159 3.3167 0.0013
3.3195 3.3159 3.3167 0.0013
3.3195 3.3159 3.3167 0.0013
3.3195 3.3159 3.3167 0.0013
3.3203 3.3159 3.3168 0.0014
3.3203 3.3159 3.3168 0.0014
3.3203 3.3159 3.3168 0.0014
3.3203 3.3159 3.3168 0.0014
3.3203 3.3159 3.3168 0.0014
3.3203 3.3159 3.3168 0.0014
3.3203 3.3159 3.3168 0.0014
3.3203 3.3159 3.3168 0.0014
3.3203 3.3159 3.3168 0.0014
3.3203 3.3159 3.3168 0.0014
3.3203 3.3159 3.3168 0.0014
3.3203 3.3159 3.3168 0.0014
3.3203 3.3159 3.3168 0.0014
3.3203 3.3159 3.3168 0.0014
3.3203 3.3159 3.3168 0.0014
3.3203 3.3159 3.3168 0.0014
3.3203 3.3159 3.3168 0.0014
3.3203 3.3159 3.3168 0.0014
3.3203 3.3159 3.3168 0.0014
3.3203 3.3159 3.3168 0.0014
3.3203 3.3159 3.3168 0.0014
3.3203 3.3159 3.3168 0.0014
3.3203 3.3159 3.3168 0.0014
3.3203 3.3159 3.3169 0.0014
3.3203 3.3159 3.3169 0.0014
3.3203 3.3159 3.3169 0.0014
3.3203 3.3159 3.3169 0.0014
3.3203 3.3159 3.3169 0.0014
3.3203 3.3159 3.3169 0.0015
3.3203 3.3159 3.3169 0.0015
3.3203 3.3159 3.3169 0.0015
3.3203 3.3159 3.3169 0.0015
3.3203 3.3159 3.3169 0.0015
3.3203 3.3159 3.3169 0.0015
3.3203 3.3159 3.3169 0.0015
3.3203 3.3159 3.3169 0.0015
3.3203 3.3159 3.3169 0.0015
3.3203 3.3159 3.3169 0.0015
3.3203 3.3159 3.3169 0.0015
3.3203 3.3159 3.3169 0.0015
3.3203 3.3159 3.3169 0.0015
3.3203 3.3159 3.3169 0.0015
3.3203 3.3159 3.3169 0.0015
3.3203 3.3159 3.3169 0.0015
3.3203 3.3159 3.3169 0.0014
3.3203 3.3159 3.3170 0.0015
3.3203 3.3159 3.3170 0.0015
3.3203 3.3159 3.3170 0.0015
3.3203 3.3159 3.3170 0.0015
3.3203 3.3159 3.3170 0.0015
3.3203 3.3159 3.3170 0.0015
3.3203 3.3159 3.3170 0.0015
3.3203 3.3159 3.3170 0.0015
3.3203 3.3159 3.3171 0.0015
3.3203 3.3159 3.3171 0.0015
3.3203 3.3159 3.3171 0.0015
3.3203 3.3159 3.3171 0.0015
3.3203 3.3159 3.3171 0.0015
3.3203 3.3159 3.3171 0.0015
3.3203 3.3159 3.3171 0.0015
3.3203 3.3159 3.3171 0.0015
3.3203 3.3159 3.3171 0.0015
3.3203 3.3159 3.3171 0.0015
3.3203 3.3159 3.3171 0.0015
3.3203 3.3159 3.3171 0.0015
3.3203 3.3159 3.3171 0.0015
3.3203 3.3159 3.3171 0.0015
3.3203 3.3159 3.3171 0.0015
3.3203 3.3159 3.3172 0.0015
3.3203 3.3159 3.3172 0.0015
3.3203 3.3159 3.3172 0.0015
3.3203 3.3159 3.3172 0.0015
3.3203 3.3159 3.3172 0.0015
3.3203 3.3159 3.3172 0.0015
3.3203 3.3159 3.3172 0.0015
3.3203 3.3159 3.3172 0.0015
3.3203 3.3159 3.3172 0.0015
3.3203 3.3159 3.3172 0.0015
3.3203 3.3159 3.3172 0.0015
3.3203 3.3159 3.3172 0.0015
3.3203 3.3159 3.3172 0.0015
3.3203 3.3159 3.3172 0.0015
3.3203 3.3159 3.3172 0.0015
3.3203 3.3159 3.3172 0.0015
3.3203 3.3159 3.3172 0.0015
3.3203 3.3159 3.3172 0.0015
3.3203 3.3159 3.3172 0.0015
3.3203 3.3159 3.3172 0.0015
3.3203 3.3159 3.3172 0.0015
3.3203 3.3159 3.3172 0.0015
3.3203 3.3159 3.3172 0.0015
3.3203 3.3159 3.3172 0.0015
3.3203 3.3159 3.3172 0.0015
3.3203 3.3159 3.3172 0.0015
3.3203 3.3159 3.3172 0.0015
3.3203 3.3159 3.3172 0.0015
3.3203 3.3159 3.3172 0.0015
3.3203 3.3159 3.3172 0.0015
3.3203 3.3159 3.3172 0.0015
3.3203 3.3159 3.3172 0.0015
3.3203 3.3159 3.3172 0.0015
3.3203 3.3159 3.3172 0.0015
3.3203 3.3159 3.3173 0.0016
3.3203 3.3159 3.3173 0.0016
3.3203 3.3159 3.3173 0.0016
3.3203 3.3159 3.3173 0.0016
3.3203 3.3159 3.3173 0.0016
3.3203 3.3159 3.3173 0.0016
3.3203 3.3159 3.3173 0.0016
3.3203 3.3159 3.3173 0.0016
3.3203 3.3159 3.3173 0.0016
3.3203 3.3159 3.3173 0.0016
3.3203 3.3159 3.3173 0.0016
3.3203 3.3159 3.3173 0.0016
3.3203 3.3159 3.3173 0.0016
3.3203 3.3159 3.3173 0.0016
3.3203 3.3159 3.3173 0.0016
3.3203 3.3159 3.3173 0.0016
3.3203 3.3159 3.3174 0.0016
3.3203 3.3159 3.3174 0.0016
3.3203 3.3159 3.3174 0.0016
3.3203 3.3159 3.3174 0.0016
3.3203 3.3159 3.3174 0.0016
3.3203 3.3159 3.3174 0.0016
3.3203 3.3159 3.3174 0.0016
3.3203 3.3159 3.3174 0.0016
3.3203 3.3159 3.3174 0.0016
3.3203 3.3159 3.3174 0.0016
3.3203 3.3159 3.3174 0.0016
3.3203 3.3159 3.3174 0.0016
3.3203 3.3159 3.3174 0.0016
3.3203 3.3159 3.3174 0.0016
3.3203 3.3159 3.3174 0.0016
3.3203 3.3159 3.3174 0.0016
3.3203 3.3159 3.3174 0.0016
3.3203 3.3159 3.3174 0.0016
3.3203 3.3159 3.3174 0.0016
3.3203 3.3159 3.3175 0.0016
3.3203 3.3159 3.3175 0.0016
3.3203 3.3159 3.3175 0.0016
3.3203 3.3159 3.3175 0.0016
3.3203 3.3159 3.3175 0.0016
3.3203 3.3159 3.3175 0.0016
3.3203 3.3159 3.3175 0.0016
3.3203 3.3159 3.3175 0.0016
3.3203 3.3159 3.3175 0.0016
3.3203 3.3159 3.3175 0.0016
3.3203 3.3159 3.3175 0.0016
3.3203 3.3159 3.3175 0.0016
3.3203 3.3159 3.3175 0.0016
3.3203 3.3159 3.3175 0.0016
3.3203 3.3159 3.3175 0.0016
3.3203 3.3159 3.3175 0.0016
3.3203 3.3159 3.3175 0.0016
3.3203 3.3159 3.3175 0.0016
3.3203 3.3159 3.3175 0.0016
3.3203 3.3159 3.3175 0.0016
3.3203 3.3159 3.3175 0.0016
3.3203 3.3159 3.3175 0.0016
3.3203 3.3159 3.3175 0.0016
3.3203 3.3159 3.3175 0.0016
3.3203 3.3159 3.3175 0.0016
3.3203 3.3159 3.3175 0.0016
3.3203 3.3159 3.3175 0.0016
3.3203 3.3159 3.3175 0.0016
3.3203 3.3159 3.3175 0.0016
3.3203 3.3159 3.3175 0.0016
3.3203 3.3159 3.3175 0.0016
3.3203 3.3159 3.3175 0.0016
3.3203 3.3159 3.3175 0.0016
3.3203 3.3159 3.3175 0.0016
3.3203 3.3159 3.3175 0.0016
3.3203 3.3159 3.3175 0.0016
3.3203 3.3159 3.3175 0.0016
3.3203 3.3159 3.3175 0.0016
3.3203 3.3159 3.3175 0.0016
3.3203 3.3159 3.3175 0.0016
3.3203 3.3159 3.3175 0.0016
3.3203 3.3159 3.3175 0.0016
3.3203 3.3159 3.3175 0.0016
3.3203 3.3159 3.3175 0.0016
3.3203 3.3159 3.3175 0.0016
3.3203 3.3159 3.3175 0.0016
3.3203 3.3159 3.3175 0.0016
3.3203 3.3159 3.3175 0.0016
3.3203 3.3159 3.3175 0.0016
3.3203 3.3159 3.3175 0.0016
3.3203 3.3159 3.3175 0.0016
3.3203 3.3159 3.3175 0.0016
3.3203 3.3159 3.3175 0.0016
3.3203 3.3159 3.3175 0.0016
3.3203 3.3159 3.3175 0.0016
3.3203 3.3159 3.3175 0.0016
3.3203 3.3159 3.3175 0.0016
3.3203 3.3159 3.3175 0.0016
3.3203 3.3159 3.3175 0.0016
3.3203 3.3159 3.3175 0.0016
3.3203 3.3159 3.3175 0.0016
3.3203 3.3159 3.3175 0.0016
3.3203 3.3159 3.3175 0.0016
3.3203 3.3159 3.3175 0.0016
3.3203 3.3159 3.3175 0.0016
3.3203 3.3159 3.3175 0.0016
3.3203 3.3159 3.3175 0.0016
3.3203 3.3159 3.3175 0.0016
3.3203 3.3159 3.3175 0.0016
3.3203 3.3159 3.3175 0.0016
3.3203 3.3159 3.3175 0.0016
3.3203 3.3159 3.3175 0.0016
3.3203 3.3159 3.3175 0.0016
3.3203 3.3159 3.3175 0.0016
3.3203 3.3159 3.3175 0.0016
3.3203 3.3159 3.3175 0.0016
3.3203 3.3159 3.3175 0.0016
3.3203 3.3159 3.3175 0.0016
3.3203 3.3159 3.3175 0.0016
3.3203 3.3159 3.3175 0.0016
3.3203 3.3159 3.3175 0.0016
3.3203 3.3159 3.3175 0.0016
3.3203 3.3159 3.3175 0.0016
3.3203 3.3159 3.3175 0.0016
3.3203 3.3159 3.3175 0.0016
3.3203 3.3159 3.3175 0.0016
3.3203 3.3159 3.3175 0.0016
3.3203 3.3159 3.3175 0.0016
3.3203 3.3159 3.3175 0.0016
3.3203 3.3159 3.3175 0.0016
3.3203 3.3159 3.3175 0.0016
3.3203 3.3159 3.3175 0.0016
3.3203 3.3159 3.3176 0.0016
3.3203 3.3159 3.3176 0.0016
3.3203 3.3159 3.3176 0.0016
3.3203 3.3159 3.3176 0.0016
3.3203 3.3159 3.3176 0.0016
3.3203 3.3159 3.3176 0.0016
3.3203 3.3159 3.3176 0.0016
3.3203 3.3159 3.3176 0.0016
3.3203 3.3159 3.3176 0.0016
3.3203 3.3159 3.3176 0.0016
3.3203 3.3159 3.3176 0.0016
3.3203 3.3159 3.3176 0.0016
3.3203 3.3159 3.3176 0.0016
3.3203 3.3159 3.3176 0.0016
3.3203 3.3159 3.3176 0.0016
3.3203 3.3159 3.3176 0.0016
3.3203 3.3159 3.3176 0.0016
3.3203 3.3159 3.3176 0.0016
3.3203 3.3159 3.3176 0.0016
3.3203 3.3159 3.3176 0.0016
3.3203 3.3159 3.3176 0.0016
3.3203 3.3159 3.3176 0.0016
3.3203 3.3159 3.3176 0.0016
3.3203 3.3159 3.3176 0.0016
3.3203 3.3159 3.3176 0.0016
3.3203 3.3159 3.3176 0.0016
3.3203 3.3159 3.3176 0.0016
3.3203 3.3159 3.3177 0.0016
3.3203 3.3159 3.3177 0.0016
3.3203 3.3159 3.3177 0.0016
3.3203 3.3159 3.3177 0.0016
3.3203 3.3159 3.3177 0.0016
3.3203 3.3159 3.3177 0.0016
3.3203 3.3159 3.3177 0.0016
3.3203 3.3159 3.3177 0.0016
3.3203 3.3159 3.3177 0.0016
3.3203 3.3159 3.3177 0.0016
3.3203 3.3159 3.3177 0.0016
3.3203 3.3159 3.3177 0.0016
3.3203 3.3159 3.3177 0.0016
3.3203 3.3159 3.3177 0.0016
3.3203 3.3159 3.3177 0.0016
3.3203 3.3159 3.3177 0.0016
3.3203 3.3159 3.3177 0.0016
3.3203 3.3159 3.3177 0.0016
3.3203 3.3159 3.3177 0.0016
3.3203 3.3159 3.3178 0.0016
3.3203 3.3159 3.3178 0.0016
3.3203 3.3159 3.3178 0.0016
3.3203 3.3159 3.3178 0.0016
3.3203 3.3159 3.3178 0.0016
3.3203 3.3159 3.3178 0.0016
3.3203 3.3159 3.3178 0.0016
3.3203 3.3159 3.3178 0.0016
3.3203 3.3159 3.3178 0.0016
3.3203 3.3159 3.3178 0.0016
3.3203 3.3159 3.3178 0.0016
3.3203 3.3159 3.3178 0.0016
3.3203 3.3159 3.3178 0.0016
3.3203 3.3159 3.3178 0.0016
3.3203 3.3159 3.3178 0.0016
3.3203 3.3159 3.3179 0.0016
3.3203 3.3159 3.3179 0.0016
3.3203 3.3159 3.3179 0.0016
3.3203 3.3159 3.3179 0.0016
3.3203 3.3159 3.3179 0.0016
3.3203 3.3159 3.3179 0.0016
3.3203 3.3159 3.3179 0.0016
3.3203 3.3159 3.3179 0.0016
3.3203 3.3159 3.3179 0.0016
3.3203 3.3159 3.3180 0.0016
3.3203 3.3159 3.3180 0.0016
3.3203 3.3159 3.3180 0.0016
3.3203 3.3159 3.3180 0.0016
3.3203 3.3159 3.3180 0.0016
3.3203 3.3159 3.3180 0.0016
3.3203 3.3159 3.3180 0.0016
3.3203 3.3159 3.3180 0.0016
3.3203 3.3159 3.3180 0.0016
3.3203 3.3159 3.3180 0.0016
3.3203 3.3159 3.3180 0.0016
3.3203 3.3159 3.3180 0.0016
3.3203 3.3159 3.3180 0.0016
3.3203 3.3159 3.3180 0.0016
3.3203 3.3159 3.3180 0.0016
3.3203 3.3159 3.3180 0.0016
3.3203 3.3159 3.3180 0.0016
3.3203 3.3159 3.3180 0.0016
3.3203 3.3159 3.3180 0.0016
3.3203 3.3159 3.3180 0.0016
3.3203 3.3159 3.3180 0.0016
3.3203 3.3159 3.3180 0.0016
3.3203 3.3159 3.3180 0.0016
3.3203 3.3159 3.3180 0.0016
3.3203 3.3159 3.3180 0.0016
3.3203 3.3159 3.3180 0.0016
3.3203 3.3159 3.3180 0.0016
3.3203 3.3159 3.3180 0.0016
3.3203 3.3159 3.3180 0.0016
3.3203 3.3159 3.3180 0.0016
3.3203 3.3159 3.3180 0.0016
3.3203 3.3159 3.3180 0.0016
3.3203 3.3159 3.3180 0.0016
3.3203 3.3159 3.3180 0.0016
3.3203 3.3159 3.3180 0.0016
3.3203 3.3159 3.3180 0.0016
3.3203 3.3159 3.3180 0.0016
3.3203 3.3159 3.3180 0.0016
3.3203 3.3159 3.3180 0.0016
3.3203 3.3159 3.3180 0.0016
3.3203 3.3159 3.3180 0.0016
3.3203 3.3159 3.3180 0.0016
3.3203 3.3159 3.3180 0.0016
3.3203 3.3159 3.3180 0.0016
3.3203 3.3159 3.3180 0.0016
3.3203 3.3159 3.3180 0.0016
3.3203 3.3159 3.3180 0.0016
3.3203 3.3159 3.3180 0.0016
3.3203 3.3159 3.3180 0.0016
3.3203 3.3159 3.3180 0.0016
3.3203 3.3159 3.3180 0.0016
3.3203 3.3159 3.3180 0.0016
3.3203 3.3159 3.3180 0.0016
3.3203 3.3159 3.3180 0.0016
3.3203 3.3159 3.3181 0.0016
3.3203 3.3159 3.3181 0.0016
3.3203 3.3159 3.3181 0.0016
3.3203 3.3159 3.3181 0.0016
3.3203 3.3159 3.3181 0.0016
3.3203 3.3159 3.3181 0.0016
3.3203 3.3159 3.3181 0.0016
3.3203 3.3159 3.3181 0.0016
3.3203 3.3159 3.3181 0.0016
3.3203 3.3159 3.3181 0.0016
3.3203 3.3159 3.3181 0.0016
3.3203 3.3159 3.3181 0.0016
3.3203 3.3159 3.3181 0.0016
3.3203 3.3159 3.3181 0.0016
3.3203 3.3159 3.3181 0.0016
3.3203 3.3159 3.3181 0.0016
3.3203 3.3159 3.3181 0.0016
3.3203 3.3159 3.3182 0.0016
3.3203 3.3159 3.3182 0.0016
3.3203 3.3159 3.3182 0.0016
3.3203 3.3159 3.3182 0.0016
3.3203 3.3159 3.3182 0.0016
3.3203 3.3159 3.3182 0.0016
3.3203 3.3159 3.3182 0.0016
3.3203 3.3159 3.3182 0.0016
3.3203 3.3159 3.3182 0.0016
3.3203 3.3159 3.3182 0.0016
3.3203 3.3159 3.3182 0.0016
3.3203 3.3159 3.3182 0.0016
3.3203 3.3159 3.3182 0.0016
3.3203 3.3159 3.3182 0.0016
3.3203 3.3159 3.3182 0.0016
3.3203 3.3159 3.3182 0.0016
3.3203 3.3159 3.3182 0.0016
3.3203 3.3159 3.3182 0.0016
3.3203 3.3159 3.3182 0.0016
3.3203 3.3159 3.3182 0.0016
3.3203 3.3159 3.3182 0.0016
3.3203 3.3159 3.3182 0.0016
3.3203 3.3159 3.3182 0.0016
3.3203 3.3159 3.3183 0.0016
3.3203 3.3159 3.3183 0.0016
3.3203 3.3159 3.3183 0.0016
3.3203 3.3159 3.3183 0.0016
3.3203 3.3159 3.3183 0.0016
3.3203 3.3159 3.3183 0.0016
3.3203 3.3159 3.3183 0.0016
3.3203 3.3159 3.3183 0.0016
3.3203 3.3159 3.3183 0.0016
3.3203 3.3159 3.3183 0.0016
3.3203 3.3159 3.3183 0.0015
3.3203 3.3159 3.3183 0.0015
3.3203 3.3159 3.3183 0.0015
3.3203 3.3159 3.3183 0.0015
3.3203 3.3159 3.3183 0.0015
3.3203 3.3159 3.3183 0.0015
3.3203 3.3159 3.3183 0.0015
3.3203 3.3159 3.3183 0.0015
3.3203 3.3159 3.3183 0.0015
3.3203 3.3159 3.3183 0.0015
3.3203 3.3159 3.3183 0.0015
3.3203 3.3159 3.3183 0.0015
3.3203 3.3159 3.3183 0.0015
3.3203 3.3159 3.3183 0.0015
3.3203 3.3159 3.3183 0.0015
3.3203 3.3159 3.3183 0.0015
3.3203 3.3159 3.3183 0.0015
3.3203 3.3159 3.3183 0.0015
3.3203 3.3159 3.3183 0.0015
3.3203 3.3159 3.3183 0.0015
3.3203 3.3159 3.3183 0.0015
3.3203 3.3159 3.3184 0.0015
3.3203 3.3159 3.3184 0.0015
3.3203 3.3159 3.3184 0.0015
3.3203 3.3159 3.3184 0.0015
3.3203 3.3159 3.3184 0.0015
3.3203 3.3159 3.3184 0.0015
3.3203 3.3159 3.3184 0.0015
3.3203 3.3159 3.3184 0.0015
3.3203 3.3159 3.3184 0.0015
3.3203 3.3159 3.3184 0.0015
3.3203 3.3159 3.3184 0.0015
3.3203 3.3159 3.3184 0.0015
3.3203 3.3159 3.3184 0.0015
3.3203 3.3159 3.3184 0.0015
3.3203 3.3159 3.3184 0.0015
3.3203 3.3159 3.3184 0.0015
3.3203 3.3159 3.3184 0.0015
3.3203 3.3159 3.3184 0.0015
3.3203 3.3159 3.3184 0.0015
3.3203 3.3159 3.3184 0.0015
3.3203 3.3159 3.3184 0.0015
3.3203 3.3159 3.3184 0.0015
3.3203 3.3159 3.3185 0.0015
3.3203 3.3159 3.3185 0.0015
3.3203 3.3159 3.3185 0.0015
3.3203 3.3159 3.3185 0.0015
3.3203 3.3159 3.3185 0.0015
3.3203 3.3159 3.3185 0.0015
3.3203 3.3159 3.3185 0.0015
3.3203 3.3159 3.3185 0.0015
3.3203 3.3159 3.3185 0.0015
3.3203 3.3159 3.3185 0.0015
3.3203 3.3159 3.3185 0.0015
3.3203 3.3159 3.3185 0.0015
3.3203 3.3159 3.3185 0.0015
3.3203 3.3159 3.3185 0.0015
3.3203 3.3159 3.3185 0.0015
3.3203 3.3159 3.3185 0.0015
3.3203 3.3159 3.3185 0.0015
3.3203 3.3159 3.3185 0.0015
3.3203 3.3159 3.3185 0.0015
3.3203 3.3159 3.3185 0.0015
3.3203 3.3159 3.3185 0.0015
3.3203 3.3159 3.3185 0.0015
3.3203 3.3159 3.3185 0.0015
3.3203 3.3159 3.3185 0.0015
3.3203 3.3159 3.3185 0.0015
3.3203 3.3159 3.3185 0.0015
3.3203 3.3159 3.3185 0.0015
3.3203 3.3159 3.3185 0.0015
3.3203 3.3159 3.3185 0.0015
3.3203 3.3159 3.3185 0.0015
3.3203 3.3159 3.3185 0.0015
3.3203 3.3159 3.3185 0.0015
3.3203 3.3159 3.3185 0.0015
3.3203 3.3159 3.3185 0.0015
3.3203 3.3159 3.3185 0.0015
3.3203 3.3159 3.3185 0.0015
3.3203 3.3159 3.3185 0.0015
3.3203 3.3159 3.3185 0.0015
3.3203 3.3159 3.3185 0.0015
3.3203 3.3159 3.3185 0.0015
3.3203 3.3159 3.3185 0.0015
3.3203 3.3159 3.3185 0.0015
3.3203 3.3159 3.3185 0.0015
3.3203 3.3159 3.3185 0.0015
3.3203 3.3159 3.3185 0.0015
3.3203 3.3159 3.3185 0.0015
3.3203 3.3159 3.3186 0.0015
3.3203 3.3159 3.3186 0.0015
3.3203 3.3159 3.3186 0.0015
3.3203 3.3159 3.3186 0.0015
3.3203 3.3159 3.3186 0.0015
3.3203 3.3159 3.3186 0.0015
3.3203 3.3159 3.3186 0.0015
3.3203 3.3159 3.3186 0.0015
3.3203 3.3159 3.3186 0.0015
3.3203 3.3159 3.3186 0.0015
3.3203 3.3159 3.3186 0.0015
3.3203 3.3159 3.3186 0.0015
3.3203 3.3159 3.3186 0.0015
3.3203 3.3159 3.3186 0.0015
3.3203 3.3159 3.3186 0.0015
3.3203 3.3159 3.3186 0.0015
3.3203 3.3159 3.3186 0.0015
3.3203 3.3159 3.3186 0.0015
3.3203 3.3159 3.3186 0.0015
3.3203 3.3159 3.3186 0.0015
3.3203 3.3159 3.3186 0.0015
3.3212 3.3159 3.3186 0.0015
3.3212 3.3159 3.3186 0.0015
3.3212 3.3159 3.3186 0.0015
3.3212 3.3159 3.3186 0.0015
3.3212 3.3159 3.3186 0.0015
3.3212 3.3159 3.3186 0.0015
3.3212 3.3159 3.3186 0.0015
3.3212 3.3159 3.3186 0.0015
3.3212 3.3159 3.3186 0.0015
3.3219 3.3159 3.3186 0.0015
3.3219 3.3159 3.3186 0.0015
3.3219 3.3159 3.3187 0.0015
3.3219 3.3159 3.3187 0.0015
3.3219 3.3159 3.3187 0.0015
3.3219 3.3159 3.3187 0.0015
3.3219 3.3159 3.3187 0.0015
3.3219 3.3159 3.3187 0.0015
3.3219 3.3159 3.3187 0.0015
3.3219 3.3159 3.3187 0.0015
3.3219 3.3159 3.3187 0.0015
3.3219 3.3159 3.3187 0.0015
3.3219 3.3159 3.3187 0.0015
3.3219 3.3159 3.3187 0.0015
3.3219 3.3159 3.3187 0.0015
3.3219 3.3159 3.3187 0.0015
3.3219 3.3159 3.3187 0.0015
3.3219 3.3159 3.3187 0.0015
3.3219 3.3159 3.3187 0.0015
3.3219 3.3159 3.3187 0.0015
3.3219 3.3159 3.3187 0.0015
3.3219 3.3159 3.3187 0.0015
3.3219 3.3159 3.3187 0.0015
3.3219 3.3159 3.3187 0.0015
3.3219 3.3159 3.3187 0.0015
3.3219 3.3159 3.3188 0.0014
3.3219 3.3159 3.3188 0.0014
3.3219 3.3159 3.3188 0.0014
3.3219 3.3159 3.3188 0.0014
3.3219 3.3159 3.3188 0.0014
3.3219 3.3159 3.3188 0.0014
3.3219 3.3159 3.3188 0.0014
3.3219 3.3159 3.3188 0.0014
3.3219 3.3159 3.3188 0.0014
3.3219 3.3159 3.3188 0.0014
3.3219 3.3159 3.3188 0.0014
3.3219 3.3159 3.3188 0.0014
3.3219 3.3159 3.3188 0.0014
3.3219 3.3159 3.3188 0.0014
3.3219 3.3159 3.3188 0.0014
3.3219 3.3159 3.3188 0.0014
3.3219 3.3159 3.3188 0.0014
3.3219 3.3159 3.3188 0.0014
3.3219 3.3159 3.3188 0.0014
3.3219 3.3159 3.3188 0.0014
3.3219 3.3159 3.3188 0.0014
3.3219 3.3159 3.3188 0.0014
3.3219 3.3159 3.3188 0.0014
3.3219 3.3159 3.3189 0.0014
3.3219 3.3159 3.3189 0.0014
3.3219 3.3159 3.3189 0.0014
3.3219 3.3159 3.3189 0.0014
3.3219 3.3159 3.3189 0.0014
3.3219 3.3159 3.3189 0.0014
3.3219 3.3159 3.3189 0.0014
3.3219 3.3159 3.3189 0.0014
3.3219 3.3159 3.3189 0.0014
3.3219 3.3159 3.3189 0.0014
3.3219 3.3159 3.3189 0.0014
3.3219 3.3159 3.3190 0.0014
3.3219 3.3159 3.3190 0.0014
3.3219 3.3159 3.3190 0.0014
3.3219 3.3159 3.3190 0.0014
3.3219 3.3159 3.3190 0.0014
3.3219 3.3159 3.3190 0.0014
3.3219 3.3159 3.3190 0.0014
3.3219 3.3159 3.3190 0.0014
3.3219 3.3159 3.3190 0.0014
3.3219 3.3159 3.3190 0.0014
3.3219 3.3159 3.3190 0.0013
3.3219 3.3161 3.3191 0.0013
3.3219 3.3161 3.3191 0.0013
3.3219 3.3161 3.3191 0.0013
3.3219 3.3161 3.3191 0.0013
3.3219 3.3161 3.3191 0.0013
3.3219 3.3161 3.3191 0.0013
3.3219 3.3161 3.3191 0.0013
3.3219 3.3161 3.3191 0.0013
3.3219 3.3161 3.3191 0.0013
3.3219 3.3161 3.3191 0.0013
3.3219 3.3161 3.3191 0.0013
3.3219 3.3161 3.3191 0.0013
3.3219 3.3161 3.3191 0.0013
3.3219 3.3161 3.3191 0.0013
3.3219 3.3161 3.3191 0.0013
3.3219 3.3161 3.3191 0.0013
3.3219 3.3161 3.3191 0.0013
3.3219 3.3161 3.3191 0.0013
3.3219 3.3161 3.3192 0.0013
3.3219 3.3161 3.3192 0.0013
3.3219 3.3161 3.3192 0.0013
3.3219 3.3161 3.3192 0.0013
3.3219 3.3161 3.3192 0.0013
3.3219 3.3161 3.3192 0.0013
3.3219 3.3161 3.3192 0.0013
3.3219 3.3161 3.3192 0.0013
3.3219 3.3161 3.3192 0.0013
3.3219 3.3161 3.3192 0.0012
3.3219 3.3161 3.3192 0.0012
3.3219 3.3161 3.3192 0.0012
3.3219 3.3161 3.3192 0.0012
3.3219 3.3161 3.3192 0.0012
3.3219 3.3161 3.3192 0.0012
3.3219 3.3161 3.3192 0.0012
3.3219 3.3161 3.3192 0.0012
3.3219 3.3161 3.3192 0.0012
3.3219 3.3161 3.3192 0.0012
3.3219 3.3161 3.3192 0.0012
3.3219 3.3161 3.3192 0.0012
3.3219 3.3161 3.3192 0.0012
3.3219 3.3161 3.3192 0.0012
3.3219 3.3161 3.3192 0.0012
3.3219 3.3161 3.3192 0.0012
3.3219 3.3161 3.3192 0.0012
3.3219 3.3161 3.3192 0.0012
3.3219 3.3161 3.3192 0.0012
3.3219 3.3161 3.3192 0.0012
3.3219 3.3161 3.3192 0.0012
3.3219 3.3161 3.3192 0.0012
3.3219 3.3161 3.3192 0.0012
3.3219 3.3161 3.3192 0.0012
3.3219 3.3161 3.3192 0.0012
3.3219 3.3161 3.3192 0.0012
3.3219 3.3161 3.3192 0.0012
3.3219 3.3161 3.3192 0.0012
3.3219 3.3161 3.3192 0.0012
3.3219 3.3161 3.3192 0.0012
3.3219 3.3161 3.3192 0.0012
3.3219 3.3161 3.3192 0.0012
3.3219 3.3161 3.3192 0.0012
3.3219 3.3161 3.3192 0.0012
3.3219 3.3161 3.3192 0.0012
3.3219 3.3161 3.3192 0.0012
3.3219 3.3161 3.3192 0.0012
3.3219 3.3161 3.3192 0.0012
3.3219 3.3161 3.3192 0.0012
3.3219 3.3161 3.3192 0.0012
3.3219 3.3161 3.3192 0.0012
3.3219 3.3161 3.3192 0.0012
3.3219 3.3161 3.3192 0.0012
3.3219 3.3161 3.3192 0.0012
3.3219 3.3161 3.3192 0.0012
3.3219 3.3161 3.3192 0.0012
3.3219 3.3161 3.3192 0.0012
3.3219 3.3161 3.3192 0.0012
3.3219 3.3161 3.3192 0.0012
3.3219 3.3161 3.3192 0.0012
3.3219 3.3161 3.3192 0.0012
3.3219 3.3161 3.3192 0.0012
3.3219 3.3161 3.3192 0.0012
3.3219 3.3161 3.3192 0.0012
3.3219 3.3161 3.3192 0.0012
3.3219 3.3161 3.3192 0.0012
3.3219 3.3161 3.3192 0.0012
3.3219 3.3161 3.3192 0.0012
3.3219 3.3161 3.3192 0.0012
3.3219 3.3161 3.3192 0.0012
3.3219 3.3161 3.3192 0.0012
3.3219 3.3161 3.3192 0.0012
3.3219 3.3161 3.3192 0.0012
3.3219 3.3161 3.3192 0.0012
3.3219 3.3161 3.3192 0.0012
3.3219 3.3161 3.3192 0.0012
3.3219 3.3161 3.3192 0.0012
3.3219 3.3161 3.3192 0.0012
3.3219 3.3161 3.3192 0.0012
3.3219 3.3161 3.3192 0.0012
3.3219 3.3161 3.3192 0.0012
3.3219 3.3161 3.3192 0.0012
3.3219 3.3161 3.3192 0.0012
3.3219 3.3161 3.3192 0.0012
3.3219 3.3161 3.3192 0.0012
3.3219 3.3161 3.3192 0.0012
3.3219 3.3161 3.3192 0.0012
3.3219 3.3161 3.3192 0.0012
3.3219 3.3161 3.3193 0.0012
3.3219 3.3161 3.3193 0.0012
3.3219 3.3161 3.3193 0.0012
3.3219 3.3161 3.3193 0.0012
3.3219 3.3161 3.3193 0.0012
3.3219 3.3161 3.3193 0.0012
3.3219 3.3161 3.3193 0.0012
3.3219 3.3161 3.3193 0.0012
3.3219 3.3161 3.3193 0.0012
3.3219 3.3161 3.3193 0.0012
3.3219 3.3161 3.3193 0.0012
3.3219 3.3161 3.3193 0.0012
3.3219 3.3161 3.3193 0.0012
3.3219 3.3161 3.3193 0.0012
3.3219 3.3161 3.3193 0.0012
3.3219 3.3161 3.3193 0.0012
3.3219 3.3161 3.3193 0.0012
3.3219 3.3161 3.3193 0.0012
3.3219 3.3161 3.3193 0.0012
3.3219 3.3161 3.3193 0.0012
3.3219 3.3161 3.3193 0.0012
3.3219 3.3161 3.3193 0.0012
3.3219 3.3161 3.3193 0.0012
3.3219 3.3161 3.3193 0.0012
3.3219 3.3161 3.3193 0.0012
3.3219 3.3161 3.3193 0.0012
3.3219 3.3161 3.3193 0.0012
3.3219 3.3161 3.3193 0.0012
3.3219 3.3161 3.3194 0.0011
3.3219 3.3161 3.3194 0.0011
3.3219 3.3161 3.3194 0.0011
3.3219 3.3161 3.3194 0.0011
3.3219 3.3161 3.3194 0.0011
3.3219 3.3161 3.3194 0.0011
3.3219 3.3161 3.3194 0.0011
3.3219 3.3161 3.3194 0.0011
3.3219 3.3161 3.3194 0.0011
3.3219 3.3161 3.3194 0.0011
3.3219 3.3161 3.3194 0.0011
3.3219 3.3161 3.3194 0.0011
3.3219 3.3161 3.3194 0.0011
3.3219 3.3161 3.3194 0.0011
3.3219 3.3161 3.3194 0.0011
3.3219 3.3161 3.3194 0.0011
3.3219 3.3161 3.3194 0.0011
3.3219 3.3161 3.3194 0.0011
3.3219 3.3161 3.3194 0.0011
3.3219 3.3161 3.3194 0.0011
3.3219 3.3161 3.3194 0.0011
3.3219 3.3161 3.3194 0.0011
3.3219 3.3161 3.3194 0.0011
3.3219 3.3161 3.3194 0.0011
3.3219 3.3161 3.3194 0.0011
3.3219 3.3161 3.3194 0.0011
3.3219 3.3161 3.3194 0.0011
3.3219 3.3161 3.3194 0.0011
3.3219 3.3161 3.3194 0.0011
3.3219 3.3161 3.3194 0.0011
3.3219 3.3161 3.3194 0.0011
3.3219 3.3161 3.3194 0.0011
3.3219 3.3161 3.3194 0.0011
3.3219 3.3161 3.3194 0.0011
3.3219 3.3161 3.3194 0.0011
3.3219 3.3161 3.3194 0.0011
3.3219 3.3161 3.3194 0.0011
3.3219 3.3161 3.3194 0.0011
3.3219 3.3161 3.3194 0.0011
3.3219 3.3161 3.3194 0.0011
3.3219 3.3161 3.3194 0.0011
3.3219 3.3161 3.3194 0.0011
3.3219 3.3161 3.3194 0.0011
3.3219 3.3161 3.3194 0.0011
3.3219 3.3161 3.3194 0.0011
3.3219 3.3161 3.3194 0.0011
3.3219 3.3161 3.3194 0.0011
3.3219 3.3161 3.3194 0.0011
3.3219 3.3161 3.3194 0.0011
3.3219 3.3161 3.3194 0.0011
3.3219 3.3161 3.3194 0.0011
3.3219 3.3161 3.3194 0.0011
3.3219 3.3161 3.3194 0.0011
3.3219 3.3161 3.3194 0.0011
3.3219 3.3161 3.3195 0.0010
3.3219 3.3161 3.3195 0.0010
3.3219 3.3161 3.3195 0.0010
3.3219 3.3161 3.3195 0.0010
3.3219 3.3161 3.3195 0.0010
3.3219 3.3161 3.3195 0.0010
3.3219 3.3161 3.3195 0.0010
3.3219 3.3161 3.3195 0.0010
3.3219 3.3161 3.3195 0.0010
3.3219 3.3161 3.3195 0.0010
3.3219 3.3161 3.3195 0.0010
3.3219 3.3161 3.3195 0.0010
3.3219 3.3161 3.3195 0.0010
3.3219 3.3161 3.3195 0.0010
3.3219 3.3161 3.3195 0.0010
3.3219 3.3161 3.3195 0.0010
3.3219 3.3161 3.3195 0.0010
3.3219 3.3161 3.3195 0.0010
3.3219 3.3161 3.3195 0.0010
3.3219 3.3161 3.3195 0.0010
3.3219 3.3161 3.3195 0.0010
3.3219 3.3161 3.3195 0.0010
3.3219 3.3161 3.3195 0.0010
3.3219 3.3161 3.3195 0.0010
3.3219 3.3161 3.3195 0.0010
3.3219 3.3161 3.3195 0.0010
3.3219 3.3161 3.3195 0.0010
3.3219 3.3161 3.3195 0.0010
3.3219 3.3161 3.3195 0.0010
3.3219 3.3161 3.3195 0.0010
3.3219 3.3161 3.3195 0.0010
3.3219 3.3161 3.3196 0.0010
3.3219 3.3161 3.3196 0.0010
3.3219 3.3161 3.3196 0.0010
3.3219 3.3161 3.3196 0.0010
3.3219 3.3161 3.3196 0.0009
3.3219 3.3161 3.3196 0.0009
3.3219 3.3161 3.3196 0.0009
3.3219 3.3161 3.3196 0.0009
3.3219 3.3161 3.3196 0.0009
3.3219 3.3161 3.3196 0.0009
3.3219 3.3161 3.3196 0.0009
3.3219 3.3161 3.3196 0.0009
3.3219 3.3161 3.3196 0.0009
3.3219 3.3161 3.3196 0.0009
3.3219 3.3161 3.3196 0.0009
3.3219 3.3161 3.3196 0.0009
3.3219 3.3161 3.3196 0.0009
3.3219 3.3161 3.3196 0.0009
3.3219 3.3161 3.3196 0.0009
3.3219 3.3161 3.3196 0.0009
3.3219 3.3161 3.3196 0.0009
3.3219 3.3161 3.3196 0.0009
3.3219 3.3161 3.3196 0.0009
3.3219 3.3161 3.3196 0.0009
3.3219 3.3161 3.3196 0.0009
3.3219 3.3161 3.3196 0.0009
3.3219 3.3161 3.3196 0.0009
3.3219 3.3161 3.3196 0.0009
3.3219 3.3161 3.3196 0.0009
3.3219 3.3161 3.3196 0.0009
3.3219 3.3161 3.3196 0.0009
3.3219 3.3161 3.3196 0.0009
3.3219 3.3161 3.3196 0.0009
3.3219 3.3161 3.3196 0.0009
3.3219 3.3161 3.3196 0.0009
3.3219 3.3161 3.3196 0.0009
3.3219 3.3161 3.3196 0.0009
3.3219 3.3161 3.3196 0.0009
3.3219 3.3161 3.3196 0.0009
3.3219 3.3161 3.3196 0.0009
3.3219 3.3161 3.3196 0.0009
3.3219 3.3161 3.3196 0.0009
3.3219 3.3161 3.3197 0.0009
3.3219 3.3161 3.3197 0.0009
3.3219 3.3161 3.3197 0.0009
3.3219 3.3161 3.3197 0.0009
3.3219 3.3161 3.3197 0.0009
3.3219 3.3161 3.3197 0.0009
3.3219 3.3161 3.3197 0.0009
3.3219 3.3161 3.3197 0.0009
3.3219 3.3161 3.3197 0.0009
3.3219 3.3161 3.3197 0.0009
3.3219 3.3161 3.3197 0.0009
3.3219 3.3161 3.3197 0.0009
3.3219 3.3161 3.3197 0.0009
3.3219 3.3161 3.3197 0.0009
3.3219 3.3161 3.3197 0.0009
3.3219 3.3161 3.3197 0.0009
3.3219 3.3161 3.3197 0.0009
3.3219 3.3161 3.3197 0.0009
3.3219 3.3161 3.3197 0.0009
3.3219 3.3161 3.3197 0.0009
3.3219 3.3161 3.3197 0.0009
3.3219 3.3161 3.3197 0.0009
3.3219 3.3161 3.3197 0.0009
3.3219 3.3161 3.3197 0.0009
3.3219 3.3161 3.3197 0.0009
3.3219 3.3161 3.3197 0.0009
3.3219 3.3161 3.3197 0.0009
3.3219 3.3161 3.3197 0.0009
3.3219 3.3161 3.3197 0.0009
3.3219 3.3161 3.3197 0.0009
3.3219 3.3161 3.3197 0.0009
3.3219 3.3161 3.3197 0.0009
3.3219 3.3161 3.3197 0.0009
3.3219 3.3161 3.3197 0.0009
3.3219 3.3161 3.3197 0.0009
3.3219 3.3161 3.3197 0.0009
3.3219 3.3161 3.3197 0.0009
3.3219 3.3161 3.3197 0.0009
3.3219 3.3161 3.3197 0.0009
3.3219 3.3161 3.3197 0.0009
3.3219 3.3161 3.3197 0.0009
3.3219 3.3161 3.3197 0.0009
3.3219 3.3161 3.3197 0.0009
3.3219 3.3161 3.3197 0.0009
3.3219 3.3161 3.3197 0.0009
3.3219 3.3161 3.3197 0.0009
3.3219 3.3161 3.3197 0.0009
3.3219 3.3161 3.3197 0.0009
3.3219 3.3161 3.3197 0.0009
3.3219 3.3161 3.3198 0.0010
3.3219 3.3161 3.3198 0.0010
3.3219 3.3161 3.3198 0.0010
3.3219 3.3161 3.3198 0.0010
3.3219 3.3161 3.3198 0.0010
3.3219 3.3161 3.3198 0.0010
3.3219 3.3161 3.3198 0.0010
3.3219 3.3161 3.3198 0.0010
3.3219 3.3161 3.3198 0.0010
3.3219 3.3161 3.3198 0.0010
3.3219 3.3161 3.3198 0.0010
3.3219 3.3161 3.3198 0.0009
3.3219 3.3161 3.3198 0.0009
3.3219 3.3161 3.3198 0.0009
3.3219 3.3161 3.3198 0.0009
3.3219 3.3161 3.3198 0.0009
3.3219 3.3161 3.3198 0.0009
3.3219 3.3161 3.3198 0.0009
3.3219 3.3161 3.3198 0.0009
3.3219 3.3161 3.3198 0.0009
3.3219 3.3161 3.3198 0.0009
3.3219 3.3161 3.3198 0.0009
3.3219 3.3162 3.3199 0.0008
3.3219 3.3162 3.3199 0.0008
3.3219 3.3162 3.3199 0.0008
3.3219 3.3162 3.3199 0.0008
3.3219 3.3162 3.3199 0.0008
3.3219 3.3162 3.3199 0.0008
3.3219 3.3162 3.3199 0.0008
3.3219 3.3162 3.3199 0.0008
3.3219 3.3167 3.3199 0.0007
3.3219 3.3167 3.3199 0.0007
3.3219 3.3167 3.3199 0.0007
3.3219 3.3167 3.3199 0.0007
3.3219 3.3167 3.3199 0.0007
3.3219 3.3167 3.3199 0.0007
3.3219 3.3167 3.3199 0.0007
3.3219 3.3167 3.3199 0.0007
3.3219 3.3167 3.3199 0.0007
3.3219 3.3167 3.3199 0.0007
3.3219 3.3167 3.3199 0.0007
3.3219 3.3167 3.3199 0.0007
3.3219 3.3167 3.3199 0.0007
3.3219 3.3167 3.3199 0.0007
3.3219 3.3167 3.3199 0.0007
3.3219 3.3167 3.3199 0.0007
3.3219 3.3167 3.3199 0.0007
3.3219 3.3167 3.3199 0.0007
3.3219 3.3167 3.3199 0.0007
3.3219 3.3167 3.3199 0.0007
3.3219 3.3167 3.3199 0.0007
3.3219 3.3167 3.3199 0.0007
3.3219 3.3167 3.3199 0.0007
3.3219 3.3167 3.3199 0.0007
3.3219 3.3167 3.3199 0.0007
3.3219 3.3167 3.3199 0.0007
3.3219 3.3167 3.3199 0.0007
3.3219 3.3167 3.3199 0.0007
3.3219 3.3167 3.3199 0.0007
3.3219 3.3167 3.3199 0.0007
3.3219 3.3167 3.3199 0.0007
3.3219 3.3167 3.3199 0.0007
3.3219 3.3167 3.3199 0.0007
3.3219 3.3167 3.3199 0.0007
3.3219 3.3167 3.3199 0.0007
3.3219 3.3167 3.3199 0.0007
3.3219 3.3167 3.3199 0.0007
3.3219 3.3167 3.3200 0.0008
3.3219 3.3167 3.3200 0.0008
3.3219 3.3167 3.3200 0.0008
3.3249 3.3167 3.3200 0.0009
3.3249 3.3167 3.3200 0.0009
3.3249 3.3167 3.3200 0.0009
3.3249 3.3167 3.3201 0.0010
3.3249 3.3167 3.3201 0.0010
3.3249 3.3167 3.3201 0.0010
3.3249 3.3167 3.3201 0.0010
3.3249 3.3167 3.3201 0.0010
3.3249 3.3167 3.3201 0.0010
3.3249 3.3167 3.3201 0.0010
3.3249 3.3167 3.3201 0.0010
3.3249 3.3167 3.3201 0.0010
3.3249 3.3167 3.3201 0.0010
3.3249 3.3167 3.3201 0.0010
3.3249 3.3167 3.3201 0.0010
3.3249 3.3167 3.3201 0.0010
3.3249 3.3167 3.3201 0.0010
3.3249 3.3167 3.3201 0.0010
3.3249 3.3167 3.3201 0.0010
3.3249 3.3167 3.3201 0.0010
3.3249 3.3167 3.3201 0.0010
3.3249 3.3167 3.3201 0.0010
3.3249 3.3167 3.3201 0.0010
3.3249 3.3167 3.3201 0.0010
3.3249 3.3167 3.3201 0.0010
3.3249 3.3167 3.3201 0.0010
3.3249 3.3167 3.3201 0.0010
3.3249 3.3167 3.3201 0.0010
3.3249 3.3167 3.3201 0.0010
3.3249 3.3167 3.3201 0.0010
3.3249 3.3167 3.3201 0.0010
3.3249 3.3167 3.3201 0.0010
3.3249 3.3167 3.3201 0.0010
3.3249 3.3167 3.3201 0.0010
3.3249 3.3167 3.3201 0.0010
3.3249 3.3167 3.3201 0.0010
3.3249 3.3167 3.3201 0.0010
3.3249 3.3167 3.3201 0.0010
3.3249 3.3167 3.3201 0.0010
3.3249 3.3167 3.3201 0.0010
3.3249 3.3167 3.3201 0.0010
3.3249 3.3167 3.3201 0.0010
3.3249 3.3167 3.3201 0.0010
3.3249 3.3167 3.3201 0.0010
3.3249 3.3167 3.3201 0.0010
3.3249 3.3167 3.3201 0.0010
3.3249 3.3167 3.3201 0.0010
3.3249 3.3167 3.3201 0.0010
3.3249 3.3192 3.3201 0.0010
3.3249 3.3192 3.3201 0.0010
3.3249 3.3192 3.3201 0.0010
3.3249 3.3192 3.3201 0.0010
3.3249 3.3192 3.3201 0.0010
3.3249 3.3192 3.3201 0.0010
3.3249 3.3192 3.3201 0.0010
3.3249 3.3192 3.3201 0.0010
3.3249 3.3192 3.3201 0.0010
3.3249 3.3192 3.3201 0.0010
3.3249 3.3192 3.3201 0.0010
3.3249 3.3192 3.3201 0.0010
3.3249 3.3192 3.3201 0.0010
3.3249 3.3192 3.3201 0.0010
3.3249 3.3192 3.3201 0.0010
3.3249 3.3192 3.3201 0.0010
3.3249 3.3192 3.3201 0.0010
3.3249 3.3192 3.3201 0.0010
3.3249 3.3192 3.3201 0.0010
3.3249 3.3192 3.3201 0.0010
3.3249 3.3192 3.3201 0.0010
3.3249 3.3192 3.3202 0.0010
3.3249 3.3192 3.3202 0.0010
3.3249 3.3192 3.3202 0.0010
3.3249 3.3192 3.3202 0.0010
3.3249 3.3192 3.3202 0.0010
3.3249 3.3192 3.3202 0.0010
3.3249 3.3192 3.3202 0.0010
3.3249 3.3192 3.3202 0.0010
3.3249 3.3192 3.3202 0.0010
3.3249 3.3192 3.3202 0.0010
3.3249 3.3192 3.3202 0.0010
3.3249 3.3192 3.3202 0.0010
3.3249 3.3192 3.3202 0.0010
3.3249 3.3192 3.3202 0.0010
3.3249 3.3192 3.3202 0.0010
3.3249 3.3192 3.3202 0.0010
3.3249 3.3192 3.3202 0.0010
3.3249 3.3192 3.3202 0.0010
3.3249 3.3192 3.3202 0.0010
3.3249 3.3192 3.3202 0.0011
3.3249 3.3192 3.3202 0.0011
3.3249 3.3192 3.3202 0.0011
3.3249 3.3192 3.3202 0.0011
3.3249 3.3192 3.3203 0.0011
3.3249 3.3192 3.3203 0.0011
3.3249 3.3192 3.3203 0.0011
3.3249 3.3192 3.3203 0.0011
3.3249 3.3192 3.3203 0.0011
3.3249 3.3192 3.3203 0.0011
3.3249 3.3192 3.3203 0.0011
3.3249 3.3192 3.3203 0.0011
3.3249 3.3192 3.3203 0.0011
3.3249 3.3192 3.3203 0.0011
3.3249 3.3192 3.3203 0.0011
3.3249 3.3192 3.3203 0.0011
3.3249 3.3192 3.3203 0.0011
3.3249 3.3192 3.3203 0.0011
3.3249 3.3192 3.3203 0.0011
3.3249 3.3192 3.3203 0.0011
3.3249 3.3192 3.3203 0.0011
3.3249 3.3192 3.3203 0.0011
3.3249 3.3192 3.3203 0.0011
3.3249 3.3192 3.3203 0.0011
3.3249 3.3192 3.3203 0.0011
3.3249 3.3192 3.3203 0.0011
3.3249 3.3192 3.3203 0.0011
3.3249 3.3192 3.3203 0.0011
3.3249 3.3192 3.3203 0.0011
3.3249 3.3192 3.3203 0.0011
3.3249 3.3192 3.3203 0.0011
3.3249 3.3192 3.3203 0.0011
3.3249 3.3192 3.3203 0.0011
3.3249 3.3192 3.3203 0.0012
3.3249 3.3192 3.3204 0.0012
3.3249 3.3192 3.3204 0.0012
3.3249 3.3192 3.3204 0.0012
3.3249 3.3192 3.3204 0.0012
3.3249 3.3192 3.3204 0.0013
3.3249 3.3192 3.3204 0.0013
3.3249 3.3192 3.3204 0.0013
3.3249 3.3192 3.3204 0.0013
3.3249 3.3192 3.3204 0.0013
3.3249 3.3192 3.3204 0.0013
3.3249 3.3192 3.3204 0.0013
3.3249 3.3192 3.3204 0.0013
3.3249 3.3192 3.3204 0.0013
3.3249 3.3192 3.3204 0.0013
3.3249 3.3192 3.3204 0.0013
3.3249 3.3192 3.3204 0.0013
3.3249 3.3192 3.3204 0.0013
3.3249 3.3192 3.3204 0.0013
3.3249 3.3192 3.3204 0.0013
3.3249 3.3192 3.3204 0.0013
3.3249 3.3192 3.3204 0.0013
3.3249 3.3192 3.3204 0.0013
3.3249 3.3192 3.3204 0.0013
3.3249 3.3192 3.3204 0.0013
3.3249 3.3192 3.3204 0.0013
3.3249 3.3192 3.3204 0.0013
3.3249 3.3192 3.3204 0.0013
3.3249 3.3192 3.3204 0.0013
3.3249 3.3192 3.3205 0.0014
3.3249 3.3192 3.3205 0.0014
3.3249 3.3192 3.3205 0.0014
3.3249 3.3192 3.3205 0.0014
3.3249 3.3192 3.3205 0.0014
3.3249 3.3192 3.3205 0.0014
3.3249 3.3192 3.3205 0.0014
3.3249 3.3192 3.3205 0.0014
3.3249 3.3192 3.3205 0.0014
3.3249 3.3192 3.3205 0.0014
3.3249 3.3192 3.3205 0.0014
3.3249 3.3192 3.3205 0.0014
3.3254 3.3192 3.3206 0.0015
3.3254 3.3192 3.3206 0.0015
3.3254 3.3192 3.3206 0.0015
3.3254 3.3192 3.3206 0.0015
3.3254 3.3192 3.3206 0.0015
3.3254 3.3192 3.3206 0.0015
3.3254 3.3192 3.3206 0.0015
3.3254 3.3192 3.3206 0.0015
3.3254 3.3192 3.3206 0.0015
3.3254 3.3192 3.3206 0.0015
3.3254 3.3192 3.3206 0.0015
3.3254 3.3192 3.3206 0.0015
3.3254 3.3192 3.3206 0.0015
3.3254 3.3192 3.3206 0.0015
3.3254 3.3192 3.3206 0.0015
3.3254 3.3192 3.3206 0.0015
3.3254 3.3192 3.3206 0.0015
3.3254 3.3192 3.3206 0.0015
3.3254 3.3192 3.3206 0.0015
3.3254 3.3192 3.3206 0.0015
3.3254 3.3192 3.3206 0.0015
3.3254 3.3192 3.3206 0.0015
3.3254 3.3192 3.3206 0.0015
3.3254 3.3192 3.3206 0.0015
3.3254 3.3192 3.3206 0.0015
3.3254 3.3192 3.3206 0.0015
3.3254 3.3192 3.3206 0.0015
3.3254 3.3192 3.3206 0.0015
3.3254 3.3192 3.3206 0.0015
3.3254 3.3192 3.3206 0.0015
3.3254 3.3192 3.3206 0.0015
3.3254 3.3192 3.3206 0.0015
3.3254 3.3192 3.3206 0.0015
3.3254 3.3192 3.3206 0.0015
3.3254 3.3192 3.3206 0.0015
3.3254 3.3192 3.3207 0.0015
3.3254 3.3192 3.3207 0.0015
3.3254 3.3192 3.3207 0.0015
3.3254 3.3192 3.3207 0.0015
3.3254 3.3192 3.3207 0.0015
3.3254 3.3192 3.3207 0.0015
3.3254 3.3192 3.3207 0.0015
3.3254 3.3192 3.3207 0.0015
3.3254 3.3192 3.3207 0.0016
3.3254 3.3192 3.3207 0.0016
3.3254 3.3192 3.3207 0.0016
3.3254 3.3192 3.3207 0.0016
3.3254 3.3192 3.3207 0.0016
3.3254 3.3192 3.3207 0.0016
3.3254 3.3192 3.3207 0.0016
3.3254 3.3192 3.3207 0.0016
3.3254 3.3192 3.3207 0.0016
3.3254 3.3192 3.3207 0.0016
3.3254 3.3192 3.3207 0.0016
3.3254 3.3192 3.3207 0.0016
3.3254 3.3192 3.3207 0.0016
3.3254 3.3192 3.3208 0.0016
3.3254 3.3192 3.3208 0.0016
3.3254 3.3192 3.3208 0.0016
3.3254 3.3192 3.3208 0.0015
3.3254 3.3192 3.3208 0.0015
3.3254 3.3192 3.3208 0.0015
3.3254 3.3192 3.3208 0.0015
3.3254 3.3192 3.3208 0.0015
3.3254 3.3192 3.3208 0.0015
3.3254 3.3192 3.3208 0.0015
3.3254 3.3192 3.3208 0.0015
3.3254 3.3192 3.3208 0.0015
3.3254 3.3192 3.3208 0.0015
3.3254 3.3192 3.3208 0.0015
3.3254 3.3192 3.3208 0.0015
3.3254 3.3192 3.3208 0.0015
3.3254 3.3192 3.3208 0.0015
3.3254 3.3192 3.3208 0.0015
3.3254 3.3192 3.3208 0.0015
3.3254 3.3192 3.3208 0.0015
3.3254 3.3192 3.3208 0.0015
3.3254 3.3192 3.3208 0.0015
3.3254 3.3192 3.3208 0.0015
3.3254 3.3192 3.3208 0.0015
3.3254 3.3192 3.3208 0.0015
3.3254 3.3192 3.3208 0.0015
3.3254 3.3192 3.3208 0.0015
3.3254 3.3192 3.3208 0.0015
3.3254 3.3192 3.3208 0.0015
3.3254 3.3192 3.3208 0.0015
3.3254 3.3192 3.3208 0.0015
3.3254 3.3192 3.3208 0.0015
3.3254 3.3192 3.3208 0.0015
3.3254 3.3192 3.3208 0.0015
3.3254 3.3192 3.3208 0.0015
3.3254 3.3192 3.3208 0.0015
3.3254 3.3192 3.3208 0.0015
3.3254 3.3192 3.3208 0.0015
3.3254 3.3192 3.3208 0.0015
3.3254 3.3192 3.3208 0.0015
3.3254 3.3192 3.3208 0.0015
3.3254 3.3192 3.3208 0.0015
3.3254 3.3192 3.3208 0.0015
3.3254 3.3192 3.3208 0.0015
3.3254 3.3192 3.3208 0.0015
3.3254 3.3192 3.3208 0.0015
3.3254 3.3192 3.3208 0.0015
3.3254 3.3192 3.3208 0.0015
3.3254 3.3192 3.3208 0.0015
3.3254 3.3192 3.3208 0.0015
3.3254 3.3192 3.3208 0.0015
3.3254 3.3192 3.3208 0.0015
3.3254 3.3192 3.3208 0.0015
3.3254 3.3192 3.3208 0.0015
3.3254 3.3192 3.3208 0.0015
3.3254 3.3192 3.3208 0.0015
3.3254 3.3192 3.3208 0.0016
3.3254 3.3192 3.3208 0.0016
3.3254 3.3192 3.3209 0.0016
3.3254 3.3192 3.3209 0.0016
3.3254 3.3192 3.3209 0.0016
3.3254 3.3192 3.3209 0.0016
3.3254 3.3192 3.3209 0.0016
3.3254 3.3192 3.3209 0.0016
3.3254 3.3192 3.3209 0.0016
3.3254 3.3192 3.3209 0.0016
3.3254 3.3192 3.3209 0.0016
3.3254 3.3192 3.3209 0.0016
3.3254 3.3192 3.3209 0.0016
3.3254 3.3192 3.3209 0.0016
3.3254 3.3192 3.3209 0.0016
3.3254 3.3192 3.3209 0.0016
3.3254 3.3192 3.3209 0.0016
3.3254 3.3192 3.3209 0.0016
3.3254 3.3192 3.3209 0.0016
3.3254 3.3192 3.3209 0.0016
3.3254 3.3192 3.3210 0.0016
3.3254 3.3192 3.3210 0.0016
3.3254 3.3192 3.3210 0.0016
3.3254 3.3192 3.3210 0.0016
3.3254 3.3192 3.3210 0.0016
3.3254 3.3192 3.3210 0.0016
3.3254 3.3192 3.3210 0.0016
3.3254 3.3192 3.3210 0.0016
3.3254 3.3192 3.3210 0.0016
3.3254 3.3192 3.3210 0.0016
3.3254 3.3192 3.3210 0.0016
3.3254 3.3192 3.3210 0.0016
3.3254 3.3192 3.3210 0.0016
3.3254 3.3192 3.3210 0.0016
3.3254 3.3192 3.3210 0.0016
3.3254 3.3192 3.3210 0.0016
3.3254 3.3192 3.3210 0.0016
3.3254 3.3192 3.3210 0.0016
3.3254 3.3192 3.3210 0.0016
3.3254 3.3192 3.3210 0.0016
3.3254 3.3192 3.3210 0.0016
3.3254 3.3192 3.3210 0.0016
3.3254 3.3192 3.3210 0.0016
3.3254 3.3192 3.3210 0.0016
3.3254 3.3192 3.3210 0.0016
3.3254 3.3192 3.3210 0.0016
3.3254 3.3192 3.3210 0.0016
3.3254 3.3192 3.3210 0.0016
3.3254 3.3192 3.3210 0.0016
3.3254 3.3192 3.3210 0.0016
3.3254 3.3192 3.3210 0.0016
3.3254 3.3192 3.3210 0.0016
3.3254 3.3192 3.3210 0.0016
3.3254 3.3192 3.3210 0.0016
3.3254 3.3192 3.3210 0.0016
3.3254 3.3192 3.3210 0.0016
3.3254 3.3192 3.3210 0.0016
3.3254 3.3192 3.3210 0.0016
3.3254 3.3192 3.3210 0.0016
3.3254 3.3192 3.3210 0.0016
3.3254 3.3192 3.3210 0.0016
3.3254 3.3192 3.3210 0.0016
3.3254 3.3192 3.3210 0.0016
3.3254 3.3192 3.3210 0.0016
3.3254 3.3192 3.3210 0.0016
3.3254 3.3192 3.3210 0.0016
3.3254 3.3192 3.3210 0.0016
3.3254 3.3192 3.3210 0.0016
3.3254 3.3192 3.3210 0.0016
3.3254 3.3192 3.3211 0.0016
3.3254 3.3192 3.3211 0.0016
3.3254 3.3192 3.3211 0.0016
3.3254 3.3192 3.3211 0.0016
3.3254 3.3192 3.3211 0.0016
3.3254 3.3192 3.3211 0.0016
3.3254 3.3192 3.3211 0.0016
3.3254 3.3192 3.3211 0.0016
3.3254 3.3192 3.3211 0.0016
3.3254 3.3192 3.3211 0.0016
3.3254 3.3192 3.3211 0.0016
3.3254 3.3192 3.3211 0.0016
3.3254 3.3192 3.3211 0.0016
3.3254 3.3192 3.3211 0.0016
3.3254 3.3192 3.3211 0.0016
3.3254 3.3192 3.3211 0.0016
3.3254 3.3192 3.3211 0.0016
3.3254 3.3192 3.3211 0.0016
3.3254 3.3192 3.3211 0.0016
3.3254 3.3192 3.3211 0.0016
3.3254 3.3192 3.3211 0.0016
3.3254 3.3192 3.3212 0.0016
3.3254 3.3192 3.3212 0.0016
3.3254 3.3192 3.3212 0.0016
3.3254 3.3192 3.3212 0.0016
3.3254 3.3192 3.3212 0.0016
3.3254 3.3192 3.3212 0.0016
3.3254 3.3192 3.3212 0.0016
3.3254 3.3192 3.3212 0.0016
3.3254 3.3192 3.3212 0.0016
3.3254 3.3192 3.3212 0.0016
3.3254 3.3192 3.3212 0.0016
3.3254 3.3192 3.3212 0.0016
3.3254 3.3192 3.3212 0.0016
3.3254 3.3192 3.3212 0.0016
3.3254 3.3192 3.3212 0.0016
3.3254 3.3192 3.3212 0.0016
3.3254 3.3192 3.3212 0.0016
3.3254 3.3192 3.3212 0.0016
3.3254 3.3192 3.3212 0.0016
3.3254 3.3192 3.3212 0.0016
3.3254 3.3192 3.3213 0.0016
3.3254 3.3192 3.3213 0.0016
3.3254 3.3192 3.3213 0.0016
3.3254 3.3192 3.3213 0.0016
3.3254 3.3192 3.3213 0.0016
3.3254 3.3192 3.3213 0.0016
3.3254 3.3192 3.3213 0.0016
3.3254 3.3192 3.3213 0.0016
3.3254 3.3192 3.3213 0.0016
3.3254 3.3192 3.3213 0.0016
3.3254 3.3192 3.3213 0.0016
3.3254 3.3192 3.3213 0.0016
3.3254 3.3192 3.3213 0.0016
3.3254 3.3192 3.3213 0.0016
3.3254 3.3192 3.3213 0.0016
3.3254 3.3192 3.3213 0.0016
3.3254 3.3192 3.3213 0.0017
3.3254 3.3192 3.3213 0.0017
3.3254 3.3192 3.3213 0.0017
3.3254 3.3192 3.3213 0.0017
3.3254 3.3192 3.3214 0.0017
3.3254 3.3192 3.3214 0.0017
3.3254 3.3192 3.3214 0.0017
3.3254 3.3192 3.3214 0.0017
3.3254 3.3192 3.3214 0.0017
3.3254 3.3192 3.3214 0.0017
3.3254 3.3192 3.3214 0.0017
3.3254 3.3192 3.3214 0.0017
3.3254 3.3192 3.3214 0.0017
3.3254 3.3192 3.3214 0.0017
3.3254 3.3192 3.3214 0.0017
3.3254 3.3192 3.3214 0.0017
3.3254 3.3192 3.3214 0.0017
3.3254 3.3192 3.3214 0.0017
3.3254 3.3192 3.3214 0.0017
3.3254 3.3192 3.3214 0.0017
3.3254 3.3192 3.3214 0.0017
3.3254 3.3192 3.3214 0.0017
3.3254 3.3192 3.3214 0.0017
3.3254 3.3192 3.3214 0.0017
3.3254 3.3192 3.3214 0.0017
3.3254 3.3192 3.3214 0.0017
3.3254 3.3192 3.3214 0.0017
3.3254 3.3192 3.3214 0.0017
3.3254 3.3195 3.3214 0.0017
3.3254 3.3195 3.3215 0.0018
3.3263 3.3195 3.3215 0.0018
3.3263 3.3195 3.3215 0.0018
3.3263 3.3195 3.3216 0.0018
3.3263 3.3195 3.3216 0.0018
3.3263 3.3195 3.3216 0.0018
3.3263 3.3195 3.3216 0.0018
3.3263 3.3195 3.3216 0.0018
3.3263 3.3195 3.3216 0.0018
3.3263 3.3195 3.3216 0.0018
3.3263 3.3195 3.3216 0.0019
3.3263 3.3195 3.3216 0.0019
3.3263 3.3195 3.3216 0.0019
3.3263 3.3195 3.3216 0.0019
3.3263 3.3195 3.3216 0.0019
3.3263 3.3195 3.3216 0.0019
3.3263 3.3195 3.3216 0.0019
3.3263 3.3195 3.3216 0.0019
3.3263 3.3195 3.3216 0.0019
3.3263 3.3195 3.3216 0.0019
3.3263 3.3195 3.3217 0.0020
3.3263 3.3195 3.3217 0.0020
3.3263 3.3195 3.3217 0.0020
3.3263 3.3195 3.3217 0.0020
3.3263 3.3195 3.3217 0.0020
3.3263 3.3195 3.3218 0.0020
3.3263 3.3195 3.3218 0.0020
3.3263 3.3195 3.3218 0.0020
3.3263 3.3195 3.3218 0.0020
3.3263 3.3195 3.3218 0.0020
3.3263 3.3195 3.3218 0.0020
3.3263 3.3195 3.3218 0.0020
3.3263 3.3195 3.3218 0.0020
3.3263 3.3195 3.3218 0.0020
3.3263 3.3195 3.3218 0.0020
3.3263 3.3195 3.3218 0.0020
3.3263 3.3195 3.3218 0.0020
3.3263 3.3195 3.3218 0.0020
3.3263 3.3195 3.3218 0.0020
3.3263 3.3195 3.3218 0.0020
3.3263 3.3195 3.3218 0.0020
3.3263 3.3195 3.3218 0.0020
3.3263 3.3195 3.3218 0.0020
3.3263 3.3195 3.3218 0.0020
3.3263 3.3195 3.3218 0.0020
3.3263 3.3195 3.3218 0.0020
3.3263 3.3195 3.3218 0.0020
3.3263 3.3195 3.3218 0.0020
3.3263 3.3195 3.3218 0.0020
3.3263 3.3195 3.3218 0.0020
3.3263 3.3195 3.3218 0.0020
3.3263 3.3195 3.3218 0.0020
3.3263 3.3195 3.3219 0.0020
3.3263 3.3195 3.3219 0.0020
3.3263 3.3195 3.3219 0.0020
3.3263 3.3195 3.3219 0.0020
3.3263 3.3195 3.3219 0.0020
3.3263 3.3195 3.3219 0.0020
3.3263 3.3195 3.3220 0.0020
3.3263 3.3195 3.3220 0.0020
3.3263 3.3195 3.3220 0.0020
3.3263 3.3195 3.3220 0.0020
3.3263 3.3195 3.3220 0.0020
3.3263 3.3195 3.3220 0.0020
3.3263 3.3195 3.3220 0.0020
3.3263 3.3195 3.3220 0.0020
3.3263 3.3195 3.3220 0.0020
3.3263 3.3195 3.3221 0.0020
3.3263 3.3195 3.3221 0.0020
3.3263 3.3195 3.3221 0.0020
3.3263 3.3195 3.3221 0.0020
3.3263 3.3195 3.3221 0.0020
3.3263 3.3195 3.3221 0.0020
3.3263 3.3195 3.3221 0.0020
3.3263 3.3195 3.3221 0.0020
3.3263 3.3195 3.3221 0.0020
3.3263 3.3195 3.3221 0.0020
3.3263 3.3195 3.3221 0.0020
3.3263 3.3195 3.3221 0.0020
3.3263 3.3195 3.3221 0.0020
3.3263 3.3195 3.3221 0.0020
3.3263 3.3195 3.3221 0.0020
3.3263 3.3195 3.3221 0.0020
3.3263 3.3195 3.3221 0.0020
3.3263 3.3195 3.3221 0.0020
3.3263 3.3195 3.3221 0.0020
3.3263 3.3195 3.3221 0.0020
3.3263 3.3195 3.3221 0.0020
3.3311 3.3195 3.3222 0.0022
3.3311 3.3195 3.3222 0.0022
3.3311 3.3195 3.3222 0.0022
3.3311 3.3195 3.3222 0.0022
3.3311 3.3195 3.3222 0.0022
3.3311 3.3195 3.3222 0.0022
3.3311 3.3195 3.3222 0.0022
3.3311 3.3195 3.3222 0.0022
3.3311 3.3195 3.3222 0.0022
3.3311 3.3195 3.3222 0.0022
3.3311 3.3195 3.3223 0.0022
3.3311 3.3195 3.3223 0.0022
3.3311 3.3195 3.3223 0.0023
3.3311 3.3195 3.3223 0.0023
3.3311 3.3195 3.3223 0.0023
3.3311 3.3195 3.3223 0.0023
3.3311 3.3195 3.3223 0.0023
3.3311 3.3195 3.3223 0.0022
3.3311 3.3195 3.3223 0.0022
3.3311 3.3195 3.3223 0.0023
3.3311 3.3195 3.3224 0.0023
3.3311 3.3195 3.3224 0.0023
3.3311 3.3195 3.3224 0.0023
3.3311 3.3195 3.3224 0.0023
3.3311 3.3195 3.3224 0.0023
3.3311 3.3195 3.3224 0.0023
3.3311 3.3195 3.3224 0.0023
3.3311 3.3195 3.3224 0.0023
3.3311 3.3195 3.3224 0.0023
3.3311 3.3195 3.3224 0.0023
3.3311 3.3195 3.3224 0.0023
3.3311 3.3195 3.3224 0.0023
3.3311 3.3195 3.3225 0.0023
3.3311 3.3195 3.3225 0.0023
3.3311 3.3195 3.3225 0.0023
3.3311 3.3195 3.3225 0.0023
3.3311 3.3195 3.3225 0.0023
3.3311 3.3195 3.3225 0.0023
3.3311 3.3195 3.3225 0.0023
3.3311 3.3195 3.3225 0.0023
3.3311 3.3195 3.3225 0.0023
3.3311 3.3195 3.3225 0.0023
3.3311 3.3195 3.3225 0.0023
3.3311 3.3195 3.3225 0.0023
3.3311 3.3195 3.3225 0.0023
3.3311 3.3195 3.3225 0.0023
3.3311 3.3195 3.3225 0.0023
3.3311 3.3195 3.3225 0.0023
3.3311 3.3195 3.3225 0.0023
3.3311 3.3195 3.3225 0.0023
3.3311 3.3195 3.3225 0.0023
3.3311 3.3195 3.3226 0.0024
3.3311 3.3195 3.3226 0.0024
3.3311 3.3195 3.3226 0.0024
3.3311 3.3195 3.3226 0.0024
3.3311 3.3195 3.3226 0.0024
3.3311 3.3195 3.3226 0.0024
3.3311 3.3195 3.3226 0.0024
3.3311 3.3195 3.3226 0.0024
3.3311 3.3195 3.3226 0.0024
3.3311 3.3195 3.3226 0.0024
3.3311 3.3195 3.3226 0.0024
3.3311 3.3195 3.3226 0.0023
3.3311 3.3195 3.3226 0.0023
3.3311 3.3195 3.3226 0.0023
3.3311 3.3195 3.3226 0.0023
3.3311 3.3195 3.3226 0.0023
3.3311 3.3195 3.3226 0.0023
3.3311 3.3195 3.3226 0.0023
3.3311 3.3195 3.3226 0.0023
3.3311 3.3195 3.3226 0.0023
3.3311 3.3195 3.3226 0.0023
3.3311 3.3195 3.3226 0.0023
3.3311 3.3195 3.3226 0.0023
3.3311 3.3195 3.3226 0.0023
3.3311 3.3195 3.3227 0.0023
3.3311 3.3195 3.3227 0.0024
3.3311 3.3195 3.3227 0.0023
3.3311 3.3195 3.3227 0.0023
3.3311 3.3195 3.3227 0.0023
3.3311 3.3195 3.3227 0.0023
3.3311 3.3195 3.3227 0.0023
3.3311 3.3195 3.3227 0.0023
3.3311 3.3195 3.3227 0.0023
3.3311 3.3195 3.3228 0.0023
3.3311 3.3195 3.3228 0.0023
3.3311 3.3195 3.3228 0.0023
3.3311 3.3195 3.3228 0.0023
3.3311 3.3195 3.3228 0.0023
3.3311 3.3195 3.3228 0.0023
3.3311 3.3195 3.3228 0.0023
3.3311 3.3195 3.3228 0.0023
3.3311 3.3195 3.3229 0.0023
3.3311 3.3195 3.3229 0.0023
3.3311 3.3195 3.3229 0.0023
3.3311 3.3195 3.3229 0.0023
3.3311 3.3195 3.3229 0.0023
3.3311 3.3195 3.3229 0.0023
3.3311 3.3195 3.3229 0.0023
3.3311 3.3195 3.3229 0.0023
3.3311 3.3195 3.3229 0.0023
3.3311 3.3195 3.3229 0.0023
3.3311 3.3195 3.3229 0.0023
3.3311 3.3195 3.3229 0.0023
3.3311 3.3195 3.3229 0.0023
3.3311 3.3195 3.3229 0.0023
3.3311 3.3195 3.3229 0.0023
3.3311 3.3195 3.3229 0.0023
3.3311 3.3195 3.3229 0.0024
3.3311 3.3195 3.3229 0.0024
3.3311 3.3195 3.3229 0.0024
3.3311 3.3195 3.3229 0.0024
3.3311 3.3195 3.3229 0.0024
3.3311 3.3195 3.3229 0.0024
3.3311 3.3195 3.3229 0.0024
3.3311 3.3195 3.3229 0.0024
3.3311 3.3195 3.3229 0.0024
3.3311 3.3195 3.3229 0.0024
3.3311 3.3195 3.3230 0.0024
3.3311 3.3195 3.3230 0.0024
3.3311 3.3195 3.3230 0.0024
3.3311 3.3195 3.3230 0.0024
3.3311 3.3195 3.3230 0.0024
3.3311 3.3195 3.3230 0.0024
3.3311 3.3195 3.3230 0.0024
3.3311 3.3195 3.3230 0.0025
3.3311 3.3195 3.3231 0.0025
3.3311 3.3195 3.3231 0.0025
3.3311 3.3195 3.3231 0.0025
3.3311 3.3195 3.3231 0.0025
3.3311 3.3195 3.3231 0.0025
3.3311 3.3195 3.3231 0.0025
3.3311 3.3195 3.3231 0.0025
3.3311 3.3195 3.3231 0.0025
3.3311 3.3195 3.3231 0.0025
3.3311 3.3195 3.3231 0.0025
3.3311 3.3195 3.3231 0.0025
3.3311 3.3195 3.3231 0.0025
3.3311 3.3195 3.3231 0.0025
3.3311 3.3195 3.3231 0.0025
3.3311 3.3195 3.3231 0.0025
3.3311 3.3195 3.3231 0.0025
3.3311 3.3195 3.3231 0.0025
3.3311 3.3195 3.3231 0.0025
3.3311 3.3195 3.3231 0.0025
3.3311 3.3195 3.3231 0.0025
3.3311 3.3195 3.3231 0.0025
3.3311 3.3195 3.3231 0.0025
3.3311 3.3195 3.3231 0.0025
3.3311 3.3195 3.3231 0.0025
3.3311 3.3195 3.3231 0.0025
3.3311 3.3195 3.3232 0.0025
3.3311 3.3195 3.3232 0.0025
3.3311 3.3195 3.3232 0.0025
3.3311 3.3195 3.3232 0.0025
3.3311 3.3195 3.3232 0.0025
3.3311 3.3195 3.3232 0.0025
3.3311 3.3195 3.3232 0.0025
3.3311 3.3195 3.3232 0.0025
3.3311 3.3195 3.3232 0.0025
3.3311 3.3195 3.3232 0.0026
3.3311 3.3195 3.3232 0.0026
3.3311 3.3195 3.3232 0.0026
3.3311 3.3195 3.3232 0.0025
3.3311 3.3195 3.3232 0.0025
3.3311 3.3195 3.3232 0.0025
3.3311 3.3195 3.3232 0.0025
3.3311 3.3195 3.3232 0.0025
3.3311 3.3195 3.3232 0.0025
3.3311 3.3195 3.3232 0.0025
3.3311 3.3195 3.3232 0.0025
3.3311 3.3195 3.3232 0.0025
3.3311 3.3195 3.3233 0.0025
3.3311 3.3195 3.3233 0.0025
3.3311 3.3195 3.3233 0.0025
3.3311 3.3195 3.3233 0.0025
3.3311 3.3195 3.3233 0.0025
3.3311 3.3195 3.3233 0.0025
3.3311 3.3195 3.3233 0.0025
3.3311 3.3195 3.3233 0.0025
3.3311 3.3195 3.3233 0.0025
3.3311 3.3195 3.3233 0.0025
3.3311 3.3195 3.3233 0.0025
3.3311 3.3195 3.3233 0.0025
3.3311 3.3195 3.3233 0.0025
3.3311 3.3195 3.3233 0.0025
3.3311 3.3195 3.3233 0.0025
3.3311 3.3195 3.3233 0.0025
3.3311 3.3195 3.3233 0.0025
3.3311 3.3195 3.3233 0.0025
3.3311 3.3195 3.3233 0.0025
3.3311 3.3195 3.3233 0.0025
3.3311 3.3195 3.3233 0.0025
3.3311 3.3195 3.3233 0.0025
3.3311 3.3195 3.3233 0.0025
3.3311 3.3195 3.3233 0.0025
3.3311 3.3195 3.3234 0.0025
3.3311 3.3195 3.3234 0.0025
3.3311 3.3195 3.3234 0.0025
3.3311 3.3195 3.3234 0.0025
3.3311 3.3195 3.3234 0.0026
3.3311 3.3195 3.3234 0.0026
3.3311 3.3195 3.3234 0.0026
3.3311 3.3195 3.3234 0.0026
3.3311 3.3195 3.3234 0.0026
3.3311 3.3195 3.3234 0.0026
3.3311 3.3195 3.3234 0.0026
3.3311 3.3195 3.3234 0.0026
3.3311 3.3195 3.3234 0.0026
3.3311 3.3195 3.3234 0.0026
3.3311 3.3195 3.3234 0.0026
3.3311 3.3195 3.3234 0.0026
3.3311 3.3195 3.3234 0.0026
3.3311 3.3195 3.3234 0.0026
3.3311 3.3195 3.3235 0.0027
3.3311 3.3195 3.3235 0.0027
3.3311 3.3195 3.3235 0.0027
3.3311 3.3195 3.3235 0.0027
3.3311 3.3195 3.3235 0.0027
3.3311 3.3195 3.3235 0.0027
3.3311 3.3195 3.3235 0.0026
3.3311 3.3195 3.3235 0.0026
3.3311 3.3195 3.3235 0.0026
3.3311 3.3195 3.3235 0.0026
3.3311 3.3195 3.3235 0.0026
3.3311 3.3195 3.3236 0.0026
3.3311 3.3195 3.3236 0.0026
3.3311 3.3195 3.3236 0.0026
3.3311 3.3195 3.3236 0.0026
3.3311 3.3195 3.3236 0.0026
3.3311 3.3195 3.3236 0.0026
3.3311 3.3195 3.3236 0.0026
3.3311 3.3195 3.3236 0.0026
3.3311 3.3195 3.3236 0.0026
3.3311 3.3195 3.3236 0.0026
3.3311 3.3195 3.3236 0.0026
3.3311 3.3195 3.3236 0.0026
3.3311 3.3195 3.3236 0.0026
3.3311 3.3195 3.3236 0.0026
3.3311 3.3195 3.3236 0.0026
3.3311 3.3195 3.3237 0.0026
3.3311 3.3195 3.3237 0.0026
3.3311 3.3195 3.3237 0.0026
3.3311 3.3195 3.3237 0.0026
3.3311 3.3195 3.3237 0.0026
3.3311 3.3195 3.3237 0.0026
3.3311 3.3195 3.3237 0.0026
3.3311 3.3195 3.3237 0.0026
3.3311 3.3195 3.3237 0.0026
3.3311 3.3195 3.3237 0.0026
3.3311 3.3195 3.3237 0.0026
3.3311 3.3195 3.3237 0.0026
3.3311 3.3195 3.3238 0.0026
3.3311 3.3195 3.3238 0.0026
3.3311 3.3195 3.3238 0.0026
3.3311 3.3195 3.3238 0.0026
3.3311 3.3195 3.3238 0.0026
3.3311 3.3195 3.3238 0.0026
3.3311 3.3195 3.3238 0.0026
3.3311 3.3195 3.3238 0.0026
3.3311 3.3195 3.3238 0.0026
3.3311 3.3195 3.3238 0.0026
3.3311 3.3195 3.3238 0.0026
3.3311 3.3195 3.3238 0.0026
3.3311 3.3195 3.3238 0.0026
3.3311 3.3195 3.3238 0.0026
3.3311 3.3195 3.3238 0.0026
3.3311 3.3195 3.3239 0.0026
3.3311 3.3195 3.3239 0.0026
3.3311 3.3195 3.3239 0.0026
3.3311 3.3195 3.3239 0.0026
3.3311 3.3195 3.3239 0.0026
3.3311 3.3195 3.3239 0.0026
3.3311 3.3195 3.3239 0.0026
3.3311 3.3195 3.3239 0.0026
3.3311 3.3195 3.3239 0.0026
3.3311 3.3195 3.3239 0.0026
3.3311 3.3195 3.3239 0.0026
3.3311 3.3195 3.3239 0.0026
3.3311 3.3195 3.3239 0.0026
3.3311 3.3195 3.3239 0.0026
3.3311 3.3195 3.3239 0.0026
3.3311 3.3195 3.3239 0.0026
3.3311 3.3195 3.3239 0.0026
3.3311 3.3195 3.3239 0.0026
3.3311 3.3195 3.3239 0.0026
3.3311 3.3195 3.3239 0.0026
3.3311 3.3195 3.3239 0.0026
3.3311 3.3195 3.3239 0.0025
3.3311 3.3195 3.3239 0.0025
3.3311 3.3195 3.3240 0.0025
3.3311 3.3195 3.3240 0.0025
3.3311 3.3195 3.3240 0.0025
3.3311 3.3195 3.3240 0.0025
3.3311 3.3195 3.3240 0.0025
3.3311 3.3195 3.3240 0.0025
3.3311 3.3195 3.3240 0.0025
3.3311 3.3195 3.3240 0.0025
3.3311 3.3195 3.3240 0.0025
3.3311 3.3195 3.3240 0.0025
3.3311 3.3195 3.3240 0.0025
3.3311 3.3195 3.3240 0.0025
3.3311 3.3195 3.3240 0.0025
3.3311 3.3195 3.3240 0.0025
3.3311 3.3195 3.3240 0.0025
3.3311 3.3195 3.3240 0.0025
3.3311 3.3195 3.3240 0.0025
3.3311 3.3195 3.3240 0.0025
3.3311 3.3195 3.3240 0.0025
3.3311 3.3195 3.3240 0.0025
3.3311 3.3195 3.3240 0.0025
3.3311 3.3195 3.3240 0.0025
3.3311 3.3195 3.3241 0.0025
3.3311 3.3195 3.3241 0.0025
3.3311 3.3195 3.3241 0.0025
3.3311 3.3195 3.3241 0.0025
3.3311 3.3195 3.3241 0.0025
3.3311 3.3195 3.3241 0.0025
3.3311 3.3195 3.3241 0.0025
3.3311 3.3195 3.3241 0.0025
3.3311 3.3195 3.3241 0.0025
3.3311 3.3195 3.3241 0.0025
3.3311 3.3195 3.3241 0.0025
3.3311 3.3195 3.3241 0.0025
3.3311 3.3195 3.3242 0.0025
3.3311 3.3195 3.3242 0.0025
3.3311 3.3195 3.3242 0.0025
3.3311 3.3195 3.3242 0.0025
3.3311 3.3195 3.3242 0.0025
3.3311 3.3195 3.3242 0.0025
3.3311 3.3195 3.3242 0.0025
3.3311 3.3195 3.3242 0.0025
3.3311 3.3195 3.3242 0.0025
3.3311 3.3195 3.3242 0.0025
3.3311 3.3195 3.3242 0.0025
3.3311 3.3195 3.3242 0.0025
3.3311 3.3195 3.3242 0.0025
3.3311 3.3195 3.3242 0.0025
3.3311 3.3195 3.3242 0.0025
3.3311 3.3195 3.3242 0.0025
3.3311 3.3195 3.3242 0.0025
3.3311 3.3195 3.3242 0.0025
3.3311 3.3195 3.3242 0.0025
3.3311 3.3195 3.3242 0.0025
3.3311 3.3195 3.3242 0.0025
3.3311 3.3195 3.3242 0.0025
3.3311 3.3195 3.3242 0.0025
3.3311 3.3195 3.3242 0.0025
3.3311 3.3195 3.3242 0.0025
3.3311 3.3195 3.3242 0.0025
3.3311 3.3195 3.3242 0.0025
3.3311 3.3195 3.3243 0.0025
3.3311 3.3195 3.3243 0.0025
3.3311 3.3195 3.3243 0.0025
3.3311 3.3195 3.3243 0.0025
3.3311 3.3195 3.3243 0.0025
3.3311 3.3195 3.3243 0.0025
3.3311 3.3195 3.3243 0.0025
3.3311 3.3195 3.3243 0.0025
3.3311 3.3195 3.3243 0.0025
3.3311 3.3195 3.3243 0.0025
3.3311 3.3195 3.3243 0.0025
3.3311 3.3195 3.3243 0.0025
3.3311 3.3195 3.3243 0.0025
3.3311 3.3195 3.3243 0.0025
3.3311 3.3195 3.3243 0.0025
3.3311 3.3195 3.3243 0.0025
3.3311 3.3195 3.3243 0.0025
3.3311 3.3195 3.3243 0.0025
3.3311 3.3195 3.3243 0.0025
3.3311 3.3195 3.3243 0.0025
3.3311 3.3195 3.3243 0.0025
3.3311 3.3195 3.3243 0.0024
3.3311 3.3195 3.3243 0.0024
3.3311 3.3195 3.3243 0.0024
3.3311 3.3195 3.3243 0.0024
3.3311 3.3195 3.3243 0.0024
3.3311 3.3195 3.3243 0.0024
3.3311 3.3195 3.3243 0.0024
3.3311 3.3195 3.3243 0.0024
3.3311 3.3195 3.3244 0.0024
3.3311 3.3195 3.3244 0.0024
3.3311 3.3195 3.3244 0.0024
3.3311 3.3195 3.3244 0.0024
3.3311 3.3195 3.3244 0.0024
3.3311 3.3195 3.3244 0.0024
3.3311 3.3195 3.3244 0.0024
3.3311 3.3195 3.3244 0.0024
3.3311 3.3195 3.3244 0.0024
3.3311 3.3195 3.3244 0.0024
3.3311 3.3195 3.3244 0.0024
3.3311 3.3195 3.3244 0.0024
3.3311 3.3195 3.3244 0.0024
3.3311 3.3195 3.3244 0.0024
3.3311 3.3195 3.3244 0.0024
3.3311 3.3195 3.3244 0.0024
3.3311 3.3195 3.3244 0.0024
3.3311 3.3195 3.3244 0.0024
3.3311 3.3195 3.3244 0.0024
3.3311 3.3195 3.3245 0.0024
3.3311 3.3195 3.3245 0.0024
3.3311 3.3195 3.3245 0.0024
3.3311 3.3195 3.3245 0.0024
3.3311 3.3195 3.3245 0.0024
3.3311 3.3195 3.3245 0.0024
3.3311 3.3195 3.3245 0.0024
3.3311 3.3195 3.3245 0.0024
3.3311 3.3195 3.3245 0.0024
3.3311 3.3195 3.3245 0.0024
3.3311 3.3195 3.3246 0.0024
3.3311 3.3195 3.3246 0.0024
3.3311 3.3195 3.3246 0.0024
3.3311 3.3195 3.3246 0.0024
3.3311 3.3195 3.3246 0.0024
3.3311 3.3195 3.3246 0.0024
3.3311 3.3195 3.3246 0.0024
3.3311 3.3195 3.3247 0.0024
3.3311 3.3195 3.3247 0.0024
3.3311 3.3195 3.3247 0.0024
3.3311 3.3195 3.3247 0.0024
3.3311 3.3195 3.3247 0.0024
3.3311 3.3195 3.3247 0.0024
3.3311 3.3195 3.3247 0.0024
3.3311 3.3195 3.3247 0.0024
3.3311 3.3195 3.3247 0.0024
3.3311 3.3195 3.3247 0.0024
3.3311 3.3195 3.3247 0.0024
3.3311 3.3195 3.3247 0.0024
3.3311 3.3195 3.3247 0.0024
3.3311 3.3195 3.3247 0.0024
3.3311 3.3195 3.3247 0.0024
3.3311 3.3195 3.3247 0.0024
3.3311 3.3195 3.3247 0.0024
3.3311 3.3195 3.3247 0.0024
3.3311 3.3195 3.3247 0.0024
3.3311 3.3195 3.3247 0.0024
3.3311 3.3195 3.3247 0.0023
3.3311 3.3195 3.3247 0.0023
3.3311 3.3195 3.3247 0.0023
3.3311 3.3195 3.3247 0.0023
3.3311 3.3195 3.3247 0.0023
3.3311 3.3195 3.3247 0.0023
3.3311 3.3195 3.3247 0.0023
3.3311 3.3195 3.3247 0.0023
3.3311 3.3195 3.3247 0.0023
3.3311 3.3195 3.3247 0.0023
3.3311 3.3195 3.3247 0.0023
3.3311 3.3195 3.3247 0.0023
3.3311 3.3195 3.3247 0.0023
3.3311 3.3195 3.3247 0.0023
3.3311 3.3195 3.3247 0.0023
3.3311 3.3195 3.3247 0.0023
3.3311 3.3195 3.3247 0.0023
3.3311 3.3195 3.3247 0.0023
3.3311 3.3195 3.3247 0.0023
3.3311 3.3195 3.3247 0.0023
3.3311 3.3195 3.3248 0.0024
3.3311 3.3195 3.3248 0.0024
3.3311 3.3195 3.3248 0.0024
3.3311 3.3195 3.3248 0.0024
3.3311 3.3195 3.3248 0.0024
3.3311 3.3195 3.3248 0.0024
3.3311 3.3195 3.3248 0.0024
3.3311 3.3195 3.3248 0.0024
3.3311 3.3195 3.3248 0.0024
3.3311 3.3195 3.3248 0.0024
3.3311 3.3195 3.3248 0.0024
3.3311 3.3195 3.3248 0.0024
3.3311 3.3195 3.3248 0.0024
3.3311 3.3195 3.3248 0.0024
3.3311 3.3195 3.3248 0.0024
3.3311 3.3195 3.3248 0.0024
3.3311 3.3195 3.3248 0.0023
3.3311 3.3195 3.3249 0.0023
3.3311 3.3195 3.3249 0.0023
3.3311 3.3195 3.3249 0.0023
3.3311 3.3195 3.3249 0.0023
3.3311 3.3195 3.3249 0.0023
3.3311 3.3195 3.3249 0.0023
3.3311 3.3195 3.3249 0.0023
3.3311 3.3195 3.3250 0.0023
3.3311 3.3195 3.3250 0.0023
3.3311 3.3195 3.3250 0.0023
3.3311 3.3195 3.3250 0.0023
3.3311 3.3195 3.3250 0.0023
3.3311 3.3195 3.3250 0.0023
3.3311 3.3195 3.3250 0.0023
3.3311 3.3195 3.3250 0.0023
3.3311 3.3195 3.3250 0.0023
3.3311 3.3195 3.3250 0.0023
3.3311 3.3195 3.3250 0.0023
3.3311 3.3195 3.3250 0.0023
3.3311 3.3195 3.3250 0.0023
3.3311 3.3195 3.3250 0.0023
3.3311 3.3195 3.3250 0.0023
3.3311 3.3195 3.3250 0.0023
3.3311 3.3195 3.3250 0.0023
3.3311 3.3195 3.3250 0.0023
3.3311 3.3195 3.3250 0.0023
3.3311 3.3195 3.3250 0.0023
3.3311 3.3195 3.3250 0.0023
3.3311 3.3195 3.3250 0.0023
3.3311 3.3195 3.3250 0.0023
3.3311 3.3195 3.3250 0.0022
3.3311 3.3195 3.3250 0.0022
3.3311 3.3195 3.3250 0.0022
3.3311 3.3195 3.3250 0.0022
3.3311 3.3195 3.3250 0.0022
3.3311 3.3195 3.3250 0.0022
3.3311 3.3195 3.3250 0.0022
3.3311 3.3195 3.3251 0.0022
3.3311 3.3195 3.3251 0.0022
3.3311 3.3195 3.3251 0.0022
3.3311 3.3195 3.3251 0.0022
3.3311 3.3195 3.3251 0.0022
3.3311 3.3195 3.3251 0.0022
3.3311 3.3195 3.3251 0.0022
3.3311 3.3195 3.3251 0.0022
3.3311 3.3195 3.3251 0.0022
3.3311 3.3195 3.3251 0.0022
3.3311 3.3195 3.3251 0.0022
3.3311 3.3195 3.3251 0.0022
3.3311 3.3195 3.3251 0.0022
3.3311 3.3195 3.3251 0.0022
3.3311 3.3195 3.3251 0.0022
3.3311 3.3195 3.3251 0.0022
3.3311 3.3195 3.3251 0.0022
3.3311 3.3195 3.3251 0.0022
3.3311 3.3195 3.3251 0.0022
3.3311 3.3195 3.3251 0.0022
3.3311 3.3195 3.3251 0.0022
3.3311 3.3195 3.3251 0.0022
3.3311 3.3195 3.3251 0.0022
3.3311 3.3195 3.3251 0.0022
3.3311 3.3195 3.3251 0.0022
3.3311 3.3195 3.3251 0.0022
3.3311 3.3195 3.3251 0.0022
3.3311 3.3195 3.3251 0.0022
3.3311 3.3195 3.3251 0.0022
3.3311 3.3195 3.3251 0.0022
3.3311 3.3195 3.3251 0.0022
3.3311 3.3195 3.3251 0.0022
3.3311 3.3195 3.3251 0.0022
3.3311 3.3195 3.3251 0.0022
3.3311 3.3195 3.3251 0.0022
3.3311 3.3195 3.3251 0.0022
3.3311 3.3195 3.3251 0.0022
3.3311 3.3195 3.3252 0.0022
3.3311 3.3195 3.3252 0.0022
3.3311 3.3195 3.3252 0.0022
3.3311 3.3195 3.3252 0.0022
3.3311 3.3195 3.3252 0.0022
3.3311 3.3195 3.3252 0.0022
3.3311 3.3195 3.3252 0.0022
3.3311 3.3195 3.3252 0.0022
3.3311 3.3195 3.3252 0.0022
3.3311 3.3195 3.3252 0.0022
3.3311 3.3195 3.3252 0.0022
3.3311 3.3195 3.3252 0.0022
3.3311 3.3195 3.3252 0.0022
3.3311 3.3195 3.3252 0.0022
3.3311 3.3195 3.3252 0.0022
3.3311 3.3195 3.3252 0.0022
3.3311 3.3195 3.3252 0.0022
3.3311 3.3195 3.3252 0.0022
3.3311 3.3195 3.3252 0.0022
3.3311 3.3195 3.3252 0.0022
3.3311 3.3195 3.3252 0.0022
3.3311 3.3195 3.3252 0.0022
3.3311 3.3195 3.3252 0.0022
3.3311 3.3195 3.3252 0.0022
3.3311 3.3195 3.3252 0.0022
3.3311 3.3195 3.3253 0.0021
3.3311 3.3195 3.3254 0.0021
3.3311 3.3195 3.3254 0.0021
3.3311 3.3195 3.3254 0.0021
3.3311 3.3195 3.3254 0.0021
3.3311 3.3195 3.3254 0.0020
3.3311 3.3195 3.3254 0.0020
3.3311 3.3195 3.3254 0.0020
3.3311 3.3195 3.3254 0.0020
3.3311 3.3195 3.3254 0.0020
3.3311 3.3195 3.3254 0.0020
3.3311 3.3195 3.3254 0.0020
3.3311 3.3195 3.3254 0.0020
3.3311 3.3195 3.3254 0.0020
3.3311 3.3195 3.3254 0.0021
3.3311 3.3195 3.3254 0.0021
3.3311 3.3195 3.3254 0.0021
3.3311 3.3195 3.3254 0.0021
3.3311 3.3195 3.3254 0.0021
3.3311 3.3195 3.3254 0.0021
3.3311 3.3195 3.3254 0.0021
3.3311 3.3195 3.3254 0.0021
3.3311 3.3195 3.3254 0.0021
3.3311 3.3195 3.3254 0.0021
3.3311 3.3195 3.3254 0.0021
3.3311 3.3195 3.3254 0.0021
3.3311 3.3195 3.3254 0.0021
3.3311 3.3195 3.3255 0.0020
3.3311 3.3195 3.3255 0.0020
3.3311 3.3195 3.3255 0.0020
3.3311 3.3195 3.3255 0.0020
3.3311 3.3195 3.3255 0.0020
3.3311 3.3195 3.3255 0.0020
3.3311 3.3195 3.3256 0.0020
3.3311 3.3195 3.3256 0.0020
3.3311 3.3195 3.3256 0.0020
3.3311 3.3195 3.3256 0.0019
3.3311 3.3195 3.3256 0.0019
3.3311 3.3195 3.3256 0.0019
3.3311 3.3195 3.3256 0.0019
3.3311 3.3195 3.3256 0.0019
3.3311 3.3195 3.3256 0.0019
3.3311 3.3195 3.3256 0.0019
3.3311 3.3195 3.3256 0.0019
3.3311 3.3195 3.3256 0.0019
3.3311 3.3195 3.3257 0.0019
3.3311 3.3195 3.3257 0.0019
3.3311 3.3195 3.3257 0.0019
3.3311 3.3195 3.3257 0.0019
3.3311 3.3195 3.3257 0.0019
3.3311 3.3195 3.3257 0.0019
3.3311 3.3195 3.3257 0.0019
3.3311 3.3195 3.3257 0.0019
3.3311 3.3195 3.3257 0.0019
3.3311 3.3195 3.3257 0.0019
3.3311 3.3195 3.3257 0.0019
3.3311 3.3195 3.3257 0.0019
3.3311 3.3195 3.3257 0.0019
3.3311 3.3195 3.3257 0.0019
3.3311 3.3195 3.3257 0.0019
3.3311 3.3195 3.3257 0.0019
3.3311 3.3195 3.3257 0.0019
3.3311 3.3195 3.3257 0.0019
3.3311 3.3195 3.3257 0.0019
3.3311 3.3195 3.3257 0.0019
3.3311 3.3195 3.3257 0.0019
3.3311 3.3195 3.3257 0.0019
3.3311 3.3195 3.3257 0.0019
3.3311 3.3195 3.3257 0.0019
3.3311 3.3195 3.3257 0.0019
3.3311 3.3195 3.3257 0.0019
3.3311 3.3195 3.3258 0.0019
3.3311 3.3195 3.3258 0.0019
3.3311 3.3195 3.3258 0.0019
3.3311 3.3195 3.3258 0.0019
3.3311 3.3195 3.3258 0.0019
3.3311 3.3195 3.3258 0.0019
3.3311 3.3195 3.3258 0.0019
3.3311 3.3195 3.3258 0.0019
3.3311 3.3195 3.3258 0.0019
3.3311 3.3195 3.3258 0.0019
3.3311 3.3195 3.3258 0.0019
3.3311 3.3195 3.3258 0.0019
3.3311 3.3195 3.3258 0.0019
3.3311 3.3195 3.3258 0.0019
3.3311 3.3195 3.3258 0.0019
3.3311 3.3212 3.3259 0.0018
3.3311 3.3212 3.3259 0.0017
3.3311 3.3212 3.3259 0.0017
3.3311 3.3212 3.3259 0.0017
3.3311 3.3212 3.3259 0.0017
3.3311 3.3212 3.3259 0.0017
3.3311 3.3212 3.3259 0.0017
3.3311 3.3212 3.3259 0.0017
3.3311 3.3212 3.3259 0.0017
3.3311 3.3212 3.3259 0.0017
3.3311 3.3212 3.3259 0.0017
3.3311 3.3212 3.3259 0.0017
3.3311 3.3212 3.3259 0.0017
3.3311 3.3212 3.3259 0.0017
3.3311 3.3212 3.3259 0.0017
3.3311 3.3212 3.3259 0.0017
3.3311 3.3212 3.3259 0.0017
3.3311 3.3212 3.3259 0.0017
3.3311 3.3212 3.3259 0.0017
3.3311 3.3212 3.3259 0.0017
3.3311 3.3212 3.3259 0.0017
3.3311 3.3212 3.3259 0.0017
3.3311 3.3212 3.3259 0.0017
3.3311 3.3212 3.3259 0.0017
3.3311 3.3212 3.3259 0.0017
3.3311 3.3212 3.3259 0.0017
3.3311 3.3212 3.3259 0.0017
3.3311 3.3212 3.3259 0.0017
3.3311 3.3212 3.3259 0.0017
3.3311 3.3212 3.3259 0.0017
3.3311 3.3212 3.3259 0.0017
3.3311 3.3212 3.3259 0.0017
3.3311 3.3212 3.3260 0.0017
3.3311 3.3212 3.3260 0.0017
3.3311 3.3212 3.3260 0.0017
3.3311 3.3212 3.3260 0.0017
3.3311 3.3212 3.3260 0.0017
3.3311 3.3212 3.3260 0.0017
3.3311 3.3212 3.3260 0.0017
3.3311 3.3212 3.3260 0.0017
3.3311 3.3212 3.3260 0.0017
3.3311 3.3212 3.3260 0.0017
3.3311 3.3212 3.3260 0.0017
3.3311 3.3212 3.3260 0.0017
3.3311 3.3212 3.3260 0.0017
3.3311 3.3212 3.3260 0.0017
3.3311 3.3212 3.3260 0.0017
3.3311 3.3212 3.3260 0.0017
3.3311 3.3212 3.3260 0.0017
3.3311 3.3212 3.3260 0.0017
3.3311 3.3212 3.3260 0.0017
3.3311 3.3212 3.3260 0.0017
3.3311 3.3212 3.3260 0.0017
3.3311 3.3212 3.3260 0.0017
3.3311 3.3212 3.3260 0.0017
3.3311 3.3212 3.3260 0.0017
3.3311 3.3212 3.3260 0.0017
3.3311 3.3212 3.3260 0.0017
3.3311 3.3212 3.3260 0.0017
3.3311 3.3212 3.3260 0.0017
3.3311 3.3212 3.3260 0.0017
3.3311 3.3212 3.3260 0.0017
3.3311 3.3212 3.3261 0.0019
3.3311 3.3212 3.3261 0.0019
3.3311 3.3212 3.3261 0.0019
3.3311 3.3212 3.3261 0.0019
3.3311 3.3212 3.3262 0.0019
3.3311 3.3212 3.3262 0.0019
3.3311 3.3212 3.3262 0.0019
3.3311 3.3212 3.3262 0.0019
3.3311 3.3212 3.3262 0.0018
3.3311 3.3212 3.3262 0.0018
3.3311 3.3212 3.3262 0.0018
3.3311 3.3212 3.3262 0.0018
3.3311 3.3212 3.3262 0.0018
3.3311 3.3212 3.3262 0.0019
3.3311 3.3212 3.3262 0.0019
3.3311 3.3212 3.3262 0.0019
3.3311 3.3212 3.3262 0.0019
3.3311 3.3212 3.3262 0.0019
3.3311 3.3212 3.3262 0.0019
3.3311 3.3212 3.3262 0.0019
3.3311 3.3212 3.3263 0.0018
3.3311 3.3212 3.3263 0.0018
3.3311 3.3212 3.3263 0.0018
3.3311 3.3212 3.3263 0.0018
3.3311 3.3212 3.3263 0.0018
3.3311 3.3212 3.3263 0.0017
3.3311 3.3212 3.3263 0.0017
3.3311 3.3212 3.3263 0.0017
3.3311 3.3212 3.3263 0.0017
3.3311 3.3212 3.3263 0.0017
3.3311 3.3212 3.3263 0.0017
3.3311 3.3212 3.3263 0.0017
3.3311 3.3212 3.3263 0.0017
3.3311 3.3212 3.3263 0.0017
3.3311 3.3212 3.3263 0.0017
3.3311 3.3212 3.3263 0.0017
3.3311 3.3212 3.3263 0.0017
3.3311 3.3212 3.3263 0.0017
3.3311 3.3212 3.3263 0.0017
3.3311 3.3212 3.3263 0.0017
3.3311 3.3212 3.3263 0.0017
3.3311 3.3212 3.3263 0.0017
3.3311 3.3212 3.3263 0.0017
3.3311 3.3212 3.3263 0.0017
3.3311 3.3212 3.3263 0.0018
3.3311 3.3212 3.3263 0.0018
3.3311 3.3212 3.3263 0.0018
3.3311 3.3212 3.3263 0.0018
3.3311 3.3212 3.3263 0.0018
3.3311 3.3212 3.3263 0.0018
3.3311 3.3212 3.3263 0.0018
3.3311 3.3212 3.3263 0.0018
3.3311 3.3212 3.3263 0.0017
3.3311 3.3212 3.3263 0.0017
3.3311 3.3212 3.3263 0.0017
3.3311 3.3212 3.3263 0.0017
3.3311 3.3212 3.3264 0.0018
3.3311 3.3212 3.3264 0.0018
3.3311 3.3212 3.3264 0.0018
3.3311 3.3212 3.3264 0.0018
3.3311 3.3212 3.3264 0.0018
3.3311 3.3212 3.3264 0.0018
3.3311 3.3212 3.3264 0.0018
3.3311 3.3212 3.3264 0.0018
3.3311 3.3212 3.3264 0.0018
3.3311 3.3212 3.3264 0.0018
3.3311 3.3212 3.3264 0.0018
3.3311 3.3212 3.3264 0.0018
3.3311 3.3212 3.3264 0.0018
3.3311 3.3212 3.3264 0.0018
3.3311 3.3212 3.3264 0.0018
3.3311 3.3212 3.3264 0.0018
3.3311 3.3212 3.3264 0.0018
3.3311 3.3212 3.3264 0.0018
3.3311 3.3212 3.3264 0.0018
3.3311 3.3212 3.3264 0.0018
3.3311 3.3212 3.3264 0.0018
3.3311 3.3212 3.3264 0.0018
3.3311 3.3212 3.3264 0.0018
3.3311 3.3212 3.3264 0.0018
3.3311 3.3212 3.3264 0.0018
3.3311 3.3212 3.3264 0.0018
3.3311 3.3212 3.3264 0.0018
3.3311 3.3212 3.3264 0.0018
3.3311 3.3212 3.3264 0.0018
3.3311 3.3212 3.3264 0.0018
3.3311 3.3212 3.3264 0.0018
3.3311 3.3212 3.3264 0.0018
3.3311 3.3212 3.3264 0.0018
3.3311 3.3212 3.3264 0.0018
3.3311 3.3212 3.3264 0.0018
3.3311 3.3212 3.3264 0.0018
3.3311 3.3212 3.3264 0.0018
3.3311 3.3212 3.3265 0.0018
3.3311 3.3212 3.3265 0.0018
3.3311 3.3212 3.3265 0.0018
3.3311 3.3212 3.3265 0.0018
3.3311 3.3212 3.3265 0.0018
3.3311 3.3212 3.3265 0.0018
3.3311 3.3212 3.3265 0.0018
3.3311 3.3212 3.3265 0.0018
3.3311 3.3212 3.3265 0.0018
3.3311 3.3212 3.3265 0.0018
3.3311 3.3212 3.3265 0.0018
3.3311 3.3212 3.3265 0.0018
3.3311 3.3212 3.3265 0.0018
3.3311 3.3212 3.3265 0.0018
3.3311 3.3212 3.3265 0.0018
3.3311 3.3212 3.3265 0.0018
3.3311 3.3212 3.3265 0.0018
3.3311 3.3212 3.3265 0.0018
3.3311 3.3212 3.3265 0.0018
3.3311 3.3212 3.3265 0.0018
3.3311 3.3212 3.3266 0.0018
3.3311 3.3219 3.3266 0.0018
3.3311 3.3219 3.3266 0.0018
3.3311 3.3219 3.3266 0.0018
3.3311 3.3219 3.3266 0.0018
3.3311 3.3219 3.3266 0.0018
3.3311 3.3219 3.3266 0.0018
3.3311 3.3219 3.3266 0.0019
3.3311 3.3219 3.3266 0.0019
3.3311 3.3219 3.3266 0.0019
3.3311 3.3219 3.3266 0.0019
3.3311 3.3219 3.3266 0.0019
3.3311 3.3219 3.3267 0.0019
3.3311 3.3219 3.3267 0.0019
3.3311 3.3219 3.3267 0.0019
3.3311 3.3219 3.3267 0.0019
3.3311 3.3219 3.3267 0.0019
3.3311 3.3219 3.3267 0.0019
3.3311 3.3219 3.3267 0.0019
3.3311 3.3219 3.3267 0.0019
3.3311 3.3219 3.3267 0.0019
3.3311 3.3219 3.3267 0.0019
3.3311 3.3219 3.3267 0.0019
3.3311 3.3219 3.3267 0.0019
3.3311 3.3219 3.3267 0.0019
3.3311 3.3219 3.3267 0.0019
3.3311 3.3219 3.3267 0.0019
3.3311 3.3219 3.3267 0.0019
3.3311 3.3219 3.3267 0.0019
3.3311 3.3219 3.3267 0.0020
3.3311 3.3219 3.3267 0.0020
3.3311 3.3219 3.3267 0.0020
3.3311 3.3219 3.3267 0.0020
3.3311 3.3219 3.3267 0.0020
3.3311 3.3219 3.3267 0.0020
3.3311 3.3219 3.3267 0.0020
3.3311 3.3219 3.3268 0.0020
3.3311 3.3219 3.3268 0.0020
3.3311 3.3219 3.3268 0.0020
3.3311 3.3219 3.3268 0.0020
3.3311 3.3219 3.3268 0.0020
3.3311 3.3219 3.3268 0.0020
3.3311 3.3219 3.3268 0.0020
3.3311 3.3219 3.3268 0.0020
3.3311 3.3219 3.3268 0.0020
3.3311 3.3219 3.3268 0.0020
3.3311 3.3219 3.3268 0.0020
3.3311 3.3219 3.3268 0.0020
3.3311 3.3219 3.3268 0.0020
3.3311 3.3219 3.3268 0.0020
3.3311 3.3219 3.3268 0.0019
3.3311 3.3219 3.3268 0.0020
3.3311 3.3219 3.3268 0.0020
3.3311 3.3219 3.3268 0.0020
3.3311 3.3219 3.3268 0.0020
3.3311 3.3219 3.3268 0.0020
3.3311 3.3219 3.3268 0.0020
3.3311 3.3219 3.3269 0.0020
3.3311 3.3219 3.3269 0.0020
3.3311 3.3219 3.3269 0.0020
3.3311 3.3219 3.3269 0.0020
3.3311 3.3219 3.3269 0.0020
3.3311 3.3219 3.3269 0.0020
3.3311 3.3219 3.3269 0.0020
3.3311 3.3219 3.3269 0.0020
3.3311 3.3219 3.3269 0.0020
3.3311 3.3219 3.3269 0.0020
3.3311 3.3219 3.3269 0.0020
3.3311 3.3219 3.3269 0.0020
3.3311 3.3219 3.3269 0.0020
3.3311 3.3219 3.3269 0.0020
3.3311 3.3219 3.3269 0.0020
3.3311 3.3219 3.3269 0.0020
3.3311 3.3219 3.3269 0.0020
3.3311 3.3219 3.3269 0.0020
3.3311 3.3219 3.3269 0.0020
3.3311 3.3219 3.3269 0.0020
3.3311 3.3219 3.3270 0.0020
3.3311 3.3219 3.3270 0.0020
3.3311 3.3219 3.3270 0.0020
3.3311 3.3219 3.3270 0.0020
3.3311 3.3219 3.3270 0.0020
3.3311 3.3219 3.3270 0.0020
3.3311 3.3219 3.3270 0.0020
3.3311 3.3219 3.3270 0.0020
3.3311 3.3219 3.3270 0.0020
3.3311 3.3219 3.3270 0.0020
3.3311 3.3219 3.3270 0.0020
3.3311 3.3219 3.3270 0.0020
3.3311 3.3219 3.3270 0.0020
3.3311 3.3219 3.3270 0.0020
3.3311 3.3219 3.3270 0.0020
3.3311 3.3219 3.3270 0.0020
3.3311 3.3219 3.3271 0.0020
3.3311 3.3219 3.3271 0.0020
3.3311 3.3219 3.3271 0.0020
3.3311 3.3219 3.3271 0.0020
3.3311 3.3219 3.3271 0.0020
3.3311 3.3219 3.3271 0.0020
3.3311 3.3219 3.3271 0.0020
3.3311 3.3219 3.3271 0.0020
3.3311 3.3219 3.3271 0.0020
3.3311 3.3219 3.3271 0.0020
3.3311 3.3219 3.3271 0.0020
3.3311 3.3219 3.3271 0.0020
3.3311 3.3219 3.3271 0.0020
3.3311 3.3219 3.3271 0.0020
3.3311 3.3219 3.3271 0.0020
3.3311 3.3219 3.3271 0.0020
3.3311 3.3219 3.3271 0.0020
3.3311 3.3219 3.3271 0.0020
3.3311 3.3219 3.3271 0.0020
3.3311 3.3219 3.3271 0.0020
3.3311 3.3219 3.3271 0.0020
3.3311 3.3219 3.3271 0.0020
3.3311 3.3219 3.3271 0.0020
3.3311 3.3219 3.3271 0.0020
3.3311 3.3219 3.3271 0.0020
3.3311 3.3219 3.3271 0.0020
3.3311 3.3219 3.3271 0.0020
3.3311 3.3219 3.3271 0.0020
3.3311 3.3219 3.3271 0.0020
3.3311 3.3219 3.3271 0.0020
3.3311 3.3219 3.3271 0.0020
3.3311 3.3219 3.3272 0.0020
3.3311 3.3219 3.3272 0.0020
3.3311 3.3219 3.3272 0.0020
3.3311 3.3219 3.3272 0.0020
3.3311 3.3219 3.3272 0.0020
3.3311 3.3219 3.3272 0.0020
3.3311 3.3219 3.3272 0.0020
3.3311 3.3219 3.3272 0.0020
3.3311 3.3219 3.3272 0.0020
3.3311 3.3219 3.3272 0.0020
3.3311 3.3219 3.3272 0.0020
3.3311 3.3219 3.3272 0.0020
3.3311 3.3219 3.3272 0.0020
3.3311 3.3219 3.3272 0.0020
3.3311 3.3219 3.3272 0.0020
3.3311 3.3219 3.3272 0.0020
3.3311 3.3219 3.3272 0.0020
3.3311 3.3219 3.3272 0.0020
3.3311 3.3219 3.3272 0.0020
3.3311 3.3219 3.3272 0.0020
3.3311 3.3219 3.3272 0.0020
3.3311 3.3219 3.3272 0.0020
3.3311 3.3219 3.3272 0.0020
3.3311 3.3219 3.3272 0.0020
3.3311 3.3219 3.3272 0.0020
3.3311 3.3219 3.3272 0.0020
3.3311 3.3219 3.3272 0.0020
3.3311 3.3219 3.3272 0.0020
3.3311 3.3219 3.3272 0.0020
3.3311 3.3219 3.3272 0.0020
3.3311 3.3219 3.3272 0.0020
3.3311 3.3219 3.3272 0.0020
3.3311 3.3219 3.3272 0.0020
3.3311 3.3219 3.3272 0.0020
3.3311 3.3219 3.3272 0.0020
3.3311 3.3219 3.3272 0.0020
3.3311 3.3219 3.3272 0.0020
3.3311 3.3219 3.3272 0.0020
3.3311 3.3219 3.3272 0.0020
3.3311 3.3219 3.3272 0.0020
3.3311 3.3219 3.3273 0.0020
3.3311 3.3219 3.3273 0.0020
3.3311 3.3219 3.3273 0.0020
3.3311 3.3219 3.3273 0.0020
3.3311 3.3219 3.3273 0.0020
3.3311 3.3219 3.3273 0.0020
3.3311 3.3219 3.3273 0.0020
3.3311 3.3219 3.3273 0.0020
3.3311 3.3219 3.3273 0.0020
3.3311 3.3219 3.3273 0.0020
3.3311 3.3219 3.3273 0.0020
3.3311 3.3219 3.3273 0.0020
3.3311 3.3219 3.3273 0.0020
3.3311 3.3219 3.3273 0.0020
3.3311 3.3219 3.3273 0.0020
3.3311 3.3219 3.3273 0.0020
3.3311 3.3219 3.3273 0.0020
3.3311 3.3219 3.3273 0.0020
3.3311 3.3219 3.3273 0.0020
3.3311 3.3219 3.3273 0.0020
3.3311 3.3219 3.3273 0.0020
3.3311 3.3219 3.3273 0.0020
3.3311 3.3219 3.3273 0.0020
3.3311 3.3219 3.3273 0.0020
3.3311 3.3219 3.3273 0.0020
3.3311 3.3219 3.3273 0.0020
3.3311 3.3219 3.3273 0.0020
3.3311 3.3219 3.3273 0.0020
3.3311 3.3219 3.3273 0.0020
3.3311 3.3219 3.3273 0.0020
3.3311 3.3219 3.3273 0.0020
3.3324 3.3219 3.3274 0.0021
3.3324 3.3219 3.3274 0.0021
3.3324 3.3219 3.3274 0.0021
3.3324 3.3219 3.3274 0.0021
3.3324 3.3219 3.3274 0.0021
3.3324 3.3219 3.3274 0.0021
3.3324 3.3219 3.3274 0.0021
3.3324 3.3219 3.3274 0.0021
3.3324 3.3219 3.3274 0.0021
3.3324 3.3219 3.3274 0.0021
3.3324 3.3219 3.3274 0.0021
3.3324 3.3219 3.3274 0.0021
3.3324 3.3219 3.3274 0.0021
3.3324 3.3219 3.3274 0.0021
3.3324 3.3219 3.3274 0.0021
3.3324 3.3219 3.3274 0.0021
3.3324 3.3219 3.3274 0.0021
3.3324 3.3219 3.3274 0.0021
3.3324 3.3219 3.3274 0.0021
3.3324 3.3219 3.3274 0.0021
3.3324 3.3219 3.3274 0.0021
3.3324 3.3219 3.3275 0.0020
3.3324 3.3219 3.3275 0.0020
3.3324 3.3219 3.3275 0.0020
3.3324 3.3219 3.3275 0.0020
3.3324 3.3219 3.3275 0.0020
3.3324 3.3219 3.3275 0.0020
3.3324 3.3219 3.3275 0.0020
3.3324 3.3219 3.3275 0.0020
3.3324 3.3219 3.3275 0.0020
3.3324 3.3219 3.3275 0.0020
3.3324 3.3219 3.3275 0.0020
3.3324 3.3219 3.3275 0.0020
3.3324 3.3219 3.3275 0.0020
3.3324 3.3219 3.3275 0.0020
3.3324 3.3219 3.3275 0.0020
3.3324 3.3219 3.3275 0.0020
3.3324 3.3219 3.3275 0.0020
3.3324 3.3219 3.3275 0.0020
3.3324 3.3219 3.3275 0.0020
3.3324 3.3219 3.3275 0.0020
3.3324 3.3219 3.3275 0.0020
3.3324 3.3219 3.3275 0.0020
3.3324 3.3219 3.3275 0.0020
3.3324 3.3219 3.3275 0.0020
3.3324 3.3219 3.3275 0.0020
3.3324 3.3219 3.3275 0.0020
3.3324 3.3219 3.3275 0.0020
3.3324 3.3219 3.3275 0.0020
3.3324 3.3219 3.3275 0.0020
3.3324 3.3219 3.3275 0.0020
3.3324 3.3219 3.3275 0.0020
3.3324 3.3219 3.3275 0.0020
3.3324 3.3219 3.3275 0.0020
3.3324 3.3219 3.3275 0.0020
3.3324 3.3219 3.3275 0.0020
3.3324 3.3219 3.3275 0.0020
3.3324 3.3219 3.3275 0.0020
3.3324 3.3219 3.3275 0.0020
3.3324 3.3219 3.3275 0.0020
3.3324 3.3219 3.3275 0.0020
3.3324 3.3219 3.3275 0.0020
3.3324 3.3219 3.3275 0.0020
3.3324 3.3219 3.3275 0.0020
3.3324 3.3219 3.3275 0.0020
3.3324 3.3219 3.3276 0.0020
3.3324 3.3219 3.3276 0.0020
3.3324 3.3219 3.3276 0.0020
3.3324 3.3219 3.3276 0.0020
3.3324 3.3219 3.3276 0.0020
3.3324 3.3219 3.3276 0.0020
3.3324 3.3219 3.3276 0.0020
3.3324 3.3219 3.3276 0.0020
3.3324 3.3219 3.3276 0.0020
3.3324 3.3219 3.3276 0.0020
3.3324 3.3219 3.3276 0.0020
3.3324 3.3219 3.3276 0.0020
3.3324 3.3219 3.3276 0.0020
3.3324 3.3219 3.3276 0.0020
3.3324 3.3219 3.3276 0.0020
3.3324 3.3219 3.3276 0.0020
3.3324 3.3219 3.3276 0.0020
3.3324 3.3219 3.3276 0.0020
3.3324 3.3219 3.3276 0.0020
3.3324 3.3219 3.3276 0.0020
3.3324 3.3219 3.3276 0.0020
3.3324 3.3219 3.3276 0.0020
3.3324 3.3219 3.3276 0.0020
3.3324 3.3219 3.3276 0.0020
3.3324 3.3219 3.3276 0.0020
3.3324 3.3219 3.3276 0.0020
3.3324 3.3219 3.3276 0.0020
3.3324 3.3219 3.3276 0.0020
3.3324 3.3219 3.3276 0.0020
3.3324 3.3219 3.3276 0.0020
3.3324 3.3219 3.3276 0.0020
3.3324 3.3219 3.3277 0.0020
3.3324 3.3219 3.3277 0.0020
3.3324 3.3219 3.3277 0.0020
3.3324 3.3219 3.3277 0.0020
3.3324 3.3219 3.3277 0.0020
3.3324 3.3219 3.3277 0.0020
3.3324 3.3219 3.3277 0.0020
3.3324 3.3219 3.3277 0.0020
3.3324 3.3219 3.3277 0.0020
3.3324 3.3219 3.3277 0.0020
3.3324 3.3219 3.3277 0.0020
3.3324 3.3219 3.3277 0.0020
3.3324 3.3219 3.3277 0.0020
3.3324 3.3219 3.3277 0.0020
3.3324 3.3219 3.3277 0.0020
3.3324 3.3219 3.3277 0.0020
3.3324 3.3219 3.3277 0.0020
3.3324 3.3219 3.3277 0.0020
3.3324 3.3219 3.3277 0.0020
3.3324 3.3219 3.3277 0.0020
3.3324 3.3219 3.3277 0.0020
3.3324 3.3219 3.3277 0.0020
3.3324 3.3219 3.3277 0.0020
3.3324 3.3219 3.3277 0.0020
3.3324 3.3219 3.3277 0.0020
3.3324 3.3219 3.3277 0.0020
3.3324 3.3219 3.3277 0.0020
3.3324 3.3219 3.3277 0.0020
3.3324 3.3219 3.3277 0.0020
3.3324 3.3219 3.3278 0.0020
3.3324 3.3219 3.3278 0.0020
3.3324 3.3219 3.3278 0.0020
3.3324 3.3219 3.3278 0.0020
3.3324 3.3219 3.3278 0.0020
3.3324 3.3219 3.3278 0.0020
3.3324 3.3219 3.3278 0.0020
3.3324 3.3219 3.3278 0.0020
3.3324 3.3219 3.3278 0.0020
3.3324 3.3219 3.3278 0.0020
3.3324 3.3219 3.3278 0.0020
3.3324 3.3219 3.3278 0.0020
3.3324 3.3219 3.3278 0.0020
3.3324 3.3219 3.3278 0.0020
3.3324 3.3219 3.3278 0.0020
3.3324 3.3219 3.3278 0.0020
3.3324 3.3219 3.3278 0.0020
3.3324 3.3219 3.3278 0.0020
3.3324 3.3219 3.3278 0.0020
3.3324 3.3219 3.3278 0.0020
3.3324 3.3219 3.3278 0.0020
3.3324 3.3219 3.3278 0.0020
3.3324 3.3219 3.3278 0.0020
3.3324 3.3219 3.3278 0.0020
3.3324 3.3219 3.3278 0.0020
3.3324 3.3219 3.3278 0.0020
3.3324 3.3219 3.3278 0.0020
3.3324 3.3219 3.3278 0.0020
3.3324 3.3219 3.3278 0.0020
3.3324 3.3219 3.3278 0.0020
3.3324 3.3219 3.3278 0.0020
3.3324 3.3219 3.3278 0.0020
3.3324 3.3219 3.3278 0.0020
3.3324 3.3219 3.3278 0.0020
3.3324 3.3219 3.3278 0.0020
3.3324 3.3219 3.3278 0.0020
3.3324 3.3219 3.3279 0.0020
3.3324 3.3219 3.3279 0.0020
3.3324 3.3219 3.3279 0.0021
3.3324 3.3219 3.3280 0.0021
3.3324 3.3219 3.3280 0.0021
3.3324 3.3219 3.3280 0.0021
3.3324 3.3219 3.3280 0.0021
3.3324 3.3219 3.3280 0.0021
3.3324 3.3219 3.3280 0.0021
3.3324 3.3219 3.3280 0.0021
3.3324 3.3219 3.3280 0.0021
3.3324 3.3219 3.3280 0.0021
3.3324 3.3219 3.3280 0.0021
3.3324 3.3219 3.3280 0.0021
3.3324 3.3219 3.3280 0.0022
3.3324 3.3219 3.3280 0.0022
3.3324 3.3219 3.3280 0.0022
3.3324 3.3219 3.3280 0.0022
3.3324 3.3219 3.3280 0.0022
3.3324 3.3219 3.3280 0.0022
3.3324 3.3219 3.3280 0.0022
3.3324 3.3219 3.3280 0.0022
3.3324 3.3219 3.3280 0.0022
3.3324 3.3219 3.3280 0.0022
3.3324 3.3219 3.3280 0.0022
3.3324 3.3219 3.3280 0.0022
3.3324 3.3219 3.3280 0.0022
3.3324 3.3219 3.3280 0.0022
3.3324 3.3219 3.3280 0.0022
3.3324 3.3219 3.3280 0.0022
3.3324 3.3219 3.3280 0.0022
3.3324 3.3219 3.3280 0.0022
3.3324 3.3219 3.3280 0.0022
3.3324 3.3219 3.3280 0.0022
3.3324 3.3219 3.3281 0.0022
3.3324 3.3219 3.3281 0.0022
3.3324 3.3219 3.3281 0.0022
3.3324 3.3219 3.3281 0.0021
3.3324 3.3219 3.3281 0.0021
3.3324 3.3219 3.3282 0.0021
3.3324 3.3219 3.3282 0.0021
3.3324 3.3219 3.3282 0.0021
3.3324 3.3219 3.3282 0.0021
3.3324 3.3219 3.3282 0.0021
3.3324 3.3219 3.3282 0.0021
3.3324 3.3219 3.3282 0.0021
3.3324 3.3219 3.3282 0.0021
3.3324 3.3219 3.3282 0.0021
3.3324 3.3219 3.3282 0.0021
3.3324 3.3219 3.3282 0.0021
3.3324 3.3219 3.3282 0.0021
3.3324 3.3219 3.3282 0.0021
3.3324 3.3219 3.3282 0.0021
3.3324 3.3219 3.3282 0.0021
3.3324 3.3219 3.3282 0.0021
3.3324 3.3219 3.3282 0.0021
3.3324 3.3219 3.3282 0.0021
3.3324 3.3219 3.3282 0.0021
3.3324 3.3219 3.3282 0.0021
3.3324 3.3219 3.3282 0.0021
3.3324 3.3219 3.3282 0.0021
3.3324 3.3219 3.3282 0.0021
3.3324 3.3219 3.3282 0.0021
3.3324 3.3219 3.3282 0.0021
3.3324 3.3219 3.3282 0.0021
3.3324 3.3219 3.3282 0.0021
3.3335 3.3219 3.3283 0.0021
3.3335 3.3219 3.3283 0.0021
3.3335 3.3219 3.3283 0.0021
3.3335 3.3219 3.3283 0.0021
3.3335 3.3219 3.3283 0.0021
3.3335 3.3219 3.3283 0.0020
3.3335 3.3219 3.3283 0.0020
3.3335 3.3219 3.3283 0.0020
3.3335 3.3219 3.3283 0.0020
3.3335 3.3219 3.3283 0.0020
3.3335 3.3219 3.3283 0.0020
3.3335 3.3219 3.3283 0.0020
3.3335 3.3219 3.3283 0.0020
3.3335 3.3219 3.3283 0.0020
3.3335 3.3219 3.3283 0.0020
3.3335 3.3219 3.3283 0.0020
3.3335 3.3219 3.3283 0.0020
3.3335 3.3219 3.3283 0.0020
3.3335 3.3219 3.3283 0.0020
3.3335 3.3219 3.3283 0.0020
3.3335 3.3219 3.3283 0.0020
3.3335 3.3219 3.3283 0.0020
3.3335 3.3219 3.3283 0.0020
3.3335 3.3219 3.3283 0.0020
3.3335 3.3219 3.3283 0.0020
3.3335 3.3219 3.3283 0.0020
3.3335 3.3219 3.3283 0.0020
3.3335 3.3219 3.3283 0.0020
3.3335 3.3219 3.3283 0.0020
3.3335 3.3219 3.3283 0.0020
3.3335 3.3219 3.3283 0.0020
3.3335 3.3219 3.3283 0.0020
3.3335 3.3219 3.3283 0.0020
3.3335 3.3219 3.3283 0.0020
3.3335 3.3219 3.3283 0.0020
3.3335 3.3219 3.3284 0.0020
3.3335 3.3219 3.3284 0.0020
3.3335 3.3219 3.3284 0.0020
3.3335 3.3219 3.3284 0.0020
3.3335 3.3219 3.3284 0.0020
3.3335 3.3219 3.3284 0.0020
3.3335 3.3219 3.3284 0.0020
3.3335 3.3219 3.3284 0.0020
3.3335 3.3219 3.3284 0.0020
3.3335 3.3219 3.3284 0.0020
3.3335 3.3219 3.3284 0.0020
3.3335 3.3219 3.3284 0.0020
3.3335 3.3219 3.3284 0.0020
3.3335 3.3219 3.3284 0.0020
3.3335 3.3219 3.3284 0.0020
3.3335 3.3219 3.3284 0.0020
3.3335 3.3219 3.3284 0.0020
3.3335 3.3219 3.3284 0.0020
3.3335 3.3219 3.3284 0.0020
3.3335 3.3219 3.3284 0.0020
3.3335 3.3219 3.3284 0.0020
3.3335 3.3219 3.3284 0.0020
3.3335 3.3219 3.3284 0.0020
3.3335 3.3219 3.3284 0.0020
3.3335 3.3219 3.3285 0.0020
3.3335 3.3219 3.3285 0.0020
3.3335 3.3219 3.3285 0.0020
3.3335 3.3219 3.3285 0.0020
3.3335 3.3219 3.3285 0.0020
3.3335 3.3219 3.3285 0.0021
3.3335 3.3219 3.3285 0.0021
3.3335 3.3219 3.3285 0.0021
3.3335 3.3219 3.3285 0.0021
3.3335 3.3219 3.3285 0.0021
3.3335 3.3219 3.3285 0.0021
3.3335 3.3219 3.3285 0.0021
3.3335 3.3219 3.3286 0.0021
3.3335 3.3219 3.3286 0.0021
3.3335 3.3219 3.3286 0.0021
3.3335 3.3219 3.3286 0.0021
3.3335 3.3219 3.3286 0.0021
3.3335 3.3219 3.3286 0.0021
3.3335 3.3219 3.3286 0.0021
3.3335 3.3219 3.3286 0.0021
3.3335 3.3219 3.3286 0.0021
3.3335 3.3219 3.3286 0.0021
3.3335 3.3219 3.3286 0.0021
3.3335 3.3219 3.3286 0.0021
3.3335 3.3219 3.3286 0.0021
3.3335 3.3219 3.3286 0.0021
3.3335 3.3219 3.3286 0.0021
3.3335 3.3219 3.3286 0.0021
3.3335 3.3219 3.3286 0.0021
3.3335 3.3219 3.3286 0.0021
3.3335 3.3219 3.3286 0.0021
3.3335 3.3219 3.3286 0.0021
3.3335 3.3219 3.3286 0.0021
3.3335 3.3219 3.3286 0.0021
3.3335 3.3219 3.3286 0.0021
3.3335 3.3219 3.3286 0.0021
3.3335 3.3219 3.3287 0.0021
3.3335 3.3219 3.3287 0.0021
3.3335 3.3219 3.3287 0.0021
3.3335 3.3219 3.3287 0.0021
3.3335 3.3219 3.3287 0.0021
3.3335 3.3219 3.3287 0.0021
3.3335 3.3219 3.3287 0.0021
3.3335 3.3219 3.3287 0.0021
3.3335 3.3219 3.3287 0.0021
3.3335 3.3219 3.3287 0.0021
3.3335 3.3219 3.3287 0.0021
3.3335 3.3219 3.3287 0.0021
3.3335 3.3219 3.3287 0.0021
3.3335 3.3219 3.3287 0.0021
3.3335 3.3219 3.3287 0.0021
3.3335 3.3219 3.3287 0.0021
3.3335 3.3219 3.3287 0.0021
3.3335 3.3219 3.3287 0.0021
3.3335 3.3219 3.3287 0.0021
3.3335 3.3219 3.3287 0.0021
3.3335 3.3219 3.3287 0.0021
3.3335 3.3219 3.3288 0.0021
3.3335 3.3219 3.3288 0.0021
3.3335 3.3219 3.3288 0.0021
3.3335 3.3219 3.3288 0.0021
3.3335 3.3219 3.3288 0.0021
3.3335 3.3219 3.3288 0.0021
3.3335 3.3219 3.3288 0.0021
3.3335 3.3219 3.3288 0.0021
3.3335 3.3219 3.3288 0.0021
3.3335 3.3219 3.3288 0.0021
3.3335 3.3219 3.3288 0.0021
3.3335 3.3219 3.3288 0.0021
3.3335 3.3219 3.3288 0.0021
3.3335 3.3219 3.3288 0.0021
3.3335 3.3219 3.3288 0.0021
3.3335 3.3219 3.3288 0.0021
3.3335 3.3219 3.3288 0.0021
3.3335 3.3219 3.3289 0.0022
3.3335 3.3219 3.3289 0.0022
3.3335 3.3219 3.3289 0.0022
3.3335 3.3219 3.3289 0.0022
3.3335 3.3219 3.3289 0.0022
3.3335 3.3219 3.3289 0.0022
3.3335 3.3219 3.3289 0.0022
3.3335 3.3219 3.3289 0.0022
3.3335 3.3219 3.3289 0.0022
3.3335 3.3219 3.3289 0.0022
3.3335 3.3219 3.3289 0.0022
3.3335 3.3219 3.3289 0.0022
3.3335 3.3219 3.3289 0.0022
3.3335 3.3219 3.3289 0.0022
3.3335 3.3219 3.3289 0.0022
3.3335 3.3219 3.3289 0.0022
3.3335 3.3219 3.3290 0.0022
3.3335 3.3219 3.3290 0.0022
3.3335 3.3219 3.3290 0.0022
3.3335 3.3219 3.3290 0.0022
3.3335 3.3219 3.3290 0.0022
3.3335 3.3219 3.3290 0.0022
3.3335 3.3219 3.3290 0.0022
3.3335 3.3219 3.3290 0.0022
3.3335 3.3219 3.3290 0.0022
3.3335 3.3219 3.3290 0.0022
3.3335 3.3219 3.3290 0.0022
3.3335 3.3219 3.3290 0.0022
3.3335 3.3219 3.3290 0.0022
3.3335 3.3219 3.3290 0.0022
3.3335 3.3219 3.3290 0.0022
3.3335 3.3219 3.3290 0.0022
3.3335 3.3219 3.3290 0.0022
3.3335 3.3219 3.3290 0.0022
3.3335 3.3219 3.3290 0.0022
3.3335 3.3219 3.3290 0.0022
3.3335 3.3219 3.3290 0.0022
3.3335 3.3219 3.3290 0.0022
3.3335 3.3219 3.3290 0.0022
3.3335 3.3219 3.3291 0.0022
3.3335 3.3219 3.3291 0.0022
3.3335 3.3219 3.3291 0.0022
3.3335 3.3219 3.3291 0.0022
3.3335 3.3219 3.3291 0.0022
3.3335 3.3219 3.3291 0.0022
3.3335 3.3219 3.3291 0.0022
3.3335 3.3219 3.3291 0.0022
3.3335 3.3219 3.3291 0.0022
3.3335 3.3219 3.3291 0.0022
3.3335 3.3219 3.3291 0.0022
3.3335 3.3219 3.3291 0.0022
3.3335 3.3219 3.3291 0.0022
3.3335 3.3219 3.3291 0.0022
3.3335 3.3219 3.3292 0.0022
3.3335 3.3219 3.3292 0.0022
3.3335 3.3219 3.3292 0.0022
3.3335 3.3219 3.3292 0.0022
3.3335 3.3219 3.3292 0.0022
3.3335 3.3219 3.3292 0.0022
3.3335 3.3219 3.3292 0.0022
3.3335 3.3219 3.3292 0.0022
3.3335 3.3219 3.3292 0.0022
3.3335 3.3219 3.3292 0.0022
3.3335 3.3219 3.3293 0.0022
3.3335 3.3219 3.3293 0.0022
3.3335 3.3219 3.3293 0.0022
3.3335 3.3219 3.3293 0.0022
3.3335 3.3219 3.3293 0.0022
3.3335 3.3219 3.3293 0.0022
3.3335 3.3219 3.3293 0.0022
3.3335 3.3219 3.3293 0.0022
3.3335 3.3219 3.3293 0.0022
3.3335 3.3219 3.3293 0.0022
3.3335 3.3219 3.3293 0.0022
3.3335 3.3219 3.3293 0.0022
3.3335 3.3219 3.3293 0.0022
3.3335 3.3219 3.3293 0.0022
3.3335 3.3219 3.3293 0.0022
3.3335 3.3219 3.3293 0.0022
3.3335 3.3219 3.3293 0.0022
3.3335 3.3219 3.3293 0.0022
3.3335 3.3219 3.3293 0.0022
3.3335 3.3219 3.3293 0.0022
3.3335 3.3219 3.3293 0.0022
3.3335 3.3219 3.3294 0.0022
3.3335 3.3219 3.3294 0.0022
3.3335 3.3219 3.3294 0.0022
3.3335 3.3219 3.3294 0.0022
3.3335 3.3219 3.3294 0.0022
3.3335 3.3219 3.3294 0.0022
3.3335 3.3219 3.3294 0.0022
3.3335 3.3219 3.3294 0.0022
3.3335 3.3219 3.3294 0.0022
3.3335 3.3219 3.3294 0.0022
3.3335 3.3219 3.3294 0.0022
3.3349 3.3219 3.3294 0.0023
3.3349 3.3219 3.3294 0.0023
3.3349 3.3219 3.3294 0.0023
3.3349 3.3219 3.3294 0.0023
3.3349 3.3219 3.3294 0.0023
3.3349 3.3219 3.3294 0.0023
3.3349 3.3219 3.3294 0.0023
3.3349 3.3219 3.3295 0.0023
3.3349 3.3219 3.3295 0.0023
3.3349 3.3219 3.3295 0.0023
3.3349 3.3219 3.3295 0.0023
3.3349 3.3219 3.3295 0.0023
3.3349 3.3219 3.3296 0.0023
3.3349 3.3219 3.3296 0.0023
3.3349 3.3219 3.3296 0.0023
3.3349 3.3219 3.3296 0.0023
3.3349 3.3219 3.3296 0.0023
3.3349 3.3219 3.3296 0.0023
3.3349 3.3219 3.3296 0.0023
3.3349 3.3219 3.3296 0.0023
3.3349 3.3219 3.3297 0.0023
3.3349 3.3219 3.3297 0.0023
3.3349 3.3219 3.3297 0.0023
3.3349 3.3219 3.3297 0.0023
3.3349 3.3219 3.3297 0.0023
3.3349 3.3219 3.3297 0.0023
3.3349 3.3219 3.3297 0.0023
3.3349 3.3219 3.3297 0.0023
3.3349 3.3219 3.3297 0.0023
3.3349 3.3219 3.3297 0.0023
3.3349 3.3219 3.3297 0.0023
3.3349 3.3219 3.3297 0.0023
3.3349 3.3219 3.3297 0.0023
3.3349 3.3219 3.3297 0.0023
3.3349 3.3219 3.3297 0.0023
