0.3135 0.0071 0.0288 0.0467
0.3135 0.0071 0.0307 0.0481
0.3135 0.0071 0.0307 0.0481
0.3135 0.0071 0.0312 0.0487
0.4866 0.0071 0.0360 0.0664
0.4866 0.0071 0.0366 0.0665
0.4866 0.0071 0.0390 0.0680
0.4866 0.0071 0.0448 0.0768
0.4866 0.0071 0.0499 0.0844
0.4866 0.0071 0.0509 0.0842
0.4866 0.0071 0.0526 0.0850
0.4866 0.0071 0.0526 0.0850
1.2854 0.0071 0.0782 0.1922
1.2854 0.0071 0.0788 0.1920
1.2854 0.0071 0.0801 0.1918
1.2854 0.0071 0.0831 0.1923
1.2854 0.0071 0.0831 0.1923
1.2854 0.0071 0.0831 0.1923
1.2854 0.0071 0.0840 0.1921
1.2854 0.0071 0.0870 0.1934
1.2854 0.0071 0.0894 0.1941
1.2854 0.0071 0.0996 0.2178
1.2854 0.0071 0.0996 0.2178
1.2854 0.0071 0.1026 0.2184
1.2854 0.0071 0.1126 0.2428
1.2854 0.0071 0.1138 0.2424
1.2854 0.0071 0.1157 0.2428
1.2854 0.0071 0.1170 0.2424
1.2854 0.0071 0.1199 0.2428
1.2854 0.0071 0.1245 0.2428
1.2854 0.0071 0.1306 0.2477
1.2854 0.0071 0.1328 0.2476
1.2854 0.0071 0.1370 0.2500
1.2854 0.0071 0.1370 0.2500
1.2854 0.0071 0.1382 0.2495
1.2854 0.0071 0.1436 0.2505
1.2854 0.0071 0.1449 0.2500
1.2854 0.0071 0.1558 0.2670
1.2854 0.0071 0.1675 0.2766
1.2854 0.0071 0.1681 0.2764
1.2854 0.0071 0.1878 0.3058
1.2854 0.0071 0.1894 0.3053
1.2854 0.0071 0.1894 0.3053
1.2854 0.0071 0.1915 0.3048
1.2854 0.0071 0.1921 0.3045
1.2854 0.0071 0.1931 0.3077
1.2854 0.0071 0.1931 0.3077
2.1736 0.0071 0.2141 0.3651
2.1736 0.0071 0.2172 0.3646
2.1736 0.0071 0.2243 0.3803
2.1736 0.0071 0.2264 0.3799
2.1736 0.0071 0.2335 0.3845
2.1736 0.0071 0.2359 0.3838
2.1736 0.0071 0.2440 0.3866
2.1736 0.0071 0.2441 0.3866
2.1736 0.0071 0.2464 0.3862
2.1736 0.0071 0.2471 0.3858
2.1736 0.0071 0.2471 0.3858
2.1736 0.0071 0.2471 0.3858
2.1736 0.0071 0.2563 0.3946
2.1736 0.0071 0.2563 0.3946
2.1736 0.0071 0.2671 0.4026
2.1736 0.0071 0.2672 0.4026
2.1736 0.0071 0.2834 0.4265
2.1736 0.0071 0.2856 0.4256
2.1736 0.0071 0.2988 0.4331
2.1736 0.0071 0.3040 0.4328
2.1736 0.0071 0.3167 0.4360
2.1736 0.0071 0.3195 0.4349
2.1736 0.0071 0.3202 0.4345
2.1736 0.0071 0.3269 0.4358
2.1736 0.0071 0.3425 0.4453
2.1736 0.0071 0.3485 0.4471
2.1736 0.0071 0.3588 0.4510
2.1736 0.0071 0.3596 0.4505
2.1736 0.0071 0.3603 0.4501
2.1736 0.0071 0.3637 0.4483
2.1736 0.0071 0.3637 0.4483
2.1736 0.0071 0.3637 0.4483
2.1736 0.0071 0.3735 0.4526
2.1736 0.0071 0.3995 0.4859
2.1736 0.0071 0.4016 0.4847
2.1736 0.0071 0.4016 0.4847
2.1736 0.0071 0.4098 0.4886
2.1736 0.0071 0.4131 0.4878
2.1736 0.0071 0.4303 0.4967
2.1736 0.0071 0.4303 0.4967
2.1736 0.0071 0.4361 0.4985
2.1736 0.0071 0.4361 0.4985
2.1736 0.0071 0.4361 0.4985
2.1736 0.0071 0.4397 0.5021
2.1736 0.0071 0.4397 0.5021
2.1736 0.0071 0.4486 0.5060
2.1736 0.0071 0.4554 0.5055
2.1736 0.0071 0.4707 0.5168
2.1736 0.0071 0.4707 0.5168
2.1736 0.0071 0.4761 0.5238
2.1736 0.0071 0.4854 0.5248
2.1736 0.0071 0.4880 0.5234
2.1736 0.0071 0.4961 0.5265
2.1736 0.0071 0.4983 0.5252
2.1736 0.0071 0.4985 0.5250
2.1736 0.0071 0.5018 0.5246
2.1736 0.0071 0.5020 0.5244
2.1736 0.0071 0.5032 0.5233
2.1736 0.0071 0.5349 0.5532
2.1736 0.0071 0.5373 0.5517
2.1736 0.0071 0.5512 0.5748
2.1736 0.0071 0.5519 0.5743
2.1736 0.0071 0.5646 0.5762
2.1736 0.0071 0.5675 0.5742
2.1736 0.0071 0.5703 0.5736
2.1736 0.0071 0.5769 0.5708
2.1736 0.0071 0.5779 0.5703
2.1736 0.0071 0.5779 0.5703
2.1736 0.0071 0.5791 0.5708
2.1736 0.0071 0.5819 0.5689
2.1736 0.0071 0.5940 0.5709
2.1736 0.0071 0.5951 0.5710
2.1736 0.0071 0.6040 0.5721
2.1736 0.0071 0.6057 0.5706
2.1736 0.0071 0.6067 0.5697
2.1736 0.0071 0.6071 0.5693
2.1736 0.0071 0.6087 0.5682
2.1736 0.0071 0.6110 0.5665
2.1736 0.0071 0.6117 0.5661
2.1736 0.0071 0.6196 0.5712
2.1736 0.0071 0.6356 0.5780
2.1736 0.0071 0.6381 0.5795
2.1736 0.0071 0.6445 0.5789
2.1736 0.0071 0.6520 0.5793
2.1736 0.0071 0.6619 0.5816
2.1736 0.0071 0.6692 0.5780
2.1736 0.0071 0.6696 0.5775
2.1736 0.0071 0.6774 0.5782
2.1736 0.0071 0.6877 0.5798
2.1736 0.0071 0.6968 0.5789
2.1736 0.0071 0.7058 0.5783
2.1736 0.0071 0.7128 0.5767
2.1736 0.0071 0.7163 0.5800
2.1736 0.0071 0.7172 0.5793
2.1736 0.0071 0.7172 0.5793
2.1736 0.0071 0.7205 0.5824
2.1736 0.0071 0.7540 0.5905
2.1736 0.0071 0.7548 0.5896
2.1736 0.0071 0.7617 0.5889
2.1736 0.0071 0.7617 0.5889
2.1736 0.0071 0.7754 0.5949
2.1736 0.0071 0.7812 0.5912
2.1736 0.0071 0.7915 0.5879
2.1736 0.0071 0.7918 0.5881
2.1736 0.0071 0.7940 0.5857
2.1736 0.0071 0.7963 0.5872
2.1736 0.0071 0.8192 0.5942
2.1736 0.0071 0.8192 0.5942
2.1736 0.0071 0.8282 0.5930
2.1736 0.0071 0.8282 0.5930
2.1736 0.0071 0.8288 0.5922
2.1736 0.0071 0.8363 0.5896
2.1736 0.0071 0.8371 0.5904
2.1736 0.0071 0.8529 0.5909
2.1736 0.0071 0.8640 0.5854
2.1736 0.0071 0.8681 0.5885
2.1736 0.0071 0.8692 0.5890
2.1736 0.0071 0.8759 0.5836
2.1736 0.0071 0.8759 0.5836
2.1736 0.0071 0.8782 0.5862
2.1736 0.0071 0.9099 0.6028
2.1736 0.0071 0.9099 0.6028
2.1736 0.0071 0.9099 0.6028
2.1736 0.0071 0.9167 0.5999
2.1736 0.0071 0.9215 0.6034
2.1736 0.0071 0.9256 0.6071
2.1736 0.0071 0.9391 0.6030
2.1736 0.0071 0.9391 0.6030
2.1736 0.0071 0.9391 0.6030
2.1736 0.0071 0.9391 0.6030
2.1736 0.0071 0.9440 0.5982
2.1736 0.0071 0.9515 0.5914
2.1736 0.0071 0.9575 0.5961
2.1736 0.0071 0.9649 0.5888
2.1736 0.0071 0.9815 0.5851
2.1736 0.0071 0.9918 0.5780
2.1736 0.0071 0.9918 0.5780
2.1736 0.0071 0.9918 0.5780
2.1736 0.0071 0.9918 0.5780
2.1736 0.0071 0.9918 0.5780
2.1736 0.0071 1.0029 0.5755
2.1736 0.0071 1.0082 0.5693
2.1736 0.0071 1.0236 0.5706
2.1736 0.0071 1.0304 0.5633
2.1736 0.0071 1.0487 0.5615
2.1736 0.0071 1.0505 0.5619
2.1736 0.0071 1.0547 0.5594
2.1736 0.0071 1.0579 0.5616
2.1736 0.0071 1.0702 0.5651
2.1736 0.0071 1.0702 0.5651
2.1736 0.0071 1.0863 0.5592
2.1736 0.0071 1.0930 0.5537
2.1736 0.0071 1.0951 0.5534
2.1736 0.0071 1.1018 0.5477
2.1736 0.0071 1.1042 0.5494
2.1736 0.0071 1.1149 0.5596
2.1736 0.0071 1.1199 0.5618
2.1736 0.0071 1.1208 0.5628
2.1887 0.0071 1.1334 0.5779
2.1887 0.0071 1.1334 0.5779
2.1887 0.0071 1.1503 0.5930
2.1887 0.0071 1.1504 0.5930
2.1887 0.0071 1.1546 0.5963
2.1887 0.0071 1.1560 0.5977
2.1887 0.0071 1.1633 0.5916
2.1887 0.0071 1.1643 0.5924
2.1887 0.0071 1.1651 0.5922
2.1887 0.0071 1.1651 0.5922
2.1887 0.0071 1.1790 0.5993
2.2020 0.0071 1.1802 0.6007
2.2020 0.0071 1.1802 0.6007
2.2020 0.0071 1.1815 0.5999
2.2020 0.0071 1.1863 0.6013
2.2020 0.0071 1.1863 0.6013
2.2020 0.0071 1.1871 0.6011
2.2020 0.0071 1.1949 0.6040
2.2020 0.0100 1.2070 0.5921
2.2020 0.0100 1.2139 0.5995
2.2020 0.0100 1.2163 0.5993
2.2465 0.0100 1.2168 0.6000
2.2465 0.0100 1.2225 0.5969
2.2465 0.0100 1.2305 0.6044
2.2465 0.0100 1.2355 0.6055
2.2465 0.0100 1.2427 0.5985
2.2465 0.0100 1.2427 0.5985
2.2465 0.0100 1.2445 0.5984
2.2465 0.0100 1.2536 0.5893
2.3605 0.0100 1.2663 0.5993
2.3605 0.0100 1.2663 0.5993
2.3605 0.0709 1.2765 0.5863
2.3605 0.0709 1.2791 0.5845
2.3605 0.0709 1.2809 0.5837
2.3605 0.0709 1.2824 0.5848
2.3837 0.0709 1.2971 0.5979
2.3837 0.0709 1.3006 0.5977
2.3837 0.0709 1.3116 0.5968
2.3837 0.0709 1.3116 0.5968
2.3837 0.0709 1.3201 0.5851
2.3837 0.0709 1.3201 0.5851
2.3837 0.0709 1.3220 0.5864
2.3837 0.0709 1.3286 0.5922
2.3837 0.0709 1.3433 0.5856
2.3837 0.0709 1.3434 0.5856
2.3837 0.0709 1.3473 0.5839
2.3837 0.0709 1.3497 0.5864
2.3837 0.0709 1.3544 0.5835
2.3837 0.0709 1.3603 0.5850
2.3837 0.0709 1.3682 0.5743
2.3837 0.0709 1.3789 0.5726
2.3837 0.0709 1.3830 0.5645
2.3837 0.0709 1.3830 0.5645
2.3837 0.0709 1.3842 0.5641
2.3837 0.0709 1.3959 0.5487
2.3837 0.0709 1.4080 0.5527
2.3837 0.0709 1.4133 0.5540
2.3837 0.0709 1.4135 0.5542
2.3837 0.0709 1.4135 0.5542
2.3837 0.0709 1.4214 0.5542
2.3837 0.0709 1.4214 0.5542
2.3837 0.0709 1.4303 0.5559
2.3837 0.0709 1.4303 0.5559
2.3837 0.0709 1.4303 0.5559
2.3837 0.0709 1.4329 0.5584
2.3837 0.0709 1.4507 0.5501
2.3837 0.0709 1.4510 0.5497
2.3837 0.0709 1.4529 0.5481
2.3837 0.0709 1.4577 0.5472
2.3837 0.0709 1.4621 0.5486
2.3837 0.0709 1.4621 0.5486
2.3837 0.0709 1.4695 0.5404
2.3837 0.0709 1.4786 0.5410
2.3837 0.0709 1.4786 0.5410
2.3837 0.0709 1.4801 0.5415
2.3837 0.0709 1.4818 0.5404
2.3837 0.0709 1.4935 0.5425
2.3837 0.0709 1.4935 0.5425
2.3837 0.0709 1.5011 0.5416
2.3837 0.0709 1.5048 0.5410
2.3837 0.0709 1.5106 0.5411
2.3837 0.0709 1.5106 0.5411
2.3837 0.0709 1.5106 0.5411
2.3837 0.0709 1.5145 0.5447
2.3837 0.0709 1.5145 0.5447
2.3837 0.0709 1.5235 0.5420
2.3837 0.0709 1.5273 0.5391
2.3837 0.0709 1.5273 0.5391
2.3882 0.0709 1.5275 0.5395
2.3882 0.0709 1.5275 0.5395
2.3882 0.0709 1.5336 0.5458
2.3882 0.0709 1.5336 0.5458
2.3882 0.0709 1.5431 0.5403
2.3882 0.0709 1.5431 0.5403
2.3882 0.0709 1.5457 0.5415
2.3882 0.0709 1.5565 0.5415
2.3882 0.0709 1.5643 0.5432
2.3882 0.0709 1.5643 0.5432
2.3882 0.0709 1.5680 0.5454
2.3882 0.0709 1.5694 0.5459
2.3882 0.0709 1.5779 0.5435
2.3882 0.0709 1.5868 0.5296
2.3882 0.0709 1.5868 0.5296
2.3882 0.0709 1.5868 0.5296
2.3882 0.0709 1.5868 0.5296
2.3882 0.0709 1.5908 0.5326
2.3882 0.0709 1.5956 0.5371
2.3882 0.0709 1.6073 0.5416
2.3882 0.0709 1.6149 0.5390
2.3882 0.0709 1.6149 0.5390
2.3882 0.0709 1.6219 0.5435
2.3882 0.0709 1.6263 0.5415
2.3882 0.0709 1.6281 0.5424
2.3882 0.0709 1.6281 0.5424
2.3882 0.0709 1.6281 0.5424
2.3882 0.0709 1.6284 0.5427
2.3882 0.0709 1.6362 0.5397
2.3882 0.0709 1.6563 0.5267
2.3882 0.0709 1.6680 0.5229
2.3882 0.0709 1.6680 0.5229
2.3882 0.0709 1.6680 0.5229
2.3882 0.0709 1.6680 0.5229
2.3882 0.0709 1.6801 0.5225
2.3882 0.1344 1.7032 0.5015
2.3882 0.1344 1.7067 0.5044
2.3882 0.1344 1.7109 0.5070
2.3882 0.1344 1.7189 0.5051
2.3882 0.1344 1.7386 0.4874
2.3882 0.1344 1.7386 0.4874
2.3882 0.1344 1.7424 0.4894
2.3882 0.1344 1.7442 0.4909
2.3882 0.1344 1.7549 0.4884
2.3882 0.1344 1.7595 0.4910
2.3882 0.2230 1.7798 0.4647
2.3882 0.5887 1.8003 0.4401
2.3882 0.5887 1.8048 0.4425
2.4034 0.5887 1.8050 0.4427
2.4034 0.5887 1.8050 0.4427
2.4034 0.5887 1.8050 0.4427
2.4034 0.5887 1.8095 0.4455
2.4034 0.5887 1.8107 0.4466
2.4034 0.5887 1.8107 0.4466
2.4034 0.5887 1.8238 0.4393
2.4034 0.5887 1.8238 0.4393
2.4034 0.5887 1.8284 0.4415
2.4034 0.5887 1.8288 0.4418
2.4034 0.5887 1.8288 0.4418
2.5144 0.5887 1.8376 0.4460
2.5144 0.5887 1.8415 0.4474
2.5144 0.5887 1.8415 0.4474
2.5144 0.5887 1.8415 0.4474
2.5144 0.5887 1.8415 0.4474
2.5144 0.5887 1.8422 0.4475
2.5144 0.5887 1.8455 0.4508
2.5144 0.5887 1.8565 0.4505
2.5144 0.5887 1.8565 0.4505
2.5144 0.6324 1.8570 0.4493
2.5144 0.6324 1.8688 0.4478
2.5144 0.6324 1.8826 0.4424
2.5144 0.6324 1.8826 0.4424
2.5144 0.6324 1.8941 0.4404
2.5144 0.6324 1.8941 0.4404
2.5144 0.6324 1.9018 0.4392
2.5144 0.6324 1.9018 0.4392
2.5144 0.6324 1.9046 0.4412
2.5144 0.6324 1.9100 0.4410
2.5144 0.6324 1.9100 0.4410
2.5144 0.6324 1.9100 0.4410
2.5144 0.6324 1.9103 0.4411
2.5144 0.6324 1.9103 0.4411
2.5144 0.6324 1.9103 0.4411
2.5144 0.6324 1.9169 0.4430
2.5144 0.6324 1.9204 0.4438
2.5144 0.6324 1.9316 0.4404
2.5144 0.6324 1.9464 0.4261
2.5144 0.6324 1.9513 0.4283
2.5144 0.6324 1.9584 0.4276
2.5144 0.6324 1.9584 0.4276
2.5144 0.6324 1.9610 0.4275
2.5144 0.6324 1.9610 0.4275
2.5144 0.6324 1.9610 0.4275
2.5144 0.6324 1.9625 0.4286
2.5144 0.6324 1.9629 0.4288
2.5144 0.6324 1.9740 0.4231
2.5144 0.6324 1.9759 0.4245
2.5144 0.6324 1.9772 0.4254
2.5144 0.6324 1.9774 0.4252
2.5144 0.6324 1.9774 0.4252
2.5144 0.6324 1.9825 0.4265
2.5144 0.6324 1.9825 0.4265
2.5144 0.6324 1.9825 0.4265
2.5144 0.6324 1.9853 0.4280
2.5144 0.6324 1.9853 0.4280
2.5144 0.6324 1.9872 0.4288
2.5144 0.6324 1.9898 0.4302
2.5144 0.6324 1.9933 0.4239
2.5144 0.6324 2.0024 0.4184
2.5144 0.6324 2.0044 0.4197
2.5144 0.6324 2.0049 0.4200
2.5144 0.6324 2.0056 0.4204
2.5144 0.6324 2.0066 0.4214
2.5144 0.6324 2.0125 0.4138
2.5152 0.6324 2.0157 0.4164
2.5152 0.6324 2.0256 0.4006
2.5152 0.6324 2.0256 0.4006
2.5152 0.6324 2.0295 0.3966
2.5152 0.6324 2.0299 0.3970
2.5152 0.6324 2.0306 0.3976
2.5152 0.6324 2.0306 0.3976
2.5152 0.6324 2.0306 0.3976
2.5152 0.6324 2.0358 0.3981
2.5152 0.6324 2.0359 0.3982
2.5152 0.6324 2.0359 0.3982
2.5152 0.6324 2.0399 0.4005
2.5152 0.6324 2.0406 0.4008
2.5152 0.6324 2.0436 0.4016
2.5152 0.6324 2.0451 0.4027
2.5152 0.6324 2.0529 0.4017
2.5152 0.6324 2.0591 0.4032
2.5152 0.6324 2.0592 0.4033
2.5152 0.6324 2.0643 0.4033
2.5152 0.6324 2.0687 0.4049
2.5152 0.6324 2.0687 0.4049
2.5152 0.6324 2.0687 0.4049
2.5152 0.6324 2.0708 0.4030
2.5152 0.6324 2.0737 0.4039
2.5152 0.6324 2.0742 0.4042
2.5152 0.6324 2.0746 0.4044
2.5152 0.6324 2.0746 0.4045
2.5152 0.6324 2.0748 0.4046
2.5152 0.6324 2.0767 0.4042
2.5152 0.6324 2.0795 0.4052
2.5152 0.6324 2.0795 0.4052
2.5152 0.6324 2.0799 0.4054
2.5152 0.6324 2.0801 0.4054
2.5152 0.6324 2.0848 0.4027
2.5152 0.6324 2.0852 0.4030
2.5152 0.6324 2.0862 0.4037
2.5152 0.6324 2.0870 0.4041
2.5152 0.6324 2.0935 0.4026
2.5152 0.6324 2.0937 0.4028
2.5152 0.6324 2.0988 0.4023
2.5152 0.6324 2.1012 0.4030
2.5152 0.6324 2.1012 0.4030
2.5152 0.6324 2.1023 0.4036
2.5152 0.6324 2.1024 0.4037
2.5152 0.6324 2.1077 0.4040
2.5152 0.6324 2.1077 0.4040
2.5152 0.6324 2.1086 0.4045
2.5152 0.6324 2.1088 0.4046
2.5152 0.6324 2.1089 0.4047
2.5152 0.6324 2.1089 0.4047
2.5152 0.6324 2.1102 0.4054
2.5152 0.6324 2.1119 0.4061
2.5152 0.6324 2.1119 0.4061
2.5152 0.6324 2.1197 0.4040
2.5152 0.6324 2.1197 0.4040
2.5152 0.6324 2.1197 0.4040
2.5152 0.6324 2.1232 0.4028
2.5152 0.6324 2.1240 0.4031
2.5152 0.6324 2.1257 0.4036
2.5152 0.6324 2.1257 0.4036
2.5152 0.9108 2.1421 0.3749
2.5152 0.9108 2.1474 0.3664
2.5152 0.9108 2.1481 0.3669
2.5152 0.9108 2.1622 0.3481
2.5546 0.9108 2.1635 0.3494
2.5546 0.9108 2.1635 0.3494
2.5546 0.9108 2.1659 0.3496
2.5546 0.9108 2.1718 0.3485
2.5546 0.9108 2.1776 0.3472
2.5546 0.9108 2.1822 0.3446
2.5546 0.9108 2.1826 0.3449
2.5546 0.9108 2.1872 0.3429
2.5546 0.9108 2.1924 0.3415
2.5546 0.9108 2.1932 0.3418
2.5546 0.9108 2.1940 0.3419
2.5546 0.9108 2.1990 0.3405
2.5546 0.9108 2.1990 0.3405
2.5546 1.1113 2.2139 0.3155
2.5546 1.1113 2.2145 0.3155
2.5546 1.1113 2.2184 0.3162
2.5546 1.1113 2.2203 0.3111
2.5546 1.1113 2.2208 0.3112
2.5546 1.1113 2.2212 0.3115
2.5546 1.1113 2.2251 0.3088
2.5546 1.1113 2.2309 0.2963
2.5546 1.1113 2.2346 0.2928
2.5546 1.1113 2.2352 0.2930
2.5546 1.1113 2.2354 0.2932
2.5546 1.1113 2.2359 0.2934
2.5546 1.1113 2.2359 0.2934
2.5546 1.1113 2.2390 0.2947
2.5684 1.1113 2.2420 0.2965
2.5684 1.1113 2.2427 0.2968
2.5684 1.1113 2.2436 0.2970
2.5684 1.1113 2.2436 0.2970
2.5684 1.1113 2.2438 0.2971
2.5684 1.1113 2.2438 0.2971
2.5684 1.1113 2.2445 0.2976
2.5684 1.1113 2.2445 0.2976
2.5684 1.1129 2.2463 0.2914
2.5684 1.1129 2.2482 0.2929
2.5684 1.1129 2.2498 0.2903
2.5684 1.1129 2.2498 0.2903
2.5684 1.1129 2.2543 0.2876
2.5684 1.1129 2.2685 0.2784
2.5684 1.1129 2.2696 0.2786
2.6519 1.1129 2.2739 0.2828
2.6519 1.1129 2.2739 0.2828
2.6519 1.1129 2.2763 0.2838
2.6519 1.1129 2.2774 0.2840
2.6519 1.1129 2.2824 0.2859
2.6519 1.1129 2.2837 0.2863
2.6519 1.1129 2.2861 0.2866
2.6519 1.1129 2.2868 0.2864
2.6519 1.1129 2.2868 0.2864
2.6519 1.1129 2.2887 0.2865
2.6519 1.1129 2.2887 0.2865
2.6519 1.1129 2.2891 0.2865
2.6519 1.1129 2.2891 0.2865
2.6519 1.1129 2.2901 0.2868
2.6519 1.1129 2.2914 0.2871
2.6519 1.1129 2.3018 0.2681
2.6519 1.1129 2.3018 0.2681
2.6519 1.1129 2.3018 0.2681
2.6519 1.1129 2.3018 0.2681
2.6519 1.1129 2.3023 0.2684
2.6519 1.1129 2.3032 0.2689
2.6519 1.1129 2.3032 0.2689
2.6519 1.1129 2.3108 0.2655
2.6519 1.1129 2.3109 0.2656
2.6519 1.1129 2.3218 0.2534
2.6519 1.1129 2.3221 0.2527
2.6519 1.1129 2.3234 0.2525
2.6519 1.1129 2.3235 0.2525
2.6519 1.1129 2.3235 0.2525
2.6519 1.1129 2.3238 0.2526
2.6519 1.1129 2.3263 0.2546
2.6519 1.1129 2.3266 0.2546
2.6519 1.1129 2.3266 0.2546
2.6519 1.1129 2.3274 0.2556
2.6519 1.1129 2.3275 0.2556
2.6519 1.1129 2.3297 0.2564
2.6519 1.1129 2.3396 0.2388
2.6519 1.1129 2.3403 0.2390
2.6519 1.1129 2.3409 0.2390
2.6519 1.1129 2.3409 0.2390
2.6519 1.1129 2.3410 0.2391
2.6519 1.1129 2.3422 0.2396
2.6519 1.1129 2.3424 0.2397
2.6519 1.1129 2.3440 0.2400
2.6519 1.1129 2.3454 0.2397
2.6519 1.1129 2.3479 0.2382
2.6519 1.1129 2.3490 0.2383
2.6519 1.1129 2.3490 0.2383
2.6519 1.1129 2.3498 0.2383
2.6519 1.1129 2.3504 0.2384
2.6519 1.1129 2.3504 0.2384
2.6519 1.1129 2.3575 0.2328
2.6519 1.1129 2.3575 0.2328
2.6519 1.1129 2.3582 0.2328
2.6519 1.1129 2.3589 0.2326
2.6519 1.1129 2.3589 0.2326
2.6519 1.1129 2.3599 0.2324
2.6519 1.1129 2.3607 0.2322
2.6519 1.1129 2.3607 0.2322
2.6519 1.1129 2.3608 0.2323
2.6519 1.1129 2.3611 0.2325
2.6519 1.1129 2.3611 0.2325
2.6519 1.1129 2.3694 0.2223
2.6519 1.1129 2.3830 0.1956
2.6519 1.1129 2.3832 0.1957
2.6519 1.1129 2.3843 0.1960
2.6519 1.1129 2.3845 0.1959
2.6519 1.1129 2.3850 0.1962
2.6519 1.1129 2.3851 0.1962
2.6519 1.1129 2.3851 0.1962
2.6519 1.1129 2.3864 0.1971
2.6519 1.1129 2.3872 0.1973
2.6519 1.1129 2.3872 0.1973
2.6519 1.1129 2.3881 0.1975
2.6519 1.1129 2.3903 0.1982
2.6519 1.1129 2.3903 0.1982
2.6519 1.1129 2.3903 0.1982
2.6519 1.1129 2.3911 0.1989
2.6519 1.1129 2.3919 0.1990
2.6519 1.1129 2.3921 0.1990
2.6519 1.1129 2.3921 0.1990
2.6519 1.1129 2.3921 0.1990
2.6519 1.1129 2.3921 0.1990
2.6519 1.1129 2.3943 0.1997
2.6519 1.1129 2.3952 0.1996
2.6519 1.1129 2.3957 0.1997
2.6519 1.1129 2.3959 0.1996
2.6519 1.1129 2.3959 0.1996
2.6519 1.1129 2.3980 0.2010
2.6519 1.1129 2.3990 0.2015
2.6519 1.1129 2.3996 0.2013
2.6519 1.1129 2.4005 0.2010
2.6519 1.1129 2.4008 0.2010
2.6519 1.1129 2.4013 0.2011
2.6519 1.1129 2.4013 0.2011
2.6519 1.1129 2.4020 0.2015
2.6519 1.1129 2.4020 0.2015
2.6519 1.1129 2.4051 0.2032
2.6519 1.1129 2.4051 0.2032
2.6519 1.1129 2.4051 0.2032
2.6519 1.1129 2.4056 0.2032
2.6701 1.1129 2.4103 0.2065
2.6701 1.1129 2.4103 0.2065
2.6701 1.1129 2.4107 0.2065
2.6701 1.1129 2.4107 0.2065
2.6701 1.1129 2.4107 0.2065
2.6701 1.1129 2.4148 0.1993
2.6701 1.1129 2.4148 0.1993
2.6701 1.1129 2.4149 0.1993
2.6701 1.1129 2.4171 0.1914
2.7032 1.1129 2.4182 0.1928
2.7032 1.1129 2.4195 0.1940
2.7032 1.1129 2.4198 0.1940
2.7825 1.1129 2.4206 0.1953
2.7825 1.1129 2.4207 0.1953
2.7825 1.1129 2.4207 0.1953
2.7825 1.1129 2.4207 0.1953
2.7825 1.1129 2.4207 0.1953
2.7825 1.1129 2.4209 0.1952
2.7825 1.1129 2.4235 0.1955
2.7825 1.1129 2.4235 0.1955
2.7825 1.1129 2.4235 0.1955
2.7825 1.1129 2.4235 0.1955
2.7825 1.1129 2.4245 0.1957
2.7825 1.1129 2.4260 0.1969
2.7825 1.1129 2.4269 0.1970
2.7825 1.1129 2.4269 0.1970
2.7825 1.1129 2.4269 0.1970
2.7825 1.1129 2.4332 0.1870
2.7825 1.1129 2.4332 0.1870
2.7825 1.1129 2.4340 0.1870
2.7825 1.1129 2.4342 0.1870
2.7825 1.1129 2.4342 0.1870
2.7825 1.1129 2.4346 0.1872
2.7825 1.1129 2.4351 0.1871
2.7825 1.8103 2.4483 0.1317
2.7825 1.8103 2.4522 0.1340
2.7825 1.8103 2.4522 0.1340
2.7825 1.8103 2.4526 0.1343
2.7825 1.8103 2.4526 0.1343
2.7825 1.8103 2.4526 0.1343
2.7825 1.8103 2.4526 0.1343
2.7825 1.8103 2.4542 0.1347
2.7825 1.8103 2.4542 0.1347
2.7825 1.8103 2.4546 0.1344
2.7825 1.8103 2.4556 0.1344
2.7825 1.8103 2.4568 0.1348
2.7825 1.8103 2.4568 0.1348
2.7825 1.8103 2.4572 0.1352
2.7825 1.8103 2.4605 0.1340
2.7825 1.8103 2.4605 0.1340
2.7825 1.8103 2.4626 0.1354
2.7825 1.8103 2.4644 0.1356
2.7825 1.8103 2.4669 0.1367
2.7825 1.8103 2.4675 0.1365
2.7825 1.8103 2.4675 0.1365
2.7825 1.8103 2.4702 0.1367
2.7825 1.8103 2.4702 0.1367
2.7825 1.8103 2.4737 0.1368
2.7825 1.8103 2.4737 0.1368
2.7825 1.8103 2.4737 0.1368
2.7825 1.8103 2.4756 0.1381
2.7825 1.8103 2.4756 0.1381
2.7825 1.8103 2.4756 0.1381
2.7825 1.8103 2.4756 0.1381
2.7825 1.8103 2.4776 0.1394
2.7825 1.8103 2.4784 0.1402
2.7825 1.8103 2.4784 0.1402
2.7825 1.8103 2.4787 0.1404
2.7825 1.8103 2.4787 0.1404
2.7825 1.8103 2.4805 0.1406
2.7825 1.8103 2.4805 0.1406
2.7825 1.8103 2.4813 0.1399
2.7825 1.8103 2.4813 0.1399
2.7825 1.8103 2.4817 0.1399
2.7825 1.8103 2.4817 0.1399
2.7825 1.8103 2.4817 0.1399
2.7825 1.8103 2.4831 0.1389
2.7825 1.8103 2.4831 0.1390
2.7825 1.8103 2.4838 0.1388
2.7825 1.8103 2.4856 0.1400
2.7825 1.8103 2.4875 0.1383
2.7825 1.8103 2.4911 0.1385
2.7825 1.8103 2.4911 0.1385
2.7825 1.8103 2.4933 0.1382
2.7825 1.8103 2.4943 0.1377
2.7825 1.8103 2.4952 0.1384
2.7825 1.8103 2.4971 0.1392
2.7825 1.8103 2.4974 0.1392
2.7825 1.8103 2.4974 0.1392
2.7825 1.8103 2.4976 0.1389
2.7825 1.8103 2.4990 0.1397
2.7825 1.8103 2.4991 0.1396
2.7825 1.8103 2.5010 0.1395
2.7825 1.8103 2.5025 0.1396
2.7825 1.8103 2.5025 0.1396
2.7825 1.8103 2.5032 0.1395
2.7825 1.8103 2.5032 0.1395
2.7825 1.8103 2.5033 0.1395
2.7825 1.8103 2.5038 0.1401
2.7825 1.8103 2.5040 0.1402
2.7825 1.8103 2.5040 0.1402
2.7825 1.8103 2.5048 0.1396
2.7825 1.8103 2.5069 0.1379
2.7825 1.8103 2.5069 0.1379
2.7825 1.8103 2.5074 0.1380
2.7825 1.8103 2.5102 0.1384
2.7825 1.8103 2.5130 0.1384
2.7825 1.8103 2.5130 0.1384
2.7825 1.8103 2.5130 0.1384
2.7825 1.8103 2.5130 0.1384
2.7825 1.8103 2.5130 0.1384
2.7825 1.8103 2.5139 0.1389
2.7825 1.8103 2.5167 0.1392
2.7825 1.8103 2.5167 0.1392
2.7825 1.8103 2.5172 0.1390
2.7825 1.8103 2.5182 0.1390
2.7825 1.8103 2.5201 0.1395
2.7825 1.8103 2.5219 0.1373
2.7825 1.8103 2.5230 0.1380
2.7825 1.8103 2.5230 0.1380
2.7825 1.8103 2.5259 0.1359
2.7825 1.8103 2.5259 0.1359
2.7825 1.8103 2.5259 0.1359
2.7825 1.8103 2.5274 0.1344
2.7825 1.8103 2.5274 0.1344
2.7825 1.8103 2.5287 0.1336
2.7825 1.8103 2.5295 0.1334
2.7825 1.8103 2.5295 0.1334
2.7825 1.8103 2.5316 0.1323
2.7825 1.8103 2.5322 0.1321
2.7825 1.8103 2.5336 0.1317
2.7825 1.8103 2.5338 0.1315
2.7825 1.8103 2.5361 0.1345
2.7825 1.8103 2.5364 0.1341
2.7825 1.8103 2.5364 0.1341
2.7825 1.8103 2.5387 0.1314
2.7825 1.8103 2.5416 0.1334
2.7825 1.8103 2.5420 0.1330
2.7825 1.8103 2.5420 0.1330
2.7825 1.8103 2.5437 0.1333
2.7825 1.8103 2.5458 0.1334
2.7825 1.8103 2.5458 0.1334
2.7825 1.8103 2.5460 0.1336
2.7825 1.8103 2.5476 0.1338
2.7825 1.8103 2.5476 0.1338
2.7825 1.8103 2.5478 0.1337
2.7825 1.8103 2.5479 0.1338
2.7825 1.8103 2.5493 0.1325
2.7825 1.8103 2.5499 0.1328
2.7825 1.8103 2.5507 0.1332
2.7825 1.8103 2.5534 0.1351
2.7825 1.8103 2.5534 0.1351
2.7825 1.8103 2.5550 0.1353
2.7825 1.8103 2.5558 0.1357
2.7825 1.8103 2.5569 0.1360
2.7825 1.8103 2.5569 0.1360
2.7825 1.8103 2.5569 0.1360
2.7825 1.8103 2.5579 0.1350
2.7825 1.8103 2.5590 0.1363
2.7825 1.8103 2.5597 0.1359
2.7825 1.8103 2.5616 0.1359
2.7825 1.8103 2.5616 0.1359
2.7825 1.8103 2.5629 0.1366
2.7825 1.8103 2.5649 0.1352
2.7825 1.8103 2.5656 0.1358
2.7825 1.8103 2.5693 0.1362
2.7825 1.8103 2.5701 0.1366
2.7825 1.8103 2.5701 0.1366
2.7825 1.8103 2.5702 0.1368
2.7825 2.1534 2.5736 0.1210
2.7825 2.1534 2.5736 0.1210
2.7825 2.1534 2.5753 0.1225
2.7825 2.1534 2.5757 0.1221
2.7825 2.1534 2.5757 0.1221
2.7825 2.1534 2.5757 0.1221
2.7825 2.1534 2.5781 0.1218
2.7825 2.1534 2.5781 0.1218
2.7825 2.1534 2.5781 0.1218
2.7825 2.1534 2.5787 0.1219
2.7825 2.1534 2.5799 0.1220
2.7825 2.1534 2.5799 0.1220
2.8534 2.1534 2.5862 0.1268
2.8534 2.1534 2.5862 0.1268
2.8534 2.1534 2.5872 0.1269
2.9423 2.1534 2.5889 0.1305
2.9423 2.1534 2.5893 0.1299
2.9423 2.1534 2.5893 0.1299
2.9423 2.1534 2.5904 0.1297
2.9423 2.1534 2.5930 0.1283
2.9423 2.1534 2.5941 0.1293
2.9423 2.1534 2.5959 0.1316
2.9423 2.1534 2.5959 0.1316
2.9423 2.1534 2.5979 0.1309
2.9423 2.1534 2.5979 0.1309
2.9423 2.1534 2.5979 0.1309
2.9423 2.1534 2.5979 0.1309
2.9423 2.1534 2.5999 0.1304
2.9423 2.1534 2.5999 0.1304
2.9423 2.1534 2.5999 0.1304
2.9423 2.1534 2.6042 0.1284
2.9423 2.1534 2.6042 0.1284
2.9423 2.1534 2.6042 0.1284
2.9423 2.1534 2.6073 0.1270
2.9423 2.1534 2.6093 0.1264
2.9423 2.1534 2.6093 0.1264
2.9423 2.1534 2.6093 0.1264
2.9423 2.1534 2.6093 0.1264
2.9423 2.1534 2.6093 0.1264
2.9423 2.1534 2.6093 0.1264
2.9423 2.1534 2.6095 0.1264
2.9423 2.1534 2.6095 0.1264
2.9423 2.1534 2.6095 0.1264
2.9423 2.1534 2.6104 0.1257
2.9423 2.1534 2.6113 0.1257
2.9423 2.1534 2.6113 0.1257
2.9423 2.1534 2.6126 0.1254
2.9423 2.1534 2.6141 0.1252
2.9423 2.1534 2.6141 0.1252
2.9423 2.1534 2.6141 0.1252
2.9423 2.1534 2.6142 0.1253
2.9423 2.1534 2.6142 0.1253
2.9423 2.1534 2.6148 0.1256
2.9423 2.1534 2.6148 0.1256
2.9423 2.1534 2.6148 0.1256
2.9423 2.1534 2.6148 0.1256
2.9423 2.1534 2.6155 0.1260
2.9423 2.1534 2.6187 0.1271
2.9423 2.1534 2.6187 0.1271
2.9423 2.1534 2.6188 0.1271
2.9423 2.1534 2.6192 0.1264
2.9423 2.1534 2.6200 0.1274
2.9423 2.1534 2.6210 0.1275
2.9423 2.1534 2.6246 0.1263
2.9423 2.1534 2.6274 0.1238
2.9423 2.1534 2.6303 0.1257
2.9423 2.1534 2.6303 0.1257
2.9423 2.1534 2.6303 0.1257
2.9423 2.1534 2.6306 0.1258
2.9423 2.1534 2.6319 0.1267
2.9423 2.1534 2.6330 0.1275
2.9423 2.1534 2.6330 0.1275
2.9423 2.1534 2.6362 0.1268
2.9423 2.1534 2.6364 0.1267
2.9423 2.1534 2.6387 0.1247
2.9423 2.1534 2.6387 0.1247
2.9423 2.1534 2.6408 0.1232
2.9423 2.1534 2.6414 0.1234
2.9423 2.1534 2.6444 0.1231
2.9423 2.1534 2.6447 0.1233
2.9423 2.1534 2.6461 0.1232
2.9423 2.1534 2.6471 0.1238
2.9423 2.1534 2.6472 0.1239
2.9423 2.3478 2.6500 0.1156
2.9423 2.3478 2.6515 0.1155
2.9423 2.3478 2.6534 0.1160
2.9423 2.3478 2.6541 0.1162
2.9423 2.3478 2.6541 0.1162
2.9423 2.3478 2.6544 0.1162
2.9423 2.3478 2.6544 0.1162
2.9423 2.3478 2.6544 0.1162
2.9423 2.3478 2.6565 0.1165
2.9423 2.3478 2.6566 0.1165
2.9423 2.3478 2.6566 0.1165
2.9423 2.3478 2.6566 0.1165
2.9423 2.3478 2.6567 0.1166
2.9423 2.3478 2.6577 0.1172
2.9423 2.3478 2.6596 0.1186
2.9423 2.3478 2.6630 0.1192
2.9423 2.3478 2.6635 0.1198
2.9423 2.3478 2.6642 0.1199
2.9423 2.3478 2.6663 0.1178
2.9423 2.3478 2.6664 0.1178
2.9423 2.3478 2.6671 0.1179
2.9423 2.3478 2.6679 0.1184
2.9423 2.3478 2.6685 0.1188
2.9423 2.3478 2.6685 0.1188
2.9423 2.3478 2.6719 0.1184
2.9423 2.3478 2.6733 0.1159
2.9423 2.3478 2.6746 0.1148
2.9423 2.3478 2.6752 0.1149
2.9423 2.3478 2.6752 0.1149
2.9423 2.3478 2.6771 0.1160
2.9423 2.3478 2.6771 0.1160
2.9423 2.3478 2.6791 0.1171
2.9423 2.3478 2.6791 0.1171
2.9423 2.3478 2.6791 0.1171
2.9423 2.3478 2.6791 0.1171
2.9423 2.3478 2.6791 0.1171
2.9423 2.3478 2.6791 0.1171
2.9423 2.3478 2.6796 0.1170
2.9423 2.3478 2.6816 0.1168
2.9423 2.3478 2.6816 0.1168
2.9423 2.3478 2.6827 0.1171
2.9423 2.3478 2.6840 0.1175
2.9423 2.3478 2.6840 0.1175
2.9423 2.3478 2.6840 0.1175
2.9423 2.3478 2.6840 0.1175
2.9423 2.3478 2.6849 0.1162
2.9423 2.3478 2.6852 0.1162
2.9423 2.3478 2.6896 0.1142
2.9423 2.3478 2.6896 0.1142
2.9423 2.3478 2.6896 0.1142
2.9423 2.3478 2.6911 0.1136
2.9423 2.3478 2.6912 0.1136
2.9423 2.3958 2.6943 0.1083
2.9423 2.3958 2.6946 0.1085
2.9423 2.3958 2.6948 0.1085
2.9423 2.3958 2.6957 0.1069
2.9423 2.3958 2.6957 0.1069
2.9423 2.3958 2.6957 0.1069
2.9423 2.3958 2.6957 0.1069
2.9423 2.3958 2.6957 0.1069
2.9423 2.3958 2.6958 0.1069
2.9423 2.3958 2.6967 0.1073
2.9423 2.3958 2.6967 0.1073
2.9423 2.3958 2.6967 0.1073
2.9423 2.3958 2.6967 0.1073
2.9423 2.3958 2.6980 0.1075
2.9423 2.3958 2.6985 0.1068
2.9423 2.3958 2.6985 0.1068
2.9423 2.3958 2.6985 0.1068
2.9423 2.3958 2.6985 0.1068
2.9423 2.3958 2.6985 0.1068
2.9423 2.3958 2.6985 0.1068
2.9423 2.3958 2.6985 0.1068
2.9423 2.3958 2.6985 0.1068
2.9423 2.3958 2.6989 0.1064
2.9423 2.3958 2.6994 0.1063
2.9423 2.3958 2.7001 0.1072
2.9423 2.3958 2.7017 0.1076
2.9423 2.3958 2.7019 0.1072
2.9423 2.3958 2.7022 0.1072
2.9423 2.3958 2.7029 0.1066
2.9423 2.3958 2.7030 0.1066
2.9423 2.3971 2.7030 0.1066
2.9423 2.3971 2.7042 0.1067
2.9423 2.3971 2.7042 0.1068
2.9423 2.3971 2.7059 0.1073
2.9423 2.3971 2.7059 0.1073
2.9423 2.3971 2.7060 0.1072
2.9423 2.3971 2.7060 0.1072
2.9423 2.3971 2.7061 0.1072
2.9423 2.3971 2.7074 0.1073
2.9423 2.3971 2.7074 0.1073
2.9423 2.3971 2.7074 0.1073
2.9423 2.3971 2.7087 0.1074
2.9423 2.3971 2.7110 0.1049
2.9423 2.3971 2.7110 0.1049
2.9423 2.3971 2.7114 0.1049
2.9423 2.3971 2.7125 0.1040
2.9423 2.3971 2.7125 0.1040
2.9423 2.3971 2.7125 0.1040
2.9423 2.3971 2.7125 0.1040
2.9423 2.3971 2.7125 0.1040
2.9423 2.3971 2.7125 0.1040
2.9423 2.3971 2.7127 0.1039
2.9423 2.3971 2.7128 0.1040
2.9423 2.3971 2.7128 0.1040
2.9423 2.3971 2.7128 0.1040
2.9423 2.3971 2.7153 0.1064
2.9423 2.3971 2.7154 0.1064
2.9423 2.3971 2.7154 0.1064
2.9423 2.3971 2.7157 0.1063
2.9423 2.3971 2.7157 0.1063
2.9423 2.3971 2.7170 0.1064
2.9423 2.3971 2.7170 0.1063
2.9423 2.3971 2.7170 0.1063
2.9423 2.3971 2.7170 0.1063
2.9423 2.3971 2.7176 0.1063
2.9423 2.3971 2.7176 0.1063
2.9423 2.3971 2.7177 0.1064
2.9423 2.3971 2.7213 0.1068
2.9423 2.3971 2.7215 0.1069
2.9423 2.3971 2.7215 0.1069
2.9423 2.3971 2.7215 0.1069
2.9423 2.3971 2.7215 0.1069
2.9423 2.3971 2.7215 0.1069
2.9423 2.3971 2.7215 0.1069
2.9423 2.3971 2.7215 0.1069
2.9423 2.3971 2.7233 0.1051
2.9423 2.3971 2.7249 0.1025
2.9423 2.3971 2.7249 0.1025
2.9423 2.3971 2.7269 0.1006
2.9423 2.3971 2.7279 0.1009
2.9423 2.3971 2.7281 0.1011
2.9423 2.3971 2.7281 0.1011
2.9423 2.3971 2.7281 0.1011
2.9423 2.3971 2.7287 0.1012
2.9423 2.3971 2.7291 0.1011
2.9423 2.3971 2.7297 0.1011
2.9423 2.3971 2.7297 0.1011
2.9423 2.3971 2.7301 0.1012
2.9423 2.3971 2.7301 0.1012
2.9423 2.3971 2.7306 0.1010
2.9423 2.3971 2.7306 0.1010
2.9423 2.3971 2.7315 0.1007
2.9423 2.3971 2.7334 0.1007
2.9423 2.3971 2.7368 0.0962
2.9423 2.3971 2.7376 0.0968
2.9423 2.3971 2.7396 0.0971
2.9423 2.3971 2.7396 0.0971
2.9423 2.3971 2.7396 0.0971
2.9423 2.3971 2.7396 0.0971
2.9423 2.3971 2.7416 0.0955
2.9423 2.3971 2.7416 0.0955
2.9423 2.3971 2.7416 0.0955
2.9423 2.3971 2.7438 0.0939
2.9423 2.3971 2.7438 0.0939
2.9423 2.3971 2.7459 0.0922
2.9423 2.3971 2.7460 0.0922
2.9423 2.3971 2.7464 0.0922
2.9423 2.4440 2.7509 0.0858
2.9423 2.4440 2.7509 0.0858
2.9423 2.4440 2.7509 0.0858
2.9423 2.4440 2.7530 0.0816
2.9423 2.4440 2.7550 0.0816
2.9423 2.4440 2.7559 0.0810
2.9423 2.4440 2.7560 0.0810
2.9423 2.4440 2.7560 0.0810
2.9423 2.4440 2.7579 0.0806
2.9423 2.4440 2.7579 0.0806
2.9423 2.4440 2.7579 0.0806
2.9423 2.4440 2.7579 0.0806
2.9423 2.4440 2.7579 0.0806
2.9423 2.4440 2.7596 0.0813
2.9423 2.4440 2.7596 0.0813
2.9423 2.4440 2.7596 0.0813
2.9423 2.4440 2.7596 0.0813
2.9423 2.4440 2.7600 0.0815
2.9423 2.4440 2.7603 0.0818
2.9423 2.4440 2.7618 0.0813
2.9423 2.4440 2.7618 0.0813
2.9423 2.4440 2.7618 0.0813
2.9423 2.4440 2.7618 0.0813
2.9423 2.5268 2.7632 0.0769
2.9423 2.5268 2.7632 0.0769
2.9423 2.5268 2.7633 0.0770
2.9423 2.5268 2.7644 0.0775
2.9423 2.5268 2.7647 0.0777
2.9423 2.5268 2.7649 0.0778
2.9423 2.5268 2.7656 0.0771
2.9423 2.5268 2.7657 0.0771
2.9423 2.5268 2.7658 0.0770
2.9423 2.5268 2.7666 0.0775
2.9423 2.5268 2.7666 0.0775
2.9423 2.5268 2.7681 0.0776
2.9423 2.5268 2.7700 0.0762
2.9423 2.5268 2.7701 0.0761
2.9423 2.5268 2.7701 0.0761
2.9423 2.5268 2.7701 0.0761
2.9423 2.5268 2.7709 0.0756
2.9423 2.5268 2.7709 0.0756
2.9423 2.5268 2.7709 0.0756
2.9423 2.5268 2.7720 0.0748
2.9423 2.5268 2.7720 0.0748
2.9423 2.5268 2.7720 0.0748
2.9423 2.5268 2.7724 0.0744
2.9423 2.5268 2.7743 0.0740
2.9423 2.5268 2.7747 0.0738
2.9423 2.5268 2.7747 0.0738
2.9423 2.5268 2.7763 0.0735
2.9423 2.5268 2.7774 0.0725
2.9423 2.5268 2.7774 0.0725
2.9423 2.5268 2.7774 0.0725
2.9423 2.5268 2.7781 0.0721
2.9423 2.5268 2.7781 0.0721
2.9423 2.5268 2.7791 0.0724
2.9423 2.5268 2.7801 0.0730
2.9423 2.5268 2.7802 0.0731
2.9423 2.5268 2.7802 0.0731
2.9423 2.5268 2.7802 0.0731
2.9423 2.5268 2.7802 0.0731
2.9423 2.5268 2.7807 0.0725
2.9423 2.5268 2.7807 0.0726
2.9423 2.5268 2.7807 0.0726
2.9423 2.5268 2.7807 0.0726
2.9423 2.5268 2.7807 0.0726
2.9423 2.5268 2.7807 0.0726
2.9423 2.5268 2.7821 0.0727
2.9423 2.5268 2.7821 0.0727
2.9423 2.5268 2.7835 0.0727
2.9423 2.5268 2.7835 0.0727
2.9423 2.5268 2.7835 0.0727
2.9423 2.5268 2.7841 0.0720
2.9423 2.5268 2.7844 0.0718
2.9423 2.5268 2.7863 0.0707
2.9423 2.5268 2.7863 0.0707
2.9423 2.5268 2.7872 0.0710
2.9423 2.5268 2.7875 0.0711
2.9423 2.5268 2.7875 0.0711
2.9423 2.5268 2.7875 0.0711
2.9423 2.5268 2.7875 0.0711
2.9423 2.5268 2.7878 0.0711
2.9423 2.5268 2.7878 0.0711
2.9423 2.5268 2.7892 0.0711
2.9423 2.5268 2.7892 0.0711
2.9423 2.5268 2.7892 0.0711
2.9423 2.5268 2.7893 0.0711
2.9423 2.5268 2.7894 0.0712
2.9423 2.5268 2.7894 0.0712
2.9423 2.5268 2.7894 0.0712
2.9423 2.5268 2.7901 0.0714
2.9423 2.5268 2.7901 0.0714
2.9423 2.5268 2.7902 0.0715
2.9423 2.5268 2.7910 0.0717
2.9423 2.5268 2.7910 0.0717
2.9423 2.5268 2.7923 0.0716
2.9423 2.5268 2.7928 0.0713
2.9423 2.5268 2.7928 0.0713
2.9423 2.5268 2.7928 0.0713
2.9423 2.5268 2.7928 0.0713
2.9423 2.5268 2.7928 0.0713
2.9423 2.5268 2.7928 0.0713
2.9423 2.5268 2.7936 0.0705
2.9423 2.5268 2.7943 0.0707
2.9423 2.5268 2.7952 0.0710
2.9423 2.5268 2.7952 0.0710
2.9423 2.5268 2.7952 0.0710
2.9423 2.5268 2.7959 0.0712
2.9423 2.5268 2.7968 0.0714
2.9423 2.5268 2.7979 0.0701
2.9423 2.5268 2.7982 0.0698
2.9423 2.5268 2.7982 0.0698
2.9423 2.5268 2.7982 0.0698
2.9423 2.5268 2.7982 0.0698
2.9423 2.5268 2.7995 0.0699
2.9423 2.5268 2.7995 0.0699
2.9423 2.5268 2.8002 0.0701
2.9423 2.5268 2.8009 0.0702
2.9423 2.5268 2.8010 0.0701
2.9423 2.5268 2.8017 0.0703
2.9423 2.5268 2.8017 0.0703
2.9423 2.5268 2.8020 0.0703
2.9423 2.5268 2.8020 0.0703
2.9423 2.5268 2.8021 0.0703
2.9423 2.5268 2.8021 0.0703
2.9423 2.5268 2.8021 0.0703
2.9423 2.5268 2.8021 0.0703
2.9423 2.5268 2.8032 0.0704
2.9423 2.5772 2.8052 0.0652
2.9423 2.5772 2.8052 0.0652
2.9423 2.5772 2.8052 0.0652
2.9423 2.5772 2.8055 0.0644
2.9423 2.5772 2.8061 0.0644
2.9423 2.5772 2.8061 0.0644
2.9423 2.5772 2.8061 0.0644
2.9423 2.5772 2.8061 0.0644
2.9423 2.5772 2.8061 0.0644
2.9423 2.5772 2.8061 0.0644
2.9423 2.5772 2.8067 0.0640
2.9423 2.5772 2.8075 0.0640
2.9423 2.5772 2.8075 0.0640
2.9423 2.5772 2.8080 0.0642
2.9423 2.5772 2.8080 0.0642
2.9423 2.5772 2.8080 0.0642
2.9423 2.5772 2.8088 0.0642
2.9423 2.5772 2.8092 0.0643
2.9423 2.5772 2.8093 0.0644
2.9423 2.5772 2.8093 0.0644
2.9423 2.5772 2.8093 0.0644
2.9423 2.5772 2.8093 0.0644
2.9423 2.5772 2.8096 0.0645
2.9423 2.5772 2.8098 0.0646
2.9423 2.5772 2.8098 0.0646
2.9423 2.5772 2.8098 0.0646
2.9423 2.5772 2.8098 0.0646
2.9423 2.5772 2.8098 0.0646
2.9423 2.5772 2.8100 0.0646
2.9423 2.5772 2.8100 0.0646
2.9423 2.5772 2.8100 0.0646
2.9423 2.5772 2.8100 0.0647
2.9423 2.5772 2.8102 0.0645
2.9423 2.5772 2.8102 0.0645
2.9423 2.5772 2.8102 0.0645
2.9423 2.5772 2.8102 0.0645
2.9423 2.5772 2.8102 0.0645
2.9423 2.5772 2.8103 0.0646
2.9423 2.5772 2.8109 0.0640
2.9423 2.5772 2.8109 0.0640
2.9423 2.5772 2.8109 0.0640
2.9423 2.5772 2.8109 0.0640
2.9423 2.5772 2.8109 0.0640
2.9423 2.5772 2.8109 0.0640
2.9423 2.5772 2.8112 0.0639
2.9423 2.5772 2.8113 0.0640
2.9423 2.5772 2.8113 0.0640
2.9423 2.5772 2.8114 0.0641
2.9423 2.5772 2.8125 0.0644
2.9423 2.5772 2.8125 0.0644
2.9423 2.5772 2.8135 0.0643
2.9423 2.5772 2.8135 0.0643
2.9423 2.5772 2.8135 0.0643
2.9423 2.5772 2.8135 0.0643
2.9423 2.5772 2.8136 0.0643
2.9423 2.5772 2.8136 0.0643
2.9423 2.5772 2.8137 0.0644
2.9423 2.5772 2.8137 0.0644
2.9423 2.5772 2.8137 0.0644
2.9423 2.5772 2.8137 0.0644
2.9423 2.5772 2.8137 0.0644
2.9423 2.5772 2.8137 0.0644
2.9423 2.5772 2.8137 0.0644
2.9423 2.5772 2.8145 0.0637
2.9423 2.5772 2.8154 0.0638
2.9423 2.5772 2.8167 0.0632
2.9423 2.5772 2.8167 0.0632
2.9423 2.5772 2.8167 0.0632
2.9423 2.5772 2.8167 0.0632
2.9423 2.5772 2.8172 0.0633
2.9423 2.5772 2.8172 0.0633
2.9423 2.5772 2.8172 0.0633
2.9423 2.5772 2.8172 0.0633
2.9423 2.5772 2.8172 0.0633
2.9423 2.5772 2.8173 0.0634
2.9423 2.5772 2.8175 0.0634
2.9423 2.5772 2.8175 0.0634
2.9423 2.5772 2.8175 0.0634
2.9423 2.5772 2.8191 0.0622
2.9423 2.5772 2.8195 0.0617
2.9423 2.5772 2.8195 0.0617
2.9423 2.5772 2.8197 0.0617
2.9423 2.5772 2.8204 0.0601
2.9423 2.5772 2.8216 0.0602
2.9423 2.5772 2.8217 0.0603
2.9423 2.5772 2.8217 0.0603
2.9423 2.5772 2.8229 0.0594
2.9423 2.5772 2.8230 0.0594
2.9423 2.5772 2.8230 0.0594
2.9423 2.5772 2.8230 0.0594
2.9423 2.5772 2.8236 0.0594
2.9423 2.5772 2.8236 0.0594
2.9423 2.5772 2.8236 0.0594
2.9423 2.5772 2.8236 0.0594
2.9423 2.5772 2.8246 0.0592
2.9423 2.5772 2.8254 0.0591
2.9423 2.5772 2.8254 0.0591
2.9423 2.5772 2.8254 0.0591
2.9423 2.5772 2.8254 0.0591
2.9423 2.5772 2.8254 0.0591
2.9423 2.5772 2.8254 0.0591
2.9423 2.5772 2.8257 0.0592
2.9423 2.5772 2.8257 0.0592
2.9423 2.5772 2.8257 0.0592
2.9423 2.5772 2.8257 0.0592
2.9423 2.5772 2.8258 0.0593
2.9423 2.5772 2.8258 0.0593
2.9423 2.5772 2.8258 0.0593
2.9423 2.5772 2.8262 0.0593
2.9423 2.5772 2.8262 0.0593
2.9423 2.5772 2.8263 0.0594
2.9423 2.5772 2.8271 0.0591
2.9423 2.5772 2.8271 0.0591
2.9423 2.5772 2.8272 0.0592
2.9423 2.5772 2.8280 0.0590
2.9423 2.5772 2.8280 0.0590
2.9423 2.5772 2.8288 0.0587
2.9423 2.5772 2.8289 0.0586
2.9423 2.5772 2.8301 0.0586
2.9423 2.5772 2.8323 0.0586
2.9423 2.5772 2.8324 0.0587
2.9423 2.5772 2.8351 0.0531
2.9423 2.5772 2.8357 0.0531
2.9423 2.5772 2.8365 0.0541
2.9423 2.5772 2.8382 0.0525
2.9423 2.5772 2.8382 0.0525
2.9423 2.5772 2.8382 0.0525
2.9423 2.5772 2.8401 0.0493
2.9423 2.5772 2.8410 0.0488
2.9423 2.5772 2.8410 0.0488
2.9423 2.5772 2.8410 0.0488
2.9535 2.5772 2.8411 0.0491
2.9535 2.5772 2.8411 0.0491
2.9535 2.5772 2.8411 0.0491
2.9535 2.5772 2.8411 0.0491
2.9535 2.5772 2.8411 0.0491
2.9535 2.5772 2.8411 0.0491
2.9535 2.5772 2.8411 0.0491
2.9535 2.5772 2.8411 0.0491
2.9535 2.5772 2.8411 0.0491
2.9535 2.5772 2.8411 0.0491
2.9535 2.5772 2.8411 0.0491
2.9535 2.5772 2.8411 0.0491
2.9535 2.5772 2.8411 0.0491
2.9535 2.5772 2.8419 0.0485
2.9535 2.5772 2.8419 0.0485
2.9535 2.5772 2.8419 0.0485
2.9535 2.5772 2.8419 0.0485
2.9535 2.5772 2.8419 0.0485
2.9535 2.5772 2.8419 0.0485
2.9535 2.5772 2.8435 0.0459
2.9535 2.5772 2.8435 0.0459
2.9535 2.5772 2.8435 0.0459
2.9535 2.5772 2.8435 0.0459
2.9535 2.5772 2.8440 0.0457
2.9535 2.5772 2.8440 0.0457
2.9535 2.5772 2.8440 0.0457
2.9535 2.5772 2.8440 0.0457
2.9535 2.5772 2.8440 0.0457
2.9535 2.5772 2.8440 0.0457
2.9535 2.5772 2.8440 0.0457
2.9535 2.5772 2.8440 0.0457
2.9535 2.5772 2.8440 0.0457
2.9535 2.5772 2.8441 0.0458
2.9535 2.5772 2.8441 0.0458
2.9535 2.5772 2.8443 0.0458
2.9535 2.5772 2.8446 0.0460
2.9535 2.5772 2.8446 0.0460
2.9535 2.5772 2.8446 0.0460
2.9535 2.5772 2.8449 0.0454
2.9535 2.5772 2.8449 0.0454
2.9535 2.5772 2.8450 0.0455
2.9535 2.5772 2.8451 0.0453
2.9535 2.5772 2.8455 0.0451
2.9535 2.5772 2.8455 0.0451
2.9535 2.5772 2.8455 0.0451
2.9535 2.5772 2.8455 0.0451
2.9535 2.5772 2.8455 0.0451
2.9535 2.5772 2.8456 0.0451
2.9535 2.5772 2.8456 0.0451
2.9535 2.5772 2.8458 0.0452
2.9535 2.5772 2.8458 0.0452
2.9535 2.5772 2.8458 0.0452
2.9535 2.5772 2.8458 0.0452
2.9535 2.5772 2.8458 0.0452
2.9535 2.5772 2.8458 0.0452
2.9535 2.5772 2.8458 0.0452
2.9535 2.5772 2.8458 0.0452
2.9535 2.5772 2.8458 0.0452
2.9535 2.5772 2.8461 0.0452
2.9535 2.5772 2.8463 0.0454
2.9535 2.5772 2.8463 0.0454
2.9535 2.7214 2.8492 0.0365
2.9535 2.7214 2.8496 0.0362
2.9535 2.7214 2.8496 0.0362
2.9535 2.7214 2.8496 0.0362
2.9535 2.7214 2.8496 0.0362
2.9535 2.7214 2.8496 0.0362
2.9535 2.7214 2.8496 0.0362
2.9535 2.7214 2.8496 0.0362
2.9535 2.7214 2.8496 0.0362
2.9535 2.7214 2.8496 0.0362
2.9535 2.7214 2.8496 0.0362
2.9535 2.7214 2.8504 0.0353
2.9535 2.7214 2.8504 0.0353
2.9535 2.7214 2.8511 0.0348
2.9535 2.7214 2.8511 0.0348
2.9535 2.7214 2.8512 0.0348
2.9535 2.7214 2.8516 0.0349
2.9535 2.7214 2.8516 0.0349
2.9535 2.7214 2.8518 0.0345
2.9535 2.7214 2.8525 0.0337
2.9535 2.7214 2.8525 0.0337
2.9535 2.7214 2.8537 0.0347
2.9535 2.7214 2.8538 0.0347
2.9535 2.7214 2.8538 0.0347
2.9535 2.7214 2.8552 0.0323
2.9535 2.7214 2.8553 0.0324
2.9535 2.7214 2.8553 0.0324
2.9535 2.7214 2.8555 0.0324
2.9535 2.7564 2.8567 0.0295
2.9535 2.7564 2.8567 0.0295
2.9535 2.7564 2.8567 0.0295
2.9535 2.7564 2.8567 0.0295
2.9535 2.7564 2.8567 0.0295
2.9535 2.7564 2.8567 0.0295
2.9535 2.7564 2.8567 0.0295
2.9535 2.7564 2.8567 0.0295
2.9535 2.7564 2.8567 0.0295
2.9535 2.7564 2.8567 0.0295
2.9535 2.7564 2.8567 0.0295
2.9535 2.7564 2.8567 0.0295
2.9535 2.7564 2.8567 0.0295
2.9535 2.7564 2.8568 0.0295
2.9535 2.7564 2.8568 0.0295
2.9535 2.7564 2.8568 0.0295
2.9535 2.7564 2.8568 0.0295
2.9535 2.7564 2.8569 0.0295
2.9535 2.7564 2.8573 0.0296
2.9535 2.7564 2.8573 0.0296
2.9535 2.7564 2.8573 0.0296
2.9535 2.7564 2.8573 0.0296
2.9535 2.7564 2.8574 0.0296
2.9535 2.7564 2.8574 0.0296
2.9535 2.7564 2.8575 0.0296
2.9535 2.7564 2.8575 0.0296
2.9535 2.7564 2.8575 0.0296
2.9535 2.7564 2.8580 0.0290
2.9535 2.7564 2.8581 0.0290
2.9535 2.7564 2.8581 0.0290
2.9535 2.7564 2.8583 0.0291
2.9535 2.7564 2.8583 0.0291
2.9535 2.7564 2.8583 0.0291
2.9535 2.7564 2.8583 0.0291
2.9535 2.7564 2.8583 0.0291
2.9535 2.7564 2.8583 0.0291
2.9535 2.7564 2.8585 0.0291
2.9535 2.7564 2.8585 0.0291
2.9535 2.7564 2.8585 0.0291
2.9535 2.7564 2.8586 0.0291
2.9535 2.7564 2.8586 0.0291
2.9535 2.7564 2.8587 0.0290
2.9535 2.7564 2.8597 0.0302
2.9535 2.7564 2.8597 0.0302
2.9535 2.7564 2.8598 0.0301
2.9535 2.7564 2.8598 0.0301
2.9535 2.7564 2.8598 0.0301
2.9535 2.7564 2.8598 0.0301
2.9535 2.7564 2.8600 0.0303
2.9535 2.7564 2.8600 0.0303
2.9535 2.7564 2.8602 0.0302
2.9535 2.7564 2.8602 0.0302
2.9535 2.7564 2.8602 0.0302
2.9535 2.7564 2.8602 0.0302
2.9535 2.7564 2.8602 0.0302
2.9535 2.7564 2.8602 0.0302
2.9535 2.7564 2.8613 0.0318
2.9535 2.7564 2.8613 0.0318
2.9535 2.7564 2.8615 0.0319
2.9535 2.7564 2.8615 0.0319
2.9535 2.7564 2.8616 0.0319
2.9535 2.7564 2.8617 0.0320
2.9535 2.7564 2.8619 0.0319
2.9535 2.7564 2.8621 0.0319
2.9535 2.7564 2.8621 0.0319
2.9535 2.7564 2.8621 0.0319
2.9535 2.7564 2.8621 0.0319
2.9535 2.7564 2.8627 0.0328
2.9535 2.7564 2.8627 0.0328
2.9535 2.7564 2.8634 0.0331
2.9535 2.7564 2.8634 0.0331
2.9535 2.7564 2.8634 0.0331
2.9535 2.7564 2.8634 0.0331
2.9535 2.7564 2.8646 0.0341
2.9535 2.7564 2.8646 0.0341
2.9535 2.7564 2.8646 0.0341
2.9535 2.7564 2.8646 0.0341
2.9535 2.7564 2.8646 0.0341
2.9535 2.7564 2.8646 0.0341
2.9535 2.7564 2.8649 0.0340
2.9535 2.7564 2.8650 0.0339
2.9535 2.7564 2.8659 0.0348
2.9535 2.7564 2.8660 0.0347
2.9535 2.7564 2.8660 0.0347
2.9535 2.7564 2.8660 0.0347
2.9535 2.7564 2.8660 0.0347
2.9535 2.7564 2.8662 0.0346
2.9535 2.7564 2.8662 0.0346
2.9535 2.7564 2.8662 0.0346
2.9535 2.7564 2.8662 0.0346
2.9535 2.7564 2.8662 0.0346
2.9535 2.7564 2.8664 0.0346
2.9535 2.7564 2.8666 0.0345
2.9535 2.7564 2.8666 0.0345
2.9535 2.7564 2.8667 0.0345
2.9535 2.7564 2.8667 0.0345
2.9535 2.7564 2.8667 0.0345
2.9535 2.7564 2.8667 0.0345
2.9535 2.7564 2.8667 0.0345
2.9535 2.7564 2.8667 0.0345
2.9535 2.7564 2.8667 0.0345
2.9535 2.7564 2.8667 0.0345
2.9535 2.7564 2.8667 0.0345
2.9535 2.7564 2.8667 0.0345
2.9535 2.7564 2.8667 0.0345
2.9535 2.7564 2.8667 0.0345
2.9535 2.7564 2.8667 0.0345
2.9535 2.7564 2.8667 0.0345
2.9535 2.7564 2.8667 0.0345
2.9535 2.7564 2.8667 0.0345
2.9535 2.7564 2.8669 0.0345
2.9535 2.7564 2.8669 0.0345
2.9535 2.7564 2.8674 0.0339
2.9535 2.7564 2.8674 0.0339
2.9535 2.7564 2.8674 0.0339
2.9535 2.7564 2.8674 0.0339
2.9535 2.7564 2.8674 0.0339
2.9535 2.7564 2.8674 0.0339
2.9535 2.7564 2.8674 0.0339
2.9535 2.7564 2.8675 0.0339
2.9535 2.7564 2.8677 0.0339
2.9535 2.7564 2.8677 0.0339
2.9535 2.7564 2.8677 0.0339
2.9535 2.7564 2.8677 0.0339
2.9535 2.7564 2.8677 0.0339
2.9535 2.7564 2.8678 0.0339
2.9535 2.7564 2.8678 0.0339
2.9535 2.7564 2.8678 0.0339
2.9535 2.7564 2.8678 0.0339
2.9535 2.7564 2.8681 0.0339
2.9535 2.7564 2.8684 0.0340
2.9535 2.7564 2.8685 0.0340
2.9535 2.7564 2.8688 0.0340
2.9535 2.7564 2.8688 0.0340
2.9535 2.7564 2.8688 0.0340
2.9535 2.7564 2.8688 0.0340
2.9535 2.7564 2.8688 0.0340
2.9535 2.7564 2.8688 0.0340
2.9535 2.7564 2.8688 0.0340
2.9535 2.7564 2.8688 0.0340
2.9535 2.7564 2.8688 0.0340
2.9535 2.7564 2.8692 0.0340
2.9535 2.7781 2.8703 0.0321
2.9535 2.7781 2.8703 0.0321
2.9535 2.7781 2.8703 0.0320
2.9535 2.7781 2.8704 0.0320
2.9535 2.7781 2.8713 0.0328
2.9535 2.7781 2.8715 0.0329
2.9535 2.7781 2.8716 0.0329
2.9535 2.7781 2.8717 0.0329
2.9535 2.7895 2.8724 0.0315
2.9535 2.7895 2.8727 0.0319
2.9535 2.7895 2.8727 0.0319
2.9535 2.7895 2.8728 0.0318
2.9535 2.7895 2.8728 0.0318
2.9535 2.7895 2.8728 0.0318
2.9535 2.7895 2.8728 0.0318
2.9535 2.7895 2.8728 0.0318
2.9535 2.7895 2.8728 0.0318
2.9535 2.7895 2.8729 0.0318
2.9535 2.7895 2.8738 0.0327
2.9535 2.7895 2.8738 0.0327
2.9535 2.7895 2.8739 0.0327
2.9535 2.7895 2.8741 0.0327
2.9535 2.7895 2.8741 0.0327
2.9535 2.7895 2.8741 0.0327
2.9535 2.7895 2.8741 0.0327
2.9535 2.7895 2.8742 0.0327
2.9535 2.7895 2.8751 0.0334
2.9535 2.7895 2.8752 0.0333
2.9535 2.7895 2.8752 0.0333
2.9535 2.7895 2.8754 0.0333
2.9535 2.7895 2.8754 0.0333
2.9535 2.7895 2.8754 0.0333
2.9535 2.7895 2.8754 0.0333
2.9535 2.7895 2.8754 0.0333
2.9535 2.7895 2.8754 0.0333
2.9535 2.7895 2.8755 0.0333
2.9535 2.7895 2.8756 0.0333
2.9535 2.7895 2.8759 0.0334
2.9535 2.7895 2.8760 0.0336
2.9535 2.7895 2.8763 0.0335
2.9535 2.7895 2.8763 0.0335
2.9535 2.7895 2.8763 0.0335
2.9535 2.7895 2.8763 0.0335
2.9535 2.7895 2.8763 0.0335
2.9535 2.7939 2.8774 0.0324
2.9535 2.7939 2.8774 0.0323
2.9535 2.7939 2.8774 0.0323
2.9535 2.7939 2.8774 0.0323
2.9535 2.7939 2.8774 0.0323
2.9535 2.7939 2.8775 0.0323
2.9535 2.7939 2.8775 0.0323
2.9535 2.8068 2.8779 0.0315
2.9535 2.8068 2.8784 0.0313
2.9535 2.8068 2.8784 0.0313
2.9535 2.8068 2.8786 0.0313
2.9535 2.8068 2.8786 0.0313
2.9535 2.8068 2.8786 0.0313
2.9535 2.8068 2.8786 0.0313
2.9535 2.8068 2.8786 0.0313
2.9535 2.8068 2.8786 0.0313
2.9535 2.8068 2.8789 0.0312
2.9535 2.8068 2.8789 0.0312
2.9535 2.8068 2.8792 0.0312
2.9535 2.8068 2.8792 0.0312
2.9535 2.8068 2.8792 0.0312
2.9535 2.8068 2.8792 0.0312
2.9535 2.8068 2.8792 0.0312
2.9535 2.8068 2.8792 0.0312
2.9535 2.8068 2.8792 0.0312
2.9535 2.8068 2.8792 0.0312
2.9535 2.8068 2.8792 0.0312
2.9535 2.8068 2.8792 0.0312
2.9535 2.8068 2.8792 0.0312
2.9535 2.8068 2.8792 0.0312
2.9535 2.8068 2.8792 0.0312
2.9535 2.8068 2.8794 0.0312
2.9535 2.8068 2.8794 0.0312
2.9535 2.8068 2.8794 0.0312
2.9535 2.8068 2.8794 0.0312
2.9535 2.8068 2.8794 0.0311
2.9535 2.8068 2.8795 0.0312
2.9535 2.8068 2.8795 0.0312
2.9535 2.8068 2.8795 0.0312
2.9535 2.8068 2.8797 0.0312
2.9535 2.8068 2.8797 0.0312
2.9535 2.8068 2.8797 0.0312
2.9535 2.8068 2.8797 0.0312
2.9535 2.8068 2.8798 0.0312
2.9535 2.8068 2.8798 0.0312
2.9535 2.8068 2.8799 0.0311
2.9535 2.8068 2.8800 0.0311
2.9535 2.8068 2.8800 0.0311
2.9535 2.8068 2.8800 0.0311
2.9535 2.8068 2.8808 0.0319
2.9535 2.8068 2.8808 0.0319
2.9535 2.8068 2.8814 0.0324
2.9535 2.8334 2.8828 0.0323
2.9535 2.8334 2.8829 0.0323
2.9535 2.8334 2.8829 0.0323
2.9668 2.8334 2.8831 0.0326
2.9668 2.8334 2.8831 0.0326
2.9668 2.8334 2.8831 0.0326
2.9668 2.8334 2.8831 0.0326
2.9668 2.8334 2.8832 0.0326
2.9668 2.8334 2.8833 0.0326
2.9668 2.8334 2.8833 0.0326
2.9668 2.8334 2.8839 0.0322
2.9668 2.8334 2.8839 0.0322
2.9668 2.8334 2.8839 0.0322
2.9668 2.8334 2.8839 0.0321
2.9668 2.8334 2.8839 0.0321
2.9668 2.8334 2.8839 0.0321
2.9668 2.8334 2.8842 0.0321
2.9668 2.8334 2.8842 0.0321
2.9668 2.8334 2.8842 0.0321
2.9668 2.8334 2.8842 0.0321
2.9668 2.8334 2.8842 0.0321
2.9668 2.8334 2.8842 0.0321
2.9668 2.8334 2.8848 0.0328
2.9668 2.8334 2.8848 0.0328
2.9668 2.8334 2.8851 0.0328
2.9668 2.8334 2.8851 0.0328
2.9668 2.8334 2.8851 0.0328
2.9668 2.8334 2.8851 0.0328
2.9668 2.8334 2.8853 0.0327
2.9668 2.8334 2.8863 0.0329
2.9668 2.8334 2.8863 0.0329
2.9668 2.8334 2.8863 0.0329
2.9668 2.8334 2.8863 0.0329
2.9668 2.8334 2.8863 0.0329
2.9668 2.8334 2.8863 0.0329
2.9668 2.8334 2.8863 0.0329
2.9668 2.8334 2.8863 0.0329
2.9668 2.8334 2.8863 0.0329
2.9668 2.8334 2.8863 0.0329
2.9668 2.8334 2.8869 0.0333
2.9668 2.8334 2.8869 0.0333
2.9668 2.8334 2.8869 0.0333
2.9668 2.8334 2.8869 0.0333
2.9668 2.8334 2.8869 0.0333
2.9668 2.8334 2.8869 0.0333
2.9668 2.8334 2.8869 0.0334
2.9668 2.8334 2.8869 0.0334
2.9668 2.8334 2.8869 0.0334
2.9668 2.8334 2.8878 0.0341
2.9668 2.8334 2.8884 0.0345
2.9668 2.8334 2.8884 0.0345
2.9668 2.8334 2.8884 0.0345
2.9668 2.8334 2.8884 0.0345
2.9668 2.8334 2.8884 0.0345
2.9668 2.8334 2.8884 0.0345
2.9668 2.8334 2.8884 0.0345
2.9668 2.8334 2.8893 0.0351
2.9668 2.8334 2.8893 0.0351
2.9668 2.8334 2.8893 0.0351
2.9668 2.8334 2.8893 0.0352
2.9668 2.8334 2.8898 0.0356
2.9668 2.8334 2.8898 0.0356
2.9668 2.8334 2.8898 0.0356
2.9668 2.8334 2.8898 0.0356
2.9668 2.8334 2.8898 0.0356
2.9668 2.8334 2.8898 0.0356
2.9668 2.8334 2.8898 0.0356
2.9668 2.8334 2.8898 0.0356
2.9668 2.8334 2.8898 0.0356
2.9668 2.8334 2.8906 0.0361
2.9668 2.8334 2.8906 0.0361
2.9668 2.8334 2.8914 0.0364
2.9668 2.8334 2.8914 0.0364
2.9668 2.8334 2.8917 0.0362
2.9668 2.8334 2.8920 0.0360
2.9668 2.8334 2.8920 0.0360
2.9668 2.8334 2.8920 0.0360
2.9668 2.8334 2.8920 0.0360
2.9668 2.8334 2.8928 0.0364
2.9668 2.8334 2.8931 0.0363
2.9668 2.8334 2.8932 0.0363
2.9668 2.8334 2.8932 0.0363
2.9668 2.8334 2.8932 0.0363
2.9668 2.8334 2.8934 0.0362
2.9668 2.8334 2.8934 0.0362
2.9668 2.8334 2.8934 0.0362
2.9668 2.8334 2.8934 0.0362
2.9668 2.8334 2.8934 0.0362
2.9668 2.8334 2.8934 0.0362
2.9668 2.8334 2.8935 0.0364
2.9668 2.8334 2.8945 0.0366
2.9668 2.8334 2.8945 0.0366
2.9668 2.8334 2.8953 0.0367
2.9668 2.8413 2.8964 0.0365
2.9668 2.8413 2.8964 0.0365
2.9668 2.8413 2.8964 0.0365
2.9668 2.8441 2.8966 0.0362
2.9668 2.8441 2.8966 0.0362
2.9668 2.8441 2.8966 0.0362
2.9668 2.8441 2.8975 0.0362
2.9668 2.8441 2.8978 0.0361
2.9668 2.8441 2.8978 0.0361
2.9668 2.8441 2.8978 0.0361
2.9668 2.8441 2.8979 0.0360
2.9668 2.8441 2.8979 0.0360
2.9668 2.8441 2.8987 0.0360
2.9668 2.8441 2.8987 0.0360
2.9668 2.8441 2.8987 0.0360
2.9668 2.8441 2.8987 0.0360
2.9668 2.8441 2.8987 0.0360
2.9668 2.8441 2.8987 0.0360
2.9668 2.8441 2.8987 0.0360
2.9668 2.8441 2.8987 0.0360
2.9668 2.8441 2.8990 0.0358
2.9668 2.8441 2.8990 0.0358
2.9668 2.8441 2.8992 0.0357
2.9668 2.8441 2.8992 0.0357
2.9668 2.8441 2.8992 0.0357
2.9668 2.8441 2.8994 0.0356
2.9668 2.8441 2.8994 0.0356
2.9668 2.8441 2.8994 0.0356
2.9668 2.8441 2.8995 0.0356
2.9668 2.8441 2.8995 0.0356
2.9668 2.8441 2.8995 0.0356
2.9668 2.8441 2.8995 0.0356
2.9668 2.8441 2.8995 0.0356
2.9668 2.8441 2.8995 0.0356
2.9668 2.8441 2.8997 0.0354
2.9668 2.8441 2.8997 0.0354
2.9668 2.8441 2.8997 0.0354
2.9668 2.8441 2.8997 0.0354
2.9668 2.8441 2.8997 0.0354
2.9668 2.8441 2.8997 0.0354
2.9668 2.8441 2.8997 0.0354
2.9668 2.8441 2.8997 0.0354
2.9668 2.8441 2.8997 0.0354
2.9668 2.8441 2.8997 0.0354
2.9668 2.8441 2.9003 0.0358
2.9668 2.8441 2.9011 0.0363
2.9668 2.8441 2.9011 0.0363
2.9668 2.8441 2.9012 0.0365
2.9668 2.8441 2.9012 0.0365
2.9668 2.8441 2.9020 0.0368
2.9668 2.8441 2.9026 0.0371
2.9668 2.8441 2.9026 0.0371
2.9668 2.8441 2.9028 0.0373
2.9668 2.8441 2.9036 0.0375
2.9668 2.8441 2.9036 0.0375
2.9668 2.8441 2.9045 0.0376
2.9668 2.8441 2.9053 0.0377
2.9668 2.8441 2.9053 0.0377
2.9668 2.8441 2.9053 0.0377
2.9668 2.8441 2.9062 0.0378
2.9668 2.8441 2.9071 0.0381
2.9668 2.8441 2.9077 0.0382
2.9668 2.8441 2.9077 0.0382
2.9668 2.8441 2.9077 0.0382
2.9668 2.8441 2.9077 0.0382
2.9668 2.8441 2.9077 0.0382
2.9668 2.8441 2.9083 0.0385
2.9668 2.8441 2.9083 0.0385
2.9668 2.8441 2.9083 0.0385
2.9668 2.8489 2.9094 0.0382
2.9668 2.8489 2.9101 0.0380
2.9668 2.8489 2.9110 0.0380
2.9668 2.8489 2.9110 0.0380
2.9668 2.8489 2.9110 0.0380
2.9668 2.8489 2.9110 0.0380
2.9668 2.8489 2.9113 0.0378
2.9668 2.8489 2.9122 0.0378
2.9668 2.8489 2.9130 0.0379
2.9668 2.8489 2.9130 0.0379
2.9668 2.8489 2.9130 0.0379
2.9668 2.8489 2.9130 0.0379
2.9668 2.8489 2.9130 0.0379
2.9668 2.8489 2.9130 0.0379
2.9668 2.8489 2.9133 0.0377
2.9668 2.8489 2.9134 0.0375
2.9668 2.8489 2.9134 0.0375
2.9668 2.8489 2.9134 0.0375
2.9668 2.8489 2.9134 0.0375
2.9668 2.8489 2.9134 0.0375
2.9668 2.8489 2.9134 0.0375
2.9668 2.8489 2.9134 0.0375
2.9668 2.8489 2.9134 0.0375
2.9668 2.8489 2.9134 0.0375
2.9668 2.8489 2.9134 0.0375
2.9668 2.8489 2.9140 0.0375
2.9668 2.8489 2.9141 0.0376
2.9668 2.8489 2.9141 0.0376
2.9668 2.8489 2.9141 0.0376
2.9668 2.8489 2.9141 0.0376
2.9668 2.8489 2.9141 0.0376
2.9668 2.8489 2.9141 0.0376
2.9668 2.8489 2.9141 0.0376
2.9668 2.8489 2.9141 0.0376
2.9672 2.8489 2.9144 0.0379
2.9672 2.8489 2.9144 0.0379
2.9672 2.8489 2.9148 0.0375
2.9672 2.8489 2.9148 0.0375
2.9672 2.8489 2.9157 0.0372
2.9672 2.8489 2.9157 0.0372
2.9672 2.8489 2.9167 0.0369
2.9672 2.8489 2.9167 0.0369
2.9882 2.8489 2.9170 0.0374
2.9882 2.8489 2.9170 0.0374
2.9882 2.8489 2.9172 0.0376
2.9882 2.8489 2.9172 0.0376
2.9882 2.8489 2.9177 0.0376
2.9882 2.8489 2.9186 0.0380
2.9882 2.8489 2.9186 0.0380
2.9882 2.8489 2.9186 0.0380
2.9882 2.8489 2.9186 0.0380
2.9882 2.8489 2.9186 0.0380
2.9882 2.8489 2.9186 0.0380
2.9882 2.8489 2.9187 0.0379
2.9882 2.8489 2.9188 0.0380
2.9882 2.8489 2.9188 0.0380
2.9882 2.8489 2.9188 0.0380
2.9882 2.8489 2.9194 0.0380
2.9882 2.8489 2.9196 0.0381
2.9882 2.8489 2.9196 0.0381
2.9882 2.8489 2.9197 0.0380
2.9882 2.8489 2.9197 0.0380
2.9882 2.8489 2.9197 0.0380
2.9882 2.8489 2.9197 0.0380
2.9882 2.8489 2.9199 0.0380
2.9882 2.8489 2.9199 0.0380
2.9882 2.8489 2.9199 0.0380
2.9882 2.8489 2.9199 0.0380
2.9882 2.8489 2.9208 0.0374
2.9882 2.8489 2.9208 0.0374
2.9882 2.8489 2.9209 0.0375
2.9882 2.8489 2.9209 0.0375
2.9882 2.8489 2.9209 0.0375
2.9882 2.8489 2.9210 0.0377
2.9882 2.8489 2.9210 0.0377
2.9882 2.8489 2.9210 0.0377
2.9882 2.8489 2.9219 0.0374
2.9882 2.8489 2.9227 0.0374
2.9882 2.8489 2.9227 0.0374
2.9882 2.8489 2.9227 0.0374
2.9882 2.8489 2.9227 0.0374
2.9882 2.8489 2.9227 0.0374
2.9882 2.8489 2.9227 0.0374
2.9882 2.8489 2.9227 0.0374
2.9882 2.8489 2.9227 0.0374
2.9882 2.8489 2.9227 0.0374
2.9882 2.8489 2.9228 0.0375
2.9882 2.8489 2.9228 0.0375
2.9882 2.8489 2.9230 0.0377
2.9882 2.8489 2.9230 0.0377
2.9882 2.8489 2.9230 0.0377
2.9882 2.8489 2.9237 0.0378
2.9882 2.8489 2.9237 0.0378
2.9882 2.8489 2.9239 0.0377
2.9882 2.8489 2.9239 0.0377
2.9882 2.8489 2.9245 0.0376
2.9882 2.8489 2.9245 0.0376
2.9882 2.8489 2.9245 0.0376
2.9882 2.8489 2.9245 0.0376
2.9882 2.8489 2.9245 0.0376
2.9882 2.8489 2.9245 0.0376
2.9882 2.8489 2.9245 0.0376
2.9882 2.8489 2.9246 0.0377
2.9882 2.8489 2.9248 0.0380
2.9882 2.8489 2.9248 0.0380
2.9882 2.8489 2.9248 0.0380
2.9882 2.8489 2.9248 0.0380
2.9882 2.8489 2.9249 0.0379
2.9882 2.8489 2.9249 0.0379
2.9882 2.8489 2.9254 0.0377
2.9882 2.8489 2.9254 0.0377
2.9882 2.8489 2.9263 0.0373
2.9882 2.8489 2.9264 0.0372
2.9882 2.8489 2.9264 0.0372
2.9882 2.8489 2.9264 0.0372
2.9882 2.8489 2.9264 0.0372
2.9882 2.8489 2.9264 0.0372
2.9882 2.8489 2.9264 0.0372
2.9882 2.8489 2.9264 0.0372
2.9882 2.8489 2.9264 0.0372
2.9882 2.8489 2.9264 0.0372
2.9882 2.8489 2.9264 0.0372
2.9882 2.8489 2.9264 0.0372
2.9882 2.8489 2.9264 0.0372
2.9882 2.8542 2.9274 0.0365
2.9882 2.8542 2.9275 0.0364
2.9882 2.8542 2.9281 0.0363
2.9882 2.8542 2.9281 0.0363
2.9882 2.8542 2.9281 0.0363
2.9882 2.8542 2.9282 0.0364
2.9882 2.8542 2.9283 0.0365
2.9882 2.8542 2.9283 0.0365
2.9882 2.8542 2.9291 0.0366
2.9882 2.8542 2.9292 0.0366
2.9882 2.8542 2.9292 0.0366
2.9882 2.8542 2.9298 0.0365
2.9882 2.8542 2.9298 0.0365
2.9882 2.8542 2.9298 0.0365
2.9882 2.8542 2.9300 0.0366
2.9882 2.8542 2.9300 0.0366
2.9882 2.8542 2.9300 0.0366
2.9882 2.8542 2.9301 0.0367
2.9882 2.8542 2.9301 0.0367
2.9882 2.8542 2.9301 0.0367
2.9882 2.8542 2.9312 0.0360
2.9882 2.8542 2.9312 0.0360
2.9882 2.8542 2.9319 0.0360
2.9882 2.8542 2.9319 0.0360
2.9882 2.8542 2.9319 0.0360
2.9882 2.8542 2.9324 0.0358
2.9882 2.8542 2.9331 0.0355
2.9882 2.8542 2.9331 0.0355
2.9882 2.8542 2.9331 0.0355
2.9882 2.8542 2.9332 0.0356
2.9882 2.8542 2.9332 0.0356
2.9882 2.8542 2.9338 0.0351
2.9882 2.8542 2.9338 0.0351
2.9882 2.8542 2.9338 0.0352
2.9882 2.8542 2.9344 0.0349
2.9882 2.8542 2.9344 0.0349
2.9882 2.8542 2.9344 0.0349
2.9882 2.8542 2.9344 0.0349
2.9882 2.8542 2.9344 0.0349
2.9882 2.8542 2.9344 0.0349
2.9882 2.8542 2.9344 0.0349
2.9882 2.8542 2.9355 0.0341
2.9882 2.8542 2.9356 0.0341
2.9882 2.8542 2.9362 0.0340
2.9882 2.8542 2.9362 0.0340
2.9882 2.8542 2.9362 0.0340
2.9882 2.8542 2.9362 0.0340
2.9882 2.8542 2.9363 0.0341
2.9882 2.8542 2.9363 0.0341
2.9882 2.8542 2.9363 0.0341
2.9882 2.8542 2.9363 0.0341
2.9882 2.8542 2.9363 0.0341
2.9882 2.8542 2.9363 0.0341
2.9882 2.8542 2.9369 0.0339
2.9882 2.8542 2.9371 0.0339
2.9882 2.8542 2.9371 0.0339
2.9882 2.8542 2.9371 0.0339
2.9882 2.8542 2.9371 0.0339
2.9882 2.8542 2.9371 0.0339
2.9882 2.8542 2.9371 0.0339
2.9882 2.8542 2.9371 0.0339
2.9882 2.8542 2.9371 0.0339
2.9882 2.8542 2.9372 0.0340
2.9882 2.8542 2.9372 0.0340
2.9882 2.8542 2.9372 0.0340
2.9882 2.8542 2.9373 0.0340
2.9882 2.8542 2.9373 0.0340
2.9882 2.8542 2.9373 0.0340
2.9882 2.8542 2.9373 0.0340
2.9882 2.8542 2.9373 0.0340
2.9882 2.8542 2.9373 0.0340
2.9882 2.8542 2.9373 0.0340
2.9882 2.8542 2.9373 0.0340
2.9882 2.8542 2.9373 0.0340
2.9882 2.8542 2.9373 0.0340
2.9882 2.8542 2.9376 0.0340
2.9882 2.8542 2.9376 0.0340
2.9882 2.8542 2.9376 0.0340
2.9882 2.8542 2.9376 0.0340
2.9882 2.8542 2.9376 0.0340
2.9882 2.8542 2.9376 0.0340
2.9882 2.8542 2.9376 0.0340
2.9882 2.8542 2.9376 0.0340
2.9882 2.8542 2.9376 0.0340
2.9882 2.8542 2.9376 0.0340
2.9882 2.8542 2.9376 0.0340
2.9882 2.8542 2.9376 0.0340
2.9882 2.8542 2.9376 0.0340
2.9882 2.8542 2.9382 0.0336
2.9882 2.8542 2.9382 0.0336
2.9882 2.8542 2.9382 0.0336
2.9882 2.8542 2.9382 0.0336
2.9882 2.8542 2.9382 0.0336
2.9882 2.8542 2.9382 0.0336
2.9882 2.8542 2.9382 0.0336
2.9882 2.8542 2.9382 0.0336
2.9882 2.8542 2.9382 0.0336
2.9882 2.8542 2.9384 0.0337
2.9882 2.8542 2.9384 0.0337
2.9882 2.8542 2.9384 0.0337
2.9882 2.8542 2.9384 0.0337
2.9882 2.8542 2.9384 0.0337
2.9882 2.8542 2.9384 0.0337
2.9882 2.8542 2.9385 0.0337
2.9882 2.8542 2.9385 0.0337
2.9882 2.8542 2.9388 0.0339
2.9882 2.8542 2.9388 0.0339
2.9882 2.8542 2.9388 0.0338
2.9882 2.8542 2.9395 0.0334
2.9882 2.8572 2.9405 0.0323
2.9882 2.8572 2.9406 0.0324
2.9882 2.8572 2.9406 0.0324
2.9882 2.8572 2.9406 0.0324
2.9882 2.8572 2.9407 0.0324
2.9882 2.8572 2.9407 0.0324
2.9882 2.8572 2.9407 0.0324
2.9882 2.8572 2.9409 0.0325
2.9882 2.8572 2.9410 0.0325
2.9882 2.8572 2.9410 0.0325
2.9882 2.8572 2.9410 0.0325
2.9882 2.8572 2.9411 0.0326
2.9882 2.8572 2.9411 0.0326
2.9882 2.8572 2.9411 0.0326
2.9882 2.8572 2.9411 0.0326
2.9882 2.8572 2.9411 0.0326
2.9882 2.8572 2.9411 0.0326
2.9882 2.8572 2.9411 0.0326
2.9882 2.8572 2.9411 0.0326
2.9882 2.8572 2.9417 0.0322
2.9882 2.8572 2.9425 0.0318
2.9882 2.8572 2.9425 0.0318
2.9882 2.8572 2.9425 0.0318
2.9882 2.8572 2.9427 0.0319
2.9882 2.8572 2.9430 0.0312
2.9882 2.8572 2.9430 0.0312
2.9882 2.8572 2.9430 0.0312
2.9882 2.8572 2.9432 0.0314
2.9882 2.8572 2.9432 0.0314
3.0033 2.8572 2.9436 0.0318
3.0033 2.8572 2.9436 0.0318
3.0033 2.8572 2.9436 0.0318
3.0033 2.8572 2.9437 0.0318
3.0033 2.8572 2.9437 0.0318
3.0033 2.8572 2.9437 0.0318
3.0033 2.8572 2.9442 0.0316
3.0033 2.8572 2.9442 0.0316
3.0033 2.8572 2.9442 0.0316
3.0033 2.8572 2.9442 0.0316
3.0033 2.8572 2.9442 0.0316
3.0033 2.8572 2.9442 0.0316
3.0033 2.8572 2.9442 0.0316
3.0033 2.8572 2.9442 0.0316
3.0033 2.8572 2.9449 0.0311
3.0033 2.8572 2.9455 0.0305
3.0033 2.8572 2.9455 0.0305
3.0033 2.8572 2.9455 0.0305
3.0033 2.8623 2.9466 0.0293
3.0033 2.8623 2.9467 0.0294
3.0033 2.8623 2.9473 0.0289
3.0033 2.8623 2.9474 0.0289
3.0033 2.8623 2.9477 0.0291
3.0033 2.8623 2.9477 0.0291
3.0033 2.8623 2.9478 0.0292
3.0033 2.8623 2.9478 0.0292
3.0033 2.8659 2.9487 0.0279
3.0033 2.8659 2.9487 0.0279
3.0033 2.8659 2.9487 0.0279
3.0033 2.8659 2.9487 0.0279
3.0033 2.8659 2.9487 0.0279
3.0033 2.8659 2.9496 0.0274
3.0033 2.8659 2.9496 0.0274
3.0033 2.8659 2.9497 0.0275
3.0033 2.8659 2.9497 0.0275
3.0033 2.8659 2.9506 0.0268
3.0033 2.8659 2.9514 0.0258
3.0033 2.8659 2.9514 0.0258
3.0033 2.8659 2.9517 0.0260
3.0033 2.8659 2.9518 0.0261
3.0033 2.8659 2.9518 0.0261
3.0033 2.8659 2.9518 0.0261
3.0033 2.8659 2.9518 0.0261
3.0033 2.8659 2.9518 0.0261
3.0033 2.8659 2.9521 0.0252
3.0033 2.8659 2.9521 0.0252
3.0033 2.8659 2.9523 0.0253
3.0033 2.8659 2.9523 0.0253
3.0033 2.8659 2.9526 0.0248
3.0033 2.8659 2.9526 0.0248
3.0033 2.8659 2.9526 0.0248
3.0033 2.8659 2.9526 0.0248
3.0033 2.8659 2.9526 0.0248
3.0033 2.8659 2.9526 0.0248
3.0033 2.8659 2.9526 0.0248
3.0033 2.8659 2.9534 0.0242
3.0033 2.8659 2.9534 0.0242
3.0033 2.8659 2.9534 0.0242
3.0033 2.8659 2.9534 0.0242
3.0033 2.8659 2.9534 0.0242
3.0033 2.8659 2.9536 0.0242
3.0033 2.8659 2.9544 0.0236
3.0033 2.8659 2.9544 0.0236
3.0033 2.8659 2.9544 0.0236
3.0033 2.8659 2.9544 0.0236
3.0033 2.8659 2.9544 0.0236
3.0033 2.8659 2.9544 0.0236
3.0033 2.8659 2.9549 0.0236
3.0033 2.8659 2.9549 0.0236
3.0033 2.8659 2.9549 0.0236
3.0033 2.8659 2.9549 0.0236
3.0033 2.8659 2.9550 0.0236
3.0033 2.8659 2.9552 0.0238
3.0033 2.8659 2.9552 0.0238
3.0033 2.8659 2.9553 0.0238
3.0033 2.8659 2.9555 0.0238
3.0033 2.8659 2.9556 0.0239
3.0033 2.8659 2.9556 0.0239
3.0033 2.8659 2.9556 0.0239
3.0033 2.8659 2.9558 0.0240
3.0033 2.8659 2.9558 0.0240
3.0033 2.8659 2.9566 0.0233
3.0033 2.8659 2.9566 0.0233
3.0033 2.8659 2.9567 0.0233
3.0033 2.8659 2.9568 0.0233
3.0033 2.8659 2.9570 0.0236
3.0033 2.8659 2.9571 0.0235
3.0033 2.8659 2.9578 0.0225
3.0033 2.8659 2.9578 0.0225
3.0033 2.8659 2.9578 0.0225
3.0033 2.8659 2.9578 0.0225
3.0033 2.8659 2.9578 0.0225
3.0033 2.8659 2.9578 0.0225
3.0033 2.8659 2.9578 0.0225
3.0033 2.8659 2.9586 0.0215
3.0033 2.8659 2.9586 0.0215
3.0033 2.8659 2.9586 0.0215
3.0033 2.8659 2.9586 0.0215
3.0033 2.8659 2.9586 0.0215
3.0033 2.8659 2.9586 0.0215
3.0033 2.8659 2.9586 0.0215
3.0033 2.8659 2.9586 0.0215
3.0033 2.8772 2.9597 0.0194
3.0033 2.8772 2.9597 0.0194
3.0033 2.8772 2.9597 0.0194
3.0033 2.8772 2.9597 0.0194
3.0033 2.8772 2.9597 0.0194
3.0033 2.8772 2.9599 0.0195
3.0033 2.8772 2.9601 0.0195
3.0033 2.8772 2.9607 0.0181
3.0033 2.8772 2.9609 0.0182
3.0033 2.8947 2.9617 0.0161
3.0033 2.8947 2.9619 0.0161
3.0033 2.8947 2.9619 0.0161
3.0033 2.8947 2.9621 0.0164
3.0033 2.8947 2.9621 0.0164
3.0033 2.8947 2.9621 0.0164
3.0033 2.8947 2.9622 0.0163
3.0033 2.8947 2.9622 0.0164
3.0033 2.8947 2.9622 0.0164
3.0033 2.8947 2.9624 0.0164
3.0033 2.8947 2.9627 0.0166
3.0033 2.8947 2.9627 0.0166
3.0033 2.8947 2.9629 0.0165
3.0033 2.8947 2.9629 0.0165
3.0033 2.8947 2.9629 0.0165
3.0033 2.8947 2.9629 0.0165
3.0033 2.8947 2.9629 0.0165
3.0033 2.8947 2.9629 0.0165
3.0033 2.8947 2.9629 0.0165
3.0033 2.8947 2.9629 0.0166
3.0033 2.8947 2.9629 0.0166
3.0033 2.8947 2.9630 0.0166
3.0033 2.8947 2.9630 0.0166
3.0033 2.8947 2.9630 0.0166
3.0033 2.8947 2.9630 0.0166
3.0033 2.8947 2.9635 0.0153
3.0033 2.8947 2.9635 0.0153
3.0033 2.8947 2.9640 0.0158
3.0033 2.8947 2.9643 0.0158
3.0033 2.8947 2.9644 0.0158
3.0033 2.8947 2.9646 0.0158
3.0033 2.8947 2.9646 0.0158
3.0033 2.8947 2.9648 0.0157
3.0033 2.8947 2.9648 0.0157
3.0033 2.8947 2.9649 0.0157
3.0033 2.8947 2.9650 0.0156
3.0033 2.8947 2.9654 0.0157
3.0033 2.8947 2.9654 0.0157
3.0033 2.8947 2.9654 0.0157
3.0033 2.8947 2.9657 0.0159
3.0033 2.8947 2.9657 0.0159
3.0033 2.8947 2.9657 0.0159
3.0033 2.8947 2.9657 0.0159
3.0033 2.8947 2.9657 0.0159
3.0033 2.8947 2.9658 0.0158
3.0033 2.8947 2.9667 0.0149
3.0033 2.8947 2.9667 0.0149
3.0033 2.8947 2.9667 0.0149
3.0033 2.8947 2.9668 0.0149
3.0033 2.8947 2.9668 0.0149
3.0033 2.8947 2.9668 0.0149
3.0033 2.8947 2.9668 0.0149
3.0033 2.8947 2.9669 0.0149
3.0033 2.8947 2.9670 0.0148
3.0033 2.8947 2.9670 0.0148
3.0033 2.8947 2.9670 0.0148
3.0033 2.8947 2.9672 0.0150
3.0033 2.8947 2.9672 0.0150
3.0033 2.8947 2.9672 0.0150
3.0033 2.8947 2.9672 0.0150
3.0033 2.8947 2.9672 0.0150
3.0033 2.8947 2.9672 0.0150
3.0033 2.8947 2.9672 0.0150
3.0033 2.8947 2.9672 0.0150
3.0033 2.8947 2.9672 0.0150
3.0033 2.8947 2.9674 0.0149
3.0033 2.8947 2.9674 0.0149
3.0033 2.8947 2.9674 0.0149
3.0033 2.8947 2.9675 0.0150
3.0033 2.8947 2.9675 0.0150
3.0033 2.8947 2.9675 0.0149
3.0033 2.8947 2.9676 0.0149
3.0033 2.8947 2.9677 0.0149
3.0033 2.8947 2.9677 0.0149
3.0033 2.8947 2.9678 0.0149
3.0033 2.8947 2.9678 0.0149
3.0033 2.8947 2.9678 0.0149
3.0033 2.8947 2.9680 0.0149
3.0033 2.8947 2.9681 0.0150
3.0033 2.8947 2.9681 0.0150
3.0033 2.8947 2.9682 0.0149
3.0033 2.8947 2.9682 0.0149
3.0110 2.8947 2.9683 0.0151
3.0110 2.8947 2.9684 0.0150
3.0110 2.8947 2.9684 0.0150
3.0110 2.8947 2.9684 0.0150
3.0110 2.8947 2.9684 0.0151
3.0110 2.8947 2.9684 0.0151
3.0110 2.8947 2.9687 0.0148
3.0110 2.8947 2.9687 0.0148
3.0110 2.8947 2.9687 0.0148
3.0110 2.8947 2.9687 0.0148
3.0110 2.8947 2.9689 0.0148
3.0110 2.8947 2.9689 0.0148
3.0110 2.8947 2.9692 0.0149
3.0110 2.8947 2.9694 0.0148
3.0110 2.8947 2.9694 0.0148
3.0110 2.8947 2.9696 0.0150
3.0110 2.8947 2.9696 0.0150
3.0110 2.8947 2.9696 0.0150
3.0110 2.8947 2.9696 0.0150
3.0110 2.8947 2.9696 0.0150
3.0110 2.8947 2.9696 0.0150
3.0110 2.8947 2.9696 0.0150
3.0110 2.8947 2.9696 0.0150
3.0110 2.8947 2.9696 0.0150
3.0110 2.8947 2.9698 0.0151
3.0110 2.8947 2.9698 0.0151
3.0110 2.8947 2.9700 0.0152
3.0110 2.8947 2.9700 0.0152
3.0110 2.8947 2.9702 0.0152
3.0110 2.8947 2.9704 0.0152
3.0110 2.8947 2.9706 0.0153
3.0110 2.8947 2.9706 0.0153
3.0110 2.8947 2.9707 0.0153
3.0110 2.8947 2.9710 0.0155
3.0110 2.8947 2.9711 0.0156
3.0110 2.8947 2.9711 0.0156
3.0110 2.8947 2.9711 0.0156
3.0110 2.8947 2.9711 0.0156
3.0110 2.8947 2.9711 0.0156
3.0110 2.8947 2.9711 0.0156
3.0110 2.8947 2.9712 0.0157
3.0110 2.8947 2.9714 0.0156
3.0110 2.8947 2.9714 0.0156
3.0110 2.8947 2.9716 0.0155
3.0110 2.8947 2.9716 0.0155
3.0110 2.8947 2.9716 0.0155
3.0110 2.8947 2.9716 0.0155
3.0110 2.8947 2.9717 0.0155
3.0110 2.8947 2.9717 0.0155
3.0110 2.8947 2.9717 0.0155
3.0110 2.8947 2.9717 0.0155
3.0110 2.8947 2.9717 0.0155
3.0110 2.8947 2.9719 0.0157
3.0110 2.8947 2.9719 0.0158
3.0110 2.8947 2.9719 0.0158
3.0110 2.8947 2.9719 0.0158
3.0110 2.8947 2.9719 0.0158
3.0110 2.8947 2.9720 0.0159
3.0110 2.8947 2.9722 0.0158
3.0110 2.8947 2.9723 0.0157
3.0110 2.8947 2.9723 0.0157
3.0110 2.8947 2.9725 0.0155
3.0110 2.8947 2.9726 0.0155
3.0110 2.8947 2.9727 0.0157
3.0110 2.8947 2.9727 0.0157
3.0110 2.8947 2.9730 0.0157
3.0110 2.8947 2.9730 0.0157
3.0110 2.8947 2.9731 0.0156
3.0110 2.8947 2.9731 0.0156
3.0110 2.8947 2.9731 0.0156
3.0110 2.8947 2.9731 0.0156
3.0110 2.8947 2.9733 0.0155
3.0110 2.8947 2.9733 0.0155
3.0110 2.8947 2.9736 0.0155
3.0110 2.8947 2.9736 0.0155
3.0110 2.8947 2.9736 0.0155
3.0110 2.8947 2.9736 0.0155
3.0110 2.8947 2.9737 0.0155
3.0110 2.8947 2.9737 0.0156
3.0110 2.8947 2.9737 0.0156
3.0110 2.8947 2.9739 0.0155
3.0110 2.8947 2.9740 0.0155
3.0110 2.8947 2.9742 0.0154
3.0110 2.8947 2.9742 0.0154
3.0110 2.8947 2.9742 0.0154
3.0110 2.8947 2.9742 0.0154
3.0110 2.8947 2.9742 0.0154
3.0110 2.8947 2.9744 0.0155
3.0110 2.8947 2.9744 0.0155
3.0110 2.8947 2.9744 0.0155
3.0110 2.8947 2.9744 0.0155
3.0110 2.8947 2.9746 0.0157
3.0110 2.8947 2.9746 0.0157
3.0110 2.8947 2.9747 0.0157
3.0110 2.8947 2.9747 0.0157
3.0110 2.8947 2.9751 0.0157
3.0110 2.8947 2.9752 0.0157
3.0110 2.8947 2.9752 0.0157
3.0110 2.8947 2.9752 0.0157
3.0110 2.8947 2.9753 0.0157
3.0110 2.8947 2.9753 0.0157
3.0110 2.8947 2.9754 0.0157
3.0110 2.8947 2.9756 0.0159
3.0110 2.8947 2.9758 0.0158
3.0110 2.8947 2.9758 0.0158
3.0110 2.8947 2.9758 0.0158
3.0110 2.8947 2.9759 0.0158
3.0110 2.9423 2.9768 0.0136
3.0110 2.9423 2.9770 0.0135
3.0110 2.9423 2.9770 0.0135
3.0110 2.9423 2.9770 0.0135
3.0110 2.9423 2.9770 0.0135
3.0110 2.9423 2.9770 0.0135
3.0110 2.9423 2.9770 0.0135
3.0110 2.9423 2.9770 0.0135
3.0110 2.9423 2.9770 0.0135
3.0110 2.9423 2.9770 0.0135
3.0110 2.9423 2.9770 0.0135
3.0110 2.9423 2.9771 0.0135
3.0110 2.9423 2.9772 0.0136
3.0110 2.9423 2.9772 0.0136
3.0110 2.9423 2.9772 0.0136
3.0110 2.9423 2.9772 0.0136
3.0110 2.9423 2.9772 0.0136
3.0110 2.9423 2.9773 0.0137
3.0110 2.9423 2.9774 0.0138
3.0110 2.9423 2.9774 0.0138
3.0110 2.9423 2.9775 0.0138
3.0110 2.9423 2.9777 0.0137
3.0110 2.9423 2.9777 0.0137
3.0110 2.9423 2.9777 0.0137
3.0110 2.9423 2.9779 0.0138
3.0110 2.9423 2.9779 0.0138
3.0110 2.9423 2.9779 0.0138
3.0110 2.9423 2.9783 0.0136
3.0110 2.9423 2.9785 0.0137
3.0110 2.9423 2.9787 0.0134
3.0110 2.9423 2.9789 0.0135
3.0110 2.9423 2.9791 0.0133
3.0110 2.9423 2.9791 0.0133
3.0110 2.9423 2.9791 0.0133
3.0110 2.9423 2.9791 0.0133
3.0110 2.9423 2.9791 0.0133
3.0110 2.9423 2.9791 0.0133
3.0110 2.9423 2.9791 0.0133
3.0110 2.9423 2.9791 0.0133
3.0110 2.9423 2.9794 0.0136
3.0110 2.9423 2.9794 0.0136
3.0110 2.9423 2.9794 0.0136
3.0110 2.9423 2.9796 0.0137
3.0110 2.9423 2.9796 0.0137
3.0110 2.9423 2.9796 0.0137
3.0110 2.9423 2.9797 0.0136
3.0110 2.9423 2.9799 0.0136
3.0110 2.9423 2.9799 0.0136
3.0110 2.9423 2.9799 0.0136
3.0110 2.9423 2.9799 0.0136
3.0110 2.9423 2.9799 0.0136
3.0110 2.9423 2.9800 0.0137
3.0110 2.9423 2.9800 0.0137
3.0110 2.9423 2.9801 0.0136
3.0110 2.9423 2.9801 0.0136
3.0110 2.9423 2.9802 0.0134
3.0110 2.9423 2.9802 0.0134
3.0110 2.9423 2.9802 0.0135
3.0110 2.9423 2.9803 0.0135
3.0110 2.9423 2.9807 0.0133
3.0110 2.9423 2.9807 0.0133
3.0110 2.9423 2.9808 0.0133
3.0110 2.9423 2.9809 0.0131
3.0110 2.9423 2.9810 0.0131
3.0110 2.9423 2.9810 0.0131
3.0110 2.9423 2.9812 0.0132
3.0110 2.9423 2.9812 0.0132
3.0110 2.9423 2.9812 0.0132
3.0110 2.9423 2.9812 0.0132
3.0110 2.9423 2.9812 0.0132
3.0110 2.9423 2.9813 0.0132
3.0110 2.9423 2.9813 0.0132
3.0110 2.9423 2.9813 0.0132
3.0110 2.9423 2.9814 0.0133
3.0110 2.9423 2.9814 0.0133
3.0110 2.9423 2.9814 0.0133
3.0110 2.9423 2.9814 0.0133
3.0110 2.9423 2.9814 0.0133
3.0110 2.9423 2.9815 0.0133
3.0110 2.9423 2.9815 0.0133
3.0110 2.9423 2.9815 0.0133
3.0110 2.9423 2.9815 0.0133
3.0110 2.9423 2.9817 0.0134
3.0110 2.9423 2.9817 0.0134
3.0110 2.9423 2.9817 0.0134
3.0110 2.9423 2.9820 0.0134
3.0110 2.9423 2.9823 0.0132
3.0110 2.9423 2.9823 0.0132
3.0110 2.9423 2.9823 0.0132
3.0110 2.9423 2.9823 0.0132
3.0110 2.9423 2.9826 0.0133
3.0110 2.9423 2.9829 0.0134
3.0110 2.9423 2.9833 0.0130
3.0110 2.9423 2.9837 0.0127
3.0110 2.9523 2.9843 0.0121
3.0110 2.9523 2.9845 0.0122
3.0110 2.9523 2.9846 0.0122
3.0110 2.9523 2.9846 0.0122
3.0110 2.9523 2.9846 0.0122
3.0110 2.9523 2.9846 0.0122
3.0110 2.9523 2.9846 0.0122
3.0110 2.9523 2.9846 0.0122
3.0110 2.9523 2.9847 0.0122
3.0110 2.9523 2.9848 0.0123
3.0110 2.9523 2.9848 0.0123
3.0110 2.9523 2.9849 0.0122
3.0110 2.9523 2.9849 0.0122
3.0110 2.9523 2.9850 0.0121
3.0110 2.9565 2.9852 0.0117
3.0110 2.9565 2.9853 0.0117
3.0110 2.9565 2.9853 0.0117
3.0110 2.9565 2.9853 0.0117
3.0110 2.9565 2.9854 0.0118
3.0110 2.9565 2.9854 0.0118
3.0110 2.9565 2.9854 0.0118
3.0110 2.9565 2.9854 0.0118
3.0110 2.9565 2.9856 0.0117
3.0110 2.9565 2.9856 0.0117
3.0110 2.9565 2.9856 0.0117
3.0110 2.9565 2.9857 0.0117
3.0110 2.9565 2.9860 0.0114
3.0110 2.9565 2.9860 0.0114
3.0110 2.9565 2.9860 0.0114
3.0110 2.9565 2.9862 0.0114
3.0110 2.9565 2.9864 0.0114
3.0110 2.9565 2.9866 0.0114
3.0110 2.9565 2.9869 0.0112
3.0110 2.9565 2.9870 0.0112
3.0110 2.9565 2.9870 0.0112
3.0110 2.9565 2.9870 0.0112
3.0110 2.9565 2.9870 0.0112
3.0110 2.9565 2.9872 0.0111
3.0110 2.9565 2.9872 0.0112
3.0110 2.9565 2.9872 0.0112
3.0110 2.9565 2.9873 0.0112
3.0110 2.9565 2.9875 0.0112
3.0110 2.9565 2.9877 0.0112
3.0110 2.9565 2.9877 0.0112
3.0110 2.9565 2.9878 0.0113
3.0110 2.9565 2.9879 0.0112
3.0110 2.9565 2.9879 0.0112
3.0110 2.9565 2.9879 0.0112
3.0110 2.9565 2.9879 0.0112
3.0110 2.9565 2.9879 0.0112
3.0110 2.9565 2.9879 0.0112
3.0110 2.9565 2.9879 0.0112
3.0110 2.9565 2.9881 0.0112
3.0110 2.9565 2.9882 0.0112
3.0110 2.9565 2.9882 0.0112
3.0110 2.9565 2.9884 0.0112
3.0110 2.9565 2.9884 0.0112
3.0110 2.9565 2.9885 0.0112
3.0110 2.9565 2.9887 0.0112
3.0110 2.9565 2.9887 0.0112
3.0110 2.9565 2.9887 0.0112
3.0110 2.9565 2.9887 0.0112
3.0110 2.9565 2.9887 0.0112
3.0110 2.9565 2.9887 0.0112
3.0110 2.9565 2.9890 0.0110
3.0110 2.9565 2.9891 0.0111
3.0110 2.9565 2.9892 0.0111
3.0110 2.9565 2.9892 0.0111
3.0110 2.9565 2.9892 0.0111
3.0110 2.9565 2.9892 0.0111
3.0110 2.9565 2.9892 0.0111
3.0110 2.9565 2.9893 0.0112
3.0110 2.9565 2.9893 0.0112
3.0110 2.9565 2.9893 0.0112
3.0110 2.9565 2.9896 0.0108
3.0110 2.9565 2.9899 0.0107
3.0110 2.9565 2.9900 0.0108
3.0110 2.9565 2.9900 0.0108
3.0110 2.9565 2.9902 0.0107
3.0110 2.9565 2.9902 0.0107
3.0110 2.9565 2.9902 0.0107
3.0110 2.9565 2.9904 0.0105
3.0110 2.9565 2.9905 0.0105
3.0110 2.9565 2.9905 0.0105
3.0175 2.9565 2.9909 0.0108
3.0175 2.9565 2.9909 0.0108
3.0175 2.9565 2.9909 0.0108
3.0175 2.9565 2.9911 0.0108
3.0175 2.9565 2.9911 0.0108
3.0175 2.9565 2.9911 0.0109
3.0175 2.9565 2.9911 0.0109
3.0175 2.9565 2.9913 0.0107
3.0175 2.9565 2.9913 0.0108
3.0175 2.9565 2.9913 0.0108
3.0175 2.9565 2.9915 0.0109
3.0175 2.9565 2.9917 0.0108
3.0175 2.9565 2.9917 0.0108
3.0175 2.9565 2.9917 0.0108
3.0175 2.9565 2.9917 0.0108
3.0175 2.9565 2.9917 0.0108
3.0175 2.9565 2.9918 0.0108
3.0175 2.9565 2.9919 0.0108
3.0175 2.9565 2.9919 0.0107
3.0175 2.9565 2.9922 0.0105
3.0175 2.9565 2.9922 0.0105
3.0175 2.9565 2.9924 0.0105
3.0175 2.9565 2.9924 0.0105
3.0175 2.9565 2.9924 0.0105
3.0175 2.9565 2.9924 0.0105
3.0175 2.9565 2.9925 0.0105
3.0175 2.9565 2.9927 0.0104
3.0175 2.9565 2.9927 0.0104
3.0175 2.9565 2.9927 0.0104
3.0175 2.9565 2.9927 0.0105
3.0175 2.9565 2.9927 0.0105
3.0175 2.9565 2.9928 0.0104
3.0175 2.9565 2.9928 0.0105
3.0175 2.9565 2.9931 0.0103
3.0175 2.9565 2.9931 0.0103
3.0175 2.9565 2.9933 0.0102
3.0175 2.9565 2.9933 0.0102
3.0175 2.9565 2.9933 0.0102
3.0175 2.9565 2.9933 0.0102
3.0175 2.9565 2.9934 0.0103
3.0175 2.9565 2.9936 0.0102
3.0175 2.9565 2.9936 0.0102
3.0175 2.9565 2.9936 0.0102
3.0175 2.9565 2.9936 0.0101
3.0175 2.9565 2.9936 0.0101
3.0175 2.9565 2.9939 0.0098
3.0175 2.9565 2.9939 0.0098
3.0175 2.9565 2.9939 0.0098
3.0175 2.9565 2.9939 0.0098
3.0175 2.9565 2.9940 0.0098
3.0175 2.9565 2.9940 0.0098
3.0175 2.9565 2.9940 0.0098
3.0175 2.9565 2.9940 0.0099
3.0175 2.9565 2.9940 0.0099
3.0175 2.9565 2.9940 0.0099
3.0250 2.9565 2.9944 0.0103
3.0250 2.9565 2.9944 0.0102
3.0250 2.9565 2.9945 0.0103
3.0250 2.9565 2.9946 0.0103
3.0250 2.9565 2.9946 0.0103
3.0250 2.9565 2.9946 0.0103
3.0250 2.9565 2.9946 0.0103
3.0250 2.9565 2.9946 0.0103
3.0250 2.9565 2.9946 0.0103
3.0250 2.9565 2.9947 0.0103
3.0250 2.9565 2.9948 0.0103
3.0250 2.9565 2.9949 0.0103
3.0250 2.9565 2.9949 0.0103
3.0250 2.9565 2.9950 0.0103
3.0250 2.9565 2.9950 0.0103
3.0250 2.9565 2.9950 0.0103
3.0250 2.9565 2.9951 0.0103
3.0250 2.9565 2.9951 0.0103
3.0250 2.9565 2.9951 0.0103
3.0250 2.9565 2.9952 0.0103
3.0250 2.9565 2.9952 0.0103
3.0250 2.9565 2.9952 0.0103
3.0250 2.9565 2.9952 0.0103
3.0250 2.9565 2.9952 0.0103
3.0250 2.9565 2.9954 0.0102
3.0250 2.9565 2.9957 0.0100
3.0250 2.9565 2.9957 0.0100
3.0250 2.9565 2.9960 0.0103
3.0250 2.9565 2.9960 0.0103
3.0250 2.9565 2.9960 0.0103
3.0250 2.9565 2.9961 0.0102
3.0250 2.9565 2.9962 0.0100
3.0250 2.9565 2.9964 0.0104
3.0250 2.9565 2.9965 0.0104
3.0250 2.9565 2.9966 0.0104
3.0250 2.9565 2.9966 0.0104
3.0250 2.9565 2.9966 0.0104
3.0250 2.9565 2.9967 0.0104
3.0250 2.9565 2.9967 0.0104
3.0250 2.9565 2.9968 0.0104
3.0250 2.9565 2.9968 0.0104
3.0250 2.9565 2.9972 0.0098
3.0250 2.9565 2.9972 0.0098
3.0250 2.9565 2.9973 0.0098
3.0250 2.9565 2.9973 0.0098
3.0250 2.9565 2.9973 0.0098
3.0250 2.9565 2.9973 0.0098
3.0250 2.9565 2.9973 0.0098
3.0250 2.9565 2.9973 0.0098
3.0250 2.9565 2.9973 0.0098
3.0250 2.9565 2.9973 0.0098
3.0250 2.9565 2.9974 0.0098
3.0250 2.9565 2.9974 0.0098
3.0250 2.9565 2.9974 0.0098
3.0250 2.9565 2.9975 0.0099
3.0250 2.9565 2.9976 0.0099
3.0250 2.9565 2.9976 0.0099
3.0250 2.9565 2.9976 0.0099
3.0250 2.9672 2.9979 0.0090
3.0250 2.9672 2.9979 0.0090
3.0250 2.9672 2.9982 0.0094
3.0250 2.9672 2.9982 0.0094
3.0250 2.9672 2.9982 0.0094
3.0250 2.9672 2.9983 0.0094
3.0250 2.9672 2.9983 0.0094
3.0250 2.9672 2.9983 0.0094
3.0250 2.9672 2.9983 0.0094
3.0250 2.9672 2.9983 0.0094
3.0250 2.9672 2.9983 0.0094
3.0253 2.9672 2.9985 0.0098
3.0253 2.9672 2.9985 0.0098
3.0253 2.9672 2.9986 0.0098
3.0253 2.9672 2.9987 0.0098
3.0253 2.9672 2.9989 0.0099
3.0253 2.9672 2.9991 0.0097
3.0253 2.9672 2.9991 0.0097
3.0253 2.9672 2.9991 0.0097
3.0253 2.9672 2.9993 0.0100
3.0253 2.9672 2.9994 0.0099
3.0253 2.9672 2.9997 0.0096
3.0253 2.9672 2.9997 0.0096
3.0253 2.9672 2.9999 0.0099
3.0253 2.9672 2.9999 0.0099
3.0253 2.9672 3.0000 0.0099
3.0253 2.9672 3.0002 0.0100
3.0253 2.9672 3.0002 0.0100
3.0253 2.9672 3.0002 0.0100
3.0253 2.9672 3.0002 0.0100
3.0253 2.9672 3.0002 0.0100
3.0253 2.9672 3.0002 0.0100
3.0253 2.9672 3.0002 0.0100
3.0253 2.9672 3.0002 0.0100
3.0253 2.9672 3.0003 0.0099
3.0253 2.9672 3.0004 0.0099
3.0253 2.9672 3.0004 0.0099
3.0253 2.9672 3.0004 0.0099
3.0253 2.9672 3.0004 0.0099
3.0253 2.9672 3.0005 0.0100
3.0253 2.9672 3.0005 0.0100
3.0253 2.9672 3.0005 0.0100
3.0253 2.9672 3.0006 0.0100
3.0253 2.9672 3.0008 0.0102
3.0253 2.9672 3.0011 0.0105
3.0253 2.9672 3.0011 0.0105
3.0253 2.9672 3.0011 0.0105
3.0253 2.9672 3.0011 0.0105
3.0253 2.9672 3.0011 0.0105
3.0253 2.9672 3.0011 0.0105
3.0253 2.9672 3.0012 0.0105
3.0253 2.9672 3.0012 0.0105
3.0253 2.9672 3.0012 0.0105
3.0401 2.9672 3.0018 0.0116
3.0401 2.9672 3.0018 0.0116
3.0401 2.9777 3.0024 0.0113
3.0401 2.9777 3.0024 0.0113
3.0401 2.9777 3.0027 0.0113
3.0401 2.9777 3.0027 0.0113
3.0401 2.9777 3.0027 0.0113
3.0401 2.9777 3.0027 0.0113
3.0401 2.9777 3.0027 0.0113
3.0401 2.9777 3.0027 0.0113
3.0401 2.9777 3.0027 0.0113
3.0401 2.9777 3.0027 0.0113
3.0401 2.9777 3.0030 0.0116
3.0401 2.9777 3.0030 0.0116
3.0401 2.9777 3.0030 0.0116
3.0401 2.9777 3.0030 0.0116
3.0401 2.9777 3.0031 0.0116
3.0401 2.9777 3.0031 0.0116
3.0401 2.9777 3.0031 0.0116
3.0401 2.9777 3.0031 0.0116
3.0401 2.9777 3.0032 0.0116
3.0401 2.9777 3.0032 0.0116
3.0401 2.9777 3.0032 0.0116
3.0401 2.9777 3.0032 0.0116
3.0401 2.9777 3.0032 0.0116
3.0401 2.9777 3.0034 0.0115
3.0401 2.9777 3.0034 0.0115
3.0401 2.9777 3.0034 0.0115
3.0401 2.9777 3.0036 0.0113
3.0401 2.9777 3.0037 0.0113
3.0401 2.9777 3.0037 0.0113
3.0401 2.9777 3.0039 0.0115
3.0401 2.9777 3.0039 0.0115
3.0401 2.9777 3.0039 0.0115
3.0401 2.9777 3.0039 0.0115
3.0401 2.9777 3.0039 0.0115
3.0401 2.9777 3.0039 0.0115
3.0401 2.9777 3.0039 0.0115
3.0401 2.9792 3.0042 0.0112
3.0401 2.9792 3.0043 0.0112
3.0401 2.9792 3.0046 0.0113
3.0401 2.9792 3.0046 0.0113
3.0401 2.9792 3.0046 0.0113
3.0401 2.9792 3.0048 0.0111
3.0401 2.9792 3.0048 0.0111
3.0401 2.9792 3.0049 0.0111
3.0401 2.9792 3.0049 0.0111
3.0401 2.9792 3.0050 0.0111
3.0401 2.9792 3.0050 0.0111
3.0401 2.9792 3.0050 0.0111
3.0401 2.9792 3.0050 0.0111
3.0401 2.9792 3.0050 0.0111
3.0401 2.9792 3.0053 0.0112
3.0401 2.9792 3.0053 0.0112
3.0401 2.9792 3.0056 0.0113
3.0401 2.9792 3.0060 0.0114
3.0401 2.9792 3.0060 0.0114
3.0587 2.9792 3.0064 0.0126
3.0587 2.9792 3.0067 0.0123
3.0587 2.9792 3.0067 0.0123
3.0587 2.9792 3.0069 0.0123
3.0587 2.9792 3.0069 0.0123
3.0587 2.9792 3.0069 0.0123
3.0587 2.9792 3.0070 0.0123
3.0587 2.9792 3.0071 0.0123
3.0587 2.9792 3.0071 0.0123
3.0587 2.9792 3.0071 0.0123
3.0587 2.9792 3.0071 0.0123
3.0587 2.9792 3.0071 0.0123
3.0587 2.9792 3.0071 0.0123
3.0587 2.9792 3.0071 0.0123
3.0587 2.9792 3.0074 0.0124
3.0587 2.9792 3.0075 0.0124
3.0587 2.9792 3.0075 0.0124
3.0587 2.9792 3.0075 0.0124
3.0587 2.9792 3.0079 0.0128
3.0587 2.9792 3.0079 0.0128
3.0587 2.9792 3.0079 0.0128
3.0587 2.9792 3.0079 0.0128
3.0587 2.9792 3.0081 0.0129
3.0587 2.9792 3.0081 0.0129
3.0587 2.9792 3.0081 0.0129
3.0587 2.9792 3.0087 0.0138
3.0587 2.9792 3.0087 0.0138
3.0587 2.9792 3.0087 0.0138
3.0587 2.9792 3.0088 0.0138
3.0587 2.9792 3.0088 0.0138
3.0587 2.9792 3.0088 0.0137
3.0587 2.9792 3.0088 0.0137
3.0587 2.9792 3.0088 0.0137
3.0587 2.9792 3.0089 0.0137
3.0587 2.9792 3.0092 0.0138
3.0587 2.9792 3.0095 0.0139
3.0587 2.9792 3.0095 0.0139
3.0587 2.9792 3.0097 0.0140
3.0587 2.9792 3.0097 0.0140
3.0587 2.9792 3.0098 0.0140
3.0587 2.9792 3.0100 0.0141
3.0587 2.9792 3.0100 0.0142
3.0587 2.9792 3.0101 0.0141
3.0587 2.9792 3.0101 0.0140
3.0587 2.9792 3.0101 0.0140
3.0587 2.9792 3.0101 0.0140
3.0587 2.9792 3.0101 0.0140
3.0587 2.9792 3.0101 0.0140
3.0587 2.9792 3.0104 0.0141
3.0587 2.9792 3.0104 0.0141
3.0587 2.9792 3.0104 0.0141
3.0587 2.9792 3.0106 0.0145
3.0587 2.9792 3.0109 0.0145
3.0587 2.9792 3.0109 0.0145
3.0587 2.9792 3.0111 0.0146
3.0587 2.9792 3.0114 0.0147
3.0587 2.9792 3.0116 0.0144
3.0587 2.9792 3.0116 0.0144
3.0587 2.9792 3.0120 0.0147
3.0587 2.9792 3.0120 0.0147
3.0587 2.9792 3.0120 0.0147
3.0587 2.9792 3.0122 0.0146
3.0587 2.9792 3.0122 0.0146
3.0587 2.9792 3.0122 0.0146
3.0587 2.9792 3.0122 0.0146
3.0587 2.9792 3.0122 0.0146
3.0587 2.9792 3.0122 0.0146
3.0587 2.9792 3.0125 0.0146
3.0587 2.9792 3.0125 0.0146
3.0587 2.9792 3.0125 0.0147
3.0587 2.9792 3.0125 0.0147
3.0587 2.9792 3.0130 0.0149
3.0587 2.9792 3.0131 0.0150
3.0587 2.9792 3.0131 0.0150
3.0587 2.9792 3.0133 0.0148
3.0587 2.9792 3.0135 0.0148
3.0587 2.9792 3.0137 0.0148
3.0587 2.9792 3.0138 0.0148
3.0587 2.9792 3.0138 0.0148
3.0587 2.9792 3.0138 0.0148
3.0587 2.9792 3.0138 0.0148
3.0587 2.9792 3.0138 0.0148
3.0587 2.9792 3.0138 0.0148
3.0587 2.9792 3.0138 0.0148
3.0587 2.9792 3.0140 0.0148
3.0587 2.9792 3.0140 0.0148
3.0587 2.9792 3.0140 0.0148
3.0587 2.9792 3.0140 0.0148
3.0587 2.9920 3.0145 0.0144
3.0587 2.9920 3.0145 0.0144
3.0587 2.9920 3.0145 0.0144
3.0587 2.9920 3.0145 0.0144
3.0587 2.9920 3.0145 0.0144
3.0587 2.9920 3.0145 0.0144
3.0587 2.9920 3.0145 0.0144
3.0587 2.9920 3.0145 0.0144
3.0587 2.9920 3.0145 0.0144
3.0587 2.9920 3.0145 0.0144
3.0587 2.9920 3.0147 0.0143
3.0587 2.9920 3.0147 0.0143
3.0587 2.9920 3.0147 0.0143
3.0587 2.9920 3.0149 0.0143
3.0587 2.9920 3.0149 0.0143
3.0587 2.9920 3.0149 0.0143
3.0587 2.9920 3.0151 0.0143
3.0587 2.9920 3.0151 0.0142
3.0587 2.9920 3.0151 0.0142
3.0587 2.9920 3.0151 0.0142
3.0587 2.9920 3.0151 0.0142
3.0587 2.9920 3.0151 0.0142
3.0587 2.9920 3.0151 0.0142
3.0587 2.9920 3.0154 0.0142
3.0587 2.9920 3.0154 0.0142
3.0587 2.9920 3.0154 0.0142
3.0587 2.9920 3.0154 0.0142
3.0587 2.9920 3.0154 0.0142
3.0587 2.9920 3.0154 0.0142
3.0587 2.9920 3.0155 0.0141
3.0587 2.9920 3.0155 0.0141
3.0587 2.9920 3.0155 0.0141
3.0587 2.9920 3.0155 0.0141
3.0587 2.9920 3.0155 0.0141
3.0587 2.9920 3.0155 0.0141
3.0587 2.9920 3.0155 0.0141
3.0587 2.9920 3.0155 0.0141
3.0587 2.9920 3.0155 0.0141
3.0587 2.9920 3.0155 0.0141
3.0587 2.9920 3.0157 0.0141
3.0587 2.9920 3.0157 0.0141
3.0587 2.9920 3.0160 0.0144
3.0587 2.9920 3.0160 0.0144
3.0587 2.9920 3.0160 0.0144
3.0587 2.9920 3.0161 0.0145
3.0587 2.9920 3.0161 0.0145
3.0587 2.9920 3.0161 0.0145
3.0587 2.9920 3.0162 0.0144
3.0587 2.9920 3.0165 0.0143
3.0587 2.9920 3.0165 0.0143
3.0587 2.9920 3.0165 0.0143
3.0587 2.9920 3.0165 0.0143
3.0587 2.9920 3.0169 0.0144
3.0587 2.9920 3.0169 0.0144
3.0587 2.9920 3.0169 0.0144
3.0587 2.9920 3.0169 0.0144
3.0587 2.9920 3.0169 0.0145
3.0587 2.9920 3.0171 0.0145
3.0587 2.9920 3.0171 0.0145
3.0587 2.9920 3.0171 0.0145
3.0587 2.9920 3.0172 0.0145
3.0587 2.9920 3.0172 0.0145
3.0587 2.9920 3.0173 0.0143
3.0587 2.9920 3.0174 0.0144
3.0587 2.9920 3.0174 0.0144
3.0587 2.9920 3.0174 0.0144
3.0587 2.9920 3.0176 0.0143
3.0587 2.9920 3.0178 0.0142
3.0587 2.9920 3.0178 0.0142
3.0587 2.9920 3.0178 0.0142
3.0587 2.9920 3.0179 0.0141
3.0587 2.9920 3.0184 0.0143
3.0587 2.9920 3.0188 0.0145
3.0587 2.9920 3.0188 0.0145
3.0587 2.9920 3.0188 0.0145
3.0587 2.9920 3.0188 0.0145
3.0587 2.9920 3.0189 0.0145
3.0587 2.9920 3.0189 0.0145
3.0587 2.9920 3.0189 0.0145
3.0587 2.9920 3.0189 0.0145
3.0587 2.9920 3.0189 0.0145
3.0587 2.9920 3.0190 0.0145
3.0587 2.9920 3.0191 0.0145
3.0587 2.9920 3.0196 0.0145
3.0587 2.9920 3.0196 0.0145
3.0587 2.9920 3.0197 0.0145
3.0587 2.9920 3.0197 0.0146
3.0587 2.9920 3.0199 0.0148
3.0587 2.9920 3.0201 0.0147
3.0587 2.9920 3.0201 0.0147
3.0587 2.9958 3.0205 0.0144
3.0587 2.9958 3.0205 0.0144
3.0587 2.9958 3.0205 0.0144
3.0587 2.9958 3.0205 0.0144
3.0587 2.9958 3.0205 0.0144
3.0587 2.9958 3.0205 0.0144
3.0587 2.9983 3.0205 0.0144
3.0587 2.9983 3.0206 0.0143
3.0587 2.9983 3.0206 0.0143
3.0587 2.9983 3.0207 0.0143
3.0587 2.9983 3.0207 0.0143
3.0587 2.9983 3.0207 0.0143
3.0587 2.9983 3.0210 0.0142
3.0587 2.9983 3.0210 0.0142
3.0587 2.9983 3.0212 0.0141
3.0587 2.9983 3.0212 0.0141
3.0587 2.9983 3.0215 0.0140
3.0587 2.9983 3.0216 0.0141
3.0587 2.9983 3.0217 0.0141
3.0587 2.9983 3.0217 0.0141
3.0587 2.9983 3.0217 0.0141
3.0587 2.9983 3.0219 0.0141
3.0587 2.9983 3.0221 0.0144
3.0587 2.9983 3.0222 0.0144
3.0587 2.9983 3.0222 0.0144
3.0587 2.9983 3.0222 0.0144
3.0587 2.9983 3.0222 0.0144
3.0587 2.9983 3.0222 0.0144
3.0587 2.9983 3.0226 0.0144
3.0587 2.9983 3.0228 0.0143
3.0587 2.9983 3.0228 0.0143
3.0587 2.9983 3.0228 0.0143
3.0587 2.9983 3.0230 0.0142
3.0587 2.9983 3.0230 0.0142
3.0587 2.9983 3.0230 0.0142
3.0587 2.9983 3.0230 0.0142
3.0587 2.9983 3.0230 0.0142
3.0587 2.9983 3.0231 0.0142
3.0587 2.9983 3.0231 0.0142
3.0587 2.9983 3.0231 0.0142
3.0587 2.9983 3.0231 0.0142
3.0587 2.9983 3.0231 0.0142
3.0587 2.9983 3.0231 0.0142
3.0587 2.9983 3.0233 0.0142
3.0587 2.9983 3.0233 0.0142
3.0587 2.9983 3.0235 0.0144
3.0587 2.9983 3.0235 0.0144
3.0587 2.9983 3.0237 0.0147
3.0587 2.9983 3.0237 0.0147
3.0587 2.9983 3.0238 0.0147
3.0587 2.9983 3.0240 0.0147
3.0587 2.9983 3.0243 0.0149
3.0587 2.9983 3.0244 0.0149
3.0587 2.9983 3.0244 0.0149
3.0587 2.9983 3.0244 0.0148
3.0587 2.9983 3.0247 0.0146
3.0587 2.9983 3.0250 0.0145
3.0587 2.9983 3.0250 0.0145
3.0587 2.9983 3.0250 0.0145
3.0587 2.9983 3.0250 0.0145
3.0587 2.9983 3.0250 0.0145
3.0587 2.9983 3.0252 0.0144
3.0587 2.9983 3.0252 0.0144
3.0587 2.9983 3.0255 0.0142
3.0587 2.9983 3.0255 0.0142
3.0587 2.9983 3.0255 0.0142
3.0587 2.9983 3.0255 0.0142
3.0587 2.9983 3.0255 0.0142
3.0587 2.9983 3.0258 0.0146
3.0587 2.9983 3.0263 0.0146
3.0587 2.9983 3.0265 0.0147
3.0587 2.9983 3.0265 0.0146
3.0587 2.9983 3.0267 0.0145
3.0587 2.9983 3.0267 0.0145
3.0587 3.0000 3.0273 0.0146
3.0587 3.0000 3.0275 0.0148
3.0587 3.0000 3.0278 0.0150
3.0587 3.0000 3.0280 0.0151
3.0587 3.0000 3.0280 0.0151
3.0587 3.0000 3.0281 0.0149
3.0587 3.0000 3.0281 0.0149
3.0587 3.0000 3.0281 0.0149
3.0587 3.0000 3.0284 0.0147
3.0587 3.0000 3.0284 0.0147
3.0587 3.0000 3.0284 0.0147
3.0587 3.0000 3.0284 0.0147
3.0587 3.0000 3.0284 0.0147
3.0587 3.0000 3.0286 0.0144
3.0587 3.0000 3.0289 0.0142
3.0587 3.0000 3.0289 0.0142
3.0587 3.0000 3.0289 0.0142
3.0587 3.0000 3.0289 0.0142
3.0587 3.0000 3.0290 0.0142
3.0587 3.0000 3.0294 0.0144
3.0587 3.0000 3.0294 0.0144
3.0587 3.0000 3.0296 0.0145
3.0587 3.0000 3.0296 0.0145
3.0587 3.0000 3.0297 0.0144
3.0587 3.0000 3.0297 0.0144
3.0587 3.0000 3.0297 0.0144
3.0587 3.0000 3.0301 0.0147
3.0587 3.0000 3.0301 0.0147
3.0587 3.0000 3.0301 0.0146
3.0587 3.0000 3.0303 0.0148
3.0587 3.0000 3.0303 0.0148
3.0587 3.0000 3.0303 0.0148
3.0587 3.0000 3.0303 0.0148
3.0587 3.0000 3.0305 0.0145
3.0587 3.0000 3.0305 0.0145
3.0587 3.0000 3.0308 0.0148
3.0587 3.0000 3.0308 0.0148
3.0769 3.0000 3.0309 0.0152
3.0769 3.0000 3.0311 0.0153
3.0769 3.0000 3.0311 0.0153
3.0769 3.0000 3.0315 0.0154
3.0769 3.0000 3.0315 0.0154
3.0769 3.0000 3.0315 0.0154
3.0769 3.0000 3.0316 0.0155
3.0769 3.0000 3.0316 0.0155
3.0769 3.0000 3.0316 0.0155
3.0769 3.0000 3.0316 0.0155
3.0769 3.0000 3.0316 0.0155
3.0769 3.0000 3.0318 0.0156
3.0769 3.0000 3.0318 0.0156
3.0769 3.0000 3.0318 0.0156
3.0769 3.0005 3.0323 0.0154
3.0769 3.0005 3.0329 0.0160
3.0769 3.0005 3.0329 0.0160
3.0769 3.0005 3.0329 0.0160
3.0769 3.0005 3.0329 0.0160
3.0769 3.0005 3.0330 0.0160
3.0769 3.0005 3.0330 0.0160
3.0769 3.0005 3.0331 0.0159
3.0769 3.0005 3.0331 0.0159
3.0769 3.0005 3.0331 0.0159
3.0769 3.0005 3.0335 0.0165
3.0769 3.0005 3.0335 0.0165
3.0769 3.0005 3.0335 0.0165
3.0769 3.0005 3.0335 0.0165
3.0769 3.0005 3.0335 0.0165
3.0769 3.0005 3.0335 0.0165
3.0769 3.0005 3.0335 0.0165
3.0769 3.0005 3.0338 0.0169
3.0769 3.0005 3.0338 0.0169
3.0769 3.0005 3.0338 0.0169
3.0769 3.0005 3.0338 0.0169
3.0769 3.0005 3.0338 0.0169
3.0769 3.0005 3.0338 0.0169
3.0769 3.0005 3.0339 0.0170
3.0769 3.0005 3.0340 0.0170
3.0769 3.0005 3.0341 0.0172
3.0769 3.0005 3.0344 0.0173
3.0769 3.0005 3.0345 0.0172
3.0769 3.0005 3.0345 0.0172
3.0769 3.0005 3.0345 0.0172
3.0769 3.0005 3.0345 0.0172
3.0769 3.0005 3.0346 0.0171
3.0769 3.0005 3.0346 0.0171
3.0769 3.0005 3.0347 0.0171
3.0769 3.0005 3.0349 0.0169
3.0769 3.0005 3.0349 0.0169
3.0769 3.0005 3.0351 0.0168
3.0769 3.0005 3.0351 0.0168
3.0769 3.0005 3.0352 0.0168
3.0769 3.0005 3.0352 0.0168
3.0769 3.0005 3.0353 0.0169
3.0769 3.0005 3.0353 0.0169
3.0769 3.0005 3.0353 0.0169
3.0769 3.0005 3.0356 0.0166
3.0769 3.0005 3.0356 0.0166
3.0769 3.0005 3.0356 0.0166
3.0769 3.0005 3.0357 0.0165
3.0769 3.0005 3.0357 0.0165
3.0769 3.0005 3.0357 0.0165
3.0769 3.0005 3.0357 0.0165
3.0769 3.0005 3.0358 0.0166
3.0769 3.0005 3.0360 0.0165
3.0769 3.0005 3.0361 0.0166
3.0769 3.0046 3.0364 0.0162
3.0769 3.0046 3.0367 0.0163
3.0769 3.0046 3.0368 0.0164
3.0769 3.0046 3.0368 0.0164
3.0818 3.0046 3.0373 0.0169
3.0818 3.0046 3.0373 0.0169
3.0818 3.0046 3.0373 0.0169
3.0818 3.0046 3.0373 0.0169
3.0818 3.0046 3.0373 0.0169
3.0818 3.0046 3.0373 0.0169
3.0818 3.0046 3.0373 0.0169
3.0818 3.0046 3.0376 0.0170
3.0818 3.0046 3.0376 0.0170
3.0818 3.0046 3.0376 0.0170
3.0818 3.0046 3.0376 0.0170
3.0818 3.0046 3.0376 0.0170
3.0832 3.0046 3.0377 0.0172
3.0832 3.0046 3.0379 0.0170
3.0832 3.0046 3.0379 0.0170
3.0832 3.0046 3.0379 0.0170
3.0832 3.0046 3.0383 0.0169
3.0832 3.0046 3.0383 0.0169
3.0832 3.0046 3.0384 0.0170
3.0832 3.0046 3.0385 0.0170
3.0832 3.0046 3.0389 0.0167
3.0832 3.0046 3.0389 0.0167
3.0832 3.0046 3.0389 0.0167
3.0832 3.0046 3.0389 0.0167
3.0832 3.0046 3.0389 0.0167
3.0832 3.0046 3.0389 0.0167
3.0832 3.0046 3.0390 0.0168
3.0832 3.0046 3.0390 0.0168
3.0832 3.0046 3.0393 0.0165
3.0832 3.0046 3.0394 0.0166
3.0832 3.0046 3.0395 0.0167
3.0832 3.0046 3.0395 0.0167
3.0832 3.0046 3.0395 0.0167
3.0832 3.0046 3.0395 0.0167
3.0832 3.0046 3.0398 0.0166
3.0832 3.0046 3.0398 0.0166
3.0832 3.0046 3.0398 0.0166
3.0832 3.0046 3.0398 0.0166
3.0832 3.0046 3.0402 0.0164
3.0832 3.0046 3.0402 0.0164
3.0832 3.0046 3.0403 0.0164
3.0832 3.0046 3.0406 0.0165
3.0832 3.0046 3.0407 0.0166
3.0832 3.0046 3.0409 0.0165
3.0832 3.0046 3.0414 0.0168
3.0832 3.0046 3.0414 0.0168
3.0832 3.0046 3.0415 0.0169
3.0832 3.0046 3.0415 0.0169
3.0832 3.0046 3.0415 0.0169
3.0832 3.0046 3.0416 0.0168
3.0832 3.0046 3.0420 0.0168
3.0832 3.0046 3.0422 0.0166
3.0832 3.0046 3.0423 0.0165
3.0832 3.0046 3.0423 0.0165
3.0832 3.0046 3.0424 0.0165
3.0832 3.0046 3.0424 0.0165
3.0832 3.0046 3.0424 0.0165
3.0832 3.0046 3.0424 0.0165
3.0832 3.0046 3.0424 0.0165
3.0832 3.0046 3.0424 0.0165
3.0832 3.0046 3.0424 0.0165
3.0832 3.0046 3.0427 0.0165
3.0832 3.0046 3.0427 0.0165
3.0832 3.0046 3.0427 0.0164
3.0832 3.0046 3.0427 0.0164
3.0832 3.0046 3.0428 0.0165
3.0832 3.0046 3.0428 0.0165
3.0832 3.0046 3.0428 0.0165
3.0832 3.0046 3.0428 0.0165
3.0832 3.0046 3.0428 0.0165
3.0832 3.0046 3.0428 0.0165
3.0832 3.0046 3.0428 0.0165
3.0832 3.0046 3.0428 0.0165
3.0832 3.0046 3.0431 0.0165
3.0832 3.0046 3.0431 0.0165
3.0832 3.0046 3.0432 0.0164
3.0832 3.0046 3.0432 0.0164
3.0832 3.0046 3.0432 0.0164
3.0832 3.0046 3.0433 0.0164
3.0832 3.0046 3.0433 0.0164
3.0832 3.0046 3.0434 0.0166
3.0832 3.0046 3.0434 0.0166
3.0832 3.0046 3.0438 0.0166
3.0832 3.0046 3.0441 0.0166
3.0832 3.0046 3.0441 0.0166
3.0832 3.0046 3.0441 0.0166
3.0832 3.0046 3.0442 0.0166
3.0832 3.0046 3.0442 0.0166
3.0832 3.0046 3.0443 0.0166
3.0832 3.0046 3.0443 0.0166
3.0832 3.0046 3.0444 0.0165
3.0832 3.0046 3.0444 0.0165
3.0832 3.0046 3.0444 0.0165
3.0832 3.0046 3.0444 0.0165
3.0832 3.0046 3.0444 0.0165
3.0832 3.0046 3.0444 0.0165
3.0832 3.0046 3.0444 0.0165
3.0832 3.0046 3.0446 0.0165
3.0832 3.0046 3.0447 0.0166
3.0832 3.0046 3.0448 0.0166
3.0832 3.0046 3.0448 0.0166
3.0832 3.0046 3.0448 0.0166
3.0832 3.0046 3.0448 0.0166
3.0832 3.0046 3.0448 0.0166
3.0832 3.0046 3.0448 0.0166
3.0832 3.0046 3.0451 0.0166
3.0832 3.0046 3.0451 0.0166
3.0832 3.0046 3.0451 0.0166
3.0832 3.0046 3.0452 0.0166
3.0832 3.0046 3.0452 0.0166
3.0832 3.0046 3.0452 0.0166
3.0832 3.0046 3.0452 0.0166
3.0832 3.0046 3.0452 0.0166
3.0832 3.0046 3.0453 0.0167
3.0832 3.0046 3.0453 0.0167
3.0832 3.0046 3.0456 0.0167
3.0832 3.0046 3.0458 0.0168
3.0832 3.0046 3.0459 0.0169
3.0832 3.0046 3.0459 0.0169
3.0832 3.0046 3.0460 0.0169
3.0832 3.0046 3.0460 0.0169
3.0832 3.0046 3.0463 0.0169
3.0832 3.0046 3.0464 0.0167
3.0832 3.0046 3.0467 0.0167
3.0832 3.0046 3.0468 0.0168
3.0832 3.0046 3.0471 0.0170
3.0832 3.0046 3.0471 0.0170
3.0832 3.0046 3.0475 0.0173
3.0832 3.0046 3.0476 0.0172
3.0832 3.0046 3.0476 0.0172
3.0832 3.0046 3.0476 0.0173
3.0832 3.0046 3.0478 0.0173
3.0832 3.0046 3.0478 0.0173
3.0832 3.0046 3.0478 0.0173
3.0832 3.0046 3.0481 0.0171
3.0832 3.0046 3.0482 0.0172
3.0832 3.0046 3.0485 0.0167
3.0832 3.0046 3.0485 0.0167
3.0832 3.0046 3.0487 0.0168
3.0832 3.0046 3.0488 0.0169
3.0832 3.0046 3.0489 0.0168
3.0832 3.0046 3.0489 0.0168
3.0832 3.0046 3.0492 0.0168
3.0832 3.0046 3.0492 0.0168
3.0832 3.0046 3.0492 0.0168
3.0832 3.0046 3.0493 0.0168
3.0832 3.0046 3.0493 0.0168
3.0832 3.0046 3.0494 0.0168
3.0832 3.0046 3.0496 0.0166
3.0832 3.0046 3.0498 0.0166
3.0832 3.0046 3.0498 0.0166
3.0832 3.0046 3.0498 0.0166
3.0832 3.0046 3.0498 0.0166
3.0832 3.0046 3.0498 0.0166
3.0832 3.0046 3.0498 0.0166
3.0832 3.0046 3.0498 0.0166
3.0832 3.0046 3.0498 0.0166
3.0832 3.0046 3.0498 0.0166
3.0832 3.0046 3.0498 0.0166
3.0832 3.0046 3.0498 0.0166
3.0832 3.0071 3.0498 0.0165
3.0832 3.0071 3.0498 0.0165
3.0832 3.0071 3.0498 0.0165
3.0832 3.0071 3.0499 0.0165
3.0832 3.0071 3.0502 0.0165
3.0832 3.0071 3.0506 0.0166
3.0832 3.0071 3.0506 0.0166
3.0832 3.0071 3.0507 0.0167
3.0832 3.0071 3.0507 0.0167
3.0832 3.0071 3.0507 0.0167
3.0832 3.0071 3.0507 0.0167
3.0832 3.0071 3.0508 0.0166
3.0832 3.0071 3.0508 0.0166
3.0832 3.0071 3.0508 0.0166
3.0832 3.0071 3.0511 0.0166
3.0832 3.0071 3.0511 0.0166
3.0832 3.0071 3.0514 0.0166
3.0832 3.0071 3.0515 0.0167
3.0832 3.0071 3.0516 0.0166
3.0832 3.0071 3.0516 0.0166
3.0832 3.0071 3.0520 0.0164
3.0832 3.0071 3.0520 0.0164
3.0832 3.0071 3.0520 0.0164
3.0832 3.0071 3.0523 0.0164
3.0832 3.0071 3.0523 0.0164
3.0832 3.0071 3.0525 0.0164
3.0832 3.0071 3.0525 0.0164
3.0832 3.0071 3.0526 0.0165
3.0832 3.0071 3.0527 0.0164
3.0832 3.0071 3.0529 0.0165
3.0832 3.0071 3.0529 0.0165
3.0832 3.0071 3.0529 0.0165
3.0832 3.0071 3.0529 0.0165
3.0832 3.0071 3.0529 0.0165
3.0832 3.0071 3.0531 0.0165
3.0832 3.0071 3.0533 0.0163
3.0832 3.0071 3.0533 0.0163
3.0832 3.0071 3.0533 0.0163
3.0832 3.0071 3.0534 0.0163
3.0832 3.0071 3.0534 0.0163
3.0832 3.0071 3.0534 0.0163
3.0832 3.0071 3.0537 0.0165
3.0832 3.0071 3.0538 0.0165
3.0832 3.0071 3.0539 0.0165
3.0832 3.0071 3.0541 0.0165
3.0832 3.0071 3.0541 0.0165
3.0832 3.0071 3.0541 0.0165
3.0832 3.0071 3.0541 0.0165
3.0832 3.0071 3.0542 0.0165
3.0832 3.0071 3.0542 0.0165
3.0832 3.0071 3.0542 0.0165
3.0832 3.0071 3.0543 0.0165
3.0832 3.0071 3.0546 0.0163
3.0832 3.0071 3.0546 0.0163
3.0832 3.0071 3.0548 0.0162
3.0832 3.0071 3.0548 0.0162
3.0832 3.0071 3.0548 0.0162
3.0832 3.0071 3.0548 0.0162
3.0832 3.0071 3.0550 0.0163
3.0832 3.0071 3.0551 0.0160
3.0832 3.0071 3.0551 0.0160
3.0832 3.0071 3.0551 0.0160
3.0832 3.0071 3.0551 0.0160
3.0832 3.0071 3.0553 0.0161
3.0832 3.0071 3.0553 0.0161
3.0832 3.0071 3.0553 0.0161
3.0832 3.0071 3.0558 0.0157
3.0832 3.0071 3.0558 0.0157
3.0832 3.0071 3.0558 0.0157
3.0832 3.0071 3.0559 0.0158
3.0832 3.0071 3.0559 0.0158
3.0832 3.0071 3.0560 0.0157
3.0832 3.0071 3.0561 0.0158
3.0832 3.0071 3.0561 0.0158
3.0832 3.0071 3.0563 0.0157
3.0832 3.0071 3.0564 0.0158
3.0832 3.0071 3.0564 0.0158
3.0832 3.0071 3.0565 0.0159
3.0832 3.0071 3.0565 0.0159
3.0832 3.0071 3.0567 0.0159
3.0832 3.0071 3.0567 0.0159
3.0832 3.0071 3.0568 0.0156
3.0832 3.0071 3.0568 0.0156
3.0832 3.0071 3.0568 0.0156
3.0832 3.0071 3.0568 0.0156
3.0832 3.0071 3.0568 0.0156
3.0832 3.0071 3.0568 0.0156
3.0832 3.0071 3.0569 0.0157
3.0832 3.0071 3.0572 0.0151
3.0832 3.0071 3.0573 0.0151
3.0832 3.0071 3.0573 0.0151
3.0832 3.0071 3.0573 0.0151
3.0832 3.0071 3.0573 0.0151
3.0832 3.0071 3.0573 0.0151
3.0832 3.0071 3.0573 0.0151
3.0832 3.0071 3.0575 0.0152
3.0832 3.0071 3.0575 0.0152
3.0832 3.0071 3.0576 0.0153
3.0832 3.0071 3.0577 0.0153
3.0832 3.0071 3.0577 0.0153
3.0832 3.0071 3.0580 0.0152
3.0832 3.0071 3.0580 0.0152
3.0832 3.0071 3.0580 0.0152
3.0832 3.0071 3.0580 0.0152
3.0832 3.0071 3.0580 0.0152
3.0832 3.0071 3.0580 0.0152
3.0832 3.0071 3.0580 0.0152
3.0832 3.0071 3.0581 0.0151
3.0832 3.0071 3.0581 0.0151
3.0832 3.0071 3.0581 0.0151
3.0832 3.0071 3.0581 0.0151
3.0832 3.0071 3.0581 0.0151
3.0832 3.0071 3.0581 0.0151
3.0832 3.0071 3.0581 0.0151
3.0832 3.0071 3.0581 0.0151
3.0832 3.0071 3.0582 0.0151
3.0832 3.0071 3.0582 0.0151
3.0832 3.0071 3.0583 0.0151
3.0832 3.0071 3.0583 0.0151
3.0832 3.0071 3.0583 0.0151
3.0832 3.0071 3.0585 0.0151
3.0832 3.0071 3.0586 0.0151
3.0832 3.0071 3.0586 0.0151
3.0832 3.0071 3.0586 0.0151
3.0832 3.0071 3.0586 0.0151
3.0832 3.0071 3.0588 0.0151
3.0832 3.0071 3.0589 0.0152
3.0832 3.0071 3.0589 0.0152
3.0832 3.0071 3.0591 0.0152
3.0832 3.0071 3.0594 0.0154
3.0832 3.0071 3.0594 0.0154
3.0832 3.0071 3.0599 0.0148
3.0832 3.0071 3.0599 0.0148
3.0832 3.0071 3.0599 0.0148
3.0832 3.0071 3.0599 0.0148
3.0832 3.0071 3.0599 0.0148
3.0832 3.0071 3.0599 0.0148
3.0832 3.0071 3.0599 0.0148
3.0832 3.0071 3.0599 0.0148
3.0832 3.0071 3.0600 0.0148
3.0832 3.0071 3.0600 0.0148
3.0832 3.0071 3.0602 0.0147
3.0832 3.0071 3.0602 0.0147
3.0832 3.0071 3.0602 0.0147
3.0832 3.0139 3.0607 0.0137
3.0832 3.0139 3.0609 0.0139
3.0832 3.0139 3.0610 0.0138
3.0832 3.0139 3.0610 0.0138
3.0832 3.0139 3.0612 0.0139
3.0832 3.0139 3.0612 0.0139
3.0832 3.0139 3.0612 0.0139
3.0832 3.0139 3.0614 0.0141
3.0832 3.0139 3.0614 0.0141
3.0832 3.0139 3.0616 0.0141
3.0832 3.0139 3.0616 0.0141
3.0832 3.0139 3.0618 0.0143
3.0832 3.0139 3.0622 0.0142
3.0832 3.0139 3.0623 0.0142
3.0832 3.0139 3.0623 0.0142
3.0832 3.0139 3.0623 0.0142
3.0832 3.0139 3.0623 0.0142
3.0832 3.0139 3.0623 0.0142
3.0832 3.0139 3.0623 0.0142
3.0832 3.0139 3.0623 0.0142
3.0832 3.0139 3.0623 0.0142
3.0832 3.0139 3.0624 0.0142
3.0832 3.0139 3.0626 0.0140
3.0832 3.0139 3.0626 0.0140
3.0832 3.0139 3.0626 0.0140
3.0832 3.0139 3.0626 0.0140
3.0832 3.0139 3.0626 0.0140
3.0832 3.0139 3.0626 0.0140
3.0832 3.0139 3.0627 0.0140
3.0832 3.0139 3.0631 0.0138
3.0832 3.0139 3.0631 0.0138
3.0832 3.0139 3.0631 0.0138
3.0832 3.0139 3.0631 0.0138
3.0832 3.0139 3.0632 0.0139
3.0832 3.0139 3.0632 0.0139
3.0832 3.0139 3.0633 0.0138
3.0832 3.0139 3.0633 0.0139
3.0832 3.0139 3.0633 0.0139
3.0832 3.0139 3.0633 0.0139
3.0832 3.0139 3.0633 0.0139
3.0832 3.0139 3.0633 0.0139
3.0832 3.0139 3.0634 0.0139
3.0832 3.0139 3.0634 0.0139
3.0832 3.0139 3.0634 0.0139
3.0832 3.0139 3.0634 0.0139
3.0832 3.0139 3.0635 0.0136
3.0832 3.0139 3.0636 0.0136
3.0832 3.0139 3.0637 0.0136
3.0832 3.0139 3.0639 0.0136
3.0832 3.0139 3.0640 0.0137
3.0832 3.0139 3.0640 0.0137
3.0832 3.0139 3.0641 0.0137
3.0907 3.0139 3.0647 0.0141
3.1082 3.0139 3.0653 0.0151
3.1082 3.0139 3.0655 0.0151
3.1082 3.0139 3.0655 0.0151
3.1082 3.0139 3.0656 0.0152
3.1082 3.0139 3.0657 0.0152
3.1082 3.0139 3.0662 0.0157
3.1082 3.0139 3.0662 0.0158
3.1082 3.0139 3.0662 0.0158
3.1082 3.0139 3.0662 0.0158
3.1082 3.0139 3.0662 0.0158
3.1082 3.0139 3.0664 0.0157
3.1082 3.0139 3.0664 0.0157
3.1082 3.0139 3.0665 0.0158
3.1082 3.0139 3.0668 0.0157
3.1082 3.0139 3.0668 0.0157
3.1082 3.0139 3.0669 0.0158
3.1082 3.0139 3.0671 0.0158
3.1082 3.0139 3.0673 0.0160
3.1082 3.0139 3.0673 0.0160
3.1082 3.0139 3.0673 0.0160
3.1082 3.0139 3.0673 0.0160
3.1082 3.0139 3.0673 0.0160
3.1082 3.0139 3.0674 0.0160
3.1082 3.0139 3.0674 0.0160
3.1082 3.0139 3.0674 0.0160
3.1082 3.0139 3.0674 0.0160
3.1082 3.0139 3.0678 0.0165
3.1082 3.0139 3.0678 0.0165
3.1082 3.0139 3.0678 0.0165
3.1082 3.0139 3.0678 0.0165
3.1082 3.0139 3.0679 0.0165
3.1082 3.0139 3.0679 0.0165
3.1082 3.0139 3.0679 0.0165
3.1082 3.0139 3.0680 0.0165
3.1082 3.0139 3.0680 0.0165
3.1082 3.0139 3.0680 0.0165
3.1082 3.0189 3.0688 0.0158
3.1082 3.0189 3.0688 0.0158
3.1082 3.0189 3.0688 0.0158
3.1082 3.0189 3.0688 0.0158
3.1082 3.0189 3.0688 0.0158
3.1082 3.0189 3.0689 0.0158
3.1082 3.0189 3.0689 0.0158
3.1082 3.0189 3.0689 0.0158
3.1082 3.0189 3.0689 0.0158
3.1082 3.0189 3.0690 0.0157
3.1082 3.0189 3.0690 0.0157
3.1082 3.0189 3.0690 0.0157
3.1082 3.0189 3.0690 0.0157
3.1082 3.0189 3.0690 0.0157
3.1082 3.0189 3.0690 0.0157
3.1082 3.0189 3.0691 0.0158
3.1082 3.0189 3.0691 0.0158
3.1082 3.0189 3.0691 0.0158
3.1082 3.0189 3.0698 0.0161
3.1082 3.0189 3.0698 0.0161
3.1082 3.0189 3.0698 0.0161
3.1082 3.0189 3.0698 0.0161
3.1082 3.0189 3.0698 0.0161
3.1082 3.0189 3.0698 0.0161
3.1082 3.0189 3.0702 0.0165
3.1082 3.0189 3.0702 0.0165
3.1082 3.0189 3.0702 0.0165
3.1082 3.0189 3.0702 0.0165
3.1082 3.0189 3.0702 0.0165
3.1082 3.0189 3.0705 0.0169
3.1082 3.0189 3.0705 0.0169
3.1082 3.0189 3.0705 0.0169
3.1082 3.0189 3.0705 0.0169
3.1082 3.0189 3.0705 0.0169
3.1082 3.0189 3.0706 0.0168
3.1082 3.0189 3.0709 0.0166
3.1082 3.0189 3.0709 0.0166
3.1082 3.0189 3.0709 0.0166
3.1082 3.0250 3.0718 0.0162
3.1082 3.0250 3.0718 0.0162
3.1082 3.0250 3.0719 0.0161
3.1082 3.0250 3.0719 0.0161
3.1082 3.0250 3.0720 0.0160
3.1082 3.0250 3.0720 0.0160
3.1082 3.0250 3.0720 0.0160
3.1082 3.0286 3.0725 0.0153
3.1082 3.0286 3.0725 0.0153
3.1082 3.0286 3.0729 0.0152
3.1082 3.0286 3.0729 0.0152
3.1082 3.0286 3.0729 0.0152
3.1082 3.0286 3.0729 0.0152
3.1082 3.0286 3.0729 0.0152
3.1082 3.0286 3.0730 0.0153
3.1082 3.0286 3.0730 0.0153
3.1082 3.0286 3.0730 0.0153
3.1082 3.0286 3.0730 0.0153
3.1082 3.0286 3.0732 0.0154
3.1082 3.0286 3.0732 0.0154
3.1082 3.0286 3.0732 0.0154
3.1082 3.0286 3.0732 0.0154
3.1082 3.0286 3.0733 0.0154
3.1082 3.0286 3.0733 0.0154
3.1082 3.0286 3.0735 0.0152
3.1082 3.0286 3.0735 0.0152
3.1082 3.0286 3.0738 0.0152
3.1082 3.0286 3.0738 0.0152
3.1082 3.0286 3.0738 0.0152
3.1082 3.0286 3.0738 0.0152
3.1082 3.0286 3.0738 0.0152
3.1082 3.0286 3.0739 0.0153
3.1082 3.0286 3.0739 0.0153
3.1082 3.0286 3.0739 0.0153
3.1082 3.0286 3.0739 0.0153
3.1082 3.0286 3.0739 0.0153
3.1082 3.0286 3.0739 0.0153
3.1082 3.0286 3.0739 0.0153
3.1082 3.0286 3.0740 0.0153
3.1082 3.0286 3.0740 0.0152
3.1082 3.0286 3.0740 0.0152
3.1082 3.0286 3.0740 0.0152
3.1082 3.0286 3.0740 0.0152
3.1082 3.0286 3.0741 0.0152
3.1082 3.0286 3.0741 0.0152
3.1082 3.0286 3.0741 0.0152
3.1082 3.0286 3.0741 0.0152
3.1082 3.0286 3.0742 0.0155
3.1082 3.0286 3.0742 0.0155
3.1082 3.0286 3.0742 0.0155
3.1082 3.0286 3.0742 0.0155
3.1082 3.0286 3.0742 0.0155
3.1082 3.0286 3.0745 0.0153
3.1082 3.0286 3.0745 0.0153
3.1082 3.0286 3.0745 0.0153
3.1082 3.0286 3.0745 0.0153
3.1082 3.0286 3.0745 0.0153
3.1082 3.0286 3.0745 0.0153
3.1082 3.0286 3.0745 0.0153
3.1082 3.0286 3.0747 0.0153
3.1082 3.0286 3.0747 0.0152
3.1082 3.0286 3.0749 0.0152
3.1082 3.0286 3.0749 0.0152
3.1082 3.0286 3.0749 0.0152
3.1082 3.0286 3.0749 0.0152
3.1082 3.0286 3.0749 0.0152
3.1082 3.0286 3.0752 0.0152
3.1082 3.0286 3.0752 0.0152
3.1082 3.0286 3.0756 0.0155
3.1082 3.0286 3.0756 0.0155
3.1082 3.0286 3.0760 0.0159
3.1082 3.0286 3.0760 0.0159
3.1082 3.0286 3.0762 0.0159
3.1082 3.0286 3.0762 0.0159
3.1082 3.0286 3.0762 0.0159
3.1082 3.0286 3.0762 0.0159
3.1082 3.0286 3.0762 0.0159
3.1082 3.0286 3.0762 0.0159
3.1082 3.0286 3.0762 0.0159
3.1082 3.0286 3.0764 0.0159
3.1082 3.0286 3.0764 0.0159
3.1082 3.0286 3.0764 0.0159
3.1082 3.0286 3.0767 0.0155
3.1082 3.0286 3.0770 0.0158
3.1082 3.0286 3.0770 0.0158
3.1082 3.0286 3.0770 0.0158
3.1082 3.0286 3.0771 0.0157
3.1082 3.0286 3.0771 0.0157
3.1082 3.0286 3.0771 0.0157
3.1082 3.0286 3.0771 0.0157
3.1082 3.0286 3.0771 0.0157
3.1082 3.0286 3.0771 0.0157
3.1082 3.0286 3.0771 0.0157
3.1082 3.0286 3.0772 0.0157
3.1082 3.0286 3.0773 0.0157
3.1082 3.0286 3.0775 0.0160
3.1082 3.0286 3.0775 0.0160
3.1082 3.0286 3.0775 0.0160
3.1082 3.0286 3.0775 0.0160
3.1082 3.0286 3.0775 0.0160
3.1082 3.0286 3.0775 0.0160
3.1103 3.0286 3.0776 0.0161
3.1103 3.0286 3.0776 0.0161
3.1103 3.0286 3.0777 0.0163
3.1103 3.0286 3.0777 0.0163
3.1103 3.0286 3.0777 0.0163
3.1103 3.0286 3.0778 0.0163
3.1103 3.0286 3.0778 0.0163
3.1166 3.0286 3.0780 0.0166
3.1166 3.0286 3.0781 0.0163
3.1166 3.0286 3.0781 0.0163
3.1166 3.0286 3.0781 0.0163
3.1166 3.0286 3.0781 0.0163
3.1166 3.0286 3.0781 0.0163
3.1166 3.0286 3.0782 0.0163
3.1166 3.0286 3.0783 0.0163
3.1166 3.0286 3.0783 0.0163
3.1166 3.0286 3.0783 0.0163
3.1166 3.0286 3.0788 0.0164
3.1166 3.0286 3.0788 0.0164
3.1166 3.0286 3.0789 0.0164
3.1166 3.0286 3.0790 0.0164
3.1166 3.0286 3.0790 0.0164
3.1166 3.0286 3.0791 0.0164
3.1166 3.0286 3.0791 0.0164
3.1166 3.0286 3.0791 0.0164
3.1166 3.0286 3.0791 0.0164
3.1166 3.0286 3.0793 0.0163
3.1166 3.0286 3.0795 0.0162
3.1166 3.0286 3.0798 0.0165
3.1166 3.0286 3.0799 0.0165
3.1166 3.0286 3.0799 0.0165
3.1166 3.0286 3.0799 0.0165
3.1166 3.0286 3.0799 0.0165
3.1166 3.0286 3.0799 0.0165
3.1166 3.0286 3.0799 0.0165
3.1166 3.0286 3.0799 0.0165
3.1166 3.0286 3.0801 0.0163
3.1166 3.0286 3.0806 0.0159
3.1166 3.0286 3.0806 0.0159
3.1166 3.0286 3.0806 0.0159
3.1166 3.0286 3.0807 0.0159
3.1166 3.0286 3.0807 0.0159
3.1166 3.0286 3.0807 0.0159
3.1166 3.0286 3.0809 0.0157
3.1166 3.0286 3.0813 0.0161
3.1166 3.0286 3.0813 0.0161
3.1166 3.0286 3.0816 0.0164
3.1166 3.0286 3.0818 0.0166
3.1166 3.0286 3.0818 0.0166
3.1166 3.0286 3.0818 0.0166
3.1166 3.0286 3.0818 0.0166
3.1166 3.0286 3.0818 0.0166
3.1166 3.0286 3.0822 0.0164
3.1166 3.0286 3.0822 0.0164
3.1166 3.0286 3.0822 0.0164
3.1166 3.0286 3.0822 0.0164
3.1166 3.0286 3.0822 0.0164
3.1166 3.0286 3.0825 0.0168
3.1166 3.0286 3.0827 0.0168
3.1166 3.0286 3.0827 0.0167
3.1166 3.0286 3.0827 0.0167
3.1166 3.0286 3.0831 0.0169
3.1166 3.0286 3.0831 0.0169
3.1166 3.0286 3.0831 0.0169
3.1166 3.0286 3.0831 0.0169
3.1166 3.0286 3.0831 0.0169
3.1166 3.0286 3.0831 0.0169
3.1166 3.0286 3.0832 0.0168
3.1166 3.0286 3.0832 0.0168
3.1166 3.0286 3.0832 0.0168
3.1166 3.0286 3.0832 0.0168
3.1166 3.0286 3.0833 0.0168
3.1166 3.0498 3.0838 0.0159
3.1166 3.0498 3.0839 0.0158
3.1166 3.0498 3.0839 0.0158
3.1166 3.0498 3.0840 0.0158
3.1166 3.0498 3.0840 0.0158
3.1166 3.0498 3.0840 0.0158
3.1166 3.0498 3.0840 0.0157
3.1166 3.0498 3.0840 0.0157
3.1166 3.0498 3.0840 0.0157
3.1166 3.0498 3.0840 0.0157
3.1166 3.0498 3.0840 0.0157
3.1166 3.0498 3.0841 0.0157
3.1166 3.0498 3.0841 0.0157
3.1166 3.0498 3.0842 0.0156
3.1166 3.0498 3.0842 0.0156
3.1166 3.0498 3.0842 0.0156
3.1166 3.0498 3.0842 0.0156
3.1166 3.0498 3.0842 0.0156
3.1166 3.0498 3.0844 0.0156
3.1166 3.0498 3.0846 0.0156
3.1166 3.0498 3.0846 0.0156
3.1166 3.0498 3.0847 0.0156
3.1166 3.0498 3.0849 0.0155
3.1166 3.0498 3.0850 0.0155
3.1166 3.0498 3.0850 0.0155
3.1166 3.0498 3.0853 0.0156
3.1166 3.0498 3.0857 0.0159
3.1166 3.0498 3.0861 0.0161
3.1166 3.0498 3.0863 0.0160
3.1166 3.0498 3.0863 0.0160
3.1166 3.0498 3.0866 0.0158
3.1166 3.0498 3.0867 0.0158
3.1166 3.0498 3.0867 0.0158
3.1166 3.0498 3.0868 0.0157
3.1166 3.0498 3.0868 0.0157
3.1166 3.0498 3.0868 0.0157
3.1166 3.0498 3.0871 0.0158
3.1166 3.0498 3.0874 0.0156
3.1166 3.0498 3.0875 0.0156
3.1166 3.0498 3.0878 0.0157
3.1166 3.0498 3.0881 0.0159
3.1166 3.0498 3.0885 0.0159
3.1166 3.0498 3.0885 0.0159
3.1166 3.0498 3.0888 0.0160
3.1166 3.0498 3.0893 0.0159
3.1166 3.0498 3.0894 0.0158
3.1166 3.0498 3.0898 0.0153
3.1166 3.0498 3.0898 0.0153
3.1166 3.0498 3.0898 0.0153
3.1166 3.0498 3.0898 0.0153
3.1166 3.0498 3.0898 0.0153
3.1166 3.0498 3.0900 0.0154
3.1166 3.0498 3.0900 0.0154
3.1166 3.0498 3.0900 0.0154
3.1166 3.0498 3.0904 0.0154
3.1166 3.0498 3.0904 0.0154
3.1166 3.0498 3.0904 0.0154
3.1166 3.0498 3.0904 0.0154
3.1166 3.0498 3.0904 0.0154
3.1166 3.0498 3.0904 0.0154
3.1166 3.0498 3.0905 0.0153
3.1166 3.0498 3.0905 0.0153
3.1166 3.0498 3.0907 0.0154
3.1166 3.0498 3.0907 0.0154
3.1166 3.0498 3.0907 0.0154
3.1166 3.0498 3.0907 0.0154
3.1166 3.0498 3.0907 0.0154
3.1166 3.0498 3.0907 0.0154
3.1166 3.0498 3.0907 0.0154
3.1166 3.0498 3.0907 0.0154
3.1166 3.0498 3.0911 0.0156
3.1166 3.0498 3.0911 0.0156
3.1166 3.0498 3.0911 0.0156
3.1166 3.0498 3.0911 0.0156
3.1166 3.0498 3.0911 0.0156
3.1166 3.0498 3.0911 0.0156
3.1166 3.0498 3.0911 0.0155
3.1166 3.0498 3.0913 0.0156
3.1166 3.0498 3.0914 0.0156
3.1166 3.0498 3.0914 0.0156
3.1166 3.0498 3.0915 0.0156
3.1166 3.0498 3.0915 0.0156
3.1166 3.0498 3.0915 0.0156
3.1166 3.0498 3.0915 0.0156
3.1166 3.0498 3.0915 0.0155
3.1166 3.0498 3.0918 0.0156
3.1166 3.0498 3.0918 0.0156
3.1166 3.0498 3.0920 0.0157
3.1166 3.0498 3.0920 0.0157
3.1166 3.0498 3.0920 0.0157
3.1166 3.0498 3.0920 0.0157
3.1166 3.0498 3.0924 0.0157
3.1166 3.0498 3.0924 0.0157
3.1166 3.0498 3.0927 0.0157
3.1166 3.0498 3.0930 0.0157
3.1166 3.0498 3.0932 0.0157
3.1166 3.0498 3.0932 0.0157
3.1166 3.0498 3.0932 0.0157
3.1166 3.0498 3.0932 0.0157
3.1166 3.0498 3.0932 0.0157
3.1166 3.0498 3.0932 0.0157
3.1166 3.0498 3.0933 0.0158
3.1166 3.0498 3.0933 0.0158
3.1166 3.0498 3.0933 0.0158
3.1166 3.0498 3.0933 0.0158
3.1166 3.0498 3.0933 0.0158
3.1166 3.0498 3.0933 0.0158
3.1166 3.0498 3.0934 0.0158
3.1166 3.0498 3.0934 0.0158
3.1166 3.0498 3.0936 0.0158
3.1166 3.0498 3.0939 0.0158
3.1166 3.0498 3.0939 0.0158
3.1166 3.0498 3.0939 0.0158
3.1166 3.0498 3.0939 0.0158
3.1166 3.0498 3.0939 0.0158
3.1166 3.0498 3.0939 0.0158
3.1166 3.0498 3.0939 0.0158
3.1166 3.0498 3.0939 0.0158
3.1166 3.0498 3.0939 0.0158
3.1166 3.0498 3.0941 0.0158
3.1166 3.0498 3.0941 0.0158
3.1166 3.0498 3.0941 0.0158
3.1166 3.0498 3.0941 0.0158
3.1166 3.0498 3.0943 0.0159
3.1166 3.0498 3.0943 0.0159
3.1166 3.0498 3.0945 0.0157
3.1166 3.0498 3.0946 0.0157
3.1166 3.0498 3.0946 0.0157
3.1166 3.0498 3.0946 0.0158
3.1166 3.0498 3.0946 0.0158
3.1166 3.0498 3.0946 0.0158
3.1166 3.0498 3.0946 0.0158
3.1166 3.0498 3.0946 0.0158
3.1166 3.0498 3.0947 0.0156
3.1166 3.0498 3.0947 0.0156
3.1166 3.0498 3.0947 0.0156
3.1166 3.0498 3.0947 0.0156
3.1166 3.0498 3.0949 0.0157
3.1166 3.0498 3.0951 0.0158
3.1166 3.0498 3.0951 0.0158
3.1166 3.0498 3.0951 0.0158
3.1166 3.0498 3.0951 0.0158
3.1166 3.0498 3.0951 0.0158
3.1166 3.0498 3.0953 0.0158
3.1166 3.0498 3.0955 0.0158
3.1166 3.0498 3.0957 0.0157
3.1166 3.0498 3.0957 0.0157
3.1166 3.0498 3.0957 0.0157
3.1166 3.0498 3.0957 0.0157
3.1166 3.0498 3.0957 0.0157
3.1166 3.0498 3.0957 0.0157
3.1166 3.0498 3.0957 0.0157
3.1166 3.0498 3.0959 0.0154
3.1166 3.0498 3.0959 0.0154
3.1166 3.0498 3.0962 0.0154
3.1166 3.0498 3.0964 0.0154
3.1166 3.0498 3.0965 0.0153
3.1166 3.0498 3.0965 0.0153
3.1166 3.0498 3.0965 0.0153
3.1166 3.0498 3.0968 0.0153
3.1166 3.0498 3.0968 0.0153
3.1166 3.0498 3.0968 0.0153
3.1166 3.0498 3.0971 0.0152
3.1166 3.0498 3.0973 0.0153
3.1166 3.0498 3.0974 0.0154
3.1166 3.0498 3.0974 0.0154
3.1166 3.0498 3.0978 0.0153
3.1166 3.0498 3.0978 0.0154
3.1166 3.0498 3.0978 0.0154
3.1166 3.0498 3.0978 0.0154
3.1166 3.0498 3.0978 0.0154
3.1166 3.0498 3.0978 0.0154
3.1166 3.0498 3.0978 0.0154
3.1166 3.0498 3.0978 0.0154
3.1166 3.0498 3.0978 0.0154
3.1166 3.0498 3.0978 0.0154
3.1166 3.0498 3.0980 0.0154
3.1166 3.0498 3.0980 0.0154
3.1166 3.0498 3.0982 0.0154
3.1166 3.0498 3.0982 0.0154
3.1166 3.0498 3.0982 0.0154
3.1166 3.0498 3.0982 0.0154
3.1166 3.0498 3.0983 0.0153
3.1166 3.0498 3.0983 0.0153
3.1166 3.0498 3.0983 0.0153
3.1166 3.0498 3.0985 0.0153
3.1166 3.0498 3.0985 0.0153
3.1166 3.0498 3.0985 0.0153
3.1166 3.0498 3.0985 0.0153
3.1166 3.0498 3.0985 0.0153
3.1166 3.0498 3.0985 0.0153
3.1166 3.0498 3.0986 0.0153
3.1166 3.0498 3.0987 0.0153
3.1166 3.0498 3.0987 0.0153
3.1166 3.0498 3.0987 0.0153
3.1166 3.0498 3.0990 0.0152
3.1166 3.0498 3.0990 0.0152
3.1166 3.0498 3.0990 0.0152
3.1166 3.0498 3.0990 0.0152
3.1166 3.0498 3.0992 0.0152
3.1166 3.0498 3.0992 0.0152
3.1166 3.0498 3.0993 0.0151
3.1166 3.0498 3.0997 0.0151
3.1166 3.0498 3.0999 0.0151
3.1166 3.0498 3.0999 0.0151
3.1166 3.0498 3.0999 0.0151
3.1166 3.0498 3.0999 0.0151
3.1166 3.0498 3.1002 0.0149
3.1166 3.0498 3.1002 0.0149
3.1166 3.0498 3.1002 0.0149
3.1166 3.0498 3.1002 0.0149
3.1166 3.0498 3.1002 0.0149
3.1166 3.0498 3.1002 0.0149
3.1166 3.0498 3.1002 0.0149
3.1166 3.0498 3.1002 0.0149
3.1166 3.0498 3.1002 0.0149
3.1167 3.0498 3.1003 0.0149
3.1167 3.0498 3.1003 0.0149
3.1167 3.0498 3.1003 0.0149
3.1167 3.0498 3.1006 0.0148
3.1167 3.0498 3.1007 0.0148
3.1167 3.0498 3.1007 0.0148
3.1167 3.0498 3.1012 0.0142
3.1167 3.0498 3.1014 0.0142
3.1167 3.0498 3.1014 0.0142
3.1167 3.0498 3.1014 0.0142
3.1167 3.0498 3.1018 0.0139
3.1167 3.0498 3.1021 0.0136
3.1167 3.0498 3.1022 0.0137
3.1167 3.0498 3.1022 0.0137
3.1167 3.0498 3.1022 0.0137
3.1167 3.0498 3.1022 0.0137
3.1167 3.0498 3.1022 0.0137
3.1167 3.0498 3.1026 0.0135
3.1167 3.0498 3.1026 0.0135
3.1167 3.0498 3.1026 0.0135
3.1167 3.0498 3.1026 0.0135
3.1167 3.0498 3.1028 0.0134
3.1167 3.0498 3.1028 0.0134
3.1167 3.0498 3.1028 0.0134
3.1167 3.0498 3.1031 0.0134
3.1167 3.0498 3.1032 0.0134
3.1167 3.0498 3.1032 0.0134
3.1167 3.0498 3.1032 0.0134
3.1167 3.0498 3.1032 0.0134
3.1167 3.0498 3.1035 0.0133
3.1167 3.0498 3.1035 0.0133
3.1167 3.0498 3.1035 0.0133
3.1167 3.0498 3.1037 0.0132
3.1167 3.0498 3.1037 0.0132
3.1167 3.0498 3.1037 0.0132
3.1167 3.0498 3.1038 0.0131
3.1167 3.0498 3.1038 0.0131
3.1167 3.0498 3.1038 0.0131
3.1167 3.0498 3.1041 0.0131
3.1167 3.0498 3.1041 0.0131
3.1167 3.0498 3.1041 0.0131
3.1167 3.0498 3.1041 0.0131
3.1167 3.0498 3.1041 0.0131
3.1167 3.0498 3.1041 0.0131
3.1167 3.0498 3.1041 0.0131
3.1167 3.0498 3.1041 0.0131
3.1167 3.0498 3.1041 0.0131
3.1167 3.0498 3.1041 0.0131
3.1167 3.0498 3.1041 0.0131
3.1167 3.0498 3.1041 0.0131
3.1167 3.0498 3.1041 0.0131
3.1167 3.0498 3.1044 0.0130
3.1167 3.0498 3.1044 0.0130
3.1167 3.0498 3.1044 0.0130
3.1167 3.0498 3.1044 0.0130
3.1167 3.0498 3.1044 0.0130
3.1167 3.0498 3.1044 0.0130
3.1167 3.0498 3.1044 0.0130
3.1167 3.0498 3.1044 0.0130
3.1167 3.0498 3.1044 0.0130
3.1167 3.0498 3.1044 0.0130
3.1167 3.0498 3.1045 0.0130
3.1167 3.0498 3.1045 0.0130
3.1167 3.0498 3.1045 0.0130
3.1169 3.0498 3.1046 0.0130
3.1169 3.0498 3.1046 0.0130
3.1169 3.0498 3.1046 0.0130
3.1169 3.0498 3.1046 0.0130
3.1169 3.0645 3.1051 0.0118
3.1169 3.0645 3.1054 0.0117
3.1169 3.0645 3.1054 0.0117
3.1169 3.0645 3.1056 0.0115
3.1169 3.0645 3.1056 0.0115
3.1169 3.0645 3.1058 0.0114
3.1169 3.0645 3.1058 0.0114
3.1169 3.0645 3.1058 0.0114
3.1169 3.0645 3.1059 0.0114
3.1169 3.0645 3.1063 0.0109
3.1169 3.0645 3.1063 0.0109
3.1169 3.0645 3.1063 0.0109
3.1169 3.0645 3.1063 0.0109
3.1169 3.0645 3.1063 0.0109
3.1169 3.0645 3.1065 0.0108
3.1169 3.0645 3.1065 0.0108
3.1169 3.0645 3.1065 0.0108
3.1169 3.0645 3.1065 0.0108
3.1169 3.0645 3.1065 0.0108
3.1169 3.0645 3.1065 0.0108
3.1169 3.0645 3.1065 0.0108
3.1169 3.0645 3.1068 0.0105
3.1169 3.0645 3.1068 0.0105
3.1169 3.0645 3.1072 0.0099
3.1169 3.0645 3.1072 0.0098
3.1169 3.0645 3.1073 0.0099
3.1169 3.0645 3.1073 0.0099
3.1169 3.0645 3.1073 0.0099
3.1169 3.0645 3.1073 0.0099
3.1169 3.0645 3.1073 0.0099
3.1169 3.0645 3.1073 0.0099
3.1169 3.0645 3.1074 0.0099
3.1169 3.0645 3.1074 0.0099
3.1169 3.0645 3.1074 0.0099
3.1169 3.0645 3.1074 0.0099
3.1169 3.0645 3.1074 0.0099
3.1169 3.0645 3.1074 0.0099
3.1220 3.0645 3.1074 0.0100
3.1220 3.0645 3.1074 0.0100
3.1220 3.0645 3.1074 0.0100
3.1220 3.0645 3.1074 0.0100
3.1220 3.0645 3.1074 0.0100
3.1220 3.0645 3.1075 0.0099
3.1220 3.0645 3.1075 0.0099
3.1220 3.0645 3.1075 0.0099
3.1220 3.0645 3.1075 0.0099
3.1220 3.0645 3.1075 0.0099
3.1220 3.0645 3.1075 0.0099
3.1220 3.0645 3.1075 0.0099
3.1220 3.0645 3.1075 0.0100
3.1220 3.0645 3.1076 0.0100
3.1220 3.0645 3.1076 0.0100
3.1220 3.0645 3.1076 0.0100
3.1220 3.0645 3.1076 0.0100
3.1220 3.0645 3.1076 0.0100
3.1220 3.0645 3.1077 0.0101
3.1220 3.0838 3.1082 0.0091
3.1220 3.0838 3.1083 0.0091
3.1220 3.0838 3.1083 0.0091
3.1220 3.0838 3.1083 0.0091
3.1220 3.0838 3.1086 0.0088
3.1220 3.0838 3.1086 0.0088
3.1220 3.0838 3.1086 0.0088
3.1220 3.0838 3.1086 0.0089
3.1220 3.0838 3.1086 0.0089
3.1220 3.0838 3.1086 0.0089
3.1220 3.0838 3.1086 0.0089
3.1220 3.0838 3.1086 0.0089
3.1220 3.0838 3.1087 0.0089
3.1220 3.0838 3.1087 0.0089
3.1220 3.0838 3.1090 0.0087
3.1220 3.0838 3.1090 0.0087
3.1220 3.0838 3.1090 0.0087
3.1220 3.0838 3.1090 0.0087
3.1220 3.0838 3.1090 0.0087
3.1220 3.0838 3.1091 0.0088
3.1220 3.0838 3.1093 0.0085
3.1220 3.0838 3.1093 0.0085
3.1220 3.0838 3.1093 0.0085
3.1220 3.0838 3.1093 0.0085
3.1220 3.0838 3.1093 0.0085
3.1220 3.0838 3.1095 0.0083
3.1220 3.0838 3.1095 0.0083
3.1220 3.0838 3.1095 0.0083
3.1220 3.0838 3.1097 0.0084
3.1220 3.0838 3.1097 0.0084
3.1220 3.0838 3.1097 0.0084
3.1220 3.0838 3.1097 0.0084
3.1220 3.0838 3.1097 0.0084
3.1220 3.0838 3.1097 0.0084
3.1220 3.0838 3.1097 0.0084
3.1220 3.0838 3.1097 0.0084
3.1220 3.0838 3.1097 0.0084
3.1220 3.0838 3.1098 0.0084
3.1220 3.0838 3.1098 0.0084
3.1220 3.0838 3.1098 0.0084
3.1220 3.0838 3.1098 0.0084
3.1220 3.0838 3.1099 0.0084
3.1220 3.0838 3.1099 0.0084
3.1220 3.0838 3.1099 0.0084
3.1220 3.0838 3.1099 0.0085
3.1220 3.0838 3.1099 0.0085
3.1220 3.0838 3.1099 0.0085
3.1220 3.0838 3.1101 0.0082
3.1220 3.0838 3.1101 0.0082
3.1220 3.0838 3.1101 0.0082
3.1220 3.0838 3.1102 0.0083
3.1220 3.0838 3.1102 0.0083
3.1220 3.0838 3.1102 0.0083
3.1220 3.0838 3.1102 0.0083
3.1220 3.0838 3.1103 0.0083
3.1220 3.0838 3.1103 0.0083
3.1220 3.0838 3.1103 0.0083
3.1220 3.0838 3.1104 0.0083
3.1220 3.0838 3.1104 0.0083
3.1220 3.0838 3.1105 0.0084
3.1220 3.0838 3.1105 0.0084
3.1220 3.0838 3.1105 0.0084
3.1220 3.0838 3.1105 0.0084
3.1220 3.0838 3.1105 0.0084
3.1220 3.0838 3.1105 0.0084
3.1220 3.0838 3.1105 0.0084
3.1220 3.0838 3.1105 0.0084
3.1220 3.0838 3.1107 0.0085
3.1220 3.0838 3.1107 0.0085
3.1220 3.0838 3.1107 0.0085
3.1220 3.0838 3.1107 0.0085
3.1220 3.0838 3.1107 0.0085
3.1220 3.0838 3.1107 0.0085
3.1220 3.0838 3.1107 0.0085
3.1220 3.0838 3.1107 0.0085
3.1220 3.0838 3.1107 0.0085
3.1220 3.0838 3.1107 0.0085
3.1220 3.0838 3.1107 0.0085
3.1220 3.0838 3.1107 0.0085
3.1220 3.0838 3.1107 0.0085
3.1220 3.0838 3.1108 0.0085
3.1220 3.0838 3.1108 0.0085
3.1220 3.0838 3.1108 0.0085
3.1220 3.0838 3.1108 0.0085
3.1220 3.0838 3.1109 0.0085
3.1220 3.0838 3.1109 0.0085
3.1220 3.0838 3.1109 0.0085
3.1220 3.0838 3.1109 0.0085
3.1220 3.0838 3.1109 0.0085
3.1220 3.0838 3.1109 0.0085
3.1220 3.0838 3.1109 0.0085
3.1220 3.0838 3.1109 0.0085
3.1220 3.0838 3.1109 0.0085
3.1220 3.0838 3.1109 0.0085
3.1220 3.0838 3.1109 0.0085
3.1232 3.0838 3.1110 0.0086
3.1232 3.0838 3.1110 0.0086
3.1232 3.0838 3.1110 0.0086
3.1260 3.0838 3.1110 0.0087
3.1260 3.0838 3.1110 0.0087
3.1260 3.0838 3.1112 0.0083
3.1260 3.0838 3.1113 0.0084
3.1260 3.0838 3.1114 0.0084
3.1260 3.0838 3.1114 0.0084
3.1260 3.0838 3.1114 0.0084
3.1260 3.0838 3.1114 0.0084
3.1260 3.0838 3.1114 0.0084
3.1260 3.0838 3.1115 0.0085
3.1260 3.0838 3.1115 0.0085
3.1260 3.0838 3.1115 0.0085
3.1260 3.0838 3.1118 0.0081
3.1260 3.0838 3.1119 0.0079
3.1260 3.0838 3.1119 0.0079
3.1260 3.0838 3.1119 0.0079
3.1260 3.0838 3.1119 0.0079
3.1260 3.0838 3.1119 0.0079
3.1260 3.0838 3.1119 0.0079
3.1260 3.0838 3.1119 0.0079
3.1260 3.0838 3.1119 0.0079
3.1260 3.0838 3.1119 0.0079
3.1260 3.0838 3.1119 0.0079
3.1260 3.0838 3.1119 0.0079
3.1260 3.0838 3.1119 0.0079
3.1260 3.0838 3.1119 0.0079
3.1260 3.0838 3.1120 0.0079
3.1260 3.0838 3.1120 0.0079
3.1260 3.0838 3.1120 0.0079
3.1260 3.0838 3.1121 0.0080
3.1260 3.0838 3.1121 0.0080
3.1260 3.0838 3.1121 0.0080
3.1260 3.0838 3.1121 0.0080
3.1260 3.0838 3.1122 0.0080
3.1260 3.0838 3.1122 0.0081
3.1260 3.0838 3.1122 0.0081
3.1260 3.0838 3.1123 0.0081
3.1260 3.0838 3.1124 0.0081
3.1260 3.0838 3.1124 0.0081
3.1260 3.0838 3.1124 0.0081
3.1260 3.0838 3.1125 0.0081
3.1260 3.0838 3.1125 0.0081
3.1260 3.0838 3.1125 0.0081
3.1260 3.0838 3.1128 0.0077
3.1260 3.0838 3.1128 0.0077
3.1260 3.0838 3.1128 0.0077
3.1260 3.0838 3.1128 0.0077
3.1260 3.0838 3.1128 0.0077
3.1260 3.0838 3.1128 0.0077
3.1260 3.0838 3.1129 0.0077
3.1260 3.0838 3.1129 0.0077
3.1260 3.0838 3.1129 0.0077
3.1260 3.0838 3.1129 0.0077
3.1260 3.0838 3.1129 0.0077
3.1260 3.0838 3.1129 0.0077
3.1260 3.0838 3.1129 0.0077
3.1260 3.0838 3.1129 0.0077
3.1260 3.0838 3.1129 0.0077
3.1260 3.0838 3.1132 0.0075
3.1260 3.0838 3.1132 0.0075
3.1260 3.0838 3.1132 0.0075
3.1260 3.0838 3.1132 0.0075
3.1260 3.0838 3.1134 0.0071
3.1260 3.0838 3.1135 0.0071
3.1260 3.0838 3.1135 0.0071
3.1282 3.0838 3.1136 0.0073
3.1282 3.0838 3.1136 0.0073
3.1282 3.0838 3.1136 0.0073
3.1282 3.0838 3.1136 0.0073
3.1282 3.0838 3.1136 0.0073
3.1282 3.0838 3.1136 0.0073
3.1282 3.0838 3.1136 0.0073
3.1282 3.0838 3.1136 0.0073
3.1282 3.0838 3.1136 0.0073
3.1282 3.0838 3.1136 0.0073
3.1282 3.0838 3.1137 0.0073
3.1327 3.0838 3.1139 0.0076
3.1327 3.0838 3.1140 0.0076
3.1327 3.0838 3.1141 0.0076
3.1327 3.0838 3.1142 0.0077
3.1327 3.0838 3.1143 0.0078
3.1327 3.0838 3.1143 0.0078
3.1327 3.0838 3.1143 0.0078
3.1327 3.0838 3.1143 0.0077
3.1327 3.0838 3.1143 0.0077
3.1327 3.0851 3.1147 0.0071
3.1327 3.0851 3.1147 0.0071
3.1327 3.0851 3.1147 0.0071
3.1327 3.0851 3.1147 0.0071
3.1327 3.0851 3.1147 0.0071
3.1327 3.0851 3.1147 0.0071
3.1327 3.0907 3.1150 0.0064
3.1327 3.0907 3.1152 0.0067
3.1327 3.0907 3.1152 0.0067
3.1327 3.0907 3.1153 0.0067
3.1327 3.0907 3.1153 0.0067
3.1327 3.0907 3.1155 0.0067
3.1327 3.0907 3.1156 0.0067
3.1327 3.0907 3.1156 0.0067
3.1327 3.0907 3.1156 0.0067
3.1327 3.0907 3.1156 0.0067
3.1327 3.0907 3.1156 0.0067
3.1327 3.0907 3.1157 0.0068
3.1327 3.0907 3.1157 0.0068
3.1327 3.0907 3.1158 0.0069
3.1327 3.0907 3.1158 0.0069
3.1327 3.0907 3.1158 0.0069
3.1327 3.0907 3.1158 0.0069
3.1327 3.0907 3.1160 0.0070
3.1327 3.0907 3.1161 0.0071
3.1327 3.0907 3.1162 0.0071
3.1327 3.0907 3.1162 0.0071
3.1327 3.0907 3.1163 0.0071
3.1327 3.0907 3.1164 0.0071
3.1327 3.0907 3.1164 0.0071
3.1327 3.0907 3.1165 0.0070
3.1327 3.0907 3.1165 0.0070
3.1327 3.0907 3.1165 0.0070
3.1327 3.0907 3.1165 0.0070
3.1327 3.0907 3.1165 0.0071
3.1327 3.0907 3.1165 0.0071
3.1327 3.0907 3.1168 0.0066
3.1327 3.0907 3.1168 0.0066
3.1327 3.0907 3.1169 0.0066
3.1327 3.0907 3.1169 0.0067
3.1327 3.0907 3.1169 0.0067
3.1327 3.0907 3.1169 0.0067
3.1327 3.0907 3.1171 0.0066
3.1327 3.0907 3.1171 0.0066
3.1327 3.0907 3.1171 0.0066
3.1327 3.0907 3.1173 0.0067
3.1327 3.0907 3.1173 0.0068
3.1327 3.0907 3.1174 0.0067
3.1327 3.0907 3.1175 0.0067
3.1327 3.0907 3.1176 0.0068
3.1327 3.0907 3.1176 0.0067
3.1327 3.0907 3.1176 0.0067
3.1327 3.0907 3.1177 0.0067
3.1327 3.0907 3.1177 0.0067
3.1327 3.0907 3.1177 0.0067
3.1327 3.0907 3.1177 0.0067
3.1327 3.1082 3.1180 0.0062
3.1327 3.1082 3.1180 0.0062
3.1327 3.1082 3.1180 0.0062
3.1327 3.1082 3.1181 0.0062
3.1327 3.1082 3.1181 0.0062
3.1327 3.1082 3.1181 0.0063
3.1327 3.1082 3.1181 0.0063
3.1327 3.1082 3.1181 0.0063
3.1327 3.1082 3.1183 0.0062
3.1327 3.1082 3.1184 0.0062
3.1375 3.1082 3.1188 0.0067
3.1375 3.1082 3.1188 0.0068
3.1375 3.1082 3.1190 0.0070
3.1375 3.1082 3.1190 0.0070
3.1375 3.1082 3.1190 0.0070
3.1375 3.1082 3.1190 0.0070
3.1375 3.1082 3.1190 0.0070
3.1375 3.1082 3.1190 0.0070
3.1375 3.1082 3.1191 0.0070
3.1375 3.1082 3.1191 0.0070
3.1375 3.1082 3.1191 0.0070
3.1375 3.1082 3.1191 0.0071
3.1375 3.1082 3.1191 0.0071
3.1375 3.1082 3.1191 0.0071
3.1375 3.1082 3.1191 0.0071
3.1375 3.1082 3.1192 0.0070
3.1375 3.1082 3.1192 0.0070
3.1375 3.1082 3.1193 0.0069
3.1375 3.1082 3.1195 0.0069
3.1375 3.1082 3.1195 0.0069
3.1375 3.1082 3.1195 0.0069
3.1375 3.1082 3.1195 0.0069
3.1375 3.1082 3.1196 0.0069
3.1375 3.1082 3.1196 0.0069
3.1375 3.1082 3.1198 0.0069
3.1375 3.1082 3.1199 0.0069
3.1375 3.1082 3.1199 0.0069
3.1375 3.1082 3.1199 0.0069
3.1375 3.1082 3.1201 0.0071
3.1375 3.1082 3.1201 0.0071
3.1375 3.1082 3.1202 0.0071
3.1375 3.1082 3.1203 0.0072
3.1375 3.1082 3.1203 0.0072
3.1375 3.1082 3.1203 0.0073
3.1375 3.1082 3.1204 0.0073
3.1375 3.1082 3.1205 0.0072
3.1375 3.1082 3.1205 0.0072
3.1375 3.1082 3.1207 0.0072
3.1375 3.1082 3.1208 0.0072
3.1375 3.1082 3.1208 0.0072
3.1375 3.1082 3.1208 0.0072
3.1375 3.1082 3.1209 0.0072
3.1375 3.1082 3.1209 0.0072
3.1375 3.1082 3.1209 0.0072
3.1375 3.1082 3.1209 0.0072
3.1375 3.1082 3.1209 0.0072
3.1375 3.1082 3.1209 0.0072
3.1375 3.1082 3.1209 0.0072
3.1375 3.1082 3.1209 0.0072
3.1375 3.1082 3.1209 0.0072
3.1375 3.1082 3.1210 0.0072
3.1375 3.1082 3.1211 0.0071
3.1375 3.1082 3.1211 0.0071
3.1375 3.1082 3.1211 0.0071
3.1375 3.1082 3.1211 0.0071
3.1375 3.1082 3.1214 0.0071
3.1375 3.1082 3.1214 0.0071
3.1375 3.1082 3.1214 0.0071
3.1375 3.1082 3.1216 0.0071
3.1375 3.1082 3.1216 0.0071
3.1375 3.1082 3.1216 0.0071
3.1375 3.1082 3.1216 0.0071
3.1375 3.1082 3.1216 0.0071
3.1375 3.1082 3.1217 0.0071
3.1375 3.1082 3.1217 0.0071
3.1375 3.1082 3.1217 0.0071
3.1375 3.1082 3.1217 0.0071
3.1375 3.1082 3.1217 0.0071
3.1375 3.1082 3.1217 0.0071
3.1375 3.1082 3.1217 0.0071
3.1375 3.1082 3.1218 0.0071
3.1375 3.1082 3.1219 0.0070
3.1375 3.1082 3.1220 0.0069
3.1375 3.1082 3.1221 0.0069
3.1375 3.1082 3.1221 0.0069
3.1375 3.1082 3.1222 0.0069
3.1375 3.1082 3.1223 0.0069
3.1375 3.1082 3.1224 0.0068
3.1375 3.1082 3.1224 0.0068
3.1375 3.1082 3.1224 0.0068
3.1375 3.1082 3.1224 0.0068
3.1375 3.1082 3.1225 0.0068
3.1375 3.1082 3.1225 0.0068
3.1375 3.1082 3.1225 0.0068
3.1375 3.1082 3.1226 0.0068
3.1383 3.1082 3.1226 0.0069
3.1383 3.1082 3.1227 0.0068
3.1383 3.1082 3.1227 0.0068
3.1383 3.1082 3.1227 0.0068
3.1383 3.1082 3.1227 0.0068
3.1383 3.1082 3.1229 0.0067
3.1383 3.1082 3.1230 0.0067
3.1383 3.1082 3.1230 0.0067
3.1383 3.1082 3.1230 0.0067
3.1383 3.1082 3.1230 0.0067
3.1383 3.1082 3.1230 0.0067
3.1383 3.1082 3.1230 0.0067
3.1383 3.1082 3.1232 0.0067
3.1383 3.1082 3.1232 0.0067
3.1383 3.1082 3.1233 0.0066
3.1383 3.1082 3.1233 0.0066
3.1383 3.1082 3.1235 0.0067
3.1383 3.1082 3.1235 0.0067
3.1383 3.1082 3.1235 0.0066
3.1383 3.1082 3.1236 0.0066
3.1383 3.1082 3.1236 0.0066
3.1383 3.1082 3.1237 0.0065
3.1383 3.1082 3.1237 0.0065
3.1383 3.1082 3.1237 0.0065
3.1383 3.1082 3.1237 0.0065
3.1383 3.1082 3.1237 0.0065
3.1383 3.1082 3.1238 0.0065
3.1383 3.1082 3.1238 0.0065
3.1383 3.1082 3.1238 0.0065
3.1383 3.1082 3.1238 0.0065
3.1383 3.1082 3.1238 0.0065
3.1383 3.1082 3.1238 0.0065
3.1383 3.1082 3.1238 0.0065
3.1383 3.1082 3.1239 0.0065
3.1383 3.1082 3.1239 0.0065
3.1383 3.1082 3.1239 0.0065
3.1383 3.1082 3.1239 0.0065
3.1383 3.1082 3.1239 0.0063
3.1383 3.1082 3.1239 0.0063
3.1384 3.1082 3.1240 0.0064
3.1384 3.1082 3.1240 0.0064
3.1384 3.1082 3.1240 0.0064
3.1384 3.1082 3.1240 0.0064
3.1384 3.1082 3.1243 0.0065
3.1384 3.1082 3.1243 0.0065
3.1391 3.1082 3.1245 0.0067
3.1391 3.1082 3.1245 0.0067
3.1391 3.1082 3.1245 0.0067
3.1391 3.1082 3.1245 0.0067
3.1391 3.1082 3.1245 0.0067
3.1391 3.1082 3.1245 0.0067
3.1391 3.1082 3.1245 0.0067
3.1391 3.1082 3.1246 0.0065
3.1391 3.1082 3.1246 0.0065
3.1391 3.1082 3.1246 0.0065
3.1391 3.1082 3.1246 0.0065
3.1391 3.1082 3.1247 0.0065
3.1391 3.1082 3.1247 0.0065
3.1391 3.1082 3.1247 0.0065
3.1391 3.1082 3.1248 0.0064
3.1391 3.1082 3.1249 0.0065
3.1391 3.1082 3.1249 0.0065
3.1391 3.1082 3.1249 0.0065
3.1391 3.1082 3.1249 0.0065
3.1391 3.1082 3.1251 0.0065
3.1391 3.1082 3.1251 0.0065
3.1391 3.1082 3.1251 0.0065
3.1391 3.1082 3.1251 0.0065
3.1391 3.1082 3.1253 0.0064
3.1391 3.1082 3.1254 0.0064
3.1391 3.1082 3.1255 0.0064
3.1391 3.1082 3.1255 0.0064
3.1391 3.1082 3.1255 0.0064
3.1391 3.1082 3.1255 0.0064
3.1391 3.1082 3.1255 0.0064
3.1391 3.1082 3.1255 0.0064
3.1391 3.1082 3.1255 0.0063
3.1391 3.1082 3.1256 0.0063
3.1391 3.1082 3.1256 0.0063
3.1391 3.1082 3.1256 0.0063
3.1391 3.1082 3.1256 0.0063
3.1391 3.1082 3.1256 0.0063
3.1391 3.1082 3.1257 0.0063
3.1391 3.1082 3.1257 0.0063
3.1391 3.1082 3.1257 0.0063
3.1391 3.1082 3.1257 0.0063
3.1391 3.1082 3.1258 0.0063
3.1391 3.1082 3.1258 0.0063
3.1391 3.1082 3.1258 0.0063
3.1391 3.1082 3.1258 0.0063
3.1391 3.1082 3.1258 0.0063
3.1391 3.1082 3.1259 0.0063
3.1391 3.1082 3.1261 0.0060
3.1391 3.1082 3.1262 0.0061
3.1391 3.1082 3.1263 0.0061
3.1391 3.1082 3.1263 0.0061
3.1391 3.1082 3.1264 0.0061
3.1391 3.1082 3.1264 0.0061
3.1391 3.1082 3.1264 0.0061
3.1391 3.1082 3.1265 0.0061
3.1391 3.1082 3.1265 0.0062
3.1391 3.1082 3.1265 0.0062
3.1391 3.1082 3.1267 0.0063
3.1391 3.1082 3.1268 0.0063
3.1391 3.1082 3.1268 0.0063
3.1391 3.1082 3.1269 0.0063
3.1391 3.1082 3.1269 0.0063
3.1391 3.1082 3.1269 0.0063
3.1391 3.1082 3.1269 0.0063
3.1391 3.1082 3.1269 0.0063
3.1391 3.1082 3.1269 0.0063
3.1391 3.1082 3.1269 0.0063
3.1391 3.1082 3.1269 0.0063
3.1391 3.1082 3.1269 0.0063
3.1391 3.1082 3.1269 0.0063
3.1391 3.1082 3.1269 0.0063
3.1391 3.1082 3.1271 0.0063
3.1391 3.1082 3.1271 0.0063
3.1391 3.1082 3.1271 0.0063
3.1391 3.1082 3.1271 0.0063
3.1391 3.1082 3.1271 0.0063
3.1391 3.1082 3.1271 0.0063
3.1391 3.1082 3.1271 0.0063
3.1391 3.1082 3.1272 0.0062
3.1391 3.1082 3.1272 0.0062
3.1391 3.1082 3.1272 0.0062
3.1391 3.1082 3.1272 0.0062
3.1391 3.1082 3.1272 0.0062
3.1391 3.1082 3.1272 0.0062
3.1391 3.1082 3.1272 0.0062
3.1391 3.1082 3.1272 0.0062
3.1391 3.1082 3.1274 0.0063
3.1391 3.1082 3.1274 0.0063
3.1391 3.1082 3.1274 0.0063
3.1399 3.1082 3.1275 0.0064
3.1399 3.1082 3.1275 0.0064
3.1399 3.1082 3.1276 0.0064
3.1399 3.1082 3.1276 0.0063
3.1399 3.1082 3.1276 0.0063
3.1399 3.1082 3.1277 0.0064
3.1399 3.1082 3.1277 0.0064
3.1399 3.1082 3.1277 0.0064
3.1399 3.1082 3.1277 0.0064
3.1399 3.1082 3.1277 0.0064
3.1399 3.1082 3.1278 0.0064
3.1399 3.1082 3.1279 0.0065
3.1399 3.1082 3.1279 0.0065
3.1399 3.1082 3.1280 0.0065
3.1399 3.1082 3.1281 0.0066
3.1399 3.1082 3.1281 0.0066
3.1423 3.1082 3.1282 0.0067
3.1423 3.1082 3.1282 0.0067
3.1423 3.1082 3.1282 0.0067
3.1423 3.1082 3.1282 0.0067
3.1423 3.1082 3.1282 0.0067
3.1423 3.1082 3.1282 0.0067
3.1423 3.1082 3.1282 0.0067
3.1423 3.1082 3.1283 0.0067
3.1423 3.1082 3.1283 0.0067
3.1423 3.1082 3.1284 0.0068
3.1423 3.1082 3.1284 0.0068
3.1423 3.1082 3.1284 0.0068
3.1423 3.1166 3.1287 0.0065
3.1423 3.1166 3.1287 0.0065
3.1423 3.1166 3.1287 0.0065
3.1423 3.1166 3.1287 0.0065
3.1423 3.1166 3.1287 0.0065
3.1423 3.1166 3.1288 0.0065
3.1423 3.1166 3.1288 0.0065
3.1423 3.1166 3.1288 0.0065
3.1423 3.1166 3.1288 0.0065
3.1423 3.1166 3.1288 0.0065
3.1423 3.1166 3.1289 0.0065
3.1423 3.1166 3.1289 0.0065
3.1423 3.1166 3.1289 0.0065
3.1423 3.1166 3.1291 0.0064
3.1423 3.1166 3.1292 0.0064
3.1423 3.1166 3.1292 0.0064
3.1423 3.1166 3.1292 0.0064
3.1423 3.1166 3.1292 0.0063
3.1423 3.1166 3.1292 0.0063
3.1423 3.1166 3.1292 0.0063
3.1423 3.1166 3.1292 0.0063
3.1423 3.1166 3.1292 0.0063
3.1423 3.1166 3.1293 0.0064
3.1423 3.1166 3.1293 0.0064
3.1423 3.1166 3.1293 0.0064
3.1423 3.1166 3.1293 0.0064
3.1423 3.1166 3.1294 0.0064
3.1423 3.1166 3.1295 0.0064
3.1423 3.1166 3.1295 0.0064
3.1423 3.1166 3.1296 0.0064
3.1423 3.1166 3.1296 0.0064
3.1423 3.1166 3.1297 0.0063
3.1423 3.1166 3.1297 0.0063
3.1423 3.1166 3.1297 0.0063
3.1423 3.1166 3.1297 0.0063
3.1423 3.1166 3.1299 0.0062
3.1423 3.1166 3.1300 0.0063
3.1423 3.1166 3.1300 0.0063
3.1423 3.1166 3.1300 0.0063
3.1423 3.1166 3.1300 0.0063
3.1423 3.1166 3.1301 0.0063
3.1423 3.1166 3.1301 0.0063
3.1423 3.1166 3.1301 0.0063
3.1423 3.1166 3.1301 0.0063
3.1423 3.1166 3.1301 0.0063
3.1423 3.1166 3.1301 0.0063
3.1423 3.1166 3.1301 0.0063
3.1423 3.1166 3.1302 0.0063
3.1423 3.1166 3.1303 0.0062
3.1423 3.1166 3.1303 0.0062
3.1423 3.1166 3.1304 0.0063
3.1423 3.1166 3.1304 0.0063
3.1423 3.1166 3.1305 0.0063
3.1423 3.1166 3.1305 0.0063
3.1423 3.1166 3.1305 0.0063
3.1423 3.1166 3.1305 0.0063
3.1423 3.1166 3.1307 0.0062
3.1423 3.1166 3.1309 0.0061
3.1423 3.1166 3.1309 0.0061
3.1423 3.1166 3.1310 0.0061
3.1423 3.1166 3.1310 0.0061
3.1423 3.1166 3.1310 0.0061
3.1423 3.1166 3.1311 0.0061
3.1424 3.1166 3.1311 0.0061
3.1424 3.1166 3.1311 0.0061
3.1424 3.1166 3.1313 0.0062
3.1424 3.1166 3.1313 0.0062
3.1424 3.1166 3.1313 0.0061
3.1424 3.1166 3.1315 0.0061
3.1424 3.1166 3.1315 0.0061
3.1424 3.1166 3.1316 0.0061
3.1424 3.1166 3.1316 0.0061
3.1424 3.1166 3.1316 0.0061
3.1424 3.1166 3.1316 0.0061
3.1424 3.1166 3.1316 0.0061
3.1424 3.1166 3.1317 0.0059
3.1424 3.1166 3.1318 0.0059
3.1424 3.1166 3.1318 0.0059
3.1424 3.1166 3.1318 0.0059
3.1424 3.1166 3.1318 0.0059
3.1424 3.1166 3.1318 0.0059
3.1424 3.1166 3.1319 0.0059
3.1424 3.1166 3.1320 0.0057
3.1424 3.1166 3.1320 0.0057
3.1424 3.1166 3.1321 0.0057
3.1424 3.1166 3.1322 0.0058
3.1424 3.1166 3.1322 0.0058
3.1424 3.1166 3.1324 0.0058
3.1424 3.1166 3.1324 0.0058
3.1470 3.1166 3.1326 0.0058
3.1470 3.1166 3.1327 0.0058
3.1470 3.1166 3.1327 0.0058
3.1470 3.1166 3.1327 0.0058
3.1470 3.1166 3.1327 0.0058
3.1470 3.1166 3.1327 0.0058
3.1470 3.1166 3.1327 0.0058
3.1470 3.1166 3.1328 0.0057
3.1470 3.1166 3.1328 0.0057
3.1470 3.1166 3.1328 0.0058
3.1470 3.1166 3.1328 0.0058
3.1470 3.1166 3.1328 0.0058
3.1470 3.1166 3.1328 0.0058
3.1470 3.1166 3.1328 0.0058
3.1470 3.1166 3.1329 0.0058
3.1470 3.1166 3.1329 0.0058
3.1470 3.1166 3.1329 0.0058
3.1470 3.1166 3.1329 0.0058
3.1470 3.1166 3.1329 0.0058
3.1470 3.1166 3.1329 0.0058
3.1470 3.1166 3.1329 0.0058
3.1470 3.1166 3.1329 0.0058
3.1470 3.1166 3.1329 0.0058
3.1470 3.1166 3.1329 0.0058
3.1470 3.1166 3.1329 0.0058
3.1470 3.1166 3.1329 0.0058
3.1470 3.1166 3.1329 0.0058
3.1470 3.1166 3.1330 0.0058
3.1470 3.1166 3.1331 0.0058
3.1470 3.1166 3.1331 0.0058
3.1470 3.1166 3.1331 0.0058
3.1470 3.1166 3.1331 0.0058
3.1470 3.1166 3.1331 0.0058
3.1470 3.1166 3.1333 0.0057
3.1470 3.1166 3.1334 0.0057
3.1470 3.1166 3.1334 0.0057
3.1470 3.1166 3.1334 0.0057
3.1470 3.1166 3.1335 0.0057
3.1470 3.1166 3.1335 0.0057
3.1470 3.1166 3.1335 0.0057
3.1470 3.1166 3.1335 0.0057
3.1470 3.1166 3.1335 0.0057
3.1470 3.1166 3.1335 0.0057
3.1470 3.1166 3.1335 0.0057
3.1470 3.1166 3.1335 0.0057
3.1470 3.1166 3.1335 0.0057
3.1470 3.1166 3.1335 0.0057
3.1470 3.1166 3.1335 0.0057
3.1470 3.1166 3.1336 0.0057
3.1470 3.1166 3.1336 0.0057
3.1470 3.1166 3.1336 0.0057
3.1470 3.1166 3.1337 0.0057
3.1470 3.1166 3.1337 0.0057
3.1470 3.1166 3.1337 0.0057
3.1470 3.1166 3.1337 0.0057
3.1470 3.1166 3.1337 0.0057
3.1470 3.1166 3.1337 0.0057
3.1470 3.1166 3.1337 0.0057
3.1470 3.1166 3.1338 0.0057
3.1470 3.1166 3.1338 0.0056
3.1470 3.1166 3.1339 0.0055
3.1470 3.1166 3.1339 0.0055
3.1470 3.1166 3.1340 0.0055
3.1470 3.1166 3.1340 0.0055
3.1470 3.1166 3.1340 0.0055
3.1470 3.1166 3.1340 0.0055
3.1470 3.1166 3.1340 0.0055
3.1470 3.1166 3.1340 0.0055
3.1470 3.1166 3.1340 0.0055
3.1470 3.1166 3.1340 0.0055
3.1470 3.1166 3.1340 0.0055
3.1470 3.1166 3.1341 0.0052
3.1470 3.1166 3.1341 0.0052
3.1472 3.1166 3.1342 0.0054
3.1477 3.1166 3.1342 0.0054
3.1477 3.1166 3.1342 0.0054
3.1477 3.1166 3.1342 0.0054
3.1477 3.1166 3.1342 0.0054
3.1477 3.1166 3.1343 0.0054
3.1477 3.1166 3.1343 0.0054
3.1477 3.1166 3.1344 0.0055
3.1477 3.1166 3.1344 0.0055
3.1477 3.1166 3.1345 0.0056
3.1477 3.1166 3.1346 0.0058
3.1477 3.1166 3.1346 0.0058
3.1477 3.1166 3.1348 0.0059
3.1491 3.1166 3.1348 0.0060
3.1491 3.1166 3.1348 0.0060
3.1491 3.1166 3.1348 0.0060
3.1491 3.1166 3.1350 0.0061
3.1491 3.1166 3.1350 0.0061
3.1491 3.1166 3.1350 0.0062
3.1491 3.1166 3.1350 0.0062
3.1491 3.1166 3.1350 0.0062
3.1491 3.1166 3.1351 0.0062
3.1491 3.1166 3.1351 0.0062
3.1491 3.1166 3.1351 0.0062
3.1491 3.1166 3.1351 0.0062
3.1491 3.1166 3.1351 0.0062
3.1491 3.1166 3.1351 0.0062
3.1491 3.1166 3.1351 0.0062
3.1491 3.1166 3.1352 0.0061
3.1491 3.1166 3.1353 0.0062
3.1491 3.1166 3.1355 0.0063
3.1491 3.1166 3.1355 0.0063
3.1491 3.1166 3.1355 0.0063
3.1491 3.1166 3.1356 0.0064
3.1491 3.1166 3.1356 0.0064
3.1491 3.1166 3.1357 0.0063
3.1542 3.1166 3.1359 0.0066
3.1542 3.1166 3.1359 0.0066
3.1542 3.1166 3.1359 0.0066
3.1542 3.1166 3.1359 0.0066
3.1542 3.1166 3.1359 0.0066
3.1542 3.1166 3.1361 0.0066
3.1542 3.1166 3.1361 0.0066
3.1542 3.1166 3.1361 0.0066
3.1542 3.1166 3.1361 0.0066
3.1542 3.1166 3.1363 0.0066
3.1542 3.1166 3.1363 0.0066
3.1542 3.1166 3.1363 0.0065
3.1542 3.1166 3.1364 0.0065
3.1542 3.1166 3.1364 0.0065
3.1542 3.1166 3.1365 0.0065
3.1542 3.1166 3.1365 0.0065
3.1542 3.1166 3.1365 0.0065
3.1542 3.1166 3.1365 0.0065
3.1542 3.1166 3.1367 0.0066
3.1542 3.1166 3.1367 0.0066
3.1542 3.1166 3.1367 0.0066
3.1542 3.1166 3.1367 0.0066
3.1542 3.1166 3.1367 0.0066
3.1542 3.1166 3.1368 0.0066
3.1542 3.1166 3.1368 0.0066
3.1542 3.1215 3.1371 0.0063
3.1542 3.1215 3.1371 0.0063
3.1542 3.1215 3.1372 0.0063
3.1542 3.1215 3.1372 0.0064
3.1542 3.1215 3.1372 0.0064
3.1542 3.1215 3.1372 0.0064
3.1542 3.1215 3.1372 0.0064
3.1542 3.1215 3.1373 0.0063
3.1542 3.1215 3.1373 0.0063
3.1542 3.1215 3.1373 0.0063
3.1542 3.1215 3.1373 0.0063
3.1542 3.1215 3.1373 0.0063
3.1542 3.1215 3.1373 0.0063
3.1542 3.1215 3.1373 0.0063
3.1542 3.1215 3.1374 0.0064
3.1542 3.1215 3.1374 0.0064
3.1542 3.1215 3.1374 0.0064
3.1542 3.1215 3.1374 0.0064
3.1542 3.1215 3.1374 0.0064
3.1542 3.1215 3.1374 0.0064
3.1542 3.1215 3.1374 0.0064
3.1542 3.1215 3.1374 0.0065
3.1542 3.1215 3.1374 0.0064
3.1542 3.1215 3.1374 0.0064
3.1542 3.1215 3.1374 0.0064
3.1542 3.1215 3.1375 0.0065
3.1542 3.1215 3.1375 0.0065
3.1542 3.1215 3.1375 0.0065
3.1542 3.1215 3.1375 0.0065
3.1542 3.1215 3.1375 0.0065
3.1542 3.1215 3.1375 0.0065
3.1542 3.1215 3.1375 0.0065
3.1542 3.1215 3.1375 0.0065
3.1542 3.1215 3.1376 0.0065
3.1542 3.1215 3.1376 0.0065
3.1542 3.1215 3.1376 0.0065
3.1542 3.1215 3.1376 0.0065
3.1542 3.1215 3.1376 0.0065
3.1542 3.1215 3.1376 0.0065
3.1542 3.1215 3.1376 0.0065
3.1542 3.1215 3.1376 0.0065
3.1542 3.1215 3.1376 0.0065
3.1542 3.1215 3.1377 0.0064
3.1542 3.1215 3.1377 0.0064
3.1542 3.1215 3.1377 0.0064
3.1542 3.1215 3.1377 0.0064
3.1542 3.1215 3.1379 0.0065
3.1542 3.1215 3.1379 0.0065
3.1542 3.1215 3.1379 0.0064
3.1542 3.1215 3.1379 0.0064
3.1542 3.1215 3.1380 0.0064
3.1542 3.1215 3.1380 0.0064
3.1542 3.1215 3.1380 0.0064
3.1542 3.1215 3.1380 0.0064
3.1542 3.1215 3.1380 0.0064
3.1542 3.1215 3.1380 0.0064
3.1542 3.1215 3.1380 0.0064
3.1542 3.1215 3.1380 0.0064
3.1542 3.1215 3.1381 0.0063
3.1542 3.1215 3.1381 0.0063
3.1542 3.1215 3.1383 0.0063
3.1542 3.1215 3.1383 0.0063
3.1542 3.1215 3.1383 0.0063
3.1542 3.1215 3.1384 0.0062
3.1542 3.1215 3.1384 0.0062
3.1542 3.1215 3.1385 0.0063
3.1542 3.1215 3.1385 0.0063
3.1542 3.1215 3.1385 0.0063
3.1542 3.1215 3.1385 0.0063
3.1542 3.1215 3.1385 0.0063
3.1542 3.1215 3.1385 0.0063
3.1542 3.1215 3.1387 0.0063
3.1542 3.1215 3.1388 0.0063
3.1542 3.1215 3.1389 0.0063
3.1542 3.1215 3.1390 0.0063
3.1542 3.1215 3.1390 0.0063
3.1571 3.1215 3.1392 0.0066
3.1571 3.1215 3.1393 0.0066
3.1571 3.1215 3.1393 0.0066
3.1571 3.1215 3.1393 0.0066
3.1571 3.1215 3.1394 0.0068
3.1571 3.1215 3.1394 0.0068
3.1571 3.1215 3.1394 0.0068
3.1571 3.1215 3.1397 0.0070
3.1571 3.1215 3.1397 0.0070
3.1571 3.1215 3.1397 0.0070
3.1571 3.1215 3.1397 0.0070
3.1571 3.1215 3.1397 0.0070
3.1571 3.1215 3.1397 0.0070
3.1571 3.1232 3.1398 0.0067
3.1571 3.1232 3.1398 0.0067
3.1571 3.1232 3.1398 0.0067
3.1571 3.1232 3.1398 0.0068
3.1571 3.1232 3.1398 0.0068
3.1571 3.1232 3.1399 0.0068
3.1571 3.1232 3.1399 0.0068
3.1571 3.1232 3.1399 0.0068
3.1571 3.1232 3.1401 0.0068
3.1571 3.1232 3.1401 0.0068
3.1571 3.1232 3.1401 0.0068
3.1571 3.1232 3.1401 0.0067
3.1595 3.1232 3.1404 0.0070
3.1595 3.1232 3.1404 0.0070
3.1595 3.1232 3.1404 0.0070
3.1595 3.1232 3.1404 0.0070
3.1595 3.1232 3.1404 0.0070
3.1595 3.1232 3.1405 0.0069
3.1595 3.1232 3.1405 0.0069
3.1595 3.1232 3.1406 0.0068
3.1595 3.1232 3.1406 0.0068
3.1595 3.1232 3.1406 0.0068
3.1595 3.1232 3.1407 0.0068
3.1595 3.1232 3.1407 0.0068
3.1595 3.1232 3.1407 0.0068
3.1595 3.1232 3.1407 0.0068
3.1595 3.1232 3.1407 0.0068
3.1595 3.1232 3.1408 0.0070
3.1595 3.1232 3.1408 0.0070
3.1595 3.1232 3.1408 0.0070
3.1595 3.1232 3.1408 0.0070
3.1595 3.1232 3.1408 0.0070
3.1595 3.1232 3.1408 0.0070
3.1595 3.1232 3.1409 0.0070
3.1595 3.1232 3.1409 0.0070
3.1595 3.1232 3.1409 0.0070
3.1595 3.1232 3.1410 0.0070
3.1595 3.1232 3.1410 0.0070
3.1595 3.1232 3.1410 0.0070
3.1595 3.1232 3.1410 0.0070
3.1595 3.1232 3.1411 0.0070
3.1595 3.1232 3.1411 0.0070
3.1595 3.1232 3.1411 0.0070
3.1595 3.1232 3.1411 0.0070
3.1595 3.1232 3.1411 0.0070
3.1595 3.1232 3.1411 0.0070
3.1595 3.1232 3.1411 0.0070
3.1595 3.1232 3.1411 0.0070
3.1595 3.1232 3.1412 0.0070
3.1606 3.1232 3.1412 0.0070
3.1606 3.1232 3.1413 0.0070
3.1606 3.1232 3.1413 0.0070
3.1606 3.1232 3.1414 0.0071
3.1606 3.1232 3.1414 0.0071
3.1606 3.1232 3.1415 0.0071
3.1606 3.1232 3.1415 0.0071
3.1606 3.1232 3.1415 0.0071
3.1606 3.1232 3.1417 0.0074
3.1606 3.1232 3.1417 0.0074
3.1606 3.1232 3.1417 0.0074
3.1606 3.1232 3.1417 0.0074
3.1606 3.1232 3.1417 0.0074
3.1606 3.1232 3.1418 0.0074
3.1606 3.1232 3.1418 0.0074
3.1606 3.1232 3.1418 0.0074
3.1606 3.1232 3.1419 0.0074
3.1606 3.1232 3.1421 0.0076
3.1606 3.1232 3.1422 0.0076
3.1606 3.1232 3.1423 0.0076
3.1606 3.1232 3.1423 0.0076
3.1606 3.1232 3.1423 0.0076
3.1606 3.1232 3.1425 0.0076
3.1606 3.1232 3.1425 0.0076
3.1606 3.1232 3.1425 0.0076
3.1606 3.1232 3.1425 0.0076
3.1606 3.1232 3.1426 0.0076
3.1606 3.1232 3.1426 0.0075
3.1608 3.1232 3.1428 0.0077
3.1608 3.1232 3.1428 0.0077
3.1608 3.1232 3.1428 0.0077
3.1608 3.1232 3.1430 0.0079
3.1608 3.1232 3.1430 0.0079
3.1608 3.1232 3.1430 0.0079
3.1608 3.1232 3.1430 0.0079
3.1608 3.1232 3.1431 0.0079
3.1608 3.1232 3.1431 0.0079
3.1608 3.1232 3.1431 0.0079
3.1608 3.1232 3.1431 0.0079
3.1608 3.1232 3.1432 0.0079
3.1608 3.1232 3.1432 0.0079
3.1608 3.1232 3.1432 0.0079
3.1608 3.1242 3.1433 0.0076
3.1608 3.1242 3.1433 0.0076
3.1608 3.1242 3.1433 0.0076
3.1608 3.1242 3.1433 0.0076
3.1608 3.1242 3.1434 0.0075
3.1608 3.1242 3.1434 0.0075
3.1608 3.1242 3.1434 0.0075
3.1608 3.1242 3.1434 0.0075
3.1608 3.1242 3.1435 0.0075
3.1608 3.1242 3.1437 0.0077
3.1608 3.1242 3.1437 0.0077
3.1608 3.1242 3.1437 0.0077
3.1608 3.1242 3.1439 0.0079
3.1608 3.1242 3.1439 0.0079
3.1608 3.1242 3.1439 0.0079
3.1608 3.1242 3.1439 0.0079
3.1608 3.1242 3.1439 0.0079
3.1608 3.1242 3.1439 0.0079
3.1608 3.1242 3.1441 0.0079
3.1608 3.1242 3.1441 0.0079
3.1608 3.1242 3.1442 0.0081
3.1608 3.1242 3.1444 0.0081
3.1608 3.1242 3.1444 0.0081
3.1608 3.1242 3.1444 0.0081
3.1608 3.1242 3.1445 0.0081
3.1608 3.1242 3.1446 0.0083
3.1608 3.1242 3.1448 0.0084
3.1608 3.1242 3.1450 0.0085
3.1608 3.1242 3.1450 0.0085
3.1608 3.1242 3.1450 0.0085
3.1608 3.1242 3.1451 0.0086
3.1608 3.1242 3.1451 0.0086
3.1608 3.1242 3.1451 0.0086
3.1608 3.1242 3.1451 0.0086
3.1608 3.1242 3.1452 0.0085
3.1608 3.1242 3.1452 0.0085
3.1608 3.1242 3.1453 0.0084
3.1608 3.1242 3.1453 0.0084
3.1608 3.1242 3.1454 0.0084
3.1608 3.1242 3.1456 0.0085
3.1608 3.1242 3.1456 0.0084
3.1608 3.1242 3.1457 0.0084
3.1608 3.1242 3.1457 0.0084
3.1608 3.1242 3.1458 0.0086
3.1608 3.1242 3.1458 0.0086
3.1608 3.1242 3.1458 0.0086
3.1608 3.1242 3.1458 0.0086
3.1608 3.1242 3.1458 0.0086
3.1608 3.1242 3.1458 0.0086
3.1608 3.1242 3.1458 0.0086
3.1608 3.1242 3.1458 0.0086
3.1608 3.1242 3.1460 0.0085
3.1608 3.1242 3.1460 0.0085
3.1608 3.1242 3.1460 0.0085
3.1608 3.1242 3.1461 0.0087
3.1608 3.1242 3.1461 0.0087
3.1608 3.1242 3.1462 0.0086
3.1608 3.1242 3.1462 0.0086
3.1608 3.1242 3.1462 0.0086
3.1608 3.1242 3.1463 0.0086
3.1608 3.1242 3.1463 0.0086
3.1608 3.1242 3.1463 0.0086
3.1608 3.1242 3.1463 0.0086
3.1608 3.1242 3.1463 0.0086
3.1608 3.1242 3.1464 0.0085
3.1608 3.1242 3.1464 0.0086
3.1608 3.1242 3.1464 0.0086
3.1608 3.1242 3.1465 0.0085
3.1608 3.1242 3.1465 0.0085
3.1608 3.1242 3.1466 0.0085
3.1608 3.1242 3.1467 0.0084
3.1608 3.1242 3.1467 0.0084
3.1608 3.1242 3.1467 0.0084
3.1608 3.1242 3.1467 0.0084
3.1608 3.1242 3.1468 0.0085
3.1608 3.1242 3.1469 0.0085
3.1608 3.1242 3.1470 0.0084
3.1608 3.1242 3.1470 0.0084
3.1608 3.1242 3.1470 0.0084
3.1608 3.1242 3.1470 0.0084
3.1608 3.1242 3.1471 0.0085
3.1608 3.1242 3.1472 0.0086
3.1608 3.1242 3.1472 0.0086
3.1608 3.1242 3.1472 0.0086
3.1608 3.1242 3.1473 0.0085
3.1608 3.1242 3.1473 0.0085
3.1634 3.1242 3.1473 0.0086
3.1634 3.1242 3.1473 0.0086
3.1634 3.1242 3.1474 0.0085
3.1634 3.1242 3.1475 0.0085
3.1634 3.1242 3.1475 0.0085
3.1634 3.1242 3.1475 0.0085
3.1634 3.1242 3.1477 0.0086
3.1634 3.1242 3.1478 0.0086
3.1634 3.1242 3.1478 0.0086
3.1634 3.1242 3.1478 0.0086
3.1634 3.1242 3.1478 0.0086
3.1634 3.1242 3.1480 0.0087
3.1634 3.1242 3.1480 0.0087
3.1634 3.1242 3.1480 0.0087
3.1634 3.1242 3.1480 0.0087
3.1634 3.1242 3.1480 0.0087
3.1634 3.1242 3.1480 0.0087
3.1634 3.1242 3.1480 0.0087
3.1634 3.1242 3.1480 0.0087
3.1634 3.1242 3.1480 0.0087
3.1634 3.1242 3.1480 0.0087
3.1634 3.1242 3.1480 0.0087
3.1634 3.1242 3.1480 0.0087
3.1634 3.1242 3.1481 0.0088
3.1634 3.1242 3.1481 0.0088
3.1634 3.1242 3.1481 0.0088
3.1634 3.1242 3.1481 0.0088
3.1634 3.1242 3.1481 0.0088
3.1634 3.1242 3.1481 0.0088
3.1634 3.1242 3.1481 0.0088
3.1634 3.1242 3.1484 0.0087
3.1634 3.1242 3.1484 0.0087
3.1634 3.1242 3.1485 0.0088
3.1634 3.1242 3.1485 0.0088
3.1634 3.1242 3.1485 0.0088
3.1634 3.1242 3.1485 0.0088
3.1634 3.1242 3.1485 0.0088
3.1634 3.1242 3.1486 0.0088
3.1634 3.1242 3.1486 0.0088
3.1634 3.1242 3.1486 0.0087
3.1634 3.1242 3.1489 0.0087
3.1634 3.1242 3.1489 0.0087
3.1634 3.1242 3.1489 0.0087
3.1634 3.1242 3.1489 0.0087
3.1634 3.1242 3.1490 0.0087
3.1634 3.1242 3.1491 0.0087
3.1634 3.1242 3.1491 0.0087
3.1634 3.1242 3.1491 0.0087
3.1634 3.1242 3.1491 0.0087
3.1634 3.1242 3.1491 0.0087
3.1634 3.1242 3.1492 0.0087
3.1634 3.1242 3.1492 0.0087
3.1634 3.1242 3.1492 0.0087
3.1634 3.1242 3.1492 0.0087
3.1634 3.1242 3.1494 0.0087
3.1634 3.1242 3.1494 0.0087
3.1634 3.1242 3.1494 0.0087
3.1634 3.1242 3.1494 0.0087
3.1634 3.1242 3.1495 0.0087
3.1634 3.1242 3.1495 0.0087
3.1634 3.1242 3.1495 0.0087
3.1634 3.1242 3.1497 0.0086
3.1634 3.1242 3.1498 0.0086
3.1634 3.1242 3.1498 0.0086
3.1634 3.1242 3.1498 0.0086
3.1634 3.1242 3.1498 0.0086
3.1634 3.1242 3.1498 0.0086
3.1634 3.1242 3.1498 0.0086
3.1634 3.1242 3.1498 0.0086
3.1634 3.1242 3.1498 0.0086
3.1634 3.1242 3.1498 0.0086
3.1634 3.1242 3.1498 0.0086
3.1634 3.1242 3.1498 0.0086
3.1634 3.1242 3.1498 0.0086
3.1634 3.1242 3.1498 0.0086
3.1634 3.1242 3.1498 0.0086
3.1637 3.1242 3.1500 0.0087
3.1637 3.1242 3.1500 0.0087
3.1637 3.1242 3.1500 0.0087
3.1637 3.1242 3.1500 0.0087
3.1647 3.1242 3.1502 0.0088
3.1647 3.1242 3.1502 0.0088
3.1647 3.1242 3.1503 0.0088
3.1647 3.1242 3.1503 0.0088
3.1647 3.1242 3.1504 0.0088
3.1647 3.1242 3.1505 0.0089
3.1647 3.1242 3.1505 0.0089
3.1647 3.1242 3.1505 0.0089
3.1647 3.1242 3.1505 0.0089
3.1647 3.1242 3.1506 0.0089
3.1667 3.1242 3.1508 0.0090
3.1667 3.1242 3.1508 0.0090
3.1667 3.1242 3.1508 0.0090
3.1667 3.1242 3.1511 0.0089
3.1667 3.1242 3.1511 0.0089
3.1667 3.1242 3.1514 0.0088
3.1667 3.1242 3.1514 0.0088
3.1667 3.1242 3.1514 0.0088
3.1667 3.1242 3.1516 0.0088
3.1667 3.1242 3.1516 0.0088
3.1667 3.1242 3.1516 0.0088
3.1667 3.1242 3.1516 0.0088
3.1667 3.1242 3.1516 0.0088
3.1667 3.1242 3.1516 0.0088
3.1667 3.1242 3.1516 0.0088
3.1667 3.1242 3.1517 0.0089
3.1667 3.1242 3.1517 0.0089
3.1667 3.1242 3.1519 0.0087
3.1667 3.1242 3.1520 0.0087
3.1667 3.1242 3.1521 0.0087
3.1667 3.1242 3.1522 0.0087
3.1667 3.1242 3.1522 0.0087
3.1667 3.1242 3.1522 0.0088
3.1667 3.1242 3.1523 0.0088
3.1667 3.1242 3.1525 0.0088
3.1667 3.1242 3.1525 0.0088
3.1667 3.1242 3.1525 0.0088
3.1667 3.1242 3.1525 0.0089
3.1667 3.1242 3.1525 0.0089
3.1667 3.1242 3.1528 0.0088
3.1667 3.1242 3.1528 0.0088
3.1667 3.1242 3.1531 0.0086
3.1667 3.1242 3.1531 0.0086
3.1683 3.1242 3.1532 0.0087
3.1683 3.1242 3.1532 0.0087
3.1683 3.1242 3.1532 0.0086
3.1683 3.1242 3.1532 0.0086
3.1683 3.1242 3.1532 0.0086
3.1683 3.1242 3.1534 0.0085
3.1683 3.1242 3.1534 0.0085
3.1683 3.1242 3.1535 0.0085
3.1683 3.1242 3.1537 0.0084
3.1683 3.1242 3.1537 0.0084
3.1683 3.1242 3.1538 0.0082
3.1683 3.1242 3.1538 0.0082
3.1683 3.1242 3.1538 0.0082
3.1683 3.1242 3.1538 0.0082
3.1683 3.1242 3.1540 0.0081
3.1683 3.1242 3.1540 0.0081
3.1683 3.1242 3.1540 0.0081
3.1683 3.1242 3.1541 0.0081
3.1683 3.1242 3.1541 0.0081
3.1683 3.1242 3.1541 0.0081
3.1683 3.1242 3.1541 0.0081
3.1683 3.1242 3.1541 0.0081
3.1683 3.1242 3.1541 0.0081
3.1683 3.1242 3.1541 0.0081
3.1683 3.1242 3.1543 0.0082
3.1683 3.1242 3.1543 0.0082
3.1683 3.1242 3.1543 0.0082
3.1683 3.1242 3.1543 0.0082
3.1683 3.1242 3.1543 0.0082
3.1683 3.1242 3.1545 0.0082
3.1683 3.1242 3.1547 0.0083
3.1683 3.1242 3.1547 0.0083
3.1683 3.1242 3.1547 0.0083
3.1683 3.1242 3.1547 0.0083
3.1683 3.1242 3.1548 0.0084
3.1683 3.1242 3.1548 0.0084
3.1683 3.1242 3.1551 0.0082
3.1683 3.1242 3.1553 0.0083
3.1683 3.1242 3.1553 0.0083
3.1683 3.1242 3.1553 0.0083
3.1683 3.1242 3.1553 0.0083
3.1683 3.1242 3.1553 0.0083
3.1683 3.1242 3.1553 0.0083
3.1683 3.1242 3.1554 0.0083
3.1683 3.1242 3.1554 0.0083
3.1683 3.1242 3.1554 0.0083
3.1683 3.1242 3.1554 0.0083
3.1683 3.1242 3.1554 0.0083
3.1683 3.1242 3.1554 0.0083
3.1683 3.1242 3.1554 0.0083
3.1683 3.1242 3.1555 0.0083
3.1683 3.1242 3.1557 0.0084
3.1683 3.1242 3.1558 0.0083
3.1683 3.1242 3.1558 0.0083
3.1683 3.1242 3.1559 0.0083
3.1683 3.1242 3.1559 0.0083
3.1683 3.1242 3.1559 0.0083
3.1683 3.1242 3.1559 0.0083
3.1683 3.1242 3.1560 0.0083
3.1683 3.1242 3.1560 0.0083
3.1683 3.1242 3.1560 0.0083
3.1683 3.1242 3.1561 0.0083
3.1683 3.1242 3.1562 0.0083
3.1683 3.1242 3.1563 0.0083
3.1683 3.1242 3.1565 0.0081
3.1683 3.1242 3.1565 0.0081
3.1683 3.1242 3.1565 0.0081
3.1683 3.1242 3.1565 0.0081
3.1683 3.1242 3.1565 0.0081
3.1683 3.1242 3.1565 0.0081
3.1683 3.1242 3.1565 0.0081
3.1683 3.1242 3.1565 0.0081
3.1683 3.1383 3.1569 0.0075
3.1683 3.1383 3.1569 0.0075
3.1683 3.1383 3.1569 0.0075
3.1683 3.1383 3.1570 0.0075
3.1683 3.1383 3.1570 0.0075
3.1683 3.1383 3.1572 0.0074
3.1683 3.1383 3.1572 0.0074
3.1683 3.1383 3.1572 0.0074
3.1683 3.1383 3.1572 0.0074
3.1683 3.1383 3.1572 0.0074
3.1683 3.1383 3.1572 0.0074
3.1683 3.1383 3.1573 0.0074
3.1683 3.1383 3.1575 0.0073
3.1683 3.1383 3.1575 0.0073
3.1683 3.1383 3.1575 0.0074
3.1683 3.1383 3.1575 0.0074
3.1683 3.1383 3.1575 0.0074
3.1683 3.1383 3.1575 0.0074
3.1683 3.1383 3.1575 0.0074
3.1683 3.1383 3.1576 0.0073
3.1683 3.1383 3.1577 0.0073
3.1683 3.1383 3.1577 0.0073
3.1683 3.1383 3.1577 0.0073
3.1683 3.1383 3.1577 0.0073
3.1683 3.1383 3.1577 0.0073
3.1683 3.1383 3.1577 0.0073
3.1683 3.1383 3.1577 0.0073
3.1683 3.1383 3.1577 0.0073
3.1683 3.1383 3.1577 0.0073
3.1683 3.1383 3.1577 0.0073
3.1683 3.1383 3.1577 0.0073
3.1683 3.1383 3.1577 0.0073
3.1683 3.1383 3.1577 0.0073
3.1683 3.1383 3.1578 0.0073
3.1683 3.1383 3.1578 0.0073
3.1683 3.1383 3.1578 0.0073
3.1683 3.1383 3.1578 0.0073
3.1683 3.1383 3.1578 0.0073
3.1683 3.1383 3.1578 0.0073
3.1683 3.1383 3.1578 0.0073
3.1683 3.1383 3.1578 0.0073
3.1694 3.1383 3.1579 0.0074
3.1694 3.1383 3.1581 0.0072
3.1694 3.1383 3.1581 0.0072
3.1694 3.1384 3.1583 0.0069
3.1694 3.1384 3.1583 0.0069
3.1694 3.1384 3.1584 0.0068
3.1694 3.1384 3.1584 0.0068
3.1694 3.1384 3.1584 0.0068
3.1694 3.1384 3.1584 0.0068
3.1694 3.1384 3.1584 0.0068
3.1694 3.1384 3.1584 0.0068
3.1694 3.1384 3.1584 0.0068
3.1694 3.1384 3.1584 0.0068
3.1694 3.1384 3.1584 0.0068
3.1694 3.1384 3.1584 0.0068
3.1694 3.1384 3.1584 0.0068
3.1694 3.1384 3.1585 0.0069
3.1694 3.1384 3.1585 0.0069
3.1694 3.1384 3.1585 0.0069
3.1694 3.1384 3.1585 0.0069
3.1694 3.1384 3.1585 0.0069
3.1694 3.1384 3.1585 0.0069
3.1694 3.1384 3.1586 0.0067
3.1694 3.1384 3.1586 0.0067
3.1694 3.1384 3.1587 0.0068
3.1694 3.1384 3.1587 0.0068
3.1694 3.1384 3.1587 0.0068
3.1694 3.1384 3.1587 0.0068
3.1694 3.1384 3.1587 0.0068
3.1694 3.1384 3.1587 0.0068
3.1694 3.1384 3.1587 0.0068
3.1694 3.1384 3.1587 0.0068
3.1694 3.1384 3.1587 0.0068
3.1694 3.1384 3.1587 0.0068
3.1694 3.1384 3.1587 0.0068
3.1694 3.1384 3.1587 0.0068
3.1694 3.1384 3.1587 0.0068
3.1694 3.1384 3.1588 0.0068
3.1694 3.1384 3.1588 0.0068
3.1694 3.1384 3.1588 0.0068
3.1694 3.1384 3.1588 0.0068
3.1694 3.1384 3.1588 0.0068
3.1694 3.1384 3.1588 0.0068
3.1694 3.1384 3.1588 0.0068
3.1694 3.1384 3.1588 0.0068
3.1694 3.1384 3.1588 0.0068
3.1694 3.1384 3.1588 0.0068
3.1694 3.1384 3.1590 0.0066
3.1694 3.1384 3.1590 0.0066
3.1694 3.1384 3.1590 0.0066
3.1694 3.1384 3.1590 0.0066
3.1694 3.1384 3.1591 0.0067
3.1694 3.1384 3.1591 0.0067
3.1694 3.1384 3.1591 0.0067
3.1694 3.1384 3.1591 0.0067
3.1694 3.1384 3.1591 0.0067
3.1694 3.1384 3.1591 0.0067
3.1694 3.1384 3.1592 0.0066
3.1694 3.1384 3.1592 0.0066
3.1694 3.1384 3.1592 0.0066
3.1694 3.1384 3.1592 0.0066
3.1694 3.1384 3.1595 0.0065
3.1694 3.1384 3.1595 0.0065
3.1694 3.1384 3.1595 0.0065
3.1694 3.1384 3.1595 0.0065
3.1694 3.1384 3.1595 0.0065
3.1694 3.1384 3.1595 0.0065
3.1694 3.1384 3.1595 0.0065
3.1694 3.1384 3.1595 0.0065
3.1694 3.1384 3.1596 0.0065
3.1694 3.1384 3.1596 0.0065
3.1694 3.1384 3.1596 0.0065
3.1694 3.1384 3.1596 0.0066
3.1694 3.1384 3.1596 0.0066
3.1694 3.1384 3.1597 0.0066
3.1694 3.1384 3.1597 0.0066
3.1694 3.1384 3.1597 0.0066
3.1694 3.1384 3.1598 0.0067
3.1694 3.1384 3.1598 0.0067
3.1694 3.1384 3.1598 0.0067
3.1694 3.1384 3.1598 0.0067
3.1694 3.1384 3.1598 0.0067
3.1694 3.1384 3.1598 0.0067
3.1694 3.1384 3.1601 0.0065
3.1694 3.1384 3.1601 0.0065
3.1694 3.1384 3.1602 0.0064
3.1694 3.1384 3.1602 0.0064
3.1694 3.1384 3.1602 0.0064
3.1694 3.1384 3.1602 0.0064
3.1694 3.1384 3.1603 0.0064
3.1694 3.1384 3.1603 0.0064
3.1694 3.1384 3.1603 0.0064
3.1694 3.1384 3.1604 0.0065
3.1694 3.1384 3.1605 0.0065
3.1694 3.1384 3.1605 0.0065
3.1694 3.1384 3.1605 0.0065
3.1694 3.1384 3.1605 0.0065
3.1694 3.1384 3.1606 0.0065
3.1694 3.1384 3.1606 0.0065
3.1694 3.1384 3.1607 0.0065
3.1694 3.1384 3.1607 0.0065
3.1694 3.1384 3.1607 0.0065
3.1694 3.1384 3.1608 0.0063
3.1694 3.1384 3.1609 0.0062
3.1694 3.1384 3.1609 0.0062
3.1694 3.1384 3.1609 0.0062
3.1694 3.1384 3.1609 0.0062
3.1694 3.1423 3.1611 0.0058
3.1694 3.1423 3.1611 0.0058
3.1694 3.1423 3.1611 0.0058
3.1694 3.1423 3.1611 0.0058
3.1694 3.1423 3.1613 0.0055
3.1694 3.1423 3.1613 0.0055
3.1694 3.1423 3.1613 0.0055
3.1694 3.1426 3.1613 0.0054
3.1694 3.1426 3.1613 0.0054
3.1694 3.1426 3.1613 0.0054
3.1694 3.1426 3.1614 0.0054
3.1694 3.1426 3.1614 0.0054
3.1694 3.1426 3.1614 0.0054
3.1694 3.1426 3.1614 0.0054
3.1694 3.1426 3.1615 0.0055
3.1694 3.1426 3.1615 0.0055
3.1694 3.1426 3.1615 0.0055
3.1694 3.1426 3.1615 0.0055
3.1694 3.1426 3.1615 0.0055
3.1694 3.1426 3.1616 0.0054
3.1694 3.1450 3.1619 0.0051
3.1694 3.1450 3.1619 0.0051
3.1694 3.1450 3.1620 0.0051
3.1694 3.1450 3.1620 0.0051
3.1694 3.1450 3.1620 0.0051
3.1694 3.1450 3.1620 0.0051
3.1694 3.1450 3.1620 0.0051
3.1694 3.1450 3.1621 0.0052
3.1694 3.1450 3.1621 0.0052
3.1694 3.1450 3.1621 0.0052
3.1694 3.1450 3.1621 0.0052
3.1694 3.1450 3.1621 0.0052
3.1694 3.1450 3.1622 0.0049
3.1694 3.1450 3.1623 0.0048
3.1694 3.1450 3.1623 0.0048
3.1694 3.1450 3.1623 0.0048
3.1694 3.1450 3.1624 0.0048
3.1715 3.1450 3.1624 0.0049
3.1715 3.1450 3.1625 0.0049
3.1715 3.1450 3.1625 0.0047
3.1715 3.1450 3.1626 0.0048
3.1715 3.1450 3.1626 0.0048
3.1715 3.1450 3.1626 0.0047
3.1715 3.1450 3.1627 0.0046
3.1715 3.1450 3.1627 0.0046
3.1715 3.1450 3.1627 0.0046
3.1715 3.1450 3.1627 0.0046
3.1715 3.1452 3.1628 0.0043
3.1715 3.1452 3.1629 0.0043
3.1715 3.1452 3.1629 0.0043
3.1715 3.1452 3.1630 0.0041
3.1715 3.1452 3.1630 0.0041
3.1715 3.1452 3.1630 0.0041
3.1715 3.1452 3.1631 0.0041
3.1715 3.1452 3.1631 0.0041
3.1715 3.1452 3.1632 0.0042
3.1715 3.1452 3.1632 0.0042
3.1715 3.1452 3.1632 0.0042
3.1715 3.1452 3.1632 0.0042
3.1715 3.1452 3.1632 0.0042
3.1715 3.1452 3.1632 0.0042
3.1715 3.1452 3.1632 0.0042
3.1715 3.1452 3.1632 0.0042
3.1715 3.1452 3.1632 0.0042
3.1715 3.1452 3.1633 0.0041
3.1715 3.1452 3.1633 0.0041
3.1715 3.1452 3.1633 0.0041
3.1715 3.1452 3.1633 0.0041
3.1715 3.1452 3.1633 0.0041
3.1715 3.1452 3.1634 0.0041
3.1715 3.1542 3.1635 0.0037
3.1715 3.1542 3.1635 0.0037
3.1715 3.1542 3.1635 0.0037
3.1715 3.1542 3.1635 0.0037
3.1715 3.1542 3.1636 0.0037
3.1715 3.1542 3.1636 0.0037
3.1715 3.1542 3.1637 0.0036
3.1715 3.1542 3.1637 0.0036
3.1715 3.1542 3.1637 0.0037
3.1715 3.1542 3.1637 0.0037
3.1715 3.1542 3.1637 0.0037
3.1715 3.1542 3.1637 0.0037
3.1715 3.1547 3.1638 0.0036
3.1715 3.1547 3.1638 0.0035
3.1715 3.1547 3.1638 0.0035
3.1715 3.1547 3.1638 0.0035
3.1715 3.1547 3.1638 0.0035
3.1715 3.1547 3.1638 0.0035
3.1715 3.1547 3.1638 0.0035
3.1715 3.1547 3.1638 0.0035
3.1715 3.1547 3.1638 0.0035
3.1715 3.1547 3.1638 0.0035
3.1715 3.1547 3.1638 0.0035
3.1715 3.1547 3.1638 0.0035
3.1715 3.1547 3.1638 0.0035
3.1715 3.1547 3.1640 0.0037
3.1715 3.1547 3.1640 0.0037
3.1715 3.1547 3.1641 0.0037
3.1715 3.1547 3.1641 0.0037
3.1715 3.1547 3.1641 0.0037
3.1715 3.1547 3.1641 0.0037
3.1715 3.1547 3.1641 0.0037
3.1715 3.1547 3.1641 0.0037
3.1715 3.1547 3.1641 0.0037
3.1715 3.1547 3.1641 0.0037
3.1715 3.1547 3.1642 0.0037
3.1715 3.1547 3.1642 0.0037
3.1715 3.1547 3.1642 0.0038
3.1715 3.1547 3.1642 0.0038
3.1715 3.1547 3.1642 0.0038
3.1715 3.1547 3.1642 0.0038
3.1715 3.1547 3.1642 0.0038
3.1715 3.1547 3.1642 0.0038
3.1715 3.1547 3.1642 0.0038
3.1715 3.1547 3.1642 0.0038
3.1715 3.1547 3.1642 0.0038
3.1715 3.1547 3.1642 0.0038
3.1715 3.1547 3.1643 0.0038
3.1715 3.1547 3.1643 0.0038
3.1715 3.1547 3.1644 0.0038
3.1715 3.1547 3.1644 0.0038
3.1715 3.1547 3.1644 0.0038
3.1715 3.1547 3.1644 0.0038
3.1715 3.1547 3.1644 0.0038
3.1715 3.1547 3.1644 0.0037
3.1715 3.1547 3.1645 0.0037
3.1715 3.1547 3.1645 0.0037
3.1715 3.1547 3.1645 0.0037
3.1715 3.1547 3.1645 0.0037
3.1715 3.1547 3.1646 0.0037
3.1715 3.1547 3.1646 0.0037
3.1715 3.1547 3.1646 0.0037
3.1715 3.1547 3.1647 0.0036
3.1715 3.1547 3.1647 0.0036
3.1715 3.1547 3.1648 0.0035
3.1715 3.1547 3.1648 0.0035
3.1715 3.1547 3.1648 0.0035
3.1715 3.1547 3.1649 0.0036
3.1715 3.1547 3.1649 0.0036
3.1715 3.1547 3.1649 0.0036
3.1715 3.1547 3.1650 0.0035
3.1715 3.1547 3.1650 0.0035
3.1715 3.1547 3.1650 0.0036
3.1715 3.1547 3.1651 0.0036
3.1715 3.1547 3.1651 0.0035
3.1715 3.1547 3.1651 0.0036
3.1715 3.1547 3.1651 0.0036
3.1715 3.1547 3.1651 0.0036
3.1715 3.1547 3.1651 0.0036
3.1715 3.1547 3.1651 0.0036
3.1715 3.1547 3.1651 0.0036
3.1715 3.1547 3.1652 0.0036
3.1715 3.1547 3.1652 0.0036
3.1715 3.1547 3.1653 0.0036
3.1715 3.1547 3.1653 0.0036
3.1715 3.1582 3.1654 0.0035
3.1715 3.1582 3.1654 0.0035
3.1715 3.1582 3.1655 0.0034
3.1715 3.1582 3.1655 0.0034
3.1715 3.1582 3.1655 0.0034
3.1715 3.1582 3.1655 0.0034
3.1715 3.1582 3.1655 0.0034
3.1715 3.1582 3.1655 0.0034
3.1715 3.1582 3.1656 0.0034
3.1715 3.1582 3.1656 0.0034
3.1715 3.1582 3.1656 0.0034
3.1715 3.1582 3.1656 0.0034
3.1715 3.1582 3.1656 0.0034
3.1715 3.1582 3.1657 0.0034
3.1715 3.1582 3.1657 0.0034
3.1728 3.1582 3.1657 0.0035
3.1728 3.1582 3.1658 0.0035
3.1728 3.1582 3.1658 0.0035
3.1728 3.1582 3.1658 0.0035
3.1728 3.1582 3.1659 0.0034
3.1728 3.1582 3.1659 0.0034
3.1728 3.1582 3.1660 0.0034
3.1728 3.1582 3.1660 0.0034
3.1728 3.1582 3.1660 0.0034
3.1728 3.1582 3.1660 0.0034
3.1728 3.1582 3.1660 0.0034
3.1728 3.1582 3.1660 0.0034
3.1728 3.1582 3.1660 0.0034
3.1732 3.1582 3.1661 0.0035
3.1732 3.1582 3.1661 0.0035
3.1732 3.1582 3.1661 0.0035
3.1732 3.1582 3.1661 0.0035
3.1732 3.1582 3.1661 0.0035
3.1732 3.1582 3.1661 0.0035
3.1732 3.1582 3.1662 0.0035
3.1732 3.1582 3.1662 0.0035
3.1732 3.1582 3.1662 0.0035
3.1732 3.1582 3.1662 0.0035
3.1732 3.1582 3.1662 0.0035
3.1732 3.1582 3.1662 0.0035
3.1732 3.1582 3.1663 0.0035
3.1732 3.1582 3.1663 0.0035
3.1732 3.1582 3.1663 0.0035
3.1732 3.1582 3.1663 0.0035
3.1732 3.1582 3.1664 0.0035
3.1732 3.1582 3.1664 0.0035
3.1732 3.1582 3.1664 0.0035
3.1732 3.1582 3.1664 0.0035
3.1732 3.1582 3.1664 0.0035
3.1732 3.1582 3.1664 0.0035
3.1732 3.1582 3.1664 0.0035
3.1732 3.1582 3.1664 0.0035
3.1732 3.1582 3.1665 0.0035
3.1759 3.1582 3.1665 0.0036
3.1759 3.1582 3.1665 0.0036
3.1759 3.1582 3.1665 0.0036
3.1759 3.1582 3.1665 0.0036
3.1759 3.1582 3.1665 0.0036
3.1759 3.1582 3.1666 0.0036
3.1759 3.1582 3.1666 0.0035
3.1759 3.1582 3.1666 0.0035
3.1759 3.1582 3.1666 0.0035
3.1759 3.1582 3.1667 0.0035
3.1759 3.1582 3.1667 0.0035
3.1759 3.1582 3.1667 0.0035
3.1759 3.1582 3.1667 0.0035
3.1759 3.1582 3.1667 0.0035
3.1759 3.1582 3.1667 0.0035
3.1759 3.1582 3.1667 0.0035
3.1759 3.1582 3.1667 0.0035
3.1759 3.1582 3.1667 0.0035
3.1759 3.1582 3.1667 0.0035
3.1759 3.1582 3.1667 0.0035
3.1759 3.1582 3.1667 0.0035
3.1759 3.1582 3.1667 0.0035
3.1759 3.1582 3.1667 0.0035
3.1759 3.1582 3.1668 0.0034
3.1759 3.1582 3.1668 0.0034
3.1759 3.1582 3.1668 0.0034
3.1759 3.1582 3.1668 0.0034
3.1759 3.1582 3.1668 0.0034
3.1759 3.1582 3.1669 0.0035
3.1759 3.1582 3.1669 0.0035
3.1759 3.1582 3.1670 0.0035
3.1759 3.1582 3.1670 0.0035
3.1759 3.1582 3.1670 0.0035
3.1759 3.1582 3.1670 0.0035
3.1759 3.1582 3.1670 0.0035
3.1759 3.1582 3.1670 0.0034
3.1759 3.1582 3.1670 0.0034
3.1759 3.1582 3.1670 0.0034
3.1759 3.1582 3.1670 0.0034
3.1759 3.1582 3.1671 0.0034
3.1759 3.1582 3.1671 0.0034
3.1759 3.1582 3.1671 0.0034
3.1759 3.1582 3.1672 0.0034
3.1759 3.1582 3.1672 0.0034
3.1759 3.1582 3.1672 0.0034
3.1759 3.1582 3.1672 0.0034
3.1759 3.1582 3.1672 0.0034
3.1759 3.1582 3.1673 0.0033
3.1759 3.1582 3.1674 0.0032
3.1759 3.1582 3.1674 0.0032
3.1759 3.1582 3.1674 0.0032
3.1759 3.1582 3.1674 0.0032
3.1759 3.1582 3.1674 0.0032
3.1759 3.1582 3.1674 0.0032
3.1759 3.1582 3.1675 0.0032
3.1759 3.1582 3.1675 0.0032
3.1759 3.1582 3.1675 0.0032
3.1759 3.1582 3.1675 0.0032
3.1759 3.1582 3.1675 0.0032
3.1759 3.1582 3.1675 0.0032
3.1759 3.1582 3.1675 0.0032
3.1759 3.1582 3.1675 0.0032
3.1759 3.1582 3.1675 0.0032
3.1759 3.1582 3.1675 0.0032
3.1759 3.1582 3.1675 0.0032
3.1759 3.1582 3.1676 0.0032
3.1759 3.1582 3.1676 0.0032
3.1759 3.1582 3.1676 0.0032
3.1759 3.1582 3.1676 0.0032
3.1759 3.1582 3.1676 0.0032
3.1759 3.1582 3.1676 0.0032
3.1759 3.1582 3.1677 0.0032
3.1759 3.1582 3.1677 0.0032
3.1759 3.1582 3.1677 0.0032
3.1759 3.1582 3.1677 0.0032
3.1759 3.1582 3.1677 0.0032
3.1759 3.1582 3.1677 0.0032
3.1759 3.1582 3.1677 0.0032
3.1759 3.1582 3.1677 0.0032
3.1759 3.1582 3.1677 0.0032
3.1759 3.1582 3.1677 0.0032
3.1759 3.1582 3.1677 0.0032
3.1759 3.1582 3.1677 0.0032
3.1759 3.1582 3.1677 0.0031
3.1759 3.1582 3.1677 0.0031
3.1759 3.1582 3.1677 0.0031
3.1759 3.1582 3.1677 0.0031
3.1759 3.1582 3.1677 0.0031
3.1759 3.1582 3.1678 0.0031
3.1759 3.1582 3.1678 0.0031
3.1759 3.1582 3.1678 0.0031
3.1759 3.1582 3.1678 0.0031
3.1759 3.1582 3.1678 0.0031
3.1759 3.1582 3.1678 0.0031
3.1759 3.1582 3.1678 0.0031
3.1759 3.1582 3.1678 0.0031
3.1759 3.1582 3.1679 0.0030
3.1759 3.1582 3.1679 0.0030
3.1759 3.1582 3.1680 0.0030
3.1759 3.1582 3.1680 0.0030
3.1759 3.1582 3.1680 0.0030
3.1759 3.1582 3.1680 0.0030
3.1759 3.1582 3.1680 0.0030
3.1759 3.1582 3.1680 0.0030
3.1759 3.1582 3.1680 0.0030
3.1759 3.1582 3.1680 0.0030
3.1759 3.1582 3.1680 0.0030
3.1759 3.1582 3.1680 0.0030
3.1759 3.1582 3.1681 0.0030
3.1759 3.1582 3.1681 0.0030
3.1759 3.1582 3.1681 0.0030
3.1759 3.1582 3.1681 0.0030
3.1759 3.1582 3.1681 0.0030
3.1759 3.1582 3.1682 0.0030
3.1759 3.1582 3.1682 0.0030
3.1759 3.1582 3.1682 0.0030
3.1759 3.1582 3.1682 0.0030
3.1759 3.1582 3.1682 0.0030
3.1759 3.1582 3.1682 0.0030
3.1759 3.1582 3.1682 0.0030
3.1759 3.1582 3.1682 0.0030
3.1759 3.1582 3.1682 0.0030
3.1759 3.1582 3.1682 0.0030
3.1759 3.1582 3.1682 0.0030
3.1759 3.1582 3.1682 0.0030
3.1759 3.1582 3.1682 0.0030
3.1759 3.1582 3.1682 0.0030
3.1759 3.1582 3.1682 0.0030
3.1759 3.1582 3.1682 0.0030
3.1759 3.1582 3.1682 0.0030
3.1759 3.1582 3.1682 0.0030
3.1759 3.1582 3.1682 0.0030
3.1759 3.1582 3.1682 0.0030
3.1759 3.1582 3.1682 0.0030
3.1759 3.1582 3.1683 0.0031
3.1759 3.1582 3.1683 0.0031
3.1759 3.1582 3.1683 0.0031
3.1759 3.1582 3.1683 0.0031
3.1759 3.1582 3.1683 0.0030
3.1759 3.1582 3.1683 0.0030
3.1759 3.1582 3.1683 0.0030
3.1759 3.1582 3.1683 0.0031
3.1759 3.1582 3.1683 0.0031
3.1759 3.1582 3.1683 0.0031
3.1759 3.1582 3.1683 0.0031
3.1759 3.1582 3.1683 0.0031
3.1759 3.1582 3.1684 0.0031
3.1759 3.1582 3.1684 0.0031
3.1759 3.1582 3.1684 0.0031
3.1759 3.1582 3.1684 0.0031
3.1759 3.1582 3.1685 0.0031
3.1759 3.1582 3.1685 0.0031
3.1759 3.1582 3.1685 0.0031
3.1759 3.1582 3.1685 0.0031
3.1759 3.1582 3.1685 0.0031
3.1759 3.1582 3.1685 0.0031
3.1759 3.1582 3.1686 0.0031
3.1759 3.1582 3.1686 0.0030
3.1759 3.1582 3.1686 0.0030
3.1759 3.1582 3.1687 0.0030
3.1759 3.1582 3.1688 0.0030
3.1759 3.1582 3.1688 0.0030
3.1759 3.1582 3.1688 0.0029
3.1759 3.1582 3.1688 0.0029
3.1759 3.1582 3.1688 0.0029
3.1759 3.1582 3.1688 0.0029
3.1759 3.1582 3.1688 0.0029
3.1759 3.1582 3.1688 0.0029
3.1759 3.1582 3.1688 0.0029
3.1759 3.1582 3.1688 0.0029
3.1759 3.1582 3.1688 0.0029
3.1759 3.1582 3.1688 0.0029
3.1759 3.1582 3.1689 0.0029
3.1759 3.1582 3.1689 0.0029
3.1759 3.1582 3.1689 0.0029
3.1759 3.1582 3.1689 0.0029
3.1759 3.1582 3.1689 0.0030
3.1759 3.1582 3.1689 0.0029
3.1759 3.1582 3.1689 0.0029
3.1759 3.1582 3.1689 0.0029
3.1759 3.1582 3.1690 0.0029
3.1759 3.1582 3.1690 0.0029
3.1759 3.1582 3.1690 0.0029
3.1759 3.1582 3.1690 0.0029
3.1759 3.1582 3.1690 0.0029
3.1759 3.1582 3.1690 0.0029
3.1759 3.1582 3.1690 0.0030
3.1759 3.1582 3.1690 0.0029
3.1759 3.1582 3.1690 0.0029
3.1759 3.1582 3.1690 0.0029
3.1759 3.1582 3.1690 0.0029
3.1759 3.1582 3.1690 0.0029
3.1759 3.1582 3.1690 0.0029
3.1759 3.1582 3.1690 0.0029
3.1759 3.1582 3.1690 0.0029
3.1759 3.1582 3.1690 0.0029
3.1759 3.1582 3.1690 0.0029
3.1759 3.1582 3.1690 0.0029
3.1759 3.1582 3.1690 0.0029
3.1759 3.1582 3.1690 0.0029
3.1759 3.1582 3.1690 0.0029
3.1759 3.1582 3.1690 0.0029
3.1759 3.1582 3.1690 0.0029
3.1759 3.1582 3.1690 0.0029
3.1759 3.1582 3.1690 0.0029
3.1759 3.1582 3.1690 0.0029
3.1759 3.1582 3.1691 0.0030
3.1759 3.1582 3.1691 0.0030
3.1759 3.1582 3.1691 0.0030
3.1759 3.1582 3.1691 0.0030
3.1759 3.1582 3.1691 0.0030
3.1759 3.1582 3.1691 0.0030
3.1759 3.1582 3.1691 0.0030
3.1759 3.1582 3.1692 0.0030
3.1759 3.1582 3.1692 0.0029
3.1759 3.1582 3.1693 0.0028
3.1759 3.1582 3.1693 0.0028
3.1759 3.1582 3.1693 0.0028
3.1759 3.1582 3.1693 0.0028
3.1759 3.1582 3.1694 0.0028
3.1759 3.1582 3.1694 0.0028
3.1759 3.1582 3.1694 0.0028
3.1759 3.1582 3.1694 0.0028
3.1759 3.1582 3.1694 0.0028
3.1759 3.1582 3.1694 0.0028
3.1759 3.1582 3.1694 0.0028
3.1759 3.1582 3.1694 0.0028
3.1759 3.1582 3.1694 0.0028
3.1759 3.1582 3.1694 0.0028
3.1759 3.1582 3.1694 0.0028
3.1759 3.1582 3.1694 0.0028
3.1759 3.1582 3.1694 0.0028
3.1759 3.1582 3.1694 0.0028
3.1759 3.1582 3.1694 0.0028
3.1759 3.1582 3.1694 0.0028
3.1759 3.1582 3.1694 0.0028
3.1759 3.1582 3.1694 0.0028
3.1759 3.1582 3.1694 0.0028
3.1759 3.1582 3.1694 0.0028
3.1759 3.1582 3.1694 0.0028
3.1759 3.1582 3.1694 0.0028
3.1759 3.1582 3.1694 0.0028
3.1759 3.1582 3.1694 0.0028
3.1759 3.1582 3.1695 0.0028
3.1759 3.1582 3.1695 0.0028
3.1759 3.1582 3.1695 0.0028
3.1759 3.1582 3.1695 0.0028
3.1759 3.1582 3.1695 0.0028
3.1759 3.1582 3.1696 0.0028
3.1759 3.1582 3.1696 0.0028
3.1759 3.1582 3.1696 0.0028
3.1759 3.1582 3.1697 0.0027
3.1759 3.1582 3.1697 0.0027
3.1759 3.1582 3.1697 0.0027
3.1759 3.1582 3.1697 0.0027
3.1759 3.1582 3.1697 0.0027
3.1759 3.1582 3.1697 0.0027
3.1759 3.1582 3.1697 0.0027
3.1759 3.1582 3.1697 0.0027
3.1759 3.1582 3.1697 0.0027
3.1759 3.1582 3.1697 0.0027
3.1759 3.1582 3.1697 0.0027
3.1759 3.1582 3.1697 0.0027
3.1759 3.1582 3.1697 0.0027
3.1759 3.1582 3.1697 0.0027
3.1759 3.1582 3.1697 0.0027
3.1759 3.1582 3.1697 0.0027
3.1759 3.1582 3.1698 0.0027
3.1759 3.1582 3.1698 0.0027
3.1759 3.1582 3.1698 0.0027
3.1759 3.1582 3.1698 0.0027
3.1759 3.1582 3.1698 0.0027
3.1759 3.1582 3.1698 0.0027
3.1759 3.1582 3.1698 0.0027
3.1759 3.1582 3.1699 0.0027
3.1759 3.1582 3.1699 0.0027
3.1759 3.1582 3.1699 0.0027
3.1759 3.1612 3.1700 0.0025
3.1759 3.1612 3.1700 0.0025
3.1759 3.1612 3.1700 0.0025
3.1759 3.1612 3.1700 0.0025
3.1759 3.1612 3.1700 0.0025
3.1759 3.1612 3.1700 0.0025
3.1759 3.1612 3.1700 0.0025
3.1759 3.1612 3.1700 0.0025
3.1759 3.1612 3.1701 0.0025
3.1759 3.1612 3.1701 0.0025
3.1759 3.1612 3.1701 0.0025
3.1759 3.1612 3.1701 0.0025
3.1759 3.1612 3.1701 0.0025
3.1759 3.1612 3.1701 0.0025
3.1759 3.1612 3.1701 0.0025
3.1759 3.1612 3.1701 0.0025
3.1759 3.1612 3.1701 0.0025
3.1759 3.1615 3.1702 0.0023
3.1759 3.1615 3.1703 0.0023
3.1759 3.1615 3.1703 0.0023
3.1759 3.1615 3.1703 0.0023
3.1759 3.1615 3.1704 0.0023
3.1759 3.1615 3.1704 0.0023
3.1759 3.1615 3.1704 0.0023
3.1759 3.1615 3.1704 0.0023
3.1759 3.1615 3.1704 0.0023
3.1759 3.1615 3.1704 0.0023
3.1759 3.1615 3.1704 0.0023
3.1759 3.1615 3.1704 0.0023
3.1759 3.1615 3.1704 0.0023
3.1759 3.1615 3.1704 0.0023
3.1759 3.1615 3.1704 0.0023
3.1759 3.1615 3.1704 0.0023
3.1759 3.1615 3.1704 0.0023
3.1759 3.1615 3.1704 0.0023
3.1759 3.1615 3.1704 0.0023
3.1759 3.1615 3.1704 0.0023
3.1759 3.1615 3.1704 0.0023
3.1759 3.1615 3.1704 0.0023
3.1759 3.1615 3.1704 0.0024
3.1759 3.1615 3.1704 0.0024
3.1759 3.1615 3.1704 0.0024
3.1759 3.1615 3.1704 0.0024
3.1759 3.1615 3.1704 0.0024
3.1759 3.1615 3.1705 0.0024
3.1759 3.1615 3.1705 0.0023
3.1759 3.1615 3.1705 0.0023
3.1759 3.1615 3.1705 0.0023
3.1759 3.1615 3.1705 0.0023
3.1759 3.1615 3.1705 0.0023
3.1759 3.1615 3.1705 0.0023
3.1759 3.1615 3.1705 0.0023
3.1759 3.1615 3.1706 0.0023
3.1759 3.1615 3.1706 0.0023
3.1759 3.1615 3.1706 0.0023
3.1759 3.1615 3.1706 0.0023
3.1759 3.1615 3.1706 0.0023
3.1759 3.1615 3.1706 0.0024
3.1759 3.1615 3.1706 0.0024
3.1759 3.1615 3.1706 0.0024
3.1759 3.1615 3.1706 0.0024
3.1759 3.1615 3.1706 0.0024
3.1759 3.1615 3.1706 0.0024
3.1759 3.1615 3.1706 0.0024
3.1759 3.1615 3.1706 0.0024
3.1759 3.1615 3.1707 0.0024
3.1759 3.1615 3.1707 0.0024
3.1759 3.1615 3.1707 0.0024
3.1759 3.1615 3.1707 0.0024
3.1759 3.1615 3.1707 0.0024
3.1759 3.1615 3.1707 0.0024
3.1759 3.1615 3.1708 0.0024
3.1759 3.1615 3.1708 0.0024
3.1759 3.1615 3.1708 0.0024
3.1759 3.1615 3.1708 0.0024
3.1759 3.1615 3.1708 0.0024
3.1759 3.1615 3.1708 0.0024
3.1759 3.1615 3.1708 0.0024
3.1759 3.1615 3.1708 0.0024
3.1759 3.1615 3.1708 0.0024
3.1759 3.1615 3.1708 0.0024
3.1759 3.1615 3.1708 0.0024
3.1759 3.1615 3.1708 0.0024
3.1759 3.1615 3.1708 0.0024
3.1759 3.1615 3.1708 0.0024
3.1759 3.1615 3.1708 0.0024
3.1759 3.1615 3.1708 0.0023
3.1759 3.1615 3.1708 0.0024
3.1759 3.1615 3.1708 0.0024
3.1759 3.1615 3.1708 0.0024
3.1759 3.1615 3.1709 0.0024
3.1759 3.1615 3.1709 0.0024
3.1759 3.1615 3.1709 0.0024
3.1759 3.1615 3.1709 0.0024
3.1759 3.1615 3.1709 0.0024
3.1759 3.1615 3.1709 0.0024
3.1759 3.1615 3.1709 0.0024
3.1759 3.1634 3.1710 0.0022
3.1759 3.1634 3.1710 0.0022
3.1759 3.1634 3.1710 0.0022
3.1759 3.1634 3.1710 0.0022
3.1759 3.1634 3.1710 0.0022
3.1759 3.1634 3.1710 0.0022
3.1759 3.1634 3.1710 0.0022
3.1759 3.1634 3.1710 0.0022
3.1759 3.1634 3.1710 0.0022
3.1759 3.1634 3.1710 0.0022
3.1759 3.1634 3.1710 0.0022
3.1759 3.1634 3.1710 0.0022
3.1759 3.1634 3.1710 0.0022
3.1759 3.1634 3.1711 0.0022
3.1759 3.1634 3.1711 0.0022
3.1759 3.1634 3.1711 0.0022
3.1759 3.1634 3.1712 0.0022
3.1759 3.1634 3.1712 0.0022
3.1759 3.1634 3.1712 0.0022
3.1759 3.1634 3.1712 0.0022
3.1759 3.1634 3.1712 0.0022
3.1759 3.1634 3.1712 0.0022
3.1759 3.1634 3.1712 0.0022
3.1759 3.1634 3.1712 0.0022
3.1759 3.1657 3.1713 0.0020
3.1759 3.1657 3.1713 0.0020
3.1759 3.1657 3.1714 0.0020
3.1759 3.1657 3.1714 0.0020
3.1759 3.1657 3.1714 0.0020
3.1759 3.1657 3.1714 0.0020
3.1759 3.1657 3.1714 0.0020
3.1759 3.1657 3.1714 0.0020
3.1759 3.1657 3.1714 0.0020
3.1759 3.1657 3.1714 0.0020
3.1759 3.1657 3.1714 0.0020
3.1759 3.1657 3.1714 0.0020
3.1759 3.1657 3.1714 0.0020
3.1759 3.1657 3.1714 0.0020
3.1759 3.1657 3.1714 0.0020
3.1759 3.1657 3.1714 0.0021
3.1759 3.1657 3.1714 0.0021
3.1759 3.1657 3.1714 0.0021
3.1759 3.1657 3.1714 0.0021
3.1784 3.1665 3.1716 0.0021
3.1784 3.1665 3.1716 0.0021
3.1784 3.1665 3.1716 0.0021
3.1784 3.1665 3.1716 0.0021
3.1784 3.1665 3.1716 0.0021
3.1784 3.1665 3.1716 0.0021
3.1784 3.1665 3.1717 0.0021
3.1784 3.1665 3.1717 0.0021
3.1784 3.1665 3.1717 0.0021
3.1784 3.1665 3.1717 0.0021
3.1784 3.1665 3.1717 0.0021
3.1784 3.1665 3.1717 0.0021
3.1784 3.1665 3.1717 0.0021
3.1784 3.1665 3.1718 0.0021
3.1784 3.1665 3.1718 0.0021
3.1784 3.1665 3.1718 0.0020
3.1784 3.1665 3.1718 0.0020
3.1784 3.1665 3.1718 0.0020
3.1784 3.1665 3.1718 0.0020
3.1784 3.1665 3.1718 0.0020
3.1784 3.1665 3.1718 0.0020
3.1784 3.1665 3.1718 0.0020
3.1784 3.1665 3.1718 0.0020
3.1784 3.1665 3.1719 0.0020
3.1784 3.1665 3.1719 0.0020
3.1784 3.1665 3.1719 0.0020
3.1784 3.1665 3.1719 0.0020
3.1784 3.1665 3.1719 0.0020
3.1784 3.1665 3.1719 0.0020
3.1784 3.1665 3.1719 0.0020
3.1784 3.1665 3.1719 0.0020
3.1784 3.1665 3.1719 0.0020
3.1784 3.1665 3.1719 0.0020
3.1784 3.1665 3.1720 0.0019
3.1784 3.1665 3.1720 0.0019
3.1784 3.1665 3.1720 0.0019
3.1784 3.1665 3.1720 0.0019
3.1784 3.1665 3.1720 0.0019
3.1784 3.1665 3.1720 0.0019
3.1784 3.1665 3.1720 0.0019
3.1784 3.1665 3.1720 0.0019
3.1784 3.1665 3.1720 0.0019
3.1784 3.1665 3.1720 0.0019
3.1784 3.1665 3.1720 0.0019
3.1784 3.1665 3.1720 0.0019
3.1784 3.1665 3.1720 0.0020
3.1784 3.1665 3.1720 0.0020
3.1784 3.1665 3.1720 0.0020
3.1784 3.1665 3.1720 0.0020
3.1784 3.1665 3.1720 0.0020
3.1784 3.1665 3.1720 0.0020
3.1784 3.1665 3.1720 0.0020
3.1784 3.1665 3.1720 0.0020
3.1784 3.1665 3.1720 0.0020
3.1784 3.1665 3.1721 0.0020
3.1784 3.1665 3.1721 0.0020
3.1784 3.1665 3.1721 0.0020
3.1784 3.1665 3.1721 0.0020
3.1784 3.1665 3.1721 0.0020
3.1850 3.1665 3.1721 0.0023
3.1850 3.1665 3.1721 0.0023
3.1850 3.1665 3.1721 0.0023
3.1850 3.1665 3.1722 0.0023
3.1850 3.1665 3.1722 0.0023
3.1850 3.1665 3.1722 0.0023
3.1850 3.1665 3.1722 0.0023
3.1850 3.1665 3.1722 0.0023
3.1850 3.1665 3.1722 0.0023
3.1850 3.1665 3.1722 0.0023
3.1850 3.1665 3.1722 0.0023
3.1850 3.1665 3.1722 0.0023
3.1850 3.1665 3.1722 0.0023
3.1850 3.1665 3.1722 0.0022
3.1850 3.1665 3.1722 0.0023
3.1850 3.1665 3.1722 0.0023
3.1850 3.1665 3.1722 0.0023
3.1850 3.1665 3.1722 0.0023
3.1850 3.1665 3.1722 0.0022
3.1850 3.1665 3.1723 0.0022
3.1850 3.1665 3.1723 0.0022
3.1850 3.1665 3.1723 0.0022
3.1850 3.1665 3.1723 0.0022
3.1850 3.1665 3.1723 0.0022
3.1850 3.1665 3.1723 0.0022
3.1850 3.1665 3.1723 0.0022
3.1850 3.1665 3.1723 0.0022
3.1850 3.1665 3.1723 0.0022
3.1850 3.1665 3.1723 0.0022
3.1850 3.1665 3.1723 0.0022
3.1850 3.1665 3.1723 0.0022
3.1850 3.1665 3.1723 0.0022
3.1850 3.1665 3.1723 0.0022
3.1850 3.1665 3.1723 0.0022
3.1850 3.1665 3.1723 0.0022
3.1850 3.1665 3.1724 0.0022
3.1850 3.1665 3.1724 0.0022
3.1850 3.1665 3.1724 0.0022
3.1850 3.1665 3.1724 0.0022
3.1850 3.1665 3.1724 0.0022
3.1850 3.1665 3.1724 0.0022
3.1850 3.1665 3.1724 0.0023
3.1850 3.1665 3.1724 0.0023
3.1850 3.1665 3.1724 0.0023
3.1850 3.1665 3.1724 0.0023
3.1850 3.1665 3.1724 0.0023
3.1850 3.1665 3.1724 0.0023
3.1850 3.1665 3.1724 0.0023
3.1850 3.1665 3.1724 0.0023
3.1850 3.1665 3.1724 0.0023
3.1850 3.1665 3.1724 0.0023
3.1850 3.1665 3.1724 0.0023
3.1850 3.1665 3.1724 0.0023
3.1850 3.1665 3.1724 0.0023
3.1850 3.1665 3.1724 0.0023
3.1850 3.1665 3.1724 0.0023
3.1850 3.1665 3.1724 0.0023
3.1850 3.1665 3.1724 0.0023
3.1850 3.1665 3.1724 0.0023
3.1850 3.1665 3.1724 0.0023
3.1850 3.1665 3.1725 0.0022
3.1850 3.1665 3.1725 0.0022
3.1850 3.1665 3.1725 0.0022
3.1850 3.1665 3.1725 0.0022
3.1850 3.1665 3.1725 0.0022
3.1850 3.1665 3.1725 0.0022
3.1850 3.1665 3.1725 0.0022
3.1850 3.1665 3.1725 0.0022
3.1850 3.1665 3.1725 0.0022
3.1850 3.1665 3.1726 0.0025
3.1850 3.1665 3.1726 0.0025
3.1850 3.1665 3.1726 0.0025
3.1850 3.1665 3.1726 0.0025
3.1850 3.1665 3.1726 0.0025
3.1850 3.1665 3.1726 0.0025
3.1850 3.1665 3.1726 0.0025
3.1850 3.1665 3.1726 0.0025
3.1850 3.1665 3.1726 0.0025
3.1850 3.1665 3.1726 0.0025
3.1850 3.1665 3.1726 0.0025
3.1850 3.1665 3.1727 0.0025
3.1850 3.1665 3.1728 0.0026
3.1850 3.1665 3.1728 0.0026
3.1850 3.1665 3.1728 0.0026
3.1850 3.1665 3.1728 0.0026
3.1850 3.1665 3.1729 0.0026
3.1850 3.1665 3.1729 0.0026
3.1850 3.1665 3.1729 0.0026
3.1850 3.1665 3.1729 0.0026
3.1850 3.1665 3.1729 0.0026
3.1850 3.1665 3.1729 0.0026
3.1850 3.1665 3.1729 0.0026
3.1850 3.1665 3.1729 0.0026
3.1850 3.1665 3.1729 0.0026
3.1850 3.1665 3.1729 0.0026
3.1850 3.1665 3.1729 0.0026
3.1850 3.1665 3.1729 0.0026
3.1850 3.1665 3.1729 0.0026
3.1850 3.1665 3.1729 0.0026
3.1850 3.1665 3.1729 0.0026
3.1850 3.1665 3.1729 0.0026
3.1850 3.1665 3.1729 0.0026
3.1850 3.1665 3.1730 0.0027
3.1850 3.1665 3.1730 0.0027
3.1850 3.1665 3.1730 0.0027
3.1850 3.1665 3.1730 0.0027
3.1850 3.1665 3.1730 0.0027
3.1850 3.1665 3.1730 0.0027
3.1850 3.1665 3.1731 0.0027
3.1850 3.1665 3.1731 0.0027
3.1850 3.1665 3.1731 0.0027
3.1850 3.1665 3.1731 0.0027
3.1850 3.1665 3.1731 0.0027
3.1850 3.1665 3.1731 0.0027
3.1850 3.1665 3.1731 0.0027
3.1850 3.1665 3.1731 0.0027
3.1850 3.1665 3.1731 0.0027
3.1850 3.1665 3.1731 0.0027
3.1850 3.1665 3.1731 0.0027
3.1850 3.1665 3.1731 0.0027
3.1850 3.1665 3.1731 0.0027
3.1850 3.1665 3.1732 0.0028
3.1850 3.1665 3.1733 0.0028
3.1850 3.1665 3.1733 0.0028
3.1850 3.1665 3.1733 0.0028
3.1850 3.1665 3.1733 0.0028
3.1850 3.1665 3.1733 0.0028
3.1850 3.1665 3.1733 0.0028
3.1850 3.1665 3.1733 0.0028
3.1850 3.1665 3.1733 0.0028
3.1850 3.1665 3.1733 0.0028
3.1850 3.1665 3.1733 0.0028
3.1850 3.1665 3.1733 0.0028
3.1850 3.1665 3.1734 0.0028
3.1850 3.1677 3.1735 0.0029
3.1850 3.1677 3.1735 0.0029
3.1850 3.1677 3.1735 0.0029
3.1850 3.1677 3.1736 0.0029
3.1850 3.1677 3.1736 0.0029
3.1850 3.1677 3.1736 0.0029
3.1850 3.1677 3.1736 0.0029
3.1850 3.1677 3.1736 0.0029
3.1850 3.1677 3.1736 0.0029
3.1850 3.1677 3.1736 0.0029
3.1850 3.1677 3.1736 0.0028
3.1850 3.1677 3.1736 0.0028
3.1850 3.1677 3.1736 0.0028
3.1850 3.1677 3.1736 0.0028
3.1850 3.1677 3.1736 0.0028
3.1850 3.1677 3.1737 0.0028
3.1850 3.1677 3.1737 0.0028
3.1850 3.1677 3.1737 0.0028
3.1850 3.1677 3.1737 0.0028
3.1850 3.1677 3.1737 0.0028
3.1850 3.1677 3.1737 0.0028
3.1850 3.1677 3.1737 0.0028
3.1850 3.1677 3.1737 0.0028
3.1850 3.1677 3.1737 0.0028
3.1850 3.1677 3.1737 0.0028
3.1850 3.1677 3.1738 0.0028
3.1850 3.1677 3.1738 0.0028
3.1850 3.1677 3.1738 0.0028
3.1850 3.1677 3.1738 0.0028
3.1850 3.1677 3.1738 0.0028
3.1850 3.1677 3.1738 0.0028
3.1850 3.1677 3.1738 0.0028
3.1850 3.1677 3.1738 0.0028
3.1850 3.1677 3.1738 0.0028
3.1850 3.1677 3.1738 0.0028
3.1850 3.1677 3.1738 0.0028
3.1850 3.1677 3.1738 0.0028
3.1850 3.1677 3.1738 0.0028
3.1850 3.1677 3.1738 0.0028
3.1850 3.1677 3.1738 0.0028
3.1850 3.1677 3.1739 0.0028
3.1850 3.1677 3.1739 0.0028
3.1850 3.1677 3.1739 0.0028
3.1850 3.1677 3.1739 0.0028
3.1850 3.1677 3.1739 0.0028
3.1850 3.1677 3.1739 0.0028
3.1850 3.1677 3.1739 0.0028
3.1850 3.1677 3.1739 0.0028
3.1850 3.1677 3.1739 0.0028
3.1850 3.1677 3.1740 0.0028
3.1850 3.1677 3.1740 0.0028
3.1850 3.1677 3.1740 0.0028
3.1850 3.1677 3.1740 0.0028
3.1850 3.1677 3.1740 0.0028
3.1850 3.1677 3.1740 0.0028
3.1850 3.1677 3.1740 0.0028
3.1850 3.1677 3.1741 0.0028
3.1850 3.1677 3.1741 0.0028
3.1850 3.1677 3.1741 0.0028
3.1850 3.1677 3.1741 0.0028
3.1850 3.1677 3.1741 0.0028
3.1850 3.1677 3.1741 0.0028
3.1850 3.1677 3.1741 0.0028
3.1850 3.1677 3.1741 0.0028
3.1850 3.1677 3.1741 0.0028
3.1850 3.1677 3.1741 0.0028
3.1850 3.1677 3.1742 0.0030
3.1850 3.1677 3.1742 0.0030
3.1850 3.1677 3.1742 0.0030
3.1850 3.1677 3.1742 0.0030
3.1850 3.1677 3.1742 0.0030
3.1850 3.1677 3.1742 0.0030
3.1850 3.1677 3.1742 0.0030
3.1850 3.1677 3.1743 0.0029
3.1850 3.1677 3.1743 0.0029
3.1850 3.1677 3.1743 0.0029
3.1850 3.1677 3.1743 0.0029
3.1850 3.1677 3.1743 0.0029
3.1850 3.1677 3.1743 0.0029
3.1850 3.1677 3.1743 0.0029
3.1850 3.1677 3.1743 0.0029
3.1850 3.1677 3.1743 0.0029
3.1850 3.1677 3.1743 0.0029
3.1850 3.1677 3.1743 0.0029
3.1861 3.1677 3.1745 0.0031
3.1861 3.1677 3.1745 0.0031
3.1861 3.1677 3.1745 0.0031
3.1861 3.1677 3.1745 0.0031
3.1861 3.1677 3.1745 0.0032
3.1861 3.1677 3.1746 0.0032
3.1861 3.1677 3.1746 0.0032
3.1861 3.1677 3.1746 0.0032
3.1861 3.1677 3.1746 0.0032
3.1902 3.1677 3.1747 0.0033
3.1902 3.1677 3.1748 0.0033
3.1902 3.1677 3.1748 0.0033
3.1902 3.1677 3.1748 0.0033
3.1902 3.1677 3.1748 0.0033
3.1902 3.1677 3.1748 0.0033
3.1902 3.1677 3.1748 0.0033
3.1902 3.1677 3.1748 0.0033
3.1902 3.1677 3.1748 0.0033
3.1902 3.1677 3.1748 0.0033
3.1902 3.1677 3.1748 0.0033
3.1902 3.1677 3.1749 0.0033
3.1902 3.1677 3.1749 0.0033
3.1902 3.1677 3.1749 0.0033
3.1902 3.1677 3.1749 0.0033
3.1902 3.1677 3.1749 0.0033
3.1902 3.1677 3.1749 0.0033
3.1902 3.1677 3.1749 0.0033
3.1902 3.1677 3.1749 0.0033
3.1902 3.1677 3.1750 0.0033
3.1902 3.1677 3.1750 0.0033
3.1902 3.1677 3.1750 0.0033
3.1902 3.1677 3.1750 0.0033
3.1902 3.1677 3.1750 0.0033
3.1902 3.1677 3.1750 0.0033
3.1902 3.1677 3.1750 0.0033
3.1902 3.1677 3.1750 0.0033
3.1902 3.1677 3.1750 0.0033
3.1902 3.1677 3.1750 0.0033
3.1902 3.1677 3.1750 0.0033
3.1902 3.1677 3.1751 0.0033
3.1902 3.1677 3.1751 0.0033
3.1902 3.1677 3.1751 0.0033
3.1902 3.1677 3.1751 0.0033
3.1902 3.1677 3.1751 0.0033
3.1902 3.1677 3.1751 0.0033
3.1902 3.1677 3.1751 0.0033
3.1902 3.1677 3.1751 0.0033
3.1902 3.1677 3.1751 0.0033
3.1902 3.1677 3.1751 0.0033
3.1902 3.1677 3.1751 0.0033
3.1902 3.1677 3.1751 0.0033
3.1902 3.1677 3.1751 0.0033
3.1902 3.1677 3.1751 0.0033
3.1902 3.1677 3.1752 0.0033
3.1902 3.1677 3.1752 0.0033
3.1902 3.1677 3.1753 0.0033
3.1902 3.1677 3.1753 0.0033
3.1902 3.1677 3.1753 0.0033
3.1902 3.1677 3.1753 0.0033
3.1902 3.1677 3.1753 0.0033
3.1902 3.1677 3.1753 0.0033
3.1902 3.1677 3.1753 0.0033
3.1902 3.1677 3.1754 0.0034
3.1902 3.1677 3.1754 0.0034
3.1902 3.1677 3.1754 0.0034
3.1902 3.1677 3.1754 0.0034
3.1902 3.1677 3.1754 0.0034
3.1902 3.1677 3.1754 0.0034
3.1902 3.1677 3.1754 0.0034
3.1902 3.1677 3.1754 0.0034
3.1902 3.1677 3.1754 0.0034
3.1902 3.1677 3.1754 0.0034
3.1902 3.1677 3.1754 0.0034
3.1902 3.1677 3.1754 0.0034
3.1902 3.1677 3.1754 0.0034
3.1902 3.1708 3.1755 0.0033
3.1902 3.1708 3.1755 0.0033
3.1902 3.1708 3.1755 0.0033
3.1902 3.1708 3.1755 0.0033
3.1902 3.1708 3.1755 0.0033
3.1902 3.1708 3.1755 0.0033
3.1902 3.1708 3.1755 0.0033
3.1902 3.1708 3.1755 0.0033
3.1902 3.1708 3.1755 0.0033
3.1902 3.1708 3.1756 0.0032
3.1902 3.1708 3.1756 0.0032
3.1902 3.1708 3.1756 0.0032
3.1902 3.1708 3.1756 0.0032
3.1902 3.1708 3.1756 0.0032
3.1902 3.1708 3.1756 0.0032
3.1902 3.1708 3.1758 0.0034
3.1902 3.1708 3.1758 0.0034
3.1902 3.1708 3.1758 0.0034
3.1902 3.1708 3.1758 0.0034
3.1902 3.1708 3.1758 0.0034
3.1902 3.1708 3.1758 0.0034
3.1902 3.1708 3.1758 0.0034
3.1902 3.1708 3.1758 0.0034
3.1902 3.1708 3.1758 0.0034
3.1902 3.1708 3.1758 0.0034
3.1902 3.1708 3.1758 0.0034
3.1902 3.1708 3.1758 0.0034
3.1902 3.1708 3.1758 0.0034
3.1902 3.1708 3.1758 0.0034
3.1902 3.1708 3.1758 0.0034
3.1902 3.1708 3.1758 0.0034
3.1902 3.1708 3.1758 0.0034
3.1902 3.1708 3.1758 0.0034
3.1902 3.1708 3.1758 0.0034
3.1902 3.1708 3.1758 0.0034
3.1902 3.1708 3.1758 0.0034
3.1902 3.1708 3.1759 0.0034
3.1902 3.1708 3.1759 0.0034
3.1902 3.1708 3.1759 0.0034
3.1902 3.1708 3.1760 0.0033
3.1902 3.1708 3.1760 0.0033
3.1902 3.1708 3.1760 0.0033
3.1902 3.1708 3.1761 0.0036
3.1902 3.1708 3.1761 0.0036
3.1902 3.1708 3.1761 0.0036
3.1902 3.1708 3.1762 0.0036
3.1902 3.1708 3.1762 0.0036
3.1902 3.1708 3.1762 0.0036
3.1902 3.1708 3.1764 0.0039
3.1902 3.1708 3.1764 0.0039
3.1902 3.1708 3.1764 0.0039
3.1902 3.1708 3.1764 0.0039
3.1902 3.1708 3.1764 0.0039
3.1902 3.1708 3.1764 0.0039
3.1902 3.1708 3.1764 0.0039
3.1915 3.1708 3.1764 0.0039
3.1915 3.1708 3.1765 0.0040
3.1915 3.1708 3.1765 0.0040
3.1915 3.1708 3.1765 0.0040
3.1915 3.1708 3.1765 0.0040
3.1915 3.1708 3.1765 0.0040
3.1915 3.1708 3.1765 0.0040
3.1915 3.1708 3.1766 0.0040
3.1915 3.1708 3.1766 0.0040
3.1915 3.1708 3.1766 0.0040
3.1915 3.1708 3.1766 0.0040
3.1915 3.1708 3.1766 0.0040
3.1915 3.1708 3.1766 0.0040
3.1915 3.1708 3.1766 0.0040
3.1915 3.1708 3.1766 0.0041
3.1915 3.1708 3.1767 0.0041
3.1915 3.1708 3.1767 0.0042
3.1915 3.1708 3.1767 0.0042
3.1915 3.1708 3.1767 0.0042
3.1915 3.1708 3.1768 0.0042
3.1915 3.1708 3.1768 0.0042
3.1915 3.1708 3.1768 0.0042
3.1915 3.1708 3.1768 0.0042
3.1915 3.1708 3.1769 0.0042
3.1915 3.1708 3.1769 0.0042
3.1915 3.1708 3.1769 0.0042
3.1915 3.1708 3.1769 0.0042
3.1915 3.1708 3.1769 0.0042
3.1915 3.1708 3.1769 0.0042
3.1915 3.1708 3.1769 0.0042
3.1915 3.1708 3.1769 0.0042
3.1915 3.1708 3.1769 0.0042
3.1915 3.1708 3.1769 0.0042
3.1915 3.1708 3.1769 0.0042
3.1915 3.1708 3.1769 0.0042
3.1915 3.1708 3.1769 0.0042
3.1915 3.1708 3.1769 0.0042
3.1915 3.1708 3.1770 0.0042
3.1915 3.1708 3.1770 0.0042
3.1915 3.1708 3.1770 0.0041
3.1915 3.1708 3.1770 0.0042
3.1915 3.1708 3.1771 0.0042
3.1915 3.1708 3.1771 0.0042
3.1915 3.1708 3.1771 0.0042
3.1915 3.1708 3.1771 0.0042
3.1915 3.1708 3.1771 0.0042
3.1915 3.1708 3.1771 0.0042
3.1915 3.1708 3.1773 0.0044
3.1915 3.1708 3.1773 0.0044
3.1915 3.1708 3.1773 0.0044
3.1915 3.1708 3.1773 0.0044
3.1915 3.1708 3.1773 0.0044
3.1915 3.1708 3.1773 0.0044
3.1915 3.1708 3.1773 0.0044
3.1920 3.1708 3.1774 0.0044
3.1920 3.1708 3.1774 0.0044
3.1920 3.1708 3.1774 0.0044
3.1920 3.1708 3.1774 0.0044
3.1920 3.1708 3.1775 0.0044
3.1920 3.1708 3.1775 0.0044
3.1920 3.1708 3.1775 0.0044
3.1920 3.1708 3.1775 0.0044
3.1920 3.1708 3.1775 0.0044
3.1920 3.1708 3.1776 0.0044
3.1920 3.1708 3.1776 0.0044
3.1920 3.1708 3.1776 0.0044
3.1920 3.1708 3.1777 0.0046
3.1920 3.1708 3.1777 0.0046
3.1920 3.1708 3.1778 0.0046
3.1920 3.1708 3.1778 0.0046
3.1920 3.1708 3.1778 0.0046
3.1920 3.1708 3.1778 0.0046
3.1920 3.1708 3.1779 0.0048
3.1920 3.1708 3.1779 0.0048
3.1920 3.1708 3.1779 0.0048
3.1920 3.1708 3.1779 0.0048
3.1920 3.1708 3.1779 0.0048
3.1920 3.1708 3.1779 0.0048
3.1920 3.1708 3.1780 0.0048
3.1920 3.1708 3.1780 0.0048
3.1920 3.1708 3.1781 0.0047
3.1920 3.1708 3.1781 0.0047
3.1920 3.1708 3.1781 0.0047
3.1920 3.1708 3.1782 0.0047
3.1920 3.1708 3.1783 0.0049
3.1920 3.1708 3.1783 0.0049
3.1920 3.1708 3.1783 0.0049
3.1920 3.1708 3.1783 0.0049
3.1920 3.1708 3.1783 0.0049
3.1920 3.1708 3.1783 0.0049
3.1920 3.1708 3.1783 0.0049
3.1920 3.1708 3.1783 0.0049
3.1920 3.1708 3.1783 0.0049
3.1920 3.1708 3.1783 0.0049
3.1920 3.1708 3.1784 0.0049
3.1920 3.1708 3.1786 0.0049
3.1920 3.1708 3.1786 0.0049
3.1920 3.1708 3.1786 0.0049
3.1920 3.1708 3.1786 0.0049
3.1920 3.1708 3.1786 0.0049
3.1920 3.1708 3.1787 0.0049
3.1920 3.1708 3.1787 0.0049
3.1920 3.1708 3.1787 0.0049
3.1920 3.1708 3.1787 0.0049
3.1920 3.1708 3.1787 0.0049
3.1920 3.1708 3.1787 0.0049
3.1922 3.1708 3.1788 0.0050
3.1922 3.1708 3.1788 0.0050
3.1922 3.1708 3.1788 0.0050
3.1922 3.1708 3.1788 0.0050
3.1922 3.1708 3.1788 0.0050
3.1922 3.1708 3.1788 0.0050
3.1922 3.1708 3.1788 0.0050
3.1922 3.1708 3.1788 0.0050
3.1922 3.1708 3.1788 0.0050
3.1922 3.1708 3.1788 0.0050
3.1922 3.1708 3.1788 0.0050
3.1922 3.1708 3.1788 0.0050
3.1922 3.1708 3.1788 0.0050
3.1922 3.1708 3.1789 0.0050
3.1922 3.1708 3.1789 0.0050
3.1922 3.1708 3.1789 0.0050
3.1922 3.1708 3.1789 0.0050
3.1922 3.1708 3.1789 0.0050
3.1922 3.1708 3.1789 0.0050
3.1922 3.1708 3.1789 0.0050
3.1922 3.1708 3.1789 0.0050
3.1922 3.1708 3.1789 0.0050
3.1922 3.1708 3.1791 0.0052
3.1922 3.1708 3.1791 0.0052
3.1922 3.1708 3.1792 0.0052
3.1922 3.1708 3.1792 0.0052
3.1922 3.1708 3.1792 0.0052
3.1922 3.1708 3.1792 0.0052
3.1922 3.1708 3.1792 0.0052
3.1922 3.1708 3.1792 0.0052
3.1922 3.1708 3.1793 0.0052
3.1922 3.1708 3.1793 0.0052
3.1922 3.1708 3.1793 0.0052
3.1922 3.1708 3.1793 0.0052
3.1922 3.1708 3.1793 0.0052
3.1922 3.1708 3.1793 0.0052
3.1922 3.1708 3.1793 0.0052
3.1922 3.1708 3.1793 0.0052
3.1922 3.1708 3.1793 0.0052
3.1922 3.1708 3.1793 0.0052
3.1922 3.1708 3.1793 0.0052
3.1922 3.1708 3.1793 0.0052
3.1922 3.1708 3.1793 0.0052
3.1922 3.1708 3.1793 0.0052
3.1922 3.1708 3.1793 0.0052
3.1922 3.1708 3.1793 0.0052
3.1922 3.1708 3.1794 0.0052
3.1922 3.1708 3.1794 0.0052
3.1922 3.1708 3.1794 0.0052
3.1922 3.1708 3.1794 0.0052
3.1922 3.1708 3.1794 0.0052
3.1922 3.1708 3.1794 0.0052
3.1922 3.1708 3.1794 0.0052
3.1922 3.1708 3.1794 0.0052
3.1922 3.1708 3.1794 0.0052
3.1922 3.1708 3.1795 0.0052
3.1922 3.1708 3.1795 0.0052
3.1922 3.1708 3.1795 0.0052
3.1922 3.1708 3.1795 0.0052
3.1922 3.1708 3.1795 0.0052
3.1922 3.1708 3.1796 0.0052
3.1922 3.1708 3.1796 0.0052
3.1922 3.1708 3.1797 0.0052
3.1922 3.1708 3.1797 0.0052
3.1922 3.1708 3.1797 0.0052
3.1922 3.1708 3.1797 0.0052
3.1922 3.1708 3.1797 0.0052
3.1922 3.1708 3.1797 0.0052
3.1922 3.1708 3.1797 0.0052
3.1922 3.1708 3.1797 0.0053
3.1922 3.1708 3.1798 0.0053
3.1922 3.1708 3.1798 0.0053
3.1922 3.1708 3.1799 0.0052
3.1922 3.1708 3.1799 0.0052
3.1922 3.1708 3.1799 0.0052
3.1922 3.1708 3.1799 0.0053
3.1922 3.1708 3.1799 0.0053
3.1922 3.1708 3.1800 0.0054
3.1922 3.1708 3.1800 0.0054
3.1922 3.1708 3.1801 0.0054
3.1922 3.1708 3.1801 0.0054
3.1922 3.1708 3.1802 0.0055
3.1922 3.1708 3.1802 0.0055
3.1922 3.1708 3.1803 0.0055
3.1922 3.1708 3.1803 0.0055
3.1922 3.1708 3.1804 0.0055
3.1922 3.1708 3.1804 0.0055
3.1922 3.1708 3.1804 0.0055
3.1922 3.1708 3.1804 0.0055
3.1922 3.1708 3.1804 0.0055
3.1922 3.1708 3.1804 0.0055
3.1922 3.1708 3.1805 0.0055
3.1922 3.1708 3.1805 0.0055
3.1922 3.1708 3.1805 0.0055
3.1922 3.1708 3.1805 0.0055
3.1922 3.1708 3.1806 0.0055
3.1922 3.1708 3.1806 0.0055
3.1922 3.1708 3.1806 0.0055
3.1922 3.1708 3.1807 0.0055
3.1922 3.1708 3.1807 0.0055
3.1922 3.1708 3.1807 0.0055
3.1922 3.1708 3.1807 0.0055
3.1922 3.1717 3.1807 0.0054
3.1922 3.1717 3.1808 0.0054
3.1922 3.1717 3.1808 0.0054
3.1922 3.1717 3.1808 0.0054
3.1922 3.1717 3.1808 0.0054
3.1922 3.1717 3.1808 0.0054
3.1922 3.1717 3.1808 0.0054
3.1922 3.1717 3.1809 0.0055
3.1922 3.1717 3.1809 0.0055
3.1922 3.1717 3.1810 0.0055
3.1922 3.1717 3.1810 0.0055
3.1922 3.1717 3.1810 0.0055
3.1922 3.1717 3.1810 0.0055
3.1922 3.1717 3.1810 0.0055
3.1922 3.1717 3.1810 0.0055
3.1922 3.1717 3.1810 0.0055
3.1922 3.1717 3.1811 0.0055
3.1950 3.1717 3.1811 0.0056
3.1950 3.1717 3.1811 0.0056
3.1950 3.1717 3.1812 0.0055
3.1950 3.1717 3.1812 0.0055
3.1950 3.1717 3.1813 0.0055
3.1950 3.1717 3.1813 0.0055
3.1950 3.1717 3.1815 0.0056
3.1950 3.1717 3.1815 0.0056
3.1950 3.1717 3.1816 0.0057
3.1950 3.1717 3.1816 0.0057
3.1950 3.1717 3.1816 0.0057
3.1950 3.1717 3.1816 0.0057
3.1950 3.1717 3.1817 0.0056
3.1950 3.1717 3.1817 0.0056
3.1950 3.1717 3.1817 0.0056
3.1950 3.1717 3.1817 0.0056
3.1950 3.1717 3.1817 0.0056
3.1950 3.1717 3.1817 0.0056
3.1950 3.1717 3.1817 0.0056
3.1950 3.1717 3.1817 0.0056
3.1950 3.1717 3.1817 0.0056
3.1950 3.1717 3.1818 0.0056
3.1950 3.1717 3.1818 0.0056
3.1950 3.1717 3.1818 0.0056
3.1950 3.1717 3.1818 0.0056
3.1950 3.1717 3.1818 0.0056
3.1950 3.1717 3.1818 0.0056
3.1950 3.1717 3.1818 0.0056
3.1950 3.1717 3.1818 0.0056
3.1950 3.1717 3.1818 0.0056
3.1950 3.1717 3.1818 0.0056
3.1950 3.1717 3.1819 0.0056
3.1950 3.1717 3.1819 0.0056
3.1950 3.1717 3.1819 0.0055
3.1950 3.1717 3.1819 0.0055
3.1950 3.1717 3.1819 0.0055
3.1950 3.1717 3.1820 0.0055
3.1950 3.1717 3.1820 0.0055
3.1950 3.1717 3.1820 0.0055
3.1950 3.1717 3.1821 0.0056
3.1950 3.1717 3.1822 0.0056
3.1950 3.1717 3.1823 0.0056
3.1950 3.1717 3.1824 0.0057
3.1950 3.1717 3.1824 0.0057
3.1950 3.1717 3.1824 0.0057
3.1950 3.1717 3.1825 0.0056
3.1950 3.1717 3.1825 0.0056
3.1950 3.1717 3.1825 0.0056
3.1950 3.1717 3.1825 0.0056
3.1950 3.1717 3.1825 0.0056
3.1972 3.1717 3.1826 0.0058
3.1972 3.1717 3.1826 0.0058
3.1972 3.1717 3.1826 0.0058
3.1972 3.1717 3.1826 0.0058
3.1972 3.1717 3.1826 0.0058
3.1972 3.1717 3.1828 0.0059
3.1972 3.1717 3.1828 0.0059
3.1972 3.1717 3.1828 0.0058
3.1972 3.1717 3.1828 0.0058
3.1972 3.1717 3.1828 0.0058
3.1972 3.1717 3.1828 0.0058
3.1972 3.1717 3.1828 0.0058
3.1972 3.1717 3.1829 0.0058
3.1972 3.1717 3.1829 0.0058
3.1972 3.1717 3.1829 0.0058
3.1972 3.1717 3.1830 0.0058
3.1972 3.1717 3.1830 0.0058
3.1972 3.1717 3.1830 0.0058
3.1972 3.1717 3.1830 0.0058
3.1972 3.1717 3.1830 0.0058
3.1972 3.1717 3.1830 0.0058
3.1972 3.1717 3.1831 0.0058
3.1972 3.1717 3.1831 0.0058
3.1972 3.1717 3.1831 0.0058
3.1972 3.1717 3.1831 0.0058
3.1972 3.1717 3.1831 0.0058
3.1972 3.1717 3.1832 0.0060
3.1972 3.1717 3.1833 0.0059
3.1972 3.1717 3.1833 0.0059
3.1985 3.1717 3.1835 0.0061
3.1985 3.1717 3.1835 0.0061
3.1985 3.1717 3.1835 0.0061
3.1985 3.1717 3.1835 0.0061
3.1985 3.1717 3.1835 0.0061
3.1985 3.1717 3.1835 0.0061
3.1985 3.1717 3.1835 0.0061
3.1985 3.1717 3.1836 0.0060
3.1985 3.1717 3.1836 0.0060
3.1985 3.1717 3.1836 0.0061
3.1985 3.1717 3.1838 0.0062
3.1985 3.1717 3.1838 0.0062
3.1985 3.1717 3.1838 0.0062
3.1985 3.1717 3.1838 0.0062
3.1985 3.1717 3.1839 0.0063
3.1985 3.1717 3.1839 0.0063
3.1985 3.1717 3.1840 0.0063
3.1985 3.1717 3.1840 0.0063
3.1985 3.1717 3.1840 0.0063
3.1985 3.1717 3.1841 0.0063
3.1985 3.1717 3.1841 0.0063
3.1985 3.1717 3.1841 0.0063
3.1985 3.1717 3.1841 0.0063
3.1985 3.1717 3.1841 0.0063
3.1985 3.1717 3.1841 0.0063
3.1985 3.1717 3.1841 0.0063
3.1985 3.1717 3.1841 0.0063
3.1985 3.1717 3.1841 0.0063
3.1985 3.1717 3.1841 0.0063
3.1985 3.1717 3.1841 0.0063
3.1985 3.1717 3.1841 0.0063
3.1985 3.1717 3.1843 0.0064
3.1985 3.1717 3.1843 0.0064
3.1985 3.1717 3.1844 0.0064
3.1985 3.1717 3.1844 0.0064
3.1985 3.1717 3.1844 0.0064
3.1985 3.1717 3.1844 0.0064
3.1985 3.1717 3.1844 0.0063
3.1985 3.1717 3.1844 0.0063
3.1985 3.1717 3.1845 0.0062
3.1985 3.1717 3.1848 0.0064
3.1985 3.1717 3.1848 0.0064
3.1985 3.1717 3.1848 0.0064
3.1985 3.1717 3.1848 0.0064
3.1985 3.1717 3.1848 0.0064
3.1985 3.1717 3.1848 0.0063
3.1985 3.1717 3.1848 0.0063
3.1985 3.1717 3.1848 0.0063
3.1985 3.1717 3.1848 0.0063
3.1985 3.1717 3.1849 0.0064
3.1985 3.1717 3.1849 0.0064
3.1985 3.1717 3.1850 0.0064
3.1985 3.1717 3.1850 0.0064
3.1985 3.1717 3.1852 0.0063
3.1985 3.1717 3.1852 0.0063
3.1985 3.1717 3.1852 0.0063
3.1985 3.1717 3.1852 0.0063
3.1985 3.1717 3.1852 0.0063
3.1985 3.1717 3.1853 0.0062
3.1985 3.1717 3.1853 0.0062
3.1985 3.1717 3.1853 0.0062
3.1985 3.1717 3.1855 0.0063
3.1985 3.1717 3.1856 0.0063
3.1985 3.1717 3.1856 0.0063
3.1985 3.1717 3.1856 0.0062
3.1985 3.1717 3.1857 0.0062
3.1985 3.1717 3.1857 0.0062
3.1985 3.1717 3.1857 0.0062
3.1985 3.1717 3.1857 0.0062
3.1985 3.1717 3.1858 0.0063
3.1985 3.1717 3.1858 0.0063
3.1985 3.1717 3.1860 0.0064
3.1985 3.1717 3.1860 0.0064
3.1985 3.1717 3.1860 0.0064
3.1985 3.1730 3.1861 0.0062
3.1985 3.1730 3.1861 0.0062
3.1985 3.1730 3.1862 0.0061
3.1985 3.1730 3.1862 0.0061
3.1985 3.1730 3.1863 0.0061
3.1985 3.1730 3.1863 0.0061
3.1985 3.1730 3.1863 0.0062
3.1985 3.1730 3.1863 0.0062
3.1985 3.1730 3.1863 0.0062
3.1985 3.1730 3.1863 0.0062
3.1985 3.1730 3.1864 0.0062
3.1985 3.1730 3.1864 0.0062
3.1985 3.1730 3.1865 0.0062
3.1985 3.1730 3.1866 0.0062
3.1985 3.1730 3.1866 0.0062
3.1985 3.1730 3.1866 0.0062
3.1985 3.1730 3.1866 0.0062
3.1985 3.1730 3.1866 0.0061
3.1985 3.1730 3.1866 0.0061
3.1985 3.1730 3.1866 0.0061
3.1985 3.1730 3.1866 0.0061
3.1985 3.1730 3.1866 0.0061
3.1985 3.1730 3.1866 0.0061
3.1985 3.1730 3.1866 0.0061
3.1985 3.1730 3.1866 0.0061
3.1985 3.1730 3.1866 0.0061
3.1985 3.1730 3.1867 0.0061
3.1985 3.1730 3.1867 0.0061
3.1985 3.1730 3.1867 0.0061
3.1985 3.1730 3.1868 0.0062
3.1985 3.1732 3.1869 0.0060
3.1985 3.1734 3.1870 0.0059
3.1985 3.1734 3.1870 0.0059
3.1985 3.1734 3.1870 0.0059
3.1985 3.1734 3.1872 0.0059
3.1985 3.1734 3.1872 0.0059
3.1985 3.1734 3.1872 0.0059
3.1985 3.1734 3.1873 0.0059
3.1985 3.1734 3.1874 0.0060
3.2049 3.1734 3.1876 0.0062
3.2049 3.1734 3.1877 0.0062
3.2049 3.1734 3.1877 0.0062
3.2049 3.1734 3.1878 0.0062
3.2049 3.1734 3.1878 0.0062
3.2049 3.1734 3.1879 0.0063
3.2049 3.1734 3.1879 0.0063
3.2049 3.1734 3.1879 0.0064
3.2049 3.1734 3.1879 0.0064
3.2049 3.1758 3.1879 0.0063
3.2049 3.1758 3.1880 0.0063
3.2049 3.1758 3.1881 0.0064
3.2049 3.1758 3.1881 0.0064
3.2049 3.1758 3.1882 0.0064
3.2049 3.1759 3.1883 0.0063
3.2049 3.1759 3.1883 0.0063
3.2049 3.1759 3.1883 0.0063
3.2049 3.1759 3.1883 0.0063
3.2049 3.1759 3.1883 0.0063
3.2049 3.1759 3.1883 0.0063
3.2049 3.1759 3.1883 0.0063
3.2049 3.1759 3.1883 0.0063
3.2049 3.1759 3.1883 0.0063
3.2049 3.1759 3.1883 0.0063
3.2049 3.1759 3.1883 0.0063
3.2049 3.1759 3.1883 0.0063
3.2049 3.1759 3.1883 0.0063
3.2049 3.1759 3.1883 0.0063
3.2049 3.1759 3.1883 0.0063
3.2049 3.1759 3.1884 0.0063
3.2049 3.1759 3.1884 0.0063
3.2049 3.1759 3.1884 0.0063
3.2049 3.1759 3.1884 0.0063
3.2049 3.1759 3.1885 0.0064
3.2049 3.1759 3.1886 0.0064
3.2049 3.1759 3.1886 0.0064
3.2049 3.1759 3.1886 0.0063
3.2049 3.1759 3.1886 0.0063
3.2049 3.1759 3.1886 0.0063
3.2049 3.1759 3.1886 0.0063
3.2049 3.1759 3.1886 0.0063
3.2049 3.1759 3.1887 0.0063
3.2049 3.1759 3.1887 0.0063
3.2049 3.1759 3.1887 0.0064
3.2049 3.1759 3.1887 0.0064
3.2049 3.1759 3.1887 0.0064
3.2049 3.1759 3.1887 0.0064
3.2049 3.1759 3.1887 0.0064
3.2049 3.1759 3.1887 0.0064
3.2049 3.1759 3.1887 0.0064
3.2049 3.1759 3.1887 0.0064
3.2049 3.1759 3.1888 0.0064
3.2049 3.1759 3.1888 0.0064
3.2049 3.1759 3.1888 0.0064
3.2049 3.1759 3.1889 0.0065
3.2049 3.1759 3.1890 0.0065
3.2049 3.1759 3.1890 0.0065
3.2049 3.1759 3.1890 0.0065
3.2049 3.1759 3.1890 0.0065
3.2049 3.1759 3.1890 0.0065
3.2049 3.1759 3.1890 0.0065
3.2049 3.1759 3.1890 0.0065
3.2049 3.1759 3.1890 0.0065
3.2049 3.1759 3.1890 0.0065
3.2049 3.1759 3.1891 0.0065
3.2049 3.1759 3.1891 0.0065
3.2049 3.1759 3.1893 0.0065
3.2049 3.1759 3.1893 0.0065
3.2049 3.1759 3.1893 0.0065
3.2049 3.1759 3.1894 0.0065
3.2049 3.1759 3.1894 0.0065
3.2049 3.1759 3.1894 0.0065
3.2049 3.1759 3.1895 0.0064
3.2049 3.1759 3.1895 0.0064
3.2049 3.1759 3.1895 0.0065
3.2113 3.1759 3.1897 0.0068
3.2113 3.1759 3.1897 0.0068
3.2113 3.1759 3.1897 0.0068
3.2113 3.1759 3.1899 0.0069
3.2113 3.1759 3.1899 0.0069
3.2113 3.1759 3.1899 0.0069
3.2113 3.1759 3.1899 0.0069
3.2113 3.1759 3.1899 0.0069
3.2113 3.1759 3.1899 0.0069
3.2113 3.1759 3.1902 0.0072
3.2113 3.1759 3.1903 0.0072
3.2113 3.1759 3.1904 0.0072
3.2113 3.1759 3.1905 0.0072
3.2113 3.1759 3.1905 0.0072
3.2113 3.1759 3.1906 0.0072
3.2113 3.1759 3.1907 0.0072
3.2113 3.1759 3.1907 0.0072
3.2113 3.1759 3.1907 0.0072
3.2113 3.1759 3.1907 0.0072
3.2113 3.1759 3.1907 0.0072
3.2113 3.1759 3.1907 0.0072
3.2113 3.1759 3.1907 0.0072
3.2113 3.1759 3.1907 0.0072
3.2113 3.1759 3.1907 0.0072
3.2113 3.1759 3.1907 0.0072
3.2113 3.1759 3.1908 0.0072
3.2113 3.1759 3.1911 0.0073
3.2113 3.1759 3.1911 0.0073
3.2113 3.1759 3.1911 0.0073
3.2113 3.1759 3.1911 0.0073
3.2113 3.1759 3.1911 0.0073
3.2113 3.1759 3.1912 0.0073
3.2113 3.1759 3.1914 0.0076
3.2113 3.1759 3.1914 0.0076
3.2113 3.1759 3.1914 0.0076
3.2113 3.1759 3.1915 0.0076
3.2113 3.1759 3.1915 0.0075
3.2113 3.1759 3.1916 0.0075
3.2113 3.1759 3.1917 0.0074
3.2113 3.1759 3.1917 0.0074
3.2113 3.1759 3.1917 0.0074
3.2113 3.1759 3.1917 0.0074
3.2113 3.1759 3.1920 0.0076
3.2113 3.1759 3.1921 0.0076
3.2113 3.1759 3.1921 0.0076
3.2113 3.1759 3.1922 0.0076
3.2113 3.1759 3.1922 0.0076
3.2113 3.1759 3.1923 0.0078
3.2113 3.1759 3.1923 0.0079
3.2113 3.1759 3.1923 0.0079
3.2113 3.1759 3.1923 0.0079
3.2113 3.1759 3.1924 0.0079
3.2113 3.1759 3.1925 0.0079
3.2113 3.1759 3.1925 0.0079
3.2113 3.1759 3.1925 0.0079
3.2113 3.1759 3.1926 0.0081
3.2113 3.1759 3.1927 0.0081
3.2113 3.1759 3.1929 0.0083
3.2113 3.1759 3.1929 0.0083
3.2113 3.1759 3.1929 0.0083
3.2113 3.1759 3.1929 0.0082
3.2113 3.1759 3.1930 0.0081
3.2113 3.1759 3.1930 0.0081
3.2113 3.1759 3.1931 0.0081
3.2113 3.1759 3.1933 0.0081
3.2113 3.1759 3.1934 0.0082
3.2113 3.1759 3.1934 0.0082
3.2113 3.1759 3.1934 0.0082
3.2113 3.1759 3.1934 0.0082
3.2113 3.1759 3.1936 0.0084
3.2113 3.1759 3.1936 0.0084
3.2113 3.1759 3.1938 0.0085
3.2120 3.1759 3.1938 0.0086
3.2120 3.1759 3.1938 0.0086
3.2120 3.1759 3.1939 0.0086
3.2120 3.1759 3.1940 0.0086
3.2120 3.1759 3.1940 0.0086
3.2120 3.1759 3.1940 0.0086
3.2120 3.1759 3.1940 0.0086
3.2120 3.1759 3.1941 0.0085
3.2120 3.1759 3.1941 0.0085
3.2120 3.1759 3.1941 0.0085
3.2120 3.1759 3.1941 0.0085
3.2120 3.1759 3.1941 0.0085
3.2120 3.1759 3.1941 0.0085
3.2120 3.1759 3.1941 0.0085
3.2120 3.1759 3.1941 0.0085
3.2120 3.1759 3.1941 0.0085
3.2120 3.1759 3.1941 0.0085
3.2120 3.1759 3.1942 0.0085
3.2120 3.1759 3.1942 0.0085
3.2120 3.1759 3.1942 0.0085
3.2120 3.1759 3.1943 0.0086
3.2120 3.1759 3.1943 0.0086
3.2120 3.1759 3.1943 0.0086
3.2120 3.1759 3.1944 0.0086
3.2120 3.1759 3.1945 0.0088
3.2120 3.1759 3.1945 0.0088
3.2120 3.1759 3.1945 0.0088
3.2120 3.1759 3.1946 0.0086
3.2120 3.1759 3.1946 0.0086
3.2120 3.1759 3.1946 0.0086
3.2120 3.1759 3.1947 0.0086
3.2120 3.1759 3.1947 0.0086
3.2120 3.1759 3.1947 0.0086
3.2120 3.1759 3.1948 0.0087
3.2120 3.1759 3.1949 0.0087
3.2120 3.1759 3.1949 0.0087
3.2120 3.1759 3.1951 0.0086
3.2120 3.1759 3.1951 0.0086
3.2120 3.1759 3.1952 0.0085
3.2120 3.1759 3.1952 0.0085
3.2123 3.1759 3.1953 0.0087
3.2123 3.1759 3.1954 0.0087
3.2123 3.1759 3.1954 0.0087
3.2123 3.1759 3.1954 0.0087
3.2123 3.1759 3.1954 0.0087
3.2123 3.1759 3.1955 0.0089
3.2123 3.1759 3.1955 0.0089
3.2123 3.1759 3.1958 0.0089
3.2123 3.1759 3.1958 0.0089
3.2123 3.1759 3.1958 0.0089
3.2123 3.1759 3.1959 0.0089
3.2123 3.1759 3.1960 0.0090
3.2123 3.1759 3.1960 0.0090
3.2123 3.1759 3.1960 0.0090
3.2123 3.1759 3.1960 0.0091
3.2123 3.1759 3.1963 0.0091
3.2123 3.1759 3.1965 0.0092
3.2123 3.1759 3.1967 0.0093
3.2123 3.1759 3.1967 0.0093
3.2123 3.1759 3.1968 0.0092
3.2123 3.1759 3.1968 0.0092
3.2123 3.1759 3.1968 0.0092
3.2123 3.1759 3.1968 0.0092
3.2123 3.1759 3.1970 0.0093
3.2123 3.1759 3.1972 0.0092
3.2123 3.1759 3.1974 0.0093
3.2123 3.1759 3.1974 0.0093
3.2123 3.1759 3.1975 0.0093
3.2123 3.1759 3.1975 0.0093
3.2123 3.1759 3.1976 0.0094
3.2123 3.1759 3.1978 0.0094
3.2123 3.1759 3.1978 0.0094
3.2123 3.1759 3.1978 0.0094
3.2123 3.1759 3.1979 0.0095
3.2123 3.1759 3.1979 0.0095
3.2123 3.1759 3.1979 0.0095
3.2123 3.1759 3.1979 0.0095
3.2123 3.1759 3.1979 0.0095
3.2123 3.1759 3.1981 0.0092
3.2123 3.1759 3.1981 0.0092
3.2123 3.1759 3.1981 0.0092
3.2123 3.1759 3.1981 0.0092
3.2123 3.1759 3.1981 0.0092
3.2123 3.1759 3.1984 0.0092
3.2123 3.1759 3.1984 0.0092
3.2123 3.1759 3.1984 0.0092
3.2123 3.1759 3.1984 0.0092
3.2123 3.1759 3.1985 0.0093
3.2123 3.1759 3.1985 0.0093
3.2123 3.1759 3.1985 0.0093
3.2123 3.1759 3.1985 0.0093
3.2123 3.1759 3.1987 0.0094
3.2123 3.1759 3.1987 0.0094
3.2123 3.1759 3.1987 0.0094
3.2123 3.1759 3.1987 0.0094
3.2123 3.1759 3.1987 0.0094
3.2123 3.1759 3.1987 0.0094
3.2123 3.1759 3.1987 0.0094
3.2123 3.1759 3.1987 0.0094
3.2123 3.1759 3.1987 0.0094
3.2123 3.1759 3.1987 0.0094
3.2123 3.1759 3.1987 0.0094
3.2123 3.1759 3.1988 0.0094
3.2123 3.1759 3.1988 0.0094
3.2123 3.1759 3.1988 0.0095
3.2123 3.1759 3.1988 0.0095
3.2123 3.1759 3.1990 0.0093
3.2123 3.1759 3.1990 0.0093
3.2123 3.1759 3.1992 0.0093
3.2123 3.1759 3.1992 0.0093
3.2123 3.1759 3.1993 0.0093
3.2123 3.1759 3.1993 0.0093
3.2123 3.1759 3.1993 0.0093
3.2123 3.1759 3.1996 0.0092
3.2123 3.1759 3.1997 0.0092
3.2123 3.1759 3.1998 0.0092
3.2123 3.1759 3.1998 0.0092
3.2123 3.1759 3.1998 0.0092
3.2123 3.1759 3.1998 0.0092
3.2123 3.1759 3.1998 0.0092
3.2123 3.1759 3.1998 0.0092
3.2123 3.1759 3.1998 0.0092
3.2123 3.1759 3.1998 0.0092
3.2123 3.1759 3.1998 0.0092
3.2123 3.1759 3.2000 0.0091
3.2123 3.1759 3.2000 0.0091
3.2123 3.1759 3.2000 0.0091
3.2123 3.1759 3.2001 0.0090
3.2123 3.1759 3.2001 0.0090
3.2123 3.1759 3.2002 0.0090
3.2123 3.1759 3.2002 0.0090
3.2123 3.1759 3.2003 0.0091
3.2123 3.1759 3.2003 0.0091
3.2123 3.1759 3.2004 0.0091
3.2123 3.1759 3.2004 0.0091
3.2123 3.1759 3.2004 0.0091
3.2123 3.1759 3.2005 0.0090
3.2123 3.1759 3.2005 0.0090
3.2123 3.1759 3.2005 0.0090
3.2123 3.1759 3.2005 0.0090
3.2123 3.1759 3.2005 0.0090
3.2123 3.1759 3.2007 0.0090
3.2123 3.1759 3.2007 0.0090
3.2123 3.1759 3.2007 0.0090
3.2123 3.1759 3.2007 0.0090
3.2123 3.1759 3.2007 0.0090
3.2123 3.1759 3.2009 0.0091
3.2123 3.1759 3.2010 0.0091
3.2123 3.1759 3.2010 0.0091
3.2123 3.1759 3.2010 0.0091
3.2123 3.1759 3.2010 0.0091
3.2123 3.1759 3.2010 0.0091
3.2123 3.1759 3.2011 0.0092
3.2123 3.1759 3.2011 0.0092
3.2123 3.1759 3.2011 0.0092
3.2133 3.1759 3.2012 0.0092
3.2133 3.1759 3.2013 0.0093
3.2133 3.1759 3.2013 0.0093
3.2133 3.1759 3.2014 0.0093
3.2133 3.1759 3.2016 0.0092
3.2133 3.1759 3.2016 0.0092
3.2133 3.1759 3.2017 0.0091
3.2133 3.1759 3.2018 0.0092
3.2133 3.1759 3.2018 0.0092
3.2133 3.1759 3.2019 0.0092
3.2133 3.1759 3.2019 0.0092
3.2133 3.1759 3.2019 0.0092
3.2133 3.1759 3.2021 0.0091
3.2133 3.1759 3.2022 0.0091
3.2133 3.1759 3.2022 0.0091
3.2133 3.1759 3.2022 0.0091
3.2133 3.1759 3.2025 0.0091
3.2133 3.1759 3.2026 0.0092
3.2133 3.1759 3.2026 0.0092
3.2133 3.1759 3.2026 0.0092
3.2133 3.1759 3.2026 0.0092
3.2145 3.1759 3.2027 0.0093
3.2145 3.1759 3.2027 0.0093
3.2145 3.1759 3.2027 0.0093
3.2145 3.1759 3.2027 0.0093
3.2145 3.1759 3.2027 0.0093
3.2145 3.1759 3.2027 0.0093
3.2145 3.1759 3.2027 0.0093
3.2145 3.1759 3.2029 0.0093
3.2145 3.1759 3.2030 0.0094
3.2145 3.1759 3.2030 0.0094
3.2145 3.1759 3.2031 0.0094
3.2145 3.1759 3.2032 0.0094
3.2145 3.1759 3.2033 0.0094
3.2145 3.1759 3.2033 0.0094
3.2145 3.1759 3.2033 0.0094
3.2145 3.1759 3.2033 0.0094
3.2145 3.1759 3.2033 0.0094
3.2145 3.1759 3.2033 0.0094
3.2145 3.1759 3.2035 0.0094
3.2145 3.1759 3.2036 0.0094
3.2145 3.1759 3.2036 0.0094
3.2145 3.1759 3.2036 0.0094
3.2145 3.1759 3.2036 0.0094
3.2145 3.1759 3.2036 0.0094
3.2145 3.1759 3.2037 0.0094
3.2145 3.1759 3.2037 0.0094
3.2145 3.1759 3.2037 0.0094
3.2145 3.1759 3.2037 0.0094
3.2145 3.1759 3.2038 0.0094
3.2145 3.1759 3.2038 0.0094
3.2145 3.1759 3.2038 0.0094
3.2145 3.1759 3.2038 0.0094
3.2145 3.1759 3.2038 0.0094
3.2145 3.1759 3.2038 0.0094
3.2145 3.1759 3.2038 0.0094
3.2145 3.1759 3.2038 0.0094
3.2145 3.1759 3.2038 0.0094
3.2145 3.1759 3.2039 0.0094
3.2145 3.1759 3.2039 0.0094
3.2145 3.1759 3.2039 0.0094
3.2145 3.1759 3.2040 0.0094
3.2145 3.1759 3.2040 0.0094
3.2145 3.1759 3.2043 0.0092
3.2145 3.1759 3.2043 0.0092
3.2145 3.1759 3.2044 0.0091
3.2145 3.1759 3.2044 0.0091
3.2145 3.1759 3.2044 0.0092
3.2145 3.1759 3.2046 0.0091
3.2145 3.1759 3.2047 0.0091
3.2145 3.1759 3.2048 0.0091
3.2145 3.1759 3.2048 0.0091
3.2145 3.1759 3.2049 0.0091
3.2145 3.1759 3.2049 0.0091
3.2145 3.1759 3.2050 0.0091
3.2145 3.1759 3.2050 0.0091
3.2145 3.1759 3.2050 0.0091
3.2145 3.1759 3.2050 0.0091
3.2145 3.1759 3.2050 0.0091
3.2145 3.1838 3.2054 0.0086
3.2145 3.1838 3.2054 0.0086
3.2145 3.1838 3.2054 0.0086
3.2145 3.1838 3.2055 0.0086
3.2145 3.1838 3.2056 0.0086
3.2145 3.1838 3.2056 0.0086
3.2145 3.1838 3.2058 0.0085
3.2145 3.1838 3.2058 0.0085
3.2145 3.1838 3.2058 0.0084
3.2145 3.1838 3.2058 0.0084
3.2145 3.1838 3.2058 0.0084
3.2145 3.1838 3.2060 0.0084
3.2145 3.1838 3.2060 0.0083
3.2145 3.1838 3.2061 0.0083
3.2145 3.1838 3.2061 0.0083
3.2145 3.1838 3.2061 0.0083
3.2145 3.1838 3.2063 0.0081
3.2145 3.1838 3.2063 0.0081
3.2145 3.1838 3.2065 0.0081
3.2181 3.1838 3.2065 0.0082
3.2181 3.1838 3.2065 0.0082
3.2181 3.1838 3.2065 0.0082
3.2181 3.1838 3.2065 0.0082
3.2181 3.1838 3.2065 0.0082
3.2181 3.1838 3.2065 0.0082
3.2181 3.1838 3.2065 0.0082
3.2181 3.1838 3.2065 0.0082
3.2181 3.1838 3.2065 0.0082
3.2181 3.1838 3.2065 0.0082
3.2181 3.1838 3.2065 0.0082
3.2181 3.1838 3.2066 0.0082
3.2181 3.1838 3.2066 0.0082
3.2181 3.1838 3.2066 0.0082
3.2181 3.1838 3.2066 0.0082
3.2181 3.1838 3.2066 0.0082
3.2181 3.1838 3.2066 0.0082
3.2181 3.1838 3.2066 0.0082
3.2181 3.1838 3.2066 0.0082
3.2181 3.1838 3.2068 0.0082
3.2181 3.1838 3.2068 0.0082
3.2181 3.1838 3.2068 0.0082
3.2181 3.1838 3.2069 0.0081
3.2181 3.1838 3.2069 0.0081
3.2181 3.1838 3.2069 0.0081
3.2181 3.1838 3.2069 0.0081
3.2181 3.1838 3.2071 0.0078
3.2181 3.1838 3.2071 0.0078
3.2181 3.1838 3.2071 0.0078
3.2181 3.1838 3.2071 0.0078
3.2181 3.1838 3.2071 0.0078
3.2181 3.1838 3.2071 0.0078
3.2181 3.1838 3.2071 0.0078
3.2181 3.1838 3.2071 0.0078
3.2181 3.1838 3.2071 0.0078
3.2185 3.1838 3.2071 0.0078
3.2185 3.1838 3.2072 0.0078
3.2185 3.1838 3.2074 0.0077
3.2185 3.1838 3.2074 0.0076
3.2185 3.1838 3.2074 0.0076
3.2185 3.1838 3.2074 0.0076
3.2185 3.1838 3.2074 0.0076
3.2185 3.1838 3.2076 0.0075
3.2185 3.1838 3.2076 0.0075
3.2185 3.1838 3.2076 0.0076
3.2185 3.1838 3.2076 0.0076
3.2185 3.1838 3.2076 0.0076
3.2185 3.1838 3.2076 0.0076
3.2185 3.1838 3.2076 0.0076
3.2185 3.1838 3.2078 0.0075
3.2185 3.1838 3.2078 0.0075
3.2185 3.1838 3.2079 0.0075
3.2185 3.1838 3.2079 0.0075
3.2185 3.1838 3.2079 0.0075
3.2185 3.1838 3.2079 0.0075
3.2185 3.1838 3.2079 0.0075
3.2185 3.1838 3.2079 0.0075
3.2185 3.1838 3.2079 0.0075
3.2185 3.1838 3.2080 0.0072
3.2185 3.1838 3.2080 0.0072
3.2185 3.1838 3.2080 0.0072
3.2185 3.1838 3.2080 0.0072
3.2185 3.1838 3.2080 0.0072
3.2185 3.1838 3.2082 0.0072
3.2185 3.1838 3.2082 0.0072
3.2185 3.1838 3.2082 0.0072
3.2185 3.1838 3.2082 0.0072
3.2185 3.1838 3.2082 0.0072
3.2185 3.1838 3.2082 0.0072
3.2185 3.1838 3.2083 0.0072
3.2185 3.1838 3.2083 0.0072
3.2185 3.1838 3.2083 0.0072
3.2185 3.1838 3.2083 0.0072
3.2185 3.1838 3.2083 0.0072
3.2185 3.1838 3.2083 0.0072
3.2185 3.1838 3.2083 0.0072
3.2185 3.1838 3.2083 0.0072
3.2185 3.1838 3.2083 0.0072
3.2185 3.1838 3.2084 0.0072
3.2185 3.1838 3.2084 0.0072
3.2185 3.1838 3.2084 0.0072
3.2185 3.1838 3.2084 0.0072
3.2185 3.1838 3.2084 0.0072
3.2185 3.1838 3.2084 0.0072
3.2185 3.1838 3.2084 0.0072
3.2185 3.1838 3.2084 0.0072
3.2185 3.1838 3.2084 0.0072
3.2185 3.1838 3.2084 0.0072
3.2185 3.1838 3.2085 0.0072
3.2185 3.1838 3.2085 0.0072
3.2185 3.1838 3.2085 0.0072
3.2185 3.1838 3.2085 0.0072
3.2185 3.1838 3.2085 0.0072
3.2185 3.1838 3.2085 0.0072
3.2185 3.1838 3.2086 0.0071
3.2185 3.1838 3.2086 0.0071
3.2185 3.1838 3.2086 0.0071
3.2185 3.1838 3.2087 0.0070
3.2185 3.1838 3.2087 0.0070
3.2185 3.1838 3.2087 0.0071
3.2185 3.1838 3.2087 0.0071
3.2185 3.1838 3.2087 0.0071
3.2185 3.1838 3.2087 0.0071
3.2185 3.1838 3.2087 0.0071
3.2185 3.1838 3.2088 0.0071
3.2185 3.1838 3.2088 0.0071
3.2185 3.1838 3.2089 0.0070
3.2185 3.1838 3.2089 0.0070
3.2185 3.1838 3.2089 0.0070
3.2185 3.1838 3.2089 0.0070
3.2185 3.1838 3.2089 0.0070
3.2185 3.1838 3.2092 0.0066
3.2185 3.1838 3.2092 0.0066
3.2185 3.1838 3.2092 0.0066
3.2185 3.1838 3.2092 0.0066
3.2185 3.1838 3.2092 0.0066
3.2185 3.1838 3.2092 0.0066
3.2185 3.1838 3.2092 0.0066
3.2185 3.1838 3.2092 0.0066
3.2185 3.1838 3.2092 0.0066
3.2185 3.1838 3.2092 0.0066
3.2185 3.1838 3.2092 0.0066
3.2185 3.1838 3.2092 0.0066
3.2185 3.1838 3.2092 0.0066
3.2185 3.1838 3.2092 0.0066
3.2185 3.1838 3.2092 0.0066
3.2185 3.1838 3.2092 0.0066
3.2185 3.1838 3.2093 0.0066
3.2185 3.1838 3.2094 0.0065
3.2185 3.1838 3.2094 0.0065
3.2185 3.1838 3.2094 0.0065
3.2185 3.1838 3.2095 0.0064
3.2185 3.1838 3.2095 0.0064
3.2185 3.1838 3.2095 0.0064
3.2185 3.1838 3.2095 0.0064
3.2185 3.1838 3.2095 0.0064
3.2185 3.1838 3.2095 0.0064
3.2185 3.1838 3.2095 0.0065
3.2185 3.1838 3.2097 0.0063
3.2185 3.1838 3.2097 0.0063
3.2185 3.1838 3.2097 0.0063
3.2185 3.1838 3.2097 0.0063
3.2185 3.1838 3.2097 0.0064
3.2185 3.1838 3.2097 0.0064
3.2185 3.1838 3.2098 0.0063
3.2185 3.1838 3.2099 0.0063
3.2185 3.1838 3.2099 0.0063
3.2185 3.1838 3.2099 0.0063
3.2185 3.1838 3.2099 0.0063
3.2185 3.1838 3.2101 0.0062
3.2185 3.1838 3.2102 0.0060
3.2185 3.1838 3.2102 0.0060
3.2185 3.1838 3.2103 0.0057
3.2185 3.1838 3.2103 0.0057
3.2185 3.1838 3.2104 0.0055
3.2185 3.1838 3.2104 0.0055
3.2185 3.1838 3.2104 0.0055
3.2185 3.1838 3.2104 0.0055
3.2185 3.1838 3.2104 0.0055
3.2185 3.1838 3.2105 0.0051
3.2185 3.1838 3.2106 0.0051
3.2185 3.1838 3.2106 0.0051
3.2185 3.1838 3.2106 0.0051
3.2185 3.1838 3.2106 0.0051
3.2185 3.1838 3.2106 0.0050
3.2185 3.1838 3.2106 0.0050
3.2185 3.1838 3.2106 0.0050
3.2185 3.1838 3.2106 0.0050
3.2185 3.1838 3.2107 0.0050
3.2185 3.1838 3.2107 0.0050
3.2185 3.1838 3.2107 0.0050
3.2185 3.1838 3.2107 0.0050
3.2185 3.1838 3.2107 0.0050
3.2185 3.1905 3.2107 0.0047
3.2185 3.1905 3.2107 0.0047
3.2185 3.1905 3.2107 0.0047
3.2185 3.1905 3.2108 0.0047
3.2185 3.1905 3.2108 0.0047
3.2185 3.1905 3.2108 0.0047
3.2185 3.1905 3.2108 0.0047
3.2185 3.1905 3.2108 0.0047
3.2185 3.1910 3.2110 0.0043
3.2185 3.1910 3.2110 0.0043
3.2185 3.1910 3.2110 0.0043
3.2185 3.1910 3.2110 0.0043
3.2185 3.1910 3.2111 0.0041
3.2185 3.1910 3.2111 0.0041
3.2185 3.1910 3.2111 0.0041
3.2185 3.1910 3.2111 0.0041
3.2185 3.1910 3.2111 0.0041
3.2185 3.1910 3.2111 0.0041
3.2185 3.1910 3.2111 0.0041
3.2185 3.1910 3.2111 0.0041
3.2185 3.1910 3.2111 0.0041
3.2185 3.1910 3.2111 0.0041
3.2185 3.1910 3.2111 0.0041
3.2185 3.1910 3.2111 0.0042
3.2185 3.1910 3.2111 0.0042
3.2185 3.1910 3.2111 0.0042
3.2185 3.1910 3.2113 0.0039
3.2185 3.1910 3.2113 0.0039
3.2185 3.1910 3.2113 0.0039
3.2185 3.1910 3.2114 0.0036
3.2185 3.1910 3.2114 0.0036
3.2185 3.1910 3.2115 0.0035
3.2185 3.1910 3.2115 0.0035
3.2185 3.1910 3.2115 0.0035
3.2185 3.1910 3.2115 0.0035
3.2185 3.1910 3.2115 0.0035
3.2185 3.1910 3.2116 0.0035
3.2185 3.1910 3.2116 0.0035
3.2185 3.1910 3.2117 0.0034
3.2185 3.1910 3.2117 0.0034
3.2185 3.1910 3.2117 0.0034
3.2185 3.1910 3.2117 0.0034
3.2185 3.1910 3.2117 0.0034
3.2185 3.1910 3.2117 0.0034
3.2185 3.1910 3.2117 0.0034
3.2185 3.1910 3.2117 0.0034
3.2185 3.1910 3.2117 0.0034
3.2185 3.1910 3.2117 0.0034
3.2185 3.1910 3.2117 0.0034
3.2185 3.1910 3.2117 0.0034
3.2185 3.1910 3.2118 0.0034
3.2185 3.1910 3.2118 0.0034
3.2185 3.1910 3.2118 0.0034
3.2185 3.1910 3.2118 0.0034
3.2185 3.1910 3.2118 0.0034
3.2185 3.1910 3.2118 0.0034
3.2185 3.1910 3.2119 0.0033
3.2185 3.1910 3.2119 0.0033
3.2185 3.1910 3.2119 0.0033
3.2185 3.1910 3.2119 0.0033
3.2185 3.1910 3.2119 0.0033
3.2185 3.1910 3.2119 0.0033
3.2185 3.1910 3.2119 0.0033
3.2185 3.1910 3.2119 0.0033
3.2185 3.1910 3.2119 0.0033
3.2185 3.1910 3.2119 0.0033
3.2185 3.1910 3.2119 0.0033
3.2185 3.1910 3.2119 0.0033
3.2185 3.1910 3.2120 0.0033
3.2185 3.1910 3.2120 0.0033
3.2185 3.1910 3.2120 0.0033
3.2185 3.1910 3.2120 0.0033
3.2185 3.1910 3.2120 0.0033
3.2185 3.1910 3.2120 0.0033
3.2185 3.1910 3.2120 0.0033
3.2185 3.1910 3.2120 0.0033
3.2185 3.1910 3.2120 0.0033
3.2185 3.1910 3.2121 0.0030
3.2185 3.1910 3.2121 0.0030
3.2185 3.1910 3.2121 0.0030
3.2185 3.1910 3.2121 0.0030
3.2185 3.1910 3.2121 0.0030
3.2185 3.1910 3.2122 0.0030
3.2185 3.1910 3.2122 0.0030
3.2185 3.1910 3.2122 0.0030
3.2185 3.1910 3.2122 0.0030
3.2185 3.1910 3.2122 0.0030
3.2185 3.1910 3.2122 0.0030
3.2185 3.1910 3.2122 0.0030
3.2185 3.1910 3.2122 0.0030
3.2185 3.1910 3.2123 0.0030
3.2185 3.1910 3.2123 0.0030
3.2185 3.1910 3.2123 0.0030
3.2185 3.1910 3.2123 0.0030
3.2185 3.1910 3.2123 0.0030
3.2185 3.1910 3.2123 0.0030
3.2185 3.1910 3.2123 0.0030
3.2185 3.1910 3.2123 0.0030
3.2185 3.1910 3.2123 0.0030
3.2185 3.1910 3.2123 0.0030
3.2185 3.1910 3.2123 0.0030
3.2185 3.1910 3.2123 0.0030
3.2185 3.1910 3.2123 0.0030
3.2185 3.1910 3.2123 0.0030
3.2185 3.1910 3.2123 0.0030
3.2185 3.1910 3.2123 0.0030
3.2185 3.1910 3.2123 0.0030
3.2185 3.1910 3.2124 0.0030
3.2185 3.1910 3.2124 0.0030
3.2185 3.1910 3.2124 0.0030
3.2185 3.1910 3.2124 0.0030
3.2185 3.1910 3.2124 0.0030
3.2185 3.1910 3.2124 0.0030
3.2185 3.1910 3.2124 0.0030
3.2185 3.1910 3.2124 0.0030
3.2185 3.1910 3.2125 0.0030
3.2185 3.1910 3.2125 0.0030
3.2185 3.1910 3.2125 0.0030
3.2185 3.1910 3.2125 0.0030
3.2185 3.1910 3.2125 0.0030
3.2185 3.1910 3.2127 0.0028
3.2185 3.1910 3.2127 0.0028
3.2185 3.1910 3.2127 0.0028
3.2185 3.1910 3.2127 0.0028
3.2185 3.1910 3.2127 0.0028
3.2185 3.1910 3.2127 0.0028
3.2185 3.1910 3.2127 0.0028
3.2185 3.1910 3.2127 0.0028
3.2185 3.1910 3.2127 0.0028
3.2185 3.1910 3.2127 0.0028
3.2185 3.1910 3.2127 0.0028
3.2185 3.1910 3.2127 0.0028
3.2185 3.1910 3.2127 0.0028
3.2185 3.1910 3.2127 0.0028
3.2185 3.1910 3.2127 0.0028
3.2193 3.1910 3.2128 0.0029
3.2193 3.1910 3.2128 0.0029
3.2193 3.1910 3.2128 0.0029
3.2193 3.1910 3.2128 0.0029
3.2193 3.1910 3.2128 0.0029
3.2193 3.1910 3.2129 0.0029
3.2193 3.1910 3.2129 0.0029
3.2193 3.1910 3.2129 0.0029
3.2193 3.1910 3.2129 0.0029
3.2193 3.1910 3.2129 0.0029
3.2193 3.1910 3.2129 0.0029
3.2193 3.1910 3.2129 0.0029
3.2193 3.1910 3.2129 0.0029
3.2193 3.1910 3.2129 0.0029
3.2193 3.1910 3.2129 0.0029
3.2193 3.1910 3.2129 0.0029
3.2193 3.1910 3.2129 0.0029
3.2193 3.1910 3.2129 0.0029
3.2193 3.1910 3.2129 0.0029
3.2193 3.1910 3.2129 0.0029
3.2193 3.1910 3.2129 0.0029
3.2193 3.1910 3.2129 0.0029
3.2193 3.1910 3.2129 0.0029
3.2193 3.1910 3.2130 0.0029
3.2193 3.1910 3.2130 0.0029
3.2193 3.1910 3.2130 0.0029
3.2193 3.1910 3.2130 0.0029
3.2193 3.1910 3.2130 0.0029
3.2193 3.1910 3.2130 0.0029
3.2193 3.1910 3.2130 0.0029
3.2193 3.1910 3.2130 0.0029
3.2193 3.1910 3.2130 0.0029
3.2193 3.1910 3.2130 0.0029
3.2193 3.1910 3.2130 0.0029
3.2193 3.1910 3.2130 0.0029
3.2193 3.1910 3.2130 0.0029
3.2193 3.1910 3.2130 0.0029
3.2193 3.1910 3.2130 0.0029
3.2193 3.1910 3.2131 0.0029
3.2193 3.1910 3.2131 0.0029
3.2193 3.1910 3.2131 0.0030
3.2193 3.2017 3.2133 0.0020
3.2193 3.2017 3.2133 0.0020
3.2193 3.2017 3.2133 0.0020
3.2193 3.2017 3.2133 0.0020
3.2193 3.2017 3.2133 0.0020
3.2193 3.2017 3.2134 0.0020
3.2193 3.2017 3.2134 0.0020
3.2193 3.2017 3.2134 0.0020
3.2193 3.2017 3.2134 0.0020
3.2193 3.2017 3.2134 0.0020
3.2193 3.2017 3.2134 0.0020
3.2193 3.2017 3.2134 0.0020
3.2193 3.2017 3.2134 0.0020
3.2193 3.2017 3.2134 0.0020
3.2193 3.2017 3.2134 0.0020
3.2193 3.2017 3.2134 0.0020
3.2193 3.2017 3.2134 0.0020
3.2193 3.2017 3.2134 0.0020
3.2193 3.2017 3.2134 0.0020
3.2193 3.2017 3.2135 0.0020
3.2193 3.2017 3.2135 0.0020
3.2193 3.2017 3.2135 0.0020
3.2193 3.2017 3.2135 0.0020
3.2193 3.2017 3.2135 0.0020
3.2193 3.2017 3.2135 0.0020
3.2193 3.2017 3.2135 0.0020
3.2193 3.2017 3.2135 0.0020
3.2193 3.2017 3.2135 0.0020
3.2193 3.2017 3.2135 0.0020
3.2193 3.2017 3.2135 0.0020
3.2193 3.2017 3.2135 0.0020
3.2193 3.2017 3.2135 0.0020
3.2193 3.2017 3.2135 0.0020
3.2193 3.2017 3.2135 0.0020
3.2193 3.2017 3.2135 0.0020
3.2193 3.2017 3.2135 0.0020
3.2193 3.2017 3.2135 0.0020
3.2193 3.2017 3.2135 0.0020
3.2193 3.2017 3.2135 0.0020
3.2193 3.2017 3.2135 0.0020
3.2193 3.2017 3.2135 0.0020
3.2193 3.2017 3.2135 0.0020
3.2193 3.2017 3.2135 0.0020
3.2193 3.2017 3.2135 0.0020
3.2193 3.2017 3.2135 0.0020
3.2193 3.2017 3.2135 0.0020
3.2193 3.2017 3.2136 0.0020
3.2193 3.2017 3.2136 0.0020
3.2193 3.2017 3.2136 0.0020
3.2193 3.2017 3.2136 0.0020
3.2193 3.2017 3.2136 0.0020
3.2193 3.2017 3.2136 0.0020
3.2193 3.2017 3.2136 0.0020
3.2193 3.2017 3.2136 0.0020
3.2193 3.2017 3.2136 0.0020
3.2193 3.2017 3.2136 0.0020
3.2193 3.2017 3.2136 0.0019
3.2193 3.2017 3.2136 0.0019
3.2193 3.2017 3.2136 0.0019
3.2193 3.2017 3.2136 0.0019
3.2193 3.2017 3.2136 0.0020
3.2193 3.2017 3.2137 0.0020
3.2193 3.2017 3.2137 0.0020
3.2193 3.2017 3.2137 0.0020
3.2193 3.2017 3.2137 0.0020
3.2193 3.2017 3.2137 0.0020
3.2193 3.2017 3.2137 0.0020
3.2193 3.2017 3.2137 0.0020
3.2193 3.2017 3.2137 0.0020
3.2193 3.2017 3.2137 0.0020
3.2193 3.2017 3.2137 0.0020
3.2193 3.2017 3.2138 0.0019
3.2193 3.2017 3.2138 0.0019
3.2193 3.2017 3.2138 0.0019
3.2193 3.2017 3.2138 0.0019
3.2193 3.2017 3.2138 0.0019
3.2193 3.2017 3.2138 0.0019
3.2193 3.2017 3.2138 0.0019
3.2193 3.2017 3.2138 0.0019
3.2193 3.2017 3.2138 0.0019
3.2193 3.2017 3.2138 0.0019
3.2193 3.2017 3.2139 0.0019
3.2193 3.2017 3.2139 0.0019
3.2193 3.2017 3.2139 0.0019
3.2193 3.2017 3.2139 0.0019
3.2193 3.2017 3.2139 0.0019
3.2193 3.2017 3.2139 0.0019
3.2193 3.2017 3.2139 0.0019
3.2193 3.2017 3.2139 0.0019
3.2193 3.2017 3.2139 0.0019
3.2193 3.2017 3.2139 0.0019
3.2193 3.2017 3.2139 0.0019
3.2193 3.2017 3.2139 0.0019
3.2193 3.2017 3.2139 0.0019
3.2193 3.2017 3.2139 0.0019
3.2193 3.2017 3.2139 0.0019
3.2193 3.2017 3.2139 0.0019
3.2193 3.2017 3.2139 0.0019
3.2193 3.2017 3.2139 0.0019
3.2193 3.2017 3.2139 0.0019
3.2193 3.2017 3.2139 0.0019
3.2193 3.2017 3.2139 0.0019
3.2193 3.2017 3.2139 0.0019
3.2193 3.2017 3.2139 0.0019
3.2193 3.2017 3.2139 0.0019
3.2193 3.2017 3.2139 0.0019
3.2193 3.2017 3.2139 0.0019
3.2193 3.2017 3.2139 0.0019
3.2193 3.2017 3.2139 0.0019
3.2193 3.2017 3.2139 0.0019
3.2193 3.2017 3.2139 0.0019
3.2193 3.2017 3.2139 0.0019
3.2193 3.2017 3.2139 0.0019
3.2193 3.2017 3.2139 0.0019
3.2193 3.2017 3.2139 0.0019
3.2193 3.2017 3.2140 0.0019
3.2193 3.2017 3.2140 0.0019
3.2193 3.2017 3.2140 0.0019
3.2193 3.2017 3.2140 0.0019
3.2193 3.2017 3.2140 0.0019
3.2193 3.2017 3.2140 0.0019
3.2193 3.2017 3.2140 0.0019
3.2193 3.2017 3.2140 0.0019
3.2193 3.2017 3.2140 0.0019
3.2193 3.2017 3.2140 0.0020
3.2193 3.2017 3.2141 0.0020
3.2193 3.2017 3.2141 0.0020
3.2193 3.2017 3.2141 0.0020
3.2193 3.2017 3.2141 0.0020
3.2193 3.2017 3.2141 0.0020
3.2193 3.2017 3.2141 0.0020
3.2193 3.2017 3.2141 0.0020
3.2193 3.2017 3.2141 0.0020
3.2193 3.2017 3.2141 0.0020
3.2193 3.2017 3.2141 0.0020
3.2193 3.2017 3.2142 0.0020
3.2193 3.2017 3.2142 0.0020
3.2193 3.2017 3.2142 0.0020
3.2193 3.2017 3.2142 0.0020
3.2193 3.2017 3.2142 0.0020
3.2193 3.2017 3.2142 0.0020
3.2193 3.2017 3.2142 0.0020
3.2193 3.2017 3.2142 0.0020
3.2193 3.2017 3.2142 0.0020
3.2193 3.2017 3.2142 0.0020
3.2193 3.2017 3.2142 0.0020
3.2193 3.2017 3.2142 0.0020
3.2193 3.2017 3.2142 0.0020
3.2193 3.2017 3.2142 0.0020
3.2193 3.2017 3.2142 0.0020
3.2193 3.2017 3.2142 0.0020
3.2193 3.2017 3.2142 0.0020
3.2193 3.2017 3.2142 0.0020
3.2193 3.2017 3.2142 0.0020
3.2193 3.2017 3.2143 0.0020
3.2193 3.2017 3.2143 0.0020
3.2193 3.2017 3.2143 0.0020
3.2193 3.2017 3.2143 0.0020
3.2193 3.2017 3.2143 0.0020
3.2193 3.2017 3.2143 0.0020
3.2193 3.2017 3.2143 0.0020
3.2193 3.2017 3.2143 0.0020
3.2193 3.2017 3.2143 0.0020
3.2193 3.2017 3.2143 0.0020
3.2193 3.2017 3.2143 0.0020
3.2193 3.2017 3.2143 0.0020
3.2193 3.2017 3.2143 0.0020
3.2193 3.2017 3.2143 0.0020
3.2193 3.2017 3.2143 0.0020
3.2193 3.2017 3.2143 0.0020
3.2193 3.2108 3.2145 0.0016
3.2193 3.2108 3.2145 0.0016
3.2193 3.2108 3.2145 0.0016
3.2193 3.2108 3.2145 0.0016
3.2193 3.2108 3.2145 0.0016
3.2193 3.2108 3.2145 0.0016
3.2193 3.2108 3.2145 0.0017
3.2193 3.2108 3.2145 0.0017
3.2193 3.2108 3.2145 0.0017
3.2193 3.2108 3.2145 0.0017
3.2193 3.2108 3.2145 0.0017
3.2193 3.2108 3.2145 0.0017
3.2193 3.2108 3.2145 0.0017
3.2193 3.2108 3.2145 0.0017
3.2193 3.2108 3.2145 0.0017
3.2193 3.2108 3.2146 0.0017
3.2193 3.2110 3.2146 0.0016
3.2193 3.2110 3.2146 0.0016
3.2193 3.2110 3.2146 0.0016
3.2193 3.2110 3.2146 0.0016
3.2193 3.2110 3.2146 0.0016
3.2193 3.2110 3.2146 0.0017
3.2193 3.2110 3.2146 0.0017
3.2193 3.2110 3.2146 0.0017
3.2193 3.2110 3.2147 0.0017
3.2193 3.2110 3.2147 0.0017
3.2193 3.2110 3.2147 0.0017
3.2193 3.2110 3.2147 0.0017
3.2193 3.2110 3.2147 0.0017
3.2193 3.2110 3.2147 0.0017
3.2193 3.2110 3.2147 0.0017
3.2193 3.2110 3.2147 0.0017
3.2193 3.2110 3.2147 0.0017
3.2193 3.2110 3.2147 0.0017
3.2193 3.2110 3.2147 0.0017
3.2193 3.2110 3.2147 0.0017
3.2193 3.2110 3.2147 0.0017
3.2193 3.2110 3.2147 0.0017
3.2193 3.2110 3.2147 0.0017
3.2193 3.2110 3.2147 0.0017
3.2193 3.2110 3.2147 0.0017
3.2193 3.2110 3.2147 0.0017
3.2193 3.2110 3.2147 0.0017
3.2193 3.2110 3.2147 0.0017
3.2193 3.2110 3.2147 0.0017
3.2193 3.2110 3.2147 0.0017
3.2193 3.2110 3.2148 0.0017
3.2193 3.2110 3.2148 0.0017
3.2193 3.2110 3.2148 0.0017
3.2193 3.2110 3.2148 0.0017
3.2193 3.2110 3.2148 0.0017
3.2193 3.2110 3.2148 0.0017
3.2193 3.2110 3.2148 0.0017
3.2193 3.2110 3.2148 0.0017
3.2193 3.2110 3.2148 0.0017
3.2193 3.2110 3.2148 0.0017
3.2193 3.2110 3.2148 0.0017
3.2193 3.2110 3.2148 0.0017
3.2193 3.2110 3.2148 0.0017
3.2193 3.2110 3.2148 0.0017
3.2193 3.2110 3.2148 0.0017
3.2193 3.2110 3.2148 0.0017
3.2193 3.2110 3.2148 0.0017
3.2193 3.2110 3.2148 0.0017
3.2193 3.2110 3.2149 0.0017
3.2193 3.2110 3.2149 0.0017
3.2193 3.2110 3.2149 0.0018
3.2193 3.2110 3.2149 0.0018
3.2193 3.2110 3.2150 0.0018
3.2193 3.2110 3.2150 0.0018
3.2193 3.2110 3.2150 0.0018
3.2193 3.2110 3.2150 0.0018
3.2193 3.2110 3.2150 0.0018
3.2193 3.2110 3.2150 0.0018
3.2193 3.2110 3.2150 0.0018
3.2193 3.2110 3.2150 0.0018
3.2193 3.2110 3.2150 0.0018
3.2193 3.2110 3.2150 0.0018
3.2193 3.2110 3.2150 0.0018
3.2193 3.2110 3.2150 0.0018
3.2193 3.2110 3.2150 0.0018
3.2193 3.2110 3.2150 0.0018
3.2193 3.2110 3.2150 0.0018
3.2193 3.2110 3.2150 0.0018
3.2193 3.2110 3.2150 0.0018
3.2193 3.2110 3.2150 0.0018
3.2193 3.2110 3.2150 0.0018
3.2193 3.2110 3.2151 0.0019
3.2193 3.2110 3.2151 0.0019
3.2193 3.2110 3.2151 0.0019
3.2193 3.2110 3.2152 0.0018
3.2193 3.2110 3.2152 0.0018
3.2193 3.2110 3.2152 0.0018
3.2193 3.2110 3.2152 0.0018
3.2193 3.2110 3.2152 0.0018
3.2193 3.2110 3.2152 0.0019
3.2193 3.2110 3.2152 0.0019
3.2193 3.2110 3.2152 0.0019
3.2193 3.2110 3.2152 0.0019
3.2193 3.2110 3.2152 0.0019
3.2193 3.2110 3.2152 0.0019
3.2193 3.2110 3.2152 0.0018
3.2193 3.2110 3.2152 0.0018
3.2193 3.2110 3.2152 0.0018
3.2193 3.2110 3.2152 0.0018
3.2193 3.2110 3.2152 0.0018
3.2193 3.2110 3.2152 0.0018
3.2193 3.2110 3.2152 0.0018
3.2193 3.2110 3.2152 0.0018
3.2193 3.2110 3.2152 0.0018
3.2193 3.2110 3.2152 0.0018
3.2193 3.2110 3.2152 0.0018
3.2193 3.2110 3.2152 0.0018
3.2193 3.2110 3.2152 0.0018
3.2193 3.2110 3.2152 0.0018
3.2193 3.2110 3.2152 0.0018
3.2193 3.2110 3.2152 0.0018
3.2193 3.2110 3.2153 0.0018
3.2193 3.2110 3.2153 0.0018
3.2193 3.2110 3.2153 0.0018
3.2193 3.2110 3.2153 0.0018
3.2198 3.2110 3.2153 0.0019
3.2198 3.2110 3.2153 0.0019
3.2198 3.2110 3.2153 0.0019
3.2198 3.2110 3.2154 0.0018
3.2198 3.2110 3.2154 0.0018
3.2198 3.2110 3.2154 0.0018
3.2198 3.2110 3.2154 0.0018
3.2198 3.2110 3.2154 0.0018
3.2198 3.2110 3.2155 0.0018
3.2198 3.2110 3.2155 0.0018
3.2198 3.2110 3.2155 0.0018
3.2198 3.2110 3.2155 0.0018
3.2198 3.2110 3.2155 0.0018
3.2198 3.2110 3.2155 0.0018
3.2198 3.2110 3.2155 0.0018
3.2198 3.2110 3.2155 0.0018
3.2198 3.2110 3.2155 0.0018
3.2198 3.2110 3.2155 0.0018
3.2198 3.2110 3.2155 0.0018
3.2198 3.2110 3.2155 0.0018
3.2198 3.2110 3.2155 0.0018
3.2198 3.2110 3.2155 0.0018
3.2198 3.2110 3.2155 0.0018
3.2198 3.2110 3.2155 0.0018
3.2198 3.2110 3.2155 0.0018
3.2198 3.2110 3.2155 0.0018
3.2198 3.2110 3.2155 0.0018
3.2198 3.2110 3.2156 0.0018
3.2198 3.2110 3.2156 0.0018
3.2198 3.2110 3.2156 0.0018
3.2198 3.2110 3.2156 0.0018
3.2198 3.2110 3.2156 0.0018
3.2198 3.2110 3.2156 0.0018
3.2198 3.2110 3.2156 0.0018
3.2198 3.2110 3.2156 0.0018
3.2198 3.2110 3.2156 0.0018
3.2198 3.2110 3.2156 0.0018
3.2198 3.2110 3.2156 0.0018
3.2198 3.2110 3.2156 0.0018
3.2198 3.2110 3.2156 0.0018
3.2198 3.2110 3.2157 0.0018
3.2198 3.2110 3.2157 0.0018
3.2198 3.2110 3.2157 0.0018
3.2198 3.2110 3.2157 0.0018
3.2198 3.2110 3.2157 0.0018
3.2198 3.2110 3.2157 0.0018
3.2198 3.2110 3.2157 0.0018
3.2198 3.2110 3.2157 0.0018
3.2198 3.2110 3.2157 0.0018
3.2198 3.2110 3.2157 0.0018
3.2198 3.2110 3.2157 0.0018
3.2198 3.2110 3.2158 0.0018
3.2198 3.2110 3.2158 0.0018
3.2198 3.2110 3.2158 0.0018
3.2198 3.2110 3.2158 0.0019
3.2198 3.2110 3.2158 0.0019
3.2198 3.2110 3.2159 0.0019
3.2198 3.2110 3.2159 0.0019
3.2198 3.2110 3.2159 0.0019
3.2198 3.2110 3.2159 0.0019
3.2198 3.2110 3.2159 0.0019
3.2198 3.2110 3.2159 0.0019
3.2198 3.2110 3.2159 0.0019
3.2198 3.2110 3.2159 0.0019
3.2198 3.2110 3.2159 0.0019
3.2198 3.2110 3.2159 0.0019
3.2198 3.2110 3.2159 0.0019
3.2198 3.2110 3.2159 0.0019
3.2198 3.2110 3.2159 0.0019
3.2198 3.2110 3.2159 0.0019
3.2198 3.2110 3.2159 0.0019
3.2198 3.2110 3.2159 0.0019
3.2198 3.2110 3.2159 0.0019
3.2198 3.2110 3.2159 0.0019
3.2198 3.2110 3.2159 0.0019
3.2198 3.2110 3.2159 0.0019
3.2198 3.2110 3.2159 0.0019
3.2198 3.2110 3.2159 0.0019
3.2198 3.2110 3.2160 0.0019
3.2198 3.2110 3.2160 0.0019
3.2198 3.2110 3.2160 0.0019
3.2198 3.2110 3.2160 0.0019
3.2198 3.2110 3.2160 0.0019
3.2198 3.2110 3.2160 0.0019
3.2198 3.2110 3.2160 0.0019
3.2198 3.2110 3.2160 0.0019
3.2198 3.2110 3.2160 0.0019
3.2198 3.2110 3.2160 0.0019
3.2198 3.2110 3.2160 0.0019
3.2198 3.2110 3.2160 0.0019
3.2198 3.2110 3.2160 0.0019
3.2198 3.2110 3.2160 0.0019
3.2198 3.2110 3.2161 0.0019
3.2198 3.2110 3.2161 0.0019
3.2198 3.2110 3.2161 0.0019
3.2198 3.2110 3.2161 0.0019
3.2198 3.2110 3.2161 0.0019
3.2198 3.2110 3.2161 0.0019
3.2198 3.2110 3.2161 0.0019
3.2198 3.2110 3.2161 0.0019
3.2198 3.2113 3.2161 0.0018
3.2198 3.2113 3.2161 0.0018
3.2198 3.2113 3.2161 0.0018
3.2198 3.2113 3.2162 0.0018
3.2198 3.2113 3.2162 0.0018
3.2198 3.2113 3.2162 0.0018
3.2198 3.2113 3.2162 0.0018
3.2198 3.2113 3.2162 0.0018
3.2198 3.2113 3.2162 0.0018
3.2198 3.2113 3.2162 0.0018
3.2198 3.2113 3.2162 0.0018
3.2198 3.2113 3.2162 0.0018
3.2198 3.2113 3.2162 0.0018
3.2198 3.2113 3.2162 0.0018
3.2198 3.2113 3.2162 0.0018
3.2198 3.2113 3.2162 0.0018
3.2198 3.2113 3.2162 0.0018
3.2198 3.2113 3.2162 0.0018
3.2198 3.2113 3.2162 0.0018
3.2198 3.2113 3.2162 0.0018
3.2198 3.2113 3.2162 0.0018
3.2198 3.2113 3.2162 0.0018
3.2198 3.2113 3.2162 0.0018
3.2198 3.2113 3.2162 0.0018
3.2198 3.2113 3.2162 0.0018
3.2198 3.2113 3.2162 0.0018
3.2198 3.2113 3.2162 0.0018
3.2198 3.2113 3.2162 0.0018
3.2198 3.2113 3.2162 0.0018
3.2198 3.2113 3.2162 0.0018
3.2198 3.2113 3.2162 0.0018
3.2198 3.2113 3.2163 0.0018
3.2198 3.2113 3.2163 0.0018
3.2198 3.2113 3.2163 0.0018
3.2198 3.2113 3.2163 0.0018
3.2198 3.2113 3.2163 0.0018
3.2198 3.2113 3.2163 0.0018
3.2198 3.2113 3.2163 0.0018
3.2198 3.2113 3.2163 0.0018
3.2198 3.2113 3.2163 0.0018
3.2198 3.2113 3.2163 0.0018
3.2198 3.2113 3.2163 0.0018
3.2198 3.2113 3.2163 0.0018
3.2198 3.2113 3.2163 0.0018
3.2198 3.2113 3.2163 0.0018
3.2198 3.2113 3.2163 0.0018
3.2198 3.2113 3.2163 0.0018
3.2198 3.2113 3.2163 0.0018
3.2198 3.2113 3.2163 0.0018
3.2198 3.2113 3.2163 0.0018
3.2198 3.2113 3.2163 0.0018
3.2198 3.2113 3.2163 0.0018
3.2198 3.2113 3.2163 0.0018
3.2198 3.2113 3.2163 0.0018
3.2198 3.2113 3.2163 0.0018
3.2198 3.2113 3.2163 0.0018
3.2198 3.2113 3.2163 0.0018
3.2198 3.2113 3.2163 0.0018
3.2198 3.2113 3.2163 0.0018
3.2198 3.2113 3.2163 0.0018
3.2198 3.2113 3.2164 0.0018
3.2198 3.2113 3.2164 0.0018
3.2198 3.2113 3.2164 0.0018
3.2198 3.2113 3.2164 0.0018
3.2198 3.2113 3.2164 0.0018
3.2198 3.2113 3.2164 0.0018
3.2198 3.2113 3.2164 0.0018
3.2198 3.2113 3.2164 0.0018
3.2198 3.2113 3.2164 0.0018
3.2198 3.2113 3.2164 0.0018
3.2198 3.2113 3.2164 0.0018
3.2198 3.2113 3.2164 0.0018
3.2198 3.2113 3.2164 0.0018
3.2198 3.2113 3.2164 0.0018
3.2198 3.2113 3.2164 0.0018
3.2198 3.2113 3.2164 0.0018
3.2198 3.2113 3.2164 0.0018
3.2198 3.2113 3.2164 0.0018
3.2198 3.2113 3.2164 0.0018
3.2198 3.2113 3.2164 0.0018
3.2198 3.2113 3.2164 0.0018
3.2198 3.2113 3.2164 0.0018
3.2198 3.2113 3.2165 0.0018
3.2198 3.2113 3.2165 0.0018
3.2198 3.2113 3.2165 0.0018
3.2198 3.2113 3.2165 0.0018
3.2198 3.2113 3.2165 0.0018
3.2198 3.2113 3.2165 0.0018
3.2198 3.2113 3.2165 0.0018
3.2198 3.2113 3.2165 0.0018
3.2198 3.2113 3.2165 0.0018
3.2198 3.2113 3.2165 0.0018
3.2198 3.2113 3.2165 0.0018
3.2198 3.2113 3.2165 0.0018
3.2198 3.2113 3.2165 0.0018
3.2198 3.2113 3.2165 0.0018
3.2198 3.2113 3.2165 0.0018
3.2198 3.2113 3.2166 0.0018
3.2198 3.2113 3.2166 0.0018
3.2198 3.2113 3.2166 0.0018
3.2198 3.2113 3.2166 0.0018
3.2198 3.2113 3.2166 0.0018
3.2198 3.2113 3.2166 0.0018
3.2198 3.2113 3.2166 0.0018
3.2198 3.2113 3.2166 0.0018
3.2198 3.2113 3.2166 0.0018
3.2198 3.2113 3.2166 0.0018
3.2198 3.2113 3.2166 0.0018
3.2198 3.2113 3.2166 0.0018
3.2198 3.2113 3.2166 0.0018
3.2198 3.2113 3.2166 0.0018
3.2198 3.2113 3.2166 0.0018
3.2198 3.2113 3.2166 0.0018
3.2198 3.2113 3.2166 0.0018
3.2198 3.2113 3.2166 0.0018
3.2198 3.2113 3.2166 0.0018
3.2198 3.2113 3.2166 0.0018
3.2198 3.2113 3.2166 0.0018
3.2198 3.2113 3.2166 0.0018
3.2198 3.2113 3.2166 0.0018
3.2198 3.2113 3.2167 0.0018
3.2198 3.2113 3.2167 0.0018
3.2198 3.2113 3.2167 0.0018
3.2198 3.2113 3.2167 0.0018
3.2198 3.2113 3.2167 0.0018
3.2198 3.2113 3.2167 0.0018
3.2198 3.2113 3.2167 0.0018
3.2201 3.2113 3.2167 0.0018
3.2201 3.2113 3.2167 0.0018
3.2201 3.2113 3.2167 0.0018
3.2201 3.2113 3.2167 0.0018
3.2201 3.2113 3.2167 0.0018
3.2201 3.2113 3.2167 0.0018
3.2201 3.2113 3.2167 0.0018
3.2201 3.2113 3.2167 0.0018
3.2201 3.2113 3.2168 0.0018
3.2201 3.2113 3.2168 0.0018
3.2201 3.2113 3.2168 0.0018
3.2201 3.2113 3.2168 0.0018
3.2201 3.2113 3.2168 0.0018
3.2201 3.2113 3.2168 0.0018
3.2201 3.2113 3.2168 0.0018
3.2201 3.2113 3.2168 0.0018
3.2201 3.2113 3.2168 0.0018
3.2201 3.2113 3.2168 0.0018
3.2201 3.2113 3.2168 0.0018
3.2201 3.2113 3.2168 0.0018
3.2201 3.2113 3.2168 0.0018
3.2201 3.2113 3.2168 0.0018
3.2201 3.2113 3.2168 0.0018
3.2201 3.2128 3.2169 0.0017
3.2201 3.2128 3.2169 0.0017
3.2201 3.2128 3.2169 0.0017
3.2201 3.2128 3.2169 0.0017
3.2201 3.2128 3.2170 0.0017
3.2201 3.2128 3.2170 0.0017
3.2201 3.2128 3.2170 0.0017
3.2201 3.2128 3.2170 0.0017
3.2201 3.2128 3.2170 0.0017
3.2201 3.2128 3.2170 0.0017
3.2201 3.2128 3.2170 0.0017
3.2201 3.2128 3.2170 0.0017
3.2201 3.2128 3.2170 0.0017
3.2201 3.2128 3.2170 0.0017
3.2201 3.2128 3.2171 0.0017
3.2201 3.2128 3.2171 0.0017
3.2201 3.2128 3.2171 0.0017
3.2201 3.2128 3.2171 0.0017
3.2201 3.2128 3.2171 0.0017
3.2201 3.2128 3.2171 0.0017
3.2201 3.2128 3.2171 0.0017
3.2201 3.2128 3.2171 0.0017
3.2201 3.2128 3.2171 0.0017
3.2201 3.2128 3.2171 0.0017
3.2201 3.2128 3.2171 0.0017
3.2201 3.2128 3.2171 0.0017
3.2201 3.2128 3.2171 0.0017
3.2201 3.2128 3.2171 0.0017
3.2201 3.2128 3.2171 0.0017
3.2201 3.2128 3.2171 0.0017
3.2201 3.2128 3.2172 0.0016
3.2201 3.2128 3.2172 0.0016
3.2201 3.2128 3.2172 0.0016
3.2201 3.2128 3.2172 0.0016
3.2201 3.2128 3.2172 0.0016
3.2201 3.2128 3.2172 0.0016
3.2201 3.2128 3.2172 0.0016
3.2201 3.2128 3.2172 0.0016
3.2201 3.2128 3.2172 0.0016
3.2201 3.2128 3.2172 0.0017
3.2201 3.2128 3.2172 0.0017
3.2201 3.2128 3.2172 0.0017
3.2201 3.2128 3.2172 0.0017
3.2201 3.2128 3.2172 0.0017
3.2201 3.2128 3.2172 0.0017
3.2201 3.2128 3.2172 0.0017
3.2201 3.2128 3.2172 0.0017
3.2201 3.2128 3.2172 0.0017
3.2201 3.2128 3.2172 0.0017
3.2201 3.2128 3.2172 0.0017
3.2201 3.2128 3.2172 0.0016
3.2201 3.2128 3.2172 0.0016
3.2201 3.2128 3.2172 0.0016
3.2201 3.2128 3.2172 0.0016
3.2201 3.2128 3.2172 0.0016
3.2201 3.2128 3.2172 0.0016
3.2201 3.2128 3.2173 0.0016
3.2201 3.2128 3.2173 0.0016
3.2201 3.2128 3.2173 0.0016
3.2201 3.2128 3.2173 0.0016
3.2201 3.2128 3.2173 0.0016
3.2201 3.2128 3.2173 0.0016
3.2201 3.2128 3.2173 0.0016
3.2201 3.2128 3.2173 0.0016
3.2201 3.2128 3.2174 0.0016
3.2201 3.2128 3.2174 0.0016
3.2201 3.2128 3.2174 0.0016
3.2201 3.2128 3.2174 0.0015
3.2201 3.2128 3.2174 0.0015
3.2201 3.2128 3.2174 0.0015
3.2201 3.2128 3.2174 0.0015
3.2201 3.2128 3.2174 0.0015
3.2201 3.2128 3.2174 0.0015
3.2201 3.2128 3.2174 0.0015
3.2201 3.2128 3.2174 0.0015
3.2201 3.2128 3.2175 0.0015
3.2201 3.2128 3.2175 0.0015
3.2201 3.2128 3.2175 0.0015
3.2201 3.2128 3.2175 0.0015
3.2201 3.2128 3.2175 0.0015
3.2201 3.2128 3.2175 0.0015
3.2201 3.2128 3.2175 0.0015
3.2201 3.2128 3.2175 0.0015
3.2201 3.2128 3.2175 0.0015
3.2201 3.2128 3.2175 0.0015
3.2201 3.2128 3.2175 0.0015
3.2201 3.2128 3.2175 0.0015
3.2201 3.2128 3.2175 0.0015
3.2201 3.2128 3.2175 0.0015
3.2201 3.2128 3.2175 0.0015
3.2201 3.2128 3.2175 0.0015
3.2201 3.2128 3.2175 0.0015
3.2201 3.2128 3.2176 0.0015
3.2201 3.2128 3.2176 0.0015
3.2201 3.2128 3.2176 0.0015
3.2201 3.2128 3.2176 0.0015
3.2201 3.2128 3.2177 0.0014
3.2201 3.2128 3.2177 0.0014
3.2201 3.2128 3.2177 0.0015
3.2201 3.2128 3.2177 0.0015
3.2201 3.2128 3.2177 0.0015
3.2201 3.2128 3.2177 0.0015
3.2201 3.2128 3.2177 0.0015
3.2201 3.2128 3.2177 0.0015
3.2201 3.2128 3.2177 0.0015
3.2201 3.2128 3.2177 0.0015
3.2201 3.2128 3.2177 0.0015
3.2201 3.2128 3.2177 0.0014
3.2201 3.2128 3.2177 0.0014
3.2201 3.2128 3.2177 0.0014
3.2201 3.2128 3.2177 0.0014
3.2201 3.2128 3.2178 0.0014
3.2201 3.2128 3.2178 0.0014
3.2201 3.2128 3.2178 0.0014
3.2201 3.2128 3.2178 0.0014
3.2201 3.2128 3.2178 0.0014
3.2201 3.2128 3.2178 0.0014
3.2201 3.2128 3.2178 0.0014
3.2201 3.2128 3.2178 0.0014
3.2201 3.2128 3.2178 0.0014
3.2201 3.2128 3.2178 0.0014
3.2201 3.2128 3.2178 0.0014
3.2201 3.2128 3.2178 0.0014
3.2201 3.2128 3.2178 0.0014
3.2201 3.2128 3.2178 0.0014
3.2201 3.2128 3.2178 0.0014
3.2201 3.2128 3.2178 0.0014
3.2201 3.2128 3.2178 0.0014
3.2201 3.2128 3.2178 0.0014
3.2201 3.2128 3.2178 0.0014
3.2201 3.2128 3.2179 0.0014
3.2201 3.2128 3.2179 0.0014
3.2201 3.2128 3.2179 0.0014
3.2201 3.2128 3.2179 0.0013
3.2201 3.2128 3.2179 0.0013
3.2201 3.2128 3.2179 0.0013
3.2201 3.2128 3.2179 0.0013
3.2201 3.2128 3.2179 0.0013
3.2201 3.2128 3.2179 0.0013
3.2201 3.2128 3.2179 0.0013
3.2201 3.2128 3.2179 0.0013
3.2201 3.2128 3.2179 0.0013
3.2201 3.2128 3.2179 0.0013
3.2201 3.2128 3.2180 0.0013
3.2201 3.2128 3.2180 0.0013
3.2201 3.2128 3.2180 0.0013
3.2201 3.2128 3.2180 0.0013
3.2201 3.2128 3.2180 0.0013
3.2201 3.2128 3.2180 0.0013
3.2201 3.2128 3.2180 0.0013
3.2201 3.2128 3.2180 0.0013
3.2201 3.2128 3.2180 0.0013
3.2201 3.2128 3.2180 0.0013
3.2201 3.2128 3.2180 0.0013
3.2201 3.2128 3.2180 0.0013
3.2201 3.2128 3.2180 0.0013
3.2201 3.2128 3.2180 0.0013
3.2201 3.2128 3.2180 0.0013
3.2201 3.2128 3.2180 0.0013
3.2201 3.2128 3.2180 0.0013
3.2201 3.2128 3.2180 0.0013
3.2201 3.2128 3.2180 0.0013
3.2201 3.2128 3.2180 0.0013
3.2201 3.2128 3.2180 0.0013
3.2201 3.2128 3.2180 0.0013
3.2201 3.2128 3.2180 0.0013
3.2201 3.2128 3.2180 0.0013
3.2201 3.2128 3.2180 0.0013
3.2201 3.2128 3.2180 0.0013
3.2201 3.2128 3.2180 0.0013
3.2201 3.2128 3.2180 0.0013
3.2201 3.2128 3.2180 0.0013
3.2201 3.2128 3.2180 0.0013
3.2201 3.2128 3.2180 0.0013
3.2201 3.2128 3.2180 0.0013
3.2201 3.2128 3.2180 0.0013
3.2201 3.2128 3.2180 0.0013
3.2201 3.2128 3.2180 0.0012
3.2201 3.2128 3.2181 0.0012
3.2201 3.2128 3.2181 0.0012
3.2201 3.2128 3.2181 0.0012
3.2201 3.2128 3.2181 0.0012
3.2201 3.2128 3.2181 0.0012
3.2201 3.2128 3.2181 0.0012
3.2201 3.2128 3.2181 0.0012
3.2201 3.2128 3.2181 0.0012
3.2201 3.2128 3.2181 0.0012
3.2201 3.2128 3.2181 0.0012
3.2201 3.2128 3.2181 0.0012
3.2201 3.2128 3.2181 0.0012
3.2201 3.2128 3.2181 0.0012
3.2201 3.2128 3.2181 0.0012
3.2201 3.2128 3.2181 0.0012
3.2201 3.2128 3.2181 0.0012
3.2201 3.2128 3.2181 0.0012
3.2201 3.2128 3.2181 0.0012
3.2201 3.2128 3.2181 0.0012
3.2201 3.2128 3.2181 0.0012
3.2201 3.2128 3.2181 0.0012
3.2201 3.2128 3.2181 0.0012
3.2201 3.2128 3.2181 0.0012
3.2201 3.2128 3.2181 0.0012
3.2201 3.2128 3.2181 0.0012
3.2201 3.2128 3.2181 0.0012
3.2201 3.2128 3.2181 0.0012
3.2201 3.2128 3.2181 0.0012
3.2201 3.2128 3.2181 0.0012
3.2201 3.2128 3.2181 0.0012
3.2201 3.2128 3.2181 0.0012
3.2201 3.2128 3.2181 0.0012
3.2201 3.2128 3.2181 0.0012
3.2201 3.2128 3.2181 0.0012
3.2201 3.2128 3.2181 0.0012
3.2201 3.2128 3.2182 0.0012
3.2201 3.2128 3.2182 0.0012
3.2201 3.2128 3.2182 0.0012
3.2201 3.2128 3.2182 0.0012
3.2201 3.2128 3.2182 0.0012
3.2201 3.2128 3.2182 0.0012
3.2201 3.2128 3.2182 0.0012
3.2201 3.2128 3.2182 0.0012
3.2201 3.2128 3.2182 0.0012
3.2201 3.2128 3.2182 0.0012
3.2201 3.2128 3.2182 0.0012
3.2201 3.2128 3.2182 0.0012
3.2201 3.2128 3.2182 0.0012
3.2201 3.2128 3.2182 0.0012
3.2201 3.2128 3.2182 0.0012
3.2201 3.2128 3.2182 0.0012
3.2201 3.2128 3.2182 0.0012
3.2201 3.2128 3.2182 0.0012
3.2201 3.2128 3.2182 0.0012
3.2201 3.2128 3.2182 0.0012
3.2201 3.2128 3.2182 0.0012
3.2201 3.2128 3.2182 0.0012
3.2201 3.2128 3.2183 0.0011
3.2201 3.2128 3.2183 0.0011
3.2201 3.2128 3.2183 0.0011
3.2201 3.2128 3.2183 0.0011
3.2201 3.2128 3.2183 0.0011
3.2201 3.2128 3.2183 0.0011
3.2201 3.2128 3.2183 0.0011
3.2201 3.2128 3.2183 0.0011
3.2201 3.2128 3.2183 0.0011
3.2201 3.2128 3.2183 0.0011
3.2205 3.2128 3.2183 0.0011
3.2205 3.2128 3.2183 0.0011
3.2205 3.2128 3.2183 0.0011
3.2205 3.2128 3.2183 0.0011
3.2205 3.2128 3.2183 0.0011
3.2205 3.2128 3.2183 0.0011
3.2205 3.2128 3.2183 0.0011
3.2205 3.2128 3.2183 0.0011
3.2205 3.2128 3.2183 0.0011
3.2205 3.2128 3.2183 0.0011
3.2205 3.2128 3.2183 0.0011
3.2205 3.2128 3.2183 0.0011
3.2205 3.2128 3.2183 0.0011
3.2205 3.2128 3.2183 0.0011
3.2205 3.2128 3.2183 0.0011
3.2205 3.2128 3.2183 0.0011
3.2205 3.2128 3.2183 0.0011
3.2205 3.2128 3.2183 0.0011
3.2205 3.2128 3.2183 0.0011
3.2205 3.2128 3.2183 0.0011
3.2205 3.2128 3.2184 0.0011
3.2205 3.2128 3.2184 0.0010
3.2205 3.2128 3.2184 0.0010
3.2205 3.2128 3.2184 0.0010
3.2205 3.2128 3.2184 0.0010
3.2205 3.2128 3.2184 0.0010
3.2205 3.2128 3.2184 0.0010
3.2205 3.2128 3.2184 0.0010
3.2205 3.2128 3.2184 0.0010
3.2205 3.2128 3.2184 0.0010
3.2205 3.2128 3.2184 0.0010
3.2205 3.2128 3.2184 0.0010
3.2205 3.2128 3.2184 0.0010
3.2205 3.2128 3.2184 0.0010
3.2205 3.2128 3.2184 0.0010
3.2205 3.2128 3.2184 0.0010
3.2205 3.2128 3.2184 0.0010
3.2205 3.2128 3.2184 0.0010
3.2205 3.2128 3.2185 0.0010
3.2205 3.2128 3.2185 0.0010
3.2205 3.2128 3.2185 0.0010
3.2205 3.2128 3.2185 0.0010
3.2205 3.2128 3.2185 0.0010
3.2205 3.2128 3.2185 0.0010
3.2205 3.2128 3.2185 0.0010
3.2205 3.2128 3.2185 0.0010
3.2205 3.2128 3.2185 0.0010
3.2205 3.2128 3.2185 0.0010
3.2205 3.2128 3.2185 0.0009
3.2205 3.2128 3.2185 0.0009
3.2205 3.2128 3.2185 0.0009
3.2205 3.2128 3.2185 0.0009
3.2205 3.2128 3.2186 0.0010
3.2205 3.2128 3.2186 0.0010
3.2205 3.2128 3.2186 0.0009
3.2205 3.2128 3.2186 0.0009
3.2205 3.2128 3.2186 0.0009
3.2205 3.2128 3.2186 0.0009
3.2205 3.2128 3.2186 0.0009
3.2205 3.2128 3.2186 0.0009
3.2205 3.2128 3.2186 0.0009
3.2205 3.2128 3.2186 0.0009
3.2205 3.2128 3.2186 0.0009
3.2205 3.2128 3.2186 0.0009
3.2205 3.2128 3.2186 0.0009
3.2205 3.2128 3.2186 0.0009
3.2205 3.2128 3.2186 0.0009
3.2205 3.2128 3.2186 0.0009
3.2205 3.2128 3.2186 0.0009
3.2205 3.2128 3.2186 0.0009
3.2205 3.2128 3.2186 0.0009
3.2205 3.2128 3.2186 0.0009
3.2205 3.2128 3.2186 0.0009
3.2205 3.2128 3.2186 0.0009
3.2205 3.2128 3.2186 0.0009
3.2205 3.2128 3.2186 0.0009
3.2205 3.2128 3.2186 0.0009
3.2205 3.2128 3.2186 0.0009
3.2205 3.2128 3.2186 0.0009
3.2205 3.2128 3.2186 0.0009
3.2205 3.2128 3.2186 0.0009
3.2205 3.2128 3.2186 0.0009
3.2205 3.2128 3.2186 0.0009
3.2205 3.2128 3.2186 0.0009
3.2205 3.2128 3.2186 0.0009
3.2205 3.2128 3.2186 0.0009
3.2205 3.2128 3.2186 0.0009
3.2205 3.2128 3.2186 0.0009
3.2205 3.2128 3.2186 0.0009
3.2205 3.2128 3.2186 0.0009
3.2205 3.2128 3.2186 0.0009
3.2205 3.2128 3.2187 0.0009
3.2205 3.2128 3.2187 0.0009
3.2205 3.2128 3.2187 0.0010
3.2205 3.2128 3.2187 0.0010
3.2205 3.2128 3.2187 0.0009
3.2205 3.2128 3.2187 0.0009
3.2205 3.2128 3.2187 0.0009
3.2205 3.2128 3.2187 0.0009
3.2205 3.2128 3.2187 0.0009
3.2205 3.2128 3.2187 0.0009
3.2205 3.2128 3.2187 0.0009
3.2205 3.2128 3.2187 0.0009
3.2205 3.2128 3.2187 0.0009
3.2205 3.2128 3.2187 0.0009
3.2205 3.2128 3.2187 0.0009
3.2205 3.2128 3.2187 0.0009
3.2205 3.2128 3.2187 0.0009
3.2205 3.2128 3.2187 0.0009
3.2205 3.2128 3.2187 0.0009
3.2205 3.2128 3.2188 0.0009
3.2205 3.2128 3.2188 0.0009
3.2205 3.2128 3.2188 0.0009
3.2205 3.2128 3.2188 0.0009
3.2205 3.2128 3.2188 0.0009
3.2205 3.2128 3.2188 0.0009
3.2205 3.2128 3.2188 0.0009
3.2205 3.2128 3.2188 0.0009
3.2205 3.2128 3.2188 0.0009
3.2205 3.2128 3.2188 0.0009
3.2205 3.2128 3.2188 0.0009
3.2205 3.2128 3.2188 0.0009
3.2205 3.2128 3.2188 0.0009
3.2205 3.2128 3.2188 0.0009
3.2205 3.2128 3.2188 0.0010
3.2205 3.2128 3.2188 0.0010
3.2205 3.2128 3.2188 0.0010
3.2205 3.2128 3.2188 0.0010
3.2205 3.2128 3.2188 0.0010
3.2205 3.2128 3.2188 0.0010
3.2205 3.2128 3.2188 0.0009
3.2205 3.2128 3.2188 0.0009
3.2205 3.2128 3.2188 0.0009
3.2205 3.2128 3.2188 0.0009
3.2205 3.2128 3.2188 0.0009
3.2209 3.2128 3.2188 0.0010
3.2209 3.2128 3.2188 0.0010
3.2209 3.2128 3.2188 0.0010
3.2209 3.2128 3.2188 0.0010
3.2209 3.2128 3.2188 0.0010
3.2209 3.2128 3.2188 0.0010
3.2209 3.2128 3.2188 0.0010
3.2209 3.2128 3.2188 0.0010
3.2209 3.2128 3.2188 0.0010
3.2209 3.2128 3.2188 0.0010
3.2209 3.2128 3.2188 0.0010
3.2209 3.2128 3.2188 0.0010
3.2209 3.2128 3.2188 0.0010
3.2209 3.2128 3.2188 0.0010
3.2209 3.2128 3.2188 0.0010
3.2209 3.2128 3.2188 0.0010
3.2209 3.2128 3.2188 0.0010
3.2209 3.2128 3.2188 0.0010
3.2209 3.2128 3.2189 0.0010
3.2209 3.2128 3.2189 0.0010
3.2209 3.2128 3.2189 0.0010
3.2209 3.2128 3.2189 0.0010
3.2209 3.2128 3.2189 0.0010
3.2209 3.2128 3.2189 0.0010
3.2209 3.2128 3.2189 0.0010
3.2209 3.2128 3.2189 0.0010
3.2209 3.2128 3.2189 0.0010
3.2209 3.2128 3.2189 0.0010
3.2209 3.2128 3.2189 0.0010
3.2209 3.2128 3.2189 0.0010
3.2209 3.2128 3.2189 0.0010
3.2209 3.2128 3.2189 0.0010
3.2209 3.2128 3.2189 0.0010
3.2209 3.2128 3.2189 0.0010
3.2209 3.2128 3.2189 0.0010
3.2209 3.2128 3.2189 0.0010
3.2209 3.2128 3.2189 0.0010
3.2209 3.2128 3.2189 0.0010
3.2209 3.2128 3.2189 0.0010
3.2209 3.2128 3.2189 0.0010
3.2209 3.2128 3.2189 0.0010
3.2209 3.2128 3.2189 0.0010
3.2209 3.2128 3.2189 0.0010
3.2209 3.2128 3.2189 0.0010
3.2209 3.2128 3.2189 0.0010
3.2209 3.2128 3.2189 0.0010
3.2209 3.2128 3.2189 0.0010
3.2209 3.2128 3.2189 0.0010
3.2209 3.2128 3.2189 0.0010
3.2209 3.2128 3.2189 0.0010
3.2209 3.2128 3.2189 0.0010
3.2209 3.2128 3.2189 0.0010
3.2209 3.2128 3.2189 0.0010
3.2209 3.2128 3.2189 0.0010
3.2209 3.2128 3.2189 0.0010
3.2209 3.2128 3.2189 0.0010
3.2209 3.2128 3.2189 0.0010
3.2209 3.2128 3.2189 0.0010
3.2209 3.2128 3.2189 0.0010
3.2209 3.2128 3.2189 0.0010
3.2209 3.2128 3.2189 0.0010
3.2209 3.2128 3.2189 0.0010
3.2209 3.2128 3.2189 0.0010
3.2209 3.2128 3.2189 0.0010
3.2209 3.2128 3.2189 0.0010
3.2209 3.2128 3.2189 0.0010
3.2209 3.2128 3.2189 0.0010
3.2209 3.2128 3.2189 0.0010
3.2209 3.2128 3.2189 0.0010
3.2209 3.2128 3.2190 0.0010
3.2209 3.2128 3.2190 0.0010
3.2209 3.2128 3.2190 0.0010
3.2209 3.2128 3.2190 0.0010
3.2209 3.2128 3.2190 0.0010
3.2209 3.2128 3.2190 0.0010
3.2209 3.2128 3.2190 0.0010
3.2209 3.2128 3.2190 0.0010
3.2209 3.2128 3.2190 0.0010
3.2209 3.2128 3.2190 0.0010
3.2209 3.2128 3.2190 0.0010
3.2209 3.2128 3.2190 0.0010
3.2209 3.2128 3.2190 0.0010
3.2209 3.2128 3.2190 0.0010
3.2209 3.2128 3.2190 0.0010
3.2209 3.2128 3.2190 0.0010
3.2209 3.2168 3.2191 0.0007
3.2209 3.2168 3.2191 0.0007
3.2209 3.2168 3.2191 0.0007
3.2209 3.2168 3.2191 0.0008
3.2209 3.2168 3.2191 0.0008
3.2209 3.2168 3.2191 0.0008
3.2209 3.2168 3.2191 0.0008
3.2209 3.2168 3.2191 0.0008
3.2209 3.2168 3.2191 0.0008
3.2209 3.2168 3.2191 0.0008
3.2209 3.2168 3.2191 0.0008
3.2209 3.2168 3.2191 0.0008
3.2209 3.2168 3.2191 0.0008
3.2209 3.2168 3.2191 0.0008
3.2209 3.2168 3.2191 0.0008
3.2209 3.2168 3.2191 0.0008
3.2209 3.2168 3.2191 0.0008
3.2209 3.2168 3.2191 0.0008
3.2209 3.2168 3.2191 0.0008
3.2209 3.2168 3.2192 0.0008
3.2209 3.2168 3.2192 0.0008
3.2209 3.2168 3.2192 0.0008
3.2209 3.2168 3.2192 0.0008
3.2209 3.2168 3.2192 0.0008
3.2209 3.2168 3.2192 0.0008
3.2209 3.2168 3.2192 0.0008
3.2209 3.2168 3.2192 0.0008
3.2209 3.2168 3.2192 0.0008
3.2209 3.2168 3.2192 0.0008
3.2209 3.2168 3.2192 0.0008
3.2209 3.2168 3.2192 0.0008
3.2209 3.2168 3.2192 0.0008
3.2209 3.2168 3.2192 0.0008
3.2209 3.2168 3.2192 0.0008
3.2209 3.2168 3.2192 0.0008
3.2209 3.2168 3.2192 0.0008
3.2209 3.2168 3.2192 0.0008
3.2209 3.2168 3.2192 0.0008
3.2209 3.2168 3.2192 0.0008
3.2209 3.2168 3.2192 0.0008
3.2209 3.2168 3.2192 0.0008
3.2209 3.2168 3.2192 0.0008
3.2209 3.2168 3.2192 0.0008
3.2209 3.2168 3.2192 0.0008
3.2209 3.2168 3.2192 0.0008
3.2209 3.2168 3.2192 0.0008
3.2209 3.2168 3.2192 0.0008
3.2209 3.2168 3.2192 0.0008
3.2209 3.2168 3.2192 0.0008
3.2209 3.2168 3.2192 0.0008
3.2209 3.2168 3.2192 0.0008
3.2209 3.2168 3.2192 0.0008
3.2209 3.2168 3.2192 0.0008
3.2209 3.2168 3.2192 0.0008
3.2209 3.2168 3.2192 0.0008
3.2209 3.2168 3.2192 0.0008
3.2209 3.2168 3.2192 0.0008
3.2209 3.2168 3.2193 0.0008
3.2209 3.2168 3.2193 0.0008
3.2209 3.2168 3.2193 0.0008
3.2209 3.2172 3.2193 0.0008
3.2209 3.2172 3.2193 0.0008
3.2209 3.2172 3.2193 0.0008
3.2209 3.2172 3.2193 0.0008
3.2209 3.2172 3.2193 0.0008
3.2209 3.2172 3.2193 0.0008
3.2209 3.2172 3.2193 0.0008
3.2209 3.2172 3.2193 0.0008
3.2209 3.2172 3.2193 0.0008
3.2209 3.2172 3.2193 0.0008
3.2209 3.2172 3.2193 0.0008
3.2209 3.2172 3.2193 0.0008
3.2209 3.2172 3.2193 0.0008
3.2209 3.2172 3.2193 0.0008
3.2209 3.2172 3.2193 0.0008
3.2209 3.2172 3.2194 0.0008
3.2209 3.2172 3.2194 0.0008
3.2209 3.2172 3.2194 0.0008
3.2209 3.2172 3.2194 0.0008
3.2209 3.2172 3.2194 0.0008
3.2209 3.2172 3.2194 0.0008
3.2209 3.2172 3.2194 0.0008
3.2209 3.2172 3.2194 0.0008
3.2209 3.2172 3.2194 0.0008
3.2209 3.2172 3.2194 0.0008
3.2209 3.2172 3.2194 0.0008
3.2209 3.2172 3.2194 0.0008
3.2209 3.2172 3.2194 0.0008
3.2209 3.2172 3.2194 0.0008
3.2209 3.2172 3.2194 0.0008
3.2209 3.2172 3.2194 0.0008
3.2209 3.2172 3.2194 0.0008
3.2209 3.2172 3.2194 0.0008
3.2209 3.2172 3.2194 0.0008
3.2209 3.2172 3.2194 0.0008
3.2209 3.2172 3.2194 0.0008
3.2209 3.2172 3.2194 0.0008
3.2209 3.2172 3.2194 0.0008
3.2209 3.2172 3.2194 0.0008
3.2209 3.2172 3.2194 0.0008
3.2209 3.2172 3.2194 0.0008
3.2209 3.2172 3.2194 0.0008
3.2209 3.2172 3.2194 0.0008
3.2209 3.2172 3.2194 0.0008
3.2209 3.2172 3.2194 0.0008
3.2209 3.2172 3.2194 0.0008
3.2209 3.2172 3.2195 0.0008
3.2209 3.2172 3.2195 0.0008
3.2209 3.2172 3.2195 0.0008
3.2209 3.2172 3.2195 0.0008
3.2209 3.2172 3.2195 0.0008
3.2209 3.2172 3.2195 0.0008
3.2209 3.2172 3.2195 0.0008
3.2209 3.2172 3.2195 0.0008
3.2209 3.2172 3.2195 0.0008
3.2209 3.2172 3.2195 0.0008
3.2209 3.2172 3.2195 0.0008
3.2209 3.2172 3.2195 0.0008
3.2209 3.2172 3.2195 0.0008
3.2209 3.2172 3.2195 0.0008
3.2209 3.2172 3.2195 0.0008
3.2209 3.2172 3.2195 0.0008
3.2209 3.2172 3.2195 0.0008
3.2209 3.2172 3.2195 0.0008
3.2209 3.2172 3.2195 0.0008
3.2209 3.2172 3.2195 0.0008
3.2209 3.2172 3.2195 0.0008
3.2209 3.2172 3.2195 0.0008
3.2209 3.2172 3.2195 0.0008
3.2209 3.2172 3.2196 0.0008
3.2209 3.2172 3.2196 0.0008
3.2209 3.2172 3.2196 0.0008
3.2209 3.2172 3.2196 0.0008
3.2209 3.2172 3.2196 0.0008
3.2209 3.2172 3.2196 0.0008
3.2209 3.2172 3.2196 0.0008
3.2209 3.2172 3.2196 0.0008
3.2209 3.2172 3.2196 0.0008
3.2209 3.2172 3.2196 0.0008
3.2209 3.2172 3.2196 0.0008
3.2209 3.2172 3.2196 0.0008
3.2209 3.2172 3.2196 0.0008
3.2209 3.2172 3.2196 0.0008
3.2209 3.2172 3.2196 0.0008
3.2209 3.2172 3.2196 0.0008
3.2209 3.2172 3.2196 0.0008
3.2209 3.2172 3.2196 0.0008
3.2209 3.2172 3.2196 0.0008
3.2209 3.2172 3.2196 0.0008
3.2209 3.2172 3.2196 0.0008
3.2209 3.2172 3.2196 0.0008
3.2221 3.2172 3.2196 0.0008
3.2221 3.2172 3.2196 0.0008
3.2221 3.2172 3.2196 0.0008
3.2221 3.2172 3.2197 0.0008
3.2221 3.2172 3.2197 0.0008
3.2221 3.2172 3.2197 0.0008
3.2221 3.2172 3.2197 0.0008
3.2221 3.2172 3.2197 0.0008
3.2221 3.2172 3.2197 0.0008
3.2221 3.2172 3.2197 0.0008
3.2221 3.2172 3.2197 0.0008
3.2221 3.2172 3.2197 0.0008
3.2221 3.2172 3.2197 0.0008
3.2221 3.2172 3.2197 0.0008
3.2221 3.2172 3.2197 0.0008
3.2221 3.2172 3.2198 0.0008
3.2221 3.2172 3.2198 0.0008
3.2221 3.2172 3.2198 0.0008
3.2221 3.2172 3.2198 0.0008
3.2221 3.2172 3.2198 0.0008
3.2221 3.2172 3.2198 0.0008
3.2221 3.2172 3.2198 0.0008
3.2221 3.2172 3.2198 0.0008
3.2221 3.2172 3.2198 0.0008
3.2221 3.2172 3.2198 0.0008
3.2221 3.2172 3.2198 0.0008
3.2221 3.2172 3.2198 0.0008
3.2221 3.2172 3.2198 0.0008
3.2221 3.2172 3.2198 0.0008
3.2221 3.2172 3.2198 0.0008
3.2221 3.2172 3.2198 0.0008
3.2221 3.2172 3.2198 0.0008
3.2221 3.2172 3.2198 0.0008
3.2221 3.2172 3.2198 0.0008
3.2221 3.2172 3.2198 0.0008
3.2221 3.2172 3.2198 0.0008
3.2222 3.2172 3.2199 0.0009
3.2222 3.2172 3.2199 0.0009
3.2222 3.2172 3.2199 0.0009
3.2222 3.2172 3.2199 0.0009
3.2222 3.2172 3.2199 0.0009
3.2222 3.2172 3.2199 0.0009
3.2222 3.2172 3.2199 0.0009
3.2222 3.2172 3.2199 0.0009
3.2222 3.2172 3.2199 0.0009
3.2222 3.2172 3.2199 0.0009
3.2222 3.2172 3.2199 0.0009
3.2222 3.2172 3.2199 0.0009
3.2222 3.2172 3.2199 0.0009
3.2222 3.2172 3.2199 0.0009
3.2222 3.2172 3.2199 0.0009
3.2222 3.2172 3.2199 0.0009
3.2222 3.2172 3.2199 0.0009
3.2222 3.2172 3.2199 0.0009
3.2222 3.2172 3.2199 0.0009
3.2222 3.2172 3.2199 0.0009
3.2222 3.2172 3.2199 0.0009
3.2222 3.2172 3.2200 0.0009
3.2222 3.2172 3.2200 0.0009
3.2222 3.2172 3.2200 0.0009
3.2222 3.2172 3.2200 0.0009
3.2222 3.2172 3.2200 0.0009
3.2222 3.2172 3.2200 0.0009
3.2222 3.2172 3.2200 0.0009
3.2222 3.2172 3.2200 0.0009
3.2222 3.2172 3.2200 0.0009
3.2222 3.2172 3.2200 0.0009
3.2222 3.2172 3.2200 0.0009
3.2222 3.2172 3.2200 0.0009
3.2222 3.2172 3.2200 0.0009
3.2222 3.2172 3.2200 0.0009
3.2222 3.2172 3.2200 0.0009
3.2222 3.2172 3.2200 0.0009
3.2222 3.2172 3.2200 0.0009
3.2222 3.2172 3.2200 0.0009
3.2222 3.2172 3.2200 0.0008
3.2222 3.2172 3.2200 0.0008
3.2222 3.2172 3.2200 0.0008
3.2260 3.2172 3.2201 0.0010
3.2260 3.2172 3.2201 0.0010
3.2260 3.2172 3.2201 0.0010
3.2260 3.2172 3.2201 0.0010
3.2260 3.2172 3.2201 0.0010
3.2260 3.2172 3.2201 0.0010
3.2260 3.2172 3.2201 0.0010
3.2260 3.2172 3.2201 0.0010
3.2260 3.2172 3.2201 0.0010
3.2260 3.2172 3.2201 0.0010
3.2260 3.2172 3.2201 0.0010
3.2260 3.2172 3.2201 0.0010
3.2260 3.2172 3.2201 0.0010
3.2260 3.2172 3.2201 0.0010
3.2260 3.2172 3.2201 0.0010
3.2260 3.2172 3.2201 0.0010
3.2260 3.2172 3.2201 0.0010
3.2260 3.2172 3.2201 0.0010
3.2260 3.2172 3.2201 0.0010
3.2260 3.2172 3.2201 0.0010
3.2260 3.2172 3.2201 0.0010
3.2260 3.2172 3.2201 0.0010
3.2260 3.2172 3.2201 0.0010
3.2260 3.2172 3.2201 0.0010
3.2260 3.2172 3.2201 0.0010
3.2260 3.2172 3.2201 0.0010
3.2260 3.2172 3.2201 0.0010
3.2260 3.2172 3.2201 0.0010
3.2260 3.2172 3.2201 0.0010
3.2260 3.2172 3.2201 0.0010
3.2260 3.2172 3.2201 0.0010
3.2260 3.2172 3.2201 0.0010
3.2260 3.2172 3.2201 0.0010
3.2260 3.2172 3.2201 0.0010
3.2260 3.2172 3.2201 0.0010
3.2260 3.2172 3.2201 0.0010
3.2260 3.2172 3.2201 0.0010
3.2260 3.2172 3.2201 0.0010
3.2260 3.2172 3.2201 0.0010
3.2260 3.2172 3.2201 0.0010
3.2260 3.2172 3.2202 0.0010
3.2260 3.2172 3.2202 0.0010
3.2260 3.2172 3.2202 0.0010
3.2260 3.2172 3.2202 0.0010
3.2260 3.2172 3.2202 0.0010
3.2260 3.2172 3.2202 0.0010
3.2260 3.2172 3.2202 0.0010
3.2260 3.2172 3.2202 0.0010
3.2260 3.2172 3.2202 0.0010
3.2260 3.2172 3.2202 0.0010
3.2260 3.2172 3.2202 0.0010
3.2260 3.2172 3.2202 0.0010
3.2260 3.2172 3.2202 0.0010
3.2260 3.2172 3.2202 0.0010
3.2260 3.2172 3.2202 0.0010
3.2260 3.2172 3.2202 0.0010
3.2260 3.2172 3.2202 0.0010
3.2260 3.2172 3.2202 0.0010
3.2260 3.2172 3.2202 0.0010
3.2260 3.2172 3.2202 0.0010
3.2260 3.2172 3.2202 0.0010
3.2260 3.2172 3.2202 0.0010
3.2260 3.2172 3.2202 0.0010
3.2260 3.2172 3.2202 0.0010
3.2260 3.2172 3.2202 0.0010
3.2260 3.2172 3.2202 0.0010
3.2260 3.2172 3.2202 0.0010
3.2260 3.2172 3.2202 0.0010
3.2260 3.2172 3.2202 0.0010
3.2260 3.2172 3.2202 0.0010
3.2260 3.2172 3.2202 0.0010
3.2260 3.2172 3.2202 0.0010
3.2260 3.2172 3.2202 0.0010
3.2260 3.2172 3.2202 0.0010
3.2260 3.2172 3.2202 0.0010
3.2260 3.2172 3.2202 0.0010
3.2260 3.2172 3.2202 0.0010
3.2260 3.2172 3.2202 0.0010
3.2260 3.2172 3.2202 0.0010
3.2260 3.2172 3.2203 0.0012
3.2260 3.2172 3.2203 0.0012
3.2260 3.2172 3.2203 0.0012
3.2260 3.2172 3.2203 0.0012
3.2260 3.2172 3.2203 0.0012
3.2260 3.2172 3.2203 0.0012
3.2260 3.2172 3.2203 0.0012
3.2260 3.2172 3.2203 0.0012
3.2260 3.2172 3.2203 0.0012
3.2260 3.2172 3.2203 0.0012
3.2260 3.2172 3.2203 0.0012
3.2260 3.2172 3.2203 0.0012
3.2260 3.2172 3.2203 0.0012
3.2260 3.2172 3.2203 0.0012
3.2260 3.2172 3.2203 0.0012
3.2260 3.2172 3.2203 0.0012
3.2260 3.2172 3.2203 0.0012
3.2260 3.2172 3.2203 0.0012
3.2260 3.2172 3.2203 0.0012
3.2260 3.2172 3.2203 0.0012
3.2260 3.2172 3.2203 0.0012
3.2260 3.2172 3.2203 0.0012
3.2260 3.2172 3.2203 0.0012
3.2260 3.2172 3.2203 0.0012
3.2260 3.2172 3.2203 0.0012
3.2260 3.2172 3.2203 0.0012
3.2260 3.2172 3.2203 0.0012
3.2260 3.2172 3.2203 0.0012
3.2260 3.2172 3.2203 0.0012
3.2260 3.2172 3.2203 0.0012
3.2260 3.2172 3.2203 0.0012
3.2260 3.2172 3.2203 0.0012
3.2260 3.2172 3.2203 0.0012
3.2260 3.2172 3.2203 0.0012
3.2260 3.2172 3.2203 0.0012
3.2260 3.2172 3.2203 0.0012
3.2260 3.2172 3.2203 0.0012
3.2260 3.2172 3.2203 0.0012
3.2260 3.2172 3.2203 0.0012
3.2260 3.2172 3.2203 0.0012
3.2260 3.2172 3.2203 0.0012
3.2260 3.2172 3.2204 0.0013
3.2260 3.2172 3.2204 0.0013
3.2260 3.2172 3.2204 0.0013
3.2260 3.2172 3.2204 0.0013
3.2260 3.2172 3.2204 0.0013
3.2260 3.2172 3.2204 0.0013
3.2260 3.2172 3.2204 0.0013
3.2260 3.2172 3.2204 0.0013
3.2260 3.2172 3.2204 0.0013
3.2260 3.2172 3.2204 0.0013
3.2260 3.2172 3.2204 0.0013
3.2260 3.2172 3.2204 0.0013
3.2260 3.2172 3.2204 0.0013
3.2260 3.2172 3.2204 0.0013
3.2260 3.2172 3.2205 0.0013
3.2260 3.2172 3.2205 0.0013
3.2260 3.2172 3.2205 0.0013
3.2260 3.2172 3.2205 0.0013
3.2260 3.2172 3.2205 0.0013
3.2260 3.2172 3.2205 0.0013
3.2260 3.2172 3.2205 0.0013
3.2260 3.2172 3.2205 0.0013
3.2260 3.2172 3.2205 0.0013
3.2260 3.2172 3.2205 0.0013
3.2260 3.2172 3.2205 0.0013
3.2260 3.2172 3.2205 0.0013
3.2260 3.2172 3.2205 0.0013
3.2260 3.2172 3.2205 0.0013
3.2260 3.2172 3.2205 0.0013
3.2260 3.2172 3.2205 0.0013
3.2260 3.2172 3.2205 0.0013
3.2260 3.2172 3.2205 0.0013
3.2260 3.2172 3.2205 0.0013
3.2260 3.2172 3.2205 0.0013
3.2260 3.2172 3.2205 0.0013
3.2260 3.2172 3.2205 0.0013
3.2260 3.2172 3.2205 0.0013
3.2260 3.2172 3.2205 0.0013
3.2260 3.2172 3.2205 0.0013
3.2260 3.2172 3.2205 0.0013
3.2260 3.2172 3.2205 0.0013
3.2260 3.2172 3.2205 0.0013
3.2260 3.2172 3.2205 0.0013
3.2260 3.2172 3.2205 0.0014
3.2260 3.2172 3.2205 0.0014
3.2260 3.2172 3.2205 0.0014
3.2260 3.2172 3.2205 0.0014
3.2260 3.2172 3.2205 0.0014
3.2260 3.2172 3.2205 0.0014
3.2260 3.2172 3.2205 0.0014
3.2260 3.2172 3.2205 0.0014
3.2260 3.2172 3.2206 0.0014
3.2260 3.2172 3.2206 0.0014
3.2260 3.2172 3.2206 0.0014
3.2260 3.2172 3.2206 0.0014
3.2260 3.2172 3.2206 0.0014
3.2260 3.2172 3.2206 0.0014
3.2260 3.2172 3.2206 0.0014
3.2260 3.2172 3.2206 0.0014
3.2260 3.2172 3.2206 0.0013
3.2260 3.2172 3.2206 0.0013
3.2260 3.2172 3.2206 0.0013
3.2260 3.2172 3.2206 0.0013
3.2260 3.2172 3.2206 0.0013
3.2260 3.2172 3.2206 0.0013
3.2260 3.2172 3.2206 0.0013
3.2260 3.2172 3.2206 0.0013
3.2260 3.2172 3.2206 0.0013
3.2260 3.2172 3.2206 0.0013
3.2260 3.2172 3.2206 0.0013
3.2260 3.2172 3.2206 0.0013
3.2260 3.2172 3.2206 0.0013
3.2260 3.2172 3.2206 0.0013
3.2260 3.2172 3.2206 0.0013
3.2260 3.2172 3.2207 0.0013
3.2260 3.2172 3.2207 0.0013
3.2260 3.2172 3.2207 0.0013
3.2260 3.2172 3.2207 0.0013
3.2260 3.2172 3.2207 0.0013
3.2260 3.2172 3.2207 0.0013
3.2260 3.2172 3.2207 0.0013
3.2260 3.2172 3.2207 0.0013
3.2260 3.2172 3.2207 0.0013
3.2260 3.2172 3.2207 0.0013
3.2260 3.2172 3.2207 0.0013
3.2260 3.2172 3.2207 0.0013
3.2260 3.2172 3.2207 0.0013
3.2260 3.2172 3.2207 0.0013
3.2260 3.2172 3.2207 0.0013
3.2260 3.2172 3.2207 0.0013
3.2260 3.2172 3.2207 0.0013
3.2260 3.2187 3.2207 0.0013
3.2260 3.2187 3.2207 0.0013
3.2260 3.2187 3.2207 0.0013
3.2260 3.2187 3.2207 0.0013
3.2260 3.2187 3.2207 0.0013
3.2260 3.2187 3.2208 0.0013
3.2260 3.2187 3.2208 0.0013
3.2260 3.2187 3.2208 0.0013
3.2260 3.2187 3.2208 0.0013
3.2260 3.2187 3.2208 0.0013
3.2260 3.2187 3.2208 0.0013
3.2260 3.2187 3.2208 0.0013
3.2260 3.2187 3.2208 0.0013
3.2260 3.2187 3.2208 0.0013
3.2260 3.2187 3.2208 0.0013
3.2260 3.2187 3.2208 0.0013
3.2260 3.2187 3.2208 0.0013
3.2260 3.2187 3.2208 0.0013
3.2260 3.2187 3.2208 0.0013
3.2260 3.2187 3.2208 0.0013
3.2260 3.2187 3.2208 0.0013
3.2260 3.2187 3.2208 0.0013
3.2260 3.2187 3.2208 0.0013
3.2260 3.2187 3.2208 0.0013
3.2260 3.2187 3.2208 0.0013
3.2260 3.2187 3.2208 0.0013
3.2260 3.2187 3.2208 0.0013
3.2260 3.2187 3.2208 0.0013
3.2260 3.2187 3.2208 0.0013
3.2260 3.2187 3.2208 0.0013
3.2260 3.2187 3.2208 0.0013
3.2260 3.2187 3.2208 0.0013
3.2260 3.2187 3.2208 0.0013
3.2260 3.2187 3.2208 0.0013
3.2260 3.2187 3.2208 0.0013
3.2260 3.2187 3.2208 0.0013
3.2260 3.2187 3.2208 0.0013
3.2260 3.2187 3.2208 0.0013
3.2260 3.2187 3.2208 0.0013
3.2260 3.2187 3.2208 0.0013
3.2260 3.2187 3.2208 0.0013
3.2260 3.2187 3.2208 0.0013
3.2260 3.2187 3.2208 0.0013
3.2260 3.2187 3.2208 0.0013
3.2260 3.2187 3.2208 0.0013
3.2260 3.2187 3.2208 0.0013
3.2260 3.2187 3.2208 0.0013
3.2260 3.2187 3.2208 0.0013
3.2260 3.2187 3.2208 0.0013
3.2260 3.2187 3.2208 0.0013
3.2260 3.2187 3.2208 0.0013
3.2260 3.2187 3.2208 0.0013
3.2260 3.2187 3.2208 0.0013
3.2260 3.2187 3.2208 0.0013
3.2260 3.2187 3.2208 0.0013
3.2260 3.2187 3.2208 0.0013
3.2260 3.2187 3.2209 0.0013
3.2260 3.2187 3.2209 0.0013
3.2260 3.2187 3.2209 0.0014
3.2260 3.2187 3.2209 0.0014
3.2260 3.2187 3.2209 0.0014
3.2260 3.2187 3.2209 0.0014
3.2260 3.2187 3.2209 0.0014
3.2260 3.2187 3.2209 0.0014
3.2260 3.2187 3.2209 0.0014
3.2260 3.2187 3.2209 0.0013
3.2260 3.2187 3.2209 0.0013
3.2260 3.2187 3.2209 0.0014
3.2260 3.2187 3.2210 0.0014
3.2260 3.2187 3.2210 0.0014
3.2260 3.2187 3.2210 0.0014
3.2260 3.2187 3.2210 0.0014
3.2260 3.2187 3.2210 0.0014
3.2260 3.2187 3.2210 0.0014
3.2260 3.2187 3.2210 0.0014
3.2260 3.2187 3.2210 0.0015
3.2260 3.2187 3.2210 0.0015
3.2260 3.2187 3.2210 0.0015
3.2260 3.2187 3.2210 0.0015
3.2260 3.2187 3.2210 0.0015
3.2260 3.2187 3.2210 0.0015
3.2260 3.2187 3.2210 0.0015
3.2260 3.2187 3.2210 0.0015
3.2260 3.2187 3.2210 0.0015
3.2260 3.2187 3.2210 0.0015
3.2260 3.2187 3.2210 0.0015
3.2260 3.2187 3.2210 0.0015
3.2260 3.2187 3.2210 0.0015
3.2260 3.2187 3.2210 0.0015
3.2260 3.2187 3.2210 0.0015
3.2260 3.2187 3.2210 0.0015
3.2260 3.2187 3.2210 0.0015
3.2260 3.2187 3.2210 0.0015
3.2260 3.2187 3.2210 0.0015
3.2260 3.2187 3.2210 0.0015
3.2260 3.2187 3.2210 0.0015
3.2260 3.2187 3.2211 0.0015
3.2260 3.2187 3.2211 0.0015
3.2260 3.2187 3.2211 0.0015
3.2260 3.2187 3.2211 0.0015
3.2260 3.2187 3.2211 0.0015
3.2260 3.2187 3.2212 0.0015
3.2260 3.2187 3.2212 0.0015
3.2260 3.2187 3.2212 0.0015
3.2260 3.2187 3.2212 0.0015
3.2260 3.2187 3.2212 0.0015
3.2260 3.2187 3.2212 0.0015
3.2260 3.2187 3.2212 0.0015
3.2260 3.2187 3.2212 0.0016
3.2260 3.2187 3.2212 0.0016
3.2260 3.2187 3.2212 0.0016
3.2260 3.2187 3.2212 0.0016
3.2260 3.2187 3.2212 0.0016
3.2260 3.2187 3.2212 0.0016
3.2260 3.2187 3.2212 0.0016
3.2260 3.2187 3.2212 0.0016
3.2260 3.2187 3.2213 0.0016
3.2260 3.2187 3.2213 0.0016
3.2260 3.2187 3.2213 0.0017
3.2260 3.2187 3.2214 0.0017
3.2260 3.2187 3.2214 0.0017
3.2260 3.2187 3.2214 0.0017
3.2260 3.2187 3.2214 0.0017
3.2260 3.2187 3.2214 0.0017
3.2260 3.2187 3.2214 0.0017
3.2260 3.2187 3.2214 0.0017
3.2260 3.2187 3.2214 0.0018
3.2260 3.2187 3.2214 0.0018
3.2260 3.2187 3.2214 0.0018
3.2260 3.2187 3.2214 0.0018
3.2260 3.2187 3.2214 0.0018
3.2260 3.2187 3.2214 0.0018
3.2260 3.2187 3.2214 0.0018
3.2260 3.2187 3.2214 0.0018
3.2260 3.2187 3.2214 0.0018
3.2260 3.2187 3.2214 0.0018
3.2260 3.2187 3.2214 0.0018
3.2260 3.2187 3.2214 0.0018
3.2260 3.2187 3.2214 0.0018
3.2260 3.2187 3.2214 0.0018
3.2260 3.2187 3.2214 0.0018
3.2260 3.2187 3.2214 0.0018
3.2260 3.2187 3.2214 0.0018
3.2260 3.2187 3.2214 0.0018
3.2260 3.2187 3.2214 0.0018
3.2260 3.2187 3.2214 0.0018
3.2260 3.2187 3.2214 0.0018
3.2260 3.2187 3.2214 0.0018
3.2260 3.2187 3.2214 0.0018
3.2260 3.2187 3.2214 0.0018
3.2260 3.2187 3.2214 0.0018
3.2260 3.2187 3.2214 0.0018
3.2260 3.2187 3.2215 0.0018
3.2260 3.2187 3.2215 0.0018
3.2260 3.2187 3.2215 0.0018
3.2260 3.2187 3.2215 0.0018
3.2260 3.2187 3.2215 0.0018
3.2260 3.2187 3.2215 0.0018
3.2260 3.2187 3.2215 0.0018
3.2260 3.2187 3.2215 0.0018
3.2260 3.2187 3.2215 0.0018
3.2260 3.2187 3.2215 0.0018
3.2260 3.2187 3.2215 0.0018
3.2260 3.2187 3.2216 0.0018
3.2260 3.2187 3.2216 0.0018
3.2260 3.2187 3.2216 0.0018
3.2260 3.2187 3.2216 0.0018
3.2260 3.2187 3.2216 0.0018
3.2260 3.2187 3.2216 0.0018
3.2260 3.2187 3.2216 0.0018
3.2260 3.2187 3.2216 0.0018
3.2260 3.2187 3.2216 0.0018
3.2260 3.2187 3.2216 0.0018
3.2260 3.2187 3.2216 0.0018
3.2260 3.2187 3.2216 0.0018
3.2260 3.2187 3.2216 0.0018
3.2260 3.2187 3.2216 0.0018
3.2260 3.2187 3.2216 0.0018
3.2260 3.2187 3.2217 0.0018
3.2260 3.2187 3.2217 0.0018
3.2260 3.2187 3.2217 0.0018
3.2260 3.2187 3.2217 0.0019
3.2260 3.2187 3.2217 0.0019
3.2260 3.2187 3.2217 0.0019
3.2260 3.2187 3.2217 0.0019
3.2260 3.2187 3.2217 0.0019
3.2260 3.2187 3.2217 0.0019
3.2260 3.2187 3.2217 0.0019
3.2260 3.2187 3.2218 0.0019
3.2260 3.2187 3.2218 0.0019
3.2260 3.2187 3.2218 0.0019
3.2260 3.2187 3.2218 0.0019
3.2260 3.2187 3.2218 0.0019
3.2260 3.2187 3.2218 0.0019
3.2260 3.2187 3.2218 0.0019
3.2260 3.2187 3.2218 0.0019
3.2260 3.2187 3.2218 0.0019
3.2260 3.2187 3.2218 0.0019
3.2260 3.2187 3.2218 0.0019
3.2260 3.2187 3.2218 0.0019
3.2260 3.2187 3.2218 0.0019
3.2260 3.2187 3.2218 0.0019
3.2260 3.2187 3.2218 0.0019
3.2260 3.2187 3.2218 0.0019
3.2260 3.2187 3.2218 0.0019
3.2260 3.2187 3.2218 0.0019
3.2260 3.2187 3.2218 0.0019
3.2260 3.2187 3.2218 0.0019
3.2260 3.2187 3.2218 0.0019
3.2260 3.2187 3.2218 0.0019
3.2260 3.2187 3.2218 0.0019
3.2260 3.2187 3.2218 0.0019
3.2260 3.2187 3.2218 0.0019
3.2260 3.2187 3.2218 0.0019
3.2260 3.2187 3.2218 0.0019
3.2260 3.2187 3.2218 0.0019
3.2260 3.2187 3.2219 0.0019
3.2260 3.2187 3.2219 0.0019
3.2260 3.2187 3.2219 0.0019
3.2260 3.2187 3.2219 0.0019
3.2260 3.2187 3.2219 0.0019
3.2260 3.2187 3.2219 0.0019
3.2260 3.2187 3.2219 0.0019
3.2260 3.2187 3.2219 0.0019
3.2260 3.2187 3.2219 0.0019
3.2260 3.2187 3.2219 0.0019
3.2260 3.2187 3.2219 0.0019
3.2260 3.2187 3.2219 0.0019
3.2260 3.2187 3.2219 0.0019
3.2260 3.2187 3.2219 0.0019
3.2260 3.2187 3.2220 0.0019
3.2260 3.2187 3.2220 0.0019
3.2260 3.2187 3.2220 0.0019
3.2260 3.2187 3.2220 0.0019
3.2260 3.2187 3.2220 0.0019
3.2260 3.2187 3.2220 0.0019
3.2260 3.2187 3.2220 0.0019
3.2260 3.2187 3.2220 0.0019
3.2260 3.2187 3.2220 0.0019
3.2260 3.2187 3.2220 0.0019
3.2260 3.2187 3.2220 0.0019
3.2260 3.2187 3.2220 0.0019
3.2260 3.2187 3.2220 0.0019
3.2260 3.2187 3.2221 0.0019
3.2260 3.2187 3.2221 0.0019
3.2260 3.2187 3.2221 0.0019
3.2260 3.2187 3.2221 0.0019
3.2260 3.2187 3.2221 0.0019
3.2260 3.2187 3.2221 0.0019
3.2260 3.2187 3.2221 0.0020
3.2260 3.2187 3.2221 0.0020
3.2260 3.2187 3.2221 0.0020
3.2260 3.2187 3.2221 0.0020
3.2260 3.2187 3.2221 0.0020
3.2260 3.2187 3.2221 0.0020
3.2260 3.2187 3.2221 0.0019
3.2260 3.2187 3.2221 0.0019
3.2260 3.2187 3.2221 0.0019
3.2260 3.2187 3.2221 0.0019
3.2260 3.2187 3.2221 0.0020
3.2260 3.2187 3.2221 0.0020
3.2260 3.2187 3.2221 0.0020
3.2260 3.2187 3.2221 0.0020
3.2260 3.2187 3.2221 0.0020
3.2260 3.2187 3.2222 0.0020
3.2260 3.2187 3.2222 0.0020
3.2260 3.2187 3.2222 0.0020
3.2260 3.2187 3.2222 0.0020
3.2260 3.2187 3.2222 0.0020
3.2260 3.2187 3.2222 0.0020
3.2260 3.2187 3.2223 0.0020
3.2260 3.2187 3.2223 0.0020
3.2260 3.2187 3.2223 0.0020
3.2260 3.2187 3.2223 0.0020
3.2260 3.2187 3.2223 0.0020
3.2260 3.2187 3.2223 0.0020
3.2260 3.2187 3.2223 0.0020
3.2260 3.2187 3.2223 0.0020
3.2260 3.2187 3.2223 0.0020
3.2260 3.2187 3.2223 0.0020
3.2260 3.2187 3.2223 0.0020
3.2260 3.2187 3.2223 0.0020
3.2260 3.2187 3.2223 0.0020
3.2260 3.2187 3.2223 0.0020
3.2260 3.2187 3.2223 0.0020
3.2260 3.2187 3.2223 0.0020
3.2260 3.2187 3.2223 0.0020
3.2260 3.2187 3.2223 0.0020
3.2260 3.2187 3.2223 0.0020
3.2260 3.2187 3.2224 0.0020
3.2260 3.2187 3.2224 0.0020
3.2260 3.2187 3.2224 0.0020
3.2260 3.2187 3.2224 0.0020
3.2260 3.2187 3.2224 0.0020
3.2260 3.2187 3.2224 0.0020
3.2260 3.2187 3.2224 0.0020
3.2260 3.2187 3.2224 0.0020
3.2260 3.2187 3.2224 0.0020
3.2260 3.2187 3.2224 0.0020
3.2260 3.2187 3.2224 0.0020
3.2260 3.2187 3.2224 0.0020
3.2260 3.2187 3.2224 0.0020
3.2260 3.2187 3.2224 0.0020
3.2260 3.2187 3.2224 0.0020
3.2260 3.2187 3.2224 0.0020
3.2260 3.2187 3.2225 0.0021
3.2260 3.2187 3.2225 0.0021
3.2260 3.2187 3.2225 0.0021
3.2260 3.2187 3.2225 0.0021
3.2260 3.2187 3.2225 0.0021
3.2260 3.2187 3.2225 0.0021
3.2260 3.2187 3.2225 0.0021
3.2260 3.2187 3.2225 0.0021
3.2260 3.2196 3.2225 0.0020
3.2260 3.2196 3.2225 0.0021
3.2260 3.2196 3.2225 0.0021
3.2260 3.2196 3.2225 0.0021
3.2260 3.2196 3.2225 0.0021
3.2260 3.2196 3.2226 0.0021
3.2260 3.2196 3.2226 0.0021
3.2260 3.2196 3.2227 0.0021
3.2260 3.2196 3.2227 0.0021
3.2260 3.2196 3.2227 0.0021
3.2260 3.2196 3.2227 0.0021
3.2260 3.2196 3.2227 0.0021
3.2260 3.2196 3.2227 0.0021
3.2260 3.2196 3.2227 0.0021
3.2260 3.2196 3.2227 0.0021
3.2260 3.2196 3.2227 0.0021
3.2260 3.2196 3.2227 0.0021
3.2260 3.2196 3.2227 0.0021
3.2260 3.2196 3.2227 0.0021
3.2260 3.2196 3.2227 0.0021
3.2260 3.2196 3.2227 0.0021
3.2260 3.2196 3.2227 0.0021
3.2260 3.2196 3.2227 0.0021
3.2260 3.2196 3.2227 0.0021
3.2260 3.2196 3.2227 0.0021
3.2260 3.2196 3.2227 0.0021
3.2260 3.2196 3.2227 0.0021
3.2260 3.2196 3.2227 0.0021
3.2260 3.2196 3.2227 0.0021
3.2260 3.2196 3.2227 0.0021
3.2260 3.2196 3.2227 0.0021
3.2260 3.2196 3.2227 0.0021
3.2260 3.2196 3.2227 0.0021
3.2260 3.2196 3.2227 0.0021
3.2260 3.2196 3.2227 0.0021
3.2260 3.2196 3.2227 0.0021
3.2260 3.2196 3.2227 0.0021
3.2260 3.2196 3.2228 0.0021
3.2260 3.2196 3.2228 0.0021
3.2260 3.2196 3.2228 0.0021
3.2260 3.2196 3.2228 0.0021
3.2260 3.2196 3.2228 0.0021
3.2260 3.2196 3.2228 0.0021
3.2260 3.2196 3.2228 0.0021
3.2260 3.2196 3.2228 0.0021
3.2260 3.2196 3.2228 0.0021
3.2260 3.2196 3.2228 0.0021
3.2260 3.2196 3.2228 0.0021
3.2260 3.2196 3.2228 0.0021
3.2260 3.2196 3.2228 0.0021
3.2260 3.2196 3.2228 0.0021
3.2260 3.2196 3.2228 0.0021
3.2260 3.2196 3.2228 0.0021
3.2260 3.2196 3.2228 0.0021
3.2260 3.2196 3.2228 0.0021
3.2260 3.2196 3.2228 0.0021
3.2260 3.2196 3.2229 0.0021
3.2260 3.2196 3.2229 0.0021
3.2260 3.2196 3.2229 0.0021
3.2260 3.2196 3.2229 0.0021
3.2260 3.2196 3.2229 0.0021
3.2260 3.2196 3.2229 0.0021
3.2260 3.2196 3.2229 0.0021
3.2260 3.2196 3.2229 0.0021
3.2260 3.2196 3.2229 0.0021
3.2260 3.2196 3.2229 0.0021
3.2260 3.2196 3.2229 0.0021
3.2260 3.2196 3.2229 0.0021
3.2260 3.2196 3.2230 0.0021
3.2260 3.2196 3.2230 0.0021
3.2260 3.2196 3.2230 0.0021
3.2260 3.2196 3.2230 0.0021
3.2260 3.2196 3.2230 0.0021
3.2260 3.2196 3.2230 0.0021
3.2260 3.2196 3.2231 0.0021
3.2260 3.2196 3.2231 0.0021
3.2260 3.2196 3.2231 0.0021
3.2260 3.2196 3.2231 0.0021
3.2260 3.2196 3.2231 0.0021
3.2260 3.2196 3.2231 0.0021
3.2260 3.2196 3.2231 0.0021
3.2260 3.2196 3.2231 0.0021
3.2260 3.2196 3.2232 0.0021
3.2260 3.2196 3.2232 0.0021
3.2260 3.2196 3.2232 0.0021
3.2260 3.2196 3.2232 0.0021
3.2260 3.2196 3.2232 0.0021
3.2260 3.2196 3.2232 0.0021
3.2260 3.2196 3.2232 0.0021
3.2260 3.2196 3.2232 0.0021
3.2260 3.2196 3.2232 0.0021
3.2260 3.2196 3.2232 0.0021
3.2260 3.2196 3.2232 0.0021
3.2260 3.2196 3.2232 0.0021
3.2260 3.2196 3.2232 0.0021
3.2260 3.2196 3.2232 0.0021
3.2260 3.2196 3.2232 0.0021
3.2260 3.2196 3.2232 0.0021
3.2260 3.2196 3.2233 0.0021
3.2260 3.2196 3.2233 0.0021
3.2260 3.2196 3.2233 0.0021
3.2260 3.2196 3.2233 0.0021
3.2260 3.2196 3.2233 0.0021
3.2260 3.2196 3.2233 0.0021
3.2260 3.2196 3.2233 0.0021
3.2260 3.2196 3.2233 0.0021
3.2260 3.2196 3.2233 0.0021
3.2260 3.2196 3.2233 0.0021
3.2260 3.2196 3.2233 0.0021
3.2260 3.2196 3.2233 0.0021
3.2260 3.2196 3.2233 0.0021
3.2260 3.2196 3.2233 0.0021
3.2260 3.2196 3.2233 0.0021
3.2260 3.2196 3.2234 0.0021
3.2260 3.2196 3.2234 0.0021
3.2260 3.2196 3.2234 0.0021
3.2260 3.2196 3.2234 0.0021
3.2260 3.2196 3.2234 0.0021
3.2260 3.2196 3.2234 0.0021
3.2260 3.2196 3.2234 0.0021
3.2260 3.2196 3.2234 0.0021
3.2260 3.2196 3.2234 0.0021
3.2260 3.2196 3.2234 0.0021
3.2260 3.2196 3.2235 0.0021
3.2260 3.2196 3.2235 0.0021
3.2260 3.2196 3.2235 0.0021
3.2260 3.2196 3.2235 0.0021
3.2260 3.2196 3.2235 0.0021
3.2260 3.2203 3.2235 0.0020
3.2260 3.2203 3.2235 0.0020
3.2260 3.2203 3.2235 0.0020
3.2260 3.2203 3.2235 0.0020
3.2260 3.2203 3.2236 0.0020
3.2260 3.2203 3.2236 0.0020
3.2260 3.2204 3.2236 0.0020
3.2260 3.2204 3.2236 0.0020
3.2260 3.2204 3.2236 0.0020
3.2260 3.2204 3.2236 0.0020
3.2260 3.2204 3.2236 0.0020
3.2260 3.2204 3.2236 0.0020
3.2260 3.2204 3.2236 0.0020
3.2260 3.2204 3.2236 0.0020
3.2260 3.2204 3.2236 0.0020
3.2260 3.2204 3.2236 0.0020
3.2260 3.2204 3.2236 0.0020
3.2260 3.2204 3.2236 0.0020
3.2260 3.2204 3.2236 0.0020
3.2260 3.2204 3.2236 0.0020
3.2260 3.2204 3.2236 0.0020
3.2260 3.2204 3.2236 0.0020
3.2260 3.2204 3.2236 0.0020
3.2260 3.2204 3.2236 0.0020
3.2260 3.2204 3.2236 0.0020
3.2260 3.2204 3.2236 0.0020
3.2260 3.2204 3.2236 0.0020
3.2260 3.2204 3.2236 0.0020
3.2260 3.2204 3.2237 0.0020
3.2260 3.2204 3.2237 0.0020
3.2260 3.2204 3.2237 0.0020
3.2260 3.2204 3.2237 0.0020
3.2260 3.2204 3.2237 0.0020
3.2260 3.2204 3.2237 0.0020
3.2260 3.2204 3.2237 0.0020
3.2260 3.2204 3.2237 0.0020
3.2260 3.2204 3.2237 0.0020
3.2260 3.2204 3.2238 0.0020
3.2260 3.2204 3.2238 0.0020
3.2260 3.2204 3.2238 0.0020
3.2260 3.2204 3.2238 0.0020
3.2260 3.2204 3.2238 0.0020
3.2260 3.2204 3.2238 0.0020
3.2260 3.2204 3.2238 0.0020
3.2260 3.2204 3.2238 0.0020
3.2260 3.2204 3.2238 0.0020
3.2260 3.2204 3.2238 0.0020
3.2260 3.2204 3.2238 0.0020
3.2260 3.2204 3.2238 0.0020
3.2260 3.2204 3.2238 0.0020
3.2260 3.2204 3.2239 0.0020
3.2260 3.2204 3.2239 0.0020
3.2260 3.2204 3.2239 0.0020
3.2260 3.2204 3.2239 0.0020
3.2260 3.2204 3.2239 0.0020
3.2260 3.2204 3.2239 0.0020
3.2260 3.2204 3.2239 0.0020
3.2260 3.2204 3.2239 0.0020
3.2260 3.2204 3.2239 0.0020
3.2260 3.2204 3.2239 0.0020
3.2260 3.2204 3.2239 0.0020
3.2260 3.2204 3.2239 0.0020
3.2260 3.2204 3.2239 0.0020
3.2260 3.2204 3.2240 0.0020
3.2260 3.2204 3.2240 0.0020
3.2260 3.2204 3.2240 0.0020
3.2260 3.2204 3.2240 0.0020
3.2260 3.2204 3.2240 0.0020
3.2260 3.2204 3.2240 0.0020
3.2260 3.2204 3.2240 0.0020
3.2260 3.2204 3.2240 0.0020
3.2260 3.2204 3.2240 0.0020
3.2260 3.2204 3.2240 0.0020
3.2260 3.2204 3.2240 0.0020
3.2260 3.2204 3.2240 0.0020
3.2260 3.2204 3.2240 0.0020
3.2260 3.2204 3.2240 0.0020
3.2260 3.2204 3.2240 0.0020
3.2260 3.2204 3.2240 0.0020
3.2260 3.2204 3.2240 0.0020
3.2260 3.2204 3.2240 0.0019
3.2260 3.2204 3.2240 0.0019
3.2260 3.2204 3.2241 0.0019
3.2260 3.2204 3.2241 0.0019
3.2260 3.2204 3.2241 0.0019
3.2260 3.2204 3.2241 0.0019
3.2260 3.2204 3.2241 0.0019
3.2260 3.2204 3.2241 0.0019
3.2260 3.2204 3.2241 0.0019
3.2260 3.2204 3.2241 0.0019
3.2260 3.2204 3.2241 0.0019
3.2260 3.2204 3.2241 0.0019
3.2260 3.2204 3.2241 0.0019
3.2260 3.2207 3.2241 0.0019
3.2260 3.2207 3.2241 0.0019
3.2260 3.2207 3.2241 0.0019
3.2260 3.2207 3.2241 0.0019
3.2260 3.2207 3.2242 0.0019
3.2260 3.2207 3.2242 0.0019
3.2260 3.2207 3.2242 0.0019
3.2260 3.2207 3.2242 0.0019
3.2260 3.2207 3.2242 0.0019
3.2260 3.2207 3.2242 0.0019
3.2260 3.2207 3.2242 0.0019
3.2260 3.2207 3.2242 0.0019
3.2260 3.2207 3.2242 0.0019
3.2260 3.2207 3.2243 0.0019
3.2260 3.2207 3.2243 0.0019
3.2260 3.2207 3.2243 0.0019
3.2260 3.2207 3.2243 0.0019
3.2260 3.2207 3.2243 0.0019
3.2260 3.2207 3.2243 0.0019
3.2260 3.2207 3.2243 0.0019
3.2260 3.2207 3.2243 0.0019
3.2260 3.2207 3.2243 0.0019
3.2260 3.2209 3.2243 0.0019
3.2260 3.2209 3.2243 0.0019
3.2260 3.2209 3.2243 0.0019
3.2260 3.2209 3.2244 0.0018
3.2260 3.2209 3.2244 0.0018
3.2260 3.2209 3.2244 0.0018
3.2260 3.2209 3.2245 0.0018
3.2260 3.2209 3.2245 0.0018
3.2260 3.2209 3.2245 0.0018
3.2260 3.2209 3.2245 0.0018
3.2260 3.2209 3.2245 0.0018
3.2260 3.2209 3.2245 0.0018
3.2260 3.2209 3.2245 0.0018
3.2260 3.2209 3.2245 0.0018
3.2260 3.2209 3.2245 0.0018
3.2260 3.2209 3.2245 0.0018
3.2260 3.2209 3.2245 0.0018
3.2260 3.2209 3.2245 0.0018
3.2260 3.2209 3.2245 0.0018
3.2260 3.2209 3.2245 0.0018
3.2260 3.2209 3.2245 0.0018
3.2260 3.2209 3.2245 0.0018
3.2260 3.2209 3.2245 0.0018
3.2260 3.2209 3.2245 0.0018
3.2260 3.2209 3.2245 0.0018
3.2260 3.2209 3.2246 0.0018
3.2260 3.2209 3.2246 0.0018
3.2260 3.2209 3.2246 0.0018
3.2260 3.2209 3.2246 0.0018
3.2260 3.2209 3.2246 0.0018
3.2260 3.2209 3.2246 0.0018
3.2260 3.2209 3.2246 0.0018
3.2260 3.2209 3.2246 0.0018
3.2260 3.2209 3.2246 0.0018
3.2260 3.2209 3.2246 0.0018
3.2260 3.2209 3.2246 0.0018
3.2260 3.2209 3.2246 0.0018
3.2260 3.2209 3.2246 0.0018
3.2260 3.2209 3.2246 0.0018
3.2260 3.2209 3.2246 0.0018
3.2260 3.2209 3.2246 0.0018
3.2260 3.2209 3.2246 0.0018
3.2260 3.2209 3.2246 0.0018
3.2260 3.2209 3.2246 0.0018
3.2260 3.2209 3.2246 0.0018
3.2260 3.2209 3.2246 0.0018
3.2260 3.2209 3.2246 0.0018
3.2260 3.2209 3.2246 0.0018
3.2260 3.2209 3.2246 0.0018
3.2260 3.2209 3.2246 0.0018
3.2260 3.2209 3.2246 0.0018
3.2260 3.2209 3.2246 0.0018
3.2260 3.2209 3.2246 0.0018
3.2260 3.2209 3.2246 0.0018
3.2260 3.2209 3.2246 0.0018
3.2260 3.2209 3.2246 0.0018
3.2260 3.2209 3.2246 0.0018
3.2260 3.2209 3.2246 0.0018
3.2260 3.2209 3.2246 0.0018
3.2260 3.2209 3.2246 0.0018
3.2260 3.2209 3.2246 0.0018
3.2260 3.2209 3.2246 0.0018
3.2260 3.2209 3.2246 0.0018
3.2260 3.2209 3.2246 0.0018
3.2260 3.2209 3.2246 0.0018
3.2260 3.2209 3.2246 0.0018
3.2260 3.2209 3.2246 0.0018
3.2260 3.2209 3.2246 0.0018
3.2260 3.2209 3.2247 0.0017
3.2260 3.2209 3.2247 0.0017
3.2260 3.2209 3.2247 0.0017
3.2260 3.2209 3.2247 0.0017
3.2260 3.2209 3.2247 0.0017
3.2260 3.2209 3.2247 0.0017
3.2260 3.2209 3.2247 0.0017
3.2260 3.2209 3.2247 0.0017
3.2260 3.2209 3.2247 0.0017
3.2260 3.2209 3.2247 0.0017
3.2260 3.2209 3.2247 0.0017
3.2260 3.2209 3.2247 0.0017
3.2260 3.2209 3.2247 0.0017
3.2260 3.2209 3.2247 0.0017
3.2260 3.2209 3.2247 0.0017
3.2260 3.2209 3.2247 0.0017
3.2260 3.2209 3.2247 0.0017
3.2260 3.2209 3.2247 0.0017
3.2260 3.2209 3.2247 0.0017
3.2260 3.2209 3.2247 0.0017
3.2260 3.2209 3.2247 0.0017
3.2260 3.2209 3.2247 0.0017
3.2260 3.2209 3.2247 0.0017
3.2260 3.2209 3.2247 0.0017
3.2260 3.2209 3.2247 0.0017
3.2260 3.2209 3.2247 0.0017
3.2260 3.2209 3.2247 0.0017
3.2260 3.2209 3.2247 0.0017
3.2260 3.2209 3.2247 0.0017
3.2260 3.2209 3.2247 0.0017
3.2260 3.2209 3.2247 0.0017
3.2260 3.2209 3.2247 0.0017
3.2260 3.2209 3.2247 0.0017
3.2260 3.2209 3.2248 0.0017
3.2260 3.2209 3.2248 0.0017
3.2260 3.2209 3.2248 0.0017
3.2260 3.2209 3.2248 0.0017
3.2260 3.2209 3.2248 0.0017
3.2260 3.2209 3.2248 0.0017
3.2260 3.2209 3.2248 0.0017
3.2260 3.2209 3.2248 0.0017
3.2260 3.2209 3.2248 0.0017
3.2260 3.2209 3.2248 0.0017
3.2260 3.2209 3.2248 0.0017
3.2260 3.2209 3.2248 0.0017
3.2260 3.2209 3.2248 0.0017
3.2260 3.2209 3.2249 0.0017
3.2260 3.2209 3.2249 0.0017
3.2260 3.2209 3.2249 0.0017
3.2260 3.2209 3.2249 0.0017
3.2260 3.2209 3.2249 0.0017
3.2260 3.2209 3.2249 0.0017
3.2260 3.2209 3.2249 0.0017
3.2260 3.2209 3.2249 0.0017
3.2260 3.2209 3.2249 0.0017
3.2260 3.2209 3.2249 0.0017
3.2260 3.2209 3.2249 0.0017
3.2260 3.2209 3.2249 0.0017
3.2260 3.2209 3.2249 0.0017
3.2260 3.2209 3.2249 0.0016
3.2260 3.2209 3.2249 0.0016
3.2260 3.2209 3.2249 0.0016
3.2260 3.2209 3.2249 0.0016
3.2260 3.2209 3.2249 0.0016
3.2260 3.2209 3.2249 0.0016
3.2260 3.2209 3.2249 0.0016
3.2260 3.2209 3.2249 0.0016
3.2260 3.2209 3.2249 0.0016
3.2260 3.2209 3.2249 0.0016
3.2260 3.2209 3.2249 0.0016
3.2260 3.2209 3.2249 0.0016
3.2260 3.2209 3.2249 0.0016
3.2260 3.2209 3.2249 0.0016
3.2260 3.2209 3.2249 0.0016
3.2260 3.2209 3.2249 0.0016
3.2260 3.2209 3.2249 0.0016
3.2260 3.2209 3.2249 0.0016
3.2260 3.2209 3.2249 0.0016
3.2260 3.2209 3.2249 0.0016
3.2260 3.2209 3.2249 0.0016
3.2260 3.2209 3.2249 0.0016
3.2260 3.2209 3.2249 0.0016
3.2260 3.2209 3.2249 0.0016
3.2260 3.2209 3.2249 0.0016
3.2260 3.2209 3.2249 0.0016
3.2260 3.2209 3.2249 0.0016
3.2260 3.2209 3.2249 0.0016
3.2260 3.2209 3.2249 0.0016
3.2260 3.2209 3.2250 0.0016
3.2260 3.2209 3.2250 0.0016
3.2260 3.2209 3.2250 0.0016
3.2260 3.2209 3.2250 0.0016
3.2260 3.2209 3.2250 0.0016
3.2260 3.2209 3.2250 0.0016
3.2260 3.2209 3.2250 0.0016
3.2260 3.2209 3.2250 0.0016
3.2260 3.2209 3.2250 0.0016
3.2260 3.2209 3.2250 0.0016
3.2260 3.2209 3.2250 0.0016
3.2260 3.2209 3.2250 0.0016
3.2260 3.2209 3.2250 0.0016
3.2260 3.2209 3.2250 0.0016
3.2260 3.2209 3.2250 0.0016
3.2260 3.2209 3.2250 0.0016
3.2260 3.2209 3.2250 0.0016
3.2260 3.2209 3.2250 0.0016
3.2260 3.2209 3.2250 0.0016
3.2260 3.2209 3.2250 0.0016
3.2260 3.2209 3.2250 0.0016
3.2260 3.2209 3.2250 0.0016
3.2260 3.2209 3.2250 0.0016
3.2260 3.2209 3.2250 0.0016
3.2260 3.2209 3.2250 0.0016
3.2260 3.2209 3.2250 0.0016
3.2260 3.2209 3.2250 0.0016
3.2260 3.2209 3.2250 0.0016
3.2260 3.2209 3.2251 0.0015
3.2260 3.2209 3.2251 0.0015
3.2260 3.2209 3.2251 0.0015
3.2260 3.2209 3.2251 0.0015
3.2260 3.2209 3.2251 0.0015
3.2260 3.2209 3.2251 0.0015
3.2260 3.2209 3.2251 0.0015
3.2260 3.2209 3.2251 0.0015
3.2260 3.2209 3.2251 0.0015
3.2260 3.2209 3.2251 0.0015
3.2260 3.2209 3.2251 0.0015
3.2260 3.2209 3.2251 0.0015
3.2260 3.2209 3.2251 0.0015
3.2260 3.2209 3.2251 0.0015
3.2260 3.2209 3.2251 0.0015
3.2260 3.2209 3.2251 0.0015
3.2260 3.2209 3.2251 0.0015
3.2260 3.2209 3.2251 0.0015
3.2260 3.2209 3.2251 0.0015
3.2260 3.2209 3.2251 0.0015
3.2260 3.2209 3.2251 0.0015
3.2260 3.2209 3.2251 0.0015
3.2260 3.2209 3.2252 0.0015
3.2260 3.2209 3.2252 0.0015
3.2260 3.2209 3.2252 0.0015
3.2260 3.2209 3.2252 0.0015
3.2260 3.2209 3.2252 0.0015
3.2260 3.2209 3.2252 0.0015
3.2260 3.2209 3.2252 0.0015
3.2260 3.2209 3.2252 0.0015
3.2260 3.2209 3.2252 0.0015
3.2260 3.2209 3.2252 0.0015
3.2260 3.2209 3.2252 0.0015
3.2260 3.2209 3.2252 0.0015
3.2260 3.2209 3.2252 0.0015
3.2260 3.2209 3.2252 0.0015
3.2260 3.2209 3.2252 0.0015
3.2260 3.2209 3.2252 0.0015
3.2260 3.2209 3.2252 0.0015
3.2260 3.2209 3.2252 0.0015
3.2260 3.2209 3.2252 0.0015
3.2260 3.2209 3.2252 0.0015
3.2260 3.2209 3.2252 0.0015
3.2260 3.2209 3.2252 0.0015
3.2260 3.2209 3.2252 0.0014
3.2260 3.2209 3.2252 0.0014
3.2260 3.2209 3.2252 0.0014
3.2260 3.2209 3.2253 0.0014
3.2260 3.2209 3.2253 0.0014
3.2260 3.2209 3.2253 0.0014
3.2260 3.2209 3.2253 0.0014
3.2260 3.2209 3.2253 0.0014
3.2260 3.2209 3.2253 0.0014
3.2260 3.2209 3.2253 0.0014
3.2260 3.2209 3.2253 0.0014
3.2260 3.2209 3.2253 0.0014
3.2260 3.2209 3.2253 0.0014
3.2260 3.2209 3.2253 0.0014
3.2260 3.2209 3.2253 0.0014
3.2260 3.2209 3.2253 0.0014
3.2260 3.2209 3.2253 0.0014
3.2260 3.2209 3.2253 0.0014
3.2260 3.2209 3.2253 0.0014
3.2260 3.2209 3.2253 0.0014
3.2260 3.2209 3.2253 0.0014
3.2260 3.2209 3.2253 0.0014
3.2260 3.2209 3.2253 0.0014
3.2260 3.2209 3.2253 0.0014
3.2260 3.2209 3.2253 0.0014
3.2265 3.2209 3.2253 0.0014
3.2265 3.2209 3.2253 0.0014
3.2265 3.2209 3.2254 0.0013
3.2265 3.2209 3.2254 0.0013
3.2265 3.2209 3.2254 0.0013
3.2265 3.2209 3.2254 0.0013
3.2265 3.2209 3.2254 0.0013
3.2265 3.2209 3.2254 0.0013
3.2265 3.2209 3.2254 0.0013
3.2265 3.2209 3.2254 0.0013
3.2265 3.2209 3.2254 0.0013
3.2265 3.2209 3.2254 0.0013
3.2265 3.2209 3.2254 0.0013
3.2265 3.2209 3.2254 0.0013
3.2265 3.2209 3.2254 0.0013
3.2265 3.2209 3.2254 0.0013
3.2265 3.2209 3.2254 0.0013
3.2265 3.2209 3.2254 0.0013
3.2265 3.2209 3.2254 0.0013
3.2265 3.2209 3.2254 0.0013
3.2265 3.2209 3.2254 0.0013
3.2265 3.2209 3.2254 0.0013
3.2265 3.2209 3.2254 0.0013
3.2265 3.2209 3.2254 0.0013
3.2265 3.2209 3.2254 0.0013
3.2265 3.2209 3.2254 0.0013
3.2265 3.2209 3.2254 0.0013
3.2265 3.2209 3.2254 0.0013
3.2265 3.2209 3.2254 0.0013
3.2265 3.2209 3.2254 0.0013
3.2265 3.2209 3.2254 0.0013
3.2265 3.2209 3.2254 0.0013
3.2265 3.2209 3.2254 0.0013
3.2265 3.2209 3.2254 0.0013
3.2265 3.2209 3.2254 0.0013
3.2265 3.2209 3.2254 0.0013
3.2265 3.2209 3.2254 0.0013
3.2265 3.2209 3.2254 0.0013
3.2265 3.2209 3.2254 0.0013
3.2265 3.2209 3.2254 0.0013
3.2265 3.2209 3.2254 0.0013
3.2265 3.2209 3.2254 0.0013
3.2265 3.2209 3.2254 0.0013
3.2265 3.2209 3.2254 0.0013
3.2265 3.2209 3.2254 0.0013
3.2265 3.2209 3.2254 0.0013
3.2265 3.2209 3.2254 0.0013
3.2265 3.2209 3.2254 0.0013
3.2265 3.2209 3.2254 0.0013
3.2265 3.2209 3.2254 0.0013
3.2265 3.2209 3.2254 0.0013
3.2265 3.2209 3.2255 0.0012
3.2265 3.2209 3.2255 0.0012
3.2265 3.2209 3.2255 0.0012
3.2265 3.2209 3.2255 0.0012
3.2265 3.2209 3.2255 0.0012
3.2265 3.2209 3.2255 0.0012
3.2265 3.2209 3.2255 0.0012
3.2265 3.2209 3.2255 0.0012
3.2265 3.2209 3.2255 0.0012
3.2265 3.2209 3.2255 0.0012
3.2265 3.2209 3.2255 0.0012
3.2265 3.2209 3.2255 0.0012
3.2265 3.2209 3.2255 0.0012
3.2265 3.2209 3.2255 0.0012
3.2265 3.2209 3.2255 0.0012
3.2265 3.2209 3.2255 0.0012
3.2265 3.2209 3.2255 0.0012
3.2265 3.2209 3.2255 0.0012
3.2265 3.2209 3.2255 0.0012
3.2265 3.2209 3.2255 0.0013
3.2265 3.2209 3.2255 0.0013
3.2265 3.2209 3.2255 0.0013
3.2265 3.2209 3.2255 0.0013
3.2265 3.2209 3.2255 0.0013
3.2265 3.2209 3.2255 0.0013
3.2265 3.2209 3.2255 0.0013
3.2265 3.2209 3.2255 0.0013
3.2265 3.2209 3.2255 0.0013
3.2265 3.2209 3.2255 0.0013
3.2265 3.2209 3.2255 0.0013
3.2265 3.2209 3.2255 0.0013
3.2265 3.2209 3.2255 0.0013
3.2265 3.2209 3.2255 0.0013
3.2265 3.2209 3.2255 0.0013
3.2265 3.2209 3.2255 0.0013
3.2265 3.2209 3.2255 0.0013
3.2265 3.2209 3.2255 0.0013
3.2265 3.2209 3.2255 0.0013
3.2265 3.2209 3.2255 0.0013
3.2282 3.2209 3.2255 0.0013
3.2282 3.2209 3.2255 0.0013
3.2282 3.2209 3.2255 0.0013
3.2282 3.2209 3.2255 0.0013
3.2282 3.2209 3.2255 0.0013
3.2282 3.2209 3.2255 0.0013
3.2282 3.2209 3.2255 0.0013
3.2282 3.2209 3.2255 0.0013
3.2282 3.2209 3.2255 0.0013
3.2282 3.2209 3.2255 0.0013
3.2282 3.2209 3.2255 0.0013
3.2282 3.2209 3.2255 0.0013
3.2282 3.2209 3.2255 0.0013
3.2282 3.2209 3.2255 0.0013
3.2282 3.2209 3.2255 0.0013
3.2282 3.2209 3.2255 0.0013
3.2282 3.2209 3.2255 0.0013
3.2282 3.2209 3.2255 0.0013
3.2282 3.2209 3.2255 0.0013
3.2282 3.2209 3.2255 0.0013
3.2282 3.2209 3.2255 0.0013
3.2282 3.2209 3.2255 0.0013
3.2282 3.2209 3.2255 0.0013
3.2282 3.2209 3.2255 0.0013
3.2282 3.2209 3.2255 0.0013
3.2282 3.2209 3.2255 0.0013
3.2282 3.2209 3.2255 0.0013
3.2282 3.2209 3.2255 0.0013
3.2282 3.2209 3.2255 0.0013
3.2282 3.2209 3.2255 0.0013
3.2282 3.2209 3.2255 0.0013
3.2282 3.2209 3.2255 0.0013
3.2282 3.2209 3.2255 0.0013
3.2282 3.2209 3.2255 0.0013
3.2282 3.2209 3.2255 0.0013
3.2282 3.2209 3.2255 0.0013
3.2282 3.2209 3.2255 0.0013
3.2282 3.2209 3.2255 0.0013
3.2282 3.2209 3.2255 0.0013
3.2282 3.2209 3.2255 0.0013
3.2282 3.2209 3.2255 0.0013
3.2282 3.2209 3.2255 0.0013
3.2282 3.2209 3.2255 0.0013
3.2282 3.2209 3.2255 0.0013
3.2282 3.2209 3.2256 0.0013
3.2282 3.2209 3.2256 0.0013
3.2282 3.2209 3.2256 0.0013
3.2282 3.2209 3.2256 0.0013
3.2282 3.2209 3.2256 0.0013
3.2282 3.2209 3.2256 0.0013
3.2282 3.2209 3.2256 0.0013
3.2282 3.2209 3.2256 0.0013
3.2282 3.2209 3.2256 0.0012
3.2282 3.2209 3.2256 0.0012
3.2282 3.2209 3.2256 0.0012
3.2282 3.2209 3.2256 0.0012
3.2282 3.2209 3.2256 0.0012
3.2282 3.2209 3.2256 0.0012
3.2282 3.2209 3.2256 0.0012
3.2282 3.2209 3.2256 0.0012
3.2282 3.2209 3.2256 0.0012
3.2282 3.2209 3.2256 0.0012
3.2282 3.2209 3.2256 0.0012
3.2282 3.2209 3.2256 0.0012
3.2282 3.2209 3.2256 0.0012
3.2282 3.2209 3.2256 0.0012
3.2282 3.2209 3.2256 0.0012
3.2282 3.2209 3.2257 0.0011
3.2282 3.2209 3.2257 0.0011
3.2282 3.2209 3.2257 0.0011
3.2282 3.2209 3.2257 0.0011
3.2282 3.2209 3.2257 0.0011
3.2282 3.2209 3.2257 0.0011
3.2282 3.2209 3.2257 0.0011
3.2282 3.2209 3.2257 0.0011
3.2282 3.2209 3.2257 0.0011
3.2282 3.2209 3.2257 0.0011
3.2282 3.2209 3.2257 0.0011
3.2282 3.2209 3.2257 0.0011
3.2282 3.2209 3.2257 0.0011
3.2282 3.2209 3.2257 0.0011
3.2282 3.2209 3.2257 0.0011
3.2282 3.2209 3.2257 0.0011
3.2282 3.2209 3.2257 0.0011
3.2282 3.2209 3.2257 0.0011
3.2282 3.2209 3.2257 0.0011
3.2282 3.2209 3.2257 0.0011
3.2282 3.2209 3.2258 0.0010
3.2282 3.2209 3.2258 0.0010
