0.3734 0.0022 0.0511 0.0886
0.3734 0.0022 0.0569 0.0971
0.3734 0.0022 0.0586 0.0976
0.4109 0.0022 0.0626 0.1035
0.4109 0.0022 0.0643 0.1040
0.4467 0.0022 0.0687 0.1105
0.4467 0.0022 0.0703 0.1108
0.4467 0.0022 0.0718 0.1109
0.4467 0.0022 0.0755 0.1119
0.4467 0.0022 0.0789 0.1147
0.4467 0.0022 0.0815 0.1162
0.4467 0.0022 0.0857 0.1174
0.9010 0.0022 0.0987 0.1535
0.9010 0.0022 0.1016 0.1546
0.9010 0.0022 0.1046 0.1542
0.9010 0.0022 0.1064 0.1541
0.9010 0.0022 0.1099 0.1538
0.9010 0.0022 0.1137 0.1547
0.9010 0.0022 0.1154 0.1545
0.9010 0.0022 0.1244 0.1650
0.9010 0.0022 0.1244 0.1650
0.9010 0.0022 0.1301 0.1659
0.9010 0.0022 0.1318 0.1654
0.9010 0.0022 0.1350 0.1646
0.9010 0.0022 0.1365 0.1641
0.9010 0.0022 0.1371 0.1643
0.9010 0.0022 0.1408 0.1654
0.9010 0.0022 0.1478 0.1735
0.9010 0.0022 0.1501 0.1732
0.9010 0.0022 0.1518 0.1736
0.9010 0.0022 0.1524 0.1737
0.9010 0.0022 0.1555 0.1765
0.9905 0.0022 0.1653 0.1945
0.9905 0.0022 0.1657 0.1949
0.9905 0.0022 0.1670 0.1944
0.9905 0.0022 0.1686 0.1938
0.9905 0.0022 0.1702 0.1945
0.9905 0.0022 0.1720 0.1938
0.9905 0.0022 0.1741 0.1931
0.9905 0.0022 0.1790 0.1991
0.9905 0.0022 0.1812 0.1985
0.9905 0.0022 0.1844 0.1983
0.9905 0.0022 0.1845 0.1983
0.9905 0.0022 0.1871 0.1977
0.9905 0.0022 0.1871 0.1977
0.9905 0.0022 0.1887 0.1969
0.9905 0.0022 0.1891 0.1968
0.9905 0.0022 0.1904 0.1981
0.9905 0.0022 0.1904 0.1981
0.9905 0.0022 0.1972 0.2013
0.9905 0.0022 0.2004 0.2043
0.9905 0.0022 0.2054 0.2095
0.9905 0.0022 0.2151 0.2154
0.9905 0.0022 0.2169 0.2143
0.9905 0.0022 0.2204 0.2163
0.9905 0.0022 0.2221 0.2154
0.9905 0.0022 0.2238 0.2143
0.9905 0.0022 0.2251 0.2144
0.9905 0.0022 0.2295 0.2144
0.9905 0.0022 0.2327 0.2122
0.9905 0.0022 0.2339 0.2150
0.9905 0.0022 0.2378 0.2198
0.9905 0.0022 0.2445 0.2229
0.9905 0.0022 0.2483 0.2248
1.3775 0.0022 0.2599 0.2517
1.3775 0.0022 0.2691 0.2578
1.3775 0.0022 0.2720 0.2585
1.3775 0.0022 0.2736 0.2574
1.3775 0.0022 0.2736 0.2574
1.3775 0.0022 0.2750 0.2568
1.3775 0.0022 0.2808 0.2574
1.3775 0.0022 0.2810 0.2573
1.3775 0.0022 0.2834 0.2559
1.3775 0.0022 0.2852 0.2568
1.3775 0.0022 0.2864 0.2566
1.3775 0.0022 0.2907 0.2584
1.3775 0.0022 0.2907 0.2584
1.3775 0.0022 0.2917 0.2585
1.3775 0.0022 0.2967 0.2594
1.3775 0.0022 0.3063 0.2636
1.3775 0.0022 0.3181 0.2815
1.3775 0.0022 0.3237 0.2808
1.3775 0.0022 0.3292 0.2799
1.3775 0.0022 0.3306 0.2787
1.3775 0.0022 0.3360 0.2776
1.3775 0.0022 0.3372 0.2772
1.3775 0.0022 0.3422 0.2771
1.3775 0.0022 0.3472 0.2755
1.3775 0.0022 0.3494 0.2750
1.3775 0.0022 0.3506 0.2744
1.3775 0.0022 0.3506 0.2744
1.3775 0.0022 0.3535 0.2723
1.3775 0.0022 0.3535 0.2723
1.3775 0.0022 0.3564 0.2701
1.3775 0.0022 0.3581 0.2685
1.3775 0.0022 0.3732 0.2792
1.3775 0.0022 0.3736 0.2798
1.3775 0.0022 0.3736 0.2798
1.3775 0.0022 0.3737 0.2798
1.3775 0.0022 0.3778 0.2774
1.3775 0.0022 0.3799 0.2790
1.3775 0.0022 0.3833 0.2822
1.3775 0.0022 0.3835 0.2822
1.3775 0.0022 0.3853 0.2805
1.3775 0.0022 0.3902 0.2782
1.3775 0.0022 0.3916 0.2778
1.3775 0.0022 0.3925 0.2788
1.3775 0.0022 0.3938 0.2786
1.3775 0.0022 0.3954 0.2778
1.3775 0.0022 0.3970 0.2770
1.3775 0.0022 0.4027 0.2745
1.3775 0.0022 0.4056 0.2739
1.3775 0.0022 0.4122 0.2819
1.3775 0.0022 0.4171 0.2841
1.3775 0.0022 0.4181 0.2845
1.3775 0.0022 0.4188 0.2846
1.3775 0.0022 0.4210 0.2845
1.4969 0.0022 0.4342 0.3028
1.4969 0.0022 0.4347 0.3030
1.4969 0.0022 0.4351 0.3031
1.4969 0.0022 0.4357 0.3034
1.4969 0.0022 0.4446 0.3147
1.4969 0.0022 0.4479 0.3136
1.4969 0.0022 0.4624 0.3245
1.4969 0.0022 0.4653 0.3233
1.4969 0.0022 0.4693 0.3221
1.4969 0.0022 0.4693 0.3221
1.4969 0.0022 0.4727 0.3205
1.4969 0.0022 0.4787 0.3262
1.4969 0.0022 0.4964 0.3496
1.4969 0.0022 0.5037 0.3538
1.4969 0.0022 0.5037 0.3538
1.4969 0.0022 0.5063 0.3543
1.4969 0.0022 0.5080 0.3532
1.4969 0.0022 0.5105 0.3512
1.4969 0.0022 0.5105 0.3512
1.4969 0.0022 0.5139 0.3506
1.4969 0.0022 0.5154 0.3510
1.4969 0.0022 0.5178 0.3531
1.4969 0.0022 0.5197 0.3531
1.4969 0.0022 0.5213 0.3511
1.4969 0.0022 0.5263 0.3526
1.4969 0.0022 0.5299 0.3509
1.4969 0.0022 0.5299 0.3509
1.4969 0.0022 0.5348 0.3551
1.4969 0.0022 0.5457 0.3613
1.4969 0.0022 0.5507 0.3573
1.4969 0.0022 0.5543 0.3552
1.4969 0.0022 0.5543 0.3552
1.4969 0.0022 0.5581 0.3536
1.4969 0.0022 0.5605 0.3523
1.4969 0.0022 0.5631 0.3550
1.4969 0.0022 0.5631 0.3550
1.4969 0.0022 0.5632 0.3551
1.4969 0.0022 0.5668 0.3574
1.4969 0.0022 0.5675 0.3580
1.4969 0.0022 0.5709 0.3643
1.4969 0.0022 0.5743 0.3622
1.4969 0.0022 0.5754 0.3624
1.4969 0.0022 0.5764 0.3614
1.4969 0.0022 0.5795 0.3578
1.4969 0.0022 0.5803 0.3589
1.4969 0.0022 0.5906 0.3617
1.4969 0.0022 0.5976 0.3665
1.4969 0.0022 0.6005 0.3675
1.4969 0.0022 0.6010 0.3673
1.4969 0.0022 0.6076 0.3712
1.4969 0.0022 0.6112 0.3703
1.4969 0.0022 0.6114 0.3705
1.4969 0.0022 0.6170 0.3733
1.4969 0.0022 0.6257 0.3692
1.4969 0.0022 0.6263 0.3686
1.4969 0.0022 0.6263 0.3686
1.4969 0.0022 0.6280 0.3676
1.4969 0.0022 0.6299 0.3666
1.4969 0.0022 0.6484 0.3848
1.4969 0.0022 0.6554 0.3924
1.4969 0.0022 0.6570 0.3907
1.5558 0.0022 0.6672 0.4020
1.5558 0.0022 0.6761 0.4078
1.5558 0.0022 0.6841 0.4057
1.5558 0.0022 0.6841 0.4057
1.5558 0.0022 0.6843 0.4059
1.5558 0.0022 0.6843 0.4059
1.5558 0.0022 0.6859 0.4046
1.6047 0.0022 0.7014 0.4192
1.6047 0.0022 0.7121 0.4151
1.6047 0.0022 0.7128 0.4158
1.6047 0.0022 0.7128 0.4158
1.6047 0.0022 0.7160 0.4149
1.6047 0.0022 0.7200 0.4110
1.6047 0.0022 0.7331 0.4165
1.6047 0.0022 0.7331 0.4165
1.6047 0.0022 0.7331 0.4165
1.6047 0.0022 0.7331 0.4165
1.6047 0.0022 0.7402 0.4129
1.6047 0.0022 0.7422 0.4116
1.6047 0.0022 0.7543 0.4140
1.6047 0.0022 0.7575 0.4183
1.6047 0.0022 0.7575 0.4183
1.6047 0.0022 0.7634 0.4137
1.6047 0.0022 0.7751 0.4170
1.6047 0.0022 0.7809 0.4219
1.6047 0.0022 0.7858 0.4196
1.6047 0.0022 0.7882 0.4198
1.6047 0.0022 0.7891 0.4203
1.6047 0.0022 0.7891 0.4203
1.6047 0.0022 0.7945 0.4136
1.6047 0.0022 0.8032 0.4176
1.6047 0.0022 0.8080 0.4220
1.6047 0.0022 0.8101 0.4216
1.6047 0.0022 0.8106 0.4224
1.6047 0.0022 0.8144 0.4231
1.6047 0.0022 0.8144 0.4231
1.6047 0.0022 0.8193 0.4221
1.6047 0.0022 0.8242 0.4222
1.6047 0.0022 0.8242 0.4222
1.6047 0.0022 0.8242 0.4222
1.6047 0.0022 0.8258 0.4194
1.6047 0.0022 0.8284 0.4172
1.6047 0.0022 0.8284 0.4172
1.6047 0.0022 0.8375 0.4151
1.6047 0.0022 0.8430 0.4186
1.6047 0.0022 0.8510 0.4196
1.6047 0.0022 0.8557 0.4198
1.6047 0.0022 0.8674 0.4205
1.6047 0.0022 0.8674 0.4205
1.6047 0.0022 0.8685 0.4213
1.6047 0.0022 0.8771 0.4228
1.6047 0.0022 0.8854 0.4244
1.6047 0.0022 0.8922 0.4275
1.6047 0.0022 0.9034 0.4265
1.6047 0.0022 0.9034 0.4265
1.6047 0.0022 0.9074 0.4262
1.6047 0.0022 0.9113 0.4260
1.6047 0.0022 0.9113 0.4260
1.6047 0.0022 0.9133 0.4282
1.6047 0.0022 0.9133 0.4282
1.6047 0.0022 0.9144 0.4297
1.6047 0.0022 0.9144 0.4297
1.6047 0.0022 0.9144 0.4297
1.6047 0.0022 0.9228 0.4333
1.6047 0.0022 0.9286 0.4360
1.6047 0.0022 0.9286 0.4360
1.6047 0.0022 0.9315 0.4349
1.6047 0.0022 0.9315 0.4349
1.6047 0.0022 0.9428 0.4315
1.6047 0.0022 0.9428 0.4315
1.6047 0.0022 0.9465 0.4292
1.6047 0.0022 0.9465 0.4292
1.6047 0.0022 0.9466 0.4292
1.6047 0.0022 0.9466 0.4292
1.6047 0.0022 0.9540 0.4268
1.6047 0.0022 0.9598 0.4245
1.6047 0.0022 0.9624 0.4212
1.6047 0.0022 0.9683 0.4184
1.6047 0.0022 0.9683 0.4184
1.6047 0.0022 0.9691 0.4185
1.6047 0.0022 0.9691 0.4185
1.6047 0.0022 0.9691 0.4185
1.6047 0.0022 0.9700 0.4188
1.6047 0.0022 0.9755 0.4211
1.6047 0.0022 0.9755 0.4211
1.6047 0.0022 0.9804 0.4221
1.6047 0.0022 0.9880 0.4173
1.6047 0.0022 0.9886 0.4175
1.6047 0.0022 0.9917 0.4193
1.6047 0.0022 0.9917 0.4193
1.6047 0.0022 0.9939 0.4199
1.6062 0.0022 1.0049 0.4214
1.6062 0.0022 1.0099 0.4228
1.6062 0.0022 1.0101 0.4228
1.6062 0.0022 1.0149 0.4243
1.6062 0.0022 1.0171 0.4223
1.6339 0.0022 1.0196 0.4253
1.6339 0.0022 1.0202 0.4248
1.6339 0.0022 1.0296 0.4235
1.6339 0.0022 1.0352 0.4244
1.7608 0.0022 1.0488 0.4256
1.7608 0.0022 1.0488 0.4256
1.7608 0.0022 1.0557 0.4254
1.7608 0.0022 1.0593 0.4270
1.7608 0.0022 1.0593 0.4270
1.7608 0.0589 1.0669 0.4152
1.7608 0.0589 1.0768 0.4242
1.7608 0.0589 1.0806 0.4286
1.7608 0.0589 1.0849 0.4307
1.7608 0.0589 1.0849 0.4307
1.7608 0.0589 1.0865 0.4291
1.7608 0.0589 1.0879 0.4303
1.7608 0.0589 1.0965 0.4286
1.7608 0.0589 1.0992 0.4304
1.7608 0.0589 1.0992 0.4304
1.7608 0.0589 1.0992 0.4304
1.7608 0.1704 1.1064 0.4187
1.7608 0.1704 1.1098 0.4200
1.7608 0.1704 1.1104 0.4204
1.7608 0.1704 1.1107 0.4203
1.7608 0.1704 1.1174 0.4185
1.7608 0.1704 1.1252 0.4151
1.7608 0.1704 1.1253 0.4151
1.7608 0.1704 1.1321 0.4155
1.7608 0.1704 1.1331 0.4163
1.7608 0.1704 1.1412 0.4158
1.7608 0.1704 1.1412 0.4158
1.7608 0.1704 1.1413 0.4158
1.7608 0.1704 1.1413 0.4158
1.7608 0.1704 1.1478 0.4086
1.7608 0.1704 1.1510 0.4095
1.7608 0.1704 1.1550 0.4109
1.7608 0.1704 1.1629 0.4097
1.7608 0.1704 1.1629 0.4097
1.7608 0.1704 1.1686 0.4117
1.7608 0.1704 1.1686 0.4117
1.7608 0.1704 1.1686 0.4117
1.7608 0.1704 1.1767 0.4081
1.7608 0.1704 1.1771 0.4082
1.7608 0.1704 1.1779 0.4081
1.7608 0.1704 1.1900 0.4027
1.7608 0.1704 1.1925 0.4035
1.7616 0.1704 1.1931 0.4040
1.7616 0.1704 1.1939 0.4045
1.7616 0.1704 1.1953 0.4054
1.7616 0.1704 1.1953 0.4054
1.7616 0.1704 1.2075 0.3925
1.7616 0.1704 1.2075 0.3925
1.7616 0.1704 1.2075 0.3925
1.7616 0.1704 1.2081 0.3925
1.7616 0.1704 1.2111 0.3936
1.7616 0.1704 1.2174 0.3886
1.7616 0.1704 1.2174 0.3886
1.7616 0.1704 1.2281 0.3830
1.7616 0.1704 1.2281 0.3830
1.7616 0.1704 1.2310 0.3839
1.7616 0.2910 1.2468 0.3722
1.7616 0.2910 1.2575 0.3653
1.7616 0.2910 1.2575 0.3653
1.7616 0.2910 1.2583 0.3661
1.7616 0.2910 1.2670 0.3676
1.9532 0.2910 1.2705 0.3724
1.9532 0.2910 1.2812 0.3594
1.9532 0.2910 1.2824 0.3586
1.9532 0.2910 1.2843 0.3598
1.9532 0.2910 1.2914 0.3539
1.9532 0.2910 1.2914 0.3539
1.9532 0.2910 1.2946 0.3464
1.9532 0.3116 1.3093 0.3344
1.9532 0.3116 1.3102 0.3349
1.9532 0.3116 1.3102 0.3349
1.9532 0.3116 1.3102 0.3349
1.9532 0.3116 1.3102 0.3349
1.9532 0.3116 1.3103 0.3350
1.9532 0.3116 1.3183 0.3317
1.9532 0.3116 1.3183 0.3317
1.9532 0.3116 1.3201 0.3325
1.9532 0.3116 1.3213 0.3329
1.9532 0.3116 1.3214 0.3329
1.9532 0.3116 1.3245 0.3330
1.9532 0.3116 1.3246 0.3329
1.9532 0.3116 1.3246 0.3329
1.9532 0.3116 1.3246 0.3329
1.9532 0.3116 1.3247 0.3329
1.9532 0.3116 1.3257 0.3333
1.9532 0.3116 1.3311 0.3374
1.9532 0.3116 1.3316 0.3381
1.9532 0.3116 1.3352 0.3414
1.9532 0.3116 1.3352 0.3414
1.9532 0.3116 1.3386 0.3407
1.9532 0.3116 1.3386 0.3407
1.9532 0.3116 1.3386 0.3407
1.9532 0.3116 1.3386 0.3407
1.9532 0.3116 1.3399 0.3394
1.9532 0.3116 1.3469 0.3351
1.9532 0.3116 1.3470 0.3351
1.9532 0.3116 1.3570 0.3273
1.9532 0.3116 1.3581 0.3278
1.9532 0.3116 1.3618 0.3255
1.9532 0.3116 1.3655 0.3242
1.9532 0.3116 1.3664 0.3245
1.9532 0.3116 1.3700 0.3232
1.9532 0.3116 1.3800 0.3177
1.9532 0.3116 1.3817 0.3184
1.9532 0.3116 1.3817 0.3184
1.9532 0.3116 1.3844 0.3179
1.9532 0.3116 1.3844 0.3179
1.9532 0.3116 1.3844 0.3179
1.9532 0.3116 1.3844 0.3179
1.9532 0.3116 1.3848 0.3172
1.9532 0.3116 1.3899 0.3098
1.9532 0.3116 1.3908 0.3101
1.9532 0.3116 1.3971 0.2974
1.9532 0.3116 1.3971 0.2974
1.9532 0.3116 1.3974 0.2975
1.9532 0.3116 1.3974 0.2975
1.9532 0.3116 1.3974 0.2975
1.9532 0.3116 1.3983 0.2977
1.9532 0.3116 1.3986 0.2975
1.9532 0.3116 1.4014 0.2984
1.9532 0.3116 1.4089 0.2927
1.9532 0.5038 1.4120 0.2826
1.9532 0.5038 1.4192 0.2712
1.9532 0.5038 1.4192 0.2712
1.9532 0.5038 1.4192 0.2712
1.9532 0.5038 1.4218 0.2732
1.9532 0.5038 1.4250 0.2765
1.9532 0.5038 1.4251 0.2767
1.9532 0.5038 1.4267 0.2758
1.9532 0.5038 1.4293 0.2779
1.9532 0.5038 1.4293 0.2779
1.9532 0.5038 1.4294 0.2780
1.9532 0.5038 1.4384 0.2641
1.9532 0.5038 1.4387 0.2641
1.9532 0.5038 1.4387 0.2641
1.9532 0.5038 1.4388 0.2640
1.9532 0.5038 1.4388 0.2640
1.9532 0.5038 1.4416 0.2644
1.9532 0.5038 1.4423 0.2625
1.9532 0.5038 1.4514 0.2491
1.9532 0.5038 1.4526 0.2498
1.9532 0.5038 1.4526 0.2498
1.9532 0.5038 1.4526 0.2498
1.9532 0.5038 1.4533 0.2499
1.9532 0.5038 1.4567 0.2532
1.9532 0.5038 1.4619 0.2576
1.9532 0.5038 1.4631 0.2582
1.9532 0.5038 1.4638 0.2575
1.9532 0.5038 1.4670 0.2548
1.9532 0.5563 1.4723 0.2398
1.9532 0.5563 1.4801 0.2375
1.9532 0.5563 1.4841 0.2333
1.9532 0.5563 1.4841 0.2333
1.9532 0.5563 1.4841 0.2333
1.9532 0.5563 1.4860 0.2327
1.9532 0.5563 1.4937 0.2226
1.9532 0.5563 1.4965 0.2255
1.9532 0.5563 1.4984 0.2283
1.9532 0.5563 1.5012 0.2264
1.9532 0.5563 1.5012 0.2264
1.9532 0.5563 1.5051 0.2287
1.9532 0.5563 1.5052 0.2286
1.9532 0.5563 1.5064 0.2288
1.9532 0.5563 1.5094 0.2252
1.9532 0.5563 1.5094 0.2252
1.9532 0.5563 1.5094 0.2252
1.9532 0.5563 1.5114 0.2260
1.9532 0.5563 1.5114 0.2260
1.9532 0.5563 1.5163 0.2222
1.9532 0.5563 1.5232 0.2223
1.9532 0.5563 1.5232 0.2222
1.9532 0.5563 1.5232 0.2222
1.9532 0.5563 1.5232 0.2222
1.9532 0.5563 1.5283 0.2181
1.9532 0.5563 1.5388 0.2150
1.9532 0.5563 1.5388 0.2150
1.9532 0.5563 1.5388 0.2150
1.9532 0.5563 1.5415 0.2160
1.9532 0.5563 1.5415 0.2160
1.9532 0.5563 1.5449 0.2131
1.9532 0.5563 1.5458 0.2128
1.9532 0.5563 1.5483 0.2088
1.9532 0.5563 1.5483 0.2088
1.9532 0.5563 1.5485 0.2089
1.9532 0.5563 1.5507 0.2097
1.9532 0.5563 1.5515 0.2106
1.9532 0.5563 1.5546 0.2137
1.9532 0.5563 1.5611 0.2131
1.9532 0.5563 1.5611 0.2131
1.9532 0.5563 1.5632 0.2129
2.0158 0.5563 1.5655 0.2159
2.0158 0.5563 1.5708 0.2107
2.0158 0.5563 1.5709 0.2106
2.0158 0.5563 1.5749 0.2151
2.0158 0.5563 1.5752 0.2151
2.0158 0.5563 1.5757 0.2151
2.0158 0.5563 1.5784 0.2172
2.0158 0.5563 1.5792 0.2168
2.0158 0.5563 1.5792 0.2167
2.0158 0.5563 1.5796 0.2166
2.0158 0.5563 1.5806 0.2177
2.0158 0.5563 1.5817 0.2170
2.0158 0.5563 1.5817 0.2170
2.0158 0.5563 1.5817 0.2170
2.0158 0.5563 1.5842 0.2186
2.0158 0.5563 1.5842 0.2186
2.0158 0.5563 1.5878 0.2201
2.0158 0.5563 1.5925 0.2242
2.0158 0.5563 1.5925 0.2242
2.0158 0.5563 1.5971 0.2264
2.0158 0.5563 1.5971 0.2264
2.0158 0.5563 1.5989 0.2289
2.0158 0.5563 1.5990 0.2289
2.0158 0.5563 1.5990 0.2289
2.0158 0.5563 1.5990 0.2289
2.0158 0.5563 1.5990 0.2289
2.0158 0.5563 1.6015 0.2295
2.0158 0.5563 1.6090 0.2305
2.0158 0.5563 1.6185 0.2238
2.0158 0.5563 1.6195 0.2232
2.0158 0.5563 1.6236 0.2252
2.0158 0.5563 1.6236 0.2252
2.0158 0.5563 1.6253 0.2244
2.0158 0.5563 1.6321 0.2231
2.0158 0.5563 1.6330 0.2223
2.0158 0.5563 1.6330 0.2223
2.0158 0.5563 1.6330 0.2223
2.0158 0.5563 1.6339 0.2221
2.0158 0.5563 1.6343 0.2219
2.0158 0.5563 1.6347 0.2222
2.0158 0.5563 1.6355 0.2219
2.0158 0.5563 1.6355 0.2219
2.0158 0.5563 1.6363 0.2217
2.0158 0.5563 1.6363 0.2217
2.0158 0.5563 1.6384 0.2240
2.0158 0.7780 1.6406 0.2141
2.0158 0.7780 1.6434 0.2125
2.0158 0.7780 1.6434 0.2125
2.0158 0.7780 1.6457 0.2138
2.0158 0.7780 1.6465 0.2132
2.0158 0.7780 1.6467 0.2131
2.0158 0.7780 1.6495 0.2136
2.0158 0.7780 1.6495 0.2136
2.0158 0.7780 1.6509 0.2138
2.0158 0.7780 1.6538 0.2150
2.0158 0.7780 1.6552 0.2140
2.0158 0.7780 1.6552 0.2140
2.0158 0.7780 1.6567 0.2159
2.0158 0.7780 1.6585 0.2157
2.0158 0.7780 1.6594 0.2168
2.0158 0.7780 1.6594 0.2168
2.0158 0.7780 1.6640 0.2186
2.0158 0.7780 1.6641 0.2185
2.0158 0.7780 1.6666 0.2210
2.0158 0.7780 1.6666 0.2210
2.0158 0.7780 1.6716 0.2213
2.0158 0.7780 1.6748 0.2209
2.0158 0.7780 1.6748 0.2209
2.0158 0.7780 1.6753 0.2205
2.0158 0.7780 1.6761 0.2201
2.0158 0.7780 1.6761 0.2201
2.0158 0.7780 1.6766 0.2208
2.0158 0.7780 1.6791 0.2202
2.0158 0.7780 1.6791 0.2202
2.0158 0.7780 1.6791 0.2202
2.0158 0.7780 1.6791 0.2202
2.0158 0.7780 1.6828 0.2193
2.0158 0.7780 1.6870 0.2201
2.0158 0.7780 1.6870 0.2201
2.0158 0.7780 1.6870 0.2201
2.0158 0.7780 1.6876 0.2197
2.0158 0.7780 1.6881 0.2196
2.0158 0.7780 1.6881 0.2196
2.0158 0.7780 1.6881 0.2196
2.0158 0.7780 1.6897 0.2206
2.0158 0.7780 1.6924 0.2212
2.0158 0.7780 1.6924 0.2212
2.0158 0.7780 1.6929 0.2208
2.0158 0.7780 1.6929 0.2208
2.0158 0.7780 1.6978 0.2184
2.0158 0.7780 1.7012 0.2156
2.0224 0.7780 1.7013 0.2158
2.0224 0.7780 1.7042 0.2129
2.0224 0.7780 1.7114 0.2100
2.0224 1.3239 1.7168 0.1919
2.0224 1.3239 1.7214 0.1927
2.0224 1.3239 1.7242 0.1891
2.0224 1.3239 1.7242 0.1891
2.0224 1.3239 1.7242 0.1891
2.0224 1.3239 1.7261 0.1861
2.0224 1.3239 1.7261 0.1861
2.0224 1.3239 1.7294 0.1875
2.0262 1.3239 1.7296 0.1878
2.0262 1.3239 1.7340 0.1872
2.0262 1.3239 1.7340 0.1872
2.0262 1.3239 1.7340 0.1872
2.0262 1.3239 1.7353 0.1857
2.0262 1.3239 1.7359 0.1863
2.0262 1.3239 1.7360 0.1862
2.0262 1.3239 1.7376 0.1857
2.0262 1.3239 1.7407 0.1846
2.0262 1.3239 1.7420 0.1837
2.0262 1.3239 1.7444 0.1807
2.0262 1.3239 1.7468 0.1797
2.0262 1.3239 1.7484 0.1783
2.0262 1.3239 1.7484 0.1783
2.0262 1.3239 1.7510 0.1756
2.0262 1.3239 1.7510 0.1756
2.0262 1.3239 1.7520 0.1762
2.0262 1.3239 1.7551 0.1764
2.0262 1.3239 1.7551 0.1764
2.0262 1.3239 1.7551 0.1764
2.0262 1.3239 1.7579 0.1757
2.0262 1.3239 1.7579 0.1757
2.0262 1.3239 1.7594 0.1745
2.0262 1.3239 1.7594 0.1745
2.0262 1.3803 1.7603 0.1723
2.0262 1.3803 1.7616 0.1722
2.0262 1.3803 1.7617 0.1723
2.0262 1.3803 1.7617 0.1723
2.0262 1.3803 1.7617 0.1723
2.0262 1.3803 1.7644 0.1684
2.0262 1.3803 1.7650 0.1683
2.0262 1.3803 1.7650 0.1683
2.0262 1.3803 1.7668 0.1689
2.0262 1.3803 1.7668 0.1689
2.0262 1.3803 1.7668 0.1689
2.0262 1.3803 1.7668 0.1689
2.0262 1.3803 1.7668 0.1689
2.0262 1.3803 1.7668 0.1689
2.0262 1.3803 1.7683 0.1684
2.0262 1.3803 1.7692 0.1682
2.0262 1.3803 1.7695 0.1679
2.0262 1.3803 1.7695 0.1679
2.0262 1.3803 1.7719 0.1673
2.0262 1.3803 1.7728 0.1683
2.0262 1.3803 1.7764 0.1667
2.0262 1.3803 1.7780 0.1663
2.0262 1.3803 1.7793 0.1666
2.0262 1.3803 1.7801 0.1656
2.0262 1.3803 1.7808 0.1649
2.0262 1.3803 1.7808 0.1649
2.0262 1.3803 1.7818 0.1650
2.0262 1.3803 1.7828 0.1637
2.0262 1.3803 1.7828 0.1637
2.0262 1.3803 1.7851 0.1649
2.0262 1.3803 1.7851 0.1649
2.0262 1.3803 1.7852 0.1647
2.0262 1.3803 1.7863 0.1657
2.0262 1.3803 1.7869 0.1650
2.0262 1.3803 1.7871 0.1648
2.0262 1.3803 1.7912 0.1633
2.0262 1.3803 1.7918 0.1639
2.0262 1.3803 1.7956 0.1615
2.0262 1.3803 1.7956 0.1615
2.0262 1.3803 1.7959 0.1617
2.0262 1.3803 1.7999 0.1601
2.0262 1.3803 1.7999 0.1601
2.0262 1.3803 1.8003 0.1598
2.0262 1.3803 1.8003 0.1598
2.0262 1.3803 1.8027 0.1598
2.0262 1.3803 1.8039 0.1599
2.0262 1.3803 1.8042 0.1601
2.0262 1.3803 1.8051 0.1593
2.0262 1.3803 1.8052 0.1593
2.0262 1.3803 1.8052 0.1593
2.0262 1.3803 1.8060 0.1588
2.0262 1.3803 1.8061 0.1587
2.0262 1.3803 1.8099 0.1592
2.0262 1.3803 1.8105 0.1596
2.0262 1.3803 1.8105 0.1596
2.0262 1.3803 1.8105 0.1596
2.0262 1.3803 1.8127 0.1601
2.0262 1.3803 1.8175 0.1558
2.0262 1.3803 1.8214 0.1550
2.0262 1.3803 1.8219 0.1554
2.0262 1.3803 1.8221 0.1555
2.0262 1.3803 1.8230 0.1554
2.0262 1.3803 1.8255 0.1562
2.0262 1.3803 1.8255 0.1562
2.0262 1.3803 1.8265 0.1553
2.0262 1.3803 1.8303 0.1544
2.0262 1.3803 1.8303 0.1544
2.0262 1.3803 1.8305 0.1546
2.0262 1.3803 1.8306 0.1545
2.0262 1.3803 1.8306 0.1545
2.0262 1.3803 1.8318 0.1553
2.0262 1.3803 1.8320 0.1553
2.0262 1.3803 1.8328 0.1550
2.0262 1.3803 1.8344 0.1557
2.0262 1.3803 1.8388 0.1539
2.0262 1.3803 1.8422 0.1504
2.0262 1.3803 1.8422 0.1504
2.0262 1.3803 1.8477 0.1459
2.0262 1.3803 1.8483 0.1463
2.0262 1.3803 1.8483 0.1463
2.0262 1.3803 1.8483 0.1463
2.0262 1.3803 1.8499 0.1468
2.0262 1.3803 1.8499 0.1468
2.0262 1.3803 1.8499 0.1468
2.0384 1.3803 1.8502 0.1472
2.0384 1.3803 1.8519 0.1477
2.0384 1.3803 1.8530 0.1485
2.0384 1.3803 1.8540 0.1474
2.0384 1.3803 1.8557 0.1480
2.0384 1.3803 1.8569 0.1458
2.0384 1.3803 1.8569 0.1459
2.0384 1.3803 1.8571 0.1459
2.0384 1.3803 1.8571 0.1459
2.0384 1.3803 1.8610 0.1410
2.0384 1.3803 1.8635 0.1394
2.0384 1.3803 1.8635 0.1394
2.0384 1.3803 1.8646 0.1398
2.0384 1.3803 1.8676 0.1380
2.0384 1.3803 1.8676 0.1380
2.0384 1.3803 1.8718 0.1335
2.0384 1.3803 1.8743 0.1332
2.0384 1.3803 1.8743 0.1332
2.0384 1.3803 1.8743 0.1332
2.0384 1.3803 1.8743 0.1332
2.0384 1.3803 1.8750 0.1337
2.0384 1.3803 1.8777 0.1310
2.0384 1.3803 1.8792 0.1316
2.0384 1.3803 1.8794 0.1311
2.0389 1.3803 1.8834 0.1327
2.0389 1.3803 1.8834 0.1327
2.0389 1.3803 1.8836 0.1329
2.0389 1.3803 1.8836 0.1329
2.0389 1.3803 1.8838 0.1328
2.0389 1.3803 1.8866 0.1333
2.0389 1.3803 1.8869 0.1333
2.0389 1.3803 1.8869 0.1333
2.0389 1.3803 1.8908 0.1305
2.0389 1.3803 1.8908 0.1305
2.0389 1.3803 1.8908 0.1306
2.0389 1.3803 1.8910 0.1306
2.0389 1.3803 1.8910 0.1306
2.0389 1.3803 1.8940 0.1294
2.0389 1.3803 1.8944 0.1292
2.0389 1.3803 1.8952 0.1296
2.0389 1.3803 1.8967 0.1296
2.0389 1.3803 1.8970 0.1298
2.0389 1.3803 1.8970 0.1298
2.0389 1.3803 1.8972 0.1298
2.0389 1.3803 1.8972 0.1298
2.0389 1.3803 1.8977 0.1299
2.0389 1.3803 1.8979 0.1300
2.0389 1.3803 1.8979 0.1300
2.1489 1.3803 1.8999 0.1322
2.1489 1.3803 1.9012 0.1328
2.1489 1.3803 1.9012 0.1328
2.1489 1.3803 1.9015 0.1330
2.1489 1.3803 1.9035 0.1321
2.1489 1.3803 1.9067 0.1294
2.1489 1.3803 1.9089 0.1283
2.1489 1.3803 1.9089 0.1283
2.1489 1.3803 1.9117 0.1249
2.1983 1.3803 1.9137 0.1279
2.1983 1.3803 1.9137 0.1279
2.1983 1.3803 1.9146 0.1283
2.1983 1.3803 1.9147 0.1283
2.1983 1.3803 1.9147 0.1283
2.1983 1.3803 1.9147 0.1283
2.1983 1.3803 1.9148 0.1283
2.1983 1.3803 1.9148 0.1283
2.1983 1.3803 1.9148 0.1283
2.1983 1.3803 1.9153 0.1282
2.1983 1.3803 1.9170 0.1286
2.1983 1.3803 1.9174 0.1287
2.1983 1.3803 1.9219 0.1290
2.1983 1.3803 1.9219 0.1290
2.1983 1.3803 1.9219 0.1290
2.1983 1.3803 1.9219 0.1290
2.1983 1.3803 1.9248 0.1258
2.1983 1.3803 1.9259 0.1259
2.1983 1.3803 1.9259 0.1259
2.1983 1.3803 1.9294 0.1236
2.1983 1.3803 1.9325 0.1204
2.1983 1.3803 1.9325 0.1204
2.1983 1.3803 1.9325 0.1204
2.1983 1.3803 1.9327 0.1200
2.1983 1.3803 1.9338 0.1191
2.1983 1.3803 1.9372 0.1145
2.1983 1.3803 1.9381 0.1135
2.1983 1.3803 1.9381 0.1135
2.1983 1.3803 1.9386 0.1136
2.1983 1.3803 1.9394 0.1136
2.1983 1.3803 1.9407 0.1136
2.1983 1.3803 1.9407 0.1136
2.1983 1.3803 1.9425 0.1132
2.1983 1.3803 1.9433 0.1134
2.1983 1.3803 1.9433 0.1134
2.1983 1.3803 1.9434 0.1135
2.1983 1.3803 1.9434 0.1135
2.1983 1.3803 1.9435 0.1135
2.1983 1.3803 1.9452 0.1130
2.1983 1.3803 1.9452 0.1129
2.1983 1.3803 1.9452 0.1129
2.1983 1.3803 1.9457 0.1118
2.1983 1.3803 1.9457 0.1118
2.1983 1.3803 1.9460 0.1119
2.1983 1.3803 1.9460 0.1119
2.1983 1.3803 1.9460 0.1119
2.1983 1.3803 1.9460 0.1119
2.1983 1.3803 1.9478 0.1078
2.1983 1.3803 1.9478 0.1078
2.1983 1.3803 1.9482 0.1078
2.1983 1.3803 1.9490 0.1083
2.1983 1.3803 1.9490 0.1083
2.1983 1.3803 1.9490 0.1083
2.1983 1.3803 1.9492 0.1085
2.1983 1.3803 1.9492 0.1085
2.1983 1.3803 1.9492 0.1085
2.1983 1.3803 1.9494 0.1086
2.1983 1.3803 1.9494 0.1086
2.1983 1.3803 1.9504 0.1093
2.1983 1.3803 1.9511 0.1093
2.1983 1.3803 1.9522 0.1093
2.1983 1.3803 1.9560 0.1025
2.1983 1.3803 1.9560 0.1025
2.1983 1.3803 1.9566 0.1028
2.1983 1.3803 1.9569 0.1031
2.1983 1.3803 1.9580 0.1046
2.1983 1.3803 1.9584 0.1048
2.1983 1.3803 1.9584 0.1048
2.1983 1.3803 1.9600 0.1034
2.1983 1.3803 1.9602 0.1034
2.1983 1.3803 1.9602 0.1034
2.1983 1.3803 1.9605 0.1033
2.1983 1.3803 1.9609 0.1030
2.1983 1.3803 1.9624 0.1016
2.1983 1.3803 1.9624 0.1016
2.1983 1.3803 1.9636 0.1027
2.1983 1.3803 1.9642 0.1029
2.1983 1.3803 1.9660 0.1028
2.1983 1.3803 1.9666 0.1026
2.1983 1.3803 1.9698 0.0988
2.1983 1.3803 1.9712 0.1003
2.1983 1.3803 1.9763 0.0987
2.1983 1.3803 1.9763 0.0987
2.1983 1.3803 1.9794 0.0998
2.1983 1.3803 1.9794 0.0998
2.1983 1.3803 1.9794 0.0998
2.1983 1.3803 1.9794 0.0998
2.1983 1.3803 1.9808 0.1003
2.1983 1.3803 1.9820 0.1004
2.1983 1.3803 1.9838 0.0997
2.1983 1.3803 1.9839 0.0997
2.1983 1.3803 1.9856 0.1010
2.1983 1.3803 1.9865 0.1003
2.1983 1.3803 1.9871 0.1007
2.1983 1.3803 1.9871 0.1007
2.1983 1.3803 1.9871 0.1007
2.1983 1.3803 1.9871 0.1007
2.1983 1.3803 1.9877 0.1008
2.1983 1.3803 1.9881 0.1010
2.1983 1.3803 1.9894 0.1022
2.1983 1.3803 1.9895 0.1022
2.1983 1.3803 1.9899 0.1019
2.1983 1.3803 1.9902 0.1019
2.1983 1.3803 1.9903 0.1018
2.1983 1.3803 1.9903 0.1018
2.1983 1.3803 1.9909 0.1017
2.1983 1.3803 1.9914 0.1019
2.1983 1.3803 1.9917 0.1020
2.1983 1.3803 1.9917 0.1020
2.1983 1.3803 1.9930 0.1028
2.1983 1.3803 1.9930 0.1028
2.1983 1.3803 1.9930 0.1028
2.1983 1.3803 1.9930 0.1028
2.1983 1.3803 1.9937 0.1021
2.1983 1.3803 1.9937 0.1021
2.1983 1.3803 1.9943 0.1024
2.1983 1.3803 1.9943 0.1024
2.1983 1.3803 1.9943 0.1024
2.1983 1.6883 1.9999 0.0819
2.1983 1.6883 2.0001 0.0819
2.1983 1.6883 2.0012 0.0822
2.1983 1.6883 2.0018 0.0824
2.1983 1.6883 2.0019 0.0825
2.1983 1.6883 2.0028 0.0823
2.1983 1.6883 2.0031 0.0823
2.1983 1.6883 2.0031 0.0823
2.1983 1.6883 2.0038 0.0829
2.1983 1.6883 2.0038 0.0829
2.1983 1.6883 2.0038 0.0829
2.1983 1.6883 2.0048 0.0838
2.1983 1.6883 2.0048 0.0838
2.1983 1.6883 2.0051 0.0837
2.1983 1.6883 2.0064 0.0833
2.1983 1.6883 2.0064 0.0833
2.1983 1.6883 2.0070 0.0832
2.1983 1.6883 2.0078 0.0828
2.1983 1.6883 2.0078 0.0828
2.1983 1.6883 2.0078 0.0828
2.1983 1.6883 2.0083 0.0825
2.1983 1.6883 2.0089 0.0828
2.1983 1.6883 2.0091 0.0827
2.1983 1.6883 2.0100 0.0829
2.1983 1.6883 2.0100 0.0829
2.1983 1.6883 2.0101 0.0830
2.1983 1.6883 2.0101 0.0830
2.1983 1.6883 2.0127 0.0813
2.2177 1.6883 2.0139 0.0830
2.2177 1.6883 2.0139 0.0830
2.2177 1.6883 2.0149 0.0831
2.2177 1.6883 2.0154 0.0832
2.2177 1.6883 2.0156 0.0832
2.2177 1.6883 2.0156 0.0832
2.2177 1.6883 2.0163 0.0837
2.2177 1.6883 2.0163 0.0837
2.2177 1.6883 2.0164 0.0837
2.2177 1.6883 2.0167 0.0840
2.2177 1.6883 2.0167 0.0840
2.2177 1.6883 2.0181 0.0850
2.2177 1.6883 2.0192 0.0848
2.2177 1.6883 2.0192 0.0848
2.2177 1.7795 2.0228 0.0781
2.2177 1.7795 2.0233 0.0773
2.2177 1.7795 2.0236 0.0772
2.2177 1.7795 2.0236 0.0772
2.2177 1.7795 2.0258 0.0783
2.2177 1.7795 2.0267 0.0783
2.2177 1.7795 2.0267 0.0783
2.2177 1.7795 2.0270 0.0783
2.2177 1.7795 2.0270 0.0783
2.2177 1.7795 2.0274 0.0783
2.2177 1.7795 2.0274 0.0783
2.2177 1.7795 2.0274 0.0783
2.2177 1.7795 2.0280 0.0779
2.2177 1.7795 2.0280 0.0779
2.2177 1.7795 2.0280 0.0779
2.2177 1.7795 2.0295 0.0797
2.2177 1.7795 2.0301 0.0796
2.2177 1.7795 2.0307 0.0790
2.2177 1.7795 2.0313 0.0788
2.2177 1.7795 2.0327 0.0796
2.2177 1.7795 2.0327 0.0796
2.2177 1.7795 2.0341 0.0781
2.2177 1.7795 2.0341 0.0781
2.2177 1.7795 2.0341 0.0781
2.2177 1.7795 2.0349 0.0769
2.2177 1.7795 2.0354 0.0771
2.2177 1.7795 2.0354 0.0771
2.2475 1.7795 2.0362 0.0788
2.2475 1.7795 2.0370 0.0796
2.2475 1.7795 2.0390 0.0764
2.2475 1.7795 2.0390 0.0763
2.2475 1.7795 2.0393 0.0765
2.2475 1.7795 2.0393 0.0765
2.2475 1.7795 2.0393 0.0765
2.2475 1.7795 2.0393 0.0765
2.2475 1.7795 2.0428 0.0786
2.2475 1.7795 2.0428 0.0786
2.2475 1.7795 2.0428 0.0786
2.2475 1.7795 2.0428 0.0786
2.2475 1.7795 2.0428 0.0786
2.2475 1.7795 2.0444 0.0790
2.2475 1.7795 2.0449 0.0789
2.2475 1.7795 2.0454 0.0788
2.2475 1.7795 2.0459 0.0784
2.2475 1.7795 2.0459 0.0784
2.2475 1.7795 2.0460 0.0784
2.2475 1.7795 2.0460 0.0784
2.2475 1.7795 2.0466 0.0783
2.2947 1.7795 2.0494 0.0820
2.2947 1.7795 2.0504 0.0829
2.2947 1.7795 2.0512 0.0823
2.2947 1.7795 2.0540 0.0857
2.2947 1.7795 2.0540 0.0857
2.2947 1.7795 2.0563 0.0852
2.2947 1.7795 2.0566 0.0850
2.2947 1.7795 2.0572 0.0847
2.2947 1.7795 2.0573 0.0847
2.2947 1.7795 2.0576 0.0846
2.2947 1.7795 2.0580 0.0844
2.2947 1.7795 2.0583 0.0844
2.2947 1.7795 2.0583 0.0844
2.2947 1.7795 2.0586 0.0842
2.2947 1.7795 2.0586 0.0842
2.2947 1.7795 2.0586 0.0842
2.2947 1.7795 2.0587 0.0842
2.2947 1.7795 2.0587 0.0842
2.2947 1.7795 2.0587 0.0842
2.2947 1.7795 2.0599 0.0851
2.2947 1.7795 2.0605 0.0851
2.2947 1.7795 2.0607 0.0850
2.2947 1.7795 2.0613 0.0851
2.2947 1.7795 2.0613 0.0851
2.2947 1.7795 2.0615 0.0848
2.2947 1.7795 2.0617 0.0847
2.2947 1.7795 2.0631 0.0854
2.2947 1.7795 2.0658 0.0848
2.2947 1.7795 2.0658 0.0848
2.2947 1.7795 2.0662 0.0842
2.2947 1.7795 2.0662 0.0842
2.2947 1.7795 2.0668 0.0842
2.2947 1.7795 2.0677 0.0849
2.2947 1.7795 2.0683 0.0840
2.2947 1.7795 2.0688 0.0839
2.2947 1.7795 2.0688 0.0839
2.2947 1.7795 2.0690 0.0837
2.2947 1.7795 2.0699 0.0842
2.2947 1.7795 2.0710 0.0860
2.2947 1.7795 2.0719 0.0862
2.2947 1.7795 2.0727 0.0864
2.2947 1.7795 2.0728 0.0865
2.2947 1.7795 2.0728 0.0865
2.2947 1.7795 2.0728 0.0866
2.2947 1.7795 2.0728 0.0866
2.2947 1.7795 2.0728 0.0866
2.2947 1.7795 2.0741 0.0872
2.2947 1.7795 2.0745 0.0869
2.2947 1.7795 2.0745 0.0869
2.2947 1.7795 2.0751 0.0865
2.2947 1.7795 2.0757 0.0860
2.2947 1.7795 2.0762 0.0859
2.2947 1.7795 2.0774 0.0858
2.2947 1.7795 2.0774 0.0858
2.2947 1.7795 2.0774 0.0858
2.2947 1.7795 2.0774 0.0858
2.2947 1.7795 2.0800 0.0884
2.2947 1.7795 2.0800 0.0884
2.2947 1.7795 2.0804 0.0883
2.2947 1.7795 2.0820 0.0868
2.2947 1.7795 2.0825 0.0866
2.2947 1.7795 2.0825 0.0866
2.2947 1.7795 2.0825 0.0866
2.2947 1.7795 2.0833 0.0873
2.2947 1.7795 2.0833 0.0873
2.2947 1.7795 2.0833 0.0873
2.2947 1.7795 2.0841 0.0881
2.3083 1.7795 2.0863 0.0909
2.3083 1.7795 2.0863 0.0909
2.3083 1.7795 2.0879 0.0897
2.3083 1.7795 2.0879 0.0897
2.3083 1.7795 2.0879 0.0897
2.3083 1.7795 2.0879 0.0897
2.3083 1.7795 2.0886 0.0902
2.3083 1.7795 2.0886 0.0902
2.3083 1.7795 2.0901 0.0899
2.3083 1.7795 2.0917 0.0902
2.3083 1.7795 2.0917 0.0902
2.3083 1.7795 2.0930 0.0904
2.3083 1.7795 2.0947 0.0899
2.3083 1.7795 2.0947 0.0899
2.3083 1.7795 2.0947 0.0899
2.3083 1.7795 2.0949 0.0897
2.3083 1.7795 2.0976 0.0888
2.3083 1.7795 2.0976 0.0888
2.5144 1.7795 2.1025 0.0977
2.5144 1.7795 2.1039 0.0988
2.5144 1.7795 2.1046 0.1002
2.5144 1.7795 2.1055 0.0993
2.5144 1.7795 2.1076 0.1026
2.5144 1.7795 2.1076 0.1026
2.5144 1.7795 2.1087 0.1023
2.5144 1.7795 2.1087 0.1024
2.5144 1.7795 2.1092 0.1025
2.5144 1.7795 2.1092 0.1025
2.5144 1.7795 2.1092 0.1025
2.5144 1.7795 2.1106 0.1037
2.5144 1.7795 2.1116 0.1039
2.5144 1.7795 2.1116 0.1039
2.5144 1.7795 2.1119 0.1041
2.5144 1.7795 2.1131 0.1038
2.5144 1.7795 2.1131 0.1038
2.5144 1.7795 2.1131 0.1038
2.5144 1.7795 2.1131 0.1038
2.5144 1.7795 2.1131 0.1038
2.5144 1.7795 2.1135 0.1034
2.5144 1.7795 2.1136 0.1033
2.5144 1.7795 2.1136 0.1033
2.5144 1.7795 2.1166 0.1045
2.5144 1.7795 2.1166 0.1045
2.5144 1.7795 2.1166 0.1045
2.5144 1.7795 2.1170 0.1045
2.5144 1.7795 2.1177 0.1046
2.5144 1.7795 2.1177 0.1046
2.5144 1.9420 2.1201 0.0995
2.5144 1.9420 2.1203 0.1001
2.5144 1.9420 2.1214 0.1001
2.5144 1.9420 2.1219 0.1004
2.5144 1.9420 2.1219 0.1003
2.5144 1.9420 2.1224 0.0999
2.5144 1.9420 2.1224 0.0999
2.6821 1.9420 2.1261 0.1129
2.6821 1.9420 2.1261 0.1129
2.6821 1.9420 2.1268 0.1128
2.6821 1.9420 2.1268 0.1128
2.6821 1.9420 2.1294 0.1149
2.6821 1.9420 2.1294 0.1149
2.6821 1.9420 2.1295 0.1148
2.6821 1.9420 2.1360 0.1269
2.6821 1.9420 2.1364 0.1271
2.6821 1.9420 2.1386 0.1271
2.6821 1.9420 2.1386 0.1271
2.6821 1.9420 2.1386 0.1271
2.6821 1.9420 2.1409 0.1264
2.6821 1.9420 2.1409 0.1264
2.6821 1.9420 2.1412 0.1264
2.6821 1.9420 2.1412 0.1264
2.6821 1.9420 2.1422 0.1259
2.6821 1.9420 2.1422 0.1259
2.6821 1.9420 2.1482 0.1367
2.6821 1.9420 2.1482 0.1367
2.6821 1.9420 2.1488 0.1370
2.6821 1.9420 2.1488 0.1370
2.6821 1.9420 2.1488 0.1370
2.6821 1.9420 2.1488 0.1370
2.6821 1.9420 2.1502 0.1369
2.6821 1.9420 2.1502 0.1369
2.6821 1.9420 2.1507 0.1368
2.6821 1.9420 2.1508 0.1367
2.6821 1.9420 2.1508 0.1367
2.6821 1.9420 2.1508 0.1367
2.6821 1.9420 2.1521 0.1371
2.6821 1.9420 2.1521 0.1371
2.6821 1.9420 2.1534 0.1386
2.6821 1.9420 2.1534 0.1386
2.6821 1.9420 2.1538 0.1382
2.6821 1.9420 2.1538 0.1382
2.6821 1.9420 2.1539 0.1380
2.6821 1.9420 2.1539 0.1380
2.6821 1.9420 2.1539 0.1380
2.6821 1.9420 2.1551 0.1375
2.6821 1.9420 2.1551 0.1375
2.6821 1.9420 2.1565 0.1372
2.6821 1.9420 2.1565 0.1372
2.6821 1.9420 2.1565 0.1372
2.6821 1.9420 2.1571 0.1372
2.6821 1.9420 2.1571 0.1372
2.6821 1.9420 2.1580 0.1366
2.6821 1.9420 2.1580 0.1366
2.6821 1.9420 2.1584 0.1367
2.6821 1.9420 2.1584 0.1367
2.6888 1.9420 2.1585 0.1370
2.6888 1.9420 2.1585 0.1370
2.6888 1.9420 2.1623 0.1380
2.6888 1.9420 2.1640 0.1375
2.6888 1.9420 2.1654 0.1370
2.6888 1.9420 2.1654 0.1370
2.6888 1.9420 2.1654 0.1370
2.6888 1.9420 2.1679 0.1380
2.6888 1.9420 2.1733 0.1474
2.6888 1.9420 2.1741 0.1470
2.6888 1.9420 2.1758 0.1457
2.6888 1.9420 2.1758 0.1457
2.6888 1.9420 2.1758 0.1457
2.6888 1.9420 2.1764 0.1459
2.6888 1.9678 2.1790 0.1440
2.6888 1.9678 2.1798 0.1440
2.6888 1.9678 2.1798 0.1440
2.6888 1.9678 2.1805 0.1437
2.6888 1.9678 2.1805 0.1437
2.6888 1.9678 2.1835 0.1467
2.6888 1.9678 2.1836 0.1467
2.6888 1.9678 2.1836 0.1467
2.6888 1.9678 2.1842 0.1466
2.6888 1.9678 2.1895 0.1541
2.6888 1.9901 2.1898 0.1537
2.6888 1.9901 2.1898 0.1537
2.6888 1.9901 2.1902 0.1538
2.6888 1.9901 2.1918 0.1532
2.6888 1.9901 2.1918 0.1532
2.6888 1.9901 2.1918 0.1532
2.6888 1.9901 2.1922 0.1530
2.6888 1.9901 2.1926 0.1530
2.6888 1.9901 2.1926 0.1530
2.6888 1.9901 2.1940 0.1521
2.6888 1.9901 2.1954 0.1515
2.6888 1.9901 2.1985 0.1515
2.6888 1.9901 2.1991 0.1514
2.6888 1.9901 2.1999 0.1507
2.6888 1.9901 2.1999 0.1507
2.6888 1.9901 2.2007 0.1506
2.6888 1.9901 2.2007 0.1506
2.6888 1.9901 2.2013 0.1505
2.6888 1.9901 2.2021 0.1499
2.6888 1.9901 2.2067 0.1568
2.6888 1.9901 2.2067 0.1568
2.6888 1.9901 2.2075 0.1560
2.6888 1.9901 2.2130 0.1630
2.6888 1.9901 2.2130 0.1630
2.6888 1.9901 2.2137 0.1626
2.6888 1.9901 2.2137 0.1626
2.6888 1.9901 2.2143 0.1624
2.6888 1.9901 2.2143 0.1624
2.6888 1.9901 2.2143 0.1624
2.6888 1.9901 2.2143 0.1624
2.6888 1.9901 2.2143 0.1624
2.6888 1.9901 2.2149 0.1623
2.6892 1.9901 2.2150 0.1625
2.6892 1.9901 2.2196 0.1685
2.6892 1.9901 2.2196 0.1685
2.6892 1.9901 2.2196 0.1685
2.6892 1.9901 2.2196 0.1685
2.6892 1.9901 2.2199 0.1684
2.6892 1.9901 2.2217 0.1723
2.6892 1.9901 2.2217 0.1723
2.6892 1.9901 2.2223 0.1716
2.6892 1.9901 2.2223 0.1716
2.6952 1.9901 2.2269 0.1780
2.6952 1.9901 2.2270 0.1779
2.6952 1.9901 2.2270 0.1779
2.6952 1.9901 2.2270 0.1779
2.6952 1.9901 2.2274 0.1778
2.6952 1.9901 2.2277 0.1777
2.6952 1.9901 2.2287 0.1769
2.6952 1.9901 2.2287 0.1769
2.6952 1.9901 2.2347 0.1812
2.6952 1.9901 2.2347 0.1812
2.6952 1.9901 2.2351 0.1812
2.6952 1.9901 2.2363 0.1801
2.6952 1.9901 2.2363 0.1801
2.6952 1.9901 2.2367 0.1801
2.6952 1.9901 2.2384 0.1790
2.6952 1.9901 2.2384 0.1790
2.6952 1.9901 2.2385 0.1790
2.6952 1.9901 2.2399 0.1779
2.6952 1.9901 2.2418 0.1779
2.6952 1.9901 2.2418 0.1779
2.6952 1.9901 2.2456 0.1790
2.6952 1.9901 2.2456 0.1790
2.6952 1.9901 2.2468 0.1793
2.6952 1.9901 2.2469 0.1793
2.6952 1.9901 2.2472 0.1792
2.6952 1.9901 2.2472 0.1792
2.6952 1.9901 2.2472 0.1792
2.6952 1.9901 2.2472 0.1792
2.6952 1.9901 2.2485 0.1783
2.6952 1.9901 2.2491 0.1778
2.6952 1.9901 2.2491 0.1778
2.6952 1.9901 2.2494 0.1784
2.6952 1.9901 2.2495 0.1784
2.6952 1.9901 2.2495 0.1784
2.6952 1.9901 2.2495 0.1784
2.6952 1.9901 2.2495 0.1784
2.6952 1.9901 2.2543 0.1836
2.6952 1.9901 2.2561 0.1840
2.6952 1.9901 2.2561 0.1840
2.6952 1.9901 2.2561 0.1840
2.6952 1.9901 2.2561 0.1840
2.6952 1.9901 2.2610 0.1882
2.6952 1.9901 2.2610 0.1882
2.6952 1.9901 2.2610 0.1882
2.6952 1.9901 2.2610 0.1882
2.6952 1.9901 2.2610 0.1882
2.6952 1.9901 2.2610 0.1882
2.6952 1.9901 2.2613 0.1882
2.6952 1.9901 2.2614 0.1882
2.6952 1.9901 2.2614 0.1882
2.6952 1.9901 2.2625 0.1875
2.6952 1.9901 2.2628 0.1874
2.6952 1.9901 2.2628 0.1874
2.6952 1.9901 2.2630 0.1877
2.6952 1.9901 2.2648 0.1864
2.6952 1.9901 2.2650 0.1862
2.6952 1.9901 2.2650 0.1862
2.6952 1.9901 2.2667 0.1847
2.6952 1.9901 2.2686 0.1832
2.6952 1.9901 2.2686 0.1832
2.6952 1.9901 2.2686 0.1832
2.6952 1.9901 2.2693 0.1829
2.6952 1.9901 2.2713 0.1863
2.6952 1.9901 2.2749 0.1879
2.6952 1.9901 2.2757 0.1875
2.6952 1.9901 2.2757 0.1875
2.6952 1.9901 2.2757 0.1875
2.6952 1.9901 2.2764 0.1877
2.6952 1.9901 2.2764 0.1877
2.6952 1.9901 2.2764 0.1877
2.6952 1.9901 2.2771 0.1873
2.6952 1.9901 2.2777 0.1866
2.6952 1.9901 2.2777 0.1866
2.6952 1.9901 2.2790 0.1856
2.6952 1.9901 2.2790 0.1856
2.6952 1.9901 2.2790 0.1856
2.6952 1.9901 2.2829 0.1839
2.6952 1.9901 2.2834 0.1835
2.6952 1.9901 2.2867 0.1847
2.6952 1.9901 2.2913 0.1889
2.6952 1.9901 2.2913 0.1889
2.6952 1.9901 2.2922 0.1884
2.6952 1.9901 2.2922 0.1884
2.6952 1.9901 2.2943 0.1862
2.6952 1.9901 2.2988 0.1898
2.6952 1.9901 2.2989 0.1899
2.6952 1.9901 2.2992 0.1897
2.6952 1.9901 2.2992 0.1897
2.6952 1.9901 2.2992 0.1897
2.6952 1.9901 2.3024 0.1931
2.6952 1.9901 2.3024 0.1931
2.6952 1.9901 2.3024 0.1931
2.6952 1.9901 2.3024 0.1931
2.6952 1.9901 2.3024 0.1931
2.6952 1.9901 2.3034 0.1928
2.6952 1.9901 2.3034 0.1928
2.6952 1.9901 2.3038 0.1927
2.6952 1.9901 2.3038 0.1927
2.6952 1.9901 2.3053 0.1924
2.6952 1.9901 2.3053 0.1924
2.6952 1.9901 2.3053 0.1924
2.6952 1.9901 2.3053 0.1924
2.6952 1.9901 2.3053 0.1924
2.6952 1.9901 2.3058 0.1922
2.6952 1.9901 2.3058 0.1922
2.6952 1.9901 2.3058 0.1922
2.6952 1.9901 2.3058 0.1922
2.6952 1.9901 2.3060 0.1922
2.6952 1.9901 2.3071 0.1916
2.6952 1.9901 2.3095 0.1918
2.6952 1.9901 2.3103 0.1910
2.6952 1.9901 2.3103 0.1910
2.6952 1.9901 2.3111 0.1903
2.6952 1.9901 2.3120 0.1898
2.6952 1.9901 2.3120 0.1898
2.6952 1.9901 2.3120 0.1898
2.6952 1.9901 2.3120 0.1898
2.6952 1.9901 2.3166 0.1931
2.6952 1.9901 2.3166 0.1931
2.6952 1.9901 2.3169 0.1929
2.6952 1.9901 2.3179 0.1923
2.6952 1.9901 2.3179 0.1923
2.6952 1.9901 2.3196 0.1906
2.6952 1.9901 2.3202 0.1903
2.6952 1.9901 2.3202 0.1903
2.6952 1.9901 2.3222 0.1888
2.6952 1.9901 2.3223 0.1888
2.6952 1.9901 2.3274 0.1913
2.6952 1.9901 2.3292 0.1910
2.6952 1.9901 2.3294 0.1909
2.6952 1.9901 2.3340 0.1937
2.6952 1.9901 2.3340 0.1937
2.6952 1.9901 2.3340 0.1937
2.6972 1.9901 2.3389 0.1966
2.6972 1.9901 2.3389 0.1966
2.6972 1.9901 2.3389 0.1966
2.6972 1.9901 2.3422 0.1971
2.6972 1.9901 2.3422 0.1971
2.6972 1.9901 2.3422 0.1971
2.6972 2.0554 2.3453 0.1939
2.6972 2.0554 2.3462 0.1939
2.6972 2.0554 2.3462 0.1939
2.6972 2.0554 2.3462 0.1939
2.6972 2.0554 2.3481 0.1934
2.6972 2.0554 2.3494 0.1930
2.6972 2.0554 2.3494 0.1930
2.6972 2.0554 2.3494 0.1930
2.6972 2.0554 2.3495 0.1929
2.6972 2.0554 2.3499 0.1925
2.6972 2.0554 2.3499 0.1925
2.6972 2.0554 2.3528 0.1953
2.6972 2.0554 2.3528 0.1953
2.6972 2.0554 2.3528 0.1953
2.6972 2.0554 2.3537 0.1949
2.6972 2.0554 2.3537 0.1949
2.7455 2.0554 2.3541 0.1958
2.7455 2.0554 2.3561 0.1953
2.7455 2.0554 2.3561 0.1953
2.7455 2.0554 2.3561 0.1953
2.7455 2.0554 2.3561 0.1953
2.7455 2.0554 2.3567 0.1949
2.7455 2.0554 2.3623 0.1963
2.7455 2.0554 2.3625 0.1960
2.7455 2.0554 2.3628 0.1959
2.7455 2.0554 2.3639 0.1963
2.7455 2.0554 2.3639 0.1963
2.7455 2.0554 2.3647 0.1959
2.7455 2.0554 2.3659 0.1954
2.7455 2.0554 2.3703 0.1967
2.7455 2.0554 2.3703 0.1967
2.7455 2.0554 2.3703 0.1967
2.7455 2.0554 2.3705 0.1966
2.7455 2.0554 2.3738 0.1990
2.7455 2.0554 2.3738 0.1990
2.7455 2.0554 2.3745 0.1984
2.7455 2.0554 2.3745 0.1984
2.7455 2.0554 2.3748 0.1988
2.7455 2.0554 2.3791 0.2009
2.7455 2.0554 2.3791 0.2009
2.7455 2.0554 2.3837 0.2026
2.7455 2.0554 2.3846 0.2025
2.7455 2.0554 2.3850 0.2030
2.7455 2.0554 2.3871 0.2009
2.7455 2.0554 2.3871 0.2009
2.7455 2.0554 2.3871 0.2009
2.7455 2.0554 2.3902 0.2034
2.7455 2.0554 2.3902 0.2034
2.7455 2.0554 2.3909 0.2031
2.7455 2.0554 2.3909 0.2031
2.7455 2.0554 2.3909 0.2031
2.7455 2.0554 2.3909 0.2031
2.7455 2.0554 2.3911 0.2034
2.7455 2.0554 2.3911 0.2033
2.7455 2.0554 2.3915 0.2030
2.7455 2.0554 2.3915 0.2030
2.7455 2.0554 2.3915 0.2030
2.7455 2.0554 2.3915 0.2030
2.7455 2.0554 2.3919 0.2028
2.7455 2.0554 2.3919 0.2028
2.7455 2.0554 2.3922 0.2026
2.7455 2.0554 2.3952 0.2047
2.7455 2.0554 2.3982 0.2038
2.7455 2.0554 2.4001 0.2043
2.7455 2.0554 2.4037 0.2057
2.7455 2.0554 2.4041 0.2053
2.7455 2.0554 2.4088 0.2063
2.7455 2.0554 2.4137 0.2072
2.7455 2.0717 2.4200 0.2058
2.7455 2.0717 2.4220 0.2040
2.7455 2.0717 2.4220 0.2040
2.7455 2.0717 2.4267 0.2044
2.7455 2.0717 2.4267 0.2044
2.7455 2.0717 2.4307 0.2051
2.7455 2.0717 2.4307 0.2051
2.7455 2.0717 2.4334 0.2035
2.7455 2.0717 2.4334 0.2035
2.7455 2.0717 2.4341 0.2034
2.7455 2.0717 2.4341 0.2034
2.7455 2.1382 2.4354 0.2015
2.7455 2.1382 2.4358 0.2011
2.7455 2.1382 2.4358 0.2011
2.7455 2.1382 2.4360 0.2012
2.7455 2.1382 2.4364 0.2009
2.7455 2.1382 2.4366 0.2012
2.7455 2.1382 2.4366 0.2012
2.7455 2.1382 2.4368 0.2014
2.7455 2.1382 2.4418 0.2011
2.7455 2.1382 2.4418 0.2011
2.7455 2.1382 2.4458 0.2022
2.7455 2.1382 2.4458 0.2022
2.7455 2.1382 2.4459 0.2022
2.7455 2.1382 2.4502 0.2022
2.7455 2.1382 2.4502 0.2022
2.7455 2.1382 2.4502 0.2022
2.7455 2.1382 2.4508 0.2029
2.7455 2.1382 2.4514 0.2023
2.7455 2.1382 2.4537 0.2036
2.7455 2.1382 2.4552 0.2026
2.7455 2.1382 2.4553 0.2025
2.7455 2.1382 2.4554 0.2027
2.7455 2.1382 2.4594 0.2035
2.7455 2.1382 2.4594 0.2035
2.7455 2.1382 2.4612 0.2049
2.7455 2.1382 2.4612 0.2049
2.7455 2.1382 2.4612 0.2049
2.7455 2.1382 2.4615 0.2045
2.7455 2.1382 2.4638 0.2030
2.7455 2.1382 2.4638 0.2030
2.7455 2.1382 2.4672 0.2038
2.7455 2.1382 2.4672 0.2038
2.7455 2.1382 2.4672 0.2038
2.7455 2.1382 2.4716 0.2039
2.7455 2.1382 2.4717 0.2040
2.7455 2.1382 2.4720 0.2039
2.7455 2.1382 2.4720 0.2039
2.7455 2.1382 2.4769 0.2030
2.7455 2.1382 2.4786 0.2042
2.7455 2.1382 2.4786 0.2042
2.7455 2.1382 2.4810 0.2024
2.7455 2.1382 2.4810 0.2024
2.7455 2.1382 2.4844 0.2029
2.7455 2.1382 2.4844 0.2030
2.7455 2.1382 2.4844 0.2030
2.7455 2.1382 2.4844 0.2030
2.7455 2.1382 2.4845 0.2030
2.7455 2.1382 2.4846 0.2031
2.7455 2.1382 2.4846 0.2031
2.7455 2.1382 2.4853 0.2024
2.7455 2.1382 2.4853 0.2024
2.7455 2.1382 2.4868 0.2034
2.7455 2.1382 2.4868 0.2034
2.7455 2.1382 2.4868 0.2034
2.7455 2.1382 2.4868 0.2034
2.7455 2.1382 2.4868 0.2034
2.7455 2.1382 2.4868 0.2034
2.7455 2.1382 2.4869 0.2035
2.7455 2.1382 2.4869 0.2035
2.7455 2.1382 2.4869 0.2035
2.7455 2.1382 2.4906 0.2028
2.7455 2.1382 2.4956 0.2029
2.7455 2.1382 2.4998 0.2022
2.7455 2.1382 2.4998 0.2022
2.7455 2.1382 2.4998 0.2020
2.7455 2.1382 2.5024 0.2000
2.7455 2.1382 2.5073 0.1986
2.7455 2.1382 2.5073 0.1986
2.7455 2.1382 2.5073 0.1986
2.7455 2.1382 2.5073 0.1986
2.7455 2.1382 2.5073 0.1986
2.7455 2.1382 2.5073 0.1986
2.7455 2.1382 2.5107 0.1986
2.7455 2.1382 2.5135 0.1989
2.7455 2.1489 2.5189 0.1959
2.7455 2.1489 2.5189 0.1959
2.7455 2.1489 2.5189 0.1959
2.7455 2.1489 2.5192 0.1962
2.7455 2.1489 2.5194 0.1964
2.7455 2.1489 2.5195 0.1964
2.7455 2.1489 2.5195 0.1964
2.7455 2.1489 2.5199 0.1967
2.7455 2.1489 2.5199 0.1967
2.7455 2.1489 2.5228 0.1970
2.7455 2.1489 2.5270 0.1959
2.7455 2.1489 2.5274 0.1963
2.7455 2.1489 2.5299 0.1947
2.7455 2.1489 2.5299 0.1947
2.7455 2.1489 2.5319 0.1954
2.7455 2.1489 2.5321 0.1956
2.7455 2.1489 2.5324 0.1958
2.7455 2.1489 2.5326 0.1960
2.7455 2.1489 2.5330 0.1962
2.7455 2.1489 2.5330 0.1962
2.7455 2.1489 2.5347 0.1957
2.7618 2.1489 2.5354 0.1965
2.7618 2.1489 2.5355 0.1965
2.7618 2.1489 2.5355 0.1965
2.7618 2.1489 2.5355 0.1965
2.7618 2.1489 2.5356 0.1966
2.7618 2.1489 2.5386 0.1966
2.7618 2.1489 2.5396 0.1952
2.7618 2.1489 2.5398 0.1954
2.7618 2.1489 2.5398 0.1954
2.7618 2.1755 2.5437 0.1914
2.7618 2.1755 2.5437 0.1914
2.7618 2.1755 2.5447 0.1906
2.7618 2.1755 2.5447 0.1906
2.7618 2.1755 2.5447 0.1906
2.7618 2.1755 2.5462 0.1893
2.7618 2.1755 2.5462 0.1893
2.7618 2.1755 2.5469 0.1899
2.7618 2.1755 2.5469 0.1899
2.7618 2.1755 2.5470 0.1900
2.7618 2.1755 2.5470 0.1900
2.7618 2.1755 2.5470 0.1900
2.7618 2.1755 2.5475 0.1903
2.7618 2.1755 2.5475 0.1903
2.7618 2.1755 2.5485 0.1897
2.7618 2.1755 2.5491 0.1895
2.7618 2.1755 2.5491 0.1895
2.7618 2.1755 2.5522 0.1894
2.7618 2.1755 2.5523 0.1895
2.7618 2.1755 2.5546 0.1896
2.7618 2.1755 2.5546 0.1896
2.7618 2.1755 2.5546 0.1896
2.7618 2.1755 2.5552 0.1887
2.7618 2.1755 2.5558 0.1876
2.7618 2.1755 2.5558 0.1876
2.7618 2.1755 2.5559 0.1876
2.7618 2.1755 2.5589 0.1873
2.7618 2.1755 2.5615 0.1876
2.7618 2.1755 2.5615 0.1876
2.7618 2.1755 2.5615 0.1876
2.7618 2.1755 2.5637 0.1857
2.7618 2.1755 2.5637 0.1857
2.7618 2.1755 2.5637 0.1857
2.7618 2.1755 2.5650 0.1857
2.7618 2.1755 2.5650 0.1857
2.7618 2.1755 2.5675 0.1857
2.7618 2.1755 2.5680 0.1851
2.7618 2.1755 2.5686 0.1855
2.7618 2.1755 2.5686 0.1855
2.7618 2.1755 2.5697 0.1836
2.7618 2.1755 2.5697 0.1836
2.7618 2.1755 2.5697 0.1836
2.7618 2.1755 2.5716 0.1839
2.7618 2.1755 2.5716 0.1839
2.7618 2.1755 2.5744 0.1801
2.7668 2.1755 2.5752 0.1808
2.7668 2.1755 2.5755 0.1801
2.7668 2.1755 2.5801 0.1780
2.7668 2.1755 2.5836 0.1777
2.7668 2.1755 2.5859 0.1738
2.7668 2.1755 2.5903 0.1710
2.7668 2.1755 2.5907 0.1713
2.7668 2.1755 2.5907 0.1713
2.7668 2.1755 2.5928 0.1721
2.7768 2.1755 2.5937 0.1729
2.7768 2.1755 2.5937 0.1729
2.7768 2.1755 2.5937 0.1729
2.7768 2.1755 2.5938 0.1730
2.7768 2.1755 2.5938 0.1730
2.7768 2.1755 2.5938 0.1730
2.7768 2.1755 2.5975 0.1711
2.7768 2.1755 2.5976 0.1712
2.7768 2.1755 2.5981 0.1714
2.7768 2.1755 2.5985 0.1717
2.7768 2.1755 2.5986 0.1718
2.7768 2.2167 2.6038 0.1667
2.7768 2.2167 2.6038 0.1667
2.7768 2.2167 2.6038 0.1667
2.7768 2.2167 2.6080 0.1639
2.7768 2.2167 2.6080 0.1639
2.7768 2.2167 2.6083 0.1641
2.7768 2.2167 2.6083 0.1641
2.7768 2.2167 2.6122 0.1611
2.7768 2.2167 2.6122 0.1611
2.7768 2.2167 2.6122 0.1611
2.7768 2.2167 2.6167 0.1578
2.7768 2.2167 2.6202 0.1555
2.7768 2.2167 2.6212 0.1547
2.7768 2.2167 2.6214 0.1548
2.7768 2.2167 2.6219 0.1551
2.7768 2.2167 2.6222 0.1553
2.7768 2.2167 2.6222 0.1553
2.7768 2.2167 2.6223 0.1553
2.7768 2.2167 2.6223 0.1553
2.7768 2.2167 2.6263 0.1521
2.7768 2.2167 2.6263 0.1521
2.7768 2.2167 2.6263 0.1521
2.7768 2.2167 2.6263 0.1521
2.7768 2.2167 2.6263 0.1521
2.7768 2.2167 2.6263 0.1521
2.7768 2.2167 2.6270 0.1524
2.7768 2.2167 2.6274 0.1527
2.7768 2.2167 2.6316 0.1484
2.7768 2.2167 2.6316 0.1484
2.7768 2.2167 2.6317 0.1484
2.7768 2.2167 2.6317 0.1484
2.7768 2.2167 2.6358 0.1452
2.7768 2.2167 2.6358 0.1452
2.7768 2.2167 2.6393 0.1423
2.7768 2.2167 2.6395 0.1424
2.7768 2.2167 2.6395 0.1424
2.7768 2.2167 2.6401 0.1419
2.7768 2.2167 2.6450 0.1380
2.7768 2.2167 2.6450 0.1380
2.7768 2.2167 2.6450 0.1380
2.7768 2.2167 2.6464 0.1380
2.7768 2.2167 2.6464 0.1380
2.7768 2.2167 2.6518 0.1315
2.7768 2.2167 2.6543 0.1263
2.7768 2.2167 2.6543 0.1263
2.7768 2.2167 2.6543 0.1263
2.7768 2.2245 2.6593 0.1186
2.7768 2.2245 2.6593 0.1186
2.7768 2.2245 2.6598 0.1188
2.7768 2.2245 2.6621 0.1175
2.7768 2.2245 2.6621 0.1175
2.7768 2.2245 2.6621 0.1175
2.7768 2.2245 2.6621 0.1175
2.7768 2.2245 2.6621 0.1175
2.7768 2.2245 2.6624 0.1175
2.7768 2.2245 2.6659 0.1131
2.7768 2.2245 2.6659 0.1131
2.7768 2.2245 2.6659 0.1131
2.7768 2.2245 2.6659 0.1131
2.7768 2.2245 2.6664 0.1134
2.7768 2.2245 2.6667 0.1134
2.7768 2.2245 2.6669 0.1135
2.7768 2.2245 2.6670 0.1131
2.7768 2.2245 2.6671 0.1131
2.7768 2.2756 2.6721 0.1042
2.7768 2.2756 2.6721 0.1042
2.7768 2.2756 2.6721 0.1042
2.7768 2.2756 2.6721 0.1042
2.7768 2.2756 2.6721 0.1042
2.7768 2.2756 2.6721 0.1042
2.7768 2.2756 2.6723 0.1042
2.7768 2.2756 2.6724 0.1042
2.7768 2.2756 2.6724 0.1042
2.7768 2.2756 2.6732 0.1047
2.7768 2.2756 2.6741 0.1051
2.7768 2.2756 2.6741 0.1051
2.7768 2.2756 2.6741 0.1051
2.7768 2.2756 2.6742 0.1051
2.7768 2.2756 2.6746 0.1054
2.7768 2.2756 2.6746 0.1054
2.7768 2.2756 2.6770 0.1039
2.7768 2.2756 2.6770 0.1039
2.7768 2.2756 2.6770 0.1039
2.7768 2.2756 2.6771 0.1040
2.7768 2.2756 2.6771 0.1040
2.7768 2.2756 2.6771 0.1040
2.7768 2.2756 2.6792 0.1029
2.7768 2.2756 2.6792 0.1029
2.7768 2.2756 2.6792 0.1029
2.7768 2.2756 2.6792 0.1029
2.7768 2.2756 2.6812 0.1019
2.7768 2.2756 2.6812 0.1019
2.7768 2.2756 2.6818 0.1023
2.7768 2.2756 2.6820 0.1023
2.7768 2.2756 2.6844 0.1002
2.7768 2.2756 2.6844 0.1002
2.7768 2.2756 2.6844 0.1002
2.7768 2.2756 2.6844 0.1002
2.7768 2.2756 2.6879 0.0943
2.7768 2.2756 2.6885 0.0944
2.7768 2.2756 2.6885 0.0944
2.7768 2.2756 2.6888 0.0946
2.7768 2.2756 2.6888 0.0946
2.7768 2.2756 2.6890 0.0946
2.7768 2.2756 2.6893 0.0947
2.7768 2.2756 2.6907 0.0935
2.7768 2.2756 2.6910 0.0936
2.7768 2.2756 2.6912 0.0937
2.7768 2.2756 2.6912 0.0937
2.7768 2.2756 2.6912 0.0937
2.7768 2.2756 2.6912 0.0937
2.7768 2.2756 2.6912 0.0937
2.7768 2.2756 2.6916 0.0927
2.7768 2.2756 2.6916 0.0927
2.7768 2.2756 2.6916 0.0927
2.7768 2.2756 2.6916 0.0927
2.7768 2.2756 2.6954 0.0850
2.7768 2.2756 2.6954 0.0850
2.7768 2.2756 2.6959 0.0851
2.7768 2.2756 2.6959 0.0851
2.7768 2.2756 2.6959 0.0851
2.7768 2.2756 2.6959 0.0851
2.7768 2.2756 2.6959 0.0851
2.7768 2.2756 2.6959 0.0851
2.7768 2.2756 2.6959 0.0851
2.7768 2.2756 2.6959 0.0851
2.7768 2.2756 2.6962 0.0852
2.7768 2.2756 2.6968 0.0853
2.7768 2.2756 2.6972 0.0856
2.7768 2.2756 2.6972 0.0856
2.7768 2.2756 2.6994 0.0829
2.7768 2.2756 2.6998 0.0830
2.7768 2.2756 2.7004 0.0831
2.7768 2.2756 2.7004 0.0831
2.7768 2.2756 2.7007 0.0831
2.7768 2.2756 2.7009 0.0831
2.7768 2.2756 2.7013 0.0832
2.7768 2.2756 2.7013 0.0832
2.7768 2.2756 2.7018 0.0832
2.7768 2.2756 2.7018 0.0832
2.7768 2.2756 2.7018 0.0832
2.7768 2.2756 2.7018 0.0832
2.7768 2.2756 2.7019 0.0832
2.7768 2.2756 2.7019 0.0832
2.7768 2.2756 2.7019 0.0832
2.7768 2.2756 2.7022 0.0834
2.7768 2.2756 2.7028 0.0834
2.7768 2.2756 2.7028 0.0834
2.7768 2.2756 2.7031 0.0835
2.7768 2.2756 2.7031 0.0835
2.7768 2.2756 2.7031 0.0835
2.7768 2.2756 2.7031 0.0835
2.7768 2.2756 2.7031 0.0835
2.7768 2.2756 2.7031 0.0835
2.7768 2.2756 2.7031 0.0835
2.7768 2.2756 2.7034 0.0835
2.7768 2.2756 2.7034 0.0835
2.7768 2.2756 2.7034 0.0835
2.7768 2.2756 2.7034 0.0835
2.7768 2.2756 2.7034 0.0835
2.7768 2.2756 2.7034 0.0835
2.7768 2.2756 2.7038 0.0838
2.7768 2.2756 2.7038 0.0838
2.7768 2.2756 2.7043 0.0839
2.7768 2.2756 2.7043 0.0839
2.7768 2.2756 2.7064 0.0823
2.7768 2.2756 2.7064 0.0823
2.7768 2.2756 2.7064 0.0823
2.7768 2.2756 2.7064 0.0823
2.7768 2.2756 2.7064 0.0823
2.7768 2.2756 2.7064 0.0823
2.7768 2.2756 2.7064 0.0823
2.7768 2.2756 2.7065 0.0822
2.7768 2.2756 2.7066 0.0823
2.7768 2.2756 2.7066 0.0823
2.7768 2.2756 2.7066 0.0823
2.7768 2.2756 2.7066 0.0823
2.7768 2.2756 2.7066 0.0823
2.8032 2.2756 2.7069 0.0825
2.8032 2.2756 2.7069 0.0825
2.8032 2.2756 2.7069 0.0825
2.8032 2.2756 2.7074 0.0828
2.8032 2.2756 2.7074 0.0828
2.8032 2.2756 2.7074 0.0828
2.8032 2.2756 2.7075 0.0828
2.8032 2.2756 2.7075 0.0828
2.8032 2.2756 2.7075 0.0828
2.8032 2.2756 2.7075 0.0828
2.8032 2.2756 2.7075 0.0828
2.8032 2.2756 2.7079 0.0830
2.8032 2.2756 2.7080 0.0831
2.8032 2.2756 2.7082 0.0831
2.8032 2.2756 2.7091 0.0833
2.8032 2.2756 2.7093 0.0834
2.8032 2.2756 2.7097 0.0834
2.8032 2.2756 2.7097 0.0834
2.8032 2.2756 2.7097 0.0834
2.8032 2.2756 2.7097 0.0834
2.8032 2.2756 2.7100 0.0834
2.8032 2.2756 2.7100 0.0834
2.8032 2.2756 2.7100 0.0834
2.8032 2.2756 2.7100 0.0834
2.8032 2.2756 2.7100 0.0834
2.8032 2.2756 2.7100 0.0834
2.8032 2.2756 2.7100 0.0834
2.8032 2.2756 2.7103 0.0833
2.8032 2.2757 2.7103 0.0833
2.8032 2.2757 2.7104 0.0833
2.8032 2.2757 2.7104 0.0833
2.8032 2.2757 2.7104 0.0833
2.8032 2.2757 2.7109 0.0836
2.8032 2.2757 2.7112 0.0837
2.8032 2.2757 2.7114 0.0837
2.8032 2.2757 2.7140 0.0802
2.8032 2.2757 2.7148 0.0805
2.8032 2.2757 2.7150 0.0805
2.8032 2.2757 2.7150 0.0805
2.8032 2.2757 2.7155 0.0805
2.8032 2.2757 2.7155 0.0805
2.8032 2.2757 2.7155 0.0805
2.8032 2.2757 2.7155 0.0805
2.8032 2.2757 2.7155 0.0805
2.8032 2.2757 2.7160 0.0804
2.8032 2.2757 2.7160 0.0804
2.8032 2.2757 2.7167 0.0804
2.8032 2.2757 2.7167 0.0804
2.8032 2.2757 2.7168 0.0805
2.8032 2.2757 2.7169 0.0805
2.8032 2.2757 2.7169 0.0805
2.8032 2.2757 2.7173 0.0805
2.8032 2.2757 2.7173 0.0805
2.8032 2.2757 2.7173 0.0805
2.8032 2.2757 2.7219 0.0678
2.8032 2.2757 2.7219 0.0678
2.8032 2.2757 2.7219 0.0678
2.8032 2.2757 2.7222 0.0678
2.8032 2.2757 2.7224 0.0677
2.8032 2.2757 2.7224 0.0677
2.8032 2.2757 2.7225 0.0677
2.8032 2.2757 2.7231 0.0678
2.8032 2.2757 2.7236 0.0673
2.8032 2.2757 2.7236 0.0673
2.8032 2.2757 2.7242 0.0671
2.8032 2.2757 2.7244 0.0672
2.8032 2.2757 2.7244 0.0672
2.8032 2.2757 2.7244 0.0672
2.8032 2.2757 2.7244 0.0672
2.8032 2.2757 2.7244 0.0672
2.8032 2.2757 2.7244 0.0672
2.8032 2.2757 2.7244 0.0672
2.8032 2.2757 2.7246 0.0672
2.8189 2.2757 2.7254 0.0678
2.8189 2.2757 2.7254 0.0678
2.8189 2.2757 2.7258 0.0678
2.8189 2.2757 2.7258 0.0678
2.8189 2.2757 2.7261 0.0679
2.8189 2.2757 2.7274 0.0628
2.8189 2.2757 2.7274 0.0628
2.8189 2.2757 2.7275 0.0629
2.8189 2.2757 2.7275 0.0629
2.8189 2.2757 2.7275 0.0629
2.8189 2.2757 2.7275 0.0629
2.8189 2.2757 2.7275 0.0629
2.8189 2.2757 2.7278 0.0629
2.8189 2.2757 2.7278 0.0629
2.8189 2.4297 2.7294 0.0529
2.8189 2.4297 2.7294 0.0529
2.8189 2.4297 2.7294 0.0529
2.8189 2.4297 2.7296 0.0531
2.8189 2.4297 2.7299 0.0532
2.8189 2.4297 2.7299 0.0532
2.8189 2.4297 2.7299 0.0532
2.8189 2.4297 2.7302 0.0533
2.8189 2.4297 2.7302 0.0533
2.8189 2.4297 2.7303 0.0533
2.8189 2.4297 2.7304 0.0533
2.8189 2.4297 2.7304 0.0533
2.8189 2.4468 2.7335 0.0440
2.8189 2.4468 2.7336 0.0440
2.8189 2.4468 2.7336 0.0440
2.8189 2.4468 2.7338 0.0441
2.8189 2.4468 2.7344 0.0438
2.8189 2.4468 2.7344 0.0438
2.8189 2.4468 2.7344 0.0438
2.8189 2.4468 2.7344 0.0438
2.8189 2.4468 2.7344 0.0438
2.8189 2.4468 2.7348 0.0438
2.8189 2.4468 2.7355 0.0438
2.8189 2.4468 2.7360 0.0437
2.8189 2.4468 2.7362 0.0437
2.8189 2.4468 2.7362 0.0437
2.8189 2.4468 2.7362 0.0437
2.8189 2.4468 2.7364 0.0438
2.8189 2.4468 2.7364 0.0439
2.8189 2.4468 2.7371 0.0440
2.8189 2.4468 2.7371 0.0439
2.8189 2.4468 2.7373 0.0439
2.8189 2.4468 2.7374 0.0439
2.8189 2.4468 2.7374 0.0439
2.8189 2.4468 2.7378 0.0441
2.8189 2.4468 2.7380 0.0441
2.8189 2.4468 2.7382 0.0442
2.8189 2.4468 2.7386 0.0447
2.8189 2.4468 2.7386 0.0447
2.8189 2.4468 2.7386 0.0447
2.8189 2.4468 2.7386 0.0447
2.8189 2.4468 2.7386 0.0447
2.8189 2.4468 2.7386 0.0447
2.8189 2.4468 2.7386 0.0447
2.8189 2.4468 2.7387 0.0447
2.8189 2.4468 2.7387 0.0447
2.8189 2.4468 2.7387 0.0447
2.8189 2.4468 2.7404 0.0404
2.8189 2.4468 2.7404 0.0404
2.8189 2.4468 2.7404 0.0405
2.8189 2.4468 2.7404 0.0405
2.8189 2.4468 2.7404 0.0405
2.8189 2.4468 2.7404 0.0405
2.8189 2.4468 2.7404 0.0405
2.8189 2.4468 2.7404 0.0405
2.8189 2.4468 2.7412 0.0403
2.8189 2.4468 2.7412 0.0403
2.8189 2.4468 2.7416 0.0403
2.8189 2.4468 2.7416 0.0403
2.8189 2.4468 2.7416 0.0403
2.8189 2.4468 2.7416 0.0403
2.8189 2.4468 2.7418 0.0404
2.8189 2.4468 2.7418 0.0404
2.8189 2.4468 2.7423 0.0408
2.8189 2.4468 2.7425 0.0408
2.8189 2.4468 2.7425 0.0408
2.8189 2.4468 2.7429 0.0409
2.8189 2.4468 2.7429 0.0409
2.8189 2.4468 2.7429 0.0409
2.8189 2.4468 2.7429 0.0409
2.8189 2.4468 2.7429 0.0409
2.8189 2.4468 2.7433 0.0413
2.8189 2.4468 2.7433 0.0413
2.8189 2.4468 2.7433 0.0413
2.8189 2.4468 2.7435 0.0413
2.8189 2.4468 2.7436 0.0413
2.8189 2.4468 2.7436 0.0413
2.8189 2.4468 2.7438 0.0413
2.8189 2.4468 2.7438 0.0413
2.8189 2.4468 2.7438 0.0413
2.8189 2.4468 2.7438 0.0413
2.8189 2.4468 2.7438 0.0413
2.8189 2.4468 2.7439 0.0414
2.8189 2.4468 2.7439 0.0414
2.8336 2.4468 2.7448 0.0426
2.8336 2.4468 2.7450 0.0426
2.8336 2.4468 2.7453 0.0425
2.8336 2.4468 2.7453 0.0425
2.8336 2.4468 2.7453 0.0425
2.8336 2.4468 2.7453 0.0425
2.8336 2.4468 2.7463 0.0415
2.8336 2.4468 2.7463 0.0416
2.8336 2.4468 2.7463 0.0416
2.8336 2.4468 2.7463 0.0416
2.8336 2.4468 2.7466 0.0416
2.8336 2.4468 2.7466 0.0416
2.8336 2.4468 2.7466 0.0416
2.8336 2.4468 2.7467 0.0416
2.8336 2.4468 2.7468 0.0416
2.8336 2.4468 2.7468 0.0416
2.8336 2.4468 2.7471 0.0415
2.8336 2.4468 2.7478 0.0424
2.8336 2.6888 2.7508 0.0296
2.8336 2.6888 2.7515 0.0296
2.8336 2.6888 2.7515 0.0296
2.8336 2.6888 2.7515 0.0295
2.8336 2.6888 2.7515 0.0295
2.8336 2.6888 2.7519 0.0300
2.8336 2.6888 2.7519 0.0300
2.8336 2.6888 2.7519 0.0300
2.8336 2.6888 2.7519 0.0300
2.8336 2.6888 2.7519 0.0300
2.8336 2.6888 2.7520 0.0299
2.8336 2.6888 2.7528 0.0298
2.8336 2.6888 2.7528 0.0298
2.8336 2.6888 2.7528 0.0298
2.8336 2.6888 2.7528 0.0298
2.8336 2.6888 2.7528 0.0298
2.8336 2.6888 2.7528 0.0298
2.8336 2.6888 2.7528 0.0298
2.8336 2.6888 2.7528 0.0298
2.8336 2.6888 2.7528 0.0298
2.8336 2.6888 2.7530 0.0294
2.8336 2.6888 2.7530 0.0294
2.8336 2.6888 2.7536 0.0296
2.8336 2.6888 2.7536 0.0296
2.8336 2.6888 2.7536 0.0296
2.8336 2.6888 2.7536 0.0296
2.8336 2.6888 2.7537 0.0293
2.8336 2.6888 2.7537 0.0293
2.8336 2.6888 2.7539 0.0293
2.8336 2.6888 2.7539 0.0293
2.8336 2.6888 2.7539 0.0293
2.8336 2.6888 2.7550 0.0301
2.8336 2.6888 2.7550 0.0301
2.8336 2.6888 2.7555 0.0305
2.8336 2.6888 2.7559 0.0301
2.8336 2.6888 2.7559 0.0301
2.8336 2.6888 2.7559 0.0301
2.8336 2.6888 2.7568 0.0302
2.8336 2.6888 2.7574 0.0305
2.8336 2.6888 2.7579 0.0306
2.8336 2.6888 2.7583 0.0307
2.8336 2.6888 2.7588 0.0302
2.8336 2.6888 2.7588 0.0302
2.8336 2.6888 2.7588 0.0302
2.8336 2.6888 2.7589 0.0304
2.8336 2.6888 2.7589 0.0304
2.8336 2.6888 2.7593 0.0305
2.8336 2.6888 2.7599 0.0303
2.8336 2.6915 2.7606 0.0294
2.8336 2.6915 2.7606 0.0294
2.8336 2.6915 2.7606 0.0294
2.8336 2.6915 2.7606 0.0294
2.8336 2.6915 2.7609 0.0291
2.8336 2.6915 2.7612 0.0288
2.8336 2.6915 2.7612 0.0288
2.8336 2.6915 2.7617 0.0284
2.8336 2.6915 2.7617 0.0284
2.8336 2.6915 2.7617 0.0284
2.8336 2.6915 2.7628 0.0285
2.8336 2.6915 2.7629 0.0282
2.8336 2.6915 2.7631 0.0283
2.8336 2.6915 2.7631 0.0283
2.8336 2.6915 2.7632 0.0282
2.8336 2.6915 2.7636 0.0285
2.8336 2.6915 2.7636 0.0285
2.8336 2.6915 2.7636 0.0285
2.8336 2.6915 2.7636 0.0285
2.8336 2.6915 2.7636 0.0285
2.8336 2.6915 2.7636 0.0285
2.8336 2.6915 2.7636 0.0285
2.8336 2.6915 2.7636 0.0285
2.8336 2.6915 2.7636 0.0285
2.8336 2.6915 2.7637 0.0284
2.8336 2.6915 2.7637 0.0284
2.8336 2.6915 2.7637 0.0285
2.8336 2.6915 2.7637 0.0285
2.8336 2.6915 2.7637 0.0285
2.8336 2.6915 2.7637 0.0285
2.8336 2.6915 2.7637 0.0285
2.8336 2.6915 2.7637 0.0285
2.8336 2.6915 2.7637 0.0285
2.8336 2.6915 2.7637 0.0285
2.8336 2.6915 2.7639 0.0283
2.8336 2.6944 2.7642 0.0278
2.8336 2.6944 2.7642 0.0278
2.8336 2.6944 2.7645 0.0278
2.8336 2.6944 2.7647 0.0278
2.8336 2.6944 2.7647 0.0278
2.8336 2.6944 2.7647 0.0278
2.8336 2.6944 2.7647 0.0278
2.8336 2.6944 2.7647 0.0278
2.8336 2.6944 2.7647 0.0278
2.8336 2.6944 2.7647 0.0278
2.8336 2.6944 2.7655 0.0280
2.8336 2.6944 2.7656 0.0280
2.8336 2.6944 2.7658 0.0280
2.8336 2.6944 2.7660 0.0280
2.8336 2.6944 2.7660 0.0280
2.8336 2.6944 2.7665 0.0288
2.8336 2.6944 2.7665 0.0288
2.8336 2.6944 2.7665 0.0288
2.8336 2.6944 2.7669 0.0286
2.8336 2.6944 2.7669 0.0286
2.8336 2.6944 2.7669 0.0286
2.8336 2.6944 2.7673 0.0291
2.8336 2.6944 2.7673 0.0291
2.8336 2.6944 2.7673 0.0291
2.8336 2.6944 2.7673 0.0291
2.8336 2.6944 2.7673 0.0291
2.8336 2.6944 2.7673 0.0291
2.8336 2.6944 2.7673 0.0291
2.8336 2.6944 2.7676 0.0290
2.8336 2.6944 2.7676 0.0290
2.8336 2.6944 2.7681 0.0291
2.8449 2.6944 2.7682 0.0294
2.8449 2.6944 2.7687 0.0297
2.8449 2.6944 2.7687 0.0297
2.8449 2.6944 2.7692 0.0297
2.8449 2.6944 2.7692 0.0297
2.8449 2.6944 2.7692 0.0297
2.8449 2.6944 2.7692 0.0297
2.8449 2.6944 2.7692 0.0297
2.8449 2.6944 2.7694 0.0297
2.8449 2.6944 2.7694 0.0297
2.8449 2.6944 2.7694 0.0297
2.8449 2.6944 2.7695 0.0297
2.8449 2.6944 2.7695 0.0297
2.8449 2.6944 2.7695 0.0298
2.8449 2.6944 2.7695 0.0298
2.8815 2.6944 2.7703 0.0316
2.8815 2.6944 2.7703 0.0316
2.8815 2.6944 2.7703 0.0316
2.8815 2.6944 2.7710 0.0319
2.8815 2.6944 2.7712 0.0319
2.8815 2.6944 2.7719 0.0325
2.8815 2.6944 2.7719 0.0325
2.8815 2.6944 2.7719 0.0325
2.8815 2.6944 2.7719 0.0325
2.8815 2.6944 2.7719 0.0325
2.8815 2.6944 2.7723 0.0325
2.8815 2.6944 2.7723 0.0325
2.8815 2.6944 2.7723 0.0325
2.8815 2.6944 2.7723 0.0325
2.8815 2.6944 2.7725 0.0324
2.8815 2.6944 2.7729 0.0327
2.8815 2.6944 2.7729 0.0327
2.8815 2.6944 2.7736 0.0332
2.8815 2.6944 2.7736 0.0332
2.8815 2.6944 2.7739 0.0335
2.8815 2.6944 2.7739 0.0335
2.8815 2.6944 2.7742 0.0334
2.8815 2.6944 2.7745 0.0334
2.8815 2.6944 2.7745 0.0334
2.8815 2.6944 2.7747 0.0334
2.8815 2.6944 2.7747 0.0333
2.8815 2.6944 2.7747 0.0333
2.8815 2.6944 2.7747 0.0333
2.8815 2.6944 2.7747 0.0333
2.8815 2.6944 2.7747 0.0333
2.8815 2.6944 2.7747 0.0333
2.8815 2.6944 2.7747 0.0333
2.8815 2.6944 2.7747 0.0333
2.8815 2.6944 2.7747 0.0333
2.8815 2.6944 2.7747 0.0333
2.8815 2.6944 2.7750 0.0331
2.8815 2.6944 2.7751 0.0331
2.8815 2.7084 2.7756 0.0323
2.8815 2.7084 2.7757 0.0321
2.8815 2.7084 2.7757 0.0321
2.8815 2.7084 2.7757 0.0321
2.8815 2.7084 2.7757 0.0321
2.8815 2.7084 2.7757 0.0321
2.8815 2.7084 2.7757 0.0321
2.8815 2.7084 2.7761 0.0323
2.8815 2.7084 2.7763 0.0320
2.8815 2.7084 2.7766 0.0316
2.8815 2.7084 2.7774 0.0318
2.8815 2.7084 2.7774 0.0318
2.8815 2.7084 2.7779 0.0320
2.8815 2.7084 2.7781 0.0319
2.8815 2.7084 2.7781 0.0319
2.8815 2.7084 2.7781 0.0319
2.8815 2.7084 2.7783 0.0324
2.8815 2.7084 2.7783 0.0324
2.8815 2.7084 2.7783 0.0324
2.8815 2.7084 2.7783 0.0325
2.8815 2.7084 2.7783 0.0325
2.8815 2.7084 2.7787 0.0323
2.8815 2.7084 2.7793 0.0326
2.8815 2.7084 2.7793 0.0326
2.8815 2.7084 2.7793 0.0326
2.8815 2.7084 2.7793 0.0326
2.8815 2.7084 2.7793 0.0326
2.8815 2.7084 2.7793 0.0326
2.8815 2.7084 2.7793 0.0326
2.8815 2.7084 2.7795 0.0328
2.8815 2.7084 2.7796 0.0327
2.8815 2.7084 2.7796 0.0327
2.8815 2.7084 2.7796 0.0327
2.8815 2.7084 2.7796 0.0327
2.8815 2.7084 2.7807 0.0350
2.8815 2.7084 2.7807 0.0350
2.8815 2.7084 2.7807 0.0350
2.8815 2.7084 2.7807 0.0350
2.8815 2.7084 2.7807 0.0350
2.8815 2.7084 2.7812 0.0350
2.8815 2.7084 2.7816 0.0348
2.8815 2.7084 2.7816 0.0347
2.8815 2.7084 2.7816 0.0347
2.8815 2.7084 2.7820 0.0345
2.8815 2.7084 2.7820 0.0344
2.8815 2.7084 2.7823 0.0342
2.8815 2.7084 2.7825 0.0341
2.8815 2.7084 2.7825 0.0341
2.8815 2.7084 2.7827 0.0340
2.8815 2.7084 2.7827 0.0340
2.8815 2.7084 2.7834 0.0339
2.8815 2.7084 2.7835 0.0340
2.8815 2.7084 2.7840 0.0340
2.8815 2.7084 2.7840 0.0340
2.8815 2.7084 2.7840 0.0340
2.8815 2.7084 2.7841 0.0341
2.8815 2.7084 2.7841 0.0341
2.8815 2.7084 2.7841 0.0341
2.8815 2.7084 2.7848 0.0342
2.8815 2.7084 2.7851 0.0344
2.8815 2.7084 2.7856 0.0344
2.8815 2.7084 2.7856 0.0344
2.8815 2.7084 2.7856 0.0344
2.8815 2.7084 2.7856 0.0344
2.8815 2.7084 2.7856 0.0344
2.8815 2.7084 2.7857 0.0345
2.8815 2.7084 2.7857 0.0345
2.8815 2.7084 2.7858 0.0345
2.8815 2.7084 2.7858 0.0346
2.8815 2.7084 2.7860 0.0346
2.8815 2.7084 2.7867 0.0352
2.8815 2.7084 2.7867 0.0352
2.8815 2.7084 2.7869 0.0352
2.8815 2.7084 2.7869 0.0352
2.8815 2.7084 2.7869 0.0352
2.8815 2.7084 2.7869 0.0352
2.8815 2.7084 2.7869 0.0352
2.8815 2.7084 2.7870 0.0354
2.8815 2.7084 2.7874 0.0352
2.8815 2.7084 2.7883 0.0354
2.8815 2.7166 2.7893 0.0345
2.8815 2.7166 2.7893 0.0344
2.8815 2.7166 2.7893 0.0344
2.8815 2.7166 2.7896 0.0346
2.8815 2.7166 2.7908 0.0355
2.8815 2.7166 2.7915 0.0357
2.8815 2.7166 2.7916 0.0357
2.8815 2.7166 2.7922 0.0365
2.8815 2.7166 2.7927 0.0362
2.8815 2.7166 2.7927 0.0362
2.8815 2.7166 2.7934 0.0372
2.8815 2.7166 2.7934 0.0372
2.8815 2.7166 2.7936 0.0370
2.8815 2.7166 2.7936 0.0370
2.8815 2.7166 2.7941 0.0369
2.8815 2.7166 2.7941 0.0369
2.8815 2.7166 2.7947 0.0366
2.8815 2.7166 2.7947 0.0366
2.8815 2.7166 2.7953 0.0369
2.8815 2.7166 2.7953 0.0369
2.8815 2.7166 2.7953 0.0369
2.8815 2.7166 2.7953 0.0369
2.8815 2.7166 2.7953 0.0369
2.8815 2.7166 2.7962 0.0377
2.8815 2.7166 2.7962 0.0377
2.8815 2.7166 2.7965 0.0378
2.8815 2.7166 2.7965 0.0378
2.8815 2.7166 2.7972 0.0384
2.8815 2.7166 2.7972 0.0384
2.8815 2.7166 2.7972 0.0384
2.8815 2.7166 2.7972 0.0384
2.8815 2.7166 2.7975 0.0386
2.8815 2.7166 2.7979 0.0388
2.8815 2.7166 2.7986 0.0396
2.8815 2.7166 2.7988 0.0398
2.8815 2.7166 2.7988 0.0398
2.8815 2.7166 2.7988 0.0398
2.8815 2.7166 2.7991 0.0397
2.8815 2.7166 2.7991 0.0397
2.8815 2.7166 2.7992 0.0398
2.8815 2.7166 2.8000 0.0397
2.8815 2.7166 2.8008 0.0394
2.8815 2.7166 2.8009 0.0395
2.8815 2.7166 2.8009 0.0394
2.8815 2.7166 2.8010 0.0395
2.8815 2.7166 2.8010 0.0395
2.8815 2.7166 2.8010 0.0395
2.8815 2.7166 2.8016 0.0391
2.8815 2.7166 2.8016 0.0391
2.8815 2.7166 2.8021 0.0390
2.8815 2.7166 2.8022 0.0390
2.8815 2.7166 2.8022 0.0391
2.8815 2.7166 2.8022 0.0391
2.8815 2.7166 2.8025 0.0390
2.8815 2.7166 2.8025 0.0390
2.8815 2.7166 2.8033 0.0386
2.8815 2.7166 2.8038 0.0393
2.8815 2.7166 2.8038 0.0393
2.8815 2.7166 2.8042 0.0391
2.8815 2.7166 2.8042 0.0391
2.8815 2.7166 2.8042 0.0391
2.8815 2.7166 2.8048 0.0399
2.8815 2.7166 2.8051 0.0400
2.8815 2.7166 2.8052 0.0400
2.8815 2.7166 2.8054 0.0400
2.8815 2.7166 2.8054 0.0400
2.8917 2.7166 2.8059 0.0408
2.8917 2.7166 2.8059 0.0408
2.8917 2.7166 2.8059 0.0408
2.8917 2.7166 2.8062 0.0406
2.8917 2.7166 2.8062 0.0406
2.8917 2.7166 2.8062 0.0406
2.8917 2.7166 2.8062 0.0406
2.8917 2.7166 2.8064 0.0406
2.8917 2.7166 2.8067 0.0408
2.8917 2.7166 2.8069 0.0407
2.8917 2.7166 2.8069 0.0407
2.8917 2.7166 2.8069 0.0407
2.8917 2.7166 2.8069 0.0407
2.8917 2.7166 2.8069 0.0407
2.8917 2.7166 2.8069 0.0407
2.8917 2.7166 2.8070 0.0408
2.8917 2.7166 2.8075 0.0406
2.8917 2.7166 2.8076 0.0407
2.8917 2.7166 2.8078 0.0407
2.8917 2.7166 2.8082 0.0412
2.8917 2.7166 2.8082 0.0412
2.8917 2.7166 2.8082 0.0412
2.8917 2.7166 2.8083 0.0412
2.8917 2.7166 2.8083 0.0412
2.8917 2.7166 2.8083 0.0412
2.8917 2.7166 2.8083 0.0412
2.8917 2.7166 2.8083 0.0412
2.8917 2.7166 2.8083 0.0412
2.8917 2.7166 2.8088 0.0413
2.8917 2.7166 2.8088 0.0413
2.8917 2.7166 2.8088 0.0413
2.8917 2.7166 2.8089 0.0413
2.8917 2.7166 2.8096 0.0405
2.8917 2.7166 2.8097 0.0406
2.8917 2.7166 2.8097 0.0406
2.8917 2.7166 2.8098 0.0407
2.8917 2.7166 2.8098 0.0407
2.8917 2.7166 2.8103 0.0402
2.8917 2.7166 2.8103 0.0402
2.8917 2.7166 2.8103 0.0402
2.8917 2.7166 2.8103 0.0402
2.8917 2.7166 2.8108 0.0400
2.8917 2.7166 2.8108 0.0400
2.8917 2.7166 2.8108 0.0400
2.8917 2.7166 2.8108 0.0400
2.8917 2.7166 2.8108 0.0400
2.8917 2.7166 2.8108 0.0400
2.8917 2.7166 2.8118 0.0395
2.8917 2.7166 2.8118 0.0396
2.8917 2.7166 2.8118 0.0396
2.8917 2.7166 2.8118 0.0396
2.8917 2.7166 2.8126 0.0394
2.8917 2.7166 2.8126 0.0394
2.8917 2.7166 2.8128 0.0395
2.8917 2.7166 2.8140 0.0397
2.8917 2.7166 2.8140 0.0397
2.8917 2.7166 2.8141 0.0397
2.8917 2.7166 2.8141 0.0397
2.8917 2.7166 2.8143 0.0399
2.8917 2.7166 2.8143 0.0399
2.8917 2.7166 2.8150 0.0396
2.8917 2.7166 2.8156 0.0396
2.8917 2.7166 2.8161 0.0395
2.8917 2.7166 2.8163 0.0392
2.8917 2.7166 2.8170 0.0386
2.8917 2.7166 2.8170 0.0386
2.8917 2.7166 2.8178 0.0380
2.8917 2.7166 2.8178 0.0380
2.8917 2.7166 2.8182 0.0380
2.8917 2.7166 2.8182 0.0380
2.8917 2.7166 2.8183 0.0381
2.8917 2.7166 2.8183 0.0381
2.8917 2.7166 2.8183 0.0381
2.8917 2.7166 2.8183 0.0381
2.8917 2.7166 2.8183 0.0381
2.8917 2.7166 2.8183 0.0381
2.8917 2.7166 2.8186 0.0380
2.8917 2.7166 2.8195 0.0386
2.8917 2.7166 2.8200 0.0379
2.8917 2.7166 2.8216 0.0378
2.8917 2.7166 2.8223 0.0385
2.8917 2.7166 2.8223 0.0385
2.8917 2.7166 2.8223 0.0385
2.8917 2.7448 2.8233 0.0370
2.8917 2.7448 2.8233 0.0370
2.8917 2.7448 2.8238 0.0368
2.8917 2.7448 2.8238 0.0368
2.8917 2.7448 2.8238 0.0368
2.8917 2.7448 2.8242 0.0367
2.8917 2.7448 2.8245 0.0367
2.8917 2.7448 2.8245 0.0367
2.8917 2.7448 2.8246 0.0367
2.8917 2.7448 2.8246 0.0367
2.8917 2.7448 2.8246 0.0367
2.8917 2.7448 2.8252 0.0363
2.8917 2.7448 2.8252 0.0363
2.8917 2.7448 2.8261 0.0366
2.8917 2.7448 2.8270 0.0365
2.8917 2.7448 2.8270 0.0365
2.8917 2.7448 2.8270 0.0365
2.8917 2.7448 2.8274 0.0368
2.8917 2.7448 2.8275 0.0368
2.8917 2.7448 2.8279 0.0370
2.8917 2.7448 2.8279 0.0370
2.8917 2.7448 2.8280 0.0370
2.8917 2.7448 2.8280 0.0370
2.8917 2.7448 2.8280 0.0370
2.8917 2.7448 2.8280 0.0370
2.8917 2.7448 2.8281 0.0370
2.8917 2.7448 2.8281 0.0370
2.8917 2.7448 2.8281 0.0370
2.8917 2.7448 2.8282 0.0371
2.8917 2.7448 2.8282 0.0371
2.8917 2.7448 2.8287 0.0376
2.8917 2.7448 2.8293 0.0373
2.8917 2.7448 2.8298 0.0376
2.8917 2.7448 2.8302 0.0375
2.8986 2.7448 2.8308 0.0381
2.8986 2.7448 2.8308 0.0381
2.8986 2.7448 2.8310 0.0380
2.8986 2.7448 2.8310 0.0380
2.8986 2.7448 2.8310 0.0380
2.8986 2.7448 2.8310 0.0380
2.8986 2.7448 2.8311 0.0380
2.8986 2.7448 2.8311 0.0380
2.8986 2.7448 2.8311 0.0380
2.8986 2.7448 2.8319 0.0379
2.8986 2.7448 2.8319 0.0379
2.8986 2.7448 2.8325 0.0379
2.8986 2.7448 2.8326 0.0380
2.8986 2.7448 2.8326 0.0380
2.8986 2.7448 2.8337 0.0377
2.8986 2.7469 2.8339 0.0373
2.8986 2.7469 2.8343 0.0375
2.8986 2.7469 2.8343 0.0375
2.8986 2.7469 2.8347 0.0378
2.8986 2.7469 2.8349 0.0378
2.8986 2.7469 2.8353 0.0372
2.8986 2.7469 2.8356 0.0371
2.8986 2.7469 2.8360 0.0371
2.8986 2.7469 2.8360 0.0371
2.8986 2.7469 2.8367 0.0368
2.8986 2.7469 2.8367 0.0368
2.8986 2.7469 2.8368 0.0367
2.8986 2.7469 2.8368 0.0367
2.8986 2.7469 2.8368 0.0367
2.8986 2.7469 2.8368 0.0367
2.8986 2.7469 2.8368 0.0367
2.8986 2.7469 2.8374 0.0366
2.8986 2.7469 2.8376 0.0367
2.8986 2.7469 2.8376 0.0367
2.8986 2.7469 2.8388 0.0365
2.8986 2.7469 2.8397 0.0368
2.8986 2.7469 2.8402 0.0371
2.8986 2.7469 2.8402 0.0371
2.8986 2.7469 2.8402 0.0371
2.8986 2.7469 2.8402 0.0371
2.8986 2.7469 2.8402 0.0371
2.8986 2.7507 2.8403 0.0370
2.8986 2.7507 2.8403 0.0370
2.8986 2.7507 2.8403 0.0370
2.8986 2.7507 2.8405 0.0372
2.8986 2.7507 2.8411 0.0371
2.8986 2.7507 2.8411 0.0371
2.8986 2.7507 2.8411 0.0371
2.8986 2.7507 2.8417 0.0372
2.8986 2.7507 2.8418 0.0371
2.8986 2.7507 2.8427 0.0373
2.8986 2.7507 2.8427 0.0373
2.8986 2.7507 2.8427 0.0373
2.8986 2.7507 2.8437 0.0371
2.8986 2.7507 2.8437 0.0371
2.8986 2.7507 2.8444 0.0362
2.8986 2.7507 2.8444 0.0362
2.8986 2.7507 2.8444 0.0362
2.8986 2.7507 2.8444 0.0362
2.8986 2.7507 2.8444 0.0362
2.8986 2.7507 2.8449 0.0363
2.8986 2.7507 2.8450 0.0364
2.8986 2.7507 2.8450 0.0364
2.8986 2.7507 2.8450 0.0364
2.8986 2.7507 2.8451 0.0363
2.8986 2.7507 2.8451 0.0363
2.8986 2.7507 2.8451 0.0363
2.8986 2.7507 2.8457 0.0364
2.8986 2.7507 2.8457 0.0364
2.8986 2.7507 2.8459 0.0365
2.8986 2.7507 2.8459 0.0365
2.8986 2.7507 2.8459 0.0365
2.8986 2.7507 2.8459 0.0365
2.8986 2.7507 2.8466 0.0360
2.8986 2.7507 2.8469 0.0359
2.8986 2.7507 2.8469 0.0359
2.8986 2.7507 2.8469 0.0359
2.8986 2.7507 2.8469 0.0359
2.8986 2.7507 2.8470 0.0360
2.8986 2.7507 2.8482 0.0352
2.8986 2.7605 2.8484 0.0347
2.8986 2.7605 2.8484 0.0347
2.8986 2.7605 2.8489 0.0345
2.8986 2.7605 2.8489 0.0345
2.8986 2.7605 2.8490 0.0345
2.8986 2.7605 2.8498 0.0346
2.8986 2.7605 2.8498 0.0346
2.8986 2.7605 2.8498 0.0346
2.9059 2.7605 2.8505 0.0345
2.9059 2.7605 2.8505 0.0345
2.9059 2.7605 2.8505 0.0345
2.9059 2.7605 2.8505 0.0345
2.9059 2.7605 2.8507 0.0345
2.9059 2.7605 2.8510 0.0349
2.9059 2.7605 2.8510 0.0349
2.9059 2.7605 2.8511 0.0348
2.9059 2.7605 2.8511 0.0348
2.9059 2.7605 2.8518 0.0343
2.9059 2.7605 2.8525 0.0346
2.9059 2.7605 2.8525 0.0346
2.9059 2.7605 2.8525 0.0346
2.9059 2.7605 2.8525 0.0346
2.9059 2.7605 2.8527 0.0346
2.9059 2.7605 2.8527 0.0346
2.9059 2.7605 2.8527 0.0346
2.9059 2.7605 2.8527 0.0346
2.9059 2.7605 2.8533 0.0345
2.9059 2.7605 2.8544 0.0344
2.9059 2.7605 2.8544 0.0344
2.9059 2.7605 2.8544 0.0344
2.9059 2.7605 2.8548 0.0347
2.9059 2.7605 2.8556 0.0345
2.9059 2.7605 2.8565 0.0333
2.9059 2.7605 2.8571 0.0331
2.9059 2.7605 2.8571 0.0331
2.9059 2.7605 2.8581 0.0320
2.9059 2.7605 2.8581 0.0320
2.9059 2.7605 2.8581 0.0320
2.9059 2.7605 2.8585 0.0323
2.9059 2.7605 2.8585 0.0323
2.9059 2.7605 2.8587 0.0324
2.9059 2.7605 2.8587 0.0324
2.9059 2.7605 2.8587 0.0325
2.9059 2.7605 2.8588 0.0325
2.9059 2.7605 2.8588 0.0325
2.9059 2.7605 2.8594 0.0327
2.9059 2.7605 2.8595 0.0327
2.9059 2.7605 2.8595 0.0327
2.9059 2.7605 2.8599 0.0326
2.9059 2.7605 2.8599 0.0327
2.9059 2.7605 2.8600 0.0326
2.9059 2.7605 2.8600 0.0326
2.9059 2.7605 2.8600 0.0326
2.9059 2.7605 2.8601 0.0325
2.9059 2.7643 2.8614 0.0311
2.9059 2.7643 2.8614 0.0311
2.9059 2.7643 2.8614 0.0311
2.9059 2.7643 2.8614 0.0311
2.9059 2.7643 2.8619 0.0313
2.9059 2.7643 2.8619 0.0313
2.9059 2.7643 2.8620 0.0314
2.9059 2.7643 2.8620 0.0314
2.9059 2.7643 2.8624 0.0310
2.9059 2.7643 2.8624 0.0310
2.9059 2.7643 2.8625 0.0311
2.9059 2.7643 2.8630 0.0310
2.9059 2.7643 2.8635 0.0312
2.9059 2.7643 2.8636 0.0312
2.9059 2.7643 2.8636 0.0312
2.9059 2.7643 2.8636 0.0312
2.9059 2.7643 2.8639 0.0308
2.9059 2.7643 2.8642 0.0307
2.9059 2.7643 2.8642 0.0307
2.9059 2.7643 2.8642 0.0307
2.9059 2.7643 2.8642 0.0307
2.9059 2.7643 2.8642 0.0307
2.9059 2.7643 2.8651 0.0306
2.9059 2.7643 2.8652 0.0307
2.9059 2.7643 2.8663 0.0292
2.9059 2.7643 2.8663 0.0291
2.9059 2.7643 2.8663 0.0291
2.9059 2.7643 2.8664 0.0291
2.9059 2.7643 2.8664 0.0291
2.9059 2.7643 2.8665 0.0291
2.9059 2.7643 2.8676 0.0275
2.9059 2.7643 2.8676 0.0275
2.9059 2.7643 2.8676 0.0275
2.9059 2.7643 2.8676 0.0275
2.9059 2.7643 2.8678 0.0277
2.9059 2.7643 2.8678 0.0277
2.9059 2.7643 2.8678 0.0277
2.9059 2.7643 2.8679 0.0276
2.9059 2.7643 2.8679 0.0276
2.9059 2.7643 2.8679 0.0276
2.9059 2.7643 2.8679 0.0276
2.9059 2.7643 2.8679 0.0276
2.9059 2.7643 2.8682 0.0276
2.9059 2.7643 2.8682 0.0276
2.9059 2.7643 2.8684 0.0276
2.9059 2.7643 2.8685 0.0276
2.9059 2.7643 2.8697 0.0262
2.9059 2.7643 2.8697 0.0262
2.9059 2.7643 2.8698 0.0262
2.9059 2.7643 2.8699 0.0261
2.9059 2.7643 2.8703 0.0259
2.9059 2.7643 2.8703 0.0259
2.9059 2.7643 2.8704 0.0259
2.9059 2.7643 2.8705 0.0258
2.9084 2.7643 2.8710 0.0261
2.9084 2.7643 2.8717 0.0260
2.9084 2.7643 2.8717 0.0260
2.9084 2.7643 2.8719 0.0261
2.9084 2.7643 2.8719 0.0261
2.9084 2.7643 2.8720 0.0262
2.9084 2.7643 2.8720 0.0262
2.9231 2.7643 2.8722 0.0265
2.9231 2.7643 2.8726 0.0264
2.9231 2.7643 2.8726 0.0264
2.9231 2.7643 2.8730 0.0263
2.9231 2.7643 2.8735 0.0262
2.9231 2.7643 2.8739 0.0263
2.9231 2.7643 2.8744 0.0262
2.9231 2.7643 2.8745 0.0262
2.9231 2.7643 2.8748 0.0264
2.9231 2.7643 2.8752 0.0266
2.9231 2.8011 2.8759 0.0244
2.9231 2.8011 2.8759 0.0244
2.9231 2.8011 2.8766 0.0238
2.9231 2.8011 2.8768 0.0239
2.9231 2.8011 2.8768 0.0239
2.9231 2.8011 2.8768 0.0239
2.9231 2.8011 2.8768 0.0239
2.9231 2.8011 2.8769 0.0239
2.9231 2.8011 2.8769 0.0239
2.9231 2.8011 2.8769 0.0239
2.9231 2.8011 2.8769 0.0239
2.9231 2.8011 2.8773 0.0236
2.9231 2.8011 2.8775 0.0238
2.9231 2.8011 2.8775 0.0238
2.9231 2.8011 2.8775 0.0238
2.9231 2.8011 2.8775 0.0238
2.9231 2.8011 2.8775 0.0238
2.9231 2.8011 2.8776 0.0237
2.9231 2.8011 2.8778 0.0235
2.9231 2.8011 2.8783 0.0228
2.9231 2.8011 2.8786 0.0226
2.9231 2.8011 2.8786 0.0226
2.9231 2.8011 2.8786 0.0226
2.9231 2.8011 2.8786 0.0226
2.9231 2.8011 2.8790 0.0224
2.9231 2.8011 2.8790 0.0224
2.9231 2.8011 2.8791 0.0223
2.9231 2.8011 2.8791 0.0223
2.9231 2.8011 2.8793 0.0224
2.9231 2.8011 2.8793 0.0224
2.9231 2.8011 2.8796 0.0225
2.9231 2.8011 2.8798 0.0223
2.9231 2.8011 2.8798 0.0223
2.9231 2.8011 2.8798 0.0223
2.9231 2.8011 2.8799 0.0221
2.9231 2.8011 2.8802 0.0223
2.9231 2.8011 2.8803 0.0219
2.9231 2.8011 2.8803 0.0219
2.9231 2.8011 2.8803 0.0219
2.9231 2.8011 2.8806 0.0216
2.9231 2.8011 2.8807 0.0216
2.9231 2.8011 2.8807 0.0216
2.9231 2.8011 2.8807 0.0216
2.9231 2.8011 2.8807 0.0216
2.9249 2.8011 2.8808 0.0219
2.9249 2.8011 2.8808 0.0219
2.9249 2.8011 2.8808 0.0219
2.9249 2.8011 2.8809 0.0219
2.9249 2.8011 2.8809 0.0219
2.9249 2.8011 2.8810 0.0220
2.9249 2.8011 2.8810 0.0220
2.9249 2.8011 2.8810 0.0220
2.9249 2.8011 2.8811 0.0220
2.9249 2.8011 2.8811 0.0220
2.9249 2.8011 2.8815 0.0221
2.9249 2.8011 2.8815 0.0221
2.9249 2.8011 2.8815 0.0221
2.9249 2.8011 2.8816 0.0222
2.9249 2.8011 2.8816 0.0222
2.9249 2.8011 2.8816 0.0223
2.9249 2.8011 2.8818 0.0224
2.9249 2.8011 2.8818 0.0224
2.9249 2.8011 2.8821 0.0226
2.9249 2.8011 2.8821 0.0226
2.9249 2.8011 2.8821 0.0226
2.9249 2.8011 2.8823 0.0227
2.9249 2.8011 2.8823 0.0227
2.9249 2.8011 2.8827 0.0227
2.9249 2.8011 2.8827 0.0227
2.9249 2.8011 2.8827 0.0227
2.9249 2.8011 2.8828 0.0227
2.9249 2.8011 2.8830 0.0228
2.9249 2.8011 2.8833 0.0228
2.9249 2.8011 2.8833 0.0228
2.9249 2.8011 2.8833 0.0228
2.9249 2.8011 2.8839 0.0224
2.9249 2.8011 2.8839 0.0224
2.9249 2.8011 2.8839 0.0224
2.9249 2.8011 2.8841 0.0222
2.9249 2.8011 2.8841 0.0222
2.9249 2.8011 2.8842 0.0223
2.9249 2.8011 2.8843 0.0220
2.9249 2.8011 2.8843 0.0220
2.9249 2.8011 2.8844 0.0220
2.9249 2.8011 2.8844 0.0220
2.9249 2.8011 2.8844 0.0220
2.9249 2.8011 2.8844 0.0220
2.9249 2.8011 2.8845 0.0220
2.9249 2.8011 2.8845 0.0220
2.9249 2.8011 2.8849 0.0211
2.9408 2.8011 2.8857 0.0223
2.9408 2.8011 2.8857 0.0223
2.9408 2.8011 2.8857 0.0223
2.9408 2.8011 2.8858 0.0223
2.9408 2.8011 2.8866 0.0228
2.9408 2.8011 2.8870 0.0223
2.9408 2.8011 2.8870 0.0223
2.9408 2.8011 2.8871 0.0223
2.9408 2.8011 2.8873 0.0225
2.9408 2.8011 2.8873 0.0225
2.9408 2.8011 2.8876 0.0231
2.9408 2.8011 2.8876 0.0231
2.9408 2.8011 2.8885 0.0219
2.9408 2.8011 2.8885 0.0219
2.9408 2.8011 2.8885 0.0219
2.9408 2.8011 2.8885 0.0219
2.9408 2.8011 2.8885 0.0219
2.9408 2.8011 2.8885 0.0219
2.9408 2.8011 2.8886 0.0219
2.9408 2.8011 2.8886 0.0219
2.9408 2.8011 2.8886 0.0219
2.9408 2.8011 2.8886 0.0219
2.9408 2.8011 2.8886 0.0219
2.9408 2.8011 2.8887 0.0219
2.9408 2.8011 2.8888 0.0220
2.9408 2.8011 2.8888 0.0220
2.9408 2.8011 2.8888 0.0220
2.9408 2.8011 2.8889 0.0219
2.9408 2.8011 2.8889 0.0219
2.9408 2.8011 2.8889 0.0219
2.9408 2.8011 2.8894 0.0214
2.9408 2.8011 2.8895 0.0214
2.9408 2.8011 2.8896 0.0214
2.9408 2.8011 2.8896 0.0214
2.9408 2.8011 2.8897 0.0213
2.9408 2.8011 2.8899 0.0214
2.9408 2.8011 2.8899 0.0214
2.9408 2.8011 2.8899 0.0214
2.9408 2.8011 2.8901 0.0213
2.9408 2.8011 2.8901 0.0213
2.9408 2.8011 2.8901 0.0213
2.9408 2.8011 2.8904 0.0210
2.9408 2.8011 2.8904 0.0210
2.9408 2.8011 2.8905 0.0211
2.9408 2.8011 2.8905 0.0211
2.9408 2.8011 2.8907 0.0212
2.9408 2.8011 2.8910 0.0212
2.9408 2.8011 2.8913 0.0212
2.9408 2.8011 2.8919 0.0219
2.9408 2.8011 2.8919 0.0219
2.9408 2.8011 2.8919 0.0219
2.9408 2.8011 2.8921 0.0220
2.9408 2.8011 2.8924 0.0220
2.9408 2.8011 2.8924 0.0220
2.9408 2.8011 2.8927 0.0219
2.9408 2.8011 2.8927 0.0219
2.9408 2.8011 2.8927 0.0219
2.9408 2.8011 2.8928 0.0218
2.9408 2.8011 2.8928 0.0218
2.9408 2.8011 2.8928 0.0218
2.9408 2.8011 2.8929 0.0219
2.9408 2.8011 2.8929 0.0219
2.9408 2.8435 2.8940 0.0199
2.9418 2.8435 2.8940 0.0199
2.9418 2.8435 2.8944 0.0198
2.9418 2.8435 2.8947 0.0199
2.9418 2.8435 2.8947 0.0199
2.9418 2.8435 2.8952 0.0192
2.9418 2.8435 2.8953 0.0192
2.9418 2.8435 2.8953 0.0192
2.9418 2.8435 2.8956 0.0191
2.9418 2.8435 2.8957 0.0191
2.9418 2.8435 2.8957 0.0191
2.9418 2.8435 2.8957 0.0191
2.9418 2.8435 2.8958 0.0191
2.9418 2.8435 2.8961 0.0191
2.9418 2.8435 2.8961 0.0191
2.9418 2.8435 2.8961 0.0191
2.9418 2.8435 2.8961 0.0191
2.9418 2.8435 2.8964 0.0189
2.9418 2.8435 2.8969 0.0190
2.9418 2.8435 2.8969 0.0190
2.9418 2.8435 2.8969 0.0190
2.9418 2.8435 2.8969 0.0190
2.9418 2.8435 2.8973 0.0188
2.9418 2.8435 2.8973 0.0188
2.9418 2.8435 2.8973 0.0188
2.9418 2.8435 2.8976 0.0191
2.9418 2.8435 2.8980 0.0193
2.9418 2.8435 2.8980 0.0193
2.9418 2.8435 2.8980 0.0193
2.9418 2.8435 2.8980 0.0193
2.9418 2.8435 2.8984 0.0194
2.9418 2.8435 2.8984 0.0194
2.9418 2.8435 2.8988 0.0198
2.9418 2.8435 2.8988 0.0198
2.9418 2.8435 2.8988 0.0198
2.9418 2.8435 2.8988 0.0198
2.9418 2.8435 2.8993 0.0199
2.9418 2.8478 2.8993 0.0198
2.9418 2.8478 2.8996 0.0197
2.9418 2.8478 2.8996 0.0197
2.9418 2.8478 2.8996 0.0197
2.9418 2.8478 2.8998 0.0199
2.9418 2.8478 2.8998 0.0199
2.9418 2.8478 2.9001 0.0196
2.9418 2.8478 2.9005 0.0192
2.9418 2.8478 2.9005 0.0192
2.9418 2.8478 2.9005 0.0192
2.9418 2.8478 2.9005 0.0192
2.9418 2.8478 2.9008 0.0189
2.9418 2.8478 2.9008 0.0189
2.9418 2.8478 2.9010 0.0189
2.9418 2.8478 2.9010 0.0189
2.9418 2.8478 2.9010 0.0190
2.9418 2.8478 2.9012 0.0189
2.9418 2.8478 2.9012 0.0189
2.9418 2.8478 2.9012 0.0189
2.9418 2.8478 2.9015 0.0188
2.9418 2.8478 2.9015 0.0188
2.9418 2.8478 2.9015 0.0188
2.9418 2.8478 2.9015 0.0188
2.9418 2.8478 2.9015 0.0188
2.9418 2.8478 2.9015 0.0188
2.9418 2.8478 2.9015 0.0188
2.9418 2.8478 2.9015 0.0188
2.9418 2.8478 2.9016 0.0187
2.9418 2.8478 2.9016 0.0187
2.9418 2.8478 2.9016 0.0187
2.9418 2.8478 2.9017 0.0186
2.9418 2.8478 2.9017 0.0186
2.9418 2.8478 2.9018 0.0188
2.9418 2.8478 2.9018 0.0188
2.9418 2.8478 2.9018 0.0188
2.9418 2.8478 2.9025 0.0191
2.9418 2.8478 2.9028 0.0192
2.9418 2.8478 2.9028 0.0192
2.9418 2.8478 2.9028 0.0192
2.9418 2.8478 2.9028 0.0192
2.9418 2.8478 2.9028 0.0192
2.9418 2.8478 2.9028 0.0192
2.9418 2.8478 2.9028 0.0192
2.9418 2.8478 2.9028 0.0192
2.9418 2.8478 2.9030 0.0191
2.9418 2.8478 2.9032 0.0192
2.9418 2.8478 2.9032 0.0192
2.9418 2.8478 2.9032 0.0192
2.9418 2.8478 2.9033 0.0193
2.9418 2.8478 2.9033 0.0193
2.9418 2.8478 2.9033 0.0193
2.9418 2.8478 2.9033 0.0193
2.9418 2.8478 2.9033 0.0193
2.9418 2.8478 2.9033 0.0193
2.9418 2.8478 2.9033 0.0193
2.9418 2.8478 2.9033 0.0193
2.9418 2.8478 2.9033 0.0193
2.9418 2.8478 2.9035 0.0193
2.9418 2.8478 2.9035 0.0193
2.9418 2.8478 2.9036 0.0190
2.9418 2.8478 2.9042 0.0188
2.9418 2.8478 2.9042 0.0188
2.9418 2.8478 2.9042 0.0188
2.9418 2.8478 2.9043 0.0188
2.9418 2.8478 2.9043 0.0188
2.9418 2.8478 2.9043 0.0188
2.9418 2.8478 2.9043 0.0188
2.9418 2.8478 2.9043 0.0188
2.9418 2.8478 2.9046 0.0185
2.9418 2.8478 2.9046 0.0185
2.9418 2.8478 2.9046 0.0185
2.9418 2.8478 2.9048 0.0188
2.9418 2.8478 2.9048 0.0188
2.9418 2.8478 2.9048 0.0188
2.9418 2.8478 2.9050 0.0189
2.9418 2.8478 2.9054 0.0187
2.9418 2.8478 2.9056 0.0186
2.9418 2.8478 2.9056 0.0186
2.9418 2.8478 2.9056 0.0186
2.9418 2.8604 2.9061 0.0177
2.9418 2.8604 2.9061 0.0177
2.9418 2.8604 2.9063 0.0175
2.9418 2.8604 2.9063 0.0175
2.9418 2.8604 2.9063 0.0175
2.9418 2.8604 2.9063 0.0175
2.9418 2.8604 2.9063 0.0175
2.9418 2.8604 2.9063 0.0175
2.9418 2.8604 2.9063 0.0175
2.9418 2.8604 2.9066 0.0176
2.9418 2.8604 2.9066 0.0176
2.9418 2.8604 2.9066 0.0175
2.9418 2.8604 2.9069 0.0173
2.9418 2.8604 2.9069 0.0173
2.9418 2.8604 2.9071 0.0173
2.9418 2.8604 2.9071 0.0173
2.9418 2.8604 2.9073 0.0175
2.9418 2.8604 2.9073 0.0175
2.9418 2.8604 2.9073 0.0175
2.9418 2.8604 2.9077 0.0178
2.9418 2.8604 2.9077 0.0178
2.9418 2.8604 2.9079 0.0179
2.9418 2.8604 2.9079 0.0179
2.9418 2.8604 2.9081 0.0177
2.9418 2.8604 2.9088 0.0176
2.9418 2.8604 2.9088 0.0176
2.9418 2.8604 2.9093 0.0169
2.9418 2.8604 2.9093 0.0169
2.9418 2.8604 2.9094 0.0169
2.9418 2.8604 2.9094 0.0169
2.9418 2.8604 2.9094 0.0169
2.9418 2.8604 2.9097 0.0169
2.9418 2.8708 2.9104 0.0163
2.9418 2.8708 2.9106 0.0162
2.9418 2.8708 2.9106 0.0162
2.9418 2.8708 2.9106 0.0162
2.9418 2.8708 2.9107 0.0162
2.9418 2.8708 2.9108 0.0161
2.9418 2.8708 2.9108 0.0161
2.9418 2.8708 2.9108 0.0161
2.9418 2.8708 2.9108 0.0161
2.9418 2.8708 2.9111 0.0163
2.9418 2.8708 2.9113 0.0166
2.9418 2.8708 2.9113 0.0166
2.9418 2.8708 2.9113 0.0166
2.9418 2.8708 2.9113 0.0166
2.9418 2.8708 2.9115 0.0168
2.9418 2.8708 2.9115 0.0168
2.9418 2.8708 2.9115 0.0168
2.9418 2.8708 2.9115 0.0168
2.9418 2.8708 2.9115 0.0168
2.9418 2.8708 2.9115 0.0168
2.9418 2.8708 2.9115 0.0168
2.9418 2.8708 2.9115 0.0168
2.9418 2.8708 2.9115 0.0168
2.9418 2.8708 2.9115 0.0168
2.9418 2.8708 2.9116 0.0168
2.9418 2.8708 2.9117 0.0167
2.9418 2.8708 2.9119 0.0167
2.9418 2.8708 2.9119 0.0167
2.9418 2.8708 2.9119 0.0167
2.9418 2.8708 2.9121 0.0165
2.9418 2.8708 2.9124 0.0167
2.9418 2.8708 2.9124 0.0167
2.9418 2.8708 2.9124 0.0167
2.9418 2.8708 2.9124 0.0167
2.9568 2.8708 2.9129 0.0173
2.9568 2.8708 2.9129 0.0173
2.9568 2.8708 2.9133 0.0175
2.9568 2.8708 2.9133 0.0175
2.9568 2.8708 2.9133 0.0175
2.9568 2.8708 2.9133 0.0175
2.9568 2.8708 2.9133 0.0175
2.9568 2.8708 2.9133 0.0175
2.9568 2.8708 2.9136 0.0172
2.9568 2.8708 2.9136 0.0172
2.9568 2.8708 2.9136 0.0172
2.9568 2.8708 2.9139 0.0169
2.9568 2.8708 2.9141 0.0170
2.9568 2.8708 2.9141 0.0170
2.9568 2.8708 2.9141 0.0170
2.9568 2.8708 2.9141 0.0170
2.9568 2.8708 2.9141 0.0169
2.9568 2.8708 2.9141 0.0169
2.9568 2.8708 2.9141 0.0169
2.9568 2.8708 2.9141 0.0169
2.9568 2.8708 2.9143 0.0169
2.9568 2.8708 2.9143 0.0169
2.9568 2.8708 2.9143 0.0169
2.9568 2.8708 2.9143 0.0169
2.9568 2.8708 2.9146 0.0169
2.9568 2.8708 2.9146 0.0169
2.9568 2.8708 2.9147 0.0169
2.9568 2.8708 2.9147 0.0169
2.9568 2.8708 2.9147 0.0169
2.9568 2.8708 2.9147 0.0169
2.9568 2.8708 2.9149 0.0168
2.9568 2.8708 2.9149 0.0168
2.9568 2.8708 2.9151 0.0167
2.9568 2.8708 2.9151 0.0167
2.9568 2.8708 2.9151 0.0167
2.9568 2.8708 2.9151 0.0167
2.9568 2.8708 2.9151 0.0167
2.9568 2.8708 2.9151 0.0167
2.9568 2.8708 2.9151 0.0167
2.9568 2.8708 2.9152 0.0168
2.9568 2.8708 2.9152 0.0168
2.9568 2.8708 2.9152 0.0168
2.9568 2.8708 2.9155 0.0168
2.9568 2.8708 2.9155 0.0168
2.9568 2.8708 2.9158 0.0165
2.9568 2.8708 2.9158 0.0165
2.9568 2.8708 2.9158 0.0165
2.9568 2.8708 2.9158 0.0165
2.9568 2.8708 2.9159 0.0165
2.9568 2.8708 2.9159 0.0165
2.9568 2.8708 2.9159 0.0165
2.9568 2.8708 2.9159 0.0165
2.9568 2.8708 2.9159 0.0165
2.9568 2.8708 2.9161 0.0165
2.9568 2.8708 2.9161 0.0165
2.9568 2.8708 2.9161 0.0165
2.9568 2.8708 2.9163 0.0165
2.9568 2.8708 2.9163 0.0165
2.9568 2.8708 2.9163 0.0165
2.9568 2.8708 2.9163 0.0165
2.9568 2.8708 2.9167 0.0166
2.9568 2.8708 2.9167 0.0166
2.9568 2.8708 2.9167 0.0166
2.9568 2.8708 2.9167 0.0166
2.9568 2.8708 2.9167 0.0166
2.9568 2.8708 2.9167 0.0166
2.9568 2.8708 2.9167 0.0166
2.9568 2.8708 2.9167 0.0166
2.9568 2.8708 2.9167 0.0166
2.9568 2.8708 2.9167 0.0166
2.9568 2.8708 2.9167 0.0166
2.9568 2.8708 2.9167 0.0166
2.9568 2.8708 2.9170 0.0163
2.9568 2.8708 2.9170 0.0163
2.9568 2.8708 2.9171 0.0162
2.9568 2.8708 2.9171 0.0162
2.9568 2.8708 2.9171 0.0162
2.9568 2.8708 2.9176 0.0163
2.9568 2.8708 2.9178 0.0161
2.9568 2.8708 2.9178 0.0161
2.9568 2.8708 2.9178 0.0161
2.9568 2.8708 2.9178 0.0161
2.9568 2.8708 2.9178 0.0160
2.9568 2.8708 2.9178 0.0160
2.9568 2.8708 2.9180 0.0160
2.9568 2.8708 2.9181 0.0160
2.9568 2.8708 2.9181 0.0160
2.9568 2.8708 2.9181 0.0160
2.9568 2.8708 2.9184 0.0159
2.9568 2.8708 2.9184 0.0159
2.9568 2.8708 2.9184 0.0159
2.9568 2.8708 2.9184 0.0159
2.9568 2.8708 2.9185 0.0159
2.9568 2.8708 2.9189 0.0158
2.9568 2.8708 2.9191 0.0158
2.9568 2.8708 2.9191 0.0158
2.9568 2.8708 2.9194 0.0157
2.9568 2.8708 2.9194 0.0157
2.9568 2.8708 2.9194 0.0157
2.9568 2.8708 2.9194 0.0157
2.9568 2.8708 2.9197 0.0156
2.9568 2.8708 2.9200 0.0157
2.9568 2.8708 2.9200 0.0157
2.9568 2.8708 2.9200 0.0157
2.9568 2.8708 2.9200 0.0157
2.9568 2.8708 2.9203 0.0156
2.9568 2.8708 2.9205 0.0156
2.9568 2.8708 2.9205 0.0155
2.9568 2.8708 2.9205 0.0155
2.9568 2.8708 2.9205 0.0155
2.9568 2.8708 2.9205 0.0155
2.9568 2.8708 2.9205 0.0155
2.9568 2.8708 2.9209 0.0151
2.9568 2.8708 2.9209 0.0151
2.9568 2.8708 2.9210 0.0150
2.9568 2.8708 2.9210 0.0150
2.9568 2.8708 2.9210 0.0150
2.9568 2.8708 2.9211 0.0151
2.9568 2.8708 2.9211 0.0151
2.9568 2.8708 2.9211 0.0151
2.9568 2.8708 2.9211 0.0151
2.9568 2.8708 2.9211 0.0151
2.9568 2.8708 2.9211 0.0151
2.9568 2.8708 2.9211 0.0151
2.9568 2.8708 2.9211 0.0151
2.9568 2.8708 2.9211 0.0150
2.9568 2.8708 2.9213 0.0150
2.9568 2.8708 2.9213 0.0150
2.9568 2.8708 2.9213 0.0150
2.9568 2.8708 2.9213 0.0150
2.9568 2.8708 2.9213 0.0150
2.9568 2.8708 2.9214 0.0152
2.9568 2.8708 2.9215 0.0152
2.9568 2.8708 2.9218 0.0153
2.9568 2.8708 2.9218 0.0153
2.9568 2.8708 2.9218 0.0153
2.9568 2.8708 2.9218 0.0153
2.9568 2.8708 2.9218 0.0153
2.9568 2.8708 2.9218 0.0153
2.9568 2.8708 2.9218 0.0153
2.9568 2.8708 2.9218 0.0153
2.9568 2.8708 2.9218 0.0153
2.9568 2.8708 2.9218 0.0153
2.9568 2.8708 2.9218 0.0153
2.9568 2.8708 2.9220 0.0152
2.9568 2.8708 2.9220 0.0152
2.9568 2.8708 2.9224 0.0152
2.9568 2.8708 2.9224 0.0152
2.9568 2.8708 2.9224 0.0152
2.9568 2.8708 2.9224 0.0152
2.9568 2.8708 2.9224 0.0152
2.9568 2.8708 2.9224 0.0152
2.9568 2.8708 2.9224 0.0152
2.9568 2.8708 2.9226 0.0151
2.9568 2.8708 2.9226 0.0151
2.9568 2.8708 2.9226 0.0151
2.9568 2.8708 2.9226 0.0151
2.9568 2.8708 2.9226 0.0151
2.9568 2.8708 2.9226 0.0151
2.9568 2.8708 2.9226 0.0151
2.9568 2.8708 2.9226 0.0151
2.9568 2.8708 2.9226 0.0151
2.9568 2.8708 2.9226 0.0151
2.9568 2.8708 2.9226 0.0151
2.9568 2.8708 2.9226 0.0151
2.9568 2.8708 2.9226 0.0151
2.9568 2.8708 2.9229 0.0152
2.9568 2.8708 2.9229 0.0152
2.9568 2.8708 2.9229 0.0152
2.9568 2.8708 2.9229 0.0152
2.9568 2.8708 2.9229 0.0152
2.9568 2.8708 2.9229 0.0152
2.9568 2.8708 2.9229 0.0152
2.9568 2.8708 2.9230 0.0151
2.9568 2.8708 2.9230 0.0151
2.9568 2.8708 2.9233 0.0151
2.9568 2.8708 2.9233 0.0152
2.9568 2.8708 2.9233 0.0152
2.9568 2.8708 2.9233 0.0152
2.9568 2.8708 2.9233 0.0152
2.9568 2.8708 2.9233 0.0152
2.9568 2.8708 2.9233 0.0152
2.9568 2.8708 2.9235 0.0151
2.9568 2.8708 2.9235 0.0151
2.9568 2.8708 2.9235 0.0151
2.9568 2.8708 2.9235 0.0151
2.9568 2.8708 2.9236 0.0152
2.9568 2.8708 2.9236 0.0152
2.9568 2.8708 2.9236 0.0152
2.9568 2.8708 2.9238 0.0153
2.9568 2.8708 2.9238 0.0153
2.9568 2.8708 2.9238 0.0153
2.9568 2.8708 2.9238 0.0154
2.9568 2.8708 2.9238 0.0154
2.9568 2.8708 2.9239 0.0154
2.9568 2.8708 2.9239 0.0154
2.9568 2.8708 2.9239 0.0154
2.9568 2.8708 2.9239 0.0154
2.9568 2.8708 2.9242 0.0151
2.9568 2.8708 2.9242 0.0151
2.9568 2.8708 2.9243 0.0152
2.9568 2.8708 2.9243 0.0152
2.9568 2.8708 2.9244 0.0151
2.9568 2.8708 2.9244 0.0151
2.9568 2.8708 2.9244 0.0151
2.9568 2.8708 2.9244 0.0151
2.9568 2.8708 2.9246 0.0150
2.9568 2.8708 2.9246 0.0150
2.9568 2.8708 2.9246 0.0150
2.9568 2.8708 2.9246 0.0149
2.9568 2.8708 2.9247 0.0149
2.9568 2.8708 2.9250 0.0150
2.9568 2.8708 2.9252 0.0149
2.9568 2.8708 2.9252 0.0149
2.9568 2.8708 2.9252 0.0149
2.9568 2.8708 2.9252 0.0149
2.9568 2.8708 2.9254 0.0149
2.9568 2.8708 2.9254 0.0149
2.9568 2.8708 2.9254 0.0149
2.9568 2.8708 2.9254 0.0149
2.9568 2.8708 2.9254 0.0149
2.9568 2.8708 2.9255 0.0148
2.9568 2.8708 2.9255 0.0148
2.9568 2.8708 2.9257 0.0147
2.9568 2.8708 2.9257 0.0147
2.9568 2.8708 2.9257 0.0147
2.9568 2.8708 2.9257 0.0147
2.9568 2.8708 2.9260 0.0145
2.9568 2.8708 2.9262 0.0146
2.9568 2.8708 2.9262 0.0146
2.9568 2.8708 2.9263 0.0145
2.9568 2.8708 2.9265 0.0144
2.9568 2.8708 2.9265 0.0144
2.9568 2.8708 2.9265 0.0144
2.9568 2.8708 2.9265 0.0144
2.9568 2.8708 2.9265 0.0144
2.9568 2.8708 2.9267 0.0146
2.9568 2.8708 2.9267 0.0146
2.9568 2.8708 2.9267 0.0146
2.9568 2.8708 2.9270 0.0146
2.9568 2.8708 2.9270 0.0146
2.9568 2.8708 2.9270 0.0146
2.9568 2.8708 2.9270 0.0146
2.9568 2.8708 2.9272 0.0146
2.9568 2.8708 2.9275 0.0149
2.9568 2.8708 2.9276 0.0150
2.9568 2.8708 2.9281 0.0146
2.9568 2.8708 2.9287 0.0143
2.9568 2.8708 2.9287 0.0143
2.9568 2.8708 2.9287 0.0143
2.9568 2.8708 2.9287 0.0143
2.9568 2.8708 2.9287 0.0143
2.9568 2.8708 2.9287 0.0143
2.9568 2.8708 2.9287 0.0143
2.9568 2.8708 2.9287 0.0143
2.9568 2.8708 2.9288 0.0143
2.9568 2.8708 2.9288 0.0143
2.9568 2.8708 2.9288 0.0143
2.9568 2.8708 2.9290 0.0145
2.9568 2.8708 2.9290 0.0145
2.9568 2.8708 2.9290 0.0145
2.9568 2.8708 2.9290 0.0145
2.9568 2.8708 2.9290 0.0145
2.9568 2.8708 2.9290 0.0145
2.9568 2.8708 2.9291 0.0145
2.9568 2.8708 2.9294 0.0145
2.9568 2.8708 2.9294 0.0145
2.9568 2.8708 2.9294 0.0145
2.9568 2.8708 2.9294 0.0145
2.9568 2.8708 2.9298 0.0142
2.9568 2.8708 2.9298 0.0142
2.9568 2.8708 2.9298 0.0142
2.9568 2.8708 2.9298 0.0142
2.9568 2.8708 2.9300 0.0142
2.9568 2.8708 2.9302 0.0141
2.9568 2.8708 2.9304 0.0139
2.9568 2.8708 2.9304 0.0139
2.9568 2.8708 2.9304 0.0139
2.9568 2.8708 2.9304 0.0139
2.9568 2.8708 2.9304 0.0139
2.9568 2.8708 2.9305 0.0139
2.9568 2.8708 2.9305 0.0139
2.9568 2.8708 2.9305 0.0139
2.9568 2.8708 2.9305 0.0139
2.9568 2.8708 2.9308 0.0137
2.9568 2.8708 2.9308 0.0137
2.9568 2.8708 2.9308 0.0137
2.9568 2.8708 2.9311 0.0132
2.9568 2.8708 2.9313 0.0132
2.9568 2.8708 2.9313 0.0132
2.9568 2.8708 2.9314 0.0133
2.9568 2.8708 2.9314 0.0133
2.9568 2.8708 2.9314 0.0133
2.9568 2.8708 2.9314 0.0133
2.9568 2.8708 2.9314 0.0133
2.9568 2.8708 2.9316 0.0131
2.9568 2.8708 2.9318 0.0129
2.9568 2.8708 2.9318 0.0129
2.9568 2.8708 2.9320 0.0130
2.9568 2.8708 2.9320 0.0130
2.9568 2.8708 2.9320 0.0130
2.9568 2.8708 2.9320 0.0130
2.9568 2.8708 2.9320 0.0130
2.9568 2.8708 2.9320 0.0130
2.9568 2.8708 2.9320 0.0130
2.9568 2.8708 2.9321 0.0128
2.9568 2.8708 2.9321 0.0128
2.9568 2.8708 2.9321 0.0128
2.9568 2.8708 2.9321 0.0128
2.9568 2.8708 2.9321 0.0128
2.9568 2.8708 2.9321 0.0128
2.9568 2.8708 2.9323 0.0126
2.9568 2.8708 2.9323 0.0127
2.9568 2.8708 2.9323 0.0127
2.9568 2.8708 2.9323 0.0127
2.9568 2.8708 2.9327 0.0123
2.9568 2.8708 2.9327 0.0123
2.9568 2.8708 2.9327 0.0123
2.9568 2.8708 2.9328 0.0123
2.9568 2.8708 2.9329 0.0124
2.9568 2.8708 2.9330 0.0125
2.9568 2.8708 2.9330 0.0125
2.9568 2.8708 2.9330 0.0125
2.9568 2.8708 2.9331 0.0125
2.9568 2.8708 2.9331 0.0125
2.9568 2.8708 2.9331 0.0125
2.9568 2.8708 2.9331 0.0125
2.9568 2.8708 2.9331 0.0125
2.9568 2.8708 2.9333 0.0123
2.9568 2.8708 2.9333 0.0123
2.9568 2.8708 2.9333 0.0123
2.9568 2.8708 2.9334 0.0122
2.9568 2.8708 2.9334 0.0122
2.9568 2.8708 2.9334 0.0122
2.9568 2.8708 2.9334 0.0122
2.9568 2.8708 2.9334 0.0122
2.9568 2.8708 2.9335 0.0121
2.9568 2.8708 2.9336 0.0121
2.9568 2.8708 2.9336 0.0121
2.9568 2.8708 2.9336 0.0121
2.9568 2.8708 2.9336 0.0121
2.9568 2.8708 2.9336 0.0121
2.9568 2.8708 2.9337 0.0121
2.9568 2.8708 2.9337 0.0121
2.9568 2.8708 2.9339 0.0121
2.9568 2.8995 2.9343 0.0105
2.9568 2.8995 2.9344 0.0105
2.9568 2.8995 2.9344 0.0105
2.9568 2.8995 2.9347 0.0103
2.9568 2.8995 2.9347 0.0103
2.9568 2.8995 2.9347 0.0103
2.9568 2.8995 2.9347 0.0103
2.9568 2.8995 2.9347 0.0103
2.9568 2.8995 2.9348 0.0103
2.9568 2.8995 2.9348 0.0103
2.9568 2.8995 2.9348 0.0103
2.9568 2.8995 2.9348 0.0103
2.9568 2.8995 2.9348 0.0103
2.9568 2.8995 2.9348 0.0103
2.9568 2.8995 2.9348 0.0103
2.9568 2.8995 2.9348 0.0103
2.9568 2.8995 2.9350 0.0103
2.9568 2.8995 2.9350 0.0103
2.9568 2.8995 2.9350 0.0103
2.9568 2.8995 2.9350 0.0103
2.9568 2.8995 2.9352 0.0103
2.9568 2.8995 2.9352 0.0103
2.9568 2.8995 2.9352 0.0103
2.9568 2.8995 2.9352 0.0103
2.9568 2.8995 2.9352 0.0103
2.9568 2.8995 2.9353 0.0105
2.9568 2.8995 2.9355 0.0105
2.9568 2.8995 2.9355 0.0105
2.9568 2.8995 2.9355 0.0105
2.9568 2.8995 2.9355 0.0105
2.9568 2.8995 2.9355 0.0105
2.9568 2.8995 2.9355 0.0105
2.9568 2.8995 2.9355 0.0105
2.9568 2.8995 2.9355 0.0105
2.9568 2.8995 2.9356 0.0105
2.9568 2.8995 2.9356 0.0105
2.9568 2.8995 2.9356 0.0105
2.9568 2.8995 2.9356 0.0104
2.9568 2.8995 2.9357 0.0104
2.9568 2.8995 2.9359 0.0104
2.9568 2.8995 2.9359 0.0104
2.9568 2.8995 2.9359 0.0104
2.9568 2.8995 2.9359 0.0104
2.9568 2.8995 2.9362 0.0103
2.9568 2.8995 2.9362 0.0103
2.9568 2.8995 2.9362 0.0103
2.9568 2.8995 2.9362 0.0103
2.9568 2.8995 2.9362 0.0103
2.9568 2.8995 2.9362 0.0103
2.9568 2.8995 2.9363 0.0102
2.9568 2.8995 2.9363 0.0102
2.9568 2.8995 2.9363 0.0102
2.9568 2.8995 2.9363 0.0102
2.9568 2.8995 2.9363 0.0102
2.9568 2.8995 2.9363 0.0102
2.9568 2.8995 2.9363 0.0102
2.9568 2.8995 2.9364 0.0102
2.9568 2.8995 2.9364 0.0102
2.9568 2.8995 2.9364 0.0102
2.9568 2.8995 2.9365 0.0103
2.9568 2.8995 2.9366 0.0103
2.9568 2.8995 2.9366 0.0103
2.9568 2.8995 2.9366 0.0103
2.9568 2.8995 2.9366 0.0103
2.9568 2.8995 2.9367 0.0104
2.9568 2.8995 2.9367 0.0104
2.9568 2.8995 2.9367 0.0104
2.9568 2.8995 2.9367 0.0104
2.9568 2.8995 2.9367 0.0104
2.9568 2.8995 2.9367 0.0104
2.9568 2.8995 2.9367 0.0104
2.9568 2.8995 2.9367 0.0104
2.9568 2.8995 2.9367 0.0104
2.9568 2.8995 2.9367 0.0104
2.9568 2.8995 2.9367 0.0104
2.9568 2.8995 2.9367 0.0104
2.9568 2.8995 2.9367 0.0103
2.9568 2.8995 2.9370 0.0104
2.9568 2.8995 2.9370 0.0103
2.9568 2.8995 2.9370 0.0103
2.9568 2.8995 2.9371 0.0105
2.9568 2.8995 2.9371 0.0105
2.9568 2.8995 2.9371 0.0105
2.9568 2.8995 2.9373 0.0101
2.9568 2.8995 2.9373 0.0101
2.9568 2.8995 2.9374 0.0101
2.9568 2.8995 2.9374 0.0101
2.9568 2.8995 2.9374 0.0101
2.9568 2.8995 2.9374 0.0101
2.9568 2.8995 2.9374 0.0101
2.9568 2.8995 2.9374 0.0101
2.9568 2.8995 2.9375 0.0101
2.9568 2.8995 2.9375 0.0101
2.9568 2.8995 2.9375 0.0101
2.9568 2.8995 2.9375 0.0101
2.9568 2.8995 2.9375 0.0101
2.9568 2.8995 2.9375 0.0101
2.9568 2.9001 2.9375 0.0101
2.9568 2.9001 2.9376 0.0102
2.9568 2.9001 2.9376 0.0102
2.9568 2.9001 2.9378 0.0102
2.9568 2.9001 2.9379 0.0102
2.9568 2.9001 2.9379 0.0102
2.9568 2.9001 2.9379 0.0102
2.9568 2.9001 2.9379 0.0102
2.9568 2.9001 2.9379 0.0102
2.9568 2.9001 2.9379 0.0102
2.9568 2.9001 2.9380 0.0101
2.9568 2.9001 2.9380 0.0101
2.9568 2.9001 2.9381 0.0101
2.9568 2.9001 2.9381 0.0101
2.9568 2.9001 2.9381 0.0101
2.9568 2.9001 2.9381 0.0101
2.9568 2.9001 2.9381 0.0101
2.9568 2.9001 2.9381 0.0101
2.9568 2.9001 2.9381 0.0101
2.9568 2.9001 2.9381 0.0101
2.9568 2.9001 2.9382 0.0101
2.9568 2.9001 2.9382 0.0101
2.9568 2.9001 2.9382 0.0101
2.9568 2.9001 2.9382 0.0101
2.9568 2.9001 2.9382 0.0101
2.9568 2.9001 2.9382 0.0101
2.9568 2.9001 2.9382 0.0102
2.9568 2.9001 2.9382 0.0102
2.9568 2.9001 2.9384 0.0098
2.9568 2.9001 2.9384 0.0098
2.9568 2.9001 2.9386 0.0099
2.9568 2.9001 2.9386 0.0099
2.9568 2.9001 2.9386 0.0099
2.9568 2.9001 2.9386 0.0099
2.9568 2.9001 2.9386 0.0099
2.9568 2.9001 2.9387 0.0099
2.9568 2.9001 2.9387 0.0099
2.9568 2.9001 2.9387 0.0099
2.9568 2.9001 2.9387 0.0099
2.9568 2.9001 2.9387 0.0099
2.9568 2.9001 2.9387 0.0099
2.9568 2.9001 2.9387 0.0099
2.9568 2.9001 2.9388 0.0100
2.9568 2.9001 2.9388 0.0100
2.9568 2.9001 2.9388 0.0100
2.9568 2.9001 2.9388 0.0100
2.9568 2.9001 2.9388 0.0100
2.9568 2.9001 2.9388 0.0100
2.9568 2.9001 2.9388 0.0100
2.9568 2.9001 2.9388 0.0100
2.9568 2.9001 2.9390 0.0098
2.9568 2.9001 2.9390 0.0098
2.9568 2.9001 2.9392 0.0097
2.9568 2.9001 2.9393 0.0098
2.9568 2.9001 2.9394 0.0098
2.9568 2.9001 2.9394 0.0098
2.9568 2.9001 2.9394 0.0098
2.9568 2.9001 2.9394 0.0098
2.9568 2.9001 2.9394 0.0098
2.9568 2.9001 2.9394 0.0099
2.9568 2.9001 2.9394 0.0099
2.9568 2.9001 2.9394 0.0099
2.9568 2.9001 2.9394 0.0099
2.9568 2.9001 2.9394 0.0099
2.9568 2.9001 2.9395 0.0099
2.9568 2.9001 2.9395 0.0099
2.9568 2.9001 2.9395 0.0099
2.9568 2.9001 2.9395 0.0099
2.9568 2.9001 2.9395 0.0099
2.9568 2.9001 2.9395 0.0099
2.9568 2.9001 2.9395 0.0099
2.9568 2.9001 2.9395 0.0099
2.9568 2.9001 2.9395 0.0099
2.9568 2.9001 2.9395 0.0099
2.9568 2.9001 2.9395 0.0099
2.9568 2.9001 2.9395 0.0098
2.9568 2.9001 2.9395 0.0098
2.9568 2.9001 2.9395 0.0098
2.9568 2.9001 2.9395 0.0098
2.9568 2.9001 2.9395 0.0098
2.9568 2.9001 2.9395 0.0098
2.9568 2.9001 2.9395 0.0098
2.9568 2.9001 2.9395 0.0098
2.9568 2.9001 2.9395 0.0098
2.9568 2.9001 2.9395 0.0098
2.9568 2.9001 2.9395 0.0098
2.9568 2.9001 2.9395 0.0098
2.9568 2.9001 2.9395 0.0098
2.9568 2.9001 2.9395 0.0098
2.9568 2.9001 2.9396 0.0098
2.9568 2.9001 2.9396 0.0098
2.9568 2.9001 2.9396 0.0098
2.9568 2.9001 2.9396 0.0098
2.9568 2.9001 2.9396 0.0098
2.9568 2.9001 2.9396 0.0098
2.9568 2.9001 2.9396 0.0098
2.9568 2.9001 2.9396 0.0098
2.9568 2.9076 2.9399 0.0091
2.9568 2.9076 2.9399 0.0091
2.9568 2.9076 2.9399 0.0091
2.9568 2.9076 2.9400 0.0091
2.9568 2.9076 2.9400 0.0090
2.9568 2.9076 2.9400 0.0090
2.9568 2.9076 2.9403 0.0090
2.9568 2.9076 2.9403 0.0090
2.9568 2.9076 2.9403 0.0090
2.9568 2.9076 2.9403 0.0090
2.9568 2.9076 2.9403 0.0090
2.9568 2.9076 2.9403 0.0090
2.9568 2.9076 2.9405 0.0090
2.9568 2.9076 2.9405 0.0090
2.9568 2.9076 2.9405 0.0090
2.9568 2.9076 2.9405 0.0090
2.9568 2.9076 2.9405 0.0090
2.9568 2.9076 2.9405 0.0090
2.9568 2.9076 2.9405 0.0090
2.9568 2.9076 2.9405 0.0090
2.9568 2.9076 2.9405 0.0090
2.9568 2.9076 2.9407 0.0092
2.9568 2.9076 2.9407 0.0092
2.9568 2.9076 2.9407 0.0092
2.9568 2.9076 2.9407 0.0092
2.9568 2.9076 2.9407 0.0092
2.9568 2.9076 2.9408 0.0093
2.9568 2.9132 2.9412 0.0087
2.9568 2.9132 2.9412 0.0087
2.9568 2.9132 2.9413 0.0088
2.9568 2.9132 2.9413 0.0088
2.9568 2.9132 2.9413 0.0088
2.9568 2.9132 2.9413 0.0088
2.9568 2.9132 2.9414 0.0089
2.9568 2.9132 2.9415 0.0090
2.9568 2.9132 2.9415 0.0090
2.9568 2.9132 2.9415 0.0090
2.9568 2.9132 2.9415 0.0090
2.9568 2.9132 2.9415 0.0090
2.9568 2.9132 2.9418 0.0091
2.9568 2.9132 2.9419 0.0090
2.9568 2.9132 2.9419 0.0090
2.9568 2.9132 2.9419 0.0090
2.9568 2.9132 2.9419 0.0089
2.9568 2.9132 2.9419 0.0089
2.9568 2.9132 2.9419 0.0089
2.9568 2.9132 2.9419 0.0089
2.9568 2.9132 2.9419 0.0089
2.9568 2.9132 2.9420 0.0088
2.9568 2.9132 2.9420 0.0089
2.9568 2.9132 2.9420 0.0089
2.9568 2.9132 2.9420 0.0089
2.9568 2.9132 2.9420 0.0089
2.9568 2.9132 2.9420 0.0089
2.9568 2.9132 2.9420 0.0089
2.9568 2.9132 2.9423 0.0086
2.9568 2.9132 2.9423 0.0086
2.9568 2.9132 2.9425 0.0084
2.9568 2.9132 2.9425 0.0084
2.9568 2.9132 2.9427 0.0084
2.9568 2.9132 2.9427 0.0084
2.9568 2.9132 2.9429 0.0083
2.9568 2.9132 2.9430 0.0083
2.9568 2.9132 2.9430 0.0083
2.9568 2.9132 2.9430 0.0083
2.9568 2.9132 2.9430 0.0083
2.9568 2.9132 2.9430 0.0083
2.9568 2.9132 2.9430 0.0083
2.9568 2.9132 2.9430 0.0083
2.9568 2.9132 2.9431 0.0082
2.9568 2.9132 2.9432 0.0082
2.9568 2.9132 2.9432 0.0082
2.9568 2.9132 2.9432 0.0082
2.9568 2.9132 2.9433 0.0081
2.9568 2.9132 2.9433 0.0081
2.9568 2.9132 2.9434 0.0081
2.9568 2.9132 2.9435 0.0080
2.9568 2.9132 2.9435 0.0080
2.9568 2.9132 2.9437 0.0077
2.9568 2.9132 2.9437 0.0077
2.9568 2.9132 2.9437 0.0077
2.9568 2.9132 2.9437 0.0077
2.9568 2.9132 2.9437 0.0077
2.9568 2.9132 2.9437 0.0077
2.9568 2.9132 2.9437 0.0077
2.9568 2.9132 2.9437 0.0077
2.9568 2.9132 2.9438 0.0077
2.9568 2.9132 2.9438 0.0077
2.9568 2.9132 2.9438 0.0077
2.9568 2.9132 2.9438 0.0077
2.9568 2.9132 2.9438 0.0077
2.9568 2.9132 2.9439 0.0077
2.9664 2.9132 2.9441 0.0080
2.9664 2.9132 2.9441 0.0080
2.9664 2.9132 2.9441 0.0080
2.9664 2.9132 2.9443 0.0079
2.9664 2.9132 2.9443 0.0079
2.9664 2.9132 2.9443 0.0079
2.9664 2.9132 2.9443 0.0079
2.9664 2.9132 2.9443 0.0079
2.9664 2.9132 2.9443 0.0079
2.9664 2.9132 2.9444 0.0080
2.9664 2.9132 2.9445 0.0079
2.9664 2.9132 2.9445 0.0079
2.9664 2.9132 2.9445 0.0079
2.9664 2.9132 2.9445 0.0079
2.9664 2.9132 2.9445 0.0079
2.9664 2.9132 2.9445 0.0079
2.9664 2.9132 2.9445 0.0079
2.9664 2.9132 2.9445 0.0079
2.9664 2.9132 2.9445 0.0079
2.9664 2.9132 2.9445 0.0079
2.9664 2.9132 2.9445 0.0079
2.9664 2.9132 2.9445 0.0079
2.9664 2.9132 2.9445 0.0079
2.9664 2.9132 2.9446 0.0079
2.9664 2.9132 2.9446 0.0079
2.9664 2.9132 2.9446 0.0079
2.9664 2.9132 2.9446 0.0079
2.9664 2.9132 2.9446 0.0079
2.9664 2.9132 2.9446 0.0079
2.9664 2.9132 2.9446 0.0079
2.9664 2.9132 2.9446 0.0079
2.9664 2.9132 2.9446 0.0079
2.9664 2.9132 2.9447 0.0080
2.9664 2.9132 2.9447 0.0080
2.9664 2.9132 2.9447 0.0080
2.9664 2.9132 2.9447 0.0080
2.9664 2.9132 2.9447 0.0080
2.9664 2.9132 2.9448 0.0079
2.9664 2.9132 2.9450 0.0080
2.9664 2.9132 2.9450 0.0080
2.9664 2.9132 2.9450 0.0080
2.9664 2.9132 2.9450 0.0080
2.9664 2.9132 2.9450 0.0080
2.9664 2.9132 2.9450 0.0080
2.9664 2.9132 2.9451 0.0081
2.9664 2.9132 2.9451 0.0081
2.9664 2.9132 2.9452 0.0081
2.9664 2.9132 2.9453 0.0080
2.9664 2.9132 2.9453 0.0080
2.9664 2.9132 2.9453 0.0080
2.9664 2.9132 2.9453 0.0079
2.9664 2.9132 2.9453 0.0079
2.9664 2.9132 2.9453 0.0079
2.9664 2.9132 2.9453 0.0079
2.9664 2.9132 2.9453 0.0079
2.9664 2.9132 2.9453 0.0079
2.9664 2.9132 2.9453 0.0079
2.9664 2.9132 2.9453 0.0079
2.9664 2.9132 2.9453 0.0079
2.9664 2.9132 2.9453 0.0079
2.9664 2.9132 2.9453 0.0079
2.9664 2.9132 2.9453 0.0079
2.9664 2.9132 2.9453 0.0079
2.9664 2.9132 2.9454 0.0079
2.9664 2.9132 2.9454 0.0079
2.9664 2.9132 2.9454 0.0079
2.9664 2.9132 2.9454 0.0079
2.9664 2.9132 2.9454 0.0079
2.9664 2.9132 2.9454 0.0079
2.9664 2.9247 2.9456 0.0073
2.9664 2.9247 2.9458 0.0071
2.9664 2.9247 2.9459 0.0071
2.9664 2.9247 2.9460 0.0071
2.9664 2.9247 2.9460 0.0071
2.9664 2.9247 2.9460 0.0071
2.9664 2.9247 2.9460 0.0071
2.9664 2.9247 2.9461 0.0071
2.9664 2.9247 2.9461 0.0071
2.9664 2.9247 2.9461 0.0071
2.9664 2.9247 2.9461 0.0071
2.9664 2.9247 2.9461 0.0071
2.9664 2.9247 2.9461 0.0071
2.9664 2.9247 2.9461 0.0071
2.9664 2.9247 2.9461 0.0071
2.9664 2.9247 2.9462 0.0070
2.9664 2.9247 2.9462 0.0070
2.9664 2.9247 2.9462 0.0070
2.9664 2.9247 2.9462 0.0070
2.9664 2.9247 2.9462 0.0070
2.9664 2.9247 2.9462 0.0070
2.9664 2.9247 2.9462 0.0070
2.9664 2.9247 2.9462 0.0070
2.9664 2.9247 2.9463 0.0070
2.9664 2.9247 2.9463 0.0070
2.9664 2.9247 2.9463 0.0070
2.9664 2.9247 2.9463 0.0070
2.9664 2.9247 2.9463 0.0070
2.9664 2.9247 2.9464 0.0070
2.9664 2.9295 2.9466 0.0066
2.9664 2.9295 2.9466 0.0066
2.9664 2.9295 2.9466 0.0066
2.9664 2.9295 2.9466 0.0066
2.9664 2.9299 2.9467 0.0065
2.9664 2.9299 2.9467 0.0065
2.9664 2.9299 2.9467 0.0065
2.9664 2.9299 2.9467 0.0065
2.9664 2.9299 2.9468 0.0064
2.9664 2.9299 2.9468 0.0064
2.9664 2.9299 2.9468 0.0065
2.9664 2.9299 2.9468 0.0065
2.9664 2.9299 2.9468 0.0065
2.9664 2.9299 2.9468 0.0065
2.9664 2.9299 2.9468 0.0065
2.9664 2.9299 2.9468 0.0065
2.9664 2.9299 2.9468 0.0065
2.9664 2.9299 2.9469 0.0065
2.9664 2.9299 2.9469 0.0065
2.9664 2.9299 2.9469 0.0065
2.9664 2.9299 2.9469 0.0065
2.9664 2.9299 2.9469 0.0065
2.9664 2.9299 2.9469 0.0065
2.9664 2.9299 2.9470 0.0065
2.9664 2.9299 2.9471 0.0065
2.9664 2.9299 2.9472 0.0065
2.9664 2.9299 2.9472 0.0065
2.9664 2.9299 2.9472 0.0065
2.9664 2.9299 2.9472 0.0065
2.9664 2.9299 2.9473 0.0066
2.9664 2.9299 2.9473 0.0066
2.9664 2.9299 2.9473 0.0066
2.9664 2.9299 2.9473 0.0066
2.9664 2.9299 2.9474 0.0065
2.9664 2.9299 2.9475 0.0065
2.9664 2.9299 2.9475 0.0066
2.9664 2.9299 2.9475 0.0066
2.9664 2.9299 2.9475 0.0066
2.9664 2.9299 2.9477 0.0067
2.9664 2.9299 2.9477 0.0067
2.9664 2.9299 2.9477 0.0067
2.9664 2.9299 2.9478 0.0067
2.9664 2.9299 2.9478 0.0067
2.9664 2.9299 2.9479 0.0068
2.9664 2.9299 2.9479 0.0068
2.9664 2.9299 2.9479 0.0068
2.9664 2.9299 2.9481 0.0068
2.9664 2.9299 2.9481 0.0068
2.9664 2.9299 2.9481 0.0068
2.9664 2.9299 2.9481 0.0068
2.9664 2.9299 2.9483 0.0070
2.9664 2.9299 2.9483 0.0070
2.9664 2.9299 2.9483 0.0070
2.9664 2.9299 2.9483 0.0070
2.9664 2.9299 2.9483 0.0070
2.9664 2.9364 2.9486 0.0068
2.9664 2.9364 2.9486 0.0068
2.9664 2.9364 2.9488 0.0069
2.9664 2.9364 2.9488 0.0069
2.9664 2.9364 2.9488 0.0069
2.9664 2.9364 2.9488 0.0069
2.9664 2.9364 2.9490 0.0069
2.9664 2.9364 2.9491 0.0069
2.9664 2.9364 2.9491 0.0069
2.9664 2.9364 2.9491 0.0069
2.9664 2.9364 2.9491 0.0069
2.9664 2.9364 2.9491 0.0069
2.9664 2.9364 2.9491 0.0069
2.9664 2.9364 2.9491 0.0069
2.9664 2.9391 2.9493 0.0068
2.9664 2.9391 2.9493 0.0068
2.9664 2.9391 2.9493 0.0068
2.9664 2.9391 2.9493 0.0068
2.9664 2.9391 2.9493 0.0068
2.9664 2.9391 2.9493 0.0068
2.9664 2.9391 2.9493 0.0068
2.9664 2.9391 2.9493 0.0068
2.9664 2.9391 2.9493 0.0068
2.9664 2.9391 2.9493 0.0068
2.9664 2.9391 2.9493 0.0068
2.9664 2.9391 2.9493 0.0069
2.9664 2.9391 2.9493 0.0069
2.9664 2.9391 2.9495 0.0068
2.9664 2.9391 2.9495 0.0068
2.9664 2.9391 2.9495 0.0068
2.9664 2.9391 2.9496 0.0069
2.9664 2.9391 2.9496 0.0069
2.9664 2.9391 2.9496 0.0069
2.9664 2.9391 2.9496 0.0069
2.9664 2.9391 2.9496 0.0069
2.9664 2.9391 2.9497 0.0068
2.9664 2.9391 2.9497 0.0068
2.9664 2.9391 2.9497 0.0068
2.9664 2.9391 2.9498 0.0068
2.9664 2.9391 2.9498 0.0068
2.9664 2.9391 2.9498 0.0068
2.9664 2.9391 2.9498 0.0068
2.9664 2.9391 2.9499 0.0069
2.9664 2.9391 2.9499 0.0069
2.9664 2.9391 2.9499 0.0069
2.9664 2.9391 2.9499 0.0069
2.9664 2.9391 2.9501 0.0070
2.9664 2.9391 2.9502 0.0070
2.9664 2.9391 2.9502 0.0070
2.9664 2.9391 2.9502 0.0070
2.9664 2.9391 2.9502 0.0070
2.9664 2.9391 2.9502 0.0070
2.9664 2.9391 2.9502 0.0070
2.9664 2.9391 2.9502 0.0070
2.9664 2.9391 2.9502 0.0070
2.9664 2.9391 2.9502 0.0070
2.9664 2.9391 2.9504 0.0071
2.9664 2.9391 2.9506 0.0071
2.9664 2.9391 2.9506 0.0071
2.9664 2.9391 2.9507 0.0073
2.9664 2.9391 2.9507 0.0073
2.9664 2.9391 2.9509 0.0074
2.9664 2.9391 2.9509 0.0074
2.9664 2.9391 2.9509 0.0074
2.9664 2.9391 2.9509 0.0074
2.9664 2.9391 2.9509 0.0074
2.9664 2.9391 2.9509 0.0074
2.9664 2.9391 2.9512 0.0075
2.9664 2.9391 2.9512 0.0075
2.9664 2.9391 2.9512 0.0075
2.9664 2.9391 2.9512 0.0075
2.9664 2.9391 2.9512 0.0075
2.9664 2.9391 2.9512 0.0075
2.9664 2.9391 2.9512 0.0075
2.9664 2.9391 2.9512 0.0075
2.9664 2.9391 2.9512 0.0075
2.9664 2.9391 2.9512 0.0075
2.9664 2.9391 2.9512 0.0075
2.9664 2.9391 2.9513 0.0075
2.9664 2.9391 2.9515 0.0076
2.9664 2.9391 2.9515 0.0076
2.9664 2.9391 2.9515 0.0076
2.9664 2.9391 2.9515 0.0076
2.9664 2.9391 2.9515 0.0076
2.9664 2.9391 2.9515 0.0076
2.9664 2.9391 2.9515 0.0075
2.9664 2.9391 2.9515 0.0075
2.9664 2.9391 2.9515 0.0075
2.9664 2.9391 2.9516 0.0075
2.9717 2.9391 2.9517 0.0077
2.9717 2.9391 2.9517 0.0077
2.9717 2.9391 2.9517 0.0077
2.9717 2.9391 2.9517 0.0077
2.9717 2.9391 2.9517 0.0077
2.9717 2.9391 2.9517 0.0077
2.9717 2.9391 2.9517 0.0077
2.9717 2.9391 2.9517 0.0077
2.9717 2.9391 2.9517 0.0077
2.9717 2.9391 2.9517 0.0077
2.9717 2.9391 2.9517 0.0077
2.9717 2.9391 2.9517 0.0077
2.9717 2.9391 2.9517 0.0077
2.9717 2.9391 2.9517 0.0077
2.9717 2.9391 2.9518 0.0077
2.9717 2.9391 2.9518 0.0077
2.9717 2.9391 2.9518 0.0077
2.9717 2.9391 2.9518 0.0077
2.9717 2.9391 2.9518 0.0077
2.9717 2.9391 2.9518 0.0077
2.9717 2.9391 2.9518 0.0077
2.9717 2.9391 2.9520 0.0079
2.9717 2.9391 2.9520 0.0079
2.9717 2.9391 2.9520 0.0079
2.9717 2.9391 2.9520 0.0079
2.9717 2.9391 2.9520 0.0079
2.9717 2.9391 2.9520 0.0079
2.9717 2.9391 2.9520 0.0079
2.9717 2.9391 2.9521 0.0078
2.9717 2.9391 2.9521 0.0078
2.9717 2.9391 2.9521 0.0078
2.9717 2.9391 2.9521 0.0078
2.9717 2.9391 2.9521 0.0078
2.9717 2.9391 2.9521 0.0078
2.9717 2.9391 2.9522 0.0079
2.9717 2.9391 2.9522 0.0079
2.9717 2.9391 2.9522 0.0079
2.9717 2.9391 2.9522 0.0079
2.9717 2.9391 2.9522 0.0079
2.9717 2.9391 2.9522 0.0079
2.9717 2.9391 2.9522 0.0079
2.9717 2.9391 2.9522 0.0079
2.9717 2.9391 2.9522 0.0079
2.9717 2.9391 2.9522 0.0079
2.9717 2.9391 2.9522 0.0079
2.9717 2.9391 2.9522 0.0079
2.9717 2.9391 2.9522 0.0079
2.9717 2.9403 2.9523 0.0079
2.9717 2.9403 2.9523 0.0079
2.9717 2.9403 2.9523 0.0079
2.9717 2.9403 2.9523 0.0079
2.9717 2.9403 2.9523 0.0079
2.9717 2.9403 2.9523 0.0079
2.9717 2.9403 2.9523 0.0079
2.9717 2.9403 2.9524 0.0079
2.9717 2.9403 2.9524 0.0079
2.9717 2.9403 2.9525 0.0080
2.9717 2.9403 2.9526 0.0080
2.9717 2.9403 2.9526 0.0080
2.9717 2.9403 2.9526 0.0080
2.9717 2.9403 2.9526 0.0080
2.9717 2.9403 2.9526 0.0080
2.9717 2.9403 2.9527 0.0080
2.9717 2.9403 2.9527 0.0080
2.9717 2.9403 2.9527 0.0080
2.9717 2.9403 2.9527 0.0080
2.9717 2.9403 2.9528 0.0080
2.9717 2.9403 2.9529 0.0080
2.9717 2.9403 2.9529 0.0080
2.9717 2.9403 2.9529 0.0080
2.9717 2.9403 2.9529 0.0080
2.9717 2.9403 2.9529 0.0080
2.9717 2.9403 2.9529 0.0080
2.9717 2.9403 2.9531 0.0080
2.9717 2.9403 2.9531 0.0080
2.9717 2.9403 2.9531 0.0080
2.9717 2.9403 2.9531 0.0080
2.9717 2.9403 2.9531 0.0080
2.9717 2.9403 2.9531 0.0080
2.9717 2.9403 2.9531 0.0080
2.9717 2.9403 2.9532 0.0079
2.9717 2.9403 2.9532 0.0079
2.9717 2.9403 2.9532 0.0079
2.9717 2.9403 2.9532 0.0079
2.9717 2.9403 2.9533 0.0079
2.9717 2.9403 2.9533 0.0079
2.9717 2.9403 2.9533 0.0079
2.9717 2.9403 2.9533 0.0079
2.9717 2.9403 2.9533 0.0079
2.9717 2.9403 2.9534 0.0080
2.9717 2.9403 2.9534 0.0080
2.9717 2.9403 2.9534 0.0080
2.9717 2.9403 2.9534 0.0080
2.9717 2.9403 2.9534 0.0080
2.9717 2.9403 2.9535 0.0080
2.9717 2.9403 2.9535 0.0080
2.9717 2.9403 2.9536 0.0081
2.9717 2.9403 2.9536 0.0081
2.9717 2.9403 2.9537 0.0080
2.9717 2.9403 2.9537 0.0080
2.9717 2.9403 2.9537 0.0080
2.9717 2.9403 2.9537 0.0080
2.9717 2.9403 2.9537 0.0080
2.9717 2.9403 2.9538 0.0079
2.9717 2.9403 2.9538 0.0079
2.9717 2.9408 2.9540 0.0078
2.9717 2.9408 2.9540 0.0078
2.9717 2.9408 2.9540 0.0078
2.9717 2.9408 2.9540 0.0078
2.9717 2.9408 2.9540 0.0078
2.9717 2.9408 2.9541 0.0078
2.9717 2.9408 2.9541 0.0078
2.9717 2.9408 2.9541 0.0078
2.9717 2.9408 2.9542 0.0078
2.9717 2.9408 2.9542 0.0078
2.9717 2.9408 2.9543 0.0077
2.9717 2.9408 2.9543 0.0077
2.9717 2.9408 2.9546 0.0078
2.9717 2.9408 2.9546 0.0078
2.9717 2.9408 2.9546 0.0078
2.9717 2.9408 2.9546 0.0078
2.9717 2.9408 2.9546 0.0078
2.9717 2.9408 2.9546 0.0078
2.9717 2.9408 2.9548 0.0078
2.9717 2.9408 2.9548 0.0078
2.9717 2.9408 2.9548 0.0078
2.9717 2.9408 2.9550 0.0078
2.9717 2.9408 2.9550 0.0078
2.9717 2.9408 2.9550 0.0078
2.9717 2.9408 2.9550 0.0078
2.9717 2.9408 2.9550 0.0078
2.9717 2.9408 2.9550 0.0078
2.9717 2.9408 2.9552 0.0078
2.9717 2.9408 2.9553 0.0077
2.9717 2.9408 2.9553 0.0077
2.9717 2.9417 2.9554 0.0076
2.9717 2.9417 2.9554 0.0076
2.9717 2.9417 2.9554 0.0076
2.9717 2.9417 2.9554 0.0076
2.9717 2.9417 2.9554 0.0076
2.9717 2.9417 2.9554 0.0076
2.9717 2.9417 2.9554 0.0076
2.9717 2.9417 2.9554 0.0076
2.9717 2.9417 2.9554 0.0076
2.9717 2.9417 2.9555 0.0075
2.9717 2.9417 2.9555 0.0075
2.9717 2.9417 2.9555 0.0075
2.9717 2.9417 2.9555 0.0075
2.9717 2.9417 2.9555 0.0075
2.9717 2.9417 2.9555 0.0075
2.9717 2.9417 2.9555 0.0075
2.9717 2.9417 2.9555 0.0075
2.9717 2.9417 2.9555 0.0075
2.9717 2.9417 2.9555 0.0075
2.9717 2.9417 2.9556 0.0075
2.9717 2.9417 2.9558 0.0074
2.9717 2.9417 2.9558 0.0074
2.9717 2.9417 2.9559 0.0074
2.9717 2.9417 2.9559 0.0074
2.9717 2.9417 2.9559 0.0074
2.9717 2.9417 2.9559 0.0074
2.9717 2.9417 2.9560 0.0075
2.9717 2.9417 2.9560 0.0075
2.9717 2.9417 2.9560 0.0075
2.9717 2.9417 2.9560 0.0075
2.9717 2.9417 2.9560 0.0075
2.9717 2.9417 2.9560 0.0075
2.9717 2.9417 2.9560 0.0075
2.9717 2.9417 2.9560 0.0075
2.9717 2.9417 2.9560 0.0075
2.9717 2.9417 2.9560 0.0075
2.9717 2.9417 2.9560 0.0075
2.9717 2.9417 2.9560 0.0075
2.9717 2.9417 2.9560 0.0075
2.9717 2.9417 2.9560 0.0075
2.9717 2.9417 2.9560 0.0075
2.9717 2.9417 2.9560 0.0075
2.9717 2.9417 2.9560 0.0075
2.9717 2.9417 2.9561 0.0076
2.9717 2.9417 2.9561 0.0076
2.9717 2.9417 2.9561 0.0076
2.9717 2.9417 2.9561 0.0076
2.9717 2.9417 2.9561 0.0076
2.9717 2.9417 2.9561 0.0076
2.9717 2.9417 2.9562 0.0076
2.9717 2.9417 2.9562 0.0076
2.9717 2.9417 2.9562 0.0076
2.9717 2.9417 2.9562 0.0076
2.9717 2.9417 2.9562 0.0076
2.9717 2.9417 2.9564 0.0076
2.9717 2.9417 2.9564 0.0076
2.9717 2.9417 2.9564 0.0076
2.9717 2.9417 2.9564 0.0076
2.9717 2.9417 2.9564 0.0076
2.9717 2.9417 2.9564 0.0076
2.9717 2.9417 2.9564 0.0076
2.9717 2.9417 2.9567 0.0076
2.9717 2.9417 2.9567 0.0076
2.9717 2.9417 2.9567 0.0076
2.9717 2.9417 2.9567 0.0076
2.9717 2.9417 2.9567 0.0076
2.9717 2.9417 2.9568 0.0076
2.9717 2.9417 2.9568 0.0076
2.9717 2.9417 2.9568 0.0076
2.9717 2.9417 2.9568 0.0076
2.9717 2.9417 2.9568 0.0076
2.9717 2.9417 2.9569 0.0076
2.9717 2.9418 2.9569 0.0076
2.9717 2.9418 2.9570 0.0076
2.9717 2.9418 2.9570 0.0076
2.9717 2.9418 2.9570 0.0076
2.9717 2.9418 2.9571 0.0078
2.9717 2.9418 2.9573 0.0077
2.9717 2.9418 2.9573 0.0077
2.9717 2.9418 2.9573 0.0077
2.9717 2.9418 2.9573 0.0077
2.9761 2.9418 2.9575 0.0080
2.9761 2.9418 2.9577 0.0081
2.9761 2.9418 2.9577 0.0081
2.9761 2.9418 2.9578 0.0080
2.9761 2.9418 2.9578 0.0080
2.9761 2.9418 2.9578 0.0080
2.9761 2.9418 2.9578 0.0080
2.9761 2.9418 2.9578 0.0080
2.9761 2.9418 2.9578 0.0080
2.9761 2.9418 2.9580 0.0078
2.9761 2.9418 2.9580 0.0078
2.9761 2.9418 2.9580 0.0078
2.9761 2.9418 2.9580 0.0078
2.9761 2.9418 2.9580 0.0078
2.9761 2.9418 2.9581 0.0078
2.9761 2.9418 2.9581 0.0078
2.9761 2.9418 2.9581 0.0078
2.9761 2.9418 2.9583 0.0079
2.9761 2.9418 2.9583 0.0079
2.9761 2.9418 2.9583 0.0079
2.9761 2.9418 2.9583 0.0079
2.9761 2.9418 2.9584 0.0079
2.9761 2.9418 2.9586 0.0077
2.9761 2.9418 2.9586 0.0077
2.9761 2.9418 2.9586 0.0077
2.9761 2.9418 2.9586 0.0077
2.9761 2.9418 2.9586 0.0077
2.9761 2.9418 2.9586 0.0077
2.9761 2.9418 2.9586 0.0077
2.9761 2.9418 2.9586 0.0077
2.9761 2.9418 2.9586 0.0077
2.9761 2.9418 2.9586 0.0077
2.9761 2.9418 2.9586 0.0077
2.9761 2.9418 2.9586 0.0077
2.9761 2.9418 2.9588 0.0076
2.9761 2.9418 2.9588 0.0076
2.9761 2.9418 2.9588 0.0076
2.9761 2.9418 2.9588 0.0076
2.9761 2.9418 2.9589 0.0076
2.9761 2.9418 2.9589 0.0076
2.9761 2.9418 2.9589 0.0076
2.9761 2.9418 2.9589 0.0076
2.9761 2.9418 2.9589 0.0076
2.9761 2.9418 2.9589 0.0076
2.9761 2.9418 2.9591 0.0074
2.9761 2.9418 2.9591 0.0074
2.9761 2.9418 2.9594 0.0074
2.9761 2.9418 2.9594 0.0075
2.9761 2.9418 2.9595 0.0075
2.9761 2.9418 2.9596 0.0076
2.9761 2.9418 2.9597 0.0074
2.9761 2.9418 2.9598 0.0074
2.9761 2.9418 2.9598 0.0074
2.9761 2.9418 2.9599 0.0075
2.9761 2.9418 2.9599 0.0074
2.9761 2.9418 2.9600 0.0075
2.9761 2.9418 2.9602 0.0073
2.9761 2.9418 2.9602 0.0073
2.9761 2.9418 2.9603 0.0072
2.9761 2.9418 2.9603 0.0072
2.9761 2.9418 2.9604 0.0072
2.9761 2.9418 2.9604 0.0072
2.9761 2.9418 2.9604 0.0072
2.9761 2.9418 2.9604 0.0072
2.9927 2.9418 2.9607 0.0079
2.9927 2.9418 2.9607 0.0079
2.9927 2.9418 2.9607 0.0079
2.9927 2.9418 2.9609 0.0079
2.9927 2.9418 2.9609 0.0079
2.9927 2.9418 2.9609 0.0079
2.9927 2.9418 2.9609 0.0079
2.9927 2.9418 2.9609 0.0079
2.9927 2.9418 2.9609 0.0079
2.9927 2.9418 2.9609 0.0079
2.9927 2.9418 2.9609 0.0079
2.9927 2.9418 2.9609 0.0079
2.9927 2.9418 2.9609 0.0079
2.9927 2.9418 2.9611 0.0078
2.9927 2.9418 2.9611 0.0078
2.9927 2.9418 2.9612 0.0078
2.9927 2.9418 2.9612 0.0078
2.9927 2.9418 2.9612 0.0078
2.9927 2.9418 2.9612 0.0078
2.9927 2.9418 2.9612 0.0078
2.9927 2.9418 2.9613 0.0079
2.9927 2.9418 2.9614 0.0079
2.9927 2.9418 2.9614 0.0079
2.9927 2.9418 2.9614 0.0079
2.9927 2.9418 2.9614 0.0079
2.9927 2.9418 2.9614 0.0079
2.9927 2.9418 2.9616 0.0080
2.9927 2.9418 2.9616 0.0080
2.9927 2.9418 2.9616 0.0080
2.9927 2.9418 2.9616 0.0080
2.9927 2.9418 2.9616 0.0080
2.9927 2.9418 2.9616 0.0080
2.9927 2.9418 2.9616 0.0080
2.9927 2.9418 2.9616 0.0080
2.9927 2.9418 2.9616 0.0080
2.9927 2.9418 2.9616 0.0080
2.9927 2.9418 2.9616 0.0080
2.9927 2.9418 2.9616 0.0080
2.9927 2.9418 2.9616 0.0080
2.9927 2.9418 2.9616 0.0080
2.9927 2.9418 2.9616 0.0080
2.9927 2.9418 2.9616 0.0080
2.9927 2.9418 2.9616 0.0080
2.9927 2.9418 2.9616 0.0080
2.9927 2.9418 2.9616 0.0080
2.9927 2.9418 2.9616 0.0080
2.9927 2.9418 2.9616 0.0080
2.9927 2.9418 2.9616 0.0080
2.9927 2.9418 2.9616 0.0080
2.9927 2.9418 2.9616 0.0080
2.9927 2.9418 2.9616 0.0080
2.9927 2.9418 2.9616 0.0080
2.9927 2.9418 2.9616 0.0080
2.9927 2.9418 2.9616 0.0080
2.9927 2.9418 2.9616 0.0080
2.9927 2.9418 2.9620 0.0083
2.9927 2.9418 2.9620 0.0084
2.9927 2.9418 2.9620 0.0084
2.9927 2.9418 2.9620 0.0084
2.9927 2.9418 2.9620 0.0084
2.9927 2.9418 2.9620 0.0084
2.9927 2.9418 2.9622 0.0088
2.9927 2.9418 2.9622 0.0088
2.9927 2.9418 2.9622 0.0088
2.9927 2.9418 2.9622 0.0088
2.9927 2.9418 2.9622 0.0087
2.9927 2.9418 2.9622 0.0087
2.9927 2.9418 2.9624 0.0086
2.9927 2.9418 2.9625 0.0086
2.9927 2.9418 2.9625 0.0086
2.9927 2.9418 2.9625 0.0086
2.9927 2.9418 2.9625 0.0086
2.9927 2.9418 2.9625 0.0086
2.9927 2.9418 2.9625 0.0086
2.9927 2.9418 2.9625 0.0086
2.9927 2.9418 2.9626 0.0086
2.9927 2.9418 2.9626 0.0086
2.9927 2.9418 2.9627 0.0086
2.9927 2.9418 2.9627 0.0086
2.9927 2.9418 2.9628 0.0086
2.9927 2.9418 2.9628 0.0086
2.9927 2.9418 2.9628 0.0086
2.9927 2.9418 2.9628 0.0086
2.9927 2.9418 2.9628 0.0086
2.9927 2.9418 2.9628 0.0086
2.9927 2.9418 2.9628 0.0086
2.9927 2.9418 2.9628 0.0086
2.9927 2.9418 2.9628 0.0086
2.9927 2.9418 2.9628 0.0086
2.9927 2.9418 2.9628 0.0086
2.9927 2.9418 2.9629 0.0085
2.9927 2.9418 2.9629 0.0085
2.9927 2.9418 2.9629 0.0085
2.9927 2.9418 2.9629 0.0085
2.9927 2.9418 2.9629 0.0085
2.9927 2.9418 2.9629 0.0085
2.9927 2.9418 2.9629 0.0085
2.9927 2.9418 2.9629 0.0085
2.9927 2.9418 2.9630 0.0084
2.9927 2.9418 2.9630 0.0084
2.9927 2.9418 2.9630 0.0084
2.9927 2.9418 2.9633 0.0082
2.9927 2.9418 2.9633 0.0081
2.9927 2.9418 2.9633 0.0081
2.9927 2.9418 2.9633 0.0081
2.9927 2.9418 2.9634 0.0082
2.9927 2.9418 2.9635 0.0082
2.9927 2.9418 2.9635 0.0082
2.9927 2.9418 2.9635 0.0082
2.9927 2.9418 2.9635 0.0082
2.9927 2.9418 2.9635 0.0082
2.9927 2.9418 2.9635 0.0082
2.9927 2.9418 2.9635 0.0082
2.9927 2.9418 2.9636 0.0081
2.9927 2.9418 2.9636 0.0081
2.9927 2.9418 2.9636 0.0081
2.9927 2.9418 2.9636 0.0081
2.9927 2.9418 2.9636 0.0081
2.9927 2.9418 2.9636 0.0081
2.9927 2.9418 2.9636 0.0081
2.9927 2.9418 2.9638 0.0082
2.9927 2.9418 2.9638 0.0082
2.9927 2.9418 2.9638 0.0082
2.9927 2.9418 2.9638 0.0082
2.9927 2.9418 2.9638 0.0082
2.9927 2.9418 2.9641 0.0084
2.9927 2.9418 2.9641 0.0084
2.9927 2.9418 2.9641 0.0084
2.9927 2.9418 2.9641 0.0084
2.9927 2.9418 2.9641 0.0084
2.9927 2.9418 2.9641 0.0084
2.9927 2.9418 2.9642 0.0084
2.9927 2.9418 2.9643 0.0084
2.9927 2.9418 2.9644 0.0084
2.9927 2.9418 2.9645 0.0083
2.9927 2.9418 2.9646 0.0083
2.9927 2.9418 2.9646 0.0083
2.9927 2.9418 2.9646 0.0083
2.9927 2.9418 2.9646 0.0083
2.9927 2.9418 2.9646 0.0083
2.9927 2.9418 2.9646 0.0083
2.9927 2.9418 2.9646 0.0083
2.9927 2.9418 2.9646 0.0083
2.9927 2.9418 2.9646 0.0083
2.9927 2.9418 2.9646 0.0083
2.9927 2.9418 2.9646 0.0083
2.9927 2.9418 2.9646 0.0083
2.9927 2.9440 2.9648 0.0081
2.9927 2.9440 2.9648 0.0081
2.9927 2.9440 2.9649 0.0080
2.9927 2.9440 2.9650 0.0080
2.9927 2.9440 2.9650 0.0080
2.9927 2.9440 2.9650 0.0080
2.9927 2.9440 2.9650 0.0080
2.9927 2.9440 2.9651 0.0080
2.9927 2.9440 2.9651 0.0080
2.9927 2.9440 2.9651 0.0080
2.9927 2.9440 2.9651 0.0080
2.9927 2.9440 2.9651 0.0080
2.9927 2.9440 2.9651 0.0079
2.9927 2.9440 2.9651 0.0079
2.9927 2.9440 2.9651 0.0079
2.9927 2.9440 2.9651 0.0079
2.9927 2.9440 2.9652 0.0079
2.9927 2.9440 2.9654 0.0077
2.9927 2.9440 2.9654 0.0077
2.9927 2.9440 2.9654 0.0077
2.9927 2.9440 2.9654 0.0077
2.9927 2.9440 2.9654 0.0077
2.9927 2.9440 2.9654 0.0077
2.9927 2.9440 2.9654 0.0077
2.9927 2.9440 2.9654 0.0077
2.9927 2.9440 2.9655 0.0077
2.9927 2.9440 2.9656 0.0077
2.9927 2.9440 2.9656 0.0077
2.9927 2.9440 2.9656 0.0077
2.9927 2.9440 2.9656 0.0077
2.9927 2.9440 2.9656 0.0077
2.9927 2.9440 2.9656 0.0077
2.9927 2.9440 2.9656 0.0077
2.9927 2.9440 2.9656 0.0077
2.9927 2.9440 2.9656 0.0077
2.9927 2.9440 2.9656 0.0077
2.9927 2.9440 2.9656 0.0077
2.9927 2.9440 2.9656 0.0077
2.9927 2.9440 2.9656 0.0077
2.9927 2.9440 2.9656 0.0077
2.9927 2.9440 2.9656 0.0077
2.9927 2.9440 2.9656 0.0077
2.9927 2.9440 2.9656 0.0077
2.9927 2.9440 2.9656 0.0077
2.9927 2.9440 2.9656 0.0077
2.9927 2.9440 2.9656 0.0077
2.9927 2.9440 2.9656 0.0077
2.9927 2.9440 2.9656 0.0077
2.9927 2.9440 2.9656 0.0077
2.9927 2.9440 2.9656 0.0077
2.9927 2.9440 2.9656 0.0077
2.9927 2.9440 2.9657 0.0076
2.9927 2.9440 2.9657 0.0076
2.9927 2.9440 2.9659 0.0078
2.9927 2.9440 2.9659 0.0078
2.9927 2.9440 2.9660 0.0078
2.9927 2.9440 2.9660 0.0078
2.9927 2.9440 2.9661 0.0079
2.9927 2.9440 2.9661 0.0079
2.9927 2.9440 2.9661 0.0079
2.9927 2.9440 2.9661 0.0079
2.9927 2.9440 2.9662 0.0080
2.9927 2.9440 2.9662 0.0080
2.9927 2.9440 2.9663 0.0079
2.9927 2.9440 2.9664 0.0079
2.9927 2.9440 2.9664 0.0079
2.9927 2.9440 2.9664 0.0079
2.9927 2.9440 2.9664 0.0079
2.9927 2.9440 2.9664 0.0079
2.9927 2.9440 2.9665 0.0079
2.9927 2.9440 2.9666 0.0080
2.9927 2.9440 2.9666 0.0080
2.9927 2.9440 2.9666 0.0080
2.9927 2.9440 2.9666 0.0080
2.9927 2.9440 2.9666 0.0080
2.9927 2.9440 2.9667 0.0080
2.9927 2.9440 2.9667 0.0080
2.9927 2.9440 2.9667 0.0080
2.9927 2.9440 2.9667 0.0080
2.9927 2.9440 2.9668 0.0079
2.9927 2.9440 2.9670 0.0077
2.9927 2.9440 2.9671 0.0078
2.9927 2.9440 2.9671 0.0078
2.9927 2.9440 2.9672 0.0078
2.9927 2.9440 2.9672 0.0078
2.9927 2.9440 2.9672 0.0078
2.9927 2.9440 2.9672 0.0078
2.9927 2.9440 2.9674 0.0077
2.9927 2.9440 2.9674 0.0077
2.9927 2.9440 2.9674 0.0077
2.9927 2.9440 2.9674 0.0077
2.9927 2.9440 2.9674 0.0077
2.9927 2.9440 2.9675 0.0078
2.9927 2.9440 2.9675 0.0078
2.9927 2.9440 2.9675 0.0078
2.9927 2.9440 2.9675 0.0078
2.9927 2.9440 2.9675 0.0078
2.9927 2.9440 2.9675 0.0078
2.9927 2.9440 2.9675 0.0078
2.9927 2.9440 2.9675 0.0078
2.9927 2.9440 2.9677 0.0080
2.9927 2.9440 2.9678 0.0080
2.9927 2.9440 2.9681 0.0079
2.9927 2.9440 2.9682 0.0079
2.9927 2.9440 2.9684 0.0075
2.9927 2.9440 2.9684 0.0075
2.9927 2.9440 2.9684 0.0075
2.9927 2.9440 2.9684 0.0075
2.9927 2.9440 2.9684 0.0075
2.9927 2.9440 2.9685 0.0075
2.9927 2.9440 2.9685 0.0075
2.9927 2.9440 2.9685 0.0075
2.9927 2.9440 2.9686 0.0074
2.9927 2.9440 2.9686 0.0074
2.9927 2.9440 2.9686 0.0074
2.9927 2.9440 2.9686 0.0074
2.9927 2.9440 2.9686 0.0073
2.9927 2.9440 2.9686 0.0073
2.9927 2.9440 2.9687 0.0074
2.9927 2.9440 2.9687 0.0074
2.9927 2.9440 2.9688 0.0074
2.9927 2.9440 2.9688 0.0074
2.9927 2.9440 2.9688 0.0074
2.9927 2.9440 2.9689 0.0075
2.9927 2.9440 2.9689 0.0075
2.9927 2.9440 2.9689 0.0075
2.9927 2.9440 2.9689 0.0075
2.9927 2.9440 2.9689 0.0075
2.9927 2.9440 2.9690 0.0074
2.9927 2.9440 2.9690 0.0074
2.9927 2.9440 2.9690 0.0074
2.9927 2.9440 2.9690 0.0074
2.9927 2.9440 2.9690 0.0074
2.9927 2.9440 2.9692 0.0075
2.9927 2.9440 2.9694 0.0076
2.9927 2.9440 2.9695 0.0076
2.9927 2.9440 2.9695 0.0076
2.9927 2.9440 2.9695 0.0076
2.9927 2.9440 2.9695 0.0076
2.9927 2.9440 2.9696 0.0076
2.9927 2.9440 2.9697 0.0077
2.9927 2.9440 2.9697 0.0077
2.9927 2.9440 2.9697 0.0077
2.9927 2.9440 2.9698 0.0077
2.9927 2.9440 2.9698 0.0077
2.9927 2.9440 2.9698 0.0077
2.9927 2.9440 2.9698 0.0077
2.9927 2.9440 2.9699 0.0077
2.9927 2.9440 2.9699 0.0077
2.9927 2.9440 2.9699 0.0077
2.9927 2.9440 2.9699 0.0077
2.9927 2.9440 2.9699 0.0077
2.9927 2.9440 2.9699 0.0077
2.9927 2.9440 2.9699 0.0077
2.9927 2.9440 2.9699 0.0077
2.9927 2.9440 2.9699 0.0077
2.9927 2.9440 2.9699 0.0077
2.9927 2.9440 2.9700 0.0077
2.9927 2.9440 2.9701 0.0077
2.9927 2.9440 2.9701 0.0077
2.9927 2.9440 2.9701 0.0077
2.9927 2.9440 2.9701 0.0077
2.9927 2.9440 2.9702 0.0077
2.9927 2.9440 2.9702 0.0077
2.9927 2.9440 2.9702 0.0077
2.9927 2.9440 2.9702 0.0077
2.9927 2.9440 2.9702 0.0077
2.9927 2.9440 2.9702 0.0077
2.9927 2.9440 2.9704 0.0078
2.9927 2.9440 2.9704 0.0078
2.9927 2.9440 2.9705 0.0077
2.9927 2.9440 2.9705 0.0077
2.9927 2.9440 2.9706 0.0077
2.9927 2.9440 2.9706 0.0077
2.9927 2.9440 2.9706 0.0077
2.9927 2.9440 2.9706 0.0077
2.9927 2.9440 2.9706 0.0077
2.9927 2.9440 2.9706 0.0077
2.9927 2.9440 2.9706 0.0077
2.9927 2.9440 2.9706 0.0077
2.9927 2.9440 2.9706 0.0077
2.9927 2.9440 2.9706 0.0076
2.9987 2.9440 2.9708 0.0081
2.9987 2.9440 2.9709 0.0081
2.9987 2.9440 2.9709 0.0081
2.9987 2.9440 2.9710 0.0082
2.9987 2.9440 2.9710 0.0082
2.9987 2.9440 2.9710 0.0082
2.9987 2.9440 2.9711 0.0081
2.9987 2.9440 2.9711 0.0081
2.9987 2.9440 2.9711 0.0081
2.9987 2.9440 2.9711 0.0081
2.9987 2.9440 2.9711 0.0081
2.9987 2.9440 2.9711 0.0081
2.9987 2.9440 2.9713 0.0081
2.9987 2.9440 2.9713 0.0081
2.9987 2.9440 2.9713 0.0081
2.9987 2.9440 2.9713 0.0081
2.9987 2.9440 2.9714 0.0081
2.9987 2.9440 2.9714 0.0081
2.9987 2.9440 2.9714 0.0081
2.9987 2.9440 2.9715 0.0081
2.9987 2.9440 2.9715 0.0081
2.9987 2.9440 2.9715 0.0081
2.9987 2.9440 2.9715 0.0081
2.9987 2.9440 2.9715 0.0081
2.9987 2.9440 2.9715 0.0081
2.9987 2.9440 2.9716 0.0081
2.9987 2.9440 2.9718 0.0081
2.9987 2.9440 2.9718 0.0081
2.9987 2.9440 2.9718 0.0081
2.9987 2.9440 2.9719 0.0082
2.9987 2.9440 2.9721 0.0084
2.9987 2.9440 2.9721 0.0084
2.9987 2.9440 2.9721 0.0084
2.9987 2.9440 2.9721 0.0084
2.9987 2.9440 2.9722 0.0083
2.9987 2.9440 2.9723 0.0083
2.9987 2.9440 2.9723 0.0083
2.9987 2.9440 2.9723 0.0083
2.9987 2.9440 2.9723 0.0083
2.9987 2.9440 2.9724 0.0083
2.9987 2.9440 2.9724 0.0083
2.9987 2.9440 2.9724 0.0083
2.9987 2.9440 2.9725 0.0083
2.9987 2.9440 2.9725 0.0083
2.9987 2.9440 2.9726 0.0083
2.9987 2.9440 2.9726 0.0083
2.9987 2.9440 2.9726 0.0083
2.9987 2.9440 2.9727 0.0083
2.9987 2.9440 2.9727 0.0083
2.9987 2.9440 2.9727 0.0083
2.9987 2.9440 2.9727 0.0083
2.9987 2.9440 2.9727 0.0083
2.9987 2.9440 2.9727 0.0084
2.9987 2.9440 2.9727 0.0084
2.9987 2.9440 2.9727 0.0084
2.9987 2.9440 2.9727 0.0084
2.9987 2.9440 2.9728 0.0084
2.9987 2.9440 2.9728 0.0084
2.9987 2.9440 2.9728 0.0084
2.9987 2.9440 2.9728 0.0084
2.9987 2.9440 2.9728 0.0084
2.9987 2.9440 2.9728 0.0084
2.9987 2.9440 2.9729 0.0084
2.9987 2.9440 2.9729 0.0084
2.9987 2.9440 2.9729 0.0084
2.9987 2.9440 2.9729 0.0084
2.9987 2.9440 2.9733 0.0090
2.9987 2.9440 2.9734 0.0090
2.9987 2.9440 2.9734 0.0090
2.9987 2.9440 2.9734 0.0090
2.9987 2.9440 2.9736 0.0090
2.9987 2.9440 2.9737 0.0090
2.9987 2.9440 2.9737 0.0090
2.9987 2.9440 2.9737 0.0090
2.9987 2.9440 2.9737 0.0090
2.9987 2.9440 2.9738 0.0091
2.9987 2.9440 2.9738 0.0091
2.9987 2.9440 2.9738 0.0091
2.9987 2.9460 2.9740 0.0086
2.9987 2.9460 2.9742 0.0086
2.9987 2.9460 2.9742 0.0086
2.9987 2.9460 2.9742 0.0086
2.9987 2.9460 2.9742 0.0086
2.9987 2.9460 2.9743 0.0087
2.9987 2.9460 2.9743 0.0087
2.9987 2.9460 2.9743 0.0087
2.9987 2.9460 2.9743 0.0087
2.9987 2.9460 2.9743 0.0087
2.9987 2.9460 2.9743 0.0087
2.9987 2.9460 2.9743 0.0087
2.9987 2.9460 2.9744 0.0087
2.9987 2.9460 2.9744 0.0087
2.9987 2.9460 2.9744 0.0087
2.9987 2.9460 2.9747 0.0089
2.9987 2.9460 2.9748 0.0088
2.9987 2.9460 2.9748 0.0088
2.9987 2.9460 2.9748 0.0088
2.9987 2.9460 2.9748 0.0089
2.9987 2.9460 2.9749 0.0089
2.9987 2.9460 2.9749 0.0088
2.9987 2.9460 2.9749 0.0088
2.9987 2.9460 2.9749 0.0088
2.9987 2.9460 2.9749 0.0088
2.9987 2.9460 2.9749 0.0088
2.9987 2.9460 2.9750 0.0088
2.9987 2.9460 2.9750 0.0088
2.9987 2.9460 2.9750 0.0088
2.9987 2.9460 2.9750 0.0088
2.9987 2.9460 2.9750 0.0088
2.9987 2.9460 2.9750 0.0088
2.9987 2.9460 2.9750 0.0088
2.9987 2.9460 2.9750 0.0088
2.9987 2.9460 2.9750 0.0088
2.9987 2.9460 2.9750 0.0088
2.9987 2.9460 2.9750 0.0088
2.9987 2.9460 2.9751 0.0086
2.9987 2.9460 2.9751 0.0086
2.9987 2.9460 2.9751 0.0086
2.9987 2.9460 2.9751 0.0086
2.9987 2.9460 2.9754 0.0086
2.9987 2.9460 2.9754 0.0086
2.9987 2.9460 2.9754 0.0086
2.9987 2.9460 2.9754 0.0086
2.9987 2.9460 2.9754 0.0086
2.9987 2.9460 2.9755 0.0085
2.9987 2.9460 2.9755 0.0085
2.9987 2.9460 2.9755 0.0085
2.9987 2.9460 2.9755 0.0085
2.9987 2.9460 2.9755 0.0085
2.9987 2.9460 2.9755 0.0085
2.9987 2.9460 2.9756 0.0085
2.9987 2.9460 2.9758 0.0087
2.9987 2.9460 2.9758 0.0087
2.9987 2.9460 2.9758 0.0087
2.9987 2.9460 2.9758 0.0087
2.9987 2.9460 2.9759 0.0087
2.9987 2.9460 2.9759 0.0087
2.9987 2.9460 2.9760 0.0087
2.9987 2.9460 2.9760 0.0087
2.9987 2.9460 2.9760 0.0086
2.9987 2.9460 2.9760 0.0086
2.9987 2.9460 2.9760 0.0086
2.9987 2.9460 2.9760 0.0086
2.9987 2.9460 2.9764 0.0088
2.9987 2.9460 2.9765 0.0088
2.9987 2.9460 2.9765 0.0088
2.9987 2.9460 2.9765 0.0088
2.9987 2.9460 2.9766 0.0090
2.9987 2.9460 2.9766 0.0090
2.9987 2.9460 2.9766 0.0090
2.9987 2.9460 2.9766 0.0090
2.9987 2.9460 2.9766 0.0090
2.9987 2.9460 2.9766 0.0090
2.9987 2.9460 2.9766 0.0090
2.9987 2.9460 2.9766 0.0090
2.9987 2.9460 2.9766 0.0090
2.9987 2.9460 2.9767 0.0090
2.9987 2.9460 2.9767 0.0090
2.9987 2.9460 2.9767 0.0090
2.9987 2.9460 2.9767 0.0090
2.9987 2.9460 2.9768 0.0090
2.9987 2.9460 2.9768 0.0090
2.9987 2.9460 2.9768 0.0090
2.9987 2.9460 2.9768 0.0090
2.9987 2.9460 2.9768 0.0090
2.9987 2.9460 2.9769 0.0090
2.9987 2.9460 2.9769 0.0090
2.9987 2.9460 2.9771 0.0092
2.9987 2.9460 2.9772 0.0091
2.9987 2.9460 2.9772 0.0091
2.9987 2.9460 2.9772 0.0091
2.9987 2.9460 2.9772 0.0091
2.9987 2.9460 2.9772 0.0091
2.9987 2.9460 2.9772 0.0091
2.9987 2.9460 2.9773 0.0091
2.9987 2.9460 2.9774 0.0090
2.9987 2.9460 2.9774 0.0090
2.9987 2.9460 2.9774 0.0090
2.9987 2.9460 2.9774 0.0090
2.9987 2.9460 2.9774 0.0090
2.9987 2.9460 2.9774 0.0090
2.9987 2.9460 2.9775 0.0090
2.9987 2.9460 2.9775 0.0090
2.9987 2.9460 2.9775 0.0090
3.0130 2.9460 2.9777 0.0095
3.0130 2.9460 2.9777 0.0095
3.0130 2.9460 2.9777 0.0095
3.0130 2.9460 2.9777 0.0095
3.0130 2.9460 2.9777 0.0094
3.0130 2.9460 2.9777 0.0094
3.0130 2.9460 2.9777 0.0094
3.0130 2.9460 2.9777 0.0094
3.0130 2.9460 2.9777 0.0094
3.0130 2.9460 2.9778 0.0094
3.0130 2.9460 2.9778 0.0094
3.0130 2.9460 2.9778 0.0094
3.0130 2.9460 2.9778 0.0094
3.0130 2.9460 2.9780 0.0095
3.0130 2.9460 2.9780 0.0095
3.0130 2.9460 2.9780 0.0095
3.0130 2.9460 2.9781 0.0095
3.0130 2.9460 2.9781 0.0095
3.0130 2.9460 2.9783 0.0096
3.0130 2.9460 2.9783 0.0096
3.0130 2.9460 2.9783 0.0096
3.0130 2.9460 2.9783 0.0096
3.0130 2.9460 2.9784 0.0096
3.0130 2.9460 2.9786 0.0098
3.0130 2.9460 2.9787 0.0097
3.0130 2.9460 2.9789 0.0097
3.0130 2.9460 2.9789 0.0097
3.0130 2.9460 2.9789 0.0097
3.0130 2.9460 2.9789 0.0097
3.0130 2.9460 2.9789 0.0097
3.0130 2.9460 2.9789 0.0097
3.0130 2.9460 2.9789 0.0097
3.0130 2.9460 2.9789 0.0097
3.0130 2.9460 2.9789 0.0098
3.0130 2.9460 2.9792 0.0100
3.0130 2.9460 2.9792 0.0100
3.0130 2.9460 2.9792 0.0100
3.0130 2.9460 2.9792 0.0100
3.0130 2.9460 2.9792 0.0100
3.0130 2.9460 2.9793 0.0100
3.0130 2.9460 2.9793 0.0100
3.0130 2.9460 2.9793 0.0099
3.0130 2.9460 2.9793 0.0099
3.0130 2.9460 2.9793 0.0099
3.0130 2.9460 2.9793 0.0099
3.0130 2.9460 2.9793 0.0099
3.0130 2.9460 2.9794 0.0099
3.0130 2.9460 2.9794 0.0099
3.0130 2.9460 2.9796 0.0099
3.0130 2.9460 2.9796 0.0099
3.0130 2.9460 2.9797 0.0099
3.0130 2.9460 2.9797 0.0099
3.0130 2.9460 2.9797 0.0099
3.0130 2.9460 2.9798 0.0099
3.0212 2.9460 2.9798 0.0102
3.0212 2.9460 2.9799 0.0102
3.0212 2.9460 2.9801 0.0103
3.0212 2.9460 2.9801 0.0103
3.0212 2.9460 2.9801 0.0103
3.0212 2.9460 2.9801 0.0103
3.0212 2.9460 2.9801 0.0103
3.0212 2.9460 2.9801 0.0102
3.0212 2.9460 2.9801 0.0102
3.0212 2.9460 2.9801 0.0102
3.0212 2.9460 2.9801 0.0102
3.0212 2.9460 2.9802 0.0103
3.0212 2.9460 2.9802 0.0103
3.0212 2.9460 2.9802 0.0103
3.0212 2.9460 2.9803 0.0103
3.0212 2.9460 2.9803 0.0103
3.0212 2.9460 2.9803 0.0103
3.0212 2.9460 2.9803 0.0103
3.0212 2.9460 2.9803 0.0103
3.0212 2.9460 2.9803 0.0103
3.0212 2.9460 2.9803 0.0103
3.0212 2.9460 2.9803 0.0103
3.0212 2.9460 2.9803 0.0103
3.0212 2.9460 2.9803 0.0103
3.0212 2.9460 2.9804 0.0103
3.0212 2.9460 2.9804 0.0103
3.0212 2.9460 2.9806 0.0102
3.0212 2.9460 2.9806 0.0102
3.0212 2.9460 2.9806 0.0102
3.0212 2.9460 2.9806 0.0102
3.0212 2.9460 2.9806 0.0102
3.0212 2.9460 2.9807 0.0101
3.0212 2.9460 2.9807 0.0101
3.0212 2.9460 2.9807 0.0101
3.0212 2.9460 2.9808 0.0101
3.0212 2.9460 2.9808 0.0101
3.0212 2.9460 2.9808 0.0101
3.0212 2.9460 2.9808 0.0102
3.0212 2.9460 2.9808 0.0102
3.0212 2.9460 2.9809 0.0102
3.0212 2.9460 2.9810 0.0102
3.0212 2.9460 2.9811 0.0101
3.0212 2.9460 2.9811 0.0101
3.0212 2.9460 2.9812 0.0101
3.0212 2.9460 2.9812 0.0101
3.0212 2.9460 2.9813 0.0103
3.0212 2.9460 2.9814 0.0104
3.0212 2.9460 2.9814 0.0104
3.0212 2.9460 2.9814 0.0104
3.0212 2.9460 2.9814 0.0104
3.0212 2.9460 2.9814 0.0104
3.0212 2.9460 2.9814 0.0104
3.0212 2.9460 2.9815 0.0103
3.0212 2.9460 2.9815 0.0103
3.0212 2.9460 2.9815 0.0103
3.0212 2.9460 2.9818 0.0105
3.0212 2.9460 2.9819 0.0105
3.0212 2.9460 2.9819 0.0105
3.0212 2.9460 2.9820 0.0105
3.0212 2.9460 2.9821 0.0105
3.0212 2.9460 2.9821 0.0105
3.0214 2.9460 2.9825 0.0112
3.0214 2.9460 2.9825 0.0112
3.0214 2.9460 2.9826 0.0111
3.0214 2.9460 2.9826 0.0111
3.0214 2.9460 2.9827 0.0111
3.0214 2.9460 2.9827 0.0111
3.0214 2.9460 2.9827 0.0111
3.0214 2.9460 2.9827 0.0111
3.0214 2.9460 2.9829 0.0113
3.0214 2.9460 2.9829 0.0113
3.0214 2.9460 2.9829 0.0113
3.0214 2.9460 2.9829 0.0113
3.0214 2.9460 2.9829 0.0113
3.0214 2.9460 2.9829 0.0113
3.0214 2.9460 2.9829 0.0113
3.0214 2.9460 2.9830 0.0114
3.0214 2.9460 2.9833 0.0116
3.0214 2.9460 2.9834 0.0115
3.0214 2.9460 2.9836 0.0118
3.0214 2.9460 2.9836 0.0118
3.0214 2.9460 2.9839 0.0120
3.0214 2.9460 2.9839 0.0119
3.0214 2.9460 2.9839 0.0119
3.0214 2.9460 2.9839 0.0119
3.0214 2.9460 2.9839 0.0119
3.0214 2.9460 2.9839 0.0119
3.0214 2.9460 2.9839 0.0119
3.0214 2.9460 2.9839 0.0119
3.0214 2.9460 2.9839 0.0119
3.0214 2.9460 2.9842 0.0121
3.0214 2.9460 2.9842 0.0121
3.0214 2.9460 2.9842 0.0121
3.0214 2.9460 2.9843 0.0121
3.0214 2.9460 2.9845 0.0119
3.0214 2.9460 2.9846 0.0119
3.0214 2.9460 2.9847 0.0121
3.0214 2.9460 2.9847 0.0121
3.0214 2.9460 2.9847 0.0121
3.0214 2.9460 2.9847 0.0121
3.0214 2.9460 2.9847 0.0121
3.0214 2.9460 2.9847 0.0121
3.0214 2.9460 2.9848 0.0121
3.0214 2.9460 2.9848 0.0121
3.0214 2.9460 2.9850 0.0122
3.0214 2.9460 2.9850 0.0122
3.0214 2.9460 2.9850 0.0122
3.0214 2.9460 2.9850 0.0122
3.0214 2.9460 2.9850 0.0122
3.0214 2.9460 2.9850 0.0122
3.0214 2.9460 2.9852 0.0122
3.0214 2.9460 2.9852 0.0122
3.0214 2.9460 2.9852 0.0122
3.0214 2.9460 2.9852 0.0122
3.0214 2.9460 2.9854 0.0121
3.0214 2.9460 2.9854 0.0121
3.0214 2.9460 2.9854 0.0121
3.0214 2.9460 2.9856 0.0122
3.0214 2.9460 2.9859 0.0124
3.0214 2.9460 2.9859 0.0124
3.0214 2.9460 2.9859 0.0124
3.0214 2.9460 2.9859 0.0124
3.0214 2.9460 2.9859 0.0124
3.0214 2.9460 2.9859 0.0124
3.0214 2.9460 2.9859 0.0124
3.0214 2.9460 2.9859 0.0124
3.0214 2.9460 2.9859 0.0124
3.0214 2.9664 2.9863 0.0117
3.0214 2.9664 2.9866 0.0119
3.0214 2.9664 2.9866 0.0119
3.0214 2.9664 2.9869 0.0122
3.0214 2.9664 2.9871 0.0123
3.0214 2.9664 2.9871 0.0123
3.0214 2.9664 2.9873 0.0122
3.0214 2.9664 2.9874 0.0122
3.0214 2.9664 2.9874 0.0122
3.0214 2.9664 2.9874 0.0122
3.0214 2.9664 2.9874 0.0121
3.0214 2.9664 2.9874 0.0121
3.0214 2.9664 2.9874 0.0121
3.0214 2.9664 2.9874 0.0121
3.0214 2.9664 2.9877 0.0124
3.0214 2.9664 2.9877 0.0124
3.0214 2.9664 2.9881 0.0126
3.0214 2.9664 2.9881 0.0126
3.0214 2.9664 2.9882 0.0124
3.0214 2.9664 2.9882 0.0124
3.0214 2.9664 2.9882 0.0124
3.0214 2.9664 2.9882 0.0124
3.0214 2.9664 2.9882 0.0124
3.0214 2.9664 2.9882 0.0124
3.0214 2.9664 2.9882 0.0124
3.0214 2.9664 2.9882 0.0124
3.0214 2.9664 2.9882 0.0124
3.0214 2.9664 2.9883 0.0124
3.0214 2.9664 2.9884 0.0123
3.0214 2.9664 2.9884 0.0123
3.0214 2.9664 2.9884 0.0123
3.0214 2.9664 2.9884 0.0123
3.0214 2.9664 2.9884 0.0123
3.0214 2.9664 2.9885 0.0123
3.0214 2.9664 2.9885 0.0123
3.0225 2.9664 2.9886 0.0125
3.0225 2.9664 2.9886 0.0125
3.0225 2.9664 2.9887 0.0124
3.0225 2.9664 2.9888 0.0124
3.0225 2.9664 2.9888 0.0124
3.0225 2.9664 2.9888 0.0124
3.0225 2.9664 2.9888 0.0124
3.0225 2.9664 2.9888 0.0124
3.0225 2.9664 2.9888 0.0124
3.0225 2.9664 2.9890 0.0123
3.0225 2.9664 2.9891 0.0123
3.0225 2.9664 2.9891 0.0123
3.0225 2.9664 2.9891 0.0123
3.0225 2.9664 2.9892 0.0122
3.0225 2.9664 2.9892 0.0122
3.0225 2.9664 2.9892 0.0122
3.0225 2.9664 2.9892 0.0122
3.0225 2.9664 2.9892 0.0122
3.0225 2.9664 2.9892 0.0122
3.0225 2.9664 2.9896 0.0123
3.0225 2.9664 2.9896 0.0123
3.0225 2.9664 2.9896 0.0123
3.0225 2.9664 2.9896 0.0123
3.0225 2.9664 2.9896 0.0123
3.0225 2.9664 2.9896 0.0123
3.0225 2.9664 2.9896 0.0123
3.0225 2.9664 2.9897 0.0122
3.0225 2.9664 2.9897 0.0122
3.0225 2.9664 2.9897 0.0122
3.0225 2.9664 2.9898 0.0122
3.0225 2.9664 2.9900 0.0121
3.0225 2.9664 2.9902 0.0120
3.0225 2.9664 2.9902 0.0120
3.0225 2.9664 2.9902 0.0120
3.0225 2.9664 2.9902 0.0120
3.0225 2.9664 2.9902 0.0120
3.0225 2.9664 2.9904 0.0122
3.0225 2.9664 2.9904 0.0122
3.0225 2.9664 2.9904 0.0122
3.0225 2.9664 2.9905 0.0123
3.0225 2.9664 2.9905 0.0123
3.0225 2.9664 2.9905 0.0123
3.0225 2.9664 2.9906 0.0126
3.0225 2.9664 2.9906 0.0126
3.0225 2.9664 2.9906 0.0126
3.0225 2.9664 2.9906 0.0126
3.0225 2.9664 2.9908 0.0125
3.0225 2.9664 2.9908 0.0125
3.0225 2.9664 2.9908 0.0125
3.0225 2.9664 2.9908 0.0125
3.0225 2.9664 2.9908 0.0125
3.0225 2.9664 2.9909 0.0126
3.0225 2.9664 2.9910 0.0126
3.0225 2.9664 2.9911 0.0126
3.0225 2.9664 2.9911 0.0126
3.0225 2.9664 2.9911 0.0126
3.0225 2.9664 2.9911 0.0126
3.0225 2.9664 2.9914 0.0127
3.0225 2.9664 2.9915 0.0127
3.0225 2.9664 2.9915 0.0127
3.0225 2.9664 2.9915 0.0127
3.0225 2.9664 2.9916 0.0126
3.0225 2.9664 2.9919 0.0128
3.0225 2.9664 2.9919 0.0128
3.0225 2.9664 2.9919 0.0128
3.0225 2.9664 2.9919 0.0128
3.0225 2.9664 2.9919 0.0128
3.0225 2.9664 2.9919 0.0128
3.0225 2.9664 2.9919 0.0128
3.0225 2.9664 2.9919 0.0128
3.0225 2.9664 2.9919 0.0128
3.0225 2.9664 2.9921 0.0125
3.0225 2.9664 2.9921 0.0125
3.0225 2.9664 2.9922 0.0126
3.0225 2.9664 2.9925 0.0128
3.0225 2.9664 2.9926 0.0128
3.0225 2.9664 2.9926 0.0128
3.0225 2.9664 2.9929 0.0128
3.0225 2.9664 2.9929 0.0128
3.0225 2.9664 2.9930 0.0129
3.0225 2.9664 2.9930 0.0129
3.0225 2.9664 2.9931 0.0128
3.0225 2.9664 2.9932 0.0128
3.0225 2.9664 2.9933 0.0129
3.0225 2.9664 2.9933 0.0129
3.0225 2.9664 2.9934 0.0132
3.0225 2.9664 2.9935 0.0132
3.0225 2.9664 2.9935 0.0132
3.0225 2.9664 2.9935 0.0132
3.0225 2.9664 2.9936 0.0132
3.0225 2.9664 2.9936 0.0132
3.0225 2.9664 2.9936 0.0132
3.0225 2.9664 2.9936 0.0132
3.0225 2.9664 2.9937 0.0133
3.0225 2.9664 2.9937 0.0133
3.0225 2.9664 2.9937 0.0133
3.0225 2.9664 2.9937 0.0133
3.0225 2.9664 2.9937 0.0133
3.0225 2.9693 2.9937 0.0132
3.0225 2.9693 2.9937 0.0132
3.0225 2.9693 2.9937 0.0132
3.0225 2.9693 2.9937 0.0132
3.0225 2.9693 2.9937 0.0132
3.0225 2.9693 2.9941 0.0134
3.0225 2.9693 2.9941 0.0134
3.0225 2.9693 2.9941 0.0134
3.0225 2.9693 2.9942 0.0134
3.0225 2.9693 2.9942 0.0134
3.0225 2.9693 2.9944 0.0133
3.0225 2.9693 2.9944 0.0133
3.0302 2.9693 2.9946 0.0136
3.0302 2.9693 2.9946 0.0136
3.0302 2.9693 2.9946 0.0136
3.0302 2.9693 2.9947 0.0135
3.0302 2.9693 2.9948 0.0135
3.0302 2.9693 2.9948 0.0135
3.0302 2.9693 2.9949 0.0134
3.0302 2.9693 2.9949 0.0134
3.0302 2.9693 2.9950 0.0135
3.0302 2.9693 2.9950 0.0135
3.0302 2.9693 2.9952 0.0134
3.0302 2.9693 2.9952 0.0134
3.0302 2.9693 2.9954 0.0136
3.0302 2.9693 2.9956 0.0137
3.0302 2.9693 2.9956 0.0137
3.0302 2.9693 2.9958 0.0136
3.0302 2.9693 2.9960 0.0134
3.0302 2.9693 2.9960 0.0134
3.0302 2.9693 2.9962 0.0135
3.0302 2.9693 2.9964 0.0136
3.0302 2.9693 2.9965 0.0135
3.0302 2.9693 2.9965 0.0135
3.0302 2.9693 2.9967 0.0135
3.0302 2.9693 2.9967 0.0135
3.0302 2.9693 2.9970 0.0137
3.0302 2.9693 2.9971 0.0137
3.0302 2.9693 2.9971 0.0137
3.0302 2.9693 2.9975 0.0138
3.0302 2.9693 2.9976 0.0138
3.0302 2.9693 2.9980 0.0141
3.0302 2.9693 2.9980 0.0141
3.0302 2.9693 2.9980 0.0141
3.0302 2.9693 2.9980 0.0141
3.0302 2.9693 2.9980 0.0141
3.0302 2.9693 2.9983 0.0140
3.0302 2.9693 2.9983 0.0140
3.0311 2.9693 2.9985 0.0144
3.0311 2.9693 2.9988 0.0142
3.0311 2.9693 2.9988 0.0142
3.0311 2.9693 2.9988 0.0142
3.0311 2.9693 2.9988 0.0142
3.0311 2.9693 2.9990 0.0143
3.0311 2.9693 2.9991 0.0143
3.0311 2.9693 2.9991 0.0143
3.0311 2.9693 2.9991 0.0143
3.0311 2.9693 2.9991 0.0143
3.0311 2.9693 2.9991 0.0143
3.0311 2.9693 2.9992 0.0143
3.0311 2.9693 2.9992 0.0143
3.0311 2.9693 2.9992 0.0142
3.0311 2.9693 2.9992 0.0142
3.0311 2.9693 2.9993 0.0143
3.0311 2.9693 2.9993 0.0143
3.0311 2.9693 2.9994 0.0142
3.0311 2.9693 2.9994 0.0142
3.0311 2.9693 2.9994 0.0142
3.0311 2.9693 2.9994 0.0142
3.0311 2.9717 2.9996 0.0140
3.0311 2.9717 2.9996 0.0140
3.0311 2.9717 2.9996 0.0140
3.0311 2.9717 2.9996 0.0140
3.0311 2.9717 3.0000 0.0139
3.0311 2.9717 3.0001 0.0138
3.0311 2.9717 3.0001 0.0138
3.0311 2.9717 3.0003 0.0139
3.0311 2.9717 3.0004 0.0139
3.0311 2.9717 3.0004 0.0139
3.0311 2.9717 3.0007 0.0137
3.0311 2.9717 3.0007 0.0137
3.0311 2.9717 3.0010 0.0138
3.0311 2.9717 3.0010 0.0138
3.0311 2.9717 3.0010 0.0138
3.0311 2.9717 3.0010 0.0138
3.0311 2.9717 3.0010 0.0138
3.0311 2.9717 3.0010 0.0138
3.0311 2.9717 3.0011 0.0138
3.0311 2.9717 3.0012 0.0138
3.0311 2.9717 3.0012 0.0138
3.0311 2.9717 3.0012 0.0138
3.0311 2.9717 3.0014 0.0139
3.0311 2.9717 3.0014 0.0139
3.0311 2.9717 3.0014 0.0139
3.0311 2.9717 3.0014 0.0139
3.0311 2.9717 3.0014 0.0139
3.0311 2.9717 3.0014 0.0139
3.0311 2.9717 3.0014 0.0139
3.0311 2.9717 3.0017 0.0138
3.0311 2.9717 3.0017 0.0138
3.0311 2.9717 3.0018 0.0138
3.0311 2.9717 3.0018 0.0138
3.0311 2.9717 3.0018 0.0138
3.0311 2.9717 3.0018 0.0138
3.0311 2.9717 3.0018 0.0138
3.0311 2.9717 3.0018 0.0138
3.0311 2.9717 3.0018 0.0138
3.0311 2.9717 3.0020 0.0137
3.0311 2.9717 3.0020 0.0137
3.0312 2.9717 3.0022 0.0140
3.0312 2.9717 3.0025 0.0143
3.0312 2.9717 3.0026 0.0143
3.0312 2.9717 3.0026 0.0143
3.0312 2.9717 3.0026 0.0143
3.0312 2.9717 3.0026 0.0143
3.0312 2.9717 3.0028 0.0142
3.0312 2.9717 3.0028 0.0142
3.0312 2.9717 3.0028 0.0142
3.0312 2.9717 3.0028 0.0142
3.0312 2.9717 3.0028 0.0142
3.0312 2.9717 3.0028 0.0142
3.0312 2.9717 3.0029 0.0141
3.0312 2.9717 3.0030 0.0141
3.0312 2.9717 3.0030 0.0141
3.0312 2.9717 3.0031 0.0141
3.0312 2.9717 3.0032 0.0140
3.0312 2.9717 3.0035 0.0139
3.0312 2.9717 3.0036 0.0139
3.0312 2.9717 3.0038 0.0140
3.0312 2.9717 3.0038 0.0140
3.0312 2.9717 3.0038 0.0140
3.0312 2.9717 3.0038 0.0140
3.0312 2.9717 3.0038 0.0140
3.0312 2.9717 3.0038 0.0140
3.0312 2.9723 3.0041 0.0137
3.0312 2.9723 3.0044 0.0138
3.0322 2.9723 3.0044 0.0139
3.0322 2.9723 3.0044 0.0139
3.0322 2.9723 3.0044 0.0138
3.0322 2.9723 3.0045 0.0138
3.0322 2.9723 3.0045 0.0138
3.0322 2.9757 3.0048 0.0134
3.0322 2.9757 3.0048 0.0133
3.0322 2.9757 3.0049 0.0133
3.0322 2.9757 3.0050 0.0132
3.0322 2.9757 3.0050 0.0132
3.0322 2.9757 3.0050 0.0132
3.0322 2.9757 3.0050 0.0132
3.0322 2.9757 3.0052 0.0134
3.0322 2.9757 3.0052 0.0134
3.0322 2.9757 3.0053 0.0134
3.0322 2.9757 3.0053 0.0134
3.0322 2.9757 3.0053 0.0134
3.0322 2.9757 3.0053 0.0134
3.0322 2.9757 3.0053 0.0134
3.0322 2.9757 3.0053 0.0134
3.0322 2.9757 3.0053 0.0134
3.0322 2.9757 3.0055 0.0134
3.0322 2.9757 3.0055 0.0134
3.0322 2.9757 3.0058 0.0134
3.0322 2.9757 3.0058 0.0134
3.0322 2.9757 3.0058 0.0134
3.0322 2.9757 3.0058 0.0134
3.0443 2.9757 3.0064 0.0138
3.0443 2.9757 3.0064 0.0137
3.0443 2.9757 3.0064 0.0137
3.0443 2.9757 3.0064 0.0137
3.0443 2.9757 3.0064 0.0137
3.0443 2.9757 3.0064 0.0137
3.0443 2.9757 3.0066 0.0136
3.0443 2.9757 3.0067 0.0136
3.0443 2.9757 3.0069 0.0136
3.0443 2.9757 3.0069 0.0136
3.0443 2.9757 3.0070 0.0135
3.0443 2.9757 3.0070 0.0135
3.0443 2.9757 3.0070 0.0135
3.0443 2.9757 3.0071 0.0135
3.0443 2.9757 3.0071 0.0135
3.0443 2.9757 3.0071 0.0135
3.0443 2.9757 3.0071 0.0134
3.0443 2.9757 3.0072 0.0134
3.0443 2.9757 3.0073 0.0135
3.0443 2.9757 3.0073 0.0135
3.0443 2.9757 3.0075 0.0134
3.0443 2.9757 3.0075 0.0134
3.0443 2.9757 3.0077 0.0134
3.0443 2.9757 3.0078 0.0134
3.0443 2.9757 3.0080 0.0133
3.0443 2.9757 3.0080 0.0133
3.0443 2.9757 3.0081 0.0133
3.0443 2.9757 3.0081 0.0133
3.0443 2.9757 3.0081 0.0133
3.0443 2.9757 3.0081 0.0133
3.0443 2.9757 3.0081 0.0133
3.0443 2.9757 3.0081 0.0132
3.0443 2.9757 3.0084 0.0133
3.0443 2.9757 3.0084 0.0133
3.0443 2.9757 3.0084 0.0133
3.0443 2.9757 3.0084 0.0133
3.0443 2.9757 3.0084 0.0133
3.0443 2.9757 3.0086 0.0135
3.0443 2.9757 3.0086 0.0135
3.0443 2.9757 3.0087 0.0134
3.0443 2.9757 3.0088 0.0134
3.0443 2.9757 3.0088 0.0134
3.0443 2.9757 3.0088 0.0134
3.0443 2.9757 3.0088 0.0134
3.0443 2.9757 3.0090 0.0135
3.0443 2.9757 3.0090 0.0135
3.0443 2.9757 3.0091 0.0134
3.0443 2.9757 3.0091 0.0134
3.0443 2.9757 3.0092 0.0134
3.0443 2.9757 3.0093 0.0133
3.0443 2.9757 3.0093 0.0133
3.0443 2.9757 3.0093 0.0133
3.0443 2.9757 3.0093 0.0133
3.0443 2.9757 3.0093 0.0133
3.0443 2.9757 3.0093 0.0133
3.0443 2.9757 3.0093 0.0134
3.0443 2.9757 3.0093 0.0134
3.0443 2.9757 3.0093 0.0134
3.0443 2.9757 3.0093 0.0134
3.0443 2.9757 3.0094 0.0134
3.0443 2.9757 3.0095 0.0134
3.0443 2.9757 3.0095 0.0134
3.0443 2.9757 3.0095 0.0134
3.0443 2.9757 3.0096 0.0133
3.0443 2.9757 3.0096 0.0133
3.0443 2.9757 3.0096 0.0133
3.0443 2.9757 3.0097 0.0133
3.0443 2.9757 3.0097 0.0133
3.0443 2.9757 3.0097 0.0133
3.0443 2.9757 3.0097 0.0133
3.0443 2.9757 3.0097 0.0133
3.0443 2.9757 3.0097 0.0133
3.0443 2.9757 3.0097 0.0133
3.0443 2.9757 3.0097 0.0133
3.0443 2.9757 3.0099 0.0133
3.0443 2.9757 3.0099 0.0133
3.0443 2.9757 3.0099 0.0133
3.0443 2.9757 3.0099 0.0133
3.0443 2.9757 3.0099 0.0133
3.0443 2.9757 3.0101 0.0131
3.0443 2.9757 3.0101 0.0131
3.0443 2.9757 3.0101 0.0131
3.0443 2.9757 3.0103 0.0129
3.0443 2.9757 3.0103 0.0129
3.0443 2.9757 3.0103 0.0129
3.0443 2.9757 3.0103 0.0129
3.0443 2.9757 3.0103 0.0129
3.0443 2.9757 3.0106 0.0127
3.0443 2.9757 3.0106 0.0127
3.0443 2.9757 3.0106 0.0127
3.0443 2.9757 3.0106 0.0127
3.0443 2.9757 3.0107 0.0126
3.0443 2.9757 3.0108 0.0126
3.0443 2.9757 3.0109 0.0125
3.0443 2.9757 3.0113 0.0125
3.0443 2.9757 3.0114 0.0125
3.0443 2.9757 3.0116 0.0125
3.0443 2.9757 3.0116 0.0125
3.0443 2.9782 3.0121 0.0121
3.0443 2.9782 3.0121 0.0121
3.0443 2.9782 3.0122 0.0120
3.0443 2.9782 3.0122 0.0120
3.0443 2.9782 3.0122 0.0120
3.0443 2.9782 3.0123 0.0121
3.0443 2.9782 3.0123 0.0121
3.0443 2.9782 3.0123 0.0121
3.0443 2.9782 3.0123 0.0121
3.0443 2.9782 3.0123 0.0121
3.0443 2.9782 3.0124 0.0120
3.0443 2.9782 3.0124 0.0120
3.0443 2.9782 3.0125 0.0120
3.0443 2.9782 3.0125 0.0120
3.0443 2.9782 3.0125 0.0120
3.0443 2.9782 3.0126 0.0120
3.0443 2.9782 3.0126 0.0120
3.0443 2.9782 3.0127 0.0120
3.0443 2.9782 3.0127 0.0120
3.0443 2.9782 3.0127 0.0120
3.0443 2.9782 3.0127 0.0120
3.0443 2.9782 3.0127 0.0120
3.0443 2.9782 3.0127 0.0120
3.0443 2.9782 3.0127 0.0120
3.0443 2.9782 3.0130 0.0121
3.0443 2.9782 3.0130 0.0121
3.0443 2.9782 3.0130 0.0121
3.0443 2.9782 3.0133 0.0118
3.0443 2.9782 3.0134 0.0118
3.0443 2.9782 3.0135 0.0118
3.0443 2.9782 3.0135 0.0118
3.0443 2.9782 3.0135 0.0118
3.0443 2.9782 3.0135 0.0118
3.0443 2.9782 3.0135 0.0118
3.0443 2.9782 3.0135 0.0118
3.0443 2.9782 3.0135 0.0118
3.0443 2.9782 3.0135 0.0118
3.0443 2.9782 3.0138 0.0118
3.0443 2.9782 3.0140 0.0117
3.0443 2.9782 3.0140 0.0117
3.0443 2.9782 3.0140 0.0117
3.0443 2.9782 3.0140 0.0117
3.0443 2.9782 3.0143 0.0117
3.0443 2.9782 3.0143 0.0117
3.0443 2.9782 3.0143 0.0117
3.0443 2.9782 3.0144 0.0117
3.0443 2.9782 3.0144 0.0117
3.0443 2.9782 3.0144 0.0117
3.0443 2.9782 3.0144 0.0117
3.0443 2.9782 3.0144 0.0117
3.0443 2.9782 3.0146 0.0116
3.0443 2.9782 3.0146 0.0116
3.0443 2.9782 3.0146 0.0116
3.0443 2.9782 3.0148 0.0115
3.0443 2.9782 3.0148 0.0115
3.0443 2.9782 3.0148 0.0115
3.0443 2.9782 3.0148 0.0116
3.0443 2.9782 3.0148 0.0116
3.0443 2.9782 3.0148 0.0116
3.0443 2.9782 3.0150 0.0117
3.0443 2.9782 3.0150 0.0117
3.0443 2.9782 3.0150 0.0117
3.0443 2.9782 3.0150 0.0117
3.0443 2.9782 3.0150 0.0117
3.0443 2.9782 3.0150 0.0117
3.0443 2.9782 3.0150 0.0117
3.0443 2.9782 3.0150 0.0117
3.0443 2.9782 3.0150 0.0117
3.0443 2.9782 3.0150 0.0117
3.0443 2.9782 3.0150 0.0117
3.0443 2.9782 3.0150 0.0117
3.0443 2.9782 3.0154 0.0114
3.0443 2.9782 3.0154 0.0114
3.0443 2.9782 3.0154 0.0114
3.0443 2.9782 3.0154 0.0114
3.0443 2.9782 3.0154 0.0114
3.0443 2.9782 3.0154 0.0114
3.0443 2.9782 3.0154 0.0114
3.0443 2.9857 3.0157 0.0108
3.0443 2.9857 3.0157 0.0108
3.0443 2.9857 3.0158 0.0109
3.0443 2.9857 3.0158 0.0109
3.0443 2.9857 3.0161 0.0111
3.0443 2.9857 3.0161 0.0111
3.0443 2.9857 3.0162 0.0111
3.0443 2.9857 3.0163 0.0112
3.0443 2.9857 3.0163 0.0112
3.0443 2.9857 3.0163 0.0112
3.0443 2.9857 3.0166 0.0112
3.0443 2.9857 3.0167 0.0112
3.0443 2.9857 3.0168 0.0112
3.0443 2.9857 3.0168 0.0112
3.0443 2.9857 3.0168 0.0112
3.0443 2.9857 3.0168 0.0111
3.0443 2.9857 3.0168 0.0111
3.0443 2.9857 3.0168 0.0111
3.0443 2.9857 3.0169 0.0112
3.0443 2.9857 3.0169 0.0112
3.0443 2.9857 3.0169 0.0112
3.0443 2.9857 3.0169 0.0112
3.0443 2.9857 3.0169 0.0112
3.0443 2.9857 3.0169 0.0112
3.0443 2.9857 3.0172 0.0108
3.0443 2.9857 3.0173 0.0109
3.0443 2.9857 3.0173 0.0109
3.0443 2.9857 3.0173 0.0109
3.0443 2.9857 3.0173 0.0109
3.0443 2.9857 3.0174 0.0107
3.0443 2.9857 3.0177 0.0107
3.0443 2.9857 3.0177 0.0107
3.0443 2.9857 3.0177 0.0107
3.0443 2.9857 3.0177 0.0107
3.0443 2.9857 3.0177 0.0107
3.0443 2.9857 3.0177 0.0107
3.0443 2.9857 3.0178 0.0105
3.0443 2.9857 3.0180 0.0107
3.0443 2.9857 3.0180 0.0107
3.0443 2.9857 3.0180 0.0107
3.0443 2.9857 3.0182 0.0107
3.0443 2.9857 3.0183 0.0107
3.0443 2.9857 3.0186 0.0110
3.0443 2.9857 3.0186 0.0110
3.0443 2.9857 3.0188 0.0108
3.0443 2.9857 3.0189 0.0107
3.0443 2.9857 3.0189 0.0107
3.0443 2.9857 3.0190 0.0106
3.0443 2.9857 3.0193 0.0106
3.0443 2.9857 3.0193 0.0106
3.0443 2.9857 3.0193 0.0105
3.0443 2.9857 3.0193 0.0105
3.0443 2.9857 3.0195 0.0107
3.0443 2.9857 3.0195 0.0107
3.0443 2.9857 3.0195 0.0107
3.0443 2.9857 3.0195 0.0107
3.0443 2.9857 3.0195 0.0107
3.0443 2.9857 3.0195 0.0107
3.0443 2.9857 3.0195 0.0107
3.0443 2.9857 3.0195 0.0107
3.0443 2.9857 3.0195 0.0107
3.0443 2.9857 3.0197 0.0108
3.0443 2.9857 3.0197 0.0108
3.0443 2.9857 3.0197 0.0108
3.0443 2.9857 3.0198 0.0108
3.0443 2.9857 3.0198 0.0108
3.0443 2.9857 3.0198 0.0108
3.0443 2.9857 3.0198 0.0108
3.0443 2.9857 3.0201 0.0103
3.0443 2.9857 3.0201 0.0103
3.0443 2.9857 3.0201 0.0103
3.0443 2.9857 3.0202 0.0104
3.0443 2.9857 3.0202 0.0104
3.0443 2.9857 3.0204 0.0105
3.0443 2.9857 3.0204 0.0105
3.0443 2.9857 3.0205 0.0105
3.0443 2.9857 3.0206 0.0105
3.0443 2.9857 3.0206 0.0105
3.0443 2.9857 3.0206 0.0105
3.0443 2.9857 3.0206 0.0105
3.0443 2.9857 3.0206 0.0105
3.0443 2.9857 3.0206 0.0105
3.0443 2.9857 3.0206 0.0105
3.0443 2.9857 3.0207 0.0106
3.0443 2.9857 3.0207 0.0106
3.0443 2.9857 3.0207 0.0106
3.0443 2.9857 3.0207 0.0106
3.0443 2.9857 3.0207 0.0106
3.0443 2.9857 3.0207 0.0106
3.0443 2.9857 3.0207 0.0106
3.0443 2.9857 3.0207 0.0106
3.0443 2.9857 3.0208 0.0106
3.0443 2.9857 3.0211 0.0104
3.0443 2.9857 3.0211 0.0104
3.0443 2.9857 3.0213 0.0105
3.0443 2.9857 3.0215 0.0102
3.0443 2.9857 3.0215 0.0102
3.0443 2.9857 3.0216 0.0102
3.0443 2.9857 3.0217 0.0102
3.0443 2.9857 3.0219 0.0102
3.0443 2.9857 3.0220 0.0102
3.0443 2.9857 3.0220 0.0102
3.0443 2.9857 3.0220 0.0102
3.0443 2.9857 3.0220 0.0101
3.0443 2.9857 3.0221 0.0103
3.0443 2.9857 3.0222 0.0103
3.0443 2.9857 3.0222 0.0104
3.0443 2.9857 3.0222 0.0104
3.0443 2.9857 3.0223 0.0104
3.0443 2.9857 3.0223 0.0104
3.0443 2.9857 3.0225 0.0102
3.0443 2.9857 3.0225 0.0102
3.0443 2.9857 3.0225 0.0102
3.0443 2.9857 3.0225 0.0102
3.0443 2.9857 3.0226 0.0102
3.0443 2.9857 3.0226 0.0102
3.0443 2.9857 3.0227 0.0102
3.0443 2.9857 3.0227 0.0102
3.0443 2.9857 3.0228 0.0101
3.0443 2.9857 3.0228 0.0101
3.0443 2.9857 3.0228 0.0101
3.0443 2.9857 3.0228 0.0101
3.0443 2.9857 3.0229 0.0102
3.0443 2.9857 3.0229 0.0102
3.0443 2.9857 3.0229 0.0102
3.0443 2.9857 3.0231 0.0101
3.0443 2.9857 3.0231 0.0101
3.0443 2.9857 3.0231 0.0101
3.0443 2.9857 3.0233 0.0102
3.0443 2.9857 3.0233 0.0102
3.0443 2.9857 3.0233 0.0101
3.0443 2.9857 3.0233 0.0101
3.0443 2.9857 3.0233 0.0101
3.0443 2.9857 3.0233 0.0101
3.0443 2.9857 3.0233 0.0101
3.0443 2.9857 3.0233 0.0101
3.0443 2.9857 3.0234 0.0101
3.0443 2.9857 3.0234 0.0101
3.0443 2.9857 3.0234 0.0101
3.0443 2.9857 3.0234 0.0101
3.0443 2.9857 3.0234 0.0101
3.0443 2.9857 3.0236 0.0102
3.0443 2.9857 3.0236 0.0102
3.0443 2.9857 3.0239 0.0102
3.0443 2.9857 3.0239 0.0102
3.0443 2.9857 3.0242 0.0103
3.0443 2.9857 3.0242 0.0103
3.0443 2.9857 3.0242 0.0103
3.0443 2.9857 3.0242 0.0103
3.0443 2.9857 3.0243 0.0103
3.0443 2.9857 3.0243 0.0103
3.0443 2.9857 3.0246 0.0103
3.0443 2.9857 3.0246 0.0103
3.0443 2.9857 3.0246 0.0103
3.0443 2.9857 3.0246 0.0103
3.0443 2.9857 3.0248 0.0103
3.0443 2.9857 3.0250 0.0104
3.0443 2.9857 3.0250 0.0104
3.0443 2.9857 3.0252 0.0105
3.0443 2.9857 3.0252 0.0105
3.0443 2.9857 3.0252 0.0105
3.0443 2.9857 3.0252 0.0105
3.0443 2.9857 3.0252 0.0105
3.0443 2.9857 3.0252 0.0106
3.0443 2.9857 3.0252 0.0106
3.0443 2.9857 3.0252 0.0106
3.0443 2.9857 3.0253 0.0105
3.0443 2.9857 3.0255 0.0101
3.0443 2.9857 3.0255 0.0102
3.0443 2.9857 3.0255 0.0102
3.0443 2.9857 3.0255 0.0102
3.0443 2.9857 3.0255 0.0102
3.0443 2.9857 3.0255 0.0102
3.0443 2.9857 3.0255 0.0102
3.0443 2.9857 3.0256 0.0101
3.0443 2.9857 3.0257 0.0101
3.0443 2.9857 3.0257 0.0101
3.0443 2.9857 3.0257 0.0101
3.0443 2.9857 3.0257 0.0101
3.0443 2.9857 3.0257 0.0101
3.0443 2.9857 3.0257 0.0101
3.0443 2.9857 3.0257 0.0101
3.0443 2.9857 3.0258 0.0101
3.0443 2.9857 3.0259 0.0101
3.0443 2.9857 3.0259 0.0101
3.0443 2.9857 3.0259 0.0101
3.0443 2.9857 3.0259 0.0101
3.0443 2.9857 3.0259 0.0101
3.0443 2.9857 3.0259 0.0101
3.0443 2.9857 3.0259 0.0101
3.0443 2.9857 3.0259 0.0101
3.0443 2.9857 3.0261 0.0103
3.0443 2.9857 3.0261 0.0103
3.0443 2.9857 3.0261 0.0103
3.0443 2.9857 3.0261 0.0103
3.0443 2.9857 3.0261 0.0103
3.0443 2.9857 3.0262 0.0103
3.0443 2.9857 3.0262 0.0103
3.0443 2.9857 3.0262 0.0103
3.0443 2.9857 3.0262 0.0103
3.0443 2.9857 3.0262 0.0103
3.0443 2.9857 3.0262 0.0103
3.0443 2.9857 3.0264 0.0103
3.0443 2.9857 3.0264 0.0103
3.0443 2.9857 3.0264 0.0103
3.0443 2.9857 3.0264 0.0103
3.0443 2.9857 3.0264 0.0103
3.0443 2.9857 3.0264 0.0103
3.0443 2.9857 3.0264 0.0103
3.0443 2.9857 3.0264 0.0103
3.0443 2.9857 3.0264 0.0103
3.0443 2.9857 3.0264 0.0103
3.0443 2.9857 3.0264 0.0103
3.0443 2.9857 3.0264 0.0103
3.0443 2.9857 3.0265 0.0103
3.0443 2.9857 3.0266 0.0103
3.0443 2.9857 3.0266 0.0103
3.0443 2.9857 3.0266 0.0103
3.0443 2.9857 3.0268 0.0105
3.0443 2.9857 3.0269 0.0105
3.0443 2.9857 3.0269 0.0105
3.0443 2.9857 3.0269 0.0105
3.0443 2.9857 3.0270 0.0105
3.0443 2.9857 3.0270 0.0105
3.0443 2.9857 3.0271 0.0105
3.0443 2.9857 3.0273 0.0104
3.0443 2.9857 3.0273 0.0104
3.0443 2.9857 3.0273 0.0104
3.0443 2.9857 3.0273 0.0104
3.0443 2.9857 3.0275 0.0103
3.0443 2.9857 3.0275 0.0104
3.0443 2.9857 3.0275 0.0104
3.0443 2.9857 3.0278 0.0101
3.0443 2.9857 3.0278 0.0101
3.0443 2.9857 3.0278 0.0101
3.0443 2.9857 3.0278 0.0101
3.0443 2.9857 3.0278 0.0102
3.0443 2.9857 3.0280 0.0102
3.0443 2.9857 3.0280 0.0102
3.0443 2.9857 3.0280 0.0102
3.0450 2.9857 3.0281 0.0103
3.0450 2.9857 3.0282 0.0103
3.0450 2.9857 3.0282 0.0103
3.0450 2.9857 3.0282 0.0103
3.0450 2.9857 3.0282 0.0103
3.0450 2.9857 3.0282 0.0103
3.0471 2.9857 3.0282 0.0104
3.0471 2.9857 3.0282 0.0104
3.0471 2.9857 3.0283 0.0104
3.0471 2.9857 3.0284 0.0105
3.0471 2.9857 3.0285 0.0104
3.0471 2.9857 3.0285 0.0104
3.0471 2.9857 3.0285 0.0104
3.0471 2.9857 3.0285 0.0104
3.0471 2.9857 3.0285 0.0104
3.0471 2.9857 3.0285 0.0104
3.0471 2.9857 3.0285 0.0104
3.0471 2.9857 3.0285 0.0104
3.0471 2.9857 3.0286 0.0103
3.0471 2.9857 3.0287 0.0103
3.0471 2.9857 3.0287 0.0103
3.0471 2.9857 3.0287 0.0103
3.0471 2.9857 3.0287 0.0103
3.0471 2.9857 3.0287 0.0103
3.0471 2.9857 3.0287 0.0103
3.0471 2.9857 3.0287 0.0103
3.0471 2.9857 3.0287 0.0103
3.0471 2.9857 3.0288 0.0104
3.0471 2.9857 3.0288 0.0104
3.0471 2.9857 3.0288 0.0103
3.0471 2.9857 3.0289 0.0103
3.0471 2.9857 3.0289 0.0103
3.0471 2.9857 3.0289 0.0103
3.0471 2.9857 3.0290 0.0103
3.0471 3.0018 3.0293 0.0095
3.0471 3.0018 3.0293 0.0095
3.0488 3.0018 3.0296 0.0097
3.0488 3.0018 3.0298 0.0098
3.0488 3.0018 3.0298 0.0098
3.0488 3.0018 3.0299 0.0098
3.0488 3.0018 3.0299 0.0098
3.0488 3.0018 3.0299 0.0098
3.0488 3.0018 3.0299 0.0098
3.0488 3.0018 3.0299 0.0098
3.0488 3.0018 3.0299 0.0098
3.0488 3.0018 3.0299 0.0098
3.0488 3.0018 3.0299 0.0098
3.0488 3.0018 3.0299 0.0098
3.0488 3.0018 3.0301 0.0098
3.0488 3.0018 3.0301 0.0098
3.0488 3.0018 3.0301 0.0098
3.0488 3.0018 3.0302 0.0098
3.0488 3.0018 3.0302 0.0098
3.0488 3.0018 3.0302 0.0098
3.0488 3.0018 3.0304 0.0096
3.0488 3.0018 3.0304 0.0096
3.0488 3.0018 3.0304 0.0096
3.0488 3.0018 3.0304 0.0096
3.0488 3.0018 3.0304 0.0096
3.0488 3.0018 3.0304 0.0096
3.0488 3.0018 3.0304 0.0096
3.0488 3.0018 3.0304 0.0096
3.0488 3.0018 3.0305 0.0096
3.0488 3.0018 3.0305 0.0096
3.0488 3.0018 3.0306 0.0096
3.0488 3.0018 3.0306 0.0096
3.0488 3.0018 3.0306 0.0096
3.0488 3.0018 3.0307 0.0096
3.0488 3.0018 3.0307 0.0095
3.0488 3.0018 3.0309 0.0094
3.0488 3.0018 3.0309 0.0094
3.0488 3.0018 3.0309 0.0094
3.0488 3.0018 3.0310 0.0094
3.0488 3.0018 3.0311 0.0093
3.0488 3.0018 3.0311 0.0093
3.0488 3.0018 3.0311 0.0093
3.0488 3.0018 3.0313 0.0094
3.0488 3.0018 3.0313 0.0094
3.0488 3.0018 3.0313 0.0094
3.0488 3.0018 3.0315 0.0092
3.0488 3.0018 3.0316 0.0092
3.0488 3.0098 3.0317 0.0089
3.0488 3.0098 3.0319 0.0087
3.0488 3.0098 3.0319 0.0087
3.0488 3.0098 3.0320 0.0087
3.0488 3.0098 3.0321 0.0088
3.0488 3.0098 3.0322 0.0088
3.0488 3.0098 3.0322 0.0088
3.0488 3.0098 3.0322 0.0088
3.0488 3.0098 3.0322 0.0088
3.0488 3.0098 3.0322 0.0088
3.0488 3.0098 3.0323 0.0087
3.0488 3.0098 3.0323 0.0087
3.0488 3.0098 3.0324 0.0087
3.0488 3.0098 3.0324 0.0087
3.0488 3.0098 3.0324 0.0087
3.0488 3.0098 3.0326 0.0086
3.0488 3.0098 3.0327 0.0085
3.0488 3.0098 3.0327 0.0085
3.0488 3.0098 3.0327 0.0085
3.0488 3.0098 3.0327 0.0085
3.0488 3.0098 3.0327 0.0085
3.0488 3.0098 3.0327 0.0085
3.0488 3.0098 3.0328 0.0086
3.0488 3.0098 3.0328 0.0086
3.0488 3.0098 3.0328 0.0086
3.0488 3.0098 3.0329 0.0086
3.0488 3.0098 3.0330 0.0086
3.0488 3.0098 3.0330 0.0086
3.0488 3.0098 3.0330 0.0086
3.0488 3.0098 3.0330 0.0086
3.0488 3.0098 3.0331 0.0086
3.0488 3.0098 3.0331 0.0086
3.0488 3.0098 3.0331 0.0086
3.0488 3.0098 3.0331 0.0086
3.0488 3.0098 3.0331 0.0086
3.0488 3.0098 3.0331 0.0086
3.0488 3.0098 3.0331 0.0086
3.0488 3.0098 3.0331 0.0086
3.0488 3.0098 3.0334 0.0084
3.0488 3.0098 3.0334 0.0084
3.0488 3.0098 3.0335 0.0084
3.0488 3.0098 3.0335 0.0084
3.0488 3.0098 3.0335 0.0084
3.0488 3.0098 3.0335 0.0084
3.0488 3.0098 3.0335 0.0084
3.0488 3.0098 3.0335 0.0084
3.0488 3.0098 3.0335 0.0084
3.0488 3.0098 3.0335 0.0084
3.0488 3.0098 3.0335 0.0084
3.0488 3.0098 3.0335 0.0084
3.0488 3.0098 3.0335 0.0084
3.0488 3.0098 3.0335 0.0084
3.0488 3.0098 3.0335 0.0084
3.0488 3.0098 3.0336 0.0084
3.0488 3.0098 3.0336 0.0084
3.0488 3.0098 3.0336 0.0084
3.0488 3.0098 3.0336 0.0084
3.0488 3.0098 3.0336 0.0084
3.0488 3.0098 3.0336 0.0084
3.0488 3.0098 3.0336 0.0084
3.0488 3.0098 3.0336 0.0084
3.0488 3.0098 3.0338 0.0083
3.0488 3.0098 3.0339 0.0082
3.0488 3.0098 3.0339 0.0082
3.0488 3.0098 3.0339 0.0082
3.0488 3.0098 3.0340 0.0082
3.0488 3.0098 3.0341 0.0083
3.0517 3.0098 3.0344 0.0084
3.0517 3.0098 3.0344 0.0084
3.0517 3.0129 3.0345 0.0082
3.0517 3.0129 3.0346 0.0083
3.0517 3.0129 3.0346 0.0083
3.0517 3.0129 3.0346 0.0083
3.0517 3.0129 3.0346 0.0083
3.0517 3.0129 3.0346 0.0083
3.0517 3.0129 3.0346 0.0084
3.0517 3.0129 3.0347 0.0084
3.0517 3.0129 3.0348 0.0083
3.0517 3.0129 3.0349 0.0083
3.0517 3.0129 3.0349 0.0083
3.0517 3.0129 3.0349 0.0083
3.0517 3.0129 3.0349 0.0083
3.0517 3.0129 3.0349 0.0083
3.0517 3.0129 3.0349 0.0083
3.0517 3.0129 3.0349 0.0083
3.0517 3.0129 3.0349 0.0083
3.0517 3.0129 3.0349 0.0083
3.0517 3.0129 3.0349 0.0083
3.0517 3.0129 3.0349 0.0083
3.0517 3.0129 3.0351 0.0085
3.0517 3.0129 3.0351 0.0085
3.0517 3.0129 3.0351 0.0085
3.0517 3.0129 3.0352 0.0085
3.0517 3.0129 3.0352 0.0085
3.0517 3.0129 3.0353 0.0085
3.0517 3.0129 3.0353 0.0086
3.0517 3.0129 3.0355 0.0086
3.0517 3.0129 3.0355 0.0085
3.0517 3.0129 3.0355 0.0085
3.0517 3.0129 3.0358 0.0084
3.0517 3.0129 3.0358 0.0084
3.0517 3.0129 3.0360 0.0084
3.0517 3.0129 3.0362 0.0083
3.0517 3.0129 3.0362 0.0084
3.0517 3.0129 3.0362 0.0084
3.0517 3.0129 3.0363 0.0085
3.0517 3.0129 3.0364 0.0085
3.0517 3.0129 3.0364 0.0085
3.0517 3.0129 3.0364 0.0085
3.0517 3.0129 3.0364 0.0085
3.0517 3.0129 3.0364 0.0085
3.0517 3.0129 3.0364 0.0085
3.0517 3.0129 3.0364 0.0085
3.0517 3.0129 3.0364 0.0085
3.0517 3.0129 3.0364 0.0085
3.0517 3.0129 3.0364 0.0085
3.0517 3.0129 3.0364 0.0085
3.0517 3.0129 3.0364 0.0085
3.0517 3.0129 3.0365 0.0085
3.0517 3.0129 3.0365 0.0085
3.0517 3.0129 3.0365 0.0085
3.0517 3.0129 3.0365 0.0085
3.0517 3.0129 3.0365 0.0085
3.0517 3.0129 3.0365 0.0085
3.0517 3.0129 3.0367 0.0084
3.0517 3.0129 3.0367 0.0084
3.0517 3.0129 3.0368 0.0084
3.0517 3.0129 3.0369 0.0085
3.0541 3.0129 3.0373 0.0088
3.0541 3.0129 3.0373 0.0088
3.0541 3.0129 3.0373 0.0088
3.0541 3.0129 3.0373 0.0088
3.0541 3.0129 3.0374 0.0088
3.0541 3.0129 3.0374 0.0088
3.0541 3.0129 3.0374 0.0088
3.0541 3.0129 3.0374 0.0088
3.0541 3.0129 3.0374 0.0088
3.0541 3.0129 3.0374 0.0088
3.0541 3.0129 3.0374 0.0088
3.0541 3.0129 3.0375 0.0089
3.0541 3.0129 3.0375 0.0089
3.0541 3.0129 3.0376 0.0089
3.0555 3.0129 3.0377 0.0089
3.0555 3.0129 3.0377 0.0089
3.0555 3.0129 3.0377 0.0089
3.0555 3.0129 3.0377 0.0089
3.0555 3.0129 3.0379 0.0089
3.0555 3.0129 3.0380 0.0089
3.0555 3.0129 3.0380 0.0089
3.0555 3.0129 3.0380 0.0089
3.0555 3.0129 3.0382 0.0088
3.0555 3.0129 3.0382 0.0088
3.0555 3.0129 3.0382 0.0088
3.0555 3.0129 3.0382 0.0088
3.0555 3.0129 3.0382 0.0088
3.0555 3.0129 3.0382 0.0088
3.0555 3.0129 3.0383 0.0088
3.0555 3.0129 3.0383 0.0088
3.0555 3.0129 3.0383 0.0088
3.0555 3.0129 3.0383 0.0088
3.0555 3.0129 3.0383 0.0088
3.0555 3.0129 3.0384 0.0086
3.0555 3.0129 3.0385 0.0087
3.0555 3.0129 3.0385 0.0087
3.0555 3.0129 3.0386 0.0086
3.0555 3.0129 3.0386 0.0086
3.0555 3.0129 3.0387 0.0086
3.0555 3.0129 3.0387 0.0086
3.0555 3.0129 3.0387 0.0086
3.0555 3.0129 3.0387 0.0086
3.0555 3.0129 3.0387 0.0086
3.0555 3.0129 3.0387 0.0086
3.0555 3.0129 3.0389 0.0084
3.0555 3.0129 3.0389 0.0084
3.0555 3.0129 3.0390 0.0081
3.0555 3.0129 3.0390 0.0081
3.0555 3.0129 3.0391 0.0081
3.0555 3.0129 3.0392 0.0082
3.0555 3.0129 3.0392 0.0082
3.0555 3.0129 3.0393 0.0083
3.0555 3.0129 3.0393 0.0083
3.0555 3.0129 3.0394 0.0083
3.0555 3.0129 3.0394 0.0082
3.0555 3.0129 3.0394 0.0082
3.0555 3.0129 3.0394 0.0082
3.0555 3.0129 3.0396 0.0084
3.0555 3.0129 3.0396 0.0084
3.0555 3.0129 3.0396 0.0084
3.0555 3.0129 3.0396 0.0084
3.0555 3.0129 3.0396 0.0084
3.0555 3.0129 3.0396 0.0084
3.0555 3.0129 3.0396 0.0084
3.0555 3.0129 3.0397 0.0082
3.0555 3.0129 3.0397 0.0082
3.0555 3.0129 3.0397 0.0082
3.0555 3.0129 3.0397 0.0082
3.0555 3.0129 3.0398 0.0082
3.0555 3.0129 3.0398 0.0082
3.0555 3.0129 3.0398 0.0082
3.0555 3.0129 3.0398 0.0082
3.0555 3.0129 3.0398 0.0082
3.0555 3.0129 3.0398 0.0082
3.0555 3.0129 3.0399 0.0082
3.0555 3.0129 3.0399 0.0082
3.0555 3.0129 3.0399 0.0082
3.0555 3.0129 3.0399 0.0082
3.0555 3.0129 3.0400 0.0082
3.0555 3.0129 3.0400 0.0082
3.0555 3.0129 3.0400 0.0082
3.0555 3.0129 3.0401 0.0082
3.0555 3.0129 3.0401 0.0082
3.0555 3.0129 3.0401 0.0082
3.0555 3.0129 3.0401 0.0082
3.0555 3.0129 3.0401 0.0082
3.0555 3.0129 3.0401 0.0082
3.0555 3.0129 3.0401 0.0082
3.0555 3.0129 3.0401 0.0082
3.0556 3.0129 3.0401 0.0082
3.0556 3.0129 3.0401 0.0082
3.0556 3.0129 3.0401 0.0083
3.0556 3.0129 3.0403 0.0084
3.0556 3.0129 3.0403 0.0084
3.0556 3.0129 3.0403 0.0084
3.0556 3.0129 3.0405 0.0085
3.0556 3.0129 3.0407 0.0084
3.0556 3.0129 3.0407 0.0083
3.0556 3.0129 3.0407 0.0083
3.0556 3.0129 3.0407 0.0083
3.0556 3.0129 3.0407 0.0083
3.0556 3.0129 3.0407 0.0083
3.0556 3.0129 3.0407 0.0083
3.0556 3.0129 3.0408 0.0083
3.0556 3.0129 3.0408 0.0084
3.0556 3.0129 3.0408 0.0084
3.0556 3.0129 3.0408 0.0084
3.0556 3.0129 3.0408 0.0084
3.0556 3.0129 3.0408 0.0084
3.0556 3.0129 3.0408 0.0084
3.0556 3.0129 3.0408 0.0084
3.0556 3.0129 3.0410 0.0085
3.0556 3.0129 3.0410 0.0085
3.0556 3.0129 3.0411 0.0085
3.0556 3.0129 3.0411 0.0085
3.0556 3.0129 3.0412 0.0085
3.0556 3.0129 3.0412 0.0085
3.0556 3.0129 3.0412 0.0085
3.0556 3.0129 3.0412 0.0085
3.0556 3.0129 3.0413 0.0085
3.0556 3.0129 3.0413 0.0085
3.0556 3.0129 3.0414 0.0084
3.0556 3.0129 3.0414 0.0084
3.0556 3.0129 3.0414 0.0084
3.0556 3.0129 3.0414 0.0084
3.0556 3.0129 3.0414 0.0084
3.0556 3.0129 3.0414 0.0084
3.0556 3.0129 3.0414 0.0084
3.0622 3.0129 3.0416 0.0086
3.0622 3.0129 3.0416 0.0086
3.0622 3.0129 3.0416 0.0086
3.0622 3.0129 3.0416 0.0086
3.0622 3.0129 3.0416 0.0086
3.0622 3.0129 3.0416 0.0086
3.0622 3.0129 3.0416 0.0086
3.0622 3.0129 3.0416 0.0086
3.0622 3.0129 3.0416 0.0086
3.0622 3.0129 3.0416 0.0086
3.0622 3.0129 3.0416 0.0086
3.0622 3.0129 3.0416 0.0086
3.0622 3.0129 3.0417 0.0086
3.0622 3.0129 3.0419 0.0084
3.0622 3.0129 3.0422 0.0085
3.0622 3.0129 3.0422 0.0085
3.0622 3.0129 3.0423 0.0085
3.0622 3.0129 3.0423 0.0085
3.0622 3.0129 3.0423 0.0085
3.0622 3.0129 3.0424 0.0084
3.0622 3.0129 3.0424 0.0084
3.0622 3.0129 3.0425 0.0084
3.0622 3.0129 3.0425 0.0084
3.0622 3.0129 3.0425 0.0084
3.0622 3.0129 3.0426 0.0084
3.0622 3.0129 3.0426 0.0085
3.0622 3.0129 3.0426 0.0085
3.0622 3.0129 3.0426 0.0085
3.0622 3.0129 3.0426 0.0084
3.0622 3.0129 3.0426 0.0085
3.0622 3.0129 3.0426 0.0085
3.0622 3.0129 3.0427 0.0085
3.0622 3.0129 3.0427 0.0085
3.0622 3.0129 3.0427 0.0086
3.0622 3.0129 3.0427 0.0086
3.0622 3.0129 3.0427 0.0086
3.0622 3.0129 3.0427 0.0086
3.0622 3.0129 3.0428 0.0086
3.0622 3.0129 3.0431 0.0084
3.0622 3.0129 3.0431 0.0084
3.0622 3.0129 3.0431 0.0084
3.0622 3.0129 3.0431 0.0084
3.0622 3.0129 3.0431 0.0084
3.0622 3.0129 3.0432 0.0084
3.0622 3.0129 3.0432 0.0084
3.0622 3.0129 3.0432 0.0084
3.0622 3.0129 3.0432 0.0084
3.0622 3.0129 3.0435 0.0085
3.0622 3.0177 3.0437 0.0080
3.0622 3.0177 3.0437 0.0080
3.0622 3.0177 3.0439 0.0079
3.0622 3.0177 3.0439 0.0079
3.0622 3.0177 3.0440 0.0081
3.0622 3.0177 3.0440 0.0081
3.0622 3.0177 3.0440 0.0081
3.0622 3.0177 3.0440 0.0081
3.0622 3.0177 3.0440 0.0081
3.0622 3.0177 3.0441 0.0080
3.0622 3.0177 3.0441 0.0080
3.0622 3.0177 3.0441 0.0080
3.0622 3.0177 3.0441 0.0080
3.0622 3.0177 3.0443 0.0081
3.0622 3.0177 3.0443 0.0081
3.0622 3.0177 3.0443 0.0081
3.0622 3.0177 3.0444 0.0082
3.0622 3.0177 3.0444 0.0082
3.0622 3.0177 3.0444 0.0082
3.0622 3.0177 3.0444 0.0082
3.0622 3.0177 3.0444 0.0082
3.0622 3.0177 3.0444 0.0082
3.0622 3.0177 3.0445 0.0082
3.0622 3.0177 3.0446 0.0083
3.0622 3.0177 3.0446 0.0083
3.0622 3.0177 3.0446 0.0082
3.0622 3.0177 3.0446 0.0082
3.0622 3.0177 3.0446 0.0082
3.0622 3.0177 3.0446 0.0082
3.0622 3.0177 3.0446 0.0082
3.0622 3.0177 3.0446 0.0082
3.0622 3.0177 3.0446 0.0082
3.0622 3.0177 3.0447 0.0083
3.0622 3.0177 3.0447 0.0083
3.0622 3.0177 3.0447 0.0083
3.0622 3.0177 3.0447 0.0083
3.0622 3.0177 3.0447 0.0083
3.0622 3.0177 3.0448 0.0082
3.0622 3.0177 3.0448 0.0082
3.0622 3.0177 3.0449 0.0082
3.0622 3.0177 3.0449 0.0082
3.0622 3.0177 3.0450 0.0082
3.0622 3.0177 3.0452 0.0080
3.0637 3.0177 3.0453 0.0082
3.0637 3.0177 3.0453 0.0082
3.0637 3.0177 3.0455 0.0078
3.0637 3.0177 3.0455 0.0078
3.0637 3.0177 3.0455 0.0078
3.0637 3.0177 3.0457 0.0077
3.0637 3.0177 3.0460 0.0075
3.0637 3.0177 3.0460 0.0075
3.0637 3.0177 3.0460 0.0075
3.0637 3.0177 3.0460 0.0075
3.0637 3.0177 3.0460 0.0075
3.0637 3.0177 3.0461 0.0074
3.0637 3.0177 3.0461 0.0074
3.0637 3.0177 3.0462 0.0075
3.0637 3.0177 3.0462 0.0075
3.0637 3.0177 3.0462 0.0075
3.0637 3.0177 3.0462 0.0075
3.0637 3.0177 3.0462 0.0075
3.0637 3.0177 3.0462 0.0075
3.0637 3.0177 3.0463 0.0075
3.0637 3.0177 3.0463 0.0075
3.0637 3.0177 3.0464 0.0077
3.0637 3.0177 3.0464 0.0077
3.0637 3.0177 3.0465 0.0077
3.0637 3.0177 3.0465 0.0077
3.0637 3.0177 3.0465 0.0077
3.0637 3.0177 3.0465 0.0077
3.0637 3.0177 3.0465 0.0077
3.0682 3.0177 3.0468 0.0080
3.0682 3.0177 3.0468 0.0080
3.0682 3.0177 3.0470 0.0082
3.0682 3.0177 3.0470 0.0082
3.0682 3.0177 3.0470 0.0082
3.0682 3.0177 3.0470 0.0082
3.0682 3.0177 3.0470 0.0082
3.0682 3.0177 3.0470 0.0082
3.0682 3.0177 3.0470 0.0082
3.0682 3.0177 3.0470 0.0082
3.0682 3.0177 3.0470 0.0082
3.0682 3.0177 3.0470 0.0082
3.0682 3.0177 3.0470 0.0082
3.0682 3.0177 3.0472 0.0081
3.0682 3.0177 3.0472 0.0081
3.0682 3.0177 3.0472 0.0081
3.0682 3.0177 3.0473 0.0080
3.0682 3.0177 3.0473 0.0080
3.0682 3.0177 3.0473 0.0080
3.0682 3.0177 3.0473 0.0080
3.0682 3.0177 3.0473 0.0080
3.0682 3.0177 3.0473 0.0080
3.0682 3.0177 3.0473 0.0080
3.0682 3.0177 3.0473 0.0080
3.0682 3.0177 3.0474 0.0081
3.0682 3.0177 3.0474 0.0081
3.0682 3.0177 3.0474 0.0081
3.0682 3.0177 3.0475 0.0082
3.0682 3.0177 3.0475 0.0082
3.0682 3.0177 3.0476 0.0082
3.0682 3.0177 3.0476 0.0082
3.0682 3.0177 3.0476 0.0082
3.0682 3.0177 3.0476 0.0082
3.0682 3.0177 3.0476 0.0082
3.0682 3.0177 3.0476 0.0082
3.0682 3.0177 3.0477 0.0081
3.0682 3.0177 3.0477 0.0081
3.0682 3.0177 3.0477 0.0081
3.0682 3.0177 3.0478 0.0081
3.0682 3.0177 3.0478 0.0081
3.0682 3.0177 3.0478 0.0081
3.0682 3.0177 3.0478 0.0081
3.0682 3.0177 3.0478 0.0081
3.0682 3.0177 3.0478 0.0081
3.0682 3.0177 3.0478 0.0081
3.0682 3.0177 3.0478 0.0081
3.0682 3.0177 3.0478 0.0081
3.0682 3.0177 3.0478 0.0081
3.0682 3.0177 3.0478 0.0081
3.0682 3.0177 3.0478 0.0081
3.0682 3.0177 3.0478 0.0081
3.0682 3.0177 3.0478 0.0081
3.0682 3.0177 3.0478 0.0081
3.0682 3.0177 3.0478 0.0081
3.0682 3.0177 3.0479 0.0081
3.0682 3.0177 3.0479 0.0081
3.0682 3.0177 3.0479 0.0081
3.0682 3.0177 3.0481 0.0080
3.0682 3.0177 3.0482 0.0081
3.0682 3.0177 3.0483 0.0080
3.0682 3.0177 3.0483 0.0081
3.0682 3.0265 3.0484 0.0078
3.0682 3.0265 3.0484 0.0078
3.0682 3.0265 3.0485 0.0078
3.0682 3.0265 3.0485 0.0078
3.0682 3.0265 3.0487 0.0077
3.0682 3.0265 3.0487 0.0077
3.0682 3.0265 3.0487 0.0077
3.0682 3.0265 3.0487 0.0077
3.0682 3.0265 3.0487 0.0077
3.0682 3.0265 3.0487 0.0077
3.0682 3.0265 3.0487 0.0077
3.0682 3.0265 3.0487 0.0077
3.0682 3.0265 3.0488 0.0077
3.0682 3.0265 3.0488 0.0077
3.0682 3.0265 3.0488 0.0077
3.0682 3.0265 3.0488 0.0077
3.0682 3.0265 3.0488 0.0077
3.0682 3.0265 3.0489 0.0076
3.0682 3.0265 3.0491 0.0077
3.0682 3.0265 3.0491 0.0077
3.0682 3.0265 3.0491 0.0077
3.0682 3.0265 3.0491 0.0077
3.0682 3.0265 3.0491 0.0077
3.0682 3.0265 3.0492 0.0077
3.0682 3.0265 3.0492 0.0077
3.0682 3.0265 3.0492 0.0077
3.0682 3.0265 3.0492 0.0077
3.0682 3.0265 3.0492 0.0077
3.0682 3.0265 3.0493 0.0078
3.0682 3.0265 3.0494 0.0079
3.0682 3.0265 3.0494 0.0079
3.0682 3.0265 3.0494 0.0079
3.0682 3.0265 3.0494 0.0079
3.0682 3.0265 3.0494 0.0079
3.0682 3.0265 3.0494 0.0079
3.0682 3.0265 3.0494 0.0079
3.0682 3.0265 3.0495 0.0080
3.0682 3.0265 3.0495 0.0080
3.0682 3.0265 3.0495 0.0080
3.0682 3.0265 3.0495 0.0080
3.0682 3.0265 3.0495 0.0080
3.0682 3.0265 3.0496 0.0081
3.0682 3.0265 3.0496 0.0081
3.0682 3.0265 3.0498 0.0081
3.0682 3.0265 3.0498 0.0081
3.0682 3.0265 3.0498 0.0081
3.0682 3.0265 3.0498 0.0081
3.0682 3.0265 3.0498 0.0081
3.0682 3.0265 3.0501 0.0080
3.0682 3.0265 3.0501 0.0080
3.0682 3.0265 3.0501 0.0080
3.0682 3.0265 3.0501 0.0080
3.0682 3.0265 3.0501 0.0079
3.0682 3.0265 3.0501 0.0079
3.0682 3.0265 3.0501 0.0079
3.0682 3.0265 3.0502 0.0079
3.0682 3.0265 3.0503 0.0079
3.0682 3.0265 3.0503 0.0079
3.0682 3.0265 3.0504 0.0079
3.0682 3.0265 3.0504 0.0079
3.0682 3.0265 3.0505 0.0079
3.0682 3.0265 3.0505 0.0079
3.0682 3.0265 3.0505 0.0079
3.0682 3.0265 3.0505 0.0079
3.0682 3.0265 3.0505 0.0079
3.0682 3.0265 3.0505 0.0079
3.0682 3.0265 3.0505 0.0079
3.0682 3.0265 3.0505 0.0079
3.0682 3.0265 3.0505 0.0079
3.0682 3.0265 3.0506 0.0079
3.0682 3.0265 3.0506 0.0079
3.0682 3.0265 3.0507 0.0078
3.0682 3.0265 3.0507 0.0078
3.0682 3.0265 3.0507 0.0078
3.0682 3.0265 3.0507 0.0078
3.0682 3.0265 3.0507 0.0078
3.0682 3.0265 3.0508 0.0079
3.0682 3.0265 3.0509 0.0079
3.0682 3.0265 3.0509 0.0079
3.0682 3.0265 3.0509 0.0079
3.0682 3.0265 3.0509 0.0079
3.0682 3.0265 3.0510 0.0080
3.0682 3.0265 3.0511 0.0082
3.0682 3.0265 3.0511 0.0082
3.0682 3.0265 3.0511 0.0082
3.0682 3.0265 3.0511 0.0082
3.0682 3.0265 3.0513 0.0081
3.0682 3.0265 3.0514 0.0081
3.0682 3.0265 3.0514 0.0081
3.0682 3.0265 3.0516 0.0081
3.0682 3.0265 3.0516 0.0081
3.0682 3.0265 3.0516 0.0081
3.0682 3.0265 3.0516 0.0081
3.0682 3.0265 3.0518 0.0080
3.0682 3.0265 3.0519 0.0080
3.0682 3.0265 3.0520 0.0080
3.0682 3.0265 3.0520 0.0080
3.0682 3.0265 3.0520 0.0080
3.0682 3.0265 3.0520 0.0080
3.0682 3.0265 3.0520 0.0080
3.0682 3.0265 3.0521 0.0080
3.0682 3.0265 3.0521 0.0080
3.0682 3.0265 3.0522 0.0080
3.0682 3.0265 3.0522 0.0080
3.0682 3.0265 3.0522 0.0080
3.0682 3.0265 3.0522 0.0080
3.0682 3.0265 3.0522 0.0080
3.0682 3.0265 3.0522 0.0080
3.0682 3.0265 3.0524 0.0079
3.0682 3.0265 3.0524 0.0079
3.0682 3.0265 3.0524 0.0079
3.0682 3.0265 3.0525 0.0079
3.0682 3.0265 3.0525 0.0079
3.0682 3.0265 3.0525 0.0079
3.0682 3.0265 3.0525 0.0079
3.0682 3.0265 3.0525 0.0079
3.0682 3.0265 3.0525 0.0079
3.0682 3.0265 3.0525 0.0079
3.0682 3.0265 3.0525 0.0079
3.0682 3.0265 3.0525 0.0079
3.0682 3.0265 3.0526 0.0080
3.0682 3.0265 3.0526 0.0080
3.0682 3.0265 3.0526 0.0080
3.0682 3.0265 3.0526 0.0080
3.0682 3.0265 3.0526 0.0080
3.0682 3.0265 3.0527 0.0078
3.0682 3.0265 3.0527 0.0078
3.0682 3.0265 3.0531 0.0076
3.0682 3.0265 3.0531 0.0076
3.0682 3.0265 3.0531 0.0076
3.0682 3.0265 3.0532 0.0075
3.0682 3.0265 3.0532 0.0075
3.0682 3.0265 3.0532 0.0075
3.0682 3.0265 3.0533 0.0075
3.0682 3.0265 3.0533 0.0075
3.0682 3.0265 3.0534 0.0075
3.0682 3.0265 3.0534 0.0075
3.0682 3.0265 3.0534 0.0075
3.0682 3.0265 3.0534 0.0075
3.0682 3.0265 3.0535 0.0075
3.0682 3.0265 3.0535 0.0075
3.0682 3.0265 3.0537 0.0076
3.0682 3.0265 3.0537 0.0076
3.0682 3.0265 3.0537 0.0076
3.0682 3.0265 3.0537 0.0076
3.0682 3.0265 3.0537 0.0076
3.0682 3.0265 3.0537 0.0076
3.0682 3.0265 3.0538 0.0076
3.0682 3.0265 3.0538 0.0076
3.0682 3.0265 3.0540 0.0075
3.0682 3.0265 3.0540 0.0075
3.0682 3.0265 3.0540 0.0075
3.0682 3.0265 3.0540 0.0075
3.0682 3.0265 3.0540 0.0075
3.0682 3.0265 3.0540 0.0075
3.0682 3.0265 3.0540 0.0075
3.0682 3.0265 3.0540 0.0075
3.0682 3.0265 3.0540 0.0075
3.0682 3.0265 3.0540 0.0075
3.0682 3.0265 3.0542 0.0075
3.0682 3.0265 3.0544 0.0074
3.0682 3.0265 3.0544 0.0074
3.0682 3.0265 3.0545 0.0075
3.0682 3.0265 3.0545 0.0075
3.0682 3.0265 3.0545 0.0075
3.0682 3.0265 3.0547 0.0075
3.0682 3.0265 3.0550 0.0075
3.0682 3.0265 3.0550 0.0075
3.0682 3.0265 3.0550 0.0075
3.0682 3.0265 3.0550 0.0075
3.0682 3.0265 3.0550 0.0075
3.0682 3.0265 3.0550 0.0075
3.0682 3.0265 3.0550 0.0075
3.0722 3.0265 3.0552 0.0077
3.0722 3.0265 3.0552 0.0077
3.0722 3.0265 3.0553 0.0078
3.0722 3.0265 3.0553 0.0078
3.0722 3.0265 3.0553 0.0078
3.0722 3.0265 3.0553 0.0078
3.0722 3.0265 3.0554 0.0078
3.0722 3.0265 3.0554 0.0078
3.0722 3.0265 3.0554 0.0078
3.0722 3.0265 3.0554 0.0078
3.0722 3.0265 3.0554 0.0078
3.0722 3.0265 3.0554 0.0078
3.0722 3.0265 3.0554 0.0078
3.0722 3.0265 3.0554 0.0078
3.0722 3.0265 3.0555 0.0078
3.0722 3.0265 3.0555 0.0078
3.0722 3.0265 3.0555 0.0078
3.0722 3.0265 3.0556 0.0077
3.0722 3.0265 3.0556 0.0077
3.0722 3.0265 3.0556 0.0077
3.0722 3.0265 3.0556 0.0077
3.0722 3.0265 3.0556 0.0077
3.0722 3.0265 3.0556 0.0077
3.0722 3.0265 3.0556 0.0077
3.0722 3.0265 3.0556 0.0077
3.0722 3.0265 3.0556 0.0077
3.0722 3.0265 3.0557 0.0077
3.0722 3.0265 3.0557 0.0077
3.0722 3.0265 3.0557 0.0077
3.0722 3.0265 3.0557 0.0077
3.0722 3.0265 3.0557 0.0077
3.0722 3.0265 3.0557 0.0077
3.0722 3.0265 3.0557 0.0077
3.0722 3.0265 3.0557 0.0077
3.0722 3.0265 3.0557 0.0077
3.0722 3.0265 3.0557 0.0077
3.0722 3.0265 3.0557 0.0077
3.0722 3.0265 3.0557 0.0077
3.0722 3.0265 3.0557 0.0077
3.0722 3.0265 3.0558 0.0078
3.0722 3.0265 3.0558 0.0078
3.0722 3.0265 3.0558 0.0078
3.0722 3.0265 3.0558 0.0078
3.0722 3.0265 3.0558 0.0078
3.0722 3.0265 3.0558 0.0078
3.0722 3.0265 3.0560 0.0077
3.0722 3.0265 3.0560 0.0077
3.0722 3.0265 3.0560 0.0077
3.0751 3.0265 3.0561 0.0079
3.0751 3.0265 3.0561 0.0079
3.0751 3.0265 3.0561 0.0079
3.0751 3.0265 3.0561 0.0079
3.0751 3.0265 3.0561 0.0079
3.0751 3.0265 3.0561 0.0079
3.0751 3.0265 3.0561 0.0079
3.0751 3.0265 3.0562 0.0079
3.0751 3.0265 3.0562 0.0079
3.0751 3.0265 3.0562 0.0079
3.0751 3.0265 3.0562 0.0080
3.0751 3.0265 3.0563 0.0080
3.0751 3.0265 3.0563 0.0079
3.0751 3.0265 3.0563 0.0079
3.0751 3.0265 3.0563 0.0079
3.0751 3.0265 3.0564 0.0079
3.0751 3.0265 3.0564 0.0079
3.0751 3.0265 3.0564 0.0079
3.0751 3.0265 3.0564 0.0079
3.0751 3.0265 3.0564 0.0079
3.0751 3.0265 3.0564 0.0079
3.0751 3.0265 3.0564 0.0079
3.0751 3.0265 3.0564 0.0079
3.0751 3.0265 3.0565 0.0080
3.0751 3.0265 3.0565 0.0080
3.0751 3.0265 3.0565 0.0080
3.0751 3.0265 3.0566 0.0081
3.0751 3.0265 3.0566 0.0081
3.0751 3.0265 3.0567 0.0083
3.0751 3.0265 3.0568 0.0083
3.0751 3.0265 3.0568 0.0083
3.0751 3.0265 3.0568 0.0083
3.0751 3.0265 3.0568 0.0083
3.0751 3.0265 3.0568 0.0083
3.0751 3.0265 3.0568 0.0083
3.0751 3.0265 3.0568 0.0083
3.0751 3.0265 3.0568 0.0083
3.0751 3.0265 3.0568 0.0083
3.0751 3.0265 3.0568 0.0083
3.0751 3.0265 3.0570 0.0083
3.0751 3.0265 3.0570 0.0083
3.0751 3.0265 3.0570 0.0083
3.0751 3.0265 3.0570 0.0084
3.0751 3.0265 3.0570 0.0084
3.0751 3.0265 3.0571 0.0084
3.0751 3.0265 3.0572 0.0086
3.0751 3.0265 3.0572 0.0086
3.0751 3.0265 3.0572 0.0086
3.0751 3.0265 3.0572 0.0086
3.0751 3.0265 3.0572 0.0086
3.0751 3.0265 3.0572 0.0086
3.0751 3.0265 3.0573 0.0085
3.0751 3.0265 3.0573 0.0085
3.0751 3.0265 3.0574 0.0085
3.0751 3.0265 3.0574 0.0085
3.0751 3.0265 3.0576 0.0086
3.0751 3.0265 3.0576 0.0086
3.0751 3.0265 3.0576 0.0086
3.0751 3.0265 3.0576 0.0085
3.0751 3.0265 3.0576 0.0085
3.0751 3.0265 3.0576 0.0085
3.0751 3.0265 3.0576 0.0085
3.0751 3.0265 3.0578 0.0085
3.0751 3.0265 3.0578 0.0085
3.0751 3.0265 3.0578 0.0085
3.0751 3.0265 3.0578 0.0085
3.0751 3.0265 3.0578 0.0085
3.0751 3.0265 3.0578 0.0085
3.0751 3.0265 3.0578 0.0085
3.0751 3.0265 3.0578 0.0085
3.0751 3.0265 3.0578 0.0085
3.0751 3.0265 3.0578 0.0085
3.0751 3.0265 3.0578 0.0085
3.0751 3.0265 3.0578 0.0085
3.0751 3.0265 3.0579 0.0084
3.0751 3.0312 3.0583 0.0078
3.0751 3.0312 3.0584 0.0078
3.0751 3.0312 3.0584 0.0078
3.0751 3.0312 3.0586 0.0080
3.0751 3.0312 3.0586 0.0080
3.0751 3.0312 3.0586 0.0080
3.0751 3.0312 3.0586 0.0080
3.0751 3.0312 3.0586 0.0080
3.0751 3.0312 3.0586 0.0080
3.0751 3.0312 3.0587 0.0080
3.0751 3.0312 3.0587 0.0080
3.0751 3.0312 3.0587 0.0080
3.0751 3.0312 3.0587 0.0080
3.0751 3.0312 3.0587 0.0079
3.0751 3.0312 3.0587 0.0079
3.0751 3.0312 3.0588 0.0079
3.0751 3.0312 3.0588 0.0079
3.0751 3.0312 3.0588 0.0079
3.0751 3.0312 3.0588 0.0079
3.0751 3.0312 3.0588 0.0079
3.0751 3.0312 3.0588 0.0079
3.0751 3.0312 3.0588 0.0079
3.0751 3.0312 3.0588 0.0079
3.0751 3.0312 3.0588 0.0079
3.0751 3.0312 3.0588 0.0079
3.0751 3.0312 3.0588 0.0079
3.0751 3.0312 3.0589 0.0078
3.0816 3.0312 3.0590 0.0080
3.0816 3.0312 3.0590 0.0080
3.0816 3.0312 3.0590 0.0080
3.0816 3.0312 3.0590 0.0080
3.0816 3.0312 3.0590 0.0080
3.0816 3.0312 3.0590 0.0080
3.0816 3.0312 3.0590 0.0079
3.0816 3.0312 3.0590 0.0079
3.0816 3.0312 3.0590 0.0079
3.0816 3.0347 3.0593 0.0074
3.0816 3.0347 3.0593 0.0074
3.0816 3.0347 3.0593 0.0074
3.0816 3.0347 3.0593 0.0074
3.0816 3.0347 3.0595 0.0073
3.0816 3.0347 3.0595 0.0073
3.0816 3.0347 3.0595 0.0074
3.0816 3.0347 3.0595 0.0074
3.0816 3.0347 3.0596 0.0074
3.0816 3.0347 3.0596 0.0074
3.0816 3.0347 3.0596 0.0074
3.0816 3.0347 3.0597 0.0075
3.0816 3.0347 3.0597 0.0075
3.0816 3.0347 3.0597 0.0075
3.0816 3.0347 3.0597 0.0075
3.0816 3.0347 3.0597 0.0075
3.0816 3.0347 3.0598 0.0075
3.0816 3.0347 3.0598 0.0074
3.0816 3.0347 3.0598 0.0074
3.0816 3.0347 3.0598 0.0074
3.0816 3.0347 3.0598 0.0074
3.0816 3.0347 3.0598 0.0074
3.0816 3.0347 3.0598 0.0074
3.0816 3.0347 3.0598 0.0074
3.0816 3.0347 3.0598 0.0074
3.0816 3.0347 3.0598 0.0074
3.0816 3.0347 3.0598 0.0074
3.0816 3.0347 3.0599 0.0074
3.0816 3.0347 3.0599 0.0074
3.0816 3.0347 3.0599 0.0074
3.0816 3.0347 3.0599 0.0074
3.0816 3.0347 3.0599 0.0074
3.0816 3.0347 3.0599 0.0074
3.0816 3.0347 3.0599 0.0074
3.0816 3.0347 3.0599 0.0073
3.0816 3.0347 3.0599 0.0073
3.0816 3.0347 3.0599 0.0073
3.0816 3.0347 3.0599 0.0073
3.0816 3.0347 3.0601 0.0074
3.0816 3.0347 3.0601 0.0074
3.0816 3.0347 3.0601 0.0074
3.0816 3.0347 3.0601 0.0074
3.0816 3.0347 3.0604 0.0076
3.0816 3.0347 3.0604 0.0076
3.0816 3.0347 3.0604 0.0076
3.0816 3.0347 3.0604 0.0076
3.0816 3.0347 3.0604 0.0076
3.0816 3.0347 3.0605 0.0076
3.0816 3.0347 3.0605 0.0076
3.0816 3.0347 3.0606 0.0077
3.0816 3.0347 3.0606 0.0077
3.0816 3.0347 3.0607 0.0077
3.0816 3.0347 3.0607 0.0077
3.0816 3.0347 3.0608 0.0077
3.0816 3.0347 3.0610 0.0078
3.0816 3.0347 3.0610 0.0078
3.0816 3.0347 3.0611 0.0078
3.0816 3.0347 3.0611 0.0078
3.0816 3.0347 3.0611 0.0078
3.0816 3.0347 3.0611 0.0078
3.0816 3.0347 3.0611 0.0078
3.0816 3.0347 3.0612 0.0078
3.0816 3.0467 3.0615 0.0074
3.0816 3.0467 3.0616 0.0074
3.0816 3.0467 3.0616 0.0074
3.0816 3.0467 3.0616 0.0075
3.0816 3.0467 3.0616 0.0075
3.0816 3.0467 3.0616 0.0075
3.0816 3.0467 3.0616 0.0075
3.0816 3.0467 3.0616 0.0075
3.0816 3.0467 3.0616 0.0075
3.0816 3.0467 3.0616 0.0075
3.0816 3.0467 3.0617 0.0075
3.0816 3.0467 3.0617 0.0075
3.0816 3.0467 3.0617 0.0075
3.0816 3.0467 3.0617 0.0075
3.0816 3.0467 3.0617 0.0075
3.0816 3.0467 3.0617 0.0075
3.0816 3.0467 3.0619 0.0076
3.0816 3.0467 3.0619 0.0076
3.0816 3.0467 3.0619 0.0076
3.0816 3.0467 3.0619 0.0076
3.0816 3.0484 3.0620 0.0075
3.0816 3.0484 3.0620 0.0075
3.0816 3.0484 3.0620 0.0075
3.0816 3.0484 3.0620 0.0075
3.0816 3.0484 3.0620 0.0075
3.0816 3.0484 3.0620 0.0075
3.0816 3.0484 3.0620 0.0075
3.0816 3.0484 3.0620 0.0075
3.0816 3.0484 3.0620 0.0075
3.0816 3.0484 3.0623 0.0076
3.0816 3.0484 3.0623 0.0076
3.0816 3.0484 3.0624 0.0075
3.0816 3.0484 3.0626 0.0076
3.0816 3.0484 3.0628 0.0076
3.0816 3.0484 3.0628 0.0076
3.0816 3.0484 3.0628 0.0076
3.0816 3.0484 3.0628 0.0075
3.0816 3.0484 3.0628 0.0075
3.0816 3.0484 3.0629 0.0075
3.0816 3.0484 3.0629 0.0075
3.0816 3.0484 3.0629 0.0075
3.0816 3.0484 3.0629 0.0075
3.0816 3.0484 3.0630 0.0075
3.0816 3.0484 3.0630 0.0075
3.0816 3.0484 3.0630 0.0075
3.0816 3.0484 3.0631 0.0075
3.0816 3.0484 3.0631 0.0075
3.0816 3.0484 3.0631 0.0075
3.0816 3.0484 3.0632 0.0074
3.0816 3.0484 3.0632 0.0074
3.0816 3.0484 3.0632 0.0074
3.0816 3.0484 3.0634 0.0074
3.0816 3.0484 3.0634 0.0074
3.0816 3.0484 3.0634 0.0074
3.0816 3.0484 3.0634 0.0074
3.0816 3.0484 3.0634 0.0074
3.0816 3.0484 3.0634 0.0074
3.0816 3.0484 3.0634 0.0074
3.0816 3.0484 3.0635 0.0074
3.0816 3.0484 3.0636 0.0074
3.0816 3.0484 3.0637 0.0074
3.0816 3.0484 3.0639 0.0073
3.0816 3.0484 3.0639 0.0073
3.0816 3.0484 3.0639 0.0072
3.0816 3.0484 3.0639 0.0072
3.0816 3.0484 3.0639 0.0072
3.0816 3.0484 3.0640 0.0072
3.0816 3.0484 3.0640 0.0072
3.0816 3.0484 3.0640 0.0072
3.0816 3.0484 3.0640 0.0072
3.0816 3.0484 3.0640 0.0072
3.0816 3.0484 3.0640 0.0072
3.0816 3.0484 3.0640 0.0072
3.0816 3.0484 3.0640 0.0072
3.0816 3.0484 3.0642 0.0071
3.0816 3.0484 3.0642 0.0071
3.0816 3.0484 3.0642 0.0071
3.0816 3.0484 3.0642 0.0071
3.0816 3.0484 3.0642 0.0071
3.0816 3.0484 3.0643 0.0072
3.0816 3.0484 3.0643 0.0072
3.0822 3.0484 3.0644 0.0073
3.0822 3.0484 3.0644 0.0073
3.0822 3.0484 3.0644 0.0073
3.0822 3.0484 3.0646 0.0074
3.0822 3.0484 3.0647 0.0073
3.0822 3.0484 3.0647 0.0073
3.0822 3.0484 3.0648 0.0073
3.0822 3.0484 3.0649 0.0074
3.0822 3.0484 3.0649 0.0073
3.0822 3.0484 3.0652 0.0073
3.0822 3.0484 3.0653 0.0075
3.0822 3.0484 3.0653 0.0075
3.0822 3.0484 3.0653 0.0075
3.0822 3.0484 3.0654 0.0075
3.0822 3.0484 3.0654 0.0075
3.0822 3.0484 3.0654 0.0075
3.0822 3.0484 3.0654 0.0075
3.0822 3.0484 3.0655 0.0075
3.0822 3.0484 3.0656 0.0075
3.0822 3.0484 3.0656 0.0075
3.0822 3.0484 3.0657 0.0074
3.0862 3.0484 3.0657 0.0075
3.0862 3.0484 3.0657 0.0075
3.0862 3.0484 3.0659 0.0074
3.0862 3.0484 3.0659 0.0074
3.0862 3.0484 3.0659 0.0074
3.0862 3.0484 3.0659 0.0074
3.0862 3.0484 3.0661 0.0072
3.0862 3.0484 3.0663 0.0072
3.0862 3.0484 3.0663 0.0072
3.0862 3.0484 3.0663 0.0072
3.0862 3.0484 3.0663 0.0072
3.0862 3.0484 3.0665 0.0073
3.0862 3.0484 3.0665 0.0073
3.0862 3.0484 3.0665 0.0073
3.0862 3.0484 3.0665 0.0073
3.0862 3.0484 3.0665 0.0073
3.0862 3.0484 3.0665 0.0073
3.0862 3.0484 3.0665 0.0073
3.0862 3.0484 3.0667 0.0074
3.0862 3.0484 3.0667 0.0074
3.0862 3.0484 3.0667 0.0074
3.0862 3.0484 3.0667 0.0074
3.0862 3.0484 3.0667 0.0074
3.0862 3.0484 3.0667 0.0074
3.0862 3.0484 3.0667 0.0074
3.0862 3.0484 3.0667 0.0074
3.0862 3.0484 3.0667 0.0074
3.0862 3.0484 3.0667 0.0074
3.0862 3.0484 3.0667 0.0074
3.0862 3.0484 3.0667 0.0074
3.0862 3.0484 3.0669 0.0074
3.0862 3.0484 3.0671 0.0075
3.0862 3.0484 3.0672 0.0075
3.0862 3.0484 3.0672 0.0075
3.0862 3.0484 3.0672 0.0075
3.0862 3.0484 3.0672 0.0075
3.0862 3.0484 3.0673 0.0076
3.0862 3.0484 3.0674 0.0075
3.0862 3.0484 3.0674 0.0075
3.0862 3.0484 3.0674 0.0075
3.0862 3.0484 3.0674 0.0075
3.0862 3.0484 3.0674 0.0075
3.0862 3.0484 3.0675 0.0076
3.0862 3.0484 3.0675 0.0076
3.0862 3.0484 3.0675 0.0076
3.0862 3.0484 3.0676 0.0077
3.0862 3.0485 3.0677 0.0075
3.0862 3.0485 3.0677 0.0075
3.0862 3.0485 3.0677 0.0075
3.0862 3.0485 3.0678 0.0074
3.0862 3.0485 3.0678 0.0074
3.0862 3.0485 3.0678 0.0074
3.0862 3.0485 3.0678 0.0074
3.0862 3.0485 3.0678 0.0074
3.0862 3.0485 3.0678 0.0074
3.0862 3.0485 3.0678 0.0074
3.0862 3.0485 3.0678 0.0074
3.0862 3.0485 3.0679 0.0075
3.0862 3.0485 3.0680 0.0074
3.0862 3.0485 3.0680 0.0074
3.0862 3.0485 3.0681 0.0074
3.0862 3.0485 3.0682 0.0074
3.0862 3.0485 3.0683 0.0074
3.0862 3.0485 3.0683 0.0074
3.0862 3.0485 3.0684 0.0074
3.0862 3.0485 3.0684 0.0074
3.0862 3.0485 3.0684 0.0074
3.0862 3.0485 3.0684 0.0074
3.0862 3.0485 3.0684 0.0074
3.0862 3.0485 3.0685 0.0074
3.0862 3.0485 3.0685 0.0075
3.0862 3.0485 3.0686 0.0075
3.0862 3.0485 3.0686 0.0075
3.0862 3.0485 3.0686 0.0075
3.0862 3.0485 3.0688 0.0075
3.0862 3.0485 3.0689 0.0077
3.0862 3.0485 3.0689 0.0077
3.0862 3.0485 3.0690 0.0076
3.0862 3.0485 3.0690 0.0076
3.0862 3.0485 3.0690 0.0076
3.0862 3.0485 3.0690 0.0076
3.0862 3.0485 3.0690 0.0076
3.0862 3.0485 3.0692 0.0075
3.0862 3.0485 3.0693 0.0075
3.0862 3.0485 3.0693 0.0075
3.0862 3.0485 3.0693 0.0075
3.0862 3.0485 3.0694 0.0075
3.0862 3.0485 3.0694 0.0075
3.0862 3.0485 3.0694 0.0075
3.0862 3.0485 3.0694 0.0075
3.0862 3.0485 3.0694 0.0075
3.0862 3.0485 3.0694 0.0075
3.0862 3.0485 3.0694 0.0075
3.0862 3.0485 3.0694 0.0075
3.0862 3.0485 3.0694 0.0075
3.0862 3.0485 3.0696 0.0075
3.0862 3.0485 3.0696 0.0075
3.0862 3.0485 3.0697 0.0075
3.0862 3.0485 3.0698 0.0075
3.0862 3.0485 3.0698 0.0075
3.0862 3.0485 3.0698 0.0075
3.0862 3.0485 3.0698 0.0075
3.0862 3.0485 3.0698 0.0075
3.0862 3.0485 3.0698 0.0075
3.0862 3.0485 3.0698 0.0075
3.0862 3.0485 3.0698 0.0075
3.0862 3.0485 3.0698 0.0075
3.0862 3.0485 3.0700 0.0075
3.0862 3.0485 3.0700 0.0075
3.0862 3.0485 3.0700 0.0075
3.0862 3.0485 3.0702 0.0074
3.0862 3.0485 3.0702 0.0074
3.0862 3.0485 3.0703 0.0075
3.0862 3.0485 3.0703 0.0075
3.0862 3.0485 3.0703 0.0075
3.0862 3.0485 3.0705 0.0075
3.0862 3.0485 3.0707 0.0073
3.0862 3.0485 3.0708 0.0073
3.0862 3.0485 3.0708 0.0073
3.0862 3.0485 3.0708 0.0073
3.0862 3.0485 3.0709 0.0072
3.0862 3.0485 3.0710 0.0073
3.0862 3.0485 3.0713 0.0070
3.0862 3.0485 3.0713 0.0070
3.0862 3.0485 3.0715 0.0068
3.0862 3.0485 3.0715 0.0068
3.0862 3.0485 3.0715 0.0068
3.0862 3.0485 3.0715 0.0068
3.0862 3.0485 3.0715 0.0068
3.0862 3.0485 3.0715 0.0068
3.0862 3.0485 3.0716 0.0069
3.0862 3.0485 3.0716 0.0069
3.0862 3.0485 3.0717 0.0067
3.0862 3.0485 3.0718 0.0066
3.0862 3.0485 3.0718 0.0066
3.0862 3.0485 3.0718 0.0066
3.0862 3.0485 3.0719 0.0065
3.0862 3.0485 3.0720 0.0065
3.0862 3.0485 3.0722 0.0065
3.0862 3.0485 3.0722 0.0065
3.0862 3.0485 3.0722 0.0065
3.0862 3.0485 3.0722 0.0065
3.0862 3.0485 3.0722 0.0065
3.0862 3.0485 3.0722 0.0065
3.0862 3.0485 3.0723 0.0065
3.0862 3.0485 3.0723 0.0065
3.0862 3.0485 3.0723 0.0065
3.0862 3.0485 3.0723 0.0065
3.0862 3.0485 3.0723 0.0065
3.0862 3.0485 3.0723 0.0065
3.0862 3.0485 3.0724 0.0065
3.0862 3.0485 3.0724 0.0065
3.0862 3.0485 3.0725 0.0066
3.0862 3.0485 3.0725 0.0066
3.0862 3.0485 3.0726 0.0067
3.0862 3.0485 3.0726 0.0067
3.0862 3.0485 3.0728 0.0066
3.0862 3.0485 3.0728 0.0066
3.0864 3.0485 3.0730 0.0067
3.0864 3.0485 3.0730 0.0067
3.0864 3.0485 3.0730 0.0067
3.0864 3.0485 3.0730 0.0067
3.0864 3.0485 3.0730 0.0067
3.0864 3.0485 3.0730 0.0067
3.0864 3.0485 3.0730 0.0067
3.0864 3.0485 3.0731 0.0068
3.0864 3.0485 3.0731 0.0068
3.0864 3.0485 3.0732 0.0068
3.0864 3.0485 3.0732 0.0068
3.0864 3.0485 3.0732 0.0068
3.0867 3.0485 3.0734 0.0069
3.0867 3.0485 3.0734 0.0069
3.0867 3.0485 3.0734 0.0069
3.0867 3.0485 3.0734 0.0069
3.0867 3.0485 3.0734 0.0069
3.0867 3.0485 3.0735 0.0067
3.0867 3.0485 3.0735 0.0067
3.0867 3.0485 3.0735 0.0067
3.0867 3.0485 3.0735 0.0067
3.0867 3.0485 3.0736 0.0067
3.0867 3.0485 3.0736 0.0067
3.0867 3.0485 3.0736 0.0067
3.0867 3.0485 3.0738 0.0065
3.0867 3.0485 3.0739 0.0066
3.0867 3.0485 3.0739 0.0066
3.0867 3.0485 3.0739 0.0066
3.0867 3.0485 3.0739 0.0066
3.0867 3.0485 3.0739 0.0066
3.0867 3.0485 3.0739 0.0066
3.0867 3.0485 3.0739 0.0066
3.0867 3.0485 3.0739 0.0065
3.0867 3.0485 3.0740 0.0066
3.0867 3.0485 3.0740 0.0066
3.0867 3.0485 3.0741 0.0066
3.0867 3.0485 3.0741 0.0066
3.0867 3.0485 3.0741 0.0066
3.0867 3.0485 3.0742 0.0066
3.0867 3.0485 3.0742 0.0066
3.0867 3.0485 3.0744 0.0065
3.0867 3.0485 3.0744 0.0065
3.0867 3.0485 3.0744 0.0066
3.0870 3.0485 3.0746 0.0067
3.0870 3.0485 3.0746 0.0067
3.0870 3.0485 3.0746 0.0067
3.0870 3.0485 3.0746 0.0067
3.0870 3.0485 3.0748 0.0066
3.0870 3.0485 3.0748 0.0066
3.0870 3.0485 3.0748 0.0066
3.0870 3.0485 3.0748 0.0066
3.0870 3.0485 3.0748 0.0066
3.0870 3.0485 3.0748 0.0066
3.0870 3.0485 3.0749 0.0066
3.0870 3.0485 3.0749 0.0066
3.0870 3.0485 3.0749 0.0065
3.0870 3.0485 3.0749 0.0065
3.0870 3.0485 3.0749 0.0065
3.0870 3.0485 3.0749 0.0065
3.0870 3.0485 3.0749 0.0065
3.0870 3.0485 3.0749 0.0065
3.0870 3.0485 3.0749 0.0065
3.0870 3.0485 3.0749 0.0065
3.0870 3.0485 3.0749 0.0065
3.0870 3.0485 3.0749 0.0065
3.0870 3.0485 3.0749 0.0065
3.0870 3.0485 3.0749 0.0065
3.0870 3.0485 3.0749 0.0065
3.0870 3.0485 3.0749 0.0065
3.0870 3.0485 3.0749 0.0065
3.0870 3.0485 3.0750 0.0066
3.0870 3.0485 3.0753 0.0063
3.0870 3.0485 3.0754 0.0063
3.0870 3.0485 3.0754 0.0063
3.0885 3.0485 3.0754 0.0063
3.0885 3.0485 3.0755 0.0063
3.0894 3.0485 3.0756 0.0065
3.0894 3.0485 3.0756 0.0065
3.0894 3.0485 3.0756 0.0065
3.0894 3.0485 3.0756 0.0065
3.0894 3.0485 3.0756 0.0065
3.0894 3.0485 3.0756 0.0065
3.0894 3.0485 3.0756 0.0065
3.0894 3.0485 3.0756 0.0065
3.0894 3.0485 3.0756 0.0065
3.0894 3.0485 3.0756 0.0065
3.0894 3.0485 3.0757 0.0065
3.0894 3.0485 3.0757 0.0065
3.0894 3.0485 3.0758 0.0065
3.0894 3.0485 3.0758 0.0065
3.0894 3.0485 3.0758 0.0065
3.0894 3.0485 3.0758 0.0065
3.0894 3.0485 3.0760 0.0065
3.0894 3.0485 3.0760 0.0065
3.0894 3.0485 3.0760 0.0065
3.0894 3.0485 3.0760 0.0065
3.0894 3.0485 3.0760 0.0065
3.0894 3.0485 3.0760 0.0065
3.0894 3.0485 3.0760 0.0065
3.0894 3.0485 3.0760 0.0065
3.0894 3.0485 3.0760 0.0065
3.0894 3.0485 3.0760 0.0065
3.0894 3.0485 3.0760 0.0065
3.0894 3.0485 3.0760 0.0065
3.0894 3.0485 3.0760 0.0065
3.0894 3.0485 3.0761 0.0065
3.0894 3.0485 3.0761 0.0065
3.0894 3.0485 3.0761 0.0065
3.0894 3.0485 3.0762 0.0066
3.0897 3.0485 3.0762 0.0067
3.0897 3.0485 3.0762 0.0067
3.0897 3.0485 3.0763 0.0067
3.0897 3.0485 3.0763 0.0067
3.0897 3.0485 3.0763 0.0067
3.0897 3.0485 3.0763 0.0067
3.0897 3.0485 3.0763 0.0067
3.0897 3.0485 3.0763 0.0067
3.0897 3.0485 3.0763 0.0067
3.0897 3.0485 3.0764 0.0067
3.0897 3.0485 3.0764 0.0067
3.0897 3.0485 3.0764 0.0067
3.0897 3.0485 3.0764 0.0067
3.0897 3.0485 3.0764 0.0067
3.0897 3.0485 3.0764 0.0067
3.0901 3.0485 3.0764 0.0068
3.0901 3.0485 3.0765 0.0067
3.0901 3.0485 3.0765 0.0067
3.0901 3.0485 3.0765 0.0067
3.0901 3.0485 3.0765 0.0067
3.0901 3.0485 3.0766 0.0067
3.0901 3.0620 3.0769 0.0061
3.0901 3.0620 3.0769 0.0061
3.0901 3.0620 3.0770 0.0061
3.0901 3.0620 3.0770 0.0061
3.0901 3.0620 3.0770 0.0061
3.0901 3.0620 3.0770 0.0061
3.0901 3.0620 3.0770 0.0061
3.0901 3.0620 3.0770 0.0061
3.0901 3.0620 3.0772 0.0061
3.0901 3.0620 3.0772 0.0061
3.0901 3.0620 3.0772 0.0061
3.0901 3.0620 3.0773 0.0061
3.0901 3.0620 3.0773 0.0061
3.0901 3.0620 3.0775 0.0061
3.0901 3.0620 3.0775 0.0061
3.0901 3.0620 3.0777 0.0061
3.0901 3.0620 3.0777 0.0061
3.0901 3.0620 3.0777 0.0061
3.0901 3.0620 3.0777 0.0061
3.0901 3.0620 3.0777 0.0061
3.0901 3.0620 3.0778 0.0061
3.0901 3.0620 3.0778 0.0061
3.0901 3.0620 3.0778 0.0061
3.0901 3.0620 3.0778 0.0061
3.0901 3.0620 3.0778 0.0061
3.0901 3.0620 3.0778 0.0061
3.0901 3.0620 3.0779 0.0061
3.0901 3.0620 3.0779 0.0061
3.0901 3.0620 3.0779 0.0061
3.0901 3.0620 3.0779 0.0061
3.0901 3.0620 3.0779 0.0061
3.0901 3.0620 3.0779 0.0061
3.0901 3.0620 3.0780 0.0061
3.0901 3.0620 3.0781 0.0062
3.0901 3.0620 3.0781 0.0062
3.0901 3.0620 3.0782 0.0063
3.0901 3.0620 3.0782 0.0063
3.0901 3.0620 3.0782 0.0063
3.0901 3.0620 3.0782 0.0063
3.0901 3.0620 3.0782 0.0063
3.0901 3.0620 3.0783 0.0064
3.0901 3.0620 3.0783 0.0064
3.0901 3.0620 3.0783 0.0064
3.0901 3.0620 3.0783 0.0064
3.0901 3.0620 3.0783 0.0064
3.0901 3.0620 3.0783 0.0064
3.0901 3.0620 3.0784 0.0063
3.0901 3.0620 3.0784 0.0063
3.0901 3.0620 3.0785 0.0062
3.0901 3.0620 3.0785 0.0062
3.0901 3.0620 3.0785 0.0061
3.0962 3.0620 3.0786 0.0063
3.0962 3.0620 3.0786 0.0063
3.0962 3.0620 3.0786 0.0063
3.0962 3.0620 3.0786 0.0063
3.0962 3.0620 3.0786 0.0064
3.0962 3.0620 3.0788 0.0065
3.0962 3.0620 3.0789 0.0065
3.0962 3.0620 3.0789 0.0065
3.0962 3.0620 3.0789 0.0065
3.0962 3.0620 3.0790 0.0066
3.0962 3.0620 3.0790 0.0066
3.0962 3.0620 3.0790 0.0066
3.0962 3.0620 3.0791 0.0066
3.0962 3.0620 3.0791 0.0066
3.0962 3.0620 3.0791 0.0066
3.0962 3.0620 3.0791 0.0066
3.0962 3.0620 3.0791 0.0066
3.0962 3.0620 3.0791 0.0066
3.0962 3.0620 3.0791 0.0066
3.0962 3.0620 3.0791 0.0066
3.0962 3.0620 3.0791 0.0066
3.0962 3.0620 3.0792 0.0066
3.0962 3.0620 3.0793 0.0066
3.0974 3.0620 3.0795 0.0068
3.0974 3.0620 3.0795 0.0068
3.0974 3.0620 3.0795 0.0068
3.0974 3.0620 3.0795 0.0068
3.0974 3.0620 3.0795 0.0068
3.0974 3.0620 3.0796 0.0068
3.0974 3.0620 3.0797 0.0068
3.0974 3.0620 3.0797 0.0068
3.0974 3.0620 3.0798 0.0069
3.0974 3.0620 3.0798 0.0069
3.0974 3.0620 3.0798 0.0069
3.0974 3.0620 3.0799 0.0070
3.0974 3.0620 3.0800 0.0071
3.0974 3.0620 3.0800 0.0071
3.0974 3.0620 3.0800 0.0071
3.0974 3.0620 3.0800 0.0071
3.0974 3.0620 3.0800 0.0071
3.0974 3.0620 3.0800 0.0071
3.0974 3.0620 3.0800 0.0071
3.0974 3.0620 3.0800 0.0071
3.0974 3.0620 3.0800 0.0071
3.0974 3.0620 3.0800 0.0071
3.0974 3.0620 3.0800 0.0071
3.0974 3.0620 3.0801 0.0071
3.0974 3.0620 3.0801 0.0070
3.0974 3.0620 3.0801 0.0070
3.0974 3.0620 3.0801 0.0070
3.0974 3.0620 3.0801 0.0070
3.0974 3.0620 3.0801 0.0070
3.0974 3.0620 3.0801 0.0070
3.0974 3.0620 3.0801 0.0070
3.0974 3.0620 3.0802 0.0071
3.0974 3.0620 3.0802 0.0071
3.0974 3.0620 3.0802 0.0071
3.0974 3.0620 3.0803 0.0071
3.0974 3.0620 3.0803 0.0071
3.0974 3.0620 3.0804 0.0071
3.0974 3.0620 3.0804 0.0071
3.1003 3.0620 3.0806 0.0073
3.1003 3.0620 3.0806 0.0073
3.1003 3.0620 3.0806 0.0073
3.1003 3.0620 3.0806 0.0073
3.1003 3.0620 3.0808 0.0074
3.1003 3.0620 3.0808 0.0074
3.1003 3.0620 3.0809 0.0074
3.1003 3.0620 3.0809 0.0074
3.1003 3.0620 3.0809 0.0074
3.1003 3.0620 3.0809 0.0074
3.1003 3.0620 3.0809 0.0074
3.1003 3.0620 3.0809 0.0074
3.1003 3.0620 3.0809 0.0074
3.1003 3.0620 3.0810 0.0074
3.1003 3.0620 3.0810 0.0073
3.1003 3.0620 3.0810 0.0073
3.1003 3.0620 3.0811 0.0074
3.1003 3.0620 3.0811 0.0074
3.1003 3.0620 3.0811 0.0074
3.1003 3.0620 3.0811 0.0074
3.1003 3.0620 3.0811 0.0074
3.1003 3.0620 3.0811 0.0074
3.1003 3.0620 3.0811 0.0074
3.1003 3.0622 3.0813 0.0072
3.1003 3.0622 3.0814 0.0072
3.1003 3.0622 3.0814 0.0071
3.1003 3.0622 3.0814 0.0071
3.1003 3.0622 3.0814 0.0071
3.1003 3.0622 3.0815 0.0071
3.1003 3.0622 3.0816 0.0071
3.1003 3.0622 3.0816 0.0071
3.1003 3.0622 3.0817 0.0071
3.1003 3.0622 3.0818 0.0072
3.1003 3.0622 3.0818 0.0072
3.1003 3.0622 3.0819 0.0072
3.1003 3.0622 3.0819 0.0072
3.1003 3.0622 3.0819 0.0072
3.1003 3.0622 3.0819 0.0072
3.1003 3.0622 3.0819 0.0072
3.1003 3.0622 3.0819 0.0072
3.1003 3.0622 3.0819 0.0072
3.1003 3.0622 3.0819 0.0072
3.1003 3.0622 3.0819 0.0072
3.1003 3.0622 3.0819 0.0072
3.1003 3.0622 3.0820 0.0071
3.1003 3.0622 3.0820 0.0071
3.1003 3.0622 3.0821 0.0070
3.1003 3.0622 3.0821 0.0070
3.1003 3.0622 3.0821 0.0070
3.1003 3.0622 3.0821 0.0070
3.1003 3.0622 3.0821 0.0070
3.1003 3.0622 3.0821 0.0070
3.1003 3.0622 3.0821 0.0070
3.1003 3.0622 3.0821 0.0070
3.1003 3.0683 3.0822 0.0067
3.1003 3.0683 3.0823 0.0067
3.1003 3.0683 3.0823 0.0067
3.1003 3.0683 3.0824 0.0068
3.1003 3.0683 3.0824 0.0068
3.1003 3.0683 3.0824 0.0068
3.1003 3.0683 3.0824 0.0068
3.1003 3.0683 3.0827 0.0070
3.1003 3.0683 3.0827 0.0070
3.1003 3.0683 3.0827 0.0070
3.1003 3.0683 3.0827 0.0069
3.1003 3.0683 3.0827 0.0069
3.1003 3.0683 3.0827 0.0069
3.1003 3.0683 3.0827 0.0069
3.1003 3.0683 3.0827 0.0069
3.1003 3.0683 3.0829 0.0069
3.1003 3.0683 3.0829 0.0069
3.1003 3.0683 3.0829 0.0069
3.1003 3.0683 3.0830 0.0069
3.1003 3.0683 3.0830 0.0069
3.1003 3.0683 3.0830 0.0069
3.1003 3.0683 3.0830 0.0069
3.1003 3.0683 3.0831 0.0069
3.1003 3.0683 3.0831 0.0070
3.1003 3.0683 3.0832 0.0069
3.1003 3.0683 3.0832 0.0069
3.1003 3.0683 3.0832 0.0070
3.1003 3.0683 3.0832 0.0070
3.1003 3.0683 3.0832 0.0070
3.1003 3.0683 3.0832 0.0070
3.1003 3.0683 3.0832 0.0070
3.1003 3.0683 3.0833 0.0071
3.1003 3.0683 3.0834 0.0071
3.1003 3.0683 3.0834 0.0072
3.1003 3.0683 3.0835 0.0071
3.1003 3.0683 3.0835 0.0071
3.1003 3.0683 3.0835 0.0071
3.1003 3.0683 3.0836 0.0071
3.1003 3.0683 3.0836 0.0071
3.1003 3.0683 3.0836 0.0071
3.1003 3.0683 3.0837 0.0070
3.1003 3.0683 3.0840 0.0072
3.1003 3.0683 3.0840 0.0072
3.1003 3.0683 3.0842 0.0072
3.1003 3.0683 3.0842 0.0072
3.1003 3.0683 3.0844 0.0071
3.1003 3.0683 3.0845 0.0070
3.1003 3.0683 3.0848 0.0071
3.1003 3.0683 3.0849 0.0071
3.1003 3.0683 3.0849 0.0071
3.1003 3.0683 3.0849 0.0071
3.1003 3.0683 3.0849 0.0071
3.1003 3.0683 3.0849 0.0071
3.1003 3.0683 3.0849 0.0071
3.1003 3.0683 3.0849 0.0071
3.1003 3.0683 3.0849 0.0071
3.1003 3.0683 3.0851 0.0072
3.1003 3.0683 3.0851 0.0072
3.1003 3.0683 3.0851 0.0072
3.1003 3.0683 3.0851 0.0072
3.1003 3.0683 3.0851 0.0072
3.1003 3.0683 3.0851 0.0072
3.1003 3.0683 3.0851 0.0072
3.1003 3.0683 3.0852 0.0072
3.1003 3.0683 3.0852 0.0072
3.1003 3.0683 3.0852 0.0072
3.1003 3.0683 3.0852 0.0072
3.1003 3.0683 3.0852 0.0071
3.1003 3.0683 3.0852 0.0071
3.1003 3.0683 3.0853 0.0070
3.1003 3.0683 3.0854 0.0071
3.1003 3.0683 3.0854 0.0071
3.1003 3.0683 3.0854 0.0071
3.1003 3.0683 3.0854 0.0071
3.1003 3.0683 3.0854 0.0071
3.1003 3.0683 3.0855 0.0072
3.1003 3.0716 3.0857 0.0070
3.1003 3.0716 3.0857 0.0070
3.1003 3.0716 3.0857 0.0070
3.1003 3.0716 3.0857 0.0070
3.1003 3.0716 3.0857 0.0070
3.1003 3.0716 3.0857 0.0070
3.1003 3.0716 3.0857 0.0070
3.1003 3.0716 3.0857 0.0070
3.1003 3.0716 3.0857 0.0070
3.1003 3.0716 3.0857 0.0070
3.1003 3.0716 3.0857 0.0070
3.1003 3.0716 3.0857 0.0070
3.1003 3.0716 3.0857 0.0070
3.1003 3.0716 3.0857 0.0070
3.1003 3.0716 3.0857 0.0070
3.1003 3.0716 3.0857 0.0070
3.1003 3.0716 3.0857 0.0070
3.1003 3.0716 3.0857 0.0070
3.1003 3.0716 3.0858 0.0070
3.1003 3.0716 3.0858 0.0070
3.1003 3.0716 3.0858 0.0070
3.1003 3.0716 3.0858 0.0070
3.1003 3.0716 3.0858 0.0070
3.1003 3.0716 3.0858 0.0070
3.1003 3.0716 3.0858 0.0070
3.1003 3.0716 3.0859 0.0071
3.1003 3.0716 3.0859 0.0071
3.1003 3.0716 3.0859 0.0071
3.1003 3.0716 3.0859 0.0071
3.1003 3.0716 3.0860 0.0070
3.1003 3.0716 3.0860 0.0070
3.1003 3.0716 3.0860 0.0070
3.1003 3.0716 3.0860 0.0070
3.1003 3.0716 3.0860 0.0070
3.1003 3.0716 3.0860 0.0070
3.1003 3.0716 3.0861 0.0071
3.1035 3.0716 3.0863 0.0073
3.1035 3.0716 3.0863 0.0073
3.1035 3.0716 3.0863 0.0073
3.1035 3.0716 3.0863 0.0073
3.1035 3.0716 3.0863 0.0073
3.1035 3.0716 3.0864 0.0073
3.1035 3.0716 3.0864 0.0072
3.1035 3.0716 3.0864 0.0072
3.1035 3.0716 3.0865 0.0072
3.1035 3.0716 3.0865 0.0072
3.1035 3.0716 3.0865 0.0072
3.1035 3.0716 3.0866 0.0071
3.1035 3.0716 3.0866 0.0071
3.1035 3.0716 3.0866 0.0071
3.1035 3.0716 3.0866 0.0071
3.1035 3.0716 3.0866 0.0071
3.1035 3.0716 3.0866 0.0071
3.1035 3.0716 3.0866 0.0071
3.1035 3.0716 3.0866 0.0071
3.1035 3.0716 3.0866 0.0071
3.1035 3.0716 3.0866 0.0071
3.1035 3.0716 3.0867 0.0072
3.1035 3.0716 3.0867 0.0072
3.1035 3.0716 3.0867 0.0072
3.1035 3.0716 3.0869 0.0072
3.1035 3.0716 3.0869 0.0072
3.1035 3.0716 3.0869 0.0073
3.1035 3.0716 3.0870 0.0073
3.1035 3.0716 3.0870 0.0073
3.1035 3.0716 3.0870 0.0073
3.1035 3.0716 3.0870 0.0073
3.1035 3.0716 3.0870 0.0073
3.1035 3.0716 3.0870 0.0073
3.1035 3.0716 3.0870 0.0072
3.1035 3.0716 3.0870 0.0072
3.1035 3.0716 3.0870 0.0072
3.1035 3.0716 3.0871 0.0072
3.1035 3.0716 3.0871 0.0072
3.1035 3.0716 3.0872 0.0073
3.1035 3.0716 3.0872 0.0073
3.1035 3.0716 3.0872 0.0074
3.1035 3.0716 3.0873 0.0073
3.1035 3.0716 3.0873 0.0073
3.1035 3.0716 3.0873 0.0073
3.1035 3.0716 3.0873 0.0073
3.1035 3.0716 3.0873 0.0073
3.1035 3.0716 3.0873 0.0073
3.1035 3.0716 3.0873 0.0073
3.1035 3.0716 3.0875 0.0074
3.1035 3.0716 3.0875 0.0074
3.1035 3.0716 3.0875 0.0074
3.1035 3.0716 3.0875 0.0074
3.1035 3.0716 3.0875 0.0074
3.1035 3.0716 3.0875 0.0074
3.1035 3.0716 3.0875 0.0074
3.1035 3.0716 3.0875 0.0074
3.1035 3.0716 3.0875 0.0074
3.1035 3.0716 3.0875 0.0074
3.1035 3.0716 3.0875 0.0074
3.1035 3.0716 3.0876 0.0075
3.1035 3.0716 3.0876 0.0075
3.1035 3.0716 3.0877 0.0074
3.1035 3.0716 3.0877 0.0074
3.1035 3.0716 3.0877 0.0074
3.1035 3.0716 3.0878 0.0073
3.1035 3.0716 3.0878 0.0073
3.1035 3.0716 3.0878 0.0073
3.1035 3.0716 3.0880 0.0073
3.1035 3.0723 3.0882 0.0071
3.1035 3.0723 3.0883 0.0072
3.1035 3.0723 3.0885 0.0072
3.1035 3.0723 3.0885 0.0072
3.1035 3.0723 3.0885 0.0072
3.1035 3.0723 3.0886 0.0072
3.1035 3.0723 3.0888 0.0071
3.1035 3.0723 3.0888 0.0071
3.1035 3.0723 3.0888 0.0071
3.1035 3.0723 3.0888 0.0071
3.1035 3.0723 3.0888 0.0071
3.1035 3.0723 3.0888 0.0071
3.1035 3.0723 3.0888 0.0071
3.1035 3.0723 3.0888 0.0071
3.1035 3.0723 3.0888 0.0071
3.1035 3.0723 3.0889 0.0072
3.1035 3.0723 3.0889 0.0072
3.1035 3.0740 3.0890 0.0070
3.1035 3.0740 3.0890 0.0070
3.1035 3.0740 3.0890 0.0070
3.1035 3.0740 3.0890 0.0070
3.1035 3.0740 3.0890 0.0070
3.1035 3.0740 3.0890 0.0070
3.1035 3.0740 3.0890 0.0071
3.1035 3.0740 3.0890 0.0071
3.1035 3.0740 3.0890 0.0071
3.1035 3.0740 3.0890 0.0071
3.1035 3.0740 3.0890 0.0071
3.1035 3.0740 3.0891 0.0071
3.1035 3.0740 3.0891 0.0071
3.1035 3.0740 3.0891 0.0071
3.1035 3.0740 3.0891 0.0071
3.1035 3.0740 3.0891 0.0071
3.1035 3.0740 3.0892 0.0071
3.1035 3.0740 3.0893 0.0072
3.1035 3.0740 3.0894 0.0071
3.1035 3.0740 3.0896 0.0071
3.1035 3.0740 3.0896 0.0071
3.1035 3.0740 3.0897 0.0072
3.1035 3.0740 3.0897 0.0072
3.1035 3.0740 3.0897 0.0072
3.1035 3.0740 3.0897 0.0072
3.1035 3.0740 3.0897 0.0072
3.1035 3.0740 3.0897 0.0072
3.1035 3.0740 3.0897 0.0072
3.1035 3.0740 3.0897 0.0072
3.1035 3.0740 3.0899 0.0072
3.1035 3.0740 3.0899 0.0073
3.1035 3.0740 3.0900 0.0073
3.1035 3.0740 3.0900 0.0073
3.1035 3.0740 3.0901 0.0072
3.1035 3.0740 3.0901 0.0072
3.1035 3.0740 3.0901 0.0072
3.1035 3.0740 3.0901 0.0072
3.1035 3.0740 3.0902 0.0072
3.1035 3.0740 3.0902 0.0072
3.1035 3.0740 3.0902 0.0071
3.1035 3.0740 3.0902 0.0071
3.1035 3.0740 3.0903 0.0072
3.1035 3.0740 3.0903 0.0072
3.1035 3.0740 3.0903 0.0072
3.1035 3.0740 3.0903 0.0072
3.1035 3.0740 3.0903 0.0072
3.1035 3.0740 3.0903 0.0072
3.1035 3.0740 3.0903 0.0072
3.1035 3.0740 3.0903 0.0072
3.1035 3.0740 3.0903 0.0072
3.1035 3.0740 3.0903 0.0072
3.1035 3.0740 3.0903 0.0072
3.1035 3.0740 3.0903 0.0072
3.1035 3.0740 3.0903 0.0072
3.1035 3.0740 3.0903 0.0072
3.1035 3.0740 3.0904 0.0072
3.1035 3.0740 3.0904 0.0073
3.1035 3.0740 3.0904 0.0073
3.1035 3.0740 3.0904 0.0073
3.1035 3.0740 3.0905 0.0073
3.1035 3.0740 3.0905 0.0073
3.1035 3.0740 3.0905 0.0073
3.1035 3.0740 3.0905 0.0073
3.1035 3.0740 3.0905 0.0073
3.1035 3.0740 3.0905 0.0072
3.1035 3.0740 3.0905 0.0072
3.1035 3.0740 3.0905 0.0072
3.1035 3.0740 3.0905 0.0072
3.1035 3.0740 3.0906 0.0072
3.1035 3.0740 3.0907 0.0072
3.1035 3.0740 3.0907 0.0071
3.1035 3.0740 3.0907 0.0071
3.1035 3.0740 3.0907 0.0071
3.1035 3.0740 3.0907 0.0071
3.1035 3.0740 3.0907 0.0071
3.1035 3.0740 3.0908 0.0071
3.1035 3.0740 3.0908 0.0071
3.1035 3.0740 3.0908 0.0071
3.1035 3.0740 3.0908 0.0071
3.1035 3.0740 3.0908 0.0071
3.1035 3.0740 3.0909 0.0071
3.1035 3.0740 3.0910 0.0071
3.1035 3.0740 3.0910 0.0071
3.1035 3.0740 3.0910 0.0071
3.1035 3.0740 3.0910 0.0072
3.1035 3.0740 3.0910 0.0072
3.1035 3.0740 3.0910 0.0072
3.1035 3.0740 3.0910 0.0072
3.1035 3.0740 3.0910 0.0072
3.1035 3.0740 3.0911 0.0072
3.1035 3.0740 3.0911 0.0072
3.1035 3.0740 3.0911 0.0072
3.1035 3.0740 3.0912 0.0072
3.1035 3.0740 3.0912 0.0072
3.1035 3.0740 3.0912 0.0072
3.1035 3.0740 3.0912 0.0072
3.1035 3.0740 3.0912 0.0072
3.1035 3.0740 3.0912 0.0072
3.1035 3.0740 3.0913 0.0071
3.1035 3.0740 3.0914 0.0072
3.1035 3.0740 3.0914 0.0072
3.1035 3.0740 3.0914 0.0072
3.1035 3.0740 3.0914 0.0072
3.1035 3.0740 3.0914 0.0072
3.1035 3.0740 3.0914 0.0072
3.1035 3.0740 3.0914 0.0071
3.1035 3.0740 3.0914 0.0071
3.1035 3.0740 3.0914 0.0071
3.1035 3.0740 3.0914 0.0071
3.1035 3.0740 3.0914 0.0071
3.1035 3.0740 3.0914 0.0071
3.1035 3.0740 3.0914 0.0071
3.1035 3.0740 3.0914 0.0071
3.1035 3.0740 3.0914 0.0071
3.1035 3.0740 3.0914 0.0071
3.1035 3.0740 3.0916 0.0071
3.1035 3.0740 3.0916 0.0070
3.1035 3.0740 3.0916 0.0070
3.1035 3.0740 3.0916 0.0070
3.1035 3.0740 3.0916 0.0070
3.1035 3.0740 3.0916 0.0070
3.1035 3.0740 3.0916 0.0070
3.1035 3.0740 3.0916 0.0070
3.1035 3.0740 3.0918 0.0070
3.1035 3.0740 3.0918 0.0070
3.1035 3.0740 3.0918 0.0070
3.1035 3.0740 3.0919 0.0070
3.1035 3.0740 3.0920 0.0069
3.1035 3.0740 3.0920 0.0069
3.1035 3.0740 3.0920 0.0069
3.1035 3.0740 3.0920 0.0070
3.1035 3.0740 3.0920 0.0070
3.1035 3.0740 3.0920 0.0070
3.1035 3.0740 3.0921 0.0070
3.1035 3.0740 3.0921 0.0070
3.1035 3.0740 3.0921 0.0070
3.1035 3.0740 3.0921 0.0070
3.1035 3.0740 3.0921 0.0069
3.1035 3.0740 3.0921 0.0069
3.1035 3.0740 3.0921 0.0069
3.1035 3.0740 3.0921 0.0069
3.1035 3.0740 3.0921 0.0070
3.1035 3.0740 3.0922 0.0069
3.1035 3.0740 3.0922 0.0069
3.1035 3.0740 3.0923 0.0069
3.1035 3.0740 3.0924 0.0069
3.1035 3.0740 3.0924 0.0069
3.1035 3.0740 3.0924 0.0069
3.1035 3.0740 3.0926 0.0069
3.1035 3.0740 3.0926 0.0069
3.1035 3.0740 3.0926 0.0069
3.1035 3.0740 3.0926 0.0069
3.1035 3.0740 3.0926 0.0069
3.1035 3.0740 3.0926 0.0069
3.1035 3.0740 3.0926 0.0069
3.1035 3.0740 3.0926 0.0069
3.1035 3.0740 3.0926 0.0069
3.1035 3.0740 3.0926 0.0069
3.1035 3.0740 3.0926 0.0069
3.1035 3.0740 3.0926 0.0069
3.1035 3.0740 3.0926 0.0069
3.1035 3.0740 3.0926 0.0069
3.1035 3.0740 3.0926 0.0069
3.1035 3.0740 3.0926 0.0069
3.1035 3.0740 3.0926 0.0069
3.1035 3.0740 3.0926 0.0069
3.1035 3.0740 3.0926 0.0069
3.1035 3.0740 3.0928 0.0067
3.1035 3.0740 3.0928 0.0067
3.1035 3.0740 3.0928 0.0067
3.1035 3.0740 3.0928 0.0067
3.1035 3.0740 3.0929 0.0067
3.1035 3.0740 3.0929 0.0067
3.1035 3.0740 3.0931 0.0067
3.1035 3.0740 3.0931 0.0067
3.1035 3.0740 3.0931 0.0067
3.1035 3.0740 3.0931 0.0067
3.1035 3.0740 3.0931 0.0067
3.1035 3.0740 3.0931 0.0067
3.1035 3.0740 3.0933 0.0067
3.1035 3.0740 3.0933 0.0067
3.1035 3.0740 3.0933 0.0067
3.1035 3.0740 3.0933 0.0067
3.1035 3.0740 3.0933 0.0067
3.1035 3.0740 3.0933 0.0067
3.1035 3.0740 3.0933 0.0067
3.1035 3.0740 3.0934 0.0067
3.1035 3.0740 3.0934 0.0067
3.1035 3.0740 3.0934 0.0067
3.1035 3.0740 3.0934 0.0067
3.1035 3.0740 3.0936 0.0067
3.1035 3.0740 3.0936 0.0067
3.1035 3.0740 3.0936 0.0067
3.1035 3.0740 3.0936 0.0067
3.1035 3.0740 3.0936 0.0067
3.1035 3.0740 3.0936 0.0067
3.1035 3.0740 3.0936 0.0067
3.1035 3.0740 3.0936 0.0067
3.1035 3.0740 3.0937 0.0065
3.1035 3.0740 3.0939 0.0065
3.1035 3.0740 3.0939 0.0065
3.1035 3.0740 3.0939 0.0065
3.1035 3.0750 3.0941 0.0062
3.1035 3.0750 3.0941 0.0062
3.1035 3.0750 3.0941 0.0062
3.1035 3.0750 3.0941 0.0062
3.1035 3.0750 3.0941 0.0062
3.1035 3.0750 3.0941 0.0062
3.1035 3.0750 3.0941 0.0062
3.1035 3.0750 3.0941 0.0062
3.1035 3.0750 3.0941 0.0062
3.1035 3.0750 3.0941 0.0062
3.1035 3.0762 3.0944 0.0060
3.1035 3.0762 3.0944 0.0060
3.1035 3.0762 3.0944 0.0060
3.1035 3.0762 3.0944 0.0060
3.1035 3.0762 3.0945 0.0060
3.1035 3.0762 3.0945 0.0060
3.1035 3.0762 3.0945 0.0060
3.1035 3.0762 3.0945 0.0060
3.1035 3.0762 3.0945 0.0060
3.1035 3.0762 3.0945 0.0060
3.1035 3.0762 3.0946 0.0060
3.1035 3.0762 3.0946 0.0060
3.1035 3.0762 3.0946 0.0060
3.1035 3.0762 3.0946 0.0060
3.1035 3.0762 3.0947 0.0060
3.1035 3.0762 3.0947 0.0060
3.1035 3.0762 3.0947 0.0060
3.1035 3.0762 3.0947 0.0060
3.1047 3.0762 3.0948 0.0061
3.1047 3.0762 3.0948 0.0061
3.1047 3.0762 3.0948 0.0061
3.1047 3.0762 3.0948 0.0061
3.1047 3.0762 3.0950 0.0060
3.1047 3.0762 3.0950 0.0060
3.1047 3.0762 3.0950 0.0060
3.1047 3.0762 3.0950 0.0060
3.1047 3.0762 3.0950 0.0060
3.1047 3.0762 3.0950 0.0060
3.1047 3.0762 3.0951 0.0061
3.1047 3.0762 3.0951 0.0061
3.1047 3.0762 3.0952 0.0061
3.1047 3.0762 3.0952 0.0061
3.1047 3.0762 3.0952 0.0061
3.1047 3.0762 3.0952 0.0061
3.1047 3.0762 3.0952 0.0061
3.1047 3.0762 3.0953 0.0060
3.1047 3.0762 3.0953 0.0060
3.1047 3.0762 3.0953 0.0061
3.1047 3.0762 3.0953 0.0061
3.1047 3.0762 3.0953 0.0061
3.1047 3.0762 3.0955 0.0060
3.1047 3.0762 3.0955 0.0060
3.1047 3.0762 3.0955 0.0060
3.1047 3.0762 3.0956 0.0060
3.1047 3.0762 3.0956 0.0060
3.1047 3.0762 3.0956 0.0060
3.1047 3.0762 3.0956 0.0060
3.1047 3.0762 3.0956 0.0061
3.1047 3.0762 3.0956 0.0061
3.1047 3.0762 3.0956 0.0061
3.1047 3.0762 3.0956 0.0061
3.1047 3.0762 3.0956 0.0061
3.1047 3.0762 3.0956 0.0061
3.1047 3.0762 3.0957 0.0061
3.1047 3.0762 3.0958 0.0061
3.1047 3.0762 3.0958 0.0061
3.1047 3.0762 3.0959 0.0061
3.1047 3.0762 3.0959 0.0061
3.1047 3.0762 3.0959 0.0061
3.1047 3.0762 3.0959 0.0061
3.1047 3.0762 3.0959 0.0061
3.1047 3.0762 3.0959 0.0061
3.1047 3.0762 3.0959 0.0061
3.1047 3.0762 3.0959 0.0061
3.1057 3.0762 3.0960 0.0062
3.1057 3.0762 3.0960 0.0062
3.1057 3.0762 3.0960 0.0062
3.1057 3.0762 3.0960 0.0062
3.1057 3.0762 3.0960 0.0062
3.1057 3.0762 3.0962 0.0062
3.1057 3.0762 3.0962 0.0062
3.1057 3.0762 3.0962 0.0062
3.1057 3.0762 3.0962 0.0062
3.1057 3.0762 3.0963 0.0062
3.1057 3.0762 3.0963 0.0062
3.1057 3.0762 3.0963 0.0062
3.1057 3.0762 3.0963 0.0062
3.1057 3.0762 3.0964 0.0062
3.1057 3.0762 3.0964 0.0062
3.1057 3.0762 3.0964 0.0062
3.1057 3.0762 3.0965 0.0062
3.1057 3.0762 3.0965 0.0062
3.1057 3.0762 3.0965 0.0062
3.1057 3.0762 3.0965 0.0062
3.1057 3.0762 3.0965 0.0062
3.1057 3.0762 3.0966 0.0062
3.1057 3.0762 3.0966 0.0062
3.1057 3.0762 3.0966 0.0062
3.1057 3.0762 3.0966 0.0062
3.1057 3.0762 3.0966 0.0062
3.1057 3.0762 3.0966 0.0062
3.1057 3.0762 3.0967 0.0062
3.1057 3.0762 3.0967 0.0062
3.1057 3.0762 3.0967 0.0062
3.1057 3.0762 3.0967 0.0062
3.1057 3.0762 3.0967 0.0062
3.1057 3.0762 3.0967 0.0062
3.1057 3.0762 3.0967 0.0062
3.1070 3.0762 3.0969 0.0062
3.1070 3.0762 3.0970 0.0061
3.1070 3.0762 3.0970 0.0061
3.1070 3.0762 3.0970 0.0061
3.1070 3.0762 3.0970 0.0061
3.1070 3.0762 3.0970 0.0061
3.1070 3.0762 3.0970 0.0061
3.1070 3.0762 3.0970 0.0061
3.1070 3.0762 3.0970 0.0061
3.1070 3.0762 3.0970 0.0061
3.1070 3.0762 3.0970 0.0061
3.1070 3.0762 3.0970 0.0061
3.1070 3.0762 3.0970 0.0061
3.1070 3.0762 3.0970 0.0061
3.1070 3.0762 3.0971 0.0062
3.1070 3.0762 3.0971 0.0062
3.1070 3.0762 3.0971 0.0062
3.1072 3.0762 3.0971 0.0062
3.1072 3.0762 3.0972 0.0063
3.1072 3.0762 3.0972 0.0063
3.1072 3.0762 3.0972 0.0063
3.1072 3.0762 3.0972 0.0063
3.1072 3.0762 3.0972 0.0063
3.1072 3.0762 3.0972 0.0063
3.1072 3.0762 3.0972 0.0063
3.1072 3.0762 3.0972 0.0063
3.1072 3.0762 3.0973 0.0063
3.1072 3.0775 3.0975 0.0059
3.1072 3.0775 3.0976 0.0060
3.1072 3.0775 3.0977 0.0060
3.1072 3.0812 3.0978 0.0058
3.1072 3.0812 3.0979 0.0057
3.1072 3.0812 3.0979 0.0057
3.1072 3.0812 3.0979 0.0057
3.1072 3.0812 3.0979 0.0057
3.1072 3.0812 3.0979 0.0057
3.1072 3.0812 3.0980 0.0058
3.1072 3.0812 3.0980 0.0058
3.1072 3.0812 3.0980 0.0058
3.1072 3.0812 3.0980 0.0058
3.1072 3.0812 3.0980 0.0058
3.1072 3.0812 3.0980 0.0058
3.1072 3.0812 3.0980 0.0058
3.1072 3.0812 3.0982 0.0058
3.1072 3.0812 3.0982 0.0058
3.1072 3.0812 3.0982 0.0058
3.1072 3.0812 3.0982 0.0058
3.1072 3.0812 3.0982 0.0058
3.1072 3.0812 3.0983 0.0058
3.1072 3.0812 3.0983 0.0058
3.1072 3.0812 3.0983 0.0058
3.1072 3.0812 3.0983 0.0058
3.1072 3.0812 3.0984 0.0058
3.1072 3.0812 3.0984 0.0058
3.1072 3.0812 3.0984 0.0058
3.1072 3.0812 3.0984 0.0058
3.1072 3.0812 3.0984 0.0058
3.1072 3.0812 3.0985 0.0058
3.1072 3.0812 3.0985 0.0058
3.1072 3.0812 3.0985 0.0058
3.1072 3.0812 3.0985 0.0058
3.1072 3.0812 3.0986 0.0058
3.1072 3.0812 3.0986 0.0058
3.1072 3.0812 3.0987 0.0058
3.1072 3.0812 3.0987 0.0058
3.1072 3.0812 3.0987 0.0058
3.1072 3.0812 3.0988 0.0058
3.1072 3.0812 3.0988 0.0058
3.1072 3.0812 3.0988 0.0058
3.1072 3.0812 3.0989 0.0057
3.1072 3.0812 3.0989 0.0057
3.1072 3.0812 3.0989 0.0057
3.1072 3.0812 3.0989 0.0057
3.1072 3.0812 3.0989 0.0057
3.1072 3.0812 3.0990 0.0056
3.1078 3.0812 3.0991 0.0056
3.1078 3.0812 3.0991 0.0056
3.1078 3.0812 3.0991 0.0056
3.1078 3.0812 3.0991 0.0056
3.1078 3.0812 3.0991 0.0056
3.1078 3.0812 3.0991 0.0057
3.1078 3.0812 3.0991 0.0057
3.1078 3.0812 3.0991 0.0057
3.1078 3.0812 3.0991 0.0057
3.1078 3.0812 3.0992 0.0056
3.1078 3.0812 3.0992 0.0056
3.1078 3.0812 3.0992 0.0056
3.1078 3.0812 3.0992 0.0056
3.1078 3.0812 3.0992 0.0056
3.1078 3.0812 3.0993 0.0055
3.1078 3.0812 3.0994 0.0055
3.1078 3.0812 3.0994 0.0055
3.1078 3.0812 3.0994 0.0055
3.1078 3.0812 3.0995 0.0056
3.1078 3.0812 3.0996 0.0053
3.1078 3.0812 3.0997 0.0053
3.1078 3.0812 3.0997 0.0053
3.1078 3.0812 3.0998 0.0051
3.1078 3.0812 3.0998 0.0051
3.1078 3.0812 3.0998 0.0051
3.1078 3.0812 3.0999 0.0052
3.1078 3.0812 3.0999 0.0052
3.1078 3.0812 3.0999 0.0052
3.1078 3.0812 3.0999 0.0052
3.1078 3.0812 3.0999 0.0052
3.1078 3.0812 3.0999 0.0052
3.1078 3.0812 3.0999 0.0052
3.1078 3.0812 3.0999 0.0051
3.1078 3.0812 3.0999 0.0051
3.1078 3.0812 3.1000 0.0051
3.1078 3.0812 3.1000 0.0051
3.1078 3.0812 3.1000 0.0051
3.1078 3.0812 3.1000 0.0051
3.1078 3.0812 3.1000 0.0051
3.1078 3.0812 3.1000 0.0051
3.1078 3.0812 3.1000 0.0051
3.1078 3.0812 3.1000 0.0051
3.1078 3.0812 3.1000 0.0051
3.1078 3.0812 3.1000 0.0051
3.1078 3.0812 3.1000 0.0051
3.1078 3.0812 3.1000 0.0051
3.1078 3.0812 3.1000 0.0051
3.1078 3.0812 3.1000 0.0051
3.1078 3.0812 3.1000 0.0051
3.1078 3.0812 3.1000 0.0051
3.1078 3.0812 3.1000 0.0051
3.1078 3.0812 3.1000 0.0051
3.1124 3.0812 3.1002 0.0053
3.1124 3.0812 3.1002 0.0053
3.1124 3.0812 3.1002 0.0053
3.1124 3.0812 3.1002 0.0052
3.1124 3.0812 3.1002 0.0052
3.1124 3.0812 3.1002 0.0052
3.1124 3.0812 3.1002 0.0052
3.1124 3.0812 3.1002 0.0052
3.1124 3.0812 3.1002 0.0052
3.1124 3.0812 3.1002 0.0052
3.1124 3.0812 3.1002 0.0052
3.1124 3.0812 3.1002 0.0052
3.1124 3.0812 3.1002 0.0052
3.1124 3.0812 3.1002 0.0052
3.1124 3.0812 3.1002 0.0052
3.1124 3.0812 3.1003 0.0053
3.1124 3.0812 3.1003 0.0053
3.1124 3.0812 3.1005 0.0054
3.1124 3.0812 3.1005 0.0054
3.1124 3.0812 3.1005 0.0054
3.1124 3.0812 3.1005 0.0054
3.1124 3.0812 3.1005 0.0055
3.1124 3.0812 3.1007 0.0053
3.1124 3.0812 3.1007 0.0053
3.1124 3.0812 3.1007 0.0053
3.1124 3.0812 3.1007 0.0053
3.1124 3.0812 3.1007 0.0053
3.1124 3.0812 3.1007 0.0053
3.1124 3.0812 3.1007 0.0053
3.1124 3.0812 3.1007 0.0053
3.1124 3.0812 3.1007 0.0053
3.1124 3.0812 3.1007 0.0053
3.1124 3.0812 3.1007 0.0053
3.1124 3.0812 3.1009 0.0051
3.1124 3.0812 3.1011 0.0050
3.1124 3.0812 3.1011 0.0050
3.1124 3.0812 3.1011 0.0050
3.1124 3.0812 3.1011 0.0050
3.1124 3.0812 3.1012 0.0051
3.1124 3.0812 3.1014 0.0049
3.1124 3.0812 3.1014 0.0049
3.1124 3.0812 3.1014 0.0049
3.1124 3.0812 3.1014 0.0049
3.1124 3.0812 3.1014 0.0049
3.1124 3.0812 3.1015 0.0049
3.1124 3.0812 3.1016 0.0048
3.1124 3.0812 3.1016 0.0048
3.1124 3.0812 3.1016 0.0048
3.1124 3.0812 3.1016 0.0048
3.1124 3.0812 3.1016 0.0048
3.1124 3.0812 3.1016 0.0048
3.1124 3.0812 3.1016 0.0048
3.1124 3.0812 3.1017 0.0048
3.1124 3.0812 3.1017 0.0048
3.1124 3.0812 3.1018 0.0047
3.1124 3.0812 3.1018 0.0047
3.1124 3.0812 3.1018 0.0047
3.1124 3.0812 3.1019 0.0047
3.1124 3.0812 3.1019 0.0047
3.1124 3.0812 3.1019 0.0047
3.1124 3.0812 3.1019 0.0047
3.1124 3.0812 3.1021 0.0049
3.1124 3.0812 3.1021 0.0049
3.1124 3.0812 3.1021 0.0049
3.1124 3.0812 3.1021 0.0049
3.1124 3.0812 3.1021 0.0049
3.1124 3.0812 3.1021 0.0049
3.1124 3.0812 3.1021 0.0049
3.1124 3.0812 3.1022 0.0049
3.1124 3.0812 3.1022 0.0049
3.1124 3.0812 3.1022 0.0049
3.1124 3.0812 3.1022 0.0049
3.1124 3.0812 3.1023 0.0049
3.1124 3.0812 3.1023 0.0049
3.1124 3.0812 3.1023 0.0049
3.1124 3.0812 3.1024 0.0049
3.1124 3.0812 3.1024 0.0049
3.1124 3.0812 3.1024 0.0049
3.1124 3.0812 3.1024 0.0049
3.1147 3.0812 3.1025 0.0051
3.1147 3.0812 3.1025 0.0051
3.1147 3.0812 3.1025 0.0051
3.1147 3.0812 3.1026 0.0051
3.1147 3.0812 3.1026 0.0051
3.1147 3.0812 3.1026 0.0051
3.1147 3.0812 3.1027 0.0051
3.1147 3.0812 3.1027 0.0051
3.1147 3.0812 3.1027 0.0051
3.1147 3.0812 3.1027 0.0051
3.1147 3.0812 3.1027 0.0051
3.1147 3.0812 3.1027 0.0051
3.1147 3.0812 3.1028 0.0051
3.1147 3.0812 3.1028 0.0051
3.1147 3.0812 3.1028 0.0051
3.1147 3.0812 3.1028 0.0051
3.1147 3.0812 3.1028 0.0051
3.1147 3.0812 3.1028 0.0051
3.1147 3.0812 3.1029 0.0051
3.1147 3.0812 3.1029 0.0051
3.1147 3.0812 3.1029 0.0051
3.1147 3.0812 3.1029 0.0051
3.1147 3.0812 3.1029 0.0052
3.1147 3.0812 3.1029 0.0052
3.1147 3.0812 3.1029 0.0052
3.1147 3.0812 3.1029 0.0052
3.1147 3.0812 3.1029 0.0052
3.1147 3.0812 3.1030 0.0052
3.1147 3.0812 3.1030 0.0052
3.1147 3.0812 3.1030 0.0052
3.1147 3.0812 3.1030 0.0052
3.1147 3.0812 3.1030 0.0052
3.1147 3.0812 3.1030 0.0052
3.1147 3.0812 3.1030 0.0052
3.1147 3.0812 3.1030 0.0052
3.1147 3.0812 3.1030 0.0052
3.1354 3.0812 3.1033 0.0061
3.1354 3.0812 3.1034 0.0062
3.1354 3.0812 3.1034 0.0062
3.1354 3.0812 3.1034 0.0062
3.1354 3.0812 3.1034 0.0062
3.1354 3.0812 3.1034 0.0062
3.1354 3.0812 3.1034 0.0062
3.1354 3.0812 3.1034 0.0062
3.1354 3.0812 3.1035 0.0060
3.1354 3.0812 3.1036 0.0060
3.1354 3.0812 3.1036 0.0060
3.1354 3.0812 3.1036 0.0060
3.1354 3.0812 3.1036 0.0060
3.1354 3.0812 3.1036 0.0060
3.1354 3.0812 3.1036 0.0060
3.1354 3.0812 3.1036 0.0060
3.1354 3.0812 3.1036 0.0060
3.1354 3.0812 3.1036 0.0060
3.1354 3.0812 3.1038 0.0062
3.1354 3.0812 3.1038 0.0062
3.1354 3.0812 3.1038 0.0062
3.1354 3.0812 3.1038 0.0062
3.1354 3.0812 3.1038 0.0062
3.1354 3.0812 3.1038 0.0062
3.1354 3.0812 3.1038 0.0062
3.1354 3.0812 3.1038 0.0062
3.1354 3.0812 3.1039 0.0062
3.1354 3.0812 3.1039 0.0062
3.1354 3.0812 3.1040 0.0062
3.1354 3.0812 3.1040 0.0062
3.1354 3.0812 3.1040 0.0062
3.1354 3.0812 3.1040 0.0062
3.1354 3.0874 3.1042 0.0058
3.1354 3.0912 3.1043 0.0056
3.1354 3.0912 3.1043 0.0056
3.1354 3.0912 3.1044 0.0056
3.1354 3.0912 3.1044 0.0056
3.1354 3.0912 3.1044 0.0056
3.1354 3.0912 3.1044 0.0056
3.1354 3.0912 3.1044 0.0056
3.1354 3.0912 3.1044 0.0056
3.1354 3.0912 3.1045 0.0058
3.1354 3.0912 3.1045 0.0058
3.1354 3.0912 3.1045 0.0058
3.1354 3.0912 3.1045 0.0058
3.1354 3.0912 3.1046 0.0057
3.1354 3.0912 3.1046 0.0057
3.1354 3.0912 3.1046 0.0057
3.1354 3.0912 3.1046 0.0057
3.1354 3.0912 3.1046 0.0057
3.1354 3.0912 3.1046 0.0057
3.1354 3.0912 3.1047 0.0057
3.1354 3.0912 3.1047 0.0057
3.1354 3.0912 3.1047 0.0057
3.1354 3.0912 3.1047 0.0057
3.1354 3.0912 3.1047 0.0057
3.1354 3.0912 3.1049 0.0056
3.1354 3.0912 3.1049 0.0056
3.1354 3.0912 3.1049 0.0056
3.1354 3.0912 3.1049 0.0056
3.1354 3.0912 3.1049 0.0056
3.1354 3.0912 3.1049 0.0056
3.1354 3.0912 3.1049 0.0056
3.1354 3.0912 3.1049 0.0056
3.1354 3.0912 3.1049 0.0056
3.1354 3.0912 3.1050 0.0056
3.1354 3.0912 3.1050 0.0056
3.1354 3.0912 3.1050 0.0056
3.1354 3.0912 3.1050 0.0056
3.1354 3.0912 3.1050 0.0056
3.1354 3.0912 3.1051 0.0056
3.1354 3.0912 3.1051 0.0057
3.1354 3.0912 3.1051 0.0057
3.1354 3.0912 3.1052 0.0056
3.1354 3.0912 3.1053 0.0057
3.1354 3.0912 3.1054 0.0056
3.1354 3.0912 3.1054 0.0056
3.1354 3.0912 3.1055 0.0057
3.1354 3.0912 3.1055 0.0057
3.1354 3.0912 3.1055 0.0057
3.1354 3.0912 3.1055 0.0057
3.1354 3.0912 3.1055 0.0057
3.1354 3.0912 3.1055 0.0057
3.1354 3.0912 3.1055 0.0057
3.1354 3.0912 3.1055 0.0057
3.1354 3.0912 3.1055 0.0057
3.1354 3.0912 3.1055 0.0057
3.1354 3.0912 3.1055 0.0057
3.1354 3.0912 3.1055 0.0057
3.1354 3.0912 3.1056 0.0056
3.1354 3.0912 3.1057 0.0057
3.1354 3.0912 3.1057 0.0057
3.1354 3.0912 3.1057 0.0057
3.1354 3.0912 3.1058 0.0057
3.1354 3.0912 3.1058 0.0057
3.1354 3.0971 3.1059 0.0055
3.1354 3.0971 3.1059 0.0055
3.1354 3.0971 3.1059 0.0055
3.1354 3.0971 3.1059 0.0055
3.1354 3.0971 3.1059 0.0055
3.1354 3.0971 3.1059 0.0055
3.1354 3.0971 3.1059 0.0055
3.1354 3.0971 3.1060 0.0056
3.1354 3.0971 3.1060 0.0056
3.1354 3.0971 3.1060 0.0056
3.1354 3.0971 3.1060 0.0055
3.1354 3.0971 3.1061 0.0056
3.1354 3.0971 3.1061 0.0056
3.1354 3.0971 3.1062 0.0055
3.1354 3.0971 3.1062 0.0055
3.1354 3.0971 3.1062 0.0055
3.1354 3.0971 3.1062 0.0055
3.1354 3.0971 3.1062 0.0055
3.1354 3.0971 3.1064 0.0062
3.1354 3.0971 3.1066 0.0068
3.1354 3.0971 3.1066 0.0068
3.1354 3.0971 3.1068 0.0068
3.1354 3.0971 3.1068 0.0067
3.1354 3.0971 3.1069 0.0068
3.1354 3.0971 3.1069 0.0068
3.1354 3.0971 3.1069 0.0068
3.1354 3.0971 3.1069 0.0068
3.1354 3.0971 3.1069 0.0068
3.1354 3.0971 3.1070 0.0068
3.1354 3.0971 3.1070 0.0068
3.1354 3.0971 3.1070 0.0068
3.1354 3.0971 3.1070 0.0068
3.1354 3.0971 3.1071 0.0067
3.1354 3.0971 3.1071 0.0067
3.1354 3.0971 3.1071 0.0067
3.1354 3.0971 3.1072 0.0068
3.1354 3.0971 3.1072 0.0068
3.1354 3.0971 3.1072 0.0068
3.1354 3.0971 3.1072 0.0068
3.1354 3.0971 3.1072 0.0068
3.1354 3.0971 3.1072 0.0068
3.1354 3.0971 3.1072 0.0067
3.1354 3.0971 3.1072 0.0067
3.1354 3.0971 3.1073 0.0067
3.1354 3.0971 3.1074 0.0068
3.1354 3.0971 3.1074 0.0068
3.1354 3.0971 3.1074 0.0068
3.1354 3.0971 3.1074 0.0068
3.1354 3.0971 3.1074 0.0068
3.1354 3.0971 3.1074 0.0068
3.1354 3.0971 3.1074 0.0068
3.1354 3.0971 3.1074 0.0068
3.1354 3.0971 3.1074 0.0068
3.1354 3.0971 3.1074 0.0068
3.1354 3.0971 3.1074 0.0068
3.1354 3.0971 3.1074 0.0068
3.1354 3.0971 3.1074 0.0068
3.1354 3.0971 3.1075 0.0067
3.1354 3.0971 3.1077 0.0068
3.1354 3.0971 3.1077 0.0068
3.1354 3.0971 3.1077 0.0068
3.1354 3.0971 3.1077 0.0068
3.1354 3.0971 3.1077 0.0068
3.1354 3.0971 3.1077 0.0068
3.1354 3.0971 3.1077 0.0068
3.1354 3.0971 3.1077 0.0068
3.1354 3.0971 3.1077 0.0068
3.1354 3.0971 3.1077 0.0068
3.1354 3.0971 3.1077 0.0068
3.1354 3.0971 3.1077 0.0068
3.1354 3.0971 3.1077 0.0068
3.1354 3.0971 3.1077 0.0068
3.1354 3.0971 3.1077 0.0068
3.1354 3.0971 3.1077 0.0068
3.1354 3.0971 3.1077 0.0068
3.1354 3.0971 3.1079 0.0068
3.1354 3.0971 3.1079 0.0068
3.1354 3.0971 3.1079 0.0068
3.1354 3.0971 3.1079 0.0068
3.1354 3.0971 3.1079 0.0068
3.1354 3.0971 3.1079 0.0068
3.1354 3.0971 3.1080 0.0068
3.1354 3.0971 3.1080 0.0067
3.1354 3.0971 3.1080 0.0067
3.1354 3.0971 3.1080 0.0067
3.1354 3.0971 3.1080 0.0067
3.1354 3.0971 3.1080 0.0067
3.1354 3.0971 3.1080 0.0067
3.1354 3.0971 3.1080 0.0067
3.1354 3.0971 3.1080 0.0067
3.1354 3.0971 3.1080 0.0067
3.1354 3.0971 3.1080 0.0067
3.1354 3.0971 3.1080 0.0067
3.1354 3.0971 3.1080 0.0067
3.1354 3.0971 3.1080 0.0067
3.1354 3.0971 3.1080 0.0067
3.1354 3.0971 3.1080 0.0067
3.1354 3.0971 3.1080 0.0067
3.1354 3.0971 3.1081 0.0067
3.1354 3.0971 3.1081 0.0067
3.1354 3.0971 3.1081 0.0067
3.1354 3.0971 3.1081 0.0067
3.1354 3.0971 3.1081 0.0067
3.1354 3.0971 3.1081 0.0067
3.1354 3.0971 3.1081 0.0067
3.1354 3.0971 3.1081 0.0067
3.1354 3.0971 3.1081 0.0067
3.1354 3.0971 3.1081 0.0067
3.1354 3.0971 3.1082 0.0067
3.1354 3.0971 3.1082 0.0067
3.1354 3.0971 3.1082 0.0067
3.1354 3.0971 3.1082 0.0067
3.1354 3.0993 3.1085 0.0069
3.1354 3.0993 3.1085 0.0069
3.1354 3.0993 3.1085 0.0069
3.1354 3.0993 3.1086 0.0069
3.1354 3.0993 3.1087 0.0069
3.1354 3.0993 3.1087 0.0069
3.1354 3.0993 3.1088 0.0069
3.1354 3.0993 3.1088 0.0069
3.1354 3.0993 3.1088 0.0069
3.1354 3.0993 3.1088 0.0069
3.1354 3.0993 3.1088 0.0069
3.1354 3.0993 3.1088 0.0069
3.1354 3.0993 3.1088 0.0069
3.1354 3.0993 3.1088 0.0069
3.1354 3.0993 3.1089 0.0068
3.1354 3.0993 3.1090 0.0068
3.1354 3.0993 3.1090 0.0068
3.1354 3.0993 3.1092 0.0068
3.1354 3.0993 3.1092 0.0068
3.1354 3.0993 3.1092 0.0068
3.1354 3.0993 3.1093 0.0068
3.1354 3.0993 3.1093 0.0068
3.1354 3.0993 3.1094 0.0067
3.1354 3.0993 3.1094 0.0067
3.1354 3.0993 3.1094 0.0067
3.1354 3.0993 3.1094 0.0067
3.1354 3.0993 3.1094 0.0067
3.1354 3.0993 3.1094 0.0067
3.1354 3.0993 3.1095 0.0067
3.1354 3.0993 3.1095 0.0067
3.1354 3.0993 3.1095 0.0067
3.1354 3.0993 3.1095 0.0067
3.1354 3.0993 3.1095 0.0067
3.1354 3.0993 3.1095 0.0067
3.1354 3.0993 3.1095 0.0067
3.1354 3.0993 3.1095 0.0067
3.1354 3.0993 3.1095 0.0067
3.1354 3.0993 3.1095 0.0067
3.1354 3.0993 3.1095 0.0067
3.1354 3.0993 3.1095 0.0067
3.1354 3.0993 3.1095 0.0067
3.1354 3.0993 3.1095 0.0067
3.1354 3.0993 3.1095 0.0067
3.1354 3.0993 3.1096 0.0068
3.1354 3.0993 3.1096 0.0068
3.1354 3.0993 3.1096 0.0068
3.1354 3.0993 3.1096 0.0068
3.1354 3.0993 3.1097 0.0068
3.1354 3.0993 3.1097 0.0068
3.1354 3.0993 3.1098 0.0068
3.1354 3.0993 3.1098 0.0068
3.1354 3.0993 3.1098 0.0068
3.1354 3.0993 3.1099 0.0068
3.1354 3.0993 3.1099 0.0068
3.1354 3.0993 3.1099 0.0068
3.1354 3.0993 3.1099 0.0068
3.1354 3.0993 3.1099 0.0068
3.1354 3.0993 3.1100 0.0067
3.1354 3.0993 3.1100 0.0067
3.1354 3.0993 3.1100 0.0067
3.1354 3.0993 3.1100 0.0067
3.1354 3.0993 3.1100 0.0067
3.1354 3.0993 3.1100 0.0067
3.1354 3.0993 3.1100 0.0067
3.1354 3.0993 3.1100 0.0067
3.1354 3.0993 3.1100 0.0067
3.1354 3.0993 3.1100 0.0067
3.1354 3.0993 3.1100 0.0067
3.1354 3.0993 3.1100 0.0067
3.1354 3.0993 3.1100 0.0067
3.1354 3.0993 3.1100 0.0067
3.1354 3.0993 3.1101 0.0067
3.1354 3.0993 3.1101 0.0067
3.1354 3.0993 3.1101 0.0067
3.1354 3.0993 3.1101 0.0067
3.1354 3.0993 3.1103 0.0068
3.1354 3.0993 3.1103 0.0068
3.1354 3.0993 3.1103 0.0068
3.1354 3.0993 3.1104 0.0068
3.1354 3.0993 3.1104 0.0068
3.1354 3.0993 3.1104 0.0068
3.1354 3.0993 3.1105 0.0068
3.1354 3.0993 3.1105 0.0068
3.1354 3.0993 3.1107 0.0072
3.1354 3.0995 3.1109 0.0071
3.1354 3.0995 3.1109 0.0073
3.1354 3.0995 3.1109 0.0073
3.1354 3.0995 3.1109 0.0073
3.1354 3.0995 3.1109 0.0073
3.1354 3.0995 3.1109 0.0073
3.1354 3.0995 3.1110 0.0073
3.1354 3.0995 3.1110 0.0073
3.1354 3.0995 3.1110 0.0073
3.1354 3.0995 3.1110 0.0073
3.1354 3.0995 3.1111 0.0073
3.1354 3.0995 3.1111 0.0073
3.1354 3.0995 3.1111 0.0073
3.1354 3.0995 3.1111 0.0073
3.1354 3.0995 3.1111 0.0073
3.1354 3.0995 3.1111 0.0073
3.1354 3.0997 3.1113 0.0072
3.1354 3.0997 3.1113 0.0072
3.1354 3.0997 3.1113 0.0072
3.1354 3.0997 3.1113 0.0072
3.1354 3.0997 3.1113 0.0072
3.1354 3.0997 3.1113 0.0072
3.1354 3.0997 3.1113 0.0072
3.1354 3.0997 3.1114 0.0072
3.1354 3.0997 3.1114 0.0072
3.1354 3.0997 3.1114 0.0072
3.1354 3.0997 3.1114 0.0072
3.1354 3.0997 3.1114 0.0073
3.1354 3.0997 3.1116 0.0073
3.1354 3.0997 3.1116 0.0073
3.1354 3.0997 3.1116 0.0073
3.1354 3.0997 3.1116 0.0073
3.1354 3.0997 3.1116 0.0073
3.1354 3.0997 3.1116 0.0073
3.1354 3.0997 3.1116 0.0073
3.1354 3.0997 3.1118 0.0073
3.1354 3.0997 3.1118 0.0073
3.1354 3.0997 3.1118 0.0073
3.1354 3.0997 3.1118 0.0073
3.1354 3.0997 3.1118 0.0073
3.1354 3.0997 3.1118 0.0073
3.1354 3.0997 3.1120 0.0072
3.1354 3.0997 3.1121 0.0072
3.1354 3.0997 3.1121 0.0072
3.1354 3.0997 3.1121 0.0072
3.1354 3.0997 3.1121 0.0072
3.1354 3.0997 3.1121 0.0072
3.1354 3.0997 3.1121 0.0072
3.1354 3.0997 3.1121 0.0072
3.1354 3.0997 3.1121 0.0072
3.1354 3.0997 3.1121 0.0072
3.1354 3.0997 3.1122 0.0072
3.1354 3.0997 3.1122 0.0072
3.1354 3.0997 3.1122 0.0072
3.1392 3.0997 3.1126 0.0076
3.1392 3.0997 3.1126 0.0076
3.1392 3.0997 3.1126 0.0076
3.1392 3.0997 3.1126 0.0076
3.1392 3.1013 3.1127 0.0076
3.1392 3.1013 3.1127 0.0076
3.1392 3.1013 3.1127 0.0076
3.1392 3.1013 3.1127 0.0076
3.1392 3.1013 3.1127 0.0076
3.1392 3.1013 3.1127 0.0076
3.1392 3.1013 3.1127 0.0076
3.1392 3.1013 3.1128 0.0076
3.1392 3.1013 3.1128 0.0076
3.1392 3.1013 3.1129 0.0076
3.1392 3.1013 3.1129 0.0076
3.1392 3.1013 3.1129 0.0076
3.1392 3.1013 3.1129 0.0076
3.1392 3.1013 3.1129 0.0076
3.1392 3.1013 3.1130 0.0077
3.1392 3.1013 3.1130 0.0077
3.1392 3.1013 3.1130 0.0077
3.1392 3.1013 3.1130 0.0077
3.1392 3.1013 3.1130 0.0077
3.1392 3.1013 3.1130 0.0077
3.1392 3.1013 3.1130 0.0077
3.1392 3.1013 3.1131 0.0077
3.1392 3.1013 3.1131 0.0077
3.1392 3.1013 3.1131 0.0077
3.1392 3.1013 3.1131 0.0077
3.1392 3.1013 3.1132 0.0076
3.1392 3.1013 3.1132 0.0076
3.1392 3.1013 3.1132 0.0076
3.1392 3.1013 3.1132 0.0076
3.1392 3.1013 3.1133 0.0076
3.1392 3.1013 3.1134 0.0076
3.1392 3.1013 3.1134 0.0076
3.1392 3.1013 3.1134 0.0076
3.1392 3.1013 3.1134 0.0076
3.1392 3.1013 3.1134 0.0076
3.1392 3.1013 3.1134 0.0076
3.1392 3.1013 3.1135 0.0075
3.1392 3.1013 3.1135 0.0075
3.1392 3.1013 3.1135 0.0075
3.1392 3.1013 3.1135 0.0075
3.1392 3.1013 3.1135 0.0075
3.1392 3.1013 3.1138 0.0078
3.1392 3.1013 3.1138 0.0078
3.1392 3.1013 3.1138 0.0078
3.1392 3.1013 3.1138 0.0078
3.1392 3.1013 3.1138 0.0078
3.1392 3.1013 3.1138 0.0078
3.1392 3.1013 3.1138 0.0078
3.1392 3.1013 3.1138 0.0078
3.1392 3.1013 3.1138 0.0078
3.1392 3.1013 3.1138 0.0078
3.1392 3.1013 3.1138 0.0078
3.1392 3.1013 3.1138 0.0078
3.1392 3.1016 3.1139 0.0077
3.1392 3.1016 3.1139 0.0077
3.1392 3.1016 3.1140 0.0076
3.1392 3.1016 3.1140 0.0076
3.1392 3.1016 3.1141 0.0075
3.1392 3.1016 3.1141 0.0075
3.1392 3.1016 3.1141 0.0075
3.1392 3.1016 3.1142 0.0075
3.1392 3.1016 3.1143 0.0077
3.1392 3.1016 3.1143 0.0077
3.1392 3.1016 3.1143 0.0077
3.1392 3.1016 3.1143 0.0077
3.1392 3.1016 3.1143 0.0077
3.1392 3.1016 3.1143 0.0077
3.1392 3.1016 3.1143 0.0077
3.1392 3.1016 3.1143 0.0077
3.1392 3.1016 3.1143 0.0077
3.1392 3.1016 3.1143 0.0077
3.1392 3.1016 3.1143 0.0077
3.1392 3.1016 3.1143 0.0076
3.1392 3.1016 3.1143 0.0076
3.1392 3.1016 3.1143 0.0076
3.1392 3.1016 3.1143 0.0076
3.1392 3.1016 3.1144 0.0077
3.1392 3.1016 3.1144 0.0077
3.1392 3.1016 3.1145 0.0076
3.1392 3.1016 3.1147 0.0077
3.1392 3.1016 3.1147 0.0077
3.1392 3.1016 3.1147 0.0077
3.1392 3.1016 3.1147 0.0077
3.1392 3.1016 3.1147 0.0077
3.1392 3.1016 3.1147 0.0077
3.1392 3.1016 3.1148 0.0077
3.1392 3.1016 3.1149 0.0077
3.1392 3.1016 3.1150 0.0077
3.1392 3.1016 3.1150 0.0077
3.1392 3.1016 3.1150 0.0077
3.1392 3.1016 3.1151 0.0078
3.1392 3.1016 3.1151 0.0078
3.1392 3.1016 3.1151 0.0078
3.1392 3.1016 3.1151 0.0078
3.1392 3.1016 3.1151 0.0078
3.1392 3.1016 3.1151 0.0078
3.1392 3.1016 3.1151 0.0078
3.1392 3.1016 3.1154 0.0080
3.1392 3.1016 3.1154 0.0080
3.1392 3.1016 3.1154 0.0080
3.1392 3.1016 3.1154 0.0080
3.1392 3.1016 3.1154 0.0080
3.1392 3.1016 3.1154 0.0080
3.1392 3.1016 3.1154 0.0080
3.1392 3.1016 3.1154 0.0080
3.1392 3.1016 3.1156 0.0080
3.1392 3.1016 3.1156 0.0080
3.1392 3.1016 3.1156 0.0080
3.1392 3.1016 3.1156 0.0080
3.1392 3.1016 3.1156 0.0080
3.1392 3.1016 3.1156 0.0080
3.1392 3.1016 3.1156 0.0080
3.1392 3.1016 3.1156 0.0080
3.1392 3.1016 3.1156 0.0080
3.1392 3.1016 3.1156 0.0080
3.1392 3.1016 3.1156 0.0080
3.1392 3.1016 3.1156 0.0080
3.1392 3.1016 3.1156 0.0080
3.1392 3.1016 3.1156 0.0080
3.1392 3.1016 3.1156 0.0080
3.1392 3.1016 3.1157 0.0080
3.1392 3.1016 3.1158 0.0079
3.1392 3.1016 3.1158 0.0079
3.1392 3.1016 3.1158 0.0079
3.1392 3.1016 3.1158 0.0079
3.1392 3.1016 3.1158 0.0079
3.1392 3.1016 3.1158 0.0079
3.1392 3.1016 3.1158 0.0079
3.1392 3.1016 3.1158 0.0079
3.1392 3.1016 3.1158 0.0079
3.1392 3.1016 3.1158 0.0079
3.1392 3.1016 3.1158 0.0079
3.1392 3.1016 3.1158 0.0079
3.1434 3.1016 3.1159 0.0082
3.1434 3.1016 3.1159 0.0082
3.1434 3.1016 3.1159 0.0082
3.1434 3.1016 3.1159 0.0082
3.1434 3.1016 3.1159 0.0082
3.1434 3.1016 3.1159 0.0082
3.1434 3.1016 3.1159 0.0082
3.1434 3.1016 3.1159 0.0082
3.1434 3.1016 3.1159 0.0082
3.1434 3.1016 3.1159 0.0082
3.1434 3.1016 3.1159 0.0082
3.1434 3.1016 3.1160 0.0082
3.1434 3.1016 3.1160 0.0082
3.1434 3.1016 3.1161 0.0081
3.1434 3.1016 3.1161 0.0081
3.1495 3.1016 3.1161 0.0083
3.1495 3.1016 3.1161 0.0083
3.1495 3.1016 3.1161 0.0083
3.1495 3.1016 3.1161 0.0083
3.1495 3.1016 3.1162 0.0083
3.1495 3.1016 3.1162 0.0083
3.1495 3.1016 3.1162 0.0083
3.1495 3.1016 3.1162 0.0083
3.1495 3.1016 3.1162 0.0083
3.1495 3.1016 3.1162 0.0083
3.1495 3.1016 3.1162 0.0083
3.1495 3.1016 3.1164 0.0083
3.1495 3.1016 3.1164 0.0083
3.1495 3.1016 3.1165 0.0082
3.1495 3.1016 3.1165 0.0082
3.1495 3.1016 3.1165 0.0082
3.1495 3.1016 3.1165 0.0082
3.1495 3.1016 3.1166 0.0082
3.1495 3.1016 3.1167 0.0084
3.1495 3.1016 3.1167 0.0084
3.1495 3.1016 3.1167 0.0084
3.1495 3.1016 3.1168 0.0084
3.1495 3.1016 3.1168 0.0084
3.1495 3.1016 3.1168 0.0084
3.1495 3.1016 3.1168 0.0083
3.1495 3.1016 3.1168 0.0083
3.1495 3.1016 3.1168 0.0083
3.1495 3.1016 3.1168 0.0083
3.1495 3.1016 3.1168 0.0083
3.1495 3.1016 3.1168 0.0083
3.1495 3.1016 3.1168 0.0083
3.1495 3.1016 3.1168 0.0083
3.1495 3.1016 3.1168 0.0083
3.1495 3.1016 3.1168 0.0083
3.1495 3.1016 3.1169 0.0083
3.1495 3.1016 3.1169 0.0083
3.1495 3.1016 3.1169 0.0083
3.1495 3.1016 3.1169 0.0083
3.1495 3.1016 3.1169 0.0083
3.1495 3.1016 3.1169 0.0083
3.1495 3.1016 3.1169 0.0083
3.1495 3.1016 3.1169 0.0083
3.1495 3.1016 3.1170 0.0083
3.1495 3.1016 3.1171 0.0083
3.1495 3.1016 3.1173 0.0086
3.1495 3.1016 3.1173 0.0086
3.1495 3.1016 3.1173 0.0086
3.1495 3.1016 3.1174 0.0086
3.1495 3.1016 3.1174 0.0086
3.1495 3.1016 3.1174 0.0086
3.1495 3.1016 3.1174 0.0086
3.1495 3.1016 3.1175 0.0085
3.1495 3.1016 3.1175 0.0085
3.1495 3.1016 3.1176 0.0085
3.1495 3.1016 3.1176 0.0085
3.1495 3.1016 3.1176 0.0085
3.1495 3.1016 3.1176 0.0085
3.1495 3.1016 3.1176 0.0085
3.1495 3.1016 3.1176 0.0085
3.1495 3.1016 3.1177 0.0085
3.1495 3.1016 3.1177 0.0085
3.1495 3.1016 3.1177 0.0085
3.1495 3.1016 3.1177 0.0085
3.1495 3.1016 3.1177 0.0085
3.1495 3.1016 3.1179 0.0085
3.1495 3.1016 3.1179 0.0085
3.1495 3.1016 3.1179 0.0085
3.1495 3.1016 3.1179 0.0085
3.1495 3.1016 3.1180 0.0085
3.1495 3.1016 3.1180 0.0085
3.1495 3.1016 3.1180 0.0085
3.1495 3.1016 3.1180 0.0085
3.1495 3.1016 3.1180 0.0085
3.1495 3.1016 3.1180 0.0085
3.1495 3.1016 3.1180 0.0085
3.1495 3.1016 3.1180 0.0085
3.1495 3.1026 3.1180 0.0084
3.1495 3.1026 3.1182 0.0086
3.1495 3.1026 3.1182 0.0086
3.1495 3.1026 3.1182 0.0086
3.1495 3.1026 3.1182 0.0086
3.1495 3.1026 3.1182 0.0086
3.1495 3.1026 3.1183 0.0085
3.1495 3.1026 3.1183 0.0085
3.1495 3.1026 3.1183 0.0085
3.1495 3.1026 3.1183 0.0085
3.1495 3.1026 3.1183 0.0085
3.1495 3.1026 3.1184 0.0085
3.1495 3.1026 3.1184 0.0085
3.1495 3.1026 3.1184 0.0085
3.1495 3.1026 3.1184 0.0085
3.1495 3.1026 3.1184 0.0085
3.1495 3.1026 3.1185 0.0085
3.1495 3.1026 3.1185 0.0085
3.1495 3.1026 3.1185 0.0085
3.1495 3.1026 3.1185 0.0085
3.1495 3.1026 3.1185 0.0085
3.1495 3.1026 3.1187 0.0086
3.1495 3.1026 3.1187 0.0086
3.1495 3.1026 3.1187 0.0086
3.1495 3.1026 3.1187 0.0086
3.1495 3.1026 3.1187 0.0086
3.1495 3.1026 3.1188 0.0086
3.1495 3.1026 3.1188 0.0086
3.1495 3.1026 3.1188 0.0086
3.1495 3.1026 3.1188 0.0086
3.1495 3.1026 3.1188 0.0086
3.1495 3.1026 3.1188 0.0086
3.1495 3.1026 3.1188 0.0087
3.1495 3.1026 3.1188 0.0087
3.1495 3.1026 3.1190 0.0089
3.1495 3.1026 3.1192 0.0088
3.1495 3.1026 3.1192 0.0088
3.1495 3.1026 3.1192 0.0088
3.1495 3.1026 3.1192 0.0088
3.1495 3.1026 3.1192 0.0088
3.1495 3.1026 3.1192 0.0088
3.1495 3.1026 3.1193 0.0088
3.1495 3.1026 3.1193 0.0088
3.1495 3.1026 3.1193 0.0088
3.1495 3.1026 3.1193 0.0088
3.1495 3.1026 3.1193 0.0088
3.1495 3.1026 3.1193 0.0088
3.1495 3.1026 3.1193 0.0088
3.1495 3.1026 3.1195 0.0089
3.1495 3.1026 3.1195 0.0090
3.1495 3.1026 3.1195 0.0090
3.1495 3.1026 3.1195 0.0090
3.1495 3.1026 3.1195 0.0090
3.1495 3.1026 3.1195 0.0090
3.1495 3.1026 3.1196 0.0090
3.1495 3.1026 3.1197 0.0091
3.1495 3.1026 3.1198 0.0091
3.1495 3.1026 3.1198 0.0091
3.1495 3.1026 3.1198 0.0091
3.1495 3.1026 3.1198 0.0091
3.1495 3.1026 3.1198 0.0091
3.1495 3.1026 3.1198 0.0091
3.1495 3.1026 3.1199 0.0092
3.1495 3.1026 3.1201 0.0095
3.1495 3.1026 3.1201 0.0095
3.1495 3.1026 3.1201 0.0095
3.1495 3.1026 3.1201 0.0095
3.1495 3.1026 3.1201 0.0095
3.1495 3.1026 3.1201 0.0095
3.1495 3.1026 3.1201 0.0095
3.1495 3.1026 3.1201 0.0095
3.1495 3.1026 3.1201 0.0095
3.1495 3.1026 3.1201 0.0095
3.1495 3.1026 3.1201 0.0095
3.1495 3.1026 3.1201 0.0095
3.1495 3.1026 3.1201 0.0095
3.1495 3.1026 3.1201 0.0095
3.1495 3.1026 3.1201 0.0095
3.1495 3.1026 3.1201 0.0095
3.1495 3.1026 3.1201 0.0095
3.1495 3.1026 3.1202 0.0095
3.1495 3.1026 3.1202 0.0095
3.1495 3.1026 3.1202 0.0095
3.1495 3.1026 3.1202 0.0095
3.1495 3.1026 3.1202 0.0095
3.1495 3.1026 3.1202 0.0095
3.1495 3.1026 3.1202 0.0095
3.1495 3.1026 3.1202 0.0095
3.1495 3.1026 3.1202 0.0095
3.1495 3.1026 3.1202 0.0095
3.1495 3.1026 3.1202 0.0095
3.1495 3.1026 3.1202 0.0095
3.1495 3.1026 3.1203 0.0094
3.1495 3.1026 3.1203 0.0094
3.1495 3.1026 3.1203 0.0094
3.1495 3.1026 3.1203 0.0094
3.1495 3.1026 3.1204 0.0093
3.1495 3.1026 3.1204 0.0093
3.1495 3.1026 3.1204 0.0093
3.1495 3.1026 3.1204 0.0093
3.1495 3.1026 3.1205 0.0094
3.1495 3.1026 3.1207 0.0095
3.1495 3.1026 3.1207 0.0095
3.1495 3.1026 3.1207 0.0095
3.1495 3.1026 3.1207 0.0095
3.1495 3.1026 3.1207 0.0095
3.1495 3.1026 3.1208 0.0094
3.1495 3.1026 3.1208 0.0094
3.1495 3.1026 3.1209 0.0093
3.1495 3.1026 3.1209 0.0093
3.1495 3.1026 3.1209 0.0093
3.1495 3.1026 3.1209 0.0093
3.1495 3.1026 3.1209 0.0093
3.1495 3.1026 3.1209 0.0093
3.1495 3.1026 3.1209 0.0093
3.1495 3.1026 3.1211 0.0095
3.1495 3.1026 3.1211 0.0095
3.1495 3.1026 3.1216 0.0096
3.1495 3.1026 3.1216 0.0096
3.1495 3.1026 3.1218 0.0096
3.1495 3.1026 3.1218 0.0096
3.1495 3.1026 3.1218 0.0097
3.1495 3.1026 3.1218 0.0097
3.1495 3.1026 3.1218 0.0097
3.1495 3.1026 3.1218 0.0097
3.1495 3.1026 3.1218 0.0097
3.1495 3.1026 3.1218 0.0097
3.1495 3.1026 3.1221 0.0098
3.1495 3.1026 3.1221 0.0098
3.1495 3.1026 3.1221 0.0098
3.1495 3.1026 3.1221 0.0098
3.1495 3.1026 3.1221 0.0098
3.1495 3.1026 3.1221 0.0098
3.1495 3.1026 3.1221 0.0098
3.1495 3.1026 3.1221 0.0098
3.1495 3.1026 3.1222 0.0098
3.1495 3.1026 3.1225 0.0100
3.1495 3.1026 3.1225 0.0100
3.1495 3.1026 3.1225 0.0099
3.1495 3.1026 3.1225 0.0099
3.1495 3.1026 3.1225 0.0099
3.1495 3.1026 3.1226 0.0099
3.1495 3.1026 3.1226 0.0099
3.1495 3.1026 3.1226 0.0099
3.1495 3.1026 3.1226 0.0099
3.1495 3.1026 3.1226 0.0099
3.1495 3.1026 3.1226 0.0099
3.1495 3.1026 3.1226 0.0099
3.1495 3.1026 3.1226 0.0099
3.1495 3.1026 3.1226 0.0099
3.1495 3.1026 3.1226 0.0099
3.1495 3.1026 3.1227 0.0099
3.1495 3.1026 3.1227 0.0099
3.1495 3.1026 3.1227 0.0099
3.1495 3.1026 3.1227 0.0099
3.1495 3.1026 3.1228 0.0100
3.1495 3.1026 3.1228 0.0100
3.1495 3.1026 3.1228 0.0100
3.1495 3.1026 3.1228 0.0100
3.1495 3.1026 3.1230 0.0103
3.1495 3.1026 3.1230 0.0104
3.1495 3.1026 3.1230 0.0104
3.1495 3.1026 3.1230 0.0104
3.1495 3.1026 3.1230 0.0104
3.1495 3.1026 3.1233 0.0104
3.1495 3.1026 3.1233 0.0104
3.1495 3.1026 3.1233 0.0104
3.1495 3.1026 3.1233 0.0104
3.1495 3.1026 3.1233 0.0104
3.1495 3.1026 3.1233 0.0104
3.1495 3.1026 3.1233 0.0104
3.1495 3.1026 3.1236 0.0104
3.1495 3.1026 3.1236 0.0104
3.1495 3.1026 3.1237 0.0105
3.1495 3.1026 3.1237 0.0105
3.1495 3.1026 3.1237 0.0105
3.1495 3.1026 3.1237 0.0105
3.1495 3.1026 3.1237 0.0105
3.1495 3.1026 3.1237 0.0105
3.1495 3.1026 3.1237 0.0105
3.1495 3.1026 3.1238 0.0105
3.1495 3.1026 3.1238 0.0105
3.1495 3.1026 3.1238 0.0105
3.1495 3.1026 3.1240 0.0106
3.1495 3.1026 3.1242 0.0107
3.1495 3.1026 3.1242 0.0107
3.1495 3.1026 3.1242 0.0107
3.1495 3.1026 3.1242 0.0107
3.1495 3.1026 3.1243 0.0107
3.1495 3.1026 3.1243 0.0107
3.1495 3.1026 3.1246 0.0108
3.1495 3.1026 3.1246 0.0108
3.1495 3.1026 3.1246 0.0108
3.1495 3.1026 3.1247 0.0108
3.1495 3.1026 3.1247 0.0108
3.1495 3.1026 3.1247 0.0108
3.1495 3.1026 3.1249 0.0108
3.1495 3.1026 3.1249 0.0108
3.1495 3.1026 3.1249 0.0108
3.1495 3.1026 3.1249 0.0108
3.1495 3.1026 3.1249 0.0108
3.1495 3.1026 3.1249 0.0108
3.1495 3.1026 3.1250 0.0108
3.1495 3.1026 3.1250 0.0108
3.1495 3.1026 3.1250 0.0108
3.1495 3.1026 3.1250 0.0108
3.1495 3.1026 3.1251 0.0108
3.1495 3.1026 3.1252 0.0107
3.1495 3.1026 3.1252 0.0107
3.1495 3.1026 3.1252 0.0107
3.1495 3.1026 3.1253 0.0109
3.1495 3.1026 3.1253 0.0109
3.1495 3.1026 3.1253 0.0109
3.1495 3.1026 3.1254 0.0109
3.1495 3.1026 3.1254 0.0109
3.1495 3.1026 3.1254 0.0109
3.1495 3.1026 3.1254 0.0109
3.1495 3.1026 3.1254 0.0109
3.1495 3.1026 3.1254 0.0109
3.1495 3.1026 3.1254 0.0109
3.1495 3.1026 3.1255 0.0110
3.1495 3.1026 3.1256 0.0110
3.1495 3.1026 3.1256 0.0110
3.1495 3.1026 3.1256 0.0110
3.1495 3.1026 3.1259 0.0110
3.1495 3.1026 3.1259 0.0110
3.1495 3.1026 3.1259 0.0110
3.1495 3.1026 3.1260 0.0110
3.1495 3.1026 3.1260 0.0110
3.1495 3.1026 3.1261 0.0110
3.1495 3.1026 3.1261 0.0110
3.1495 3.1026 3.1261 0.0110
3.1495 3.1026 3.1261 0.0110
3.1495 3.1026 3.1261 0.0110
3.1495 3.1026 3.1261 0.0110
3.1495 3.1026 3.1261 0.0110
3.1495 3.1026 3.1264 0.0113
3.1495 3.1026 3.1264 0.0113
3.1495 3.1026 3.1266 0.0113
3.1495 3.1026 3.1266 0.0113
3.1495 3.1026 3.1266 0.0113
3.1495 3.1026 3.1266 0.0113
3.1495 3.1026 3.1267 0.0115
3.1495 3.1026 3.1267 0.0115
3.1495 3.1026 3.1269 0.0115
3.1495 3.1026 3.1271 0.0115
3.1495 3.1026 3.1271 0.0115
3.1495 3.1026 3.1271 0.0115
3.1495 3.1026 3.1271 0.0115
3.1495 3.1026 3.1271 0.0115
3.1495 3.1026 3.1271 0.0115
3.1495 3.1026 3.1271 0.0115
3.1495 3.1026 3.1271 0.0115
3.1495 3.1026 3.1271 0.0115
3.1495 3.1026 3.1271 0.0115
3.1502 3.1026 3.1275 0.0117
3.1502 3.1026 3.1276 0.0117
3.1502 3.1026 3.1276 0.0117
3.1502 3.1026 3.1278 0.0116
3.1502 3.1026 3.1278 0.0116
3.1502 3.1026 3.1281 0.0117
3.1502 3.1026 3.1281 0.0117
3.1502 3.1026 3.1281 0.0117
3.1502 3.1026 3.1281 0.0117
3.1502 3.1026 3.1281 0.0117
3.1502 3.1026 3.1281 0.0117
3.1502 3.1026 3.1281 0.0117
3.1502 3.1026 3.1282 0.0116
3.1502 3.1026 3.1282 0.0116
3.1502 3.1026 3.1283 0.0117
3.1502 3.1026 3.1283 0.0117
3.1502 3.1026 3.1283 0.0117
3.1502 3.1026 3.1283 0.0117
3.1502 3.1026 3.1283 0.0117
3.1502 3.1026 3.1283 0.0117
3.1502 3.1026 3.1283 0.0117
3.1502 3.1026 3.1283 0.0117
3.1502 3.1026 3.1283 0.0117
3.1502 3.1026 3.1283 0.0117
3.1502 3.1026 3.1283 0.0117
3.1502 3.1026 3.1283 0.0117
3.1502 3.1026 3.1283 0.0117
3.1502 3.1026 3.1283 0.0117
3.1502 3.1026 3.1283 0.0117
3.1502 3.1026 3.1283 0.0117
3.1502 3.1026 3.1284 0.0118
3.1502 3.1026 3.1284 0.0118
3.1502 3.1026 3.1284 0.0117
3.1502 3.1026 3.1285 0.0118
3.1502 3.1026 3.1286 0.0119
3.1502 3.1026 3.1286 0.0119
3.1502 3.1026 3.1287 0.0121
3.1502 3.1026 3.1288 0.0120
3.1502 3.1026 3.1291 0.0120
3.1502 3.1026 3.1291 0.0121
3.1502 3.1026 3.1291 0.0121
3.1502 3.1026 3.1294 0.0121
3.1502 3.1026 3.1294 0.0121
3.1502 3.1026 3.1294 0.0121
3.1502 3.1026 3.1294 0.0121
3.1502 3.1026 3.1294 0.0121
3.1502 3.1026 3.1296 0.0121
3.1502 3.1026 3.1296 0.0121
3.1502 3.1026 3.1297 0.0121
3.1502 3.1026 3.1297 0.0121
3.1502 3.1026 3.1297 0.0121
3.1502 3.1026 3.1297 0.0121
3.1502 3.1026 3.1298 0.0120
3.1502 3.1026 3.1298 0.0120
3.1502 3.1026 3.1298 0.0120
3.1502 3.1026 3.1298 0.0120
3.1502 3.1026 3.1298 0.0120
3.1502 3.1026 3.1300 0.0120
3.1502 3.1026 3.1303 0.0121
3.1502 3.1026 3.1304 0.0121
3.1502 3.1026 3.1304 0.0120
3.1502 3.1026 3.1306 0.0120
3.1502 3.1026 3.1308 0.0121
3.1502 3.1026 3.1308 0.0121
3.1502 3.1026 3.1308 0.0121
3.1502 3.1026 3.1308 0.0121
3.1502 3.1026 3.1308 0.0121
3.1502 3.1026 3.1311 0.0119
3.1502 3.1026 3.1311 0.0119
3.1502 3.1026 3.1313 0.0119
3.1502 3.1026 3.1313 0.0119
3.1502 3.1026 3.1313 0.0119
3.1502 3.1026 3.1313 0.0119
3.1502 3.1026 3.1313 0.0119
3.1502 3.1026 3.1313 0.0119
3.1502 3.1026 3.1313 0.0119
3.1502 3.1026 3.1313 0.0118
3.1502 3.1026 3.1313 0.0118
3.1502 3.1026 3.1313 0.0118
3.1502 3.1026 3.1313 0.0118
3.1502 3.1026 3.1313 0.0118
3.1502 3.1026 3.1314 0.0117
3.1502 3.1026 3.1314 0.0117
3.1502 3.1026 3.1314 0.0117
3.1502 3.1026 3.1315 0.0116
3.1502 3.1026 3.1315 0.0116
3.1502 3.1026 3.1316 0.0117
3.1502 3.1026 3.1316 0.0117
3.1502 3.1026 3.1316 0.0117
3.1502 3.1026 3.1316 0.0117
3.1502 3.1026 3.1316 0.0117
3.1502 3.1026 3.1316 0.0117
3.1502 3.1026 3.1316 0.0117
3.1502 3.1026 3.1316 0.0117
3.1502 3.1026 3.1317 0.0118
3.1502 3.1026 3.1317 0.0118
3.1502 3.1026 3.1317 0.0118
3.1502 3.1026 3.1319 0.0118
3.1502 3.1026 3.1319 0.0118
3.1502 3.1026 3.1319 0.0118
3.1502 3.1026 3.1319 0.0118
3.1502 3.1026 3.1319 0.0118
3.1502 3.1026 3.1319 0.0118
3.1502 3.1026 3.1319 0.0118
3.1502 3.1026 3.1320 0.0119
3.1502 3.1026 3.1321 0.0118
3.1502 3.1026 3.1323 0.0120
3.1510 3.1026 3.1327 0.0120
3.1510 3.1026 3.1327 0.0120
3.1510 3.1026 3.1328 0.0121
3.1541 3.1026 3.1328 0.0122
3.1541 3.1026 3.1329 0.0121
3.1541 3.1026 3.1329 0.0121
3.1541 3.1026 3.1331 0.0121
3.1541 3.1026 3.1331 0.0121
3.1541 3.1026 3.1331 0.0121
3.1541 3.1026 3.1333 0.0121
3.1541 3.1026 3.1333 0.0121
3.1541 3.1026 3.1334 0.0121
3.1541 3.1026 3.1334 0.0121
3.1541 3.1026 3.1334 0.0121
3.1541 3.1026 3.1334 0.0121
3.1541 3.1026 3.1334 0.0121
3.1541 3.1026 3.1335 0.0123
3.1541 3.1026 3.1335 0.0123
3.1541 3.1026 3.1335 0.0123
3.1541 3.1026 3.1335 0.0123
3.1541 3.1026 3.1337 0.0122
3.1541 3.1026 3.1337 0.0123
3.1541 3.1026 3.1338 0.0123
3.1541 3.1026 3.1338 0.0123
3.1541 3.1026 3.1341 0.0123
3.1541 3.1026 3.1341 0.0123
3.1541 3.1026 3.1341 0.0123
3.1541 3.1026 3.1341 0.0123
3.1541 3.1026 3.1343 0.0124
3.1541 3.1026 3.1343 0.0124
3.1541 3.1026 3.1344 0.0123
3.1541 3.1026 3.1345 0.0124
3.1541 3.1026 3.1345 0.0124
3.1541 3.1026 3.1346 0.0123
3.1541 3.1026 3.1346 0.0123
3.1541 3.1026 3.1346 0.0123
3.1541 3.1026 3.1349 0.0123
3.1541 3.1026 3.1349 0.0123
3.1541 3.1026 3.1349 0.0123
3.1541 3.1026 3.1349 0.0123
3.1541 3.1026 3.1349 0.0123
3.1541 3.1026 3.1349 0.0123
3.1541 3.1026 3.1351 0.0124
3.1541 3.1026 3.1351 0.0124
3.1541 3.1026 3.1351 0.0124
3.1541 3.1026 3.1351 0.0124
3.1541 3.1026 3.1351 0.0124
3.1541 3.1026 3.1351 0.0124
3.1541 3.1026 3.1351 0.0124
3.1541 3.1026 3.1351 0.0124
3.1541 3.1026 3.1351 0.0124
3.1541 3.1026 3.1351 0.0124
3.1541 3.1026 3.1351 0.0124
3.1541 3.1026 3.1351 0.0124
3.1541 3.1026 3.1351 0.0124
3.1541 3.1026 3.1351 0.0124
3.1541 3.1026 3.1352 0.0123
3.1541 3.1026 3.1352 0.0123
3.1541 3.1026 3.1352 0.0123
3.1541 3.1026 3.1352 0.0122
3.1541 3.1026 3.1353 0.0122
3.1541 3.1026 3.1353 0.0122
3.1541 3.1026 3.1353 0.0122
3.1541 3.1026 3.1353 0.0122
3.1541 3.1026 3.1353 0.0122
3.1541 3.1026 3.1353 0.0122
3.1541 3.1026 3.1355 0.0122
3.1541 3.1026 3.1355 0.0122
3.1541 3.1026 3.1355 0.0122
3.1541 3.1026 3.1355 0.0122
3.1541 3.1026 3.1355 0.0122
3.1541 3.1026 3.1355 0.0122
3.1556 3.1026 3.1358 0.0123
3.1556 3.1026 3.1359 0.0123
3.1556 3.1026 3.1359 0.0123
3.1556 3.1026 3.1359 0.0124
3.1556 3.1026 3.1359 0.0124
3.1556 3.1026 3.1359 0.0124
3.1556 3.1026 3.1359 0.0124
3.1556 3.1026 3.1359 0.0124
3.1556 3.1026 3.1360 0.0123
3.1556 3.1026 3.1363 0.0123
3.1556 3.1026 3.1363 0.0123
3.1556 3.1026 3.1363 0.0123
3.1556 3.1026 3.1363 0.0123
3.1556 3.1026 3.1363 0.0123
3.1556 3.1026 3.1363 0.0123
3.1556 3.1026 3.1365 0.0123
3.1556 3.1026 3.1366 0.0122
3.1556 3.1026 3.1366 0.0122
3.1556 3.1026 3.1366 0.0122
3.1556 3.1026 3.1366 0.0122
3.1556 3.1026 3.1366 0.0122
3.1556 3.1026 3.1366 0.0122
3.1556 3.1026 3.1366 0.0122
3.1556 3.1128 3.1369 0.0117
3.1556 3.1128 3.1369 0.0117
3.1556 3.1128 3.1369 0.0117
3.1556 3.1128 3.1369 0.0117
3.1556 3.1128 3.1369 0.0117
3.1556 3.1128 3.1369 0.0118
3.1556 3.1128 3.1369 0.0118
3.1556 3.1128 3.1371 0.0117
3.1556 3.1128 3.1371 0.0117
3.1556 3.1128 3.1371 0.0117
3.1556 3.1128 3.1373 0.0116
3.1556 3.1128 3.1373 0.0116
3.1556 3.1128 3.1373 0.0116
3.1556 3.1128 3.1373 0.0116
3.1556 3.1128 3.1373 0.0116
3.1556 3.1128 3.1373 0.0116
3.1556 3.1128 3.1374 0.0116
3.1556 3.1128 3.1374 0.0116
3.1556 3.1128 3.1374 0.0116
3.1556 3.1128 3.1376 0.0116
3.1556 3.1128 3.1376 0.0116
3.1556 3.1128 3.1376 0.0116
3.1556 3.1128 3.1376 0.0116
3.1556 3.1128 3.1376 0.0116
3.1556 3.1128 3.1376 0.0116
3.1556 3.1128 3.1376 0.0116
3.1556 3.1128 3.1376 0.0116
3.1556 3.1128 3.1376 0.0116
3.1556 3.1128 3.1376 0.0116
3.1556 3.1128 3.1376 0.0116
3.1556 3.1128 3.1376 0.0116
3.1556 3.1128 3.1376 0.0116
3.1556 3.1128 3.1376 0.0116
3.1556 3.1128 3.1376 0.0116
3.1556 3.1128 3.1378 0.0115
3.1556 3.1128 3.1378 0.0115
3.1556 3.1128 3.1378 0.0115
3.1635 3.1128 3.1381 0.0118
3.1635 3.1149 3.1381 0.0116
3.1635 3.1149 3.1381 0.0116
3.1635 3.1149 3.1381 0.0116
3.1635 3.1149 3.1381 0.0116
3.1635 3.1149 3.1383 0.0117
3.1635 3.1149 3.1384 0.0117
3.1635 3.1149 3.1387 0.0115
3.1635 3.1149 3.1387 0.0115
3.1635 3.1149 3.1388 0.0115
3.1635 3.1149 3.1390 0.0114
3.1635 3.1149 3.1390 0.0114
3.1635 3.1149 3.1390 0.0114
3.1635 3.1149 3.1391 0.0116
3.1635 3.1149 3.1392 0.0116
3.1635 3.1149 3.1392 0.0116
3.1635 3.1149 3.1392 0.0116
3.1635 3.1149 3.1395 0.0118
3.1635 3.1149 3.1395 0.0118
3.1635 3.1149 3.1397 0.0121
3.1635 3.1149 3.1397 0.0121
3.1635 3.1149 3.1397 0.0121
3.1635 3.1149 3.1397 0.0121
3.1635 3.1149 3.1397 0.0121
3.1635 3.1149 3.1399 0.0120
3.1635 3.1149 3.1399 0.0120
3.1635 3.1149 3.1402 0.0118
3.1635 3.1149 3.1403 0.0118
3.1635 3.1149 3.1405 0.0117
3.1635 3.1149 3.1407 0.0115
3.1635 3.1149 3.1407 0.0115
3.1635 3.1149 3.1407 0.0115
3.1635 3.1149 3.1407 0.0115
3.1635 3.1149 3.1407 0.0115
3.1635 3.1149 3.1407 0.0115
3.1635 3.1149 3.1410 0.0114
3.1635 3.1149 3.1410 0.0114
3.1635 3.1149 3.1410 0.0114
3.1635 3.1149 3.1411 0.0115
3.1635 3.1149 3.1411 0.0115
3.1635 3.1149 3.1411 0.0115
3.1635 3.1149 3.1411 0.0114
3.1635 3.1149 3.1412 0.0115
3.1635 3.1149 3.1412 0.0115
3.1635 3.1149 3.1412 0.0115
3.1635 3.1149 3.1412 0.0115
3.1635 3.1149 3.1414 0.0112
3.1635 3.1149 3.1414 0.0112
3.1635 3.1149 3.1414 0.0112
3.1635 3.1149 3.1414 0.0112
3.1635 3.1149 3.1414 0.0112
3.1635 3.1149 3.1416 0.0110
3.1635 3.1149 3.1416 0.0110
3.1635 3.1149 3.1417 0.0110
3.1635 3.1149 3.1417 0.0110
3.1635 3.1149 3.1417 0.0110
3.1635 3.1149 3.1419 0.0110
3.1635 3.1149 3.1421 0.0109
3.1635 3.1149 3.1421 0.0109
3.1635 3.1149 3.1422 0.0108
3.1635 3.1149 3.1422 0.0108
3.1635 3.1149 3.1422 0.0108
3.1635 3.1149 3.1424 0.0108
3.1635 3.1149 3.1424 0.0108
3.1635 3.1149 3.1425 0.0106
3.1635 3.1149 3.1425 0.0106
3.1635 3.1149 3.1425 0.0106
3.1635 3.1149 3.1425 0.0106
3.1635 3.1149 3.1425 0.0106
3.1635 3.1149 3.1425 0.0106
3.1635 3.1149 3.1425 0.0106
3.1635 3.1149 3.1426 0.0106
3.1635 3.1149 3.1426 0.0106
3.1635 3.1149 3.1428 0.0104
3.1635 3.1149 3.1429 0.0104
3.1635 3.1149 3.1429 0.0104
3.1635 3.1149 3.1429 0.0104
3.1635 3.1149 3.1431 0.0104
3.1635 3.1149 3.1432 0.0101
3.1635 3.1149 3.1432 0.0101
3.1635 3.1149 3.1432 0.0101
3.1635 3.1149 3.1433 0.0101
3.1635 3.1149 3.1433 0.0101
3.1635 3.1149 3.1433 0.0101
3.1635 3.1149 3.1433 0.0101
3.1635 3.1149 3.1433 0.0101
3.1635 3.1149 3.1433 0.0101
3.1635 3.1149 3.1433 0.0101
3.1635 3.1149 3.1433 0.0101
3.1635 3.1149 3.1433 0.0101
3.1635 3.1149 3.1433 0.0101
3.1635 3.1149 3.1434 0.0101
3.1635 3.1149 3.1434 0.0100
3.1635 3.1181 3.1436 0.0096
3.1635 3.1181 3.1436 0.0096
3.1635 3.1181 3.1437 0.0096
3.1635 3.1181 3.1438 0.0096
3.1635 3.1181 3.1438 0.0096
3.1635 3.1181 3.1438 0.0096
3.1635 3.1181 3.1438 0.0096
3.1635 3.1181 3.1438 0.0096
3.1635 3.1181 3.1438 0.0096
3.1635 3.1181 3.1439 0.0096
3.1635 3.1181 3.1439 0.0096
3.1635 3.1181 3.1441 0.0098
3.1635 3.1181 3.1442 0.0098
3.1635 3.1181 3.1442 0.0098
3.1635 3.1181 3.1442 0.0098
3.1635 3.1181 3.1442 0.0098
3.1635 3.1181 3.1442 0.0098
3.1635 3.1181 3.1442 0.0098
3.1635 3.1181 3.1446 0.0096
3.1635 3.1181 3.1446 0.0096
3.1635 3.1181 3.1447 0.0095
3.1635 3.1181 3.1448 0.0095
3.1635 3.1181 3.1448 0.0095
3.1635 3.1181 3.1448 0.0095
3.1635 3.1181 3.1448 0.0095
3.1635 3.1181 3.1449 0.0095
3.1635 3.1181 3.1455 0.0096
3.1635 3.1181 3.1455 0.0096
3.1635 3.1181 3.1455 0.0096
3.1635 3.1181 3.1455 0.0096
3.1635 3.1181 3.1456 0.0096
3.1635 3.1181 3.1456 0.0096
3.1635 3.1181 3.1456 0.0096
3.1635 3.1181 3.1456 0.0096
3.1635 3.1181 3.1456 0.0096
3.1635 3.1181 3.1456 0.0096
3.1635 3.1181 3.1456 0.0096
3.1635 3.1181 3.1456 0.0096
3.1635 3.1181 3.1456 0.0096
3.1635 3.1181 3.1456 0.0096
3.1635 3.1181 3.1456 0.0096
3.1635 3.1181 3.1456 0.0096
3.1635 3.1181 3.1456 0.0096
3.1635 3.1181 3.1456 0.0096
3.1635 3.1181 3.1457 0.0096
3.1635 3.1181 3.1457 0.0096
3.1635 3.1181 3.1459 0.0098
3.1635 3.1181 3.1459 0.0098
3.1635 3.1181 3.1459 0.0098
3.1635 3.1181 3.1460 0.0099
3.1635 3.1181 3.1460 0.0099
3.1635 3.1181 3.1460 0.0099
3.1635 3.1181 3.1461 0.0100
3.1635 3.1181 3.1461 0.0100
3.1635 3.1181 3.1461 0.0100
3.1635 3.1181 3.1461 0.0100
3.1635 3.1181 3.1461 0.0100
3.1635 3.1181 3.1461 0.0100
3.1635 3.1181 3.1463 0.0101
3.1635 3.1181 3.1464 0.0101
3.1635 3.1181 3.1464 0.0101
3.1635 3.1181 3.1464 0.0101
3.1635 3.1181 3.1464 0.0101
3.1635 3.1181 3.1464 0.0101
3.1635 3.1181 3.1464 0.0101
3.1635 3.1181 3.1466 0.0099
3.1635 3.1181 3.1466 0.0099
3.1635 3.1181 3.1466 0.0099
3.1635 3.1181 3.1467 0.0099
3.1635 3.1181 3.1470 0.0096
3.1635 3.1181 3.1472 0.0096
3.1635 3.1181 3.1472 0.0096
3.1648 3.1181 3.1475 0.0099
3.1648 3.1181 3.1475 0.0099
3.1648 3.1181 3.1477 0.0099
3.1648 3.1181 3.1477 0.0099
3.1648 3.1181 3.1479 0.0098
3.1648 3.1181 3.1480 0.0098
3.1648 3.1181 3.1480 0.0098
3.1648 3.1181 3.1480 0.0098
3.1648 3.1181 3.1480 0.0098
3.1648 3.1181 3.1482 0.0097
3.1648 3.1181 3.1482 0.0097
3.1648 3.1181 3.1482 0.0097
3.1648 3.1181 3.1482 0.0097
3.1648 3.1181 3.1483 0.0097
3.1648 3.1181 3.1483 0.0097
3.1648 3.1181 3.1483 0.0097
3.1648 3.1181 3.1484 0.0096
3.1648 3.1181 3.1484 0.0096
3.1648 3.1181 3.1485 0.0096
3.1648 3.1181 3.1485 0.0096
3.1648 3.1181 3.1485 0.0096
3.1648 3.1181 3.1485 0.0096
3.1648 3.1181 3.1487 0.0096
3.1648 3.1181 3.1488 0.0096
3.1648 3.1181 3.1488 0.0096
3.1648 3.1181 3.1488 0.0096
3.1648 3.1181 3.1488 0.0096
3.1648 3.1181 3.1489 0.0097
3.1648 3.1181 3.1489 0.0097
3.1648 3.1181 3.1492 0.0092
3.1648 3.1181 3.1493 0.0092
3.1648 3.1181 3.1493 0.0092
3.1648 3.1181 3.1493 0.0092
3.1648 3.1181 3.1493 0.0092
3.1648 3.1181 3.1497 0.0087
3.1648 3.1181 3.1497 0.0087
3.1648 3.1181 3.1497 0.0087
3.1648 3.1181 3.1497 0.0087
3.1648 3.1181 3.1497 0.0087
3.1648 3.1181 3.1497 0.0087
3.1648 3.1181 3.1498 0.0088
3.1648 3.1181 3.1498 0.0088
3.1648 3.1181 3.1498 0.0088
3.1648 3.1181 3.1498 0.0088
3.1648 3.1181 3.1500 0.0088
3.1648 3.1181 3.1502 0.0086
3.1648 3.1181 3.1502 0.0086
3.1648 3.1181 3.1504 0.0087
3.1648 3.1181 3.1504 0.0087
3.1648 3.1181 3.1504 0.0087
3.1648 3.1181 3.1504 0.0087
3.1648 3.1181 3.1504 0.0087
3.1648 3.1181 3.1504 0.0087
3.1648 3.1181 3.1505 0.0088
3.1648 3.1181 3.1505 0.0088
3.1648 3.1181 3.1505 0.0088
3.1648 3.1216 3.1509 0.0082
3.1648 3.1216 3.1510 0.0083
3.1648 3.1216 3.1510 0.0083
3.1648 3.1216 3.1510 0.0083
3.1648 3.1216 3.1510 0.0083
3.1648 3.1216 3.1510 0.0083
3.1648 3.1216 3.1510 0.0083
3.1648 3.1216 3.1513 0.0085
3.1648 3.1216 3.1514 0.0085
3.1648 3.1216 3.1514 0.0085
3.1648 3.1216 3.1514 0.0085
3.1648 3.1216 3.1517 0.0085
3.1648 3.1216 3.1517 0.0085
3.1648 3.1216 3.1517 0.0085
3.1648 3.1216 3.1517 0.0085
3.1648 3.1216 3.1517 0.0085
3.1648 3.1216 3.1517 0.0085
3.1648 3.1216 3.1517 0.0085
3.1648 3.1216 3.1518 0.0085
3.1648 3.1216 3.1518 0.0085
3.1648 3.1216 3.1518 0.0085
3.1648 3.1216 3.1518 0.0085
3.1648 3.1216 3.1518 0.0085
3.1648 3.1216 3.1518 0.0085
3.1648 3.1216 3.1518 0.0085
3.1648 3.1216 3.1519 0.0085
3.1648 3.1216 3.1520 0.0085
3.1648 3.1216 3.1521 0.0086
3.1648 3.1216 3.1523 0.0085
3.1648 3.1216 3.1523 0.0085
3.1648 3.1216 3.1523 0.0085
3.1648 3.1216 3.1523 0.0085
3.1648 3.1216 3.1523 0.0085
3.1648 3.1216 3.1523 0.0085
3.1648 3.1216 3.1525 0.0085
3.1648 3.1216 3.1525 0.0085
3.1648 3.1216 3.1525 0.0085
3.1648 3.1216 3.1525 0.0085
3.1648 3.1216 3.1526 0.0085
3.1648 3.1216 3.1527 0.0085
3.1648 3.1216 3.1528 0.0086
3.1648 3.1216 3.1529 0.0086
3.1648 3.1216 3.1529 0.0086
3.1648 3.1216 3.1529 0.0086
3.1648 3.1216 3.1530 0.0086
3.1648 3.1216 3.1530 0.0086
3.1648 3.1216 3.1533 0.0083
3.1648 3.1216 3.1533 0.0083
3.1648 3.1216 3.1533 0.0083
3.1648 3.1216 3.1533 0.0083
3.1648 3.1216 3.1534 0.0083
3.1648 3.1216 3.1535 0.0083
3.1648 3.1216 3.1536 0.0083
3.1648 3.1216 3.1538 0.0083
3.1648 3.1216 3.1538 0.0083
3.1648 3.1216 3.1538 0.0083
3.1648 3.1216 3.1539 0.0080
3.1648 3.1216 3.1539 0.0080
3.1648 3.1216 3.1540 0.0079
3.1648 3.1216 3.1540 0.0079
3.1648 3.1216 3.1540 0.0079
3.1648 3.1216 3.1541 0.0079
3.1648 3.1216 3.1541 0.0079
3.1648 3.1216 3.1544 0.0079
3.1648 3.1216 3.1544 0.0079
3.1648 3.1216 3.1545 0.0079
3.1648 3.1216 3.1545 0.0079
3.1648 3.1216 3.1545 0.0079
3.1648 3.1216 3.1545 0.0079
3.1648 3.1216 3.1545 0.0079
3.1648 3.1216 3.1545 0.0079
3.1648 3.1216 3.1547 0.0079
3.1648 3.1216 3.1548 0.0078
3.1648 3.1216 3.1548 0.0078
3.1648 3.1216 3.1548 0.0078
3.1648 3.1216 3.1548 0.0078
3.1648 3.1216 3.1549 0.0079
3.1648 3.1216 3.1551 0.0079
3.1648 3.1216 3.1551 0.0079
3.1648 3.1216 3.1551 0.0079
3.1648 3.1216 3.1551 0.0079
3.1648 3.1216 3.1551 0.0079
3.1648 3.1216 3.1551 0.0079
3.1648 3.1216 3.1553 0.0079
3.1648 3.1216 3.1553 0.0079
3.1648 3.1216 3.1554 0.0077
3.1648 3.1216 3.1554 0.0077
3.1648 3.1216 3.1554 0.0077
3.1648 3.1216 3.1554 0.0077
3.1648 3.1216 3.1554 0.0077
3.1648 3.1216 3.1555 0.0077
3.1648 3.1216 3.1555 0.0077
3.1648 3.1216 3.1555 0.0077
3.1648 3.1216 3.1555 0.0077
3.1648 3.1216 3.1556 0.0077
3.1648 3.1216 3.1556 0.0077
3.1648 3.1216 3.1556 0.0077
3.1648 3.1216 3.1556 0.0077
3.1648 3.1216 3.1556 0.0077
3.1648 3.1216 3.1556 0.0077
3.1648 3.1216 3.1556 0.0077
3.1648 3.1216 3.1556 0.0077
3.1648 3.1216 3.1557 0.0077
3.1648 3.1216 3.1557 0.0077
3.1648 3.1216 3.1557 0.0077
3.1648 3.1216 3.1558 0.0076
3.1648 3.1216 3.1558 0.0076
3.1648 3.1216 3.1558 0.0076
3.1648 3.1372 3.1561 0.0069
3.1648 3.1372 3.1561 0.0069
3.1648 3.1372 3.1561 0.0069
3.1648 3.1372 3.1561 0.0069
3.1648 3.1372 3.1561 0.0069
3.1648 3.1372 3.1562 0.0069
3.1648 3.1372 3.1563 0.0069
3.1648 3.1372 3.1563 0.0069
3.1648 3.1372 3.1564 0.0068
3.1648 3.1372 3.1564 0.0068
3.1648 3.1372 3.1565 0.0068
3.1648 3.1372 3.1565 0.0067
3.1648 3.1372 3.1566 0.0067
3.1648 3.1372 3.1568 0.0067
3.1648 3.1372 3.1568 0.0067
3.1648 3.1372 3.1568 0.0067
3.1648 3.1372 3.1568 0.0067
3.1648 3.1372 3.1568 0.0067
3.1648 3.1372 3.1568 0.0067
3.1648 3.1372 3.1568 0.0067
3.1648 3.1372 3.1568 0.0067
3.1648 3.1372 3.1568 0.0067
3.1648 3.1372 3.1568 0.0067
3.1648 3.1372 3.1568 0.0067
3.1648 3.1372 3.1568 0.0067
3.1648 3.1372 3.1568 0.0067
3.1648 3.1372 3.1568 0.0067
3.1648 3.1372 3.1569 0.0068
3.1648 3.1372 3.1569 0.0068
3.1648 3.1372 3.1569 0.0068
3.1648 3.1372 3.1569 0.0068
3.1648 3.1372 3.1569 0.0068
3.1648 3.1372 3.1570 0.0067
3.1648 3.1372 3.1570 0.0067
3.1648 3.1372 3.1570 0.0067
3.1648 3.1372 3.1570 0.0067
3.1648 3.1372 3.1571 0.0067
3.1648 3.1372 3.1571 0.0067
3.1648 3.1372 3.1571 0.0067
3.1648 3.1372 3.1572 0.0067
3.1648 3.1409 3.1574 0.0065
3.1648 3.1409 3.1574 0.0065
3.1648 3.1409 3.1575 0.0064
3.1648 3.1409 3.1575 0.0064
3.1648 3.1409 3.1576 0.0063
3.1648 3.1409 3.1576 0.0063
3.1648 3.1409 3.1576 0.0063
3.1648 3.1409 3.1576 0.0063
3.1648 3.1409 3.1576 0.0063
3.1648 3.1409 3.1576 0.0063
3.1648 3.1409 3.1576 0.0063
3.1648 3.1409 3.1576 0.0063
3.1648 3.1409 3.1577 0.0062
3.1648 3.1409 3.1577 0.0062
3.1710 3.1409 3.1579 0.0063
3.1710 3.1409 3.1579 0.0063
3.1710 3.1409 3.1579 0.0063
3.1710 3.1409 3.1579 0.0063
3.1710 3.1409 3.1579 0.0063
3.1710 3.1409 3.1579 0.0063
3.1710 3.1409 3.1579 0.0063
3.1710 3.1409 3.1579 0.0063
3.1710 3.1409 3.1579 0.0063
3.1710 3.1409 3.1579 0.0063
3.1710 3.1409 3.1579 0.0063
3.1710 3.1409 3.1579 0.0063
3.1710 3.1409 3.1580 0.0063
3.1710 3.1409 3.1580 0.0063
3.1710 3.1409 3.1581 0.0063
3.1710 3.1409 3.1581 0.0063
3.1710 3.1409 3.1581 0.0063
3.1710 3.1420 3.1583 0.0061
3.1710 3.1420 3.1583 0.0061
3.1710 3.1420 3.1583 0.0061
3.1710 3.1420 3.1583 0.0061
3.1710 3.1420 3.1583 0.0061
3.1710 3.1420 3.1583 0.0061
3.1710 3.1420 3.1583 0.0061
3.1710 3.1420 3.1583 0.0061
3.1710 3.1420 3.1583 0.0061
3.1710 3.1420 3.1583 0.0061
3.1710 3.1420 3.1583 0.0061
3.1710 3.1420 3.1583 0.0061
3.1710 3.1420 3.1583 0.0061
3.1710 3.1420 3.1583 0.0061
3.1710 3.1420 3.1583 0.0061
3.1710 3.1420 3.1583 0.0061
3.1710 3.1420 3.1583 0.0061
3.1710 3.1420 3.1583 0.0061
3.1710 3.1420 3.1584 0.0060
3.1710 3.1420 3.1584 0.0060
3.1710 3.1420 3.1584 0.0060
3.1710 3.1420 3.1584 0.0060
3.1710 3.1420 3.1584 0.0060
3.1710 3.1420 3.1584 0.0060
3.1710 3.1420 3.1584 0.0060
3.1710 3.1420 3.1584 0.0060
3.1710 3.1420 3.1584 0.0060
3.1710 3.1420 3.1584 0.0061
3.1710 3.1420 3.1584 0.0061
3.1710 3.1420 3.1584 0.0061
3.1710 3.1420 3.1584 0.0061
3.1710 3.1420 3.1584 0.0061
3.1710 3.1420 3.1584 0.0061
3.1710 3.1420 3.1585 0.0059
3.1710 3.1420 3.1585 0.0059
3.1710 3.1420 3.1586 0.0059
3.1710 3.1420 3.1586 0.0059
3.1710 3.1420 3.1586 0.0059
3.1710 3.1420 3.1586 0.0059
3.1710 3.1420 3.1586 0.0059
3.1710 3.1420 3.1586 0.0059
3.1710 3.1420 3.1586 0.0059
3.1710 3.1420 3.1586 0.0059
3.1710 3.1420 3.1586 0.0059
3.1710 3.1420 3.1586 0.0059
3.1710 3.1420 3.1588 0.0058
3.1710 3.1420 3.1588 0.0058
3.1710 3.1420 3.1588 0.0058
3.1710 3.1420 3.1588 0.0058
3.1710 3.1420 3.1589 0.0058
3.1710 3.1420 3.1590 0.0058
3.1710 3.1420 3.1590 0.0057
3.1710 3.1420 3.1591 0.0057
3.1710 3.1420 3.1591 0.0057
3.1710 3.1420 3.1592 0.0057
3.1710 3.1420 3.1592 0.0057
3.1710 3.1420 3.1592 0.0057
3.1710 3.1420 3.1592 0.0057
3.1710 3.1420 3.1593 0.0056
3.1710 3.1420 3.1593 0.0056
3.1710 3.1420 3.1593 0.0057
3.1710 3.1420 3.1593 0.0057
3.1710 3.1420 3.1593 0.0057
3.1710 3.1420 3.1593 0.0057
3.1710 3.1420 3.1593 0.0057
3.1710 3.1420 3.1593 0.0057
3.1710 3.1420 3.1593 0.0057
3.1710 3.1420 3.1593 0.0057
3.1710 3.1420 3.1594 0.0057
3.1710 3.1420 3.1594 0.0057
3.1710 3.1420 3.1594 0.0057
3.1710 3.1420 3.1595 0.0057
3.1710 3.1420 3.1595 0.0057
3.1710 3.1420 3.1595 0.0057
3.1710 3.1420 3.1595 0.0057
3.1710 3.1420 3.1595 0.0057
3.1710 3.1420 3.1595 0.0057
3.1710 3.1420 3.1595 0.0057
3.1710 3.1420 3.1595 0.0057
3.1710 3.1420 3.1595 0.0057
3.1710 3.1420 3.1596 0.0058
3.1710 3.1420 3.1596 0.0058
3.1710 3.1420 3.1596 0.0058
3.1710 3.1420 3.1596 0.0058
3.1710 3.1420 3.1596 0.0058
3.1710 3.1420 3.1596 0.0058
3.1710 3.1420 3.1596 0.0058
3.1710 3.1420 3.1596 0.0058
3.1710 3.1420 3.1596 0.0058
3.1710 3.1420 3.1596 0.0058
3.1710 3.1420 3.1596 0.0058
3.1710 3.1420 3.1596 0.0058
3.1710 3.1420 3.1597 0.0058
3.1710 3.1420 3.1597 0.0058
3.1710 3.1420 3.1597 0.0058
3.1710 3.1420 3.1597 0.0058
3.1710 3.1420 3.1597 0.0058
3.1710 3.1420 3.1597 0.0058
3.1710 3.1420 3.1597 0.0058
3.1710 3.1420 3.1597 0.0058
3.1710 3.1420 3.1597 0.0058
3.1710 3.1420 3.1598 0.0058
3.1710 3.1420 3.1598 0.0058
3.1710 3.1420 3.1598 0.0058
3.1710 3.1420 3.1600 0.0056
3.1710 3.1420 3.1600 0.0056
3.1710 3.1420 3.1600 0.0056
3.1710 3.1420 3.1600 0.0056
3.1710 3.1420 3.1600 0.0056
3.1710 3.1420 3.1600 0.0056
3.1710 3.1420 3.1601 0.0057
3.1710 3.1420 3.1601 0.0057
3.1710 3.1420 3.1601 0.0057
3.1710 3.1420 3.1601 0.0057
3.1710 3.1420 3.1601 0.0057
3.1710 3.1420 3.1601 0.0057
3.1710 3.1420 3.1602 0.0057
3.1710 3.1420 3.1602 0.0057
3.1710 3.1420 3.1602 0.0057
3.1710 3.1420 3.1602 0.0057
3.1710 3.1420 3.1602 0.0057
3.1710 3.1420 3.1602 0.0057
3.1710 3.1420 3.1603 0.0057
3.1710 3.1420 3.1603 0.0057
3.1710 3.1420 3.1603 0.0057
3.1710 3.1420 3.1603 0.0057
3.1710 3.1420 3.1603 0.0057
3.1710 3.1420 3.1603 0.0057
3.1710 3.1420 3.1603 0.0057
3.1710 3.1420 3.1603 0.0057
3.1710 3.1420 3.1603 0.0057
3.1710 3.1420 3.1603 0.0057
3.1710 3.1420 3.1604 0.0057
3.1710 3.1420 3.1605 0.0056
3.1710 3.1420 3.1605 0.0056
3.1710 3.1420 3.1605 0.0056
3.1710 3.1420 3.1605 0.0056
3.1710 3.1420 3.1605 0.0056
3.1710 3.1420 3.1605 0.0056
3.1710 3.1420 3.1606 0.0056
3.1710 3.1420 3.1606 0.0056
3.1710 3.1420 3.1606 0.0056
3.1710 3.1420 3.1606 0.0056
3.1710 3.1420 3.1606 0.0056
3.1710 3.1420 3.1606 0.0056
3.1710 3.1420 3.1606 0.0056
3.1710 3.1420 3.1606 0.0056
3.1710 3.1420 3.1606 0.0056
3.1710 3.1420 3.1606 0.0056
3.1710 3.1420 3.1606 0.0056
3.1710 3.1420 3.1606 0.0056
3.1710 3.1420 3.1606 0.0056
3.1710 3.1420 3.1606 0.0056
3.1710 3.1420 3.1606 0.0056
3.1710 3.1420 3.1606 0.0056
3.1710 3.1420 3.1606 0.0056
3.1710 3.1420 3.1606 0.0056
3.1710 3.1425 3.1606 0.0056
3.1710 3.1425 3.1606 0.0056
3.1710 3.1425 3.1606 0.0056
3.1710 3.1425 3.1606 0.0056
3.1710 3.1425 3.1607 0.0056
3.1710 3.1425 3.1607 0.0056
3.1710 3.1425 3.1607 0.0056
3.1710 3.1425 3.1607 0.0056
3.1710 3.1425 3.1607 0.0056
3.1710 3.1425 3.1607 0.0056
3.1710 3.1425 3.1607 0.0056
3.1710 3.1425 3.1608 0.0056
3.1710 3.1425 3.1608 0.0054
3.1710 3.1425 3.1608 0.0054
3.1710 3.1448 3.1611 0.0051
3.1710 3.1448 3.1611 0.0051
3.1710 3.1448 3.1611 0.0051
3.1710 3.1448 3.1611 0.0051
3.1710 3.1448 3.1612 0.0050
3.1710 3.1448 3.1612 0.0050
3.1710 3.1448 3.1612 0.0050
3.1710 3.1448 3.1612 0.0050
3.1710 3.1448 3.1612 0.0050
3.1710 3.1448 3.1613 0.0049
3.1736 3.1448 3.1615 0.0050
3.1736 3.1448 3.1615 0.0050
3.1736 3.1448 3.1615 0.0050
3.1736 3.1448 3.1615 0.0050
3.1736 3.1448 3.1616 0.0050
3.1736 3.1448 3.1616 0.0050
3.1736 3.1448 3.1616 0.0050
3.1736 3.1448 3.1616 0.0050
3.1736 3.1448 3.1616 0.0050
3.1736 3.1448 3.1616 0.0050
3.1736 3.1448 3.1616 0.0050
3.1736 3.1448 3.1616 0.0050
3.1736 3.1448 3.1616 0.0050
3.1736 3.1448 3.1616 0.0050
3.1736 3.1448 3.1616 0.0050
3.1736 3.1448 3.1616 0.0050
3.1736 3.1448 3.1616 0.0049
3.1736 3.1448 3.1616 0.0049
3.1736 3.1448 3.1616 0.0049
3.1736 3.1448 3.1616 0.0049
3.1736 3.1448 3.1616 0.0049
3.1736 3.1448 3.1617 0.0049
3.1736 3.1448 3.1618 0.0048
3.1736 3.1448 3.1619 0.0047
3.1736 3.1448 3.1621 0.0045
3.1736 3.1448 3.1621 0.0045
3.1736 3.1448 3.1621 0.0045
3.1736 3.1448 3.1622 0.0045
3.1736 3.1448 3.1622 0.0045
3.1736 3.1448 3.1622 0.0045
3.1736 3.1448 3.1622 0.0045
3.1736 3.1448 3.1622 0.0045
3.1736 3.1448 3.1622 0.0045
3.1736 3.1448 3.1622 0.0045
3.1736 3.1448 3.1622 0.0045
3.1736 3.1448 3.1623 0.0044
3.1736 3.1448 3.1623 0.0044
3.1736 3.1448 3.1624 0.0044
3.1736 3.1448 3.1624 0.0044
3.1736 3.1448 3.1624 0.0044
3.1736 3.1448 3.1624 0.0044
3.1736 3.1448 3.1624 0.0044
3.1736 3.1448 3.1624 0.0044
3.1736 3.1448 3.1624 0.0044
3.1736 3.1448 3.1625 0.0044
3.1736 3.1448 3.1625 0.0044
3.1736 3.1448 3.1625 0.0044
3.1736 3.1448 3.1625 0.0044
3.1736 3.1448 3.1625 0.0044
3.1736 3.1448 3.1625 0.0044
3.1736 3.1448 3.1625 0.0044
3.1736 3.1448 3.1625 0.0044
3.1736 3.1448 3.1625 0.0044
3.1736 3.1448 3.1625 0.0044
3.1736 3.1448 3.1625 0.0044
3.1736 3.1448 3.1625 0.0044
3.1736 3.1448 3.1625 0.0044
3.1736 3.1448 3.1627 0.0045
3.1736 3.1448 3.1627 0.0045
3.1736 3.1448 3.1627 0.0045
3.1736 3.1448 3.1627 0.0045
3.1736 3.1448 3.1627 0.0045
3.1736 3.1448 3.1627 0.0045
3.1736 3.1448 3.1629 0.0044
3.1736 3.1448 3.1629 0.0044
3.1736 3.1448 3.1629 0.0044
3.1736 3.1448 3.1629 0.0044
3.1736 3.1448 3.1629 0.0044
3.1736 3.1448 3.1629 0.0044
3.1736 3.1448 3.1629 0.0044
3.1736 3.1448 3.1629 0.0044
3.1736 3.1448 3.1629 0.0044
3.1736 3.1448 3.1629 0.0044
3.1736 3.1448 3.1629 0.0044
3.1736 3.1448 3.1629 0.0044
3.1736 3.1448 3.1629 0.0044
3.1736 3.1448 3.1629 0.0043
3.1736 3.1448 3.1631 0.0041
3.1736 3.1448 3.1631 0.0042
3.1736 3.1448 3.1631 0.0042
3.1736 3.1448 3.1632 0.0042
3.1736 3.1448 3.1632 0.0042
3.1736 3.1448 3.1632 0.0042
3.1736 3.1448 3.1632 0.0042
3.1736 3.1448 3.1633 0.0043
3.1736 3.1448 3.1634 0.0041
3.1736 3.1448 3.1634 0.0041
3.1736 3.1448 3.1634 0.0041
3.1736 3.1448 3.1634 0.0041
3.1736 3.1448 3.1634 0.0041
3.1736 3.1448 3.1634 0.0041
3.1736 3.1448 3.1635 0.0040
3.1736 3.1448 3.1635 0.0040
3.1736 3.1448 3.1635 0.0040
3.1736 3.1448 3.1635 0.0040
3.1736 3.1448 3.1636 0.0040
3.1736 3.1448 3.1636 0.0040
3.1736 3.1448 3.1636 0.0040
3.1736 3.1448 3.1636 0.0040
3.1736 3.1448 3.1636 0.0040
3.1736 3.1448 3.1636 0.0040
3.1736 3.1448 3.1636 0.0040
3.1736 3.1448 3.1636 0.0040
3.1736 3.1448 3.1636 0.0040
3.1736 3.1448 3.1636 0.0040
3.1736 3.1448 3.1636 0.0040
3.1736 3.1448 3.1636 0.0040
3.1736 3.1448 3.1636 0.0040
3.1736 3.1448 3.1636 0.0040
3.1736 3.1448 3.1636 0.0040
3.1736 3.1448 3.1637 0.0041
3.1736 3.1448 3.1637 0.0041
3.1736 3.1448 3.1637 0.0041
3.1736 3.1448 3.1638 0.0042
3.1736 3.1448 3.1638 0.0042
3.1736 3.1448 3.1638 0.0042
3.1736 3.1448 3.1638 0.0042
3.1736 3.1448 3.1638 0.0042
3.1736 3.1448 3.1638 0.0042
3.1736 3.1448 3.1639 0.0042
3.1736 3.1448 3.1639 0.0042
3.1736 3.1448 3.1639 0.0042
3.1736 3.1448 3.1639 0.0042
3.1736 3.1448 3.1639 0.0042
3.1736 3.1448 3.1639 0.0042
3.1736 3.1448 3.1639 0.0042
3.1736 3.1448 3.1639 0.0042
3.1736 3.1448 3.1639 0.0042
3.1736 3.1448 3.1639 0.0042
3.1736 3.1448 3.1639 0.0042
3.1736 3.1448 3.1639 0.0042
3.1736 3.1448 3.1639 0.0042
3.1736 3.1448 3.1639 0.0042
3.1736 3.1448 3.1639 0.0042
3.1736 3.1448 3.1639 0.0042
3.1736 3.1448 3.1639 0.0042
3.1736 3.1448 3.1639 0.0042
3.1736 3.1448 3.1639 0.0042
3.1736 3.1448 3.1639 0.0042
3.1736 3.1448 3.1639 0.0042
3.1736 3.1448 3.1639 0.0042
3.1736 3.1448 3.1639 0.0042
3.1736 3.1448 3.1639 0.0042
3.1736 3.1448 3.1640 0.0042
3.1736 3.1448 3.1640 0.0042
3.1736 3.1448 3.1640 0.0042
3.1736 3.1448 3.1640 0.0042
3.1736 3.1448 3.1640 0.0042
3.1736 3.1448 3.1640 0.0042
3.1736 3.1448 3.1640 0.0042
3.1736 3.1448 3.1640 0.0042
3.1736 3.1448 3.1640 0.0042
3.1736 3.1448 3.1640 0.0042
3.1736 3.1448 3.1641 0.0042
3.1736 3.1448 3.1641 0.0042
3.1736 3.1448 3.1641 0.0042
3.1736 3.1448 3.1641 0.0042
3.1736 3.1448 3.1641 0.0042
3.1736 3.1448 3.1641 0.0042
3.1736 3.1448 3.1641 0.0042
3.1736 3.1448 3.1641 0.0042
3.1736 3.1448 3.1641 0.0042
3.1736 3.1448 3.1641 0.0042
3.1736 3.1448 3.1641 0.0042
3.1736 3.1448 3.1641 0.0042
3.1736 3.1448 3.1641 0.0042
3.1736 3.1448 3.1641 0.0042
3.1736 3.1448 3.1641 0.0042
3.1736 3.1448 3.1641 0.0042
3.1736 3.1448 3.1641 0.0042
3.1736 3.1448 3.1641 0.0042
3.1736 3.1448 3.1641 0.0042
3.1736 3.1448 3.1641 0.0042
3.1736 3.1478 3.1643 0.0037
3.1736 3.1478 3.1643 0.0037
3.1736 3.1478 3.1643 0.0037
3.1736 3.1478 3.1643 0.0037
3.1736 3.1478 3.1643 0.0037
3.1736 3.1478 3.1643 0.0037
3.1736 3.1478 3.1643 0.0037
3.1736 3.1478 3.1643 0.0037
3.1736 3.1478 3.1643 0.0037
3.1736 3.1478 3.1643 0.0037
3.1736 3.1478 3.1643 0.0037
3.1736 3.1478 3.1643 0.0037
3.1736 3.1478 3.1643 0.0037
3.1736 3.1478 3.1643 0.0037
3.1736 3.1478 3.1643 0.0037
3.1736 3.1478 3.1643 0.0037
3.1736 3.1478 3.1643 0.0037
3.1736 3.1478 3.1643 0.0037
3.1736 3.1478 3.1643 0.0037
3.1736 3.1478 3.1643 0.0037
3.1736 3.1478 3.1643 0.0037
3.1736 3.1478 3.1644 0.0038
3.1736 3.1478 3.1644 0.0038
3.1736 3.1478 3.1644 0.0038
3.1736 3.1478 3.1644 0.0038
3.1736 3.1478 3.1644 0.0038
3.1736 3.1478 3.1644 0.0038
3.1736 3.1478 3.1644 0.0038
3.1736 3.1478 3.1644 0.0038
3.1736 3.1500 3.1646 0.0035
3.1736 3.1500 3.1646 0.0035
3.1736 3.1500 3.1646 0.0035
3.1736 3.1500 3.1646 0.0035
3.1736 3.1500 3.1646 0.0035
3.1736 3.1500 3.1647 0.0035
3.1736 3.1500 3.1647 0.0035
3.1736 3.1500 3.1647 0.0035
3.1736 3.1500 3.1647 0.0035
3.1736 3.1500 3.1648 0.0036
3.1736 3.1500 3.1648 0.0036
3.1736 3.1500 3.1648 0.0036
3.1736 3.1500 3.1648 0.0036
3.1736 3.1500 3.1648 0.0036
3.1736 3.1500 3.1648 0.0036
3.1736 3.1500 3.1648 0.0036
3.1736 3.1500 3.1648 0.0036
3.1736 3.1500 3.1649 0.0035
3.1736 3.1500 3.1649 0.0035
3.1736 3.1500 3.1650 0.0036
3.1736 3.1500 3.1650 0.0036
3.1736 3.1500 3.1650 0.0036
3.1736 3.1500 3.1650 0.0036
3.1736 3.1500 3.1650 0.0036
3.1736 3.1500 3.1650 0.0036
3.1736 3.1500 3.1650 0.0036
3.1736 3.1500 3.1650 0.0036
3.1736 3.1500 3.1650 0.0036
3.1736 3.1500 3.1650 0.0036
3.1736 3.1500 3.1650 0.0036
3.1736 3.1500 3.1650 0.0036
3.1736 3.1500 3.1650 0.0036
3.1736 3.1500 3.1650 0.0036
3.1736 3.1500 3.1650 0.0036
3.1736 3.1500 3.1651 0.0036
3.1736 3.1500 3.1651 0.0036
3.1736 3.1500 3.1651 0.0036
3.1736 3.1500 3.1651 0.0036
3.1736 3.1500 3.1651 0.0036
3.1736 3.1500 3.1651 0.0036
3.1736 3.1500 3.1651 0.0036
3.1736 3.1500 3.1651 0.0036
3.1736 3.1500 3.1651 0.0036
3.1736 3.1500 3.1651 0.0036
3.1736 3.1500 3.1651 0.0036
3.1736 3.1500 3.1652 0.0037
3.1736 3.1500 3.1652 0.0037
3.1736 3.1500 3.1652 0.0037
3.1736 3.1500 3.1652 0.0037
3.1736 3.1500 3.1652 0.0037
3.1736 3.1500 3.1652 0.0037
3.1736 3.1500 3.1652 0.0037
3.1736 3.1500 3.1652 0.0037
3.1736 3.1500 3.1653 0.0037
3.1736 3.1500 3.1653 0.0037
3.1736 3.1500 3.1653 0.0037
3.1736 3.1500 3.1653 0.0037
3.1736 3.1500 3.1653 0.0037
3.1736 3.1500 3.1654 0.0038
3.1736 3.1500 3.1654 0.0038
3.1736 3.1500 3.1654 0.0038
3.1736 3.1500 3.1654 0.0038
3.1736 3.1500 3.1654 0.0038
3.1736 3.1500 3.1654 0.0038
3.1736 3.1500 3.1654 0.0038
3.1736 3.1500 3.1654 0.0037
3.1736 3.1500 3.1654 0.0037
3.1736 3.1500 3.1654 0.0037
3.1736 3.1500 3.1654 0.0037
3.1736 3.1500 3.1654 0.0037
3.1736 3.1500 3.1654 0.0037
3.1736 3.1500 3.1654 0.0037
3.1736 3.1500 3.1654 0.0037
3.1736 3.1500 3.1654 0.0037
3.1736 3.1500 3.1654 0.0037
3.1736 3.1500 3.1654 0.0037
3.1736 3.1500 3.1654 0.0037
3.1736 3.1500 3.1654 0.0037
3.1736 3.1500 3.1654 0.0037
3.1736 3.1500 3.1654 0.0037
3.1736 3.1500 3.1654 0.0037
3.1736 3.1500 3.1654 0.0037
3.1736 3.1500 3.1654 0.0037
3.1736 3.1500 3.1654 0.0037
3.1736 3.1500 3.1654 0.0037
3.1736 3.1500 3.1654 0.0037
3.1736 3.1500 3.1654 0.0037
3.1736 3.1500 3.1654 0.0037
3.1736 3.1500 3.1654 0.0037
3.1736 3.1500 3.1654 0.0037
3.1736 3.1500 3.1655 0.0038
3.1736 3.1500 3.1655 0.0038
3.1736 3.1500 3.1655 0.0038
3.1736 3.1500 3.1655 0.0038
3.1736 3.1500 3.1656 0.0038
3.1736 3.1500 3.1656 0.0038
3.1736 3.1500 3.1656 0.0038
3.1736 3.1500 3.1656 0.0038
3.1736 3.1500 3.1656 0.0038
3.1736 3.1500 3.1656 0.0038
3.1736 3.1500 3.1656 0.0038
3.1736 3.1500 3.1656 0.0038
3.1736 3.1500 3.1657 0.0038
3.1736 3.1500 3.1657 0.0038
3.1736 3.1500 3.1658 0.0037
3.1736 3.1500 3.1658 0.0037
3.1736 3.1500 3.1658 0.0037
3.1736 3.1500 3.1658 0.0037
3.1736 3.1500 3.1658 0.0037
3.1736 3.1500 3.1658 0.0037
3.1736 3.1500 3.1658 0.0037
3.1736 3.1500 3.1658 0.0037
3.1736 3.1500 3.1659 0.0037
3.1736 3.1500 3.1659 0.0037
3.1736 3.1500 3.1659 0.0037
3.1736 3.1500 3.1659 0.0037
3.1736 3.1500 3.1659 0.0037
3.1736 3.1500 3.1659 0.0037
3.1736 3.1500 3.1659 0.0037
3.1736 3.1500 3.1659 0.0037
3.1736 3.1500 3.1659 0.0037
3.1736 3.1500 3.1659 0.0037
3.1736 3.1500 3.1659 0.0037
3.1736 3.1500 3.1659 0.0037
3.1736 3.1500 3.1659 0.0037
3.1761 3.1500 3.1660 0.0038
3.1761 3.1500 3.1660 0.0038
3.1761 3.1500 3.1660 0.0038
3.1761 3.1500 3.1660 0.0038
3.1761 3.1500 3.1660 0.0038
3.1761 3.1500 3.1660 0.0038
3.1761 3.1500 3.1660 0.0038
3.1761 3.1500 3.1660 0.0038
3.1761 3.1500 3.1660 0.0038
3.1761 3.1500 3.1660 0.0038
3.1761 3.1500 3.1660 0.0038
3.1761 3.1500 3.1661 0.0039
3.1761 3.1500 3.1661 0.0039
3.1761 3.1527 3.1661 0.0038
3.1761 3.1527 3.1661 0.0038
3.1761 3.1527 3.1662 0.0038
3.1761 3.1527 3.1662 0.0038
3.1761 3.1527 3.1662 0.0038
3.1761 3.1527 3.1662 0.0038
3.1761 3.1527 3.1662 0.0038
3.1761 3.1527 3.1662 0.0038
3.1761 3.1527 3.1662 0.0038
3.1761 3.1527 3.1662 0.0038
3.1761 3.1527 3.1662 0.0038
3.1761 3.1527 3.1662 0.0038
3.1761 3.1527 3.1662 0.0038
3.1761 3.1527 3.1662 0.0038
3.1761 3.1527 3.1662 0.0038
3.1761 3.1527 3.1663 0.0038
3.1761 3.1527 3.1663 0.0038
3.1761 3.1527 3.1663 0.0038
3.1761 3.1527 3.1664 0.0038
3.1761 3.1527 3.1664 0.0038
3.1761 3.1527 3.1664 0.0038
3.1761 3.1527 3.1664 0.0038
3.1761 3.1527 3.1664 0.0038
3.1761 3.1527 3.1664 0.0038
3.1761 3.1527 3.1664 0.0038
3.1761 3.1527 3.1664 0.0038
3.1761 3.1527 3.1664 0.0038
3.1761 3.1527 3.1664 0.0038
3.1761 3.1527 3.1664 0.0038
3.1761 3.1527 3.1664 0.0038
3.1761 3.1527 3.1665 0.0039
3.1761 3.1527 3.1665 0.0039
3.1761 3.1527 3.1665 0.0039
3.1761 3.1527 3.1666 0.0039
3.1761 3.1527 3.1666 0.0039
3.1761 3.1527 3.1666 0.0039
3.1761 3.1527 3.1666 0.0039
3.1761 3.1527 3.1666 0.0039
3.1761 3.1527 3.1666 0.0039
3.1761 3.1527 3.1666 0.0039
3.1761 3.1527 3.1666 0.0039
3.1761 3.1527 3.1666 0.0039
3.1761 3.1527 3.1666 0.0039
3.1761 3.1527 3.1666 0.0039
3.1761 3.1527 3.1666 0.0039
3.1761 3.1527 3.1666 0.0039
3.1761 3.1527 3.1666 0.0039
3.1761 3.1527 3.1666 0.0039
3.1761 3.1527 3.1666 0.0039
3.1761 3.1527 3.1666 0.0039
3.1761 3.1527 3.1666 0.0039
3.1761 3.1527 3.1666 0.0039
3.1761 3.1527 3.1666 0.0039
3.1761 3.1527 3.1667 0.0039
3.1761 3.1527 3.1667 0.0039
3.1761 3.1527 3.1667 0.0039
3.1761 3.1527 3.1667 0.0039
3.1761 3.1527 3.1667 0.0039
3.1761 3.1527 3.1668 0.0039
3.1761 3.1527 3.1668 0.0039
3.1761 3.1527 3.1668 0.0039
3.1761 3.1527 3.1668 0.0039
3.1761 3.1527 3.1668 0.0039
3.1761 3.1527 3.1668 0.0039
3.1761 3.1527 3.1669 0.0040
3.1761 3.1527 3.1669 0.0040
3.1761 3.1527 3.1669 0.0040
3.1761 3.1527 3.1669 0.0040
3.1761 3.1527 3.1669 0.0040
3.1761 3.1527 3.1669 0.0040
3.1761 3.1527 3.1669 0.0040
3.1761 3.1527 3.1669 0.0040
3.1761 3.1527 3.1669 0.0040
3.1761 3.1527 3.1669 0.0040
3.1761 3.1527 3.1669 0.0040
3.1761 3.1527 3.1669 0.0040
3.1761 3.1527 3.1669 0.0040
3.1761 3.1527 3.1669 0.0040
3.1761 3.1527 3.1669 0.0040
3.1761 3.1527 3.1669 0.0039
3.1761 3.1527 3.1669 0.0039
3.1761 3.1527 3.1669 0.0039
3.1761 3.1527 3.1669 0.0039
3.1761 3.1527 3.1669 0.0039
3.1761 3.1527 3.1669 0.0039
3.1761 3.1527 3.1669 0.0039
3.1761 3.1527 3.1669 0.0039
3.1761 3.1588 3.1670 0.0037
3.1761 3.1588 3.1670 0.0037
3.1761 3.1588 3.1670 0.0037
3.1761 3.1588 3.1670 0.0037
3.1761 3.1588 3.1670 0.0037
3.1761 3.1588 3.1670 0.0037
3.1761 3.1588 3.1670 0.0037
3.1761 3.1588 3.1670 0.0037
3.1761 3.1588 3.1670 0.0037
3.1761 3.1588 3.1670 0.0037
3.1761 3.1588 3.1670 0.0037
3.1761 3.1588 3.1670 0.0037
3.1761 3.1588 3.1670 0.0038
3.1761 3.1588 3.1670 0.0038
3.1761 3.1588 3.1670 0.0038
3.1761 3.1588 3.1670 0.0038
3.1761 3.1588 3.1670 0.0038
3.1761 3.1588 3.1671 0.0038
3.1761 3.1588 3.1671 0.0038
3.1761 3.1588 3.1671 0.0038
3.1761 3.1588 3.1671 0.0038
3.1761 3.1588 3.1671 0.0038
3.1761 3.1588 3.1671 0.0038
3.1761 3.1588 3.1671 0.0038
3.1761 3.1588 3.1671 0.0038
3.1761 3.1588 3.1671 0.0038
3.1761 3.1588 3.1671 0.0038
3.1761 3.1588 3.1671 0.0038
3.1761 3.1588 3.1671 0.0038
3.1761 3.1588 3.1671 0.0038
3.1761 3.1588 3.1671 0.0038
3.1761 3.1588 3.1671 0.0038
3.1761 3.1588 3.1671 0.0038
3.1761 3.1588 3.1671 0.0038
3.1761 3.1588 3.1671 0.0038
3.1761 3.1588 3.1671 0.0038
3.1761 3.1588 3.1671 0.0038
3.1761 3.1588 3.1671 0.0038
3.1761 3.1588 3.1671 0.0038
3.1761 3.1588 3.1671 0.0038
3.1761 3.1588 3.1671 0.0038
3.1761 3.1588 3.1671 0.0038
3.1761 3.1588 3.1672 0.0038
3.1761 3.1588 3.1672 0.0038
3.1761 3.1588 3.1672 0.0038
3.1761 3.1588 3.1672 0.0038
3.1761 3.1588 3.1672 0.0038
3.1761 3.1588 3.1673 0.0038
3.1761 3.1588 3.1673 0.0038
3.1761 3.1588 3.1673 0.0038
3.1761 3.1588 3.1673 0.0038
3.1761 3.1588 3.1673 0.0038
3.1761 3.1588 3.1673 0.0038
3.1761 3.1588 3.1673 0.0038
3.1761 3.1588 3.1673 0.0038
3.1761 3.1607 3.1673 0.0037
3.1761 3.1607 3.1673 0.0037
3.1761 3.1607 3.1673 0.0037
3.1761 3.1607 3.1673 0.0037
3.1761 3.1607 3.1673 0.0037
3.1761 3.1607 3.1673 0.0037
3.1761 3.1607 3.1673 0.0037
3.1761 3.1607 3.1673 0.0037
3.1761 3.1607 3.1673 0.0037
3.1761 3.1607 3.1674 0.0037
3.1761 3.1607 3.1674 0.0037
3.1761 3.1607 3.1674 0.0038
3.1761 3.1607 3.1674 0.0038
3.1761 3.1607 3.1674 0.0038
3.1761 3.1607 3.1674 0.0038
3.1761 3.1607 3.1674 0.0038
3.1761 3.1607 3.1674 0.0038
3.1761 3.1607 3.1675 0.0038
3.1761 3.1607 3.1675 0.0037
3.1761 3.1607 3.1675 0.0037
3.1761 3.1607 3.1675 0.0037
3.1761 3.1607 3.1675 0.0038
3.1761 3.1607 3.1675 0.0038
3.1761 3.1607 3.1675 0.0038
3.1761 3.1607 3.1675 0.0038
3.1761 3.1607 3.1675 0.0038
3.1761 3.1607 3.1675 0.0038
3.1761 3.1607 3.1675 0.0038
3.1761 3.1607 3.1675 0.0038
3.1761 3.1607 3.1675 0.0038
3.1761 3.1607 3.1675 0.0038
3.1761 3.1607 3.1675 0.0038
3.1761 3.1607 3.1675 0.0038
3.1761 3.1607 3.1675 0.0038
3.1761 3.1607 3.1676 0.0038
3.1761 3.1607 3.1676 0.0038
3.1761 3.1607 3.1677 0.0038
3.1761 3.1607 3.1677 0.0038
3.1761 3.1607 3.1677 0.0039
3.1761 3.1607 3.1677 0.0039
3.1761 3.1607 3.1677 0.0038
3.1761 3.1607 3.1677 0.0038
3.1761 3.1607 3.1677 0.0038
3.1761 3.1607 3.1677 0.0038
3.1761 3.1607 3.1677 0.0038
3.1761 3.1607 3.1677 0.0038
3.1761 3.1607 3.1677 0.0038
3.1761 3.1607 3.1677 0.0038
3.1761 3.1607 3.1677 0.0038
3.1761 3.1607 3.1677 0.0038
3.1761 3.1607 3.1677 0.0038
3.1761 3.1607 3.1677 0.0038
3.1761 3.1607 3.1677 0.0038
3.1761 3.1607 3.1677 0.0038
3.1761 3.1607 3.1677 0.0038
3.1761 3.1607 3.1677 0.0038
3.1761 3.1607 3.1678 0.0038
3.1761 3.1607 3.1679 0.0038
3.1761 3.1607 3.1679 0.0038
3.1761 3.1607 3.1679 0.0038
3.1761 3.1607 3.1680 0.0038
3.1761 3.1607 3.1680 0.0038
3.1761 3.1607 3.1680 0.0038
3.1761 3.1607 3.1680 0.0038
3.1761 3.1607 3.1680 0.0038
3.1761 3.1607 3.1681 0.0039
3.1761 3.1607 3.1681 0.0039
3.1761 3.1607 3.1681 0.0039
3.1761 3.1607 3.1681 0.0039
3.1761 3.1607 3.1681 0.0039
3.1761 3.1607 3.1681 0.0039
3.1761 3.1607 3.1681 0.0039
3.1761 3.1607 3.1681 0.0039
3.1761 3.1607 3.1681 0.0039
3.1761 3.1607 3.1681 0.0039
3.1761 3.1607 3.1681 0.0039
3.1761 3.1607 3.1681 0.0039
3.1761 3.1607 3.1681 0.0039
3.1761 3.1607 3.1681 0.0039
3.1761 3.1607 3.1681 0.0039
3.1761 3.1607 3.1681 0.0039
3.1761 3.1607 3.1681 0.0039
3.1761 3.1607 3.1682 0.0039
3.1761 3.1607 3.1682 0.0039
3.1761 3.1607 3.1682 0.0039
3.1761 3.1607 3.1682 0.0039
3.1761 3.1607 3.1682 0.0039
3.1761 3.1607 3.1682 0.0039
3.1761 3.1607 3.1682 0.0039
3.1761 3.1607 3.1682 0.0039
3.1761 3.1607 3.1683 0.0039
3.1761 3.1607 3.1683 0.0039
3.1761 3.1607 3.1683 0.0039
3.1761 3.1607 3.1683 0.0039
3.1761 3.1607 3.1683 0.0039
3.1761 3.1607 3.1683 0.0039
3.1761 3.1607 3.1683 0.0039
3.1761 3.1607 3.1684 0.0039
3.1761 3.1607 3.1684 0.0039
3.1761 3.1607 3.1684 0.0039
3.1761 3.1607 3.1684 0.0039
3.1761 3.1607 3.1684 0.0039
3.1761 3.1607 3.1684 0.0040
3.1761 3.1607 3.1684 0.0040
3.1761 3.1607 3.1685 0.0040
3.1761 3.1607 3.1685 0.0040
3.1761 3.1607 3.1685 0.0040
3.1761 3.1607 3.1685 0.0040
3.1761 3.1607 3.1686 0.0040
3.1761 3.1607 3.1686 0.0040
3.1761 3.1607 3.1686 0.0040
3.1761 3.1607 3.1686 0.0040
3.1761 3.1607 3.1686 0.0040
3.1761 3.1607 3.1687 0.0040
3.1761 3.1607 3.1688 0.0039
3.1761 3.1607 3.1688 0.0039
3.1761 3.1607 3.1688 0.0039
3.1761 3.1607 3.1688 0.0039
3.1761 3.1607 3.1688 0.0039
3.1761 3.1607 3.1688 0.0039
3.1761 3.1607 3.1688 0.0039
3.1761 3.1607 3.1688 0.0039
3.1761 3.1607 3.1688 0.0039
3.1761 3.1607 3.1688 0.0040
3.1761 3.1607 3.1688 0.0040
3.1761 3.1607 3.1688 0.0040
3.1761 3.1607 3.1688 0.0040
3.1761 3.1607 3.1689 0.0040
3.1761 3.1607 3.1689 0.0040
3.1761 3.1607 3.1689 0.0040
3.1761 3.1607 3.1689 0.0040
3.1761 3.1607 3.1689 0.0040
3.1761 3.1607 3.1689 0.0040
3.1761 3.1607 3.1689 0.0040
3.1761 3.1607 3.1689 0.0040
3.1761 3.1607 3.1690 0.0040
3.1761 3.1607 3.1690 0.0040
3.1761 3.1607 3.1690 0.0040
3.1761 3.1607 3.1691 0.0039
3.1761 3.1607 3.1691 0.0039
3.1761 3.1607 3.1691 0.0039
3.1761 3.1607 3.1691 0.0039
3.1761 3.1607 3.1691 0.0039
3.1761 3.1607 3.1691 0.0039
3.1761 3.1607 3.1691 0.0039
3.1761 3.1607 3.1691 0.0039
3.1761 3.1607 3.1691 0.0039
3.1761 3.1607 3.1691 0.0039
3.1761 3.1607 3.1691 0.0039
3.1761 3.1607 3.1691 0.0039
3.1761 3.1607 3.1691 0.0040
3.1761 3.1607 3.1691 0.0040
3.1761 3.1607 3.1691 0.0040
3.1761 3.1607 3.1691 0.0040
3.1761 3.1607 3.1691 0.0040
3.1761 3.1607 3.1691 0.0040
3.1761 3.1607 3.1691 0.0040
3.1761 3.1607 3.1692 0.0040
3.1761 3.1607 3.1692 0.0040
3.1761 3.1607 3.1692 0.0040
3.1761 3.1607 3.1692 0.0040
3.1761 3.1607 3.1692 0.0040
3.1761 3.1607 3.1692 0.0040
3.1761 3.1607 3.1692 0.0040
3.1761 3.1607 3.1692 0.0040
3.1761 3.1607 3.1692 0.0039
3.1761 3.1607 3.1692 0.0039
3.1761 3.1607 3.1692 0.0039
3.1761 3.1607 3.1692 0.0039
3.1761 3.1607 3.1692 0.0039
3.1761 3.1607 3.1692 0.0039
3.1761 3.1607 3.1692 0.0040
3.1761 3.1607 3.1692 0.0040
3.1761 3.1607 3.1692 0.0040
3.1761 3.1607 3.1692 0.0040
3.1761 3.1607 3.1692 0.0040
3.1761 3.1607 3.1692 0.0040
3.1761 3.1607 3.1692 0.0040
3.1761 3.1607 3.1692 0.0040
3.1761 3.1607 3.1692 0.0040
3.1761 3.1607 3.1693 0.0039
3.1761 3.1607 3.1693 0.0039
3.1761 3.1607 3.1693 0.0039
3.1761 3.1607 3.1693 0.0039
3.1761 3.1607 3.1693 0.0039
3.1761 3.1607 3.1693 0.0039
3.1761 3.1607 3.1693 0.0039
3.1761 3.1607 3.1693 0.0039
3.1761 3.1607 3.1693 0.0039
3.1761 3.1607 3.1693 0.0039
3.1761 3.1607 3.1693 0.0039
3.1761 3.1607 3.1693 0.0039
3.1761 3.1607 3.1694 0.0039
