1.6143 0.0100 0.1392 0.2802
1.6143 0.0100 0.1548 0.2976
1.6143 0.0100 0.1639 0.3000
1.6143 0.0100 0.1861 0.3275
1.6143 0.0100 0.1936 0.3319
1.6143 0.0100 0.2116 0.3609
1.6143 0.0100 0.2162 0.3612
1.6143 0.0100 0.2207 0.3615
1.6143 0.0100 0.2299 0.3618
1.6143 0.0100 0.2419 0.3704
1.6143 0.0100 0.2480 0.3716
1.6143 0.0100 0.2480 0.3716
1.6143 0.0100 0.2591 0.3807
1.6143 0.0100 0.2591 0.3807
1.6143 0.0100 0.2615 0.3799
1.6143 0.0100 0.2688 0.3819
1.6143 0.0100 0.2733 0.3815
1.7784 0.0100 0.2991 0.4112
1.7784 0.0100 0.3036 0.4105
1.7784 0.0100 0.3111 0.4114
1.7784 0.0100 0.3111 0.4114
1.7784 0.0100 0.3167 0.4154
1.7784 0.0100 0.3213 0.4145
1.7784 0.0100 0.3244 0.4167
1.7784 0.0100 0.3336 0.4148
1.7784 0.0100 0.3427 0.4126
1.7784 0.0100 0.3472 0.4114
1.7784 0.0100 0.3472 0.4114
1.7784 0.0100 0.3612 0.4233
1.7784 0.0100 0.3612 0.4233
1.7784 0.0100 0.3657 0.4219
1.7784 0.0100 0.3753 0.4192
1.7784 0.0100 0.3754 0.4192
1.7784 0.0100 0.3754 0.4192
1.7784 0.0100 0.3812 0.4181
1.9310 0.0100 0.4004 0.4440
1.9310 0.0100 0.4005 0.4440
1.9310 0.0100 0.4120 0.4601
1.9310 0.0100 0.4171 0.4584
1.9310 0.0100 0.4374 0.4764
1.9310 0.0100 0.4440 0.4811
1.9310 0.0100 0.4461 0.4817
3.5724 0.0100 0.5047 0.6502
3.5724 0.0100 0.5141 0.6495
3.5724 0.0100 0.5252 0.6503
3.5724 0.0100 0.5376 0.6522
3.5724 0.0100 0.5552 0.6549
3.5724 0.0100 0.5597 0.6527
3.5724 0.0100 0.5814 0.6521
3.5724 0.0100 0.5898 0.6593
3.5724 0.0100 0.5958 0.6608
3.5724 0.0100 0.6140 0.6689
3.5724 0.0100 0.6186 0.6663
3.5724 0.0100 0.6207 0.6683
3.5724 0.0100 0.6464 0.6768
3.5724 0.0100 0.6466 0.6771
3.5724 0.0100 0.6820 0.7000
3.5724 0.0100 0.6866 0.6971
3.5724 0.0100 0.6916 0.7019
3.5724 0.0100 0.7011 0.7072
3.5724 0.0100 0.7057 0.7042
3.5724 0.0100 0.7103 0.7011
3.5724 0.0100 0.7200 0.6981
3.5724 0.0100 0.7271 0.7006
3.5724 0.0100 0.7482 0.7103
3.5724 0.0100 0.7608 0.7099
3.5724 0.0100 0.7738 0.7080
3.5724 0.0100 0.7894 0.7081
3.5724 0.0100 0.7965 0.7143
3.5724 0.0100 0.8276 0.7650
3.5724 0.0100 0.8321 0.7706
3.5724 0.0100 0.8321 0.7706
3.5724 0.0100 0.8321 0.7706
3.5724 0.0100 0.8321 0.7706
4.7760 0.0100 0.8917 0.9053
4.9569 0.0100 0.9325 0.9986
4.9569 0.0100 0.9416 0.9922
4.9569 0.0100 0.9509 0.9936
4.9569 0.0100 0.9510 0.9936
4.9569 0.0100 0.9549 0.9935
4.9569 0.0100 0.9859 1.0258
4.9569 0.0100 0.9947 1.0211
4.9569 0.0100 0.9947 1.0211
4.9569 0.0100 1.0058 1.0164
4.9569 0.0100 1.0095 1.0169
4.9569 0.0100 1.0180 1.0159
4.9569 0.0100 1.0224 1.0193
4.9569 0.0100 1.0660 1.0909
4.9569 0.0100 1.0688 1.0907
4.9569 0.0100 1.0864 1.0837
4.9569 0.0100 1.1096 1.1115
4.9569 0.0100 1.1227 1.1062
4.9569 0.0100 1.1254 1.1086
4.9569 0.0100 1.1414 1.1040
4.9569 0.0100 1.1414 1.1040
4.9569 0.0100 1.1503 1.1021
4.9569 0.0100 1.1532 1.1016
4.9569 0.0100 1.1841 1.1252
4.9569 0.0100 1.1906 1.1230
4.9569 0.0100 1.1956 1.1249
4.9569 0.0100 1.2171 1.1202
4.9569 0.0100 1.2193 1.1198
4.9569 0.0100 1.2266 1.1141
4.9569 0.0100 1.2331 1.1116
4.9569 0.0100 1.2332 1.1116
4.9569 0.0100 1.2482 1.1112
4.9569 0.0100 1.2491 1.1111
4.9569 0.0100 1.2566 1.1126
4.9569 0.0100 1.2616 1.1131
4.9569 0.0100 1.2625 1.1134
4.9569 0.0100 1.2646 1.1133
4.9569 0.0100 1.2663 1.1122
4.9569 0.0100 1.2663 1.1122
4.9569 0.0100 1.3395 1.1472
4.9569 0.0100 1.3593 1.1411
4.9569 0.0100 1.3593 1.1411
4.9569 0.0100 1.3638 1.1366
4.9569 0.0100 1.3886 1.1396
4.9569 0.0100 1.3886 1.1396
4.9569 0.0100 1.3888 1.1395
4.9569 0.0100 1.4190 1.1301
4.9569 0.0100 1.4211 1.1297
4.9569 0.0100 1.4639 1.1740
4.9569 0.0100 1.5070 1.2150
4.9569 0.0100 1.5434 1.2624
4.9569 0.0100 1.5574 1.2780
4.9569 0.0100 1.5594 1.2775
4.9569 0.0100 1.5647 1.2768
4.9569 0.0100 1.5647 1.2768
4.9569 0.0100 1.5760 1.2679
4.9569 0.0100 1.5763 1.2677
4.9569 0.0100 1.5798 1.2684
4.9569 0.0100 1.6038 1.2699
4.9569 0.0100 1.6046 1.2691
4.9569 0.0100 1.6115 1.2696
4.9569 0.0100 1.6221 1.2644
4.9569 0.0100 1.6228 1.2638
4.9569 0.0100 1.6228 1.2638
4.9569 0.0100 1.6594 1.3011
4.9569 0.0100 1.6639 1.2961
4.9569 0.0100 1.6659 1.2954
4.9569 0.0100 1.6800 1.2899
4.9569 0.0100 1.6800 1.2899
4.9569 0.0100 1.6865 1.2854
4.9569 0.0100 1.6865 1.2854
4.9569 0.0100 1.7210 1.3211
4.9569 0.0100 1.7432 1.3326
4.9569 0.0100 1.7589 1.3267
4.9569 0.0100 1.7721 1.3157
4.9569 0.0100 1.7831 1.3100
4.9569 0.0100 1.8122 1.3465
4.9569 0.0100 1.8253 1.3399
4.9569 0.0100 1.8275 1.3393
4.9569 0.0100 1.8500 1.3494
4.9569 0.0100 1.8500 1.3494
4.9569 0.0100 1.8565 1.3443
4.9569 0.0100 1.8686 1.3648
4.9569 0.0100 1.8686 1.3648
4.9569 0.0100 1.9117 1.3877
4.9569 0.0100 1.9162 1.3822
4.9569 0.0100 1.9368 1.3992
4.9569 0.0100 1.9416 1.3952
4.9569 0.0100 1.9499 1.3942
4.9569 0.0100 1.9569 1.3884
4.9569 0.0100 1.9569 1.3884
4.9569 0.0100 1.9976 1.4159
4.9569 0.0100 2.0162 1.4285
4.9569 0.0100 2.0368 1.4373
4.9569 0.0100 2.0701 1.4618
4.9569 0.0100 2.0788 1.4753
4.9569 0.0100 2.0865 1.4723
4.9569 0.0100 2.0886 1.4711
4.9569 0.0100 2.1039 1.4622
4.9569 0.0100 2.1124 1.4589
4.9569 0.0100 2.1299 1.4474
4.9569 0.0100 2.1699 1.4646
4.9569 0.0100 2.1699 1.4646
4.9569 0.0100 2.1943 1.4763
4.9569 0.0100 2.1943 1.4763
4.9569 0.0100 2.2014 1.4674
4.9569 0.0100 2.2096 1.4682
4.9569 0.0100 2.2096 1.4682
4.9569 0.0100 2.2161 1.4619
4.9569 0.0100 2.2161 1.4619
4.9569 0.0100 2.2161 1.4619
4.9569 0.0100 2.2161 1.4619
4.9569 0.0100 2.2201 1.4608
4.9569 0.0100 2.2282 1.4615
4.9569 0.0100 2.2346 1.4552
4.9569 0.0100 2.2613 1.4592
4.9569 0.0100 2.2744 1.4583
4.9569 0.0100 2.2744 1.4583
4.9569 0.0100 2.2744 1.4583
4.9569 0.0100 2.2949 1.4620
4.9569 0.0100 2.3037 1.4627
4.9569 0.0100 2.3290 1.4717
4.9569 0.0100 2.3657 1.4866
5.1198 0.0100 2.3691 1.4926
5.1198 0.0100 2.3722 1.4914
5.1198 0.0100 2.3722 1.4914
5.1198 0.0100 2.3814 1.4818
5.1198 0.0100 2.3814 1.4818
5.1198 0.0100 2.4019 1.4839
5.1198 0.0100 2.4036 1.4822
5.1198 0.0100 2.4202 1.4717
5.1198 0.0100 2.4279 1.4647
5.1198 0.0100 2.4406 1.4532
5.1198 0.0100 2.4531 1.4440
5.1198 0.0100 2.4531 1.4440
5.1198 0.0100 2.4670 1.4480
5.1198 0.0100 2.4905 1.4467
5.1198 0.0100 2.5368 1.4552
5.1198 0.0100 2.5654 1.4304
5.1198 0.0100 2.5813 1.4220
5.1198 0.0100 2.5862 1.4263
5.1198 0.0100 2.5872 1.4274
5.1198 0.0100 2.5905 1.4264
5.1198 0.0100 2.6029 1.4338
5.1198 0.0100 2.6221 1.4498
5.1198 0.0100 2.6255 1.4479
5.1198 0.0100 2.6574 1.4350
5.1198 0.0100 2.6580 1.4347
5.1198 0.0100 2.6580 1.4347
5.1198 0.0100 2.6602 1.4325
5.1198 0.0100 2.6690 1.4308
5.1198 0.0100 2.7089 1.4428
5.1198 0.0100 2.7184 1.4427
5.1198 0.0100 2.7299 1.4299
5.1198 0.0100 2.7320 1.4277
5.1198 0.0100 2.7320 1.4277
5.1198 0.0100 2.7320 1.4277
5.1198 0.0100 2.7517 1.4309
5.1198 0.0100 2.7868 1.4528
5.1198 0.0100 2.7913 1.4481
5.1198 0.0100 2.7913 1.4481
5.1198 0.0100 2.7913 1.4481
5.1198 0.0100 2.7913 1.4481
5.2278 0.0100 2.7926 1.4502
5.2278 0.0100 2.7966 1.4474
5.2278 0.0100 2.8152 1.4453
5.2278 0.0100 2.8161 1.4452
5.2278 0.0100 2.8161 1.4452
5.2278 0.0100 2.8256 1.4371
5.2278 0.0100 2.8435 1.4302
5.2278 0.0100 2.8616 1.4293
5.2278 0.0100 2.8950 1.4136
5.2278 0.0100 2.8950 1.4136
5.2278 0.0100 2.9222 1.4176
5.2278 0.0100 2.9251 1.4195
5.2278 0.0100 2.9405 1.4347
5.2278 0.0100 2.9508 1.4305
5.2278 0.0100 2.9694 1.4263
5.2278 0.0100 2.9889 1.4210
5.2278 0.0100 3.0015 1.4351
5.2278 0.0100 3.0160 1.4167
5.2278 0.0100 3.0160 1.4167
5.2278 0.0100 3.0291 1.4214
5.2278 0.0100 3.0338 1.4239
5.2278 0.0100 3.0717 1.4287
5.2278 0.0100 3.0735 1.4272
5.2278 0.0100 3.0735 1.4272
5.2278 0.0100 3.0804 1.4204
5.2278 0.0100 3.0982 1.4179
5.2278 0.0100 3.0985 1.4184
5.2278 0.0100 3.0985 1.4184
5.2278 0.0100 3.1021 1.4200
5.2278 0.0100 3.1396 1.4220
5.2278 0.0100 3.1687 1.4286
5.2278 0.0100 3.1687 1.4286
5.2278 0.0100 3.1797 1.4366
5.2278 0.0100 3.2169 1.4145
5.2278 0.0100 3.2169 1.4145
5.2278 0.0100 3.2177 1.4138
5.2278 0.0100 3.2279 1.4238
5.2278 0.0100 3.2279 1.4238
5.2278 0.0100 3.2481 1.4150
5.2278 0.0100 3.2576 1.4038
5.2278 0.0100 3.2760 1.3990
5.2278 0.0100 3.2995 1.3925
5.2278 0.0100 3.3161 1.3862
5.2278 0.0100 3.3347 1.3841
5.2278 0.0100 3.3519 1.3766
5.2278 0.0100 3.3644 1.3636
5.2278 0.0100 3.3804 1.3564
5.2278 0.0100 3.4050 1.3592
5.2278 0.0100 3.4106 1.3625
5.2278 0.0100 3.4119 1.3630
5.2278 0.0100 3.4119 1.3630
5.2278 0.0100 3.4442 1.3567
5.2278 0.0100 3.4609 1.3630
5.2278 0.0100 3.4875 1.3624
5.2278 0.0100 3.4875 1.3624
5.2278 0.0100 3.5176 1.3423
5.2278 0.0100 3.5176 1.3423
5.2278 0.0100 3.5533 1.3077
5.2278 0.0100 3.5545 1.3088
5.2278 0.0100 3.5879 1.2890
5.2278 0.0100 3.5906 1.2916
5.2278 0.0100 3.5906 1.2916
5.2278 0.0100 3.5906 1.2916
5.2278 0.0100 3.5987 1.2888
5.2278 0.0100 3.6086 1.2970
5.2278 0.0100 3.6086 1.2970
5.2278 0.0100 3.6227 1.2892
5.2278 0.0100 3.6227 1.2892
5.2278 0.0100 3.6227 1.2892
5.2278 0.0100 3.6227 1.2892
5.2278 0.0100 3.6227 1.2892
5.2278 0.0100 3.6272 1.2895
5.2278 0.0100 3.6336 1.2908
5.2278 0.0100 3.6561 1.2698
5.2278 0.0100 3.6984 1.2399
5.2278 0.0100 3.7038 1.2408
5.2278 0.0100 3.7049 1.2393
5.2278 0.0100 3.7376 1.2279
5.2278 0.0100 3.7376 1.2279
5.2278 0.0100 3.7613 1.2172
5.2278 0.0100 3.7613 1.2172
5.2278 0.0100 3.7737 1.2197
5.2278 0.0100 3.7902 1.2019
5.2278 0.0100 3.8150 1.1904
5.2278 0.0100 3.8150 1.1904
5.2278 0.0100 3.8150 1.1904
5.2278 0.0100 3.8200 1.1798
5.2278 0.0100 3.8255 1.1799
5.2278 0.0100 3.8407 1.1863
5.2278 0.0100 3.8726 1.1780
5.2278 0.0100 3.8729 1.1781
5.2278 0.0100 3.8894 1.1853
5.2278 0.0100 3.8970 1.1790
5.2278 0.0100 3.8970 1.1790
5.2278 0.0100 3.9020 1.1788
5.2278 0.0100 3.9046 1.1773
5.2278 0.0100 3.9127 1.1804
5.2278 0.0100 3.9182 1.1818
5.3090 0.0100 3.9204 1.1841
5.3090 0.0100 3.9204 1.1841
5.3090 0.0100 3.9427 1.1557
5.3090 0.0100 3.9447 1.1575
5.3090 0.0100 3.9447 1.1575
5.3090 0.9884 3.9635 1.1076
5.3090 0.9884 3.9660 1.1100
5.3090 0.9884 3.9675 1.1112
5.3090 0.9884 3.9720 1.1142
5.3090 0.9884 3.9767 1.1179
5.3090 0.9884 3.9909 1.1221
5.3090 0.9884 3.9909 1.1221
5.3090 0.9884 3.9961 1.1218
5.3090 0.9884 3.9961 1.1218
5.3090 0.9884 3.9991 1.1244
5.3090 0.9884 4.0008 1.1248
6.7504 0.9884 4.0238 1.1583
6.7504 0.9884 4.0238 1.1583
6.7504 0.9884 4.0261 1.1603
6.7504 0.9884 4.0475 1.1416
6.7504 0.9884 4.0774 1.1087
6.7504 0.9884 4.0790 1.1098
6.7504 0.9884 4.0849 1.1088
6.7504 0.9884 4.0849 1.1088
6.7504 0.9884 4.0896 1.1114
6.7504 0.9884 4.0896 1.1114
6.7504 0.9884 4.0896 1.1114
6.7504 0.9884 4.1053 1.1151
6.7504 0.9884 4.1053 1.1151
6.7504 0.9884 4.1127 1.1194
6.7504 1.3947 4.1385 1.0759
6.7504 1.3947 4.1501 1.0784
6.7504 1.3947 4.1517 1.0784
6.7504 1.3947 4.1727 1.0584
6.7504 1.3947 4.1727 1.0584
6.7504 1.3947 4.1727 1.0584
6.7504 1.3947 4.1729 1.0584
6.7504 1.3947 4.1729 1.0584
6.7504 1.3947 4.1919 1.0365
6.7504 1.3947 4.1975 1.0350
6.7504 1.3947 4.1989 1.0353
6.7504 1.3947 4.1998 1.0359
6.7504 1.3947 4.2027 1.0353
6.7504 1.3947 4.2027 1.0353
6.7504 1.3947 4.2052 1.0349
6.7504 1.3947 4.2052 1.0349
6.7504 1.3947 4.2113 1.0329
6.7504 1.3947 4.2113 1.0329
6.7504 1.3947 4.2113 1.0329
6.7504 1.3947 4.2155 1.0327
6.7504 1.3947 4.2236 1.0303
6.7504 1.3947 4.2236 1.0303
6.7504 1.3947 4.2402 1.0329
6.7504 1.3947 4.2410 1.0334
6.7504 1.3947 4.2418 1.0334
6.7504 1.3947 4.2418 1.0334
6.7504 1.3947 4.2423 1.0338
6.7504 1.3947 4.2423 1.0338
6.7504 1.3947 4.2451 1.0338
6.7504 1.3947 4.2472 1.0353
6.7504 1.3947 4.2490 1.0364
6.7504 1.3947 4.2490 1.0364
6.7504 1.3947 4.2490 1.0364
6.7504 1.3947 4.2490 1.0364
6.7504 1.3947 4.2644 1.0272
6.7504 1.3947 4.2756 1.0268
6.7504 1.3947 4.2771 1.0280
6.7504 1.3947 4.2791 1.0295
6.7504 1.3947 4.2791 1.0295
6.7504 1.3947 4.2796 1.0295
6.7504 1.3947 4.2861 1.0327
6.7504 1.3947 4.2861 1.0327
6.7504 1.3947 4.2866 1.0332
6.7504 1.3947 4.2866 1.0332
6.7504 1.3947 4.2946 1.0354
6.7504 1.3947 4.2946 1.0354
6.7504 1.3947 4.2963 1.0365
6.7504 1.3947 4.2967 1.0365
6.7504 1.3947 4.3044 1.0385
6.7504 1.3947 4.3123 1.0337
6.7504 1.3947 4.3156 1.0357
6.7504 1.3947 4.3156 1.0357
6.7504 1.3947 4.3540 1.0161
6.7504 1.3947 4.3622 1.0198
6.7504 1.3947 4.3622 1.0198
6.7504 1.3947 4.3631 1.0203
6.7504 1.3947 4.3669 1.0238
6.7504 1.3947 4.3669 1.0238
6.7504 1.3947 4.3686 1.0249
6.7504 1.3947 4.3686 1.0249
6.7504 1.3947 4.3768 1.0090
6.7504 1.3947 4.3848 1.0037
6.7504 1.3947 4.3868 1.0053
6.7504 1.3947 4.3868 1.0053
6.7504 1.3947 4.3868 1.0053
6.7504 1.3947 4.3868 1.0053
6.7504 1.3947 4.3868 1.0053
6.7504 1.3947 4.3868 1.0053
6.7504 1.3947 4.4071 0.9772
6.7504 1.3947 4.4074 0.9775
6.7504 1.3947 4.4074 0.9775
6.7504 1.3947 4.4109 0.9794
6.7504 1.3947 4.4109 0.9794
6.7504 1.3947 4.4388 0.9595
6.7504 1.3947 4.4390 0.9597
6.7504 1.3947 4.4403 0.9602
6.7504 1.3947 4.4480 0.9563
6.7504 1.3947 4.4526 0.9598
6.7504 1.3947 4.4526 0.9598
6.7504 1.3947 4.4602 0.9607
6.7504 1.3947 4.4695 0.9617
6.7504 1.3947 4.4785 0.9633
6.7504 1.3947 4.4788 0.9634
6.7504 1.3947 4.4931 0.9625
6.7504 1.3947 4.4947 0.9635
6.7504 1.3947 4.4983 0.9641
6.7504 1.3947 4.5103 0.9600
6.7504 1.3947 4.5242 0.9336
6.7504 1.3947 4.5242 0.9336
6.7504 1.3947 4.5251 0.9339
6.7504 1.3947 4.5304 0.9351
6.7504 1.3947 4.5304 0.9351
6.7504 1.3947 4.5304 0.9351
6.7504 1.3947 4.5304 0.9351
6.7504 1.3947 4.5304 0.9351
6.7504 1.3947 4.5322 0.9366
6.7504 1.3947 4.5482 0.9208
6.7504 1.3947 4.5484 0.9211
6.7504 1.3947 4.5580 0.9240
6.7504 1.3947 4.5669 0.9265
6.7504 1.3947 4.5669 0.9265
6.7504 1.3947 4.5669 0.9265
6.7504 1.3947 4.5727 0.9258
6.7504 1.3947 4.5728 0.9258
6.7504 1.3947 4.5728 0.9258
6.7504 1.3947 4.5742 0.9265
6.7504 1.3947 4.5800 0.9270
6.7504 1.3947 4.5818 0.9280
6.7504 1.3947 4.5983 0.9246
6.7504 1.3947 4.6022 0.9232
6.7504 1.3947 4.6316 0.8866
6.7504 1.3947 4.6322 0.8864
6.7504 1.3947 4.6660 0.8288
6.7504 1.3947 4.7022 0.7681
6.7504 1.3947 4.7189 0.7529
6.7504 1.3947 4.7217 0.7511
6.7504 1.3947 4.7298 0.7569
6.7504 1.3947 4.7299 0.7569
6.7504 1.3947 4.7299 0.7569
6.7504 1.3947 4.7314 0.7580
6.7504 1.3947 4.7314 0.7580
6.7504 1.3947 4.7379 0.7587
6.7504 1.3947 4.7380 0.7588
6.7504 1.3947 4.7464 0.7557
6.7504 1.3947 4.7464 0.7557
6.7504 1.3947 4.7697 0.7319
6.7504 1.3947 4.7697 0.7319
6.7504 1.3947 4.7751 0.7310
6.7504 1.3947 4.7774 0.7325
6.7504 1.3947 4.7775 0.7326
6.7504 1.3947 4.7804 0.7337
6.7504 1.3947 4.7804 0.7337
6.7504 1.3947 4.7804 0.7337
6.7504 1.3947 4.7804 0.7337
6.7504 1.3947 4.7957 0.7243
6.7504 1.3947 4.8167 0.7140
6.7504 1.3947 4.8302 0.6885
6.7504 1.3947 4.8336 0.6901
6.7504 1.3947 4.8336 0.6901
6.7504 1.3947 4.8427 0.6875
6.7504 1.3947 4.8522 0.6974
6.7504 1.3947 4.8567 0.6989
6.7504 1.3947 4.8567 0.6989
6.7504 1.3947 4.8673 0.6928
6.7504 1.3947 4.8673 0.6928
6.7504 1.3947 4.8673 0.6928
6.7504 1.3947 4.8673 0.6928
6.7504 1.3947 4.8673 0.6928
6.7504 1.3947 4.8677 0.6931
6.7504 1.3947 4.8681 0.6931
6.7504 1.3947 4.8681 0.6931
6.7504 1.9819 4.8756 0.6587
6.7504 1.9819 4.8756 0.6587
6.7504 1.9819 4.8952 0.6644
6.7504 1.9819 4.8952 0.6644
6.7504 1.9819 4.8989 0.6652
6.7504 1.9819 4.8989 0.6652
6.7504 1.9819 4.8989 0.6652
6.7504 1.9819 4.8989 0.6652
6.7504 1.9819 4.8990 0.6654
6.7504 1.9819 4.8990 0.6654
6.7504 1.9819 4.8997 0.6656
6.7504 1.9819 4.9045 0.6676
6.7504 1.9819 4.9045 0.6676
6.7504 1.9819 4.9051 0.6677
6.7504 1.9819 4.9051 0.6677
6.7504 1.9819 4.9358 0.6080
6.7504 1.9819 4.9381 0.6084
6.7504 1.9819 4.9461 0.6057
6.7504 1.9819 4.9461 0.6057
6.7504 1.9819 4.9461 0.6058
6.7504 1.9819 4.9507 0.6076
6.7504 1.9819 4.9542 0.6084
6.7504 1.9819 4.9542 0.6084
6.7504 1.9819 4.9554 0.6086
6.7504 1.9819 4.9554 0.6086
6.7504 1.9819 4.9554 0.6086
6.7504 1.9819 4.9554 0.6086
6.7504 1.9819 4.9661 0.6026
6.7504 1.9819 4.9661 0.6026
6.7504 1.9819 4.9664 0.6022
6.7504 1.9819 4.9774 0.5957
6.7504 1.9819 4.9819 0.5959
6.7504 1.9819 4.9819 0.5959
6.7504 1.9819 4.9819 0.5959
6.7504 1.9819 4.9941 0.6077
6.7504 1.9819 4.9950 0.6080
6.7504 1.9819 4.9955 0.6081
6.7504 1.9819 5.0042 0.6039
6.7504 1.9819 5.0049 0.6043
6.7504 1.9819 5.0146 0.5964
6.7504 1.9819 5.0148 0.5962
6.7504 1.9819 5.0148 0.5962
6.7504 1.9819 5.0148 0.5962
6.7504 1.9819 5.0148 0.5962
6.7504 1.9819 5.0183 0.5957
6.7504 1.9819 5.0192 0.5960
6.7504 1.9819 5.0237 0.5908
6.7504 3.1836 5.0539 0.5056
6.7504 3.1836 5.0539 0.5056
6.7504 3.1836 5.0546 0.5056
6.7504 3.1836 5.0592 0.5068
6.7504 3.1836 5.0652 0.4999
6.7504 3.1836 5.0655 0.4989
6.7504 3.1836 5.0655 0.4989
6.7504 3.1836 5.0655 0.4989
6.7504 3.1836 5.0779 0.4765
6.7504 3.1836 5.0779 0.4765
6.7504 3.1836 5.0779 0.4765
6.7504 3.1836 5.0781 0.4765
6.7504 3.1836 5.0781 0.4765
6.7504 3.1836 5.0781 0.4765
6.7504 3.1836 5.0859 0.4682
6.7504 3.1836 5.0871 0.4686
6.7504 3.1836 5.0896 0.4688
6.7504 3.1836 5.0896 0.4688
6.7504 3.1836 5.0971 0.4633
6.7504 3.1836 5.0976 0.4623
6.7504 3.1836 5.1092 0.4529
6.7504 3.1836 5.1121 0.4527
6.7504 3.1836 5.1159 0.4565
6.7504 3.1836 5.1184 0.4553
6.7504 3.1836 5.1184 0.4553
6.7504 3.1836 5.1248 0.4600
6.7504 3.1836 5.1248 0.4600
6.7504 3.1836 5.1281 0.4589
6.7504 3.1836 5.1281 0.4589
6.7504 3.1836 5.1281 0.4589
6.7504 3.1836 5.1281 0.4589
6.7504 3.1836 5.1287 0.4589
6.7504 3.1836 5.1287 0.4589
6.7504 3.1836 5.1288 0.4590
6.7504 3.1836 5.1305 0.4626
6.7504 3.1836 5.1394 0.4780
6.7504 3.1836 5.1474 0.4751
6.7504 3.1836 5.1595 0.4910
6.7504 3.1836 5.1597 0.4909
6.7504 3.6559 5.1918 0.4649
6.7504 3.6559 5.1918 0.4649
6.7504 3.6559 5.1936 0.4651
6.7504 3.6559 5.1974 0.4681
6.7504 3.6559 5.2157 0.4867
6.7504 3.6559 5.2184 0.4870
6.7504 3.6559 5.2253 0.4808
6.7504 3.6559 5.2253 0.4808
6.7504 3.6559 5.2253 0.4808
6.7504 3.6559 5.2257 0.4809
6.7504 3.6559 5.2284 0.4805
6.7504 3.6559 5.2292 0.4789
6.7504 3.6559 5.2297 0.4788
6.7504 3.6559 5.2297 0.4788
6.7504 3.6559 5.2306 0.4787
6.7504 3.6559 5.2327 0.4787
6.7504 3.6559 5.2336 0.4786
6.7504 3.6559 5.2474 0.4947
6.7504 3.6559 5.2650 0.5160
6.7504 3.6559 5.2654 0.5159
6.7504 3.6559 5.2721 0.5184
6.7504 3.6559 5.2721 0.5184
6.7504 3.6559 5.2721 0.5184
6.7504 3.6559 5.2721 0.5184
6.7504 3.6559 5.2777 0.5123
6.7504 3.6559 5.2777 0.5123
6.7504 3.6559 5.2782 0.5122
6.7504 3.6559 5.2799 0.5120
6.7504 3.6559 5.2817 0.5118
6.7504 3.6559 5.2832 0.5121
6.7504 3.6559 5.2856 0.5111
6.7504 3.6559 5.2867 0.5084
6.7504 3.6559 5.2894 0.5092
6.7504 3.6559 5.2894 0.5092
6.7504 3.6559 5.2903 0.5107
6.7504 3.6559 5.2933 0.5100
6.7504 3.6559 5.2933 0.5100
6.7504 3.6559 5.2941 0.5098
6.7504 3.6559 5.2942 0.5099
6.7504 3.6559 5.2982 0.5120
6.7504 3.6559 5.2982 0.5120
6.7504 3.6559 5.2990 0.5118
6.7504 3.6559 5.2990 0.5118
6.7504 3.6559 5.3008 0.5115
6.7504 3.6559 5.3021 0.5116
6.7504 3.6559 5.3081 0.5089
6.7504 3.6559 5.3095 0.5082
6.7504 3.6559 5.3112 0.5080
6.7504 3.6559 5.3112 0.5080
6.7504 3.6559 5.3112 0.5080
6.7504 3.6559 5.3187 0.5010
6.7504 3.6559 5.3187 0.5010
6.7504 3.6559 5.3219 0.5001
6.7504 3.6559 5.3219 0.5001
6.7504 3.6559 5.3219 0.5001
6.7504 3.6559 5.3230 0.5000
6.7504 3.6559 5.3230 0.5000
6.7504 3.6559 5.3244 0.5003
6.7504 3.6559 5.3244 0.5003
6.7504 3.6559 5.3378 0.5200
6.7504 3.6559 5.3378 0.5200
6.7504 3.6559 5.3379 0.5200
6.7504 3.6559 5.3538 0.5383
6.7504 3.6559 5.3557 0.5379
6.7504 3.6559 5.3557 0.5379
6.7504 3.6559 5.3564 0.5377
6.7504 3.6559 5.3564 0.5377
6.7504 3.6559 5.3693 0.5431
6.7504 3.6559 5.3703 0.5429
6.7504 3.6559 5.3703 0.5429
6.7504 3.6559 5.3703 0.5429
6.7504 3.6559 5.3709 0.5429
6.7504 3.6559 5.3739 0.5424
6.7504 3.6559 5.3739 0.5424
6.7504 3.6559 5.3739 0.5424
6.7504 3.6559 5.3852 0.5263
6.7504 3.6559 5.3852 0.5263
6.7504 3.6559 5.3852 0.5263
6.7504 3.6559 5.3933 0.5158
6.7504 3.6559 5.3956 0.5150
6.7504 3.6559 5.3956 0.5150
6.7504 3.6559 5.3957 0.5150
6.7504 3.6559 5.4002 0.5115
6.7504 3.6559 5.4145 0.5137
6.7504 3.6559 5.4145 0.5137
6.7504 3.6559 5.4151 0.5134
6.7504 3.6559 5.4151 0.5134
6.7504 3.6559 5.4295 0.5024
6.7504 3.6559 5.4304 0.5023
6.7504 3.6559 5.4304 0.5023
6.7504 3.6559 5.4304 0.5023
6.7504 3.6559 5.4327 0.5015
6.7504 3.6559 5.4327 0.5015
6.7504 3.6559 5.4431 0.5119
6.7504 3.6559 5.4431 0.5119
6.7504 3.6559 5.4431 0.5119
6.7504 3.6559 5.4431 0.5119
6.7504 3.6559 5.4431 0.5119
6.7504 3.6559 5.4453 0.5113
6.7504 3.6559 5.4454 0.5112
6.7504 3.6559 5.4460 0.5118
6.7504 3.6559 5.4466 0.5114
6.7504 3.6559 5.4523 0.5117
6.7504 3.6559 5.4524 0.5117
6.7504 3.6559 5.4528 0.5116
6.7504 3.6559 5.4528 0.5116
6.7504 3.6559 5.4545 0.5121
6.7504 3.6559 5.4589 0.5099
6.7504 3.6559 5.4618 0.5099
6.7504 3.6559 5.4639 0.5048
6.7504 3.6559 5.4639 0.5048
6.7504 3.6559 5.4639 0.5048
6.7504 3.6559 5.4642 0.5047
6.7504 3.6559 5.4642 0.5047
6.7504 3.6559 5.4660 0.5031
6.7504 3.6559 5.4660 0.5031
6.7504 3.6559 5.4707 0.5049
6.7504 3.6559 5.4811 0.5125
6.7504 3.6559 5.4824 0.5115
6.7504 3.6559 5.4824 0.5115
6.7504 3.6559 5.4824 0.5115
6.7504 3.6559 5.4907 0.5157
6.7504 3.6559 5.4907 0.5157
6.7504 3.6559 5.4909 0.5158
6.7504 3.6559 5.4909 0.5158
6.7504 3.6559 5.4909 0.5158
6.7504 3.6559 5.4909 0.5158
6.7504 3.6559 5.4920 0.5153
6.7504 3.6559 5.4920 0.5153
6.7504 3.6559 5.4920 0.5153
6.7504 3.6559 5.4920 0.5153
6.7504 3.8415 5.4938 0.5090
6.7504 3.8415 5.4938 0.5090
6.7504 3.8415 5.5029 0.5140
6.7504 3.8415 5.5029 0.5140
6.7504 3.8415 5.5084 0.5158
6.7504 3.8415 5.5084 0.5158
6.7504 3.8415 5.5084 0.5158
6.7504 3.8415 5.5105 0.5189
6.7504 3.8415 5.5154 0.5193
6.7504 3.8415 5.5154 0.5193
6.7504 3.8415 5.5154 0.5193
6.7504 3.8415 5.5154 0.5193
6.7504 3.8415 5.5154 0.5193
6.7504 3.8415 5.5154 0.5193
6.7504 3.8415 5.5154 0.5193
6.9165 3.8415 5.5340 0.5408
6.9165 3.8415 5.5445 0.5441
6.9165 3.8415 5.5569 0.5572
6.9165 3.8415 5.5569 0.5572
6.9165 3.8415 5.5569 0.5572
6.9165 3.8415 5.5621 0.5565
6.9165 3.8415 5.5621 0.5565
6.9165 3.8415 5.5621 0.5565
6.9165 3.8415 5.5639 0.5555
6.9165 3.8415 5.5656 0.5587
6.9165 3.8415 5.5665 0.5579
6.9165 3.8415 5.5813 0.5624
6.9165 3.8415 5.5813 0.5624
6.9165 3.8415 5.5813 0.5624
6.9165 3.8415 5.5813 0.5624
6.9165 3.8415 5.5813 0.5624
6.9165 3.8415 5.5813 0.5624
6.9165 3.8415 5.5877 0.5651
6.9165 3.8415 5.5984 0.5672
6.9165 3.8415 5.5992 0.5664
6.9165 3.8415 5.6052 0.5649
6.9165 3.8415 5.6174 0.5671
6.9165 3.8415 5.6271 0.5701
6.9165 3.8415 5.6272 0.5701
6.9165 3.8415 5.6272 0.5701
6.9165 3.8415 5.6373 0.5718
6.9165 3.8415 5.6447 0.5704
6.9165 3.8415 5.6522 0.5684
6.9165 3.8415 5.6557 0.5701
6.9165 3.8415 5.6557 0.5701
6.9165 3.8415 5.6557 0.5701
6.9165 3.8415 5.6641 0.5741
6.9165 3.8415 5.6641 0.5741
6.9165 3.8415 5.6641 0.5741
6.9165 3.8415 5.6641 0.5741
6.9165 3.8415 5.6644 0.5739
6.9165 3.8415 5.6717 0.5724
6.9165 3.8415 5.6717 0.5724
6.9165 3.8415 5.6756 0.5752
6.9165 3.8415 5.6903 0.5878
6.9165 3.8415 5.6903 0.5878
6.9165 4.2590 5.6944 0.5760
6.9165 4.2590 5.6944 0.5760
6.9165 4.2590 5.6991 0.5748
6.9165 4.2590 5.6991 0.5748
6.9165 4.2590 5.6996 0.5744
6.9165 4.2590 5.7097 0.5749
6.9165 4.2590 5.7097 0.5749
6.9165 4.2590 5.7097 0.5749
6.9165 4.2590 5.7102 0.5745
6.9165 4.2590 5.7107 0.5742
6.9165 4.2590 5.7107 0.5742
6.9165 4.2590 5.7108 0.5742
6.9165 4.2590 5.7108 0.5742
6.9165 4.2590 5.7147 0.5724
6.9165 4.2590 5.7147 0.5724
6.9165 4.2590 5.7231 0.5747
6.9165 4.2590 5.7260 0.5788
6.9165 4.2590 5.7260 0.5788
6.9165 4.2590 5.7260 0.5788
6.9165 4.2590 5.7260 0.5788
6.9165 4.2590 5.7269 0.5780
6.9165 4.2590 5.7286 0.5800
7.0394 4.2590 5.7315 0.5858
7.0394 4.2590 5.7315 0.5858
7.0394 4.2590 5.7315 0.5858
7.0394 4.2590 5.7361 0.5890
7.0394 4.2590 5.7362 0.5890
7.0394 4.2590 5.7370 0.5883
7.0394 4.2590 5.7484 0.5868
7.0394 4.2590 5.7500 0.5856
7.0394 4.2590 5.7500 0.5856
7.0394 4.2590 5.7500 0.5856
7.0394 4.2590 5.7559 0.5827
7.0394 4.2590 5.7559 0.5827
7.0394 4.2590 5.7559 0.5827
7.0394 4.2590 5.7609 0.5795
7.0394 4.2590 5.7689 0.5797
7.0394 4.2590 5.7689 0.5797
7.0394 4.2590 5.7689 0.5797
7.0394 4.2590 5.7689 0.5797
7.0394 4.2590 5.7787 0.5805
7.0394 4.2590 5.7791 0.5805
7.0394 4.2590 5.7829 0.5793
7.0394 4.2590 5.7829 0.5793
7.0394 4.2590 5.7846 0.5823
7.0394 4.2590 5.7846 0.5823
7.0394 4.2590 5.7846 0.5823
7.0394 4.2590 5.7846 0.5823
7.0394 4.2590 5.7898 0.5885
7.0394 4.2590 5.7898 0.5885
7.0394 4.2590 5.7906 0.5878
7.0394 4.2590 5.7906 0.5878
7.0914 4.2590 5.8127 0.6054
7.0914 4.2590 5.8181 0.6073
7.0914 4.2590 5.8181 0.6073
7.0914 4.2590 5.8221 0.6091
7.0914 4.2590 5.8221 0.6091
7.0914 4.2590 5.8221 0.6091
7.5957 4.2590 5.8343 0.6319
7.5957 4.2590 5.8442 0.6384
7.5957 4.2590 5.8442 0.6384
7.5957 4.2590 5.8593 0.6418
7.5957 4.2590 5.8593 0.6418
7.5957 4.2590 5.8593 0.6418
7.5957 4.2590 5.8594 0.6416
7.5957 4.2590 5.8594 0.6416
7.5957 4.2590 5.8607 0.6405
7.5957 4.2590 5.8607 0.6405
7.5957 4.2590 5.8607 0.6405
7.5957 4.2590 5.8607 0.6405
7.5957 4.2590 5.8607 0.6405
7.5957 4.2590 5.8677 0.6382
7.5957 4.2590 5.8677 0.6382
7.5957 4.2590 5.8677 0.6382
7.5957 4.2590 5.8677 0.6382
7.5957 4.2590 5.8773 0.6441
7.5957 4.2590 5.8773 0.6441
7.5957 4.2590 5.8773 0.6441
7.5957 4.2590 5.8777 0.6443
7.5957 4.2590 5.8777 0.6443
7.5957 4.2590 5.8840 0.6462
7.5957 4.2590 5.8840 0.6462
7.5957 4.2590 5.8840 0.6462
7.5957 4.2590 5.8841 0.6461
7.5957 4.2590 5.8843 0.6463
7.5957 4.2590 5.8973 0.6572
7.5957 4.2590 5.9045 0.6528
7.5957 4.2590 5.9045 0.6528
7.5957 4.2590 5.9131 0.6626
7.5957 4.2590 5.9131 0.6626
7.5957 4.2590 5.9151 0.6609
7.5957 4.2590 5.9214 0.6566
7.5957 4.2590 5.9214 0.6566
7.5957 4.2590 5.9214 0.6566
7.5957 4.2590 5.9301 0.6549
7.5957 4.2590 5.9301 0.6549
7.5957 4.2590 5.9354 0.6528
7.5957 4.2590 5.9459 0.6476
7.5957 4.2590 5.9530 0.6514
7.5957 4.2590 5.9530 0.6514
7.5957 4.2590 5.9530 0.6514
7.5957 4.2590 5.9692 0.6623
7.5957 4.2590 5.9726 0.6628
7.5957 4.2590 5.9834 0.6448
7.5957 4.2590 5.9834 0.6448
7.5957 4.2590 5.9834 0.6448
7.5957 4.2590 5.9876 0.6439
7.5957 4.2590 5.9885 0.6427
7.5957 4.2590 5.9885 0.6427
7.5957 4.2590 5.9885 0.6427
7.5957 4.2590 5.9895 0.6429
7.5957 4.2590 5.9895 0.6429
7.5957 4.2590 5.9928 0.6433
7.5957 4.2590 5.9987 0.6427
7.5957 4.2590 5.9987 0.6427
7.5957 4.2590 5.9987 0.6427
7.5957 4.2590 5.9987 0.6427
7.5957 4.2590 6.0119 0.6515
7.5957 4.2590 6.0210 0.6481
7.5957 4.2590 6.0227 0.6502
7.5957 4.2590 6.0323 0.6483
7.5957 4.2590 6.0323 0.6483
7.5957 4.2590 6.0323 0.6483
7.5957 4.2590 6.0323 0.6483
7.5957 4.2590 6.0339 0.6464
7.5957 4.2590 6.0339 0.6464
7.5957 4.2590 6.0339 0.6464
7.5957 4.2590 6.0442 0.6447
7.5957 4.2590 6.0482 0.6442
7.5957 4.2590 6.0482 0.6442
7.5957 4.2590 6.0538 0.6434
7.5957 4.2590 6.0541 0.6435
7.5957 4.2590 6.0551 0.6439
7.5957 4.2590 6.0555 0.6440
7.5957 4.2590 6.0555 0.6440
7.5957 4.2590 6.0637 0.6514
7.5957 4.2590 6.0637 0.6514
7.5957 4.2590 6.0709 0.6539
7.5957 4.2590 6.0738 0.6563
7.5957 4.2590 6.0930 0.6321
7.5957 4.2590 6.0932 0.6323
7.5957 4.2590 6.0943 0.6323
7.5957 4.2590 6.1040 0.6419
7.5957 4.2590 6.1040 0.6419
7.5957 4.2590 6.1163 0.6356
7.5957 4.2590 6.1163 0.6356
7.5957 4.2590 6.1163 0.6356
7.5957 4.2590 6.1163 0.6356
7.5957 4.2590 6.1173 0.6359
7.5957 4.2590 6.1280 0.6323
7.5957 4.2590 6.1280 0.6323
7.5957 4.2590 6.1326 0.6342
7.5957 4.2590 6.1409 0.6360
7.5957 4.2590 6.1409 0.6360
7.5957 4.2590 6.1409 0.6360
7.5957 4.2590 6.1409 0.6360
7.5957 4.2590 6.1430 0.6338
7.5957 4.2590 6.1560 0.6391
7.5957 4.2590 6.1560 0.6391
7.5957 4.2590 6.1560 0.6391
7.5957 4.2590 6.1649 0.6323
7.5957 4.2590 6.1649 0.6323
7.5957 4.2590 6.1649 0.6323
7.5957 4.2590 6.1674 0.6330
7.5957 4.2590 6.1674 0.6330
7.5957 4.2590 6.1674 0.6330
7.5957 4.2590 6.1674 0.6330
7.5957 4.2590 6.1804 0.6300
7.5957 4.2590 6.1845 0.6345
7.5957 4.2590 6.1897 0.6342
7.5957 4.2590 6.1897 0.6342
7.5957 4.2590 6.1897 0.6342
7.5957 4.2590 6.2027 0.6276
7.5957 4.2590 6.2127 0.6197
7.5957 4.2590 6.2170 0.6150
7.5957 4.2590 6.2265 0.6099
7.5957 4.2590 6.2310 0.6121
7.5957 4.2590 6.2364 0.6057
7.5957 4.2590 6.2364 0.6057
7.5957 4.2590 6.2424 0.6042
7.5957 4.2590 6.2460 0.6061
7.5957 4.2590 6.2460 0.6061
7.5957 4.2590 6.2460 0.6061
7.5957 4.2590 6.2460 0.6061
7.5957 4.2590 6.2460 0.6061
7.5957 4.2590 6.2649 0.6017
7.5957 4.2590 6.2702 0.5958
7.5957 4.2590 6.2708 0.5948
7.5957 4.2590 6.2761 0.5934
7.5957 4.2590 6.2805 0.5914
7.5957 4.2590 6.2805 0.5914
7.5957 4.2590 6.2910 0.5812
7.5957 4.2590 6.2910 0.5812
7.5957 4.2590 6.2953 0.5749
7.5957 4.2590 6.2991 0.5761
7.5957 4.2590 6.3005 0.5779
7.5957 4.2590 6.3005 0.5779
7.5957 4.2590 6.3005 0.5779
7.5957 4.2590 6.3033 0.5774
7.5957 4.2590 6.3039 0.5778
7.5957 4.2590 6.3173 0.5804
7.5957 4.2590 6.3227 0.5848
7.5957 4.2590 6.3227 0.5848
7.5957 4.2590 6.3227 0.5848
7.5957 4.2590 6.3310 0.5893
7.5957 4.2590 6.3310 0.5893
7.5957 4.2590 6.3314 0.5894
7.5957 4.2590 6.3482 0.5870
7.5957 4.2590 6.3482 0.5870
7.5957 4.2590 6.3489 0.5868
7.5957 4.2590 6.3489 0.5868
7.5957 4.2590 6.3489 0.5868
7.5957 4.2590 6.3489 0.5868
7.5957 4.2590 6.3598 0.5840
7.5957 4.2590 6.3598 0.5840
7.5957 4.2590 6.3598 0.5840
7.5957 4.2590 6.3645 0.5820
7.5957 4.2590 6.3788 0.5713
7.5957 4.2590 6.3828 0.5646
7.5957 4.2590 6.3828 0.5646
7.5957 4.2590 6.3833 0.5652
7.5957 4.2590 6.3868 0.5648
7.5957 4.2590 6.3874 0.5650
7.5957 4.2590 6.3874 0.5650
7.5957 4.2590 6.3874 0.5650
7.5957 4.2590 6.3874 0.5650
7.5957 4.2590 6.3874 0.5650
7.5957 4.2590 6.3965 0.5698
7.5957 4.2590 6.3965 0.5698
7.5957 4.2590 6.4100 0.5620
7.5957 4.2590 6.4100 0.5620
7.5957 4.2590 6.4216 0.5569
7.5957 4.2590 6.4216 0.5569
7.5957 4.2590 6.4273 0.5573
7.5957 4.2590 6.4280 0.5573
7.5957 4.2590 6.4320 0.5606
7.5957 4.2590 6.4410 0.5634
7.5957 4.2590 6.4418 0.5631
7.5957 4.2590 6.4452 0.5660
7.5957 4.2590 6.4572 0.5548
7.5957 4.2590 6.4663 0.5505
7.5957 4.2590 6.4729 0.5536
7.5957 4.2590 6.4729 0.5536
7.5957 4.2590 6.4729 0.5536
7.5957 4.2590 6.4760 0.5560
7.5957 4.2590 6.4867 0.5524
7.5957 4.2590 6.4930 0.5537
7.5957 4.2590 6.4930 0.5537
7.5957 4.2590 6.4930 0.5537
7.5957 4.2590 6.4981 0.5549
7.5957 4.2590 6.4994 0.5563
7.5957 4.2590 6.4994 0.5563
7.5957 4.2590 6.4994 0.5563
7.5957 4.2590 6.5121 0.5545
7.5957 4.2590 6.5121 0.5545
7.5957 4.2590 6.5255 0.5657
7.5957 4.2590 6.5255 0.5657
7.5957 4.2590 6.5324 0.5642
7.5957 4.2590 6.5387 0.5631
7.5957 4.2590 6.5387 0.5631
7.5957 4.2590 6.5387 0.5631
7.5957 4.2590 6.5387 0.5631
7.5957 4.2590 6.5418 0.5651
7.5957 4.2590 6.5474 0.5555
7.5957 4.2590 6.5486 0.5549
7.5957 4.2590 6.5622 0.5637
7.5957 4.2590 6.5622 0.5637
7.5957 4.2590 6.5636 0.5648
7.5957 4.2590 6.5636 0.5648
7.5957 4.2590 6.5653 0.5641
7.5957 4.2590 6.5684 0.5659
7.5957 4.2590 6.5684 0.5659
7.5957 4.2590 6.5684 0.5659
7.5957 4.2590 6.5684 0.5659
7.5957 4.2590 6.5701 0.5667
7.5957 4.2590 6.5768 0.5685
7.5957 4.2590 6.5768 0.5685
7.5957 4.2590 6.5783 0.5681
7.5957 4.2590 6.5788 0.5679
7.5957 4.2590 6.5788 0.5679
7.5957 4.2590 6.5818 0.5689
7.5957 4.9832 6.5891 0.5433
7.5957 5.1767 6.5910 0.5379
7.5957 5.1767 6.5992 0.5387
7.5957 5.1767 6.5992 0.5387
7.5957 5.1767 6.5992 0.5387
7.5957 5.1767 6.6023 0.5404
7.5957 5.1767 6.6023 0.5404
7.5957 5.1767 6.6023 0.5404
7.5957 5.1767 6.6023 0.5404
7.5957 5.1767 6.6023 0.5404
7.5957 5.1767 6.6087 0.5399
7.5957 5.1767 6.6087 0.5399
7.5957 5.1767 6.6150 0.5415
7.5957 5.1767 6.6153 0.5418
7.5957 5.1767 6.6153 0.5418
7.5957 5.1767 6.6153 0.5418
7.5957 5.1767 6.6153 0.5418
7.5957 5.1767 6.6153 0.5418
7.5957 5.1767 6.6170 0.5427
7.5957 5.1767 6.6170 0.5427
7.5957 5.1767 6.6170 0.5427
7.5957 5.1767 6.6205 0.5392
7.5957 5.1767 6.6246 0.5409
7.5957 5.1767 6.6246 0.5409
7.5957 5.1767 6.6249 0.5407
7.5957 5.1767 6.6302 0.5476
7.5957 5.1767 6.6337 0.5513
7.5957 5.1767 6.6473 0.5366
7.5957 5.1767 6.6473 0.5366
7.5957 5.1767 6.6513 0.5358
7.5957 5.1767 6.6605 0.5258
7.5957 5.1767 6.6605 0.5258
7.5957 5.1767 6.6605 0.5258
7.5957 5.1767 6.6688 0.5256
7.5957 5.1767 6.6688 0.5256
7.5957 5.1767 6.6746 0.5274
7.5957 5.1767 6.6746 0.5274
7.5957 5.1767 6.6754 0.5255
7.5957 5.1767 6.6754 0.5255
7.5957 5.1767 6.6754 0.5255
7.5957 5.1767 6.6754 0.5255
7.5957 5.1767 6.6754 0.5255
7.5957 5.1767 6.6757 0.5257
7.5957 5.1767 6.6797 0.5257
7.5957 5.1767 6.6797 0.5257
7.5957 5.1767 6.6797 0.5257
7.5957 5.1767 6.6808 0.5242
7.5957 5.1767 6.6827 0.5245
7.5957 5.1767 6.6827 0.5245
7.5957 5.1767 6.6827 0.5245
7.5957 5.1767 6.6827 0.5245
7.5957 5.1767 6.6983 0.5024
7.5957 5.1767 6.6983 0.5024
7.5957 5.1767 6.6984 0.5024
7.5957 5.1767 6.7024 0.5003
7.5957 5.1767 6.7024 0.5003
7.5957 5.1767 6.7087 0.5001
7.5957 5.1767 6.7088 0.5001
7.5957 5.1767 6.7088 0.5001
7.5957 5.1767 6.7141 0.4995
7.5957 5.1767 6.7141 0.4995
7.5957 5.1767 6.7141 0.4995
7.5957 5.1767 6.7141 0.4995
7.5957 5.1767 6.7141 0.4995
7.5957 5.1767 6.7214 0.4965
7.5957 5.1767 6.7297 0.4952
7.5957 5.1767 6.7297 0.4950
7.5957 5.1767 6.7297 0.4950
7.5957 5.1767 6.7297 0.4950
7.5957 5.1767 6.7366 0.4877
7.5957 5.1767 6.7366 0.4877
7.5957 5.1767 6.7366 0.4877
7.5957 5.1767 6.7366 0.4877
7.5957 5.1767 6.7366 0.4877
7.5957 5.1767 6.7369 0.4879
7.5957 5.1767 6.7406 0.4913
7.5957 5.1767 6.7406 0.4913
7.5957 5.1767 6.7406 0.4913
7.5957 5.1767 6.7406 0.4913
7.5957 5.1767 6.7470 0.4916
7.5957 5.1767 6.7471 0.4917
7.5957 5.1767 6.7621 0.4734
7.5957 5.1767 6.7622 0.4733
7.5957 5.1767 6.7622 0.4733
7.5957 5.1767 6.7622 0.4733
7.5957 5.1767 6.7683 0.4725
7.5957 5.1767 6.7683 0.4725
7.5957 5.1767 6.7683 0.4725
7.5957 5.1767 6.7683 0.4725
7.5957 5.1767 6.7722 0.4717
7.5957 5.1767 6.7722 0.4717
7.5957 5.1767 6.7722 0.4717
7.5957 5.1767 6.7722 0.4717
7.5957 5.1767 6.7722 0.4717
7.5957 5.1767 6.7722 0.4717
7.5957 5.1767 6.7722 0.4717
7.5957 5.1767 6.7722 0.4717
7.5957 5.1767 6.7791 0.4689
7.5957 5.1767 6.7791 0.4689
7.5957 5.1767 6.7791 0.4689
7.5957 5.1767 6.7858 0.4659
7.5957 5.1767 6.7858 0.4659
7.5957 5.1767 6.7858 0.4659
7.5957 5.1767 6.7888 0.4636
7.5957 5.1767 6.7888 0.4636
7.5957 5.1767 6.7961 0.4615
7.5957 5.1767 6.8000 0.4627
7.5957 5.1767 6.8000 0.4627
7.5957 5.1767 6.8000 0.4627
7.5957 5.1767 6.8005 0.4630
7.5957 5.1767 6.8005 0.4630
7.5957 5.1767 6.8005 0.4630
7.5957 5.1767 6.8071 0.4668
7.5957 5.1767 6.8071 0.4668
7.5957 5.1767 6.8071 0.4668
7.5957 5.1767 6.8191 0.4673
7.5957 5.1767 6.8191 0.4673
7.5957 5.1767 6.8191 0.4673
7.5957 5.1767 6.8364 0.4429
7.5957 5.1767 6.8364 0.4429
7.5957 5.1767 6.8415 0.4459
7.5957 5.1767 6.8415 0.4459
7.5957 5.1767 6.8415 0.4459
7.5957 5.1767 6.8415 0.4459
7.5957 5.1767 6.8415 0.4459
7.5957 5.1767 6.8415 0.4459
7.5957 5.1767 6.8415 0.4459
7.5957 5.1767 6.8415 0.4459
7.5957 5.1767 6.8446 0.4488
7.5957 5.1767 6.8450 0.4488
7.5957 5.1767 6.8450 0.4488
7.5957 5.1767 6.8450 0.4488
7.5957 5.1767 6.8471 0.4495
7.5957 5.1767 6.8471 0.4495
7.5957 5.1767 6.8471 0.4495
7.5957 5.1767 6.8471 0.4495
7.5957 5.1767 6.8502 0.4522
7.5957 5.1767 6.8502 0.4522
7.5957 5.1767 6.8502 0.4522
7.5957 5.1767 6.8549 0.4529
7.5957 5.1767 6.8549 0.4529
7.5957 5.1767 6.8617 0.4588
7.5957 5.1767 6.8651 0.4605
7.5957 5.1767 6.8712 0.4604
7.5957 5.1767 6.8712 0.4604
7.5957 5.1767 6.8712 0.4604
7.5957 5.1767 6.8717 0.4605
7.5957 5.1767 6.8717 0.4606
7.5957 5.1767 6.8773 0.4598
7.5957 5.1767 6.8773 0.4598
7.5957 5.1767 6.8773 0.4598
7.5957 5.1767 6.8838 0.4577
7.5957 5.1767 6.8838 0.4577
7.5957 5.1767 6.8838 0.4577
7.5957 5.1767 6.8838 0.4577
7.5957 5.1767 6.8859 0.4582
7.5957 5.1767 6.8875 0.4562
7.5957 5.1767 6.8878 0.4563
7.5957 5.1767 6.8955 0.4585
7.5957 5.1767 6.9083 0.4404
7.5957 5.1767 6.9090 0.4401
7.5957 5.1767 6.9090 0.4401
7.5957 5.1767 6.9090 0.4401
7.5957 5.1767 6.9090 0.4401
7.5957 5.1767 6.9090 0.4401
7.5957 5.1767 6.9142 0.4451
7.5957 5.1767 6.9146 0.4452
7.5957 5.1767 6.9146 0.4452
7.5957 5.1767 6.9146 0.4452
7.5957 5.1767 6.9221 0.4505
7.5957 5.1767 6.9221 0.4505
7.5957 5.1767 6.9221 0.4505
7.5957 5.1767 6.9221 0.4505
7.5957 5.1767 6.9241 0.4515
7.5957 5.1767 6.9241 0.4515
7.5957 5.1767 6.9241 0.4515
7.5957 5.1767 6.9241 0.4515
7.5957 5.1767 6.9241 0.4515
7.5957 5.1767 6.9241 0.4515
7.5957 5.1767 6.9241 0.4515
7.5957 5.2311 6.9276 0.4393
7.5957 5.2311 6.9276 0.4393
7.5957 5.2311 6.9276 0.4393
7.5957 5.2311 6.9276 0.4393
7.5957 5.2311 6.9294 0.4402
7.5957 5.2311 6.9294 0.4402
7.5957 5.2311 6.9347 0.4450
7.5957 5.2311 6.9382 0.4476
7.5957 5.2311 6.9382 0.4476
7.5957 5.2311 6.9431 0.4499
7.5957 5.2311 6.9448 0.4502
7.5957 5.2311 6.9448 0.4502
7.5957 5.2311 6.9448 0.4502
7.5957 5.2311 6.9457 0.4509
7.5957 5.2311 6.9457 0.4509
7.5957 5.2311 6.9457 0.4509
7.5957 5.2311 6.9523 0.4527
7.5957 5.2311 6.9523 0.4527
7.5957 5.2311 6.9523 0.4527
7.5957 5.2311 6.9545 0.4531
7.5957 5.2311 6.9582 0.4555
7.5957 5.2311 6.9582 0.4555
7.5957 5.2311 6.9582 0.4555
7.5957 5.2311 6.9602 0.4564
7.5957 5.2311 6.9612 0.4569
7.5957 5.2311 6.9659 0.4603
7.5957 5.2311 6.9683 0.4614
7.5957 5.2311 6.9683 0.4614
7.5957 5.2311 6.9768 0.4615
7.5957 5.2311 6.9836 0.4631
7.5957 5.2311 6.9870 0.4627
7.5957 5.2311 6.9870 0.4627
7.5957 5.2311 6.9870 0.4627
7.5957 5.2311 6.9870 0.4627
7.5957 5.2311 6.9870 0.4627
7.5957 5.2311 6.9870 0.4627
7.5957 5.2311 6.9870 0.4627
7.5957 5.2311 6.9870 0.4627
7.5957 5.2311 6.9937 0.4638
7.5957 5.2311 6.9943 0.4642
7.5957 5.2311 6.9943 0.4642
7.5957 5.2311 7.0011 0.4652
7.5957 5.2311 7.0042 0.4668
7.5957 5.2311 7.0042 0.4668
7.5957 5.2311 7.0048 0.4670
7.5957 5.2311 7.0048 0.4670
7.5957 5.2311 7.0048 0.4670
7.5957 5.2311 7.0048 0.4670
7.5957 5.2311 7.0066 0.4677
7.5957 5.2311 7.0066 0.4677
7.5957 5.2311 7.0066 0.4677
7.5957 5.2311 7.0101 0.4694
7.5957 5.2311 7.0101 0.4694
7.5957 5.2311 7.0109 0.4695
7.5957 5.2311 7.0111 0.4696
7.5957 5.2311 7.0111 0.4696
7.5957 5.2311 7.0111 0.4696
7.5957 5.2311 7.0146 0.4702
7.5957 5.2311 7.0146 0.4702
7.5957 5.2311 7.0219 0.4717
7.5957 5.2311 7.0219 0.4717
7.5957 5.2311 7.0326 0.4683
7.5957 5.2311 7.0326 0.4683
7.5957 5.2311 7.0326 0.4683
7.5957 5.2311 7.0326 0.4683
7.5957 5.2311 7.0340 0.4692
7.5957 5.2311 7.0354 0.4675
7.5957 5.2311 7.0387 0.4665
7.5957 5.2311 7.0437 0.4527
7.5957 5.2311 7.0577 0.4478
7.5957 5.2311 7.0613 0.4499
7.5957 5.2311 7.0665 0.4493
7.5957 5.2311 7.0682 0.4500
7.5957 5.2311 7.0682 0.4500
7.5957 5.2311 7.0682 0.4500
7.5957 5.2311 7.0682 0.4500
7.5957 5.2311 7.0682 0.4500
7.5957 5.2311 7.0685 0.4501
7.6519 5.2311 7.0709 0.4527
7.6519 5.2311 7.0709 0.4527
7.6519 5.2311 7.0714 0.4515
7.6519 5.2311 7.0714 0.4515
7.6519 5.2311 7.0723 0.4510
7.6519 5.2311 7.0723 0.4510
7.6519 5.2311 7.0725 0.4507
7.6519 5.2311 7.0725 0.4507
7.6519 5.2311 7.0725 0.4507
7.6519 5.2311 7.0725 0.4507
7.6519 5.2311 7.0775 0.4480
7.6519 5.2311 7.0776 0.4480
7.6519 5.2311 7.0887 0.4353
7.6519 5.2311 7.0921 0.4353
7.6519 5.2311 7.0922 0.4353
7.6519 5.2311 7.0935 0.4361
7.6519 5.4099 7.0963 0.4249
7.6519 5.4099 7.0963 0.4249
7.6519 5.4099 7.0963 0.4249
7.6519 5.4099 7.1053 0.4231
7.6519 5.4099 7.1053 0.4231
7.6519 5.5106 7.1114 0.4025
7.6519 5.5106 7.1147 0.3994
7.6519 5.5106 7.1148 0.3995
7.6519 5.5106 7.1148 0.3995
7.6519 5.5106 7.1148 0.3995
7.6519 5.5106 7.1148 0.3995
7.6519 5.5106 7.1175 0.4006
7.6519 5.5106 7.1181 0.4008
7.6519 5.5106 7.1196 0.4015
7.6519 5.5106 7.1207 0.4019
7.6519 5.5106 7.1264 0.4007
7.6519 5.5106 7.1347 0.3907
7.6519 5.5106 7.1355 0.3903
7.6519 5.5106 7.1355 0.3903
7.6519 5.5106 7.1355 0.3903
7.6519 5.5106 7.1417 0.3916
8.5239 5.5106 7.1543 0.4149
8.5239 5.5106 7.1576 0.4157
8.5239 5.5106 7.1576 0.4157
8.5239 5.5106 7.1713 0.4008
8.5239 5.5106 7.1723 0.4006
8.5239 5.5106 7.1723 0.4006
8.5239 5.5106 7.1723 0.4006
8.5239 5.5106 7.1770 0.4019
8.5239 5.5106 7.1820 0.4040
8.5239 5.5106 7.1820 0.4040
8.5239 5.5106 7.1820 0.4040
8.5239 5.5106 7.1820 0.4040
8.5239 5.5106 7.1857 0.4048
8.5239 5.5106 7.1857 0.4048
8.5239 5.5106 7.1949 0.3935
8.5239 5.5106 7.1964 0.3933
8.5239 5.5106 7.1983 0.3948
8.5239 5.5106 7.1983 0.3948
8.5239 5.5106 7.1983 0.3948
8.5239 5.5106 7.2012 0.3899
8.5239 5.5106 7.2012 0.3899
8.5239 6.0201 7.2187 0.3510
8.5239 6.0201 7.2206 0.3525
8.5239 6.0201 7.2246 0.3537
8.5239 6.0201 7.2250 0.3538
8.5239 6.0201 7.2272 0.3546
8.5239 6.0201 7.2272 0.3546
8.5239 6.0201 7.2272 0.3546
8.5239 6.0201 7.2272 0.3546
8.5239 6.0201 7.2272 0.3546
8.5239 6.0201 7.2312 0.3503
8.5239 6.0201 7.2322 0.3510
8.5239 6.0201 7.2322 0.3510
8.5239 6.0201 7.2322 0.3510
8.5239 6.0201 7.2390 0.3537
8.5239 6.0201 7.2390 0.3537
8.5239 6.0201 7.2390 0.3537
8.5239 6.0201 7.2425 0.3536
8.5239 6.0201 7.2425 0.3536
8.5239 6.0201 7.2454 0.3521
8.5239 6.0201 7.2454 0.3521
8.5239 6.0201 7.2473 0.3524
8.5239 6.0201 7.2473 0.3524
8.5239 6.0201 7.2473 0.3524
8.5239 6.0201 7.2534 0.3505
8.5239 6.0201 7.2563 0.3517
8.5239 6.0201 7.2580 0.3513
8.5239 6.0201 7.2582 0.3514
8.5239 6.0201 7.2582 0.3514
8.5239 6.0201 7.2582 0.3514
8.5239 6.0201 7.2582 0.3514
8.5239 6.0201 7.2582 0.3514
8.5239 6.0201 7.2589 0.3518
8.5239 6.0201 7.2589 0.3518
8.5239 6.0201 7.2589 0.3518
8.5239 6.0201 7.2589 0.3518
8.5239 6.0201 7.2589 0.3518
8.5239 6.0201 7.2632 0.3523
8.5239 6.0201 7.2632 0.3523
8.5239 6.0201 7.2632 0.3523
8.5239 6.0201 7.2666 0.3519
8.5239 6.0201 7.2666 0.3519
8.5239 6.0201 7.2721 0.3529
8.5239 6.0201 7.2868 0.3736
8.5239 6.0201 7.2874 0.3740
8.5239 6.0201 7.2874 0.3740
8.5239 6.0201 7.2893 0.3750
8.5659 6.0201 7.2897 0.3764
8.5659 6.0201 7.2903 0.3761
8.5659 6.0201 7.2903 0.3761
8.5659 6.0201 7.2903 0.3761
8.5659 6.0201 7.2903 0.3761
8.5659 6.0201 7.3094 0.3657
8.5659 6.0201 7.3108 0.3644
8.5659 6.0201 7.3152 0.3644
8.5659 6.0201 7.3244 0.3596
8.5659 6.0201 7.3273 0.3588
8.5659 6.0201 7.3273 0.3588
8.5659 6.0201 7.3273 0.3588
8.5659 6.0201 7.3273 0.3588
8.5659 6.0201 7.3273 0.3588
8.5659 6.0201 7.3273 0.3588
8.5659 6.0201 7.3273 0.3588
8.5659 6.0201 7.3273 0.3588
8.5659 6.0201 7.3273 0.3588
8.5659 6.0201 7.3279 0.3593
8.5659 6.0201 7.3284 0.3596
8.5659 6.0201 7.3284 0.3596
8.5659 6.2312 7.3305 0.3525
8.5659 6.2312 7.3305 0.3525
8.5659 6.2312 7.3305 0.3525
8.5659 6.2312 7.3305 0.3525
8.5659 6.2312 7.3340 0.3515
8.5659 6.2312 7.3444 0.3718
8.5659 6.2312 7.3444 0.3718
8.5659 6.2312 7.3560 0.3911
8.5659 6.2312 7.3568 0.3906
8.5659 6.2312 7.3572 0.3907
8.5659 6.2312 7.3612 0.3882
8.5659 6.2312 7.3612 0.3882
8.5659 6.2312 7.3614 0.3881
8.5659 6.2312 7.3614 0.3881
8.5659 6.2312 7.3628 0.3886
8.5659 6.2312 7.3651 0.3877
8.5659 6.2312 7.3769 0.3755
8.5659 6.2312 7.3787 0.3761
8.5659 6.2312 7.3907 0.3930
8.5659 6.2312 7.3907 0.3930
8.5659 6.2312 7.3908 0.3929
8.5659 6.2312 7.3908 0.3929
8.5659 6.2312 7.4024 0.4100
8.5659 6.2312 7.4042 0.4111
8.5659 6.2312 7.4042 0.4111
8.5659 6.2312 7.4090 0.4081
8.5659 6.2312 7.4197 0.4225
8.5659 6.2312 7.4225 0.4228
8.5659 6.2312 7.4236 0.4209
8.5659 6.2312 7.4324 0.4117
8.5659 6.2312 7.4335 0.4116
8.5659 6.2312 7.4367 0.4111
8.5659 6.2312 7.4367 0.4111
8.5659 6.2312 7.4367 0.4111
8.5659 6.2312 7.4367 0.4111
8.5659 6.2312 7.4381 0.4107
8.5659 6.2312 7.4421 0.4090
8.5659 6.2312 7.4421 0.4090
8.5659 6.2312 7.4421 0.4090
8.5659 6.2312 7.4500 0.4131
8.5659 6.2312 7.4624 0.4258
8.5659 6.2312 7.4734 0.4387
8.5659 6.2312 7.4854 0.4252
8.5659 6.2312 7.4854 0.4252
8.5659 6.2312 7.4946 0.4374
8.5659 6.2312 7.4946 0.4374
8.5659 6.2312 7.4946 0.4374
8.5659 6.2312 7.5054 0.4492
8.5659 6.2312 7.5079 0.4493
8.5659 6.2312 7.5079 0.4493
8.5659 6.2312 7.5079 0.4493
8.5659 6.2312 7.5079 0.4493
8.5659 6.2312 7.5116 0.4471
8.5659 6.2312 7.5116 0.4471
8.5659 6.2312 7.5138 0.4473
8.5659 6.2312 7.5188 0.4504
8.5659 6.2312 7.5211 0.4511
8.5659 6.2312 7.5223 0.4510
8.5659 6.2312 7.5223 0.4510
8.5659 6.2312 7.5347 0.4623
8.5659 6.2312 7.5347 0.4623
8.5659 6.2312 7.5359 0.4614
8.5659 6.2312 7.5359 0.4614
8.5659 6.2312 7.5363 0.4612
8.5659 6.2312 7.5363 0.4612
8.5659 6.2312 7.5363 0.4612
8.5659 6.2312 7.5363 0.4612
8.5659 6.2312 7.5475 0.4713
8.5659 6.2312 7.5568 0.4812
8.5659 6.2312 7.5568 0.4812
8.5659 6.2312 7.5575 0.4811
8.5659 6.2312 7.5698 0.4761
8.5659 6.2312 7.5698 0.4761
8.5659 6.2312 7.5709 0.4756
8.5659 6.2312 7.5709 0.4756
8.5659 6.2312 7.5713 0.4755
8.5659 6.2312 7.5728 0.4753
8.5659 6.2312 7.5871 0.4822
8.5659 6.2312 7.5905 0.4805
8.5659 6.2312 7.5924 0.4792
8.5659 6.2312 7.5930 0.4791
8.5659 6.2312 7.5998 0.4808
8.5659 6.2312 7.6018 0.4804
8.5659 6.2312 7.6018 0.4804
8.5659 6.2312 7.6027 0.4801
8.5659 6.2312 7.6124 0.4896
8.5659 6.2312 7.6124 0.4896
8.5659 6.2312 7.6145 0.4900
8.5659 6.2312 7.6145 0.4900
8.5659 6.2312 7.6145 0.4900
8.5659 6.2312 7.6145 0.4900
8.5659 6.2312 7.6241 0.4811
8.5659 6.2312 7.6241 0.4811
8.5659 6.2312 7.6305 0.4788
8.5659 6.2312 7.6385 0.4797
8.5659 6.2312 7.6437 0.4770
8.5659 6.2312 7.6484 0.4735
8.5659 6.2312 7.6484 0.4735
8.5659 6.2312 7.6484 0.4735
8.5659 6.2312 7.6484 0.4735
8.5659 6.2312 7.6484 0.4735
8.5659 6.2312 7.6486 0.4735
8.5659 6.2312 7.6493 0.4734
8.5659 6.2312 7.6504 0.4745
8.5659 6.2312 7.6596 0.4820
8.5659 6.2312 7.6722 0.4880
8.5659 6.2312 7.6722 0.4880
8.5659 6.2312 7.6817 0.4959
8.5659 6.2312 7.6817 0.4959
8.5659 6.2312 7.6817 0.4959
8.5659 6.2312 7.6817 0.4959
8.5659 6.2312 7.6824 0.4958
8.5659 6.2312 7.6824 0.4958
8.5659 6.2312 7.6833 0.4954
8.5659 6.2312 7.6833 0.4954
8.5659 6.2312 7.6833 0.4954
8.5659 6.2312 7.6833 0.4954
8.5659 6.2312 7.6839 0.4965
8.5659 6.2312 7.6845 0.4963
8.5659 6.2312 7.6849 0.4962
8.5659 6.2312 7.6849 0.4962
8.5659 6.2312 7.6849 0.4962
8.5659 6.2312 7.6849 0.4962
8.5659 6.2312 7.6902 0.4923
8.5659 6.2312 7.7026 0.4986
8.5659 6.2312 7.7026 0.4986
8.5659 6.2312 7.7033 0.4984
8.5659 6.2312 7.7033 0.4984
8.5659 6.2312 7.7033 0.4984
8.5659 6.2312 7.7168 0.5020
8.5659 6.2312 7.7260 0.5090
8.5659 6.2312 7.7312 0.5097
8.5659 6.4967 7.7415 0.4892
8.5659 6.4967 7.7434 0.4883
8.5659 6.4967 7.7434 0.4883
8.5659 6.4967 7.7434 0.4883
8.5659 6.4967 7.7471 0.4871
8.5659 6.4967 7.7471 0.4871
8.5659 6.4967 7.7571 0.4927
8.5659 6.4967 7.7571 0.4927
8.5659 6.4967 7.7624 0.4961
8.5659 6.4967 7.7624 0.4961
8.5659 6.4967 7.7643 0.4950
8.5659 6.4967 7.7643 0.4950
8.5659 6.4967 7.7643 0.4950
8.5659 6.4967 7.7662 0.4933
8.5659 6.4967 7.7766 0.4990
8.5659 6.4967 7.7766 0.4990
8.5659 6.4967 7.7878 0.5040
8.5659 6.4967 7.7878 0.5040
8.5659 6.4967 7.7896 0.5031
8.5659 6.4967 7.7896 0.5031
8.5659 6.4967 7.8006 0.5078
8.5659 6.4967 7.8006 0.5078
8.5659 6.4967 7.8011 0.5085
8.5659 6.4967 7.8040 0.5082
8.5659 6.4967 7.8183 0.5081
8.5659 6.4967 7.8306 0.5102
8.5659 6.4967 7.8353 0.5144
8.5659 6.4967 7.8353 0.5144
8.5659 6.4967 7.8353 0.5144
8.5659 6.4967 7.8354 0.5144
8.5659 6.4967 7.8354 0.5144
8.5659 6.4967 7.8392 0.5124
8.5659 6.4967 7.8489 0.5169
8.5659 6.4967 7.8562 0.5146
8.5659 6.4967 7.8562 0.5146
8.5659 6.5565 7.8769 0.5009
8.5659 6.5565 7.8769 0.5009
8.5659 6.5565 7.8769 0.5009
8.5659 6.5565 7.8893 0.5025
8.5659 6.5565 7.9007 0.5048
8.5659 6.5565 7.9026 0.5047
8.5659 6.5565 7.9174 0.5023
8.5659 6.5565 7.9174 0.5023
8.5659 6.5565 7.9174 0.5023
8.5659 6.5565 7.9174 0.5023
8.5659 6.5565 7.9182 0.5015
8.5659 6.5565 7.9182 0.5015
8.5659 6.5565 7.9252 0.4972
8.5659 6.5565 7.9252 0.4972
8.5659 6.5565 7.9252 0.4972
8.5659 6.5565 7.9252 0.4972
8.5659 6.5565 7.9252 0.4972
8.5659 6.5565 7.9266 0.4961
8.5659 6.5565 7.9283 0.4953
8.5659 6.5565 7.9283 0.4953
8.5659 6.5565 7.9283 0.4953
8.5659 6.5565 7.9283 0.4953
8.5659 6.5565 7.9283 0.4953
8.5659 6.5565 7.9283 0.4953
8.5659 6.5565 7.9367 0.4944
8.5659 6.5565 7.9377 0.4948
8.5659 6.5565 7.9383 0.4955
8.5659 6.5565 7.9383 0.4955
8.5659 6.5565 7.9383 0.4955
8.5659 6.5565 7.9383 0.4955
8.5659 6.5565 7.9383 0.4955
8.5659 6.5565 7.9475 0.4986
8.5659 6.5565 7.9545 0.4985
8.5659 6.5565 7.9545 0.4985
8.5659 6.5565 7.9545 0.4985
8.5659 6.8798 7.9655 0.4794
8.5659 6.8798 7.9659 0.4799
8.5659 6.8798 7.9692 0.4824
8.5659 6.8798 7.9708 0.4829
8.5659 6.8798 7.9730 0.4809
8.5659 6.8798 7.9730 0.4809
8.5659 6.8798 7.9821 0.4823
8.5659 6.8798 7.9821 0.4823
8.5659 6.8798 7.9821 0.4823
8.5659 6.8798 7.9821 0.4823
8.5659 6.8798 7.9918 0.4842
8.5659 6.8798 7.9918 0.4842
8.5659 6.8798 7.9918 0.4842
8.5659 6.8798 7.9929 0.4829
8.5659 6.8798 8.0026 0.4846
8.5659 6.8798 8.0123 0.4860
8.5659 6.8798 8.0160 0.4843
8.5659 6.8798 8.0177 0.4825
8.5659 6.8798 8.0177 0.4825
8.5659 6.8798 8.0229 0.4800
8.5661 6.8798 8.0229 0.4800
8.5661 6.8798 8.0256 0.4823
8.5661 6.8798 8.0256 0.4823
8.5661 7.2628 8.0364 0.4684
8.5661 7.2628 8.0364 0.4684
8.5661 7.2628 8.0368 0.4688
8.5661 7.2628 8.0368 0.4688
8.5661 7.2628 8.0368 0.4688
8.5661 7.2628 8.0368 0.4688
8.5661 7.2628 8.0368 0.4688
8.5661 7.2628 8.0460 0.4701
8.5661 7.2628 8.0460 0.4701
8.5661 7.2628 8.0460 0.4701
8.5661 7.2628 8.0557 0.4708
8.5661 7.2628 8.0661 0.4705
8.5661 7.2628 8.0665 0.4709
8.5661 7.2628 8.0758 0.4707
8.5661 7.2628 8.0855 0.4707
8.5661 7.2628 8.0855 0.4707
8.5661 7.2628 8.0855 0.4707
8.5661 7.2628 8.0855 0.4707
8.5661 7.2628 8.0859 0.4711
8.5661 7.2628 8.0859 0.4711
8.5661 7.2628 8.0859 0.4711
8.5661 7.2628 8.0954 0.4711
8.5661 7.2628 8.0954 0.4711
8.5661 7.2628 8.1057 0.4699
8.5661 7.2628 8.1057 0.4699
8.5661 7.2628 8.1057 0.4699
8.5661 7.2628 8.1057 0.4699
8.5661 7.2990 8.1091 0.4651
8.5661 7.2990 8.1091 0.4651
8.5661 7.2990 8.1091 0.4651
8.5661 7.2990 8.1091 0.4651
8.5661 7.2990 8.1091 0.4651
8.5661 7.2990 8.1091 0.4651
8.5661 7.2990 8.1112 0.4649
8.5661 7.2990 8.1112 0.4649
8.5661 7.2990 8.1209 0.4642
8.5661 7.2990 8.1209 0.4642
8.5661 7.2990 8.1222 0.4633
8.5661 7.2990 8.1338 0.4597
8.5661 7.2990 8.1338 0.4597
8.5661 7.2990 8.1338 0.4597
8.5661 7.2990 8.1338 0.4597
8.5661 7.2990 8.1454 0.4558
8.5661 7.2990 8.1551 0.4543
8.5661 7.2990 8.1551 0.4543
8.5661 7.2990 8.1656 0.4516
8.5661 7.2990 8.1656 0.4516
8.5661 7.2990 8.1656 0.4516
8.5661 7.2990 8.1656 0.4516
8.5661 7.2990 8.1656 0.4516
8.5661 7.2990 8.1656 0.4516
8.5661 7.2990 8.1674 0.4497
8.5661 7.2990 8.1674 0.4497
8.5661 7.2990 8.1776 0.4461
8.5661 7.2990 8.1892 0.4409
8.5661 7.2990 8.1892 0.4409
8.5661 7.2990 8.1892 0.4409
8.5661 7.2990 8.1892 0.4409
8.5661 7.2990 8.1892 0.4409
8.5661 7.2990 8.1892 0.4409
8.5661 7.2990 8.1892 0.4409
8.5661 7.2990 8.1997 0.4371
8.5661 7.2990 8.2009 0.4358
8.5661 7.2990 8.2099 0.4331
8.5661 7.2990 8.2099 0.4331
8.5661 7.2990 8.2099 0.4331
8.5861 7.3335 8.2228 0.4249
8.5861 7.3335 8.2228 0.4249
8.5861 7.3335 8.2257 0.4228
8.5861 7.3335 8.2341 0.4196
8.5861 7.3335 8.2404 0.4191
8.5861 7.3335 8.2404 0.4191
8.5861 7.3335 8.2404 0.4191
8.5861 7.3335 8.2427 0.4203
8.5861 7.3335 8.2478 0.4211
8.5861 7.3335 8.2478 0.4211
8.5861 7.3335 8.2582 0.4159
8.5861 7.3335 8.2582 0.4159
8.5861 7.3335 8.2582 0.4159
8.5861 7.3335 8.2582 0.4159
8.5861 7.3335 8.2582 0.4159
8.5861 7.3335 8.2629 0.4162
8.5861 7.3335 8.2629 0.4162
8.5861 7.3335 8.2629 0.4162
8.5861 7.3335 8.2629 0.4162
8.5861 7.3335 8.2629 0.4162
8.5861 7.3335 8.2689 0.4162
8.5861 7.3335 8.2788 0.4114
8.5861 7.3335 8.2846 0.4033
8.5861 7.3335 8.2884 0.4021
8.5861 7.3335 8.2884 0.4021
8.5861 7.3335 8.2890 0.4025
8.5861 7.3335 8.2970 0.4000
8.5861 7.3335 8.2970 0.4000
8.5861 7.4041 8.3093 0.3889
8.5861 7.4041 8.3097 0.3892
8.5861 7.4041 8.3097 0.3892
8.5861 7.4041 8.3097 0.3892
8.5861 7.4041 8.3097 0.3892
8.6149 7.4041 8.3182 0.3866
8.6149 7.4041 8.3186 0.3868
8.6149 7.4041 8.3186 0.3868
8.6149 7.4041 8.3186 0.3868
8.6149 7.4041 8.3186 0.3868
8.6149 7.4041 8.3190 0.3870
8.6149 7.4041 8.3266 0.3836
8.6149 7.4041 8.3266 0.3836
8.6149 7.4041 8.3301 0.3842
8.6149 7.4041 8.3419 0.3736
8.6149 7.4041 8.3419 0.3736
8.6149 7.4041 8.3419 0.3736
8.6149 7.4041 8.3419 0.3736
8.6149 7.4041 8.3419 0.3736
8.6149 7.4041 8.3419 0.3736
8.6149 7.4041 8.3494 0.3622
8.6149 7.4041 8.3494 0.3622
8.6149 7.4041 8.3494 0.3622
8.6149 7.4041 8.3494 0.3622
8.6149 7.4041 8.3494 0.3622
8.6149 7.4041 8.3494 0.3622
8.6149 7.4041 8.3494 0.3622
8.6149 7.4041 8.3494 0.3622
8.6149 7.4041 8.3494 0.3622
8.6149 7.4041 8.3591 0.3548
8.6149 7.4041 8.3591 0.3548
8.6149 7.4041 8.3591 0.3548
8.6149 7.4041 8.3596 0.3550
8.6149 7.4041 8.3596 0.3550
8.6149 7.4041 8.3635 0.3551
8.6149 7.4041 8.3635 0.3551
8.6149 7.4041 8.3635 0.3551
8.6149 7.4041 8.3635 0.3551
8.6149 7.4041 8.3639 0.3553
8.6149 7.4041 8.3639 0.3553
8.6149 7.4041 8.3738 0.3475
8.6149 7.4041 8.3829 0.3403
8.6149 7.4041 8.3829 0.3403
8.6149 7.4041 8.3829 0.3403
8.6149 7.4041 8.3829 0.3403
8.6149 7.4041 8.3829 0.3403
8.6149 7.4041 8.3926 0.3314
8.6149 7.4041 8.3933 0.3317
8.6149 7.4041 8.3933 0.3316
8.6149 7.4041 8.3985 0.3302
8.6149 7.4041 8.4043 0.3242
8.6149 7.4041 8.4045 0.3243
8.6149 7.4041 8.4045 0.3243
8.6149 7.4041 8.4045 0.3243
8.6149 7.4041 8.4045 0.3243
8.6149 7.4041 8.4045 0.3243
8.6149 7.4041 8.4072 0.3245
8.6149 7.4041 8.4076 0.3247
8.6149 7.4041 8.4076 0.3247
8.6149 7.4041 8.4097 0.3250
8.6149 7.4041 8.4097 0.3250
8.6149 7.4041 8.4097 0.3250
8.6149 7.4041 8.4097 0.3250
8.6149 7.4041 8.4097 0.3250
8.6149 7.4041 8.4102 0.3252
8.6149 7.4041 8.4102 0.3252
8.6149 7.4041 8.4102 0.3252
8.6149 7.4041 8.4102 0.3252
8.6149 7.4041 8.4102 0.3252
8.6149 7.4041 8.4103 0.3253
8.6149 7.4041 8.4103 0.3253
8.6149 7.4041 8.4104 0.3253
8.6149 7.4041 8.4104 0.3253
8.6149 7.4041 8.4116 0.3258
8.6149 7.4041 8.4189 0.3195
8.6149 7.4041 8.4189 0.3195
8.6149 7.4041 8.4189 0.3195
8.6149 7.4041 8.4190 0.3195
8.6149 7.4041 8.4247 0.3171
8.6149 7.4041 8.4247 0.3171
8.6149 7.4041 8.4344 0.3062
8.6149 7.4041 8.4344 0.3062
8.6149 7.4041 8.4346 0.3063
8.6149 7.4041 8.4346 0.3063
8.6149 7.4041 8.4346 0.3063
8.6149 7.4041 8.4346 0.3063
8.6149 7.4041 8.4346 0.3063
8.6149 7.4041 8.4346 0.3063
8.6149 7.4041 8.4346 0.3063
8.6149 7.4041 8.4443 0.2947
8.6149 7.4041 8.4547 0.2800
8.6149 7.4041 8.4554 0.2802
8.6149 7.4041 8.4554 0.2802
8.6149 7.4041 8.4575 0.2745
8.6149 7.4041 8.4581 0.2746
8.6149 7.4041 8.4617 0.2732
8.6149 7.4041 8.4617 0.2732
8.6149 7.4041 8.4617 0.2732
8.6149 7.4041 8.4617 0.2732
8.6149 7.4041 8.4617 0.2732
8.6149 7.4041 8.4621 0.2733
8.6149 7.4041 8.4623 0.2734
8.6149 7.4041 8.4623 0.2734
8.6149 7.4041 8.4623 0.2734
8.6149 7.4041 8.4623 0.2734
8.6149 7.4041 8.4623 0.2734
8.6149 7.4041 8.4623 0.2734
8.6149 7.4041 8.4699 0.2655
8.6149 7.4041 8.4699 0.2655
8.6149 7.4041 8.4699 0.2655
8.6149 7.4041 8.4699 0.2655
8.6149 7.4041 8.4699 0.2655
8.6149 7.4041 8.4699 0.2655
8.6149 7.4041 8.4699 0.2655
8.6149 7.4041 8.4699 0.2655
8.6149 7.4041 8.4705 0.2657
8.6149 7.4041 8.4705 0.2657
8.6149 7.4041 8.4705 0.2657
8.6149 7.4041 8.4705 0.2657
8.6149 7.4041 8.4705 0.2657
8.6149 7.4041 8.4707 0.2658
8.6149 7.4041 8.4707 0.2658
8.6149 7.4041 8.4711 0.2659
8.6149 7.4041 8.4711 0.2659
8.6149 7.4041 8.4812 0.2434
8.6149 7.4041 8.4812 0.2434
8.6149 7.4041 8.4812 0.2434
8.6149 7.4041 8.4814 0.2435
8.6149 7.4041 8.4814 0.2435
8.6149 7.4041 8.4816 0.2436
8.6149 7.4041 8.4816 0.2436
8.6149 7.4041 8.4816 0.2436
8.6149 7.4041 8.4816 0.2436
8.6149 7.4041 8.4867 0.2298
8.6149 7.4041 8.4869 0.2299
8.6149 7.4041 8.4871 0.2300
8.6149 7.4041 8.4875 0.2301
8.6149 7.4041 8.4875 0.2301
8.6149 7.4041 8.4875 0.2301
8.6149 7.4041 8.4875 0.2301
8.6149 7.4041 8.4875 0.2301
8.6149 7.4041 8.4922 0.2272
8.6149 7.4041 8.4944 0.2269
8.6149 7.4041 8.4944 0.2269
8.6149 7.4041 8.4944 0.2269
8.6149 7.4041 8.4948 0.2270
8.6149 7.4041 8.4952 0.2271
8.6149 7.4041 8.4956 0.2273
8.6149 7.4041 8.4956 0.2273
8.6149 7.4041 8.4956 0.2273
8.6149 7.4041 8.4956 0.2273
8.6149 7.4041 8.4956 0.2273
8.6149 7.4041 8.4956 0.2273
8.6149 7.4041 8.4958 0.2274
8.6149 7.4041 8.4958 0.2274
8.6149 7.4041 8.4964 0.2275
8.6149 7.4041 8.4964 0.2275
8.6149 7.4041 8.4964 0.2275
8.6149 7.4041 8.4964 0.2275
8.6149 7.4041 8.4964 0.2275
8.6149 7.4041 8.4965 0.2276
8.6149 7.4041 8.4965 0.2276
8.6149 7.4041 8.4965 0.2276
8.6149 7.4041 8.4970 0.2276
8.6149 7.4041 8.5061 0.2113
8.6149 7.4041 8.5137 0.1993
8.6149 7.4041 8.5137 0.1993
8.6149 7.4041 8.5137 0.1993
8.6149 7.4041 8.5140 0.1994
8.6149 7.4041 8.5140 0.1994
8.6149 7.4041 8.5144 0.1996
8.6149 7.4041 8.5144 0.1996
8.6149 7.4041 8.5236 0.1769
8.6149 7.4041 8.5236 0.1769
8.6149 7.4041 8.5236 0.1769
8.6149 7.4041 8.5236 0.1769
8.6149 7.4041 8.5236 0.1769
8.6149 7.4041 8.5238 0.1770
8.6149 7.4041 8.5238 0.1770
8.6149 7.4041 8.5238 0.1770
8.6149 7.4041 8.5298 0.1678
8.6149 7.4041 8.5298 0.1678
8.6149 7.4041 8.5298 0.1678
8.6149 7.4041 8.5300 0.1678
8.6149 7.4041 8.5300 0.1678
8.6149 7.4041 8.5300 0.1678
8.6149 7.4041 8.5300 0.1678
8.6149 7.4041 8.5300 0.1678
8.6149 7.4041 8.5300 0.1678
8.6149 7.4041 8.5302 0.1679
8.6149 7.4041 8.5302 0.1679
8.6149 7.4041 8.5354 0.1613
8.6149 7.4041 8.5354 0.1613
8.6149 7.4041 8.5356 0.1613
8.6149 7.4041 8.5357 0.1613
8.6149 7.4041 8.5357 0.1613
8.6149 7.4041 8.5357 0.1613
8.6149 7.4041 8.5357 0.1613
8.6149 7.4041 8.5357 0.1613
8.6149 7.4041 8.5359 0.1614
8.6149 7.4041 8.5364 0.1614
8.6149 7.4041 8.5366 0.1615
8.6149 7.4041 8.5366 0.1615
8.6149 7.4041 8.5366 0.1615
8.6149 7.4041 8.5366 0.1615
8.6149 7.4041 8.5366 0.1615
8.6149 7.4041 8.5366 0.1615
8.6149 7.4041 8.5366 0.1615
8.6149 7.4041 8.5366 0.1615
8.6149 7.4041 8.5366 0.1615
8.6149 7.4041 8.5366 0.1615
8.6149 7.4041 8.5368 0.1615
8.6149 7.4041 8.5368 0.1615
8.6149 7.4041 8.5369 0.1616
8.6149 7.4041 8.5370 0.1616
8.6149 7.4041 8.5370 0.1616
8.6149 7.4041 8.5370 0.1616
8.6149 7.4041 8.5371 0.1616
8.6149 7.4041 8.5373 0.1617
8.6149 7.4041 8.5373 0.1617
8.6149 7.4041 8.5376 0.1618
8.6149 7.4041 8.5376 0.1618
8.6149 7.4041 8.5376 0.1618
8.6149 7.4041 8.5376 0.1618
8.6149 7.4041 8.5376 0.1618
8.6149 7.4041 8.5376 0.1618
8.6149 7.4041 8.5376 0.1618
8.6149 7.4041 8.5376 0.1618
8.6149 7.4041 8.5377 0.1618
8.6149 7.4041 8.5383 0.1619
8.6149 7.4041 8.5385 0.1619
8.6149 7.4041 8.5385 0.1619
8.6149 7.4041 8.5386 0.1620
8.6149 7.4041 8.5386 0.1620
8.6149 7.4041 8.5391 0.1620
8.6149 7.7466 8.5507 0.1150
8.6149 7.7466 8.5507 0.1150
8.6149 7.7466 8.5514 0.1149
8.6149 7.7466 8.5514 0.1149
8.6149 7.7466 8.5514 0.1149
8.6149 7.7466 8.5537 0.1132
8.6149 7.7466 8.5537 0.1132
8.6149 7.7466 8.5537 0.1132
8.6149 7.7466 8.5537 0.1132
8.6149 7.7466 8.5539 0.1132
8.6149 7.7466 8.5547 0.1133
8.6149 7.7466 8.5547 0.1133
8.6149 7.7466 8.5547 0.1133
8.6149 7.7466 8.5549 0.1133
8.6149 7.7466 8.5549 0.1133
8.6149 7.7466 8.5591 0.1064
8.6149 7.7466 8.5593 0.1065
8.6149 7.7466 8.5595 0.1065
8.6149 7.7466 8.5595 0.1065
8.6149 7.7466 8.5596 0.1066
8.6149 7.7466 8.5596 0.1066
8.6149 7.7466 8.5596 0.1066
8.6149 7.7466 8.5596 0.1066
8.6188 7.7466 8.5600 0.1067
8.6188 7.7466 8.5603 0.1068
8.6188 7.7466 8.5603 0.1068
8.6188 7.7466 8.5607 0.1069
8.6188 7.7466 8.5622 0.1058
8.6188 7.7466 8.5625 0.1059
8.6188 7.7466 8.5625 0.1059
8.6188 7.7466 8.5627 0.1059
8.6188 7.7466 8.5629 0.1060
8.6188 7.7466 8.5691 0.0872
8.6188 7.7466 8.5691 0.0872
8.6188 7.7466 8.5691 0.0873
8.6188 7.7466 8.5691 0.0873
8.6188 7.7466 8.5713 0.0844
8.6188 7.7466 8.5713 0.0844
8.6188 7.7466 8.5713 0.0844
8.6188 7.7466 8.5715 0.0845
8.6188 7.7466 8.5715 0.0845
8.6188 7.7466 8.5715 0.0845
8.6188 7.7466 8.5719 0.0846
8.6188 7.7466 8.5719 0.0846
8.6188 7.7466 8.5723 0.0846
8.6188 7.7466 8.5725 0.0846
8.6188 7.7466 8.5725 0.0846
8.6188 7.7466 8.5725 0.0846
8.6188 7.7466 8.5727 0.0846
8.6201 7.7466 8.5732 0.0848
8.6201 7.7466 8.5732 0.0848
8.6201 7.7466 8.5734 0.0848
8.6201 7.7466 8.5734 0.0848
8.6201 7.7466 8.5734 0.0848
8.6366 7.7466 8.5743 0.0851
8.6366 7.7466 8.5746 0.0851
8.6366 7.7466 8.5746 0.0851
8.6366 7.7466 8.5746 0.0851
8.6366 7.7466 8.5748 0.0851
8.6366 7.7466 8.5748 0.0851
8.6366 7.7466 8.5748 0.0851
8.6366 7.7466 8.5748 0.0851
8.6366 7.7466 8.5752 0.0852
8.6366 7.7466 8.5753 0.0852
8.6366 7.7466 8.5753 0.0852
8.6366 7.7466 8.5755 0.0852
8.6366 7.7466 8.5755 0.0852
8.6366 7.7466 8.5757 0.0853
8.6366 7.7466 8.5757 0.0853
8.6366 7.7466 8.5757 0.0853
8.6366 7.7466 8.5757 0.0853
8.6366 7.7466 8.5759 0.0853
8.6366 7.7466 8.5763 0.0853
8.6366 7.7466 8.5765 0.0854
8.6366 7.7466 8.5765 0.0854
8.6366 7.7466 8.5771 0.0852
8.6366 7.7466 8.5771 0.0852
8.6366 7.7466 8.5771 0.0852
8.6366 7.7466 8.5771 0.0852
8.6366 7.7466 8.5773 0.0853
8.6366 7.7466 8.5773 0.0853
8.6366 7.7466 8.5774 0.0853
8.6366 7.7466 8.5776 0.0853
8.6366 7.7466 8.5780 0.0854
8.6366 7.7466 8.5780 0.0854
8.6366 7.7466 8.5780 0.0854
8.6366 7.7466 8.5781 0.0854
8.6366 7.7466 8.5786 0.0855
8.8592 7.7466 8.5816 0.0899
8.8592 7.7466 8.5831 0.0913
8.8592 7.7466 8.5833 0.0913
8.8592 7.7466 8.5833 0.0913
8.8592 7.7466 8.5835 0.0913
8.8592 7.7466 8.5839 0.0913
8.8592 7.7466 8.5864 0.0954
8.8592 7.7466 8.5868 0.0953
8.8592 7.7466 8.5872 0.0953
8.8592 7.7466 8.5872 0.0953
8.8592 7.7466 8.5873 0.0953
8.8592 7.7466 8.5873 0.0953
8.8592 7.7466 8.5873 0.0953
8.8592 7.7466 8.5873 0.0953
8.8592 7.7466 8.5873 0.0953
8.8592 7.7466 8.5873 0.0953
8.8592 7.7466 8.5873 0.0953
8.8592 7.7466 8.5873 0.0953
8.8592 7.7466 8.5873 0.0953
8.8592 7.7466 8.5873 0.0953
8.8592 7.7466 8.5875 0.0954
8.8592 7.7466 8.5878 0.0954
8.8592 7.7466 8.5882 0.0953
8.8592 7.7466 8.5882 0.0953
8.8592 7.7466 8.5882 0.0953
8.8592 7.7466 8.5882 0.0953
8.8592 7.7466 8.5883 0.0954
8.8592 7.7466 8.5883 0.0954
8.8592 7.7466 8.5885 0.0954
8.8592 7.7466 8.5887 0.0954
8.8592 7.7466 8.5887 0.0954
8.8592 7.7466 8.5887 0.0954
8.8592 7.7466 8.5887 0.0954
8.8592 7.7466 8.5893 0.0954
8.8592 7.7466 8.5893 0.0954
8.8592 7.7466 8.5893 0.0954
8.8592 7.7466 8.5894 0.0954
8.8592 7.7466 8.5894 0.0954
8.8592 7.7466 8.5895 0.0954
8.8592 7.7466 8.5896 0.0954
8.8592 7.7466 8.5898 0.0954
8.8592 7.7466 8.5898 0.0954
8.8592 7.7466 8.5899 0.0954
8.8592 7.7466 8.5899 0.0954
8.8592 7.7466 8.5901 0.0954
8.8592 7.7466 8.5901 0.0954
8.8592 7.7466 8.5905 0.0954
8.8592 7.7466 8.5905 0.0954
8.8592 7.7466 8.5905 0.0954
8.8592 7.7466 8.5905 0.0954
8.8592 7.7466 8.5905 0.0954
8.8592 7.7466 8.5907 0.0954
8.8592 7.7466 8.5907 0.0954
8.8592 7.7466 8.5910 0.0955
8.8592 7.7466 8.5910 0.0955
8.8592 7.7466 8.5914 0.0954
8.8592 7.7466 8.5914 0.0954
8.8592 7.7466 8.5914 0.0954
8.8592 7.7466 8.5920 0.0955
8.8592 7.7466 8.5920 0.0955
8.8592 7.7466 8.5921 0.0955
8.8592 7.7466 8.5922 0.0955
8.8592 7.7466 8.5922 0.0955
8.8592 7.7466 8.5922 0.0955
8.8592 7.7466 8.5924 0.0954
8.8592 7.7466 8.5924 0.0954
8.8592 7.7466 8.5924 0.0954
8.8592 7.7466 8.5941 0.0972
8.8592 7.7466 8.5941 0.0972
8.8592 7.7466 8.5941 0.0972
8.8592 8.5659 8.6027 0.0467
8.8592 8.5659 8.6027 0.0467
8.8592 8.5659 8.6030 0.0467
8.8592 8.5659 8.6030 0.0467
8.8592 8.5659 8.6030 0.0467
8.8592 8.5659 8.6030 0.0467
8.8592 8.5659 8.6030 0.0467
8.8592 8.5659 8.6032 0.0468
8.8592 8.5659 8.6032 0.0468
8.8592 8.5659 8.6032 0.0468
8.8592 8.5659 8.6032 0.0468
8.8592 8.5659 8.6032 0.0468
8.8592 8.5659 8.6035 0.0468
8.8592 8.5659 8.6035 0.0468
8.8592 8.5659 8.6038 0.0467
8.8592 8.5659 8.6043 0.0466
8.8592 8.5659 8.6045 0.0466
8.8592 8.5659 8.6045 0.0466
8.8592 8.5659 8.6074 0.0529
8.8592 8.5659 8.6074 0.0529
8.8592 8.5659 8.6074 0.0529
8.8592 8.5659 8.6074 0.0529
8.8592 8.5659 8.6077 0.0527
8.8592 8.5659 8.6078 0.0527
8.8592 8.5659 8.6078 0.0527
8.8592 8.5659 8.6078 0.0527
8.8592 8.5659 8.6079 0.0527
8.8592 8.5659 8.6080 0.0527
8.8592 8.5659 8.6082 0.0528
8.8592 8.5659 8.6082 0.0528
8.8592 8.5659 8.6082 0.0528
8.8592 8.5659 8.6082 0.0528
8.8592 8.5659 8.6082 0.0528
8.8592 8.5659 8.6082 0.0528
8.8592 8.5659 8.6082 0.0528
8.8592 8.5659 8.6082 0.0528
8.8592 8.5659 8.6082 0.0528
8.8592 8.5659 8.6084 0.0527
8.8592 8.5659 8.6084 0.0527
8.8592 8.5659 8.6086 0.0527
8.8592 8.5659 8.6086 0.0527
8.8592 8.5659 8.6090 0.0529
8.8592 8.5659 8.6095 0.0528
8.8592 8.5659 8.6095 0.0528
8.8592 8.5659 8.6095 0.0528
8.8592 8.5659 8.6096 0.0528
8.8592 8.5659 8.6098 0.0527
8.8592 8.5659 8.6098 0.0527
8.8592 8.5659 8.6098 0.0527
8.8592 8.5659 8.6098 0.0527
8.8592 8.5659 8.6100 0.0526
8.8592 8.5659 8.6102 0.0526
8.8592 8.5659 8.6102 0.0526
8.8592 8.5659 8.6102 0.0526
8.8592 8.5659 8.6102 0.0526
8.8592 8.5659 8.6103 0.0525
8.8592 8.5659 8.6105 0.0525
8.8592 8.5659 8.6105 0.0525
8.8592 8.5659 8.6105 0.0525
8.8592 8.5659 8.6105 0.0525
8.8592 8.5659 8.6108 0.0525
8.8592 8.5659 8.6108 0.0525
8.8592 8.5659 8.6110 0.0525
8.8592 8.5659 8.6110 0.0525
8.8592 8.5659 8.6110 0.0525
8.8592 8.5659 8.6114 0.0523
8.8592 8.5659 8.6115 0.0523
8.8592 8.5659 8.6121 0.0521
8.8592 8.5659 8.6121 0.0521
8.8592 8.5659 8.6121 0.0521
8.8592 8.5659 8.6121 0.0521
8.8592 8.5659 8.6121 0.0521
8.8592 8.5659 8.6121 0.0521
8.8592 8.5659 8.6121 0.0521
8.8592 8.5659 8.6124 0.0520
8.8592 8.5659 8.6124 0.0520
8.8592 8.5659 8.6126 0.0520
8.8592 8.5659 8.6126 0.0520
8.8592 8.5659 8.6126 0.0520
8.8592 8.5659 8.6131 0.0518
8.8592 8.5659 8.6131 0.0518
8.8592 8.5659 8.6155 0.0573
8.8592 8.5659 8.6157 0.0573
8.8592 8.5659 8.6184 0.0621
8.8592 8.5659 8.6188 0.0620
8.8592 8.5659 8.6192 0.0618
8.8592 8.5659 8.6192 0.0618
8.8592 8.5659 8.6192 0.0618
8.8592 8.5659 8.6194 0.0618
8.8946 8.5659 8.6223 0.0676
8.8946 8.5659 8.6223 0.0676
8.8946 8.5659 8.6227 0.0676
8.8946 8.5659 8.6228 0.0675
8.8946 8.5659 8.6229 0.0675
8.8946 8.5659 8.6230 0.0674
8.8946 8.5659 8.6232 0.0674
8.8946 8.5659 8.6234 0.0674
8.8946 8.5659 8.6234 0.0674
8.8946 8.5659 8.6234 0.0674
8.8946 8.5659 8.6236 0.0673
8.8946 8.5659 8.6236 0.0673
8.8946 8.5659 8.6237 0.0673
8.8946 8.5659 8.6237 0.0673
8.8946 8.5659 8.6237 0.0673
8.8946 8.5659 8.6237 0.0673
8.8946 8.5659 8.6237 0.0673
8.8946 8.5659 8.6239 0.0673
8.8946 8.5659 8.6241 0.0673
8.8946 8.5659 8.6241 0.0673
8.8946 8.5659 8.6241 0.0673
8.8946 8.5659 8.6241 0.0673
8.8946 8.5659 8.6245 0.0673
8.8946 8.5659 8.6246 0.0673
8.8946 8.5659 8.6271 0.0712
8.8946 8.5659 8.6295 0.0748
8.8946 8.5659 8.6295 0.0748
8.8946 8.5659 8.6321 0.0782
8.8946 8.5659 8.6329 0.0780
8.8946 8.5659 8.6333 0.0781
8.8946 8.5659 8.6335 0.0780
8.8946 8.5659 8.6338 0.0779
8.8946 8.5659 8.6338 0.0779
8.8946 8.5659 8.6338 0.0779
8.8946 8.5659 8.6338 0.0779
8.8946 8.5659 8.6342 0.0778
8.8946 8.5659 8.6344 0.0777
8.8946 8.5659 8.6349 0.0774
8.8946 8.5659 8.6349 0.0774
8.8946 8.5659 8.6376 0.0804
8.8946 8.5659 8.6376 0.0804
8.8946 8.5659 8.6378 0.0804
8.8946 8.5659 8.6384 0.0801
8.8946 8.5659 8.6384 0.0800
8.8946 8.5659 8.6384 0.0800
8.8946 8.5659 8.6384 0.0800
8.8946 8.5659 8.6388 0.0798
8.8946 8.5659 8.6412 0.0827
8.8946 8.5659 8.6412 0.0827
8.8946 8.5659 8.6414 0.0827
8.8946 8.5659 8.6415 0.0826
8.8946 8.5659 8.6415 0.0826
8.8946 8.5659 8.6417 0.0826
8.8946 8.5659 8.6417 0.0826
8.8946 8.5659 8.6441 0.0853
8.8946 8.5659 8.6441 0.0853
8.8946 8.5659 8.6441 0.0853
8.8946 8.5659 8.6444 0.0852
8.8946 8.5659 8.6475 0.0885
8.8946 8.5659 8.6480 0.0882
8.8946 8.5659 8.6483 0.0880
8.8946 8.5659 8.6489 0.0881
8.8946 8.5659 8.6493 0.0878
8.8946 8.5659 8.6493 0.0878
8.8946 8.5659 8.6496 0.0876
8.8946 8.5659 8.6516 0.0901
8.8946 8.5659 8.6516 0.0901
8.8946 8.5659 8.6516 0.0901
8.8946 8.5659 8.6544 0.0927
8.8946 8.5659 8.6568 0.0948
8.8946 8.5659 8.6568 0.0948
8.8946 8.5659 8.6568 0.0948
8.8946 8.5659 8.6572 0.0945
8.8946 8.5659 8.6572 0.0945
8.8946 8.5659 8.6572 0.0945
8.8946 8.5659 8.6596 0.0965
8.8946 8.5659 8.6596 0.0965
8.8946 8.5659 8.6596 0.0965
8.8946 8.5659 8.6596 0.0965
8.8946 8.5659 8.6596 0.0965
8.8946 8.5659 8.6596 0.0965
8.8946 8.5659 8.6596 0.0965
8.8946 8.5659 8.6621 0.0984
8.8946 8.5659 8.6621 0.0984
8.8946 8.5659 8.6621 0.0984
8.8946 8.5659 8.6645 0.1002
8.8946 8.5659 8.6645 0.1002
8.8946 8.5659 8.6645 0.1002
8.8946 8.5659 8.6645 0.1002
8.8946 8.5659 8.6645 0.1002
8.8946 8.5659 8.6673 0.1027
8.8946 8.5659 8.6698 0.1047
8.8946 8.5659 8.6698 0.1047
8.8946 8.5659 8.6701 0.1046
8.8946 8.5659 8.6701 0.1046
8.8946 8.5659 8.6709 0.1058
8.8946 8.5659 8.6709 0.1058
8.8946 8.5659 8.6738 0.1079
8.8946 8.5659 8.6739 0.1079
8.8946 8.5659 8.6739 0.1079
8.8946 8.5659 8.6739 0.1079
8.8946 8.5659 8.6739 0.1079
8.8946 8.5659 8.6743 0.1085
8.8946 8.5659 8.6744 0.1084
8.8946 8.5659 8.6770 0.1097
8.8946 8.5659 8.6798 0.1108
8.8946 8.5659 8.6803 0.1104
8.8946 8.5659 8.6803 0.1104
8.8946 8.5709 8.6808 0.1099
8.8946 8.5709 8.6808 0.1099
8.8946 8.5709 8.6808 0.1099
8.8946 8.5709 8.6808 0.1099
8.8946 8.5709 8.6808 0.1099
8.8946 8.5709 8.6810 0.1098
8.8946 8.5709 8.6834 0.1111
8.8946 8.5709 8.6834 0.1111
8.8946 8.5709 8.6858 0.1123
8.8946 8.5709 8.6862 0.1129
8.8946 8.5819 8.6894 0.1141
8.8946 8.5819 8.6900 0.1137
8.8946 8.5819 8.6900 0.1137
8.8946 8.5819 8.6903 0.1135
8.8946 8.5819 8.6904 0.1135
8.8969 8.5819 8.6906 0.1138
8.8969 8.5819 8.6906 0.1138
8.8969 8.5819 8.6906 0.1138
8.8969 8.5819 8.6929 0.1148
8.8969 8.5819 8.6929 0.1148
8.8969 8.5819 8.6955 0.1157
8.8969 8.5819 8.6958 0.1155
8.8969 8.5819 8.6958 0.1155
8.8969 8.5819 8.6983 0.1163
8.8969 8.5819 8.6983 0.1163
8.8969 8.5819 8.6983 0.1163
8.8969 8.5819 8.6983 0.1163
8.8969 8.5819 8.6983 0.1163
8.8969 8.5819 8.6983 0.1163
8.8969 8.5819 8.6983 0.1163
8.8969 8.5819 8.6983 0.1163
8.8969 8.5819 8.6983 0.1163
8.8969 8.5819 8.6983 0.1163
8.8969 8.5861 8.6986 0.1161
8.8969 8.5861 8.6987 0.1159
8.8969 8.5861 8.6987 0.1159
8.8969 8.5861 8.6987 0.1159
8.8969 8.5861 8.7000 0.1158
8.8969 8.5861 8.7000 0.1158
8.8969 8.5861 8.7025 0.1164
8.8969 8.5861 8.7025 0.1164
8.8969 8.5861 8.7025 0.1164
8.8969 8.5861 8.7025 0.1164
8.8969 8.5861 8.7056 0.1182
8.8969 8.5861 8.7070 0.1178
8.8969 8.5861 8.7070 0.1178
8.8969 8.5861 8.7095 0.1191
8.8969 8.5861 8.7095 0.1191
8.8969 8.5861 8.7123 0.1195
8.8969 8.5861 8.7123 0.1195
8.8969 8.5861 8.7147 0.1200
8.8969 8.5861 8.7151 0.1205
8.8969 8.5861 8.7178 0.1214
8.8969 8.5861 8.7178 0.1214
8.8969 8.5861 8.7178 0.1214
8.8969 8.5861 8.7178 0.1214
8.8969 8.5861 8.7178 0.1214
8.8969 8.5861 8.7209 0.1220
8.9131 8.5861 8.7213 0.1225
8.9131 8.5861 8.7213 0.1225
8.9131 8.5861 8.7236 0.1228
8.9131 8.5861 8.7237 0.1228
8.9131 8.5861 8.7240 0.1233
8.9131 8.5861 8.7264 0.1243
8.9131 8.5861 8.7269 0.1238
8.9131 8.5861 8.7269 0.1238
8.9131 8.5861 8.7269 0.1238
8.9131 8.5861 8.7269 0.1238
8.9131 8.5861 8.7271 0.1237
8.9131 8.5861 8.7275 0.1234
8.9131 8.5861 8.7304 0.1239
8.9131 8.5861 8.7307 0.1243
8.9131 8.5861 8.7307 0.1243
8.9131 8.5861 8.7307 0.1243
8.9131 8.5861 8.7311 0.1247
8.9131 8.5861 8.7311 0.1247
8.9131 8.5861 8.7315 0.1244
8.9131 8.5861 8.7322 0.1238
8.9131 8.5861 8.7346 0.1239
8.9131 8.5861 8.7370 0.1240
8.9131 8.5861 8.7370 0.1240
8.9131 8.5861 8.7370 0.1240
8.9131 8.5861 8.7370 0.1240
8.9131 8.5861 8.7371 0.1239
8.9131 8.5861 8.7375 0.1243
8.9131 8.5861 8.7375 0.1243
8.9131 8.5861 8.7375 0.1243
8.9131 8.5861 8.7375 0.1243
8.9131 8.5861 8.7375 0.1243
8.9131 8.5861 8.7375 0.1243
8.9131 8.5861 8.7375 0.1243
8.9131 8.5861 8.7375 0.1243
8.9131 8.5861 8.7375 0.1243
8.9313 8.5861 8.7406 0.1252
8.9313 8.5861 8.7406 0.1252
8.9313 8.5861 8.7406 0.1252
8.9313 8.5861 8.7433 0.1255
8.9313 8.5861 8.7463 0.1256
8.9313 8.5861 8.7463 0.1256
8.9313 8.5861 8.7493 0.1263
8.9313 8.5861 8.7493 0.1263
8.9313 8.5861 8.7493 0.1263
8.9313 8.5861 8.7493 0.1263
8.9313 8.5861 8.7497 0.1259
8.9313 8.5861 8.7497 0.1259
8.9313 8.5861 8.7522 0.1255
8.9313 8.5861 8.7522 0.1255
8.9313 8.5861 8.7522 0.1255
8.9313 8.5861 8.7526 0.1258
8.9313 8.5861 8.7532 0.1266
8.9313 8.5861 8.7532 0.1266
8.9313 8.5861 8.7557 0.1269
8.9313 8.5861 8.7557 0.1269
8.9313 8.5861 8.7557 0.1269
8.9313 8.5861 8.7557 0.1269
8.9313 8.5861 8.7557 0.1269
8.9313 8.5861 8.7557 0.1269
8.9313 8.5861 8.7561 0.1265
8.9619 8.5861 8.7571 0.1280
8.9619 8.5861 8.7571 0.1280
8.9619 8.5861 8.7595 0.1283
8.9619 8.5861 8.7595 0.1283
8.9619 8.5861 8.7598 0.1286
8.9619 8.5861 8.7599 0.1286
8.9619 8.5861 8.7624 0.1280
8.9619 8.5861 8.7624 0.1280
8.9619 8.5861 8.7624 0.1280
8.9619 8.5861 8.7624 0.1280
8.9619 8.5861 8.7647 0.1277
8.9619 8.5861 8.7647 0.1277
8.9619 8.5861 8.7675 0.1275
8.9619 8.5861 8.7675 0.1275
8.9619 8.5861 8.7698 0.1276
8.9619 8.5861 8.7726 0.1273
8.9619 8.5861 8.7754 0.1268
8.9619 8.5861 8.7780 0.1262
8.9619 8.5861 8.7780 0.1262
8.9619 8.5861 8.7785 0.1266
8.9619 8.5861 8.7812 0.1262
8.9619 8.5861 8.7816 0.1266
8.9619 8.5861 8.7840 0.1265
8.9619 8.5861 8.7840 0.1265
8.9619 8.5861 8.7843 0.1269
8.9619 8.5861 8.7843 0.1269
8.9619 8.5861 8.7843 0.1269
8.9619 8.5861 8.7843 0.1269
8.9619 8.5861 8.7871 0.1263
8.9619 8.5861 8.7871 0.1263
8.9619 8.5861 8.7886 0.1268
8.9619 8.5861 8.7890 0.1271
8.9619 8.5861 8.7890 0.1271
8.9619 8.5861 8.7894 0.1274
8.9619 8.5861 8.7925 0.1271
8.9619 8.5861 8.7925 0.1271
8.9619 8.5861 8.7952 0.1264
8.9619 8.5861 8.7979 0.1256
8.9619 8.5861 8.7986 0.1263
8.9619 8.5861 8.7986 0.1263
8.9619 8.5861 8.7986 0.1263
8.9619 8.5861 8.8009 0.1252
8.9619 8.5861 8.8025 0.1254
8.9619 8.5861 8.8029 0.1250
8.9619 8.5861 8.8029 0.1250
8.9619 8.5861 8.8029 0.1249
8.9619 8.5861 8.8029 0.1249
8.9619 8.5861 8.8029 0.1249
8.9619 8.5861 8.8029 0.1249
8.9619 8.5861 8.8058 0.1236
8.9619 8.5861 8.8058 0.1236
8.9619 8.5861 8.8058 0.1236
8.9619 8.5861 8.8058 0.1236
8.9619 8.5861 8.8066 0.1243
8.9619 8.5861 8.8066 0.1243
8.9619 8.5861 8.8066 0.1243
8.9619 8.5861 8.8066 0.1243
8.9619 8.5861 8.8066 0.1243
8.9619 8.5861 8.8070 0.1247
8.9619 8.5861 8.8104 0.1242
8.9619 8.5861 8.8140 0.1234
8.9619 8.5861 8.8140 0.1234
8.9619 8.5861 8.8140 0.1234
8.9619 8.5861 8.8147 0.1238
8.9619 8.5861 8.8147 0.1238
8.9619 8.5861 8.8147 0.1238
8.9619 8.5861 8.8147 0.1238
8.9619 8.5861 8.8147 0.1239
8.9619 8.5861 8.8147 0.1239
8.9619 8.5861 8.8147 0.1239
8.9619 8.5861 8.8147 0.1239
8.9619 8.5861 8.8147 0.1239
8.9619 8.5861 8.8171 0.1224
8.9619 8.5861 8.8171 0.1224
8.9619 8.5861 8.8212 0.1222
8.9619 8.5861 8.8212 0.1222
8.9619 8.5861 8.8212 0.1222
8.9619 8.5861 8.8212 0.1222
8.9619 8.5861 8.8212 0.1222
8.9619 8.5861 8.8216 0.1225
8.9619 8.5861 8.8241 0.1222
8.9619 8.5861 8.8241 0.1222
8.9619 8.5861 8.8271 0.1210
8.9619 8.5861 8.8274 0.1211
8.9619 8.5861 8.8274 0.1210
8.9619 8.5861 8.8274 0.1210
8.9619 8.5861 8.8285 0.1217
8.9619 8.5861 8.8289 0.1211
8.9619 8.5861 8.8290 0.1211
8.9619 8.5861 8.8295 0.1214
8.9619 8.5861 8.8299 0.1216
8.9619 8.5861 8.8305 0.1221
8.9619 8.5861 8.8305 0.1221
8.9619 8.5861 8.8305 0.1221
8.9619 8.5861 8.8332 0.1205
8.9619 8.5861 8.8332 0.1205
8.9619 8.5861 8.8357 0.1193
8.9619 8.5861 8.8357 0.1193
8.9619 8.5861 8.8363 0.1198
8.9619 8.5861 8.8363 0.1198
8.9619 8.5861 8.8368 0.1200
8.9619 8.5861 8.8368 0.1200
8.9619 8.5861 8.8368 0.1200
8.9619 8.5861 8.8368 0.1200
8.9619 8.5861 8.8372 0.1201
8.9619 8.5861 8.8406 0.1187
8.9762 8.5861 8.8407 0.1189
8.9762 8.5861 8.8407 0.1189
8.9762 8.5861 8.8407 0.1189
8.9762 8.5861 8.8434 0.1178
8.9762 8.5861 8.8434 0.1178
8.9762 8.5861 8.8434 0.1178
8.9762 8.5861 8.8436 0.1178
8.9762 8.5861 8.8436 0.1178
8.9762 8.5861 8.8439 0.1179
8.9762 8.5861 8.8439 0.1179
8.9762 8.5861 8.8443 0.1180
8.9762 8.5861 8.8443 0.1180
8.9762 8.5861 8.8443 0.1180
8.9762 8.5861 8.8445 0.1182
8.9762 8.5861 8.8445 0.1182
8.9762 8.5861 8.8452 0.1186
8.9762 8.5861 8.8452 0.1186
8.9762 8.6042 8.8490 0.1163
8.9762 8.6042 8.8513 0.1142
8.9762 8.6042 8.8513 0.1142
8.9762 8.6042 8.8517 0.1135
8.9762 8.6042 8.8544 0.1111
8.9762 8.6042 8.8544 0.1111
8.9762 8.6042 8.8548 0.1113
8.9762 8.6042 8.8571 0.1097
8.9762 8.6042 8.8571 0.1097
8.9762 8.6042 8.8571 0.1097
8.9762 8.6042 8.8595 0.1071
8.9762 8.6042 8.8595 0.1071
8.9762 8.6042 8.8616 0.1057
8.9762 8.6042 8.8616 0.1057
8.9762 8.6201 8.8640 0.1025
8.9762 8.6201 8.8640 0.1025
8.9762 8.6201 8.8640 0.1025
8.9762 8.6201 8.8643 0.1027
8.9762 8.6201 8.8643 0.1027
8.9762 8.6201 8.8645 0.1029
8.9762 8.6201 8.8645 0.1029
8.9762 8.6201 8.8645 0.1029
8.9762 8.6201 8.8655 0.1033
8.9762 8.6201 8.8655 0.1033
8.9762 8.6201 8.8655 0.1033
8.9762 8.6201 8.8655 0.1033
8.9762 8.6201 8.8655 0.1033
8.9762 8.6201 8.8655 0.1033
8.9762 8.6201 8.8655 0.1033
8.9762 8.6201 8.8655 0.1033
8.9762 8.6201 8.8662 0.1037
8.9762 8.6201 8.8662 0.1037
8.9762 8.6201 8.8662 0.1037
8.9762 8.6201 8.8666 0.1040
8.9762 8.6201 8.8670 0.1040
8.9762 8.6201 8.8670 0.1040
8.9762 8.6201 8.8673 0.1041
8.9762 8.6201 8.8673 0.1041
8.9762 8.6201 8.8673 0.1041
8.9762 8.6201 8.8683 0.1045
8.9762 8.6201 8.8684 0.1045
8.9762 8.6201 8.8684 0.1045
8.9762 8.6201 8.8707 0.1025
8.9762 8.6201 8.8707 0.1025
8.9762 8.6201 8.8714 0.1028
8.9762 8.6201 8.8717 0.1031
8.9762 8.6201 8.8717 0.1031
8.9762 8.6201 8.8717 0.1031
8.9762 8.6201 8.8717 0.1031
8.9762 8.6201 8.8727 0.1034
8.9762 8.6201 8.8727 0.1034
8.9762 8.6201 8.8731 0.1034
8.9762 8.6201 8.8731 0.1034
8.9762 8.6201 8.8740 0.1037
8.9762 8.6201 8.8768 0.1005
8.9762 8.6201 8.8795 0.0983
8.9762 8.6201 8.8795 0.0983
8.9762 8.6201 8.8828 0.0953
8.9762 8.6201 8.8828 0.0953
8.9762 8.6201 8.8828 0.0953
8.9762 8.6201 8.8858 0.0916
8.9762 8.6201 8.8858 0.0916
8.9762 8.6201 8.8858 0.0916
8.9762 8.6201 8.8864 0.0919
8.9762 8.6201 8.8864 0.0919
8.9762 8.6201 8.8869 0.0920
8.9762 8.6201 8.8869 0.0920
8.9762 8.6201 8.8869 0.0920
8.9762 8.6201 8.8893 0.0881
8.9762 8.6201 8.8916 0.0850
8.9762 8.6201 8.8916 0.0850
8.9762 8.6201 8.8944 0.0805
8.9762 8.6201 8.8944 0.0805
8.9762 8.6201 8.8944 0.0805
8.9762 8.6201 8.8944 0.0805
8.9762 8.6201 8.8944 0.0805
8.9762 8.6201 8.8944 0.0805
8.9762 8.6201 8.8945 0.0805
8.9762 8.6201 8.8945 0.0805
8.9762 8.6201 8.8955 0.0807
8.9762 8.6201 8.8979 0.0759
8.9762 8.6201 8.8979 0.0759
8.9762 8.6201 8.9011 0.0719
8.9762 8.6201 8.9016 0.0722
8.9762 8.6201 8.9022 0.0724
8.9762 8.6201 8.9025 0.0725
8.9762 8.6201 8.9026 0.0725
8.9762 8.6201 8.9030 0.0726
8.9762 8.6201 8.9034 0.0726
8.9762 8.6201 8.9040 0.0728
8.9762 8.6201 8.9040 0.0728
8.9762 8.6201 8.9046 0.0731
8.9762 8.6201 8.9050 0.0731
8.9762 8.6201 8.9050 0.0731
8.9762 8.6201 8.9050 0.0731
8.9762 8.6201 8.9052 0.0733
8.9762 8.6201 8.9077 0.0690
8.9762 8.6201 8.9078 0.0690
8.9762 8.6201 8.9078 0.0690
8.9762 8.6201 8.9107 0.0630
8.9762 8.6201 8.9114 0.0632
8.9762 8.6201 8.9114 0.0632
8.9762 8.6201 8.9115 0.0633
8.9762 8.6201 8.9115 0.0633
8.9762 8.6201 8.9115 0.0633
8.9762 8.6201 8.9115 0.0633
8.9762 8.6201 8.9119 0.0632
8.9762 8.6201 8.9119 0.0632
8.9762 8.6201 8.9123 0.0633
8.9762 8.6201 8.9123 0.0633
8.9762 8.6201 8.9123 0.0633
8.9762 8.6201 8.9123 0.0633
8.9762 8.6201 8.9123 0.0633
8.9762 8.6201 8.9123 0.0633
8.9762 8.6201 8.9123 0.0633
8.9762 8.6201 8.9123 0.0633
8.9762 8.6201 8.9126 0.0633
8.9762 8.6201 8.9133 0.0635
8.9762 8.6201 8.9135 0.0635
8.9762 8.6201 8.9135 0.0635
8.9762 8.6201 8.9135 0.0635
8.9762 8.6201 8.9166 0.0563
8.9762 8.6201 8.9166 0.0563
8.9762 8.6201 8.9166 0.0563
8.9762 8.6201 8.9166 0.0563
8.9762 8.6201 8.9168 0.0564
8.9762 8.6201 8.9168 0.0564
8.9762 8.6201 8.9168 0.0564
8.9762 8.6201 8.9168 0.0564
8.9762 8.6201 8.9168 0.0564
8.9762 8.6201 8.9168 0.0564
8.9762 8.6201 8.9192 0.0494
8.9762 8.6201 8.9195 0.0493
8.9762 8.6201 8.9195 0.0493
8.9762 8.6201 8.9195 0.0493
8.9762 8.6201 8.9197 0.0492
8.9762 8.6201 8.9197 0.0492
8.9762 8.6201 8.9197 0.0492
8.9762 8.6201 8.9201 0.0489
8.9762 8.6201 8.9201 0.0489
8.9762 8.6201 8.9201 0.0489
8.9762 8.6201 8.9201 0.0489
8.9762 8.6201 8.9211 0.0487
8.9762 8.6201 8.9216 0.0488
8.9762 8.6201 8.9216 0.0488
8.9762 8.6201 8.9220 0.0485
8.9762 8.6201 8.9220 0.0485
8.9762 8.6201 8.9223 0.0485
8.9762 8.6201 8.9223 0.0485
8.9762 8.6201 8.9227 0.0484
8.9762 8.6201 8.9228 0.0484
8.9762 8.6201 8.9228 0.0484
8.9762 8.6201 8.9228 0.0484
8.9762 8.6201 8.9228 0.0484
8.9762 8.6201 8.9228 0.0484
8.9762 8.6201 8.9231 0.0483
8.9762 8.6201 8.9231 0.0483
8.9967 8.6201 8.9236 0.0488
8.9967 8.6201 8.9240 0.0490
8.9967 8.6201 8.9240 0.0490
8.9967 8.6201 8.9240 0.0490
8.9967 8.6201 8.9243 0.0491
8.9967 8.6201 8.9243 0.0491
8.9967 8.6201 8.9243 0.0491
8.9967 8.6201 8.9243 0.0491
8.9967 8.6201 8.9243 0.0491
8.9967 8.6201 8.9243 0.0491
8.9967 8.6201 8.9250 0.0492
8.9967 8.6201 8.9253 0.0493
8.9967 8.6201 8.9253 0.0493
8.9967 8.6201 8.9253 0.0493
8.9967 8.6201 8.9253 0.0493
8.9967 8.6201 8.9263 0.0490
8.9967 8.6201 8.9263 0.0490
8.9967 8.6201 8.9263 0.0490
8.9967 8.6201 8.9263 0.0490
8.9967 8.6201 8.9263 0.0490
8.9967 8.6201 8.9263 0.0490
8.9967 8.6201 8.9263 0.0490
8.9967 8.6201 8.9265 0.0490
8.9967 8.6201 8.9265 0.0490
8.9967 8.6201 8.9265 0.0490
8.9967 8.6201 8.9265 0.0490
8.9967 8.6201 8.9265 0.0490
8.9967 8.6201 8.9265 0.0490
8.9967 8.6201 8.9272 0.0490
8.9967 8.6201 8.9279 0.0490
8.9967 8.6201 8.9279 0.0490
8.9967 8.6201 8.9279 0.0490
8.9967 8.6201 8.9286 0.0490
8.9967 8.6201 8.9301 0.0494
8.9967 8.6201 8.9301 0.0494
8.9967 8.6201 8.9301 0.0494
8.9967 8.6201 8.9306 0.0494
8.9967 8.6201 8.9306 0.0494
8.9967 8.6201 8.9328 0.0456
8.9967 8.6201 8.9331 0.0457
8.9967 8.6201 8.9331 0.0457
8.9967 8.6201 8.9331 0.0457
8.9967 8.6201 8.9334 0.0458
8.9967 8.6201 8.9346 0.0450
8.9967 8.6201 8.9350 0.0449
8.9967 8.6201 8.9350 0.0449
8.9967 8.6201 8.9350 0.0449
8.9967 8.6201 8.9350 0.0449
8.9967 8.6201 8.9350 0.0449
8.9967 8.6201 8.9350 0.0449
8.9967 8.6201 8.9353 0.0449
8.9967 8.6201 8.9353 0.0449
8.9967 8.6201 8.9353 0.0449
8.9967 8.6201 8.9353 0.0449
8.9967 8.6201 8.9353 0.0449
8.9967 8.6201 8.9353 0.0449
8.9967 8.6201 8.9353 0.0449
8.9967 8.6201 8.9353 0.0449
8.9967 8.6201 8.9353 0.0449
8.9967 8.6201 8.9353 0.0449
8.9967 8.6201 8.9356 0.0445
8.9967 8.6201 8.9356 0.0445
8.9967 8.6201 8.9363 0.0444
8.9967 8.6201 8.9370 0.0442
8.9967 8.6201 8.9376 0.0441
8.9967 8.6201 8.9377 0.0441
8.9967 8.6201 8.9380 0.0441
8.9967 8.6201 8.9380 0.0441
8.9967 8.6201 8.9380 0.0441
8.9967 8.6201 8.9387 0.0440
8.9967 8.6201 8.9387 0.0440
8.9967 8.6201 8.9394 0.0438
8.9967 8.6201 8.9394 0.0438
8.9967 8.6201 8.9394 0.0438
8.9967 8.6201 8.9394 0.0438
8.9967 8.6201 8.9394 0.0438
8.9967 8.6201 8.9394 0.0438
8.9967 8.6201 8.9394 0.0438
8.9967 8.6201 8.9394 0.0438
8.9967 8.6201 8.9397 0.0439
8.9967 8.6201 8.9397 0.0439
8.9967 8.6201 8.9397 0.0439
8.9967 8.6201 8.9400 0.0439
8.9967 8.8592 8.9434 0.0300
8.9967 8.8592 8.9434 0.0300
8.9967 8.8592 8.9434 0.0300
8.9967 8.8592 8.9434 0.0300
8.9967 8.8592 8.9434 0.0300
8.9967 8.8592 8.9434 0.0300
8.9967 8.8592 8.9440 0.0299
8.9967 8.8592 8.9440 0.0299
8.9967 8.8592 8.9440 0.0299
8.9967 8.8592 8.9440 0.0299
8.9967 8.8592 8.9440 0.0299
8.9967 8.8592 8.9440 0.0299
8.9967 8.8592 8.9440 0.0299
8.9967 8.8592 8.9440 0.0299
8.9967 8.8592 8.9440 0.0299
8.9967 8.8592 8.9440 0.0299
8.9967 8.8592 8.9440 0.0299
8.9967 8.8592 8.9440 0.0299
8.9967 8.8592 8.9450 0.0287
8.9967 8.8592 8.9455 0.0288
8.9967 8.8592 8.9455 0.0288
8.9967 8.8592 8.9455 0.0288
9.0546 8.8592 8.9476 0.0325
9.0546 8.8592 8.9476 0.0325
9.0546 8.8592 8.9476 0.0325
9.0546 8.8592 8.9476 0.0325
9.0546 8.8592 8.9476 0.0325
9.0546 8.8592 8.9476 0.0325
9.0546 8.8592 8.9482 0.0321
9.0546 8.8592 8.9489 0.0317
9.0546 8.8592 8.9489 0.0317
9.0546 8.8592 8.9496 0.0312
9.0546 8.8592 8.9499 0.0312
9.0546 8.8592 8.9499 0.0312
9.0546 8.8592 8.9499 0.0312
9.0546 8.8592 8.9499 0.0312
9.0546 8.8592 8.9499 0.0312
9.0546 8.8592 8.9506 0.0307
9.0546 8.8592 8.9509 0.0307
9.0546 8.8592 8.9514 0.0299
9.0546 8.8592 8.9514 0.0299
9.0546 8.8592 8.9514 0.0299
9.0546 8.8592 8.9524 0.0316
9.0546 8.8592 8.9526 0.0316
9.0546 8.8592 8.9533 0.0310
9.0546 8.8592 8.9533 0.0310
9.0546 8.8592 8.9538 0.0315
9.0546 8.8592 8.9538 0.0315
9.0546 8.8592 8.9538 0.0315
9.0546 8.8592 8.9540 0.0314
9.0546 8.8592 8.9540 0.0314
9.0546 8.8592 8.9540 0.0314
9.0546 8.8592 8.9544 0.0313
9.0546 8.8592 8.9546 0.0314
9.0546 8.8592 8.9546 0.0314
9.0546 8.8592 8.9546 0.0314
9.0546 8.8592 8.9546 0.0314
9.0546 8.8592 8.9548 0.0314
9.0546 8.8592 8.9548 0.0314
9.0546 8.8592 8.9548 0.0314
9.0546 8.8592 8.9548 0.0314
9.0546 8.8592 8.9548 0.0314
9.0546 8.8592 8.9557 0.0329
9.0546 8.8592 8.9557 0.0329
9.0546 8.8592 8.9557 0.0329
9.0546 8.8592 8.9559 0.0329
9.0546 8.8592 8.9559 0.0329
9.0546 8.8592 8.9559 0.0329
9.0546 8.8592 8.9559 0.0329
9.0992 8.8592 8.9578 0.0373
9.0992 8.8592 8.9578 0.0373
9.0992 8.8592 8.9578 0.0373
9.0992 8.8592 8.9578 0.0373
9.0992 8.8592 8.9578 0.0373
9.0992 8.8592 8.9578 0.0373
9.0992 8.8592 8.9578 0.0373
9.0992 8.8592 8.9578 0.0373
9.0992 8.8592 8.9580 0.0372
9.0992 8.8592 8.9580 0.0372
9.0992 8.8592 8.9580 0.0372
9.0992 8.8592 8.9580 0.0372
9.0992 8.8592 8.9584 0.0370
9.0992 8.8592 8.9584 0.0370
9.0992 8.8592 8.9590 0.0365
9.0992 8.8592 8.9590 0.0365
9.0992 8.8592 8.9590 0.0365
9.0992 8.8592 8.9590 0.0365
9.0992 8.8592 8.9590 0.0365
9.0992 8.8592 8.9590 0.0365
9.0992 8.8592 8.9590 0.0365
9.0992 8.8592 8.9597 0.0359
9.0992 8.8592 8.9597 0.0359
9.0992 8.8592 8.9602 0.0362
9.0992 8.8592 8.9602 0.0362
9.0992 8.8592 8.9613 0.0359
9.0992 8.8592 8.9613 0.0359
9.0992 8.8592 8.9613 0.0359
9.0992 8.8592 8.9614 0.0359
9.0992 8.8592 8.9614 0.0359
9.0992 8.8592 8.9614 0.0359
9.0992 8.8592 8.9614 0.0359
9.0992 8.8592 8.9614 0.0359
9.0992 8.8592 8.9617 0.0358
9.0992 8.8592 8.9617 0.0358
9.0992 8.8592 8.9618 0.0358
9.0992 8.8592 8.9618 0.0358
9.0992 8.8592 8.9618 0.0358
9.0992 8.8592 8.9618 0.0358
9.0992 8.8592 8.9623 0.0354
9.0992 8.8592 8.9623 0.0354
9.0992 8.8592 8.9637 0.0379
9.0992 8.8592 8.9642 0.0382
9.0992 8.8592 8.9642 0.0382
9.0992 8.8592 8.9642 0.0382
9.0992 8.8592 8.9642 0.0382
9.0992 8.8592 8.9643 0.0382
9.0992 8.8592 8.9643 0.0382
9.0992 8.8592 8.9644 0.0382
9.0992 8.8592 8.9658 0.0405
9.0992 8.8592 8.9658 0.0405
9.0992 8.8592 8.9662 0.0403
9.0992 8.8592 8.9662 0.0403
9.0992 8.8592 8.9662 0.0403
9.0992 8.8592 8.9662 0.0403
9.0992 8.8592 8.9662 0.0403
9.0992 8.8592 8.9663 0.0403
9.0992 8.8592 8.9663 0.0403
9.0992 8.8592 8.9663 0.0403
9.0992 8.8592 8.9664 0.0404
9.0992 8.8592 8.9664 0.0404
9.0992 8.8592 8.9664 0.0404
9.0992 8.8592 8.9664 0.0404
9.0992 8.8592 8.9664 0.0404
9.0992 8.8592 8.9664 0.0404
9.0992 8.8592 8.9672 0.0397
9.0992 8.8592 8.9681 0.0407
9.0992 8.8592 8.9681 0.0407
9.0992 8.8592 8.9684 0.0405
9.0992 8.8592 8.9684 0.0405
9.0992 8.8592 8.9684 0.0405
9.0992 8.8592 8.9694 0.0414
9.0992 8.8592 8.9694 0.0414
9.0992 8.8592 8.9694 0.0414
9.0992 8.8592 8.9694 0.0414
9.0992 8.8592 8.9707 0.0434
9.0992 8.8592 8.9707 0.0434
9.0992 8.8592 8.9721 0.0452
9.0992 8.8592 8.9721 0.0452
9.0992 8.8592 8.9721 0.0452
9.0992 8.8592 8.9721 0.0452
9.0992 8.8592 8.9724 0.0450
9.0992 8.8592 8.9733 0.0455
9.0992 8.8592 8.9733 0.0455
9.0992 8.8592 8.9733 0.0455
9.0992 8.8592 8.9733 0.0455
9.0992 8.8592 8.9733 0.0455
9.0992 8.8592 8.9733 0.0455
9.0992 8.8592 8.9733 0.0455
9.0992 8.8592 8.9733 0.0455
9.0992 8.8592 8.9733 0.0455
9.0992 8.8592 8.9733 0.0455
9.0992 8.8592 8.9733 0.0455
9.0992 8.8592 8.9745 0.0472
9.0992 8.8592 8.9745 0.0472
9.0992 8.8592 8.9746 0.0472
9.0992 8.8592 8.9746 0.0472
9.0992 8.8592 8.9746 0.0472
9.0992 8.8592 8.9746 0.0472
9.0992 8.8592 8.9746 0.0472
9.0992 8.8592 8.9746 0.0472
9.0992 8.8592 8.9746 0.0472
9.0992 8.8592 8.9746 0.0472
9.0992 8.8592 8.9746 0.0472
9.0992 8.8592 8.9746 0.0472
9.0992 8.8592 8.9746 0.0472
9.0992 8.8592 8.9746 0.0472
9.0992 8.8592 8.9746 0.0472
9.0992 8.8592 8.9748 0.0471
9.0992 8.8592 8.9748 0.0471
9.0992 8.8592 8.9748 0.0471
9.0992 8.8592 8.9748 0.0471
9.0992 8.8592 8.9748 0.0471
9.0992 8.8592 8.9762 0.0487
9.0992 8.8592 8.9762 0.0487
9.0992 8.8592 8.9771 0.0493
9.0992 8.8592 8.9771 0.0493
9.0992 8.8592 8.9771 0.0493
9.0992 8.8592 8.9771 0.0493
9.0992 8.8592 8.9784 0.0508
9.0992 8.8592 8.9784 0.0508
9.0992 8.8592 8.9784 0.0508
9.0992 8.8592 8.9794 0.0513
9.0992 8.8592 8.9794 0.0513
9.0992 8.8592 8.9794 0.0513
9.0992 8.8592 8.9807 0.0526
9.0992 8.8592 8.9810 0.0524
9.0992 8.8592 8.9810 0.0524
9.0992 8.8592 8.9810 0.0524
9.0992 8.8592 8.9810 0.0524
9.0992 8.8592 8.9810 0.0524
9.0992 8.8592 8.9810 0.0524
9.0992 8.8592 8.9817 0.0517
9.0992 8.8592 8.9817 0.0517
9.0992 8.8592 8.9817 0.0517
9.0992 8.8592 8.9817 0.0517
9.0992 8.8592 8.9817 0.0517
9.0992 8.8592 8.9819 0.0517
9.0992 8.8592 8.9823 0.0522
9.0992 8.8592 8.9826 0.0522
9.0992 8.8592 8.9826 0.0522
9.0992 8.8592 8.9826 0.0522
9.0992 8.8592 8.9826 0.0522
9.0992 8.8592 8.9826 0.0522
9.0992 8.8592 8.9826 0.0522
9.0992 8.8592 8.9826 0.0522
9.0992 8.8592 8.9826 0.0522
9.0992 8.8592 8.9826 0.0522
9.0992 8.8592 8.9837 0.0528
9.0992 8.8592 8.9837 0.0528
9.0992 8.8592 8.9837 0.0528
9.0992 8.8592 8.9843 0.0529
9.0992 8.8592 8.9844 0.0529
9.0992 8.8592 8.9844 0.0529
9.0992 8.8592 8.9844 0.0529
9.0992 8.8592 8.9854 0.0533
9.0992 8.8592 8.9867 0.0544
9.0992 8.8592 8.9867 0.0544
9.0992 8.8592 8.9877 0.0548
9.0992 8.8592 8.9890 0.0558
9.0992 8.8592 8.9898 0.0550
9.0992 8.8592 8.9900 0.0550
9.0992 8.8592 8.9901 0.0549
9.0992 8.8592 8.9901 0.0549
9.0992 8.8592 8.9901 0.0549
9.0992 8.8592 8.9902 0.0549
9.0992 8.8592 8.9902 0.0549
9.0992 8.8592 8.9911 0.0552
9.0992 8.8592 8.9911 0.0552
9.0992 8.8592 8.9924 0.0562
9.0992 8.8592 8.9935 0.0546
9.0992 8.8592 8.9937 0.0546
9.0992 8.8592 8.9937 0.0546
9.0992 8.8592 8.9937 0.0546
9.0992 8.8592 8.9943 0.0546
9.0992 8.8592 8.9961 0.0561
9.0992 8.8592 8.9961 0.0561
9.0992 8.8592 8.9961 0.0561
9.0992 8.8592 8.9962 0.0560
9.0992 8.8592 8.9962 0.0560
9.0992 8.8592 8.9982 0.0561
9.0992 8.8592 8.9983 0.0561
9.0992 8.8592 8.9983 0.0561
9.0992 8.8592 8.9997 0.0568
9.0992 8.8592 9.0002 0.0562
9.0992 8.8592 9.0002 0.0562
9.0992 8.8592 9.0002 0.0562
9.0992 8.8592 9.0016 0.0569
9.0992 8.8592 9.0016 0.0569
9.0992 8.8592 9.0016 0.0569
9.0992 8.8592 9.0016 0.0569
9.0992 8.8592 9.0016 0.0569
9.0992 8.8592 9.0019 0.0570
9.0992 8.8592 9.0019 0.0570
9.0992 8.8592 9.0019 0.0570
9.0992 8.8592 9.0019 0.0570
9.0992 8.8592 9.0033 0.0576
9.0992 8.8592 9.0045 0.0583
9.0992 8.8592 9.0045 0.0583
9.0992 8.8592 9.0045 0.0583
9.0992 8.8592 9.0045 0.0583
9.0992 8.8592 9.0045 0.0583
9.0992 8.8592 9.0045 0.0583
9.0992 8.8592 9.0045 0.0583
9.0992 8.8592 9.0046 0.0584
9.0992 8.8592 9.0046 0.0584
9.0992 8.8592 9.0046 0.0584
9.0992 8.8592 9.0046 0.0584
9.0992 8.8592 9.0046 0.0584
9.0992 8.8592 9.0050 0.0589
9.0992 8.8592 9.0050 0.0589
9.0992 8.8592 9.0050 0.0589
9.0992 8.8592 9.0051 0.0589
9.0992 8.8592 9.0051 0.0589
9.0992 8.8592 9.0058 0.0596
9.0992 8.8592 9.0058 0.0596
9.0992 8.8592 9.0058 0.0596
9.0992 8.8592 9.0062 0.0592
9.0992 8.8592 9.0068 0.0591
9.0992 8.8592 9.0070 0.0588
9.0992 8.8592 9.0070 0.0588
9.0992 8.8592 9.0084 0.0594
9.0992 8.8592 9.0084 0.0594
9.0992 8.8592 9.0084 0.0594
9.0992 8.8592 9.0087 0.0597
9.0992 8.8592 9.0087 0.0597
9.0992 8.8592 9.0087 0.0597
9.0992 8.8592 9.0087 0.0597
9.0992 8.8592 9.0087 0.0597
9.0992 8.8592 9.0087 0.0597
9.0992 8.8592 9.0087 0.0597
9.0992 8.8592 9.0087 0.0597
9.0992 8.8592 9.0103 0.0600
9.0992 8.8592 9.0103 0.0600
9.0992 8.8592 9.0103 0.0600
9.0992 8.8592 9.0116 0.0605
9.0992 8.8592 9.0116 0.0605
9.0992 8.8592 9.0117 0.0604
9.0992 8.8592 9.0117 0.0604
9.0992 8.8592 9.0126 0.0604
9.0992 8.8592 9.0127 0.0603
9.0992 8.8592 9.0129 0.0602
9.0992 8.8592 9.0129 0.0602
9.0992 8.8592 9.0129 0.0602
9.0992 8.8592 9.0129 0.0602
9.0992 8.8592 9.0129 0.0602
9.0992 8.8592 9.0132 0.0606
9.0992 8.8592 9.0138 0.0604
9.0992 8.8592 9.0138 0.0604
9.0992 8.8592 9.0139 0.0604
9.0992 8.8592 9.0148 0.0603
9.0992 8.8592 9.0148 0.0603
9.0992 8.8592 9.0149 0.0603
9.0992 8.8592 9.0151 0.0602
9.0992 8.8592 9.0151 0.0602
9.0992 8.8592 9.0159 0.0602
9.0992 8.8592 9.0159 0.0602
9.0992 8.8592 9.0160 0.0601
9.0992 8.8592 9.0160 0.0601
9.0992 8.8592 9.0174 0.0603
9.0992 8.8592 9.0175 0.0603
9.0992 8.8592 9.0175 0.0603
9.0992 8.8592 9.0179 0.0604
9.0992 8.8592 9.0186 0.0604
9.0992 8.8592 9.0186 0.0604
9.0992 8.8592 9.0199 0.0607
9.0992 8.8592 9.0213 0.0610
9.0992 8.8592 9.0219 0.0607
9.0992 8.8592 9.0219 0.0607
9.0992 8.8592 9.0222 0.0610
9.0992 8.8592 9.0241 0.0616
9.0992 8.8592 9.0241 0.0616
9.0992 8.8592 9.0241 0.0615
9.0992 8.8592 9.0241 0.0615
9.0992 8.8592 9.0241 0.0615
9.0992 8.8592 9.0241 0.0615
9.0992 8.8592 9.0241 0.0615
9.0992 8.8592 9.0241 0.0615
9.0992 8.8592 9.0241 0.0615
9.0992 8.8592 9.0254 0.0617
9.0992 8.8592 9.0254 0.0617
9.0992 8.8592 9.0266 0.0620
9.0992 8.8592 9.0280 0.0620
9.0992 8.8592 9.0280 0.0620
9.0992 8.8592 9.0294 0.0621
9.0992 8.8592 9.0301 0.0624
9.0992 8.8592 9.0301 0.0624
9.0992 8.8592 9.0301 0.0624
9.0992 8.8592 9.0301 0.0624
9.0992 8.8592 9.0303 0.0623
9.0992 8.8592 9.0303 0.0623
9.0992 8.8592 9.0314 0.0623
9.0992 8.8592 9.0319 0.0621
9.0992 8.8592 9.0319 0.0621
9.0992 8.8592 9.0319 0.0621
9.0992 8.8592 9.0330 0.0623
9.0992 8.8592 9.0335 0.0619
9.0992 8.8592 9.0335 0.0619
9.0992 8.8592 9.0335 0.0619
9.0992 8.8592 9.0335 0.0619
9.1001 8.8592 9.0336 0.0620
9.1001 8.8592 9.0336 0.0620
9.1001 8.8592 9.0336 0.0620
9.1001 8.8592 9.0336 0.0620
9.1001 8.8592 9.0336 0.0620
9.1001 8.8946 9.0347 0.0597
9.1001 8.8946 9.0347 0.0597
9.1001 8.8946 9.0352 0.0600
9.1001 8.8946 9.0352 0.0600
9.1001 8.8946 9.0352 0.0600
9.1001 8.8946 9.0352 0.0600
9.1001 8.8946 9.0360 0.0603
9.1001 8.8946 9.0361 0.0603
9.1001 8.8946 9.0361 0.0603
9.1001 8.8946 9.0361 0.0603
9.1001 8.8946 9.0365 0.0606
9.1001 8.8946 9.0379 0.0604
9.1001 8.8946 9.0379 0.0604
9.1001 8.8946 9.0388 0.0601
9.1001 8.8946 9.0395 0.0604
9.1001 8.8946 9.0395 0.0604
9.1001 8.8946 9.0402 0.0606
9.1001 8.8946 9.0416 0.0604
9.1001 8.8946 9.0416 0.0604
9.1001 8.8946 9.0426 0.0605
9.1001 8.8946 9.0431 0.0600
9.1001 8.8946 9.0431 0.0600
9.1001 8.8946 9.0431 0.0600
9.1001 8.8946 9.0436 0.0600
9.1001 8.8946 9.0436 0.0600
9.1001 8.8946 9.0436 0.0600
9.1001 8.8946 9.0437 0.0598
9.1001 8.8946 9.0437 0.0598
9.1001 8.8946 9.0437 0.0598
9.1001 8.8946 9.0437 0.0598
9.1001 8.8946 9.0437 0.0598
9.1001 8.8946 9.0445 0.0594
9.1001 8.8946 9.0445 0.0594
9.1001 8.9388 9.0452 0.0580
9.1001 8.9388 9.0466 0.0577
9.1001 8.9388 9.0480 0.0573
9.1001 8.9388 9.0480 0.0573
9.1001 8.9388 9.0480 0.0573
9.1001 8.9388 9.0480 0.0573
9.1001 8.9388 9.0492 0.0570
9.1001 8.9388 9.0492 0.0570
9.1001 8.9388 9.0492 0.0570
9.1001 8.9388 9.0506 0.0566
9.1001 8.9388 9.0514 0.0561
9.1001 8.9388 9.0514 0.0561
9.1001 8.9388 9.0522 0.0562
9.1001 8.9388 9.0522 0.0562
9.1001 8.9388 9.0522 0.0563
9.1001 8.9388 9.0522 0.0563
9.1001 8.9388 9.0522 0.0563
9.1001 8.9388 9.0522 0.0563
9.1001 8.9388 9.0522 0.0563
9.1021 8.9388 9.0522 0.0563
9.1021 8.9388 9.0522 0.0563
9.1021 8.9388 9.0522 0.0563
9.1021 8.9388 9.0522 0.0563
9.1021 8.9388 9.0522 0.0563
9.1021 8.9388 9.0522 0.0563
9.1021 8.9388 9.0522 0.0563
9.1021 8.9388 9.0522 0.0563
9.1021 8.9388 9.0522 0.0563
9.1021 8.9388 9.0522 0.0563
9.1021 8.9388 9.0522 0.0563
9.1021 8.9388 9.0522 0.0563
9.1021 8.9388 9.0535 0.0559
9.1021 8.9388 9.0535 0.0559
9.1021 8.9388 9.0540 0.0553
9.1021 8.9388 9.0553 0.0549
9.1021 8.9388 9.0563 0.0550
9.1021 8.9388 9.0563 0.0550
9.1021 8.9388 9.0577 0.0543
9.1021 8.9388 9.0577 0.0543
9.1021 8.9388 9.0577 0.0543
9.1021 8.9388 9.0577 0.0543
9.1021 8.9388 9.0577 0.0543
9.1021 8.9388 9.0591 0.0536
9.1021 8.9388 9.0604 0.0528
9.1021 8.9388 9.0604 0.0528
9.1021 8.9388 9.0604 0.0528
9.1021 8.9388 9.0617 0.0523
9.1021 8.9388 9.0617 0.0523
9.1021 8.9388 9.0629 0.0518
9.1021 8.9388 9.0629 0.0518
9.1021 8.9388 9.0629 0.0518
9.1021 8.9388 9.0638 0.0508
9.1021 8.9388 9.0638 0.0508
9.1021 8.9388 9.0638 0.0508
9.1021 8.9388 9.0651 0.0501
9.1021 8.9388 9.0655 0.0502
9.1021 8.9388 9.0658 0.0501
9.1021 8.9388 9.0658 0.0501
9.1021 8.9388 9.0662 0.0502
9.1021 8.9388 9.0662 0.0502
9.1021 8.9388 9.0662 0.0502
9.1021 8.9388 9.0662 0.0502
9.1021 8.9388 9.0662 0.0502
9.1021 8.9388 9.0662 0.0502
9.1021 8.9388 9.0662 0.0502
9.1021 8.9388 9.0662 0.0502
9.1021 8.9388 9.0662 0.0502
9.1021 8.9388 9.0662 0.0502
9.1021 8.9388 9.0667 0.0495
9.1021 8.9388 9.0667 0.0495
9.1021 8.9388 9.0667 0.0495
9.1021 8.9388 9.0667 0.0495
9.1021 8.9388 9.0667 0.0495
9.1021 8.9388 9.0667 0.0495
9.1021 8.9388 9.0667 0.0495
9.1021 8.9388 9.0668 0.0496
9.1021 8.9388 9.0668 0.0496
9.1021 8.9388 9.0668 0.0496
9.1021 8.9388 9.0668 0.0495
9.1021 8.9388 9.0669 0.0493
9.1021 8.9388 9.0669 0.0493
9.1021 8.9388 9.0669 0.0493
9.1021 8.9388 9.0669 0.0493
9.1021 8.9388 9.0674 0.0494
9.1021 8.9388 9.0674 0.0494
9.1021 8.9388 9.0674 0.0494
9.1021 8.9388 9.0674 0.0494
9.1021 8.9388 9.0678 0.0494
9.1021 8.9388 9.0678 0.0494
9.1021 8.9388 9.0690 0.0487
9.1021 8.9388 9.0690 0.0487
9.1021 8.9388 9.0690 0.0487
9.1021 8.9388 9.0690 0.0487
9.1021 8.9388 9.0690 0.0487
9.1021 8.9388 9.0690 0.0487
9.1021 8.9388 9.0690 0.0487
9.1021 8.9388 9.0698 0.0478
9.1021 8.9388 9.0712 0.0466
9.1021 8.9388 9.0712 0.0466
9.1021 8.9388 9.0712 0.0466
9.1021 8.9388 9.0724 0.0457
9.1021 8.9388 9.0725 0.0457
9.1021 8.9388 9.0736 0.0447
9.1021 8.9388 9.0736 0.0447
9.1021 8.9388 9.0740 0.0440
9.1083 8.9388 9.0741 0.0441
9.1083 8.9388 9.0742 0.0441
9.1083 8.9388 9.0746 0.0441
9.1083 8.9388 9.0746 0.0441
9.1083 8.9388 9.0746 0.0441
9.1083 8.9388 9.0746 0.0441
9.1083 8.9388 9.0746 0.0441
9.1083 8.9388 9.0746 0.0441
9.1083 8.9388 9.0746 0.0441
9.1083 8.9388 9.0746 0.0441
9.1083 8.9388 9.0746 0.0441
9.1083 8.9388 9.0746 0.0441
9.1083 8.9388 9.0746 0.0441
9.1083 8.9388 9.0746 0.0441
9.1083 8.9388 9.0751 0.0437
9.1083 8.9388 9.0759 0.0434
9.1083 8.9388 9.0759 0.0434
9.1083 8.9388 9.0759 0.0434
9.1083 8.9388 9.0759 0.0434
9.1083 8.9388 9.0759 0.0434
9.1083 8.9388 9.0759 0.0434
9.1083 8.9388 9.0759 0.0434
9.1083 8.9388 9.0772 0.0423
9.1083 8.9388 9.0772 0.0423
9.1083 8.9388 9.0772 0.0423
9.1083 8.9388 9.0772 0.0423
9.1083 8.9388 9.0779 0.0418
9.1083 8.9388 9.0779 0.0418
9.1083 8.9388 9.0780 0.0419
9.1083 8.9388 9.0780 0.0419
9.1083 8.9388 9.0780 0.0419
9.1083 8.9388 9.0780 0.0419
9.1083 8.9388 9.0780 0.0419
9.1083 8.9388 9.0784 0.0419
9.1083 8.9388 9.0784 0.0419
9.1083 8.9388 9.0784 0.0419
9.1083 8.9388 9.0784 0.0419
9.1083 8.9388 9.0788 0.0419
9.1083 8.9388 9.0788 0.0419
9.1083 8.9388 9.0801 0.0403
9.1083 8.9388 9.0814 0.0390
9.1083 8.9388 9.0814 0.0390
9.1083 8.9388 9.0814 0.0390
9.1083 8.9388 9.0814 0.0390
9.1083 8.9388 9.0814 0.0390
9.1083 8.9388 9.0814 0.0390
9.1083 8.9388 9.0814 0.0390
9.1083 8.9388 9.0818 0.0389
9.1083 8.9388 9.0821 0.0389
9.1083 8.9388 9.0821 0.0389
9.1083 8.9388 9.0834 0.0375
9.1083 8.9388 9.0834 0.0375
9.1083 8.9388 9.0834 0.0375
9.1083 8.9388 9.0834 0.0375
9.1083 8.9388 9.0843 0.0369
9.1083 8.9388 9.0844 0.0368
9.1083 8.9388 9.0844 0.0368
9.1083 8.9388 9.0844 0.0368
9.1083 8.9388 9.0844 0.0368
9.1083 8.9388 9.0844 0.0368
9.1083 8.9388 9.0844 0.0368
9.1083 8.9388 9.0844 0.0368
9.1083 8.9388 9.0844 0.0368
9.1083 8.9388 9.0844 0.0368
9.1083 8.9388 9.0848 0.0357
9.1083 8.9388 9.0848 0.0357
9.1083 8.9388 9.0848 0.0357
9.1083 8.9388 9.0848 0.0357
9.1083 8.9388 9.0860 0.0340
9.1083 8.9388 9.0860 0.0340
9.1083 8.9388 9.0860 0.0340
9.1083 8.9388 9.0860 0.0340
9.1083 8.9388 9.0860 0.0340
9.1083 8.9388 9.0860 0.0340
9.1083 8.9388 9.0860 0.0340
9.1083 8.9388 9.0860 0.0340
9.1083 8.9388 9.0860 0.0340
9.1083 8.9388 9.0860 0.0340
9.1083 8.9388 9.0860 0.0340
9.1083 8.9388 9.0860 0.0340
9.1083 8.9388 9.0860 0.0340
9.1083 8.9388 9.0860 0.0340
9.1083 8.9388 9.0873 0.0322
9.1083 8.9388 9.0885 0.0302
9.1083 8.9388 9.0885 0.0302
9.1083 8.9388 9.0885 0.0302
9.1083 8.9388 9.0888 0.0301
9.1083 8.9388 9.0888 0.0301
9.1083 8.9388 9.0888 0.0301
9.1083 8.9388 9.0888 0.0301
9.1083 8.9388 9.0888 0.0301
9.1083 8.9388 9.0888 0.0301
9.1083 8.9388 9.0888 0.0301
9.1083 8.9388 9.0888 0.0301
9.1083 8.9388 9.0888 0.0301
9.1083 8.9388 9.0888 0.0301
9.1083 8.9388 9.0888 0.0301
9.1083 8.9388 9.0888 0.0301
9.1083 8.9388 9.0888 0.0301
9.1083 8.9388 9.0888 0.0301
9.1083 8.9388 9.0888 0.0301
9.1083 8.9388 9.0888 0.0301
9.1083 8.9388 9.0898 0.0288
9.1083 8.9388 9.0898 0.0288
9.1083 8.9388 9.0898 0.0288
9.1083 8.9388 9.0899 0.0288
9.1083 8.9388 9.0899 0.0288
9.1083 8.9388 9.0899 0.0288
9.1083 8.9388 9.0899 0.0288
9.1083 8.9388 9.0899 0.0288
9.1083 8.9388 9.0906 0.0281
9.1083 8.9388 9.0906 0.0281
9.1083 8.9388 9.0907 0.0281
9.1083 8.9388 9.0911 0.0280
9.1083 8.9388 9.0911 0.0280
9.1083 8.9388 9.0911 0.0280
9.1083 8.9388 9.0911 0.0280
9.1083 8.9388 9.0911 0.0280
9.1083 8.9388 9.0911 0.0280
9.1083 8.9388 9.0911 0.0280
9.1083 8.9388 9.0911 0.0280
9.1083 8.9388 9.0911 0.0280
9.1083 8.9388 9.0911 0.0280
9.1083 8.9388 9.0912 0.0280
9.1083 8.9388 9.0912 0.0280
9.1083 8.9388 9.0912 0.0280
9.1083 8.9388 9.0912 0.0280
9.1083 8.9388 9.0912 0.0280
9.1083 8.9388 9.0912 0.0280
9.1083 8.9388 9.0912 0.0280
9.1083 8.9388 9.0912 0.0280
9.1083 8.9388 9.0912 0.0280
9.1083 8.9388 9.0912 0.0280
9.1083 8.9388 9.0912 0.0280
9.1083 8.9388 9.0912 0.0280
9.1083 8.9388 9.0912 0.0280
9.1083 8.9388 9.0912 0.0280
9.1083 8.9388 9.0926 0.0248
9.1083 8.9388 9.0926 0.0248
9.1083 8.9388 9.0926 0.0249
9.1083 8.9388 9.0926 0.0249
9.1083 8.9388 9.0926 0.0249
9.1083 8.9388 9.0926 0.0249
9.1083 8.9388 9.0926 0.0249
9.1083 8.9388 9.0926 0.0249
9.1083 8.9388 9.0926 0.0249
9.1083 8.9388 9.0926 0.0249
9.1083 8.9388 9.0926 0.0249
9.1083 8.9388 9.0926 0.0249
9.1083 8.9388 9.0926 0.0249
9.1083 8.9388 9.0926 0.0249
9.1083 8.9388 9.0926 0.0249
9.1083 8.9388 9.0926 0.0249
9.1083 8.9388 9.0931 0.0246
9.1083 8.9388 9.0931 0.0246
9.1083 8.9388 9.0931 0.0246
9.1083 8.9388 9.0931 0.0246
9.1083 8.9388 9.0931 0.0246
9.1083 8.9388 9.0931 0.0246
9.1083 8.9388 9.0931 0.0246
9.1083 8.9388 9.0931 0.0246
9.1083 8.9388 9.0931 0.0246
9.1083 8.9388 9.0931 0.0246
9.1083 8.9388 9.0931 0.0246
9.1083 8.9388 9.0944 0.0212
9.1083 8.9388 9.0944 0.0212
9.1083 8.9388 9.0944 0.0212
9.1083 9.0177 9.0961 0.0144
9.1083 9.0177 9.0961 0.0144
9.1083 9.0177 9.0961 0.0144
9.1083 9.0177 9.0961 0.0144
9.1083 9.0177 9.0961 0.0144
9.1083 9.0277 9.0969 0.0120
9.1083 9.0277 9.0969 0.0120
9.1083 9.0277 9.0969 0.0120
9.1083 9.0277 9.0969 0.0120
9.1083 9.0277 9.0969 0.0120
9.1083 9.0277 9.0969 0.0120
9.1083 9.0277 9.0969 0.0120
9.1083 9.0277 9.0973 0.0115
9.1083 9.0277 9.0978 0.0106
9.1083 9.0277 9.0978 0.0106
9.1083 9.0277 9.0978 0.0106
9.1083 9.0277 9.0978 0.0106
9.1083 9.0277 9.0978 0.0106
9.1083 9.0277 9.0978 0.0106
9.1083 9.0277 9.0978 0.0106
9.1083 9.0277 9.0978 0.0106
9.1083 9.0277 9.0978 0.0106
9.1083 9.0277 9.0978 0.0106
9.1083 9.0277 9.0978 0.0106
9.1083 9.0277 9.0978 0.0106
9.1083 9.0277 9.0978 0.0106
9.1083 9.0277 9.0978 0.0106
9.1083 9.0277 9.0978 0.0106
9.1083 9.0277 9.0978 0.0106
9.1083 9.0277 9.0978 0.0106
9.1083 9.0277 9.0978 0.0106
9.1083 9.0277 9.0978 0.0106
9.1083 9.0277 9.0978 0.0106
9.1083 9.0277 9.0978 0.0106
9.1083 9.0277 9.0978 0.0106
9.1083 9.0277 9.0978 0.0106
9.1083 9.0277 9.0978 0.0106
9.1083 9.0277 9.0978 0.0106
9.1083 9.0277 9.0978 0.0106
9.1083 9.0277 9.0978 0.0106
9.1083 9.0277 9.0979 0.0106
9.1083 9.0277 9.0979 0.0106
9.1083 9.0277 9.0979 0.0106
9.1083 9.0277 9.0983 0.0097
9.1083 9.0277 9.0983 0.0097
9.1083 9.0277 9.0984 0.0098
9.1083 9.0277 9.0984 0.0098
9.1083 9.0277 9.0984 0.0098
9.1083 9.0277 9.0984 0.0098
9.1083 9.0277 9.0984 0.0098
9.1083 9.0277 9.0984 0.0098
9.1083 9.0277 9.0984 0.0098
9.1083 9.0277 9.0984 0.0098
9.1083 9.0277 9.0984 0.0098
9.1083 9.0277 9.0984 0.0098
9.1083 9.0277 9.0985 0.0097
9.1083 9.0277 9.0985 0.0097
9.1083 9.0277 9.0985 0.0097
9.1083 9.0277 9.0985 0.0098
9.1083 9.0277 9.0985 0.0098
9.1083 9.0277 9.0985 0.0098
9.1083 9.0277 9.0985 0.0098
9.1083 9.0277 9.0985 0.0098
9.1083 9.0277 9.0985 0.0098
9.1083 9.0546 9.0992 0.0067
9.1083 9.0546 9.0992 0.0067
9.1083 9.0546 9.0992 0.0067
9.1083 9.0546 9.0992 0.0067
9.1083 9.0546 9.0992 0.0067
9.1083 9.0546 9.0992 0.0067
9.1083 9.0546 9.0992 0.0067
9.1083 9.0546 9.0992 0.0067
9.1083 9.0546 9.0992 0.0067
9.1083 9.0546 9.0992 0.0067
9.1083 9.0546 9.0992 0.0067
9.1083 9.0546 9.0992 0.0067
9.1083 9.0546 9.0993 0.0067
9.1083 9.0546 9.0993 0.0067
9.1083 9.0546 9.0993 0.0067
9.1083 9.0546 9.0993 0.0067
9.1083 9.0546 9.0993 0.0067
9.1083 9.0546 9.0993 0.0067
9.1083 9.0546 9.0993 0.0067
9.1083 9.0546 9.0993 0.0067
9.1083 9.0546 9.0993 0.0067
9.1083 9.0546 9.0998 0.0050
9.1083 9.0546 9.0998 0.0050
9.1083 9.0546 9.0998 0.0050
9.1083 9.0546 9.0998 0.0050
9.1083 9.0546 9.0998 0.0050
9.1083 9.0546 9.0998 0.0051
9.1083 9.0546 9.0998 0.0051
9.1083 9.0546 9.0998 0.0051
9.1083 9.0546 9.0998 0.0051
9.1083 9.0546 9.0998 0.0051
9.1083 9.0546 9.0998 0.0051
9.1083 9.0546 9.0998 0.0051
9.1083 9.0546 9.0998 0.0051
9.1083 9.0546 9.0998 0.0051
9.1083 9.0546 9.0998 0.0051
9.1083 9.0546 9.0998 0.0051
9.1083 9.0546 9.0998 0.0051
9.1083 9.0546 9.0999 0.0051
9.1083 9.0546 9.0999 0.0051
9.1083 9.0546 9.0999 0.0051
9.1083 9.0546 9.0999 0.0051
9.1083 9.0546 9.0999 0.0051
9.1083 9.0546 9.0999 0.0051
9.1083 9.0546 9.0999 0.0051
9.1083 9.0546 9.0999 0.0051
9.1083 9.0546 9.0999 0.0051
9.1083 9.0546 9.1000 0.0051
9.1083 9.0546 9.1000 0.0051
9.1083 9.0546 9.1000 0.0051
9.1083 9.0546 9.1000 0.0051
9.1083 9.0546 9.1000 0.0051
9.1083 9.0546 9.1000 0.0051
9.1083 9.0546 9.1000 0.0051
9.1083 9.0546 9.1000 0.0051
9.1083 9.0546 9.1000 0.0051
9.1083 9.0546 9.1000 0.0051
9.1083 9.0546 9.1000 0.0051
9.1083 9.0546 9.1000 0.0051
9.1083 9.0546 9.1000 0.0051
9.1083 9.0546 9.1000 0.0051
9.1083 9.0546 9.1000 0.0051
9.1083 9.0546 9.1000 0.0051
9.1083 9.0546 9.1000 0.0051
9.1083 9.0546 9.1000 0.0051
9.1083 9.0546 9.1000 0.0051
9.1083 9.0546 9.1000 0.0051
9.1083 9.0546 9.1000 0.0051
9.1083 9.0546 9.1000 0.0051
9.1083 9.0546 9.1000 0.0051
9.1083 9.0546 9.1000 0.0051
9.1083 9.0546 9.1000 0.0051
9.1083 9.0546 9.1001 0.0051
9.1083 9.0546 9.1001 0.0051
9.1083 9.0546 9.1001 0.0051
9.1083 9.0546 9.1001 0.0051
9.1083 9.0546 9.1001 0.0051
9.1083 9.0546 9.1001 0.0051
9.1083 9.0546 9.1001 0.0051
9.1083 9.0546 9.1001 0.0051
9.1083 9.0546 9.1001 0.0051
9.1083 9.0546 9.1001 0.0051
9.1083 9.0546 9.1001 0.0051
9.1083 9.0546 9.1001 0.0051
9.1083 9.0546 9.1001 0.0051
9.1083 9.0546 9.1001 0.0051
9.1083 9.0546 9.1001 0.0051
9.1083 9.0546 9.1002 0.0051
9.1083 9.0546 9.1003 0.0050
9.1083 9.0546 9.1003 0.0050
9.1083 9.0546 9.1003 0.0050
9.1083 9.0546 9.1003 0.0050
9.1083 9.0546 9.1003 0.0050
9.1083 9.0546 9.1003 0.0050
9.1083 9.0546 9.1003 0.0050
9.1083 9.0546 9.1003 0.0050
9.1083 9.0546 9.1003 0.0050
9.1083 9.0546 9.1003 0.0050
9.1083 9.0546 9.1003 0.0050
9.1083 9.0546 9.1003 0.0050
9.1083 9.0546 9.1003 0.0050
9.1083 9.0546 9.1003 0.0050
9.1083 9.0546 9.1003 0.0050
9.1083 9.0546 9.1003 0.0050
9.1083 9.0546 9.1003 0.0050
9.1096 9.0546 9.1004 0.0051
9.1096 9.0546 9.1004 0.0051
9.1096 9.0546 9.1004 0.0051
9.1096 9.0546 9.1004 0.0051
9.1096 9.0546 9.1004 0.0051
9.1096 9.0546 9.1004 0.0051
9.1096 9.0546 9.1004 0.0051
9.1096 9.0546 9.1004 0.0051
9.1096 9.0546 9.1004 0.0051
9.1096 9.0546 9.1004 0.0051
9.1096 9.0546 9.1004 0.0051
9.1096 9.0546 9.1004 0.0051
9.1096 9.0546 9.1004 0.0051
9.1096 9.0546 9.1005 0.0051
9.1096 9.0546 9.1005 0.0051
9.1096 9.0546 9.1005 0.0051
9.1096 9.0546 9.1005 0.0051
9.1096 9.0546 9.1005 0.0051
9.1096 9.0546 9.1005 0.0051
9.1096 9.0546 9.1006 0.0051
9.1096 9.0546 9.1006 0.0051
9.1096 9.0546 9.1006 0.0051
9.1096 9.0546 9.1006 0.0051
9.1096 9.0982 9.1011 0.0022
9.1096 9.0982 9.1011 0.0022
9.1096 9.0982 9.1011 0.0022
9.1096 9.0982 9.1011 0.0022
9.1096 9.0982 9.1011 0.0022
9.1096 9.0982 9.1011 0.0022
9.1096 9.0982 9.1011 0.0022
9.1096 9.0982 9.1011 0.0022
9.1096 9.0982 9.1011 0.0022
9.1096 9.0982 9.1011 0.0022
9.1096 9.0982 9.1012 0.0022
9.1096 9.0982 9.1012 0.0022
9.1096 9.0982 9.1012 0.0022
9.1096 9.0982 9.1012 0.0022
9.1096 9.0982 9.1013 0.0022
9.1096 9.0982 9.1013 0.0022
9.1096 9.0982 9.1013 0.0022
9.1096 9.0982 9.1014 0.0023
9.1096 9.0982 9.1014 0.0023
9.1096 9.0982 9.1014 0.0023
9.1096 9.0982 9.1014 0.0023
9.1096 9.0982 9.1014 0.0023
9.1096 9.0982 9.1014 0.0023
9.1096 9.0982 9.1014 0.0023
9.1096 9.0982 9.1014 0.0023
9.1096 9.0982 9.1014 0.0023
9.1096 9.0982 9.1014 0.0023
9.1096 9.0982 9.1014 0.0023
9.1096 9.0982 9.1014 0.0023
9.1096 9.0982 9.1014 0.0023
9.1096 9.0982 9.1014 0.0023
9.1096 9.0982 9.1014 0.0023
9.1096 9.0982 9.1015 0.0024
9.1096 9.0982 9.1015 0.0024
9.1096 9.0982 9.1015 0.0024
9.1096 9.0982 9.1015 0.0024
9.1096 9.0982 9.1015 0.0024
9.1096 9.0982 9.1015 0.0024
9.1096 9.0982 9.1015 0.0024
9.1096 9.0982 9.1015 0.0024
9.1096 9.0982 9.1016 0.0024
9.1096 9.0982 9.1016 0.0024
9.1096 9.0982 9.1016 0.0024
9.1096 9.0982 9.1016 0.0024
9.1096 9.0982 9.1016 0.0024
9.1096 9.0982 9.1016 0.0024
9.1096 9.0982 9.1016 0.0024
9.1096 9.0982 9.1016 0.0024
9.1096 9.0982 9.1016 0.0024
9.1096 9.0982 9.1016 0.0024
9.1096 9.0982 9.1017 0.0024
9.1096 9.0982 9.1017 0.0024
9.1096 9.0982 9.1017 0.0024
9.1096 9.0982 9.1017 0.0024
9.1096 9.0982 9.1017 0.0024
9.1096 9.0982 9.1017 0.0024
9.1096 9.0982 9.1017 0.0024
9.1096 9.0982 9.1017 0.0024
9.1096 9.0982 9.1017 0.0024
9.1096 9.0982 9.1018 0.0023
9.1096 9.0982 9.1018 0.0023
9.1096 9.0982 9.1018 0.0023
9.1096 9.0982 9.1018 0.0023
9.1096 9.0982 9.1018 0.0023
9.1096 9.0982 9.1018 0.0023
9.1096 9.0982 9.1018 0.0023
9.1096 9.0982 9.1018 0.0023
9.1096 9.0982 9.1018 0.0023
9.1096 9.0982 9.1018 0.0023
9.1096 9.0982 9.1018 0.0023
9.1096 9.0982 9.1018 0.0023
9.1096 9.0982 9.1018 0.0024
9.1096 9.0982 9.1018 0.0024
9.1096 9.0982 9.1019 0.0023
9.1096 9.0982 9.1019 0.0023
9.1096 9.0982 9.1020 0.0024
9.1096 9.0982 9.1020 0.0024
9.1096 9.0982 9.1020 0.0024
9.1096 9.0982 9.1020 0.0024
9.1096 9.0982 9.1020 0.0024
9.1096 9.0982 9.1020 0.0024
9.1096 9.0982 9.1020 0.0024
9.1096 9.0982 9.1020 0.0025
9.1096 9.0982 9.1020 0.0025
9.1096 9.0982 9.1020 0.0025
9.1096 9.0982 9.1020 0.0025
9.1096 9.0982 9.1020 0.0025
9.1096 9.0982 9.1020 0.0025
9.1096 9.0982 9.1020 0.0025
9.1096 9.0982 9.1020 0.0025
9.1096 9.0982 9.1020 0.0025
9.1096 9.0982 9.1020 0.0025
9.1096 9.0982 9.1020 0.0025
9.1096 9.0982 9.1021 0.0025
9.1096 9.0982 9.1021 0.0025
9.1096 9.0982 9.1021 0.0025
9.1096 9.0982 9.1021 0.0025
9.1096 9.0982 9.1021 0.0025
9.1096 9.0982 9.1021 0.0025
9.1096 9.0982 9.1021 0.0025
9.1096 9.0982 9.1021 0.0025
9.1096 9.0982 9.1021 0.0025
9.1096 9.0982 9.1021 0.0024
9.1096 9.0982 9.1021 0.0024
9.1096 9.0982 9.1021 0.0024
9.1096 9.0982 9.1021 0.0024
9.1096 9.0982 9.1021 0.0024
9.1096 9.0982 9.1021 0.0024
9.1096 9.0982 9.1021 0.0024
9.1096 9.0982 9.1021 0.0024
9.1096 9.0982 9.1022 0.0025
9.1096 9.0982 9.1022 0.0025
9.1096 9.0982 9.1022 0.0025
9.1096 9.0982 9.1022 0.0025
9.1096 9.0982 9.1023 0.0025
9.1096 9.0982 9.1023 0.0025
9.1096 9.0982 9.1023 0.0025
9.1096 9.0982 9.1023 0.0025
9.1096 9.0982 9.1023 0.0025
9.1096 9.0982 9.1023 0.0025
9.1096 9.0982 9.1023 0.0025
9.1096 9.0982 9.1023 0.0025
9.1096 9.0982 9.1023 0.0025
9.1096 9.0982 9.1024 0.0025
9.1096 9.0982 9.1024 0.0025
9.1096 9.0982 9.1024 0.0025
9.1096 9.0982 9.1024 0.0025
9.1096 9.0982 9.1024 0.0025
9.1096 9.0982 9.1024 0.0024
9.1158 9.0982 9.1026 0.0028
9.1158 9.0982 9.1026 0.0028
9.1158 9.0982 9.1026 0.0028
9.1158 9.0982 9.1026 0.0027
9.1158 9.0982 9.1026 0.0027
9.1158 9.0982 9.1026 0.0027
9.1158 9.0982 9.1026 0.0028
9.1158 9.0982 9.1026 0.0028
9.1158 9.0982 9.1026 0.0027
9.1158 9.0982 9.1026 0.0027
9.1158 9.0982 9.1026 0.0027
9.1158 9.0982 9.1026 0.0027
9.1158 9.0982 9.1026 0.0027
9.1158 9.0982 9.1027 0.0028
9.1158 9.0982 9.1027 0.0028
9.1158 9.0982 9.1027 0.0028
9.1158 9.0982 9.1027 0.0028
9.1158 9.0982 9.1028 0.0027
9.1158 9.0982 9.1028 0.0028
9.1158 9.0982 9.1028 0.0028
9.1158 9.0982 9.1029 0.0027
9.1158 9.0982 9.1029 0.0027
9.1158 9.0982 9.1029 0.0027
9.1158 9.0982 9.1029 0.0027
9.1158 9.0982 9.1029 0.0027
9.1158 9.0982 9.1029 0.0027
9.1158 9.0982 9.1029 0.0027
9.1158 9.0982 9.1029 0.0027
9.1158 9.0982 9.1029 0.0027
9.1158 9.0982 9.1029 0.0027
9.1158 9.0982 9.1029 0.0027
9.1158 9.0982 9.1029 0.0027
9.1158 9.0982 9.1029 0.0027
9.1158 9.0982 9.1029 0.0027
9.1158 9.0982 9.1029 0.0027
9.1158 9.0982 9.1029 0.0027
9.1158 9.0982 9.1029 0.0027
9.1158 9.0982 9.1029 0.0027
9.1158 9.0982 9.1029 0.0027
9.1158 9.0982 9.1029 0.0027
9.1158 9.0982 9.1029 0.0027
9.1158 9.0982 9.1029 0.0027
9.1158 9.0982 9.1029 0.0027
9.1158 9.0982 9.1029 0.0027
9.1158 9.0982 9.1030 0.0028
9.1158 9.0982 9.1030 0.0028
9.1158 9.0982 9.1030 0.0028
9.1158 9.0982 9.1030 0.0028
9.1158 9.0982 9.1030 0.0028
9.1158 9.0982 9.1031 0.0027
9.1158 9.0982 9.1031 0.0027
9.1158 9.0982 9.1031 0.0028
9.1158 9.0982 9.1031 0.0028
9.1158 9.0982 9.1031 0.0028
9.1158 9.0982 9.1031 0.0028
9.1158 9.0982 9.1031 0.0028
9.1158 9.0982 9.1031 0.0028
9.1158 9.0982 9.1032 0.0028
9.1158 9.0982 9.1032 0.0028
9.1158 9.0982 9.1032 0.0028
9.1158 9.0982 9.1032 0.0028
9.1158 9.0982 9.1032 0.0028
9.1158 9.0982 9.1032 0.0028
9.1158 9.0982 9.1032 0.0028
9.1158 9.0982 9.1032 0.0028
9.1231 9.0982 9.1034 0.0034
9.1231 9.0982 9.1034 0.0034
9.1231 9.0982 9.1034 0.0034
9.1231 9.0982 9.1034 0.0034
9.1231 9.0982 9.1034 0.0034
9.1231 9.0982 9.1034 0.0034
9.1231 9.0982 9.1034 0.0034
9.1231 9.0982 9.1034 0.0034
9.1231 9.0982 9.1034 0.0034
9.1231 9.0982 9.1034 0.0033
9.1231 9.0982 9.1034 0.0033
9.1231 9.0982 9.1034 0.0033
9.1231 9.0982 9.1034 0.0033
9.1231 9.0982 9.1034 0.0033
9.1231 9.0982 9.1035 0.0033
9.1231 9.0982 9.1035 0.0033
9.1231 9.0982 9.1035 0.0033
9.1231 9.0982 9.1035 0.0033
9.1231 9.0982 9.1035 0.0033
9.1231 9.0982 9.1035 0.0033
9.1231 9.0982 9.1036 0.0033
9.1231 9.0982 9.1036 0.0033
9.1231 9.0982 9.1036 0.0033
9.1231 9.0982 9.1036 0.0033
9.1231 9.0982 9.1036 0.0033
9.1231 9.0982 9.1036 0.0033
9.1231 9.0982 9.1036 0.0033
9.1231 9.0982 9.1036 0.0033
9.1231 9.0982 9.1036 0.0033
9.1231 9.0982 9.1036 0.0033
9.1231 9.0982 9.1036 0.0033
9.1231 9.0982 9.1036 0.0033
9.1231 9.0982 9.1036 0.0033
9.1231 9.0982 9.1036 0.0033
9.1231 9.0982 9.1036 0.0033
9.1231 9.0982 9.1036 0.0033
9.1231 9.0982 9.1036 0.0033
9.1231 9.0982 9.1036 0.0033
9.1231 9.0982 9.1036 0.0033
9.1231 9.0982 9.1037 0.0034
9.1231 9.0982 9.1037 0.0034
9.1231 9.0982 9.1037 0.0034
9.1231 9.0982 9.1037 0.0034
9.1231 9.0982 9.1038 0.0034
9.1231 9.0982 9.1038 0.0034
9.1231 9.0982 9.1038 0.0034
9.1231 9.0982 9.1038 0.0034
9.1231 9.0982 9.1038 0.0034
9.1231 9.0982 9.1038 0.0034
9.1231 9.0982 9.1039 0.0034
9.1231 9.0982 9.1039 0.0034
9.1231 9.0982 9.1039 0.0034
9.1231 9.0982 9.1040 0.0034
9.1231 9.0982 9.1040 0.0034
9.1231 9.0982 9.1040 0.0034
9.1231 9.0982 9.1040 0.0034
9.1231 9.0982 9.1040 0.0034
9.1231 9.0982 9.1040 0.0034
9.1231 9.0982 9.1041 0.0034
9.1231 9.0982 9.1041 0.0034
9.1231 9.0982 9.1041 0.0034
9.1231 9.0982 9.1041 0.0034
9.1231 9.0982 9.1041 0.0034
9.1231 9.0982 9.1041 0.0034
9.1231 9.0982 9.1041 0.0034
9.1231 9.0982 9.1041 0.0034
9.1231 9.0982 9.1041 0.0034
9.1231 9.0982 9.1041 0.0034
9.1231 9.0982 9.1041 0.0034
9.1231 9.0982 9.1041 0.0034
9.1231 9.0982 9.1041 0.0034
9.1231 9.0982 9.1041 0.0034
9.1231 9.0982 9.1041 0.0034
9.1231 9.0982 9.1041 0.0034
9.1231 9.0982 9.1041 0.0034
9.1231 9.0982 9.1042 0.0034
9.1231 9.0982 9.1042 0.0034
9.1231 9.0982 9.1042 0.0034
9.1231 9.0982 9.1042 0.0034
9.1231 9.0982 9.1042 0.0034
9.1231 9.0982 9.1042 0.0034
9.1231 9.0982 9.1042 0.0034
9.1231 9.0982 9.1042 0.0034
9.1231 9.0982 9.1042 0.0034
9.1231 9.0982 9.1042 0.0034
9.1231 9.0982 9.1042 0.0034
9.1231 9.0982 9.1042 0.0034
9.1231 9.0982 9.1042 0.0034
9.1231 9.0982 9.1042 0.0034
9.1231 9.0982 9.1042 0.0034
9.1231 9.0982 9.1042 0.0034
9.1231 9.0982 9.1042 0.0034
9.1231 9.0982 9.1042 0.0034
9.1231 9.0982 9.1042 0.0034
9.1231 9.0982 9.1042 0.0034
9.1231 9.0982 9.1042 0.0034
9.1231 9.0982 9.1042 0.0034
9.1231 9.0982 9.1043 0.0034
9.1231 9.0982 9.1043 0.0034
9.1231 9.0982 9.1044 0.0036
9.1231 9.0982 9.1044 0.0036
9.1231 9.0982 9.1044 0.0036
9.1231 9.0982 9.1044 0.0036
9.1231 9.0982 9.1044 0.0036
9.1231 9.0982 9.1044 0.0036
9.1231 9.0982 9.1045 0.0037
9.1231 9.0982 9.1045 0.0037
9.1231 9.0982 9.1045 0.0037
9.1231 9.0982 9.1046 0.0037
9.1231 9.0982 9.1046 0.0037
9.1231 9.0982 9.1046 0.0037
9.1231 9.0982 9.1046 0.0037
9.1231 9.0982 9.1047 0.0037
9.1231 9.0982 9.1047 0.0037
9.1231 9.0982 9.1047 0.0037
9.1231 9.0982 9.1047 0.0037
9.1231 9.0982 9.1047 0.0037
9.1231 9.0982 9.1047 0.0037
9.1231 9.0982 9.1047 0.0037
9.1231 9.0982 9.1047 0.0037
9.1231 9.0982 9.1047 0.0037
9.1231 9.0982 9.1047 0.0037
9.1231 9.0982 9.1047 0.0037
9.1231 9.0982 9.1047 0.0037
9.1231 9.0982 9.1047 0.0037
9.1231 9.0982 9.1047 0.0037
9.1231 9.0982 9.1048 0.0038
9.1231 9.0982 9.1048 0.0038
9.1231 9.0982 9.1048 0.0038
9.1231 9.0982 9.1048 0.0038
9.1231 9.0982 9.1048 0.0038
9.1231 9.0982 9.1049 0.0038
9.1231 9.0982 9.1049 0.0038
9.1231 9.0982 9.1049 0.0038
9.1231 9.0982 9.1049 0.0038
9.1231 9.0982 9.1049 0.0038
9.1231 9.0982 9.1049 0.0038
9.1231 9.0982 9.1049 0.0038
9.1231 9.0982 9.1049 0.0038
9.1231 9.0982 9.1049 0.0038
9.1231 9.0982 9.1049 0.0038
9.1231 9.0982 9.1049 0.0038
9.1231 9.0982 9.1049 0.0038
9.1231 9.0982 9.1049 0.0038
9.1231 9.0982 9.1050 0.0038
9.1231 9.0982 9.1050 0.0038
9.1231 9.0982 9.1050 0.0038
9.1231 9.0982 9.1050 0.0038
9.1231 9.0982 9.1050 0.0038
9.1231 9.0982 9.1050 0.0038
9.1231 9.0982 9.1050 0.0038
9.1231 9.0982 9.1050 0.0038
9.1231 9.0982 9.1050 0.0038
9.1231 9.0982 9.1050 0.0038
9.1231 9.0982 9.1050 0.0038
9.1231 9.0982 9.1050 0.0038
9.1231 9.0982 9.1050 0.0038
9.1231 9.0982 9.1050 0.0038
9.1231 9.0982 9.1050 0.0038
9.1231 9.0982 9.1050 0.0038
9.1231 9.0982 9.1050 0.0038
9.1231 9.0982 9.1050 0.0038
9.1231 9.0982 9.1050 0.0038
9.1293 9.0982 9.1055 0.0051
9.1293 9.0982 9.1055 0.0051
9.1293 9.0982 9.1055 0.0051
9.1293 9.0982 9.1055 0.0051
9.1293 9.0982 9.1055 0.0051
9.1293 9.0982 9.1055 0.0051
9.1293 9.0982 9.1055 0.0051
9.1293 9.0982 9.1058 0.0056
9.1293 9.0982 9.1058 0.0056
9.1293 9.0982 9.1058 0.0056
9.1293 9.0982 9.1058 0.0056
9.1293 9.0982 9.1058 0.0056
9.1293 9.0982 9.1058 0.0056
9.1293 9.0992 9.1058 0.0056
9.1293 9.0992 9.1059 0.0056
9.1293 9.0992 9.1059 0.0056
9.1293 9.0992 9.1059 0.0056
9.1293 9.0992 9.1061 0.0059
9.1293 9.0992 9.1061 0.0059
9.1293 9.0992 9.1061 0.0059
9.1293 9.0992 9.1061 0.0059
9.1293 9.0992 9.1061 0.0059
9.1293 9.0992 9.1064 0.0061
9.1293 9.0992 9.1064 0.0061
9.1293 9.0992 9.1064 0.0061
9.1293 9.0992 9.1064 0.0061
9.1293 9.0992 9.1064 0.0061
9.1293 9.0992 9.1064 0.0061
9.1293 9.0992 9.1064 0.0061
9.1293 9.0992 9.1067 0.0065
9.1293 9.0992 9.1067 0.0065
9.1293 9.0992 9.1068 0.0065
9.1293 9.0992 9.1068 0.0065
9.1293 9.0992 9.1068 0.0065
9.1293 9.0992 9.1068 0.0065
9.1293 9.0992 9.1069 0.0065
9.1293 9.0992 9.1069 0.0065
9.1293 9.0992 9.1069 0.0065
9.1293 9.0992 9.1069 0.0065
9.1293 9.0992 9.1069 0.0065
9.1293 9.0992 9.1069 0.0065
9.1293 9.0992 9.1069 0.0065
9.1293 9.0992 9.1069 0.0065
9.1293 9.0992 9.1069 0.0065
9.1293 9.0992 9.1070 0.0065
9.1293 9.0992 9.1070 0.0065
9.1293 9.0992 9.1070 0.0065
9.1293 9.0992 9.1071 0.0065
9.1293 9.0992 9.1071 0.0065
9.1293 9.0992 9.1071 0.0065
9.1293 9.0992 9.1071 0.0065
9.1293 9.0992 9.1071 0.0065
9.1293 9.0992 9.1071 0.0065
9.1293 9.0992 9.1071 0.0065
9.1293 9.0992 9.1071 0.0065
9.1293 9.0992 9.1071 0.0065
9.1293 9.0992 9.1071 0.0065
9.1293 9.0992 9.1071 0.0065
9.1293 9.0992 9.1071 0.0065
9.1293 9.0992 9.1071 0.0065
9.1293 9.0992 9.1071 0.0065
9.1293 9.0992 9.1071 0.0065
9.1293 9.0992 9.1071 0.0065
9.1293 9.0992 9.1071 0.0065
9.1293 9.0992 9.1071 0.0064
9.1293 9.0992 9.1071 0.0064
9.1293 9.0992 9.1072 0.0065
9.1293 9.0992 9.1072 0.0065
9.1293 9.0992 9.1073 0.0065
9.1293 9.0992 9.1074 0.0066
9.1293 9.0992 9.1076 0.0069
9.1293 9.0992 9.1076 0.0069
9.1293 9.0992 9.1076 0.0069
9.1293 9.0992 9.1076 0.0069
9.1293 9.0992 9.1076 0.0069
9.1293 9.0992 9.1077 0.0069
9.1293 9.0992 9.1077 0.0069
9.1293 9.0992 9.1077 0.0069
9.1293 9.0992 9.1077 0.0069
9.1293 9.0992 9.1077 0.0069
9.1293 9.0992 9.1077 0.0069
9.1293 9.0992 9.1077 0.0069
9.1293 9.0992 9.1077 0.0069
9.1293 9.0992 9.1077 0.0069
9.1293 9.0992 9.1077 0.0069
9.1293 9.0992 9.1077 0.0069
9.1293 9.0992 9.1078 0.0069
9.1293 9.0992 9.1078 0.0069
9.1293 9.0992 9.1079 0.0069
9.1293 9.0992 9.1079 0.0069
9.1293 9.0992 9.1079 0.0069
9.1293 9.0992 9.1079 0.0069
9.1293 9.0992 9.1079 0.0069
9.1293 9.0992 9.1079 0.0069
9.1293 9.0992 9.1079 0.0069
9.1293 9.0992 9.1079 0.0069
9.1293 9.0992 9.1079 0.0069
9.1293 9.0992 9.1080 0.0069
9.1293 9.0992 9.1080 0.0069
9.1293 9.0992 9.1080 0.0069
9.1293 9.0992 9.1080 0.0069
9.1293 9.0992 9.1081 0.0069
9.1293 9.0992 9.1081 0.0069
9.1293 9.0992 9.1081 0.0069
9.1293 9.0992 9.1081 0.0069
9.1293 9.0992 9.1081 0.0069
9.1293 9.0992 9.1081 0.0069
9.1293 9.0992 9.1081 0.0069
9.1293 9.0992 9.1081 0.0069
9.1293 9.0992 9.1081 0.0069
9.1293 9.0992 9.1081 0.0069
9.1293 9.0992 9.1081 0.0069
9.1293 9.0992 9.1081 0.0069
9.1293 9.0992 9.1081 0.0069
9.1293 9.0992 9.1081 0.0069
9.1293 9.0992 9.1081 0.0069
9.1293 9.0992 9.1082 0.0070
9.1293 9.0992 9.1082 0.0070
9.1293 9.0992 9.1082 0.0070
9.1293 9.0992 9.1082 0.0070
9.1293 9.0992 9.1082 0.0070
9.1293 9.0992 9.1082 0.0070
9.1293 9.0992 9.1082 0.0070
9.1293 9.0992 9.1082 0.0069
9.1293 9.0992 9.1082 0.0069
9.1293 9.0992 9.1082 0.0069
9.1293 9.0992 9.1082 0.0069
9.1293 9.0992 9.1083 0.0069
9.1293 9.0992 9.1083 0.0069
9.1293 9.0992 9.1084 0.0069
9.1293 9.0992 9.1084 0.0069
9.1293 9.0992 9.1084 0.0069
9.1293 9.0992 9.1084 0.0069
9.1293 9.0992 9.1085 0.0069
9.1293 9.0992 9.1085 0.0068
9.1293 9.0992 9.1085 0.0068
9.1293 9.0992 9.1085 0.0068
9.1293 9.0992 9.1085 0.0068
9.1293 9.0992 9.1086 0.0068
9.1293 9.0992 9.1086 0.0068
9.1293 9.0992 9.1086 0.0068
9.1293 9.0992 9.1086 0.0068
9.1293 9.0992 9.1086 0.0068
9.1293 9.0992 9.1086 0.0068
9.1293 9.0992 9.1086 0.0068
9.1293 9.0992 9.1086 0.0068
9.1293 9.0992 9.1086 0.0068
9.1293 9.0992 9.1087 0.0069
9.1293 9.0992 9.1087 0.0069
9.1293 9.0992 9.1087 0.0069
9.1293 9.0992 9.1087 0.0069
9.1293 9.0992 9.1087 0.0069
9.1293 9.0992 9.1088 0.0069
9.1293 9.0992 9.1088 0.0069
9.1293 9.0992 9.1088 0.0069
9.1293 9.0992 9.1088 0.0069
9.1293 9.0992 9.1088 0.0069
9.1293 9.0992 9.1089 0.0069
9.1293 9.0992 9.1089 0.0069
9.1293 9.0992 9.1089 0.0069
9.1293 9.0992 9.1089 0.0069
9.1293 9.0992 9.1089 0.0069
9.1293 9.0992 9.1089 0.0069
9.1293 9.0992 9.1089 0.0069
9.1293 9.0992 9.1089 0.0069
9.1293 9.0992 9.1089 0.0069
9.1293 9.0992 9.1089 0.0069
9.1293 9.0992 9.1089 0.0068
9.1293 9.0992 9.1090 0.0068
9.1293 9.0992 9.1090 0.0068
9.1293 9.0992 9.1090 0.0068
9.1293 9.0992 9.1090 0.0068
9.1293 9.0992 9.1090 0.0068
9.1293 9.0992 9.1090 0.0068
9.1293 9.0992 9.1090 0.0068
9.1293 9.0992 9.1092 0.0068
9.1293 9.0992 9.1092 0.0068
9.1293 9.0992 9.1092 0.0068
9.1293 9.0992 9.1092 0.0068
9.1293 9.0992 9.1092 0.0068
9.1293 9.0992 9.1092 0.0068
9.1293 9.0992 9.1092 0.0068
9.1293 9.0992 9.1092 0.0068
9.1293 9.0992 9.1094 0.0071
9.1293 9.0992 9.1094 0.0071
9.1293 9.0992 9.1094 0.0071
9.1293 9.0992 9.1094 0.0071
9.1293 9.0992 9.1094 0.0071
9.1293 9.0992 9.1094 0.0071
9.1293 9.0992 9.1094 0.0070
9.1293 9.0992 9.1094 0.0070
9.1293 9.0992 9.1094 0.0070
9.1293 9.0992 9.1094 0.0070
9.1293 9.0992 9.1094 0.0070
9.1293 9.0992 9.1094 0.0070
9.1293 9.0992 9.1094 0.0070
9.1293 9.0992 9.1094 0.0070
9.1293 9.0992 9.1094 0.0070
9.1293 9.0992 9.1094 0.0070
9.1293 9.0992 9.1094 0.0070
9.1293 9.0992 9.1094 0.0070
9.1293 9.0992 9.1094 0.0070
9.1293 9.0992 9.1094 0.0070
9.1293 9.0992 9.1096 0.0071
9.1293 9.0992 9.1096 0.0071
9.1293 9.0992 9.1096 0.0070
9.1293 9.0992 9.1096 0.0070
9.1293 9.0992 9.1096 0.0070
9.1293 9.0992 9.1096 0.0070
9.1293 9.0992 9.1096 0.0070
9.1293 9.0992 9.1096 0.0070
9.1293 9.0992 9.1096 0.0070
9.1293 9.0992 9.1096 0.0070
9.1293 9.0992 9.1096 0.0070
9.1293 9.0992 9.1096 0.0070
9.1293 9.0992 9.1096 0.0070
9.1293 9.0992 9.1097 0.0071
9.1293 9.0992 9.1097 0.0071
9.1293 9.0992 9.1098 0.0071
9.1293 9.0992 9.1098 0.0071
9.1293 9.0992 9.1098 0.0071
9.1293 9.0992 9.1098 0.0071
9.1293 9.0992 9.1098 0.0071
9.1293 9.0992 9.1098 0.0071
9.1293 9.0992 9.1098 0.0071
9.1293 9.0992 9.1101 0.0074
9.1293 9.0992 9.1102 0.0073
9.1293 9.0992 9.1102 0.0073
9.1293 9.0992 9.1102 0.0073
9.1293 9.0992 9.1103 0.0073
9.1293 9.0992 9.1103 0.0073
9.1293 9.0992 9.1103 0.0073
9.1293 9.0992 9.1103 0.0073
9.1293 9.0992 9.1103 0.0073
9.1293 9.0992 9.1103 0.0073
9.1293 9.0992 9.1103 0.0073
9.1293 9.0992 9.1103 0.0073
9.1314 9.0992 9.1106 0.0076
9.1314 9.0992 9.1106 0.0076
9.1314 9.0992 9.1106 0.0076
9.1314 9.0992 9.1106 0.0076
9.1314 9.0992 9.1106 0.0076
9.1314 9.0992 9.1106 0.0076
9.1314 9.0992 9.1106 0.0075
9.1314 9.0992 9.1107 0.0076
9.1314 9.0992 9.1108 0.0076
9.1314 9.0992 9.1108 0.0076
9.1314 9.0992 9.1108 0.0076
9.1314 9.0992 9.1108 0.0076
9.1314 9.0992 9.1108 0.0076
9.1314 9.0992 9.1108 0.0076
9.1314 9.0992 9.1109 0.0076
9.1314 9.0992 9.1109 0.0076
9.1314 9.0992 9.1109 0.0076
9.1314 9.0992 9.1111 0.0077
9.1314 9.0992 9.1111 0.0076
9.1314 9.0992 9.1112 0.0077
9.1314 9.0992 9.1112 0.0077
9.1314 9.0992 9.1113 0.0077
9.1314 9.0992 9.1113 0.0077
9.1314 9.0992 9.1113 0.0077
9.1314 9.0992 9.1113 0.0077
9.1314 9.0992 9.1114 0.0077
9.1314 9.0992 9.1115 0.0077
9.1314 9.0992 9.1115 0.0077
9.1314 9.0992 9.1115 0.0077
9.1314 9.0992 9.1115 0.0077
9.1314 9.0992 9.1115 0.0077
9.1314 9.0992 9.1116 0.0077
9.1314 9.0992 9.1116 0.0077
9.1314 9.0992 9.1116 0.0077
9.1314 9.0992 9.1116 0.0077
9.1314 9.0992 9.1116 0.0077
9.1314 9.0992 9.1116 0.0077
9.1314 9.0992 9.1116 0.0077
9.1314 9.0992 9.1118 0.0077
9.1314 9.0992 9.1118 0.0077
9.1314 9.0992 9.1118 0.0077
9.1314 9.0992 9.1118 0.0077
9.1314 9.0992 9.1118 0.0077
9.1314 9.0992 9.1118 0.0077
9.1314 9.0992 9.1118 0.0077
9.1314 9.0992 9.1118 0.0077
9.1314 9.0992 9.1119 0.0076
9.1314 9.0992 9.1119 0.0076
9.1314 9.0992 9.1119 0.0076
9.1314 9.0992 9.1120 0.0076
9.1314 9.0992 9.1120 0.0076
9.1314 9.0992 9.1120 0.0076
9.1314 9.0992 9.1121 0.0075
9.1314 9.0992 9.1121 0.0076
9.1314 9.0992 9.1121 0.0076
9.1314 9.0992 9.1121 0.0076
9.1314 9.0992 9.1121 0.0076
9.1314 9.0992 9.1121 0.0076
9.1314 9.0992 9.1122 0.0075
9.1314 9.0992 9.1122 0.0075
9.1314 9.0992 9.1122 0.0075
9.1314 9.0992 9.1122 0.0075
9.1314 9.0992 9.1122 0.0075
9.1314 9.0992 9.1122 0.0075
9.1314 9.0992 9.1122 0.0075
9.1314 9.0992 9.1123 0.0075
9.1314 9.0992 9.1123 0.0075
9.1314 9.0992 9.1123 0.0075
9.1314 9.0992 9.1125 0.0075
9.1314 9.0992 9.1125 0.0075
9.1314 9.0992 9.1125 0.0076
9.1314 9.0992 9.1125 0.0076
9.1314 9.0992 9.1126 0.0076
9.1314 9.0992 9.1126 0.0076
9.1314 9.0992 9.1126 0.0077
9.1314 9.0992 9.1128 0.0079
9.1314 9.0992 9.1129 0.0079
9.1314 9.0992 9.1130 0.0080
9.1314 9.0992 9.1130 0.0080
9.1314 9.0992 9.1131 0.0080
9.1314 9.0992 9.1131 0.0080
9.1314 9.0992 9.1131 0.0080
9.1314 9.0992 9.1131 0.0080
9.1314 9.0992 9.1131 0.0080
9.1314 9.0992 9.1131 0.0080
9.1314 9.0992 9.1131 0.0080
9.1314 9.0992 9.1133 0.0080
9.1314 9.0992 9.1133 0.0080
9.1314 9.0992 9.1135 0.0080
9.1314 9.0992 9.1135 0.0080
9.1314 9.0992 9.1135 0.0080
9.1314 9.0992 9.1135 0.0080
9.1314 9.0992 9.1135 0.0080
9.1314 9.0992 9.1135 0.0080
9.1314 9.0992 9.1135 0.0080
9.1314 9.0992 9.1135 0.0080
9.1314 9.0992 9.1135 0.0080
9.1314 9.0992 9.1135 0.0080
9.1314 9.0992 9.1135 0.0080
9.1314 9.0992 9.1135 0.0080
9.1314 9.0992 9.1137 0.0082
9.1314 9.0992 9.1137 0.0082
9.1314 9.0992 9.1137 0.0082
9.1314 9.0992 9.1137 0.0082
9.1314 9.0992 9.1138 0.0081
9.1314 9.0992 9.1138 0.0081
9.1314 9.0992 9.1138 0.0081
9.1314 9.0992 9.1138 0.0081
9.1314 9.0992 9.1139 0.0080
9.1314 9.0992 9.1140 0.0080
9.1314 9.0992 9.1141 0.0081
9.1314 9.0992 9.1141 0.0081
9.1314 9.0992 9.1141 0.0081
9.1314 9.0992 9.1141 0.0081
9.1314 9.0992 9.1143 0.0080
9.1314 9.0992 9.1143 0.0080
9.1314 9.0992 9.1143 0.0079
9.1314 9.0992 9.1145 0.0081
9.1350 9.0992 9.1147 0.0083
9.1350 9.0992 9.1147 0.0083
9.1350 9.0992 9.1147 0.0083
9.1350 9.0992 9.1147 0.0083
9.1350 9.0992 9.1147 0.0083
9.1350 9.0992 9.1148 0.0085
9.1350 9.0992 9.1149 0.0084
9.1350 9.0992 9.1151 0.0086
9.1350 9.0992 9.1151 0.0086
9.1350 9.0992 9.1151 0.0086
9.1350 9.0992 9.1151 0.0086
9.1350 9.0992 9.1151 0.0086
9.1350 9.0992 9.1151 0.0086
9.1350 9.0992 9.1151 0.0086
9.1350 9.0992 9.1153 0.0086
9.1350 9.1021 9.1154 0.0084
9.1350 9.1021 9.1154 0.0084
9.1350 9.1021 9.1156 0.0083
9.1350 9.1021 9.1156 0.0083
9.1350 9.1021 9.1158 0.0083
9.1350 9.1021 9.1158 0.0083
9.1350 9.1021 9.1158 0.0083
9.1350 9.1021 9.1158 0.0083
9.1350 9.1021 9.1158 0.0083
9.1350 9.1021 9.1158 0.0083
9.1350 9.1021 9.1158 0.0083
9.1350 9.1021 9.1158 0.0083
9.1350 9.1021 9.1158 0.0083
9.1350 9.1021 9.1159 0.0083
9.1350 9.1021 9.1159 0.0083
9.1350 9.1021 9.1159 0.0083
9.1350 9.1021 9.1161 0.0084
9.1350 9.1021 9.1161 0.0084
9.1350 9.1021 9.1161 0.0084
9.1350 9.1021 9.1161 0.0084
9.1350 9.1021 9.1161 0.0084
9.1350 9.1021 9.1161 0.0084
9.1350 9.1021 9.1161 0.0084
9.1350 9.1021 9.1161 0.0084
9.1350 9.1021 9.1162 0.0084
9.1350 9.1021 9.1163 0.0084
9.1350 9.1021 9.1163 0.0084
9.1350 9.1021 9.1165 0.0083
9.1350 9.1021 9.1165 0.0083
9.1350 9.1021 9.1165 0.0083
9.1350 9.1021 9.1165 0.0083
9.1350 9.1021 9.1165 0.0083
9.1350 9.1021 9.1165 0.0083
9.1350 9.1021 9.1167 0.0084
9.1350 9.1021 9.1168 0.0084
9.1350 9.1021 9.1168 0.0084
9.1350 9.1021 9.1169 0.0084
9.3499 9.1021 9.1192 0.0247
9.3499 9.1021 9.1192 0.0247
9.3499 9.1021 9.1192 0.0247
9.3499 9.1021 9.1192 0.0247
9.3499 9.1021 9.1193 0.0246
9.3499 9.1021 9.1193 0.0246
9.3499 9.1021 9.1193 0.0246
9.3499 9.1021 9.1193 0.0246
9.3499 9.1021 9.1194 0.0246
9.3499 9.1021 9.1194 0.0246
9.3499 9.1021 9.1194 0.0246
9.3499 9.1021 9.1194 0.0246
9.3499 9.1021 9.1195 0.0246
9.3499 9.1021 9.1195 0.0246
9.3499 9.1021 9.1195 0.0246
9.3499 9.1021 9.1195 0.0246
9.3499 9.1021 9.1195 0.0246
9.3499 9.1021 9.1195 0.0246
9.3499 9.1021 9.1195 0.0246
9.3499 9.1021 9.1195 0.0246
9.3499 9.1021 9.1195 0.0246
9.3499 9.1021 9.1196 0.0246
9.3499 9.1021 9.1196 0.0246
9.3499 9.1021 9.1197 0.0246
9.3499 9.1021 9.1197 0.0246
9.3499 9.1021 9.1198 0.0246
9.3499 9.1021 9.1201 0.0248
9.3499 9.1021 9.1201 0.0248
9.3499 9.1021 9.1201 0.0248
9.3499 9.1021 9.1203 0.0247
9.3499 9.1041 9.1205 0.0247
9.3499 9.1041 9.1207 0.0247
9.3499 9.1041 9.1207 0.0247
9.3499 9.1041 9.1207 0.0247
9.3499 9.1041 9.1207 0.0247
9.3499 9.1041 9.1209 0.0247
9.3499 9.1041 9.1210 0.0247
9.3499 9.1041 9.1210 0.0247
9.3499 9.1041 9.1211 0.0247
9.3499 9.1041 9.1211 0.0247
9.3499 9.1041 9.1211 0.0247
9.3499 9.1041 9.1211 0.0247
9.3499 9.1041 9.1212 0.0247
9.3499 9.1041 9.1212 0.0247
9.3499 9.1041 9.1212 0.0247
9.3499 9.1041 9.1212 0.0247
9.3499 9.1041 9.1212 0.0247
9.3499 9.1041 9.1212 0.0247
9.3499 9.1041 9.1212 0.0247
9.3499 9.1041 9.1212 0.0247
9.3499 9.1041 9.1212 0.0247
9.3499 9.1041 9.1212 0.0247
9.3499 9.1041 9.1212 0.0247
9.3499 9.1041 9.1212 0.0247
9.3499 9.1041 9.1213 0.0247
9.3499 9.1041 9.1213 0.0247
9.3499 9.1041 9.1215 0.0248
9.3499 9.1041 9.1215 0.0248
9.3499 9.1041 9.1215 0.0248
9.3499 9.1041 9.1215 0.0248
9.3499 9.1041 9.1215 0.0248
9.3499 9.1041 9.1215 0.0248
9.3499 9.1041 9.1215 0.0248
9.3499 9.1041 9.1215 0.0248
9.3499 9.1041 9.1215 0.0248
9.3499 9.1041 9.1218 0.0249
9.3499 9.1041 9.1218 0.0249
9.3499 9.1041 9.1219 0.0250
9.3499 9.1041 9.1220 0.0250
9.3499 9.1041 9.1221 0.0250
9.3499 9.1041 9.1222 0.0250
9.3499 9.1041 9.1222 0.0250
9.3499 9.1041 9.1223 0.0250
9.3499 9.1041 9.1223 0.0250
9.3499 9.1041 9.1223 0.0250
9.3499 9.1041 9.1223 0.0250
9.3499 9.1041 9.1225 0.0251
9.3499 9.1041 9.1225 0.0251
9.3499 9.1041 9.1225 0.0251
9.3499 9.1041 9.1225 0.0251
9.3499 9.1041 9.1225 0.0251
9.3499 9.1041 9.1225 0.0251
9.3499 9.1041 9.1225 0.0251
9.3499 9.1041 9.1231 0.0256
9.3499 9.1041 9.1231 0.0256
9.3499 9.1041 9.1231 0.0256
9.3499 9.1041 9.1233 0.0256
9.3499 9.1041 9.1233 0.0256
9.3499 9.1041 9.1233 0.0256
9.3499 9.1041 9.1237 0.0257
9.3499 9.1041 9.1237 0.0257
9.3499 9.1041 9.1237 0.0257
9.3499 9.1041 9.1237 0.0257
9.3499 9.1041 9.1237 0.0257
9.3499 9.1041 9.1237 0.0257
9.3499 9.1041 9.1237 0.0257
9.3499 9.1041 9.1240 0.0258
9.3499 9.1041 9.1240 0.0258
9.3499 9.1041 9.1241 0.0257
9.3499 9.1041 9.1243 0.0257
9.3499 9.1041 9.1243 0.0257
9.3499 9.1041 9.1243 0.0257
9.3499 9.1041 9.1243 0.0257
9.3499 9.1041 9.1243 0.0257
9.3499 9.1041 9.1243 0.0257
9.3499 9.1041 9.1243 0.0257
9.3499 9.1041 9.1243 0.0257
9.3499 9.1041 9.1245 0.0257
9.3499 9.1041 9.1245 0.0257
9.3499 9.1041 9.1245 0.0257
9.3499 9.1041 9.1247 0.0258
9.3499 9.1041 9.1247 0.0258
9.3499 9.1041 9.1247 0.0258
9.3499 9.1041 9.1252 0.0260
9.3499 9.1041 9.1252 0.0260
9.3499 9.1041 9.1252 0.0260
9.3499 9.1041 9.1252 0.0260
9.3499 9.1041 9.1252 0.0260
9.3499 9.1041 9.1252 0.0260
9.3499 9.1041 9.1253 0.0259
9.3499 9.1041 9.1253 0.0259
9.3499 9.1041 9.1253 0.0259
9.3499 9.1041 9.1254 0.0259
9.3499 9.1041 9.1255 0.0258
9.3499 9.1041 9.1255 0.0258
9.3499 9.1041 9.1255 0.0258
9.3499 9.1041 9.1255 0.0258
9.3499 9.1041 9.1258 0.0257
9.3499 9.1041 9.1258 0.0257
9.3499 9.1041 9.1258 0.0257
9.3499 9.1041 9.1258 0.0257
9.3499 9.1041 9.1258 0.0257
9.3499 9.1041 9.1259 0.0257
9.3499 9.1041 9.1259 0.0257
9.3499 9.1041 9.1259 0.0257
9.3499 9.1041 9.1259 0.0257
9.3499 9.1041 9.1259 0.0257
9.3499 9.1041 9.1259 0.0257
9.3499 9.1041 9.1259 0.0257
9.3499 9.1041 9.1260 0.0257
9.3499 9.1041 9.1260 0.0257
9.3499 9.1041 9.1260 0.0257
9.3499 9.1041 9.1261 0.0256
9.3499 9.1041 9.1261 0.0256
9.3499 9.1041 9.1262 0.0256
9.3499 9.1041 9.1262 0.0256
9.3499 9.1041 9.1263 0.0256
9.3499 9.1041 9.1263 0.0256
9.3499 9.1041 9.1264 0.0255
9.3499 9.1041 9.1264 0.0255
9.3499 9.1041 9.1264 0.0255
9.3499 9.1041 9.1264 0.0255
9.3499 9.1041 9.1266 0.0255
9.3499 9.1041 9.1266 0.0255
9.3499 9.1041 9.1267 0.0255
9.3499 9.1041 9.1267 0.0255
9.3499 9.1041 9.1267 0.0255
9.3499 9.1041 9.1268 0.0255
9.3499 9.1041 9.1268 0.0255
9.3499 9.1041 9.1268 0.0255
9.3499 9.1041 9.1268 0.0255
9.3499 9.1041 9.1270 0.0255
9.3499 9.1041 9.1270 0.0255
9.3499 9.1041 9.1273 0.0255
9.3499 9.1041 9.1273 0.0255
9.3499 9.1041 9.1273 0.0255
9.3499 9.1041 9.1273 0.0255
9.3499 9.1041 9.1273 0.0255
9.3499 9.1041 9.1274 0.0255
9.3499 9.1041 9.1274 0.0255
9.3499 9.1041 9.1275 0.0255
9.3499 9.1041 9.1275 0.0255
9.3499 9.1041 9.1275 0.0255
9.3499 9.1041 9.1275 0.0255
9.3499 9.1041 9.1275 0.0255
9.3499 9.1041 9.1276 0.0255
9.3499 9.1041 9.1277 0.0254
9.3499 9.1041 9.1277 0.0254
9.3499 9.1041 9.1277 0.0254
9.3499 9.1041 9.1278 0.0253
9.3499 9.1041 9.1278 0.0253
9.3499 9.1041 9.1279 0.0253
9.3499 9.1041 9.1279 0.0253
9.3499 9.1041 9.1279 0.0253
9.3499 9.1041 9.1279 0.0253
9.3499 9.1041 9.1281 0.0252
9.3499 9.1041 9.1282 0.0253
9.3499 9.1041 9.1282 0.0253
9.3499 9.1041 9.1282 0.0253
9.3499 9.1041 9.1282 0.0253
9.3499 9.1041 9.1282 0.0253
9.3499 9.1041 9.1282 0.0253
9.3499 9.1041 9.1282 0.0253
9.3499 9.1041 9.1282 0.0253
9.3499 9.1041 9.1282 0.0253
9.3499 9.1041 9.1282 0.0253
9.3499 9.1041 9.1282 0.0252
9.3499 9.1041 9.1284 0.0253
9.3499 9.1041 9.1284 0.0253
9.3499 9.1041 9.1286 0.0253
9.3499 9.1041 9.1287 0.0253
9.3499 9.1041 9.1289 0.0252
9.3499 9.1041 9.1289 0.0252
9.3499 9.1041 9.1289 0.0252
9.3499 9.1041 9.1289 0.0252
9.3499 9.1041 9.1289 0.0252
9.3499 9.1041 9.1289 0.0251
9.3499 9.1041 9.1290 0.0251
9.3499 9.1041 9.1290 0.0251
9.3499 9.1041 9.1290 0.0251
9.3499 9.1041 9.1290 0.0251
9.3499 9.1041 9.1290 0.0251
9.3499 9.1041 9.1290 0.0251
9.3499 9.1041 9.1290 0.0251
9.3499 9.1041 9.1290 0.0251
9.3499 9.1070 9.1296 0.0252
9.3499 9.1070 9.1296 0.0252
9.3499 9.1070 9.1296 0.0252
9.3499 9.1070 9.1297 0.0252
9.3499 9.1070 9.1297 0.0252
9.3499 9.1070 9.1297 0.0252
9.3499 9.1070 9.1297 0.0252
9.3499 9.1070 9.1297 0.0252
9.3499 9.1070 9.1297 0.0252
9.3499 9.1070 9.1297 0.0252
9.3499 9.1070 9.1297 0.0252
9.3499 9.1070 9.1297 0.0252
9.3499 9.1070 9.1297 0.0252
9.3499 9.1070 9.1298 0.0252
9.3499 9.1070 9.1298 0.0252
9.3499 9.1070 9.1298 0.0252
9.3499 9.1070 9.1299 0.0252
9.3499 9.1070 9.1300 0.0253
9.3499 9.1070 9.1301 0.0253
9.3499 9.1070 9.1301 0.0253
9.3499 9.1070 9.1301 0.0252
9.3499 9.1070 9.1303 0.0252
9.3499 9.1070 9.1303 0.0252
9.3499 9.1070 9.1303 0.0252
9.3499 9.1070 9.1306 0.0254
9.3499 9.1070 9.1306 0.0254
9.3499 9.1070 9.1306 0.0254
9.3499 9.1070 9.1306 0.0254
9.3499 9.1070 9.1306 0.0254
9.3499 9.1070 9.1306 0.0254
9.3499 9.1070 9.1306 0.0254
9.3499 9.1070 9.1307 0.0255
9.3499 9.1070 9.1307 0.0255
9.3499 9.1070 9.1307 0.0255
9.3499 9.1070 9.1307 0.0255
9.3499 9.1070 9.1307 0.0255
9.3499 9.1070 9.1309 0.0255
9.3499 9.1070 9.1309 0.0255
9.3499 9.1070 9.1309 0.0255
9.3499 9.1070 9.1309 0.0255
9.3499 9.1070 9.1309 0.0255
9.3499 9.1070 9.1309 0.0255
9.3499 9.1070 9.1309 0.0255
9.3499 9.1070 9.1309 0.0255
9.3499 9.1070 9.1309 0.0255
9.3499 9.1070 9.1309 0.0255
9.3499 9.1070 9.1309 0.0255
9.3499 9.1070 9.1310 0.0255
9.3499 9.1070 9.1310 0.0255
9.3499 9.1070 9.1310 0.0255
9.3499 9.1070 9.1310 0.0255
9.3499 9.1070 9.1310 0.0255
9.3499 9.1070 9.1310 0.0255
9.3499 9.1070 9.1331 0.0329
9.3499 9.1070 9.1331 0.0329
9.3499 9.1070 9.1331 0.0329
9.3499 9.1070 9.1332 0.0329
9.3499 9.1070 9.1332 0.0329
9.3499 9.1070 9.1332 0.0329
9.3499 9.1070 9.1332 0.0329
9.3499 9.1070 9.1333 0.0330
9.3499 9.1070 9.1333 0.0330
9.3499 9.1070 9.1333 0.0330
9.3499 9.1070 9.1333 0.0330
9.3499 9.1070 9.1333 0.0330
9.3499 9.1070 9.1333 0.0330
9.3499 9.1070 9.1333 0.0330
9.3499 9.1070 9.1333 0.0330
9.3499 9.1070 9.1335 0.0330
9.3499 9.1070 9.1335 0.0330
9.3499 9.1070 9.1335 0.0330
9.3499 9.1070 9.1336 0.0329
9.3585 9.1070 9.1361 0.0403
9.3585 9.1070 9.1361 0.0403
9.3585 9.1070 9.1362 0.0403
9.3585 9.1070 9.1363 0.0403
9.3585 9.1070 9.1363 0.0403
9.3585 9.1070 9.1366 0.0402
9.3585 9.1070 9.1369 0.0402
9.3585 9.1070 9.1371 0.0402
9.3585 9.1070 9.1371 0.0402
9.3585 9.1070 9.1372 0.0401
9.3585 9.1070 9.1372 0.0401
9.3585 9.1070 9.1372 0.0401
9.3585 9.1070 9.1372 0.0401
9.3585 9.1070 9.1372 0.0401
9.3585 9.1070 9.1373 0.0401
9.3585 9.1070 9.1373 0.0401
9.3585 9.1070 9.1373 0.0401
9.3585 9.1070 9.1373 0.0401
9.3585 9.1070 9.1373 0.0401
9.3585 9.1070 9.1375 0.0400
9.3585 9.1070 9.1375 0.0400
9.3585 9.1070 9.1376 0.0399
9.3585 9.1070 9.1376 0.0399
9.3585 9.1070 9.1376 0.0399
9.3585 9.1070 9.1379 0.0401
9.3585 9.1070 9.1379 0.0401
9.3585 9.1070 9.1379 0.0401
9.3585 9.1070 9.1380 0.0401
9.3585 9.1070 9.1380 0.0401
9.3585 9.1070 9.1380 0.0401
9.3585 9.1070 9.1381 0.0401
9.3585 9.1070 9.1382 0.0402
9.3585 9.1070 9.1382 0.0402
9.3585 9.1070 9.1382 0.0402
9.3585 9.1070 9.1382 0.0402
9.3585 9.1070 9.1382 0.0402
9.3585 9.1070 9.1382 0.0402
9.3585 9.1070 9.1389 0.0405
9.3585 9.1070 9.1392 0.0405
9.3585 9.1070 9.1392 0.0405
9.3585 9.1070 9.1392 0.0405
9.3585 9.1070 9.1392 0.0405
9.3585 9.1070 9.1392 0.0405
9.3585 9.1070 9.1398 0.0405
9.3585 9.1070 9.1398 0.0405
9.3585 9.1070 9.1398 0.0405
9.3585 9.1070 9.1398 0.0404
9.3585 9.1070 9.1400 0.0404
9.3585 9.1070 9.1400 0.0404
9.3585 9.1070 9.1400 0.0404
9.3585 9.1070 9.1400 0.0404
9.3585 9.1070 9.1404 0.0404
9.3585 9.1070 9.1405 0.0404
9.3585 9.1070 9.1405 0.0404
9.3585 9.1070 9.1405 0.0404
9.3585 9.1070 9.1405 0.0404
9.3585 9.1070 9.1405 0.0404
9.3585 9.1070 9.1405 0.0404
9.3585 9.1070 9.1407 0.0405
9.3585 9.1070 9.1408 0.0405
9.3755 9.1070 9.1429 0.0467
9.3755 9.1083 9.1430 0.0466
9.3755 9.1083 9.1430 0.0466
9.3755 9.1083 9.1430 0.0466
9.3755 9.1083 9.1451 0.0506
9.3755 9.1083 9.1453 0.0506
9.3755 9.1083 9.1454 0.0506
9.3755 9.1083 9.1454 0.0506
9.3755 9.1083 9.1454 0.0506
9.3755 9.1088 9.1478 0.0543
9.3755 9.1088 9.1478 0.0543
9.3755 9.1088 9.1478 0.0543
9.3755 9.1088 9.1479 0.0542
9.3755 9.1088 9.1479 0.0542
9.3755 9.1088 9.1479 0.0542
9.3755 9.1088 9.1479 0.0542
9.3755 9.1088 9.1479 0.0542
9.3755 9.1088 9.1479 0.0542
9.3755 9.1088 9.1479 0.0542
9.3755 9.1088 9.1479 0.0542
9.3755 9.1088 9.1479 0.0542
9.3755 9.1088 9.1479 0.0542
9.3755 9.1088 9.1479 0.0542
9.3755 9.1088 9.1479 0.0542
9.3755 9.1088 9.1479 0.0542
9.3755 9.1088 9.1484 0.0543
9.3755 9.1088 9.1493 0.0547
9.3755 9.1088 9.1503 0.0555
9.3755 9.1088 9.1504 0.0555
9.3755 9.1088 9.1504 0.0555
9.3755 9.1088 9.1504 0.0555
9.3755 9.1088 9.1504 0.0555
9.3755 9.1088 9.1504 0.0555
9.3755 9.1088 9.1504 0.0555
9.3755 9.1088 9.1504 0.0555
9.3755 9.1088 9.1504 0.0555
9.3755 9.1088 9.1504 0.0555
9.3755 9.1088 9.1504 0.0555
9.3755 9.1088 9.1507 0.0554
9.3755 9.1088 9.1512 0.0554
9.3755 9.1088 9.1513 0.0553
9.3755 9.1088 9.1513 0.0553
9.3755 9.1088 9.1513 0.0553
9.3755 9.1088 9.1513 0.0553
9.3755 9.1088 9.1513 0.0553
9.3755 9.1088 9.1513 0.0553
9.3755 9.1088 9.1513 0.0553
9.3755 9.1088 9.1513 0.0553
9.3755 9.1088 9.1513 0.0553
9.3755 9.1088 9.1516 0.0552
9.3755 9.1088 9.1516 0.0552
9.3755 9.1088 9.1518 0.0552
9.3755 9.1088 9.1518 0.0552
9.3755 9.1088 9.1519 0.0552
9.3755 9.1088 9.1519 0.0552
9.3755 9.1088 9.1522 0.0551
9.3755 9.1088 9.1522 0.0551
9.3755 9.1088 9.1524 0.0551
9.3755 9.1088 9.1524 0.0551
9.3755 9.1088 9.1524 0.0551
9.3755 9.1088 9.1524 0.0551
9.3755 9.1088 9.1524 0.0551
9.3755 9.1088 9.1531 0.0550
9.3755 9.1088 9.1531 0.0550
9.3755 9.1088 9.1535 0.0549
9.3755 9.1088 9.1535 0.0549
9.3755 9.1088 9.1535 0.0549
9.3755 9.1088 9.1536 0.0549
9.3755 9.1088 9.1536 0.0549
9.3755 9.1088 9.1538 0.0549
9.3755 9.1088 9.1556 0.0579
9.3755 9.1088 9.1556 0.0579
9.3755 9.1088 9.1556 0.0579
9.3755 9.1088 9.1556 0.0579
9.3755 9.1088 9.1556 0.0579
9.3755 9.1088 9.1557 0.0579
9.3755 9.1088 9.1560 0.0578
9.3755 9.1088 9.1562 0.0578
9.3755 9.1088 9.1565 0.0577
9.3755 9.1088 9.1565 0.0577
9.3755 9.1088 9.1571 0.0577
9.3755 9.1088 9.1572 0.0577
9.3755 9.1088 9.1572 0.0576
9.3755 9.1088 9.1572 0.0576
9.3755 9.1088 9.1572 0.0576
9.3755 9.1088 9.1593 0.0616
9.3755 9.1088 9.1594 0.0616
9.3755 9.1088 9.1594 0.0616
9.3755 9.1088 9.1594 0.0616
9.3755 9.1088 9.1594 0.0616
9.3755 9.1088 9.1594 0.0616
9.3755 9.1088 9.1594 0.0616
9.3755 9.1088 9.1595 0.0615
9.3755 9.1088 9.1595 0.0615
9.3755 9.1088 9.1596 0.0615
9.3755 9.1088 9.1597 0.0615
9.3755 9.1088 9.1597 0.0615
9.3755 9.1088 9.1600 0.0614
9.3755 9.1088 9.1601 0.0613
9.3755 9.1088 9.1601 0.0613
9.3755 9.1088 9.1603 0.0613
9.3755 9.1088 9.1607 0.0613
9.3755 9.1088 9.1607 0.0613
9.3755 9.1088 9.1607 0.0613
9.3755 9.1088 9.1607 0.0613
9.3755 9.1088 9.1607 0.0613
9.3755 9.1088 9.1607 0.0613
9.3755 9.1088 9.1618 0.0619
9.3755 9.1088 9.1618 0.0619
9.3755 9.1088 9.1619 0.0618
9.3755 9.1088 9.1619 0.0618
9.3755 9.1088 9.1621 0.0618
9.3755 9.1088 9.1622 0.0617
9.3755 9.1088 9.1622 0.0617
9.3755 9.1088 9.1630 0.0619
9.3755 9.1088 9.1630 0.0619
9.3755 9.1088 9.1630 0.0619
9.3755 9.1088 9.1630 0.0619
9.3755 9.1088 9.1633 0.0619
9.3755 9.1088 9.1633 0.0619
9.3755 9.1088 9.1634 0.0619
9.3755 9.1088 9.1634 0.0619
9.3755 9.1088 9.1634 0.0619
9.3755 9.1088 9.1634 0.0619
9.3755 9.1088 9.1642 0.0624
9.3755 9.1088 9.1642 0.0624
9.3755 9.1088 9.1642 0.0624
9.3755 9.1088 9.1642 0.0624
9.3755 9.1088 9.1642 0.0624
9.3755 9.1088 9.1644 0.0623
9.3755 9.1088 9.1644 0.0623
9.3755 9.1088 9.1646 0.0622
9.3755 9.1088 9.1646 0.0622
9.3755 9.1088 9.1648 0.0621
9.3755 9.1088 9.1653 0.0620
9.3755 9.1088 9.1653 0.0620
9.3755 9.1088 9.1653 0.0620
9.3755 9.1088 9.1653 0.0620
9.3755 9.1088 9.1655 0.0619
9.3755 9.1088 9.1655 0.0619
9.3755 9.1088 9.1655 0.0619
9.3755 9.1088 9.1655 0.0619
9.3755 9.1088 9.1656 0.0619
9.3755 9.1088 9.1661 0.0621
9.3755 9.1088 9.1665 0.0621
9.3755 9.1088 9.1682 0.0646
9.3755 9.1088 9.1682 0.0646
9.3755 9.1088 9.1682 0.0646
9.3755 9.1088 9.1682 0.0646
9.3755 9.1088 9.1682 0.0646
9.3755 9.1088 9.1682 0.0646
9.3755 9.1088 9.1682 0.0646
9.3755 9.1088 9.1682 0.0646
9.3755 9.1088 9.1682 0.0646
9.3755 9.1088 9.1687 0.0644
9.3755 9.1088 9.1689 0.0643
9.3755 9.1088 9.1705 0.0656
9.3755 9.1088 9.1709 0.0655
9.3755 9.1088 9.1729 0.0686
9.3755 9.1088 9.1729 0.0686
9.3755 9.1088 9.1729 0.0686
9.3755 9.1088 9.1732 0.0685
9.3755 9.1088 9.1732 0.0685
9.3755 9.1088 9.1732 0.0685
9.3755 9.1088 9.1732 0.0685
9.3755 9.1088 9.1732 0.0685
9.3755 9.1088 9.1732 0.0685
9.3755 9.1088 9.1733 0.0684
9.3755 9.1088 9.1737 0.0686
9.3755 9.1088 9.1738 0.0685
9.3768 9.1088 9.1763 0.0714
9.3768 9.1088 9.1763 0.0714
9.3768 9.1088 9.1765 0.0712
9.3768 9.1088 9.1765 0.0712
9.3768 9.1088 9.1770 0.0712
9.3768 9.1088 9.1774 0.0709
9.3768 9.1088 9.1775 0.0709
9.3768 9.1088 9.1777 0.0708
9.3768 9.1088 9.1779 0.0707
9.3768 9.1088 9.1779 0.0707
9.3768 9.1088 9.1779 0.0707
9.3768 9.1088 9.1779 0.0707
9.3768 9.1088 9.1781 0.0706
9.4228 9.1088 9.1789 0.0728
9.4228 9.1088 9.1789 0.0728
9.4228 9.1088 9.1789 0.0728
9.4228 9.1088 9.1789 0.0728
9.4228 9.1088 9.1790 0.0727
9.4228 9.1088 9.1810 0.0744
9.4228 9.1088 9.1830 0.0758
9.4228 9.1088 9.1830 0.0758
9.4228 9.1088 9.1830 0.0758
9.4228 9.1088 9.1831 0.0758
9.4228 9.1088 9.1831 0.0758
9.4228 9.1088 9.1831 0.0758
9.4228 9.1088 9.1831 0.0758
9.4228 9.1088 9.1831 0.0758
9.4228 9.1088 9.1831 0.0758
9.4228 9.1088 9.1832 0.0757
9.4228 9.1088 9.1832 0.0757
9.4228 9.1088 9.1841 0.0758
9.4228 9.1088 9.1841 0.0758
9.4228 9.1088 9.1841 0.0758
9.4228 9.1088 9.1841 0.0758
9.4228 9.1088 9.1841 0.0758
9.4228 9.1088 9.1841 0.0758
9.4228 9.1088 9.1860 0.0772
9.4228 9.1088 9.1860 0.0772
9.4228 9.1088 9.1861 0.0771
9.4228 9.1088 9.1863 0.0771
9.4228 9.1088 9.1863 0.0771
9.4228 9.1088 9.1863 0.0771
9.4228 9.1088 9.1877 0.0789
9.4228 9.1088 9.1877 0.0789
9.4228 9.1088 9.1926 0.0847
9.4228 9.1088 9.1926 0.0847
9.4228 9.1088 9.1926 0.0847
9.4228 9.1088 9.1926 0.0847
9.4228 9.1088 9.1926 0.0847
9.4228 9.1088 9.1926 0.0847
9.4228 9.1088 9.1926 0.0847
9.4228 9.1088 9.1926 0.0847
9.4228 9.1088 9.1935 0.0844
9.4228 9.1088 9.1935 0.0844
9.4228 9.1088 9.1935 0.0844
9.4228 9.1088 9.1936 0.0847
9.4228 9.1088 9.1936 0.0847
9.4228 9.1088 9.1939 0.0844
9.4228 9.1088 9.1939 0.0844
9.4228 9.1088 9.1962 0.0862
9.4228 9.1088 9.1962 0.0862
9.4228 9.1088 9.1984 0.0880
9.4228 9.1088 9.1984 0.0880
9.4228 9.1088 9.1984 0.0880
9.4228 9.1088 9.1986 0.0878
9.4228 9.1088 9.2013 0.0894
9.4228 9.1088 9.2013 0.0894
9.4228 9.1088 9.2013 0.0894
9.4228 9.1088 9.2013 0.0894
9.4228 9.1088 9.2013 0.0894
9.4228 9.1088 9.2013 0.0894
9.4228 9.1088 9.2013 0.0894
9.4228 9.1088 9.2013 0.0894
9.4228 9.1088 9.2036 0.0920
9.4228 9.1088 9.2043 0.0918
9.4228 9.1088 9.2043 0.0918
9.4228 9.1088 9.2043 0.0918
9.4228 9.1088 9.2044 0.0918
9.4228 9.1088 9.2047 0.0916
9.4228 9.1088 9.2047 0.0916
9.4228 9.1088 9.2049 0.0915
9.4228 9.1088 9.2049 0.0915
9.4228 9.1088 9.2049 0.0915
9.4228 9.1088 9.2049 0.0915
9.4228 9.1088 9.2049 0.0915
9.4228 9.1088 9.2049 0.0915
9.4228 9.1088 9.2049 0.0915
9.4228 9.1088 9.2058 0.0913
9.4228 9.1088 9.2058 0.0913
9.4228 9.1088 9.2058 0.0913
9.4228 9.1088 9.2058 0.0913
9.4228 9.1088 9.2058 0.0913
9.4228 9.1088 9.2058 0.0912
9.4228 9.1088 9.2066 0.0910
9.4228 9.1088 9.2092 0.0922
9.4228 9.1088 9.2092 0.0922
9.4228 9.1088 9.2093 0.0921
9.4228 9.1088 9.2096 0.0919
9.4228 9.1088 9.2104 0.0919
9.4228 9.1088 9.2104 0.0919
9.4228 9.1088 9.2104 0.0919
9.4228 9.1088 9.2104 0.0919
9.4228 9.1088 9.2108 0.0917
9.4228 9.1088 9.2108 0.0917
9.4228 9.1088 9.2108 0.0917
9.4228 9.1088 9.2108 0.0917
9.4228 9.1088 9.2108 0.0917
9.4228 9.1088 9.2108 0.0917
9.4228 9.1088 9.2111 0.0916
9.4228 9.1088 9.2134 0.0928
9.4228 9.1088 9.2134 0.0928
9.4228 9.1088 9.2134 0.0928
9.4228 9.1088 9.2134 0.0928
9.4228 9.1088 9.2161 0.0946
9.4228 9.1088 9.2161 0.0946
9.4228 9.1088 9.2161 0.0946
9.4228 9.1088 9.2161 0.0946
9.4228 9.1088 9.2161 0.0946
9.4228 9.1088 9.2161 0.0946
9.4228 9.1088 9.2168 0.0944
9.4228 9.1088 9.2171 0.0947
9.4228 9.1088 9.2171 0.0947
9.4228 9.1088 9.2172 0.0947
9.4228 9.1088 9.2172 0.0947
9.4228 9.1088 9.2172 0.0947
9.4228 9.1088 9.2172 0.0947
9.4228 9.1088 9.2172 0.0947
9.4228 9.1088 9.2177 0.0947
9.4267 9.1088 9.2182 0.0957
9.4267 9.1088 9.2210 0.0971
9.4267 9.1088 9.2210 0.0971
9.4267 9.1088 9.2210 0.0971
9.4267 9.1088 9.2210 0.0971
9.4267 9.1088 9.2212 0.0971
9.4267 9.1088 9.2228 0.0983
9.4267 9.1088 9.2231 0.0982
9.4267 9.1088 9.2231 0.0982
9.4267 9.1088 9.2231 0.0982
9.4267 9.1088 9.2231 0.0982
9.4267 9.1088 9.2231 0.0982
9.4267 9.1088 9.2231 0.0982
9.4267 9.1088 9.2231 0.0982
9.4267 9.1088 9.2239 0.0978
9.4267 9.1088 9.2239 0.0978
9.4267 9.1088 9.2239 0.0978
9.4267 9.1088 9.2242 0.0975
9.4267 9.1088 9.2242 0.0975
9.4267 9.1088 9.2242 0.0975
9.4267 9.1088 9.2242 0.0975
9.4267 9.1088 9.2262 0.0982
9.4267 9.1088 9.2264 0.0981
9.4267 9.1088 9.2264 0.0981
9.4267 9.1088 9.2264 0.0981
9.4267 9.1088 9.2264 0.0981
9.4267 9.1088 9.2264 0.0981
9.4267 9.1088 9.2265 0.0980
9.4267 9.1088 9.2265 0.0980
9.4267 9.1088 9.2271 0.0977
9.4267 9.1088 9.2271 0.0977
9.4267 9.1088 9.2278 0.0971
9.4267 9.1088 9.2278 0.0971
9.4267 9.1088 9.2278 0.0971
9.4267 9.1088 9.2287 0.0967
9.4267 9.1088 9.2288 0.0965
9.4267 9.1088 9.2288 0.0965
9.4267 9.1088 9.2289 0.0965
9.4267 9.1088 9.2310 0.0973
9.4267 9.1088 9.2339 0.0988
9.4267 9.1088 9.2339 0.0988
9.4267 9.1088 9.2339 0.0988
9.4267 9.1088 9.2339 0.0988
9.4267 9.1088 9.2339 0.0988
9.4267 9.1088 9.2339 0.0988
9.4267 9.1088 9.2339 0.0988
9.4267 9.1088 9.2339 0.0988
9.4267 9.1088 9.2339 0.0988
9.4267 9.1088 9.2339 0.0988
9.4267 9.1088 9.2339 0.0988
9.4267 9.1088 9.2339 0.0988
9.4267 9.1088 9.2346 0.0982
9.4267 9.1088 9.2355 0.0978
9.4267 9.1088 9.2355 0.0978
9.4267 9.1088 9.2355 0.0978
9.4267 9.1088 9.2357 0.0976
9.4267 9.1088 9.2357 0.0976
9.4267 9.1088 9.2360 0.0974
9.4267 9.1088 9.2382 0.0981
9.4267 9.1088 9.2382 0.0981
9.4267 9.1088 9.2384 0.0980
9.4267 9.1088 9.2386 0.0979
9.4267 9.1088 9.2394 0.0975
9.4267 9.1088 9.2408 0.0979
9.4267 9.1088 9.2408 0.0979
9.4267 9.1088 9.2410 0.0979
9.4267 9.1088 9.2415 0.0977
9.4267 9.1088 9.2415 0.0977
9.4267 9.1088 9.2434 0.0977
9.4267 9.1088 9.2434 0.0977
9.4267 9.1088 9.2452 0.0985
9.4267 9.1088 9.2452 0.0985
9.4267 9.1088 9.2453 0.0985
9.4267 9.1088 9.2453 0.0985
9.4267 9.1088 9.2453 0.0985
9.4267 9.1088 9.2453 0.0985
9.4267 9.1088 9.2453 0.0985
9.4267 9.1088 9.2456 0.0989
9.4267 9.1088 9.2456 0.0989
9.4267 9.1088 9.2456 0.0989
9.4267 9.1088 9.2456 0.0989
9.4267 9.1088 9.2459 0.0987
9.4267 9.1088 9.2459 0.0987
9.4267 9.1088 9.2462 0.0992
9.4267 9.1088 9.2462 0.0992
9.4267 9.1088 9.2462 0.0992
9.4267 9.1088 9.2462 0.0992
9.4267 9.1088 9.2462 0.0992
9.4267 9.1088 9.2462 0.0992
9.4267 9.1088 9.2462 0.0992
9.4267 9.1088 9.2462 0.0992
9.4267 9.1088 9.2462 0.0992
9.4267 9.1088 9.2462 0.0992
9.4267 9.1088 9.2462 0.0992
9.4267 9.1088 9.2482 0.1005
9.4267 9.1088 9.2487 0.1013
9.4267 9.1088 9.2487 0.1013
9.4267 9.1088 9.2488 0.1012
9.4267 9.1088 9.2488 0.1012
9.4267 9.1088 9.2488 0.1012
9.4267 9.1088 9.2488 0.1012
9.4267 9.1088 9.2488 0.1012
9.4267 9.1088 9.2488 0.1012
9.4267 9.1088 9.2495 0.1022
9.4267 9.1088 9.2495 0.1022
9.4267 9.1088 9.2508 0.1029
9.4267 9.1088 9.2508 0.1029
9.4267 9.1088 9.2508 0.1029
9.4267 9.1088 9.2508 0.1029
9.4267 9.1088 9.2508 0.1029
9.4267 9.1088 9.2508 0.1029
9.4267 9.1088 9.2508 0.1029
9.4267 9.1088 9.2523 0.1034
9.4267 9.1088 9.2523 0.1033
9.4267 9.1088 9.2523 0.1033
9.4267 9.1088 9.2530 0.1029
9.4267 9.1088 9.2530 0.1029
9.4267 9.1088 9.2530 0.1029
9.4267 9.1088 9.2530 0.1029
9.4267 9.1088 9.2530 0.1029
9.4267 9.1088 9.2530 0.1029
9.4267 9.1088 9.2533 0.1027
9.4267 9.1088 9.2560 0.1037
9.4267 9.1088 9.2560 0.1037
9.4267 9.1088 9.2574 0.1037
9.4267 9.1088 9.2581 0.1035
9.4267 9.1088 9.2581 0.1035
9.4267 9.1088 9.2581 0.1035
9.4267 9.1088 9.2581 0.1035
9.4267 9.1088 9.2581 0.1035
9.4267 9.1088 9.2581 0.1035
9.4267 9.1088 9.2581 0.1035
9.4267 9.1088 9.2582 0.1034
9.4267 9.1088 9.2582 0.1034
9.4267 9.1088 9.2582 0.1034
9.4267 9.1088 9.2582 0.1034
9.4267 9.1088 9.2582 0.1034
9.4267 9.1088 9.2582 0.1034
9.4267 9.1088 9.2582 0.1034
9.4267 9.1088 9.2592 0.1028
9.4267 9.1088 9.2592 0.1028
9.4267 9.1088 9.2592 0.1028
9.4267 9.1088 9.2609 0.1029
9.4267 9.1088 9.2609 0.1029
9.4267 9.1088 9.2609 0.1029
9.4267 9.1088 9.2609 0.1029
9.4267 9.1088 9.2609 0.1029
9.4267 9.1088 9.2629 0.1029
9.4267 9.1088 9.2629 0.1029
9.4267 9.1088 9.2629 0.1028
9.4267 9.1088 9.2629 0.1028
9.4267 9.1088 9.2629 0.1028
9.4267 9.1088 9.2629 0.1028
9.4267 9.1088 9.2629 0.1028
9.4267 9.1088 9.2629 0.1028
9.4267 9.1088 9.2650 0.1022
9.4267 9.1088 9.2653 0.1025
9.4267 9.1088 9.2672 0.1034
9.4267 9.1088 9.2677 0.1040
9.4267 9.1088 9.2683 0.1047
9.4267 9.1088 9.2683 0.1047
9.4267 9.1088 9.2683 0.1047
9.4267 9.1088 9.2683 0.1047
9.4267 9.1088 9.2693 0.1042
9.4267 9.1088 9.2693 0.1042
9.4267 9.1088 9.2705 0.1047
9.4267 9.1088 9.2729 0.1054
9.4267 9.1088 9.2729 0.1054
9.4267 9.1088 9.2752 0.1061
9.4267 9.1088 9.2752 0.1061
9.4267 9.1088 9.2752 0.1061
9.4267 9.1088 9.2761 0.1069
9.4267 9.1088 9.2780 0.1065
9.4267 9.1088 9.2780 0.1065
9.4267 9.1088 9.2780 0.1065
9.4267 9.1088 9.2780 0.1065
9.4267 9.1088 9.2780 0.1065
9.4267 9.1088 9.2780 0.1065
9.4267 9.1088 9.2780 0.1065
9.4267 9.1088 9.2804 0.1061
9.4267 9.1088 9.2820 0.1068
9.4267 9.1088 9.2844 0.1070
9.4267 9.1088 9.2848 0.1073
9.4267 9.1088 9.2860 0.1062
9.4267 9.1088 9.2860 0.1062
9.4267 9.1088 9.2864 0.1061
9.4267 9.1088 9.2868 0.1065
9.4267 9.1088 9.2868 0.1065
9.4267 9.1088 9.2868 0.1065
9.4267 9.1088 9.2887 0.1069
9.4267 9.1088 9.2887 0.1069
9.4267 9.1088 9.2887 0.1069
9.4267 9.1088 9.2887 0.1069
9.4267 9.1088 9.2887 0.1069
9.4423 9.1088 9.2920 0.1066
9.4423 9.1088 9.2945 0.1065
9.4423 9.1088 9.2945 0.1065
9.4423 9.1088 9.2945 0.1065
9.4423 9.1088 9.2955 0.1058
9.4423 9.1088 9.2957 0.1059
9.4423 9.1088 9.2967 0.1049
9.4423 9.1088 9.2972 0.1047
9.4423 9.1088 9.2972 0.1047
9.4423 9.1088 9.2974 0.1049
9.4423 9.1088 9.2974 0.1049
9.4423 9.1088 9.2974 0.1049
9.4423 9.1088 9.3002 0.1042
9.4423 9.1088 9.3019 0.1048
9.5088 9.1088 9.3045 0.1066
9.5088 9.1088 9.3071 0.1060
9.5088 9.1088 9.3071 0.1060
9.5088 9.1088 9.3071 0.1060
9.5088 9.1088 9.3071 0.1060
9.5088 9.1088 9.3097 0.1056
9.5088 9.1314 9.3101 0.1049
9.5088 9.1314 9.3101 0.1049
9.5088 9.1314 9.3101 0.1049
9.5088 9.1314 9.3101 0.1049
9.5088 9.1314 9.3101 0.1049
9.5088 9.1314 9.3101 0.1049
9.5088 9.1314 9.3101 0.1049
9.5088 9.1314 9.3101 0.1049
9.6009 9.1314 9.3135 0.1087
9.6009 9.1314 9.3135 0.1087
9.6009 9.1314 9.3135 0.1087
9.6009 9.1314 9.3135 0.1087
9.6009 9.1314 9.3139 0.1091
9.6009 9.1314 9.3139 0.1091
9.6009 9.1314 9.3139 0.1091
9.6009 9.1314 9.3160 0.1079
9.6009 9.1314 9.3165 0.1076
9.6009 9.1314 9.3165 0.1076
9.6009 9.1314 9.3180 0.1065
9.6009 9.1314 9.3181 0.1065
9.6009 9.1314 9.3181 0.1065
9.6009 9.1314 9.3181 0.1065
9.6009 9.1314 9.3181 0.1065
9.6009 9.1314 9.3181 0.1065
9.6009 9.1314 9.3181 0.1065
9.6009 9.1314 9.3181 0.1065
9.6009 9.1314 9.3181 0.1065
9.6009 9.1314 9.3181 0.1065
9.6009 9.1314 9.3181 0.1065
9.6009 9.1314 9.3204 0.1052
9.6009 9.1314 9.3204 0.1052
9.6009 9.1314 9.3207 0.1047
9.6009 9.1314 9.3222 0.1051
9.6009 9.1314 9.3222 0.1051
9.6009 9.1314 9.3222 0.1051
9.6009 9.1314 9.3229 0.1055
9.6009 9.1314 9.3229 0.1055
9.6009 9.1314 9.3229 0.1055
9.6009 9.1314 9.3255 0.1047
9.6009 9.1314 9.3271 0.1049
9.6009 9.1314 9.3297 0.1040
9.6009 9.1314 9.3297 0.1040
9.6009 9.1314 9.3297 0.1040
9.6009 9.1314 9.3297 0.1040
9.6009 9.1314 9.3301 0.1042
9.6009 9.1314 9.3305 0.1036
9.6009 9.1314 9.3305 0.1036
9.6009 9.1314 9.3308 0.1037
9.6009 9.1314 9.3308 0.1037
9.6009 9.1314 9.3308 0.1037
9.6009 9.1314 9.3308 0.1037
9.6009 9.1314 9.3308 0.1037
9.6009 9.1314 9.3308 0.1037
9.6009 9.1314 9.3326 0.1037
9.6009 9.1314 9.3326 0.1037
9.6009 9.1314 9.3326 0.1037
9.6009 9.1314 9.3345 0.1033
9.6009 9.1314 9.3345 0.1033
9.6009 9.1314 9.3365 0.1031
9.6009 9.1314 9.3365 0.1031
9.6009 9.1314 9.3365 0.1031
9.6009 9.1314 9.3365 0.1031
9.6009 9.1314 9.3365 0.1031
9.6009 9.1314 9.3365 0.1031
9.6009 9.1314 9.3365 0.1031
9.6009 9.1314 9.3369 0.1025
9.6009 9.1314 9.3369 0.1025
9.6009 9.1314 9.3390 0.1008
9.6009 9.1314 9.3405 0.1007
9.6009 9.1314 9.3411 0.0995
9.6009 9.1314 9.3411 0.0995
9.6009 9.1314 9.3415 0.0997
9.6009 9.1314 9.3415 0.0997
9.6009 9.1314 9.3455 0.1019
9.6009 9.1314 9.3457 0.1020
9.6009 9.1314 9.3457 0.1020
9.6009 9.1314 9.3457 0.1020
9.6009 9.1314 9.3457 0.1020
9.6009 9.1314 9.3457 0.1020
9.6009 9.1314 9.3457 0.1020
9.6009 9.1314 9.3466 0.1022
9.6009 9.1314 9.3501 0.1017
9.6009 9.1314 9.3501 0.1017
9.6009 9.1314 9.3501 0.1017
9.6009 9.1314 9.3501 0.1017
9.6009 9.1314 9.3515 0.1008
9.6009 9.1314 9.3527 0.1003
9.6009 9.1314 9.3527 0.1003
9.6009 9.1314 9.3535 0.1006
9.6009 9.1314 9.3535 0.1006
9.6009 9.1314 9.3535 0.1006
9.6009 9.1314 9.3535 0.1006
9.6009 9.1314 9.3535 0.1006
9.6009 9.1314 9.3535 0.1006
9.6009 9.1314 9.3535 0.1006
9.6009 9.1314 9.3553 0.1026
9.6009 9.1314 9.3560 0.1029
9.6009 9.1314 9.3560 0.1029
9.6009 9.1314 9.3561 0.1029
9.6009 9.1314 9.3570 0.1031
9.6009 9.1314 9.3570 0.1031
9.6009 9.1314 9.3570 0.1031
9.6009 9.1314 9.3601 0.1015
9.6009 9.1314 9.3601 0.1015
9.6009 9.1314 9.3608 0.1016
9.6009 9.1314 9.3619 0.1009
9.6009 9.1314 9.3619 0.1009
9.6009 9.1314 9.3619 0.1009
9.6009 9.1314 9.3619 0.1009
9.6009 9.1314 9.3619 0.1009
9.6009 9.1314 9.3621 0.1009
9.6009 9.1314 9.3640 0.1036
9.6009 9.1314 9.3640 0.1036
9.6009 9.1314 9.3640 0.1036
9.6009 9.1314 9.3641 0.1037
9.6009 9.1314 9.3664 0.1022
9.6009 9.1314 9.3664 0.1022
9.6009 9.1314 9.3664 0.1022
9.6009 9.1314 9.3664 0.1022
9.6009 9.1314 9.3664 0.1022
9.6009 9.1314 9.3664 0.1022
9.6009 9.1314 9.3704 0.1034
9.6009 9.1314 9.3704 0.1034
9.6009 9.1314 9.3704 0.1034
9.6009 9.1314 9.3704 0.1034
9.6009 9.1314 9.3705 0.1033
9.6009 9.1314 9.3705 0.1033
9.6009 9.1314 9.3705 0.1033
9.6009 9.1314 9.3731 0.1045
9.6009 9.1314 9.3731 0.1045
9.6009 9.1314 9.3731 0.1045
9.6009 9.1314 9.3731 0.1045
9.6009 9.1314 9.3731 0.1045
9.6009 9.1314 9.3731 0.1045
9.6009 9.1314 9.3731 0.1045
9.6009 9.1314 9.3731 0.1045
9.6009 9.1314 9.3731 0.1045
9.6009 9.1314 9.3750 0.1023
9.6009 9.1314 9.3750 0.1023
9.6009 9.1314 9.3757 0.1025
9.6009 9.1314 9.3779 0.1009
9.6009 9.1314 9.3785 0.1009
9.6009 9.1314 9.3785 0.1009
9.6009 9.1314 9.3785 0.1009
9.6009 9.1314 9.3785 0.1009
9.6009 9.1314 9.3785 0.1009
9.6009 9.1314 9.3785 0.1009
9.6009 9.1314 9.3785 0.1009
9.6009 9.1314 9.3785 0.1009
9.6009 9.1314 9.3785 0.1009
9.6009 9.1314 9.3785 0.1009
9.6009 9.1314 9.3788 0.1010
9.6009 9.1314 9.3788 0.1010
9.6009 9.1314 9.3810 0.0996
9.6009 9.1314 9.3810 0.0996
9.6009 9.1314 9.3810 0.0996
9.6009 9.1314 9.3823 0.0991
9.6009 9.1314 9.3823 0.0991
9.6009 9.1314 9.3828 0.0991
9.6009 9.1314 9.3828 0.0991
9.6009 9.1314 9.3835 0.0990
9.6009 9.1314 9.3835 0.0990
9.6009 9.1314 9.3838 0.0991
9.6009 9.1314 9.3860 0.0972
9.6009 9.1314 9.3860 0.0972
9.6009 9.1314 9.3865 0.0972
9.6009 9.1314 9.3865 0.0972
9.6009 9.1314 9.3865 0.0972
9.6009 9.1314 9.3868 0.0967
9.6009 9.1314 9.3868 0.0967
9.6009 9.1314 9.3868 0.0967
9.6009 9.1314 9.3868 0.0967
9.6009 9.1314 9.3868 0.0967
9.6009 9.1314 9.3868 0.0967
9.6009 9.1314 9.3868 0.0967
9.6009 9.1314 9.3868 0.0967
9.6009 9.1314 9.3868 0.0967
9.6009 9.1314 9.3868 0.0967
9.6009 9.1314 9.3874 0.0967
9.6009 9.1314 9.3874 0.0967
9.6009 9.1314 9.3874 0.0967
9.6009 9.1314 9.3874 0.0967
9.6009 9.1314 9.3884 0.0974
9.6009 9.1314 9.3885 0.0975
9.6009 9.1314 9.3885 0.0975
9.6009 9.1314 9.3892 0.0962
9.6009 9.1314 9.3897 0.0962
9.6009 9.1314 9.3897 0.0962
9.6009 9.1607 9.3925 0.0926
9.6009 9.1607 9.3925 0.0926
9.6009 9.1607 9.3925 0.0926
9.6009 9.1607 9.3944 0.0911
9.6009 9.1607 9.3944 0.0911
9.6009 9.1607 9.3945 0.0911
9.6009 9.1621 9.3966 0.0880
9.6009 9.1621 9.3968 0.0881
9.6009 9.1621 9.3975 0.0886
9.6009 9.1621 9.3975 0.0886
9.6009 9.1621 9.3975 0.0886
9.6009 9.1621 9.3975 0.0886
9.6009 9.1621 9.3975 0.0886
9.6009 9.1621 9.3975 0.0886
9.6009 9.1621 9.3984 0.0902
9.6009 9.1621 9.3992 0.0908
9.6009 9.1621 9.3992 0.0908
9.6009 9.1621 9.3992 0.0908
9.6009 9.1621 9.3996 0.0910
9.6009 9.1621 9.4001 0.0909
9.6009 9.1621 9.4001 0.0909
9.6009 9.1621 9.4001 0.0909
9.6009 9.1621 9.4008 0.0909
9.6009 9.1621 9.4008 0.0909
9.6009 9.1621 9.4008 0.0909
9.6009 9.1621 9.4008 0.0909
9.6009 9.1621 9.4008 0.0909
9.6009 9.1621 9.4008 0.0909
9.6009 9.1621 9.4008 0.0909
9.6009 9.1621 9.4008 0.0909
9.6009 9.1621 9.4008 0.0909
9.6009 9.1621 9.4008 0.0909
9.6009 9.1621 9.4013 0.0909
9.6009 9.1621 9.4013 0.0909
9.6009 9.1621 9.4013 0.0909
9.6009 9.1621 9.4013 0.0909
9.6009 9.1621 9.4015 0.0910
9.6009 9.1621 9.4018 0.0910
9.6009 9.1621 9.4042 0.0884
9.6009 9.1621 9.4042 0.0884
9.6009 9.1621 9.4059 0.0905
9.6009 9.1621 9.4059 0.0905
9.6009 9.1621 9.4059 0.0905
9.6009 9.1621 9.4059 0.0905
9.6009 9.1621 9.4060 0.0905
9.6009 9.1621 9.4060 0.0905
9.6009 9.1621 9.4060 0.0905
9.6009 9.1621 9.4070 0.0903
9.6009 9.1621 9.4089 0.0871
9.6009 9.1621 9.4099 0.0872
9.6009 9.1621 9.4099 0.0872
9.6009 9.1621 9.4099 0.0872
9.6009 9.1621 9.4099 0.0872
9.6009 9.1621 9.4099 0.0872
9.6009 9.1621 9.4101 0.0872
9.6009 9.1621 9.4101 0.0872
9.6009 9.1621 9.4101 0.0872
9.6009 9.1621 9.4101 0.0872
9.6009 9.1621 9.4101 0.0872
9.6009 9.1621 9.4101 0.0872
9.6009 9.1621 9.4103 0.0873
9.6009 9.1621 9.4103 0.0873
9.6009 9.1621 9.4103 0.0873
9.6009 9.1621 9.4103 0.0873
9.6009 9.1621 9.4105 0.0873
9.6009 9.1621 9.4122 0.0853
9.6009 9.1621 9.4132 0.0858
9.6009 9.1621 9.4132 0.0858
9.6009 9.1621 9.4132 0.0858
9.6009 9.1621 9.4156 0.0877
9.6009 9.1621 9.4180 0.0844
9.6009 9.1621 9.4181 0.0845
9.6009 9.1621 9.4181 0.0845
9.6009 9.1621 9.4182 0.0844
9.6009 9.1621 9.4200 0.0864
9.6009 9.1621 9.4200 0.0864
9.6009 9.1621 9.4200 0.0864
9.6009 9.1621 9.4200 0.0864
9.6009 9.1621 9.4201 0.0864
9.6009 9.1621 9.4201 0.0864
9.6009 9.1812 9.4236 0.0829
9.6009 9.1812 9.4241 0.0826
9.6009 9.1812 9.4241 0.0826
9.6009 9.1812 9.4247 0.0827
9.6009 9.1812 9.4247 0.0827
9.6009 9.1812 9.4247 0.0827
9.6009 9.1812 9.4247 0.0827
9.6009 9.1812 9.4247 0.0827
9.6009 9.1812 9.4247 0.0827
9.6009 9.1812 9.4247 0.0827
9.6009 9.1812 9.4252 0.0836
9.6009 9.1812 9.4270 0.0810
9.6009 9.1812 9.4292 0.0827
9.6009 9.1812 9.4292 0.0827
9.6009 9.1812 9.4301 0.0831
9.6009 9.1812 9.4301 0.0831
9.6009 9.1812 9.4306 0.0831
9.6009 9.1812 9.4306 0.0831
9.6009 9.1812 9.4306 0.0831
9.6009 9.1812 9.4306 0.0831
9.6009 9.1812 9.4306 0.0831
9.6009 9.1812 9.4306 0.0831
9.6009 9.1812 9.4310 0.0829
9.6009 9.1812 9.4310 0.0829
9.6009 9.1812 9.4310 0.0829
9.6009 9.1812 9.4310 0.0829
9.6009 9.1812 9.4322 0.0837
9.6009 9.1812 9.4322 0.0837
9.6009 9.1812 9.4322 0.0837
9.6108 9.1812 9.4332 0.0852
9.6108 9.1812 9.4333 0.0852
9.6108 9.1812 9.4333 0.0852
9.6108 9.1812 9.4333 0.0852
9.6108 9.1812 9.4351 0.0868
9.6108 9.1812 9.4352 0.0868
9.6108 9.1812 9.4371 0.0883
9.6108 9.1812 9.4387 0.0898
9.6108 9.1812 9.4390 0.0896
9.6108 9.1812 9.4391 0.0896
9.6108 9.1812 9.4391 0.0896
9.6108 9.1812 9.4391 0.0896
9.6108 9.1812 9.4391 0.0896
9.6108 9.1812 9.4391 0.0896
9.6108 9.1812 9.4391 0.0896
9.6108 9.1812 9.4391 0.0896
9.6108 9.1812 9.4401 0.0898
9.6108 9.1812 9.4401 0.0898
9.6108 9.1812 9.4401 0.0898
9.6108 9.1812 9.4401 0.0898
9.6108 9.1812 9.4401 0.0898
9.6108 9.1812 9.4401 0.0898
9.6108 9.1812 9.4401 0.0898
9.6108 9.1812 9.4413 0.0878
9.6108 9.1812 9.4418 0.0878
9.6108 9.1812 9.4418 0.0878
9.6108 9.1812 9.4418 0.0878
9.6108 9.1812 9.4418 0.0878
9.6108 9.1812 9.4440 0.0842
9.6108 9.1812 9.4440 0.0842
9.6108 9.1812 9.4440 0.0842
9.6108 9.1812 9.4440 0.0842
9.6108 9.1812 9.4450 0.0855
9.6108 9.1812 9.4450 0.0855
9.6108 9.1812 9.4451 0.0855
9.6108 9.1812 9.4451 0.0855
9.6108 9.1812 9.4455 0.0852
9.6108 9.1812 9.4455 0.0852
9.6108 9.1812 9.4455 0.0852
9.6108 9.1812 9.4469 0.0866
9.6108 9.1812 9.4469 0.0866
9.6108 9.1812 9.4472 0.0865
9.6108 9.1812 9.4472 0.0865
9.6108 9.1812 9.4472 0.0865
9.6108 9.1812 9.4472 0.0865
9.6108 9.1812 9.4491 0.0877
9.6108 9.1812 9.4491 0.0877
9.6108 9.1812 9.4491 0.0877
9.6108 9.1812 9.4491 0.0877
9.6108 9.1812 9.4491 0.0877
9.6108 9.1812 9.4491 0.0877
9.6108 9.1812 9.4491 0.0877
9.6108 9.1812 9.4491 0.0877
9.6108 9.1812 9.4492 0.0877
9.6108 9.1812 9.4497 0.0877
9.6108 9.1812 9.4497 0.0877
9.6108 9.1812 9.4497 0.0877
9.6108 9.1812 9.4497 0.0877
9.6108 9.1812 9.4504 0.0877
9.6108 9.1812 9.4526 0.0852
9.6108 9.1812 9.4539 0.0865
9.6108 9.1812 9.4539 0.0865
9.6108 9.1812 9.4539 0.0865
9.6108 9.1812 9.4539 0.0865
9.6108 9.1812 9.4556 0.0877
9.6108 9.1812 9.4556 0.0877
9.6108 9.1812 9.4556 0.0877
9.6108 9.1812 9.4565 0.0877
9.6108 9.1812 9.4565 0.0877
9.6108 9.1812 9.4565 0.0877
9.6108 9.1812 9.4565 0.0877
9.6108 9.1812 9.4565 0.0877
9.6108 9.1812 9.4565 0.0877
9.6108 9.1812 9.4565 0.0877
9.6108 9.1812 9.4565 0.0877
9.6108 9.1812 9.4565 0.0877
9.6108 9.1812 9.4565 0.0877
9.6108 9.1812 9.4565 0.0877
9.6108 9.1812 9.4565 0.0877
9.6108 9.1812 9.4573 0.0878
9.6108 9.1812 9.4573 0.0878
9.6108 9.1812 9.4576 0.0879
9.6108 9.1812 9.4576 0.0879
9.6108 9.1812 9.4586 0.0889
9.6108 9.1812 9.4586 0.0889
9.6108 9.1812 9.4586 0.0889
9.6108 9.1812 9.4586 0.0889
9.6108 9.1812 9.4594 0.0888
9.6108 9.1812 9.4594 0.0888
9.6108 9.1812 9.4594 0.0888
9.6108 9.1812 9.4596 0.0887
9.6108 9.1812 9.4596 0.0887
9.6108 9.1812 9.4596 0.0887
9.6108 9.1812 9.4596 0.0887
9.6108 9.1812 9.4597 0.0887
9.6108 9.1812 9.4597 0.0887
9.6108 9.1812 9.4615 0.0898
9.6108 9.1812 9.4615 0.0898
9.6108 9.1812 9.4615 0.0898
9.6108 9.1812 9.4615 0.0898
9.6108 9.1812 9.4618 0.0897
9.6108 9.1812 9.4618 0.0897
9.6108 9.1812 9.4618 0.0897
9.6108 9.1812 9.4618 0.0897
9.6108 9.1812 9.4618 0.0897
9.6108 9.1812 9.4618 0.0897
9.6108 9.1812 9.4624 0.0891
9.6108 9.1812 9.4624 0.0891
9.6108 9.1812 9.4648 0.0895
9.6108 9.1812 9.4648 0.0895
9.6108 9.1812 9.4648 0.0895
9.6108 9.1812 9.4648 0.0895
9.6108 9.1812 9.4648 0.0895
9.6108 9.1812 9.4648 0.0895
9.6108 9.1812 9.4667 0.0904
9.6108 9.1812 9.4667 0.0904
9.6108 9.1812 9.4672 0.0904
9.6108 9.1812 9.4679 0.0905
9.6108 9.1812 9.4680 0.0904
9.6108 9.1812 9.4680 0.0904
9.6108 9.1812 9.4680 0.0904
9.6108 9.1812 9.4680 0.0904
9.6108 9.1812 9.4680 0.0904
9.6108 9.1812 9.4680 0.0904
9.6108 9.1812 9.4680 0.0904
9.6108 9.1812 9.4680 0.0904
9.6108 9.1812 9.4680 0.0904
9.6108 9.1812 9.4680 0.0904
9.6108 9.1812 9.4680 0.0904
9.6108 9.1812 9.4699 0.0872
9.6108 9.1812 9.4699 0.0872
9.6108 9.1812 9.4718 0.0880
9.6108 9.1812 9.4727 0.0888
9.6108 9.1812 9.4727 0.0888
9.6108 9.1812 9.4727 0.0888
9.6108 9.1812 9.4727 0.0888
9.6108 9.1812 9.4730 0.0886
9.6108 9.1812 9.4730 0.0886
9.6108 9.1812 9.4730 0.0886
9.6108 9.1812 9.4743 0.0881
9.6108 9.1812 9.4743 0.0881
9.6108 9.1812 9.4753 0.0890
9.6108 9.1812 9.4770 0.0898
9.6108 9.1812 9.4770 0.0898
9.6108 9.1812 9.4770 0.0898
9.6108 9.1812 9.4770 0.0898
9.6108 9.1812 9.4770 0.0898
9.6108 9.1812 9.4770 0.0898
9.6108 9.1812 9.4770 0.0898
9.6108 9.1812 9.4770 0.0898
9.6108 9.1812 9.4770 0.0898
9.6108 9.1812 9.4770 0.0898
9.6108 9.1812 9.4775 0.0896
9.6108 9.1812 9.4780 0.0901
9.6108 9.1812 9.4780 0.0901
9.6108 9.1812 9.4798 0.0908
9.6108 9.1812 9.4798 0.0908
9.6108 9.1812 9.4820 0.0910
9.6108 9.1812 9.4826 0.0913
9.6108 9.1812 9.4826 0.0913
9.6108 9.1812 9.4832 0.0909
9.6108 9.1812 9.4850 0.0915
9.6108 9.1812 9.4855 0.0913
9.6108 9.1812 9.4855 0.0913
9.6108 9.1812 9.4878 0.0914
9.6108 9.1812 9.4878 0.0914
9.6108 9.1812 9.4878 0.0914
9.6108 9.1812 9.4878 0.0914
9.6108 9.1812 9.4878 0.0914
9.6108 9.1812 9.4878 0.0914
9.6108 9.1812 9.4882 0.0911
9.6108 9.1812 9.4882 0.0911
9.6108 9.1812 9.4882 0.0911
9.6108 9.1812 9.4882 0.0911
9.6108 9.1812 9.4882 0.0911
9.6108 9.1812 9.4882 0.0911
9.6108 9.1812 9.4882 0.0911
9.6108 9.1812 9.4889 0.0908
9.6108 9.1812 9.4898 0.0905
9.6108 9.1812 9.4940 0.0905
9.6108 9.1812 9.4940 0.0905
9.6108 9.1812 9.4944 0.0902
9.6108 9.1812 9.4959 0.0907
9.6108 9.1812 9.4975 0.0911
9.6108 9.1812 9.4976 0.0912
9.6108 9.1812 9.4993 0.0917
9.6108 9.1812 9.4993 0.0917
9.6108 9.1812 9.4993 0.0917
9.6108 9.1812 9.4993 0.0917
9.6108 9.1812 9.4993 0.0917
9.6108 9.1812 9.5009 0.0920
9.6108 9.1812 9.5009 0.0920
9.6108 9.1812 9.5009 0.0920
9.6108 9.1812 9.5009 0.0920
9.6108 9.1812 9.5009 0.0920
9.6108 9.1812 9.5009 0.0920
9.6108 9.1812 9.5009 0.0920
9.6108 9.1812 9.5009 0.0920
9.6108 9.1812 9.5009 0.0920
9.6108 9.1812 9.5009 0.0920
9.6108 9.1812 9.5019 0.0926
9.6108 9.1812 9.5038 0.0926
9.6108 9.1812 9.5038 0.0926
9.6108 9.1812 9.5056 0.0928
9.6108 9.1812 9.5070 0.0931
9.6108 9.1812 9.5088 0.0933
9.6108 9.1812 9.5093 0.0933
9.6108 9.1812 9.5093 0.0933
9.6108 9.1812 9.5093 0.0933
9.6108 9.1812 9.5093 0.0933
9.6108 9.1812 9.5093 0.0933
9.6108 9.1812 9.5093 0.0933
9.6108 9.1812 9.5102 0.0937
9.6108 9.1812 9.5120 0.0937
9.6108 9.1812 9.5120 0.0937
9.6108 9.1812 9.5128 0.0927
9.6108 9.1812 9.5128 0.0927
9.6108 9.1812 9.5128 0.0927
9.6108 9.1812 9.5128 0.0927
9.6108 9.1812 9.5134 0.0925
9.6108 9.1812 9.5134 0.0925
9.6108 9.1812 9.5154 0.0924
9.6108 9.1812 9.5154 0.0924
9.6108 9.1812 9.5154 0.0924
9.6108 9.1812 9.5154 0.0924
9.6108 9.1812 9.5154 0.0924
9.6732 9.1812 9.5179 0.0932
9.6732 9.1812 9.5201 0.0938
9.6732 9.1812 9.5201 0.0938
9.6732 9.1812 9.5218 0.0937
9.6732 9.1812 9.5218 0.0937
9.6732 9.1812 9.5223 0.0936
9.6732 9.1812 9.5223 0.0936
9.6732 9.1812 9.5223 0.0936
9.6732 9.1812 9.5223 0.0936
9.6732 9.1812 9.5223 0.0936
9.6732 9.1812 9.5240 0.0936
9.6732 9.1812 9.5240 0.0936
9.6732 9.1812 9.5240 0.0936
9.6732 9.1812 9.5240 0.0936
9.6732 9.1812 9.5244 0.0941
9.6732 9.1812 9.5244 0.0941
9.6732 9.1812 9.5248 0.0941
9.6732 9.1812 9.5248 0.0941
9.6732 9.1812 9.5248 0.0941
9.6732 9.1812 9.5248 0.0941
9.6732 9.1812 9.5248 0.0941
9.6732 9.1812 9.5262 0.0942
9.6732 9.1812 9.5262 0.0942
9.6732 9.1812 9.5262 0.0942
9.6732 9.1812 9.5275 0.0932
9.6732 9.1812 9.5275 0.0932
9.6732 9.1812 9.5275 0.0932
9.6732 9.1812 9.5313 0.0881
9.6732 9.1812 9.5313 0.0881
9.6732 9.1812 9.5331 0.0877
9.6732 9.1812 9.5341 0.0868
9.6732 9.1812 9.5341 0.0868
9.6732 9.1812 9.5341 0.0868
9.6732 9.1812 9.5341 0.0868
9.6732 9.1812 9.5346 0.0863
9.6732 9.1812 9.5346 0.0863
9.6732 9.1812 9.5358 0.0864
9.6732 9.1812 9.5358 0.0864
9.6732 9.1812 9.5358 0.0864
9.6732 9.1812 9.5365 0.0856
9.6732 9.1812 9.5365 0.0856
9.6732 9.1812 9.5365 0.0855
9.6732 9.1812 9.5365 0.0855
9.6732 9.1812 9.5365 0.0855
9.6732 9.1812 9.5366 0.0856
9.6732 9.1812 9.5378 0.0856
9.6732 9.1812 9.5378 0.0856
9.6732 9.1812 9.5378 0.0856
9.6732 9.1812 9.5378 0.0856
9.6732 9.1812 9.5378 0.0856
9.6732 9.1812 9.5387 0.0858
9.6732 9.1812 9.5405 0.0853
9.6732 9.1812 9.5405 0.0853
9.6732 9.1812 9.5405 0.0853
9.6732 9.1812 9.5406 0.0854
9.6732 9.1812 9.5406 0.0854
9.6732 9.1812 9.5416 0.0855
9.6732 9.1812 9.5416 0.0855
9.6732 9.1812 9.5416 0.0855
9.6732 9.1812 9.5416 0.0855
9.6732 9.1812 9.5416 0.0855
9.6732 9.1812 9.5416 0.0855
9.6732 9.1812 9.5416 0.0855
9.6732 9.1812 9.5416 0.0855
9.6732 9.1812 9.5416 0.0855
9.6732 9.1812 9.5416 0.0855
9.6732 9.1812 9.5416 0.0855
9.6732 9.1812 9.5416 0.0855
9.6732 9.1812 9.5435 0.0847
9.6732 9.1812 9.5435 0.0847
9.6732 9.1812 9.5435 0.0847
9.6732 9.4000 9.5477 0.0766
9.6732 9.4000 9.5495 0.0758
9.6732 9.4000 9.5495 0.0758
9.6732 9.4000 9.5500 0.0752
9.6732 9.4000 9.5500 0.0752
9.6732 9.4000 9.5503 0.0750
9.6732 9.4000 9.5503 0.0750
9.6732 9.4000 9.5504 0.0747
9.6732 9.4000 9.5523 0.0736
9.6732 9.4000 9.5523 0.0736
9.6732 9.4000 9.5524 0.0736
9.6732 9.4000 9.5524 0.0736
9.6732 9.4000 9.5524 0.0736
9.6732 9.4000 9.5528 0.0730
9.6732 9.4000 9.5528 0.0730
9.6732 9.4000 9.5546 0.0720
9.6732 9.4000 9.5546 0.0720
9.6732 9.4097 9.5558 0.0704
9.6732 9.4097 9.5559 0.0705
9.6732 9.4097 9.5560 0.0703
9.6732 9.4097 9.5560 0.0703
9.6732 9.4097 9.5560 0.0703
9.6732 9.4097 9.5560 0.0703
9.6732 9.4097 9.5560 0.0703
9.6732 9.4097 9.5560 0.0703
9.6732 9.4097 9.5560 0.0703
9.6732 9.4097 9.5560 0.0703
9.6732 9.4097 9.5568 0.0704
9.6732 9.4097 9.5568 0.0704
9.6732 9.4097 9.5568 0.0704
9.6732 9.4097 9.5585 0.0695
9.6732 9.4097 9.5585 0.0695
9.6732 9.4097 9.5585 0.0695
9.6732 9.4097 9.5595 0.0693
9.6732 9.4097 9.5595 0.0693
9.6732 9.4097 9.5595 0.0693
9.6732 9.4097 9.5595 0.0693
9.6732 9.4097 9.5595 0.0693
9.6732 9.4097 9.5595 0.0693
9.6732 9.4097 9.5596 0.0694
9.6732 9.4097 9.5596 0.0694
9.6732 9.4097 9.5616 0.0680
9.6732 9.4097 9.5621 0.0681
9.6732 9.4097 9.5636 0.0674
9.6732 9.4097 9.5636 0.0674
9.6732 9.4097 9.5636 0.0674
9.6732 9.4097 9.5636 0.0674
9.6732 9.4097 9.5636 0.0674
9.6732 9.4097 9.5654 0.0660
9.6732 9.4097 9.5654 0.0660
9.6732 9.4097 9.5654 0.0660
9.6732 9.4097 9.5654 0.0660
9.6732 9.4097 9.5670 0.0649
9.6732 9.4097 9.5677 0.0657
9.6732 9.4097 9.5677 0.0657
9.6732 9.4097 9.5677 0.0657
9.6732 9.4097 9.5691 0.0648
9.6732 9.4097 9.5691 0.0648
9.6732 9.4097 9.5691 0.0648
9.6732 9.4097 9.5691 0.0648
9.6732 9.4097 9.5691 0.0648
9.6732 9.4097 9.5704 0.0641
9.6732 9.4097 9.5704 0.0641
9.6732 9.4097 9.5723 0.0622
9.6732 9.4097 9.5733 0.0618
9.6732 9.4097 9.5733 0.0618
9.6732 9.4097 9.5733 0.0618
9.6732 9.4097 9.5733 0.0618
9.6732 9.4097 9.5736 0.0617
9.6732 9.4097 9.5737 0.0618
9.6732 9.4097 9.5737 0.0618
9.6732 9.4097 9.5737 0.0618
9.6732 9.4097 9.5737 0.0618
9.6732 9.4097 9.5737 0.0618
9.6732 9.4097 9.5737 0.0618
9.6732 9.4097 9.5737 0.0618
9.6732 9.4097 9.5737 0.0618
9.6732 9.4097 9.5737 0.0618
9.6732 9.4097 9.5738 0.0618
9.6732 9.4097 9.5738 0.0618
9.6732 9.4097 9.5738 0.0618
9.6732 9.4097 9.5748 0.0616
9.6732 9.4097 9.5748 0.0616
9.6732 9.4097 9.5760 0.0610
9.6732 9.4097 9.5760 0.0610
9.6732 9.4097 9.5767 0.0608
9.6732 9.4097 9.5768 0.0609
9.6732 9.4097 9.5768 0.0609
9.6732 9.4097 9.5787 0.0587
9.6732 9.4097 9.5787 0.0587
9.6732 9.4097 9.5787 0.0587
9.6732 9.4097 9.5787 0.0587
9.6732 9.4097 9.5803 0.0571
9.6732 9.4097 9.5803 0.0571
9.6732 9.4097 9.5803 0.0571
9.6732 9.4097 9.5803 0.0571
9.6732 9.4097 9.5803 0.0571
9.6732 9.4097 9.5805 0.0572
9.6732 9.4097 9.5805 0.0572
9.6732 9.4097 9.5805 0.0572
9.6732 9.4097 9.5805 0.0572
9.6732 9.4097 9.5805 0.0572
9.6732 9.4097 9.5805 0.0572
9.6732 9.4097 9.5816 0.0552
9.6732 9.4097 9.5816 0.0552
9.6732 9.4097 9.5816 0.0552
9.6732 9.4097 9.5816 0.0552
9.6732 9.4097 9.5816 0.0552
9.6732 9.4097 9.5816 0.0552
9.6732 9.4097 9.5816 0.0552
9.6732 9.4097 9.5819 0.0546
9.6732 9.4097 9.5819 0.0546
9.6732 9.4097 9.5819 0.0546
9.6732 9.4097 9.5819 0.0546
9.6732 9.4097 9.5819 0.0546
9.6732 9.4097 9.5821 0.0548
9.6732 9.4097 9.5829 0.0545
9.6732 9.4097 9.5829 0.0545
9.6732 9.4097 9.5829 0.0545
9.6732 9.4097 9.5829 0.0545
9.6732 9.4097 9.5838 0.0540
9.6732 9.4097 9.5838 0.0540
9.6732 9.4097 9.5838 0.0540
9.6732 9.4097 9.5838 0.0540
9.6732 9.4097 9.5838 0.0540
9.6732 9.4097 9.5849 0.0533
9.6732 9.4097 9.5849 0.0533
9.6732 9.4097 9.5849 0.0533
9.6732 9.4097 9.5849 0.0533
9.6732 9.4097 9.5849 0.0533
9.6732 9.4097 9.5849 0.0533
9.6732 9.4097 9.5849 0.0533
9.6732 9.4097 9.5849 0.0533
9.6732 9.4097 9.5862 0.0520
9.6732 9.4097 9.5862 0.0520
9.6732 9.4097 9.5862 0.0520
9.6732 9.4097 9.5862 0.0520
9.6732 9.4097 9.5862 0.0520
9.6732 9.4097 9.5862 0.0520
9.6732 9.4097 9.5862 0.0520
9.6732 9.4097 9.5862 0.0520
9.6732 9.4097 9.5862 0.0520
9.6732 9.4097 9.5862 0.0520
9.6732 9.4097 9.5875 0.0521
9.6732 9.4097 9.5875 0.0521
9.6732 9.4097 9.5892 0.0495
9.6732 9.4097 9.5892 0.0495
9.6732 9.4097 9.5893 0.0495
9.6732 9.4097 9.5893 0.0495
9.6732 9.4097 9.5893 0.0495
9.6732 9.4097 9.5893 0.0495
9.6732 9.4097 9.5893 0.0495
9.6732 9.4097 9.5893 0.0495
9.6732 9.4097 9.5893 0.0495
9.6732 9.4097 9.5893 0.0495
9.6732 9.4097 9.5893 0.0495
9.6732 9.4097 9.5893 0.0495
9.6732 9.4097 9.5893 0.0495
9.6732 9.4097 9.5893 0.0495
9.6732 9.4097 9.5893 0.0495
9.6732 9.4097 9.5897 0.0498
9.6732 9.4097 9.5897 0.0498
9.6732 9.4097 9.5901 0.0501
9.6732 9.4097 9.5901 0.0501
9.6732 9.4097 9.5901 0.0501
9.6732 9.4097 9.5902 0.0501
9.6732 9.4097 9.5902 0.0501
9.6732 9.4097 9.5902 0.0501
9.6732 9.4097 9.5902 0.0501
9.6732 9.4097 9.5902 0.0501
9.6732 9.4097 9.5902 0.0501
9.6732 9.4097 9.5920 0.0471
9.6732 9.4097 9.5920 0.0471
9.6732 9.4097 9.5920 0.0471
9.6732 9.4097 9.5920 0.0471
9.6732 9.4097 9.5920 0.0471
9.6732 9.4097 9.5920 0.0471
9.6732 9.4097 9.5920 0.0471
9.6732 9.4097 9.5920 0.0471
9.6732 9.4097 9.5920 0.0471
9.6732 9.4097 9.5927 0.0478
9.6732 9.4097 9.5927 0.0478
9.6732 9.4097 9.5927 0.0478
9.6732 9.4097 9.5927 0.0478
9.6732 9.4097 9.5928 0.0478
9.6732 9.4097 9.5928 0.0478
9.6732 9.4097 9.5929 0.0479
9.6732 9.4097 9.5929 0.0479
9.6732 9.4097 9.5929 0.0479
9.6732 9.4097 9.5929 0.0479
9.6732 9.4097 9.5929 0.0479
9.6732 9.4097 9.5929 0.0479
9.6732 9.4097 9.5929 0.0479
9.6732 9.4097 9.5948 0.0442
9.6732 9.4097 9.5948 0.0442
9.6732 9.4097 9.5948 0.0442
9.6732 9.4097 9.5948 0.0442
9.6732 9.4097 9.5951 0.0443
9.6732 9.4097 9.5951 0.0443
9.6732 9.4097 9.5951 0.0443
9.6732 9.4097 9.5951 0.0443
9.6732 9.4097 9.5951 0.0443
9.6732 9.4097 9.5951 0.0443
9.6732 9.4097 9.5951 0.0443
9.6732 9.4097 9.5951 0.0443
9.6732 9.4097 9.5951 0.0443
9.6732 9.4097 9.5951 0.0443
9.6732 9.4097 9.5951 0.0443
9.6732 9.4097 9.5951 0.0443
9.6732 9.4097 9.5951 0.0443
9.6732 9.4097 9.5951 0.0443
9.6732 9.4097 9.5951 0.0443
9.6732 9.4097 9.5952 0.0444
9.6732 9.4097 9.5952 0.0444
9.6732 9.4097 9.5952 0.0444
9.6732 9.4097 9.5952 0.0444
9.6732 9.4097 9.5956 0.0446
9.6732 9.4097 9.5956 0.0446
9.6732 9.4097 9.5970 0.0428
9.6732 9.4097 9.5970 0.0428
9.6732 9.4097 9.5970 0.0428
9.6732 9.4097 9.5970 0.0428
9.6732 9.4097 9.5970 0.0428
9.6732 9.4097 9.5970 0.0428
9.6732 9.4097 9.5970 0.0428
9.6732 9.4097 9.5986 0.0400
9.6732 9.4097 9.5986 0.0400
9.6732 9.4097 9.5986 0.0400
9.6732 9.4097 9.5986 0.0400
9.6732 9.4097 9.5986 0.0400
9.6732 9.4097 9.5986 0.0400
9.6732 9.4097 9.5986 0.0400
9.6732 9.4097 9.5986 0.0400
9.6732 9.4097 9.5986 0.0400
9.6732 9.4097 9.5986 0.0400
9.6732 9.4097 9.5986 0.0400
9.6732 9.4097 9.5992 0.0406
9.6732 9.4097 9.5992 0.0406
9.6732 9.4097 9.5993 0.0406
9.6732 9.4097 9.5993 0.0406
9.6732 9.4097 9.5993 0.0406
9.6732 9.4097 9.5993 0.0406
9.6732 9.4097 9.5993 0.0406
9.6732 9.4097 9.5993 0.0406
9.6732 9.4097 9.5994 0.0407
9.6732 9.4097 9.5994 0.0407
9.6732 9.4097 9.5994 0.0407
9.6732 9.4097 9.5994 0.0407
9.6732 9.4097 9.5994 0.0407
9.6732 9.4097 9.5994 0.0407
9.6732 9.4097 9.5995 0.0407
9.6732 9.4097 9.5995 0.0407
9.6732 9.4097 9.6000 0.0403
9.6732 9.4097 9.6003 0.0404
9.6732 9.4097 9.6003 0.0404
9.6732 9.4097 9.6003 0.0404
9.6732 9.4097 9.6003 0.0404
9.6732 9.4097 9.6003 0.0404
9.6732 9.4097 9.6003 0.0404
9.6732 9.4097 9.6003 0.0404
9.6732 9.4097 9.6003 0.0404
9.6732 9.4097 9.6003 0.0404
9.6732 9.4097 9.6003 0.0404
9.6732 9.4097 9.6003 0.0404
9.6732 9.4097 9.6003 0.0404
9.6732 9.4097 9.6003 0.0404
9.6732 9.4097 9.6003 0.0404
9.6732 9.4097 9.6003 0.0404
9.6732 9.4097 9.6003 0.0404
9.6732 9.4097 9.6008 0.0406
9.6732 9.4097 9.6008 0.0406
9.6732 9.4097 9.6008 0.0406
9.6732 9.4097 9.6008 0.0406
9.6732 9.4097 9.6008 0.0406
9.6732 9.4097 9.6008 0.0406
9.6732 9.4097 9.6008 0.0406
9.6732 9.4097 9.6008 0.0406
9.6732 9.4097 9.6008 0.0406
9.6732 9.4097 9.6009 0.0406
9.6732 9.4097 9.6016 0.0413
9.6732 9.4097 9.6016 0.0413
9.6732 9.4097 9.6018 0.0414
9.6732 9.4097 9.6018 0.0414
9.6732 9.4097 9.6018 0.0414
9.6732 9.4097 9.6018 0.0414
9.6732 9.4097 9.6022 0.0417
9.6732 9.4097 9.6023 0.0417
9.6732 9.4097 9.6023 0.0417
9.6732 9.4097 9.6023 0.0417
9.6732 9.4097 9.6034 0.0403
9.6732 9.4097 9.6034 0.0403
9.6732 9.4097 9.6034 0.0403
9.6732 9.4097 9.6034 0.0403
9.6732 9.4097 9.6034 0.0403
9.6732 9.4097 9.6034 0.0403
9.6732 9.4097 9.6045 0.0393
9.6732 9.4097 9.6066 0.0375
9.6732 9.4097 9.6067 0.0375
9.6732 9.4097 9.6086 0.0320
9.6732 9.4097 9.6087 0.0320
9.6732 9.4097 9.6087 0.0320
9.6732 9.4097 9.6087 0.0320
9.6732 9.4097 9.6093 0.0314
9.6732 9.4097 9.6095 0.0315
9.6732 9.4097 9.6096 0.0315
9.6732 9.4097 9.6101 0.0318
9.6732 9.4097 9.6101 0.0318
9.6732 9.4097 9.6101 0.0318
9.6732 9.4097 9.6101 0.0318
9.6732 9.4097 9.6101 0.0318
9.6732 9.4097 9.6102 0.0317
9.6732 9.4097 9.6105 0.0318
9.6732 9.4097 9.6105 0.0318
9.6732 9.4097 9.6106 0.0318
9.6732 9.4097 9.6112 0.0324
9.6732 9.4097 9.6112 0.0324
9.6732 9.4097 9.6112 0.0324
9.6732 9.4097 9.6112 0.0324
9.6732 9.4097 9.6112 0.0324
9.6732 9.4097 9.6112 0.0324
9.6732 9.4097 9.6112 0.0324
9.6732 9.4097 9.6112 0.0324
9.6732 9.4097 9.6127 0.0297
9.6732 9.4097 9.6127 0.0297
9.6732 9.4097 9.6127 0.0297
9.6732 9.4097 9.6130 0.0299
9.6732 9.4097 9.6130 0.0299
9.6732 9.4097 9.6130 0.0299
9.6732 9.4097 9.6130 0.0299
9.6732 9.4097 9.6130 0.0299
9.6732 9.4097 9.6130 0.0299
9.6732 9.4097 9.6133 0.0303
9.6732 9.4097 9.6133 0.0303
9.6732 9.4097 9.6133 0.0303
9.6732 9.4097 9.6133 0.0303
9.6732 9.4097 9.6133 0.0303
9.6732 9.4097 9.6133 0.0303
9.6732 9.4097 9.6133 0.0303
9.6732 9.4097 9.6134 0.0303
9.6732 9.4097 9.6134 0.0303
9.6732 9.4097 9.6134 0.0303
9.6732 9.4097 9.6134 0.0303
9.6732 9.4097 9.6134 0.0303
9.6732 9.4097 9.6134 0.0303
9.6732 9.4097 9.6134 0.0303
9.6732 9.4097 9.6134 0.0303
9.6732 9.4097 9.6134 0.0303
9.6732 9.4097 9.6134 0.0303
9.6732 9.4097 9.6134 0.0303
9.6732 9.4097 9.6134 0.0303
9.6732 9.4097 9.6134 0.0303
9.6732 9.4097 9.6135 0.0303
9.6732 9.4097 9.6135 0.0303
9.6732 9.4097 9.6135 0.0303
9.6732 9.4097 9.6135 0.0303
9.6732 9.4097 9.6135 0.0303
9.6732 9.4097 9.6135 0.0303
9.6732 9.4097 9.6135 0.0303
9.6732 9.4097 9.6135 0.0303
9.6732 9.4097 9.6137 0.0303
9.6732 9.4097 9.6137 0.0303
9.6732 9.4097 9.6139 0.0303
9.6732 9.4097 9.6139 0.0303
9.6732 9.4097 9.6140 0.0303
9.6732 9.4097 9.6141 0.0303
9.6732 9.4097 9.6141 0.0303
9.6732 9.4097 9.6141 0.0303
9.6732 9.4097 9.6143 0.0303
9.6732 9.4097 9.6143 0.0303
9.6732 9.5583 9.6162 0.0223
9.6732 9.5583 9.6162 0.0223
9.6732 9.5583 9.6162 0.0223
9.6732 9.5583 9.6162 0.0223
9.6732 9.5583 9.6162 0.0223
9.6732 9.5583 9.6162 0.0223
9.6732 9.5583 9.6162 0.0223
9.6732 9.5583 9.6162 0.0223
9.6732 9.5583 9.6162 0.0223
9.6732 9.5583 9.6162 0.0223
9.6732 9.5583 9.6162 0.0223
9.6732 9.5583 9.6163 0.0223
9.6732 9.5583 9.6163 0.0223
9.6732 9.5583 9.6163 0.0223
9.6732 9.5583 9.6163 0.0223
9.6732 9.5583 9.6168 0.0225
9.6732 9.5583 9.6168 0.0225
9.6732 9.5583 9.6168 0.0225
9.6732 9.5583 9.6168 0.0225
9.6732 9.5583 9.6168 0.0225
9.6732 9.5583 9.6168 0.0225
9.6732 9.5583 9.6168 0.0225
9.6732 9.5583 9.6168 0.0225
9.6732 9.5583 9.6168 0.0225
9.6732 9.5583 9.6169 0.0224
9.6732 9.5583 9.6169 0.0224
9.6732 9.5583 9.6169 0.0224
9.6732 9.5583 9.6171 0.0224
9.6732 9.6009 9.6175 0.0217
9.6732 9.6009 9.6175 0.0217
9.6732 9.6009 9.6182 0.0223
9.6732 9.6009 9.6182 0.0223
9.6732 9.6009 9.6182 0.0223
9.6732 9.6009 9.6182 0.0223
9.6732 9.6009 9.6182 0.0223
9.6732 9.6009 9.6182 0.0223
9.6732 9.6009 9.6182 0.0223
9.6732 9.6009 9.6182 0.0223
9.6732 9.6009 9.6182 0.0223
9.6929 9.6009 9.6190 0.0236
9.6929 9.6009 9.6190 0.0236
9.6929 9.6009 9.6191 0.0235
9.6929 9.6009 9.6191 0.0235
9.6929 9.6009 9.6191 0.0235
9.6929 9.6009 9.6191 0.0235
9.6929 9.6009 9.6191 0.0235
9.6929 9.6009 9.6191 0.0235
9.6929 9.6009 9.6191 0.0235
9.6929 9.6009 9.6191 0.0235
9.6929 9.6009 9.6191 0.0235
9.6929 9.6009 9.6194 0.0236
9.6929 9.6009 9.6194 0.0236
9.6929 9.6009 9.6194 0.0236
9.6929 9.6009 9.6195 0.0236
9.6929 9.6009 9.6202 0.0241
9.6929 9.6009 9.6203 0.0241
9.6929 9.6009 9.6203 0.0241
9.6929 9.6009 9.6203 0.0241
9.6929 9.6009 9.6203 0.0241
9.6929 9.6009 9.6203 0.0241
9.6929 9.6009 9.6203 0.0241
9.6929 9.6009 9.6203 0.0241
9.6929 9.6009 9.6209 0.0247
9.6929 9.6009 9.6209 0.0247
9.6929 9.6009 9.6211 0.0247
9.6929 9.6009 9.6211 0.0247
9.6929 9.6009 9.6211 0.0247
9.6929 9.6009 9.6217 0.0252
9.6929 9.6009 9.6217 0.0252
9.6929 9.6009 9.6218 0.0251
9.6929 9.6009 9.6218 0.0251
9.6929 9.6009 9.6218 0.0251
9.6929 9.6009 9.6218 0.0251
9.6929 9.6009 9.6221 0.0250
9.6929 9.6009 9.6222 0.0250
9.6929 9.6009 9.6222 0.0250
9.6929 9.6009 9.6222 0.0250
9.6929 9.6009 9.6222 0.0250
9.6929 9.6009 9.6223 0.0250
9.6929 9.6009 9.6223 0.0250
9.6929 9.6009 9.6223 0.0250
9.6929 9.6009 9.6223 0.0250
9.6929 9.6009 9.6225 0.0249
9.6929 9.6009 9.6230 0.0254
9.6929 9.6009 9.6230 0.0254
9.6929 9.6009 9.6231 0.0255
9.6929 9.6009 9.6231 0.0255
9.6929 9.6009 9.6231 0.0255
9.6929 9.6009 9.6235 0.0256
9.6929 9.6009 9.6237 0.0255
9.6929 9.6009 9.6237 0.0255
9.6929 9.6009 9.6237 0.0255
9.6929 9.6009 9.6237 0.0255
9.6929 9.6009 9.6239 0.0254
9.6929 9.6009 9.6239 0.0254
9.6929 9.6009 9.6239 0.0254
9.6929 9.6009 9.6239 0.0254
9.6929 9.6009 9.6242 0.0258
9.6929 9.6009 9.6242 0.0258
9.6929 9.6009 9.6242 0.0258
9.6929 9.6009 9.6248 0.0263
9.6929 9.6009 9.6248 0.0263
9.6929 9.6009 9.6248 0.0263
9.6929 9.6009 9.6248 0.0263
9.6929 9.6009 9.6248 0.0263
9.6929 9.6009 9.6248 0.0263
9.6929 9.6009 9.6248 0.0263
9.6929 9.6009 9.6248 0.0263
9.6929 9.6009 9.6248 0.0263
9.6929 9.6009 9.6248 0.0263
9.6929 9.6009 9.6248 0.0263
9.6929 9.6009 9.6248 0.0263
9.6929 9.6009 9.6250 0.0262
9.6929 9.6009 9.6250 0.0262
9.6929 9.6009 9.6250 0.0262
9.6929 9.6009 9.6250 0.0262
9.6929 9.6009 9.6257 0.0265
9.6929 9.6009 9.6257 0.0265
9.6929 9.6009 9.6257 0.0265
9.6929 9.6009 9.6257 0.0265
9.6929 9.6009 9.6261 0.0266
9.6929 9.6009 9.6261 0.0266
9.6929 9.6009 9.6261 0.0266
9.6929 9.6009 9.6264 0.0266
9.6929 9.6009 9.6264 0.0266
9.6929 9.6009 9.6264 0.0266
9.6929 9.6009 9.6264 0.0266
9.6929 9.6009 9.6264 0.0266
9.6929 9.6009 9.6264 0.0266
9.6929 9.6009 9.6264 0.0266
9.6929 9.6009 9.6264 0.0266
9.6929 9.6009 9.6264 0.0266
9.6929 9.6009 9.6264 0.0266
9.6929 9.6009 9.6264 0.0266
9.6929 9.6009 9.6264 0.0266
9.6929 9.6009 9.6264 0.0266
9.6929 9.6009 9.6265 0.0265
9.6929 9.6009 9.6268 0.0265
9.6929 9.6009 9.6268 0.0265
9.6929 9.6009 9.6270 0.0264
9.6929 9.6009 9.6270 0.0264
9.6929 9.6009 9.6270 0.0264
9.6929 9.6009 9.6270 0.0264
9.6929 9.6009 9.6270 0.0264
9.6929 9.6009 9.6272 0.0263
9.6929 9.6009 9.6272 0.0263
9.6929 9.6009 9.6272 0.0263
9.6929 9.6009 9.6272 0.0263
9.6929 9.6009 9.6272 0.0263
9.6929 9.6009 9.6272 0.0263
9.6929 9.6009 9.6274 0.0263
9.6929 9.6009 9.6281 0.0267
9.6929 9.6009 9.6281 0.0267
9.6929 9.6009 9.6281 0.0267
9.6929 9.6009 9.6281 0.0267
9.6929 9.6009 9.6281 0.0267
9.6929 9.6009 9.6281 0.0267
9.6929 9.6009 9.6283 0.0266
9.6929 9.6009 9.6283 0.0266
9.6929 9.6009 9.6289 0.0268
9.6929 9.6009 9.6296 0.0270
9.6929 9.6009 9.6297 0.0270
9.6929 9.6009 9.6297 0.0270
9.7549 9.6009 9.6305 0.0294
9.7549 9.6009 9.6305 0.0294
9.7549 9.6009 9.6306 0.0294
9.7549 9.6009 9.6307 0.0294
9.7549 9.6009 9.6307 0.0294
9.7549 9.6009 9.6309 0.0294
9.7549 9.6009 9.6309 0.0294
9.7549 9.6009 9.6309 0.0294
9.7549 9.6009 9.6309 0.0294
9.7549 9.6009 9.6309 0.0294
9.7549 9.6009 9.6309 0.0294
9.7549 9.6009 9.6309 0.0294
9.7549 9.6009 9.6318 0.0316
9.7549 9.6009 9.6318 0.0316
9.7549 9.6009 9.6318 0.0316
9.7549 9.6009 9.6318 0.0316
9.7549 9.6009 9.6318 0.0316
9.7549 9.6009 9.6318 0.0316
9.7549 9.6009 9.6318 0.0316
9.7549 9.6009 9.6320 0.0315
9.7549 9.6009 9.6320 0.0315
9.7549 9.6009 9.6322 0.0314
9.7549 9.6009 9.6322 0.0314
9.7549 9.6009 9.6322 0.0314
9.7549 9.6009 9.6322 0.0314
9.7549 9.6009 9.6322 0.0314
9.7549 9.6009 9.6330 0.0335
9.7549 9.6009 9.6330 0.0335
9.7549 9.6009 9.6330 0.0335
9.7549 9.6009 9.6330 0.0335
9.7549 9.6009 9.6330 0.0335
9.7549 9.6009 9.6330 0.0335
9.7549 9.6009 9.6330 0.0335
9.7549 9.6009 9.6336 0.0334
9.7549 9.6009 9.6336 0.0334
9.7549 9.6009 9.6336 0.0334
9.7549 9.6009 9.6336 0.0334
9.7549 9.6009 9.6336 0.0334
9.7549 9.6009 9.6336 0.0334
9.7549 9.6009 9.6336 0.0334
9.7549 9.6009 9.6336 0.0334
9.7549 9.6009 9.6341 0.0335
9.7549 9.6009 9.6344 0.0337
9.7549 9.6009 9.6344 0.0337
9.7549 9.6009 9.6344 0.0337
9.7549 9.6009 9.6344 0.0337
9.7549 9.6009 9.6344 0.0337
9.7549 9.6009 9.6355 0.0339
9.7549 9.6009 9.6357 0.0342
9.7549 9.6009 9.6357 0.0342
9.7549 9.6009 9.6358 0.0343
9.7549 9.6009 9.6358 0.0343
9.7549 9.6009 9.6358 0.0343
9.7549 9.6009 9.6360 0.0343
9.7549 9.6009 9.6360 0.0343
9.7549 9.6009 9.6360 0.0343
9.7549 9.6009 9.6360 0.0344
9.7549 9.6009 9.6367 0.0343
9.7549 9.6009 9.6367 0.0343
9.7549 9.6009 9.6372 0.0345
9.7549 9.6009 9.6372 0.0345
9.7549 9.6009 9.6372 0.0345
9.7549 9.6009 9.6372 0.0345
9.7549 9.6009 9.6372 0.0345
9.7549 9.6009 9.6372 0.0345
9.7549 9.6009 9.6372 0.0345
9.7549 9.6009 9.6372 0.0345
9.7549 9.6009 9.6372 0.0345
9.7549 9.6009 9.6372 0.0345
9.7549 9.6009 9.6372 0.0345
9.7549 9.6009 9.6372 0.0345
9.7549 9.6009 9.6372 0.0345
9.7549 9.6009 9.6372 0.0345
9.7549 9.6009 9.6372 0.0345
9.7549 9.6009 9.6372 0.0345
9.7549 9.6009 9.6372 0.0345
9.7549 9.6009 9.6376 0.0347
9.7549 9.6009 9.6376 0.0347
9.7549 9.6009 9.6376 0.0347
9.7549 9.6009 9.6376 0.0347
9.7549 9.6009 9.6376 0.0347
9.7549 9.6009 9.6380 0.0346
9.7549 9.6009 9.6381 0.0345
9.7549 9.6009 9.6381 0.0345
9.7549 9.6009 9.6381 0.0345
9.7549 9.6009 9.6386 0.0347
9.7549 9.6009 9.6391 0.0348
9.7549 9.6009 9.6391 0.0348
9.7549 9.6009 9.6391 0.0348
9.7549 9.6009 9.6391 0.0348
9.7549 9.6009 9.6391 0.0348
9.7549 9.6009 9.6391 0.0348
9.7549 9.6009 9.6398 0.0352
9.7549 9.6009 9.6403 0.0350
9.7549 9.6009 9.6403 0.0350
9.7549 9.6009 9.6404 0.0351
9.7549 9.6009 9.6404 0.0351
9.7549 9.6009 9.6404 0.0351
9.7549 9.6009 9.6407 0.0352
9.7549 9.6009 9.6409 0.0354
9.7549 9.6009 9.6409 0.0354
9.7549 9.6009 9.6409 0.0353
9.7549 9.6009 9.6409 0.0353
9.7549 9.6009 9.6412 0.0355
9.7549 9.6009 9.6412 0.0355
9.7549 9.6009 9.6413 0.0354
9.7549 9.6009 9.6416 0.0355
9.7549 9.6009 9.6416 0.0355
9.7549 9.6009 9.6416 0.0355
9.7549 9.6009 9.6416 0.0355
9.7549 9.6009 9.6416 0.0355
9.7549 9.6009 9.6419 0.0353
9.7549 9.6009 9.6419 0.0353
9.7549 9.6009 9.6419 0.0353
9.7549 9.6009 9.6419 0.0353
9.7549 9.6009 9.6424 0.0351
9.7549 9.6009 9.6424 0.0351
9.7549 9.6009 9.6435 0.0368
9.7549 9.6009 9.6435 0.0368
9.7549 9.6009 9.6436 0.0368
9.7549 9.6009 9.6436 0.0368
9.7549 9.6009 9.6450 0.0383
9.7549 9.6009 9.6451 0.0382
9.7549 9.6009 9.6451 0.0382
9.7549 9.6009 9.6451 0.0382
9.7549 9.6009 9.6453 0.0380
9.7549 9.6009 9.6453 0.0380
9.7549 9.6009 9.6457 0.0378
9.7549 9.6009 9.6459 0.0377
9.7549 9.6009 9.6460 0.0377
9.7549 9.6009 9.6464 0.0376
9.7549 9.6009 9.6464 0.0376
9.7549 9.6009 9.6466 0.0375
9.7549 9.6009 9.6466 0.0375
9.7549 9.6009 9.6468 0.0376
9.7549 9.6009 9.6473 0.0373
9.7549 9.6009 9.6473 0.0373
9.7549 9.6009 9.6473 0.0373
9.7549 9.6009 9.6478 0.0374
9.7549 9.6009 9.6478 0.0374
9.7549 9.6009 9.6478 0.0374
9.7549 9.6009 9.6478 0.0374
9.7549 9.6009 9.6478 0.0374
9.7549 9.6009 9.6478 0.0374
9.7549 9.6009 9.6481 0.0374
9.7549 9.6009 9.6481 0.0374
9.7549 9.6009 9.6481 0.0374
9.7549 9.6009 9.6481 0.0374
9.7549 9.6009 9.6485 0.0372
9.7549 9.6009 9.6485 0.0372
9.7549 9.6009 9.6485 0.0372
9.7549 9.6009 9.6492 0.0370
9.7549 9.6009 9.6492 0.0370
9.7549 9.6009 9.6496 0.0369
9.7549 9.6009 9.6496 0.0369
9.7549 9.6009 9.6511 0.0381
9.7549 9.6009 9.6522 0.0394
9.7549 9.6009 9.6522 0.0394
9.7549 9.6009 9.6522 0.0394
9.7549 9.6009 9.6522 0.0394
9.7549 9.6009 9.6522 0.0394
9.7549 9.6009 9.6527 0.0401
9.7549 9.6009 9.6527 0.0401
9.7549 9.6009 9.6527 0.0401
9.7549 9.6009 9.6527 0.0401
9.7549 9.6009 9.6527 0.0401
9.7549 9.6009 9.6533 0.0398
9.7549 9.6009 9.6533 0.0398
9.7549 9.6009 9.6533 0.0398
9.7549 9.6009 9.6533 0.0398
9.7549 9.6009 9.6533 0.0398
9.7549 9.6009 9.6533 0.0398
9.7549 9.6009 9.6533 0.0398
9.7549 9.6009 9.6533 0.0398
9.7549 9.6009 9.6533 0.0398
9.7549 9.6009 9.6533 0.0398
9.7549 9.6009 9.6536 0.0402
9.7549 9.6009 9.6536 0.0402
9.7549 9.6009 9.6537 0.0402
9.7549 9.6009 9.6537 0.0402
9.7549 9.6009 9.6537 0.0402
9.7549 9.6009 9.6537 0.0402
9.7549 9.6009 9.6537 0.0402
9.7549 9.6009 9.6540 0.0402
9.7549 9.6009 9.6541 0.0401
9.7549 9.6009 9.6541 0.0401
9.7549 9.6009 9.6541 0.0401
9.7549 9.6009 9.6545 0.0401
9.7549 9.6009 9.6547 0.0401
9.7549 9.6009 9.6547 0.0401
9.7549 9.6009 9.6551 0.0404
9.7549 9.6009 9.6551 0.0404
9.7549 9.6009 9.6551 0.0404
9.7549 9.6009 9.6552 0.0404
9.7549 9.6009 9.6556 0.0404
9.7549 9.6009 9.6557 0.0404
9.7549 9.6009 9.6557 0.0404
9.7549 9.6009 9.6557 0.0404
9.7549 9.6009 9.6557 0.0404
9.7549 9.6009 9.6557 0.0404
9.7549 9.6009 9.6565 0.0401
9.7549 9.6009 9.6570 0.0402
9.7549 9.6009 9.6570 0.0402
9.7549 9.6009 9.6570 0.0402
9.7549 9.6009 9.6571 0.0401
9.7549 9.6009 9.6571 0.0401
9.7549 9.6009 9.6571 0.0401
9.7549 9.6009 9.6571 0.0401
9.7549 9.6009 9.6573 0.0401
9.7549 9.6009 9.6575 0.0402
9.7549 9.6009 9.6583 0.0398
9.7549 9.6009 9.6585 0.0396
9.7549 9.6009 9.6585 0.0396
9.7549 9.6009 9.6585 0.0396
9.7549 9.6009 9.6585 0.0396
9.7549 9.6009 9.6585 0.0396
9.7549 9.6009 9.6585 0.0396
9.7549 9.6009 9.6585 0.0396
9.7549 9.6009 9.6585 0.0396
9.7549 9.6009 9.6585 0.0396
9.7549 9.6009 9.6585 0.0396
9.7549 9.6009 9.6593 0.0407
9.7549 9.6009 9.6594 0.0408
9.7549 9.6009 9.6594 0.0408
9.7549 9.6009 9.6594 0.0408
9.7549 9.6009 9.6596 0.0405
9.7549 9.6009 9.6596 0.0405
9.7549 9.6009 9.6598 0.0406
9.7549 9.6009 9.6598 0.0406
9.7549 9.6009 9.6598 0.0406
9.7549 9.6009 9.6605 0.0415
9.7549 9.6009 9.6605 0.0415
9.7549 9.6009 9.6606 0.0414
9.7549 9.6009 9.6606 0.0414
9.7549 9.6009 9.6616 0.0416
9.7549 9.6009 9.6616 0.0416
9.7549 9.6009 9.6620 0.0412
9.7549 9.6009 9.6624 0.0420
9.7549 9.6009 9.6630 0.0418
9.7549 9.6009 9.6630 0.0418
9.7909 9.6009 9.6644 0.0437
9.7909 9.6009 9.6646 0.0437
9.7909 9.6009 9.6646 0.0437
9.7909 9.6009 9.6646 0.0437
9.7954 9.6009 9.6665 0.0452
9.7954 9.6009 9.6668 0.0452
9.7954 9.6009 9.6668 0.0451
9.7954 9.6009 9.6668 0.0451
9.7954 9.6009 9.6677 0.0460
9.7954 9.6009 9.6677 0.0460
9.7954 9.6009 9.6689 0.0466
9.7954 9.6009 9.6693 0.0464
9.7954 9.6009 9.6693 0.0464
9.7954 9.6009 9.6701 0.0472
9.7954 9.6009 9.6706 0.0469
9.7954 9.6009 9.6706 0.0469
9.7954 9.6009 9.6706 0.0469
9.7954 9.6009 9.6721 0.0472
9.7954 9.6009 9.6721 0.0472
9.7954 9.6009 9.6721 0.0472
9.7954 9.6009 9.6721 0.0472
9.7954 9.6009 9.6721 0.0472
9.7954 9.6009 9.6726 0.0475
9.7974 9.6009 9.6727 0.0476
9.7974 9.6009 9.6731 0.0479
9.7974 9.6009 9.6731 0.0479
9.7974 9.6009 9.6731 0.0479
9.7974 9.6009 9.6737 0.0482
9.7974 9.6009 9.6745 0.0488
9.7974 9.6009 9.6745 0.0488
9.7974 9.6009 9.6752 0.0493
9.7974 9.6009 9.6752 0.0493
9.7974 9.6009 9.6761 0.0499
9.7974 9.6009 9.6769 0.0501
9.7974 9.6009 9.6769 0.0501
9.7974 9.6009 9.6769 0.0501
9.7974 9.6009 9.6769 0.0501
9.7974 9.6009 9.6769 0.0501
9.7974 9.6009 9.6769 0.0501
9.7974 9.6009 9.6774 0.0502
9.7974 9.6009 9.6774 0.0502
9.7974 9.6009 9.6774 0.0502
9.7974 9.6009 9.6774 0.0502
9.7974 9.6009 9.6774 0.0502
9.7974 9.6009 9.6783 0.0508
9.7974 9.6009 9.6794 0.0512
9.7974 9.6009 9.6797 0.0511
9.7974 9.6009 9.6797 0.0511
9.7974 9.6009 9.6808 0.0521
9.7974 9.6009 9.6811 0.0520
9.7980 9.6009 9.6816 0.0528
9.7980 9.6009 9.6816 0.0528
9.7980 9.6009 9.6816 0.0528
9.7980 9.6009 9.6816 0.0528
9.7980 9.6009 9.6818 0.0531
9.7980 9.6009 9.6818 0.0531
9.7980 9.6009 9.6818 0.0531
9.7980 9.6009 9.6818 0.0531
9.7980 9.6009 9.6818 0.0531
9.7980 9.6009 9.6826 0.0536
9.7980 9.6009 9.6832 0.0531
9.7980 9.6009 9.6842 0.0537
9.7980 9.6009 9.6849 0.0541
9.7980 9.6009 9.6856 0.0536
9.7980 9.6009 9.6856 0.0536
9.7980 9.6009 9.6856 0.0536
9.7980 9.6009 9.6858 0.0539
9.7980 9.6009 9.6858 0.0539
9.7980 9.6009 9.6859 0.0539
9.7980 9.6009 9.6863 0.0543
9.7980 9.6009 9.6863 0.0543
9.7980 9.6009 9.6880 0.0542
9.7980 9.6009 9.6883 0.0538
9.7980 9.6009 9.6897 0.0540
9.8422 9.6009 9.6902 0.0551
9.8422 9.6009 9.6915 0.0551
9.8422 9.6009 9.6915 0.0551
9.8422 9.6009 9.6922 0.0554
9.8422 9.6009 9.6922 0.0554
9.8422 9.6009 9.6931 0.0558
9.8422 9.6009 9.6931 0.0558
9.8422 9.6009 9.6933 0.0554
9.8422 9.6009 9.6933 0.0554
9.8422 9.6009 9.6936 0.0557
9.8422 9.6009 9.6944 0.0560
9.8422 9.6009 9.6944 0.0560
9.8422 9.6009 9.6944 0.0560
9.8422 9.6009 9.6952 0.0552
9.8422 9.6009 9.6960 0.0555
9.8422 9.6009 9.6960 0.0555
9.8422 9.6009 9.6962 0.0558
9.8422 9.6009 9.6973 0.0564
9.8422 9.6009 9.6985 0.0572
9.8422 9.6009 9.6985 0.0572
9.8422 9.6009 9.6985 0.0572
9.8422 9.6009 9.6985 0.0572
9.8422 9.6009 9.6985 0.0572
9.8422 9.6009 9.6985 0.0572
9.8422 9.6009 9.6991 0.0567
9.8422 9.6009 9.6991 0.0567
9.8422 9.6009 9.6996 0.0567
9.8422 9.6009 9.6996 0.0567
9.8422 9.6009 9.6996 0.0567
9.8422 9.6009 9.6996 0.0567
9.8422 9.6009 9.6996 0.0567
9.8422 9.6009 9.7011 0.0561
9.8422 9.6009 9.7016 0.0565
9.8422 9.6009 9.7025 0.0568
9.8422 9.6009 9.7034 0.0569
9.8422 9.6009 9.7034 0.0569
9.8422 9.6009 9.7034 0.0569
9.8422 9.6009 9.7034 0.0569
9.8422 9.6009 9.7034 0.0569
9.8422 9.6009 9.7039 0.0568
9.8422 9.6009 9.7039 0.0568
9.8422 9.6009 9.7044 0.0571
9.8422 9.6009 9.7054 0.0571
9.8422 9.6009 9.7064 0.0574
9.8422 9.6009 9.7064 0.0574
9.8422 9.6009 9.7079 0.0567
9.8422 9.6009 9.7079 0.0567
9.8422 9.6009 9.7079 0.0567
9.8422 9.6009 9.7087 0.0573
9.8422 9.6009 9.7087 0.0573
9.8422 9.6009 9.7087 0.0573
9.8422 9.6009 9.7091 0.0574
9.8422 9.6009 9.7091 0.0574
9.8422 9.6009 9.7091 0.0574
9.8422 9.6009 9.7097 0.0571
9.8422 9.6009 9.7097 0.0571
9.8422 9.6009 9.7097 0.0571
9.8422 9.6009 9.7105 0.0572
9.8422 9.6009 9.7109 0.0567
9.8422 9.6009 9.7109 0.0567
9.8422 9.6009 9.7109 0.0567
9.8422 9.6009 9.7116 0.0569
9.8422 9.6009 9.7117 0.0568
9.8422 9.6009 9.7117 0.0568
9.8422 9.6009 9.7124 0.0569
9.8422 9.6009 9.7136 0.0562
9.8422 9.6009 9.7136 0.0562
9.8422 9.6009 9.7138 0.0562
9.8422 9.6009 9.7138 0.0562
9.8422 9.6009 9.7148 0.0555
9.8422 9.6009 9.7155 0.0556
9.8422 9.6009 9.7165 0.0553
9.8422 9.6009 9.7165 0.0553
9.8422 9.6009 9.7165 0.0553
9.8422 9.6009 9.7165 0.0553
9.8422 9.6009 9.7165 0.0553
9.8422 9.6009 9.7165 0.0553
9.8422 9.6009 9.7172 0.0552
9.8422 9.6009 9.7181 0.0551
9.8422 9.6009 9.7189 0.0551
9.8422 9.6009 9.7189 0.0551
9.8422 9.6009 9.7196 0.0551
9.8422 9.6009 9.7199 0.0555
9.8422 9.6009 9.7205 0.0556
9.8422 9.6009 9.7213 0.0555
9.8422 9.6009 9.7213 0.0555
9.8422 9.6009 9.7213 0.0555
9.8422 9.6009 9.7222 0.0554
9.8422 9.6009 9.7222 0.0554
9.8422 9.6009 9.7223 0.0554
9.8422 9.6009 9.7223 0.0554
9.8422 9.6009 9.7223 0.0554
9.8422 9.6009 9.7229 0.0544
9.8422 9.6009 9.7233 0.0540
9.8423 9.6009 9.7233 0.0540
9.8423 9.6009 9.7233 0.0540
9.8423 9.6009 9.7233 0.0540
9.8423 9.6009 9.7233 0.0540
9.8423 9.6009 9.7234 0.0540
9.8423 9.6009 9.7234 0.0540
9.8423 9.6009 9.7246 0.0537
9.8423 9.6009 9.7254 0.0535
9.8423 9.6009 9.7254 0.0535
9.8423 9.6009 9.7254 0.0535
9.8423 9.6009 9.7260 0.0539
9.8423 9.6009 9.7260 0.0539
9.8423 9.6009 9.7275 0.0548
9.8423 9.6009 9.7275 0.0548
9.8423 9.6009 9.7279 0.0552
9.8423 9.6009 9.7289 0.0549
9.8423 9.6111 9.7304 0.0534
9.8423 9.6111 9.7304 0.0534
9.8423 9.6111 9.7304 0.0534
9.8423 9.6111 9.7304 0.0534
9.8423 9.6111 9.7309 0.0526
9.8423 9.6111 9.7309 0.0526
9.8423 9.6111 9.7310 0.0526
9.8423 9.6111 9.7310 0.0525
9.8423 9.6111 9.7319 0.0523
9.8423 9.6111 9.7319 0.0523
9.8423 9.6111 9.7319 0.0523
9.8423 9.6111 9.7326 0.0521
9.8423 9.6111 9.7326 0.0521
9.8423 9.6111 9.7335 0.0510
9.8423 9.6111 9.7341 0.0508
9.8423 9.6111 9.7341 0.0508
9.8492 9.6111 9.7350 0.0520
9.8492 9.6111 9.7361 0.0514
9.8492 9.6111 9.7361 0.0514
9.8492 9.6111 9.7361 0.0514
9.8492 9.6111 9.7365 0.0510
9.8492 9.6111 9.7365 0.0510
9.8492 9.6111 9.7369 0.0504
9.8492 9.6111 9.7371 0.0505
9.8492 9.6111 9.7378 0.0502
9.8492 9.6111 9.7378 0.0502
9.8492 9.6111 9.7378 0.0502
9.8492 9.6111 9.7378 0.0502
9.8492 9.6111 9.7378 0.0502
9.8492 9.6111 9.7381 0.0504
9.8492 9.6111 9.7381 0.0504
9.8492 9.6111 9.7383 0.0506
9.8492 9.6113 9.7397 0.0489
9.8492 9.6113 9.7397 0.0489
9.9345 9.6113 9.7414 0.0526
9.9345 9.6113 9.7424 0.0520
9.9345 9.6113 9.7424 0.0521
9.9345 9.6113 9.7450 0.0545
9.9345 9.6113 9.7461 0.0557
9.9345 9.6113 9.7470 0.0565
9.9345 9.6113 9.7477 0.0570
9.9345 9.6113 9.7477 0.0570
9.9345 9.6113 9.7487 0.0556
9.9345 9.6113 9.7487 0.0556
9.9345 9.6113 9.7487 0.0556
9.9345 9.6113 9.7487 0.0556
9.9345 9.6113 9.7487 0.0556
9.9345 9.6113 9.7496 0.0568
9.9345 9.6113 9.7497 0.0568
9.9345 9.6113 9.7497 0.0568
9.9345 9.6113 9.7516 0.0564
9.9345 9.6113 9.7527 0.0575
9.9345 9.6113 9.7528 0.0575
9.9345 9.6113 9.7529 0.0575
9.9345 9.6113 9.7529 0.0575
9.9345 9.6113 9.7529 0.0575
9.9345 9.6113 9.7531 0.0576
9.9345 9.6113 9.7531 0.0576
9.9345 9.6113 9.7535 0.0579
9.9345 9.6113 9.7535 0.0579
9.9345 9.6113 9.7535 0.0579
9.9345 9.6113 9.7542 0.0574
9.9345 9.6113 9.7542 0.0574
9.9345 9.6113 9.7547 0.0577
9.9345 9.6113 9.7552 0.0578
9.9345 9.6113 9.7562 0.0581
9.9345 9.6113 9.7562 0.0581
9.9345 9.6113 9.7564 0.0582
9.9345 9.6113 9.7564 0.0582
9.9345 9.6113 9.7564 0.0582
9.9345 9.6113 9.7568 0.0584
9.9345 9.6113 9.7568 0.0584
9.9345 9.6113 9.7568 0.0584
9.9345 9.6113 9.7568 0.0584
9.9345 9.6113 9.7568 0.0584
9.9345 9.6113 9.7577 0.0597
9.9345 9.6113 9.7577 0.0597
9.9345 9.6113 9.7583 0.0593
9.9345 9.6113 9.7583 0.0593
9.9345 9.6113 9.7583 0.0593
9.9345 9.6113 9.7585 0.0593
9.9345 9.6113 9.7596 0.0587
9.9345 9.6113 9.7596 0.0587
9.9345 9.6113 9.7596 0.0587
9.9345 9.6113 9.7596 0.0587
9.9345 9.6113 9.7609 0.0601
9.9345 9.6113 9.7612 0.0602
9.9345 9.6113 9.7631 0.0591
9.9345 9.6113 9.7639 0.0597
9.9345 9.6113 9.7644 0.0600
9.9345 9.6113 9.7649 0.0603
9.9671 9.6113 9.7682 0.0661
9.9671 9.6113 9.7684 0.0661
9.9671 9.6113 9.7689 0.0661
9.9780 9.6113 9.7710 0.0693
9.9780 9.6113 9.7713 0.0692
9.9780 9.6113 9.7713 0.0692
9.9780 9.6113 9.7720 0.0694
9.9780 9.6113 9.7721 0.0694
9.9780 9.6113 9.7722 0.0693
9.9780 9.6113 9.7723 0.0693
9.9780 9.6113 9.7744 0.0703
9.9780 9.6113 9.7750 0.0705
9.9780 9.6113 9.7750 0.0705
9.9780 9.6113 9.7750 0.0705
9.9780 9.6113 9.7750 0.0705
9.9780 9.6113 9.7750 0.0705
9.9780 9.6113 9.7751 0.0705
9.9780 9.6113 9.7751 0.0705
9.9780 9.6113 9.7751 0.0705
9.9780 9.6113 9.7751 0.0705
9.9780 9.6113 9.7753 0.0705
9.9780 9.6113 9.7763 0.0699
9.9780 9.6113 9.7770 0.0700
9.9780 9.6113 9.7770 0.0700
9.9780 9.6113 9.7777 0.0698
9.9780 9.6113 9.7777 0.0698
9.9780 9.6113 9.7796 0.0697
9.9780 9.6113 9.7796 0.0697
9.9780 9.6113 9.7797 0.0698
9.9780 9.6113 9.7818 0.0698
9.9780 9.6113 9.7825 0.0696
9.9780 9.6113 9.7826 0.0698
9.9780 9.6113 9.7826 0.0698
9.9780 9.6113 9.7826 0.0698
9.9780 9.6113 9.7826 0.0698
9.9780 9.6113 9.7829 0.0697
9.9780 9.6113 9.7835 0.0703
9.9780 9.6113 9.7836 0.0703
9.9780 9.6113 9.7840 0.0703
9.9780 9.6113 9.7856 0.0686
9.9780 9.6113 9.7857 0.0686
9.9780 9.6113 9.7859 0.0685
9.9780 9.6113 9.7859 0.0685
9.9780 9.6113 9.7865 0.0684
9.9780 9.6113 9.7865 0.0684
9.9780 9.6117 9.7865 0.0684
9.9780 9.6117 9.7865 0.0684
9.9780 9.6117 9.7875 0.0667
9.9780 9.6117 9.7879 0.0665
9.9780 9.6117 9.7888 0.0667
9.9780 9.6117 9.7888 0.0667
9.9780 9.6117 9.7888 0.0667
9.9780 9.6117 9.7909 0.0665
9.9780 9.6117 9.7920 0.0668
9.9780 9.6117 9.7928 0.0672
9.9780 9.6117 9.7935 0.0674
9.9780 9.6117 9.7935 0.0674
9.9780 9.6117 9.7938 0.0673
9.9780 9.6117 9.7950 0.0660
9.9780 9.6117 9.7960 0.0663
9.9780 9.6117 9.7961 0.0662
9.9780 9.6117 9.7961 0.0662
9.9780 9.6117 9.7961 0.0662
9.9780 9.6117 9.7961 0.0662
9.9780 9.6117 9.7963 0.0664
9.9780 9.6117 9.7963 0.0664
9.9780 9.6117 9.7967 0.0663
9.9780 9.6117 9.7968 0.0664
9.9780 9.6117 9.7968 0.0664
10.0223 9.6117 9.8004 0.0730
10.0223 9.6117 9.8006 0.0729
10.0223 9.6117 9.8014 0.0730
10.0223 9.6117 9.8017 0.0732
10.0223 9.6117 9.8018 0.0732
10.0223 9.6117 9.8018 0.0732
10.0223 9.6117 9.8028 0.0732
10.0223 9.6117 9.8028 0.0732
10.0223 9.6117 9.8028 0.0732
10.0223 9.6117 9.8028 0.0732
10.0223 9.6117 9.8035 0.0737
10.0223 9.6117 9.8037 0.0739
10.0223 9.6117 9.8045 0.0738
10.0223 9.6117 9.8052 0.0737
10.0223 9.6117 9.8062 0.0738
10.0223 9.6117 9.8062 0.0738
10.0223 9.6117 9.8062 0.0738
10.0223 9.6117 9.8062 0.0738
10.0223 9.6117 9.8070 0.0740
10.0223 9.6117 9.8070 0.0740
10.0223 9.6117 9.8070 0.0740
10.0223 9.6117 9.8086 0.0726
10.0223 9.6117 9.8086 0.0726
10.0223 9.6117 9.8097 0.0728
10.0223 9.6117 9.8103 0.0726
10.0223 9.6117 9.8134 0.0730
10.0223 9.6117 9.8145 0.0730
10.0223 9.6117 9.8145 0.0730
10.0223 9.6117 9.8148 0.0730
10.0223 9.6117 9.8161 0.0720
10.0223 9.6117 9.8175 0.0744
10.0223 9.6117 9.8175 0.0744
10.0223 9.6117 9.8180 0.0750
10.0223 9.6117 9.8181 0.0749
10.0223 9.6117 9.8181 0.0749
10.0223 9.6117 9.8181 0.0749
10.0223 9.6117 9.8190 0.0754
10.0223 9.6117 9.8190 0.0754
10.0223 9.6117 9.8190 0.0754
10.0223 9.6117 9.8190 0.0754
10.0223 9.6117 9.8190 0.0754
10.0223 9.6117 9.8190 0.0754
10.0223 9.6117 9.8190 0.0754
10.0223 9.6117 9.8190 0.0754
10.0223 9.6117 9.8190 0.0754
10.0223 9.6117 9.8190 0.0754
10.0223 9.6117 9.8193 0.0751
10.0223 9.6117 9.8206 0.0748
10.0223 9.6117 9.8206 0.0748
10.0223 9.6117 9.8206 0.0748
10.0223 9.6117 9.8209 0.0746
10.0223 9.6117 9.8209 0.0746
10.0223 9.6117 9.8210 0.0747
10.0303 9.6117 9.8211 0.0749
10.0303 9.6117 9.8211 0.0749
10.0303 9.6117 9.8215 0.0748
10.0303 9.6117 9.8215 0.0748
10.0303 9.6117 9.8215 0.0748
10.0303 9.6117 9.8226 0.0741
10.0303 9.6117 9.8239 0.0716
10.0303 9.6117 9.8243 0.0716
10.0303 9.6117 9.8249 0.0712
10.0303 9.6117 9.8251 0.0711
10.0303 9.6117 9.8257 0.0707
10.0303 9.6117 9.8257 0.0707
10.0303 9.6117 9.8257 0.0707
10.0303 9.6117 9.8267 0.0704
10.0303 9.6117 9.8267 0.0704
10.0303 9.6703 9.8273 0.0689
10.0303 9.6703 9.8289 0.0695
10.0303 9.6703 9.8291 0.0694
10.0303 9.6703 9.8291 0.0694
10.0303 9.6703 9.8291 0.0694
10.0303 9.6703 9.8291 0.0694
10.0303 9.6703 9.8291 0.0694
10.0303 9.6703 9.8291 0.0694
10.0303 9.6703 9.8299 0.0693
10.0303 9.6703 9.8299 0.0693
10.0303 9.6703 9.8299 0.0694
10.0303 9.6703 9.8302 0.0694
10.0303 9.6703 9.8302 0.0694
10.0303 9.6703 9.8302 0.0694
10.0303 9.6703 9.8302 0.0694
10.0303 9.6703 9.8302 0.0694
10.0303 9.6703 9.8307 0.0688
10.0303 9.6703 9.8313 0.0690
10.0303 9.6703 9.8314 0.0691
10.0303 9.6703 9.8314 0.0691
10.0303 9.6703 9.8314 0.0691
10.0303 9.6703 9.8317 0.0692
10.0303 9.6703 9.8321 0.0694
10.0303 9.6703 9.8321 0.0694
10.0303 9.6703 9.8325 0.0693
10.0303 9.6703 9.8327 0.0696
10.0303 9.6703 9.8327 0.0696
10.0303 9.6703 9.8327 0.0696
10.0303 9.6703 9.8329 0.0697
10.0303 9.6703 9.8340 0.0693
10.0303 9.6703 9.8340 0.0693
10.0303 9.6703 9.8353 0.0693
10.0303 9.6703 9.8353 0.0693
10.0303 9.6703 9.8353 0.0693
10.0303 9.6703 9.8366 0.0690
10.0303 9.6703 9.8377 0.0692
10.0303 9.6703 9.8377 0.0692
10.0303 9.6703 9.8380 0.0690
10.0303 9.6703 9.8380 0.0690
10.0303 9.6703 9.8380 0.0690
10.0303 9.6703 9.8395 0.0711
10.0303 9.6703 9.8395 0.0711
10.0303 9.6703 9.8395 0.0711
10.0303 9.6703 9.8395 0.0711
10.0303 9.6703 9.8395 0.0711
10.0303 9.6703 9.8395 0.0711
10.0303 9.6703 9.8398 0.0712
10.0303 9.6703 9.8398 0.0712
10.0303 9.6703 9.8408 0.0710
10.0303 9.6703 9.8408 0.0710
10.0303 9.6703 9.8408 0.0710
10.0303 9.6703 9.8408 0.0710
10.0303 9.6703 9.8410 0.0711
10.0303 9.6703 9.8410 0.0711
10.0303 9.6703 9.8421 0.0710
10.0303 9.6703 9.8421 0.0710
10.0303 9.6703 9.8421 0.0710
10.0303 9.6703 9.8421 0.0710
10.0303 9.6703 9.8429 0.0716
10.0303 9.6703 9.8429 0.0716
10.0303 9.6703 9.8429 0.0715
10.0303 9.6703 9.8433 0.0713
10.0303 9.6703 9.8433 0.0713
10.0303 9.6703 9.8433 0.0713
10.0303 9.6703 9.8442 0.0717
10.0303 9.6703 9.8442 0.0717
10.0303 9.6703 9.8442 0.0717
10.0303 9.6703 9.8444 0.0716
10.0303 9.6703 9.8444 0.0716
10.0303 9.6703 9.8444 0.0716
10.0303 9.6703 9.8452 0.0722
10.0303 9.6703 9.8469 0.0733
10.0303 9.6703 9.8475 0.0734
10.0303 9.6703 9.8482 0.0733
10.0303 9.6703 9.8483 0.0733
10.0303 9.6703 9.8483 0.0733
10.0303 9.6703 9.8495 0.0714
10.0303 9.6703 9.8498 0.0718
10.0303 9.6703 9.8503 0.0722
10.0303 9.6703 9.8518 0.0739
10.0303 9.6703 9.8518 0.0739
10.0303 9.6703 9.8518 0.0739
10.0303 9.6703 9.8521 0.0741
10.0303 9.6703 9.8521 0.0741
10.0303 9.6703 9.8522 0.0742
10.0303 9.6703 9.8522 0.0742
10.0303 9.6703 9.8528 0.0730
10.0303 9.6703 9.8528 0.0730
10.0303 9.6703 9.8533 0.0725
10.0303 9.6703 9.8542 0.0731
10.0303 9.6703 9.8544 0.0731
10.0303 9.6703 9.8544 0.0731
10.0303 9.6703 9.8548 0.0729
10.0303 9.6703 9.8548 0.0729
10.0303 9.6703 9.8548 0.0729
10.0303 9.6703 9.8560 0.0744
10.0303 9.6703 9.8560 0.0744
10.0303 9.6703 9.8560 0.0744
10.0303 9.6703 9.8560 0.0744
10.0303 9.6703 9.8569 0.0734
10.0303 9.6703 9.8569 0.0734
10.0303 9.6703 9.8578 0.0747
10.0303 9.6703 9.8585 0.0748
10.0303 9.7249 9.8601 0.0724
10.0303 9.7249 9.8604 0.0727
10.0303 9.7249 9.8604 0.0727
10.0303 9.7249 9.8606 0.0725
10.0303 9.7249 9.8606 0.0725
10.0303 9.7249 9.8612 0.0718
10.0303 9.7249 9.8612 0.0718
10.0303 9.7249 9.8612 0.0718
10.0303 9.7249 9.8612 0.0718
10.0303 9.7249 9.8629 0.0722
10.0303 9.7249 9.8629 0.0722
10.0303 9.7249 9.8636 0.0716
10.0303 9.7249 9.8638 0.0715
10.0303 9.7249 9.8646 0.0715
10.0303 9.7249 9.8646 0.0715
10.0303 9.7249 9.8660 0.0720
10.0303 9.7249 9.8660 0.0720
10.0303 9.7249 9.8660 0.0720
10.0303 9.7249 9.8660 0.0720
10.0303 9.7249 9.8668 0.0723
10.0303 9.7249 9.8670 0.0724
10.0303 9.7249 9.8670 0.0724
10.0303 9.7249 9.8670 0.0724
10.0303 9.7249 9.8671 0.0724
10.0303 9.7249 9.8690 0.0725
10.0303 9.7249 9.8690 0.0725
10.0303 9.7249 9.8690 0.0725
10.0303 9.7249 9.8696 0.0715
10.0303 9.7249 9.8696 0.0715
10.0303 9.7249 9.8696 0.0715
10.0303 9.7249 9.8696 0.0715
10.0303 9.7249 9.8704 0.0726
10.0303 9.7249 9.8704 0.0726
10.0303 9.7249 9.8704 0.0726
10.0303 9.7249 9.8704 0.0726
10.0303 9.7249 9.8711 0.0719
10.0303 9.7249 9.8721 0.0719
10.0303 9.7249 9.8721 0.0719
10.0303 9.7249 9.8735 0.0718
10.0303 9.7249 9.8735 0.0718
10.0303 9.7249 9.8736 0.0718
10.0303 9.7249 9.8741 0.0722
10.0303 9.7249 9.8766 0.0725
10.0303 9.7249 9.8769 0.0721
10.0303 9.7249 9.8775 0.0724
10.0303 9.7249 9.8781 0.0727
10.0303 9.7249 9.8781 0.0727
10.0303 9.7249 9.8801 0.0735
10.0303 9.7249 9.8801 0.0735
10.0303 9.7249 9.8801 0.0735
10.0303 9.7249 9.8801 0.0735
10.0303 9.7249 9.8801 0.0735
10.0303 9.7249 9.8802 0.0736
10.0303 9.7249 9.8824 0.0741
10.0303 9.7249 9.8825 0.0741
10.0303 9.7249 9.8825 0.0741
10.0303 9.7249 9.8825 0.0741
10.0303 9.7249 9.8825 0.0741
10.0303 9.7249 9.8825 0.0741
10.0303 9.7249 9.8843 0.0752
10.0303 9.7249 9.8843 0.0752
10.0303 9.7249 9.8843 0.0752
10.0303 9.7249 9.8848 0.0748
10.0303 9.7249 9.8853 0.0745
10.0303 9.7249 9.8853 0.0745
10.0303 9.7249 9.8853 0.0745
10.0303 9.7249 9.8853 0.0745
10.0303 9.7249 9.8868 0.0735
10.0303 9.7249 9.8868 0.0735
10.0303 9.7249 9.8891 0.0737
10.0303 9.7249 9.8892 0.0737
10.0303 9.7249 9.8905 0.0725
10.0303 9.7249 9.8907 0.0725
10.0303 9.7249 9.8907 0.0725
10.0303 9.7249 9.8907 0.0725
10.0303 9.7249 9.8907 0.0725
10.0303 9.7249 9.8907 0.0725
10.0303 9.7249 9.8907 0.0725
10.0303 9.7249 9.8907 0.0725
10.0303 9.7249 9.8932 0.0721
10.0303 9.7249 9.8932 0.0721
10.0303 9.7249 9.8932 0.0721
10.0303 9.7249 9.8940 0.0722
10.0303 9.7249 9.8940 0.0722
10.0303 9.7249 9.8940 0.0722
10.0303 9.7249 9.8945 0.0723
10.0303 9.7249 9.8945 0.0723
10.0303 9.7249 9.8956 0.0716
10.0303 9.7249 9.8956 0.0716
10.0303 9.7249 9.8960 0.0717
10.0303 9.7249 9.8960 0.0717
10.0303 9.7249 9.8960 0.0717
10.0303 9.7249 9.8963 0.0716
10.0303 9.7249 9.8963 0.0716
10.0303 9.7249 9.8963 0.0716
10.0303 9.7249 9.8968 0.0709
10.0303 9.7249 9.8968 0.0709
10.0303 9.7249 9.8978 0.0705
10.0303 9.7249 9.8978 0.0705
10.0303 9.7249 9.8981 0.0703
10.0303 9.7249 9.8992 0.0702
10.0305 9.7249 9.9000 0.0713
10.0305 9.7249 9.9000 0.0713
10.0305 9.7249 9.9022 0.0713
10.0305 9.7249 9.9030 0.0709
10.0305 9.7249 9.9036 0.0707
10.0305 9.7249 9.9051 0.0710
10.0305 9.7249 9.9055 0.0710
10.0305 9.7249 9.9055 0.0710
10.0305 9.7667 9.9073 0.0686
10.0305 9.7667 9.9073 0.0686
10.0305 9.7667 9.9084 0.0681
10.0305 9.7667 9.9084 0.0681
10.0305 9.7667 9.9084 0.0681
10.0305 9.7667 9.9088 0.0677
10.0305 9.7667 9.9088 0.0677
10.0305 9.7667 9.9088 0.0677
10.0305 9.7667 9.9088 0.0677
10.0305 9.7667 9.9088 0.0677
10.0305 9.7667 9.9099 0.0671
10.0305 9.7667 9.9106 0.0666
10.0305 9.7667 9.9107 0.0666
10.0305 9.7667 9.9107 0.0666
10.0305 9.7667 9.9107 0.0666
10.0305 9.7667 9.9107 0.0666
10.0373 9.7667 9.9130 0.0688
10.0373 9.7667 9.9140 0.0694
10.0373 9.7667 9.9141 0.0694
10.0373 9.7667 9.9154 0.0691
10.0373 9.7667 9.9155 0.0691
10.0373 9.7667 9.9155 0.0691
10.0373 9.7667 9.9155 0.0691
10.0373 9.7667 9.9177 0.0686
10.0373 9.7667 9.9186 0.0679
10.0373 9.7667 9.9191 0.0676
10.0373 9.7667 9.9191 0.0676
10.0373 9.7667 9.9191 0.0676
10.0373 9.7667 9.9191 0.0676
10.0373 9.7667 9.9199 0.0669
10.0373 9.7667 9.9199 0.0669
10.0373 9.7667 9.9202 0.0673
10.0373 9.7667 9.9202 0.0673
10.0373 9.7667 9.9202 0.0673
10.0373 9.7667 9.9202 0.0673
10.0373 9.7667 9.9208 0.0678
10.0373 9.7667 9.9215 0.0676
10.0373 9.7667 9.9215 0.0676
10.0373 9.7667 9.9219 0.0678
10.0373 9.7667 9.9225 0.0682
10.0373 9.7667 9.9231 0.0684
10.0373 9.7667 9.9231 0.0684
10.0373 9.7667 9.9231 0.0684
10.0373 9.7667 9.9231 0.0684
10.0373 9.7843 9.9244 0.0666
10.0373 9.7843 9.9254 0.0671
10.0373 9.7843 9.9254 0.0671
10.0373 9.7843 9.9254 0.0671
10.0373 9.7843 9.9254 0.0671
10.0373 9.7843 9.9269 0.0680
10.0373 9.7843 9.9269 0.0680
10.0373 9.7843 9.9269 0.0680
10.0373 9.7843 9.9271 0.0682
10.0373 9.7843 9.9271 0.0682
10.0373 9.7843 9.9271 0.0682
10.0373 9.7843 9.9271 0.0682
10.0373 9.7843 9.9271 0.0682
10.0373 9.7843 9.9271 0.0682
10.0373 9.7843 9.9271 0.0682
10.0373 9.7843 9.9271 0.0682
10.0373 9.7843 9.9271 0.0682
10.0373 9.7843 9.9271 0.0683
10.0373 9.7843 9.9273 0.0686
10.0373 9.7843 9.9273 0.0686
10.0373 9.7843 9.9276 0.0687
10.0373 9.7843 9.9278 0.0689
10.0373 9.7843 9.9278 0.0689
10.0373 9.7843 9.9291 0.0681
10.0373 9.7843 9.9298 0.0682
10.0373 9.7843 9.9298 0.0682
10.0373 9.7843 9.9298 0.0682
10.0373 9.7843 9.9298 0.0682
10.0373 9.7843 9.9305 0.0686
10.0373 9.7843 9.9305 0.0686
10.0373 9.7843 9.9309 0.0687
10.0373 9.7843 9.9309 0.0687
10.0373 9.7843 9.9309 0.0687
10.0373 9.7843 9.9313 0.0681
10.0373 9.7843 9.9313 0.0681
10.0373 9.7843 9.9313 0.0681
10.0373 9.7843 9.9313 0.0681
10.0424 9.7843 9.9331 0.0679
10.0424 9.7843 9.9331 0.0679
10.0424 9.7843 9.9331 0.0679
10.0424 9.7843 9.9331 0.0679
10.0424 9.7843 9.9331 0.0679
10.0424 9.7843 9.9331 0.0679
10.0424 9.7843 9.9345 0.0671
10.0424 9.7843 9.9357 0.0674
10.0424 9.7843 9.9357 0.0674
10.0424 9.7843 9.9357 0.0674
10.0424 9.7843 9.9357 0.0674
10.0424 9.7843 9.9357 0.0674
10.0424 9.7843 9.9357 0.0674
10.0424 9.7843 9.9357 0.0674
10.0424 9.7843 9.9357 0.0674
10.0424 9.7843 9.9357 0.0674
10.0424 9.7843 9.9360 0.0671
10.0424 9.7843 9.9360 0.0671
10.0424 9.7843 9.9360 0.0671
10.0424 9.7843 9.9360 0.0671
10.0733 9.7843 9.9364 0.0679
10.0733 9.7843 9.9368 0.0678
10.0733 9.7843 9.9368 0.0678
10.0733 9.7843 9.9378 0.0675
10.0733 9.7843 9.9378 0.0675
10.0733 9.7843 9.9378 0.0675
10.0733 9.7843 9.9378 0.0675
10.0733 9.7843 9.9378 0.0675
10.0733 9.7843 9.9382 0.0671
10.0733 9.7843 9.9386 0.0669
10.0733 9.7843 9.9386 0.0669
10.0733 9.7843 9.9390 0.0668
10.0733 9.7843 9.9390 0.0668
10.0733 9.7843 9.9390 0.0668
10.0733 9.7843 9.9390 0.0668
10.0733 9.7843 9.9390 0.0668
10.0733 9.7843 9.9390 0.0668
10.0733 9.7843 9.9390 0.0668
10.0733 9.7843 9.9394 0.0666
10.0733 9.7843 9.9394 0.0666
10.0733 9.7843 9.9406 0.0672
10.0733 9.7843 9.9406 0.0672
10.0733 9.7843 9.9406 0.0672
10.0733 9.7843 9.9417 0.0674
10.1231 9.7843 9.9436 0.0711
10.1231 9.7843 9.9436 0.0711
10.1231 9.7843 9.9436 0.0711
10.1231 9.7843 9.9436 0.0711
10.1231 9.7843 9.9452 0.0701
10.1231 9.7843 9.9452 0.0701
10.1231 9.7843 9.9454 0.0699
10.1231 9.7843 9.9454 0.0699
10.1231 9.7843 9.9454 0.0699
10.1231 9.7843 9.9470 0.0695
10.1231 9.7843 9.9470 0.0695
10.1231 9.7843 9.9470 0.0695
10.1231 9.7843 9.9470 0.0695
10.1231 9.7843 9.9470 0.0695
10.1231 9.7843 9.9470 0.0695
10.1231 9.7843 9.9482 0.0684
10.1231 9.7843 9.9482 0.0684
10.1231 9.7843 9.9482 0.0684
10.1231 9.7843 9.9482 0.0684
10.1231 9.7843 9.9482 0.0684
10.1231 9.7843 9.9485 0.0681
10.1231 9.7843 9.9491 0.0679
10.1231 9.7843 9.9491 0.0679
10.1231 9.7843 9.9491 0.0679
10.1231 9.7843 9.9491 0.0679
10.1231 9.7843 9.9491 0.0679
10.1231 9.7843 9.9491 0.0679
10.1231 9.7843 9.9491 0.0679
10.1231 9.7843 9.9492 0.0679
10.1231 9.7843 9.9492 0.0679
10.1231 9.7843 9.9495 0.0676
10.1231 9.7843 9.9508 0.0679
10.1231 9.7843 9.9519 0.0680
10.1231 9.7843 9.9519 0.0680
10.1231 9.7843 9.9519 0.0680
10.1231 9.7843 9.9519 0.0680
10.1231 9.7843 9.9519 0.0680
10.1231 9.7843 9.9519 0.0680
10.1231 9.7843 9.9520 0.0679
10.1231 9.7843 9.9528 0.0684
10.1231 9.7843 9.9538 0.0694
10.1231 9.7843 9.9541 0.0694
10.1231 9.7843 9.9541 0.0694
10.1231 9.7843 9.9541 0.0694
10.1231 9.7843 9.9546 0.0701
10.1231 9.7843 9.9553 0.0703
10.1231 9.7843 9.9553 0.0703
10.1231 9.7843 9.9553 0.0703
10.1231 9.7843 9.9553 0.0703
10.1231 9.7843 9.9557 0.0701
10.1231 9.7843 9.9557 0.0701
10.1231 9.7843 9.9557 0.0701
10.1231 9.7843 9.9561 0.0701
10.1231 9.7843 9.9561 0.0701
10.1231 9.7843 9.9561 0.0701
10.1231 9.7843 9.9562 0.0702
10.1231 9.7843 9.9562 0.0702
10.1231 9.7843 9.9562 0.0702
10.1231 9.7843 9.9562 0.0702
10.1231 9.7843 9.9562 0.0702
10.1231 9.7843 9.9562 0.0702
10.1231 9.7843 9.9562 0.0702
10.1231 9.7843 9.9562 0.0702
10.1231 9.7843 9.9564 0.0701
10.1231 9.7843 9.9566 0.0700
10.1231 9.7843 9.9566 0.0700
10.1231 9.7843 9.9566 0.0700
10.1231 9.7843 9.9566 0.0700
10.1231 9.7843 9.9566 0.0700
10.1231 9.7843 9.9573 0.0702
10.1231 9.7843 9.9573 0.0702
10.1231 9.7843 9.9591 0.0690
10.1231 9.7843 9.9600 0.0691
10.1231 9.7843 9.9600 0.0691
10.1231 9.7843 9.9625 0.0687
10.1231 9.7843 9.9625 0.0687
10.1231 9.7843 9.9636 0.0688
10.1231 9.7843 9.9636 0.0688
10.1231 9.7843 9.9636 0.0688
10.1231 9.7843 9.9645 0.0691
10.1231 9.7843 9.9654 0.0691
10.1231 9.7843 9.9660 0.0690
10.1231 9.7843 9.9661 0.0690
10.1231 9.7843 9.9665 0.0689
10.1231 9.7843 9.9698 0.0682
10.1231 9.7843 9.9698 0.0682
10.1231 9.7843 9.9698 0.0682
10.1231 9.7843 9.9698 0.0682
10.1231 9.7843 9.9705 0.0685
10.1231 9.7843 9.9720 0.0669
10.1536 9.7843 9.9728 0.0685
10.1536 9.7843 9.9733 0.0688
10.1536 9.7843 9.9767 0.0695
10.1536 9.7843 9.9767 0.0695
10.1536 9.7843 9.9772 0.0699
10.1536 9.7843 9.9772 0.0699
10.1536 9.7843 9.9772 0.0699
10.1536 9.7843 9.9772 0.0699
10.1536 9.7843 9.9772 0.0699
10.1536 9.7843 9.9773 0.0698
10.1536 9.7843 9.9778 0.0699
10.1536 9.7843 9.9778 0.0699
10.1536 9.7843 9.9778 0.0699
10.1536 9.7843 9.9778 0.0699
10.1536 9.7843 9.9791 0.0697
10.1536 9.7843 9.9791 0.0697
10.1536 9.7843 9.9800 0.0710
10.1536 9.7843 9.9806 0.0709
10.1536 9.7843 9.9807 0.0709
10.1536 9.7843 9.9807 0.0709
10.1536 9.7843 9.9807 0.0709
10.1536 9.7843 9.9818 0.0704
10.1536 9.7843 9.9827 0.0698
10.1536 9.7843 9.9827 0.0698
10.1536 9.7843 9.9827 0.0698
10.1536 9.7843 9.9827 0.0698
10.1536 9.7843 9.9827 0.0698
10.1536 9.7843 9.9832 0.0698
10.1536 9.7843 9.9832 0.0698
10.1536 9.7843 9.9834 0.0698
10.1536 9.7843 9.9834 0.0698
10.1536 9.7843 9.9835 0.0699
10.1536 9.7843 9.9836 0.0699
10.1536 9.7843 9.9840 0.0700
10.1536 9.7843 9.9840 0.0700
10.1536 9.7843 9.9840 0.0700
10.1536 9.7843 9.9841 0.0700
10.1536 9.7843 9.9841 0.0700
10.1536 9.7843 9.9841 0.0700
10.1536 9.7843 9.9842 0.0700
10.1536 9.7843 9.9842 0.0700
10.1536 9.7843 9.9844 0.0699
10.1536 9.7843 9.9844 0.0699
10.1536 9.7843 9.9852 0.0703
10.1536 9.7843 9.9852 0.0703
10.1536 9.7843 9.9863 0.0698
10.1536 9.7843 9.9872 0.0702
10.1536 9.7843 9.9872 0.0702
10.1536 9.7843 9.9878 0.0694
10.1536 9.7843 9.9886 0.0692
10.1536 9.7843 9.9886 0.0692
10.1536 9.7843 9.9890 0.0692
10.1536 9.7843 9.9890 0.0692
10.1536 9.7843 9.9890 0.0692
10.1536 9.7843 9.9892 0.0687
10.1536 9.7843 9.9892 0.0687
10.1536 9.7843 9.9892 0.0687
10.1536 9.7843 9.9892 0.0687
10.1536 9.7843 9.9894 0.0688
10.1536 9.7843 9.9894 0.0688
10.1536 9.7843 9.9911 0.0672
10.1536 9.7843 9.9914 0.0670
10.1536 9.7843 9.9914 0.0670
10.1536 9.7843 9.9921 0.0672
10.1536 9.7843 9.9921 0.0672
10.1536 9.7843 9.9931 0.0680
10.1536 9.7843 9.9939 0.0673
10.1536 9.7843 9.9939 0.0673
10.1536 9.7843 9.9939 0.0673
10.1536 9.7843 9.9950 0.0653
10.1536 9.7843 9.9950 0.0653
10.1536 9.7843 9.9950 0.0653
10.1536 9.7843 9.9950 0.0653
10.1536 9.7843 9.9950 0.0653
10.1536 9.7843 9.9964 0.0645
10.1536 9.7843 9.9964 0.0645
10.1536 9.7843 9.9964 0.0645
10.1536 9.7843 9.9964 0.0645
10.1536 9.7843 9.9964 0.0645
10.1536 9.7843 9.9964 0.0645
10.1536 9.7843 9.9964 0.0645
10.1536 9.7843 9.9964 0.0645
10.1536 9.7843 9.9967 0.0639
10.1536 9.7843 9.9971 0.0638
10.1536 9.7843 9.9971 0.0638
10.1536 9.7843 9.9971 0.0638
10.1536 9.7843 9.9971 0.0638
10.1536 9.7843 9.9974 0.0637
10.1536 9.7843 9.9974 0.0637
10.1536 9.7843 9.9974 0.0637
10.1536 9.7843 9.9974 0.0637
10.1536 9.7843 9.9974 0.0637
10.1536 9.7843 9.9974 0.0637
10.1536 9.7843 9.9974 0.0637
10.1536 9.7843 9.9974 0.0637
10.1536 9.7843 9.9974 0.0637
10.1536 9.7843 9.9974 0.0637
10.1536 9.7843 9.9974 0.0637
10.1536 9.7843 9.9974 0.0637
10.1536 9.7843 9.9981 0.0635
10.1536 9.7843 9.9993 0.0629
10.1536 9.7843 9.9993 0.0629
10.1536 9.7843 9.9993 0.0629
10.1536 9.7843 9.9993 0.0629
10.1536 9.7843 10.0008 0.0623
10.1536 9.7843 10.0013 0.0623
10.1536 9.7843 10.0013 0.0623
10.1536 9.7843 10.0013 0.0623
10.1536 9.7843 10.0013 0.0623
10.1536 9.7843 10.0013 0.0623
10.1536 9.7843 10.0028 0.0623
10.1536 9.7843 10.0029 0.0622
10.1536 9.7843 10.0029 0.0622
10.1536 9.7843 10.0032 0.0625
10.1536 9.7843 10.0032 0.0625
10.1536 9.7843 10.0039 0.0629
10.1536 9.7843 10.0039 0.0629
10.1536 9.7843 10.0039 0.0629
10.1536 9.7843 10.0039 0.0629
10.1536 9.7843 10.0044 0.0631
10.1536 9.7843 10.0047 0.0626
10.1536 9.7843 10.0047 0.0626
10.1536 9.7843 10.0047 0.0626
10.1536 9.7843 10.0049 0.0626
10.1536 9.7843 10.0049 0.0626
10.1536 9.7843 10.0049 0.0626
10.1536 9.7843 10.0051 0.0626
10.1536 9.7843 10.0051 0.0626
10.1536 9.7843 10.0051 0.0626
10.1536 9.7843 10.0053 0.0627
10.1536 9.7843 10.0053 0.0627
10.1536 9.7843 10.0053 0.0627
10.1536 9.7843 10.0062 0.0615
10.1536 9.7843 10.0062 0.0615
10.1536 9.7843 10.0063 0.0615
10.1536 9.7843 10.0063 0.0615
10.1536 9.7843 10.0063 0.0615
10.1536 9.7843 10.0063 0.0615
10.1536 9.7843 10.0063 0.0615
10.1536 9.7843 10.0063 0.0615
10.1536 9.7843 10.0063 0.0615
10.1536 9.7843 10.0063 0.0615
10.1536 9.7843 10.0067 0.0615
10.1536 9.7843 10.0076 0.0625
10.1536 9.7843 10.0089 0.0615
10.1536 9.7843 10.0089 0.0615
10.1536 9.7843 10.0089 0.0615
10.1536 9.7843 10.0089 0.0615
10.1536 9.7843 10.0092 0.0617
10.1536 9.7843 10.0092 0.0617
10.1536 9.7843 10.0092 0.0617
10.1536 9.7843 10.0092 0.0617
10.1536 9.7843 10.0092 0.0617
10.1536 9.8331 10.0109 0.0577
10.1536 9.8331 10.0113 0.0576
10.1536 9.8331 10.0113 0.0576
10.1536 9.8331 10.0113 0.0576
10.1536 9.8331 10.0113 0.0576
10.1536 9.8331 10.0113 0.0576
10.1536 9.8331 10.0113 0.0576
10.1536 9.8331 10.0113 0.0576
10.1536 9.8331 10.0113 0.0576
10.1536 9.8331 10.0113 0.0576
10.1536 9.8331 10.0123 0.0579
10.1536 9.8331 10.0123 0.0579
10.1536 9.8331 10.0129 0.0573
10.1536 9.8331 10.0129 0.0573
10.1536 9.8331 10.0129 0.0573
10.1536 9.8331 10.0129 0.0573
10.1536 9.8331 10.0129 0.0573
10.1536 9.8331 10.0148 0.0577
10.1536 9.8331 10.0151 0.0578
10.1536 9.8331 10.0151 0.0578
10.1536 9.8331 10.0160 0.0588
10.1536 9.8331 10.0160 0.0588
10.1536 9.8331 10.0160 0.0588
10.1536 9.8331 10.0160 0.0588
10.1536 9.8331 10.0167 0.0591
10.1536 9.8331 10.0167 0.0591
10.1536 9.8331 10.0167 0.0591
10.1536 9.8331 10.0168 0.0591
10.1536 9.8331 10.0168 0.0591
10.1536 9.8331 10.0189 0.0591
10.1536 9.8331 10.0189 0.0591
10.1536 9.8331 10.0189 0.0591
10.1536 9.8331 10.0189 0.0591
10.1536 9.8331 10.0189 0.0591
10.1536 9.8331 10.0189 0.0591
10.1536 9.8331 10.0189 0.0591
10.1536 9.8331 10.0189 0.0591
10.1536 9.8331 10.0189 0.0591
10.1536 9.8331 10.0189 0.0591
10.1536 9.8331 10.0189 0.0591
10.1536 9.8331 10.0189 0.0591
10.1536 9.8331 10.0189 0.0591
10.1536 9.8331 10.0189 0.0591
10.1536 9.8331 10.0189 0.0591
10.1536 9.8331 10.0189 0.0591
10.1536 9.8331 10.0196 0.0592
10.1536 9.8331 10.0196 0.0593
10.1536 9.8331 10.0196 0.0593
10.1536 9.8331 10.0196 0.0593
10.1536 9.8331 10.0199 0.0594
10.1536 9.8331 10.0199 0.0594
10.1536 9.8331 10.0199 0.0594
10.1536 9.8331 10.0199 0.0594
10.1536 9.8331 10.0199 0.0594
10.1536 9.8331 10.0199 0.0594
10.1536 9.8331 10.0210 0.0589
10.1536 9.8331 10.0235 0.0580
10.1536 9.8331 10.0235 0.0580
10.1536 9.8331 10.0242 0.0584
10.1536 9.8331 10.0244 0.0583
10.1536 9.8331 10.0244 0.0583
10.1536 9.8331 10.0244 0.0583
10.1536 9.8331 10.0245 0.0583
10.1536 9.8331 10.0245 0.0583
10.1536 9.8331 10.0245 0.0583
10.1536 9.8331 10.0247 0.0585
10.1536 9.8331 10.0247 0.0585
10.1536 9.8331 10.0247 0.0585
10.1536 9.8331 10.0249 0.0584
10.1536 9.8331 10.0249 0.0584
10.1536 9.8331 10.0253 0.0584
10.1536 9.8331 10.0253 0.0584
10.1536 9.8331 10.0255 0.0586
10.1536 9.8331 10.0255 0.0586
10.1536 9.8331 10.0255 0.0586
10.1536 9.8331 10.0255 0.0586
10.1536 9.8331 10.0259 0.0590
10.1536 9.8331 10.0259 0.0590
10.1536 9.8331 10.0262 0.0593
10.1536 9.8331 10.0271 0.0598
10.1536 9.8331 10.0277 0.0598
10.1536 9.8665 10.0291 0.0568
10.1536 9.8665 10.0291 0.0568
10.1536 9.8665 10.0291 0.0568
10.1536 9.8665 10.0291 0.0568
10.1536 9.8665 10.0291 0.0568
10.1536 9.8665 10.0291 0.0568
10.1536 9.8665 10.0291 0.0568
10.1536 9.8665 10.0298 0.0570
10.1536 9.8665 10.0298 0.0570
10.1536 9.8665 10.0298 0.0570
10.1536 9.8665 10.0298 0.0570
10.1536 9.8665 10.0298 0.0570
10.1536 9.8665 10.0298 0.0570
10.1536 9.8665 10.0301 0.0566
10.1536 9.8665 10.0301 0.0566
10.1536 9.8665 10.0301 0.0566
10.1536 9.8665 10.0301 0.0566
10.1536 9.8665 10.0308 0.0568
10.1536 9.8665 10.0312 0.0561
10.1536 9.8665 10.0312 0.0561
10.1536 9.8665 10.0312 0.0561
10.1536 9.8665 10.0327 0.0550
10.1536 9.8665 10.0331 0.0552
10.1536 9.8665 10.0336 0.0553
10.1536 9.8665 10.0338 0.0555
10.1536 9.8665 10.0338 0.0555
10.1536 9.8665 10.0338 0.0555
10.1536 9.8665 10.0338 0.0555
10.1536 9.8665 10.0338 0.0555
10.1536 9.8665 10.0338 0.0555
10.1536 9.8665 10.0342 0.0555
10.1536 9.8665 10.0342 0.0555
10.1536 9.8665 10.0342 0.0555
10.1536 9.8665 10.0347 0.0564
10.1536 9.8665 10.0366 0.0562
10.1536 9.8665 10.0369 0.0562
10.1536 9.8665 10.0372 0.0557
10.1536 9.8665 10.0381 0.0547
10.1536 9.8665 10.0381 0.0547
10.1536 9.8665 10.0381 0.0547
10.1536 9.8665 10.0381 0.0547
10.1536 9.8665 10.0381 0.0547
10.1536 9.8665 10.0391 0.0553
10.1536 9.8665 10.0391 0.0553
10.1536 9.8665 10.0391 0.0553
10.1536 9.8665 10.0400 0.0546
10.1536 9.8665 10.0400 0.0546
10.1536 9.8665 10.0409 0.0548
10.1536 9.8665 10.0409 0.0548
10.1536 9.8665 10.0414 0.0548
10.1536 9.8665 10.0414 0.0548
10.1536 9.8665 10.0414 0.0548
10.1536 9.8665 10.0414 0.0548
10.1536 9.8665 10.0414 0.0548
10.1536 9.8665 10.0414 0.0548
10.1536 9.8665 10.0416 0.0546
10.1536 9.8665 10.0416 0.0546
10.1536 9.8665 10.0416 0.0546
10.1536 9.8665 10.0424 0.0546
10.1536 9.8665 10.0433 0.0541
10.1536 9.8665 10.0433 0.0541
10.1536 9.8665 10.0438 0.0536
10.1536 9.8665 10.0438 0.0536
10.1536 9.8665 10.0438 0.0536
10.1536 9.8665 10.0438 0.0536
10.1536 9.8665 10.0438 0.0536
10.1536 9.8665 10.0438 0.0536
10.1536 9.8665 10.0438 0.0536
10.1536 9.8665 10.0450 0.0541
10.1536 9.8665 10.0450 0.0541
10.1536 9.8665 10.0451 0.0539
10.1536 9.8665 10.0453 0.0543
10.1536 9.8665 10.0456 0.0543
10.1536 9.8665 10.0460 0.0547
10.1536 9.8665 10.0460 0.0547
10.1536 9.8665 10.0460 0.0547
10.1536 9.8665 10.0460 0.0547
10.1536 9.8665 10.0466 0.0552
10.1536 9.8665 10.0468 0.0551
10.1536 9.8665 10.0468 0.0551
10.1536 9.8665 10.0468 0.0551
10.1536 9.8665 10.0480 0.0555
10.1536 9.8665 10.0480 0.0555
10.1536 9.8665 10.0480 0.0555
10.1536 9.8665 10.0480 0.0555
10.1536 9.8665 10.0486 0.0555
10.1536 9.8665 10.0486 0.0555
10.1536 9.8665 10.0486 0.0555
10.1536 9.8665 10.0486 0.0555
10.1536 9.8665 10.0497 0.0559
10.1536 9.8665 10.0497 0.0559
10.1536 9.8665 10.0497 0.0559
10.1536 9.8665 10.0497 0.0559
10.1536 9.8665 10.0497 0.0559
10.1536 9.8665 10.0497 0.0559
10.1536 9.8665 10.0501 0.0559
10.1536 9.8665 10.0501 0.0559
10.1536 9.8665 10.0512 0.0568
10.1536 9.8665 10.0512 0.0568
10.1536 9.9347 10.0530 0.0537
10.1536 9.9347 10.0530 0.0537
10.1536 9.9347 10.0530 0.0537
10.1536 9.9347 10.0530 0.0537
10.1536 9.9347 10.0532 0.0538
10.1536 9.9347 10.0532 0.0538
10.1536 9.9347 10.0532 0.0538
10.1536 9.9347 10.0543 0.0540
10.1536 9.9347 10.0543 0.0540
10.1536 9.9347 10.0545 0.0539
10.1536 9.9347 10.0545 0.0539
10.1536 9.9347 10.0548 0.0536
10.1536 9.9347 10.0557 0.0540
10.1536 9.9347 10.0557 0.0540
10.1536 9.9347 10.0557 0.0540
10.1536 9.9347 10.0558 0.0540
10.1536 9.9347 10.0558 0.0540
10.1536 9.9347 10.0558 0.0540
10.1536 9.9347 10.0558 0.0540
10.1536 9.9347 10.0563 0.0539
10.1536 9.9347 10.0574 0.0532
10.1536 9.9347 10.0576 0.0530
10.1536 9.9347 10.0581 0.0533
10.1536 9.9347 10.0581 0.0533
10.1536 9.9347 10.0581 0.0533
10.1536 9.9347 10.0581 0.0533
10.1536 9.9347 10.0581 0.0533
10.1536 9.9347 10.0582 0.0534
10.1536 9.9347 10.0582 0.0534
10.1536 9.9347 10.0586 0.0533
10.1536 9.9347 10.0592 0.0534
10.1536 9.9347 10.0597 0.0538
10.1536 9.9347 10.0597 0.0538
10.1536 9.9347 10.0597 0.0538
10.1536 9.9347 10.0606 0.0536
10.1536 9.9347 10.0617 0.0537
10.1536 9.9347 10.0617 0.0537
10.1536 9.9347 10.0617 0.0537
10.1536 9.9347 10.0617 0.0537
10.1826 9.9347 10.0623 0.0547
10.1826 9.9347 10.0623 0.0547
10.1826 9.9347 10.0623 0.0547
10.1826 9.9347 10.0631 0.0547
10.1826 9.9347 10.0631 0.0547
10.1826 9.9347 10.0631 0.0547
10.1826 9.9347 10.0631 0.0547
10.1826 9.9347 10.0631 0.0547
10.1826 9.9347 10.0631 0.0547
10.1826 9.9347 10.0631 0.0547
10.1826 9.9347 10.0632 0.0546
10.1826 9.9347 10.0632 0.0546
10.1826 9.9347 10.0632 0.0546
10.1826 9.9347 10.0643 0.0538
10.1826 9.9347 10.0643 0.0538
10.1826 9.9347 10.0658 0.0534
10.1826 9.9347 10.0658 0.0534
10.1826 9.9347 10.0658 0.0534
10.1826 9.9347 10.0658 0.0533
10.1826 9.9347 10.0658 0.0533
10.1826 9.9347 10.0658 0.0533
10.1826 9.9347 10.0667 0.0532
10.1826 9.9347 10.0667 0.0532
10.1826 9.9347 10.0667 0.0532
10.1826 9.9347 10.0672 0.0535
10.1826 9.9470 10.0678 0.0524
10.1826 9.9470 10.0687 0.0525
10.1826 9.9470 10.0691 0.0525
10.1826 9.9470 10.0691 0.0525
10.1826 9.9470 10.0691 0.0525
10.1826 9.9470 10.0691 0.0525
10.1826 9.9470 10.0691 0.0525
10.1826 9.9470 10.0691 0.0525
10.1826 9.9470 10.0691 0.0525
10.1826 9.9470 10.0691 0.0525
10.1826 9.9470 10.0699 0.0531
10.1826 9.9470 10.0699 0.0531
10.1826 9.9470 10.0702 0.0532
10.1826 9.9470 10.0702 0.0532
10.1826 9.9470 10.0702 0.0532
10.1826 9.9470 10.0702 0.0532
10.1826 9.9470 10.0702 0.0532
10.1826 9.9470 10.0702 0.0532
10.1826 9.9470 10.0702 0.0532
10.1826 9.9470 10.0712 0.0530
10.1826 9.9470 10.0712 0.0530
10.1826 9.9470 10.0717 0.0532
10.1826 9.9470 10.0722 0.0525
10.1826 9.9470 10.0725 0.0527
10.1826 9.9470 10.0725 0.0527
10.1826 9.9470 10.0725 0.0527
10.1826 9.9470 10.0725 0.0527
10.1826 9.9478 10.0732 0.0513
10.1826 9.9478 10.0734 0.0513
10.1826 9.9478 10.0734 0.0513
10.1826 9.9478 10.0734 0.0513
10.1826 9.9478 10.0734 0.0513
10.1826 9.9478 10.0734 0.0513
10.1826 9.9478 10.0734 0.0513
10.1826 9.9478 10.0734 0.0513
10.1826 9.9478 10.0750 0.0504
10.1826 9.9478 10.0750 0.0504
10.1826 9.9478 10.0750 0.0504
10.1826 9.9478 10.0752 0.0500
10.1826 9.9478 10.0755 0.0499
10.1826 9.9478 10.0755 0.0499
10.1826 9.9478 10.0755 0.0499
10.1826 9.9478 10.0761 0.0494
10.1826 9.9478 10.0763 0.0492
10.1826 9.9478 10.0772 0.0483
10.1826 9.9478 10.0772 0.0483
10.1826 9.9478 10.0772 0.0483
10.1826 9.9478 10.0777 0.0478
10.1826 9.9478 10.0777 0.0478
10.1826 9.9478 10.0786 0.0478
10.1826 9.9478 10.0789 0.0479
10.1826 9.9478 10.0792 0.0479
10.1826 9.9478 10.0792 0.0479
10.1826 9.9478 10.0792 0.0479
10.1826 9.9478 10.0795 0.0479
10.1826 9.9478 10.0795 0.0479
10.1826 9.9478 10.0806 0.0488
10.1826 9.9478 10.0806 0.0488
10.1826 9.9478 10.0806 0.0488
10.1826 9.9478 10.0807 0.0488
10.1826 9.9478 10.0807 0.0488
10.1826 9.9478 10.0811 0.0485
10.1826 9.9478 10.0814 0.0482
10.1826 9.9478 10.0814 0.0482
10.1826 9.9478 10.0827 0.0476
10.1826 9.9478 10.0827 0.0476
10.1826 9.9478 10.0827 0.0476
10.1826 9.9478 10.0827 0.0476
10.1826 9.9478 10.0834 0.0476
10.1826 9.9478 10.0834 0.0476
10.1826 9.9478 10.0836 0.0479
10.1826 9.9478 10.0836 0.0479
10.1826 9.9478 10.0836 0.0479
10.1826 9.9478 10.0843 0.0484
10.1826 9.9478 10.0843 0.0484
10.1826 9.9478 10.0847 0.0483
10.1826 9.9478 10.0847 0.0483
10.1826 9.9478 10.0847 0.0483
10.1826 9.9478 10.0847 0.0483
10.1826 9.9478 10.0847 0.0483
10.1826 9.9488 10.0847 0.0483
10.1826 9.9488 10.0853 0.0484
10.1826 9.9488 10.0859 0.0492
10.1826 9.9488 10.0859 0.0492
10.1826 9.9488 10.0859 0.0492
10.1826 9.9488 10.0859 0.0492
10.1826 9.9488 10.0859 0.0492
10.1826 9.9488 10.0859 0.0492
10.1826 9.9488 10.0864 0.0491
10.1826 9.9488 10.0864 0.0491
10.1826 9.9488 10.0876 0.0482
10.1826 9.9488 10.0876 0.0482
10.1826 9.9488 10.0876 0.0482
10.1826 9.9488 10.0877 0.0483
10.1826 9.9488 10.0880 0.0484
10.1826 9.9488 10.0880 0.0484
10.1826 9.9488 10.0880 0.0484
10.1826 9.9488 10.0891 0.0478
10.1826 9.9488 10.0891 0.0478
10.1826 9.9488 10.0891 0.0478
10.1826 9.9488 10.0891 0.0478
10.1826 9.9488 10.0891 0.0478
10.1826 9.9488 10.0891 0.0478
10.1826 9.9488 10.0892 0.0476
10.1826 9.9488 10.0901 0.0463
10.1826 9.9488 10.0904 0.0457
10.1826 9.9488 10.0904 0.0457
10.1826 9.9488 10.0904 0.0457
10.1826 9.9488 10.0906 0.0457
10.1826 9.9488 10.0906 0.0457
10.1826 9.9488 10.0906 0.0457
10.1826 9.9488 10.0906 0.0457
10.1826 9.9488 10.0906 0.0457
10.1826 9.9488 10.0918 0.0449
10.1826 9.9488 10.0918 0.0449
10.1826 9.9488 10.0918 0.0449
10.1826 9.9488 10.0921 0.0450
10.1826 9.9488 10.0933 0.0444
10.1826 9.9488 10.0940 0.0454
10.1826 9.9488 10.0940 0.0454
10.1826 9.9488 10.0940 0.0454
10.1826 9.9488 10.0944 0.0451
10.1826 9.9488 10.0944 0.0451
10.1826 9.9488 10.0944 0.0451
10.1826 9.9488 10.0944 0.0451
10.1826 9.9488 10.0944 0.0451
10.1826 9.9488 10.0947 0.0450
10.1826 9.9488 10.0947 0.0450
10.1826 9.9488 10.0947 0.0450
10.1826 9.9488 10.0947 0.0450
10.1826 9.9488 10.0947 0.0450
10.1826 9.9488 10.0947 0.0450
10.1826 9.9488 10.0947 0.0450
10.1826 9.9488 10.0947 0.0450
10.1826 9.9488 10.0947 0.0450
10.1826 9.9488 10.0947 0.0450
10.1826 9.9488 10.0947 0.0450
10.1826 9.9488 10.0947 0.0450
10.1826 9.9488 10.0947 0.0450
10.1826 9.9488 10.0948 0.0451
10.1826 9.9488 10.0948 0.0451
10.1826 9.9488 10.0948 0.0451
10.1826 9.9488 10.0948 0.0451
10.1826 9.9488 10.0948 0.0451
10.1826 9.9488 10.0948 0.0451
10.1826 9.9488 10.0948 0.0451
10.1826 9.9488 10.0948 0.0451
10.1826 9.9488 10.0948 0.0451
10.1826 9.9488 10.0948 0.0451
10.1826 9.9488 10.0948 0.0451
10.1826 9.9488 10.0954 0.0450
10.1826 9.9488 10.0964 0.0450
10.1826 9.9488 10.0966 0.0448
10.1826 9.9488 10.0974 0.0451
10.1826 9.9488 10.0974 0.0451
10.1826 9.9488 10.0974 0.0451
10.1826 9.9488 10.0974 0.0451
10.1826 9.9488 10.0974 0.0451
10.1826 9.9488 10.0985 0.0437
10.1826 9.9488 10.0985 0.0437
10.1826 9.9488 10.0985 0.0437
10.1826 9.9488 10.0990 0.0429
10.1826 9.9488 10.0990 0.0429
10.1826 9.9488 10.0995 0.0430
10.1826 9.9488 10.0999 0.0430
10.1826 9.9488 10.1012 0.0426
10.1826 9.9488 10.1012 0.0425
10.1826 9.9488 10.1012 0.0425
10.1826 9.9488 10.1012 0.0425
10.1826 9.9488 10.1013 0.0426
10.1826 9.9488 10.1013 0.0426
10.1826 9.9488 10.1025 0.0422
10.1826 9.9488 10.1025 0.0422
10.1826 9.9488 10.1030 0.0422
10.1826 9.9488 10.1038 0.0411
10.1826 9.9488 10.1038 0.0411
10.1826 9.9488 10.1038 0.0411
10.1826 9.9488 10.1046 0.0401
10.1826 9.9488 10.1046 0.0401
10.1826 9.9488 10.1046 0.0401
10.1826 9.9488 10.1046 0.0401
10.1826 9.9488 10.1046 0.0401
10.1826 9.9488 10.1048 0.0400
10.1826 9.9488 10.1048 0.0400
10.1826 9.9488 10.1048 0.0400
10.1826 9.9488 10.1048 0.0400
10.1826 9.9488 10.1048 0.0400
10.1826 9.9488 10.1051 0.0398
10.1826 9.9488 10.1051 0.0398
10.1826 9.9488 10.1051 0.0398
10.1826 9.9488 10.1057 0.0395
10.1826 9.9488 10.1057 0.0395
10.1826 9.9488 10.1057 0.0395
10.1826 9.9488 10.1057 0.0395
10.1826 9.9488 10.1057 0.0395
10.1826 9.9488 10.1057 0.0395
10.1826 9.9488 10.1057 0.0395
10.1826 9.9488 10.1058 0.0396
10.1826 9.9488 10.1058 0.0396
10.1826 9.9488 10.1058 0.0396
10.1826 9.9488 10.1058 0.0396
10.1826 9.9488 10.1058 0.0396
10.1826 9.9488 10.1061 0.0394
10.1826 9.9488 10.1061 0.0394
10.1826 9.9488 10.1061 0.0395
10.1826 9.9488 10.1061 0.0395
10.1826 9.9488 10.1062 0.0395
10.1826 9.9488 10.1062 0.0395
10.1826 9.9488 10.1062 0.0395
10.1826 9.9488 10.1075 0.0373
10.1826 9.9488 10.1081 0.0366
10.1826 9.9488 10.1082 0.0364
10.1826 9.9488 10.1082 0.0364
10.1826 9.9488 10.1082 0.0364
10.1826 9.9488 10.1082 0.0364
10.1826 9.9488 10.1082 0.0364
10.1826 9.9488 10.1088 0.0362
10.1826 9.9488 10.1088 0.0362
10.1826 9.9488 10.1088 0.0362
10.1826 9.9488 10.1088 0.0362
10.1826 9.9488 10.1094 0.0369
10.1826 9.9488 10.1094 0.0369
10.1826 9.9488 10.1101 0.0365
10.1826 9.9488 10.1101 0.0365
10.1826 9.9488 10.1111 0.0355
10.1826 9.9488 10.1113 0.0359
10.1826 9.9488 10.1113 0.0359
10.1826 9.9488 10.1113 0.0359
10.1826 9.9488 10.1113 0.0359
10.1826 9.9488 10.1113 0.0359
10.1826 9.9488 10.1113 0.0359
10.1826 9.9488 10.1113 0.0359
10.1826 9.9488 10.1116 0.0361
10.1826 9.9488 10.1116 0.0361
10.1826 9.9488 10.1116 0.0361
10.1826 9.9488 10.1121 0.0358
10.1826 9.9488 10.1127 0.0364
10.1826 9.9488 10.1127 0.0364
10.1826 9.9488 10.1127 0.0364
10.1826 9.9488 10.1127 0.0364
10.1826 9.9488 10.1127 0.0364
10.1826 9.9488 10.1127 0.0364
10.1826 9.9488 10.1127 0.0364
10.1826 9.9488 10.1127 0.0364
10.1826 9.9488 10.1127 0.0364
10.1826 9.9488 10.1127 0.0364
10.1826 9.9488 10.1127 0.0364
10.1826 9.9488 10.1128 0.0364
10.1826 9.9488 10.1128 0.0364
10.1826 9.9488 10.1128 0.0365
10.1826 9.9488 10.1131 0.0364
10.1826 9.9488 10.1132 0.0364
10.1826 9.9488 10.1132 0.0364
10.1826 9.9488 10.1132 0.0364
10.1826 9.9488 10.1132 0.0364
10.1826 9.9488 10.1137 0.0362
10.1826 9.9488 10.1142 0.0360
10.1826 9.9488 10.1145 0.0356
10.1826 9.9488 10.1145 0.0356
10.1826 9.9488 10.1145 0.0356
10.1826 9.9488 10.1145 0.0356
10.1826 9.9488 10.1146 0.0357
10.1826 9.9488 10.1147 0.0357
10.1826 9.9488 10.1147 0.0357
10.1826 9.9488 10.1147 0.0357
10.1826 9.9488 10.1147 0.0357
10.1826 9.9488 10.1148 0.0357
10.1826 9.9488 10.1150 0.0358
10.1826 9.9488 10.1150 0.0358
10.1826 9.9488 10.1150 0.0358
10.1826 9.9488 10.1150 0.0358
10.1826 9.9488 10.1150 0.0358
10.1826 9.9488 10.1150 0.0358
10.1826 9.9488 10.1155 0.0355
10.1826 9.9488 10.1155 0.0355
10.1826 9.9488 10.1155 0.0355
10.1826 9.9488 10.1155 0.0355
10.1826 9.9488 10.1155 0.0355
10.1908 9.9488 10.1166 0.0361
10.1908 9.9488 10.1166 0.0361
10.1908 9.9488 10.1166 0.0361
10.1908 9.9488 10.1166 0.0361
10.1908 9.9488 10.1166 0.0362
10.1908 9.9488 10.1173 0.0370
10.1908 9.9488 10.1173 0.0370
10.1908 9.9488 10.1173 0.0370
10.1908 9.9488 10.1179 0.0366
10.1908 9.9488 10.1189 0.0362
10.1908 9.9488 10.1189 0.0362
10.1908 9.9488 10.1189 0.0362
10.1908 9.9488 10.1189 0.0362
10.1908 9.9488 10.1189 0.0362
10.1908 9.9488 10.1189 0.0362
10.1918 9.9488 10.1189 0.0362
10.1918 9.9488 10.1189 0.0362
10.1918 9.9488 10.1189 0.0362
10.1918 9.9488 10.1189 0.0362
10.1918 9.9488 10.1189 0.0362
10.1918 9.9488 10.1198 0.0355
10.1918 9.9488 10.1200 0.0356
10.1918 9.9488 10.1200 0.0356
10.1918 9.9488 10.1200 0.0356
10.1918 9.9488 10.1200 0.0356
10.1918 9.9488 10.1207 0.0363
10.1918 9.9488 10.1210 0.0362
10.1918 9.9488 10.1211 0.0362
10.1918 9.9488 10.1211 0.0362
10.1918 9.9488 10.1211 0.0362
10.1918 9.9488 10.1215 0.0361
10.1918 9.9488 10.1217 0.0360
10.1918 9.9488 10.1217 0.0360
10.1918 9.9488 10.1217 0.0360
10.1918 9.9488 10.1217 0.0360
10.1918 9.9488 10.1223 0.0352
10.1918 9.9488 10.1223 0.0352
10.1918 9.9488 10.1223 0.0352
10.1918 9.9488 10.1223 0.0352
10.1918 9.9488 10.1223 0.0352
10.1918 9.9488 10.1223 0.0352
10.1918 9.9488 10.1223 0.0352
10.1918 9.9488 10.1223 0.0352
10.1918 9.9488 10.1223 0.0352
10.1918 9.9488 10.1223 0.0352
10.1918 9.9488 10.1227 0.0354
10.1918 9.9488 10.1227 0.0354
10.1918 9.9488 10.1227 0.0354
10.1918 9.9488 10.1229 0.0353
10.1918 9.9488 10.1229 0.0353
10.1918 9.9488 10.1230 0.0353
10.1918 9.9488 10.1230 0.0353
10.1918 9.9488 10.1230 0.0353
10.1918 9.9488 10.1230 0.0353
10.1918 9.9488 10.1230 0.0353
10.1918 9.9488 10.1230 0.0353
10.1918 9.9488 10.1230 0.0353
10.1918 9.9488 10.1230 0.0353
10.1918 9.9488 10.1230 0.0353
10.1918 9.9488 10.1232 0.0352
10.1918 9.9488 10.1232 0.0353
10.1918 9.9488 10.1238 0.0353
10.1918 9.9488 10.1238 0.0353
10.1918 9.9488 10.1239 0.0353
10.1918 9.9488 10.1246 0.0356
10.1918 9.9488 10.1246 0.0356
10.1918 9.9488 10.1246 0.0356
10.1918 9.9488 10.1250 0.0351
10.1918 9.9488 10.1250 0.0351
10.1918 9.9488 10.1261 0.0344
10.1918 9.9488 10.1261 0.0344
10.1918 9.9488 10.1261 0.0344
10.1918 9.9488 10.1261 0.0344
10.1918 9.9488 10.1261 0.0344
10.1918 9.9488 10.1261 0.0344
10.1918 9.9488 10.1261 0.0344
10.1918 9.9488 10.1261 0.0344
10.1918 9.9488 10.1261 0.0344
10.1918 9.9488 10.1264 0.0342
10.1918 9.9488 10.1266 0.0342
10.1918 9.9488 10.1266 0.0342
10.1918 9.9488 10.1266 0.0342
10.1918 9.9488 10.1268 0.0343
10.1918 9.9488 10.1279 0.0345
10.1918 9.9488 10.1279 0.0345
10.1918 9.9488 10.1279 0.0345
10.1918 9.9488 10.1279 0.0345
10.1918 9.9488 10.1284 0.0348
10.1918 9.9488 10.1284 0.0348
10.1918 9.9488 10.1284 0.0348
10.1918 9.9488 10.1288 0.0345
10.1918 9.9488 10.1288 0.0345
10.1918 9.9488 10.1288 0.0345
10.1918 9.9488 10.1296 0.0349
10.1918 9.9488 10.1296 0.0349
10.1918 9.9488 10.1296 0.0349
10.1918 9.9488 10.1296 0.0349
10.1918 9.9488 10.1296 0.0349
10.1918 9.9488 10.1296 0.0349
10.1918 9.9488 10.1301 0.0352
10.1918 9.9488 10.1301 0.0352
10.1918 9.9488 10.1303 0.0351
10.1918 9.9488 10.1303 0.0351
10.1918 9.9488 10.1303 0.0351
10.1918 9.9488 10.1303 0.0351
10.1918 9.9488 10.1303 0.0351
10.1918 9.9488 10.1303 0.0351
10.1918 9.9488 10.1303 0.0351
10.1918 9.9488 10.1310 0.0356
10.1918 9.9488 10.1310 0.0356
10.1918 9.9488 10.1310 0.0356
10.1918 9.9488 10.1310 0.0356
10.1918 9.9488 10.1315 0.0351
10.1918 9.9488 10.1318 0.0352
10.1918 9.9488 10.1321 0.0350
10.1918 9.9488 10.1327 0.0354
10.1918 9.9488 10.1327 0.0354
10.1918 9.9488 10.1327 0.0354
10.1918 9.9488 10.1327 0.0354
10.1918 9.9488 10.1327 0.0354
10.1918 9.9488 10.1331 0.0351
10.1918 9.9488 10.1332 0.0351
10.1918 9.9488 10.1332 0.0351
10.1918 9.9488 10.1332 0.0351
10.1918 9.9488 10.1334 0.0349
10.1918 9.9488 10.1334 0.0349
10.1918 9.9488 10.1335 0.0350
10.1918 9.9488 10.1335 0.0350
10.1918 9.9488 10.1335 0.0350
10.1918 9.9488 10.1337 0.0350
10.1918 9.9488 10.1339 0.0350
10.1918 9.9488 10.1345 0.0353
10.1918 9.9488 10.1348 0.0354
10.1918 9.9488 10.1348 0.0354
10.1918 9.9488 10.1348 0.0354
10.1918 9.9488 10.1348 0.0354
10.1918 9.9488 10.1348 0.0354
10.1918 9.9488 10.1348 0.0354
10.1918 9.9488 10.1348 0.0354
10.1918 9.9488 10.1348 0.0354
10.1918 9.9488 10.1350 0.0353
10.1918 9.9488 10.1354 0.0353
10.1918 9.9488 10.1354 0.0353
10.1918 9.9488 10.1354 0.0353
10.1918 9.9488 10.1354 0.0353
10.1918 9.9488 10.1365 0.0353
10.1918 9.9488 10.1365 0.0353
10.1918 9.9488 10.1367 0.0353
10.1918 9.9488 10.1370 0.0353
10.1918 9.9488 10.1376 0.0356
10.1918 9.9488 10.1376 0.0356
10.1918 9.9488 10.1376 0.0356
10.1918 9.9488 10.1376 0.0356
10.1918 9.9488 10.1376 0.0356
10.1918 9.9488 10.1376 0.0356
10.1918 9.9488 10.1376 0.0356
10.1918 9.9488 10.1376 0.0356
10.1918 9.9488 10.1382 0.0359
10.1918 9.9488 10.1382 0.0359
10.1918 9.9488 10.1382 0.0359
10.1918 9.9488 10.1382 0.0359
10.1918 9.9488 10.1383 0.0359
10.1918 9.9488 10.1386 0.0359
10.1918 9.9488 10.1386 0.0359
10.1918 9.9488 10.1386 0.0359
10.1918 9.9488 10.1386 0.0359
10.1918 9.9488 10.1386 0.0359
10.1918 9.9488 10.1386 0.0359
10.1918 9.9488 10.1386 0.0359
10.1918 9.9488 10.1386 0.0359
10.1918 9.9488 10.1386 0.0359
10.1918 9.9488 10.1386 0.0359
10.1918 9.9488 10.1386 0.0359
10.1918 9.9488 10.1386 0.0359
10.1918 9.9488 10.1386 0.0359
10.1918 9.9488 10.1386 0.0359
10.1918 9.9488 10.1386 0.0359
10.1918 9.9488 10.1386 0.0359
10.1918 9.9488 10.1391 0.0360
10.1918 9.9488 10.1391 0.0360
10.1918 9.9488 10.1391 0.0360
10.1918 9.9488 10.1391 0.0360
10.1918 9.9488 10.1391 0.0360
10.1918 9.9488 10.1391 0.0360
10.1918 9.9488 10.1391 0.0360
10.1918 9.9488 10.1391 0.0360
10.1918 9.9488 10.1391 0.0360
10.1918 10.0244 10.1407 0.0307
10.1918 10.0244 10.1412 0.0310
10.1918 10.0244 10.1413 0.0310
10.1918 10.0244 10.1414 0.0310
10.1918 10.0244 10.1414 0.0310
10.1918 10.0244 10.1420 0.0314
10.1918 10.0244 10.1420 0.0314
10.1918 10.0244 10.1420 0.0314
10.1918 10.0244 10.1420 0.0314
10.1918 10.0244 10.1420 0.0314
10.1918 10.0622 10.1432 0.0291
10.1918 10.0622 10.1432 0.0291
10.1918 10.0622 10.1435 0.0291
10.1918 10.0622 10.1435 0.0291
10.1918 10.0622 10.1435 0.0291
10.1918 10.0622 10.1435 0.0291
10.1918 10.0622 10.1435 0.0291
10.1918 10.0622 10.1443 0.0287
10.1918 10.0622 10.1448 0.0284
10.1918 10.0622 10.1448 0.0284
10.1918 10.0622 10.1448 0.0284
10.1918 10.0622 10.1448 0.0284
10.1918 10.0622 10.1448 0.0284
10.1918 10.0622 10.1448 0.0284
10.1918 10.0622 10.1448 0.0284
10.1918 10.0622 10.1449 0.0283
10.1918 10.0622 10.1449 0.0283
10.1918 10.0622 10.1449 0.0283
10.1918 10.0622 10.1449 0.0283
10.1918 10.0622 10.1449 0.0283
10.1918 10.0622 10.1449 0.0283
10.1918 10.0622 10.1449 0.0283
10.1918 10.0622 10.1449 0.0283
10.1918 10.0622 10.1449 0.0283
10.1918 10.0622 10.1449 0.0283
10.1918 10.0622 10.1449 0.0283
10.1918 10.0622 10.1457 0.0284
10.1918 10.0622 10.1457 0.0284
10.1918 10.0622 10.1457 0.0284
10.1918 10.0622 10.1457 0.0284
10.1918 10.0622 10.1457 0.0284
10.1918 10.0622 10.1457 0.0284
10.1918 10.0622 10.1457 0.0284
10.1918 10.0650 10.1463 0.0272
10.1918 10.0650 10.1463 0.0272
10.1918 10.0650 10.1463 0.0272
10.1918 10.0650 10.1463 0.0272
10.1918 10.0650 10.1463 0.0272
10.1918 10.0650 10.1463 0.0272
10.1918 10.0650 10.1469 0.0273
10.1918 10.0650 10.1475 0.0267
10.1918 10.0650 10.1475 0.0267
10.1918 10.0650 10.1475 0.0267
10.1918 10.0650 10.1475 0.0267
10.1918 10.0650 10.1475 0.0267
10.1918 10.0650 10.1475 0.0267
10.1918 10.0650 10.1475 0.0267
10.1918 10.0650 10.1475 0.0267
10.1918 10.0650 10.1475 0.0267
10.1918 10.0650 10.1475 0.0267
10.1918 10.0650 10.1475 0.0267
10.1918 10.0650 10.1475 0.0267
10.1918 10.0650 10.1475 0.0267
10.1918 10.0650 10.1478 0.0266
10.1918 10.0650 10.1478 0.0266
10.1918 10.0650 10.1480 0.0268
10.1918 10.0650 10.1480 0.0268
10.1918 10.0650 10.1480 0.0268
10.1918 10.0650 10.1480 0.0268
10.1918 10.0650 10.1484 0.0272
10.1918 10.0650 10.1484 0.0272
10.1918 10.0650 10.1484 0.0272
10.1918 10.0650 10.1484 0.0272
10.1918 10.0650 10.1484 0.0272
10.1918 10.0650 10.1484 0.0272
10.1918 10.0650 10.1484 0.0272
10.1918 10.0650 10.1484 0.0272
10.1918 10.0650 10.1485 0.0272
10.1918 10.0650 10.1485 0.0272
10.1918 10.0650 10.1485 0.0272
10.1918 10.0650 10.1485 0.0272
10.1918 10.0650 10.1485 0.0272
10.1918 10.0650 10.1485 0.0272
10.1918 10.0650 10.1488 0.0273
10.1918 10.0650 10.1488 0.0273
10.1918 10.0650 10.1488 0.0273
10.1918 10.0650 10.1488 0.0273
10.1918 10.0650 10.1488 0.0273
10.1918 10.0650 10.1488 0.0273
10.1918 10.0650 10.1488 0.0273
10.1918 10.0650 10.1488 0.0273
10.1918 10.0650 10.1488 0.0273
10.1918 10.0650 10.1490 0.0275
10.1918 10.0650 10.1490 0.0275
10.1918 10.0650 10.1497 0.0276
10.1918 10.0650 10.1501 0.0280
10.1918 10.0650 10.1501 0.0280
10.1918 10.0650 10.1501 0.0280
10.1918 10.0650 10.1501 0.0280
10.1918 10.0650 10.1501 0.0280
10.1918 10.0650 10.1501 0.0280
10.1918 10.0650 10.1501 0.0280
10.1918 10.0650 10.1505 0.0281
10.1918 10.0650 10.1505 0.0281
10.1918 10.0650 10.1505 0.0281
10.1918 10.0650 10.1505 0.0281
10.1918 10.0650 10.1505 0.0281
10.1918 10.0650 10.1505 0.0281
10.1918 10.0650 10.1507 0.0282
10.1918 10.0650 10.1507 0.0282
10.1918 10.0650 10.1507 0.0282
10.1918 10.0650 10.1510 0.0284
10.1918 10.0650 10.1510 0.0284
10.1918 10.0650 10.1510 0.0284
10.1918 10.0650 10.1510 0.0284
10.1918 10.0650 10.1510 0.0284
10.1918 10.0650 10.1510 0.0284
10.1918 10.0650 10.1510 0.0284
10.1918 10.0650 10.1515 0.0285
10.1918 10.0650 10.1515 0.0285
10.1918 10.0650 10.1517 0.0287
10.1918 10.0650 10.1517 0.0287
10.1918 10.0650 10.1517 0.0287
10.1918 10.0650 10.1517 0.0287
10.1918 10.0650 10.1517 0.0287
10.1918 10.0650 10.1517 0.0287
10.1918 10.0650 10.1517 0.0287
10.1918 10.0650 10.1517 0.0287
10.1918 10.0650 10.1517 0.0287
10.1918 10.0650 10.1522 0.0286
10.1918 10.0650 10.1522 0.0286
10.1918 10.0650 10.1522 0.0286
10.1918 10.0650 10.1523 0.0287
10.1918 10.0650 10.1523 0.0287
10.1918 10.0650 10.1523 0.0287
10.1918 10.0650 10.1523 0.0287
10.1918 10.0650 10.1523 0.0287
10.1918 10.0650 10.1523 0.0287
10.1918 10.0650 10.1523 0.0287
10.1918 10.0650 10.1523 0.0287
10.1918 10.0650 10.1523 0.0287
10.1918 10.0650 10.1526 0.0289
10.1918 10.0650 10.1526 0.0289
10.1918 10.0650 10.1532 0.0289
10.1918 10.0650 10.1532 0.0289
10.1918 10.0650 10.1532 0.0289
10.1918 10.0650 10.1532 0.0289
10.1918 10.0650 10.1535 0.0290
10.1918 10.0650 10.1538 0.0291
10.1918 10.0650 10.1538 0.0291
10.1918 10.0650 10.1541 0.0293
10.1918 10.0650 10.1541 0.0293
10.1918 10.0650 10.1545 0.0295
10.1918 10.0650 10.1547 0.0297
10.1918 10.0650 10.1547 0.0298
10.1918 10.0650 10.1547 0.0298
10.1918 10.0650 10.1547 0.0298
10.1918 10.0650 10.1547 0.0298
10.1918 10.0650 10.1553 0.0297
10.1918 10.0650 10.1553 0.0297
10.1918 10.0650 10.1553 0.0297
10.1918 10.0650 10.1553 0.0297
10.1918 10.1035 10.1565 0.0284
10.1918 10.1035 10.1565 0.0284
10.1918 10.1035 10.1569 0.0285
10.1918 10.1035 10.1569 0.0285
10.1918 10.1035 10.1569 0.0285
10.1918 10.1035 10.1569 0.0285
10.1918 10.1035 10.1576 0.0285
10.1918 10.1035 10.1578 0.0285
10.1918 10.1035 10.1583 0.0284
10.1918 10.1035 10.1583 0.0284
10.1918 10.1035 10.1583 0.0284
10.1918 10.1035 10.1589 0.0282
10.1918 10.1035 10.1589 0.0282
10.1918 10.1035 10.1597 0.0278
10.1918 10.1035 10.1597 0.0278
10.1918 10.1035 10.1597 0.0278
10.1918 10.1035 10.1602 0.0276
10.1918 10.1035 10.1602 0.0276
10.1918 10.1035 10.1602 0.0276
10.1918 10.1035 10.1606 0.0275
10.1918 10.1035 10.1606 0.0275
10.1918 10.1035 10.1606 0.0275
10.1918 10.1035 10.1610 0.0272
10.1918 10.1035 10.1610 0.0272
10.1918 10.1035 10.1610 0.0272
10.1918 10.1035 10.1611 0.0273
10.1934 10.1035 10.1617 0.0274
10.1934 10.1035 10.1617 0.0274
10.1934 10.1035 10.1617 0.0274
10.1934 10.1035 10.1617 0.0274
10.1934 10.1035 10.1617 0.0274
10.1934 10.1035 10.1617 0.0274
10.2557 10.1035 10.1640 0.0298
10.2557 10.1035 10.1640 0.0298
10.2557 10.1035 10.1640 0.0298
10.2557 10.1035 10.1640 0.0298
10.2557 10.1035 10.1640 0.0298
10.2557 10.1035 10.1644 0.0299
10.2557 10.1035 10.1644 0.0299
10.2557 10.1035 10.1644 0.0299
10.2557 10.1035 10.1644 0.0299
10.2557 10.1035 10.1648 0.0300
10.2557 10.1035 10.1648 0.0300
10.2557 10.1035 10.1648 0.0300
10.2557 10.1035 10.1648 0.0301
10.2557 10.1035 10.1654 0.0299
10.2557 10.1035 10.1662 0.0294
10.2557 10.1035 10.1662 0.0294
10.2557 10.1035 10.1662 0.0294
10.2557 10.1035 10.1662 0.0294
10.2557 10.1035 10.1662 0.0294
10.2557 10.1035 10.1662 0.0294
10.2557 10.1035 10.1662 0.0294
10.2557 10.1035 10.1662 0.0294
10.2557 10.1035 10.1662 0.0294
10.2557 10.1035 10.1662 0.0294
10.2557 10.1035 10.1662 0.0294
10.2557 10.1035 10.1666 0.0291
10.2557 10.1035 10.1666 0.0291
10.2557 10.1035 10.1666 0.0291
10.2557 10.1035 10.1666 0.0291
10.2557 10.1035 10.1666 0.0291
10.2557 10.1035 10.1666 0.0291
10.2557 10.1035 10.1666 0.0291
10.2557 10.1035 10.1666 0.0291
10.2557 10.1068 10.1668 0.0287
10.2557 10.1068 10.1668 0.0287
10.2557 10.1068 10.1668 0.0287
10.2557 10.1068 10.1668 0.0287
10.2557 10.1068 10.1668 0.0287
10.2557 10.1068 10.1668 0.0287
10.2557 10.1068 10.1668 0.0287
10.2557 10.1068 10.1668 0.0287
10.2557 10.1068 10.1668 0.0287
10.2557 10.1068 10.1668 0.0287
10.2557 10.1068 10.1671 0.0287
10.2557 10.1068 10.1671 0.0287
10.2557 10.1068 10.1681 0.0301
10.2557 10.1068 10.1681 0.0301
10.2557 10.1068 10.1681 0.0301
10.2557 10.1068 10.1681 0.0301
10.2557 10.1068 10.1681 0.0301
10.2557 10.1068 10.1684 0.0297
10.2557 10.1068 10.1684 0.0297
10.2557 10.1068 10.1684 0.0297
10.2557 10.1068 10.1684 0.0297
10.2557 10.1068 10.1684 0.0297
10.2557 10.1068 10.1684 0.0297
10.2557 10.1068 10.1685 0.0297
10.2557 10.1068 10.1687 0.0297
10.2557 10.1068 10.1687 0.0297
10.2557 10.1068 10.1687 0.0297
10.2557 10.1068 10.1687 0.0297
10.2557 10.1068 10.1687 0.0297
10.2557 10.1068 10.1693 0.0294
10.2557 10.1068 10.1693 0.0294
10.2557 10.1068 10.1693 0.0294
10.2557 10.1068 10.1693 0.0294
10.2557 10.1068 10.1693 0.0294
10.2557 10.1068 10.1693 0.0294
10.2557 10.1068 10.1693 0.0294
10.2557 10.1068 10.1694 0.0292
10.2557 10.1068 10.1694 0.0292
10.2557 10.1068 10.1694 0.0292
10.2557 10.1068 10.1695 0.0291
10.2557 10.1068 10.1695 0.0291
10.2557 10.1068 10.1695 0.0291
10.2557 10.1068 10.1695 0.0291
10.2557 10.1068 10.1695 0.0291
10.2557 10.1068 10.1700 0.0288
10.2557 10.1068 10.1704 0.0285
10.2557 10.1068 10.1706 0.0286
10.2557 10.1068 10.1706 0.0286
10.2557 10.1068 10.1713 0.0282
10.2557 10.1068 10.1713 0.0283
10.2557 10.1068 10.1713 0.0283
10.2557 10.1068 10.1718 0.0289
10.2557 10.1068 10.1718 0.0289
10.2557 10.1068 10.1719 0.0289
10.2557 10.1068 10.1725 0.0285
10.2557 10.1068 10.1725 0.0285
10.2557 10.1068 10.1725 0.0285
10.2557 10.1068 10.1725 0.0285
10.2557 10.1068 10.1725 0.0285
10.2557 10.1068 10.1731 0.0281
10.2557 10.1068 10.1731 0.0281
10.2557 10.1068 10.1736 0.0278
10.2557 10.1068 10.1737 0.0278
10.2557 10.1068 10.1737 0.0278
10.2557 10.1068 10.1744 0.0288
10.2557 10.1068 10.1746 0.0288
10.2557 10.1068 10.1748 0.0287
10.2557 10.1068 10.1748 0.0287
10.2557 10.1068 10.1748 0.0287
10.2557 10.1068 10.1748 0.0287
10.2557 10.1068 10.1748 0.0287
10.2557 10.1068 10.1748 0.0287
10.2557 10.1068 10.1748 0.0287
10.2557 10.1068 10.1748 0.0287
10.2557 10.1068 10.1748 0.0287
10.2557 10.1068 10.1748 0.0287
10.2557 10.1068 10.1748 0.0287
10.2557 10.1068 10.1749 0.0287
10.2557 10.1068 10.1749 0.0287
10.2557 10.1068 10.1752 0.0289
10.2557 10.1068 10.1752 0.0289
10.2557 10.1068 10.1752 0.0289
10.2557 10.1068 10.1752 0.0289
10.2557 10.1068 10.1752 0.0289
10.2557 10.1068 10.1755 0.0289
10.2557 10.1068 10.1757 0.0290
10.2557 10.1068 10.1757 0.0290
10.2557 10.1068 10.1757 0.0290
10.2557 10.1068 10.1762 0.0286
10.2557 10.1068 10.1762 0.0286
10.2557 10.1068 10.1763 0.0287
10.2557 10.1068 10.1766 0.0286
10.2557 10.1068 10.1766 0.0286
10.2557 10.1068 10.1774 0.0289
10.2557 10.1068 10.1774 0.0289
10.2557 10.1068 10.1775 0.0289
10.2557 10.1068 10.1776 0.0289
10.2557 10.1068 10.1776 0.0289
10.2557 10.1068 10.1776 0.0289
10.2557 10.1068 10.1776 0.0289
10.2557 10.1068 10.1776 0.0289
10.2557 10.1068 10.1783 0.0285
10.2557 10.1068 10.1783 0.0285
10.2557 10.1068 10.1788 0.0281
10.2557 10.1068 10.1788 0.0281
10.2557 10.1068 10.1789 0.0281
10.2557 10.1068 10.1789 0.0281
10.2557 10.1068 10.1792 0.0280
10.2557 10.1068 10.1795 0.0279
10.2557 10.1068 10.1795 0.0279
10.2557 10.1068 10.1795 0.0279
10.2557 10.1068 10.1795 0.0279
10.2557 10.1068 10.1795 0.0279
10.2557 10.1068 10.1795 0.0279
10.2557 10.1068 10.1795 0.0279
10.2557 10.1068 10.1795 0.0279
10.2557 10.1068 10.1795 0.0279
10.2557 10.1068 10.1795 0.0279
10.2557 10.1068 10.1795 0.0279
10.2557 10.1068 10.1796 0.0279
10.2557 10.1068 10.1807 0.0282
10.2557 10.1068 10.1807 0.0282
10.2557 10.1068 10.1809 0.0281
10.2557 10.1068 10.1809 0.0281
10.2557 10.1068 10.1809 0.0281
10.2557 10.1068 10.1809 0.0281
10.2557 10.1068 10.1809 0.0281
10.2557 10.1068 10.1809 0.0281
10.2557 10.1068 10.1809 0.0281
10.2557 10.1068 10.1809 0.0281
10.2557 10.1068 10.1810 0.0281
10.2557 10.1068 10.1810 0.0281
10.2557 10.1068 10.1814 0.0280
10.2557 10.1068 10.1814 0.0280
10.2557 10.1068 10.1816 0.0281
10.2557 10.1068 10.1816 0.0281
10.2557 10.1068 10.1816 0.0281
10.2557 10.1068 10.1823 0.0275
10.2557 10.1068 10.1823 0.0275
10.2557 10.1068 10.1823 0.0275
10.2557 10.1068 10.1823 0.0275
10.2557 10.1068 10.1829 0.0283
10.2557 10.1068 10.1829 0.0283
10.2557 10.1068 10.1829 0.0283
10.2557 10.1068 10.1829 0.0283
10.2557 10.1068 10.1829 0.0283
10.2557 10.1068 10.1829 0.0283
10.2557 10.1068 10.1829 0.0283
10.2557 10.1068 10.1829 0.0283
10.2557 10.1068 10.1837 0.0278
10.2557 10.1068 10.1837 0.0278
10.2557 10.1068 10.1837 0.0278
10.2557 10.1068 10.1837 0.0278
10.2557 10.1068 10.1837 0.0278
10.2557 10.1068 10.1838 0.0278
10.2557 10.1068 10.1838 0.0278
10.2557 10.1068 10.1839 0.0278
10.2557 10.1068 10.1846 0.0280
10.2557 10.1068 10.1846 0.0280
10.2557 10.1068 10.1847 0.0280
10.2557 10.1068 10.1848 0.0280
10.2557 10.1068 10.1849 0.0280
10.2557 10.1068 10.1849 0.0280
10.2557 10.1068 10.1853 0.0283
10.2557 10.1068 10.1853 0.0283
10.2557 10.1068 10.1857 0.0286
10.2557 10.1068 10.1863 0.0279
10.2557 10.1068 10.1864 0.0279
10.2557 10.1068 10.1869 0.0286
10.2557 10.1068 10.1869 0.0286
10.2557 10.1068 10.1869 0.0286
10.2557 10.1068 10.1869 0.0286
10.2557 10.1068 10.1870 0.0286
10.2557 10.1068 10.1870 0.0286
10.2557 10.1068 10.1870 0.0286
10.2557 10.1068 10.1870 0.0286
10.2557 10.1068 10.1870 0.0286
10.2557 10.1068 10.1876 0.0280
10.2557 10.1068 10.1876 0.0280
10.2557 10.1068 10.1876 0.0280
10.2557 10.1068 10.1878 0.0278
10.2557 10.1068 10.1878 0.0278
10.2557 10.1068 10.1878 0.0278
10.2557 10.1068 10.1878 0.0278
10.2557 10.1068 10.1878 0.0278
10.2557 10.1068 10.1878 0.0278
10.2557 10.1068 10.1878 0.0278
10.2557 10.1068 10.1878 0.0278
10.2557 10.1068 10.1878 0.0278
10.2557 10.1068 10.1878 0.0278
10.2557 10.1068 10.1878 0.0278
10.2557 10.1068 10.1878 0.0278
10.2557 10.1068 10.1878 0.0278
10.2557 10.1068 10.1878 0.0278
10.2557 10.1068 10.1878 0.0278
10.2557 10.1068 10.1878 0.0278
10.2557 10.1068 10.1878 0.0278
10.2557 10.1068 10.1878 0.0278
10.2557 10.1068 10.1883 0.0282
10.2557 10.1068 10.1883 0.0282
10.2557 10.1068 10.1883 0.0282
10.2557 10.1068 10.1883 0.0282
10.2557 10.1068 10.1883 0.0282
10.2557 10.1068 10.1883 0.0282
10.2557 10.1068 10.1886 0.0282
10.2557 10.1068 10.1886 0.0282
10.2557 10.1068 10.1886 0.0282
10.2557 10.1068 10.1886 0.0282
10.2557 10.1068 10.1886 0.0282
10.2557 10.1068 10.1886 0.0282
10.2557 10.1068 10.1886 0.0282
10.2557 10.1068 10.1886 0.0282
10.2557 10.1068 10.1886 0.0282
10.2557 10.1068 10.1886 0.0282
10.2557 10.1068 10.1886 0.0282
10.2557 10.1068 10.1897 0.0280
10.2557 10.1068 10.1897 0.0280
10.2557 10.1068 10.1897 0.0280
10.2557 10.1068 10.1897 0.0280
10.2557 10.1068 10.1897 0.0280
10.2557 10.1068 10.1897 0.0280
10.2557 10.1068 10.1897 0.0280
10.2557 10.1068 10.1898 0.0280
10.2557 10.1068 10.1898 0.0280
10.2557 10.1068 10.1898 0.0280
10.2557 10.1068 10.1898 0.0280
10.2557 10.1068 10.1898 0.0280
10.2557 10.1068 10.1898 0.0280
10.2557 10.1068 10.1898 0.0280
10.2557 10.1068 10.1898 0.0280
10.2557 10.1068 10.1898 0.0280
10.2557 10.1068 10.1898 0.0280
10.2557 10.1068 10.1898 0.0280
10.2557 10.1068 10.1898 0.0280
10.2557 10.1068 10.1898 0.0280
10.2557 10.1068 10.1898 0.0280
10.2557 10.1068 10.1898 0.0280
10.2557 10.1068 10.1898 0.0280
10.2557 10.1068 10.1898 0.0280
10.2557 10.1068 10.1898 0.0280
10.2557 10.1068 10.1898 0.0280
10.2557 10.1068 10.1898 0.0280
10.2557 10.1068 10.1898 0.0280
10.2557 10.1068 10.1898 0.0280
10.2557 10.1068 10.1902 0.0283
10.2557 10.1068 10.1902 0.0283
10.2557 10.1068 10.1902 0.0283
10.2557 10.1068 10.1902 0.0283
10.2557 10.1068 10.1902 0.0283
10.2557 10.1068 10.1902 0.0283
10.2557 10.1068 10.1902 0.0283
10.2557 10.1068 10.1902 0.0283
10.2557 10.1068 10.1902 0.0283
10.2557 10.1068 10.1902 0.0283
10.2557 10.1068 10.1902 0.0283
10.2557 10.1068 10.1903 0.0283
10.2557 10.1068 10.1903 0.0283
10.2557 10.1068 10.1904 0.0282
10.2557 10.1068 10.1904 0.0282
10.2557 10.1068 10.1905 0.0282
10.2557 10.1068 10.1905 0.0282
10.2557 10.1068 10.1905 0.0282
10.2557 10.1068 10.1909 0.0280
10.2557 10.1068 10.1909 0.0280
10.2557 10.1068 10.1909 0.0280
10.2557 10.1068 10.1909 0.0280
10.2557 10.1068 10.1909 0.0280
10.2557 10.1068 10.1910 0.0280
10.2557 10.1068 10.1910 0.0280
10.2557 10.1068 10.1911 0.0280
10.2557 10.1068 10.1913 0.0280
10.2557 10.1068 10.1915 0.0279
10.2557 10.1068 10.1915 0.0279
10.2557 10.1068 10.1915 0.0279
10.2557 10.1068 10.1915 0.0279
10.2557 10.1068 10.1920 0.0281
10.2557 10.1068 10.1920 0.0281
10.2557 10.1068 10.1920 0.0281
10.2557 10.1068 10.1924 0.0284
10.2557 10.1068 10.1924 0.0284
10.2557 10.1068 10.1924 0.0284
10.2557 10.1068 10.1924 0.0284
10.2557 10.1068 10.1924 0.0284
10.2557 10.1068 10.1924 0.0284
10.2557 10.1068 10.1924 0.0284
10.2557 10.1068 10.1926 0.0283
10.2557 10.1068 10.1926 0.0283
10.2603 10.1068 10.1926 0.0285
10.2603 10.1068 10.1926 0.0285
10.2603 10.1068 10.1927 0.0284
10.2603 10.1068 10.1934 0.0276
10.2603 10.1068 10.1934 0.0276
10.2603 10.1068 10.1934 0.0276
10.2603 10.1068 10.1936 0.0275
10.2603 10.1068 10.1936 0.0275
10.2603 10.1068 10.1936 0.0275
10.2603 10.1068 10.1936 0.0275
10.2603 10.1068 10.1937 0.0275
10.2603 10.1068 10.1937 0.0275
10.2603 10.1068 10.1938 0.0276
10.2603 10.1068 10.1938 0.0276
10.2603 10.1068 10.1938 0.0276
10.2603 10.1068 10.1938 0.0276
10.2603 10.1068 10.1938 0.0276
10.2603 10.1068 10.1938 0.0276
10.2603 10.1068 10.1940 0.0278
10.2603 10.1068 10.1940 0.0278
10.2603 10.1068 10.1940 0.0278
10.2603 10.1068 10.1940 0.0278
10.2603 10.1068 10.1944 0.0275
10.2603 10.1068 10.1944 0.0275
10.2603 10.1068 10.1944 0.0275
10.2603 10.1068 10.1946 0.0278
10.2603 10.1068 10.1946 0.0278
10.2603 10.1068 10.1947 0.0278
10.2603 10.1068 10.1947 0.0278
10.2603 10.1068 10.1947 0.0278
10.2603 10.1068 10.1947 0.0278
10.2603 10.1068 10.1948 0.0278
10.2603 10.1068 10.1948 0.0278
10.2603 10.1068 10.1948 0.0278
10.2603 10.1068 10.1948 0.0278
10.2603 10.1068 10.1948 0.0278
10.2603 10.1068 10.1948 0.0278
10.2603 10.1068 10.1948 0.0278
10.2603 10.1068 10.1953 0.0283
10.2603 10.1068 10.1954 0.0283
10.2603 10.1068 10.1960 0.0289
10.2603 10.1068 10.1960 0.0289
10.2603 10.1068 10.1968 0.0293
10.2603 10.1068 10.1968 0.0293
10.2603 10.1068 10.1970 0.0293
10.2603 10.1068 10.1970 0.0293
10.2603 10.1068 10.1970 0.0293
10.2603 10.1068 10.1970 0.0293
10.2603 10.1068 10.1970 0.0293
10.2603 10.1068 10.1976 0.0296
10.2603 10.1068 10.1976 0.0296
10.2603 10.1068 10.1977 0.0296
10.2603 10.1068 10.1977 0.0296
10.2603 10.1068 10.1977 0.0296
10.2603 10.1068 10.1980 0.0290
10.2603 10.1068 10.1987 0.0294
10.2603 10.1068 10.1987 0.0294
10.2603 10.1068 10.1987 0.0294
10.2603 10.1068 10.1987 0.0294
10.2603 10.1068 10.1987 0.0294
10.2603 10.1068 10.1987 0.0294
10.2603 10.1068 10.1987 0.0294
10.2603 10.1068 10.1987 0.0294
10.2603 10.1068 10.1987 0.0294
10.2603 10.1068 10.1987 0.0294
10.2603 10.1068 10.1991 0.0292
10.2603 10.1068 10.1991 0.0292
10.2603 10.1068 10.1991 0.0292
10.2603 10.1068 10.1991 0.0292
10.2603 10.1068 10.1991 0.0292
10.2603 10.1068 10.1991 0.0292
10.2603 10.1068 10.2002 0.0284
10.2603 10.1068 10.2002 0.0284
10.2603 10.1068 10.2006 0.0288
10.2603 10.1068 10.2006 0.0288
10.2603 10.1068 10.2006 0.0288
10.2603 10.1068 10.2006 0.0288
10.2603 10.1068 10.2006 0.0288
10.2603 10.1068 10.2007 0.0288
10.2603 10.1068 10.2007 0.0288
10.2603 10.1068 10.2007 0.0288
10.2603 10.1068 10.2007 0.0288
10.2603 10.1068 10.2007 0.0288
10.2603 10.1068 10.2007 0.0288
10.2603 10.1068 10.2007 0.0288
10.2603 10.1068 10.2007 0.0288
10.2603 10.1068 10.2007 0.0288
10.2603 10.1068 10.2007 0.0288
10.2603 10.1068 10.2007 0.0288
10.2603 10.1068 10.2007 0.0288
10.2603 10.1068 10.2007 0.0288
10.2603 10.1068 10.2007 0.0288
10.2603 10.1068 10.2007 0.0288
10.2603 10.1068 10.2007 0.0288
10.2603 10.1068 10.2007 0.0288
10.2603 10.1068 10.2007 0.0288
10.2658 10.1068 10.2010 0.0293
10.2658 10.1068 10.2014 0.0287
10.2658 10.1068 10.2014 0.0287
10.2658 10.1068 10.2014 0.0287
10.2658 10.1068 10.2014 0.0287
10.2658 10.1068 10.2014 0.0287
10.2658 10.1068 10.2017 0.0287
10.2658 10.1068 10.2017 0.0287
10.2658 10.1068 10.2018 0.0287
10.2658 10.1068 10.2024 0.0291
10.2658 10.1068 10.2024 0.0291
10.2658 10.1068 10.2024 0.0291
10.2658 10.1068 10.2024 0.0291
10.2658 10.1068 10.2024 0.0291
10.2658 10.1068 10.2024 0.0291
10.2658 10.1068 10.2025 0.0293
10.2658 10.1068 10.2025 0.0293
10.2658 10.1068 10.2025 0.0293
10.2658 10.1068 10.2025 0.0293
10.2658 10.1068 10.2025 0.0293
10.2658 10.1068 10.2025 0.0293
10.2658 10.1068 10.2025 0.0293
10.2658 10.1068 10.2025 0.0293
10.2658 10.1068 10.2029 0.0290
10.2658 10.1068 10.2029 0.0290
10.2658 10.1068 10.2029 0.0290
10.2658 10.1068 10.2029 0.0290
10.2658 10.1068 10.2029 0.0290
10.2658 10.1068 10.2029 0.0290
10.2658 10.1068 10.2029 0.0290
10.2658 10.1068 10.2030 0.0292
10.2658 10.1068 10.2030 0.0292
10.2658 10.1068 10.2030 0.0292
10.2658 10.1068 10.2034 0.0292
10.2658 10.1068 10.2034 0.0292
10.2658 10.1068 10.2034 0.0292
10.2658 10.1068 10.2034 0.0292
10.2658 10.1068 10.2034 0.0292
10.2658 10.1068 10.2034 0.0292
10.2658 10.1068 10.2034 0.0292
10.2658 10.1068 10.2035 0.0292
10.2658 10.1068 10.2035 0.0292
10.2658 10.1068 10.2035 0.0292
10.2658 10.1068 10.2035 0.0292
10.2658 10.1068 10.2040 0.0292
10.2658 10.1068 10.2040 0.0292
10.2658 10.1068 10.2040 0.0292
10.2658 10.1068 10.2040 0.0292
10.2658 10.1068 10.2040 0.0292
10.2658 10.1068 10.2040 0.0292
10.2658 10.1068 10.2041 0.0292
10.2658 10.1068 10.2041 0.0292
10.2658 10.1068 10.2042 0.0294
10.2658 10.1068 10.2042 0.0294
10.2658 10.1068 10.2046 0.0290
10.2658 10.1068 10.2046 0.0290
10.2658 10.1068 10.2046 0.0290
10.2658 10.1068 10.2046 0.0290
10.2658 10.1068 10.2046 0.0290
10.2658 10.1068 10.2046 0.0289
10.2658 10.1068 10.2046 0.0289
10.2658 10.1068 10.2046 0.0289
10.2740 10.1068 10.2058 0.0300
10.2740 10.1068 10.2062 0.0301
10.2740 10.1068 10.2062 0.0301
10.2740 10.1068 10.2062 0.0301
10.2740 10.1068 10.2064 0.0300
10.2740 10.1068 10.2064 0.0300
10.2740 10.1068 10.2064 0.0300
10.2740 10.1068 10.2064 0.0300
10.2740 10.1068 10.2066 0.0301
10.2740 10.1068 10.2066 0.0301
10.2740 10.1068 10.2066 0.0301
10.2740 10.1068 10.2066 0.0301
10.2740 10.1068 10.2067 0.0301
10.2740 10.1068 10.2067 0.0301
10.2740 10.1068 10.2067 0.0301
10.2740 10.1068 10.2067 0.0301
10.2740 10.1068 10.2067 0.0301
10.2740 10.1068 10.2067 0.0301
10.2740 10.1068 10.2067 0.0301
10.2740 10.1068 10.2067 0.0301
10.2740 10.1068 10.2067 0.0301
10.2740 10.1068 10.2067 0.0301
10.2740 10.1068 10.2067 0.0301
10.2740 10.1068 10.2067 0.0300
10.2740 10.1068 10.2067 0.0300
10.2740 10.1068 10.2067 0.0300
10.2740 10.1068 10.2073 0.0303
10.2740 10.1068 10.2075 0.0304
10.2740 10.1068 10.2075 0.0304
10.2740 10.1068 10.2075 0.0304
10.2740 10.1068 10.2077 0.0308
10.2740 10.1068 10.2077 0.0308
10.2740 10.1068 10.2077 0.0308
10.2740 10.1068 10.2077 0.0308
10.2740 10.1068 10.2083 0.0311
10.2740 10.1068 10.2086 0.0312
10.2740 10.1068 10.2086 0.0312
10.2740 10.1068 10.2089 0.0311
10.2740 10.1068 10.2089 0.0311
10.2740 10.1068 10.2092 0.0311
10.2740 10.1068 10.2092 0.0311
10.2740 10.1068 10.2092 0.0311
10.2740 10.1068 10.2092 0.0311
10.2740 10.1068 10.2092 0.0311
10.2740 10.1068 10.2092 0.0311
10.2740 10.1068 10.2095 0.0311
10.2740 10.1068 10.2096 0.0311
10.2740 10.1068 10.2096 0.0311
10.2740 10.1068 10.2096 0.0311
10.2740 10.1068 10.2096 0.0311
10.2740 10.1068 10.2101 0.0311
10.2740 10.1068 10.2101 0.0311
10.2740 10.1068 10.2101 0.0311
10.2740 10.1068 10.2101 0.0311
10.2740 10.1068 10.2101 0.0311
10.2740 10.1068 10.2105 0.0311
10.2740 10.1068 10.2105 0.0311
10.2740 10.1068 10.2105 0.0311
10.2740 10.1068 10.2105 0.0311
10.2740 10.1068 10.2105 0.0311
10.2740 10.1068 10.2105 0.0311
10.2740 10.1068 10.2105 0.0311
10.2740 10.1068 10.2105 0.0311
10.2740 10.1068 10.2105 0.0311
10.2740 10.1068 10.2105 0.0311
10.2740 10.1068 10.2105 0.0311
10.2740 10.1068 10.2105 0.0311
10.2740 10.1068 10.2105 0.0311
10.2740 10.1068 10.2105 0.0311
10.2740 10.1068 10.2105 0.0311
10.2740 10.1068 10.2105 0.0311
10.2740 10.1068 10.2105 0.0311
10.2740 10.1068 10.2105 0.0311
10.2740 10.1068 10.2105 0.0311
10.2740 10.1068 10.2109 0.0311
10.2740 10.1068 10.2109 0.0311
10.2740 10.1068 10.2109 0.0311
10.2740 10.1068 10.2124 0.0306
10.2740 10.1068 10.2124 0.0306
10.2740 10.1068 10.2124 0.0306
10.2740 10.1068 10.2124 0.0306
10.2740 10.1068 10.2124 0.0306
10.2740 10.1068 10.2124 0.0306
10.2740 10.1068 10.2124 0.0306
10.2740 10.1068 10.2126 0.0310
10.2740 10.1068 10.2126 0.0310
10.2740 10.1068 10.2126 0.0310
10.2740 10.1068 10.2126 0.0310
10.2740 10.1068 10.2134 0.0305
10.2740 10.1068 10.2134 0.0305
10.2740 10.1068 10.2136 0.0309
10.2740 10.1068 10.2136 0.0309
10.2740 10.1068 10.2136 0.0309
10.2740 10.1068 10.2137 0.0309
10.2740 10.1068 10.2137 0.0309
10.2740 10.1068 10.2137 0.0309
10.2740 10.1068 10.2137 0.0309
10.2740 10.1068 10.2137 0.0308
10.2740 10.1068 10.2138 0.0309
10.2740 10.1068 10.2138 0.0309
10.2740 10.1068 10.2138 0.0309
10.2740 10.1068 10.2138 0.0309
10.2740 10.1068 10.2138 0.0309
10.2740 10.1068 10.2138 0.0309
10.2740 10.1068 10.2138 0.0309
10.2740 10.1068 10.2138 0.0309
10.2740 10.1068 10.2138 0.0308
10.2740 10.1068 10.2138 0.0308
10.2740 10.1068 10.2138 0.0308
10.2740 10.1068 10.2139 0.0309
10.2740 10.1068 10.2139 0.0309
10.2740 10.1068 10.2139 0.0309
10.2740 10.1068 10.2139 0.0309
10.2740 10.1068 10.2139 0.0310
10.2740 10.1068 10.2139 0.0310
10.2740 10.1068 10.2140 0.0310
10.2740 10.1068 10.2140 0.0309
10.2740 10.1068 10.2140 0.0309
10.2740 10.1068 10.2140 0.0309
10.2740 10.1068 10.2144 0.0309
10.2740 10.1068 10.2144 0.0309
10.2740 10.1068 10.2144 0.0309
10.2740 10.1068 10.2150 0.0310
10.2740 10.1068 10.2150 0.0310
10.2740 10.1068 10.2150 0.0310
10.2740 10.1068 10.2154 0.0310
10.2740 10.1068 10.2154 0.0310
10.2740 10.1068 10.2158 0.0304
10.2740 10.1068 10.2158 0.0304
10.2740 10.1068 10.2158 0.0304
10.2740 10.1068 10.2158 0.0304
10.2740 10.1068 10.2158 0.0304
10.2740 10.1068 10.2158 0.0304
10.2740 10.1068 10.2158 0.0304
10.2740 10.1068 10.2159 0.0304
10.2740 10.1068 10.2159 0.0304
10.2740 10.1068 10.2159 0.0304
10.2740 10.1068 10.2159 0.0304
10.2740 10.1068 10.2159 0.0304
10.2740 10.1068 10.2159 0.0304
10.2740 10.1068 10.2159 0.0304
10.2740 10.1068 10.2159 0.0304
10.2740 10.1068 10.2167 0.0305
10.2740 10.1068 10.2167 0.0305
10.2740 10.1068 10.2168 0.0305
10.2740 10.1068 10.2168 0.0305
10.2740 10.1068 10.2168 0.0305
10.2740 10.1068 10.2168 0.0305
10.2740 10.1068 10.2168 0.0305
10.2740 10.1068 10.2168 0.0305
10.2740 10.1068 10.2168 0.0305
10.2740 10.1068 10.2169 0.0307
10.2740 10.1068 10.2170 0.0307
10.2740 10.1068 10.2170 0.0307
10.2740 10.1068 10.2170 0.0307
10.2740 10.1068 10.2170 0.0307
10.2740 10.1068 10.2170 0.0307
10.2740 10.1068 10.2178 0.0306
10.2740 10.1068 10.2178 0.0307
10.2740 10.1068 10.2178 0.0307
10.2740 10.1068 10.2184 0.0308
10.2740 10.1068 10.2184 0.0308
10.2740 10.1068 10.2184 0.0308
10.2740 10.1068 10.2192 0.0313
10.2740 10.1068 10.2195 0.0313
10.2740 10.1068 10.2195 0.0313
10.2740 10.1068 10.2195 0.0313
10.2740 10.1068 10.2195 0.0313
10.2740 10.1068 10.2195 0.0313
10.2740 10.1068 10.2195 0.0313
10.2740 10.1068 10.2195 0.0313
10.2740 10.1068 10.2195 0.0313
10.2740 10.1068 10.2197 0.0312
10.2740 10.1068 10.2197 0.0312
10.2740 10.1068 10.2200 0.0312
10.2740 10.1068 10.2201 0.0311
10.2740 10.1068 10.2201 0.0311
10.2740 10.1068 10.2201 0.0311
10.2740 10.1068 10.2205 0.0310
10.2740 10.1068 10.2206 0.0310
10.2740 10.1068 10.2206 0.0310
10.2740 10.1068 10.2206 0.0310
10.2740 10.1068 10.2206 0.0310
10.2740 10.1068 10.2206 0.0310
10.2740 10.1068 10.2206 0.0310
10.2740 10.1068 10.2206 0.0310
10.2740 10.1068 10.2206 0.0310
10.2740 10.1068 10.2210 0.0310
10.2740 10.1068 10.2210 0.0310
10.2740 10.1068 10.2210 0.0310
10.2740 10.1068 10.2210 0.0310
10.2740 10.1068 10.2210 0.0310
10.2740 10.1068 10.2210 0.0310
10.2740 10.1068 10.2210 0.0310
10.2740 10.1068 10.2210 0.0310
10.2740 10.1068 10.2210 0.0310
10.2740 10.1068 10.2210 0.0310
10.2740 10.1068 10.2210 0.0310
10.2740 10.1068 10.2210 0.0310
10.2740 10.1068 10.2210 0.0310
10.2740 10.1068 10.2210 0.0310
10.2740 10.1068 10.2210 0.0309
10.2740 10.1068 10.2210 0.0309
10.2740 10.1068 10.2210 0.0309
10.2740 10.1068 10.2211 0.0308
10.2740 10.1068 10.2211 0.0308
10.2740 10.1068 10.2211 0.0308
10.2740 10.1068 10.2211 0.0308
10.2740 10.1068 10.2211 0.0308
10.2740 10.1068 10.2211 0.0308
10.2740 10.1068 10.2211 0.0308
10.2740 10.1068 10.2215 0.0312
10.2740 10.1068 10.2219 0.0311
10.2740 10.1068 10.2230 0.0296
10.2740 10.1068 10.2230 0.0296
10.2740 10.1068 10.2230 0.0296
10.2740 10.1068 10.2230 0.0296
10.2740 10.1068 10.2230 0.0296
10.2740 10.1068 10.2230 0.0296
10.2740 10.1068 10.2230 0.0296
10.2740 10.1068 10.2230 0.0296
10.2740 10.1068 10.2230 0.0296
10.2740 10.1833 10.2246 0.0276
10.2740 10.1833 10.2246 0.0276
10.2740 10.1833 10.2246 0.0276
10.2740 10.1833 10.2249 0.0278
10.2740 10.1833 10.2249 0.0278
10.2740 10.1833 10.2249 0.0278
10.2740 10.1833 10.2249 0.0278
10.2740 10.1833 10.2249 0.0278
10.2740 10.1833 10.2249 0.0278
10.2740 10.1833 10.2253 0.0276
10.2740 10.1833 10.2253 0.0276
10.2740 10.1833 10.2253 0.0276
10.2740 10.1833 10.2253 0.0276
10.2740 10.1833 10.2253 0.0276
10.2740 10.1833 10.2253 0.0276
10.2740 10.1833 10.2256 0.0278
10.2740 10.1833 10.2256 0.0278
10.2740 10.1833 10.2256 0.0278
10.2740 10.1833 10.2262 0.0278
10.2740 10.1833 10.2262 0.0278
10.2740 10.1833 10.2263 0.0277
10.2740 10.1833 10.2263 0.0277
10.2740 10.1833 10.2267 0.0275
10.2740 10.1833 10.2269 0.0274
10.2740 10.1833 10.2269 0.0274
10.2740 10.1833 10.2271 0.0275
10.2740 10.1833 10.2278 0.0277
10.2740 10.1833 10.2278 0.0277
10.2740 10.1833 10.2278 0.0277
10.2740 10.1833 10.2278 0.0277
10.2740 10.1833 10.2278 0.0277
10.2740 10.1833 10.2278 0.0277
10.2740 10.1833 10.2283 0.0275
10.2740 10.1833 10.2283 0.0275
10.2740 10.1833 10.2283 0.0275
10.2740 10.1833 10.2283 0.0275
10.2740 10.1833 10.2283 0.0275
10.2740 10.1833 10.2283 0.0275
10.2740 10.1833 10.2283 0.0275
10.2740 10.1833 10.2283 0.0275
10.2740 10.1833 10.2289 0.0275
10.2740 10.1833 10.2289 0.0275
10.2740 10.1833 10.2289 0.0275
10.2740 10.1833 10.2293 0.0273
10.2740 10.1833 10.2295 0.0273
10.2740 10.1833 10.2295 0.0273
10.2740 10.1833 10.2296 0.0273
10.2740 10.1833 10.2296 0.0272
10.2740 10.1833 10.2298 0.0271
10.2740 10.1833 10.2298 0.0271
10.2740 10.1833 10.2298 0.0271
10.2740 10.1833 10.2298 0.0271
10.2740 10.1833 10.2302 0.0268
10.2740 10.1833 10.2302 0.0268
10.2740 10.1833 10.2302 0.0268
10.2740 10.1833 10.2302 0.0268
10.2740 10.1833 10.2302 0.0268
10.2740 10.1833 10.2302 0.0268
10.2740 10.1833 10.2302 0.0268
10.2740 10.1833 10.2307 0.0267
10.2740 10.1833 10.2311 0.0264
10.2740 10.1833 10.2311 0.0264
10.2740 10.1833 10.2311 0.0264
10.2740 10.1833 10.2313 0.0265
10.2740 10.1833 10.2313 0.0265
10.2740 10.1833 10.2313 0.0265
10.2740 10.1833 10.2313 0.0265
10.2740 10.1833 10.2315 0.0266
10.2740 10.1833 10.2315 0.0266
10.2740 10.1833 10.2315 0.0266
10.2740 10.1833 10.2315 0.0266
10.2740 10.1833 10.2320 0.0265
10.2740 10.1833 10.2320 0.0265
10.2740 10.1833 10.2320 0.0265
10.2740 10.1833 10.2320 0.0265
10.2784 10.1833 10.2322 0.0268
10.2784 10.1833 10.2322 0.0268
10.2784 10.1833 10.2322 0.0268
10.2784 10.1833 10.2322 0.0268
10.2784 10.1833 10.2322 0.0268
10.2784 10.1833 10.2322 0.0268
10.2784 10.1833 10.2322 0.0268
10.2784 10.1833 10.2322 0.0268
10.2784 10.1833 10.2322 0.0268
10.2784 10.1833 10.2322 0.0268
10.2784 10.1833 10.2322 0.0268
10.2784 10.1833 10.2322 0.0268
10.2784 10.1833 10.2324 0.0268
10.2784 10.1833 10.2324 0.0268
10.2784 10.1833 10.2324 0.0268
10.2784 10.1833 10.2324 0.0268
10.2784 10.1833 10.2329 0.0271
10.2784 10.1833 10.2329 0.0271
10.2784 10.1833 10.2329 0.0271
10.2784 10.1833 10.2330 0.0271
10.2784 10.1833 10.2334 0.0269
10.2784 10.1833 10.2334 0.0269
10.2784 10.1833 10.2339 0.0268
10.2784 10.1833 10.2339 0.0268
10.2784 10.1833 10.2348 0.0267
10.2784 10.1833 10.2353 0.0269
10.2784 10.1833 10.2354 0.0270
10.2784 10.1833 10.2357 0.0271
10.2784 10.1833 10.2357 0.0271
10.2784 10.1833 10.2359 0.0274
10.2784 10.1833 10.2360 0.0275
10.2784 10.1833 10.2364 0.0273
10.2784 10.1833 10.2364 0.0273
10.2784 10.1833 10.2364 0.0273
10.2784 10.1833 10.2364 0.0273
10.2784 10.1833 10.2364 0.0273
10.2784 10.1833 10.2364 0.0273
10.2784 10.1833 10.2365 0.0273
10.2784 10.1833 10.2365 0.0273
10.2784 10.1833 10.2368 0.0270
10.2784 10.1833 10.2368 0.0270
10.2784 10.1833 10.2370 0.0270
10.2784 10.1833 10.2370 0.0270
10.2784 10.1833 10.2370 0.0270
10.2784 10.1833 10.2370 0.0270
10.2784 10.1833 10.2370 0.0270
10.2784 10.1833 10.2370 0.0270
10.2784 10.1833 10.2373 0.0268
10.2784 10.1833 10.2373 0.0268
10.2784 10.1833 10.2379 0.0265
10.2784 10.1833 10.2379 0.0265
10.2784 10.1833 10.2379 0.0265
10.2784 10.1833 10.2379 0.0265
10.2784 10.1833 10.2379 0.0265
10.2784 10.1833 10.2380 0.0263
10.2784 10.1833 10.2380 0.0263
10.2784 10.1833 10.2381 0.0264
10.2784 10.1833 10.2381 0.0264
10.2784 10.1833 10.2381 0.0264
10.2784 10.1833 10.2381 0.0264
10.2784 10.1833 10.2381 0.0264
10.2784 10.1833 10.2382 0.0265
10.2784 10.1833 10.2382 0.0265
10.2799 10.1833 10.2383 0.0266
10.2799 10.1833 10.2383 0.0266
10.2799 10.1833 10.2383 0.0266
10.2799 10.1833 10.2383 0.0266
10.2799 10.1833 10.2383 0.0266
10.2799 10.1833 10.2383 0.0266
10.2799 10.1833 10.2388 0.0262
10.2799 10.1833 10.2388 0.0262
10.2799 10.1833 10.2390 0.0262
10.2799 10.1833 10.2390 0.0262
10.2799 10.1833 10.2390 0.0262
10.2799 10.1833 10.2393 0.0264
10.2799 10.1833 10.2399 0.0267
10.2799 10.1833 10.2402 0.0268
10.2799 10.1833 10.2404 0.0269
10.2799 10.1833 10.2404 0.0269
10.2799 10.1833 10.2404 0.0269
10.2799 10.1833 10.2404 0.0269
10.2799 10.1833 10.2404 0.0269
10.2799 10.1833 10.2406 0.0270
10.2799 10.1833 10.2408 0.0266
10.2799 10.1833 10.2408 0.0266
10.2799 10.1833 10.2409 0.0267
10.2799 10.1833 10.2413 0.0269
10.2799 10.1833 10.2416 0.0270
10.2799 10.1833 10.2416 0.0270
10.2799 10.1833 10.2416 0.0270
10.2799 10.1833 10.2416 0.0270
10.2799 10.1833 10.2418 0.0270
10.2799 10.1833 10.2418 0.0270
10.2799 10.1833 10.2419 0.0270
10.2799 10.1833 10.2419 0.0270
10.2799 10.1833 10.2419 0.0270
10.2799 10.1833 10.2422 0.0271
10.2799 10.1833 10.2422 0.0271
10.2799 10.1833 10.2426 0.0272
10.2799 10.1833 10.2426 0.0272
10.2799 10.1833 10.2426 0.0272
10.2799 10.1833 10.2426 0.0272
10.2799 10.1833 10.2426 0.0272
10.2799 10.1833 10.2426 0.0272
10.2799 10.1833 10.2426 0.0272
10.2799 10.1833 10.2426 0.0272
10.2799 10.1833 10.2428 0.0272
10.2799 10.1833 10.2428 0.0272
10.2799 10.1833 10.2428 0.0272
10.2799 10.1833 10.2428 0.0272
10.2799 10.1833 10.2428 0.0272
10.2799 10.1833 10.2431 0.0268
10.2799 10.1833 10.2431 0.0268
10.2799 10.1833 10.2431 0.0268
10.2868 10.1833 10.2432 0.0269
10.2868 10.1833 10.2432 0.0269
10.2868 10.1833 10.2432 0.0269
10.2868 10.1833 10.2435 0.0270
10.2868 10.1833 10.2435 0.0270
10.2868 10.1833 10.2435 0.0270
10.2868 10.1833 10.2435 0.0270
10.2868 10.1833 10.2436 0.0271
10.2868 10.1833 10.2436 0.0271
10.2868 10.1833 10.2436 0.0271
10.2868 10.1833 10.2436 0.0271
10.2868 10.1833 10.2438 0.0268
10.2868 10.1833 10.2438 0.0268
10.2868 10.1833 10.2438 0.0268
10.2868 10.1833 10.2438 0.0268
10.2868 10.1833 10.2438 0.0268
10.2868 10.1833 10.2438 0.0268
10.2868 10.1833 10.2443 0.0266
10.2868 10.1833 10.2443 0.0266
10.2868 10.1833 10.2443 0.0266
10.2868 10.1833 10.2447 0.0267
10.2868 10.1833 10.2447 0.0267
10.2868 10.1833 10.2449 0.0265
10.2868 10.1833 10.2449 0.0265
10.2868 10.1833 10.2449 0.0265
10.2868 10.1833 10.2449 0.0265
10.2868 10.1833 10.2451 0.0267
10.2868 10.1833 10.2451 0.0267
10.2868 10.1833 10.2453 0.0268
10.2868 10.1833 10.2455 0.0268
10.2868 10.1833 10.2455 0.0268
10.2868 10.1833 10.2455 0.0268
10.2868 10.1833 10.2455 0.0268
10.2868 10.1833 10.2455 0.0268
10.2868 10.1833 10.2459 0.0263
10.2868 10.1833 10.2466 0.0258
10.2868 10.1833 10.2466 0.0258
10.2868 10.1833 10.2466 0.0258
10.2868 10.1918 10.2475 0.0252
10.2868 10.1918 10.2475 0.0252
10.2868 10.1918 10.2475 0.0252
10.2868 10.1918 10.2480 0.0252
10.2868 10.1918 10.2480 0.0252
10.2868 10.1918 10.2480 0.0252
10.2868 10.1918 10.2487 0.0246
10.2868 10.1918 10.2489 0.0246
10.2868 10.1918 10.2489 0.0246
10.2868 10.1918 10.2489 0.0246
10.2868 10.1918 10.2489 0.0246
10.2868 10.1918 10.2489 0.0246
10.2868 10.1918 10.2489 0.0246
10.2868 10.1918 10.2489 0.0246
10.2868 10.1918 10.2489 0.0246
10.2868 10.1918 10.2489 0.0246
10.2868 10.1918 10.2492 0.0248
10.2868 10.1918 10.2492 0.0248
10.2868 10.1918 10.2494 0.0248
10.2868 10.1918 10.2494 0.0248
10.2974 10.1918 10.2496 0.0251
10.2974 10.1918 10.2496 0.0251
10.2974 10.1918 10.2496 0.0251
10.2974 10.1918 10.2496 0.0251
10.2974 10.1918 10.2501 0.0245
10.2974 10.1918 10.2501 0.0245
10.2974 10.1918 10.2509 0.0239
10.2974 10.1918 10.2509 0.0239
10.2974 10.1918 10.2509 0.0239
10.2974 10.1918 10.2509 0.0239
10.2974 10.1918 10.2509 0.0239
10.2974 10.1918 10.2509 0.0239
10.2974 10.1918 10.2509 0.0239
10.2974 10.1918 10.2509 0.0239
10.2974 10.1918 10.2509 0.0239
10.2974 10.1918 10.2509 0.0239
10.2974 10.1918 10.2509 0.0239
10.2974 10.1918 10.2509 0.0239
10.3781 10.1918 10.2519 0.0270
10.3781 10.1918 10.2520 0.0270
10.3781 10.1918 10.2520 0.0270
10.3781 10.1918 10.2520 0.0270
10.3781 10.1918 10.2520 0.0270
10.3781 10.1918 10.2520 0.0270
10.3781 10.1918 10.2520 0.0270
10.3781 10.1918 10.2520 0.0270
10.3781 10.1918 10.2520 0.0270
10.3781 10.1918 10.2520 0.0270
10.3781 10.1918 10.2520 0.0270
10.3781 10.1918 10.2521 0.0270
10.3781 10.1918 10.2521 0.0270
10.3781 10.1918 10.2521 0.0271
10.3781 10.1918 10.2521 0.0271
10.3781 10.1918 10.2521 0.0271
10.3781 10.1918 10.2521 0.0271
10.3781 10.1918 10.2526 0.0264
10.3781 10.1918 10.2527 0.0265
10.3781 10.1918 10.2527 0.0265
10.3781 10.1918 10.2527 0.0265
10.3781 10.1918 10.2527 0.0265
10.3781 10.1918 10.2527 0.0265
10.3781 10.1918 10.2532 0.0264
10.3781 10.1918 10.2532 0.0264
10.3781 10.1918 10.2532 0.0264
10.3781 10.1918 10.2532 0.0264
10.3781 10.1918 10.2532 0.0264
10.3781 10.1918 10.2534 0.0264
10.3781 10.1918 10.2534 0.0264
10.3781 10.1918 10.2534 0.0264
10.3781 10.1918 10.2534 0.0264
10.3781 10.1918 10.2536 0.0264
10.3781 10.1918 10.2540 0.0264
10.3781 10.1918 10.2540 0.0264
10.3781 10.1918 10.2542 0.0265
10.3781 10.1918 10.2542 0.0265
10.3781 10.1918 10.2542 0.0265
10.3781 10.1918 10.2542 0.0265
10.3781 10.1918 10.2542 0.0265
10.3781 10.1918 10.2544 0.0262
10.3781 10.1918 10.2544 0.0262
10.3781 10.1918 10.2546 0.0264
10.3781 10.1918 10.2546 0.0264
10.3781 10.1918 10.2546 0.0264
10.3781 10.1918 10.2546 0.0264
10.3781 10.1918 10.2546 0.0264
10.3781 10.1918 10.2546 0.0264
10.3781 10.1918 10.2550 0.0267
10.3781 10.1918 10.2550 0.0267
10.3781 10.1918 10.2550 0.0267
10.3781 10.1918 10.2551 0.0268
10.3781 10.1918 10.2551 0.0268
10.3781 10.1918 10.2559 0.0261
10.3781 10.1918 10.2559 0.0261
10.3781 10.1918 10.2565 0.0262
10.3781 10.1918 10.2565 0.0262
10.3781 10.1918 10.2565 0.0262
10.3781 10.1918 10.2565 0.0262
10.3781 10.1918 10.2566 0.0263
10.3781 10.1918 10.2568 0.0262
10.3781 10.1918 10.2571 0.0263
10.3781 10.1918 10.2571 0.0263
10.3781 10.1918 10.2571 0.0263
10.3781 10.1918 10.2577 0.0258
10.3781 10.1918 10.2577 0.0258
10.3781 10.1918 10.2577 0.0258
10.3781 10.1918 10.2587 0.0252
10.3781 10.1918 10.2590 0.0256
10.3781 10.1918 10.2590 0.0256
10.3781 10.1918 10.2590 0.0256
10.3781 10.1918 10.2593 0.0257
10.3781 10.1918 10.2595 0.0258
10.3781 10.1918 10.2595 0.0258
10.3781 10.1918 10.2600 0.0262
10.3781 10.1918 10.2600 0.0262
10.3781 10.1918 10.2603 0.0266
10.3781 10.1918 10.2603 0.0266
10.3781 10.1918 10.2603 0.0266
10.3781 10.1918 10.2604 0.0266
10.3781 10.1918 10.2604 0.0266
10.3781 10.1918 10.2604 0.0266
10.3781 10.1918 10.2604 0.0266
10.3781 10.1918 10.2604 0.0266
10.3781 10.1918 10.2607 0.0269
10.3781 10.1918 10.2607 0.0269
10.3781 10.1918 10.2607 0.0269
10.3781 10.1918 10.2607 0.0269
10.3781 10.1918 10.2607 0.0269
10.3781 10.1918 10.2609 0.0269
10.3781 10.1918 10.2609 0.0269
10.3781 10.1918 10.2609 0.0269
10.3781 10.1918 10.2609 0.0269
10.3781 10.1918 10.2613 0.0267
10.3781 10.1918 10.2613 0.0267
10.3781 10.1918 10.2613 0.0267
10.3781 10.1918 10.2613 0.0267
10.3781 10.1918 10.2613 0.0267
10.3781 10.1918 10.2613 0.0267
10.3781 10.1918 10.2613 0.0267
10.3781 10.1918 10.2613 0.0267
10.3781 10.1918 10.2613 0.0267
10.3781 10.1918 10.2613 0.0267
10.3781 10.1918 10.2613 0.0267
10.3781 10.1918 10.2613 0.0267
10.3781 10.1918 10.2616 0.0269
10.3781 10.1918 10.2616 0.0269
10.3781 10.1918 10.2620 0.0271
10.3781 10.1918 10.2621 0.0273
10.3781 10.1918 10.2623 0.0275
10.3781 10.1918 10.2628 0.0277
10.3781 10.1918 10.2633 0.0280
10.3781 10.1918 10.2633 0.0280
10.3781 10.1918 10.2637 0.0284
10.3781 10.1918 10.2637 0.0284
10.3781 10.1918 10.2637 0.0284
10.3781 10.1918 10.2637 0.0284
10.3781 10.1918 10.2637 0.0284
10.3781 10.1918 10.2637 0.0284
10.3781 10.1918 10.2637 0.0284
10.3781 10.1918 10.2640 0.0282
10.3781 10.1918 10.2640 0.0282
10.3781 10.1918 10.2640 0.0282
10.3781 10.1918 10.2642 0.0283
10.3781 10.1918 10.2642 0.0283
10.3781 10.1918 10.2642 0.0283
10.3814 10.1918 10.2642 0.0284
10.3814 10.1918 10.2642 0.0284
10.3814 10.1918 10.2642 0.0284
10.3814 10.1918 10.2644 0.0283
10.3814 10.1918 10.2644 0.0283
10.3814 10.1918 10.2644 0.0283
10.3814 10.1918 10.2644 0.0283
10.3814 10.1918 10.2644 0.0283
10.3814 10.1918 10.2644 0.0283
10.3814 10.1918 10.2644 0.0283
10.3814 10.1918 10.2644 0.0283
10.3814 10.1918 10.2646 0.0283
10.3814 10.1918 10.2646 0.0283
10.3814 10.1918 10.2646 0.0283
10.3814 10.1918 10.2646 0.0283
10.3814 10.1918 10.2646 0.0283
10.3814 10.1918 10.2646 0.0283
10.3814 10.1918 10.2649 0.0286
10.3814 10.1918 10.2649 0.0286
10.3814 10.1918 10.2649 0.0286
10.3814 10.1918 10.2649 0.0286
10.3814 10.1918 10.2649 0.0286
10.3814 10.1918 10.2649 0.0286
10.3814 10.1918 10.2649 0.0286
10.3814 10.1918 10.2649 0.0286
10.3814 10.1918 10.2649 0.0286
10.3814 10.1918 10.2649 0.0286
10.3814 10.1918 10.2649 0.0286
10.3814 10.1918 10.2649 0.0286
10.3814 10.1918 10.2649 0.0286
10.3814 10.1918 10.2654 0.0285
10.3814 10.1918 10.2654 0.0285
10.3814 10.1918 10.2654 0.0285
10.3814 10.1918 10.2654 0.0285
10.3814 10.1918 10.2654 0.0285
10.3814 10.1918 10.2654 0.0285
10.3814 10.1918 10.2654 0.0285
10.3814 10.1918 10.2654 0.0285
10.3814 10.1918 10.2655 0.0285
10.3814 10.1918 10.2655 0.0285
10.3814 10.1918 10.2656 0.0285
10.3814 10.1918 10.2657 0.0286
10.3814 10.1918 10.2657 0.0286
10.3814 10.1918 10.2657 0.0286
10.3814 10.1918 10.2657 0.0286
10.3814 10.1918 10.2657 0.0286
10.3814 10.1918 10.2657 0.0286
10.3814 10.1918 10.2657 0.0286
10.3814 10.1918 10.2657 0.0286
10.3814 10.1918 10.2658 0.0286
10.3814 10.1918 10.2659 0.0286
10.3814 10.1918 10.2659 0.0286
10.3814 10.1918 10.2659 0.0286
10.3814 10.1918 10.2659 0.0286
10.3814 10.1918 10.2662 0.0287
10.3814 10.1918 10.2663 0.0287
10.3814 10.1918 10.2667 0.0290
10.3814 10.1918 10.2667 0.0290
10.3814 10.1918 10.2667 0.0290
10.3814 10.1918 10.2668 0.0289
10.3814 10.1918 10.2675 0.0290
10.3814 10.1918 10.2675 0.0290
10.3814 10.1918 10.2677 0.0292
10.3814 10.1918 10.2677 0.0292
10.3814 10.1918 10.2677 0.0292
10.3814 10.1918 10.2677 0.0292
10.3814 10.1918 10.2677 0.0292
10.3814 10.1918 10.2677 0.0292
10.3814 10.1918 10.2679 0.0293
10.3814 10.1918 10.2679 0.0293
10.3814 10.1918 10.2680 0.0294
10.3814 10.1918 10.2680 0.0294
10.3814 10.1918 10.2681 0.0294
10.3814 10.1918 10.2681 0.0294
10.3814 10.1918 10.2681 0.0294
10.3814 10.1918 10.2681 0.0294
10.3814 10.1918 10.2681 0.0294
10.3814 10.1918 10.2681 0.0294
10.3814 10.1918 10.2681 0.0294
10.3814 10.1918 10.2681 0.0294
10.3814 10.1918 10.2681 0.0294
10.3814 10.1918 10.2681 0.0294
10.3814 10.1918 10.2681 0.0294
10.3814 10.1918 10.2682 0.0295
10.3814 10.1918 10.2685 0.0297
10.3814 10.1918 10.2685 0.0297
10.3814 10.1918 10.2685 0.0297
10.3814 10.1918 10.2685 0.0297
10.3814 10.1918 10.2685 0.0297
10.3814 10.1918 10.2685 0.0297
10.3814 10.1918 10.2685 0.0297
10.3814 10.1918 10.2688 0.0298
10.3814 10.1918 10.2688 0.0298
10.3814 10.1918 10.2688 0.0298
10.3814 10.1918 10.2691 0.0300
10.3814 10.1918 10.2692 0.0300
10.3814 10.1918 10.2692 0.0300
10.3814 10.1918 10.2692 0.0300
10.3814 10.1918 10.2698 0.0300
10.3814 10.1918 10.2698 0.0300
10.3814 10.1918 10.2700 0.0301
10.3814 10.1918 10.2700 0.0301
10.3814 10.1918 10.2703 0.0299
10.3814 10.1918 10.2703 0.0299
10.3814 10.1918 10.2713 0.0318
10.3814 10.1918 10.2713 0.0318
10.3814 10.1918 10.2713 0.0318
10.3814 10.1918 10.2713 0.0318
10.3814 10.1918 10.2713 0.0318
10.3814 10.1918 10.2713 0.0318
10.3814 10.1918 10.2713 0.0318
10.3814 10.1918 10.2713 0.0318
10.3814 10.1918 10.2713 0.0318
10.3814 10.1918 10.2713 0.0318
10.3814 10.1918 10.2713 0.0318
10.3814 10.1918 10.2713 0.0318
10.3814 10.1918 10.2713 0.0318
10.3814 10.1918 10.2713 0.0318
10.3814 10.1918 10.2715 0.0319
10.3814 10.1918 10.2715 0.0319
10.3814 10.1918 10.2715 0.0320
10.3814 10.1918 10.2715 0.0320
10.3814 10.1918 10.2715 0.0320
10.3814 10.1918 10.2715 0.0320
10.3814 10.1918 10.2715 0.0320
10.3814 10.1918 10.2723 0.0311
10.3814 10.1918 10.2723 0.0311
10.3814 10.1918 10.2723 0.0311
10.3814 10.1918 10.2723 0.0311
10.3814 10.1918 10.2727 0.0312
10.3814 10.1918 10.2727 0.0312
10.3814 10.1918 10.2727 0.0312
10.3814 10.1918 10.2727 0.0312
10.3814 10.1918 10.2727 0.0312
10.3814 10.1918 10.2727 0.0312
10.3814 10.1918 10.2727 0.0312
10.3814 10.1918 10.2727 0.0312
10.3814 10.1918 10.2727 0.0312
10.3814 10.1918 10.2731 0.0312
10.3814 10.1918 10.2731 0.0312
10.3814 10.1918 10.2731 0.0312
10.3814 10.1918 10.2732 0.0312
10.3814 10.1918 10.2732 0.0312
10.3814 10.1918 10.2733 0.0313
10.3814 10.1918 10.2733 0.0313
10.3814 10.1918 10.2733 0.0313
10.3814 10.1918 10.2733 0.0313
10.3814 10.1918 10.2733 0.0313
10.3814 10.1918 10.2735 0.0311
10.3814 10.1918 10.2735 0.0311
10.3814 10.1918 10.2735 0.0311
10.3814 10.1918 10.2735 0.0311
10.3814 10.1918 10.2735 0.0311
10.3814 10.1918 10.2736 0.0311
10.3814 10.1918 10.2736 0.0311
10.3814 10.1918 10.2736 0.0311
10.3814 10.1918 10.2736 0.0311
10.3814 10.1918 10.2736 0.0311
10.3814 10.1918 10.2736 0.0311
10.3814 10.1918 10.2736 0.0311
10.3814 10.1918 10.2736 0.0311
10.3814 10.1918 10.2736 0.0311
10.3814 10.1918 10.2736 0.0312
10.3814 10.1918 10.2739 0.0313
10.3814 10.1918 10.2741 0.0313
10.3814 10.1918 10.2741 0.0313
10.3814 10.1918 10.2741 0.0313
10.3814 10.1918 10.2746 0.0314
10.3814 10.1918 10.2746 0.0314
10.3814 10.1918 10.2746 0.0314
10.3814 10.1918 10.2746 0.0314
10.3814 10.1918 10.2750 0.0315
10.3814 10.1918 10.2750 0.0315
10.3814 10.1918 10.2751 0.0315
10.3814 10.1918 10.2756 0.0325
10.3814 10.1918 10.2756 0.0325
10.3814 10.1918 10.2756 0.0325
10.3814 10.1918 10.2756 0.0325
10.3814 10.1918 10.2756 0.0325
10.3814 10.1918 10.2756 0.0325
10.3814 10.1918 10.2756 0.0325
10.3814 10.1918 10.2756 0.0325
10.3814 10.1918 10.2756 0.0325
10.3814 10.1918 10.2756 0.0325
10.3814 10.1918 10.2756 0.0325
10.3814 10.1918 10.2757 0.0325
10.3814 10.1918 10.2764 0.0340
10.3814 10.1918 10.2764 0.0340
10.3814 10.1918 10.2764 0.0340
10.3814 10.1918 10.2764 0.0340
10.3814 10.1918 10.2764 0.0340
10.3814 10.1918 10.2764 0.0340
10.3814 10.1918 10.2764 0.0340
10.3814 10.1918 10.2768 0.0337
10.3814 10.1918 10.2773 0.0329
10.3814 10.1918 10.2783 0.0345
10.3814 10.1918 10.2788 0.0344
10.3814 10.1918 10.2792 0.0341
10.3814 10.1918 10.2792 0.0341
10.3814 10.1918 10.2798 0.0338
10.3814 10.1918 10.2808 0.0327
10.3814 10.1918 10.2808 0.0327
10.3814 10.1918 10.2809 0.0328
10.3814 10.1918 10.2809 0.0328
10.3814 10.1918 10.2809 0.0328
10.3814 10.1918 10.2816 0.0338
10.3814 10.1918 10.2816 0.0338
10.3814 10.1918 10.2816 0.0338
10.3814 10.1918 10.2816 0.0338
10.3814 10.1918 10.2816 0.0338
10.3814 10.1918 10.2816 0.0338
10.3814 10.1918 10.2816 0.0338
10.3814 10.1918 10.2816 0.0338
10.3814 10.1918 10.2816 0.0338
10.3814 10.1918 10.2816 0.0338
10.3814 10.1918 10.2816 0.0338
10.3814 10.1918 10.2819 0.0338
10.3814 10.1918 10.2819 0.0338
10.3814 10.1918 10.2819 0.0338
10.3814 10.1918 10.2819 0.0338
10.3814 10.1918 10.2819 0.0338
10.3814 10.1918 10.2819 0.0338
10.3814 10.1918 10.2819 0.0338
10.3814 10.1918 10.2819 0.0338
10.3814 10.1918 10.2819 0.0338
10.3814 10.1918 10.2819 0.0338
10.3814 10.1918 10.2819 0.0338
10.3814 10.1918 10.2819 0.0338
10.3814 10.1918 10.2819 0.0338
10.3814 10.1918 10.2821 0.0337
10.3814 10.1918 10.2821 0.0337
10.3814 10.1918 10.2821 0.0337
10.3997 10.1918 10.2822 0.0343
10.3997 10.1918 10.2822 0.0343
10.3997 10.1918 10.2822 0.0343
10.3997 10.1918 10.2822 0.0343
10.3997 10.1918 10.2823 0.0343
10.3997 10.1918 10.2823 0.0343
10.3997 10.1918 10.2823 0.0343
10.3997 10.1918 10.2823 0.0343
10.3997 10.1918 10.2827 0.0338
10.3997 10.1918 10.2827 0.0338
10.3997 10.1918 10.2828 0.0337
10.3997 10.1918 10.2830 0.0339
10.3997 10.1918 10.2830 0.0339
10.3997 10.1918 10.2832 0.0340
10.3997 10.1918 10.2832 0.0340
10.3997 10.1918 10.2832 0.0340
10.4094 10.1918 10.2843 0.0365
10.4094 10.1918 10.2843 0.0365
10.4094 10.1918 10.2843 0.0365
10.4094 10.1918 10.2843 0.0365
10.4094 10.1918 10.2843 0.0365
10.4094 10.1918 10.2843 0.0365
10.4094 10.1918 10.2843 0.0365
10.4094 10.1918 10.2843 0.0365
10.4094 10.1918 10.2843 0.0365
10.4094 10.1918 10.2843 0.0365
10.4094 10.1918 10.2843 0.0365
10.4094 10.1918 10.2844 0.0365
10.4094 10.1918 10.2845 0.0365
10.4094 10.1918 10.2846 0.0365
10.4094 10.1918 10.2846 0.0365
10.4094 10.1918 10.2846 0.0365
10.4094 10.1918 10.2846 0.0365
10.4094 10.1918 10.2846 0.0365
10.4094 10.1918 10.2846 0.0365
10.4094 10.1918 10.2846 0.0365
10.4094 10.1918 10.2846 0.0365
10.4094 10.1918 10.2846 0.0365
10.4094 10.1918 10.2846 0.0365
10.4094 10.1918 10.2847 0.0366
10.4094 10.1918 10.2847 0.0366
10.4094 10.1918 10.2847 0.0366
10.4094 10.1918 10.2847 0.0366
10.4094 10.1918 10.2851 0.0365
10.4094 10.1918 10.2861 0.0371
10.4094 10.1918 10.2872 0.0384
10.4094 10.1918 10.2872 0.0383
10.4094 10.1918 10.2872 0.0383
10.4094 10.1918 10.2873 0.0383
10.4094 10.1918 10.2873 0.0383
10.4094 10.1918 10.2873 0.0383
10.4094 10.1918 10.2873 0.0383
10.4094 10.1918 10.2874 0.0382
10.4094 10.1918 10.2878 0.0382
10.4094 10.1918 10.2878 0.0382
10.4094 10.1918 10.2889 0.0393
10.4094 10.1918 10.2889 0.0393
10.4094 10.1918 10.2889 0.0393
10.4094 10.1918 10.2889 0.0393
10.4094 10.1918 10.2889 0.0393
10.4094 10.1918 10.2889 0.0393
10.4094 10.1918 10.2893 0.0390
10.4094 10.1918 10.2893 0.0390
10.4094 10.1918 10.2893 0.0390
10.4094 10.1918 10.2895 0.0388
10.4094 10.1918 10.2905 0.0399
10.4094 10.1918 10.2908 0.0398
10.4094 10.1918 10.2908 0.0398
10.4094 10.1918 10.2908 0.0398
10.4094 10.1918 10.2908 0.0398
10.4094 10.1918 10.2908 0.0398
10.4094 10.1918 10.2908 0.0398
10.4094 10.1918 10.2908 0.0398
10.4094 10.1918 10.2912 0.0394
10.4094 10.1918 10.2912 0.0394
10.4094 10.1918 10.2912 0.0394
10.4094 10.1918 10.2912 0.0394
10.4094 10.1918 10.2912 0.0394
10.4094 10.1918 10.2913 0.0393
