0.8133 0.0045 0.0930 0.1713
0.8133 0.0045 0.0940 0.1711
0.8133 0.0045 0.0971 0.1775
0.8133 0.0045 0.1055 0.1847
0.8133 0.0045 0.1087 0.1906
0.8133 0.0045 0.1116 0.1912
0.8133 0.0045 0.1174 0.1924
0.8133 0.0045 0.1174 0.1924
0.8133 0.0045 0.1203 0.1930
0.8133 0.0045 0.1203 0.1930
0.8133 0.0045 0.1243 0.1931
0.8133 0.0045 0.1243 0.1931
0.8133 0.0045 0.1243 0.1931
0.8133 0.0045 0.1244 0.1931
0.8133 0.0045 0.1348 0.2003
0.8133 0.0045 0.1348 0.2003
0.8133 0.0045 0.1399 0.2108
0.8133 0.0045 0.1457 0.2110
0.8133 0.0045 0.1523 0.2118
0.8133 0.0045 0.1581 0.2117
0.8133 0.0045 0.1610 0.2116
0.8133 0.0045 0.1610 0.2116
0.8133 0.0045 0.1643 0.2118
0.8133 0.0045 0.1700 0.2113
0.8133 0.0045 0.1718 0.2132
0.8133 0.0045 0.1778 0.2169
0.8133 0.0045 0.1808 0.2167
0.8133 0.0045 0.1861 0.2213
0.8133 0.0045 0.1919 0.2204
0.8133 0.0045 0.2046 0.2278
0.8133 0.0045 0.2110 0.2312
0.8133 0.0045 0.2177 0.2416
0.8133 0.0045 0.2209 0.2410
0.8133 0.0045 0.2257 0.2394
1.1809 0.0045 0.2346 0.2575
1.1809 0.0045 0.2394 0.2632
1.1809 0.0045 0.2428 0.2624
1.1809 0.0045 0.2461 0.2615
1.1809 0.0045 0.2515 0.2670
1.1809 0.0045 0.2518 0.2675
1.1809 0.0045 0.2578 0.2688
1.1809 0.0045 0.2608 0.2676
1.1809 0.0045 0.2667 0.2686
1.1809 0.0045 0.2679 0.2690
1.1809 0.0045 0.2692 0.2705
1.1809 0.0045 0.2752 0.2713
1.4744 0.0045 0.2839 0.2946
1.4744 0.0045 0.2839 0.2946
1.4744 0.0045 0.2962 0.2956
1.4744 0.0045 0.3113 0.3117
1.4744 0.0045 0.3172 0.3087
1.4744 0.0045 0.3207 0.3066
1.4744 0.0045 0.3274 0.3095
1.4744 0.0045 0.3446 0.3413
1.4744 0.0045 0.3491 0.3440
1.4744 0.0045 0.3520 0.3423
1.4744 0.0045 0.3531 0.3423
1.4744 0.0045 0.3613 0.3437
1.4744 0.0045 0.3646 0.3419
2.5059 0.0045 0.4047 0.4490
2.5059 0.0045 0.4076 0.4474
2.5059 0.0045 0.4201 0.4539
2.5059 0.0045 0.4207 0.4538
2.5059 0.0045 0.4235 0.4521
2.5059 0.0045 0.4235 0.4521
2.5059 0.0045 0.4275 0.4537
2.5059 0.0045 0.4305 0.4520
2.5059 0.0045 0.4309 0.4522
2.5059 0.0045 0.4310 0.4522
2.5059 0.0045 0.4527 0.4969
2.5059 0.0045 0.4564 0.4972
2.5059 0.0045 0.4585 0.4982
2.5059 0.0045 0.4648 0.4965
2.5059 0.0045 0.4710 0.4945
2.5059 0.0045 0.4741 0.4944
2.5059 0.0045 0.4795 0.4923
2.5059 0.0045 0.4795 0.4923
2.5059 0.0045 0.4820 0.4935
2.5059 0.0045 0.4884 0.4915
2.5059 0.0045 0.4932 0.4923
2.5059 0.0045 0.5035 0.4929
2.5059 0.0045 0.5109 0.4893
2.6233 0.0045 0.5307 0.5324
2.6233 0.0045 0.5371 0.5294
2.6233 0.0045 0.5399 0.5273
2.6233 0.0045 0.5477 0.5342
2.6233 0.0045 0.5508 0.5336
2.6233 0.0045 0.5537 0.5314
2.6233 0.0045 0.5597 0.5352
2.6233 0.0045 0.5626 0.5330
2.6233 0.0045 0.5626 0.5330
2.6233 0.0045 0.5638 0.5375
2.6233 0.0045 0.5638 0.5375
2.6233 0.0045 0.5678 0.5370
2.6233 0.0045 0.6020 0.5869
2.6233 0.0045 0.6085 0.5870
2.6233 0.0045 0.6142 0.5840
2.6233 0.0045 0.6222 0.5811
2.6233 0.0045 0.6398 0.6123
2.6233 0.0045 0.6443 0.6093
2.6233 0.0045 0.6554 0.6130
2.6233 0.0045 0.6559 0.6127
2.6233 0.0045 0.6589 0.6117
2.6233 0.0045 0.6625 0.6125
2.6233 0.0045 0.6851 0.6400
2.6233 0.0045 0.6905 0.6365
2.6233 0.0045 0.7023 0.6348
2.6233 0.0045 0.7046 0.6337
2.6233 0.0045 0.7076 0.6418
2.6233 0.0045 0.7105 0.6393
2.6233 0.0045 0.7244 0.6390
2.6233 0.0045 0.7298 0.6352
2.6233 0.0045 0.7310 0.6343
2.6233 0.0045 0.7401 0.6346
2.6233 0.0045 0.7496 0.6333
2.6233 0.0045 0.7515 0.6327
2.6233 0.0045 0.7732 0.6570
2.6233 0.0045 0.7732 0.6570
2.6233 0.0045 0.7769 0.6552
2.6233 0.0045 0.7777 0.6555
2.6233 0.0045 0.7810 0.6551
2.6233 0.0045 0.7905 0.6582
2.6233 0.0045 0.8132 0.6796
2.6233 0.0045 0.8190 0.6818
2.6350 0.0045 0.8385 0.7052
2.6350 0.0045 0.8524 0.7024
2.6350 0.0045 0.8663 0.7211
2.6350 0.0045 0.8663 0.7211
2.6350 0.0045 0.8723 0.7164
2.6350 0.0045 0.8745 0.7151
2.6350 0.0045 0.8788 0.7150
2.6350 0.0045 0.8812 0.7146
2.6350 0.0045 0.8872 0.7097
2.6350 0.0045 0.9084 0.7309
2.6350 0.0045 0.9084 0.7309
2.6350 0.0045 0.9090 0.7308
2.6350 0.0045 0.9090 0.7308
2.6350 0.0045 0.9113 0.7293
2.6350 0.0045 0.9113 0.7293
2.6350 0.0045 0.9143 0.7273
2.6350 0.0045 0.9143 0.7273
2.6350 0.0045 0.9253 0.7374
2.6350 0.0045 0.9310 0.7374
2.6350 0.0045 0.9363 0.7389
2.6350 0.0045 0.9455 0.7389
2.6350 0.0045 0.9633 0.7529
2.6350 0.0045 0.9665 0.7525
2.6350 0.0045 0.9690 0.7529
2.6350 0.0045 0.9710 0.7522
2.6350 0.0045 0.9732 0.7514
2.6350 0.0045 0.9779 0.7501
2.6350 0.0045 1.0006 0.7634
2.6350 0.0045 1.0105 0.7647
2.6350 0.0045 1.0172 0.7657
2.6350 0.0045 1.0252 0.7623
2.6350 0.0045 1.0252 0.7623
2.6350 0.0045 1.0311 0.7642
2.6350 0.0045 1.0433 0.7575
2.6350 0.0045 1.0542 0.7588
2.6350 0.0045 1.0574 0.7563
2.6350 0.0045 1.0604 0.7539
2.6350 0.0045 1.0604 0.7539
2.6350 0.0045 1.0729 0.7491
2.6350 0.0045 1.0794 0.7464
2.6350 0.0045 1.0816 0.7460
2.6350 0.0045 1.0847 0.7434
2.6350 0.0045 1.0958 0.7399
2.6350 0.0045 1.1035 0.7325
2.6350 0.0045 1.1035 0.7325
2.6350 0.0045 1.1035 0.7325
2.6350 0.0045 1.1097 0.7309
2.6350 0.0045 1.1124 0.7292
2.6350 0.0100 1.1153 0.7253
2.6488 0.0100 1.1340 0.7371
2.6488 0.0100 1.1423 0.7450
2.6488 0.0100 1.1599 0.7545
2.6488 0.0100 1.1611 0.7567
2.6488 0.0100 1.1612 0.7566
2.6488 0.0100 1.1669 0.7521
2.6488 0.0100 1.1822 0.7563
2.6488 0.0100 1.1853 0.7564
2.6488 0.0100 1.1853 0.7564
2.6488 0.0100 1.1929 0.7564
2.6502 0.0100 1.2036 0.7692
2.6502 0.0100 1.2110 0.7640
2.6502 0.0100 1.2260 0.7702
2.6502 0.0100 1.2441 0.7815
2.6502 0.0100 1.2547 0.7932
2.6502 0.0100 1.2672 0.7849
2.8095 0.0100 1.2702 0.7902
2.8095 0.0100 1.2926 0.8017
2.8095 0.0100 1.2996 0.8010
2.8095 0.0100 1.2996 0.8010
2.8095 0.0100 1.3011 0.8007
2.8095 0.0100 1.3056 0.7967
2.8095 0.0100 1.3091 0.7963
2.8095 0.0100 1.3145 0.7916
2.8095 0.0100 1.3221 0.7884
3.4713 0.0100 1.3334 0.8052
3.4713 0.0100 1.3334 0.8052
3.4713 0.0100 1.3460 0.7988
3.4713 0.0100 1.3464 0.7990
3.4713 0.0100 1.3505 0.7973
3.4713 0.0100 1.3559 0.8008
3.4713 0.0100 1.3559 0.8008
3.4713 0.0100 1.3568 0.8022
3.4713 0.0100 1.3734 0.8079
3.4713 0.0100 1.3734 0.8079
3.4713 0.0100 1.3756 0.8107
3.4713 0.0100 1.3913 0.8048
3.4713 0.0100 1.4024 0.8121
3.4713 0.0100 1.4042 0.8104
3.4713 0.0100 1.4139 0.8024
3.4713 0.0100 1.4266 0.7947
3.4713 0.0100 1.4266 0.7947
3.4713 0.0100 1.4426 0.8062
3.4713 0.0100 1.4515 0.8041
3.4713 0.0100 1.4541 0.8017
3.4713 0.0100 1.4707 0.8012
3.4713 0.0100 1.4753 0.7985
3.4713 0.0100 1.4753 0.7985
3.4713 0.2981 1.4898 0.7848
3.4713 0.2981 1.5031 0.7884
3.4713 0.2981 1.5032 0.7885
3.4713 0.2981 1.5283 0.7898
3.4713 0.2981 1.5363 0.7866
3.4713 0.2981 1.5363 0.7866
3.4713 0.2981 1.5363 0.7866
3.4713 0.2981 1.5550 0.7866
3.4713 0.2981 1.5683 0.7920
3.4713 0.2981 1.5805 0.7987
3.4713 0.2981 1.6010 0.8038
3.4713 0.2981 1.6102 0.7987
3.4713 0.2981 1.6307 0.7989
3.4713 0.2981 1.6371 0.8033
3.4713 0.2981 1.6386 0.8055
3.4713 0.2981 1.6386 0.8055
3.4713 0.2981 1.6386 0.8055
3.4713 0.2981 1.6425 0.8014
3.4713 0.2981 1.6521 0.8043
3.4713 0.2981 1.6537 0.8061
3.4713 0.2981 1.6584 0.8006
3.4713 0.2981 1.6596 0.8020
3.4713 0.2981 1.6599 0.8018
3.4713 0.2981 1.6649 0.7976
3.4713 0.2981 1.6649 0.7976
3.4713 0.2981 1.6654 0.7975
3.4713 0.2981 1.6780 0.8028
3.4713 0.2981 1.6960 0.8078
3.4713 0.2981 1.7036 0.8011
3.4713 0.2981 1.7125 0.7986
3.4713 0.2981 1.7348 0.7900
3.4713 0.2981 1.7452 0.7827
3.4713 0.2981 1.7452 0.7827
3.4713 0.2981 1.7595 0.7855
3.4713 0.2981 1.7595 0.7855
3.4713 0.2981 1.7847 0.7785
3.4713 0.2981 1.7847 0.7785
3.4713 0.2981 1.7847 0.7785
3.4713 0.2981 1.7956 0.7817
3.4713 0.2981 1.8049 0.7860
3.4713 0.2981 1.8160 0.7876
3.4713 0.2981 1.8160 0.7876
3.4713 0.2981 1.8442 0.7876
3.4713 0.2981 1.8476 0.7849
3.4713 0.2981 1.8476 0.7849
3.4713 0.2981 1.8566 0.7869
3.4713 0.2981 1.8772 0.7772
3.4713 0.2981 1.8873 0.7783
3.4713 0.2981 1.9000 0.7776
3.4713 0.2981 1.9000 0.7776
3.4713 0.2981 1.9009 0.7783
3.4713 0.2981 1.9060 0.7736
3.4713 0.2981 1.9211 0.7704
3.4713 0.2981 1.9309 0.7721
3.4713 0.2981 1.9450 0.7752
3.4713 0.2981 1.9498 0.7779
3.4713 0.2981 1.9498 0.7779
3.4713 0.2981 1.9498 0.7779
3.4713 0.2981 1.9660 0.7707
3.4713 0.2981 1.9679 0.7695
3.4713 0.2981 1.9679 0.7695
3.4713 0.2981 1.9679 0.7695
3.4713 0.2981 1.9679 0.7695
3.4713 0.2981 1.9679 0.7695
3.4713 0.2981 1.9679 0.7695
3.4713 0.2981 1.9727 0.7638
3.4713 0.2981 1.9736 0.7648
3.4713 0.2981 1.9740 0.7638
3.4713 0.2981 1.9806 0.7571
3.4713 0.2981 1.9901 0.7492
3.4713 0.2981 1.9901 0.7492
3.4713 0.2981 2.0008 0.7512
3.4713 0.2981 2.0031 0.7528
3.4713 0.2981 2.0031 0.7528
3.4713 0.2981 2.0098 0.7429
3.4713 0.2981 2.0098 0.7429
3.4713 0.2981 2.0098 0.7429
3.4713 0.2981 2.0207 0.7430
3.4713 0.2981 2.0418 0.7302
3.4713 0.2981 2.0432 0.7315
3.4713 0.2981 2.0493 0.7253
3.4713 0.2981 2.0493 0.7253
3.4713 0.2981 2.0626 0.7235
3.4713 0.2981 2.0626 0.7235
3.4713 0.2981 2.0652 0.7222
3.4713 0.2981 2.0681 0.7165
3.4713 0.2981 2.0689 0.7170
3.4713 0.2981 2.0743 0.7113
3.4713 0.2981 2.0906 0.7051
3.4713 0.2981 2.0915 0.7060
3.4713 0.2981 2.0915 0.7060
3.4713 0.2981 2.0925 0.7059
3.4713 0.2981 2.0983 0.7044
3.4713 0.2981 2.1084 0.7010
3.4713 0.2981 2.1115 0.6985
3.4713 0.2981 2.1115 0.6985
3.4713 0.2981 2.1240 0.6938
3.4713 0.2981 2.1247 0.6942
3.4713 0.2981 2.1256 0.6947
3.4713 0.2981 2.1261 0.6950
3.4713 0.2981 2.1261 0.6950
3.4713 0.2981 2.1294 0.6926
3.4713 0.2981 2.1434 0.6920
3.4713 0.2981 2.1434 0.6920
3.4713 0.2981 2.1465 0.6893
3.4713 0.2981 2.1465 0.6893
3.4713 0.2981 2.1465 0.6893
3.4713 0.3020 2.1606 0.6654
3.4713 0.3020 2.1630 0.6674
3.4713 0.3020 2.1635 0.6669
3.4713 0.3020 2.1717 0.6678
3.4713 0.3020 2.1717 0.6678
3.4713 0.3020 2.1717 0.6678
3.4713 0.3020 2.1735 0.6689
3.4713 0.3020 2.1776 0.6721
3.4713 0.3020 2.1918 0.6639
3.4713 0.3020 2.1918 0.6639
3.4713 0.3020 2.1929 0.6645
3.4713 0.3020 2.1929 0.6645
3.4713 0.3020 2.2033 0.6630
3.4713 0.3020 2.2139 0.6612
3.4713 0.3020 2.2162 0.6602
3.4713 0.3020 2.2184 0.6573
3.4713 0.3020 2.2251 0.6546
3.4713 0.3020 2.2251 0.6546
3.5053 0.3020 2.2339 0.6658
3.5053 0.3020 2.2339 0.6658
3.5053 0.3020 2.2423 0.6764
3.5053 0.3020 2.2500 0.6784
3.5053 0.3020 2.2500 0.6784
3.5053 0.3020 2.2564 0.6678
3.5053 0.3020 2.2574 0.6681
3.5053 0.3020 2.2574 0.6681
3.5053 0.3020 2.2592 0.6693
3.5053 0.3020 2.2592 0.6693
3.5053 0.3020 2.2616 0.6677
3.5053 0.3020 2.2624 0.6671
3.5053 0.3020 2.2631 0.6675
3.5053 0.3020 2.2631 0.6675
3.5053 0.3020 2.2632 0.6676
3.5053 0.3020 2.2632 0.6676
3.5053 0.3020 2.2674 0.6702
3.5053 0.3020 2.2786 0.6658
3.5053 0.3020 2.2968 0.6502
3.5053 0.3020 2.2974 0.6501
3.5053 0.3020 2.3005 0.6468
3.5053 0.3020 2.3135 0.6383
3.5053 0.3020 2.3289 0.6234
3.5053 0.3020 2.3289 0.6234
3.5053 0.3020 2.3309 0.6242
3.5053 0.3020 2.3453 0.6140
3.5053 0.3020 2.3684 0.5809
3.5053 0.3020 2.3842 0.5711
3.5053 0.3020 2.3939 0.5817
3.5053 0.3020 2.3939 0.5817
3.5053 0.3020 2.3963 0.5829
3.5053 0.3020 2.4142 0.5600
3.5053 0.3020 2.4159 0.5604
3.5053 0.3020 2.4159 0.5604
3.5053 0.3020 2.4159 0.5604
3.5053 0.3020 2.4192 0.5618
3.5053 0.3020 2.4313 0.5570
3.5053 0.3020 2.4313 0.5570
3.5053 0.3020 2.4313 0.5570
3.5053 0.3020 2.4400 0.5538
3.5053 0.3020 2.4541 0.5520
3.5053 0.3020 2.4549 0.5520
3.5053 0.3020 2.4619 0.5586
3.5053 0.3020 2.4624 0.5589
3.5053 0.3020 2.4624 0.5589
3.5053 0.3020 2.4668 0.5587
3.5053 0.3020 2.4684 0.5590
3.5053 0.3020 2.4690 0.5591
3.5053 0.3020 2.4699 0.5593
3.5053 0.3020 2.4699 0.5593
3.5053 0.3020 2.4701 0.5593
3.5053 0.3020 2.4702 0.5594
3.5053 0.3020 2.4702 0.5594
3.5053 0.3020 2.4702 0.5594
3.5053 0.3020 2.4702 0.5594
3.5053 0.3020 2.4751 0.5632
3.5053 0.3020 2.4849 0.5561
3.5053 0.3020 2.4849 0.5561
3.5053 0.3020 2.4850 0.5561
3.5053 0.3020 2.4850 0.5561
3.5053 0.3020 2.4850 0.5561
3.5220 0.3020 2.4882 0.5580
3.5220 0.3020 2.4882 0.5580
3.5220 0.3020 2.4974 0.5622
3.5220 0.3020 2.4974 0.5622
3.5220 0.3020 2.5028 0.5626
3.5220 0.3020 2.5052 0.5637
3.5220 0.3020 2.5052 0.5637
3.5220 0.3020 2.5191 0.5619
3.5220 0.3020 2.5193 0.5619
3.5220 0.3020 2.5234 0.5601
3.5220 0.7691 2.5615 0.5296
3.5220 0.7691 2.5665 0.5329
3.5220 0.7691 2.5787 0.5199
3.5220 0.7691 2.5802 0.5199
3.5220 0.7691 2.5809 0.5202
3.5220 0.7691 2.5965 0.4973
3.5220 0.7691 2.5965 0.4973
3.5220 0.7691 2.5967 0.4973
3.5220 0.7691 2.5967 0.4973
3.5220 0.7691 2.5967 0.4973
3.5220 0.7691 2.5993 0.4968
3.5220 0.7691 2.6021 0.4992
3.5220 0.7691 2.6021 0.4992
3.5220 0.7691 2.6021 0.4992
3.5220 0.7691 2.6021 0.4992
3.5220 0.7691 2.6027 0.4976
3.5220 0.7691 2.6027 0.4976
3.5220 0.7691 2.6029 0.4976
3.5220 0.7691 2.6092 0.4932
3.5220 0.7691 2.6102 0.4932
3.5220 0.7691 2.6102 0.4932
3.5220 0.7691 2.6146 0.4916
3.5220 0.7691 2.6146 0.4916
3.5220 0.7691 2.6289 0.4716
3.5220 0.7691 2.6291 0.4716
3.5220 0.7691 2.6312 0.4722
3.5220 0.7691 2.6312 0.4722
3.5220 0.7691 2.6312 0.4722
3.5220 0.7691 2.6312 0.4722
3.5220 0.7691 2.6345 0.4723
3.5220 0.7691 2.6574 0.4589
3.5220 0.7691 2.6599 0.4595
3.5220 0.7691 2.6687 0.4671
3.5220 0.7691 2.6759 0.4588
3.5220 0.7691 2.6759 0.4588
3.5220 0.7691 2.6847 0.4661
3.5220 0.7691 2.6896 0.4685
3.5220 0.7691 2.6906 0.4684
3.5220 0.7691 2.6906 0.4684
3.5220 0.7691 2.6971 0.4683
3.5220 0.7691 2.7060 0.4754
3.5220 0.7691 2.7093 0.4750
3.5220 0.7691 2.7093 0.4750
3.5220 0.7691 2.7093 0.4750
3.5220 0.7691 2.7157 0.4813
3.5220 0.7691 2.7157 0.4813
3.5220 0.7691 2.7157 0.4813
3.5220 0.7691 2.7228 0.4878
3.5220 0.7691 2.7256 0.4875
3.8474 0.7691 2.7291 0.4943
3.8474 0.7691 2.7291 0.4943
3.8474 0.7691 2.7369 0.4862
3.8474 0.7691 2.7369 0.4862
3.8474 0.7691 2.7369 0.4862
3.8474 0.7691 2.7385 0.4869
3.8474 0.7691 2.7419 0.4870
3.8474 0.7691 2.7419 0.4870
3.8474 0.7691 2.7455 0.4915
3.8474 0.7691 2.7577 0.5034
3.8474 0.7691 2.7589 0.5037
3.8474 0.7691 2.7612 0.5020
3.8474 0.7691 2.7612 0.5020
3.8474 0.7691 2.7636 0.5017
3.8474 0.7691 2.7647 0.5015
3.8474 0.7691 2.7674 0.5011
3.8474 0.7691 2.7693 0.5008
3.8474 0.7691 2.7693 0.5008
3.8474 0.7691 2.7808 0.4782
3.8474 0.7691 2.7808 0.4782
3.8474 0.7691 2.7811 0.4781
3.8474 0.7691 2.7811 0.4781
3.8474 0.7691 2.7811 0.4781
3.8474 0.7691 2.7851 0.4807
3.8474 0.7691 2.7851 0.4807
3.8474 0.7691 2.7851 0.4807
3.8474 0.7691 2.7870 0.4808
3.8474 0.7691 2.7870 0.4808
3.8474 0.7691 2.7896 0.4807
3.8474 0.7691 2.7896 0.4807
3.8474 1.4225 2.8081 0.4361
3.8474 1.4225 2.8081 0.4361
3.8474 1.4225 2.8093 0.4354
3.8474 1.4225 2.8093 0.4354
3.8474 1.4225 2.8177 0.4407
3.8474 1.4451 2.8184 0.4387
3.8474 1.4451 2.8238 0.4429
3.8474 1.4451 2.8265 0.4425
3.8474 1.4451 2.8275 0.4422
3.8474 1.4451 2.8283 0.4422
3.8474 1.4451 2.8297 0.4419
3.8474 1.4451 2.8438 0.4208
3.8474 1.4451 2.8558 0.4320
3.8474 1.4451 2.8582 0.4316
3.8474 1.4451 2.8582 0.4316
3.8474 1.4451 2.8598 0.4317
3.8474 1.4451 2.8624 0.4313
3.8474 1.4451 2.8624 0.4313
3.8474 1.4451 2.8794 0.4109
3.8474 1.4451 2.8799 0.4110
3.8474 1.4451 2.8868 0.4054
3.8474 1.4451 2.8871 0.4053
3.8474 1.4451 2.8871 0.4053
3.8474 1.4451 2.8871 0.4053
3.8474 1.4451 2.8897 0.4046
3.8474 1.4516 2.9050 0.3777
3.8474 1.4516 2.9139 0.3813
3.8474 1.4516 2.9166 0.3802
3.8474 1.4516 2.9201 0.3808
3.8474 1.4516 2.9201 0.3808
3.8474 1.4516 2.9201 0.3808
3.8474 1.4516 2.9201 0.3808
3.8474 1.4516 2.9209 0.3806
3.8474 1.4516 2.9279 0.3848
3.8474 1.4516 2.9301 0.3840
3.8474 1.4516 2.9301 0.3840
3.8474 1.4516 2.9301 0.3840
3.8474 1.4516 2.9319 0.3846
3.8474 1.4516 2.9328 0.3840
3.8474 1.4516 2.9405 0.3859
3.8474 1.4516 2.9405 0.3859
3.8474 1.4516 2.9428 0.3858
3.8474 1.4516 2.9428 0.3858
3.8474 1.4516 2.9428 0.3858
3.8474 1.4516 2.9428 0.3858
3.8474 1.4516 2.9460 0.3839
3.8474 1.4516 2.9460 0.3839
3.8474 1.4516 2.9466 0.3836
3.8474 1.4516 2.9466 0.3836
3.8474 1.4516 2.9512 0.3835
3.8474 1.4516 2.9557 0.3816
3.8474 1.4516 2.9557 0.3816
3.8474 1.4516 2.9619 0.3845
3.8474 1.4516 2.9654 0.3846
3.8474 1.4516 2.9654 0.3846
3.8474 1.4516 2.9654 0.3846
3.8474 1.4516 2.9654 0.3846
3.8474 1.4516 2.9702 0.3838
3.8474 1.4516 2.9760 0.3811
3.8474 1.4516 2.9760 0.3811
3.8474 1.4516 2.9789 0.3839
3.8474 1.4516 2.9849 0.3873
3.8474 1.4516 2.9851 0.3875
3.8474 1.4516 2.9871 0.3903
3.8474 1.4516 2.9871 0.3903
3.8474 1.4516 2.9871 0.3903
3.8474 1.4516 2.9871 0.3903
3.8474 1.4516 2.9971 0.3907
3.8474 1.4516 2.9971 0.3907
3.8474 1.4516 2.9971 0.3907
3.8474 1.4516 2.9971 0.3907
3.8474 1.4516 2.9971 0.3907
3.8474 1.4516 3.0039 0.4022
3.8474 1.4516 3.0039 0.4022
3.8474 1.4516 3.0039 0.4022
3.8474 1.4516 3.0039 0.4022
3.8474 1.4516 3.0071 0.4000
3.8474 1.4516 3.0149 0.3953
3.8474 1.4516 3.0149 0.3953
3.8474 1.4516 3.0149 0.3953
3.8474 1.4516 3.0149 0.3953
3.8474 1.4516 3.0149 0.3953
3.8474 1.4516 3.0149 0.3953
3.8474 1.4516 3.0187 0.3938
3.8474 1.4516 3.0187 0.3938
3.8474 1.4516 3.0187 0.3938
3.8474 1.4516 3.0187 0.3938
3.8474 1.4516 3.0225 0.3936
3.8474 1.4516 3.0225 0.3936
3.8474 1.4516 3.0261 0.3965
3.8474 1.4516 3.0284 0.3949
3.8474 1.4516 3.0339 0.4024
3.8474 1.4516 3.0339 0.4024
3.8474 2.2056 3.0471 0.3808
3.8474 2.2056 3.0557 0.3890
3.8474 2.4169 3.0583 0.3841
3.8474 2.4169 3.0583 0.3841
3.8474 2.4169 3.0598 0.3848
3.8474 2.4169 3.0641 0.3822
3.8474 2.4169 3.0705 0.3792
3.8474 2.4169 3.0705 0.3792
3.8474 2.4169 3.0801 0.3866
3.8474 2.4169 3.0801 0.3866
3.8474 2.4169 3.0801 0.3866
3.8474 2.4169 3.0864 0.3886
3.8474 2.4169 3.0864 0.3886
3.8474 2.4169 3.0864 0.3886
3.8474 2.4169 3.0864 0.3886
3.8474 2.4169 3.0864 0.3886
3.8474 2.4169 3.0864 0.3886
3.8474 2.4169 3.0960 0.3874
3.8474 2.4169 3.1052 0.3861
3.8474 2.4169 3.1110 0.3872
3.8489 2.4169 3.1145 0.3922
3.8489 2.4169 3.1213 0.3896
3.8489 2.4169 3.1224 0.3903
3.8489 2.4169 3.1224 0.3903
3.8489 2.4169 3.1224 0.3903
3.8489 2.4169 3.1270 0.3903
3.8489 2.4169 3.1297 0.3866
3.8489 2.4169 3.1297 0.3866
3.8489 2.4169 3.1321 0.3843
3.8489 2.4169 3.1321 0.3843
3.8489 2.4169 3.1356 0.3830
3.8489 2.4169 3.1356 0.3830
3.8489 2.4169 3.1356 0.3830
3.8489 2.4169 3.1356 0.3830
3.8489 2.4169 3.1377 0.3839
3.8489 2.4169 3.1450 0.3863
3.8489 2.4169 3.1490 0.3823
3.8489 2.4169 3.1490 0.3823
3.8489 2.4169 3.1490 0.3823
3.8489 2.4169 3.1492 0.3824
3.8489 2.4169 3.1492 0.3824
3.8489 2.4169 3.1527 0.3840
3.8489 2.4169 3.1535 0.3847
3.8489 2.4169 3.1535 0.3847
3.8489 2.4169 3.1535 0.3847
3.8489 2.4169 3.1535 0.3847
3.8489 2.4169 3.1535 0.3847
3.8489 2.4169 3.1575 0.3867
3.8489 2.4169 3.1636 0.3859
3.8489 2.4169 3.1636 0.3859
3.8489 2.4169 3.1636 0.3859
3.8489 2.4169 3.1636 0.3859
3.8489 2.4169 3.1712 0.3846
3.8489 2.4169 3.1778 0.3846
3.8489 2.4169 3.1832 0.3853
3.8489 2.4169 3.1832 0.3853
3.8489 2.4169 3.1846 0.3862
4.1073 2.4169 3.1893 0.3945
4.1073 2.4169 3.1979 0.3921
4.1073 2.4169 3.2021 0.3884
4.1073 2.4790 3.2128 0.3814
4.1073 2.4790 3.2128 0.3814
4.1073 2.4790 3.2159 0.3817
4.1073 2.4790 3.2186 0.3786
4.1073 2.4790 3.2239 0.3800
4.1073 2.4790 3.2259 0.3809
4.1073 2.4790 3.2288 0.3845
4.1073 2.4790 3.2288 0.3845
4.1073 2.4790 3.2288 0.3845
4.1073 2.4790 3.2288 0.3845
4.1073 2.4790 3.2351 0.3936
4.1073 2.4790 3.2351 0.3936
4.1073 2.4790 3.2351 0.3936
4.1073 2.4790 3.2351 0.3936
4.1073 2.4790 3.2351 0.3936
4.1073 2.4790 3.2421 0.3921
4.1073 2.4790 3.2421 0.3921
4.1073 2.4790 3.2421 0.3921
4.1073 2.4790 3.2421 0.3921
4.1073 2.4790 3.2421 0.3921
4.1073 2.4790 3.2456 0.3929
4.1073 2.4790 3.2487 0.3935
4.1073 2.4790 3.2593 0.3907
4.1073 2.4790 3.2593 0.3907
4.1073 2.4790 3.2609 0.3892
4.1073 2.4830 3.2713 0.3820
4.1073 2.4830 3.2718 0.3821
4.1073 2.4830 3.2724 0.3823
4.1073 2.4830 3.2815 0.3850
4.1073 2.4830 3.2869 0.3843
4.1073 2.4830 3.2879 0.3850
4.1073 2.4830 3.2879 0.3850
4.1073 2.4830 3.2881 0.3851
4.1073 2.4830 3.2881 0.3851
4.1073 2.4830 3.2881 0.3851
4.1073 2.4830 3.2881 0.3851
4.1073 2.4830 3.2881 0.3851
4.1073 2.4830 3.3000 0.3838
4.1073 2.4830 3.3132 0.3789
4.1073 2.4830 3.3212 0.3751
4.1073 2.4830 3.3212 0.3751
4.1073 2.4830 3.3314 0.3771
4.1073 2.4830 3.3348 0.3802
4.1073 2.4830 3.3383 0.3833
4.1073 2.4830 3.3391 0.3822
4.1073 2.5570 3.3398 0.3806
4.1073 2.5570 3.3398 0.3806
4.1073 2.5570 3.3398 0.3806
4.1073 2.5570 3.3407 0.3811
4.1073 2.5570 3.3407 0.3811
4.1073 2.5570 3.3464 0.3786
4.1073 2.5570 3.3483 0.3799
4.1073 2.5570 3.3586 0.3863
4.1073 2.5570 3.3655 0.3826
4.1073 2.6449 3.3752 0.3742
4.1073 2.6449 3.3753 0.3742
4.1073 2.6449 3.3866 0.3791
4.1073 2.6449 3.3961 0.3786
4.1073 2.6449 3.4041 0.3726
4.1073 2.6449 3.4121 0.3735
4.1073 2.6449 3.4155 0.3759
4.1073 2.6449 3.4155 0.3759
4.1073 2.6449 3.4192 0.3752
4.1073 2.6449 3.4300 0.3792
4.1073 2.6449 3.4308 0.3792
4.1073 2.6449 3.4308 0.3792
4.1073 2.6449 3.4308 0.3792
4.1073 2.6449 3.4364 0.3764
4.1073 2.6449 3.4365 0.3764
4.1073 2.6449 3.4365 0.3764
4.1073 2.6532 3.4511 0.3738
4.1073 2.6532 3.4511 0.3738
4.1073 2.6532 3.4514 0.3738
4.1073 2.6532 3.4558 0.3758
4.1073 2.6532 3.4616 0.3813
4.1073 2.6532 3.4712 0.3789
4.1073 2.6532 3.4712 0.3789
4.1073 2.6532 3.4782 0.3796
4.1073 2.6532 3.4782 0.3796
4.1073 2.6532 3.4859 0.3748
4.1073 2.6532 3.4888 0.3710
4.1073 2.6532 3.4923 0.3727
4.1073 2.6532 3.4927 0.3728
4.1073 2.6532 3.4965 0.3744
4.1073 2.6532 3.5035 0.3719
4.1073 2.6532 3.5036 0.3719
4.1073 2.6532 3.5040 0.3719
4.1073 2.6532 3.5065 0.3727
4.1073 2.6532 3.5102 0.3710
4.1073 2.6532 3.5127 0.3726
4.1073 2.6532 3.5127 0.3726
4.1073 2.6532 3.5196 0.3659
4.1073 2.6532 3.5230 0.3675
4.1073 2.6532 3.5294 0.3620
4.1073 2.6532 3.5296 0.3620
4.1073 2.6532 3.5327 0.3578
4.1073 2.6532 3.5327 0.3578
4.1073 2.6532 3.5328 0.3579
4.1073 2.6532 3.5328 0.3579
4.1073 2.6532 3.5328 0.3579
4.1073 2.6532 3.5330 0.3579
4.1073 2.6532 3.5330 0.3579
4.1073 2.6532 3.5434 0.3518
4.1073 2.6532 3.5467 0.3531
4.1073 2.6532 3.5467 0.3531
4.1073 2.6532 3.5612 0.3542
4.1073 2.6532 3.5716 0.3472
4.1073 2.6532 3.5716 0.3472
4.1073 2.6532 3.5716 0.3472
4.1073 2.6532 3.5811 0.3416
4.1073 2.6532 3.5811 0.3416
4.1073 2.6532 3.5917 0.3413
4.1073 2.6532 3.5917 0.3413
4.1073 2.6532 3.5917 0.3413
4.1073 2.6532 3.5919 0.3410
4.1073 2.6532 3.5984 0.3374
4.1073 2.6532 3.6032 0.3394
4.1073 2.6532 3.6043 0.3400
4.1073 2.6532 3.6043 0.3400
4.1073 2.6532 3.6043 0.3400
4.1073 2.6532 3.6043 0.3400
4.1073 2.6532 3.6043 0.3400
4.1073 2.6532 3.6068 0.3410
4.1073 2.6532 3.6068 0.3410
4.1073 2.6532 3.6098 0.3387
4.1073 2.6532 3.6154 0.3381
4.1073 2.6532 3.6158 0.3380
4.1073 2.6532 3.6158 0.3380
4.1073 2.6532 3.6158 0.3380
4.1714 2.6532 3.6191 0.3418
4.1714 2.6532 3.6191 0.3418
4.1714 2.6532 3.6280 0.3278
4.1714 2.6532 3.6334 0.3213
4.1714 2.6532 3.6375 0.3245
4.1714 2.6532 3.6375 0.3246
4.1714 2.6532 3.6375 0.3246
4.1714 2.6532 3.6468 0.3174
4.1714 2.6532 3.6502 0.3177
4.1714 2.6532 3.6502 0.3177
4.1714 2.6532 3.6502 0.3177
4.1714 2.6532 3.6545 0.3114
4.1714 2.6532 3.6580 0.3116
4.1714 2.6532 3.6598 0.3113
4.1714 2.6532 3.6600 0.3114
4.1714 2.6532 3.6658 0.3034
4.1714 2.6532 3.6690 0.3036
4.1714 2.6532 3.6692 0.3035
4.1714 2.6532 3.6693 0.3035
4.1714 2.6532 3.6726 0.3038
4.1714 2.6532 3.6814 0.3035
4.1714 2.6532 3.6814 0.3035
4.1714 2.6532 3.6827 0.3045
4.1714 2.6532 3.6849 0.3038
4.1714 2.6532 3.6875 0.3062
4.1714 2.6532 3.6898 0.3067
4.1714 2.6532 3.6898 0.3067
4.1714 2.6532 3.6930 0.3066
4.1714 2.6532 3.6930 0.3066
4.1714 2.6532 3.6995 0.3098
4.1714 2.6532 3.7028 0.3097
4.1714 2.6532 3.7028 0.3097
4.1714 2.6532 3.7028 0.3097
4.1714 2.6532 3.7094 0.3056
4.1714 2.6532 3.7094 0.3056
4.1714 2.6532 3.7157 0.2950
4.1714 2.6532 3.7183 0.2972
4.1714 2.6532 3.7183 0.2972
4.1714 2.6532 3.7184 0.2972
4.1714 2.6532 3.7185 0.2972
4.1714 2.6532 3.7218 0.2969
4.1714 2.6532 3.7228 0.2960
4.2942 2.8924 3.7392 0.2814
4.2942 2.8924 3.7392 0.2814
4.2942 2.8924 3.7396 0.2811
4.2942 2.8924 3.7428 0.2841
4.2942 2.8924 3.7453 0.2863
4.2942 2.8924 3.7495 0.2884
4.2942 2.8924 3.7495 0.2884
4.2942 2.8924 3.7528 0.2913
4.2942 2.8924 3.7541 0.2921
4.2942 2.8924 3.7627 0.2950
4.2942 2.8924 3.7627 0.2950
4.2942 2.8924 3.7673 0.2948
4.2942 2.8924 3.7687 0.2955
4.2942 2.8924 3.7724 0.2974
4.2942 2.8924 3.7787 0.2990
4.2942 2.8924 3.7820 0.3015
4.2942 2.8924 3.7820 0.3015
4.2942 2.8924 3.7874 0.2915
4.2942 2.8924 3.7874 0.2915
4.2942 2.8924 3.7874 0.2915
4.2942 2.8924 3.7874 0.2915
4.2942 2.8924 3.7874 0.2915
4.2942 2.8924 3.7906 0.2904
4.2942 2.8924 3.7906 0.2904
4.2942 2.8924 3.7934 0.2881
4.2942 2.8924 3.7960 0.2897
4.2942 2.8924 3.7964 0.2892
4.2942 2.8924 3.8030 0.2900
4.2942 2.8924 3.8030 0.2900
4.2942 2.8924 3.8031 0.2900
4.2942 2.8924 3.8032 0.2900
4.2942 2.8924 3.8065 0.2924
4.2942 2.8924 3.8072 0.2931
4.2942 2.8924 3.8072 0.2931
4.2942 2.8924 3.8072 0.2931
4.2942 2.8924 3.8072 0.2931
4.2942 2.8924 3.8078 0.2938
4.2942 2.8924 3.8078 0.2938
4.2942 2.8924 3.8112 0.2922
4.2942 2.8924 3.8127 0.2913
4.2942 2.8924 3.8128 0.2913
4.2942 2.8924 3.8128 0.2913
4.2942 2.8924 3.8144 0.2911
4.2942 2.8924 3.8144 0.2911
4.2942 2.8924 3.8158 0.2916
4.2942 2.8924 3.8170 0.2925
4.2942 2.8924 3.8171 0.2926
4.2942 2.8924 3.8171 0.2926
4.2942 2.8924 3.8206 0.2909
4.2942 2.8924 3.8206 0.2909
4.2942 2.8924 3.8206 0.2909
4.2942 2.8924 3.8206 0.2909
4.2942 2.8924 3.8206 0.2909
4.2942 2.8924 3.8239 0.2930
4.2942 2.8924 3.8286 0.2937
4.2942 2.8924 3.8286 0.2937
4.2942 2.8924 3.8388 0.2878
4.2942 2.8924 3.8388 0.2878
4.2942 2.8924 3.8388 0.2878
4.2942 2.8924 3.8388 0.2878
4.2942 2.8924 3.8393 0.2884
4.2942 2.8924 3.8393 0.2884
4.2942 2.8924 3.8451 0.2878
4.2942 2.8924 3.8477 0.2890
4.2942 2.8924 3.8477 0.2890
4.2942 2.8924 3.8478 0.2890
4.2942 2.8924 3.8478 0.2890
4.2942 2.8924 3.8545 0.2890
4.2942 2.8924 3.8547 0.2887
4.2942 2.8924 3.8572 0.2898
4.2942 2.8924 3.8572 0.2898
4.2942 2.8924 3.8573 0.2898
4.2942 2.8924 3.8587 0.2901
4.2942 2.8924 3.8587 0.2901
4.2942 2.8924 3.8587 0.2901
4.2942 2.8924 3.8587 0.2901
4.2942 2.8924 3.8618 0.2918
4.2942 2.8924 3.8620 0.2919
4.2942 2.8924 3.8666 0.2902
4.2942 2.8924 3.8666 0.2902
4.2942 2.8924 3.8678 0.2909
4.2942 2.8924 3.8804 0.2763
4.2942 2.8924 3.8812 0.2770
4.2942 2.8924 3.8812 0.2770
4.2942 2.8924 3.8812 0.2770
4.2942 2.8924 3.8812 0.2770
4.2942 2.8924 3.8812 0.2770
4.2942 2.8924 3.8812 0.2770
4.2942 2.8924 3.8818 0.2776
4.2942 2.8924 3.8818 0.2776
4.2942 2.8924 3.8928 0.2594
4.2942 2.8924 3.8954 0.2602
4.2942 2.8924 3.8960 0.2608
4.2942 2.8924 3.8960 0.2608
4.2942 2.8924 3.8960 0.2608
4.2942 2.8924 3.9016 0.2593
4.2942 2.8924 3.9047 0.2600
4.2942 2.8924 3.9047 0.2600
4.2942 2.8924 3.9079 0.2612
4.2942 2.8924 3.9139 0.2588
4.2942 2.8924 3.9139 0.2588
4.2942 2.8924 3.9158 0.2609
4.2942 2.8924 3.9160 0.2605
4.2942 2.8924 3.9160 0.2605
4.2942 2.8924 3.9219 0.2582
4.2942 2.8924 3.9251 0.2592
4.2942 2.8924 3.9277 0.2598
4.2942 2.8924 3.9345 0.2571
4.2942 2.8924 3.9345 0.2571
4.2942 2.8924 3.9345 0.2571
4.2942 2.8924 3.9358 0.2571
4.2942 2.8924 3.9418 0.2540
4.2942 2.8924 3.9418 0.2540
4.2942 2.8924 3.9418 0.2540
4.2942 2.8924 3.9419 0.2540
4.2942 2.8924 3.9437 0.2559
4.2942 2.8924 3.9438 0.2559
4.2942 2.8924 3.9438 0.2559
4.2942 2.8924 3.9438 0.2559
4.2942 2.8924 3.9438 0.2559
4.2942 2.8924 3.9450 0.2564
4.2942 2.8924 3.9473 0.2566
4.2942 2.8924 3.9532 0.2534
4.2942 2.8924 3.9532 0.2534
4.2942 2.8924 3.9532 0.2534
4.2942 2.8924 3.9588 0.2506
4.2942 2.8924 3.9619 0.2528
4.2942 2.8924 3.9631 0.2532
4.2942 2.8924 3.9644 0.2537
4.2942 2.8924 3.9644 0.2537
4.2942 2.8924 3.9650 0.2541
4.2942 2.8924 3.9676 0.2542
4.2942 2.8924 3.9694 0.2559
4.2942 2.8924 3.9701 0.2563
4.2942 2.8924 3.9701 0.2563
4.2942 2.8924 3.9701 0.2563
4.2942 2.8924 3.9701 0.2563
4.2942 2.8924 3.9701 0.2563
4.2942 2.8924 3.9701 0.2563
4.2942 2.8924 3.9726 0.2564
4.2942 2.8924 3.9726 0.2564
4.2942 2.8924 3.9726 0.2564
4.2942 2.8924 3.9744 0.2550
4.2942 2.8924 3.9777 0.2513
4.2942 2.8924 3.9812 0.2471
4.2942 2.8924 3.9812 0.2471
4.3273 2.8924 3.9834 0.2491
4.3273 2.8924 3.9859 0.2491
4.3273 2.8924 3.9859 0.2491
4.3273 2.8924 3.9890 0.2495
4.3273 2.8924 3.9916 0.2494
4.3273 2.8924 3.9960 0.2507
4.3273 2.8924 3.9960 0.2507
4.3273 2.8924 3.9966 0.2496
4.3273 2.8924 3.9966 0.2496
4.3273 2.8924 3.9966 0.2496
4.3273 2.8924 3.9966 0.2496
4.3273 2.8924 4.0000 0.2454
4.3273 2.8924 4.0007 0.2458
4.3273 2.8924 4.0007 0.2458
4.3273 2.8924 4.0040 0.2460
4.3273 2.8924 4.0050 0.2466
4.3273 2.8924 4.0076 0.2463
4.3273 2.8924 4.0102 0.2467
4.3273 2.8924 4.0102 0.2467
4.3273 2.8924 4.0102 0.2467
4.3273 2.8924 4.0102 0.2467
4.3273 2.8924 4.0166 0.2423
4.3273 2.8924 4.0200 0.2378
4.3273 2.8924 4.0230 0.2377
4.3273 2.8924 4.0262 0.2376
4.3273 2.8924 4.0262 0.2376
4.3273 2.8924 4.0278 0.2346
4.3273 2.8924 4.0278 0.2346
4.3273 2.8924 4.0278 0.2346
4.3273 2.8924 4.0284 0.2348
4.3273 2.8924 4.0290 0.2351
4.3273 2.8924 4.0302 0.2362
4.3273 2.8924 4.0358 0.2313
4.3273 2.8924 4.0358 0.2313
4.3273 2.8924 4.0358 0.2313
4.3273 2.8924 4.0358 0.2313
4.3273 2.8924 4.0389 0.2309
4.3273 2.8924 4.0389 0.2309
4.3273 2.8924 4.0403 0.2320
4.3273 2.8924 4.0403 0.2320
4.3273 2.8924 4.0414 0.2326
4.3273 2.8924 4.0414 0.2326
4.3273 2.8924 4.0414 0.2326
4.3273 2.8924 4.0436 0.2331
4.3273 2.8924 4.0437 0.2332
4.3273 2.8924 4.0437 0.2332
4.3273 2.8924 4.0437 0.2332
4.3273 2.8924 4.0437 0.2332
4.3273 2.8924 4.0492 0.2298
4.3273 2.8924 4.0570 0.2245
4.3273 2.8924 4.0570 0.2245
4.3273 2.8924 4.0571 0.2245
4.3273 2.8924 4.0571 0.2245
4.3273 2.8924 4.0595 0.2250
4.3273 2.8924 4.0614 0.2262
4.3273 2.8924 4.0618 0.2259
4.3273 2.8924 4.0618 0.2259
4.3273 2.8924 4.0618 0.2259
4.3273 2.8924 4.0618 0.2259
4.3273 2.8924 4.0624 0.2261
4.3273 2.8924 4.0643 0.2272
4.3273 2.8924 4.0643 0.2272
4.3273 2.8924 4.0673 0.2266
4.3273 2.8924 4.0673 0.2266
4.3273 2.8924 4.0704 0.2259
4.3273 2.8924 4.0704 0.2259
4.3273 2.8924 4.0704 0.2259
4.3273 2.8924 4.0710 0.2261
4.3273 2.8924 4.0710 0.2261
4.3273 2.8924 4.0710 0.2261
4.3273 2.8924 4.0751 0.2227
4.3273 2.8924 4.0751 0.2228
4.3273 2.8924 4.0751 0.2228
4.3273 2.8924 4.0751 0.2228
4.3273 2.8924 4.0752 0.2228
4.3273 2.8924 4.0753 0.2229
4.3273 2.8924 4.0759 0.2230
4.3273 2.8924 4.0759 0.2230
4.3273 2.8924 4.0759 0.2230
4.3273 2.8924 4.0759 0.2231
4.3273 2.8924 4.0821 0.2169
4.3273 2.8924 4.0823 0.2170
4.3273 2.8924 4.0827 0.2172
4.3273 2.8924 4.0827 0.2172
4.3273 2.8924 4.0831 0.2174
4.3273 2.8924 4.0831 0.2174
4.3273 2.8924 4.0831 0.2174
4.3273 2.8924 4.0838 0.2176
4.3273 2.8924 4.0849 0.2184
4.3273 2.8924 4.0855 0.2186
4.3273 2.8924 4.0891 0.2177
4.3273 2.8924 4.0911 0.2170
4.3273 2.8924 4.0911 0.2170
4.3273 2.8924 4.0911 0.2169
4.3273 2.8924 4.0954 0.2130
4.3273 2.8924 4.0954 0.2130
4.3273 2.8924 4.0954 0.2130
4.3273 2.8924 4.0978 0.2117
4.3273 2.8924 4.0978 0.2117
4.3273 2.8924 4.0979 0.2117
4.3273 3.4263 4.1112 0.1739
4.3273 3.4263 4.1113 0.1740
4.3273 3.4263 4.1124 0.1748
4.3273 3.4263 4.1160 0.1659
4.3273 3.4263 4.1160 0.1659
4.3273 3.4263 4.1161 0.1659
4.3273 3.4263 4.1161 0.1659
4.3273 3.4263 4.1171 0.1662
4.3273 3.4263 4.1173 0.1663
4.3273 3.4263 4.1240 0.1564
4.3273 3.4263 4.1240 0.1564
4.3273 3.4263 4.1240 0.1564
4.3273 3.4263 4.1240 0.1564
4.3273 3.4263 4.1240 0.1564
4.3273 3.4263 4.1243 0.1565
4.3273 3.4263 4.1244 0.1566
4.3273 3.4263 4.1252 0.1567
4.3273 3.4263 4.1252 0.1567
4.3273 3.5483 4.1330 0.1402
4.3273 3.5483 4.1336 0.1405
4.3273 3.5483 4.1346 0.1407
4.3273 3.5483 4.1346 0.1407
4.3273 3.5483 4.1346 0.1407
4.3273 3.5483 4.1354 0.1413
4.3273 3.5483 4.1354 0.1413
4.3273 3.5483 4.1354 0.1413
4.3273 3.5483 4.1381 0.1386
4.3273 3.5483 4.1381 0.1386
4.3273 3.5483 4.1381 0.1386
4.3273 3.5483 4.1407 0.1366
4.3273 3.5483 4.1410 0.1370
4.3273 3.5483 4.1410 0.1370
4.3273 3.5483 4.1410 0.1370
4.3273 3.5483 4.1410 0.1370
4.3273 3.5483 4.1429 0.1378
4.3273 3.5483 4.1429 0.1378
4.3273 3.5483 4.1429 0.1378
4.3273 3.5483 4.1434 0.1380
4.3273 3.5483 4.1473 0.1312
4.3273 3.5483 4.1473 0.1312
4.3273 3.5483 4.1473 0.1312
4.3273 3.5483 4.1491 0.1319
4.3273 3.5483 4.1491 0.1319
4.3273 3.5483 4.1491 0.1319
4.3273 3.5483 4.1500 0.1326
4.3273 3.5483 4.1504 0.1327
4.3273 3.5483 4.1511 0.1333
4.3273 3.5483 4.1511 0.1333
4.3273 3.5483 4.1532 0.1338
4.3273 3.5483 4.1544 0.1346
4.3273 3.5483 4.1556 0.1355
4.3273 3.5483 4.1562 0.1355
4.3273 3.5483 4.1562 0.1355
4.3273 3.5483 4.1605 0.1328
4.3273 3.5483 4.1605 0.1328
4.3273 3.5483 4.1640 0.1294
4.3273 3.5483 4.1642 0.1294
4.3273 3.5483 4.1650 0.1300
4.3273 3.5483 4.1650 0.1300
4.3273 3.5483 4.1662 0.1306
4.3273 3.5483 4.1674 0.1306
4.3273 3.5483 4.1675 0.1306
4.3273 3.5483 4.1719 0.1273
4.3280 3.5483 4.1766 0.1244
4.3280 3.5483 4.1766 0.1244
4.3280 3.5483 4.1766 0.1244
4.3280 3.5483 4.1781 0.1229
4.3280 3.5483 4.1782 0.1230
4.3280 3.5483 4.1819 0.1187
4.3280 3.5483 4.1819 0.1187
4.3280 3.6969 4.1894 0.1008
4.3280 3.6969 4.1894 0.1008
4.3280 3.6969 4.1907 0.1014
4.3280 3.6969 4.1917 0.1010
4.3280 3.6969 4.1928 0.1015
4.3280 3.6969 4.1944 0.1024
4.3280 3.6969 4.1944 0.1024
4.3280 3.6969 4.1946 0.1023
4.3280 3.6969 4.1946 0.1023
4.3280 3.6969 4.1964 0.1024
4.3280 3.6969 4.1964 0.1024
4.3280 3.6969 4.1980 0.1027
4.3280 3.6969 4.1992 0.1009
4.3280 3.6969 4.1996 0.1012
4.3280 3.6969 4.1996 0.1012
4.3280 3.6969 4.2007 0.1020
4.3280 3.6969 4.2017 0.1016
4.3280 3.6969 4.2035 0.1017
4.3280 3.6969 4.2035 0.1017
4.3280 3.6969 4.2035 0.1017
4.3280 3.6969 4.2038 0.1020
4.3280 3.6969 4.2038 0.1020
4.3280 3.6969 4.2039 0.1020
4.3280 3.6969 4.2039 0.1020
4.3280 3.6969 4.2043 0.1020
4.3280 3.6969 4.2043 0.1020
4.3280 3.6969 4.2043 0.1020
4.3280 3.6969 4.2043 0.1020
4.3280 3.6969 4.2053 0.1015
4.3280 3.6969 4.2054 0.1014
4.3280 3.6969 4.2054 0.1015
4.3280 3.6969 4.2066 0.1018
4.3280 3.6969 4.2070 0.1017
4.3280 3.6969 4.2076 0.1013
4.3280 3.6969 4.2082 0.1009
4.3280 3.6969 4.2082 0.1009
4.3280 3.6969 4.2082 0.1009
4.3280 3.6969 4.2095 0.1014
4.3280 3.6969 4.2107 0.1017
4.3280 3.6969 4.2153 0.0953
4.3280 3.6969 4.2154 0.0954
4.3280 3.6969 4.2154 0.0954
4.3280 3.6969 4.2154 0.0954
4.3280 3.6969 4.2165 0.0961
4.3280 3.6969 4.2171 0.0956
4.3280 3.6969 4.2173 0.0957
4.3280 3.6969 4.2173 0.0957
4.3280 3.6969 4.2173 0.0957
4.3280 3.6969 4.2173 0.0957
4.3280 3.6969 4.2185 0.0959
4.3280 3.6969 4.2188 0.0962
4.3280 3.6969 4.2188 0.0962
4.3280 3.6969 4.2188 0.0962
4.3280 3.6969 4.2192 0.0961
4.3280 3.6969 4.2192 0.0961
4.3280 3.6969 4.2192 0.0961
4.3280 3.6969 4.2192 0.0961
4.3280 3.6969 4.2200 0.0964
4.3280 3.6969 4.2212 0.0970
4.3281 3.6969 4.2226 0.0975
4.3281 3.6969 4.2226 0.0975
4.3281 3.6969 4.2226 0.0975
4.3281 3.6969 4.2237 0.0976
4.3281 3.6969 4.2237 0.0976
4.3281 3.6969 4.2255 0.0973
4.3281 3.6969 4.2256 0.0975
4.3281 3.6969 4.2257 0.0975
4.3281 3.6969 4.2257 0.0975
4.3281 3.6969 4.2257 0.0974
4.3281 3.6969 4.2264 0.0977
4.3281 3.6969 4.2284 0.0973
4.3281 3.6969 4.2286 0.0974
4.3281 3.6969 4.2290 0.0973
4.3281 3.6969 4.2295 0.0971
4.3281 3.6969 4.2295 0.0971
4.3281 3.6969 4.2296 0.0971
4.3281 3.6969 4.2296 0.0971
4.3281 3.6969 4.2297 0.0970
4.3281 3.6969 4.2305 0.0972
4.3281 3.6969 4.2315 0.0973
4.3281 3.6969 4.2330 0.0976
4.3281 3.6969 4.2336 0.0971
4.3281 3.6969 4.2336 0.0971
4.3281 3.6969 4.2336 0.0971
4.3281 3.6969 4.2336 0.0970
4.3281 3.6969 4.2336 0.0970
4.3281 3.6969 4.2336 0.0970
4.3281 3.6969 4.2336 0.0970
4.3281 3.6969 4.2349 0.0970
4.3281 3.6969 4.2349 0.0970
4.3281 3.6969 4.2356 0.0963
4.3281 3.6969 4.2358 0.0963
4.3281 3.6969 4.2358 0.0963
4.3281 3.6969 4.2366 0.0965
4.3281 3.6969 4.2377 0.0964
4.3281 3.6969 4.2388 0.0968
4.3281 3.6969 4.2392 0.0966
4.3281 3.6969 4.2392 0.0966
4.3281 3.6969 4.2405 0.0965
4.3281 3.8474 4.2466 0.0797
4.3281 3.8474 4.2466 0.0797
4.3281 3.8474 4.2477 0.0796
4.3281 3.8474 4.2492 0.0796
4.3281 3.8474 4.2508 0.0796
4.3281 3.8474 4.2508 0.0796
4.3281 3.8474 4.2530 0.0786
4.3281 3.8474 4.2542 0.0788
4.3281 3.8474 4.2542 0.0788
4.3281 3.8474 4.2542 0.0788
4.3281 3.8474 4.2563 0.0779
4.3281 3.8474 4.2563 0.0779
4.3281 3.8474 4.2571 0.0779
4.3281 3.8474 4.2571 0.0779
4.3281 3.8474 4.2571 0.0779
4.3281 3.8474 4.2571 0.0779
4.3281 3.8474 4.2571 0.0779
4.3281 3.8474 4.2583 0.0774
4.3281 3.8474 4.2600 0.0772
4.3281 3.8474 4.2600 0.0772
4.3281 3.8474 4.2600 0.0772
4.3281 3.8474 4.2600 0.0772
4.3281 3.8474 4.2600 0.0772
4.3281 3.8474 4.2604 0.0768
4.3281 3.8474 4.2614 0.0768
4.3281 3.8474 4.2614 0.0768
4.3281 3.8474 4.2627 0.0764
4.3281 3.8474 4.2640 0.0759
4.3281 3.8474 4.2640 0.0759
4.3281 3.8474 4.2648 0.0759
4.3281 3.8474 4.2648 0.0759
4.3281 3.8474 4.2648 0.0759
4.3281 3.8474 4.2656 0.0758
4.3281 3.8474 4.2673 0.0745
4.3281 3.8474 4.2676 0.0747
4.3281 3.8474 4.2676 0.0747
4.3281 3.8474 4.2676 0.0747
4.3281 3.8474 4.2676 0.0747
4.3281 3.8474 4.2676 0.0747
4.3281 3.8474 4.2676 0.0747
4.3281 3.8474 4.2676 0.0747
4.3281 3.8474 4.2684 0.0746
4.3281 3.8474 4.2684 0.0746
4.3281 3.8474 4.2691 0.0745
4.3281 3.8474 4.2691 0.0745
4.3281 3.8474 4.2693 0.0745
4.3281 3.8474 4.2705 0.0738
4.3281 3.8474 4.2714 0.0736
4.3319 3.8474 4.2716 0.0738
4.3319 3.8474 4.2719 0.0740
4.3319 3.8474 4.2719 0.0740
4.3319 3.8474 4.2722 0.0741
4.3319 3.8474 4.2722 0.0741
4.3319 3.8474 4.2741 0.0723
4.3319 3.8474 4.2741 0.0723
4.3319 3.8474 4.2744 0.0725
4.3319 3.8474 4.2756 0.0724
4.3319 3.8474 4.2756 0.0724
4.3319 3.8474 4.2756 0.0724
4.3319 3.8474 4.2759 0.0726
4.3319 3.8474 4.2759 0.0726
4.3591 3.8474 4.2769 0.0733
4.3591 3.8474 4.2771 0.0735
4.3591 3.8474 4.2786 0.0731
4.3591 3.8474 4.2786 0.0731
4.3591 3.8474 4.2786 0.0731
4.3591 3.8474 4.2792 0.0735
4.3591 3.8474 4.2798 0.0739
4.3591 3.8474 4.2799 0.0739
4.3591 3.8474 4.2799 0.0739
4.3591 3.8474 4.2799 0.0739
4.3591 3.8474 4.2801 0.0740
4.3591 3.8474 4.2801 0.0740
4.3591 3.8474 4.2804 0.0741
4.3591 3.8474 4.2804 0.0741
4.3591 3.8474 4.2812 0.0739
4.3591 3.8474 4.2813 0.0739
4.3591 3.8474 4.2824 0.0732
4.3591 3.8474 4.2825 0.0733
4.3591 3.8474 4.2825 0.0733
4.3591 3.8474 4.2843 0.0715
4.3591 3.8474 4.2845 0.0715
4.3591 3.8474 4.2845 0.0715
4.4020 3.8474 4.2849 0.0721
4.4020 3.8474 4.2849 0.0721
4.4020 3.8474 4.2853 0.0722
4.4020 3.8474 4.2856 0.0725
4.4020 3.8474 4.2856 0.0725
4.4020 3.8474 4.2860 0.0726
4.4020 3.8474 4.2862 0.0727
4.4020 3.8474 4.2862 0.0727
4.4020 3.8474 4.2864 0.0728
4.4020 3.8474 4.2869 0.0730
4.4020 3.8474 4.2891 0.0709
4.4020 3.8474 4.2891 0.0709
4.4020 3.8474 4.2891 0.0709
4.4020 3.8474 4.2891 0.0709
4.4020 3.8474 4.2892 0.0708
4.4020 3.8474 4.2893 0.0709
4.4020 3.8474 4.2893 0.0709
4.4020 3.8474 4.2893 0.0709
4.4020 3.8474 4.2907 0.0702
4.4020 3.8474 4.2908 0.0702
4.4020 3.8474 4.2908 0.0702
4.4020 3.8474 4.2913 0.0704
4.4020 3.8474 4.2913 0.0704
4.4020 3.8474 4.2927 0.0701
4.4020 3.8474 4.2927 0.0701
4.4020 3.8474 4.2938 0.0698
4.4020 3.8474 4.2938 0.0698
4.4020 3.8474 4.2951 0.0686
4.4020 3.8474 4.2952 0.0686
4.4020 3.8474 4.2953 0.0686
4.4020 3.8474 4.2953 0.0686
4.4020 3.8474 4.2956 0.0687
4.4020 3.8474 4.2956 0.0687
4.4020 3.8474 4.2958 0.0687
4.4020 3.8474 4.2959 0.0687
4.4020 3.8474 4.2962 0.0688
4.4020 3.8474 4.2962 0.0688
4.4020 3.8474 4.2974 0.0677
4.4020 3.8474 4.2992 0.0650
4.4020 3.8474 4.2992 0.0650
4.4020 3.8474 4.2992 0.0650
4.4020 3.8474 4.2993 0.0650
4.4020 3.8474 4.2995 0.0651
4.4020 3.8474 4.2998 0.0653
4.4020 3.8474 4.2998 0.0653
4.4020 3.8474 4.3004 0.0656
4.4020 3.8474 4.3004 0.0656
4.4020 3.8474 4.3007 0.0656
4.4020 3.8474 4.3010 0.0657
4.4020 3.8474 4.3035 0.0630
4.4020 3.8474 4.3036 0.0630
4.4020 3.8474 4.3048 0.0624
4.4020 3.8474 4.3048 0.0624
4.4020 4.1069 4.3096 0.0423
4.4020 4.1069 4.3107 0.0413
4.4020 4.1069 4.3110 0.0413
4.4020 4.1069 4.3110 0.0413
4.4020 4.1069 4.3110 0.0413
4.4020 4.1069 4.3110 0.0413
4.4020 4.1069 4.3110 0.0413
4.4020 4.1069 4.3119 0.0402
4.4020 4.1069 4.3119 0.0402
4.4020 4.1069 4.3123 0.0403
4.4020 4.1069 4.3123 0.0403
4.4020 4.1069 4.3123 0.0403
4.4020 4.1069 4.3123 0.0403
4.4020 4.1069 4.3123 0.0403
4.4020 4.1069 4.3126 0.0405
4.4020 4.1069 4.3126 0.0405
4.4020 4.1069 4.3126 0.0405
4.4020 4.1727 4.3150 0.0350
4.4020 4.1727 4.3150 0.0350
4.4020 4.1727 4.3150 0.0350
4.4020 4.1727 4.3151 0.0350
4.4020 4.1727 4.3152 0.0349
4.4020 4.1727 4.3153 0.0350
4.4020 4.1727 4.3156 0.0352
4.4020 4.1727 4.3156 0.0352
4.4020 4.1727 4.3160 0.0352
4.4020 4.1727 4.3162 0.0352
4.4020 4.1727 4.3166 0.0351
4.4020 4.1727 4.3166 0.0352
4.4020 4.1727 4.3167 0.0351
4.4020 4.1727 4.3167 0.0351
4.4020 4.1727 4.3168 0.0351
4.4020 4.1727 4.3168 0.0351
4.4020 4.1727 4.3168 0.0351
4.4020 4.1727 4.3168 0.0351
4.4020 4.1727 4.3168 0.0351
4.4020 4.1727 4.3172 0.0351
4.4020 4.1727 4.3176 0.0350
4.4020 4.1727 4.3178 0.0350
4.4020 4.1727 4.3178 0.0350
4.4020 4.1727 4.3178 0.0350
4.4020 4.1727 4.3181 0.0350
4.4020 4.1727 4.3181 0.0350
4.4020 4.1727 4.3183 0.0350
4.4020 4.1727 4.3189 0.0353
4.4020 4.1727 4.3189 0.0353
4.4020 4.1727 4.3203 0.0326
4.4020 4.1727 4.3203 0.0326
4.4020 4.1727 4.3207 0.0325
4.4020 4.1727 4.3210 0.0327
4.4020 4.1727 4.3215 0.0328
4.4020 4.1727 4.3217 0.0327
4.4020 4.1727 4.3217 0.0327
4.4020 4.1727 4.3217 0.0327
4.4020 4.1727 4.3228 0.0313
4.4020 4.1727 4.3229 0.0313
4.4020 4.1727 4.3238 0.0293
4.4020 4.1727 4.3238 0.0293
4.4020 4.1727 4.3239 0.0294
4.4020 4.1727 4.3239 0.0294
4.4020 4.1727 4.3239 0.0294
4.4020 4.1727 4.3242 0.0296
4.4020 4.1727 4.3242 0.0296
4.4020 4.1727 4.3242 0.0296
4.4020 4.1727 4.3242 0.0296
4.4020 4.1727 4.3245 0.0298
4.4020 4.1727 4.3245 0.0298
4.4020 4.1742 4.3261 0.0256
4.4020 4.1742 4.3261 0.0256
4.4020 4.1742 4.3261 0.0256
4.4020 4.1742 4.3263 0.0256
4.4020 4.1742 4.3263 0.0257
4.4020 4.1742 4.3266 0.0256
4.4020 4.1742 4.3268 0.0255
4.4020 4.1742 4.3269 0.0255
4.4020 4.1742 4.3269 0.0255
4.4020 4.1742 4.3269 0.0255
4.4020 4.1742 4.3273 0.0255
4.4020 4.1742 4.3281 0.0265
4.4020 4.1742 4.3281 0.0265
4.4020 4.1742 4.3281 0.0265
4.4020 4.1742 4.3285 0.0267
4.4020 4.1742 4.3285 0.0267
4.4020 4.1742 4.3287 0.0267
4.4020 4.1742 4.3293 0.0266
4.4020 4.1742 4.3293 0.0266
4.4020 4.1742 4.3294 0.0266
4.4020 4.1742 4.3298 0.0264
4.4020 4.1742 4.3298 0.0264
4.4020 4.1742 4.3298 0.0264
4.4020 4.1742 4.3299 0.0264
4.4020 4.1742 4.3300 0.0263
4.4020 4.1742 4.3302 0.0264
4.4020 4.1742 4.3304 0.0265
4.4020 4.1742 4.3304 0.0265
4.4020 4.1742 4.3310 0.0264
4.4020 4.1742 4.3310 0.0264
4.4020 4.1742 4.3310 0.0264
4.4020 4.1742 4.3313 0.0263
4.4020 4.1742 4.3313 0.0263
4.4020 4.1742 4.3315 0.0264
4.4020 4.1742 4.3318 0.0265
4.4020 4.1742 4.3321 0.0263
4.4020 4.1742 4.3322 0.0263
4.4020 4.1742 4.3322 0.0263
4.4020 4.2900 4.3336 0.0210
4.4020 4.2900 4.3339 0.0209
4.4020 4.2900 4.3339 0.0209
4.4020 4.2900 4.3340 0.0208
4.4020 4.2900 4.3340 0.0208
4.4020 4.2900 4.3342 0.0210
4.4020 4.2900 4.3342 0.0210
4.4020 4.2900 4.3342 0.0210
4.4020 4.2900 4.3346 0.0208
4.4020 4.2900 4.3346 0.0208
4.4020 4.2900 4.3346 0.0208
4.4020 4.2900 4.3351 0.0208
4.4020 4.2900 4.3351 0.0208
4.4020 4.2900 4.3354 0.0209
4.4020 4.2900 4.3355 0.0209
4.4020 4.2900 4.3355 0.0209
4.4020 4.2900 4.3358 0.0210
4.4020 4.2900 4.3358 0.0210
4.4020 4.2900 4.3358 0.0210
4.4020 4.2900 4.3358 0.0210
4.4020 4.2900 4.3361 0.0212
4.4020 4.2900 4.3366 0.0208
4.4020 4.2900 4.3366 0.0208
4.4020 4.2900 4.3369 0.0209
4.4020 4.2900 4.3375 0.0206
4.4020 4.2900 4.3378 0.0206
4.4020 4.2900 4.3380 0.0207
4.4020 4.2900 4.3385 0.0202
4.4020 4.2900 4.3385 0.0202
4.4020 4.2900 4.3387 0.0202
4.4020 4.2900 4.3387 0.0202
4.4020 4.2900 4.3391 0.0203
4.4020 4.2900 4.3393 0.0204
4.4020 4.2900 4.3393 0.0204
4.4020 4.2900 4.3394 0.0204
4.4020 4.2900 4.3398 0.0212
4.4020 4.2900 4.3398 0.0212
4.4020 4.2900 4.3403 0.0210
4.4020 4.2900 4.3403 0.0210
4.4020 4.2900 4.3403 0.0210
4.4020 4.2900 4.3403 0.0210
4.4020 4.2900 4.3403 0.0210
4.4020 4.2900 4.3406 0.0209
4.4020 4.2900 4.3409 0.0209
4.4020 4.2900 4.3409 0.0209
4.4020 4.2900 4.3409 0.0209
4.4020 4.2900 4.3412 0.0209
4.4020 4.2900 4.3412 0.0209
4.4020 4.2900 4.3415 0.0210
4.4020 4.2900 4.3415 0.0210
4.4020 4.2900 4.3415 0.0210
4.4020 4.2900 4.3415 0.0210
4.4020 4.2900 4.3415 0.0210
4.4020 4.2900 4.3415 0.0210
4.4020 4.2900 4.3415 0.0210
4.4020 4.2900 4.3418 0.0210
4.4020 4.2900 4.3418 0.0210
4.4020 4.2900 4.3420 0.0211
4.4020 4.2900 4.3422 0.0212
4.4020 4.2900 4.3426 0.0209
4.4020 4.2900 4.3426 0.0209
4.4020 4.2900 4.3426 0.0209
4.4020 4.2900 4.3426 0.0209
4.4020 4.2900 4.3427 0.0209
4.4020 4.2900 4.3430 0.0203
4.4020 4.2900 4.3430 0.0203
4.4020 4.2900 4.3430 0.0203
4.4020 4.2900 4.3433 0.0203
4.4020 4.2900 4.3433 0.0203
4.4020 4.2900 4.3433 0.0203
4.4020 4.2900 4.3433 0.0203
4.4020 4.2900 4.3436 0.0200
4.4020 4.2900 4.3438 0.0201
4.4020 4.2900 4.3438 0.0201
4.4020 4.2900 4.3442 0.0209
4.4145 4.2900 4.3451 0.0219
4.4145 4.2900 4.3451 0.0219
4.4145 4.2900 4.3451 0.0219
4.4145 4.2900 4.3451 0.0219
4.4145 4.2900 4.3451 0.0219
4.4145 4.2900 4.3451 0.0219
4.4145 4.2900 4.3452 0.0219
4.4145 4.2900 4.3453 0.0219
4.4145 4.2900 4.3453 0.0219
4.4145 4.2900 4.3453 0.0219
4.4145 4.2900 4.3453 0.0219
4.4145 4.2900 4.3453 0.0219
4.4145 4.2900 4.3459 0.0213
4.4145 4.2900 4.3461 0.0213
4.4145 4.2900 4.3461 0.0213
4.4145 4.2900 4.3461 0.0213
4.4145 4.2900 4.3463 0.0212
4.4145 4.2900 4.3467 0.0211
4.4145 4.2900 4.3469 0.0212
4.4145 4.2900 4.3469 0.0212
4.4145 4.2900 4.3469 0.0212
4.4145 4.2900 4.3469 0.0212
4.4145 4.2900 4.3472 0.0211
4.4145 4.2900 4.3472 0.0211
4.4145 4.2900 4.3476 0.0207
4.4145 4.2900 4.3477 0.0208
4.4145 4.2900 4.3477 0.0208
4.4145 4.2900 4.3483 0.0204
4.4145 4.2900 4.3483 0.0204
4.4145 4.2900 4.3483 0.0204
4.4145 4.2900 4.3483 0.0204
4.4145 4.2900 4.3483 0.0204
4.4145 4.2900 4.3490 0.0197
4.4145 4.2900 4.3490 0.0197
4.4145 4.2900 4.3493 0.0193
4.4145 4.2900 4.3493 0.0193
4.4145 4.2900 4.3496 0.0192
4.4145 4.2900 4.3497 0.0192
4.4145 4.2900 4.3497 0.0192
4.4145 4.2900 4.3500 0.0191
4.4145 4.2900 4.3501 0.0192
4.4145 4.2900 4.3502 0.0192
4.4145 4.2900 4.3504 0.0193
4.4145 4.2900 4.3504 0.0193
4.4145 4.2900 4.3504 0.0193
4.4145 4.2900 4.3505 0.0193
4.4145 4.2900 4.3508 0.0192
4.4145 4.2900 4.3508 0.0192
4.4145 4.2900 4.3509 0.0192
4.4145 4.2900 4.3511 0.0192
4.4145 4.2900 4.3511 0.0192
4.4145 4.2900 4.3513 0.0192
4.4145 4.2900 4.3513 0.0192
4.4145 4.2900 4.3516 0.0192
4.4145 4.2900 4.3516 0.0192
4.4145 4.2900 4.3516 0.0192
4.4145 4.2900 4.3516 0.0192
4.4145 4.2900 4.3517 0.0192
4.4145 4.2900 4.3517 0.0192
4.4145 4.2900 4.3517 0.0192
4.4145 4.2900 4.3517 0.0192
4.4145 4.2900 4.3517 0.0192
4.4145 4.2900 4.3517 0.0192
4.4145 4.2900 4.3517 0.0192
4.4145 4.2900 4.3519 0.0193
4.4145 4.2900 4.3524 0.0199
4.4145 4.2900 4.3525 0.0199
4.4145 4.2900 4.3526 0.0198
4.4145 4.2900 4.3526 0.0198
4.4145 4.2900 4.3526 0.0198
4.4145 4.2900 4.3526 0.0198
4.4145 4.2900 4.3529 0.0196
4.4145 4.2900 4.3529 0.0196
4.4145 4.2900 4.3529 0.0196
4.4145 4.2900 4.3529 0.0196
4.4145 4.2900 4.3534 0.0202
4.4145 4.2900 4.3534 0.0202
4.4145 4.2900 4.3536 0.0202
4.4145 4.2900 4.3536 0.0202
4.4145 4.2900 4.3536 0.0202
4.4145 4.2900 4.3536 0.0202
4.4145 4.2900 4.3540 0.0207
4.4145 4.2900 4.3540 0.0207
4.4145 4.2900 4.3542 0.0207
4.4145 4.2900 4.3542 0.0207
4.4145 4.2900 4.3544 0.0206
4.4145 4.2900 4.3544 0.0206
4.4145 4.2900 4.3544 0.0206
4.4145 4.2900 4.3544 0.0206
4.4145 4.2900 4.3544 0.0206
4.4145 4.2900 4.3545 0.0206
4.4145 4.2900 4.3545 0.0206
4.4145 4.2900 4.3546 0.0206
4.4145 4.2900 4.3549 0.0210
4.4145 4.2900 4.3549 0.0210
4.4145 4.2900 4.3549 0.0210
4.4145 4.2900 4.3549 0.0210
4.4145 4.2900 4.3549 0.0210
4.4145 4.2900 4.3549 0.0210
4.4145 4.2900 4.3549 0.0210
4.4145 4.2900 4.3551 0.0210
4.4145 4.2900 4.3554 0.0208
4.4145 4.2900 4.3554 0.0208
4.4145 4.2900 4.3554 0.0208
4.4145 4.2900 4.3554 0.0208
4.4145 4.2900 4.3554 0.0208
4.4145 4.2900 4.3554 0.0208
4.4145 4.2900 4.3554 0.0208
4.4145 4.2900 4.3555 0.0208
4.4145 4.2900 4.3555 0.0208
4.4145 4.2900 4.3556 0.0208
4.4145 4.2900 4.3556 0.0208
4.4145 4.2900 4.3556 0.0208
4.4145 4.2900 4.3556 0.0208
4.4145 4.2900 4.3563 0.0212
4.4145 4.2900 4.3563 0.0212
4.4145 4.2900 4.3565 0.0211
4.4145 4.2900 4.3571 0.0216
4.4145 4.2900 4.3571 0.0216
4.4145 4.2900 4.3575 0.0211
4.4145 4.2900 4.3575 0.0211
4.4145 4.2900 4.3575 0.0211
4.4145 4.2900 4.3580 0.0216
4.4145 4.2900 4.3580 0.0216
4.4145 4.2900 4.3581 0.0216
4.4145 4.2900 4.3585 0.0221
4.4145 4.2900 4.3585 0.0221
4.4145 4.2900 4.3588 0.0224
4.4145 4.2900 4.3588 0.0224
4.4145 4.2900 4.3592 0.0228
4.4145 4.2900 4.3592 0.0228
4.4145 4.2900 4.3592 0.0228
4.4145 4.2900 4.3592 0.0228
4.4145 4.2900 4.3592 0.0228
4.4145 4.2900 4.3598 0.0232
4.4145 4.2900 4.3601 0.0230
4.4145 4.2900 4.3609 0.0231
4.4145 4.2900 4.3609 0.0231
4.4145 4.2900 4.3609 0.0231
4.4145 4.2900 4.3609 0.0231
4.4145 4.2900 4.3616 0.0222
4.4145 4.2900 4.3616 0.0222
4.4145 4.2900 4.3618 0.0222
4.4145 4.2900 4.3618 0.0222
4.4145 4.2900 4.3618 0.0222
4.4145 4.2900 4.3618 0.0222
4.4145 4.2900 4.3618 0.0222
4.4145 4.2900 4.3624 0.0224
4.4145 4.2900 4.3624 0.0224
4.4145 4.2900 4.3624 0.0224
4.4145 4.2900 4.3631 0.0226
4.4145 4.2900 4.3631 0.0226
4.4145 4.2900 4.3631 0.0226
4.4145 4.2900 4.3631 0.0226
4.4145 4.2900 4.3631 0.0226
4.4145 4.2900 4.3631 0.0226
4.4145 4.2900 4.3633 0.0229
4.4145 4.2900 4.3633 0.0229
4.4145 4.2900 4.3633 0.0229
4.4145 4.2900 4.3633 0.0229
4.4145 4.2900 4.3633 0.0229
4.4145 4.2900 4.3633 0.0229
4.4145 4.2900 4.3636 0.0227
4.4145 4.2900 4.3636 0.0227
4.4145 4.2900 4.3640 0.0231
4.4145 4.2900 4.3640 0.0231
4.4145 4.2900 4.3640 0.0231
4.4145 4.2900 4.3640 0.0231
4.4145 4.2900 4.3640 0.0231
4.4145 4.2900 4.3649 0.0236
4.4145 4.2900 4.3660 0.0239
4.4145 4.2900 4.3660 0.0239
4.4145 4.2900 4.3660 0.0239
4.4145 4.2900 4.3660 0.0239
4.4145 4.2900 4.3662 0.0238
4.4145 4.2900 4.3662 0.0238
4.4145 4.2900 4.3666 0.0240
4.4145 4.2900 4.3666 0.0240
4.4145 4.2900 4.3666 0.0240
4.4145 4.2900 4.3666 0.0240
4.4145 4.2900 4.3666 0.0240
4.4145 4.2900 4.3669 0.0238
4.4145 4.2900 4.3670 0.0238
4.4145 4.2900 4.3678 0.0237
4.4145 4.2900 4.3680 0.0237
4.4145 4.2900 4.3680 0.0237
4.4145 4.2900 4.3680 0.0237
4.4145 4.2900 4.3681 0.0235
4.4145 4.2900 4.3681 0.0235
4.4145 4.2900 4.3681 0.0235
4.4145 4.2900 4.3681 0.0235
4.4145 4.2900 4.3681 0.0235
4.4145 4.2900 4.3681 0.0235
4.4145 4.2900 4.3685 0.0238
4.4145 4.2900 4.3692 0.0238
4.4145 4.2900 4.3692 0.0238
4.4145 4.2900 4.3694 0.0236
4.4145 4.2900 4.3694 0.0236
4.4145 4.2900 4.3695 0.0236
4.4145 4.2900 4.3696 0.0235
4.4145 4.2900 4.3696 0.0235
4.4145 4.2900 4.3696 0.0235
4.4145 4.2900 4.3697 0.0235
4.4145 4.2900 4.3700 0.0234
4.4145 4.2900 4.3700 0.0234
4.4145 4.2900 4.3700 0.0234
4.4145 4.2900 4.3700 0.0234
4.4145 4.2900 4.3702 0.0231
4.4145 4.2900 4.3707 0.0233
4.4145 4.2900 4.3707 0.0233
4.4145 4.2900 4.3707 0.0233
4.4145 4.2900 4.3707 0.0233
4.4145 4.2900 4.3707 0.0233
4.4145 4.2900 4.3707 0.0233
4.4145 4.2900 4.3707 0.0233
4.4145 4.2900 4.3707 0.0233
4.4145 4.2900 4.3709 0.0231
4.4145 4.2900 4.3713 0.0232
4.4145 4.2900 4.3714 0.0232
4.4145 4.2900 4.3714 0.0232
4.4145 4.2900 4.3714 0.0232
4.4145 4.2900 4.3714 0.0232
4.4145 4.2900 4.3719 0.0234
4.4145 4.2900 4.3723 0.0235
4.4145 4.2900 4.3723 0.0235
4.4145 4.2900 4.3723 0.0235
4.4145 4.2900 4.3726 0.0232
4.4145 4.2900 4.3726 0.0232
4.4145 4.2900 4.3730 0.0234
4.4145 4.2900 4.3731 0.0233
4.4145 4.2900 4.3731 0.0233
4.4145 4.2900 4.3731 0.0233
4.4145 4.2900 4.3731 0.0233
4.4145 4.2900 4.3732 0.0233
4.4145 4.2900 4.3735 0.0231
4.4145 4.2900 4.3735 0.0231
4.4145 4.2900 4.3735 0.0231
4.4145 4.2900 4.3735 0.0231
4.4145 4.2900 4.3735 0.0231
4.4145 4.2900 4.3735 0.0231
4.4145 4.2900 4.3735 0.0231
4.4145 4.2900 4.3735 0.0231
4.4145 4.2900 4.3739 0.0232
4.4145 4.2900 4.3739 0.0232
4.4145 4.2900 4.3739 0.0232
4.4145 4.2900 4.3743 0.0228
4.4145 4.2900 4.3747 0.0229
4.4145 4.2900 4.3747 0.0229
4.4145 4.2900 4.3751 0.0230
4.4145 4.2900 4.3751 0.0230
4.4145 4.2900 4.3755 0.0231
4.4145 4.2900 4.3755 0.0231
4.4145 4.2900 4.3758 0.0233
4.4145 4.2900 4.3759 0.0232
4.4145 4.2900 4.3759 0.0232
4.4145 4.2900 4.3759 0.0232
4.4145 4.2900 4.3759 0.0232
4.4145 4.2900 4.3759 0.0232
4.4145 4.2900 4.3759 0.0232
4.4145 4.2900 4.3759 0.0232
4.4145 4.2900 4.3763 0.0233
4.4145 4.2900 4.3767 0.0234
4.4145 4.2900 4.3767 0.0234
4.4145 4.2900 4.3772 0.0234
4.4145 4.2900 4.3776 0.0235
4.4145 4.2900 4.3776 0.0235
4.4145 4.2900 4.3779 0.0236
4.4145 4.2900 4.3779 0.0236
4.4145 4.2900 4.3783 0.0237
4.4145 4.2900 4.3783 0.0237
4.4145 4.2900 4.3783 0.0237
4.4145 4.2900 4.3783 0.0236
4.4145 4.2900 4.3783 0.0236
4.4145 4.2900 4.3783 0.0236
4.4145 4.2900 4.3783 0.0236
4.4145 4.2900 4.3783 0.0236
4.4145 4.2900 4.3788 0.0237
4.4145 4.2900 4.3792 0.0237
4.4145 4.2900 4.3793 0.0237
4.4145 4.2900 4.3793 0.0237
4.4145 4.2900 4.3793 0.0237
4.4145 4.2900 4.3797 0.0237
4.4145 4.2900 4.3797 0.0237
4.4145 4.2900 4.3799 0.0236
4.4145 4.2900 4.3799 0.0236
4.4145 4.2900 4.3799 0.0236
4.4145 4.2900 4.3799 0.0236
4.4145 4.2900 4.3799 0.0236
4.4145 4.2900 4.3800 0.0235
4.4145 4.2900 4.3800 0.0235
4.4145 4.2900 4.3800 0.0235
4.4145 4.2900 4.3803 0.0236
4.4145 4.2900 4.3807 0.0236
4.4145 4.2900 4.3812 0.0235
4.4145 4.2900 4.3812 0.0235
4.4145 4.2900 4.3814 0.0234
4.4145 4.2900 4.3818 0.0234
4.4145 4.2900 4.3821 0.0235
4.4145 4.2900 4.3821 0.0235
4.4145 4.2900 4.3821 0.0235
4.4145 4.2900 4.3825 0.0234
4.4145 4.2900 4.3825 0.0234
4.4145 4.2900 4.3825 0.0234
4.4145 4.2900 4.3825 0.0234
4.4145 4.2900 4.3825 0.0234
4.4145 4.2900 4.3825 0.0234
4.4145 4.2900 4.3829 0.0234
4.4145 4.2900 4.3833 0.0234
4.4145 4.2900 4.3833 0.0234
4.4145 4.2900 4.3833 0.0234
4.4145 4.2900 4.3833 0.0234
4.4145 4.2900 4.3833 0.0234
4.4145 4.2900 4.3838 0.0233
4.4145 4.2900 4.3838 0.0233
4.4145 4.2900 4.3843 0.0231
4.4145 4.2900 4.3843 0.0231
4.4145 4.2900 4.3846 0.0232
4.4145 4.2900 4.3853 0.0226
4.4145 4.2900 4.3857 0.0225
4.4145 4.2900 4.3857 0.0225
4.4145 4.2900 4.3861 0.0224
4.4145 4.3324 4.3869 0.0204
4.4145 4.3324 4.3869 0.0204
4.4145 4.3324 4.3869 0.0204
4.4145 4.3324 4.3869 0.0204
4.4145 4.3324 4.3869 0.0204
4.4145 4.3324 4.3872 0.0204
4.4145 4.3324 4.3876 0.0202
4.4145 4.3324 4.3876 0.0202
4.4145 4.3324 4.3876 0.0202
4.4145 4.3324 4.3876 0.0202
4.4145 4.3324 4.3876 0.0202
4.4145 4.3324 4.3876 0.0202
4.4145 4.3324 4.3879 0.0202
4.4145 4.3324 4.3879 0.0202
4.4145 4.3324 4.3879 0.0202
4.4145 4.3324 4.3879 0.0202
4.4145 4.3324 4.3879 0.0202
4.4145 4.3324 4.3879 0.0202
4.4145 4.3324 4.3879 0.0202
4.4145 4.3324 4.3879 0.0202
4.4145 4.3324 4.3879 0.0202
4.4145 4.3324 4.3879 0.0202
4.4145 4.3324 4.3886 0.0195
4.4145 4.3324 4.3886 0.0195
4.4145 4.3324 4.3886 0.0195
4.4145 4.3324 4.3886 0.0195
4.4145 4.3324 4.3886 0.0195
4.4145 4.3324 4.3891 0.0191
4.4145 4.3324 4.3891 0.0191
4.4145 4.3324 4.3891 0.0191
4.4145 4.3324 4.3891 0.0191
4.4145 4.3324 4.3891 0.0191
4.4145 4.3324 4.3891 0.0191
4.4145 4.3324 4.3891 0.0191
4.4145 4.3324 4.3891 0.0191
4.4145 4.3324 4.3892 0.0190
4.4145 4.3324 4.3892 0.0190
4.4145 4.3324 4.3892 0.0190
4.4145 4.3324 4.3892 0.0190
4.4145 4.3324 4.3892 0.0190
4.4145 4.3324 4.3892 0.0190
4.4145 4.3324 4.3892 0.0190
4.4145 4.3324 4.3892 0.0190
4.4145 4.3324 4.3892 0.0190
4.4145 4.3324 4.3892 0.0190
4.4145 4.3324 4.3892 0.0190
4.4145 4.3324 4.3895 0.0190
4.4145 4.3324 4.3895 0.0190
4.4145 4.3324 4.3895 0.0190
4.4145 4.3324 4.3895 0.0190
4.4145 4.3324 4.3895 0.0190
4.4145 4.3324 4.3902 0.0187
4.4145 4.3324 4.3902 0.0187
4.4145 4.3324 4.3902 0.0187
4.4145 4.3324 4.3907 0.0185
4.4145 4.3324 4.3907 0.0185
4.4145 4.3324 4.3907 0.0184
4.4145 4.3324 4.3907 0.0184
4.4145 4.3324 4.3907 0.0184
4.4145 4.3324 4.3907 0.0184
4.4145 4.3324 4.3912 0.0182
4.4145 4.3324 4.3912 0.0182
4.4145 4.3324 4.3912 0.0182
4.4145 4.3324 4.3912 0.0182
4.4145 4.3324 4.3912 0.0182
4.4145 4.3324 4.3912 0.0182
4.4145 4.3324 4.3916 0.0180
4.4145 4.3324 4.3916 0.0180
4.4145 4.3324 4.3920 0.0177
4.4145 4.3324 4.3920 0.0177
4.4145 4.3324 4.3924 0.0175
4.4145 4.3324 4.3924 0.0175
4.4145 4.3324 4.3924 0.0175
4.4145 4.3324 4.3924 0.0175
4.4145 4.3324 4.3924 0.0175
4.4145 4.3324 4.3924 0.0175
4.4145 4.3324 4.3924 0.0175
4.4145 4.3324 4.3925 0.0174
4.4145 4.3324 4.3925 0.0174
4.4145 4.3324 4.3925 0.0174
4.4145 4.3324 4.3925 0.0174
4.4145 4.3324 4.3925 0.0174
4.4145 4.3324 4.3925 0.0174
4.4145 4.3324 4.3925 0.0174
4.4145 4.3324 4.3925 0.0174
4.4145 4.3324 4.3925 0.0174
4.4145 4.3324 4.3930 0.0171
4.4145 4.3324 4.3930 0.0171
4.4145 4.3324 4.3930 0.0171
4.4145 4.3324 4.3934 0.0168
4.4145 4.3324 4.3934 0.0168
4.4145 4.3324 4.3934 0.0168
4.4145 4.3324 4.3934 0.0168
4.4145 4.3324 4.3934 0.0168
4.4145 4.3324 4.3938 0.0165
4.4145 4.3324 4.3943 0.0161
4.4145 4.3324 4.3943 0.0161
4.4145 4.3324 4.3943 0.0161
4.4145 4.3324 4.3943 0.0161
4.4145 4.3324 4.3943 0.0161
4.4145 4.3324 4.3943 0.0161
4.4145 4.3324 4.3943 0.0161
4.4145 4.3324 4.3943 0.0161
4.4145 4.3324 4.3943 0.0161
4.4145 4.3324 4.3943 0.0161
4.4145 4.3324 4.3943 0.0161
4.4145 4.3324 4.3947 0.0158
4.4145 4.3324 4.3947 0.0158
4.4145 4.3324 4.3950 0.0157
4.4145 4.3324 4.3950 0.0157
4.4145 4.3324 4.3950 0.0157
4.4145 4.3324 4.3954 0.0153
4.4145 4.3324 4.3954 0.0153
4.4145 4.3324 4.3954 0.0153
4.4145 4.3324 4.3954 0.0153
4.4145 4.3324 4.3954 0.0153
4.4145 4.3324 4.3954 0.0153
4.4145 4.3324 4.3954 0.0153
4.4145 4.3324 4.3954 0.0153
4.4145 4.3324 4.3954 0.0153
4.4145 4.3324 4.3954 0.0153
4.4145 4.3324 4.3954 0.0153
4.4145 4.3324 4.3954 0.0153
4.4145 4.3324 4.3954 0.0153
4.4145 4.3324 4.3954 0.0153
4.4145 4.3324 4.3954 0.0153
4.4145 4.3324 4.3954 0.0153
4.4145 4.3324 4.3954 0.0153
4.4145 4.3324 4.3958 0.0149
4.4145 4.3324 4.3960 0.0149
4.4145 4.3324 4.3960 0.0149
4.4145 4.3324 4.3960 0.0149
4.4145 4.3324 4.3960 0.0149
4.4145 4.3324 4.3960 0.0149
4.4145 4.3324 4.3960 0.0149
4.4145 4.3324 4.3960 0.0149
4.4145 4.3324 4.3960 0.0149
4.4145 4.3324 4.3960 0.0149
4.4145 4.3324 4.3963 0.0147
4.4145 4.3324 4.3963 0.0147
4.4145 4.3324 4.3963 0.0147
4.4145 4.3324 4.3963 0.0147
4.4145 4.3324 4.3963 0.0147
4.4145 4.3324 4.3963 0.0147
4.4259 4.3324 4.3969 0.0150
4.4259 4.3324 4.3969 0.0150
4.4259 4.3324 4.3969 0.0150
4.4259 4.3324 4.3969 0.0150
4.4259 4.3324 4.3969 0.0150
4.4259 4.3324 4.3969 0.0150
4.4259 4.3324 4.3969 0.0150
4.4259 4.3324 4.3969 0.0150
4.4259 4.3324 4.3969 0.0150
4.4259 4.3324 4.3969 0.0150
4.4259 4.3324 4.3969 0.0150
4.4259 4.3324 4.3969 0.0150
4.4259 4.3324 4.3969 0.0150
4.4259 4.3324 4.3973 0.0145
4.4259 4.3324 4.3973 0.0145
4.4259 4.3324 4.3973 0.0145
4.4259 4.3324 4.3973 0.0145
4.4259 4.3324 4.3973 0.0145
4.4259 4.3324 4.3973 0.0145
4.4259 4.3324 4.3975 0.0146
4.4259 4.3591 4.3982 0.0131
4.4259 4.3591 4.3988 0.0126
4.4259 4.3591 4.3988 0.0126
4.4259 4.3591 4.3988 0.0126
4.4259 4.3591 4.3988 0.0126
4.4259 4.3591 4.3988 0.0126
4.4259 4.3591 4.3988 0.0126
4.4259 4.3591 4.3988 0.0126
4.4259 4.3591 4.3988 0.0126
4.4259 4.3591 4.3988 0.0126
4.4259 4.3591 4.3988 0.0126
4.4259 4.3591 4.3988 0.0126
4.4259 4.3591 4.3988 0.0126
4.4259 4.3591 4.3992 0.0119
4.4259 4.3591 4.3992 0.0119
4.4259 4.3591 4.3992 0.0119
4.4259 4.3591 4.3992 0.0119
4.4259 4.3591 4.3992 0.0119
4.4259 4.3591 4.3992 0.0119
4.4259 4.3591 4.3992 0.0119
4.4259 4.3591 4.3992 0.0119
4.4259 4.3591 4.3992 0.0119
4.4259 4.3591 4.3992 0.0119
4.4259 4.3591 4.3992 0.0119
4.4259 4.3591 4.3993 0.0119
4.4259 4.3591 4.3993 0.0119
4.4259 4.3591 4.3993 0.0119
4.4259 4.3591 4.3993 0.0119
4.4259 4.3591 4.3993 0.0119
4.4259 4.3591 4.3993 0.0119
4.4259 4.3591 4.3993 0.0119
4.4259 4.3591 4.3993 0.0119
4.4259 4.3591 4.3993 0.0119
4.4259 4.3591 4.3993 0.0119
4.4259 4.3591 4.3993 0.0119
4.4259 4.3591 4.3993 0.0119
4.4259 4.3591 4.3993 0.0119
4.4259 4.3591 4.3993 0.0119
4.4259 4.3591 4.3993 0.0119
4.4259 4.3591 4.3993 0.0119
4.4259 4.3591 4.3993 0.0119
4.4259 4.3591 4.3993 0.0119
4.4259 4.3591 4.3993 0.0119
4.4259 4.3591 4.3993 0.0119
4.4259 4.3591 4.3993 0.0119
4.4348 4.3591 4.3997 0.0127
4.4348 4.3591 4.3997 0.0127
4.4348 4.3591 4.3997 0.0127
4.4348 4.3591 4.3997 0.0127
4.4348 4.3591 4.3997 0.0127
4.4348 4.3591 4.3997 0.0127
4.4348 4.3591 4.3997 0.0127
4.4348 4.3591 4.3997 0.0127
4.4348 4.3591 4.3997 0.0127
4.4348 4.3591 4.3998 0.0127
4.4348 4.3591 4.3998 0.0127
4.4348 4.3591 4.3998 0.0127
4.4348 4.3591 4.3998 0.0127
4.4348 4.3591 4.3998 0.0127
4.4348 4.3591 4.3998 0.0127
4.4348 4.3591 4.3998 0.0127
4.4348 4.3591 4.4001 0.0130
4.4348 4.3591 4.4004 0.0127
4.4348 4.3591 4.4007 0.0124
4.4348 4.3591 4.4007 0.0124
4.4348 4.3591 4.4007 0.0124
4.4348 4.3591 4.4007 0.0124
4.4348 4.3591 4.4010 0.0118
4.4348 4.3591 4.4010 0.0118
4.4348 4.3591 4.4010 0.0118
4.4348 4.3591 4.4014 0.0112
4.4348 4.3591 4.4014 0.0112
4.4348 4.3591 4.4014 0.0112
4.4348 4.3591 4.4014 0.0112
4.4348 4.3591 4.4015 0.0112
4.4348 4.3591 4.4015 0.0112
4.4348 4.3591 4.4015 0.0112
4.4348 4.3591 4.4015 0.0112
4.4348 4.3591 4.4015 0.0112
4.4348 4.3591 4.4015 0.0112
4.4348 4.3591 4.4015 0.0112
4.4348 4.3591 4.4015 0.0112
4.4348 4.3591 4.4017 0.0115
4.4348 4.3591 4.4017 0.0115
4.4348 4.3591 4.4017 0.0115
4.4348 4.3591 4.4017 0.0115
4.4348 4.3591 4.4017 0.0115
4.4348 4.3591 4.4017 0.0115
4.4348 4.3591 4.4017 0.0115
4.4348 4.3591 4.4017 0.0115
4.4348 4.3591 4.4017 0.0115
4.4348 4.3591 4.4017 0.0115
4.4348 4.3591 4.4017 0.0115
4.4348 4.3591 4.4017 0.0115
4.4348 4.3591 4.4017 0.0115
4.4348 4.3591 4.4017 0.0115
4.4348 4.3591 4.4022 0.0107
4.4348 4.3591 4.4022 0.0107
4.4348 4.3591 4.4022 0.0107
4.4348 4.3591 4.4022 0.0107
4.4348 4.3591 4.4022 0.0107
4.4348 4.3591 4.4023 0.0110
4.4348 4.3591 4.4023 0.0110
4.4348 4.3591 4.4023 0.0110
4.4348 4.3591 4.4023 0.0110
4.4348 4.3591 4.4023 0.0110
4.4348 4.3591 4.4023 0.0110
4.4348 4.3591 4.4023 0.0110
4.4348 4.3591 4.4023 0.0110
4.4348 4.3591 4.4023 0.0110
4.4348 4.3591 4.4023 0.0110
4.4348 4.3591 4.4023 0.0110
4.4348 4.3591 4.4023 0.0110
4.4348 4.3591 4.4023 0.0110
4.4348 4.3591 4.4028 0.0101
4.4348 4.3591 4.4028 0.0101
4.4348 4.3591 4.4028 0.0101
4.4348 4.3591 4.4028 0.0101
4.4348 4.3591 4.4028 0.0101
4.4348 4.3591 4.4028 0.0101
4.4348 4.3591 4.4028 0.0101
4.4348 4.3591 4.4028 0.0101
4.4348 4.3591 4.4028 0.0101
4.4348 4.3591 4.4028 0.0101
4.4348 4.3591 4.4028 0.0101
4.4348 4.3591 4.4028 0.0101
4.4348 4.3591 4.4028 0.0101
4.4348 4.3591 4.4028 0.0101
4.4348 4.3591 4.4028 0.0101
4.4348 4.3591 4.4028 0.0101
4.4348 4.3591 4.4028 0.0101
4.4348 4.3591 4.4028 0.0101
4.4348 4.3591 4.4028 0.0101
4.4348 4.3591 4.4028 0.0101
4.4348 4.3591 4.4028 0.0101
4.4348 4.3591 4.4028 0.0101
4.4348 4.3591 4.4028 0.0101
4.4348 4.3591 4.4029 0.0101
4.4348 4.3591 4.4029 0.0101
4.4348 4.3591 4.4031 0.0103
4.4348 4.3591 4.4031 0.0103
4.4348 4.3591 4.4031 0.0103
4.4348 4.3591 4.4031 0.0103
4.4348 4.3591 4.4031 0.0103
4.4348 4.3591 4.4031 0.0103
4.4348 4.3591 4.4031 0.0103
4.4348 4.3591 4.4031 0.0103
4.4348 4.3591 4.4031 0.0103
4.4348 4.3591 4.4031 0.0103
4.4348 4.3591 4.4031 0.0103
4.4348 4.3591 4.4034 0.0106
4.4348 4.3591 4.4035 0.0106
4.4348 4.3591 4.4035 0.0106
4.4348 4.3591 4.4035 0.0106
4.4348 4.3591 4.4035 0.0106
4.4348 4.3591 4.4038 0.0102
4.4348 4.3591 4.4038 0.0102
4.4348 4.3591 4.4039 0.0103
4.4348 4.3591 4.4039 0.0103
4.4348 4.3591 4.4039 0.0103
4.4348 4.3591 4.4039 0.0103
4.4348 4.3591 4.4039 0.0103
4.4348 4.3591 4.4039 0.0103
4.4348 4.3591 4.4039 0.0103
4.4348 4.3591 4.4039 0.0103
4.4348 4.3591 4.4039 0.0103
4.4348 4.3591 4.4039 0.0103
4.4348 4.3591 4.4039 0.0103
4.4348 4.3591 4.4039 0.0103
4.4348 4.3591 4.4039 0.0103
4.4348 4.3591 4.4039 0.0103
4.4348 4.3591 4.4039 0.0103
4.4348 4.3591 4.4039 0.0103
4.4348 4.3591 4.4039 0.0103
4.4348 4.3591 4.4039 0.0103
4.4348 4.3591 4.4039 0.0103
4.4348 4.3591 4.4039 0.0103
4.4348 4.3591 4.4039 0.0103
4.4348 4.3591 4.4041 0.0105
4.4348 4.3591 4.4041 0.0105
4.4348 4.3591 4.4041 0.0105
4.4348 4.3591 4.4041 0.0105
4.4348 4.3591 4.4041 0.0105
4.4348 4.3591 4.4041 0.0105
4.4348 4.3591 4.4041 0.0105
4.4348 4.3591 4.4041 0.0105
4.4348 4.3591 4.4042 0.0105
4.4348 4.3591 4.4042 0.0105
4.4348 4.3591 4.4042 0.0105
4.4348 4.3591 4.4042 0.0105
4.4348 4.3591 4.4042 0.0105
4.4348 4.3624 4.4047 0.0095
4.4348 4.3624 4.4047 0.0095
4.4348 4.3624 4.4047 0.0095
4.4348 4.3624 4.4047 0.0095
4.4348 4.3624 4.4047 0.0095
4.4348 4.3624 4.4047 0.0095
4.4348 4.3624 4.4047 0.0095
4.4348 4.3624 4.4048 0.0095
4.4348 4.3624 4.4048 0.0095
4.4348 4.3624 4.4048 0.0095
4.4348 4.3624 4.4048 0.0095
4.4348 4.3624 4.4048 0.0095
4.4348 4.3624 4.4050 0.0097
4.4348 4.3624 4.4050 0.0097
4.4348 4.3624 4.4053 0.0101
4.4348 4.3624 4.4053 0.0101
4.4348 4.3624 4.4056 0.0105
4.4348 4.3624 4.4056 0.0105
4.4348 4.3624 4.4057 0.0105
4.4348 4.3624 4.4057 0.0105
4.4348 4.3624 4.4057 0.0105
4.4348 4.3624 4.4057 0.0105
4.4348 4.3624 4.4058 0.0105
4.4348 4.3624 4.4058 0.0105
4.4348 4.3624 4.4058 0.0105
4.4348 4.3624 4.4058 0.0105
4.4348 4.3624 4.4058 0.0105
4.4348 4.3624 4.4058 0.0105
4.4348 4.3624 4.4058 0.0105
4.4348 4.3624 4.4058 0.0105
4.4348 4.3725 4.4062 0.0096
4.4348 4.3725 4.4062 0.0096
4.4348 4.3725 4.4063 0.0096
4.4348 4.3725 4.4063 0.0096
4.4348 4.3725 4.4063 0.0096
4.4348 4.3725 4.4064 0.0096
4.4348 4.3725 4.4064 0.0096
4.4348 4.3725 4.4065 0.0096
4.4348 4.3725 4.4065 0.0096
4.4348 4.3725 4.4065 0.0096
4.4348 4.3725 4.4065 0.0096
4.4348 4.3725 4.4065 0.0096
4.4348 4.3725 4.4066 0.0096
4.4348 4.3725 4.4066 0.0096
4.4348 4.3725 4.4066 0.0096
4.4348 4.3725 4.4068 0.0096
4.4348 4.3725 4.4068 0.0096
4.4348 4.3725 4.4068 0.0096
4.4348 4.3725 4.4070 0.0097
4.4348 4.3725 4.4070 0.0097
4.4348 4.3725 4.4071 0.0097
4.4348 4.3725 4.4071 0.0097
4.4348 4.3725 4.4071 0.0097
4.4348 4.3725 4.4071 0.0097
4.4348 4.3725 4.4073 0.0097
4.4348 4.3725 4.4073 0.0097
4.4348 4.3725 4.4073 0.0097
4.4348 4.3725 4.4073 0.0097
4.4348 4.3725 4.4073 0.0097
4.4348 4.3725 4.4074 0.0097
4.4348 4.3725 4.4074 0.0097
4.4348 4.3725 4.4074 0.0097
4.4348 4.3725 4.4074 0.0097
4.4348 4.3725 4.4074 0.0097
4.4348 4.3725 4.4074 0.0097
4.4348 4.3725 4.4074 0.0097
4.4348 4.3725 4.4075 0.0099
4.4348 4.3725 4.4075 0.0099
4.4348 4.3725 4.4075 0.0099
4.4348 4.3725 4.4075 0.0099
4.4348 4.3725 4.4077 0.0099
4.4348 4.3725 4.4077 0.0100
4.4348 4.3725 4.4078 0.0100
4.4348 4.3725 4.4078 0.0100
4.4348 4.3725 4.4078 0.0100
4.4348 4.3725 4.4078 0.0100
4.4348 4.3725 4.4080 0.0102
4.4348 4.3725 4.4080 0.0102
4.4348 4.3725 4.4080 0.0102
4.4348 4.3725 4.4081 0.0102
4.4348 4.3725 4.4081 0.0102
4.4348 4.3725 4.4081 0.0102
4.4348 4.3725 4.4081 0.0102
4.4348 4.3725 4.4084 0.0105
4.4348 4.3725 4.4084 0.0105
4.4348 4.3725 4.4085 0.0105
4.4348 4.3725 4.4085 0.0105
4.4348 4.3725 4.4086 0.0105
4.4348 4.3725 4.4086 0.0105
4.4348 4.3725 4.4088 0.0105
4.4348 4.4020 4.4091 0.0099
4.4348 4.4020 4.4091 0.0099
4.4348 4.4020 4.4092 0.0099
4.4348 4.4020 4.4092 0.0099
4.4348 4.4020 4.4092 0.0099
4.4348 4.4020 4.4092 0.0099
4.4348 4.4020 4.4092 0.0099
4.4348 4.4020 4.4093 0.0099
4.4348 4.4020 4.4093 0.0099
4.4348 4.4020 4.4094 0.0098
4.4348 4.4020 4.4095 0.0100
4.4348 4.4020 4.4095 0.0100
4.4348 4.4020 4.4096 0.0099
4.4348 4.4020 4.4096 0.0099
4.4348 4.4020 4.4096 0.0099
4.4348 4.4020 4.4096 0.0099
4.4348 4.4020 4.4096 0.0099
4.4348 4.4020 4.4096 0.0099
4.4348 4.4020 4.4097 0.0099
4.4348 4.4020 4.4097 0.0099
4.4348 4.4020 4.4097 0.0099
4.4348 4.4020 4.4097 0.0099
4.4348 4.4020 4.4097 0.0099
4.4348 4.4020 4.4097 0.0099
4.4348 4.4020 4.4098 0.0101
4.4348 4.4020 4.4098 0.0101
4.4348 4.4020 4.4098 0.0101
4.4348 4.4020 4.4098 0.0101
4.4348 4.4020 4.4099 0.0101
4.4348 4.4020 4.4099 0.0101
4.4348 4.4020 4.4099 0.0101
4.4348 4.4020 4.4099 0.0101
4.4348 4.4020 4.4099 0.0101
4.4348 4.4020 4.4100 0.0101
4.4348 4.4020 4.4100 0.0100
4.4348 4.4020 4.4100 0.0100
4.4348 4.4020 4.4100 0.0100
4.4859 4.4020 4.4108 0.0126
4.4859 4.4020 4.4108 0.0126
4.4859 4.4020 4.4108 0.0126
4.4859 4.4020 4.4111 0.0126
4.4859 4.4020 4.4111 0.0126
4.4859 4.4020 4.4111 0.0126
4.4859 4.4020 4.4111 0.0126
4.4859 4.4020 4.4111 0.0126
4.4859 4.4020 4.4112 0.0126
4.4859 4.4020 4.4112 0.0126
4.4859 4.4020 4.4113 0.0126
4.4859 4.4020 4.4113 0.0126
4.4859 4.4020 4.4115 0.0126
4.4859 4.4020 4.4115 0.0126
4.4859 4.4020 4.4117 0.0126
4.4859 4.4020 4.4120 0.0127
4.4859 4.4020 4.4121 0.0128
4.4859 4.4020 4.4121 0.0128
4.4859 4.4020 4.4123 0.0128
4.4859 4.4020 4.4123 0.0128
4.4859 4.4020 4.4125 0.0128
4.4859 4.4020 4.4125 0.0128
4.4859 4.4020 4.4125 0.0128
4.4859 4.4020 4.4125 0.0128
4.4859 4.4020 4.4125 0.0128
4.4859 4.4020 4.4127 0.0128
4.4859 4.4020 4.4127 0.0128
4.4859 4.4020 4.4127 0.0128
4.4859 4.4020 4.4127 0.0128
4.4859 4.4020 4.4127 0.0128
4.4859 4.4020 4.4130 0.0129
4.4859 4.4020 4.4130 0.0129
4.4859 4.4020 4.4130 0.0129
4.4859 4.4020 4.4132 0.0129
4.4859 4.4020 4.4132 0.0129
4.4859 4.4020 4.4132 0.0129
4.4859 4.4020 4.4132 0.0129
4.4859 4.4020 4.4132 0.0129
4.4859 4.4020 4.4132 0.0129
4.4859 4.4020 4.4132 0.0129
4.4859 4.4020 4.4134 0.0129
4.4859 4.4020 4.4134 0.0129
4.4859 4.4020 4.4134 0.0129
4.4859 4.4020 4.4134 0.0129
4.4859 4.4020 4.4134 0.0129
4.4859 4.4020 4.4134 0.0129
4.4859 4.4020 4.4134 0.0129
4.4859 4.4020 4.4134 0.0129
4.4859 4.4020 4.4134 0.0129
4.4859 4.4020 4.4134 0.0129
4.4859 4.4020 4.4134 0.0129
4.4859 4.4020 4.4134 0.0129
4.5081 4.4020 4.4144 0.0160
4.5081 4.4020 4.4144 0.0160
4.5081 4.4020 4.4144 0.0160
4.5081 4.4020 4.4144 0.0160
4.5081 4.4020 4.4144 0.0160
4.5081 4.4020 4.4144 0.0160
4.5081 4.4020 4.4146 0.0160
4.5081 4.4020 4.4146 0.0160
4.5081 4.4020 4.4146 0.0160
4.5081 4.4020 4.4146 0.0160
4.5081 4.4020 4.4146 0.0160
4.5081 4.4020 4.4148 0.0160
4.5081 4.4020 4.4148 0.0160
4.5081 4.4020 4.4150 0.0161
4.5081 4.4020 4.4150 0.0161
4.5081 4.4020 4.4150 0.0161
4.5081 4.4020 4.4150 0.0161
4.5081 4.4020 4.4152 0.0160
4.5081 4.4020 4.4155 0.0161
4.5081 4.4020 4.4155 0.0161
4.5081 4.4020 4.4158 0.0162
4.5081 4.4020 4.4158 0.0162
4.5081 4.4020 4.4158 0.0162
4.5081 4.4020 4.4160 0.0161
4.5081 4.4020 4.4162 0.0161
4.5081 4.4020 4.4162 0.0161
4.5081 4.4020 4.4162 0.0161
4.5081 4.4020 4.4163 0.0162
4.5081 4.4020 4.4163 0.0162
4.5081 4.4020 4.4163 0.0162
4.5081 4.4020 4.4164 0.0162
4.5081 4.4020 4.4164 0.0162
4.5081 4.4020 4.4164 0.0162
4.5081 4.4020 4.4164 0.0162
4.5081 4.4020 4.4164 0.0162
4.5081 4.4020 4.4165 0.0162
4.5081 4.4020 4.4165 0.0162
4.5081 4.4020 4.4165 0.0162
4.5081 4.4020 4.4167 0.0163
4.5081 4.4020 4.4167 0.0163
4.5081 4.4020 4.4167 0.0163
4.5081 4.4020 4.4167 0.0163
4.5081 4.4020 4.4169 0.0163
4.5081 4.4020 4.4169 0.0163
4.5081 4.4020 4.4169 0.0163
4.5081 4.4020 4.4170 0.0162
4.5081 4.4020 4.4173 0.0162
4.5081 4.4020 4.4173 0.0162
4.5081 4.4020 4.4173 0.0162
4.5081 4.4020 4.4173 0.0162
4.5081 4.4020 4.4173 0.0162
4.5081 4.4020 4.4173 0.0162
4.5081 4.4020 4.4174 0.0162
4.5081 4.4020 4.4175 0.0161
4.5081 4.4020 4.4175 0.0161
4.5081 4.4020 4.4177 0.0161
4.5081 4.4020 4.4178 0.0160
4.5081 4.4020 4.4178 0.0160
4.5081 4.4020 4.4178 0.0160
4.5081 4.4020 4.4179 0.0160
4.5081 4.4020 4.4179 0.0160
4.5081 4.4020 4.4181 0.0159
4.5081 4.4020 4.4183 0.0159
4.5081 4.4020 4.4183 0.0159
4.5081 4.4020 4.4183 0.0159
4.5081 4.4020 4.4184 0.0159
4.5081 4.4020 4.4184 0.0159
4.5081 4.4020 4.4184 0.0159
4.5081 4.4020 4.4185 0.0160
4.5081 4.4020 4.4185 0.0160
4.5081 4.4020 4.4186 0.0159
4.5081 4.4020 4.4186 0.0159
4.5081 4.4020 4.4186 0.0159
4.5081 4.4020 4.4186 0.0159
4.5081 4.4020 4.4186 0.0159
4.5081 4.4020 4.4186 0.0159
4.5081 4.4020 4.4187 0.0158
4.5081 4.4020 4.4187 0.0158
4.5081 4.4020 4.4187 0.0158
4.5081 4.4020 4.4189 0.0157
4.5081 4.4020 4.4189 0.0157
4.5081 4.4020 4.4191 0.0156
4.5081 4.4020 4.4191 0.0156
4.5081 4.4020 4.4191 0.0156
4.5081 4.4020 4.4191 0.0156
4.5081 4.4020 4.4191 0.0156
4.5081 4.4020 4.4191 0.0156
4.5081 4.4020 4.4191 0.0156
4.5081 4.4020 4.4191 0.0156
4.5081 4.4020 4.4191 0.0156
4.5081 4.4020 4.4193 0.0156
4.5081 4.4020 4.4194 0.0157
4.5081 4.4020 4.4195 0.0157
4.5081 4.4020 4.4196 0.0156
4.5081 4.4020 4.4197 0.0156
4.5081 4.4020 4.4199 0.0155
4.5081 4.4020 4.4199 0.0155
4.5081 4.4020 4.4199 0.0155
4.5081 4.4020 4.4201 0.0155
4.5081 4.4020 4.4201 0.0155
4.5081 4.4020 4.4201 0.0155
4.5081 4.4020 4.4202 0.0155
4.5081 4.4020 4.4202 0.0155
4.5081 4.4020 4.4202 0.0155
4.5081 4.4020 4.4208 0.0167
4.5081 4.4020 4.4208 0.0167
4.5081 4.4020 4.4208 0.0167
4.5081 4.4020 4.4208 0.0167
4.5081 4.4020 4.4208 0.0167
4.5081 4.4020 4.4208 0.0167
4.5081 4.4020 4.4208 0.0167
4.5081 4.4020 4.4210 0.0166
4.5081 4.4020 4.4210 0.0166
4.5081 4.4020 4.4210 0.0166
4.5081 4.4020 4.4210 0.0166
4.5081 4.4020 4.4211 0.0166
4.5081 4.4020 4.4213 0.0165
4.5136 4.4020 4.4216 0.0178
4.5136 4.4020 4.4216 0.0178
4.5136 4.4020 4.4217 0.0177
4.5136 4.4020 4.4217 0.0177
4.5136 4.4020 4.4217 0.0177
4.5136 4.4020 4.4218 0.0177
4.5136 4.4020 4.4219 0.0177
4.5136 4.4020 4.4219 0.0177
4.5136 4.4020 4.4219 0.0177
4.5136 4.4020 4.4219 0.0177
4.5136 4.4020 4.4219 0.0177
4.5136 4.4020 4.4219 0.0177
4.5136 4.4020 4.4221 0.0177
4.5136 4.4020 4.4221 0.0177
4.5136 4.4020 4.4221 0.0177
4.5136 4.4020 4.4222 0.0178
4.5136 4.4020 4.4222 0.0178
4.5136 4.4020 4.4222 0.0178
4.5136 4.4020 4.4222 0.0178
4.5136 4.4020 4.4222 0.0178
4.5136 4.4020 4.4222 0.0178
4.5136 4.4020 4.4222 0.0178
4.5136 4.4020 4.4222 0.0178
4.5136 4.4020 4.4223 0.0178
4.5136 4.4020 4.4223 0.0178
4.5136 4.4020 4.4223 0.0178
4.5136 4.4020 4.4223 0.0178
4.5136 4.4020 4.4223 0.0178
4.5136 4.4020 4.4224 0.0178
4.5136 4.4020 4.4224 0.0178
4.5136 4.4020 4.4227 0.0177
4.5136 4.4020 4.4228 0.0177
4.5136 4.4020 4.4228 0.0177
4.5136 4.4020 4.4228 0.0177
4.5136 4.4020 4.4228 0.0177
4.5136 4.4020 4.4228 0.0177
4.5136 4.4020 4.4231 0.0176
4.5136 4.4020 4.4231 0.0176
4.5136 4.4020 4.4231 0.0176
4.5136 4.4020 4.4232 0.0176
4.5136 4.4020 4.4242 0.0195
4.5136 4.4020 4.4242 0.0195
4.5136 4.4020 4.4242 0.0195
4.5136 4.4020 4.4242 0.0195
4.5136 4.4020 4.4242 0.0195
4.5136 4.4020 4.4242 0.0195
4.5136 4.4020 4.4242 0.0195
4.5136 4.4020 4.4243 0.0194
4.5136 4.4020 4.4244 0.0193
4.5136 4.4020 4.4244 0.0193
4.5136 4.4020 4.4244 0.0193
4.5136 4.4020 4.4246 0.0193
4.5136 4.4020 4.4248 0.0193
4.5136 4.4020 4.4248 0.0193
4.5136 4.4020 4.4251 0.0192
4.5136 4.4020 4.4251 0.0192
4.5136 4.4020 4.4251 0.0192
4.5136 4.4020 4.4251 0.0192
4.5136 4.4020 4.4251 0.0192
4.5136 4.4020 4.4251 0.0192
4.5136 4.4020 4.4251 0.0192
4.5136 4.4020 4.4251 0.0192
4.5136 4.4020 4.4251 0.0192
4.5136 4.4020 4.4251 0.0192
4.5136 4.4020 4.4251 0.0192
4.5136 4.4020 4.4253 0.0191
4.5136 4.4020 4.4253 0.0191
4.5136 4.4020 4.4253 0.0191
4.5136 4.4020 4.4253 0.0191
4.5136 4.4020 4.4255 0.0191
4.5136 4.4020 4.4255 0.0191
4.5136 4.4020 4.4255 0.0191
4.5136 4.4020 4.4257 0.0191
4.5136 4.4020 4.4259 0.0192
4.5136 4.4020 4.4259 0.0192
4.5136 4.4020 4.4259 0.0192
4.5136 4.4020 4.4259 0.0192
4.5136 4.4020 4.4259 0.0192
4.5136 4.4020 4.4261 0.0192
4.5136 4.4020 4.4261 0.0192
4.5136 4.4020 4.4264 0.0190
4.5136 4.4020 4.4266 0.0190
4.5136 4.4020 4.4266 0.0190
4.5136 4.4020 4.4266 0.0190
4.5136 4.4020 4.4266 0.0190
4.5136 4.4020 4.4266 0.0189
4.5136 4.4020 4.4266 0.0189
4.5136 4.4020 4.4266 0.0189
4.5136 4.4020 4.4266 0.0189
4.5136 4.4020 4.4267 0.0189
4.5136 4.4020 4.4267 0.0189
4.5136 4.4020 4.4267 0.0189
4.5136 4.4020 4.4267 0.0189
4.5136 4.4020 4.4269 0.0189
4.5136 4.4020 4.4269 0.0189
4.5136 4.4020 4.4269 0.0189
4.5136 4.4020 4.4270 0.0188
4.5136 4.4020 4.4271 0.0188
4.5136 4.4020 4.4271 0.0188
4.5136 4.4020 4.4271 0.0188
4.5136 4.4020 4.4271 0.0188
4.5136 4.4020 4.4273 0.0187
4.5136 4.4020 4.4273 0.0187
4.5136 4.4020 4.4273 0.0187
4.5136 4.4020 4.4276 0.0186
4.5136 4.4020 4.4276 0.0186
4.5136 4.4020 4.4278 0.0185
4.5136 4.4020 4.4278 0.0185
4.5136 4.4020 4.4278 0.0185
4.5136 4.4020 4.4278 0.0185
4.5136 4.4020 4.4279 0.0185
4.5136 4.4020 4.4279 0.0185
4.5136 4.4020 4.4279 0.0185
4.5136 4.4020 4.4279 0.0185
4.5136 4.4020 4.4281 0.0185
4.5136 4.4020 4.4282 0.0185
4.5136 4.4020 4.4282 0.0185
4.5136 4.4020 4.4282 0.0185
4.5136 4.4020 4.4282 0.0185
4.5136 4.4020 4.4289 0.0201
4.5136 4.4020 4.4289 0.0201
4.5136 4.4020 4.4289 0.0201
4.5136 4.4020 4.4291 0.0200
4.5136 4.4020 4.4292 0.0200
4.5136 4.4020 4.4295 0.0199
4.5136 4.4020 4.4295 0.0198
4.5136 4.4020 4.4296 0.0198
4.5136 4.4020 4.4296 0.0198
4.5136 4.4020 4.4296 0.0198
4.5136 4.4020 4.4296 0.0198
4.5136 4.4020 4.4296 0.0198
4.5136 4.4020 4.4297 0.0198
4.5136 4.4020 4.4297 0.0198
4.5136 4.4020 4.4297 0.0198
4.5136 4.4020 4.4297 0.0198
4.5136 4.4020 4.4297 0.0198
4.5136 4.4020 4.4299 0.0198
4.5136 4.4020 4.4299 0.0198
4.5136 4.4020 4.4299 0.0198
4.5136 4.4020 4.4299 0.0198
4.5136 4.4020 4.4299 0.0198
4.5136 4.4020 4.4300 0.0197
4.5136 4.4020 4.4301 0.0197
4.5136 4.4020 4.4301 0.0197
4.5136 4.4020 4.4309 0.0207
4.5136 4.4020 4.4309 0.0207
4.5136 4.4020 4.4310 0.0207
4.5136 4.4020 4.4310 0.0207
4.5136 4.4020 4.4310 0.0207
4.5136 4.4020 4.4310 0.0207
4.5136 4.4020 4.4310 0.0207
4.5136 4.4020 4.4311 0.0207
4.5136 4.4020 4.4311 0.0207
4.5136 4.4020 4.4311 0.0207
4.5136 4.4020 4.4311 0.0207
4.5136 4.4020 4.4311 0.0207
4.5424 4.4020 4.4318 0.0234
4.5424 4.4020 4.4318 0.0234
4.5424 4.4020 4.4318 0.0234
4.5424 4.4020 4.4318 0.0234
4.5424 4.4020 4.4318 0.0234
4.5424 4.4020 4.4318 0.0234
4.5424 4.4020 4.4318 0.0234
4.5424 4.4020 4.4318 0.0234
4.5424 4.4020 4.4318 0.0234
4.5424 4.4020 4.4318 0.0234
4.5424 4.4020 4.4318 0.0234
4.5424 4.4020 4.4318 0.0234
4.5424 4.4020 4.4318 0.0234
4.5424 4.4020 4.4318 0.0234
4.5424 4.4020 4.4318 0.0234
4.5424 4.4020 4.4318 0.0234
4.5424 4.4020 4.4318 0.0234
4.5424 4.4020 4.4318 0.0234
4.5424 4.4020 4.4327 0.0251
4.5424 4.4020 4.4327 0.0251
4.5424 4.4020 4.4328 0.0251
4.5424 4.4020 4.4329 0.0251
4.5424 4.4020 4.4329 0.0251
4.5424 4.4020 4.4334 0.0257
4.5424 4.4020 4.4334 0.0257
4.5424 4.4020 4.4334 0.0257
4.5424 4.4020 4.4334 0.0257
4.5424 4.4020 4.4335 0.0257
4.5424 4.4020 4.4335 0.0257
4.5424 4.4020 4.4340 0.0262
4.5424 4.4020 4.4340 0.0262
4.5424 4.4020 4.4340 0.0262
4.5424 4.4020 4.4340 0.0262
4.5424 4.4020 4.4340 0.0262
4.5424 4.4020 4.4340 0.0262
4.5424 4.4020 4.4340 0.0262
4.5532 4.4020 4.4352 0.0287
4.5532 4.4020 4.4358 0.0302
4.5532 4.4020 4.4358 0.0302
4.5532 4.4020 4.4358 0.0302
4.5532 4.4020 4.4361 0.0300
4.5532 4.4020 4.4361 0.0300
4.5532 4.4020 4.4361 0.0300
4.5532 4.4020 4.4364 0.0299
4.5532 4.4020 4.4364 0.0299
4.5532 4.4020 4.4364 0.0299
4.5532 4.4020 4.4364 0.0299
4.5532 4.4020 4.4364 0.0299
4.5532 4.4020 4.4364 0.0299
4.5532 4.4020 4.4364 0.0299
4.5532 4.4020 4.4364 0.0299
4.5532 4.4020 4.4364 0.0299
4.5532 4.4020 4.4364 0.0299
4.5532 4.4020 4.4372 0.0302
4.5532 4.4020 4.4372 0.0301
4.5532 4.4020 4.4372 0.0301
4.5532 4.4020 4.4382 0.0312
4.5532 4.4020 4.4382 0.0312
4.5532 4.4020 4.4383 0.0312
4.5532 4.4020 4.4383 0.0312
4.5532 4.4020 4.4383 0.0312
4.5532 4.4020 4.4383 0.0312
4.5532 4.4020 4.4392 0.0316
4.5532 4.4020 4.4392 0.0316
4.5532 4.4020 4.4397 0.0318
4.5532 4.4020 4.4398 0.0317
4.5532 4.4020 4.4398 0.0317
4.5532 4.4020 4.4398 0.0317
4.5532 4.4020 4.4398 0.0317
4.5532 4.4020 4.4398 0.0317
4.5532 4.4020 4.4398 0.0317
4.5532 4.4020 4.4399 0.0317
4.5532 4.4020 4.4400 0.0316
4.5532 4.4020 4.4410 0.0319
4.5532 4.4020 4.4410 0.0319
4.5532 4.4020 4.4410 0.0319
4.5532 4.4020 4.4411 0.0318
4.5532 4.4020 4.4412 0.0318
4.5532 4.4020 4.4419 0.0323
4.5532 4.4020 4.4419 0.0323
4.5532 4.4020 4.4419 0.0323
4.5532 4.4020 4.4420 0.0322
4.5532 4.4020 4.4420 0.0322
4.5532 4.4020 4.4420 0.0322
4.5532 4.4020 4.4420 0.0322
4.5532 4.4020 4.4432 0.0337
4.5532 4.4020 4.4432 0.0337
4.5532 4.4020 4.4432 0.0337
4.5532 4.4020 4.4432 0.0337
4.5532 4.4020 4.4443 0.0351
4.5532 4.4020 4.4443 0.0351
4.5532 4.4020 4.4443 0.0350
4.5532 4.4020 4.4443 0.0350
4.5532 4.4020 4.4443 0.0350
4.5532 4.4020 4.4450 0.0355
4.5532 4.4020 4.4450 0.0355
4.5532 4.4020 4.4450 0.0355
4.5532 4.4020 4.4451 0.0355
4.5532 4.4020 4.4462 0.0369
4.5532 4.4020 4.4468 0.0371
4.5532 4.4020 4.4469 0.0371
4.5532 4.4020 4.4469 0.0371
4.5532 4.4020 4.4469 0.0371
4.5532 4.4020 4.4469 0.0371
4.5532 4.4020 4.4469 0.0371
4.5532 4.4020 4.4470 0.0371
4.5532 4.4020 4.4470 0.0371
4.5532 4.4020 4.4477 0.0375
4.5532 4.4020 4.4477 0.0375
4.5532 4.4020 4.4480 0.0382
4.5532 4.4020 4.4481 0.0382
4.5532 4.4020 4.4491 0.0389
4.5532 4.4020 4.4493 0.0388
4.5532 4.4024 4.4505 0.0393
4.5532 4.4024 4.4514 0.0398
4.5532 4.4024 4.4514 0.0397
4.5532 4.4024 4.4514 0.0397
4.5532 4.4024 4.4514 0.0397
4.5532 4.4024 4.4526 0.0407
4.5532 4.4024 4.4526 0.0407
4.5532 4.4024 4.4526 0.0407
4.5532 4.4024 4.4536 0.0413
4.5532 4.4024 4.4536 0.0413
4.5532 4.4024 4.4545 0.0412
4.5532 4.4024 4.4545 0.0412
4.5532 4.4024 4.4559 0.0419
4.5532 4.4024 4.4560 0.0418
4.5532 4.4024 4.4573 0.0427
4.5532 4.4024 4.4573 0.0427
4.5532 4.4024 4.4573 0.0427
4.5532 4.4024 4.4577 0.0433
4.5532 4.4024 4.4577 0.0433
4.5532 4.4024 4.4577 0.0433
4.5532 4.4024 4.4585 0.0435
4.5532 4.4024 4.4589 0.0440
4.5532 4.4024 4.4589 0.0440
4.5532 4.4024 4.4590 0.0440
4.5532 4.4024 4.4590 0.0440
4.5532 4.4024 4.4590 0.0440
4.5532 4.4024 4.4592 0.0443
4.5532 4.4024 4.4600 0.0445
4.5532 4.4024 4.4611 0.0452
4.5532 4.4024 4.4611 0.0452
4.5532 4.4024 4.4611 0.0452
4.5532 4.4024 4.4620 0.0456
4.5532 4.4024 4.4628 0.0457
4.5532 4.4024 4.4628 0.0457
4.5532 4.4024 4.4628 0.0457
4.5532 4.4024 4.4628 0.0457
4.5532 4.4024 4.4628 0.0457
4.5532 4.4024 4.4628 0.0457
4.5532 4.4024 4.4636 0.0458
4.5532 4.4024 4.4636 0.0458
4.5532 4.4024 4.4636 0.0458
4.5532 4.4024 4.4647 0.0465
4.5532 4.4024 4.4653 0.0471
4.5532 4.4024 4.4659 0.0470
4.5532 4.4024 4.4660 0.0470
4.5532 4.4024 4.4660 0.0470
4.5532 4.4024 4.4661 0.0469
4.5532 4.4024 4.4661 0.0469
4.5532 4.4024 4.4661 0.0469
4.5532 4.4024 4.4661 0.0469
4.5532 4.4024 4.4662 0.0469
4.5532 4.4024 4.4662 0.0469
4.5532 4.4024 4.4662 0.0469
4.5532 4.4024 4.4662 0.0469
4.5532 4.4024 4.4669 0.0469
4.5532 4.4024 4.4669 0.0469
4.5532 4.4024 4.4680 0.0474
4.5532 4.4024 4.4680 0.0474
4.5532 4.4024 4.4690 0.0477
4.5532 4.4024 4.4697 0.0477
4.5532 4.4024 4.4697 0.0477
4.5532 4.4024 4.4697 0.0477
4.5532 4.4024 4.4697 0.0477
4.5532 4.4024 4.4697 0.0477
4.5532 4.4024 4.4698 0.0478
4.5532 4.4024 4.4698 0.0478
4.5532 4.4024 4.4710 0.0478
4.5532 4.4024 4.4710 0.0478
4.5532 4.4024 4.4711 0.0479
4.5532 4.4024 4.4711 0.0479
4.5532 4.4024 4.4719 0.0478
4.5532 4.4024 4.4719 0.0478
4.5532 4.4024 4.4719 0.0478
4.5532 4.4024 4.4723 0.0481
4.5532 4.4024 4.4723 0.0481
4.5532 4.4024 4.4734 0.0479
4.5532 4.4024 4.4744 0.0481
4.5532 4.4024 4.4756 0.0485
4.5532 4.4024 4.4756 0.0485
4.5532 4.4024 4.4756 0.0485
4.5532 4.4024 4.4768 0.0488
4.5532 4.4024 4.4768 0.0488
4.5532 4.4024 4.4768 0.0488
4.5532 4.4024 4.4775 0.0487
4.5532 4.4024 4.4775 0.0487
4.5532 4.4024 4.4775 0.0487
4.5532 4.4024 4.4775 0.0487
4.5532 4.4024 4.4775 0.0487
4.5532 4.4024 4.4775 0.0487
4.5532 4.4024 4.4775 0.0487
4.5532 4.4024 4.4786 0.0490
4.5532 4.4024 4.4786 0.0490
4.5532 4.4024 4.4786 0.0490
4.5532 4.4024 4.4791 0.0488
4.5532 4.4024 4.4796 0.0492
4.5532 4.4024 4.4797 0.0494
4.5532 4.4024 4.4797 0.0494
4.5532 4.4024 4.4797 0.0494
4.5532 4.4024 4.4807 0.0494
4.5532 4.4024 4.4808 0.0493
4.5532 4.4024 4.4808 0.0493
4.5532 4.4024 4.4809 0.0494
4.5532 4.4024 4.4820 0.0496
4.5532 4.4024 4.4820 0.0496
4.5532 4.4024 4.4820 0.0496
4.5532 4.4024 4.4820 0.0496
4.5532 4.4024 4.4824 0.0499
4.5532 4.4024 4.4824 0.0499
4.5532 4.4024 4.4832 0.0498
4.5532 4.4024 4.4833 0.0499
4.5532 4.4024 4.4833 0.0499
4.5532 4.4024 4.4837 0.0500
4.5532 4.4024 4.4837 0.0500
4.5532 4.4024 4.4837 0.0500
4.5532 4.4024 4.4847 0.0499
4.5532 4.4024 4.4858 0.0497
4.5532 4.4024 4.4858 0.0497
4.5532 4.4024 4.4869 0.0498
4.5532 4.4024 4.4871 0.0497
4.5532 4.4024 4.4882 0.0498
4.5532 4.4024 4.4891 0.0497
4.5532 4.4024 4.4891 0.0497
4.5532 4.4024 4.4891 0.0497
4.5532 4.4024 4.4903 0.0496
4.5532 4.4024 4.4911 0.0493
4.5532 4.4024 4.4922 0.0493
4.5532 4.4024 4.4922 0.0493
4.5532 4.4024 4.4922 0.0493
4.5532 4.4024 4.4923 0.0494
4.5532 4.4024 4.4923 0.0494
4.5532 4.4024 4.4923 0.0494
4.5532 4.4024 4.4924 0.0493
4.5532 4.4024 4.4924 0.0493
4.5532 4.4024 4.4924 0.0493
4.5532 4.4024 4.4927 0.0495
4.5532 4.4024 4.4930 0.0497
4.5532 4.4024 4.4930 0.0498
4.5532 4.4024 4.4934 0.0499
4.5532 4.4024 4.4934 0.0499
4.5532 4.4024 4.4944 0.0498
4.5532 4.4024 4.4944 0.0498
4.5532 4.4024 4.4944 0.0498
4.5532 4.4024 4.4947 0.0500
4.5532 4.4024 4.4952 0.0502
4.5532 4.4024 4.4952 0.0502
4.5532 4.4024 4.4958 0.0498
4.5532 4.4024 4.4958 0.0498
4.5532 4.4024 4.4958 0.0498
4.5532 4.4024 4.4959 0.0499
4.5532 4.4024 4.4959 0.0499
4.5532 4.4024 4.4962 0.0501
4.5532 4.4024 4.4973 0.0499
4.5532 4.4024 4.4973 0.0499
4.5532 4.4024 4.4974 0.0500
4.5532 4.4024 4.4976 0.0501
4.5532 4.4024 4.4977 0.0502
4.5532 4.4024 4.4988 0.0500
4.5532 4.4024 4.4988 0.0500
4.5532 4.4209 4.5003 0.0493
4.5532 4.4209 4.5010 0.0489
4.5532 4.4209 4.5015 0.0485
4.5532 4.4209 4.5019 0.0487
4.5532 4.4209 4.5027 0.0481
4.5532 4.4209 4.5027 0.0481
4.5532 4.4209 4.5027 0.0481
4.5532 4.4209 4.5036 0.0475
4.5532 4.4209 4.5037 0.0476
4.5532 4.4209 4.5040 0.0477
4.5532 4.4209 4.5040 0.0477
4.5532 4.4209 4.5040 0.0477
4.5532 4.4209 4.5040 0.0477
4.5532 4.4209 4.5049 0.0472
4.5845 4.4209 4.5053 0.0478
4.5845 4.4209 4.5058 0.0480
4.5845 4.4209 4.5058 0.0480
4.5845 4.4209 4.5067 0.0475
4.5845 4.4209 4.5070 0.0476
4.5845 4.4209 4.5071 0.0476
4.5845 4.4209 4.5072 0.0475
4.5845 4.4209 4.5073 0.0473
4.5845 4.4209 4.5073 0.0473
4.5845 4.4209 4.5073 0.0473
4.5845 4.4209 4.5073 0.0473
4.5845 4.4209 4.5073 0.0473
4.5845 4.4209 4.5077 0.0474
4.5845 4.4209 4.5077 0.0474
4.5845 4.4209 4.5077 0.0474
4.5845 4.4209 4.5077 0.0474
4.5845 4.4209 4.5077 0.0474
4.5845 4.4209 4.5078 0.0475
4.5845 4.4209 4.5089 0.0470
4.5845 4.4209 4.5098 0.0464
4.5845 4.4209 4.5110 0.0459
4.5845 4.4209 4.5123 0.0453
4.5845 4.4209 4.5123 0.0453
4.5845 4.4209 4.5134 0.0447
4.5845 4.4209 4.5134 0.0447
4.5845 4.4209 4.5134 0.0447
4.5845 4.4209 4.5134 0.0447
4.5845 4.4209 4.5136 0.0445
4.5845 4.4209 4.5145 0.0436
4.5845 4.4209 4.5145 0.0436
4.5845 4.4209 4.5157 0.0430
4.5845 4.4209 4.5157 0.0431
4.5845 4.4209 4.5157 0.0431
4.5845 4.4209 4.5161 0.0432
4.5845 4.4209 4.5161 0.0432
4.5845 4.4209 4.5162 0.0432
4.5845 4.4209 4.5175 0.0425
4.5845 4.4227 4.5175 0.0424
4.5845 4.4227 4.5175 0.0424
4.5845 4.4227 4.5175 0.0424
4.5845 4.4227 4.5177 0.0425
4.5845 4.4227 4.5180 0.0425
4.5845 4.4227 4.5180 0.0425
4.5845 4.4227 4.5180 0.0425
4.5845 4.4227 4.5181 0.0426
4.5845 4.4227 4.5182 0.0426
4.5845 4.4227 4.5182 0.0426
4.5845 4.4227 4.5191 0.0416
4.5845 4.4227 4.5191 0.0416
4.5845 4.4227 4.5191 0.0416
4.5845 4.4227 4.5193 0.0416
4.5845 4.4227 4.5193 0.0417
4.5845 4.4227 4.5194 0.0417
4.5845 4.4227 4.5194 0.0417
4.5845 4.4227 4.5196 0.0418
4.5845 4.4259 4.5208 0.0407
4.5845 4.4259 4.5210 0.0408
4.5845 4.4259 4.5210 0.0408
4.5845 4.4259 4.5213 0.0408
4.5845 4.4259 4.5213 0.0408
4.5845 4.4259 4.5217 0.0409
4.5845 4.4259 4.5218 0.0410
4.5845 4.4259 4.5221 0.0411
4.5845 4.4259 4.5222 0.0411
4.5845 4.4259 4.5224 0.0412
4.5845 4.4259 4.5224 0.0412
4.5845 4.4259 4.5235 0.0403
4.5845 4.4259 4.5235 0.0403
4.5845 4.4259 4.5246 0.0394
4.5845 4.4259 4.5246 0.0394
4.5845 4.4259 4.5246 0.0394
4.5845 4.4259 4.5246 0.0394
4.5845 4.4259 4.5258 0.0387
4.5845 4.4259 4.5258 0.0387
4.5845 4.4259 4.5258 0.0387
4.5845 4.4259 4.5258 0.0387
4.5845 4.4259 4.5258 0.0387
4.5845 4.4259 4.5258 0.0387
4.5845 4.4259 4.5258 0.0387
4.5845 4.4259 4.5259 0.0388
4.5845 4.4259 4.5259 0.0388
4.5845 4.4259 4.5259 0.0388
4.5845 4.4259 4.5259 0.0388
4.5845 4.4259 4.5259 0.0388
4.5845 4.4259 4.5259 0.0388
4.5845 4.4259 4.5259 0.0388
4.5845 4.4259 4.5259 0.0388
4.5845 4.4259 4.5259 0.0388
4.5845 4.4259 4.5259 0.0388
4.5845 4.4259 4.5261 0.0390
4.5845 4.4259 4.5272 0.0379
4.5845 4.4259 4.5281 0.0369
4.5845 4.4259 4.5290 0.0357
4.5845 4.4259 4.5292 0.0356
4.5845 4.4259 4.5292 0.0356
4.5845 4.4259 4.5304 0.0345
4.5845 4.4259 4.5304 0.0345
4.5845 4.4259 4.5305 0.0344
4.5845 4.4259 4.5305 0.0344
4.5845 4.4259 4.5305 0.0344
4.5845 4.4259 4.5316 0.0332
4.5845 4.4259 4.5316 0.0332
4.5845 4.4259 4.5316 0.0332
4.5845 4.4259 4.5317 0.0332
4.5845 4.4259 4.5328 0.0317
4.5845 4.4259 4.5328 0.0317
4.5845 4.4259 4.5330 0.0318
4.5845 4.4259 4.5330 0.0318
4.5845 4.4259 4.5330 0.0318
4.5845 4.4259 4.5332 0.0318
4.5845 4.4259 4.5332 0.0318
4.5845 4.4259 4.5332 0.0318
4.5845 4.4259 4.5332 0.0318
4.5845 4.4259 4.5335 0.0318
4.5845 4.4259 4.5335 0.0318
4.5845 4.4259 4.5335 0.0318
4.5845 4.4259 4.5335 0.0318
4.5985 4.4259 4.5341 0.0325
4.5985 4.4259 4.5341 0.0325
4.5985 4.4259 4.5343 0.0327
4.5985 4.4259 4.5343 0.0327
4.5985 4.4259 4.5343 0.0327
4.5985 4.4259 4.5343 0.0327
4.5985 4.4259 4.5344 0.0327
4.5985 4.4259 4.5344 0.0327
4.5985 4.4259 4.5349 0.0326
4.5985 4.4259 4.5353 0.0329
4.5985 4.4259 4.5364 0.0318
4.5985 4.4259 4.5364 0.0318
4.5985 4.4259 4.5364 0.0318
4.5985 4.4259 4.5365 0.0318
4.5985 4.4259 4.5373 0.0305
4.5985 4.4259 4.5373 0.0305
4.5985 4.4259 4.5378 0.0311
4.5985 4.4259 4.5379 0.0311
4.5985 4.4259 4.5383 0.0314
4.5985 4.4259 4.5383 0.0314
4.5985 4.4259 4.5385 0.0316
4.5985 4.4259 4.5395 0.0297
4.5985 4.4259 4.5395 0.0297
4.5985 4.4259 4.5395 0.0297
4.5985 4.4259 4.5395 0.0297
4.5985 4.4259 4.5395 0.0297
4.5985 4.4259 4.5397 0.0297
4.5985 4.4259 4.5397 0.0297
4.5985 4.4259 4.5397 0.0297
4.5985 4.4259 4.5397 0.0297
4.5985 4.4259 4.5400 0.0299
4.5985 4.4259 4.5411 0.0280
4.5985 4.4259 4.5412 0.0280
4.5985 4.4259 4.5414 0.0279
4.5985 4.4259 4.5414 0.0279
4.5985 4.4259 4.5414 0.0279
4.5985 4.4259 4.5424 0.0272
4.5985 4.4259 4.5425 0.0273
4.5985 4.4259 4.5425 0.0273
4.5985 4.4259 4.5425 0.0273
4.5985 4.4259 4.5425 0.0273
4.5985 4.4259 4.5425 0.0273
4.5985 4.4259 4.5427 0.0274
4.5985 4.4259 4.5427 0.0274
4.5985 4.4259 4.5427 0.0274
4.5985 4.4259 4.5427 0.0274
4.5985 4.4259 4.5428 0.0274
4.5985 4.4259 4.5431 0.0273
4.5985 4.4259 4.5433 0.0274
4.5985 4.4259 4.5433 0.0274
4.5985 4.4259 4.5433 0.0274
4.5985 4.4259 4.5433 0.0274
4.5985 4.4259 4.5434 0.0274
4.5985 4.4259 4.5437 0.0273
4.5985 4.4259 4.5437 0.0273
4.5985 4.4259 4.5437 0.0273
4.5985 4.4259 4.5437 0.0273
4.5985 4.4259 4.5437 0.0273
4.5985 4.4259 4.5438 0.0273
4.5985 4.4259 4.5440 0.0271
4.5985 4.4259 4.5441 0.0271
4.5985 4.4259 4.5441 0.0271
4.5985 4.4259 4.5441 0.0271
4.5985 4.4259 4.5441 0.0271
4.5985 4.4259 4.5441 0.0271
4.5985 4.4259 4.5443 0.0270
4.5985 4.4259 4.5445 0.0271
4.5985 4.4259 4.5446 0.0271
4.5985 4.4259 4.5446 0.0271
4.5985 4.4259 4.5455 0.0247
4.5985 4.4259 4.5455 0.0247
4.5985 4.4259 4.5458 0.0246
4.5985 4.4259 4.5458 0.0246
4.5985 4.4259 4.5458 0.0246
4.5985 4.4259 4.5458 0.0246
4.5985 4.4259 4.5458 0.0246
4.5985 4.4259 4.5459 0.0246
4.5985 4.4259 4.5459 0.0246
4.5985 4.4259 4.5459 0.0246
4.5985 4.4259 4.5459 0.0246
4.5985 4.4259 4.5460 0.0247
4.5985 4.4259 4.5460 0.0247
4.5985 4.4259 4.5461 0.0247
4.5985 4.4259 4.5462 0.0248
4.5985 4.4259 4.5462 0.0248
4.5985 4.4259 4.5462 0.0248
4.5985 4.4259 4.5462 0.0248
4.5985 4.4259 4.5462 0.0248
4.5985 4.4450 4.5473 0.0216
4.5985 4.4450 4.5473 0.0216
4.5985 4.4450 4.5473 0.0216
4.5985 4.4450 4.5474 0.0216
4.5985 4.4450 4.5474 0.0216
4.5985 4.4450 4.5474 0.0216
4.5985 4.4450 4.5475 0.0217
4.5985 4.4450 4.5476 0.0217
4.5985 4.4450 4.5476 0.0217
4.5985 4.4450 4.5477 0.0217
4.5985 4.4450 4.5479 0.0218
4.5985 4.4450 4.5479 0.0219
4.5985 4.4450 4.5480 0.0219
4.5985 4.4450 4.5480 0.0219
4.5985 4.4450 4.5483 0.0220
4.5985 4.4450 4.5484 0.0221
4.5985 4.4450 4.5484 0.0221
4.5985 4.4450 4.5486 0.0223
4.5985 4.4450 4.5486 0.0223
4.5985 4.4450 4.5486 0.0223
4.5985 4.4450 4.5486 0.0223
4.5985 4.4450 4.5486 0.0223
4.5985 4.4450 4.5489 0.0222
4.5985 4.4450 4.5491 0.0221
4.5985 4.4450 4.5493 0.0220
4.5985 4.4450 4.5495 0.0219
4.5985 4.4450 4.5495 0.0219
4.5985 4.4450 4.5495 0.0219
4.5985 4.4450 4.5502 0.0220
4.5985 4.4450 4.5506 0.0216
4.5985 4.4450 4.5506 0.0216
4.5985 4.4450 4.5509 0.0218
4.5985 4.4450 4.5509 0.0218
4.5985 4.4450 4.5509 0.0218
4.5985 4.4450 4.5509 0.0218
4.5985 4.4450 4.5509 0.0218
4.5985 4.4450 4.5511 0.0219
4.5985 4.4450 4.5511 0.0219
4.5985 4.4450 4.5512 0.0218
4.5985 4.4450 4.5512 0.0218
4.5985 4.4450 4.5512 0.0218
4.5985 4.4450 4.5512 0.0218
4.5985 4.4450 4.5513 0.0218
4.5985 4.4450 4.5513 0.0218
4.5985 4.4450 4.5517 0.0218
4.5985 4.4450 4.5518 0.0219
4.5985 4.4450 4.5518 0.0219
4.5985 4.4450 4.5523 0.0213
4.5985 4.4450 4.5524 0.0213
4.5985 4.4450 4.5524 0.0213
4.5985 4.4450 4.5524 0.0213
4.5985 4.4450 4.5529 0.0213
4.5985 4.4450 4.5529 0.0213
4.5985 4.4450 4.5531 0.0213
4.5985 4.4450 4.5531 0.0213
4.5985 4.4450 4.5531 0.0213
4.5985 4.4450 4.5533 0.0214
4.5985 4.4450 4.5533 0.0214
4.5985 4.4450 4.5534 0.0212
4.5985 4.4450 4.5534 0.0212
4.5985 4.4450 4.5535 0.0213
4.5985 4.4450 4.5535 0.0213
4.5985 4.4450 4.5537 0.0213
4.5985 4.4450 4.5538 0.0213
4.5985 4.4450 4.5538 0.0213
4.5985 4.4450 4.5538 0.0213
4.5985 4.4450 4.5543 0.0215
4.5985 4.4450 4.5543 0.0215
4.5985 4.4450 4.5543 0.0215
4.5985 4.4450 4.5546 0.0218
4.5985 4.4450 4.5551 0.0222
4.5985 4.4450 4.5551 0.0222
4.5985 4.4450 4.5553 0.0222
4.5985 4.4450 4.5553 0.0222
4.5985 4.4450 4.5553 0.0222
4.5985 4.4450 4.5553 0.0222
4.5985 4.4450 4.5553 0.0222
4.5985 4.4450 4.5553 0.0222
4.5985 4.4450 4.5558 0.0221
4.5985 4.4450 4.5558 0.0221
4.5985 4.4450 4.5561 0.0221
4.5985 4.4450 4.5561 0.0221
4.5985 4.4450 4.5561 0.0221
4.5985 4.4450 4.5561 0.0221
4.5985 4.4450 4.5564 0.0223
4.5985 4.4450 4.5564 0.0223
4.5985 4.4450 4.5568 0.0225
4.5985 4.4450 4.5568 0.0225
4.5985 4.4450 4.5568 0.0225
4.5985 4.4450 4.5570 0.0225
4.5985 4.4450 4.5571 0.0226
4.5985 4.4450 4.5571 0.0226
4.5985 4.4450 4.5571 0.0226
4.5985 4.4450 4.5573 0.0228
4.5985 4.4450 4.5575 0.0229
4.5985 4.4450 4.5575 0.0229
4.5985 4.4450 4.5575 0.0229
4.5985 4.4450 4.5575 0.0229
4.5985 4.4450 4.5575 0.0229
4.5985 4.4450 4.5575 0.0229
4.5985 4.4450 4.5575 0.0229
4.5985 4.4450 4.5578 0.0231
4.5985 4.4450 4.5589 0.0203
4.5985 4.4450 4.5589 0.0203
4.5985 4.4450 4.5589 0.0203
4.5985 4.4450 4.5592 0.0204
4.5985 4.4450 4.5592 0.0204
4.5985 4.4450 4.5592 0.0204
4.5985 4.4450 4.5593 0.0204
4.5985 4.4450 4.5599 0.0209
4.5985 4.4450 4.5599 0.0209
4.5985 4.4450 4.5599 0.0209
4.5985 4.4450 4.5602 0.0210
4.5985 4.4450 4.5602 0.0210
4.5985 4.4450 4.5602 0.0210
4.5985 4.4450 4.5602 0.0210
4.5985 4.4450 4.5602 0.0210
4.5985 4.4450 4.5602 0.0210
4.5985 4.4450 4.5602 0.0210
4.5985 4.4450 4.5604 0.0212
4.5985 4.4450 4.5607 0.0213
4.5989 4.4450 4.5607 0.0214
4.5989 4.4450 4.5607 0.0214
4.5989 4.4450 4.5607 0.0214
4.5989 4.4450 4.5607 0.0214
4.5989 4.4450 4.5607 0.0214
4.5989 4.4450 4.5607 0.0214
4.5989 4.4450 4.5607 0.0214
4.5989 4.4450 4.5611 0.0212
4.5989 4.4450 4.5612 0.0212
4.5989 4.4450 4.5615 0.0210
4.5989 4.4450 4.5615 0.0210
4.5989 4.4450 4.5615 0.0210
4.5989 4.4450 4.5615 0.0210
4.5989 4.4450 4.5619 0.0210
4.5989 4.4450 4.5620 0.0210
4.5989 4.4450 4.5622 0.0209
4.5989 4.4450 4.5622 0.0209
4.5989 4.4450 4.5624 0.0209
4.5989 4.4450 4.5624 0.0209
4.5989 4.4450 4.5624 0.0209
4.5989 4.4450 4.5624 0.0210
4.5989 4.4450 4.5624 0.0210
4.5989 4.4450 4.5630 0.0208
4.5989 4.4450 4.5631 0.0209
4.5989 4.4450 4.5631 0.0209
4.5989 4.4450 4.5632 0.0209
4.5989 4.4450 4.5636 0.0209
4.5989 4.4450 4.5636 0.0209
4.5989 4.4450 4.5636 0.0209
4.5989 4.4450 4.5636 0.0209
4.5989 4.4450 4.5637 0.0209
4.5989 4.4450 4.5638 0.0210
4.5989 4.4450 4.5640 0.0211
4.5989 4.4450 4.5642 0.0211
4.5989 4.4450 4.5644 0.0212
4.6005 4.4450 4.5648 0.0215
4.6005 4.4450 4.5648 0.0215
4.6005 4.4450 4.5648 0.0215
4.6005 4.4450 4.5648 0.0215
4.6005 4.4450 4.5649 0.0215
4.6005 4.4450 4.5649 0.0215
4.6005 4.4450 4.5649 0.0215
4.6005 4.4450 4.5649 0.0215
4.6005 4.4450 4.5649 0.0214
4.6005 4.4450 4.5649 0.0214
4.6005 4.4450 4.5649 0.0214
4.6005 4.4450 4.5651 0.0215
4.6005 4.4450 4.5651 0.0215
4.6005 4.4450 4.5651 0.0215
4.6005 4.4450 4.5651 0.0215
4.6005 4.4450 4.5651 0.0215
4.6005 4.4450 4.5651 0.0215
4.6005 4.4450 4.5651 0.0215
4.6005 4.4450 4.5651 0.0215
4.6005 4.4450 4.5651 0.0215
4.6005 4.4450 4.5651 0.0215
4.6005 4.4450 4.5653 0.0215
4.6005 4.4450 4.5653 0.0215
4.6005 4.4450 4.5653 0.0215
4.6005 4.4450 4.5653 0.0215
4.6005 4.4450 4.5655 0.0216
4.6005 4.4450 4.5660 0.0218
4.6005 4.4450 4.5660 0.0218
4.6005 4.4450 4.5660 0.0218
4.6005 4.4450 4.5666 0.0222
4.6005 4.4450 4.5669 0.0222
4.6005 4.4450 4.5669 0.0222
4.6005 4.4450 4.5670 0.0221
4.6005 4.4450 4.5675 0.0224
4.6005 4.4450 4.5675 0.0224
4.6005 4.4450 4.5676 0.0223
4.6005 4.4450 4.5678 0.0224
4.6005 4.4450 4.5678 0.0224
4.6005 4.4450 4.5678 0.0224
4.6005 4.4450 4.5678 0.0224
4.6005 4.4450 4.5680 0.0223
4.6005 4.4450 4.5683 0.0223
4.6005 4.4450 4.5683 0.0223
4.6005 4.4450 4.5683 0.0223
4.6005 4.4450 4.5683 0.0223
4.6005 4.4450 4.5683 0.0223
4.6005 4.4450 4.5684 0.0223
4.6005 4.4450 4.5684 0.0223
4.6005 4.4450 4.5686 0.0224
4.6005 4.4450 4.5686 0.0224
4.6005 4.4450 4.5686 0.0224
4.6005 4.4450 4.5686 0.0224
4.6005 4.4450 4.5686 0.0224
4.6005 4.4450 4.5688 0.0224
4.6005 4.4450 4.5690 0.0224
4.6005 4.4450 4.5693 0.0221
4.6005 4.4450 4.5693 0.0221
4.6005 4.4450 4.5695 0.0222
4.6005 4.4450 4.5695 0.0222
4.6005 4.4450 4.5695 0.0222
4.6005 4.4450 4.5695 0.0222
4.6005 4.4450 4.5696 0.0222
4.6005 4.4450 4.5697 0.0222
4.6005 4.4450 4.5699 0.0223
4.6005 4.4450 4.5699 0.0223
4.6005 4.4450 4.5699 0.0223
4.6005 4.4450 4.5699 0.0222
4.6005 4.4450 4.5704 0.0223
4.6005 4.4450 4.5704 0.0223
4.6005 4.4450 4.5704 0.0223
4.6005 4.4450 4.5704 0.0223
4.6005 4.4450 4.5704 0.0223
4.6005 4.4450 4.5704 0.0223
4.6005 4.4450 4.5705 0.0224
4.6005 4.4450 4.5706 0.0224
4.6005 4.4450 4.5706 0.0224
4.6005 4.4450 4.5706 0.0224
4.6005 4.4450 4.5709 0.0226
4.6005 4.4450 4.5710 0.0225
4.6005 4.4450 4.5714 0.0224
4.6005 4.4450 4.5716 0.0224
4.6005 4.4450 4.5716 0.0224
4.6005 4.4450 4.5721 0.0220
4.6005 4.4450 4.5724 0.0219
4.6005 4.4450 4.5724 0.0219
4.6005 4.4450 4.5724 0.0219
4.6005 4.4450 4.5727 0.0219
4.6005 4.4450 4.5729 0.0220
4.6005 4.4450 4.5729 0.0220
4.6005 4.4450 4.5729 0.0220
4.6005 4.4450 4.5732 0.0220
4.6005 4.4450 4.5732 0.0220
4.6005 4.4450 4.5734 0.0220
4.6005 4.4450 4.5738 0.0218
4.6005 4.5251 4.5752 0.0176
4.6005 4.5251 4.5752 0.0176
4.6005 4.5251 4.5752 0.0176
4.6005 4.5251 4.5752 0.0176
4.6005 4.5251 4.5752 0.0176
4.6005 4.5251 4.5752 0.0176
4.6005 4.5251 4.5753 0.0176
4.6005 4.5251 4.5753 0.0176
4.6005 4.5251 4.5753 0.0176
4.6005 4.5251 4.5755 0.0176
4.6005 4.5251 4.5757 0.0175
4.6005 4.5251 4.5758 0.0174
4.6005 4.5251 4.5758 0.0174
4.6005 4.5251 4.5760 0.0173
4.6005 4.5251 4.5760 0.0173
4.6005 4.5251 4.5760 0.0173
4.6005 4.5251 4.5761 0.0174
4.6005 4.5251 4.5761 0.0174
4.6005 4.5251 4.5763 0.0174
4.6005 4.5251 4.5763 0.0174
4.6005 4.5251 4.5766 0.0172
4.6005 4.5251 4.5766 0.0172
4.6005 4.5251 4.5766 0.0172
4.6005 4.5251 4.5766 0.0172
4.6005 4.5251 4.5766 0.0172
4.6005 4.5251 4.5768 0.0174
4.6005 4.5251 4.5768 0.0174
4.6005 4.5251 4.5768 0.0174
4.6005 4.5251 4.5768 0.0174
4.6005 4.5251 4.5769 0.0174
4.6005 4.5251 4.5770 0.0175
4.6005 4.5251 4.5770 0.0175
4.6005 4.5251 4.5770 0.0175
4.6005 4.5251 4.5770 0.0175
4.6005 4.5251 4.5773 0.0174
4.6005 4.5251 4.5773 0.0174
4.6005 4.5251 4.5775 0.0170
4.6005 4.5251 4.5776 0.0171
4.6005 4.5251 4.5776 0.0171
4.6005 4.5251 4.5776 0.0171
4.6005 4.5251 4.5780 0.0169
4.6005 4.5251 4.5781 0.0170
4.6005 4.5251 4.5786 0.0169
4.6005 4.5251 4.5788 0.0170
4.6005 4.5251 4.5789 0.0170
4.6005 4.5251 4.5791 0.0171
4.6005 4.5306 4.5798 0.0163
4.6005 4.5306 4.5798 0.0163
4.6005 4.5306 4.5799 0.0163
4.6005 4.5306 4.5803 0.0158
4.6005 4.5306 4.5803 0.0158
4.6005 4.5306 4.5805 0.0159
4.6005 4.5306 4.5807 0.0160
4.6005 4.5306 4.5807 0.0160
4.6005 4.5306 4.5807 0.0160
4.6005 4.5306 4.5809 0.0159
4.6005 4.5306 4.5809 0.0159
4.6005 4.5306 4.5809 0.0159
4.6005 4.5306 4.5809 0.0159
4.6005 4.5306 4.5811 0.0160
4.6005 4.5306 4.5811 0.0159
4.6005 4.5306 4.5816 0.0157
4.6005 4.5306 4.5818 0.0158
4.6005 4.5306 4.5818 0.0158
4.6005 4.5306 4.5818 0.0158
4.6005 4.5306 4.5818 0.0158
4.6005 4.5306 4.5818 0.0158
4.6005 4.5306 4.5820 0.0159
4.6005 4.5306 4.5821 0.0158
4.6005 4.5306 4.5821 0.0158
4.6005 4.5306 4.5821 0.0158
4.6005 4.5306 4.5821 0.0158
4.6005 4.5306 4.5822 0.0158
4.6005 4.5306 4.5822 0.0158
4.6005 4.5306 4.5822 0.0158
4.6005 4.5306 4.5822 0.0158
4.6005 4.5306 4.5825 0.0159
4.6005 4.5306 4.5829 0.0158
4.6005 4.5306 4.5831 0.0159
4.6005 4.5306 4.5831 0.0159
4.6005 4.5306 4.5832 0.0159
4.6005 4.5306 4.5833 0.0158
4.6005 4.5306 4.5834 0.0159
4.6005 4.5306 4.5834 0.0159
4.6005 4.5306 4.5834 0.0159
4.6005 4.5306 4.5835 0.0159
4.6005 4.5306 4.5835 0.0159
4.6005 4.5306 4.5835 0.0159
4.6005 4.5306 4.5836 0.0159
4.6005 4.5306 4.5836 0.0159
4.6005 4.5306 4.5836 0.0159
4.6005 4.5306 4.5838 0.0159
4.6005 4.5306 4.5838 0.0159
4.6005 4.5306 4.5838 0.0159
4.6005 4.5306 4.5839 0.0159
4.6005 4.5306 4.5839 0.0159
4.6005 4.5306 4.5839 0.0159
4.6005 4.5306 4.5839 0.0159
4.6005 4.5306 4.5839 0.0159
4.6005 4.5306 4.5839 0.0159
4.6005 4.5306 4.5839 0.0159
4.6005 4.5306 4.5839 0.0159
4.6005 4.5306 4.5840 0.0158
4.6005 4.5306 4.5840 0.0158
4.6005 4.5306 4.5840 0.0158
4.6005 4.5306 4.5840 0.0158
4.6005 4.5306 4.5842 0.0158
4.6005 4.5306 4.5843 0.0159
4.6027 4.5306 4.5844 0.0160
4.6027 4.5306 4.5844 0.0160
4.6027 4.5306 4.5844 0.0160
4.6027 4.5306 4.5844 0.0160
4.6027 4.5306 4.5844 0.0160
4.6027 4.5306 4.5846 0.0161
4.6027 4.5306 4.5846 0.0161
4.6027 4.5306 4.5848 0.0161
4.6027 4.5306 4.5848 0.0161
4.6027 4.5306 4.5849 0.0162
4.6027 4.5306 4.5849 0.0162
4.6027 4.5306 4.5851 0.0162
4.6027 4.5306 4.5854 0.0159
4.6027 4.5306 4.5854 0.0159
4.6027 4.5306 4.5854 0.0159
4.6027 4.5306 4.5858 0.0151
4.6027 4.5306 4.5858 0.0151
4.6027 4.5306 4.5858 0.0151
4.6027 4.5306 4.5858 0.0151
4.6027 4.5306 4.5858 0.0151
4.6027 4.5306 4.5859 0.0151
4.6027 4.5306 4.5859 0.0151
4.6027 4.5306 4.5862 0.0147
4.6027 4.5306 4.5863 0.0148
4.6027 4.5306 4.5865 0.0149
4.6027 4.5306 4.5865 0.0149
4.6027 4.5306 4.5865 0.0149
4.6027 4.5306 4.5866 0.0147
4.6027 4.5306 4.5867 0.0146
4.6027 4.5306 4.5867 0.0146
4.6027 4.5306 4.5867 0.0146
4.6027 4.5306 4.5868 0.0146
4.6027 4.5306 4.5869 0.0147
4.6027 4.5306 4.5869 0.0147
4.6027 4.5306 4.5870 0.0147
4.6027 4.5306 4.5870 0.0147
4.6027 4.5306 4.5870 0.0147
4.6027 4.5306 4.5870 0.0147
4.6027 4.5306 4.5870 0.0147
4.6027 4.5306 4.5872 0.0147
4.6027 4.5306 4.5872 0.0147
4.6027 4.5306 4.5872 0.0147
4.6027 4.5306 4.5872 0.0147
4.6027 4.5306 4.5872 0.0147
4.6027 4.5306 4.5872 0.0147
4.6027 4.5306 4.5876 0.0147
4.6027 4.5306 4.5877 0.0147
4.6027 4.5306 4.5877 0.0147
4.6027 4.5306 4.5877 0.0147
4.6027 4.5306 4.5877 0.0147
4.6027 4.5306 4.5877 0.0147
4.6027 4.5306 4.5877 0.0147
4.6027 4.5306 4.5877 0.0147
4.6027 4.5306 4.5877 0.0147
4.6027 4.5306 4.5877 0.0147
4.6027 4.5306 4.5877 0.0147
4.6027 4.5306 4.5877 0.0147
4.6027 4.5306 4.5877 0.0147
4.6027 4.5421 4.5878 0.0143
4.6027 4.5424 4.5884 0.0136
4.6027 4.5424 4.5884 0.0136
4.6027 4.5424 4.5884 0.0136
4.6027 4.5424 4.5884 0.0136
4.6027 4.5424 4.5887 0.0134
4.6027 4.5424 4.5888 0.0134
4.6027 4.5424 4.5888 0.0134
4.6027 4.5424 4.5890 0.0134
4.6027 4.5424 4.5890 0.0134
4.6027 4.5424 4.5890 0.0134
4.6027 4.5424 4.5890 0.0134
4.6027 4.5424 4.5890 0.0134
4.6027 4.5424 4.5890 0.0134
4.6027 4.5424 4.5890 0.0134
4.6027 4.5424 4.5890 0.0134
4.6027 4.5424 4.5893 0.0131
4.6027 4.5424 4.5893 0.0131
4.6027 4.5424 4.5893 0.0131
4.6027 4.5424 4.5894 0.0131
4.6027 4.5424 4.5894 0.0131
4.6027 4.5424 4.5894 0.0131
4.6027 4.5424 4.5894 0.0131
4.6027 4.5424 4.5894 0.0131
4.6027 4.5424 4.5895 0.0131
4.6027 4.5424 4.5895 0.0131
4.6027 4.5424 4.5895 0.0131
4.6027 4.5424 4.5895 0.0131
4.6027 4.5424 4.5896 0.0131
4.6027 4.5424 4.5896 0.0131
4.6027 4.5424 4.5899 0.0129
4.6027 4.5424 4.5899 0.0130
4.6027 4.5424 4.5899 0.0130
4.6027 4.5424 4.5899 0.0130
4.6027 4.5424 4.5899 0.0130
4.6027 4.5424 4.5899 0.0130
4.6027 4.5424 4.5900 0.0130
4.6027 4.5424 4.5900 0.0130
4.6027 4.5424 4.5900 0.0130
4.6027 4.5424 4.5900 0.0130
4.6027 4.5424 4.5900 0.0130
4.6027 4.5424 4.5900 0.0130
4.6027 4.5424 4.5901 0.0130
4.6027 4.5424 4.5901 0.0130
4.6027 4.5424 4.5901 0.0130
4.6027 4.5424 4.5901 0.0130
4.6027 4.5424 4.5901 0.0130
4.6027 4.5424 4.5901 0.0130
4.6027 4.5424 4.5901 0.0130
4.6027 4.5424 4.5902 0.0130
4.6027 4.5424 4.5902 0.0130
4.6027 4.5424 4.5902 0.0130
4.6027 4.5424 4.5902 0.0130
4.6027 4.5424 4.5902 0.0130
4.6027 4.5424 4.5902 0.0130
4.6027 4.5424 4.5902 0.0130
4.6027 4.5424 4.5902 0.0130
4.6027 4.5424 4.5905 0.0124
4.6027 4.5424 4.5905 0.0124
4.6027 4.5429 4.5911 0.0115
4.6027 4.5429 4.5911 0.0115
4.6027 4.5429 4.5911 0.0115
4.6027 4.5429 4.5912 0.0115
4.6027 4.5429 4.5912 0.0115
4.6027 4.5429 4.5912 0.0115
4.6027 4.5429 4.5913 0.0115
4.6027 4.5429 4.5913 0.0115
4.6027 4.5429 4.5913 0.0115
4.6027 4.5429 4.5913 0.0115
4.6027 4.5429 4.5913 0.0115
4.6027 4.5429 4.5913 0.0115
4.6027 4.5429 4.5913 0.0115
4.6027 4.5429 4.5913 0.0115
4.6027 4.5429 4.5913 0.0115
4.6027 4.5429 4.5913 0.0115
4.6027 4.5429 4.5913 0.0115
4.6027 4.5429 4.5914 0.0115
4.6027 4.5429 4.5914 0.0115
4.6027 4.5429 4.5914 0.0115
4.6027 4.5429 4.5916 0.0113
4.6027 4.5429 4.5917 0.0111
4.6027 4.5429 4.5917 0.0111
4.6027 4.5429 4.5917 0.0111
4.6027 4.5429 4.5919 0.0111
4.6027 4.5429 4.5919 0.0111
4.6027 4.5429 4.5919 0.0111
4.6027 4.5429 4.5919 0.0111
4.6027 4.5429 4.5920 0.0111
4.6027 4.5429 4.5920 0.0111
4.6027 4.5429 4.5920 0.0111
4.6027 4.5429 4.5920 0.0111
4.6027 4.5429 4.5920 0.0111
4.6027 4.5429 4.5921 0.0112
4.6027 4.5429 4.5921 0.0112
4.6027 4.5429 4.5921 0.0112
4.6027 4.5429 4.5922 0.0112
4.6027 4.5429 4.5925 0.0109
4.6027 4.5429 4.5925 0.0109
4.6027 4.5429 4.5925 0.0109
4.6027 4.5429 4.5925 0.0109
4.6027 4.5429 4.5925 0.0109
4.6027 4.5429 4.5925 0.0109
4.6027 4.5429 4.5926 0.0109
4.6027 4.5429 4.5926 0.0109
4.6027 4.5429 4.5927 0.0108
4.6027 4.5429 4.5927 0.0108
4.6027 4.5429 4.5927 0.0108
4.6027 4.5429 4.5927 0.0108
4.6027 4.5429 4.5927 0.0108
4.6027 4.5429 4.5927 0.0108
4.6027 4.5429 4.5928 0.0107
4.6027 4.5429 4.5929 0.0106
4.6027 4.5429 4.5929 0.0106
4.6027 4.5429 4.5929 0.0106
4.6027 4.5429 4.5929 0.0106
4.6027 4.5429 4.5930 0.0106
4.6027 4.5429 4.5930 0.0106
4.6027 4.5429 4.5931 0.0106
4.6027 4.5429 4.5931 0.0106
4.6029 4.5429 4.5932 0.0107
4.6029 4.5429 4.5932 0.0107
4.6029 4.5429 4.5932 0.0107
4.6029 4.5429 4.5932 0.0107
4.6029 4.5429 4.5932 0.0107
4.6029 4.5429 4.5932 0.0107
4.6029 4.5429 4.5932 0.0107
4.6029 4.5429 4.5932 0.0107
4.6029 4.5429 4.5932 0.0107
4.6029 4.5429 4.5932 0.0107
4.6029 4.5429 4.5932 0.0107
4.6029 4.5429 4.5932 0.0107
4.6029 4.5429 4.5932 0.0107
4.6029 4.5429 4.5932 0.0107
4.6029 4.5429 4.5934 0.0107
4.6029 4.5429 4.5934 0.0107
4.6029 4.5429 4.5934 0.0107
4.6029 4.5429 4.5934 0.0106
4.6029 4.5429 4.5934 0.0106
4.6029 4.5429 4.5938 0.0101
4.6029 4.5429 4.5940 0.0100
4.6029 4.5429 4.5940 0.0100
4.6029 4.5429 4.5942 0.0099
4.6029 4.5429 4.5943 0.0099
4.6029 4.5429 4.5944 0.0100
4.6029 4.5429 4.5944 0.0100
4.6029 4.5429 4.5944 0.0100
4.6029 4.5429 4.5944 0.0100
4.6029 4.5429 4.5944 0.0100
4.6029 4.5429 4.5944 0.0100
4.6029 4.5429 4.5944 0.0100
4.6029 4.5429 4.5944 0.0100
4.6029 4.5429 4.5944 0.0100
4.6029 4.5429 4.5944 0.0100
4.6029 4.5429 4.5944 0.0100
4.6029 4.5429 4.5944 0.0100
4.6029 4.5429 4.5944 0.0100
4.6029 4.5429 4.5944 0.0100
4.6029 4.5429 4.5944 0.0100
4.6029 4.5429 4.5946 0.0099
4.6029 4.5429 4.5946 0.0099
4.6029 4.5429 4.5946 0.0099
4.6029 4.5429 4.5946 0.0099
4.6029 4.5429 4.5946 0.0099
4.6029 4.5429 4.5946 0.0099
4.6029 4.5429 4.5946 0.0099
4.6029 4.5429 4.5946 0.0099
4.6029 4.5429 4.5946 0.0099
4.6029 4.5429 4.5946 0.0099
4.6029 4.5429 4.5946 0.0099
4.6029 4.5429 4.5946 0.0099
4.6029 4.5429 4.5946 0.0099
4.6029 4.5429 4.5946 0.0099
4.6029 4.5429 4.5946 0.0099
4.6029 4.5429 4.5946 0.0099
4.6029 4.5429 4.5946 0.0099
4.6029 4.5429 4.5947 0.0099
4.6029 4.5429 4.5947 0.0099
4.6029 4.5429 4.5947 0.0099
4.6029 4.5429 4.5947 0.0099
4.6029 4.5429 4.5947 0.0099
4.6029 4.5429 4.5947 0.0099
4.6029 4.5429 4.5947 0.0099
4.6029 4.5429 4.5947 0.0099
4.6029 4.5429 4.5947 0.0099
4.6029 4.5429 4.5947 0.0099
4.6029 4.5429 4.5948 0.0099
4.6029 4.5429 4.5949 0.0099
4.6029 4.5429 4.5949 0.0099
4.6029 4.5429 4.5949 0.0099
4.6029 4.5429 4.5949 0.0099
4.6029 4.5429 4.5949 0.0099
4.6029 4.5429 4.5949 0.0099
4.6029 4.5429 4.5949 0.0099
4.6029 4.5429 4.5949 0.0099
4.6029 4.5429 4.5950 0.0097
4.6029 4.5429 4.5950 0.0097
4.6029 4.5429 4.5950 0.0097
4.6029 4.5429 4.5950 0.0097
4.6029 4.5429 4.5950 0.0097
4.6029 4.5429 4.5951 0.0097
4.6029 4.5429 4.5951 0.0097
4.6029 4.5429 4.5951 0.0097
4.6029 4.5429 4.5951 0.0097
4.6029 4.5429 4.5952 0.0097
4.6029 4.5429 4.5952 0.0097
4.6029 4.5429 4.5952 0.0097
4.6029 4.5429 4.5953 0.0097
4.6029 4.5429 4.5953 0.0097
4.6029 4.5429 4.5953 0.0097
4.6029 4.5429 4.5953 0.0097
4.6029 4.5429 4.5954 0.0097
4.6029 4.5429 4.5954 0.0097
4.6029 4.5429 4.5954 0.0097
4.6029 4.5429 4.5954 0.0097
4.6029 4.5429 4.5954 0.0097
4.6029 4.5429 4.5954 0.0097
4.6029 4.5429 4.5954 0.0097
4.6029 4.5429 4.5956 0.0097
4.6029 4.5429 4.5956 0.0097
4.6029 4.5429 4.5956 0.0097
4.6029 4.5429 4.5956 0.0097
4.6029 4.5429 4.5958 0.0095
4.6029 4.5683 4.5964 0.0079
4.6029 4.5683 4.5967 0.0077
4.6029 4.5683 4.5967 0.0077
4.6029 4.5683 4.5967 0.0077
4.6029 4.5683 4.5970 0.0072
4.6029 4.5683 4.5970 0.0072
4.6029 4.5683 4.5970 0.0072
4.6029 4.5683 4.5970 0.0072
4.6029 4.5683 4.5970 0.0072
4.6029 4.5683 4.5970 0.0072
4.6029 4.5683 4.5970 0.0072
4.6029 4.5683 4.5970 0.0072
4.6029 4.5683 4.5970 0.0072
4.6029 4.5683 4.5970 0.0072
4.6029 4.5683 4.5971 0.0072
4.6029 4.5683 4.5971 0.0072
4.6029 4.5683 4.5971 0.0072
4.6029 4.5683 4.5971 0.0072
4.6029 4.5683 4.5971 0.0072
4.6029 4.5683 4.5971 0.0072
4.6029 4.5683 4.5971 0.0072
4.6029 4.5683 4.5971 0.0072
4.6029 4.5683 4.5971 0.0072
4.6029 4.5683 4.5971 0.0072
4.6029 4.5683 4.5971 0.0072
4.6029 4.5683 4.5971 0.0072
4.6029 4.5690 4.5973 0.0066
4.6029 4.5690 4.5973 0.0066
4.6029 4.5690 4.5973 0.0066
4.6029 4.5690 4.5975 0.0065
4.6029 4.5690 4.5975 0.0065
4.6029 4.5690 4.5975 0.0065
4.6029 4.5690 4.5975 0.0065
4.6029 4.5690 4.5976 0.0064
4.6029 4.5690 4.5976 0.0064
4.6029 4.5690 4.5976 0.0064
4.6029 4.5690 4.5976 0.0064
4.6029 4.5690 4.5976 0.0064
4.6029 4.5690 4.5976 0.0064
4.6029 4.5690 4.5976 0.0064
4.6029 4.5690 4.5976 0.0064
4.6029 4.5690 4.5976 0.0064
4.6029 4.5690 4.5976 0.0065
4.6029 4.5690 4.5976 0.0065
4.6029 4.5690 4.5976 0.0065
4.6029 4.5690 4.5976 0.0065
4.6029 4.5690 4.5976 0.0065
4.6029 4.5690 4.5976 0.0065
4.6029 4.5690 4.5976 0.0065
4.6029 4.5690 4.5976 0.0065
4.6029 4.5690 4.5976 0.0065
4.6029 4.5690 4.5976 0.0065
4.6029 4.5690 4.5976 0.0065
4.6029 4.5690 4.5976 0.0065
4.6029 4.5690 4.5976 0.0065
4.6029 4.5690 4.5976 0.0065
4.6029 4.5690 4.5976 0.0065
4.6029 4.5690 4.5976 0.0065
4.6029 4.5690 4.5976 0.0065
4.6029 4.5690 4.5976 0.0065
4.6029 4.5690 4.5976 0.0065
4.6029 4.5690 4.5976 0.0065
4.6029 4.5690 4.5976 0.0065
4.6029 4.5690 4.5976 0.0065
4.6029 4.5690 4.5976 0.0065
4.6029 4.5690 4.5976 0.0065
4.6029 4.5690 4.5976 0.0065
4.6029 4.5690 4.5976 0.0065
4.6029 4.5690 4.5976 0.0065
4.6029 4.5690 4.5976 0.0065
4.6029 4.5690 4.5976 0.0065
4.6029 4.5690 4.5976 0.0065
4.6029 4.5690 4.5976 0.0065
4.6029 4.5690 4.5977 0.0065
4.6029 4.5690 4.5977 0.0065
4.6029 4.5690 4.5977 0.0065
4.6029 4.5690 4.5977 0.0065
4.6029 4.5690 4.5977 0.0065
4.6029 4.5690 4.5977 0.0065
4.6029 4.5690 4.5977 0.0065
4.6029 4.5690 4.5977 0.0065
4.6029 4.5690 4.5977 0.0065
4.6029 4.5690 4.5977 0.0065
4.6029 4.5690 4.5977 0.0065
4.6029 4.5690 4.5977 0.0065
4.6029 4.5690 4.5977 0.0065
4.6029 4.5690 4.5978 0.0064
4.6029 4.5690 4.5981 0.0061
4.6029 4.5690 4.5981 0.0061
4.6029 4.5690 4.5981 0.0061
4.6035 4.5690 4.5981 0.0061
4.6035 4.5690 4.5981 0.0060
4.6035 4.5690 4.5981 0.0060
4.6035 4.5690 4.5981 0.0060
4.6035 4.5690 4.5981 0.0060
4.6035 4.5690 4.5981 0.0060
4.6035 4.5690 4.5981 0.0060
4.6035 4.5690 4.5981 0.0060
4.6035 4.5690 4.5981 0.0060
4.6035 4.5690 4.5981 0.0060
4.6035 4.5690 4.5981 0.0060
4.6035 4.5690 4.5981 0.0060
4.6035 4.5690 4.5981 0.0060
4.6035 4.5690 4.5983 0.0057
4.6035 4.5690 4.5983 0.0057
4.6035 4.5690 4.5983 0.0058
4.6035 4.5690 4.5985 0.0055
4.6035 4.5690 4.5986 0.0054
4.6035 4.5690 4.5986 0.0054
4.6035 4.5690 4.5986 0.0054
4.6035 4.5690 4.5986 0.0054
4.6035 4.5690 4.5986 0.0054
4.6035 4.5690 4.5986 0.0054
4.6035 4.5690 4.5986 0.0054
4.6035 4.5690 4.5986 0.0054
4.6035 4.5690 4.5986 0.0054
4.6035 4.5690 4.5988 0.0052
4.6035 4.5690 4.5989 0.0051
4.6035 4.5690 4.5989 0.0051
4.6035 4.5690 4.5989 0.0051
4.6035 4.5690 4.5989 0.0051
4.6035 4.5690 4.5989 0.0051
4.6035 4.5690 4.5989 0.0051
4.6035 4.5690 4.5989 0.0051
4.6035 4.5690 4.5990 0.0051
4.6035 4.5690 4.5990 0.0051
4.6035 4.5690 4.5991 0.0050
4.6035 4.5690 4.5994 0.0043
4.6035 4.5690 4.5994 0.0043
4.6035 4.5690 4.5994 0.0043
4.6035 4.5690 4.5994 0.0043
4.6035 4.5690 4.5994 0.0043
4.6035 4.5690 4.5994 0.0043
4.6035 4.5690 4.5994 0.0043
4.6035 4.5690 4.5994 0.0043
4.6035 4.5690 4.5994 0.0043
4.6035 4.5690 4.5994 0.0043
4.6035 4.5690 4.5994 0.0043
4.6035 4.5690 4.5994 0.0043
4.6035 4.5690 4.5994 0.0043
4.6035 4.5690 4.5994 0.0043
4.6035 4.5690 4.5994 0.0043
4.6035 4.5690 4.5995 0.0043
4.6035 4.5690 4.5995 0.0043
4.6035 4.5690 4.5995 0.0043
4.6035 4.5690 4.5995 0.0043
4.6035 4.5690 4.5995 0.0043
4.6035 4.5690 4.5995 0.0043
4.6035 4.5690 4.5995 0.0043
4.6035 4.5690 4.5995 0.0043
4.6035 4.5690 4.5995 0.0043
4.6035 4.5690 4.5996 0.0041
4.6035 4.5690 4.5996 0.0041
4.6035 4.5690 4.5996 0.0041
4.6035 4.5690 4.5996 0.0041
4.6035 4.5690 4.5996 0.0041
4.6035 4.5690 4.5996 0.0041
4.6035 4.5690 4.5996 0.0041
4.6035 4.5690 4.5997 0.0040
4.6035 4.5690 4.5997 0.0040
4.6035 4.5690 4.5997 0.0040
4.6035 4.5690 4.5997 0.0040
4.6035 4.5690 4.5998 0.0040
4.6035 4.5690 4.5998 0.0040
4.6035 4.5690 4.5998 0.0040
4.6035 4.5690 4.5998 0.0040
4.6035 4.5690 4.5998 0.0040
4.6035 4.5690 4.5998 0.0040
4.6035 4.5690 4.5998 0.0040
4.6035 4.5690 4.5999 0.0038
4.6035 4.5690 4.6000 0.0036
4.6035 4.5690 4.6000 0.0036
4.6035 4.5690 4.6000 0.0036
4.6035 4.5690 4.6000 0.0036
4.6035 4.5690 4.6001 0.0036
4.6035 4.5690 4.6001 0.0036
4.6035 4.5690 4.6001 0.0036
4.6035 4.5690 4.6001 0.0036
4.6035 4.5690 4.6001 0.0036
4.6035 4.5690 4.6001 0.0036
4.6035 4.5690 4.6001 0.0036
4.6035 4.5690 4.6001 0.0036
4.6035 4.5690 4.6001 0.0036
4.6035 4.5690 4.6001 0.0036
4.6035 4.5690 4.6001 0.0036
4.6035 4.5690 4.6001 0.0036
4.6035 4.5690 4.6001 0.0036
4.6035 4.5690 4.6001 0.0036
4.6035 4.5690 4.6001 0.0036
4.6035 4.5690 4.6001 0.0036
4.6035 4.5690 4.6001 0.0036
4.6035 4.5690 4.6001 0.0036
4.6035 4.5690 4.6002 0.0036
4.6035 4.5690 4.6002 0.0036
4.6035 4.5690 4.6002 0.0036
4.6035 4.5690 4.6002 0.0036
4.6035 4.5690 4.6002 0.0036
4.6035 4.5690 4.6002 0.0036
4.6035 4.5690 4.6002 0.0036
4.6035 4.5690 4.6002 0.0036
4.6035 4.5690 4.6002 0.0036
4.6035 4.5690 4.6002 0.0036
4.6035 4.5690 4.6002 0.0036
4.6035 4.5690 4.6002 0.0036
4.6035 4.5690 4.6002 0.0036
4.6035 4.5690 4.6002 0.0036
4.6035 4.5690 4.6002 0.0036
4.6035 4.5690 4.6003 0.0036
4.6035 4.5690 4.6003 0.0036
4.6035 4.5690 4.6003 0.0036
4.6035 4.5690 4.6003 0.0036
4.6035 4.5690 4.6003 0.0036
4.6035 4.5690 4.6003 0.0036
4.6035 4.5690 4.6003 0.0036
4.6035 4.5690 4.6003 0.0036
4.6035 4.5690 4.6003 0.0036
4.6035 4.5690 4.6003 0.0036
4.6035 4.5690 4.6003 0.0036
4.6035 4.5690 4.6003 0.0036
4.6035 4.5690 4.6003 0.0036
4.6035 4.5690 4.6003 0.0036
4.6035 4.5690 4.6003 0.0036
4.6035 4.5690 4.6003 0.0036
4.6035 4.5690 4.6003 0.0036
4.6035 4.5690 4.6004 0.0036
4.6035 4.5690 4.6004 0.0036
4.6035 4.5690 4.6004 0.0036
4.6035 4.5690 4.6004 0.0036
4.6035 4.5690 4.6004 0.0036
4.6035 4.5690 4.6004 0.0036
4.6035 4.5690 4.6004 0.0036
4.6035 4.5690 4.6005 0.0036
4.6035 4.5690 4.6005 0.0036
4.6035 4.5690 4.6005 0.0036
4.6035 4.5690 4.6005 0.0036
4.6035 4.5690 4.6005 0.0036
4.6035 4.5690 4.6005 0.0036
4.6035 4.5690 4.6005 0.0036
4.6035 4.5690 4.6005 0.0036
4.6035 4.5690 4.6005 0.0036
4.6035 4.5690 4.6005 0.0036
4.6035 4.5690 4.6005 0.0036
4.6035 4.5690 4.6005 0.0036
4.6035 4.5690 4.6005 0.0036
4.6035 4.5690 4.6005 0.0036
4.6035 4.5690 4.6005 0.0036
4.6035 4.5690 4.6005 0.0036
4.6035 4.5690 4.6006 0.0036
4.6035 4.5690 4.6006 0.0036
4.6035 4.5690 4.6006 0.0036
4.6035 4.5690 4.6006 0.0036
4.6035 4.5690 4.6006 0.0036
4.6035 4.5690 4.6006 0.0036
4.6035 4.5690 4.6006 0.0036
4.6035 4.5690 4.6006 0.0036
4.6035 4.5690 4.6006 0.0036
4.6035 4.5690 4.6006 0.0036
4.6053 4.5690 4.6007 0.0036
4.6053 4.5690 4.6007 0.0036
4.6053 4.5690 4.6007 0.0036
4.6053 4.5690 4.6007 0.0036
4.6053 4.5690 4.6007 0.0036
4.6053 4.5690 4.6007 0.0036
4.6053 4.5690 4.6007 0.0036
4.6053 4.5690 4.6007 0.0036
4.6053 4.5690 4.6007 0.0036
4.6053 4.5690 4.6007 0.0036
4.6053 4.5690 4.6007 0.0036
4.6053 4.5690 4.6007 0.0036
4.6053 4.5690 4.6007 0.0036
4.6053 4.5690 4.6007 0.0036
4.6053 4.5690 4.6007 0.0036
4.6053 4.5690 4.6008 0.0036
4.6053 4.5690 4.6008 0.0036
4.6053 4.5690 4.6008 0.0036
4.6053 4.5690 4.6008 0.0036
4.6053 4.5690 4.6008 0.0036
4.6053 4.5690 4.6008 0.0036
4.6053 4.5690 4.6008 0.0036
4.6053 4.5690 4.6008 0.0036
4.6053 4.5690 4.6008 0.0036
4.6053 4.5690 4.6008 0.0036
4.6053 4.5690 4.6008 0.0036
4.6053 4.5690 4.6008 0.0036
4.6053 4.5690 4.6008 0.0036
4.6053 4.5690 4.6008 0.0036
4.6053 4.5690 4.6008 0.0036
4.6053 4.5690 4.6008 0.0036
4.6053 4.5690 4.6008 0.0036
4.6053 4.5690 4.6008 0.0036
4.6053 4.5690 4.6008 0.0036
4.6053 4.5690 4.6009 0.0036
4.6053 4.5690 4.6009 0.0036
4.6053 4.5690 4.6009 0.0036
4.6053 4.5690 4.6009 0.0036
4.6053 4.5690 4.6009 0.0036
4.6053 4.5690 4.6009 0.0036
4.6053 4.5690 4.6009 0.0036
4.6053 4.5690 4.6009 0.0036
4.6053 4.5690 4.6009 0.0036
4.6053 4.5690 4.6009 0.0036
4.6053 4.5690 4.6009 0.0036
4.6053 4.5690 4.6009 0.0036
4.6053 4.5690 4.6009 0.0036
4.6053 4.5690 4.6009 0.0036
4.6053 4.5690 4.6009 0.0037
4.6053 4.5690 4.6009 0.0037
4.6053 4.5690 4.6009 0.0037
4.6053 4.5690 4.6009 0.0037
4.6053 4.5690 4.6009 0.0037
4.6053 4.5690 4.6009 0.0037
4.6053 4.5690 4.6009 0.0037
4.6053 4.5690 4.6009 0.0037
4.6053 4.5690 4.6009 0.0037
4.6053 4.5690 4.6009 0.0037
4.6053 4.5690 4.6009 0.0037
4.6053 4.5690 4.6009 0.0037
4.6053 4.5690 4.6009 0.0037
4.6053 4.5690 4.6009 0.0037
4.6053 4.5690 4.6009 0.0037
4.6053 4.5690 4.6009 0.0037
4.6053 4.5690 4.6009 0.0037
4.6053 4.5690 4.6009 0.0037
4.6053 4.5690 4.6009 0.0037
4.6053 4.5690 4.6009 0.0037
4.6053 4.5690 4.6010 0.0037
4.6053 4.5690 4.6010 0.0037
4.6053 4.5690 4.6010 0.0037
4.6053 4.5690 4.6010 0.0037
4.6053 4.5690 4.6010 0.0037
4.6053 4.5690 4.6010 0.0037
4.6053 4.5690 4.6010 0.0037
4.6053 4.5690 4.6010 0.0037
4.6053 4.5690 4.6010 0.0037
4.6053 4.5690 4.6011 0.0037
4.6053 4.5690 4.6011 0.0037
4.6053 4.5690 4.6011 0.0037
4.6053 4.5690 4.6011 0.0037
4.6053 4.5690 4.6011 0.0037
4.6053 4.5690 4.6011 0.0037
4.6053 4.5690 4.6011 0.0037
4.6053 4.5690 4.6011 0.0037
4.6053 4.5690 4.6011 0.0037
4.6053 4.5690 4.6011 0.0037
4.6053 4.5690 4.6011 0.0037
4.6053 4.5690 4.6011 0.0037
4.6053 4.5690 4.6011 0.0037
4.6053 4.5690 4.6011 0.0037
4.6053 4.5690 4.6011 0.0037
4.6053 4.5690 4.6011 0.0037
4.6053 4.5690 4.6011 0.0037
4.6053 4.5690 4.6011 0.0037
4.6053 4.5690 4.6012 0.0037
4.6053 4.5690 4.6012 0.0037
4.6053 4.5690 4.6012 0.0037
4.6053 4.5690 4.6012 0.0037
4.6053 4.5690 4.6012 0.0037
4.6053 4.5690 4.6012 0.0037
4.6053 4.5690 4.6012 0.0037
4.6053 4.5690 4.6012 0.0037
4.6053 4.5690 4.6012 0.0037
4.6053 4.5690 4.6013 0.0037
4.6053 4.5690 4.6013 0.0037
4.6053 4.5690 4.6013 0.0037
4.6053 4.5690 4.6013 0.0037
4.6053 4.5690 4.6013 0.0037
4.6053 4.5690 4.6013 0.0037
4.6053 4.5690 4.6013 0.0037
4.6053 4.5690 4.6013 0.0037
4.6053 4.5690 4.6013 0.0037
4.6053 4.5690 4.6013 0.0037
4.6053 4.5690 4.6013 0.0037
4.6053 4.5690 4.6013 0.0037
4.6053 4.5690 4.6013 0.0037
4.6053 4.5690 4.6013 0.0037
4.6053 4.5690 4.6013 0.0037
4.6053 4.5690 4.6013 0.0037
4.6053 4.5690 4.6013 0.0037
4.6053 4.5690 4.6013 0.0037
4.6053 4.5690 4.6014 0.0036
4.6053 4.5690 4.6014 0.0036
4.6053 4.5690 4.6014 0.0036
4.6053 4.5690 4.6014 0.0036
4.6053 4.5690 4.6014 0.0036
4.6053 4.5690 4.6014 0.0036
4.6053 4.5690 4.6014 0.0036
4.6053 4.5690 4.6014 0.0036
4.6053 4.5690 4.6014 0.0036
4.6053 4.5690 4.6014 0.0036
4.6053 4.5690 4.6014 0.0036
4.6053 4.5690 4.6014 0.0036
4.6053 4.5690 4.6015 0.0036
4.6053 4.5690 4.6015 0.0036
4.6053 4.5690 4.6015 0.0036
4.6053 4.5690 4.6015 0.0036
4.6053 4.5690 4.6015 0.0036
4.6053 4.5690 4.6015 0.0036
4.6053 4.5690 4.6016 0.0036
4.6053 4.5690 4.6016 0.0036
4.6053 4.5690 4.6016 0.0036
4.6053 4.5690 4.6016 0.0036
4.6053 4.5690 4.6016 0.0036
4.6053 4.5690 4.6016 0.0036
4.6053 4.5690 4.6016 0.0036
4.6053 4.5690 4.6016 0.0036
4.6053 4.5690 4.6016 0.0036
4.6053 4.5690 4.6016 0.0036
4.6053 4.5690 4.6016 0.0036
4.6053 4.5690 4.6016 0.0036
4.6053 4.5690 4.6016 0.0036
4.6053 4.5690 4.6016 0.0036
4.6053 4.5690 4.6016 0.0036
4.6053 4.5690 4.6016 0.0036
4.6053 4.5690 4.6016 0.0036
4.6053 4.5690 4.6016 0.0036
4.6053 4.5690 4.6016 0.0036
4.6053 4.5690 4.6016 0.0036
4.6053 4.5690 4.6016 0.0036
4.6053 4.5690 4.6016 0.0036
4.6053 4.5690 4.6016 0.0036
4.6053 4.5690 4.6016 0.0036
4.6053 4.5690 4.6016 0.0036
4.6053 4.5690 4.6016 0.0036
4.6053 4.5690 4.6017 0.0036
4.6053 4.5690 4.6017 0.0036
4.6053 4.5690 4.6017 0.0036
4.6053 4.5690 4.6017 0.0036
4.6053 4.5690 4.6017 0.0036
4.6053 4.5690 4.6017 0.0036
4.6053 4.5690 4.6017 0.0036
4.6053 4.5690 4.6017 0.0036
4.6053 4.5690 4.6017 0.0036
4.6053 4.5690 4.6017 0.0036
4.6053 4.5690 4.6018 0.0036
4.6053 4.5690 4.6018 0.0036
4.6053 4.5690 4.6018 0.0036
4.6053 4.5690 4.6019 0.0036
4.6053 4.5690 4.6019 0.0036
4.6053 4.5690 4.6019 0.0036
4.6053 4.5690 4.6019 0.0036
4.6053 4.5690 4.6019 0.0036
4.6053 4.5690 4.6019 0.0036
4.6053 4.5690 4.6019 0.0036
4.6053 4.5690 4.6019 0.0036
4.6053 4.5690 4.6019 0.0036
4.6053 4.5690 4.6019 0.0036
4.6053 4.5690 4.6019 0.0036
4.6053 4.5690 4.6019 0.0036
4.6053 4.5690 4.6019 0.0036
4.6053 4.5690 4.6019 0.0036
4.6053 4.5690 4.6019 0.0036
4.6053 4.5690 4.6019 0.0036
4.6053 4.5690 4.6019 0.0036
4.6053 4.5690 4.6019 0.0036
4.6053 4.5690 4.6019 0.0036
4.6053 4.5690 4.6019 0.0036
4.6053 4.5690 4.6019 0.0036
4.6053 4.5690 4.6019 0.0036
4.6053 4.5690 4.6019 0.0036
4.6053 4.5690 4.6019 0.0036
4.6053 4.5690 4.6019 0.0036
4.6053 4.5690 4.6019 0.0036
4.6053 4.5690 4.6019 0.0036
4.6053 4.5690 4.6019 0.0036
4.6053 4.5690 4.6019 0.0036
4.6053 4.5690 4.6019 0.0036
4.6053 4.5690 4.6020 0.0036
4.6053 4.5690 4.6020 0.0036
4.6053 4.5690 4.6020 0.0036
4.6053 4.5690 4.6020 0.0036
4.6053 4.5690 4.6020 0.0036
4.6053 4.5690 4.6020 0.0036
4.6053 4.5690 4.6020 0.0036
4.6053 4.5690 4.6020 0.0036
4.6053 4.5690 4.6020 0.0036
4.6053 4.5690 4.6020 0.0036
4.6053 4.5690 4.6020 0.0036
4.6053 4.5690 4.6020 0.0036
4.6053 4.5690 4.6020 0.0036
4.6053 4.5690 4.6020 0.0036
4.6053 4.5690 4.6020 0.0036
4.6053 4.5690 4.6020 0.0036
4.6053 4.5690 4.6020 0.0036
4.6053 4.5690 4.6020 0.0036
4.6053 4.5690 4.6020 0.0036
4.6053 4.5690 4.6020 0.0036
4.6053 4.5690 4.6020 0.0036
4.6053 4.5690 4.6020 0.0036
4.6053 4.5690 4.6020 0.0036
4.6053 4.5690 4.6020 0.0036
4.6053 4.5690 4.6021 0.0036
4.6053 4.5690 4.6021 0.0036
4.6053 4.5985 4.6024 0.0013
4.6053 4.5985 4.6024 0.0013
4.6053 4.5985 4.6024 0.0013
4.6053 4.5985 4.6024 0.0014
4.6053 4.5985 4.6024 0.0014
4.6053 4.5985 4.6024 0.0014
4.6053 4.5985 4.6024 0.0014
4.6053 4.5985 4.6024 0.0014
4.6053 4.5985 4.6024 0.0014
4.6053 4.5985 4.6024 0.0014
4.6053 4.5985 4.6024 0.0014
4.6053 4.5985 4.6024 0.0014
4.6053 4.5985 4.6024 0.0014
4.6053 4.5985 4.6024 0.0014
4.6053 4.5985 4.6025 0.0013
4.6053 4.5985 4.6025 0.0013
4.6053 4.5985 4.6025 0.0013
4.6053 4.5985 4.6025 0.0013
4.6053 4.5985 4.6025 0.0013
4.6053 4.5985 4.6025 0.0013
4.6053 4.5985 4.6025 0.0013
4.6053 4.5985 4.6025 0.0013
4.6053 4.5985 4.6025 0.0013
4.6053 4.5985 4.6025 0.0013
4.6053 4.5985 4.6025 0.0013
4.6053 4.5985 4.6025 0.0013
4.6053 4.5985 4.6025 0.0013
4.6053 4.5985 4.6025 0.0013
4.6053 4.5985 4.6025 0.0013
4.6053 4.5985 4.6025 0.0013
4.6053 4.5985 4.6025 0.0013
4.6053 4.5985 4.6025 0.0013
4.6053 4.5985 4.6025 0.0013
4.6053 4.5985 4.6025 0.0013
4.6053 4.5985 4.6025 0.0013
4.6053 4.5985 4.6025 0.0013
4.6053 4.5985 4.6025 0.0013
4.6053 4.5985 4.6025 0.0013
4.6053 4.5985 4.6025 0.0013
4.6053 4.5985 4.6025 0.0013
4.6053 4.5985 4.6025 0.0013
4.6053 4.5985 4.6025 0.0013
4.6053 4.5985 4.6025 0.0013
4.6053 4.5985 4.6025 0.0013
4.6053 4.5985 4.6026 0.0013
4.6053 4.5985 4.6026 0.0013
4.6053 4.5985 4.6026 0.0013
4.6053 4.5985 4.6026 0.0013
4.6053 4.5985 4.6026 0.0013
4.6053 4.5985 4.6026 0.0013
4.6053 4.5985 4.6026 0.0013
4.6053 4.5985 4.6026 0.0013
4.6053 4.5985 4.6026 0.0013
4.6053 4.5985 4.6026 0.0013
4.6053 4.5985 4.6026 0.0013
4.6053 4.5985 4.6026 0.0013
4.6053 4.5985 4.6026 0.0013
4.6053 4.5985 4.6026 0.0013
4.6053 4.5985 4.6026 0.0013
4.6053 4.5985 4.6026 0.0013
4.6053 4.5985 4.6026 0.0013
4.6053 4.5985 4.6026 0.0013
4.6053 4.5985 4.6026 0.0013
4.6053 4.5985 4.6026 0.0013
4.6053 4.5985 4.6027 0.0013
4.6053 4.5985 4.6027 0.0013
4.6053 4.5985 4.6027 0.0013
4.6053 4.5985 4.6027 0.0013
4.6053 4.5985 4.6027 0.0013
4.6053 4.5985 4.6027 0.0013
4.6053 4.5985 4.6027 0.0013
4.6053 4.5985 4.6027 0.0013
4.6053 4.5985 4.6027 0.0013
4.6053 4.5985 4.6027 0.0013
4.6053 4.5985 4.6027 0.0013
4.6053 4.5985 4.6027 0.0013
4.6053 4.5985 4.6027 0.0013
4.6053 4.5985 4.6028 0.0012
4.6053 4.5985 4.6028 0.0012
4.6053 4.5985 4.6028 0.0012
4.6053 4.5985 4.6028 0.0012
4.6053 4.5985 4.6028 0.0012
4.6053 4.5985 4.6028 0.0012
4.6053 4.5985 4.6028 0.0012
4.6053 4.5985 4.6028 0.0012
4.6053 4.5985 4.6028 0.0012
4.6053 4.5985 4.6028 0.0012
4.6053 4.5985 4.6028 0.0012
4.6053 4.5985 4.6028 0.0012
4.6053 4.5985 4.6028 0.0012
4.6053 4.5985 4.6028 0.0012
4.6053 4.5985 4.6029 0.0011
4.6053 4.5985 4.6029 0.0011
4.6053 4.5985 4.6029 0.0011
4.6053 4.5985 4.6029 0.0011
4.6053 4.5985 4.6029 0.0011
4.6053 4.5985 4.6029 0.0011
4.6053 4.5985 4.6029 0.0011
4.6053 4.5985 4.6029 0.0011
4.6053 4.5985 4.6029 0.0011
4.6053 4.5985 4.6029 0.0011
4.6053 4.5985 4.6029 0.0011
4.6053 4.5985 4.6029 0.0011
4.6053 4.5985 4.6029 0.0011
4.6053 4.5985 4.6029 0.0011
4.6053 4.5985 4.6029 0.0011
4.6053 4.5985 4.6029 0.0011
4.6053 4.5985 4.6029 0.0011
4.6053 4.5985 4.6029 0.0011
4.6053 4.5985 4.6029 0.0011
4.6053 4.5985 4.6029 0.0011
4.6053 4.5985 4.6029 0.0011
4.6053 4.5985 4.6029 0.0011
4.6053 4.5985 4.6029 0.0011
4.6053 4.5985 4.6029 0.0011
4.6053 4.5985 4.6029 0.0011
4.6053 4.5985 4.6029 0.0011
4.6053 4.5985 4.6029 0.0011
4.6053 4.5985 4.6029 0.0011
4.6053 4.5985 4.6029 0.0011
4.6053 4.5985 4.6029 0.0011
4.6053 4.5985 4.6029 0.0011
4.6053 4.6005 4.6029 0.0011
4.6053 4.6005 4.6030 0.0011
4.6053 4.6005 4.6030 0.0011
4.6053 4.6005 4.6030 0.0011
4.6053 4.6005 4.6030 0.0011
4.6053 4.6005 4.6030 0.0011
4.6053 4.6005 4.6030 0.0011
4.6053 4.6005 4.6030 0.0011
4.6053 4.6005 4.6030 0.0011
4.6053 4.6005 4.6030 0.0011
4.6053 4.6005 4.6030 0.0011
4.6053 4.6005 4.6030 0.0011
4.6053 4.6005 4.6030 0.0011
4.6053 4.6005 4.6030 0.0011
4.6053 4.6005 4.6030 0.0011
4.6053 4.6005 4.6030 0.0011
4.6053 4.6005 4.6030 0.0011
4.6053 4.6005 4.6030 0.0011
4.6053 4.6005 4.6030 0.0011
4.6053 4.6005 4.6030 0.0011
4.6053 4.6005 4.6030 0.0011
4.6053 4.6005 4.6030 0.0011
4.6053 4.6005 4.6030 0.0011
4.6053 4.6005 4.6030 0.0011
4.6053 4.6005 4.6030 0.0011
4.6053 4.6005 4.6030 0.0011
4.6053 4.6005 4.6030 0.0011
4.6053 4.6005 4.6030 0.0010
4.6053 4.6005 4.6030 0.0010
4.6053 4.6005 4.6030 0.0010
4.6053 4.6005 4.6030 0.0010
4.6053 4.6005 4.6030 0.0010
4.6053 4.6005 4.6030 0.0010
4.6053 4.6005 4.6030 0.0010
4.6053 4.6005 4.6030 0.0010
4.6053 4.6005 4.6031 0.0010
4.6053 4.6005 4.6031 0.0010
4.6053 4.6005 4.6031 0.0010
4.6053 4.6005 4.6031 0.0010
4.6053 4.6005 4.6031 0.0010
4.6053 4.6005 4.6031 0.0010
4.6053 4.6005 4.6031 0.0010
4.6053 4.6005 4.6031 0.0010
4.6053 4.6005 4.6031 0.0010
4.6053 4.6005 4.6031 0.0010
4.6053 4.6005 4.6031 0.0010
4.6053 4.6005 4.6031 0.0010
4.6053 4.6005 4.6031 0.0010
4.6053 4.6005 4.6031 0.0010
4.6053 4.6005 4.6031 0.0010
4.6053 4.6005 4.6031 0.0010
4.6053 4.6005 4.6031 0.0010
4.6053 4.6005 4.6031 0.0010
4.6053 4.6005 4.6031 0.0010
4.6053 4.6005 4.6031 0.0010
4.6053 4.6005 4.6031 0.0010
4.6053 4.6005 4.6031 0.0010
4.6053 4.6005 4.6031 0.0010
4.6053 4.6005 4.6031 0.0010
4.6053 4.6005 4.6032 0.0010
4.6053 4.6005 4.6032 0.0010
4.6053 4.6005 4.6032 0.0010
4.6053 4.6005 4.6032 0.0010
4.6053 4.6005 4.6032 0.0010
4.6053 4.6005 4.6032 0.0010
4.6053 4.6005 4.6032 0.0010
4.6053 4.6005 4.6032 0.0010
4.6053 4.6005 4.6032 0.0010
4.6053 4.6005 4.6032 0.0010
4.6053 4.6005 4.6032 0.0010
4.6053 4.6005 4.6032 0.0010
4.6053 4.6005 4.6032 0.0010
4.6053 4.6005 4.6032 0.0010
4.6053 4.6005 4.6032 0.0010
4.6053 4.6005 4.6032 0.0010
4.6053 4.6005 4.6032 0.0010
4.6053 4.6005 4.6032 0.0010
4.6053 4.6005 4.6032 0.0010
4.6053 4.6005 4.6032 0.0010
4.6053 4.6005 4.6032 0.0010
4.6053 4.6005 4.6032 0.0010
4.6053 4.6005 4.6032 0.0010
4.6053 4.6005 4.6032 0.0010
4.6053 4.6005 4.6032 0.0010
4.6053 4.6005 4.6032 0.0010
4.6053 4.6005 4.6032 0.0010
4.6053 4.6005 4.6032 0.0010
4.6053 4.6005 4.6032 0.0010
4.6053 4.6005 4.6033 0.0010
4.6053 4.6005 4.6033 0.0010
4.6053 4.6005 4.6033 0.0010
4.6068 4.6005 4.6033 0.0010
4.6068 4.6005 4.6033 0.0010
4.6068 4.6005 4.6033 0.0010
4.6068 4.6005 4.6033 0.0010
4.6068 4.6005 4.6033 0.0010
4.6068 4.6005 4.6033 0.0010
4.6068 4.6005 4.6033 0.0010
4.6068 4.6005 4.6033 0.0011
4.6068 4.6005 4.6033 0.0011
4.6068 4.6005 4.6033 0.0011
4.6068 4.6005 4.6033 0.0011
4.6068 4.6005 4.6033 0.0011
4.6068 4.6005 4.6033 0.0011
4.6068 4.6005 4.6033 0.0011
4.6068 4.6005 4.6033 0.0010
4.6068 4.6005 4.6034 0.0010
4.6068 4.6005 4.6034 0.0010
4.6068 4.6005 4.6034 0.0010
4.6068 4.6005 4.6034 0.0010
4.6068 4.6005 4.6034 0.0010
4.6068 4.6005 4.6034 0.0010
4.6068 4.6005 4.6034 0.0010
4.6068 4.6005 4.6034 0.0010
4.6068 4.6005 4.6034 0.0010
4.6068 4.6005 4.6034 0.0010
4.6068 4.6005 4.6034 0.0010
4.6068 4.6005 4.6034 0.0010
4.6068 4.6005 4.6034 0.0010
4.6068 4.6005 4.6034 0.0010
4.6068 4.6005 4.6034 0.0010
4.6068 4.6005 4.6034 0.0010
4.6068 4.6005 4.6034 0.0010
4.6068 4.6005 4.6034 0.0010
4.6068 4.6005 4.6034 0.0010
4.6068 4.6005 4.6034 0.0010
4.6068 4.6005 4.6034 0.0010
4.6068 4.6005 4.6034 0.0010
4.6068 4.6005 4.6034 0.0010
4.6068 4.6005 4.6034 0.0010
4.6068 4.6005 4.6034 0.0010
4.6068 4.6005 4.6034 0.0010
4.6068 4.6005 4.6034 0.0010
4.6068 4.6005 4.6034 0.0010
4.6068 4.6005 4.6034 0.0010
4.6068 4.6005 4.6034 0.0010
4.6068 4.6005 4.6034 0.0010
4.6068 4.6005 4.6034 0.0010
4.6068 4.6005 4.6034 0.0010
4.6068 4.6005 4.6034 0.0010
4.6068 4.6005 4.6034 0.0010
4.6068 4.6005 4.6034 0.0010
4.6068 4.6005 4.6034 0.0010
4.6068 4.6005 4.6034 0.0010
4.6068 4.6005 4.6034 0.0010
4.6068 4.6005 4.6034 0.0010
4.6068 4.6005 4.6034 0.0010
4.6068 4.6005 4.6034 0.0010
4.6068 4.6005 4.6034 0.0010
4.6068 4.6005 4.6034 0.0010
4.6068 4.6005 4.6035 0.0010
4.6068 4.6005 4.6035 0.0010
4.6068 4.6005 4.6035 0.0010
4.6068 4.6005 4.6035 0.0010
4.6068 4.6005 4.6035 0.0010
4.6068 4.6005 4.6035 0.0010
4.6068 4.6005 4.6035 0.0010
4.6068 4.6005 4.6035 0.0010
4.6068 4.6005 4.6035 0.0010
4.6068 4.6005 4.6035 0.0010
4.6068 4.6005 4.6035 0.0010
4.6068 4.6005 4.6035 0.0010
4.6068 4.6005 4.6035 0.0010
4.6068 4.6005 4.6035 0.0010
4.6068 4.6005 4.6035 0.0010
4.6068 4.6005 4.6035 0.0010
4.6068 4.6005 4.6035 0.0010
4.6068 4.6005 4.6035 0.0010
4.6068 4.6005 4.6035 0.0010
4.6068 4.6005 4.6035 0.0010
4.6068 4.6005 4.6035 0.0010
4.6068 4.6005 4.6035 0.0011
4.6068 4.6005 4.6035 0.0011
4.6068 4.6005 4.6036 0.0011
4.6068 4.6005 4.6036 0.0011
4.6068 4.6005 4.6036 0.0011
4.6068 4.6005 4.6036 0.0011
4.6068 4.6005 4.6036 0.0011
4.6068 4.6005 4.6036 0.0011
4.6068 4.6005 4.6036 0.0011
4.6068 4.6005 4.6036 0.0011
4.6068 4.6005 4.6036 0.0011
4.6068 4.6005 4.6036 0.0011
4.6068 4.6005 4.6036 0.0011
4.6068 4.6005 4.6036 0.0011
4.6068 4.6005 4.6036 0.0011
4.6068 4.6005 4.6036 0.0011
4.6068 4.6005 4.6036 0.0011
4.6068 4.6005 4.6036 0.0011
4.6068 4.6005 4.6036 0.0011
4.6068 4.6005 4.6036 0.0011
4.6068 4.6005 4.6036 0.0011
4.6068 4.6005 4.6036 0.0011
4.6068 4.6005 4.6036 0.0011
4.6068 4.6005 4.6036 0.0011
4.6068 4.6005 4.6036 0.0011
4.6068 4.6005 4.6036 0.0011
4.6068 4.6005 4.6036 0.0011
4.6068 4.6005 4.6036 0.0011
4.6068 4.6005 4.6036 0.0011
4.6069 4.6005 4.6036 0.0011
4.6069 4.6005 4.6036 0.0011
4.6069 4.6005 4.6036 0.0011
4.6069 4.6005 4.6036 0.0011
4.6069 4.6005 4.6037 0.0011
4.6069 4.6005 4.6037 0.0011
4.6069 4.6005 4.6037 0.0011
4.6069 4.6005 4.6037 0.0011
4.6069 4.6005 4.6037 0.0011
4.6069 4.6005 4.6037 0.0011
4.6069 4.6005 4.6037 0.0011
4.6069 4.6005 4.6037 0.0011
4.6069 4.6005 4.6037 0.0011
4.6069 4.6005 4.6037 0.0011
4.6069 4.6005 4.6037 0.0011
4.6069 4.6005 4.6037 0.0011
4.6069 4.6005 4.6037 0.0011
4.6069 4.6005 4.6037 0.0011
4.6069 4.6005 4.6037 0.0011
4.6069 4.6005 4.6037 0.0011
4.6069 4.6005 4.6037 0.0011
4.6069 4.6005 4.6037 0.0011
4.6069 4.6005 4.6037 0.0011
4.6069 4.6005 4.6037 0.0011
4.6069 4.6005 4.6037 0.0011
4.6069 4.6005 4.6037 0.0011
4.6069 4.6005 4.6037 0.0010
4.6069 4.6005 4.6037 0.0010
4.6069 4.6005 4.6037 0.0010
4.6069 4.6005 4.6037 0.0010
4.6069 4.6005 4.6037 0.0010
4.6069 4.6005 4.6037 0.0010
4.6069 4.6005 4.6037 0.0010
4.6069 4.6005 4.6038 0.0011
4.6069 4.6005 4.6038 0.0011
4.6069 4.6005 4.6038 0.0011
4.6069 4.6005 4.6038 0.0011
4.6069 4.6005 4.6038 0.0011
4.6069 4.6005 4.6038 0.0011
4.6069 4.6005 4.6038 0.0011
4.6069 4.6005 4.6038 0.0010
4.6069 4.6005 4.6038 0.0010
4.6069 4.6005 4.6038 0.0010
4.6069 4.6005 4.6038 0.0010
4.6069 4.6005 4.6038 0.0010
4.6069 4.6005 4.6038 0.0010
4.6069 4.6005 4.6038 0.0010
4.6069 4.6005 4.6038 0.0010
4.6069 4.6005 4.6038 0.0010
4.6069 4.6005 4.6038 0.0010
4.6092 4.6005 4.6039 0.0011
4.6092 4.6005 4.6039 0.0011
4.6092 4.6005 4.6039 0.0011
4.6092 4.6005 4.6039 0.0011
4.6092 4.6005 4.6039 0.0011
4.6092 4.6005 4.6039 0.0011
4.6092 4.6005 4.6039 0.0012
4.6092 4.6005 4.6039 0.0012
4.6092 4.6005 4.6039 0.0012
4.6092 4.6005 4.6039 0.0012
4.6092 4.6005 4.6039 0.0012
4.6092 4.6005 4.6039 0.0012
4.6092 4.6005 4.6039 0.0012
4.6092 4.6005 4.6039 0.0012
4.6092 4.6005 4.6039 0.0012
4.6092 4.6005 4.6039 0.0012
4.6092 4.6005 4.6039 0.0012
4.6092 4.6005 4.6039 0.0012
4.6092 4.6005 4.6040 0.0012
4.6092 4.6005 4.6040 0.0012
4.6092 4.6005 4.6040 0.0012
4.6092 4.6005 4.6040 0.0012
4.6092 4.6005 4.6040 0.0012
4.6092 4.6005 4.6040 0.0012
4.6092 4.6005 4.6040 0.0012
4.6092 4.6005 4.6040 0.0012
4.6092 4.6005 4.6040 0.0012
4.6092 4.6005 4.6040 0.0012
4.6092 4.6005 4.6040 0.0012
4.6092 4.6005 4.6040 0.0012
4.6092 4.6005 4.6040 0.0012
4.6092 4.6005 4.6040 0.0012
4.6092 4.6005 4.6040 0.0012
4.6092 4.6005 4.6040 0.0012
4.6092 4.6005 4.6040 0.0012
4.6092 4.6005 4.6040 0.0012
4.6092 4.6005 4.6040 0.0012
4.6092 4.6005 4.6040 0.0012
4.6092 4.6005 4.6040 0.0012
4.6092 4.6005 4.6041 0.0012
4.6092 4.6005 4.6041 0.0012
4.6092 4.6005 4.6041 0.0012
4.6092 4.6005 4.6041 0.0012
4.6092 4.6005 4.6041 0.0012
4.6092 4.6005 4.6041 0.0012
4.6092 4.6005 4.6041 0.0012
4.6092 4.6005 4.6041 0.0012
4.6092 4.6005 4.6041 0.0012
4.6092 4.6005 4.6041 0.0012
4.6092 4.6005 4.6041 0.0012
4.6092 4.6005 4.6041 0.0012
4.6092 4.6005 4.6041 0.0012
4.6092 4.6005 4.6041 0.0012
4.6107 4.6005 4.6042 0.0013
4.6107 4.6005 4.6042 0.0013
4.6107 4.6005 4.6042 0.0013
4.6107 4.6005 4.6042 0.0013
4.6107 4.6005 4.6042 0.0013
4.6107 4.6005 4.6042 0.0013
4.6107 4.6005 4.6042 0.0013
4.6107 4.6005 4.6042 0.0013
4.6107 4.6005 4.6042 0.0013
4.6107 4.6005 4.6042 0.0013
4.6107 4.6005 4.6042 0.0013
4.6107 4.6005 4.6042 0.0013
4.6107 4.6005 4.6042 0.0013
4.6107 4.6005 4.6042 0.0013
4.6107 4.6005 4.6042 0.0013
4.6107 4.6005 4.6042 0.0013
4.6107 4.6005 4.6042 0.0013
4.6107 4.6005 4.6042 0.0013
4.6107 4.6005 4.6042 0.0013
4.6107 4.6005 4.6043 0.0014
4.6107 4.6005 4.6043 0.0014
4.6107 4.6005 4.6043 0.0014
4.6107 4.6005 4.6043 0.0014
4.6107 4.6005 4.6043 0.0014
4.6107 4.6005 4.6043 0.0014
4.6107 4.6005 4.6043 0.0014
4.6107 4.6005 4.6043 0.0014
4.6107 4.6005 4.6043 0.0014
4.6107 4.6005 4.6043 0.0014
4.6107 4.6005 4.6043 0.0014
4.6107 4.6005 4.6043 0.0014
4.6107 4.6005 4.6043 0.0014
4.6107 4.6005 4.6044 0.0015
4.6107 4.6005 4.6044 0.0015
4.6107 4.6005 4.6044 0.0015
4.6107 4.6005 4.6044 0.0015
4.6107 4.6005 4.6044 0.0015
4.6107 4.6005 4.6044 0.0015
4.6107 4.6005 4.6044 0.0015
4.6107 4.6005 4.6044 0.0015
4.6107 4.6005 4.6044 0.0015
4.6107 4.6005 4.6044 0.0015
4.6107 4.6005 4.6044 0.0015
4.6107 4.6005 4.6044 0.0015
4.6107 4.6005 4.6044 0.0015
4.6107 4.6005 4.6045 0.0015
4.6107 4.6005 4.6045 0.0015
4.6107 4.6005 4.6045 0.0015
4.6107 4.6005 4.6045 0.0015
4.6107 4.6005 4.6045 0.0015
4.6107 4.6005 4.6045 0.0015
4.6107 4.6005 4.6045 0.0015
4.6107 4.6005 4.6045 0.0015
4.6107 4.6005 4.6045 0.0015
4.6107 4.6005 4.6045 0.0015
4.6107 4.6005 4.6045 0.0015
4.6107 4.6005 4.6045 0.0015
4.6107 4.6005 4.6045 0.0015
4.6107 4.6005 4.6045 0.0015
4.6107 4.6005 4.6045 0.0015
4.6107 4.6005 4.6045 0.0015
4.6107 4.6005 4.6045 0.0015
4.6107 4.6005 4.6045 0.0015
4.6107 4.6005 4.6045 0.0015
4.6107 4.6005 4.6045 0.0015
4.6107 4.6005 4.6045 0.0015
4.6107 4.6005 4.6046 0.0015
4.6107 4.6005 4.6046 0.0015
4.6107 4.6005 4.6046 0.0015
4.6107 4.6005 4.6046 0.0015
4.6107 4.6005 4.6046 0.0015
4.6107 4.6005 4.6046 0.0015
4.6107 4.6005 4.6046 0.0015
4.6107 4.6005 4.6046 0.0015
4.6107 4.6005 4.6047 0.0015
4.6107 4.6005 4.6047 0.0015
4.6107 4.6005 4.6047 0.0015
4.6107 4.6005 4.6047 0.0015
4.6107 4.6005 4.6047 0.0015
4.6107 4.6005 4.6047 0.0015
4.6107 4.6005 4.6047 0.0015
4.6107 4.6005 4.6047 0.0015
4.6107 4.6005 4.6047 0.0015
4.6107 4.6005 4.6047 0.0015
4.6107 4.6005 4.6047 0.0015
4.6107 4.6005 4.6047 0.0015
4.6107 4.6005 4.6047 0.0015
4.6107 4.6005 4.6047 0.0015
4.6107 4.6005 4.6047 0.0015
4.6107 4.6005 4.6047 0.0015
4.6107 4.6005 4.6047 0.0015
4.6107 4.6005 4.6047 0.0015
4.6107 4.6005 4.6047 0.0015
4.6107 4.6005 4.6047 0.0015
4.6107 4.6005 4.6047 0.0015
4.6107 4.6005 4.6047 0.0015
4.6107 4.6005 4.6047 0.0015
4.6107 4.6005 4.6048 0.0015
4.6107 4.6005 4.6048 0.0015
4.6107 4.6005 4.6048 0.0015
4.6107 4.6005 4.6048 0.0015
4.6107 4.6005 4.6048 0.0015
4.6107 4.6005 4.6048 0.0015
4.6107 4.6005 4.6048 0.0015
4.6107 4.6005 4.6048 0.0015
4.6107 4.6005 4.6048 0.0015
4.6107 4.6005 4.6048 0.0015
4.6107 4.6005 4.6048 0.0015
4.6107 4.6005 4.6048 0.0015
4.6107 4.6005 4.6048 0.0015
4.6107 4.6005 4.6048 0.0015
4.6107 4.6005 4.6049 0.0015
4.6107 4.6005 4.6049 0.0015
4.6107 4.6005 4.6049 0.0015
4.6107 4.6005 4.6049 0.0015
4.6107 4.6005 4.6049 0.0015
4.6107 4.6005 4.6049 0.0015
4.6107 4.6005 4.6049 0.0015
4.6107 4.6005 4.6049 0.0015
4.6107 4.6005 4.6049 0.0015
4.6107 4.6005 4.6049 0.0015
4.6107 4.6005 4.6049 0.0015
4.6107 4.6005 4.6049 0.0015
4.6107 4.6005 4.6049 0.0015
4.6107 4.6005 4.6049 0.0015
4.6107 4.6005 4.6049 0.0015
4.6107 4.6005 4.6049 0.0015
4.6107 4.6005 4.6049 0.0015
4.6107 4.6005 4.6049 0.0015
4.6107 4.6005 4.6049 0.0015
4.6107 4.6005 4.6049 0.0015
4.6107 4.6005 4.6049 0.0015
4.6107 4.6005 4.6050 0.0015
4.6107 4.6005 4.6050 0.0015
4.6107 4.6005 4.6050 0.0015
4.6107 4.6005 4.6050 0.0015
4.6107 4.6005 4.6050 0.0015
4.6107 4.6005 4.6050 0.0015
4.6107 4.6005 4.6050 0.0015
4.6107 4.6005 4.6050 0.0015
4.6107 4.6005 4.6050 0.0015
4.6107 4.6005 4.6050 0.0015
4.6107 4.6005 4.6050 0.0015
4.6107 4.6005 4.6050 0.0015
4.6107 4.6005 4.6050 0.0015
4.6107 4.6005 4.6050 0.0015
4.6107 4.6005 4.6050 0.0015
4.6107 4.6005 4.6050 0.0015
4.6107 4.6005 4.6050 0.0015
4.6107 4.6005 4.6050 0.0015
4.6107 4.6005 4.6050 0.0015
4.6107 4.6005 4.6050 0.0015
4.6107 4.6005 4.6050 0.0015
4.6107 4.6005 4.6050 0.0015
4.6107 4.6005 4.6050 0.0015
4.6107 4.6005 4.6050 0.0015
4.6107 4.6005 4.6050 0.0015
4.6107 4.6005 4.6050 0.0015
4.6107 4.6005 4.6050 0.0015
4.6107 4.6005 4.6050 0.0015
4.6107 4.6005 4.6051 0.0015
4.6107 4.6005 4.6051 0.0015
4.6107 4.6005 4.6051 0.0015
4.6107 4.6005 4.6051 0.0015
4.6107 4.6005 4.6051 0.0015
4.6107 4.6005 4.6051 0.0015
4.6107 4.6005 4.6051 0.0015
4.6107 4.6005 4.6051 0.0015
4.6107 4.6005 4.6051 0.0015
4.6107 4.6005 4.6051 0.0015
4.6107 4.6005 4.6051 0.0015
4.6107 4.6005 4.6051 0.0015
4.6107 4.6005 4.6051 0.0015
4.6107 4.6005 4.6051 0.0015
4.6107 4.6005 4.6051 0.0015
4.6107 4.6005 4.6051 0.0015
4.6107 4.6005 4.6051 0.0015
4.6107 4.6005 4.6051 0.0015
4.6107 4.6005 4.6051 0.0015
4.6107 4.6005 4.6051 0.0015
4.6107 4.6005 4.6052 0.0015
4.6107 4.6005 4.6052 0.0015
4.6107 4.6005 4.6052 0.0015
4.6107 4.6005 4.6052 0.0015
4.6107 4.6005 4.6052 0.0015
4.6107 4.6005 4.6052 0.0015
4.6107 4.6005 4.6052 0.0015
4.6107 4.6005 4.6052 0.0015
4.6107 4.6005 4.6052 0.0015
4.6107 4.6005 4.6052 0.0015
4.6107 4.6005 4.6052 0.0015
4.6107 4.6005 4.6052 0.0015
4.6107 4.6005 4.6052 0.0015
4.6107 4.6005 4.6052 0.0015
4.6107 4.6005 4.6052 0.0015
4.6107 4.6005 4.6052 0.0015
4.6107 4.6005 4.6052 0.0015
4.6107 4.6005 4.6052 0.0015
4.6107 4.6005 4.6052 0.0015
4.6107 4.6005 4.6053 0.0015
4.6107 4.6005 4.6053 0.0015
4.6107 4.6005 4.6053 0.0015
4.6107 4.6005 4.6053 0.0015
4.6107 4.6005 4.6053 0.0015
4.6107 4.6005 4.6053 0.0015
4.6107 4.6005 4.6053 0.0015
4.6107 4.6005 4.6053 0.0015
4.6107 4.6005 4.6053 0.0015
4.6107 4.6005 4.6053 0.0015
4.6107 4.6005 4.6053 0.0015
4.6107 4.6005 4.6053 0.0015
4.6107 4.6005 4.6053 0.0015
4.6107 4.6005 4.6053 0.0015
4.6107 4.6005 4.6053 0.0015
4.6107 4.6005 4.6053 0.0014
4.6107 4.6005 4.6053 0.0014
4.6107 4.6005 4.6054 0.0014
4.6107 4.6005 4.6054 0.0014
4.6107 4.6005 4.6054 0.0014
4.6107 4.6005 4.6054 0.0014
4.6107 4.6005 4.6054 0.0014
4.6107 4.6005 4.6054 0.0014
4.6107 4.6005 4.6054 0.0014
4.6107 4.6005 4.6054 0.0014
4.6107 4.6005 4.6054 0.0014
4.6107 4.6005 4.6054 0.0014
4.6107 4.6005 4.6054 0.0014
4.6107 4.6005 4.6054 0.0014
4.6107 4.6005 4.6054 0.0014
4.6107 4.6005 4.6054 0.0014
4.6107 4.6005 4.6054 0.0014
4.6107 4.6005 4.6054 0.0014
4.6107 4.6005 4.6054 0.0014
4.6107 4.6005 4.6055 0.0015
4.6107 4.6005 4.6055 0.0014
4.6107 4.6005 4.6055 0.0014
4.6107 4.6005 4.6055 0.0014
4.6107 4.6005 4.6055 0.0014
4.6107 4.6005 4.6055 0.0014
4.6107 4.6005 4.6055 0.0014
4.6107 4.6005 4.6055 0.0015
4.6107 4.6005 4.6055 0.0015
4.6107 4.6005 4.6055 0.0015
4.6107 4.6005 4.6055 0.0015
4.6107 4.6005 4.6055 0.0015
4.6107 4.6005 4.6055 0.0015
4.6107 4.6005 4.6055 0.0014
4.6107 4.6005 4.6055 0.0014
4.6107 4.6005 4.6055 0.0014
4.6107 4.6005 4.6055 0.0014
4.6107 4.6005 4.6055 0.0014
4.6107 4.6005 4.6055 0.0014
4.6107 4.6005 4.6056 0.0014
4.6107 4.6005 4.6056 0.0014
4.6107 4.6005 4.6056 0.0014
4.6107 4.6005 4.6056 0.0014
4.6107 4.6005 4.6056 0.0014
4.6107 4.6005 4.6056 0.0014
4.6107 4.6005 4.6056 0.0014
4.6107 4.6005 4.6056 0.0014
4.6107 4.6005 4.6056 0.0014
4.6107 4.6005 4.6056 0.0014
4.6107 4.6005 4.6056 0.0014
4.6107 4.6005 4.6056 0.0014
4.6107 4.6005 4.6056 0.0014
4.6107 4.6005 4.6056 0.0014
4.6107 4.6005 4.6056 0.0014
4.6107 4.6005 4.6056 0.0014
4.6107 4.6005 4.6056 0.0014
4.6107 4.6005 4.6056 0.0014
4.6107 4.6005 4.6056 0.0014
4.6107 4.6005 4.6056 0.0014
4.6107 4.6005 4.6056 0.0014
4.6107 4.6005 4.6056 0.0014
4.6107 4.6005 4.6057 0.0014
4.6107 4.6005 4.6057 0.0014
4.6107 4.6005 4.6057 0.0014
4.6107 4.6005 4.6057 0.0014
4.6107 4.6005 4.6057 0.0014
4.6107 4.6005 4.6057 0.0014
4.6107 4.6005 4.6057 0.0014
4.6107 4.6005 4.6057 0.0014
4.6107 4.6005 4.6057 0.0014
4.6107 4.6005 4.6057 0.0014
4.6107 4.6005 4.6057 0.0014
4.6107 4.6005 4.6057 0.0014
4.6107 4.6005 4.6057 0.0014
4.6107 4.6005 4.6057 0.0014
4.6107 4.6005 4.6058 0.0014
4.6107 4.6005 4.6058 0.0014
4.6107 4.6005 4.6058 0.0014
4.6107 4.6005 4.6058 0.0014
4.6107 4.6005 4.6058 0.0014
4.6107 4.6005 4.6058 0.0014
4.6107 4.6005 4.6058 0.0014
4.6107 4.6005 4.6058 0.0014
4.6107 4.6005 4.6058 0.0014
4.6107 4.6005 4.6058 0.0014
4.6107 4.6005 4.6058 0.0014
4.6107 4.6005 4.6058 0.0014
4.6107 4.6005 4.6058 0.0014
4.6107 4.6005 4.6058 0.0014
4.6107 4.6005 4.6058 0.0014
4.6107 4.6005 4.6058 0.0014
4.6107 4.6005 4.6058 0.0014
4.6107 4.6005 4.6058 0.0014
4.6107 4.6005 4.6058 0.0014
4.6107 4.6005 4.6058 0.0014
4.6107 4.6005 4.6058 0.0014
4.6107 4.6005 4.6058 0.0014
4.6107 4.6005 4.6059 0.0014
4.6107 4.6005 4.6059 0.0014
4.6107 4.6005 4.6059 0.0014
4.6107 4.6005 4.6059 0.0014
4.6107 4.6005 4.6059 0.0014
4.6107 4.6005 4.6059 0.0014
4.6107 4.6005 4.6059 0.0014
4.6147 4.6005 4.6060 0.0017
4.6147 4.6005 4.6060 0.0017
4.6147 4.6005 4.6060 0.0017
4.6147 4.6005 4.6060 0.0017
4.6147 4.6005 4.6060 0.0017
4.6147 4.6005 4.6060 0.0017
4.6147 4.6005 4.6060 0.0017
4.6147 4.6005 4.6060 0.0016
4.6147 4.6005 4.6060 0.0016
4.6147 4.6005 4.6060 0.0016
4.6147 4.6005 4.6060 0.0016
4.6147 4.6005 4.6060 0.0016
4.6147 4.6005 4.6060 0.0016
4.6147 4.6005 4.6060 0.0016
4.6147 4.6005 4.6060 0.0016
4.6147 4.6005 4.6060 0.0016
4.6147 4.6005 4.6060 0.0016
4.6147 4.6005 4.6061 0.0016
4.6147 4.6005 4.6061 0.0016
4.6147 4.6005 4.6061 0.0016
4.6147 4.6005 4.6061 0.0016
4.6147 4.6005 4.6061 0.0016
4.6147 4.6005 4.6061 0.0016
4.6147 4.6005 4.6061 0.0016
4.6147 4.6005 4.6061 0.0016
4.6147 4.6005 4.6061 0.0016
4.6147 4.6005 4.6061 0.0016
4.6147 4.6005 4.6061 0.0016
4.6147 4.6005 4.6061 0.0016
4.6147 4.6005 4.6061 0.0016
4.6147 4.6005 4.6061 0.0016
4.6147 4.6005 4.6061 0.0016
4.6147 4.6005 4.6061 0.0016
4.6147 4.6005 4.6061 0.0016
4.6147 4.6005 4.6062 0.0016
4.6147 4.6005 4.6062 0.0016
4.6147 4.6005 4.6062 0.0016
4.6147 4.6005 4.6062 0.0016
4.6147 4.6005 4.6062 0.0016
4.6147 4.6005 4.6062 0.0016
4.6147 4.6005 4.6062 0.0016
4.6147 4.6005 4.6062 0.0016
4.6147 4.6005 4.6062 0.0016
4.6147 4.6005 4.6062 0.0016
4.6147 4.6005 4.6063 0.0016
4.6147 4.6005 4.6063 0.0016
4.6147 4.6005 4.6063 0.0016
4.6147 4.6005 4.6063 0.0016
4.6147 4.6005 4.6063 0.0016
4.6171 4.6005 4.6064 0.0020
4.6171 4.6005 4.6064 0.0020
4.6171 4.6005 4.6064 0.0020
4.6171 4.6005 4.6064 0.0020
4.6171 4.6005 4.6064 0.0020
4.6171 4.6005 4.6064 0.0020
4.6171 4.6005 4.6064 0.0020
4.6171 4.6005 4.6064 0.0020
4.6171 4.6005 4.6064 0.0020
4.6171 4.6005 4.6064 0.0019
4.6171 4.6005 4.6064 0.0020
4.6171 4.6005 4.6064 0.0020
4.6171 4.6005 4.6064 0.0020
4.6171 4.6005 4.6064 0.0020
4.6171 4.6005 4.6064 0.0020
4.6171 4.6005 4.6064 0.0020
4.6171 4.6005 4.6064 0.0020
4.6171 4.6005 4.6064 0.0020
4.6171 4.6005 4.6064 0.0020
4.6171 4.6005 4.6064 0.0020
4.6171 4.6005 4.6064 0.0020
4.6171 4.6005 4.6064 0.0020
4.6171 4.6005 4.6064 0.0020
4.6171 4.6005 4.6064 0.0020
4.6171 4.6005 4.6064 0.0020
4.6171 4.6005 4.6064 0.0020
4.6171 4.6005 4.6065 0.0022
4.6171 4.6005 4.6065 0.0022
4.6171 4.6005 4.6065 0.0022
4.6171 4.6005 4.6065 0.0022
4.6171 4.6005 4.6065 0.0022
4.6171 4.6005 4.6065 0.0022
4.6171 4.6005 4.6065 0.0022
4.6171 4.6005 4.6065 0.0022
4.6171 4.6005 4.6065 0.0022
4.6171 4.6005 4.6065 0.0022
4.6171 4.6005 4.6065 0.0022
4.6171 4.6005 4.6065 0.0022
4.6171 4.6005 4.6065 0.0022
4.6171 4.6005 4.6065 0.0022
4.6171 4.6005 4.6065 0.0022
4.6171 4.6005 4.6065 0.0022
4.6171 4.6005 4.6065 0.0022
4.6171 4.6005 4.6065 0.0022
4.6171 4.6005 4.6065 0.0022
4.6171 4.6005 4.6065 0.0022
4.6171 4.6005 4.6066 0.0022
4.6171 4.6005 4.6066 0.0022
4.6171 4.6005 4.6066 0.0023
4.6171 4.6005 4.6066 0.0022
4.6171 4.6005 4.6066 0.0022
4.6171 4.6005 4.6066 0.0022
4.6171 4.6005 4.6066 0.0022
4.6171 4.6005 4.6066 0.0022
4.6171 4.6005 4.6066 0.0022
4.6171 4.6005 4.6066 0.0022
4.6171 4.6005 4.6066 0.0022
4.6171 4.6005 4.6066 0.0022
4.6171 4.6005 4.6066 0.0022
4.6171 4.6005 4.6066 0.0023
4.6171 4.6005 4.6066 0.0023
4.6171 4.6005 4.6066 0.0023
4.6171 4.6035 4.6067 0.0022
4.6171 4.6035 4.6067 0.0022
4.6171 4.6035 4.6067 0.0022
4.6171 4.6035 4.6068 0.0022
4.6171 4.6035 4.6068 0.0022
4.6171 4.6035 4.6068 0.0022
4.6171 4.6035 4.6068 0.0022
4.6171 4.6035 4.6068 0.0022
4.6171 4.6035 4.6068 0.0022
4.6171 4.6035 4.6068 0.0022
4.6171 4.6035 4.6068 0.0022
4.6171 4.6035 4.6068 0.0022
4.6171 4.6035 4.6068 0.0022
4.6171 4.6035 4.6068 0.0022
4.6171 4.6035 4.6069 0.0024
4.6171 4.6035 4.6069 0.0024
4.6171 4.6035 4.6069 0.0024
4.6196 4.6035 4.6069 0.0026
4.6196 4.6035 4.6069 0.0026
4.6196 4.6035 4.6069 0.0026
4.6196 4.6035 4.6069 0.0026
4.6196 4.6035 4.6069 0.0026
4.6196 4.6035 4.6069 0.0026
4.6196 4.6035 4.6069 0.0026
4.6196 4.6035 4.6069 0.0026
4.6196 4.6035 4.6069 0.0026
4.6196 4.6035 4.6070 0.0026
4.6196 4.6035 4.6070 0.0026
4.6196 4.6035 4.6070 0.0026
4.6196 4.6035 4.6070 0.0026
4.6196 4.6035 4.6070 0.0026
4.6196 4.6035 4.6070 0.0026
4.6196 4.6035 4.6070 0.0026
4.6196 4.6035 4.6070 0.0026
4.6196 4.6035 4.6070 0.0026
4.6196 4.6035 4.6070 0.0026
4.6196 4.6035 4.6070 0.0026
4.6196 4.6035 4.6070 0.0026
4.6196 4.6035 4.6070 0.0026
4.6196 4.6035 4.6070 0.0026
4.6196 4.6035 4.6070 0.0026
4.6196 4.6035 4.6070 0.0026
4.6196 4.6035 4.6070 0.0026
4.6196 4.6035 4.6070 0.0026
4.6196 4.6035 4.6070 0.0026
4.6196 4.6035 4.6070 0.0026
4.6196 4.6035 4.6070 0.0026
4.6196 4.6035 4.6070 0.0026
4.6196 4.6035 4.6070 0.0026
4.6196 4.6035 4.6070 0.0026
4.6196 4.6035 4.6070 0.0026
4.6196 4.6035 4.6070 0.0026
4.6196 4.6035 4.6070 0.0026
4.6196 4.6035 4.6070 0.0026
4.6196 4.6035 4.6070 0.0026
4.6196 4.6035 4.6070 0.0026
4.6196 4.6035 4.6070 0.0026
4.6196 4.6035 4.6070 0.0026
4.6196 4.6035 4.6070 0.0026
4.6196 4.6035 4.6070 0.0026
4.6196 4.6035 4.6070 0.0026
4.6196 4.6035 4.6070 0.0026
4.6196 4.6035 4.6070 0.0026
4.6196 4.6035 4.6070 0.0026
4.6196 4.6035 4.6070 0.0026
4.6196 4.6035 4.6070 0.0026
4.6196 4.6035 4.6070 0.0026
4.6196 4.6035 4.6070 0.0026
4.6196 4.6035 4.6070 0.0026
4.6196 4.6035 4.6070 0.0026
4.6196 4.6035 4.6070 0.0026
4.6196 4.6035 4.6071 0.0026
4.6196 4.6035 4.6071 0.0026
4.6196 4.6035 4.6071 0.0026
4.6196 4.6035 4.6071 0.0025
4.6196 4.6035 4.6071 0.0025
4.6196 4.6035 4.6071 0.0025
4.6196 4.6035 4.6071 0.0025
4.6196 4.6035 4.6071 0.0025
4.6196 4.6035 4.6071 0.0025
4.6196 4.6035 4.6071 0.0025
4.6196 4.6035 4.6071 0.0025
4.6196 4.6035 4.6071 0.0025
4.6196 4.6035 4.6071 0.0025
4.6196 4.6035 4.6071 0.0025
4.6196 4.6035 4.6071 0.0025
4.6196 4.6035 4.6071 0.0025
4.6196 4.6035 4.6071 0.0025
4.6196 4.6035 4.6071 0.0025
4.6196 4.6035 4.6071 0.0025
4.6196 4.6035 4.6071 0.0025
4.6196 4.6035 4.6071 0.0025
4.6196 4.6035 4.6071 0.0025
4.6196 4.6035 4.6071 0.0025
4.6196 4.6035 4.6072 0.0025
4.6196 4.6035 4.6072 0.0025
4.6196 4.6035 4.6072 0.0025
4.6196 4.6035 4.6072 0.0025
4.6196 4.6035 4.6072 0.0025
4.6196 4.6035 4.6072 0.0025
4.6196 4.6035 4.6072 0.0025
4.6196 4.6035 4.6073 0.0026
4.6196 4.6035 4.6073 0.0026
4.6196 4.6035 4.6073 0.0026
4.6196 4.6035 4.6073 0.0026
4.6196 4.6035 4.6073 0.0026
4.6196 4.6035 4.6073 0.0026
4.6196 4.6035 4.6073 0.0026
4.6196 4.6035 4.6073 0.0026
4.6196 4.6035 4.6073 0.0026
4.6196 4.6035 4.6073 0.0026
4.6196 4.6035 4.6073 0.0026
4.6196 4.6035 4.6073 0.0026
4.6196 4.6035 4.6073 0.0026
4.6196 4.6035 4.6073 0.0026
4.6196 4.6035 4.6073 0.0026
4.6196 4.6035 4.6073 0.0026
4.6196 4.6035 4.6073 0.0026
4.6196 4.6035 4.6073 0.0026
4.6196 4.6035 4.6073 0.0026
4.6196 4.6035 4.6073 0.0025
4.6196 4.6035 4.6073 0.0025
4.6196 4.6035 4.6073 0.0025
4.6196 4.6035 4.6073 0.0025
4.6196 4.6035 4.6073 0.0025
4.6196 4.6035 4.6073 0.0025
4.6196 4.6035 4.6073 0.0025
4.6196 4.6035 4.6073 0.0025
4.6196 4.6035 4.6073 0.0025
4.6196 4.6035 4.6073 0.0025
4.6196 4.6035 4.6073 0.0025
4.6196 4.6035 4.6073 0.0025
4.6196 4.6035 4.6073 0.0025
4.6196 4.6035 4.6073 0.0025
4.6196 4.6035 4.6073 0.0025
4.6196 4.6035 4.6074 0.0027
4.6196 4.6035 4.6075 0.0027
4.6196 4.6035 4.6075 0.0027
4.6196 4.6035 4.6075 0.0027
4.6196 4.6035 4.6075 0.0027
4.6196 4.6035 4.6075 0.0027
4.6196 4.6035 4.6075 0.0027
4.6196 4.6035 4.6075 0.0027
4.6196 4.6035 4.6075 0.0027
4.6196 4.6035 4.6075 0.0027
4.6196 4.6035 4.6075 0.0027
4.6196 4.6035 4.6075 0.0027
4.6196 4.6035 4.6075 0.0027
4.6196 4.6035 4.6075 0.0027
4.6196 4.6035 4.6075 0.0027
4.6196 4.6035 4.6075 0.0027
4.6196 4.6035 4.6075 0.0027
4.6196 4.6035 4.6075 0.0027
4.6196 4.6035 4.6075 0.0027
4.6196 4.6035 4.6075 0.0027
4.6196 4.6035 4.6075 0.0027
4.6196 4.6035 4.6075 0.0027
4.6196 4.6035 4.6075 0.0027
4.6196 4.6035 4.6075 0.0027
4.6196 4.6035 4.6075 0.0027
4.6196 4.6035 4.6075 0.0027
4.6196 4.6035 4.6075 0.0027
4.6196 4.6035 4.6075 0.0027
4.6196 4.6035 4.6075 0.0027
4.6196 4.6035 4.6075 0.0027
4.6196 4.6035 4.6075 0.0027
4.6196 4.6035 4.6075 0.0027
4.6196 4.6035 4.6075 0.0027
4.6196 4.6035 4.6075 0.0027
4.6196 4.6035 4.6075 0.0027
4.6226 4.6035 4.6076 0.0031
4.6226 4.6035 4.6076 0.0031
4.6226 4.6035 4.6077 0.0031
4.6226 4.6035 4.6077 0.0031
4.6226 4.6035 4.6077 0.0031
4.6226 4.6035 4.6077 0.0031
4.6226 4.6035 4.6077 0.0031
4.6226 4.6035 4.6078 0.0032
4.6226 4.6035 4.6078 0.0032
4.6226 4.6035 4.6078 0.0032
4.6226 4.6035 4.6078 0.0032
4.6226 4.6035 4.6078 0.0032
4.6226 4.6035 4.6078 0.0032
4.6226 4.6035 4.6078 0.0032
4.6226 4.6035 4.6079 0.0033
4.6226 4.6035 4.6079 0.0033
4.6226 4.6035 4.6080 0.0034
4.6226 4.6035 4.6080 0.0034
4.6226 4.6035 4.6080 0.0034
4.6226 4.6035 4.6080 0.0034
4.6226 4.6035 4.6081 0.0034
4.6226 4.6035 4.6081 0.0034
4.6226 4.6035 4.6081 0.0034
4.6226 4.6041 4.6081 0.0034
4.6226 4.6041 4.6081 0.0034
4.6226 4.6041 4.6081 0.0034
4.6226 4.6041 4.6081 0.0034
4.6226 4.6041 4.6081 0.0034
4.6226 4.6041 4.6081 0.0034
4.6226 4.6041 4.6082 0.0034
4.6226 4.6041 4.6082 0.0035
4.6226 4.6041 4.6082 0.0035
4.6226 4.6041 4.6082 0.0035
4.6226 4.6041 4.6082 0.0035
4.6226 4.6041 4.6082 0.0035
4.6226 4.6041 4.6082 0.0035
4.6226 4.6041 4.6082 0.0035
4.6226 4.6041 4.6082 0.0035
4.6226 4.6041 4.6082 0.0035
4.6226 4.6041 4.6082 0.0035
4.6226 4.6041 4.6082 0.0035
4.6226 4.6041 4.6082 0.0035
4.6226 4.6041 4.6082 0.0035
4.6226 4.6041 4.6082 0.0035
4.6226 4.6041 4.6082 0.0035
4.6226 4.6041 4.6082 0.0035
4.6226 4.6041 4.6082 0.0035
4.6226 4.6041 4.6082 0.0035
4.6226 4.6041 4.6082 0.0035
4.6226 4.6041 4.6082 0.0035
4.6226 4.6041 4.6082 0.0035
4.6226 4.6041 4.6083 0.0035
4.6226 4.6041 4.6083 0.0035
4.6226 4.6041 4.6083 0.0035
4.6226 4.6041 4.6083 0.0035
4.6226 4.6041 4.6083 0.0035
4.6226 4.6041 4.6083 0.0035
4.6226 4.6041 4.6083 0.0035
4.6226 4.6041 4.6084 0.0035
4.6226 4.6041 4.6084 0.0035
4.6226 4.6041 4.6084 0.0035
4.6226 4.6041 4.6084 0.0035
4.6226 4.6041 4.6084 0.0035
4.6226 4.6041 4.6084 0.0035
4.6226 4.6041 4.6084 0.0035
4.6226 4.6041 4.6084 0.0035
4.6226 4.6041 4.6084 0.0034
4.6226 4.6041 4.6085 0.0035
4.6226 4.6041 4.6085 0.0035
4.6226 4.6041 4.6085 0.0035
4.6226 4.6041 4.6085 0.0035
4.6226 4.6041 4.6085 0.0035
4.6226 4.6041 4.6085 0.0035
4.6226 4.6041 4.6085 0.0035
4.6226 4.6041 4.6085 0.0035
4.6226 4.6041 4.6085 0.0035
4.6226 4.6041 4.6085 0.0035
4.6226 4.6041 4.6085 0.0035
4.6226 4.6041 4.6086 0.0036
4.6226 4.6041 4.6086 0.0036
4.6226 4.6041 4.6086 0.0036
4.6226 4.6041 4.6086 0.0036
4.6226 4.6041 4.6086 0.0036
4.6226 4.6041 4.6086 0.0036
4.6226 4.6041 4.6086 0.0036
4.6226 4.6041 4.6086 0.0036
4.6226 4.6041 4.6086 0.0036
4.6226 4.6041 4.6087 0.0036
4.6226 4.6041 4.6087 0.0036
4.6226 4.6041 4.6087 0.0036
4.6226 4.6041 4.6087 0.0036
4.6226 4.6041 4.6088 0.0037
4.6226 4.6041 4.6088 0.0037
4.6226 4.6041 4.6088 0.0037
4.6226 4.6041 4.6088 0.0037
4.6226 4.6041 4.6089 0.0037
4.6226 4.6041 4.6089 0.0037
4.6226 4.6041 4.6090 0.0038
4.6226 4.6041 4.6090 0.0038
4.6226 4.6041 4.6090 0.0037
4.6226 4.6041 4.6090 0.0037
4.6226 4.6041 4.6091 0.0037
4.6226 4.6041 4.6091 0.0037
4.6226 4.6041 4.6091 0.0037
4.6226 4.6041 4.6092 0.0037
4.6226 4.6041 4.6092 0.0037
4.6226 4.6041 4.6092 0.0037
4.6226 4.6041 4.6092 0.0037
4.6226 4.6041 4.6093 0.0037
4.6226 4.6041 4.6093 0.0037
4.6226 4.6041 4.6093 0.0037
4.6226 4.6041 4.6094 0.0038
4.6226 4.6041 4.6094 0.0038
4.6226 4.6041 4.6094 0.0038
4.6226 4.6041 4.6094 0.0038
4.6226 4.6041 4.6094 0.0038
4.6226 4.6041 4.6094 0.0038
4.6226 4.6041 4.6094 0.0038
4.6226 4.6041 4.6094 0.0038
4.6226 4.6041 4.6094 0.0038
4.6226 4.6041 4.6094 0.0038
4.6226 4.6041 4.6094 0.0038
4.6226 4.6041 4.6094 0.0038
4.6226 4.6041 4.6094 0.0038
4.6226 4.6041 4.6094 0.0038
4.6226 4.6041 4.6094 0.0038
4.6226 4.6041 4.6094 0.0038
4.6226 4.6041 4.6094 0.0038
4.6226 4.6041 4.6094 0.0038
4.6226 4.6041 4.6094 0.0038
4.6226 4.6041 4.6094 0.0038
4.6226 4.6041 4.6094 0.0038
4.6226 4.6041 4.6094 0.0038
4.6226 4.6041 4.6094 0.0038
4.6226 4.6041 4.6094 0.0038
4.6226 4.6041 4.6094 0.0038
4.6226 4.6041 4.6095 0.0038
4.6226 4.6041 4.6096 0.0039
4.6226 4.6041 4.6096 0.0039
4.6226 4.6041 4.6096 0.0039
4.6226 4.6041 4.6096 0.0039
4.6226 4.6041 4.6096 0.0039
4.6226 4.6041 4.6096 0.0039
4.6226 4.6041 4.6097 0.0039
4.6226 4.6041 4.6097 0.0039
4.6226 4.6041 4.6097 0.0039
4.6226 4.6041 4.6097 0.0039
4.6226 4.6041 4.6097 0.0039
4.6226 4.6041 4.6097 0.0039
4.6226 4.6041 4.6097 0.0039
4.6226 4.6041 4.6097 0.0039
4.6226 4.6041 4.6097 0.0039
4.6226 4.6041 4.6099 0.0039
4.6226 4.6041 4.6099 0.0039
4.6226 4.6041 4.6099 0.0039
4.6226 4.6041 4.6099 0.0039
4.6226 4.6041 4.6099 0.0039
4.6226 4.6041 4.6099 0.0039
4.6226 4.6041 4.6100 0.0040
4.6226 4.6041 4.6100 0.0040
4.6226 4.6041 4.6101 0.0040
4.6226 4.6041 4.6101 0.0040
4.6226 4.6041 4.6101 0.0040
4.6226 4.6041 4.6101 0.0040
4.6226 4.6041 4.6101 0.0040
4.6226 4.6041 4.6101 0.0040
4.6226 4.6053 4.6101 0.0040
4.6226 4.6053 4.6102 0.0040
4.6226 4.6053 4.6103 0.0041
4.6226 4.6053 4.6103 0.0041
4.6226 4.6053 4.6104 0.0041
4.6226 4.6053 4.6104 0.0041
4.6226 4.6053 4.6104 0.0041
4.6226 4.6053 4.6105 0.0041
4.6226 4.6053 4.6105 0.0042
4.6226 4.6053 4.6106 0.0042
4.6226 4.6053 4.6106 0.0042
4.6226 4.6053 4.6106 0.0042
4.6226 4.6053 4.6106 0.0042
4.6226 4.6053 4.6106 0.0042
4.6226 4.6053 4.6107 0.0042
4.6226 4.6053 4.6107 0.0042
4.6226 4.6053 4.6107 0.0042
4.6226 4.6053 4.6107 0.0042
4.6226 4.6053 4.6107 0.0042
4.6226 4.6053 4.6107 0.0042
4.6226 4.6053 4.6107 0.0042
4.6226 4.6053 4.6107 0.0042
4.6226 4.6053 4.6107 0.0042
4.6226 4.6053 4.6107 0.0042
4.6226 4.6053 4.6107 0.0042
4.6226 4.6053 4.6107 0.0042
4.6226 4.6053 4.6107 0.0042
4.6226 4.6053 4.6108 0.0042
4.6226 4.6053 4.6108 0.0042
4.6226 4.6053 4.6110 0.0045
4.6226 4.6053 4.6111 0.0045
4.6226 4.6053 4.6111 0.0045
4.6226 4.6053 4.6111 0.0045
4.6226 4.6053 4.6112 0.0045
4.6226 4.6053 4.6112 0.0045
4.6226 4.6053 4.6112 0.0045
4.6226 4.6053 4.6113 0.0045
4.6226 4.6053 4.6113 0.0045
4.6226 4.6053 4.6113 0.0045
4.6226 4.6053 4.6113 0.0045
4.6226 4.6053 4.6113 0.0045
4.6226 4.6053 4.6113 0.0045
4.6226 4.6053 4.6113 0.0045
4.6226 4.6053 4.6113 0.0045
4.6226 4.6053 4.6113 0.0045
4.6226 4.6053 4.6114 0.0045
4.6226 4.6053 4.6114 0.0045
4.6226 4.6053 4.6114 0.0045
4.6226 4.6053 4.6114 0.0045
4.6226 4.6053 4.6114 0.0045
4.6226 4.6053 4.6114 0.0045
4.6226 4.6053 4.6114 0.0045
4.6226 4.6053 4.6114 0.0045
4.6226 4.6053 4.6114 0.0045
4.6226 4.6053 4.6115 0.0045
4.6226 4.6053 4.6115 0.0045
4.6226 4.6053 4.6115 0.0045
4.6226 4.6053 4.6115 0.0045
4.6226 4.6053 4.6115 0.0045
4.6226 4.6053 4.6115 0.0045
4.6226 4.6053 4.6116 0.0045
4.6226 4.6053 4.6116 0.0045
4.6226 4.6053 4.6116 0.0045
4.6226 4.6053 4.6116 0.0045
4.6226 4.6053 4.6116 0.0045
4.6226 4.6053 4.6116 0.0045
4.6226 4.6053 4.6116 0.0045
4.6226 4.6053 4.6116 0.0045
4.6226 4.6053 4.6116 0.0045
4.6226 4.6053 4.6116 0.0045
4.6226 4.6053 4.6116 0.0045
4.6226 4.6053 4.6116 0.0045
4.6226 4.6053 4.6116 0.0045
4.6226 4.6053 4.6116 0.0045
4.6226 4.6053 4.6116 0.0045
4.6226 4.6053 4.6116 0.0045
4.6226 4.6053 4.6116 0.0045
4.6226 4.6053 4.6116 0.0045
4.6226 4.6053 4.6116 0.0045
4.6226 4.6053 4.6116 0.0045
4.6226 4.6053 4.6117 0.0045
4.6226 4.6053 4.6117 0.0045
4.6226 4.6053 4.6117 0.0045
4.6226 4.6053 4.6117 0.0045
4.6226 4.6053 4.6117 0.0045
4.6226 4.6053 4.6117 0.0045
4.6226 4.6053 4.6117 0.0045
4.6226 4.6053 4.6117 0.0045
4.6226 4.6053 4.6117 0.0045
4.6226 4.6053 4.6117 0.0045
4.6226 4.6053 4.6117 0.0045
4.6226 4.6053 4.6117 0.0045
4.6226 4.6053 4.6117 0.0045
4.6226 4.6053 4.6117 0.0045
4.6226 4.6053 4.6117 0.0045
4.6226 4.6053 4.6117 0.0045
4.6226 4.6053 4.6117 0.0045
4.6226 4.6053 4.6117 0.0046
4.6226 4.6053 4.6117 0.0046
4.6226 4.6053 4.6117 0.0046
4.6226 4.6053 4.6117 0.0046
4.6226 4.6053 4.6117 0.0046
4.6226 4.6053 4.6119 0.0046
4.6226 4.6053 4.6119 0.0046
4.6226 4.6053 4.6120 0.0046
4.6226 4.6053 4.6120 0.0046
4.6226 4.6053 4.6120 0.0046
4.6226 4.6053 4.6120 0.0046
4.6226 4.6053 4.6120 0.0046
4.6226 4.6053 4.6120 0.0046
4.6226 4.6053 4.6120 0.0046
4.6226 4.6053 4.6120 0.0046
4.6226 4.6053 4.6120 0.0046
4.6226 4.6053 4.6121 0.0046
4.6226 4.6053 4.6121 0.0046
4.6226 4.6053 4.6121 0.0045
4.6226 4.6053 4.6121 0.0045
4.6226 4.6053 4.6121 0.0045
4.6226 4.6053 4.6122 0.0045
4.6226 4.6053 4.6122 0.0045
4.6226 4.6053 4.6122 0.0045
4.6226 4.6053 4.6122 0.0045
4.6226 4.6053 4.6122 0.0045
4.6226 4.6053 4.6122 0.0045
4.6226 4.6053 4.6122 0.0045
4.6226 4.6053 4.6123 0.0045
4.6226 4.6053 4.6123 0.0045
4.6226 4.6053 4.6123 0.0045
4.6226 4.6053 4.6123 0.0045
4.6226 4.6053 4.6123 0.0045
4.6226 4.6053 4.6123 0.0045
4.6226 4.6053 4.6124 0.0045
4.6226 4.6053 4.6124 0.0045
4.6226 4.6053 4.6124 0.0045
4.6226 4.6053 4.6124 0.0045
4.6226 4.6053 4.6124 0.0045
4.6226 4.6053 4.6124 0.0045
4.6226 4.6053 4.6124 0.0045
4.6226 4.6053 4.6125 0.0045
4.6226 4.6053 4.6125 0.0045
4.6226 4.6053 4.6125 0.0045
4.6226 4.6053 4.6125 0.0045
4.6226 4.6053 4.6125 0.0044
4.6226 4.6053 4.6125 0.0044
4.6226 4.6053 4.6125 0.0044
4.6226 4.6053 4.6125 0.0044
4.6226 4.6053 4.6125 0.0044
4.6226 4.6053 4.6125 0.0044
4.6226 4.6053 4.6125 0.0044
4.6226 4.6053 4.6125 0.0044
4.6226 4.6053 4.6126 0.0044
4.6226 4.6053 4.6126 0.0044
4.6226 4.6053 4.6126 0.0044
4.6226 4.6053 4.6126 0.0044
4.6226 4.6053 4.6126 0.0044
4.6226 4.6053 4.6127 0.0044
4.6226 4.6053 4.6127 0.0044
4.6226 4.6053 4.6127 0.0044
4.6226 4.6053 4.6128 0.0044
4.6226 4.6053 4.6128 0.0044
4.6226 4.6053 4.6128 0.0044
4.6226 4.6053 4.6128 0.0044
4.6226 4.6053 4.6128 0.0044
4.6226 4.6053 4.6128 0.0044
4.6226 4.6053 4.6128 0.0044
4.6226 4.6053 4.6128 0.0044
4.6226 4.6053 4.6128 0.0044
4.6226 4.6053 4.6129 0.0044
4.6226 4.6053 4.6129 0.0044
4.6226 4.6053 4.6129 0.0044
4.6226 4.6053 4.6129 0.0044
4.6226 4.6053 4.6130 0.0043
4.6226 4.6053 4.6130 0.0043
4.6226 4.6053 4.6130 0.0043
4.6226 4.6053 4.6130 0.0043
4.6226 4.6053 4.6130 0.0043
4.6226 4.6053 4.6131 0.0043
4.6226 4.6053 4.6131 0.0043
4.6226 4.6053 4.6132 0.0043
4.6226 4.6053 4.6132 0.0043
4.6226 4.6053 4.6132 0.0043
4.6226 4.6053 4.6132 0.0043
4.6226 4.6053 4.6132 0.0043
4.6226 4.6053 4.6133 0.0043
4.6226 4.6053 4.6134 0.0042
4.6226 4.6053 4.6134 0.0042
4.6226 4.6053 4.6135 0.0043
4.6226 4.6053 4.6135 0.0043
4.6226 4.6053 4.6135 0.0043
4.6226 4.6053 4.6136 0.0043
4.6226 4.6053 4.6136 0.0043
4.6226 4.6053 4.6136 0.0043
4.6226 4.6053 4.6136 0.0043
4.6226 4.6053 4.6136 0.0043
4.6226 4.6053 4.6136 0.0043
4.6226 4.6053 4.6136 0.0043
4.6226 4.6053 4.6136 0.0043
4.6226 4.6053 4.6137 0.0043
4.6226 4.6053 4.6137 0.0043
4.6226 4.6053 4.6137 0.0043
4.6226 4.6053 4.6137 0.0043
4.6226 4.6053 4.6138 0.0043
4.6226 4.6053 4.6139 0.0042
4.6226 4.6053 4.6139 0.0042
4.6226 4.6053 4.6139 0.0042
4.6226 4.6053 4.6139 0.0042
4.6226 4.6053 4.6139 0.0042
4.6226 4.6053 4.6139 0.0042
4.6226 4.6053 4.6139 0.0042
4.6226 4.6053 4.6139 0.0042
4.6226 4.6053 4.6139 0.0042
4.6226 4.6053 4.6139 0.0042
4.6226 4.6053 4.6139 0.0042
4.6226 4.6053 4.6139 0.0042
4.6226 4.6053 4.6139 0.0042
4.6226 4.6053 4.6140 0.0042
4.6226 4.6066 4.6140 0.0042
4.6226 4.6066 4.6140 0.0042
4.6226 4.6066 4.6140 0.0042
4.6226 4.6066 4.6140 0.0042
4.6226 4.6066 4.6141 0.0042
4.6226 4.6066 4.6141 0.0042
4.6226 4.6066 4.6141 0.0042
4.6226 4.6066 4.6142 0.0041
4.6226 4.6066 4.6142 0.0041
4.6226 4.6066 4.6143 0.0041
4.6226 4.6066 4.6143 0.0041
4.6226 4.6066 4.6143 0.0041
4.6226 4.6066 4.6143 0.0041
4.6226 4.6066 4.6143 0.0041
4.6226 4.6066 4.6143 0.0041
4.6226 4.6066 4.6144 0.0041
4.6226 4.6066 4.6144 0.0041
4.6226 4.6066 4.6144 0.0041
4.6226 4.6066 4.6144 0.0041
4.6226 4.6066 4.6144 0.0041
4.6226 4.6066 4.6144 0.0041
4.6226 4.6066 4.6144 0.0041
4.6226 4.6066 4.6144 0.0041
4.6226 4.6066 4.6144 0.0041
4.6226 4.6066 4.6144 0.0041
4.6226 4.6066 4.6144 0.0041
4.6226 4.6066 4.6144 0.0041
4.6226 4.6066 4.6145 0.0041
4.6226 4.6066 4.6145 0.0041
4.6226 4.6066 4.6145 0.0041
4.6226 4.6066 4.6145 0.0041
4.6226 4.6066 4.6145 0.0041
4.6226 4.6066 4.6145 0.0042
4.6226 4.6066 4.6145 0.0042
4.6226 4.6066 4.6146 0.0041
4.6226 4.6066 4.6146 0.0041
4.6226 4.6066 4.6146 0.0041
4.6226 4.6066 4.6146 0.0041
4.6226 4.6066 4.6146 0.0041
4.6226 4.6066 4.6146 0.0041
4.6226 4.6066 4.6146 0.0041
4.6226 4.6066 4.6146 0.0041
4.6226 4.6066 4.6146 0.0041
4.6226 4.6066 4.6146 0.0041
4.6226 4.6066 4.6146 0.0041
4.6226 4.6066 4.6146 0.0041
4.6226 4.6066 4.6146 0.0041
4.6226 4.6066 4.6146 0.0041
4.6226 4.6066 4.6146 0.0041
4.6226 4.6066 4.6146 0.0041
4.6226 4.6066 4.6146 0.0041
4.6226 4.6066 4.6146 0.0041
4.6226 4.6066 4.6146 0.0041
4.6226 4.6066 4.6146 0.0041
4.6226 4.6066 4.6146 0.0041
4.6226 4.6066 4.6146 0.0041
4.6226 4.6066 4.6146 0.0041
4.6226 4.6066 4.6146 0.0041
4.6226 4.6066 4.6146 0.0041
4.6226 4.6066 4.6146 0.0041
4.6226 4.6066 4.6146 0.0041
4.6226 4.6066 4.6146 0.0041
4.6226 4.6066 4.6146 0.0041
4.6226 4.6066 4.6146 0.0041
4.6226 4.6066 4.6147 0.0041
4.6226 4.6066 4.6147 0.0041
4.6226 4.6066 4.6147 0.0041
4.6226 4.6066 4.6147 0.0041
4.6226 4.6066 4.6147 0.0041
4.6226 4.6066 4.6147 0.0041
4.6226 4.6066 4.6147 0.0041
4.6266 4.6066 4.6148 0.0042
4.6266 4.6066 4.6148 0.0042
4.6266 4.6066 4.6148 0.0042
4.6266 4.6066 4.6148 0.0042
4.6266 4.6066 4.6148 0.0042
4.6266 4.6066 4.6148 0.0042
4.6266 4.6066 4.6149 0.0042
4.6266 4.6066 4.6149 0.0042
4.6266 4.6066 4.6149 0.0042
4.6266 4.6066 4.6150 0.0042
4.6266 4.6066 4.6150 0.0042
4.6266 4.6066 4.6150 0.0042
4.6266 4.6066 4.6150 0.0041
4.6266 4.6066 4.6150 0.0041
4.6266 4.6066 4.6150 0.0041
4.6266 4.6066 4.6150 0.0041
4.6266 4.6066 4.6150 0.0041
4.6266 4.6066 4.6151 0.0041
4.6266 4.6066 4.6151 0.0041
4.6266 4.6066 4.6151 0.0041
4.6266 4.6066 4.6151 0.0041
4.6266 4.6066 4.6151 0.0041
4.6266 4.6066 4.6151 0.0041
4.6266 4.6066 4.6151 0.0041
4.6266 4.6066 4.6152 0.0041
4.6266 4.6066 4.6152 0.0041
4.6266 4.6066 4.6152 0.0041
4.6266 4.6066 4.6152 0.0041
4.6266 4.6066 4.6152 0.0041
4.6266 4.6066 4.6152 0.0041
4.6694 4.6066 4.6157 0.0068
4.6694 4.6066 4.6157 0.0068
4.6694 4.6066 4.6157 0.0068
4.6694 4.6066 4.6157 0.0068
4.6694 4.6066 4.6157 0.0068
4.6694 4.6066 4.6157 0.0068
4.6694 4.6066 4.6157 0.0068
4.6694 4.6066 4.6157 0.0068
4.6694 4.6066 4.6157 0.0068
4.6694 4.6066 4.6157 0.0068
4.6694 4.6066 4.6157 0.0068
4.6694 4.6066 4.6157 0.0068
4.6694 4.6066 4.6157 0.0068
4.6694 4.6066 4.6158 0.0068
4.6694 4.6066 4.6158 0.0068
4.6694 4.6066 4.6158 0.0068
4.6694 4.6066 4.6158 0.0068
4.6694 4.6066 4.6158 0.0068
4.6694 4.6066 4.6158 0.0068
4.6694 4.6066 4.6158 0.0068
4.6694 4.6066 4.6158 0.0068
4.6694 4.6066 4.6158 0.0068
4.6694 4.6066 4.6158 0.0068
4.6694 4.6066 4.6158 0.0068
4.6694 4.6066 4.6158 0.0068
4.6694 4.6066 4.6158 0.0068
4.6694 4.6066 4.6159 0.0068
4.6694 4.6066 4.6159 0.0068
4.6694 4.6066 4.6159 0.0068
4.6694 4.6066 4.6159 0.0068
4.6694 4.6066 4.6159 0.0067
4.6694 4.6066 4.6159 0.0067
4.6694 4.6066 4.6159 0.0067
4.6694 4.6066 4.6160 0.0068
4.6694 4.6066 4.6160 0.0068
4.6694 4.6066 4.6160 0.0067
4.6694 4.6066 4.6160 0.0067
4.6694 4.6066 4.6160 0.0067
4.6694 4.6066 4.6160 0.0067
4.6694 4.6066 4.6160 0.0067
4.6694 4.6066 4.6160 0.0067
4.6694 4.6066 4.6160 0.0067
4.6694 4.6066 4.6160 0.0067
4.6694 4.6066 4.6160 0.0067
4.6694 4.6066 4.6160 0.0067
4.6694 4.6066 4.6160 0.0067
4.6694 4.6066 4.6160 0.0067
4.6694 4.6066 4.6160 0.0067
4.6694 4.6066 4.6160 0.0067
4.6694 4.6066 4.6160 0.0067
4.6694 4.6066 4.6161 0.0067
4.6694 4.6066 4.6161 0.0067
4.6694 4.6066 4.6161 0.0067
4.6694 4.6066 4.6161 0.0067
4.6694 4.6066 4.6161 0.0067
4.6694 4.6066 4.6162 0.0067
4.6694 4.6066 4.6162 0.0067
4.6694 4.6066 4.6162 0.0067
4.6694 4.6066 4.6162 0.0067
4.6694 4.6066 4.6163 0.0067
4.6694 4.6066 4.6163 0.0067
4.6694 4.6066 4.6164 0.0068
4.6694 4.6066 4.6164 0.0068
4.6694 4.6066 4.6164 0.0068
4.6694 4.6066 4.6164 0.0068
4.6694 4.6066 4.6165 0.0068
4.6694 4.6066 4.6165 0.0068
4.6694 4.6066 4.6165 0.0068
4.6694 4.6066 4.6165 0.0068
4.6694 4.6066 4.6165 0.0068
4.6694 4.6066 4.6166 0.0067
4.6694 4.6066 4.6166 0.0067
4.6694 4.6066 4.6167 0.0067
4.6694 4.6066 4.6167 0.0067
4.6694 4.6066 4.6167 0.0067
4.6694 4.6066 4.6167 0.0067
4.6694 4.6066 4.6167 0.0067
4.6694 4.6066 4.6167 0.0067
4.6694 4.6066 4.6167 0.0067
4.6694 4.6066 4.6168 0.0067
4.6694 4.6066 4.6168 0.0067
4.6694 4.6066 4.6168 0.0067
4.6694 4.6066 4.6168 0.0067
4.6694 4.6066 4.6168 0.0067
4.6694 4.6066 4.6168 0.0067
4.6694 4.6066 4.6168 0.0067
4.6694 4.6066 4.6168 0.0067
4.6694 4.6066 4.6168 0.0067
4.6694 4.6066 4.6168 0.0067
4.6694 4.6066 4.6168 0.0067
4.6694 4.6066 4.6168 0.0067
4.6694 4.6066 4.6168 0.0067
4.6694 4.6066 4.6168 0.0067
4.6694 4.6066 4.6168 0.0067
4.6694 4.6066 4.6169 0.0067
4.6694 4.6066 4.6169 0.0067
4.6694 4.6066 4.6169 0.0067
4.6694 4.6066 4.6169 0.0067
4.6694 4.6066 4.6169 0.0067
4.6694 4.6066 4.6170 0.0066
4.6694 4.6066 4.6170 0.0067
4.6694 4.6066 4.6170 0.0067
4.6694 4.6066 4.6171 0.0066
4.6694 4.6066 4.6171 0.0066
4.6694 4.6066 4.6171 0.0066
4.6694 4.6066 4.6171 0.0066
4.6694 4.6066 4.6171 0.0066
4.6694 4.6066 4.6172 0.0066
4.6694 4.6066 4.6172 0.0066
4.6694 4.6066 4.6172 0.0066
4.6694 4.6066 4.6172 0.0066
4.6694 4.6066 4.6172 0.0066
4.6694 4.6066 4.6172 0.0066
4.6694 4.6066 4.6172 0.0066
4.6694 4.6066 4.6173 0.0065
4.6694 4.6066 4.6174 0.0064
4.6694 4.6066 4.6175 0.0065
4.6694 4.6066 4.6175 0.0065
4.6694 4.6066 4.6175 0.0065
4.6694 4.6066 4.6175 0.0065
4.6694 4.6066 4.6175 0.0065
4.6694 4.6066 4.6175 0.0065
4.6694 4.6066 4.6176 0.0065
4.6694 4.6066 4.6176 0.0065
4.6694 4.6066 4.6176 0.0065
4.6694 4.6066 4.6176 0.0065
4.6694 4.6066 4.6177 0.0065
4.6694 4.6066 4.6177 0.0065
4.6694 4.6066 4.6177 0.0065
4.6694 4.6066 4.6177 0.0065
4.6694 4.6066 4.6177 0.0065
4.6694 4.6066 4.6177 0.0065
4.6694 4.6066 4.6177 0.0065
4.6694 4.6066 4.6177 0.0065
4.6694 4.6066 4.6177 0.0065
4.6694 4.6066 4.6177 0.0065
4.6694 4.6066 4.6177 0.0065
4.6694 4.6066 4.6177 0.0065
4.6694 4.6066 4.6177 0.0065
4.6694 4.6066 4.6177 0.0065
4.6694 4.6066 4.6177 0.0065
4.6694 4.6066 4.6177 0.0065
4.6694 4.6066 4.6177 0.0065
4.6694 4.6066 4.6177 0.0065
4.6694 4.6066 4.6177 0.0065
4.6694 4.6066 4.6177 0.0065
4.6694 4.6066 4.6177 0.0065
4.6694 4.6066 4.6177 0.0065
4.6694 4.6066 4.6178 0.0065
4.6694 4.6066 4.6179 0.0065
4.6694 4.6066 4.6179 0.0065
4.6694 4.6066 4.6179 0.0065
4.6694 4.6066 4.6179 0.0065
4.6694 4.6066 4.6180 0.0065
4.6694 4.6066 4.6180 0.0065
4.6694 4.6066 4.6180 0.0065
4.6694 4.6066 4.6180 0.0065
4.6694 4.6066 4.6180 0.0065
4.6694 4.6066 4.6180 0.0065
4.6694 4.6066 4.6180 0.0065
4.6694 4.6066 4.6180 0.0065
4.6694 4.6066 4.6180 0.0065
4.6694 4.6066 4.6180 0.0065
4.6694 4.6066 4.6180 0.0065
4.6694 4.6066 4.6180 0.0065
4.6694 4.6066 4.6180 0.0065
4.6694 4.6066 4.6181 0.0066
4.6694 4.6066 4.6182 0.0066
4.6694 4.6066 4.6182 0.0066
4.6694 4.6066 4.6182 0.0066
4.6694 4.6066 4.6182 0.0066
4.6694 4.6066 4.6182 0.0066
4.6694 4.6066 4.6182 0.0066
4.6694 4.6066 4.6182 0.0066
4.6694 4.6066 4.6182 0.0066
4.6694 4.6066 4.6182 0.0066
4.6694 4.6066 4.6182 0.0066
4.6694 4.6066 4.6183 0.0066
4.6694 4.6066 4.6183 0.0066
4.6694 4.6066 4.6183 0.0066
4.6694 4.6066 4.6183 0.0066
4.6694 4.6066 4.6183 0.0066
4.6694 4.6066 4.6183 0.0066
4.6694 4.6066 4.6183 0.0066
4.6694 4.6066 4.6183 0.0066
4.6694 4.6066 4.6183 0.0066
4.6694 4.6066 4.6183 0.0066
4.6694 4.6066 4.6183 0.0066
4.6694 4.6066 4.6183 0.0066
4.6694 4.6066 4.6188 0.0084
4.6694 4.6066 4.6188 0.0084
4.6694 4.6066 4.6188 0.0084
4.6694 4.6066 4.6188 0.0084
4.6694 4.6066 4.6189 0.0083
4.6694 4.6066 4.6189 0.0083
4.6694 4.6066 4.6190 0.0082
4.6694 4.6066 4.6190 0.0082
4.6694 4.6066 4.6191 0.0082
4.6694 4.6066 4.6191 0.0082
4.6694 4.6066 4.6191 0.0082
4.6694 4.6066 4.6191 0.0082
4.6694 4.6066 4.6191 0.0082
4.6694 4.6066 4.6191 0.0082
4.6694 4.6066 4.6191 0.0082
4.6694 4.6066 4.6191 0.0082
4.6694 4.6066 4.6191 0.0082
4.6694 4.6066 4.6191 0.0082
4.6694 4.6066 4.6191 0.0082
4.6694 4.6066 4.6191 0.0082
4.6694 4.6066 4.6191 0.0082
4.6694 4.6066 4.6191 0.0082
4.6694 4.6066 4.6192 0.0081
4.6694 4.6066 4.6192 0.0081
4.6694 4.6066 4.6193 0.0081
4.6694 4.6066 4.6193 0.0081
4.6694 4.6066 4.6193 0.0081
4.6694 4.6066 4.6194 0.0081
4.6694 4.6066 4.6194 0.0081
4.6694 4.6066 4.6194 0.0081
4.6694 4.6066 4.6194 0.0081
4.6694 4.6066 4.6195 0.0081
4.6694 4.6066 4.6195 0.0081
4.6694 4.6066 4.6195 0.0081
4.6694 4.6066 4.6196 0.0080
4.6694 4.6066 4.6196 0.0080
4.6694 4.6066 4.6196 0.0080
4.6694 4.6066 4.6196 0.0080
4.6694 4.6066 4.6197 0.0080
4.6694 4.6066 4.6197 0.0080
4.6694 4.6066 4.6197 0.0080
4.6694 4.6066 4.6197 0.0080
4.6694 4.6066 4.6197 0.0080
4.6694 4.6066 4.6197 0.0080
4.6694 4.6066 4.6197 0.0080
4.6694 4.6066 4.6197 0.0080
4.6694 4.6066 4.6197 0.0080
4.6694 4.6066 4.6197 0.0080
4.6694 4.6066 4.6197 0.0080
4.6694 4.6066 4.6197 0.0080
4.6694 4.6066 4.6197 0.0080
4.6694 4.6066 4.6197 0.0080
4.6694 4.6066 4.6198 0.0080
4.6694 4.6066 4.6198 0.0080
4.6694 4.6066 4.6198 0.0080
4.6694 4.6066 4.6198 0.0080
4.6694 4.6066 4.6198 0.0080
4.6694 4.6066 4.6198 0.0080
4.6694 4.6066 4.6198 0.0080
4.6694 4.6066 4.6199 0.0080
4.6694 4.6066 4.6199 0.0080
4.6694 4.6066 4.6199 0.0080
4.6694 4.6066 4.6199 0.0080
4.6694 4.6066 4.6199 0.0080
4.6694 4.6066 4.6199 0.0080
4.6694 4.6066 4.6199 0.0080
4.6694 4.6066 4.6199 0.0080
4.6694 4.6066 4.6199 0.0080
4.6694 4.6066 4.6199 0.0080
4.6694 4.6066 4.6200 0.0080
4.6694 4.6066 4.6200 0.0079
4.6694 4.6066 4.6200 0.0079
4.6694 4.6066 4.6200 0.0079
4.6694 4.6066 4.6200 0.0079
4.6694 4.6066 4.6200 0.0079
4.6694 4.6066 4.6200 0.0079
4.6694 4.6066 4.6200 0.0079
4.6694 4.6066 4.6204 0.0084
4.6694 4.6066 4.6204 0.0084
4.6694 4.6066 4.6204 0.0084
4.6694 4.6066 4.6204 0.0084
4.6694 4.6066 4.6204 0.0084
4.6694 4.6066 4.6204 0.0084
4.6694 4.6066 4.6204 0.0084
4.6694 4.6066 4.6204 0.0084
4.6694 4.6066 4.6204 0.0084
4.6694 4.6066 4.6204 0.0084
4.6694 4.6066 4.6204 0.0084
4.6694 4.6066 4.6204 0.0084
4.6694 4.6066 4.6204 0.0084
4.6694 4.6066 4.6204 0.0084
4.6694 4.6066 4.6204 0.0084
4.6694 4.6066 4.6204 0.0084
4.6694 4.6066 4.6204 0.0084
4.6694 4.6066 4.6204 0.0084
4.6694 4.6066 4.6204 0.0084
4.6694 4.6066 4.6205 0.0084
4.6694 4.6066 4.6205 0.0084
4.6694 4.6066 4.6205 0.0084
4.6694 4.6066 4.6206 0.0084
4.6694 4.6069 4.6207 0.0082
4.6694 4.6069 4.6207 0.0082
4.6694 4.6069 4.6208 0.0082
4.6694 4.6069 4.6208 0.0082
4.6694 4.6069 4.6208 0.0082
4.6694 4.6069 4.6208 0.0082
4.6694 4.6069 4.6208 0.0082
4.6694 4.6069 4.6208 0.0082
4.6694 4.6069 4.6208 0.0082
4.6694 4.6069 4.6208 0.0082
4.6694 4.6069 4.6208 0.0082
4.6694 4.6069 4.6208 0.0082
4.6694 4.6069 4.6208 0.0082
4.6694 4.6069 4.6208 0.0082
4.6853 4.6069 4.6210 0.0092
4.6853 4.6069 4.6210 0.0092
4.6853 4.6069 4.6210 0.0092
4.6853 4.6069 4.6210 0.0092
4.6853 4.6069 4.6210 0.0092
4.6853 4.6069 4.6210 0.0092
4.6853 4.6069 4.6211 0.0092
4.6853 4.6069 4.6211 0.0092
4.6853 4.6069 4.6211 0.0092
4.6853 4.6069 4.6211 0.0092
4.6853 4.6069 4.6211 0.0092
4.6853 4.6069 4.6211 0.0092
4.6853 4.6069 4.6211 0.0092
4.6853 4.6069 4.6211 0.0092
4.6853 4.6069 4.6211 0.0092
4.6853 4.6069 4.6211 0.0092
4.6853 4.6069 4.6211 0.0092
4.6853 4.6069 4.6212 0.0092
4.6853 4.6069 4.6212 0.0092
4.6853 4.6069 4.6212 0.0092
4.6853 4.6069 4.6212 0.0092
4.6853 4.6069 4.6212 0.0092
4.6853 4.6069 4.6213 0.0092
4.6853 4.6069 4.6213 0.0092
4.6853 4.6069 4.6213 0.0092
4.6853 4.6069 4.6213 0.0092
4.6853 4.6069 4.6213 0.0092
4.6853 4.6069 4.6213 0.0092
4.6853 4.6069 4.6213 0.0092
4.6853 4.6069 4.6213 0.0092
4.6853 4.6069 4.6213 0.0092
4.6853 4.6069 4.6213 0.0092
4.6853 4.6069 4.6213 0.0092
4.6853 4.6069 4.6213 0.0092
4.6853 4.6117 4.6214 0.0091
4.6853 4.6117 4.6215 0.0091
4.6853 4.6117 4.6215 0.0091
4.6853 4.6117 4.6215 0.0091
4.6853 4.6117 4.6215 0.0091
4.6853 4.6117 4.6220 0.0103
4.6853 4.6117 4.6220 0.0103
4.6853 4.6117 4.6220 0.0102
4.6853 4.6117 4.6220 0.0102
4.6853 4.6117 4.6220 0.0102
4.6853 4.6117 4.6221 0.0102
4.6853 4.6117 4.6221 0.0102
4.6853 4.6117 4.6221 0.0102
4.6853 4.6117 4.6221 0.0102
4.6853 4.6117 4.6221 0.0102
4.6853 4.6117 4.6221 0.0102
4.6853 4.6117 4.6221 0.0102
4.6853 4.6117 4.6221 0.0102
4.6853 4.6117 4.6221 0.0102
4.6853 4.6117 4.6221 0.0102
4.6853 4.6117 4.6221 0.0102
4.6853 4.6117 4.6221 0.0102
4.6853 4.6117 4.6221 0.0102
4.6853 4.6117 4.6221 0.0102
4.6853 4.6117 4.6222 0.0102
4.6853 4.6117 4.6227 0.0112
4.6853 4.6117 4.6227 0.0112
4.6853 4.6117 4.6227 0.0112
4.6853 4.6117 4.6227 0.0112
4.6853 4.6117 4.6227 0.0112
4.6853 4.6117 4.6227 0.0112
4.6853 4.6117 4.6227 0.0112
4.6853 4.6117 4.6227 0.0112
4.6853 4.6117 4.6227 0.0112
4.6853 4.6117 4.6227 0.0112
4.6853 4.6117 4.6227 0.0112
4.6853 4.6117 4.6227 0.0112
4.6853 4.6117 4.6227 0.0112
4.6853 4.6117 4.6227 0.0112
4.6853 4.6117 4.6233 0.0128
4.6853 4.6117 4.6233 0.0128
4.6853 4.6117 4.6233 0.0128
4.6853 4.6117 4.6233 0.0128
4.6853 4.6117 4.6233 0.0128
4.6853 4.6117 4.6233 0.0128
4.6853 4.6117 4.6233 0.0128
4.6853 4.6117 4.6233 0.0128
4.6853 4.6117 4.6233 0.0128
4.6853 4.6149 4.6238 0.0134
4.6853 4.6149 4.6243 0.0141
4.6853 4.6149 4.6244 0.0141
4.6853 4.6149 4.6244 0.0141
4.6853 4.6149 4.6244 0.0141
4.6853 4.6149 4.6244 0.0141
4.6853 4.6149 4.6244 0.0141
4.6853 4.6149 4.6250 0.0153
4.6853 4.6149 4.6250 0.0153
4.6853 4.6149 4.6250 0.0153
4.6853 4.6149 4.6251 0.0153
4.6853 4.6149 4.6251 0.0153
4.6853 4.6149 4.6251 0.0153
4.6853 4.6149 4.6251 0.0153
4.6853 4.6149 4.6256 0.0159
4.6853 4.6149 4.6256 0.0159
4.6853 4.6149 4.6256 0.0159
4.6853 4.6149 4.6260 0.0162
4.6853 4.6149 4.6260 0.0162
4.6853 4.6149 4.6260 0.0162
4.6853 4.6149 4.6260 0.0162
4.6853 4.6149 4.6261 0.0162
4.6853 4.6149 4.6265 0.0168
4.6853 4.6149 4.6265 0.0168
4.6853 4.6149 4.6265 0.0168
4.6853 4.6149 4.6265 0.0168
4.6853 4.6149 4.6266 0.0168
4.6853 4.6149 4.6266 0.0167
4.6853 4.6149 4.6267 0.0167
4.6853 4.6149 4.6267 0.0167
4.6853 4.6149 4.6267 0.0167
4.6853 4.6149 4.6267 0.0167
4.6853 4.6149 4.6267 0.0167
4.6853 4.6149 4.6267 0.0167
4.6853 4.6149 4.6267 0.0167
4.6853 4.6149 4.6267 0.0167
4.6853 4.6149 4.6267 0.0167
4.6853 4.6149 4.6267 0.0167
4.6853 4.6149 4.6267 0.0167
4.6853 4.6149 4.6267 0.0167
4.6853 4.6149 4.6267 0.0167
4.6853 4.6149 4.6267 0.0167
4.6853 4.6149 4.6268 0.0167
4.6853 4.6149 4.6268 0.0167
4.6853 4.6149 4.6268 0.0167
4.6853 4.6149 4.6269 0.0167
4.6853 4.6149 4.6269 0.0167
4.6853 4.6149 4.6272 0.0169
4.6853 4.6149 4.6272 0.0169
4.6853 4.6149 4.6272 0.0169
4.6853 4.6149 4.6272 0.0169
4.6853 4.6149 4.6272 0.0169
4.6853 4.6149 4.6275 0.0172
4.6853 4.6149 4.6276 0.0172
4.6853 4.6149 4.6276 0.0172
4.6853 4.6149 4.6276 0.0172
4.6853 4.6149 4.6276 0.0172
4.6853 4.6149 4.6276 0.0172
4.6853 4.6149 4.6276 0.0172
4.6853 4.6149 4.6276 0.0172
4.6853 4.6149 4.6276 0.0172
4.6853 4.6149 4.6276 0.0172
4.6853 4.6149 4.6276 0.0172
4.6853 4.6149 4.6276 0.0172
4.6853 4.6149 4.6276 0.0172
4.6853 4.6149 4.6276 0.0172
4.6853 4.6149 4.6276 0.0172
4.6853 4.6149 4.6276 0.0172
4.6853 4.6149 4.6283 0.0181
4.6853 4.6149 4.6287 0.0183
4.6853 4.6149 4.6294 0.0191
4.6853 4.6149 4.6294 0.0191
4.6853 4.6149 4.6297 0.0193
4.6853 4.6149 4.6297 0.0193
4.6853 4.6149 4.6297 0.0193
4.6853 4.6149 4.6297 0.0193
4.6853 4.6149 4.6304 0.0200
4.6853 4.6149 4.6304 0.0200
4.6853 4.6149 4.6304 0.0200
4.6853 4.6149 4.6304 0.0200
4.6853 4.6149 4.6304 0.0200
4.6853 4.6149 4.6304 0.0200
4.6853 4.6149 4.6304 0.0200
4.6853 4.6149 4.6304 0.0200
4.6853 4.6149 4.6304 0.0200
4.6853 4.6149 4.6304 0.0200
4.6853 4.6149 4.6304 0.0200
4.6853 4.6149 4.6306 0.0204
4.6853 4.6149 4.6310 0.0207
4.6853 4.6149 4.6311 0.0207
4.6853 4.6149 4.6311 0.0207
4.6853 4.6149 4.6311 0.0207
4.6853 4.6149 4.6312 0.0208
4.6853 4.6149 4.6312 0.0208
4.6853 4.6149 4.6312 0.0208
4.6853 4.6149 4.6317 0.0211
4.6853 4.6149 4.6317 0.0211
4.6853 4.6149 4.6317 0.0211
4.6853 4.6149 4.6317 0.0211
4.6853 4.6149 4.6317 0.0211
4.6853 4.6149 4.6317 0.0211
4.6853 4.6149 4.6317 0.0211
4.6853 4.6149 4.6318 0.0211
4.6853 4.6149 4.6318 0.0211
4.6853 4.6149 4.6322 0.0214
4.6853 4.6149 4.6324 0.0217
4.6853 4.6149 4.6324 0.0217
4.6853 4.6149 4.6324 0.0217
4.6853 4.6149 4.6328 0.0219
4.6853 4.6149 4.6328 0.0219
4.6853 4.6149 4.6333 0.0221
4.6853 4.6149 4.6335 0.0221
4.6853 4.6149 4.6335 0.0221
4.6853 4.6149 4.6335 0.0221
4.6853 4.6149 4.6335 0.0221
4.6853 4.6149 4.6335 0.0220
4.6853 4.6149 4.6335 0.0220
4.6853 4.6149 4.6335 0.0220
4.6853 4.6149 4.6335 0.0220
4.6853 4.6149 4.6335 0.0220
4.6853 4.6149 4.6335 0.0220
4.6853 4.6149 4.6335 0.0220
4.6853 4.6149 4.6335 0.0220
4.6853 4.6149 4.6335 0.0220
4.6853 4.6149 4.6336 0.0220
4.6853 4.6149 4.6337 0.0220
4.6853 4.6149 4.6337 0.0220
4.6853 4.6149 4.6337 0.0220
4.6853 4.6149 4.6337 0.0220
4.6853 4.6149 4.6339 0.0224
4.6853 4.6149 4.6339 0.0224
4.6853 4.6149 4.6339 0.0224
4.6853 4.6149 4.6339 0.0224
4.6853 4.6149 4.6339 0.0224
4.6853 4.6149 4.6339 0.0224
4.6878 4.6149 4.6342 0.0229
4.6878 4.6149 4.6348 0.0235
4.6878 4.6149 4.6348 0.0235
4.6878 4.6149 4.6354 0.0240
4.6878 4.6149 4.6354 0.0240
4.6878 4.6149 4.6359 0.0242
4.6878 4.6149 4.6359 0.0242
4.6878 4.6149 4.6359 0.0242
4.6878 4.6149 4.6359 0.0242
4.6878 4.6149 4.6359 0.0242
4.6878 4.6149 4.6360 0.0242
4.6878 4.6149 4.6360 0.0242
4.6878 4.6149 4.6360 0.0242
4.6878 4.6149 4.6360 0.0242
4.6878 4.6149 4.6360 0.0242
4.6878 4.6149 4.6360 0.0242
4.6878 4.6149 4.6360 0.0242
4.6878 4.6149 4.6360 0.0242
4.6878 4.6149 4.6367 0.0246
4.6878 4.6149 4.6367 0.0246
4.6878 4.6149 4.6367 0.0246
4.6878 4.6149 4.6367 0.0247
4.6878 4.6149 4.6367 0.0246
4.6878 4.6149 4.6369 0.0249
4.6878 4.6149 4.6369 0.0249
4.6878 4.6149 4.6369 0.0249
4.6878 4.6149 4.6371 0.0252
4.6878 4.6149 4.6371 0.0252
4.6878 4.6149 4.6372 0.0252
4.6878 4.6149 4.6372 0.0252
4.6878 4.6149 4.6373 0.0253
4.6878 4.6149 4.6373 0.0253
4.6878 4.6149 4.6373 0.0253
4.6878 4.6149 4.6373 0.0253
4.6878 4.6149 4.6373 0.0253
4.6878 4.6149 4.6373 0.0253
4.6878 4.6149 4.6373 0.0253
4.6878 4.6149 4.6377 0.0254
4.6878 4.6149 4.6384 0.0259
4.6878 4.6149 4.6384 0.0258
4.6878 4.6149 4.6384 0.0258
4.6878 4.6149 4.6384 0.0258
4.6878 4.6149 4.6384 0.0258
4.6886 4.6149 4.6384 0.0259
4.6886 4.6149 4.6384 0.0259
4.6886 4.6149 4.6390 0.0263
4.6886 4.6149 4.6397 0.0266
4.6886 4.6149 4.6397 0.0266
4.6886 4.6149 4.6401 0.0267
4.6886 4.6149 4.6406 0.0268
4.6886 4.6149 4.6411 0.0269
4.6886 4.6149 4.6418 0.0272
4.6886 4.6149 4.6418 0.0272
4.6886 4.6149 4.6419 0.0274
4.6886 4.6149 4.6419 0.0274
4.6886 4.6149 4.6419 0.0274
4.6886 4.6149 4.6423 0.0275
4.6886 4.6149 4.6423 0.0275
4.6886 4.6149 4.6423 0.0275
4.6886 4.6149 4.6427 0.0274
4.6886 4.6149 4.6431 0.0273
4.6886 4.6149 4.6431 0.0273
4.6886 4.6149 4.6431 0.0273
4.6886 4.6149 4.6431 0.0273
4.6886 4.6149 4.6432 0.0273
4.6886 4.6149 4.6433 0.0272
4.6886 4.6149 4.6433 0.0272
4.6886 4.6149 4.6433 0.0272
4.6886 4.6149 4.6433 0.0272
4.6886 4.6149 4.6433 0.0272
4.6886 4.6149 4.6435 0.0271
4.6886 4.6149 4.6435 0.0271
4.6886 4.6149 4.6435 0.0271
4.6886 4.6149 4.6435 0.0271
4.6886 4.6149 4.6440 0.0271
4.6886 4.6149 4.6442 0.0269
4.6886 4.6149 4.6442 0.0269
4.6886 4.6149 4.6442 0.0269
4.6886 4.6149 4.6442 0.0269
4.6886 4.6149 4.6446 0.0269
4.6886 4.6149 4.6446 0.0269
4.6886 4.6149 4.6450 0.0269
4.6886 4.6149 4.6450 0.0269
4.6886 4.6149 4.6450 0.0269
4.6886 4.6149 4.6454 0.0271
4.6886 4.6149 4.6454 0.0271
4.6886 4.6149 4.6454 0.0271
4.6886 4.6149 4.6454 0.0271
4.6886 4.6149 4.6454 0.0271
4.6886 4.6149 4.6459 0.0272
4.6886 4.6149 4.6459 0.0272
4.6886 4.6149 4.6459 0.0272
4.6886 4.6149 4.6459 0.0272
4.6886 4.6149 4.6462 0.0272
4.6886 4.6149 4.6462 0.0272
4.6886 4.6149 4.6462 0.0272
4.6886 4.6149 4.6463 0.0272
4.6886 4.6149 4.6469 0.0273
4.6886 4.6149 4.6469 0.0273
4.6886 4.6149 4.6469 0.0273
4.6886 4.6149 4.6469 0.0273
4.6886 4.6149 4.6473 0.0273
4.6886 4.6149 4.6473 0.0273
4.6886 4.6149 4.6478 0.0272
4.6886 4.6149 4.6478 0.0272
4.6886 4.6149 4.6482 0.0272
4.6886 4.6149 4.6482 0.0272
4.6886 4.6149 4.6482 0.0272
4.6886 4.6149 4.6482 0.0272
4.6886 4.6149 4.6486 0.0271
4.6886 4.6149 4.6486 0.0271
4.6886 4.6149 4.6486 0.0271
4.6886 4.6149 4.6486 0.0271
4.6886 4.6149 4.6487 0.0271
4.6886 4.6149 4.6493 0.0273
4.6886 4.6149 4.6495 0.0275
4.6886 4.6149 4.6497 0.0275
4.6886 4.6149 4.6497 0.0275
4.6886 4.6149 4.6497 0.0275
4.6886 4.6149 4.6498 0.0275
4.6886 4.6149 4.6498 0.0275
4.6886 4.6149 4.6498 0.0275
4.6886 4.6149 4.6504 0.0277
4.6886 4.6149 4.6504 0.0277
4.6886 4.6149 4.6504 0.0277
4.6886 4.6149 4.6504 0.0277
4.6886 4.6149 4.6504 0.0276
4.6886 4.6149 4.6510 0.0277
4.6886 4.6149 4.6512 0.0278
4.6886 4.6149 4.6512 0.0278
4.6886 4.6149 4.6512 0.0278
4.6886 4.6149 4.6512 0.0278
4.6886 4.6149 4.6512 0.0278
4.6886 4.6149 4.6512 0.0278
4.6886 4.6149 4.6512 0.0278
4.6886 4.6149 4.6512 0.0278
4.6886 4.6149 4.6517 0.0277
4.6886 4.6149 4.6517 0.0277
4.6886 4.6149 4.6521 0.0277
4.6886 4.6149 4.6521 0.0277
4.6886 4.6149 4.6521 0.0277
4.6886 4.6149 4.6522 0.0276
4.6886 4.6149 4.6522 0.0276
4.6886 4.6149 4.6522 0.0276
4.6886 4.6149 4.6522 0.0276
4.6886 4.6149 4.6526 0.0275
4.6886 4.6149 4.6526 0.0275
4.6886 4.6149 4.6531 0.0274
4.6886 4.6149 4.6537 0.0274
4.6886 4.6149 4.6537 0.0274
4.6886 4.6149 4.6537 0.0274
4.6886 4.6149 4.6537 0.0274
4.6886 4.6149 4.6537 0.0274
4.6886 4.6149 4.6543 0.0273
4.6886 4.6149 4.6544 0.0272
4.6886 4.6149 4.6548 0.0273
4.6886 4.6149 4.6548 0.0273
4.7098 4.6149 4.6550 0.0276
4.7098 4.6149 4.6551 0.0277
4.7098 4.6149 4.6551 0.0277
4.7098 4.6149 4.6557 0.0276
4.7098 4.6149 4.6557 0.0276
4.7098 4.6149 4.6559 0.0278
4.7098 4.6149 4.6565 0.0277
4.7098 4.6156 4.6572 0.0275
4.7098 4.6156 4.6572 0.0275
4.7098 4.6156 4.6572 0.0275
4.7098 4.6156 4.6572 0.0275
4.7098 4.6156 4.6572 0.0275
4.7098 4.6156 4.6573 0.0275
4.7098 4.6156 4.6579 0.0274
4.7098 4.6156 4.6579 0.0274
4.7098 4.6156 4.6579 0.0274
4.7098 4.6156 4.6579 0.0274
4.7098 4.6156 4.6581 0.0275
4.7098 4.6156 4.6588 0.0274
4.7098 4.6156 4.6589 0.0272
4.7098 4.6167 4.6595 0.0269
4.7098 4.6167 4.6598 0.0267
4.7098 4.6167 4.6598 0.0267
4.7098 4.6167 4.6598 0.0267
4.7098 4.6167 4.6598 0.0267
4.7098 4.6168 4.6605 0.0265
4.7098 4.6168 4.6608 0.0264
4.7098 4.6168 4.6608 0.0265
4.7098 4.6168 4.6610 0.0264
4.7098 4.6168 4.6610 0.0264
4.7098 4.6168 4.6610 0.0264
4.7098 4.6168 4.6611 0.0264
4.7098 4.6168 4.6612 0.0264
4.7098 4.6168 4.6612 0.0264
4.7098 4.6168 4.6612 0.0264
4.7098 4.6168 4.6612 0.0264
4.7098 4.6168 4.6616 0.0263
4.7098 4.6168 4.6619 0.0261
4.7098 4.6168 4.6619 0.0261
4.7098 4.6168 4.6623 0.0261
4.7098 4.6168 4.6623 0.0261
4.7098 4.6168 4.6623 0.0261
4.7098 4.6168 4.6628 0.0259
4.7098 4.6168 4.6629 0.0260
4.7098 4.6168 4.6629 0.0260
4.7098 4.6168 4.6629 0.0260
4.7098 4.6168 4.6629 0.0260
4.7098 4.6168 4.6629 0.0260
4.7098 4.6168 4.6632 0.0261
4.7098 4.6168 4.6632 0.0261
4.7098 4.6168 4.6632 0.0261
4.7098 4.6168 4.6632 0.0261
4.7098 4.6168 4.6632 0.0261
4.7098 4.6168 4.6632 0.0261
4.7098 4.6168 4.6636 0.0258
4.7098 4.6168 4.6636 0.0258
4.7098 4.6168 4.6636 0.0258
4.7098 4.6168 4.6642 0.0256
4.7098 4.6168 4.6642 0.0256
4.7098 4.6168 4.6648 0.0253
4.7098 4.6168 4.6648 0.0253
4.7098 4.6168 4.6648 0.0253
4.7098 4.6168 4.6648 0.0253
4.7098 4.6171 4.6655 0.0249
4.7098 4.6171 4.6657 0.0250
4.7098 4.6171 4.6657 0.0250
4.7098 4.6171 4.6657 0.0250
4.7098 4.6171 4.6657 0.0250
4.7098 4.6171 4.6657 0.0250
4.7098 4.6171 4.6657 0.0250
4.7098 4.6171 4.6657 0.0250
4.7098 4.6171 4.6657 0.0250
4.7098 4.6171 4.6657 0.0250
4.7098 4.6171 4.6657 0.0250
4.7098 4.6171 4.6659 0.0251
4.7098 4.6171 4.6659 0.0251
4.7098 4.6171 4.6659 0.0251
4.7098 4.6171 4.6666 0.0247
4.7098 4.6171 4.6666 0.0247
4.7098 4.6171 4.6666 0.0247
4.7098 4.6171 4.6668 0.0248
4.7098 4.6171 4.6668 0.0248
4.7098 4.6171 4.6668 0.0248
4.7098 4.6171 4.6668 0.0248
4.7098 4.6171 4.6668 0.0248
4.7098 4.6171 4.6671 0.0249
4.7098 4.6171 4.6676 0.0245
4.7098 4.6171 4.6678 0.0246
4.7098 4.6171 4.6678 0.0246
4.7098 4.6171 4.6678 0.0246
4.7098 4.6171 4.6678 0.0246
4.7098 4.6171 4.6678 0.0246
4.7098 4.6171 4.6682 0.0247
4.7098 4.6171 4.6683 0.0247
4.7098 4.6171 4.6683 0.0247
4.7098 4.6171 4.6683 0.0247
4.7098 4.6171 4.6683 0.0247
4.7098 4.6171 4.6683 0.0247
4.7098 4.6171 4.6683 0.0247
4.7098 4.6171 4.6685 0.0248
4.7098 4.6171 4.6685 0.0248
4.7098 4.6171 4.6692 0.0244
4.7098 4.6171 4.6692 0.0244
4.7098 4.6171 4.6692 0.0244
4.7098 4.6171 4.6692 0.0244
4.7098 4.6171 4.6692 0.0244
4.7098 4.6171 4.6692 0.0244
4.7098 4.6171 4.6692 0.0244
4.7098 4.6171 4.6696 0.0240
4.7098 4.6171 4.6696 0.0240
4.7098 4.6171 4.6700 0.0235
4.7098 4.6171 4.6700 0.0235
4.7098 4.6171 4.6700 0.0235
4.7098 4.6171 4.6700 0.0235
4.7098 4.6171 4.6701 0.0235
4.7098 4.6171 4.6703 0.0235
4.7098 4.6171 4.6703 0.0235
4.7098 4.6171 4.6704 0.0236
4.7098 4.6171 4.6704 0.0236
4.7098 4.6171 4.6704 0.0236
4.7098 4.6171 4.6705 0.0235
4.7098 4.6171 4.6705 0.0235
4.7098 4.6171 4.6705 0.0235
4.7098 4.6171 4.6705 0.0235
4.7098 4.6171 4.6705 0.0235
4.7098 4.6171 4.6708 0.0231
4.7098 4.6171 4.6708 0.0231
4.7098 4.6171 4.6709 0.0228
4.7098 4.6171 4.6709 0.0228
4.7098 4.6171 4.6709 0.0228
4.7098 4.6171 4.6709 0.0228
4.7106 4.6171 4.6709 0.0228
4.7106 4.6171 4.6709 0.0228
4.7106 4.6171 4.6709 0.0228
4.7106 4.6171 4.6712 0.0228
4.7106 4.6171 4.6712 0.0228
4.7106 4.6171 4.6712 0.0228
4.7106 4.6171 4.6712 0.0228
4.7106 4.6171 4.6714 0.0226
4.7106 4.6171 4.6719 0.0221
4.7106 4.6171 4.6719 0.0221
4.7106 4.6171 4.6719 0.0221
4.7106 4.6171 4.6719 0.0221
4.7106 4.6171 4.6719 0.0221
4.7106 4.6171 4.6720 0.0222
4.7106 4.6171 4.6720 0.0222
4.7106 4.6171 4.6720 0.0222
4.7106 4.6171 4.6726 0.0216
4.7106 4.6171 4.6726 0.0216
4.7106 4.6171 4.6726 0.0216
4.7106 4.6171 4.6726 0.0216
4.7106 4.6171 4.6726 0.0216
4.7106 4.6171 4.6726 0.0216
4.7106 4.6171 4.6726 0.0216
4.7106 4.6171 4.6731 0.0210
4.7106 4.6171 4.6731 0.0210
4.7106 4.6171 4.6731 0.0210
4.7106 4.6171 4.6731 0.0210
4.7106 4.6171 4.6738 0.0204
4.7106 4.6171 4.6740 0.0205
4.7106 4.6171 4.6740 0.0205
4.7106 4.6171 4.6740 0.0205
4.7106 4.6171 4.6740 0.0205
4.7106 4.6171 4.6740 0.0205
4.7106 4.6171 4.6740 0.0205
4.7106 4.6171 4.6740 0.0205
4.7106 4.6171 4.6740 0.0205
4.7106 4.6171 4.6749 0.0200
4.7106 4.6171 4.6749 0.0200
4.7106 4.6171 4.6756 0.0193
4.7106 4.6171 4.6756 0.0193
4.7106 4.6171 4.6756 0.0193
4.7106 4.6171 4.6756 0.0193
4.7106 4.6171 4.6756 0.0193
4.7106 4.6171 4.6756 0.0193
4.7106 4.6171 4.6756 0.0193
4.7106 4.6171 4.6756 0.0193
4.7106 4.6171 4.6756 0.0193
4.7106 4.6171 4.6757 0.0194
4.7106 4.6171 4.6759 0.0194
4.7106 4.6171 4.6759 0.0194
4.7106 4.6171 4.6759 0.0194
4.7106 4.6171 4.6762 0.0194
4.7106 4.6171 4.6762 0.0194
4.7106 4.6171 4.6765 0.0193
4.7106 4.6171 4.6765 0.0193
4.7106 4.6171 4.6765 0.0193
4.7106 4.6171 4.6765 0.0193
4.7106 4.6171 4.6765 0.0193
4.7106 4.6171 4.6770 0.0187
4.7106 4.6171 4.6770 0.0187
4.7106 4.6171 4.6771 0.0187
4.7106 4.6171 4.6771 0.0187
4.7106 4.6171 4.6771 0.0187
4.7106 4.6171 4.6771 0.0187
4.7106 4.6171 4.6771 0.0187
4.7106 4.6171 4.6771 0.0187
4.7106 4.6171 4.6771 0.0187
4.7106 4.6171 4.6774 0.0186
4.7106 4.6171 4.6774 0.0186
4.7106 4.6171 4.6774 0.0186
4.7106 4.6171 4.6776 0.0186
4.7106 4.6171 4.6778 0.0186
4.7106 4.6171 4.6778 0.0186
4.7106 4.6171 4.6779 0.0183
4.7106 4.6171 4.6780 0.0182
4.7106 4.6171 4.6780 0.0182
4.7106 4.6171 4.6783 0.0181
4.7106 4.6171 4.6783 0.0181
4.7106 4.6171 4.6788 0.0183
4.7106 4.6171 4.6788 0.0183
4.7106 4.6171 4.6789 0.0183
4.7106 4.6171 4.6789 0.0183
4.7106 4.6171 4.6790 0.0183
4.7106 4.6171 4.6790 0.0183
4.7106 4.6171 4.6790 0.0183
4.7106 4.6171 4.6790 0.0183
4.7106 4.6171 4.6790 0.0183
4.7106 4.6171 4.6791 0.0183
4.7106 4.6196 4.6796 0.0173
4.7106 4.6196 4.6798 0.0173
4.7106 4.6196 4.6798 0.0173
4.7106 4.6196 4.6800 0.0173
4.7106 4.6196 4.6800 0.0173
4.7106 4.6196 4.6801 0.0173
4.7106 4.6196 4.6801 0.0173
4.7106 4.6196 4.6803 0.0172
4.7106 4.6196 4.6803 0.0172
4.7106 4.6196 4.6809 0.0162
4.7106 4.6196 4.6809 0.0162
4.7106 4.6196 4.6809 0.0162
4.7106 4.6196 4.6809 0.0162
4.7106 4.6196 4.6811 0.0162
4.7106 4.6196 4.6811 0.0162
4.7106 4.6196 4.6813 0.0162
4.7106 4.6196 4.6813 0.0162
4.7106 4.6196 4.6813 0.0162
4.7106 4.6196 4.6813 0.0162
4.7106 4.6196 4.6813 0.0162
4.7106 4.6196 4.6813 0.0161
4.7106 4.6196 4.6813 0.0161
4.7106 4.6196 4.6813 0.0161
4.7106 4.6196 4.6813 0.0161
4.7106 4.6196 4.6813 0.0161
4.7106 4.6196 4.6819 0.0152
4.7106 4.6196 4.6820 0.0152
4.7106 4.6196 4.6820 0.0152
4.7106 4.6196 4.6820 0.0152
4.7106 4.6196 4.6820 0.0152
4.7106 4.6196 4.6820 0.0152
4.7106 4.6196 4.6820 0.0152
4.7106 4.6196 4.6820 0.0152
4.7106 4.6217 4.6827 0.0139
4.7106 4.6217 4.6829 0.0139
4.7106 4.6217 4.6829 0.0139
4.7106 4.6217 4.6829 0.0139
4.7106 4.6217 4.6829 0.0139
4.7106 4.6217 4.6829 0.0139
4.7106 4.6217 4.6829 0.0139
4.7106 4.6217 4.6831 0.0137
4.7106 4.6217 4.6831 0.0137
4.7106 4.6217 4.6831 0.0137
4.7106 4.6217 4.6831 0.0137
4.7106 4.6217 4.6832 0.0137
4.7106 4.6217 4.6834 0.0139
4.7106 4.6217 4.6834 0.0139
4.7106 4.6217 4.6834 0.0139
4.7106 4.6217 4.6834 0.0139
4.7106 4.6217 4.6834 0.0139
4.7106 4.6217 4.6834 0.0139
4.7106 4.6217 4.6834 0.0139
4.7106 4.6217 4.6834 0.0139
4.7106 4.6217 4.6834 0.0139
4.7106 4.6217 4.6834 0.0139
4.7106 4.6217 4.6834 0.0139
4.7106 4.6217 4.6834 0.0139
4.7106 4.6217 4.6834 0.0139
4.7106 4.6217 4.6834 0.0139
4.7106 4.6217 4.6834 0.0139
4.7106 4.6217 4.6834 0.0139
4.7106 4.6217 4.6836 0.0139
4.7106 4.6217 4.6836 0.0139
4.7106 4.6217 4.6836 0.0139
4.7106 4.6217 4.6837 0.0138
4.7106 4.6217 4.6837 0.0138
4.7106 4.6217 4.6839 0.0138
4.7106 4.6217 4.6839 0.0138
4.7106 4.6217 4.6839 0.0138
4.7106 4.6217 4.6845 0.0129
4.7106 4.6217 4.6845 0.0129
4.7106 4.6217 4.6846 0.0129
4.7106 4.6217 4.6846 0.0129
4.7106 4.6217 4.6848 0.0128
4.7106 4.6217 4.6848 0.0128
4.7106 4.6217 4.6848 0.0128
4.7106 4.6217 4.6850 0.0131
4.7106 4.6217 4.6850 0.0131
4.7106 4.6217 4.6850 0.0131
4.7106 4.6217 4.6851 0.0131
4.7106 4.6217 4.6851 0.0131
4.7106 4.6217 4.6851 0.0131
4.7106 4.6217 4.6851 0.0131
4.7106 4.6217 4.6851 0.0131
4.7106 4.6217 4.6851 0.0131
4.7106 4.6217 4.6852 0.0131
4.7106 4.6217 4.6852 0.0131
4.7106 4.6217 4.6854 0.0130
4.7106 4.6217 4.6856 0.0121
4.7106 4.6217 4.6856 0.0121
4.7106 4.6217 4.6856 0.0121
4.7106 4.6217 4.6856 0.0121
4.7106 4.6217 4.6856 0.0121
4.7106 4.6217 4.6856 0.0121
4.7106 4.6217 4.6858 0.0123
4.7106 4.6217 4.6859 0.0123
4.7106 4.6217 4.6859 0.0123
4.7106 4.6217 4.6859 0.0123
4.7106 4.6217 4.6859 0.0123
4.7106 4.6217 4.6859 0.0123
4.7106 4.6217 4.6859 0.0123
4.7106 4.6217 4.6859 0.0123
4.7106 4.6217 4.6859 0.0123
4.7106 4.6217 4.6859 0.0123
4.7106 4.6217 4.6859 0.0123
4.7106 4.6217 4.6861 0.0122
4.7106 4.6217 4.6861 0.0122
4.7106 4.6217 4.6861 0.0122
4.7106 4.6217 4.6861 0.0122
4.7106 4.6217 4.6861 0.0122
4.7106 4.6217 4.6862 0.0122
4.7106 4.6217 4.6862 0.0122
4.7106 4.6217 4.6862 0.0122
4.7106 4.6217 4.6864 0.0125
4.7106 4.6217 4.6864 0.0125
4.7106 4.6217 4.6866 0.0125
4.7106 4.6217 4.6867 0.0124
4.7106 4.6217 4.6867 0.0124
4.7106 4.6217 4.6867 0.0124
4.7106 4.6217 4.6868 0.0124
4.7106 4.6217 4.6871 0.0127
4.7106 4.6217 4.6872 0.0127
4.7106 4.6217 4.6872 0.0127
4.7106 4.6217 4.6872 0.0127
4.7106 4.6217 4.6872 0.0127
4.7106 4.6217 4.6874 0.0128
4.7106 4.6217 4.6874 0.0128
4.7106 4.6217 4.6874 0.0128
4.7106 4.6217 4.6876 0.0130
4.7106 4.6217 4.6876 0.0130
4.7106 4.6217 4.6876 0.0130
4.7106 4.6217 4.6876 0.0130
4.7106 4.6217 4.6876 0.0130
4.7106 4.6217 4.6877 0.0131
4.7106 4.6217 4.6879 0.0130
4.7106 4.6217 4.6879 0.0130
4.7106 4.6217 4.6881 0.0131
4.7106 4.6217 4.6883 0.0131
4.7106 4.6217 4.6885 0.0133
4.7106 4.6217 4.6886 0.0133
4.7106 4.6217 4.6886 0.0133
4.7106 4.6217 4.6886 0.0133
4.7106 4.6217 4.6886 0.0133
4.7106 4.6217 4.6886 0.0133
4.7106 4.6226 4.6893 0.0115
4.7106 4.6226 4.6893 0.0115
4.7106 4.6226 4.6893 0.0115
4.7106 4.6226 4.6893 0.0115
4.7106 4.6226 4.6895 0.0117
4.7106 4.6226 4.6898 0.0119
4.7106 4.6226 4.6898 0.0119
4.7106 4.6226 4.6898 0.0119
4.7106 4.6226 4.6898 0.0119
4.7106 4.6226 4.6898 0.0119
4.7106 4.6226 4.6900 0.0120
4.7108 4.6226 4.6905 0.0120
4.7108 4.6226 4.6905 0.0120
4.7108 4.6226 4.6905 0.0120
4.7108 4.6226 4.6905 0.0120
4.7108 4.6226 4.6905 0.0120
4.7108 4.6226 4.6906 0.0120
4.7108 4.6226 4.6906 0.0120
4.7108 4.6226 4.6906 0.0120
4.7108 4.6226 4.6906 0.0120
4.7108 4.6226 4.6906 0.0120
4.7108 4.6226 4.6906 0.0120
4.7108 4.6226 4.6907 0.0120
4.7108 4.6226 4.6907 0.0120
4.7108 4.6226 4.6907 0.0120
4.7108 4.6226 4.6908 0.0121
4.7108 4.6226 4.6909 0.0121
4.7108 4.6226 4.6909 0.0121
4.7108 4.6226 4.6909 0.0121
4.7108 4.6226 4.6909 0.0121
4.7108 4.6226 4.6911 0.0123
4.7108 4.6226 4.6911 0.0123
4.7108 4.6226 4.6911 0.0123
4.7108 4.6226 4.6911 0.0123
4.7108 4.6226 4.6911 0.0123
4.7108 4.6226 4.6911 0.0123
4.7108 4.6226 4.6911 0.0123
4.7108 4.6226 4.6911 0.0123
4.7108 4.6226 4.6911 0.0123
4.7108 4.6226 4.6911 0.0123
4.7108 4.6226 4.6913 0.0124
4.7108 4.6226 4.6915 0.0125
4.7108 4.6226 4.6915 0.0125
4.7108 4.6226 4.6915 0.0125
4.7108 4.6226 4.6915 0.0124
4.7108 4.6226 4.6915 0.0124
4.7108 4.6226 4.6915 0.0124
4.7108 4.6226 4.6915 0.0124
4.7108 4.6226 4.6917 0.0126
4.7108 4.6226 4.6918 0.0126
4.7108 4.6226 4.6918 0.0126
4.7108 4.6226 4.6918 0.0126
4.7108 4.6226 4.6919 0.0125
4.7108 4.6226 4.6922 0.0124
4.7108 4.6226 4.6922 0.0124
4.7108 4.6226 4.6922 0.0124
4.7108 4.6226 4.6924 0.0125
4.7108 4.6226 4.6924 0.0125
4.7108 4.6226 4.6924 0.0125
4.7108 4.6226 4.6925 0.0125
4.7108 4.6226 4.6925 0.0125
4.7108 4.6226 4.6925 0.0125
4.7108 4.6226 4.6926 0.0123
4.7108 4.6226 4.6926 0.0123
4.7108 4.6226 4.6927 0.0123
4.7108 4.6226 4.6927 0.0123
4.7108 4.6226 4.6927 0.0122
4.7108 4.6226 4.6927 0.0122
4.7108 4.6226 4.6927 0.0122
4.7108 4.6226 4.6927 0.0123
4.7108 4.6226 4.6927 0.0123
4.7108 4.6226 4.6929 0.0123
4.7108 4.6226 4.6929 0.0123
4.7108 4.6226 4.6929 0.0123
4.7108 4.6226 4.6929 0.0123
4.7108 4.6226 4.6929 0.0123
4.7108 4.6226 4.6929 0.0123
4.7108 4.6226 4.6929 0.0123
4.7108 4.6226 4.6929 0.0123
4.7108 4.6226 4.6929 0.0123
4.7108 4.6226 4.6929 0.0123
4.7108 4.6226 4.6929 0.0123
4.7108 4.6226 4.6930 0.0123
4.7108 4.6226 4.6932 0.0124
4.7108 4.6226 4.6933 0.0124
4.7108 4.6226 4.6933 0.0124
4.7108 4.6226 4.6934 0.0125
4.7108 4.6226 4.6934 0.0125
4.7108 4.6226 4.6934 0.0125
4.7108 4.6226 4.6934 0.0125
4.7108 4.6226 4.6935 0.0124
4.7108 4.6226 4.6935 0.0124
4.7108 4.6226 4.6935 0.0124
4.7108 4.6226 4.6935 0.0124
4.7108 4.6226 4.6935 0.0124
4.7108 4.6226 4.6935 0.0124
4.7108 4.6226 4.6936 0.0124
4.7108 4.6226 4.6936 0.0124
4.7118 4.6226 4.6939 0.0126
4.7118 4.6226 4.6941 0.0126
4.7118 4.6226 4.6941 0.0126
4.7118 4.6226 4.6941 0.0126
4.7118 4.6226 4.6942 0.0127
4.7118 4.6226 4.6942 0.0127
4.7118 4.6226 4.6942 0.0127
4.7118 4.6226 4.6943 0.0127
4.7118 4.6226 4.6945 0.0127
4.7118 4.6226 4.6947 0.0128
4.7118 4.6226 4.6948 0.0128
4.7118 4.6226 4.6948 0.0128
4.7118 4.6226 4.6948 0.0128
4.7118 4.6226 4.6949 0.0128
4.7118 4.6226 4.6949 0.0128
4.7118 4.6226 4.6949 0.0128
4.7118 4.6226 4.6949 0.0128
4.7118 4.6226 4.6950 0.0129
4.7118 4.6226 4.6950 0.0129
4.7118 4.6226 4.6950 0.0129
4.7118 4.6226 4.6950 0.0129
4.7118 4.6226 4.6951 0.0130
4.7118 4.6226 4.6951 0.0130
4.7118 4.6226 4.6951 0.0130
4.7118 4.6226 4.6951 0.0130
4.7118 4.6226 4.6953 0.0130
4.7134 4.6226 4.6953 0.0131
4.7134 4.6226 4.6953 0.0131
4.7134 4.6226 4.6953 0.0131
4.7134 4.6226 4.6954 0.0130
4.7134 4.6226 4.6956 0.0131
4.7134 4.6226 4.6956 0.0131
4.7134 4.6226 4.6959 0.0132
4.7134 4.6226 4.6960 0.0132
4.7134 4.6226 4.6961 0.0132
4.7134 4.6226 4.6961 0.0132
4.7134 4.6226 4.6961 0.0132
4.7134 4.6226 4.6961 0.0132
4.7134 4.6226 4.6963 0.0132
4.7134 4.6226 4.6963 0.0132
4.7134 4.6226 4.6963 0.0132
4.7134 4.6226 4.6963 0.0132
4.7134 4.6226 4.6963 0.0132
4.7134 4.6226 4.6963 0.0132
4.7134 4.6226 4.6963 0.0132
4.7134 4.6226 4.6963 0.0132
4.7134 4.6226 4.6963 0.0132
4.7134 4.6226 4.6963 0.0132
4.7134 4.6226 4.6965 0.0133
4.7134 4.6226 4.6965 0.0133
4.7134 4.6226 4.6965 0.0133
4.7134 4.6226 4.6965 0.0133
4.7134 4.6226 4.6965 0.0133
4.7134 4.6226 4.6965 0.0133
4.7134 4.6226 4.6966 0.0133
4.7134 4.6226 4.6967 0.0133
4.7134 4.6226 4.6967 0.0133
4.7134 4.6226 4.6969 0.0134
4.7134 4.6226 4.6971 0.0134
4.7134 4.6226 4.6971 0.0134
4.7134 4.6226 4.6971 0.0134
4.7134 4.6226 4.6971 0.0134
4.7134 4.6226 4.6971 0.0134
4.7134 4.6226 4.6971 0.0134
4.7134 4.6226 4.6971 0.0134
4.7134 4.6226 4.6972 0.0134
4.7134 4.6226 4.6974 0.0134
4.7134 4.6226 4.6974 0.0134
4.7134 4.6226 4.6974 0.0134
4.7134 4.6226 4.6974 0.0134
4.7134 4.6226 4.6974 0.0134
4.7134 4.6226 4.6976 0.0134
4.7134 4.6226 4.6978 0.0135
4.7134 4.6226 4.6979 0.0135
4.7134 4.6226 4.6980 0.0135
4.7134 4.6226 4.6980 0.0135
4.7134 4.6226 4.6980 0.0135
4.7134 4.6226 4.6980 0.0135
4.7134 4.6226 4.6980 0.0135
4.7134 4.6226 4.6981 0.0135
4.7134 4.6226 4.6981 0.0135
4.7134 4.6226 4.6982 0.0135
4.7134 4.6226 4.6983 0.0135
4.7134 4.6226 4.6983 0.0135
4.7134 4.6226 4.6983 0.0135
4.7134 4.6226 4.6983 0.0136
4.7134 4.6226 4.6983 0.0136
4.7134 4.6226 4.6983 0.0136
4.7134 4.6226 4.6983 0.0136
4.7134 4.6226 4.6983 0.0136
4.7134 4.6226 4.6984 0.0135
4.7134 4.6226 4.6986 0.0135
4.7147 4.6226 4.6986 0.0135
4.7147 4.6226 4.6986 0.0135
4.7147 4.6226 4.6987 0.0136
4.7147 4.6226 4.6987 0.0136
4.7147 4.6226 4.6987 0.0136
4.7147 4.6226 4.6989 0.0136
4.7147 4.6226 4.6991 0.0135
4.7147 4.6226 4.6991 0.0135
4.7147 4.6226 4.6993 0.0135
4.7147 4.6226 4.6995 0.0135
4.7147 4.6226 4.6996 0.0136
4.7147 4.6226 4.6996 0.0136
4.7147 4.6226 4.6998 0.0135
4.7147 4.6226 4.6998 0.0135
4.7147 4.6226 4.6998 0.0135
4.7147 4.6226 4.7000 0.0136
4.7147 4.6226 4.7002 0.0136
4.7147 4.6226 4.7002 0.0136
4.7147 4.6226 4.7003 0.0136
4.7147 4.6226 4.7005 0.0136
4.7147 4.6226 4.7007 0.0136
4.7147 4.6226 4.7007 0.0136
4.7147 4.6226 4.7008 0.0136
4.7147 4.6226 4.7008 0.0136
4.7147 4.6226 4.7008 0.0136
4.7147 4.6226 4.7008 0.0136
4.7147 4.6226 4.7009 0.0135
4.7147 4.6226 4.7011 0.0135
4.7147 4.6226 4.7011 0.0135
4.7147 4.6226 4.7012 0.0135
4.7147 4.6226 4.7012 0.0135
4.7147 4.6226 4.7012 0.0135
4.7147 4.6226 4.7012 0.0135
4.7147 4.6226 4.7012 0.0135
4.7147 4.6226 4.7013 0.0135
4.7147 4.6226 4.7013 0.0135
4.7147 4.6226 4.7013 0.0135
4.7147 4.6226 4.7013 0.0135
4.7147 4.6226 4.7013 0.0135
4.7147 4.6226 4.7013 0.0135
4.7147 4.6226 4.7013 0.0135
4.7147 4.6226 4.7014 0.0135
4.7147 4.6226 4.7014 0.0135
4.7147 4.6226 4.7015 0.0135
4.7147 4.6226 4.7015 0.0135
4.7147 4.6226 4.7016 0.0135
4.7147 4.6226 4.7016 0.0135
4.7147 4.6226 4.7016 0.0135
4.7147 4.6226 4.7016 0.0135
4.7147 4.6226 4.7016 0.0135
4.7147 4.6226 4.7018 0.0135
4.7147 4.6226 4.7018 0.0135
4.7147 4.6226 4.7020 0.0134
4.7147 4.6226 4.7021 0.0134
4.7147 4.6226 4.7021 0.0134
4.7147 4.6226 4.7022 0.0134
4.7147 4.6226 4.7024 0.0133
4.7147 4.6226 4.7024 0.0133
4.7147 4.6226 4.7025 0.0133
4.7147 4.6226 4.7025 0.0133
4.7147 4.6226 4.7025 0.0133
4.7147 4.6226 4.7025 0.0133
4.7147 4.6226 4.7025 0.0133
4.7147 4.6226 4.7025 0.0133
4.7147 4.6226 4.7025 0.0133
4.7147 4.6226 4.7025 0.0133
4.7147 4.6226 4.7025 0.0133
4.7147 4.6226 4.7025 0.0133
4.7147 4.6226 4.7025 0.0133
4.7147 4.6226 4.7026 0.0134
4.7147 4.6226 4.7026 0.0134
4.7147 4.6226 4.7026 0.0134
4.7147 4.6226 4.7026 0.0134
4.7147 4.6226 4.7026 0.0134
4.7147 4.6226 4.7026 0.0134
4.7147 4.6226 4.7026 0.0134
4.7147 4.6226 4.7026 0.0134
4.7147 4.6226 4.7026 0.0134
4.7147 4.6226 4.7028 0.0133
4.7147 4.6226 4.7029 0.0133
4.7147 4.6226 4.7029 0.0133
4.7147 4.6226 4.7029 0.0133
4.7147 4.6226 4.7032 0.0133
4.7147 4.6226 4.7032 0.0133
4.7147 4.6226 4.7032 0.0133
4.7147 4.6226 4.7032 0.0133
4.7147 4.6226 4.7032 0.0133
4.7147 4.6226 4.7032 0.0132
4.7147 4.6226 4.7032 0.0132
4.7147 4.6226 4.7032 0.0132
4.7147 4.6226 4.7034 0.0132
4.7147 4.6226 4.7036 0.0131
4.7147 4.6226 4.7036 0.0131
4.7147 4.6226 4.7036 0.0131
4.7147 4.6226 4.7036 0.0131
4.7147 4.6226 4.7036 0.0131
4.7147 4.6226 4.7039 0.0130
4.7147 4.6226 4.7041 0.0129
4.7147 4.6226 4.7041 0.0129
4.7147 4.6226 4.7043 0.0129
4.7147 4.6226 4.7045 0.0128
4.7147 4.6226 4.7045 0.0128
4.7147 4.6226 4.7045 0.0128
4.7147 4.6226 4.7045 0.0128
4.7147 4.6226 4.7045 0.0128
4.7147 4.6386 4.7047 0.0119
4.7147 4.6386 4.7047 0.0119
4.7147 4.6386 4.7047 0.0119
4.7147 4.6386 4.7047 0.0119
4.7147 4.6386 4.7047 0.0119
4.7147 4.6386 4.7047 0.0119
4.7147 4.6386 4.7047 0.0119
4.7147 4.6386 4.7047 0.0119
4.7147 4.6386 4.7047 0.0119
4.7147 4.6386 4.7047 0.0119
4.7147 4.6386 4.7047 0.0119
4.7147 4.6386 4.7047 0.0119
4.7147 4.6386 4.7047 0.0119
4.7147 4.6386 4.7049 0.0118
4.7147 4.6386 4.7049 0.0118
4.7147 4.6386 4.7051 0.0117
4.7147 4.6386 4.7052 0.0116
4.7147 4.6386 4.7052 0.0116
4.7147 4.6386 4.7052 0.0116
4.7147 4.6386 4.7053 0.0115
4.7147 4.6386 4.7055 0.0114
4.7147 4.6386 4.7057 0.0113
4.7147 4.6386 4.7058 0.0113
4.7147 4.6386 4.7058 0.0113
4.7147 4.6386 4.7058 0.0113
4.7147 4.6386 4.7058 0.0113
4.7147 4.6386 4.7058 0.0113
4.7147 4.6386 4.7058 0.0113
4.7147 4.6386 4.7058 0.0112
4.7147 4.6386 4.7058 0.0112
4.7147 4.6386 4.7060 0.0111
4.7147 4.6386 4.7060 0.0111
4.7147 4.6386 4.7062 0.0110
4.7147 4.6386 4.7063 0.0110
4.7147 4.6386 4.7063 0.0110
4.7147 4.6386 4.7063 0.0110
4.7147 4.6386 4.7063 0.0110
4.7147 4.6386 4.7065 0.0109
4.7147 4.6386 4.7066 0.0109
4.7147 4.6386 4.7066 0.0109
4.7147 4.6386 4.7066 0.0109
4.7158 4.6386 4.7069 0.0108
4.7158 4.6386 4.7069 0.0108
4.7158 4.6386 4.7071 0.0107
4.7158 4.6386 4.7071 0.0107
4.7158 4.6386 4.7071 0.0107
4.7158 4.6386 4.7071 0.0107
4.7158 4.6386 4.7071 0.0107
4.7158 4.6386 4.7071 0.0107
4.7158 4.6386 4.7071 0.0107
4.7158 4.6386 4.7071 0.0107
4.7158 4.6386 4.7071 0.0107
4.7158 4.6386 4.7071 0.0107
4.7158 4.6386 4.7071 0.0107
4.7158 4.6386 4.7072 0.0107
4.7158 4.6386 4.7072 0.0107
4.7158 4.6386 4.7072 0.0107
4.7158 4.6386 4.7072 0.0107
4.7158 4.6386 4.7072 0.0107
4.7158 4.6386 4.7072 0.0107
4.7158 4.6386 4.7072 0.0107
4.7158 4.6386 4.7072 0.0107
4.7158 4.6386 4.7072 0.0107
4.7158 4.6386 4.7072 0.0107
4.7158 4.6386 4.7072 0.0107
4.7158 4.6386 4.7073 0.0107
4.7158 4.6386 4.7073 0.0107
4.7158 4.6386 4.7073 0.0107
4.7158 4.6386 4.7073 0.0107
4.7158 4.6386 4.7073 0.0107
4.7158 4.6386 4.7073 0.0107
4.7158 4.6386 4.7073 0.0107
4.7158 4.6386 4.7073 0.0107
4.7158 4.6386 4.7073 0.0107
4.7158 4.6386 4.7073 0.0108
4.7158 4.6386 4.7073 0.0108
4.7158 4.6386 4.7076 0.0106
4.7158 4.6386 4.7076 0.0106
4.7158 4.6386 4.7076 0.0106
4.7158 4.6386 4.7077 0.0105
4.7158 4.6386 4.7078 0.0104
4.7158 4.6386 4.7080 0.0102
4.7158 4.6386 4.7080 0.0102
4.7158 4.6386 4.7080 0.0102
4.7158 4.6386 4.7080 0.0102
4.7158 4.6386 4.7080 0.0102
4.7158 4.6386 4.7080 0.0102
4.7158 4.6386 4.7080 0.0102
4.7158 4.6386 4.7081 0.0102
4.7158 4.6386 4.7081 0.0102
4.7158 4.6386 4.7081 0.0102
4.7158 4.6386 4.7081 0.0102
4.7158 4.6386 4.7081 0.0102
4.7158 4.6386 4.7081 0.0102
4.7158 4.6386 4.7081 0.0102
4.7158 4.6386 4.7081 0.0102
4.7158 4.6386 4.7081 0.0102
4.7158 4.6386 4.7081 0.0102
4.7158 4.6386 4.7081 0.0102
4.7158 4.6386 4.7081 0.0102
4.7158 4.6386 4.7081 0.0102
4.7158 4.6386 4.7081 0.0102
4.7158 4.6386 4.7082 0.0102
4.7158 4.6386 4.7082 0.0102
4.7158 4.6386 4.7082 0.0102
4.7158 4.6386 4.7082 0.0102
4.7158 4.6386 4.7082 0.0102
4.7158 4.6386 4.7082 0.0102
4.7158 4.6386 4.7082 0.0102
4.7158 4.6386 4.7082 0.0102
4.7158 4.6386 4.7082 0.0102
4.7158 4.6386 4.7083 0.0103
4.7158 4.6386 4.7083 0.0103
4.7158 4.6386 4.7083 0.0103
4.7158 4.6386 4.7083 0.0103
4.7158 4.6386 4.7083 0.0103
4.7158 4.6386 4.7083 0.0103
4.7158 4.6386 4.7083 0.0103
4.7158 4.6386 4.7083 0.0103
4.7158 4.6386 4.7084 0.0103
4.7158 4.6386 4.7084 0.0103
4.7158 4.6491 4.7091 0.0075
4.7158 4.6491 4.7091 0.0075
4.7158 4.6491 4.7091 0.0075
4.7158 4.6491 4.7091 0.0075
4.7158 4.6491 4.7091 0.0075
4.7158 4.6491 4.7091 0.0075
4.7158 4.6491 4.7092 0.0075
4.7158 4.6491 4.7092 0.0075
4.7158 4.6491 4.7092 0.0075
4.7158 4.6491 4.7092 0.0075
4.7158 4.6491 4.7092 0.0075
4.7158 4.6491 4.7092 0.0075
4.7158 4.6491 4.7093 0.0075
4.7158 4.6491 4.7093 0.0075
4.7158 4.6491 4.7093 0.0075
4.7158 4.6491 4.7093 0.0075
4.7158 4.6491 4.7093 0.0075
4.7158 4.6491 4.7093 0.0075
4.7158 4.6491 4.7093 0.0075
4.7158 4.6491 4.7093 0.0075
4.7158 4.6491 4.7093 0.0075
4.7158 4.6491 4.7093 0.0075
4.7158 4.6491 4.7093 0.0075
4.7158 4.6491 4.7093 0.0075
4.7158 4.6491 4.7093 0.0075
4.7158 4.6491 4.7093 0.0075
4.7158 4.6491 4.7093 0.0075
4.7158 4.6491 4.7093 0.0075
4.7158 4.6491 4.7093 0.0075
4.7158 4.6491 4.7093 0.0075
4.7158 4.6491 4.7093 0.0076
4.7158 4.6491 4.7093 0.0076
4.7158 4.6491 4.7093 0.0076
4.7158 4.6491 4.7093 0.0076
4.7158 4.6491 4.7093 0.0076
4.7158 4.6491 4.7093 0.0076
4.7158 4.6491 4.7093 0.0075
4.7158 4.6491 4.7095 0.0074
4.7158 4.6517 4.7095 0.0072
4.7158 4.6517 4.7095 0.0072
4.7158 4.6517 4.7095 0.0072
4.7158 4.6517 4.7095 0.0072
4.7158 4.6517 4.7096 0.0072
4.7158 4.6517 4.7096 0.0072
4.7158 4.6517 4.7096 0.0072
4.7158 4.6517 4.7096 0.0072
4.7158 4.6517 4.7096 0.0072
4.7158 4.6517 4.7098 0.0069
4.7158 4.6517 4.7098 0.0069
4.7158 4.6517 4.7098 0.0069
4.7158 4.6517 4.7098 0.0069
4.7158 4.6517 4.7098 0.0069
4.7158 4.6517 4.7098 0.0069
4.7158 4.6517 4.7098 0.0069
4.7158 4.6517 4.7098 0.0069
4.7158 4.6517 4.7098 0.0069
4.7158 4.6517 4.7098 0.0069
4.7158 4.6517 4.7098 0.0069
4.7158 4.6517 4.7098 0.0069
4.7158 4.6517 4.7098 0.0069
4.7158 4.6517 4.7098 0.0069
4.7158 4.6517 4.7098 0.0069
4.7158 4.6517 4.7099 0.0069
4.7158 4.6517 4.7099 0.0069
4.7210 4.6517 4.7099 0.0070
4.7210 4.6517 4.7099 0.0070
4.7210 4.6517 4.7099 0.0070
4.7210 4.6517 4.7099 0.0070
4.7210 4.6517 4.7099 0.0070
4.7210 4.6517 4.7099 0.0070
4.7210 4.6517 4.7099 0.0070
4.7210 4.6517 4.7099 0.0070
4.7210 4.6517 4.7100 0.0070
4.7210 4.6517 4.7100 0.0070
4.7210 4.6517 4.7100 0.0070
4.7210 4.6517 4.7100 0.0070
4.7210 4.6517 4.7100 0.0070
4.7210 4.6517 4.7100 0.0070
4.7210 4.6517 4.7100 0.0070
4.7210 4.6517 4.7100 0.0070
4.7210 4.6517 4.7100 0.0070
4.7210 4.6517 4.7100 0.0070
4.7210 4.6517 4.7101 0.0070
4.7210 4.6517 4.7101 0.0070
4.7210 4.6517 4.7101 0.0070
4.7210 4.6517 4.7102 0.0070
4.7210 4.6517 4.7102 0.0070
4.7210 4.6517 4.7102 0.0070
4.7210 4.6517 4.7102 0.0070
4.7210 4.6517 4.7102 0.0070
4.7210 4.6517 4.7103 0.0070
4.7210 4.6517 4.7103 0.0070
4.7210 4.6517 4.7103 0.0069
4.7210 4.6517 4.7103 0.0069
4.7210 4.6517 4.7103 0.0069
4.7210 4.6517 4.7103 0.0069
4.7210 4.6517 4.7103 0.0069
4.7210 4.6517 4.7103 0.0069
4.7210 4.6517 4.7103 0.0069
4.7210 4.6517 4.7103 0.0069
4.7210 4.6517 4.7103 0.0069
4.7210 4.6517 4.7103 0.0069
4.7210 4.6517 4.7103 0.0069
4.7210 4.6517 4.7103 0.0069
4.7210 4.6517 4.7103 0.0069
4.7210 4.6517 4.7104 0.0069
4.7210 4.6517 4.7104 0.0069
4.7210 4.6517 4.7104 0.0069
4.7210 4.6517 4.7104 0.0069
4.7210 4.6517 4.7104 0.0069
4.7210 4.6517 4.7104 0.0069
4.7210 4.6517 4.7104 0.0069
4.7210 4.6517 4.7104 0.0069
4.7210 4.6517 4.7104 0.0069
4.7210 4.6517 4.7104 0.0069
4.7210 4.6517 4.7104 0.0069
4.7210 4.6517 4.7104 0.0069
4.7210 4.6517 4.7104 0.0069
4.7210 4.6517 4.7104 0.0070
4.7210 4.6517 4.7104 0.0070
4.7210 4.6517 4.7104 0.0070
4.7210 4.6517 4.7105 0.0070
4.7210 4.6517 4.7105 0.0069
4.7210 4.6517 4.7105 0.0069
4.7210 4.6517 4.7105 0.0069
4.7210 4.6517 4.7106 0.0069
4.7210 4.6517 4.7106 0.0069
4.7279 4.6517 4.7107 0.0072
4.7279 4.6517 4.7107 0.0072
4.7279 4.6517 4.7107 0.0072
4.7279 4.6517 4.7107 0.0072
4.7279 4.6517 4.7107 0.0072
4.7279 4.6517 4.7108 0.0072
4.7279 4.6517 4.7108 0.0072
4.7279 4.6517 4.7108 0.0072
4.7279 4.6517 4.7108 0.0072
4.7279 4.6517 4.7108 0.0072
4.7279 4.6517 4.7108 0.0072
4.7279 4.6517 4.7108 0.0072
4.7279 4.6517 4.7108 0.0072
4.7287 4.6517 4.7110 0.0074
4.7287 4.6517 4.7110 0.0074
4.7287 4.6517 4.7110 0.0074
4.7287 4.6517 4.7110 0.0074
4.7287 4.6517 4.7110 0.0074
4.7287 4.6517 4.7110 0.0074
4.7287 4.6517 4.7110 0.0074
4.7287 4.6517 4.7111 0.0074
4.7287 4.6517 4.7111 0.0074
4.7287 4.6517 4.7112 0.0073
4.7287 4.6517 4.7112 0.0073
4.7287 4.6517 4.7112 0.0073
4.7287 4.6517 4.7112 0.0073
4.7287 4.6517 4.7112 0.0073
4.7287 4.6517 4.7112 0.0073
4.7287 4.6517 4.7112 0.0073
4.7287 4.6517 4.7113 0.0072
4.7287 4.6517 4.7113 0.0072
4.7287 4.6517 4.7113 0.0072
4.7287 4.6517 4.7113 0.0072
4.7287 4.6517 4.7113 0.0072
4.7287 4.6517 4.7113 0.0072
4.7287 4.6517 4.7113 0.0072
4.7287 4.6517 4.7113 0.0072
4.7287 4.6517 4.7113 0.0072
4.7287 4.6517 4.7113 0.0072
4.7287 4.6517 4.7113 0.0072
4.7287 4.6517 4.7113 0.0072
4.7287 4.6517 4.7113 0.0072
4.7287 4.6517 4.7114 0.0072
4.7287 4.6517 4.7114 0.0072
4.7287 4.6517 4.7114 0.0072
4.7287 4.6517 4.7114 0.0072
4.7287 4.6517 4.7114 0.0072
4.7287 4.6517 4.7115 0.0073
4.7287 4.6517 4.7115 0.0073
4.7287 4.6517 4.7115 0.0073
4.7287 4.6517 4.7115 0.0073
4.7287 4.6517 4.7115 0.0073
4.7287 4.6517 4.7115 0.0073
4.7287 4.6517 4.7115 0.0073
4.7303 4.6517 4.7117 0.0075
4.7303 4.6517 4.7117 0.0075
4.7303 4.6517 4.7117 0.0075
4.7303 4.6517 4.7117 0.0075
4.7303 4.6517 4.7118 0.0075
4.7303 4.6517 4.7118 0.0075
4.7303 4.6517 4.7118 0.0075
4.7303 4.6517 4.7118 0.0075
4.7303 4.6517 4.7118 0.0075
4.7303 4.6517 4.7119 0.0075
4.7303 4.6517 4.7119 0.0075
4.7303 4.6517 4.7119 0.0075
4.7303 4.6517 4.7120 0.0075
4.7303 4.6517 4.7120 0.0076
4.7303 4.6517 4.7122 0.0078
4.7303 4.6517 4.7124 0.0080
4.7303 4.6517 4.7124 0.0080
4.7303 4.6517 4.7124 0.0080
4.7303 4.6517 4.7124 0.0080
4.7303 4.6517 4.7124 0.0080
4.7303 4.6517 4.7125 0.0080
4.7303 4.6517 4.7125 0.0080
4.7303 4.6517 4.7125 0.0080
4.7303 4.6517 4.7126 0.0080
4.7303 4.6517 4.7126 0.0080
4.7303 4.6517 4.7126 0.0080
4.7303 4.6517 4.7126 0.0080
4.7303 4.6517 4.7126 0.0080
4.7303 4.6517 4.7126 0.0080
4.7303 4.6517 4.7126 0.0080
4.7303 4.6517 4.7126 0.0080
4.7303 4.6517 4.7126 0.0080
4.7303 4.6517 4.7126 0.0080
4.7303 4.6517 4.7126 0.0080
4.7303 4.6517 4.7127 0.0080
4.7303 4.6517 4.7127 0.0080
4.7303 4.6517 4.7127 0.0080
4.7303 4.6517 4.7127 0.0080
4.7323 4.6517 4.7129 0.0082
4.7323 4.6517 4.7129 0.0082
4.7323 4.6517 4.7129 0.0082
4.7323 4.6517 4.7129 0.0082
4.7323 4.6517 4.7130 0.0084
4.7323 4.6517 4.7130 0.0084
4.7323 4.6517 4.7130 0.0084
4.7323 4.6517 4.7130 0.0084
4.7323 4.6517 4.7130 0.0084
4.7323 4.6517 4.7132 0.0085
4.7323 4.6517 4.7132 0.0085
4.7323 4.6517 4.7132 0.0085
4.7323 4.6517 4.7132 0.0085
4.7323 4.6517 4.7132 0.0085
4.7323 4.6517 4.7133 0.0087
4.7323 4.6517 4.7135 0.0089
4.7323 4.6517 4.7135 0.0089
4.7323 4.6517 4.7135 0.0089
4.7323 4.6517 4.7135 0.0089
4.7323 4.6517 4.7135 0.0089
4.7323 4.6517 4.7135 0.0089
4.7323 4.6517 4.7135 0.0089
4.7323 4.6517 4.7136 0.0089
4.7323 4.6517 4.7136 0.0089
4.7323 4.6517 4.7136 0.0089
4.7323 4.6517 4.7136 0.0089
4.7323 4.6517 4.7136 0.0089
4.7323 4.6517 4.7137 0.0089
4.7323 4.6517 4.7137 0.0089
4.7323 4.6517 4.7137 0.0089
4.7323 4.6517 4.7137 0.0089
4.7323 4.6517 4.7137 0.0089
4.7323 4.6517 4.7137 0.0089
4.7323 4.6517 4.7137 0.0089
4.7323 4.6517 4.7138 0.0089
4.7323 4.6517 4.7138 0.0089
4.7323 4.6517 4.7138 0.0089
4.7323 4.6517 4.7138 0.0089
4.7323 4.6517 4.7138 0.0089
4.7323 4.6517 4.7138 0.0089
4.7323 4.6517 4.7138 0.0089
4.7323 4.6517 4.7138 0.0089
4.7323 4.6517 4.7138 0.0088
4.7323 4.6517 4.7138 0.0088
4.7323 4.6517 4.7138 0.0088
4.7323 4.6517 4.7140 0.0090
4.7323 4.6517 4.7140 0.0090
4.7323 4.6517 4.7140 0.0090
4.7323 4.6517 4.7140 0.0090
4.7323 4.6517 4.7140 0.0090
4.7323 4.6517 4.7140 0.0090
4.7323 4.6517 4.7140 0.0090
4.7323 4.6517 4.7140 0.0090
4.7323 4.6517 4.7140 0.0090
4.7323 4.6517 4.7140 0.0090
4.7323 4.6517 4.7142 0.0091
4.7323 4.6517 4.7142 0.0091
4.7323 4.6517 4.7142 0.0091
4.7323 4.6517 4.7142 0.0091
4.7323 4.6517 4.7142 0.0091
4.7323 4.6517 4.7142 0.0091
4.7323 4.6517 4.7142 0.0091
4.7323 4.6517 4.7143 0.0092
4.7323 4.6517 4.7143 0.0092
4.7323 4.6517 4.7143 0.0092
4.7323 4.6517 4.7143 0.0092
4.7323 4.6517 4.7143 0.0092
4.7323 4.6517 4.7143 0.0092
4.7323 4.6517 4.7143 0.0092
4.7323 4.6517 4.7143 0.0092
4.7323 4.6517 4.7143 0.0092
4.7323 4.6517 4.7143 0.0092
4.7323 4.6517 4.7143 0.0092
4.7323 4.6517 4.7144 0.0092
4.7323 4.6517 4.7144 0.0092
4.7323 4.6517 4.7144 0.0092
4.7323 4.6517 4.7144 0.0092
4.7323 4.6517 4.7144 0.0092
4.7323 4.6517 4.7144 0.0092
4.7323 4.6517 4.7145 0.0092
4.7323 4.6517 4.7146 0.0093
4.7323 4.6517 4.7146 0.0093
4.7323 4.6517 4.7146 0.0093
4.7323 4.6517 4.7146 0.0093
4.7323 4.6517 4.7146 0.0093
4.7323 4.6517 4.7146 0.0093
4.7323 4.6517 4.7146 0.0093
4.7323 4.6517 4.7147 0.0094
4.7323 4.6517 4.7148 0.0094
4.7323 4.6517 4.7149 0.0094
4.7323 4.6517 4.7150 0.0094
4.7323 4.6517 4.7150 0.0094
4.7323 4.6517 4.7150 0.0094
4.7323 4.6517 4.7150 0.0094
4.7323 4.6517 4.7150 0.0094
4.7323 4.6517 4.7151 0.0094
4.7323 4.6517 4.7151 0.0094
4.7323 4.6517 4.7151 0.0094
4.7323 4.6517 4.7151 0.0094
4.7323 4.6517 4.7151 0.0094
4.7323 4.6517 4.7152 0.0094
4.7323 4.6517 4.7153 0.0094
4.7323 4.6517 4.7155 0.0095
4.7323 4.6517 4.7155 0.0095
4.7323 4.6517 4.7155 0.0095
4.7323 4.6517 4.7157 0.0096
4.7323 4.6517 4.7157 0.0096
4.7323 4.6517 4.7157 0.0096
4.7323 4.6517 4.7157 0.0096
4.7323 4.6517 4.7158 0.0096
4.7323 4.6517 4.7158 0.0096
4.7323 4.6517 4.7158 0.0096
4.7323 4.6517 4.7158 0.0096
4.7323 4.6517 4.7158 0.0096
4.7323 4.6517 4.7158 0.0096
4.7323 4.6517 4.7158 0.0096
4.7323 4.6517 4.7158 0.0096
4.7323 4.6517 4.7158 0.0096
4.7323 4.6517 4.7158 0.0096
4.7323 4.6517 4.7158 0.0096
4.7323 4.6517 4.7158 0.0096
4.7323 4.6517 4.7159 0.0097
4.7323 4.6517 4.7160 0.0097
4.7323 4.6517 4.7161 0.0098
4.7323 4.6517 4.7161 0.0098
4.7323 4.6517 4.7161 0.0098
4.7323 4.6517 4.7161 0.0098
4.7323 4.6517 4.7162 0.0098
4.7323 4.6517 4.7163 0.0097
4.7323 4.6517 4.7163 0.0097
4.7323 4.6517 4.7163 0.0097
4.7323 4.6517 4.7163 0.0097
4.7323 4.6517 4.7163 0.0097
4.7323 4.6517 4.7163 0.0097
4.7323 4.6517 4.7164 0.0097
4.7323 4.6517 4.7164 0.0097
4.7323 4.6517 4.7166 0.0098
4.7323 4.6517 4.7167 0.0098
4.7323 4.6517 4.7167 0.0098
4.7323 4.6517 4.7169 0.0099
4.7323 4.6517 4.7169 0.0099
4.7323 4.6517 4.7169 0.0099
4.7323 4.6517 4.7169 0.0099
4.7323 4.6517 4.7169 0.0099
4.7323 4.6517 4.7169 0.0099
4.7323 4.6517 4.7170 0.0099
4.7323 4.6517 4.7170 0.0099
4.7323 4.6517 4.7172 0.0095
4.7323 4.6517 4.7172 0.0095
4.7323 4.6517 4.7172 0.0095
4.7323 4.6517 4.7173 0.0095
4.7323 4.6517 4.7173 0.0095
4.7323 4.6517 4.7173 0.0095
4.7323 4.6517 4.7173 0.0095
4.7323 4.6517 4.7174 0.0095
4.7323 4.6517 4.7174 0.0095
4.7323 4.6517 4.7174 0.0095
4.7323 4.6517 4.7174 0.0095
4.7323 4.6517 4.7176 0.0096
4.7323 4.6517 4.7176 0.0096
4.7323 4.6517 4.7177 0.0097
4.7323 4.6517 4.7178 0.0097
4.7323 4.6517 4.7179 0.0097
4.7323 4.6517 4.7180 0.0098
4.7323 4.6517 4.7180 0.0097
4.7323 4.6517 4.7180 0.0097
4.7323 4.6517 4.7180 0.0097
4.7323 4.6517 4.7181 0.0098
4.7323 4.6517 4.7183 0.0098
4.7323 4.6517 4.7183 0.0098
4.7323 4.6517 4.7183 0.0098
4.7323 4.6517 4.7183 0.0098
4.7323 4.6517 4.7185 0.0099
4.7323 4.6517 4.7185 0.0099
4.7323 4.6517 4.7185 0.0099
4.7323 4.6517 4.7185 0.0099
4.7323 4.6517 4.7187 0.0099
4.7323 4.6517 4.7187 0.0100
4.7323 4.6517 4.7187 0.0100
4.7323 4.6517 4.7187 0.0099
4.7323 4.6517 4.7187 0.0100
4.7323 4.6517 4.7187 0.0100
4.7323 4.6517 4.7189 0.0100
4.7323 4.6517 4.7189 0.0100
4.7323 4.6517 4.7189 0.0100
4.7323 4.6517 4.7190 0.0101
4.7323 4.6517 4.7191 0.0101
4.7323 4.6517 4.7191 0.0101
4.7323 4.6517 4.7191 0.0101
4.7323 4.6517 4.7193 0.0101
4.7323 4.6517 4.7193 0.0101
4.7323 4.6517 4.7193 0.0101
4.7323 4.6517 4.7193 0.0101
4.7323 4.6517 4.7193 0.0101
4.7323 4.6517 4.7193 0.0101
4.7323 4.6517 4.7193 0.0101
4.7323 4.6517 4.7193 0.0101
4.7323 4.6517 4.7193 0.0101
4.7323 4.6517 4.7193 0.0101
4.7323 4.6517 4.7195 0.0101
4.7323 4.6517 4.7195 0.0101
4.7323 4.6517 4.7195 0.0101
4.7323 4.6517 4.7195 0.0101
4.7323 4.6517 4.7196 0.0101
4.7323 4.6517 4.7196 0.0102
4.7323 4.6517 4.7196 0.0102
4.7323 4.6517 4.7198 0.0102
4.7323 4.6517 4.7198 0.0102
4.7323 4.6517 4.7199 0.0103
4.7323 4.6517 4.7199 0.0103
4.7323 4.6517 4.7200 0.0103
4.7323 4.6517 4.7201 0.0103
4.7323 4.6517 4.7202 0.0103
4.7323 4.6517 4.7202 0.0103
4.7323 4.6517 4.7202 0.0103
4.7323 4.6517 4.7202 0.0103
4.7323 4.6517 4.7202 0.0103
4.7323 4.6517 4.7202 0.0103
4.7323 4.6517 4.7203 0.0103
4.7323 4.6517 4.7204 0.0103
4.7323 4.6517 4.7204 0.0103
4.7323 4.6517 4.7204 0.0103
4.7323 4.6517 4.7204 0.0103
4.7323 4.6517 4.7204 0.0103
4.7323 4.6517 4.7204 0.0103
4.7323 4.6517 4.7205 0.0103
4.7323 4.6517 4.7205 0.0103
4.7323 4.6517 4.7205 0.0103
4.7323 4.6517 4.7207 0.0103
4.7323 4.6517 4.7207 0.0103
4.7323 4.6517 4.7207 0.0103
4.7323 4.6517 4.7207 0.0103
4.7323 4.6517 4.7207 0.0103
4.7323 4.6517 4.7207 0.0103
4.7323 4.6517 4.7207 0.0103
4.7323 4.6517 4.7207 0.0103
4.7323 4.6517 4.7207 0.0103
4.7323 4.6517 4.7207 0.0103
4.7323 4.6517 4.7207 0.0103
4.7323 4.6517 4.7207 0.0104
4.7323 4.6517 4.7209 0.0104
4.7323 4.6517 4.7209 0.0104
4.7323 4.6517 4.7209 0.0104
4.7323 4.6517 4.7210 0.0104
4.7323 4.6517 4.7210 0.0104
4.7323 4.6517 4.7210 0.0104
4.7323 4.6517 4.7211 0.0104
4.7323 4.6517 4.7213 0.0104
4.7323 4.6517 4.7213 0.0104
4.7323 4.6517 4.7213 0.0104
4.7323 4.6517 4.7213 0.0104
4.7323 4.6517 4.7213 0.0104
4.7323 4.6517 4.7213 0.0104
4.7323 4.6517 4.7213 0.0104
4.7323 4.6517 4.7215 0.0104
4.7323 4.6517 4.7215 0.0104
4.7323 4.6517 4.7215 0.0104
4.7323 4.6517 4.7215 0.0104
4.7323 4.6517 4.7215 0.0104
4.7323 4.6517 4.7215 0.0104
4.7323 4.6517 4.7215 0.0103
4.7323 4.6517 4.7215 0.0104
4.7323 4.6517 4.7215 0.0104
4.7323 4.6517 4.7217 0.0103
4.7323 4.6517 4.7217 0.0103
4.7323 4.6517 4.7218 0.0103
4.7323 4.6517 4.7218 0.0103
4.7323 4.7060 4.7224 0.0076
4.7323 4.7060 4.7224 0.0076
4.7323 4.7060 4.7224 0.0076
4.7323 4.7060 4.7224 0.0076
4.7323 4.7060 4.7224 0.0076
4.7323 4.7060 4.7224 0.0076
4.7323 4.7060 4.7225 0.0076
4.7323 4.7060 4.7226 0.0076
4.7323 4.7060 4.7226 0.0076
4.7323 4.7060 4.7226 0.0076
4.7323 4.7060 4.7226 0.0076
4.7323 4.7060 4.7226 0.0076
4.7323 4.7060 4.7226 0.0076
4.7323 4.7060 4.7226 0.0076
4.7323 4.7060 4.7226 0.0076
4.7323 4.7060 4.7226 0.0076
4.7323 4.7060 4.7226 0.0076
4.7323 4.7060 4.7226 0.0076
4.7323 4.7060 4.7226 0.0076
4.7323 4.7060 4.7228 0.0076
4.7323 4.7060 4.7228 0.0076
4.7323 4.7060 4.7228 0.0076
4.7323 4.7060 4.7228 0.0076
4.7323 4.7060 4.7228 0.0076
4.7323 4.7060 4.7230 0.0076
4.7323 4.7060 4.7230 0.0076
4.7323 4.7060 4.7230 0.0076
4.7323 4.7060 4.7230 0.0076
4.7323 4.7060 4.7231 0.0076
4.7323 4.7060 4.7232 0.0076
4.7323 4.7060 4.7232 0.0076
4.7323 4.7060 4.7232 0.0076
4.7323 4.7060 4.7232 0.0076
4.7323 4.7060 4.7232 0.0076
4.7323 4.7060 4.7232 0.0076
4.7323 4.7060 4.7232 0.0076
4.7323 4.7060 4.7232 0.0076
4.7323 4.7060 4.7232 0.0076
4.7323 4.7060 4.7232 0.0076
4.7323 4.7060 4.7232 0.0076
4.7323 4.7060 4.7233 0.0076
4.7323 4.7060 4.7233 0.0076
4.7323 4.7060 4.7234 0.0076
4.7323 4.7060 4.7234 0.0075
4.7323 4.7060 4.7235 0.0075
4.7323 4.7060 4.7235 0.0075
4.7323 4.7060 4.7235 0.0075
4.7323 4.7060 4.7236 0.0075
4.7323 4.7060 4.7236 0.0075
4.7323 4.7060 4.7236 0.0075
4.7323 4.7060 4.7236 0.0075
4.7323 4.7060 4.7236 0.0075
4.7323 4.7060 4.7236 0.0075
4.7323 4.7060 4.7237 0.0075
4.7323 4.7060 4.7238 0.0075
4.7323 4.7060 4.7238 0.0075
4.7323 4.7060 4.7238 0.0075
4.7323 4.7060 4.7238 0.0075
4.7323 4.7060 4.7238 0.0075
4.7323 4.7060 4.7240 0.0075
4.7323 4.7060 4.7241 0.0074
4.7323 4.7060 4.7242 0.0075
4.7323 4.7060 4.7242 0.0075
4.7323 4.7060 4.7242 0.0075
4.7335 4.7060 4.7242 0.0075
4.7335 4.7060 4.7242 0.0075
4.7335 4.7060 4.7243 0.0075
4.7335 4.7060 4.7243 0.0075
4.7335 4.7060 4.7244 0.0074
4.7335 4.7060 4.7245 0.0074
4.7335 4.7060 4.7245 0.0074
4.7335 4.7060 4.7245 0.0074
4.7335 4.7060 4.7245 0.0074
4.7335 4.7060 4.7245 0.0074
4.7335 4.7060 4.7245 0.0074
4.7335 4.7060 4.7246 0.0074
4.7335 4.7060 4.7246 0.0074
4.7335 4.7060 4.7246 0.0074
4.7335 4.7060 4.7246 0.0074
4.7335 4.7060 4.7246 0.0074
4.7335 4.7060 4.7248 0.0073
4.7335 4.7060 4.7248 0.0073
4.7335 4.7060 4.7248 0.0073
4.7335 4.7060 4.7248 0.0073
4.7335 4.7060 4.7249 0.0072
4.7335 4.7060 4.7251 0.0071
4.7335 4.7060 4.7252 0.0071
4.7335 4.7060 4.7252 0.0071
4.7335 4.7060 4.7253 0.0070
4.7335 4.7060 4.7253 0.0070
4.7335 4.7060 4.7253 0.0070
4.7335 4.7060 4.7253 0.0070
4.7335 4.7060 4.7254 0.0070
4.7335 4.7060 4.7254 0.0070
4.7335 4.7060 4.7254 0.0070
4.7335 4.7060 4.7254 0.0070
4.7335 4.7060 4.7254 0.0070
4.7335 4.7060 4.7255 0.0070
4.7335 4.7060 4.7255 0.0070
4.7335 4.7060 4.7255 0.0070
4.7335 4.7060 4.7255 0.0070
4.7335 4.7060 4.7257 0.0069
4.7335 4.7060 4.7257 0.0069
4.7335 4.7060 4.7258 0.0069
4.7335 4.7060 4.7258 0.0069
4.7335 4.7060 4.7258 0.0069
4.7335 4.7060 4.7258 0.0069
4.7335 4.7060 4.7258 0.0069
4.7335 4.7060 4.7258 0.0069
4.7335 4.7060 4.7258 0.0069
4.7335 4.7060 4.7260 0.0068
4.7335 4.7060 4.7260 0.0068
4.7335 4.7060 4.7260 0.0068
4.7335 4.7060 4.7260 0.0068
4.7335 4.7060 4.7260 0.0068
4.7335 4.7060 4.7260 0.0068
4.7335 4.7060 4.7260 0.0068
4.7335 4.7060 4.7260 0.0068
4.7335 4.7060 4.7260 0.0068
4.7335 4.7060 4.7260 0.0068
4.7335 4.7060 4.7260 0.0069
4.7335 4.7060 4.7260 0.0069
4.7335 4.7060 4.7260 0.0069
4.7335 4.7060 4.7261 0.0068
4.7335 4.7060 4.7261 0.0068
4.7335 4.7060 4.7261 0.0068
4.7335 4.7060 4.7261 0.0068
4.7335 4.7060 4.7261 0.0068
4.7335 4.7060 4.7261 0.0068
4.7335 4.7060 4.7263 0.0067
4.7335 4.7060 4.7263 0.0067
4.7335 4.7060 4.7263 0.0067
4.7335 4.7060 4.7263 0.0067
4.7335 4.7060 4.7263 0.0067
4.7335 4.7061 4.7263 0.0067
4.7335 4.7061 4.7263 0.0067
4.7335 4.7061 4.7263 0.0067
4.7335 4.7061 4.7263 0.0067
4.7335 4.7061 4.7263 0.0067
4.7335 4.7061 4.7263 0.0067
4.7335 4.7061 4.7263 0.0068
4.7335 4.7061 4.7263 0.0068
4.7335 4.7061 4.7263 0.0068
4.7335 4.7061 4.7263 0.0068
4.7335 4.7061 4.7263 0.0068
4.7335 4.7061 4.7263 0.0068
4.7335 4.7061 4.7263 0.0068
4.7335 4.7061 4.7263 0.0068
4.7335 4.7061 4.7263 0.0068
4.7335 4.7061 4.7263 0.0068
4.7335 4.7061 4.7263 0.0068
4.7335 4.7061 4.7263 0.0067
4.7335 4.7061 4.7263 0.0067
4.7335 4.7061 4.7263 0.0067
4.7335 4.7061 4.7263 0.0067
4.7335 4.7061 4.7263 0.0067
4.7335 4.7061 4.7265 0.0067
4.7335 4.7061 4.7265 0.0067
4.7335 4.7061 4.7265 0.0067
4.7335 4.7061 4.7265 0.0067
4.7335 4.7061 4.7265 0.0067
4.7335 4.7061 4.7265 0.0067
4.7335 4.7061 4.7265 0.0067
4.7335 4.7061 4.7265 0.0067
4.7335 4.7061 4.7265 0.0067
4.7335 4.7061 4.7265 0.0067
4.7335 4.7061 4.7267 0.0066
4.7335 4.7061 4.7267 0.0066
4.7335 4.7061 4.7268 0.0066
4.7335 4.7061 4.7268 0.0066
4.7335 4.7061 4.7268 0.0066
4.7335 4.7061 4.7268 0.0066
4.7335 4.7061 4.7269 0.0065
4.7335 4.7061 4.7269 0.0065
4.7335 4.7061 4.7269 0.0065
4.7335 4.7061 4.7269 0.0065
4.7335 4.7061 4.7270 0.0064
4.7335 4.7061 4.7270 0.0064
4.7335 4.7061 4.7270 0.0064
4.7335 4.7061 4.7270 0.0064
4.7335 4.7061 4.7270 0.0064
4.7335 4.7061 4.7270 0.0064
4.7335 4.7061 4.7272 0.0063
4.7335 4.7061 4.7272 0.0063
4.7335 4.7061 4.7272 0.0063
4.7335 4.7061 4.7272 0.0063
4.7335 4.7061 4.7272 0.0063
4.7335 4.7061 4.7274 0.0062
4.7335 4.7061 4.7275 0.0060
4.7335 4.7061 4.7275 0.0060
4.7335 4.7061 4.7275 0.0060
4.7335 4.7061 4.7277 0.0059
4.7335 4.7061 4.7277 0.0059
4.7335 4.7061 4.7277 0.0059
4.7335 4.7061 4.7277 0.0059
4.7335 4.7061 4.7278 0.0059
4.7335 4.7061 4.7278 0.0059
4.7335 4.7061 4.7278 0.0059
4.7335 4.7061 4.7278 0.0059
4.7335 4.7061 4.7278 0.0059
4.7335 4.7061 4.7278 0.0059
4.7335 4.7061 4.7278 0.0059
4.7335 4.7061 4.7278 0.0059
4.7335 4.7061 4.7278 0.0059
4.7335 4.7061 4.7280 0.0057
4.7335 4.7061 4.7280 0.0057
4.7335 4.7061 4.7280 0.0057
4.7335 4.7061 4.7280 0.0057
4.7335 4.7061 4.7280 0.0057
4.7335 4.7061 4.7280 0.0057
4.7335 4.7061 4.7281 0.0056
4.7335 4.7061 4.7281 0.0056
4.7335 4.7061 4.7282 0.0056
4.7335 4.7061 4.7282 0.0056
4.7335 4.7061 4.7283 0.0056
4.7335 4.7061 4.7283 0.0056
4.7335 4.7061 4.7283 0.0055
4.7335 4.7061 4.7283 0.0055
4.7335 4.7061 4.7283 0.0055
4.7335 4.7061 4.7283 0.0055
4.7335 4.7061 4.7284 0.0055
4.7335 4.7061 4.7284 0.0055
4.7335 4.7061 4.7284 0.0055
4.7335 4.7061 4.7285 0.0054
4.7335 4.7061 4.7285 0.0054
4.7335 4.7061 4.7285 0.0054
4.7335 4.7061 4.7285 0.0054
4.7335 4.7061 4.7285 0.0054
4.7335 4.7061 4.7285 0.0054
4.7335 4.7061 4.7285 0.0054
4.7335 4.7061 4.7286 0.0054
4.7335 4.7061 4.7286 0.0054
4.7335 4.7061 4.7286 0.0054
4.7335 4.7061 4.7286 0.0054
4.7335 4.7061 4.7286 0.0054
4.7335 4.7061 4.7286 0.0054
4.7335 4.7061 4.7286 0.0054
4.7335 4.7061 4.7287 0.0054
4.7335 4.7061 4.7287 0.0054
4.7335 4.7061 4.7288 0.0054
4.7335 4.7061 4.7289 0.0051
4.7335 4.7061 4.7289 0.0051
4.7335 4.7061 4.7289 0.0051
4.7335 4.7061 4.7289 0.0051
4.7335 4.7061 4.7290 0.0051
4.7335 4.7061 4.7290 0.0051
4.7335 4.7061 4.7290 0.0051
4.7335 4.7061 4.7290 0.0051
4.7335 4.7061 4.7290 0.0051
4.7335 4.7061 4.7292 0.0049
4.7335 4.7061 4.7292 0.0049
4.7335 4.7061 4.7292 0.0049
4.7335 4.7061 4.7292 0.0049
4.7335 4.7061 4.7292 0.0049
4.7335 4.7061 4.7292 0.0049
4.7335 4.7061 4.7292 0.0049
4.7335 4.7061 4.7292 0.0049
4.7335 4.7061 4.7292 0.0049
4.7335 4.7061 4.7292 0.0050
4.7335 4.7061 4.7292 0.0050
4.7335 4.7061 4.7292 0.0050
4.7335 4.7061 4.7292 0.0050
4.7335 4.7061 4.7292 0.0050
4.7335 4.7061 4.7292 0.0050
4.7335 4.7061 4.7292 0.0050
4.7335 4.7061 4.7295 0.0044
4.7335 4.7061 4.7296 0.0042
4.7335 4.7061 4.7296 0.0042
4.7335 4.7061 4.7296 0.0042
4.7335 4.7061 4.7296 0.0042
4.7335 4.7061 4.7296 0.0042
4.7335 4.7061 4.7296 0.0042
4.7335 4.7061 4.7296 0.0042
4.7335 4.7061 4.7296 0.0042
4.7335 4.7061 4.7296 0.0042
4.7335 4.7061 4.7296 0.0042
4.7335 4.7061 4.7296 0.0042
4.7335 4.7061 4.7296 0.0042
4.7335 4.7061 4.7296 0.0042
4.7335 4.7061 4.7296 0.0042
4.7335 4.7061 4.7296 0.0042
4.7335 4.7061 4.7296 0.0042
4.7335 4.7061 4.7296 0.0042
4.7335 4.7061 4.7296 0.0042
4.7335 4.7061 4.7296 0.0042
4.7335 4.7061 4.7296 0.0042
4.7335 4.7061 4.7296 0.0042
4.7335 4.7061 4.7296 0.0042
4.7335 4.7061 4.7296 0.0042
4.7335 4.7061 4.7296 0.0042
4.7335 4.7061 4.7297 0.0042
4.7335 4.7061 4.7297 0.0042
4.7335 4.7061 4.7297 0.0042
4.7335 4.7061 4.7297 0.0042
4.7335 4.7061 4.7297 0.0042
4.7335 4.7061 4.7297 0.0042
4.7335 4.7061 4.7297 0.0042
4.7335 4.7061 4.7297 0.0042
4.7335 4.7061 4.7297 0.0042
4.7335 4.7061 4.7297 0.0042
4.7335 4.7061 4.7297 0.0042
4.7335 4.7061 4.7297 0.0042
4.7335 4.7061 4.7297 0.0042
4.7335 4.7061 4.7298 0.0042
4.7335 4.7061 4.7298 0.0042
4.7335 4.7061 4.7298 0.0042
4.7335 4.7061 4.7298 0.0042
4.7335 4.7061 4.7300 0.0038
4.7335 4.7061 4.7300 0.0038
4.7335 4.7061 4.7301 0.0038
4.7335 4.7061 4.7301 0.0038
4.7335 4.7061 4.7301 0.0038
4.7335 4.7061 4.7301 0.0038
4.7335 4.7061 4.7301 0.0038
4.7335 4.7061 4.7301 0.0038
4.7335 4.7061 4.7302 0.0038
4.7335 4.7061 4.7302 0.0038
4.7335 4.7061 4.7302 0.0038
4.7335 4.7061 4.7302 0.0038
4.7335 4.7061 4.7303 0.0036
4.7335 4.7061 4.7303 0.0036
4.7335 4.7061 4.7303 0.0036
4.7335 4.7061 4.7303 0.0036
4.7335 4.7061 4.7303 0.0036
4.7335 4.7061 4.7304 0.0036
4.7335 4.7061 4.7304 0.0036
4.7335 4.7061 4.7304 0.0036
4.7335 4.7061 4.7304 0.0036
4.7335 4.7061 4.7304 0.0036
4.7335 4.7061 4.7304 0.0036
4.7335 4.7061 4.7304 0.0036
4.7335 4.7061 4.7304 0.0036
4.7335 4.7061 4.7304 0.0036
4.7335 4.7061 4.7304 0.0036
4.7335 4.7061 4.7304 0.0036
4.7335 4.7061 4.7304 0.0036
4.7335 4.7061 4.7304 0.0036
4.7335 4.7061 4.7304 0.0036
4.7335 4.7061 4.7304 0.0036
4.7335 4.7061 4.7304 0.0035
4.7335 4.7061 4.7305 0.0034
4.7335 4.7061 4.7305 0.0034
4.7335 4.7061 4.7305 0.0034
4.7335 4.7061 4.7305 0.0034
4.7335 4.7061 4.7305 0.0034
4.7335 4.7061 4.7305 0.0034
4.7335 4.7061 4.7305 0.0034
4.7335 4.7061 4.7305 0.0034
4.7335 4.7061 4.7305 0.0034
4.7335 4.7061 4.7305 0.0034
4.7335 4.7061 4.7305 0.0034
4.7335 4.7061 4.7305 0.0034
4.7335 4.7061 4.7305 0.0034
4.7335 4.7061 4.7305 0.0034
4.7335 4.7061 4.7305 0.0034
4.7335 4.7061 4.7305 0.0034
4.7335 4.7061 4.7305 0.0034
4.7335 4.7061 4.7305 0.0034
4.7335 4.7061 4.7306 0.0034
4.7335 4.7061 4.7306 0.0034
4.7335 4.7061 4.7306 0.0034
4.7335 4.7061 4.7307 0.0033
4.7335 4.7061 4.7307 0.0033
4.7335 4.7061 4.7307 0.0033
4.7335 4.7061 4.7307 0.0033
4.7335 4.7061 4.7307 0.0033
4.7335 4.7061 4.7307 0.0033
4.7335 4.7061 4.7307 0.0034
4.7335 4.7061 4.7307 0.0034
4.7335 4.7061 4.7307 0.0034
4.7335 4.7061 4.7307 0.0034
4.7335 4.7061 4.7307 0.0034
4.7335 4.7061 4.7307 0.0034
4.7335 4.7061 4.7307 0.0034
4.7335 4.7061 4.7307 0.0034
4.7335 4.7061 4.7307 0.0034
4.7335 4.7061 4.7307 0.0034
4.7335 4.7061 4.7307 0.0034
4.7335 4.7061 4.7307 0.0034
4.7335 4.7061 4.7307 0.0034
4.7335 4.7061 4.7307 0.0034
4.7335 4.7061 4.7308 0.0033
4.7335 4.7061 4.7308 0.0033
4.7335 4.7061 4.7308 0.0033
4.7335 4.7061 4.7308 0.0033
4.7335 4.7061 4.7308 0.0033
4.7335 4.7061 4.7308 0.0033
4.7335 4.7061 4.7308 0.0033
4.7335 4.7061 4.7308 0.0033
4.7335 4.7061 4.7308 0.0033
4.7335 4.7061 4.7308 0.0033
4.7335 4.7061 4.7308 0.0033
4.7335 4.7061 4.7308 0.0033
4.7335 4.7061 4.7308 0.0033
4.7335 4.7061 4.7308 0.0033
4.7335 4.7061 4.7308 0.0033
4.7335 4.7061 4.7308 0.0033
4.7335 4.7061 4.7308 0.0033
4.7335 4.7061 4.7308 0.0033
4.7335 4.7061 4.7308 0.0033
4.7335 4.7061 4.7308 0.0033
4.7335 4.7061 4.7308 0.0033
4.7335 4.7061 4.7308 0.0033
4.7335 4.7061 4.7308 0.0033
4.7335 4.7061 4.7310 0.0028
4.7335 4.7061 4.7310 0.0028
4.7335 4.7061 4.7310 0.0028
4.7335 4.7061 4.7310 0.0028
4.7335 4.7061 4.7311 0.0028
4.7335 4.7061 4.7311 0.0028
4.7335 4.7061 4.7311 0.0028
4.7335 4.7061 4.7311 0.0028
4.7335 4.7061 4.7311 0.0028
4.7335 4.7061 4.7311 0.0028
4.7335 4.7061 4.7311 0.0028
4.7335 4.7061 4.7311 0.0028
4.7335 4.7061 4.7312 0.0028
4.7335 4.7061 4.7312 0.0028
4.7335 4.7061 4.7312 0.0028
4.7335 4.7061 4.7312 0.0028
4.7335 4.7061 4.7312 0.0028
4.7335 4.7061 4.7312 0.0028
4.7335 4.7061 4.7312 0.0028
4.7335 4.7061 4.7312 0.0028
4.7340 4.7061 4.7312 0.0028
4.7340 4.7061 4.7312 0.0028
4.7340 4.7061 4.7312 0.0028
4.7340 4.7061 4.7312 0.0028
4.7340 4.7061 4.7312 0.0028
4.7340 4.7061 4.7312 0.0028
4.7340 4.7061 4.7312 0.0028
4.7340 4.7061 4.7312 0.0028
4.7340 4.7061 4.7312 0.0028
4.7340 4.7061 4.7312 0.0028
4.7340 4.7061 4.7312 0.0028
4.7340 4.7061 4.7312 0.0028
4.7340 4.7061 4.7312 0.0028
4.7340 4.7061 4.7312 0.0028
4.7340 4.7061 4.7312 0.0028
4.7340 4.7061 4.7312 0.0028
4.7340 4.7061 4.7312 0.0028
4.7340 4.7061 4.7312 0.0028
4.7340 4.7061 4.7312 0.0028
4.7340 4.7061 4.7312 0.0028
4.7340 4.7061 4.7312 0.0028
4.7340 4.7061 4.7312 0.0028
4.7340 4.7061 4.7312 0.0028
4.7340 4.7061 4.7313 0.0028
4.7340 4.7061 4.7313 0.0028
4.7340 4.7061 4.7313 0.0028
4.7340 4.7061 4.7313 0.0028
4.7340 4.7061 4.7313 0.0028
4.7340 4.7061 4.7313 0.0028
4.7340 4.7061 4.7313 0.0028
4.7340 4.7061 4.7313 0.0028
4.7340 4.7061 4.7313 0.0028
4.7340 4.7061 4.7313 0.0028
4.7340 4.7061 4.7313 0.0028
4.7340 4.7061 4.7313 0.0028
4.7340 4.7061 4.7313 0.0028
4.7340 4.7061 4.7313 0.0028
4.7340 4.7061 4.7313 0.0028
4.7340 4.7061 4.7313 0.0028
4.7340 4.7061 4.7313 0.0028
4.7340 4.7061 4.7313 0.0028
4.7340 4.7061 4.7313 0.0028
4.7340 4.7061 4.7313 0.0028
4.7340 4.7061 4.7314 0.0029
4.7340 4.7061 4.7314 0.0029
4.7340 4.7061 4.7314 0.0029
4.7340 4.7061 4.7314 0.0029
4.7340 4.7061 4.7314 0.0029
4.7340 4.7061 4.7314 0.0029
4.7340 4.7061 4.7314 0.0029
4.7340 4.7061 4.7314 0.0029
4.7340 4.7061 4.7314 0.0029
4.7340 4.7061 4.7314 0.0029
4.7340 4.7061 4.7314 0.0029
4.7340 4.7061 4.7314 0.0029
4.7340 4.7061 4.7314 0.0029
4.7340 4.7061 4.7314 0.0029
4.7340 4.7061 4.7314 0.0029
4.7340 4.7061 4.7314 0.0029
4.7340 4.7061 4.7314 0.0029
4.7340 4.7061 4.7314 0.0029
4.7340 4.7061 4.7314 0.0029
4.7340 4.7061 4.7314 0.0029
4.7340 4.7061 4.7314 0.0029
4.7340 4.7061 4.7314 0.0029
4.7340 4.7061 4.7314 0.0029
4.7340 4.7061 4.7314 0.0029
4.7340 4.7061 4.7314 0.0029
4.7340 4.7061 4.7314 0.0029
4.7340 4.7061 4.7314 0.0029
4.7340 4.7061 4.7314 0.0029
4.7340 4.7061 4.7314 0.0029
4.7340 4.7061 4.7314 0.0029
4.7340 4.7061 4.7314 0.0029
4.7340 4.7061 4.7314 0.0029
4.7350 4.7061 4.7315 0.0029
4.7350 4.7061 4.7315 0.0029
4.7350 4.7061 4.7315 0.0029
4.7350 4.7061 4.7315 0.0029
4.7350 4.7061 4.7315 0.0029
4.7350 4.7061 4.7315 0.0029
4.7350 4.7061 4.7315 0.0029
4.7350 4.7061 4.7315 0.0029
4.7350 4.7061 4.7315 0.0029
4.7350 4.7061 4.7315 0.0029
4.7350 4.7061 4.7315 0.0029
4.7350 4.7061 4.7315 0.0029
4.7350 4.7061 4.7315 0.0029
4.7350 4.7061 4.7315 0.0029
4.7350 4.7061 4.7315 0.0029
4.7350 4.7061 4.7315 0.0029
4.7350 4.7061 4.7315 0.0029
4.7350 4.7061 4.7316 0.0029
4.7350 4.7061 4.7316 0.0029
4.7350 4.7061 4.7316 0.0029
4.7350 4.7061 4.7316 0.0029
4.7350 4.7061 4.7316 0.0029
4.7350 4.7061 4.7316 0.0029
4.7350 4.7249 4.7318 0.0014
4.7350 4.7249 4.7318 0.0014
4.7350 4.7249 4.7318 0.0014
4.7350 4.7249 4.7318 0.0014
4.7350 4.7249 4.7318 0.0014
4.7350 4.7285 4.7319 0.0012
4.7350 4.7285 4.7319 0.0012
4.7350 4.7285 4.7319 0.0012
4.7350 4.7285 4.7319 0.0012
4.7350 4.7285 4.7319 0.0012
4.7350 4.7285 4.7319 0.0012
4.7350 4.7285 4.7319 0.0012
4.7350 4.7285 4.7319 0.0012
4.7350 4.7285 4.7319 0.0012
4.7350 4.7285 4.7319 0.0012
4.7350 4.7285 4.7319 0.0012
4.7350 4.7285 4.7319 0.0012
4.7350 4.7285 4.7319 0.0012
4.7350 4.7285 4.7319 0.0012
4.7350 4.7285 4.7319 0.0012
4.7350 4.7285 4.7319 0.0012
4.7350 4.7285 4.7319 0.0012
4.7350 4.7285 4.7319 0.0012
4.7350 4.7285 4.7319 0.0012
4.7350 4.7285 4.7319 0.0012
4.7350 4.7285 4.7319 0.0012
4.7350 4.7285 4.7320 0.0012
4.7350 4.7285 4.7320 0.0012
4.7350 4.7285 4.7320 0.0012
4.7350 4.7285 4.7320 0.0013
4.7350 4.7285 4.7320 0.0013
4.7350 4.7285 4.7320 0.0013
4.7350 4.7285 4.7320 0.0013
4.7350 4.7285 4.7320 0.0013
4.7350 4.7285 4.7320 0.0012
4.7350 4.7287 4.7320 0.0012
4.7350 4.7287 4.7320 0.0012
4.7350 4.7287 4.7320 0.0012
4.7350 4.7287 4.7320 0.0012
4.7350 4.7287 4.7320 0.0012
4.7350 4.7287 4.7320 0.0012
4.7350 4.7287 4.7320 0.0012
4.7350 4.7287 4.7320 0.0012
4.7350 4.7287 4.7320 0.0012
4.7350 4.7287 4.7320 0.0012
4.7350 4.7287 4.7320 0.0012
4.7350 4.7287 4.7320 0.0012
4.7350 4.7287 4.7320 0.0012
4.7350 4.7287 4.7320 0.0012
4.7350 4.7287 4.7320 0.0012
4.7350 4.7287 4.7320 0.0012
4.7350 4.7287 4.7320 0.0012
4.7350 4.7287 4.7320 0.0012
4.7350 4.7287 4.7320 0.0012
4.7350 4.7287 4.7320 0.0012
4.7350 4.7287 4.7320 0.0012
4.7350 4.7287 4.7320 0.0012
4.7350 4.7287 4.7320 0.0012
4.7350 4.7287 4.7320 0.0012
4.7350 4.7287 4.7320 0.0012
4.7350 4.7287 4.7320 0.0012
4.7350 4.7287 4.7321 0.0012
4.7350 4.7287 4.7321 0.0012
4.7350 4.7287 4.7321 0.0012
4.7350 4.7287 4.7321 0.0012
4.7350 4.7287 4.7321 0.0012
4.7350 4.7287 4.7321 0.0012
4.7350 4.7287 4.7321 0.0012
4.7350 4.7287 4.7321 0.0012
4.7351 4.7287 4.7321 0.0013
4.7351 4.7287 4.7321 0.0013
4.7351 4.7287 4.7321 0.0013
4.7351 4.7287 4.7321 0.0012
4.7351 4.7287 4.7321 0.0012
4.7351 4.7287 4.7321 0.0012
4.7351 4.7287 4.7321 0.0012
4.7351 4.7287 4.7321 0.0012
4.7351 4.7287 4.7321 0.0012
4.7351 4.7287 4.7321 0.0012
4.7351 4.7287 4.7321 0.0012
4.7351 4.7287 4.7321 0.0012
4.7351 4.7287 4.7321 0.0012
4.7351 4.7287 4.7321 0.0012
4.7351 4.7287 4.7321 0.0012
4.7351 4.7287 4.7321 0.0012
4.7351 4.7287 4.7321 0.0012
4.7351 4.7287 4.7321 0.0012
4.7351 4.7287 4.7321 0.0012
4.7351 4.7287 4.7321 0.0012
4.7351 4.7287 4.7321 0.0012
4.7351 4.7287 4.7321 0.0012
4.7351 4.7287 4.7321 0.0012
4.7351 4.7287 4.7321 0.0012
4.7351 4.7287 4.7321 0.0012
4.7351 4.7287 4.7321 0.0012
4.7351 4.7287 4.7321 0.0012
4.7351 4.7287 4.7321 0.0012
4.7351 4.7287 4.7321 0.0012
4.7351 4.7287 4.7322 0.0013
4.7351 4.7287 4.7322 0.0013
4.7351 4.7287 4.7322 0.0013
4.7351 4.7287 4.7322 0.0013
4.7351 4.7287 4.7322 0.0013
4.7351 4.7287 4.7322 0.0013
4.7351 4.7287 4.7322 0.0013
4.7351 4.7287 4.7322 0.0013
4.7351 4.7287 4.7322 0.0013
4.7351 4.7287 4.7322 0.0013
4.7351 4.7287 4.7322 0.0013
4.7351 4.7287 4.7322 0.0013
4.7351 4.7287 4.7322 0.0013
4.7351 4.7287 4.7322 0.0013
4.7351 4.7287 4.7322 0.0013
4.7351 4.7287 4.7322 0.0013
4.7351 4.7287 4.7322 0.0012
4.7351 4.7287 4.7322 0.0012
4.7351 4.7287 4.7322 0.0013
4.7351 4.7287 4.7322 0.0013
4.7351 4.7287 4.7322 0.0013
4.7351 4.7287 4.7322 0.0013
4.7351 4.7287 4.7322 0.0013
4.7351 4.7287 4.7322 0.0013
4.7351 4.7287 4.7322 0.0013
4.7351 4.7287 4.7322 0.0013
4.7351 4.7287 4.7322 0.0013
4.7351 4.7287 4.7323 0.0013
4.7351 4.7287 4.7323 0.0013
4.7351 4.7287 4.7323 0.0013
4.7351 4.7287 4.7323 0.0013
4.7351 4.7287 4.7323 0.0013
4.7351 4.7287 4.7323 0.0013
4.7351 4.7287 4.7323 0.0013
4.7351 4.7287 4.7323 0.0013
4.7351 4.7287 4.7323 0.0013
4.7351 4.7287 4.7323 0.0013
4.7351 4.7287 4.7323 0.0013
4.7351 4.7287 4.7323 0.0013
4.7351 4.7287 4.7323 0.0013
4.7351 4.7287 4.7323 0.0013
4.7351 4.7287 4.7323 0.0013
4.7351 4.7287 4.7323 0.0013
4.7351 4.7287 4.7323 0.0013
4.7351 4.7287 4.7323 0.0013
4.7351 4.7287 4.7323 0.0013
4.7351 4.7287 4.7323 0.0013
4.7351 4.7287 4.7323 0.0013
4.7351 4.7287 4.7323 0.0013
4.7351 4.7287 4.7323 0.0013
4.7351 4.7287 4.7323 0.0013
4.7351 4.7287 4.7323 0.0013
4.7351 4.7287 4.7323 0.0013
4.7351 4.7287 4.7323 0.0013
4.7351 4.7287 4.7323 0.0013
4.7351 4.7287 4.7323 0.0013
4.7351 4.7287 4.7323 0.0013
4.7351 4.7287 4.7323 0.0013
4.7351 4.7287 4.7323 0.0013
4.7351 4.7287 4.7323 0.0013
4.7351 4.7287 4.7323 0.0013
4.7351 4.7287 4.7323 0.0013
4.7351 4.7287 4.7323 0.0013
4.7351 4.7287 4.7323 0.0013
4.7351 4.7287 4.7323 0.0013
4.7351 4.7287 4.7323 0.0013
4.7351 4.7287 4.7323 0.0013
4.7351 4.7287 4.7323 0.0013
4.7351 4.7287 4.7323 0.0013
4.7351 4.7287 4.7323 0.0013
4.7351 4.7287 4.7324 0.0013
4.7351 4.7287 4.7324 0.0013
4.7351 4.7287 4.7324 0.0013
4.7351 4.7287 4.7324 0.0013
4.7351 4.7287 4.7324 0.0013
4.7351 4.7287 4.7324 0.0013
4.7351 4.7287 4.7324 0.0013
4.7351 4.7287 4.7324 0.0013
4.7351 4.7287 4.7324 0.0013
4.7351 4.7287 4.7324 0.0013
4.7351 4.7287 4.7324 0.0013
4.7351 4.7287 4.7324 0.0013
4.7351 4.7287 4.7324 0.0013
4.7351 4.7287 4.7324 0.0013
4.7351 4.7287 4.7324 0.0013
4.7351 4.7287 4.7324 0.0013
4.7351 4.7287 4.7324 0.0013
4.7351 4.7287 4.7324 0.0013
4.7351 4.7287 4.7324 0.0013
4.7351 4.7287 4.7324 0.0013
4.7351 4.7287 4.7324 0.0013
4.7351 4.7287 4.7324 0.0013
4.7351 4.7287 4.7324 0.0013
4.7351 4.7287 4.7324 0.0013
4.7351 4.7287 4.7324 0.0013
4.7351 4.7287 4.7324 0.0013
4.7351 4.7287 4.7324 0.0013
4.7351 4.7287 4.7324 0.0013
4.7351 4.7287 4.7324 0.0013
4.7351 4.7287 4.7324 0.0013
4.7351 4.7287 4.7324 0.0013
4.7351 4.7287 4.7324 0.0013
4.7351 4.7287 4.7324 0.0013
4.7351 4.7287 4.7324 0.0013
4.7351 4.7287 4.7324 0.0013
4.7351 4.7287 4.7324 0.0013
4.7351 4.7287 4.7324 0.0013
4.7351 4.7287 4.7324 0.0013
4.7351 4.7287 4.7324 0.0013
4.7351 4.7287 4.7324 0.0013
4.7351 4.7287 4.7324 0.0013
4.7351 4.7287 4.7324 0.0013
4.7351 4.7287 4.7324 0.0013
4.7351 4.7287 4.7324 0.0013
4.7351 4.7287 4.7325 0.0013
4.7351 4.7287 4.7325 0.0013
4.7351 4.7287 4.7325 0.0013
4.7351 4.7287 4.7325 0.0013
4.7351 4.7287 4.7325 0.0013
4.7351 4.7287 4.7325 0.0013
4.7351 4.7287 4.7325 0.0013
4.7351 4.7287 4.7325 0.0013
4.7351 4.7287 4.7325 0.0013
4.7351 4.7287 4.7325 0.0013
4.7351 4.7287 4.7325 0.0013
4.7351 4.7287 4.7325 0.0013
4.7351 4.7287 4.7325 0.0013
4.7351 4.7287 4.7325 0.0013
4.7351 4.7287 4.7325 0.0013
4.7351 4.7287 4.7325 0.0013
4.7351 4.7287 4.7325 0.0013
4.7351 4.7287 4.7325 0.0013
4.7351 4.7287 4.7325 0.0013
4.7351 4.7287 4.7325 0.0013
4.7351 4.7287 4.7325 0.0013
4.7351 4.7287 4.7326 0.0013
4.7351 4.7287 4.7326 0.0013
4.7351 4.7287 4.7326 0.0013
4.7351 4.7287 4.7326 0.0013
4.7351 4.7287 4.7326 0.0013
4.7351 4.7287 4.7326 0.0013
4.7351 4.7287 4.7326 0.0013
4.7351 4.7287 4.7326 0.0013
4.7351 4.7287 4.7326 0.0013
4.7351 4.7287 4.7326 0.0013
4.7351 4.7287 4.7326 0.0013
4.7351 4.7287 4.7326 0.0013
4.7351 4.7287 4.7326 0.0013
4.7351 4.7287 4.7326 0.0013
4.7351 4.7287 4.7326 0.0014
4.7351 4.7287 4.7326 0.0014
4.7351 4.7287 4.7326 0.0014
4.7351 4.7287 4.7326 0.0014
4.7351 4.7287 4.7326 0.0014
4.7351 4.7287 4.7327 0.0014
4.7351 4.7287 4.7327 0.0014
4.7351 4.7287 4.7327 0.0014
4.7351 4.7287 4.7327 0.0014
4.7351 4.7287 4.7327 0.0014
4.7351 4.7287 4.7327 0.0014
4.7351 4.7287 4.7327 0.0014
4.7351 4.7287 4.7327 0.0014
4.7351 4.7287 4.7327 0.0014
4.7351 4.7287 4.7327 0.0013
4.7351 4.7287 4.7327 0.0013
4.7351 4.7287 4.7327 0.0013
4.7351 4.7287 4.7327 0.0013
4.7351 4.7287 4.7327 0.0013
4.7351 4.7287 4.7327 0.0013
4.7351 4.7287 4.7327 0.0013
4.7351 4.7287 4.7327 0.0013
4.7351 4.7287 4.7327 0.0013
4.7351 4.7287 4.7327 0.0013
4.7351 4.7287 4.7327 0.0014
4.7351 4.7287 4.7328 0.0014
4.7351 4.7287 4.7328 0.0014
4.7351 4.7287 4.7328 0.0014
4.7351 4.7287 4.7328 0.0014
4.7351 4.7287 4.7328 0.0014
4.7351 4.7287 4.7328 0.0014
4.7351 4.7287 4.7328 0.0014
4.7351 4.7287 4.7328 0.0014
4.7351 4.7287 4.7328 0.0014
4.7351 4.7287 4.7328 0.0014
4.7351 4.7287 4.7328 0.0014
4.7351 4.7287 4.7328 0.0014
4.7351 4.7287 4.7329 0.0014
4.7351 4.7287 4.7329 0.0014
4.7351 4.7287 4.7329 0.0014
4.7351 4.7287 4.7329 0.0014
4.7351 4.7287 4.7329 0.0013
4.7351 4.7287 4.7329 0.0013
4.7351 4.7287 4.7329 0.0013
4.7351 4.7287 4.7329 0.0013
4.7351 4.7287 4.7329 0.0013
4.7351 4.7287 4.7329 0.0013
4.7351 4.7287 4.7329 0.0013
4.7351 4.7287 4.7329 0.0013
4.7351 4.7287 4.7329 0.0013
4.7351 4.7287 4.7329 0.0013
4.7351 4.7287 4.7329 0.0013
4.7351 4.7287 4.7329 0.0014
4.7351 4.7287 4.7329 0.0014
4.7351 4.7287 4.7329 0.0014
4.7351 4.7287 4.7329 0.0014
4.7351 4.7287 4.7329 0.0014
4.7351 4.7287 4.7329 0.0014
4.7351 4.7287 4.7329 0.0014
4.7351 4.7287 4.7330 0.0014
4.7351 4.7287 4.7330 0.0014
4.7351 4.7287 4.7330 0.0014
4.7351 4.7287 4.7330 0.0014
4.7351 4.7287 4.7330 0.0013
4.7351 4.7287 4.7330 0.0013
4.7351 4.7298 4.7330 0.0013
4.7351 4.7298 4.7330 0.0013
4.7351 4.7298 4.7330 0.0013
4.7351 4.7298 4.7330 0.0013
4.7351 4.7298 4.7330 0.0013
4.7351 4.7298 4.7330 0.0013
4.7351 4.7298 4.7330 0.0013
4.7351 4.7298 4.7331 0.0013
4.7351 4.7298 4.7331 0.0013
4.7351 4.7298 4.7331 0.0013
4.7351 4.7298 4.7331 0.0013
4.7351 4.7298 4.7331 0.0013
4.7351 4.7298 4.7331 0.0013
4.7351 4.7298 4.7331 0.0013
4.7351 4.7298 4.7331 0.0013
4.7351 4.7298 4.7331 0.0013
4.7351 4.7298 4.7331 0.0013
4.7351 4.7298 4.7331 0.0013
4.7351 4.7298 4.7331 0.0013
4.7351 4.7298 4.7332 0.0012
4.7351 4.7298 4.7332 0.0012
4.7351 4.7298 4.7332 0.0012
4.7351 4.7298 4.7332 0.0012
4.7351 4.7298 4.7332 0.0012
4.7351 4.7298 4.7332 0.0012
4.7351 4.7298 4.7332 0.0012
4.7351 4.7298 4.7332 0.0012
4.7351 4.7298 4.7332 0.0012
4.7351 4.7298 4.7332 0.0012
4.7351 4.7298 4.7332 0.0012
4.7351 4.7298 4.7332 0.0012
4.7351 4.7298 4.7332 0.0012
4.7351 4.7298 4.7332 0.0012
4.7351 4.7298 4.7332 0.0012
4.7351 4.7298 4.7333 0.0012
4.7351 4.7298 4.7333 0.0012
4.7351 4.7298 4.7333 0.0012
4.7351 4.7306 4.7333 0.0012
4.7351 4.7306 4.7333 0.0012
4.7351 4.7306 4.7333 0.0012
4.7351 4.7306 4.7333 0.0012
4.7351 4.7306 4.7333 0.0012
4.7351 4.7306 4.7333 0.0012
4.7351 4.7306 4.7333 0.0012
4.7351 4.7306 4.7333 0.0012
4.7351 4.7306 4.7333 0.0012
4.7351 4.7306 4.7333 0.0012
4.7351 4.7306 4.7333 0.0012
4.7351 4.7306 4.7333 0.0012
4.7351 4.7306 4.7333 0.0012
4.7351 4.7306 4.7333 0.0012
4.7351 4.7306 4.7333 0.0012
4.7351 4.7306 4.7333 0.0012
4.7351 4.7306 4.7333 0.0012
4.7351 4.7306 4.7333 0.0012
4.7351 4.7306 4.7333 0.0012
4.7351 4.7306 4.7333 0.0012
4.7351 4.7306 4.7333 0.0012
4.7351 4.7306 4.7334 0.0012
4.7351 4.7306 4.7334 0.0012
4.7351 4.7306 4.7334 0.0012
4.7351 4.7306 4.7334 0.0012
4.7351 4.7306 4.7334 0.0012
4.7351 4.7306 4.7334 0.0012
4.7351 4.7306 4.7334 0.0012
4.7351 4.7306 4.7334 0.0012
4.7351 4.7306 4.7334 0.0012
4.7351 4.7306 4.7334 0.0012
4.7351 4.7306 4.7334 0.0012
4.7351 4.7306 4.7334 0.0012
4.7351 4.7306 4.7334 0.0012
4.7351 4.7306 4.7334 0.0012
4.7351 4.7306 4.7334 0.0012
4.7351 4.7306 4.7334 0.0012
4.7351 4.7306 4.7334 0.0012
4.7351 4.7306 4.7334 0.0012
4.7351 4.7306 4.7334 0.0012
4.7351 4.7306 4.7334 0.0012
4.7351 4.7306 4.7334 0.0012
4.7351 4.7306 4.7334 0.0012
4.7351 4.7306 4.7334 0.0012
4.7351 4.7306 4.7334 0.0012
4.7351 4.7306 4.7334 0.0012
4.7351 4.7306 4.7334 0.0012
4.7351 4.7306 4.7334 0.0012
4.7351 4.7306 4.7334 0.0012
4.7351 4.7306 4.7334 0.0012
4.7351 4.7306 4.7334 0.0012
4.7351 4.7306 4.7334 0.0012
4.7351 4.7306 4.7334 0.0012
4.7351 4.7306 4.7334 0.0012
4.7351 4.7306 4.7334 0.0012
4.7351 4.7306 4.7334 0.0012
4.7351 4.7306 4.7334 0.0012
4.7351 4.7306 4.7334 0.0012
4.7351 4.7306 4.7334 0.0012
4.7351 4.7306 4.7334 0.0012
4.7351 4.7306 4.7334 0.0012
4.7351 4.7306 4.7334 0.0012
4.7351 4.7306 4.7335 0.0012
4.7351 4.7306 4.7335 0.0012
4.7351 4.7306 4.7335 0.0012
4.7351 4.7306 4.7335 0.0012
4.7351 4.7306 4.7335 0.0012
4.7351 4.7306 4.7335 0.0012
4.7351 4.7306 4.7335 0.0012
4.7351 4.7306 4.7335 0.0012
4.7351 4.7306 4.7335 0.0012
4.7351 4.7306 4.7335 0.0012
4.7351 4.7306 4.7335 0.0012
4.7351 4.7306 4.7335 0.0012
4.7351 4.7306 4.7335 0.0012
4.7351 4.7306 4.7335 0.0012
4.7351 4.7306 4.7335 0.0012
4.7351 4.7306 4.7335 0.0012
4.7351 4.7306 4.7335 0.0012
4.7351 4.7306 4.7335 0.0012
4.7351 4.7306 4.7335 0.0012
4.7351 4.7306 4.7335 0.0012
4.7351 4.7306 4.7335 0.0012
4.7351 4.7306 4.7335 0.0012
4.7351 4.7306 4.7335 0.0012
4.7351 4.7306 4.7335 0.0012
4.7351 4.7306 4.7335 0.0012
4.7351 4.7306 4.7335 0.0012
4.7351 4.7306 4.7335 0.0012
4.7351 4.7307 4.7335 0.0012
4.7351 4.7307 4.7335 0.0012
4.7351 4.7307 4.7335 0.0012
4.7351 4.7307 4.7335 0.0012
4.7351 4.7307 4.7335 0.0012
4.7351 4.7307 4.7335 0.0011
4.7351 4.7307 4.7335 0.0011
4.7351 4.7307 4.7335 0.0011
4.7351 4.7307 4.7335 0.0012
4.7351 4.7307 4.7335 0.0012
4.7351 4.7307 4.7335 0.0012
4.7351 4.7307 4.7335 0.0012
4.7351 4.7307 4.7335 0.0012
4.7351 4.7307 4.7336 0.0012
4.7351 4.7307 4.7336 0.0012
4.7351 4.7307 4.7336 0.0012
4.7351 4.7307 4.7336 0.0012
4.7351 4.7307 4.7336 0.0012
4.7351 4.7307 4.7336 0.0011
4.7351 4.7307 4.7336 0.0011
4.7351 4.7307 4.7336 0.0011
4.7351 4.7307 4.7336 0.0011
4.7351 4.7307 4.7336 0.0011
4.7351 4.7307 4.7336 0.0011
4.7351 4.7307 4.7336 0.0011
4.7351 4.7307 4.7336 0.0011
4.7351 4.7307 4.7336 0.0011
4.7351 4.7307 4.7336 0.0011
4.7351 4.7307 4.7336 0.0011
4.7351 4.7307 4.7336 0.0011
4.7351 4.7307 4.7336 0.0011
4.7351 4.7307 4.7337 0.0011
4.7351 4.7307 4.7337 0.0011
4.7351 4.7307 4.7337 0.0011
4.7351 4.7307 4.7337 0.0011
4.7351 4.7307 4.7337 0.0011
4.7351 4.7307 4.7337 0.0011
4.7351 4.7307 4.7337 0.0011
4.7351 4.7307 4.7337 0.0011
4.7351 4.7307 4.7337 0.0011
4.7351 4.7307 4.7337 0.0011
4.7351 4.7307 4.7337 0.0011
4.7351 4.7307 4.7337 0.0011
4.7351 4.7307 4.7337 0.0011
4.7351 4.7307 4.7337 0.0011
4.7351 4.7307 4.7337 0.0011
4.7358 4.7307 4.7337 0.0011
4.7358 4.7307 4.7337 0.0011
4.7358 4.7307 4.7338 0.0011
4.7358 4.7307 4.7338 0.0011
4.7358 4.7307 4.7338 0.0011
4.7358 4.7307 4.7338 0.0011
4.7358 4.7307 4.7338 0.0011
4.7358 4.7307 4.7338 0.0011
4.7358 4.7307 4.7338 0.0011
4.7358 4.7307 4.7338 0.0011
4.7358 4.7307 4.7338 0.0011
4.7358 4.7307 4.7338 0.0011
4.7358 4.7307 4.7338 0.0011
4.7358 4.7307 4.7338 0.0011
4.7358 4.7307 4.7338 0.0011
4.7358 4.7307 4.7338 0.0011
4.7358 4.7307 4.7338 0.0011
4.7358 4.7307 4.7339 0.0011
4.7358 4.7307 4.7339 0.0011
4.7358 4.7307 4.7339 0.0011
4.7358 4.7307 4.7339 0.0011
4.7358 4.7307 4.7339 0.0011
4.7358 4.7307 4.7339 0.0011
4.7358 4.7307 4.7339 0.0011
4.7358 4.7307 4.7339 0.0011
4.7358 4.7307 4.7339 0.0011
4.7358 4.7307 4.7339 0.0011
4.7358 4.7307 4.7339 0.0011
4.7358 4.7307 4.7339 0.0011
4.7358 4.7307 4.7339 0.0011
4.7358 4.7307 4.7339 0.0010
4.7358 4.7307 4.7339 0.0010
4.7358 4.7307 4.7339 0.0010
4.7358 4.7307 4.7339 0.0010
4.7358 4.7307 4.7339 0.0010
4.7358 4.7307 4.7339 0.0010
4.7358 4.7307 4.7339 0.0010
4.7358 4.7307 4.7339 0.0010
4.7358 4.7307 4.7339 0.0010
4.7358 4.7307 4.7339 0.0010
4.7358 4.7307 4.7339 0.0010
4.7358 4.7307 4.7339 0.0010
4.7358 4.7307 4.7339 0.0010
4.7358 4.7307 4.7340 0.0010
4.7358 4.7307 4.7340 0.0010
4.7359 4.7307 4.7340 0.0011
4.7359 4.7307 4.7340 0.0011
4.7359 4.7307 4.7340 0.0011
4.7359 4.7307 4.7340 0.0011
4.7359 4.7307 4.7340 0.0011
4.7359 4.7307 4.7340 0.0011
4.7359 4.7307 4.7340 0.0011
4.7359 4.7307 4.7340 0.0011
4.7359 4.7307 4.7340 0.0011
4.7359 4.7307 4.7340 0.0011
4.7359 4.7307 4.7340 0.0010
4.7359 4.7307 4.7340 0.0010
4.7359 4.7307 4.7340 0.0010
4.7359 4.7307 4.7340 0.0010
4.7359 4.7307 4.7340 0.0010
4.7359 4.7307 4.7340 0.0010
4.7359 4.7316 4.7341 0.0010
4.7359 4.7316 4.7341 0.0010
4.7359 4.7316 4.7341 0.0010
4.7359 4.7316 4.7341 0.0010
4.7359 4.7316 4.7341 0.0010
4.7359 4.7316 4.7341 0.0010
4.7359 4.7316 4.7341 0.0010
4.7359 4.7316 4.7341 0.0010
4.7359 4.7316 4.7341 0.0010
4.7359 4.7316 4.7341 0.0010
4.7359 4.7316 4.7341 0.0010
4.7359 4.7316 4.7341 0.0010
4.7359 4.7316 4.7341 0.0010
4.7359 4.7316 4.7341 0.0010
4.7359 4.7316 4.7341 0.0010
4.7359 4.7316 4.7341 0.0010
4.7359 4.7316 4.7341 0.0010
4.7359 4.7316 4.7341 0.0010
4.7359 4.7316 4.7341 0.0010
4.7359 4.7316 4.7341 0.0010
4.7359 4.7316 4.7341 0.0010
4.7359 4.7316 4.7341 0.0010
4.7359 4.7316 4.7341 0.0010
4.7359 4.7316 4.7341 0.0010
4.7359 4.7316 4.7341 0.0010
4.7359 4.7316 4.7341 0.0010
4.7359 4.7316 4.7341 0.0010
4.7359 4.7316 4.7341 0.0010
4.7359 4.7316 4.7341 0.0010
4.7359 4.7316 4.7341 0.0010
4.7359 4.7316 4.7341 0.0009
4.7359 4.7316 4.7341 0.0009
4.7359 4.7316 4.7341 0.0009
4.7359 4.7316 4.7341 0.0009
4.7359 4.7316 4.7341 0.0009
4.7359 4.7316 4.7342 0.0009
4.7359 4.7316 4.7342 0.0009
4.7359 4.7316 4.7342 0.0009
4.7359 4.7316 4.7342 0.0009
4.7359 4.7316 4.7342 0.0009
4.7359 4.7316 4.7342 0.0009
4.7359 4.7316 4.7342 0.0009
4.7359 4.7316 4.7342 0.0010
4.7359 4.7316 4.7342 0.0010
4.7359 4.7316 4.7342 0.0010
4.7359 4.7316 4.7342 0.0010
4.7359 4.7316 4.7342 0.0010
4.7359 4.7316 4.7342 0.0010
4.7359 4.7316 4.7342 0.0009
4.7359 4.7316 4.7342 0.0009
4.7359 4.7316 4.7342 0.0009
4.7359 4.7316 4.7342 0.0009
4.7359 4.7316 4.7342 0.0009
4.7359 4.7316 4.7342 0.0009
4.7359 4.7316 4.7342 0.0009
4.7359 4.7316 4.7342 0.0009
4.7359 4.7316 4.7342 0.0009
4.7359 4.7316 4.7342 0.0009
4.7359 4.7316 4.7342 0.0009
4.7359 4.7316 4.7342 0.0009
4.7359 4.7316 4.7342 0.0009
4.7359 4.7316 4.7342 0.0009
4.7359 4.7316 4.7342 0.0009
4.7359 4.7316 4.7342 0.0009
4.7359 4.7316 4.7342 0.0009
4.7359 4.7316 4.7342 0.0009
4.7359 4.7316 4.7342 0.0009
4.7359 4.7316 4.7342 0.0009
4.7359 4.7316 4.7342 0.0009
4.7359 4.7316 4.7342 0.0009
4.7359 4.7316 4.7342 0.0009
4.7359 4.7316 4.7342 0.0009
4.7359 4.7316 4.7342 0.0009
4.7359 4.7316 4.7342 0.0009
4.7359 4.7316 4.7342 0.0009
4.7359 4.7316 4.7342 0.0009
4.7359 4.7316 4.7342 0.0009
4.7359 4.7316 4.7342 0.0009
4.7359 4.7316 4.7343 0.0009
4.7359 4.7316 4.7343 0.0009
4.7359 4.7316 4.7343 0.0009
4.7359 4.7316 4.7343 0.0009
4.7359 4.7316 4.7343 0.0009
4.7359 4.7316 4.7343 0.0009
4.7359 4.7316 4.7343 0.0009
4.8537 4.7316 4.7367 0.0167
4.8537 4.7316 4.7367 0.0167
4.8537 4.7316 4.7367 0.0167
4.8537 4.7316 4.7367 0.0167
4.8537 4.7316 4.7367 0.0167
4.8537 4.7316 4.7367 0.0167
4.8537 4.7316 4.7367 0.0167
4.8537 4.7316 4.7367 0.0167
4.8537 4.7316 4.7367 0.0167
4.8537 4.7316 4.7367 0.0167
4.8537 4.7316 4.7367 0.0167
4.8537 4.7316 4.7367 0.0167
4.8537 4.7316 4.7367 0.0167
4.8537 4.7316 4.7367 0.0167
4.8537 4.7316 4.7367 0.0167
4.8537 4.7316 4.7367 0.0167
4.8537 4.7316 4.7367 0.0167
4.8537 4.7316 4.7367 0.0167
4.8537 4.7316 4.7367 0.0167
4.8537 4.7316 4.7367 0.0167
4.8537 4.7316 4.7367 0.0167
4.8537 4.7316 4.7367 0.0167
4.8537 4.7316 4.7367 0.0167
4.8537 4.7316 4.7367 0.0167
4.8537 4.7316 4.7367 0.0167
4.8537 4.7316 4.7367 0.0167
4.8537 4.7316 4.7367 0.0167
4.8537 4.7316 4.7367 0.0167
4.8537 4.7316 4.7367 0.0167
4.8537 4.7316 4.7367 0.0167
4.8537 4.7316 4.7367 0.0167
4.8537 4.7316 4.7367 0.0167
4.8537 4.7316 4.7367 0.0167
4.8537 4.7316 4.7367 0.0167
4.8537 4.7316 4.7367 0.0167
4.8537 4.7316 4.7367 0.0167
4.8537 4.7316 4.7367 0.0167
4.8537 4.7316 4.7368 0.0167
4.8537 4.7316 4.7368 0.0167
4.8537 4.7316 4.7368 0.0167
4.8537 4.7316 4.7368 0.0167
4.8537 4.7316 4.7368 0.0167
4.8537 4.7316 4.7368 0.0167
4.8537 4.7316 4.7368 0.0167
4.8537 4.7316 4.7368 0.0167
4.8537 4.7316 4.7368 0.0167
4.8537 4.7316 4.7368 0.0167
4.8537 4.7316 4.7368 0.0167
4.8537 4.7316 4.7368 0.0167
4.8537 4.7316 4.7368 0.0167
4.8537 4.7316 4.7368 0.0167
4.8537 4.7316 4.7368 0.0167
4.8537 4.7316 4.7368 0.0167
4.8537 4.7316 4.7368 0.0167
4.8537 4.7316 4.7368 0.0167
4.8537 4.7316 4.7368 0.0167
4.8537 4.7316 4.7368 0.0167
4.8537 4.7316 4.7368 0.0167
4.8537 4.7316 4.7368 0.0167
4.8537 4.7316 4.7368 0.0167
4.8537 4.7316 4.7368 0.0167
4.8537 4.7316 4.7368 0.0167
4.8537 4.7316 4.7368 0.0167
4.8537 4.7316 4.7368 0.0167
4.8537 4.7316 4.7368 0.0167
4.8537 4.7316 4.7368 0.0167
4.8537 4.7316 4.7368 0.0167
4.8537 4.7316 4.7368 0.0167
4.8537 4.7316 4.7368 0.0167
4.8537 4.7316 4.7368 0.0167
4.8537 4.7316 4.7368 0.0167
4.8537 4.7316 4.7368 0.0167
4.8537 4.7316 4.7368 0.0167
4.8537 4.7316 4.7368 0.0167
4.8537 4.7316 4.7369 0.0167
4.8537 4.7316 4.7369 0.0167
4.8537 4.7316 4.7369 0.0167
4.8537 4.7316 4.7369 0.0167
4.8537 4.7316 4.7369 0.0167
4.8537 4.7316 4.7369 0.0167
4.8537 4.7316 4.7369 0.0167
4.8537 4.7316 4.7369 0.0167
4.8537 4.7316 4.7369 0.0167
4.8537 4.7316 4.7369 0.0167
4.8537 4.7316 4.7369 0.0167
4.8537 4.7316 4.7369 0.0167
4.8537 4.7316 4.7369 0.0167
4.8537 4.7316 4.7369 0.0167
4.8537 4.7316 4.7369 0.0167
4.8537 4.7316 4.7369 0.0167
4.8537 4.7316 4.7369 0.0167
4.8537 4.7316 4.7369 0.0167
4.8537 4.7316 4.7369 0.0167
4.8537 4.7316 4.7369 0.0167
4.8537 4.7316 4.7369 0.0167
4.8537 4.7316 4.7369 0.0167
4.8537 4.7316 4.7369 0.0167
4.8537 4.7316 4.7381 0.0203
4.8537 4.7316 4.7381 0.0203
4.8537 4.7316 4.7381 0.0203
4.8537 4.7316 4.7381 0.0203
4.8537 4.7316 4.7381 0.0203
4.8537 4.7316 4.7381 0.0203
4.8537 4.7316 4.7381 0.0203
4.8537 4.7316 4.7381 0.0203
4.8537 4.7316 4.7381 0.0203
4.8537 4.7316 4.7381 0.0203
4.8537 4.7316 4.7381 0.0203
4.8537 4.7316 4.7381 0.0203
4.8537 4.7316 4.7381 0.0203
4.8537 4.7316 4.7382 0.0203
4.8537 4.7316 4.7382 0.0203
4.8537 4.7316 4.7382 0.0203
4.8537 4.7316 4.7382 0.0203
4.8537 4.7316 4.7382 0.0203
4.8537 4.7316 4.7382 0.0203
4.8537 4.7316 4.7382 0.0203
4.8537 4.7316 4.7382 0.0203
4.8537 4.7316 4.7382 0.0203
4.8537 4.7316 4.7382 0.0203
4.8537 4.7316 4.7382 0.0203
4.8537 4.7316 4.7382 0.0203
4.8537 4.7316 4.7382 0.0203
4.8537 4.7316 4.7382 0.0203
4.8537 4.7316 4.7382 0.0203
4.8537 4.7316 4.7387 0.0209
4.8537 4.7316 4.7387 0.0209
4.8537 4.7316 4.7387 0.0209
4.8537 4.7316 4.7387 0.0209
4.8537 4.7316 4.7387 0.0209
4.8537 4.7316 4.7387 0.0209
4.8537 4.7316 4.7387 0.0209
4.8537 4.7316 4.7387 0.0209
4.8537 4.7316 4.7387 0.0209
4.8537 4.7316 4.7387 0.0209
4.8537 4.7316 4.7387 0.0209
4.8537 4.7316 4.7387 0.0209
4.8537 4.7316 4.7387 0.0209
4.8537 4.7316 4.7387 0.0209
4.8537 4.7316 4.7387 0.0209
4.8537 4.7316 4.7387 0.0209
4.8537 4.7316 4.7387 0.0209
4.8537 4.7316 4.7387 0.0209
4.8537 4.7316 4.7387 0.0209
4.8537 4.7316 4.7387 0.0209
4.8537 4.7316 4.7388 0.0209
4.8537 4.7316 4.7388 0.0209
4.8537 4.7316 4.7388 0.0209
4.8537 4.7316 4.7388 0.0209
4.8537 4.7316 4.7388 0.0209
4.8537 4.7316 4.7388 0.0209
4.8537 4.7316 4.7400 0.0238
4.8537 4.7316 4.7400 0.0238
4.8537 4.7316 4.7400 0.0238
4.8537 4.7316 4.7400 0.0238
4.8537 4.7316 4.7400 0.0238
4.8537 4.7316 4.7400 0.0238
4.8537 4.7316 4.7400 0.0238
4.8537 4.7316 4.7400 0.0238
4.8537 4.7316 4.7400 0.0238
4.8537 4.7316 4.7400 0.0238
4.8537 4.7316 4.7400 0.0238
4.8537 4.7316 4.7400 0.0238
4.8537 4.7316 4.7400 0.0238
4.8537 4.7316 4.7400 0.0238
4.8537 4.7316 4.7400 0.0238
4.8537 4.7316 4.7400 0.0238
4.8537 4.7316 4.7400 0.0238
4.8537 4.7316 4.7400 0.0238
4.8537 4.7316 4.7400 0.0238
4.8537 4.7316 4.7400 0.0238
4.8537 4.7316 4.7400 0.0238
4.8537 4.7316 4.7400 0.0238
4.8537 4.7316 4.7400 0.0238
4.8537 4.7316 4.7400 0.0238
4.8537 4.7316 4.7400 0.0238
4.8537 4.7316 4.7400 0.0238
4.8537 4.7316 4.7400 0.0238
4.8537 4.7316 4.7400 0.0238
4.8537 4.7316 4.7400 0.0238
4.8537 4.7316 4.7400 0.0238
4.8537 4.7316 4.7400 0.0238
4.8537 4.7316 4.7400 0.0238
4.8537 4.7316 4.7400 0.0238
4.8537 4.7316 4.7400 0.0238
4.8537 4.7316 4.7400 0.0238
4.8537 4.7316 4.7400 0.0238
4.8537 4.7316 4.7400 0.0238
4.8537 4.7316 4.7400 0.0238
4.8537 4.7316 4.7400 0.0238
4.8537 4.7316 4.7400 0.0238
4.8537 4.7316 4.7400 0.0238
4.8537 4.7316 4.7401 0.0238
4.8537 4.7316 4.7401 0.0238
4.8537 4.7316 4.7401 0.0238
4.8537 4.7316 4.7401 0.0238
4.8537 4.7316 4.7401 0.0238
4.8537 4.7316 4.7401 0.0238
4.8537 4.7316 4.7401 0.0238
4.8537 4.7316 4.7401 0.0238
4.8537 4.7316 4.7401 0.0238
4.8537 4.7316 4.7401 0.0238
4.8537 4.7316 4.7401 0.0238
4.8537 4.7316 4.7401 0.0238
4.8537 4.7316 4.7401 0.0238
4.8537 4.7316 4.7401 0.0238
4.8537 4.7316 4.7401 0.0238
4.8537 4.7316 4.7401 0.0238
4.8537 4.7316 4.7401 0.0238
4.8537 4.7316 4.7401 0.0238
4.8537 4.7316 4.7401 0.0238
4.8537 4.7316 4.7401 0.0238
4.8537 4.7316 4.7401 0.0238
4.8537 4.7316 4.7401 0.0238
4.8537 4.7316 4.7401 0.0238
4.8537 4.7316 4.7401 0.0238
4.8537 4.7316 4.7401 0.0238
4.8537 4.7316 4.7406 0.0243
4.8537 4.7316 4.7406 0.0243
4.8537 4.7316 4.7406 0.0243
4.8537 4.7316 4.7406 0.0243
4.8537 4.7316 4.7406 0.0243
4.8537 4.7316 4.7406 0.0243
4.8537 4.7316 4.7406 0.0243
4.8537 4.7316 4.7407 0.0243
4.8537 4.7316 4.7407 0.0243
4.8537 4.7316 4.7407 0.0243
4.8537 4.7316 4.7407 0.0243
4.8537 4.7316 4.7407 0.0243
4.8537 4.7316 4.7407 0.0243
4.8537 4.7316 4.7407 0.0243
4.8537 4.7316 4.7407 0.0243
4.8537 4.7316 4.7407 0.0243
4.8537 4.7316 4.7407 0.0243
4.8537 4.7316 4.7407 0.0243
4.8537 4.7316 4.7407 0.0243
4.8537 4.7316 4.7407 0.0243
4.8537 4.7316 4.7407 0.0243
4.8537 4.7316 4.7407 0.0243
4.8537 4.7316 4.7407 0.0243
4.8537 4.7316 4.7407 0.0243
4.8537 4.7316 4.7407 0.0243
4.8537 4.7316 4.7407 0.0243
4.8537 4.7316 4.7407 0.0243
4.8537 4.7316 4.7407 0.0243
4.8537 4.7316 4.7407 0.0243
4.8551 4.7316 4.7419 0.0268
4.8551 4.7316 4.7419 0.0268
4.8551 4.7316 4.7419 0.0268
4.8551 4.7316 4.7419 0.0268
4.8551 4.7316 4.7419 0.0268
4.8551 4.7316 4.7419 0.0268
4.8551 4.7316 4.7419 0.0268
4.8551 4.7316 4.7419 0.0268
4.8551 4.7316 4.7419 0.0268
4.8551 4.7316 4.7419 0.0268
4.8551 4.7316 4.7419 0.0268
4.8551 4.7316 4.7419 0.0268
4.8551 4.7316 4.7419 0.0268
4.8551 4.7316 4.7419 0.0268
4.8551 4.7316 4.7425 0.0272
4.8551 4.7316 4.7425 0.0272
4.8551 4.7316 4.7425 0.0272
4.8551 4.7316 4.7425 0.0272
4.8551 4.7316 4.7425 0.0272
4.8551 4.7316 4.7425 0.0272
4.8551 4.7316 4.7425 0.0272
4.8551 4.7316 4.7425 0.0272
4.8551 4.7316 4.7425 0.0272
4.8551 4.7316 4.7425 0.0272
4.8551 4.7316 4.7425 0.0272
4.8551 4.7316 4.7431 0.0278
4.8551 4.7316 4.7432 0.0277
4.8551 4.7316 4.7432 0.0277
4.8551 4.7316 4.7432 0.0277
4.8551 4.7316 4.7432 0.0277
4.8551 4.7316 4.7432 0.0277
4.8551 4.7316 4.7432 0.0277
4.8551 4.7316 4.7432 0.0277
4.8551 4.7316 4.7432 0.0277
4.8551 4.7316 4.7432 0.0277
4.8551 4.7316 4.7432 0.0277
4.8551 4.7316 4.7432 0.0277
4.8551 4.7316 4.7432 0.0277
4.8551 4.7316 4.7432 0.0277
4.8551 4.7316 4.7432 0.0277
4.8551 4.7316 4.7432 0.0277
4.8551 4.7316 4.7432 0.0277
4.8551 4.7316 4.7438 0.0282
4.8551 4.7316 4.7438 0.0282
4.8551 4.7316 4.7438 0.0282
4.8551 4.7316 4.7450 0.0302
4.8551 4.7316 4.7450 0.0302
4.8551 4.7316 4.7450 0.0302
4.8551 4.7316 4.7450 0.0302
4.8551 4.7316 4.7450 0.0302
4.8551 4.7316 4.7451 0.0302
4.8551 4.7316 4.7451 0.0302
4.8551 4.7316 4.7451 0.0302
4.8551 4.7316 4.7451 0.0302
4.8551 4.7316 4.7456 0.0305
4.8551 4.7316 4.7456 0.0305
4.8551 4.7316 4.7456 0.0305
4.8551 4.7316 4.7456 0.0305
4.8551 4.7316 4.7456 0.0305
4.8551 4.7316 4.7456 0.0305
4.8551 4.7316 4.7456 0.0305
4.8551 4.7316 4.7456 0.0305
4.8551 4.7316 4.7456 0.0305
4.8551 4.7316 4.7456 0.0305
4.8551 4.7316 4.7456 0.0305
4.8551 4.7316 4.7456 0.0305
4.8551 4.7316 4.7456 0.0305
4.8551 4.7316 4.7456 0.0305
4.8551 4.7316 4.7456 0.0305
4.8551 4.7316 4.7456 0.0305
4.8551 4.7316 4.7468 0.0323
4.8551 4.7316 4.7468 0.0323
4.8551 4.7316 4.7468 0.0323
4.8551 4.7316 4.7468 0.0323
4.8551 4.7316 4.7468 0.0323
4.8551 4.7316 4.7480 0.0340
4.8551 4.7316 4.7480 0.0340
4.8551 4.7316 4.7480 0.0340
4.8551 4.7316 4.7480 0.0340
4.8551 4.7316 4.7489 0.0347
4.8551 4.7316 4.7489 0.0347
4.8551 4.7316 4.7489 0.0347
4.8551 4.7316 4.7489 0.0347
4.8551 4.7316 4.7489 0.0347
4.8551 4.7316 4.7489 0.0347
4.8551 4.7316 4.7489 0.0347
4.8551 4.7316 4.7489 0.0347
4.8551 4.7316 4.7489 0.0347
4.8551 4.7316 4.7489 0.0347
4.8551 4.7316 4.7501 0.0362
4.8551 4.7316 4.7501 0.0362
4.8551 4.7316 4.7501 0.0362
4.8551 4.7323 4.7513 0.0376
4.8551 4.7323 4.7513 0.0376
4.8551 4.7323 4.7513 0.0376
4.8551 4.7323 4.7514 0.0376
4.8551 4.7323 4.7514 0.0376
4.8551 4.7323 4.7520 0.0378
4.8551 4.7323 4.7520 0.0378
4.8551 4.7323 4.7520 0.0378
4.8551 4.7323 4.7520 0.0378
4.8551 4.7323 4.7520 0.0378
4.8551 4.7323 4.7520 0.0378
4.8551 4.7323 4.7520 0.0378
4.8551 4.7323 4.7520 0.0378
4.8551 4.7323 4.7521 0.0379
4.8551 4.7334 4.7521 0.0379
4.8551 4.7334 4.7533 0.0392
4.8551 4.7334 4.7533 0.0392
4.8551 4.7334 4.7534 0.0393
4.8551 4.7334 4.7534 0.0393
4.8551 4.7334 4.7542 0.0399
4.8551 4.7334 4.7548 0.0400
4.8551 4.7334 4.7555 0.0402
4.8551 4.7334 4.7555 0.0402
4.8551 4.7334 4.7555 0.0402
4.8551 4.7334 4.7555 0.0402
4.8551 4.7334 4.7555 0.0402
4.8551 4.7334 4.7555 0.0402
4.8551 4.7334 4.7555 0.0402
4.8551 4.7334 4.7555 0.0402
4.8551 4.7334 4.7555 0.0402
4.8551 4.7334 4.7555 0.0402
4.8551 4.7334 4.7555 0.0402
4.8551 4.7334 4.7555 0.0402
4.8551 4.7334 4.7555 0.0402
4.8551 4.7334 4.7555 0.0402
4.8551 4.7334 4.7563 0.0406
4.8551 4.7334 4.7563 0.0406
4.8551 4.7334 4.7563 0.0406
4.8551 4.7334 4.7563 0.0406
4.8551 4.7334 4.7563 0.0406
4.8551 4.7334 4.7563 0.0406
4.8551 4.7334 4.7563 0.0406
4.8551 4.7334 4.7563 0.0406
4.8551 4.7334 4.7564 0.0406
4.8551 4.7334 4.7565 0.0409
4.8551 4.7334 4.7565 0.0409
4.8551 4.7334 4.7565 0.0409
4.8551 4.7334 4.7569 0.0412
4.8551 4.7334 4.7569 0.0412
4.8551 4.7334 4.7569 0.0412
4.8551 4.7334 4.7569 0.0412
4.8551 4.7334 4.7569 0.0412
4.8551 4.7334 4.7569 0.0412
4.8551 4.7334 4.7580 0.0422
4.8551 4.7334 4.7580 0.0422
4.8551 4.7334 4.7580 0.0422
4.8551 4.7334 4.7589 0.0427
4.8551 4.7334 4.7589 0.0427
4.8551 4.7334 4.7589 0.0427
4.8551 4.7334 4.7589 0.0427
4.8551 4.7334 4.7590 0.0427
4.8551 4.7334 4.7590 0.0427
4.8551 4.7334 4.7590 0.0427
4.8551 4.7334 4.7590 0.0427
4.8551 4.7334 4.7590 0.0427
4.8551 4.7334 4.7590 0.0427
4.8628 4.7334 4.7591 0.0429
4.8628 4.7334 4.7591 0.0429
4.8628 4.7334 4.7591 0.0429
4.8628 4.7334 4.7591 0.0429
4.8628 4.7334 4.7591 0.0429
4.8628 4.7334 4.7591 0.0429
4.8628 4.7334 4.7591 0.0429
4.8628 4.7334 4.7591 0.0429
4.8628 4.7334 4.7591 0.0429
4.8758 4.7334 4.7607 0.0449
4.8758 4.7334 4.7607 0.0449
4.8758 4.7334 4.7617 0.0454
4.8758 4.7334 4.7617 0.0454
4.8758 4.7334 4.7617 0.0454
4.8758 4.7334 4.7617 0.0454
4.8758 4.7334 4.7627 0.0459
4.8758 4.7334 4.7627 0.0459
4.8758 4.7334 4.7627 0.0459
4.8758 4.7334 4.7627 0.0459
4.8758 4.7334 4.7627 0.0459
4.8758 4.7334 4.7627 0.0459
4.8758 4.7334 4.7627 0.0459
4.8758 4.7334 4.7627 0.0459
4.8758 4.7334 4.7627 0.0459
4.8758 4.7334 4.7627 0.0459
4.8758 4.7334 4.7627 0.0459
4.8758 4.7334 4.7627 0.0459
4.8758 4.7334 4.7627 0.0459
4.8758 4.7334 4.7639 0.0467
4.8758 4.7334 4.7639 0.0467
4.8758 4.7334 4.7639 0.0467
4.8758 4.7334 4.7651 0.0475
4.8758 4.7334 4.7651 0.0475
4.8758 4.7334 4.7663 0.0482
4.8758 4.7334 4.7663 0.0482
4.8758 4.7334 4.7672 0.0484
4.8758 4.7334 4.7672 0.0484
4.8758 4.7334 4.7672 0.0484
4.8758 4.7334 4.7683 0.0490
4.8758 4.7334 4.7683 0.0490
4.8758 4.7334 4.7683 0.0490
4.8758 4.7334 4.7683 0.0490
4.8758 4.7334 4.7683 0.0490
4.8758 4.7334 4.7683 0.0490
4.8758 4.7334 4.7683 0.0490
4.8758 4.7334 4.7683 0.0490
4.8758 4.7334 4.7683 0.0490
4.8758 4.7334 4.7683 0.0490
4.8758 4.7334 4.7683 0.0490
4.8758 4.7334 4.7683 0.0490
4.8758 4.7334 4.7683 0.0490
4.8758 4.7334 4.7695 0.0496
4.8758 4.7334 4.7695 0.0496
4.8758 4.7334 4.7695 0.0496
4.8758 4.7334 4.7695 0.0496
4.8758 4.7334 4.7695 0.0496
4.8758 4.7334 4.7695 0.0496
4.8758 4.7334 4.7704 0.0498
4.8758 4.7334 4.7713 0.0499
4.8758 4.7334 4.7713 0.0499
4.8758 4.7334 4.7720 0.0499
4.8758 4.7334 4.7720 0.0499
4.8758 4.7334 4.7730 0.0503
4.8758 4.7334 4.7730 0.0503
4.8758 4.7334 4.7738 0.0504
4.8758 4.7334 4.7741 0.0507
4.8758 4.7334 4.7741 0.0507
4.8758 4.7334 4.7742 0.0508
4.8758 4.7334 4.7754 0.0513
4.8758 4.7334 4.7754 0.0513
4.8758 4.7334 4.7754 0.0513
4.8758 4.7334 4.7754 0.0513
4.8758 4.7334 4.7754 0.0513
4.8758 4.7334 4.7754 0.0513
4.8758 4.7334 4.7765 0.0516
4.8758 4.7334 4.7773 0.0523
4.8758 4.7334 4.7773 0.0523
4.8758 4.7334 4.7773 0.0523
4.8758 4.7334 4.7773 0.0523
4.8758 4.7334 4.7773 0.0523
4.8758 4.7334 4.7773 0.0523
4.8758 4.7334 4.7773 0.0523
4.8758 4.7334 4.7785 0.0527
4.8758 4.7334 4.7785 0.0527
4.8758 4.7334 4.7785 0.0527
4.8758 4.7334 4.7785 0.0527
4.8758 4.7334 4.7785 0.0527
4.8758 4.7334 4.7785 0.0527
4.8758 4.7334 4.7785 0.0527
4.8758 4.7334 4.7785 0.0527
4.8758 4.7334 4.7785 0.0527
4.8758 4.7334 4.7791 0.0525
4.8758 4.7334 4.7797 0.0524
4.8758 4.7334 4.7797 0.0524
4.8758 4.7334 4.7808 0.0527
4.8758 4.7334 4.7817 0.0527
4.8758 4.7334 4.7817 0.0527
4.8758 4.7334 4.7817 0.0527
4.8758 4.7334 4.7817 0.0527
4.8758 4.7334 4.7817 0.0527
4.8758 4.7334 4.7817 0.0527
4.8758 4.7334 4.7817 0.0527
4.8758 4.7334 4.7827 0.0527
4.8758 4.7334 4.7827 0.0527
4.8758 4.7334 4.7828 0.0529
4.8758 4.7334 4.7828 0.0529
4.8758 4.7334 4.7840 0.0531
4.8758 4.7334 4.7840 0.0531
4.8758 4.7334 4.7848 0.0530
4.8758 4.7334 4.7848 0.0530
4.8758 4.7334 4.7859 0.0532
4.8758 4.7334 4.7859 0.0532
4.8758 4.7334 4.7859 0.0531
4.8758 4.7334 4.7859 0.0531
4.8758 4.7334 4.7860 0.0531
4.8758 4.7334 4.7872 0.0533
4.8758 4.7334 4.7872 0.0533
4.8758 4.7334 4.7872 0.0533
4.8758 4.7334 4.7872 0.0533
4.8758 4.7334 4.7884 0.0535
4.8758 4.7334 4.7884 0.0535
4.8758 4.7334 4.7884 0.0535
4.8758 4.7334 4.7884 0.0535
4.8758 4.7334 4.7896 0.0536
4.8758 4.7334 4.7901 0.0540
4.8758 4.7334 4.7913 0.0541
4.8758 4.7334 4.7913 0.0541
4.8758 4.7334 4.7922 0.0539
4.8758 4.7334 4.7928 0.0536
4.8758 4.7334 4.7933 0.0533
4.8758 4.7334 4.7933 0.0533
4.8758 4.7334 4.7944 0.0532
4.8758 4.7334 4.7944 0.0532
4.8758 4.7334 4.7944 0.0532
4.8758 4.7334 4.7944 0.0532
4.8758 4.7334 4.7945 0.0533
4.8758 4.7334 4.7945 0.0533
4.8758 4.7334 4.7945 0.0533
4.8758 4.7334 4.7945 0.0533
4.8758 4.7334 4.7955 0.0530
4.8758 4.7334 4.7955 0.0530
4.8758 4.7335 4.7955 0.0530
4.8758 4.7335 4.7955 0.0530
4.8758 4.7335 4.7960 0.0532
4.8758 4.7335 4.7960 0.0532
4.8758 4.7335 4.7960 0.0532
4.8758 4.7335 4.7960 0.0532
4.8758 4.7335 4.7969 0.0529
4.8758 4.7335 4.7979 0.0526
4.8758 4.7335 4.7979 0.0526
4.8758 4.7335 4.7979 0.0526
4.8758 4.7335 4.7979 0.0526
4.8758 4.7335 4.7979 0.0526
4.8758 4.7335 4.7979 0.0526
4.8758 4.7335 4.7980 0.0527
4.8758 4.7335 4.7992 0.0526
4.8758 4.7335 4.7992 0.0526
4.8758 4.7335 4.7992 0.0526
4.8758 4.7335 4.7993 0.0528
4.8758 4.7335 4.7994 0.0529
4.8758 4.7335 4.7994 0.0529
4.8758 4.7335 4.8001 0.0525
4.8758 4.7335 4.8013 0.0523
4.8758 4.7335 4.8013 0.0523
4.8758 4.7335 4.8024 0.0521
4.8758 4.7335 4.8024 0.0521
4.8758 4.7335 4.8024 0.0521
4.8758 4.7335 4.8024 0.0521
4.8758 4.7335 4.8024 0.0521
4.8758 4.7335 4.8024 0.0521
4.8758 4.7335 4.8024 0.0521
4.8758 4.7335 4.8036 0.0519
4.8758 4.7335 4.8036 0.0519
4.8758 4.7335 4.8036 0.0519
4.8758 4.7335 4.8037 0.0520
4.8758 4.7335 4.8037 0.0520
4.8758 4.7335 4.8048 0.0518
4.8758 4.7335 4.8050 0.0519
4.8758 4.7335 4.8050 0.0519
4.8758 4.7335 4.8050 0.0519
4.8758 4.7335 4.8050 0.0519
4.8758 4.7335 4.8051 0.0519
4.8758 4.7335 4.8053 0.0520
4.8758 4.7335 4.8065 0.0518
4.8758 4.7335 4.8065 0.0518
4.8758 4.7335 4.8065 0.0518
4.8758 4.7335 4.8066 0.0516
4.8758 4.7335 4.8066 0.0516
4.8758 4.7335 4.8066 0.0516
4.8758 4.7335 4.8072 0.0511
4.8758 4.7335 4.8075 0.0512
4.8758 4.7335 4.8075 0.0512
4.8758 4.7335 4.8075 0.0512
4.8758 4.7335 4.8087 0.0509
4.8758 4.7335 4.8093 0.0511
4.8758 4.7335 4.8093 0.0511
4.8758 4.7335 4.8093 0.0511
4.8758 4.7335 4.8100 0.0506
4.8758 4.7335 4.8100 0.0506
4.8758 4.7335 4.8103 0.0506
4.8758 4.7335 4.8103 0.0506
4.8758 4.7335 4.8103 0.0506
4.8758 4.7335 4.8103 0.0506
4.8758 4.7335 4.8109 0.0507
4.8758 4.7335 4.8109 0.0507
4.8758 4.7335 4.8109 0.0508
4.8758 4.7335 4.8109 0.0507
4.8758 4.7335 4.8109 0.0507
4.8758 4.7335 4.8110 0.0508
4.8758 4.7335 4.8110 0.0508
4.8758 4.7335 4.8110 0.0508
4.8758 4.7335 4.8110 0.0508
4.8758 4.7335 4.8110 0.0508
4.8758 4.7335 4.8110 0.0508
4.8758 4.7335 4.8110 0.0508
4.8758 4.7335 4.8110 0.0508
4.8758 4.7335 4.8110 0.0508
4.8758 4.7335 4.8110 0.0508
4.8758 4.7335 4.8110 0.0508
4.8758 4.7335 4.8115 0.0509
4.8758 4.7335 4.8115 0.0509
4.8758 4.7335 4.8115 0.0509
4.8758 4.7335 4.8119 0.0511
4.8758 4.7335 4.8119 0.0511
4.8758 4.7335 4.8119 0.0511
4.8758 4.7335 4.8119 0.0511
4.8758 4.7335 4.8119 0.0511
4.8758 4.7335 4.8119 0.0511
4.8758 4.7335 4.8121 0.0509
4.8758 4.7335 4.8121 0.0509
4.8758 4.7335 4.8133 0.0505
4.8758 4.7335 4.8133 0.0505
4.8758 4.7335 4.8133 0.0505
4.8758 4.7335 4.8143 0.0500
4.8758 4.7335 4.8143 0.0500
4.8758 4.7335 4.8143 0.0500
4.8758 4.7335 4.8147 0.0503
4.8758 4.7335 4.8147 0.0503
4.8758 4.7335 4.8147 0.0503
4.8758 4.7335 4.8151 0.0504
4.8758 4.7335 4.8157 0.0499
4.8758 4.7335 4.8157 0.0499
4.8758 4.7335 4.8169 0.0494
4.8758 4.7335 4.8169 0.0494
4.8758 4.7335 4.8169 0.0494
4.8758 4.7335 4.8169 0.0494
4.8758 4.7335 4.8170 0.0495
4.8758 4.7335 4.8170 0.0495
4.8758 4.7335 4.8170 0.0495
4.8758 4.7335 4.8182 0.0489
4.8758 4.7335 4.8194 0.0483
4.8758 4.7335 4.8195 0.0484
4.8758 4.7335 4.8195 0.0484
4.8758 4.7335 4.8198 0.0485
4.8758 4.7335 4.8198 0.0485
4.8758 4.7335 4.8198 0.0485
4.8758 4.7335 4.8198 0.0485
4.8795 4.7335 4.8213 0.0481
4.8795 4.7335 4.8213 0.0481
4.8795 4.7335 4.8213 0.0481
4.8795 4.7335 4.8213 0.0481
4.8795 4.7335 4.8213 0.0482
4.8795 4.7335 4.8213 0.0482
4.8795 4.7335 4.8217 0.0481
4.8795 4.7335 4.8217 0.0481
4.8795 4.7335 4.8217 0.0482
4.8795 4.7335 4.8221 0.0484
4.8795 4.7335 4.8221 0.0484
4.8795 4.7335 4.8221 0.0484
4.8795 4.7335 4.8221 0.0484
4.8795 4.7335 4.8221 0.0484
4.8795 4.7335 4.8221 0.0484
4.8795 4.7335 4.8221 0.0484
4.8795 4.7335 4.8221 0.0484
4.8795 4.7335 4.8221 0.0484
4.8795 4.7335 4.8221 0.0484
4.8795 4.7335 4.8221 0.0484
4.8795 4.7335 4.8221 0.0484
4.8795 4.7335 4.8221 0.0485
4.8795 4.7335 4.8221 0.0485
4.8795 4.7335 4.8222 0.0485
4.8795 4.7335 4.8222 0.0485
4.8795 4.7335 4.8228 0.0477
4.8795 4.7335 4.8240 0.0470
4.8795 4.7335 4.8241 0.0471
4.8795 4.7335 4.8241 0.0471
4.8795 4.7335 4.8241 0.0471
4.8795 4.7335 4.8244 0.0470
4.8902 4.7335 4.8248 0.0474
4.8902 4.7335 4.8248 0.0474
4.8902 4.7335 4.8248 0.0474
4.8902 4.7335 4.8248 0.0474
4.8902 4.7335 4.8249 0.0475
4.8902 4.7335 4.8250 0.0475
4.9324 4.7335 4.8258 0.0486
4.9324 4.7335 4.8266 0.0492
4.9324 4.7335 4.8276 0.0484
4.9324 4.7335 4.8276 0.0484
4.9324 4.7335 4.8276 0.0484
4.9324 4.7335 4.8276 0.0484
4.9324 4.7335 4.8277 0.0484
4.9324 4.7335 4.8288 0.0476
4.9324 4.7335 4.8288 0.0476
4.9324 4.7335 4.8297 0.0467
4.9324 4.7335 4.8301 0.0467
4.9324 4.7335 4.8301 0.0467
4.9324 4.7335 4.8302 0.0468
4.9324 4.7335 4.8302 0.0468
4.9662 4.7335 4.8333 0.0492
4.9662 4.7335 4.8344 0.0482
4.9662 4.7335 4.8344 0.0482
4.9662 4.7335 4.8344 0.0482
4.9662 4.7335 4.8344 0.0482
4.9662 4.7335 4.8344 0.0482
4.9662 4.7335 4.8356 0.0496
4.9662 4.7335 4.8356 0.0496
4.9662 4.7335 4.8356 0.0496
4.9662 4.7335 4.8356 0.0496
4.9662 4.7335 4.8356 0.0496
4.9662 4.7335 4.8356 0.0496
4.9662 4.7335 4.8359 0.0494
4.9662 4.7335 4.8359 0.0494
4.9662 4.7335 4.8368 0.0484
4.9662 4.7335 4.8368 0.0484
4.9662 4.7335 4.8368 0.0484
4.9662 4.7335 4.8377 0.0494
4.9662 4.7335 4.8379 0.0495
4.9662 4.7335 4.8379 0.0495
4.9662 4.7335 4.8379 0.0495
4.9662 4.7335 4.8393 0.0486
4.9662 4.7335 4.8393 0.0486
4.9662 4.7335 4.8393 0.0486
4.9662 4.7335 4.8393 0.0486
4.9662 4.7335 4.8393 0.0486
4.9662 4.7335 4.8405 0.0475
4.9662 4.7335 4.8405 0.0475
4.9662 4.7335 4.8405 0.0475
4.9662 4.7335 4.8405 0.0475
4.9662 4.7335 4.8405 0.0475
4.9662 4.7335 4.8405 0.0475
4.9662 4.7335 4.8405 0.0475
4.9662 4.7335 4.8420 0.0465
4.9662 4.7335 4.8432 0.0453
4.9662 4.7335 4.8432 0.0453
4.9662 4.7335 4.8432 0.0453
4.9671 4.7335 4.8432 0.0453
4.9671 4.7335 4.8432 0.0453
4.9671 4.7335 4.8435 0.0455
4.9671 4.7335 4.8436 0.0455
4.9671 4.7335 4.8436 0.0455
4.9671 4.7335 4.8436 0.0455
4.9671 4.7335 4.8447 0.0442
4.9671 4.7335 4.8449 0.0443
4.9671 4.7335 4.8449 0.0443
4.9671 4.7335 4.8451 0.0443
4.9671 4.7335 4.8451 0.0443
4.9671 4.7335 4.8451 0.0443
4.9671 4.7335 4.8453 0.0443
4.9671 4.7335 4.8453 0.0443
4.9671 4.7335 4.8458 0.0449
4.9671 4.7335 4.8458 0.0449
4.9671 4.7335 4.8458 0.0449
4.9671 4.7335 4.8458 0.0449
4.9671 4.7335 4.8470 0.0440
4.9671 4.7335 4.8473 0.0442
4.9671 4.7335 4.8486 0.0428
4.9671 4.7335 4.8486 0.0428
4.9671 4.7335 4.8495 0.0413
4.9671 4.7335 4.8495 0.0413
4.9671 4.7335 4.8501 0.0415
4.9671 4.7335 4.8501 0.0415
4.9671 4.7335 4.8501 0.0415
4.9671 4.7335 4.8504 0.0414
4.9671 4.7335 4.8507 0.0410
4.9671 4.7335 4.8514 0.0418
4.9671 4.7335 4.8516 0.0417
4.9671 4.7335 4.8516 0.0417
4.9671 4.7335 4.8516 0.0417
4.9671 4.7335 4.8516 0.0417
4.9671 4.7335 4.8517 0.0418
4.9671 4.7335 4.8520 0.0416
4.9671 4.7335 4.8520 0.0416
4.9671 4.7335 4.8531 0.0399
4.9671 4.7335 4.8531 0.0399
4.9671 4.7335 4.8531 0.0399
4.9671 4.7335 4.8531 0.0400
4.9671 4.7335 4.8531 0.0400
4.9671 4.7335 4.8536 0.0393
4.9671 4.7335 4.8539 0.0394
4.9671 4.7335 4.8539 0.0394
4.9671 4.7335 4.8539 0.0394
4.9671 4.7335 4.8539 0.0394
4.9671 4.7335 4.8546 0.0390
4.9671 4.7335 4.8549 0.0389
4.9671 4.7335 4.8549 0.0389
4.9671 4.7335 4.8549 0.0389
4.9671 4.7335 4.8553 0.0389
4.9671 4.7335 4.8553 0.0389
4.9671 4.7335 4.8553 0.0389
4.9671 4.7335 4.8554 0.0390
4.9671 4.7335 4.8554 0.0390
4.9671 4.7335 4.8554 0.0390
4.9678 4.7335 4.8566 0.0405
4.9678 4.7335 4.8566 0.0405
4.9678 4.7335 4.8571 0.0404
4.9678 4.7335 4.8578 0.0399
4.9678 4.7335 4.8580 0.0399
4.9678 4.7335 4.8591 0.0380
4.9678 4.7335 4.8593 0.0379
4.9678 4.7335 4.8593 0.0379
4.9678 4.7335 4.8596 0.0378
4.9678 4.7335 4.8601 0.0379
4.9678 4.7335 4.8601 0.0379
4.9678 4.7335 4.8602 0.0379
4.9678 4.7335 4.8602 0.0379
4.9678 4.7335 4.8602 0.0379
4.9678 4.7335 4.8602 0.0379
4.9678 4.7335 4.8602 0.0379
4.9678 4.7335 4.8602 0.0379
4.9678 4.7335 4.8605 0.0379
4.9678 4.7335 4.8616 0.0384
4.9678 4.7335 4.8616 0.0384
4.9678 4.7335 4.8616 0.0384
4.9679 4.7335 4.8616 0.0384
4.9679 4.7335 4.8616 0.0384
4.9679 4.7335 4.8620 0.0384
4.9679 4.7335 4.8622 0.0384
4.9679 4.7335 4.8637 0.0363
4.9679 4.7335 4.8637 0.0363
4.9679 4.7335 4.8637 0.0363
4.9679 4.7335 4.8637 0.0363
4.9679 4.7335 4.8644 0.0359
4.9679 4.7335 4.8655 0.0373
4.9679 4.7335 4.8660 0.0371
4.9679 4.7335 4.8660 0.0371
4.9679 4.7335 4.8660 0.0371
4.9679 4.7335 4.8661 0.0370
4.9679 4.7335 4.8662 0.0370
4.9679 4.7335 4.8662 0.0370
4.9679 4.7335 4.8662 0.0370
4.9679 4.7335 4.8663 0.0370
4.9679 4.7335 4.8664 0.0370
4.9679 4.7335 4.8667 0.0368
4.9679 4.7335 4.8667 0.0368
4.9679 4.7335 4.8668 0.0368
4.9679 4.7335 4.8668 0.0368
4.9679 4.7335 4.8668 0.0368
4.9679 4.7335 4.8668 0.0368
4.9679 4.7335 4.8669 0.0367
4.9679 4.7335 4.8676 0.0374
4.9679 4.7335 4.8677 0.0375
4.9679 4.7335 4.8679 0.0375
4.9679 4.7335 4.8682 0.0373
4.9679 4.7335 4.8682 0.0373
4.9679 4.7335 4.8684 0.0373
4.9679 4.7335 4.8684 0.0373
4.9679 4.7335 4.8685 0.0373
4.9679 4.7335 4.8685 0.0373
4.9679 4.7335 4.8685 0.0373
4.9679 4.7335 4.8685 0.0373
4.9679 4.7335 4.8685 0.0373
4.9679 4.7335 4.8694 0.0386
4.9679 4.7335 4.8700 0.0391
4.9679 4.7335 4.8701 0.0391
4.9679 4.7335 4.8701 0.0391
4.9679 4.7335 4.8701 0.0391
4.9679 4.7335 4.8701 0.0391
4.9679 4.7335 4.8703 0.0391
4.9679 4.7335 4.8703 0.0391
4.9679 4.7335 4.8706 0.0393
4.9679 4.7335 4.8706 0.0393
4.9679 4.7335 4.8706 0.0393
4.9679 4.7335 4.8707 0.0393
4.9679 4.7335 4.8707 0.0393
4.9679 4.7335 4.8707 0.0393
4.9679 4.7335 4.8707 0.0393
4.9679 4.7335 4.8707 0.0393
4.9679 4.7335 4.8709 0.0392
4.9679 4.7335 4.8715 0.0398
4.9679 4.7335 4.8716 0.0397
4.9735 4.7335 4.8732 0.0409
4.9735 4.7335 4.8732 0.0409
4.9735 4.7335 4.8732 0.0409
4.9735 4.7335 4.8732 0.0409
4.9735 4.7335 4.8735 0.0407
4.9735 4.7335 4.8735 0.0407
4.9735 4.7335 4.8739 0.0407
4.9735 4.7335 4.8739 0.0407
4.9735 4.7335 4.8739 0.0407
4.9735 4.7335 4.8739 0.0407
4.9735 4.7358 4.8748 0.0386
4.9735 4.7358 4.8748 0.0386
4.9735 4.7358 4.8748 0.0386
4.9735 4.7358 4.8750 0.0389
4.9735 4.7358 4.8750 0.0389
4.9735 4.7358 4.8750 0.0389
4.9735 4.7358 4.8750 0.0389
4.9735 4.7358 4.8753 0.0390
4.9735 4.7358 4.8762 0.0402
4.9735 4.7358 4.8763 0.0402
4.9735 4.7358 4.8764 0.0402
4.9735 4.7358 4.8766 0.0402
4.9735 4.7358 4.8769 0.0402
4.9735 4.7358 4.8770 0.0401
4.9735 4.7358 4.8770 0.0401
4.9735 4.7358 4.8771 0.0401
4.9735 4.7358 4.8771 0.0401
4.9735 4.7358 4.8772 0.0401
4.9735 4.7358 4.8772 0.0401
4.9735 4.7358 4.8782 0.0412
4.9735 4.7358 4.8788 0.0406
4.9735 4.7358 4.8791 0.0412
4.9735 4.7358 4.8792 0.0412
4.9735 4.7358 4.8798 0.0415
4.9735 4.7358 4.8810 0.0421
4.9735 4.7358 4.8810 0.0421
4.9735 4.7358 4.8817 0.0422
4.9735 4.7358 4.8817 0.0422
4.9735 4.7358 4.8817 0.0422
4.9735 4.7358 4.8817 0.0422
4.9735 4.7358 4.8818 0.0422
4.9735 4.7358 4.8819 0.0423
4.9735 4.7358 4.8819 0.0423
4.9735 4.7358 4.8819 0.0423
4.9735 4.7358 4.8819 0.0423
4.9735 4.7358 4.8824 0.0423
4.9735 4.7358 4.8824 0.0423
4.9735 4.7358 4.8840 0.0424
4.9735 4.7358 4.8840 0.0424
4.9742 4.7358 4.8840 0.0424
4.9742 4.7358 4.8842 0.0425
4.9742 4.7358 4.8842 0.0425
4.9742 4.7358 4.8846 0.0425
4.9742 4.7358 4.8851 0.0427
4.9742 4.7358 4.8851 0.0427
4.9742 4.7358 4.8852 0.0427
4.9742 4.7358 4.8852 0.0427
4.9742 4.7358 4.8859 0.0434
4.9742 4.7358 4.8860 0.0434
4.9742 4.7358 4.8871 0.0441
4.9742 4.7358 4.8880 0.0448
4.9742 4.7358 4.8880 0.0448
4.9742 4.7358 4.8880 0.0448
4.9742 4.7358 4.8880 0.0448
4.9742 4.7358 4.8884 0.0451
4.9742 4.7358 4.8889 0.0446
4.9742 4.7358 4.8889 0.0446
4.9742 4.7358 4.8890 0.0446
4.9742 4.7358 4.8893 0.0443
4.9742 4.7358 4.8893 0.0444
4.9742 4.7358 4.8893 0.0444
4.9742 4.7358 4.8893 0.0444
4.9742 4.7358 4.8894 0.0443
4.9742 4.7358 4.8894 0.0443
4.9742 4.7358 4.8894 0.0443
4.9742 4.7358 4.8904 0.0447
4.9742 4.7358 4.8908 0.0445
4.9742 4.7358 4.8908 0.0445
4.9742 4.7358 4.8912 0.0447
4.9742 4.7358 4.8913 0.0448
4.9742 4.7358 4.8913 0.0448
4.9742 4.7358 4.8913 0.0448
4.9742 4.7358 4.8920 0.0454
4.9742 4.7358 4.8927 0.0453
4.9742 4.7358 4.8931 0.0454
4.9742 4.7358 4.8936 0.0455
4.9742 4.7358 4.8937 0.0455
4.9742 4.7358 4.8937 0.0455
4.9742 4.7358 4.8937 0.0455
4.9742 4.7358 4.8937 0.0455
4.9742 4.7358 4.8946 0.0447
4.9742 4.7358 4.8946 0.0447
4.9742 4.7358 4.8946 0.0447
4.9742 4.7358 4.8948 0.0449
4.9742 4.7358 4.8948 0.0449
4.9742 4.7358 4.8948 0.0449
4.9742 4.7358 4.8953 0.0446
4.9742 4.7358 4.8954 0.0445
4.9742 4.7358 4.8954 0.0445
4.9742 4.7358 4.8964 0.0447
4.9742 4.7358 4.8964 0.0447
4.9742 4.7358 4.8964 0.0447
4.9882 4.7358 4.8977 0.0455
4.9882 4.7358 4.8977 0.0455
4.9882 4.7358 4.8982 0.0453
4.9882 4.7358 4.8982 0.0453
4.9882 4.7358 4.8990 0.0453
4.9882 4.7358 4.8990 0.0453
4.9882 4.7358 4.8993 0.0451
4.9882 4.7358 4.9005 0.0454
4.9882 4.7358 4.9005 0.0454
4.9882 4.7358 4.9005 0.0454
4.9882 4.7358 4.9010 0.0453
4.9882 4.7358 4.9010 0.0453
4.9882 4.7358 4.9022 0.0451
4.9901 4.7358 4.9028 0.0458
4.9901 4.7358 4.9034 0.0455
4.9901 4.7358 4.9034 0.0455
4.9901 4.7358 4.9034 0.0455
4.9901 4.7358 4.9034 0.0455
4.9901 4.7358 4.9035 0.0455
4.9901 4.7358 4.9036 0.0456
4.9901 4.7358 4.9036 0.0456
4.9901 4.7358 4.9046 0.0457
4.9901 4.7358 4.9046 0.0457
4.9901 4.7358 4.9046 0.0457
4.9901 4.7358 4.9046 0.0457
4.9901 4.7358 4.9046 0.0457
4.9901 4.7358 4.9056 0.0458
4.9901 4.7358 4.9056 0.0458
4.9901 4.7358 4.9056 0.0458
4.9901 4.7358 4.9056 0.0458
4.9901 4.7358 4.9061 0.0457
4.9901 4.7358 4.9061 0.0457
4.9901 4.7358 4.9061 0.0457
4.9901 4.7358 4.9061 0.0457
4.9901 4.7358 4.9063 0.0459
4.9901 4.7358 4.9063 0.0459
4.9901 4.7358 4.9063 0.0459
4.9901 4.7358 4.9063 0.0459
4.9901 4.7358 4.9063 0.0459
4.9901 4.7358 4.9063 0.0459
4.9901 4.7358 4.9063 0.0459
4.9901 4.7358 4.9063 0.0459
4.9901 4.7358 4.9064 0.0459
4.9901 4.8165 4.9086 0.0430
4.9901 4.8165 4.9086 0.0430
4.9901 4.8165 4.9091 0.0428
4.9901 4.8165 4.9091 0.0428
4.9901 4.8165 4.9093 0.0428
4.9901 4.8165 4.9093 0.0428
4.9901 4.8165 4.9098 0.0426
4.9901 4.8165 4.9098 0.0426
4.9901 4.8165 4.9098 0.0426
4.9901 4.8165 4.9098 0.0426
4.9901 4.8165 4.9098 0.0426
4.9901 4.8165 4.9103 0.0426
4.9901 4.8165 4.9103 0.0426
4.9901 4.8165 4.9104 0.0427
4.9901 4.8165 4.9111 0.0425
4.9901 4.8165 4.9114 0.0429
4.9901 4.8165 4.9114 0.0429
4.9901 4.8165 4.9118 0.0432
4.9901 4.8165 4.9118 0.0432
4.9901 4.8165 4.9118 0.0432
4.9901 4.8165 4.9118 0.0432
4.9901 4.8165 4.9118 0.0432
4.9901 4.8165 4.9118 0.0432
4.9901 4.8165 4.9118 0.0432
4.9901 4.8165 4.9128 0.0428
4.9901 4.8165 4.9128 0.0428
4.9901 4.8165 4.9128 0.0428
4.9901 4.8165 4.9128 0.0428
4.9901 4.8165 4.9138 0.0428
4.9901 4.8165 4.9138 0.0428
4.9901 4.8165 4.9138 0.0428
4.9901 4.8165 4.9149 0.0428
4.9901 4.8281 4.9159 0.0416
4.9901 4.8281 4.9159 0.0416
4.9901 4.8281 4.9164 0.0416
4.9901 4.8281 4.9172 0.0418
4.9901 4.8281 4.9176 0.0421
4.9901 4.8281 4.9176 0.0421
4.9901 4.8281 4.9177 0.0420
4.9901 4.8281 4.9177 0.0420
4.9901 4.8281 4.9180 0.0423
4.9901 4.8281 4.9180 0.0423
4.9901 4.8281 4.9180 0.0423
4.9901 4.8281 4.9180 0.0423
4.9901 4.8281 4.9180 0.0423
4.9901 4.8281 4.9180 0.0423
4.9901 4.8281 4.9185 0.0421
4.9901 4.8281 4.9185 0.0421
4.9901 4.8281 4.9187 0.0419
4.9901 4.8281 4.9197 0.0418
4.9901 4.8281 4.9197 0.0418
4.9901 4.8281 4.9200 0.0421
4.9901 4.8281 4.9200 0.0421
4.9901 4.8281 4.9208 0.0416
4.9901 4.8281 4.9208 0.0416
4.9901 4.8281 4.9209 0.0417
4.9901 4.8281 4.9209 0.0417
4.9901 4.8281 4.9209 0.0417
4.9901 4.8281 4.9209 0.0417
4.9901 4.8281 4.9210 0.0417
4.9901 4.8281 4.9220 0.0415
4.9901 4.8281 4.9228 0.0416
4.9901 4.8281 4.9233 0.0415
4.9901 4.8281 4.9233 0.0415
4.9901 4.8281 4.9239 0.0420
4.9901 4.8281 4.9245 0.0419
4.9901 4.8281 4.9245 0.0419
4.9901 4.8281 4.9251 0.0415
4.9901 4.8281 4.9251 0.0415
4.9901 4.8281 4.9257 0.0416
4.9901 4.8281 4.9257 0.0416
4.9901 4.8281 4.9261 0.0419
