0.2965 0.0037 0.0282 0.0478
1.1014 0.0037 0.0497 0.1576
1.1014 0.0037 0.0505 0.1576
1.1014 0.0037 0.0524 0.1582
1.1014 0.0037 0.0576 0.1642
1.1014 0.0037 0.0593 0.1646
1.1014 0.0037 0.0599 0.1645
1.1014 0.0037 0.0606 0.1644
1.1014 0.0037 0.0616 0.1644
1.1014 0.0037 0.0754 0.1887
1.1014 0.0037 0.0764 0.1886
1.1014 0.0037 0.0802 0.1924
1.1014 0.0037 0.0856 0.1946
1.1014 0.0037 0.0862 0.1944
1.1014 0.0037 0.0873 0.1943
1.1014 0.0037 0.0881 0.1941
1.1014 0.0037 0.0982 0.2137
1.1014 0.0037 0.0990 0.2135
1.1014 0.0037 0.1013 0.2134
1.1014 0.0037 0.1024 0.2132
1.1014 0.0037 0.1030 0.2131
1.1014 0.0037 0.1069 0.2148
1.1014 0.0037 0.1075 0.2146
1.1014 0.0037 0.1100 0.2146
1.1014 0.0037 0.1153 0.2180
1.1014 0.0037 0.1161 0.2177
1.5894 0.0037 0.1318 0.2622
1.5894 0.0037 0.1333 0.2619
1.5894 0.0037 0.1345 0.2624
2.1405 0.0037 0.1541 0.3297
2.1405 0.0037 0.1575 0.3319
2.1405 0.0037 0.1582 0.3316
2.1405 0.0037 0.1666 0.3383
2.1405 0.0037 0.1672 0.3380
2.1405 0.0037 0.1833 0.3523
2.1405 0.0037 0.1849 0.3522
2.1405 0.0037 0.1849 0.3522
2.1405 0.0037 0.1878 0.3519
2.1405 0.0037 0.2091 0.4015
2.1405 0.0037 0.2097 0.4013
2.1405 0.0037 0.2228 0.4155
2.1405 0.0037 0.2435 0.4569
2.1405 0.0037 0.2447 0.4564
2.1405 0.0037 0.2605 0.4749
2.1405 0.0037 0.2605 0.4749
2.1405 0.0037 0.2628 0.4746
2.1405 0.0071 0.2666 0.4733
2.1405 0.0071 0.2684 0.4729
2.1405 0.0071 0.2706 0.4725
2.1405 0.0071 0.2706 0.4725
2.1405 0.0071 0.2741 0.4723
2.1405 0.0071 0.2849 0.4785
2.1405 0.0071 0.3102 0.5033
2.1405 0.0071 0.3156 0.5036
2.1405 0.0071 0.3185 0.5026
2.1405 0.0071 0.3231 0.5022
2.1405 0.0071 0.3246 0.5024
2.1405 0.0071 0.3449 0.5334
2.1405 0.0071 0.3449 0.5334
2.1405 0.0071 0.3455 0.5330
2.1405 0.0071 0.3477 0.5324
2.1933 0.0071 0.3696 0.5620
2.1933 0.0071 0.3904 0.5881
2.1933 0.0071 0.3992 0.5889
2.1933 0.0071 0.4088 0.5975
2.1933 0.0071 0.4272 0.6217
2.1933 0.0071 0.4430 0.6309
2.1933 0.0071 0.4582 0.6400
2.1933 0.0071 0.4640 0.6401
2.1933 0.0071 0.4677 0.6389
2.1933 0.0071 0.4677 0.6389
2.1933 0.0071 0.4692 0.6380
2.1933 0.0071 0.4698 0.6375
2.1933 0.0071 0.4993 0.6536
2.1933 0.0071 0.5000 0.6543
2.1933 0.0071 0.5043 0.6540
2.1933 0.0071 0.5043 0.6540
2.1933 0.0071 0.5136 0.6593
2.1933 0.0071 0.5282 0.6641
2.1933 0.0071 0.5363 0.6635
2.1933 0.0071 0.5405 0.6641
2.1933 0.0071 0.5428 0.6629
2.1933 0.0071 0.5434 0.6624
2.1933 0.0071 0.5529 0.6617
2.1933 0.0071 0.5586 0.6727
2.1933 0.0071 0.5592 0.6722
2.2210 0.0071 0.5813 0.6924
2.2210 0.0071 0.5920 0.6924
2.2210 0.0071 0.6081 0.6966
2.2210 0.0071 0.6214 0.7084
2.2210 0.0071 0.6243 0.7065
2.2210 0.0071 0.6296 0.7104
2.2210 0.0071 0.6417 0.7071
2.2210 0.0071 0.6441 0.7062
2.2210 0.0071 0.6515 0.7041
2.2210 0.0071 0.6664 0.7059
2.2210 0.0071 0.6805 0.7067
2.2210 0.0071 0.6935 0.7114
2.2210 0.0071 0.7026 0.7084
2.2210 0.0071 0.7097 0.7078
2.2210 0.0071 0.7334 0.7227
2.2210 0.0071 0.7395 0.7195
2.2210 0.0071 0.7484 0.7170
2.2210 0.0071 0.7625 0.7162
2.2210 0.0071 0.7632 0.7156
2.2210 0.0071 0.7702 0.7116
2.2210 0.0071 0.7811 0.7082
2.2210 0.0071 0.7811 0.7082
2.2210 0.0071 0.7898 0.7040
2.2210 0.0071 0.8005 0.6977
2.2210 0.0071 0.8114 0.7064
2.2210 0.0071 0.8236 0.7040
2.2210 0.0071 0.8349 0.7046
2.2210 0.0071 0.8427 0.7040
2.2210 0.0071 0.8449 0.7019
2.2210 0.0071 0.8541 0.7034
2.2210 0.0071 0.8763 0.7050
2.2210 0.0071 0.8763 0.7050
2.2210 0.0071 0.8861 0.7064
2.2210 0.0071 0.8963 0.7063
2.2210 0.0071 0.9010 0.7114
2.2210 0.0071 0.9028 0.7094
2.2210 0.0071 0.9028 0.7094
2.2210 0.0071 0.9039 0.7082
2.2210 0.0071 0.9053 0.7079
2.2210 0.0071 0.9165 0.7050
2.2210 0.0071 0.9204 0.7049
2.2210 0.0071 0.9216 0.7034
2.2210 0.0071 0.9216 0.7034
2.2210 0.0071 0.9216 0.7034
2.2210 0.0071 0.9216 0.7034
2.2210 0.0071 0.9302 0.6982
2.2210 0.0071 0.9406 0.7083
2.2210 0.0071 0.9478 0.7114
2.2210 0.0071 0.9488 0.7120
2.2210 0.0071 0.9545 0.7192
2.2281 0.0071 0.9696 0.7167
2.2281 0.0071 0.9719 0.7142
2.2281 0.0071 0.9730 0.7151
2.2281 0.0071 0.9735 0.7145
2.2281 0.0071 0.9869 0.7251
2.2281 0.0071 0.9998 0.7241
2.2281 0.0071 1.0128 0.7199
2.2281 0.0071 1.0195 0.7219
2.2281 0.0071 1.0221 0.7208
2.2281 0.0071 1.0281 0.7148
2.2281 0.0071 1.0402 0.7125
2.2281 0.0071 1.0554 0.7080
2.2281 0.0071 1.0686 0.7060
2.2281 0.0071 1.0760 0.7075
2.2281 0.0071 1.0839 0.6999
2.2281 0.0071 1.0860 0.6988
2.2281 0.0071 1.1063 0.6997
2.2281 0.0071 1.1100 0.6990
2.2281 0.0071 1.1127 0.6957
2.2281 0.0071 1.1277 0.7015
2.2281 0.0071 1.1491 0.7018
2.2281 0.0071 1.1522 0.7030
2.2281 0.0071 1.1538 0.7038
2.2281 0.0071 1.1556 0.7032
2.2281 0.0071 1.1674 0.6977
2.2281 0.0071 1.1690 0.6984
2.2281 0.0071 1.1762 0.7046
2.2475 0.0071 1.1773 0.7062
2.2475 0.0071 1.1780 0.7066
2.2475 0.0071 1.1815 0.7094
2.2475 0.0071 1.1816 0.7095
2.2475 0.0071 1.1974 0.7007
2.2475 0.0071 1.1997 0.6974
2.2475 0.0071 1.1998 0.6976
2.2475 0.0071 1.2011 0.6955
2.2475 0.0071 1.2011 0.6955
2.2475 0.0071 1.2040 0.6943
2.2475 0.0071 1.2118 0.6884
2.2475 0.0071 1.2118 0.6884
2.2475 0.0071 1.2133 0.6890
2.2475 0.0071 1.2133 0.6890
2.2475 0.0071 1.2212 0.6796
2.2475 0.0071 1.2274 0.6786
2.2475 0.0071 1.2274 0.6786
2.2475 0.0071 1.2339 0.6850
2.2475 0.0071 1.2418 0.6916
2.2475 0.0071 1.2615 0.6890
2.2475 0.0071 1.2733 0.6908
2.2475 0.0071 1.2760 0.6909
2.2475 0.0071 1.2957 0.6896
2.2475 0.0071 1.2971 0.6876
2.2475 0.0071 1.3026 0.6921
2.2475 0.0071 1.3059 0.6919
2.2475 0.0071 1.3059 0.6919
2.2510 0.0071 1.3145 0.6985
2.2510 0.0071 1.3288 0.6981
2.2510 0.0071 1.3428 0.7000
2.2510 0.0071 1.3461 0.6953
2.2510 0.0071 1.3629 0.6940
2.2510 0.0071 1.3839 0.6870
2.2510 0.0071 1.3980 0.6730
2.2510 0.0071 1.3981 0.6731
2.2510 0.0071 1.4106 0.6601
2.2510 0.0071 1.4230 0.6451
2.2510 0.0071 1.4247 0.6451
2.2510 0.0071 1.4271 0.6455
2.2510 0.0071 1.4297 0.6462
2.2510 0.0071 1.4344 0.6497
2.2510 0.0071 1.4457 0.6520
2.2510 0.0071 1.4564 0.6509
2.2510 0.0071 1.4637 0.6544
2.2510 0.0071 1.4740 0.6568
2.2512 0.0071 1.4751 0.6581
2.2512 0.0071 1.4886 0.6578
2.2512 0.0071 1.4886 0.6578
2.2512 0.0071 1.4957 0.6601
2.2512 0.0071 1.4957 0.6601
2.2512 0.0071 1.4981 0.6620
2.2512 0.0071 1.5049 0.6632
2.2512 0.0071 1.5051 0.6634
2.2512 0.0071 1.5051 0.6634
2.2574 0.0071 1.5062 0.6646
2.2574 0.0071 1.5062 0.6646
2.2574 0.0071 1.5246 0.6564
2.2574 0.0071 1.5359 0.6577
2.2574 0.0071 1.5386 0.6570
2.2574 0.0071 1.5449 0.6576
2.2574 0.0071 1.5483 0.6560
2.2574 0.0071 1.5483 0.6560
2.2574 0.0071 1.5487 0.6560
2.2574 0.0071 1.5597 0.6445
2.2574 0.0071 1.5729 0.6449
2.2574 0.0071 1.5786 0.6475
2.2574 0.0071 1.5960 0.6389
2.2574 0.0071 1.5977 0.6387
2.2574 0.0071 1.5977 0.6387
2.2574 0.0071 1.6032 0.6409
2.2574 0.0071 1.6043 0.6419
2.2574 0.0071 1.6226 0.6306
2.2574 0.0071 1.6387 0.6251
2.2574 0.0071 1.6419 0.6257
2.2574 0.0071 1.6499 0.6199
2.2574 0.0071 1.6544 0.6204
2.2574 0.0071 1.6595 0.6181
2.2574 0.0071 1.6756 0.6125
2.2574 0.0071 1.6756 0.6125
2.3746 0.0071 1.6801 0.6160
2.3746 0.0071 1.6889 0.6150
2.3746 0.0071 1.6935 0.6083
2.3746 0.0071 1.6935 0.6083
2.3746 0.0071 1.7055 0.5941
2.3746 0.0071 1.7202 0.5728
2.3746 0.0071 1.7236 0.5742
2.3746 0.0071 1.7305 0.5761
2.3746 0.0071 1.7344 0.5765
2.3746 0.0071 1.7350 0.5746
2.3746 0.0071 1.7382 0.5765
2.3746 0.0071 1.7382 0.5765
2.3746 0.0071 1.7382 0.5765
2.3746 0.0071 1.7382 0.5765
2.3746 0.0071 1.7421 0.5688
2.3746 0.0071 1.7476 0.5700
2.3746 0.0071 1.7533 0.5710
2.3746 0.0071 1.7749 0.5473
2.3746 0.0071 1.7964 0.5216
2.3746 0.0071 1.7970 0.5221
2.3746 0.0071 1.7973 0.5223
2.3746 0.0071 1.8075 0.5244
2.3746 0.0071 1.8147 0.5240
2.3746 0.0071 1.8185 0.5198
2.3746 0.0071 1.8195 0.5205
2.3746 0.0071 1.8274 0.4984
2.3746 0.0071 1.8274 0.4984
2.3746 0.0071 1.8274 0.4984
2.3746 0.0071 1.8274 0.4984
2.3746 0.0071 1.8275 0.4984
2.3746 0.0071 1.8275 0.4985
2.3746 0.0071 1.8292 0.4992
2.3746 0.0071 1.8324 0.4987
2.3746 0.0071 1.8460 0.4888
2.3746 0.0071 1.8484 0.4906
2.3746 0.0071 1.8535 0.4905
2.3746 0.0071 1.8535 0.4905
2.3746 0.0071 1.8535 0.4905
2.3746 0.0071 1.8535 0.4905
2.3746 0.0071 1.8574 0.4886
2.3746 0.0071 1.8604 0.4898
2.3746 0.0071 1.8604 0.4898
2.3746 0.0071 1.8609 0.4901
2.3746 0.0071 1.8609 0.4902
2.3746 0.0071 1.8615 0.4905
2.3746 0.0071 1.8665 0.4908
2.3746 0.0071 1.8666 0.4908
2.3746 0.0071 1.8679 0.4917
2.3746 0.0071 1.8696 0.4926
2.3746 0.0071 1.8751 0.4926
2.3746 0.0071 1.8837 0.4920
2.3746 0.0071 1.8853 0.4925
2.3746 0.0071 1.8979 0.4828
2.3746 0.0071 1.8996 0.4838
2.3746 0.0071 1.8996 0.4838
2.3746 0.0071 1.9014 0.4850
2.3746 0.0071 1.9014 0.4850
2.3746 0.0071 1.9014 0.4850
2.3746 0.0071 1.9034 0.4864
2.3746 0.0071 1.9104 0.4844
2.3746 0.0071 1.9104 0.4844
2.3746 0.0071 1.9112 0.4849
2.3746 0.0071 1.9123 0.4855
2.3746 0.0071 1.9181 0.4851
2.3746 0.0071 1.9181 0.4851
2.3746 0.0071 1.9190 0.4857
2.3746 0.0071 1.9255 0.4856
2.3746 0.0071 1.9255 0.4856
2.3746 0.0071 1.9461 0.4488
2.3746 0.0071 1.9461 0.4488
2.3746 0.0071 1.9461 0.4488
2.3746 0.0071 1.9461 0.4488
2.3746 0.5997 1.9678 0.4049
2.3746 0.5997 1.9742 0.4039
2.3746 0.5997 1.9792 0.4003
2.3746 0.5997 1.9792 0.4003
2.3746 0.5997 1.9792 0.4003
2.3746 0.5997 1.9802 0.4008
2.3746 0.5997 1.9802 0.4008
2.3746 0.5997 1.9802 0.4008
2.3746 0.5997 1.9803 0.4009
2.3746 0.5997 1.9803 0.4009
2.3746 0.5997 1.9817 0.4017
2.3746 0.5997 1.9818 0.4018
2.3746 0.5997 1.9818 0.4018
2.3746 0.5997 1.9818 0.4018
2.3746 0.5997 1.9880 0.3994
2.3746 0.5997 1.9883 0.3996
2.3746 0.5997 1.9930 0.3962
2.3789 0.5997 1.9946 0.3974
2.3789 0.5997 2.0055 0.3896
2.3789 0.5997 2.0055 0.3896
2.3789 0.5997 2.0055 0.3896
2.3789 0.5997 2.0110 0.3876
2.3789 0.5997 2.0117 0.3881
2.3789 0.5997 2.0252 0.3687
2.3789 0.5997 2.0252 0.3687
2.6884 0.5997 2.0283 0.3730
2.6884 0.5997 2.0286 0.3731
2.6884 0.5997 2.0297 0.3727
2.6884 0.5997 2.0308 0.3732
2.6884 0.5997 2.0316 0.3735
2.6884 0.5997 2.0316 0.3735
2.6884 0.5997 2.0327 0.3740
2.6884 0.5997 2.0327 0.3740
2.6884 0.5997 2.0327 0.3740
2.6884 0.5997 2.0328 0.3740
2.6884 0.5997 2.0333 0.3743
2.6884 0.5997 2.0346 0.3749
2.6884 0.5997 2.0367 0.3748
2.6884 0.5997 2.0378 0.3753
2.6884 0.5997 2.0401 0.3752
2.6884 0.5997 2.0460 0.3786
2.6884 0.5997 2.0466 0.3789
2.6884 0.5997 2.0467 0.3790
2.6884 0.5997 2.0504 0.3816
2.6884 0.5997 2.0554 0.3706
2.6884 0.5997 2.0564 0.3714
2.6884 0.5997 2.0585 0.3724
2.6884 0.5997 2.0585 0.3724
2.6884 0.5997 2.0597 0.3728
2.6884 0.5997 2.0663 0.3697
2.6884 0.5997 2.0673 0.3701
2.6884 0.5997 2.0799 0.3506
2.6884 0.5997 2.0802 0.3507
2.6884 0.5997 2.0802 0.3507
2.6884 0.5997 2.0866 0.3474
2.6884 0.5997 2.0958 0.3465
2.6884 0.5997 2.0958 0.3465
2.6884 0.5997 2.0958 0.3465
2.6884 0.5997 2.0958 0.3465
2.6884 0.5997 2.1071 0.3325
2.6884 0.5997 2.1084 0.3329
2.6884 0.5997 2.1084 0.3329
2.6884 0.5997 2.1084 0.3329
2.6884 0.5997 2.1180 0.3227
2.6884 0.5997 2.1236 0.3183
2.6884 0.5997 2.1238 0.3184
2.6884 0.5997 2.1238 0.3184
2.6884 0.5997 2.1241 0.3186
2.6884 0.5997 2.1296 0.3248
2.6884 0.5997 2.1297 0.3248
2.6884 0.5997 2.1299 0.3249
2.6884 0.5997 2.1429 0.2996
2.6884 0.5997 2.1470 0.2978
2.6884 0.8470 2.1636 0.2541
2.6884 0.8470 2.1636 0.2541
2.6884 0.8470 2.1678 0.2532
2.6884 0.8470 2.1678 0.2532
2.6884 0.8470 2.1683 0.2533
2.6884 0.8470 2.1689 0.2536
2.6884 0.8470 2.1692 0.2537
2.6884 0.8470 2.1728 0.2517
2.6884 0.8470 2.1783 0.2442
2.6884 0.8470 2.1785 0.2443
2.6884 0.8470 2.1785 0.2443
2.6884 0.8470 2.1814 0.2430
2.6884 0.8470 2.1818 0.2431
2.6884 0.8470 2.1818 0.2431
2.6884 0.8470 2.1830 0.2432
2.6884 0.8470 2.1830 0.2432
2.6884 0.8470 2.1858 0.2424
2.6884 0.8470 2.1858 0.2424
2.6884 0.8470 2.1858 0.2424
2.6884 0.8470 2.1880 0.2414
2.6884 0.8470 2.1885 0.2416
2.6884 0.8470 2.1885 0.2416
2.6884 0.8470 2.1890 0.2416
2.6884 0.8470 2.1893 0.2415
2.6884 0.8470 2.1898 0.2415
2.6884 0.8470 2.1898 0.2415
2.6884 0.8470 2.1901 0.2414
2.6884 0.8470 2.1927 0.2427
2.6884 0.8470 2.1930 0.2428
2.6884 0.8470 2.1963 0.2468
2.6884 0.8470 2.1967 0.2469
2.6884 0.8470 2.1972 0.2471
2.6884 0.8470 2.2010 0.2464
2.6884 0.8470 2.2015 0.2463
2.6884 0.8470 2.2016 0.2463
2.6884 0.8470 2.2026 0.2463
2.6884 0.8470 2.2028 0.2459
2.6884 0.8470 2.2041 0.2461
2.6884 0.8470 2.2047 0.2463
2.6884 0.8470 2.2160 0.2360
2.6884 0.8470 2.2226 0.2290
2.6884 0.8470 2.2267 0.2258
2.6884 0.8470 2.2271 0.2258
2.6884 0.8470 2.2322 0.2131
2.6884 0.8470 2.2434 0.1990
2.6884 0.8470 2.2434 0.1990
2.6884 0.8470 2.2440 0.1994
2.6884 0.8470 2.2446 0.2004
2.6884 0.8470 2.2458 0.2004
2.6884 0.8470 2.2458 0.2004
2.6884 0.8470 2.2462 0.2004
2.6884 0.8470 2.2464 0.2003
2.6884 0.8470 2.2468 0.2004
2.6884 0.8470 2.2532 0.1918
2.6884 0.8470 2.2559 0.1938
2.6884 1.9110 2.2688 0.1329
2.6884 1.9110 2.2691 0.1329
2.6884 1.9110 2.2704 0.1324
2.6884 1.9110 2.2735 0.1341
2.6884 1.9110 2.2742 0.1337
2.6884 1.9110 2.2742 0.1337
2.6884 1.9110 2.2752 0.1336
2.6914 1.9110 2.2795 0.1400
2.6914 1.9110 2.2795 0.1399
2.6914 1.9360 2.2798 0.1392
2.6914 1.9360 2.2799 0.1392
2.6914 1.9360 2.2799 0.1392
2.6914 1.9360 2.2800 0.1393
2.6914 1.9360 2.2803 0.1392
2.6914 1.9360 2.2809 0.1388
2.6914 1.9360 2.2809 0.1387
2.6914 1.9360 2.2809 0.1387
2.6914 1.9360 2.2809 0.1387
2.6914 1.9360 2.2809 0.1387
2.6914 1.9360 2.2809 0.1387
2.6914 1.9360 2.2809 0.1387
2.6914 1.9360 2.2835 0.1385
2.6914 1.9360 2.2845 0.1389
2.6914 1.9360 2.2845 0.1389
2.6914 1.9360 2.2847 0.1390
2.6914 1.9360 2.2881 0.1434
2.6914 1.9360 2.2881 0.1434
2.6914 1.9360 2.2882 0.1432
2.6914 1.9360 2.2882 0.1432
2.6914 1.9360 2.2892 0.1431
2.6914 1.9360 2.2903 0.1428
2.6914 1.9360 2.2903 0.1428
2.6914 1.9360 2.2903 0.1428
2.6962 1.9360 2.2919 0.1464
2.6962 1.9360 2.2919 0.1464
2.6962 1.9360 2.2941 0.1474
2.6962 1.9360 2.2941 0.1474
2.6962 1.9360 2.2941 0.1474
2.6962 1.9360 2.2941 0.1474
2.6962 1.9360 2.2961 0.1438
2.6962 1.9360 2.3006 0.1474
2.6962 1.9360 2.3006 0.1474
2.6962 1.9360 2.3006 0.1474
2.6962 1.9360 2.3007 0.1474
2.6962 1.9360 2.3020 0.1470
2.6962 1.9360 2.3026 0.1464
2.6962 1.9360 2.3044 0.1465
2.6962 1.9360 2.3045 0.1464
2.6962 1.9360 2.3045 0.1464
2.6962 1.9360 2.3046 0.1464
2.6962 1.9360 2.3047 0.1464
2.6962 1.9360 2.3049 0.1463
2.6962 1.9360 2.3053 0.1461
2.6962 1.9360 2.3073 0.1457
2.6962 1.9360 2.3073 0.1457
2.6962 1.9360 2.3079 0.1453
2.6962 1.9360 2.3096 0.1462
2.6962 1.9360 2.3128 0.1498
2.6962 1.9360 2.3134 0.1497
2.6962 1.9360 2.3134 0.1497
2.6962 1.9360 2.3134 0.1497
2.6962 1.9360 2.3134 0.1497
2.6962 1.9360 2.3134 0.1497
2.6962 1.9360 2.3141 0.1493
2.6962 1.9360 2.3151 0.1489
2.6962 1.9360 2.3161 0.1481
2.6962 1.9360 2.3197 0.1514
2.6962 1.9360 2.3197 0.1514
2.6962 1.9360 2.3232 0.1547
2.6962 1.9360 2.3232 0.1547
2.6962 1.9360 2.3237 0.1550
2.6962 1.9360 2.3237 0.1550
2.6962 1.9360 2.3254 0.1552
2.6962 1.9360 2.3254 0.1552
2.6962 1.9360 2.3257 0.1551
2.6962 1.9360 2.3257 0.1551
2.6962 1.9360 2.3307 0.1589
2.6962 1.9360 2.3315 0.1586
2.6962 1.9360 2.3324 0.1579
2.6962 1.9360 2.3330 0.1577
2.6962 1.9360 2.3343 0.1601
2.6962 1.9360 2.3343 0.1601
2.6962 1.9360 2.3381 0.1639
2.6962 1.9360 2.3382 0.1639
2.6962 1.9360 2.3425 0.1674
2.6962 1.9360 2.3433 0.1670
2.6962 1.9360 2.3433 0.1670
2.6962 1.9360 2.3456 0.1672
2.6962 1.9360 2.3456 0.1672
2.6962 1.9360 2.3461 0.1670
2.6962 1.9360 2.3462 0.1670
2.6962 1.9360 2.3462 0.1670
2.6962 1.9360 2.3467 0.1668
2.6962 1.9360 2.3489 0.1662
2.6962 1.9360 2.3511 0.1670
2.6962 1.9360 2.3512 0.1670
2.6962 1.9360 2.3517 0.1667
2.6962 1.9360 2.3517 0.1667
2.6962 1.9360 2.3533 0.1655
2.6962 1.9360 2.3533 0.1655
2.6962 1.9360 2.3554 0.1684
2.6962 1.9360 2.3554 0.1684
2.7356 1.9360 2.3564 0.1703
2.7356 1.9360 2.3576 0.1702
2.7356 1.9360 2.3579 0.1700
2.7356 1.9360 2.3597 0.1700
2.7356 1.9360 2.3597 0.1700
2.7356 1.9360 2.3598 0.1700
2.7356 1.9360 2.3598 0.1700
2.7356 1.9360 2.3614 0.1687
2.7356 1.9360 2.3616 0.1686
2.7356 1.9360 2.3616 0.1686
2.7356 1.9360 2.3616 0.1686
2.7356 1.9360 2.3619 0.1683
2.7356 1.9360 2.3619 0.1683
2.7356 1.9360 2.3621 0.1685
2.7356 1.9360 2.3655 0.1706
2.7356 1.9360 2.3655 0.1706
2.7356 1.9360 2.3657 0.1705
2.7356 1.9360 2.3657 0.1705
2.7356 1.9360 2.3660 0.1704
2.7356 1.9360 2.3661 0.1703
2.7356 1.9360 2.3666 0.1701
2.7356 1.9360 2.3673 0.1700
2.7356 1.9360 2.3675 0.1700
2.7356 1.9360 2.3676 0.1698
2.7356 1.9360 2.3676 0.1698
2.7356 1.9360 2.3681 0.1696
2.7356 1.9360 2.3681 0.1696
2.7356 1.9360 2.3701 0.1718
2.7356 1.9360 2.3701 0.1718
2.7356 1.9360 2.3728 0.1747
2.7356 1.9360 2.3728 0.1747
2.7356 1.9360 2.3728 0.1747
2.7356 1.9360 2.3734 0.1744
2.7356 1.9360 2.3734 0.1744
2.7356 1.9360 2.3734 0.1744
2.7356 1.9360 2.3734 0.1744
2.7356 1.9360 2.3747 0.1755
2.7356 1.9360 2.3747 0.1755
2.7356 1.9360 2.3747 0.1755
2.7356 1.9360 2.3764 0.1753
2.7356 1.9360 2.3765 0.1753
2.7356 1.9360 2.3796 0.1753
2.7356 1.9360 2.3818 0.1751
2.7356 1.9360 2.3818 0.1751
2.7356 1.9360 2.3818 0.1751
2.7356 1.9360 2.3818 0.1751
2.7356 1.9360 2.3870 0.1764
2.7356 1.9360 2.3870 0.1764
2.7356 1.9360 2.3874 0.1767
2.7356 1.9360 2.3875 0.1766
2.7356 1.9360 2.3875 0.1766
2.7356 1.9360 2.3875 0.1766
2.7356 1.9360 2.3875 0.1766
2.7356 1.9360 2.3878 0.1771
2.7356 1.9360 2.3878 0.1771
2.7356 1.9360 2.3878 0.1771
2.7356 1.9360 2.3878 0.1771
2.7356 1.9360 2.3878 0.1771
2.7356 1.9360 2.3879 0.1770
2.7356 1.9360 2.3882 0.1768
2.7356 1.9360 2.3882 0.1768
2.7356 1.9360 2.3898 0.1753
2.7356 1.9414 2.3930 0.1698
2.7356 1.9414 2.3930 0.1698
2.7356 1.9414 2.3930 0.1698
2.7356 1.9414 2.3944 0.1693
2.7356 1.9414 2.3983 0.1715
2.7356 1.9414 2.3983 0.1715
2.7356 1.9414 2.3989 0.1712
2.7356 1.9414 2.3989 0.1712
2.7356 1.9414 2.3992 0.1710
2.7356 1.9414 2.4008 0.1693
2.7356 1.9414 2.4013 0.1689
2.7356 1.9414 2.4013 0.1689
2.7356 1.9414 2.4013 0.1689
2.7356 1.9414 2.4013 0.1689
2.7356 1.9414 2.4013 0.1689
2.7356 1.9414 2.4020 0.1683
2.7356 1.9414 2.4020 0.1683
2.7356 1.9414 2.4023 0.1683
2.7356 1.9414 2.4030 0.1679
2.7356 1.9414 2.4031 0.1680
2.7356 1.9414 2.4047 0.1700
2.7356 1.9414 2.4050 0.1704
2.7356 1.9414 2.4093 0.1720
2.7356 1.9414 2.4093 0.1720
2.7356 1.9414 2.4123 0.1730
2.7356 1.9414 2.4123 0.1730
2.7356 1.9414 2.4125 0.1729
2.7356 1.9414 2.4125 0.1729
2.7356 1.9414 2.4125 0.1729
2.7356 1.9414 2.4138 0.1727
2.7356 1.9414 2.4138 0.1727
2.7356 1.9414 2.4155 0.1740
2.7356 1.9414 2.4156 0.1741
2.7356 1.9414 2.4173 0.1734
2.7356 1.9414 2.4173 0.1734
2.7356 1.9414 2.4211 0.1741
2.7356 1.9414 2.4211 0.1741
2.7356 1.9414 2.4217 0.1750
2.7356 1.9414 2.4219 0.1748
2.7356 1.9414 2.4258 0.1765
2.7356 1.9414 2.4285 0.1769
2.7356 1.9414 2.4287 0.1767
2.7356 1.9414 2.4287 0.1767
2.7356 1.9414 2.4330 0.1778
2.7356 1.9414 2.4332 0.1776
2.7356 1.9414 2.4339 0.1770
2.7356 1.9414 2.4340 0.1770
2.7356 1.9414 2.4346 0.1764
2.7356 1.9414 2.4367 0.1776
2.7356 1.9414 2.4367 0.1776
2.7356 1.9414 2.4416 0.1768
2.7356 1.9414 2.4416 0.1768
2.7356 1.9414 2.4418 0.1768
2.7356 1.9414 2.4445 0.1777
2.7356 1.9414 2.4445 0.1777
2.7356 1.9414 2.4487 0.1786
2.7356 1.9414 2.4487 0.1786
2.7356 1.9414 2.4487 0.1786
2.7356 1.9414 2.4487 0.1786
2.7356 1.9414 2.4487 0.1786
2.7356 1.9414 2.4526 0.1796
2.7356 1.9414 2.4528 0.1795
2.7356 1.9414 2.4528 0.1795
2.7356 1.9414 2.4529 0.1794
2.7356 1.9414 2.4530 0.1793
2.7356 1.9414 2.4530 0.1793
2.7356 1.9414 2.4531 0.1792
2.7356 1.9414 2.4560 0.1791
2.7356 1.9414 2.4564 0.1787
2.7356 1.9414 2.4564 0.1787
2.7356 1.9414 2.4569 0.1784
2.7356 1.9414 2.4570 0.1784
2.7356 1.9414 2.4576 0.1792
2.7356 1.9414 2.4576 0.1792
2.7356 1.9414 2.4576 0.1792
2.7356 1.9414 2.4608 0.1796
2.7356 1.9414 2.4614 0.1791
2.7356 1.9414 2.4652 0.1798
2.7356 1.9414 2.4662 0.1786
2.7356 1.9414 2.4662 0.1786
2.7356 1.9414 2.4662 0.1786
2.7356 1.9414 2.4700 0.1795
2.7356 1.9414 2.4706 0.1790
2.7356 1.9414 2.4712 0.1795
2.7356 1.9414 2.4714 0.1797
2.7356 1.9414 2.4738 0.1810
2.7356 1.9414 2.4738 0.1810
2.7356 1.9414 2.4738 0.1810
2.7356 1.9414 2.4738 0.1810
2.7356 1.9414 2.4756 0.1802
2.7356 1.9414 2.4776 0.1799
2.7356 1.9414 2.4802 0.1806
2.7356 1.9414 2.4802 0.1806
2.7356 1.9414 2.4814 0.1814
2.7356 1.9414 2.4840 0.1825
2.7356 1.9414 2.4870 0.1836
2.7356 1.9414 2.4879 0.1830
2.7356 1.9414 2.4920 0.1829
2.7356 1.9414 2.4963 0.1826
2.7356 1.9414 2.5012 0.1823
2.7356 1.9414 2.5050 0.1832
2.7356 1.9414 2.5050 0.1832
2.7356 1.9414 2.5078 0.1838
2.7356 1.9414 2.5078 0.1838
2.7356 1.9414 2.5092 0.1844
2.7356 1.9414 2.5122 0.1848
2.7356 1.9414 2.5132 0.1852
2.7356 1.9414 2.5132 0.1852
2.7356 1.9414 2.5149 0.1846
2.7356 1.9414 2.5149 0.1846
2.7356 1.9414 2.5149 0.1846
2.7356 1.9414 2.5149 0.1846
2.7356 1.9414 2.5149 0.1846
2.7356 1.9414 2.5149 0.1846
2.7356 1.9414 2.5150 0.1847
2.7356 1.9414 2.5150 0.1847
2.7356 1.9414 2.5193 0.1837
2.7356 1.9414 2.5207 0.1845
2.7356 1.9414 2.5207 0.1845
2.7356 1.9414 2.5207 0.1845
2.7356 1.9414 2.5241 0.1839
2.7356 1.9414 2.5281 0.1833
2.7356 1.9414 2.5282 0.1834
2.7356 1.9414 2.5293 0.1824
2.7356 1.9414 2.5328 0.1822
2.7356 1.9414 2.5328 0.1822
2.7356 1.9414 2.5328 0.1822
2.7356 1.9414 2.5367 0.1814
2.7356 1.9414 2.5378 0.1803
2.7356 1.9414 2.5378 0.1803
2.7356 1.9414 2.5378 0.1803
2.7356 1.9414 2.5378 0.1803
2.7356 1.9414 2.5421 0.1788
2.7356 1.9414 2.5421 0.1788
2.7356 1.9414 2.5421 0.1788
2.7356 1.9414 2.5421 0.1788
2.7356 1.9414 2.5421 0.1788
2.7356 1.9414 2.5428 0.1784
2.7356 1.9414 2.5428 0.1784
2.7356 1.9414 2.5428 0.1784
2.7356 1.9414 2.5428 0.1784
2.7356 1.9414 2.5430 0.1781
2.7356 1.9414 2.5432 0.1782
2.7356 1.9414 2.5432 0.1782
2.7356 1.9414 2.5461 0.1784
2.7356 1.9414 2.5498 0.1775
2.7356 1.9414 2.5503 0.1769
2.7356 1.9414 2.5506 0.1770
2.7356 1.9414 2.5509 0.1774
2.7356 1.9414 2.5518 0.1764
2.7356 1.9414 2.5518 0.1764
2.7356 1.9414 2.5518 0.1764
2.7356 1.9414 2.5518 0.1764
2.7356 1.9414 2.5554 0.1749
2.7356 1.9414 2.5557 0.1752
2.7356 1.9414 2.5568 0.1757
2.7356 1.9414 2.5573 0.1761
2.7356 1.9414 2.5609 0.1745
2.7356 1.9414 2.5642 0.1731
2.7356 1.9414 2.5642 0.1731
2.7356 1.9414 2.5643 0.1731
2.7356 1.9414 2.5644 0.1731
2.7356 1.9414 2.5657 0.1707
2.7356 1.9414 2.5696 0.1692
2.7356 1.9414 2.5697 0.1692
2.7356 1.9414 2.5697 0.1692
2.7356 1.9414 2.5736 0.1676
2.7356 2.2542 2.5772 0.1575
2.7356 2.2542 2.5782 0.1562
2.7356 2.2542 2.5809 0.1552
2.7356 2.2542 2.5812 0.1549
2.7356 2.2542 2.5812 0.1549
2.7356 2.2542 2.5812 0.1549
2.7356 2.2542 2.5816 0.1552
2.7356 2.2560 2.5818 0.1547
2.7356 2.2560 2.5818 0.1547
2.7356 2.2560 2.5818 0.1547
2.7356 2.2560 2.5818 0.1547
2.7356 2.2560 2.5823 0.1551
2.7356 2.2560 2.5845 0.1546
2.7356 2.2560 2.5866 0.1548
2.7356 2.2560 2.5866 0.1548
2.7356 2.2560 2.5866 0.1548
2.7356 2.2560 2.5866 0.1548
2.7356 2.2560 2.5866 0.1548
2.7356 2.2560 2.5866 0.1548
2.7356 2.2560 2.5866 0.1548
2.7356 2.2560 2.5891 0.1544
2.7356 2.2560 2.5893 0.1545
2.7356 2.2560 2.5898 0.1547
2.7356 2.2560 2.5905 0.1550
2.7356 2.2560 2.5905 0.1550
2.7356 2.2560 2.5905 0.1550
2.7356 2.2560 2.5905 0.1550
2.7356 2.2609 2.5948 0.1516
2.7356 2.2609 2.5952 0.1519
2.7356 2.2609 2.5952 0.1519
2.7356 2.2609 2.5952 0.1519
2.7356 2.2609 2.5954 0.1515
2.7356 2.2609 2.5957 0.1517
2.7356 2.2609 2.5962 0.1519
2.7356 2.2609 2.5987 0.1513
2.7356 2.2609 2.5988 0.1514
2.7356 2.2609 2.5988 0.1514
2.7356 2.2609 2.5988 0.1514
2.7356 2.2609 2.5995 0.1505
2.7356 2.2609 2.5995 0.1505
2.7356 2.2609 2.5995 0.1505
2.7356 2.2609 2.5998 0.1506
2.7356 2.2609 2.5998 0.1506
2.7356 2.2609 2.5999 0.1507
2.7356 2.2609 2.6032 0.1482
2.7356 2.2609 2.6034 0.1483
2.7500 2.2609 2.6039 0.1488
2.7500 2.2609 2.6082 0.1451
2.7500 2.2609 2.6120 0.1423
2.7500 2.2609 2.6120 0.1423
2.7500 2.2609 2.6121 0.1424
2.7500 2.2609 2.6121 0.1424
2.7500 2.2609 2.6121 0.1424
2.7500 2.2609 2.6122 0.1425
2.7500 2.2609 2.6130 0.1428
2.7500 2.2609 2.6169 0.1395
2.7500 2.2609 2.6169 0.1395
2.7500 2.2609 2.6171 0.1397
2.7500 2.2609 2.6171 0.1397
2.7500 2.2609 2.6171 0.1397
2.7500 2.2609 2.6171 0.1397
2.7500 2.2609 2.6172 0.1397
2.7500 2.2609 2.6172 0.1397
2.7500 2.2609 2.6177 0.1399
2.7500 2.2609 2.6177 0.1399
2.7500 2.2609 2.6177 0.1399
2.7500 2.2609 2.6177 0.1399
2.7500 2.2609 2.6177 0.1399
2.7500 2.2609 2.6217 0.1365
2.7500 2.2609 2.6222 0.1366
2.7500 2.2609 2.6254 0.1333
2.7500 2.2609 2.6254 0.1333
2.7500 2.2609 2.6280 0.1320
2.7500 2.2609 2.6284 0.1322
2.7500 2.2609 2.6293 0.1319
2.7500 2.2609 2.6295 0.1320
2.8594 2.2609 2.6315 0.1339
2.8594 2.2609 2.6315 0.1339
2.8594 2.2609 2.6334 0.1322
2.8594 2.2609 2.6342 0.1304
2.8594 2.2609 2.6346 0.1299
2.8594 2.2609 2.6347 0.1300
2.8594 2.2609 2.6410 0.1243
2.8594 2.2609 2.6410 0.1243
2.8594 2.2609 2.6413 0.1245
2.8594 2.2609 2.6414 0.1245
2.8594 2.2609 2.6414 0.1245
2.8594 2.2609 2.6414 0.1245
2.8594 2.2609 2.6414 0.1245
2.8594 2.2609 2.6447 0.1216
2.8594 2.2609 2.6447 0.1216
2.8594 2.2609 2.6461 0.1218
2.8594 2.2609 2.6461 0.1218
2.8594 2.2609 2.6461 0.1218
2.8594 2.2609 2.6497 0.1168
2.8594 2.2609 2.6497 0.1168
2.8594 2.2609 2.6500 0.1169
2.8594 2.2609 2.6500 0.1169
2.8594 2.2609 2.6500 0.1169
2.8594 2.2609 2.6517 0.1161
2.8594 2.2609 2.6518 0.1162
2.8594 2.2609 2.6523 0.1162
2.8594 2.2609 2.6523 0.1162
2.8594 2.2609 2.6524 0.1162
2.8594 2.2609 2.6528 0.1165
2.8594 2.2609 2.6528 0.1165
2.8594 2.2609 2.6528 0.1165
2.8594 2.2609 2.6534 0.1168
2.8594 2.2609 2.6537 0.1169
2.8594 2.2609 2.6539 0.1163
2.8594 2.2609 2.6539 0.1163
2.8594 2.2790 2.6577 0.1094
2.8594 2.2790 2.6577 0.1094
2.8594 2.2790 2.6577 0.1094
2.8594 2.2790 2.6597 0.1083
2.8594 2.2790 2.6602 0.1084
2.8594 2.2790 2.6608 0.1084
2.8594 2.2790 2.6647 0.1024
2.8594 2.2790 2.6647 0.1024
2.8594 2.2790 2.6648 0.1024
2.8594 2.2790 2.6652 0.1026
2.8594 2.2790 2.6652 0.1026
2.8594 2.2790 2.6658 0.1028
2.8594 2.2790 2.6658 0.1028
2.8594 2.2790 2.6658 0.1028
2.8594 2.2790 2.6661 0.1029
2.8594 2.2790 2.6662 0.1029
2.8594 2.2790 2.6662 0.1029
2.8594 2.2790 2.6662 0.1029
2.8594 2.2790 2.6700 0.0970
2.8594 2.2790 2.6703 0.0971
2.8594 2.2790 2.6703 0.0971
2.8594 2.2790 2.6706 0.0971
2.8594 2.2790 2.6706 0.0971
2.8594 2.2790 2.6706 0.0972
2.8594 2.2790 2.6706 0.0972
2.8594 2.2790 2.6706 0.0972
2.8594 2.2790 2.6708 0.0972
2.8594 2.2790 2.6711 0.0973
2.8594 2.2790 2.6711 0.0973
2.8594 2.2790 2.6716 0.0973
2.8594 2.2790 2.6719 0.0973
2.8594 2.2790 2.6720 0.0971
2.8594 2.2790 2.6720 0.0971
2.8594 2.3019 2.6765 0.0889
2.8594 2.3019 2.6765 0.0889
2.8594 2.3019 2.6765 0.0889
2.8594 2.3019 2.6765 0.0889
2.8594 2.3019 2.6766 0.0889
2.8594 2.3019 2.6767 0.0889
2.8594 2.3019 2.6767 0.0889
2.8594 2.3019 2.6771 0.0891
2.8594 2.3019 2.6775 0.0892
2.8594 2.3019 2.6775 0.0892
2.8594 2.3019 2.6775 0.0892
2.8594 2.3019 2.6775 0.0892
2.8594 2.3019 2.6775 0.0892
2.8594 2.3019 2.6818 0.0810
2.8594 2.3019 2.6819 0.0810
2.8594 2.3019 2.6819 0.0810
2.8594 2.3019 2.6819 0.0810
2.8594 2.3019 2.6819 0.0810
2.8594 2.3019 2.6819 0.0810
2.8594 2.3019 2.6823 0.0811
2.8594 2.3019 2.6823 0.0811
2.8594 2.3019 2.6828 0.0813
2.8594 2.3019 2.6828 0.0813
2.8594 2.3019 2.6830 0.0814
2.8594 2.3019 2.6832 0.0813
2.8594 2.3019 2.6832 0.0813
2.8594 2.3019 2.6832 0.0813
2.8594 2.3019 2.6832 0.0813
2.8594 2.3019 2.6832 0.0813
2.8594 2.3019 2.6869 0.0728
2.8594 2.3019 2.6869 0.0728
2.8594 2.3019 2.6869 0.0728
2.8594 2.3019 2.6894 0.0697
2.8594 2.3019 2.6894 0.0697
2.8594 2.3019 2.6894 0.0697
2.8594 2.3019 2.6923 0.0634
2.8594 2.3019 2.6923 0.0634
2.8594 2.3019 2.6926 0.0635
2.8594 2.3019 2.6930 0.0636
2.8594 2.3019 2.6930 0.0636
2.8594 2.3019 2.6930 0.0636
2.8594 2.3019 2.6930 0.0636
2.8594 2.3019 2.6930 0.0636
2.8594 2.3019 2.6930 0.0636
2.8594 2.3019 2.6933 0.0638
2.8594 2.3019 2.6933 0.0638
2.8594 2.3019 2.6933 0.0638
2.8594 2.3019 2.6933 0.0638
2.8594 2.3019 2.6937 0.0639
2.8594 2.3019 2.6937 0.0639
2.8594 2.3019 2.6937 0.0639
2.8594 2.3019 2.6972 0.0572
2.8594 2.3019 2.6973 0.0573
2.8594 2.3019 2.6973 0.0573
2.8594 2.3019 2.6976 0.0575
2.8594 2.3019 2.6976 0.0575
2.8594 2.3019 2.6977 0.0575
2.8594 2.3019 2.6977 0.0575
2.8594 2.3019 2.6977 0.0575
2.8594 2.3019 2.6977 0.0575
2.8594 2.3019 2.6981 0.0577
2.8594 2.3019 2.6991 0.0572
2.8594 2.3019 2.6991 0.0572
2.8594 2.3019 2.6991 0.0572
2.8594 2.3019 2.6991 0.0572
2.8594 2.3019 2.6992 0.0572
2.8594 2.3019 2.6996 0.0570
2.8594 2.3019 2.6996 0.0570
2.8594 2.3019 2.7000 0.0574
2.8594 2.3019 2.7000 0.0574
2.8594 2.3019 2.7000 0.0574
2.8594 2.3019 2.7010 0.0572
2.8594 2.3019 2.7012 0.0572
2.8594 2.3019 2.7012 0.0572
2.8594 2.3019 2.7012 0.0572
2.8594 2.3019 2.7018 0.0570
2.8594 2.3019 2.7019 0.0570
2.8594 2.3019 2.7020 0.0570
2.8594 2.3019 2.7020 0.0570
2.8594 2.3019 2.7020 0.0570
2.8594 2.3019 2.7020 0.0570
2.8594 2.3019 2.7020 0.0570
2.8594 2.3019 2.7020 0.0570
2.8594 2.3019 2.7020 0.0570
2.8594 2.3019 2.7023 0.0569
2.8594 2.3019 2.7027 0.0570
2.8594 2.3019 2.7027 0.0570
2.8594 2.3019 2.7030 0.0571
2.8594 2.3019 2.7030 0.0571
2.8594 2.3019 2.7030 0.0571
2.8594 2.3019 2.7030 0.0571
2.8594 2.3019 2.7035 0.0571
2.8594 2.3019 2.7035 0.0571
2.8594 2.3019 2.7035 0.0571
2.8594 2.3019 2.7038 0.0572
2.8594 2.3019 2.7038 0.0572
2.8594 2.3019 2.7038 0.0572
2.8594 2.3019 2.7038 0.0572
2.8594 2.3019 2.7038 0.0572
2.8594 2.3019 2.7038 0.0572
2.8594 2.3019 2.7038 0.0572
2.8594 2.3019 2.7038 0.0572
2.8594 2.3019 2.7039 0.0571
2.8594 2.3019 2.7048 0.0562
2.8594 2.4455 2.7088 0.0389
2.8594 2.4455 2.7092 0.0393
2.8594 2.4455 2.7092 0.0393
2.8594 2.4455 2.7092 0.0393
2.8594 2.4455 2.7092 0.0393
2.8594 2.4455 2.7092 0.0393
2.8594 2.4455 2.7092 0.0393
2.8594 2.4455 2.7092 0.0393
2.8594 2.4455 2.7092 0.0393
2.8594 2.4455 2.7092 0.0393
2.8594 2.4455 2.7105 0.0420
2.8594 2.4455 2.7105 0.0420
2.8594 2.4455 2.7105 0.0420
2.8594 2.4455 2.7105 0.0420
2.8594 2.4455 2.7105 0.0420
2.8594 2.4455 2.7105 0.0420
2.8594 2.4455 2.7105 0.0420
2.8594 2.4455 2.7105 0.0420
2.8594 2.4455 2.7108 0.0420
2.8594 2.4455 2.7114 0.0422
2.8594 2.4455 2.7114 0.0422
2.8594 2.4455 2.7114 0.0422
2.8594 2.4455 2.7114 0.0422
2.8594 2.4455 2.7120 0.0424
2.8594 2.4455 2.7120 0.0424
2.8594 2.4455 2.7120 0.0424
2.8594 2.4455 2.7125 0.0426
2.8594 2.4455 2.7125 0.0426
2.8594 2.4455 2.7133 0.0423
2.8594 2.4455 2.7133 0.0423
2.8594 2.4455 2.7133 0.0423
2.8594 2.4455 2.7133 0.0423
2.8594 2.4455 2.7133 0.0423
2.8594 2.4455 2.7133 0.0423
2.8594 2.4455 2.7133 0.0423
2.8594 2.4455 2.7134 0.0423
2.8594 2.4455 2.7134 0.0423
2.8594 2.4455 2.7136 0.0424
2.8594 2.4455 2.7136 0.0424
2.8594 2.4455 2.7136 0.0424
2.8594 2.4455 2.7136 0.0424
2.8594 2.4455 2.7136 0.0424
2.8594 2.4455 2.7138 0.0425
2.8594 2.4455 2.7138 0.0425
2.8594 2.4455 2.7138 0.0425
2.8594 2.4455 2.7138 0.0426
2.8594 2.4455 2.7138 0.0426
2.8594 2.4455 2.7144 0.0426
2.8594 2.4455 2.7149 0.0427
2.8594 2.4455 2.7149 0.0427
2.8594 2.4455 2.7149 0.0427
2.8594 2.4455 2.7150 0.0428
2.8594 2.4455 2.7150 0.0428
2.8594 2.4455 2.7157 0.0425
2.8594 2.4455 2.7157 0.0425
2.8594 2.4455 2.7159 0.0426
2.8594 2.4455 2.7160 0.0426
2.8594 2.4455 2.7160 0.0426
2.8594 2.4455 2.7160 0.0426
2.8594 2.4455 2.7165 0.0422
2.8594 2.4455 2.7165 0.0421
2.8594 2.4455 2.7169 0.0422
2.8594 2.4455 2.7169 0.0422
2.8594 2.4455 2.7169 0.0422
2.8594 2.4455 2.7169 0.0423
2.8594 2.4455 2.7173 0.0423
2.8594 2.4455 2.7173 0.0423
2.8594 2.4455 2.7173 0.0423
2.8594 2.4455 2.7173 0.0423
2.8594 2.4455 2.7173 0.0423
2.8594 2.4455 2.7173 0.0423
2.8594 2.4455 2.7177 0.0425
2.8594 2.4455 2.7180 0.0428
2.8594 2.4455 2.7184 0.0428
2.8594 2.4455 2.7185 0.0428
2.8594 2.4455 2.7185 0.0428
2.8594 2.4455 2.7185 0.0428
2.8594 2.4455 2.7186 0.0428
2.8594 2.4455 2.7186 0.0428
2.8594 2.4455 2.7186 0.0428
2.8594 2.4455 2.7193 0.0417
2.8594 2.4455 2.7202 0.0418
2.8594 2.4455 2.7207 0.0418
2.8594 2.4455 2.7207 0.0418
2.8594 2.4455 2.7207 0.0418
2.8594 2.4455 2.7207 0.0418
2.8594 2.4455 2.7207 0.0418
2.8594 2.4455 2.7207 0.0418
2.8594 2.4455 2.7207 0.0418
2.8594 2.4455 2.7207 0.0418
2.8594 2.4455 2.7207 0.0418
2.8594 2.4455 2.7212 0.0418
2.8594 2.4455 2.7213 0.0418
2.8594 2.4455 2.7213 0.0418
2.8594 2.4455 2.7213 0.0418
2.8594 2.4455 2.7213 0.0418
2.8594 2.4455 2.7213 0.0418
2.8594 2.4455 2.7213 0.0418
2.8594 2.4455 2.7213 0.0418
2.8594 2.4455 2.7214 0.0419
2.8594 2.4455 2.7218 0.0419
2.8594 2.4455 2.7218 0.0419
2.8594 2.4455 2.7218 0.0419
2.8594 2.4455 2.7218 0.0419
2.8594 2.4455 2.7218 0.0419
2.8594 2.4455 2.7218 0.0419
2.8594 2.4455 2.7218 0.0419
2.8594 2.4455 2.7224 0.0418
2.8594 2.4455 2.7224 0.0418
2.8594 2.4455 2.7224 0.0418
2.8594 2.4455 2.7224 0.0418
2.8630 2.4455 2.7224 0.0419
2.8630 2.4455 2.7226 0.0420
2.8630 2.4455 2.7233 0.0422
2.8630 2.4455 2.7237 0.0418
2.8630 2.4455 2.7237 0.0418
2.8630 2.4455 2.7238 0.0418
2.8630 2.4455 2.7238 0.0418
2.8630 2.4455 2.7241 0.0418
2.8630 2.4455 2.7244 0.0420
2.8630 2.4455 2.7244 0.0420
2.8630 2.4455 2.7244 0.0420
2.8630 2.5586 2.7256 0.0355
2.8630 2.5586 2.7259 0.0356
2.8630 2.5586 2.7266 0.0356
2.8630 2.5586 2.7266 0.0356
2.8630 2.5586 2.7267 0.0357
2.8630 2.5586 2.7267 0.0357
2.8630 2.5586 2.7268 0.0357
2.8630 2.5586 2.7272 0.0357
2.8630 2.5586 2.7272 0.0356
2.8630 2.5586 2.7276 0.0355
2.8630 2.6656 2.7290 0.0313
2.8630 2.6656 2.7290 0.0313
2.8630 2.6656 2.7290 0.0313
2.8630 2.6656 2.7290 0.0313
2.8630 2.6656 2.7293 0.0312
2.8630 2.6656 2.7293 0.0312
2.8630 2.6656 2.7293 0.0312
2.8630 2.6656 2.7293 0.0312
2.8630 2.6656 2.7300 0.0313
2.8630 2.6656 2.7300 0.0313
2.8630 2.6656 2.7302 0.0314
2.8630 2.6656 2.7304 0.0315
2.8630 2.6656 2.7307 0.0312
2.8630 2.6656 2.7307 0.0312
2.8630 2.6656 2.7307 0.0312
2.8630 2.6656 2.7307 0.0312
2.8630 2.6656 2.7307 0.0312
2.8630 2.6656 2.7307 0.0312
2.8630 2.6656 2.7310 0.0311
2.8630 2.6656 2.7310 0.0311
2.8630 2.6656 2.7310 0.0311
2.8630 2.6656 2.7314 0.0313
2.8630 2.6656 2.7318 0.0315
2.8630 2.6656 2.7318 0.0315
2.8630 2.6656 2.7318 0.0315
2.8630 2.6656 2.7318 0.0315
2.8630 2.6656 2.7318 0.0315
2.8630 2.6656 2.7322 0.0315
2.8630 2.6656 2.7322 0.0315
2.8630 2.6656 2.7322 0.0315
2.8630 2.6656 2.7325 0.0317
2.8630 2.6656 2.7329 0.0316
2.8630 2.6656 2.7329 0.0316
2.8630 2.6656 2.7331 0.0316
2.8630 2.6656 2.7331 0.0316
2.8630 2.6656 2.7331 0.0316
2.8630 2.6656 2.7331 0.0316
2.8630 2.6656 2.7331 0.0316
2.8630 2.6656 2.7331 0.0316
2.8630 2.6656 2.7331 0.0316
2.8630 2.6656 2.7331 0.0316
2.8630 2.6656 2.7332 0.0316
2.8630 2.6656 2.7332 0.0316
2.8630 2.6656 2.7332 0.0316
2.8630 2.6656 2.7333 0.0317
2.8630 2.6656 2.7333 0.0317
2.8630 2.6656 2.7333 0.0317
2.8630 2.6656 2.7336 0.0318
2.8630 2.6656 2.7336 0.0319
2.8630 2.6656 2.7336 0.0319
2.8630 2.6656 2.7340 0.0320
2.8630 2.6656 2.7340 0.0320
2.8630 2.6656 2.7340 0.0320
2.8630 2.6656 2.7342 0.0316
2.8630 2.6867 2.7344 0.0312
2.8630 2.6867 2.7344 0.0312
2.8630 2.6867 2.7348 0.0310
2.8630 2.6867 2.7357 0.0333
2.8630 2.6867 2.7357 0.0333
2.8630 2.6867 2.7358 0.0333
2.8630 2.6867 2.7358 0.0333
2.8630 2.6867 2.7358 0.0333
2.8630 2.6867 2.7358 0.0333
2.8630 2.6867 2.7370 0.0356
2.8630 2.6867 2.7370 0.0356
2.8630 2.6867 2.7371 0.0357
2.8630 2.6867 2.7378 0.0356
2.8630 2.6867 2.7378 0.0356
2.8630 2.6867 2.7379 0.0355
2.8630 2.6867 2.7379 0.0356
2.8630 2.6867 2.7392 0.0376
2.8630 2.6867 2.7392 0.0376
2.8630 2.6867 2.7395 0.0373
2.8630 2.6867 2.7395 0.0373
2.8630 2.6867 2.7399 0.0371
2.8630 2.6867 2.7399 0.0371
2.8630 2.6867 2.7399 0.0371
2.8630 2.6867 2.7399 0.0371
2.8630 2.6867 2.7399 0.0371
2.8630 2.6867 2.7400 0.0372
2.8630 2.6867 2.7400 0.0372
2.8630 2.6867 2.7400 0.0372
2.8630 2.6867 2.7400 0.0372
2.8630 2.6867 2.7401 0.0372
2.8630 2.6867 2.7401 0.0372
2.8630 2.6867 2.7401 0.0372
2.8630 2.6867 2.7402 0.0372
2.8630 2.6867 2.7402 0.0372
2.8630 2.6867 2.7402 0.0372
2.8630 2.6867 2.7402 0.0372
2.8630 2.6867 2.7404 0.0372
2.8630 2.6867 2.7409 0.0369
2.8630 2.6867 2.7413 0.0367
2.8630 2.6867 2.7413 0.0367
2.8630 2.6867 2.7413 0.0367
2.8630 2.6867 2.7413 0.0366
2.8630 2.6867 2.7424 0.0386
2.8630 2.6867 2.7425 0.0386
2.8630 2.6867 2.7426 0.0387
2.8630 2.6867 2.7430 0.0385
2.8630 2.6867 2.7447 0.0399
2.8630 2.6867 2.7447 0.0399
2.8630 2.6867 2.7448 0.0399
2.8630 2.6867 2.7448 0.0399
2.8630 2.6867 2.7448 0.0399
2.8630 2.6867 2.7448 0.0399
2.8630 2.6867 2.7448 0.0399
2.8630 2.6867 2.7454 0.0397
2.8630 2.6867 2.7454 0.0397
2.8630 2.6867 2.7458 0.0399
2.8630 2.6867 2.7458 0.0399
2.8630 2.6867 2.7461 0.0399
2.8630 2.6867 2.7461 0.0399
2.8630 2.6867 2.7466 0.0395
2.8630 2.6867 2.7466 0.0395
2.8630 2.6867 2.7471 0.0392
2.8630 2.6867 2.7471 0.0392
2.8630 2.6867 2.7471 0.0393
2.8630 2.6867 2.7473 0.0393
2.8630 2.6867 2.7475 0.0392
2.8630 2.6867 2.7475 0.0392
2.8630 2.6867 2.7475 0.0392
2.8630 2.6867 2.7475 0.0392
2.8630 2.6867 2.7475 0.0392
2.8630 2.6867 2.7475 0.0392
2.8630 2.6867 2.7475 0.0392
2.8630 2.6867 2.7479 0.0389
2.8630 2.6867 2.7479 0.0389
2.8630 2.6867 2.7481 0.0390
2.8630 2.6867 2.7487 0.0397
2.8630 2.6867 2.7488 0.0397
2.8630 2.6867 2.7496 0.0393
2.8630 2.6867 2.7496 0.0393
2.8630 2.6867 2.7496 0.0393
2.8630 2.6867 2.7496 0.0393
2.8630 2.6867 2.7505 0.0400
2.8630 2.6867 2.7505 0.0400
2.8630 2.6867 2.7505 0.0400
2.8630 2.6867 2.7505 0.0400
2.8630 2.6867 2.7505 0.0400
2.8630 2.6867 2.7507 0.0400
2.8630 2.6867 2.7507 0.0400
2.8630 2.6867 2.7508 0.0401
2.8630 2.6867 2.7508 0.0400
2.8630 2.6867 2.7508 0.0400
2.8630 2.6867 2.7508 0.0400
2.8630 2.6867 2.7508 0.0400
2.8630 2.6867 2.7514 0.0397
2.8630 2.6867 2.7514 0.0397
2.8630 2.6867 2.7514 0.0397
2.8630 2.6867 2.7522 0.0404
2.8630 2.6867 2.7522 0.0405
2.8630 2.6867 2.7522 0.0405
2.8630 2.6867 2.7538 0.0416
2.8630 2.6867 2.7538 0.0416
2.8630 2.6867 2.7538 0.0416
2.8630 2.6867 2.7538 0.0416
2.8630 2.6867 2.7541 0.0414
2.8630 2.6867 2.7541 0.0413
2.8630 2.6867 2.7541 0.0413
2.8630 2.6867 2.7546 0.0415
2.8630 2.6867 2.7550 0.0415
2.8630 2.6867 2.7550 0.0415
2.8630 2.6867 2.7551 0.0416
2.8630 2.6867 2.7551 0.0416
2.8630 2.6867 2.7551 0.0416
2.8630 2.6867 2.7564 0.0429
2.8630 2.6867 2.7565 0.0428
2.8630 2.6867 2.7565 0.0428
2.8630 2.6867 2.7565 0.0428
2.8630 2.6867 2.7565 0.0428
2.8630 2.6867 2.7565 0.0428
2.8630 2.6867 2.7568 0.0428
2.8630 2.6867 2.7569 0.0428
2.8630 2.6867 2.7569 0.0428
2.8630 2.6867 2.7574 0.0428
2.8630 2.6867 2.7574 0.0428
2.8630 2.6867 2.7576 0.0427
2.8630 2.6867 2.7576 0.0427
2.8630 2.6867 2.7576 0.0427
2.8630 2.6867 2.7576 0.0427
2.8630 2.6867 2.7577 0.0427
2.8630 2.6867 2.7577 0.0427
2.8630 2.6867 2.7577 0.0427
2.8630 2.6867 2.7577 0.0427
2.8630 2.6867 2.7577 0.0427
2.8630 2.6867 2.7577 0.0427
2.8630 2.6867 2.7577 0.0427
2.8630 2.6867 2.7593 0.0436
2.8630 2.6867 2.7593 0.0436
2.8630 2.6867 2.7593 0.0436
2.8630 2.6867 2.7593 0.0436
2.8630 2.6867 2.7594 0.0435
2.8630 2.6867 2.7594 0.0435
2.8630 2.6867 2.7594 0.0435
2.8630 2.6867 2.7599 0.0436
2.8630 2.6867 2.7599 0.0436
2.8630 2.6867 2.7599 0.0436
2.8630 2.6867 2.7599 0.0436
2.8630 2.6867 2.7599 0.0436
2.8630 2.6867 2.7599 0.0436
2.8630 2.6867 2.7601 0.0436
2.8630 2.6867 2.7601 0.0436
2.8630 2.6867 2.7601 0.0436
2.8630 2.6867 2.7610 0.0447
2.8630 2.6867 2.7627 0.0454
2.8630 2.6867 2.7637 0.0465
2.8630 2.6867 2.7638 0.0465
2.8630 2.6867 2.7638 0.0465
2.8630 2.6867 2.7638 0.0464
2.8630 2.6867 2.7638 0.0464
2.8630 2.6867 2.7641 0.0464
2.8630 2.6867 2.7641 0.0464
2.8630 2.6867 2.7641 0.0464
2.8630 2.6867 2.7647 0.0467
2.8630 2.6867 2.7663 0.0473
2.8630 2.6867 2.7664 0.0473
2.8630 2.6867 2.7664 0.0473
2.8630 2.6867 2.7668 0.0469
2.8630 2.6867 2.7668 0.0469
2.8630 2.6867 2.7668 0.0469
2.8630 2.6867 2.7668 0.0469
2.8630 2.6867 2.7668 0.0469
2.8630 2.6867 2.7668 0.0469
2.8630 2.6867 2.7668 0.0469
2.8630 2.6867 2.7668 0.0469
2.8630 2.6867 2.7679 0.0479
2.8630 2.6867 2.7679 0.0479
2.8630 2.6867 2.7679 0.0479
2.8630 2.6867 2.7679 0.0479
2.8630 2.6867 2.7679 0.0479
2.8660 2.6867 2.7680 0.0479
2.8660 2.6867 2.7681 0.0479
2.8660 2.6867 2.7681 0.0479
2.8660 2.6867 2.7690 0.0488
2.8660 2.6867 2.7697 0.0496
2.8660 2.6867 2.7697 0.0496
2.8660 2.6867 2.7697 0.0497
2.8660 2.6914 2.7702 0.0491
2.8660 2.6914 2.7718 0.0495
2.8660 2.6914 2.7718 0.0495
2.8660 2.6914 2.7718 0.0495
2.8660 2.6914 2.7728 0.0503
2.8660 2.7009 2.7736 0.0496
2.8660 2.7009 2.7736 0.0496
2.8660 2.7009 2.7736 0.0496
2.8660 2.7009 2.7736 0.0496
2.8660 2.7009 2.7737 0.0496
2.8660 2.7009 2.7741 0.0494
2.8660 2.7009 2.7754 0.0500
2.8660 2.7009 2.7754 0.0500
2.8660 2.7009 2.7758 0.0496
2.8660 2.7009 2.7768 0.0504
2.8660 2.7009 2.7768 0.0504
2.8660 2.7009 2.7768 0.0503
2.8660 2.7009 2.7768 0.0503
2.8660 2.7009 2.7768 0.0503
2.8660 2.7009 2.7772 0.0504
2.8660 2.7009 2.7772 0.0504
2.8660 2.7009 2.7772 0.0504
2.8660 2.7009 2.7772 0.0504
2.8660 2.7009 2.7784 0.0509
2.8660 2.7009 2.7784 0.0509
2.8660 2.7009 2.7784 0.0509
2.8660 2.7009 2.7784 0.0509
2.8660 2.7009 2.7784 0.0509
2.8660 2.7009 2.7784 0.0509
2.8660 2.7009 2.7784 0.0509
2.8660 2.7009 2.7790 0.0511
2.8660 2.7009 2.7790 0.0511
2.8660 2.7009 2.7794 0.0511
2.8660 2.7009 2.7799 0.0505
2.8660 2.7009 2.7799 0.0505
2.8660 2.7009 2.7799 0.0505
2.8660 2.7009 2.7799 0.0505
2.8660 2.7009 2.7799 0.0505
2.8660 2.7009 2.7810 0.0511
2.8660 2.7009 2.7810 0.0511
2.8921 2.7009 2.7812 0.0517
2.8921 2.7009 2.7817 0.0512
2.8921 2.7009 2.7824 0.0514
2.8921 2.7009 2.7834 0.0520
2.8921 2.7009 2.7834 0.0519
2.8921 2.7009 2.7834 0.0519
2.8921 2.7009 2.7835 0.0519
2.8921 2.7009 2.7838 0.0523
2.8921 2.7009 2.7841 0.0522
2.8921 2.7009 2.7842 0.0523
2.8921 2.7009 2.7844 0.0522
2.8921 2.7009 2.7846 0.0525
2.8921 2.7009 2.7848 0.0524
2.8921 2.7009 2.7858 0.0530
2.8921 2.7009 2.7858 0.0530
2.8921 2.7009 2.7859 0.0529
2.8921 2.7009 2.7863 0.0534
2.8921 2.7009 2.7863 0.0534
2.8921 2.7009 2.7876 0.0537
2.8921 2.7009 2.7879 0.0532
2.8921 2.7009 2.7879 0.0532
2.8921 2.7009 2.7879 0.0532
2.8921 2.7009 2.7884 0.0532
2.8921 2.7009 2.7884 0.0532
2.8921 2.7009 2.7893 0.0538
2.8921 2.7009 2.7893 0.0538
2.8921 2.7009 2.7904 0.0541
2.8921 2.7009 2.7904 0.0541
2.8921 2.7009 2.7914 0.0546
2.8921 2.7009 2.7921 0.0550
2.8921 2.7009 2.7921 0.0550
2.8921 2.7009 2.7921 0.0550
2.8921 2.7009 2.7921 0.0550
2.8921 2.7009 2.7930 0.0548
2.8921 2.7009 2.7930 0.0548
2.8921 2.7009 2.7930 0.0548
2.8921 2.7009 2.7930 0.0548
2.8921 2.7009 2.7947 0.0544
2.8921 2.7009 2.7947 0.0544
2.8921 2.7009 2.7956 0.0542
2.8921 2.7009 2.7958 0.0540
2.8921 2.7009 2.7974 0.0536
2.8921 2.7009 2.7974 0.0536
2.8921 2.7009 2.7974 0.0537
2.8921 2.7010 2.7990 0.0531
2.8921 2.7010 2.7991 0.0529
2.8921 2.7010 2.7991 0.0529
2.8921 2.7010 2.7991 0.0529
2.8921 2.7010 2.8000 0.0532
2.8921 2.7010 2.8000 0.0532
2.8921 2.7010 2.8002 0.0531
2.8921 2.7010 2.8014 0.0532
2.8921 2.7010 2.8014 0.0532
2.8921 2.7010 2.8017 0.0530
2.8921 2.7010 2.8017 0.0530
2.8921 2.7010 2.8017 0.0530
2.8921 2.7010 2.8020 0.0529
2.8921 2.7010 2.8020 0.0529
2.8921 2.7010 2.8020 0.0529
2.8921 2.7010 2.8020 0.0529
2.8921 2.7010 2.8035 0.0531
2.8921 2.7010 2.8035 0.0531
2.8921 2.7010 2.8035 0.0531
2.8921 2.7010 2.8045 0.0533
2.8921 2.7010 2.8045 0.0533
2.8921 2.7010 2.8045 0.0533
2.8921 2.7010 2.8045 0.0533
2.8921 2.7010 2.8045 0.0533
2.8921 2.7010 2.8045 0.0533
2.8921 2.7010 2.8045 0.0533
2.8921 2.7010 2.8045 0.0533
2.8921 2.7010 2.8055 0.0534
2.8921 2.7010 2.8056 0.0535
2.8921 2.7010 2.8056 0.0535
2.8921 2.7010 2.8056 0.0535
2.8921 2.7010 2.8069 0.0532
2.8921 2.7010 2.8072 0.0530
2.8921 2.7010 2.8072 0.0531
2.8921 2.7010 2.8081 0.0533
2.8921 2.7010 2.8081 0.0533
2.8921 2.7010 2.8081 0.0533
2.8921 2.7010 2.8081 0.0533
2.8921 2.7010 2.8084 0.0530
2.8921 2.7010 2.8084 0.0530
2.8921 2.7010 2.8084 0.0530
2.8921 2.7010 2.8085 0.0529
2.8921 2.7010 2.8085 0.0529
2.8921 2.7010 2.8087 0.0527
2.8921 2.7010 2.8087 0.0527
2.8921 2.7010 2.8092 0.0526
2.8921 2.7010 2.8092 0.0526
2.8921 2.7010 2.8093 0.0525
2.8921 2.7010 2.8093 0.0525
2.8921 2.7010 2.8093 0.0525
2.8921 2.7010 2.8103 0.0526
2.8921 2.7010 2.8104 0.0525
2.8921 2.7010 2.8104 0.0525
2.8921 2.7010 2.8104 0.0525
2.8921 2.7010 2.8118 0.0521
2.8921 2.7010 2.8119 0.0520
2.8921 2.7010 2.8132 0.0518
2.8921 2.7010 2.8133 0.0516
2.8921 2.7010 2.8133 0.0516
2.8921 2.7010 2.8133 0.0516
2.8921 2.7010 2.8133 0.0516
2.8921 2.7010 2.8138 0.0519
2.8921 2.7010 2.8146 0.0521
2.8921 2.7010 2.8149 0.0517
2.8921 2.7010 2.8149 0.0517
2.8921 2.7010 2.8149 0.0517
2.8921 2.7010 2.8159 0.0518
2.8921 2.7010 2.8165 0.0522
2.8921 2.7010 2.8165 0.0522
2.8921 2.7010 2.8165 0.0522
2.8921 2.7010 2.8165 0.0522
2.8921 2.7010 2.8166 0.0523
2.8921 2.7010 2.8166 0.0523
2.8935 2.7010 2.8173 0.0529
2.8935 2.7010 2.8173 0.0529
2.8935 2.7010 2.8173 0.0529
2.8935 2.7010 2.8173 0.0529
2.8935 2.7010 2.8173 0.0529
2.8935 2.7010 2.8173 0.0529
2.8935 2.7010 2.8173 0.0529
2.9206 2.7010 2.8178 0.0537
2.9206 2.7010 2.8190 0.0540
2.9206 2.7010 2.8190 0.0540
2.9206 2.7010 2.8190 0.0540
2.9206 2.7010 2.8190 0.0541
2.9206 2.7010 2.8197 0.0545
2.9206 2.7010 2.8201 0.0546
2.9206 2.7010 2.8213 0.0548
2.9206 2.7010 2.8213 0.0549
2.9206 2.7010 2.8221 0.0549
2.9206 2.7010 2.8222 0.0549
2.9206 2.7010 2.8222 0.0549
2.9206 2.7010 2.8234 0.0544
2.9206 2.7010 2.8234 0.0544
2.9206 2.7010 2.8244 0.0543
2.9206 2.7010 2.8257 0.0537
2.9206 2.7010 2.8257 0.0537
2.9206 2.7010 2.8266 0.0537
2.9206 2.7010 2.8267 0.0535
2.9206 2.7010 2.8270 0.0538
2.9206 2.7010 2.8270 0.0538
2.9206 2.7010 2.8270 0.0538
2.9206 2.7010 2.8271 0.0540
2.9206 2.7010 2.8271 0.0540
2.9206 2.7010 2.8272 0.0540
2.9206 2.7010 2.8272 0.0540
2.9206 2.7010 2.8272 0.0540
2.9206 2.7010 2.8272 0.0540
2.9206 2.7350 2.8288 0.0526
2.9206 2.7350 2.8292 0.0530
2.9206 2.7350 2.8292 0.0530
2.9206 2.7350 2.8292 0.0530
2.9206 2.7350 2.8292 0.0530
2.9206 2.7350 2.8292 0.0530
2.9206 2.7350 2.8292 0.0530
2.9206 2.7350 2.8292 0.0530
2.9206 2.7350 2.8293 0.0530
2.9206 2.7350 2.8293 0.0530
2.9206 2.7350 2.8293 0.0530
2.9206 2.7350 2.8293 0.0530
2.9206 2.7350 2.8293 0.0530
2.9206 2.7350 2.8299 0.0524
2.9206 2.7350 2.8308 0.0521
2.9206 2.7350 2.8308 0.0522
2.9206 2.7350 2.8308 0.0522
2.9206 2.7350 2.8308 0.0522
2.9206 2.7350 2.8309 0.0522
2.9206 2.7350 2.8311 0.0525
2.9206 2.7350 2.8311 0.0525
2.9206 2.7350 2.8311 0.0525
2.9206 2.7350 2.8311 0.0525
2.9206 2.7350 2.8311 0.0525
2.9206 2.7350 2.8311 0.0525
2.9206 2.7350 2.8312 0.0525
2.9206 2.7350 2.8312 0.0525
2.9206 2.7350 2.8312 0.0525
2.9206 2.7350 2.8324 0.0520
2.9206 2.7350 2.8335 0.0516
2.9206 2.7350 2.8338 0.0518
2.9206 2.7350 2.8343 0.0524
2.9206 2.7350 2.8343 0.0524
2.9206 2.7350 2.8343 0.0524
2.9206 2.7350 2.8343 0.0524
2.9206 2.7350 2.8343 0.0524
2.9206 2.7350 2.8343 0.0524
2.9206 2.7350 2.8343 0.0524
2.9206 2.7350 2.8354 0.0520
2.9206 2.7350 2.8356 0.0519
2.9206 2.7350 2.8368 0.0510
2.9206 2.7350 2.8379 0.0510
2.9206 2.7350 2.8379 0.0510
2.9206 2.7350 2.8379 0.0510
2.9206 2.7350 2.8379 0.0510
2.9206 2.7350 2.8379 0.0510
2.9206 2.7350 2.8379 0.0510
2.9206 2.7350 2.8382 0.0512
2.9206 2.7350 2.8385 0.0508
2.9206 2.7350 2.8385 0.0508
2.9206 2.7350 2.8385 0.0508
2.9206 2.7350 2.8385 0.0508
2.9206 2.7350 2.8398 0.0499
2.9206 2.7350 2.8398 0.0499
2.9206 2.7350 2.8398 0.0499
2.9206 2.7350 2.8411 0.0488
2.9206 2.7350 2.8411 0.0488
2.9206 2.7350 2.8422 0.0487
2.9206 2.7350 2.8422 0.0487
2.9206 2.7350 2.8422 0.0487
2.9206 2.7350 2.8422 0.0487
2.9206 2.7443 2.8435 0.0475
2.9206 2.7443 2.8435 0.0475
2.9206 2.7443 2.8437 0.0477
2.9206 2.7443 2.8437 0.0477
2.9206 2.7443 2.8437 0.0477
2.9206 2.7443 2.8437 0.0477
2.9206 2.7443 2.8437 0.0477
2.9206 2.7443 2.8438 0.0477
2.9206 2.7443 2.8438 0.0477
2.9206 2.7443 2.8438 0.0477
2.9206 2.7443 2.8438 0.0478
2.9206 2.7443 2.8445 0.0471
2.9206 2.7443 2.8445 0.0471
2.9206 2.7443 2.8453 0.0464
2.9206 2.7443 2.8453 0.0464
2.9206 2.7443 2.8453 0.0464
2.9206 2.7443 2.8453 0.0464
2.9206 2.7443 2.8453 0.0465
2.9206 2.7443 2.8453 0.0465
2.9206 2.7443 2.8453 0.0465
2.9206 2.7443 2.8454 0.0465
2.9206 2.7443 2.8460 0.0466
2.9206 2.7443 2.8472 0.0456
2.9206 2.7443 2.8472 0.0456
2.9206 2.7443 2.8472 0.0456
2.9206 2.7443 2.8472 0.0456
2.9206 2.7443 2.8480 0.0446
2.9206 2.7443 2.8480 0.0446
2.9206 2.7443 2.8480 0.0446
2.9206 2.7443 2.8480 0.0446
2.9206 2.7443 2.8480 0.0446
2.9206 2.7443 2.8482 0.0448
2.9206 2.7443 2.8495 0.0440
2.9206 2.7443 2.8499 0.0442
2.9206 2.7443 2.8503 0.0445
2.9206 2.7443 2.8512 0.0439
2.9206 2.7443 2.8512 0.0439
2.9206 2.7443 2.8521 0.0433
2.9206 2.7443 2.8529 0.0427
2.9206 2.7443 2.8530 0.0426
2.9206 2.7443 2.8530 0.0426
2.9206 2.7443 2.8530 0.0426
2.9206 2.7443 2.8530 0.0426
2.9206 2.7443 2.8530 0.0426
2.9206 2.7443 2.8532 0.0427
2.9206 2.7443 2.8543 0.0419
2.9206 2.7443 2.8545 0.0421
2.9206 2.7443 2.8545 0.0421
2.9206 2.7443 2.8550 0.0419
2.9206 2.7443 2.8550 0.0419
2.9206 2.7443 2.8550 0.0419
2.9206 2.7443 2.8550 0.0419
2.9206 2.7443 2.8550 0.0419
2.9206 2.7443 2.8560 0.0415
2.9206 2.7443 2.8561 0.0416
2.9206 2.7443 2.8561 0.0416
2.9206 2.7443 2.8561 0.0416
2.9206 2.7443 2.8569 0.0408
2.9206 2.7443 2.8569 0.0408
2.9206 2.7443 2.8569 0.0408
2.9206 2.7443 2.8569 0.0408
2.9206 2.7443 2.8569 0.0408
2.9206 2.7443 2.8576 0.0405
2.9206 2.7443 2.8576 0.0405
2.9206 2.7443 2.8576 0.0405
2.9206 2.7443 2.8577 0.0405
2.9206 2.7443 2.8577 0.0405
2.9206 2.7443 2.8577 0.0405
2.9206 2.7443 2.8580 0.0407
2.9206 2.7443 2.8584 0.0411
2.9206 2.7443 2.8584 0.0411
2.9206 2.7443 2.8584 0.0411
2.9206 2.7443 2.8584 0.0411
2.9206 2.7443 2.8584 0.0411
2.9206 2.7443 2.8584 0.0411
2.9206 2.7443 2.8586 0.0411
2.9206 2.7443 2.8587 0.0411
2.9206 2.7443 2.8587 0.0411
2.9206 2.7443 2.8588 0.0411
2.9206 2.7443 2.8590 0.0413
2.9206 2.7443 2.8590 0.0413
2.9206 2.7443 2.8590 0.0413
2.9206 2.7443 2.8602 0.0396
2.9206 2.7443 2.8602 0.0396
2.9206 2.7443 2.8602 0.0396
2.9206 2.7443 2.8602 0.0396
2.9206 2.7443 2.8602 0.0396
2.9206 2.7443 2.8602 0.0396
2.9206 2.7443 2.8602 0.0396
2.9206 2.7443 2.8605 0.0398
2.9206 2.7443 2.8605 0.0398
2.9206 2.7443 2.8612 0.0393
2.9206 2.7443 2.8613 0.0393
2.9206 2.7443 2.8613 0.0393
2.9206 2.7443 2.8613 0.0393
2.9206 2.7443 2.8613 0.0393
2.9206 2.7443 2.8613 0.0393
2.9206 2.7443 2.8625 0.0375
2.9206 2.7443 2.8629 0.0374
2.9206 2.7443 2.8630 0.0374
2.9206 2.7443 2.8630 0.0374
2.9206 2.7443 2.8630 0.0374
2.9206 2.7443 2.8630 0.0374
2.9206 2.7443 2.8630 0.0374
2.9206 2.7443 2.8630 0.0374
2.9206 2.7443 2.8630 0.0374
2.9206 2.7443 2.8630 0.0374
2.9206 2.7443 2.8630 0.0374
2.9206 2.7443 2.8630 0.0374
2.9206 2.7443 2.8630 0.0375
2.9206 2.7443 2.8630 0.0375
2.9206 2.7443 2.8630 0.0375
2.9206 2.7443 2.8630 0.0375
2.9206 2.7443 2.8646 0.0367
2.9206 2.7443 2.8646 0.0367
2.9206 2.7443 2.8646 0.0367
2.9206 2.7443 2.8646 0.0367
2.9206 2.7443 2.8647 0.0367
2.9206 2.7443 2.8647 0.0367
2.9206 2.7443 2.8648 0.0368
2.9206 2.7443 2.8648 0.0368
2.9206 2.7443 2.8649 0.0368
2.9206 2.7443 2.8649 0.0368
2.9206 2.7443 2.8652 0.0369
2.9206 2.7443 2.8653 0.0370
2.9545 2.7443 2.8658 0.0379
2.9545 2.7443 2.8658 0.0379
2.9545 2.7443 2.8659 0.0379
2.9545 2.7443 2.8659 0.0379
2.9545 2.7443 2.8666 0.0374
2.9545 2.7443 2.8666 0.0374
2.9545 2.7443 2.8668 0.0374
2.9545 2.7443 2.8668 0.0374
2.9545 2.7443 2.8670 0.0375
2.9545 2.7443 2.8670 0.0375
2.9545 2.7443 2.8670 0.0375
2.9545 2.7443 2.8670 0.0375
2.9545 2.7443 2.8670 0.0375
2.9545 2.7443 2.8670 0.0375
2.9545 2.7443 2.8670 0.0375
2.9545 2.7443 2.8670 0.0375
2.9545 2.7443 2.8670 0.0375
2.9545 2.7443 2.8679 0.0364
2.9545 2.7443 2.8680 0.0364
2.9545 2.7443 2.8680 0.0364
2.9545 2.7443 2.8680 0.0364
2.9545 2.7443 2.8680 0.0364
2.9545 2.7443 2.8680 0.0365
2.9545 2.7443 2.8681 0.0364
2.9545 2.7443 2.8694 0.0350
2.9545 2.7443 2.8694 0.0350
2.9545 2.7443 2.8694 0.0350
2.9545 2.7443 2.8697 0.0350
2.9545 2.7443 2.8697 0.0350
2.9545 2.7443 2.8697 0.0350
2.9545 2.7443 2.8697 0.0350
2.9545 2.7443 2.8697 0.0350
2.9545 2.7443 2.8697 0.0350
2.9545 2.7443 2.8697 0.0350
2.9545 2.7443 2.8697 0.0350
2.9545 2.7443 2.8699 0.0353
2.9545 2.7443 2.8699 0.0353
2.9545 2.7443 2.8702 0.0354
2.9545 2.7443 2.8702 0.0354
2.9545 2.7443 2.8702 0.0354
2.9545 2.7443 2.8702 0.0354
2.9545 2.7443 2.8713 0.0351
2.9545 2.7443 2.8713 0.0351
2.9545 2.7443 2.8717 0.0353
2.9545 2.7443 2.8717 0.0353
2.9545 2.7443 2.8717 0.0353
2.9545 2.7443 2.8720 0.0353
2.9545 2.7443 2.8720 0.0353
2.9545 2.7443 2.8722 0.0355
2.9545 2.7443 2.8723 0.0356
2.9545 2.7443 2.8736 0.0341
2.9545 2.7443 2.8736 0.0341
2.9545 2.7443 2.8736 0.0341
2.9545 2.7443 2.8736 0.0341
2.9545 2.7443 2.8736 0.0341
2.9545 2.7443 2.8736 0.0341
2.9545 2.7443 2.8736 0.0341
2.9545 2.7443 2.8736 0.0341
2.9545 2.7443 2.8738 0.0341
2.9545 2.7443 2.8738 0.0341
2.9545 2.7443 2.8738 0.0341
2.9545 2.7443 2.8738 0.0341
2.9545 2.7443 2.8738 0.0341
2.9545 2.7443 2.8743 0.0344
2.9545 2.7443 2.8743 0.0344
2.9545 2.7443 2.8745 0.0344
2.9545 2.7443 2.8746 0.0345
2.9545 2.7443 2.8751 0.0348
2.9545 2.7443 2.8751 0.0348
2.9545 2.7443 2.8751 0.0348
2.9545 2.7443 2.8758 0.0334
2.9545 2.7443 2.8758 0.0334
2.9545 2.7443 2.8758 0.0334
2.9545 2.7443 2.8758 0.0334
2.9545 2.7443 2.8758 0.0334
2.9545 2.7443 2.8760 0.0334
2.9545 2.7443 2.8760 0.0334
2.9545 2.7443 2.8765 0.0337
2.9545 2.7443 2.8765 0.0337
2.9545 2.7443 2.8765 0.0337
2.9545 2.7443 2.8765 0.0337
2.9545 2.7443 2.8767 0.0338
2.9545 2.7443 2.8767 0.0338
2.9545 2.7443 2.8767 0.0338
2.9545 2.7443 2.8767 0.0338
2.9545 2.7443 2.8768 0.0338
2.9545 2.7443 2.8768 0.0338
2.9545 2.7443 2.8768 0.0338
2.9545 2.7443 2.8768 0.0338
2.9545 2.7443 2.8769 0.0340
2.9545 2.7443 2.8769 0.0340
2.9545 2.7443 2.8769 0.0340
2.9545 2.7443 2.8769 0.0340
2.9545 2.7443 2.8769 0.0340
2.9545 2.7443 2.8770 0.0340
2.9545 2.7443 2.8770 0.0340
2.9545 2.7443 2.8770 0.0339
2.9545 2.7443 2.8770 0.0339
2.9545 2.7443 2.8770 0.0339
2.9545 2.7443 2.8770 0.0339
2.9545 2.7443 2.8770 0.0339
2.9545 2.7443 2.8772 0.0341
2.9545 2.7443 2.8777 0.0343
2.9545 2.7546 2.8789 0.0316
2.9545 2.7546 2.8790 0.0316
2.9545 2.7546 2.8790 0.0316
2.9545 2.7546 2.8790 0.0316
2.9545 2.7546 2.8790 0.0316
2.9545 2.7546 2.8790 0.0316
2.9545 2.7546 2.8794 0.0312
2.9545 2.7546 2.8797 0.0316
2.9545 2.7546 2.8797 0.0316
2.9545 2.7546 2.8797 0.0316
2.9545 2.7546 2.8797 0.0316
2.9545 2.7546 2.8797 0.0316
2.9545 2.7546 2.8797 0.0316
2.9545 2.7546 2.8797 0.0316
2.9545 2.7546 2.8802 0.0303
2.9545 2.7546 2.8802 0.0303
2.9545 2.7546 2.8802 0.0303
2.9545 2.7546 2.8802 0.0303
2.9545 2.7546 2.8806 0.0308
2.9545 2.7546 2.8806 0.0308
2.9545 2.7546 2.8806 0.0308
2.9545 2.7546 2.8806 0.0308
2.9545 2.7546 2.8806 0.0308
2.9545 2.7546 2.8807 0.0308
2.9545 2.7546 2.8810 0.0308
2.9545 2.7546 2.8812 0.0308
2.9545 2.7546 2.8812 0.0309
2.9545 2.7546 2.8815 0.0309
2.9545 2.7546 2.8820 0.0305
2.9545 2.7546 2.8821 0.0305
2.9545 2.7546 2.8823 0.0305
2.9545 2.7546 2.8823 0.0305
2.9545 2.7546 2.8823 0.0305
2.9545 2.7546 2.8823 0.0305
2.9545 2.7546 2.8823 0.0305
2.9545 2.7546 2.8823 0.0305
2.9545 2.7546 2.8823 0.0305
2.9545 2.7546 2.8824 0.0304
2.9545 2.7546 2.8824 0.0304
2.9545 2.7546 2.8828 0.0300
2.9545 2.7546 2.8832 0.0289
2.9545 2.7546 2.8835 0.0289
2.9545 2.7546 2.8836 0.0290
2.9545 2.7546 2.8836 0.0290
2.9545 2.7546 2.8836 0.0290
2.9545 2.7546 2.8836 0.0290
2.9545 2.7546 2.8836 0.0290
2.9545 2.7546 2.8849 0.0266
2.9545 2.7546 2.8849 0.0266
2.9545 2.7546 2.8849 0.0266
2.9545 2.7546 2.8849 0.0266
2.9545 2.7546 2.8854 0.0268
2.9545 2.7546 2.8857 0.0268
2.9545 2.7546 2.8859 0.0267
2.9545 2.7546 2.8862 0.0266
2.9545 2.7546 2.8866 0.0267
2.9545 2.7546 2.8867 0.0267
2.9545 2.7546 2.8867 0.0267
2.9545 2.7546 2.8867 0.0267
2.9545 2.7546 2.8868 0.0268
2.9545 2.7546 2.8868 0.0268
2.9545 2.7546 2.8868 0.0268
2.9545 2.7546 2.8868 0.0268
2.9545 2.7546 2.8870 0.0269
2.9545 2.7546 2.8870 0.0269
2.9545 2.7546 2.8875 0.0270
2.9545 2.7546 2.8879 0.0272
2.9545 2.7546 2.8881 0.0274
2.9545 2.7546 2.8881 0.0274
2.9545 2.7546 2.8883 0.0273
2.9545 2.7546 2.8885 0.0274
2.9545 2.7546 2.8885 0.0274
2.9545 2.7546 2.8885 0.0274
2.9545 2.7546 2.8889 0.0273
2.9545 2.7546 2.8889 0.0273
2.9545 2.7546 2.8889 0.0273
2.9545 2.7546 2.8892 0.0272
2.9545 2.7546 2.8892 0.0272
2.9545 2.7546 2.8892 0.0272
2.9545 2.7546 2.8894 0.0273
2.9545 2.7546 2.8895 0.0272
2.9545 2.7546 2.8895 0.0272
2.9545 2.7546 2.8895 0.0272
2.9545 2.7546 2.8898 0.0272
2.9545 2.7546 2.8901 0.0276
2.9545 2.7546 2.8901 0.0276
2.9545 2.7546 2.8901 0.0276
2.9545 2.7546 2.8901 0.0276
2.9545 2.7546 2.8903 0.0275
2.9545 2.7546 2.8903 0.0275
2.9545 2.7546 2.8903 0.0275
2.9545 2.7546 2.8903 0.0275
2.9545 2.7546 2.8908 0.0276
2.9545 2.7546 2.8913 0.0276
2.9545 2.7546 2.8913 0.0276
2.9545 2.7546 2.8913 0.0276
2.9545 2.7546 2.8916 0.0275
2.9545 2.7546 2.8916 0.0275
2.9545 2.7546 2.8916 0.0275
2.9545 2.7546 2.8916 0.0275
2.9545 2.7546 2.8916 0.0275
2.9545 2.7546 2.8920 0.0282
2.9545 2.7546 2.8920 0.0282
2.9545 2.7546 2.8920 0.0282
2.9545 2.7546 2.8931 0.0271
2.9545 2.7546 2.8931 0.0271
2.9545 2.7546 2.8933 0.0272
2.9545 2.7546 2.8935 0.0271
2.9545 2.7546 2.8935 0.0271
2.9545 2.7546 2.8935 0.0271
2.9545 2.7546 2.8935 0.0271
2.9545 2.7546 2.8935 0.0271
2.9545 2.7546 2.8935 0.0271
2.9545 2.7546 2.8935 0.0271
2.9545 2.7546 2.8935 0.0271
2.9545 2.7546 2.8937 0.0270
2.9545 2.7546 2.8937 0.0270
2.9545 2.7546 2.8937 0.0270
2.9545 2.7546 2.8937 0.0270
2.9545 2.7546 2.8941 0.0269
2.9545 2.7546 2.8941 0.0269
2.9545 2.7546 2.8941 0.0269
2.9545 2.7546 2.8941 0.0269
2.9545 2.7546 2.8941 0.0269
2.9545 2.7546 2.8941 0.0269
2.9545 2.7546 2.8941 0.0269
2.9545 2.7546 2.8941 0.0269
2.9545 2.7546 2.8941 0.0268
2.9545 2.7546 2.8943 0.0270
2.9545 2.7546 2.8943 0.0270
2.9545 2.7546 2.8952 0.0275
2.9545 2.7546 2.8955 0.0277
2.9545 2.7546 2.8955 0.0277
2.9545 2.7546 2.8960 0.0276
2.9545 2.7546 2.8960 0.0276
2.9545 2.7546 2.8960 0.0276
2.9678 2.7546 2.8962 0.0281
2.9678 2.7546 2.8962 0.0281
2.9678 2.7546 2.8962 0.0281
2.9678 2.7546 2.8962 0.0281
2.9678 2.7546 2.8962 0.0281
2.9678 2.7546 2.8964 0.0283
2.9678 2.7546 2.8964 0.0283
2.9678 2.7546 2.8973 0.0287
2.9678 2.7546 2.8973 0.0287
2.9678 2.7546 2.8973 0.0287
2.9678 2.7546 2.8978 0.0287
2.9678 2.7546 2.8979 0.0286
2.9678 2.7546 2.8979 0.0286
2.9678 2.7546 2.8979 0.0286
2.9678 2.7546 2.8979 0.0286
2.9678 2.7546 2.8979 0.0286
2.9678 2.7546 2.8979 0.0286
2.9678 2.7546 2.8984 0.0286
2.9678 2.7546 2.8984 0.0286
2.9678 2.7546 2.8984 0.0286
2.9678 2.7546 2.8984 0.0286
2.9678 2.7546 2.8984 0.0286
2.9678 2.7546 2.8986 0.0286
2.9678 2.7546 2.8986 0.0286
2.9678 2.7546 2.8989 0.0287
2.9678 2.7546 2.8990 0.0287
2.9678 2.7546 2.8990 0.0287
2.9678 2.7546 2.8993 0.0289
2.9678 2.7546 2.8993 0.0289
2.9678 2.7546 2.8997 0.0287
2.9678 2.7546 2.8997 0.0287
2.9678 2.7546 2.8997 0.0287
2.9678 2.7546 2.9000 0.0287
2.9678 2.7546 2.9000 0.0287
2.9678 2.7546 2.9000 0.0287
2.9678 2.7546 2.9000 0.0287
2.9678 2.7546 2.9000 0.0287
2.9678 2.7546 2.9000 0.0286
2.9678 2.7546 2.9000 0.0286
2.9678 2.7546 2.9001 0.0286
2.9678 2.7546 2.9001 0.0286
2.9678 2.7546 2.9001 0.0286
2.9678 2.7546 2.9001 0.0286
2.9678 2.7546 2.9001 0.0286
2.9678 2.7546 2.9001 0.0287
2.9678 2.7546 2.9003 0.0287
2.9678 2.7546 2.9005 0.0286
2.9678 2.7546 2.9006 0.0287
2.9678 2.7546 2.9007 0.0287
2.9678 2.7546 2.9009 0.0287
2.9678 2.7546 2.9009 0.0287
2.9678 2.7546 2.9009 0.0287
2.9678 2.7546 2.9009 0.0287
2.9678 2.7546 2.9009 0.0288
2.9678 2.7546 2.9010 0.0288
2.9678 2.7546 2.9010 0.0288
2.9678 2.7546 2.9016 0.0287
2.9678 2.7546 2.9016 0.0287
2.9678 2.7546 2.9016 0.0287
2.9678 2.7546 2.9016 0.0288
2.9678 2.7546 2.9016 0.0288
2.9678 2.7546 2.9019 0.0288
2.9678 2.7546 2.9019 0.0288
2.9678 2.7546 2.9019 0.0288
2.9678 2.8037 2.9030 0.0249
2.9678 2.8037 2.9030 0.0249
2.9678 2.8037 2.9030 0.0249
2.9678 2.8037 2.9030 0.0249
2.9678 2.8037 2.9030 0.0249
2.9678 2.8037 2.9030 0.0249
2.9678 2.8037 2.9034 0.0249
2.9678 2.8037 2.9035 0.0250
2.9678 2.8037 2.9035 0.0250
2.9678 2.8037 2.9041 0.0252
2.9678 2.8037 2.9041 0.0252
2.9678 2.8037 2.9041 0.0252
2.9678 2.8037 2.9041 0.0252
2.9678 2.8037 2.9042 0.0252
2.9678 2.8037 2.9042 0.0252
2.9678 2.8037 2.9042 0.0252
2.9678 2.8037 2.9044 0.0252
2.9678 2.8037 2.9048 0.0256
2.9678 2.8037 2.9048 0.0256
2.9678 2.8037 2.9048 0.0256
2.9678 2.8037 2.9051 0.0258
2.9678 2.8037 2.9051 0.0258
2.9678 2.8037 2.9051 0.0258
2.9678 2.8037 2.9052 0.0259
2.9678 2.8037 2.9055 0.0259
2.9678 2.8037 2.9055 0.0259
2.9678 2.8037 2.9056 0.0260
2.9678 2.8037 2.9061 0.0264
2.9678 2.8037 2.9063 0.0266
2.9678 2.8037 2.9063 0.0266
2.9678 2.8037 2.9066 0.0268
2.9678 2.8037 2.9066 0.0268
2.9678 2.8037 2.9066 0.0268
2.9678 2.8037 2.9066 0.0268
2.9678 2.8037 2.9068 0.0268
2.9678 2.8037 2.9068 0.0268
2.9678 2.8037 2.9069 0.0268
2.9678 2.8037 2.9069 0.0268
2.9678 2.8037 2.9069 0.0268
2.9678 2.8037 2.9073 0.0272
2.9678 2.8037 2.9074 0.0273
2.9678 2.8037 2.9075 0.0273
2.9678 2.8037 2.9075 0.0273
2.9678 2.8037 2.9075 0.0273
2.9678 2.8037 2.9075 0.0273
2.9693 2.8660 2.9091 0.0259
2.9693 2.8660 2.9091 0.0259
2.9693 2.8660 2.9091 0.0259
2.9693 2.8660 2.9091 0.0259
2.9693 2.8660 2.9096 0.0265
2.9899 2.8660 2.9101 0.0275
2.9899 2.8660 2.9103 0.0275
2.9899 2.8660 2.9106 0.0275
2.9899 2.8660 2.9107 0.0275
2.9899 2.8660 2.9107 0.0275
2.9899 2.8660 2.9114 0.0281
2.9899 2.8660 2.9114 0.0281
2.9899 2.8660 2.9115 0.0281
2.9899 2.8660 2.9115 0.0281
2.9899 2.8660 2.9115 0.0282
2.9899 2.8660 2.9121 0.0280
2.9899 2.8660 2.9121 0.0280
2.9899 2.8660 2.9132 0.0284
2.9899 2.8660 2.9132 0.0284
2.9899 2.8660 2.9132 0.0284
2.9899 2.8660 2.9132 0.0284
2.9899 2.8660 2.9133 0.0283
2.9899 2.8660 2.9133 0.0283
2.9899 2.8660 2.9133 0.0283
2.9899 2.8660 2.9136 0.0286
2.9899 2.8660 2.9142 0.0287
2.9899 2.8660 2.9142 0.0287
2.9899 2.8660 2.9142 0.0287
2.9899 2.8660 2.9144 0.0287
2.9899 2.8660 2.9152 0.0284
2.9899 2.8660 2.9153 0.0285
2.9899 2.8660 2.9153 0.0285
2.9899 2.8660 2.9153 0.0285
2.9899 2.8660 2.9153 0.0285
2.9899 2.8660 2.9153 0.0285
2.9899 2.8660 2.9153 0.0285
2.9899 2.8660 2.9154 0.0285
2.9899 2.8660 2.9159 0.0281
2.9899 2.8660 2.9159 0.0281
2.9899 2.8660 2.9160 0.0281
2.9899 2.8660 2.9160 0.0281
2.9899 2.8660 2.9163 0.0283
2.9899 2.8660 2.9168 0.0282
2.9899 2.8660 2.9171 0.0282
2.9899 2.8660 2.9176 0.0282
2.9899 2.8660 2.9176 0.0282
2.9899 2.8660 2.9178 0.0283
2.9899 2.8660 2.9183 0.0287
2.9899 2.8660 2.9183 0.0287
2.9899 2.8660 2.9185 0.0288
2.9899 2.8660 2.9190 0.0283
2.9899 2.8660 2.9190 0.0283
2.9899 2.8660 2.9193 0.0280
2.9899 2.8660 2.9195 0.0282
2.9899 2.8660 2.9195 0.0282
2.9899 2.8660 2.9197 0.0282
2.9899 2.8660 2.9199 0.0283
2.9899 2.8660 2.9200 0.0283
2.9899 2.8660 2.9205 0.0281
2.9899 2.8660 2.9208 0.0280
2.9899 2.8660 2.9208 0.0280
2.9899 2.8660 2.9209 0.0281
2.9899 2.8660 2.9211 0.0284
2.9899 2.8660 2.9211 0.0284
2.9899 2.8660 2.9211 0.0284
2.9899 2.8660 2.9215 0.0286
2.9902 2.8660 2.9227 0.0290
2.9902 2.8660 2.9227 0.0290
2.9902 2.8660 2.9229 0.0291
2.9902 2.8660 2.9229 0.0291
2.9902 2.8660 2.9232 0.0289
2.9902 2.8660 2.9232 0.0289
2.9902 2.8660 2.9236 0.0291
2.9902 2.8660 2.9236 0.0291
2.9902 2.8660 2.9236 0.0291
2.9902 2.8660 2.9236 0.0291
2.9902 2.8660 2.9238 0.0289
2.9902 2.8660 2.9240 0.0289
2.9902 2.8660 2.9241 0.0290
2.9902 2.8660 2.9244 0.0291
2.9902 2.8660 2.9245 0.0291
2.9902 2.8660 2.9245 0.0291
2.9902 2.8660 2.9248 0.0292
2.9902 2.8660 2.9255 0.0290
2.9902 2.8660 2.9262 0.0292
2.9902 2.8660 2.9262 0.0292
2.9902 2.8660 2.9267 0.0285
2.9902 2.8660 2.9268 0.0285
2.9902 2.8660 2.9268 0.0285
2.9902 2.8660 2.9268 0.0285
2.9902 2.8660 2.9271 0.0287
2.9902 2.8660 2.9271 0.0288
2.9902 2.8660 2.9274 0.0290
2.9902 2.8660 2.9283 0.0285
2.9902 2.8660 2.9283 0.0285
2.9902 2.8660 2.9283 0.0285
2.9902 2.8660 2.9283 0.0285
2.9902 2.8660 2.9291 0.0285
2.9902 2.8660 2.9291 0.0285
2.9902 2.8660 2.9291 0.0285
2.9902 2.8660 2.9291 0.0285
2.9902 2.8660 2.9291 0.0285
2.9902 2.8660 2.9291 0.0285
2.9902 2.8660 2.9291 0.0285
2.9902 2.8660 2.9291 0.0285
2.9902 2.8660 2.9291 0.0285
2.9902 2.8660 2.9291 0.0285
2.9902 2.8660 2.9299 0.0278
2.9902 2.8660 2.9300 0.0279
2.9970 2.8660 2.9312 0.0282
2.9970 2.8660 2.9313 0.0285
2.9970 2.8660 2.9318 0.0291
2.9970 2.8660 2.9320 0.0291
2.9970 2.8660 2.9321 0.0290
2.9970 2.8660 2.9323 0.0288
2.9970 2.8660 2.9335 0.0286
2.9970 2.8660 2.9335 0.0286
2.9970 2.8660 2.9335 0.0286
2.9970 2.8660 2.9335 0.0286
2.9970 2.8660 2.9335 0.0286
2.9970 2.8660 2.9342 0.0291
2.9970 2.8660 2.9342 0.0291
2.9970 2.8660 2.9342 0.0291
2.9970 2.8660 2.9345 0.0291
2.9970 2.8660 2.9347 0.0293
2.9970 2.8660 2.9348 0.0294
2.9970 2.8660 2.9352 0.0291
2.9970 2.8660 2.9357 0.0289
2.9970 2.8660 2.9357 0.0288
2.9970 2.8660 2.9357 0.0288
2.9970 2.8660 2.9357 0.0288
2.9970 2.8660 2.9357 0.0288
2.9970 2.8660 2.9362 0.0280
2.9970 2.8660 2.9362 0.0280
2.9970 2.8660 2.9362 0.0280
2.9970 2.8660 2.9364 0.0277
2.9970 2.8660 2.9368 0.0274
2.9970 2.8660 2.9368 0.0274
2.9970 2.8660 2.9368 0.0274
2.9970 2.8660 2.9374 0.0279
2.9970 2.8660 2.9374 0.0279
2.9970 2.8660 2.9378 0.0276
2.9970 2.8660 2.9380 0.0275
2.9970 2.8660 2.9387 0.0279
2.9970 2.8660 2.9390 0.0281
2.9970 2.8660 2.9393 0.0280
2.9970 2.8660 2.9395 0.0280
2.9970 2.8660 2.9397 0.0279
2.9970 2.8660 2.9400 0.0283
2.9970 2.8660 2.9400 0.0283
2.9970 2.8660 2.9405 0.0276
2.9970 2.8660 2.9408 0.0277
2.9970 2.8660 2.9411 0.0281
2.9970 2.8660 2.9411 0.0281
2.9970 2.8660 2.9418 0.0284
2.9970 2.8660 2.9419 0.0284
2.9970 2.8660 2.9419 0.0284
2.9970 2.8660 2.9421 0.0284
2.9970 2.8660 2.9421 0.0284
2.9970 2.8660 2.9423 0.0283
2.9970 2.8660 2.9423 0.0283
2.9970 2.8660 2.9423 0.0283
2.9970 2.8660 2.9423 0.0283
2.9970 2.8660 2.9425 0.0283
2.9970 2.8660 2.9430 0.0286
2.9970 2.8660 2.9430 0.0286
2.9970 2.8660 2.9436 0.0290
2.9970 2.8660 2.9439 0.0291
2.9970 2.8660 2.9439 0.0291
2.9970 2.8660 2.9439 0.0291
2.9970 2.8660 2.9439 0.0291
2.9970 2.8660 2.9439 0.0291
2.9970 2.8660 2.9442 0.0294
2.9970 2.8660 2.9445 0.0297
2.9970 2.8660 2.9449 0.0300
2.9970 2.8660 2.9458 0.0299
2.9970 2.8660 2.9462 0.0300
2.9970 2.8660 2.9462 0.0300
2.9970 2.8660 2.9462 0.0300
2.9970 2.8660 2.9462 0.0300
2.9970 2.8660 2.9469 0.0297
2.9970 2.8660 2.9469 0.0297
2.9970 2.8660 2.9469 0.0297
2.9970 2.8660 2.9469 0.0297
2.9970 2.8660 2.9469 0.0297
2.9970 2.8660 2.9469 0.0297
2.9970 2.8660 2.9470 0.0297
2.9970 2.8660 2.9474 0.0299
2.9970 2.8660 2.9477 0.0300
2.9970 2.8660 2.9482 0.0303
2.9970 2.8660 2.9485 0.0301
2.9970 2.8660 2.9485 0.0301
2.9970 2.8660 2.9485 0.0301
2.9970 2.8660 2.9487 0.0304
2.9970 2.8660 2.9488 0.0302
2.9970 2.8660 2.9493 0.0302
2.9970 2.8660 2.9494 0.0302
2.9970 2.8660 2.9496 0.0302
2.9970 2.8660 2.9496 0.0302
2.9970 2.8660 2.9500 0.0303
3.0038 2.8660 2.9501 0.0305
3.0038 2.8660 2.9501 0.0305
3.0038 2.8660 2.9501 0.0305
3.0038 2.8660 2.9501 0.0305
3.0038 2.8660 2.9506 0.0304
3.0038 2.8660 2.9506 0.0304
3.0038 2.8660 2.9507 0.0304
3.0038 2.8660 2.9507 0.0304
3.0038 2.8660 2.9507 0.0304
3.0038 2.8660 2.9513 0.0298
3.0038 2.8660 2.9515 0.0298
3.0038 2.8660 2.9515 0.0298
3.0038 2.8660 2.9516 0.0298
3.0038 2.8660 2.9516 0.0298
3.0038 2.8660 2.9518 0.0296
3.0038 2.8660 2.9518 0.0296
3.0038 2.8660 2.9518 0.0296
3.0038 2.8660 2.9521 0.0294
3.0038 2.8660 2.9521 0.0294
3.0038 2.8660 2.9525 0.0293
3.0038 2.8660 2.9525 0.0293
3.0038 2.8660 2.9525 0.0293
3.0038 2.8660 2.9525 0.0293
3.0038 2.8660 2.9525 0.0293
3.0038 2.8660 2.9525 0.0293
3.0038 2.8660 2.9532 0.0293
3.0038 2.8660 2.9532 0.0293
3.0038 2.8660 2.9532 0.0293
3.0038 2.8660 2.9532 0.0293
3.0038 2.8660 2.9532 0.0293
3.0038 2.8660 2.9532 0.0293
3.0038 2.8660 2.9532 0.0293
3.0038 2.8660 2.9532 0.0293
3.0038 2.8660 2.9532 0.0293
3.0038 2.8660 2.9533 0.0293
3.0038 2.8660 2.9533 0.0293
3.0038 2.8660 2.9533 0.0293
3.0038 2.8660 2.9534 0.0293
3.0038 2.8660 2.9534 0.0293
3.0038 2.8660 2.9534 0.0293
3.0038 2.8660 2.9536 0.0294
3.0038 2.8660 2.9536 0.0294
3.0038 2.8660 2.9538 0.0293
3.0038 2.8660 2.9538 0.0293
3.0038 2.8660 2.9538 0.0293
3.0038 2.8660 2.9540 0.0293
3.0038 2.8660 2.9541 0.0292
3.0038 2.8660 2.9544 0.0294
3.0038 2.8660 2.9547 0.0295
3.0038 2.8660 2.9547 0.0295
3.0038 2.8660 2.9551 0.0297
3.0038 2.8660 2.9552 0.0296
3.0038 2.8660 2.9552 0.0296
3.0038 2.8660 2.9552 0.0296
3.0038 2.8660 2.9563 0.0289
3.0038 2.8660 2.9566 0.0286
3.0038 2.8660 2.9566 0.0286
3.0038 2.8660 2.9570 0.0288
3.0038 2.8660 2.9570 0.0288
3.0038 2.8660 2.9570 0.0288
3.0038 2.8660 2.9572 0.0287
3.0038 2.8660 2.9578 0.0288
3.0038 2.8660 2.9579 0.0287
3.0038 2.8660 2.9579 0.0287
3.0038 2.8660 2.9579 0.0287
3.0038 2.8660 2.9579 0.0287
3.0038 2.8660 2.9579 0.0287
3.0038 2.8660 2.9579 0.0287
3.0038 2.8660 2.9581 0.0287
3.0038 2.8660 2.9581 0.0287
3.0038 2.8660 2.9581 0.0287
3.0038 2.8660 2.9585 0.0289
3.0038 2.8660 2.9585 0.0289
3.0038 2.8660 2.9585 0.0289
3.0038 2.8660 2.9585 0.0289
3.0038 2.8660 2.9587 0.0291
3.0038 2.8660 2.9587 0.0291
3.0038 2.8660 2.9587 0.0291
3.0038 2.8660 2.9592 0.0292
3.0038 2.8660 2.9592 0.0292
3.0038 2.8660 2.9592 0.0292
3.0038 2.8660 2.9592 0.0292
3.0038 2.8660 2.9594 0.0293
3.0038 2.8660 2.9597 0.0293
3.0038 2.8660 2.9597 0.0293
3.0038 2.8660 2.9597 0.0292
3.0038 2.8660 2.9597 0.0292
3.0038 2.8660 2.9597 0.0292
3.0038 2.8660 2.9597 0.0292
3.0038 2.8660 2.9603 0.0293
3.0038 2.8660 2.9603 0.0293
3.0038 2.8660 2.9603 0.0293
3.0038 2.8660 2.9603 0.0293
3.0038 2.8660 2.9604 0.0293
3.0038 2.8660 2.9604 0.0293
3.0038 2.8660 2.9608 0.0296
3.0038 2.8660 2.9608 0.0296
3.0038 2.8660 2.9615 0.0295
3.0038 2.8660 2.9618 0.0296
3.0038 2.8660 2.9624 0.0296
3.0038 2.8660 2.9625 0.0295
3.0038 2.8660 2.9625 0.0295
3.0038 2.8660 2.9625 0.0295
3.0038 2.8660 2.9626 0.0296
3.0038 2.8660 2.9626 0.0296
3.0038 2.8660 2.9629 0.0295
3.0038 2.8660 2.9629 0.0295
3.0038 2.8660 2.9634 0.0297
3.0038 2.8660 2.9634 0.0297
3.0038 2.8660 2.9635 0.0296
3.0038 2.8660 2.9635 0.0296
3.0038 2.8660 2.9635 0.0296
3.0038 2.8660 2.9636 0.0294
3.0038 2.8660 2.9636 0.0294
3.0038 2.8788 2.9649 0.0279
3.0038 2.8788 2.9649 0.0279
3.0038 2.8788 2.9649 0.0279
3.0038 2.8788 2.9657 0.0276
3.0038 2.8788 2.9657 0.0276
3.0038 2.8788 2.9657 0.0276
3.0044 2.8788 2.9665 0.0275
3.0044 2.8788 2.9666 0.0276
3.0044 2.8788 2.9666 0.0276
3.0044 2.8788 2.9666 0.0276
3.0044 2.8788 2.9668 0.0274
3.0044 2.8788 2.9668 0.0274
3.0044 2.8788 2.9668 0.0274
3.0044 2.8788 2.9670 0.0276
3.0044 2.8788 2.9670 0.0276
3.0044 2.8788 2.9671 0.0277
3.0044 2.8788 2.9671 0.0277
3.0044 2.8788 2.9671 0.0277
3.0044 2.8788 2.9672 0.0277
3.0044 2.8788 2.9672 0.0277
3.0044 2.8788 2.9672 0.0277
3.0044 2.8788 2.9673 0.0279
3.0044 2.8788 2.9676 0.0279
3.0044 2.8788 2.9677 0.0280
3.0044 2.8788 2.9677 0.0280
3.0044 2.8788 2.9677 0.0280
3.0044 2.8788 2.9677 0.0280
3.0044 2.8788 2.9677 0.0280
3.0044 2.8788 2.9678 0.0280
3.0044 2.8788 2.9678 0.0280
3.0044 2.8788 2.9678 0.0280
3.0044 2.8788 2.9678 0.0280
3.0044 2.8788 2.9681 0.0279
3.0044 2.8788 2.9684 0.0278
3.0044 2.8788 2.9684 0.0278
3.0044 2.8788 2.9687 0.0280
3.0044 2.8788 2.9690 0.0276
3.0044 2.8788 2.9701 0.0268
3.0044 2.8788 2.9701 0.0268
3.0044 2.8788 2.9701 0.0268
3.0044 2.8788 2.9701 0.0268
3.0044 2.8788 2.9701 0.0268
3.0044 2.8788 2.9701 0.0268
3.0044 2.8788 2.9704 0.0270
3.0044 2.8788 2.9704 0.0270
3.0044 2.8788 2.9704 0.0270
3.0044 2.8788 2.9707 0.0270
3.0044 2.8788 2.9708 0.0270
3.0044 2.8788 2.9708 0.0270
3.0044 2.8788 2.9711 0.0269
3.0044 2.8788 2.9711 0.0269
3.0044 2.8788 2.9711 0.0269
3.0044 2.8788 2.9715 0.0263
3.0044 2.8788 2.9715 0.0263
3.0044 2.8788 2.9715 0.0263
3.0044 2.8788 2.9716 0.0263
3.0044 2.8788 2.9726 0.0252
3.0044 2.8788 2.9727 0.0253
3.0044 2.8788 2.9727 0.0253
3.0044 2.8788 2.9727 0.0253
3.0044 2.8788 2.9727 0.0253
3.0044 2.8788 2.9727 0.0253
3.0044 2.8788 2.9727 0.0253
3.0044 2.8788 2.9731 0.0252
3.0044 2.8788 2.9731 0.0252
3.0044 2.8788 2.9731 0.0252
3.0044 2.8788 2.9731 0.0252
3.0044 2.8788 2.9731 0.0252
3.0044 2.8788 2.9731 0.0252
3.0044 2.8788 2.9731 0.0252
3.0044 2.8788 2.9736 0.0250
3.0044 2.8935 2.9747 0.0232
3.0044 2.8935 2.9748 0.0231
3.0044 2.8935 2.9749 0.0228
3.0044 2.8935 2.9749 0.0228
3.0044 2.8935 2.9750 0.0229
3.0044 2.8935 2.9750 0.0229
3.0044 2.8935 2.9750 0.0229
3.0044 2.8935 2.9751 0.0229
3.0044 2.8935 2.9753 0.0228
3.0044 2.8935 2.9753 0.0228
3.0044 2.8935 2.9753 0.0228
3.0044 2.8935 2.9753 0.0228
3.0044 2.8935 2.9755 0.0226
3.0044 2.8935 2.9755 0.0226
3.0044 2.8935 2.9758 0.0223
3.0044 2.8935 2.9763 0.0224
3.0044 2.8935 2.9766 0.0225
3.0044 2.8935 2.9768 0.0223
3.0044 2.8935 2.9773 0.0223
3.0044 2.8935 2.9773 0.0223
3.0044 2.8935 2.9773 0.0224
3.0044 2.8935 2.9773 0.0224
3.0044 2.8935 2.9773 0.0224
3.0044 2.8935 2.9773 0.0224
3.0044 2.8935 2.9773 0.0224
3.0044 2.8935 2.9773 0.0224
3.0044 2.8935 2.9775 0.0225
3.0044 2.8935 2.9776 0.0223
3.0044 2.8935 2.9777 0.0223
3.0044 2.8935 2.9778 0.0223
3.0044 2.8935 2.9778 0.0223
3.0044 2.8935 2.9781 0.0224
3.0044 2.8935 2.9781 0.0224
3.0044 2.8935 2.9783 0.0224
3.0044 2.8935 2.9783 0.0224
3.0044 2.8935 2.9783 0.0224
3.0044 2.8935 2.9784 0.0224
3.0044 2.9199 2.9790 0.0208
3.0044 2.9331 2.9795 0.0200
3.0044 2.9331 2.9795 0.0200
3.0044 2.9331 2.9795 0.0200
3.0044 2.9331 2.9800 0.0198
3.0044 2.9331 2.9800 0.0198
3.0044 2.9331 2.9802 0.0198
3.0044 2.9331 2.9802 0.0198
3.0044 2.9331 2.9804 0.0197
3.0044 2.9331 2.9804 0.0197
3.0044 2.9331 2.9804 0.0197
3.0044 2.9331 2.9804 0.0197
3.0044 2.9331 2.9808 0.0197
3.0044 2.9331 2.9808 0.0197
3.0044 2.9331 2.9808 0.0197
3.0044 2.9331 2.9812 0.0198
3.0044 2.9331 2.9812 0.0198
3.0044 2.9331 2.9814 0.0198
3.0044 2.9331 2.9815 0.0196
3.0044 2.9331 2.9815 0.0196
3.0044 2.9331 2.9816 0.0195
3.0044 2.9331 2.9816 0.0195
3.0044 2.9331 2.9816 0.0195
3.0044 2.9331 2.9816 0.0195
3.0044 2.9331 2.9816 0.0195
3.0044 2.9331 2.9817 0.0196
3.0044 2.9331 2.9817 0.0196
3.0044 2.9331 2.9819 0.0195
3.0044 2.9331 2.9819 0.0195
3.0044 2.9331 2.9820 0.0196
3.0044 2.9331 2.9820 0.0196
3.0044 2.9331 2.9822 0.0197
3.0044 2.9331 2.9822 0.0197
3.0044 2.9331 2.9828 0.0192
3.0044 2.9331 2.9828 0.0192
3.0044 2.9331 2.9828 0.0192
3.0044 2.9331 2.9828 0.0192
3.0044 2.9331 2.9828 0.0192
3.0044 2.9331 2.9828 0.0192
3.0044 2.9331 2.9828 0.0192
3.0044 2.9331 2.9828 0.0192
3.0044 2.9331 2.9829 0.0191
3.0044 2.9331 2.9831 0.0191
3.0044 2.9331 2.9831 0.0191
3.0044 2.9331 2.9832 0.0191
3.0044 2.9331 2.9832 0.0191
3.0044 2.9331 2.9832 0.0191
3.0044 2.9331 2.9832 0.0191
3.0044 2.9331 2.9836 0.0192
3.0044 2.9331 2.9839 0.0189
3.0044 2.9331 2.9839 0.0189
3.0325 2.9331 2.9843 0.0195
3.0325 2.9331 2.9843 0.0195
3.0325 2.9331 2.9843 0.0195
3.0325 2.9331 2.9845 0.0196
3.0325 2.9331 2.9845 0.0196
3.0325 2.9331 2.9845 0.0196
3.0325 2.9331 2.9845 0.0196
3.0325 2.9331 2.9845 0.0196
3.0325 2.9331 2.9845 0.0196
3.0325 2.9331 2.9845 0.0195
3.0325 2.9338 2.9851 0.0188
3.0325 2.9338 2.9851 0.0188
3.0325 2.9338 2.9851 0.0188
3.0325 2.9338 2.9851 0.0188
3.0325 2.9338 2.9851 0.0189
3.0325 2.9338 2.9851 0.0189
3.0325 2.9338 2.9852 0.0189
3.0325 2.9338 2.9853 0.0190
3.0325 2.9338 2.9856 0.0184
3.0325 2.9338 2.9858 0.0185
3.0325 2.9338 2.9859 0.0186
3.0325 2.9338 2.9862 0.0180
3.0325 2.9338 2.9863 0.0181
3.0325 2.9338 2.9863 0.0181
3.0325 2.9338 2.9863 0.0181
3.0325 2.9338 2.9863 0.0181
3.0325 2.9338 2.9868 0.0174
3.0325 2.9338 2.9868 0.0174
3.0325 2.9338 2.9868 0.0174
3.0325 2.9338 2.9868 0.0174
3.0325 2.9338 2.9868 0.0174
3.0325 2.9338 2.9868 0.0174
3.0325 2.9338 2.9869 0.0174
3.0325 2.9338 2.9869 0.0174
3.0325 2.9338 2.9869 0.0174
3.0325 2.9338 2.9869 0.0174
3.0325 2.9338 2.9873 0.0180
3.0325 2.9338 2.9873 0.0180
3.0325 2.9338 2.9873 0.0180
3.0325 2.9338 2.9873 0.0180
3.0325 2.9338 2.9876 0.0179
3.0325 2.9338 2.9876 0.0179
3.0325 2.9338 2.9878 0.0179
3.0325 2.9338 2.9878 0.0179
3.0325 2.9338 2.9878 0.0179
3.0325 2.9338 2.9883 0.0177
3.0325 2.9338 2.9883 0.0177
3.0325 2.9338 2.9886 0.0176
3.0325 2.9338 2.9888 0.0173
3.0325 2.9338 2.9888 0.0173
3.0325 2.9338 2.9891 0.0172
3.0325 2.9338 2.9891 0.0172
3.0325 2.9338 2.9891 0.0172
3.0325 2.9338 2.9892 0.0172
3.0325 2.9338 2.9892 0.0172
3.0325 2.9338 2.9892 0.0172
3.0325 2.9338 2.9892 0.0172
3.0325 2.9338 2.9893 0.0172
3.0325 2.9338 2.9893 0.0172
3.0325 2.9338 2.9896 0.0177
3.0325 2.9338 2.9897 0.0178
3.0325 2.9338 2.9897 0.0178
3.0325 2.9338 2.9897 0.0178
3.0325 2.9338 2.9897 0.0178
3.0325 2.9338 2.9897 0.0178
3.0325 2.9338 2.9899 0.0177
3.0325 2.9338 2.9900 0.0177
3.0325 2.9338 2.9901 0.0177
3.0325 2.9338 2.9901 0.0177
3.0325 2.9338 2.9907 0.0179
3.0325 2.9338 2.9907 0.0179
3.0325 2.9338 2.9907 0.0179
3.0325 2.9338 2.9907 0.0179
3.0325 2.9338 2.9908 0.0179
3.0325 2.9338 2.9908 0.0179
3.0325 2.9499 2.9918 0.0174
3.0325 2.9499 2.9918 0.0174
3.0325 2.9499 2.9919 0.0174
3.0325 2.9499 2.9919 0.0174
3.0325 2.9499 2.9919 0.0174
3.0325 2.9499 2.9919 0.0174
3.0325 2.9499 2.9919 0.0174
3.0325 2.9499 2.9924 0.0171
3.0325 2.9499 2.9924 0.0171
3.0325 2.9499 2.9924 0.0171
3.0325 2.9499 2.9928 0.0175
3.0325 2.9499 2.9928 0.0175
3.0325 2.9499 2.9929 0.0175
3.0325 2.9499 2.9929 0.0175
3.0325 2.9499 2.9932 0.0170
3.0325 2.9499 2.9932 0.0170
3.0325 2.9499 2.9932 0.0170
3.0325 2.9499 2.9935 0.0169
3.0325 2.9499 2.9935 0.0169
3.0325 2.9499 2.9936 0.0169
3.0325 2.9499 2.9936 0.0169
3.0325 2.9499 2.9936 0.0169
3.0325 2.9499 2.9936 0.0169
3.0325 2.9499 2.9937 0.0170
3.0325 2.9499 2.9937 0.0170
3.0325 2.9499 2.9937 0.0170
3.0325 2.9499 2.9937 0.0170
3.0325 2.9499 2.9937 0.0170
3.0325 2.9499 2.9940 0.0169
3.0325 2.9499 2.9942 0.0168
3.0325 2.9499 2.9942 0.0168
3.0325 2.9499 2.9943 0.0169
3.0325 2.9499 2.9943 0.0169
3.0325 2.9499 2.9943 0.0169
3.0325 2.9499 2.9943 0.0169
3.0325 2.9499 2.9944 0.0169
3.0325 2.9499 2.9944 0.0169
3.0325 2.9499 2.9946 0.0169
3.0325 2.9499 2.9946 0.0169
3.0325 2.9499 2.9946 0.0169
3.0325 2.9499 2.9946 0.0169
3.0325 2.9499 2.9946 0.0169
3.0325 2.9499 2.9946 0.0169
3.0325 2.9499 2.9947 0.0169
3.0325 2.9499 2.9952 0.0164
3.0325 2.9499 2.9952 0.0164
3.0325 2.9499 2.9952 0.0164
3.0325 2.9499 2.9952 0.0164
3.0325 2.9499 2.9952 0.0164
3.0325 2.9499 2.9952 0.0164
3.0325 2.9499 2.9952 0.0164
3.0325 2.9499 2.9952 0.0164
3.0325 2.9499 2.9955 0.0160
3.0325 2.9499 2.9958 0.0163
3.0325 2.9499 2.9958 0.0163
3.0325 2.9499 2.9958 0.0163
3.0325 2.9499 2.9958 0.0163
3.0325 2.9499 2.9958 0.0163
3.0325 2.9499 2.9959 0.0163
3.0325 2.9499 2.9959 0.0163
3.0325 2.9499 2.9959 0.0163
3.0325 2.9499 2.9959 0.0162
3.0325 2.9499 2.9963 0.0158
3.0325 2.9499 2.9966 0.0162
3.0325 2.9499 2.9967 0.0163
3.0325 2.9499 2.9974 0.0161
3.0325 2.9499 2.9978 0.0158
3.0325 2.9499 2.9981 0.0154
3.0325 2.9499 2.9982 0.0153
3.0325 2.9499 2.9982 0.0153
3.0325 2.9499 2.9982 0.0153
3.0325 2.9499 2.9982 0.0153
3.0325 2.9499 2.9982 0.0153
3.0325 2.9499 2.9982 0.0153
3.0325 2.9499 2.9982 0.0153
3.0325 2.9499 2.9983 0.0153
3.0325 2.9499 2.9983 0.0153
3.0325 2.9499 2.9985 0.0155
3.0325 2.9499 2.9985 0.0155
3.0325 2.9499 2.9985 0.0155
3.0325 2.9499 2.9985 0.0155
3.0325 2.9499 2.9987 0.0152
3.0325 2.9499 2.9987 0.0152
3.0325 2.9499 2.9987 0.0152
3.0325 2.9499 2.9987 0.0152
3.0325 2.9499 2.9987 0.0152
3.0325 2.9499 2.9987 0.0152
3.0325 2.9499 2.9987 0.0152
3.0325 2.9499 2.9988 0.0153
3.0325 2.9499 2.9988 0.0153
3.0325 2.9499 2.9988 0.0153
3.0325 2.9499 2.9988 0.0153
3.0325 2.9499 2.9988 0.0153
3.0325 2.9499 2.9988 0.0153
3.0325 2.9499 2.9988 0.0153
3.0325 2.9499 2.9988 0.0153
3.0325 2.9499 2.9990 0.0151
3.0325 2.9499 2.9991 0.0151
3.0325 2.9499 2.9991 0.0151
3.0325 2.9499 2.9991 0.0151
3.0325 2.9499 2.9993 0.0151
3.0325 2.9499 2.9993 0.0151
3.0325 2.9499 2.9993 0.0150
3.0325 2.9499 2.9995 0.0150
3.0325 2.9499 2.9995 0.0150
3.0325 2.9499 2.9995 0.0150
3.0325 2.9499 2.9996 0.0150
3.0325 2.9499 2.9996 0.0150
3.0325 2.9499 2.9996 0.0150
3.0325 2.9499 2.9996 0.0150
3.0325 2.9499 2.9996 0.0150
3.0325 2.9499 2.9996 0.0150
3.0325 2.9499 2.9996 0.0150
3.0325 2.9499 2.9997 0.0151
3.0325 2.9499 2.9997 0.0151
3.0325 2.9499 2.9997 0.0151
3.0325 2.9499 2.9998 0.0151
3.0325 2.9499 2.9998 0.0151
3.0325 2.9499 3.0003 0.0144
3.0325 2.9499 3.0003 0.0144
3.0325 2.9499 3.0004 0.0144
3.0325 2.9499 3.0005 0.0144
3.0325 2.9499 3.0005 0.0144
3.0325 2.9499 3.0005 0.0144
3.0325 2.9499 3.0005 0.0144
3.0325 2.9499 3.0005 0.0144
3.0325 2.9499 3.0005 0.0144
3.0325 2.9499 3.0005 0.0144
3.0325 2.9499 3.0005 0.0144
3.0325 2.9499 3.0007 0.0146
3.0325 2.9499 3.0007 0.0146
3.0325 2.9499 3.0008 0.0146
3.0325 2.9499 3.0008 0.0146
3.0325 2.9499 3.0011 0.0142
3.0325 2.9499 3.0011 0.0142
3.0325 2.9499 3.0011 0.0142
3.0325 2.9499 3.0013 0.0141
3.0325 2.9499 3.0013 0.0141
3.0325 2.9499 3.0013 0.0141
3.0325 2.9499 3.0013 0.0141
3.0325 2.9499 3.0013 0.0141
3.0325 2.9499 3.0014 0.0140
3.0325 2.9499 3.0016 0.0142
3.0325 2.9499 3.0016 0.0142
3.0325 2.9499 3.0016 0.0142
3.0325 2.9499 3.0016 0.0142
3.0325 2.9499 3.0020 0.0143
3.0325 2.9499 3.0020 0.0143
3.0325 2.9499 3.0020 0.0143
3.0325 2.9499 3.0023 0.0146
3.0325 2.9499 3.0025 0.0146
3.0325 2.9499 3.0025 0.0146
3.0325 2.9499 3.0027 0.0149
3.0325 2.9499 3.0027 0.0149
3.0325 2.9499 3.0028 0.0148
3.0325 2.9499 3.0028 0.0148
3.0325 2.9499 3.0028 0.0148
3.0325 2.9499 3.0032 0.0151
3.0325 2.9499 3.0032 0.0151
3.0325 2.9499 3.0033 0.0150
3.0325 2.9499 3.0034 0.0148
3.0325 2.9499 3.0037 0.0150
3.0325 2.9499 3.0040 0.0153
3.0325 2.9499 3.0043 0.0153
3.0325 2.9499 3.0043 0.0153
3.0325 2.9499 3.0043 0.0153
3.0325 2.9499 3.0046 0.0155
3.0325 2.9499 3.0047 0.0155
3.0333 2.9499 3.0048 0.0156
3.0333 2.9499 3.0052 0.0158
3.0333 2.9499 3.0052 0.0158
3.0333 2.9499 3.0056 0.0160
3.0333 2.9499 3.0056 0.0160
3.0333 2.9499 3.0059 0.0162
3.0333 2.9499 3.0059 0.0162
3.0333 2.9499 3.0059 0.0162
3.0333 2.9499 3.0062 0.0159
3.0333 2.9499 3.0062 0.0159
3.0333 2.9499 3.0063 0.0159
3.0333 2.9499 3.0063 0.0159
3.0333 2.9499 3.0063 0.0159
3.0333 2.9499 3.0063 0.0159
3.0333 2.9499 3.0064 0.0160
3.0333 2.9499 3.0064 0.0160
3.0333 2.9499 3.0065 0.0159
3.0333 2.9499 3.0066 0.0159
3.0333 2.9499 3.0066 0.0159
3.0333 2.9499 3.0066 0.0159
3.0354 2.9499 3.0066 0.0159
3.0354 2.9499 3.0066 0.0159
3.0354 2.9499 3.0066 0.0159
3.0354 2.9499 3.0066 0.0159
3.0354 2.9499 3.0066 0.0159
3.0354 2.9499 3.0067 0.0159
3.0354 2.9499 3.0068 0.0159
3.0354 2.9499 3.0070 0.0160
3.0354 2.9499 3.0073 0.0156
3.0354 2.9499 3.0073 0.0156
3.0354 2.9499 3.0076 0.0157
3.0354 2.9499 3.0076 0.0157
3.0354 2.9499 3.0076 0.0157
3.0354 2.9499 3.0076 0.0157
3.0354 2.9499 3.0076 0.0157
3.0354 2.9499 3.0077 0.0157
3.0354 2.9499 3.0079 0.0153
3.0354 2.9499 3.0079 0.0153
3.0354 2.9499 3.0079 0.0153
3.0354 2.9499 3.0081 0.0151
3.0354 2.9499 3.0084 0.0153
3.0354 2.9499 3.0084 0.0153
3.0354 2.9499 3.0087 0.0154
3.0354 2.9499 3.0087 0.0154
3.0354 2.9499 3.0087 0.0154
3.0354 2.9499 3.0087 0.0154
3.0354 2.9499 3.0087 0.0154
3.0354 2.9499 3.0087 0.0154
3.0354 2.9499 3.0094 0.0148
3.0354 2.9499 3.0094 0.0148
3.0354 2.9499 3.0094 0.0148
3.0354 2.9499 3.0094 0.0148
3.0359 2.9499 3.0095 0.0150
3.0359 2.9499 3.0095 0.0150
3.0359 2.9499 3.0097 0.0151
3.0359 2.9499 3.0097 0.0151
3.0359 2.9499 3.0098 0.0150
3.0359 2.9499 3.0098 0.0150
3.0359 2.9499 3.0098 0.0150
3.0359 2.9499 3.0098 0.0150
3.0359 2.9499 3.0098 0.0150
3.0359 2.9499 3.0098 0.0150
3.0359 2.9499 3.0098 0.0150
3.0359 2.9499 3.0098 0.0150
3.0359 2.9499 3.0099 0.0150
3.0359 2.9499 3.0099 0.0150
3.0359 2.9499 3.0099 0.0150
3.0359 2.9499 3.0100 0.0151
3.0359 2.9499 3.0104 0.0152
3.0359 2.9499 3.0104 0.0152
3.0359 2.9499 3.0106 0.0153
3.0359 2.9499 3.0106 0.0153
3.0359 2.9499 3.0106 0.0153
3.0359 2.9499 3.0106 0.0153
3.0359 2.9499 3.0106 0.0153
3.0359 2.9499 3.0108 0.0154
3.0359 2.9499 3.0108 0.0154
3.0359 2.9499 3.0108 0.0154
3.0359 2.9499 3.0111 0.0155
3.0359 2.9499 3.0111 0.0155
3.0359 2.9499 3.0111 0.0155
3.0359 2.9499 3.0113 0.0155
3.0359 2.9499 3.0113 0.0155
3.0359 2.9499 3.0113 0.0155
3.0359 2.9499 3.0113 0.0155
3.0359 2.9499 3.0115 0.0156
3.0359 2.9499 3.0115 0.0156
3.0359 2.9499 3.0116 0.0155
3.0359 2.9499 3.0116 0.0155
3.0359 2.9499 3.0118 0.0157
3.0359 2.9499 3.0121 0.0158
3.0359 2.9499 3.0122 0.0158
3.0359 2.9499 3.0122 0.0158
3.0394 2.9499 3.0122 0.0159
3.0394 2.9499 3.0122 0.0159
3.0394 2.9499 3.0126 0.0159
3.0394 2.9499 3.0126 0.0159
3.0394 2.9499 3.0127 0.0158
3.0394 2.9499 3.0127 0.0158
3.0394 2.9499 3.0129 0.0158
3.0394 2.9499 3.0130 0.0157
3.0394 2.9499 3.0130 0.0157
3.0394 2.9499 3.0130 0.0157
3.0394 2.9499 3.0134 0.0157
3.0394 2.9499 3.0134 0.0157
3.0394 2.9499 3.0135 0.0158
3.0394 2.9499 3.0135 0.0158
3.0394 2.9499 3.0135 0.0158
3.0394 2.9499 3.0135 0.0158
3.0394 2.9499 3.0135 0.0158
3.0394 2.9499 3.0135 0.0158
3.0394 2.9499 3.0137 0.0159
3.0394 2.9499 3.0137 0.0159
3.0394 2.9499 3.0137 0.0159
3.0394 2.9499 3.0137 0.0159
3.0394 2.9499 3.0137 0.0159
3.0394 2.9499 3.0137 0.0159
3.0394 2.9499 3.0137 0.0159
3.0394 2.9499 3.0137 0.0159
3.0394 2.9499 3.0140 0.0159
3.0394 2.9499 3.0140 0.0159
3.0394 2.9499 3.0140 0.0159
3.0394 2.9499 3.0140 0.0159
3.0394 2.9499 3.0140 0.0159
3.0394 2.9499 3.0140 0.0159
3.0394 2.9499 3.0140 0.0159
3.0394 2.9499 3.0140 0.0159
3.0394 2.9499 3.0140 0.0160
3.0394 2.9499 3.0140 0.0160
3.0394 2.9499 3.0140 0.0160
3.0394 2.9499 3.0141 0.0161
3.0394 2.9499 3.0142 0.0161
3.0394 2.9499 3.0142 0.0161
3.0394 2.9499 3.0142 0.0162
3.0394 2.9499 3.0146 0.0161
3.0394 2.9499 3.0147 0.0160
3.0394 2.9499 3.0147 0.0160
3.0394 2.9499 3.0147 0.0160
3.0394 2.9499 3.0147 0.0160
3.0394 2.9499 3.0150 0.0160
3.0394 2.9499 3.0150 0.0160
3.0394 2.9499 3.0152 0.0161
3.0394 2.9499 3.0152 0.0161
3.0394 2.9499 3.0154 0.0161
3.0394 2.9499 3.0157 0.0161
3.0394 2.9499 3.0157 0.0161
3.0394 2.9499 3.0157 0.0161
3.0394 2.9499 3.0161 0.0160
3.0394 2.9499 3.0161 0.0160
3.0394 2.9499 3.0161 0.0160
3.0394 2.9499 3.0161 0.0160
3.0439 2.9499 3.0162 0.0161
3.0439 2.9499 3.0162 0.0161
3.0439 2.9499 3.0162 0.0161
3.0439 2.9499 3.0165 0.0162
3.0439 2.9499 3.0165 0.0162
3.0439 2.9499 3.0169 0.0160
3.0439 2.9499 3.0169 0.0160
3.0439 2.9499 3.0169 0.0160
3.0439 2.9499 3.0172 0.0159
3.0439 2.9499 3.0172 0.0159
3.0439 2.9499 3.0173 0.0160
3.0439 2.9499 3.0173 0.0160
3.0439 2.9499 3.0173 0.0159
3.0439 2.9499 3.0173 0.0159
3.0439 2.9499 3.0173 0.0159
3.0439 2.9499 3.0173 0.0159
3.0439 2.9499 3.0173 0.0159
3.0439 2.9499 3.0175 0.0161
3.0439 2.9499 3.0175 0.0161
3.0439 2.9499 3.0175 0.0161
3.0439 2.9499 3.0175 0.0161
3.0439 2.9499 3.0178 0.0161
3.0439 2.9499 3.0178 0.0161
3.0439 2.9499 3.0178 0.0161
3.0439 2.9499 3.0178 0.0161
3.0439 2.9499 3.0181 0.0161
3.0439 2.9499 3.0181 0.0161
3.0439 2.9499 3.0185 0.0160
3.0439 2.9499 3.0185 0.0160
3.0439 2.9499 3.0185 0.0160
3.0439 2.9499 3.0185 0.0160
3.0489 2.9499 3.0186 0.0161
3.0489 2.9499 3.0188 0.0160
3.0489 2.9499 3.0190 0.0159
3.0489 2.9499 3.0190 0.0159
3.0489 2.9499 3.0193 0.0159
3.0489 2.9499 3.0194 0.0159
3.0489 2.9499 3.0196 0.0158
3.0489 2.9499 3.0198 0.0157
3.0489 2.9499 3.0198 0.0157
3.0489 2.9499 3.0198 0.0157
3.0489 2.9499 3.0198 0.0157
3.0489 2.9499 3.0198 0.0157
3.0489 2.9899 3.0204 0.0141
3.0489 2.9899 3.0204 0.0141
3.0489 2.9899 3.0204 0.0141
3.0489 2.9899 3.0204 0.0141
3.0489 2.9899 3.0204 0.0142
3.0489 2.9899 3.0204 0.0142
3.0489 2.9899 3.0206 0.0142
3.0489 2.9899 3.0206 0.0142
3.0489 2.9899 3.0206 0.0142
3.0489 2.9899 3.0206 0.0142
3.0489 2.9899 3.0206 0.0142
3.0489 2.9899 3.0206 0.0142
3.0489 2.9899 3.0206 0.0142
3.0489 2.9899 3.0206 0.0142
3.0489 2.9899 3.0206 0.0142
3.0489 2.9899 3.0206 0.0142
3.0489 2.9899 3.0208 0.0140
3.0489 2.9899 3.0208 0.0140
3.0489 2.9899 3.0208 0.0140
3.0489 2.9899 3.0208 0.0140
3.0489 2.9899 3.0208 0.0140
3.0489 2.9899 3.0208 0.0140
3.0489 2.9899 3.0212 0.0138
3.0489 2.9899 3.0212 0.0138
3.0489 2.9899 3.0212 0.0138
3.0489 2.9899 3.0213 0.0137
3.0489 2.9899 3.0213 0.0137
3.0489 2.9899 3.0213 0.0137
3.0489 2.9899 3.0216 0.0137
3.0489 2.9899 3.0216 0.0137
3.0489 2.9899 3.0217 0.0137
3.0489 2.9899 3.0219 0.0137
3.0489 2.9899 3.0219 0.0137
3.0489 2.9899 3.0219 0.0137
3.0489 2.9899 3.0219 0.0137
3.0489 2.9899 3.0220 0.0137
3.0489 2.9899 3.0220 0.0137
3.0489 2.9899 3.0220 0.0137
3.0489 2.9899 3.0220 0.0137
3.0489 2.9899 3.0222 0.0139
3.0489 2.9899 3.0222 0.0139
3.0489 2.9899 3.0225 0.0137
3.0489 2.9899 3.0230 0.0136
3.0489 2.9940 3.0235 0.0134
3.0489 2.9940 3.0238 0.0133
3.0489 2.9940 3.0238 0.0133
3.0489 2.9940 3.0238 0.0133
3.0489 2.9940 3.0238 0.0133
3.0489 2.9940 3.0238 0.0133
3.0489 2.9940 3.0241 0.0131
3.0489 2.9940 3.0241 0.0131
3.0489 2.9940 3.0242 0.0132
3.0489 2.9940 3.0242 0.0132
3.0489 2.9940 3.0245 0.0132
3.0489 2.9940 3.0245 0.0132
3.0489 2.9940 3.0245 0.0132
3.0489 2.9940 3.0245 0.0132
3.0489 2.9940 3.0245 0.0132
3.0489 2.9940 3.0245 0.0132
3.0489 2.9940 3.0247 0.0131
3.0489 2.9940 3.0248 0.0131
3.0489 2.9940 3.0248 0.0131
3.0489 2.9940 3.0248 0.0131
3.0489 2.9940 3.0248 0.0131
3.0489 2.9940 3.0248 0.0131
3.0489 2.9940 3.0248 0.0131
3.0489 2.9940 3.0251 0.0130
3.0489 2.9940 3.0251 0.0130
3.0489 2.9940 3.0253 0.0130
3.0489 2.9940 3.0255 0.0132
3.0489 2.9970 3.0259 0.0128
3.0489 2.9970 3.0259 0.0128
3.0489 2.9970 3.0259 0.0128
3.0489 2.9970 3.0259 0.0128
3.0489 2.9970 3.0259 0.0128
3.0489 2.9970 3.0259 0.0127
3.0489 2.9970 3.0260 0.0128
3.0489 2.9970 3.0261 0.0128
3.0489 2.9970 3.0261 0.0128
3.0489 2.9970 3.0261 0.0128
3.0489 2.9970 3.0264 0.0125
3.0489 2.9970 3.0264 0.0125
3.0489 2.9970 3.0264 0.0125
3.0489 2.9970 3.0264 0.0125
3.0489 2.9970 3.0266 0.0126
3.0489 3.0038 3.0270 0.0123
3.0489 3.0038 3.0270 0.0123
3.0489 3.0038 3.0270 0.0123
3.0489 3.0038 3.0270 0.0123
3.0489 3.0038 3.0270 0.0123
3.0489 3.0038 3.0270 0.0123
3.0489 3.0038 3.0270 0.0123
3.0489 3.0038 3.0271 0.0122
3.0489 3.0038 3.0271 0.0122
3.0489 3.0038 3.0271 0.0122
3.0489 3.0038 3.0271 0.0122
3.0489 3.0038 3.0271 0.0122
3.0489 3.0038 3.0272 0.0122
3.0489 3.0038 3.0272 0.0122
3.0489 3.0038 3.0272 0.0122
3.0489 3.0038 3.0272 0.0122
3.0489 3.0038 3.0272 0.0122
3.0489 3.0038 3.0272 0.0122
3.0489 3.0038 3.0272 0.0122
3.0489 3.0038 3.0275 0.0120
3.0489 3.0038 3.0277 0.0118
3.0489 3.0038 3.0277 0.0118
3.0489 3.0038 3.0277 0.0118
3.0489 3.0038 3.0277 0.0118
3.0489 3.0038 3.0277 0.0118
3.0489 3.0038 3.0277 0.0118
3.0489 3.0038 3.0277 0.0118
3.0489 3.0038 3.0277 0.0118
3.0489 3.0038 3.0279 0.0118
3.0489 3.0038 3.0279 0.0118
3.0489 3.0038 3.0279 0.0118
3.0489 3.0038 3.0279 0.0117
3.0489 3.0038 3.0280 0.0118
3.0489 3.0038 3.0281 0.0118
3.0489 3.0038 3.0281 0.0118
3.0489 3.0038 3.0281 0.0118
3.0489 3.0038 3.0281 0.0118
3.0489 3.0038 3.0285 0.0116
3.0489 3.0038 3.0286 0.0116
3.0489 3.0038 3.0286 0.0116
3.0489 3.0038 3.0286 0.0116
3.0489 3.0038 3.0286 0.0116
3.0489 3.0038 3.0286 0.0116
3.0489 3.0038 3.0286 0.0117
3.0489 3.0038 3.0286 0.0117
3.0489 3.0038 3.0286 0.0117
3.0489 3.0038 3.0286 0.0117
3.0489 3.0038 3.0289 0.0115
3.0489 3.0038 3.0291 0.0113
3.0489 3.0038 3.0292 0.0114
3.0489 3.0038 3.0292 0.0114
3.0489 3.0038 3.0292 0.0114
3.0489 3.0038 3.0293 0.0115
3.0489 3.0038 3.0293 0.0115
3.0489 3.0038 3.0294 0.0115
3.0489 3.0038 3.0295 0.0116
3.0489 3.0038 3.0295 0.0116
3.0489 3.0038 3.0296 0.0118
3.0489 3.0038 3.0296 0.0118
3.0489 3.0038 3.0296 0.0118
3.0489 3.0038 3.0298 0.0117
3.0489 3.0038 3.0298 0.0117
3.0489 3.0038 3.0298 0.0117
3.0489 3.0038 3.0298 0.0117
3.0489 3.0038 3.0300 0.0118
3.0489 3.0038 3.0300 0.0118
3.0489 3.0038 3.0301 0.0118
3.0489 3.0038 3.0301 0.0119
3.0489 3.0038 3.0301 0.0119
3.0489 3.0038 3.0301 0.0119
3.0489 3.0038 3.0301 0.0119
3.0489 3.0038 3.0304 0.0120
3.0489 3.0038 3.0304 0.0120
3.0489 3.0038 3.0304 0.0120
3.0489 3.0038 3.0304 0.0120
3.0489 3.0038 3.0304 0.0120
3.0489 3.0038 3.0304 0.0120
3.0489 3.0038 3.0304 0.0120
3.0489 3.0038 3.0304 0.0120
3.0489 3.0038 3.0304 0.0120
3.0489 3.0038 3.0307 0.0117
3.0489 3.0038 3.0307 0.0117
3.0489 3.0038 3.0307 0.0117
3.0489 3.0038 3.0307 0.0117
3.0489 3.0038 3.0307 0.0117
3.0489 3.0038 3.0310 0.0117
3.0489 3.0038 3.0310 0.0116
3.0489 3.0038 3.0314 0.0116
3.0489 3.0038 3.0314 0.0116
3.0489 3.0038 3.0314 0.0116
3.0489 3.0038 3.0314 0.0116
3.0489 3.0038 3.0314 0.0116
3.0489 3.0038 3.0314 0.0116
3.0489 3.0038 3.0314 0.0116
3.0489 3.0038 3.0314 0.0116
3.0489 3.0038 3.0315 0.0117
3.0489 3.0038 3.0315 0.0117
3.0489 3.0038 3.0315 0.0117
3.0489 3.0038 3.0318 0.0114
3.0489 3.0038 3.0318 0.0114
3.0489 3.0038 3.0318 0.0114
3.0489 3.0038 3.0321 0.0112
3.0489 3.0038 3.0321 0.0112
3.0489 3.0038 3.0321 0.0112
3.0489 3.0038 3.0321 0.0112
3.0489 3.0038 3.0321 0.0112
3.0489 3.0038 3.0321 0.0112
3.0489 3.0038 3.0324 0.0108
3.0489 3.0038 3.0324 0.0108
3.0489 3.0038 3.0329 0.0106
3.0489 3.0038 3.0330 0.0106
3.0489 3.0038 3.0330 0.0106
3.0489 3.0038 3.0330 0.0106
3.0489 3.0038 3.0330 0.0106
3.0489 3.0038 3.0332 0.0103
3.0489 3.0038 3.0334 0.0101
3.0489 3.0038 3.0335 0.0101
3.0489 3.0038 3.0335 0.0101
3.0489 3.0038 3.0338 0.0100
3.0489 3.0038 3.0338 0.0100
3.0489 3.0038 3.0339 0.0101
3.0489 3.0038 3.0339 0.0101
3.0489 3.0038 3.0343 0.0097
3.0489 3.0038 3.0343 0.0097
3.0489 3.0038 3.0343 0.0097
3.0489 3.0038 3.0343 0.0097
3.0489 3.0038 3.0343 0.0097
3.0489 3.0038 3.0345 0.0094
3.0489 3.0038 3.0345 0.0094
3.0489 3.0038 3.0345 0.0094
3.0489 3.0038 3.0345 0.0094
3.0489 3.0038 3.0346 0.0094
3.0489 3.0038 3.0348 0.0094
3.0489 3.0038 3.0348 0.0094
3.0489 3.0038 3.0348 0.0094
3.0489 3.0038 3.0349 0.0095
3.0489 3.0038 3.0349 0.0095
3.0489 3.0038 3.0349 0.0095
3.0489 3.0038 3.0349 0.0095
3.0489 3.0038 3.0351 0.0096
3.0489 3.0038 3.0351 0.0096
3.0489 3.0038 3.0352 0.0096
3.0489 3.0045 3.0355 0.0091
3.0489 3.0045 3.0355 0.0091
3.0489 3.0045 3.0355 0.0091
3.0489 3.0045 3.0356 0.0090
3.0489 3.0045 3.0357 0.0091
3.0489 3.0045 3.0357 0.0091
3.0489 3.0045 3.0357 0.0091
3.0489 3.0045 3.0357 0.0091
3.0489 3.0045 3.0357 0.0091
3.0489 3.0045 3.0359 0.0090
3.0489 3.0045 3.0359 0.0090
3.0489 3.0045 3.0359 0.0090
3.0489 3.0045 3.0359 0.0090
3.0489 3.0045 3.0359 0.0090
3.0489 3.0045 3.0359 0.0090
3.0489 3.0045 3.0359 0.0090
3.0489 3.0045 3.0359 0.0090
3.0489 3.0045 3.0359 0.0090
3.0489 3.0045 3.0362 0.0088
3.0489 3.0045 3.0362 0.0088
3.0489 3.0045 3.0362 0.0088
3.0489 3.0045 3.0363 0.0089
3.0489 3.0045 3.0363 0.0089
3.0489 3.0045 3.0363 0.0089
3.0489 3.0045 3.0364 0.0089
3.0489 3.0045 3.0364 0.0089
3.0489 3.0045 3.0366 0.0090
3.0489 3.0045 3.0367 0.0090
3.0489 3.0045 3.0369 0.0089
3.0489 3.0045 3.0369 0.0089
3.0489 3.0045 3.0369 0.0089
3.0489 3.0045 3.0369 0.0089
3.0489 3.0045 3.0369 0.0089
3.0489 3.0045 3.0369 0.0089
3.0489 3.0045 3.0370 0.0089
3.0489 3.0045 3.0370 0.0089
3.0489 3.0045 3.0370 0.0089
3.0489 3.0045 3.0370 0.0089
3.0489 3.0045 3.0370 0.0089
3.0489 3.0045 3.0370 0.0089
3.0489 3.0045 3.0370 0.0089
3.0489 3.0045 3.0371 0.0087
3.0489 3.0045 3.0372 0.0087
3.0489 3.0045 3.0374 0.0088
3.0489 3.0045 3.0374 0.0088
3.0489 3.0045 3.0374 0.0088
3.0532 3.0045 3.0375 0.0089
3.0532 3.0045 3.0375 0.0089
3.0532 3.0045 3.0375 0.0089
3.0532 3.0045 3.0375 0.0089
3.0532 3.0045 3.0376 0.0089
3.0532 3.0045 3.0378 0.0091
3.0532 3.0045 3.0378 0.0091
3.0532 3.0045 3.0378 0.0091
3.0532 3.0045 3.0379 0.0091
3.0532 3.0045 3.0379 0.0091
3.0532 3.0045 3.0380 0.0091
3.0532 3.0045 3.0380 0.0091
3.0532 3.0045 3.0382 0.0092
3.0532 3.0060 3.0386 0.0086
3.0532 3.0060 3.0386 0.0086
3.0532 3.0060 3.0388 0.0084
3.0532 3.0060 3.0389 0.0085
3.0532 3.0060 3.0389 0.0085
3.0532 3.0060 3.0389 0.0085
3.0532 3.0060 3.0391 0.0085
3.0532 3.0060 3.0392 0.0084
3.0532 3.0060 3.0392 0.0084
3.0532 3.0060 3.0392 0.0084
3.0532 3.0060 3.0392 0.0084
3.0532 3.0060 3.0392 0.0084
3.0532 3.0060 3.0392 0.0084
3.0532 3.0060 3.0392 0.0084
3.0532 3.0060 3.0392 0.0084
3.0532 3.0060 3.0392 0.0084
3.0532 3.0060 3.0394 0.0084
3.0532 3.0060 3.0394 0.0084
3.0532 3.0060 3.0395 0.0084
3.0532 3.0060 3.0395 0.0084
3.0532 3.0060 3.0395 0.0084
3.0532 3.0060 3.0395 0.0084
3.0532 3.0060 3.0397 0.0084
3.0532 3.0060 3.0397 0.0084
3.0532 3.0060 3.0397 0.0084
3.0532 3.0060 3.0398 0.0084
3.0532 3.0060 3.0398 0.0084
3.0532 3.0060 3.0398 0.0084
3.0532 3.0060 3.0398 0.0084
3.0532 3.0060 3.0400 0.0084
3.0532 3.0060 3.0400 0.0084
3.0532 3.0060 3.0400 0.0084
3.0532 3.0060 3.0400 0.0084
3.0532 3.0060 3.0400 0.0084
3.0532 3.0060 3.0401 0.0084
3.0532 3.0060 3.0401 0.0084
3.0532 3.0060 3.0402 0.0085
3.0532 3.0060 3.0402 0.0085
3.0532 3.0060 3.0402 0.0085
3.0532 3.0060 3.0402 0.0085
3.0532 3.0060 3.0402 0.0085
3.0533 3.0060 3.0403 0.0086
3.0533 3.0060 3.0403 0.0086
3.0533 3.0060 3.0404 0.0085
3.0533 3.0060 3.0404 0.0085
3.0533 3.0060 3.0404 0.0085
3.0533 3.0060 3.0405 0.0085
3.0533 3.0060 3.0407 0.0086
3.0533 3.0060 3.0407 0.0086
3.0533 3.0060 3.0408 0.0086
3.0533 3.0060 3.0408 0.0086
3.0533 3.0060 3.0408 0.0086
3.0533 3.0060 3.0408 0.0086
3.0590 3.0060 3.0409 0.0088
3.0590 3.0060 3.0409 0.0088
3.0590 3.0060 3.0411 0.0087
3.0590 3.0092 3.0414 0.0080
3.0590 3.0092 3.0415 0.0079
3.0590 3.0092 3.0415 0.0079
3.0590 3.0092 3.0415 0.0079
3.0590 3.0092 3.0415 0.0079
3.0590 3.0092 3.0415 0.0079
3.0590 3.0092 3.0415 0.0079
3.0590 3.0092 3.0415 0.0079
3.0590 3.0092 3.0415 0.0079
3.0590 3.0092 3.0416 0.0079
3.0590 3.0092 3.0416 0.0079
3.0590 3.0092 3.0416 0.0079
3.0590 3.0092 3.0417 0.0079
3.0590 3.0092 3.0418 0.0079
3.0590 3.0092 3.0420 0.0077
3.0590 3.0092 3.0420 0.0077
3.0590 3.0092 3.0420 0.0077
3.0590 3.0092 3.0420 0.0077
3.0590 3.0092 3.0421 0.0077
3.0590 3.0092 3.0421 0.0077
3.0590 3.0092 3.0421 0.0077
3.0590 3.0092 3.0423 0.0073
3.0590 3.0092 3.0423 0.0073
3.0590 3.0092 3.0423 0.0073
3.0590 3.0092 3.0423 0.0073
3.0590 3.0092 3.0423 0.0073
3.0590 3.0092 3.0423 0.0073
3.0590 3.0092 3.0423 0.0073
3.0590 3.0092 3.0423 0.0073
3.0590 3.0092 3.0423 0.0073
3.0590 3.0092 3.0423 0.0073
3.0590 3.0092 3.0423 0.0073
3.0590 3.0092 3.0424 0.0073
3.0590 3.0092 3.0424 0.0073
3.0590 3.0092 3.0424 0.0073
3.0590 3.0092 3.0424 0.0073
3.0590 3.0092 3.0424 0.0073
3.0590 3.0092 3.0426 0.0074
3.0590 3.0092 3.0427 0.0074
3.0590 3.0092 3.0429 0.0073
3.0590 3.0092 3.0429 0.0073
3.0590 3.0092 3.0430 0.0074
3.0590 3.0092 3.0430 0.0074
3.0590 3.0092 3.0430 0.0074
3.0590 3.0092 3.0430 0.0074
3.0590 3.0092 3.0431 0.0073
3.0590 3.0092 3.0432 0.0073
3.0590 3.0092 3.0432 0.0073
3.0590 3.0092 3.0434 0.0072
3.0590 3.0092 3.0434 0.0072
3.0590 3.0092 3.0435 0.0071
3.0590 3.0092 3.0435 0.0071
3.0590 3.0092 3.0436 0.0072
3.0590 3.0092 3.0437 0.0072
3.0590 3.0092 3.0438 0.0072
3.0590 3.0092 3.0438 0.0072
3.0590 3.0092 3.0438 0.0072
3.0590 3.0092 3.0438 0.0072
3.0590 3.0092 3.0439 0.0072
3.0590 3.0092 3.0439 0.0072
3.0590 3.0092 3.0439 0.0072
3.0590 3.0092 3.0439 0.0072
3.0590 3.0092 3.0439 0.0072
3.0590 3.0092 3.0440 0.0072
3.0590 3.0092 3.0440 0.0073
3.0590 3.0092 3.0440 0.0073
3.0590 3.0092 3.0442 0.0072
3.0590 3.0092 3.0442 0.0072
3.0590 3.0092 3.0443 0.0072
3.0590 3.0092 3.0443 0.0072
3.0590 3.0092 3.0445 0.0071
3.0590 3.0092 3.0445 0.0071
3.0590 3.0092 3.0445 0.0071
3.0590 3.0092 3.0445 0.0071
3.0590 3.0092 3.0445 0.0071
3.0590 3.0092 3.0445 0.0070
3.0590 3.0092 3.0446 0.0070
3.0590 3.0092 3.0446 0.0071
3.0590 3.0092 3.0447 0.0071
3.0590 3.0092 3.0447 0.0071
3.0590 3.0092 3.0448 0.0071
3.0590 3.0092 3.0448 0.0071
3.0590 3.0092 3.0449 0.0071
3.0590 3.0092 3.0449 0.0071
3.0590 3.0092 3.0449 0.0071
3.0590 3.0092 3.0449 0.0071
3.0590 3.0092 3.0449 0.0071
3.0590 3.0092 3.0449 0.0071
3.0590 3.0092 3.0449 0.0071
3.0590 3.0092 3.0449 0.0071
3.0590 3.0092 3.0450 0.0072
3.0590 3.0092 3.0450 0.0072
3.0590 3.0092 3.0451 0.0072
3.0590 3.0092 3.0451 0.0072
3.0590 3.0092 3.0451 0.0072
3.0590 3.0092 3.0451 0.0072
3.0590 3.0092 3.0452 0.0071
3.0590 3.0092 3.0452 0.0071
3.0590 3.0092 3.0452 0.0071
3.0590 3.0092 3.0452 0.0071
3.0590 3.0092 3.0455 0.0069
3.0590 3.0092 3.0456 0.0068
3.0590 3.0092 3.0456 0.0068
3.0590 3.0092 3.0456 0.0068
3.0590 3.0092 3.0456 0.0068
3.0590 3.0092 3.0456 0.0068
3.0590 3.0092 3.0456 0.0068
3.0590 3.0092 3.0456 0.0068
3.0590 3.0092 3.0456 0.0068
3.0590 3.0092 3.0456 0.0068
3.0590 3.0092 3.0456 0.0069
3.0646 3.0092 3.0457 0.0070
3.0646 3.0092 3.0457 0.0070
3.0646 3.0092 3.0457 0.0070
3.0646 3.0092 3.0457 0.0070
3.0646 3.0092 3.0458 0.0071
3.0646 3.0092 3.0458 0.0071
3.0646 3.0092 3.0459 0.0071
3.0646 3.0092 3.0459 0.0071
3.0646 3.0092 3.0459 0.0071
3.0646 3.0092 3.0459 0.0071
3.0646 3.0092 3.0459 0.0071
3.0646 3.0092 3.0459 0.0071
3.0646 3.0092 3.0459 0.0071
3.0646 3.0092 3.0459 0.0071
3.0646 3.0092 3.0459 0.0071
3.0646 3.0092 3.0459 0.0071
3.0646 3.0092 3.0459 0.0071
3.0646 3.0092 3.0459 0.0070
3.0646 3.0092 3.0459 0.0070
3.0646 3.0092 3.0460 0.0070
3.0646 3.0092 3.0460 0.0070
3.0646 3.0092 3.0460 0.0070
3.0646 3.0092 3.0460 0.0070
3.0646 3.0092 3.0460 0.0070
3.0646 3.0092 3.0460 0.0070
3.0646 3.0092 3.0460 0.0070
3.0646 3.0092 3.0460 0.0070
3.0646 3.0092 3.0460 0.0070
3.0646 3.0092 3.0461 0.0071
3.0646 3.0092 3.0461 0.0071
3.0646 3.0092 3.0461 0.0071
3.0646 3.0092 3.0461 0.0071
3.0646 3.0092 3.0461 0.0071
3.0646 3.0092 3.0461 0.0071
3.0646 3.0092 3.0461 0.0071
3.0646 3.0092 3.0461 0.0071
3.0646 3.0092 3.0461 0.0071
3.0646 3.0092 3.0461 0.0071
3.0646 3.0092 3.0461 0.0071
3.0646 3.0092 3.0461 0.0071
3.0646 3.0092 3.0461 0.0071
3.0646 3.0092 3.0461 0.0071
3.0646 3.0092 3.0461 0.0070
3.0646 3.0092 3.0461 0.0070
3.0646 3.0092 3.0461 0.0070
3.0646 3.0092 3.0461 0.0070
3.0646 3.0092 3.0461 0.0070
3.0646 3.0092 3.0461 0.0070
3.0646 3.0092 3.0461 0.0070
3.0646 3.0092 3.0461 0.0070
3.0646 3.0092 3.0461 0.0070
3.0646 3.0092 3.0461 0.0070
3.0646 3.0092 3.0461 0.0070
3.0646 3.0092 3.0461 0.0070
3.0646 3.0092 3.0461 0.0070
3.0646 3.0092 3.0463 0.0069
3.0646 3.0092 3.0463 0.0069
3.0646 3.0092 3.0463 0.0069
3.0646 3.0092 3.0463 0.0069
3.0646 3.0092 3.0463 0.0069
3.0646 3.0092 3.0463 0.0069
3.0646 3.0092 3.0463 0.0069
3.0646 3.0092 3.0463 0.0069
3.0646 3.0092 3.0465 0.0071
3.0646 3.0092 3.0465 0.0071
3.0646 3.0092 3.0466 0.0071
3.0646 3.0092 3.0466 0.0071
3.0646 3.0092 3.0466 0.0071
3.0646 3.0092 3.0467 0.0069
3.0646 3.0092 3.0468 0.0071
3.0646 3.0092 3.0468 0.0071
3.0646 3.0092 3.0468 0.0071
3.0646 3.0092 3.0468 0.0071
3.0646 3.0092 3.0468 0.0071
3.0646 3.0320 3.0472 0.0060
3.0646 3.0320 3.0472 0.0060
3.0646 3.0320 3.0473 0.0060
3.0646 3.0320 3.0473 0.0060
3.0646 3.0320 3.0473 0.0060
3.0646 3.0320 3.0474 0.0060
3.0646 3.0320 3.0474 0.0060
3.0646 3.0320 3.0474 0.0060
3.0646 3.0320 3.0474 0.0060
3.0646 3.0320 3.0474 0.0060
3.0646 3.0320 3.0474 0.0060
3.0646 3.0320 3.0474 0.0060
3.0646 3.0320 3.0474 0.0060
3.0646 3.0325 3.0475 0.0058
3.0646 3.0325 3.0476 0.0058
3.0646 3.0325 3.0476 0.0058
3.0646 3.0325 3.0477 0.0056
3.0646 3.0325 3.0477 0.0056
3.0646 3.0325 3.0477 0.0056
3.0646 3.0325 3.0477 0.0056
3.0646 3.0325 3.0477 0.0056
3.0646 3.0325 3.0477 0.0056
3.0646 3.0325 3.0477 0.0056
3.0646 3.0325 3.0477 0.0056
3.0646 3.0325 3.0477 0.0056
3.0646 3.0325 3.0477 0.0056
3.0646 3.0325 3.0477 0.0056
3.0646 3.0325 3.0478 0.0056
3.0646 3.0325 3.0478 0.0056
3.0646 3.0325 3.0478 0.0056
3.0646 3.0325 3.0478 0.0056
3.0646 3.0325 3.0480 0.0058
3.0646 3.0325 3.0480 0.0058
3.0646 3.0325 3.0480 0.0058
3.0646 3.0325 3.0480 0.0058
3.0646 3.0325 3.0480 0.0058
3.0646 3.0325 3.0480 0.0058
3.0646 3.0325 3.0480 0.0058
3.0646 3.0325 3.0480 0.0058
3.0646 3.0325 3.0481 0.0058
3.0646 3.0325 3.0481 0.0058
3.0646 3.0325 3.0481 0.0058
3.0646 3.0325 3.0483 0.0059
3.0646 3.0325 3.0483 0.0059
3.0646 3.0325 3.0485 0.0057
3.0646 3.0325 3.0485 0.0057
3.0646 3.0325 3.0485 0.0057
3.0646 3.0325 3.0485 0.0057
3.0646 3.0325 3.0485 0.0057
3.0646 3.0325 3.0485 0.0057
3.0646 3.0325 3.0485 0.0057
3.0646 3.0325 3.0485 0.0057
3.0646 3.0325 3.0485 0.0057
3.0646 3.0325 3.0485 0.0057
3.0646 3.0325 3.0485 0.0057
3.0646 3.0325 3.0485 0.0057
3.0646 3.0325 3.0486 0.0058
3.0646 3.0325 3.0487 0.0060
3.0646 3.0325 3.0489 0.0058
3.0646 3.0325 3.0490 0.0060
3.0646 3.0325 3.0490 0.0060
3.0646 3.0325 3.0490 0.0060
3.0646 3.0325 3.0490 0.0060
3.0646 3.0325 3.0491 0.0060
3.0646 3.0325 3.0491 0.0060
3.0646 3.0325 3.0491 0.0060
3.0646 3.0325 3.0491 0.0060
3.0646 3.0325 3.0491 0.0060
3.0646 3.0325 3.0491 0.0060
3.0646 3.0325 3.0491 0.0060
3.0646 3.0325 3.0491 0.0060
3.0646 3.0325 3.0491 0.0060
3.0646 3.0325 3.0491 0.0060
3.0646 3.0325 3.0491 0.0060
3.0646 3.0325 3.0492 0.0060
3.0646 3.0325 3.0492 0.0060
3.0646 3.0325 3.0493 0.0060
3.0646 3.0325 3.0493 0.0060
3.0646 3.0325 3.0493 0.0060
3.0646 3.0325 3.0493 0.0060
3.0646 3.0325 3.0493 0.0060
3.0646 3.0325 3.0493 0.0060
3.0646 3.0325 3.0493 0.0060
3.0646 3.0325 3.0493 0.0060
3.0646 3.0325 3.0494 0.0060
3.0646 3.0325 3.0495 0.0060
3.0646 3.0325 3.0496 0.0060
3.0646 3.0325 3.0497 0.0058
3.0646 3.0325 3.0498 0.0057
3.0646 3.0325 3.0498 0.0057
3.0646 3.0325 3.0498 0.0057
3.0646 3.0325 3.0498 0.0057
3.0646 3.0325 3.0498 0.0057
3.0646 3.0325 3.0498 0.0057
3.0646 3.0325 3.0498 0.0057
3.0646 3.0325 3.0498 0.0057
3.0646 3.0325 3.0498 0.0057
3.0646 3.0325 3.0498 0.0057
3.0646 3.0325 3.0498 0.0057
3.0646 3.0325 3.0498 0.0057
3.0646 3.0325 3.0498 0.0057
3.0646 3.0325 3.0499 0.0057
3.0646 3.0325 3.0500 0.0058
3.0646 3.0325 3.0500 0.0058
3.0646 3.0325 3.0500 0.0058
3.0646 3.0325 3.0500 0.0058
3.0646 3.0325 3.0500 0.0058
3.0646 3.0325 3.0500 0.0058
3.0646 3.0339 3.0502 0.0055
3.0646 3.0339 3.0502 0.0055
3.0646 3.0339 3.0502 0.0055
3.0646 3.0339 3.0502 0.0055
3.0646 3.0339 3.0502 0.0055
3.0646 3.0339 3.0502 0.0055
3.0646 3.0339 3.0502 0.0055
3.0646 3.0339 3.0503 0.0055
3.0646 3.0339 3.0503 0.0055
3.0646 3.0339 3.0504 0.0055
3.0646 3.0339 3.0504 0.0055
3.0646 3.0339 3.0504 0.0055
3.0646 3.0339 3.0504 0.0055
3.0646 3.0339 3.0504 0.0055
3.0646 3.0339 3.0504 0.0055
3.0646 3.0339 3.0504 0.0055
3.0646 3.0339 3.0504 0.0055
3.0646 3.0339 3.0504 0.0055
3.0646 3.0339 3.0505 0.0055
3.0646 3.0339 3.0505 0.0055
3.0646 3.0339 3.0505 0.0055
3.0646 3.0339 3.0505 0.0055
3.0646 3.0339 3.0505 0.0055
3.0646 3.0339 3.0505 0.0055
3.0646 3.0339 3.0506 0.0055
3.0646 3.0339 3.0506 0.0054
3.0646 3.0339 3.0506 0.0054
3.0646 3.0339 3.0506 0.0054
3.0646 3.0339 3.0506 0.0054
3.0646 3.0339 3.0507 0.0054
3.0646 3.0339 3.0507 0.0054
3.0646 3.0339 3.0507 0.0054
3.0646 3.0339 3.0507 0.0054
3.0646 3.0339 3.0507 0.0054
3.0646 3.0339 3.0507 0.0054
3.0646 3.0339 3.0507 0.0054
3.0646 3.0339 3.0508 0.0052
3.0646 3.0339 3.0508 0.0052
3.0646 3.0339 3.0508 0.0052
3.0646 3.0339 3.0508 0.0052
3.0646 3.0339 3.0508 0.0052
3.0646 3.0339 3.0509 0.0052
3.0646 3.0339 3.0509 0.0052
3.0646 3.0339 3.0510 0.0052
3.0646 3.0339 3.0510 0.0052
3.0646 3.0339 3.0510 0.0052
3.0646 3.0339 3.0510 0.0052
3.0646 3.0339 3.0510 0.0052
3.0646 3.0339 3.0510 0.0052
3.0646 3.0339 3.0511 0.0052
3.0646 3.0339 3.0511 0.0052
3.0646 3.0339 3.0511 0.0052
3.0646 3.0339 3.0511 0.0052
3.0646 3.0339 3.0511 0.0052
3.0646 3.0339 3.0511 0.0052
3.0646 3.0339 3.0511 0.0052
3.0646 3.0339 3.0511 0.0052
3.0646 3.0339 3.0513 0.0053
3.0646 3.0339 3.0513 0.0053
3.0646 3.0339 3.0513 0.0053
3.0646 3.0339 3.0513 0.0054
3.0646 3.0339 3.0513 0.0054
3.0646 3.0339 3.0513 0.0054
3.0646 3.0339 3.0513 0.0054
3.0646 3.0339 3.0513 0.0054
3.0646 3.0339 3.0514 0.0054
3.0646 3.0339 3.0514 0.0054
3.0646 3.0339 3.0514 0.0054
3.0646 3.0339 3.0514 0.0054
3.0646 3.0339 3.0514 0.0054
3.0646 3.0339 3.0514 0.0054
3.0646 3.0339 3.0514 0.0054
3.0646 3.0339 3.0514 0.0054
3.0646 3.0339 3.0514 0.0054
3.0646 3.0339 3.0514 0.0054
3.0646 3.0339 3.0515 0.0054
3.0646 3.0339 3.0515 0.0054
3.0646 3.0339 3.0516 0.0055
3.0646 3.0339 3.0516 0.0055
3.0646 3.0339 3.0516 0.0055
3.0646 3.0339 3.0516 0.0055
3.0646 3.0339 3.0516 0.0055
3.0646 3.0339 3.0516 0.0055
3.0646 3.0339 3.0516 0.0055
3.0646 3.0339 3.0516 0.0055
3.0646 3.0339 3.0516 0.0055
3.0646 3.0339 3.0516 0.0055
3.0646 3.0339 3.0516 0.0055
3.0646 3.0339 3.0517 0.0055
3.0646 3.0339 3.0517 0.0055
3.0646 3.0339 3.0517 0.0055
3.0646 3.0339 3.0517 0.0055
3.0646 3.0339 3.0517 0.0055
3.0646 3.0339 3.0517 0.0055
3.0646 3.0339 3.0517 0.0055
3.0646 3.0339 3.0517 0.0055
3.0646 3.0339 3.0517 0.0055
3.0646 3.0339 3.0519 0.0056
3.0646 3.0339 3.0519 0.0056
3.0646 3.0339 3.0519 0.0056
3.0646 3.0339 3.0519 0.0056
3.0646 3.0339 3.0519 0.0056
3.0646 3.0339 3.0519 0.0056
3.0646 3.0339 3.0519 0.0056
3.0646 3.0339 3.0520 0.0056
3.0646 3.0339 3.0520 0.0056
3.0646 3.0339 3.0520 0.0056
3.0646 3.0339 3.0521 0.0056
3.0646 3.0339 3.0521 0.0056
3.0646 3.0339 3.0522 0.0057
3.0646 3.0339 3.0522 0.0057
3.0646 3.0339 3.0522 0.0057
3.0646 3.0339 3.0522 0.0057
3.0646 3.0339 3.0522 0.0057
3.0646 3.0339 3.0523 0.0058
3.0646 3.0339 3.0523 0.0058
3.0646 3.0339 3.0525 0.0056
3.0646 3.0339 3.0525 0.0056
3.0646 3.0339 3.0525 0.0056
3.0646 3.0339 3.0525 0.0056
3.0646 3.0339 3.0527 0.0057
3.0646 3.0339 3.0527 0.0057
3.0646 3.0339 3.0527 0.0057
3.0646 3.0339 3.0527 0.0057
3.0646 3.0339 3.0527 0.0057
3.0646 3.0339 3.0527 0.0058
3.0646 3.0339 3.0527 0.0058
3.0646 3.0339 3.0528 0.0057
3.0646 3.0339 3.0528 0.0057
3.0646 3.0339 3.0528 0.0057
3.0646 3.0339 3.0528 0.0057
3.0646 3.0339 3.0528 0.0057
3.0646 3.0339 3.0530 0.0058
3.0646 3.0339 3.0530 0.0058
3.0646 3.0339 3.0531 0.0058
3.0646 3.0339 3.0531 0.0059
3.0646 3.0339 3.0531 0.0059
3.0646 3.0339 3.0531 0.0059
3.0646 3.0339 3.0532 0.0059
3.0646 3.0339 3.0533 0.0060
3.0646 3.0339 3.0533 0.0060
3.0646 3.0339 3.0533 0.0060
3.0646 3.0339 3.0533 0.0060
3.0646 3.0339 3.0533 0.0060
3.0646 3.0339 3.0533 0.0060
3.0646 3.0339 3.0533 0.0060
3.0646 3.0339 3.0533 0.0060
3.0646 3.0339 3.0533 0.0060
3.0646 3.0339 3.0533 0.0060
3.0646 3.0339 3.0533 0.0060
3.0646 3.0339 3.0533 0.0060
3.0646 3.0339 3.0534 0.0061
3.0646 3.0339 3.0535 0.0061
3.0646 3.0339 3.0535 0.0061
3.0646 3.0339 3.0537 0.0061
3.0646 3.0339 3.0537 0.0061
3.0646 3.0339 3.0538 0.0060
3.0646 3.0339 3.0540 0.0061
3.0646 3.0339 3.0540 0.0061
3.0646 3.0339 3.0542 0.0061
3.0646 3.0339 3.0542 0.0061
3.0646 3.0339 3.0542 0.0061
3.0646 3.0339 3.0543 0.0061
3.0646 3.0339 3.0543 0.0061
3.0646 3.0339 3.0543 0.0061
3.0646 3.0339 3.0543 0.0061
3.0646 3.0339 3.0543 0.0061
3.0646 3.0339 3.0544 0.0061
3.0646 3.0339 3.0544 0.0061
3.0646 3.0339 3.0544 0.0061
3.0646 3.0339 3.0544 0.0061
3.0646 3.0339 3.0545 0.0061
3.0646 3.0339 3.0545 0.0061
3.0646 3.0339 3.0545 0.0061
3.0646 3.0339 3.0545 0.0062
3.0646 3.0339 3.0545 0.0061
3.0646 3.0339 3.0546 0.0062
3.0646 3.0339 3.0547 0.0063
3.0646 3.0339 3.0547 0.0063
3.0646 3.0339 3.0549 0.0064
3.0646 3.0339 3.0549 0.0064
3.0646 3.0339 3.0549 0.0064
3.0646 3.0339 3.0549 0.0064
3.0646 3.0339 3.0549 0.0064
3.0646 3.0339 3.0551 0.0064
3.0646 3.0339 3.0551 0.0064
3.0646 3.0339 3.0551 0.0064
3.0646 3.0339 3.0552 0.0064
3.0646 3.0339 3.0552 0.0064
3.0646 3.0339 3.0553 0.0065
3.0646 3.0339 3.0553 0.0065
3.0646 3.0339 3.0553 0.0065
3.0646 3.0339 3.0555 0.0065
3.0646 3.0339 3.0555 0.0065
3.0646 3.0339 3.0556 0.0065
3.0646 3.0339 3.0556 0.0065
3.0646 3.0339 3.0556 0.0065
3.0646 3.0339 3.0556 0.0065
3.0646 3.0339 3.0556 0.0065
3.0646 3.0339 3.0557 0.0065
3.0646 3.0339 3.0557 0.0065
3.0646 3.0339 3.0557 0.0065
3.0646 3.0339 3.0557 0.0065
3.0646 3.0339 3.0557 0.0065
3.0646 3.0339 3.0557 0.0065
3.0646 3.0339 3.0559 0.0065
3.0646 3.0339 3.0559 0.0065
3.0646 3.0339 3.0559 0.0065
3.0646 3.0339 3.0560 0.0065
3.0646 3.0339 3.0560 0.0065
3.0646 3.0339 3.0560 0.0065
3.0646 3.0339 3.0560 0.0065
3.0646 3.0339 3.0560 0.0065
3.0646 3.0339 3.0561 0.0065
3.0646 3.0339 3.0561 0.0065
3.0646 3.0339 3.0561 0.0065
3.0646 3.0339 3.0561 0.0065
3.0646 3.0339 3.0561 0.0065
3.0646 3.0339 3.0561 0.0065
3.0646 3.0339 3.0561 0.0065
3.0646 3.0339 3.0561 0.0065
3.0646 3.0339 3.0561 0.0065
3.0646 3.0339 3.0561 0.0065
3.0646 3.0339 3.0561 0.0065
3.0646 3.0339 3.0561 0.0066
3.0646 3.0339 3.0561 0.0066
3.0646 3.0339 3.0561 0.0066
3.0646 3.0339 3.0561 0.0066
3.0646 3.0339 3.0561 0.0066
3.0646 3.0339 3.0561 0.0066
3.0646 3.0339 3.0561 0.0066
3.0646 3.0339 3.0561 0.0066
3.0646 3.0339 3.0561 0.0066
3.0646 3.0339 3.0561 0.0066
3.0646 3.0339 3.0563 0.0065
3.0646 3.0339 3.0563 0.0065
3.0646 3.0339 3.0564 0.0066
3.0646 3.0339 3.0564 0.0066
3.0646 3.0339 3.0564 0.0066
3.0646 3.0339 3.0564 0.0066
3.0646 3.0339 3.0564 0.0066
3.0646 3.0339 3.0564 0.0066
3.0646 3.0339 3.0564 0.0066
3.0646 3.0339 3.0565 0.0065
3.0646 3.0339 3.0565 0.0065
3.0646 3.0339 3.0565 0.0066
3.0646 3.0339 3.0565 0.0066
3.0646 3.0339 3.0565 0.0066
3.0646 3.0339 3.0565 0.0066
3.0646 3.0339 3.0567 0.0066
3.0646 3.0339 3.0567 0.0066
3.0646 3.0339 3.0567 0.0066
3.0646 3.0339 3.0567 0.0066
3.0646 3.0339 3.0567 0.0066
3.0646 3.0339 3.0567 0.0066
3.0646 3.0339 3.0568 0.0066
3.0646 3.0339 3.0568 0.0066
3.0646 3.0339 3.0569 0.0065
3.0646 3.0339 3.0570 0.0065
3.0646 3.0339 3.0570 0.0065
3.0646 3.0339 3.0570 0.0065
3.0646 3.0339 3.0570 0.0065
3.0646 3.0339 3.0570 0.0065
3.0646 3.0339 3.0570 0.0065
3.0646 3.0339 3.0570 0.0065
3.0646 3.0339 3.0570 0.0065
3.0646 3.0339 3.0570 0.0065
3.0646 3.0339 3.0570 0.0065
3.0646 3.0339 3.0570 0.0065
3.0646 3.0339 3.0570 0.0065
3.0646 3.0339 3.0570 0.0065
3.0646 3.0339 3.0571 0.0066
3.0659 3.0339 3.0571 0.0066
3.0659 3.0339 3.0572 0.0066
3.0659 3.0339 3.0572 0.0066
3.0659 3.0339 3.0572 0.0066
3.0659 3.0339 3.0572 0.0066
3.0659 3.0339 3.0572 0.0066
3.0659 3.0339 3.0572 0.0066
3.0659 3.0339 3.0572 0.0066
3.0659 3.0339 3.0572 0.0066
3.0659 3.0339 3.0573 0.0067
3.0659 3.0339 3.0573 0.0067
3.0659 3.0339 3.0573 0.0067
3.0659 3.0339 3.0573 0.0067
3.0659 3.0339 3.0573 0.0067
3.0659 3.0339 3.0574 0.0067
3.0659 3.0339 3.0574 0.0067
3.0659 3.0339 3.0574 0.0067
3.0659 3.0339 3.0576 0.0067
3.0659 3.0339 3.0576 0.0067
3.0659 3.0339 3.0576 0.0067
3.0659 3.0339 3.0576 0.0067
3.0659 3.0339 3.0576 0.0067
3.0659 3.0339 3.0576 0.0067
3.0659 3.0339 3.0576 0.0067
3.0659 3.0339 3.0577 0.0067
3.0659 3.0339 3.0577 0.0067
3.0659 3.0339 3.0577 0.0067
3.0659 3.0339 3.0577 0.0067
3.0659 3.0339 3.0577 0.0067
3.0659 3.0339 3.0577 0.0067
3.0659 3.0339 3.0577 0.0067
3.0659 3.0339 3.0577 0.0067
3.0659 3.0339 3.0579 0.0066
3.0659 3.0339 3.0579 0.0066
3.0659 3.0339 3.0579 0.0066
3.0659 3.0339 3.0579 0.0066
3.0659 3.0339 3.0579 0.0066
3.0659 3.0339 3.0581 0.0066
3.0659 3.0339 3.0581 0.0066
3.0659 3.0339 3.0581 0.0066
3.0659 3.0339 3.0581 0.0066
3.0659 3.0339 3.0581 0.0066
3.0659 3.0339 3.0581 0.0066
3.0659 3.0339 3.0581 0.0066
3.0659 3.0339 3.0581 0.0066
3.0659 3.0339 3.0581 0.0066
3.0659 3.0339 3.0581 0.0066
3.0659 3.0339 3.0581 0.0066
3.0659 3.0339 3.0581 0.0066
3.0659 3.0339 3.0581 0.0066
3.0659 3.0339 3.0581 0.0066
3.0659 3.0339 3.0582 0.0066
3.0659 3.0339 3.0582 0.0066
3.0659 3.0339 3.0583 0.0066
3.0659 3.0339 3.0584 0.0066
3.0659 3.0339 3.0584 0.0066
3.0659 3.0339 3.0584 0.0066
3.0659 3.0339 3.0584 0.0066
3.0659 3.0339 3.0585 0.0066
3.0659 3.0339 3.0585 0.0066
3.0659 3.0339 3.0585 0.0066
3.0659 3.0339 3.0585 0.0066
3.0659 3.0339 3.0585 0.0066
3.0659 3.0339 3.0586 0.0066
3.0659 3.0339 3.0586 0.0066
3.0659 3.0339 3.0587 0.0066
3.0659 3.0339 3.0587 0.0066
3.0659 3.0339 3.0587 0.0066
3.0659 3.0339 3.0588 0.0066
3.0659 3.0339 3.0588 0.0066
3.0659 3.0339 3.0588 0.0066
3.0659 3.0339 3.0588 0.0066
3.0659 3.0339 3.0588 0.0065
3.0659 3.0339 3.0589 0.0066
3.0659 3.0339 3.0589 0.0065
3.0659 3.0339 3.0589 0.0065
3.0659 3.0339 3.0589 0.0065
3.0659 3.0339 3.0589 0.0065
3.0659 3.0339 3.0590 0.0065
3.0659 3.0339 3.0590 0.0065
3.0659 3.0339 3.0591 0.0065
3.0659 3.0339 3.0591 0.0065
3.0659 3.0339 3.0591 0.0065
3.0659 3.0339 3.0591 0.0065
3.0659 3.0339 3.0592 0.0065
3.0659 3.0339 3.0592 0.0065
3.0659 3.0339 3.0592 0.0065
3.0659 3.0339 3.0592 0.0065
3.0659 3.0339 3.0592 0.0065
3.0659 3.0339 3.0592 0.0065
3.0659 3.0339 3.0592 0.0065
3.0659 3.0339 3.0592 0.0065
3.0659 3.0339 3.0592 0.0065
3.0659 3.0339 3.0592 0.0065
3.0659 3.0339 3.0592 0.0065
3.0659 3.0339 3.0592 0.0065
3.0659 3.0339 3.0592 0.0065
3.0659 3.0339 3.0594 0.0065
3.0659 3.0339 3.0594 0.0065
3.0659 3.0339 3.0594 0.0065
3.0659 3.0339 3.0594 0.0065
3.0659 3.0339 3.0594 0.0065
3.0659 3.0339 3.0594 0.0065
3.0659 3.0339 3.0594 0.0065
3.0659 3.0339 3.0594 0.0065
3.0659 3.0339 3.0594 0.0065
3.0659 3.0339 3.0595 0.0064
3.0659 3.0339 3.0595 0.0064
3.0659 3.0339 3.0595 0.0064
3.0659 3.0339 3.0595 0.0064
3.0659 3.0339 3.0595 0.0064
3.0659 3.0339 3.0595 0.0064
3.0659 3.0339 3.0595 0.0064
3.0659 3.0339 3.0595 0.0064
3.0659 3.0339 3.0595 0.0064
3.0659 3.0339 3.0597 0.0064
3.0659 3.0339 3.0597 0.0064
3.0659 3.0339 3.0598 0.0064
3.0659 3.0339 3.0598 0.0064
3.0659 3.0339 3.0598 0.0064
3.0659 3.0339 3.0598 0.0064
3.0659 3.0339 3.0598 0.0064
3.0659 3.0339 3.0598 0.0064
3.0659 3.0339 3.0598 0.0064
3.0659 3.0339 3.0598 0.0064
3.0659 3.0339 3.0598 0.0064
3.0659 3.0339 3.0598 0.0064
3.0659 3.0339 3.0598 0.0064
3.0659 3.0339 3.0598 0.0064
3.0659 3.0339 3.0598 0.0064
3.0659 3.0339 3.0598 0.0064
3.0659 3.0339 3.0598 0.0064
3.0659 3.0339 3.0598 0.0064
3.0659 3.0339 3.0598 0.0064
3.0659 3.0339 3.0599 0.0063
3.0659 3.0339 3.0599 0.0063
3.0659 3.0339 3.0600 0.0063
3.0659 3.0339 3.0600 0.0063
3.0659 3.0339 3.0600 0.0063
3.0659 3.0339 3.0600 0.0063
3.0659 3.0339 3.0600 0.0063
3.0659 3.0339 3.0600 0.0063
3.0659 3.0339 3.0602 0.0062
3.0659 3.0339 3.0602 0.0062
3.0659 3.0339 3.0602 0.0061
3.0659 3.0339 3.0604 0.0061
3.0659 3.0339 3.0604 0.0061
3.0659 3.0339 3.0604 0.0061
3.0659 3.0339 3.0604 0.0061
3.0659 3.0339 3.0604 0.0061
3.0659 3.0339 3.0605 0.0060
3.0659 3.0339 3.0606 0.0060
3.0659 3.0339 3.0607 0.0059
3.0659 3.0339 3.0607 0.0059
3.0659 3.0339 3.0607 0.0059
3.0659 3.0339 3.0607 0.0059
3.0659 3.0339 3.0607 0.0059
3.0659 3.0339 3.0607 0.0059
3.0659 3.0339 3.0607 0.0059
3.0659 3.0339 3.0607 0.0059
3.0659 3.0339 3.0609 0.0058
3.0659 3.0339 3.0609 0.0058
3.0659 3.0339 3.0609 0.0058
3.0659 3.0339 3.0610 0.0058
3.0659 3.0339 3.0610 0.0058
3.0659 3.0339 3.0610 0.0058
3.0659 3.0339 3.0610 0.0058
3.0659 3.0339 3.0610 0.0058
3.0659 3.0339 3.0610 0.0058
3.0659 3.0339 3.0612 0.0055
3.0659 3.0339 3.0612 0.0055
3.0659 3.0339 3.0612 0.0055
3.0659 3.0339 3.0613 0.0054
3.0659 3.0339 3.0614 0.0054
3.0659 3.0339 3.0614 0.0054
3.0659 3.0339 3.0614 0.0054
3.0659 3.0339 3.0614 0.0054
3.0659 3.0339 3.0614 0.0054
3.0659 3.0339 3.0615 0.0054
3.0659 3.0339 3.0615 0.0054
3.0659 3.0339 3.0615 0.0054
3.0659 3.0339 3.0616 0.0054
3.0659 3.0339 3.0616 0.0054
3.0659 3.0339 3.0616 0.0054
3.0659 3.0339 3.0616 0.0054
3.0659 3.0339 3.0616 0.0054
3.0659 3.0339 3.0616 0.0054
3.0659 3.0339 3.0616 0.0054
3.0659 3.0339 3.0616 0.0054
3.0659 3.0339 3.0616 0.0054
3.0659 3.0339 3.0616 0.0054
3.0659 3.0339 3.0616 0.0054
3.0659 3.0339 3.0616 0.0054
3.0659 3.0339 3.0616 0.0054
3.0659 3.0339 3.0616 0.0054
3.0659 3.0339 3.0616 0.0054
3.0659 3.0339 3.0617 0.0053
3.0659 3.0339 3.0617 0.0053
3.0659 3.0339 3.0617 0.0053
3.0659 3.0339 3.0617 0.0053
3.0659 3.0339 3.0618 0.0053
3.0659 3.0339 3.0619 0.0052
3.0659 3.0339 3.0619 0.0052
3.0659 3.0339 3.0619 0.0052
3.0659 3.0339 3.0619 0.0052
3.0659 3.0339 3.0620 0.0050
3.0659 3.0339 3.0620 0.0050
3.0659 3.0339 3.0623 0.0046
3.0659 3.0339 3.0623 0.0046
3.0659 3.0339 3.0623 0.0046
3.0659 3.0339 3.0624 0.0045
3.0659 3.0339 3.0624 0.0045
3.0659 3.0339 3.0624 0.0045
3.0659 3.0339 3.0624 0.0045
3.0659 3.0339 3.0625 0.0045
3.0659 3.0339 3.0625 0.0045
3.0659 3.0339 3.0625 0.0045
3.0659 3.0339 3.0625 0.0045
3.0659 3.0339 3.0626 0.0044
3.0659 3.0339 3.0627 0.0044
3.0659 3.0339 3.0627 0.0044
3.0659 3.0339 3.0627 0.0044
3.0659 3.0339 3.0627 0.0044
3.0659 3.0339 3.0627 0.0044
3.0659 3.0339 3.0628 0.0044
3.0659 3.0339 3.0628 0.0044
3.0659 3.0339 3.0628 0.0044
3.0659 3.0339 3.0628 0.0043
3.0659 3.0339 3.0628 0.0043
3.0659 3.0339 3.0628 0.0043
3.0659 3.0339 3.0628 0.0043
3.0659 3.0339 3.0628 0.0043
3.0659 3.0339 3.0628 0.0043
3.0659 3.0339 3.0629 0.0042
3.0659 3.0339 3.0629 0.0042
3.0659 3.0339 3.0629 0.0042
3.0659 3.0339 3.0629 0.0042
3.0659 3.0339 3.0629 0.0042
3.0659 3.0339 3.0629 0.0042
3.0659 3.0339 3.0629 0.0042
3.0659 3.0339 3.0629 0.0042
3.0659 3.0339 3.0629 0.0042
3.0659 3.0339 3.0629 0.0042
3.0659 3.0339 3.0629 0.0042
3.0659 3.0339 3.0629 0.0042
3.0659 3.0339 3.0629 0.0042
3.0659 3.0339 3.0629 0.0042
3.0659 3.0339 3.0629 0.0042
3.0659 3.0339 3.0630 0.0042
3.0659 3.0339 3.0630 0.0042
3.0659 3.0339 3.0631 0.0042
3.0659 3.0339 3.0631 0.0042
3.0659 3.0339 3.0631 0.0042
3.0659 3.0339 3.0631 0.0042
3.0659 3.0339 3.0631 0.0042
3.0659 3.0339 3.0631 0.0042
3.0659 3.0339 3.0631 0.0042
3.0659 3.0339 3.0631 0.0042
3.0659 3.0339 3.0631 0.0042
3.0659 3.0339 3.0631 0.0042
3.0659 3.0339 3.0631 0.0042
3.0659 3.0339 3.0631 0.0042
3.0659 3.0339 3.0631 0.0042
3.0659 3.0339 3.0631 0.0042
3.0659 3.0339 3.0631 0.0042
3.0659 3.0339 3.0632 0.0041
3.0659 3.0339 3.0632 0.0041
3.0659 3.0339 3.0632 0.0041
3.0659 3.0339 3.0632 0.0041
3.0659 3.0339 3.0632 0.0041
3.0659 3.0339 3.0632 0.0041
3.0659 3.0339 3.0632 0.0041
3.0659 3.0339 3.0632 0.0041
3.0659 3.0339 3.0632 0.0041
3.0659 3.0339 3.0632 0.0041
3.0659 3.0339 3.0632 0.0041
3.0659 3.0339 3.0632 0.0041
3.0659 3.0339 3.0632 0.0041
3.0659 3.0339 3.0633 0.0040
3.0659 3.0339 3.0633 0.0040
3.0659 3.0339 3.0633 0.0040
3.0659 3.0339 3.0633 0.0040
3.0659 3.0339 3.0633 0.0040
3.0659 3.0339 3.0633 0.0040
3.0659 3.0339 3.0633 0.0040
3.0659 3.0339 3.0633 0.0040
3.0659 3.0339 3.0633 0.0040
3.0659 3.0339 3.0633 0.0040
3.0659 3.0339 3.0633 0.0040
3.0659 3.0339 3.0633 0.0040
3.0659 3.0339 3.0633 0.0040
3.0659 3.0339 3.0633 0.0040
3.0659 3.0339 3.0634 0.0039
3.0659 3.0339 3.0634 0.0039
3.0659 3.0339 3.0634 0.0039
3.0659 3.0339 3.0634 0.0039
3.0659 3.0339 3.0634 0.0039
3.0659 3.0339 3.0634 0.0039
3.0659 3.0339 3.0634 0.0039
3.0659 3.0339 3.0634 0.0039
3.0659 3.0339 3.0634 0.0039
3.0659 3.0339 3.0634 0.0039
3.0659 3.0339 3.0634 0.0039
3.0659 3.0339 3.0634 0.0039
3.0659 3.0339 3.0634 0.0039
3.0659 3.0339 3.0634 0.0039
3.0659 3.0339 3.0634 0.0039
3.0659 3.0339 3.0635 0.0038
3.0659 3.0339 3.0635 0.0038
3.0659 3.0339 3.0635 0.0038
3.0659 3.0528 3.0638 0.0024
3.0659 3.0528 3.0638 0.0024
3.0659 3.0528 3.0638 0.0024
3.0659 3.0528 3.0638 0.0024
3.0659 3.0528 3.0638 0.0024
3.0659 3.0528 3.0638 0.0024
3.0659 3.0528 3.0639 0.0024
3.0659 3.0528 3.0639 0.0024
3.0659 3.0528 3.0639 0.0024
3.0659 3.0528 3.0639 0.0024
3.0659 3.0528 3.0639 0.0024
3.0659 3.0528 3.0639 0.0024
3.0659 3.0528 3.0639 0.0024
3.0659 3.0528 3.0639 0.0024
3.0659 3.0528 3.0639 0.0024
3.0659 3.0528 3.0639 0.0024
3.0659 3.0528 3.0639 0.0024
3.0659 3.0528 3.0639 0.0024
3.0659 3.0528 3.0639 0.0024
3.0659 3.0528 3.0639 0.0024
3.0659 3.0528 3.0639 0.0024
3.0659 3.0528 3.0639 0.0024
3.0659 3.0528 3.0639 0.0024
3.0659 3.0528 3.0639 0.0024
3.0659 3.0528 3.0639 0.0024
3.0659 3.0528 3.0639 0.0024
3.0659 3.0528 3.0639 0.0024
3.0659 3.0528 3.0639 0.0024
3.0659 3.0528 3.0639 0.0024
3.0659 3.0528 3.0640 0.0023
3.0659 3.0528 3.0640 0.0023
3.0659 3.0528 3.0640 0.0023
3.0659 3.0528 3.0640 0.0023
3.0659 3.0528 3.0640 0.0023
3.0659 3.0528 3.0640 0.0023
3.0659 3.0528 3.0640 0.0023
3.0659 3.0528 3.0640 0.0023
3.0659 3.0528 3.0640 0.0023
3.0659 3.0528 3.0640 0.0023
3.0659 3.0528 3.0640 0.0023
3.0659 3.0528 3.0640 0.0023
3.0659 3.0528 3.0640 0.0023
3.0659 3.0528 3.0640 0.0023
3.0659 3.0528 3.0640 0.0023
3.0659 3.0528 3.0640 0.0023
3.0659 3.0528 3.0640 0.0023
3.0659 3.0528 3.0640 0.0023
3.0659 3.0528 3.0640 0.0023
3.0659 3.0528 3.0640 0.0023
3.0659 3.0528 3.0640 0.0023
3.0659 3.0528 3.0640 0.0023
3.0659 3.0528 3.0640 0.0023
3.0659 3.0528 3.0640 0.0023
3.0659 3.0528 3.0640 0.0023
3.0659 3.0528 3.0640 0.0023
3.0659 3.0528 3.0640 0.0023
3.0659 3.0528 3.0640 0.0023
3.0659 3.0528 3.0640 0.0023
3.0659 3.0528 3.0640 0.0023
3.0659 3.0528 3.0640 0.0023
3.0659 3.0528 3.0641 0.0021
3.0659 3.0528 3.0641 0.0021
3.0659 3.0528 3.0641 0.0021
3.0659 3.0528 3.0641 0.0021
3.0659 3.0528 3.0641 0.0021
3.0659 3.0528 3.0641 0.0021
3.0659 3.0528 3.0642 0.0020
3.0659 3.0528 3.0642 0.0020
3.0659 3.0528 3.0642 0.0020
3.0659 3.0528 3.0642 0.0020
3.0659 3.0528 3.0642 0.0020
3.0659 3.0528 3.0642 0.0020
3.0659 3.0528 3.0642 0.0020
3.0659 3.0528 3.0642 0.0020
3.0659 3.0528 3.0642 0.0020
3.0659 3.0528 3.0642 0.0020
3.0659 3.0528 3.0642 0.0020
3.0659 3.0528 3.0642 0.0020
3.0659 3.0528 3.0642 0.0020
3.0659 3.0528 3.0642 0.0020
3.0659 3.0528 3.0642 0.0020
3.0659 3.0528 3.0642 0.0020
3.0659 3.0528 3.0642 0.0020
3.0659 3.0528 3.0642 0.0020
3.0659 3.0528 3.0642 0.0020
3.0659 3.0528 3.0642 0.0020
3.0659 3.0528 3.0642 0.0020
3.0659 3.0528 3.0642 0.0020
3.0659 3.0528 3.0642 0.0020
3.0659 3.0528 3.0642 0.0020
3.0659 3.0528 3.0643 0.0018
3.0659 3.0528 3.0643 0.0018
3.0659 3.0528 3.0643 0.0018
3.0659 3.0528 3.0643 0.0017
3.0659 3.0528 3.0643 0.0017
3.0659 3.0528 3.0643 0.0017
3.0659 3.0528 3.0643 0.0017
3.0659 3.0528 3.0643 0.0017
3.0659 3.0528 3.0643 0.0017
3.0659 3.0528 3.0643 0.0017
3.0659 3.0528 3.0643 0.0017
3.0659 3.0528 3.0643 0.0017
3.0659 3.0528 3.0643 0.0017
3.0659 3.0528 3.0643 0.0017
3.0659 3.0528 3.0643 0.0017
3.0659 3.0528 3.0643 0.0017
3.0659 3.0528 3.0643 0.0017
3.0659 3.0528 3.0643 0.0017
3.0659 3.0528 3.0643 0.0017
3.0659 3.0528 3.0643 0.0017
3.0659 3.0528 3.0643 0.0017
3.0659 3.0528 3.0643 0.0017
3.0659 3.0528 3.0643 0.0017
3.0659 3.0528 3.0643 0.0017
3.0659 3.0528 3.0643 0.0017
3.0659 3.0528 3.0644 0.0017
3.0659 3.0528 3.0644 0.0017
3.0659 3.0528 3.0644 0.0017
3.0659 3.0528 3.0644 0.0017
3.0659 3.0528 3.0644 0.0017
3.0659 3.0528 3.0644 0.0017
3.0659 3.0528 3.0644 0.0017
3.0659 3.0528 3.0644 0.0017
3.0659 3.0528 3.0644 0.0017
3.0659 3.0528 3.0644 0.0017
3.0659 3.0528 3.0644 0.0017
3.0659 3.0528 3.0644 0.0017
3.0659 3.0528 3.0644 0.0017
3.0659 3.0528 3.0644 0.0017
3.0659 3.0528 3.0644 0.0017
3.0659 3.0528 3.0644 0.0017
3.0659 3.0528 3.0644 0.0017
3.0659 3.0528 3.0644 0.0017
3.0659 3.0528 3.0644 0.0017
3.0659 3.0528 3.0644 0.0017
3.0659 3.0528 3.0644 0.0017
3.0659 3.0528 3.0644 0.0017
3.0659 3.0528 3.0644 0.0017
3.0659 3.0528 3.0645 0.0014
3.0659 3.0528 3.0645 0.0014
3.0659 3.0528 3.0645 0.0013
3.0659 3.0528 3.0645 0.0013
3.0659 3.0528 3.0645 0.0013
3.0659 3.0528 3.0645 0.0013
3.0659 3.0528 3.0645 0.0013
3.0659 3.0528 3.0645 0.0013
3.0659 3.0528 3.0645 0.0013
3.0659 3.0528 3.0645 0.0013
3.0659 3.0528 3.0645 0.0013
3.0659 3.0528 3.0645 0.0013
3.0659 3.0528 3.0645 0.0013
3.0659 3.0528 3.0645 0.0013
3.0659 3.0528 3.0645 0.0013
3.0659 3.0528 3.0645 0.0013
3.0659 3.0528 3.0645 0.0013
3.0659 3.0528 3.0645 0.0013
3.0659 3.0528 3.0645 0.0013
3.0659 3.0528 3.0645 0.0013
3.0659 3.0528 3.0645 0.0013
3.0659 3.0528 3.0645 0.0013
3.0659 3.0528 3.0645 0.0013
3.0659 3.0528 3.0645 0.0013
3.0659 3.0528 3.0645 0.0013
3.0659 3.0528 3.0646 0.0013
3.0659 3.0528 3.0646 0.0013
3.0659 3.0528 3.0646 0.0013
3.0659 3.0528 3.0646 0.0013
3.0659 3.0528 3.0646 0.0013
3.0659 3.0528 3.0646 0.0013
3.0659 3.0528 3.0646 0.0013
3.0659 3.0528 3.0646 0.0013
3.0659 3.0528 3.0646 0.0013
3.0659 3.0528 3.0646 0.0013
3.0659 3.0528 3.0646 0.0013
3.0659 3.0528 3.0646 0.0013
3.0659 3.0528 3.0646 0.0013
3.0659 3.0528 3.0646 0.0013
3.0659 3.0528 3.0646 0.0013
3.0659 3.0528 3.0646 0.0013
3.0659 3.0528 3.0646 0.0013
3.0659 3.0528 3.0646 0.0013
3.0659 3.0528 3.0646 0.0013
3.0659 3.0528 3.0646 0.0013
3.0659 3.0528 3.0646 0.0013
3.0659 3.0528 3.0646 0.0013
3.0659 3.0528 3.0646 0.0013
3.0659 3.0528 3.0646 0.0013
3.0659 3.0528 3.0646 0.0013
3.0659 3.0528 3.0646 0.0013
3.0659 3.0528 3.0646 0.0013
3.0659 3.0528 3.0646 0.0013
3.0659 3.0528 3.0646 0.0013
3.0659 3.0528 3.0646 0.0013
3.0659 3.0528 3.0646 0.0013
3.0659 3.0528 3.0646 0.0013
3.0659 3.0528 3.0646 0.0013
3.0659 3.0528 3.0646 0.0013
3.0659 3.0528 3.0646 0.0013
3.0659 3.0528 3.0646 0.0013
3.0659 3.0528 3.0646 0.0013
3.0659 3.0528 3.0646 0.0013
3.0659 3.0528 3.0646 0.0013
3.0659 3.0528 3.0646 0.0013
3.0659 3.0528 3.0646 0.0013
3.0659 3.0528 3.0646 0.0013
3.0659 3.0528 3.0646 0.0013
3.0659 3.0528 3.0646 0.0013
3.0659 3.0528 3.0646 0.0013
3.0659 3.0528 3.0646 0.0013
3.0659 3.0528 3.0646 0.0013
3.0659 3.0528 3.0646 0.0013
3.0659 3.0528 3.0646 0.0013
3.0659 3.0528 3.0646 0.0013
3.0659 3.0528 3.0646 0.0013
3.0659 3.0528 3.0646 0.0013
3.0659 3.0528 3.0646 0.0013
3.0659 3.0528 3.0646 0.0013
3.0659 3.0528 3.0646 0.0013
3.0659 3.0528 3.0646 0.0013
3.0659 3.0528 3.0646 0.0013
3.0659 3.0528 3.0646 0.0013
3.0659 3.0528 3.0646 0.0013
3.0659 3.0528 3.0646 0.0013
3.0659 3.0528 3.0646 0.0013
3.0659 3.0528 3.0646 0.0013
3.0659 3.0528 3.0646 0.0012
3.0659 3.0528 3.0646 0.0012
3.0659 3.0528 3.0646 0.0012
3.0659 3.0528 3.0646 0.0012
3.0659 3.0528 3.0646 0.0012
3.0659 3.0528 3.0646 0.0012
3.0659 3.0528 3.0646 0.0012
3.0659 3.0528 3.0646 0.0012
3.0659 3.0528 3.0646 0.0012
3.0659 3.0528 3.0646 0.0012
3.0659 3.0528 3.0646 0.0012
3.0659 3.0528 3.0646 0.0012
3.0659 3.0528 3.0646 0.0012
3.0659 3.0528 3.0646 0.0012
3.0659 3.0528 3.0646 0.0012
3.0659 3.0528 3.0646 0.0012
3.0659 3.0528 3.0646 0.0012
3.0659 3.0528 3.0646 0.0012
3.0659 3.0528 3.0646 0.0012
3.0659 3.0528 3.0646 0.0012
3.0659 3.0528 3.0646 0.0012
3.0659 3.0528 3.0646 0.0012
3.0659 3.0528 3.0646 0.0012
3.0659 3.0528 3.0646 0.0012
3.0659 3.0528 3.0646 0.0012
3.0659 3.0528 3.0646 0.0012
3.0659 3.0528 3.0646 0.0012
3.0659 3.0528 3.0646 0.0012
3.0659 3.0528 3.0646 0.0012
3.0659 3.0528 3.0646 0.0012
3.0659 3.0528 3.0646 0.0012
3.0659 3.0528 3.0646 0.0012
3.0659 3.0528 3.0646 0.0012
3.0659 3.0528 3.0646 0.0012
3.0659 3.0528 3.0646 0.0012
3.0659 3.0528 3.0646 0.0012
3.0659 3.0528 3.0646 0.0012
3.0659 3.0528 3.0646 0.0012
3.0659 3.0528 3.0646 0.0012
3.0659 3.0642 3.0648 0.0004
3.0659 3.0642 3.0648 0.0004
3.0659 3.0642 3.0648 0.0004
3.0659 3.0642 3.0648 0.0004
3.0659 3.0642 3.0648 0.0004
3.0659 3.0642 3.0648 0.0004
3.0659 3.0642 3.0648 0.0004
3.0659 3.0642 3.0648 0.0004
3.0659 3.0642 3.0648 0.0004
3.0659 3.0642 3.0648 0.0004
3.0659 3.0642 3.0648 0.0004
3.0659 3.0642 3.0648 0.0004
3.0659 3.0642 3.0648 0.0004
3.0659 3.0642 3.0648 0.0004
3.0659 3.0642 3.0648 0.0004
3.0659 3.0642 3.0648 0.0004
3.0659 3.0642 3.0648 0.0004
3.0659 3.0642 3.0648 0.0004
3.0659 3.0642 3.0648 0.0004
3.0659 3.0642 3.0648 0.0004
3.0659 3.0642 3.0648 0.0004
3.0659 3.0642 3.0648 0.0004
3.0659 3.0642 3.0648 0.0004
3.0659 3.0642 3.0648 0.0004
3.0659 3.0642 3.0648 0.0004
3.0659 3.0642 3.0648 0.0004
3.0659 3.0642 3.0648 0.0004
3.0659 3.0642 3.0648 0.0004
3.0659 3.0642 3.0648 0.0004
3.0659 3.0642 3.0648 0.0004
3.0659 3.0642 3.0648 0.0004
3.0659 3.0642 3.0648 0.0004
3.0659 3.0642 3.0648 0.0004
3.0659 3.0642 3.0648 0.0004
3.0659 3.0642 3.0648 0.0004
3.0659 3.0642 3.0648 0.0004
3.0659 3.0642 3.0648 0.0004
3.0659 3.0642 3.0648 0.0004
3.0659 3.0642 3.0648 0.0004
3.0659 3.0642 3.0648 0.0004
3.0659 3.0642 3.0648 0.0004
3.0659 3.0642 3.0648 0.0004
3.0659 3.0642 3.0648 0.0004
3.0659 3.0642 3.0648 0.0004
3.0659 3.0642 3.0648 0.0004
3.0659 3.0642 3.0648 0.0004
3.0659 3.0642 3.0648 0.0004
3.0659 3.0642 3.0648 0.0004
3.0659 3.0642 3.0648 0.0004
3.0659 3.0642 3.0648 0.0004
3.0659 3.0642 3.0648 0.0004
3.0659 3.0642 3.0648 0.0004
3.0659 3.0642 3.0648 0.0004
3.0659 3.0642 3.0648 0.0004
3.0659 3.0642 3.0648 0.0004
3.0659 3.0642 3.0648 0.0004
3.0659 3.0642 3.0648 0.0004
3.0659 3.0642 3.0648 0.0004
3.0659 3.0642 3.0648 0.0004
3.0659 3.0642 3.0648 0.0004
3.0659 3.0642 3.0648 0.0004
3.0659 3.0642 3.0648 0.0004
3.0659 3.0642 3.0648 0.0004
3.0659 3.0642 3.0648 0.0004
3.0659 3.0642 3.0648 0.0004
3.0659 3.0642 3.0648 0.0004
3.0659 3.0642 3.0648 0.0004
3.0659 3.0642 3.0648 0.0004
3.0659 3.0642 3.0648 0.0004
3.0659 3.0642 3.0648 0.0004
3.0659 3.0642 3.0648 0.0004
3.0659 3.0642 3.0648 0.0004
3.0659 3.0642 3.0648 0.0004
3.0659 3.0642 3.0648 0.0004
3.0659 3.0642 3.0648 0.0004
3.0659 3.0642 3.0648 0.0004
3.0659 3.0642 3.0648 0.0004
3.0659 3.0642 3.0648 0.0004
3.0659 3.0642 3.0648 0.0004
3.0659 3.0642 3.0648 0.0004
3.0659 3.0642 3.0648 0.0004
3.0659 3.0642 3.0648 0.0004
3.0659 3.0642 3.0648 0.0004
3.0659 3.0642 3.0648 0.0004
3.0659 3.0642 3.0648 0.0004
3.0659 3.0642 3.0648 0.0004
3.0659 3.0642 3.0648 0.0004
3.0659 3.0642 3.0648 0.0004
3.0659 3.0642 3.0648 0.0004
3.0659 3.0642 3.0648 0.0004
3.0659 3.0642 3.0648 0.0004
3.0659 3.0642 3.0648 0.0004
3.0659 3.0642 3.0648 0.0004
3.0659 3.0642 3.0648 0.0004
3.0659 3.0642 3.0648 0.0004
3.0659 3.0642 3.0648 0.0004
3.0659 3.0642 3.0648 0.0004
3.0659 3.0642 3.0648 0.0004
3.0659 3.0642 3.0648 0.0004
3.0659 3.0642 3.0648 0.0004
3.0659 3.0642 3.0648 0.0004
3.0659 3.0642 3.0648 0.0004
3.0659 3.0642 3.0648 0.0004
3.0659 3.0642 3.0648 0.0004
3.0659 3.0642 3.0648 0.0004
3.0659 3.0642 3.0648 0.0004
3.0659 3.0642 3.0648 0.0004
3.0659 3.0642 3.0648 0.0004
3.0659 3.0642 3.0648 0.0004
3.0659 3.0642 3.0648 0.0004
3.0659 3.0642 3.0648 0.0004
3.0659 3.0642 3.0648 0.0004
3.0659 3.0642 3.0648 0.0004
3.0659 3.0642 3.0648 0.0004
3.0659 3.0642 3.0648 0.0004
3.0659 3.0642 3.0648 0.0004
3.0659 3.0642 3.0648 0.0004
3.0659 3.0642 3.0648 0.0004
3.0659 3.0642 3.0648 0.0005
3.0659 3.0642 3.0648 0.0005
3.0659 3.0642 3.0648 0.0005
3.0659 3.0642 3.0648 0.0005
3.0659 3.0642 3.0648 0.0005
3.0659 3.0642 3.0648 0.0005
3.0659 3.0642 3.0648 0.0005
3.0659 3.0642 3.0648 0.0005
3.0659 3.0642 3.0648 0.0005
3.0659 3.0642 3.0648 0.0005
3.0659 3.0642 3.0648 0.0005
3.0659 3.0642 3.0648 0.0005
3.0659 3.0642 3.0648 0.0005
3.0659 3.0642 3.0648 0.0005
3.0659 3.0642 3.0648 0.0005
3.0659 3.0642 3.0648 0.0005
3.0659 3.0642 3.0648 0.0005
3.0659 3.0642 3.0648 0.0005
3.0659 3.0642 3.0648 0.0005
3.0659 3.0642 3.0648 0.0005
3.0659 3.0642 3.0648 0.0005
3.0659 3.0642 3.0648 0.0005
3.0659 3.0642 3.0648 0.0005
3.0659 3.0642 3.0648 0.0005
3.0659 3.0642 3.0649 0.0005
3.0659 3.0642 3.0649 0.0005
3.0659 3.0642 3.0649 0.0005
3.0659 3.0642 3.0649 0.0005
3.0659 3.0642 3.0649 0.0005
3.0659 3.0642 3.0649 0.0005
3.0659 3.0642 3.0649 0.0005
3.0659 3.0642 3.0649 0.0005
3.0659 3.0642 3.0649 0.0005
3.0659 3.0642 3.0649 0.0005
3.0659 3.0642 3.0649 0.0005
3.0659 3.0642 3.0649 0.0005
3.0659 3.0642 3.0649 0.0005
3.0659 3.0642 3.0649 0.0005
3.0659 3.0642 3.0649 0.0005
3.0659 3.0642 3.0649 0.0005
3.0659 3.0642 3.0649 0.0005
3.0659 3.0642 3.0649 0.0005
3.0659 3.0642 3.0649 0.0005
3.0659 3.0642 3.0649 0.0005
3.0659 3.0642 3.0649 0.0005
3.0659 3.0642 3.0649 0.0005
3.0659 3.0642 3.0649 0.0005
3.0659 3.0642 3.0649 0.0005
3.0659 3.0642 3.0649 0.0005
3.0659 3.0642 3.0649 0.0005
3.0659 3.0642 3.0649 0.0005
3.0659 3.0642 3.0649 0.0005
3.0659 3.0642 3.0649 0.0005
3.0659 3.0642 3.0649 0.0005
3.0659 3.0642 3.0649 0.0005
3.0659 3.0642 3.0649 0.0005
3.0659 3.0642 3.0649 0.0005
3.0659 3.0642 3.0649 0.0005
3.0659 3.0642 3.0649 0.0005
3.0659 3.0642 3.0649 0.0005
3.0659 3.0642 3.0649 0.0005
3.0659 3.0642 3.0649 0.0005
3.0659 3.0642 3.0649 0.0005
3.0659 3.0642 3.0649 0.0005
3.0659 3.0642 3.0649 0.0005
3.0659 3.0642 3.0649 0.0005
3.0659 3.0642 3.0649 0.0005
3.0659 3.0642 3.0649 0.0005
3.0659 3.0642 3.0649 0.0005
3.0659 3.0642 3.0649 0.0005
3.0659 3.0642 3.0649 0.0005
3.0659 3.0642 3.0649 0.0005
3.0659 3.0642 3.0649 0.0005
3.0659 3.0642 3.0649 0.0005
3.0664 3.0642 3.0649 0.0005
3.0664 3.0642 3.0649 0.0005
3.0664 3.0642 3.0649 0.0005
3.0664 3.0642 3.0649 0.0005
3.0664 3.0642 3.0650 0.0006
3.0664 3.0642 3.0650 0.0006
3.0664 3.0642 3.0650 0.0006
3.0664 3.0642 3.0650 0.0006
3.0664 3.0642 3.0650 0.0006
3.0664 3.0642 3.0650 0.0006
3.0664 3.0642 3.0650 0.0006
3.0664 3.0642 3.0650 0.0006
3.0664 3.0642 3.0650 0.0006
3.0664 3.0642 3.0650 0.0006
3.0664 3.0642 3.0650 0.0006
3.0664 3.0642 3.0650 0.0006
3.0664 3.0642 3.0650 0.0006
3.0664 3.0642 3.0650 0.0006
3.0664 3.0642 3.0650 0.0006
3.0664 3.0642 3.0650 0.0006
3.0664 3.0642 3.0650 0.0006
3.0664 3.0642 3.0650 0.0006
3.0664 3.0642 3.0650 0.0006
3.0664 3.0642 3.0650 0.0006
3.0664 3.0642 3.0650 0.0006
3.0664 3.0642 3.0650 0.0006
3.0664 3.0642 3.0650 0.0006
3.0664 3.0642 3.0650 0.0006
3.0664 3.0642 3.0650 0.0006
3.0664 3.0642 3.0650 0.0006
3.0664 3.0642 3.0650 0.0006
3.0664 3.0642 3.0650 0.0006
3.0664 3.0642 3.0650 0.0006
3.0664 3.0642 3.0650 0.0006
3.0664 3.0642 3.0650 0.0006
3.0664 3.0642 3.0650 0.0006
3.0664 3.0642 3.0650 0.0006
3.0664 3.0642 3.0650 0.0006
3.0664 3.0642 3.0650 0.0006
3.0664 3.0642 3.0650 0.0006
3.0664 3.0642 3.0650 0.0006
3.0664 3.0642 3.0650 0.0006
3.0664 3.0642 3.0650 0.0006
3.0664 3.0642 3.0650 0.0006
3.0664 3.0642 3.0650 0.0006
3.0664 3.0642 3.0651 0.0006
3.0664 3.0642 3.0651 0.0006
3.0664 3.0642 3.0651 0.0006
3.0664 3.0642 3.0651 0.0006
3.0664 3.0642 3.0651 0.0006
3.0664 3.0642 3.0651 0.0006
3.0664 3.0642 3.0651 0.0006
3.0664 3.0642 3.0651 0.0006
3.0664 3.0642 3.0651 0.0006
3.0664 3.0642 3.0651 0.0006
3.0664 3.0642 3.0651 0.0006
3.0664 3.0642 3.0651 0.0006
3.0664 3.0642 3.0651 0.0006
3.0664 3.0642 3.0651 0.0006
3.0664 3.0642 3.0651 0.0006
3.0664 3.0642 3.0651 0.0006
3.0664 3.0642 3.0651 0.0006
3.0664 3.0642 3.0651 0.0006
3.0664 3.0642 3.0651 0.0006
3.0664 3.0642 3.0651 0.0006
3.0664 3.0642 3.0651 0.0006
3.0664 3.0642 3.0651 0.0006
3.0664 3.0642 3.0651 0.0006
3.0664 3.0642 3.0651 0.0006
3.0664 3.0642 3.0651 0.0006
3.0664 3.0642 3.0651 0.0006
3.0664 3.0642 3.0651 0.0006
3.0664 3.0642 3.0651 0.0006
3.0664 3.0642 3.0651 0.0006
3.0664 3.0642 3.0651 0.0006
3.0664 3.0642 3.0651 0.0006
3.0664 3.0642 3.0651 0.0006
3.0664 3.0642 3.0651 0.0006
3.0664 3.0642 3.0651 0.0006
3.0664 3.0642 3.0651 0.0006
3.0664 3.0642 3.0651 0.0006
3.0664 3.0642 3.0651 0.0006
3.0664 3.0642 3.0651 0.0006
3.0664 3.0642 3.0651 0.0006
3.0664 3.0642 3.0651 0.0006
3.0664 3.0642 3.0651 0.0006
3.0664 3.0642 3.0651 0.0006
3.0664 3.0642 3.0651 0.0006
3.0664 3.0642 3.0651 0.0006
3.0664 3.0642 3.0651 0.0006
3.0664 3.0642 3.0651 0.0006
3.0664 3.0642 3.0651 0.0006
3.0664 3.0642 3.0651 0.0006
3.0664 3.0642 3.0651 0.0006
3.0664 3.0642 3.0651 0.0006
3.0664 3.0642 3.0651 0.0006
3.0664 3.0642 3.0651 0.0006
3.0664 3.0642 3.0651 0.0006
3.0664 3.0642 3.0651 0.0006
3.0664 3.0642 3.0651 0.0006
3.0664 3.0642 3.0651 0.0006
3.0664 3.0642 3.0651 0.0006
3.0664 3.0642 3.0651 0.0006
3.0664 3.0642 3.0651 0.0006
3.0664 3.0642 3.0651 0.0006
3.0664 3.0642 3.0651 0.0006
3.0664 3.0642 3.0651 0.0006
3.0664 3.0642 3.0651 0.0006
3.0664 3.0642 3.0651 0.0006
3.0664 3.0642 3.0651 0.0006
3.0664 3.0642 3.0651 0.0006
3.0664 3.0642 3.0651 0.0006
3.0664 3.0642 3.0651 0.0006
3.0664 3.0642 3.0651 0.0006
3.0664 3.0642 3.0651 0.0006
3.0664 3.0642 3.0651 0.0006
3.0664 3.0642 3.0651 0.0006
3.0664 3.0642 3.0652 0.0006
3.0664 3.0642 3.0652 0.0006
3.0664 3.0642 3.0652 0.0006
3.0664 3.0642 3.0652 0.0006
3.0664 3.0642 3.0652 0.0006
3.0664 3.0642 3.0652 0.0006
3.0664 3.0642 3.0652 0.0006
3.0664 3.0642 3.0652 0.0006
3.0664 3.0642 3.0652 0.0006
3.0664 3.0642 3.0652 0.0006
3.0664 3.0642 3.0652 0.0006
3.0664 3.0642 3.0652 0.0006
3.0664 3.0642 3.0652 0.0006
3.0664 3.0642 3.0652 0.0006
3.0664 3.0642 3.0652 0.0006
3.0664 3.0642 3.0652 0.0006
3.0664 3.0642 3.0652 0.0006
3.0664 3.0642 3.0652 0.0006
3.0664 3.0642 3.0652 0.0006
3.0664 3.0642 3.0652 0.0006
3.0664 3.0642 3.0652 0.0006
3.0664 3.0642 3.0652 0.0006
3.0664 3.0642 3.0652 0.0006
3.0664 3.0642 3.0652 0.0006
3.0664 3.0642 3.0652 0.0006
3.0664 3.0642 3.0652 0.0006
3.0664 3.0642 3.0652 0.0006
3.0664 3.0642 3.0652 0.0006
3.0664 3.0642 3.0652 0.0006
3.0664 3.0642 3.0652 0.0006
3.0664 3.0642 3.0652 0.0006
3.0664 3.0642 3.0652 0.0006
3.0664 3.0642 3.0652 0.0006
3.0664 3.0642 3.0652 0.0006
3.0664 3.0642 3.0652 0.0006
3.0664 3.0642 3.0652 0.0006
3.0664 3.0642 3.0652 0.0006
3.0664 3.0642 3.0652 0.0006
3.0664 3.0642 3.0652 0.0006
3.0664 3.0642 3.0652 0.0006
3.0664 3.0642 3.0652 0.0006
3.0664 3.0642 3.0652 0.0006
3.0664 3.0642 3.0652 0.0006
3.0664 3.0642 3.0652 0.0006
3.0664 3.0642 3.0652 0.0006
3.0664 3.0642 3.0652 0.0006
3.0664 3.0642 3.0652 0.0006
3.0664 3.0642 3.0652 0.0006
3.0664 3.0642 3.0652 0.0006
3.0664 3.0642 3.0652 0.0006
3.0669 3.0642 3.0653 0.0007
3.0669 3.0642 3.0653 0.0007
3.0669 3.0642 3.0653 0.0007
3.0669 3.0642 3.0653 0.0007
3.0669 3.0642 3.0653 0.0007
3.0670 3.0642 3.0653 0.0007
3.0670 3.0642 3.0653 0.0007
3.0670 3.0642 3.0653 0.0007
3.0670 3.0642 3.0653 0.0007
3.0670 3.0642 3.0653 0.0007
3.0670 3.0642 3.0653 0.0007
3.0670 3.0642 3.0653 0.0007
3.0670 3.0642 3.0653 0.0007
3.0670 3.0642 3.0653 0.0007
3.0670 3.0642 3.0653 0.0007
3.0670 3.0642 3.0653 0.0007
3.0670 3.0642 3.0653 0.0007
3.0670 3.0642 3.0653 0.0007
3.0670 3.0642 3.0653 0.0007
3.0670 3.0642 3.0653 0.0007
3.0670 3.0642 3.0653 0.0007
3.0670 3.0642 3.0653 0.0007
3.0670 3.0642 3.0653 0.0007
3.0670 3.0642 3.0653 0.0007
3.0670 3.0642 3.0653 0.0007
3.0670 3.0642 3.0653 0.0007
3.0670 3.0642 3.0653 0.0007
3.0670 3.0642 3.0653 0.0007
3.0670 3.0642 3.0653 0.0007
3.0670 3.0642 3.0653 0.0007
3.0670 3.0642 3.0653 0.0007
3.0670 3.0642 3.0654 0.0007
3.0670 3.0642 3.0654 0.0007
3.0670 3.0642 3.0654 0.0007
3.0670 3.0642 3.0654 0.0007
3.0670 3.0642 3.0654 0.0007
3.0670 3.0642 3.0654 0.0007
3.0670 3.0642 3.0654 0.0007
3.0670 3.0642 3.0654 0.0007
3.0670 3.0642 3.0654 0.0007
3.0670 3.0642 3.0654 0.0007
3.0670 3.0642 3.0654 0.0007
3.0670 3.0642 3.0654 0.0007
3.0670 3.0642 3.0654 0.0007
3.0670 3.0642 3.0654 0.0007
3.0670 3.0642 3.0654 0.0007
3.0670 3.0642 3.0654 0.0007
3.0670 3.0642 3.0654 0.0007
3.0670 3.0642 3.0654 0.0007
3.0670 3.0642 3.0654 0.0007
3.0670 3.0642 3.0654 0.0007
3.0670 3.0642 3.0654 0.0007
3.0670 3.0642 3.0654 0.0007
3.0670 3.0642 3.0654 0.0007
3.0670 3.0642 3.0654 0.0007
3.0670 3.0642 3.0654 0.0007
3.0670 3.0642 3.0654 0.0007
3.0670 3.0642 3.0654 0.0007
3.0670 3.0642 3.0654 0.0007
3.0670 3.0642 3.0654 0.0007
3.0670 3.0642 3.0654 0.0007
3.0670 3.0642 3.0654 0.0007
3.0670 3.0642 3.0654 0.0007
3.0670 3.0642 3.0654 0.0007
3.0670 3.0642 3.0654 0.0007
3.0670 3.0642 3.0654 0.0007
3.0670 3.0642 3.0654 0.0007
3.0670 3.0642 3.0654 0.0007
3.0670 3.0642 3.0654 0.0007
3.0670 3.0642 3.0654 0.0007
3.0670 3.0642 3.0654 0.0007
3.0670 3.0642 3.0654 0.0007
3.0670 3.0642 3.0654 0.0007
3.0670 3.0642 3.0654 0.0007
3.0670 3.0642 3.0654 0.0007
3.0670 3.0642 3.0654 0.0007
3.0670 3.0642 3.0654 0.0007
3.0670 3.0642 3.0654 0.0007
3.0670 3.0642 3.0654 0.0007
3.0670 3.0642 3.0654 0.0007
3.0670 3.0642 3.0655 0.0007
3.0670 3.0642 3.0655 0.0007
3.0670 3.0642 3.0655 0.0007
3.0670 3.0642 3.0655 0.0007
3.0670 3.0642 3.0655 0.0007
3.0670 3.0642 3.0655 0.0007
3.0670 3.0642 3.0655 0.0007
3.0670 3.0642 3.0655 0.0007
3.0670 3.0642 3.0655 0.0007
3.0670 3.0642 3.0655 0.0007
3.0670 3.0642 3.0655 0.0007
3.0670 3.0642 3.0655 0.0007
3.0670 3.0642 3.0655 0.0007
3.0670 3.0642 3.0655 0.0007
3.0670 3.0642 3.0655 0.0007
3.0670 3.0642 3.0655 0.0007
3.0670 3.0642 3.0655 0.0007
3.0670 3.0642 3.0655 0.0007
3.0670 3.0642 3.0655 0.0007
3.0670 3.0642 3.0655 0.0007
3.0670 3.0646 3.0655 0.0007
3.0670 3.0646 3.0655 0.0007
3.0670 3.0646 3.0655 0.0007
3.0670 3.0646 3.0655 0.0007
3.0670 3.0646 3.0655 0.0007
3.0670 3.0646 3.0655 0.0007
3.0670 3.0646 3.0655 0.0007
3.0670 3.0646 3.0655 0.0007
3.0670 3.0646 3.0655 0.0007
3.0670 3.0646 3.0655 0.0007
3.0670 3.0646 3.0655 0.0007
3.0670 3.0646 3.0655 0.0007
3.0670 3.0646 3.0655 0.0007
3.0670 3.0646 3.0656 0.0007
3.0670 3.0646 3.0656 0.0007
3.0670 3.0646 3.0656 0.0007
3.0670 3.0646 3.0656 0.0007
3.0670 3.0646 3.0656 0.0007
3.0670 3.0646 3.0656 0.0007
3.0670 3.0646 3.0656 0.0007
3.0670 3.0646 3.0656 0.0007
3.0670 3.0646 3.0656 0.0007
3.0670 3.0646 3.0656 0.0007
3.0670 3.0646 3.0656 0.0007
3.0670 3.0646 3.0656 0.0007
3.0670 3.0646 3.0656 0.0007
3.0670 3.0646 3.0656 0.0007
3.0670 3.0646 3.0656 0.0007
3.0670 3.0646 3.0656 0.0007
3.0670 3.0646 3.0656 0.0007
3.0670 3.0646 3.0656 0.0007
3.0670 3.0646 3.0656 0.0007
3.0670 3.0646 3.0656 0.0007
3.0670 3.0646 3.0656 0.0007
3.0670 3.0646 3.0656 0.0007
3.0670 3.0646 3.0656 0.0007
3.0670 3.0646 3.0656 0.0007
3.0670 3.0646 3.0656 0.0007
3.0670 3.0646 3.0656 0.0007
3.0670 3.0646 3.0656 0.0007
3.0670 3.0646 3.0656 0.0007
3.0670 3.0646 3.0656 0.0007
3.0670 3.0646 3.0656 0.0007
3.0670 3.0646 3.0656 0.0007
3.0670 3.0646 3.0656 0.0007
3.0670 3.0646 3.0656 0.0007
3.0670 3.0646 3.0656 0.0007
3.0670 3.0646 3.0656 0.0007
3.0670 3.0646 3.0656 0.0007
3.0670 3.0646 3.0656 0.0007
3.0687 3.0646 3.0656 0.0007
3.0687 3.0646 3.0656 0.0007
3.0687 3.0646 3.0656 0.0007
3.0687 3.0646 3.0657 0.0007
3.0687 3.0646 3.0657 0.0007
3.0687 3.0646 3.0657 0.0007
3.0687 3.0646 3.0657 0.0007
3.0687 3.0646 3.0657 0.0007
3.0687 3.0646 3.0657 0.0007
3.0687 3.0646 3.0657 0.0007
3.0687 3.0646 3.0657 0.0007
3.0687 3.0646 3.0657 0.0007
3.0687 3.0646 3.0657 0.0007
3.0687 3.0646 3.0657 0.0007
3.0687 3.0646 3.0657 0.0007
3.0687 3.0646 3.0657 0.0007
3.0687 3.0646 3.0657 0.0007
3.0687 3.0646 3.0657 0.0007
3.0687 3.0646 3.0657 0.0007
3.0687 3.0646 3.0657 0.0007
3.0687 3.0646 3.0657 0.0007
3.0687 3.0646 3.0657 0.0007
3.0687 3.0646 3.0657 0.0007
3.0687 3.0646 3.0657 0.0007
3.0687 3.0646 3.0657 0.0007
3.0687 3.0646 3.0657 0.0007
3.0687 3.0646 3.0657 0.0007
3.0687 3.0646 3.0657 0.0007
3.0687 3.0646 3.0657 0.0007
3.0687 3.0646 3.0657 0.0007
3.0687 3.0646 3.0657 0.0007
3.0687 3.0646 3.0657 0.0007
3.0687 3.0646 3.0657 0.0007
3.0687 3.0646 3.0657 0.0007
3.0687 3.0646 3.0657 0.0007
3.0687 3.0646 3.0658 0.0007
3.0687 3.0646 3.0658 0.0007
3.0687 3.0646 3.0658 0.0007
3.0687 3.0646 3.0658 0.0007
3.0687 3.0646 3.0658 0.0007
3.0687 3.0646 3.0658 0.0007
3.0687 3.0646 3.0658 0.0007
3.0687 3.0646 3.0658 0.0007
3.0687 3.0646 3.0658 0.0007
3.0687 3.0646 3.0658 0.0007
3.0687 3.0646 3.0658 0.0007
3.0687 3.0646 3.0658 0.0007
3.0687 3.0646 3.0658 0.0007
3.0687 3.0646 3.0658 0.0007
3.0687 3.0646 3.0658 0.0007
3.0687 3.0646 3.0658 0.0007
3.0687 3.0646 3.0658 0.0007
3.0687 3.0646 3.0658 0.0007
3.0687 3.0646 3.0658 0.0007
3.0687 3.0646 3.0658 0.0007
3.0687 3.0646 3.0658 0.0007
3.0687 3.0646 3.0658 0.0007
3.0687 3.0646 3.0658 0.0007
3.0687 3.0646 3.0658 0.0007
3.0687 3.0646 3.0658 0.0007
3.0687 3.0646 3.0658 0.0007
3.0687 3.0646 3.0658 0.0007
3.0687 3.0646 3.0658 0.0007
3.0687 3.0646 3.0658 0.0007
3.0687 3.0646 3.0658 0.0007
3.0687 3.0646 3.0659 0.0007
3.0687 3.0646 3.0659 0.0007
3.0687 3.0646 3.0659 0.0007
3.0687 3.0646 3.0659 0.0007
3.0687 3.0646 3.0659 0.0007
3.0687 3.0646 3.0659 0.0007
3.0687 3.0646 3.0659 0.0007
3.0687 3.0646 3.0659 0.0007
3.0687 3.0646 3.0659 0.0007
3.0687 3.0646 3.0659 0.0007
3.0687 3.0646 3.0659 0.0007
3.0687 3.0646 3.0659 0.0007
3.0687 3.0646 3.0659 0.0007
3.0687 3.0646 3.0659 0.0007
3.0687 3.0646 3.0659 0.0007
3.0687 3.0646 3.0659 0.0007
3.0687 3.0646 3.0659 0.0007
3.0687 3.0646 3.0659 0.0007
3.0687 3.0646 3.0659 0.0007
3.0687 3.0646 3.0659 0.0007
3.0687 3.0646 3.0659 0.0007
3.0687 3.0646 3.0659 0.0007
3.0687 3.0646 3.0659 0.0007
3.0687 3.0646 3.0659 0.0007
3.0687 3.0646 3.0659 0.0007
3.0687 3.0646 3.0659 0.0007
3.0687 3.0646 3.0659 0.0007
3.0687 3.0646 3.0659 0.0007
3.0687 3.0646 3.0659 0.0007
3.0687 3.0646 3.0659 0.0007
3.0687 3.0646 3.0659 0.0007
3.0687 3.0646 3.0659 0.0007
3.0687 3.0646 3.0659 0.0007
3.0687 3.0646 3.0659 0.0007
3.0687 3.0646 3.0659 0.0007
3.0687 3.0646 3.0659 0.0007
3.0687 3.0646 3.0659 0.0007
3.0687 3.0646 3.0659 0.0007
3.0687 3.0646 3.0659 0.0007
3.0687 3.0646 3.0659 0.0007
3.0687 3.0646 3.0659 0.0007
3.0687 3.0646 3.0659 0.0007
3.0687 3.0646 3.0659 0.0007
3.0687 3.0646 3.0659 0.0007
3.0687 3.0646 3.0659 0.0007
3.0687 3.0646 3.0659 0.0007
3.0687 3.0646 3.0659 0.0007
3.0687 3.0646 3.0659 0.0007
3.0687 3.0646 3.0659 0.0007
3.0687 3.0646 3.0659 0.0007
3.0687 3.0646 3.0659 0.0007
3.0687 3.0646 3.0659 0.0007
3.0687 3.0646 3.0660 0.0007
3.0687 3.0646 3.0660 0.0007
3.0687 3.0646 3.0660 0.0007
3.0687 3.0646 3.0660 0.0007
3.0687 3.0646 3.0660 0.0007
3.0687 3.0646 3.0660 0.0007
3.0687 3.0646 3.0660 0.0007
3.0687 3.0646 3.0660 0.0007
3.0687 3.0646 3.0660 0.0007
3.0687 3.0646 3.0660 0.0007
3.0687 3.0646 3.0660 0.0007
3.0687 3.0646 3.0660 0.0007
3.0687 3.0646 3.0660 0.0007
3.0687 3.0646 3.0660 0.0007
3.0687 3.0646 3.0660 0.0007
3.0687 3.0646 3.0660 0.0007
3.0687 3.0646 3.0660 0.0007
3.0687 3.0646 3.0660 0.0007
3.0687 3.0646 3.0660 0.0007
3.0687 3.0646 3.0660 0.0007
3.0687 3.0646 3.0660 0.0007
3.0687 3.0646 3.0660 0.0007
3.0687 3.0646 3.0660 0.0007
3.0687 3.0646 3.0660 0.0007
3.0687 3.0646 3.0660 0.0007
3.0687 3.0646 3.0660 0.0007
3.0687 3.0646 3.0660 0.0007
3.0687 3.0646 3.0660 0.0006
3.0687 3.0646 3.0660 0.0006
3.0687 3.0646 3.0660 0.0006
3.0687 3.0646 3.0660 0.0006
3.0687 3.0646 3.0660 0.0006
3.0687 3.0646 3.0660 0.0006
3.0687 3.0646 3.0660 0.0006
3.0687 3.0646 3.0660 0.0006
3.0687 3.0646 3.0660 0.0006
3.0687 3.0646 3.0660 0.0006
3.0687 3.0646 3.0660 0.0006
3.0687 3.0646 3.0660 0.0006
3.0687 3.0646 3.0660 0.0006
3.0687 3.0646 3.0660 0.0006
3.0687 3.0646 3.0660 0.0006
3.0687 3.0646 3.0660 0.0006
3.0687 3.0646 3.0660 0.0006
3.0687 3.0646 3.0660 0.0006
3.0687 3.0646 3.0660 0.0006
3.0687 3.0646 3.0660 0.0006
3.0687 3.0646 3.0660 0.0006
3.0687 3.0646 3.0661 0.0006
3.0687 3.0646 3.0661 0.0006
3.0687 3.0646 3.0661 0.0006
3.0687 3.0646 3.0661 0.0006
3.0687 3.0646 3.0661 0.0006
3.0687 3.0646 3.0661 0.0006
3.0687 3.0646 3.0661 0.0006
3.0687 3.0646 3.0661 0.0006
3.0687 3.0646 3.0661 0.0006
3.0687 3.0646 3.0661 0.0006
3.0687 3.0646 3.0661 0.0006
3.0687 3.0646 3.0661 0.0006
3.0687 3.0646 3.0661 0.0006
3.0687 3.0646 3.0661 0.0006
3.0687 3.0646 3.0661 0.0006
3.0687 3.0646 3.0661 0.0006
3.0687 3.0646 3.0661 0.0006
3.0687 3.0646 3.0661 0.0006
3.0687 3.0646 3.0661 0.0006
3.0687 3.0646 3.0661 0.0006
3.0687 3.0646 3.0661 0.0006
3.0687 3.0646 3.0661 0.0006
3.0687 3.0646 3.0661 0.0006
3.0687 3.0646 3.0661 0.0006
3.0687 3.0646 3.0661 0.0006
3.0687 3.0646 3.0661 0.0006
3.0687 3.0646 3.0661 0.0006
3.0687 3.0646 3.0661 0.0006
3.0687 3.0646 3.0661 0.0006
3.0687 3.0646 3.0661 0.0006
3.0687 3.0646 3.0661 0.0006
3.0687 3.0646 3.0661 0.0006
3.0687 3.0646 3.0661 0.0006
3.0687 3.0646 3.0661 0.0006
3.0687 3.0646 3.0661 0.0006
3.0687 3.0646 3.0662 0.0006
3.0687 3.0646 3.0662 0.0006
3.0687 3.0646 3.0662 0.0006
3.0687 3.0646 3.0662 0.0006
3.0687 3.0646 3.0662 0.0006
3.0687 3.0646 3.0662 0.0006
3.0687 3.0646 3.0662 0.0006
3.0687 3.0646 3.0662 0.0006
3.0687 3.0646 3.0662 0.0006
3.0687 3.0646 3.0662 0.0006
3.0687 3.0646 3.0662 0.0006
3.0687 3.0646 3.0662 0.0006
3.0687 3.0646 3.0662 0.0006
3.0687 3.0646 3.0662 0.0006
3.0687 3.0646 3.0662 0.0006
3.0687 3.0646 3.0662 0.0006
3.0687 3.0646 3.0662 0.0006
3.0687 3.0646 3.0662 0.0006
3.0687 3.0646 3.0662 0.0006
3.0687 3.0646 3.0662 0.0006
3.0687 3.0646 3.0662 0.0006
3.0687 3.0646 3.0662 0.0006
3.0687 3.0646 3.0662 0.0006
3.0687 3.0646 3.0662 0.0006
3.0687 3.0646 3.0662 0.0006
3.0687 3.0646 3.0662 0.0006
3.0687 3.0646 3.0662 0.0006
3.0687 3.0646 3.0662 0.0006
3.0687 3.0646 3.0662 0.0006
3.0687 3.0646 3.0662 0.0006
3.0687 3.0646 3.0662 0.0006
3.0687 3.0646 3.0662 0.0006
3.0687 3.0646 3.0662 0.0006
3.0687 3.0646 3.0662 0.0006
3.0687 3.0646 3.0662 0.0006
3.0687 3.0646 3.0662 0.0006
3.0687 3.0646 3.0662 0.0006
3.0687 3.0646 3.0662 0.0006
3.0687 3.0646 3.0662 0.0006
3.0687 3.0646 3.0662 0.0006
3.0687 3.0646 3.0662 0.0006
3.0687 3.0646 3.0662 0.0006
3.0687 3.0646 3.0662 0.0006
3.0687 3.0646 3.0662 0.0006
3.0687 3.0646 3.0662 0.0006
3.0687 3.0646 3.0662 0.0006
3.0687 3.0646 3.0662 0.0006
3.0687 3.0646 3.0662 0.0006
3.0687 3.0646 3.0663 0.0006
3.0687 3.0646 3.0663 0.0006
3.0687 3.0646 3.0663 0.0006
3.0687 3.0646 3.0663 0.0006
3.0687 3.0646 3.0663 0.0006
3.0687 3.0646 3.0663 0.0006
3.0687 3.0646 3.0663 0.0006
3.0687 3.0646 3.0663 0.0006
3.0687 3.0646 3.0663 0.0006
3.0687 3.0646 3.0663 0.0006
3.0687 3.0646 3.0663 0.0006
3.0687 3.0646 3.0663 0.0006
3.0687 3.0646 3.0663 0.0006
3.0687 3.0646 3.0663 0.0006
3.0687 3.0646 3.0663 0.0006
3.0687 3.0646 3.0663 0.0006
3.0687 3.0646 3.0663 0.0006
3.0687 3.0646 3.0663 0.0006
3.0687 3.0646 3.0663 0.0006
3.0687 3.0646 3.0663 0.0006
3.0687 3.0646 3.0663 0.0006
3.0687 3.0646 3.0663 0.0006
3.0687 3.0646 3.0663 0.0006
3.0687 3.0646 3.0663 0.0006
3.0687 3.0646 3.0663 0.0006
3.0687 3.0646 3.0663 0.0006
3.0687 3.0646 3.0663 0.0006
3.0687 3.0646 3.0663 0.0006
3.0687 3.0646 3.0663 0.0006
3.0687 3.0646 3.0663 0.0006
3.0687 3.0646 3.0663 0.0006
3.0687 3.0646 3.0663 0.0006
3.0687 3.0646 3.0663 0.0006
3.0687 3.0646 3.0663 0.0006
3.0687 3.0646 3.0663 0.0006
3.0687 3.0646 3.0663 0.0006
3.0687 3.0646 3.0663 0.0006
3.0687 3.0646 3.0663 0.0006
3.0687 3.0646 3.0663 0.0006
3.0687 3.0646 3.0663 0.0006
3.0687 3.0646 3.0663 0.0006
3.0687 3.0646 3.0663 0.0006
3.0687 3.0646 3.0664 0.0006
3.0687 3.0646 3.0664 0.0006
3.0687 3.0646 3.0664 0.0006
3.0687 3.0646 3.0664 0.0006
3.0687 3.0646 3.0664 0.0006
3.0687 3.0646 3.0664 0.0006
3.0687 3.0646 3.0664 0.0006
3.0687 3.0646 3.0664 0.0006
3.0687 3.0646 3.0664 0.0006
3.0687 3.0646 3.0664 0.0006
3.0687 3.0646 3.0664 0.0006
3.0687 3.0646 3.0664 0.0006
3.0687 3.0646 3.0664 0.0006
3.0687 3.0646 3.0664 0.0006
3.0687 3.0646 3.0664 0.0006
3.0687 3.0646 3.0664 0.0006
3.0687 3.0646 3.0664 0.0006
3.0687 3.0646 3.0664 0.0006
3.0687 3.0646 3.0664 0.0006
3.0687 3.0646 3.0664 0.0006
3.0687 3.0646 3.0664 0.0006
3.0687 3.0646 3.0664 0.0006
3.0687 3.0646 3.0664 0.0006
3.0687 3.0646 3.0664 0.0006
3.0687 3.0646 3.0664 0.0006
3.0687 3.0646 3.0664 0.0006
3.0687 3.0646 3.0664 0.0006
3.0687 3.0646 3.0664 0.0006
3.0687 3.0646 3.0665 0.0006
3.0687 3.0646 3.0665 0.0006
3.0687 3.0646 3.0665 0.0006
3.0687 3.0646 3.0665 0.0006
3.0687 3.0646 3.0665 0.0006
3.0687 3.0646 3.0665 0.0006
3.0687 3.0646 3.0665 0.0006
3.0687 3.0646 3.0665 0.0006
3.0687 3.0646 3.0665 0.0006
3.0687 3.0646 3.0665 0.0006
3.0687 3.0646 3.0665 0.0006
3.0687 3.0646 3.0665 0.0006
3.0687 3.0646 3.0665 0.0006
3.0687 3.0646 3.0665 0.0006
3.0687 3.0646 3.0665 0.0006
3.0687 3.0646 3.0665 0.0006
3.0687 3.0646 3.0665 0.0006
3.0687 3.0646 3.0665 0.0006
3.0687 3.0646 3.0665 0.0006
3.0687 3.0646 3.0665 0.0006
3.0687 3.0646 3.0665 0.0006
3.0687 3.0646 3.0665 0.0006
3.0687 3.0646 3.0665 0.0006
3.0687 3.0646 3.0665 0.0006
3.0687 3.0646 3.0665 0.0006
3.0687 3.0646 3.0665 0.0006
3.0687 3.0646 3.0665 0.0006
3.0687 3.0646 3.0665 0.0006
3.0687 3.0646 3.0665 0.0006
3.0687 3.0646 3.0665 0.0007
3.0687 3.0646 3.0665 0.0007
3.0687 3.0646 3.0665 0.0007
3.0687 3.0646 3.0665 0.0007
3.0687 3.0646 3.0665 0.0007
3.0687 3.0646 3.0665 0.0007
3.0687 3.0646 3.0665 0.0007
3.0693 3.0646 3.0665 0.0007
3.0693 3.0646 3.0665 0.0008
3.0693 3.0646 3.0666 0.0008
3.0693 3.0646 3.0666 0.0008
3.0693 3.0646 3.0666 0.0008
3.0693 3.0646 3.0666 0.0008
3.0693 3.0646 3.0666 0.0008
3.0693 3.0646 3.0666 0.0008
3.0693 3.0646 3.0666 0.0008
3.0693 3.0646 3.0666 0.0008
3.0693 3.0646 3.0666 0.0008
3.0693 3.0646 3.0666 0.0008
3.0693 3.0646 3.0666 0.0008
3.0693 3.0646 3.0666 0.0008
3.0693 3.0646 3.0666 0.0008
3.0693 3.0646 3.0666 0.0008
3.0693 3.0646 3.0666 0.0008
3.0693 3.0646 3.0666 0.0008
3.0693 3.0646 3.0666 0.0008
3.0693 3.0646 3.0666 0.0008
3.0693 3.0646 3.0666 0.0008
3.0693 3.0646 3.0666 0.0008
3.0693 3.0646 3.0666 0.0008
3.0693 3.0646 3.0666 0.0008
3.0693 3.0646 3.0666 0.0008
3.0693 3.0646 3.0666 0.0008
3.0693 3.0646 3.0666 0.0008
3.0693 3.0646 3.0666 0.0008
3.0693 3.0646 3.0666 0.0007
3.0693 3.0646 3.0666 0.0007
3.0693 3.0646 3.0666 0.0007
3.0693 3.0646 3.0666 0.0007
3.0693 3.0646 3.0666 0.0007
3.0693 3.0646 3.0666 0.0007
3.0693 3.0646 3.0666 0.0007
3.0693 3.0646 3.0666 0.0007
3.0693 3.0646 3.0666 0.0007
3.0693 3.0646 3.0666 0.0007
3.0693 3.0646 3.0666 0.0007
3.0693 3.0646 3.0666 0.0007
3.0693 3.0646 3.0666 0.0007
3.0693 3.0646 3.0666 0.0007
3.0693 3.0646 3.0666 0.0007
3.0693 3.0646 3.0666 0.0007
3.0693 3.0646 3.0666 0.0007
3.0693 3.0646 3.0666 0.0007
3.0693 3.0646 3.0666 0.0007
3.0693 3.0646 3.0666 0.0007
3.0693 3.0646 3.0666 0.0007
3.0693 3.0646 3.0667 0.0008
3.0693 3.0646 3.0667 0.0008
3.0693 3.0646 3.0667 0.0008
3.0693 3.0646 3.0667 0.0008
3.0693 3.0646 3.0667 0.0008
3.0693 3.0646 3.0667 0.0008
3.0693 3.0646 3.0667 0.0008
3.0693 3.0646 3.0667 0.0008
3.0693 3.0646 3.0667 0.0008
3.0693 3.0646 3.0667 0.0008
3.0693 3.0646 3.0667 0.0008
3.0693 3.0646 3.0667 0.0008
3.0693 3.0646 3.0667 0.0008
3.0693 3.0646 3.0667 0.0008
3.0693 3.0646 3.0667 0.0008
3.0693 3.0646 3.0667 0.0008
3.0693 3.0646 3.0667 0.0008
3.0693 3.0646 3.0667 0.0008
3.0693 3.0646 3.0667 0.0008
3.0693 3.0646 3.0667 0.0008
3.0693 3.0646 3.0667 0.0008
3.0693 3.0646 3.0667 0.0008
3.0693 3.0646 3.0667 0.0008
3.0693 3.0646 3.0667 0.0008
3.0693 3.0646 3.0667 0.0008
3.0693 3.0646 3.0667 0.0008
3.0693 3.0646 3.0667 0.0008
3.0693 3.0646 3.0667 0.0008
3.0693 3.0646 3.0667 0.0008
3.0693 3.0646 3.0668 0.0008
3.0693 3.0646 3.0668 0.0008
3.0693 3.0646 3.0668 0.0008
3.0693 3.0646 3.0668 0.0008
3.0693 3.0646 3.0668 0.0008
3.0693 3.0646 3.0668 0.0008
3.0693 3.0646 3.0668 0.0008
3.0693 3.0646 3.0668 0.0008
3.0693 3.0646 3.0668 0.0008
3.0693 3.0646 3.0668 0.0008
3.0693 3.0646 3.0668 0.0008
3.0693 3.0646 3.0668 0.0008
3.0693 3.0646 3.0668 0.0008
3.0693 3.0646 3.0668 0.0008
3.0693 3.0646 3.0668 0.0008
3.0693 3.0646 3.0668 0.0008
3.0693 3.0646 3.0668 0.0008
3.0693 3.0646 3.0668 0.0008
3.0693 3.0646 3.0668 0.0008
3.0693 3.0646 3.0668 0.0008
3.0693 3.0646 3.0668 0.0008
3.0693 3.0646 3.0668 0.0008
3.0693 3.0646 3.0668 0.0008
3.0693 3.0646 3.0668 0.0008
3.0693 3.0646 3.0668 0.0008
3.0693 3.0646 3.0668 0.0008
3.0693 3.0646 3.0668 0.0008
3.0693 3.0646 3.0668 0.0008
3.0693 3.0646 3.0668 0.0008
3.0693 3.0646 3.0668 0.0008
3.0693 3.0646 3.0668 0.0008
3.0693 3.0646 3.0668 0.0008
3.0693 3.0646 3.0668 0.0008
3.0693 3.0646 3.0668 0.0008
3.0693 3.0646 3.0668 0.0008
3.0693 3.0646 3.0668 0.0008
3.0693 3.0646 3.0668 0.0008
3.0693 3.0646 3.0668 0.0008
3.0693 3.0646 3.0668 0.0008
3.0693 3.0646 3.0668 0.0008
3.0693 3.0646 3.0669 0.0008
3.0693 3.0646 3.0669 0.0008
3.0693 3.0646 3.0669 0.0008
3.0693 3.0646 3.0669 0.0008
3.0693 3.0646 3.0669 0.0008
3.0693 3.0646 3.0669 0.0008
3.0693 3.0646 3.0669 0.0008
3.0693 3.0646 3.0669 0.0008
3.0693 3.0646 3.0669 0.0008
3.0693 3.0646 3.0669 0.0008
3.0693 3.0646 3.0669 0.0008
3.0693 3.0646 3.0669 0.0008
3.0693 3.0646 3.0669 0.0008
3.0693 3.0646 3.0669 0.0008
3.0693 3.0646 3.0669 0.0008
3.0693 3.0646 3.0669 0.0008
3.0693 3.0646 3.0669 0.0008
3.0693 3.0646 3.0669 0.0008
3.0693 3.0646 3.0669 0.0008
3.0693 3.0646 3.0669 0.0008
3.0693 3.0646 3.0669 0.0008
3.0693 3.0646 3.0669 0.0008
3.0693 3.0646 3.0669 0.0008
3.0693 3.0646 3.0669 0.0008
3.0693 3.0646 3.0669 0.0008
3.0693 3.0646 3.0669 0.0008
3.0693 3.0646 3.0669 0.0008
3.0693 3.0646 3.0669 0.0008
3.0693 3.0646 3.0669 0.0008
3.0693 3.0646 3.0669 0.0008
3.0693 3.0646 3.0669 0.0008
3.0693 3.0646 3.0669 0.0008
3.0693 3.0646 3.0669 0.0008
3.0693 3.0646 3.0669 0.0008
3.0693 3.0646 3.0669 0.0008
3.0693 3.0646 3.0669 0.0008
3.0693 3.0646 3.0669 0.0008
3.0693 3.0646 3.0669 0.0008
3.0693 3.0646 3.0669 0.0008
3.0693 3.0646 3.0669 0.0008
3.0693 3.0646 3.0670 0.0009
3.0693 3.0646 3.0670 0.0009
3.0693 3.0646 3.0670 0.0009
3.0693 3.0646 3.0670 0.0009
3.0693 3.0646 3.0670 0.0009
3.0693 3.0646 3.0670 0.0009
3.0693 3.0646 3.0670 0.0009
3.0693 3.0646 3.0670 0.0009
3.0693 3.0646 3.0670 0.0009
3.0693 3.0646 3.0670 0.0009
3.0693 3.0646 3.0670 0.0009
3.0693 3.0646 3.0670 0.0009
3.0693 3.0646 3.0670 0.0009
3.0693 3.0646 3.0670 0.0009
3.0693 3.0646 3.0670 0.0009
3.0693 3.0646 3.0670 0.0009
3.0693 3.0646 3.0670 0.0009
3.0693 3.0646 3.0670 0.0009
3.0693 3.0646 3.0670 0.0009
3.0693 3.0646 3.0670 0.0009
3.0693 3.0646 3.0670 0.0009
3.0693 3.0646 3.0670 0.0009
3.0693 3.0646 3.0670 0.0009
3.0693 3.0646 3.0670 0.0009
3.0693 3.0646 3.0670 0.0009
3.0693 3.0646 3.0670 0.0009
3.0693 3.0646 3.0670 0.0009
3.0693 3.0646 3.0671 0.0009
3.0693 3.0646 3.0671 0.0009
3.0693 3.0646 3.0671 0.0009
3.0693 3.0646 3.0671 0.0009
3.0693 3.0646 3.0671 0.0009
3.0693 3.0646 3.0671 0.0009
3.0693 3.0646 3.0671 0.0009
3.0693 3.0646 3.0671 0.0009
3.0693 3.0646 3.0671 0.0009
3.0693 3.0646 3.0671 0.0009
3.0693 3.0646 3.0671 0.0009
3.0693 3.0646 3.0671 0.0009
3.0693 3.0646 3.0671 0.0009
3.0693 3.0646 3.0671 0.0009
3.0693 3.0646 3.0671 0.0009
3.0693 3.0646 3.0671 0.0009
3.0693 3.0646 3.0671 0.0009
3.0693 3.0646 3.0671 0.0009
3.0693 3.0646 3.0671 0.0009
3.0693 3.0646 3.0671 0.0009
3.0693 3.0646 3.0671 0.0009
3.0693 3.0646 3.0671 0.0009
3.0693 3.0646 3.0671 0.0009
3.0693 3.0646 3.0671 0.0009
3.0693 3.0646 3.0671 0.0009
3.0693 3.0646 3.0671 0.0009
3.0693 3.0646 3.0671 0.0009
3.0693 3.0646 3.0671 0.0009
3.0693 3.0646 3.0671 0.0009
3.0693 3.0646 3.0671 0.0009
3.0693 3.0646 3.0671 0.0009
3.0693 3.0646 3.0671 0.0009
3.0693 3.0646 3.0671 0.0009
3.0693 3.0646 3.0671 0.0009
3.0693 3.0646 3.0671 0.0009
3.0693 3.0646 3.0671 0.0009
3.0693 3.0646 3.0671 0.0009
3.0693 3.0646 3.0671 0.0009
3.0701 3.0646 3.0672 0.0010
3.0701 3.0646 3.0672 0.0010
3.0701 3.0646 3.0672 0.0010
3.0701 3.0646 3.0672 0.0010
3.0701 3.0646 3.0672 0.0010
3.0701 3.0646 3.0672 0.0010
3.0701 3.0646 3.0672 0.0010
3.0701 3.0646 3.0672 0.0010
3.0701 3.0646 3.0672 0.0010
3.0701 3.0646 3.0672 0.0010
3.0701 3.0646 3.0672 0.0010
3.0701 3.0646 3.0672 0.0010
3.0701 3.0646 3.0672 0.0010
3.0701 3.0646 3.0672 0.0010
3.0701 3.0646 3.0672 0.0010
3.0701 3.0646 3.0672 0.0010
3.0701 3.0646 3.0672 0.0010
3.0701 3.0646 3.0672 0.0010
3.0701 3.0646 3.0672 0.0010
3.0701 3.0646 3.0672 0.0010
3.0701 3.0646 3.0672 0.0010
3.0701 3.0646 3.0672 0.0010
3.0701 3.0646 3.0672 0.0010
3.0701 3.0646 3.0672 0.0010
3.0701 3.0646 3.0672 0.0010
3.0701 3.0646 3.0672 0.0009
3.0701 3.0646 3.0672 0.0009
3.0701 3.0646 3.0672 0.0009
3.0701 3.0646 3.0672 0.0009
3.0701 3.0646 3.0672 0.0009
3.0701 3.0646 3.0672 0.0009
3.0701 3.0646 3.0673 0.0009
3.0701 3.0646 3.0673 0.0009
3.0701 3.0646 3.0673 0.0009
3.0701 3.0646 3.0673 0.0009
3.0701 3.0646 3.0673 0.0009
3.0701 3.0646 3.0673 0.0009
3.0701 3.0646 3.0673 0.0009
3.0701 3.0646 3.0673 0.0009
3.0701 3.0646 3.0673 0.0009
3.0701 3.0646 3.0673 0.0009
3.0701 3.0646 3.0673 0.0009
3.0701 3.0646 3.0673 0.0009
3.0701 3.0646 3.0673 0.0009
3.0701 3.0646 3.0673 0.0009
3.0701 3.0646 3.0673 0.0009
3.0701 3.0646 3.0673 0.0009
3.0701 3.0646 3.0673 0.0009
3.0701 3.0646 3.0673 0.0010
3.0701 3.0646 3.0673 0.0010
3.0701 3.0646 3.0673 0.0010
3.0701 3.0646 3.0673 0.0010
3.0701 3.0646 3.0673 0.0010
3.0701 3.0646 3.0673 0.0010
3.0701 3.0646 3.0673 0.0010
3.0701 3.0646 3.0674 0.0010
3.0701 3.0646 3.0674 0.0010
3.0701 3.0646 3.0674 0.0010
3.0701 3.0646 3.0674 0.0010
3.0701 3.0646 3.0674 0.0010
3.0701 3.0646 3.0674 0.0010
3.0701 3.0646 3.0674 0.0010
3.0701 3.0646 3.0674 0.0010
3.0701 3.0646 3.0674 0.0010
3.0701 3.0646 3.0674 0.0010
3.0701 3.0646 3.0674 0.0009
3.0701 3.0646 3.0674 0.0009
3.0701 3.0646 3.0674 0.0009
3.0701 3.0646 3.0674 0.0010
3.0701 3.0646 3.0674 0.0010
3.0701 3.0646 3.0674 0.0010
3.0701 3.0646 3.0674 0.0010
3.0701 3.0646 3.0675 0.0010
3.0701 3.0646 3.0675 0.0010
3.0701 3.0646 3.0675 0.0010
3.0701 3.0646 3.0675 0.0010
3.0701 3.0646 3.0675 0.0010
3.0701 3.0646 3.0675 0.0010
3.0701 3.0646 3.0675 0.0010
3.0701 3.0646 3.0675 0.0010
3.0701 3.0646 3.0675 0.0010
3.0701 3.0646 3.0675 0.0010
3.0701 3.0646 3.0675 0.0010
3.0701 3.0646 3.0675 0.0010
3.0701 3.0646 3.0675 0.0010
3.0703 3.0646 3.0675 0.0011
3.0703 3.0646 3.0675 0.0011
3.0703 3.0646 3.0675 0.0011
3.0703 3.0646 3.0675 0.0011
3.0703 3.0646 3.0675 0.0011
3.0703 3.0646 3.0675 0.0011
3.0703 3.0646 3.0675 0.0011
3.0703 3.0646 3.0675 0.0011
3.0703 3.0646 3.0675 0.0011
3.0703 3.0646 3.0675 0.0011
3.0703 3.0646 3.0675 0.0011
3.0703 3.0646 3.0675 0.0011
3.0703 3.0646 3.0675 0.0011
3.0703 3.0646 3.0675 0.0011
3.0703 3.0646 3.0675 0.0011
3.0703 3.0646 3.0675 0.0011
3.0703 3.0646 3.0675 0.0011
3.0703 3.0646 3.0676 0.0011
3.0703 3.0646 3.0676 0.0011
3.0703 3.0646 3.0676 0.0011
3.0703 3.0646 3.0676 0.0011
3.0703 3.0646 3.0676 0.0011
3.0703 3.0646 3.0676 0.0011
3.0703 3.0646 3.0676 0.0011
3.0703 3.0646 3.0676 0.0011
3.0703 3.0646 3.0677 0.0012
3.0703 3.0646 3.0677 0.0012
3.0703 3.0646 3.0677 0.0012
3.0703 3.0646 3.0677 0.0012
3.0703 3.0646 3.0677 0.0012
3.0703 3.0646 3.0677 0.0012
3.0703 3.0646 3.0677 0.0012
3.0703 3.0646 3.0677 0.0012
3.0703 3.0646 3.0677 0.0012
3.0703 3.0646 3.0677 0.0012
3.0703 3.0646 3.0677 0.0012
3.0703 3.0646 3.0677 0.0012
3.0703 3.0646 3.0677 0.0012
3.0703 3.0646 3.0677 0.0012
3.0703 3.0646 3.0677 0.0012
3.0703 3.0646 3.0677 0.0012
3.0703 3.0646 3.0677 0.0012
3.0703 3.0646 3.0678 0.0012
3.0703 3.0646 3.0678 0.0012
3.0703 3.0646 3.0678 0.0012
3.0703 3.0659 3.0678 0.0012
3.0703 3.0659 3.0678 0.0012
3.0703 3.0659 3.0678 0.0012
3.0703 3.0659 3.0678 0.0012
3.0703 3.0659 3.0678 0.0012
3.0703 3.0659 3.0678 0.0012
3.0703 3.0659 3.0678 0.0012
3.0703 3.0659 3.0678 0.0012
3.0703 3.0659 3.0678 0.0012
3.0710 3.0659 3.0679 0.0012
3.0710 3.0659 3.0679 0.0012
3.0710 3.0659 3.0679 0.0012
3.0710 3.0659 3.0679 0.0012
3.0710 3.0659 3.0679 0.0012
3.0710 3.0659 3.0679 0.0012
3.0710 3.0659 3.0679 0.0012
3.0710 3.0659 3.0679 0.0012
3.0710 3.0659 3.0680 0.0012
3.0710 3.0659 3.0680 0.0012
3.0710 3.0659 3.0680 0.0012
3.0710 3.0659 3.0680 0.0012
3.0710 3.0659 3.0680 0.0012
3.0710 3.0659 3.0680 0.0012
3.0710 3.0659 3.0680 0.0012
3.0710 3.0659 3.0680 0.0012
3.0710 3.0659 3.0680 0.0012
3.0710 3.0659 3.0680 0.0012
3.0710 3.0659 3.0680 0.0012
3.0710 3.0659 3.0680 0.0012
3.0710 3.0659 3.0681 0.0012
3.0710 3.0659 3.0681 0.0012
3.0710 3.0659 3.0681 0.0012
3.0710 3.0659 3.0681 0.0012
3.0710 3.0659 3.0681 0.0012
3.0710 3.0659 3.0681 0.0012
3.0710 3.0659 3.0681 0.0012
3.0710 3.0659 3.0681 0.0013
3.0710 3.0659 3.0681 0.0013
3.0710 3.0659 3.0681 0.0013
3.0710 3.0659 3.0681 0.0013
3.0710 3.0659 3.0681 0.0013
3.0710 3.0659 3.0681 0.0013
3.0710 3.0659 3.0682 0.0013
3.0710 3.0659 3.0682 0.0013
3.0710 3.0659 3.0682 0.0013
3.0710 3.0659 3.0682 0.0013
3.0710 3.0659 3.0682 0.0013
3.0710 3.0659 3.0682 0.0013
3.0710 3.0659 3.0682 0.0013
3.0710 3.0659 3.0682 0.0013
3.0710 3.0659 3.0682 0.0013
3.0710 3.0659 3.0682 0.0013
3.0710 3.0659 3.0682 0.0013
3.0710 3.0659 3.0682 0.0013
3.0710 3.0659 3.0682 0.0013
3.0710 3.0659 3.0682 0.0013
3.0710 3.0659 3.0682 0.0013
3.0710 3.0659 3.0682 0.0013
3.0710 3.0659 3.0683 0.0013
3.0710 3.0659 3.0683 0.0013
3.0710 3.0659 3.0683 0.0013
3.0710 3.0659 3.0683 0.0013
3.0710 3.0659 3.0683 0.0013
3.0710 3.0659 3.0683 0.0013
3.0710 3.0659 3.0683 0.0013
3.0710 3.0659 3.0683 0.0013
3.0710 3.0659 3.0683 0.0013
3.0710 3.0659 3.0683 0.0013
3.0710 3.0659 3.0683 0.0013
3.0710 3.0659 3.0683 0.0013
3.0710 3.0659 3.0683 0.0013
3.0710 3.0659 3.0683 0.0013
3.0792 3.0659 3.0684 0.0017
3.0792 3.0659 3.0684 0.0017
3.0792 3.0659 3.0684 0.0017
3.0792 3.0659 3.0684 0.0017
3.0792 3.0659 3.0684 0.0017
3.0792 3.0659 3.0684 0.0017
3.0792 3.0659 3.0684 0.0017
3.0792 3.0659 3.0684 0.0017
3.0792 3.0659 3.0684 0.0017
3.0792 3.0659 3.0684 0.0017
3.0792 3.0659 3.0684 0.0017
3.0792 3.0659 3.0684 0.0017
3.0792 3.0659 3.0684 0.0017
3.0792 3.0659 3.0684 0.0017
3.0792 3.0659 3.0684 0.0017
3.0792 3.0659 3.0684 0.0017
3.0792 3.0659 3.0684 0.0017
3.0792 3.0659 3.0684 0.0017
3.0792 3.0659 3.0685 0.0017
3.0792 3.0659 3.0685 0.0017
3.0792 3.0659 3.0685 0.0017
3.0792 3.0659 3.0685 0.0017
3.0792 3.0659 3.0685 0.0017
3.0792 3.0659 3.0685 0.0017
3.0792 3.0659 3.0685 0.0017
3.0792 3.0659 3.0685 0.0017
3.0792 3.0659 3.0685 0.0017
3.0792 3.0659 3.0685 0.0017
3.0792 3.0659 3.0685 0.0017
3.0792 3.0659 3.0685 0.0017
3.0792 3.0659 3.0685 0.0017
3.0792 3.0659 3.0685 0.0017
3.0792 3.0659 3.0685 0.0016
3.0792 3.0659 3.0686 0.0017
3.0792 3.0659 3.0686 0.0017
3.0792 3.0659 3.0686 0.0017
3.0792 3.0659 3.0686 0.0017
3.0792 3.0659 3.0686 0.0017
3.0792 3.0659 3.0686 0.0017
3.0792 3.0659 3.0686 0.0017
3.0792 3.0659 3.0686 0.0017
3.0792 3.0659 3.0686 0.0017
3.0792 3.0659 3.0687 0.0017
3.0792 3.0659 3.0687 0.0017
3.0792 3.0659 3.0687 0.0017
3.0792 3.0659 3.0687 0.0017
3.0792 3.0659 3.0687 0.0017
3.0792 3.0659 3.0687 0.0017
3.0792 3.0659 3.0687 0.0017
3.0792 3.0659 3.0687 0.0017
3.0792 3.0659 3.0687 0.0017
3.0792 3.0659 3.0687 0.0017
3.0792 3.0659 3.0687 0.0017
3.0792 3.0659 3.0687 0.0017
3.0792 3.0659 3.0687 0.0017
3.0792 3.0659 3.0687 0.0017
3.0792 3.0659 3.0687 0.0017
3.0792 3.0659 3.0687 0.0017
3.0792 3.0659 3.0687 0.0017
3.0792 3.0659 3.0687 0.0017
3.0792 3.0659 3.0687 0.0017
3.0792 3.0659 3.0688 0.0016
3.0792 3.0659 3.0688 0.0016
3.0792 3.0659 3.0688 0.0016
3.0792 3.0659 3.0688 0.0016
3.0792 3.0659 3.0688 0.0016
3.0792 3.0659 3.0688 0.0016
3.0792 3.0659 3.0688 0.0016
3.0792 3.0659 3.0688 0.0016
3.0792 3.0659 3.0688 0.0016
3.0792 3.0659 3.0688 0.0016
3.0792 3.0659 3.0688 0.0016
3.0792 3.0659 3.0688 0.0016
3.0792 3.0659 3.0688 0.0016
3.0792 3.0659 3.0688 0.0016
3.0792 3.0659 3.0688 0.0016
3.0792 3.0659 3.0688 0.0016
3.0792 3.0659 3.0688 0.0016
3.0792 3.0659 3.0688 0.0016
3.0792 3.0659 3.0688 0.0016
3.0792 3.0659 3.0688 0.0016
3.0792 3.0659 3.0688 0.0016
3.0792 3.0659 3.0688 0.0016
3.0792 3.0659 3.0688 0.0016
3.0792 3.0659 3.0688 0.0016
3.0792 3.0659 3.0688 0.0016
3.0792 3.0659 3.0688 0.0016
3.0792 3.0659 3.0688 0.0016
3.0792 3.0659 3.0688 0.0016
3.0792 3.0659 3.0688 0.0016
3.0792 3.0659 3.0688 0.0016
3.0792 3.0659 3.0688 0.0016
3.0792 3.0659 3.0688 0.0016
3.0792 3.0659 3.0688 0.0016
3.0792 3.0659 3.0688 0.0016
3.0792 3.0659 3.0688 0.0016
3.0792 3.0659 3.0688 0.0016
3.0792 3.0659 3.0689 0.0016
3.0792 3.0659 3.0689 0.0016
3.0792 3.0659 3.0689 0.0016
3.0792 3.0659 3.0689 0.0016
3.0792 3.0659 3.0689 0.0016
3.0792 3.0659 3.0689 0.0016
3.0792 3.0659 3.0689 0.0016
3.0792 3.0659 3.0689 0.0016
3.0792 3.0659 3.0689 0.0016
3.0792 3.0659 3.0689 0.0016
3.0792 3.0659 3.0689 0.0016
3.0792 3.0659 3.0689 0.0016
3.0792 3.0659 3.0689 0.0016
3.0792 3.0659 3.0690 0.0016
3.0792 3.0659 3.0690 0.0016
3.0792 3.0659 3.0690 0.0016
3.0792 3.0659 3.0690 0.0016
3.0792 3.0659 3.0690 0.0016
3.0792 3.0659 3.0690 0.0016
3.0792 3.0659 3.0690 0.0016
3.0792 3.0659 3.0690 0.0016
3.0792 3.0659 3.0690 0.0016
3.0792 3.0659 3.0690 0.0016
3.0792 3.0659 3.0690 0.0016
3.0792 3.0659 3.0690 0.0016
3.0792 3.0659 3.0690 0.0016
3.0792 3.0659 3.0690 0.0016
3.0792 3.0659 3.0690 0.0016
3.0792 3.0659 3.0690 0.0016
3.0792 3.0659 3.0690 0.0016
3.0792 3.0659 3.0690 0.0016
3.0792 3.0659 3.0690 0.0016
3.0792 3.0659 3.0690 0.0016
3.0792 3.0659 3.0691 0.0016
3.0792 3.0659 3.0691 0.0016
3.0792 3.0659 3.0691 0.0016
3.0792 3.0659 3.0691 0.0016
3.0792 3.0659 3.0691 0.0016
3.0792 3.0659 3.0691 0.0016
3.0792 3.0659 3.0691 0.0016
3.0792 3.0659 3.0691 0.0016
3.0792 3.0659 3.0691 0.0016
3.0792 3.0659 3.0691 0.0016
3.0792 3.0659 3.0691 0.0016
3.0792 3.0659 3.0691 0.0016
3.0792 3.0659 3.0691 0.0016
3.0792 3.0659 3.0691 0.0016
3.0792 3.0659 3.0691 0.0016
3.0792 3.0659 3.0691 0.0016
3.0792 3.0659 3.0691 0.0016
3.0792 3.0659 3.0692 0.0018
3.0792 3.0659 3.0692 0.0018
3.0792 3.0659 3.0692 0.0018
3.0792 3.0659 3.0692 0.0018
3.0792 3.0659 3.0692 0.0018
3.0792 3.0659 3.0692 0.0018
3.0792 3.0659 3.0692 0.0018
3.0792 3.0659 3.0692 0.0018
3.0792 3.0659 3.0692 0.0018
3.0792 3.0659 3.0692 0.0018
3.0792 3.0659 3.0692 0.0018
3.0792 3.0659 3.0692 0.0018
3.0792 3.0659 3.0692 0.0018
3.0792 3.0659 3.0692 0.0018
3.0792 3.0659 3.0692 0.0018
3.0792 3.0659 3.0692 0.0018
3.0792 3.0659 3.0693 0.0018
3.0792 3.0659 3.0693 0.0018
3.0792 3.0659 3.0693 0.0018
3.0792 3.0659 3.0693 0.0018
3.0792 3.0659 3.0693 0.0018
3.0792 3.0659 3.0693 0.0018
3.0792 3.0659 3.0693 0.0018
3.0792 3.0659 3.0693 0.0018
3.0792 3.0659 3.0693 0.0018
3.0792 3.0659 3.0693 0.0018
3.0792 3.0659 3.0693 0.0018
3.0792 3.0659 3.0693 0.0018
3.0792 3.0659 3.0693 0.0018
3.0792 3.0659 3.0693 0.0018
3.0792 3.0659 3.0693 0.0018
3.0792 3.0659 3.0694 0.0020
3.0792 3.0659 3.0694 0.0020
3.0792 3.0659 3.0694 0.0020
3.0792 3.0659 3.0694 0.0020
3.0792 3.0659 3.0695 0.0020
3.0792 3.0659 3.0695 0.0020
3.0792 3.0659 3.0695 0.0020
3.0792 3.0659 3.0695 0.0020
3.0792 3.0659 3.0695 0.0020
3.0792 3.0659 3.0695 0.0020
3.0792 3.0659 3.0695 0.0020
3.0792 3.0659 3.0695 0.0020
3.0792 3.0659 3.0695 0.0020
3.0792 3.0659 3.0695 0.0020
3.0792 3.0659 3.0695 0.0020
3.0792 3.0659 3.0695 0.0020
3.0792 3.0659 3.0695 0.0020
3.0792 3.0659 3.0695 0.0020
3.0792 3.0659 3.0696 0.0019
3.0792 3.0659 3.0696 0.0019
3.0792 3.0659 3.0696 0.0019
3.0792 3.0659 3.0696 0.0019
3.0792 3.0659 3.0696 0.0019
3.0792 3.0659 3.0696 0.0019
3.0792 3.0659 3.0696 0.0019
3.0792 3.0659 3.0696 0.0019
3.0792 3.0659 3.0696 0.0019
3.0792 3.0659 3.0696 0.0019
3.0792 3.0659 3.0696 0.0019
3.0792 3.0659 3.0696 0.0019
3.0792 3.0659 3.0696 0.0019
3.0792 3.0659 3.0696 0.0019
3.0792 3.0659 3.0696 0.0019
3.0792 3.0659 3.0697 0.0021
3.0792 3.0659 3.0697 0.0021
3.0792 3.0659 3.0697 0.0021
3.0792 3.0659 3.0697 0.0021
3.0792 3.0659 3.0697 0.0021
3.0792 3.0659 3.0697 0.0021
3.0792 3.0659 3.0697 0.0021
3.0792 3.0659 3.0697 0.0021
3.0792 3.0659 3.0698 0.0023
3.0792 3.0659 3.0698 0.0023
3.0792 3.0659 3.0699 0.0024
3.0792 3.0659 3.0699 0.0024
3.0792 3.0659 3.0699 0.0024
3.0792 3.0659 3.0699 0.0024
3.0792 3.0659 3.0699 0.0024
3.0792 3.0659 3.0699 0.0024
3.0792 3.0659 3.0699 0.0024
3.0792 3.0659 3.0699 0.0024
3.0792 3.0659 3.0699 0.0024
3.0792 3.0659 3.0699 0.0024
3.0792 3.0659 3.0699 0.0024
3.0792 3.0659 3.0699 0.0024
3.0792 3.0659 3.0699 0.0024
3.0792 3.0659 3.0699 0.0024
3.0792 3.0659 3.0699 0.0024
3.0792 3.0659 3.0699 0.0024
3.0792 3.0659 3.0699 0.0024
3.0792 3.0659 3.0699 0.0024
3.0792 3.0659 3.0700 0.0024
3.0792 3.0659 3.0700 0.0024
3.0792 3.0659 3.0700 0.0024
3.0792 3.0659 3.0700 0.0024
3.0792 3.0659 3.0700 0.0024
3.0792 3.0659 3.0700 0.0024
3.0792 3.0659 3.0700 0.0024
3.0792 3.0659 3.0700 0.0024
3.0792 3.0659 3.0700 0.0024
3.0792 3.0659 3.0700 0.0024
3.0792 3.0659 3.0700 0.0024
3.0792 3.0659 3.0701 0.0025
3.0792 3.0659 3.0701 0.0025
3.0792 3.0659 3.0701 0.0025
3.0792 3.0659 3.0701 0.0025
3.0792 3.0659 3.0701 0.0025
3.0792 3.0659 3.0701 0.0025
3.0792 3.0659 3.0701 0.0025
3.0792 3.0659 3.0701 0.0025
3.0792 3.0659 3.0701 0.0025
3.0792 3.0659 3.0701 0.0025
3.0792 3.0659 3.0701 0.0025
3.0792 3.0659 3.0701 0.0025
3.0792 3.0659 3.0702 0.0026
3.0792 3.0659 3.0702 0.0026
3.0792 3.0659 3.0702 0.0027
3.0792 3.0659 3.0702 0.0027
3.0792 3.0659 3.0702 0.0027
3.0792 3.0659 3.0702 0.0026
3.0792 3.0659 3.0702 0.0026
3.0792 3.0659 3.0702 0.0026
3.0792 3.0659 3.0703 0.0026
3.0792 3.0659 3.0703 0.0026
3.0792 3.0659 3.0703 0.0028
3.0792 3.0659 3.0703 0.0028
3.0792 3.0659 3.0703 0.0028
3.0792 3.0659 3.0703 0.0028
3.0792 3.0659 3.0703 0.0028
3.0792 3.0659 3.0703 0.0028
3.0792 3.0659 3.0704 0.0028
3.0792 3.0659 3.0704 0.0028
3.0792 3.0659 3.0704 0.0028
3.0792 3.0659 3.0704 0.0028
3.0792 3.0659 3.0704 0.0028
3.0792 3.0659 3.0704 0.0028
3.0792 3.0659 3.0704 0.0028
3.0792 3.0659 3.0704 0.0028
3.0792 3.0659 3.0704 0.0028
3.0792 3.0659 3.0704 0.0028
3.0792 3.0659 3.0704 0.0028
3.0792 3.0659 3.0704 0.0028
3.0792 3.0659 3.0704 0.0028
3.0792 3.0659 3.0704 0.0028
3.0792 3.0659 3.0704 0.0028
3.0792 3.0659 3.0704 0.0028
3.0795 3.0664 3.0706 0.0029
3.0795 3.0664 3.0706 0.0029
3.0795 3.0664 3.0706 0.0029
3.0795 3.0664 3.0707 0.0030
3.0795 3.0664 3.0707 0.0030
3.0795 3.0664 3.0707 0.0030
3.0795 3.0664 3.0707 0.0030
3.0795 3.0664 3.0707 0.0030
3.0795 3.0664 3.0707 0.0030
3.0795 3.0664 3.0708 0.0030
3.0795 3.0664 3.0708 0.0030
3.0795 3.0664 3.0708 0.0030
3.0795 3.0664 3.0708 0.0031
3.0795 3.0664 3.0708 0.0031
3.0795 3.0664 3.0708 0.0030
3.0795 3.0664 3.0708 0.0030
3.0795 3.0664 3.0708 0.0030
3.0795 3.0664 3.0709 0.0030
3.0795 3.0664 3.0709 0.0030
3.0795 3.0664 3.0710 0.0031
3.0795 3.0664 3.0710 0.0031
3.0795 3.0664 3.0710 0.0031
3.0795 3.0664 3.0710 0.0031
3.0795 3.0664 3.0710 0.0031
3.0795 3.0664 3.0710 0.0031
3.0795 3.0664 3.0711 0.0032
3.0795 3.0664 3.0711 0.0032
3.0795 3.0664 3.0711 0.0032
3.0795 3.0664 3.0711 0.0032
3.0795 3.0664 3.0712 0.0032
3.0795 3.0664 3.0712 0.0032
3.0795 3.0664 3.0712 0.0032
3.0795 3.0664 3.0712 0.0032
3.0795 3.0664 3.0712 0.0032
3.0795 3.0664 3.0712 0.0032
3.0795 3.0664 3.0713 0.0033
3.0795 3.0664 3.0713 0.0033
3.0795 3.0664 3.0713 0.0033
3.0795 3.0664 3.0713 0.0033
3.0795 3.0664 3.0713 0.0033
3.0795 3.0664 3.0713 0.0033
3.0795 3.0664 3.0713 0.0033
3.0795 3.0664 3.0713 0.0033
3.0795 3.0664 3.0713 0.0033
3.0795 3.0664 3.0714 0.0034
3.0795 3.0664 3.0714 0.0034
3.0795 3.0664 3.0714 0.0034
3.0795 3.0664 3.0714 0.0034
3.0795 3.0664 3.0714 0.0034
3.0795 3.0664 3.0714 0.0034
3.0795 3.0664 3.0714 0.0034
3.0795 3.0664 3.0714 0.0034
3.0795 3.0664 3.0714 0.0034
3.0795 3.0664 3.0714 0.0034
3.0795 3.0664 3.0715 0.0035
3.0795 3.0664 3.0715 0.0035
3.0795 3.0664 3.0715 0.0035
3.0795 3.0664 3.0716 0.0035
3.0795 3.0664 3.0716 0.0035
3.0795 3.0664 3.0716 0.0035
3.0795 3.0664 3.0716 0.0035
3.0795 3.0664 3.0716 0.0035
3.0795 3.0664 3.0716 0.0035
3.0795 3.0664 3.0716 0.0035
3.0795 3.0664 3.0716 0.0035
3.0795 3.0664 3.0716 0.0035
3.0795 3.0664 3.0716 0.0035
3.0795 3.0664 3.0716 0.0035
3.0795 3.0664 3.0716 0.0035
3.0795 3.0664 3.0716 0.0035
3.0795 3.0664 3.0716 0.0035
3.0795 3.0664 3.0716 0.0035
3.0795 3.0664 3.0716 0.0035
3.0795 3.0664 3.0716 0.0035
3.0795 3.0664 3.0716 0.0035
3.0795 3.0664 3.0716 0.0035
3.0795 3.0664 3.0717 0.0036
3.0795 3.0664 3.0717 0.0036
3.0795 3.0664 3.0717 0.0036
3.0795 3.0664 3.0718 0.0036
3.0795 3.0664 3.0718 0.0036
3.0795 3.0664 3.0718 0.0037
3.0795 3.0664 3.0718 0.0037
3.0795 3.0664 3.0718 0.0037
3.0795 3.0664 3.0718 0.0037
3.0795 3.0664 3.0719 0.0037
3.0795 3.0664 3.0719 0.0037
3.0795 3.0664 3.0719 0.0037
3.0795 3.0666 3.0719 0.0037
3.0795 3.0666 3.0719 0.0037
3.0795 3.0666 3.0719 0.0037
3.0795 3.0666 3.0719 0.0037
3.0795 3.0666 3.0719 0.0037
3.0795 3.0666 3.0719 0.0037
3.0795 3.0666 3.0719 0.0037
3.0795 3.0666 3.0719 0.0037
3.0795 3.0666 3.0719 0.0036
3.0795 3.0666 3.0719 0.0036
3.0795 3.0666 3.0719 0.0036
3.0795 3.0666 3.0719 0.0036
3.0795 3.0666 3.0719 0.0036
3.0795 3.0666 3.0719 0.0036
3.0795 3.0666 3.0720 0.0037
3.0795 3.0666 3.0720 0.0037
3.0795 3.0666 3.0720 0.0037
3.0795 3.0666 3.0720 0.0037
3.0795 3.0666 3.0720 0.0037
3.0795 3.0666 3.0721 0.0038
3.0795 3.0666 3.0722 0.0038
3.0795 3.0666 3.0722 0.0038
3.0795 3.0666 3.0722 0.0038
3.0795 3.0666 3.0722 0.0038
3.0795 3.0666 3.0722 0.0038
3.0795 3.0666 3.0722 0.0038
3.0795 3.0666 3.0722 0.0038
3.0795 3.0666 3.0722 0.0038
3.0795 3.0666 3.0722 0.0038
3.0795 3.0666 3.0722 0.0038
3.0795 3.0666 3.0722 0.0038
3.0795 3.0666 3.0722 0.0038
3.0795 3.0666 3.0722 0.0038
3.0795 3.0666 3.0722 0.0038
3.0795 3.0666 3.0722 0.0038
3.0795 3.0666 3.0722 0.0038
3.0795 3.0666 3.0723 0.0038
3.0795 3.0666 3.0723 0.0038
3.0795 3.0666 3.0723 0.0038
3.0795 3.0666 3.0724 0.0039
3.0795 3.0666 3.0724 0.0039
3.0795 3.0666 3.0724 0.0039
3.0795 3.0666 3.0724 0.0039
3.0795 3.0666 3.0724 0.0039
3.0795 3.0666 3.0724 0.0039
3.0795 3.0666 3.0724 0.0039
3.0795 3.0666 3.0724 0.0039
3.0795 3.0666 3.0724 0.0039
3.0795 3.0666 3.0724 0.0039
3.0795 3.0666 3.0725 0.0040
3.0795 3.0666 3.0725 0.0040
3.0795 3.0666 3.0725 0.0040
3.0795 3.0666 3.0725 0.0039
3.0795 3.0666 3.0725 0.0039
3.0795 3.0666 3.0726 0.0040
3.0795 3.0666 3.0726 0.0040
3.0795 3.0666 3.0726 0.0040
3.0795 3.0666 3.0726 0.0040
3.0795 3.0666 3.0726 0.0040
3.0795 3.0666 3.0726 0.0040
3.0795 3.0666 3.0727 0.0040
3.0795 3.0666 3.0727 0.0040
3.0795 3.0666 3.0727 0.0040
3.0795 3.0666 3.0727 0.0040
3.0795 3.0666 3.0727 0.0040
3.0795 3.0666 3.0727 0.0040
3.0795 3.0666 3.0727 0.0040
3.0795 3.0666 3.0727 0.0040
3.0795 3.0666 3.0727 0.0040
3.0795 3.0666 3.0727 0.0040
3.0795 3.0666 3.0727 0.0040
3.0795 3.0666 3.0727 0.0040
3.0795 3.0666 3.0728 0.0040
3.0795 3.0666 3.0728 0.0040
3.0795 3.0666 3.0728 0.0040
3.0795 3.0666 3.0728 0.0040
3.0795 3.0666 3.0729 0.0040
3.0795 3.0666 3.0729 0.0040
3.0795 3.0666 3.0729 0.0040
3.0795 3.0666 3.0729 0.0040
3.0795 3.0666 3.0729 0.0040
3.0795 3.0666 3.0729 0.0040
3.0795 3.0666 3.0729 0.0040
3.0795 3.0666 3.0729 0.0040
3.0795 3.0666 3.0730 0.0040
3.0795 3.0666 3.0730 0.0040
3.0795 3.0666 3.0730 0.0040
3.0795 3.0666 3.0730 0.0040
3.0795 3.0666 3.0730 0.0040
3.0795 3.0666 3.0730 0.0040
3.0795 3.0666 3.0730 0.0040
3.0795 3.0666 3.0730 0.0040
3.0795 3.0666 3.0730 0.0040
3.0795 3.0666 3.0731 0.0040
3.0795 3.0666 3.0731 0.0040
3.0795 3.0666 3.0731 0.0040
3.0795 3.0666 3.0731 0.0040
3.0795 3.0666 3.0731 0.0040
3.0795 3.0666 3.0731 0.0040
3.0795 3.0666 3.0731 0.0040
3.0795 3.0666 3.0732 0.0040
3.0795 3.0666 3.0732 0.0040
3.0795 3.0666 3.0732 0.0040
3.0795 3.0666 3.0732 0.0040
3.0795 3.0666 3.0732 0.0040
3.0795 3.0666 3.0732 0.0040
3.0795 3.0666 3.0732 0.0040
3.0795 3.0666 3.0733 0.0040
3.0795 3.0666 3.0733 0.0040
3.0795 3.0666 3.0734 0.0040
3.0795 3.0666 3.0734 0.0040
3.0795 3.0666 3.0734 0.0040
3.0795 3.0666 3.0734 0.0040
3.0795 3.0666 3.0734 0.0040
3.0795 3.0666 3.0734 0.0040
3.0795 3.0666 3.0734 0.0040
3.0795 3.0666 3.0734 0.0040
3.0795 3.0666 3.0734 0.0040
3.0795 3.0666 3.0734 0.0040
3.0795 3.0666 3.0734 0.0040
3.0795 3.0666 3.0734 0.0040
3.0795 3.0666 3.0734 0.0040
3.0795 3.0666 3.0734 0.0040
3.0795 3.0666 3.0734 0.0040
3.0795 3.0666 3.0734 0.0040
3.0795 3.0666 3.0734 0.0040
3.0795 3.0666 3.0734 0.0040
3.0795 3.0666 3.0734 0.0040
3.0795 3.0666 3.0734 0.0040
3.0795 3.0666 3.0734 0.0040
3.0795 3.0666 3.0734 0.0040
3.0795 3.0666 3.0735 0.0040
3.0795 3.0666 3.0736 0.0041
3.0795 3.0666 3.0736 0.0041
3.0795 3.0666 3.0737 0.0041
3.0795 3.0666 3.0737 0.0041
3.0795 3.0666 3.0737 0.0041
3.0795 3.0666 3.0737 0.0041
3.0795 3.0666 3.0737 0.0040
3.0795 3.0666 3.0737 0.0040
3.0795 3.0666 3.0738 0.0040
3.0795 3.0666 3.0739 0.0040
3.0795 3.0666 3.0739 0.0040
3.0795 3.0666 3.0739 0.0040
3.0795 3.0666 3.0739 0.0040
3.0795 3.0666 3.0739 0.0040
3.0795 3.0666 3.0739 0.0040
3.0808 3.0666 3.0740 0.0041
3.0808 3.0666 3.0740 0.0041
3.0808 3.0666 3.0740 0.0041
3.0808 3.0666 3.0740 0.0041
3.0808 3.0666 3.0741 0.0041
3.0808 3.0666 3.0741 0.0041
3.0808 3.0666 3.0741 0.0041
3.0808 3.0666 3.0741 0.0041
3.0808 3.0666 3.0741 0.0042
3.0808 3.0666 3.0741 0.0042
3.0808 3.0666 3.0741 0.0042
3.0808 3.0666 3.0742 0.0041
3.0808 3.0666 3.0742 0.0041
3.0808 3.0666 3.0742 0.0041
3.0808 3.0666 3.0742 0.0041
3.0808 3.0666 3.0742 0.0041
3.0808 3.0666 3.0742 0.0041
3.0808 3.0666 3.0742 0.0041
3.0808 3.0666 3.0742 0.0041
3.0808 3.0666 3.0743 0.0041
3.0808 3.0666 3.0743 0.0041
3.0808 3.0666 3.0743 0.0041
3.0808 3.0666 3.0743 0.0041
3.0808 3.0666 3.0743 0.0041
3.1051 3.0666 3.0746 0.0051
3.1051 3.0666 3.0746 0.0051
3.1051 3.0666 3.0746 0.0051
3.1051 3.0666 3.0746 0.0051
3.1051 3.0666 3.0747 0.0051
3.1051 3.0666 3.0748 0.0051
3.1051 3.0666 3.0748 0.0051
3.1051 3.0666 3.0749 0.0051
3.1051 3.0666 3.0749 0.0051
3.1051 3.0666 3.0749 0.0051
3.1051 3.0666 3.0750 0.0051
3.1051 3.0666 3.0750 0.0051
3.1051 3.0666 3.0751 0.0051
3.1051 3.0666 3.0752 0.0051
3.1051 3.0666 3.0752 0.0051
3.1051 3.0666 3.0752 0.0051
3.1051 3.0666 3.0752 0.0051
3.1051 3.0666 3.0753 0.0051
3.1051 3.0666 3.0753 0.0051
3.1051 3.0666 3.0753 0.0051
3.1051 3.0666 3.0754 0.0051
3.1051 3.0666 3.0754 0.0051
3.1051 3.0666 3.0754 0.0051
3.1051 3.0666 3.0754 0.0051
3.1051 3.0666 3.0754 0.0051
3.1051 3.0666 3.0754 0.0051
3.1051 3.0666 3.0754 0.0051
3.1051 3.0666 3.0754 0.0051
3.1051 3.0666 3.0755 0.0050
3.1051 3.0666 3.0756 0.0050
3.1051 3.0666 3.0756 0.0050
3.1051 3.0666 3.0756 0.0050
3.1051 3.0666 3.0757 0.0050
3.1051 3.0666 3.0757 0.0050
3.1051 3.0666 3.0757 0.0050
3.1051 3.0666 3.0757 0.0050
3.1051 3.0666 3.0757 0.0050
3.1051 3.0666 3.0757 0.0050
3.1051 3.0666 3.0757 0.0050
3.1051 3.0666 3.0757 0.0050
3.1051 3.0666 3.0757 0.0050
3.1051 3.0666 3.0757 0.0050
3.1051 3.0666 3.0757 0.0050
3.1051 3.0666 3.0758 0.0050
3.1051 3.0666 3.0758 0.0050
3.1051 3.0666 3.0759 0.0050
3.1051 3.0666 3.0760 0.0049
3.1051 3.0666 3.0761 0.0049
3.1051 3.0666 3.0762 0.0049
3.1051 3.0666 3.0762 0.0049
3.1051 3.0666 3.0763 0.0049
3.1051 3.0666 3.0763 0.0049
3.1051 3.0666 3.0763 0.0049
3.1051 3.0666 3.0763 0.0049
3.1051 3.0666 3.0763 0.0049
3.1051 3.0666 3.0763 0.0049
3.1051 3.0666 3.0763 0.0049
3.1051 3.0666 3.0763 0.0049
3.1051 3.0666 3.0763 0.0049
3.1051 3.0666 3.0763 0.0049
3.1051 3.0666 3.0763 0.0049
3.1051 3.0666 3.0763 0.0049
3.1051 3.0666 3.0763 0.0049
3.1051 3.0666 3.0763 0.0049
3.1051 3.0666 3.0763 0.0049
3.1051 3.0666 3.0763 0.0049
3.1051 3.0666 3.0766 0.0056
3.1051 3.0666 3.0766 0.0056
3.1051 3.0666 3.0766 0.0056
3.1051 3.0666 3.0766 0.0056
3.1051 3.0670 3.0766 0.0056
3.1051 3.0670 3.0766 0.0056
3.1051 3.0670 3.0766 0.0056
3.1051 3.0670 3.0766 0.0056
3.1051 3.0670 3.0766 0.0056
3.1051 3.0670 3.0766 0.0056
3.1051 3.0670 3.0766 0.0056
3.1051 3.0670 3.0767 0.0056
3.1051 3.0670 3.0767 0.0056
3.1051 3.0670 3.0768 0.0056
3.1051 3.0670 3.0768 0.0056
3.1051 3.0670 3.0768 0.0056
3.1051 3.0670 3.0768 0.0056
3.1051 3.0670 3.0768 0.0056
3.1051 3.0670 3.0768 0.0056
3.1051 3.0670 3.0768 0.0056
3.1051 3.0670 3.0769 0.0055
3.1051 3.0670 3.0769 0.0055
3.1051 3.0670 3.0769 0.0055
3.1051 3.0670 3.0769 0.0055
3.1051 3.0670 3.0769 0.0055
3.1051 3.0670 3.0769 0.0055
3.1051 3.0670 3.0769 0.0055
3.1051 3.0670 3.0769 0.0055
3.1051 3.0670 3.0769 0.0055
3.1051 3.0670 3.0769 0.0055
3.1051 3.0670 3.0769 0.0055
3.1051 3.0670 3.0769 0.0055
3.1051 3.0670 3.0770 0.0055
3.1051 3.0670 3.0770 0.0055
3.1051 3.0670 3.0770 0.0055
3.1051 3.0670 3.0770 0.0055
3.1051 3.0670 3.0770 0.0055
3.1051 3.0670 3.0770 0.0055
3.1051 3.0670 3.0770 0.0055
3.1051 3.0670 3.0770 0.0055
3.1051 3.0685 3.0771 0.0054
3.1051 3.0685 3.0772 0.0054
3.1051 3.0685 3.0772 0.0054
3.1051 3.0685 3.0772 0.0054
3.1051 3.0685 3.0772 0.0054
3.1051 3.0685 3.0772 0.0054
3.1051 3.0685 3.0772 0.0054
3.1051 3.0685 3.0772 0.0054
3.1051 3.0685 3.0772 0.0054
3.1051 3.0685 3.0772 0.0054
3.1051 3.0685 3.0772 0.0054
3.1051 3.0685 3.0772 0.0054
3.1051 3.0685 3.0773 0.0053
3.1051 3.0685 3.0773 0.0053
3.1051 3.0685 3.0774 0.0054
3.1051 3.0685 3.0774 0.0054
3.1051 3.0685 3.0774 0.0054
3.1051 3.0685 3.0774 0.0053
3.1051 3.0685 3.0774 0.0053
3.1051 3.0685 3.0774 0.0053
3.1051 3.0685 3.0775 0.0053
3.1051 3.0685 3.0775 0.0053
3.1051 3.0685 3.0776 0.0053
3.1051 3.0685 3.0776 0.0053
3.1051 3.0685 3.0776 0.0053
3.1051 3.0685 3.0776 0.0052
3.1051 3.0685 3.0776 0.0052
3.1051 3.0685 3.0776 0.0052
3.1051 3.0685 3.0776 0.0052
3.1051 3.0685 3.0776 0.0052
3.1051 3.0685 3.0776 0.0052
3.1051 3.0685 3.0776 0.0052
3.1051 3.0685 3.0776 0.0052
3.1051 3.0685 3.0776 0.0052
3.1051 3.0685 3.0777 0.0052
3.1051 3.0685 3.0777 0.0052
3.1051 3.0685 3.0777 0.0052
3.1051 3.0685 3.0777 0.0052
3.1051 3.0685 3.0777 0.0052
3.1051 3.0685 3.0777 0.0052
3.1051 3.0685 3.0777 0.0051
3.1051 3.0685 3.0777 0.0051
3.1051 3.0685 3.0777 0.0051
3.1051 3.0685 3.0777 0.0051
3.1051 3.0685 3.0777 0.0051
3.1051 3.0685 3.0777 0.0051
3.1051 3.0685 3.0777 0.0051
3.1051 3.0685 3.0777 0.0051
3.1051 3.0685 3.0777 0.0051
3.1051 3.0685 3.0778 0.0051
3.1051 3.0685 3.0778 0.0051
3.1051 3.0685 3.0778 0.0051
3.1051 3.0685 3.0778 0.0051
3.1051 3.0685 3.0779 0.0050
3.1051 3.0685 3.0779 0.0050
3.1051 3.0685 3.0779 0.0050
3.1051 3.0685 3.0779 0.0050
3.1051 3.0685 3.0780 0.0050
3.1051 3.0685 3.0780 0.0050
3.1051 3.0685 3.0780 0.0050
3.1051 3.0685 3.0780 0.0050
3.1051 3.0685 3.0780 0.0050
3.1051 3.0685 3.0780 0.0050
3.1051 3.0685 3.0780 0.0050
3.1051 3.0685 3.0780 0.0050
3.1051 3.0685 3.0781 0.0049
3.1051 3.0685 3.0781 0.0049
3.1051 3.0685 3.0781 0.0049
3.1051 3.0685 3.0781 0.0049
3.1051 3.0685 3.0781 0.0049
3.1051 3.0685 3.0781 0.0049
3.1051 3.0685 3.0781 0.0049
3.1051 3.0685 3.0781 0.0049
3.1051 3.0685 3.0781 0.0049
3.1051 3.0685 3.0781 0.0049
3.1051 3.0685 3.0781 0.0049
3.1051 3.0685 3.0782 0.0049
3.1051 3.0685 3.0782 0.0049
3.1051 3.0685 3.0782 0.0049
3.1051 3.0685 3.0782 0.0049
3.1051 3.0685 3.0782 0.0049
3.1051 3.0685 3.0782 0.0049
3.1056 3.0685 3.0782 0.0049
3.1056 3.0685 3.0782 0.0049
3.1056 3.0685 3.0783 0.0049
3.1056 3.0685 3.0784 0.0048
3.1056 3.0685 3.0784 0.0048
3.1056 3.0685 3.0784 0.0048
3.1056 3.0685 3.0784 0.0048
3.1056 3.0685 3.0784 0.0048
3.1056 3.0685 3.0786 0.0055
3.1056 3.0685 3.0786 0.0055
3.1056 3.0685 3.0787 0.0055
3.1056 3.0685 3.0787 0.0055
3.1056 3.0685 3.0787 0.0055
3.1056 3.0685 3.0787 0.0055
3.1056 3.0685 3.0787 0.0055
3.1056 3.0685 3.0787 0.0055
3.1056 3.0685 3.0787 0.0055
3.1056 3.0685 3.0789 0.0061
3.1056 3.0685 3.0789 0.0061
3.1056 3.0685 3.0789 0.0061
3.1056 3.0685 3.0790 0.0061
3.1056 3.0685 3.0790 0.0061
3.1056 3.0685 3.0790 0.0061
3.1056 3.0685 3.0790 0.0061
3.1056 3.0685 3.0790 0.0061
3.1056 3.0685 3.0792 0.0062
3.1056 3.0685 3.0792 0.0062
3.1056 3.0703 3.0793 0.0061
3.1056 3.0703 3.0793 0.0061
3.1056 3.0703 3.0793 0.0061
3.1056 3.0703 3.0793 0.0061
3.1056 3.0703 3.0793 0.0061
3.1056 3.0703 3.0793 0.0061
3.1056 3.0703 3.0793 0.0061
3.1056 3.0703 3.0793 0.0061
3.1056 3.0703 3.0793 0.0061
3.1056 3.0703 3.0793 0.0061
3.1056 3.0703 3.0793 0.0061
3.1056 3.0703 3.0793 0.0061
3.1056 3.0703 3.0793 0.0062
3.1056 3.0703 3.0793 0.0062
3.1056 3.0703 3.0793 0.0062
3.1056 3.0703 3.0794 0.0061
3.1056 3.0703 3.0794 0.0061
3.1056 3.0703 3.0796 0.0067
3.1056 3.0703 3.0797 0.0067
3.1056 3.0703 3.0799 0.0071
3.1056 3.0703 3.0800 0.0071
3.1056 3.0703 3.0800 0.0071
3.1056 3.0708 3.0800 0.0071
3.1056 3.0708 3.0800 0.0071
3.1056 3.0708 3.0800 0.0071
3.1056 3.0708 3.0800 0.0071
3.1056 3.0708 3.0800 0.0071
3.1056 3.0708 3.0802 0.0071
3.1056 3.0708 3.0803 0.0071
3.1056 3.0708 3.0803 0.0071
3.1056 3.0708 3.0803 0.0071
3.1056 3.0708 3.0803 0.0071
3.1056 3.0708 3.0804 0.0071
3.1056 3.0708 3.0804 0.0071
3.1056 3.0708 3.0804 0.0071
3.1056 3.0708 3.0804 0.0071
3.1056 3.0708 3.0804 0.0071
3.1056 3.0708 3.0804 0.0071
3.1056 3.0708 3.0804 0.0071
3.1056 3.0708 3.0804 0.0071
3.1056 3.0708 3.0804 0.0071
3.1056 3.0708 3.0804 0.0071
3.1056 3.0708 3.0804 0.0071
3.1056 3.0708 3.0804 0.0071
3.1056 3.0708 3.0804 0.0071
3.1056 3.0708 3.0804 0.0071
3.1056 3.0708 3.0804 0.0071
3.1056 3.0708 3.0804 0.0071
3.1056 3.0708 3.0804 0.0071
3.1056 3.0708 3.0804 0.0071
3.1071 3.0708 3.0805 0.0071
3.1071 3.0708 3.0805 0.0071
3.1071 3.0708 3.0807 0.0075
3.1071 3.0708 3.0808 0.0075
3.1071 3.0708 3.0808 0.0075
3.1071 3.0708 3.0810 0.0078
3.1071 3.0708 3.0810 0.0078
3.1071 3.0708 3.0813 0.0082
3.1071 3.0708 3.0813 0.0082
3.1071 3.0708 3.0813 0.0082
3.1071 3.0708 3.0813 0.0082
3.1071 3.0708 3.0813 0.0082
3.1071 3.0708 3.0813 0.0082
3.1071 3.0708 3.0813 0.0082
3.1071 3.0708 3.0816 0.0085
3.1071 3.0708 3.0817 0.0084
3.1071 3.0708 3.0817 0.0084
3.1071 3.0708 3.0817 0.0084
3.1071 3.0708 3.0817 0.0084
3.1071 3.0708 3.0817 0.0084
3.1071 3.0708 3.0817 0.0084
3.1071 3.0708 3.0817 0.0084
3.1071 3.0708 3.0817 0.0084
3.1071 3.0708 3.0817 0.0084
3.1071 3.0708 3.0817 0.0084
3.1071 3.0708 3.0817 0.0084
3.1071 3.0708 3.0819 0.0086
3.1071 3.0708 3.0822 0.0088
3.1071 3.0708 3.0822 0.0088
3.1071 3.0708 3.0822 0.0088
3.1071 3.0708 3.0824 0.0091
3.1071 3.0708 3.0824 0.0091
3.1071 3.0708 3.0825 0.0091
3.1071 3.0708 3.0825 0.0091
3.1071 3.0708 3.0825 0.0091
3.1071 3.0708 3.0825 0.0091
3.1071 3.0708 3.0825 0.0091
3.1071 3.0708 3.0825 0.0091
3.1071 3.0708 3.0825 0.0091
3.1071 3.0708 3.0825 0.0091
3.1071 3.0708 3.0827 0.0093
3.1071 3.0708 3.0827 0.0093
3.1071 3.0708 3.0828 0.0093
3.1071 3.0708 3.0828 0.0093
3.1071 3.0708 3.0828 0.0093
3.1071 3.0709 3.0829 0.0092
3.1071 3.0709 3.0829 0.0092
3.1071 3.0709 3.0831 0.0093
3.1071 3.0709 3.0831 0.0093
3.1071 3.0709 3.0831 0.0093
3.1071 3.0709 3.0832 0.0093
3.1071 3.0709 3.0833 0.0094
3.1071 3.0709 3.0833 0.0094
3.1071 3.0709 3.0836 0.0096
3.1071 3.0709 3.0836 0.0096
3.1071 3.0709 3.0836 0.0096
3.1071 3.0709 3.0838 0.0097
3.1071 3.0709 3.0838 0.0097
3.1071 3.0709 3.0838 0.0097
3.1071 3.0709 3.0838 0.0097
3.1071 3.0709 3.0838 0.0097
3.1071 3.0709 3.0838 0.0097
3.1071 3.0709 3.0838 0.0097
3.1071 3.0709 3.0841 0.0099
3.1071 3.0709 3.0841 0.0099
3.1071 3.0709 3.0841 0.0099
3.1071 3.0709 3.0841 0.0099
3.1071 3.0709 3.0841 0.0099
3.1071 3.0709 3.0841 0.0099
3.1071 3.0709 3.0843 0.0100
3.1071 3.0709 3.0843 0.0100
3.1071 3.0709 3.0845 0.0102
3.1071 3.0709 3.0845 0.0102
3.1071 3.0709 3.0845 0.0102
3.1071 3.0709 3.0845 0.0101
3.1071 3.0709 3.0845 0.0101
3.1071 3.0709 3.0845 0.0101
3.1071 3.0709 3.0845 0.0101
3.1071 3.0709 3.0847 0.0102
3.1071 3.0709 3.0847 0.0102
3.1071 3.0709 3.0849 0.0103
3.1071 3.0709 3.0849 0.0103
3.1071 3.0709 3.0849 0.0103
3.1071 3.0709 3.0852 0.0104
3.1071 3.0709 3.0854 0.0105
3.1071 3.0709 3.0854 0.0105
3.1071 3.0709 3.0854 0.0105
3.1071 3.0709 3.0854 0.0105
3.1071 3.0709 3.0854 0.0105
3.1071 3.0709 3.0854 0.0105
3.1071 3.0709 3.0854 0.0105
3.1071 3.0709 3.0854 0.0105
3.1071 3.0709 3.0854 0.0104
3.1071 3.0709 3.0855 0.0104
3.1071 3.0709 3.0857 0.0105
3.1071 3.0709 3.0858 0.0106
3.1071 3.0709 3.0858 0.0106
3.1071 3.0709 3.0858 0.0106
3.1071 3.0709 3.0858 0.0106
3.1071 3.0709 3.0858 0.0106
3.1071 3.0709 3.0858 0.0106
3.1071 3.0709 3.0859 0.0106
3.1071 3.0709 3.0859 0.0106
3.1071 3.0709 3.0861 0.0107
3.1071 3.0709 3.0861 0.0107
3.1071 3.0709 3.0864 0.0108
3.1071 3.0709 3.0864 0.0108
3.1071 3.0709 3.0864 0.0108
3.1071 3.0709 3.0864 0.0108
3.1071 3.0709 3.0864 0.0108
3.1071 3.0709 3.0864 0.0108
3.1071 3.0709 3.0864 0.0108
3.1071 3.0709 3.0864 0.0108
3.1071 3.0709 3.0864 0.0108
3.1071 3.0709 3.0864 0.0108
3.1071 3.0709 3.0864 0.0108
3.1071 3.0709 3.0864 0.0108
3.1071 3.0709 3.0865 0.0108
3.1071 3.0709 3.0865 0.0108
3.1071 3.0709 3.0865 0.0108
3.1071 3.0709 3.0867 0.0109
3.1071 3.0709 3.0869 0.0110
3.1071 3.0709 3.0869 0.0110
3.1071 3.0709 3.0870 0.0109
3.1071 3.0709 3.0872 0.0110
3.1071 3.0709 3.0874 0.0111
3.1071 3.0709 3.0874 0.0111
3.1071 3.0709 3.0874 0.0111
3.1071 3.0709 3.0874 0.0111
3.1071 3.0709 3.0874 0.0111
3.1071 3.0709 3.0874 0.0111
3.1071 3.0709 3.0874 0.0111
3.1071 3.0709 3.0874 0.0111
3.1071 3.0709 3.0874 0.0111
3.1071 3.0709 3.0874 0.0111
3.1071 3.0709 3.0874 0.0111
3.1071 3.0709 3.0874 0.0111
3.1071 3.0709 3.0875 0.0112
3.1071 3.0709 3.0875 0.0112
3.1071 3.0709 3.0875 0.0112
3.1071 3.0709 3.0876 0.0112
3.1071 3.0709 3.0876 0.0112
3.1071 3.0709 3.0876 0.0112
3.1071 3.0709 3.0879 0.0113
3.1071 3.0709 3.0880 0.0113
3.1071 3.0709 3.0880 0.0113
3.1071 3.0718 3.0883 0.0113
3.1071 3.0718 3.0883 0.0113
3.1071 3.0718 3.0883 0.0113
3.1071 3.0718 3.0884 0.0113
3.1071 3.0718 3.0884 0.0113
3.1071 3.0718 3.0887 0.0114
3.1071 3.0718 3.0887 0.0114
3.1071 3.0718 3.0889 0.0114
3.1071 3.0718 3.0889 0.0114
3.1071 3.0718 3.0890 0.0114
3.1071 3.0718 3.0892 0.0115
3.1071 3.0718 3.0892 0.0115
3.1071 3.0718 3.0892 0.0115
3.1071 3.0718 3.0892 0.0115
3.1071 3.0718 3.0892 0.0115
3.1071 3.0718 3.0895 0.0115
3.1071 3.0718 3.0895 0.0115
3.1071 3.0718 3.0896 0.0115
3.1071 3.0718 3.0898 0.0115
3.1071 3.0718 3.0898 0.0115
3.1071 3.0718 3.0898 0.0115
3.1071 3.0718 3.0898 0.0115
3.1071 3.0718 3.0898 0.0115
3.1071 3.0718 3.0898 0.0115
3.1071 3.0718 3.0899 0.0115
3.1071 3.0718 3.0899 0.0115
3.1071 3.0718 3.0901 0.0116
3.1071 3.0718 3.0901 0.0116
3.1071 3.0718 3.0901 0.0116
3.1071 3.0718 3.0901 0.0116
3.1071 3.0718 3.0901 0.0116
3.1071 3.0718 3.0903 0.0117
3.1071 3.0718 3.0903 0.0117
3.1071 3.0718 3.0903 0.0117
3.1071 3.0718 3.0905 0.0116
3.1071 3.0718 3.0905 0.0117
3.1071 3.0718 3.0905 0.0117
3.1071 3.0718 3.0906 0.0116
3.1071 3.0718 3.0907 0.0117
3.1071 3.0718 3.0910 0.0117
3.1071 3.0718 3.0912 0.0116
3.1071 3.0718 3.0914 0.0117
3.1071 3.0718 3.0916 0.0116
3.1071 3.0718 3.0916 0.0117
3.1071 3.0718 3.0916 0.0117
3.1071 3.0718 3.0916 0.0117
3.1071 3.0718 3.0916 0.0117
3.1071 3.0718 3.0916 0.0117
3.1071 3.0718 3.0916 0.0117
3.1071 3.0718 3.0916 0.0117
3.1071 3.0718 3.0916 0.0117
3.1071 3.0718 3.0917 0.0116
3.1071 3.0718 3.0917 0.0117
3.1071 3.0718 3.0917 0.0117
3.1071 3.0718 3.0917 0.0116
3.1071 3.0718 3.0919 0.0116
3.1071 3.0718 3.0919 0.0116
3.1071 3.0718 3.0922 0.0116
3.1071 3.0718 3.0922 0.0116
3.1071 3.0718 3.0923 0.0115
3.1071 3.0718 3.0923 0.0115
3.1071 3.0718 3.0923 0.0115
3.1071 3.0718 3.0923 0.0115
3.1071 3.0718 3.0923 0.0115
3.1071 3.0718 3.0926 0.0115
3.1071 3.0718 3.0926 0.0115
3.1071 3.0718 3.0926 0.0115
3.1071 3.0718 3.0928 0.0115
3.1071 3.0718 3.0929 0.0114
3.1071 3.0718 3.0931 0.0114
3.1071 3.0718 3.0931 0.0114
3.1071 3.0718 3.0931 0.0114
3.1071 3.0718 3.0931 0.0114
3.1071 3.0718 3.0931 0.0114
3.1071 3.0718 3.0931 0.0114
3.1071 3.0732 3.0931 0.0114
3.1071 3.0732 3.0931 0.0114
3.1071 3.0732 3.0931 0.0114
3.1071 3.0732 3.0931 0.0114
3.1071 3.0732 3.0931 0.0114
3.1071 3.0732 3.0931 0.0114
3.1071 3.0732 3.0931 0.0114
3.1071 3.0732 3.0931 0.0114
3.1071 3.0732 3.0931 0.0114
3.1071 3.0732 3.0931 0.0114
3.1071 3.0732 3.0931 0.0114
3.1071 3.0732 3.0931 0.0114
3.1071 3.0732 3.0932 0.0114
3.1071 3.0732 3.0932 0.0114
3.1071 3.0732 3.0932 0.0114
3.1071 3.0732 3.0933 0.0114
3.1071 3.0732 3.0934 0.0113
3.1071 3.0732 3.0937 0.0112
3.1071 3.0732 3.0938 0.0113
3.1071 3.0732 3.0939 0.0112
3.1071 3.0732 3.0941 0.0112
3.1071 3.0732 3.0941 0.0112
3.1071 3.0732 3.0941 0.0112
3.1071 3.0732 3.0944 0.0112
3.1071 3.0732 3.0944 0.0112
3.1071 3.0732 3.0944 0.0112
3.1071 3.0732 3.0944 0.0112
3.1071 3.0732 3.0944 0.0112
3.1071 3.0732 3.0945 0.0111
3.1071 3.0732 3.0945 0.0111
3.1071 3.0732 3.0946 0.0110
3.1071 3.0732 3.0949 0.0110
3.1071 3.0732 3.0949 0.0110
3.1071 3.0732 3.0951 0.0109
3.1071 3.0732 3.0953 0.0108
3.1071 3.0732 3.0953 0.0108
3.1071 3.0732 3.0953 0.0108
3.1071 3.0732 3.0953 0.0108
3.1071 3.0732 3.0953 0.0108
3.1071 3.0732 3.0956 0.0108
3.1071 3.0732 3.0956 0.0108
3.1071 3.0732 3.0956 0.0108
3.1071 3.0732 3.0957 0.0106
3.1071 3.0732 3.0957 0.0107
3.1071 3.0732 3.0959 0.0106
3.1071 3.0732 3.0959 0.0106
3.1071 3.0732 3.0959 0.0106
3.1071 3.0732 3.0959 0.0106
3.1071 3.0732 3.0959 0.0106
3.1071 3.0732 3.0959 0.0106
3.1071 3.0732 3.0959 0.0106
3.1071 3.0732 3.0959 0.0106
3.1071 3.0732 3.0959 0.0106
3.1071 3.0732 3.0959 0.0106
3.1071 3.0732 3.0960 0.0106
3.1071 3.0732 3.0960 0.0107
3.1071 3.0732 3.0960 0.0107
3.1071 3.0732 3.0963 0.0106
3.1071 3.0732 3.0963 0.0106
3.1071 3.0732 3.0964 0.0106
3.1071 3.0732 3.0964 0.0106
3.1071 3.0732 3.0964 0.0106
3.1071 3.0732 3.0964 0.0106
3.1071 3.0732 3.0964 0.0106
3.1071 3.0732 3.0964 0.0106
3.1071 3.0732 3.0964 0.0106
3.1071 3.0732 3.0964 0.0106
3.1071 3.0732 3.0966 0.0105
3.1071 3.0732 3.0966 0.0105
3.1071 3.0732 3.0966 0.0105
3.1071 3.0732 3.0966 0.0105
3.1071 3.0732 3.0966 0.0105
3.1071 3.0732 3.0967 0.0105
3.1071 3.0732 3.0967 0.0105
3.1071 3.0732 3.0967 0.0105
3.1071 3.0732 3.0967 0.0105
3.1071 3.0732 3.0967 0.0105
3.1071 3.0732 3.0967 0.0105
3.1071 3.0732 3.0967 0.0105
3.1071 3.0732 3.0967 0.0105
3.1071 3.0732 3.0967 0.0105
3.1071 3.0732 3.0967 0.0105
3.1071 3.0732 3.0968 0.0105
3.1071 3.0732 3.0969 0.0105
3.1071 3.0732 3.0969 0.0106
3.1071 3.0732 3.0970 0.0105
3.1071 3.0732 3.0970 0.0105
3.1071 3.0732 3.0970 0.0105
3.1071 3.0732 3.0970 0.0105
3.1071 3.0732 3.0970 0.0105
3.1071 3.0732 3.0970 0.0105
3.1071 3.0732 3.0970 0.0105
3.1071 3.0732 3.0970 0.0105
3.1071 3.0773 3.0973 0.0103
3.1071 3.0773 3.0974 0.0101
3.1071 3.0773 3.0974 0.0101
3.1071 3.0773 3.0974 0.0101
3.1071 3.0773 3.0975 0.0101
3.1071 3.0773 3.0975 0.0101
3.1071 3.0773 3.0975 0.0101
3.1071 3.0773 3.0975 0.0101
3.1071 3.0773 3.0975 0.0101
3.1071 3.0773 3.0975 0.0101
3.1071 3.0773 3.0978 0.0100
3.1071 3.0773 3.0979 0.0100
3.1071 3.0773 3.0979 0.0100
3.1071 3.0773 3.0979 0.0101
3.1071 3.0773 3.0979 0.0101
3.1071 3.0773 3.0979 0.0101
3.1071 3.0773 3.0979 0.0101
3.1071 3.0773 3.0979 0.0101
3.1071 3.0773 3.0979 0.0101
3.1071 3.0773 3.0979 0.0101
3.1071 3.0773 3.0979 0.0101
3.1071 3.0773 3.0979 0.0101
3.1071 3.0773 3.0980 0.0101
3.1071 3.0773 3.0981 0.0101
3.1071 3.0773 3.0981 0.0101
3.1071 3.0773 3.0981 0.0101
3.1071 3.0773 3.0981 0.0101
3.1071 3.0773 3.0981 0.0101
3.1071 3.0773 3.0981 0.0101
3.1071 3.0773 3.0981 0.0101
3.1071 3.0773 3.0983 0.0100
3.1071 3.0773 3.0984 0.0100
3.1071 3.0773 3.0984 0.0100
3.1071 3.0773 3.0984 0.0100
3.1071 3.0773 3.0987 0.0099
3.1071 3.0773 3.0987 0.0099
3.1071 3.0773 3.0987 0.0099
3.1071 3.0773 3.0988 0.0099
3.1071 3.0773 3.0988 0.0099
3.1071 3.0773 3.0988 0.0098
3.1071 3.0773 3.0988 0.0098
3.1071 3.0773 3.0988 0.0098
3.1071 3.0773 3.0988 0.0098
3.1071 3.0773 3.0988 0.0098
3.1071 3.0773 3.0988 0.0098
3.1071 3.0773 3.0988 0.0098
3.1071 3.0773 3.0988 0.0098
3.1071 3.0773 3.0988 0.0098
3.1071 3.0773 3.0991 0.0096
3.1071 3.0773 3.0991 0.0097
3.1071 3.0773 3.0991 0.0097
3.1071 3.0773 3.0991 0.0097
3.1071 3.0773 3.0991 0.0097
3.1071 3.0773 3.0991 0.0097
3.1071 3.0773 3.0991 0.0097
3.1071 3.0773 3.0991 0.0097
3.1071 3.0773 3.0992 0.0097
3.1071 3.0773 3.0992 0.0097
3.1071 3.0773 3.0992 0.0097
3.1071 3.0773 3.0992 0.0097
3.1071 3.0773 3.0992 0.0097
3.1071 3.0773 3.0993 0.0097
3.1071 3.0773 3.0993 0.0097
3.1071 3.0773 3.0993 0.0097
3.1071 3.0773 3.0993 0.0097
3.1071 3.0773 3.0995 0.0096
3.1071 3.0773 3.0995 0.0096
3.1071 3.0773 3.0996 0.0096
3.1076 3.0773 3.0997 0.0096
3.1076 3.0773 3.0997 0.0096
3.1076 3.0773 3.0997 0.0096
3.1076 3.0773 3.0999 0.0095
3.1076 3.0773 3.1000 0.0094
3.1076 3.0773 3.1001 0.0095
3.1076 3.0773 3.1001 0.0095
3.1076 3.0773 3.1001 0.0095
3.1076 3.0773 3.1001 0.0095
3.1076 3.0773 3.1001 0.0095
3.1076 3.0773 3.1001 0.0095
3.1076 3.0773 3.1001 0.0095
3.1076 3.0773 3.1001 0.0095
3.1076 3.0773 3.1001 0.0095
3.1076 3.0773 3.1001 0.0095
3.1076 3.0773 3.1001 0.0095
3.1076 3.0773 3.1001 0.0095
3.1076 3.0773 3.1002 0.0095
3.1076 3.0773 3.1002 0.0095
3.1076 3.0773 3.1002 0.0095
3.1076 3.0773 3.1002 0.0095
3.1076 3.0773 3.1003 0.0095
3.1076 3.0773 3.1003 0.0095
3.1076 3.0773 3.1003 0.0095
3.1076 3.0773 3.1003 0.0095
3.1076 3.0773 3.1003 0.0095
3.1076 3.0773 3.1003 0.0095
3.1076 3.0773 3.1005 0.0093
3.1076 3.0773 3.1006 0.0092
3.1076 3.0773 3.1006 0.0092
3.1076 3.0773 3.1006 0.0092
3.1076 3.0773 3.1006 0.0092
3.1076 3.0773 3.1006 0.0092
3.1076 3.0773 3.1009 0.0090
3.1076 3.0773 3.1009 0.0090
3.1076 3.0773 3.1009 0.0090
3.1076 3.0773 3.1009 0.0090
3.1076 3.0773 3.1009 0.0090
3.1076 3.0773 3.1009 0.0090
3.1076 3.0773 3.1012 0.0088
3.1076 3.0773 3.1012 0.0088
3.1076 3.0773 3.1012 0.0088
3.1076 3.0773 3.1012 0.0088
3.1076 3.0773 3.1012 0.0088
3.1076 3.0773 3.1012 0.0088
3.1076 3.0773 3.1012 0.0088
3.1076 3.0773 3.1012 0.0088
3.1076 3.0773 3.1012 0.0088
3.1076 3.0773 3.1012 0.0088
3.1076 3.0773 3.1012 0.0088
3.1076 3.0773 3.1012 0.0088
3.1076 3.0773 3.1013 0.0088
3.1076 3.0773 3.1016 0.0085
3.1076 3.0773 3.1016 0.0085
3.1076 3.0773 3.1016 0.0085
3.1076 3.0773 3.1016 0.0085
3.1076 3.0773 3.1016 0.0085
3.1076 3.0773 3.1016 0.0085
3.1076 3.0773 3.1016 0.0085
3.1076 3.0773 3.1016 0.0085
3.1076 3.0773 3.1016 0.0085
3.1076 3.0773 3.1016 0.0085
3.1076 3.0773 3.1016 0.0085
3.1076 3.0773 3.1017 0.0085
3.1076 3.0773 3.1017 0.0085
3.1076 3.0773 3.1017 0.0085
3.1076 3.0773 3.1017 0.0086
3.1076 3.0773 3.1019 0.0083
3.1076 3.0773 3.1019 0.0083
3.1076 3.0773 3.1019 0.0083
3.1076 3.0773 3.1019 0.0083
3.1076 3.0773 3.1019 0.0083
3.1076 3.0773 3.1019 0.0083
3.1076 3.0773 3.1019 0.0083
3.1076 3.0773 3.1019 0.0083
3.1076 3.0773 3.1019 0.0083
3.1076 3.0773 3.1019 0.0083
3.1087 3.0773 3.1020 0.0083
3.1087 3.0773 3.1020 0.0083
3.1087 3.0773 3.1020 0.0083
3.1087 3.0773 3.1020 0.0083
3.1087 3.0773 3.1020 0.0083
3.1087 3.0773 3.1020 0.0083
3.1087 3.0773 3.1020 0.0083
3.1087 3.0773 3.1020 0.0083
3.1087 3.0773 3.1020 0.0083
3.1087 3.0773 3.1020 0.0083
3.1087 3.0773 3.1020 0.0083
3.1087 3.0773 3.1020 0.0083
3.1087 3.0773 3.1021 0.0081
3.1087 3.0773 3.1021 0.0081
3.1087 3.0773 3.1021 0.0081
3.1087 3.0773 3.1021 0.0081
3.1087 3.0773 3.1021 0.0081
3.1087 3.0773 3.1021 0.0081
3.1087 3.0773 3.1021 0.0081
3.1087 3.0773 3.1021 0.0081
3.1087 3.0773 3.1021 0.0081
3.1087 3.0773 3.1022 0.0081
3.1087 3.0773 3.1022 0.0081
3.1087 3.0773 3.1022 0.0081
3.1087 3.0781 3.1025 0.0077
3.1087 3.0781 3.1025 0.0077
3.1087 3.0781 3.1027 0.0074
3.1087 3.0781 3.1027 0.0074
3.1087 3.0781 3.1027 0.0074
3.1087 3.0781 3.1028 0.0074
3.1087 3.0781 3.1028 0.0074
3.1087 3.0781 3.1028 0.0074
3.1087 3.0781 3.1028 0.0074
3.1087 3.0781 3.1028 0.0074
3.1087 3.0781 3.1028 0.0074
3.1087 3.0781 3.1028 0.0074
3.1087 3.0781 3.1028 0.0074
3.1087 3.0781 3.1028 0.0074
3.1087 3.0781 3.1028 0.0074
3.1087 3.0781 3.1028 0.0074
3.1087 3.0781 3.1028 0.0074
3.1087 3.0781 3.1028 0.0074
3.1087 3.0781 3.1028 0.0074
3.1087 3.0781 3.1028 0.0074
3.1087 3.0781 3.1029 0.0072
3.1087 3.0781 3.1029 0.0072
3.1087 3.0781 3.1029 0.0072
3.1087 3.0781 3.1029 0.0072
3.1087 3.0781 3.1029 0.0072
3.1087 3.0781 3.1030 0.0072
3.1087 3.0781 3.1030 0.0072
3.1087 3.0781 3.1030 0.0072
3.1087 3.0781 3.1030 0.0072
3.1087 3.0781 3.1030 0.0072
3.1087 3.0781 3.1030 0.0072
3.1087 3.0781 3.1030 0.0072
3.1087 3.0781 3.1030 0.0072
3.1087 3.0781 3.1030 0.0072
3.1087 3.0781 3.1030 0.0072
3.1087 3.0781 3.1030 0.0072
3.1087 3.0781 3.1030 0.0072
3.1087 3.0781 3.1031 0.0069
3.1087 3.0781 3.1031 0.0069
3.1087 3.0781 3.1032 0.0068
3.1087 3.0781 3.1032 0.0068
3.1087 3.0781 3.1032 0.0068
3.1087 3.0781 3.1032 0.0068
3.1087 3.0781 3.1032 0.0068
3.1087 3.0781 3.1032 0.0069
3.1087 3.0781 3.1032 0.0069
3.1087 3.0781 3.1032 0.0069
3.1087 3.0781 3.1032 0.0069
3.1087 3.0781 3.1032 0.0069
3.1087 3.0781 3.1032 0.0069
3.1087 3.0781 3.1032 0.0069
3.1087 3.0781 3.1032 0.0069
3.1087 3.0781 3.1035 0.0065
3.1087 3.0781 3.1035 0.0065
3.1087 3.0781 3.1035 0.0065
3.1087 3.0781 3.1035 0.0065
3.1087 3.0781 3.1035 0.0065
3.1087 3.0781 3.1035 0.0065
3.1087 3.0781 3.1035 0.0065
3.1087 3.0781 3.1037 0.0060
3.1087 3.0781 3.1037 0.0060
3.1087 3.0781 3.1037 0.0060
3.1087 3.0781 3.1037 0.0060
3.1087 3.0781 3.1037 0.0060
3.1087 3.0781 3.1037 0.0060
3.1087 3.0781 3.1037 0.0060
3.1087 3.0781 3.1038 0.0060
3.1087 3.0781 3.1039 0.0060
3.1087 3.0781 3.1039 0.0060
3.1087 3.0795 3.1041 0.0054
3.1087 3.0795 3.1041 0.0054
3.1087 3.0795 3.1041 0.0054
3.1087 3.0795 3.1041 0.0054
3.1087 3.0795 3.1041 0.0054
3.1087 3.0795 3.1041 0.0054
3.1087 3.0795 3.1042 0.0054
3.1087 3.0795 3.1042 0.0054
3.1087 3.0795 3.1042 0.0054
3.1087 3.0795 3.1042 0.0054
3.1087 3.0795 3.1042 0.0054
3.1087 3.0795 3.1042 0.0054
3.1087 3.0795 3.1042 0.0054
3.1087 3.0795 3.1042 0.0054
3.1087 3.0795 3.1042 0.0054
3.1087 3.0795 3.1042 0.0054
3.1087 3.0795 3.1042 0.0054
3.1087 3.0795 3.1042 0.0054
3.1087 3.0795 3.1042 0.0054
3.1087 3.0795 3.1042 0.0054
3.1087 3.0795 3.1042 0.0054
3.1087 3.0795 3.1042 0.0054
3.1087 3.0795 3.1042 0.0054
3.1087 3.0795 3.1042 0.0054
3.1087 3.0795 3.1042 0.0054
3.1087 3.0795 3.1042 0.0054
3.1087 3.0795 3.1042 0.0054
3.1087 3.0795 3.1043 0.0054
3.1087 3.0795 3.1043 0.0054
3.1087 3.0795 3.1043 0.0054
3.1087 3.0802 3.1045 0.0048
3.1087 3.0802 3.1045 0.0048
3.1087 3.0802 3.1045 0.0048
3.1087 3.0802 3.1045 0.0048
3.1087 3.0802 3.1046 0.0048
3.1091 3.0802 3.1046 0.0048
3.1091 3.0802 3.1046 0.0048
3.1091 3.0802 3.1046 0.0048
3.1091 3.0802 3.1046 0.0048
3.1091 3.0802 3.1046 0.0048
3.1091 3.0802 3.1046 0.0048
3.1091 3.0802 3.1046 0.0048
3.1091 3.0802 3.1046 0.0048
3.1091 3.0802 3.1046 0.0048
3.1091 3.0802 3.1048 0.0048
3.1091 3.0802 3.1048 0.0048
3.1091 3.0802 3.1048 0.0048
3.1091 3.0802 3.1048 0.0048
3.1091 3.0802 3.1048 0.0048
3.1091 3.0802 3.1048 0.0048
3.1091 3.0802 3.1048 0.0048
3.1091 3.0802 3.1048 0.0048
3.1091 3.0802 3.1048 0.0048
3.1091 3.0802 3.1048 0.0048
3.1091 3.0802 3.1048 0.0048
3.1091 3.0802 3.1048 0.0048
3.1091 3.0802 3.1048 0.0048
3.1091 3.0802 3.1048 0.0048
3.1091 3.0802 3.1048 0.0048
3.1091 3.0802 3.1048 0.0048
3.1091 3.0802 3.1048 0.0048
3.1091 3.0802 3.1048 0.0048
3.1091 3.0802 3.1048 0.0048
3.1091 3.0802 3.1048 0.0048
3.1092 3.0802 3.1048 0.0048
3.1092 3.0802 3.1048 0.0048
3.1092 3.0802 3.1048 0.0048
3.1102 3.0802 3.1048 0.0048
3.1102 3.0802 3.1048 0.0048
3.1102 3.0809 3.1050 0.0042
3.1102 3.0809 3.1050 0.0042
3.1102 3.0809 3.1050 0.0042
3.1102 3.0809 3.1050 0.0042
3.1102 3.0809 3.1050 0.0042
3.1102 3.0809 3.1050 0.0042
3.1102 3.0809 3.1051 0.0042
3.1102 3.0809 3.1051 0.0041
3.1102 3.0809 3.1051 0.0041
3.1102 3.0809 3.1052 0.0042
3.1102 3.0809 3.1052 0.0042
3.1102 3.0809 3.1052 0.0042
3.1102 3.0809 3.1052 0.0042
3.1102 3.0809 3.1052 0.0042
3.1102 3.0809 3.1052 0.0042
3.1102 3.0809 3.1054 0.0040
3.1102 3.0809 3.1054 0.0040
3.1102 3.0809 3.1054 0.0040
3.1102 3.0809 3.1054 0.0040
3.1102 3.0809 3.1054 0.0040
3.1102 3.0809 3.1054 0.0040
3.1102 3.0809 3.1054 0.0040
3.1102 3.0809 3.1054 0.0040
3.1102 3.0809 3.1054 0.0040
3.1102 3.0809 3.1054 0.0040
3.1102 3.0809 3.1054 0.0040
3.1102 3.0809 3.1054 0.0040
3.1102 3.0809 3.1054 0.0040
3.1102 3.0809 3.1054 0.0040
3.1102 3.0809 3.1054 0.0040
3.1102 3.0809 3.1054 0.0040
3.1102 3.0809 3.1054 0.0040
3.1102 3.0809 3.1054 0.0040
3.1102 3.0809 3.1054 0.0040
3.1102 3.0809 3.1054 0.0040
3.1102 3.0809 3.1054 0.0040
3.1102 3.0809 3.1055 0.0039
3.1102 3.0809 3.1055 0.0039
3.1102 3.0809 3.1055 0.0039
3.1102 3.0882 3.1058 0.0030
3.1102 3.0882 3.1058 0.0030
3.1102 3.0882 3.1058 0.0030
3.1102 3.0926 3.1059 0.0024
3.1102 3.0926 3.1059 0.0024
3.1102 3.0926 3.1059 0.0024
3.1102 3.0926 3.1060 0.0025
3.1102 3.0926 3.1060 0.0025
3.1102 3.0926 3.1060 0.0025
3.1102 3.0926 3.1060 0.0025
3.1102 3.0926 3.1060 0.0025
3.1102 3.0926 3.1060 0.0025
3.1102 3.0926 3.1060 0.0025
3.1102 3.0926 3.1060 0.0025
3.1102 3.0926 3.1060 0.0025
3.1102 3.0926 3.1060 0.0025
3.1102 3.0926 3.1060 0.0025
3.1102 3.0926 3.1060 0.0025
3.1102 3.0926 3.1060 0.0025
3.1102 3.0926 3.1060 0.0025
3.1102 3.0926 3.1060 0.0025
3.1102 3.0926 3.1060 0.0025
3.1102 3.0926 3.1060 0.0025
3.1102 3.0926 3.1060 0.0025
3.1102 3.0926 3.1060 0.0025
3.1140 3.0926 3.1061 0.0026
3.1140 3.0926 3.1061 0.0026
3.1140 3.0926 3.1061 0.0026
3.1140 3.0926 3.1061 0.0026
3.1140 3.0926 3.1061 0.0026
3.1140 3.0926 3.1061 0.0026
3.1140 3.0926 3.1061 0.0026
3.1140 3.0926 3.1061 0.0026
3.1140 3.0926 3.1061 0.0026
3.1140 3.0926 3.1061 0.0026
3.1140 3.0926 3.1061 0.0026
3.1140 3.0926 3.1061 0.0026
3.1140 3.0926 3.1062 0.0026
3.1140 3.0926 3.1062 0.0026
3.1140 3.0926 3.1062 0.0026
3.1140 3.0926 3.1062 0.0026
3.1140 3.0926 3.1062 0.0026
3.1140 3.0926 3.1062 0.0026
3.1140 3.0926 3.1062 0.0026
3.1140 3.0926 3.1062 0.0026
3.1140 3.0926 3.1062 0.0026
3.1140 3.0926 3.1062 0.0026
3.1140 3.0926 3.1062 0.0026
3.1140 3.0926 3.1062 0.0026
3.1140 3.0926 3.1062 0.0026
3.1140 3.0926 3.1062 0.0026
3.1140 3.0926 3.1062 0.0026
3.1140 3.0926 3.1062 0.0026
3.1140 3.0926 3.1062 0.0026
3.1140 3.0926 3.1062 0.0026
3.1140 3.0926 3.1062 0.0026
3.1140 3.0926 3.1062 0.0026
3.1140 3.0926 3.1062 0.0026
3.1140 3.0926 3.1062 0.0026
3.1140 3.0926 3.1062 0.0026
3.1140 3.0926 3.1062 0.0026
3.1140 3.0926 3.1062 0.0026
3.1140 3.0926 3.1063 0.0027
3.1140 3.0926 3.1063 0.0027
3.1140 3.0926 3.1063 0.0027
3.1140 3.0926 3.1063 0.0027
3.1140 3.0926 3.1064 0.0025
3.1140 3.0926 3.1064 0.0025
3.1140 3.0926 3.1064 0.0025
3.1140 3.0926 3.1064 0.0025
3.1140 3.0926 3.1064 0.0025
3.1140 3.0926 3.1065 0.0025
3.1140 3.0926 3.1065 0.0025
3.1140 3.0926 3.1065 0.0025
3.1140 3.0926 3.1065 0.0025
3.1140 3.0926 3.1065 0.0025
3.1140 3.0926 3.1065 0.0025
3.1140 3.0926 3.1065 0.0025
3.1140 3.0926 3.1065 0.0025
3.1140 3.0926 3.1065 0.0025
3.1140 3.0926 3.1066 0.0025
3.1140 3.0926 3.1066 0.0025
3.1140 3.0926 3.1066 0.0025
3.1140 3.0926 3.1066 0.0025
3.1140 3.0926 3.1066 0.0025
3.1140 3.0926 3.1066 0.0025
3.1140 3.0926 3.1066 0.0025
3.1140 3.0926 3.1066 0.0025
3.1140 3.0926 3.1066 0.0025
3.1140 3.0926 3.1066 0.0025
3.1140 3.0926 3.1066 0.0025
3.1140 3.0926 3.1066 0.0025
3.1140 3.0926 3.1066 0.0025
3.1140 3.0926 3.1066 0.0025
3.1140 3.0926 3.1066 0.0025
3.1140 3.0926 3.1066 0.0025
3.1140 3.0926 3.1066 0.0025
3.1140 3.0926 3.1066 0.0025
3.1140 3.0926 3.1066 0.0025
3.1140 3.0926 3.1066 0.0025
3.1140 3.0926 3.1066 0.0025
3.1140 3.0926 3.1066 0.0025
3.1140 3.0926 3.1067 0.0025
3.1140 3.0926 3.1067 0.0025
3.1140 3.0926 3.1067 0.0024
3.1140 3.0926 3.1067 0.0024
3.1140 3.0926 3.1067 0.0024
3.1140 3.0926 3.1067 0.0024
3.1140 3.0926 3.1067 0.0024
3.1140 3.0926 3.1067 0.0024
3.1140 3.0926 3.1067 0.0024
3.1140 3.0926 3.1067 0.0024
3.1140 3.0926 3.1068 0.0025
3.1140 3.0926 3.1068 0.0025
3.1140 3.0926 3.1068 0.0025
3.1140 3.0926 3.1068 0.0025
3.1140 3.0926 3.1069 0.0024
3.1140 3.0926 3.1069 0.0024
3.1140 3.0926 3.1069 0.0024
3.1140 3.0926 3.1069 0.0024
3.1140 3.0926 3.1069 0.0024
3.1140 3.0926 3.1069 0.0024
3.1140 3.0926 3.1069 0.0024
3.1140 3.0926 3.1069 0.0024
3.1140 3.0926 3.1069 0.0024
3.1140 3.0926 3.1069 0.0024
3.1140 3.0926 3.1069 0.0024
3.1140 3.0926 3.1069 0.0024
3.1140 3.0926 3.1070 0.0024
3.1140 3.0926 3.1070 0.0024
3.1140 3.0926 3.1070 0.0024
3.1140 3.0926 3.1070 0.0024
3.1140 3.0926 3.1070 0.0024
3.1140 3.0926 3.1070 0.0024
3.1140 3.0926 3.1070 0.0024
3.1140 3.0926 3.1070 0.0024
3.1140 3.0926 3.1070 0.0024
3.1140 3.0926 3.1070 0.0024
3.1140 3.0926 3.1070 0.0024
3.1140 3.0926 3.1070 0.0024
3.1140 3.0926 3.1070 0.0025
3.1140 3.0926 3.1070 0.0025
3.1140 3.0926 3.1070 0.0025
3.1140 3.0926 3.1070 0.0025
3.1140 3.0926 3.1070 0.0025
3.1140 3.0926 3.1070 0.0025
3.1140 3.0926 3.1070 0.0025
3.1140 3.0926 3.1070 0.0025
3.1140 3.0926 3.1070 0.0025
3.1140 3.0926 3.1070 0.0025
3.1140 3.0926 3.1070 0.0025
3.1140 3.0926 3.1070 0.0025
3.1140 3.0926 3.1070 0.0025
3.1140 3.0926 3.1070 0.0025
3.1140 3.0926 3.1070 0.0025
3.1140 3.0926 3.1070 0.0025
3.1140 3.0926 3.1070 0.0025
3.1140 3.0926 3.1070 0.0025
3.1140 3.0926 3.1070 0.0025
3.1140 3.0926 3.1070 0.0025
3.1140 3.0926 3.1070 0.0025
3.1140 3.0926 3.1070 0.0025
3.1140 3.0926 3.1070 0.0025
3.1140 3.0926 3.1071 0.0025
3.1140 3.0926 3.1071 0.0025
3.1140 3.0926 3.1071 0.0025
3.1140 3.0926 3.1071 0.0025
3.1140 3.0926 3.1071 0.0025
3.1140 3.0926 3.1071 0.0025
3.1140 3.0926 3.1071 0.0025
3.1140 3.0926 3.1071 0.0025
3.1140 3.0926 3.1071 0.0025
3.1140 3.0926 3.1071 0.0025
3.1140 3.0926 3.1071 0.0025
3.1140 3.0926 3.1071 0.0025
3.1140 3.0926 3.1071 0.0025
3.1140 3.0926 3.1071 0.0025
3.1140 3.0926 3.1071 0.0025
3.1140 3.0926 3.1071 0.0025
3.1140 3.0926 3.1071 0.0026
3.1140 3.0926 3.1072 0.0026
3.1140 3.0926 3.1072 0.0026
3.1140 3.0926 3.1072 0.0026
3.1140 3.0926 3.1072 0.0026
3.1140 3.0926 3.1072 0.0026
3.1140 3.0926 3.1072 0.0026
3.1140 3.0926 3.1072 0.0026
3.1140 3.0926 3.1072 0.0026
3.1140 3.0926 3.1072 0.0026
3.1140 3.0926 3.1072 0.0026
3.1140 3.0926 3.1072 0.0026
3.1140 3.0926 3.1072 0.0026
3.1140 3.0926 3.1072 0.0026
3.1140 3.0926 3.1072 0.0026
3.1140 3.0926 3.1072 0.0026
3.1140 3.0926 3.1072 0.0026
3.1140 3.0926 3.1072 0.0026
3.1140 3.0926 3.1073 0.0026
3.1140 3.0926 3.1073 0.0026
3.1140 3.0926 3.1073 0.0026
3.1140 3.0926 3.1073 0.0026
3.1140 3.0926 3.1073 0.0026
3.1140 3.0926 3.1073 0.0026
3.1140 3.0926 3.1073 0.0026
3.1140 3.0926 3.1073 0.0026
3.1140 3.0926 3.1073 0.0026
3.1140 3.0926 3.1073 0.0026
3.1140 3.0926 3.1073 0.0026
3.1140 3.0926 3.1073 0.0026
3.1140 3.0926 3.1073 0.0026
3.1141 3.0926 3.1073 0.0027
3.1141 3.0926 3.1073 0.0027
3.1141 3.0926 3.1073 0.0027
3.1141 3.0926 3.1073 0.0027
3.1141 3.0926 3.1073 0.0027
3.1141 3.0926 3.1073 0.0027
3.1141 3.0926 3.1074 0.0026
3.1141 3.0926 3.1074 0.0026
3.1141 3.0926 3.1074 0.0026
3.1141 3.0926 3.1074 0.0026
3.1141 3.0926 3.1074 0.0026
3.1141 3.0926 3.1074 0.0026
3.1141 3.0926 3.1075 0.0026
3.1141 3.0926 3.1075 0.0026
3.1141 3.0926 3.1075 0.0026
3.1141 3.0926 3.1075 0.0026
3.1141 3.0926 3.1075 0.0026
3.1141 3.0926 3.1075 0.0026
3.1141 3.0926 3.1075 0.0026
3.1141 3.0926 3.1075 0.0026
3.1141 3.0926 3.1075 0.0026
3.1141 3.0926 3.1075 0.0026
3.1141 3.0926 3.1075 0.0026
3.1141 3.0926 3.1075 0.0026
3.1141 3.0926 3.1075 0.0027
3.1141 3.0926 3.1075 0.0027
3.1141 3.0926 3.1075 0.0027
3.1141 3.0926 3.1075 0.0027
3.1141 3.0926 3.1075 0.0027
3.1141 3.0926 3.1076 0.0027
3.1141 3.0926 3.1076 0.0027
3.1141 3.0926 3.1076 0.0027
3.1141 3.0926 3.1076 0.0027
3.1141 3.0926 3.1077 0.0028
3.1141 3.0926 3.1077 0.0028
3.1141 3.0926 3.1077 0.0028
3.1141 3.0926 3.1077 0.0028
3.1141 3.0926 3.1077 0.0028
3.1141 3.0926 3.1077 0.0028
3.1141 3.0926 3.1077 0.0028
3.1141 3.0926 3.1077 0.0028
3.1141 3.0926 3.1077 0.0028
3.1141 3.0926 3.1077 0.0028
3.1141 3.0926 3.1077 0.0028
3.1141 3.0926 3.1077 0.0028
3.1141 3.0926 3.1077 0.0028
3.1141 3.0926 3.1077 0.0028
3.1141 3.0926 3.1077 0.0028
3.1141 3.0926 3.1077 0.0028
3.1141 3.0926 3.1077 0.0028
3.1141 3.0926 3.1077 0.0028
3.1141 3.0926 3.1077 0.0028
3.1141 3.0926 3.1077 0.0028
3.1141 3.0926 3.1077 0.0028
3.1141 3.0926 3.1077 0.0028
3.1141 3.0926 3.1077 0.0028
3.1141 3.0926 3.1077 0.0028
3.1141 3.0926 3.1077 0.0028
3.1141 3.0926 3.1077 0.0028
3.1141 3.0926 3.1077 0.0028
3.1141 3.0926 3.1077 0.0028
3.1141 3.0926 3.1077 0.0028
3.1141 3.0926 3.1077 0.0028
3.1141 3.0926 3.1077 0.0028
3.1141 3.0926 3.1077 0.0028
3.1141 3.0926 3.1077 0.0028
3.1141 3.0926 3.1077 0.0028
3.1141 3.0926 3.1077 0.0028
3.1141 3.0926 3.1077 0.0028
3.1141 3.0926 3.1077 0.0028
3.1141 3.0926 3.1077 0.0028
3.1141 3.0926 3.1078 0.0029
3.1141 3.0926 3.1078 0.0029
3.1141 3.0926 3.1078 0.0029
3.1141 3.0926 3.1078 0.0029
3.1141 3.0926 3.1078 0.0028
3.1141 3.0926 3.1078 0.0028
3.1141 3.0926 3.1079 0.0028
3.1141 3.0926 3.1079 0.0028
3.1141 3.0926 3.1079 0.0028
3.1141 3.0926 3.1079 0.0028
3.1141 3.0926 3.1079 0.0028
3.1141 3.0926 3.1079 0.0028
3.1141 3.0926 3.1079 0.0028
3.1141 3.0926 3.1079 0.0028
3.1141 3.0926 3.1079 0.0028
3.1141 3.0926 3.1080 0.0028
3.1141 3.0926 3.1080 0.0028
3.1141 3.0926 3.1080 0.0028
3.1141 3.0926 3.1080 0.0028
3.1141 3.0926 3.1080 0.0028
3.1141 3.0926 3.1080 0.0028
3.1141 3.0926 3.1080 0.0028
3.1141 3.0926 3.1080 0.0028
3.1141 3.0926 3.1080 0.0028
3.1141 3.0926 3.1080 0.0028
3.1141 3.0926 3.1080 0.0028
3.1141 3.0926 3.1080 0.0028
3.1141 3.0926 3.1080 0.0028
3.1141 3.0926 3.1080 0.0028
3.1141 3.0926 3.1080 0.0028
3.1141 3.0926 3.1080 0.0028
3.1141 3.0926 3.1081 0.0028
3.1141 3.0926 3.1081 0.0028
3.1141 3.0926 3.1081 0.0028
3.1141 3.0926 3.1081 0.0028
3.1141 3.0926 3.1081 0.0028
3.1141 3.0926 3.1081 0.0028
3.1141 3.0926 3.1081 0.0028
3.1141 3.0926 3.1081 0.0028
3.1141 3.0926 3.1082 0.0028
3.1141 3.0926 3.1082 0.0028
3.1141 3.0926 3.1082 0.0028
3.1141 3.0926 3.1082 0.0028
3.1141 3.0926 3.1082 0.0028
3.1141 3.0926 3.1082 0.0028
3.1141 3.0926 3.1082 0.0028
3.1141 3.0926 3.1082 0.0028
3.1141 3.0926 3.1082 0.0028
3.1141 3.0926 3.1082 0.0028
3.1141 3.0926 3.1082 0.0028
3.1141 3.0926 3.1082 0.0028
3.1141 3.0926 3.1082 0.0028
3.1141 3.0926 3.1083 0.0027
3.1141 3.0926 3.1083 0.0027
3.1141 3.0926 3.1083 0.0027
3.1141 3.0926 3.1083 0.0027
3.1141 3.0926 3.1083 0.0027
3.1141 3.0926 3.1083 0.0027
3.1141 3.0926 3.1083 0.0027
3.1141 3.0926 3.1083 0.0027
3.1141 3.0926 3.1083 0.0027
3.1141 3.0926 3.1083 0.0027
3.1141 3.0926 3.1083 0.0027
3.1141 3.0926 3.1083 0.0027
3.1141 3.0926 3.1083 0.0027
3.1141 3.0926 3.1083 0.0027
3.1141 3.0926 3.1083 0.0027
3.1141 3.0926 3.1084 0.0027
3.1141 3.0926 3.1084 0.0027
3.1141 3.0926 3.1084 0.0027
3.1141 3.0926 3.1084 0.0027
3.1141 3.0926 3.1084 0.0027
3.1141 3.0926 3.1084 0.0027
3.1141 3.0926 3.1084 0.0027
3.1141 3.0926 3.1084 0.0027
3.1141 3.0926 3.1084 0.0027
3.1141 3.0926 3.1084 0.0027
3.1141 3.0926 3.1084 0.0027
3.1141 3.0926 3.1085 0.0027
3.1141 3.0926 3.1085 0.0027
3.1141 3.0926 3.1085 0.0028
3.1141 3.0926 3.1085 0.0028
3.1141 3.0926 3.1085 0.0028
3.1141 3.0926 3.1085 0.0028
3.1141 3.0926 3.1085 0.0028
3.1141 3.0926 3.1085 0.0028
3.1141 3.0926 3.1085 0.0028
3.1141 3.0926 3.1085 0.0028
3.1141 3.0926 3.1085 0.0028
3.1141 3.0926 3.1086 0.0028
3.1141 3.0926 3.1086 0.0028
3.1141 3.0926 3.1086 0.0028
3.1141 3.0926 3.1086 0.0028
3.1141 3.0926 3.1086 0.0028
3.1141 3.0926 3.1086 0.0028
3.1141 3.0926 3.1086 0.0028
3.1141 3.0926 3.1086 0.0028
3.1141 3.0926 3.1086 0.0028
3.1141 3.0926 3.1086 0.0028
3.1141 3.0926 3.1086 0.0028
3.1141 3.0926 3.1087 0.0028
3.1141 3.0926 3.1087 0.0028
3.1141 3.0926 3.1087 0.0028
3.1141 3.0926 3.1087 0.0028
3.1141 3.0926 3.1087 0.0028
3.1141 3.0926 3.1087 0.0028
3.1141 3.0926 3.1087 0.0028
3.1141 3.0926 3.1087 0.0028
3.1141 3.0926 3.1087 0.0028
3.1141 3.0926 3.1087 0.0028
3.1141 3.0926 3.1087 0.0028
3.1141 3.0926 3.1087 0.0028
3.1141 3.0926 3.1088 0.0029
3.1141 3.0926 3.1089 0.0029
3.1141 3.0926 3.1089 0.0029
3.1141 3.0926 3.1089 0.0029
3.1141 3.0926 3.1089 0.0029
3.1141 3.0926 3.1089 0.0029
3.1141 3.0926 3.1089 0.0029
3.1141 3.0926 3.1089 0.0029
3.1141 3.0926 3.1089 0.0029
3.1141 3.0926 3.1089 0.0029
3.1141 3.0926 3.1089 0.0029
3.1141 3.0926 3.1089 0.0029
3.1141 3.0926 3.1089 0.0029
3.1141 3.0926 3.1089 0.0029
3.1141 3.0926 3.1089 0.0029
3.1141 3.0926 3.1089 0.0029
3.1141 3.0926 3.1089 0.0029
3.1141 3.0926 3.1089 0.0029
3.1141 3.0926 3.1089 0.0029
3.1141 3.0926 3.1089 0.0029
3.1141 3.0926 3.1089 0.0029
3.1141 3.0926 3.1089 0.0029
3.1141 3.0926 3.1090 0.0029
3.1141 3.0926 3.1090 0.0029
3.1141 3.0926 3.1090 0.0029
3.1141 3.0926 3.1090 0.0029
3.1141 3.0926 3.1090 0.0029
3.1141 3.0926 3.1090 0.0029
3.1141 3.0926 3.1090 0.0029
3.1141 3.0926 3.1090 0.0029
3.1141 3.0926 3.1090 0.0029
3.1141 3.0926 3.1090 0.0029
3.1141 3.0926 3.1090 0.0029
3.1141 3.0926 3.1090 0.0029
3.1141 3.0926 3.1090 0.0029
3.1141 3.0926 3.1091 0.0029
3.1141 3.0926 3.1091 0.0029
3.1141 3.0926 3.1091 0.0029
3.1141 3.0926 3.1091 0.0029
3.1141 3.0926 3.1091 0.0029
3.1141 3.0926 3.1091 0.0029
3.1141 3.0926 3.1091 0.0029
3.1141 3.0926 3.1091 0.0029
3.1141 3.0926 3.1092 0.0029
3.1141 3.0926 3.1092 0.0029
3.1141 3.0926 3.1092 0.0029
3.1141 3.0926 3.1092 0.0029
3.1141 3.0926 3.1092 0.0029
3.1141 3.0926 3.1093 0.0029
3.1141 3.0926 3.1093 0.0029
3.1141 3.0926 3.1093 0.0029
3.1141 3.0926 3.1093 0.0029
3.1141 3.0926 3.1093 0.0029
3.1141 3.0926 3.1093 0.0029
3.1141 3.0926 3.1093 0.0029
3.1141 3.0926 3.1093 0.0029
3.1141 3.0926 3.1093 0.0029
3.1141 3.0926 3.1093 0.0029
3.1141 3.0926 3.1093 0.0029
3.1141 3.0926 3.1093 0.0029
3.1141 3.0926 3.1093 0.0029
3.1141 3.0926 3.1093 0.0029
3.1141 3.0926 3.1093 0.0029
3.1141 3.0926 3.1093 0.0029
3.1141 3.0926 3.1093 0.0029
3.1141 3.0926 3.1093 0.0029
3.1141 3.0926 3.1093 0.0029
3.1141 3.0926 3.1093 0.0029
3.1141 3.0926 3.1093 0.0029
3.1141 3.0926 3.1094 0.0029
3.1141 3.0926 3.1094 0.0029
3.1141 3.0926 3.1094 0.0029
3.1141 3.0926 3.1094 0.0029
3.1141 3.0926 3.1094 0.0029
3.1141 3.1051 3.1096 0.0024
3.1141 3.1051 3.1096 0.0024
3.1141 3.1051 3.1096 0.0024
3.1141 3.1051 3.1096 0.0024
3.1141 3.1051 3.1096 0.0024
3.1141 3.1051 3.1096 0.0024
3.1141 3.1051 3.1096 0.0024
3.1141 3.1051 3.1096 0.0024
3.1141 3.1051 3.1097 0.0024
3.1141 3.1051 3.1097 0.0024
3.1141 3.1051 3.1097 0.0024
3.1141 3.1051 3.1097 0.0024
3.1141 3.1051 3.1097 0.0024
3.1141 3.1051 3.1097 0.0024
3.1141 3.1051 3.1097 0.0024
3.1141 3.1051 3.1097 0.0024
3.1141 3.1051 3.1097 0.0024
3.1141 3.1051 3.1097 0.0024
3.1141 3.1051 3.1097 0.0024
3.1141 3.1051 3.1097 0.0024
3.1141 3.1051 3.1097 0.0024
3.1141 3.1051 3.1097 0.0024
3.1141 3.1051 3.1097 0.0024
3.1141 3.1051 3.1098 0.0024
3.1141 3.1051 3.1098 0.0024
3.1141 3.1051 3.1098 0.0024
3.1141 3.1051 3.1098 0.0024
3.1141 3.1051 3.1098 0.0024
3.1141 3.1051 3.1098 0.0024
3.1141 3.1051 3.1098 0.0024
3.1141 3.1051 3.1098 0.0024
3.1141 3.1051 3.1098 0.0024
3.1141 3.1051 3.1098 0.0024
3.1141 3.1051 3.1098 0.0024
3.1141 3.1051 3.1098 0.0024
3.1141 3.1051 3.1098 0.0024
3.1141 3.1051 3.1098 0.0024
3.1141 3.1051 3.1098 0.0024
3.1141 3.1051 3.1098 0.0024
3.1141 3.1051 3.1098 0.0024
3.1141 3.1051 3.1098 0.0024
3.1141 3.1051 3.1098 0.0024
3.1141 3.1051 3.1098 0.0024
3.1141 3.1051 3.1098 0.0024
3.1141 3.1051 3.1098 0.0024
3.1141 3.1051 3.1098 0.0024
3.1141 3.1051 3.1098 0.0024
3.1141 3.1051 3.1098 0.0025
3.1141 3.1051 3.1099 0.0024
3.1141 3.1051 3.1099 0.0024
3.1141 3.1051 3.1099 0.0024
3.1141 3.1051 3.1099 0.0024
3.1141 3.1051 3.1099 0.0024
3.1141 3.1051 3.1099 0.0024
3.1141 3.1051 3.1099 0.0025
3.1141 3.1051 3.1099 0.0025
3.1141 3.1051 3.1099 0.0025
3.1141 3.1051 3.1099 0.0025
3.1141 3.1051 3.1099 0.0025
3.1141 3.1051 3.1099 0.0025
3.1141 3.1051 3.1100 0.0025
3.1141 3.1051 3.1100 0.0025
3.1141 3.1051 3.1100 0.0025
3.1141 3.1051 3.1100 0.0025
3.1141 3.1051 3.1100 0.0024
3.1141 3.1051 3.1100 0.0024
3.1141 3.1051 3.1100 0.0024
3.1141 3.1051 3.1100 0.0024
3.1141 3.1051 3.1100 0.0024
3.1141 3.1051 3.1100 0.0024
3.1141 3.1051 3.1100 0.0024
3.1141 3.1051 3.1101 0.0024
3.1141 3.1051 3.1101 0.0024
3.1141 3.1051 3.1101 0.0024
3.1141 3.1051 3.1101 0.0024
3.1141 3.1051 3.1101 0.0024
3.1141 3.1051 3.1101 0.0024
3.1141 3.1051 3.1101 0.0024
3.1141 3.1051 3.1101 0.0024
3.1141 3.1051 3.1101 0.0024
3.1141 3.1051 3.1101 0.0024
3.1141 3.1051 3.1101 0.0024
3.1141 3.1051 3.1101 0.0024
3.1141 3.1051 3.1101 0.0024
3.1141 3.1051 3.1102 0.0023
3.1141 3.1051 3.1102 0.0023
3.1141 3.1051 3.1102 0.0023
3.1141 3.1051 3.1102 0.0023
3.1141 3.1051 3.1102 0.0023
3.1141 3.1051 3.1102 0.0024
3.1141 3.1051 3.1102 0.0024
3.1141 3.1051 3.1102 0.0024
3.1141 3.1051 3.1102 0.0024
3.1141 3.1051 3.1102 0.0023
3.1141 3.1051 3.1102 0.0023
3.1141 3.1051 3.1102 0.0023
3.1141 3.1051 3.1103 0.0023
3.1141 3.1051 3.1103 0.0023
3.1141 3.1051 3.1103 0.0023
3.1141 3.1051 3.1103 0.0024
3.1141 3.1051 3.1103 0.0024
3.1141 3.1051 3.1103 0.0024
3.1141 3.1051 3.1103 0.0024
3.1141 3.1051 3.1104 0.0024
3.1141 3.1051 3.1104 0.0024
3.1141 3.1051 3.1105 0.0024
3.1141 3.1051 3.1105 0.0024
3.1141 3.1051 3.1105 0.0024
3.1141 3.1051 3.1105 0.0024
3.1141 3.1051 3.1105 0.0024
3.1141 3.1051 3.1105 0.0024
3.1141 3.1051 3.1105 0.0024
3.1141 3.1051 3.1105 0.0024
3.1141 3.1051 3.1105 0.0024
3.1141 3.1051 3.1105 0.0024
3.1141 3.1051 3.1105 0.0024
3.1141 3.1051 3.1105 0.0024
3.1141 3.1051 3.1105 0.0024
3.1141 3.1051 3.1106 0.0024
3.1141 3.1051 3.1106 0.0024
3.1141 3.1051 3.1106 0.0024
3.1141 3.1051 3.1106 0.0024
3.1141 3.1051 3.1106 0.0024
3.1141 3.1051 3.1106 0.0025
3.1141 3.1051 3.1106 0.0024
3.1141 3.1051 3.1106 0.0024
3.1141 3.1051 3.1106 0.0024
3.1141 3.1051 3.1106 0.0024
3.1141 3.1051 3.1107 0.0024
3.1141 3.1051 3.1107 0.0024
3.1141 3.1051 3.1107 0.0024
3.1141 3.1051 3.1107 0.0024
3.1141 3.1051 3.1107 0.0024
3.1141 3.1051 3.1107 0.0024
3.1141 3.1051 3.1107 0.0024
3.1141 3.1051 3.1107 0.0024
3.1141 3.1051 3.1107 0.0024
3.1141 3.1051 3.1107 0.0024
3.1141 3.1051 3.1107 0.0024
3.1141 3.1051 3.1107 0.0024
3.1141 3.1051 3.1107 0.0024
3.1141 3.1051 3.1107 0.0024
3.1141 3.1051 3.1108 0.0024
3.1141 3.1051 3.1108 0.0024
3.1141 3.1051 3.1109 0.0023
3.1141 3.1051 3.1109 0.0023
3.1141 3.1051 3.1109 0.0023
3.1141 3.1051 3.1109 0.0023
3.1141 3.1051 3.1109 0.0023
3.1141 3.1051 3.1109 0.0023
3.1141 3.1051 3.1109 0.0023
3.1141 3.1051 3.1109 0.0023
3.1141 3.1051 3.1109 0.0024
3.1141 3.1051 3.1109 0.0024
3.1141 3.1051 3.1109 0.0024
3.1141 3.1051 3.1109 0.0024
3.1141 3.1051 3.1109 0.0024
3.1141 3.1051 3.1109 0.0024
3.1141 3.1051 3.1110 0.0024
3.1141 3.1051 3.1110 0.0024
3.1141 3.1051 3.1110 0.0024
3.1143 3.1051 3.1110 0.0024
3.1154 3.1051 3.1110 0.0024
3.1154 3.1051 3.1110 0.0024
3.1154 3.1051 3.1111 0.0024
3.1154 3.1051 3.1111 0.0024
3.1154 3.1051 3.1111 0.0024
3.1154 3.1051 3.1111 0.0024
3.1154 3.1051 3.1112 0.0025
3.1154 3.1051 3.1112 0.0025
3.1154 3.1051 3.1112 0.0025
3.1154 3.1051 3.1112 0.0025
3.1154 3.1051 3.1112 0.0025
3.1154 3.1051 3.1112 0.0025
3.1154 3.1051 3.1112 0.0025
3.1154 3.1051 3.1112 0.0025
3.1154 3.1051 3.1112 0.0025
3.1154 3.1051 3.1112 0.0025
3.1154 3.1051 3.1112 0.0025
3.1154 3.1051 3.1112 0.0025
3.1154 3.1051 3.1112 0.0025
3.1154 3.1051 3.1112 0.0025
3.1154 3.1051 3.1112 0.0025
3.1154 3.1051 3.1112 0.0025
3.1154 3.1051 3.1112 0.0025
3.1154 3.1051 3.1112 0.0025
3.1154 3.1051 3.1112 0.0024
3.1154 3.1051 3.1112 0.0024
3.1154 3.1051 3.1112 0.0024
3.1154 3.1051 3.1112 0.0024
3.1154 3.1051 3.1112 0.0024
3.1154 3.1051 3.1112 0.0024
3.1154 3.1051 3.1113 0.0024
3.1154 3.1051 3.1113 0.0024
3.1154 3.1051 3.1113 0.0024
3.1154 3.1051 3.1113 0.0024
3.1154 3.1051 3.1113 0.0024
3.1154 3.1051 3.1113 0.0024
3.1154 3.1051 3.1113 0.0024
3.1154 3.1051 3.1113 0.0024
3.1154 3.1051 3.1113 0.0024
3.1154 3.1051 3.1114 0.0024
3.1154 3.1051 3.1114 0.0024
3.1154 3.1051 3.1114 0.0024
3.1154 3.1051 3.1114 0.0024
3.1154 3.1051 3.1115 0.0024
3.1154 3.1051 3.1115 0.0024
3.1154 3.1051 3.1115 0.0024
3.1154 3.1051 3.1115 0.0024
3.1154 3.1051 3.1115 0.0024
3.1154 3.1051 3.1115 0.0024
3.1154 3.1051 3.1115 0.0024
3.1154 3.1051 3.1116 0.0024
3.1154 3.1051 3.1116 0.0024
3.1154 3.1051 3.1116 0.0024
3.1154 3.1051 3.1116 0.0024
3.1154 3.1051 3.1116 0.0024
3.1154 3.1051 3.1116 0.0024
3.1154 3.1051 3.1116 0.0024
3.1154 3.1051 3.1116 0.0024
3.1154 3.1051 3.1116 0.0024
3.1154 3.1051 3.1116 0.0024
3.1154 3.1051 3.1116 0.0024
3.1154 3.1051 3.1116 0.0024
3.1154 3.1051 3.1116 0.0024
3.1154 3.1051 3.1116 0.0024
3.1154 3.1051 3.1116 0.0024
3.1154 3.1051 3.1116 0.0024
3.1154 3.1051 3.1116 0.0024
3.1154 3.1051 3.1116 0.0024
3.1154 3.1051 3.1116 0.0024
3.1154 3.1051 3.1116 0.0024
3.1154 3.1051 3.1116 0.0024
3.1154 3.1051 3.1116 0.0024
3.1154 3.1051 3.1117 0.0024
3.1154 3.1051 3.1117 0.0024
3.1154 3.1051 3.1117 0.0024
3.1154 3.1051 3.1117 0.0024
3.1154 3.1051 3.1117 0.0024
3.1154 3.1051 3.1117 0.0024
3.1154 3.1051 3.1117 0.0024
3.1154 3.1051 3.1117 0.0024
3.1154 3.1051 3.1117 0.0024
3.1154 3.1051 3.1117 0.0024
3.1154 3.1051 3.1117 0.0024
3.1154 3.1051 3.1117 0.0024
3.1154 3.1051 3.1117 0.0024
3.1154 3.1051 3.1117 0.0024
3.1154 3.1051 3.1117 0.0024
3.1154 3.1051 3.1118 0.0024
3.1154 3.1051 3.1118 0.0024
3.1154 3.1051 3.1118 0.0024
3.1154 3.1051 3.1118 0.0024
3.1154 3.1051 3.1118 0.0024
3.1154 3.1051 3.1118 0.0024
3.1154 3.1051 3.1118 0.0024
3.1154 3.1051 3.1118 0.0024
3.1154 3.1051 3.1118 0.0024
3.1154 3.1051 3.1118 0.0024
3.1154 3.1051 3.1118 0.0024
3.1154 3.1063 3.1119 0.0023
3.1154 3.1063 3.1119 0.0023
3.1154 3.1063 3.1119 0.0023
3.1154 3.1063 3.1119 0.0023
3.1154 3.1063 3.1119 0.0023
3.1154 3.1063 3.1119 0.0023
3.1154 3.1063 3.1119 0.0023
3.1154 3.1063 3.1119 0.0023
3.1154 3.1063 3.1119 0.0023
3.1154 3.1063 3.1119 0.0023
3.1154 3.1063 3.1120 0.0023
3.1154 3.1063 3.1120 0.0023
3.1154 3.1063 3.1120 0.0023
3.1154 3.1063 3.1120 0.0023
3.1154 3.1063 3.1120 0.0023
3.1154 3.1063 3.1120 0.0023
3.1154 3.1063 3.1120 0.0023
3.1154 3.1063 3.1120 0.0023
3.1154 3.1063 3.1120 0.0023
3.1154 3.1063 3.1120 0.0023
3.1154 3.1063 3.1120 0.0023
3.1154 3.1063 3.1120 0.0023
3.1154 3.1063 3.1120 0.0023
3.1154 3.1063 3.1120 0.0023
3.1154 3.1063 3.1121 0.0022
3.1154 3.1063 3.1121 0.0022
3.1154 3.1063 3.1121 0.0022
3.1154 3.1063 3.1121 0.0022
3.1154 3.1063 3.1121 0.0022
3.1154 3.1063 3.1121 0.0022
3.1154 3.1063 3.1121 0.0022
3.1154 3.1063 3.1121 0.0022
3.1154 3.1063 3.1121 0.0022
3.1154 3.1063 3.1121 0.0022
3.1154 3.1063 3.1121 0.0023
3.1154 3.1063 3.1121 0.0023
3.1154 3.1063 3.1121 0.0023
3.1154 3.1063 3.1121 0.0023
3.1154 3.1063 3.1121 0.0023
3.1154 3.1063 3.1121 0.0023
3.1154 3.1063 3.1121 0.0023
3.1154 3.1063 3.1121 0.0023
3.1154 3.1063 3.1121 0.0023
3.1154 3.1063 3.1121 0.0023
3.1154 3.1063 3.1121 0.0022
3.1154 3.1063 3.1121 0.0022
3.1154 3.1063 3.1121 0.0022
3.1154 3.1063 3.1121 0.0022
3.1154 3.1063 3.1122 0.0022
3.1154 3.1063 3.1122 0.0022
3.1154 3.1063 3.1122 0.0022
3.1154 3.1063 3.1122 0.0022
3.1154 3.1063 3.1122 0.0022
3.1154 3.1063 3.1122 0.0022
3.1154 3.1063 3.1122 0.0022
3.1154 3.1063 3.1122 0.0022
3.1154 3.1063 3.1122 0.0022
3.1154 3.1063 3.1122 0.0022
3.1154 3.1063 3.1122 0.0022
3.1191 3.1063 3.1123 0.0023
3.1191 3.1063 3.1123 0.0023
3.1191 3.1063 3.1123 0.0023
3.1191 3.1063 3.1123 0.0023
3.1191 3.1063 3.1123 0.0023
3.1191 3.1063 3.1123 0.0023
3.1191 3.1063 3.1123 0.0023
3.1191 3.1063 3.1123 0.0023
3.1191 3.1063 3.1123 0.0023
3.1191 3.1063 3.1123 0.0023
3.1191 3.1063 3.1124 0.0023
3.1191 3.1063 3.1125 0.0023
3.1191 3.1063 3.1125 0.0023
3.1191 3.1063 3.1125 0.0023
3.1191 3.1063 3.1125 0.0023
3.1191 3.1063 3.1125 0.0023
3.1191 3.1063 3.1125 0.0023
3.1191 3.1063 3.1125 0.0023
3.1191 3.1063 3.1125 0.0023
3.1191 3.1063 3.1125 0.0024
3.1191 3.1063 3.1125 0.0024
3.1191 3.1063 3.1125 0.0024
3.1191 3.1063 3.1125 0.0024
3.1191 3.1063 3.1125 0.0024
3.1191 3.1063 3.1126 0.0023
3.1191 3.1063 3.1126 0.0023
3.1191 3.1063 3.1126 0.0023
3.1191 3.1063 3.1126 0.0023
3.1191 3.1063 3.1126 0.0023
3.1191 3.1063 3.1126 0.0023
3.1191 3.1063 3.1126 0.0023
3.1191 3.1063 3.1126 0.0023
3.1191 3.1063 3.1126 0.0023
3.1191 3.1063 3.1126 0.0023
3.1191 3.1063 3.1126 0.0023
3.1191 3.1063 3.1126 0.0023
3.1191 3.1063 3.1126 0.0023
3.1191 3.1063 3.1126 0.0023
3.1191 3.1063 3.1126 0.0023
3.1191 3.1063 3.1126 0.0023
3.1191 3.1063 3.1126 0.0023
3.1191 3.1063 3.1126 0.0024
3.1191 3.1063 3.1126 0.0024
3.1191 3.1063 3.1126 0.0023
3.1191 3.1063 3.1126 0.0023
3.1191 3.1063 3.1126 0.0023
3.1191 3.1063 3.1126 0.0023
3.1191 3.1063 3.1126 0.0023
3.1191 3.1063 3.1126 0.0023
3.1191 3.1063 3.1127 0.0023
3.1191 3.1063 3.1127 0.0023
3.1191 3.1063 3.1127 0.0023
3.1191 3.1063 3.1127 0.0023
3.1191 3.1063 3.1127 0.0023
3.1191 3.1063 3.1127 0.0023
3.1191 3.1063 3.1127 0.0023
3.1191 3.1063 3.1127 0.0023
3.1191 3.1063 3.1127 0.0023
3.1191 3.1063 3.1127 0.0023
3.1191 3.1063 3.1127 0.0023
3.1191 3.1063 3.1127 0.0023
3.1191 3.1063 3.1127 0.0023
3.1191 3.1063 3.1127 0.0023
3.1191 3.1063 3.1127 0.0023
3.1191 3.1063 3.1127 0.0023
3.1191 3.1063 3.1127 0.0023
3.1191 3.1063 3.1127 0.0023
3.1191 3.1063 3.1127 0.0023
3.1191 3.1063 3.1127 0.0023
3.1191 3.1063 3.1127 0.0023
3.1191 3.1063 3.1127 0.0023
3.1191 3.1063 3.1127 0.0023
3.1191 3.1063 3.1128 0.0023
3.1191 3.1063 3.1128 0.0024
3.1191 3.1063 3.1128 0.0024
3.1191 3.1063 3.1128 0.0024
3.1191 3.1063 3.1128 0.0024
3.1191 3.1063 3.1128 0.0024
3.1191 3.1063 3.1128 0.0024
3.1191 3.1063 3.1129 0.0023
3.1191 3.1063 3.1129 0.0023
3.1191 3.1063 3.1129 0.0023
3.1191 3.1063 3.1129 0.0023
3.1191 3.1063 3.1129 0.0023
3.1191 3.1063 3.1129 0.0023
3.1191 3.1063 3.1129 0.0023
3.1191 3.1063 3.1129 0.0023
3.1191 3.1063 3.1129 0.0023
3.1191 3.1063 3.1129 0.0023
3.1191 3.1063 3.1129 0.0023
3.1191 3.1063 3.1129 0.0023
3.1191 3.1063 3.1129 0.0023
3.1191 3.1063 3.1129 0.0023
3.1191 3.1063 3.1130 0.0023
3.1191 3.1063 3.1130 0.0023
3.1191 3.1063 3.1130 0.0023
3.1191 3.1063 3.1130 0.0023
3.1191 3.1063 3.1130 0.0023
3.1191 3.1063 3.1130 0.0023
3.1191 3.1063 3.1130 0.0023
3.1191 3.1063 3.1130 0.0022
3.1191 3.1063 3.1130 0.0022
3.1191 3.1063 3.1130 0.0022
3.1191 3.1063 3.1130 0.0022
3.1191 3.1063 3.1130 0.0022
3.1191 3.1063 3.1131 0.0022
3.1191 3.1063 3.1131 0.0022
3.1191 3.1063 3.1131 0.0022
3.1191 3.1063 3.1131 0.0022
3.1191 3.1063 3.1131 0.0022
3.1191 3.1063 3.1131 0.0022
3.1191 3.1063 3.1131 0.0022
3.1191 3.1063 3.1131 0.0022
3.1191 3.1063 3.1131 0.0022
3.1191 3.1063 3.1131 0.0022
3.1191 3.1063 3.1131 0.0022
3.1191 3.1063 3.1131 0.0022
3.1191 3.1063 3.1131 0.0022
3.1191 3.1063 3.1131 0.0022
3.1191 3.1063 3.1132 0.0021
3.1191 3.1063 3.1132 0.0021
3.1191 3.1063 3.1132 0.0021
3.1191 3.1063 3.1132 0.0021
3.1191 3.1063 3.1132 0.0021
3.1191 3.1063 3.1132 0.0021
3.1191 3.1063 3.1132 0.0021
3.1191 3.1063 3.1132 0.0021
3.1191 3.1063 3.1132 0.0021
3.1191 3.1063 3.1132 0.0021
3.1191 3.1063 3.1132 0.0021
3.1191 3.1063 3.1132 0.0021
3.1191 3.1063 3.1132 0.0021
3.1191 3.1063 3.1132 0.0021
3.1191 3.1063 3.1132 0.0021
3.1191 3.1063 3.1132 0.0021
3.1191 3.1063 3.1133 0.0021
3.1191 3.1063 3.1133 0.0021
3.1191 3.1063 3.1133 0.0021
3.1191 3.1063 3.1133 0.0021
3.1191 3.1063 3.1133 0.0021
3.1191 3.1063 3.1133 0.0021
3.1191 3.1063 3.1133 0.0021
3.1191 3.1063 3.1133 0.0021
3.1191 3.1063 3.1133 0.0021
3.1191 3.1063 3.1133 0.0021
3.1191 3.1063 3.1133 0.0021
3.1191 3.1063 3.1133 0.0021
3.1191 3.1063 3.1133 0.0021
3.1191 3.1063 3.1133 0.0021
3.1191 3.1063 3.1133 0.0021
3.1191 3.1063 3.1133 0.0021
3.1191 3.1063 3.1133 0.0021
3.1191 3.1063 3.1133 0.0021
3.1191 3.1063 3.1133 0.0021
3.1191 3.1063 3.1133 0.0021
3.1191 3.1063 3.1133 0.0021
3.1191 3.1063 3.1133 0.0021
3.1191 3.1063 3.1133 0.0021
3.1191 3.1063 3.1133 0.0021
3.1191 3.1063 3.1133 0.0021
3.1191 3.1063 3.1133 0.0022
3.1191 3.1063 3.1133 0.0022
3.1191 3.1063 3.1133 0.0022
3.1191 3.1063 3.1133 0.0022
3.1191 3.1063 3.1134 0.0022
3.1191 3.1063 3.1134 0.0022
3.1191 3.1063 3.1134 0.0022
3.1191 3.1063 3.1134 0.0022
3.1191 3.1063 3.1134 0.0022
3.1191 3.1063 3.1134 0.0021
3.1191 3.1063 3.1134 0.0021
3.1191 3.1063 3.1134 0.0021
3.1191 3.1063 3.1134 0.0021
3.1191 3.1063 3.1134 0.0021
3.1191 3.1063 3.1134 0.0021
3.1191 3.1063 3.1134 0.0021
3.1191 3.1063 3.1134 0.0022
3.1191 3.1063 3.1135 0.0021
3.1191 3.1063 3.1135 0.0021
3.1191 3.1063 3.1135 0.0021
3.1191 3.1063 3.1135 0.0021
3.1191 3.1063 3.1135 0.0021
3.1191 3.1063 3.1135 0.0021
3.1191 3.1063 3.1135 0.0021
3.1191 3.1063 3.1135 0.0021
3.1191 3.1063 3.1135 0.0021
3.1191 3.1063 3.1135 0.0021
3.1191 3.1063 3.1135 0.0021
3.1191 3.1063 3.1135 0.0021
3.1191 3.1091 3.1135 0.0020
3.1191 3.1091 3.1135 0.0020
3.1191 3.1091 3.1135 0.0020
3.1191 3.1091 3.1135 0.0020
3.1191 3.1091 3.1135 0.0020
3.1191 3.1091 3.1135 0.0020
3.1191 3.1091 3.1135 0.0020
3.1191 3.1091 3.1135 0.0020
3.1191 3.1091 3.1135 0.0020
3.1191 3.1091 3.1135 0.0020
3.1191 3.1091 3.1135 0.0020
3.1191 3.1091 3.1135 0.0020
3.1191 3.1091 3.1135 0.0020
3.1191 3.1091 3.1135 0.0020
3.1191 3.1091 3.1135 0.0020
3.1191 3.1091 3.1135 0.0020
3.1191 3.1091 3.1135 0.0020
3.1191 3.1091 3.1135 0.0020
3.1191 3.1091 3.1136 0.0020
3.1191 3.1091 3.1136 0.0020
3.1191 3.1091 3.1136 0.0020
3.1191 3.1091 3.1136 0.0020
3.1191 3.1091 3.1136 0.0020
3.1191 3.1091 3.1136 0.0020
3.1191 3.1091 3.1136 0.0020
3.1191 3.1091 3.1136 0.0020
3.1191 3.1091 3.1136 0.0021
3.1191 3.1091 3.1136 0.0021
3.1191 3.1091 3.1136 0.0021
3.1191 3.1091 3.1136 0.0020
3.1191 3.1091 3.1136 0.0020
3.1191 3.1091 3.1136 0.0020
3.1191 3.1091 3.1136 0.0020
3.1191 3.1091 3.1136 0.0020
3.1191 3.1091 3.1136 0.0020
3.1206 3.1091 3.1137 0.0021
3.1206 3.1091 3.1137 0.0021
3.1206 3.1091 3.1137 0.0021
3.1206 3.1091 3.1137 0.0021
3.1206 3.1091 3.1137 0.0021
3.1206 3.1091 3.1137 0.0021
3.1206 3.1091 3.1137 0.0021
3.1206 3.1091 3.1137 0.0021
3.1206 3.1091 3.1138 0.0021
3.1206 3.1091 3.1138 0.0021
3.1206 3.1091 3.1138 0.0021
3.1206 3.1091 3.1138 0.0021
3.1206 3.1091 3.1138 0.0021
3.1206 3.1091 3.1138 0.0021
3.1206 3.1091 3.1138 0.0021
3.1206 3.1091 3.1138 0.0021
3.1206 3.1091 3.1138 0.0021
3.1206 3.1091 3.1138 0.0021
3.1206 3.1091 3.1138 0.0021
3.1206 3.1091 3.1138 0.0021
3.1206 3.1091 3.1138 0.0021
3.1206 3.1091 3.1138 0.0021
3.1206 3.1091 3.1138 0.0021
3.1206 3.1091 3.1138 0.0021
3.1206 3.1091 3.1138 0.0021
3.1206 3.1091 3.1138 0.0021
3.1206 3.1091 3.1138 0.0021
3.1206 3.1091 3.1138 0.0021
3.1206 3.1091 3.1138 0.0021
3.1206 3.1091 3.1139 0.0021
3.1206 3.1091 3.1139 0.0021
3.1206 3.1091 3.1139 0.0021
3.1206 3.1091 3.1139 0.0021
3.1206 3.1091 3.1139 0.0021
3.1206 3.1091 3.1139 0.0021
3.1206 3.1091 3.1139 0.0021
3.1206 3.1091 3.1139 0.0021
3.1206 3.1091 3.1139 0.0021
3.1206 3.1091 3.1139 0.0020
3.1206 3.1091 3.1139 0.0020
3.1206 3.1091 3.1140 0.0020
3.1206 3.1091 3.1140 0.0020
3.1206 3.1091 3.1140 0.0020
3.1206 3.1091 3.1140 0.0020
3.1206 3.1091 3.1140 0.0020
3.1206 3.1091 3.1140 0.0020
3.1206 3.1091 3.1140 0.0020
3.1206 3.1091 3.1141 0.0021
3.1206 3.1091 3.1141 0.0021
3.1206 3.1091 3.1141 0.0021
3.1206 3.1091 3.1141 0.0021
3.1206 3.1091 3.1141 0.0021
3.1206 3.1091 3.1141 0.0021
3.1206 3.1091 3.1141 0.0021
3.1206 3.1091 3.1141 0.0021
3.1206 3.1091 3.1141 0.0021
3.1206 3.1091 3.1141 0.0021
3.1206 3.1091 3.1141 0.0021
3.1206 3.1091 3.1141 0.0021
3.1206 3.1091 3.1141 0.0021
3.1206 3.1091 3.1142 0.0020
3.1206 3.1091 3.1142 0.0020
3.1206 3.1091 3.1142 0.0020
3.1206 3.1091 3.1142 0.0020
3.1206 3.1091 3.1142 0.0020
3.1206 3.1091 3.1142 0.0020
3.1206 3.1091 3.1142 0.0020
3.1206 3.1091 3.1142 0.0020
3.1206 3.1091 3.1142 0.0020
3.1206 3.1091 3.1142 0.0020
3.1206 3.1091 3.1142 0.0020
3.1206 3.1091 3.1142 0.0020
3.1206 3.1091 3.1142 0.0020
3.1206 3.1091 3.1142 0.0020
3.1206 3.1091 3.1142 0.0020
3.1206 3.1091 3.1142 0.0020
3.1206 3.1091 3.1142 0.0020
3.1206 3.1091 3.1142 0.0020
3.1206 3.1091 3.1142 0.0020
3.1206 3.1091 3.1142 0.0020
3.1206 3.1091 3.1142 0.0020
3.1206 3.1091 3.1142 0.0020
3.1206 3.1091 3.1142 0.0020
3.1206 3.1091 3.1142 0.0020
3.1206 3.1091 3.1142 0.0020
3.1206 3.1091 3.1142 0.0020
3.1206 3.1091 3.1142 0.0020
3.1206 3.1091 3.1143 0.0020
3.1214 3.1091 3.1144 0.0022
3.1214 3.1091 3.1144 0.0022
3.1214 3.1091 3.1144 0.0022
3.1214 3.1091 3.1144 0.0022
3.1214 3.1091 3.1144 0.0022
3.1214 3.1091 3.1144 0.0022
3.1214 3.1091 3.1144 0.0022
3.1214 3.1091 3.1144 0.0022
3.1214 3.1091 3.1144 0.0022
3.1214 3.1091 3.1144 0.0022
3.1214 3.1091 3.1144 0.0022
3.1214 3.1091 3.1144 0.0022
3.1214 3.1091 3.1144 0.0022
3.1214 3.1091 3.1144 0.0022
3.1214 3.1091 3.1144 0.0022
3.1214 3.1091 3.1144 0.0022
3.1214 3.1091 3.1144 0.0022
3.1214 3.1091 3.1144 0.0022
3.1214 3.1091 3.1144 0.0022
3.1214 3.1091 3.1144 0.0022
3.1214 3.1091 3.1144 0.0022
3.1214 3.1091 3.1144 0.0022
3.1214 3.1091 3.1144 0.0022
3.1214 3.1091 3.1144 0.0022
3.1214 3.1091 3.1144 0.0022
3.1214 3.1091 3.1144 0.0022
3.1214 3.1091 3.1144 0.0022
3.1214 3.1091 3.1144 0.0022
3.1214 3.1091 3.1144 0.0022
3.1214 3.1091 3.1145 0.0022
3.1214 3.1091 3.1145 0.0022
3.1214 3.1091 3.1145 0.0022
3.1214 3.1091 3.1145 0.0022
3.1214 3.1091 3.1145 0.0022
3.1214 3.1091 3.1145 0.0022
3.1214 3.1091 3.1145 0.0022
3.1214 3.1091 3.1145 0.0022
3.1214 3.1091 3.1145 0.0022
3.1214 3.1091 3.1145 0.0022
3.1214 3.1091 3.1145 0.0022
3.1214 3.1091 3.1145 0.0022
3.1214 3.1091 3.1145 0.0022
3.1214 3.1091 3.1145 0.0022
3.1214 3.1091 3.1145 0.0022
3.1214 3.1091 3.1145 0.0023
3.1214 3.1091 3.1146 0.0023
3.1214 3.1091 3.1146 0.0023
3.1214 3.1092 3.1146 0.0023
3.1214 3.1092 3.1146 0.0023
3.1214 3.1092 3.1146 0.0023
3.1214 3.1092 3.1146 0.0023
3.1214 3.1092 3.1146 0.0023
3.1214 3.1092 3.1146 0.0023
3.1214 3.1092 3.1146 0.0023
3.1214 3.1092 3.1146 0.0023
3.1214 3.1092 3.1146 0.0023
3.1214 3.1092 3.1147 0.0023
3.1214 3.1092 3.1147 0.0023
3.1214 3.1092 3.1147 0.0022
3.1214 3.1092 3.1147 0.0022
3.1214 3.1092 3.1147 0.0022
3.1214 3.1092 3.1147 0.0022
3.1214 3.1092 3.1147 0.0022
3.1214 3.1092 3.1147 0.0022
3.1214 3.1092 3.1147 0.0022
3.1214 3.1092 3.1147 0.0022
3.1214 3.1092 3.1148 0.0023
3.1214 3.1092 3.1148 0.0024
3.1214 3.1092 3.1149 0.0024
3.1214 3.1092 3.1149 0.0024
3.1214 3.1092 3.1149 0.0024
3.1214 3.1092 3.1149 0.0025
3.1214 3.1092 3.1150 0.0025
3.1214 3.1092 3.1150 0.0025
3.1214 3.1092 3.1150 0.0025
3.1214 3.1092 3.1150 0.0025
3.1214 3.1092 3.1150 0.0025
3.1214 3.1092 3.1150 0.0025
3.1214 3.1092 3.1150 0.0025
3.1214 3.1092 3.1150 0.0025
3.1214 3.1092 3.1150 0.0026
3.1214 3.1092 3.1150 0.0026
3.1214 3.1092 3.1150 0.0026
3.1214 3.1092 3.1150 0.0026
3.1214 3.1092 3.1150 0.0026
3.1214 3.1092 3.1150 0.0026
3.1214 3.1092 3.1151 0.0026
3.1214 3.1092 3.1151 0.0026
3.1214 3.1092 3.1151 0.0026
3.1214 3.1092 3.1151 0.0026
3.1214 3.1092 3.1151 0.0026
3.1214 3.1092 3.1152 0.0027
3.1214 3.1092 3.1152 0.0027
3.1214 3.1092 3.1152 0.0028
3.1214 3.1092 3.1152 0.0028
3.1214 3.1092 3.1152 0.0028
3.1214 3.1092 3.1152 0.0028
3.1214 3.1092 3.1152 0.0028
3.1214 3.1092 3.1152 0.0028
3.1214 3.1092 3.1152 0.0028
3.1214 3.1092 3.1152 0.0028
3.1214 3.1092 3.1152 0.0028
3.1214 3.1092 3.1152 0.0028
3.1214 3.1092 3.1152 0.0028
3.1214 3.1092 3.1152 0.0028
3.1214 3.1092 3.1152 0.0028
3.1214 3.1092 3.1152 0.0028
3.1214 3.1092 3.1152 0.0028
3.1214 3.1092 3.1152 0.0028
3.1214 3.1092 3.1153 0.0028
3.1214 3.1092 3.1153 0.0028
3.1214 3.1092 3.1153 0.0028
3.1214 3.1092 3.1153 0.0028
3.1214 3.1092 3.1153 0.0028
3.1214 3.1092 3.1153 0.0028
3.1214 3.1092 3.1153 0.0028
3.1214 3.1092 3.1153 0.0028
3.1214 3.1092 3.1153 0.0027
3.1214 3.1092 3.1154 0.0028
3.1214 3.1092 3.1154 0.0028
3.1214 3.1092 3.1154 0.0028
3.1214 3.1092 3.1154 0.0028
3.1214 3.1092 3.1154 0.0028
3.1214 3.1092 3.1154 0.0028
3.1214 3.1092 3.1154 0.0028
3.1214 3.1092 3.1154 0.0028
3.1214 3.1092 3.1154 0.0028
3.1214 3.1092 3.1154 0.0028
3.1214 3.1092 3.1154 0.0028
3.1214 3.1092 3.1154 0.0028
3.1214 3.1092 3.1155 0.0027
3.1214 3.1092 3.1155 0.0027
3.1214 3.1092 3.1155 0.0027
3.1214 3.1092 3.1155 0.0027
3.1214 3.1092 3.1155 0.0027
3.1214 3.1092 3.1155 0.0027
3.1214 3.1092 3.1155 0.0027
3.1214 3.1092 3.1155 0.0027
3.1214 3.1092 3.1155 0.0027
3.1214 3.1092 3.1155 0.0027
3.1214 3.1092 3.1155 0.0027
3.1214 3.1092 3.1155 0.0027
3.1214 3.1092 3.1155 0.0027
3.1214 3.1092 3.1155 0.0027
3.1214 3.1092 3.1156 0.0028
3.1214 3.1092 3.1157 0.0028
3.1214 3.1092 3.1157 0.0028
3.1214 3.1092 3.1157 0.0028
3.1214 3.1092 3.1157 0.0028
3.1214 3.1092 3.1157 0.0028
3.1214 3.1092 3.1157 0.0028
3.1214 3.1092 3.1157 0.0028
3.1214 3.1092 3.1157 0.0028
3.1214 3.1092 3.1157 0.0029
3.1214 3.1092 3.1157 0.0029
3.1214 3.1092 3.1157 0.0029
3.1214 3.1092 3.1157 0.0029
3.1214 3.1092 3.1157 0.0029
3.1214 3.1092 3.1157 0.0029
3.1214 3.1092 3.1157 0.0029
3.1214 3.1092 3.1157 0.0029
3.1214 3.1092 3.1157 0.0029
3.1214 3.1092 3.1157 0.0029
3.1214 3.1092 3.1157 0.0029
3.1214 3.1092 3.1157 0.0029
3.1214 3.1092 3.1157 0.0029
3.1214 3.1092 3.1157 0.0029
3.1214 3.1092 3.1157 0.0029
3.1214 3.1092 3.1157 0.0029
3.1214 3.1092 3.1157 0.0029
3.1214 3.1092 3.1157 0.0029
3.1214 3.1092 3.1158 0.0029
3.1214 3.1092 3.1158 0.0029
3.1214 3.1092 3.1158 0.0029
3.1214 3.1092 3.1158 0.0029
3.1214 3.1092 3.1158 0.0029
3.1214 3.1092 3.1158 0.0029
3.1214 3.1092 3.1158 0.0029
3.1214 3.1092 3.1158 0.0029
3.1214 3.1092 3.1158 0.0029
3.1214 3.1092 3.1158 0.0029
3.1214 3.1092 3.1158 0.0029
3.1214 3.1092 3.1158 0.0029
3.1214 3.1092 3.1158 0.0029
3.1214 3.1092 3.1159 0.0029
3.1214 3.1092 3.1159 0.0029
3.1214 3.1092 3.1159 0.0029
3.1214 3.1092 3.1159 0.0029
3.1214 3.1092 3.1159 0.0029
3.1214 3.1092 3.1159 0.0029
3.1214 3.1092 3.1159 0.0029
3.1214 3.1092 3.1159 0.0029
3.1214 3.1092 3.1159 0.0029
3.1214 3.1092 3.1159 0.0029
3.1214 3.1092 3.1159 0.0029
3.1214 3.1092 3.1159 0.0029
3.1214 3.1092 3.1160 0.0030
3.1214 3.1092 3.1160 0.0030
3.1214 3.1092 3.1160 0.0030
3.1214 3.1092 3.1160 0.0030
3.1214 3.1092 3.1160 0.0030
3.1214 3.1092 3.1160 0.0030
3.1214 3.1092 3.1161 0.0030
3.1214 3.1092 3.1161 0.0030
3.1214 3.1092 3.1161 0.0030
3.1214 3.1092 3.1161 0.0030
3.1214 3.1092 3.1161 0.0030
3.1214 3.1092 3.1161 0.0030
3.1214 3.1092 3.1162 0.0030
3.1214 3.1092 3.1162 0.0030
3.1214 3.1092 3.1163 0.0031
3.1214 3.1092 3.1163 0.0031
3.1214 3.1092 3.1163 0.0031
3.1214 3.1092 3.1163 0.0031
3.1214 3.1092 3.1163 0.0030
3.1214 3.1092 3.1163 0.0030
3.1214 3.1092 3.1163 0.0030
3.1214 3.1092 3.1163 0.0030
3.1214 3.1092 3.1163 0.0030
3.1214 3.1092 3.1163 0.0030
3.1214 3.1092 3.1163 0.0030
3.1214 3.1092 3.1163 0.0030
3.1214 3.1092 3.1163 0.0030
3.1214 3.1092 3.1163 0.0030
3.1214 3.1092 3.1163 0.0030
3.1214 3.1092 3.1163 0.0030
3.1214 3.1092 3.1163 0.0030
3.1214 3.1092 3.1163 0.0030
3.1214 3.1092 3.1163 0.0030
3.1214 3.1092 3.1164 0.0030
3.1214 3.1092 3.1164 0.0031
3.1214 3.1092 3.1164 0.0031
3.1214 3.1092 3.1164 0.0031
3.1214 3.1092 3.1164 0.0031
3.1214 3.1092 3.1164 0.0031
3.1214 3.1092 3.1164 0.0031
3.1214 3.1092 3.1164 0.0031
3.1214 3.1092 3.1164 0.0031
3.1214 3.1092 3.1164 0.0031
3.1214 3.1092 3.1164 0.0031
3.1214 3.1092 3.1165 0.0031
3.1214 3.1092 3.1165 0.0031
3.1214 3.1092 3.1165 0.0031
3.1214 3.1092 3.1165 0.0031
3.1214 3.1092 3.1165 0.0031
3.1214 3.1092 3.1165 0.0031
3.1214 3.1092 3.1166 0.0031
3.1214 3.1092 3.1167 0.0032
3.1214 3.1092 3.1167 0.0032
3.1214 3.1092 3.1167 0.0032
3.1214 3.1092 3.1167 0.0032
3.1214 3.1092 3.1167 0.0032
3.1214 3.1092 3.1167 0.0032
3.1214 3.1092 3.1167 0.0032
3.1214 3.1092 3.1167 0.0032
3.1214 3.1092 3.1167 0.0032
3.1214 3.1092 3.1167 0.0032
3.1214 3.1092 3.1168 0.0032
3.1214 3.1092 3.1168 0.0032
3.1214 3.1092 3.1168 0.0032
3.1214 3.1092 3.1168 0.0032
3.1214 3.1092 3.1168 0.0032
3.1214 3.1092 3.1168 0.0032
3.1214 3.1092 3.1168 0.0032
3.1214 3.1092 3.1168 0.0032
3.1214 3.1092 3.1168 0.0032
3.1214 3.1092 3.1168 0.0032
3.1214 3.1092 3.1168 0.0032
3.1214 3.1092 3.1168 0.0032
3.1214 3.1092 3.1168 0.0032
3.1214 3.1092 3.1169 0.0032
3.1214 3.1092 3.1169 0.0032
3.1214 3.1092 3.1170 0.0032
3.1214 3.1092 3.1170 0.0032
3.1214 3.1092 3.1170 0.0032
3.1214 3.1092 3.1170 0.0032
3.1214 3.1092 3.1170 0.0032
3.1214 3.1092 3.1170 0.0032
3.1214 3.1092 3.1170 0.0032
3.1214 3.1092 3.1170 0.0032
3.1214 3.1092 3.1170 0.0032
3.1214 3.1092 3.1170 0.0032
3.1214 3.1092 3.1170 0.0032
3.1214 3.1092 3.1170 0.0032
3.1214 3.1092 3.1170 0.0032
3.1214 3.1092 3.1170 0.0032
3.1214 3.1092 3.1171 0.0032
3.1214 3.1092 3.1171 0.0033
3.1214 3.1092 3.1171 0.0033
3.1214 3.1092 3.1171 0.0033
3.1214 3.1092 3.1172 0.0033
3.1214 3.1092 3.1172 0.0033
3.1214 3.1092 3.1172 0.0033
3.1214 3.1092 3.1172 0.0033
3.1214 3.1092 3.1172 0.0033
3.1214 3.1092 3.1172 0.0033
3.1214 3.1092 3.1172 0.0033
3.1214 3.1092 3.1172 0.0033
3.1214 3.1092 3.1172 0.0033
3.1214 3.1092 3.1173 0.0033
3.1214 3.1092 3.1173 0.0033
3.1214 3.1092 3.1173 0.0033
3.1214 3.1092 3.1173 0.0033
3.1214 3.1092 3.1173 0.0033
3.1214 3.1092 3.1173 0.0033
3.1214 3.1092 3.1174 0.0033
3.1214 3.1092 3.1174 0.0033
3.1214 3.1092 3.1174 0.0033
3.1214 3.1092 3.1174 0.0033
3.1214 3.1092 3.1174 0.0033
3.1214 3.1092 3.1174 0.0033
3.1214 3.1092 3.1174 0.0033
3.1214 3.1092 3.1174 0.0033
3.1214 3.1092 3.1174 0.0033
3.1214 3.1092 3.1174 0.0033
3.1214 3.1092 3.1174 0.0033
3.1214 3.1092 3.1174 0.0033
3.1214 3.1092 3.1174 0.0033
3.1214 3.1092 3.1174 0.0033
3.1214 3.1092 3.1174 0.0033
3.1214 3.1092 3.1174 0.0033
3.1214 3.1092 3.1174 0.0033
3.1214 3.1092 3.1175 0.0033
3.1214 3.1092 3.1175 0.0033
3.1214 3.1092 3.1175 0.0033
3.1214 3.1092 3.1176 0.0033
3.1214 3.1092 3.1176 0.0033
3.1214 3.1092 3.1176 0.0033
3.1214 3.1092 3.1176 0.0033
3.1214 3.1092 3.1176 0.0033
3.1232 3.1092 3.1177 0.0033
3.1232 3.1092 3.1177 0.0033
3.1232 3.1092 3.1178 0.0033
3.1232 3.1092 3.1178 0.0033
3.1232 3.1092 3.1178 0.0033
3.1232 3.1092 3.1178 0.0033
3.1232 3.1092 3.1178 0.0033
3.1232 3.1092 3.1178 0.0033
3.1232 3.1092 3.1178 0.0033
3.1232 3.1092 3.1178 0.0033
3.1232 3.1092 3.1178 0.0033
3.1232 3.1092 3.1178 0.0033
3.1232 3.1092 3.1179 0.0033
3.1232 3.1092 3.1179 0.0033
3.1232 3.1092 3.1179 0.0033
3.1232 3.1092 3.1179 0.0033
3.1232 3.1092 3.1179 0.0033
3.1237 3.1092 3.1180 0.0033
3.1237 3.1092 3.1180 0.0033
3.1237 3.1092 3.1180 0.0033
3.1237 3.1092 3.1180 0.0033
3.1237 3.1092 3.1180 0.0033
3.1237 3.1092 3.1180 0.0033
3.1237 3.1092 3.1180 0.0033
3.1237 3.1092 3.1180 0.0033
3.1237 3.1092 3.1181 0.0033
3.1237 3.1092 3.1181 0.0033
3.1237 3.1092 3.1181 0.0033
3.1237 3.1092 3.1181 0.0033
3.1237 3.1092 3.1181 0.0033
3.1237 3.1092 3.1181 0.0033
3.1237 3.1092 3.1181 0.0033
3.1237 3.1092 3.1181 0.0033
3.1237 3.1092 3.1181 0.0033
3.1237 3.1092 3.1181 0.0033
3.1237 3.1092 3.1181 0.0033
3.1237 3.1092 3.1181 0.0033
3.1237 3.1092 3.1181 0.0033
3.1237 3.1092 3.1181 0.0033
3.1237 3.1092 3.1182 0.0033
3.1237 3.1092 3.1182 0.0033
3.1237 3.1092 3.1182 0.0033
3.1237 3.1092 3.1182 0.0033
3.1237 3.1092 3.1182 0.0033
3.1237 3.1092 3.1182 0.0033
3.1237 3.1115 3.1183 0.0032
3.1237 3.1115 3.1183 0.0032
3.1237 3.1115 3.1183 0.0032
3.1237 3.1115 3.1183 0.0032
3.1237 3.1115 3.1184 0.0031
3.1237 3.1115 3.1184 0.0031
3.1237 3.1115 3.1184 0.0031
3.1237 3.1115 3.1184 0.0032
3.1237 3.1115 3.1185 0.0031
3.1237 3.1115 3.1185 0.0031
3.1237 3.1115 3.1185 0.0031
3.1237 3.1115 3.1185 0.0031
3.1237 3.1115 3.1185 0.0031
3.1237 3.1115 3.1186 0.0031
3.1237 3.1115 3.1186 0.0031
3.1237 3.1115 3.1186 0.0031
3.1237 3.1115 3.1186 0.0031
3.1237 3.1115 3.1186 0.0031
3.1237 3.1115 3.1187 0.0031
3.1237 3.1115 3.1187 0.0031
3.1237 3.1115 3.1187 0.0031
3.1237 3.1115 3.1187 0.0031
3.1237 3.1115 3.1187 0.0031
3.1237 3.1115 3.1187 0.0031
3.1237 3.1115 3.1187 0.0031
3.1237 3.1115 3.1187 0.0031
3.1237 3.1115 3.1187 0.0031
3.1237 3.1115 3.1187 0.0031
3.1237 3.1115 3.1187 0.0031
3.1237 3.1115 3.1187 0.0031
3.1237 3.1115 3.1188 0.0031
3.1237 3.1115 3.1188 0.0031
3.1237 3.1115 3.1188 0.0031
3.1237 3.1115 3.1188 0.0031
3.1237 3.1115 3.1188 0.0031
3.1237 3.1115 3.1188 0.0031
3.1237 3.1115 3.1188 0.0031
3.1237 3.1115 3.1188 0.0031
3.1237 3.1115 3.1188 0.0031
3.1237 3.1115 3.1188 0.0031
3.1237 3.1115 3.1188 0.0031
3.1237 3.1115 3.1188 0.0031
3.1237 3.1115 3.1188 0.0031
3.1237 3.1115 3.1189 0.0030
3.1237 3.1115 3.1189 0.0030
3.1237 3.1115 3.1189 0.0030
3.1237 3.1115 3.1189 0.0030
3.1237 3.1126 3.1190 0.0029
3.1237 3.1126 3.1190 0.0029
3.1237 3.1126 3.1190 0.0029
3.1237 3.1126 3.1190 0.0029
3.1237 3.1126 3.1190 0.0030
3.1237 3.1126 3.1190 0.0030
3.1237 3.1126 3.1190 0.0030
3.1237 3.1126 3.1191 0.0029
3.1237 3.1126 3.1192 0.0029
3.1237 3.1126 3.1192 0.0029
3.1237 3.1126 3.1192 0.0029
3.1237 3.1126 3.1192 0.0029
3.1237 3.1126 3.1192 0.0029
3.1237 3.1126 3.1192 0.0029
3.1237 3.1126 3.1192 0.0029
3.1237 3.1126 3.1192 0.0029
3.1237 3.1126 3.1192 0.0029
3.1237 3.1126 3.1193 0.0029
3.1237 3.1126 3.1193 0.0029
3.1237 3.1126 3.1193 0.0029
3.1237 3.1126 3.1193 0.0029
3.1237 3.1126 3.1193 0.0029
3.1237 3.1126 3.1193 0.0029
3.1237 3.1126 3.1193 0.0029
3.1237 3.1126 3.1193 0.0029
3.1237 3.1126 3.1193 0.0029
3.1237 3.1126 3.1193 0.0029
3.1237 3.1126 3.1193 0.0029
3.1237 3.1126 3.1193 0.0029
3.1237 3.1126 3.1193 0.0029
3.1237 3.1126 3.1193 0.0029
3.1237 3.1126 3.1193 0.0029
3.1237 3.1126 3.1193 0.0029
3.1237 3.1126 3.1193 0.0029
3.1237 3.1126 3.1194 0.0028
3.1237 3.1126 3.1194 0.0028
3.1237 3.1126 3.1194 0.0028
3.1237 3.1126 3.1194 0.0028
3.1237 3.1126 3.1194 0.0028
3.1237 3.1126 3.1194 0.0028
3.1237 3.1126 3.1194 0.0028
3.1237 3.1126 3.1194 0.0028
3.1237 3.1126 3.1194 0.0028
3.1237 3.1126 3.1194 0.0028
3.1237 3.1126 3.1194 0.0028
3.1237 3.1126 3.1194 0.0028
3.1237 3.1126 3.1195 0.0028
3.1237 3.1126 3.1195 0.0028
3.1237 3.1126 3.1195 0.0028
3.1237 3.1126 3.1195 0.0028
3.1237 3.1126 3.1195 0.0028
3.1237 3.1126 3.1195 0.0028
3.1237 3.1126 3.1195 0.0028
3.1237 3.1126 3.1195 0.0028
3.1237 3.1126 3.1195 0.0028
3.1237 3.1126 3.1195 0.0028
3.1237 3.1126 3.1195 0.0028
3.1237 3.1126 3.1195 0.0028
3.1237 3.1126 3.1196 0.0028
3.1237 3.1126 3.1196 0.0028
3.1237 3.1126 3.1196 0.0028
3.1237 3.1126 3.1197 0.0028
3.1237 3.1126 3.1197 0.0028
3.1237 3.1126 3.1197 0.0028
3.1237 3.1126 3.1197 0.0028
3.1237 3.1126 3.1197 0.0028
3.1237 3.1126 3.1198 0.0028
3.1237 3.1126 3.1198 0.0028
3.1237 3.1126 3.1198 0.0028
3.1237 3.1126 3.1198 0.0028
3.1237 3.1126 3.1199 0.0027
3.1237 3.1126 3.1199 0.0027
3.1237 3.1126 3.1199 0.0027
3.1237 3.1126 3.1199 0.0027
3.1237 3.1126 3.1199 0.0027
3.1237 3.1126 3.1199 0.0027
3.1237 3.1126 3.1199 0.0027
3.1237 3.1126 3.1199 0.0027
3.1237 3.1126 3.1199 0.0027
3.1237 3.1126 3.1199 0.0027
3.1237 3.1126 3.1200 0.0027
3.1237 3.1126 3.1200 0.0027
3.1237 3.1126 3.1200 0.0027
3.1237 3.1126 3.1200 0.0027
3.1237 3.1126 3.1200 0.0027
3.1237 3.1141 3.1200 0.0027
3.1237 3.1141 3.1200 0.0027
3.1237 3.1141 3.1200 0.0027
3.1237 3.1141 3.1200 0.0027
3.1237 3.1141 3.1200 0.0027
3.1237 3.1141 3.1200 0.0027
3.1237 3.1141 3.1200 0.0027
3.1237 3.1141 3.1200 0.0027
3.1237 3.1141 3.1201 0.0027
3.1237 3.1141 3.1201 0.0027
3.1237 3.1141 3.1201 0.0027
3.1237 3.1141 3.1201 0.0027
3.1237 3.1141 3.1201 0.0027
3.1237 3.1141 3.1201 0.0027
3.1237 3.1141 3.1201 0.0027
3.1237 3.1141 3.1201 0.0027
3.1237 3.1141 3.1201 0.0027
3.1237 3.1141 3.1201 0.0027
3.1237 3.1141 3.1201 0.0027
3.1237 3.1141 3.1201 0.0027
3.1237 3.1141 3.1201 0.0027
3.1237 3.1141 3.1201 0.0027
3.1237 3.1141 3.1201 0.0027
3.1237 3.1141 3.1201 0.0027
3.1237 3.1141 3.1201 0.0027
3.1237 3.1141 3.1201 0.0027
3.1237 3.1141 3.1201 0.0027
3.1237 3.1141 3.1201 0.0027
3.1237 3.1141 3.1201 0.0027
3.1237 3.1141 3.1202 0.0026
3.1237 3.1141 3.1202 0.0026
3.1237 3.1141 3.1202 0.0026
3.1237 3.1141 3.1203 0.0026
3.1237 3.1141 3.1203 0.0025
3.1237 3.1141 3.1203 0.0025
3.1237 3.1141 3.1203 0.0025
3.1237 3.1141 3.1203 0.0025
3.1237 3.1141 3.1203 0.0025
3.1237 3.1141 3.1203 0.0025
3.1237 3.1141 3.1203 0.0025
3.1237 3.1141 3.1204 0.0025
3.1237 3.1141 3.1204 0.0025
3.1237 3.1141 3.1204 0.0025
3.1237 3.1141 3.1204 0.0025
3.1237 3.1141 3.1204 0.0025
3.1237 3.1141 3.1204 0.0025
3.1237 3.1141 3.1204 0.0025
3.1237 3.1141 3.1204 0.0025
3.1237 3.1141 3.1204 0.0025
3.1237 3.1141 3.1205 0.0024
3.1237 3.1141 3.1205 0.0024
3.1237 3.1141 3.1205 0.0024
3.1237 3.1141 3.1205 0.0024
3.1237 3.1141 3.1205 0.0024
3.1237 3.1141 3.1205 0.0024
3.1237 3.1141 3.1205 0.0024
3.1237 3.1141 3.1205 0.0024
3.1237 3.1141 3.1205 0.0024
3.1237 3.1141 3.1205 0.0024
3.1237 3.1141 3.1205 0.0024
3.1237 3.1141 3.1205 0.0024
3.1237 3.1141 3.1205 0.0024
3.1237 3.1141 3.1205 0.0024
3.1237 3.1141 3.1205 0.0024
3.1237 3.1141 3.1205 0.0024
3.1237 3.1141 3.1206 0.0023
3.1237 3.1141 3.1206 0.0023
3.1237 3.1141 3.1206 0.0023
3.1237 3.1141 3.1206 0.0023
3.1237 3.1141 3.1206 0.0023
3.1237 3.1141 3.1206 0.0023
3.1237 3.1141 3.1206 0.0023
3.1237 3.1141 3.1206 0.0023
3.1237 3.1141 3.1206 0.0023
3.1237 3.1141 3.1206 0.0023
3.1237 3.1141 3.1206 0.0023
3.1237 3.1141 3.1206 0.0023
3.1237 3.1141 3.1206 0.0023
3.1237 3.1141 3.1206 0.0023
3.1237 3.1141 3.1206 0.0023
3.1237 3.1141 3.1207 0.0023
3.1237 3.1141 3.1207 0.0023
3.1237 3.1141 3.1207 0.0023
3.1237 3.1141 3.1207 0.0023
3.1237 3.1141 3.1207 0.0023
3.1237 3.1141 3.1207 0.0023
3.1237 3.1141 3.1207 0.0023
3.1237 3.1141 3.1207 0.0023
3.1237 3.1141 3.1207 0.0023
3.1237 3.1141 3.1207 0.0023
3.1237 3.1141 3.1207 0.0023
3.1237 3.1141 3.1207 0.0023
3.1237 3.1141 3.1207 0.0023
3.1237 3.1141 3.1207 0.0023
3.1237 3.1141 3.1207 0.0023
3.1237 3.1141 3.1207 0.0023
3.1237 3.1141 3.1207 0.0023
3.1237 3.1141 3.1207 0.0023
3.1237 3.1141 3.1207 0.0023
3.1237 3.1141 3.1207 0.0023
3.1237 3.1141 3.1207 0.0023
3.1237 3.1141 3.1207 0.0023
3.1237 3.1141 3.1207 0.0023
3.1237 3.1141 3.1207 0.0023
3.1237 3.1141 3.1207 0.0023
3.1237 3.1141 3.1207 0.0023
3.1237 3.1141 3.1208 0.0022
3.1237 3.1141 3.1208 0.0022
3.1237 3.1141 3.1208 0.0021
3.1237 3.1141 3.1208 0.0021
3.1237 3.1141 3.1208 0.0021
3.1237 3.1141 3.1208 0.0021
3.1237 3.1141 3.1208 0.0021
3.1237 3.1141 3.1208 0.0021
3.1237 3.1141 3.1208 0.0021
3.1237 3.1141 3.1208 0.0021
3.1237 3.1141 3.1208 0.0021
3.1237 3.1141 3.1209 0.0021
3.1237 3.1141 3.1209 0.0021
3.1237 3.1141 3.1209 0.0021
3.1237 3.1141 3.1209 0.0021
3.1237 3.1141 3.1209 0.0021
3.1237 3.1141 3.1209 0.0021
3.1237 3.1141 3.1209 0.0021
3.1237 3.1141 3.1209 0.0021
3.1237 3.1141 3.1209 0.0021
3.1237 3.1141 3.1209 0.0021
3.1237 3.1141 3.1209 0.0021
3.1237 3.1141 3.1209 0.0021
3.1237 3.1141 3.1209 0.0021
3.1237 3.1141 3.1209 0.0021
3.1237 3.1141 3.1209 0.0021
3.1237 3.1141 3.1209 0.0021
3.1237 3.1141 3.1209 0.0021
3.1237 3.1141 3.1209 0.0021
3.1237 3.1141 3.1210 0.0021
3.1237 3.1141 3.1210 0.0021
3.1237 3.1141 3.1210 0.0021
3.1237 3.1141 3.1210 0.0021
3.1237 3.1141 3.1210 0.0021
3.1237 3.1141 3.1210 0.0021
3.1237 3.1141 3.1210 0.0021
3.1237 3.1141 3.1210 0.0022
3.1237 3.1141 3.1211 0.0020
3.1237 3.1141 3.1211 0.0020
3.1237 3.1141 3.1211 0.0020
3.1237 3.1141 3.1211 0.0021
3.1237 3.1141 3.1211 0.0021
3.1237 3.1141 3.1212 0.0021
3.1237 3.1141 3.1212 0.0020
3.1237 3.1141 3.1212 0.0020
3.1237 3.1141 3.1212 0.0020
3.1237 3.1141 3.1212 0.0020
3.1237 3.1141 3.1212 0.0020
3.1237 3.1141 3.1212 0.0020
3.1237 3.1141 3.1213 0.0020
3.1237 3.1141 3.1213 0.0020
3.1237 3.1141 3.1213 0.0020
3.1237 3.1141 3.1213 0.0020
3.1237 3.1141 3.1213 0.0020
3.1237 3.1141 3.1213 0.0020
3.1237 3.1141 3.1213 0.0020
3.1237 3.1141 3.1213 0.0020
3.1237 3.1141 3.1213 0.0020
3.1237 3.1141 3.1213 0.0020
3.1237 3.1141 3.1213 0.0020
3.1237 3.1141 3.1213 0.0020
3.1237 3.1141 3.1213 0.0020
3.1237 3.1141 3.1213 0.0020
3.1237 3.1141 3.1213 0.0020
3.1237 3.1141 3.1213 0.0020
3.1237 3.1141 3.1213 0.0020
3.1237 3.1141 3.1213 0.0020
3.1237 3.1141 3.1213 0.0020
3.1237 3.1141 3.1214 0.0019
3.1237 3.1141 3.1214 0.0019
3.1237 3.1141 3.1214 0.0019
3.1237 3.1141 3.1214 0.0019
3.1237 3.1141 3.1214 0.0019
3.1237 3.1141 3.1214 0.0019
3.1237 3.1141 3.1214 0.0019
3.1237 3.1141 3.1214 0.0019
3.1237 3.1141 3.1214 0.0019
3.1237 3.1141 3.1215 0.0019
3.1237 3.1141 3.1215 0.0019
3.1237 3.1141 3.1215 0.0019
3.1237 3.1141 3.1215 0.0019
3.1237 3.1141 3.1215 0.0019
3.1237 3.1141 3.1215 0.0019
3.1237 3.1141 3.1215 0.0019
3.1237 3.1141 3.1215 0.0019
3.1237 3.1141 3.1215 0.0019
3.1237 3.1141 3.1215 0.0019
3.1237 3.1141 3.1215 0.0019
3.1237 3.1141 3.1215 0.0019
3.1237 3.1141 3.1215 0.0019
3.1237 3.1141 3.1215 0.0019
3.1237 3.1141 3.1215 0.0019
3.1237 3.1141 3.1215 0.0019
3.1237 3.1141 3.1215 0.0019
3.1237 3.1141 3.1215 0.0019
3.1237 3.1141 3.1215 0.0019
3.1237 3.1141 3.1215 0.0019
3.1237 3.1141 3.1215 0.0019
3.1237 3.1141 3.1215 0.0019
3.1237 3.1141 3.1215 0.0019
3.1237 3.1141 3.1215 0.0019
3.1237 3.1141 3.1216 0.0019
3.1237 3.1141 3.1216 0.0019
3.1237 3.1141 3.1216 0.0018
3.1237 3.1141 3.1216 0.0018
3.1237 3.1141 3.1216 0.0018
3.1237 3.1141 3.1216 0.0018
3.1237 3.1141 3.1217 0.0018
3.1237 3.1141 3.1217 0.0018
3.1237 3.1141 3.1217 0.0018
3.1237 3.1141 3.1218 0.0017
3.1237 3.1141 3.1218 0.0017
3.1237 3.1141 3.1218 0.0017
3.1237 3.1141 3.1218 0.0017
3.1237 3.1141 3.1218 0.0017
3.1237 3.1141 3.1218 0.0017
3.1237 3.1141 3.1218 0.0017
3.1237 3.1141 3.1218 0.0017
3.1237 3.1141 3.1218 0.0017
3.1256 3.1141 3.1218 0.0017
3.1256 3.1141 3.1218 0.0017
3.1256 3.1141 3.1218 0.0017
3.1256 3.1141 3.1218 0.0017
3.1256 3.1141 3.1218 0.0017
3.1256 3.1141 3.1218 0.0017
3.1256 3.1141 3.1218 0.0017
3.1256 3.1141 3.1218 0.0017
3.1256 3.1141 3.1219 0.0017
3.1256 3.1141 3.1219 0.0017
3.1256 3.1141 3.1219 0.0017
3.1256 3.1141 3.1219 0.0017
3.1256 3.1141 3.1219 0.0017
3.1256 3.1141 3.1219 0.0017
3.1256 3.1141 3.1219 0.0017
3.1256 3.1141 3.1219 0.0017
3.1256 3.1141 3.1219 0.0017
3.1256 3.1141 3.1219 0.0017
3.1256 3.1141 3.1219 0.0017
3.1256 3.1141 3.1219 0.0017
3.1256 3.1141 3.1219 0.0017
3.1256 3.1141 3.1219 0.0017
3.1256 3.1141 3.1219 0.0017
3.1256 3.1141 3.1219 0.0017
3.1256 3.1141 3.1219 0.0017
3.1256 3.1141 3.1219 0.0017
3.1256 3.1141 3.1219 0.0017
3.1256 3.1141 3.1219 0.0017
3.1256 3.1141 3.1219 0.0017
3.1256 3.1141 3.1219 0.0017
3.1256 3.1141 3.1219 0.0017
3.1256 3.1141 3.1219 0.0017
3.1256 3.1141 3.1219 0.0017
3.1256 3.1141 3.1219 0.0017
3.1256 3.1141 3.1219 0.0017
3.1256 3.1154 3.1220 0.0015
3.1256 3.1154 3.1220 0.0015
3.1256 3.1154 3.1220 0.0015
3.1256 3.1154 3.1220 0.0015
3.1256 3.1154 3.1220 0.0015
3.1256 3.1154 3.1220 0.0015
3.1256 3.1154 3.1220 0.0015
3.1256 3.1154 3.1220 0.0015
3.1256 3.1154 3.1220 0.0015
3.1256 3.1154 3.1220 0.0015
3.1256 3.1154 3.1220 0.0015
3.1256 3.1154 3.1220 0.0015
3.1256 3.1154 3.1221 0.0014
3.1256 3.1154 3.1221 0.0014
3.1256 3.1154 3.1221 0.0014
3.1256 3.1154 3.1221 0.0014
3.1256 3.1154 3.1221 0.0014
3.1256 3.1154 3.1221 0.0014
3.1256 3.1154 3.1221 0.0014
3.1256 3.1154 3.1221 0.0014
3.1256 3.1154 3.1221 0.0014
3.1256 3.1154 3.1221 0.0014
3.1256 3.1154 3.1221 0.0014
3.1256 3.1154 3.1221 0.0014
3.1256 3.1154 3.1221 0.0014
3.1256 3.1154 3.1221 0.0014
3.1256 3.1154 3.1221 0.0014
3.1256 3.1154 3.1221 0.0014
3.1256 3.1154 3.1221 0.0014
3.1256 3.1154 3.1221 0.0014
3.1256 3.1154 3.1221 0.0014
3.1256 3.1154 3.1221 0.0014
3.1256 3.1154 3.1221 0.0014
3.1256 3.1154 3.1221 0.0014
3.1256 3.1154 3.1221 0.0014
3.1256 3.1154 3.1221 0.0014
3.1256 3.1154 3.1221 0.0014
3.1256 3.1154 3.1221 0.0014
3.1256 3.1154 3.1221 0.0014
3.1256 3.1154 3.1221 0.0014
3.1256 3.1154 3.1221 0.0014
3.1256 3.1154 3.1221 0.0014
3.1256 3.1154 3.1221 0.0014
3.1256 3.1154 3.1221 0.0014
3.1256 3.1154 3.1221 0.0014
3.1256 3.1154 3.1221 0.0014
3.1256 3.1154 3.1221 0.0014
3.1256 3.1154 3.1221 0.0014
3.1256 3.1154 3.1221 0.0014
3.1256 3.1154 3.1221 0.0014
3.1256 3.1154 3.1221 0.0014
3.1256 3.1154 3.1221 0.0014
3.1256 3.1154 3.1221 0.0014
3.1256 3.1154 3.1221 0.0014
3.1256 3.1154 3.1221 0.0014
3.1256 3.1154 3.1221 0.0014
3.1256 3.1154 3.1221 0.0014
3.1256 3.1154 3.1221 0.0014
3.1256 3.1154 3.1221 0.0014
3.1256 3.1154 3.1221 0.0014
3.1256 3.1154 3.1221 0.0014
3.1256 3.1154 3.1221 0.0014
3.1256 3.1154 3.1222 0.0014
3.1256 3.1154 3.1222 0.0014
3.1256 3.1154 3.1222 0.0014
3.1256 3.1154 3.1222 0.0014
3.1256 3.1154 3.1222 0.0014
3.1256 3.1154 3.1222 0.0014
3.1256 3.1154 3.1222 0.0014
3.1256 3.1154 3.1222 0.0014
3.1256 3.1154 3.1222 0.0014
3.1256 3.1154 3.1222 0.0014
3.1256 3.1154 3.1222 0.0014
3.1256 3.1154 3.1222 0.0014
3.1256 3.1154 3.1222 0.0014
3.1256 3.1154 3.1222 0.0014
3.1256 3.1154 3.1222 0.0014
3.1256 3.1154 3.1222 0.0014
3.1256 3.1154 3.1222 0.0014
3.1256 3.1154 3.1222 0.0014
3.1256 3.1154 3.1222 0.0014
3.1256 3.1154 3.1222 0.0014
3.1256 3.1154 3.1222 0.0014
3.1256 3.1154 3.1222 0.0014
3.1256 3.1154 3.1222 0.0014
3.1256 3.1154 3.1222 0.0014
3.1256 3.1154 3.1222 0.0014
3.1256 3.1154 3.1222 0.0013
3.1256 3.1154 3.1222 0.0013
3.1256 3.1154 3.1222 0.0013
3.1256 3.1154 3.1222 0.0013
3.1256 3.1154 3.1222 0.0013
3.1256 3.1154 3.1222 0.0013
3.1256 3.1154 3.1222 0.0013
3.1256 3.1154 3.1222 0.0013
3.1256 3.1154 3.1222 0.0013
3.1256 3.1154 3.1222 0.0013
3.1256 3.1154 3.1222 0.0013
3.1256 3.1154 3.1223 0.0013
3.1256 3.1154 3.1223 0.0013
3.1256 3.1154 3.1223 0.0013
3.1256 3.1154 3.1223 0.0013
3.1256 3.1154 3.1223 0.0013
3.1256 3.1154 3.1223 0.0013
3.1256 3.1154 3.1223 0.0013
3.1256 3.1154 3.1223 0.0013
3.1256 3.1154 3.1223 0.0013
3.1256 3.1154 3.1223 0.0013
3.1256 3.1154 3.1223 0.0013
3.1256 3.1154 3.1223 0.0013
3.1256 3.1154 3.1223 0.0013
3.1256 3.1154 3.1223 0.0013
3.1256 3.1154 3.1223 0.0013
3.1256 3.1154 3.1223 0.0013
3.1256 3.1154 3.1223 0.0013
3.1256 3.1154 3.1223 0.0013
3.1256 3.1154 3.1223 0.0013
3.1256 3.1154 3.1223 0.0013
3.1256 3.1154 3.1223 0.0013
3.1256 3.1154 3.1223 0.0013
3.1256 3.1154 3.1223 0.0013
3.1256 3.1154 3.1223 0.0013
3.1256 3.1154 3.1223 0.0013
3.1256 3.1154 3.1224 0.0013
3.1256 3.1154 3.1224 0.0013
3.1256 3.1154 3.1224 0.0013
3.1256 3.1154 3.1224 0.0013
3.1256 3.1154 3.1224 0.0013
3.1256 3.1154 3.1224 0.0013
3.1256 3.1154 3.1224 0.0013
3.1256 3.1154 3.1224 0.0013
3.1256 3.1154 3.1224 0.0013
3.1256 3.1154 3.1224 0.0013
3.1256 3.1154 3.1224 0.0013
3.1256 3.1154 3.1224 0.0013
3.1300 3.1154 3.1224 0.0015
3.1300 3.1154 3.1224 0.0015
3.1300 3.1154 3.1224 0.0015
3.1300 3.1154 3.1224 0.0015
3.1300 3.1154 3.1224 0.0015
3.1300 3.1154 3.1224 0.0015
3.1300 3.1154 3.1224 0.0015
3.1300 3.1154 3.1224 0.0015
3.1300 3.1154 3.1224 0.0015
3.1300 3.1154 3.1224 0.0015
3.1300 3.1154 3.1224 0.0015
3.1300 3.1154 3.1224 0.0015
3.1300 3.1154 3.1224 0.0015
3.1300 3.1154 3.1224 0.0015
3.1300 3.1154 3.1224 0.0015
3.1300 3.1154 3.1224 0.0015
3.1300 3.1154 3.1224 0.0015
3.1300 3.1154 3.1224 0.0015
3.1300 3.1154 3.1224 0.0015
3.1300 3.1154 3.1224 0.0015
3.1300 3.1154 3.1224 0.0015
3.1300 3.1154 3.1225 0.0015
3.1300 3.1154 3.1225 0.0015
3.1300 3.1154 3.1225 0.0015
3.1300 3.1154 3.1225 0.0015
3.1300 3.1154 3.1225 0.0015
3.1300 3.1154 3.1225 0.0015
3.1300 3.1154 3.1225 0.0015
3.1300 3.1154 3.1225 0.0015
3.1300 3.1154 3.1225 0.0015
3.1300 3.1154 3.1225 0.0015
3.1300 3.1154 3.1225 0.0015
3.1300 3.1154 3.1225 0.0015
3.1300 3.1154 3.1225 0.0015
3.1300 3.1154 3.1225 0.0015
3.1300 3.1154 3.1225 0.0015
3.1300 3.1154 3.1225 0.0015
3.1300 3.1154 3.1225 0.0015
3.1300 3.1154 3.1225 0.0015
3.1300 3.1154 3.1225 0.0015
3.1300 3.1154 3.1225 0.0015
3.1300 3.1154 3.1225 0.0015
3.1300 3.1154 3.1225 0.0015
3.1300 3.1154 3.1225 0.0015
3.1300 3.1154 3.1225 0.0015
3.1300 3.1154 3.1225 0.0015
3.1300 3.1154 3.1225 0.0015
3.1300 3.1154 3.1225 0.0015
3.1300 3.1154 3.1225 0.0015
3.1300 3.1154 3.1225 0.0015
3.1300 3.1154 3.1225 0.0015
3.1300 3.1154 3.1225 0.0016
3.1300 3.1154 3.1225 0.0016
3.1300 3.1154 3.1225 0.0016
3.1300 3.1154 3.1225 0.0016
3.1300 3.1154 3.1226 0.0016
3.1300 3.1154 3.1226 0.0016
3.1300 3.1154 3.1226 0.0016
3.1300 3.1154 3.1226 0.0016
3.1300 3.1154 3.1226 0.0016
3.1300 3.1154 3.1226 0.0016
3.1300 3.1154 3.1226 0.0016
3.1300 3.1154 3.1226 0.0016
3.1300 3.1154 3.1226 0.0016
3.1300 3.1154 3.1226 0.0016
3.1300 3.1154 3.1226 0.0016
3.1300 3.1154 3.1226 0.0016
3.1300 3.1154 3.1226 0.0016
3.1300 3.1154 3.1226 0.0016
3.1300 3.1154 3.1226 0.0016
3.1300 3.1154 3.1226 0.0016
3.1300 3.1154 3.1226 0.0016
3.1300 3.1154 3.1226 0.0016
3.1300 3.1154 3.1226 0.0016
3.1300 3.1154 3.1226 0.0016
3.1300 3.1154 3.1226 0.0016
3.1300 3.1154 3.1226 0.0016
3.1300 3.1154 3.1226 0.0016
3.1300 3.1154 3.1226 0.0016
3.1300 3.1154 3.1226 0.0016
3.1300 3.1154 3.1226 0.0016
3.1300 3.1154 3.1226 0.0016
3.1300 3.1154 3.1226 0.0016
3.1300 3.1154 3.1226 0.0016
3.1300 3.1154 3.1226 0.0016
3.1300 3.1154 3.1226 0.0016
3.1300 3.1154 3.1226 0.0016
3.1300 3.1154 3.1226 0.0015
3.1300 3.1154 3.1226 0.0015
3.1300 3.1154 3.1226 0.0015
3.1300 3.1154 3.1226 0.0016
3.1300 3.1154 3.1226 0.0016
3.1300 3.1154 3.1226 0.0016
3.1300 3.1154 3.1226 0.0016
3.1300 3.1154 3.1227 0.0015
3.1300 3.1154 3.1227 0.0015
3.1300 3.1154 3.1227 0.0016
3.1300 3.1154 3.1227 0.0016
3.1300 3.1154 3.1227 0.0016
3.1300 3.1154 3.1227 0.0016
3.1300 3.1154 3.1227 0.0016
3.1300 3.1154 3.1227 0.0016
3.1300 3.1154 3.1227 0.0015
3.1300 3.1154 3.1227 0.0015
3.1300 3.1154 3.1227 0.0015
3.1300 3.1154 3.1227 0.0015
3.1300 3.1154 3.1227 0.0015
3.1300 3.1154 3.1227 0.0015
3.1300 3.1154 3.1227 0.0015
3.1300 3.1154 3.1227 0.0015
3.1300 3.1154 3.1227 0.0015
3.1300 3.1154 3.1227 0.0015
3.1300 3.1154 3.1227 0.0015
3.1300 3.1154 3.1227 0.0015
3.1300 3.1154 3.1227 0.0015
3.1300 3.1154 3.1227 0.0015
3.1300 3.1154 3.1227 0.0015
3.1300 3.1154 3.1227 0.0015
3.1300 3.1154 3.1227 0.0015
3.1300 3.1154 3.1227 0.0015
3.1300 3.1154 3.1227 0.0015
3.1300 3.1154 3.1227 0.0015
3.1300 3.1154 3.1227 0.0015
3.1300 3.1154 3.1227 0.0015
3.1300 3.1192 3.1227 0.0014
3.1300 3.1192 3.1227 0.0014
3.1300 3.1192 3.1227 0.0014
3.1300 3.1192 3.1227 0.0014
3.1300 3.1192 3.1227 0.0014
3.1300 3.1192 3.1227 0.0014
3.1300 3.1192 3.1227 0.0014
3.1300 3.1192 3.1227 0.0014
3.1300 3.1192 3.1227 0.0014
3.1300 3.1192 3.1227 0.0014
3.1300 3.1192 3.1227 0.0014
3.1300 3.1192 3.1227 0.0014
3.1300 3.1192 3.1227 0.0014
3.1300 3.1192 3.1227 0.0014
3.1300 3.1192 3.1227 0.0014
3.1300 3.1192 3.1227 0.0014
3.1300 3.1192 3.1227 0.0014
3.1300 3.1192 3.1227 0.0014
3.1300 3.1192 3.1227 0.0014
3.1300 3.1192 3.1227 0.0014
3.1300 3.1192 3.1228 0.0014
3.1300 3.1192 3.1228 0.0014
3.1300 3.1192 3.1228 0.0014
3.1300 3.1192 3.1228 0.0014
3.1300 3.1192 3.1228 0.0014
3.1300 3.1192 3.1228 0.0014
3.1300 3.1192 3.1228 0.0014
3.1300 3.1192 3.1228 0.0014
3.1300 3.1192 3.1228 0.0014
3.1300 3.1192 3.1228 0.0014
3.1300 3.1192 3.1228 0.0014
3.1300 3.1192 3.1228 0.0014
3.1300 3.1192 3.1228 0.0014
3.1300 3.1192 3.1228 0.0013
3.1300 3.1192 3.1228 0.0013
3.1300 3.1192 3.1228 0.0013
3.1300 3.1192 3.1228 0.0013
3.1300 3.1192 3.1228 0.0013
3.1300 3.1192 3.1228 0.0013
3.1300 3.1192 3.1228 0.0013
3.1300 3.1192 3.1228 0.0013
3.1300 3.1192 3.1228 0.0013
3.1300 3.1192 3.1228 0.0013
3.1300 3.1192 3.1228 0.0013
3.1300 3.1192 3.1228 0.0013
3.1300 3.1192 3.1228 0.0013
3.1300 3.1192 3.1228 0.0013
3.1300 3.1192 3.1228 0.0013
3.1300 3.1192 3.1228 0.0013
3.1300 3.1192 3.1228 0.0013
3.1300 3.1192 3.1229 0.0013
3.1300 3.1192 3.1229 0.0013
3.1300 3.1192 3.1229 0.0013
3.1300 3.1192 3.1229 0.0013
3.1300 3.1192 3.1229 0.0013
3.1300 3.1192 3.1229 0.0014
3.1300 3.1192 3.1229 0.0014
3.1300 3.1192 3.1229 0.0014
3.1300 3.1192 3.1229 0.0014
3.1300 3.1192 3.1229 0.0014
3.1300 3.1192 3.1229 0.0014
3.1300 3.1192 3.1229 0.0014
3.1300 3.1192 3.1229 0.0014
3.1300 3.1192 3.1229 0.0014
3.1300 3.1192 3.1229 0.0014
3.1300 3.1192 3.1229 0.0014
3.1300 3.1192 3.1229 0.0014
3.1300 3.1192 3.1229 0.0014
3.1300 3.1192 3.1229 0.0014
3.1300 3.1192 3.1229 0.0014
3.1300 3.1192 3.1230 0.0014
3.1300 3.1192 3.1230 0.0014
3.1300 3.1192 3.1230 0.0014
3.1300 3.1192 3.1230 0.0014
3.1300 3.1192 3.1230 0.0014
3.1300 3.1192 3.1230 0.0014
3.1300 3.1192 3.1230 0.0014
3.1300 3.1192 3.1230 0.0014
3.1300 3.1192 3.1230 0.0014
3.1300 3.1192 3.1230 0.0014
3.1300 3.1192 3.1230 0.0014
3.1300 3.1192 3.1230 0.0014
3.1300 3.1192 3.1230 0.0014
3.1300 3.1192 3.1230 0.0014
3.1300 3.1192 3.1230 0.0014
3.1300 3.1192 3.1230 0.0014
3.1300 3.1192 3.1230 0.0014
3.1300 3.1192 3.1230 0.0014
3.1300 3.1192 3.1230 0.0014
3.1300 3.1206 3.1230 0.0013
3.1300 3.1206 3.1230 0.0013
3.1300 3.1206 3.1230 0.0013
3.1300 3.1206 3.1230 0.0013
3.1300 3.1206 3.1230 0.0013
3.1300 3.1206 3.1230 0.0013
3.1300 3.1206 3.1230 0.0013
3.1300 3.1206 3.1230 0.0013
3.1300 3.1206 3.1231 0.0013
3.1300 3.1206 3.1231 0.0013
3.1300 3.1206 3.1231 0.0013
3.1300 3.1206 3.1231 0.0013
3.1300 3.1206 3.1231 0.0013
3.1300 3.1206 3.1231 0.0013
3.1300 3.1206 3.1231 0.0013
3.1300 3.1206 3.1231 0.0013
3.1300 3.1206 3.1231 0.0013
3.1300 3.1206 3.1231 0.0013
3.1300 3.1206 3.1231 0.0013
3.1300 3.1206 3.1231 0.0013
3.1300 3.1206 3.1231 0.0013
3.1300 3.1206 3.1231 0.0013
3.1300 3.1206 3.1231 0.0013
3.1300 3.1206 3.1231 0.0013
3.1300 3.1206 3.1231 0.0013
3.1300 3.1206 3.1231 0.0013
3.1300 3.1206 3.1231 0.0013
3.1300 3.1206 3.1231 0.0013
3.1300 3.1206 3.1231 0.0013
3.1300 3.1206 3.1231 0.0013
3.1300 3.1206 3.1231 0.0013
3.1300 3.1206 3.1231 0.0013
3.1300 3.1206 3.1231 0.0013
3.1300 3.1206 3.1231 0.0013
3.1300 3.1206 3.1231 0.0013
3.1300 3.1206 3.1231 0.0013
3.1300 3.1206 3.1231 0.0013
3.1300 3.1206 3.1231 0.0013
3.1300 3.1206 3.1231 0.0013
3.1300 3.1206 3.1231 0.0013
3.1300 3.1206 3.1231 0.0013
3.1300 3.1206 3.1231 0.0013
3.1300 3.1206 3.1231 0.0013
3.1300 3.1206 3.1231 0.0013
3.1300 3.1206 3.1231 0.0013
3.1300 3.1206 3.1231 0.0013
3.1300 3.1206 3.1231 0.0013
3.1300 3.1206 3.1231 0.0013
3.1300 3.1206 3.1231 0.0013
3.1300 3.1206 3.1231 0.0013
3.1300 3.1206 3.1231 0.0013
3.1300 3.1206 3.1231 0.0013
3.1300 3.1206 3.1231 0.0013
3.1300 3.1206 3.1231 0.0013
3.1300 3.1206 3.1231 0.0013
3.1300 3.1206 3.1231 0.0013
3.1300 3.1206 3.1231 0.0013
3.1300 3.1206 3.1231 0.0013
3.1300 3.1206 3.1232 0.0013
3.1300 3.1206 3.1232 0.0013
3.1300 3.1206 3.1232 0.0013
3.1300 3.1206 3.1232 0.0013
3.1300 3.1206 3.1232 0.0013
3.1300 3.1206 3.1232 0.0013
3.1300 3.1206 3.1232 0.0013
3.1300 3.1206 3.1232 0.0013
3.1300 3.1206 3.1232 0.0013
3.1300 3.1206 3.1232 0.0013
3.1300 3.1206 3.1232 0.0014
3.1300 3.1206 3.1232 0.0013
3.1300 3.1206 3.1232 0.0013
3.1300 3.1206 3.1232 0.0013
3.1300 3.1206 3.1232 0.0013
3.1300 3.1206 3.1232 0.0013
3.1300 3.1206 3.1232 0.0013
3.1300 3.1206 3.1232 0.0013
3.1300 3.1206 3.1232 0.0013
3.1300 3.1206 3.1232 0.0013
3.1300 3.1206 3.1232 0.0013
3.1300 3.1206 3.1232 0.0013
3.1300 3.1206 3.1232 0.0013
3.1300 3.1206 3.1232 0.0013
3.1300 3.1206 3.1232 0.0013
3.1300 3.1206 3.1232 0.0013
3.1300 3.1206 3.1232 0.0013
3.1300 3.1206 3.1233 0.0014
3.1300 3.1206 3.1233 0.0014
3.1300 3.1206 3.1233 0.0014
3.1300 3.1206 3.1233 0.0014
3.1300 3.1206 3.1233 0.0014
3.1300 3.1206 3.1233 0.0014
3.1300 3.1206 3.1233 0.0014
3.1300 3.1206 3.1233 0.0014
3.1300 3.1206 3.1233 0.0014
3.1300 3.1206 3.1233 0.0014
3.1300 3.1206 3.1233 0.0014
3.1300 3.1206 3.1233 0.0014
3.1300 3.1206 3.1233 0.0014
3.1300 3.1206 3.1233 0.0014
3.1300 3.1206 3.1233 0.0014
3.1300 3.1206 3.1233 0.0014
3.1300 3.1206 3.1233 0.0014
3.1300 3.1206 3.1233 0.0014
3.1300 3.1206 3.1233 0.0014
3.1300 3.1206 3.1233 0.0014
3.1300 3.1206 3.1233 0.0014
3.1300 3.1206 3.1233 0.0014
3.1300 3.1206 3.1233 0.0014
3.1300 3.1206 3.1233 0.0014
3.1300 3.1206 3.1233 0.0014
3.1300 3.1206 3.1233 0.0014
3.1300 3.1206 3.1233 0.0013
3.1300 3.1206 3.1234 0.0015
3.1300 3.1206 3.1234 0.0015
3.1300 3.1206 3.1234 0.0015
3.1300 3.1206 3.1234 0.0015
3.1300 3.1206 3.1234 0.0015
3.1300 3.1206 3.1234 0.0015
3.1300 3.1206 3.1234 0.0015
3.1300 3.1206 3.1234 0.0015
3.1300 3.1206 3.1234 0.0015
3.1300 3.1206 3.1234 0.0015
3.1300 3.1206 3.1234 0.0015
3.1300 3.1206 3.1234 0.0015
3.1300 3.1206 3.1234 0.0015
3.1300 3.1206 3.1235 0.0016
3.1300 3.1206 3.1235 0.0016
3.1300 3.1206 3.1235 0.0016
3.1300 3.1206 3.1235 0.0016
3.1300 3.1206 3.1235 0.0016
3.1300 3.1206 3.1235 0.0016
3.1300 3.1206 3.1235 0.0016
3.1300 3.1206 3.1235 0.0016
3.1300 3.1206 3.1235 0.0016
3.1300 3.1206 3.1235 0.0016
3.1300 3.1206 3.1235 0.0016
3.1300 3.1206 3.1235 0.0016
3.1300 3.1206 3.1235 0.0016
3.1300 3.1206 3.1235 0.0016
3.1300 3.1206 3.1235 0.0016
3.1300 3.1206 3.1236 0.0016
3.1300 3.1206 3.1236 0.0016
3.1300 3.1206 3.1236 0.0016
3.1300 3.1206 3.1236 0.0016
3.1300 3.1206 3.1236 0.0016
3.1300 3.1206 3.1236 0.0016
3.1300 3.1206 3.1236 0.0016
3.1300 3.1206 3.1236 0.0016
3.1300 3.1206 3.1236 0.0016
3.1300 3.1206 3.1236 0.0017
3.1300 3.1206 3.1236 0.0017
3.1300 3.1206 3.1236 0.0017
3.1300 3.1206 3.1236 0.0017
3.1300 3.1206 3.1236 0.0017
3.1300 3.1206 3.1236 0.0017
3.1300 3.1206 3.1236 0.0017
3.1300 3.1206 3.1236 0.0017
3.1300 3.1206 3.1236 0.0017
3.1300 3.1206 3.1236 0.0017
3.1300 3.1206 3.1237 0.0017
3.1300 3.1206 3.1237 0.0017
3.1300 3.1206 3.1237 0.0017
3.1300 3.1206 3.1237 0.0017
3.1300 3.1206 3.1237 0.0017
3.1300 3.1206 3.1237 0.0017
3.1300 3.1206 3.1237 0.0017
3.1300 3.1206 3.1237 0.0017
3.1300 3.1206 3.1237 0.0017
3.1300 3.1206 3.1237 0.0018
3.1300 3.1206 3.1237 0.0018
3.1300 3.1206 3.1237 0.0018
3.1300 3.1206 3.1237 0.0018
3.1300 3.1206 3.1237 0.0018
3.1300 3.1206 3.1237 0.0018
3.1300 3.1206 3.1237 0.0018
3.1300 3.1206 3.1237 0.0018
3.1300 3.1206 3.1237 0.0018
3.1300 3.1206 3.1237 0.0018
3.1300 3.1206 3.1237 0.0018
3.1300 3.1206 3.1237 0.0018
3.1300 3.1206 3.1237 0.0018
3.1300 3.1206 3.1237 0.0018
3.1300 3.1206 3.1237 0.0018
3.1300 3.1206 3.1237 0.0018
3.1300 3.1206 3.1237 0.0018
3.1300 3.1206 3.1238 0.0019
3.1300 3.1206 3.1238 0.0019
3.1300 3.1206 3.1238 0.0019
3.1300 3.1206 3.1238 0.0019
3.1300 3.1206 3.1238 0.0019
3.1300 3.1206 3.1238 0.0019
3.1300 3.1206 3.1238 0.0019
3.1300 3.1206 3.1238 0.0019
3.1300 3.1206 3.1238 0.0019
3.1300 3.1206 3.1238 0.0019
3.1300 3.1206 3.1238 0.0019
3.1300 3.1206 3.1238 0.0019
3.1300 3.1206 3.1238 0.0019
3.1300 3.1206 3.1238 0.0019
3.1300 3.1206 3.1238 0.0019
3.1300 3.1206 3.1238 0.0019
3.1300 3.1206 3.1239 0.0019
3.1300 3.1206 3.1239 0.0019
3.1300 3.1206 3.1239 0.0019
3.1300 3.1206 3.1239 0.0019
3.1300 3.1206 3.1239 0.0019
3.1300 3.1206 3.1239 0.0019
3.1300 3.1206 3.1239 0.0019
3.1300 3.1206 3.1239 0.0019
3.1300 3.1206 3.1239 0.0019
3.1300 3.1206 3.1239 0.0019
3.1300 3.1206 3.1239 0.0019
3.1300 3.1206 3.1239 0.0019
3.1300 3.1206 3.1239 0.0019
3.1300 3.1206 3.1239 0.0019
3.1300 3.1206 3.1239 0.0019
3.1300 3.1206 3.1239 0.0019
3.1300 3.1206 3.1239 0.0019
3.1300 3.1206 3.1239 0.0019
3.1300 3.1206 3.1239 0.0019
3.1300 3.1206 3.1239 0.0019
3.1300 3.1206 3.1240 0.0019
3.1300 3.1206 3.1240 0.0019
3.1300 3.1206 3.1240 0.0019
3.1300 3.1206 3.1240 0.0019
3.1300 3.1206 3.1240 0.0019
3.1300 3.1206 3.1240 0.0019
3.1300 3.1206 3.1240 0.0019
3.1300 3.1206 3.1240 0.0020
3.1300 3.1206 3.1240 0.0020
3.1300 3.1206 3.1240 0.0020
3.1300 3.1214 3.1241 0.0020
3.1300 3.1214 3.1241 0.0020
3.1300 3.1214 3.1241 0.0020
3.1300 3.1214 3.1241 0.0020
3.1300 3.1214 3.1241 0.0020
3.1300 3.1214 3.1241 0.0020
3.1300 3.1214 3.1241 0.0020
3.1300 3.1214 3.1241 0.0020
3.1300 3.1214 3.1241 0.0020
3.1300 3.1214 3.1241 0.0020
3.1300 3.1214 3.1241 0.0020
3.1300 3.1214 3.1241 0.0020
3.1300 3.1214 3.1241 0.0020
3.1300 3.1214 3.1241 0.0020
3.1300 3.1214 3.1241 0.0020
3.1300 3.1214 3.1241 0.0020
3.1300 3.1214 3.1242 0.0021
3.1300 3.1214 3.1242 0.0021
3.1300 3.1214 3.1242 0.0021
3.1300 3.1214 3.1242 0.0021
3.1300 3.1214 3.1242 0.0021
3.1300 3.1214 3.1242 0.0021
3.1300 3.1214 3.1242 0.0021
3.1300 3.1214 3.1242 0.0021
3.1300 3.1214 3.1242 0.0021
3.1300 3.1214 3.1242 0.0021
3.1300 3.1214 3.1242 0.0021
3.1300 3.1214 3.1242 0.0021
3.1300 3.1214 3.1242 0.0021
3.1300 3.1214 3.1242 0.0021
3.1300 3.1214 3.1242 0.0021
3.1300 3.1214 3.1242 0.0021
3.1300 3.1214 3.1242 0.0021
3.1300 3.1214 3.1242 0.0021
3.1300 3.1214 3.1242 0.0021
3.1300 3.1214 3.1242 0.0021
3.1300 3.1214 3.1242 0.0021
3.1300 3.1214 3.1242 0.0021
3.1300 3.1214 3.1242 0.0021
3.1300 3.1214 3.1242 0.0021
3.1300 3.1214 3.1242 0.0021
3.1300 3.1214 3.1242 0.0021
3.1300 3.1214 3.1242 0.0021
3.1300 3.1214 3.1243 0.0022
3.1300 3.1214 3.1243 0.0022
3.1300 3.1214 3.1243 0.0022
3.1300 3.1214 3.1243 0.0022
3.1300 3.1214 3.1243 0.0022
3.1300 3.1214 3.1243 0.0022
3.1300 3.1214 3.1243 0.0022
3.1300 3.1214 3.1243 0.0022
3.1300 3.1214 3.1243 0.0022
3.1300 3.1214 3.1243 0.0022
3.1300 3.1214 3.1243 0.0022
3.1300 3.1214 3.1243 0.0022
3.1300 3.1214 3.1243 0.0022
3.1300 3.1214 3.1243 0.0022
3.1300 3.1214 3.1243 0.0022
3.1300 3.1214 3.1243 0.0022
3.1300 3.1214 3.1244 0.0022
3.1300 3.1214 3.1244 0.0022
3.1300 3.1214 3.1244 0.0022
3.1300 3.1214 3.1244 0.0022
3.1300 3.1214 3.1244 0.0022
3.1300 3.1214 3.1244 0.0022
3.1300 3.1214 3.1244 0.0022
3.1300 3.1214 3.1244 0.0022
3.1300 3.1214 3.1244 0.0022
3.1300 3.1214 3.1244 0.0022
3.1300 3.1214 3.1244 0.0022
3.1300 3.1214 3.1244 0.0023
3.1300 3.1214 3.1244 0.0023
3.1300 3.1214 3.1244 0.0023
3.1300 3.1214 3.1244 0.0023
3.1300 3.1214 3.1244 0.0023
3.1300 3.1214 3.1244 0.0023
3.1300 3.1214 3.1244 0.0023
3.1300 3.1214 3.1244 0.0023
3.1300 3.1214 3.1245 0.0023
3.1300 3.1214 3.1245 0.0023
3.1300 3.1214 3.1245 0.0023
3.1300 3.1214 3.1245 0.0023
3.1300 3.1214 3.1245 0.0023
3.1300 3.1214 3.1245 0.0023
3.1300 3.1214 3.1245 0.0023
3.1300 3.1214 3.1245 0.0023
3.1300 3.1214 3.1245 0.0023
3.1300 3.1214 3.1245 0.0023
3.1300 3.1214 3.1245 0.0023
3.1300 3.1214 3.1245 0.0023
3.1300 3.1214 3.1245 0.0023
3.1300 3.1214 3.1245 0.0023
3.1300 3.1214 3.1245 0.0023
3.1300 3.1214 3.1245 0.0023
3.1300 3.1214 3.1245 0.0023
3.1300 3.1214 3.1245 0.0022
3.1300 3.1214 3.1245 0.0022
3.1300 3.1214 3.1246 0.0022
3.1300 3.1214 3.1246 0.0022
3.1300 3.1214 3.1246 0.0022
3.1300 3.1214 3.1246 0.0022
3.1300 3.1214 3.1246 0.0022
3.1300 3.1214 3.1246 0.0022
3.1300 3.1214 3.1246 0.0022
3.1300 3.1214 3.1246 0.0023
3.1300 3.1214 3.1247 0.0023
3.1300 3.1214 3.1247 0.0023
3.1300 3.1214 3.1247 0.0023
3.1300 3.1214 3.1247 0.0023
3.1300 3.1214 3.1247 0.0023
3.1300 3.1214 3.1247 0.0023
3.1300 3.1214 3.1247 0.0023
3.1300 3.1214 3.1247 0.0023
3.1300 3.1214 3.1247 0.0023
3.1300 3.1214 3.1247 0.0023
3.1300 3.1214 3.1247 0.0023
3.1300 3.1214 3.1247 0.0023
3.1300 3.1214 3.1248 0.0023
3.1300 3.1214 3.1248 0.0023
3.1300 3.1214 3.1248 0.0023
3.1300 3.1214 3.1248 0.0023
3.1300 3.1214 3.1248 0.0023
3.1300 3.1214 3.1248 0.0023
3.1300 3.1214 3.1248 0.0023
3.1300 3.1214 3.1248 0.0023
3.1300 3.1214 3.1248 0.0023
3.1300 3.1214 3.1248 0.0023
3.1300 3.1214 3.1248 0.0023
3.1300 3.1214 3.1248 0.0023
3.1300 3.1214 3.1248 0.0023
3.1300 3.1214 3.1249 0.0022
3.1300 3.1214 3.1249 0.0022
3.1300 3.1214 3.1249 0.0022
3.1300 3.1214 3.1249 0.0022
3.1300 3.1214 3.1249 0.0022
3.1300 3.1214 3.1249 0.0022
3.1300 3.1214 3.1249 0.0022
3.1300 3.1214 3.1249 0.0022
3.1300 3.1214 3.1249 0.0022
3.1300 3.1214 3.1249 0.0022
3.1300 3.1214 3.1249 0.0022
3.1300 3.1214 3.1249 0.0022
3.1300 3.1214 3.1249 0.0022
3.1300 3.1214 3.1249 0.0022
3.1300 3.1214 3.1249 0.0022
3.1300 3.1214 3.1249 0.0022
3.1300 3.1214 3.1249 0.0022
3.1300 3.1214 3.1249 0.0022
3.1300 3.1214 3.1249 0.0022
3.1300 3.1214 3.1249 0.0022
3.1300 3.1214 3.1249 0.0022
3.1300 3.1214 3.1249 0.0022
3.1300 3.1214 3.1249 0.0022
3.1300 3.1214 3.1249 0.0022
3.1300 3.1214 3.1249 0.0022
3.1300 3.1214 3.1249 0.0022
3.1300 3.1214 3.1249 0.0022
3.1300 3.1214 3.1249 0.0022
3.1300 3.1214 3.1249 0.0022
3.1300 3.1214 3.1249 0.0022
3.1300 3.1214 3.1250 0.0023
3.1300 3.1214 3.1250 0.0023
3.1300 3.1214 3.1250 0.0023
3.1300 3.1214 3.1250 0.0023
3.1300 3.1214 3.1250 0.0023
3.1300 3.1214 3.1250 0.0023
3.1300 3.1214 3.1250 0.0023
3.1300 3.1214 3.1250 0.0023
3.1300 3.1214 3.1250 0.0023
3.1300 3.1214 3.1251 0.0023
3.1300 3.1214 3.1251 0.0023
3.1300 3.1214 3.1251 0.0024
3.1300 3.1214 3.1251 0.0024
3.1300 3.1214 3.1251 0.0024
3.1300 3.1214 3.1251 0.0024
3.1300 3.1214 3.1251 0.0024
3.1300 3.1214 3.1251 0.0024
3.1300 3.1214 3.1251 0.0024
3.1300 3.1214 3.1251 0.0024
3.1300 3.1214 3.1252 0.0024
3.1300 3.1214 3.1252 0.0024
3.1300 3.1214 3.1252 0.0024
3.1300 3.1214 3.1252 0.0024
3.1300 3.1214 3.1252 0.0024
3.1300 3.1214 3.1252 0.0024
3.1300 3.1214 3.1252 0.0024
3.1300 3.1214 3.1252 0.0024
3.1300 3.1214 3.1252 0.0024
3.1300 3.1214 3.1252 0.0024
3.1300 3.1214 3.1252 0.0024
3.1300 3.1214 3.1252 0.0024
3.1300 3.1214 3.1252 0.0024
3.1300 3.1214 3.1252 0.0024
3.1300 3.1214 3.1252 0.0024
3.1300 3.1214 3.1253 0.0024
3.1300 3.1214 3.1253 0.0024
3.1300 3.1214 3.1253 0.0024
3.1300 3.1214 3.1253 0.0024
3.1300 3.1214 3.1253 0.0024
3.1300 3.1214 3.1253 0.0024
3.1300 3.1214 3.1253 0.0024
3.1300 3.1214 3.1253 0.0024
3.1300 3.1214 3.1254 0.0024
3.1300 3.1214 3.1254 0.0024
3.1300 3.1214 3.1254 0.0024
3.1300 3.1214 3.1254 0.0024
3.1300 3.1214 3.1254 0.0024
3.1300 3.1214 3.1254 0.0024
3.1300 3.1214 3.1254 0.0024
3.1300 3.1214 3.1254 0.0024
3.1300 3.1214 3.1254 0.0024
3.1300 3.1214 3.1254 0.0024
3.1300 3.1214 3.1254 0.0024
3.1300 3.1214 3.1254 0.0024
3.1300 3.1214 3.1254 0.0024
3.1300 3.1214 3.1254 0.0024
3.1300 3.1214 3.1254 0.0024
3.1300 3.1214 3.1255 0.0025
3.1300 3.1214 3.1255 0.0025
3.1300 3.1214 3.1255 0.0025
3.1300 3.1214 3.1255 0.0024
3.1300 3.1214 3.1255 0.0024
3.1300 3.1214 3.1255 0.0024
3.1300 3.1214 3.1255 0.0024
3.1300 3.1214 3.1255 0.0024
3.1300 3.1214 3.1255 0.0024
3.1300 3.1214 3.1255 0.0024
3.1300 3.1214 3.1255 0.0024
3.1300 3.1214 3.1255 0.0024
3.1300 3.1214 3.1255 0.0024
3.1300 3.1214 3.1255 0.0024
3.1300 3.1214 3.1255 0.0024
3.1300 3.1214 3.1255 0.0024
3.1300 3.1214 3.1255 0.0024
3.1300 3.1214 3.1255 0.0024
3.1300 3.1214 3.1255 0.0024
3.1300 3.1214 3.1255 0.0024
3.1300 3.1214 3.1255 0.0024
3.1300 3.1214 3.1255 0.0024
3.1300 3.1214 3.1256 0.0024
3.1300 3.1214 3.1256 0.0024
3.1300 3.1214 3.1256 0.0024
3.1300 3.1214 3.1256 0.0024
3.1300 3.1214 3.1256 0.0024
3.1300 3.1214 3.1256 0.0024
3.1300 3.1214 3.1256 0.0024
3.1300 3.1214 3.1256 0.0024
3.1300 3.1214 3.1256 0.0024
3.1300 3.1214 3.1256 0.0024
3.1300 3.1214 3.1256 0.0024
3.1300 3.1214 3.1256 0.0024
3.1300 3.1214 3.1256 0.0024
3.1300 3.1214 3.1257 0.0024
3.1300 3.1214 3.1257 0.0024
3.1300 3.1214 3.1257 0.0024
3.1300 3.1214 3.1257 0.0024
3.1300 3.1214 3.1257 0.0024
3.1300 3.1214 3.1257 0.0024
3.1300 3.1214 3.1257 0.0024
3.1300 3.1214 3.1257 0.0024
3.1300 3.1214 3.1257 0.0024
3.1300 3.1214 3.1257 0.0024
3.1300 3.1214 3.1257 0.0024
3.1300 3.1214 3.1257 0.0024
3.1300 3.1214 3.1257 0.0024
3.1300 3.1214 3.1257 0.0024
3.1300 3.1214 3.1257 0.0024
3.1300 3.1214 3.1257 0.0024
3.1300 3.1214 3.1257 0.0024
3.1300 3.1214 3.1257 0.0024
3.1300 3.1214 3.1257 0.0024
3.1300 3.1214 3.1257 0.0024
3.1300 3.1214 3.1258 0.0024
3.1300 3.1214 3.1258 0.0024
3.1300 3.1214 3.1258 0.0024
3.1300 3.1214 3.1258 0.0024
3.1300 3.1214 3.1258 0.0024
3.1300 3.1214 3.1258 0.0024
3.1300 3.1214 3.1258 0.0024
3.1300 3.1214 3.1258 0.0024
3.1300 3.1214 3.1258 0.0024
3.1300 3.1214 3.1258 0.0024
